date,close,volume,inst_net_buy,foreign_net_buy,foreign_net_buy_norm,inst_net_buy_norm,foreign_ratio_feat,short_proxy_score,source,foreign_ratio,personal_net_buy,inst_net_value,foreign_net_value
2016-06-09,9822.0,57910.0,0.0,0.0,0.0,0.0,,0.0,ohlcv_proxy,,,,
2016-06-10,9846.0,36400.0,0.0,0.0,0.0,0.0,,0.0,ohlcv_proxy,,,,
2016-06-13,9371.0,69922.0,0.0,0.0,-0.0,0.0,,0.0,ohlcv_proxy,,,,
2016-06-14,9205.0,38437.0,0.0,0.0,-1e-06,0.0,,0.0,ohlcv_proxy,,,,
2016-06-15,9348.0,25994.0,0.0,0.0,-0.0,0.0,,0.0,ohlcv_proxy,,,,
2016-06-16,9134.0,32256.0,0.0,0.0,-1e-06,0.0,,0.0,ohlcv_proxy,,,,
2016-06-17,9205.0,23196.0,0.0,0.0,-0.0,0.0,,0.0,ohlcv_proxy,,,,
2016-06-20,9490.0,40999.0,0.0,0.0,-0.0,0.0,,0.0,ohlcv_proxy,,,,
2016-06-21,9514.0,46480.0,0.0,0.0,0.0,0.0,,0.0,ohlcv_proxy,,,,
2016-06-22,9822.0,73783.0,0.0,0.0,0.0,0.0,,0.0,ohlcv_proxy,,,,
2016-06-23,9537.0,31276.0,0.0,0.0,0.0,0.0,-0.005294,0.0,ohlcv_proxy,,,,
2016-06-24,8873.0,159970.0,0.0,0.0,-1e-06,-0.1,-0.029032,0.1,ohlcv_proxy,,,,
2016-06-27,8920.0,66113.0,0.0,0.0,-1e-06,-0.1,-0.037055,0.1,ohlcv_proxy,,,,
2016-06-28,8968.0,27214.0,0.0,0.0,-1e-06,-0.1,-0.03958,0.1,ohlcv_proxy,,,,
2016-06-29,9158.0,33229.0,0.0,0.0,-0.0,-0.1,-0.053613,0.1,ohlcv_proxy,,,,
2016-06-30,9086.0,26075.0,0.0,0.0,-0.0,-0.1,-0.053884,0.1,ohlcv_proxy,,,,
2016-07-01,9158.0,30311.0,0.0,0.0,-0.0,-0.1,-0.04034,0.1,ohlcv_proxy,,,,
2016-07-04,9110.0,22864.0,0.0,0.0,-0.0,-0.1,-0.031373,0.1,ohlcv_proxy,,,,
2016-07-05,9964.0,531949.0,0.0,0.0,1e-06,0.0,0.025069,0.1,ohlcv_proxy,,,,
2016-07-06,9727.0,139654.0,0.0,0.0,0.0,-0.1,0.02787,0.1,ohlcv_proxy,,,,
2016-07-07,10130.0,129559.0,0.0,0.0,1e-06,0.0,0.031022,0.1,ohlcv_proxy,,,,
2016-07-08,10154.0,65749.0,0.0,0.0,1e-06,0.1,0.033784,0.0,ohlcv_proxy,,,,
2016-07-11,10249.0,183378.0,0.0,0.0,1e-06,0.2,0.032962,0.0,ohlcv_proxy,,,,
2016-07-12,10557.0,93780.0,0.0,0.0,1e-06,0.2,0.040076,0.0,ohlcv_proxy,,,,
2016-07-13,10557.0,77757.0,0.0,0.0,1e-06,0.2,0.052587,0.0,ohlcv_proxy,,,,
2016-07-14,10605.0,58088.0,0.0,0.0,1e-06,0.2,0.057179,0.0,ohlcv_proxy,,,,
2016-07-15,10439.0,79376.0,0.0,0.0,1e-06,0.2,0.057657,0.0,ohlcv_proxy,,,,
2016-07-18,10297.0,46475.0,0.0,0.0,0.0,0.2,0.063332,0.0,ohlcv_proxy,,,,
2016-07-19,9988.0,86435.0,0.0,0.0,0.0,0.1,0.047493,0.0,ohlcv_proxy,,,,
2016-07-20,10795.0,174247.0,0.0,0.0,1e-06,0.3,0.052817,0.0,ohlcv_proxy,,,,
2016-07-21,11056.0,267312.0,0.0,0.0,1e-06,0.3,0.060708,0.0,ohlcv_proxy,,,,
2016-07-22,11720.0,174316.0,0.0,0.0,1e-06,0.4,0.06494,0.0,ohlcv_proxy,,,,
2016-07-25,11506.0,97040.0,0.0,0.0,1e-06,0.3,0.06582,0.0,ohlcv_proxy,,,,
2016-07-26,12218.0,189760.0,0.0,0.0,1e-06,0.4,0.082892,0.0,ohlcv_proxy,,,,
2016-07-27,12005.0,157941.0,0.0,0.0,1e-06,0.4,0.093566,0.0,ohlcv_proxy,,,,
2016-07-28,12147.0,82757.0,0.0,0.0,1e-06,0.4,0.114,0.0,ohlcv_proxy,,,,
2016-07-29,11506.0,202242.0,0.0,0.0,1e-06,0.4,0.100265,0.0,ohlcv_proxy,,,,
2016-08-01,11815.0,424157.0,0.0,0.0,1e-06,0.5,0.086655,0.0,ohlcv_proxy,,,,
2016-08-02,12384.0,369093.0,0.0,0.0,1e-06,0.6,0.062669,0.0,ohlcv_proxy,,,,
2016-08-03,12384.0,110636.0,0.0,0.0,1e-06,0.5,0.05538,0.0,ohlcv_proxy,,,,
2016-08-04,12289.0,68388.0,0.0,0.0,1e-06,0.4,0.049093,0.0,ohlcv_proxy,,,,
2016-08-05,12432.0,156426.0,0.0,0.0,1e-06,0.3,0.05505,0.0,ohlcv_proxy,,,,
2016-08-08,13001.0,258048.0,0.0,0.0,1e-06,0.4,0.069994,0.0,ohlcv_proxy,,,,
2016-08-09,12811.0,112505.0,0.0,0.0,1e-06,0.3,0.074309,0.0,ohlcv_proxy,,,,
2016-08-10,12218.0,203110.0,0.0,0.0,0.0,0.3,0.062915,0.0,ohlcv_proxy,,,,
2016-08-11,12479.0,116732.0,0.0,0.0,1e-06,0.3,0.059767,0.0,ohlcv_proxy,,,,
2016-08-12,12194.0,77523.0,0.0,0.0,0.0,0.3,0.055646,0.0,ohlcv_proxy,,,,
2016-08-16,12266.0,47968.0,0.0,0.0,0.0,0.2,0.035508,0.0,ohlcv_proxy,,,,
2016-08-17,12479.0,141028.0,0.0,0.0,0.0,0.1,0.024468,0.0,ohlcv_proxy,,,,
2016-08-18,12859.0,306651.0,0.0,0.0,1e-06,0.2,0.035394,0.0,ohlcv_proxy,,,,
2016-08-19,12883.0,115000.0,0.0,0.0,1e-06,0.2,0.03153,0.0,ohlcv_proxy,,,,
2016-08-22,12811.0,138506.0,0.0,0.0,0.0,0.2,0.033402,0.0,ohlcv_proxy,,,,
2016-08-23,12503.0,60921.0,0.0,0.0,0.0,0.1,0.032009,0.0,ohlcv_proxy,,,,
2016-08-24,12740.0,49112.0,0.0,0.0,0.0,0.1,0.035428,0.0,ohlcv_proxy,,,,
2016-08-25,12574.0,31588.0,0.0,0.0,0.0,0.1,0.029201,0.0,ohlcv_proxy,,,,
2016-08-26,11791.0,197627.0,0.0,0.0,-0.0,0.1,-0.002987,0.0,ohlcv_proxy,,,,
2016-08-29,11957.0,79705.0,0.0,0.0,-0.0,0.1,-0.025253,0.0,ohlcv_proxy,,,,
2016-08-30,12029.0,61361.0,0.0,0.0,-0.0,0.1,-0.037378,0.0,ohlcv_proxy,,,,
2016-08-31,11578.0,92459.0,0.0,0.0,-0.0,0.1,-0.04924,0.0,ohlcv_proxy,,,,
2016-09-01,11910.0,56210.0,0.0,0.0,-0.0,0.0,-0.051802,0.0,ohlcv_proxy,,,,
2016-09-02,12147.0,53147.0,0.0,0.0,0.0,0.0,-0.046191,0.0,ohlcv_proxy,,,,
2016-09-05,11981.0,50309.0,0.0,0.0,-0.0,0.0,-0.045738,0.0,ohlcv_proxy,,,,
2016-09-06,11838.0,36960.0,0.0,0.0,-0.0,0.0,-0.042471,0.0,ohlcv_proxy,,,,
2016-09-07,11459.0,85063.0,0.0,0.0,-0.0,0.0,-0.039875,0.0,ohlcv_proxy,,,,
2016-09-08,11625.0,72053.0,0.0,0.0,-0.0,0.0,-0.04384,0.0,ohlcv_proxy,,,,
2016-09-09,11293.0,42584.0,0.0,0.0,-0.0,0.0,-0.052565,0.0,ohlcv_proxy,,,,
2016-09-12,11174.0,43795.0,0.0,0.0,-1e-06,0.0,-0.061692,0.0,ohlcv_proxy,,,,
2016-09-13,11103.0,40555.0,0.0,0.0,-1e-06,0.0,-0.067842,0.0,ohlcv_proxy,,,,
2016-09-19,11412.0,25612.0,0.0,0.0,-0.0,0.0,-0.06724,0.0,ohlcv_proxy,,,,
2016-09-20,11246.0,28189.0,0.0,0.0,-0.0,0.0,-0.064125,0.0,ohlcv_proxy,,,,
2016-09-21,11293.0,17655.0,0.0,0.0,-0.0,0.0,-0.057869,0.0,ohlcv_proxy,,,,
2016-09-22,11174.0,38769.0,0.0,0.0,-0.0,0.0,-0.047199,0.0,ohlcv_proxy,,,,
2016-09-23,11317.0,21634.0,0.0,0.0,-0.0,0.0,-0.038832,0.0,ohlcv_proxy,,,,
2016-09-26,11246.0,62022.0,0.0,0.0,-0.0,0.0,-0.035766,0.0,ohlcv_proxy,,,,
2016-09-27,11317.0,44795.0,0.0,0.0,-0.0,0.0,-0.031076,0.0,ohlcv_proxy,,,,
2016-09-28,11364.0,46961.0,0.0,0.0,-0.0,0.0,-0.025543,0.0,ohlcv_proxy,,,,
2016-09-29,11554.0,43759.0,0.0,0.0,0.0,0.0,-0.016439,0.0,ohlcv_proxy,,,,
2016-09-30,11696.0,122853.0,0.0,0.0,0.0,0.1,-0.003938,0.0,ohlcv_proxy,,,,
2016-10-04,11767.0,96735.0,0.0,0.0,0.0,0.2,0.004755,0.0,ohlcv_proxy,,,,
2016-10-05,11530.0,33251.0,0.0,0.0,-0.0,0.2,0.009193,0.0,ohlcv_proxy,,,,
2016-10-06,11412.0,29278.0,0.0,0.0,-0.0,0.2,0.014091,0.0,ohlcv_proxy,,,,
2016-10-07,11246.0,32825.0,0.0,0.0,-0.0,0.2,0.01459,0.0,ohlcv_proxy,,,,
2016-10-10,11388.0,18447.0,0.0,0.0,-0.0,0.2,0.010674,0.0,ohlcv_proxy,,,,
2016-10-11,11222.0,46122.0,0.0,0.0,-0.0,0.2,-0.007525,0.0,ohlcv_proxy,,,,
2016-10-12,11246.0,23047.0,0.0,0.0,-0.0,0.2,-0.010614,0.0,ohlcv_proxy,,,,
2016-10-13,11127.0,14885.0,0.0,0.0,-0.0,0.2,-0.014591,0.0,ohlcv_proxy,,,,
2016-10-14,11151.0,27883.0,0.0,0.0,-0.0,0.2,-0.016708,0.0,ohlcv_proxy,,,,
2016-10-17,11008.0,25879.0,0.0,0.0,-0.0,0.1,-0.022409,0.0,ohlcv_proxy,,,,
2016-10-18,11317.0,25863.0,0.0,0.0,-0.0,0.0,-0.021233,0.0,ohlcv_proxy,,,,
2016-10-19,11672.0,59917.0,0.0,0.0,0.0,0.0,-0.007306,0.0,ohlcv_proxy,,,,
2016-10-20,11862.0,87023.0,0.0,0.0,0.0,0.1,0.007187,0.0,ohlcv_proxy,,,,
2016-10-21,11554.0,106476.0,0.0,0.0,0.0,0.0,0.008383,0.1,ohlcv_proxy,,,,
2016-10-24,12147.0,112132.0,0.0,0.0,0.0,0.1,0.019059,0.1,ohlcv_proxy,,,,
2016-10-25,12005.0,58305.0,0.0,0.0,0.0,0.1,0.020282,0.1,ohlcv_proxy,,,,
2016-10-26,11672.0,77325.0,0.0,0.0,0.0,0.1,0.018245,0.1,ohlcv_proxy,,,,
2016-10-27,11910.0,76132.0,0.0,0.0,0.0,0.1,0.016305,0.1,ohlcv_proxy,,,,
2016-10-28,12266.0,109396.0,0.0,0.0,0.0,0.2,0.02629,0.1,ohlcv_proxy,,,,
2016-10-31,11743.0,105669.0,0.0,0.0,0.0,0.1,0.017205,0.1,ohlcv_proxy,,,,
2016-11-01,11672.0,46934.0,0.0,0.0,0.0,0.1,0.014317,0.1,ohlcv_proxy,,,,
2016-11-02,10866.0,100912.0,0.0,0.0,-1e-06,0.0,0.003296,0.1,ohlcv_proxy,,,,
2016-11-03,10984.0,61925.0,0.0,0.0,-0.0,-0.1,-0.006496,0.1,ohlcv_proxy,,,,
2016-11-04,10913.0,29014.0,0.0,0.0,-0.0,0.0,-0.030088,0.0,ohlcv_proxy,,,,
2016-11-07,11649.0,182293.0,0.0,0.0,0.0,0.0,-0.026768,0.0,ohlcv_proxy,,,,
2016-11-08,11578.0,86387.0,0.0,0.0,0.0,0.0,-0.026512,0.0,ohlcv_proxy,,,,
2016-11-09,9466.0,412256.0,0.0,0.0,-2e-06,-0.1,-0.067496,0.1,ohlcv_proxy,,,,
2016-11-10,9134.0,190826.0,0.0,0.0,-2e-06,-0.2,-0.079092,0.1,ohlcv_proxy,,,,
2016-11-11,8826.0,159329.0,0.0,0.0,-2e-06,-0.4,-0.085396,0.1,ohlcv_proxy,,,,
2016-11-14,8541.0,171997.0,0.0,0.0,-2e-06,-0.4,-0.121455,0.1,ohlcv_proxy,,,,
2016-11-15,8398.0,95011.0,0.0,0.0,-2e-06,-0.4,-0.139359,0.1,ohlcv_proxy,,,,
2016-11-16,8565.0,73745.0,0.0,0.0,-2e-06,-0.3,-0.160513,0.1,ohlcv_proxy,,,,
2016-11-17,8683.0,67753.0,0.0,0.0,-2e-06,-0.3,-0.165212,0.1,ohlcv_proxy,,,,
2016-11-18,8494.0,41012.0,0.0,0.0,-2e-06,-0.3,-0.1661,0.1,ohlcv_proxy,,,,
2016-11-21,8280.0,52906.0,0.0,0.0,-2e-06,-0.4,-0.158614,0.1,ohlcv_proxy,,,,
2016-11-22,8232.0,61197.0,0.0,0.0,-2e-06,-0.4,-0.152407,0.1,ohlcv_proxy,,,,
2016-11-23,8019.0,77347.0,0.0,0.0,-2e-06,-0.3,-0.155522,0.0,ohlcv_proxy,,,,
2016-11-24,7900.0,68194.0,0.0,0.0,-2e-06,-0.2,-0.162262,0.0,ohlcv_proxy,,,,
2016-11-25,7900.0,43240.0,0.0,0.0,-2e-06,-0.1,-0.156163,0.0,ohlcv_proxy,,,,
2016-11-28,7758.0,24948.0,0.0,0.0,-2e-06,0.0,-0.151451,0.0,ohlcv_proxy,,,,
2016-11-29,7473.0,64033.0,0.0,0.0,-2e-06,0.0,-0.159813,0.0,ohlcv_proxy,,,,
2016-11-30,7568.0,37122.0,0.0,0.0,-2e-06,0.0,-0.160981,0.0,ohlcv_proxy,,,,
2016-12-01,7640.0,41183.0,0.0,0.0,-1e-06,0.0,-0.160997,0.0,ohlcv_proxy,,,,
2016-12-02,7544.0,24258.0,0.0,0.0,-1e-06,0.0,-0.164539,0.0,ohlcv_proxy,,,,
2016-12-05,7307.0,35431.0,0.0,0.0,-2e-06,0.0,-0.144681,0.0,ohlcv_proxy,,,,
2016-12-06,7544.0,23100.0,0.0,0.0,-1e-06,0.0,-0.12737,0.0,ohlcv_proxy,,,,
2016-12-07,7592.0,38699.0,0.0,0.0,-1e-06,0.0,-0.09741,0.0,ohlcv_proxy,,,,
2016-12-08,7592.0,23477.0,0.0,0.0,-1e-06,0.0,-0.084832,0.0,ohlcv_proxy,,,,
2016-12-09,7711.0,34470.0,0.0,0.0,-1e-06,0.0,-0.067988,0.0,ohlcv_proxy,,,,
2016-12-12,7758.0,36509.0,0.0,0.0,-0.0,0.0,-0.044302,0.0,ohlcv_proxy,,,,
2016-12-13,7948.0,39547.0,0.0,0.0,-0.0,0.0,-0.028712,0.0,ohlcv_proxy,,,,
2016-12-14,7806.0,39827.0,0.0,0.0,-0.0,0.0,-0.015493,0.0,ohlcv_proxy,,,,
2016-12-15,8090.0,47730.0,0.0,0.0,0.0,0.0,0.003299,0.0,ohlcv_proxy,,,,
2016-12-16,8090.0,27096.0,0.0,0.0,0.0,0.0,0.014033,0.0,ohlcv_proxy,,,,
2016-12-19,8185.0,43371.0,0.0,0.0,0.0,0.0,0.026541,0.0,ohlcv_proxy,,,,
2016-12-20,8137.0,14678.0,0.0,0.0,0.0,0.0,0.033502,0.0,ohlcv_proxy,,,,
2016-12-21,7972.0,29280.0,0.0,0.0,-0.0,0.0,0.041643,0.0,ohlcv_proxy,,,,
2016-12-22,7829.0,32039.0,0.0,0.0,-0.0,0.0,0.03571,0.0,ohlcv_proxy,,,,
2016-12-23,8043.0,19767.0,0.0,0.0,0.0,0.0,0.034593,0.0,ohlcv_proxy,,,,
2016-12-26,8280.0,43472.0,0.0,0.0,0.0,0.0,0.034102,0.0,ohlcv_proxy,,,,
2016-12-27,8327.0,17441.0,0.0,0.0,0.0,0.0,0.031166,0.0,ohlcv_proxy,,,,
2016-12-28,8327.0,14009.0,0.0,0.0,0.0,0.0,0.034361,0.0,ohlcv_proxy,,,,
2016-12-29,8327.0,6661.0,0.0,0.0,0.0,0.0,0.04562,0.0,ohlcv_proxy,,,,
2017-01-02,8209.0,9928.0,0.0,0.0,0.0,0.0,0.048074,0.0,ohlcv_proxy,,,,
2017-01-03,8375.0,31664.0,0.0,0.0,0.0,0.0,0.044745,0.0,ohlcv_proxy,,,,
2017-01-04,8303.0,19074.0,0.0,0.0,0.0,0.0,0.04031,0.0,ohlcv_proxy,,,,
2017-01-05,8375.0,24350.0,0.0,0.0,0.0,0.0,0.036092,0.0,ohlcv_proxy,,,,
2017-01-06,8327.0,32805.0,0.0,0.0,0.0,0.0,0.03126,0.0,ohlcv_proxy,,,,
2017-01-09,8232.0,16826.0,0.0,0.0,0.0,0.0,0.027206,0.0,ohlcv_proxy,,,,
2017-01-10,8019.0,27094.0,0.0,0.0,-0.0,0.0,0.014684,0.0,ohlcv_proxy,,,,
2017-01-11,8066.0,15081.0,0.0,0.0,-0.0,0.0,0.009161,0.0,ohlcv_proxy,,,,
2017-01-12,7972.0,22102.0,0.0,0.0,-0.0,0.0,-0.00321,0.0,ohlcv_proxy,,,,
2017-01-13,7948.0,26398.0,0.0,0.0,-0.0,0.0,-0.015443,0.0,ohlcv_proxy,,,,
2017-01-16,7829.0,15685.0,0.0,0.0,-0.0,0.0,-0.022129,0.0,ohlcv_proxy,,,,
2017-01-17,7853.0,12848.0,0.0,0.0,-0.0,0.0,-0.02442,0.0,ohlcv_proxy,,,,
2017-01-18,8090.0,28559.0,0.0,0.0,0.0,0.0,-0.021272,0.0,ohlcv_proxy,,,,
2017-01-19,8375.0,53407.0,0.0,0.0,0.0,0.1,-0.006248,0.0,ohlcv_proxy,,,,
2017-01-20,8185.0,24389.0,0.0,0.0,0.0,0.1,-0.003676,0.0,ohlcv_proxy,,,,
2017-01-23,7948.0,25147.0,0.0,0.0,-0.0,0.1,-0.003012,0.0,ohlcv_proxy,,,,
2017-01-24,7734.0,31170.0,0.0,0.0,-1e-06,0.1,-0.005255,0.0,ohlcv_proxy,,,,
2017-01-25,7687.0,12217.0,0.0,0.0,-1e-06,0.1,-0.006771,0.0,ohlcv_proxy,,,,
2017-01-26,7782.0,12053.0,0.0,0.0,-0.0,0.1,-0.027774,0.0,ohlcv_proxy,,,,
2017-01-31,7806.0,10049.0,0.0,0.0,-0.0,0.1,-0.037513,0.0,ohlcv_proxy,,,,
2017-02-01,7829.0,27757.0,0.0,0.0,-0.0,0.1,-0.039176,0.0,ohlcv_proxy,,,,
2017-02-02,7806.0,21889.0,0.0,0.0,-0.0,0.1,-0.03238,0.0,ohlcv_proxy,,,,
2017-02-03,7734.0,21464.0,0.0,0.0,-0.0,0.1,-0.029305,0.0,ohlcv_proxy,,,,
2017-02-06,7711.0,10556.0,0.0,0.0,-0.0,0.0,-0.027107,0.0,ohlcv_proxy,,,,
2017-02-07,7687.0,20573.0,0.0,0.0,-0.0,0.0,-0.025034,0.0,ohlcv_proxy,,,,
2017-02-08,7663.0,8662.0,0.0,0.0,-0.0,0.0,-0.027059,0.0,ohlcv_proxy,,,,
2017-02-09,7687.0,8496.0,0.0,0.0,-0.0,0.0,-0.029446,0.0,ohlcv_proxy,,,,
2017-02-10,7853.0,27196.0,0.0,0.0,0.0,0.0,-0.022504,0.0,ohlcv_proxy,,,,
2017-02-13,7877.0,22366.0,0.0,0.0,0.0,0.0,-0.017137,0.0,ohlcv_proxy,,,,
2017-02-14,8043.0,23863.0,0.0,0.0,0.0,0.0,-0.006405,0.0,ohlcv_proxy,,,,
2017-02-15,8043.0,25340.0,0.0,0.0,0.0,0.0,-0.000564,0.0,ohlcv_proxy,,,,
2017-02-16,8161.0,25290.0,0.0,0.0,0.0,0.0,0.00549,0.0,ohlcv_proxy,,,,
2017-02-17,8019.0,36058.0,0.0,0.0,0.0,-0.1,0.010391,0.0,ohlcv_proxy,,,,
2017-02-20,7924.0,10109.0,0.0,0.0,0.0,-0.1,0.020159,0.0,ohlcv_proxy,,,,
2017-02-21,8043.0,32581.0,0.0,0.0,0.0,0.0,0.020791,0.0,ohlcv_proxy,,,,
2017-02-22,8137.0,20777.0,0.0,0.0,0.0,0.0,0.021648,0.0,ohlcv_proxy,,,,
2017-02-23,7972.0,18282.0,0.0,0.0,0.0,0.0,0.015128,0.0,ohlcv_proxy,,,,
2017-02-24,7877.0,15998.0,0.0,0.0,-0.0,0.0,0.0118,0.0,ohlcv_proxy,,,,
2017-02-27,8066.0,26619.0,0.0,0.0,0.0,0.0,0.012676,0.0,ohlcv_proxy,,,,
2017-02-28,7829.0,53640.0,0.0,0.0,-0.0,-0.1,0.003375,0.1,ohlcv_proxy,,,,
2017-03-02,7853.0,14418.0,0.0,0.0,-0.0,-0.1,-0.002258,0.1,ohlcv_proxy,,,,
2017-03-03,7687.0,31828.0,0.0,0.0,-0.0,-0.1,-0.008139,0.1,ohlcv_proxy,,,,
2017-03-06,7592.0,24113.0,0.0,0.0,-1e-06,0.0,-0.012651,0.1,ohlcv_proxy,,,,
2017-03-07,7758.0,12199.0,0.0,0.0,-0.0,0.0,-0.019702,0.1,ohlcv_proxy,,,,
2017-03-08,7806.0,10173.0,0.0,0.0,-0.0,-0.1,-0.025662,0.1,ohlcv_proxy,,,,
2017-03-09,7687.0,24725.0,0.0,0.0,-0.0,-0.1,-0.027986,0.1,ohlcv_proxy,,,,
2017-03-10,7948.0,33491.0,0.0,0.0,0.0,-0.1,-0.018251,0.1,ohlcv_proxy,,,,
2017-03-13,7924.0,22513.0,0.0,0.0,0.0,-0.1,-0.009229,0.1,ohlcv_proxy,,,,
2017-03-14,7972.0,40385.0,0.0,0.0,0.0,0.0,-0.004018,0.1,ohlcv_proxy,,,,
2017-03-15,8019.0,72921.0,0.0,0.0,0.0,0.2,0.001662,0.0,ohlcv_proxy,,,,
2017-03-16,8351.0,85077.0,0.0,0.0,1e-06,0.3,0.015091,0.0,ohlcv_proxy,,,,
2017-03-17,8469.0,52321.0,0.0,0.0,1e-06,0.4,0.022043,0.0,ohlcv_proxy,,,,
2017-03-20,8494.0,31937.0,0.0,0.0,1e-06,0.4,0.025895,0.0,ohlcv_proxy,,,,
2017-03-21,8494.0,68277.0,0.0,0.0,1e-06,0.4,0.031124,0.0,ohlcv_proxy,,,,
2017-03-22,8494.0,50188.0,0.0,0.0,1e-06,0.4,0.040531,0.0,ohlcv_proxy,,,,
2017-03-23,8446.0,15733.0,0.0,0.0,0.0,0.4,0.044265,0.0,ohlcv_proxy,,,,
2017-03-24,8327.0,29681.0,0.0,0.0,0.0,0.4,0.040265,0.0,ohlcv_proxy,,,,
2017-03-27,8588.0,34367.0,0.0,0.0,1e-06,0.4,0.038896,0.0,ohlcv_proxy,,,,
2017-03-28,8636.0,22080.0,0.0,0.0,1e-06,0.3,0.038685,0.0,ohlcv_proxy,,,,
2017-03-29,8636.0,23575.0,0.0,0.0,1e-06,0.2,0.036695,0.0,ohlcv_proxy,,,,
2017-03-30,8636.0,46747.0,0.0,0.0,0.0,0.1,0.037434,0.0,ohlcv_proxy,,,,
2017-03-31,8565.0,35022.0,0.0,0.0,0.0,0.0,0.037771,0.0,ohlcv_proxy,,,,
2017-04-03,8826.0,28093.0,0.0,0.0,1e-06,0.0,0.037674,0.0,ohlcv_proxy,,,,
2017-04-04,8920.0,26819.0,0.0,0.0,1e-06,0.0,0.039563,0.0,ohlcv_proxy,,,,
2017-04-05,8897.0,25251.0,0.0,0.0,1e-06,0.0,0.041265,0.0,ohlcv_proxy,,,,
2017-04-06,8731.0,15803.0,0.0,0.0,0.0,0.0,0.041871,0.0,ohlcv_proxy,,,,
2017-04-07,9039.0,23027.0,0.0,0.0,1e-06,0.0,0.050296,0.0,ohlcv_proxy,,,,
2017-04-10,8920.0,34359.0,0.0,0.0,0.0,0.0,0.048437,0.0,ohlcv_proxy,,,,
2017-04-11,9063.0,50130.0,0.0,0.0,1e-06,0.0,0.046332,0.0,ohlcv_proxy,,,,
2017-04-12,9015.0,20787.0,0.0,0.0,0.0,0.0,0.040247,0.0,ohlcv_proxy,,,,
2017-04-13,9134.0,19120.0,0.0,0.0,1e-06,0.0,0.039446,0.0,ohlcv_proxy,,,,
2017-04-14,9229.0,42121.0,0.0,0.0,1e-06,0.0,0.038756,0.0,ohlcv_proxy,,,,
2017-04-17,9229.0,19700.0,0.0,0.0,1e-06,0.0,0.041782,0.0,ohlcv_proxy,,,,
2017-04-18,9229.0,18119.0,0.0,0.0,1e-06,0.0,0.041255,0.0,ohlcv_proxy,,,,
2017-04-19,9252.0,26266.0,0.0,0.0,0.0,0.0,0.04025,0.0,ohlcv_proxy,,,,
2017-04-20,9324.0,10764.0,0.0,0.0,1e-06,0.0,0.040459,0.0,ohlcv_proxy,,,,
2017-04-21,9324.0,13667.0,0.0,0.0,0.0,0.0,0.0377,0.0,ohlcv_proxy,,,,
2017-04-24,9252.0,23682.0,0.0,0.0,0.0,0.0,0.033936,0.0,ohlcv_proxy,,,,
2017-04-25,9181.0,14261.0,0.0,0.0,0.0,0.0,0.030961,0.0,ohlcv_proxy,,,,
2017-04-26,9300.0,18664.0,0.0,0.0,0.0,0.0,0.029128,0.0,ohlcv_proxy,,,,
2017-04-27,9229.0,10529.0,0.0,0.0,0.0,0.0,0.023021,0.0,ohlcv_proxy,,,,
2017-04-28,9205.0,6765.0,0.0,0.0,0.0,0.0,0.016622,0.0,ohlcv_proxy,,,,
2017-05-02,9205.0,8346.0,0.0,0.0,0.0,0.0,0.013432,0.0,ohlcv_proxy,,,,
2017-05-04,9300.0,11399.0,0.0,0.0,0.0,0.0,0.014438,0.0,ohlcv_proxy,,,,
2017-05-08,9561.0,29287.0,0.0,0.0,1e-06,0.0,0.022774,0.0,ohlcv_proxy,,,,
2017-05-10,10012.0,55404.0,0.0,0.0,1e-06,0.1,0.045212,0.0,ohlcv_proxy,,,,
2017-05-11,10012.0,18685.0,0.0,0.0,1e-06,0.1,0.048315,0.0,ohlcv_proxy,,,,
2017-05-12,9964.0,12300.0,0.0,0.0,1e-06,0.1,0.04852,0.0,ohlcv_proxy,,,,
2017-05-15,10297.0,28830.0,0.0,0.0,1e-06,0.1,0.051155,0.0,ohlcv_proxy,,,,
2017-05-16,10652.0,285585.0,0.0,0.0,1e-06,0.2,0.049105,0.0,ohlcv_proxy,,,,
2017-05-17,10581.0,61379.0,0.0,0.0,1e-06,0.1,0.049314,0.0,ohlcv_proxy,,,,
2017-05-18,11127.0,104087.0,0.0,0.0,1e-06,0.2,0.043795,0.0,ohlcv_proxy,,,,
2017-05-19,11388.0,122091.0,0.0,0.0,1e-06,0.3,0.040509,0.0,ohlcv_proxy,,,,
2017-05-22,11103.0,61099.0,0.0,0.0,1e-06,0.3,0.038459,0.0,ohlcv_proxy,,,,
2017-05-23,11649.0,77385.0,0.0,0.0,1e-06,0.4,0.055094,0.0,ohlcv_proxy,,,,
2017-05-24,11625.0,36822.0,0.0,0.0,1e-06,0.3,0.062678,0.0,ohlcv_proxy,,,,
2017-05-25,11506.0,58891.0,0.0,0.0,1e-06,0.3,0.064773,0.0,ohlcv_proxy,,,,
2017-05-26,11483.0,37242.0,0.0,0.0,1e-06,0.3,0.061629,0.0,ohlcv_proxy,,,,
2017-05-29,11127.0,86785.0,0.0,0.0,1e-06,0.2,0.054928,0.0,ohlcv_proxy,,,,
2017-05-30,11246.0,17952.0,0.0,0.0,1e-06,0.1,0.044339,0.0,ohlcv_proxy,,,,
2017-05-31,11151.0,21797.0,0.0,0.0,0.0,0.2,0.036506,0.0,ohlcv_proxy,,,,
2017-06-01,11198.0,49339.0,0.0,0.0,0.0,0.1,0.027034,0.0,ohlcv_proxy,,,,
2017-06-02,11174.0,35634.0,0.0,0.0,0.0,0.0,0.020289,0.0,ohlcv_proxy,,,,
2017-06-05,11056.0,18734.0,0.0,0.0,0.0,0.0,0.019454,0.0,ohlcv_proxy,,,,
2017-06-07,11435.0,41249.0,0.0,0.0,1e-06,-0.1,0.02008,0.0,ohlcv_proxy,,,,
2017-06-08,11317.0,32113.0,0.0,0.0,0.0,-0.1,0.017418,0.0,ohlcv_proxy,,,,
2017-06-09,11222.0,29502.0,0.0,0.0,0.0,-0.1,0.016639,0.0,ohlcv_proxy,,,,
2017-06-12,11056.0,25820.0,0.0,0.0,0.0,-0.1,0.01436,0.0,ohlcv_proxy,,,,
2017-06-13,11056.0,21602.0,0.0,0.0,0.0,0.0,0.012372,0.0,ohlcv_proxy,,,,
2017-06-14,10818.0,17737.0,0.0,0.0,-0.0,0.0,-0.010225,0.0,ohlcv_proxy,,,,
2017-06-15,11222.0,28779.0,0.0,0.0,0.0,0.0,-0.016436,0.0,ohlcv_proxy,,,,
2017-06-16,11483.0,77031.0,0.0,0.0,0.0,0.1,-0.006127,0.0,ohlcv_proxy,,,,
2017-06-19,12100.0,121891.0,0.0,0.0,1e-06,0.2,0.021029,0.0,ohlcv_proxy,,,,
2017-06-20,12100.0,122726.0,0.0,0.0,1e-06,0.2,0.027371,0.0,ohlcv_proxy,,,,
2017-06-21,12266.0,63345.0,0.0,0.0,1e-06,0.2,0.033283,0.0,ohlcv_proxy,,,,
2017-06-22,12266.0,70811.0,0.0,0.0,1e-06,0.2,0.037161,0.0,ohlcv_proxy,,,,
2017-06-23,12337.0,34088.0,0.0,0.0,1e-06,0.2,0.04534,0.0,ohlcv_proxy,,,,
2017-06-26,13357.0,149549.0,0.0,0.0,1e-06,0.3,0.059241,0.0,ohlcv_proxy,,,,
2017-06-27,13333.0,68656.0,0.0,0.0,1e-06,0.3,0.069315,0.0,ohlcv_proxy,,,,
2017-06-28,12977.0,95212.0,0.0,0.0,1e-06,0.2,0.070724,0.0,ohlcv_proxy,,,,
2017-06-29,12954.0,47702.0,0.0,0.0,1e-06,0.2,0.076444,0.0,ohlcv_proxy,,,,
2017-06-30,13072.0,30972.0,0.0,0.0,1e-06,0.1,0.075777,0.0,ohlcv_proxy,,,,
2017-07-03,12289.0,85270.0,0.0,0.0,0.0,0.0,0.047456,0.0,ohlcv_proxy,,,,
2017-07-04,12360.0,48241.0,0.0,0.0,0.0,0.0,0.030758,0.0,ohlcv_proxy,,,,
2017-07-05,12692.0,32963.0,0.0,0.0,0.0,0.0,0.018492,0.0,ohlcv_proxy,,,,
2017-07-06,12574.0,18254.0,0.0,0.0,0.0,0.0,0.009254,0.0,ohlcv_proxy,,,,
2017-07-07,12503.0,24513.0,0.0,0.0,0.0,0.0,-8e-05,0.0,ohlcv_proxy,,,,
2017-07-10,12432.0,18901.0,0.0,0.0,0.0,-0.1,0.003867,0.0,ohlcv_proxy,,,,
2017-07-11,12740.0,65116.0,0.0,0.0,0.0,-0.1,0.011877,0.0,ohlcv_proxy,,,,
2017-07-12,13049.0,144583.0,0.0,0.0,0.0,0.1,0.02217,0.0,ohlcv_proxy,,,,
2017-07-13,13072.0,75204.0,0.0,0.0,0.0,0.1,0.022967,0.0,ohlcv_proxy,,,,
2017-07-14,13072.0,66529.0,0.0,0.0,0.0,0.1,0.020473,0.0,ohlcv_proxy,,,,
2017-07-17,13049.0,40730.0,0.0,0.0,0.0,0.1,0.017726,0.0,ohlcv_proxy,,,,
2017-07-18,13049.0,106167.0,0.0,0.0,0.0,0.1,0.014768,0.0,ohlcv_proxy,,,,
2017-07-19,13523.0,73758.0,0.0,0.0,1e-06,0.1,0.017111,0.0,ohlcv_proxy,,,,
2017-07-20,14994.0,448927.0,0.0,0.0,1e-06,0.2,0.057066,0.0,ohlcv_proxy,,,,
2017-07-21,14733.0,148255.0,0.0,0.0,1e-06,0.1,0.06069,0.0,ohlcv_proxy,,,,
2017-07-24,14235.0,220580.0,0.0,0.0,1e-06,0.0,0.053986,0.1,ohlcv_proxy,,,,
2017-07-25,14282.0,227078.0,0.0,0.0,1e-06,0.1,0.05521,0.1,ohlcv_proxy,,,,
2017-07-26,14187.0,111333.0,0.0,0.0,0.0,0.0,0.052833,0.1,ohlcv_proxy,,,,
2017-07-27,13666.0,91607.0,0.0,0.0,0.0,0.0,0.028182,0.1,ohlcv_proxy,,,,
2017-07-28,13096.0,67007.0,0.0,0.0,-0.0,0.0,0.014329,0.1,ohlcv_proxy,,,,
2017-07-31,12716.0,88136.0,0.0,0.0,-0.0,0.0,-0.006094,0.1,ohlcv_proxy,,,,
2017-08-01,13737.0,139739.0,0.0,0.0,0.0,0.0,-0.024956,0.1,ohlcv_proxy,,,,
2017-08-02,13855.0,67983.0,0.0,0.0,0.0,0.0,-0.033979,0.1,ohlcv_proxy,,,,
2017-08-03,13903.0,131530.0,0.0,0.0,0.0,-0.1,-0.028842,0.1,ohlcv_proxy,,,,
2017-08-04,13879.0,48488.0,0.0,0.0,0.0,0.0,-0.022864,0.1,ohlcv_proxy,,,,
2017-08-07,13737.0,29292.0,0.0,0.0,0.0,0.1,-0.00919,0.0,ohlcv_proxy,,,,
2017-08-08,13903.0,47775.0,0.0,0.0,0.0,0.0,-0.007949,0.0,ohlcv_proxy,,,,
2017-08-09,13143.0,72653.0,0.0,0.0,-0.0,0.0,-0.02144,0.0,ohlcv_proxy,,,,
2017-08-10,13025.0,61549.0,0.0,0.0,-0.0,0.0,-0.04015,0.0,ohlcv_proxy,,,,
2017-08-11,13096.0,47892.0,0.0,0.0,-0.0,0.0,-0.0511,0.0,ohlcv_proxy,,,,
2017-08-14,12788.0,32934.0,0.0,0.0,-0.0,0.0,-0.05913,0.0,ohlcv_proxy,,,,
2017-08-16,12906.0,47305.0,0.0,0.0,-0.0,0.0,-0.073562,0.0,ohlcv_proxy,,,,
2017-08-17,13143.0,73960.0,0.0,0.0,-0.0,0.0,-0.072674,0.0,ohlcv_proxy,,,,
2017-08-18,12954.0,33743.0,0.0,0.0,-0.0,0.0,-0.05597,0.0,ohlcv_proxy,,,,
2017-08-21,12740.0,26299.0,0.0,0.0,-0.0,0.0,-0.052825,0.0,ohlcv_proxy,,,,
2017-08-22,13381.0,61709.0,0.0,0.0,0.0,0.0,-0.036697,0.0,ohlcv_proxy,,,,
2017-08-23,13286.0,42634.0,0.0,0.0,0.0,0.0,-0.022142,0.0,ohlcv_proxy,,,,
2017-08-24,13167.0,27569.0,0.0,0.0,-0.0,0.0,-0.016335,0.0,ohlcv_proxy,,,,
2017-08-25,13286.0,48853.0,0.0,0.0,0.0,0.0,-0.009751,0.0,ohlcv_proxy,,,,
2017-08-28,13120.0,38286.0,0.0,0.0,-0.0,0.0,-0.007322,0.0,ohlcv_proxy,,,,
2017-08-29,13428.0,34572.0,0.0,0.0,0.0,0.0,-0.01182,0.0,ohlcv_proxy,,,,
2017-08-30,13357.0,25987.0,0.0,0.0,0.0,0.0,-0.007817,0.0,ohlcv_proxy,,,,
2017-08-31,13262.0,28885.0,0.0,0.0,0.0,0.0,-0.00393,0.0,ohlcv_proxy,,,,
2017-09-01,13096.0,40785.0,0.0,0.0,-0.0,0.0,-0.000129,0.0,ohlcv_proxy,,,,
2017-09-04,12526.0,78833.0,0.0,0.0,-0.0,-0.1,-0.011552,0.0,ohlcv_proxy,,,,
2017-09-05,12455.0,30657.0,0.0,0.0,-0.0,-0.1,-0.020071,0.0,ohlcv_proxy,,,,
2017-09-06,12455.0,26384.0,0.0,0.0,-0.0,-0.1,-0.024153,0.0,ohlcv_proxy,,,,
2017-09-07,12503.0,58495.0,0.0,0.0,-0.0,-0.1,-0.030088,0.0,ohlcv_proxy,,,,
2017-09-08,12337.0,44403.0,0.0,0.0,-0.0,-0.1,-0.037666,0.0,ohlcv_proxy,,,,
2017-09-11,11886.0,96617.0,0.0,0.0,-1e-06,-0.2,-0.04695,0.1,ohlcv_proxy,,,,
2017-09-12,12740.0,210663.0,0.0,0.0,-0.0,-0.1,-0.027761,0.1,ohlcv_proxy,,,,
2017-09-13,12835.0,54411.0,0.0,0.0,0.0,-0.1,-0.02409,0.1,ohlcv_proxy,,,,
2017-09-14,12526.0,36043.0,0.0,0.0,-0.0,-0.1,-0.0214,0.1,ohlcv_proxy,,,,
2017-09-15,12574.0,9618.0,0.0,0.0,-0.0,-0.1,-0.019237,0.1,ohlcv_proxy,,,,
2017-09-18,12408.0,20241.0,0.0,0.0,-0.0,0.0,-0.004652,0.1,ohlcv_proxy,,,,
2017-09-19,12479.0,20157.0,0.0,0.0,-0.0,0.0,-0.007583,0.1,ohlcv_proxy,,,,
2017-09-20,11981.0,50918.0,0.0,0.0,-0.0,0.0,-0.028154,0.1,ohlcv_proxy,,,,
2017-09-21,11222.0,55173.0,0.0,0.0,-1e-06,0.0,-0.055505,0.1,ohlcv_proxy,,,,
2017-09-22,11222.0,68355.0,0.0,0.0,-1e-06,0.0,-0.065216,0.1,ohlcv_proxy,,,,
2017-09-25,11317.0,26389.0,0.0,0.0,-1e-06,0.1,-0.069863,0.0,ohlcv_proxy,,,,
2017-09-26,11696.0,29981.0,0.0,0.0,-0.0,0.0,-0.070589,0.0,ohlcv_proxy,,,,
2017-09-27,11459.0,36836.0,0.0,0.0,-0.0,0.0,-0.076216,0.0,ohlcv_proxy,,,,
2017-09-28,11459.0,14373.0,0.0,0.0,-0.0,0.0,-0.069398,0.0,ohlcv_proxy,,,,
2017-09-29,11720.0,15280.0,0.0,0.0,-0.0,0.0,-0.055171,0.0,ohlcv_proxy,,,,
2017-10-10,11625.0,19329.0,0.0,0.0,-0.0,0.0,-0.046788,0.0,ohlcv_proxy,,,,
2017-10-11,11743.0,22855.0,0.0,0.0,-0.0,0.0,-0.044988,0.0,ohlcv_proxy,,,,
2017-10-12,11862.0,19473.0,0.0,0.0,-0.0,0.0,-0.034723,0.0,ohlcv_proxy,,,,
2017-10-13,11910.0,19967.0,0.0,0.0,-0.0,0.0,-0.025705,0.0,ohlcv_proxy,,,,
2017-10-16,11910.0,14025.0,0.0,0.0,-0.0,0.0,-0.022027,0.0,ohlcv_proxy,,,,
2017-10-17,12005.0,33974.0,0.0,0.0,0.0,0.0,-0.015906,0.0,ohlcv_proxy,,,,
2017-10-18,11957.0,15179.0,0.0,0.0,0.0,0.0,0.007584,0.0,ohlcv_proxy,,,,
2017-10-19,11601.0,26435.0,0.0,0.0,-0.0,0.0,0.011117,0.0,ohlcv_proxy,,,,
2017-10-20,11815.0,117954.0,0.0,0.0,-0.0,0.1,0.010715,0.0,ohlcv_proxy,,,,
2017-10-23,12266.0,45106.0,0.0,0.0,0.0,0.1,0.015126,0.0,ohlcv_proxy,,,,
2017-10-24,12408.0,95583.0,0.0,0.0,0.0,0.2,0.021767,0.0,ohlcv_proxy,,,,
2017-10-25,13096.0,223089.0,0.0,0.0,1e-06,0.3,0.035199,0.0,ohlcv_proxy,,,,
2017-10-26,13072.0,70946.0,0.0,0.0,1e-06,0.3,0.038058,0.0,ohlcv_proxy,,,,
2017-10-27,12859.0,58352.0,0.0,0.0,0.0,0.3,0.048148,0.0,ohlcv_proxy,,,,
2017-10-30,12384.0,69109.0,0.0,0.0,0.0,0.3,0.040281,0.0,ohlcv_proxy,,,,
2017-10-31,12479.0,38002.0,0.0,0.0,0.0,0.3,0.04242,0.0,ohlcv_proxy,,,,
2017-11-01,12574.0,32391.0,0.0,0.0,0.0,0.3,0.024097,0.0,ohlcv_proxy,,,,
2017-11-02,12029.0,77664.0,0.0,0.0,-0.0,0.2,0.000681,0.0,ohlcv_proxy,,,,
2017-11-03,11743.0,61184.0,0.0,0.0,-0.0,0.1,-0.01672,0.0,ohlcv_proxy,,,,
2017-11-06,11293.0,84424.0,0.0,0.0,-1e-06,0.1,-0.035596,0.0,ohlcv_proxy,,,,
2017-11-07,11103.0,62886.0,0.0,0.0,-1e-06,0.0,-0.049749,0.0,ohlcv_proxy,,,,
2017-11-08,11340.0,56943.0,0.0,0.0,-0.0,-0.1,-0.058518,0.0,ohlcv_proxy,,,,
2017-11-09,11483.0,47901.0,0.0,0.0,-0.0,-0.1,-0.067612,0.0,ohlcv_proxy,,,,
2017-11-10,11269.0,71495.0,0.0,0.0,-0.0,-0.1,-0.071679,0.0,ohlcv_proxy,,,,
2017-11-13,11246.0,42373.0,0.0,0.0,-0.0,-0.1,-0.070311,0.0,ohlcv_proxy,,,,
2017-11-14,11672.0,69135.0,0.0,0.0,-0.0,-0.1,-0.057799,0.0,ohlcv_proxy,,,,
2017-11-15,11696.0,56325.0,0.0,0.0,-0.0,-0.1,-0.050848,0.0,ohlcv_proxy,,,,
2017-11-16,11743.0,31232.0,0.0,0.0,-0.0,0.0,-0.048487,0.0,ohlcv_proxy,,,,
2017-11-17,11625.0,22803.0,0.0,0.0,-0.0,0.0,-0.042416,0.0,ohlcv_proxy,,,,
2017-11-20,11767.0,20527.0,0.0,0.0,0.0,0.0,-0.033935,0.0,ohlcv_proxy,,,,
2017-11-21,12123.0,71569.0,0.0,0.0,0.0,0.0,-0.019019,0.0,ohlcv_proxy,,,,
2017-11-22,12052.0,39752.0,0.0,0.0,0.0,0.0,0.005874,0.0,ohlcv_proxy,,,,
2017-11-23,11981.0,29928.0,0.0,0.0,0.0,0.0,0.015947,0.0,ohlcv_proxy,,,,
2017-11-24,12052.0,30610.0,0.0,0.0,0.0,0.0,0.025109,0.0,ohlcv_proxy,,,,
2017-11-27,11435.0,77627.0,0.0,0.0,-0.0,-0.1,0.016812,0.0,ohlcv_proxy,,,,
2017-11-28,11483.0,62853.0,0.0,0.0,-0.0,-0.1,0.005221,0.0,ohlcv_proxy,,,,
2017-11-29,11340.0,65761.0,0.0,0.0,-0.0,-0.1,-0.002936,0.0,ohlcv_proxy,,,,
2017-11-30,11174.0,41277.0,0.0,0.0,-0.0,-0.1,-0.007573,0.0,ohlcv_proxy,,,,
2017-12-01,11412.0,23457.0,0.0,0.0,-0.0,-0.1,-0.012436,0.0,ohlcv_proxy,,,,
2017-12-04,11269.0,80228.0,0.0,0.0,-0.0,-0.2,-0.016535,0.0,ohlcv_proxy,,,,
2017-12-05,11767.0,107428.0,0.0,0.0,0.0,-0.1,-0.010695,0.0,ohlcv_proxy,,,,
2017-12-06,11554.0,46508.0,0.0,0.0,-0.0,-0.1,-0.008228,0.0,ohlcv_proxy,,,,
2017-12-07,12029.0,194717.0,0.0,0.0,0.0,0.0,0.007583,0.0,ohlcv_proxy,,,,
2017-12-08,11791.0,65845.0,0.0,0.0,0.0,0.0,0.006739,0.0,ohlcv_proxy,,,,
2017-12-11,11910.0,69339.0,0.0,0.0,0.0,0.1,0.013126,0.0,ohlcv_proxy,,,,
2017-12-12,11601.0,59375.0,0.0,0.0,-0.0,0.1,0.012488,0.0,ohlcv_proxy,,,,
2017-12-13,12503.0,215091.0,0.0,0.0,1e-06,0.2,0.022962,0.0,ohlcv_proxy,,,,
2017-12-14,12503.0,63495.0,0.0,0.0,0.0,0.2,0.027559,0.0,ohlcv_proxy,,,,
2017-12-15,12455.0,51457.0,0.0,0.0,0.0,0.2,0.032741,0.0,ohlcv_proxy,,,,
2017-12-18,12740.0,66931.0,0.0,0.0,1e-06,0.3,0.039624,0.0,ohlcv_proxy,,,,
2017-12-19,12432.0,53732.0,0.0,0.0,0.0,0.2,0.047961,0.0,ohlcv_proxy,,,,
2017-12-20,11815.0,139323.0,0.0,0.0,-0.0,0.1,0.028208,0.0,ohlcv_proxy,,,,
2017-12-21,12052.0,48340.0,0.0,0.0,0.0,0.0,0.022086,0.0,ohlcv_proxy,,,,
2017-12-22,12242.0,57351.0,0.0,0.0,0.0,0.0,0.018882,0.0,ohlcv_proxy,,,,
2017-12-26,12526.0,65739.0,0.0,0.0,0.0,0.0,0.011323,0.0,ohlcv_proxy,,,,
2017-12-27,12479.0,62276.0,0.0,0.0,0.0,0.0,0.009225,0.0,ohlcv_proxy,,,,
2017-12-28,12432.0,32678.0,0.0,0.0,0.0,-0.1,0.02334,0.0,ohlcv_proxy,,,,
2018-01-02,12954.0,100639.0,0.0,0.0,0.0,-0.1,0.036071,0.0,ohlcv_proxy,,,,
2018-01-03,12859.0,63494.0,0.0,0.0,0.0,-0.1,0.042207,0.0,ohlcv_proxy,,,,
2018-01-04,13523.0,164921.0,0.0,0.0,1e-06,0.0,0.055864,0.0,ohlcv_proxy,,,,
2018-01-05,13381.0,116365.0,0.0,0.0,1e-06,0.0,0.059387,0.0,ohlcv_proxy,,,,
2018-01-08,13784.0,93790.0,0.0,0.0,1e-06,0.1,0.063281,0.0,ohlcv_proxy,,,,
2018-01-09,14092.0,121180.0,0.0,0.0,1e-06,0.1,0.067381,0.0,ohlcv_proxy,,,,
2018-01-10,14686.0,126887.0,0.0,0.0,1e-06,0.1,0.076012,0.0,ohlcv_proxy,,,,
2018-01-11,14946.0,192814.0,0.0,0.0,1e-06,0.2,0.086914,0.0,ohlcv_proxy,,,,
2018-01-12,14946.0,103383.0,0.0,0.0,1e-06,0.2,0.095673,0.0,ohlcv_proxy,,,,
2018-01-15,14520.0,64004.0,0.0,0.0,1e-06,0.2,0.092964,0.0,ohlcv_proxy,,,,
2018-01-16,15041.0,107632.0,0.0,0.0,1e-06,0.2,0.096397,0.0,ohlcv_proxy,,,,
2018-01-17,14709.0,66404.0,0.0,0.0,1e-06,0.2,0.092267,0.0,ohlcv_proxy,,,,
2018-01-18,14709.0,51323.0,0.0,0.0,1e-06,0.1,0.083387,0.0,ohlcv_proxy,,,,
2018-01-19,14852.0,36410.0,0.0,0.0,1e-06,0.1,0.076141,0.0,ohlcv_proxy,,,,
2018-01-22,15089.0,54663.0,0.0,0.0,1e-06,0.1,0.068489,0.0,ohlcv_proxy,,,,
2018-01-23,16299.0,234313.0,0.0,0.0,1e-06,0.2,0.092725,0.0,ohlcv_proxy,,,,
2018-01-24,16346.0,123364.0,0.0,0.0,1e-06,0.2,0.099401,0.0,ohlcv_proxy,,,,
2018-01-25,16346.0,62587.0,0.0,0.0,1e-06,0.1,0.101984,0.0,ohlcv_proxy,,,,
2018-01-26,16346.0,81701.0,0.0,0.0,1e-06,0.1,0.09978,0.0,ohlcv_proxy,,,,
2018-01-29,17224.0,172909.0,0.0,0.0,1e-06,0.2,0.105906,0.0,ohlcv_proxy,,,,
2018-01-30,17675.0,237732.0,0.0,0.0,1e-06,0.3,0.11046,0.0,ohlcv_proxy,,,,
2018-01-31,17889.0,100886.0,0.0,0.0,1e-06,0.3,0.114451,0.0,ohlcv_proxy,,,,
2018-02-01,17912.0,62703.0,0.0,0.0,1e-06,0.3,0.1086,0.0,ohlcv_proxy,,,,
2018-02-02,17200.0,87444.0,0.0,0.0,1e-06,0.3,0.102259,0.0,ohlcv_proxy,,,,
2018-02-05,16678.0,111286.0,0.0,0.0,0.0,0.3,0.089145,0.0,ohlcv_proxy,,,,
2018-02-06,16915.0,113008.0,0.0,0.0,0.0,0.2,0.064586,0.0,ohlcv_proxy,,,,
2018-02-07,16702.0,88236.0,0.0,0.0,0.0,0.2,0.042469,0.0,ohlcv_proxy,,,,
2018-02-08,16939.0,40435.0,0.0,0.0,0.0,0.2,0.025109,0.0,ohlcv_proxy,,,,
2018-02-09,16702.0,40147.0,0.0,0.0,0.0,0.2,0.01433,0.0,ohlcv_proxy,,,,
2018-02-12,17509.0,73860.0,0.0,0.0,0.0,0.1,0.019061,0.0,ohlcv_proxy,,,,
2018-02-13,17082.0,77148.0,0.0,0.0,0.0,0.0,0.015244,0.0,ohlcv_proxy,,,,
2018-02-14,17319.0,62499.0,0.0,0.0,0.0,0.0,0.019237,0.0,ohlcv_proxy,,,,
2018-02-19,18410.0,154491.0,0.0,0.0,1e-06,0.1,0.03775,0.0,ohlcv_proxy,,,,
2018-02-20,18647.0,97894.0,0.0,0.0,1e-06,0.1,0.047718,0.0,ohlcv_proxy,,,,
2018-02-21,17319.0,149564.0,0.0,0.0,0.0,0.1,0.037164,0.0,ohlcv_proxy,,,,
2018-02-22,17414.0,111979.0,0.0,0.0,0.0,0.1,0.031394,0.0,ohlcv_proxy,,,,
2018-02-23,16749.0,81338.0,0.0,0.0,-0.0,0.1,0.023754,0.0,ohlcv_proxy,,,,
2018-02-26,16939.0,51737.0,0.0,0.0,0.0,0.1,0.00583,0.0,ohlcv_proxy,,,,
2018-02-27,16987.0,23692.0,0.0,0.0,0.0,0.1,-0.013781,0.0,ohlcv_proxy,,,,
2018-02-28,16939.0,31008.0,0.0,0.0,0.0,0.1,-0.020014,0.0,ohlcv_proxy,,,,
2018-03-02,16678.0,62400.0,0.0,0.0,-0.0,0.1,-0.030798,0.0,ohlcv_proxy,,,,
2018-03-05,15682.0,61836.0,0.0,0.0,-0.0,0.1,-0.041457,0.0,ohlcv_proxy,,,,
2018-03-06,15943.0,35665.0,0.0,0.0,-0.0,0.0,-0.04968,0.0,ohlcv_proxy,,,,
2018-03-07,15895.0,23054.0,0.0,0.0,-0.0,0.0,-0.055515,0.0,ohlcv_proxy,,,,
2018-03-08,16323.0,58790.0,0.0,0.0,-0.0,0.0,-0.059632,0.0,ohlcv_proxy,,,,
2018-03-09,16275.0,40940.0,0.0,0.0,-0.0,0.0,-0.066677,0.0,ohlcv_proxy,,,,
2018-03-12,17319.0,74075.0,0.0,0.0,0.0,0.0,-0.039535,0.0,ohlcv_proxy,,,,
2018-03-13,17153.0,39302.0,0.0,0.0,0.0,0.0,-0.028726,0.0,ohlcv_proxy,,,,
2018-03-14,16583.0,46373.0,0.0,0.0,-0.0,0.0,-0.025544,0.0,ohlcv_proxy,,,,
2018-03-15,16844.0,28682.0,0.0,0.0,0.0,0.0,-0.016921,0.0,ohlcv_proxy,,,,
2018-03-16,16370.0,74469.0,0.0,0.0,-0.0,0.0,-0.017662,0.0,ohlcv_proxy,,,,
2018-03-19,16157.0,33890.0,0.0,0.0,-0.0,0.0,-0.03102,0.0,ohlcv_proxy,,,,
2018-03-20,15848.0,27232.0,0.0,0.0,-0.0,0.0,-0.031268,0.0,ohlcv_proxy,,,,
2018-03-21,15136.0,90037.0,0.0,0.0,-1e-06,-0.1,-0.043219,0.0,ohlcv_proxy,,,,
2018-03-22,15587.0,76356.0,0.0,0.0,-0.0,-0.1,-0.043561,0.0,ohlcv_proxy,,,,
2018-03-23,15753.0,71438.0,0.0,0.0,-0.0,-0.1,-0.044036,0.0,ohlcv_proxy,,,,
2018-03-26,16133.0,64534.0,0.0,0.0,-0.0,-0.1,-0.038276,0.0,ohlcv_proxy,,,,
2018-03-27,16228.0,32167.0,0.0,0.0,-0.0,-0.1,-0.033658,0.0,ohlcv_proxy,,,,
2018-03-28,16489.0,43784.0,0.0,0.0,0.0,-0.1,-0.015344,0.0,ohlcv_proxy,,,,
2018-03-29,16489.0,35999.0,0.0,0.0,0.0,-0.1,-0.002772,0.0,ohlcv_proxy,,,,
2018-03-30,16583.0,22423.0,0.0,0.0,0.0,-0.1,0.010415,0.0,ohlcv_proxy,,,,
2018-04-02,16228.0,38342.0,0.0,0.0,-0.0,-0.1,0.011556,0.0,ohlcv_proxy,,,,
2018-04-03,16085.0,16478.0,0.0,0.0,-0.0,-0.1,0.011164,0.0,ohlcv_proxy,,,,
2018-04-04,16085.0,79381.0,0.0,0.0,-0.0,0.0,0.002137,0.0,ohlcv_proxy,,,,
2018-04-05,16180.0,15653.0,0.0,0.0,-0.0,0.0,-0.000904,0.0,ohlcv_proxy,,,,
2018-04-06,16180.0,28650.0,0.0,0.0,-0.0,0.0,-0.003815,0.0,ohlcv_proxy,,,,
2018-04-09,15492.0,61035.0,0.0,0.0,-0.0,0.0,-0.008649,0.0,ohlcv_proxy,,,,
2018-04-10,15279.0,54600.0,0.0,0.0,-0.0,0.0,-0.012928,0.0,ohlcv_proxy,,,,
2018-04-11,15587.0,28549.0,0.0,0.0,-0.0,0.0,-0.020403,0.0,ohlcv_proxy,,,,
2018-04-12,15540.0,34630.0,0.0,0.0,-0.0,0.0,-0.021189,0.0,ohlcv_proxy,,,,
2018-04-13,15611.0,25662.0,0.0,0.0,-0.0,0.0,-0.023262,0.0,ohlcv_proxy,,,,
2018-04-16,15492.0,26268.0,0.0,0.0,-0.0,0.0,-0.022122,0.0,ohlcv_proxy,,,,
2018-04-17,15469.0,28634.0,0.0,0.0,-0.0,0.0,-0.016811,0.0,ohlcv_proxy,,,,
2018-04-18,15729.0,30638.0,0.0,0.0,-0.0,0.0,-0.019287,0.0,ohlcv_proxy,,,,
2018-04-19,15848.0,48531.0,0.0,0.0,0.0,0.0,-0.015186,0.0,ohlcv_proxy,,,,
2018-04-20,16133.0,34163.0,0.0,0.0,0.0,0.0,-0.010216,0.0,ohlcv_proxy,,,,
2018-04-23,16204.0,36827.0,0.0,0.0,0.0,0.0,-0.001748,0.0,ohlcv_proxy,,,,
2018-04-24,15753.0,20996.0,0.0,0.0,-0.0,0.0,0.002818,0.0,ohlcv_proxy,,,,
2018-04-25,15018.0,42706.0,0.0,0.0,-0.0,0.0,-0.00291,0.0,ohlcv_proxy,,,,
2018-04-26,15018.0,44777.0,0.0,0.0,-0.0,0.0,-0.010895,0.0,ohlcv_proxy,,,,
2018-04-27,15587.0,35180.0,0.0,0.0,-0.0,0.0,-0.015387,0.0,ohlcv_proxy,,,,
2018-04-30,15801.0,20305.0,0.0,0.0,0.0,0.0,-0.021773,0.0,ohlcv_proxy,,,,
2018-05-02,17082.0,152301.0,0.0,0.0,0.0,0.1,0.018039,0.0,ohlcv_proxy,,,,
2018-05-03,16797.0,80044.0,0.0,0.0,0.0,0.0,0.032214,0.0,ohlcv_proxy,,,,
2018-05-04,16892.0,539533.0,0.0,0.0,0.0,0.1,0.030421,0.0,ohlcv_proxy,,,,
2018-05-08,15943.0,99666.0,0.0,0.0,-0.0,0.1,0.02885,0.0,ohlcv_proxy,,,,
2018-05-09,15943.0,47039.0,0.0,0.0,-0.0,0.1,0.026102,0.0,ohlcv_proxy,,,,
2018-05-10,17224.0,216618.0,0.0,0.0,0.0,0.2,0.019505,0.0,ohlcv_proxy,,,,
2018-05-11,16987.0,91445.0,0.0,0.0,0.0,0.2,0.017906,0.0,ohlcv_proxy,,,,
2018-05-14,17532.0,82548.0,0.0,0.0,0.0,0.2,0.016611,0.0,ohlcv_proxy,,,,
2018-05-15,17034.0,65688.0,0.0,0.0,0.0,0.2,0.027096,0.0,ohlcv_proxy,,,,
2018-05-16,15943.0,134112.0,0.0,0.0,-0.0,0.2,0.019036,0.0,ohlcv_proxy,,,,
2018-05-17,16014.0,138106.0,0.0,0.0,-0.0,0.1,-0.001957,0.0,ohlcv_proxy,,,,
2018-05-18,16252.0,49593.0,0.0,0.0,-0.0,0.2,-0.009307,0.0,ohlcv_proxy,,,,
2018-05-21,16726.0,95042.0,0.0,0.0,0.0,0.1,-0.018596,0.0,ohlcv_proxy,,,,
2018-05-23,16085.0,62760.0,0.0,0.0,-0.0,0.1,-0.025872,0.0,ohlcv_proxy,,,,
2018-05-24,15895.0,57831.0,0.0,0.0,-0.0,0.1,-0.022968,0.0,ohlcv_proxy,,,,
2018-05-25,15872.0,36652.0,0.0,0.0,-0.0,0.0,-0.019892,0.0,ohlcv_proxy,,,,
2018-05-28,15469.0,103179.0,0.0,0.0,-0.0,0.0,-0.032296,0.0,ohlcv_proxy,,,,
2018-05-29,14116.0,1868423.0,0.0,0.0,-1e-06,-0.1,-0.071973,0.1,ohlcv_proxy,,,,
2018-05-30,13879.0,142481.0,0.0,0.0,-1e-06,-0.1,-0.073735,0.1,ohlcv_proxy,,,,
2018-05-31,13974.0,136473.0,0.0,0.0,-1e-06,-0.1,-0.074627,0.1,ohlcv_proxy,,,,
2018-06-01,13594.0,111690.0,0.0,0.0,-1e-06,-0.1,-0.071437,0.1,ohlcv_proxy,,,,
2018-06-04,13309.0,91626.0,0.0,0.0,-1e-06,-0.1,-0.073003,0.1,ohlcv_proxy,,,,
2018-06-05,12621.0,416651.0,0.0,0.0,-1e-06,-0.2,-0.097817,0.2,ohlcv_proxy,,,,
2018-06-07,12740.0,187545.0,0.0,0.0,-1e-06,-0.2,-0.103902,0.2,ohlcv_proxy,,,,
2018-06-08,12645.0,84662.0,0.0,0.0,-1e-06,-0.2,-0.113077,0.2,ohlcv_proxy,,,,
2018-06-11,13049.0,104379.0,0.0,0.0,-1e-06,-0.2,-0.106642,0.2,ohlcv_proxy,,,,
2018-06-12,13167.0,148985.0,0.0,0.0,-1e-06,-0.2,-0.099583,0.2,ohlcv_proxy,,,,
2018-06-14,13191.0,115172.0,0.0,0.0,-0.0,-0.1,-0.080975,0.1,ohlcv_proxy,,,,
2018-06-15,13523.0,208385.0,0.0,0.0,-0.0,-0.1,-0.059107,0.1,ohlcv_proxy,,,,
2018-06-18,12859.0,165774.0,0.0,0.0,-1e-06,-0.1,-0.052974,0.1,ohlcv_proxy,,,,
2018-06-19,11767.0,257175.0,0.0,0.0,-1e-06,-0.1,-0.068393,0.1,ohlcv_proxy,,,,
2018-06-20,11981.0,213224.0,0.0,0.0,-1e-06,-0.1,-0.078502,0.1,ohlcv_proxy,,,,
2018-06-21,11838.0,87688.0,0.0,0.0,-1e-06,0.0,-0.082611,0.0,ohlcv_proxy,,,,
2018-06-22,12029.0,64977.0,0.0,0.0,-1e-06,0.0,-0.102961,0.0,ohlcv_proxy,,,,
2018-06-25,12621.0,68639.0,0.0,0.0,-0.0,0.0,-0.109953,0.0,ohlcv_proxy,,,,
2018-06-26,12574.0,37899.0,0.0,0.0,-0.0,0.0,-0.096983,0.0,ohlcv_proxy,,,,
2018-06-27,12692.0,72309.0,0.0,0.0,-0.0,0.0,-0.077612,0.0,ohlcv_proxy,,,,
2018-06-28,12574.0,40382.0,0.0,0.0,-0.0,0.0,-0.02482,0.0,ohlcv_proxy,,,,
2018-06-29,12954.0,56639.0,0.0,0.0,-0.0,0.0,-0.004705,0.0,ohlcv_proxy,,,,
2018-07-02,12123.0,119454.0,0.0,0.0,-1e-06,0.0,-0.012825,0.0,ohlcv_proxy,,,,
2018-07-03,12194.0,79417.0,0.0,0.0,-0.0,0.0,-0.014455,0.0,ohlcv_proxy,,,,
2018-07-04,12171.0,58405.0,0.0,0.0,-0.0,0.0,-0.019394,0.0,ohlcv_proxy,,,,
2018-07-05,12526.0,154223.0,0.0,0.0,-0.0,0.0,-0.015053,0.0,ohlcv_proxy,,,,
2018-07-06,12621.0,81448.0,0.0,0.0,-0.0,0.0,-0.016108,0.0,ohlcv_proxy,,,,
2018-07-09,12811.0,34869.0,0.0,0.0,0.0,0.0,-0.007745,0.0,ohlcv_proxy,,,,
2018-07-10,13001.0,40531.0,0.0,0.0,0.0,0.0,0.002768,0.0,ohlcv_proxy,,,,
2018-07-11,12930.0,86928.0,0.0,0.0,0.0,0.0,0.016085,0.0,ohlcv_proxy,,,,
2018-07-12,13381.0,91413.0,0.0,0.0,0.0,0.0,0.037398,0.0,ohlcv_proxy,,,,
2018-07-13,13666.0,74142.0,0.0,0.0,0.0,0.0,0.062593,0.0,ohlcv_proxy,,,,
2018-07-16,13475.0,51097.0,0.0,0.0,0.0,0.0,0.069782,0.0,ohlcv_proxy,,,,
2018-07-17,13381.0,23672.0,0.0,0.0,0.0,0.0,0.062488,0.0,ohlcv_proxy,,,,
2018-07-18,12859.0,87837.0,0.0,0.0,-0.0,0.0,0.05203,0.0,ohlcv_proxy,,,,
2018-07-19,12384.0,47699.0,0.0,0.0,-0.0,0.0,0.034576,0.0,ohlcv_proxy,,,,
2018-07-20,12100.0,91477.0,0.0,0.0,-1e-06,0.0,0.000216,0.0,ohlcv_proxy,,,,
2018-07-23,11791.0,85026.0,0.0,0.0,-1e-06,0.0,-0.023297,0.0,ohlcv_proxy,,,,
2018-07-24,12598.0,91949.0,0.0,0.0,-0.0,0.0,-0.023537,0.0,ohlcv_proxy,,,,
2018-07-25,12621.0,69951.0,0.0,0.0,-0.0,0.0,-0.028557,0.0,ohlcv_proxy,,,,
2018-07-26,12811.0,62184.0,0.0,0.0,0.0,0.0,-0.023705,0.0,ohlcv_proxy,,,,
2018-07-27,12859.0,59932.0,0.0,0.0,0.0,0.0,-0.012025,0.0,ohlcv_proxy,,,,
2018-07-30,13286.0,97533.0,0.0,0.0,0.0,0.0,0.009584,0.0,ohlcv_proxy,,,,
2018-07-31,13713.0,105448.0,0.0,0.0,1e-06,0.0,0.02441,0.0,ohlcv_proxy,,,,
2018-08-01,13452.0,69866.0,0.0,0.0,0.0,0.0,0.031505,0.0,ohlcv_proxy,,,,
2018-08-02,13262.0,36710.0,0.0,0.0,0.0,0.0,0.033558,0.0,ohlcv_proxy,,,,
2018-08-03,13025.0,37402.0,0.0,0.0,0.0,0.0,0.035776,0.0,ohlcv_proxy,,,,
2018-08-06,13049.0,19570.0,0.0,0.0,0.0,0.0,0.036997,0.0,ohlcv_proxy,,,,
2018-08-07,12906.0,18903.0,0.0,0.0,-0.0,0.0,0.020704,0.0,ohlcv_proxy,,,,
2018-08-08,12716.0,49228.0,0.0,0.0,-0.0,0.0,0.001781,0.0,ohlcv_proxy,,,,
2018-08-09,12621.0,16065.0,0.0,0.0,-0.0,0.0,-0.004237,0.0,ohlcv_proxy,,,,
2018-08-10,13072.0,47982.0,0.0,0.0,0.0,0.0,0.001006,0.0,ohlcv_proxy,,,,
2018-08-13,12384.0,46639.0,0.0,0.0,-0.0,0.0,-0.006994,0.0,ohlcv_proxy,,,,
2018-08-14,12384.0,21865.0,0.0,0.0,-0.0,0.0,-0.010161,0.0,ohlcv_proxy,,,,
2018-08-16,13475.0,135345.0,0.0,0.0,0.0,0.1,0.015152,0.0,ohlcv_proxy,,,,
2018-08-17,14163.0,212196.0,0.0,0.0,1e-06,0.2,0.037724,0.0,ohlcv_proxy,,,,
2018-08-20,13974.0,60376.0,0.0,0.0,1e-06,0.2,0.036945,0.0,ohlcv_proxy,,,,
2018-08-21,13998.0,60523.0,0.0,0.0,0.0,0.2,0.039213,0.0,ohlcv_proxy,,,,
2018-08-22,13760.0,61184.0,0.0,0.0,0.0,0.2,0.037325,0.0,ohlcv_proxy,,,,
2018-08-23,13523.0,40919.0,0.0,0.0,0.0,0.2,0.040877,0.0,ohlcv_proxy,,,,
2018-08-24,13903.0,45439.0,0.0,0.0,0.0,0.2,0.026236,0.0,ohlcv_proxy,,,,
2018-08-27,13713.0,47357.0,0.0,0.0,0.0,0.2,0.019208,0.0,ohlcv_proxy,,,,
2018-08-28,13666.0,44585.0,0.0,0.0,0.0,0.2,0.011731,0.0,ohlcv_proxy,,,,
2018-08-29,13879.0,95610.0,0.0,0.0,0.0,0.3,0.014245,0.0,ohlcv_proxy,,,,
2018-08-30,14045.0,70272.0,0.0,0.0,0.0,0.2,0.018747,0.0,ohlcv_proxy,,,,
2018-08-31,13808.0,42940.0,0.0,0.0,0.0,0.1,0.016373,0.0,ohlcv_proxy,,,,
2018-09-03,13808.0,48887.0,0.0,0.0,0.0,0.1,0.015478,0.0,ohlcv_proxy,,,,
2018-09-04,13594.0,110012.0,0.0,0.0,0.0,0.0,0.011005,0.0,ohlcv_proxy,,,,
2018-09-05,13404.0,50655.0,0.0,0.0,-0.0,0.0,0.004743,0.0,ohlcv_proxy,,,,
2018-09-06,14116.0,86900.0,0.0,0.0,0.0,0.0,0.002529,0.0,ohlcv_proxy,,,,
2018-09-07,14875.0,192729.0,0.0,0.0,1e-06,0.1,0.022558,0.0,ohlcv_proxy,,,,
2018-09-10,14946.0,97411.0,0.0,0.0,1e-06,0.1,0.028187,0.0,ohlcv_proxy,,,,
2018-09-11,14923.0,60657.0,0.0,0.0,1e-06,0.1,0.039395,0.0,ohlcv_proxy,,,,
2018-09-12,14377.0,69097.0,0.0,0.0,0.0,0.0,0.043044,0.0,ohlcv_proxy,,,,
2018-09-13,14733.0,62536.0,0.0,0.0,0.0,0.0,0.044933,0.0,ohlcv_proxy,,,,
2018-09-14,14899.0,104960.0,0.0,0.0,0.0,0.0,0.040359,0.0,ohlcv_proxy,,,,
2018-09-17,15374.0,78079.0,0.0,0.0,1e-06,0.0,0.040858,0.0,ohlcv_proxy,,,,
2018-09-18,15350.0,36192.0,0.0,0.0,0.0,0.1,0.040894,0.0,ohlcv_proxy,,,,
2018-09-19,15255.0,54912.0,0.0,0.0,0.0,0.1,0.048127,0.0,ohlcv_proxy,,,,
2018-09-20,15753.0,107322.0,0.0,0.0,1e-06,0.1,0.056348,0.0,ohlcv_proxy,,,,
2018-09-21,16655.0,304317.0,0.0,0.0,1e-06,0.1,0.080866,0.0,ohlcv_proxy,,,,
2018-09-27,16157.0,86680.0,0.0,0.0,1e-06,0.1,0.081236,0.0,ohlcv_proxy,,,,
2018-09-28,15895.0,56585.0,0.0,0.0,0.0,0.1,0.078332,0.0,ohlcv_proxy,,,,
2018-10-01,16180.0,33642.0,0.0,0.0,0.0,0.1,0.078062,0.0,ohlcv_proxy,,,,
2018-10-02,16346.0,44821.0,0.0,0.0,1e-06,0.1,0.080425,0.0,ohlcv_proxy,,,,
2018-10-04,16228.0,59014.0,0.0,0.0,0.0,0.1,0.057069,0.0,ohlcv_proxy,,,,
2018-10-05,16275.0,60506.0,0.0,0.0,0.0,0.1,0.053684,0.0,ohlcv_proxy,,,,
2018-10-08,15421.0,58970.0,0.0,0.0,0.0,0.1,0.038592,0.0,ohlcv_proxy,,,,
2018-10-10,15587.0,57194.0,0.0,0.0,0.0,0.1,0.027067,0.0,ohlcv_proxy,,,,
2018-10-11,14709.0,145778.0,0.0,0.0,-0.0,0.0,-0.006669,0.0,ohlcv_proxy,,,,
2018-10-12,15231.0,64723.0,0.0,0.0,-0.0,-0.1,-0.020779,0.0,ohlcv_proxy,,,,
2018-10-15,14733.0,23644.0,0.0,0.0,-0.0,-0.1,-0.035876,0.0,ohlcv_proxy,,,,
2018-10-16,14638.0,28654.0,0.0,0.0,-0.0,-0.1,-0.043064,0.0,ohlcv_proxy,,,,
2018-10-17,15018.0,21360.0,0.0,0.0,-0.0,-0.1,-0.053803,0.0,ohlcv_proxy,,,,
2018-10-18,15469.0,60123.0,0.0,0.0,0.0,-0.1,-0.037286,0.0,ohlcv_proxy,,,,
2018-10-19,15041.0,46362.0,0.0,0.0,-0.0,-0.1,-0.04335,0.0,ohlcv_proxy,,,,
2018-10-22,15231.0,33374.0,0.0,0.0,0.0,-0.1,-0.039462,0.0,ohlcv_proxy,,,,
2018-10-23,14852.0,86890.0,0.0,0.0,-0.0,-0.1,-0.039541,0.0,ohlcv_proxy,,,,
2018-10-24,13926.0,44917.0,0.0,0.0,-1e-06,-0.1,-0.049153,0.0,ohlcv_proxy,,,,
2018-10-25,14045.0,80933.0,0.0,0.0,-0.0,0.0,-0.065795,0.0,ohlcv_proxy,,,,
2018-10-26,13950.0,60014.0,0.0,0.0,-0.0,0.0,-0.055902,0.0,ohlcv_proxy,,,,
2018-10-29,13096.0,91335.0,0.0,0.0,-1e-06,-0.1,-0.067509,0.0,ohlcv_proxy,,,,
2018-10-30,13689.0,82387.0,0.0,0.0,-0.0,-0.1,-0.077816,0.0,ohlcv_proxy,,,,
2018-10-31,14329.0,87828.0,0.0,0.0,-0.0,-0.1,-0.065621,0.0,ohlcv_proxy,,,,
2018-11-01,14211.0,46302.0,0.0,0.0,-0.0,-0.1,-0.060792,0.0,ohlcv_proxy,,,,
2018-11-02,14021.0,70389.0,0.0,0.0,-0.0,-0.1,-0.052514,0.0,ohlcv_proxy,,,,
2018-11-05,14353.0,85385.0,0.0,0.0,-0.0,-0.1,-0.025566,0.0,ohlcv_proxy,,,,
2018-11-06,14591.0,97889.0,0.0,0.0,0.0,-0.1,-0.0087,0.0,ohlcv_proxy,,,,
2018-11-07,14235.0,55054.0,0.0,0.0,-0.0,-0.1,-0.005674,0.0,ohlcv_proxy,,,,
2018-11-08,14591.0,33280.0,0.0,0.0,0.0,-0.1,-0.000577,0.0,ohlcv_proxy,,,,
2018-11-09,14567.0,45243.0,0.0,0.0,0.0,-0.1,0.009497,0.0,ohlcv_proxy,,,,
2018-11-12,15112.0,98288.0,0.0,0.0,0.0,0.1,0.021152,0.0,ohlcv_proxy,,,,
2018-11-13,14994.0,58152.0,0.0,0.0,0.0,0.1,0.026081,0.0,ohlcv_proxy,,,,
2018-11-14,14875.0,24512.0,0.0,0.0,0.0,0.1,0.034796,0.0,ohlcv_proxy,,,,
2018-11-15,15469.0,125041.0,0.0,0.0,0.0,0.2,0.047145,0.0,ohlcv_proxy,,,,
2018-11-16,15326.0,54507.0,0.0,0.0,0.0,0.2,0.052992,0.0,ohlcv_proxy,,,,
2018-11-19,15231.0,72751.0,0.0,0.0,0.0,0.2,0.053851,0.0,ohlcv_proxy,,,,
2018-11-20,15065.0,53472.0,0.0,0.0,0.0,0.2,0.054954,0.0,ohlcv_proxy,,,,
2018-11-21,14875.0,40224.0,0.0,0.0,0.0,0.2,0.051501,0.0,ohlcv_proxy,,,,
2018-11-22,14828.0,41416.0,0.0,0.0,0.0,0.2,0.037292,0.0,ohlcv_proxy,,,,
2018-11-23,14709.0,37385.0,0.0,0.0,-0.0,0.2,0.027457,0.0,ohlcv_proxy,,,,
2018-11-26,14875.0,43532.0,0.0,0.0,0.0,0.1,0.012056,0.0,ohlcv_proxy,,,,
2018-11-27,14235.0,142183.0,0.0,0.0,-0.0,0.0,-0.011556,0.1,ohlcv_proxy,,,,
2018-11-28,13832.0,87038.0,0.0,0.0,-0.0,0.0,-0.023985,0.1,ohlcv_proxy,,,,
2018-11-29,13594.0,62461.0,0.0,0.0,-1e-06,-0.1,-0.033883,0.1,ohlcv_proxy,,,,
2018-11-30,13594.0,47475.0,0.0,0.0,-0.0,-0.1,-0.042037,0.1,ohlcv_proxy,,,,
2018-12-03,14329.0,85511.0,0.0,0.0,-0.0,-0.1,-0.04375,0.1,ohlcv_proxy,,,,
2018-12-04,14377.0,63013.0,0.0,0.0,-0.0,-0.1,-0.04498,0.1,ohlcv_proxy,,,,
2018-12-05,14709.0,49244.0,0.0,0.0,0.0,-0.1,-0.035498,0.1,ohlcv_proxy,,,,
2018-12-06,14329.0,43064.0,0.0,0.0,-0.0,-0.1,-0.024893,0.1,ohlcv_proxy,,,,
2018-12-07,13950.0,60685.0,0.0,0.0,-0.0,-0.1,-0.020057,0.1,ohlcv_proxy,,,,
2018-12-10,13642.0,47394.0,0.0,0.0,-0.0,-0.1,-0.023442,0.1,ohlcv_proxy,,,,
2018-12-11,13428.0,39099.0,0.0,0.0,-0.0,0.0,-0.031495,0.0,ohlcv_proxy,,,,
2018-12-12,13713.0,31500.0,0.0,0.0,-0.0,0.0,-0.043202,0.0,ohlcv_proxy,,,,
2018-12-13,13713.0,22714.0,0.0,0.0,-0.0,0.0,-0.043036,0.0,ohlcv_proxy,,,,
2018-12-14,13547.0,35638.0,0.0,0.0,-0.0,0.0,-0.046126,0.0,ohlcv_proxy,,,,
2018-12-17,13357.0,28411.0,0.0,0.0,-0.0,0.0,-0.044017,0.0,ohlcv_proxy,,,,
2018-12-18,13191.0,24623.0,0.0,0.0,-0.0,0.0,-0.041368,0.0,ohlcv_proxy,,,,
2018-12-19,13025.0,86486.0,0.0,0.0,-0.0,-0.1,-0.050988,0.0,ohlcv_proxy,,,,
2018-12-20,13096.0,55631.0,0.0,0.0,-0.0,-0.1,-0.05184,0.0,ohlcv_proxy,,,,
2018-12-21,12835.0,99525.0,0.0,0.0,-0.0,-0.2,-0.055414,0.0,ohlcv_proxy,,,,
2018-12-24,12479.0,61604.0,0.0,0.0,-1e-06,-0.2,-0.057455,0.0,ohlcv_proxy,,,,
2018-12-26,12313.0,50258.0,0.0,0.0,-1e-06,-0.2,-0.055525,0.0,ohlcv_proxy,,,,
2018-12-27,12859.0,71483.0,0.0,0.0,-0.0,-0.2,-0.054036,0.0,ohlcv_proxy,,,,
2018-12-28,13096.0,52871.0,0.0,0.0,-0.0,-0.2,-0.052419,0.0,ohlcv_proxy,,,,
2019-01-02,12883.0,27335.0,0.0,0.0,-0.0,-0.2,-0.052501,0.0,ohlcv_proxy,,,,
2019-01-03,12432.0,26925.0,0.0,0.0,-0.0,-0.2,-0.042625,0.0,ohlcv_proxy,,,,
2019-01-04,12669.0,34196.0,0.0,0.0,-0.0,-0.2,-0.029026,0.0,ohlcv_proxy,,,,
2019-01-07,12954.0,21794.0,0.0,0.0,-0.0,-0.1,-0.022235,0.0,ohlcv_proxy,,,,
2019-01-08,12954.0,15588.0,0.0,0.0,-0.0,-0.1,-0.024791,0.0,ohlcv_proxy,,,,
2019-01-09,13381.0,31588.0,0.0,0.0,0.0,0.0,-0.011405,0.0,ohlcv_proxy,,,,
2019-01-10,13381.0,13458.0,0.0,0.0,0.0,0.0,0.003202,0.0,ohlcv_proxy,,,,
2019-01-11,13475.0,13790.0,0.0,0.0,0.0,0.0,0.019079,0.0,ohlcv_proxy,,,,
2019-01-14,13547.0,17364.0,0.0,0.0,0.0,0.0,0.030068,0.0,ohlcv_proxy,,,,
2019-01-15,13452.0,20852.0,0.0,0.0,0.0,0.0,0.037341,0.0,ohlcv_proxy,,,,
2019-01-16,13120.0,53183.0,0.0,0.0,-0.0,0.0,0.028705,0.0,ohlcv_proxy,,,,
2019-01-17,12906.0,55977.0,0.0,0.0,-0.0,0.0,0.018666,0.0,ohlcv_proxy,,,,
2019-01-18,12906.0,30064.0,0.0,0.0,-0.0,0.0,0.014071,0.0,ohlcv_proxy,,,,
2019-01-21,13167.0,25436.0,0.0,0.0,-0.0,0.0,0.011863,0.0,ohlcv_proxy,,,,
2019-01-22,12977.0,16805.0,0.0,0.0,-0.0,0.0,0.008755,0.0,ohlcv_proxy,,,,
2019-01-23,12977.0,9046.0,0.0,0.0,-0.0,0.0,0.004483,0.0,ohlcv_proxy,,,,
2019-01-24,13238.0,28056.0,0.0,0.0,0.0,0.0,0.007768,0.0,ohlcv_proxy,,,,
2019-01-25,13143.0,11704.0,0.0,0.0,-0.0,0.0,0.00794,0.0,ohlcv_proxy,,,,
2019-01-28,13309.0,30792.0,0.0,0.0,0.0,0.0,0.008579,0.0,ohlcv_proxy,,,,
2019-01-29,13167.0,13222.0,0.0,0.0,0.0,0.0,0.01128,0.0,ohlcv_proxy,,,,
2019-01-30,13049.0,25203.0,0.0,0.0,-0.0,0.0,0.009151,0.0,ohlcv_proxy,,,,
2019-01-31,13096.0,27029.0,0.0,0.0,-0.0,0.0,0.00363,0.0,ohlcv_proxy,,,,
2019-02-01,13523.0,57077.0,0.0,0.0,0.0,0.1,0.008313,0.0,ohlcv_proxy,,,,
2019-02-07,13855.0,32076.0,0.0,0.0,0.0,0.1,0.013057,0.0,ohlcv_proxy,,,,
2019-02-08,13737.0,15021.0,0.0,0.0,0.0,0.1,0.015249,0.0,ohlcv_proxy,,,,
2019-02-11,14140.0,113351.0,0.0,0.0,0.0,0.2,0.029941,0.0,ohlcv_proxy,,,,
2019-02-12,13903.0,32677.0,0.0,0.0,0.0,0.2,0.034574,0.0,ohlcv_proxy,,,,
2019-02-13,13689.0,50494.0,0.0,0.0,0.0,0.1,0.036517,0.0,ohlcv_proxy,,,,
2019-02-14,14187.0,53419.0,0.0,0.0,0.0,0.2,0.036812,0.0,ohlcv_proxy,,,,
2019-02-15,14425.0,41952.0,0.0,0.0,0.0,0.2,0.038055,0.0,ohlcv_proxy,,,,
2019-02-18,14543.0,29596.0,0.0,0.0,0.0,0.2,0.034897,0.0,ohlcv_proxy,,,,
2019-02-19,14614.0,43787.0,0.0,0.0,0.0,0.2,0.035242,0.0,ohlcv_proxy,,,,
2019-02-20,14828.0,37920.0,0.0,0.0,0.0,0.1,0.045676,0.0,ohlcv_proxy,,,,
2019-02-21,14591.0,29080.0,0.0,0.0,0.0,0.1,0.049071,0.0,ohlcv_proxy,,,,
2019-02-22,14567.0,153067.0,0.0,0.0,0.0,0.0,0.039319,0.0,ohlcv_proxy,,,,
2019-02-25,14353.0,119321.0,0.0,0.0,0.0,-0.2,0.030516,0.0,ohlcv_proxy,,,,
2019-02-26,14401.0,54924.0,0.0,0.0,0.0,-0.2,0.025533,0.0,ohlcv_proxy,,,,
2019-02-27,14662.0,18512.0,0.0,0.0,0.0,-0.1,0.022202,0.0,ohlcv_proxy,,,,
2019-02-28,14235.0,41616.0,0.0,0.0,0.0,-0.2,0.017629,0.0,ohlcv_proxy,,,,
2019-03-04,14543.0,26755.0,0.0,0.0,0.0,-0.2,0.011722,0.0,ohlcv_proxy,,,,
2019-03-05,15421.0,122901.0,0.0,0.0,1e-06,-0.1,0.034845,0.0,ohlcv_proxy,,,,
2019-03-06,15563.0,112852.0,0.0,0.0,1e-06,0.0,0.046794,0.0,ohlcv_proxy,,,,
2019-03-07,15469.0,64283.0,0.0,0.0,0.0,0.0,0.04477,0.0,ohlcv_proxy,,,,
2019-03-08,15397.0,56459.0,0.0,0.0,0.0,0.0,0.049692,0.0,ohlcv_proxy,,,,
2019-03-11,15563.0,98592.0,0.0,0.0,0.0,0.2,0.049888,0.0,ohlcv_proxy,,,,
2019-03-12,15207.0,76920.0,0.0,0.0,0.0,0.3,0.041862,0.0,ohlcv_proxy,,,,
2019-03-13,15184.0,33225.0,0.0,0.0,0.0,0.3,0.035264,0.0,ohlcv_proxy,,,,
2019-03-14,15469.0,45725.0,0.0,0.0,0.0,0.3,0.030185,0.0,ohlcv_proxy,,,,
2019-03-15,15279.0,35680.0,0.0,0.0,0.0,0.3,0.026291,0.0,ohlcv_proxy,,,,
2019-03-18,15445.0,33607.0,0.0,0.0,0.0,0.3,0.019358,0.0,ohlcv_proxy,,,,
2019-03-19,16204.0,247006.0,0.0,0.0,1e-06,0.3,0.043345,0.0,ohlcv_proxy,,,,
2019-03-20,17272.0,317490.0,0.0,0.0,1e-06,0.3,0.060841,0.0,ohlcv_proxy,,,,
2019-03-21,17129.0,116489.0,0.0,0.0,1e-06,0.3,0.06294,0.0,ohlcv_proxy,,,,
2019-03-22,17604.0,115387.0,0.0,0.0,1e-06,0.3,0.06575,0.0,ohlcv_proxy,,,,
2019-03-25,17366.0,95324.0,0.0,0.0,1e-06,0.2,0.059867,0.0,ohlcv_proxy,,,,
2019-03-26,17651.0,111733.0,0.0,0.0,1e-06,0.2,0.068265,0.0,ohlcv_proxy,,,,
2019-03-27,18031.0,202917.0,0.0,0.0,1e-06,0.3,0.068705,0.0,ohlcv_proxy,,,,
2019-03-28,18173.0,44228.0,0.0,0.0,1e-06,0.3,0.073916,0.0,ohlcv_proxy,,,,
2019-03-29,18031.0,56692.0,0.0,0.0,1e-06,0.3,0.072129,0.0,ohlcv_proxy,,,,
2019-04-01,18173.0,35222.0,0.0,0.0,1e-06,0.3,0.076164,0.0,ohlcv_proxy,,,,
2019-04-02,18031.0,38101.0,0.0,0.0,0.0,0.2,0.075216,0.0,ohlcv_proxy,,,,
2019-04-03,18031.0,50645.0,0.0,0.0,0.0,0.1,0.069571,0.0,ohlcv_proxy,,,,
2019-04-04,18292.0,97941.0,0.0,0.0,0.0,0.1,0.065562,0.0,ohlcv_proxy,,,,
2019-04-05,18126.0,69365.0,0.0,0.0,0.0,0.1,0.061153,0.0,ohlcv_proxy,,,,
2019-04-08,18363.0,68323.0,0.0,0.0,0.0,0.1,0.05581,0.0,ohlcv_proxy,,,,
2019-04-09,18386.0,46365.0,0.0,0.0,0.0,0.1,0.051573,0.0,ohlcv_proxy,,,,
2019-04-10,18268.0,30728.0,0.0,0.0,0.0,0.0,0.05044,0.0,ohlcv_proxy,,,,
2019-04-11,18078.0,46592.0,0.0,0.0,0.0,0.0,0.044271,0.0,ohlcv_proxy,,,,
2019-04-12,18814.0,143766.0,0.0,0.0,0.0,0.0,0.051356,0.0,ohlcv_proxy,,,,
2019-04-15,18576.0,85804.0,0.0,0.0,0.0,0.0,0.049281,0.0,ohlcv_proxy,,,,
2019-04-16,18339.0,34793.0,0.0,0.0,0.0,0.0,0.036742,0.0,ohlcv_proxy,,,,
2019-04-17,19573.0,450965.0,0.0,0.0,1e-06,0.1,0.04239,0.0,ohlcv_proxy,,,,
2019-04-18,18885.0,169023.0,0.0,0.0,0.0,0.0,0.036045,0.0,ohlcv_proxy,,,,
2019-04-19,17983.0,156717.0,0.0,0.0,0.0,-0.1,0.027318,0.0,ohlcv_proxy,,,,
2019-04-22,18695.0,107598.0,0.0,0.0,0.0,-0.1,0.024018,0.0,ohlcv_proxy,,,,
2019-04-23,17983.0,89064.0,0.0,0.0,-0.0,-0.1,0.018833,0.0,ohlcv_proxy,,,,
2019-04-24,17912.0,51297.0,0.0,0.0,-0.0,-0.1,-0.014578,0.0,ohlcv_proxy,,,,
2019-04-25,17865.0,40333.0,0.0,0.0,-0.0,-0.1,-0.027135,0.0,ohlcv_proxy,,,,
2019-04-26,17698.0,65236.0,0.0,0.0,-0.0,-0.1,-0.02708,0.0,ohlcv_proxy,,,,
2019-04-29,18007.0,47136.0,0.0,0.0,0.0,-0.1,-0.03899,0.0,ohlcv_proxy,,,,
2019-04-30,18078.0,43304.0,0.0,0.0,0.0,-0.1,-0.038945,0.0,ohlcv_proxy,,,,
2019-05-02,19264.0,162474.0,0.0,0.0,0.0,-0.1,-0.009319,0.0,ohlcv_proxy,,,,
2019-05-03,19573.0,93996.0,0.0,0.0,0.0,0.0,0.00374,0.0,ohlcv_proxy,,,,
2019-05-07,19335.0,43804.0,0.0,0.0,0.0,0.1,0.014921,0.0,ohlcv_proxy,,,,
2019-05-08,18814.0,57630.0,0.0,0.0,0.0,0.1,0.018781,0.0,ohlcv_proxy,,,,
2019-05-09,18126.0,116630.0,0.0,0.0,-0.0,0.1,0.012152,0.0,ohlcv_proxy,,,,
2019-05-10,17675.0,129656.0,0.0,0.0,-0.0,0.1,-0.010631,0.0,ohlcv_proxy,,,,
2019-05-13,17319.0,67865.0,0.0,0.0,-0.0,0.1,-0.032315,0.0,ohlcv_proxy,,,,
2019-05-14,17556.0,63305.0,0.0,0.0,-0.0,0.1,-0.040916,0.0,ohlcv_proxy,,,,
2019-05-15,17912.0,66378.0,0.0,0.0,-0.0,0.1,-0.046093,0.0,ohlcv_proxy,,,,
2019-05-16,18055.0,42594.0,0.0,0.0,-0.0,0.1,-0.050142,0.0,ohlcv_proxy,,,,
2019-05-17,17936.0,28108.0,0.0,0.0,-0.0,0.0,-0.03432,0.0,ohlcv_proxy,,,,
2019-05-20,17912.0,27913.0,0.0,0.0,-0.0,0.0,-0.022965,0.0,ohlcv_proxy,,,,
2019-05-21,17983.0,33016.0,0.0,0.0,-0.0,0.0,-0.018012,0.0,ohlcv_proxy,,,,
2019-05-22,17936.0,24425.0,0.0,0.0,-0.0,0.0,-0.014948,0.0,ohlcv_proxy,,,,
2019-05-23,18458.0,49578.0,0.0,0.0,0.0,0.0,-0.009511,0.0,ohlcv_proxy,,,,
2019-05-24,18244.0,46706.0,0.0,0.0,0.0,0.0,-0.006844,0.0,ohlcv_proxy,,,,
2019-05-27,17769.0,34346.0,0.0,0.0,-0.0,0.0,-0.008707,0.0,ohlcv_proxy,,,,
2019-05-28,18268.0,94019.0,0.0,0.0,0.0,0.0,-0.006328,0.0,ohlcv_proxy,,,,
2019-05-29,17366.0,82570.0,0.0,0.0,-0.0,0.0,-0.014793,0.0,ohlcv_proxy,,,,
2019-05-30,16702.0,67743.0,0.0,0.0,-0.0,0.0,-0.029497,0.0,ohlcv_proxy,,,,
2019-05-31,16655.0,41620.0,0.0,0.0,-0.0,0.0,-0.0309,0.0,ohlcv_proxy,,,,
2019-06-03,17414.0,55689.0,0.0,0.0,-0.0,0.0,-0.024638,0.0,ohlcv_proxy,,,,
2019-06-04,18268.0,82519.0,0.0,0.0,0.0,0.0,-0.02496,0.0,ohlcv_proxy,,,,
2019-06-05,19051.0,127429.0,0.0,0.0,0.0,0.1,0.002747,0.0,ohlcv_proxy,,,,
2019-06-07,19169.0,119038.0,0.0,0.0,0.0,0.2,0.027308,0.0,ohlcv_proxy,,,,
2019-06-10,18956.0,159283.0,0.0,0.0,0.0,0.1,0.034247,0.0,ohlcv_proxy,,,,
2019-06-11,19217.0,92967.0,0.0,0.0,0.0,0.1,0.038714,0.0,ohlcv_proxy,,,,
2019-06-12,18576.0,89976.0,0.0,0.0,0.0,0.1,0.037769,0.0,ohlcv_proxy,,,,
2019-06-13,19692.0,105860.0,0.0,0.0,0.0,0.2,0.037244,0.0,ohlcv_proxy,,,,
2019-06-14,19454.0,84461.0,0.0,0.0,0.0,0.2,0.035555,0.0,ohlcv_proxy,,,,
2019-06-17,19454.0,53031.0,0.0,0.0,0.0,0.2,0.039156,0.0,ohlcv_proxy,,,,
2019-06-18,19146.0,67098.0,0.0,0.0,0.0,0.2,0.036583,0.0,ohlcv_proxy,,,,
2019-06-19,19312.0,39998.0,0.0,0.0,0.0,0.2,0.0446,0.0,ohlcv_proxy,,,,
2019-06-20,19359.0,35434.0,0.0,0.0,0.0,0.1,0.037516,0.0,ohlcv_proxy,,,,
2019-06-21,20023.0,139272.0,0.0,0.0,0.0,0.1,0.044191,0.0,ohlcv_proxy,,,,
2019-06-24,20593.0,142916.0,0.0,0.0,0.0,0.3,0.053618,0.0,ohlcv_proxy,,,,
2019-06-25,20546.0,165559.0,0.0,0.0,0.0,0.2,0.059701,0.0,ohlcv_proxy,,,,
2019-06-26,20498.0,43930.0,0.0,0.0,0.0,0.2,0.06019,0.0,ohlcv_proxy,,,,
2019-06-27,20189.0,41991.0,0.0,0.0,0.0,0.1,0.056935,0.0,ohlcv_proxy,,,,
2019-06-28,20356.0,38882.0,0.0,0.0,0.0,0.1,0.05602,0.0,ohlcv_proxy,,,,
2019-07-01,20000.0,32666.0,0.0,0.0,0.0,0.1,0.047179,0.0,ohlcv_proxy,,,,
2019-07-02,20332.0,30772.0,0.0,0.0,0.0,0.1,0.036125,0.0,ohlcv_proxy,,,,
2019-07-03,19858.0,33737.0,0.0,0.0,0.0,0.1,0.025566,0.0,ohlcv_proxy,,,,
2019-07-04,20071.0,19427.0,0.0,0.0,0.0,0.1,0.021687,0.0,ohlcv_proxy,,,,
2019-07-05,19075.0,206812.0,0.0,0.0,-0.0,-0.1,-0.011948,0.1,ohlcv_proxy,,,,
2019-07-08,18909.0,45862.0,0.0,0.0,-0.0,-0.2,-0.020947,0.1,ohlcv_proxy,,,,
2019-07-09,18647.0,58190.0,0.0,0.0,-0.0,-0.1,-0.030151,0.1,ohlcv_proxy,,,,
2019-07-10,19027.0,62184.0,0.0,0.0,-0.0,-0.1,-0.036094,0.1,ohlcv_proxy,,,,
2019-07-11,19169.0,33857.0,0.0,0.0,-0.0,-0.1,-0.037544,0.1,ohlcv_proxy,,,,
2019-07-12,18932.0,49882.0,0.0,0.0,-0.0,-0.1,-0.040928,0.1,ohlcv_proxy,,,,
2019-07-15,18552.0,64305.0,0.0,0.0,-0.0,-0.1,-0.043103,0.1,ohlcv_proxy,,,,
2019-07-16,18481.0,73631.0,0.0,0.0,-0.0,-0.1,-0.043925,0.1,ohlcv_proxy,,,,
2019-07-17,17129.0,268914.0,0.0,0.0,-1e-06,-0.2,-0.071847,0.2,ohlcv_proxy,,,,
2019-07-18,17390.0,222073.0,0.0,0.0,-0.0,-0.1,-0.071782,0.2,ohlcv_proxy,,,,
2019-07-19,17580.0,70601.0,0.0,0.0,-0.0,0.0,-0.06995,0.1,ohlcv_proxy,,,,
2019-07-22,17604.0,53620.0,0.0,0.0,-0.0,0.0,-0.065011,0.1,ohlcv_proxy,,,,
2019-07-23,17082.0,56536.0,0.0,0.0,-0.0,0.0,-0.059292,0.1,ohlcv_proxy,,,,
2019-07-24,17034.0,49920.0,0.0,0.0,-0.0,0.0,-0.049981,0.1,ohlcv_proxy,,,,
2019-07-25,16915.0,103835.0,0.0,0.0,-0.0,0.0,-0.051175,0.1,ohlcv_proxy,,,,
2019-07-26,16157.0,99838.0,0.0,0.0,-1e-06,0.0,-0.062098,0.1,ohlcv_proxy,,,,
2019-07-29,15658.0,46828.0,0.0,0.0,-1e-06,0.0,-0.071642,0.1,ohlcv_proxy,,,,
2019-07-30,15706.0,69183.0,0.0,0.0,-1e-06,0.0,-0.078225,0.1,ohlcv_proxy,,,,
2019-07-31,15729.0,53262.0,0.0,0.0,-1e-06,0.1,-0.08299,0.0,ohlcv_proxy,,,,
2019-08-01,15350.0,42172.0,0.0,0.0,-1e-06,0.0,-0.099267,0.0,ohlcv_proxy,,,,
2019-08-02,15041.0,89474.0,0.0,0.0,-1e-06,0.0,-0.101723,0.0,ohlcv_proxy,,,,
2019-08-05,14235.0,102439.0,0.0,0.0,-1e-06,0.0,-0.111831,0.0,ohlcv_proxy,,,,
2019-08-06,12740.0,284810.0,0.0,0.0,-2e-06,-0.1,-0.150469,0.1,ohlcv_proxy,,,,
2019-08-07,13926.0,219432.0,0.0,0.0,-1e-06,0.0,-0.139531,0.1,ohlcv_proxy,,,,
2019-08-08,13974.0,75894.0,0.0,0.0,-1e-06,0.0,-0.136882,0.1,ohlcv_proxy,,,,
2019-08-09,14425.0,46162.0,0.0,0.0,-1e-06,0.0,-0.138811,0.1,ohlcv_proxy,,,,
2019-08-12,14614.0,68755.0,0.0,0.0,-0.0,0.0,-0.131765,0.1,ohlcv_proxy,,,,
2019-08-13,14709.0,53868.0,0.0,0.0,-0.0,0.0,-0.084048,0.1,ohlcv_proxy,,,,
2019-08-14,14709.0,38803.0,0.0,0.0,-0.0,0.0,-0.051088,0.1,ohlcv_proxy,,,,
2019-08-16,14187.0,48281.0,0.0,0.0,-0.0,0.0,-0.024769,0.1,ohlcv_proxy,,,,
2019-08-19,14401.0,31632.0,0.0,0.0,-0.0,0.0,-0.016267,0.1,ohlcv_proxy,,,,
2019-08-20,14472.0,11780.0,0.0,0.0,-0.0,0.0,-0.011976,0.1,ohlcv_proxy,,,,
2019-08-21,14496.0,44966.0,0.0,0.0,-0.0,0.1,-0.01026,0.0,ohlcv_proxy,,,,
2019-08-22,14377.0,55949.0,0.0,0.0,-0.0,0.0,-0.009497,0.0,ohlcv_proxy,,,,
2019-08-23,14852.0,99125.0,0.0,0.0,-0.0,0.0,0.016135,0.0,ohlcv_proxy,,,,
2019-08-26,14092.0,44963.0,0.0,0.0,-0.0,0.0,0.020529,0.0,ohlcv_proxy,,,,
2019-08-27,14425.0,27169.0,0.0,0.0,-0.0,0.0,0.022867,0.0,ohlcv_proxy,,,,
2019-08-28,14520.0,11111.0,0.0,0.0,-0.0,0.0,0.028277,0.0,ohlcv_proxy,,,,
2019-08-29,14045.0,44657.0,0.0,0.0,-0.0,0.0,0.028695,0.0,ohlcv_proxy,,,,
2019-08-30,14282.0,29317.0,0.0,0.0,-0.0,0.0,0.011661,0.0,ohlcv_proxy,,,,
2019-09-02,14329.0,20174.0,0.0,0.0,-0.0,0.0,0.020181,0.0,ohlcv_proxy,,,,
2019-09-03,14258.0,23925.0,0.0,0.0,-0.0,0.0,0.018793,0.0,ohlcv_proxy,,,,
2019-09-04,14377.0,33672.0,0.0,0.0,-0.0,0.0,-0.005354,0.0,ohlcv_proxy,,,,
2019-09-05,14946.0,70733.0,0.0,0.0,0.0,0.1,0.007376,0.0,ohlcv_proxy,,,,
2019-09-06,14638.0,59517.0,0.0,0.0,0.0,0.1,0.00774,0.0,ohlcv_proxy,,,,
2019-09-09,14140.0,67745.0,0.0,0.0,-0.0,0.0,0.002124,0.0,ohlcv_proxy,,,,
2019-09-10,14686.0,62851.0,0.0,0.0,0.0,0.0,0.005727,0.0,ohlcv_proxy,,,,
2019-09-11,14875.0,38218.0,0.0,0.0,0.0,0.0,0.009666,0.0,ohlcv_proxy,,,,
2019-09-16,15421.0,64457.0,0.0,0.0,0.0,0.0,0.0124,0.0,ohlcv_proxy,,,,
2019-09-17,15065.0,44925.0,0.0,0.0,0.0,0.0,0.014295,0.0,ohlcv_proxy,,,,
2019-09-18,14780.0,63548.0,0.0,0.0,0.0,0.0,0.023815,0.0,ohlcv_proxy,,,,
2019-09-19,14614.0,36527.0,0.0,0.0,-0.0,0.0,0.025036,0.0,ohlcv_proxy,,,,
2019-09-20,14733.0,26366.0,0.0,0.0,0.0,0.0,0.02369,0.0,ohlcv_proxy,,,,
2019-09-23,14875.0,72018.0,0.0,0.0,0.0,0.0,0.011254,0.0,ohlcv_proxy,,,,
2019-09-24,15326.0,45550.0,0.0,0.0,0.0,0.0,0.013713,0.0,ohlcv_proxy,,,,
2019-09-25,14733.0,47707.0,0.0,0.0,-0.0,0.1,0.011275,0.0,ohlcv_proxy,,,,
2019-09-26,14804.0,43867.0,0.0,0.0,0.0,0.1,0.012224,0.0,ohlcv_proxy,,,,
2019-09-27,14970.0,20937.0,0.0,0.0,0.0,0.1,0.013407,0.0,ohlcv_proxy,,,,
2019-09-30,15089.0,26404.0,0.0,0.0,0.0,0.1,0.013338,0.0,ohlcv_proxy,,,,
2019-10-01,15563.0,65643.0,0.0,0.0,0.0,0.1,0.015961,0.0,ohlcv_proxy,,,,
2019-10-02,15184.0,29396.0,0.0,0.0,0.0,0.1,0.021601,0.0,ohlcv_proxy,,,,
2019-10-04,14852.0,24468.0,0.0,0.0,-0.0,0.1,0.024062,0.0,ohlcv_proxy,,,,
2019-10-07,14686.0,27333.0,0.0,0.0,-0.0,0.1,0.019524,0.0,ohlcv_proxy,,,,
2019-10-08,14852.0,50200.0,0.0,0.0,-0.0,0.0,0.015096,0.0,ohlcv_proxy,,,,
2019-10-10,14520.0,13345.0,0.0,0.0,-0.0,0.0,-0.002998,0.0,ohlcv_proxy,,,,
2019-10-11,14899.0,36179.0,0.0,0.0,0.0,0.0,-0.010656,0.0,ohlcv_proxy,,,,
2019-10-14,15184.0,39708.0,0.0,0.0,0.0,0.0,-0.007208,0.0,ohlcv_proxy,,,,
2019-10-15,15112.0,21891.0,0.0,0.0,0.0,0.0,-0.003494,0.0,ohlcv_proxy,,,,
2019-10-16,15540.0,65697.0,0.0,0.0,0.0,0.1,0.012257,0.0,ohlcv_proxy,,,,
2019-10-17,15635.0,22910.0,0.0,0.0,0.0,0.1,0.018025,0.0,ohlcv_proxy,,,,
2019-10-18,15706.0,21969.0,0.0,0.0,0.0,0.1,0.024245,0.0,ohlcv_proxy,,,,
2019-10-21,15492.0,46197.0,0.0,0.0,0.0,0.1,0.02563,0.0,ohlcv_proxy,,,,
2019-10-22,15469.0,26641.0,0.0,0.0,0.0,0.1,0.026612,0.0,ohlcv_proxy,,,,
2019-10-23,15445.0,25152.0,0.0,0.0,0.0,0.1,0.023077,0.0,ohlcv_proxy,,,,
2019-10-24,15516.0,27538.0,0.0,0.0,0.0,0.1,0.021555,0.0,ohlcv_proxy,,,,
2019-10-25,15611.0,38425.0,0.0,0.0,0.0,0.1,0.017569,0.0,ohlcv_proxy,,,,
2019-10-28,15397.0,28090.0,0.0,0.0,0.0,0.1,0.014153,0.0,ohlcv_proxy,,,,
2019-10-29,15255.0,32696.0,0.0,0.0,-0.0,0.1,0.010506,0.0,ohlcv_proxy,,,,
2019-10-30,14994.0,25357.0,0.0,0.0,-0.0,0.0,0.005804,0.0,ohlcv_proxy,,,,
2019-10-31,15492.0,50168.0,0.0,0.0,0.0,0.1,0.00734,0.0,ohlcv_proxy,,,,
2019-11-01,16299.0,97601.0,0.0,0.0,0.0,0.2,0.020351,0.0,ohlcv_proxy,,,,
2019-11-04,16275.0,48191.0,0.0,0.0,0.0,0.2,0.024525,0.0,ohlcv_proxy,,,,
2019-11-05,16085.0,39890.0,0.0,0.0,0.0,0.2,0.027612,0.0,ohlcv_proxy,,,,
2019-11-06,16085.0,118881.0,0.0,0.0,0.0,0.2,0.02653,0.0,ohlcv_proxy,,,,
2019-11-07,16963.0,161149.0,0.0,0.0,1e-06,0.3,0.034821,0.0,ohlcv_proxy,,,,
2019-11-08,18647.0,381084.0,0.0,0.0,1e-06,0.4,0.051943,0.0,ohlcv_proxy,,,,
2019-11-11,18197.0,96761.0,0.0,0.0,1e-06,0.4,0.051782,0.0,ohlcv_proxy,,,,
2019-11-12,17438.0,163411.0,0.0,0.0,0.0,0.3,0.047457,0.1,ohlcv_proxy,,,,
2019-11-13,18244.0,123026.0,0.0,0.0,1e-06,0.4,0.054016,0.1,ohlcv_proxy,,,,
2019-11-14,18126.0,45580.0,0.0,0.0,1e-06,0.3,0.063706,0.1,ohlcv_proxy,,,,
2019-11-15,17793.0,52861.0,0.0,0.0,0.0,0.2,0.040404,0.1,ohlcv_proxy,,,,
2019-11-18,17936.0,40467.0,0.0,0.0,0.0,0.2,0.032659,0.1,ohlcv_proxy,,,,
2019-11-19,17698.0,70708.0,0.0,0.0,0.0,0.2,0.039465,0.1,ohlcv_proxy,,,,
2019-11-20,18339.0,63082.0,0.0,0.0,0.0,0.2,0.033768,0.1,ohlcv_proxy,,,,
2019-11-21,17889.0,70978.0,0.0,0.0,0.0,0.1,0.028326,0.1,ohlcv_proxy,,,,
2019-11-22,17841.0,71749.0,0.0,0.0,0.0,0.0,0.025212,0.1,ohlcv_proxy,,,,
2019-11-25,17746.0,45333.0,0.0,0.0,0.0,0.0,0.021401,0.1,ohlcv_proxy,,,,
2019-11-26,17272.0,99471.0,0.0,0.0,0.0,0.1,0.012031,0.0,ohlcv_proxy,,,,
2019-11-27,17295.0,29446.0,0.0,0.0,0.0,0.0,0.001299,0.0,ohlcv_proxy,,,,
2019-11-28,16963.0,24324.0,0.0,0.0,-0.0,0.0,-0.008935,0.0,ohlcv_proxy,,,,
2019-11-29,16773.0,24272.0,0.0,0.0,-0.0,0.0,-0.02335,0.0,ohlcv_proxy,,,,
2019-12-02,16607.0,27787.0,0.0,0.0,-0.0,0.0,-0.035486,0.0,ohlcv_proxy,,,,
2019-12-03,16892.0,26810.0,0.0,0.0,-0.0,0.0,-0.046789,0.0,ohlcv_proxy,,,,
2019-12-04,16915.0,26117.0,0.0,0.0,-0.0,0.0,-0.057339,0.0,ohlcv_proxy,,,,
2019-12-05,17082.0,22641.0,0.0,0.0,0.0,0.0,-0.060644,0.0,ohlcv_proxy,,,,
2019-12-06,17272.0,29704.0,0.0,0.0,0.0,0.0,-0.041092,0.0,ohlcv_proxy,,,,
2019-12-09,17272.0,27256.0,0.0,0.0,0.0,0.0,-0.030189,0.0,ohlcv_proxy,,,,
2019-12-10,17224.0,18975.0,0.0,0.0,0.0,0.0,-0.027949,0.0,ohlcv_proxy,,,,
2019-12-11,16987.0,32780.0,0.0,0.0,-0.0,0.0,-0.021432,0.0,ohlcv_proxy,,,,
2019-12-12,17200.0,31488.0,0.0,0.0,0.0,0.0,-0.017697,0.0,ohlcv_proxy,,,,
2019-12-13,16868.0,30294.0,0.0,0.0,-0.0,0.0,-0.020248,0.0,ohlcv_proxy,,,,
2019-12-16,17485.0,40459.0,0.0,0.0,0.0,0.0,-0.014911,0.0,ohlcv_proxy,,,,
2019-12-17,17722.0,83118.0,0.0,0.0,0.0,0.1,-0.003435,0.0,ohlcv_proxy,,,,
2019-12-18,17746.0,79952.0,0.0,0.0,0.0,0.2,0.007946,0.0,ohlcv_proxy,,,,
2019-12-19,17817.0,66390.0,0.0,0.0,0.0,0.3,0.01405,0.0,ohlcv_proxy,,,,
2019-12-20,18505.0,106521.0,0.0,0.0,0.0,0.4,0.025955,0.0,ohlcv_proxy,,,,
2019-12-23,18529.0,60627.0,0.0,0.0,0.0,0.4,0.030347,0.0,ohlcv_proxy,,,,
2019-12-24,18173.0,52975.0,0.0,0.0,0.0,0.4,0.031508,0.0,ohlcv_proxy,,,,
2019-12-26,18078.0,43653.0,0.0,0.0,0.0,0.4,0.034619,0.0,ohlcv_proxy,,,,
2019-12-27,18055.0,15477.0,0.0,0.0,0.0,0.4,0.03836,0.0,ohlcv_proxy,,,,
2019-12-30,18031.0,34875.0,0.0,0.0,0.0,0.4,0.028613,0.0,ohlcv_proxy,,,,
2020-01-02,17722.0,42689.0,0.0,0.0,0.0,0.4,0.014697,0.0,ohlcv_proxy,,,,
2020-01-03,18078.0,47462.0,0.0,0.0,0.0,0.3,0.010596,0.0,ohlcv_proxy,,,,
2020-01-06,18268.0,80918.0,0.0,0.0,0.0,0.3,0.011712,0.0,ohlcv_proxy,,,,
2020-01-07,18434.0,38676.0,0.0,0.0,0.0,0.2,0.012648,0.0,ohlcv_proxy,,,,
2020-01-08,17865.0,55207.0,0.0,0.0,0.0,0.1,0.009349,0.0,ohlcv_proxy,,,,
2020-01-09,18149.0,33590.0,0.0,0.0,0.0,0.1,0.011763,0.0,ohlcv_proxy,,,,
2020-01-10,18268.0,73758.0,0.0,0.0,0.0,0.1,0.012114,0.0,ohlcv_proxy,,,,
2020-01-13,18268.0,34955.0,0.0,0.0,0.0,0.1,0.009082,0.0,ohlcv_proxy,,,,
2020-01-14,18220.0,24633.0,0.0,0.0,0.0,0.1,0.005249,0.0,ohlcv_proxy,,,,
2020-01-15,18126.0,37273.0,0.0,0.0,0.0,0.1,0.007201,0.0,ohlcv_proxy,,,,
2020-01-16,18861.0,61836.0,0.0,0.0,0.0,0.1,0.013452,0.0,ohlcv_proxy,,,,
2020-01-17,18197.0,80008.0,0.0,0.0,0.0,0.1,0.009911,0.0,ohlcv_proxy,,,,
2020-01-20,18055.0,37011.0,0.0,0.0,-0.0,0.0,0.006421,0.0,ohlcv_proxy,,,,
2020-01-21,18078.0,34128.0,0.0,0.0,0.0,0.0,0.003902,0.0,ohlcv_proxy,,,,
2020-01-22,18481.0,21857.0,0.0,0.0,0.0,0.0,0.007768,0.0,ohlcv_proxy,,,,
2020-01-23,18197.0,30628.0,0.0,0.0,0.0,0.0,-0.000726,0.0,ohlcv_proxy,,,,
2020-01-28,17817.0,37733.0,0.0,0.0,-0.0,0.0,-0.005003,0.0,ohlcv_proxy,,,,
2020-01-29,17556.0,34011.0,0.0,0.0,-0.0,0.0,-0.009796,0.0,ohlcv_proxy,,,,
2020-01-30,17485.0,42731.0,0.0,0.0,-0.0,0.0,-0.016214,0.0,ohlcv_proxy,,,,
2020-01-31,17461.0,39070.0,0.0,0.0,-0.0,0.0,-0.023446,0.0,ohlcv_proxy,,,,
2020-02-03,17461.0,26244.0,0.0,0.0,-0.0,0.0,-0.030042,0.0,ohlcv_proxy,,,,
2020-02-04,17889.0,31687.0,0.0,0.0,0.0,0.0,-0.029462,0.0,ohlcv_proxy,,,,
2020-02-05,18766.0,112510.0,0.0,0.0,0.0,0.1,-0.00358,0.0,ohlcv_proxy,,,,
2020-02-06,18885.0,35564.0,0.0,0.0,0.0,0.1,0.007642,0.0,ohlcv_proxy,,,,
2020-02-07,18695.0,61651.0,0.0,0.0,0.0,0.1,0.016197,0.0,ohlcv_proxy,,,,
2020-02-10,18576.0,34262.0,0.0,0.0,0.0,0.1,0.021169,0.0,ohlcv_proxy,,,,
2020-02-11,18458.0,29603.0,0.0,0.0,0.0,0.1,0.024522,0.0,ohlcv_proxy,,,,
2020-02-12,18268.0,34548.0,0.0,0.0,0.0,0.1,0.018448,0.0,ohlcv_proxy,,,,
2020-02-13,18292.0,42219.0,0.0,0.0,0.0,0.1,0.012039,0.0,ohlcv_proxy,,,,
2020-02-14,18386.0,41853.0,0.0,0.0,0.0,0.1,0.00625,0.0,ohlcv_proxy,,,,
2020-02-17,18292.0,36416.0,0.0,0.0,0.0,0.1,0.005627,0.0,ohlcv_proxy,,,,
2020-02-18,17912.0,40955.0,0.0,0.0,-0.0,0.1,0.00046,0.0,ohlcv_proxy,,,,
2020-02-19,17627.0,40636.0,0.0,0.0,-0.0,0.0,-0.005334,0.0,ohlcv_proxy,,,,
2020-02-20,18244.0,68391.0,0.0,0.0,0.0,0.1,-0.00539,0.0,ohlcv_proxy,,,,
2020-02-21,18126.0,46721.0,0.0,0.0,-0.0,0.1,-0.00732,0.0,ohlcv_proxy,,,,
2020-02-24,17343.0,49189.0,0.0,0.0,-0.0,0.1,-0.014531,0.0,ohlcv_proxy,,,,
2020-02-25,17627.0,34482.0,0.0,0.0,-0.0,0.1,-0.016498,0.0,ohlcv_proxy,,,,
2020-02-26,17651.0,19988.0,0.0,0.0,-0.0,0.1,-0.015889,0.0,ohlcv_proxy,,,,
2020-02-27,17129.0,32882.0,0.0,0.0,-0.0,0.1,-0.030638,0.0,ohlcv_proxy,,,,
2020-02-28,16868.0,53651.0,0.0,0.0,-0.0,0.1,-0.046604,0.0,ohlcv_proxy,,,,
2020-03-02,16987.0,23730.0,0.0,0.0,-0.0,0.1,-0.0496,0.0,ohlcv_proxy,,,,
2020-03-03,17604.0,32145.0,0.0,0.0,-0.0,0.1,-0.049641,0.0,ohlcv_proxy,,,,
2020-03-04,17983.0,66632.0,0.0,0.0,0.0,0.2,-0.032547,0.0,ohlcv_proxy,,,,
2020-03-05,17746.0,22888.0,0.0,0.0,0.0,0.1,-0.025361,0.0,ohlcv_proxy,,,,
2020-03-06,17627.0,23311.0,0.0,0.0,-0.0,0.1,-0.009553,0.0,ohlcv_proxy,,,,
2020-03-09,16180.0,72392.0,0.0,0.0,-1e-06,0.0,-0.023573,0.0,ohlcv_proxy,,,,
2020-03-10,15563.0,123030.0,0.0,0.0,-1e-06,-0.1,-0.047103,0.1,ohlcv_proxy,,,,
2020-03-11,14923.0,71406.0,0.0,0.0,-1e-06,-0.2,-0.074412,0.1,ohlcv_proxy,,,,
2020-03-12,13760.0,104597.0,0.0,0.0,-1e-06,-0.3,-0.092187,0.2,ohlcv_proxy,,,,
2020-03-13,13808.0,146860.0,0.0,0.0,-1e-06,-0.2,-0.09805,0.2,ohlcv_proxy,,,,
2020-03-16,12479.0,71750.0,0.0,0.0,-2e-06,-0.2,-0.113175,0.2,ohlcv_proxy,,,,
2020-03-17,11934.0,108511.0,0.0,0.0,-2e-06,-0.3,-0.141627,0.2,ohlcv_proxy,,,,
2020-03-18,10889.0,73623.0,0.0,0.0,-3e-06,-0.4,-0.160412,0.2,ohlcv_proxy,,,,
2020-03-19,9348.0,359823.0,0.0,0.0,-4e-06,-0.5,-0.196271,0.3,ohlcv_proxy,,,,
2020-03-20,10889.0,101788.0,0.0,0.0,-2e-06,-0.5,-0.2,0.3,ohlcv_proxy,,,,
2020-03-23,10605.0,71267.0,0.0,0.0,-2e-06,-0.4,-0.2,0.3,ohlcv_proxy,,,,
2020-03-24,10771.0,69796.0,0.0,0.0,-2e-06,-0.3,-0.2,0.2,ohlcv_proxy,,,,
2020-03-25,11625.0,73997.0,0.0,0.0,-1e-06,-0.2,-0.2,0.2,ohlcv_proxy,,,,
2020-03-26,12621.0,99275.0,0.0,0.0,-0.0,-0.1,-0.109413,0.1,ohlcv_proxy,,,,
2020-03-27,12194.0,54995.0,0.0,0.0,-0.0,-0.2,-0.079219,0.1,ohlcv_proxy,,,,
2020-03-30,12526.0,37064.0,0.0,0.0,-0.0,-0.2,-0.049661,0.1,ohlcv_proxy,,,,
2020-03-31,12788.0,33471.0,0.0,0.0,0.0,-0.1,-0.013609,0.1,ohlcv_proxy,,,,
2020-04-01,12692.0,44907.0,0.0,0.0,-0.0,-0.1,0.023104,0.1,ohlcv_proxy,,,,
2020-04-02,13404.0,43456.0,0.0,0.0,0.0,0.0,0.038237,0.0,ohlcv_proxy,,,,
2020-04-03,13926.0,51883.0,0.0,0.0,1e-06,0.0,0.075538,0.0,ohlcv_proxy,,,,
2020-04-06,13666.0,45700.0,0.0,0.0,0.0,0.0,0.104231,0.0,ohlcv_proxy,,,,
2020-04-07,13784.0,32213.0,0.0,0.0,0.0,0.0,0.137385,0.0,ohlcv_proxy,,,,
2020-04-08,13428.0,40655.0,0.0,0.0,0.0,0.0,0.159608,0.0,ohlcv_proxy,,,,
2020-04-09,13475.0,21187.0,0.0,0.0,0.0,0.0,0.173529,0.0,ohlcv_proxy,,,,
2020-04-10,13475.0,41732.0,0.0,0.0,0.0,0.0,0.17989,0.0,ohlcv_proxy,,,,
2020-04-13,13072.0,33528.0,0.0,0.0,-0.0,0.0,0.170288,0.0,ohlcv_proxy,,,,
2020-04-14,13571.0,24902.0,0.0,0.0,0.0,0.0,0.165845,0.0,ohlcv_proxy,,,,
2020-04-16,13808.0,25044.0,0.0,0.0,0.0,0.0,0.163269,0.0,ohlcv_proxy,,,,
2020-04-17,14282.0,53978.0,0.0,0.0,1e-06,0.0,0.095179,0.0,ohlcv_proxy,,,,
2020-04-20,14353.0,30147.0,0.0,0.0,1e-06,0.0,0.088399,0.0,ohlcv_proxy,,,,
2020-04-21,13832.0,38870.0,0.0,0.0,0.0,0.0,0.081414,0.0,ohlcv_proxy,,,,
2020-04-22,13428.0,51182.0,0.0,0.0,-0.0,0.0,0.057565,0.0,ohlcv_proxy,,,,
2020-04-23,13737.0,45391.0,0.0,0.0,0.0,0.0,0.042573,0.0,ohlcv_proxy,,,,
2020-04-24,13998.0,67071.0,0.0,0.0,0.0,0.1,0.027177,0.0,ohlcv_proxy,,,,
2020-04-27,14875.0,64533.0,0.0,0.0,1e-06,0.2,0.026625,0.0,ohlcv_proxy,,,,
2020-04-28,14757.0,54155.0,0.0,0.0,1e-06,0.2,0.029771,0.0,ohlcv_proxy,,,,
2020-04-29,15207.0,83977.0,0.0,0.0,1e-06,0.3,0.045401,0.0,ohlcv_proxy,,,,
2020-05-04,15112.0,24053.0,0.0,0.0,1e-06,0.3,0.050626,0.0,ohlcv_proxy,,,,
2020-05-06,15563.0,40598.0,0.0,0.0,1e-06,0.3,0.065167,0.0,ohlcv_proxy,,,,
2020-05-07,15943.0,35876.0,0.0,0.0,1e-06,0.3,0.071519,0.0,ohlcv_proxy,,,,
2020-05-08,16252.0,28482.0,0.0,0.0,1e-06,0.3,0.082273,0.0,ohlcv_proxy,,,,
2020-05-11,17011.0,67680.0,0.0,0.0,1e-06,0.4,0.109811,0.0,ohlcv_proxy,,,,
2020-05-12,16773.0,122415.0,0.0,0.0,1e-06,0.3,0.107646,0.0,ohlcv_proxy,,,,
2020-05-13,16489.0,37720.0,0.0,0.0,1e-06,0.2,0.109393,0.0,ohlcv_proxy,,,,
2020-05-14,16631.0,103196.0,0.0,0.0,1e-06,0.2,0.097432,0.0,ohlcv_proxy,,,,
2020-05-15,16892.0,31120.0,0.0,0.0,1e-06,0.2,0.092189,0.0,ohlcv_proxy,,,,
2020-05-18,16773.0,38256.0,0.0,0.0,1e-06,0.1,0.082267,0.0,ohlcv_proxy,,,,
2020-05-19,16702.0,35609.0,0.0,0.0,0.0,0.1,0.074446,0.0,ohlcv_proxy,,,,
2020-05-20,16963.0,34218.0,0.0,0.0,1e-06,0.1,0.071178,0.0,ohlcv_proxy,,,,
2020-05-21,18007.0,705392.0,0.0,0.0,1e-06,0.2,0.070853,0.0,ohlcv_proxy,,,,
2020-05-22,17177.0,144884.0,0.0,0.0,0.0,0.1,0.060288,0.0,ohlcv_proxy,,,,
2020-05-25,18292.0,122169.0,0.0,0.0,1e-06,0.0,0.054248,0.0,ohlcv_proxy,,,,
2020-05-26,19122.0,261549.0,0.0,0.0,1e-06,0.2,0.050481,0.0,ohlcv_proxy,,,,
2020-05-27,19858.0,1265218.0,0.0,0.0,1e-06,0.3,0.038106,0.0,ohlcv_proxy,,,,
2020-05-28,19573.0,239516.0,0.0,0.0,1e-06,0.2,0.052311,0.0,ohlcv_proxy,,,,
2020-05-29,19834.0,131292.0,0.0,0.0,1e-06,0.2,0.056377,0.0,ohlcv_proxy,,,,
2020-06-01,20023.0,159737.0,0.0,0.0,1e-06,0.2,0.054267,0.0,ohlcv_proxy,,,,
2020-06-02,20047.0,131010.0,0.0,0.0,1e-06,0.2,0.055947,0.0,ohlcv_proxy,,,,
2020-06-03,19644.0,121309.0,0.0,0.0,1e-06,0.2,0.049937,0.0,ohlcv_proxy,,,,
2020-06-04,19264.0,93971.0,0.0,0.0,0.0,0.1,0.048209,0.0,ohlcv_proxy,,,,
2020-06-05,19335.0,65054.0,0.0,0.0,0.0,0.2,0.043554,0.0,ohlcv_proxy,,,,
2020-06-08,19335.0,52342.0,0.0,0.0,0.0,0.2,0.033926,0.0,ohlcv_proxy,,,,
2020-06-09,18647.0,100897.0,0.0,0.0,0.0,0.1,0.011862,0.0,ohlcv_proxy,,,,
2020-06-10,18292.0,87203.0,0.0,0.0,0.0,0.0,-0.005868,0.0,ohlcv_proxy,,,,
2020-06-11,18552.0,116985.0,0.0,0.0,0.0,0.0,-0.017748,0.0,ohlcv_proxy,,,,
2020-06-12,18339.0,88799.0,0.0,0.0,0.0,0.0,-0.026505,0.0,ohlcv_proxy,,,,
2020-06-15,16607.0,115495.0,0.0,0.0,-1e-06,0.0,-0.051562,0.0,ohlcv_proxy,,,,
2020-06-16,17272.0,51786.0,0.0,0.0,-0.0,0.0,-0.062952,0.0,ohlcv_proxy,,,,
2020-06-17,17414.0,47815.0,0.0,0.0,-0.0,0.0,-0.070391,0.0,ohlcv_proxy,,,,
2020-06-18,17485.0,51495.0,0.0,0.0,-0.0,0.0,-0.095711,0.0,ohlcv_proxy,,,,
2020-06-19,18671.0,126311.0,0.0,0.0,0.0,0.0,-0.088485,0.0,ohlcv_proxy,,,,
2020-06-22,19312.0,140941.0,0.0,0.0,0.0,0.0,-0.046051,0.0,ohlcv_proxy,,,,
2020-06-23,19003.0,104912.0,0.0,0.0,0.0,0.0,-0.033096,0.0,ohlcv_proxy,,,,
2020-06-24,19312.0,157046.0,0.0,0.0,0.0,0.0,-0.002698,0.0,ohlcv_proxy,,,,
2020-06-25,18814.0,103036.0,0.0,0.0,0.0,0.0,0.006418,0.0,ohlcv_proxy,,,,
2020-06-26,19763.0,1111487.0,0.0,0.0,0.0,0.1,0.019459,0.0,ohlcv_proxy,,,,
2020-06-29,20403.0,437882.0,0.0,0.0,0.0,0.2,0.023978,0.0,ohlcv_proxy,,,,
2020-06-30,19929.0,157516.0,0.0,0.0,0.0,0.2,0.02673,0.0,ohlcv_proxy,,,,
2020-07-01,20356.0,142803.0,0.0,0.0,0.0,0.2,0.029152,0.0,ohlcv_proxy,,,,
2020-07-02,19929.0,88606.0,0.0,0.0,0.0,0.2,0.031264,0.0,ohlcv_proxy,,,,
2020-07-03,21115.0,347933.0,0.0,0.0,1e-06,0.3,0.049855,0.0,ohlcv_proxy,,,,
2020-07-06,22301.0,497132.0,0.0,0.0,1e-06,0.4,0.070116,0.0,ohlcv_proxy,,,,
2020-07-07,24436.0,1455532.0,0.0,0.0,1e-06,0.5,0.097182,0.0,ohlcv_proxy,,,,
2020-07-08,24578.0,358298.0,0.0,0.0,1e-06,0.5,0.099231,0.0,ohlcv_proxy,,,,
2020-07-09,25385.0,1006761.0,0.0,0.0,1e-06,0.6,0.093604,0.0,ohlcv_proxy,,,,
2020-07-10,26192.0,404107.0,0.0,0.0,1e-06,0.5,0.102046,0.0,ohlcv_proxy,,,,
2020-07-13,26524.0,509392.0,0.0,0.0,1e-06,0.4,0.108492,0.0,ohlcv_proxy,,,,
2020-07-14,25955.0,1556935.0,0.0,0.0,1e-06,0.3,0.105345,0.1,ohlcv_proxy,,,,
2020-07-15,25528.0,490859.0,0.0,0.0,1e-06,0.3,0.101689,0.1,ohlcv_proxy,,,,
2020-07-16,27568.0,768400.0,0.0,0.0,1e-06,0.4,0.105781,0.1,ohlcv_proxy,,,,
2020-07-17,27995.0,497836.0,0.0,0.0,1e-06,0.3,0.103256,0.1,ohlcv_proxy,,,,
2020-07-20,29751.0,947742.0,0.0,0.0,1e-06,0.3,0.107913,0.1,ohlcv_proxy,,,,
2020-07-21,34164.0,2247669.0,0.0,0.0,1e-06,0.3,0.172731,0.1,ohlcv_proxy,,,,
2020-07-22,33926.0,1162429.0,0.0,0.0,1e-06,0.2,0.183288,0.1,ohlcv_proxy,,,,
2020-07-23,32787.0,632870.0,0.0,0.0,1e-06,0.1,0.19607,0.1,ohlcv_proxy,,,,
2020-07-24,31269.0,467848.0,0.0,0.0,1e-06,0.1,0.176204,0.1,ohlcv_proxy,,,,
2020-07-27,32503.0,408558.0,0.0,0.0,1e-06,0.1,0.181439,0.1,ohlcv_proxy,,,,
2020-07-28,34164.0,474131.0,0.0,0.0,1e-06,0.2,0.157095,0.0,ohlcv_proxy,,,,
2020-07-29,33167.0,363680.0,0.0,0.0,1e-06,0.2,0.136173,0.0,ohlcv_proxy,,,,
2020-07-30,38434.0,1459297.0,0.0,0.0,1e-06,0.2,0.188399,0.0,ohlcv_proxy,,,,
2020-07-31,37722.0,767772.0,0.0,0.0,1e-06,0.2,0.2,0.0,ohlcv_proxy,,,,
2020-08-03,37864.0,292340.0,0.0,0.0,1e-06,0.1,0.2,0.0,ohlcv_proxy,,,,
2020-08-04,37485.0,513374.0,0.0,0.0,1e-06,0.0,0.19022,0.0,ohlcv_proxy,,,,
2020-08-05,39098.0,351599.0,0.0,0.0,1e-06,0.1,0.197488,0.0,ohlcv_proxy,,,,
2020-08-06,39667.0,428169.0,0.0,0.0,1e-06,0.1,0.175918,0.0,ohlcv_proxy,,,,
2020-08-07,38054.0,473483.0,0.0,0.0,1e-06,0.1,0.168024,0.0,ohlcv_proxy,,,,
2020-08-10,38576.0,386573.0,0.0,0.0,1e-06,0.1,0.158158,0.0,ohlcv_proxy,,,,
2020-08-11,38813.0,597078.0,0.0,0.0,0.0,0.1,0.131308,0.0,ohlcv_proxy,,,,
2020-08-12,40569.0,605360.0,0.0,0.0,1e-06,0.1,0.123404,0.0,ohlcv_proxy,,,,
2020-08-13,40474.0,325840.0,0.0,0.0,0.0,0.0,0.108341,0.0,ohlcv_proxy,,,,
2020-08-14,38481.0,365726.0,0.0,0.0,0.0,0.0,0.100651,0.0,ohlcv_proxy,,,,
2020-08-18,37105.0,300430.0,0.0,0.0,0.0,0.0,0.081283,0.0,ohlcv_proxy,,,,
2020-08-19,38529.0,306934.0,0.0,0.0,0.0,0.0,0.066768,0.0,ohlcv_proxy,,,,
2020-08-20,37247.0,295971.0,0.0,0.0,0.0,0.0,0.033241,0.0,ohlcv_proxy,,,,
2020-08-21,37010.0,221509.0,0.0,0.0,0.0,0.0,0.007609,0.0,ohlcv_proxy,,,,
2020-08-24,39241.0,422881.0,0.0,0.0,0.0,0.0,0.00343,0.0,ohlcv_proxy,,,,
2020-08-25,40332.0,275296.0,0.0,0.0,0.0,0.0,0.010925,0.0,ohlcv_proxy,,,,
2020-08-26,40190.0,308568.0,0.0,0.0,0.0,0.0,0.012352,0.0,ohlcv_proxy,,,,
2020-08-27,41376.0,397184.0,0.0,0.0,0.0,0.0,0.026833,0.0,ohlcv_proxy,,,,
2020-08-28,44887.0,675080.0,0.0,0.0,0.0,0.1,0.061706,0.0,ohlcv_proxy,,,,
2020-08-31,48635.0,548152.0,0.0,0.0,1e-06,0.1,0.095625,0.0,ohlcv_proxy,,,,
2020-09-01,46500.0,357416.0,0.0,0.0,0.0,0.1,0.10647,0.0,ohlcv_proxy,,,,
2020-09-02,46263.0,244480.0,0.0,0.0,0.0,0.1,0.115935,0.0,ohlcv_proxy,,,,
2020-09-03,49822.0,539146.0,0.0,0.0,0.0,0.1,0.138069,0.0,ohlcv_proxy,,,,
2020-09-04,56227.0,1729769.0,0.0,0.0,1e-06,0.2,0.179151,0.0,ohlcv_proxy,,,,
2020-09-07,57176.0,1678069.0,0.0,0.0,1e-06,0.3,0.168738,0.0,ohlcv_proxy,,,,
2020-09-08,53143.0,825035.0,0.0,0.0,0.0,0.3,0.157051,0.0,ohlcv_proxy,,,,
2020-09-09,54567.0,508739.0,0.0,0.0,0.0,0.3,0.145455,0.0,ohlcv_proxy,,,,
2020-09-10,54330.0,293305.0,0.0,0.0,0.0,0.3,0.142054,0.0,ohlcv_proxy,,,,
2020-09-11,54330.0,324725.0,0.0,0.0,0.0,0.2,0.125089,0.0,ohlcv_proxy,,,,
2020-09-14,53143.0,273585.0,0.0,0.0,0.0,0.2,0.081936,0.0,ohlcv_proxy,,,,
2020-09-15,52906.0,330010.0,0.0,0.0,0.0,0.2,0.074883,0.0,ohlcv_proxy,,,,
2020-09-16,52906.0,289428.0,0.0,0.0,0.0,0.2,0.057998,0.0,ohlcv_proxy,,,,
2020-09-17,51245.0,281867.0,0.0,0.0,0.0,0.2,0.038356,0.0,ohlcv_proxy,,,,
2020-09-18,52194.0,253441.0,0.0,0.0,0.0,0.1,0.023102,0.0,ohlcv_proxy,,,,
2020-09-21,52431.0,578724.0,0.0,0.0,0.0,0.0,0.010113,0.0,ohlcv_proxy,,,,
2020-09-22,47924.0,516436.0,0.0,0.0,-0.0,0.0,-0.016715,0.0,ohlcv_proxy,,,,
2020-09-23,46975.0,557933.0,0.0,0.0,-0.0,0.0,-0.042921,0.0,ohlcv_proxy,,,,
2020-09-24,45693.0,499912.0,0.0,0.0,-0.0,0.0,-0.064258,0.0,ohlcv_proxy,,,,
2020-09-25,44697.0,237361.0,0.0,0.0,-0.0,0.0,-0.084031,0.0,ohlcv_proxy,,,,
2020-09-28,48635.0,293477.0,0.0,0.0,0.0,0.0,-0.10711,0.0,ohlcv_proxy,,,,
2020-09-29,47022.0,237621.0,0.0,0.0,-0.0,0.0,-0.113743,0.0,ohlcv_proxy,,,,
2020-10-05,50770.0,707469.0,0.0,0.0,0.0,0.0,-0.087779,0.0,ohlcv_proxy,,,,
2020-10-06,54330.0,457751.0,0.0,0.0,0.0,0.0,-0.051757,0.0,ohlcv_proxy,,,,
2020-10-07,55516.0,424388.0,0.0,0.0,0.0,0.0,-0.01045,0.0,ohlcv_proxy,,,,
2020-10-08,57413.0,451457.0,0.0,0.0,0.0,0.0,0.03247,0.0,ohlcv_proxy,,,,
2020-10-12,57176.0,295858.0,0.0,0.0,0.0,0.0,0.053337,0.0,ohlcv_proxy,,,,
2020-10-13,53855.0,405525.0,0.0,0.0,0.0,0.0,0.077318,0.0,ohlcv_proxy,,,,
2020-10-14,52669.0,311640.0,0.0,0.0,0.0,0.0,0.075141,0.0,ohlcv_proxy,,,,
2020-10-15,51482.0,457431.0,0.0,0.0,0.0,0.0,0.058981,0.0,ohlcv_proxy,,,,
2020-10-16,49110.0,381871.0,0.0,0.0,-0.0,0.0,0.026909,0.0,ohlcv_proxy,,,,
2020-10-19,47022.0,298149.0,0.0,0.0,-0.0,0.0,-0.000395,0.0,ohlcv_proxy,,,,
2020-10-20,49584.0,408417.0,0.0,0.0,-0.0,0.0,-0.016007,0.0,ohlcv_proxy,,,,
2020-10-21,49110.0,175798.0,0.0,0.0,-0.0,0.0,-0.026197,0.0,ohlcv_proxy,,,,
2020-10-22,47164.0,202443.0,0.0,0.0,-0.0,0.0,-0.042139,0.0,ohlcv_proxy,,,,
2020-10-23,48161.0,182084.0,0.0,0.0,-0.0,0.0,-0.042875,0.0,ohlcv_proxy,,,,
2020-10-26,44697.0,365825.0,0.0,0.0,-0.0,0.0,-0.054784,0.0,ohlcv_proxy,,,,
2020-10-27,45693.0,289777.0,0.0,0.0,-0.0,0.0,-0.078391,0.0,ohlcv_proxy,,,,
2020-10-28,49347.0,424320.0,0.0,0.0,0.0,0.0,-0.073265,0.0,ohlcv_proxy,,,,
2020-10-29,50059.0,278063.0,0.0,0.0,0.0,0.0,-0.066068,0.0,ohlcv_proxy,,,,
2020-10-30,47307.0,220953.0,0.0,0.0,-0.0,0.0,-0.067779,0.0,ohlcv_proxy,,,,
2020-11-02,50533.0,319396.0,0.0,0.0,0.0,0.0,-0.044387,0.0,ohlcv_proxy,,,,
2020-11-03,51957.0,377485.0,0.0,0.0,0.0,0.0,-0.020502,0.0,ohlcv_proxy,,,,
2020-11-04,46832.0,1726951.0,0.0,0.0,-0.0,-0.1,-0.034728,0.1,ohlcv_proxy,,,,
2020-11-05,50533.0,993812.0,0.0,0.0,0.0,0.0,-0.020871,0.1,ohlcv_proxy,,,,
2020-11-06,53618.0,834012.0,0.0,0.0,0.0,0.1,0.000425,0.1,ohlcv_proxy,,,,
2020-11-09,61921.0,1067142.0,0.0,0.0,0.0,0.2,0.028643,0.1,ohlcv_proxy,,,,
2020-11-10,62159.0,700702.0,0.0,0.0,0.0,0.2,0.040932,0.1,ohlcv_proxy,,,,
2020-11-11,58125.0,548285.0,0.0,0.0,0.0,0.2,0.100661,0.1,ohlcv_proxy,,,,
2020-11-12,56464.0,400286.0,0.0,0.0,0.0,0.2,0.13029,0.1,ohlcv_proxy,,,,
2020-11-13,56464.0,396329.0,0.0,0.0,0.0,0.2,0.145109,0.1,ohlcv_proxy,,,,
2020-11-16,55753.0,221723.0,0.0,0.0,0.0,0.2,0.114323,0.1,ohlcv_proxy,,,,
2020-11-17,56227.0,244585.0,0.0,0.0,0.0,0.2,0.077473,0.1,ohlcv_proxy,,,,
2020-11-18,60498.0,686100.0,0.0,0.0,0.0,0.3,0.083359,0.0,ohlcv_proxy,,,,
2020-11-19,60735.0,298687.0,0.0,0.0,0.0,0.2,0.090965,0.0,ohlcv_proxy,,,,
2020-11-20,59786.0,232236.0,0.0,0.0,0.0,0.1,0.0986,0.0,ohlcv_proxy,,,,
2020-11-23,58837.0,471737.0,0.0,0.0,0.0,0.0,0.093528,0.0,ohlcv_proxy,,,,
2020-11-24,60735.0,421413.0,0.0,0.0,0.0,0.0,0.095409,0.0,ohlcv_proxy,,,,
2020-11-25,59549.0,265360.0,0.0,0.0,0.0,0.0,0.084398,0.0,ohlcv_proxy,,,,
2020-11-26,60972.0,243892.0,0.0,0.0,0.0,0.0,0.079326,0.0,ohlcv_proxy,,,,
2020-11-27,61447.0,229890.0,0.0,0.0,0.0,0.0,0.077766,0.0,ohlcv_proxy,,,,
2020-11-30,60735.0,179128.0,0.0,0.0,0.0,0.0,0.082652,0.0,ohlcv_proxy,,,,
2020-12-01,60023.0,148136.0,0.0,0.0,0.0,0.0,0.0766,0.0,ohlcv_proxy,,,,
2020-12-02,58362.0,269983.0,0.0,0.0,0.0,0.0,0.036197,0.0,ohlcv_proxy,,,,
2020-12-03,57176.0,431456.0,0.0,0.0,-0.0,0.0,0.000845,0.0,ohlcv_proxy,,,,
2020-12-04,56939.0,226807.0,0.0,0.0,-0.0,0.0,-0.021737,0.0,ohlcv_proxy,,,,
2020-12-07,59074.0,287967.0,0.0,0.0,0.0,0.0,-0.017853,0.0,ohlcv_proxy,,,,
2020-12-08,58837.0,180114.0,0.0,0.0,0.0,0.0,-0.014016,0.0,ohlcv_proxy,,,,
2020-12-09,65480.0,1170385.0,0.0,0.0,0.0,0.1,0.029798,0.0,ohlcv_proxy,,,,
2020-12-10,68090.0,848937.0,0.0,0.0,0.0,0.2,0.055393,0.0,ohlcv_proxy,,,,
2020-12-11,67853.0,232252.0,0.0,0.0,0.0,0.2,0.06229,0.0,ohlcv_proxy,,,,
2020-12-14,69988.0,484226.0,0.0,0.0,0.0,0.2,0.072449,0.0,ohlcv_proxy,,,,
2020-12-15,72360.0,281846.0,0.0,0.0,0.0,0.2,0.078577,0.0,ohlcv_proxy,,,,
2020-12-16,79477.0,492773.0,0.0,0.0,0.0,0.2,0.112548,0.0,ohlcv_proxy,,,,
2020-12-17,84222.0,492802.0,0.0,0.0,0.0,0.2,0.158245,0.0,ohlcv_proxy,,,,
2020-12-18,85171.0,437640.0,0.0,0.0,0.0,0.2,0.176601,0.0,ohlcv_proxy,,,,
2020-12-21,82799.0,510088.0,0.0,0.0,0.0,0.2,0.192093,0.0,ohlcv_proxy,,,,
2020-12-22,77546.0,561087.0,0.0,0.0,0.0,0.2,0.176121,0.0,ohlcv_proxy,,,,
2020-12-23,77546.0,271712.0,0.0,0.0,0.0,0.1,0.165698,0.0,ohlcv_proxy,,,,
2020-12-24,79297.0,316560.0,0.0,0.0,0.0,0.0,0.141576,0.0,ohlcv_proxy,,,,
2020-12-28,82299.0,365377.0,0.0,0.0,0.0,0.0,0.119654,0.0,ohlcv_proxy,,,,
2020-12-29,84050.0,257354.0,0.0,0.0,0.0,0.0,0.106939,0.0,ohlcv_proxy,,,,
2020-12-30,88552.0,323826.0,0.0,0.0,0.0,0.0,0.130724,0.0,ohlcv_proxy,,,,
2021-01-04,88302.0,252964.0,0.0,0.0,0.0,0.0,0.141635,0.0,ohlcv_proxy,,,,
2021-01-05,90303.0,341721.0,0.0,0.0,0.0,0.0,0.149638,0.0,ohlcv_proxy,,,,
2021-01-06,89303.0,395629.0,0.0,0.0,0.0,0.0,0.154466,0.0,ohlcv_proxy,,,,
2021-01-07,88552.0,402264.0,0.0,0.0,0.0,0.0,0.146374,0.0,ohlcv_proxy,,,,
2021-01-08,87301.0,345632.0,0.0,0.0,0.0,0.0,0.131943,0.0,ohlcv_proxy,,,,
2021-01-11,85801.0,373764.0,0.0,0.0,0.0,0.0,0.093859,0.0,ohlcv_proxy,,,,
2021-01-12,83799.0,372320.0,0.0,0.0,0.0,0.0,0.057709,0.0,ohlcv_proxy,,,,
2021-01-13,84550.0,227810.0,0.0,0.0,0.0,0.0,0.040815,0.0,ohlcv_proxy,,,,
2021-01-14,82799.0,216327.0,0.0,0.0,0.0,0.0,0.016992,0.0,ohlcv_proxy,,,,
2021-01-15,80547.0,189948.0,0.0,0.0,0.0,0.0,-0.001494,0.0,ohlcv_proxy,,,,
2021-01-18,79547.0,263271.0,0.0,0.0,-0.0,0.0,-0.020721,0.0,ohlcv_proxy,,,,
2021-01-19,86301.0,333102.0,0.0,0.0,0.0,0.0,-0.014379,0.0,ohlcv_proxy,,,,
2021-01-20,90303.0,559117.0,0.0,0.0,0.0,0.1,0.008712,0.0,ohlcv_proxy,,,,
2021-01-21,87301.0,369123.0,0.0,0.0,0.0,0.1,0.013988,0.0,ohlcv_proxy,,,,
2021-01-22,87051.0,206032.0,0.0,0.0,0.0,0.1,0.013908,0.0,ohlcv_proxy,,,,
2021-01-25,85550.0,244336.0,0.0,0.0,0.0,0.1,0.020772,0.0,ohlcv_proxy,,,,
2021-01-26,83049.0,195783.0,0.0,0.0,0.0,0.1,0.014672,0.0,ohlcv_proxy,,,,
2021-01-27,83049.0,150446.0,0.0,0.0,0.0,0.1,-0.009275,0.0,ohlcv_proxy,,,,
2021-01-28,84300.0,173355.0,0.0,0.0,0.0,0.1,-0.019855,0.0,ohlcv_proxy,,,,
2021-01-29,80047.0,307406.0,0.0,0.0,-0.0,0.1,-0.035592,0.0,ohlcv_proxy,,,,
2021-02-01,86051.0,239608.0,0.0,0.0,0.0,0.1,-0.033333,0.0,ohlcv_proxy,,,,
2021-02-02,86051.0,183170.0,0.0,0.0,0.0,0.1,-0.02435,0.0,ohlcv_proxy,,,,
2021-02-03,84550.0,176589.0,0.0,0.0,0.0,0.0,-0.018248,0.0,ohlcv_proxy,,,,
2021-02-04,83299.0,156171.0,0.0,0.0,-0.0,0.0,-0.016568,0.0,ohlcv_proxy,,,,
2021-02-05,84800.0,456855.0,0.0,0.0,0.0,0.1,0.0012,0.0,ohlcv_proxy,,,,
2021-02-08,89600.0,1879462.0,0.0,0.0,0.0,0.2,0.021021,0.0,ohlcv_proxy,,,,
2021-02-09,92300.0,738260.0,0.0,0.0,0.0,0.3,0.024285,0.0,ohlcv_proxy,,,,
2021-02-10,90700.0,295639.0,0.0,0.0,0.0,0.3,0.025821,0.0,ohlcv_proxy,,,,
2021-02-15,88500.0,418103.0,0.0,0.0,0.0,0.3,0.025237,0.0,ohlcv_proxy,,,,
2021-02-16,86100.0,400735.0,0.0,0.0,0.0,0.3,0.026433,0.0,ohlcv_proxy,,,,
2021-02-17,83700.0,326758.0,0.0,0.0,-0.0,0.3,0.016033,0.0,ohlcv_proxy,,,,
2021-02-18,81500.0,867429.0,0.0,0.0,-0.0,0.2,-0.021721,0.1,ohlcv_proxy,,,,
2021-02-19,82000.0,527943.0,0.0,0.0,-0.0,0.2,-0.030557,0.1,ohlcv_proxy,,,,
2021-02-22,77000.0,749154.0,0.0,0.0,-0.0,0.1,-0.049623,0.1,ohlcv_proxy,,,,
2021-02-23,73500.0,680172.0,0.0,0.0,-0.0,0.0,-0.066316,0.1,ohlcv_proxy,,,,
2021-02-24,70000.0,419634.0,0.0,0.0,-0.0,-0.1,-0.078252,0.1,ohlcv_proxy,,,,
2021-02-25,72900.0,415519.0,0.0,0.0,-0.0,-0.2,-0.096475,0.1,ohlcv_proxy,,,,
2021-02-26,72400.0,352738.0,0.0,0.0,-0.0,-0.2,-0.113057,0.1,ohlcv_proxy,,,,
2021-03-02,72600.0,329165.0,0.0,0.0,-0.0,-0.2,-0.124699,0.1,ohlcv_proxy,,,,
2021-03-03,70400.0,416806.0,0.0,0.0,-0.0,-0.2,-0.130053,0.1,ohlcv_proxy,,,,
2021-03-04,66600.0,552757.0,0.0,0.0,-0.0,-0.2,-0.132588,0.1,ohlcv_proxy,,,,
2021-03-05,64700.0,1379008.0,0.0,0.0,-0.0,-0.2,-0.147733,0.1,ohlcv_proxy,,,,
2021-03-08,58600.0,1797469.0,0.0,0.0,-0.0,-0.3,-0.167609,0.2,ohlcv_proxy,,,,
2021-03-09,61100.0,2165447.0,0.0,0.0,-0.0,-0.1,-0.160174,0.2,ohlcv_proxy,,,,
2021-03-10,64600.0,2328499.0,0.0,0.0,-0.0,0.0,-0.138356,0.2,ohlcv_proxy,,,,
2021-03-11,64500.0,804365.0,0.0,0.0,-0.0,0.0,-0.109838,0.2,ohlcv_proxy,,,,
2021-03-12,71000.0,1900314.0,0.0,0.0,0.0,0.1,-0.07769,0.2,ohlcv_proxy,,,,
2021-03-15,69300.0,674718.0,0.0,0.0,-0.0,0.1,-0.048586,0.2,ohlcv_proxy,,,,
2021-03-16,70000.0,413142.0,0.0,0.0,-0.0,0.1,-0.014964,0.2,ohlcv_proxy,,,,
2021-03-17,68400.0,771491.0,0.0,0.0,-0.0,0.1,0.014549,0.2,ohlcv_proxy,,,,
2021-03-18,69700.0,643821.0,0.0,0.0,-0.0,0.1,0.031549,0.2,ohlcv_proxy,,,,
2021-03-19,68600.0,954667.0,0.0,0.0,-0.0,0.2,0.026967,0.1,ohlcv_proxy,,,,
2021-03-22,68100.0,409626.0,0.0,0.0,-0.0,0.3,0.030664,0.0,ohlcv_proxy,,,,
2021-03-23,65800.0,649036.0,0.0,0.0,-0.0,0.2,0.026962,0.0,ohlcv_proxy,,,,
2021-03-24,69300.0,743186.0,0.0,0.0,-0.0,0.1,0.03219,0.0,ohlcv_proxy,,,,
2021-03-25,71300.0,1364445.0,0.0,0.0,0.0,0.1,0.039321,0.0,ohlcv_proxy,,,,
2021-03-26,74700.0,956513.0,0.0,0.0,0.0,0.0,0.056401,0.0,ohlcv_proxy,,,,
2021-03-29,74700.0,807445.0,0.0,0.0,0.0,0.0,0.067317,0.0,ohlcv_proxy,,,,
2021-03-30,75500.0,892501.0,0.0,0.0,0.0,0.0,0.085573,0.0,ohlcv_proxy,,,,
2021-03-31,75800.0,483643.0,0.0,0.0,0.0,0.0,0.096922,0.0,ohlcv_proxy,,,,
2021-04-01,74400.0,425350.0,0.0,0.0,0.0,0.0,0.11001,0.0,ohlcv_proxy,,,,
2021-04-02,72000.0,571808.0,0.0,0.0,0.0,0.0,0.098045,0.0,ohlcv_proxy,,,,
2021-04-05,72000.0,371545.0,0.0,0.0,0.0,0.0,0.076566,0.0,ohlcv_proxy,,,,
2021-04-06,73700.0,392864.0,0.0,0.0,0.0,0.0,0.050438,0.0,ohlcv_proxy,,,,
2021-04-07,75500.0,481003.0,0.0,0.0,0.0,0.0,0.034136,0.0,ohlcv_proxy,,,,
2021-04-08,79100.0,1134930.0,0.0,0.0,0.0,0.1,0.04847,0.0,ohlcv_proxy,,,,
2021-04-09,82400.0,1341612.0,0.0,0.0,0.0,0.2,0.074048,0.0,ohlcv_proxy,,,,
2021-04-12,83700.0,787939.0,0.0,0.0,0.0,0.2,0.084417,0.0,ohlcv_proxy,,,,
2021-04-13,81000.0,710949.0,0.0,0.0,0.0,0.2,0.087397,0.0,ohlcv_proxy,,,,
2021-04-14,81700.0,410992.0,0.0,0.0,0.0,0.2,0.088693,0.0,ohlcv_proxy,,,,
2021-04-15,80600.0,367786.0,0.0,0.0,0.0,0.2,0.091934,0.0,ohlcv_proxy,,,,
2021-04-16,84900.0,1176190.0,0.0,0.0,0.0,0.3,0.085448,0.0,ohlcv_proxy,,,,
2021-04-19,86500.0,826185.0,0.0,0.0,0.0,0.3,0.083066,0.0,ohlcv_proxy,,,,
2021-04-20,85700.0,469003.0,0.0,0.0,0.0,0.3,0.083546,0.0,ohlcv_proxy,,,,
2021-04-21,83100.0,565966.0,0.0,0.0,0.0,0.3,0.076002,0.0,ohlcv_proxy,,,,
2021-04-22,82300.0,666994.0,0.0,0.0,0.0,0.2,0.063571,0.0,ohlcv_proxy,,,,
2021-04-23,83700.0,1189355.0,0.0,0.0,0.0,0.2,0.049782,0.0,ohlcv_proxy,,,,
2021-04-26,81600.0,533137.0,0.0,0.0,0.0,0.2,0.033007,0.0,ohlcv_proxy,,,,
2021-04-27,77800.0,985287.0,0.0,0.0,-0.0,0.2,0.010829,0.0,ohlcv_proxy,,,,
2021-04-28,73800.0,853737.0,0.0,0.0,-0.0,0.2,-0.00813,0.0,ohlcv_proxy,,,,
2021-04-29,73300.0,428707.0,0.0,0.0,-0.0,0.2,-0.021548,0.0,ohlcv_proxy,,,,
2021-04-30,77000.0,627250.0,0.0,0.0,-0.0,0.1,-0.04912,0.0,ohlcv_proxy,,,,
2021-05-03,71900.0,614733.0,0.0,0.0,-0.0,0.1,-0.067051,0.0,ohlcv_proxy,,,,
2021-05-04,70400.0,1146955.0,0.0,0.0,-0.0,0.1,-0.0877,0.0,ohlcv_proxy,,,,
2021-05-06,74900.0,865694.0,0.0,0.0,-0.0,0.1,-0.082807,0.0,ohlcv_proxy,,,,
2021-05-07,74900.0,719055.0,0.0,0.0,-0.0,0.1,-0.076985,0.0,ohlcv_proxy,,,,
2021-05-10,74800.0,333819.0,0.0,0.0,-0.0,0.0,-0.078683,0.0,ohlcv_proxy,,,,
2021-05-11,71800.0,542896.0,0.0,0.0,-0.0,0.0,-0.072293,0.0,ohlcv_proxy,,,,
2021-05-12,72000.0,582592.0,0.0,0.0,-0.0,0.0,-0.057516,0.0,ohlcv_proxy,,,,
2021-05-13,69100.0,476834.0,0.0,0.0,-0.0,0.0,-0.067987,0.0,ohlcv_proxy,,,,
2021-05-14,69200.0,269169.0,0.0,0.0,-0.0,0.0,-0.080169,0.0,ohlcv_proxy,,,,
2021-05-17,69400.0,246932.0,0.0,0.0,-0.0,0.0,-0.080384,0.0,ohlcv_proxy,,,,
2021-05-18,69500.0,199936.0,0.0,0.0,-0.0,0.0,-0.07745,0.0,ohlcv_proxy,,,,
2021-05-20,71900.0,308001.0,0.0,0.0,-0.0,0.0,-0.076363,0.0,ohlcv_proxy,,,,
2021-05-21,72700.0,404048.0,0.0,0.0,-0.0,0.0,-0.056773,0.0,ohlcv_proxy,,,,
2021-05-24,70000.0,271535.0,0.0,0.0,-0.0,0.0,-0.048033,0.0,ohlcv_proxy,,,,
2021-05-25,75000.0,737267.0,0.0,0.0,0.0,0.0,-0.012163,0.0,ohlcv_proxy,,,,
2021-05-26,77400.0,937204.0,0.0,0.0,0.0,0.1,0.014317,0.0,ohlcv_proxy,,,,
2021-05-27,79500.0,930169.0,0.0,0.0,0.0,0.2,0.03493,0.0,ohlcv_proxy,,,,
2021-05-28,77000.0,454197.0,0.0,0.0,0.0,0.2,0.040367,0.0,ohlcv_proxy,,,,
2021-05-31,75900.0,453695.0,0.0,0.0,0.0,0.2,0.044431,0.0,ohlcv_proxy,,,,
2021-06-01,79700.0,753942.0,0.0,0.0,0.0,0.2,0.054796,0.0,ohlcv_proxy,,,,
2021-06-02,79700.0,681899.0,0.0,0.0,0.0,0.2,0.055596,0.0,ohlcv_proxy,,,,
2021-06-03,78500.0,1693639.0,0.0,0.0,0.0,0.1,0.038485,0.0,ohlcv_proxy,,,,
2021-06-04,80200.0,1342950.0,0.0,0.0,0.0,0.2,0.03895,0.0,ohlcv_proxy,,,,
2021-06-07,80700.0,873547.0,0.0,0.0,0.0,0.2,0.04064,0.0,ohlcv_proxy,,,,
2021-06-08,79300.0,408220.0,0.0,0.0,0.0,0.2,0.038284,0.0,ohlcv_proxy,,,,
2021-06-09,76800.0,548607.0,0.0,0.0,0.0,0.1,0.031066,0.0,ohlcv_proxy,,,,
2021-06-10,81300.0,1176109.0,0.0,0.0,0.0,0.1,0.033831,0.0,ohlcv_proxy,,,,
2021-06-11,80000.0,502290.0,0.0,0.0,0.0,0.1,0.027812,0.0,ohlcv_proxy,,,,
2021-06-14,81600.0,744101.0,0.0,0.0,0.0,0.1,0.025102,0.0,ohlcv_proxy,,,,
2021-06-15,80000.0,537864.0,0.0,0.0,0.0,0.1,0.023116,0.0,ohlcv_proxy,,,,
2021-06-16,79200.0,324397.0,0.0,0.0,0.0,0.1,0.027271,0.0,ohlcv_proxy,,,,
2021-06-17,79200.0,231083.0,0.0,0.0,0.0,0.2,0.019761,0.0,ohlcv_proxy,,,,
2021-06-18,80200.0,307000.0,0.0,0.0,0.0,0.1,0.017807,0.0,ohlcv_proxy,,,,
2021-06-21,78300.0,421814.0,0.0,0.0,-0.0,0.1,0.003448,0.0,ohlcv_proxy,,,,
2021-06-22,78500.0,257797.0,0.0,0.0,0.0,0.1,-0.003777,0.0,ohlcv_proxy,,,,
2021-06-23,77900.0,304945.0,0.0,0.0,-0.0,0.1,-0.008413,0.0,ohlcv_proxy,,,,
2021-06-24,79000.0,296461.0,0.0,0.0,0.0,0.0,-0.008475,0.0,ohlcv_proxy,,,,
2021-06-25,78100.0,317596.0,0.0,0.0,-0.0,0.0,-0.0143,0.0,ohlcv_proxy,,,,
2021-06-28,76900.0,312738.0,0.0,0.0,-0.0,0.0,-0.018795,0.0,ohlcv_proxy,,,,
2021-06-29,76900.0,255350.0,0.0,0.0,-0.0,0.0,-0.021416,0.0,ohlcv_proxy,,,,
2021-06-30,77500.0,205276.0,0.0,0.0,-0.0,0.0,-0.021651,0.0,ohlcv_proxy,,,,
2021-07-01,75000.0,612407.0,0.0,0.0,-0.0,0.0,-0.035367,0.0,ohlcv_proxy,,,,
2021-07-02,75300.0,208787.0,0.0,0.0,-0.0,0.0,-0.038582,0.0,ohlcv_proxy,,,,
2021-07-05,76600.0,212669.0,0.0,0.0,-0.0,0.0,-0.036971,0.0,ohlcv_proxy,,,,
2021-07-06,79300.0,789990.0,0.0,0.0,0.0,0.1,-0.022153,0.0,ohlcv_proxy,,,,
2021-07-07,78900.0,316962.0,0.0,0.0,0.0,0.1,-0.020983,0.0,ohlcv_proxy,,,,
2021-07-08,76800.0,318768.0,0.0,0.0,-0.0,0.1,-0.006607,0.0,ohlcv_proxy,,,,
2021-07-09,74800.0,472555.0,0.0,0.0,-0.0,0.1,-0.008147,0.0,ohlcv_proxy,,,,
2021-07-12,76500.0,226080.0,0.0,0.0,-0.0,0.1,-0.003022,0.0,ohlcv_proxy,,,,
2021-07-13,79900.0,1339409.0,0.0,0.0,0.0,0.2,0.002706,0.0,ohlcv_proxy,,,,
2021-07-14,80400.0,784428.0,0.0,0.0,0.0,0.3,0.006456,0.0,ohlcv_proxy,,,,
2021-07-15,80800.0,676943.0,0.0,0.0,0.0,0.4,0.011572,0.0,ohlcv_proxy,,,,
2021-07-16,80000.0,591648.0,0.0,0.0,0.0,0.4,0.019954,0.0,ohlcv_proxy,,,,
2021-07-19,80900.0,434507.0,0.0,0.0,0.0,0.4,0.022261,0.0,ohlcv_proxy,,,,
2021-07-20,86900.0,2664902.0,0.0,0.0,0.0,0.4,0.041038,0.0,ohlcv_proxy,,,,
2021-07-21,88800.0,1804138.0,0.0,0.0,0.0,0.5,0.048556,0.0,ohlcv_proxy,,,,
2021-07-22,87200.0,967793.0,0.0,0.0,0.0,0.5,0.051772,0.0,ohlcv_proxy,,,,
2021-07-23,88800.0,898848.0,0.0,0.0,0.0,0.5,0.05583,0.0,ohlcv_proxy,,,,
2021-07-26,83100.0,1569318.0,0.0,0.0,0.0,0.4,0.047957,0.1,ohlcv_proxy,,,,
2021-07-27,83200.0,550738.0,0.0,0.0,0.0,0.3,0.042037,0.1,ohlcv_proxy,,,,
2021-07-28,83900.0,627219.0,0.0,0.0,0.0,0.2,0.025486,0.1,ohlcv_proxy,,,,
2021-07-29,83900.0,512697.0,0.0,0.0,0.0,0.1,0.01384,0.1,ohlcv_proxy,,,,
2021-07-30,82200.0,423801.0,0.0,0.0,0.0,0.1,-0.002683,0.1,ohlcv_proxy,,,,
2021-08-02,80600.0,388474.0,0.0,0.0,-0.0,0.1,-0.006683,0.1,ohlcv_proxy,,,,
2021-08-03,79300.0,437658.0,0.0,0.0,-0.0,0.0,-0.01647,0.1,ohlcv_proxy,,,,
2021-08-04,80300.0,289901.0,0.0,0.0,-0.0,-0.1,-0.026244,0.1,ohlcv_proxy,,,,
2021-08-05,79600.0,279600.0,0.0,0.0,-0.0,-0.1,-0.038679,0.1,ohlcv_proxy,,,,
2021-08-06,80600.0,432854.0,0.0,0.0,-0.0,-0.1,-0.045156,0.1,ohlcv_proxy,,,,
2021-08-09,79000.0,423601.0,0.0,0.0,-0.0,0.0,-0.049097,0.0,ohlcv_proxy,,,,
2021-08-10,79400.0,285888.0,0.0,0.0,-0.0,0.0,-0.051461,0.0,ohlcv_proxy,,,,
2021-08-11,79900.0,348169.0,0.0,0.0,-0.0,0.0,-0.053312,0.0,ohlcv_proxy,,,,
2021-08-12,82100.0,496874.0,0.0,0.0,0.0,0.0,-0.047045,0.0,ohlcv_proxy,,,,
2021-08-13,80100.0,428466.0,0.0,0.0,-0.0,0.0,-0.048923,0.0,ohlcv_proxy,,,,
2021-08-17,75600.0,589138.0,0.0,0.0,-0.0,0.0,-0.058267,0.0,ohlcv_proxy,,,,
2021-08-18,76600.0,375401.0,0.0,0.0,-0.0,0.0,-0.054238,0.0,ohlcv_proxy,,,,
2021-08-19,73200.0,458482.0,0.0,0.0,-0.0,0.0,-0.0539,0.0,ohlcv_proxy,,,,
2021-08-20,71700.0,403966.0,0.0,0.0,-0.0,0.0,-0.068674,0.0,ohlcv_proxy,,,,
2021-08-23,71900.0,370030.0,0.0,0.0,-0.0,0.0,-0.075027,0.0,ohlcv_proxy,,,,
2021-08-24,72600.0,345525.0,0.0,0.0,-0.0,0.0,-0.073996,0.0,ohlcv_proxy,,,,
2021-08-25,76000.0,634194.0,0.0,0.0,-0.0,0.0,-0.065292,0.0,ohlcv_proxy,,,,
2021-08-26,76300.0,365682.0,0.0,0.0,-0.0,0.0,-0.052278,0.0,ohlcv_proxy,,,,
2021-08-27,78500.0,649213.0,0.0,0.0,0.0,0.1,-0.02736,0.0,ohlcv_proxy,,,,
2021-08-30,80000.0,381581.0,0.0,0.0,0.0,0.1,-0.009291,0.0,ohlcv_proxy,,,,
2021-08-31,79900.0,260591.0,0.0,0.0,0.0,0.1,0.004339,0.0,ohlcv_proxy,,,,
2021-09-01,79900.0,208559.0,0.0,0.0,0.0,0.1,0.015911,0.0,ohlcv_proxy,,,,
2021-09-02,79000.0,299338.0,0.0,0.0,0.0,0.1,0.023459,0.0,ohlcv_proxy,,,,
2021-09-03,78600.0,400586.0,0.0,0.0,0.0,0.1,0.025607,0.0,ohlcv_proxy,,,,
2021-09-06,79400.0,383212.0,0.0,0.0,0.0,0.1,0.024709,0.0,ohlcv_proxy,,,,
2021-09-07,79300.0,297000.0,0.0,0.0,0.0,0.1,0.023643,0.0,ohlcv_proxy,,,,
2021-09-08,79600.0,1230542.0,0.0,0.0,0.0,0.2,0.022267,0.0,ohlcv_proxy,,,,
2021-09-09,76300.0,706140.0,0.0,0.0,-0.0,0.1,0.015994,0.0,ohlcv_proxy,,,,
2021-09-10,75300.0,337420.0,0.0,0.0,-0.0,0.0,0.015512,0.0,ohlcv_proxy,,,,
2021-09-13,75900.0,305116.0,0.0,0.0,-0.0,0.0,0.012711,0.0,ohlcv_proxy,,,,
2021-09-14,76100.0,216381.0,0.0,0.0,-0.0,0.0,0.008058,0.0,ohlcv_proxy,,,,
2021-09-15,75500.0,227792.0,0.0,0.0,-0.0,0.0,-0.013146,0.0,ohlcv_proxy,,,,
2021-09-16,75400.0,209301.0,0.0,0.0,-0.0,0.0,-0.019092,0.0,ohlcv_proxy,,,,
2021-09-17,74300.0,339939.0,0.0,0.0,-0.0,0.0,-0.0244,0.0,ohlcv_proxy,,,,
2021-09-23,73900.0,241517.0,0.0,0.0,-0.0,0.0,-0.031646,0.0,ohlcv_proxy,,,,
2021-09-24,72500.0,338393.0,0.0,0.0,-0.0,0.0,-0.041905,0.0,ohlcv_proxy,,,,
2021-09-27,74100.0,280981.0,0.0,0.0,-0.0,-0.1,-0.044785,0.0,ohlcv_proxy,,,,
2021-09-28,76700.0,714370.0,0.0,0.0,0.0,0.1,-0.03334,0.0,ohlcv_proxy,,,,
2021-09-29,75700.0,362405.0,0.0,0.0,-0.0,0.1,-0.027861,0.0,ohlcv_proxy,,,,
2021-09-30,77700.0,586371.0,0.0,0.0,0.0,0.1,-0.016229,0.0,ohlcv_proxy,,,,
2021-10-01,70500.0,1401123.0,0.0,0.0,-0.0,0.0,-0.027052,0.1,ohlcv_proxy,,,,
2021-10-05,68000.0,627810.0,0.0,0.0,-0.0,0.0,-0.032698,0.1,ohlcv_proxy,,,,
2021-10-06,67400.0,489705.0,0.0,0.0,-0.0,0.0,-0.046849,0.1,ohlcv_proxy,,,,
2021-10-07,68900.0,424565.0,0.0,0.0,-0.0,0.0,-0.051504,0.1,ohlcv_proxy,,,,
2021-10-08,68100.0,298530.0,0.0,0.0,-0.0,0.0,-0.066877,0.1,ohlcv_proxy,,,,
2021-10-12,68900.0,335590.0,0.0,0.0,-0.0,0.0,-0.075106,0.1,ohlcv_proxy,,,,
2021-10-13,70900.0,376671.0,0.0,0.0,-0.0,0.0,-0.055024,0.1,ohlcv_proxy,,,,
2021-10-14,72500.0,272609.0,0.0,0.0,0.0,-0.1,-0.037389,0.1,ohlcv_proxy,,,,
2021-10-15,74200.0,802544.0,0.0,0.0,0.0,0.0,-0.012103,0.1,ohlcv_proxy,,,,
2021-10-18,70300.0,596082.0,0.0,0.0,-0.0,0.0,-0.007107,0.1,ohlcv_proxy,,,,
2021-10-19,71700.0,307224.0,0.0,0.0,-0.0,0.1,-7.1e-05,0.0,ohlcv_proxy,,,,
2021-10-20,70300.0,262602.0,0.0,0.0,-0.0,0.1,0.001716,0.0,ohlcv_proxy,,,,
2021-10-21,71100.0,176584.0,0.0,0.0,-0.0,0.1,0.001211,0.0,ohlcv_proxy,,,,
2021-10-22,69600.0,237754.0,0.0,0.0,-0.0,0.1,-0.01718,0.0,ohlcv_proxy,,,,
2021-10-25,70200.0,173906.0,0.0,0.0,-0.0,0.1,-0.014898,0.0,ohlcv_proxy,,,,
2021-10-26,70400.0,142396.0,0.0,0.0,-0.0,0.1,-0.019261,0.0,ohlcv_proxy,,,,
2021-10-27,70100.0,150441.0,0.0,0.0,-0.0,0.1,-0.018344,0.0,ohlcv_proxy,,,,
2021-10-28,69300.0,201889.0,0.0,0.0,-0.0,0.1,-0.016702,0.0,ohlcv_proxy,,,,
2021-10-29,69400.0,171223.0,0.0,0.0,-0.0,0.0,-0.013587,0.0,ohlcv_proxy,,,,
2021-11-01,68400.0,251112.0,0.0,0.0,-0.0,0.0,-0.011688,0.0,ohlcv_proxy,,,,
2021-11-02,69700.0,151956.0,0.0,0.0,-0.0,0.0,-0.012076,0.0,ohlcv_proxy,,,,
2021-11-03,70100.0,187403.0,0.0,0.0,-0.0,0.0,-0.014721,0.0,ohlcv_proxy,,,,
2021-11-04,61600.0,1771923.0,0.0,0.0,-0.0,-0.1,-0.065722,0.1,ohlcv_proxy,,,,
2021-11-05,60900.0,566884.0,0.0,0.0,-0.0,-0.2,-0.07078,0.1,ohlcv_proxy,,,,
2021-11-08,64100.0,656939.0,0.0,0.0,-0.0,-0.1,-0.069156,0.1,ohlcv_proxy,,,,
2021-11-09,64600.0,422818.0,0.0,0.0,-0.0,-0.1,-0.067387,0.1,ohlcv_proxy,,,,
2021-11-10,62700.0,185754.0,0.0,0.0,-0.0,-0.1,-0.069119,0.1,ohlcv_proxy,,,,
2021-11-11,61700.0,230193.0,0.0,0.0,-0.0,-0.1,-0.055522,0.1,ohlcv_proxy,,,,
2021-11-12,63300.0,202795.0,0.0,0.0,-0.0,-0.1,-0.030758,0.1,ohlcv_proxy,,,,
2021-11-15,62500.0,233800.0,0.0,0.0,-0.0,-0.1,-0.029758,0.1,ohlcv_proxy,,,,
2021-11-16,65000.0,567563.0,0.0,0.0,-0.0,0.0,-0.020589,0.1,ohlcv_proxy,,,,
2021-11-17,62800.0,352814.0,0.0,0.0,-0.0,0.0,-0.016919,0.1,ohlcv_proxy,,,,
2021-11-18,61600.0,198037.0,0.0,0.0,-0.0,0.1,-0.012785,0.0,ohlcv_proxy,,,,
2021-11-19,61600.0,164357.0,0.0,0.0,-0.0,0.2,-0.011832,0.0,ohlcv_proxy,,,,
2021-11-22,61300.0,143277.0,0.0,0.0,-0.0,0.1,-0.009677,0.0,ohlcv_proxy,,,,
2021-11-23,60700.0,207284.0,0.0,0.0,-0.0,0.1,-0.028768,0.0,ohlcv_proxy,,,,
2021-11-24,60400.0,225988.0,0.0,0.0,-0.0,0.1,-0.036376,0.0,ohlcv_proxy,,,,
2021-11-25,60100.0,206831.0,0.0,0.0,-0.0,0.1,-0.037455,0.0,ohlcv_proxy,,,,
2021-11-26,58500.0,258695.0,0.0,0.0,-0.0,0.1,-0.043637,0.0,ohlcv_proxy,,,,
2021-11-29,58800.0,225801.0,0.0,0.0,-0.0,0.1,-0.045269,0.0,ohlcv_proxy,,,,
2021-11-30,56700.0,315882.0,0.0,0.0,-0.0,0.0,-0.05414,0.0,ohlcv_proxy,,,,
2021-12-01,57200.0,228371.0,0.0,0.0,-0.0,0.0,-0.058226,0.0,ohlcv_proxy,,,,
2021-12-02,58000.0,253790.0,0.0,0.0,-0.0,0.0,-0.061867,0.0,ohlcv_proxy,,,,
2021-12-03,59200.0,211916.0,0.0,0.0,-0.0,0.0,-0.06004,0.0,ohlcv_proxy,,,,
2021-12-06,59600.0,125812.0,0.0,0.0,-0.0,0.0,-0.054011,0.0,ohlcv_proxy,,,,
2021-12-07,59300.0,126435.0,0.0,0.0,-0.0,0.0,-0.03881,0.0,ohlcv_proxy,,,,
2021-12-08,59800.0,138482.0,0.0,0.0,-0.0,0.0,-0.028023,0.0,ohlcv_proxy,,,,
2021-12-09,60200.0,232722.0,0.0,0.0,-0.0,0.0,-0.016292,0.0,ohlcv_proxy,,,,
2021-12-10,59600.0,128258.0,0.0,0.0,-0.0,0.0,-0.011924,0.0,ohlcv_proxy,,,,
2021-12-13,58500.0,184447.0,0.0,0.0,-0.0,0.0,-0.013233,0.0,ohlcv_proxy,,,,
2021-12-14,60200.0,185458.0,0.0,0.0,-0.0,0.0,0.000534,0.0,ohlcv_proxy,,,,
2021-12-15,61800.0,357107.0,0.0,0.0,0.0,0.1,0.013336,0.0,ohlcv_proxy,,,,
2021-12-16,61700.0,185567.0,0.0,0.0,0.0,0.1,0.017979,0.0,ohlcv_proxy,,,,
2021-12-17,64800.0,502531.0,0.0,0.0,0.0,0.2,0.035383,0.0,ohlcv_proxy,,,,
2021-12-20,63600.0,341277.0,0.0,0.0,0.0,0.2,0.04381,0.0,ohlcv_proxy,,,,
2021-12-21,62600.0,210566.0,0.0,0.0,0.0,0.2,0.046841,0.0,ohlcv_proxy,,,,
2021-12-22,63200.0,182400.0,0.0,0.0,0.0,0.2,0.050777,0.0,ohlcv_proxy,,,,
2021-12-23,62900.0,127540.0,0.0,0.0,0.0,0.2,0.052453,0.0,ohlcv_proxy,,,,
2021-12-24,64800.0,205130.0,0.0,0.0,0.0,0.2,0.042304,0.0,ohlcv_proxy,,,,
2021-12-27,65500.0,195007.0,0.0,0.0,0.0,0.2,0.04331,0.0,ohlcv_proxy,,,,
2021-12-28,63600.0,300172.0,0.0,0.0,0.0,0.2,0.038118,0.0,ohlcv_proxy,,,,
2021-12-29,64000.0,235877.0,0.0,0.0,0.0,0.1,0.034359,0.0,ohlcv_proxy,,,,
2021-12-30,65700.0,197848.0,0.0,0.0,0.0,0.1,0.03428,0.0,ohlcv_proxy,,,,
2022-01-03,65200.0,184075.0,0.0,0.0,0.0,0.0,0.030739,0.0,ohlcv_proxy,,,,
2022-01-04,66000.0,168446.0,0.0,0.0,0.0,0.0,0.028118,0.0,ohlcv_proxy,,,,
2022-01-05,63700.0,194818.0,0.0,0.0,0.0,0.0,0.028103,0.0,ohlcv_proxy,,,,
2022-01-06,59800.0,396089.0,0.0,0.0,-0.0,-0.1,0.005956,0.0,ohlcv_proxy,,,,
2022-01-07,62600.0,179482.0,0.0,0.0,-0.0,-0.1,-0.004502,0.0,ohlcv_proxy,,,,
2022-01-10,62300.0,163812.0,0.0,0.0,-0.0,-0.1,-0.013124,0.0,ohlcv_proxy,,,,
2022-01-11,60800.0,148585.0,0.0,0.0,-0.0,-0.1,-0.027196,0.0,ohlcv_proxy,,,,
2022-01-12,62500.0,113948.0,0.0,0.0,-0.0,-0.1,-0.033776,0.0,ohlcv_proxy,,,,
2022-01-13,64000.0,195489.0,0.0,0.0,0.0,-0.1,-0.014556,0.0,ohlcv_proxy,,,,
2022-01-14,62100.0,165814.0,0.0,0.0,-0.0,-0.1,-0.016588,0.0,ohlcv_proxy,,,,
2022-01-17,61000.0,133020.0,0.0,0.0,-0.0,-0.1,-0.016294,0.0,ohlcv_proxy,,,,
2022-01-18,59600.0,186682.0,0.0,0.0,-0.0,-0.1,-0.018604,0.0,ohlcv_proxy,,,,
2022-01-19,58300.0,196962.0,0.0,0.0,-0.0,-0.1,-0.029237,0.0,ohlcv_proxy,,,,
2022-01-20,58700.0,165358.0,0.0,0.0,-0.0,0.0,-0.044444,0.0,ohlcv_proxy,,,,
2022-01-21,58700.0,130088.0,0.0,0.0,-0.0,0.0,-0.052596,0.0,ohlcv_proxy,,,,
2022-01-24,55200.0,333487.0,0.0,0.0,-0.0,-0.1,-0.066542,0.0,ohlcv_proxy,,,,
2022-01-25,51200.0,521263.0,0.0,0.0,-0.0,-0.2,-0.089988,0.1,ohlcv_proxy,,,,
2022-01-26,50000.0,322101.0,0.0,0.0,-0.0,-0.2,-0.100439,0.1,ohlcv_proxy,,,,
2022-01-27,46000.0,665833.0,0.0,0.0,-0.0,-0.3,-0.118731,0.2,ohlcv_proxy,,,,
2022-01-28,47400.0,342380.0,0.0,0.0,-0.0,-0.3,-0.119822,0.2,ohlcv_proxy,,,,
2022-02-03,48950.0,258991.0,0.0,0.0,-0.0,-0.3,-0.126052,0.2,ohlcv_proxy,,,,
2022-02-04,49700.0,212173.0,0.0,0.0,-0.0,-0.3,-0.128264,0.2,ohlcv_proxy,,,,
2022-02-07,49000.0,238939.0,0.0,0.0,-0.0,-0.3,-0.122857,0.2,ohlcv_proxy,,,,
2022-02-08,48100.0,255521.0,0.0,0.0,-0.0,-0.3,-0.093291,0.2,ohlcv_proxy,,,,
2022-02-09,49850.0,162786.0,0.0,0.0,-0.0,-0.3,-0.075552,0.2,ohlcv_proxy,,,,
2022-02-10,50300.0,229540.0,0.0,0.0,-0.0,-0.2,-0.062574,0.2,ohlcv_proxy,,,,
2022-02-11,49100.0,170193.0,0.0,0.0,-0.0,-0.1,-0.058199,0.1,ohlcv_proxy,,,,
2022-02-14,47400.0,209980.0,0.0,0.0,-0.0,-0.1,-0.056593,0.1,ohlcv_proxy,,,,
2022-02-15,47400.0,169363.0,0.0,0.0,-0.0,0.0,-0.046267,0.0,ohlcv_proxy,,,,
2022-02-16,50500.0,234325.0,0.0,0.0,-0.0,0.0,-0.034703,0.0,ohlcv_proxy,,,,
2022-02-17,51500.0,411953.0,0.0,0.0,0.0,0.1,-0.019016,0.0,ohlcv_proxy,,,,
2022-02-18,51100.0,155433.0,0.0,0.0,-0.0,0.1,-0.00785,0.0,ohlcv_proxy,,,,
2022-02-21,51400.0,117492.0,0.0,0.0,0.0,0.1,0.010467,0.0,ohlcv_proxy,,,,
2022-02-22,51000.0,112728.0,0.0,0.0,-0.0,0.1,0.026975,0.0,ohlcv_proxy,,,,
2022-02-23,54300.0,345165.0,0.0,0.0,0.0,0.1,0.047244,0.0,ohlcv_proxy,,,,
2022-02-24,52000.0,275858.0,0.0,0.0,0.0,0.1,0.056631,0.0,ohlcv_proxy,,,,
2022-02-25,59900.0,1987971.0,0.0,0.0,0.0,0.2,0.09995,0.0,ohlcv_proxy,,,,
2022-02-28,59600.0,487324.0,0.0,0.0,0.0,0.2,0.097083,0.0,ohlcv_proxy,,,,
2022-03-02,63100.0,1816970.0,0.0,0.0,0.0,0.3,0.077258,0.0,ohlcv_proxy,,,,
2022-03-03,63000.0,555903.0,0.0,0.0,0.0,0.3,0.074119,0.0,ohlcv_proxy,,,,
2022-03-04,65200.0,1040628.0,0.0,0.0,0.0,0.3,0.072519,0.0,ohlcv_proxy,,,,
2022-03-07,65100.0,726054.0,0.0,0.0,0.0,0.3,0.083495,0.0,ohlcv_proxy,,,,
2022-03-08,61700.0,712983.0,0.0,0.0,0.0,0.3,0.077536,0.0,ohlcv_proxy,,,,
2022-03-10,63700.0,585146.0,0.0,0.0,0.0,0.3,0.072707,0.0,ohlcv_proxy,,,,
2022-03-11,65800.0,391955.0,0.0,0.0,0.0,0.3,0.07202,0.0,ohlcv_proxy,,,,
2022-03-14,65000.0,542786.0,0.0,0.0,0.0,0.3,0.060867,0.0,ohlcv_proxy,,,,
2022-03-15,61700.0,505910.0,0.0,0.0,0.0,0.2,0.045188,0.0,ohlcv_proxy,,,,
2022-03-16,61100.0,343893.0,0.0,0.0,0.0,0.2,0.043644,0.0,ohlcv_proxy,,,,
2022-03-17,61400.0,231810.0,0.0,0.0,0.0,0.1,0.035314,0.0,ohlcv_proxy,,,,
2022-03-18,63700.0,400000.0,0.0,0.0,0.0,0.1,0.02366,0.0,ohlcv_proxy,,,,
2022-03-21,63200.0,181692.0,0.0,0.0,0.0,0.0,0.006564,0.0,ohlcv_proxy,,,,
2022-03-22,64400.0,251220.0,0.0,0.0,0.0,0.0,0.012488,0.0,ohlcv_proxy,,,,
2022-03-23,63500.0,300559.0,0.0,0.0,0.0,0.0,0.019485,0.0,ohlcv_proxy,,,,
2022-03-24,64500.0,228135.0,0.0,0.0,0.0,0.0,0.02544,0.0,ohlcv_proxy,,,,
2022-03-25,62600.0,287908.0,0.0,0.0,0.0,0.0,0.017666,0.0,ohlcv_proxy,,,,
2022-03-28,63100.0,155474.0,0.0,0.0,0.0,0.0,0.013471,0.0,ohlcv_proxy,,,,
2022-03-29,62900.0,124874.0,0.0,0.0,0.0,0.0,8.3e-05,0.0,ohlcv_proxy,,,,
2022-03-30,62100.0,144975.0,0.0,0.0,0.0,0.0,-0.006426,0.0,ohlcv_proxy,,,,
2022-03-31,63400.0,250987.0,0.0,0.0,0.0,0.0,-0.011828,0.0,ohlcv_proxy,,,,
2022-04-01,62000.0,205402.0,0.0,0.0,0.0,0.0,-0.013667,0.0,ohlcv_proxy,,,,
2022-04-04,62100.0,137334.0,0.0,0.0,0.0,0.0,-0.011967,0.0,ohlcv_proxy,,,,
2022-04-05,63400.0,168780.0,0.0,0.0,0.0,0.0,-0.006998,0.0,ohlcv_proxy,,,,
2022-04-06,64000.0,253355.0,0.0,0.0,0.0,0.0,-0.003894,0.0,ohlcv_proxy,,,,
2022-04-07,60400.0,408933.0,0.0,0.0,-0.0,0.0,-0.015757,0.0,ohlcv_proxy,,,,
2022-04-08,61600.0,207511.0,0.0,0.0,-0.0,0.0,-0.012848,0.0,ohlcv_proxy,,,,
2022-04-11,63100.0,244955.0,0.0,0.0,0.0,0.0,-0.006199,0.0,ohlcv_proxy,,,,
2022-04-12,62300.0,202110.0,0.0,0.0,0.0,0.0,-0.009739,0.0,ohlcv_proxy,,,,
2022-04-13,62500.0,175020.0,0.0,0.0,0.0,0.0,-0.016826,0.0,ohlcv_proxy,,,,
2022-04-14,63200.0,181650.0,0.0,0.0,0.0,0.0,-0.005409,0.0,ohlcv_proxy,,,,
2022-04-15,63200.0,127090.0,0.0,0.0,0.0,0.0,0.000437,0.0,ohlcv_proxy,,,,
2022-04-18,62300.0,142244.0,0.0,0.0,0.0,0.0,-0.001709,0.0,ohlcv_proxy,,,,
2022-04-19,62200.0,306490.0,0.0,0.0,-0.0,0.0,-0.000717,0.0,ohlcv_proxy,,,,
2022-04-20,61800.0,197258.0,0.0,0.0,-0.0,0.0,-0.001438,0.0,ohlcv_proxy,,,,
2022-04-21,64200.0,473578.0,0.0,0.0,0.0,0.1,0.006187,0.0,ohlcv_proxy,,,,
2022-04-22,62800.0,506382.0,0.0,0.0,0.0,0.0,0.004571,0.1,ohlcv_proxy,,,,
2022-04-25,61900.0,269698.0,0.0,0.0,-0.0,0.0,0.003778,0.1,ohlcv_proxy,,,,
2022-04-26,61600.0,115614.0,0.0,0.0,-0.0,0.0,0.004805,0.1,ohlcv_proxy,,,,
2022-04-27,59200.0,270513.0,0.0,0.0,-0.0,0.0,-4.7e-05,0.1,ohlcv_proxy,,,,
2022-04-28,58500.0,222275.0,0.0,0.0,-0.0,0.0,-0.016361,0.1,ohlcv_proxy,,,,
2022-04-29,59800.0,166558.0,0.0,0.0,-0.0,0.0,-0.031618,0.1,ohlcv_proxy,,,,
2022-05-02,58600.0,159802.0,0.0,0.0,-0.0,0.0,-0.042303,0.1,ohlcv_proxy,,,,
2022-05-03,57500.0,207824.0,0.0,0.0,-0.0,0.0,-0.0487,0.1,ohlcv_proxy,,,,
2022-05-04,55300.0,396158.0,0.0,0.0,-0.0,-0.1,-0.060012,0.1,ohlcv_proxy,,,,
2022-05-06,54100.0,242763.0,0.0,0.0,-0.0,-0.2,-0.070136,0.1,ohlcv_proxy,,,,
2022-05-09,52500.0,205114.0,0.0,0.0,-0.0,-0.1,-0.082895,0.0,ohlcv_proxy,,,,
2022-05-10,51900.0,309501.0,0.0,0.0,-0.0,-0.1,-0.092138,0.0,ohlcv_proxy,,,,
2022-05-11,48450.0,1101481.0,0.0,0.0,-0.0,-0.2,-0.111084,0.1,ohlcv_proxy,,,,
2022-05-12,46400.0,548083.0,0.0,0.0,-0.0,-0.3,-0.124507,0.1,ohlcv_proxy,,,,
2022-05-13,46350.0,378505.0,0.0,0.0,-0.0,-0.3,-0.128208,0.1,ohlcv_proxy,,,,
2022-05-16,48300.0,304680.0,0.0,0.0,-0.0,-0.3,-0.1265,0.1,ohlcv_proxy,,,,
2022-05-17,48500.0,145501.0,0.0,0.0,-0.0,-0.3,-0.129875,0.1,ohlcv_proxy,,,,
2022-05-18,48400.0,178846.0,0.0,0.0,-0.0,-0.3,-0.130053,0.1,ohlcv_proxy,,,,
2022-05-19,48900.0,214627.0,0.0,0.0,-0.0,-0.2,-0.11127,0.1,ohlcv_proxy,,,,
2022-05-20,51800.0,574483.0,0.0,0.0,-0.0,-0.1,-0.057761,0.1,ohlcv_proxy,,,,
2022-05-23,51200.0,224189.0,0.0,0.0,-0.0,-0.1,-0.030971,0.1,ohlcv_proxy,,,,
2022-05-24,50500.0,128625.0,0.0,0.0,-0.0,-0.1,-0.017904,0.1,ohlcv_proxy,,,,
2022-05-25,52400.0,229570.0,0.0,0.0,0.0,0.0,-0.003512,0.0,ohlcv_proxy,,,,
2022-05-26,53700.0,249523.0,0.0,0.0,0.0,0.1,0.016841,0.0,ohlcv_proxy,,,,
2022-05-27,53700.0,182480.0,0.0,0.0,0.0,0.1,0.029009,0.0,ohlcv_proxy,,,,
2022-05-30,54300.0,137017.0,0.0,0.0,0.0,0.1,0.043693,0.0,ohlcv_proxy,,,,
2022-05-31,57200.0,1125032.0,0.0,0.0,0.0,0.2,0.077288,0.0,ohlcv_proxy,,,,
2022-06-02,55700.0,349682.0,0.0,0.0,0.0,0.2,0.083955,0.0,ohlcv_proxy,,,,
2022-06-03,58000.0,423154.0,0.0,0.0,0.0,0.2,0.09272,0.0,ohlcv_proxy,,,,
2022-06-07,58100.0,256475.0,0.0,0.0,0.0,0.1,0.097305,0.0,ohlcv_proxy,,,,
2022-06-08,55800.0,452834.0,0.0,0.0,0.0,0.1,0.091388,0.0,ohlcv_proxy,,,,
2022-06-09,55100.0,284083.0,0.0,0.0,0.0,0.1,0.080323,0.0,ohlcv_proxy,,,,
2022-06-10,56100.0,221362.0,0.0,0.0,0.0,0.1,0.066849,0.0,ohlcv_proxy,,,,
2022-06-13,53100.0,263797.0,0.0,0.0,-0.0,0.1,0.036309,0.0,ohlcv_proxy,,,,
2022-06-14,52100.0,210417.0,0.0,0.0,-0.0,0.1,0.01094,0.0,ohlcv_proxy,,,,
2022-06-15,51500.0,203934.0,0.0,0.0,-0.0,0.1,-0.010897,0.0,ohlcv_proxy,,,,
2022-06-16,51200.0,170146.0,0.0,0.0,-0.0,0.0,-0.026033,0.0,ohlcv_proxy,,,,
2022-06-17,51200.0,157091.0,0.0,0.0,-0.0,0.0,-0.045519,0.0,ohlcv_proxy,,,,
2022-06-20,50500.0,278520.0,0.0,0.0,-0.0,0.0,-0.058519,0.0,ohlcv_proxy,,,,
2022-06-21,54300.0,295898.0,0.0,0.0,0.0,0.0,-0.050903,0.0,ohlcv_proxy,,,,
2022-06-22,52400.0,185047.0,0.0,0.0,-0.0,0.0,-0.049046,0.0,ohlcv_proxy,,,,
2022-06-23,50100.0,222699.0,0.0,0.0,-0.0,0.0,-0.052269,0.0,ohlcv_proxy,,,,
2022-06-24,53000.0,249076.0,0.0,0.0,0.0,0.0,-0.046758,0.0,ohlcv_proxy,,,,
2022-06-27,52600.0,126312.0,0.0,0.0,-0.0,0.0,-0.038001,0.0,ohlcv_proxy,,,,
2022-06-28,56500.0,470597.0,0.0,0.0,0.0,0.1,-0.021629,0.0,ohlcv_proxy,,,,
2022-06-29,59700.0,850448.0,0.0,0.0,0.0,0.2,0.017862,0.0,ohlcv_proxy,,,,
2022-06-30,57800.0,363884.0,0.0,0.0,0.0,0.2,0.037912,0.0,ohlcv_proxy,,,,
2022-07-01,56100.0,319524.0,0.0,0.0,0.0,0.2,0.043333,0.0,ohlcv_proxy,,,,
2022-07-04,53900.0,258941.0,0.0,0.0,-0.0,0.2,0.045474,0.0,ohlcv_proxy,,,,
2022-07-05,52900.0,289754.0,0.0,0.0,-0.0,0.2,0.042574,0.0,ohlcv_proxy,,,,
2022-07-06,48300.0,547298.0,0.0,0.0,-0.0,0.1,-0.017274,0.0,ohlcv_proxy,,,,
2022-07-07,48450.0,287301.0,0.0,0.0,-0.0,0.1,-0.044589,0.0,ohlcv_proxy,,,,
2022-07-08,49150.0,243524.0,0.0,0.0,-0.0,0.1,-0.06321,0.0,ohlcv_proxy,,,,
2022-07-11,47450.0,281769.0,0.0,0.0,-0.0,0.1,-0.078237,0.0,ohlcv_proxy,,,,
2022-07-12,47600.0,173919.0,0.0,0.0,-0.0,0.0,-0.092775,0.0,ohlcv_proxy,,,,
2022-07-13,47150.0,233555.0,0.0,0.0,-0.0,-0.1,-0.094244,0.0,ohlcv_proxy,,,,
2022-07-14,46600.0,135849.0,0.0,0.0,-0.0,-0.1,-0.09831,0.0,ohlcv_proxy,,,,
2022-07-15,45500.0,281357.0,0.0,0.0,-0.0,-0.1,-0.109907,0.0,ohlcv_proxy,,,,
2022-07-18,46750.0,154687.0,0.0,0.0,-0.0,-0.1,-0.112681,0.0,ohlcv_proxy,,,,
2022-07-19,47900.0,159258.0,0.0,0.0,-0.0,-0.1,-0.108357,0.0,ohlcv_proxy,,,,
2022-07-20,48600.0,208908.0,0.0,0.0,-0.0,0.0,-0.100123,0.0,ohlcv_proxy,,,,
2022-07-21,47950.0,188267.0,0.0,0.0,-0.0,0.0,-0.094589,0.0,ohlcv_proxy,,,,
2022-07-22,47500.0,128296.0,0.0,0.0,-0.0,0.0,-0.080279,0.0,ohlcv_proxy,,,,
2022-07-25,48200.0,72853.0,0.0,0.0,-0.0,0.0,-0.074276,0.0,ohlcv_proxy,,,,
2022-07-26,48050.0,133722.0,0.0,0.0,-0.0,0.0,-0.064577,0.0,ohlcv_proxy,,,,
2022-07-27,47900.0,114122.0,0.0,0.0,-0.0,0.0,-0.038037,0.0,ohlcv_proxy,,,,
2022-07-28,52800.0,787444.0,0.0,0.0,0.0,0.1,0.026733,0.0,ohlcv_proxy,,,,
2022-07-29,55500.0,756292.0,0.0,0.0,0.0,0.2,0.059026,0.0,ohlcv_proxy,,,,
2022-08-01,57600.0,522692.0,0.0,0.0,0.0,0.3,0.071486,0.0,ohlcv_proxy,,,,
2022-08-02,57300.0,301255.0,0.0,0.0,0.0,0.3,0.080347,0.0,ohlcv_proxy,,,,
2022-08-03,57600.0,246462.0,0.0,0.0,0.0,0.3,0.079289,0.0,ohlcv_proxy,,,,
2022-08-04,56800.0,189126.0,0.0,0.0,0.0,0.3,0.094736,0.0,ohlcv_proxy,,,,
2022-08-05,58400.0,291403.0,0.0,0.0,0.0,0.3,0.101961,0.0,ohlcv_proxy,,,,
2022-08-08,61900.0,955162.0,0.0,0.0,0.0,0.4,0.104623,0.0,ohlcv_proxy,,,,
2022-08-09,61300.0,330378.0,0.0,0.0,0.0,0.4,0.104511,0.0,ohlcv_proxy,,,,
2022-08-10,62700.0,537699.0,0.0,0.0,0.0,0.5,0.101145,0.0,ohlcv_proxy,,,,
2022-08-11,66200.0,719756.0,0.0,0.0,0.0,0.5,0.104504,0.0,ohlcv_proxy,,,,
2022-08-12,64300.0,364306.0,0.0,0.0,0.0,0.4,0.09963,0.0,ohlcv_proxy,,,,
2022-08-16,65100.0,248567.0,0.0,0.0,0.0,0.3,0.104598,0.0,ohlcv_proxy,,,,
2022-08-17,63600.0,349094.0,0.0,0.0,0.0,0.3,0.101381,0.0,ohlcv_proxy,,,,
2022-08-18,64900.0,378803.0,0.0,0.0,0.0,0.3,0.099621,0.0,ohlcv_proxy,,,,
2022-08-19,64500.0,437034.0,0.0,0.0,0.0,0.3,0.079161,0.0,ohlcv_proxy,,,,
2022-08-22,63100.0,212085.0,0.0,0.0,0.0,0.3,0.07162,0.0,ohlcv_proxy,,,,
2022-08-23,65400.0,423180.0,0.0,0.0,0.0,0.2,0.067342,0.0,ohlcv_proxy,,,,
2022-08-24,69000.0,883667.0,0.0,0.0,0.0,0.3,0.079646,0.0,ohlcv_proxy,,,,
2022-08-25,67200.0,370963.0,0.0,0.0,0.0,0.2,0.07873,0.0,ohlcv_proxy,,,,
2022-08-26,68300.0,309684.0,0.0,0.0,0.0,0.1,0.071544,0.0,ohlcv_proxy,,,,
2022-08-29,70700.0,686458.0,0.0,0.0,0.0,0.2,0.069362,0.0,ohlcv_proxy,,,,
2022-08-30,68900.0,400889.0,0.0,0.0,0.0,0.2,0.067765,0.0,ohlcv_proxy,,,,
2022-08-31,68700.0,341566.0,0.0,0.0,0.0,0.2,0.060585,0.0,ohlcv_proxy,,,,
2022-09-01,67100.0,286040.0,0.0,0.0,0.0,0.2,0.057064,0.0,ohlcv_proxy,,,,
2022-09-02,64100.0,618219.0,0.0,0.0,0.0,0.2,0.03694,0.0,ohlcv_proxy,,,,
2022-09-05,64200.0,215839.0,0.0,0.0,0.0,0.2,0.011621,0.0,ohlcv_proxy,,,,
2022-09-06,66300.0,340709.0,0.0,0.0,0.0,0.2,-0.003968,0.0,ohlcv_proxy,,,,
2022-09-07,65000.0,262890.0,0.0,0.0,0.0,0.1,-0.016752,0.0,ohlcv_proxy,,,,
2022-09-08,64800.0,199677.0,0.0,0.0,0.0,0.1,-0.025493,0.0,ohlcv_proxy,,,,
2022-09-13,62700.0,407465.0,0.0,0.0,-0.0,0.1,-0.027428,0.0,ohlcv_proxy,,,,
2022-09-14,61800.0,299391.0,0.0,0.0,-0.0,0.0,-0.033684,0.0,ohlcv_proxy,,,,
2022-09-15,61900.0,252853.0,0.0,0.0,-0.0,0.0,-0.0461,0.0,ohlcv_proxy,,,,
2022-09-16,61900.0,331690.0,0.0,0.0,-0.0,0.0,-0.054222,0.0,ohlcv_proxy,,,,
2022-09-19,59900.0,253869.0,0.0,0.0,-0.0,0.0,-0.063065,0.0,ohlcv_proxy,,,,
2022-09-20,62200.0,306504.0,0.0,0.0,-0.0,0.0,-0.064672,0.0,ohlcv_proxy,,,,
2022-09-21,62800.0,265768.0,0.0,0.0,-0.0,0.0,-0.061452,0.0,ohlcv_proxy,,,,
2022-09-22,67900.0,732039.0,0.0,0.0,0.0,0.1,-0.02889,0.0,ohlcv_proxy,,,,
2022-09-23,64900.0,323837.0,0.0,0.0,0.0,0.1,-0.014751,0.0,ohlcv_proxy,,,,
2022-09-26,63200.0,431861.0,0.0,0.0,-0.0,0.1,-0.007075,0.0,ohlcv_proxy,,,,
2022-09-27,62300.0,337958.0,0.0,0.0,-0.0,0.1,-0.003393,0.0,ohlcv_proxy,,,,
2022-09-28,61200.0,286110.0,0.0,0.0,-0.0,0.1,0.004026,0.0,ohlcv_proxy,,,,
2022-09-29,61200.0,206186.0,0.0,0.0,-0.0,0.1,-0.020513,0.0,ohlcv_proxy,,,,
2022-09-30,60700.0,181640.0,0.0,0.0,-0.0,0.1,-0.02699,0.0,ohlcv_proxy,,,,
2022-10-04,62900.0,185753.0,0.0,0.0,0.0,0.1,-0.028964,0.0,ohlcv_proxy,,,,
2022-10-05,64300.0,236890.0,0.0,0.0,0.0,0.1,-0.022613,0.0,ohlcv_proxy,,,,
2022-10-06,67100.0,347286.0,0.0,0.0,0.0,0.1,0.001728,0.0,ohlcv_proxy,,,,
2022-10-07,65700.0,258044.0,0.0,0.0,0.0,0.0,0.01602,0.0,ohlcv_proxy,,,,
2022-10-11,62000.0,223245.0,0.0,0.0,-0.0,0.0,0.019515,0.0,ohlcv_proxy,,,,
2022-10-12,62100.0,160029.0,0.0,0.0,-0.0,0.0,0.019768,0.0,ohlcv_proxy,,,,
2022-10-13,61700.0,306996.0,0.0,0.0,-0.0,0.0,0.010358,0.0,ohlcv_proxy,,,,
2022-10-14,63100.0,208340.0,0.0,0.0,-0.0,0.0,-0.007912,0.0,ohlcv_proxy,,,,
2022-10-17,62900.0,153926.0,0.0,0.0,-0.0,0.0,-0.019469,0.0,ohlcv_proxy,,,,
2022-10-18,64400.0,172300.0,0.0,0.0,0.0,0.0,-0.01466,0.0,ohlcv_proxy,,,,
2022-10-19,63700.0,142450.0,0.0,0.0,0.0,0.0,-0.013566,0.0,ohlcv_proxy,,,,
2022-10-20,63600.0,185166.0,0.0,0.0,0.0,0.0,-0.005737,0.0,ohlcv_proxy,,,,
2022-10-21,63200.0,234624.0,0.0,0.0,-0.0,0.0,-0.005898,0.0,ohlcv_proxy,,,,
2022-10-24,63500.0,230604.0,0.0,0.0,0.0,0.0,0.005379,0.0,ohlcv_proxy,,,,
2022-10-25,58000.0,834227.0,0.0,0.0,-0.0,-0.1,-0.027302,0.1,ohlcv_proxy,,,,
2022-10-26,57900.0,338022.0,0.0,0.0,-0.0,-0.1,-0.033791,0.1,ohlcv_proxy,,,,
2022-10-27,60000.0,236528.0,0.0,0.0,-0.0,-0.1,-0.037755,0.1,ohlcv_proxy,,,,
2022-10-28,59400.0,157497.0,0.0,0.0,-0.0,-0.1,-0.045061,0.1,ohlcv_proxy,,,,
2022-10-31,58800.0,210705.0,0.0,0.0,-0.0,-0.1,-0.053316,0.1,ohlcv_proxy,,,,
2022-11-01,60300.0,200712.0,0.0,0.0,-0.0,-0.1,-0.042287,0.1,ohlcv_proxy,,,,
2022-11-02,59800.0,170448.0,0.0,0.0,-0.0,-0.1,-0.031786,0.1,ohlcv_proxy,,,,
2022-11-03,60300.0,155877.0,0.0,0.0,-0.0,-0.1,-0.028733,0.1,ohlcv_proxy,,,,
2022-11-04,62300.0,357625.0,0.0,0.0,0.0,-0.1,-0.008783,0.1,ohlcv_proxy,,,,
2022-11-07,60300.0,219726.0,0.0,0.0,-0.0,-0.1,0.000411,0.1,ohlcv_proxy,,,,
2022-11-08,60700.0,164997.0,0.0,0.0,-0.0,0.0,0.002698,0.0,ohlcv_proxy,,,,
2022-11-09,65900.0,765244.0,0.0,0.0,0.0,0.1,0.030564,0.0,ohlcv_proxy,,,,
2022-11-10,67100.0,807912.0,0.0,0.0,0.0,0.2,0.042436,0.0,ohlcv_proxy,,,,
2022-11-11,70800.0,780044.0,0.0,0.0,0.0,0.3,0.058027,0.0,ohlcv_proxy,,,,
2022-11-14,69900.0,394586.0,0.0,0.0,0.0,0.3,0.065647,0.0,ohlcv_proxy,,,,
2022-11-15,72500.0,424136.0,0.0,0.0,0.0,0.3,0.072604,0.0,ohlcv_proxy,,,,
2022-11-16,75800.0,1368239.0,0.0,0.0,0.0,0.4,0.088343,0.0,ohlcv_proxy,,,,
2022-11-17,76700.0,1276576.0,0.0,0.0,0.0,0.5,0.099005,0.0,ohlcv_proxy,,,,
2022-11-18,75200.0,493878.0,0.0,0.0,0.0,0.5,0.102694,0.0,ohlcv_proxy,,,,
2022-11-21,75000.0,297106.0,0.0,0.0,0.0,0.5,0.105146,0.0,ohlcv_proxy,,,,
2022-11-22,76000.0,537852.0,0.0,0.0,0.0,0.5,0.089058,0.0,ohlcv_proxy,,,,
2022-11-23,75700.0,307823.0,0.0,0.0,0.0,0.4,0.080166,0.0,ohlcv_proxy,,,,
2022-11-24,79100.0,633341.0,0.0,0.0,0.0,0.3,0.074497,0.0,ohlcv_proxy,,,,
2022-11-25,78800.0,245073.0,0.0,0.0,0.0,0.2,0.077173,0.0,ohlcv_proxy,,,,
2022-11-28,77100.0,306911.0,0.0,0.0,0.0,0.2,0.074817,0.0,ohlcv_proxy,,,,
2022-11-29,76800.0,186226.0,0.0,0.0,0.0,0.2,0.075299,0.0,ohlcv_proxy,,,,
2022-11-30,76500.0,279621.0,0.0,0.0,0.0,0.1,0.072782,0.0,ohlcv_proxy,,,,
2022-12-01,75600.0,204099.0,0.0,0.0,0.0,0.0,0.055698,0.0,ohlcv_proxy,,,,
2022-12-02,74500.0,256145.0,0.0,0.0,0.0,0.0,0.037661,0.0,ohlcv_proxy,,,,
2022-12-05,74100.0,171209.0,0.0,0.0,0.0,0.0,0.025416,0.0,ohlcv_proxy,,,,
2022-12-06,71000.0,247928.0,0.0,0.0,-0.0,0.0,0.007459,0.0,ohlcv_proxy,,,,
2022-12-07,71100.0,181350.0,0.0,0.0,-0.0,0.0,-0.01562,0.0,ohlcv_proxy,,,,
2022-12-08,70300.0,165165.0,0.0,0.0,-0.0,0.0,-0.036069,0.0,ohlcv_proxy,,,,
2022-12-09,68500.0,237424.0,0.0,0.0,-0.0,0.0,-0.058205,0.0,ohlcv_proxy,,,,
2022-12-12,72100.0,340760.0,0.0,0.0,0.0,0.0,-0.06125,0.0,ohlcv_proxy,,,,
2022-12-13,71300.0,203391.0,0.0,0.0,-0.0,0.0,-0.061276,0.0,ohlcv_proxy,,,,
2022-12-14,74800.0,433497.0,0.0,0.0,0.0,0.0,-0.043599,0.0,ohlcv_proxy,,,,
2022-12-15,75900.0,260121.0,0.0,0.0,0.0,0.0,-0.028366,0.0,ohlcv_proxy,,,,
2022-12-16,74500.0,228652.0,0.0,0.0,0.0,0.0,-0.015056,0.0,ohlcv_proxy,,,,
2022-12-19,74500.0,136830.0,0.0,0.0,0.0,0.0,-0.00767,0.0,ohlcv_proxy,,,,
2022-12-20,71400.0,380603.0,0.0,0.0,-0.0,0.0,-0.007677,0.0,ohlcv_proxy,,,,
2022-12-21,70900.0,152885.0,0.0,0.0,-0.0,0.0,-0.014816,0.0,ohlcv_proxy,,,,
2022-12-22,70800.0,151672.0,0.0,0.0,-0.0,0.0,-0.018578,0.0,ohlcv_proxy,,,,
2022-12-23,69800.0,198710.0,0.0,0.0,-0.0,0.0,-0.026196,0.0,ohlcv_proxy,,,,
2022-12-26,70500.0,183340.0,0.0,0.0,-0.0,0.0,-0.028841,0.0,ohlcv_proxy,,,,
2022-12-27,71700.0,220023.0,0.0,0.0,-0.0,0.0,-0.026469,0.0,ohlcv_proxy,,,,
2022-12-28,70500.0,111244.0,0.0,0.0,-0.0,0.0,-0.023328,0.0,ohlcv_proxy,,,,
2022-12-29,68800.0,210249.0,0.0,0.0,-0.0,0.0,-0.025281,0.0,ohlcv_proxy,,,,
2023-01-02,67800.0,152814.0,0.0,0.0,-0.0,0.0,-0.025842,0.0,ohlcv_proxy,,,,
2023-01-03,67800.0,137879.0,0.0,0.0,-0.0,0.0,-0.029563,0.0,ohlcv_proxy,,,,
2023-01-04,64600.0,324460.0,0.0,0.0,-0.0,0.0,-0.054067,0.0,ohlcv_proxy,,,,
2023-01-05,63200.0,343324.0,0.0,0.0,-0.0,-0.1,-0.067347,0.0,ohlcv_proxy,,,,
2023-01-06,63200.0,221747.0,0.0,0.0,-0.0,-0.1,-0.077369,0.0,ohlcv_proxy,,,,
2023-01-09,65700.0,213797.0,0.0,0.0,-0.0,-0.1,-0.078771,0.0,ohlcv_proxy,,,,
2023-01-10,65600.0,172689.0,0.0,0.0,-0.0,-0.1,-0.077372,0.0,ohlcv_proxy,,,,
2023-01-11,67000.0,277495.0,0.0,0.0,-0.0,-0.1,-0.066573,0.0,ohlcv_proxy,,,,
2023-01-12,73400.0,1398408.0,0.0,0.0,0.0,0.0,0.004049,0.0,ohlcv_proxy,,,,
2023-01-13,71300.0,297325.0,0.0,0.0,0.0,0.0,0.018396,0.0,ohlcv_proxy,,,,
2023-01-16,72000.0,198667.0,0.0,0.0,0.0,0.0,0.028251,0.0,ohlcv_proxy,,,,
2023-01-17,71700.0,191511.0,0.0,0.0,0.0,0.0,0.035382,0.0,ohlcv_proxy,,,,
2023-01-18,70800.0,192819.0,0.0,0.0,0.0,0.0,0.04397,0.0,ohlcv_proxy,,,,
2023-01-19,68000.0,515036.0,0.0,0.0,-0.0,0.0,0.011004,0.0,ohlcv_proxy,,,,
2023-01-20,67600.0,381188.0,0.0,0.0,-0.0,0.0,0.000373,0.0,ohlcv_proxy,,,,
2023-01-25,66500.0,314522.0,0.0,0.0,-0.0,0.0,-0.010134,0.0,ohlcv_proxy,,,,
2023-01-26,68300.0,270728.0,0.0,0.0,-0.0,0.0,-0.014729,0.0,ohlcv_proxy,,,,
2023-01-27,68500.0,199205.0,0.0,0.0,-0.0,0.0,-0.016912,0.0,ohlcv_proxy,,,,
2023-01-30,65000.0,485080.0,0.0,0.0,-0.0,-0.1,-0.02527,0.0,ohlcv_proxy,,,,
2023-01-31,64000.0,660955.0,0.0,0.0,-0.0,-0.2,-0.035434,0.0,ohlcv_proxy,,,,
2023-02-01,66500.0,449234.0,0.0,0.0,-0.0,-0.2,-0.033352,0.0,ohlcv_proxy,,,,
2023-02-02,66600.0,271652.0,0.0,0.0,-0.0,-0.2,-0.035931,0.0,ohlcv_proxy,,,,
2023-02-03,66700.0,205435.0,0.0,0.0,-0.0,-0.2,-0.04005,0.0,ohlcv_proxy,,,,
2023-02-06,65700.0,175895.0,0.0,0.0,-0.0,-0.1,-0.040541,0.0,ohlcv_proxy,,,,
2023-02-07,68100.0,328159.0,0.0,0.0,0.0,-0.1,-0.0237,0.0,ohlcv_proxy,,,,
2023-02-08,67700.0,219080.0,0.0,0.0,0.0,-0.1,-0.020455,0.0,ohlcv_proxy,,,,
2023-02-09,71300.0,631296.0,0.0,0.0,0.0,0.0,0.001315,0.0,ohlcv_proxy,,,,
2023-02-10,72200.0,416694.0,0.0,0.0,0.0,0.0,0.012722,0.0,ohlcv_proxy,,,,
2023-02-13,71300.0,295907.0,0.0,0.0,0.0,0.0,0.033669,0.0,ohlcv_proxy,,,,
2023-02-14,69000.0,1177650.0,0.0,0.0,0.0,0.0,0.028326,0.1,ohlcv_proxy,,,,
2023-02-15,66900.0,481797.0,0.0,0.0,-0.0,0.0,0.025946,0.1,ohlcv_proxy,,,,
2023-02-16,67600.0,270381.0,0.0,0.0,-0.0,0.0,0.018954,0.1,ohlcv_proxy,,,,
2023-02-17,68000.0,233202.0,0.0,0.0,-0.0,0.0,0.010839,0.1,ohlcv_proxy,,,,
2023-02-20,67000.0,211734.0,0.0,0.0,-0.0,0.0,0.004267,0.1,ohlcv_proxy,,,,
2023-02-21,67500.0,258186.0,0.0,0.0,-0.0,0.0,-0.007691,0.1,ohlcv_proxy,,,,
2023-02-22,65400.0,357985.0,0.0,0.0,-0.0,0.0,-0.012182,0.1,ohlcv_proxy,,,,
2023-02-23,65500.0,168140.0,0.0,0.0,-0.0,-0.1,-0.016188,0.1,ohlcv_proxy,,,,
2023-02-24,66900.0,228458.0,0.0,0.0,-0.0,-0.1,-0.018637,0.1,ohlcv_proxy,,,,
2023-02-27,66200.0,217778.0,0.0,0.0,-0.0,-0.1,-0.022629,0.1,ohlcv_proxy,,,,
2023-02-28,66900.0,217125.0,0.0,0.0,-0.0,0.0,-0.029738,0.0,ohlcv_proxy,,,,
2023-03-02,69900.0,872218.0,0.0,0.0,0.0,0.1,-0.003714,0.0,ohlcv_proxy,,,,
2023-03-03,69400.0,298373.0,0.0,0.0,0.0,0.1,0.001164,0.0,ohlcv_proxy,,,,
2023-03-06,71500.0,516080.0,0.0,0.0,0.0,0.1,0.010334,0.0,ohlcv_proxy,,,,
2023-03-07,76300.0,968875.0,0.0,0.0,0.0,0.2,0.033189,0.0,ohlcv_proxy,,,,
2023-03-08,74500.0,572119.0,0.0,0.0,0.0,0.2,0.038721,0.0,ohlcv_proxy,,,,
2023-03-09,74300.0,590074.0,0.0,0.0,0.0,0.2,0.050324,0.0,ohlcv_proxy,,,,
2023-03-10,73000.0,356850.0,0.0,0.0,0.0,0.2,0.054472,0.0,ohlcv_proxy,,,,
2023-03-13,72300.0,393540.0,0.0,0.0,0.0,0.2,0.057739,0.0,ohlcv_proxy,,,,
2023-03-14,68900.0,469881.0,0.0,0.0,-0.0,0.2,0.033562,0.0,ohlcv_proxy,,,,
2023-03-15,72600.0,346108.0,0.0,0.0,0.0,0.2,0.022284,0.0,ohlcv_proxy,,,,
2023-03-16,74200.0,431379.0,0.0,0.0,0.0,0.1,0.013694,0.0,ohlcv_proxy,,,,
2023-03-17,70700.0,885629.0,0.0,0.0,-0.0,0.0,0.004084,0.1,ohlcv_proxy,,,,
2023-03-20,70000.0,388601.0,0.0,0.0,-0.0,0.0,-0.001372,0.1,ohlcv_proxy,,,,
2023-03-21,69600.0,216710.0,0.0,0.0,-0.0,-0.1,0.002168,0.1,ohlcv_proxy,,,,
2023-03-22,71100.0,282551.0,0.0,0.0,0.0,-0.1,-0.002477,0.1,ohlcv_proxy,,,,
2023-03-23,69700.0,299847.0,0.0,0.0,-0.0,-0.1,-0.016842,0.1,ohlcv_proxy,,,,
2023-03-24,70000.0,231076.0,0.0,0.0,-0.0,-0.1,-0.021626,0.1,ohlcv_proxy,,,,
2023-03-27,69700.0,233035.0,0.0,0.0,-0.0,-0.1,-0.023215,0.1,ohlcv_proxy,,,,
2023-03-28,71300.0,262363.0,0.0,0.0,0.0,-0.1,-0.020372,0.1,ohlcv_proxy,,,,
2023-03-29,71700.0,191777.0,0.0,0.0,0.0,-0.1,-0.021425,0.1,ohlcv_proxy,,,,
2023-03-30,73400.0,514185.0,0.0,0.0,0.0,-0.1,-0.008594,0.1,ohlcv_proxy,,,,
2023-03-31,72900.0,608086.0,0.0,0.0,0.0,0.0,-0.001788,0.0,ohlcv_proxy,,,,
2023-04-03,70200.0,548872.0,0.0,0.0,-0.0,0.0,-0.004119,0.0,ohlcv_proxy,,,,
2023-04-04,70100.0,495098.0,0.0,0.0,-0.0,0.0,-0.000344,0.0,ohlcv_proxy,,,,
2023-04-05,72800.0,614258.0,0.0,0.0,0.0,0.0,0.004608,0.0,ohlcv_proxy,,,,
2023-04-06,74700.0,2589695.0,0.0,0.0,0.0,0.1,0.014237,0.0,ohlcv_proxy,,,,
2023-04-07,72300.0,871545.0,0.0,0.0,0.0,0.0,0.012843,0.0,ohlcv_proxy,,,,
2023-04-10,73000.0,643540.0,0.0,0.0,0.0,0.0,0.016292,0.0,ohlcv_proxy,,,,
2023-04-11,74100.0,639519.0,0.0,0.0,0.0,0.0,0.018218,0.0,ohlcv_proxy,,,,
2023-04-12,74000.0,361037.0,0.0,0.0,0.0,0.0,0.019453,0.0,ohlcv_proxy,,,,
2023-04-13,74800.0,414071.0,0.0,0.0,0.0,0.0,0.011712,0.0,ohlcv_proxy,,,,
2023-04-14,78700.0,1095559.0,0.0,0.0,0.0,0.1,0.030922,0.0,ohlcv_proxy,,,,
2023-04-17,79200.0,684100.0,0.0,0.0,0.0,0.1,0.042182,0.0,ohlcv_proxy,,,,
2023-04-18,78700.0,1095791.0,0.0,0.0,0.0,0.0,0.049138,0.0,ohlcv_proxy,,,,
2023-04-19,78000.0,410595.0,0.0,0.0,0.0,0.0,0.051726,0.0,ohlcv_proxy,,,,
2023-04-20,80800.0,1149956.0,0.0,0.0,0.0,0.0,0.055786,0.0,ohlcv_proxy,,,,
2023-04-21,84100.0,1446552.0,0.0,0.0,0.0,0.2,0.063418,0.0,ohlcv_proxy,,,,
2023-04-24,82300.0,1202828.0,0.0,0.0,0.0,0.1,0.062584,0.0,ohlcv_proxy,,,,
2023-04-25,79000.0,844037.0,0.0,0.0,0.0,0.1,0.0621,0.0,ohlcv_proxy,,,,
2023-04-26,77300.0,390875.0,0.0,0.0,0.0,0.1,0.0606,0.0,ohlcv_proxy,,,,
2023-04-27,77300.0,352626.0,0.0,0.0,0.0,0.1,0.056988,0.0,ohlcv_proxy,,,,
2023-04-28,75400.0,445019.0,0.0,0.0,-0.0,0.0,0.029048,0.0,ohlcv_proxy,,,,
2023-05-02,74300.0,334902.0,0.0,0.0,-0.0,0.0,-0.001993,0.0,ohlcv_proxy,,,,
2023-05-03,72800.0,393753.0,0.0,0.0,-0.0,0.1,-0.025583,0.0,ohlcv_proxy,,,,
2023-05-04,74800.0,287946.0,0.0,0.0,-0.0,0.1,-0.03375,0.0,ohlcv_proxy,,,,
2023-05-08,72900.0,353674.0,0.0,0.0,-0.0,0.0,-0.049974,0.0,ohlcv_proxy,,,,
2023-05-09,77700.0,932507.0,0.0,0.0,0.0,-0.1,-0.038653,0.0,ohlcv_proxy,,,,
2023-05-10,74000.0,660702.0,0.0,0.0,-0.0,0.0,-0.041665,0.0,ohlcv_proxy,,,,
2023-05-11,79200.0,794516.0,0.0,0.0,0.0,0.0,-0.027164,0.0,ohlcv_proxy,,,,
2023-05-12,75800.0,455453.0,0.0,0.0,-0.0,0.0,-0.0268,0.0,ohlcv_proxy,,,,
2023-05-15,78400.0,1059683.0,0.0,0.0,0.0,0.0,-0.017278,0.0,ohlcv_proxy,,,,
2023-05-16,78300.0,299233.0,0.0,0.0,0.0,0.0,-0.017344,0.0,ohlcv_proxy,,,,
2023-05-17,77100.0,364190.0,0.0,0.0,0.0,0.0,-0.007415,0.0,ohlcv_proxy,,,,
2023-05-18,77200.0,206265.0,0.0,0.0,0.0,0.0,-0.012857,0.0,ohlcv_proxy,,,,
2023-05-19,76600.0,277424.0,0.0,0.0,0.0,0.0,-0.009424,0.0,ohlcv_proxy,,,,
2023-05-22,77900.0,228840.0,0.0,0.0,0.0,0.0,-0.011824,0.0,ohlcv_proxy,,,,
2023-05-23,78400.0,203428.0,0.0,0.0,0.0,0.0,-0.001956,0.0,ohlcv_proxy,,,,
2023-05-24,78400.0,176185.0,0.0,0.0,0.0,0.0,0.009377,0.0,ohlcv_proxy,,,,
2023-05-25,78600.0,257852.0,0.0,0.0,0.0,0.0,0.015329,0.0,ohlcv_proxy,,,,
2023-05-26,76100.0,354386.0,0.0,0.0,-0.0,0.0,0.013059,0.0,ohlcv_proxy,,,,
2023-05-30,80400.0,557002.0,0.0,0.0,0.0,0.0,0.02253,0.0,ohlcv_proxy,,,,
2023-05-31,79000.0,296134.0,0.0,0.0,0.0,0.0,0.021756,0.0,ohlcv_proxy,,,,
2023-06-01,80000.0,366020.0,0.0,0.0,0.0,0.0,0.022359,0.0,ohlcv_proxy,,,,
2023-06-02,82100.0,466267.0,0.0,0.0,0.0,0.0,0.025978,0.0,ohlcv_proxy,,,,
2023-06-05,83100.0,339248.0,0.0,0.0,0.0,0.0,0.037306,0.0,ohlcv_proxy,,,,
2023-06-07,84400.0,459623.0,0.0,0.0,0.0,0.0,0.042663,0.0,ohlcv_proxy,,,,
2023-06-08,83500.0,258514.0,0.0,0.0,0.0,0.0,0.047773,0.0,ohlcv_proxy,,,,
2023-06-09,83000.0,399241.0,0.0,0.0,0.0,0.0,0.046841,0.0,ohlcv_proxy,,,,
2023-06-12,82200.0,331426.0,0.0,0.0,0.0,0.0,0.046109,0.0,ohlcv_proxy,,,,
2023-06-13,82800.0,234741.0,0.0,0.0,0.0,0.0,0.041182,0.0,ohlcv_proxy,,,,
2023-06-14,81500.0,265712.0,0.0,0.0,0.0,0.0,0.028666,0.0,ohlcv_proxy,,,,
2023-06-15,80300.0,224156.0,0.0,0.0,-0.0,0.0,0.021051,0.0,ohlcv_proxy,,,,
2023-06-16,84600.0,488981.0,0.0,0.0,0.0,0.1,0.021532,0.0,ohlcv_proxy,,,,
2023-06-19,88400.0,808354.0,0.0,0.0,0.0,0.2,0.03833,0.0,ohlcv_proxy,,,,
2023-06-20,86700.0,358323.0,0.0,0.0,0.0,0.2,0.038994,0.0,ohlcv_proxy,,,,
2023-06-21,87200.0,442375.0,0.0,0.0,0.0,0.2,0.042937,0.0,ohlcv_proxy,,,,
2023-06-22,87700.0,386542.0,0.0,0.0,0.0,0.2,0.047355,0.0,ohlcv_proxy,,,,
2023-06-23,85100.0,285359.0,0.0,0.0,0.0,0.2,0.048456,0.0,ohlcv_proxy,,,,
2023-06-26,81500.0,1333492.0,0.0,0.0,-0.0,0.1,0.013139,0.1,ohlcv_proxy,,,,
2023-06-27,82600.0,351859.0,0.0,0.0,-0.0,0.1,0.003664,0.1,ohlcv_proxy,,,,
2023-06-28,83000.0,292590.0,0.0,0.0,0.0,0.1,-0.006448,0.1,ohlcv_proxy,,,,
2023-06-29,85700.0,432212.0,0.0,0.0,0.0,0.1,-0.012486,0.1,ohlcv_proxy,,,,
2023-06-30,86300.0,341743.0,0.0,0.0,0.0,0.0,-0.013273,0.1,ohlcv_proxy,,,,
2023-07-03,84200.0,376460.0,0.0,0.0,0.0,-0.1,0.001929,0.1,ohlcv_proxy,,,,
2023-07-04,83100.0,273156.0,0.0,0.0,-0.0,-0.1,0.003768,0.1,ohlcv_proxy,,,,
2023-07-05,84300.0,295492.0,0.0,0.0,0.0,-0.1,0.006454,0.1,ohlcv_proxy,,,,
2023-07-06,83600.0,256929.0,0.0,0.0,0.0,-0.1,0.001106,0.1,ohlcv_proxy,,,,
2023-07-07,82800.0,270346.0,0.0,0.0,-0.0,-0.1,-0.007782,0.1,ohlcv_proxy,,,,
2023-07-10,83100.0,233808.0,0.0,0.0,-0.0,0.0,-0.011384,0.0,ohlcv_proxy,,,,
2023-07-11,86900.0,563700.0,0.0,0.0,0.0,0.0,0.001069,0.0,ohlcv_proxy,,,,
2023-07-12,86800.0,251451.0,0.0,0.0,0.0,0.0,0.00393,0.0,ohlcv_proxy,,,,
2023-07-13,86300.0,343449.0,0.0,0.0,0.0,0.0,0.007434,0.0,ohlcv_proxy,,,,
2023-07-14,84300.0,346278.0,0.0,0.0,0.0,0.0,0.009614,0.0,ohlcv_proxy,,,,
2023-07-17,82900.0,375929.0,0.0,0.0,-0.0,0.0,0.012246,0.0,ohlcv_proxy,,,,
2023-07-18,83000.0,212696.0,0.0,0.0,-0.0,0.0,0.003745,0.0,ohlcv_proxy,,,,
2023-07-19,83000.0,210564.0,0.0,0.0,-0.0,0.0,-0.00086,0.0,ohlcv_proxy,,,,
2023-07-20,84000.0,319170.0,0.0,0.0,0.0,0.0,-0.00498,0.0,ohlcv_proxy,,,,
2023-07-21,80100.0,1400360.0,0.0,0.0,-0.0,-0.1,-0.020997,0.1,ohlcv_proxy,,,,
2023-07-24,80000.0,274766.0,0.0,0.0,-0.0,-0.1,-0.027922,0.1,ohlcv_proxy,,,,
2023-07-25,79800.0,393425.0,0.0,0.0,-0.0,-0.1,-0.030385,0.1,ohlcv_proxy,,,,
2023-07-26,76500.0,619095.0,0.0,0.0,-0.0,-0.2,-0.036683,0.1,ohlcv_proxy,,,,
2023-07-27,75000.0,445274.0,0.0,0.0,-0.0,-0.2,-0.043057,0.1,ohlcv_proxy,,,,
2023-07-28,73500.0,438024.0,0.0,0.0,-0.0,-0.2,-0.059726,0.1,ohlcv_proxy,,,,
2023-07-31,74200.0,508580.0,0.0,0.0,-0.0,-0.2,-0.063996,0.1,ohlcv_proxy,,,,
2023-08-01,75800.0,428502.0,0.0,0.0,-0.0,-0.2,-0.068035,0.1,ohlcv_proxy,,,,
2023-08-02,73700.0,304837.0,0.0,0.0,-0.0,-0.2,-0.071121,0.1,ohlcv_proxy,,,,
2023-08-03,72500.0,473103.0,0.0,0.0,-0.0,-0.2,-0.07168,0.1,ohlcv_proxy,,,,
2023-08-04,71300.0,386318.0,0.0,0.0,-0.0,-0.1,-0.07105,0.0,ohlcv_proxy,,,,
2023-08-07,69900.0,374587.0,0.0,0.0,-0.0,-0.1,-0.076052,0.0,ohlcv_proxy,,,,
2023-08-08,68900.0,468921.0,0.0,0.0,-0.0,-0.1,-0.083206,0.0,ohlcv_proxy,,,,
2023-08-09,72000.0,664385.0,0.0,0.0,-0.0,0.0,-0.076333,0.0,ohlcv_proxy,,,,
2023-08-10,68600.0,752865.0,0.0,0.0,-0.0,-0.1,-0.076636,0.0,ohlcv_proxy,,,,
2023-08-11,69000.0,409374.0,0.0,0.0,-0.0,-0.1,-0.073748,0.0,ohlcv_proxy,,,,
2023-08-14,66800.0,344048.0,0.0,0.0,-0.0,-0.1,-0.071578,0.0,ohlcv_proxy,,,,
2023-08-16,65400.0,319320.0,0.0,0.0,-0.0,-0.1,-0.071062,0.0,ohlcv_proxy,,,,
2023-08-17,65300.0,218144.0,0.0,0.0,-0.0,-0.1,-0.084881,0.0,ohlcv_proxy,,,,
2023-08-18,65100.0,212671.0,0.0,0.0,-0.0,-0.1,-0.090151,0.0,ohlcv_proxy,,,,
2023-08-21,65400.0,194496.0,0.0,0.0,-0.0,-0.1,-0.086072,0.0,ohlcv_proxy,,,,
2023-08-22,63500.0,420782.0,0.0,0.0,-0.0,-0.1,-0.090666,0.0,ohlcv_proxy,,,,
2023-08-23,64700.0,428760.0,0.0,0.0,-0.0,-0.1,-0.083406,0.0,ohlcv_proxy,,,,
2023-08-24,64300.0,390308.0,0.0,0.0,-0.0,-0.1,-0.075886,0.0,ohlcv_proxy,,,,
2023-08-25,63100.0,380306.0,0.0,0.0,-0.0,0.0,-0.073041,0.0,ohlcv_proxy,,,,
2023-08-28,65700.0,283993.0,0.0,0.0,-0.0,0.0,-0.066595,0.0,ohlcv_proxy,,,,
2023-08-29,65600.0,248765.0,0.0,0.0,-0.0,0.0,-0.054886,0.0,ohlcv_proxy,,,,
2023-08-30,66200.0,262588.0,0.0,0.0,-0.0,0.0,-0.044446,0.0,ohlcv_proxy,,,,
2023-08-31,63500.0,1559195.0,0.0,0.0,-0.0,-0.1,-0.04056,0.1,ohlcv_proxy,,,,
2023-09-01,63000.0,498534.0,0.0,0.0,-0.0,-0.1,-0.033929,0.1,ohlcv_proxy,,,,
2023-09-04,63600.0,223479.0,0.0,0.0,-0.0,-0.1,-0.03273,0.1,ohlcv_proxy,,,,
2023-09-05,63100.0,235664.0,0.0,0.0,-0.0,-0.1,-0.032379,0.1,ohlcv_proxy,,,,
2023-09-06,60900.0,424931.0,0.0,0.0,-0.0,-0.1,-0.03575,0.1,ohlcv_proxy,,,,
2023-09-07,59000.0,478837.0,0.0,0.0,-0.0,-0.1,-0.044611,0.1,ohlcv_proxy,,,,
2023-09-08,59200.0,409478.0,0.0,0.0,-0.0,-0.1,-0.049552,0.1,ohlcv_proxy,,,,
2023-09-11,58600.0,175291.0,0.0,0.0,-0.0,-0.1,-0.052963,0.1,ohlcv_proxy,,,,
2023-09-12,57700.0,224481.0,0.0,0.0,-0.0,-0.1,-0.059653,0.1,ohlcv_proxy,,,,
2023-09-13,56900.0,248210.0,0.0,0.0,-0.0,-0.1,-0.068333,0.1,ohlcv_proxy,,,,
2023-09-14,59600.0,411494.0,0.0,0.0,-0.0,0.0,-0.062442,0.0,ohlcv_proxy,,,,
2023-09-15,59200.0,222006.0,0.0,0.0,-0.0,0.0,-0.061293,0.0,ohlcv_proxy,,,,
2023-09-18,58900.0,141741.0,0.0,0.0,-0.0,0.0,-0.058644,0.0,ohlcv_proxy,,,,
2023-09-19,58100.0,170609.0,0.0,0.0,-0.0,0.0,-0.054551,0.0,ohlcv_proxy,,,,
2023-09-20,57800.0,182365.0,0.0,0.0,-0.0,0.0,-0.046451,0.0,ohlcv_proxy,,,,
2023-09-21,55900.0,266513.0,0.0,0.0,-0.0,0.0,-0.058805,0.0,ohlcv_proxy,,,,
2023-09-22,56700.0,233266.0,0.0,0.0,-0.0,0.0,-0.064256,0.0,ohlcv_proxy,,,,
2023-09-25,55800.0,151417.0,0.0,0.0,-0.0,0.0,-0.066906,0.0,ohlcv_proxy,,,,
2023-09-26,54300.0,246943.0,0.0,0.0,-0.0,0.0,-0.073356,0.0,ohlcv_proxy,,,,
2023-09-27,54500.0,225679.0,0.0,0.0,-0.0,0.0,-0.076706,0.0,ohlcv_proxy,,,,
2023-10-04,49950.0,535385.0,0.0,0.0,-0.0,-0.1,-0.084362,0.0,ohlcv_proxy,,,,
2023-10-05,49600.0,293155.0,0.0,0.0,-0.0,-0.1,-0.092561,0.0,ohlcv_proxy,,,,
2023-10-06,48750.0,400185.0,0.0,0.0,-0.0,-0.1,-0.098294,0.0,ohlcv_proxy,,,,
2023-10-10,48100.0,320349.0,0.0,0.0,-0.0,-0.1,-0.103921,0.0,ohlcv_proxy,,,,
2023-10-11,52600.0,672016.0,0.0,0.0,-0.0,0.0,-0.085818,0.0,ohlcv_proxy,,,,
2023-10-12,54100.0,330214.0,0.0,0.0,-0.0,0.0,-0.066497,0.0,ohlcv_proxy,,,,
2023-10-13,53200.0,227834.0,0.0,0.0,-0.0,0.0,-0.051205,0.0,ohlcv_proxy,,,,
2023-10-16,53400.0,470943.0,0.0,0.0,-0.0,0.1,-0.0295,0.0,ohlcv_proxy,,,,
2023-10-17,53000.0,264903.0,0.0,0.0,-0.0,0.1,-0.011697,0.0,ohlcv_proxy,,,,
2023-10-18,52100.0,263791.0,0.0,0.0,-0.0,0.1,-0.00678,0.0,ohlcv_proxy,,,,
2023-10-19,50000.0,282377.0,0.0,0.0,-0.0,0.2,-0.010697,0.0,ohlcv_proxy,,,,
2023-10-20,49550.0,360873.0,0.0,0.0,-0.0,0.2,-0.016604,0.0,ohlcv_proxy,,,,
2023-10-23,48600.0,220412.0,0.0,0.0,-0.0,0.2,-0.031553,0.0,ohlcv_proxy,,,,
2023-10-24,50000.0,209486.0,0.0,0.0,-0.0,0.2,-0.038029,0.0,ohlcv_proxy,,,,
2023-10-25,50600.0,181377.0,0.0,0.0,-0.0,0.1,-0.040842,0.0,ohlcv_proxy,,,,
2023-10-26,48150.0,201231.0,0.0,0.0,-0.0,0.1,-0.041809,0.0,ohlcv_proxy,,,,
2023-10-27,47100.0,292693.0,0.0,0.0,-0.0,0.1,-0.047088,0.0,ohlcv_proxy,,,,
2023-10-30,46850.0,166934.0,0.0,0.0,-0.0,0.0,-0.048116,0.0,ohlcv_proxy,,,,
2023-10-31,45700.0,320488.0,0.0,0.0,-0.0,0.0,-0.061076,0.0,ohlcv_proxy,,,,
2023-11-01,45150.0,266009.0,0.0,0.0,-0.0,0.0,-0.073006,0.0,ohlcv_proxy,,,,
2023-11-02,45600.0,347276.0,0.0,0.0,-0.0,0.0,-0.077686,0.0,ohlcv_proxy,,,,
2023-11-03,46800.0,313017.0,0.0,0.0,-0.0,0.0,-0.076029,0.0,ohlcv_proxy,,,,
2023-11-06,50900.0,468065.0,0.0,0.0,0.0,0.1,-0.053521,0.0,ohlcv_proxy,,,,
2023-11-07,49500.0,303993.0,0.0,0.0,0.0,0.1,-0.04101,0.0,ohlcv_proxy,,,,
2023-11-08,48000.0,265755.0,0.0,0.0,-0.0,0.1,-0.024286,0.0,ohlcv_proxy,,,,
2023-11-09,48450.0,931047.0,0.0,0.0,-0.0,0.2,-0.007069,0.0,ohlcv_proxy,,,,
2023-11-10,45350.0,524262.0,0.0,0.0,-0.0,0.1,-0.007893,0.0,ohlcv_proxy,,,,
2023-11-13,44900.0,238754.0,0.0,0.0,-0.0,0.1,-0.016414,0.0,ohlcv_proxy,,,,
2023-11-14,47300.0,307664.0,0.0,0.0,-0.0,0.1,-0.017651,0.0,ohlcv_proxy,,,,
2023-11-15,50100.0,830197.0,0.0,0.0,0.0,0.2,-0.003256,0.0,ohlcv_proxy,,,,
2023-11-16,50600.0,250099.0,0.0,0.0,0.0,0.2,-0.001707,0.0,ohlcv_proxy,,,,
2023-11-17,48850.0,228359.0,0.0,0.0,0.0,0.2,0.017194,0.0,ohlcv_proxy,,,,
2023-11-20,52200.0,406934.0,0.0,0.0,0.0,0.1,0.036074,0.0,ohlcv_proxy,,,,
2023-11-21,53000.0,348014.0,0.0,0.0,0.0,0.1,0.051002,0.0,ohlcv_proxy,,,,
2023-11-22,53400.0,218176.0,0.0,0.0,0.0,0.1,0.066321,0.0,ohlcv_proxy,,,,
2023-11-23,52800.0,753018.0,0.0,0.0,0.0,-0.1,0.068302,0.0,ohlcv_proxy,,,,
2023-11-24,51900.0,199939.0,0.0,0.0,0.0,0.0,0.072583,0.0,ohlcv_proxy,,,,
2023-11-27,52000.0,157047.0,0.0,0.0,0.0,0.0,0.071309,0.0,ohlcv_proxy,,,,
2023-11-28,51500.0,164876.0,0.0,0.0,0.0,0.0,0.06297,0.0,ohlcv_proxy,,,,
2023-11-29,51300.0,186825.0,0.0,0.0,0.0,-0.1,0.052908,0.0,ohlcv_proxy,,,,
2023-11-30,53500.0,374870.0,0.0,0.0,0.0,-0.1,0.045898,0.0,ohlcv_proxy,,,,
2023-12-01,53000.0,189493.0,0.0,0.0,0.0,-0.1,0.04539,0.0,ohlcv_proxy,,,,
2023-12-04,52800.0,145026.0,0.0,0.0,0.0,-0.1,0.047513,0.0,ohlcv_proxy,,,,
2023-12-05,52400.0,116058.0,0.0,0.0,0.0,-0.1,0.049192,0.0,ohlcv_proxy,,,,
2023-12-06,52900.0,110644.0,0.0,0.0,0.0,-0.1,0.052521,0.0,ohlcv_proxy,,,,
2023-12-07,52200.0,156691.0,0.0,0.0,0.0,0.0,0.036989,0.0,ohlcv_proxy,,,,
2023-12-08,52200.0,117989.0,0.0,0.0,0.0,0.0,0.022351,0.0,ohlcv_proxy,,,,
2023-12-11,52100.0,144263.0,0.0,0.0,0.0,0.0,0.013283,0.0,ohlcv_proxy,,,,
2023-12-12,58300.0,1809398.0,0.0,0.0,0.0,0.1,0.062746,0.0,ohlcv_proxy,,,,
2023-12-13,56600.0,452335.0,0.0,0.0,0.0,0.1,0.051977,0.0,ohlcv_proxy,,,,
2023-12-14,59800.0,1312873.0,0.0,0.0,0.0,0.2,0.051969,0.0,ohlcv_proxy,,,,
2023-12-15,63800.0,1339177.0,0.0,0.0,0.0,0.3,0.053254,0.0,ohlcv_proxy,,,,
2023-12-18,63900.0,377565.0,0.0,0.0,0.0,0.3,0.052364,0.0,ohlcv_proxy,,,,
2023-12-19,62700.0,187947.0,0.0,0.0,0.0,0.3,0.066361,0.0,ohlcv_proxy,,,,
2023-12-20,66600.0,880925.0,0.0,0.0,0.0,0.4,0.076893,0.0,ohlcv_proxy,,,,
2023-12-21,66800.0,392142.0,0.0,0.0,0.0,0.4,0.091847,0.0,ohlcv_proxy,,,,
2023-12-22,66400.0,234223.0,0.0,0.0,0.0,0.4,0.100034,0.0,ohlcv_proxy,,,,
2023-12-26,66500.0,230515.0,0.0,0.0,0.0,0.4,0.101906,0.0,ohlcv_proxy,,,,
2023-12-27,66400.0,235456.0,0.0,0.0,0.0,0.3,0.101926,0.0,ohlcv_proxy,,,,
2023-12-28,70200.0,682949.0,0.0,0.0,0.0,0.3,0.108605,0.0,ohlcv_proxy,,,,
2024-01-02,70500.0,300780.0,0.0,0.0,0.0,0.2,0.109477,0.0,ohlcv_proxy,,,,
2024-01-03,66000.0,517065.0,0.0,0.0,0.0,0.1,0.095558,0.0,ohlcv_proxy,,,,
2024-01-04,65200.0,393445.0,0.0,0.0,0.0,0.1,0.085159,0.0,ohlcv_proxy,,,,
2024-01-05,64700.0,153082.0,0.0,0.0,0.0,0.1,0.081481,0.0,ohlcv_proxy,,,,
2024-01-08,65200.0,154363.0,0.0,0.0,0.0,0.0,0.057654,0.0,ohlcv_proxy,,,,
2024-01-09,64800.0,139205.0,0.0,0.0,0.0,0.0,0.037536,0.0,ohlcv_proxy,,,,
2024-01-10,66300.0,256659.0,0.0,0.0,0.0,0.0,0.033017,0.0,ohlcv_proxy,,,,
2024-01-11,65900.0,182562.0,0.0,0.0,0.0,0.0,0.032475,0.0,ohlcv_proxy,,,,
2024-01-12,66000.0,242031.0,0.0,0.0,0.0,0.0,0.017987,0.0,ohlcv_proxy,,,,
2024-01-15,65700.0,112291.0,0.0,0.0,0.0,0.0,0.012268,0.0,ohlcv_proxy,,,,
2024-01-16,66700.0,136796.0,0.0,0.0,0.0,0.0,0.001279,0.0,ohlcv_proxy,,,,
2024-01-17,60500.0,596382.0,0.0,0.0,-0.0,-0.1,-0.038587,0.0,ohlcv_proxy,,,,
2024-01-18,60000.0,214861.0,0.0,0.0,-0.0,-0.1,-0.051272,0.0,ohlcv_proxy,,,,
2024-01-19,58800.0,407551.0,0.0,0.0,-0.0,-0.1,-0.070669,0.0,ohlcv_proxy,,,,
2024-01-22,58000.0,224227.0,0.0,0.0,-0.0,-0.1,-0.07585,0.0,ohlcv_proxy,,,,
2024-01-23,60600.0,246480.0,0.0,0.0,-0.0,-0.1,-0.078578,0.0,ohlcv_proxy,,,,
2024-01-24,60200.0,257766.0,0.0,0.0,-0.0,-0.1,-0.078618,0.0,ohlcv_proxy,,,,
2024-01-25,59600.0,149259.0,0.0,0.0,-0.0,-0.1,-0.07673,0.0,ohlcv_proxy,,,,
2024-01-26,59100.0,153404.0,0.0,0.0,-0.0,-0.1,-0.070437,0.0,ohlcv_proxy,,,,
2024-01-29,58000.0,183961.0,0.0,0.0,-0.0,-0.1,-0.053868,0.0,ohlcv_proxy,,,,
2024-01-30,58100.0,121616.0,0.0,0.0,-0.0,-0.1,-0.052821,0.0,ohlcv_proxy,,,,
2024-01-31,57100.0,206724.0,0.0,0.0,-0.0,0.0,-0.056661,0.0,ohlcv_proxy,,,,
2024-02-01,54800.0,469468.0,0.0,0.0,-0.0,-0.1,-0.067657,0.1,ohlcv_proxy,,,,
2024-02-02,55800.0,171705.0,0.0,0.0,-0.0,-0.1,-0.070295,0.1,ohlcv_proxy,,,,
2024-02-05,56100.0,171370.0,0.0,0.0,-0.0,-0.1,-0.070444,0.1,ohlcv_proxy,,,,
2024-02-06,54700.0,185745.0,0.0,0.0,-0.0,-0.1,-0.071763,0.1,ohlcv_proxy,,,,
2024-02-07,56600.0,187742.0,0.0,0.0,-0.0,-0.1,-0.065843,0.1,ohlcv_proxy,,,,
2024-02-08,58300.0,235791.0,0.0,0.0,-0.0,-0.1,-0.043772,0.1,ohlcv_proxy,,,,
2024-02-13,59200.0,238074.0,0.0,0.0,0.0,-0.1,-0.02516,0.1,ohlcv_proxy,,,,
2024-02-14,59000.0,160615.0,0.0,0.0,0.0,-0.1,-0.014468,0.1,ohlcv_proxy,,,,
2024-02-15,59200.0,142649.0,0.0,0.0,0.0,-0.1,0.002862,0.1,ohlcv_proxy,,,,
2024-02-16,59300.0,170459.0,0.0,0.0,0.0,-0.1,0.016449,0.1,ohlcv_proxy,,,,
2024-02-19,56900.0,350705.0,0.0,0.0,-0.0,-0.1,0.010458,0.0,ohlcv_proxy,,,,
2024-02-20,54500.0,558842.0,0.0,0.0,-0.0,-0.2,-0.010869,0.1,ohlcv_proxy,,,,
2024-02-21,53700.0,302188.0,0.0,0.0,-0.0,-0.2,-0.02091,0.1,ohlcv_proxy,,,,
2024-02-22,52600.0,318614.0,0.0,0.0,-0.0,-0.2,-0.028293,0.1,ohlcv_proxy,,,,
2024-02-23,49800.0,612204.0,0.0,0.0,-0.0,-0.3,-0.043643,0.2,ohlcv_proxy,,,,
2024-02-26,50200.0,245361.0,0.0,0.0,-0.0,-0.3,-0.055355,0.2,ohlcv_proxy,,,,
2024-02-27,50200.0,158478.0,0.0,0.0,-0.0,-0.3,-0.068772,0.2,ohlcv_proxy,,,,
2024-02-28,52300.0,402685.0,0.0,0.0,-0.0,-0.3,-0.066902,0.2,ohlcv_proxy,,,,
2024-02-29,51700.0,161366.0,0.0,0.0,-0.0,-0.3,-0.068725,0.2,ohlcv_proxy,,,,
2024-03-04,52000.0,188627.0,0.0,0.0,-0.0,-0.3,-0.052632,0.2,ohlcv_proxy,,,,
2024-03-05,51000.0,157188.0,0.0,0.0,-0.0,-0.2,-0.045993,0.2,ohlcv_proxy,,,,
2024-03-06,51300.0,145795.0,0.0,0.0,-0.0,-0.1,-0.040433,0.1,ohlcv_proxy,,,,
2024-03-07,51400.0,163824.0,0.0,0.0,-0.0,-0.1,-0.043623,0.1,ohlcv_proxy,,,,
2024-03-08,51600.0,133194.0,0.0,0.0,-0.0,-0.1,-0.042452,0.1,ohlcv_proxy,,,,
2024-03-11,51800.0,230144.0,0.0,0.0,-0.0,0.0,-0.039534,0.0,ohlcv_proxy,,,,
2024-03-12,51900.0,157152.0,0.0,0.0,-0.0,0.0,-0.031368,0.0,ohlcv_proxy,,,,
2024-03-13,50500.0,239390.0,0.0,0.0,-0.0,0.0,-0.0283,0.0,ohlcv_proxy,,,,
2024-03-14,49800.0,409299.0,0.0,0.0,-0.0,-0.1,-0.030983,0.0,ohlcv_proxy,,,,
2024-03-15,49700.0,303649.0,0.0,0.0,-0.0,-0.1,-0.031173,0.0,ohlcv_proxy,,,,
2024-03-18,51300.0,243776.0,0.0,0.0,-0.0,-0.1,-0.027805,0.0,ohlcv_proxy,,,,
2024-03-19,50800.0,140574.0,0.0,0.0,-0.0,-0.1,-0.023544,0.0,ohlcv_proxy,,,,
2024-03-20,52000.0,291399.0,0.0,0.0,0.0,-0.1,-0.011394,0.0,ohlcv_proxy,,,,
2024-03-21,52000.0,191919.0,0.0,0.0,0.0,-0.1,0.000975,0.0,ohlcv_proxy,,,,
2024-03-22,51400.0,142473.0,0.0,0.0,-0.0,-0.1,0.011943,0.0,ohlcv_proxy,,,,
2024-03-25,50900.0,129235.0,0.0,0.0,-0.0,-0.1,0.008207,0.0,ohlcv_proxy,,,,
2024-03-26,49850.0,271613.0,0.0,0.0,-0.0,-0.1,0.001952,0.0,ohlcv_proxy,,,,
2024-03-27,50000.0,183636.0,0.0,0.0,-0.0,-0.1,-0.007412,0.0,ohlcv_proxy,,,,
2024-03-28,52000.0,516440.0,0.0,0.0,0.0,0.1,-0.000779,0.0,ohlcv_proxy,,,,
2024-03-29,50700.0,247853.0,0.0,0.0,-0.0,0.1,-0.001915,0.0,ohlcv_proxy,,,,
2024-04-01,57100.0,1610680.0,0.0,0.0,0.0,0.2,0.033894,0.0,ohlcv_proxy,,,,
2024-04-02,56500.0,607649.0,0.0,0.0,0.0,0.1,0.0408,0.0,ohlcv_proxy,,,,
2024-04-03,53300.0,515848.0,0.0,0.0,0.0,0.0,0.039501,0.0,ohlcv_proxy,,,,
2024-04-04,56400.0,613800.0,0.0,0.0,0.0,0.1,0.045714,0.0,ohlcv_proxy,,,,
2024-04-05,56900.0,620883.0,0.0,0.0,0.0,0.2,0.048617,0.0,ohlcv_proxy,,,,
2024-04-08,55900.0,218921.0,0.0,0.0,0.0,0.2,0.037117,0.0,ohlcv_proxy,,,,
2024-04-09,57700.0,417041.0,0.0,0.0,0.0,0.2,0.03547,0.0,ohlcv_proxy,,,,
2024-04-11,57200.0,556713.0,0.0,0.0,0.0,0.2,0.045091,0.0,ohlcv_proxy,,,,
2024-04-12,55100.0,311281.0,0.0,0.0,0.0,0.1,0.037942,0.0,ohlcv_proxy,,,,
2024-04-15,55200.0,281122.0,0.0,0.0,0.0,0.1,0.028745,0.0,ohlcv_proxy,,,,
2024-04-16,53300.0,296369.0,0.0,0.0,-0.0,0.0,0.019854,0.0,ohlcv_proxy,,,,
2024-04-17,50900.0,321521.0,0.0,0.0,-0.0,0.1,-0.002736,0.0,ohlcv_proxy,,,,
2024-04-18,51100.0,289240.0,0.0,0.0,-0.0,0.2,-0.031737,0.0,ohlcv_proxy,,,,
2024-04-19,49800.0,675705.0,0.0,0.0,-0.0,0.0,-0.054032,0.0,ohlcv_proxy,,,,
2024-04-22,50900.0,191201.0,0.0,0.0,-0.0,-0.1,-0.06544,0.0,ohlcv_proxy,,,,
2024-04-23,51700.0,168495.0,0.0,0.0,-0.0,-0.1,-0.071836,0.0,ohlcv_proxy,,,,
2024-04-24,51900.0,190105.0,0.0,0.0,-0.0,-0.1,-0.071545,0.0,ohlcv_proxy,,,,
2024-04-25,50600.0,154254.0,0.0,0.0,-0.0,-0.1,-0.073791,0.0,ohlcv_proxy,,,,
2024-04-26,50000.0,240854.0,0.0,0.0,-0.0,-0.1,-0.066889,0.0,ohlcv_proxy,,,,
2024-04-29,54100.0,535188.0,0.0,0.0,0.0,-0.1,-0.044258,0.0,ohlcv_proxy,,,,
2024-04-30,52500.0,299747.0,0.0,0.0,0.0,-0.1,-0.031463,0.0,ohlcv_proxy,,,,
2024-05-02,51500.0,344381.0,0.0,0.0,-0.0,-0.1,-0.02813,0.0,ohlcv_proxy,,,,
2024-05-03,51700.0,225325.0,0.0,0.0,-0.0,-0.1,-0.026075,0.0,ohlcv_proxy,,,,
2024-05-07,54200.0,455231.0,0.0,0.0,0.0,0.0,-0.008086,0.0,ohlcv_proxy,,,,
2024-05-08,52500.0,313187.0,0.0,0.0,0.0,0.0,-0.009455,0.0,ohlcv_proxy,,,,
2024-05-09,52700.0,374293.0,0.0,0.0,0.0,0.0,-0.006587,0.0,ohlcv_proxy,,,,
2024-05-10,48200.0,1620991.0,0.0,0.0,-0.0,-0.1,-0.02702,0.1,ohlcv_proxy,,,,
2024-05-13,48150.0,320552.0,0.0,0.0,-0.0,-0.1,-0.023005,0.1,ohlcv_proxy,,,,
2024-05-14,48450.0,274462.0,0.0,0.0,-0.0,-0.1,-0.03374,0.1,ohlcv_proxy,,,,
2024-05-16,50300.0,580916.0,0.0,0.0,-0.0,-0.1,-0.032469,0.1,ohlcv_proxy,,,,
2024-05-17,50100.0,211074.0,0.0,0.0,-0.0,-0.1,-0.037707,0.1,ohlcv_proxy,,,,
2024-05-20,50400.0,187054.0,0.0,0.0,-0.0,-0.1,-0.022229,0.1,ohlcv_proxy,,,,
2024-05-21,48750.0,311239.0,0.0,0.0,-0.0,-0.1,-0.017888,0.1,ohlcv_proxy,,,,
2024-05-22,49050.0,195384.0,0.0,0.0,-0.0,-0.1,-0.015648,0.1,ohlcv_proxy,,,,
2024-05-23,51500.0,1510901.0,0.0,0.0,0.0,0.0,-3.3e-05,0.1,ohlcv_proxy,,,,
2024-05-24,50400.0,333532.0,0.0,0.0,-0.0,0.0,0.000761,0.1,ohlcv_proxy,,,,
2024-05-27,52800.0,487228.0,0.0,0.0,0.0,0.1,0.006407,0.0,ohlcv_proxy,,,,
2024-05-28,52500.0,251403.0,0.0,0.0,0.0,0.1,0.013085,0.0,ohlcv_proxy,,,,
2024-05-29,50400.0,352789.0,0.0,0.0,-0.0,0.1,0.013577,0.0,ohlcv_proxy,,,,
2024-05-30,50600.0,227207.0,0.0,0.0,-0.0,0.1,0.015859,0.0,ohlcv_proxy,,,,
2024-05-31,52800.0,384933.0,0.0,0.0,0.0,0.1,0.02532,0.0,ohlcv_proxy,,,,
2024-06-03,52500.0,269097.0,0.0,0.0,0.0,0.1,0.021359,0.0,ohlcv_proxy,,,,
2024-06-04,50800.0,257016.0,0.0,0.0,-0.0,0.1,0.016082,0.0,ohlcv_proxy,,,,
2024-06-05,50500.0,182682.0,0.0,0.0,-0.0,0.1,0.02296,0.0,ohlcv_proxy,,,,
2024-06-07,50200.0,265253.0,0.0,0.0,-0.0,0.0,0.022493,0.0,ohlcv_proxy,,,,
2024-06-10,49100.0,283698.0,0.0,0.0,-0.0,0.0,0.00682,0.0,ohlcv_proxy,,,,
2024-06-11,49350.0,157983.0,0.0,0.0,-0.0,0.0,-0.014382,0.0,ohlcv_proxy,,,,
2024-06-12,49100.0,238574.0,0.0,0.0,-0.0,0.0,-0.02294,0.0,ohlcv_proxy,,,,
2024-06-13,48800.0,358558.0,0.0,0.0,-0.0,0.0,-0.029616,0.0,ohlcv_proxy,,,,
2024-06-14,49150.0,222313.0,0.0,0.0,-0.0,0.0,-0.033641,0.0,ohlcv_proxy,,,,
2024-06-17,47150.0,417268.0,0.0,0.0,-0.0,0.0,-0.041302,0.0,ohlcv_proxy,,,,
2024-06-18,45100.0,521096.0,0.0,0.0,-0.0,0.0,-0.055368,0.0,ohlcv_proxy,,,,
2024-06-19,46150.0,222381.0,0.0,0.0,-0.0,0.0,-0.062008,0.0,ohlcv_proxy,,,,
2024-06-20,46150.0,124585.0,0.0,0.0,-0.0,0.0,-0.07119,0.0,ohlcv_proxy,,,,
2024-06-21,46450.0,127482.0,0.0,0.0,-0.0,0.0,-0.071046,0.0,ohlcv_proxy,,,,
2024-06-24,45250.0,167041.0,0.0,0.0,-0.0,0.0,-0.077828,0.0,ohlcv_proxy,,,,
2024-06-25,44800.0,160505.0,0.0,0.0,-0.0,0.0,-0.065969,0.0,ohlcv_proxy,,,,
2024-06-26,44950.0,139433.0,0.0,0.0,-0.0,0.0,-0.066252,0.0,ohlcv_proxy,,,,
2024-06-27,48750.0,786756.0,0.0,0.0,0.0,0.1,-0.02703,0.0,ohlcv_proxy,,,,
2024-06-28,49500.0,290652.0,0.0,0.0,0.0,0.1,-0.016306,0.0,ohlcv_proxy,,,,
2024-07-01,46450.0,419682.0,0.0,0.0,-0.0,0.1,-0.00864,0.0,ohlcv_proxy,,,,
2024-07-02,46300.0,318238.0,0.0,0.0,-0.0,0.1,-0.001966,0.0,ohlcv_proxy,,,,
2024-07-03,46600.0,202733.0,0.0,0.0,-0.0,0.1,0.003499,0.0,ohlcv_proxy,,,,
2024-07-04,47400.0,177066.0,0.0,0.0,-0.0,0.1,-0.006805,0.0,ohlcv_proxy,,,,
2024-07-05,48100.0,184246.0,0.0,0.0,0.0,0.1,-0.012678,0.0,ohlcv_proxy,,,,
2024-07-08,48450.0,256767.0,0.0,0.0,0.0,0.1,-0.001296,0.0,ohlcv_proxy,,,,
2024-07-09,48800.0,177764.0,0.0,0.0,0.0,0.1,0.011298,0.0,ohlcv_proxy,,,,
2024-07-10,48200.0,159846.0,0.0,0.0,0.0,0.1,0.019283,0.0,ohlcv_proxy,,,,
2024-07-11,49150.0,237755.0,0.0,0.0,0.0,0.0,0.027315,0.0,ohlcv_proxy,,,,
2024-07-12,49500.0,270213.0,0.0,0.0,0.0,0.0,0.033044,0.0,ohlcv_proxy,,,,
2024-07-15,48300.0,293203.0,0.0,0.0,0.0,0.0,0.030451,0.0,ohlcv_proxy,,,,
2024-07-16,47500.0,312303.0,0.0,0.0,-0.0,0.0,0.018422,0.0,ohlcv_proxy,,,,
2024-07-17,46900.0,122263.0,0.0,0.0,-0.0,0.0,0.01488,0.0,ohlcv_proxy,,,,
2024-07-18,46250.0,219399.0,0.0,0.0,-0.0,0.0,0.00419,0.0,ohlcv_proxy,,,,
2024-07-19,50700.0,872385.0,0.0,0.0,0.0,0.1,0.017306,0.0,ohlcv_proxy,,,,
2024-07-22,47800.0,434085.0,0.0,0.0,-0.0,0.1,0.012833,0.0,ohlcv_proxy,,,,
2024-07-23,47200.0,224390.0,0.0,0.0,-0.0,0.1,0.012259,0.0,ohlcv_proxy,,,,
2024-07-24,49350.0,597342.0,0.0,0.0,0.0,0.2,0.013465,0.0,ohlcv_proxy,,,,
2024-07-25,49250.0,214953.0,0.0,0.0,0.0,0.2,0.019549,0.0,ohlcv_proxy,,,,
2024-07-26,48600.0,235132.0,0.0,0.0,0.0,0.2,0.004107,0.0,ohlcv_proxy,,,,
2024-07-29,49850.0,202419.0,0.0,0.0,0.0,0.2,0.008362,0.0,ohlcv_proxy,,,,
2024-07-30,48800.0,109476.0,0.0,0.0,0.0,0.2,0.011261,0.0,ohlcv_proxy,,,,
2024-07-31,47650.0,183835.0,0.0,0.0,-0.0,0.2,0.002565,0.0,ohlcv_proxy,,,,
2024-08-01,50900.0,475907.0,0.0,0.0,0.0,0.3,0.013117,0.0,ohlcv_proxy,,,,
2024-08-02,49850.0,281767.0,0.0,0.0,0.0,0.2,0.016656,0.0,ohlcv_proxy,,,,
2024-08-05,45150.0,491217.0,0.0,0.0,-0.0,0.1,-0.00802,0.0,ohlcv_proxy,,,,
2024-08-06,48250.0,296422.0,0.0,0.0,-0.0,0.1,-0.008429,0.0,ohlcv_proxy,,,,
2024-08-07,52700.0,916254.0,0.0,0.0,0.0,0.1,0.015069,0.0,ohlcv_proxy,,,,
2024-08-08,62500.0,5834792.0,0.0,0.0,0.0,0.2,0.070003,0.0,ohlcv_proxy,,,,
2024-08-09,62500.0,2012827.0,0.0,0.0,0.0,0.2,0.065962,0.0,ohlcv_proxy,,,,
2024-08-12,65400.0,1402851.0,0.0,0.0,0.0,0.3,0.072461,0.0,ohlcv_proxy,,,,
2024-08-13,63500.0,831270.0,0.0,0.0,0.0,0.3,0.071698,0.0,ohlcv_proxy,,,,
2024-08-14,66800.0,1340308.0,0.0,0.0,0.0,0.4,0.079901,0.0,ohlcv_proxy,,,,
2024-08-16,66900.0,664935.0,0.0,0.0,0.0,0.3,0.092391,0.0,ohlcv_proxy,,,,
2024-08-19,63300.0,901700.0,0.0,0.0,0.0,0.3,0.091094,0.0,ohlcv_proxy,,,,
2024-08-20,64400.0,740402.0,0.0,0.0,0.0,0.4,0.079399,0.0,ohlcv_proxy,,,,
2024-08-21,64700.0,493877.0,0.0,0.0,0.0,0.4,0.07892,0.0,ohlcv_proxy,,,,
2024-08-22,64300.0,555885.0,0.0,0.0,0.0,0.3,0.058162,0.0,ohlcv_proxy,,,,
2024-08-23,61900.0,647210.0,0.0,0.0,0.0,0.2,0.039285,0.0,ohlcv_proxy,,,,
2024-08-26,64200.0,752703.0,0.0,0.0,0.0,0.2,0.038409,0.0,ohlcv_proxy,,,,
2024-08-27,64800.0,503419.0,0.0,0.0,0.0,0.1,0.035354,0.0,ohlcv_proxy,,,,
2024-08-28,64700.0,302633.0,0.0,0.0,0.0,0.1,0.032483,0.0,ohlcv_proxy,,,,
2024-08-29,65600.0,599206.0,0.0,0.0,0.0,0.0,0.033035,0.0,ohlcv_proxy,,,,
2024-08-30,64400.0,333517.0,0.0,0.0,0.0,0.0,0.03783,0.0,ohlcv_proxy,,,,
2024-09-02,63200.0,467721.0,0.0,0.0,0.0,0.0,0.032338,0.0,ohlcv_proxy,,,,
2024-09-03,62800.0,295488.0,0.0,0.0,0.0,0.0,0.020217,0.0,ohlcv_proxy,,,,
2024-09-04,59200.0,741599.0,0.0,0.0,-0.0,0.0,-0.00636,0.0,ohlcv_proxy,,,,
2024-09-05,57700.0,402493.0,0.0,0.0,-0.0,0.0,-0.038553,0.0,ohlcv_proxy,,,,
2024-09-06,56900.0,290308.0,0.0,0.0,-0.0,0.0,-0.059057,0.0,ohlcv_proxy,,,,
2024-09-09,55500.0,305522.0,0.0,0.0,-0.0,0.0,-0.081188,0.0,ohlcv_proxy,,,,
2024-09-10,56700.0,336926.0,0.0,0.0,-0.0,0.0,-0.089516,0.0,ohlcv_proxy,,,,
2024-09-11,63000.0,1437422.0,0.0,0.0,0.0,0.1,-0.051461,0.0,ohlcv_proxy,,,,
2024-09-12,64700.0,781710.0,0.0,0.0,0.0,0.1,-0.023552,0.0,ohlcv_proxy,,,,
2024-09-13,65600.0,422417.0,0.0,0.0,0.0,0.1,-0.006581,0.0,ohlcv_proxy,,,,
2024-09-19,69000.0,853574.0,0.0,0.0,0.0,0.2,0.018625,0.0,ohlcv_proxy,,,,
2024-09-20,68800.0,506209.0,0.0,0.0,0.0,0.2,0.034769,0.0,ohlcv_proxy,,,,
2024-09-23,69000.0,329328.0,0.0,0.0,0.0,0.2,0.059511,0.0,ohlcv_proxy,,,,
2024-09-24,72300.0,858733.0,0.0,0.0,0.0,0.3,0.082198,0.0,ohlcv_proxy,,,,
2024-09-25,69700.0,455863.0,0.0,0.0,0.0,0.3,0.085085,0.0,ohlcv_proxy,,,,
2024-09-26,71700.0,392049.0,0.0,0.0,0.0,0.3,0.089533,0.0,ohlcv_proxy,,,,
2024-09-27,69900.0,328902.0,0.0,0.0,0.0,0.3,0.091287,0.0,ohlcv_proxy,,,,
2024-09-30,69000.0,299820.0,0.0,0.0,0.0,0.2,0.089585,0.0,ohlcv_proxy,,,,
2024-10-02,68800.0,379931.0,0.0,0.0,0.0,0.2,0.071375,0.0,ohlcv_proxy,,,,
2024-10-04,66800.0,318986.0,0.0,0.0,0.0,0.2,0.06208,0.0,ohlcv_proxy,,,,
2024-10-07,66500.0,302782.0,0.0,0.0,0.0,0.1,0.043168,0.0,ohlcv_proxy,,,,
2024-10-08,66300.0,423408.0,0.0,0.0,0.0,0.1,0.029274,0.0,ohlcv_proxy,,,,
2024-10-10,64200.0,512835.0,0.0,0.0,-0.0,0.1,0.006296,0.0,ohlcv_proxy,,,,
2024-10-11,61500.0,644379.0,0.0,0.0,-0.0,0.0,-0.022299,0.0,ohlcv_proxy,,,,
2024-10-14,64800.0,498790.0,0.0,0.0,-0.0,0.0,-0.028923,0.0,ohlcv_proxy,,,,
2024-10-15,67200.0,707516.0,0.0,0.0,0.0,0.0,-0.026757,0.0,ohlcv_proxy,,,,
2024-10-16,61600.0,758675.0,0.0,0.0,-0.0,0.0,-0.040883,0.0,ohlcv_proxy,,,,
2024-10-17,61600.0,267822.0,0.0,0.0,-0.0,0.0,-0.050347,0.0,ohlcv_proxy,,,,
2024-10-18,58900.0,679237.0,0.0,0.0,-0.0,0.0,-0.054489,0.0,ohlcv_proxy,,,,
2024-10-21,59400.0,268081.0,0.0,0.0,-0.0,0.0,-0.062901,0.0,ohlcv_proxy,,,,
2024-10-22,56400.0,558554.0,0.0,0.0,-0.0,0.0,-0.091985,0.0,ohlcv_proxy,,,,
2024-10-23,56400.0,252996.0,0.0,0.0,-0.0,0.0,-0.104033,0.0,ohlcv_proxy,,,,
2024-10-24,56600.0,233800.0,0.0,0.0,-0.0,0.0,-0.109006,0.0,ohlcv_proxy,,,,
2024-10-25,56400.0,376804.0,0.0,0.0,-0.0,0.0,-0.105618,0.0,ohlcv_proxy,,,,
2024-10-28,55900.0,393905.0,0.0,0.0,-0.0,0.0,-0.105326,0.0,ohlcv_proxy,,,,
2024-10-29,56100.0,614873.0,0.0,0.0,-0.0,0.0,-0.09439,0.0,ohlcv_proxy,,,,
2024-10-30,58100.0,482843.0,0.0,0.0,-0.0,0.0,-0.080369,0.0,ohlcv_proxy,,,,
2024-10-31,58500.0,418719.0,0.0,0.0,-0.0,0.0,-0.068919,0.0,ohlcv_proxy,,,,
2024-11-01,59000.0,531209.0,0.0,0.0,-0.0,0.0,-0.053487,0.0,ohlcv_proxy,,,,
2024-11-04,61800.0,491621.0,0.0,0.0,0.0,0.0,-0.033314,0.0,ohlcv_proxy,,,,
2024-11-05,59600.0,491631.0,0.0,0.0,-0.0,0.0,-0.015616,0.0,ohlcv_proxy,,,,
2024-11-06,54400.0,1913699.0,0.0,0.0,-0.0,-0.1,-0.034187,0.1,ohlcv_proxy,,,,
2024-11-07,52900.0,1589629.0,0.0,0.0,-0.0,-0.2,-0.042021,0.2,ohlcv_proxy,,,,
2024-11-08,46750.0,2485865.0,0.0,0.0,-0.0,-0.3,-0.066176,0.3,ohlcv_proxy,,,,
2024-11-11,45800.0,826659.0,0.0,0.0,-0.0,-0.3,-0.075949,0.3,ohlcv_proxy,,,,
2024-11-12,43950.0,749058.0,0.0,0.0,-0.0,-0.3,-0.079024,0.3,ohlcv_proxy,,,,
2024-11-13,40800.0,1016519.0,0.0,0.0,-1e-06,-0.3,-0.107868,0.3,ohlcv_proxy,,,,
2024-11-14,39650.0,853365.0,0.0,0.0,-1e-06,-0.3,-0.144011,0.3,ohlcv_proxy,,,,
2024-11-15,39850.0,548783.0,0.0,0.0,-1e-06,-0.3,-0.174013,0.3,ohlcv_proxy,,,,
2024-11-18,40350.0,506534.0,0.0,0.0,-0.0,-0.3,-0.187254,0.3,ohlcv_proxy,,,,
2024-11-19,41250.0,370083.0,0.0,0.0,-0.0,-0.3,-0.192946,0.3,ohlcv_proxy,,,,
2024-11-20,40000.0,291544.0,0.0,0.0,-0.0,-0.2,-0.192619,0.2,ohlcv_proxy,,,,
2024-11-21,39400.0,249072.0,0.0,0.0,-0.0,-0.1,-0.185963,0.1,ohlcv_proxy,,,,
2024-11-22,39850.0,212730.0,0.0,0.0,-0.0,0.0,-0.17931,0.0,ohlcv_proxy,,,,
2024-11-25,41000.0,384758.0,0.0,0.0,-0.0,0.0,-0.16952,0.0,ohlcv_proxy,,,,
2024-11-26,42100.0,551128.0,0.0,0.0,-0.0,0.0,-0.152524,0.0,ohlcv_proxy,,,,
2024-11-27,41600.0,241162.0,0.0,0.0,-0.0,0.0,-0.13937,0.0,ohlcv_proxy,,,,
2024-11-28,42400.0,248655.0,0.0,0.0,-0.0,0.0,-0.122443,0.0,ohlcv_proxy,,,,
2024-11-29,40100.0,473698.0,0.0,0.0,-0.0,0.0,-0.113539,0.0,ohlcv_proxy,,,,
2024-12-02,40100.0,216142.0,0.0,0.0,-0.0,0.0,-0.103228,0.0,ohlcv_proxy,,,,
2024-12-03,40800.0,260015.0,0.0,0.0,-0.0,0.0,-0.10073,0.0,ohlcv_proxy,,,,
2024-12-04,41650.0,733773.0,0.0,0.0,-0.0,0.0,-0.064243,0.0,ohlcv_proxy,,,,
2024-12-05,39250.0,464387.0,0.0,0.0,-0.0,0.0,-0.046108,0.0,ohlcv_proxy,,,,
2024-12-06,39800.0,472925.0,0.0,0.0,-0.0,0.0,-0.019349,0.0,ohlcv_proxy,,,,
2024-12-09,37300.0,394283.0,0.0,0.0,-0.0,0.0,-0.017843,0.0,ohlcv_proxy,,,,
2024-12-10,39400.0,332189.0,0.0,0.0,-0.0,0.0,-0.014103,0.0,ohlcv_proxy,,,,
2024-12-11,40600.0,267036.0,0.0,0.0,-0.0,0.0,-0.027683,0.0,ohlcv_proxy,,,,
2024-12-12,41350.0,385879.0,0.0,0.0,-0.0,0.0,-0.019976,0.0,ohlcv_proxy,,,,
2024-12-13,41600.0,324902.0,0.0,0.0,0.0,0.0,-0.014163,0.0,ohlcv_proxy,,,,
2024-12-16,42100.0,499910.0,0.0,0.0,0.0,0.0,0.011743,0.0,ohlcv_proxy,,,,
2024-12-17,41450.0,237083.0,0.0,0.0,-0.0,0.0,0.021189,0.0,ohlcv_proxy,,,,
2024-12-18,41800.0,256585.0,0.0,0.0,0.0,0.0,0.024077,0.0,ohlcv_proxy,,,,
2024-12-19,41750.0,253616.0,0.0,0.0,0.0,0.0,0.024325,0.0,ohlcv_proxy,,,,
2024-12-20,42050.0,371459.0,0.0,0.0,0.0,0.0,0.024449,0.0,ohlcv_proxy,,,,
2024-12-23,42100.0,342783.0,0.0,0.0,0.0,0.0,0.022628,0.0,ohlcv_proxy,,,,
2024-12-24,42950.0,334808.0,0.0,0.0,0.0,0.0,0.029734,0.0,ohlcv_proxy,,,,
2024-12-26,43250.0,565199.0,0.0,0.0,0.0,0.1,0.035089,0.0,ohlcv_proxy,,,,
2024-12-27,41550.0,305640.0,0.0,0.0,-0.0,0.1,0.034416,0.0,ohlcv_proxy,,,,
2024-12-30,41900.0,128442.0,0.0,0.0,0.0,0.1,0.033687,0.0,ohlcv_proxy,,,,
2025-01-02,42500.0,227187.0,0.0,0.0,0.0,0.1,0.034023,0.0,ohlcv_proxy,,,,
2025-01-03,44750.0,599372.0,0.0,0.0,0.0,0.2,0.041981,0.0,ohlcv_proxy,,,,
2025-01-06,44850.0,272438.0,0.0,0.0,0.0,0.2,0.046001,0.0,ohlcv_proxy,,,,
2025-01-07,44150.0,244539.0,0.0,0.0,0.0,0.2,0.051985,0.0,ohlcv_proxy,,,,
2025-01-08,42000.0,734901.0,0.0,0.0,-0.0,0.1,0.033972,0.1,ohlcv_proxy,,,,
2025-01-09,41150.0,488602.0,0.0,0.0,-0.0,0.1,0.019831,0.1,ohlcv_proxy,,,,
2025-01-10,40950.0,325875.0,0.0,0.0,-0.0,0.1,-0.001302,0.1,ohlcv_proxy,,,,
2025-01-13,40000.0,300034.0,0.0,0.0,-0.0,0.0,-0.016153,0.1,ohlcv_proxy,,,,
2025-01-14,40350.0,225282.0,0.0,0.0,-0.0,0.0,-0.026225,0.1,ohlcv_proxy,,,,
2025-01-15,40050.0,180067.0,0.0,0.0,-0.0,0.0,-0.038289,0.1,ohlcv_proxy,,,,
2025-01-16,41300.0,298403.0,0.0,0.0,-0.0,0.0,-0.038539,0.1,ohlcv_proxy,,,,
2025-01-17,41650.0,306522.0,0.0,0.0,0.0,-0.1,-0.034813,0.1,ohlcv_proxy,,,,
2025-01-20,41850.0,300861.0,0.0,0.0,0.0,-0.1,-0.024757,0.1,ohlcv_proxy,,,,
2025-01-21,41100.0,711490.0,0.0,0.0,-0.0,-0.2,-0.020838,0.1,ohlcv_proxy,,,,
2025-01-22,41700.0,469041.0,0.0,0.0,0.0,-0.1,-0.015424,0.0,ohlcv_proxy,,,,
2025-01-23,40300.0,308401.0,0.0,0.0,-0.0,-0.1,-0.017168,0.0,ohlcv_proxy,,,,
2025-01-24,41650.0,293924.0,0.0,0.0,0.0,-0.1,-0.015868,0.0,ohlcv_proxy,,,,
2025-01-31,41750.0,244623.0,0.0,0.0,0.0,-0.1,-0.013894,0.0,ohlcv_proxy,,,,
2025-02-03,39150.0,397603.0,0.0,0.0,-0.0,-0.1,-0.020679,0.0,ohlcv_proxy,,,,
2025-02-04,39700.0,238344.0,0.0,0.0,-0.0,-0.1,-0.0299,0.0,ohlcv_proxy,,,,
2025-02-05,40400.0,287280.0,0.0,0.0,-0.0,-0.1,-0.027609,0.0,ohlcv_proxy,,,,
2025-02-06,41600.0,295846.0,0.0,0.0,0.0,-0.1,-0.021365,0.0,ohlcv_proxy,,,,
2025-02-07,40400.0,293348.0,0.0,0.0,-0.0,-0.1,-0.022467,0.0,ohlcv_proxy,,,,
2025-02-10,40050.0,226524.0,0.0,0.0,-0.0,0.0,-0.012117,0.0,ohlcv_proxy,,,,
2025-02-11,40150.0,177126.0,0.0,0.0,-0.0,0.0,-0.006267,0.0,ohlcv_proxy,,,,
2025-02-12,42000.0,418645.0,0.0,0.0,0.0,0.0,0.003639,0.0,ohlcv_proxy,,,,
2025-02-13,42900.0,470651.0,0.0,0.0,0.0,0.0,0.01103,0.0,ohlcv_proxy,,,,
2025-02-14,41850.0,320706.0,0.0,0.0,0.0,0.0,0.015415,0.0,ohlcv_proxy,,,,
2025-02-17,40850.0,513053.0,0.0,0.0,-0.0,-0.1,0.014287,0.0,ohlcv_proxy,,,,
2025-02-18,41500.0,343339.0,0.0,0.0,0.0,-0.1,0.015531,0.0,ohlcv_proxy,,,,
2025-02-19,43100.0,530147.0,0.0,0.0,0.0,-0.1,0.018862,0.0,ohlcv_proxy,,,,
2025-02-20,42700.0,359179.0,0.0,0.0,0.0,-0.1,0.015614,0.0,ohlcv_proxy,,,,
2025-02-21,43150.0,412755.0,0.0,0.0,0.0,-0.1,0.019466,0.0,ohlcv_proxy,,,,
2025-02-24,44300.0,351857.0,0.0,0.0,0.0,-0.1,0.032383,0.0,ohlcv_proxy,,,,
2025-02-25,42550.0,342755.0,0.0,0.0,0.0,-0.1,0.035695,0.0,ohlcv_proxy,,,,
2025-02-26,43200.0,208642.0,0.0,0.0,0.0,-0.1,0.033514,0.0,ohlcv_proxy,,,,
2025-02-27,42750.0,366471.0,0.0,0.0,0.0,-0.1,0.032294,0.0,ohlcv_proxy,,,,
2025-02-28,40800.0,333239.0,0.0,0.0,-0.0,-0.1,0.021811,0.0,ohlcv_proxy,,,,
2025-03-04,40800.0,150182.0,0.0,0.0,-0.0,0.0,0.004067,0.0,ohlcv_proxy,,,,
2025-03-05,37250.0,1241673.0,0.0,0.0,-0.0,-0.1,-0.044204,0.1,ohlcv_proxy,,,,
2025-03-06,35400.0,667332.0,0.0,0.0,-0.0,-0.2,-0.064353,0.1,ohlcv_proxy,,,,
2025-03-07,36200.0,387599.0,0.0,0.0,-0.0,-0.2,-0.080283,0.1,ohlcv_proxy,,,,
2025-03-10,37000.0,218061.0,0.0,0.0,-0.0,-0.2,-0.089668,0.1,ohlcv_proxy,,,,
2025-03-11,36000.0,204156.0,0.0,0.0,-0.0,-0.2,-0.094339,0.1,ohlcv_proxy,,,,
2025-03-12,36250.0,131443.0,0.0,0.0,-0.0,-0.2,-0.107245,0.1,ohlcv_proxy,,,,
2025-03-13,37150.0,203663.0,0.0,0.0,-0.0,-0.2,-0.089974,0.1,ohlcv_proxy,,,,
2025-03-14,36500.0,119271.0,0.0,0.0,-0.0,-0.2,-0.081326,0.1,ohlcv_proxy,,,,
2025-03-17,37500.0,246641.0,0.0,0.0,-0.0,-0.2,-0.073741,0.1,ohlcv_proxy,,,,
2025-03-18,36850.0,112948.0,0.0,0.0,-0.0,-0.2,-0.065496,0.1,ohlcv_proxy,,,,
2025-03-19,38100.0,193036.0,0.0,0.0,-0.0,-0.1,-0.053132,0.0,ohlcv_proxy,,,,
2025-03-20,37600.0,119885.0,0.0,0.0,-0.0,0.0,-0.04266,0.0,ohlcv_proxy,,,,
2025-03-21,37300.0,153347.0,0.0,0.0,-0.0,0.0,-0.033523,0.0,ohlcv_proxy,,,,
2025-03-24,36900.0,68780.0,0.0,0.0,-0.0,0.0,-0.026711,0.0,ohlcv_proxy,,,,
2025-03-25,36700.0,100250.0,0.0,0.0,-0.0,0.0,-0.016819,0.0,ohlcv_proxy,,,,
2025-03-26,36150.0,154993.0,0.0,0.0,-0.0,0.0,-0.022457,0.0,ohlcv_proxy,,,,
2025-03-27,35800.0,101434.0,0.0,0.0,-0.0,0.0,-0.02486,0.0,ohlcv_proxy,,,,
2025-03-28,35300.0,83859.0,0.0,0.0,-0.0,0.0,-0.025306,0.0,ohlcv_proxy,,,,
2025-03-31,33900.0,181006.0,0.0,0.0,-0.0,0.0,-0.035462,0.0,ohlcv_proxy,,,,
2025-04-01,34800.0,107364.0,0.0,0.0,-0.0,0.0,-0.039436,0.0,ohlcv_proxy,,,,
2025-04-02,34400.0,87125.0,0.0,0.0,-0.0,0.0,-0.042689,0.0,ohlcv_proxy,,,,
2025-04-03,34350.0,131473.0,0.0,0.0,-0.0,0.0,-0.052724,0.0,ohlcv_proxy,,,,
2025-04-04,36350.0,261962.0,0.0,0.0,0.0,0.1,-0.037899,0.0,ohlcv_proxy,,,,
2025-04-07,33600.0,169288.0,0.0,0.0,-0.0,0.1,-0.033785,0.0,ohlcv_proxy,,,,
2025-04-08,32250.0,180293.0,0.0,0.0,-0.0,0.1,-0.043334,0.0,ohlcv_proxy,,,,
2025-04-09,30450.0,208555.0,0.0,0.0,-0.0,0.1,-0.056924,0.0,ohlcv_proxy,,,,
2025-04-10,33200.0,239897.0,0.0,0.0,-0.0,0.2,-0.054009,0.0,ohlcv_proxy,,,,
2025-04-11,34550.0,142738.0,0.0,0.0,-0.0,0.2,-0.070428,0.0,ohlcv_proxy,,,,
2025-04-14,35150.0,115812.0,0.0,0.0,0.0,0.2,-0.060944,0.0,ohlcv_proxy,,,,
2025-04-15,35350.0,58223.0,0.0,0.0,0.0,0.2,-0.049729,0.0,ohlcv_proxy,,,,
2025-04-16,34150.0,91313.0,0.0,0.0,-0.0,0.2,-0.013694,0.0,ohlcv_proxy,,,,
2025-04-17,35650.0,135028.0,0.0,0.0,0.0,0.2,0.01161,0.0,ohlcv_proxy,,,,
2025-04-18,35500.0,79725.0,0.0,0.0,0.0,0.1,0.021541,0.0,ohlcv_proxy,,,,
2025-04-21,35500.0,53489.0,0.0,0.0,0.0,0.1,0.02423,0.0,ohlcv_proxy,,,,
2025-04-22,36950.0,277774.0,0.0,0.0,0.0,0.2,0.040626,0.0,ohlcv_proxy,,,,
2025-04-23,37950.0,264786.0,0.0,0.0,0.0,0.3,0.058556,0.0,ohlcv_proxy,,,,
2025-04-24,37600.0,220707.0,0.0,0.0,0.0,0.2,0.064007,0.0,ohlcv_proxy,,,,
2025-04-25,38100.0,208002.0,0.0,0.0,0.0,0.2,0.067113,0.0,ohlcv_proxy,,,,
2025-04-28,38000.0,99674.0,0.0,0.0,0.0,0.2,0.066332,0.0,ohlcv_proxy,,,,
2025-04-29,38500.0,135455.0,0.0,0.0,0.0,0.2,0.071111,0.0,ohlcv_proxy,,,,
2025-04-30,38800.0,148714.0,0.0,0.0,0.0,0.2,0.07013,0.0,ohlcv_proxy,,,,
2025-05-02,38300.0,173793.0,0.0,0.0,0.0,0.2,0.069723,0.0,ohlcv_proxy,,,,
2025-05-07,38650.0,194675.0,0.0,0.0,0.0,0.2,0.069952,0.0,ohlcv_proxy,,,,
2025-05-08,42850.0,2462484.0,0.0,0.0,0.0,0.3,0.07215,0.0,ohlcv_proxy,,,,
2025-05-09,42750.0,823200.0,0.0,0.0,0.0,0.1,0.061048,0.0,ohlcv_proxy,,,,
2025-05-12,44250.0,487664.0,0.0,0.0,0.0,0.1,0.053106,0.0,ohlcv_proxy,,,,
2025-05-13,42950.0,471366.0,0.0,0.0,0.0,0.1,0.04682,0.0,ohlcv_proxy,,,,
2025-05-14,49300.0,2281588.0,0.0,0.0,1e-06,0.2,0.046808,0.0,ohlcv_proxy,,,,
2025-05-15,47800.0,506724.0,0.0,0.0,0.0,0.2,0.07398,0.0,ohlcv_proxy,,,,
2025-05-16,48850.0,600376.0,0.0,0.0,0.0,0.2,0.088616,0.0,ohlcv_proxy,,,,
2025-05-19,49100.0,981906.0,0.0,0.0,0.0,0.3,0.088761,0.0,ohlcv_proxy,,,,
2025-05-20,51700.0,1529608.0,0.0,0.0,0.0,0.4,0.092625,0.0,ohlcv_proxy,,,,
2025-05-21,50500.0,620273.0,0.0,0.0,0.0,0.4,0.092589,0.0,ohlcv_proxy,,,,
2025-05-22,46650.0,837518.0,0.0,0.0,0.0,0.3,0.082205,0.0,ohlcv_proxy,,,,
2025-05-23,40650.0,1374424.0,0.0,0.0,-0.0,0.3,0.041092,0.0,ohlcv_proxy,,,,
2025-05-26,42050.0,448799.0,0.0,0.0,-0.0,0.2,0.021977,0.0,ohlcv_proxy,,,,
2025-05-27,42850.0,356737.0,0.0,0.0,-0.0,0.2,-0.034171,0.0,ohlcv_proxy,,,,
2025-05-28,44550.0,413847.0,0.0,0.0,0.0,0.1,-0.059854,0.0,ohlcv_proxy,,,,
2025-05-29,48400.0,828226.0,0.0,0.0,0.0,0.1,-0.054737,0.0,ohlcv_proxy,,,,
2025-05-30,49350.0,490657.0,0.0,0.0,0.0,0.1,-0.000835,0.0,ohlcv_proxy,,,,
2025-06-02,49850.0,437000.0,0.0,0.0,0.0,0.0,0.025126,0.0,ohlcv_proxy,,,,
2025-06-04,49200.0,820104.0,0.0,0.0,0.0,-0.1,0.042424,0.0,ohlcv_proxy,,,,
2025-06-05,49850.0,414018.0,0.0,0.0,0.0,-0.1,0.054355,0.0,ohlcv_proxy,,,,
2025-06-09,49850.0,342309.0,0.0,0.0,0.0,-0.1,0.046314,0.0,ohlcv_proxy,,,,
2025-06-10,49450.0,350344.0,0.0,0.0,0.0,0.0,0.040059,0.0,ohlcv_proxy,,,,
2025-06-11,51300.0,680951.0,0.0,0.0,0.0,0.0,0.042436,0.0,ohlcv_proxy,,,,
2025-06-12,51300.0,444576.0,0.0,0.0,0.0,0.0,0.048168,0.0,ohlcv_proxy,,,,
2025-06-13,48850.0,553574.0,0.0,0.0,0.0,0.0,0.046099,0.0,ohlcv_proxy,,,,
2025-06-16,50500.0,301151.0,0.0,0.0,0.0,0.0,0.046531,0.0,ohlcv_proxy,,,,
2025-06-17,49700.0,421741.0,0.0,0.0,0.0,0.0,0.04651,0.0,ohlcv_proxy,,,,
2025-06-18,46800.0,625750.0,0.0,0.0,-0.0,0.0,0.024209,0.0,ohlcv_proxy,,,,
2025-06-19,46850.0,251640.0,0.0,0.0,-0.0,0.0,0.020891,0.0,ohlcv_proxy,,,,
2025-06-20,48100.0,446929.0,0.0,0.0,0.0,0.0,0.020149,0.0,ohlcv_proxy,,,,
2025-06-23,47250.0,260590.0,0.0,0.0,-0.0,0.0,0.009172,0.0,ohlcv_proxy,,,,
2025-06-24,47900.0,254871.0,0.0,0.0,0.0,0.0,-0.020906,0.0,ohlcv_proxy,,,,
2025-06-25,47800.0,343344.0,0.0,0.0,0.0,0.0,-0.020241,0.0,ohlcv_proxy,,,,
2025-06-26,47500.0,169637.0,0.0,0.0,-0.0,0.0,-0.022036,0.0,ohlcv_proxy,,,,
2025-06-27,47600.0,397117.0,0.0,0.0,0.0,0.0,-0.028008,0.0,ohlcv_proxy,,,,
2025-06-30,46900.0,172455.0,0.0,0.0,-0.0,0.0,-0.028747,0.0,ohlcv_proxy,,,,
2025-07-01,47250.0,387045.0,0.0,0.0,-0.0,0.0,-0.029622,0.0,ohlcv_proxy,,,,
2025-07-02,47700.0,362921.0,0.0,0.0,0.0,0.0,-0.027918,0.0,ohlcv_proxy,,,,
2025-07-03,49350.0,1170496.0,0.0,0.0,0.0,0.1,-0.010376,0.0,ohlcv_proxy,,,,
2025-07-04,48100.0,343179.0,0.0,0.0,0.0,0.1,-0.006951,0.0,ohlcv_proxy,,,,
2025-07-07,46950.0,190360.0,0.0,0.0,-0.0,0.1,-0.005298,0.0,ohlcv_proxy,,,,
2025-07-08,47100.0,174306.0,0.0,0.0,-0.0,0.1,-0.001858,0.0,ohlcv_proxy,,,,
2025-07-09,45850.0,427591.0,0.0,0.0,-0.0,0.1,-0.001342,0.0,ohlcv_proxy,,,,
2025-07-10,47450.0,272869.0,0.0,0.0,0.0,0.1,-0.020619,0.0,ohlcv_proxy,,,,
2025-07-11,48400.0,269671.0,0.0,0.0,0.0,0.1,-0.019584,0.0,ohlcv_proxy,,,,
2025-07-14,47350.0,155575.0,0.0,0.0,-0.0,0.1,-0.016062,0.0,ohlcv_proxy,,,,
2025-07-15,47650.0,145468.0,0.0,0.0,0.0,0.1,-0.012297,0.0,ohlcv_proxy,,,,
2025-07-16,47050.0,153329.0,0.0,0.0,-0.0,0.1,-0.002626,0.0,ohlcv_proxy,,,,
2025-07-17,46850.0,202238.0,0.0,0.0,-0.0,0.0,-0.005186,0.0,ohlcv_proxy,,,,
2025-07-18,46900.0,230210.0,0.0,0.0,-0.0,0.0,-0.012966,0.0,ohlcv_proxy,,,,
2025-07-21,51600.0,2142637.0,0.0,0.0,0.0,0.1,0.033934,0.0,ohlcv_proxy,,,,
2025-07-22,49900.0,442426.0,0.0,0.0,0.0,0.1,0.033137,0.0,ohlcv_proxy,,,,
2025-07-23,50100.0,264979.0,0.0,0.0,0.0,0.1,0.033956,0.0,ohlcv_proxy,,,,
2025-07-24,49050.0,602599.0,0.0,0.0,0.0,0.1,0.032178,0.0,ohlcv_proxy,,,,
2025-07-25,48300.0,201099.0,0.0,0.0,0.0,0.1,0.033295,0.0,ohlcv_proxy,,,,
2025-07-28,47550.0,224229.0,0.0,0.0,-0.0,0.1,0.001878,0.0,ohlcv_proxy,,,,
2025-07-29,46900.0,343422.0,0.0,0.0,-0.0,0.1,-0.011786,0.0,ohlcv_proxy,,,,
2025-07-30,46300.0,260344.0,0.0,0.0,-0.0,0.1,-0.023694,0.0,ohlcv_proxy,,,,
2025-07-31,46100.0,188857.0,0.0,0.0,-0.0,0.1,-0.038733,0.0,ohlcv_proxy,,,,
2025-08-01,44900.0,248289.0,0.0,0.0,-0.0,0.1,-0.04943,0.0,ohlcv_proxy,,,,
2025-08-04,46150.0,197534.0,0.0,0.0,-0.0,0.0,-0.054059,0.0,ohlcv_proxy,,,,
2025-08-05,46300.0,140486.0,0.0,0.0,-0.0,0.0,-0.058665,0.0,ohlcv_proxy,,,,
2025-08-06,47200.0,212469.0,0.0,0.0,0.0,0.0,-0.05765,0.0,ohlcv_proxy,,,,
2025-08-07,47250.0,155210.0,0.0,0.0,0.0,0.0,-0.054238,0.0,ohlcv_proxy,,,,
2025-08-08,46750.0,147628.0,0.0,0.0,-0.0,0.0,-0.043884,0.0,ohlcv_proxy,,,,
2025-08-11,46450.0,233137.0,0.0,0.0,-0.0,0.0,-0.041801,0.0,ohlcv_proxy,,,,
2025-08-12,45650.0,271540.0,0.0,0.0,-0.0,0.0,-0.044672,0.0,ohlcv_proxy,,,,
2025-08-13,45750.0,313633.0,0.0,0.0,-0.0,0.0,-0.049926,0.0,ohlcv_proxy,,,,
2025-08-14,45500.0,317995.0,0.0,0.0,-0.0,0.0,-0.054394,0.0,ohlcv_proxy,,,,
2025-08-18,45400.0,188378.0,0.0,0.0,-0.0,0.0,-0.057231,0.0,ohlcv_proxy,,,,
2025-08-19,47100.0,602852.0,0.0,0.0,0.0,0.1,-0.022249,0.0,ohlcv_proxy,,,,
2025-08-20,45650.0,276733.0,0.0,0.0,-0.0,0.1,-0.015985,0.0,ohlcv_proxy,,,,
2025-08-21,42550.0,616474.0,0.0,0.0,-0.0,0.0,-0.02547,0.1,ohlcv_proxy,,,,
2025-08-22,42800.0,224337.0,0.0,0.0,-0.0,0.0,-0.023102,0.1,ohlcv_proxy,,,,
2025-08-25,43350.0,264028.0,0.0,0.0,-0.0,0.0,-0.023998,0.1,ohlcv_proxy,,,,
2025-08-26,42000.0,329721.0,0.0,0.0,-0.0,0.0,-0.048531,0.1,ohlcv_proxy,,,,
2025-08-27,41650.0,188788.0,0.0,0.0,-0.0,0.0,-0.057055,0.1,ohlcv_proxy,,,,
2025-08-28,41800.0,180357.0,0.0,0.0,-0.0,0.0,-0.056408,0.1,ohlcv_proxy,,,,
2025-08-29,41750.0,223262.0,0.0,0.0,-0.0,0.0,-0.057157,0.1,ohlcv_proxy,,,,
2025-09-01,41350.0,120040.0,0.0,0.0,-0.0,0.0,-0.064158,0.1,ohlcv_proxy,,,,
2025-09-02,41600.0,116706.0,0.0,0.0,-0.0,-0.1,-0.064049,0.1,ohlcv_proxy,,,,
2025-09-03,41850.0,75239.0,0.0,0.0,-0.0,-0.1,-0.061662,0.1,ohlcv_proxy,,,,
2025-09-04,42550.0,132926.0,0.0,0.0,-0.0,0.0,-0.054906,0.0,ohlcv_proxy,,,,
2025-09-05,42550.0,155412.0,0.0,0.0,-0.0,0.0,-0.046884,0.0,ohlcv_proxy,,,,
2025-09-08,43100.0,131916.0,0.0,0.0,-0.0,0.0,-0.036335,0.0,ohlcv_proxy,,,,
2025-09-09,42950.0,124132.0,0.0,0.0,-0.0,0.0,-0.027211,0.0,ohlcv_proxy,,,,
2025-09-10,42850.0,87406.0,0.0,0.0,-0.0,0.0,-0.021666,0.0,ohlcv_proxy,,,,
2025-09-11,44500.0,545633.0,0.0,0.0,0.0,0.1,0.000502,0.0,ohlcv_proxy,,,,
2025-09-12,45150.0,295241.0,0.0,0.0,0.0,0.1,0.012888,0.0,ohlcv_proxy,,,,
2025-09-15,44850.0,129109.0,0.0,0.0,0.0,0.1,0.018172,0.0,ohlcv_proxy,,,,
2025-09-16,44100.0,182483.0,0.0,0.0,0.0,0.1,0.031265,0.0,ohlcv_proxy,,,,
2025-09-17,44150.0,98114.0,0.0,0.0,0.0,0.1,0.036658,0.0,ohlcv_proxy,,,,
2025-09-18,44550.0,144015.0,0.0,0.0,0.0,0.1,0.034704,0.0,ohlcv_proxy,,,,
2025-09-19,44550.0,162250.0,0.0,0.0,0.0,0.1,0.027472,0.0,ohlcv_proxy,,,,
2025-09-22,43700.0,180766.0,0.0,0.0,-0.0,0.1,0.021499,0.0,ohlcv_proxy,,,,
2025-09-23,44450.0,167618.0,0.0,0.0,0.0,0.1,0.019131,0.0,ohlcv_proxy,,,,
2025-09-24,44250.0,152304.0,0.0,0.0,0.0,0.1,0.016208,0.0,ohlcv_proxy,,,,
2025-09-25,43650.0,129635.0,0.0,0.0,-0.0,0.0,0.010438,0.0,ohlcv_proxy,,,,
2025-09-26,42800.0,136279.0,0.0,0.0,-0.0,0.0,0.000811,0.0,ohlcv_proxy,,,,
2025-09-29,42550.0,90588.0,0.0,0.0,-0.0,0.0,-0.003653,0.0,ohlcv_proxy,,,,
2025-09-30,41900.0,93004.0,0.0,0.0,-0.0,0.0,-0.01543,0.0,ohlcv_proxy,,,,
2025-10-01,41550.0,112463.0,0.0,0.0,-0.0,0.0,-0.028756,0.0,ohlcv_proxy,,,,
2025-10-02,42750.0,188275.0,0.0,0.0,-0.0,0.0,-0.032413,0.0,ohlcv_proxy,,,,
2025-10-10,42800.0,146097.0,0.0,0.0,-0.0,0.0,-0.032589,0.0,ohlcv_proxy,,,,
2025-10-13,42600.0,118308.0,0.0,0.0,-0.0,0.0,-0.031902,0.0,ohlcv_proxy,,,,
2025-10-14,42550.0,143611.0,0.0,0.0,-0.0,0.0,-0.029228,0.0,ohlcv_proxy,,,,
2025-10-15,43700.0,115745.0,0.0,0.0,0.0,0.0,-0.021828,0.0,ohlcv_proxy,,,,
2025-10-16,44700.0,210203.0,0.0,0.0,0.0,0.0,-0.007704,0.0,ohlcv_proxy,,,,
2025-10-17,44000.0,223215.0,0.0,0.0,0.0,-0.1,0.001335,0.0,ohlcv_proxy,,,,
2025-10-20,43050.0,151131.0,0.0,0.0,-0.0,-0.1,0.004135,0.0,ohlcv_proxy,,,,
2025-10-21,41900.0,346075.0,0.0,0.0,-0.0,-0.2,-0.001049,0.1,ohlcv_proxy,,,,
2025-10-22,42750.0,144066.0,0.0,0.0,-0.0,-0.2,-0.002537,0.1,ohlcv_proxy,,,,
2025-10-23,43250.0,316365.0,0.0,0.0,0.0,-0.1,-0.007,0.1,ohlcv_proxy,,,,
2025-10-24,44850.0,311780.0,0.0,0.0,0.0,0.0,-0.002358,0.1,ohlcv_proxy,,,,
2025-10-27,44750.0,211569.0,0.0,0.0,0.0,0.0,0.00219,0.1,ohlcv_proxy,,,,
2025-10-28,45750.0,321730.0,0.0,0.0,0.0,0.1,0.020975,0.1,ohlcv_proxy,,,,
2025-10-29,45650.0,298403.0,0.0,0.0,0.0,0.0,0.027252,0.1,ohlcv_proxy,,,,
2025-10-30,44400.0,210032.0,0.0,0.0,0.0,0.0,0.033266,0.1,ohlcv_proxy,,,,
2025-10-31,43650.0,167920.0,0.0,0.0,-0.0,0.1,0.029597,0.1,ohlcv_proxy,,,,
2025-11-03,45700.0,434417.0,0.0,0.0,0.0,0.2,0.029892,0.1,ohlcv_proxy,,,,
2025-11-04,46450.0,416575.0,0.0,0.0,0.0,0.4,0.028639,0.0,ohlcv_proxy,,,,
2025-11-05,43500.0,442049.0,0.0,0.0,-0.0,0.3,0.016179,0.0,ohlcv_proxy,,,,
2025-11-06,44050.0,223909.0,0.0,0.0,-0.0,0.2,0.013922,0.0,ohlcv_proxy,,,,
2025-11-07,42500.0,227730.0,0.0,0.0,-0.0,0.1,0.010428,0.0,ohlcv_proxy,,,,
2025-11-10,43750.0,144906.0,0.0,0.0,-0.0,0.1,0.000954,0.0,ohlcv_proxy,,,,
2025-11-11,42900.0,205212.0,0.0,0.0,-0.0,0.0,-0.020402,0.0,ohlcv_proxy,,,,
2025-11-12,44200.0,173594.0,0.0,0.0,0.0,0.1,-0.01878,0.0,ohlcv_proxy,,,,
2025-11-13,44850.0,257621.0,0.0,0.0,0.0,0.1,-0.01395,0.0,ohlcv_proxy,,,,
2025-11-14,43200.0,210757.0,0.0,0.0,-0.0,0.1,-0.009436,0.0,ohlcv_proxy,,,,
2025-11-17,42500.0,156359.0,0.0,0.0,-0.0,0.0,-0.013463,0.0,ohlcv_proxy,,,,
2025-11-18,41400.0,196822.0,0.0,0.0,-0.0,-0.1,-0.021116,0.0,ohlcv_proxy,,,,
2025-11-19,40700.0,134888.0,0.0,0.0,-0.0,0.0,-0.031922,0.0,ohlcv_proxy,,,,
2025-11-20,41350.0,119520.0,0.0,0.0,-0.0,0.0,-0.051119,0.0,ohlcv_proxy,,,,
2025-11-21,40100.0,148592.0,0.0,0.0,-0.0,0.0,-0.063571,0.0,ohlcv_proxy,,,,
2025-11-24,39050.0,162660.0,0.0,0.0,-0.0,0.0,-0.075708,0.0,ohlcv_proxy,,,,
2025-11-25,40050.0,140355.0,0.0,0.0,-0.0,0.0,-0.07805,0.0,ohlcv_proxy,,,,
2025-11-26,41300.0,111222.0,0.0,0.0,-0.0,0.0,-0.071889,0.0,ohlcv_proxy,,,,
2025-11-27,41500.0,86509.0,0.0,0.0,-0.0,0.0,-0.070767,0.0,ohlcv_proxy,,,,
2025-11-28,41450.0,110448.0,0.0,0.0,-0.0,0.0,-0.063568,0.0,ohlcv_proxy,,,,
2025-12-01,40600.0,91630.0,0.0,0.0,-0.0,0.0,-0.045421,0.0,ohlcv_proxy,,,,
2025-12-02,41750.0,137539.0,0.0,0.0,-0.0,0.0,-0.024403,0.0,ohlcv_proxy,,,,
2025-12-03,42600.0,137155.0,0.0,0.0,0.0,0.0,-0.013626,0.0,ohlcv_proxy,,,,
2025-12-04,42700.0,104916.0,0.0,0.0,0.0,0.0,-0.005893,0.0,ohlcv_proxy,,,,
2025-12-05,44050.0,233701.0,0.0,0.0,0.0,0.1,0.009915,0.0,ohlcv_proxy,,,,
2025-12-08,43800.0,100944.0,0.0,0.0,0.0,0.1,0.020466,0.0,ohlcv_proxy,,,,
2025-12-09,45100.0,314409.0,0.0,0.0,0.0,0.2,0.036137,0.0,ohlcv_proxy,,,,
2025-12-10,44050.0,232152.0,0.0,0.0,0.0,0.2,0.040467,0.0,ohlcv_proxy,,,,
2025-12-11,45150.0,1462663.0,0.0,0.0,0.0,0.3,0.037581,0.0,ohlcv_proxy,,,,
2025-12-12,46000.0,284937.0,0.0,0.0,0.0,0.3,0.03827,0.0,ohlcv_proxy,,,,
2025-12-15,45500.0,146485.0,0.0,0.0,0.0,0.3,0.037665,0.0,ohlcv_proxy,,,,
2025-12-16,44500.0,188098.0,0.0,0.0,0.0,0.3,0.033408,0.0,ohlcv_proxy,,,,
2025-12-17,44950.0,153145.0,0.0,0.0,0.0,0.3,0.032521,0.0,ohlcv_proxy,,,,
2025-12-18,44250.0,637648.0,0.0,0.0,0.0,0.2,0.021329,0.0,ohlcv_proxy,,,,
2025-12-19,45650.0,312874.0,0.0,0.0,0.0,0.1,0.015118,0.0,ohlcv_proxy,,,,
2025-12-22,45800.0,186486.0,0.0,0.0,0.0,0.1,0.011369,0.0,ohlcv_proxy,,,,
2025-12-23,43250.0,387958.0,0.0,0.0,-0.0,0.0,0.003177,0.0,ohlcv_proxy,,,,
2025-12-24,43550.0,130363.0,0.0,0.0,-0.0,0.0,-0.000414,0.0,ohlcv_proxy,,,,
2025-12-26,42600.0,156422.0,0.0,0.0,-0.0,-0.1,-0.003851,0.0,ohlcv_proxy,,,,
2025-12-29,42100.0,155601.0,0.0,0.0,-0.0,-0.1,-0.020859,0.0,ohlcv_proxy,,,,
2025-12-30,41600.0,142392.0,0.0,0.0,-0.0,-0.1,-0.036876,0.0,ohlcv_proxy,,,,
2026-01-02,40450.0,243095.0,0.0,0.0,-0.0,-0.1,-0.055106,0.0,ohlcv_proxy,,,,
2026-01-05,40700.0,180034.0,0.0,0.0,-0.0,-0.1,-0.064615,0.0,ohlcv_proxy,,,,
2026-01-06,40500.0,160548.0,0.0,0.0,-0.0,0.0,-0.07155,0.0,ohlcv_proxy,,,,
2026-01-07,39900.0,195605.0,0.0,0.0,-0.0,0.0,-0.078108,0.0,ohlcv_proxy,,,,
2026-01-08,39500.0,207470.0,0.0,0.0,-0.0,0.0,-0.083357,0.0,ohlcv_proxy,,,,
2026-01-09,39700.0,141505.0,0.0,0.0,-0.0,0.0,-0.083166,0.0,ohlcv_proxy,,,,
2026-01-12,39750.0,190617.0,0.0,0.0,-0.0,0.0,-0.084528,0.0,ohlcv_proxy,,,,
2026-01-13,41000.0,279644.0,0.0,0.0,-0.0,0.0,-0.064868,0.0,ohlcv_proxy,,,,
2026-01-14,40950.0,153582.0,0.0,0.0,-0.0,0.0,-0.054796,0.0,ohlcv_proxy,,,,
2026-01-15,41250.0,181082.0,0.0,0.0,-0.0,0.0,-0.043021,0.0,ohlcv_proxy,,,,
2026-01-16,40800.0,306541.0,0.0,0.0,-0.0,0.0,-0.03451,0.0,ohlcv_proxy,,,,
2026-01-19,40050.0,212804.0,0.0,0.0,-0.0,0.0,-0.029211,0.0,ohlcv_proxy,,,,
2026-01-20,40800.0,163751.0,0.0,0.0,-0.0,0.0,-0.021303,0.0,ohlcv_proxy,,,,
2026-01-21,39700.0,212982.0,0.0,0.0,-0.0,0.0,-0.017092,0.0,ohlcv_proxy,,,,
2026-01-22,40200.0,185817.0,0.0,0.0,-0.0,0.0,-0.015135,0.0,ohlcv_proxy,,,,
2026-01-23,40800.0,207450.0,0.0,0.0,-0.0,0.0,-0.010428,0.0,ohlcv_proxy,,,,
2026-01-26,40400.0,161735.0,0.0,0.0,-0.0,0.0,-0.005944,0.0,ohlcv_proxy,,,,
2026-01-27,39950.0,236381.0,0.0,0.0,-0.0,0.0,-0.007175,0.0,ohlcv_proxy,,,,
2026-01-28,40050.0,254743.0,0.0,0.0,-0.0,0.0,-0.003337,0.0,ohlcv_proxy,,,,
2026-01-29,40750.0,336189.0,0.0,0.0,-0.0,0.1,0.000615,0.0,ohlcv_proxy,,,,
2026-01-30,40650.0,415959.0,0.0,0.0,-0.0,0.0,0.000431,0.0,ohlcv_proxy,,,,
2026-02-02,39200.0,385397.0,0.0,0.0,-0.0,-0.1,-0.003885,0.0,ohlcv_proxy,,,,
2026-02-03,41850.0,388648.0,0.0,0.0,0.0,0.0,0.003059,0.0,ohlcv_proxy,,,,
2026-02-04,44850.0,1162077.0,0.0,0.0,0.0,0.1,0.027265,0.0,ohlcv_proxy,,,,
2026-02-05,43000.0,417587.0,0.0,0.0,0.0,0.1,0.029781,0.0,ohlcv_proxy,,,,
2026-02-06,41350.0,289090.0,0.0,0.0,0.0,0.1,0.033178,0.0,ohlcv_proxy,,,,
2026-02-09,43100.0,332011.0,0.0,0.0,0.0,0.1,0.043619,0.0,ohlcv_proxy,,,,
2026-02-10,43000.0,225215.0,0.0,0.0,0.0,0.1,0.046863,0.0,ohlcv_proxy,,,,
2026-02-11,42950.0,186641.0,0.0,0.0,0.0,0.1,0.02118,0.0,ohlcv_proxy,,,,
2026-02-12,44050.0,445058.0,0.0,0.0,0.0,0.0,0.024749,0.0,ohlcv_proxy,,,,
2026-02-13,42600.0,300895.0,0.0,0.0,0.0,0.1,0.028391,0.0,ohlcv_proxy,,,,
2026-02-19,50400.0,1923085.0,0.0,0.0,0.0,0.3,0.083349,0.0,ohlcv_proxy,,,,
2026-02-20,47800.0,686154.0,45531.0,-210189.0,-0.3063291914060109,0.0663568236868108,-0.3476999999999999,0.484,,15.23,,,
2026-02-23,48600.0,442354.0,17304.0,-54791.0,-0.1238623364997264,0.0391179914728927,-0.3478,0.0,,15.22,,,
2026-02-24,49850.0,441162.0,57046.0,-7399.0,-0.0167716167756969,0.1293085079857286,-0.3482,0.0,,15.18,,,
2026-02-25,53800.0,1384193.0,279976.0,84374.0,0.0609553725528159,0.2022665914363098,-0.3444,0.0,,15.56,,,
2026-02-26,52700.0,716941.0,116594.0,-106392.0,-0.1483971484403877,0.1626270502035732,-0.3473,0.488,,15.27,,,
2026-02-27,53700.0,577531.0,26438.0,-40083.0,-0.069404066621532,0.045777629252802,-0.3481,0.0,,15.19,,,
2026-03-03,50300.0,522300.0,52994.0,37712.0,0.0722037143404173,0.101462760865403,-0.3472,0.358,,15.28,,,
2026-03-04,42400.0,683007.0,-28504.0,66345.0,0.0971366325674553,-0.0417331008320558,-0.3458,0.44,,15.42,,,
2026-03-05,46500.0,358075.0,-13323.0,58816.0,0.1642560916009215,-0.0372072889757732,-0.3442,0.0,,15.58,,,
2026-03-06,52000.0,734307.0,86433.0,-4846.0,-0.0065994195888095,0.1177068991579816,-0.3446,0.0,,15.54,,,
2026-03-09,49550.0,619682.0,50653.0,-101533.0,-0.1638469408503071,0.0817403119664602,-0.3483,0.531,,15.17,,,
2026-03-10,51100.0,454132.0,10646.0,-24918.0,-0.0548695093056644,0.0234425233192111,-0.3514,0.0,,14.86,,,
2026-03-11,51700.0,496847.0,40459.0,49483.0,0.099594040016343,0.0814315070836696,-0.3497,0.0,,15.03,,,
2026-03-12,56000.0,1071859.0,100901.0,-51201.0,-0.0477684098374879,0.0941364489172549,-0.3505,0.0,,14.95,,,
2026-03-13,55400.0,691615.0,158172.0,-101150.0,-0.1462518886953001,0.2286994932151558,-0.3515999999999999,0.518,,14.84,,,
2026-03-16,56000.0,560302.0,47966.0,-106675.0,-0.1903883976855338,0.0856074045782453,-0.3549,0.0,,14.51,,,
2026-03-17,58100.0,1111023.0,163093.0,162488.0,0.1462507976882567,0.146795340870531,-0.3498,0.0,,15.02,,,
2026-03-18,59100.0,558312.0,75808.0,56444.0,0.1010975941767327,0.1357807104271446,-0.3484,0.0,,15.16,,,
2026-03-19,64900.0,1939145.0,193362.0,171121.0,0.0882455927741349,0.0997150806154258,-0.3436,0.0,,15.64,,,
2026-03-20,66100.0,1177777.0,26479.0,9570.0,0.0081254770639942,0.0224821846580464,-0.3445,0.0,,15.55,,,
2026-03-23,63300.0,505495.0,31906.0,26444.0,0.0523130792589442,0.0631183295581558,-0.3433,0.239,,15.67,,,
2026-03-24,61400.0,803283.0,50171.0,39046.0,0.0486080248181525,0.0624574402794531,-0.3419,0.403,,15.81,,,
2026-03-25,63300.0,522779.0,60223.0,20317.0,0.0388634585551447,0.1151978178159413,-0.3414999999999999,0.0,,15.85,,,
2026-03-26,62100.0,585882.0,37319.0,-100814.0,-0.1720721920113606,0.0636971267251767,-0.3446,0.408,,15.54,,,
2026-03-27,60200.0,312281.0,-26682.0,41805.0,0.1338698159670296,-0.0854422779483862,-0.3432,0.286,,15.68,,,
2026-03-30,63100.0,677738.0,113035.0,-54718.0,-0.080736213699099,0.1667827390525542,-0.3450999999999999,0.0,,15.49,,,
2026-03-31,59600.0,798081.0,32781.0,63684.0,0.0797964116424272,0.041074778124025,-0.3436,0.689,,15.64,,,
2026-04-01,63700.0,532828.0,118355.0,75784.0,0.1422297627001584,0.2221260894697726,-0.3408,0.0,,15.92,,,
2026-04-02,64900.0,915114.0,97156.0,-45744.0,-0.0499872147076757,0.1061681932524253,-0.3425,0.0,,15.75,,,
2026-04-03,76900.0,2288237.0,356496.0,344466.0,0.1505377283908965,0.1557950509497049,-0.3337,0.0,,16.63,,,
2026-04-06,73300.0,876824.0,69271.0,3633.0,0.0041433628641551,0.0790021714734085,-0.3329999999999999,0.405,,16.7,,,
2026-04-07,65500.0,1135648.0,-165125.0,-164612.0,-0.144949843613514,-0.1454015680915213,-0.3383,0.494,,16.17,,,
2026-04-08,64800.0,673882.0,-96570.0,53027.0,0.0786888505702778,-0.1433040205852063,-0.3372,0.286,,16.28,,,
2026-04-09,67700.0,533787.0,83326.0,-116142.0,-0.217581170017254,0.1561034644905177,-0.3404999999999999,0.0,,15.95,,,
2026-04-10,67200.0,409639.0,-46143.0,37803.0,0.0922836936912745,-0.112643083300174,-0.3392,0.0,,16.08,,,
2026-04-13,65900.0,490059.0,-45412.0,57537.0,0.1174083120603845,-0.0926663932302029,-0.3381,0.378,,16.19,,,
2026-04-14,62700.0,1237031.0,-287157.0,117960.0,0.0953573515942607,-0.2321340370613186,-0.3357,0.924,,16.43,,,
2026-04-15,64000.0,558832.0,16374.0,111576.0,0.1996592893749821,0.0293003979729149,-0.3319,0.0,,16.81,,,
2026-04-16,66600.0,458610.0,48108.0,72028.0,0.1570571945661891,0.1048995878851311,-0.3288,0.0,,17.12,,,
2026-04-17,65000.0,530072.0,34518.0,-9621.0,-0.0181503644787877,0.0651194554702002,-0.3298,0.404,,17.02,,,
2026-04-20,63300.0,339377.0,-32532.0,-5507.0,-0.0162267920336381,-0.0958579986268957,-0.3297,0.272,,17.03,,,
2026-04-21,63800.0,411629.0,10441.0,-695.0,-0.0016884135957379,0.0253650738893518,-0.3293999999999999,0.0,,17.06,,,
2026-04-22,69400.0,1078590.0,235468.0,113109.0,0.1048674658582037,0.2183109429903856,-0.3238,0.0,,17.62,,,
2026-04-23,68800.0,492937.0,66616.0,-74785.0,-0.1517130992398623,0.1351410017913039,-0.3263,0.0,,17.37,,,
2026-04-24,73200.0,1077570.0,166064.0,235547.0,0.2185909036071902,0.1541097098100355,-0.3189,0.0,,18.11,,,
2026-04-27,73900.0,436157.0,47699.0,-59869.0,-0.1372647922651705,0.1093619957950921,-0.3211,0.0,,17.89,,,
2026-04-28,72700.0,369344.0,31900.0,2415.0,0.0065386198232542,0.0863693467336683,-0.3222,0.268,,17.78,,,
2026-04-29,72500.0,292622.0,-9573.0,38878.0,0.1328608238615005,-0.0327145600809235,-0.3218999999999999,0.0,,17.81,,,
2026-04-30,71600.0,344209.0,7657.0,55883.0,0.1623519431508182,0.0222452056744594,-0.3204999999999999,0.342,,17.95,,,
2026-05-04,69700.0,452601.0,0.0,-87913.2693725847,-0.1942401129749706,0.0,-0.5,0.597,parquet_proxy,0.0,,,
2026-05-06,66900.0,475833.0,0.0,-109342.20565912809,-0.2297911360900317,0.0,-0.5,0.615,parquet_proxy,0.0,,,
2026-05-07,61200.0,1005381.0,0.0,-960644.1842552416,-0.9555026246320965,0.0,-0.5,0.978,parquet_proxy,0.0,,,
2026-05-08,60500.0,501019.0,-77520.0,-95982.0,-0.1915735730581075,-0.1547246711202569,-0.3202,0.45,,17.98,,,
2026-05-11,59500.0,351614.0,0.0,129768.11413383632,0.3690641275200542,0.0,-0.5,0.316,parquet_proxy,0.0,,,
2026-05-12,57700.0,509520.0,0.0,53000.26406721328,0.1040199875710733,0.0,-0.5,0.448,parquet_proxy,0.0,,,
2026-05-13,54800.0,496268.0,0.0,66276.8067820331,0.133550434003468,0.0,-0.5,0.433,parquet_proxy,0.0,,,
2026-05-14,55300.0,421875.0,-10841.0,10693.0,0.0253463703703703,-0.0256971851851851,-0.3192,0.0,,18.08,,,
2026-05-15,52800.0,422053.0,0.0,17459.561467385625,0.0413681728773059,0.0,-0.5,0.48,parquet_proxy,0.0,,,
2026-05-18,52700.0,302575.0,0.0,89890.8633637366,0.2970862211476051,0.0,-0.5,0.0,parquet_proxy,0.0,,,
2026-05-19,51400.0,274015.0,-18454.0,30650.0,0.1118551904092841,-0.0673466781015637,-0.3181,0.358,,18.19,,,
2026-05-20,49500.0,344189.0,0.0,0.0,-0.0,-0.1,-0.17993,0.0,ohlcv_proxy,,,,
2026-05-21,51000.0,240768.0,0.0,0.0,-0.0,0.0,-0.191221,0.0,ohlcv_proxy,,,,
2026-05-22,52700.0,231367.0,0.0,0.0,-0.0,0.0,-0.181873,0.0,ohlcv_proxy,,,,
2026-05-26,51400.0,239556.0,0.0,0.0,-0.0,0.0,-0.178132,0.0,ohlcv_proxy,,,,
2026-05-27,49900.0,398900.0,0.0,0.0,-0.0,0.0,-0.156136,0.0,ohlcv_proxy,,,,
2026-05-28,48000.0,631760.0,0.0,0.0,-0.0,-0.1,-0.145029,0.0,ohlcv_proxy,,,,
2026-05-29,47500.0,379613.0,0.0,0.0,-0.0,-0.1,-0.139088,0.0,ohlcv_proxy,,,,
2026-06-01,46750.0,281178.0,0.0,0.0,-0.0,-0.1,-0.139271,0.0,ohlcv_proxy,,,,
2026-06-02,45300.0,275470.0,0.0,0.0,-0.0,-0.1,-0.138107,0.0,ohlcv_proxy,,,,
2026-06-04,45050.0,229300.0,0.0,0.0,-0.0,-0.1,-0.135736,0.0,ohlcv_proxy,,,,
2026-06-05,43850.0,347722.0,0.0,0.0,-0.0,-0.1,-0.137669,0.0,ohlcv_proxy,,,,
2026-06-08,40900.0,211646.0,0.0,0.0,-0.0,-0.1,-0.136658,0.0,ohlcv_proxy,,,,
2026-06-09,40350.0,263312.0,0.0,0.0,-0.0,-0.1,-0.143853,0.0,ohlcv_proxy,,,,
2026-06-10,41350.0,766781.0,0.0,0.0,-0.0,0.0,-0.141802,0.0,ohlcv_proxy,,,,
2026-06-11,40550.0,799246.0,0.0,0.0,-0.0,-0.1,-0.131904,0.0,ohlcv_proxy,,,,
2026-06-12,41500.0,287997.0,0.0,0.0,-0.0,0.0,-0.126051,0.0,ohlcv_proxy,,,,
2026-06-15,43750.0,333228.0,0.0,0.0,-0.0,0.0,-0.10573,0.0,ohlcv_proxy,,,,
2026-06-16,56800.0,2399924.0,0.0,0.0,0.0,0.1,0.016776,0.0,ohlcv_proxy,,,,
2026-06-17,49900.0,2351335.0,0.0,0.0,0.0,0.0,0.037641,0.1,ohlcv_proxy,,,,
2026-06-18,44600.0,971830.0,0.0,0.0,-0.0,-0.1,0.053369,0.1,ohlcv_proxy,,,,
2026-06-19,42450.0,644293.0,0.0,0.0,-0.0,-0.1,0.052286,0.1,ohlcv_proxy,,,,
2026-06-22,43450.0,570600.0,0.0,0.0,-0.0,-0.1,0.052711,0.1,ohlcv_proxy,,,,
2026-06-23,42450.0,637278.0,0.0,0.0,-0.0,-0.1,-0.023278,0.1,ohlcv_proxy,,,,
2026-06-24,41600.0,340560.0,0.0,0.0,-0.0,-0.2,-0.085336,0.1,ohlcv_proxy,,,,
2026-06-25,41700.0,591165.0,0.0,0.0,-0.0,-0.1,-0.096201,0.1,ohlcv_proxy,,,,
2026-06-26,38500.0,576990.0,0.0,0.0,-0.0,-0.1,-0.106154,0.1,ohlcv_proxy,,,,
2026-06-29,43100.0,647412.0,0.0,0.0,-0.0,-0.1,-0.1031,0.1,ohlcv_proxy,,,,
2026-06-30,42550.0,302839.0,0.0,0.0,-0.0,-0.2,-0.103756,0.1,ohlcv_proxy,,,,
2026-07-01,45400.0,1013312.0,0.0,0.0,0.0,-0.1,-0.075463,0.0,ohlcv_proxy,,,,
2026-07-02,43750.0,656902.0,0.0,0.0,-0.0,0.0,-0.064945,0.0,ohlcv_proxy,,,,
2026-07-03,42100.0,507913.0,0.0,0.0,-0.0,0.0,-0.048335,0.0,ohlcv_proxy,,,,
