date,close,volume,inst_net_buy,foreign_net_buy,foreign_net_buy_norm,inst_net_buy_norm,foreign_ratio_feat,short_proxy_score,source
2017-10-30,6853,594422,0,0,0.0,0.0,,0.0,ohlcv_proxy
2017-10-31,6861,501573,0,0,0.0,0.0,,0.0,ohlcv_proxy
2017-11-01,6861,517851,0,0,0.0,0.0,,0.0,ohlcv_proxy
2017-11-02,6853,590096,0,0,0.0,0.0,,0.0,ohlcv_proxy
2017-11-03,6864,623576,0,0,0.0,0.0,,0.0,ohlcv_proxy
2017-11-06,6880,649316,0,0,0.0,0.0,,0.0,ohlcv_proxy
2017-11-07,6875,450303,0,0,0.0,0.0,,0.0,ohlcv_proxy
2017-11-08,6871,491724,0,0,0.0,0.0,,0.0,ohlcv_proxy
2017-11-09,6897,660857,0,0,0.0,0.0,,0.0,ohlcv_proxy
2017-11-10,6871,502799,0,0,0.0,0.0,,0.0,ohlcv_proxy
2017-11-13,6849,779254,0,0,0.0,-0.1,0.002539,0.0,ohlcv_proxy
2017-11-14,6867,522084,0,0,0.0,-0.1,0.001883,0.0,ohlcv_proxy
2017-11-15,6864,498008,0,0,0.0,-0.1,0.001604,0.0,ohlcv_proxy
2017-11-16,6880,528774,0,0,0.0,-0.1,0.000789,0.0,ohlcv_proxy
2017-11-17,6849,563348,0,0,0.0,-0.1,0.000258,0.0,ohlcv_proxy
2017-11-20,6849,518060,0,0,0.0,-0.1,9e-06,0.0,ohlcv_proxy
2017-11-21,6827,536491,0,0,-0.0,-0.1,-0.001155,0.0,ohlcv_proxy
2017-11-22,6834,645907,0,0,-0.0,-0.1,-0.002008,0.0,ohlcv_proxy
2017-11-23,6883,471228,0,0,0.0,-0.1,-0.002371,0.0,ohlcv_proxy
2017-11-24,6893,519586,0,0,0.0,-0.1,-0.001178,0.0,ohlcv_proxy
2017-11-27,6921,490009,0,0,0.0,0.0,0.000309,0.0,ohlcv_proxy
2017-11-28,6900,313241,0,0,0.0,0.0,0.002052,0.0,ohlcv_proxy
2017-11-29,6926,281695,0,0,0.0,0.0,0.004821,0.0,ohlcv_proxy
2017-11-30,6986,335659,0,0,0.0,0.0,0.006927,0.0,ohlcv_proxy
2017-12-01,6934,355932,0,0,0.0,0.0,0.008109,0.0,ohlcv_proxy
2017-12-04,6965,294825,0,0,0.0,0.0,0.009155,0.0,ohlcv_proxy
2017-12-05,7023,419325,0,0,0.0,0.0,0.012268,0.0,ohlcv_proxy
2017-12-06,7005,315189,0,0,0.0,0.0,0.013551,0.0,ohlcv_proxy
2017-12-07,6934,570051,0,0,0.0,0.0,0.011065,0.0,ohlcv_proxy
2017-12-08,6880,321582,0,0,-0.0,0.0,0.009737,0.0,ohlcv_proxy
2017-12-11,6921,283458,0,0,0.0,0.0,0.008077,0.0,ohlcv_proxy
2017-12-12,6880,439964,0,0,-0.0,0.0,0.00332,0.0,ohlcv_proxy
2017-12-13,6948,309809,0,0,0.0,0.0,0.001399,0.0,ohlcv_proxy
2017-12-14,6937,334703,0,0,0.0,0.0,0.00065,0.0,ohlcv_proxy
2017-12-15,6934,335810,0,0,0.0,0.0,0.00141,0.0,ohlcv_proxy
2017-12-18,6926,391996,0,0,0.0,0.0,0.000874,0.0,ohlcv_proxy
2017-12-19,6901,319787,0,0,-0.0,0.0,0.001078,0.0,ohlcv_proxy
2017-12-20,6908,333573,0,0,-0.0,0.0,-0.001017,0.0,ohlcv_proxy
2017-12-21,6897,375429,0,0,-0.0,0.0,-0.002388,0.0,ohlcv_proxy
2017-12-22,6920,329837,0,0,0.0,0.0,-0.003099,0.0,ohlcv_proxy
2017-12-26,6955,1090144,0,0,0.0,0.1,-0.00117,0.0,ohlcv_proxy
2017-12-27,7005,382437,0,0,0.0,0.1,0.000322,0.0,ohlcv_proxy
2017-12-28,7052,350207,0,0,0.0,0.1,0.002373,0.0,ohlcv_proxy
2018-01-02,7023,23649,0,0,0.0,0.1,0.004322,0.0,ohlcv_proxy
2018-01-03,7031,220292,0,0,0.0,0.1,0.005999,0.0,ohlcv_proxy
2018-01-04,6937,611375,0,0,-0.0,0.0,0.00672,0.0,ohlcv_proxy
2018-01-05,7005,18603,0,0,0.0,0.0,0.006821,0.0,ohlcv_proxy
2018-01-08,7045,133207,0,0,0.0,0.0,0.004871,0.0,ohlcv_proxy
2018-01-09,7074,4096,0,0,0.0,0.0,0.004662,0.0,ohlcv_proxy
2018-01-10,7129,2907,0,0,0.0,0.0,0.001943,0.0,ohlcv_proxy
2018-01-11,7117,139807,0,0,0.0,-0.1,0.018291,0.0,ohlcv_proxy
2018-01-12,7107,5279,0,0,0.0,-0.1,0.018235,0.0,ohlcv_proxy
2018-01-15,7093,2626,0,0,0.0,-0.1,0.022851,0.0,ohlcv_proxy
2018-01-16,7091,75612,0,0,0.0,-0.1,0.021314,0.0,ohlcv_proxy
2018-01-17,7085,130176,0,0,0.0,-0.1,0.019336,0.0,ohlcv_proxy
2018-01-18,7078,69217,0,0,0.0,0.0,0.016606,0.0,ohlcv_proxy
2018-01-19,7113,66936,0,0,0.0,0.0,0.016274,0.0,ohlcv_proxy
2018-01-22,7121,8387,0,0,0.0,0.0,0.015505,0.0,ohlcv_proxy
2018-01-23,7172,5932,0,0,0.0,0.0,0.014435,0.0,ohlcv_proxy
2018-01-24,7190,72766,0,0,0.0,0.0,0.017992,0.0,ohlcv_proxy
2018-01-25,7265,129039,0,0,0.0,0.0,0.023484,0.0,ohlcv_proxy
2018-01-26,7248,2821,0,0,0.0,0.0,0.026561,0.0,ohlcv_proxy
2018-01-29,7326,15284,0,0,0.0,0.0,0.027904,0.0,ohlcv_proxy
2018-01-30,7331,129854,0,0,0.0,0.0,0.029768,0.0,ohlcv_proxy
2018-01-31,7308,625437,0,0,0.0,-0.1,0.023609,0.0,ohlcv_proxy
2018-02-01,7310,76195,0,0,0.0,-0.1,0.013315,0.0,ohlcv_proxy
2018-02-02,7243,41574,0,0,0.0,-0.1,0.012489,0.0,ohlcv_proxy
2018-02-05,7186,134542,0,0,0.0,-0.2,0.008675,0.0,ohlcv_proxy
2018-02-06,7081,159017,0,0,-0.0,-0.3,0.005209,0.0,ohlcv_proxy
2018-02-07,6951,9669,0,0,-0.0,-0.3,-0.006522,0.0,ohlcv_proxy
2018-02-08,7003,15467,0,0,-0.0,-0.3,-0.012455,0.0,ohlcv_proxy
2018-02-09,6916,11507,0,0,-0.0,-0.3,-0.015209,0.0,ohlcv_proxy
2018-02-12,6937,10064,0,0,-0.0,-0.3,-0.023026,0.0,ohlcv_proxy
2018-02-13,6889,8241,0,0,-0.0,-0.3,-0.038291,0.0,ohlcv_proxy
2018-02-14,6875,3543,0,0,-0.0,-0.2,-0.040527,0.0,ohlcv_proxy
2018-02-19,6975,9331,0,0,-0.0,-0.2,-0.043337,0.0,ohlcv_proxy
2018-02-20,6951,4878,0,0,-0.0,-0.2,-0.043079,0.0,ohlcv_proxy
2018-02-21,6975,8840,0,0,-0.0,-0.1,-0.041652,0.0,ohlcv_proxy
2018-02-22,6958,1683,0,0,-0.0,0.0,-0.039411,0.0,ohlcv_proxy
2018-02-23,6992,7490,0,0,-0.0,0.0,-0.037234,0.0,ohlcv_proxy
2018-02-26,7052,6870,0,0,0.0,0.0,-0.03437,0.0,ohlcv_proxy
2018-02-27,7031,5320,0,0,0.0,0.0,-0.032389,0.0,ohlcv_proxy
2018-02-28,6971,5518,0,0,-0.0,0.0,-0.031685,0.0,ohlcv_proxy
2018-03-02,6926,13684,0,0,-0.0,0.0,-0.033516,0.0,ohlcv_proxy
2018-03-05,6838,10979,0,0,-0.0,0.0,-0.02482,0.0,ohlcv_proxy
2018-03-06,6849,2712,0,0,-0.0,0.0,-0.024073,0.0,ohlcv_proxy
2018-03-07,6770,4303,0,0,-0.0,0.0,-0.026289,0.0,ohlcv_proxy
2018-03-08,6810,6609,0,0,-0.0,0.0,-0.02196,0.0,ohlcv_proxy
2018-03-09,6857,3684,0,0,-0.0,0.0,-0.015871,0.0,ohlcv_proxy
2018-03-12,6926,71390,0,0,-0.0,0.1,-0.003818,0.0,ohlcv_proxy
2018-03-13,6880,4419,0,0,-0.0,0.1,-0.002793,0.0,ohlcv_proxy
2018-03-14,6848,3182,0,0,-0.0,0.1,-0.002037,0.0,ohlcv_proxy
2018-03-15,6853,1301,0,0,-0.0,0.1,-0.000854,0.0,ohlcv_proxy
2018-03-16,6857,2348,0,0,-0.0,0.1,-0.000814,0.0,ohlcv_proxy
2018-03-19,6820,67766,0,0,-0.0,0.0,-0.009981,0.0,ohlcv_proxy
2018-03-20,6831,38058,0,0,-0.0,0.1,-0.008361,0.0,ohlcv_proxy
2018-03-21,6838,3611,0,0,-0.0,0.1,-0.008131,0.0,ohlcv_proxy
2018-03-22,6861,5271,0,0,-0.0,0.1,-0.007436,0.0,ohlcv_proxy
2018-03-23,6673,21513,0,0,-0.0,0.0,-0.008753,0.0,ohlcv_proxy
2018-03-26,6670,5788,0,0,-0.0,-0.1,-0.0116,0.0,ohlcv_proxy
2018-03-27,6745,1464,0,0,-0.0,-0.1,-0.019232,0.0,ohlcv_proxy
2018-03-28,6689,15531,0,0,-0.0,-0.1,-0.020108,0.0,ohlcv_proxy
2018-03-29,6670,6253,0,0,-0.0,-0.1,-0.022225,0.0,ohlcv_proxy
2018-03-30,6705,1908,0,0,-0.0,-0.1,-0.02056,0.0,ohlcv_proxy
2018-04-02,6705,2718,0,0,-0.0,0.0,-0.019567,0.0,ohlcv_proxy
2018-04-03,6695,1410,0,0,-0.0,-0.1,-0.01982,0.0,ohlcv_proxy
2018-04-04,6646,3923,0,0,-0.0,-0.1,-0.021232,0.0,ohlcv_proxy
2018-04-05,6660,2533,0,0,-0.0,-0.1,-0.021071,0.0,ohlcv_proxy
2018-04-06,6649,3080,0,0,-0.0,0.0,-0.022199,0.0,ohlcv_proxy
2018-04-09,6624,75084,0,0,-0.0,-0.1,-0.015727,0.0,ohlcv_proxy
2018-04-10,6646,1955,0,0,-0.0,-0.1,-0.015377,0.0,ohlcv_proxy
2018-04-11,6653,2040,0,0,-0.0,-0.1,-0.015119,0.0,ohlcv_proxy
2018-04-12,6670,786,0,0,-0.0,-0.1,-0.015092,0.0,ohlcv_proxy
2018-04-13,6642,6543,0,0,-0.0,-0.1,-0.014562,0.0,ohlcv_proxy
2018-04-16,6633,33995,0,0,-0.0,-0.2,-0.007107,0.0,ohlcv_proxy
2018-04-17,6630,648,0,0,-0.0,-0.2,-0.002899,0.0,ohlcv_proxy
2018-04-18,6695,3332,0,0,0.0,-0.2,-0.001957,0.0,ohlcv_proxy
2018-04-19,6705,7691,0,0,0.0,-0.2,-4.8e-05,0.0,ohlcv_proxy
2018-04-20,6712,3119,0,0,0.0,-0.2,0.000964,0.0,ohlcv_proxy
2018-04-23,6756,9624,0,0,0.0,-0.1,0.010593,0.0,ohlcv_proxy
2018-04-24,6793,2431,0,0,0.0,-0.1,0.011749,0.0,ohlcv_proxy
2018-04-25,6765,5672,0,0,0.0,-0.1,0.013322,0.0,ohlcv_proxy
2018-04-26,6786,11129,0,0,0.0,-0.1,0.01579,0.0,ohlcv_proxy
2018-04-27,6790,11097,0,0,0.0,-0.1,0.016321,0.0,ohlcv_proxy
2018-04-30,6900,9860,0,0,0.0,0.0,0.019896,0.0,ohlcv_proxy
2018-05-02,6946,11133,0,0,0.0,0.0,0.022401,0.0,ohlcv_proxy
2018-05-03,6900,1787,0,0,0.0,0.0,0.023801,0.0,ohlcv_proxy
2018-05-04,6870,5085,0,0,0.0,0.0,0.026336,0.0,ohlcv_proxy
2018-05-08,6811,6005,0,0,0.0,0.0,0.028262,0.0,ohlcv_proxy
2018-05-09,6815,9050,0,0,0.0,0.0,0.017241,0.0,ohlcv_proxy
2018-05-10,6793,9898,0,0,0.0,0.0,0.009185,0.0,ohlcv_proxy
2018-05-11,6851,2072,0,0,0.0,0.0,0.008419,0.0,ohlcv_proxy
2018-05-14,6956,56073,0,0,0.0,0.1,0.013697,0.0,ohlcv_proxy
2018-05-15,6950,7105,0,0,0.0,0.1,0.013728,0.0,ohlcv_proxy
2018-05-16,6856,17390,0,0,0.0,0.0,0.008003,0.0,ohlcv_proxy
2018-05-17,6863,385,0,0,0.0,0.0,0.010004,0.0,ohlcv_proxy
2018-05-18,6914,2568,0,0,0.0,0.0,0.009679,0.0,ohlcv_proxy
2018-05-21,6932,2469,0,0,0.0,0.0,0.002262,0.0,ohlcv_proxy
2018-05-23,6883,196,0,0,0.0,0.0,-0.000864,0.0,ohlcv_proxy
2018-05-24,6848,5003,0,0,-0.0,0.0,0.000287,0.0,ohlcv_proxy
2018-05-25,6744,9091,0,0,-0.0,0.0,-0.008443,0.0,ohlcv_proxy
2018-05-28,6851,4714,0,0,0.0,0.0,-0.009478,0.0,ohlcv_proxy
2018-05-29,6835,3599,0,0,-0.0,-0.1,-0.011597,0.0,ohlcv_proxy
2018-05-30,6715,4373,0,0,-0.0,-0.1,-0.014079,0.0,ohlcv_proxy
2018-05-31,6744,2026,0,0,-0.0,0.0,-0.016047,0.0,ohlcv_proxy
2018-06-01,6715,3133,0,0,-0.0,0.0,-0.014202,0.0,ohlcv_proxy
2018-06-04,6751,5779,0,0,-0.0,0.0,-0.017351,0.0,ohlcv_proxy
2018-06-05,6765,3193,0,0,-0.0,0.0,-0.019065,0.0,ohlcv_proxy
2018-06-07,6856,1689,0,0,0.0,0.0,-0.016616,0.0,ohlcv_proxy
2018-06-08,6863,976,0,0,0.0,0.0,-0.015843,0.0,ohlcv_proxy
2018-06-11,6956,2591,0,0,0.0,0.0,-0.01027,0.0,ohlcv_proxy
2018-06-12,6946,6797,0,0,0.0,0.0,0.001253,0.0,ohlcv_proxy
2018-06-14,6870,1315,0,0,0.0,0.0,0.012281,0.0,ohlcv_proxy
2018-06-15,6781,4157,0,0,-0.0,0.0,0.009742,0.0,ohlcv_proxy
2018-06-18,6781,20540,0,0,-0.0,0.0,0.002865,0.0,ohlcv_proxy
2018-06-19,6712,2258,0,0,-0.0,0.0,0.000789,0.0,ohlcv_proxy
2018-06-20,6698,3070,0,0,-0.0,0.0,-0.004099,0.0,ohlcv_proxy
2018-06-21,6610,6281,0,0,-0.0,0.0,-0.006293,0.0,ohlcv_proxy
2018-06-22,6596,8322,0,0,-0.0,-0.1,-0.008955,0.0,ohlcv_proxy
2018-06-25,6610,7699,0,0,-0.0,0.0,-0.018826,0.0,ohlcv_proxy
2018-06-26,6618,1227,0,0,-0.0,0.0,-0.01982,0.0,ohlcv_proxy
2018-06-27,6579,3103,0,0,-0.0,0.0,-0.020273,0.0,ohlcv_proxy
2018-06-28,6544,678,0,0,-0.0,0.0,-0.020111,0.0,ohlcv_proxy
2018-06-29,6553,1722,0,0,-0.0,0.0,-0.020336,0.0,ohlcv_proxy
2018-07-02,6440,12542,0,0,-1e-06,-0.1,-0.030726,0.0,ohlcv_proxy
2018-07-03,6381,10264,0,0,-1e-06,-0.2,-0.032801,0.0,ohlcv_proxy
2018-07-04,6381,3721,0,0,-1e-06,-0.2,-0.033974,0.0,ohlcv_proxy
2018-07-05,6361,7627,0,0,-1e-06,-0.2,-0.032743,0.0,ohlcv_proxy
2018-07-06,6420,954,0,0,-0.0,-0.1,-0.032964,0.0,ohlcv_proxy
2018-07-09,6454,913,0,0,-0.0,-0.2,-0.035431,0.0,ohlcv_proxy
2018-07-10,6476,3719,0,0,-0.0,-0.2,-0.030479,0.0,ohlcv_proxy
2018-07-11,6468,5373,0,0,-0.0,-0.2,-0.022614,0.0,ohlcv_proxy
2018-07-12,6487,1346,0,0,-0.0,-0.2,-0.015017,0.0,ohlcv_proxy
2018-07-13,6499,2840,0,0,-0.0,-0.2,-0.012011,0.0,ohlcv_proxy
2018-07-16,6494,1193,0,0,-0.0,-0.1,-0.00316,0.0,ohlcv_proxy
2018-07-17,6472,814,0,0,-0.0,0.0,-0.002126,0.0,ohlcv_proxy
2018-07-18,6431,3986,0,0,-0.0,0.0,-0.002489,0.0,ohlcv_proxy
2018-07-19,6378,2360,0,0,-0.0,0.0,-0.00378,0.0,ohlcv_proxy
2018-07-20,6400,4761,0,0,-0.0,0.0,-0.005396,0.0,ohlcv_proxy
2018-07-23,6393,414,0,0,-0.0,0.0,-0.003928,0.0,ohlcv_proxy
2018-07-24,6526,597,0,0,0.0,0.0,-0.003305,0.0,ohlcv_proxy
2018-07-25,6378,2092,0,0,-0.0,0.0,-0.004247,0.0,ohlcv_proxy
2018-07-26,6431,1230,0,0,-0.0,0.0,-0.002588,0.0,ohlcv_proxy
2018-07-27,6434,2275,0,0,-0.0,0.0,9.8e-05,0.0,ohlcv_proxy
2018-07-30,6466,7095,0,0,-0.0,0.1,0.003743,0.0,ohlcv_proxy
2018-07-31,6468,2562,0,0,-0.0,0.1,0.002322,0.0,ohlcv_proxy
2018-08-01,6499,12410,0,0,0.0,0.2,0.004668,0.0,ohlcv_proxy
2018-08-02,6434,2291,0,0,-0.0,0.2,0.002767,0.0,ohlcv_proxy
2018-08-03,6491,893,0,0,0.0,0.2,0.003263,0.0,ohlcv_proxy
2018-08-06,6484,2720,0,0,0.0,0.2,0.00391,0.0,ohlcv_proxy
2018-08-07,6484,952,0,0,0.0,0.2,0.004356,0.0,ohlcv_proxy
2018-08-08,6472,1466,0,0,-0.0,0.2,0.001462,0.0,ohlcv_proxy
2018-08-09,6440,3061,0,0,-0.0,0.2,0.001585,0.0,ohlcv_proxy
2018-08-10,6472,1410,0,0,0.0,0.2,0.001622,0.0,ohlcv_proxy
2018-08-13,6427,436,0,0,-0.0,0.1,0.000413,0.0,ohlcv_proxy
2018-08-14,6462,1520,0,0,-0.0,0.1,6.1e-05,0.0,ohlcv_proxy
2018-08-16,6444,1974,0,0,-0.0,0.0,-0.001018,0.0,ohlcv_proxy
2018-08-17,6434,497,0,0,-0.0,0.0,-0.000973,0.0,ohlcv_proxy
2018-08-20,6434,710,0,0,-0.0,0.0,-0.003059,0.0,ohlcv_proxy
2018-08-21,6462,7890,0,0,0.0,0.1,-0.001375,0.0,ohlcv_proxy
2018-08-22,6414,1216,0,0,-0.0,0.1,-0.001852,0.0,ohlcv_proxy
2018-08-23,6400,1423,0,0,-0.0,0.1,-0.002875,0.0,ohlcv_proxy
2018-08-24,6431,13680,0,0,-0.0,0.2,-0.003175,0.0,ohlcv_proxy
2018-08-27,6420,17174,0,0,-0.0,0.1,-0.003183,0.0,ohlcv_proxy
2018-08-28,6423,2182,0,0,-0.0,0.1,-0.003992,0.0,ohlcv_proxy
2018-08-29,6431,1873,0,0,-0.0,0.1,-0.003714,0.0,ohlcv_proxy
2018-08-30,6403,5335,0,0,-0.0,0.0,-0.00205,0.0,ohlcv_proxy
2018-08-31,6423,642,0,0,-0.0,0.0,-0.002727,0.0,ohlcv_proxy
2018-09-03,6418,12214,0,0,-0.0,-0.1,-0.00246,0.0,ohlcv_proxy
2018-09-04,6406,2126,0,0,-0.0,-0.2,-0.002324,0.0,ohlcv_proxy
2018-09-05,6393,655,0,0,-0.0,-0.2,-0.002506,0.0,ohlcv_proxy
2018-09-06,6381,23775,0,0,-0.0,-0.3,-0.003398,0.0,ohlcv_proxy
2018-09-07,6381,19010,0,0,-0.0,-0.4,-0.003147,0.0,ohlcv_proxy
2018-09-10,6395,5425,0,0,-0.0,-0.3,-0.003894,0.0,ohlcv_proxy
2018-09-11,6403,137,0,0,-0.0,-0.3,-0.004025,0.0,ohlcv_proxy
2018-09-12,6406,20624,0,0,-0.0,-0.2,-0.002806,0.0,ohlcv_proxy
2018-09-13,6434,7035,0,0,0.0,-0.1,-0.001384,0.0,ohlcv_proxy
2018-09-14,6444,13143,0,0,0.0,0.0,0.001313,0.0,ohlcv_proxy
2018-09-17,6423,5886,0,0,0.0,0.1,0.001773,0.0,ohlcv_proxy
2018-09-18,6420,1053,0,0,0.0,0.1,0.002165,0.0,ohlcv_proxy
2018-09-19,6364,9592,0,0,-0.0,0.1,0.00167,0.0,ohlcv_proxy
2018-09-20,6367,5220,0,0,-0.0,0.2,0.000152,0.0,ohlcv_proxy
2018-09-21,6388,7256,0,0,-0.0,0.2,-0.002768,0.0,ohlcv_proxy
2018-09-27,6447,27373,0,0,0.0,0.3,0.000977,0.0,ohlcv_proxy
2018-09-28,6503,125749,0,0,0.0,0.4,0.004577,0.0,ohlcv_proxy
2018-10-01,6513,353476,0,0,0.0,0.4,0.003102,0.0,ohlcv_proxy
2018-10-02,6468,522944,0,0,0.0,0.3,0.001454,0.0,ohlcv_proxy
2018-10-04,6411,15747,0,0,-0.0,0.2,0.001516,0.0,ohlcv_proxy
2018-10-05,6431,213026,0,0,0.0,0.3,0.00118,0.0,ohlcv_proxy
2018-10-08,6388,6598,0,0,-0.0,0.3,0.000695,0.0,ohlcv_proxy
2018-10-10,6323,220713,0,0,-0.0,0.2,-0.003646,0.0,ohlcv_proxy
2018-10-11,6097,22149,0,0,-1e-06,0.2,-0.012571,0.0,ohlcv_proxy
2018-10-12,6128,16656,0,0,-1e-06,0.2,-0.013695,0.0,ohlcv_proxy
2018-10-15,6150,532036,0,0,-1e-06,0.2,-0.026983,0.0,ohlcv_proxy
2018-10-16,6146,166005,0,0,-0.0,0.1,-0.026123,0.0,ohlcv_proxy
2018-10-17,6191,34067,0,0,-0.0,0.0,-0.031764,0.0,ohlcv_proxy
2018-10-18,6163,81447,0,0,-0.0,0.1,-0.030311,0.0,ohlcv_proxy
2018-10-19,6150,9081,0,0,-0.0,0.1,-0.03004,0.0,ohlcv_proxy
2018-10-22,6168,1302,0,0,-0.0,0.0,-0.029358,0.0,ohlcv_proxy
2018-10-23,6043,29161,0,0,-1e-06,0.0,-0.030429,0.0,ohlcv_proxy
2018-10-24,6075,4971,0,0,-0.0,0.1,-0.032697,0.0,ohlcv_proxy
2018-10-25,6022,164921,0,0,-1e-06,0.1,-0.045111,0.0,ohlcv_proxy
2018-10-26,5968,124889,0,0,-1e-06,0.1,-0.047065,0.0,ohlcv_proxy
2018-10-29,5808,102194,0,0,-1e-06,0.0,-0.051645,0.0,ohlcv_proxy
2018-10-30,5812,87410,0,0,-1e-06,0.0,-0.052797,0.0,ohlcv_proxy
2018-10-31,5894,29379,0,0,-1e-06,0.0,-0.046836,0.0,ohlcv_proxy
2018-11-01,5859,3159,0,0,-1e-06,0.0,-0.043467,0.0,ohlcv_proxy
2018-11-02,5965,8640,0,0,-0.0,0.0,-0.050688,0.0,ohlcv_proxy
2018-11-05,5913,3965,0,0,-0.0,0.0,-0.041887,0.0,ohlcv_proxy
2018-11-06,5935,8956,0,0,-0.0,0.0,-0.030548,0.0,ohlcv_proxy
2018-11-07,5923,6046,0,0,-0.0,0.0,-0.021769,0.0,ohlcv_proxy
2018-11-08,5981,2831,0,0,-0.0,0.0,-0.019657,0.0,ohlcv_proxy
2018-11-09,5990,16927,0,0,-0.0,0.0,-0.016796,0.0,ohlcv_proxy
2018-11-12,5983,79010,0,0,-0.0,-0.1,-0.004515,0.0,ohlcv_proxy
2018-11-13,5965,13754,0,0,-0.0,-0.1,0.000726,0.0,ohlcv_proxy
2018-11-14,5955,3930,0,0,-0.0,-0.1,0.002676,0.0,ohlcv_proxy
2018-11-15,5959,12892,0,0,-0.0,-0.1,0.006133,0.0,ohlcv_proxy
2018-11-16,6019,4537,0,0,0.0,-0.1,0.006488,0.0,ohlcv_proxy
2018-11-19,6047,59945,0,0,0.0,0.0,0.011776,0.0,ohlcv_proxy
2018-11-20,6032,1507,0,0,0.0,0.0,0.01391,0.0,ohlcv_proxy
2018-11-21,6050,60619,0,0,0.0,0.1,0.01469,0.0,ohlcv_proxy
2018-11-22,6055,50246,0,0,0.0,0.1,0.01804,0.0,ohlcv_proxy
2018-11-23,6004,2190,0,0,-0.0,0.1,0.019023,0.0,ohlcv_proxy
2018-11-26,6039,17634,0,0,0.0,0.2,0.013594,0.0,ohlcv_proxy
2018-11-27,6050,17474,0,0,0.0,0.2,0.007324,0.0,ohlcv_proxy
2018-11-28,6066,8441,0,0,0.0,0.2,0.005873,0.0,ohlcv_proxy
2018-11-29,6078,5791,0,0,0.0,0.2,0.005351,0.0,ohlcv_proxy
2018-11-30,6109,134055,0,0,0.0,0.3,0.008444,0.0,ohlcv_proxy
2018-12-03,6136,231440,0,0,0.0,0.3,0.007929,0.0,ohlcv_proxy
2018-12-04,6140,8361,0,0,0.0,0.3,0.008117,0.0,ohlcv_proxy
2018-12-05,6140,30076,0,0,0.0,0.2,0.007878,0.0,ohlcv_proxy
2018-12-06,6075,32408,0,0,0.0,0.2,0.007321,0.0,ohlcv_proxy
2018-12-07,6069,13887,0,0,0.0,0.2,0.007652,0.0,ohlcv_proxy
2018-12-10,6050,9750,0,0,-0.0,0.2,0.001132,0.0,ohlcv_proxy
2018-12-11,6039,46805,0,0,-0.0,0.2,-0.002558,0.0,ohlcv_proxy
2018-12-12,6069,1348,0,0,0.0,0.2,-0.00578,0.0,ohlcv_proxy
2018-12-13,6106,2649,0,0,0.0,0.2,-0.007255,0.0,ohlcv_proxy
2018-12-14,6072,41498,0,0,0.0,0.1,-0.006051,0.0,ohlcv_proxy
2018-12-17,6100,2300,0,0,0.0,0.0,-0.006402,0.0,ohlcv_proxy
2018-12-18,6083,7964,0,0,0.0,0.0,-0.003283,0.0,ohlcv_proxy
2018-12-19,6106,7790,0,0,0.0,0.0,-0.003347,0.0,ohlcv_proxy
2018-12-20,6125,402943,0,0,0.0,0.1,0.001091,0.0,ohlcv_proxy
2018-12-21,6128,6811,0,0,0.0,0.1,0.001807,0.0,ohlcv_proxy
2018-12-24,6136,542421,0,0,0.0,0.2,0.001469,0.0,ohlcv_proxy
2018-12-26,6062,280193,0,0,-0.0,0.1,0.000375,0.0,ohlcv_proxy
2018-12-27,6163,25352,0,0,0.0,0.1,0.000394,0.0,ohlcv_proxy
2018-12-28,6175,62828,0,0,0.0,0.1,8.8e-05,0.0,ohlcv_proxy
2019-01-02,6072,62025,0,0,-0.0,0.1,-0.000231,0.0,ohlcv_proxy
2019-01-03,6007,2692,0,0,-0.0,0.1,-0.004359,0.0,ohlcv_proxy
2019-01-04,6039,29086,0,0,-0.0,0.1,0.000561,0.0,ohlcv_proxy
2019-01-07,6083,2267,0,0,-0.0,0.1,-0.000693,0.0,ohlcv_proxy
2019-01-08,6062,2563,0,0,-0.0,0.0,-0.008205,0.0,ohlcv_proxy
2019-01-09,6089,1439,0,0,0.0,0.0,-0.011158,0.0,ohlcv_proxy
2019-01-10,6075,19054,0,0,-0.0,-0.1,-0.009013,0.0,ohlcv_proxy
2019-01-11,6075,1931,0,0,-0.0,0.0,-0.006205,0.0,ohlcv_proxy
2019-01-14,6075,157298,0,0,-0.0,0.0,-0.005665,0.0,ohlcv_proxy
2019-01-15,6119,3104,0,0,0.0,0.0,-0.005517,0.0,ohlcv_proxy
2019-01-16,6142,13127,0,0,0.0,0.0,-0.005,0.0,ohlcv_proxy
2019-01-17,6168,1647,0,0,0.0,0.0,-0.004787,0.0,ohlcv_proxy
2019-01-18,6257,155199,0,0,0.0,0.1,0.006583,0.0,ohlcv_proxy
2019-01-21,6265,5628,0,0,0.0,0.1,0.019813,0.0,ohlcv_proxy
2019-01-22,6265,12823,0,0,0.0,0.1,0.020189,0.0,ohlcv_proxy
2019-01-23,6299,1355,0,0,0.0,0.1,0.021524,0.0,ohlcv_proxy
2019-01-24,6299,10677,0,0,0.0,0.1,0.0228,0.0,ohlcv_proxy
2019-01-25,6321,15139,0,0,0.0,0.1,0.022454,0.0,ohlcv_proxy
2019-01-28,6339,41886,0,0,0.0,0.1,0.024544,0.0,ohlcv_proxy
2019-01-29,6311,40898,0,0,0.0,0.1,0.023575,0.0,ohlcv_proxy
2019-01-30,6331,309918,0,0,0.0,0.2,0.013898,0.0,ohlcv_proxy
2019-01-31,6371,30133,0,0,0.0,0.2,0.013622,0.0,ohlcv_proxy
2019-02-01,6352,231384,0,0,0.0,0.0,0.010145,0.0,ohlcv_proxy
2019-02-07,6364,1877,0,0,0.0,0.0,0.010071,0.0,ohlcv_proxy
2019-02-08,6348,19513,0,0,0.0,0.0,0.010138,0.0,ohlcv_proxy
2019-02-11,6334,199631,0,0,0.0,-0.1,0.009291,0.0,ohlcv_proxy
2019-02-12,6326,18450,0,0,0.0,-0.1,0.00831,0.0,ohlcv_proxy
2019-02-13,6331,24113,0,0,0.0,-0.1,0.006738,0.0,ohlcv_proxy
2019-02-14,6323,2503,0,0,0.0,-0.1,0.001904,0.0,ohlcv_proxy
2019-02-15,6293,357529,0,0,0.0,-0.2,-0.000994,0.0,ohlcv_proxy
2019-02-18,6323,2555,0,0,0.0,-0.3,-0.003156,0.0,ohlcv_proxy
2019-02-19,6331,382179,0,0,0.0,-0.2,-0.001073,0.0,ohlcv_proxy
2019-02-20,6357,46157,0,0,0.0,-0.1,-0.00179,0.0,ohlcv_proxy
2019-02-21,6371,18647,0,0,0.0,-0.1,-0.001695,0.0,ohlcv_proxy
2019-02-22,6375,1261,0,0,0.0,-0.1,0.001206,0.0,ohlcv_proxy
2019-02-25,6403,2360,0,0,0.0,0.0,0.001253,0.0,ohlcv_proxy
2019-02-26,6346,291419,0,0,0.0,-0.1,0.00293,0.0,ohlcv_proxy
2019-02-27,6411,3267,0,0,0.0,-0.1,0.002819,0.0,ohlcv_proxy
2019-02-28,6364,145625,0,0,0.0,-0.1,0.003131,0.0,ohlcv_proxy
2019-03-04,6346,228212,0,0,0.0,-0.1,0.002496,0.0,ohlcv_proxy
2019-03-05,6346,308227,0,0,0.0,-0.1,0.001939,0.0,ohlcv_proxy
2019-03-06,6364,310938,0,0,0.0,-0.1,0.002361,0.0,ohlcv_proxy
2019-03-07,6318,7236,0,0,-0.0,-0.1,0.002494,0.0,ohlcv_proxy
2019-03-08,6268,11011,0,0,-0.0,-0.1,0.00211,0.0,ohlcv_proxy
2019-03-11,6249,21959,0,0,-0.0,-0.1,0.002002,0.0,ohlcv_proxy
2019-03-12,6293,9618,0,0,-0.0,-0.1,0.002243,0.0,ohlcv_proxy
2019-03-13,6346,6409,0,0,0.0,0.0,-0.008991,0.0,ohlcv_proxy
2019-03-14,6383,4461,0,0,0.0,0.0,-0.008471,0.0,ohlcv_proxy
2019-03-15,6481,5515,0,0,0.0,0.0,-0.004383,0.0,ohlcv_proxy
2019-03-18,6437,57487,0,0,0.0,0.1,0.010097,0.0,ohlcv_proxy
2019-03-19,6440,4417,0,0,0.0,0.1,0.012623,0.0,ohlcv_proxy
2019-03-20,6414,2218,0,0,0.0,0.0,0.012912,0.0,ohlcv_proxy
2019-03-21,6367,6061,0,0,0.0,0.0,0.012537,0.0,ohlcv_proxy
2019-03-22,6361,5460,0,0,-0.0,0.0,0.011199,0.0,ohlcv_proxy
2019-03-25,6307,6926,0,0,-0.0,0.0,0.00191,0.0,ohlcv_proxy
2019-03-26,6326,7554,0,0,-0.0,0.0,-0.001565,0.0,ohlcv_proxy
2019-03-27,6326,2701,0,0,-0.0,0.0,-0.00298,0.0,ohlcv_proxy
2019-03-28,6307,2899,0,0,-0.0,0.0,-0.004597,0.0,ohlcv_proxy
2019-03-29,6307,21295,0,0,-0.0,0.0,-0.006527,0.0,ohlcv_proxy
2019-04-01,6375,282171,0,0,0.0,0.1,0.001235,0.0,ohlcv_proxy
2019-04-02,6378,9579,0,0,0.0,0.1,0.000519,0.0,ohlcv_proxy
2019-04-03,6383,8579,0,0,0.0,0.1,0.000362,0.0,ohlcv_proxy
2019-04-04,6411,18273,0,0,0.0,0.1,0.000426,0.0,ohlcv_proxy
2019-04-05,6437,7879,0,0,0.0,0.1,0.000816,0.0,ohlcv_proxy
2019-04-08,6440,31191,0,0,0.0,0.1,0.005501,0.0,ohlcv_proxy
2019-04-09,6420,1242,0,0,0.0,0.1,0.006115,0.0,ohlcv_proxy
2019-04-10,6451,3248,0,0,0.0,0.1,0.007079,0.0,ohlcv_proxy
2019-04-11,6454,9498,0,0,0.0,0.1,0.008598,0.0,ohlcv_proxy
2019-04-12,6472,1463,0,0,0.0,0.1,0.00901,0.0,ohlcv_proxy
2019-04-15,6526,13769,0,0,0.0,0.0,0.016086,0.0,ohlcv_proxy
2019-04-16,6499,2126,0,0,0.0,0.0,0.016652,0.0,ohlcv_proxy
2019-04-17,6520,8807,0,0,0.0,0.0,0.017953,0.0,ohlcv_proxy
2019-04-18,6476,1062608,0,0,0.0,-0.1,0.004225,0.0,ohlcv_proxy
2019-04-19,6494,326152,0,0,0.0,0.0,0.003564,0.0,ohlcv_proxy
2019-04-22,6494,2224,0,0,0.0,0.0,0.003402,0.0,ohlcv_proxy
2019-04-23,6523,146100,0,0,0.0,0.0,0.003195,0.0,ohlcv_proxy
2019-04-24,6531,1552837,0,0,0.0,0.1,0.002175,0.0,ohlcv_proxy
2019-04-25,6487,353294,0,0,0.0,0.0,0.003956,0.0,ohlcv_proxy
2019-04-26,6454,326062,0,0,-0.0,-0.1,0.00344,0.0,ohlcv_proxy
2019-04-29,6508,19979,0,0,0.0,-0.1,0.002127,0.0,ohlcv_proxy
2019-04-30,6488,168754,0,0,0.0,-0.1,0.001795,0.0,ohlcv_proxy
2019-05-02,6482,136702,0,0,0.0,-0.1,-0.003512,0.0,ohlcv_proxy
2019-05-03,6473,4120,0,0,0.0,0.0,-0.004466,0.0,ohlcv_proxy
2019-05-07,6439,8281,0,0,-0.0,-0.1,-0.002156,0.0,ohlcv_proxy
2019-05-08,6447,6149,0,0,-0.0,-0.1,-0.002539,0.0,ohlcv_proxy
2019-05-09,6331,134614,0,0,-0.0,-0.1,-0.013041,0.0,ohlcv_proxy
2019-05-10,6341,131120,0,0,-0.0,-0.2,-0.022592,0.0,ohlcv_proxy
2019-05-13,6278,141851,0,0,-0.0,-0.1,-0.025189,0.0,ohlcv_proxy
2019-05-14,6278,128834,0,0,-0.0,0.0,-0.026161,0.0,ohlcv_proxy
2019-05-15,6297,41299,0,0,-0.0,0.0,-0.026253,0.0,ohlcv_proxy
2019-05-16,6267,128601,0,0,-0.0,0.0,-0.02768,0.0,ohlcv_proxy
2019-05-17,6267,31686,0,0,-0.0,0.0,-0.02985,0.0,ohlcv_proxy
2019-05-20,6221,111445,0,0,-0.0,0.0,-0.030748,0.0,ohlcv_proxy
2019-05-21,6217,18766,0,0,-0.0,0.0,-0.031481,0.0,ohlcv_proxy
2019-05-22,6217,3128,0,0,-0.0,0.0,-0.032476,0.0,ohlcv_proxy
2019-05-23,6175,4714,0,0,-0.0,0.0,-0.034782,0.0,ohlcv_proxy
2019-05-24,6166,12125,0,0,-0.0,0.0,-0.026911,0.0,ohlcv_proxy
2019-05-27,6161,2151,0,0,-0.0,0.0,-0.026594,0.0,ohlcv_proxy
2019-05-28,6177,4252,0,0,-0.0,0.0,-0.025836,0.0,ohlcv_proxy
2019-05-29,6109,20397,0,0,-0.0,0.0,-0.030183,0.0,ohlcv_proxy
2019-05-30,6129,1044,0,0,-0.0,0.0,-0.027065,0.0,ohlcv_proxy
2019-05-31,6123,9264,0,0,-0.0,0.0,-0.024937,0.0,ohlcv_proxy
2019-06-03,6152,325651,0,0,-0.0,0.1,-0.015646,0.0,ohlcv_proxy
2019-06-04,6171,525479,0,0,-0.0,0.2,-0.009891,0.0,ohlcv_proxy
2019-06-05,6191,9197,0,0,-0.0,0.2,-0.009493,0.0,ohlcv_proxy
2019-06-07,6180,746,0,0,-0.0,0.2,-0.008073,0.0,ohlcv_proxy
2019-06-10,6252,4859,0,0,0.0,0.2,-0.006194,0.0,ohlcv_proxy
2019-06-11,6293,4227,0,0,0.0,0.2,-0.003637,0.0,ohlcv_proxy
2019-06-12,6297,3207,0,0,0.0,0.2,0.008282,0.0,ohlcv_proxy
2019-06-13,6297,4461,0,0,0.0,0.2,0.015273,0.0,ohlcv_proxy
2019-06-14,6244,3017,0,0,0.0,0.2,0.016588,0.0,ohlcv_proxy
2019-06-17,6260,4144,0,0,0.0,0.2,0.017418,0.0,ohlcv_proxy
2019-06-18,6255,2203,0,0,0.0,0.1,0.017265,0.0,ohlcv_proxy
2019-06-19,6286,3776,0,0,0.0,0.0,0.017093,0.0,ohlcv_proxy
2019-06-20,6286,5258,0,0,0.0,0.0,0.01668,0.0,ohlcv_proxy
2019-06-21,6267,67131,0,0,0.0,0.0,0.015407,0.0,ohlcv_proxy
2019-06-24,6278,13231,0,0,0.0,0.0,0.015454,0.0,ohlcv_proxy
2019-06-25,6264,2585,0,0,0.0,0.0,0.015442,0.0,ohlcv_proxy
2019-06-26,6255,46498,0,0,-0.0,0.0,0.013936,0.0,ohlcv_proxy
2019-06-27,6273,49686,0,0,0.0,0.0,0.013287,0.0,ohlcv_proxy
2019-06-28,6278,37098,0,0,0.0,0.0,0.01319,0.0,ohlcv_proxy
2019-07-01,6267,38789,0,0,0.0,0.0,0.012486,0.0,ohlcv_proxy
2019-07-02,6273,4897,0,0,0.0,0.0,0.009975,0.0,ohlcv_proxy
2019-07-03,6213,3053,0,0,-0.0,0.0,0.000837,0.0,ohlcv_proxy
2019-07-04,6247,6404,0,0,-0.0,0.0,0.000114,0.0,ohlcv_proxy
2019-07-05,6252,37125,0,0,-0.0,0.1,-0.001347,0.0,ohlcv_proxy
2019-07-08,6143,12249,0,0,-0.0,0.1,-0.005099,0.0,ohlcv_proxy
2019-07-09,6089,32026,0,0,-0.0,0.0,-0.011041,0.0,ohlcv_proxy
2019-07-10,6100,6123,0,0,-0.0,0.0,-0.011596,0.0,ohlcv_proxy
2019-07-11,6137,3073,0,0,-0.0,0.0,-0.012399,0.0,ohlcv_proxy
2019-07-12,6141,9605,0,0,-0.0,0.0,-0.020754,0.0,ohlcv_proxy
2019-07-15,6096,42883,0,0,-0.0,-0.1,-0.02019,0.0,ohlcv_proxy
2019-07-16,6092,23913,0,0,-0.0,-0.1,-0.018738,0.0,ohlcv_proxy
2019-07-17,6077,14355,0,0,-0.0,-0.1,-0.018538,0.0,ohlcv_proxy
2019-07-18,6052,36361,0,0,-0.0,-0.1,-0.018784,0.0,ohlcv_proxy
2019-07-19,6109,5697,0,0,-0.0,-0.2,-0.017455,0.0,ohlcv_proxy
2019-07-22,6089,2936,0,0,-0.0,-0.2,-0.018124,0.0,ohlcv_proxy
2019-07-23,6114,14422,0,0,-0.0,-0.1,-0.017366,0.0,ohlcv_proxy
2019-07-24,6092,12146,0,0,-0.0,-0.1,-0.015149,0.0,ohlcv_proxy
2019-07-25,6030,18659,0,0,-0.0,-0.1,-0.011623,0.0,ohlcv_proxy
2019-07-26,6014,4456,0,0,-0.0,-0.1,-0.010425,0.0,ohlcv_proxy
2019-07-29,5925,10909,0,0,-1e-06,0.0,-0.010822,0.0,ohlcv_proxy
2019-07-30,5933,25078,0,0,-0.0,0.1,-0.016891,0.0,ohlcv_proxy
2019-07-31,5943,12150,0,0,-0.0,0.1,-0.019999,0.0,ohlcv_proxy
2019-08-01,5885,199804,0,0,-0.0,0.0,-0.018411,0.0,ohlcv_proxy
2019-08-02,5851,72966,0,0,-1e-06,-0.1,-0.014404,0.0,ohlcv_proxy
2019-08-05,5739,14278,0,0,-1e-06,-0.1,-0.014113,0.0,ohlcv_proxy
2019-08-06,5659,12981,0,0,-1e-06,-0.1,-0.013945,0.0,ohlcv_proxy
2019-08-07,5648,11017,0,0,-1e-06,-0.1,-0.014472,0.0,ohlcv_proxy
2019-08-08,5699,10597,0,0,-1e-06,-0.1,-0.024765,0.0,ohlcv_proxy
2019-08-09,5710,25894,0,0,-1e-06,-0.1,-0.037706,0.0,ohlcv_proxy
2019-08-12,5678,15789,0,0,-1e-06,-0.1,-0.036288,0.0,ohlcv_proxy
2019-08-13,5636,14628,0,0,-1e-06,-0.2,-0.03452,0.0,ohlcv_proxy
2019-08-14,5651,6677,0,0,-1e-06,-0.2,-0.032807,0.0,ohlcv_proxy
2019-08-16,5590,93585,0,0,-1e-06,-0.2,-0.033009,0.0,ohlcv_proxy
2019-08-19,5651,74394,0,0,-0.0,0.0,-0.029669,0.0,ohlcv_proxy
2019-08-20,5699,9622,0,0,-0.0,0.0,-0.029326,0.0,ohlcv_proxy
2019-08-21,5731,5666,0,0,-0.0,0.0,-0.027656,0.0,ohlcv_proxy
2019-08-22,5717,20777,0,0,-0.0,0.0,-0.024878,0.0,ohlcv_proxy
2019-08-23,5692,6203,0,0,-0.0,0.0,-0.01683,0.0,ohlcv_proxy
2019-08-26,5614,17874,0,0,-0.0,0.0,-0.014187,0.0,ohlcv_proxy
2019-08-27,5617,3355,0,0,-0.0,0.0,-0.014823,0.0,ohlcv_proxy
2019-08-28,5678,18561,0,0,-0.0,0.0,-0.01396,0.0,ohlcv_proxy
2019-08-29,5699,6542,0,0,-0.0,0.0,-0.015793,0.0,ohlcv_proxy
2019-08-30,5763,8907,0,0,0.0,0.1,-0.002959,0.0,ohlcv_proxy
2019-09-02,5777,4987,0,0,0.0,0.0,0.008757,0.0,ohlcv_proxy
2019-09-03,5772,3638,0,0,0.0,0.0,0.011356,0.0,ohlcv_proxy
2019-09-04,5801,10634,0,0,0.0,0.0,0.018929,0.0,ohlcv_proxy
2019-09-05,5821,12996,0,0,0.0,0.0,0.022808,0.0,ohlcv_proxy
2019-09-06,5796,4934,0,0,0.0,0.0,0.024019,0.0,ohlcv_proxy
2019-09-09,5796,8946,0,0,0.0,0.0,0.02433,0.0,ohlcv_proxy
2019-09-10,5855,8464,0,0,0.0,0.0,0.025707,0.0,ohlcv_proxy
2019-09-11,5911,13449,0,0,0.0,0.0,0.028918,0.0,ohlcv_proxy
2019-09-16,5943,8403,0,0,0.0,0.0,0.032156,0.0,ohlcv_proxy
2019-09-17,5949,9949,0,0,0.0,0.0,0.028067,0.0,ohlcv_proxy
2019-09-18,5946,2832,0,0,0.0,0.0,0.025798,0.0,ohlcv_proxy
2019-09-19,5933,64146,0,0,0.0,-0.1,0.020264,0.0,ohlcv_proxy
2019-09-20,5955,43424,0,0,0.0,0.0,0.017829,0.0,ohlcv_proxy
2019-09-23,5946,4026,0,0,0.0,0.0,0.015882,0.0,ohlcv_proxy
2019-09-24,5916,1477079,0,0,0.0,-0.1,0.001879,0.0,ohlcv_proxy
2019-09-25,5872,1518616,0,0,0.0,-0.2,0.000571,0.0,ohlcv_proxy
2019-09-26,5883,3530,0,0,0.0,-0.2,0.000388,0.0,ohlcv_proxy
2019-09-27,5832,7496,0,0,-0.0,-0.2,2.8e-05,0.0,ohlcv_proxy
2019-09-30,5872,63309,0,0,0.0,-0.2,-5.5e-05,0.0,ohlcv_proxy
2019-10-01,5901,14206,0,0,0.0,-0.2,-0.003682,0.0,ohlcv_proxy
2019-10-02,5829,17045,0,0,-0.0,-0.2,-0.004607,0.0,ohlcv_proxy
2019-10-04,5775,5676,0,0,-0.0,-0.1,-0.005504,0.0,ohlcv_proxy
2019-10-07,5775,14644,0,0,-0.0,-0.2,-0.007006,0.0,ohlcv_proxy
2019-10-08,5794,13295,0,0,-0.0,-0.2,-0.01231,0.0,ohlcv_proxy
2019-10-10,5744,5354,0,0,-0.0,-0.1,-0.016994,0.0,ohlcv_proxy
2019-10-11,5781,34236,0,0,-0.0,0.0,-0.01922,0.0,ohlcv_proxy
2019-10-14,5844,12794,0,0,0.0,0.0,-0.017399,0.0,ohlcv_proxy
2019-10-15,5829,24523,0,0,0.0,0.0,-0.015089,0.0,ohlcv_proxy
2019-10-16,5885,28622,0,0,0.0,0.0,-0.011084,0.0,ohlcv_proxy
2019-10-17,5875,5946,0,0,0.0,0.0,-0.009882,0.0,ohlcv_proxy
2019-10-18,5872,15885,0,0,0.0,0.0,-0.005218,0.0,ohlcv_proxy
2019-10-21,5875,7630,0,0,0.0,0.0,-0.004415,0.0,ohlcv_proxy
2019-10-22,5925,45687,0,0,0.0,0.0,0.001603,0.0,ohlcv_proxy
2019-10-23,5883,8111,0,0,0.0,0.0,0.002183,0.0,ohlcv_proxy
2019-10-24,5896,5130,0,0,0.0,0.0,0.00602,0.0,ohlcv_proxy
2019-10-25,5896,27417,0,0,0.0,0.0,0.008436,0.0,ohlcv_proxy
2019-10-28,5896,20402,0,0,0.0,0.0,0.008147,0.0,ohlcv_proxy
2019-10-29,5885,34872,0,0,0.0,-0.1,0.004866,0.0,ohlcv_proxy
2019-10-30,5855,13983,0,0,-0.0,-0.1,0.004475,0.0,ohlcv_proxy
2019-10-31,5851,27783,0,0,-0.0,-0.2,0.003442,0.0,ohlcv_proxy
2019-11-01,5864,1795,0,0,-0.0,-0.2,0.002313,0.0,ohlcv_proxy
2019-11-04,6001,3108447,0,0,0.0,-0.1,0.001806,0.0,ohlcv_proxy
2019-11-05,6004,7082,0,0,0.0,-0.1,0.00186,0.0,ohlcv_proxy
2019-11-06,5997,31248,0,0,0.0,-0.1,0.001824,0.0,ohlcv_proxy
2019-11-07,6022,32271,0,0,0.0,-0.1,0.001965,0.0,ohlcv_proxy
2019-11-08,6036,32327,0,0,0.0,-0.1,0.001622,0.0,ohlcv_proxy
2019-11-11,6052,29394,0,0,0.0,-0.1,0.0054,0.0,ohlcv_proxy
2019-11-12,6048,5877,0,0,0.0,0.0,0.005553,0.0,ohlcv_proxy
2019-11-13,6019,5050,0,0,0.0,0.0,0.006838,0.0,ohlcv_proxy
2019-11-14,6006,26309,0,0,0.0,0.1,0.006221,0.0,ohlcv_proxy
2019-11-15,6052,4453,0,0,0.0,0.1,0.006061,0.0,ohlcv_proxy
2019-11-18,6022,7403,0,0,0.0,0.0,0.003781,0.0,ohlcv_proxy
2019-11-19,6026,3819,0,0,0.0,0.0,0.003107,0.0,ohlcv_proxy
2019-11-20,5997,33460,0,0,0.0,0.0,0.001631,0.0,ohlcv_proxy
2019-11-21,5922,5052,0,0,-0.0,0.0,0.000403,0.0,ohlcv_proxy
2019-11-22,5946,41594,0,0,-0.0,0.0,-0.00415,0.0,ohlcv_proxy
2019-11-25,5970,1559,0,0,-0.0,0.0,-0.004965,0.0,ohlcv_proxy
2019-11-26,5967,8248,0,0,-0.0,0.0,-0.005575,0.0,ohlcv_proxy
2019-11-27,5959,7779,0,0,-0.0,0.0,-0.008492,0.0,ohlcv_proxy
2019-11-28,5951,21704,0,0,-0.0,0.0,-0.008269,0.0,ohlcv_proxy
2019-11-29,5896,5085,0,0,-0.0,0.0,-0.008498,0.0,ohlcv_proxy
2019-12-02,5904,5647,0,0,-0.0,0.0,-0.008773,0.0,ohlcv_proxy
2019-12-03,5885,2170,0,0,-0.0,0.0,-0.009871,0.0,ohlcv_proxy
2019-12-04,5859,5836,0,0,-0.0,0.0,-0.011972,0.0,ohlcv_proxy
2019-12-05,5879,23513,0,0,-0.0,0.1,-0.01629,0.0,ohlcv_proxy
2019-12-06,5885,5765,0,0,-0.0,0.1,-0.014933,0.0,ohlcv_proxy
2019-12-09,5875,13555,0,0,-0.0,0.1,-0.013004,0.0,ohlcv_proxy
2019-12-10,5904,32736,0,0,-0.0,0.2,-0.009793,0.0,ohlcv_proxy
2019-12-11,5935,14993,0,0,0.0,0.2,-0.007833,0.0,ohlcv_proxy
2019-12-12,5967,9133,0,0,0.0,0.2,-0.004541,0.0,ohlcv_proxy
2019-12-13,5974,21540,0,0,0.0,0.3,-0.001949,0.0,ohlcv_proxy
2019-12-16,5988,10161,0,0,0.0,0.3,0.000644,0.0,ohlcv_proxy
2019-12-17,5978,9660,0,0,0.0,0.3,0.004733,0.0,ohlcv_proxy
2019-12-18,6014,11023,0,0,0.0,0.3,0.008203,0.0,ohlcv_proxy
2019-12-19,6019,255677,0,0,0.0,0.3,0.006059,0.0,ohlcv_proxy
2019-12-20,6030,5084,0,0,0.0,0.3,0.006035,0.0,ohlcv_proxy
2019-12-23,6048,55088,0,0,0.0,0.4,0.005841,0.0,ohlcv_proxy
2019-12-24,6048,23695,0,0,0.0,0.3,0.005835,0.0,ohlcv_proxy
2019-12-26,6073,192267,0,0,0.0,0.4,0.005013,0.0,ohlcv_proxy
2019-12-27,6132,233912,0,0,0.0,0.5,0.008567,0.0,ohlcv_proxy
2019-12-30,6129,6314,0,0,0.0,0.4,0.008513,0.0,ohlcv_proxy
2020-01-02,6056,41819,0,0,0.0,0.4,0.008627,0.0,ohlcv_proxy
2020-01-03,6056,52090,0,0,0.0,0.4,0.008168,0.0,ohlcv_proxy
2020-01-06,6011,13709,0,0,-0.0,0.4,0.009692,0.0,ohlcv_proxy
2020-01-07,6086,10515,0,0,0.0,0.3,0.000817,0.0,ohlcv_proxy
2020-01-08,5974,20425,0,0,-0.0,0.3,-0.00165,0.0,ohlcv_proxy
2020-01-09,5911,38050,0,0,-0.0,0.2,-0.008021,0.0,ohlcv_proxy
2020-01-10,5908,5913,0,0,-0.0,0.2,-0.015061,0.0,ohlcv_proxy
2020-01-13,5935,15901,0,0,-0.0,0.1,-0.017046,0.0,ohlcv_proxy
2020-01-14,5997,8055,0,0,0.0,0.0,-0.019067,0.0,ohlcv_proxy
2020-01-15,6022,7292,0,0,0.0,0.0,-0.019585,0.0,ohlcv_proxy
2020-01-16,5997,23830,0,0,0.0,0.0,-0.01297,0.0,ohlcv_proxy
2020-01-17,6004,4583,0,0,0.0,0.0,-0.011585,0.0,ohlcv_proxy
2020-01-20,5997,7082,0,0,-0.0,0.0,-0.008759,0.0,ohlcv_proxy
2020-01-21,5982,2122,0,0,-0.0,0.0,-0.010669,0.0,ohlcv_proxy
2020-01-22,6014,1725,0,0,0.0,0.0,-0.011235,0.0,ohlcv_proxy
2020-01-23,5997,3320,0,0,-0.0,0.0,-0.011273,0.0,ohlcv_proxy
2020-01-28,5835,19781,0,0,-0.0,0.0,-0.026128,0.0,ohlcv_proxy
2020-01-29,5851,9096,0,0,-0.0,0.0,-0.030061,0.0,ohlcv_proxy
2020-01-30,5806,17393,0,0,-0.0,0.0,-0.022583,0.0,ohlcv_proxy
2020-01-31,5746,17281,0,0,-1e-06,0.0,-0.025034,0.0,ohlcv_proxy
2020-02-03,5707,19322,0,0,-1e-06,0.0,-0.025628,0.0,ohlcv_proxy
2020-02-04,5726,61938,0,0,-1e-06,0.1,-0.021406,0.0,ohlcv_proxy
2020-02-05,5735,11154,0,0,-0.0,0.1,-0.020972,0.0,ohlcv_proxy
2020-02-06,5859,21697,0,0,-0.0,0.1,-0.017821,0.0,ohlcv_proxy
2020-02-07,5839,3468,0,0,-0.0,0.1,-0.015883,0.0,ohlcv_proxy
2020-02-10,5817,5979,0,0,-0.0,0.1,-0.012119,0.0,ohlcv_proxy
2020-02-11,5851,7895,0,0,-0.0,0.1,-0.001611,0.0,ohlcv_proxy
2020-02-12,5879,3033,0,0,0.0,0.1,0.004102,0.0,ohlcv_proxy
2020-02-13,5855,6711,0,0,-0.0,0.1,0.004002,0.0,ohlcv_proxy
2020-02-14,5832,4140,0,0,-0.0,0.1,0.004763,0.0,ohlcv_proxy
2020-02-17,5796,6754,0,0,-0.0,0.1,0.007048,0.0,ohlcv_proxy
2020-02-18,5757,12890,0,0,-0.0,0.0,0.00217,0.0,ohlcv_proxy
2020-02-19,5746,11510,0,0,-0.0,0.0,-0.000151,0.0,ohlcv_proxy
2020-02-20,5692,12419,0,0,-0.0,0.0,-0.004958,0.0,ohlcv_proxy
2020-02-21,5633,78051,0,0,-1e-06,-0.1,-0.012371,0.0,ohlcv_proxy
2020-02-24,5425,38535,0,0,-1e-06,-0.2,-0.018055,0.1,ohlcv_proxy
2020-02-25,5472,11555,0,0,-1e-06,-0.2,-0.019588,0.1,ohlcv_proxy
2020-02-26,5449,17941,0,0,-1e-06,-0.2,-0.021617,0.1,ohlcv_proxy
2020-02-27,5430,24135,0,0,-1e-06,-0.2,-0.02274,0.1,ohlcv_proxy
2020-02-28,5286,35013,0,0,-1e-06,-0.3,-0.03974,0.1,ohlcv_proxy
2020-03-02,5278,103745,0,0,-1e-06,-0.4,-0.038817,0.1,ohlcv_proxy
2020-03-03,5278,26108,0,0,-1e-06,-0.4,-0.034171,0.1,ohlcv_proxy
2020-03-04,5337,22918,0,0,-1e-06,-0.4,-0.03333,0.1,ohlcv_proxy
2020-03-05,5396,14123,0,0,-0.0,-0.4,-0.031211,0.1,ohlcv_proxy
2020-03-06,5301,45238,0,0,-1e-06,-0.4,-0.027527,0.1,ohlcv_proxy
2020-03-09,5145,112687,0,0,-1e-06,-0.4,-0.029264,0.1,ohlcv_proxy
2020-03-10,5111,69404,0,0,-1e-06,-0.5,-0.029657,0.1,ohlcv_proxy
2020-03-11,5034,61781,0,0,-1e-06,-0.6,-0.032379,0.1,ohlcv_proxy
2020-03-12,4826,72823,0,0,-2e-06,-0.7,-0.037234,0.1,ohlcv_proxy
2020-03-13,4577,92311,0,0,-3e-06,-0.7,-0.049534,0.2,ohlcv_proxy
2020-03-16,4487,48855,0,0,-3e-06,-0.6,-0.067243,0.2,ohlcv_proxy
2020-03-17,4379,138351,0,0,-3e-06,-0.7,-0.085204,0.3,ohlcv_proxy
2020-03-18,4174,33116,0,0,-4e-06,-0.7,-0.09987,0.3,ohlcv_proxy
2020-03-19,3757,40707,0,0,-6e-06,-0.7,-0.120666,0.3,ohlcv_proxy
2020-03-20,3966,233930,0,0,-4e-06,-0.5,-0.125836,0.3,ohlcv_proxy
2020-03-23,3723,89350,0,0,-5e-06,-0.4,-0.130539,0.2,ohlcv_proxy
2020-03-24,3940,127885,0,0,-4e-06,-0.2,-0.142201,0.2,ohlcv_proxy
2020-03-25,4224,73568,0,0,-2e-06,-0.1,-0.13141,0.2,ohlcv_proxy
2020-03-26,4256,80278,0,0,-1e-06,0.0,-0.113799,0.2,ohlcv_proxy
2020-03-27,4346,49401,0,0,-1e-06,0.1,-0.096526,0.1,ohlcv_proxy
2020-03-30,4365,44262,0,0,-1e-06,0.1,-0.058391,0.1,ohlcv_proxy
2020-03-31,4434,26908,0,0,-0.0,0.2,-0.025305,0.0,ohlcv_proxy
2020-04-01,4343,19618,0,0,-1e-06,0.2,-0.015346,0.0,ohlcv_proxy
2020-04-02,4460,16203,0,0,0.0,0.2,-0.001858,0.0,ohlcv_proxy
2020-04-03,4471,48188,0,0,0.0,0.1,0.01287,0.0,ohlcv_proxy
2020-04-06,4622,56858,0,0,1e-06,0.1,0.044311,0.0,ohlcv_proxy
2020-04-07,4735,46360,0,0,1e-06,0.0,0.066353,0.0,ohlcv_proxy
2020-04-08,4726,49128,0,0,1e-06,0.0,0.083962,0.0,ohlcv_proxy
2020-04-09,4799,47376,0,0,1e-06,0.0,0.097244,0.0,ohlcv_proxy
2020-04-10,4837,31354,0,0,1e-06,0.0,0.11461,0.0,ohlcv_proxy
2020-04-13,4780,45342,0,0,1e-06,0.0,0.121127,0.0,ohlcv_proxy
2020-04-14,4872,25248,0,0,1e-06,0.0,0.126462,0.0,ohlcv_proxy
2020-04-16,4872,25432,0,0,1e-06,0.0,0.129415,0.0,ohlcv_proxy
2020-04-17,4948,61823,0,0,1e-06,0.0,0.126578,0.0,ohlcv_proxy
2020-04-20,4920,31579,0,0,1e-06,0.0,0.103587,0.0,ohlcv_proxy
2020-04-21,4853,61997,0,0,1e-06,0.0,0.084102,0.0,ohlcv_proxy
2020-04-22,4880,3094121,0,0,1e-06,0.1,0.01245,0.0,ohlcv_proxy
2020-04-23,4941,31273,0,0,1e-06,0.1,0.010017,0.0,ohlcv_proxy
2020-04-24,4894,55656,0,0,1e-06,0.1,0.007123,0.0,ohlcv_proxy
2020-04-27,4992,79254,0,0,1e-06,0.1,0.005663,0.0,ohlcv_proxy
2020-04-28,5027,182072,0,0,1e-06,0.1,0.004629,0.0,ohlcv_proxy
2020-04-29,5104,60794,0,0,1e-06,0.1,0.027077,0.0,ohlcv_proxy
2020-05-04,5022,53369,0,0,1e-06,0.1,0.027501,0.0,ohlcv_proxy
2020-05-06,5080,39670,0,0,1e-06,0.1,0.031332,0.0,ohlcv_proxy
2020-05-07,5113,14879,0,0,1e-06,0.1,0.032835,0.0,ohlcv_proxy
2020-05-08,5118,48243,0,0,1e-06,0.1,0.038415,0.0,ohlcv_proxy
2020-05-11,5104,16672,0,0,1e-06,0.0,0.036759,0.0,ohlcv_proxy
2020-05-12,5042,12570,0,0,0.0,0.0,0.04013,0.0,ohlcv_proxy
2020-05-13,5054,8963,0,0,0.0,0.0,0.040383,0.0,ohlcv_proxy
2020-05-14,4995,10325,0,0,0.0,0.0,0.037529,0.0,ohlcv_proxy
2020-05-15,5051,25269,0,0,0.0,0.0,0.030363,0.0,ohlcv_proxy
2020-05-18,5030,28791,0,0,0.0,0.0,0.026511,0.0,ohlcv_proxy
2020-05-19,5156,107155,0,0,1e-06,0.0,0.039466,0.0,ohlcv_proxy
2020-05-20,5156,22458,0,0,1e-06,0.0,0.040945,0.0,ohlcv_proxy
2020-05-21,5161,7544,0,0,1e-06,0.0,0.042544,0.0,ohlcv_proxy
2020-05-22,5104,8983,0,0,0.0,0.0,0.044169,0.0,ohlcv_proxy
2020-05-25,5113,6563,0,0,0.0,0.0,0.019695,0.0,ohlcv_proxy
2020-05-26,5208,30759,0,0,1e-06,0.0,0.020883,0.0,ohlcv_proxy
2020-05-27,5238,15181,0,0,1e-06,0.0,0.021576,0.0,ohlcv_proxy
2020-05-28,5199,92850,0,0,0.0,-0.1,0.018691,0.0,ohlcv_proxy
2020-05-29,5185,9360,0,0,0.0,-0.1,0.015082,0.0,ohlcv_proxy
2020-06-01,5260,34439,0,0,1e-06,-0.1,0.015939,0.0,ohlcv_proxy
2020-06-02,5374,13611,0,0,1e-06,-0.1,0.01545,0.0,ohlcv_proxy
2020-06-03,5505,15243,0,0,1e-06,-0.1,0.01718,0.0,ohlcv_proxy
2020-06-04,5489,16923,0,0,1e-06,-0.1,0.034372,0.0,ohlcv_proxy
2020-06-05,5528,11573,0,0,1e-06,-0.1,0.039144,0.0,ohlcv_proxy
2020-06-08,5551,16732,0,0,1e-06,-0.1,0.054892,0.0,ohlcv_proxy
2020-06-09,5511,17365,0,0,1e-06,-0.1,0.05669,0.0,ohlcv_proxy
2020-06-10,5530,17788,0,0,1e-06,-0.1,0.054902,0.0,ohlcv_proxy
2020-06-11,5466,27254,0,0,1e-06,0.0,0.049526,0.0,ohlcv_proxy
2020-06-12,5329,30166,0,0,0.0,0.0,0.036869,0.0,ohlcv_proxy
2020-06-15,5113,12040,0,0,-1e-06,0.0,0.024641,0.0,ohlcv_proxy
2020-06-16,5280,20977,0,0,-0.0,0.0,0.011095,0.0,ohlcv_proxy
2020-06-17,5280,8474,0,0,-0.0,0.0,0.002666,0.0,ohlcv_proxy
2020-06-18,5312,6668,0,0,0.0,0.0,-0.007251,0.0,ohlcv_proxy
2020-06-19,5280,7423,0,0,-0.0,0.0,-0.013307,0.0,ohlcv_proxy
2020-06-22,5228,5765,0,0,-0.0,0.0,-0.007932,0.0,ohlcv_proxy
2020-06-23,5189,8401,0,0,-0.0,0.0,-0.013082,0.0,ohlcv_proxy
2020-06-24,5220,2851,0,0,-0.0,0.0,-0.015412,0.0,ohlcv_proxy
2020-06-25,5118,7301,0,0,-1e-06,0.0,-0.030157,0.0,ohlcv_proxy
2020-06-26,5129,3651,0,0,-0.0,0.0,-0.036267,0.0,ohlcv_proxy
2020-06-29,5051,20479,0,0,-1e-06,-0.1,-0.046794,0.0,ohlcv_proxy
2020-06-30,5076,3856,0,0,-1e-06,-0.1,-0.049852,0.0,ohlcv_proxy
2020-07-01,5073,79527,0,0,-0.0,-0.2,-0.038625,0.0,ohlcv_proxy
2020-07-02,5138,9727,0,0,-0.0,-0.2,-0.035301,0.0,ohlcv_proxy
2020-07-03,5153,6334,0,0,-0.0,-0.2,-0.032622,0.0,ohlcv_proxy
2020-07-06,5189,16478,0,0,0.0,-0.2,-0.025113,0.0,ohlcv_proxy
2020-07-07,5165,9128,0,0,-0.0,-0.2,-0.020662,0.0,ohlcv_proxy
2020-07-08,5185,5297,0,0,-0.0,-0.2,-0.004718,0.0,ohlcv_proxy
2020-07-09,5176,3689,0,0,-0.0,-0.2,0.002206,0.0,ohlcv_proxy
2020-07-10,5086,11151,0,0,-0.0,-0.2,0.003109,0.0,ohlcv_proxy
2020-07-13,5165,20656,0,0,-0.0,0.0,0.001064,0.0,ohlcv_proxy
2020-07-14,5185,5542,0,0,0.0,0.0,0.00341,0.0,ohlcv_proxy
2020-07-15,5245,28941,0,0,0.0,0.2,0.008969,0.0,ohlcv_proxy
2020-07-16,5280,22201,0,0,0.0,0.3,0.012199,0.0,ohlcv_proxy
2020-07-17,5300,8316,0,0,0.0,0.3,0.01684,0.0,ohlcv_proxy
2020-07-20,5304,20088,0,0,0.0,0.3,0.021514,0.0,ohlcv_proxy
2020-07-21,5314,21885,0,0,0.0,0.3,0.022239,0.0,ohlcv_proxy
2020-07-22,5361,17598,0,0,0.0,0.3,0.025571,0.0,ohlcv_proxy
2020-07-23,5332,4198,0,0,0.0,0.3,0.026988,0.0,ohlcv_proxy
2020-07-24,5326,7142,0,0,0.0,0.3,0.026813,0.0,ohlcv_proxy
2020-07-27,5380,17487,0,0,0.0,0.2,0.026901,0.0,ohlcv_proxy
2020-07-28,5402,16453,0,0,0.0,0.2,0.029619,0.0,ohlcv_proxy
2020-07-29,5407,15651,0,0,0.0,0.1,0.021424,0.0,ohlcv_proxy
2020-07-30,5390,42945,0,0,0.0,-0.1,0.018263,0.0,ohlcv_proxy
2020-07-31,5378,11431,0,0,0.0,-0.1,0.017687,0.0,ohlcv_proxy
2020-08-03,5361,4654,0,0,0.0,-0.1,0.016449,0.0,ohlcv_proxy
2020-08-04,5425,74947,0,0,0.0,0.0,0.013895,0.0,ohlcv_proxy
2020-08-05,5476,13671,0,0,1e-06,0.0,0.013684,0.0,ohlcv_proxy
2020-08-06,5538,18765,0,0,1e-06,0.0,0.016634,0.0,ohlcv_proxy
2020-08-07,5538,14120,0,0,1e-06,0.0,0.016981,0.0,ohlcv_proxy
2020-08-10,5672,32504,0,0,1e-06,0.1,0.019241,0.0,ohlcv_proxy
2020-08-11,5743,67842,0,0,1e-06,0.2,0.037009,0.0,ohlcv_proxy
2020-08-12,5746,14502,0,0,1e-06,0.2,0.037297,0.0,ohlcv_proxy
2020-08-13,5772,20025,0,0,1e-06,0.3,0.038428,0.0,ohlcv_proxy
2020-08-14,5737,10648,0,0,1e-06,0.3,0.040059,0.0,ohlcv_proxy
2020-08-18,5541,17552,0,0,0.0,0.3,0.036106,0.0,ohlcv_proxy
2020-08-19,5579,17353,0,0,0.0,0.2,0.02472,0.0,ohlcv_proxy
2020-08-20,5380,22146,0,0,-0.0,0.2,0.009365,0.0,ohlcv_proxy
2020-08-21,5481,12774,0,0,-0.0,0.2,-0.002113,0.0,ohlcv_proxy
2020-08-24,5473,11596,0,0,-0.0,0.2,-0.008761,0.0,ohlcv_proxy
2020-08-25,5567,4201,0,0,0.0,0.1,-0.011556,0.0,ohlcv_proxy
2020-08-26,5538,8868,0,0,0.0,0.0,-0.016197,0.0,ohlcv_proxy
2020-08-27,5501,4734,0,0,-0.0,0.0,-0.008883,0.0,ohlcv_proxy
2020-08-28,5541,4759,0,0,0.0,0.0,-0.00967,0.0,ohlcv_proxy
2020-08-31,5551,18328,0,0,0.0,0.0,-0.005468,0.0,ohlcv_proxy
2020-09-01,5593,62209,0,0,0.0,0.1,-0.000872,0.0,ohlcv_proxy
2020-09-02,5626,2716,0,0,0.0,0.1,-0.005449,0.0,ohlcv_proxy
2020-09-03,5665,11004,0,0,0.0,0.1,-0.004219,0.0,ohlcv_proxy
2020-09-04,5660,17033,0,0,0.0,0.1,-0.003018,0.0,ohlcv_proxy
2020-09-07,5737,15285,0,0,1e-06,0.1,0.000527,0.0,ohlcv_proxy
2020-09-08,5718,11573,0,0,0.0,0.1,0.011266,0.0,ohlcv_proxy
2020-09-09,5689,11796,0,0,0.0,0.1,0.015937,0.0,ohlcv_proxy
2020-09-10,5748,6601,0,0,0.0,0.1,0.018558,0.0,ohlcv_proxy
2020-09-11,5737,6807,0,0,0.0,0.1,0.023563,0.0,ohlcv_proxy
2020-09-14,5803,29336,0,0,1e-06,0.2,0.026441,0.0,ohlcv_proxy
2020-09-15,5843,16540,0,0,1e-06,0.1,0.028022,0.0,ohlcv_proxy
2020-09-16,5823,5756,0,0,0.0,0.1,0.030421,0.0,ohlcv_proxy
2020-09-17,5772,11934,0,0,0.0,0.1,0.025594,0.0,ohlcv_proxy
2020-09-18,5798,10883,0,0,0.0,0.1,0.024018,0.0,ohlcv_proxy
2020-09-21,5768,13998,0,0,0.0,0.1,0.020378,0.0,ohlcv_proxy
2020-09-22,5654,33744,0,0,-0.0,0.0,0.007674,0.0,ohlcv_proxy
2020-09-23,5677,7936,0,0,-0.0,0.0,0.004825,0.0,ohlcv_proxy
2020-09-24,5551,11163,0,0,-0.0,0.0,-0.000493,0.0,ohlcv_proxy
2020-09-25,5582,8943,0,0,-0.0,0.0,-0.005367,0.0,ohlcv_proxy
2020-09-28,5654,9008,0,0,-0.0,-0.1,-0.010576,0.0,ohlcv_proxy
2020-09-29,5692,8146,0,0,0.0,-0.1,-0.015873,0.0,ohlcv_proxy
2020-10-05,5778,25959,0,0,0.0,0.0,-0.007212,0.0,ohlcv_proxy
2020-10-06,5791,51733,0,0,0.0,0.1,0.002458,0.0,ohlcv_proxy
2020-10-07,5807,9399,0,0,0.0,0.1,0.004746,0.0,ohlcv_proxy
2020-10-08,5843,13375,0,0,0.0,0.1,0.007167,0.0,ohlcv_proxy
2020-10-12,5884,177723,0,0,0.0,0.3,0.009099,0.0,ohlcv_proxy
2020-10-13,5884,8778,0,0,0.0,0.3,0.009795,0.0,ohlcv_proxy
2020-10-14,5819,10349,0,0,0.0,0.3,0.01209,0.0,ohlcv_proxy
2020-10-15,5819,247217,0,0,0.0,0.3,0.006147,0.0,ohlcv_proxy
2020-10-16,5778,12156,0,0,0.0,0.3,0.005894,0.0,ohlcv_proxy
2020-10-19,5839,133016,0,0,0.0,0.4,0.001953,0.0,ohlcv_proxy
2020-10-20,5843,88355,0,0,0.0,0.4,0.001832,0.0,ohlcv_proxy
2020-10-21,5884,9855,0,0,0.0,0.3,0.001826,0.0,ohlcv_proxy
2020-10-22,5906,30619,0,0,0.0,0.3,0.004311,0.0,ohlcv_proxy
2020-10-23,5932,15652,0,0,0.0,0.3,0.005186,0.0,ohlcv_proxy
2020-10-26,5910,24188,0,0,0.0,0.2,0.007155,0.0,ohlcv_proxy
2020-10-27,5888,14074,0,0,0.0,0.2,0.012199,0.0,ohlcv_proxy
2020-10-28,5935,38523,0,0,0.0,0.2,0.012742,0.0,ohlcv_proxy
2020-10-29,5872,17891,0,0,0.0,0.2,0.011496,0.0,ohlcv_proxy
2020-10-30,5743,7860,0,0,-0.0,0.2,0.008601,0.0,ohlcv_proxy
2020-11-02,5823,17034,0,0,-0.0,0.1,0.005621,0.0,ohlcv_proxy
2020-11-03,5868,63936,0,0,0.0,0.0,0.004021,0.0,ohlcv_proxy
2020-11-04,5847,6842,0,0,0.0,0.0,-0.000335,0.0,ohlcv_proxy
2020-11-05,5902,8744,0,0,0.0,0.0,-0.000362,0.0,ohlcv_proxy
2020-11-06,5906,7436,0,0,0.0,0.0,0.001608,0.0,ohlcv_proxy
2020-11-09,6006,30630,0,0,0.0,0.0,0.009024,0.0,ohlcv_proxy
2020-11-10,6062,89665,0,0,1e-06,0.1,0.02487,0.0,ohlcv_proxy
2020-11-11,6154,23039,0,0,1e-06,0.1,0.028013,0.0,ohlcv_proxy
2020-11-12,6169,87076,0,0,1e-06,0.2,0.026621,0.0,ohlcv_proxy
2020-11-13,6133,15950,0,0,1e-06,0.2,0.026783,0.0,ohlcv_proxy
2020-11-16,6194,13935,0,0,1e-06,0.2,0.024911,0.0,ohlcv_proxy
2020-11-17,6145,22061,0,0,0.0,0.2,0.026306,0.0,ohlcv_proxy
2020-11-18,6177,19748,0,0,0.0,0.2,0.025396,0.0,ohlcv_proxy
2020-11-19,6183,30183,0,0,0.0,0.2,0.023157,0.0,ohlcv_proxy
2020-11-20,6235,10248,0,0,1e-06,0.2,0.024176,0.0,ohlcv_proxy
2020-11-23,6266,47589,0,0,1e-06,0.3,0.024979,0.0,ohlcv_proxy
2020-11-24,6293,14012,0,0,1e-06,0.2,0.026817,0.0,ohlcv_proxy
2020-11-25,6258,17750,0,0,0.0,0.2,0.026336,0.0,ohlcv_proxy
2020-11-26,6238,13855,0,0,0.0,0.1,0.027311,0.0,ohlcv_proxy
2020-11-27,6286,10887,0,0,0.0,0.1,0.026677,0.0,ohlcv_proxy
2020-11-30,6258,24616,0,0,0.0,0.1,0.023732,0.0,ohlcv_proxy
2020-12-01,6300,37639,0,0,0.0,0.1,0.018046,0.0,ohlcv_proxy
2020-12-02,6331,138671,0,0,0.0,0.2,0.017628,0.0,ohlcv_proxy
2020-12-03,6347,443487,0,0,0.0,0.3,0.011885,0.0,ohlcv_proxy
2020-12-04,6398,537708,0,0,1e-06,0.4,0.008934,0.0,ohlcv_proxy
2020-12-07,6382,32963,0,0,0.0,0.3,0.008214,0.0,ohlcv_proxy
2020-12-08,6363,649051,0,0,0.0,0.2,0.004295,0.0,ohlcv_proxy
2020-12-09,6398,17964,0,0,0.0,0.2,0.004434,0.0,ohlcv_proxy
2020-12-10,6450,658398,0,0,0.0,0.3,0.004717,0.0,ohlcv_proxy
2020-12-11,6510,21246,0,0,1e-06,0.3,0.004944,0.0,ohlcv_proxy
2020-12-14,6483,16525,0,0,0.0,0.3,0.004939,0.0,ohlcv_proxy
2020-12-15,6457,6688,0,0,0.0,0.3,0.011208,0.0,ohlcv_proxy
2020-12-16,6493,65058,0,0,0.0,0.2,0.011313,0.0,ohlcv_proxy
2020-12-17,6478,34302,0,0,0.0,0.1,0.015959,0.0,ohlcv_proxy
2020-12-18,6554,31080,0,0,0.0,0.0,0.017181,0.0,ohlcv_proxy
2020-12-21,6563,13334,0,0,0.0,0.0,0.017876,0.0,ohlcv_proxy
2020-12-22,6473,18215,0,0,0.0,0.1,0.01744,0.0,ohlcv_proxy
2020-12-23,6493,23304,0,0,0.0,0.1,0.017825,0.0,ohlcv_proxy
2020-12-24,6537,48563,0,0,0.0,0.0,0.020128,0.0,ohlcv_proxy
2020-12-28,6571,43913,0,0,0.0,0.0,0.020794,0.0,ohlcv_proxy
2020-12-29,6624,42106,0,0,0.0,0.0,0.023081,0.0,ohlcv_proxy
2020-12-30,6612,48182,0,0,0.0,0.0,0.025549,0.0,ohlcv_proxy
2021-01-04,6568,24184,0,0,0.0,0.0,0.026005,0.0,ohlcv_proxy
2021-01-05,6668,92072,0,0,0.0,0.0,0.028704,0.0,ohlcv_proxy
2021-01-06,6633,9468,0,0,0.0,0.0,0.028435,0.0,ohlcv_proxy
2021-01-07,6721,17463,0,0,0.0,0.0,0.029418,0.0,ohlcv_proxy
2021-01-08,6750,12312,0,0,0.0,0.0,0.024231,0.0,ohlcv_proxy
2021-01-11,6686,24988,0,0,0.0,0.0,0.026244,0.0,ohlcv_proxy
2021-01-12,6661,18185,0,0,0.0,0.0,0.016972,0.0,ohlcv_proxy
2021-01-13,6704,14212,0,0,0.0,0.0,0.017417,0.0,ohlcv_proxy
2021-01-14,6704,12189,0,0,0.0,0.0,0.016018,0.0,ohlcv_proxy
2021-01-15,6646,5369,0,0,0.0,0.0,0.013821,0.0,ohlcv_proxy
2021-01-18,6568,23238,0,0,-0.0,0.0,0.006512,0.0,ohlcv_proxy
2021-01-19,6673,23130,0,0,0.0,0.0,0.005546,0.0,ohlcv_proxy
2021-01-20,6668,23847,0,0,0.0,0.0,0.004068,0.0,ohlcv_proxy
2021-01-21,6754,13161,0,0,0.0,0.0,0.004572,0.0,ohlcv_proxy
2021-01-22,6775,28022,0,0,0.0,0.0,0.007271,0.0,ohlcv_proxy
2021-01-25,6823,72777,0,0,0.0,0.1,0.014883,0.0,ohlcv_proxy
2021-01-26,6799,15827,0,0,0.0,0.1,0.015232,0.0,ohlcv_proxy
2021-01-27,6759,28730,0,0,0.0,0.1,0.015224,0.0,ohlcv_proxy
2021-01-28,6690,354225,0,0,0.0,0.0,0.003957,0.0,ohlcv_proxy
2021-01-29,6534,18824,0,0,-0.0,0.0,0.002251,0.0,ohlcv_proxy
2021-02-01,6631,5651,0,0,-0.0,0.0,-0.001278,0.0,ohlcv_proxy
2021-02-02,6649,11107,0,0,-0.0,0.0,-0.002531,0.0,ohlcv_proxy
2021-02-03,6709,5032,0,0,0.0,0.0,-0.003423,0.0,ohlcv_proxy
2021-02-04,6750,10992,0,0,0.0,0.0,-0.010679,0.0,ohlcv_proxy
2021-02-05,6759,5775,0,0,0.0,0.0,-0.000631,0.0,ohlcv_proxy
2021-02-08,6780,4166,0,0,0.0,-0.1,0.002112,0.0,ohlcv_proxy
2021-02-09,6788,7497,0,0,0.0,-0.1,0.007571,0.0,ohlcv_proxy
2021-02-10,6827,19781,0,0,0.0,-0.1,0.012042,0.0,ohlcv_proxy
2021-02-15,6877,3610,0,0,0.0,0.0,0.014674,0.0,ohlcv_proxy
2021-02-16,6906,7986,0,0,0.0,0.0,0.017926,0.0,ohlcv_proxy
2021-02-17,6932,3499,0,0,0.0,0.0,0.018972,0.0,ohlcv_proxy
2021-02-18,6893,6365,0,0,0.0,0.0,0.021112,0.0,ohlcv_proxy
2021-02-19,6861,7813,0,0,0.0,0.0,0.024239,0.0,ohlcv_proxy
2021-02-22,6861,5297,0,0,0.0,0.0,0.023634,0.0,ohlcv_proxy
2021-02-23,6834,52548,0,0,0.0,-0.1,0.016844,0.0,ohlcv_proxy
2021-02-24,6717,58343,0,0,-0.0,-0.2,0.009558,0.0,ohlcv_proxy
2021-02-25,6795,2376,0,0,0.0,-0.2,0.009037,0.0,ohlcv_proxy
2021-02-26,6721,6501,0,0,-0.0,-0.2,0.008103,0.0,ohlcv_proxy
2021-03-02,6712,3596,0,0,-0.0,-0.2,0.000987,0.0,ohlcv_proxy
2021-03-03,6816,7959,0,0,0.0,-0.2,-0.007709,0.0,ohlcv_proxy
2021-03-04,6852,8047,0,0,0.0,-0.2,0.000282,0.0,ohlcv_proxy
2021-03-05,6808,2604,0,0,0.0,-0.2,-0.000558,0.0,ohlcv_proxy
2021-03-08,6795,4441,0,0,0.0,-0.2,0.001773,0.0,ohlcv_proxy
2021-03-09,6795,9950,0,0,0.0,-0.2,0.002399,0.0,ohlcv_proxy
2021-03-10,6775,4771,0,0,-0.0,-0.1,0.001343,0.0,ohlcv_proxy
2021-03-11,6816,13251,0,0,0.0,0.0,0.000105,0.0,ohlcv_proxy
2021-03-12,6865,8891,0,0,0.0,0.0,0.001648,0.0,ohlcv_proxy
2021-03-15,6927,12410,0,0,0.0,0.0,0.005387,0.0,ohlcv_proxy
2021-03-16,6964,8837,0,0,0.0,0.0,0.009399,0.0,ohlcv_proxy
2021-03-17,6964,4325,0,0,0.0,0.0,0.012112,0.0,ohlcv_proxy
2021-03-18,7008,2781,0,0,0.0,0.0,0.017388,0.0,ohlcv_proxy
2021-03-19,7038,7981,0,0,0.0,0.0,0.02238,0.0,ohlcv_proxy
2021-03-22,7062,9978,0,0,0.0,0.0,0.027324,0.0,ohlcv_proxy
2021-03-23,7033,7785,0,0,0.0,0.0,0.02905,0.0,ohlcv_proxy
2021-03-24,7025,20734,0,0,0.0,-0.1,0.026623,0.0,ohlcv_proxy
2021-03-25,7042,1735,0,0,0.0,-0.1,0.01867,0.0,ohlcv_proxy
2021-03-26,7137,9466,0,0,0.0,-0.1,0.0191,0.0,ohlcv_proxy
2021-03-29,7184,11976,0,0,0.0,-0.1,0.019174,0.0,ohlcv_proxy
2021-03-30,7233,39362,0,0,1e-06,0.0,0.021077,0.0,ohlcv_proxy
2021-03-31,7348,23477,0,0,1e-06,0.1,0.026534,0.0,ohlcv_proxy
2021-04-01,7379,22033,0,0,1e-06,0.2,0.025377,0.0,ohlcv_proxy
2021-04-02,7344,27763,0,0,1e-06,0.1,0.024632,0.0,ohlcv_proxy
2021-04-05,7371,10346,0,0,1e-06,0.1,0.02482,0.0,ohlcv_proxy
2021-04-06,7415,10897,0,0,1e-06,0.1,0.027758,0.0,ohlcv_proxy
2021-04-07,7445,21780,0,0,1e-06,0.3,0.026844,0.0,ohlcv_proxy
2021-04-08,7477,13205,0,0,1e-06,0.3,0.024591,0.0,ohlcv_proxy
2021-04-09,7493,30260,0,0,1e-06,0.4,0.026171,0.0,ohlcv_proxy
2021-04-12,7530,21330,0,0,1e-06,0.4,0.025128,0.0,ohlcv_proxy
2021-04-13,7539,13380,0,0,1e-06,0.3,0.024388,0.0,ohlcv_proxy
2021-04-14,7567,31268,0,0,1e-06,0.3,0.024678,0.0,ohlcv_proxy
2021-04-15,7588,18854,0,0,0.0,0.2,0.024648,0.0,ohlcv_proxy
2021-04-16,7613,19183,0,0,0.0,0.3,0.02551,0.0,ohlcv_proxy
2021-04-19,7642,16208,0,0,0.0,0.3,0.025486,0.0,ohlcv_proxy
2021-04-20,7780,20255,0,0,1e-06,0.3,0.027467,0.0,ohlcv_proxy
2021-04-21,7761,31222,0,0,1e-06,0.1,0.028591,0.0,ohlcv_proxy
2021-04-22,7807,13467,0,0,1e-06,0.1,0.03147,0.0,ohlcv_proxy
2021-04-23,7882,45375,0,0,1e-06,0.1,0.034664,0.0,ohlcv_proxy
2021-04-26,7962,48452,0,0,1e-06,0.2,0.036293,0.0,ohlcv_proxy
2021-04-27,8023,58087,0,0,1e-06,0.3,0.032891,0.0,ohlcv_proxy
2021-04-28,7967,50255,0,0,1e-06,0.1,0.031535,0.0,ohlcv_proxy
2021-04-29,7933,57519,0,0,0.0,0.0,0.027146,0.0,ohlcv_proxy
2021-04-30,7958,127518,0,0,0.0,0.1,0.020862,0.0,ohlcv_proxy
2021-05-03,7858,23801,0,0,0.0,0.1,0.01879,0.0,ohlcv_proxy
2021-05-04,7895,209358,0,0,0.0,0.2,0.010891,0.0,ohlcv_proxy
2021-05-06,8076,54718,0,0,1e-06,0.3,0.009474,0.0,ohlcv_proxy
2021-05-07,8165,67323,0,0,1e-06,0.3,0.010158,0.0,ohlcv_proxy
2021-05-10,8274,48906,0,0,1e-06,0.2,0.011205,0.0,ohlcv_proxy
2021-05-11,8295,112401,0,0,1e-06,0.2,0.014322,0.0,ohlcv_proxy
2021-05-12,8169,111478,0,0,0.0,0.0,0.026691,0.0,ohlcv_proxy
2021-05-13,8182,32231,0,0,0.0,0.1,0.026671,0.0,ohlcv_proxy
2021-05-14,8218,9094,0,0,0.0,0.2,0.027075,0.0,ohlcv_proxy
2021-05-17,8134,14374,0,0,0.0,0.1,0.024503,0.0,ohlcv_proxy
2021-05-18,8206,11558,0,0,0.0,0.1,0.017662,0.0,ohlcv_proxy
2021-05-20,8112,147818,0,0,0.0,-0.1,0.011014,0.0,ohlcv_proxy
2021-05-21,8029,14326,0,0,0.0,-0.1,0.008225,0.0,ohlcv_proxy
2021-05-24,8026,71484,0,0,0.0,-0.1,0.004506,0.0,ohlcv_proxy
2021-05-25,8057,18705,0,0,0.0,-0.1,0.003163,0.0,ohlcv_proxy
2021-05-26,8080,7121,0,0,0.0,-0.2,0.001993,0.0,ohlcv_proxy
2021-05-27,8026,51934,0,0,0.0,-0.1,-0.003841,0.0,ohlcv_proxy
2021-05-28,8096,27203,0,0,0.0,-0.1,-0.00317,0.0,ohlcv_proxy
2021-05-31,8115,21191,0,0,0.0,-0.1,-0.00143,0.0,ohlcv_proxy
2021-06-01,8156,36363,0,0,0.0,-0.1,-0.00046,0.0,ohlcv_proxy
2021-06-02,8191,5389,0,0,0.0,-0.1,-0.00063,0.0,ohlcv_proxy
2021-06-03,8195,107887,0,0,0.0,0.1,0.001695,0.0,ohlcv_proxy
2021-06-04,8195,54339,0,0,0.0,0.1,0.002775,0.0,ohlcv_proxy
2021-06-07,8235,17373,0,0,0.0,0.1,0.00395,0.0,ohlcv_proxy
2021-06-08,8281,57824,0,0,0.0,0.1,0.007023,0.0,ohlcv_proxy
2021-06-09,8221,8453,0,0,0.0,0.1,0.009288,0.0,ohlcv_proxy
2021-06-10,8177,113652,0,0,0.0,0.0,0.008078,0.0,ohlcv_proxy
2021-06-11,8151,9597,0,0,0.0,0.0,0.008409,0.0,ohlcv_proxy
2021-06-14,8067,27703,0,0,-0.0,0.0,0.006333,0.0,ohlcv_proxy
2021-06-15,8061,20358,0,0,-0.0,0.0,0.001199,0.0,ohlcv_proxy
2021-06-16,8119,38756,0,0,-0.0,0.0,0.000405,0.0,ohlcv_proxy
2021-06-17,8088,18562,0,0,-0.0,-0.1,-0.005634,0.0,ohlcv_proxy
2021-06-18,8049,18044,0,0,-0.0,-0.1,-0.006977,0.0,ohlcv_proxy
2021-06-21,7974,19632,0,0,-0.0,-0.1,-0.009657,0.0,ohlcv_proxy
2021-06-22,8021,7363,0,0,-0.0,-0.1,-0.010036,0.0,ohlcv_proxy
2021-06-23,8021,9958,0,0,-0.0,-0.1,-0.014062,0.0,ohlcv_proxy
2021-06-24,8026,16919,0,0,-0.0,0.0,-0.01681,0.0,ohlcv_proxy
2021-06-25,8067,15165,0,0,-0.0,0.0,-0.016541,0.0,ohlcv_proxy
2021-06-28,8191,29622,0,0,0.0,0.0,-0.007632,0.0,ohlcv_proxy
2021-06-29,8134,13566,0,0,0.0,0.0,-0.006028,0.0,ohlcv_proxy
2021-06-30,8131,22570,0,0,0.0,0.0,-0.004133,0.0,ohlcv_proxy
2021-07-01,8099,49647,0,0,0.0,-0.1,-0.002141,0.0,ohlcv_proxy
2021-07-02,8112,11813,0,0,0.0,-0.1,-0.000693,0.0,ohlcv_proxy
2021-07-05,8091,9982,0,0,-0.0,-0.1,-0.002668,0.0,ohlcv_proxy
2021-07-06,8099,6011,0,0,0.0,-0.1,-0.000832,0.0,ohlcv_proxy
2021-07-07,8049,9455,0,0,-0.0,-0.1,-0.00198,0.0,ohlcv_proxy
2021-07-08,7955,19460,0,0,-0.0,-0.1,-0.004901,0.0,ohlcv_proxy
2021-07-09,7850,25124,0,0,-0.0,-0.1,-0.012863,0.0,ohlcv_proxy
2021-07-12,7903,7309,0,0,-0.0,-0.1,-0.015621,0.0,ohlcv_proxy
2021-07-13,7982,6562,0,0,-0.0,-0.1,-0.016688,0.0,ohlcv_proxy
2021-07-14,7988,5587,0,0,-0.0,-0.1,-0.01726,0.0,ohlcv_proxy
2021-07-15,8005,9630,0,0,-0.0,0.0,-0.016656,0.0,ohlcv_proxy
2021-07-16,8037,35242,0,0,0.0,0.1,-0.005039,0.0,ohlcv_proxy
2021-07-19,8017,4828,0,0,-0.0,0.1,-0.003923,0.0,ohlcv_proxy
2021-07-20,7962,10490,0,0,-0.0,0.1,-0.004325,0.0,ohlcv_proxy
2021-07-21,7923,8245,0,0,-0.0,0.1,-0.005131,0.0,ohlcv_proxy
2021-07-22,7962,18067,0,0,-0.0,0.1,-0.00594,0.0,ohlcv_proxy
2021-07-23,7978,8421,0,0,-0.0,0.1,-0.00957,0.0,ohlcv_proxy
2021-07-26,7971,6782,0,0,-0.0,0.1,-0.007961,0.0,ohlcv_proxy
2021-07-27,7978,5167,0,0,-0.0,0.1,-0.007009,0.0,ohlcv_proxy
2021-07-28,7958,15207,0,0,-0.0,0.1,-0.004811,0.0,ohlcv_proxy
2021-07-29,7986,9912,0,0,-0.0,0.1,-0.001461,0.0,ohlcv_proxy
2021-07-30,7938,10105,0,0,-0.0,0.0,-0.00144,0.0,ohlcv_proxy
2021-08-02,7933,91464,0,0,-0.0,-0.1,-0.002151,0.0,ohlcv_proxy
2021-08-03,7915,7954,0,0,-0.0,-0.1,-0.002051,0.0,ohlcv_proxy
2021-08-04,7958,61869,0,0,-0.0,0.0,-0.001191,0.0,ohlcv_proxy
2021-08-05,7971,6813,0,0,-0.0,0.0,-0.001386,0.0,ohlcv_proxy
2021-08-06,7993,13836,0,0,0.0,0.0,-0.002022,0.0,ohlcv_proxy
2021-08-09,7958,11648,0,0,-0.0,0.0,-0.000457,0.0,ohlcv_proxy
2021-08-10,7942,11482,0,0,-0.0,0.0,-0.000146,0.0,ohlcv_proxy
2021-08-11,7950,10051,0,0,-0.0,0.0,0.000206,0.0,ohlcv_proxy
2021-08-12,7967,4618,0,0,-0.0,0.0,0.000262,0.0,ohlcv_proxy
2021-08-13,7906,16858,0,0,-0.0,0.0,-0.001546,0.0,ohlcv_proxy
2021-08-17,7817,16539,0,0,-0.0,0.1,-0.00535,0.0,ohlcv_proxy
2021-08-18,7845,20524,0,0,-0.0,0.1,-0.007537,0.0,ohlcv_proxy
2021-08-19,7644,30837,0,0,-0.0,-0.1,-0.015773,0.0,ohlcv_proxy
2021-08-20,7512,62943,0,0,-1e-06,-0.2,-0.023738,0.0,ohlcv_proxy
2021-08-23,7620,10490,0,0,-0.0,-0.2,-0.026806,0.0,ohlcv_proxy
2021-08-24,7747,8518,0,0,-0.0,-0.2,-0.0283,0.0,ohlcv_proxy
2021-08-25,7817,6852,0,0,-0.0,-0.2,-0.031573,0.0,ohlcv_proxy
2021-08-26,7834,8663,0,0,-0.0,-0.2,-0.030447,0.0,ohlcv_proxy
2021-08-27,7900,14990,0,0,0.0,-0.2,-0.005132,0.0,ohlcv_proxy
2021-08-30,7903,17019,0,0,0.0,-0.2,0.003252,0.0,ohlcv_proxy
2021-08-31,7915,17744,0,0,0.0,-0.2,0.009876,0.0,ohlcv_proxy
2021-09-01,7962,21944,0,0,0.0,-0.2,0.012389,0.0,ohlcv_proxy
2021-09-02,7974,6014,0,0,0.0,-0.1,0.017304,0.0,ohlcv_proxy
2021-09-03,7993,8562,0,0,0.0,0.0,0.018849,0.0,ohlcv_proxy
2021-09-06,8013,13447,0,0,0.0,0.0,0.02183,0.0,ohlcv_proxy
2021-09-07,8042,9240,0,0,0.0,0.0,0.025132,0.0,ohlcv_proxy
2021-09-08,8046,10780,0,0,0.0,0.0,0.028013,0.0,ohlcv_proxy
2021-09-09,8029,13876,0,0,0.0,0.0,0.02829,0.0,ohlcv_proxy
2021-09-10,8129,29344,0,0,0.0,0.1,0.030487,0.0,ohlcv_proxy
2021-09-13,8165,38330,0,0,0.0,0.2,0.031922,0.0,ohlcv_proxy
2021-09-14,8215,42872,0,0,0.0,0.3,0.031372,0.0,ohlcv_proxy
2021-09-15,8210,42568,0,0,0.0,0.2,0.029681,0.0,ohlcv_proxy
2021-09-16,8226,11050,0,0,0.0,0.2,0.02766,0.0,ohlcv_proxy
2021-09-17,8206,10341,0,0,0.0,0.2,0.01771,0.0,ohlcv_proxy
2021-09-23,8119,41169,0,0,0.0,0.1,0.013641,0.0,ohlcv_proxy
2021-09-24,8147,10683,0,0,0.0,0.1,0.010716,0.0,ohlcv_proxy
2021-09-27,8138,8357,0,0,0.0,0.1,0.007134,0.0,ohlcv_proxy
2021-09-28,8169,7851,0,0,0.0,0.1,0.005109,0.0,ohlcv_proxy
2021-09-29,8151,24222,0,0,0.0,0.0,0.003167,0.0,ohlcv_proxy
2021-09-30,8195,37202,0,0,0.0,0.0,0.005175,0.0,ohlcv_proxy
2021-10-01,8063,15992,0,0,-0.0,-0.1,0.002416,0.0,ohlcv_proxy
2021-10-05,8002,12405,0,0,-0.0,0.0,-0.000454,0.0,ohlcv_proxy
2021-10-06,7900,17894,0,0,-0.0,0.0,-0.004574,0.0,ohlcv_proxy
2021-10-07,7971,19520,0,0,-0.0,0.0,-0.008518,0.0,ohlcv_proxy
2021-10-08,7982,11638,0,0,-0.0,0.1,-0.017993,0.0,ohlcv_proxy
2021-10-12,7967,34371,0,0,-0.0,0.0,-0.018988,0.0,ohlcv_proxy
2021-10-13,8021,11375,0,0,-0.0,0.0,-0.018672,0.0,ohlcv_proxy
2021-10-14,8099,9689,0,0,0.0,0.0,-0.015475,0.0,ohlcv_proxy
2021-10-15,8186,11107,0,0,0.0,0.0,-0.011559,0.0,ohlcv_proxy
2021-10-18,8218,29766,0,0,0.0,-0.1,-0.003914,0.0,ohlcv_proxy
2021-10-19,8237,18132,0,0,0.0,-0.1,0.007292,0.0,ohlcv_proxy
2021-10-20,8248,16110,0,0,0.0,-0.1,0.012191,0.0,ohlcv_proxy
2021-10-21,8270,24581,0,0,0.0,-0.1,0.01446,0.0,ohlcv_proxy
2021-10-22,8237,20922,0,0,0.0,-0.1,0.014598,0.0,ohlcv_proxy
2021-10-25,8253,11400,0,0,0.0,-0.1,0.015129,0.0,ohlcv_proxy
2021-10-26,8305,20078,0,0,0.0,0.0,0.015742,0.0,ohlcv_proxy
2021-10-27,8284,7250,0,0,0.0,0.0,0.015968,0.0,ohlcv_proxy
2021-10-28,8241,15289,0,0,0.0,0.0,0.01478,0.0,ohlcv_proxy
2021-10-29,8143,16042,0,0,-0.0,0.0,0.012426,0.0,ohlcv_proxy
2021-11-01,8165,9228,0,0,-0.0,0.0,0.011575,0.0,ohlcv_proxy
2021-11-02,8204,6905,0,0,0.0,0.0,0.007191,0.0,ohlcv_proxy
2021-11-03,8143,10310,0,0,-0.0,0.0,0.003974,0.0,ohlcv_proxy
2021-11-04,8156,6120,0,0,-0.0,0.0,-0.000532,0.0,ohlcv_proxy
2021-11-05,8124,9152,0,0,-0.0,0.0,-0.002129,0.0,ohlcv_proxy
2021-11-08,8156,3729,0,0,-0.0,0.0,-0.003319,0.0,ohlcv_proxy
2021-11-09,8156,9068,0,0,-0.0,0.0,-0.007598,0.0,ohlcv_proxy
2021-11-10,8021,11985,0,0,-0.0,0.0,-0.012005,0.0,ohlcv_proxy
2021-11-11,8021,4312,0,0,-0.0,0.0,-0.014246,0.0,ohlcv_proxy
2021-11-12,8174,64434,0,0,0.0,0.1,-0.006917,0.0,ohlcv_proxy
2021-11-15,8221,20312,0,0,0.0,0.1,-0.005213,0.0,ohlcv_proxy
2021-11-16,8221,5436,0,0,0.0,0.1,-0.004574,0.0,ohlcv_proxy
2021-11-17,8131,10296,0,0,-0.0,0.1,-0.002348,0.0,ohlcv_proxy
2021-11-18,8143,74963,0,0,-0.0,0.2,-0.001495,0.0,ohlcv_proxy
2021-11-19,8160,27887,0,0,0.0,0.3,-0.001509,0.0,ohlcv_proxy
2021-11-22,8112,30892,0,0,-0.0,0.2,-0.002804,0.0,ohlcv_proxy
2021-11-23,8134,11293,0,0,-0.0,0.2,-0.002123,0.0,ohlcv_proxy
2021-11-24,8165,5609,0,0,0.0,0.2,-0.001635,0.0,ohlcv_proxy
2021-11-25,8124,4049,0,0,-0.0,0.2,-0.001565,0.0,ohlcv_proxy
2021-11-26,8013,8181,0,0,-0.0,0.1,-0.004609,0.0,ohlcv_proxy
2021-11-29,7878,13046,0,0,-0.0,0.1,-0.012364,0.0,ohlcv_proxy
2021-11-30,7682,32815,0,0,-1e-06,0.0,-0.031836,0.0,ohlcv_proxy
2021-12-01,7777,44351,0,0,-0.0,0.1,-0.032822,0.0,ohlcv_proxy
2021-12-02,7873,6955,0,0,-0.0,0.0,-0.033174,0.0,ohlcv_proxy
2021-12-03,7997,8627,0,0,-0.0,-0.1,-0.032875,0.0,ohlcv_proxy
2021-12-06,8013,7697,0,0,-0.0,0.0,-0.032008,0.0,ohlcv_proxy
2021-12-07,8046,13696,0,0,0.0,0.0,-0.020947,0.0,ohlcv_proxy
2021-12-08,8029,11035,0,0,0.0,0.0,-0.005225,0.0,ohlcv_proxy
2021-12-09,8080,8194,0,0,0.0,0.0,-0.001469,0.0,ohlcv_proxy
2021-12-10,8061,4997,0,0,0.0,0.0,0.002678,0.0,ohlcv_proxy
2021-12-13,7993,6902,0,0,-0.0,0.0,0.003936,0.0,ohlcv_proxy
2021-12-14,7997,6506,0,0,-0.0,0.1,0.003228,0.0,ohlcv_proxy
2021-12-15,7986,45877,0,0,-0.0,-0.1,0.000377,0.0,ohlcv_proxy
2021-12-16,8002,24597,0,0,-0.0,0.0,0.003578,0.0,ohlcv_proxy
2021-12-17,8096,11453,0,0,0.0,0.0,0.006262,0.0,ohlcv_proxy
2021-12-20,7988,16191,0,0,-0.0,0.0,0.007909,0.0,ohlcv_proxy
2021-12-21,8026,2097,0,0,0.0,0.0,0.008921,0.0,ohlcv_proxy
2021-12-22,8033,18247,0,0,0.0,0.0,0.011031,0.0,ohlcv_proxy
2021-12-23,8052,7471,0,0,0.0,0.0,0.012619,0.0,ohlcv_proxy
2021-12-24,8088,5426,0,0,0.0,0.0,0.011491,0.0,ohlcv_proxy
2021-12-27,8091,29950,0,0,0.0,0.1,0.01437,0.0,ohlcv_proxy
2021-12-28,8143,41085,0,0,0.0,0.2,0.011696,0.0,ohlcv_proxy
2021-12-29,8182,52062,0,0,0.0,0.4,0.00938,0.0,ohlcv_proxy
2021-12-30,8160,5896,0,0,0.0,0.3,0.009372,0.0,ohlcv_proxy
2022-01-03,8134,11316,0,0,0.0,0.3,0.009022,0.0,ohlcv_proxy
2022-01-04,8160,18559,0,0,0.0,0.3,0.0101,0.0,ohlcv_proxy
2022-01-05,8195,6139,0,0,0.0,0.3,0.010919,0.0,ohlcv_proxy
2022-01-06,8147,5017,0,0,0.0,0.3,0.008786,0.0,ohlcv_proxy
2022-01-07,8182,37003,0,0,0.0,0.4,0.008967,0.0,ohlcv_proxy
2022-01-10,8241,35242,0,0,0.0,0.5,0.010828,0.0,ohlcv_proxy
2022-01-11,8191,14228,0,0,0.0,0.4,0.010969,0.0,ohlcv_proxy
2022-01-12,8253,14882,0,0,0.0,0.3,0.011008,0.0,ohlcv_proxy
2022-01-13,8278,23779,0,0,0.0,0.2,0.009645,0.0,ohlcv_proxy
2022-01-14,8226,21650,0,0,0.0,0.2,0.009738,0.0,ohlcv_proxy
2022-01-17,8119,14964,0,0,-0.0,0.2,0.007208,0.0,ohlcv_proxy
2022-01-18,8042,21483,0,0,-0.0,0.2,0.002804,0.0,ohlcv_proxy
2022-01-19,8067,3674,0,0,-0.0,0.2,0.000764,0.0,ohlcv_proxy
2022-01-20,8049,2397,0,0,-0.0,0.2,-0.005431,0.0,ohlcv_proxy
2022-01-21,8057,5291,0,0,-0.0,0.1,-0.012096,0.0,ohlcv_proxy
2022-01-24,7915,74598,0,0,-0.0,-0.1,-0.021061,0.0,ohlcv_proxy
2022-01-25,7756,37769,0,0,-1e-06,-0.2,-0.02694,0.0,ohlcv_proxy
2022-01-26,7839,28288,0,0,-0.0,-0.2,-0.025928,0.0,ohlcv_proxy
2022-01-27,7679,36985,0,0,-1e-06,-0.3,-0.025121,0.0,ohlcv_proxy
2022-01-28,7839,6942,0,0,-0.0,-0.3,-0.025281,0.0,ohlcv_proxy
2022-02-03,7986,6979,0,0,-0.0,-0.3,-0.031111,0.0,ohlcv_proxy
2022-02-04,8091,8105,0,0,0.0,-0.3,-0.026017,0.0,ohlcv_proxy
2022-02-07,8091,4164,0,0,0.0,-0.3,-0.025262,0.0,ohlcv_proxy
2022-02-08,8071,3408,0,0,0.0,-0.3,-0.000863,0.0,ohlcv_proxy
2022-02-09,8206,16926,0,0,0.0,-0.3,0.014503,0.0,ohlcv_proxy
2022-02-10,8221,12909,0,0,0.0,-0.2,0.022625,0.0,ohlcv_proxy
2022-02-11,8215,6086,0,0,0.0,-0.1,0.0258,0.0,ohlcv_proxy
2022-02-14,8134,12960,0,0,0.0,-0.1,0.025804,0.0,ohlcv_proxy
2022-02-15,8061,3328,0,0,-0.0,0.0,0.028432,0.0,ohlcv_proxy
2022-02-16,8174,2146,0,0,0.0,0.0,0.029328,0.0,ohlcv_proxy
2022-02-17,8151,2880,0,0,0.0,0.0,0.027088,0.0,ohlcv_proxy
2022-02-18,8151,16568,0,0,0.0,0.0,0.025334,0.0,ohlcv_proxy
2022-02-21,8169,4998,0,0,0.0,0.0,0.025924,0.0,ohlcv_proxy
2022-02-22,8103,8057,0,0,0.0,0.0,0.025245,0.0,ohlcv_proxy
2022-02-23,8186,19595,0,0,0.0,0.0,0.025375,0.0,ohlcv_proxy
2022-02-24,8186,7393,0,0,0.0,0.0,0.023371,0.0,ohlcv_proxy
2022-02-25,8099,94085,0,0,-0.0,-0.1,0.009658,0.0,ohlcv_proxy
2022-02-28,8174,11186,0,0,0.0,-0.1,0.006819,0.0,ohlcv_proxy
2022-03-02,8218,3397,0,0,0.0,-0.1,-5e-05,0.0,ohlcv_proxy
2022-03-03,8281,7565,0,0,0.0,-0.1,-0.001599,0.0,ohlcv_proxy
2022-03-04,8278,52221,0,0,0.0,-0.2,0.000441,0.0,ohlcv_proxy
2022-03-07,8156,26403,0,0,-0.0,-0.3,0.007982,0.0,ohlcv_proxy
2022-03-08,8076,36060,0,0,-0.0,-0.4,0.004168,0.0,ohlcv_proxy
2022-03-10,8143,8044,0,0,-0.0,-0.4,0.003651,0.0,ohlcv_proxy
2022-03-11,8186,19733,0,0,0.0,-0.4,0.00309,0.0,ohlcv_proxy
2022-03-14,8237,49537,0,0,0.0,-0.3,0.000126,0.0,ohlcv_proxy
2022-03-15,8186,7203,0,0,0.0,-0.2,0.000619,0.0,ohlcv_proxy
2022-03-16,8290,10315,0,0,0.0,-0.2,0.0061,0.0,ohlcv_proxy
2022-03-17,8261,218857,0,0,0.0,-0.3,0.005818,0.0,ohlcv_proxy
2022-03-18,8257,8155,0,0,0.0,-0.3,0.006272,0.0,ohlcv_proxy
2022-03-21,8270,30421,0,0,0.0,-0.2,0.006467,0.0,ohlcv_proxy
2022-03-22,8329,61313,0,0,0.0,0.0,0.006712,0.0,ohlcv_proxy
2022-03-23,8441,77300,0,0,0.0,0.2,0.007793,0.0,ohlcv_proxy
2022-03-24,8483,33683,0,0,0.0,0.2,0.015573,0.0,ohlcv_proxy
2022-03-25,8527,31891,0,0,0.0,0.2,0.016916,0.0,ohlcv_proxy
2022-03-28,8500,15905,0,0,0.0,0.1,0.019361,0.0,ohlcv_proxy
2022-03-29,8476,14690,0,0,0.0,0.1,0.020947,0.0,ohlcv_proxy
2022-03-30,8350,41556,0,0,0.0,0.1,0.01808,0.0,ohlcv_proxy
2022-03-31,8383,15015,0,0,0.0,0.2,0.015783,0.0,ohlcv_proxy
2022-04-01,8420,11082,0,0,0.0,0.2,0.011809,0.0,ohlcv_proxy
2022-04-04,8514,15320,0,0,0.0,0.2,0.011222,0.0,ohlcv_proxy
2022-04-05,8523,7954,0,0,0.0,0.1,0.010114,0.0,ohlcv_proxy
2022-04-06,8514,18776,0,0,0.0,0.0,0.015635,0.0,ohlcv_proxy
2022-04-07,8466,7301,0,0,0.0,0.0,0.017744,0.0,ohlcv_proxy
2022-04-08,8476,8441,0,0,0.0,0.0,0.018364,0.0,ohlcv_proxy
2022-04-11,8540,28306,0,0,0.0,0.0,0.01782,0.0,ohlcv_proxy
2022-04-12,8487,37897,0,0,0.0,0.0,0.015429,0.0,ohlcv_proxy
2022-04-13,8536,6985,0,0,0.0,0.0,0.015133,0.0,ohlcv_proxy
2022-04-14,8548,8085,0,0,0.0,0.0,0.009196,0.0,ohlcv_proxy
2022-04-15,8491,10615,0,0,0.0,0.0,0.008793,0.0,ohlcv_proxy
2022-04-18,8508,4899,0,0,0.0,0.0,0.005996,0.0,ohlcv_proxy
2022-04-19,8563,22142,0,0,0.0,0.0,0.007442,0.0,ohlcv_proxy
2022-04-20,8579,24995,0,0,0.0,0.0,0.007498,0.0,ohlcv_proxy
2022-04-21,8588,8784,0,0,0.0,0.0,0.007702,0.0,ohlcv_proxy
2022-04-22,8616,14232,0,0,0.0,0.0,0.00988,0.0,ohlcv_proxy
2022-04-25,8523,23141,0,0,0.0,0.0,0.008506,0.0,ohlcv_proxy
2022-04-26,8509,30922,0,0,0.0,-0.1,0.006291,0.0,ohlcv_proxy
2022-04-27,8464,75122,0,0,-0.0,-0.2,-0.000422,0.0,ohlcv_proxy
2022-04-28,8513,29442,0,0,0.0,-0.2,-0.001343,0.0,ohlcv_proxy
2022-04-29,8549,19675,0,0,0.0,-0.2,-0.002306,0.0,ohlcv_proxy
2022-05-02,8549,57857,0,0,0.0,-0.2,-0.001482,0.0,ohlcv_proxy
2022-05-03,8560,6785,0,0,0.0,-0.2,-0.001344,0.0,ohlcv_proxy
2022-05-04,8576,19711,0,0,0.0,-0.2,0.002516,0.0,ohlcv_proxy
2022-05-06,8536,12745,0,0,0.0,-0.2,0.003207,0.0,ohlcv_proxy
2022-05-09,8436,30213,0,0,-0.0,-0.2,0.000593,0.0,ohlcv_proxy
2022-05-10,8409,29760,0,0,-0.0,-0.2,-0.004158,0.0,ohlcv_proxy
2022-05-11,8380,6481,0,0,-0.0,-0.1,-0.005601,0.0,ohlcv_proxy
2022-05-12,8366,491317,0,0,-0.0,-0.1,-0.006977,0.0,ohlcv_proxy
2022-05-13,8477,486731,0,0,-0.0,0.0,-0.003275,0.0,ohlcv_proxy
2022-05-16,8489,10049,0,0,0.0,0.0,-0.003245,0.0,ohlcv_proxy
2022-05-17,8531,32230,0,0,0.0,0.0,-0.002989,0.0,ohlcv_proxy
2022-05-18,8507,9363,0,0,0.0,0.0,-0.002704,0.0,ohlcv_proxy
2022-05-19,8432,32669,0,0,-0.0,0.0,0.003774,0.0,ohlcv_proxy
2022-05-20,8464,20720,0,0,-0.0,0.0,0.004161,0.0,ohlcv_proxy
2022-05-23,8464,9358,0,0,-0.0,0.0,0.004076,0.0,ohlcv_proxy
2022-05-24,8388,6971,0,0,-0.0,0.0,0.000784,0.0,ohlcv_proxy
2022-05-25,8440,26441,0,0,-0.0,0.0,-4e-06,0.0,ohlcv_proxy
2022-05-26,8454,5216,0,0,-0.0,0.1,0.000767,0.0,ohlcv_proxy
2022-05-27,8531,9483,0,0,0.0,0.0,0.001782,0.0,ohlcv_proxy
2022-05-30,8620,25752,0,0,0.0,0.0,0.008269,0.0,ohlcv_proxy
2022-05-31,8616,11685,0,0,0.0,0.0,0.011808,0.0,ohlcv_proxy
2022-06-02,8567,15808,0,0,0.0,0.0,0.016998,0.0,ohlcv_proxy
2022-06-03,8576,18544,0,0,0.0,0.0,0.017827,0.0,ohlcv_proxy
2022-06-07,8544,21551,0,0,0.0,0.0,0.017203,0.0,ohlcv_proxy
2022-06-08,8567,21319,0,0,0.0,0.0,0.015224,0.0,ohlcv_proxy
2022-06-09,8526,15255,0,0,0.0,0.0,0.013464,0.0,ohlcv_proxy
2022-06-10,8380,34306,0,0,-0.0,0.0,0.006982,0.0,ohlcv_proxy
2022-06-13,8177,57239,0,0,-0.0,0.0,-0.011746,0.0,ohlcv_proxy
2022-06-14,8129,25577,0,0,-0.0,0.0,-0.015514,0.0,ohlcv_proxy
2022-06-15,7996,15234,0,0,-1e-06,0.0,-0.02177,0.0,ohlcv_proxy
2022-06-16,7985,9492,0,0,-1e-06,0.0,-0.025184,0.0,ohlcv_proxy
2022-06-17,7898,23504,0,0,-1e-06,0.0,-0.033779,0.0,ohlcv_proxy
2022-06-20,7730,20078,0,0,-1e-06,0.0,-0.04534,0.0,ohlcv_proxy
2022-06-21,7796,17910,0,0,-1e-06,0.0,-0.051964,0.0,ohlcv_proxy
2022-06-22,7614,16329,0,0,-1e-06,0.0,-0.056744,0.0,ohlcv_proxy
2022-06-23,7452,28714,0,0,-1e-06,0.0,-0.063444,0.0,ohlcv_proxy
2022-06-24,7642,27810,0,0,-1e-06,0.0,-0.064338,0.0,ohlcv_proxy
2022-06-27,7719,17735,0,0,-0.0,0.0,-0.062362,0.0,ohlcv_proxy
2022-06-28,7781,10808,0,0,-0.0,0.0,-0.062016,0.0,ohlcv_proxy
2022-06-29,7710,14745,0,0,-0.0,0.0,-0.055057,0.0,ohlcv_proxy
2022-06-30,7638,34508,0,0,-0.0,-0.1,-0.043054,0.0,ohlcv_proxy
2022-07-01,7642,20716,0,0,-0.0,-0.1,-0.038357,0.0,ohlcv_proxy
2022-07-04,7588,15226,0,0,-0.0,-0.1,-0.036509,0.0,ohlcv_proxy
2022-07-05,7658,15276,0,0,-0.0,-0.1,-0.03342,0.0,ohlcv_proxy
2022-07-06,7468,23136,0,0,-1e-06,-0.1,-0.032607,0.0,ohlcv_proxy
2022-07-07,7493,17332,0,0,-1e-06,-0.1,-0.032477,0.0,ohlcv_proxy
2022-07-08,7546,16952,0,0,-0.0,-0.1,-0.028338,0.0,ohlcv_proxy
2022-07-11,7515,7172,0,0,-0.0,-0.1,-0.021269,0.0,ohlcv_proxy
2022-07-12,7443,12998,0,0,-0.0,-0.1,-0.021433,0.0,ohlcv_proxy
2022-07-13,7443,4282,0,0,-0.0,-0.1,-0.01851,0.0,ohlcv_proxy
2022-07-14,7430,5206,0,0,-0.0,0.0,-0.017713,0.0,ohlcv_proxy
2022-07-15,7362,32270,0,0,-0.0,-0.1,-0.023157,0.0,ohlcv_proxy
2022-07-18,7500,30765,0,0,-0.0,0.0,-0.018048,0.0,ohlcv_proxy
2022-07-19,7520,5983,0,0,-0.0,0.0,-0.015817,0.0,ohlcv_proxy
2022-07-20,7555,6028,0,0,-0.0,0.0,-0.014331,0.0,ohlcv_proxy
2022-07-21,7618,29182,0,0,0.0,0.1,-0.009644,0.0,ohlcv_proxy
2022-07-22,7610,36783,0,0,0.0,0.0,0.000903,0.0,ohlcv_proxy
2022-07-25,7634,218070,0,0,0.0,0.1,0.004964,0.0,ohlcv_proxy
2022-07-26,7646,29025,0,0,0.0,0.1,0.005563,0.0,ohlcv_proxy
2022-07-27,7683,3453,0,0,0.0,0.1,0.006174,0.0,ohlcv_proxy
2022-07-28,7697,19340,0,0,0.0,0.1,0.006808,0.0,ohlcv_proxy
2022-07-29,7763,19911,0,0,0.0,0.2,0.007827,0.0,ohlcv_proxy
2022-08-01,7756,11010,0,0,0.0,0.1,0.014408,0.0,ohlcv_proxy
2022-08-02,7715,16131,0,0,0.0,0.1,0.017635,0.0,ohlcv_proxy
2022-08-03,7715,518152,0,0,0.0,0.1,0.007755,0.0,ohlcv_proxy
2022-08-04,7710,357583,0,0,0.0,-0.1,0.005405,0.0,ohlcv_proxy
2022-08-05,7768,11338,0,0,0.0,0.0,0.005046,0.0,ohlcv_proxy
2022-08-08,7815,8393,0,0,0.0,-0.1,0.004881,0.0,ohlcv_proxy
2022-08-09,7871,10365,0,0,0.0,-0.1,0.004631,0.0,ohlcv_proxy
2022-08-10,7856,2204,0,0,0.0,-0.1,0.004843,0.0,ohlcv_proxy
2022-08-11,7946,8734,0,0,0.0,-0.1,0.02105,0.0,ohlcv_proxy
2022-08-12,8005,274263,0,0,0.0,0.0,0.031905,0.0,ohlcv_proxy
2022-08-16,7987,7264,0,0,0.0,0.0,0.031745,0.0,ohlcv_proxy
2022-08-17,7964,13969,0,0,0.0,0.0,0.031739,0.0,ohlcv_proxy
2022-08-18,7938,12833,0,0,0.0,0.0,0.03125,0.0,ohlcv_proxy
2022-08-19,7933,76487,0,0,0.0,0.1,0.028319,0.0,ohlcv_proxy
2022-08-22,7875,12107,0,0,0.0,0.1,0.021041,0.0,ohlcv_proxy
2022-08-23,7838,7948,0,0,0.0,0.1,0.017041,0.0,ohlcv_proxy
2022-08-24,7888,7668,0,0,0.0,0.1,0.01567,0.0,ohlcv_proxy
2022-08-25,7923,12231,0,0,0.0,0.1,0.015275,0.0,ohlcv_proxy
2022-08-26,7991,31377,0,0,0.0,0.1,0.01647,0.0,ohlcv_proxy
2022-08-29,7898,49607,0,0,0.0,0.0,0.014823,0.0,ohlcv_proxy
2022-08-30,7985,97880,0,0,0.0,0.0,0.017669,0.0,ohlcv_proxy
2022-08-31,7987,10506,0,0,0.0,0.0,0.017913,0.0,ohlcv_proxy
2022-09-01,7888,32379,0,0,0.0,0.0,0.00978,0.0,ohlcv_proxy
2022-09-02,7893,3448,0,0,0.0,0.0,-0.002001,0.0,ohlcv_proxy
2022-09-05,7933,29361,0,0,0.0,0.0,-0.00081,0.0,ohlcv_proxy
2022-09-06,7985,6255,0,0,0.0,0.0,-0.00507,0.0,ohlcv_proxy
2022-09-07,7903,16551,0,0,0.0,0.0,-0.006505,0.0,ohlcv_proxy
2022-09-08,7875,19489,0,0,-0.0,0.0,-0.006133,0.0,ohlcv_proxy
2022-09-13,7987,5479,0,0,0.0,0.0,-0.005412,0.0,ohlcv_proxy
2022-09-14,7933,10119,0,0,0.0,0.0,-0.002761,0.0,ohlcv_proxy
2022-09-15,7942,16805,0,0,0.0,0.0,-0.002669,0.0,ohlcv_proxy
2022-09-16,7885,8672,0,0,-0.0,0.0,-0.002561,0.0,ohlcv_proxy
2022-09-19,7842,9652,0,0,-0.0,0.0,-0.002125,0.0,ohlcv_proxy
2022-09-20,7888,3535,0,0,-0.0,0.0,-0.003337,0.0,ohlcv_proxy
2022-09-21,7871,4668,0,0,-0.0,0.0,-0.004737,0.0,ohlcv_proxy
2022-09-22,7946,2054044,0,0,0.0,0.1,7.1e-05,0.0,ohlcv_proxy
2022-09-23,7850,32539,0,0,-0.0,0.1,5.2e-05,0.0,ohlcv_proxy
2022-09-26,7594,17698,0,0,-0.0,0.1,4.6e-05,0.0,ohlcv_proxy
2022-09-27,7588,69419,0,0,-0.0,0.1,-4.7e-05,0.0,ohlcv_proxy
2022-09-28,7438,24113,0,0,-1e-06,0.1,-0.000189,0.0,ohlcv_proxy
2022-09-29,7476,40031,0,0,-1e-06,0.1,-0.041133,0.0,ohlcv_proxy
2022-09-30,7415,14898,0,0,-1e-06,0.1,-0.049127,0.0,ohlcv_proxy
2022-10-04,7546,23649,0,0,-0.0,0.1,-0.049264,0.0,ohlcv_proxy
2022-10-05,7533,14555,0,0,-0.0,0.1,-0.053871,0.0,ohlcv_proxy
2022-10-06,7594,3353,0,0,-0.0,0.1,-0.051908,0.0,ohlcv_proxy
2022-10-07,7574,9451,0,0,-0.0,0.0,-0.048749,0.0,ohlcv_proxy
2022-10-11,7411,15313,0,0,-0.0,0.0,-0.048571,0.0,ohlcv_proxy
2022-10-12,7459,17502,0,0,-0.0,0.0,-0.051768,0.0,ohlcv_proxy
2022-10-13,7333,9766,0,0,-1e-06,0.0,-0.056401,0.0,ohlcv_proxy
2022-10-14,7509,30724,0,0,-0.0,0.0,-0.053813,0.0,ohlcv_proxy
2022-10-17,7505,42447,0,0,-0.0,0.0,-0.052305,0.0,ohlcv_proxy
2022-10-18,7590,15135,0,0,0.0,0.0,-0.049101,0.0,ohlcv_proxy
2022-10-19,7555,11024,0,0,-0.0,0.0,-0.047435,0.0,ohlcv_proxy
2022-10-20,7484,7781,0,0,-0.0,0.0,-0.045479,0.0,ohlcv_proxy
2022-10-21,7411,11164,0,0,-0.0,0.0,-0.046448,0.0,ohlcv_proxy
2022-10-24,7456,34504,0,0,-0.0,0.1,-0.005329,0.0,ohlcv_proxy
2022-10-25,7411,31530,0,0,-0.0,0.1,-0.006698,0.0,ohlcv_proxy
2022-10-26,7376,81835,0,0,-0.0,0.0,-0.009375,0.0,ohlcv_proxy
2022-10-27,7484,54374,0,0,-0.0,0.1,-0.005135,0.0,ohlcv_proxy
2022-10-28,7534,18758,0,0,0.0,0.1,-0.004321,0.0,ohlcv_proxy
2022-10-31,7539,37513,0,0,0.0,0.2,-0.003061,0.0,ohlcv_proxy
2022-11-01,7623,55836,0,0,0.0,0.3,0.000462,0.0,ohlcv_proxy
2022-11-02,7643,6353,0,0,0.0,0.3,0.008624,0.0,ohlcv_proxy
2022-11-03,7595,36638,0,0,0.0,0.3,0.012333,0.0,ohlcv_proxy
2022-11-04,7630,5661,0,0,0.0,0.3,0.013375,0.0,ohlcv_proxy
2022-11-07,7680,13259,0,0,0.0,0.2,0.016594,0.0,ohlcv_proxy
2022-11-08,7716,15636,0,0,0.0,0.2,0.017837,0.0,ohlcv_proxy
2022-11-09,7788,18011,0,0,0.0,0.3,0.020291,0.0,ohlcv_proxy
2022-11-10,7783,14557,0,0,0.0,0.2,0.027571,0.0,ohlcv_proxy
2022-11-11,7900,15687,0,0,0.0,0.2,0.031376,0.0,ohlcv_proxy
2022-11-14,7930,9843,0,0,0.0,0.1,0.034919,0.0,ohlcv_proxy
2022-11-15,7868,175446,0,0,0.0,-0.1,0.029659,0.0,ohlcv_proxy
2022-11-16,7900,3137,0,0,0.0,-0.1,0.030166,0.0,ohlcv_proxy
2022-11-17,7847,29438,0,0,0.0,-0.1,0.029032,0.0,ohlcv_proxy
2022-11-18,7830,2041,0,0,0.0,-0.1,0.028093,0.0,ohlcv_proxy
2022-11-21,7795,6340,0,0,0.0,-0.1,0.025811,0.0,ohlcv_proxy
2022-11-22,7851,13810,0,0,0.0,-0.1,0.021074,0.0,ohlcv_proxy
2022-11-23,7882,53988,0,0,0.0,0.0,0.015281,0.0,ohlcv_proxy
2022-11-24,7925,5754,0,0,0.0,0.0,0.012859,0.0,ohlcv_proxy
2022-11-25,7973,2992,0,0,0.0,0.0,0.012198,0.0,ohlcv_proxy
2022-11-28,7921,160733,0,0,0.0,-0.1,0.010015,0.0,ohlcv_proxy
2022-11-29,7986,4758,0,0,0.0,0.0,0.007998,0.0,ohlcv_proxy
2022-11-30,8089,18333,0,0,0.0,0.0,0.010054,0.0,ohlcv_proxy
2022-12-01,8123,326516,0,0,0.0,0.1,0.011218,0.0,ohlcv_proxy
2022-12-02,8081,281198,0,0,0.0,0.0,0.008685,0.0,ohlcv_proxy
2022-12-05,8024,35541,0,0,0.0,0.0,0.012216,0.0,ohlcv_proxy
2022-12-06,7978,22123,0,0,0.0,0.0,0.011411,0.0,ohlcv_proxy
2022-12-07,7978,152237,0,0,0.0,-0.1,0.008709,0.0,ohlcv_proxy
2022-12-08,7939,32270,0,0,0.0,-0.1,0.003698,0.0,ohlcv_proxy
2022-12-09,7953,26034,0,0,0.0,-0.1,-0.003461,0.0,ohlcv_proxy
2022-12-12,7966,27605,0,0,0.0,0.0,-0.004379,0.0,ohlcv_proxy
2022-12-13,7956,5354,0,0,0.0,0.0,-0.006941,0.0,ohlcv_proxy
2022-12-14,7966,47660,0,0,0.0,0.0,-0.008128,0.0,ohlcv_proxy
2022-12-15,7925,6112,0,0,-0.0,-0.1,-0.008163,0.0,ohlcv_proxy
2022-12-16,7895,4995,0,0,-0.0,0.0,-0.008322,0.0,ohlcv_proxy
2022-12-19,7877,2337,0,0,-0.0,0.0,-0.009165,0.0,ohlcv_proxy
2022-12-20,7854,6643,0,0,-0.0,0.0,-0.010532,0.0,ohlcv_proxy
2022-12-21,7882,11992,0,0,-0.0,0.0,-0.018261,0.0,ohlcv_proxy
2022-12-22,7925,6533,0,0,0.0,0.0,-0.018189,0.0,ohlcv_proxy
2022-12-23,7900,7076,0,0,-0.0,0.0,-0.01792,0.0,ohlcv_proxy
2022-12-26,7911,24726,0,0,-0.0,0.0,-0.018354,0.0,ohlcv_proxy
2022-12-27,7943,78727,0,0,0.0,0.0,-0.013841,0.0,ohlcv_proxy
2022-12-28,7978,194553,0,0,0.0,0.1,-0.008516,0.0,ohlcv_proxy
2022-12-29,7821,212165,0,0,-0.0,0.0,-0.007817,0.0,ohlcv_proxy
2023-01-02,7619,2009221,0,0,-0.0,-0.1,-0.005058,0.1,ohlcv_proxy
2023-01-03,7604,16720,0,0,-0.0,-0.1,-0.004848,0.1,ohlcv_proxy
2023-01-04,7680,13501,0,0,-0.0,-0.1,-0.005684,0.1,ohlcv_proxy
2023-01-05,7840,11098,0,0,0.0,-0.1,-0.007209,0.1,ohlcv_proxy
2023-01-06,7843,5901,0,0,0.0,-0.1,-0.009238,0.1,ohlcv_proxy
2023-01-09,7956,9602,0,0,0.0,-0.1,0.008043,0.1,ohlcv_proxy
2023-01-10,7989,7521,0,0,0.0,-0.1,0.019943,0.1,ohlcv_proxy
2023-01-11,7948,26407,0,0,0.0,-0.1,0.030391,0.1,ohlcv_proxy
2023-01-12,7956,5502,0,0,0.0,-0.2,0.033608,0.1,ohlcv_proxy
2023-01-13,8041,16579,0,0,0.0,-0.1,0.037743,0.1,ohlcv_proxy
2023-01-16,8114,9117,0,0,0.0,0.0,0.040498,0.0,ohlcv_proxy
2023-01-17,8089,10690,0,0,0.0,0.0,0.042271,0.0,ohlcv_proxy
2023-01-18,8041,7291,0,0,0.0,0.0,0.047399,0.0,ohlcv_proxy
2023-01-19,8114,12176,0,0,0.0,0.0,0.050187,0.0,ohlcv_proxy
2023-01-20,8131,4735,0,0,0.0,0.0,0.052712,0.0,ohlcv_proxy
2023-01-25,8131,8380,0,0,0.0,0.0,0.052992,0.0,ohlcv_proxy
2023-01-26,8171,9103,0,0,0.0,0.0,0.055431,0.0,ohlcv_proxy
2023-01-27,8218,15720,0,0,0.0,0.0,0.061549,0.0,ohlcv_proxy
2023-01-30,8128,8548,0,0,0.0,0.0,0.065378,0.0,ohlcv_proxy
2023-01-31,8123,7582,0,0,0.0,0.0,0.066783,0.0,ohlcv_proxy
2023-02-01,8128,14404,0,0,0.0,0.0,0.020476,0.0,ohlcv_proxy
2023-02-02,8057,26103,0,0,0.0,-0.1,0.011179,0.0,ohlcv_proxy
2023-02-03,8101,10836,0,0,0.0,-0.1,0.004941,0.0,ohlcv_proxy
2023-02-06,8085,3358,0,0,0.0,-0.1,0.002905,0.0,ohlcv_proxy
2023-02-07,8052,2311,0,0,-0.0,-0.1,0.001437,0.0,ohlcv_proxy
2023-02-08,8152,5521,0,0,0.0,-0.1,-0.000123,0.0,ohlcv_proxy
2023-02-09,8081,15831,0,0,0.0,-0.1,0.001484,0.0,ohlcv_proxy
2023-02-10,8089,12762,0,0,0.0,-0.1,-0.001145,0.0,ohlcv_proxy
2023-02-13,8093,9365,0,0,0.0,-0.1,-0.00148,0.0,ohlcv_proxy
2023-02-14,8093,6407,0,0,0.0,-0.1,-0.001847,0.0,ohlcv_proxy
2023-02-15,7989,6918,0,0,-0.0,-0.1,-0.003824,0.0,ohlcv_proxy
2023-02-16,8011,31940,0,0,-0.0,0.1,-0.006132,0.0,ohlcv_proxy
2023-02-17,8041,47357,0,0,-0.0,0.2,-0.005972,0.0,ohlcv_proxy
2023-02-20,8081,6515,0,0,0.0,0.2,-0.006086,0.0,ohlcv_proxy
2023-02-21,8131,9245,0,0,0.0,0.2,-0.005559,0.0,ohlcv_proxy
2023-02-22,8049,12736,0,0,-0.0,0.2,-0.004621,0.0,ohlcv_proxy
2023-02-23,8101,16077,0,0,0.0,0.2,-0.00176,0.0,ohlcv_proxy
2023-02-24,8057,3079,0,0,-0.0,0.2,0.00216,0.0,ohlcv_proxy
2023-02-27,8036,6136,0,0,-0.0,0.2,0.001786,0.0,ohlcv_proxy
2023-02-28,8072,24763,0,0,0.0,0.3,0.000555,0.0,ohlcv_proxy
2023-03-02,8081,31409,0,0,0.0,0.4,0.001655,0.0,ohlcv_proxy
2023-03-03,8049,4351,0,0,-0.0,0.3,0.000711,0.0,ohlcv_proxy
2023-03-06,8061,6027,0,0,-0.0,0.2,0.000879,0.0,ohlcv_proxy
2023-03-07,8081,1662,0,0,0.0,0.2,0.001316,0.0,ohlcv_proxy
2023-03-08,8011,7607,0,0,-0.0,0.2,0.000443,0.0,ohlcv_proxy
2023-03-09,8028,12507,0,0,-0.0,0.2,-0.002828,0.0,ohlcv_proxy
2023-03-10,7943,7052,0,0,-0.0,0.2,-0.004814,0.0,ohlcv_proxy
2023-03-13,7930,7503,0,0,-0.0,0.2,-0.007287,0.0,ohlcv_proxy
2023-03-14,7735,30105,0,0,-0.0,0.1,-0.018003,0.1,ohlcv_proxy
2023-03-15,7812,5971,0,0,-0.0,0.0,-0.020059,0.1,ohlcv_proxy
2023-03-16,7748,8223,0,0,-0.0,-0.1,-0.025722,0.1,ohlcv_proxy
2023-03-17,7783,6270,0,0,-0.0,-0.1,-0.027316,0.1,ohlcv_proxy
2023-03-20,7762,2901,0,0,-0.0,-0.1,-0.028434,0.1,ohlcv_proxy
2023-03-21,7792,7195,0,0,-0.0,-0.1,-0.023923,0.1,ohlcv_proxy
2023-03-22,7803,16912,0,0,-0.0,0.0,-0.020879,0.1,ohlcv_proxy
2023-03-23,7788,5694,0,0,-0.0,0.0,-0.018574,0.1,ohlcv_proxy
2023-03-24,7735,3887,0,0,-0.0,0.0,-0.017035,0.1,ohlcv_proxy
2023-03-27,7698,14731,0,0,-0.0,0.0,-0.018105,0.1,ohlcv_proxy
2023-03-28,7775,11829,0,0,-0.0,0.1,-0.01691,0.0,ohlcv_proxy
2023-03-29,7812,14525,0,0,-0.0,0.1,-0.013446,0.0,ohlcv_proxy
2023-03-30,7821,21974,0,0,-0.0,0.2,-0.006297,0.0,ohlcv_proxy
2023-03-31,7890,27101,0,0,0.0,0.3,-0.002203,0.0,ohlcv_proxy
2023-04-03,7895,69659,0,0,0.0,0.4,0.002883,0.0,ohlcv_proxy
2023-04-04,7911,37486,0,0,0.0,0.5,0.004094,0.0,ohlcv_proxy
2023-04-05,7903,6900,0,0,0.0,0.4,0.005342,0.0,ohlcv_proxy
2023-04-06,7851,19409,0,0,-0.0,0.4,0.006801,0.0,ohlcv_proxy
2023-04-07,7868,27683,0,0,0.0,0.5,0.006297,0.0,ohlcv_proxy
2023-04-10,7857,6503,0,0,-0.0,0.5,0.005702,0.0,ohlcv_proxy
2023-04-11,7907,11590,0,0,0.0,0.5,0.002799,0.0,ohlcv_proxy
2023-04-12,7982,9828,0,0,0.0,0.5,0.003681,0.0,ohlcv_proxy
2023-04-13,7982,4254,0,0,0.0,0.4,0.005361,0.0,ohlcv_proxy
2023-04-14,8036,7774,0,0,0.0,0.3,0.010898,0.0,ohlcv_proxy
2023-04-17,8049,12436,0,0,0.0,0.2,0.014988,0.0,ohlcv_proxy
2023-04-18,8036,20852,0,0,0.0,0.1,0.017936,0.0,ohlcv_proxy
2023-04-19,8128,63566,0,0,0.0,0.2,0.020548,0.0,ohlcv_proxy
2023-04-20,8077,11990,0,0,0.0,0.2,0.020058,0.0,ohlcv_proxy
2023-04-21,8052,10152,0,0,0.0,0.1,0.019469,0.0,ohlcv_proxy
2023-04-24,7939,26044,0,0,-0.0,0.1,0.015109,0.0,ohlcv_proxy
2023-04-25,7900,52319,0,0,-0.0,0.0,0.009032,0.0,ohlcv_proxy
2023-04-26,7857,37956,0,0,-0.0,-0.1,-0.00254,0.0,ohlcv_proxy
2023-04-27,7800,14343,0,0,-0.0,-0.1,-0.00593,0.0,ohlcv_proxy
2023-04-28,7865,605471,0,0,-0.0,0.0,-0.003981,0.0,ohlcv_proxy
2023-05-02,7925,61584,0,0,-0.0,0.0,-0.003938,0.0,ohlcv_proxy
2023-05-03,7940,12664,0,0,0.0,0.0,-0.004069,0.0,ohlcv_proxy
2023-05-04,7903,80825,0,0,-0.0,-0.1,-0.00356,0.0,ohlcv_proxy
2023-05-08,7963,11603,0,0,0.0,-0.1,-0.003414,0.0,ohlcv_proxy
2023-05-09,7958,7054,0,0,0.0,-0.1,0.001899,0.0,ohlcv_proxy
2023-05-10,7935,6550,0,0,0.0,-0.1,0.0016,0.0,ohlcv_proxy
2023-05-11,7958,17105,0,0,0.0,0.0,0.001913,0.0,ohlcv_proxy
2023-05-12,7898,10614,0,0,-0.0,0.1,0.00493,0.0,ohlcv_proxy
2023-05-15,7903,4627,0,0,-0.0,0.1,0.003845,0.0,ohlcv_proxy
2023-05-16,7857,16576,0,0,-0.0,0.0,0.000731,0.0,ohlcv_proxy
2023-05-17,7865,3502,0,0,-0.0,0.0,0.000177,0.0,ohlcv_proxy
2023-05-18,7906,4136,0,0,-0.0,0.0,-0.002475,0.0,ohlcv_proxy
2023-05-19,7925,11944,0,0,0.0,0.0,0.000397,0.0,ohlcv_proxy
2023-05-22,7958,9163,0,0,0.0,0.0,0.002207,0.0,ohlcv_proxy
2023-05-23,7985,14776,0,0,0.0,0.0,0.007974,0.0,ohlcv_proxy
2023-05-24,8011,5402,0,0,0.0,0.0,0.009848,0.0,ohlcv_proxy
2023-05-25,7944,15701,0,0,0.0,0.0,0.00979,0.0,ohlcv_proxy
2023-05-26,7898,12389,0,0,-0.0,0.0,0.008859,0.0,ohlcv_proxy
2023-05-30,7903,17988,0,0,-0.0,0.0,0.006834,0.0,ohlcv_proxy
2023-05-31,7851,602875,0,0,-0.0,-0.1,-0.002421,0.0,ohlcv_proxy
2023-06-01,7819,14469,0,0,-0.0,-0.1,-0.002132,0.0,ohlcv_proxy
2023-06-02,7874,11162,0,0,-0.0,-0.1,-0.00224,0.0,ohlcv_proxy
2023-06-05,7954,14972,0,0,0.0,-0.1,-0.001843,0.0,ohlcv_proxy
2023-06-07,7954,11191,0,0,0.0,-0.1,-0.001774,0.0,ohlcv_proxy
2023-06-08,7985,7472,0,0,0.0,-0.1,0.005188,0.0,ohlcv_proxy
2023-06-09,7976,10151,0,0,0.0,-0.1,0.009679,0.0,ohlcv_proxy
2023-06-12,7930,9772,0,0,0.0,-0.1,0.011361,0.0,ohlcv_proxy
2023-06-13,7930,10639,0,0,0.0,-0.1,0.010694,0.0,ohlcv_proxy
2023-06-14,7884,9197,0,0,-0.0,-0.1,0.008961,0.0,ohlcv_proxy
2023-06-15,7851,10481,0,0,-0.0,0.0,0.005752,0.0,ohlcv_proxy
2023-06-16,7857,6196,0,0,-0.0,0.0,0.003068,0.0,ohlcv_proxy
2023-06-19,7861,19609,0,0,-0.0,0.0,0.000872,0.0,ohlcv_proxy
2023-06-20,7861,4181,0,0,-0.0,0.0,-0.000657,0.0,ohlcv_proxy
2023-06-21,7824,9120,0,0,-0.0,0.0,-0.001873,0.0,ohlcv_proxy
2023-06-22,7842,4563,0,0,-0.0,0.0,-0.00169,0.0,ohlcv_proxy
2023-06-23,7757,14811,0,0,-0.0,0.0,-0.004792,0.0,ohlcv_proxy
2023-06-26,7796,1754,0,0,-0.0,0.0,-0.007469,0.0,ohlcv_proxy
2023-06-27,7805,5247,0,0,-0.0,0.0,-0.008171,0.0,ohlcv_proxy
2023-06-28,7834,53241,0,0,-0.0,0.0,-0.004896,0.0,ohlcv_proxy
2023-06-29,7752,13894,0,0,-0.0,0.0,-0.007128,0.0,ohlcv_proxy
2023-06-30,7815,8747,0,0,-0.0,0.0,-0.006007,0.0,ohlcv_proxy
2023-07-03,7829,16602,0,0,-0.0,0.0,-0.005314,0.0,ohlcv_proxy
2023-07-04,7765,17491,0,0,-0.0,0.0,-0.004721,0.0,ohlcv_proxy
2023-07-05,7712,31419,0,0,-0.0,-0.1,-0.008404,0.0,ohlcv_proxy
2023-07-06,7619,38696,0,0,-0.0,-0.2,-0.010538,0.0,ohlcv_proxy
2023-07-07,7539,41202,0,0,-0.0,-0.3,-0.012858,0.0,ohlcv_proxy
2023-07-10,7594,30589,0,0,-0.0,-0.2,-0.014291,0.0,ohlcv_proxy
2023-07-11,7627,35960,0,0,-0.0,-0.1,-0.013992,0.0,ohlcv_proxy
2023-07-12,7670,44563,0,0,-0.0,0.0,-0.013195,0.0,ohlcv_proxy
2023-07-13,7688,8854,0,0,-0.0,0.0,-0.012367,0.0,ohlcv_proxy
2023-07-14,7743,17265,0,0,0.0,0.0,-0.007251,0.0,ohlcv_proxy
2023-07-17,7712,9335,0,0,-0.0,0.0,-0.003697,0.0,ohlcv_proxy
2023-07-18,7657,8607,0,0,-0.0,0.0,-0.001174,0.0,ohlcv_proxy
2023-07-19,7636,6504,0,0,-0.0,0.1,0.000626,0.0,ohlcv_proxy
2023-07-20,7640,21748,0,0,-0.0,0.2,-0.001244,0.0,ohlcv_proxy
2023-07-21,7657,6088,0,0,-0.0,0.3,-0.003913,0.0,ohlcv_proxy
2023-07-24,7577,17771,0,0,-0.0,0.2,-0.007422,0.0,ohlcv_proxy
2023-07-25,7529,16037,0,0,-0.0,0.1,-0.009993,0.0,ohlcv_proxy
2023-07-26,7452,22587,0,0,-0.0,0.0,-0.011292,0.0,ohlcv_proxy
2023-07-27,7590,11110,0,0,-0.0,0.0,-0.0132,0.0,ohlcv_proxy
2023-07-28,7590,8045,0,0,-0.0,0.0,-0.013118,0.0,ohlcv_proxy
2023-07-31,7654,9263,0,0,0.0,0.0,-0.011477,0.0,ohlcv_proxy
2023-08-01,7728,9607,0,0,0.0,0.0,-0.006738,0.0,ohlcv_proxy
2023-08-02,7689,10957,0,0,0.0,0.0,0.00464,0.0,ohlcv_proxy
2023-08-03,7684,7382,0,0,0.0,0.0,0.007169,0.0,ohlcv_proxy
2023-08-04,7743,11788,0,0,0.0,0.0,0.009198,0.0,ohlcv_proxy
2023-08-07,7780,24388,0,0,0.0,0.1,0.01193,0.0,ohlcv_proxy
2023-08-08,7753,6492,0,0,0.0,0.1,0.011673,0.0,ohlcv_proxy
2023-08-09,7728,10425,0,0,0.0,0.1,0.012606,0.0,ohlcv_proxy
2023-08-10,7739,6793,0,0,0.0,0.1,0.013355,0.0,ohlcv_proxy
2023-08-11,7766,9777,0,0,0.0,0.1,0.014172,0.0,ohlcv_proxy
2023-08-14,7796,13847,0,0,0.0,0.1,0.01342,0.0,ohlcv_proxy
2023-08-16,7708,11967,0,0,-0.0,0.1,0.011653,0.0,ohlcv_proxy
2023-08-17,7675,8126,0,0,-0.0,0.1,0.010519,0.0,ohlcv_proxy
2023-08-18,7713,7305,0,0,0.0,0.1,0.009544,0.0,ohlcv_proxy
2023-08-21,7684,8616,0,0,-0.0,0.1,0.007492,0.0,ohlcv_proxy
2023-08-22,7704,4755,0,0,-0.0,0.0,0.002935,0.0,ohlcv_proxy
2023-08-23,7708,16225,0,0,0.0,0.0,0.001363,0.0,ohlcv_proxy
2023-08-24,7689,3663,0,0,-0.0,0.0,-0.001593,0.0,ohlcv_proxy
2023-08-25,7689,5265,0,0,-0.0,0.0,-0.002923,0.0,ohlcv_proxy
2023-08-28,7753,6574,0,0,0.0,0.0,-0.002058,0.0,ohlcv_proxy
2023-08-29,7790,3029,0,0,0.0,0.0,-0.001642,0.0,ohlcv_proxy
2023-08-30,7793,2498,0,0,0.0,0.0,0.000439,0.0,ohlcv_proxy
2023-08-31,7796,3121,0,0,0.0,0.0,0.002199,0.0,ohlcv_proxy
2023-09-01,7801,16874,0,0,0.0,0.1,0.00574,0.0,ohlcv_proxy
2023-09-04,7825,3476,0,0,0.0,0.1,0.007127,0.0,ohlcv_proxy
2023-09-05,7793,40893,0,0,0.0,0.0,0.005779,0.0,ohlcv_proxy
2023-09-06,7780,2263,0,0,0.0,0.0,0.005684,0.0,ohlcv_proxy
2023-09-07,7771,1294,0,0,0.0,0.0,0.005416,0.0,ohlcv_proxy
2023-09-08,7855,31973,0,0,0.0,0.1,0.006181,0.0,ohlcv_proxy
2023-09-11,7866,25483,0,0,0.0,0.2,0.006204,0.0,ohlcv_proxy
2023-09-12,7852,2792,0,0,0.0,0.2,0.009386,0.0,ohlcv_proxy
2023-09-13,7889,5683,0,0,0.0,0.2,0.009112,0.0,ohlcv_proxy
2023-09-14,7950,13278,0,0,0.0,0.2,0.009295,0.0,ohlcv_proxy
2023-09-15,8021,14644,0,0,0.0,0.1,0.012764,0.0,ohlcv_proxy
2023-09-18,8044,9179,0,0,0.0,0.1,0.017945,0.0,ohlcv_proxy
2023-09-19,8063,23691,0,0,0.0,0.3,0.019128,0.0,ohlcv_proxy
2023-09-20,8082,6708,0,0,0.0,0.3,0.019004,0.0,ohlcv_proxy
2023-09-21,8039,6383,0,0,0.0,0.3,0.020377,0.0,ohlcv_proxy
2023-09-22,8016,23422,0,0,0.0,0.1,0.017568,0.0,ohlcv_proxy
2023-09-25,8004,15484,0,0,0.0,0.0,0.015242,0.0,ohlcv_proxy
2023-09-26,7926,8393,0,0,0.0,0.0,0.011742,0.0,ohlcv_proxy
2023-09-27,7959,108314,0,0,0.0,0.1,0.005354,0.0,ohlcv_proxy
2023-10-04,7835,18976,0,0,-0.0,0.1,0.003623,0.0,ohlcv_proxy
2023-10-05,7825,4193,0,0,-0.0,0.1,0.001445,0.0,ohlcv_proxy
2023-10-06,7870,4456,0,0,-0.0,0.1,0.000302,0.0,ohlcv_proxy
2023-10-10,7921,8730,0,0,0.0,0.0,-0.001833,0.0,ohlcv_proxy
2023-10-11,7950,21446,0,0,0.0,0.0,-0.007161,0.0,ohlcv_proxy
2023-10-12,7989,6280,0,0,0.0,0.0,-0.00259,0.0,ohlcv_proxy
2023-10-13,7999,2303,0,0,0.0,0.1,-0.002054,0.0,ohlcv_proxy
2023-10-16,8016,9947,0,0,0.0,0.1,-0.000541,0.0,ohlcv_proxy
2023-10-17,8004,2915,0,0,0.0,0.1,0.000755,0.0,ohlcv_proxy
2023-10-18,8060,11606,0,0,0.0,0.0,0.006031,0.0,ohlcv_proxy
2023-10-19,7973,3192,0,0,0.0,0.0,0.006134,0.0,ohlcv_proxy
2023-10-20,7926,20544,0,0,-0.0,0.0,0.001626,0.0,ohlcv_proxy
2023-10-23,7862,4206,0,0,-0.0,0.0,-0.000366,0.0,ohlcv_proxy
2023-10-24,7858,8200,0,0,-0.0,0.0,-0.001638,0.0,ohlcv_proxy
2023-10-25,7941,8525,0,0,0.0,0.0,-0.005084,0.0,ohlcv_proxy
2023-10-26,7840,8216,0,0,-0.0,0.0,-0.006478,0.0,ohlcv_proxy
2023-10-27,7840,17255,0,0,-0.0,0.0,-0.009287,0.0,ohlcv_proxy
2023-10-30,7849,2656,0,0,-0.0,0.0,-0.008813,0.0,ohlcv_proxy
2023-10-31,7806,422461,0,0,-0.0,-0.1,-0.005748,0.0,ohlcv_proxy
2023-11-01,7881,8193,0,0,-0.0,-0.1,-0.003554,0.0,ohlcv_proxy
2023-11-02,7853,13253,0,0,-0.0,-0.1,-0.003519,0.0,ohlcv_proxy
2023-11-03,7903,11951,0,0,0.0,-0.1,-0.003531,0.0,ohlcv_proxy
2023-11-06,7969,19732,0,0,0.0,-0.1,-0.003228,0.0,ohlcv_proxy
2023-11-07,7969,3834,0,0,0.0,-0.1,0.009271,0.0,ohlcv_proxy
2023-11-08,7937,2495,0,0,0.0,-0.1,0.01056,0.0,ohlcv_proxy
2023-11-09,7982,14420,0,0,0.0,-0.1,0.014647,0.0,ohlcv_proxy
2023-11-10,7973,1487,0,0,0.0,-0.1,0.016685,0.0,ohlcv_proxy
2023-11-13,7995,5163,0,0,0.0,-0.1,0.017702,0.0,ohlcv_proxy
2023-11-14,8035,4627,0,0,0.0,0.0,0.018958,0.0,ohlcv_proxy
2023-11-15,8074,10046,0,0,0.0,0.0,0.022523,0.0,ohlcv_proxy
2023-11-16,8105,6020,0,0,0.0,0.0,0.027059,0.0,ohlcv_proxy
2023-11-17,8114,5863,0,0,0.0,0.0,0.028992,0.0,ohlcv_proxy
2023-11-20,8139,21127,0,0,0.0,0.0,0.03261,0.0,ohlcv_proxy
2023-11-21,8128,8313,0,0,0.0,0.0,0.033364,0.0,ohlcv_proxy
2023-11-22,8149,15142,0,0,0.0,0.0,0.034611,0.0,ohlcv_proxy
2023-11-23,8169,5282,0,0,0.0,0.0,0.035035,0.0,ohlcv_proxy
2023-11-24,8169,4636,0,0,0.0,0.0,0.035293,0.0,ohlcv_proxy
2023-11-27,8198,5412,0,0,0.0,0.0,0.036267,0.0,ohlcv_proxy
2023-11-28,8202,3469,0,0,0.0,0.0,0.01608,0.0,ohlcv_proxy
2023-11-29,8159,14448,0,0,0.0,-0.1,0.014507,0.0,ohlcv_proxy
2023-11-30,8114,6832,0,0,0.0,-0.1,0.010871,0.0,ohlcv_proxy
2023-12-01,8118,200833,0,0,0.0,0.0,0.002376,0.0,ohlcv_proxy
2023-12-04,8193,5449,0,0,0.0,0.0,0.001233,0.0,ohlcv_proxy
2023-12-05,8206,48115,0,0,0.0,0.1,0.001299,0.0,ohlcv_proxy
2023-12-06,8206,8554,0,0,0.0,0.1,0.001064,0.0,ohlcv_proxy
2023-12-07,8183,33064,0,0,0.0,0.0,0.000591,0.0,ohlcv_proxy
2023-12-08,8188,21357,0,0,0.0,0.0,0.00662,0.0,ohlcv_proxy
2023-12-11,8198,17699,0,0,0.0,0.0,0.006188,0.0,ohlcv_proxy
2023-12-12,8219,14910,0,0,0.0,0.0,0.005577,0.0,ohlcv_proxy
2023-12-13,8202,28177,0,0,0.0,0.1,0.005113,0.0,ohlcv_proxy
2023-12-14,8198,24413,0,0,0.0,0.1,0.005316,0.0,ohlcv_proxy
2023-12-15,8178,6519,0,0,0.0,0.0,0.005369,0.0,ohlcv_proxy
2023-12-18,8154,28306,0,0,-0.0,0.0,0.003765,0.0,ohlcv_proxy
2023-12-19,8135,15120,0,0,-0.0,-0.1,0.002278,0.0,ohlcv_proxy
2023-12-20,8233,24666,0,0,0.0,-0.1,0.00264,0.0,ohlcv_proxy
2023-12-21,8206,25216,0,0,0.0,0.0,0.002656,0.0,ohlcv_proxy
2023-12-22,8228,28970,0,0,0.0,0.0,0.003539,0.0,ohlcv_proxy
2023-12-26,8268,34612,0,0,0.0,0.0,0.006351,0.0,ohlcv_proxy
2023-12-27,8241,11965,0,0,0.0,0.0,0.007716,0.0,ohlcv_proxy
2023-12-28,8296,25990,0,0,0.0,0.0,0.008606,0.0,ohlcv_proxy
2024-01-02,8237,385467,0,0,0.0,-0.1,0.004837,0.0,ohlcv_proxy
2024-01-03,8135,16874,0,0,-0.0,-0.1,0.002083,0.0,ohlcv_proxy
2024-01-04,8096,44759,0,0,-0.0,-0.1,0.001015,0.0,ohlcv_proxy
2024-01-05,8035,8052,0,0,-0.0,-0.1,0.00073,0.0,ohlcv_proxy
2024-01-08,8045,10495,0,0,-0.0,-0.1,-9e-06,0.0,ohlcv_proxy
2024-01-09,8052,3428,0,0,-0.0,-0.1,-0.014945,0.0,ohlcv_proxy
2024-01-10,8052,6328,0,0,-0.0,-0.1,-0.016538,0.0,ohlcv_proxy
2024-01-11,8040,12154,0,0,-0.0,-0.1,-0.020251,0.0,ohlcv_proxy
2024-01-12,8017,7594,0,0,-0.0,-0.1,-0.0204,0.0,ohlcv_proxy
2024-01-15,8040,15117,0,0,-0.0,-0.1,-0.020156,0.0,ohlcv_proxy
2024-01-16,7982,9934,0,0,-0.0,0.0,-0.021268,0.0,ohlcv_proxy
2024-01-17,7876,11458,0,0,-0.0,0.0,-0.024773,0.0,ohlcv_proxy
2024-01-18,7862,11408,0,0,-0.0,0.0,-0.028876,0.0,ohlcv_proxy
2024-01-19,7876,8575,0,0,-0.0,0.0,-0.031049,0.0,ohlcv_proxy
2024-01-22,7903,4403,0,0,-0.0,0.0,-0.035237,0.0,ohlcv_proxy
2024-01-23,7951,9208,0,0,-0.0,0.0,-0.035707,0.0,ohlcv_proxy
2024-01-24,7951,10342,0,0,-0.0,0.0,-0.032828,0.0,ohlcv_proxy
2024-01-25,8008,9738,0,0,-0.0,0.0,-0.027574,0.0,ohlcv_proxy
2024-01-26,8065,7207,0,0,0.0,0.0,-0.022908,0.0,ohlcv_proxy
2024-01-29,8206,24800,0,0,0.0,0.0,-0.010545,0.0,ohlcv_proxy
2024-01-30,8224,28174,0,0,0.0,0.1,0.010368,0.0,ohlcv_proxy
2024-01-31,8341,217798,0,0,0.0,0.2,0.013449,0.0,ohlcv_proxy
2024-02-01,8646,94978,0,0,1e-06,0.3,0.013637,0.0,ohlcv_proxy
2024-02-02,8773,179380,0,0,1e-06,0.4,0.013039,0.0,ohlcv_proxy
2024-02-05,8834,127276,0,0,1e-06,0.5,0.013096,0.0,ohlcv_proxy
2024-02-06,8710,88193,0,0,1e-06,0.4,0.013634,0.0,ohlcv_proxy
2024-02-07,8879,62027,0,0,1e-06,0.4,0.026886,0.0,ohlcv_proxy
2024-02-08,8931,50373,0,0,1e-06,0.4,0.028263,0.0,ohlcv_proxy
2024-02-13,8960,56235,0,0,1e-06,0.4,0.029601,0.0,ohlcv_proxy
2024-02-14,8862,30787,0,0,1e-06,0.4,0.028421,0.0,ohlcv_proxy
2024-02-15,8751,22462,0,0,0.0,0.3,0.032657,0.0,ohlcv_proxy
2024-02-16,8916,22012,0,0,1e-06,0.2,0.031914,0.0,ohlcv_proxy
2024-02-19,9109,177552,0,0,1e-06,0.2,0.035879,0.0,ohlcv_proxy
2024-02-20,9001,27628,0,0,1e-06,0.1,0.035563,0.0,ohlcv_proxy
2024-02-21,8979,19472,0,0,0.0,0.0,0.036516,0.0,ohlcv_proxy
2024-02-22,9006,22329,0,0,0.0,0.1,0.037712,0.0,ohlcv_proxy
2024-02-23,9096,33222,0,0,0.0,0.1,0.037641,0.0,ohlcv_proxy
2024-02-26,8901,49814,0,0,0.0,0.1,0.025769,0.0,ohlcv_proxy
2024-02-27,8848,105308,0,0,0.0,0.1,0.017178,0.0,ohlcv_proxy
2024-02-28,8974,41191,0,0,0.0,0.1,0.015868,0.0,ohlcv_proxy
2024-02-29,9015,86355,0,0,0.0,0.1,0.015283,0.0,ohlcv_proxy
2024-03-04,9104,40338,0,0,0.0,0.1,0.006039,0.0,ohlcv_proxy
2024-03-05,9096,22939,0,0,0.0,0.0,0.005699,0.0,ohlcv_proxy
2024-03-06,9091,26083,0,0,0.0,0.0,0.010799,0.0,ohlcv_proxy
2024-03-07,9104,59648,0,0,0.0,0.0,0.011334,0.0,ohlcv_proxy
2024-03-08,9126,13850,0,0,0.0,0.0,0.012175,0.0,ohlcv_proxy
2024-03-11,9049,17211,0,0,0.0,0.0,0.01042,0.0,ohlcv_proxy
2024-03-12,9017,17797,0,0,0.0,0.0,0.008776,0.0,ohlcv_proxy
2024-03-13,9122,19162,0,0,0.0,0.0,0.008627,0.0,ohlcv_proxy
2024-03-14,9263,36897,0,0,0.0,0.0,0.012673,0.0,ohlcv_proxy
2024-03-15,9197,26257,0,0,0.0,0.0,0.012859,0.0,ohlcv_proxy
2024-03-18,9113,143020,0,0,0.0,-0.1,0.009383,0.0,ohlcv_proxy
2024-03-19,9045,216754,0,0,0.0,-0.2,0.006127,0.0,ohlcv_proxy
2024-03-20,9082,44682,0,0,0.0,-0.2,0.005541,0.0,ohlcv_proxy
2024-03-21,9192,71952,0,0,0.0,-0.2,0.004508,0.0,ohlcv_proxy
2024-03-22,9201,46902,0,0,0.0,-0.2,0.0042,0.0,ohlcv_proxy
2024-03-25,9150,41146,0,0,0.0,-0.2,0.004033,0.0,ohlcv_proxy
2024-03-26,9197,19207,0,0,0.0,-0.2,0.009896,0.0,ohlcv_proxy
2024-03-27,9126,41675,0,0,0.0,-0.2,0.008137,0.0,ohlcv_proxy
2024-03-28,9100,16819,0,0,0.0,-0.2,0.005887,0.0,ohlcv_proxy
2024-03-29,8983,1075431,0,0,-0.0,-0.3,-0.004917,0.0,ohlcv_proxy
2024-04-01,8931,52433,0,0,-0.0,-0.2,-0.005358,0.0,ohlcv_proxy
2024-04-02,8906,30001,0,0,-0.0,-0.1,-0.00566,0.0,ohlcv_proxy
2024-04-03,8911,22242,0,0,-0.0,-0.1,-0.006125,0.0,ohlcv_proxy
2024-04-04,8965,34293,0,0,-0.0,-0.1,-0.005993,0.0,ohlcv_proxy
2024-04-05,8969,14448,0,0,-0.0,-0.1,-0.010592,0.0,ohlcv_proxy
2024-04-08,8983,18856,0,0,-0.0,-0.1,-0.009514,0.0,ohlcv_proxy
2024-04-09,8927,22719,0,0,-0.0,-0.1,-0.00866,0.0,ohlcv_proxy
2024-04-11,8883,19975,0,0,-0.0,-0.1,-0.008874,0.0,ohlcv_proxy
2024-04-12,8768,21532,0,0,-0.0,-0.1,-0.013179,0.0,ohlcv_proxy
2024-04-15,8773,19340,0,0,-0.0,0.0,-0.016396,0.0,ohlcv_proxy
2024-04-16,8756,20486,0,0,-0.0,0.0,-0.020009,0.0,ohlcv_proxy
2024-04-17,8729,17626,0,0,-0.0,0.0,-0.02361,0.0,ohlcv_proxy
2024-04-18,8765,9263,0,0,-0.0,0.0,-0.025937,0.0,ohlcv_proxy
2024-04-19,8756,21740,0,0,-0.0,0.0,-0.024909,0.0,ohlcv_proxy
2024-04-22,8965,23274,0,0,0.0,0.0,-0.018677,0.0,ohlcv_proxy
2024-04-23,9011,26103,0,0,0.0,0.0,-0.010961,0.0,ohlcv_proxy
2024-04-24,9011,16078,0,0,0.0,0.0,-0.005199,0.0,ohlcv_proxy
2024-04-25,9067,11723,0,0,0.0,0.0,-0.001223,0.0,ohlcv_proxy
2024-04-26,9113,76880,0,0,0.0,0.0,0.010203,0.0,ohlcv_proxy
2024-04-29,9174,90430,0,0,0.0,0.1,0.0161,0.0,ohlcv_proxy
2024-04-30,9155,31363,0,0,0.0,0.1,0.016422,0.0,ohlcv_proxy
2024-05-02,9118,38965,0,0,0.0,0.1,0.015502,0.0,ohlcv_proxy
2024-05-03,9109,15165,0,0,0.0,0.1,0.014929,0.0,ohlcv_proxy
2024-05-07,9139,30521,0,0,0.0,0.1,0.014916,0.0,ohlcv_proxy
2024-05-08,9174,18821,0,0,0.0,0.1,0.012792,0.0,ohlcv_proxy
2024-05-09,9169,25992,0,0,0.0,0.1,0.012112,0.0,ohlcv_proxy
2024-05-10,9231,27134,0,0,0.0,0.1,0.013691,0.0,ohlcv_proxy
2024-05-13,9264,21838,0,0,0.0,0.1,0.014754,0.0,ohlcv_proxy
2024-05-14,9251,16547,0,0,0.0,0.1,0.015465,0.0,ohlcv_proxy
2024-05-16,9351,26762,0,0,0.0,0.0,0.016952,0.0,ohlcv_proxy
2024-05-17,9327,12839,0,0,0.0,0.0,0.018241,0.0,ohlcv_proxy
2024-05-20,9377,16807,0,0,0.0,0.0,0.019459,0.0,ohlcv_proxy
2024-05-21,9368,22615,0,0,0.0,0.0,0.020414,0.0,ohlcv_proxy
2024-05-22,9397,29448,0,0,0.0,0.0,0.020555,0.0,ohlcv_proxy
2024-05-23,9346,23729,0,0,0.0,0.0,0.018774,0.0,ohlcv_proxy
2024-05-24,9276,19335,0,0,0.0,0.0,0.016331,0.0,ohlcv_proxy
2024-05-27,9268,15510,0,0,0.0,0.0,0.013857,0.0,ohlcv_proxy
2024-05-28,9254,23697,0,0,0.0,0.0,0.010758,0.0,ohlcv_proxy
2024-05-29,9251,19469,0,0,0.0,0.0,0.005074,0.0,ohlcv_proxy
2024-05-30,9165,12981,0,0,-0.0,0.0,0.000351,0.0,ohlcv_proxy
2024-05-31,9226,14493,0,0,0.0,0.0,-0.001364,0.0,ohlcv_proxy
2024-06-03,9319,15049,0,0,0.0,0.0,-0.002047,0.0,ohlcv_proxy
2024-06-04,9174,21389,0,0,-0.0,0.0,-0.004392,0.0,ohlcv_proxy
2024-06-05,9193,13837,0,0,-0.0,0.0,-0.006477,0.0,ohlcv_proxy
2024-06-07,9206,15320,0,0,-0.0,0.0,-0.006012,0.0,ohlcv_proxy
2024-06-10,9260,36064,0,0,0.0,0.1,-0.005161,0.0,ohlcv_proxy
2024-06-11,9221,7557,0,0,-0.0,0.1,-0.006994,0.0,ohlcv_proxy
2024-06-12,9236,8769,0,0,0.0,0.1,-0.005534,0.0,ohlcv_proxy
2024-06-13,9260,12838,0,0,0.0,0.1,-0.0044,0.0,ohlcv_proxy
2024-06-14,9260,29433,0,0,0.0,0.1,-0.002469,0.0,ohlcv_proxy
2024-06-17,9216,22992,0,0,-0.0,0.1,-0.003321,0.0,ohlcv_proxy
2024-06-18,9216,18389,0,0,-0.0,0.1,-0.002901,0.0,ohlcv_proxy
2024-06-19,9198,98726,0,0,-0.0,0.0,-0.003134,0.0,ohlcv_proxy
2024-06-20,9236,65380,0,0,0.0,0.1,-0.001695,0.0,ohlcv_proxy
2024-06-21,9211,84048,0,0,-0.0,0.0,-0.001501,0.0,ohlcv_proxy
2024-06-24,9206,12355,0,0,-0.0,-0.1,-0.001323,0.0,ohlcv_proxy
2024-06-25,9216,25018,0,0,-0.0,-0.1,-0.001141,0.0,ohlcv_proxy
2024-06-26,9198,36446,0,0,-0.0,-0.1,-0.000392,0.0,ohlcv_proxy
2024-06-27,9179,13625,0,0,-0.0,-0.1,-0.001299,0.0,ohlcv_proxy
2024-06-28,9261,29270,0,0,0.0,-0.1,-0.000553,0.0,ohlcv_proxy
2024-07-01,9222,15037,0,0,0.0,-0.1,-0.000349,0.0,ohlcv_proxy
2024-07-02,9165,21309,0,0,-0.0,-0.1,-0.000868,0.0,ohlcv_proxy
2024-07-03,9207,20148,0,0,-0.0,0.0,-0.000612,0.0,ohlcv_proxy
2024-07-04,9256,25502,0,0,0.0,-0.1,0.000678,0.0,ohlcv_proxy
2024-07-05,9247,38581,0,0,0.0,0.0,0.000263,0.0,ohlcv_proxy
2024-07-08,9222,25403,0,0,0.0,0.0,0.000484,0.0,ohlcv_proxy
2024-07-09,9207,24455,0,0,-0.0,0.0,0.00122,0.0,ohlcv_proxy
2024-07-10,9207,28521,0,0,-0.0,0.0,0.001153,0.0,ohlcv_proxy
2024-07-11,9237,21145,0,0,0.0,0.0,0.000769,0.0,ohlcv_proxy
2024-07-12,9247,22985,0,0,0.0,0.0,0.000568,0.0,ohlcv_proxy
2024-07-15,9269,26141,0,0,0.0,0.0,0.001419,0.0,ohlcv_proxy
2024-07-16,9281,11379,0,0,0.0,0.0,0.00245,0.0,ohlcv_proxy
2024-07-17,9307,23666,0,0,0.0,0.0,0.004249,0.0,ohlcv_proxy
2024-07-18,9334,13807,0,0,0.0,0.0,0.005777,0.0,ohlcv_proxy
2024-07-19,9288,18172,0,0,0.0,0.0,0.006206,0.0,ohlcv_proxy
2024-07-22,9293,25532,0,0,0.0,0.0,0.006514,0.0,ohlcv_proxy
2024-07-23,9284,31586,0,0,0.0,0.0,0.005774,0.0,ohlcv_proxy
2024-07-24,9261,9906,0,0,0.0,0.0,0.004684,0.0,ohlcv_proxy
2024-07-25,9212,18496,0,0,-0.0,0.0,0.002472,0.0,ohlcv_proxy
2024-07-26,9320,35154,0,0,0.0,0.1,0.003216,0.0,ohlcv_proxy
2024-07-29,9391,20039,0,0,0.0,0.1,0.004251,0.0,ohlcv_proxy
2024-07-30,9367,38919,0,0,0.0,0.0,0.005596,0.0,ohlcv_proxy
2024-07-31,9448,13337,0,0,0.0,0.0,0.0067,0.0,ohlcv_proxy
2024-08-01,9490,32382,0,0,0.0,0.0,0.010548,0.0,ohlcv_proxy
2024-08-02,9307,58544,0,0,-0.0,-0.1,0.008346,0.0,ohlcv_proxy
2024-08-05,8757,60042,0,0,-1e-06,-0.2,-0.005405,0.1,ohlcv_proxy
2024-08-06,8950,89055,0,0,-0.0,-0.1,-0.013055,0.1,ohlcv_proxy
2024-08-07,9102,32905,0,0,-0.0,-0.1,-0.014126,0.1,ohlcv_proxy
2024-08-08,9192,32694,0,0,-0.0,-0.1,-0.017777,0.1,ohlcv_proxy
2024-08-09,9226,9975,0,0,0.0,-0.2,-0.024492,0.1,ohlcv_proxy
2024-08-12,9277,26395,0,0,0.0,-0.2,-0.012672,0.1,ohlcv_proxy
2024-08-13,9268,18454,0,0,0.0,-0.1,0.000672,0.1,ohlcv_proxy
2024-08-14,9320,15449,0,0,0.0,-0.1,0.006178,0.1,ohlcv_proxy
2024-08-16,9307,46711,0,0,0.0,-0.1,0.009833,0.1,ohlcv_proxy
2024-08-19,9358,41718,0,0,0.0,0.0,0.011558,0.1,ohlcv_proxy
2024-08-20,9424,23525,0,0,0.0,0.1,0.01372,0.0,ohlcv_proxy
2024-08-21,9486,24679,0,0,0.0,0.0,0.016493,0.0,ohlcv_proxy
2024-08-22,9482,22317,0,0,0.0,0.0,0.017814,0.0,ohlcv_proxy
2024-08-23,9534,18344,0,0,0.0,0.0,0.022236,0.0,ohlcv_proxy
2024-08-26,9562,47661,0,0,0.0,0.0,0.027478,0.0,ohlcv_proxy
2024-08-27,9577,47810,0,0,0.0,0.0,0.029011,0.0,ohlcv_proxy
2024-08-28,9502,33558,0,0,0.0,0.0,0.028404,0.0,ohlcv_proxy
2024-08-29,9522,22428,0,0,0.0,0.0,0.028464,0.0,ohlcv_proxy
2024-08-30,9482,40602,0,0,0.0,0.0,0.026914,0.0,ohlcv_proxy
2024-09-02,9490,12341,0,0,0.0,0.0,0.025419,0.0,ohlcv_proxy
2024-09-03,9535,14616,0,0,0.0,0.0,0.017044,0.0,ohlcv_proxy
2024-09-04,9429,58937,0,0,0.0,-0.1,0.006655,0.0,ohlcv_proxy
2024-09-05,9448,16293,0,0,0.0,-0.1,0.003536,0.0,ohlcv_proxy
2024-09-06,9400,13930,0,0,-0.0,-0.1,0.000612,0.0,ohlcv_proxy
2024-09-09,9386,20541,0,0,-0.0,-0.1,-0.001102,0.0,ohlcv_proxy
2024-09-10,9395,27290,0,0,-0.0,-0.1,-0.003633,0.0,ohlcv_proxy
2024-09-11,9268,37637,0,0,-0.0,-0.1,-0.008824,0.0,ohlcv_proxy
2024-09-12,9383,12502,0,0,-0.0,-0.1,-0.010115,0.0,ohlcv_proxy
2024-09-13,9462,13897,0,0,0.0,-0.1,-0.010575,0.0,ohlcv_proxy
2024-09-19,9477,40739,0,0,0.0,-0.1,-0.008092,0.0,ohlcv_proxy
2024-09-20,9467,21291,0,0,0.0,-0.1,-0.007026,0.0,ohlcv_proxy
2024-09-23,9498,26315,0,0,0.0,0.0,-0.000126,0.0,ohlcv_proxy
2024-09-24,9507,33814,0,0,0.0,0.0,0.001537,0.0,ohlcv_proxy
2024-09-25,9453,23013,0,0,0.0,0.0,0.001525,0.0,ohlcv_proxy
2024-09-26,9522,23091,0,0,0.0,0.0,0.003099,0.0,ohlcv_proxy
2024-09-27,9546,9726,0,0,0.0,0.0,0.005045,0.0,ohlcv_proxy
2024-09-30,9457,100303,0,0,0.0,-0.1,0.002881,0.0,ohlcv_proxy
2024-10-02,9374,24647,0,0,-0.0,-0.1,0.001453,0.0,ohlcv_proxy
2024-10-04,9400,12297,0,0,-0.0,-0.1,0.001487,0.0,ohlcv_proxy
2024-10-07,9502,36810,0,0,0.0,-0.1,0.001286,0.0,ohlcv_proxy
2024-10-08,9448,13800,0,0,0.0,-0.1,0.000969,0.0,ohlcv_proxy
2024-10-10,9467,16818,0,0,0.0,-0.1,0.000358,0.0,ohlcv_proxy
2024-10-11,9467,14448,0,0,0.0,-0.1,0.002652,0.0,ohlcv_proxy
2024-10-14,9512,15833,0,0,0.0,-0.1,0.003966,0.0,ohlcv_proxy
2024-10-15,9536,9870,0,0,0.0,-0.1,0.003334,0.0,ohlcv_proxy
2024-10-16,9569,27687,0,0,0.0,-0.1,0.005922,0.0,ohlcv_proxy
2024-10-17,9551,10890,0,0,0.0,0.0,0.005751,0.0,ohlcv_proxy
2024-10-18,9555,18378,0,0,0.0,0.0,0.006928,0.0,ohlcv_proxy
2024-10-21,9588,19584,0,0,0.0,0.0,0.008077,0.0,ohlcv_proxy
2024-10-22,9620,25605,0,0,0.0,0.0,0.008997,0.0,ohlcv_proxy
2024-10-23,9574,19540,0,0,0.0,0.0,0.008744,0.0,ohlcv_proxy
2024-10-24,9574,20097,0,0,0.0,0.0,0.008572,0.0,ohlcv_proxy
2024-10-25,9584,13435,0,0,0.0,0.0,0.008923,0.0,ohlcv_proxy
2024-10-28,9555,20611,0,0,0.0,0.0,0.007679,0.0,ohlcv_proxy
2024-10-29,9588,16768,0,0,0.0,0.0,0.006434,0.0,ohlcv_proxy
2024-10-30,9588,25179,0,0,0.0,0.0,0.006461,0.0,ohlcv_proxy
2024-10-31,9574,26071,0,0,0.0,0.0,0.004421,0.0,ohlcv_proxy
2024-11-01,9592,36673,0,0,0.0,0.1,0.003207,0.0,ohlcv_proxy
2024-11-04,9569,19430,0,0,0.0,0.1,0.002892,0.0,ohlcv_proxy
2024-11-05,9574,12558,0,0,0.0,0.1,0.002118,0.0,ohlcv_proxy
2024-11-06,9607,18056,0,0,0.0,0.1,0.001748,0.0,ohlcv_proxy
2024-11-07,9626,18534,0,0,0.0,0.1,0.002035,0.0,ohlcv_proxy
2024-11-08,9607,20537,0,0,0.0,0.1,0.00185,0.0,ohlcv_proxy
2024-11-11,9592,22924,0,0,0.0,0.1,0.001979,0.0,ohlcv_proxy
2024-11-12,9472,26139,0,0,-0.0,0.1,-0.000413,0.0,ohlcv_proxy
2024-11-13,9324,35964,0,0,-0.0,0.0,-0.006317,0.0,ohlcv_proxy
2024-11-14,9357,28355,0,0,-0.0,0.0,-0.009978,0.0,ohlcv_proxy
2024-11-15,9400,168340,0,0,-0.0,0.0,-0.009985,0.0,ohlcv_proxy
2024-11-18,9453,39034,0,0,-0.0,0.0,-0.010242,0.0,ohlcv_proxy
2024-11-19,9462,38853,0,0,-0.0,0.0,-0.009313,0.0,ohlcv_proxy
2024-11-20,9522,18229,0,0,0.0,0.0,-0.007341,0.0,ohlcv_proxy
2024-11-21,9546,21610,0,0,0.0,0.0,-0.005604,0.0,ohlcv_proxy
2024-11-22,9584,9758,0,0,0.0,0.0,0.000458,0.0,ohlcv_proxy
2024-11-25,9597,21387,0,0,0.0,0.0,0.003903,0.0,ohlcv_proxy
2024-11-26,9657,19855,0,0,0.0,0.0,0.009513,0.0,ohlcv_proxy
2024-11-27,9750,23383,0,0,0.0,0.1,0.01441,0.0,ohlcv_proxy
2024-11-28,9801,81366,0,0,0.0,0.2,0.021298,0.0,ohlcv_proxy
2024-11-29,9760,15862,0,0,0.0,0.1,0.022292,0.0,ohlcv_proxy
2024-12-02,9725,33364,0,0,0.0,0.1,0.02289,0.0,ohlcv_proxy
2024-12-03,9889,34869,0,0,0.0,0.1,0.02472,0.0,ohlcv_proxy
2024-12-04,9703,64881,0,0,0.0,0.0,0.021277,0.0,ohlcv_proxy
2024-12-05,9579,27364,0,0,-0.0,0.0,0.016889,0.0,ohlcv_proxy
2024-12-06,9546,26161,0,0,-0.0,0.0,0.01412,0.0,ohlcv_proxy
2024-12-09,9266,62808,0,0,-0.0,-0.1,0.003066,0.0,ohlcv_proxy
2024-12-10,9404,53978,0,0,-0.0,-0.1,-0.005184,0.0,ohlcv_proxy
2024-12-11,9541,22517,0,0,-0.0,-0.1,-0.013157,0.0,ohlcv_proxy
2024-12-12,9626,23478,0,0,0.0,-0.2,-0.013815,0.0,ohlcv_proxy
2024-12-13,9616,45203,0,0,0.0,-0.2,-0.015355,0.0,ohlcv_proxy
2024-12-16,9569,29987,0,0,-0.0,-0.2,-0.007121,0.0,ohlcv_proxy
2024-12-17,9527,32130,0,0,-0.0,-0.2,-0.002974,0.0,ohlcv_proxy
2024-12-18,9611,16645,0,0,0.0,-0.1,-0.002247,0.0,ohlcv_proxy
2024-12-19,9559,33502,0,0,-0.0,-0.1,-0.00343,0.0,ohlcv_proxy
2024-12-20,9493,31533,0,0,-0.0,-0.1,-0.006125,0.0,ohlcv_proxy
2024-12-23,9597,27868,0,0,0.0,0.0,-0.005582,0.0,ohlcv_proxy
2024-12-24,9616,15894,0,0,0.0,0.0,-0.003962,0.0,ohlcv_proxy
2024-12-26,9588,17309,0,0,0.0,0.0,-0.003715,0.0,ohlcv_proxy
2024-12-27,9477,27496,0,0,-0.0,0.0,-0.002444,0.0,ohlcv_proxy
2024-12-30,9390,43454,0,0,-0.0,0.0,-0.004796,0.0,ohlcv_proxy
2025-01-02,9385,29889,0,0,-0.0,0.0,-0.007923,0.0,ohlcv_proxy
2025-01-03,9419,18216,0,0,-0.0,0.0,-0.00809,0.0,ohlcv_proxy
2025-01-06,9419,24842,0,0,-0.0,0.0,-0.007807,0.0,ohlcv_proxy
2025-01-07,9457,15393,0,0,-0.0,0.0,-0.008143,0.0,ohlcv_proxy
2025-01-08,9419,30796,0,0,-0.0,0.0,-0.006542,0.0,ohlcv_proxy
2025-01-09,9400,68924,0,0,-0.0,-0.1,-0.008009,0.0,ohlcv_proxy
2025-01-10,9429,29783,0,0,-0.0,-0.1,-0.008297,0.0,ohlcv_proxy
2025-01-13,9395,16792,0,0,-0.0,-0.1,-0.008084,0.0,ohlcv_proxy
2025-01-14,9434,16848,0,0,-0.0,-0.1,-0.007539,0.0,ohlcv_proxy
2025-01-15,9419,24354,0,0,-0.0,-0.1,-0.006133,0.0,ohlcv_proxy
2025-01-16,9439,22003,0,0,-0.0,-0.1,-0.004078,0.0,ohlcv_proxy
2025-01-17,9477,12087,0,0,0.0,-0.1,-0.003126,0.0,ohlcv_proxy
2025-01-20,9493,16399,0,0,0.0,-0.1,-0.000859,0.0,ohlcv_proxy
2025-01-21,9512,20955,0,0,0.0,-0.1,0.001357,0.0,ohlcv_proxy
2025-01-22,9517,40431,0,0,0.0,0.0,0.004147,0.0,ohlcv_proxy
2025-01-23,9486,25647,0,0,0.0,0.1,0.005722,0.0,ohlcv_proxy
2025-01-24,9560,28667,0,0,0.0,0.1,0.007191,0.0,ohlcv_proxy
2025-01-31,9589,33835,0,0,0.0,0.1,0.008743,0.0,ohlcv_proxy
2025-02-03,9462,54766,0,0,-0.0,0.0,0.006735,0.0,ohlcv_proxy
2025-02-04,9494,12674,0,0,0.0,0.0,0.005887,0.0,ohlcv_proxy
2025-02-05,9570,28826,0,0,0.0,0.0,0.006378,0.0,ohlcv_proxy
2025-02-06,9580,27292,0,0,0.0,0.0,0.005955,0.0,ohlcv_proxy
2025-02-07,9528,22452,0,0,0.0,0.0,0.003999,0.0,ohlcv_proxy
2025-02-10,9547,40613,0,0,0.0,0.0,0.006831,0.0,ohlcv_proxy
2025-02-11,9528,53829,0,0,0.0,-0.2,0.00576,0.0,ohlcv_proxy
2025-02-12,9528,28684,0,0,0.0,-0.2,0.003616,0.0,ohlcv_proxy
2025-02-13,9585,15629,0,0,0.0,-0.2,0.002682,0.0,ohlcv_proxy
2025-02-14,9613,27080,0,0,0.0,-0.2,0.003216,0.0,ohlcv_proxy
2025-02-17,9663,42939,0,0,0.0,-0.1,0.004943,0.0,ohlcv_proxy
2025-02-18,9663,24929,0,0,0.0,-0.1,0.007544,0.0,ohlcv_proxy
2025-02-19,9704,33726,0,0,0.0,-0.1,0.010152,0.0,ohlcv_proxy
2025-02-20,9781,29033,0,0,0.0,-0.1,0.012009,0.0,ohlcv_proxy
2025-02-21,9804,19519,0,0,0.0,-0.1,0.013972,0.0,ohlcv_proxy
2025-02-24,9794,40886,0,0,0.0,-0.1,0.016109,0.0,ohlcv_proxy
2025-02-25,9789,33190,0,0,0.0,0.0,0.016787,0.0,ohlcv_proxy
2025-02-26,9804,26885,0,0,0.0,0.0,0.017562,0.0,ohlcv_proxy
2025-02-27,9813,18214,0,0,0.0,0.0,0.017192,0.0,ohlcv_proxy
2025-02-28,9663,23356,0,0,-0.0,0.0,0.014427,0.0,ohlcv_proxy
2025-03-04,9649,42612,0,0,-0.0,0.0,0.008223,0.0,ohlcv_proxy
2025-03-05,9700,14841,0,0,0.0,0.0,0.005817,0.0,ohlcv_proxy
2025-03-06,9781,18157,0,0,0.0,0.0,0.003908,0.0,ohlcv_proxy
2025-03-07,9700,18170,0,0,0.0,0.0,0.001555,0.0,ohlcv_proxy
2025-03-10,9722,48857,0,0,0.0,0.1,0.002228,0.0,ohlcv_proxy
2025-03-11,9659,65883,0,0,-0.0,0.0,0.001202,0.0,ohlcv_proxy
2025-03-12,9659,14364,0,0,-0.0,0.0,-0.000602,0.0,ohlcv_proxy
2025-03-13,9718,14229,0,0,0.0,0.0,-0.002325,0.0,ohlcv_proxy
2025-03-14,9737,14225,0,0,0.0,0.0,-0.002432,0.0,ohlcv_proxy
2025-03-17,9789,44057,0,0,0.0,0.0,-0.001598,0.0,ohlcv_proxy
2025-03-18,9808,24440,0,0,0.0,0.0,0.002842,0.0,ohlcv_proxy
2025-03-19,9845,27196,0,0,0.0,0.0,0.005083,0.0,ohlcv_proxy
2025-03-20,9845,25899,0,0,0.0,0.0,0.006204,0.0,ohlcv_proxy
2025-03-21,9860,30549,0,0,0.0,0.0,0.007496,0.0,ohlcv_proxy
2025-03-24,9860,23361,0,0,0.0,-0.1,0.009111,0.0,ohlcv_proxy
2025-03-25,9817,21224,0,0,0.0,0.0,0.009408,0.0,ohlcv_proxy
2025-03-26,9817,11774,0,0,0.0,0.0,0.00921,0.0,ohlcv_proxy
2025-03-27,9813,17604,0,0,0.0,0.0,0.00871,0.0,ohlcv_proxy
2025-03-28,9762,24402,0,0,-0.0,0.0,0.006252,0.0,ohlcv_proxy
2025-03-31,9672,44198,0,0,-0.0,-0.1,0.000222,0.0,ohlcv_proxy
2025-04-01,9742,31496,0,0,-0.0,-0.1,-0.001889,0.0,ohlcv_proxy
2025-04-02,9718,47087,0,0,-0.0,-0.2,-0.002884,0.0,ohlcv_proxy
2025-04-03,9685,57870,0,0,-0.0,-0.3,-0.004093,0.0,ohlcv_proxy
2025-04-04,9676,62252,0,0,-0.0,-0.4,-0.004922,0.0,ohlcv_proxy
2025-04-07,9411,65175,0,0,-0.0,-0.5,-0.008579,0.0,ohlcv_proxy
2025-04-08,9416,63971,0,0,-0.0,-0.4,-0.012176,0.0,ohlcv_proxy
2025-04-09,9278,70259,0,0,-0.0,-0.5,-0.017062,0.0,ohlcv_proxy
2025-04-10,9573,31733,0,0,-0.0,-0.5,-0.019707,0.0,ohlcv_proxy
2025-04-11,9608,34782,0,0,-0.0,-0.5,-0.022663,0.0,ohlcv_proxy
2025-04-14,9654,23602,0,0,0.0,-0.4,-0.01894,0.0,ohlcv_proxy
2025-04-15,9767,31496,0,0,0.0,-0.4,-0.012358,0.0,ohlcv_proxy
2025-04-16,9804,47635,0,0,0.0,-0.3,0.005948,0.0,ohlcv_proxy
2025-04-17,9846,41517,0,0,0.0,-0.2,0.011395,0.0,ohlcv_proxy
2025-04-18,9964,92429,0,0,0.0,0.0,0.019331,0.0,ohlcv_proxy
2025-04-21,10040,48403,0,0,0.0,0.1,0.023111,0.0,ohlcv_proxy
2025-04-22,10081,46869,0,0,0.0,0.0,0.025928,0.0,ohlcv_proxy
2025-04-23,10141,129638,0,0,0.0,0.2,0.029152,0.0,ohlcv_proxy
2025-04-24,10096,25503,0,0,0.0,0.2,0.031192,0.0,ohlcv_proxy
2025-04-25,10213,149314,0,0,0.0,0.3,0.033,0.0,ohlcv_proxy
2025-04-28,10172,46973,0,0,0.0,0.3,0.032511,0.0,ohlcv_proxy
2025-04-29,10322,163887,0,0,0.0,0.4,0.031735,0.0,ohlcv_proxy
2025-04-30,10357,114505,0,0,0.0,0.5,0.032289,0.0,ohlcv_proxy
2025-05-02,10357,35934,0,0,0.0,0.5,0.031431,0.0,ohlcv_proxy
2025-05-07,10396,41509,0,0,0.0,0.4,0.032438,0.0,ohlcv_proxy
2025-05-08,10428,54666,0,0,0.0,0.4,0.030641,0.0,ohlcv_proxy
2025-05-09,10447,55343,0,0,0.0,0.4,0.029174,0.0,ohlcv_proxy
2025-05-12,10532,145815,0,0,0.0,0.4,0.027394,0.0,ohlcv_proxy
2025-05-13,10609,45715,0,0,0.0,0.4,0.027544,0.0,ohlcv_proxy
2025-05-14,10641,64226,0,0,0.0,0.3,0.027678,0.0,ohlcv_proxy
2025-05-15,10552,69080,0,0,0.0,0.3,0.027073,0.0,ohlcv_proxy
2025-05-16,10575,51737,0,0,0.0,0.2,0.026736,0.0,ohlcv_proxy
2025-05-19,10503,55807,0,0,0.0,0.1,0.024976,0.0,ohlcv_proxy
2025-05-20,10605,47080,0,0,0.0,0.1,0.022717,0.0,ohlcv_proxy
2025-05-21,10637,49177,0,0,0.0,0.1,0.01892,0.0,ohlcv_proxy
2025-05-22,10565,48460,0,0,0.0,0.1,0.017579,0.0,ohlcv_proxy
2025-05-23,10646,70850,0,0,0.0,0.1,0.017188,0.0,ohlcv_proxy
2025-05-26,10737,91335,0,0,0.0,0.0,0.018422,0.0,ohlcv_proxy
2025-05-27,10751,78689,0,0,0.0,0.0,0.019123,0.0,ohlcv_proxy
2025-05-28,10868,92974,0,0,0.0,0.0,0.0188,0.0,ohlcv_proxy
2025-05-29,11105,115530,0,0,0.0,0.1,0.024196,0.0,ohlcv_proxy
2025-05-30,11140,131656,0,0,0.0,0.2,0.026251,0.0,ohlcv_proxy
2025-06-02,11009,130355,0,0,0.0,0.1,0.025669,0.0,ohlcv_proxy
2025-06-04,11398,157040,0,0,1e-06,0.2,0.03071,0.0,ohlcv_proxy
2025-06-05,11393,135187,0,0,1e-06,0.1,0.033498,0.0,ohlcv_proxy
2025-06-09,11573,190664,0,0,1e-06,0.2,0.035109,0.0,ohlcv_proxy
2025-06-10,11564,207828,0,0,1e-06,0.1,0.035842,0.0,ohlcv_proxy
2025-06-11,11631,208949,0,0,1e-06,0.2,0.03656,0.0,ohlcv_proxy
2025-06-12,11794,371390,0,0,1e-06,0.3,0.035445,0.0,ohlcv_proxy
2025-06-13,11596,421809,0,0,0.0,0.2,0.0301,0.0,ohlcv_proxy
2025-06-16,11765,248691,0,0,0.0,0.2,0.027536,0.0,ohlcv_proxy
2025-06-17,11870,494523,0,0,1e-06,0.2,0.02569,0.0,ohlcv_proxy
2025-06-18,11789,469315,0,0,0.0,0.2,0.022604,0.0,ohlcv_proxy
2025-06-19,11813,313815,0,0,0.0,0.2,0.019748,0.0,ohlcv_proxy
2025-06-20,11893,425311,0,0,0.0,0.4,0.021425,0.0,ohlcv_proxy
2025-06-23,11794,406290,0,0,0.0,0.2,0.018986,0.0,ohlcv_proxy
2025-06-24,12116,784508,0,0,0.0,0.4,0.018872,0.0,ohlcv_proxy
2025-06-25,12261,658304,0,0,1e-06,0.4,0.021699,0.0,ohlcv_proxy
2025-06-26,12154,745206,0,0,0.0,0.2,0.021519,0.0,ohlcv_proxy
2025-06-27,12061,644458,0,0,0.0,0.2,0.020416,0.0,ohlcv_proxy
2025-06-30,12111,384110,0,0,0.0,0.1,0.021688,0.0,ohlcv_proxy
2025-07-01,12307,589832,0,0,0.0,0.0,0.021238,0.0,ohlcv_proxy
2025-07-02,12327,316684,0,0,0.0,0.1,0.018476,0.0,ohlcv_proxy
2025-07-03,12356,627273,0,0,0.0,0.0,0.019384,0.0,ohlcv_proxy
2025-07-04,12183,711668,0,0,0.0,-0.2,0.019806,0.0,ohlcv_proxy
2025-07-07,12307,304851,0,0,0.0,-0.1,0.020567,0.0,ohlcv_proxy
2025-07-08,12709,648243,0,0,0.0,-0.2,0.024264,0.0,ohlcv_proxy
2025-07-09,12863,615425,0,0,1e-06,-0.3,0.028372,0.0,ohlcv_proxy
2025-07-10,13075,562841,0,0,1e-06,-0.2,0.034985,0.0,ohlcv_proxy
2025-07-11,13126,1191724,0,0,1e-06,0.0,0.046896,0.0,ohlcv_proxy
2025-07-14,13558,1711557,0,0,1e-06,0.1,0.053845,0.0,ohlcv_proxy
2025-07-15,13437,1314222,0,0,1e-06,0.0,0.053701,0.0,ohlcv_proxy
2025-07-16,13099,1714540,0,0,0.0,-0.1,0.045931,0.1,ohlcv_proxy
2025-07-17,13188,762572,0,0,0.0,-0.1,0.042923,0.1,ohlcv_proxy
2025-07-18,13016,1229463,0,0,0.0,-0.1,0.037739,0.1,ohlcv_proxy
2025-07-21,12963,797735,0,0,0.0,-0.1,0.02525,0.1,ohlcv_proxy
2025-07-22,12958,689086,0,0,0.0,-0.1,0.01445,0.1,ohlcv_proxy
2025-07-23,13016,718109,0,0,0.0,-0.1,0.010055,0.1,ohlcv_proxy
2025-07-24,12883,777106,0,0,0.0,-0.1,0.003146,0.1,ohlcv_proxy
2025-07-25,12868,1008558,0,0,0.0,-0.2,-0.002235,0.1,ohlcv_proxy
2025-07-28,12510,1123509,0,0,-0.0,-0.3,-0.010362,0.1,ohlcv_proxy
2025-07-29,12587,723355,0,0,-0.0,-0.2,-0.015544,0.1,ohlcv_proxy
2025-07-30,12682,546696,0,0,-0.0,-0.1,-0.019948,0.0,ohlcv_proxy
2025-07-31,12554,870696,0,0,-0.0,-0.1,-0.02492,0.0,ohlcv_proxy
2025-08-01,12119,908867,0,0,-0.0,0.0,-0.037065,0.0,ohlcv_proxy
2025-08-04,12246,840774,0,0,-0.0,0.0,-0.040132,0.0,ohlcv_proxy
2025-08-05,12408,675177,0,0,-0.0,0.0,-0.041911,0.0,ohlcv_proxy
2025-08-06,12435,585888,0,0,-0.0,0.0,-0.043575,0.0,ohlcv_proxy
2025-08-07,12505,467707,0,0,-0.0,0.0,-0.044866,0.0,ohlcv_proxy
2025-08-08,12495,450654,0,0,-0.0,0.0,-0.036335,0.0,ohlcv_proxy
2025-08-11,12408,407298,0,0,-0.0,0.0,-0.026134,0.0,ohlcv_proxy
2025-08-12,12485,605146,0,0,-0.0,0.0,-0.019577,0.0,ohlcv_proxy
2025-08-13,12480,408939,0,0,-0.0,0.0,-0.01477,0.0,ohlcv_proxy
2025-08-14,12490,492764,0,0,-0.0,0.0,-0.01235,0.0,ohlcv_proxy
2025-08-18,12360,553109,0,0,-0.0,0.0,-0.011098,0.0,ohlcv_proxy
2025-08-19,12340,536379,0,0,-0.0,0.0,-0.009812,0.0,ohlcv_proxy
2025-08-20,12364,1156137,0,0,-0.0,0.1,-0.009737,0.0,ohlcv_proxy
2025-08-21,12373,756609,0,0,-0.0,0.1,-0.00824,0.0,ohlcv_proxy
2025-08-22,12383,657441,0,0,-0.0,0.1,-0.007206,0.0,ohlcv_proxy
2025-08-25,12465,589347,0,0,0.0,0.1,-0.003405,0.0,ohlcv_proxy
2025-08-26,12403,792580,0,0,-0.0,0.1,-0.001909,0.0,ohlcv_proxy
2025-08-27,12431,661877,0,0,-0.0,0.1,0.000151,0.0,ohlcv_proxy
2025-08-28,12565,782723,0,0,0.0,0.1,0.00377,0.0,ohlcv_proxy
2025-08-29,12486,452970,0,0,0.0,0.1,0.005851,0.0,ohlcv_proxy
2025-09-01,12516,469056,0,0,0.0,0.1,0.004451,0.0,ohlcv_proxy
2025-09-02,12521,720895,0,0,0.0,0.1,0.005356,0.0,ohlcv_proxy
2025-09-03,12476,541466,0,0,0.0,0.0,0.005989,0.0,ohlcv_proxy
2025-09-04,12481,545020,0,0,0.0,0.0,0.004143,0.0,ohlcv_proxy
2025-09-05,12530,563831,0,0,0.0,0.0,0.004678,0.0,ohlcv_proxy
2025-09-08,12521,418884,0,0,0.0,0.0,0.004661,0.0,ohlcv_proxy
2025-09-09,12635,641008,0,0,0.0,0.0,0.005901,0.0,ohlcv_proxy
2025-09-10,12848,846865,0,0,0.0,0.0,0.011801,0.0,ohlcv_proxy
2025-09-11,12872,948331,0,0,0.0,0.0,0.016774,0.0,ohlcv_proxy
2025-09-12,12949,648802,0,0,0.0,0.0,0.020794,0.0,ohlcv_proxy
2025-09-15,12949,620559,0,0,0.0,0.0,0.023159,0.0,ohlcv_proxy
2025-09-16,12857,777497,0,0,0.0,0.0,0.024031,0.0,ohlcv_proxy
2025-09-17,12756,495823,0,0,0.0,0.0,0.02118,0.0,ohlcv_proxy
2025-09-18,12825,606814,0,0,0.0,0.0,0.018572,0.0,ohlcv_proxy
2025-09-19,12795,516234,0,0,0.0,0.0,0.01464,0.0,ohlcv_proxy
2025-09-22,12848,677068,0,0,0.0,0.0,0.011515,0.0,ohlcv_proxy
2025-09-23,12825,564261,0,0,0.0,0.0,0.008898,0.0,ohlcv_proxy
2025-09-24,12712,680559,0,0,-0.0,0.0,0.006672,0.0,ohlcv_proxy
2025-09-25,12712,630293,0,0,-0.0,0.0,0.004124,0.0,ohlcv_proxy
2025-09-26,12575,740989,0,0,-0.0,0.0,0.000348,0.0,ohlcv_proxy
2025-09-29,12675,530570,0,0,-0.0,0.0,-0.002823,0.0,ohlcv_proxy
2025-09-30,12618,340681,0,0,-0.0,0.0,-0.006218,0.0,ohlcv_proxy
2025-10-01,12535,505217,0,0,-0.0,0.0,-0.009284,0.0,ohlcv_proxy
2025-10-02,12670,661179,0,0,-0.0,0.0,-0.010583,0.0,ohlcv_proxy
2025-10-10,12535,749443,0,0,-0.0,0.0,-0.011208,0.0,ohlcv_proxy
2025-10-13,12486,736088,0,0,-0.0,0.0,-0.013889,0.0,ohlcv_proxy
2025-10-14,12471,630311,0,0,-0.0,0.0,-0.015106,0.0,ohlcv_proxy
2025-10-15,12655,492995,0,0,0.0,0.0,-0.012841,0.0,ohlcv_proxy
2025-10-16,12811,575403,0,0,0.0,0.0,-0.010492,0.0,ohlcv_proxy
2025-10-17,12684,598617,0,0,0.0,0.0,-0.006907,0.0,ohlcv_proxy
2025-10-20,12936,357942,0,0,0.0,0.0,-0.000261,0.0,ohlcv_proxy
2025-10-21,12941,624165,0,0,0.0,0.0,0.008319,0.0,ohlcv_proxy
2025-10-22,13053,268904,0,0,0.0,0.0,0.012397,0.0,ohlcv_proxy
2025-10-23,12970,266877,0,0,0.0,0.0,0.014545,0.0,ohlcv_proxy
2025-10-24,12978,302294,0,0,0.0,0.0,0.020712,0.0,ohlcv_proxy
2025-10-27,13023,417737,0,0,0.0,0.0,0.021887,0.0,ohlcv_proxy
2025-10-28,12970,381778,0,0,0.0,0.0,0.022676,0.0,ohlcv_proxy
2025-10-29,12884,433000,0,0,0.0,0.0,0.01929,0.0,ohlcv_proxy
2025-10-30,12776,497829,0,0,-0.0,0.0,0.015359,0.0,ohlcv_proxy
2025-10-31,12864,399357,0,0,0.0,0.0,0.012554,0.0,ohlcv_proxy
2025-11-03,12831,444901,0,0,0.0,0.0,0.008957,0.0,ohlcv_proxy
2025-11-04,12762,510272,0,0,-0.0,0.0,0.005385,0.0,ohlcv_proxy
2025-11-05,12703,771321,0,0,-0.0,-0.1,0.001305,0.0,ohlcv_proxy
2025-11-06,13079,894412,0,0,0.0,0.0,0.005724,0.0,ohlcv_proxy
2025-11-07,12975,673213,0,0,0.0,0.0,0.00508,0.0,ohlcv_proxy
2025-11-10,13555,1067515,0,0,0.0,0.1,0.012112,0.0,ohlcv_proxy
2025-11-11,13466,1319265,0,0,0.0,0.0,0.01618,0.0,ohlcv_proxy
2025-11-12,13871,710138,0,0,0.0,0.0,0.024985,0.0,ohlcv_proxy
2025-11-13,13910,521345,0,0,0.0,0.0,0.03082,0.0,ohlcv_proxy
2025-11-14,13633,411769,0,0,0.0,0.0,0.035381,0.0,ohlcv_proxy
2025-11-17,13516,489575,0,0,0.0,0.0,0.03424,0.0,ohlcv_proxy
2025-11-18,13180,490263,0,0,-0.0,0.0,0.033389,0.0,ohlcv_proxy
2025-11-19,13316,413417,0,0,0.0,0.1,0.023158,0.0,ohlcv_proxy
2025-11-20,13341,482404,0,0,0.0,0.0,0.012737,0.0,ohlcv_proxy
2025-11-21,13189,372369,0,0,-0.0,0.0,0.006457,0.0,ohlcv_proxy
2025-11-24,13218,496585,0,0,-0.0,-0.1,0.001026,0.0,ohlcv_proxy
2025-11-25,13233,363984,0,0,0.0,0.0,0.001375,0.0,ohlcv_proxy
2025-11-26,13438,357061,0,0,0.0,0.0,0.001395,0.0,ohlcv_proxy
2025-11-27,13443,224438,0,0,0.0,0.0,-0.000155,0.0,ohlcv_proxy
2025-11-28,13477,225871,0,0,0.0,0.0,0.001999,0.0,ohlcv_proxy
2025-12-01,13546,339471,0,0,0.0,0.0,0.006452,0.0,ohlcv_proxy
2025-12-02,13800,441089,0,0,0.0,0.0,0.014167,0.0,ohlcv_proxy
2025-12-03,13853,274191,0,0,0.0,0.0,0.015676,0.0,ohlcv_proxy
2025-12-04,13883,482412,0,0,0.0,0.0,0.01837,0.0,ohlcv_proxy
2025-12-05,14081,335720,0,0,0.0,0.0,0.021039,0.0,ohlcv_proxy
2025-12-08,14014,311430,0,0,0.0,0.0,0.02604,0.0,ohlcv_proxy
2025-12-09,13965,274636,0,0,0.0,0.0,0.026629,0.0,ohlcv_proxy
2025-12-10,13800,366879,0,0,0.0,0.0,0.02662,0.0,ohlcv_proxy
2025-12-11,13775,299053,0,0,0.0,0.0,0.026759,0.0,ohlcv_proxy
2025-12-12,13898,209001,0,0,0.0,0.0,0.023405,0.0,ohlcv_proxy
2025-12-15,13785,201144,0,0,0.0,0.0,0.019373,0.0,ohlcv_proxy
2025-12-16,13700,519022,0,0,0.0,0.0,0.011667,0.0,ohlcv_proxy
2025-12-17,13755,275690,0,0,0.0,0.0,0.00919,0.0,ohlcv_proxy
2025-12-18,13651,238790,0,0,-0.0,0.0,0.006016,0.0,ohlcv_proxy
2025-12-19,13710,256867,0,0,0.0,0.0,0.001884,0.0,ohlcv_proxy
2025-12-22,13833,224588,0,0,0.0,0.0,-0.000644,0.0,ohlcv_proxy
2025-12-23,13853,224937,0,0,0.0,0.0,-0.000675,0.0,ohlcv_proxy
2025-12-24,13917,248490,0,0,0.0,0.0,-0.000103,0.0,ohlcv_proxy
2025-12-26,13804,333166,0,0,0.0,0.0,0.00104,0.0,ohlcv_proxy
2025-12-29,13765,244158,0,0,0.0,0.0,0.001118,0.0,ohlcv_proxy
2025-12-30,13750,193934,0,0,0.0,0.0,-0.000778,0.0,ohlcv_proxy
2026-01-02,13624,1459631,0,0,-0.0,-0.1,-0.006352,0.0,ohlcv_proxy
2026-01-05,13661,628492,0,0,-0.0,0.0,-0.007392,0.0,ohlcv_proxy
2026-01-06,13745,1083549,0,0,0.0,0.1,-0.005938,0.0,ohlcv_proxy
2026-01-07,13710,474968,0,0,-0.0,0.1,-0.00489,0.0,ohlcv_proxy
2026-01-08,13536,373307,0,0,-0.0,0.1,-0.00467,0.0,ohlcv_proxy
2026-01-09,13590,317227,0,0,-0.0,0.1,-0.002807,0.0,ohlcv_proxy
2026-01-12,13595,427732,0,0,-0.0,0.1,-0.002761,0.0,ohlcv_proxy
2026-01-13,13795,400560,0,0,0.0,0.1,-0.004102,0.0,ohlcv_proxy
2026-01-14,13961,438508,0,0,0.0,0.1,-0.000689,0.0,ohlcv_proxy
2026-01-15,14123,394264,0,0,0.0,0.1,0.00648,0.0,ohlcv_proxy
2026-01-16,14210,486965,0,0,0.0,0.2,0.013278,0.0,ohlcv_proxy
2026-01-19,14427,562834,0,0,0.0,0.1,0.023577,0.0,ohlcv_proxy
2026-01-20,14661,564001,0,0,0.0,0.0,0.032262,0.0,ohlcv_proxy
2026-01-21,14783,538179,0,0,0.0,0.0,0.039648,0.0,ohlcv_proxy
2026-01-22,14783,1971879,0,0,0.0,0.0,0.041506,0.0,ohlcv_proxy
2026-01-23,14936,366079,0,0,0.0,0.0,0.044807,0.0,ohlcv_proxy
2026-01-26,14710,535578,0,0,0.0,0.0,0.045315,0.0,ohlcv_proxy
2026-01-27,14931,525535,0,0,0.0,0.0,0.044674,0.0,ohlcv_proxy
2026-01-28,14974,564349,0,0,0.0,0.0,0.043284,0.0,ohlcv_proxy
2026-01-29,15457,699813,0,0,0.0,0.0,0.051781,0.0,ohlcv_proxy
2026-01-30,15548,601169,0,0,0.0,0.0,0.049396,0.0,ohlcv_proxy
2026-02-02,15167,908769,0,0,0.0,0.0,0.04783,0.0,ohlcv_proxy
2026-02-03,15678,862583,0,0,0.0,0.0,0.04709,0.0,ohlcv_proxy
2026-02-04,16055,661365,0,0,1e-06,0.0,0.051382,0.0,ohlcv_proxy
2026-02-05,15986,830723,0,0,0.0,0.0,0.050656,0.0,ohlcv_proxy
2026-02-06,16114,654241,0,0,0.0,0.0,0.050351,0.0,ohlcv_proxy
2026-02-09,16580,508629,0,0,1e-06,0.0,0.06088,0.0,ohlcv_proxy
2026-02-10,17080,946563,0,0,1e-06,0.0,0.072267,0.0,ohlcv_proxy
2026-02-11,17463,747973,0,0,1e-06,0.0,0.079233,0.0,ohlcv_proxy
2026-02-12,17719,744838,0,0,1e-06,0.0,0.092523,0.0,ohlcv_proxy
2026-02-13,18097,956107,0,0,1e-06,0.0,0.104333,0.0,ohlcv_proxy
2026-02-19,18721,1144322,0,0,1e-06,0.0,0.111832,0.0,ohlcv_proxy
2026-02-20,19304,1414331,0,0,1e-06,0.1,0.123131,0.0,ohlcv_proxy
2026-02-23,19271,1138319,0,0,1e-06,0.1,0.125221,0.0,ohlcv_proxy
2026-02-24,18897,1222362,0,0,1e-06,0.0,0.108255,0.0,ohlcv_proxy
2026-02-25,19147,653739,0,0,1e-06,0.0,0.109499,0.0,ohlcv_proxy
2026-02-26,19300,779927,0,0,1e-06,0.0,0.104426,0.0,ohlcv_proxy
2026-02-27,18892,944383,0,0,0.0,0.0,0.088954,0.0,ohlcv_proxy
2026-03-03,18114,1457063,0,0,0.0,-0.1,0.062812,0.0,ohlcv_proxy
2026-03-04,16127,1868911,0,0,-0.0,-0.2,0.016241,0.0,ohlcv_proxy
2026-03-05,17258,1120735,0,0,-0.0,-0.2,-0.000272,0.0,ohlcv_proxy
2026-03-06,17150,621660,0,0,-0.0,-0.2,-0.020968,0.0,ohlcv_proxy
2026-03-09,16545,808831,0,0,-0.0,-0.3,-0.043455,0.0,ohlcv_proxy
2026-03-10,17002,437419,0,0,-0.0,-0.3,-0.064447,0.0,ohlcv_proxy
2026-03-11,17263,474338,0,0,0.0,-0.2,-0.047109,0.0,ohlcv_proxy
2026-03-12,17140,341340,0,0,-0.0,-0.2,-0.054089,0.0,ohlcv_proxy
2026-03-13,16969,388969,0,0,-0.0,-0.2,-0.057589,0.0,ohlcv_proxy
2026-03-16,16899,351258,0,0,-0.0,-0.2,-0.050736,0.0,ohlcv_proxy
2026-03-17,17175,412135,0,0,0.0,-0.1,-0.04884,0.0,ohlcv_proxy
2026-03-18,17671,328665,0,0,0.0,0.0,-0.045761,0.0,ohlcv_proxy
2026-03-19,17372,292377,0,0,0.0,0.0,-0.042658,0.0,ohlcv_proxy
2026-03-20,17760,286298,0,0,0.0,0.0,-0.031081,0.0,ohlcv_proxy
2026-03-23,16668,469309,0,0,-0.0,0.0,-0.026464,0.0,ohlcv_proxy
2026-03-24,17096,280238,0,0,-0.0,0.0,-0.018938,0.0,ohlcv_proxy
2026-03-25,17480,260496,0,0,0.0,0.0,-0.014475,0.0,ohlcv_proxy
2026-03-26,17175,255089,0,0,-0.0,0.0,-0.011087,0.0,ohlcv_proxy
2026-03-27,17397,584375,0,0,0.0,0.0,-0.00505,0.0,ohlcv_proxy
2026-03-30,16736,391614,0,0,-0.0,0.0,0.006032,0.0,ohlcv_proxy
2026-03-31,16493,796921,0,0,-0.0,0.0,0.003347,0.0,ohlcv_proxy
2026-04-01,17110,247673,0,0,-0.0,0.0,-0.008778,0.0,ohlcv_proxy
2026-04-02,16484,497866,0,0,-0.0,0.0,-0.011837,0.0,ohlcv_proxy
2026-04-03,16527,242851,0,0,-0.0,0.0,-0.021592,0.0,ohlcv_proxy
2026-04-06,16681,220193,0,0,-0.0,0.0,-0.024741,0.0,ohlcv_proxy
2026-04-07,16661,375639,0,0,-0.0,0.0,-0.019877,0.0,ohlcv_proxy
2026-04-08,17312,385247,0,0,0.0,0.0,-0.015053,0.0,ohlcv_proxy
2026-04-09,17155,367431,0,0,0.0,0.0,-0.00478,0.0,ohlcv_proxy
2026-04-10,17579,387513,0,0,0.0,0.0,0.005253,0.0,ohlcv_proxy
2026-04-13,17402,235763,0,0,0.0,0.0,0.009643,0.0,ohlcv_proxy
2026-04-14,17693,251489,0,0,0.0,0.0,0.020541,0.0,ohlcv_proxy
2026-04-15,17900,317370,0,0,0.0,0.0,0.027255,0.0,ohlcv_proxy
2026-04-16,18217,492814,0,0,0.0,0.0,0.039836,0.0,ohlcv_proxy
2026-04-17,18335,376092,0,0,0.0,0.0,0.047608,0.0,ohlcv_proxy
2026-04-20,18305,315898,0,0,0.0,0.0,0.050522,0.0,ohlcv_proxy
2026-04-21,18247,429409,0,0,0.0,0.0,0.051491,0.0,ohlcv_proxy
2026-04-22,18152,402543,0,0,0.0,0.0,0.051288,0.0,ohlcv_proxy
2026-04-23,18197,748520,0,0,0.0,0.1,0.045673,0.0,ohlcv_proxy
2026-04-24,18252,394147,0,0,0.0,0.1,0.04228,0.0,ohlcv_proxy
2026-04-27,18172,358602,0,0,0.0,0.1,0.037116,0.0,ohlcv_proxy
2026-04-28,18360,357516,0,0,0.0,0.1,0.029085,0.0,ohlcv_proxy
2026-04-29,18300,280614,0,0,0.0,0.1,0.027948,0.0,ohlcv_proxy
2026-04-30,18122,348728,0,0,0.0,0.1,0.021705,0.0,ohlcv_proxy
2026-05-04,18523,688522,0,0,0.0,0.2,0.021149,0.0,ohlcv_proxy
2026-05-06,18499,944800,0,0,0.0,0.1,0.020364,0.0,ohlcv_proxy
2026-05-07,18558,782705,0,0,0.0,0.2,0.016909,0.0,ohlcv_proxy
2026-05-08,18588,506579,0,0,0.0,0.2,0.015375,0.0,ohlcv_proxy
2026-05-11,18623,879694,0,0,0.0,0.2,0.014506,0.0,ohlcv_proxy
2026-05-12,18425,1237874,0,0,0.0,0.1,0.010395,0.0,ohlcv_proxy
2026-05-13,18455,631973,0,0,0.0,0.1,0.008607,0.0,ohlcv_proxy
2026-05-14,19094,739736,0,0,0.0,0.1,0.010509,0.0,ohlcv_proxy
2026-05-15,18658,1193378,0,0,0.0,0.0,0.009225,0.0,ohlcv_proxy
2026-05-18,18187,910471,0,0,-0.0,0.0,0.005222,0.0,ohlcv_proxy
2026-05-19,17780,449525,0,0,-0.0,-0.1,0.00366,0.0,ohlcv_proxy
2026-05-20,17423,983231,0,0,-0.0,0.0,-0.005538,0.0,ohlcv_proxy
2026-05-21,18192,281343,0,0,0.0,-0.1,-0.014637,0.0,ohlcv_proxy
2026-05-22,18330,388894,0,0,0.0,-0.1,-0.025496,0.0,ohlcv_proxy
2026-05-26,18192,503268,0,0,0.0,-0.2,-0.028078,0.0,ohlcv_proxy
2026-05-27,17756,735116,0,0,-0.0,-0.1,-0.027174,0.0,ohlcv_proxy
2026-05-28,17557,1055075,0,0,-0.0,-0.2,-0.022192,0.0,ohlcv_proxy
2026-05-29,17751,829702,0,0,-0.0,-0.2,-0.023451,0.0,ohlcv_proxy
2026-06-01,18020,722750,0,0,-0.0,-0.1,-0.023572,0.0,ohlcv_proxy
2026-06-02,17796,886608,0,0,-0.0,-0.1,-0.024989,0.0,ohlcv_proxy
2026-06-04,18049,451477,0,0,0.0,-0.1,-0.022117,0.0,ohlcv_proxy
2026-06-05,17895,396411,0,0,-0.0,-0.1,-0.015773,0.0,ohlcv_proxy
2026-06-08,16989,376896,0,0,-0.0,-0.1,-0.017347,0.0,ohlcv_proxy
2026-06-09,17806,630501,0,0,-0.0,-0.1,-0.018825,0.0,ohlcv_proxy
2026-06-10,17726,1404958,0,0,-0.0,-0.2,-0.016442,0.0,ohlcv_proxy
2026-06-11,17806,341422,0,0,-0.0,-0.2,-0.016277,0.0,ohlcv_proxy
2026-06-12,18114,437116,0,0,0.0,-0.1,-0.013489,0.0,ohlcv_proxy
2026-06-15,18542,384583,0,0,0.0,-0.1,-0.000625,0.0,ohlcv_proxy
2026-06-16,18891,478960,0,0,0.0,-0.1,0.011039,0.0,ohlcv_proxy
2026-06-17,18064,570320,0,0,0.0,-0.1,0.024126,0.0,ohlcv_proxy
2026-06-18,17636,498594,0,0,-0.0,-0.1,0.020656,0.0,ohlcv_proxy
2026-06-19,17398,782136,0,0,-0.0,-0.1,0.007977,0.0,ohlcv_proxy
2026-06-22,16805,793032,0,0,-0.0,-0.1,-0.008713,0.0,ohlcv_proxy
2026-06-23,16472,1112815,0,0,-0.0,-0.2,-0.030258,0.0,ohlcv_proxy
2026-06-24,16278,1137393,0,0,-0.0,-0.2,-0.042806,0.0,ohlcv_proxy
2026-06-25,16243,323374,0,0,-0.0,-0.2,-0.048738,0.0,ohlcv_proxy
2026-06-26,15925,955281,0,0,-1e-06,-0.2,-0.059384,0.0,ohlcv_proxy
2026-06-29,16665,471690,0,0,-0.0,-0.2,-0.059806,0.0,ohlcv_proxy
2026-06-30,16660,305385,0,0,-0.0,-0.2,-0.058411,0.0,ohlcv_proxy
2026-07-01,16785,449303,0,0,-0.0,-0.2,-0.050336,0.0,ohlcv_proxy
2026-07-02,17205,691999,0,0,0.0,-0.2,-0.035959,0.0,ohlcv_proxy
2026-07-03,17570,363051,0,0,0.0,-0.2,-0.010372,0.0,ohlcv_proxy
2026-07-06,17590,339703,0,0,0.0,-0.2,-0.001661,0.0,ohlcv_proxy
2026-07-07,17800,445448,0,0,0.0,-0.1,0.010011,0.0,ohlcv_proxy
2026-07-08,17540,638217,0,0,0.0,0.0,0.021573,0.0,ohlcv_proxy
2026-07-09,17435,426168,0,0,0.0,0.0,0.026781,0.0,ohlcv_proxy
2026-07-10,17550,394489,0,0,0.0,0.0,0.027937,0.0,ohlcv_proxy
2026-07-13,17490,712508,0,0,0.0,0.0,0.027824,0.0,ohlcv_proxy
2026-07-14,17265,556518,0,0,-0.0,0.0,0.025854,0.0,ohlcv_proxy
2026-07-15,17510,292621,0,0,0.0,0.0,0.027261,0.0,ohlcv_proxy
2026-07-16,17500,261432,0,0,0.0,0.0,0.028749,0.0,ohlcv_proxy
2026-07-20,17295,392759,0,0,-0.0,0.0,0.027233,0.0,ohlcv_proxy
2026-07-21,17245,235892,0,0,-0.0,0.0,0.022828,0.0,ohlcv_proxy
2026-07-22,17285,193732,0,0,-0.0,0.0,0.020451,0.0,ohlcv_proxy
2026-07-23,17570,283042,0,0,0.0,0.0,0.014293,0.0,ohlcv_proxy
