date,news_sentiment_mean,news_sentiment_std,news_count,volume_ratio,source,news_positive_total,news_negative_total,news_pos_ratio,news_intensity
2016-08-23,0.4783,0.0939,0,0.5996,price_proxy,,,,
2016-08-24,0.4355,0.0954,0,0.7027,price_proxy,,,,
2016-08-25,0.4412,0.0979,0,0.8114,price_proxy,,,,
2016-08-26,0.5,0.0981,0,0.834,price_proxy,,,,
2016-08-29,0.4549,0.0942,0,0.8054,price_proxy,,,,
2016-08-30,0.4124,0.0943,0,0.8558,price_proxy,,,,
2016-08-31,0.4555,0.0926,0,0.6991,price_proxy,,,,
2016-09-01,0.4773,0.0922,0,0.7407,price_proxy,,,,
2016-09-02,0.4625,0.0923,0,0.5861,price_proxy,,,,
2016-09-05,0.5,0.0924,0,0.8803,price_proxy,,,,
2016-09-06,0.4389,0.0942,0,1.7471,price_proxy,,,,
2016-09-07,0.4773,0.0795,0,0.9889,price_proxy,,,,
2016-09-08,0.4847,0.0795,0,0.8721,price_proxy,,,,
2016-09-09,0.5,0.0808,0,0.8136,price_proxy,,,,
2016-09-12,0.4616,0.083,0,0.7354,price_proxy,,,,
2016-09-13,0.4921,0.0818,0,0.7265,price_proxy,,,,
2016-09-19,0.454,0.082,0,1.0935,price_proxy,,,,
2016-09-20,0.4382,0.0797,0,0.913,price_proxy,,,,
2016-09-21,0.416,0.0781,0,1.2655,price_proxy,,,,
2016-09-22,0.4529,0.0783,0,1.5233,price_proxy,,,,
2016-09-23,0.4842,0.0703,0,1.1523,price_proxy,,,,
2016-09-26,0.4843,0.0705,0,0.9903,price_proxy,,,,
2016-09-27,0.5717,0.0742,0,1.3408,price_proxy,,,,
2016-09-28,0.5797,0.0732,0,1.1138,price_proxy,,,,
2016-09-29,0.6205,0.0686,0,1.3125,price_proxy,,,,
2016-09-30,0.5717,0.0702,0,1.1657,price_proxy,,,,
2016-10-04,0.6581,0.088,0,1.9253,price_proxy,,,,
2016-10-05,0.5769,0.0879,0,1.1767,price_proxy,,,,
2016-10-06,0.569,0.0879,0,0.9176,price_proxy,,,,
2016-10-07,0.5682,0.0878,0,0.9847,price_proxy,,,,
2016-10-10,0.6462,0.0852,0,1.4382,price_proxy,,,,
2016-10-11,0.5513,0.0813,0,1.212,price_proxy,,,,
2016-10-12,0.5074,0.0891,0,1.2922,price_proxy,,,,
2016-10-13,0.5222,0.0887,0,0.9992,price_proxy,,,,
2016-10-14,0.4634,0.0859,0,0.6714,price_proxy,,,,
2016-10-17,0.4212,0.0851,0,0.4712,price_proxy,,,,
2016-10-18,0.4715,0.0897,0,1.1617,price_proxy,,,,
2016-10-19,0.5221,0.0879,0,0.6543,price_proxy,,,,
2016-10-20,0.5366,0.0884,0,0.6062,price_proxy,,,,
2016-10-21,0.5597,0.0882,0,0.5384,price_proxy,,,,
2016-10-24,0.4925,0.0969,0,1.349,price_proxy,,,,
2016-10-25,0.4493,0.0968,0,0.7706,price_proxy,,,,
2016-10-26,0.4708,0.093,0,1.2143,price_proxy,,,,
2016-10-27,0.4353,0.0931,0,0.5987,price_proxy,,,,
2016-10-28,0.4275,0.0934,0,0.4165,price_proxy,,,,
2016-10-31,0.5075,0.092,0,0.5182,price_proxy,,,,
2016-11-01,0.4703,0.0753,0,0.8818,price_proxy,,,,
2016-11-02,0.4111,0.0793,0,0.943,price_proxy,,,,
2016-11-03,0.4926,0.0904,0,0.9255,price_proxy,,,,
2016-11-04,0.5376,0.0904,0,0.7384,price_proxy,,,,
2016-11-07,0.5149,0.087,0,0.4991,price_proxy,,,,
2016-11-08,0.5377,0.0868,0,0.5944,price_proxy,,,,
2016-11-09,0.531,0.0858,0,1.2482,price_proxy,,,,
2016-11-10,0.5299,0.0953,0,0.9904,price_proxy,,,,
2016-11-11,0.559,0.0967,0,1.9852,price_proxy,,,,
2016-11-14,0.5519,0.0972,0,1.0263,price_proxy,,,,
2016-11-15,0.5815,0.0932,0,1.3553,price_proxy,,,,
2016-11-16,0.6832,0.0944,0,1.0673,price_proxy,,,,
2016-11-17,0.5515,0.0974,0,0.8248,price_proxy,,,,
2016-11-18,0.4928,0.0972,0,0.9115,price_proxy,,,,
2016-11-21,0.4783,0.0915,0,0.9809,price_proxy,,,,
2016-11-22,0.4644,0.0915,0,0.8366,price_proxy,,,,
2016-11-23,0.493,0.0973,0,1.8704,price_proxy,,,,
2016-11-24,0.5215,0.0981,0,0.7829,price_proxy,,,,
2016-11-25,0.5144,0.0976,0,0.7073,price_proxy,,,,
2016-11-28,0.5511,0.0974,0,0.8741,price_proxy,,,,
2016-11-29,0.5435,0.0962,0,0.5977,price_proxy,,,,
2016-11-30,0.4509,0.0925,0,0.995,price_proxy,,,,
2016-12-01,0.5,0.085,0,0.8918,price_proxy,,,,
2016-12-02,0.5286,0.0846,0,0.941,price_proxy,,,,
2016-12-05,0.5783,0.0885,0,1.9153,price_proxy,,,,
2016-12-06,0.6206,0.0908,0,1.6289,price_proxy,,,,
2016-12-07,0.6583,0.0821,0,0.9065,price_proxy,,,,
2016-12-08,0.6773,0.0767,0,1.4381,price_proxy,,,,
2016-12-09,0.6268,0.077,0,0.8531,price_proxy,,,,
2016-12-12,0.5685,0.0761,0,0.9698,price_proxy,,,,
2016-12-13,0.5468,0.076,0,1.1317,price_proxy,,,,
2016-12-14,0.52,0.0759,0,1.2907,price_proxy,,,,
2016-12-15,0.4805,0.0694,0,0.7541,price_proxy,,,,
2016-12-16,0.4934,0.0705,0,0.8579,price_proxy,,,,
2016-12-19,0.4801,0.0686,0,0.5864,price_proxy,,,,
2016-12-20,0.4412,0.0695,0,0.8943,price_proxy,,,,
2016-12-21,0.4736,0.0618,0,0.6498,price_proxy,,,,
2016-12-22,0.4539,0.061,0,0.5821,price_proxy,,,,
2016-12-23,0.4734,0.0601,0,0.7441,price_proxy,,,,
2016-12-26,0.4599,0.0626,0,1.4693,price_proxy,,,,
2016-12-27,0.5202,0.0667,0,1.0645,price_proxy,,,,
2016-12-28,0.4465,0.0733,0,0.9625,price_proxy,,,,
2016-12-29,0.4596,0.0721,0,0.9868,price_proxy,,,,
2017-01-02,0.4731,0.0721,0,0.5197,price_proxy,,,,
2017-01-03,0.5341,0.0681,0,0.8137,price_proxy,,,,
2017-01-04,0.4333,0.0692,0,1.0144,price_proxy,,,,
2017-01-05,0.4519,0.0719,0,1.5586,price_proxy,,,,
2017-01-06,0.4381,0.0659,0,2.2605,price_proxy,,,,
2017-01-09,0.4044,0.0649,0,1.4945,price_proxy,,,,
2017-01-10,0.3591,0.0649,0,2.0714,price_proxy,,,,
2017-01-11,0.4586,0.0698,0,1.3174,price_proxy,,,,
2017-01-12,0.5281,0.0718,0,1.1827,price_proxy,,,,
2017-01-13,0.5355,0.0715,0,0.8318,price_proxy,,,,
2017-01-16,0.5359,0.0716,0,1.4032,price_proxy,,,,
2017-01-17,0.5577,0.0718,0,1.0085,price_proxy,,,,
2017-01-18,0.5281,0.0728,0,0.9198,price_proxy,,,,
2017-01-19,0.5139,0.0729,0,0.8841,price_proxy,,,,
2017-01-20,0.4442,0.0825,0,1.5064,price_proxy,,,,
2017-01-23,0.4507,0.0825,0,0.864,price_proxy,,,,
2017-01-24,0.4579,0.0824,0,0.5967,price_proxy,,,,
2017-01-25,0.382,0.0815,0,1.2056,price_proxy,,,,
2017-01-26,0.4035,0.08,0,0.6914,price_proxy,,,,
2017-01-31,0.4427,0.0816,0,0.6333,price_proxy,,,,
2017-02-01,0.4422,0.0809,0,1.0237,price_proxy,,,,
2017-02-02,0.4785,0.0842,0,1.0024,price_proxy,,,,
2017-02-03,0.4631,0.0878,0,1.8632,price_proxy,,,,
2017-02-06,0.4275,0.0859,0,0.8559,price_proxy,,,,
2017-02-07,0.3893,0.0933,0,2.0685,price_proxy,,,,
2017-02-08,0.3736,0.0938,0,1.5147,price_proxy,,,,
2017-02-09,0.3623,0.0974,0,0.7398,price_proxy,,,,
2017-02-10,0.4248,0.0919,0,1.0289,price_proxy,,,,
2017-02-13,0.4624,0.0934,0,0.7027,price_proxy,,,,
2017-02-14,0.5,0.0947,0,0.8335,price_proxy,,,,
2017-02-15,0.5714,0.0981,0,1.1919,price_proxy,,,,
2017-02-16,0.5155,0.0978,0,1.0786,price_proxy,,,,
2017-02-17,0.5469,0.098,0,0.8085,price_proxy,,,,
2017-02-20,0.5153,0.0976,0,0.6111,price_proxy,,,,
2017-02-21,0.5937,0.0932,0,0.6446,price_proxy,,,,
2017-02-22,0.523,0.0941,0,0.6895,price_proxy,,,,
2017-02-23,0.5463,0.0938,0,0.757,price_proxy,,,,
2017-02-24,0.4924,0.0903,0,0.7917,price_proxy,,,,
2017-02-27,0.462,0.0879,0,0.3049,price_proxy,,,,
2017-02-28,0.4627,0.0894,0,0.7093,price_proxy,,,,
2017-03-02,0.4848,0.0892,0,0.7104,price_proxy,,,,
2017-03-03,0.4472,0.0849,0,0.538,price_proxy,,,,
2017-03-06,0.5,0.0777,0,0.6217,price_proxy,,,,
2017-03-07,0.5465,0.0788,0,0.7556,price_proxy,,,,
2017-03-08,0.4924,0.0676,0,1.0262,price_proxy,,,,
2017-03-09,0.4924,0.0653,0,0.7225,price_proxy,,,,
2017-03-10,0.5,0.0635,0,0.8673,price_proxy,,,,
2017-03-13,0.477,0.0633,0,0.7981,price_proxy,,,,
2017-03-14,0.4394,0.0601,0,1.4664,price_proxy,,,,
2017-03-15,0.4237,0.0589,0,0.8962,price_proxy,,,,
2017-03-16,0.477,0.0608,0,0.8504,price_proxy,,,,
2017-03-17,0.4535,0.0651,0,1.78,price_proxy,,,,
2017-03-20,0.4535,0.0635,0,1.0651,price_proxy,,,,
2017-03-21,0.4531,0.0635,0,1.4603,price_proxy,,,,
2017-03-22,0.4524,0.0603,0,2.2542,price_proxy,,,,
2017-03-23,0.4302,0.0614,0,1.2439,price_proxy,,,,
2017-03-24,0.5159,0.0658,0,1.0943,price_proxy,,,,
2017-03-27,0.4921,0.0651,0,0.8266,price_proxy,,,,
2017-03-28,0.588,0.0777,0,1.6251,price_proxy,,,,
2017-03-29,0.6707,0.0788,0,1.3657,price_proxy,,,,
2017-03-30,0.6767,0.08,0,1.6462,price_proxy,,,,
2017-03-31,0.6339,0.0777,0,1.0017,price_proxy,,,,
2017-04-03,0.7151,0.0811,0,0.9829,price_proxy,,,,
2017-04-04,0.592,0.0835,0,0.8632,price_proxy,,,,
2017-04-05,0.5075,0.0857,0,1.2489,price_proxy,,,,
2017-04-06,0.5221,0.0883,0,0.8594,price_proxy,,,,
2017-04-07,0.4779,0.0909,0,0.5334,price_proxy,,,,
2017-04-10,0.3993,0.0927,0,0.4173,price_proxy,,,,
2017-04-11,0.4707,0.0939,0,0.6001,price_proxy,,,,
2017-04-12,0.4776,0.0937,0,0.367,price_proxy,,,,
2017-04-13,0.4343,0.0908,0,0.402,price_proxy,,,,
2017-04-14,0.5075,0.0874,0,0.7152,price_proxy,,,,
2017-04-17,0.5455,0.0873,0,0.4312,price_proxy,,,,
2017-04-18,0.4926,0.0872,0,0.4951,price_proxy,,,,
2017-04-19,0.4925,0.087,0,1.3402,price_proxy,,,,
2017-04-20,0.5,0.0865,0,0.6782,price_proxy,,,,
2017-04-21,0.4777,0.0844,0,0.6219,price_proxy,,,,
2017-04-24,0.4704,0.083,0,0.7294,price_proxy,,,,
2017-04-25,0.5149,0.0736,0,0.9231,price_proxy,,,,
2017-04-26,0.7046,0.1074,0,3.6236,price_proxy,,,,
2017-04-27,0.7038,0.1068,0,1.5871,price_proxy,,,,
2017-04-28,0.6654,0.1084,0,0.8746,price_proxy,,,,
2017-05-02,0.6805,0.1055,0,0.7608,price_proxy,,,,
2017-05-04,0.6333,0.1036,0,0.7097,price_proxy,,,,
2017-05-08,0.5137,0.1019,0,1.028,price_proxy,,,,
2017-05-10,0.4931,0.1006,0,1.1974,price_proxy,,,,
2017-05-11,0.5764,0.0996,0,1.4718,price_proxy,,,,
2017-05-12,0.5345,0.0992,0,0.7082,price_proxy,,,,
2017-05-15,0.5417,0.0986,0,0.5065,price_proxy,,,,
2017-05-16,0.5341,0.0965,0,0.8408,price_proxy,,,,
2017-05-17,0.5137,0.0993,0,0.7442,price_proxy,,,,
2017-05-18,0.4666,0.0987,0,0.5558,price_proxy,,,,
2017-05-19,0.5542,0.1025,0,1.373,price_proxy,,,,
2017-05-22,0.6632,0.1111,0,2.228,price_proxy,,,,
2017-05-23,0.6208,0.1092,0,1.0561,price_proxy,,,,
2017-05-24,0.7184,0.1109,0,1.362,price_proxy,,,,
2017-05-25,0.7585,0.1112,0,1.1248,price_proxy,,,,
2017-05-26,0.6452,0.1159,0,1.0898,price_proxy,,,,
2017-05-29,0.588,0.1164,0,1.1252,price_proxy,,,,
2017-05-30,0.5886,0.0902,0,0.8061,price_proxy,,,,
2017-05-31,0.5677,0.091,0,0.8745,price_proxy,,,,
2017-06-01,0.506,0.0898,0,0.8498,price_proxy,,,,
2017-06-02,0.5431,0.0905,0,0.7919,price_proxy,,,,
2017-06-05,0.5121,0.0892,0,1.0063,price_proxy,,,,
2017-06-07,0.603,0.0947,0,1.4636,price_proxy,,,,
2017-06-08,0.5417,0.0958,0,1.4544,price_proxy,,,,
2017-06-09,0.5661,0.0935,0,1.2096,price_proxy,,,,
2017-06-12,0.5603,0.0919,0,1.4763,price_proxy,,,,
2017-06-13,0.6078,0.0937,0,1.2442,price_proxy,,,,
2017-06-14,0.5231,0.0945,0,1.0522,price_proxy,,,,
2017-06-15,0.4942,0.0977,0,1.0815,price_proxy,,,,
2017-06-16,0.4709,0.0992,0,0.829,price_proxy,,,,
2017-06-19,0.4883,0.0958,0,0.6394,price_proxy,,,,
2017-06-20,0.4261,0.0828,0,0.7878,price_proxy,,,,
2017-06-21,0.4316,0.0822,0,0.8264,price_proxy,,,,
2017-06-22,0.5058,0.0781,0,0.8906,price_proxy,,,,
2017-06-23,0.5295,0.0752,0,0.8552,price_proxy,,,,
2017-06-26,0.4765,0.0761,0,0.7693,price_proxy,,,,
2017-06-27,0.4351,0.0773,0,1.165,price_proxy,,,,
2017-06-28,0.4587,0.0782,0,0.8077,price_proxy,,,,
2017-06-29,0.4592,0.0768,0,0.4347,price_proxy,,,,
2017-06-30,0.4477,0.0762,0,0.3885,price_proxy,,,,
2017-07-03,0.5595,0.0834,0,0.8091,price_proxy,,,,
2017-07-04,0.4756,0.1085,0,1.6969,price_proxy,,,,
2017-07-05,0.4759,0.1002,0,1.4663,price_proxy,,,,
2017-07-06,0.4226,0.1007,0,1.1697,price_proxy,,,,
2017-07-07,0.4403,0.101,0,0.5254,price_proxy,,,,
2017-07-10,0.3902,0.1013,0,0.7324,price_proxy,,,,
2017-07-11,0.5185,0.0952,0,0.9134,price_proxy,,,,
2017-07-12,0.4634,0.096,0,0.9664,price_proxy,,,,
2017-07-13,0.5186,0.0944,0,0.9321,price_proxy,,,,
2017-07-14,0.5738,0.1014,0,1.5232,price_proxy,,,,
2017-07-17,0.5489,0.1015,0,0.7244,price_proxy,,,,
2017-07-18,0.5795,0.1028,0,0.6383,price_proxy,,,,
2017-07-19,0.5807,0.104,0,0.7489,price_proxy,,,,
2017-07-20,0.4939,0.1076,0,1.8327,price_proxy,,,,
2017-07-21,0.3754,0.1106,0,1.9482,price_proxy,,,,
2017-07-24,0.3925,0.1087,0,0.7208,price_proxy,,,,
2017-07-25,0.3412,0.1067,0,0.9124,price_proxy,,,,
2017-07-26,0.3925,0.1068,0,1.089,price_proxy,,,,
2017-07-27,0.5308,0.1154,0,1.8753,price_proxy,,,,
2017-07-28,0.5759,0.1156,0,0.8939,price_proxy,,,,
2017-07-31,0.6136,0.1122,0,0.6944,price_proxy,,,,
2017-08-01,0.6278,0.0885,0,1.103,price_proxy,,,,
2017-08-02,0.6009,0.0877,0,0.5702,price_proxy,,,,
2017-08-03,0.4758,0.0891,0,0.683,price_proxy,,,,
2017-08-04,0.5488,0.0946,0,0.6222,price_proxy,,,,
2017-08-07,0.5478,0.0966,0,0.9408,price_proxy,,,,
2017-08-08,0.5961,0.0978,0,0.9948,price_proxy,,,,
2017-08-09,0.5901,0.0959,0,0.7741,price_proxy,,,,
2017-08-10,0.6411,0.0954,0,0.6465,price_proxy,,,,
2017-08-11,0.5536,0.0905,0,0.9036,price_proxy,,,,
2017-08-14,0.4942,0.0908,0,0.3504,price_proxy,,,,
2017-08-16,0.3567,0.1057,0,2.1652,price_proxy,,,,
2017-08-17,0.3793,0.1054,0,1.0129,price_proxy,,,,
2017-08-18,0.3338,0.103,0,1.1536,price_proxy,,,,
2017-08-21,0.3551,0.0985,0,0.5172,price_proxy,,,,
2017-08-22,0.3479,0.0994,0,0.9433,price_proxy,,,,
2017-08-23,0.4321,0.099,0,0.9505,price_proxy,,,,
2017-08-24,0.4205,0.0981,0,2.0257,price_proxy,,,,
2017-08-25,0.4937,0.0888,0,1.0364,price_proxy,,,,
2017-08-28,0.4812,0.0888,0,0.556,price_proxy,,,,
2017-08-29,0.5,0.085,0,0.5063,price_proxy,,,,
2017-08-30,0.5575,0.088,0,1.1116,price_proxy,,,,
2017-08-31,0.5191,0.0892,0,0.7711,price_proxy,,,,
2017-09-01,0.4122,0.095,0,2.1111,price_proxy,,,,
2017-09-04,0.4432,0.0885,0,0.8467,price_proxy,,,,
2017-09-05,0.538,0.0999,0,1.6037,price_proxy,,,,
2017-09-06,0.4938,0.0973,0,1.502,price_proxy,,,,
2017-09-07,0.5063,0.0974,0,0.8259,price_proxy,,,,
2017-09-08,0.5852,0.0972,0,0.4874,price_proxy,,,,
2017-09-11,0.5065,0.1002,0,1.3088,price_proxy,,,,
2017-09-12,0.413,0.1002,0,0.9626,price_proxy,,,,
2017-09-13,0.3816,0.0868,0,0.9326,price_proxy,,,,
2017-09-14,0.3931,0.0857,0,1.0186,price_proxy,,,,
2017-09-15,0.412,0.0846,0,0.6801,price_proxy,,,,
2017-09-18,0.4806,0.0851,0,0.5974,price_proxy,,,,
2017-09-19,0.4676,0.0847,0,0.6783,price_proxy,,,,
2017-09-20,0.4735,0.0858,0,0.8915,price_proxy,,,,
2017-09-21,0.5133,0.088,0,0.9607,price_proxy,,,,
2017-09-22,0.4539,0.0877,0,1.1133,price_proxy,,,,
2017-09-25,0.3758,0.0934,0,0.9004,price_proxy,,,,
2017-09-26,0.4076,0.0942,0,0.8881,price_proxy,,,,
2017-09-27,0.3725,0.0957,0,1.4706,price_proxy,,,,
2017-09-28,0.3812,0.0997,0,0.9523,price_proxy,,,,
2017-09-29,0.4596,0.0963,0,0.8201,price_proxy,,,,
2017-10-10,0.5,0.0961,0,1.004,price_proxy,,,,
2017-10-11,0.4585,0.0797,0,0.8944,price_proxy,,,,
2017-10-12,0.5287,0.0799,0,0.7013,price_proxy,,,,
2017-10-13,0.4509,0.0807,0,1.6492,price_proxy,,,,
2017-10-16,0.4175,0.0812,0,0.8773,price_proxy,,,,
2017-10-17,0.4373,0.0774,0,0.6877,price_proxy,,,,
2017-10-18,0.4647,0.0776,0,0.9332,price_proxy,,,,
2017-10-19,0.4929,0.0784,0,0.8879,price_proxy,,,,
2017-10-20,0.5791,0.0839,0,1.673,price_proxy,,,,
2017-10-23,0.543,0.0837,0,0.9929,price_proxy,,,,
2017-10-24,0.5144,0.0843,0,0.8063,price_proxy,,,,
2017-10-25,0.4928,0.0844,0,0.8168,price_proxy,,,,
2017-10-26,0.4291,0.0847,0,1.0404,price_proxy,,,,
2017-10-27,0.3824,0.0815,0,0.7895,price_proxy,,,,
2017-10-30,0.3807,0.0806,0,0.8951,price_proxy,,,,
2017-10-31,0.4214,0.0744,0,0.9798,price_proxy,,,,
2017-11-01,0.4928,0.08,0,1.3437,price_proxy,,,,
2017-11-02,0.5,0.0728,0,0.8015,price_proxy,,,,
2017-11-03,0.5294,0.0707,0,0.5899,price_proxy,,,,
2017-11-06,0.5448,0.0662,0,0.937,price_proxy,,,,
2017-11-07,0.5149,0.0657,0,0.9858,price_proxy,,,,
2017-11-08,0.442,0.0652,0,0.8392,price_proxy,,,,
2017-11-09,0.4779,0.0655,0,0.7621,price_proxy,,,,
2017-11-10,0.3768,0.0736,0,3.0408,price_proxy,,,,
2017-11-13,0.354,0.0751,0,1.6846,price_proxy,,,,
2017-11-14,0.4041,0.0781,0,1.342,price_proxy,,,,
2017-11-15,0.3806,0.0807,0,0.9059,price_proxy,,,,
2017-11-16,0.4851,0.1041,0,1.7539,price_proxy,,,,
2017-11-17,0.5,0.1033,0,2.3032,price_proxy,,,,
2017-11-20,0.5472,0.1033,0,0.7719,price_proxy,,,,
2017-11-21,0.5,0.1023,0,1.0001,price_proxy,,,,
2017-11-22,0.5555,0.1023,0,0.6252,price_proxy,,,,
2017-11-23,0.4326,0.101,0,0.3487,price_proxy,,,,
2017-11-24,0.5463,0.1058,0,0.8412,price_proxy,,,,
2017-11-27,0.5385,0.1046,0,0.7248,price_proxy,,,,
2017-11-28,0.6008,0.1074,0,1.2518,price_proxy,,,,
2017-11-29,0.6313,0.1056,0,1.8668,price_proxy,,,,
2017-11-30,0.593,0.107,0,1.0066,price_proxy,,,,
2017-12-01,0.5377,0.1057,0,0.6767,price_proxy,,,,
2017-12-04,0.5,0.1072,0,0.9278,price_proxy,,,,
2017-12-05,0.4926,0.1087,0,0.6681,price_proxy,,,,
2017-12-06,0.4275,0.1093,0,0.5214,price_proxy,,,,
2017-12-07,0.4852,0.1095,0,0.6595,price_proxy,,,,
2017-12-08,0.4852,0.1013,0,0.7387,price_proxy,,,,
2017-12-11,0.5377,0.0986,0,0.546,price_proxy,,,,
2017-12-12,0.463,0.1002,0,0.6454,price_proxy,,,,
2017-12-13,0.5,0.0963,0,0.6644,price_proxy,,,,
2017-12-14,0.5746,0.087,0,1.6907,price_proxy,,,,
2017-12-15,0.5597,0.0801,0,0.9877,price_proxy,,,,
2017-12-18,0.5074,0.0833,0,0.6992,price_proxy,,,,
2017-12-19,0.5755,0.0835,0,0.9047,price_proxy,,,,
2017-12-20,0.5451,0.0849,0,0.6595,price_proxy,,,,
2017-12-21,0.4569,0.0846,0,0.6111,price_proxy,,,,
2017-12-22,0.4783,0.0802,0,0.8046,price_proxy,,,,
2017-12-26,0.5664,0.0841,0,1.6808,price_proxy,,,,
2017-12-27,0.4855,0.086,0,1.782,price_proxy,,,,
2017-12-28,0.5515,0.0869,0,0.8028,price_proxy,,,,
2018-01-02,0.5441,0.0834,0,1.2279,price_proxy,,,,
2018-01-03,0.6612,0.1046,0,3.4992,price_proxy,,,,
2018-01-04,0.5286,0.1112,0,3.1728,price_proxy,,,,
2018-01-05,0.5952,0.11,0,1.3044,price_proxy,,,,
2018-01-08,0.4642,0.1187,0,1.2813,price_proxy,,,,
2018-01-09,0.5,0.1193,0,0.8932,price_proxy,,,,
2018-01-10,0.3644,0.1201,0,0.5213,price_proxy,,,,
2018-01-11,0.3944,0.1224,0,0.8349,price_proxy,,,,
2018-01-12,0.3252,0.1249,0,1.1962,price_proxy,,,,
2018-01-15,0.3321,0.1311,0,1.5782,price_proxy,,,,
2018-01-16,0.3202,0.1206,0,0.8455,price_proxy,,,,
2018-01-17,0.3618,0.1218,0,0.6481,price_proxy,,,,
2018-01-18,0.3736,0.1214,0,0.9588,price_proxy,,,,
2018-01-19,0.454,0.121,0,0.6064,price_proxy,,,,
2018-01-22,0.5558,0.1217,0,0.3802,price_proxy,,,,
2018-01-23,0.5316,0.1217,0,0.7422,price_proxy,,,,
2018-01-24,0.4922,0.1216,0,0.4972,price_proxy,,,,
2018-01-25,0.5555,0.1193,0,0.7187,price_proxy,,,,
2018-01-26,0.547,0.1173,0,0.5223,price_proxy,,,,
2018-01-29,0.6085,0.124,0,1.358,price_proxy,,,,
2018-01-30,0.6012,0.1241,0,0.7607,price_proxy,,,,
2018-01-31,0.6176,0.1029,0,0.848,price_proxy,,,,
2018-02-01,0.6313,0.0996,0,0.8698,price_proxy,,,,
2018-02-02,0.546,0.1044,0,0.6578,price_proxy,,,,
2018-02-05,0.4265,0.0969,0,0.6044,price_proxy,,,,
2018-02-06,0.3889,0.0984,0,0.9948,price_proxy,,,,
2018-02-07,0.3518,0.0995,0,1.3525,price_proxy,,,,
2018-02-08,0.3043,0.0976,0,0.7891,price_proxy,,,,
2018-02-09,0.2903,0.1015,0,1.2408,price_proxy,,,,
2018-02-12,0.3397,0.0947,0,0.597,price_proxy,,,,
2018-02-13,0.351,0.0961,0,0.9939,price_proxy,,,,
2018-02-14,0.412,0.0962,0,0.5066,price_proxy,,,,
2018-02-19,0.492,0.1044,0,0.8175,price_proxy,,,,
2018-02-20,0.5586,0.1037,0,0.3722,price_proxy,,,,
2018-02-21,0.6328,0.1141,0,0.9144,price_proxy,,,,
2018-02-22,0.6695,0.1141,0,0.4483,price_proxy,,,,
2018-02-23,0.7008,0.1173,0,1.1698,price_proxy,,,,
2018-02-26,0.5887,0.1175,0,0.6805,price_proxy,,,,
2018-02-27,0.5569,0.1197,0,0.686,price_proxy,,,,
2018-02-28,0.4455,0.1099,0,0.766,price_proxy,,,,
2018-03-02,0.3906,0.1138,0,1.2162,price_proxy,,,,
2018-03-05,0.3251,0.1137,0,0.5966,price_proxy,,,,
2018-03-06,0.3764,0.1113,0,0.377,price_proxy,,,,
2018-03-07,0.3972,0.1076,0,1.0933,price_proxy,,,,
2018-03-08,0.436,0.1074,0,1.0062,price_proxy,,,,
2018-03-09,0.5413,0.1071,0,1.1272,price_proxy,,,,
2018-03-12,0.5917,0.1066,0,0.9421,price_proxy,,,,
2018-03-13,0.5659,0.1065,0,1.5513,price_proxy,,,,
2018-03-14,0.5333,0.1016,0,1.3071,price_proxy,,,,
2018-03-15,0.5909,0.1083,0,1.1041,price_proxy,,,,
2018-03-16,0.5567,0.1051,0,1.0006,price_proxy,,,,
2018-03-19,0.492,0.1066,0,0.7078,price_proxy,,,,
2018-03-20,0.4761,0.0995,0,0.6473,price_proxy,,,,
2018-03-21,0.5164,0.0995,0,0.9351,price_proxy,,,,
2018-03-22,0.4763,0.0884,0,0.8636,price_proxy,,,,
2018-03-23,0.3897,0.0975,0,1.5308,price_proxy,,,,
2018-03-26,0.412,0.0914,0,1.5423,price_proxy,,,,
2018-03-27,0.4274,0.0908,0,1.0023,price_proxy,,,,
2018-03-28,0.4431,0.0882,0,1.1051,price_proxy,,,,
2018-03-29,0.412,0.0877,0,1.012,price_proxy,,,,
2018-03-30,0.5417,0.0855,0,1.0065,price_proxy,,,,
2018-04-02,0.5083,0.0879,0,0.9417,price_proxy,,,,
2018-04-03,0.5167,0.087,0,0.6993,price_proxy,,,,
2018-04-04,0.5,0.0864,0,0.7519,price_proxy,,,,
2018-04-05,0.5586,0.0915,0,0.9677,price_proxy,,,,
2018-04-06,0.4755,0.0905,0,0.6869,price_proxy,,,,
2018-04-09,0.5083,0.0885,0,0.6744,price_proxy,,,,
2018-04-10,0.4917,0.0885,0,0.649,price_proxy,,,,
2018-04-11,0.5167,0.0839,0,0.6859,price_proxy,,,,
2018-04-12,0.5488,0.0888,0,1.7641,price_proxy,,,,
2018-04-13,0.5661,0.0891,0,0.6771,price_proxy,,,,
2018-04-16,0.5415,0.0892,0,0.6886,price_proxy,,,,
2018-04-17,0.55,0.0888,0,0.5094,price_proxy,,,,
2018-04-18,0.5415,0.0883,0,0.6374,price_proxy,,,,
2018-04-19,0.4921,0.0893,0,1.2412,price_proxy,,,,
2018-04-20,0.54,0.0784,0,1.5496,price_proxy,,,,
2018-04-23,0.6057,0.079,0,1.384,price_proxy,,,,
2018-04-24,0.5976,0.0794,0,0.9587,price_proxy,,,,
2018-04-25,0.5325,0.0876,0,1.214,price_proxy,,,,
2018-04-26,0.5319,0.0895,0,1.2926,price_proxy,,,,
2018-04-27,0.4765,0.0875,0,0.9352,price_proxy,,,,
2018-04-30,0.5309,0.0945,0,1.8794,price_proxy,,,,
2018-05-02,0.624,0.1023,0,2.8971,price_proxy,,,,
2018-05-03,0.668,0.1028,0,1.5449,price_proxy,,,,
2018-05-04,0.5706,0.105,0,1.5373,price_proxy,,,,
2018-05-08,0.5952,0.1027,0,1.2049,price_proxy,,,,
2018-05-09,0.5152,0.1022,0,1.1111,price_proxy,,,,
2018-05-10,0.4927,0.1051,0,1.3571,price_proxy,,,,
2018-05-11,0.5295,0.105,0,0.8738,price_proxy,,,,
2018-05-14,0.5758,0.0961,0,1.1295,price_proxy,,,,
2018-05-15,0.5606,0.096,0,0.9409,price_proxy,,,,
2018-05-16,0.4925,0.1003,0,0.936,price_proxy,,,,
2018-05-17,0.4487,0.1003,0,0.6858,price_proxy,,,,
2018-05-18,0.4855,0.1029,0,0.7008,price_proxy,,,,
2018-05-21,0.4781,0.1023,0,0.703,price_proxy,,,,
2018-05-23,0.4559,0.1041,0,0.6894,price_proxy,,,,
2018-05-24,0.5076,0.1032,0,0.5593,price_proxy,,,,
2018-05-25,0.4549,0.1053,0,0.9652,price_proxy,,,,
2018-05-28,0.5293,0.1197,0,2.6186,price_proxy,,,,
2018-05-29,0.4779,0.1249,0,4.2495,price_proxy,,,,
2018-05-30,0.515,0.1239,0,0.0,price_proxy,,,,
2018-05-31,0.5226,0.1155,0,0.0,price_proxy,,,,
2018-06-01,0.5616,0.1062,0,0.0,price_proxy,,,,
2018-06-04,0.435,0.1056,0,0.0,price_proxy,,,,
2018-06-05,0.5,0.1017,0,0.0,price_proxy,,,,
2018-06-07,0.5,0.1017,0,0.0,price_proxy,,,,
2018-06-08,0.5,0.1017,0,0.0,price_proxy,,,,
2018-06-11,0.5,0.0962,0,0.0,price_proxy,,,,
2018-06-12,0.5,0.0958,0,0.0,price_proxy,,,,
2018-06-14,0.5,0.0958,0,0.0,price_proxy,,,,
2018-06-15,0.5,0.0955,0,0.0,price_proxy,,,,
2018-06-18,0.5,0.0899,0,0.0,price_proxy,,,,
2018-06-19,0.5,0.0896,0,0.0,price_proxy,,,,
2018-06-20,0.5,0.0849,0,0.0,price_proxy,,,,
2018-06-21,0.5,0.0846,0,0.0,price_proxy,,,,
2018-06-22,0.5,0.0821,0,0.0,price_proxy,,,,
2018-06-25,0.5,0.082,0,0.0,price_proxy,,,,
2018-06-26,0.5,0.0791,0,0.0,price_proxy,,,,
2018-06-27,0.5,0.0345,0,0.0,price_proxy,,,,
2018-07-13,0.0,0.3049,0,10.0,price_proxy,,,,
2018-07-16,0.0,0.3157,0,5.7973,price_proxy,,,,
2018-07-17,0.0,0.317,0,2.1544,price_proxy,,,,
2018-07-18,0.0,0.3211,0,2.1702,price_proxy,,,,
2018-07-19,0.0,0.3225,0,1.7445,price_proxy,,,,
2018-07-20,0.0911,0.3218,0,0.8417,price_proxy,,,,
2018-07-23,0.1777,0.3211,0,0.7769,price_proxy,,,,
2018-07-24,0.1763,0.3227,0,0.5757,price_proxy,,,,
2018-07-25,0.2842,0.3218,0,0.5447,price_proxy,,,,
2018-07-26,0.3655,0.3206,0,0.5252,price_proxy,,,,
2018-07-27,0.4066,0.3222,0,0.3818,price_proxy,,,,
2018-07-30,0.5768,0.3292,0,0.4269,price_proxy,,,,
2018-07-31,0.546,0.329,0,0.2223,price_proxy,,,,
2018-08-01,0.6279,0.333,0,0.4137,price_proxy,,,,
2018-08-02,0.6277,0.332,0,0.2897,price_proxy,,,,
2018-08-03,0.6003,0.332,0,0.1589,price_proxy,,,,
2018-08-06,0.5448,0.3335,0,0.2112,price_proxy,,,,
2018-08-07,0.5135,0.3325,0,0.1785,price_proxy,,,,
2018-08-08,0.4475,0.332,0,0.1741,price_proxy,,,,
2018-08-09,0.44,0.3309,0,0.2242,price_proxy,,,,
2018-08-10,0.4356,0.1575,0,0.2381,price_proxy,,,,
2018-08-13,0.3728,0.1291,0,0.4452,price_proxy,,,,
2018-08-14,0.4107,0.1274,0,0.2547,price_proxy,,,,
2018-08-16,0.3743,0.1087,0,0.6269,price_proxy,,,,
2018-08-17,0.4038,0.0917,0,0.5445,price_proxy,,,,
2018-08-20,0.4059,0.0916,0,0.6838,price_proxy,,,,
2018-08-21,0.4883,0.0837,0,0.8144,price_proxy,,,,
2018-08-22,0.4416,0.0851,0,0.9352,price_proxy,,,,
2018-08-23,0.4378,0.0885,0,1.5224,price_proxy,,,,
2018-08-24,0.4928,0.0914,0,0.6024,price_proxy,,,,
2018-08-27,0.4879,0.0901,0,0.729,price_proxy,,,,
2018-08-28,0.5071,0.0858,0,1.7591,price_proxy,,,,
2018-08-29,0.5529,0.0859,0,0.5975,price_proxy,,,,
2018-08-30,0.7299,0.1022,0,3.0292,price_proxy,,,,
2018-08-31,0.7174,0.1023,0,1.8357,price_proxy,,,,
2018-09-03,0.7061,0.1028,0,0.7517,price_proxy,,,,
2018-09-04,0.5939,0.104,0,0.7869,price_proxy,,,,
2018-09-05,0.5774,0.1026,0,0.5283,price_proxy,,,,
2018-09-06,0.5089,0.1052,0,0.7417,price_proxy,,,,
2018-09-07,0.4215,0.1069,0,0.796,price_proxy,,,,
2018-09-10,0.467,0.1079,0,0.653,price_proxy,,,,
2018-09-11,0.5941,0.1138,0,1.3286,price_proxy,,,,
2018-09-12,0.6309,0.114,0,1.016,price_proxy,,,,
2018-09-13,0.5817,0.1094,0,0.4733,price_proxy,,,,
2018-09-14,0.6406,0.1088,0,0.5444,price_proxy,,,,
2018-09-17,0.5603,0.1132,0,0.47,price_proxy,,,,
2018-09-18,0.5471,0.1166,0,1.0447,price_proxy,,,,
2018-09-19,0.5466,0.1126,0,1.1605,price_proxy,,,,
2018-09-20,0.5466,0.1065,0,0.7071,price_proxy,,,,
2018-09-21,0.5487,0.1055,0,0.5807,price_proxy,,,,
2018-09-27,0.5716,0.107,0,0.7434,price_proxy,,,,
2018-09-28,0.5084,0.1033,0,0.4209,price_proxy,,,,
2018-10-01,0.4337,0.1091,0,0.7712,price_proxy,,,,
2018-10-02,0.4751,0.0939,0,0.7276,price_proxy,,,,
2018-10-04,0.4649,0.0926,0,0.6832,price_proxy,,,,
2018-10-05,0.4707,0.0927,0,0.7304,price_proxy,,,,
2018-10-08,0.5,0.0914,0,1.3864,price_proxy,,,,
2018-10-10,0.5343,0.092,0,0.9332,price_proxy,,,,
2018-10-11,0.3384,0.1238,0,1.954,price_proxy,,,,
2018-10-12,0.3863,0.1229,0,0.8677,price_proxy,,,,
2018-10-15,0.4129,0.1221,0,0.5776,price_proxy,,,,
2018-10-16,0.4125,0.1146,0,0.4925,price_proxy,,,,
2018-10-17,0.4579,0.1149,0,0.3695,price_proxy,,,,
2018-10-18,0.6096,0.1151,0,0.4701,price_proxy,,,,
2018-10-19,0.6026,0.117,0,0.5248,price_proxy,,,,
2018-10-22,0.5755,0.1145,0,0.579,price_proxy,,,,
2018-10-23,0.4499,0.1157,0,1.0303,price_proxy,,,,
2018-10-24,0.5559,0.1377,0,2.7564,price_proxy,,,,
2018-10-25,0.4611,0.1484,0,1.4866,price_proxy,,,,
2018-10-26,0.2941,0.1633,0,2.2754,price_proxy,,,,
2018-10-29,0.4358,0.1818,0,8.0102,price_proxy,,,,
2018-10-30,0.69,0.2035,0,3.2584,price_proxy,,,,
2018-10-31,0.6464,0.2061,0,1.616,price_proxy,,,,
2018-11-01,0.7208,0.2071,0,0.9918,price_proxy,,,,
2018-11-02,0.8764,0.207,0,0.6883,price_proxy,,,,
2018-11-05,0.6615,0.2092,0,0.5597,price_proxy,,,,
2018-11-06,0.4775,0.2085,0,0.5276,price_proxy,,,,
2018-11-07,0.3597,0.2089,0,0.4864,price_proxy,,,,
2018-11-08,0.4721,0.1929,0,0.5918,price_proxy,,,,
2018-11-09,0.4582,0.1928,0,0.2837,price_proxy,,,,
2018-11-12,0.5041,0.193,0,0.3881,price_proxy,,,,
2018-11-13,0.5351,0.1923,0,0.4512,price_proxy,,,,
2018-11-14,0.5545,0.1924,0,0.3358,price_proxy,,,,
2018-11-15,0.4597,0.1925,0,0.3922,price_proxy,,,,
2018-11-16,0.4817,0.1916,0,0.2622,price_proxy,,,,
2018-11-19,0.502,0.1913,0,0.3499,price_proxy,,,,
2018-11-20,0.4736,0.1851,0,0.2864,price_proxy,,,,
2018-11-21,0.4878,0.1711,0,0.4037,price_proxy,,,,
2018-11-22,0.4877,0.1607,0,0.2921,price_proxy,,,,
2018-11-23,0.4877,0.1399,0,0.2978,price_proxy,,,,
2018-11-26,0.5184,0.1226,0,0.8278,price_proxy,,,,
2018-11-27,0.5165,0.0854,0,0.755,price_proxy,,,,
2018-11-28,0.5164,0.0677,0,0.5713,price_proxy,,,,
2018-11-29,0.6739,0.0989,0,3.6131,price_proxy,,,,
2018-11-30,0.6446,0.0999,0,1.3079,price_proxy,,,,
2018-12-03,0.595,0.0947,0,1.3544,price_proxy,,,,
2018-12-04,0.5877,0.0953,0,1.1405,price_proxy,,,,
2018-12-05,0.5978,0.0931,0,1.1578,price_proxy,,,,
2018-12-06,0.4429,0.085,0,1.1959,price_proxy,,,,
2018-12-07,0.4615,0.0843,0,0.9035,price_proxy,,,,
2018-12-10,0.4537,0.0844,0,0.7658,price_proxy,,,,
2018-12-11,0.4883,0.0844,0,0.9186,price_proxy,,,,
2018-12-12,0.5699,0.0965,0,2.1248,price_proxy,,,,
2018-12-13,0.6372,0.0973,0,2.186,price_proxy,,,,
2018-12-14,0.665,0.0973,0,1.2004,price_proxy,,,,
2018-12-17,0.749,0.1012,0,1.4973,price_proxy,,,,
2018-12-18,0.7043,0.1027,0,1.6134,price_proxy,,,,
2018-12-19,0.7739,0.1281,0,2.4604,price_proxy,,,,
2018-12-20,0.7018,0.1284,0,1.5531,price_proxy,,,,
2018-12-21,0.6416,0.1315,0,1.9229,price_proxy,,,,
2018-12-24,0.5984,0.1309,0,1.0961,price_proxy,,,,
2018-12-26,0.6212,0.1302,0,2.2287,price_proxy,,,,
2018-12-27,0.2723,0.1731,0,2.0167,price_proxy,,,,
2018-12-28,0.1666,0.1746,0,1.9888,price_proxy,,,,
2019-01-02,0.1254,0.1792,0,1.2195,price_proxy,,,,
2019-01-03,0.1231,0.1798,0,1.465,price_proxy,,,,
2019-01-04,0.0899,0.181,0,0.6917,price_proxy,,,,
2019-01-07,0.2747,0.1811,0,0.46,price_proxy,,,,
2019-01-08,0.444,0.1826,0,0.5975,price_proxy,,,,
2019-01-09,0.5271,0.1826,0,0.4344,price_proxy,,,,
2019-01-10,0.5372,0.1834,0,0.4059,price_proxy,,,,
2019-01-11,0.6226,0.1842,0,0.4943,price_proxy,,,,
2019-01-14,0.5693,0.1773,0,0.4361,price_proxy,,,,
2019-01-15,0.6317,0.1846,0,0.7574,price_proxy,,,,
2019-01-16,0.6276,0.184,0,0.3845,price_proxy,,,,
2019-01-17,0.5426,0.1811,0,0.4429,price_proxy,,,,
2019-01-18,0.6713,0.2027,0,1.4543,price_proxy,,,,
2019-01-21,0.6907,0.1816,0,0.5694,price_proxy,,,,
2019-01-22,0.6351,0.184,0,0.5074,price_proxy,,,,
2019-01-23,0.7824,0.1977,0,1.7089,price_proxy,,,,
2019-01-24,0.8611,0.1975,0,0.8852,price_proxy,,,,
2019-01-25,0.7018,0.1976,0,0.5759,price_proxy,,,,
2019-01-28,0.7222,0.1642,0,1.2181,price_proxy,,,,
2019-01-29,0.7713,0.1464,0,1.3562,price_proxy,,,,
2019-01-30,0.8254,0.1573,0,2.1682,price_proxy,,,,
2019-01-31,0.8529,0.157,0,1.4768,price_proxy,,,,
2019-02-01,0.7333,0.1644,0,1.4932,price_proxy,,,,
2019-02-07,0.8333,0.1662,0,0.9881,price_proxy,,,,
2019-02-08,0.7134,0.1687,0,0.5517,price_proxy,,,,
2019-02-11,0.5058,0.1704,0,0.5827,price_proxy,,,,
2019-02-12,0.4714,0.1711,0,0.63,price_proxy,,,,
2019-02-13,0.5299,0.1744,0,0.4805,price_proxy,,,,
2019-02-14,0.4857,0.1704,0,0.6968,price_proxy,,,,
2019-02-15,0.4942,0.1676,0,0.3393,price_proxy,,,,
2019-02-18,0.5582,0.1666,0,0.9393,price_proxy,,,,
2019-02-19,0.5435,0.1618,0,0.356,price_proxy,,,,
2019-02-20,0.5794,0.1458,0,0.8335,price_proxy,,,,
2019-02-21,0.5316,0.1446,0,0.5339,price_proxy,,,,
2019-02-22,0.6154,0.1465,0,0.9796,price_proxy,,,,
2019-02-25,0.5791,0.1346,0,0.5752,price_proxy,,,,
2019-02-26,0.5681,0.1365,0,0.6302,price_proxy,,,,
2019-02-27,0.6273,0.1382,0,0.6328,price_proxy,,,,
2019-02-28,0.6247,0.1385,0,0.8102,price_proxy,,,,
2019-03-04,0.5983,0.1339,0,1.0711,price_proxy,,,,
2019-03-05,0.6359,0.0993,0,1.1456,price_proxy,,,,
2019-03-06,0.6399,0.0993,0,1.2634,price_proxy,,,,
2019-03-07,0.5266,0.0896,0,1.2168,price_proxy,,,,
2019-03-08,0.524,0.0794,0,0.9355,price_proxy,,,,
2019-03-11,0.4896,0.0784,0,0.7673,price_proxy,,,,
2019-03-12,0.4593,0.0766,0,0.6253,price_proxy,,,,
2019-03-13,0.4436,0.0799,0,0.6443,price_proxy,,,,
2019-03-14,0.542,0.0799,0,1.1136,price_proxy,,,,
2019-03-15,0.5395,0.079,0,1.0767,price_proxy,,,,
2019-03-18,0.5157,0.0792,0,0.4402,price_proxy,,,,
2019-03-19,0.5493,0.0796,0,1.0528,price_proxy,,,,
2019-03-20,0.566,0.0802,0,0.3177,price_proxy,,,,
2019-03-21,0.4511,0.0888,0,0.6179,price_proxy,,,,
2019-03-22,0.4483,0.0893,0,0.4688,price_proxy,,,,
2019-03-25,0.43,0.082,0,0.3925,price_proxy,,,,
2019-03-26,0.4037,0.0824,0,0.4571,price_proxy,,,,
2019-03-27,0.4515,0.0832,0,0.3853,price_proxy,,,,
2019-03-28,0.5105,0.0767,0,0.3863,price_proxy,,,,
2019-03-29,0.5027,0.0776,0,0.8471,price_proxy,,,,
2019-04-01,0.5296,0.0724,0,0.7237,price_proxy,,,,
2019-04-02,0.5027,0.0678,0,0.4194,price_proxy,,,,
2019-04-03,0.4764,0.0678,0,0.7049,price_proxy,,,,
2019-04-04,0.4895,0.0637,0,0.5545,price_proxy,,,,
2019-04-05,0.5345,0.0647,0,0.7914,price_proxy,,,,
2019-04-08,0.5238,0.0645,0,0.8574,price_proxy,,,,
2019-04-09,0.5027,0.0658,0,0.7417,price_proxy,,,,
2019-04-10,0.4762,0.0645,0,0.9443,price_proxy,,,,
2019-04-11,0.4684,0.057,0,0.8794,price_proxy,,,,
2019-04-12,0.4922,0.0632,0,1.1722,price_proxy,,,,
2019-04-15,0.4764,0.0645,0,1.2448,price_proxy,,,,
2019-04-16,0.4973,0.0586,0,0.6844,price_proxy,,,,
2019-04-17,0.6099,0.0778,0,2.0826,price_proxy,,,,
2019-04-18,0.6044,0.0697,0,1.0678,price_proxy,,,,
2019-04-19,0.568,0.0692,0,0.6889,price_proxy,,,,
2019-04-22,0.5821,0.0677,0,0.8767,price_proxy,,,,
2019-04-23,0.5824,0.0677,0,0.5157,price_proxy,,,,
2019-04-24,0.4644,0.0672,0,0.729,price_proxy,,,,
2019-04-25,0.4593,0.0674,0,1.1909,price_proxy,,,,
2019-04-26,0.4317,0.0669,0,0.6785,price_proxy,,,,
2019-04-29,0.4669,0.0679,0,0.463,price_proxy,,,,
2019-04-30,0.4183,0.0748,0,1.7423,price_proxy,,,,
2019-05-02,0.5673,0.101,0,3.5253,price_proxy,,,,
2019-05-03,0.5961,0.1012,0,1.9366,price_proxy,,,,
2019-05-07,0.5759,0.103,0,0.9668,price_proxy,,,,
2019-05-08,0.5491,0.1028,0,0.5581,price_proxy,,,,
2019-05-09,0.5799,0.1027,0,0.9669,price_proxy,,,,
2019-05-10,0.48,0.1025,0,1.1176,price_proxy,,,,
2019-05-13,0.4727,0.1025,0,0.83,price_proxy,,,,
2019-05-14,0.5252,0.1001,0,0.8841,price_proxy,,,,
2019-05-15,0.5379,0.0986,0,0.6983,price_proxy,,,,
2019-05-16,0.5307,0.1008,0,0.5169,price_proxy,,,,
2019-05-17,0.4874,0.0887,0,0.5239,price_proxy,,,,
2019-05-20,0.402,0.097,0,1.1616,price_proxy,,,,
2019-05-21,0.3879,0.0967,0,0.9967,price_proxy,,,,
2019-05-22,0.3909,0.097,0,0.3422,price_proxy,,,,
2019-05-23,0.3739,0.1005,0,0.9261,price_proxy,,,,
2019-05-24,0.4211,0.1017,0,0.4247,price_proxy,,,,
2019-05-27,0.5026,0.1017,0,0.4088,price_proxy,,,,
2019-05-28,0.5712,0.1083,0,1.3683,price_proxy,,,,
2019-05-29,0.4659,0.1181,0,1.1703,price_proxy,,,,
2019-05-30,0.5269,0.1142,0,0.9052,price_proxy,,,,
2019-05-31,0.4788,0.0896,0,0.9612,price_proxy,,,,
2019-06-03,0.4631,0.0884,0,0.6558,price_proxy,,,,
2019-06-04,0.4108,0.0879,0,0.5429,price_proxy,,,,
2019-06-05,0.5453,0.0919,0,0.7728,price_proxy,,,,
2019-06-07,0.4947,0.0933,0,0.707,price_proxy,,,,
2019-06-10,0.5187,0.0922,0,0.7036,price_proxy,,,,
2019-06-11,0.5457,0.0926,0,0.5097,price_proxy,,,,
2019-06-12,0.5187,0.0918,0,0.7489,price_proxy,,,,
2019-06-13,0.4895,0.0921,0,3.3395,price_proxy,,,,
2019-06-14,0.5293,0.0907,0,0.6865,price_proxy,,,,
2019-06-17,0.5053,0.0906,0,0.729,price_proxy,,,,
2019-06-18,0.4448,0.0847,0,1.2159,price_proxy,,,,
2019-06-19,0.4683,0.0851,0,0.4737,price_proxy,,,,
2019-06-20,0.4607,0.0849,0,0.8069,price_proxy,,,,
2019-06-21,0.4606,0.08,0,0.6815,price_proxy,,,,
2019-06-24,0.463,0.0783,0,0.5816,price_proxy,,,,
2019-06-25,0.4919,0.0784,0,0.5898,price_proxy,,,,
2019-06-26,0.4517,0.0676,0,1.0048,price_proxy,,,,
2019-06-27,0.4599,0.051,0,1.0185,price_proxy,,,,
2019-06-28,0.4438,0.0514,0,0.6983,price_proxy,,,,
2019-07-01,0.4542,0.0509,0,0.5198,price_proxy,,,,
2019-07-02,0.4674,0.0509,0,0.6834,price_proxy,,,,
2019-07-03,0.511,0.0509,0,0.6872,price_proxy,,,,
2019-07-04,0.4836,0.0435,0,0.5819,price_proxy,,,,
2019-07-05,0.5799,0.0574,0,1.2267,price_proxy,,,,
2019-07-08,0.5359,0.0621,0,0.7016,price_proxy,,,,
2019-07-09,0.4917,0.0647,0,0.8817,price_proxy,,,,
2019-07-10,0.4809,0.0648,0,0.5137,price_proxy,,,,
2019-07-11,0.5027,0.0644,0,1.1429,price_proxy,,,,
2019-07-12,0.4364,0.0648,0,0.7644,price_proxy,,,,
2019-07-15,0.462,0.065,0,0.8252,price_proxy,,,,
2019-07-16,0.5111,0.0615,0,0.8466,price_proxy,,,,
2019-07-17,0.5387,0.0638,0,0.9014,price_proxy,,,,
2019-07-18,0.6539,0.0922,0,3.0066,price_proxy,,,,
2019-07-19,0.6313,0.0926,0,1.7308,price_proxy,,,,
2019-07-22,0.6492,0.0922,0,1.0421,price_proxy,,,,
2019-07-23,0.7369,0.1012,0,3.8971,price_proxy,,,,
2019-07-24,0.6843,0.1001,0,0.8912,price_proxy,,,,
2019-07-25,0.5306,0.1018,0,0.9583,price_proxy,,,,
2019-07-26,0.5462,0.1007,0,0.7066,price_proxy,,,,
2019-07-29,0.5385,0.101,0,0.6625,price_proxy,,,,
2019-07-30,0.4754,0.1011,0,0.6552,price_proxy,,,,
2019-07-31,0.5273,0.1021,0,1.4905,price_proxy,,,,
2019-08-01,0.5553,0.1014,0,1.8976,price_proxy,,,,
2019-08-02,0.5502,0.095,0,1.4858,price_proxy,,,,
2019-08-05,0.5883,0.0906,0,1.3761,price_proxy,,,,
2019-08-06,0.6621,0.095,0,1.6773,price_proxy,,,,
2019-08-07,0.5588,0.1037,0,1.3087,price_proxy,,,,
2019-08-08,0.5587,0.1039,0,1.1133,price_proxy,,,,
2019-08-09,0.5539,0.1045,0,0.6796,price_proxy,,,,
2019-08-12,0.5072,0.1045,0,0.5114,price_proxy,,,,
2019-08-13,0.4469,0.1047,0,0.6761,price_proxy,,,,
2019-08-14,0.4834,0.1062,0,0.5601,price_proxy,,,,
2019-08-16,0.4644,0.0868,0,0.8784,price_proxy,,,,
2019-08-19,0.5262,0.09,0,0.8543,price_proxy,,,,
2019-08-20,0.5746,0.0903,0,1.3357,price_proxy,,,,
2019-08-21,0.5829,0.0814,0,5.5749,price_proxy,,,,
2019-08-22,0.5719,0.0837,0,0.9606,price_proxy,,,,
2019-08-23,0.6064,0.0818,0,0.945,price_proxy,,,,
2019-08-26,0.5094,0.0857,0,0.5833,price_proxy,,,,
2019-08-27,0.4721,0.0857,0,0.502,price_proxy,,,,
2019-08-28,0.45,0.0854,0,0.5302,price_proxy,,,,
2019-08-29,0.5046,0.0841,0,0.3689,price_proxy,,,,
2019-08-30,0.4839,0.0843,0,0.4056,price_proxy,,,,
2019-09-02,0.5398,0.0843,0,0.3114,price_proxy,,,,
2019-09-03,0.5377,0.084,0,0.3398,price_proxy,,,,
2019-09-04,0.5327,0.0679,0,0.5065,price_proxy,,,,
2019-09-05,0.5277,0.0592,0,0.4927,price_proxy,,,,
2019-09-06,0.5301,0.0593,0,0.5485,price_proxy,,,,
2019-09-09,0.4816,0.0621,0,0.7624,price_proxy,,,,
2019-09-10,0.5462,0.0662,0,0.7481,price_proxy,,,,
2019-09-11,0.4862,0.0706,0,1.565,price_proxy,,,,
2019-09-16,0.4863,0.0693,0,0.6086,price_proxy,,,,
2019-09-17,0.4909,0.0683,0,0.3566,price_proxy,,,,
2019-09-18,0.5232,0.0623,0,0.4038,price_proxy,,,,
2019-09-19,0.4594,0.0611,0,0.6549,price_proxy,,,,
2019-09-20,0.5277,0.0583,0,1.2835,price_proxy,,,,
2019-09-23,0.5206,0.0553,0,0.5751,price_proxy,,,,
2019-09-24,0.5046,0.0553,0,0.574,price_proxy,,,,
2019-09-25,0.4359,0.0632,0,1.8258,price_proxy,,,,
2019-09-26,0.4539,0.0632,0,0.7615,price_proxy,,,,
2019-09-27,0.4111,0.0636,0,0.7992,price_proxy,,,,
2019-09-30,0.4024,0.0623,0,0.9268,price_proxy,,,,
2019-10-01,0.4589,0.0674,0,0.6745,price_proxy,,,,
2019-10-02,0.5,0.0682,0,0.6476,price_proxy,,,,
2019-10-04,0.4788,0.0683,0,0.4942,price_proxy,,,,
2019-10-07,0.5072,0.068,0,0.4841,price_proxy,,,,
2019-10-08,0.4785,0.0684,0,1.5276,price_proxy,,,,
2019-10-10,0.4136,0.0689,0,1.5321,price_proxy,,,,
2019-10-11,0.474,0.0705,0,1.2261,price_proxy,,,,
2019-10-14,0.5191,0.0661,0,0.9758,price_proxy,,,,
2019-10-15,0.5071,0.0617,0,0.5537,price_proxy,,,,
2019-10-16,0.5724,0.0642,0,0.7959,price_proxy,,,,
2019-10-17,0.5683,0.0654,0,1.0959,price_proxy,,,,
2019-10-18,0.524,0.0655,0,2.0799,price_proxy,,,,
2019-10-21,0.4929,0.0653,0,2.0125,price_proxy,,,,
2019-10-22,0.5261,0.066,0,0.6823,price_proxy,,,,
2019-10-23,0.4697,0.0663,0,0.5188,price_proxy,,,,
2019-10-24,0.5448,0.0718,0,1.2736,price_proxy,,,,
2019-10-25,0.5189,0.0642,0,0.5368,price_proxy,,,,
2019-10-28,0.4976,0.0651,0,0.8072,price_proxy,,,,
2019-10-29,0.4766,0.0639,0,0.8391,price_proxy,,,,
2019-10-30,0.4787,0.0647,0,0.8747,price_proxy,,,,
2019-10-31,0.4077,0.0607,0,1.72,price_proxy,,,,
2019-11-01,0.3944,0.064,0,3.4544,price_proxy,,,,
2019-11-04,0.4146,0.0638,0,1.5202,price_proxy,,,,
2019-11-05,0.4077,0.0636,0,0.8996,price_proxy,,,,
2019-11-06,0.414,0.0624,0,1.2914,price_proxy,,,,
2019-11-07,0.4323,0.0615,0,0.7458,price_proxy,,,,
2019-11-08,0.505,0.0601,0,0.79,price_proxy,,,,
2019-11-11,0.5149,0.0575,0,0.6549,price_proxy,,,,
2019-11-12,0.5124,0.0575,0,0.7228,price_proxy,,,,
2019-11-13,0.5424,0.0545,0,0.5723,price_proxy,,,,
2019-11-14,0.54,0.0533,0,0.6936,price_proxy,,,,
2019-11-15,0.5173,0.0533,0,0.7449,price_proxy,,,,
2019-11-18,0.4926,0.0536,0,0.5633,price_proxy,,,,
2019-11-19,0.5099,0.0518,0,1.0836,price_proxy,,,,
2019-11-20,0.4658,0.0525,0,0.9911,price_proxy,,,,
2019-11-21,0.4386,0.045,0,1.2722,price_proxy,,,,
2019-11-22,0.4216,0.0429,0,1.442,price_proxy,,,,
2019-11-25,0.4654,0.0469,0,0.772,price_proxy,,,,
2019-11-26,0.4632,0.0473,0,0.8294,price_proxy,,,,
2019-11-27,0.4776,0.0469,0,0.704,price_proxy,,,,
2019-11-28,0.5127,0.0457,0,0.549,price_proxy,,,,
2019-11-29,0.5255,0.0384,0,0.9443,price_proxy,,,,
2019-12-02,0.5101,0.0394,0,0.5793,price_proxy,,,,
2019-12-03,0.4875,0.0399,0,0.9436,price_proxy,,,,
2019-12-04,0.4975,0.0394,0,1.1936,price_proxy,,,,
2019-12-05,0.5051,0.0396,0,1.0428,price_proxy,,,,
2019-12-06,0.4975,0.0373,0,1.0117,price_proxy,,,,
2019-12-09,0.4625,0.0379,0,0.85,price_proxy,,,,
2019-12-10,0.5051,0.0419,0,0.7556,price_proxy,,,,
2019-12-11,0.5579,0.0493,0,1.2645,price_proxy,,,,
2019-12-12,0.5477,0.0492,0,1.162,price_proxy,,,,
2019-12-13,0.5605,0.0492,0,1.1285,price_proxy,,,,
2019-12-16,0.5866,0.0485,0,1.1388,price_proxy,,,,
2019-12-17,0.5552,0.0481,0,0.9935,price_proxy,,,,
2019-12-18,0.4902,0.0464,0,0.8683,price_proxy,,,,
2019-12-19,0.5073,0.0423,0,0.934,price_proxy,,,,
2019-12-20,0.4976,0.0414,0,1.3614,price_proxy,,,,
2019-12-23,0.5171,0.0404,0,1.6447,price_proxy,,,,
2019-12-24,0.5464,0.0425,0,2.1925,price_proxy,,,,
2019-12-26,0.5738,0.0415,0,3.0029,price_proxy,,,,
2019-12-27,0.4438,0.0749,0,3.8927,price_proxy,,,,
2019-12-30,0.4387,0.0752,0,1.281,price_proxy,,,,
2020-01-02,0.3474,0.0834,0,2.0393,price_proxy,,,,
2020-01-03,0.3186,0.0833,0,1.071,price_proxy,,,,
2020-01-06,0.296,0.0834,0,0.8087,price_proxy,,,,
2020-01-07,0.4196,0.0841,0,0.6205,price_proxy,,,,
2020-01-08,0.3711,0.0897,0,1.2098,price_proxy,,,,
2020-01-09,0.4476,0.0897,0,0.5982,price_proxy,,,,
2020-01-10,0.4528,0.0876,0,0.5937,price_proxy,,,,
2020-01-13,0.4604,0.0817,0,0.5184,price_proxy,,,,
2020-01-14,0.432,0.0816,0,0.5499,price_proxy,,,,
2020-01-15,0.4811,0.0813,0,0.5059,price_proxy,,,,
2020-01-16,0.4811,0.0815,0,0.4037,price_proxy,,,,
2020-01-17,0.4812,0.0817,0,0.3182,price_proxy,,,,
2020-01-20,0.4757,0.0816,0,0.4788,price_proxy,,,,
2020-01-21,0.4973,0.0813,0,0.5856,price_proxy,,,,
2020-01-22,0.5055,0.0813,0,0.4333,price_proxy,,,,
2020-01-23,0.4783,0.0791,0,0.5202,price_proxy,,,,
2020-01-28,0.4295,0.0775,0,0.77,price_proxy,,,,
2020-01-29,0.4591,0.0785,0,0.4578,price_proxy,,,,
2020-01-30,0.4485,0.0577,0,0.5519,price_proxy,,,,
2020-01-31,0.4374,0.0578,0,0.6297,price_proxy,,,,
2020-02-03,0.4258,0.0486,0,1.3513,price_proxy,,,,
2020-02-04,0.4747,0.0489,0,0.8114,price_proxy,,,,
2020-02-05,0.4471,0.0488,0,1.4209,price_proxy,,,,
2020-02-06,0.5696,0.0854,0,2.6022,price_proxy,,,,
2020-02-07,0.6011,0.0788,0,1.3141,price_proxy,,,,
2020-02-10,0.6455,0.0789,0,0.9427,price_proxy,,,,
2020-02-11,0.6482,0.0789,0,0.7527,price_proxy,,,,
2020-02-12,0.6545,0.0789,0,0.8146,price_proxy,,,,
2020-02-13,0.5296,0.0786,0,1.0204,price_proxy,,,,
2020-02-14,0.5027,0.0785,0,0.5679,price_proxy,,,,
2020-02-17,0.5053,0.0787,0,0.8338,price_proxy,,,,
2020-02-18,0.492,0.0789,0,0.6564,price_proxy,,,,
2020-02-19,0.4681,0.0801,0,0.6683,price_proxy,,,,
2020-02-20,0.4257,0.0829,0,0.9334,price_proxy,,,,
2020-02-21,0.4012,0.0852,0,0.8985,price_proxy,,,,
2020-02-24,0.3329,0.0899,0,1.2279,price_proxy,,,,
2020-02-25,0.3722,0.0891,0,0.9517,price_proxy,,,,
2020-02-26,0.4001,0.0884,0,0.6867,price_proxy,,,,
2020-02-27,0.4449,0.0885,0,0.6597,price_proxy,,,,
2020-02-28,0.4466,0.0901,0,1.0757,price_proxy,,,,
2020-03-02,0.4942,0.0889,0,1.685,price_proxy,,,,
2020-03-03,0.4602,0.0889,0,1.0832,price_proxy,,,,
2020-03-04,0.5028,0.0923,0,0.9756,price_proxy,,,,
2020-03-05,0.5312,0.0641,0,0.9052,price_proxy,,,,
2020-03-06,0.5433,0.0644,0,0.9991,price_proxy,,,,
2020-03-09,0.5319,0.0644,0,1.0909,price_proxy,,,,
2020-03-10,0.5145,0.0642,0,1.0961,price_proxy,,,,
2020-03-11,0.4234,0.0672,0,1.3691,price_proxy,,,,
2020-03-12,0.3354,0.0715,0,1.8619,price_proxy,,,,
2020-03-13,0.3616,0.072,0,2.7705,price_proxy,,,,
2020-03-16,0.3657,0.0706,0,1.1404,price_proxy,,,,
2020-03-17,0.3703,0.0705,0,1.1046,price_proxy,,,,
2020-03-18,0.2581,0.1059,0,1.7346,price_proxy,,,,
2020-03-19,0.0122,0.1954,0,2.9461,price_proxy,,,,
2020-03-20,0.2329,0.2627,0,2.7269,price_proxy,,,,
2020-03-23,0.0681,0.2804,0,1.3397,price_proxy,,,,
2020-03-24,0.1949,0.2939,0,1.204,price_proxy,,,,
2020-03-25,0.5268,0.3156,0,1.3212,price_proxy,,,,
2020-03-26,0.904,0.3155,0,0.9987,price_proxy,,,,
2020-03-27,0.6086,0.3155,0,0.8548,price_proxy,,,,
2020-03-30,0.8945,0.3164,0,0.6099,price_proxy,,,,
2020-03-31,0.7218,0.3164,0,0.7214,price_proxy,,,,
2020-04-01,0.4868,0.3152,0,0.5422,price_proxy,,,,
2020-04-02,0.5836,0.3179,0,0.6209,price_proxy,,,,
2020-04-03,0.5897,0.3181,0,0.452,price_proxy,,,,
2020-04-06,0.5979,0.3191,0,0.5229,price_proxy,,,,
2020-04-07,0.6506,0.32,0,0.6905,price_proxy,,,,
2020-04-08,0.6733,0.3192,0,0.5802,price_proxy,,,,
2020-04-09,0.6027,0.3174,0,0.5104,price_proxy,,,,
2020-04-10,0.6304,0.3182,0,0.6672,price_proxy,,,,
2020-04-13,0.5529,0.3185,0,0.6358,price_proxy,,,,
2020-04-14,0.5335,0.3185,0,0.5605,price_proxy,,,,
2020-04-16,0.546,0.3041,0,0.5283,price_proxy,,,,
2020-04-17,0.5397,0.2356,0,1.1629,price_proxy,,,,
2020-04-20,0.4731,0.1851,0,0.903,price_proxy,,,,
2020-04-21,0.4788,0.1399,0,1.0364,price_proxy,,,,
2020-04-22,0.491,0.1222,0,0.936,price_proxy,,,,
2020-04-23,0.557,0.0774,0,0.9558,price_proxy,,,,
2020-04-24,0.5479,0.076,0,0.9032,price_proxy,,,,
2020-04-27,0.6392,0.0811,0,1.4287,price_proxy,,,,
2020-04-28,0.7021,0.0809,0,0.853,price_proxy,,,,
2020-04-29,0.5992,0.0895,0,1.9961,price_proxy,,,,
2020-05-04,0.4825,0.0924,0,0.9883,price_proxy,,,,
2020-05-06,0.5,0.0853,0,0.695,price_proxy,,,,
2020-05-07,0.4548,0.0853,0,0.4369,price_proxy,,,,
2020-05-08,0.4527,0.084,0,0.6801,price_proxy,,,,
2020-05-11,0.4885,0.0834,0,0.8436,price_proxy,,,,
2020-05-12,0.5353,0.0828,0,1.1463,price_proxy,,,,
2020-05-13,0.4971,0.0845,0,1.0503,price_proxy,,,,
2020-05-14,0.4247,0.0864,0,1.2241,price_proxy,,,,
2020-05-15,0.3917,0.0848,0,0.8244,price_proxy,,,,
2020-05-18,0.402,0.0841,0,0.8828,price_proxy,,,,
2020-05-19,0.4277,0.0849,0,1.1366,price_proxy,,,,
2020-05-20,0.4795,0.086,0,0.7414,price_proxy,,,,
2020-05-21,0.5361,0.0851,0,0.9965,price_proxy,,,,
2020-05-22,0.5151,0.0851,0,0.6509,price_proxy,,,,
2020-05-25,0.5454,0.0834,0,0.6998,price_proxy,,,,
2020-05-26,0.557,0.0782,0,1.0913,price_proxy,,,,
2020-05-27,0.5414,0.0783,0,1.0784,price_proxy,,,,
2020-05-28,0.5207,0.0695,0,0.8628,price_proxy,,,,
2020-05-29,0.512,0.0679,0,1.3266,price_proxy,,,,
2020-06-01,0.5415,0.0671,0,1.2433,price_proxy,,,,
2020-06-02,0.5437,0.0635,0,1.323,price_proxy,,,,
2020-06-03,0.558,0.0644,0,1.8237,price_proxy,,,,
2020-06-04,0.5497,0.0655,0,0.9221,price_proxy,,,,
2020-06-05,0.5743,0.0635,0,0.9664,price_proxy,,,,
2020-06-08,0.5232,0.0623,0,1.1088,price_proxy,,,,
2020-06-09,0.4743,0.0627,0,1.0207,price_proxy,,,,
2020-06-10,0.4437,0.0611,0,0.6452,price_proxy,,,,
2020-06-11,0.4544,0.0541,0,1.8253,price_proxy,,,,
2020-06-12,0.4169,0.0602,0,1.4347,price_proxy,,,,
2020-06-15,0.3106,0.0854,0,1.6221,price_proxy,,,,
2020-06-16,0.3844,0.0925,0,1.2409,price_proxy,,,,
2020-06-17,0.413,0.0923,0,0.986,price_proxy,,,,
2020-06-18,0.4066,0.0928,0,0.5511,price_proxy,,,,
2020-06-19,0.4522,0.0921,0,0.6258,price_proxy,,,,
2020-06-22,0.6046,0.0935,0,0.6457,price_proxy,,,,
2020-06-23,0.5184,0.0919,0,0.6723,price_proxy,,,,
2020-06-24,0.4758,0.0918,0,0.7312,price_proxy,,,,
2020-06-25,0.4326,0.0969,0,0.8714,price_proxy,,,,
2020-06-26,0.451,0.0968,0,0.5301,price_proxy,,,,
2020-06-29,0.3886,0.0931,0,0.7547,price_proxy,,,,
2020-06-30,0.4088,0.0901,0,0.7794,price_proxy,,,,
2020-07-01,0.4294,0.0882,0,0.5513,price_proxy,,,,
2020-07-02,0.5032,0.0886,0,1.3377,price_proxy,,,,
2020-07-03,0.4874,0.0888,0,0.7574,price_proxy,,,,
2020-07-06,0.5223,0.089,0,0.5895,price_proxy,,,,
2020-07-07,0.5032,0.0891,0,0.8146,price_proxy,,,,
2020-07-08,0.5127,0.0898,0,0.9419,price_proxy,,,,
2020-07-09,0.4968,0.0897,0,0.6767,price_proxy,,,,
2020-07-10,0.4431,0.0903,0,1.553,price_proxy,,,,
2020-07-13,0.4716,0.0709,0,0.9549,price_proxy,,,,
2020-07-14,0.4746,0.0603,0,0.6124,price_proxy,,,,
2020-07-15,0.5632,0.082,0,2.9009,price_proxy,,,,
2020-07-16,0.5919,0.082,0,1.3212,price_proxy,,,,
2020-07-17,0.6496,0.082,0,1.1943,price_proxy,,,,
2020-07-20,0.5992,0.0804,0,0.674,price_proxy,,,,
2020-07-21,0.6288,0.0802,0,2.0872,price_proxy,,,,
2020-07-22,0.5551,0.081,0,1.3364,price_proxy,,,,
2020-07-23,0.5,0.0746,0,1.0563,price_proxy,,,,
2020-07-24,0.5787,0.0849,0,1.862,price_proxy,,,,
2020-07-27,0.7164,0.0996,0,3.2363,price_proxy,,,,
2020-07-28,0.6694,0.102,0,1.3086,price_proxy,,,,
2020-07-29,0.5626,0.1111,0,1.8286,price_proxy,,,,
2020-07-30,0.603,0.1112,0,0.6291,price_proxy,,,,
2020-07-31,0.4884,0.1133,0,0.6094,price_proxy,,,,
2020-08-03,0.3239,0.1187,0,1.5748,price_proxy,,,,
2020-08-04,0.3772,0.1188,0,1.2674,price_proxy,,,,
2020-08-05,0.4393,0.119,0,0.6562,price_proxy,,,,
2020-08-06,0.451,0.1189,0,1.0526,price_proxy,,,,
2020-08-07,0.5088,0.1147,0,0.9331,price_proxy,,,,
2020-08-10,0.6086,0.115,0,1.3149,price_proxy,,,,
2020-08-11,0.6545,0.1187,0,1.8724,price_proxy,,,,
2020-08-12,0.655,0.1087,0,1.002,price_proxy,,,,
2020-08-13,0.6418,0.1086,0,0.9211,price_proxy,,,,
2020-08-14,0.5875,0.1101,0,0.6826,price_proxy,,,,
2020-08-18,0.4457,0.124,0,0.9863,price_proxy,,,,
2020-08-19,0.3703,0.1239,0,0.7396,price_proxy,,,,
2020-08-20,0.2953,0.1314,0,1.1364,price_proxy,,,,
2020-08-21,0.3097,0.1309,0,0.5151,price_proxy,,,,
2020-08-24,0.3352,0.1228,0,0.4392,price_proxy,,,,
2020-08-25,0.4911,0.1095,0,0.6283,price_proxy,,,,
2020-08-26,0.4794,0.109,0,0.4789,price_proxy,,,,
2020-08-27,0.5524,0.1033,0,0.5536,price_proxy,,,,
2020-08-28,0.5488,0.1038,0,0.4326,price_proxy,,,,
2020-08-31,0.5396,0.1026,0,0.7368,price_proxy,,,,
2020-09-01,0.4911,0.0976,0,0.6081,price_proxy,,,,
2020-09-02,0.5179,0.0965,0,0.5766,price_proxy,,,,
2020-09-03,0.5421,0.0965,0,0.9736,price_proxy,,,,
2020-09-04,0.9137,0.2253,0,8.9966,price_proxy,,,,
2020-09-07,0.9627,0.2254,0,3.9369,price_proxy,,,,
2020-09-08,0.7938,0.2381,0,2.1939,price_proxy,,,,
2020-09-09,0.8338,0.2363,0,1.3866,price_proxy,,,,
2020-09-10,0.8382,0.2361,0,1.3731,price_proxy,,,,
2020-09-11,0.4186,0.2379,0,0.6423,price_proxy,,,,
2020-09-14,0.3909,0.2371,0,0.5885,price_proxy,,,,
2020-09-15,0.5414,0.2289,0,0.6868,price_proxy,,,,
2020-09-16,0.4544,0.2308,0,0.5437,price_proxy,,,,
2020-09-17,0.3868,0.2276,0,0.657,price_proxy,,,,
2020-09-18,0.4126,0.2282,0,0.4511,price_proxy,,,,
2020-09-21,0.4103,0.2282,0,0.4795,price_proxy,,,,
2020-09-22,0.3251,0.2306,0,0.5055,price_proxy,,,,
2020-09-23,0.3653,0.2302,0,0.3957,price_proxy,,,,
2020-09-24,0.3507,0.234,0,0.4772,price_proxy,,,,
2020-09-25,0.3951,0.2343,0,0.2207,price_proxy,,,,
2020-09-28,0.4356,0.235,0,0.2274,price_proxy,,,,
2020-09-29,0.5278,0.2352,0,0.2055,price_proxy,,,,
2020-10-05,0.6028,0.2376,0,0.409,price_proxy,,,,
2020-10-06,0.6902,0.2376,0,0.2447,price_proxy,,,,
2020-10-07,0.6589,0.1157,0,0.3071,price_proxy,,,,
2020-10-08,0.5888,0.1137,0,0.5813,price_proxy,,,,
2020-10-12,0.5822,0.0935,0,0.3926,price_proxy,,,,
2020-10-13,0.5502,0.0933,0,0.7992,price_proxy,,,,
2020-10-14,0.5342,0.093,0,0.7378,price_proxy,,,,
2020-10-15,0.5342,0.0902,0,0.773,price_proxy,,,,
2020-10-16,0.5611,0.0902,0,0.7901,price_proxy,,,,
2020-10-19,0.5263,0.0896,0,0.8708,price_proxy,,,,
2020-10-20,0.4923,0.0867,0,0.6201,price_proxy,,,,
2020-10-21,0.5103,0.0807,0,0.5985,price_proxy,,,,
2020-10-22,0.5103,0.0799,0,1.3839,price_proxy,,,,
2020-10-23,0.5026,0.08,0,0.6002,price_proxy,,,,
2020-10-26,0.4818,0.0732,0,0.8006,price_proxy,,,,
2020-10-27,0.4379,0.0766,0,0.7996,price_proxy,,,,
2020-10-28,0.4588,0.0648,0,0.6908,price_proxy,,,,
2020-10-29,0.4306,0.0662,0,0.905,price_proxy,,,,
2020-10-30,0.4048,0.0651,0,0.7999,price_proxy,,,,
2020-11-02,0.4528,0.0642,0,0.4979,price_proxy,,,,
2020-11-03,0.532,0.0554,0,0.7247,price_proxy,,,,
2020-11-04,0.5026,0.0553,0,1.0418,price_proxy,,,,
2020-11-05,0.5559,0.057,0,0.8721,price_proxy,,,,
2020-11-06,0.5811,0.0557,0,0.6939,price_proxy,,,,
2020-11-09,0.6235,0.0617,0,1.6403,price_proxy,,,,
2020-11-10,0.5788,0.058,0,1.3687,price_proxy,,,,
2020-11-11,0.5945,0.0583,0,1.3272,price_proxy,,,,
2020-11-12,0.5621,0.0585,0,0.9542,price_proxy,,,,
2020-11-13,0.5493,0.0595,0,0.944,price_proxy,,,,
2020-11-16,0.5,0.0587,0,0.9179,price_proxy,,,,
2020-11-17,0.4975,0.0587,0,0.7651,price_proxy,,,,
2020-11-18,0.4649,0.0592,0,0.8683,price_proxy,,,,
2020-11-19,0.4548,0.0598,0,0.8151,price_proxy,,,,
2020-11-20,0.4772,0.0599,0,0.6877,price_proxy,,,,
2020-11-23,0.4722,0.0563,0,0.8257,price_proxy,,,,
2020-11-24,0.5582,0.0671,0,2.4784,price_proxy,,,,
2020-11-25,0.5306,0.0707,0,1.8488,price_proxy,,,,
2020-11-26,0.5514,0.0686,0,1.1928,price_proxy,,,,
2020-11-27,0.5513,0.0657,0,0.4756,price_proxy,,,,
2020-11-30,0.559,0.0656,0,1.0643,price_proxy,,,,
2020-12-01,0.473,0.0628,0,0.7438,price_proxy,,,,
2020-12-02,0.5478,0.0643,0,1.8267,price_proxy,,,,
2020-12-03,0.5526,0.0634,0,1.0698,price_proxy,,,,
2020-12-04,0.5275,0.0646,0,1.322,price_proxy,,,,
2020-12-07,0.5124,0.0588,0,0.6862,price_proxy,,,,
2020-12-08,0.4875,0.0608,0,1.1158,price_proxy,,,,
2020-12-09,0.4706,0.0606,0,0.7395,price_proxy,,,,
2020-12-10,0.4585,0.0606,0,1.1834,price_proxy,,,,
2020-12-11,0.4852,0.0598,0,1.1827,price_proxy,,,,
2020-12-14,0.5124,0.0605,0,1.4512,price_proxy,,,,
2020-12-15,0.5477,0.0604,0,0.8523,price_proxy,,,,
2020-12-16,0.5423,0.0596,0,0.8718,price_proxy,,,,
2020-12-17,0.5449,0.0586,0,1.2429,price_proxy,,,,
2020-12-18,0.5273,0.0592,0,1.0755,price_proxy,,,,
2020-12-21,0.5172,0.0592,0,1.0804,price_proxy,,,,
2020-12-22,0.451,0.0503,0,2.1095,price_proxy,,,,
2020-12-23,0.4634,0.0467,0,1.013,price_proxy,,,,
2020-12-24,0.4854,0.048,0,1.7018,price_proxy,,,,
2020-12-28,0.4829,0.0486,0,2.8851,price_proxy,,,,
2020-12-29,0.3756,0.0717,0,2.9317,price_proxy,,,,
2020-12-30,0.4196,0.0719,0,1.3971,price_proxy,,,,
2021-01-04,0.3733,0.0696,0,1.5522,price_proxy,,,,
2021-01-05,0.3771,0.0714,0,1.4354,price_proxy,,,,
2021-01-06,0.3863,0.0711,0,1.1477,price_proxy,,,,
2021-01-07,0.5052,0.0725,0,1.3151,price_proxy,,,,
2021-01-08,0.5812,0.0793,0,2.6681,price_proxy,,,,
2021-01-11,0.5584,0.0827,0,1.5778,price_proxy,,,,
2021-01-12,0.4869,0.0855,0,1.5425,price_proxy,,,,
2021-01-13,0.4921,0.0853,0,0.9175,price_proxy,,,,
2021-01-14,0.5026,0.0866,0,1.0323,price_proxy,,,,
2021-01-15,0.4371,0.0863,0,1.2761,price_proxy,,,,
2021-01-18,0.4201,0.0913,0,1.1075,price_proxy,,,,
2021-01-19,0.4658,0.0914,0,0.7474,price_proxy,,,,
2021-01-20,0.4658,0.0917,0,0.5751,price_proxy,,,,
2021-01-21,0.4663,0.0937,0,0.8074,price_proxy,,,,
2021-01-22,0.5,0.091,0,0.9517,price_proxy,,,,
2021-01-25,0.594,0.0913,0,1.0168,price_proxy,,,,
2021-01-26,0.5509,0.092,0,0.7855,price_proxy,,,,
2021-01-27,0.5669,0.0928,0,0.6297,price_proxy,,,,
2021-01-28,0.5105,0.0774,0,0.6152,price_proxy,,,,
2021-01-29,0.4273,0.0825,0,0.8374,price_proxy,,,,
2021-02-01,0.5333,0.1098,0,3.35,price_proxy,,,,
2021-02-02,0.5889,0.1093,0,1.3766,price_proxy,,,,
2021-02-03,0.7357,0.1366,0,6.6226,price_proxy,,,,
2021-02-04,0.8172,0.1379,0,1.7295,price_proxy,,,,
2021-02-05,0.8962,0.1353,0,1.2167,price_proxy,,,,
2021-02-08,0.7396,0.1314,0,1.2948,price_proxy,,,,
2021-02-09,0.7002,0.1289,0,0.5726,price_proxy,,,,
2021-02-10,0.6066,0.1317,0,0.8327,price_proxy,,,,
2021-02-15,0.6041,0.1323,0,0.6808,price_proxy,,,,
2021-02-16,0.5697,0.1335,0,0.5277,price_proxy,,,,
2021-02-17,0.5676,0.1259,0,0.562,price_proxy,,,,
2021-02-18,0.5478,0.1297,0,0.3698,price_proxy,,,,
2021-02-19,0.4582,0.1313,0,0.5598,price_proxy,,,,
2021-02-22,0.3559,0.1375,0,0.3818,price_proxy,,,,
2021-02-23,0.3543,0.1385,0,0.3863,price_proxy,,,,
2021-02-24,0.2734,0.1484,0,0.6757,price_proxy,,,,
2021-02-25,0.3422,0.1472,0,0.7244,price_proxy,,,,
2021-02-26,0.3,0.1526,0,0.5813,price_proxy,,,,
2021-03-02,0.3517,0.1519,0,0.3593,price_proxy,,,,
2021-03-03,0.4062,0.1487,0,0.2565,price_proxy,,,,
2021-03-04,0.5418,0.1324,0,0.5151,price_proxy,,,,
2021-03-05,0.4662,0.1343,0,0.261,price_proxy,,,,
2021-03-08,0.505,0.1023,0,0.2851,price_proxy,,,,
2021-03-09,0.495,0.0976,0,0.5054,price_proxy,,,,
2021-03-10,0.436,0.0971,0,0.3658,price_proxy,,,,
2021-03-11,0.4182,0.099,0,0.3993,price_proxy,,,,
2021-03-12,0.4877,0.1014,0,0.476,price_proxy,,,,
2021-03-15,0.632,0.1136,0,1.744,price_proxy,,,,
2021-03-16,0.6606,0.1104,0,0.6921,price_proxy,,,,
2021-03-17,0.6779,0.1101,0,0.9276,price_proxy,,,,
2021-03-18,0.6229,0.1105,0,0.7549,price_proxy,,,,
2021-03-19,0.5716,0.1093,0,0.7302,price_proxy,,,,
2021-03-22,0.4533,0.1089,0,0.487,price_proxy,,,,
2021-03-23,0.3978,0.1069,0,0.7166,price_proxy,,,,
2021-03-24,0.4603,0.1112,0,0.5635,price_proxy,,,,
2021-03-25,0.5,0.0992,0,1.2565,price_proxy,,,,
2021-03-26,0.5834,0.1032,0,1.4316,price_proxy,,,,
2021-03-29,0.5694,0.0961,0,1.0954,price_proxy,,,,
2021-03-30,0.6861,0.1003,0,1.7432,price_proxy,,,,
2021-03-31,0.6167,0.1,0,0.8146,price_proxy,,,,
2021-04-01,0.5686,0.1002,0,0.8766,price_proxy,,,,
2021-04-02,0.4817,0.0983,0,0.7976,price_proxy,,,,
2021-04-05,0.5277,0.0966,0,0.4778,price_proxy,,,,
2021-04-06,0.4418,0.0973,0,0.4487,price_proxy,,,,
2021-04-07,0.455,0.0955,0,0.442,price_proxy,,,,
2021-04-08,0.4794,0.0955,0,0.4828,price_proxy,,,,
2021-04-09,0.4885,0.0951,0,0.48,price_proxy,,,,
2021-04-12,0.4475,0.0745,0,0.7073,price_proxy,,,,
2021-04-13,0.4746,0.0743,0,0.7759,price_proxy,,,,
2021-04-14,0.4724,0.0742,0,0.7877,price_proxy,,,,
2021-04-15,0.5162,0.0752,0,0.9636,price_proxy,,,,
2021-04-16,0.5813,0.0786,0,2.3503,price_proxy,,,,
2021-04-19,0.6171,0.0784,0,1.9877,price_proxy,,,,
2021-04-20,0.6799,0.0778,0,2.7237,price_proxy,,,,
2021-04-21,0.801,0.0918,0,2.7962,price_proxy,,,,
2021-04-22,0.7749,0.0918,0,1.6368,price_proxy,,,,
2021-04-23,0.692,0.0895,0,0.9729,price_proxy,,,,
2021-04-26,0.6991,0.0879,0,1.167,price_proxy,,,,
2021-04-27,0.5922,0.087,0,1.2202,price_proxy,,,,
2021-04-28,0.5791,0.0988,0,2.4633,price_proxy,,,,
2021-04-29,0.5242,0.0999,0,1.3023,price_proxy,,,,
2021-04-30,0.5244,0.1,0,0.8123,price_proxy,,,,
2021-05-03,0.663,0.1274,0,3.4139,price_proxy,,,,
2021-05-04,0.7029,0.1257,0,1.177,price_proxy,,,,
2021-05-06,0.6561,0.1265,0,1.027,price_proxy,,,,
2021-05-07,0.699,0.126,0,0.5231,price_proxy,,,,
2021-05-10,0.6932,0.1276,0,0.8558,price_proxy,,,,
2021-05-11,0.5093,0.1278,0,0.4786,price_proxy,,,,
2021-05-12,0.4349,0.1378,0,0.7668,price_proxy,,,,
2021-05-13,0.3552,0.14,0,0.511,price_proxy,,,,
2021-05-14,0.3552,0.1399,0,0.3295,price_proxy,,,,
2021-05-17,0.3349,0.1426,0,0.4721,price_proxy,,,,
2021-05-18,0.3796,0.1429,0,0.3124,price_proxy,,,,
2021-05-20,0.4615,0.1399,0,0.3512,price_proxy,,,,
2021-05-21,0.461,0.1286,0,0.5728,price_proxy,,,,
2021-05-24,0.4298,0.1297,0,0.6046,price_proxy,,,,
2021-05-25,0.55,0.1345,0,0.6525,price_proxy,,,,
2021-05-26,0.5,0.1346,0,0.3965,price_proxy,,,,
2021-05-27,0.451,0.1349,0,0.5803,price_proxy,,,,
2021-05-28,0.4602,0.1238,0,0.9232,price_proxy,,,,
2021-05-31,0.4899,0.1221,0,0.4649,price_proxy,,,,
2021-06-01,0.4454,0.1224,0,0.4802,price_proxy,,,,
2021-06-02,0.5,0.0857,0,0.6526,price_proxy,,,,
2021-06-03,0.506,0.0869,0,0.655,price_proxy,,,,
2021-06-04,0.5162,0.0795,0,0.6465,price_proxy,,,,
2021-06-07,0.5284,0.0801,0,0.6768,price_proxy,,,,
2021-06-08,0.506,0.0798,0,0.8584,price_proxy,,,,
2021-06-09,0.4468,0.0801,0,0.8844,price_proxy,,,,
2021-06-10,0.4679,0.0713,0,1.7033,price_proxy,,,,
2021-06-11,0.4839,0.0703,0,0.7304,price_proxy,,,,
2021-06-14,0.474,0.0703,0,0.6092,price_proxy,,,,
2021-06-15,0.5,0.0678,0,1.2544,price_proxy,,,,
2021-06-16,0.5648,0.0693,0,1.7519,price_proxy,,,,
2021-06-17,0.5672,0.0693,0,1.2811,price_proxy,,,,
2021-06-18,0.5609,0.0674,0,0.7681,price_proxy,,,,
2021-06-21,0.5304,0.0671,0,0.8094,price_proxy,,,,
2021-06-22,0.56,0.0633,0,0.9903,price_proxy,,,,
2021-06-23,0.4902,0.0644,0,1.4154,price_proxy,,,,
2021-06-24,0.5197,0.0612,0,0.6232,price_proxy,,,,
2021-06-25,0.5394,0.0603,0,0.7875,price_proxy,,,,
2021-06-28,0.57,0.0603,0,0.6081,price_proxy,,,,
2021-06-29,0.4903,0.0604,0,0.6043,price_proxy,,,,
2021-06-30,0.5295,0.0577,0,0.6343,price_proxy,,,,
2021-07-01,0.5781,0.0641,0,3.4823,price_proxy,,,,
2021-07-02,0.5386,0.065,0,1.1894,price_proxy,,,,
2021-07-05,0.5,0.069,0,0.7938,price_proxy,,,,
2021-07-06,0.5098,0.0694,0,0.8094,price_proxy,,,,
2021-07-07,0.4806,0.0689,0,0.5135,price_proxy,,,,
2021-07-08,0.453,0.0708,0,1.8229,price_proxy,,,,
2021-07-09,0.4811,0.0708,0,1.1649,price_proxy,,,,
2021-07-12,0.5966,0.0799,0,2.1323,price_proxy,,,,
2021-07-13,0.6262,0.0792,0,1.0582,price_proxy,,,,
2021-07-14,0.8922,0.1402,0,4.3014,price_proxy,,,,
2021-07-15,0.9135,0.1407,0,2.8329,price_proxy,,,,
2021-07-16,0.8445,0.1452,0,1.6834,price_proxy,,,,
2021-07-19,0.7396,0.144,0,0.8353,price_proxy,,,,
2021-07-20,0.6553,0.1479,0,0.8582,price_proxy,,,,
2021-07-21,0.4836,0.147,0,0.7425,price_proxy,,,,
2021-07-22,0.4044,0.1487,0,0.538,price_proxy,,,,
2021-07-23,0.4429,0.1493,0,0.6959,price_proxy,,,,
2021-07-26,0.4341,0.1506,0,0.3792,price_proxy,,,,
2021-07-27,0.5,0.1495,0,0.3699,price_proxy,,,,
2021-07-28,0.4835,0.1498,0,0.5842,price_proxy,,,,
2021-07-29,0.5921,0.1516,0,1.553,price_proxy,,,,
2021-07-30,0.5588,0.1535,0,0.8881,price_proxy,,,,
2021-08-02,0.5085,0.1583,0,1.5236,price_proxy,,,,
2021-08-03,0.4661,0.1599,0,1.0357,price_proxy,,,,
2021-08-04,0.4417,0.1589,0,0.6674,price_proxy,,,,
2021-08-05,0.388,0.1584,0,0.3953,price_proxy,,,,
2021-08-06,0.4347,0.1584,0,0.4607,price_proxy,,,,
2021-08-09,0.5085,0.1546,0,0.6123,price_proxy,,,,
2021-08-10,0.5431,0.1546,0,0.4724,price_proxy,,,,
2021-08-11,0.4227,0.1101,0,1.2807,price_proxy,,,,
2021-08-12,0.4407,0.108,0,0.5325,price_proxy,,,,
2021-08-13,0.424,0.1058,0,0.6144,price_proxy,,,,
2021-08-17,0.3565,0.111,0,0.9191,price_proxy,,,,
2021-08-18,0.4494,0.1217,0,0.8155,price_proxy,,,,
2021-08-19,0.5089,0.1208,0,0.7387,price_proxy,,,,
2021-08-20,0.4301,0.1214,0,0.8928,price_proxy,,,,
2021-08-23,0.4474,0.1217,0,0.6334,price_proxy,,,,
2021-08-24,0.5455,0.1225,0,0.778,price_proxy,,,,
2021-08-25,0.5087,0.1273,0,0.6772,price_proxy,,,,
2021-08-26,0.5533,0.1258,0,0.8306,price_proxy,,,,
2021-08-27,0.5996,0.1165,0,0.6003,price_proxy,,,,
2021-08-30,0.6622,0.1215,0,1.6028,price_proxy,,,,
2021-08-31,0.6333,0.1147,0,1.0339,price_proxy,,,,
2021-09-01,0.5517,0.1134,0,0.6224,price_proxy,,,,
2021-09-02,0.5433,0.1139,0,0.5586,price_proxy,,,,
2021-09-03,0.5172,0.1135,0,0.4149,price_proxy,,,,
2021-09-06,0.4667,0.1138,0,0.3614,price_proxy,,,,
2021-09-07,0.4333,0.1152,0,0.6623,price_proxy,,,,
2021-09-08,0.4916,0.1176,0,1.1856,price_proxy,,,,
2021-09-09,0.5424,0.1012,0,1.8771,price_proxy,,,,
2021-09-10,0.6026,0.1009,0,1.2578,price_proxy,,,,
2021-09-13,0.5593,0.102,0,0.7539,price_proxy,,,,
2021-09-14,0.6293,0.0932,0,1.0583,price_proxy,,,,
2021-09-15,0.5675,0.0802,0,0.8243,price_proxy,,,,
2021-09-16,0.5664,0.0744,0,1.1644,price_proxy,,,,
2021-09-17,0.5,0.0725,0,0.8094,price_proxy,,,,
2021-09-23,0.5082,0.074,0,0.7695,price_proxy,,,,
2021-09-24,0.4838,0.0733,0,0.5964,price_proxy,,,,
2021-09-27,0.4429,0.0749,0,1.0384,price_proxy,,,,
2021-09-28,0.4036,0.0749,0,0.7481,price_proxy,,,,
2021-09-29,0.4187,0.075,0,0.7387,price_proxy,,,,
2021-09-30,0.4098,0.0662,0,1.4855,price_proxy,,,,
2021-10-01,0.3367,0.0748,0,1.1054,price_proxy,,,,
2021-10-05,0.3739,0.0749,0,1.112,price_proxy,,,,
2021-10-06,0.3481,0.0764,0,0.8607,price_proxy,,,,
2021-10-07,0.3813,0.0783,0,0.4904,price_proxy,,,,
2021-10-08,0.3627,0.08,0,1.0067,price_proxy,,,,
2021-10-12,0.3578,0.0863,0,1.4889,price_proxy,,,,
2021-10-13,0.4283,0.0892,0,0.8211,price_proxy,,,,
2021-10-14,0.4726,0.0866,0,1.0002,price_proxy,,,,
2021-10-15,0.4459,0.0819,0,0.7976,price_proxy,,,,
2021-10-18,0.4908,0.0819,0,0.6135,price_proxy,,,,
2021-10-19,0.567,0.0784,0,0.7799,price_proxy,,,,
2021-10-20,0.4628,0.0804,0,0.7974,price_proxy,,,,
2021-10-21,0.4537,0.0765,0,2.5726,price_proxy,,,,
2021-10-22,0.463,0.0775,0,0.5828,price_proxy,,,,
2021-10-25,0.4537,0.0775,0,0.6732,price_proxy,,,,
2021-10-26,0.4722,0.0787,0,0.4313,price_proxy,,,,
2021-10-27,0.4905,0.0754,0,0.3658,price_proxy,,,,
2021-10-28,0.4716,0.0754,0,0.5581,price_proxy,,,,
2021-10-29,0.4434,0.0754,0,0.4394,price_proxy,,,,
2021-11-01,0.4337,0.0752,0,0.8716,price_proxy,,,,
2021-11-02,0.3967,0.0687,0,1.2208,price_proxy,,,,
2021-11-03,0.4048,0.0688,0,1.0845,price_proxy,,,,
2021-11-04,0.4173,0.0673,0,1.4352,price_proxy,,,,
2021-11-05,0.4262,0.0642,0,1.5747,price_proxy,,,,
2021-11-08,0.451,0.0618,0,0.7499,price_proxy,,,,
2021-11-09,0.4564,0.0502,0,0.916,price_proxy,,,,
2021-11-10,0.44,0.0388,0,0.9958,price_proxy,,,,
2021-11-11,0.4358,0.0372,0,1.0302,price_proxy,,,,
2021-11-12,0.496,0.0498,0,1.0098,price_proxy,,,,
2021-11-15,0.492,0.0499,0,0.5556,price_proxy,,,,
2021-11-16,0.4858,0.0501,0,0.7962,price_proxy,,,,
2021-11-17,0.4815,0.0489,0,0.929,price_proxy,,,,
2021-11-18,0.4855,0.0487,0,0.87,price_proxy,,,,
2021-11-19,0.4475,0.0491,0,0.7225,price_proxy,,,,
2021-11-22,0.4596,0.0507,0,0.7079,price_proxy,,,,
2021-11-23,0.4776,0.0485,0,0.7156,price_proxy,,,,
2021-11-24,0.525,0.048,0,0.7628,price_proxy,,,,
2021-11-25,0.5438,0.0486,0,0.4617,price_proxy,,,,
2021-11-26,0.471,0.0559,0,1.3328,price_proxy,,,,
2021-11-29,0.4403,0.0558,0,0.8011,price_proxy,,,,
2021-11-30,0.366,0.0671,0,2.1672,price_proxy,,,,
2021-12-01,0.3972,0.072,0,1.2182,price_proxy,,,,
2021-12-02,0.4387,0.0796,0,1.017,price_proxy,,,,
2021-12-03,0.6052,0.0992,0,2.0371,price_proxy,,,,
2021-12-06,0.6338,0.0993,0,1.2372,price_proxy,,,,
2021-12-07,0.7541,0.1,0,1.2879,price_proxy,,,,
2021-12-08,0.6777,0.0992,0,1.101,price_proxy,,,,
2021-12-09,0.6075,0.0992,0,1.0703,price_proxy,,,,
2021-12-10,0.51,0.0957,0,0.6094,price_proxy,,,,
2021-12-13,0.5,0.0957,0,0.5215,price_proxy,,,,
2021-12-14,0.4608,0.0951,0,0.5523,price_proxy,,,,
2021-12-15,0.49,0.0921,0,0.7495,price_proxy,,,,
2021-12-16,0.51,0.0919,0,0.3968,price_proxy,,,,
2021-12-17,0.5099,0.0919,0,0.7661,price_proxy,,,,
2021-12-20,0.49,0.0926,0,0.6229,price_proxy,,,,
2021-12-21,0.494,0.0927,0,0.7769,price_proxy,,,,
2021-12-22,0.5,0.0927,0,0.5166,price_proxy,,,,
2021-12-23,0.49,0.0926,0,0.7663,price_proxy,,,,
2021-12-24,0.5396,0.0906,0,1.4291,price_proxy,,,,
2021-12-27,0.54,0.0909,0,1.1949,price_proxy,,,,
2021-12-28,0.5863,0.0781,0,2.5038,price_proxy,,,,
2021-12-29,0.438,0.1103,0,2.6817,price_proxy,,,,
2021-12-30,0.394,0.1096,0,1.2263,price_proxy,,,,
2022-01-03,0.3058,0.0933,0,1.2669,price_proxy,,,,
2022-01-04,0.3157,0.0928,0,1.0088,price_proxy,,,,
2022-01-05,0.2981,0.0917,0,1.0951,price_proxy,,,,
2022-01-06,0.3823,0.0936,0,0.9881,price_proxy,,,,
2022-01-07,0.4493,0.0953,0,0.8673,price_proxy,,,,
2022-01-10,0.4785,0.0948,0,0.927,price_proxy,,,,
2022-01-11,0.4611,0.0951,0,0.7694,price_proxy,,,,
2022-01-12,0.4658,0.0968,0,0.5445,price_proxy,,,,
2022-01-13,0.5088,0.0967,0,0.8733,price_proxy,,,,
2022-01-14,0.4653,0.0963,0,0.5863,price_proxy,,,,
2022-01-17,0.4543,0.0957,0,0.5232,price_proxy,,,,
2022-01-18,0.4229,0.0988,0,0.9453,price_proxy,,,,
2022-01-19,0.3912,0.0988,0,0.7295,price_proxy,,,,
2022-01-20,0.4214,0.1004,0,0.4439,price_proxy,,,,
2022-01-21,0.4294,0.1002,0,0.6428,price_proxy,,,,
2022-01-24,0.3865,0.0946,0,1.3351,price_proxy,,,,
2022-01-25,0.3877,0.0967,0,1.1884,price_proxy,,,,
2022-01-26,0.3757,0.0907,0,0.8233,price_proxy,,,,
2022-01-27,0.2977,0.0689,0,1.6328,price_proxy,,,,
2022-01-28,0.3606,0.0787,0,1.4361,price_proxy,,,,
2022-02-03,0.3939,0.0782,0,1.5864,price_proxy,,,,
2022-02-04,0.4903,0.0838,0,0.9471,price_proxy,,,,
2022-02-07,0.4926,0.082,0,0.9352,price_proxy,,,,
2022-02-08,0.5582,0.0801,0,0.7774,price_proxy,,,,
2022-02-09,0.5196,0.0795,0,0.705,price_proxy,,,,
2022-02-10,0.5373,0.0795,0,0.9517,price_proxy,,,,
2022-02-11,0.4781,0.0791,0,0.636,price_proxy,,,,
2022-02-14,0.4778,0.0767,0,0.8463,price_proxy,,,,
2022-02-15,0.4877,0.0781,0,0.6321,price_proxy,,,,
2022-02-16,0.4976,0.081,0,0.5362,price_proxy,,,,
2022-02-17,0.4853,0.0812,0,1.0381,price_proxy,,,,
2022-02-18,0.5543,0.0828,0,0.9803,price_proxy,,,,
2022-02-21,0.5747,0.0828,0,0.4643,price_proxy,,,,
2022-02-22,0.5222,0.0828,0,0.6271,price_proxy,,,,
2022-02-23,0.5146,0.0841,0,0.4233,price_proxy,,,,
2022-02-24,0.5567,0.0789,0,1.8182,price_proxy,,,,
2022-02-25,0.5528,0.0766,0,1.4875,price_proxy,,,,
2022-02-28,0.5408,0.0758,0,0.898,price_proxy,,,,
2022-03-02,0.5733,0.0673,0,0.7598,price_proxy,,,,
2022-03-03,0.5822,0.0626,0,0.7684,price_proxy,,,,
2022-03-04,0.5719,0.0598,0,0.7415,price_proxy,,,,
2022-03-07,0.4719,0.0641,0,1.0239,price_proxy,,,,
2022-03-08,0.4553,0.0652,0,1.0345,price_proxy,,,,
2022-03-10,0.4906,0.067,0,0.7852,price_proxy,,,,
2022-03-11,0.4512,0.0667,0,0.5681,price_proxy,,,,
2022-03-14,0.4353,0.0666,0,0.7414,price_proxy,,,,
2022-03-15,0.4763,0.066,0,0.6382,price_proxy,,,,
2022-03-16,0.5313,0.0659,0,0.8277,price_proxy,,,,
2022-03-17,0.5,0.0657,0,0.9362,price_proxy,,,,
2022-03-18,0.5119,0.0642,0,0.7095,price_proxy,,,,
2022-03-21,0.5143,0.0628,0,0.8502,price_proxy,,,,
2022-03-22,0.5192,0.057,0,1.2259,price_proxy,,,,
2022-03-23,0.5166,0.0582,0,1.0788,price_proxy,,,,
2022-03-24,0.5095,0.0545,0,0.8177,price_proxy,,,,
2022-03-25,0.5118,0.0535,0,0.6865,price_proxy,,,,
2022-03-28,0.5427,0.0542,0,1.1953,price_proxy,,,,
2022-03-29,0.5381,0.0485,0,1.3747,price_proxy,,,,
2022-03-30,0.5047,0.0483,0,1.1922,price_proxy,,,,
2022-03-31,0.526,0.0487,0,1.2101,price_proxy,,,,
2022-04-01,0.5118,0.0462,0,0.7672,price_proxy,,,,
2022-04-04,0.4907,0.0459,0,0.8699,price_proxy,,,,
2022-04-05,0.4883,0.0372,0,1.1803,price_proxy,,,,
2022-04-06,0.4813,0.0348,0,1.1341,price_proxy,,,,
2022-04-07,0.4464,0.0327,0,1.3009,price_proxy,,,,
2022-04-08,0.4486,0.0325,0,0.8139,price_proxy,,,,
2022-04-11,0.444,0.0324,0,0.6109,price_proxy,,,,
2022-04-12,0.4202,0.0372,0,2.2916,price_proxy,,,,
2022-04-13,0.4479,0.0347,0,0.7348,price_proxy,,,,
2022-04-14,0.4928,0.0375,0,0.8713,price_proxy,,,,
2022-04-15,0.5024,0.0375,0,0.6257,price_proxy,,,,
2022-04-18,0.5072,0.0376,0,0.5736,price_proxy,,,,
2022-04-19,0.5465,0.0376,0,0.5971,price_proxy,,,,
2022-04-20,0.5413,0.0354,0,0.4937,price_proxy,,,,
2022-04-21,0.5504,0.0396,0,1.1463,price_proxy,,,,
2022-04-22,0.56,0.04,0,1.0776,price_proxy,,,,
2022-04-25,0.5335,0.0391,0,0.9443,price_proxy,,,,
2022-04-26,0.5167,0.0395,0,0.9407,price_proxy,,,,
2022-04-27,0.4714,0.0439,0,1.6692,price_proxy,,,,
2022-04-28,0.4391,0.0429,0,0.9062,price_proxy,,,,
2022-04-29,0.4418,0.0438,0,0.7715,price_proxy,,,,
2022-05-02,0.453,0.0438,0,0.7391,price_proxy,,,,
2022-05-03,0.4763,0.044,0,0.7178,price_proxy,,,,
2022-05-04,0.5145,0.0432,0,0.6864,price_proxy,,,,
2022-05-06,0.5121,0.0418,0,1.0682,price_proxy,,,,
2022-05-09,0.4712,0.0439,0,1.4148,price_proxy,,,,
2022-05-10,0.4662,0.0445,0,1.3764,price_proxy,,,,
2022-05-11,0.452,0.0403,0,0.9235,price_proxy,,,,
2022-05-12,0.4376,0.0403,0,1.4493,price_proxy,,,,
2022-05-13,0.4808,0.0446,0,0.8631,price_proxy,,,,
2022-05-16,0.5024,0.0446,0,0.8083,price_proxy,,,,
2022-05-17,0.5343,0.0455,0,0.9423,price_proxy,,,,
2022-05-18,0.5295,0.0458,0,0.5493,price_proxy,,,,
2022-05-19,0.5198,0.0471,0,0.5947,price_proxy,,,,
2022-05-20,0.4927,0.0437,0,0.569,price_proxy,,,,
2022-05-23,0.4976,0.043,0,0.5371,price_proxy,,,,
2022-05-24,0.4783,0.0419,0,0.5464,price_proxy,,,,
2022-05-25,0.5097,0.0435,0,0.8121,price_proxy,,,,
2022-05-26,0.5392,0.0386,0,0.683,price_proxy,,,,
2022-05-27,0.5438,0.0399,0,1.1223,price_proxy,,,,
2022-05-30,0.573,0.0419,0,1.4823,price_proxy,,,,
2022-05-31,0.5536,0.0432,0,2.0359,price_proxy,,,,
2022-06-02,0.5458,0.0436,0,0.9517,price_proxy,,,,
2022-06-03,0.5384,0.0436,0,0.6378,price_proxy,,,,
2022-06-07,0.5095,0.044,0,0.7999,price_proxy,,,,
2022-06-08,0.5023,0.0423,0,1.0203,price_proxy,,,,
2022-06-09,0.5309,0.041,0,1.2275,price_proxy,,,,
2022-06-10,0.5071,0.0414,0,1.0305,price_proxy,,,,
2022-06-13,0.4576,0.0502,0,1.6251,price_proxy,,,,
2022-06-14,0.5213,0.0537,0,3.3554,price_proxy,,,,
2022-06-15,0.4555,0.0593,0,1.1993,price_proxy,,,,
2022-06-16,0.4322,0.0594,0,0.9686,price_proxy,,,,
2022-06-17,0.4296,0.0595,0,1.2217,price_proxy,,,,
2022-06-20,0.4325,0.0637,0,1.4231,price_proxy,,,,
2022-06-21,0.3922,0.0635,0,0.791,price_proxy,,,,
2022-06-22,0.4017,0.0659,0,1.3859,price_proxy,,,,
2022-06-23,0.3767,0.0691,0,1.7301,price_proxy,,,,
2022-06-24,0.4197,0.0707,0,1.1657,price_proxy,,,,
2022-06-27,0.5,0.0734,0,0.7779,price_proxy,,,,
2022-06-28,0.5198,0.0749,0,0.6082,price_proxy,,,,
2022-06-29,0.5378,0.0732,0,0.6371,price_proxy,,,,
2022-06-30,0.5722,0.0727,0,0.7079,price_proxy,,,,
2022-07-01,0.5279,0.072,0,0.7245,price_proxy,,,,
2022-07-04,0.4701,0.0726,0,0.7868,price_proxy,,,,
2022-07-05,0.4411,0.0728,0,0.8271,price_proxy,,,,
2022-07-06,0.4059,0.0751,0,1.3561,price_proxy,,,,
2022-07-07,0.398,0.0746,0,1.4442,price_proxy,,,,
2022-07-08,0.4125,0.0751,0,0.7758,price_proxy,,,,
2022-07-11,0.4165,0.0718,0,1.0694,price_proxy,,,,
2022-07-12,0.366,0.0654,0,1.2946,price_proxy,,,,
2022-07-13,0.4117,0.0632,0,0.6467,price_proxy,,,,
2022-07-14,0.4187,0.0632,0,0.6884,price_proxy,,,,
2022-07-15,0.3824,0.0642,0,1.3639,price_proxy,,,,
2022-07-18,0.4525,0.0698,0,1.1046,price_proxy,,,,
2022-07-19,0.5081,0.0693,0,0.486,price_proxy,,,,
2022-07-20,0.5299,0.0688,0,0.8256,price_proxy,,,,
2022-07-21,0.5383,0.0656,0,0.971,price_proxy,,,,
2022-07-22,0.5583,0.0624,0,0.9126,price_proxy,,,,
2022-07-25,0.5271,0.0605,0,1.048,price_proxy,,,,
2022-07-26,0.5297,0.0571,0,0.6695,price_proxy,,,,
2022-07-27,0.4973,0.0571,0,0.6239,price_proxy,,,,
2022-07-28,0.5214,0.0591,0,0.8765,price_proxy,,,,
2022-07-29,0.5702,0.0629,0,1.32,price_proxy,,,,
2022-08-01,0.524,0.0627,0,1.0175,price_proxy,,,,
2022-08-02,0.4787,0.065,0,1.2302,price_proxy,,,,
2022-08-03,0.4786,0.0598,0,1.0398,price_proxy,,,,
2022-08-04,0.4522,0.0593,0,1.2007,price_proxy,,,,
2022-08-05,0.4348,0.06,0,0.7653,price_proxy,,,,
2022-08-08,0.4604,0.0592,0,0.7781,price_proxy,,,,
2022-08-09,0.5054,0.0529,0,0.813,price_proxy,,,,
2022-08-10,0.5244,0.0527,0,0.9842,price_proxy,,,,
2022-08-11,0.5679,0.0555,0,1.3034,price_proxy,,,,
2022-08-12,0.5539,0.0516,0,0.8407,price_proxy,,,,
2022-08-16,0.5511,0.0445,0,1.2861,price_proxy,,,,
2022-08-17,0.5322,0.045,0,1.213,price_proxy,,,,
2022-08-18,0.5348,0.0444,0,1.1574,price_proxy,,,,
2022-08-19,0.5053,0.0444,0,0.8671,price_proxy,,,,
2022-08-22,0.4816,0.0454,0,0.7574,price_proxy,,,,
2022-08-23,0.4344,0.051,0,1.6235,price_proxy,,,,
2022-08-24,0.471,0.0531,0,0.773,price_proxy,,,,
2022-08-25,0.4921,0.0542,0,0.9764,price_proxy,,,,
2022-08-26,0.4738,0.0534,0,0.8856,price_proxy,,,,
2022-08-29,0.4868,0.0499,0,0.7823,price_proxy,,,,
2022-08-30,0.5272,0.0486,0,0.8997,price_proxy,,,,
2022-08-31,0.5,0.0444,0,0.6043,price_proxy,,,,
2022-09-01,0.4471,0.0459,0,1.2157,price_proxy,,,,
2022-09-02,0.4548,0.0458,0,0.7169,price_proxy,,,,
2022-09-05,0.4733,0.0453,0,0.6257,price_proxy,,,,
2022-09-06,0.4946,0.0459,0,0.5493,price_proxy,,,,
2022-09-07,0.4759,0.0468,0,0.9843,price_proxy,,,,
2022-09-08,0.5055,0.0468,0,0.8538,price_proxy,,,,
2022-09-13,0.5489,0.0475,0,1.0763,price_proxy,,,,
2022-09-14,0.5135,0.049,0,0.806,price_proxy,,,,
2022-09-15,0.4946,0.049,0,0.7248,price_proxy,,,,
2022-09-16,0.5298,0.0498,0,0.9373,price_proxy,,,,
2022-09-19,0.5,0.0514,0,1.2133,price_proxy,,,,
2022-09-20,0.4682,0.0514,0,0.899,price_proxy,,,,
2022-09-21,0.4785,0.0508,0,0.8507,price_proxy,,,,
2022-09-22,0.4731,0.0444,0,1.4602,price_proxy,,,,
2022-09-23,0.4359,0.043,0,1.4756,price_proxy,,,,
2022-09-26,0.435,0.0415,0,2.2172,price_proxy,,,,
2022-09-27,0.4137,0.0416,0,2.0104,price_proxy,,,,
2022-09-28,0.3996,0.0433,0,1.6507,price_proxy,,,,
2022-09-29,0.4318,0.0461,0,1.1486,price_proxy,,,,
2022-09-30,0.431,0.0468,0,1.0789,price_proxy,,,,
2022-10-04,0.4692,0.0463,0,1.6723,price_proxy,,,,
2022-10-05,0.5141,0.05,0,1.1936,price_proxy,,,,
2022-10-06,0.5372,0.0495,0,1.012,price_proxy,,,,
2022-10-07,0.5452,0.052,0,0.6889,price_proxy,,,,
2022-10-11,0.5572,0.0515,0,0.7926,price_proxy,,,,
2022-10-12,0.5625,0.0524,0,0.5332,price_proxy,,,,
2022-10-13,0.5112,0.0475,0,0.7092,price_proxy,,,,
2022-10-14,0.5589,0.0522,0,0.7933,price_proxy,,,,
2022-10-17,0.547,0.0532,0,0.5233,price_proxy,,,,
2022-10-18,0.5695,0.0528,0,0.698,price_proxy,,,,
2022-10-19,0.5275,0.0525,0,1.0144,price_proxy,,,,
2022-10-20,0.5473,0.0522,0,2.3248,price_proxy,,,,
2022-10-21,0.4946,0.0521,0,0.7244,price_proxy,,,,
2022-10-24,0.4838,0.0519,0,0.6872,price_proxy,,,,
2022-10-25,0.4543,0.0516,0,0.4134,price_proxy,,,,
2022-10-26,0.4674,0.0496,0,0.5268,price_proxy,,,,
2022-10-27,0.4701,0.0489,0,0.7495,price_proxy,,,,
2022-10-28,0.4727,0.0463,0,0.6743,price_proxy,,,,
2022-10-31,0.364,0.0714,0,4.0984,price_proxy,,,,
2022-11-01,0.4176,0.0737,0,1.3382,price_proxy,,,,
2022-11-02,0.4116,0.074,0,0.8475,price_proxy,,,,
2022-11-03,0.3924,0.072,0,1.1268,price_proxy,,,,
2022-11-04,0.4141,0.0727,0,1.1461,price_proxy,,,,
2022-11-07,0.5525,0.0733,0,1.2306,price_proxy,,,,
2022-11-08,0.5688,0.079,0,1.539,price_proxy,,,,
2022-11-09,0.5896,0.0785,0,1.0179,price_proxy,,,,
2022-11-10,0.602,0.0778,0,1.0141,price_proxy,,,,
2022-11-11,0.6013,0.0748,0,0.9835,price_proxy,,,,
2022-11-14,0.6024,0.0766,0,0.9861,price_proxy,,,,
2022-11-15,0.5499,0.0764,0,0.5782,price_proxy,,,,
2022-11-16,0.5664,0.0759,0,0.8055,price_proxy,,,,
2022-11-17,0.5472,0.0771,0,0.7425,price_proxy,,,,
2022-11-18,0.5413,0.0769,0,0.6839,price_proxy,,,,
2022-11-21,0.4891,0.0774,0,0.5771,price_proxy,,,,
2022-11-22,0.5,0.0769,0,0.4544,price_proxy,,,,
2022-11-23,0.4946,0.0768,0,0.5335,price_proxy,,,,
2022-11-24,0.5135,0.0769,0,0.5268,price_proxy,,,,
2022-11-25,0.5081,0.0767,0,0.4905,price_proxy,,,,
2022-11-28,0.5218,0.0493,0,0.6509,price_proxy,,,,
2022-11-29,0.5243,0.0467,0,0.559,price_proxy,,,,
2022-11-30,0.5537,0.0483,0,1.0862,price_proxy,,,,
2022-12-01,0.5619,0.046,0,0.9224,price_proxy,,,,
2022-12-02,0.5564,0.0465,0,1.0589,price_proxy,,,,
2022-12-05,0.5457,0.046,0,0.751,price_proxy,,,,
2022-12-06,0.508,0.0406,0,0.6291,price_proxy,,,,
2022-12-07,0.4582,0.0411,0,0.5727,price_proxy,,,,
2022-12-08,0.4426,0.0418,0,1.5528,price_proxy,,,,
2022-12-09,0.4765,0.0443,0,0.7876,price_proxy,,,,
2022-12-12,0.4605,0.0439,0,1.131,price_proxy,,,,
2022-12-13,0.5585,0.06,0,2.6871,price_proxy,,,,
2022-12-14,0.5561,0.0599,0,1.0837,price_proxy,,,,
2022-12-15,0.5484,0.0595,0,0.8055,price_proxy,,,,
2022-12-16,0.4921,0.0611,0,0.9629,price_proxy,,,,
2022-12-19,0.5268,0.0603,0,0.7568,price_proxy,,,,
2022-12-20,0.4302,0.0613,0,1.1157,price_proxy,,,,
2022-12-21,0.4506,0.0611,0,0.9125,price_proxy,,,,
2022-12-22,0.4948,0.0622,0,1.4926,price_proxy,,,,
2022-12-23,0.5372,0.0628,0,1.9589,price_proxy,,,,
2022-12-26,0.5345,0.0627,0,1.984,price_proxy,,,,
2022-12-27,0.5536,0.0623,0,3.5527,price_proxy,,,,
2022-12-28,0.3722,0.1061,0,3.0523,price_proxy,,,,
2022-12-29,0.2658,0.1146,0,2.3913,price_proxy,,,,
2023-01-02,0.2106,0.1157,0,0.7715,price_proxy,,,,
2023-01-03,0.1953,0.1157,0,0.7638,price_proxy,,,,
2023-01-04,0.2027,0.1162,0,0.7292,price_proxy,,,,
2023-01-05,0.3521,0.1162,0,0.7252,price_proxy,,,,
2023-01-06,0.4821,0.12,0,0.5714,price_proxy,,,,
2023-01-09,0.5854,0.1233,0,0.7583,price_proxy,,,,
2023-01-10,0.5798,0.123,0,0.6866,price_proxy,,,,
2023-01-11,0.5796,0.1135,0,0.7071,price_proxy,,,,
2023-01-12,0.6167,0.1157,0,0.6466,price_proxy,,,,
2023-01-13,0.5782,0.1158,0,0.5305,price_proxy,,,,
2023-01-16,0.5614,0.1184,0,0.7928,price_proxy,,,,
2023-01-17,0.5798,0.1183,0,0.5531,price_proxy,,,,
2023-01-18,0.5324,0.1194,0,0.8738,price_proxy,,,,
2023-01-19,0.4971,0.1189,0,0.4965,price_proxy,,,,
2023-01-20,0.5,0.118,0,0.2927,price_proxy,,,,
2023-01-25,0.4603,0.1171,0,0.5695,price_proxy,,,,
2023-01-26,0.4716,0.1174,0,0.374,price_proxy,,,,
2023-01-27,0.529,0.1182,0,0.635,price_proxy,,,,
2023-01-30,0.5203,0.0788,0,0.6233,price_proxy,,,,
2023-01-31,0.5434,0.0624,0,1.0877,price_proxy,,,,
2023-02-01,0.5492,0.0558,0,1.401,price_proxy,,,,
2023-02-02,0.5086,0.0583,0,1.3543,price_proxy,,,,
2023-02-03,0.5086,0.0586,0,0.8717,price_proxy,,,,
2023-02-06,0.5029,0.06,0,0.6818,price_proxy,,,,
2023-02-07,0.4689,0.0566,0,0.6327,price_proxy,,,,
2023-02-08,0.4746,0.0487,0,0.6552,price_proxy,,,,
2023-02-09,0.5029,0.0471,0,1.1328,price_proxy,,,,
2023-02-10,0.4773,0.0475,0,0.7836,price_proxy,,,,
2023-02-13,0.5029,0.0451,0,0.8031,price_proxy,,,,
2023-02-14,0.5086,0.045,0,0.5872,price_proxy,,,,
2023-02-15,0.4685,0.0419,0,0.7963,price_proxy,,,,
2023-02-16,0.4857,0.0429,0,0.7751,price_proxy,,,,
2023-02-17,0.4856,0.0375,0,0.5037,price_proxy,,,,
2023-02-20,0.4971,0.0384,0,0.8471,price_proxy,,,,
2023-02-21,0.5143,0.0395,0,1.1697,price_proxy,,,,
2023-02-22,0.5262,0.0408,0,0.7749,price_proxy,,,,
2023-02-23,0.5346,0.0423,0,0.9862,price_proxy,,,,
2023-02-24,0.5116,0.0447,0,0.9035,price_proxy,,,,
2023-02-27,0.4339,0.0545,0,1.8348,price_proxy,,,,
2023-02-28,0.409,0.0509,0,0.9587,price_proxy,,,,
2023-03-02,0.4283,0.0508,0,0.7572,price_proxy,,,,
2023-03-03,0.4149,0.0491,0,0.7026,price_proxy,,,,
2023-03-06,0.451,0.0481,0,0.7578,price_proxy,,,,
2023-03-07,0.503,0.0474,0,0.7535,price_proxy,,,,
2023-03-08,0.4881,0.0483,0,1.0903,price_proxy,,,,
2023-03-09,0.4792,0.0475,0,1.035,price_proxy,,,,
2023-03-10,0.4378,0.0498,0,1.4377,price_proxy,,,,
2023-03-13,0.4173,0.05,0,1.2818,price_proxy,,,,
2023-03-14,0.3961,0.051,0,1.2815,price_proxy,,,,
2023-03-15,0.431,0.0523,0,0.9874,price_proxy,,,,
2023-03-16,0.4308,0.051,0,0.8138,price_proxy,,,,
2023-03-17,0.4694,0.0502,0,1.1074,price_proxy,,,,
2023-03-20,0.4815,0.0502,0,0.6396,price_proxy,,,,
2023-03-21,0.5345,0.0509,0,0.6049,price_proxy,,,,
2023-03-22,0.5373,0.0506,0,0.6473,price_proxy,,,,
2023-03-23,0.5343,0.0503,0,0.6996,price_proxy,,,,
2023-03-24,0.5249,0.0477,0,1.0895,price_proxy,,,,
2023-03-27,0.5373,0.0466,0,0.7949,price_proxy,,,,
2023-03-28,0.5277,0.036,0,0.6548,price_proxy,,,,
2023-03-29,0.5122,0.036,0,0.9197,price_proxy,,,,
2023-03-30,0.5306,0.0364,0,1.1809,price_proxy,,,,
2023-03-31,0.5736,0.042,0,1.3059,price_proxy,,,,
2023-04-03,0.5458,0.0429,0,0.9471,price_proxy,,,,
2023-04-04,0.5516,0.0438,0,0.9163,price_proxy,,,,
2023-04-05,0.5303,0.0434,0,0.9829,price_proxy,,,,
2023-04-06,0.497,0.0452,0,1.1316,price_proxy,,,,
2023-04-07,0.4497,0.0417,0,1.3514,price_proxy,,,,
2023-04-10,0.4672,0.0407,0,0.9485,price_proxy,,,,
2023-04-11,0.4704,0.0377,0,0.8556,price_proxy,,,,
2023-04-12,0.494,0.0372,0,1.236,price_proxy,,,,
2023-04-13,0.5514,0.0398,0,1.4001,price_proxy,,,,
2023-04-14,0.5516,0.0405,0,1.031,price_proxy,,,,
2023-04-17,0.5637,0.0404,0,1.0398,price_proxy,,,,
2023-04-18,0.5481,0.0394,0,1.6461,price_proxy,,,,
2023-04-19,0.5569,0.0391,0,1.3152,price_proxy,,,,
2023-04-20,0.5059,0.0402,0,0.8948,price_proxy,,,,
2023-04-21,0.4941,0.0422,0,0.7599,price_proxy,,,,
2023-04-24,0.4647,0.0435,0,0.733,price_proxy,,,,
2023-04-25,0.4355,0.0452,0,0.7291,price_proxy,,,,
2023-04-26,0.4068,0.0459,0,0.9364,price_proxy,,,,
2023-04-27,0.4207,0.0455,0,0.7719,price_proxy,,,,
2023-04-28,0.4555,0.0408,0,0.5604,price_proxy,,,,
2023-05-02,0.5209,0.0479,0,0.9537,price_proxy,,,,
2023-05-03,0.5121,0.05,0,0.8444,price_proxy,,,,
2023-05-04,0.5366,0.0495,0,0.5181,price_proxy,,,,
2023-05-08,0.552,0.0481,0,0.8927,price_proxy,,,,
2023-05-09,0.5546,0.0485,0,0.6282,price_proxy,,,,
2023-05-10,0.4852,0.05,0,0.7197,price_proxy,,,,
2023-05-11,0.5391,0.05,0,0.8204,price_proxy,,,,
2023-05-12,0.512,0.051,0,0.5444,price_proxy,,,,
2023-05-15,0.494,0.0477,0,0.6948,price_proxy,,,,
2023-05-16,0.4468,0.05,0,1.33,price_proxy,,,,
2023-05-17,0.4642,0.0493,0,0.7369,price_proxy,,,,
2023-05-18,0.4468,0.0492,0,1.3177,price_proxy,,,,
2023-05-19,0.4821,0.0496,0,2.2613,price_proxy,,,,
2023-05-22,0.4851,0.049,0,2.8288,price_proxy,,,,
2023-05-23,0.5364,0.0494,0,1.1631,price_proxy,,,,
2023-05-24,0.5395,0.0484,0,0.6683,price_proxy,,,,
2023-05-25,0.5061,0.0494,0,1.8694,price_proxy,,,,
2023-05-26,0.479,0.0489,0,0.9838,price_proxy,,,,
2023-05-30,0.4819,0.0489,0,1.1487,price_proxy,,,,
2023-05-31,0.4464,0.0488,0,0.8608,price_proxy,,,,
2023-06-01,0.4464,0.0404,0,0.5792,price_proxy,,,,
2023-06-02,0.494,0.0384,0,0.5487,price_proxy,,,,
2023-06-05,0.5182,0.039,0,0.7636,price_proxy,,,,
2023-06-07,0.5304,0.039,0,1.2135,price_proxy,,,,
2023-06-08,0.5551,0.038,0,1.148,price_proxy,,,,
2023-06-09,0.5398,0.0373,0,0.9238,price_proxy,,,,
2023-06-12,0.5152,0.0354,0,0.7984,price_proxy,,,,
2023-06-13,0.4699,0.0376,0,2.5973,price_proxy,,,,
2023-06-14,0.4611,0.0376,0,1.4684,price_proxy,,,,
2023-06-15,0.4404,0.0348,0,0.8123,price_proxy,,,,
2023-06-16,0.4429,0.0353,0,1.1664,price_proxy,,,,
2023-06-19,0.4428,0.0353,0,1.2159,price_proxy,,,,
2023-06-20,0.4939,0.0359,0,0.8758,price_proxy,,,,
2023-06-21,0.4847,0.036,0,0.5614,price_proxy,,,,
2023-06-22,0.4969,0.0336,0,0.5683,price_proxy,,,,
2023-06-23,0.4876,0.035,0,1.2253,price_proxy,,,,
2023-06-26,0.5093,0.0334,0,0.4102,price_proxy,,,,
2023-06-27,0.4754,0.0336,0,0.6877,price_proxy,,,,
2023-06-28,0.4784,0.0336,0,0.7896,price_proxy,,,,
2023-06-29,0.4384,0.0387,0,1.6584,price_proxy,,,,
2023-06-30,0.4658,0.0391,0,0.6392,price_proxy,,,,
2023-07-03,0.463,0.0382,0,1.01,price_proxy,,,,
2023-07-04,0.382,0.0602,0,3.0109,price_proxy,,,,
2023-07-05,0.2792,0.0801,0,4.5571,price_proxy,,,,
2023-07-06,0.3064,0.079,0,1.3566,price_proxy,,,,
2023-07-07,0.3038,0.0797,0,2.6409,price_proxy,,,,
2023-07-10,0.3176,0.0829,0,1.401,price_proxy,,,,
2023-07-11,0.4736,0.0931,0,0.9739,price_proxy,,,,
2023-07-12,0.5559,0.0938,0,0.5962,price_proxy,,,,
2023-07-13,0.5809,0.0946,0,0.7821,price_proxy,,,,
2023-07-14,0.5947,0.0956,0,0.7278,price_proxy,,,,
2023-07-17,0.5485,0.0957,0,0.482,price_proxy,,,,
2023-07-18,0.4833,0.0945,0,0.3441,price_proxy,,,,
2023-07-19,0.4932,0.0948,0,0.485,price_proxy,,,,
2023-07-20,0.4932,0.0955,0,0.4685,price_proxy,,,,
2023-07-21,0.4933,0.0962,0,0.3261,price_proxy,,,,
2023-07-24,0.4932,0.0955,0,0.6243,price_proxy,,,,
2023-07-25,0.4865,0.0955,0,0.5537,price_proxy,,,,
2023-07-26,0.4795,0.0961,0,0.9314,price_proxy,,,,
2023-07-27,0.5102,0.0987,0,0.5742,price_proxy,,,,
2023-07-28,0.4832,0.0985,0,0.5735,price_proxy,,,,
2023-07-31,0.544,0.1017,0,1.1371,price_proxy,,,,
2023-08-01,0.5645,0.089,0,0.9532,price_proxy,,,,
2023-08-02,0.7345,0.0913,0,2.927,price_proxy,,,,
2023-08-03,0.5978,0.1033,0,1.0806,price_proxy,,,,
2023-08-04,0.6186,0.1033,0,0.6555,price_proxy,,,,
2023-08-07,0.5829,0.1027,0,1.0025,price_proxy,,,,
2023-08-08,0.579,0.0971,0,0.789,price_proxy,,,,
2023-08-09,0.4414,0.095,0,0.5367,price_proxy,,,,
2023-08-10,0.5193,0.0951,0,0.6707,price_proxy,,,,
2023-08-11,0.532,0.0953,0,0.5335,price_proxy,,,,
2023-08-14,0.5,0.0958,0,0.509,price_proxy,,,,
2023-08-16,0.4684,0.0967,0,0.5473,price_proxy,,,,
2023-08-17,0.4364,0.0988,0,0.5347,price_proxy,,,,
2023-08-18,0.449,0.0987,0,0.4165,price_proxy,,,,
2023-08-21,0.4275,0.0984,0,0.3384,price_proxy,,,,
2023-08-22,0.4618,0.0979,0,0.4187,price_proxy,,,,
2023-08-23,0.4775,0.0979,0,0.2463,price_proxy,,,,
2023-08-24,0.546,0.0965,0,0.7402,price_proxy,,,,
2023-08-25,0.5392,0.0942,0,0.4027,price_proxy,,,,
2023-08-28,0.5556,0.0939,0,0.3535,price_proxy,,,,
2023-08-29,0.5325,0.0919,0,0.7706,price_proxy,,,,
2023-08-30,0.5423,0.0917,0,0.3707,price_proxy,,,,
2023-08-31,0.5353,0.0586,0,0.9369,price_proxy,,,,
2023-09-01,0.5032,0.0424,0,0.7556,price_proxy,,,,
2023-09-04,0.5222,0.046,0,1.1677,price_proxy,,,,
2023-09-05,0.5319,0.0458,0,1.2513,price_proxy,,,,
2023-09-06,0.5032,0.0469,0,0.8816,price_proxy,,,,
2023-09-07,0.4685,0.0474,0,0.9572,price_proxy,,,,
2023-09-08,0.5192,0.0489,0,1.0426,price_proxy,,,,
2023-09-11,0.4937,0.0477,0,0.9882,price_proxy,,,,
2023-09-12,0.5094,0.0468,0,1.525,price_proxy,,,,
2023-09-13,0.5254,0.0455,0,1.0847,price_proxy,,,,
2023-09-14,0.5416,0.0383,0,1.226,price_proxy,,,,
2023-09-15,0.5253,0.0382,0,1.7485,price_proxy,,,,
2023-09-18,0.5063,0.0389,0,0.9778,price_proxy,,,,
2023-09-19,0.4906,0.0386,0,0.5648,price_proxy,,,,
2023-09-20,0.5188,0.0396,0,0.9693,price_proxy,,,,
2023-09-21,0.478,0.0443,0,0.9847,price_proxy,,,,
2023-09-22,0.4625,0.0447,0,0.577,price_proxy,,,,
2023-09-25,0.4623,0.0441,0,0.7246,price_proxy,,,,
2023-09-26,0.4402,0.0454,0,1.0429,price_proxy,,,,
2023-09-27,0.4253,0.0454,0,1.0021,price_proxy,,,,
2023-10-04,0.4016,0.0549,0,2.0588,price_proxy,,,,
2023-10-05,0.4107,0.0535,0,0.8559,price_proxy,,,,
2023-10-06,0.4295,0.0495,0,0.6495,price_proxy,,,,
2023-10-10,0.4287,0.0503,0,1.4241,price_proxy,,,,
2023-10-11,0.4386,0.051,0,0.8368,price_proxy,,,,
2023-10-12,0.51,0.0509,0,1.2976,price_proxy,,,,
2023-10-13,0.4666,0.0529,0,2.0088,price_proxy,,,,
2023-10-16,0.4236,0.0539,0,1.6538,price_proxy,,,,
2023-10-17,0.4596,0.0537,0,0.92,price_proxy,,,,
2023-10-18,0.48,0.0591,0,4.7022,price_proxy,,,,
2023-10-19,0.4468,0.0599,0,0.6711,price_proxy,,,,
2023-10-20,0.4593,0.0605,0,1.2347,price_proxy,,,,
2023-10-23,0.4586,0.0619,0,1.4752,price_proxy,,,,
2023-10-24,0.4691,0.0646,0,0.646,price_proxy,,,,
2023-10-25,0.4528,0.0644,0,0.7082,price_proxy,,,,
2023-10-26,0.4659,0.0622,0,1.1913,price_proxy,,,,
2023-10-27,0.5243,0.0651,0,0.5781,price_proxy,,,,
2023-10-30,0.5882,0.0676,0,0.7504,price_proxy,,,,
2023-10-31,0.5558,0.0669,0,0.7798,price_proxy,,,,
2023-11-01,0.5966,0.0752,0,1.0277,price_proxy,,,,
2023-11-02,0.6493,0.069,0,1.2082,price_proxy,,,,
2023-11-03,0.6233,0.0689,0,0.8601,price_proxy,,,,
2023-11-06,0.6284,0.0705,0,1.1699,price_proxy,,,,
2023-11-07,0.5881,0.0738,0,0.9653,price_proxy,,,,
2023-11-08,0.5559,0.0748,0,0.4737,price_proxy,,,,
2023-11-09,0.5323,0.0749,0,0.5008,price_proxy,,,,
2023-11-10,0.5258,0.0702,0,0.3882,price_proxy,,,,
2023-11-13,0.5032,0.0665,0,0.5453,price_proxy,,,,
2023-11-14,0.5617,0.0664,0,0.5944,price_proxy,,,,
2023-11-15,0.5512,0.0647,0,0.9665,price_proxy,,,,
2023-11-16,0.57,0.0628,0,1.5689,price_proxy,,,,
2023-11-17,0.6051,0.0591,0,1.3978,price_proxy,,,,
2023-11-20,0.6078,0.0526,0,1.2545,price_proxy,,,,
2023-11-21,0.6102,0.0524,0,1.0596,price_proxy,,,,
2023-11-22,0.6092,0.0524,0,0.8678,price_proxy,,,,
2023-11-23,0.5491,0.0549,0,0.836,price_proxy,,,,
2023-11-24,0.5423,0.0546,0,0.7512,price_proxy,,,,
2023-11-27,0.5542,0.0544,0,1.1112,price_proxy,,,,
2023-11-28,0.5418,0.0535,0,0.7247,price_proxy,,,,
2023-11-29,0.5,0.0507,0,0.7464,price_proxy,,,,
2023-11-30,0.551,0.0493,0,1.0199,price_proxy,,,,
2023-12-01,0.5326,0.0492,0,0.9821,price_proxy,,,,
2023-12-04,0.5234,0.0477,0,1.1332,price_proxy,,,,
2023-12-05,0.5175,0.0379,0,1.2144,price_proxy,,,,
2023-12-06,0.5385,0.0373,0,0.5385,price_proxy,,,,
2023-12-07,0.5205,0.0373,0,0.7936,price_proxy,,,,
2023-12-08,0.5117,0.0372,0,0.9065,price_proxy,,,,
2023-12-11,0.4942,0.0378,0,0.9323,price_proxy,,,,
2023-12-12,0.4768,0.0408,0,1.1408,price_proxy,,,,
2023-12-13,0.4448,0.046,0,0.8894,price_proxy,,,,
2023-12-14,0.4595,0.0445,0,1.4756,price_proxy,,,,
2023-12-15,0.4594,0.042,0,0.9311,price_proxy,,,,
2023-12-18,0.4361,0.0443,0,1.3365,price_proxy,,,,
2023-12-19,0.456,0.0435,0,1.5703,price_proxy,,,,
2023-12-20,0.5299,0.0474,0,1.5175,price_proxy,,,,
2023-12-21,0.5089,0.0449,0,0.7697,price_proxy,,,,
2023-12-22,0.5059,0.0434,0,1.3395,price_proxy,,,,
2023-12-26,0.548,0.0422,0,3.2259,price_proxy,,,,
2023-12-27,0.3681,0.1022,0,4.3146,price_proxy,,,,
2023-12-28,0.3617,0.1041,0,1.1131,price_proxy,,,,
2024-01-02,0.3353,0.1034,0,0.9455,price_proxy,,,,
2024-01-03,0.326,0.1031,0,0.5495,price_proxy,,,,
2024-01-04,0.2862,0.1026,0,0.6296,price_proxy,,,,
2024-01-05,0.4743,0.1037,0,0.4799,price_proxy,,,,
2024-01-08,0.4305,0.1036,0,0.2424,price_proxy,,,,
2024-01-09,0.4647,0.1036,0,0.2401,price_proxy,,,,
2024-01-10,0.4903,0.1041,0,0.4789,price_proxy,,,,
2024-01-11,0.5131,0.1041,0,0.4134,price_proxy,,,,
2024-01-12,0.5,0.1042,0,0.356,price_proxy,,,,
2024-01-15,0.5098,0.1033,0,0.3157,price_proxy,,,,
2024-01-16,0.4837,0.1021,0,0.4622,price_proxy,,,,
2024-01-17,0.4481,0.1024,0,0.5721,price_proxy,,,,
2024-01-18,0.4446,0.102,0,0.2784,price_proxy,,,,
2024-01-19,0.4675,0.1038,0,0.4993,price_proxy,,,,
2024-01-22,0.4544,0.1003,0,0.2619,price_proxy,,,,
2024-01-23,0.4901,0.1013,0,0.2703,price_proxy,,,,
2024-01-24,0.5133,0.1013,0,0.2686,price_proxy,,,,
2024-01-25,0.5402,0.1014,0,0.2607,price_proxy,,,,
2024-01-26,0.5198,0.0431,0,0.5159,price_proxy,,,,
2024-01-29,0.5633,0.0418,0,2.1319,price_proxy,,,,
2024-01-30,0.5628,0.0402,0,1.4917,price_proxy,,,,
2024-01-31,0.5795,0.0397,0,1.1958,price_proxy,,,,
2024-02-01,0.638,0.0516,0,5.6156,price_proxy,,,,
2024-02-02,0.6015,0.0544,0,2.8078,price_proxy,,,,
2024-02-05,0.542,0.0569,0,1.8607,price_proxy,,,,
2024-02-06,0.5,0.0589,0,0.9279,price_proxy,,,,
2024-02-07,0.5223,0.0614,0,1.198,price_proxy,,,,
2024-02-08,0.4355,0.062,0,1.2867,price_proxy,,,,
2024-02-13,0.4502,0.0625,0,1.2237,price_proxy,,,,
2024-02-14,0.4462,0.0655,0,1.3352,price_proxy,,,,
2024-02-15,0.4583,0.065,0,0.8578,price_proxy,,,,
2024-02-16,0.4559,0.0653,0,0.7049,price_proxy,,,,
2024-02-19,0.5063,0.0669,0,1.0432,price_proxy,,,,
2024-02-20,0.4936,0.0678,0,0.6691,price_proxy,,,,
2024-02-21,0.5391,0.067,0,0.5873,price_proxy,,,,
2024-02-22,0.5949,0.0695,0,1.43,price_proxy,,,,
2024-02-23,0.5354,0.0713,0,0.7544,price_proxy,,,,
2024-02-26,0.3987,0.0904,0,3.5319,price_proxy,,,,
2024-02-27,0.4006,0.091,0,0.7879,price_proxy,,,,
2024-02-28,0.4139,0.0908,0,0.5135,price_proxy,,,,
2024-02-29,0.3688,0.0902,0,0.6229,price_proxy,,,,
2024-03-04,0.3798,0.0898,0,0.5709,price_proxy,,,,
2024-03-05,0.48,0.0785,0,0.6305,price_proxy,,,,
2024-03-06,0.4831,0.0781,0,0.9235,price_proxy,,,,
2024-03-07,0.4433,0.0772,0,1.4345,price_proxy,,,,
2024-03-08,0.4733,0.0784,0,0.8169,price_proxy,,,,
2024-03-11,0.4663,0.0753,0,0.9659,price_proxy,,,,
2024-03-12,0.4427,0.0757,0,1.2498,price_proxy,,,,
2024-03-13,0.466,0.0759,0,0.6981,price_proxy,,,,
2024-03-14,0.4897,0.0747,0,1.0084,price_proxy,,,,
2024-03-15,0.4728,0.0749,0,1.0477,price_proxy,,,,
2024-03-18,0.476,0.0721,0,0.8191,price_proxy,,,,
2024-03-19,0.4861,0.0681,0,0.7863,price_proxy,,,,
2024-03-20,0.4758,0.0676,0,0.6915,price_proxy,,,,
2024-03-21,0.4897,0.0687,0,1.1409,price_proxy,,,,
2024-03-22,0.4691,0.063,0,0.8071,price_proxy,,,,
2024-03-25,0.4688,0.0626,0,0.9034,price_proxy,,,,
2024-03-26,0.507,0.0401,0,0.915,price_proxy,,,,
2024-03-27,0.514,0.0387,0,0.8586,price_proxy,,,,
2024-03-28,0.6595,0.0976,0,10.0,price_proxy,,,,
2024-03-29,0.7234,0.0998,0,2.8273,price_proxy,,,,
2024-04-01,0.6056,0.1208,0,2.8709,price_proxy,,,,
2024-04-02,0.5592,0.1213,0,0.7724,price_proxy,,,,
2024-04-03,0.5765,0.1211,0,0.5237,price_proxy,,,,
2024-04-04,0.4037,0.1209,0,0.46,price_proxy,,,,
2024-04-05,0.343,0.1209,0,0.6251,price_proxy,,,,
2024-04-08,0.4331,0.1215,0,0.4075,price_proxy,,,,
2024-04-09,0.4561,0.1208,0,0.2545,price_proxy,,,,
2024-04-11,0.3995,0.1228,0,0.7211,price_proxy,,,,
2024-04-12,0.3988,0.1229,0,0.4323,price_proxy,,,,
2024-04-15,0.4285,0.123,0,0.2805,price_proxy,,,,
2024-04-16,0.4412,0.123,0,0.4133,price_proxy,,,,
2024-04-17,0.4171,0.1233,0,0.4377,price_proxy,,,,
2024-04-18,0.4859,0.1244,0,0.2876,price_proxy,,,,
2024-04-19,0.5249,0.1246,0,0.2672,price_proxy,,,,
2024-04-22,0.553,0.1261,0,0.2958,price_proxy,,,,
2024-04-23,0.5927,0.1259,0,0.308,price_proxy,,,,
2024-04-24,0.6009,0.1257,0,0.2274,price_proxy,,,,
2024-04-25,0.5746,0.1257,0,0.2068,price_proxy,,,,
2024-04-26,0.5666,0.0866,0,0.3889,price_proxy,,,,
2024-04-29,0.5689,0.0859,0,1.3622,price_proxy,,,,
2024-04-30,0.5545,0.0559,0,0.476,price_proxy,,,,
2024-05-02,0.5583,0.0551,0,0.4912,price_proxy,,,,
2024-05-03,0.5377,0.0552,0,0.6969,price_proxy,,,,
2024-05-07,0.551,0.0569,0,1.344,price_proxy,,,,
2024-05-08,0.4967,0.0562,0,0.441,price_proxy,,,,
2024-05-09,0.4702,0.0546,0,1.5449,price_proxy,,,,
2024-05-10,0.5033,0.0557,0,0.6608,price_proxy,,,,
2024-05-13,0.5269,0.0496,0,0.9531,price_proxy,,,,
2024-05-14,0.5033,0.0483,0,0.641,price_proxy,,,,
2024-05-16,0.5133,0.0486,0,0.7606,price_proxy,,,,
2024-05-17,0.5875,0.0525,0,3.7062,price_proxy,,,,
2024-05-20,0.5732,0.0494,0,0.9507,price_proxy,,,,
2024-05-21,0.5564,0.0497,0,0.8373,price_proxy,,,,
2024-05-22,0.5562,0.049,0,0.5805,price_proxy,,,,
2024-05-23,0.5397,0.0482,0,0.47,price_proxy,,,,
2024-05-24,0.4645,0.0497,0,0.8188,price_proxy,,,,
2024-05-27,0.744,0.1618,0,2.0728,price_proxy,,,,
2024-05-28,0.4709,0.2165,0,4.3794,price_proxy,,,,
2024-05-29,0.4196,0.2182,0,1.2603,price_proxy,,,,
2024-05-30,0.4123,0.2177,0,1.1404,price_proxy,,,,
2024-05-31,0.4606,0.2181,0,1.1614,price_proxy,,,,
2024-06-03,0.2167,0.2181,0,0.534,price_proxy,,,,
2024-06-04,0.4313,0.2187,0,0.7149,price_proxy,,,,
2024-06-05,0.4766,0.2181,0,0.513,price_proxy,,,,
2024-06-07,0.5136,0.218,0,0.3126,price_proxy,,,,
2024-06-10,0.4799,0.2178,0,0.4901,price_proxy,,,,
2024-06-11,0.4767,0.2174,0,8.7044,price_proxy,,,,
2024-06-12,0.5203,0.2175,0,0.2702,price_proxy,,,,
2024-06-13,0.5169,0.2175,0,0.7015,price_proxy,,,,
2024-06-14,0.4933,0.2176,0,0.5378,price_proxy,,,,
2024-06-17,0.4627,0.2163,0,0.5991,price_proxy,,,,
2024-06-18,0.4089,0.2174,0,1.3722,price_proxy,,,,
2024-06-19,0.4228,0.218,0,0.3271,price_proxy,,,,
2024-06-20,0.4227,0.2179,0,0.6113,price_proxy,,,,
2024-06-21,0.456,0.2183,0,0.3107,price_proxy,,,,
2024-06-24,0.4724,0.2182,0,0.3939,price_proxy,,,,
2024-06-25,0.5459,0.142,0,0.2784,price_proxy,,,,
2024-06-26,0.5594,0.0603,0,1.4389,price_proxy,,,,
2024-06-27,0.563,0.0555,0,0.0,price_proxy,,,,
2024-06-28,0.5415,0.0536,0,0.0,price_proxy,,,,
2024-07-01,0.563,0.0514,0,0.0,price_proxy,,,,
2024-07-02,0.538,0.051,0,0.0,price_proxy,,,,
2024-07-03,0.5,0.0479,0,0.0,price_proxy,,,,
2024-07-04,0.5,0.0479,0,0.0,price_proxy,,,,
2024-07-05,0.5,0.0475,0,0.0,price_proxy,,,,
2024-07-08,0.5,0.0474,0,0.0,price_proxy,,,,
2024-07-09,0.5,0.0473,0,0.0,price_proxy,,,,
2024-07-10,0.5,0.0469,0,0.0,price_proxy,,,,
2024-07-11,0.5,0.0469,0,0.0,price_proxy,,,,
2024-07-12,0.5,0.0463,0,0.0,price_proxy,,,,
2024-07-15,0.5,0.0414,0,0.0,price_proxy,,,,
2024-07-16,0.5,0.0307,0,0.0,price_proxy,,,,
2024-07-17,0.5,0.0285,0,0.0,price_proxy,,,,
2024-07-18,0.5,0.0284,0,0.0,price_proxy,,,,
2024-07-19,0.5,0.0266,0,0.0,price_proxy,,,,
2024-07-22,0.5,0.0234,0,0.0,price_proxy,,,,
2024-07-23,0.5,0.0202,0,0.0,price_proxy,,,,
2024-07-29,0.7222,0.1178,0,10.0,price_proxy,,,,
2024-07-30,0.5176,0.157,0,6.7309,price_proxy,,,,
2024-07-31,0.5176,0.157,0,2.1453,price_proxy,,,,
2024-08-01,0.489,0.1578,0,2.3427,price_proxy,,,,
2024-08-02,0.4032,0.1643,0,2.2458,price_proxy,,,,
2024-08-05,0.0861,0.1812,0,2.4702,price_proxy,,,,
2024-08-06,0.247,0.1812,0,1.7894,price_proxy,,,,
2024-08-07,0.2579,0.1815,0,0.8199,price_proxy,,,,
2024-08-08,0.3142,0.1831,0,1.0891,price_proxy,,,,
2024-08-09,0.4075,0.1834,0,0.73,price_proxy,,,,
2024-08-12,0.6099,0.1858,0,0.3958,price_proxy,,,,
2024-08-13,0.6024,0.1858,0,7.1897,price_proxy,,,,
2024-08-14,0.634,0.1876,0,7.9855,price_proxy,,,,
2024-08-16,0.6122,0.1878,0,0.2175,price_proxy,,,,
2024-08-19,0.6406,0.1892,0,1.6901,price_proxy,,,,
2024-08-20,0.5828,0.1892,0,0.1258,price_proxy,,,,
2024-08-21,0.6045,0.1894,0,0.1212,price_proxy,,,,
2024-08-22,0.5488,0.1894,0,0.112,price_proxy,,,,
2024-08-23,0.56,0.19,0,0.1059,price_proxy,,,,
2024-08-26,0.6087,0.1956,0,0.2547,price_proxy,,,,
2024-08-27,0.7205,0.1631,0,0.5415,price_proxy,,,,
2024-08-28,0.7393,0.1282,0,0.4247,price_proxy,,,,
2024-08-29,0.7066,0.1307,0,0.3966,price_proxy,,,,
2024-08-30,0.7108,0.1297,0,0.1457,price_proxy,,,,
2024-09-02,0.5988,0.1195,0,0.1292,price_proxy,,,,
2024-09-03,0.5409,0.0795,0,0.1545,price_proxy,,,,
2024-09-04,0.4496,0.0902,0,0.1878,price_proxy,,,,
2024-09-05,0.5021,0.0902,0,0.078,price_proxy,,,,
2024-09-06,0.4635,0.0911,0,0.183,price_proxy,,,,
2024-09-09,0.5061,0.0911,0,0.1107,price_proxy,,,,
2024-09-10,0.4819,0.0895,0,0.2521,price_proxy,,,,
2024-09-11,0.5352,0.0895,0,4.1533,price_proxy,,,,
2024-09-12,0.537,0.0883,0,0.4862,price_proxy,,,,
2024-09-13,0.562,0.0883,0,0.2768,price_proxy,,,,
2024-09-19,0.5816,0.0887,0,0.6211,price_proxy,,,,
2024-09-20,0.6134,0.0894,0,1.493,price_proxy,,,,
2024-09-23,0.5447,0.1015,0,0.3712,price_proxy,,,,
2024-09-24,0.5989,0.1044,0,0.4838,price_proxy,,,,
2024-09-25,0.5441,0.1084,0,0.4038,price_proxy,,,,
2024-09-26,0.5471,0.1022,0,0.3043,price_proxy,,,,
2024-09-27,0.5,0.09,0,0.4878,price_proxy,,,,
2024-09-30,0.5596,0.0897,0,0.5316,price_proxy,,,,
2024-10-02,0.45,0.0901,0,0.4504,price_proxy,,,,
2024-10-04,0.4765,0.0894,0,0.7502,price_proxy,,,,
2024-10-07,0.3927,0.0916,0,0.4124,price_proxy,,,,
2024-10-08,0.3506,0.0919,0,0.7155,price_proxy,,,,
2024-10-10,0.3822,0.0867,0,0.3876,price_proxy,,,,
2024-10-11,0.4231,0.0865,0,0.3536,price_proxy,,,,
2024-10-14,0.4722,0.0886,0,0.4099,price_proxy,,,,
2024-10-15,0.4757,0.09,0,0.9986,price_proxy,,,,
2024-10-16,0.5207,0.0895,0,0.3755,price_proxy,,,,
2024-10-17,0.5492,0.0929,0,0.5725,price_proxy,,,,
2024-10-18,0.5267,0.0935,0,0.3853,price_proxy,,,,
2024-10-21,0.4718,0.0935,0,0.3749,price_proxy,,,,
2024-10-22,0.5574,0.0943,0,1.4643,price_proxy,,,,
2024-10-23,0.5533,0.0903,0,0.4942,price_proxy,,,,
2024-10-24,0.492,0.082,0,0.504,price_proxy,,,,
2024-10-25,0.5202,0.0728,0,0.5666,price_proxy,,,,
2024-10-28,0.5571,0.0712,0,0.6236,price_proxy,,,,
2024-10-29,0.4741,0.0679,0,0.6491,price_proxy,,,,
2024-10-30,0.4681,0.0679,0,0.619,price_proxy,,,,
2024-10-31,0.502,0.069,0,0.8617,price_proxy,,,,
2024-11-01,0.52,0.0669,0,1.1812,price_proxy,,,,
2024-11-04,0.5,0.0666,0,0.7595,price_proxy,,,,
2024-11-05,0.5505,0.0632,0,1.1643,price_proxy,,,,
2024-11-06,0.5811,0.0578,0,0.9133,price_proxy,,,,
2024-11-07,0.6044,0.0607,0,1.5491,price_proxy,,,,
2024-11-08,0.496,0.0765,0,0.8755,price_proxy,,,,
2024-11-11,0.5119,0.0742,0,1.3975,price_proxy,,,,
2024-11-12,0.4232,0.082,0,1.7343,price_proxy,,,,
2024-11-13,0.4181,0.0824,0,1.6021,price_proxy,,,,
2024-11-14,0.3874,0.0785,0,1.4592,price_proxy,,,,
2024-11-15,0.4404,0.0789,0,1.1358,price_proxy,,,,
2024-11-18,0.4921,0.0867,0,1.3858,price_proxy,,,,
2024-11-19,0.5471,0.0836,0,0.4604,price_proxy,,,,
2024-11-20,0.4959,0.0857,0,0.7859,price_proxy,,,,
2024-11-21,0.4737,0.0857,0,0.5093,price_proxy,,,,
2024-11-22,0.3463,0.1174,0,6.0699,price_proxy,,,,
2024-11-25,0.2723,0.1163,0,2.8621,price_proxy,,,,
2024-11-26,0.282,0.1156,0,1.052,price_proxy,,,,
2024-11-27,0.3473,0.1181,0,1.0485,price_proxy,,,,
2024-11-28,0.3914,0.1194,0,1.108,price_proxy,,,,
2024-11-29,0.4978,0.1202,0,0.876,price_proxy,,,,
2024-12-02,0.5358,0.1215,0,0.7295,price_proxy,,,,
2024-12-03,0.6257,0.1297,0,1.8233,price_proxy,,,,
2024-12-04,0.5816,0.1289,0,1.1503,price_proxy,,,,
2024-12-05,0.474,0.1297,0,0.9189,price_proxy,,,,
2024-12-06,0.5489,0.1255,0,0.8947,price_proxy,,,,
2024-12-09,0.4451,0.13,0,1.0241,price_proxy,,,,
2024-12-10,0.4303,0.1314,0,0.8445,price_proxy,,,,
2024-12-11,0.4703,0.1328,0,0.8669,price_proxy,,,,
2024-12-12,0.4802,0.1357,0,4.7283,price_proxy,,,,
2024-12-13,0.5217,0.1409,0,1.5373,price_proxy,,,,
2024-12-16,0.6196,0.1353,0,0.5257,price_proxy,,,,
2024-12-17,0.7845,0.1818,0,6.6685,price_proxy,,,,
2024-12-18,0.7452,0.1804,0,0.7032,price_proxy,,,,
2024-12-19,0.8193,0.18,0,0.3469,price_proxy,,,,
2024-12-20,0.7017,0.1584,0,0.7162,price_proxy,,,,
2024-12-23,0.6597,0.159,0,0.4107,price_proxy,,,,
2024-12-24,0.454,0.1585,0,0.4714,price_proxy,,,,
2024-12-26,0.4349,0.159,0,0.9747,price_proxy,,,,
2024-12-27,0.2572,0.188,0,1.1361,price_proxy,,,,
2024-12-30,0.3285,0.1869,0,0.4242,price_proxy,,,,
2025-01-02,0.3126,0.1882,0,0.3262,price_proxy,,,,
2025-01-03,0.2863,0.1834,0,0.3549,price_proxy,,,,
2025-01-06,0.304,0.1834,0,0.3554,price_proxy,,,,
2025-01-07,0.5174,0.1804,0,0.2298,price_proxy,,,,
2025-01-08,0.4744,0.18,0,0.1606,price_proxy,,,,
2025-01-09,0.5239,0.1744,0,0.2625,price_proxy,,,,
2025-01-10,0.5022,0.1729,0,0.3147,price_proxy,,,,
2025-01-13,0.5,0.1718,0,0.249,price_proxy,,,,
2025-01-14,0.4547,0.1688,0,0.186,price_proxy,,,,
2025-01-15,0.4611,0.1649,0,0.1605,price_proxy,,,,
2025-01-16,0.4957,0.1664,0,0.2599,price_proxy,,,,
2025-01-17,0.5088,0.1103,0,0.5324,price_proxy,,,,
2025-01-20,0.5066,0.1102,0,0.6443,price_proxy,,,,
2025-01-21,0.5309,0.1107,0,0.4176,price_proxy,,,,
2025-01-22,0.5485,0.1111,0,0.7832,price_proxy,,,,
2025-01-23,0.4784,0.1112,0,1.1581,price_proxy,,,,
2025-01-24,0.5087,0.1109,0,0.3608,price_proxy,,,,
2025-01-31,0.5,0.1107,0,0.3958,price_proxy,,,,
2025-02-03,0.4457,0.0604,0,1.1722,price_proxy,,,,
2025-02-04,0.5022,0.0714,0,1.3454,price_proxy,,,,
2025-02-05,0.5153,0.0683,0,1.1888,price_proxy,,,,
2025-02-06,0.5522,0.0706,0,1.38,price_proxy,,,,
2025-02-07,0.5372,0.0726,0,0.8318,price_proxy,,,,
2025-02-10,0.5648,0.0707,0,0.7141,price_proxy,,,,
2025-02-11,0.4764,0.0708,0,0.8541,price_proxy,,,,
2025-02-12,0.4978,0.0708,0,0.8919,price_proxy,,,,
2025-02-13,0.4788,0.0684,0,1.4705,price_proxy,,,,
2025-02-14,0.5043,0.0684,0,0.9889,price_proxy,,,,
2025-02-17,0.5476,0.0692,0,1.1617,price_proxy,,,,
2025-02-18,0.5761,0.0696,0,1.2925,price_proxy,,,,
2025-02-19,0.5649,0.0662,0,0.9943,price_proxy,,,,
2025-02-20,0.5814,0.0666,0,1.2416,price_proxy,,,,
2025-02-21,0.5857,0.0664,0,0.6581,price_proxy,,,,
2025-02-24,0.5634,0.0663,0,0.8559,price_proxy,,,,
2025-02-25,0.5168,0.0679,0,0.8876,price_proxy,,,,
2025-02-26,0.5273,0.0659,0,1.0484,price_proxy,,,,
2025-02-27,0.463,0.0681,0,1.1929,price_proxy,,,,
2025-02-28,0.4363,0.0692,0,1.5358,price_proxy,,,,
2025-03-04,0.3811,0.0712,0,1.1683,price_proxy,,,,
2025-03-05,0.4605,0.0643,0,1.3923,price_proxy,,,,
2025-03-06,0.4648,0.064,0,0.8159,price_proxy,,,,
2025-03-07,0.4706,0.0615,0,0.9052,price_proxy,,,,
2025-03-10,0.5255,0.0614,0,1.3778,price_proxy,,,,
2025-03-11,0.5741,0.0608,0,1.0522,price_proxy,,,,
2025-03-12,0.5318,0.0607,0,0.5223,price_proxy,,,,
2025-03-13,0.4811,0.0646,0,0.6322,price_proxy,,,,
2025-03-14,0.534,0.0657,0,0.7571,price_proxy,,,,
2025-03-17,0.5231,0.0662,0,1.0692,price_proxy,,,,
2025-03-18,0.5336,0.0648,0,0.6295,price_proxy,,,,
2025-03-19,0.5334,0.0645,0,1.0596,price_proxy,,,,
2025-03-20,0.568,0.0646,0,1.0304,price_proxy,,,,
2025-03-21,0.5042,0.0636,0,2.3311,price_proxy,,,,
2025-03-24,0.4565,0.0653,0,0.6657,price_proxy,,,,
2025-03-25,0.4649,0.0658,0,0.5533,price_proxy,,,,
2025-03-26,0.4774,0.0661,0,0.5522,price_proxy,,,,
2025-03-27,0.4774,0.066,0,0.518,price_proxy,,,,
2025-03-28,0.5063,0.0643,0,1.0756,price_proxy,,,,
2025-03-31,0.5318,0.0628,0,0.9405,price_proxy,,,,
2025-04-01,0.5568,0.0584,0,0.751,price_proxy,,,,
2025-04-02,0.5353,0.0513,0,1.1241,price_proxy,,,,
2025-04-03,0.5291,0.0515,0,0.7414,price_proxy,,,,
2025-04-04,0.5499,0.0504,0,0.7949,price_proxy,,,,
2025-04-07,0.427,0.0831,0,1.2498,price_proxy,,,,
2025-04-08,0.3916,0.0831,0,0.6866,price_proxy,,,,
2025-04-09,0.3573,0.0838,0,0.746,price_proxy,,,,
2025-04-10,0.4488,0.0949,0,0.7166,price_proxy,,,,
2025-04-11,0.5102,0.103,0,0.7251,price_proxy,,,,
2025-04-14,0.6277,0.1031,0,0.5102,price_proxy,,,,
2025-04-15,0.6578,0.1042,0,0.7584,price_proxy,,,,
2025-04-16,0.6603,0.1053,0,0.4532,price_proxy,,,,
2025-04-17,0.5946,0.1059,0,0.3421,price_proxy,,,,
2025-04-18,0.5202,0.1043,0,0.3858,price_proxy,,,,
2025-04-21,0.5346,0.1026,0,0.6459,price_proxy,,,,
2025-04-22,0.504,0.1025,0,0.4918,price_proxy,,,,
2025-04-23,0.5325,0.1018,0,1.3749,price_proxy,,,,
2025-04-24,0.5402,0.1028,0,1.6538,price_proxy,,,,
2025-04-25,0.568,0.1038,0,1.4044,price_proxy,,,,
2025-04-28,0.636,0.108,0,3.1899,price_proxy,,,,
2025-04-29,0.632,0.107,0,1.4608,price_proxy,,,,
2025-04-30,0.624,0.1074,0,0.99,price_proxy,,,,
2025-05-02,0.5709,0.1079,0,1.1768,price_proxy,,,,
2025-05-07,0.5812,0.1097,0,1.9466,price_proxy,,,,
2025-05-08,0.4476,0.0919,0,1.315,price_proxy,,,,
2025-05-09,0.4887,0.0928,0,1.3668,price_proxy,,,,
2025-05-12,0.4887,0.0903,0,0.8085,price_proxy,,,,
2025-05-13,0.5608,0.0836,0,1.5065,price_proxy,,,,
2025-05-14,0.5335,0.0745,0,1.0045,price_proxy,,,,
2025-05-15,0.5962,0.0739,0,0.8591,price_proxy,,,,
2025-05-16,0.5264,0.0759,0,0.9573,price_proxy,,,,
2025-05-19,0.5227,0.0741,0,0.8405,price_proxy,,,,
2025-05-20,0.5148,0.0762,0,0.759,price_proxy,,,,
2025-05-21,0.5293,0.0772,0,1.3481,price_proxy,,,,
2025-05-22,0.5147,0.0789,0,0.6356,price_proxy,,,,
2025-05-23,0.5596,0.0788,0,0.5245,price_proxy,,,,
2025-05-26,0.6199,0.0808,0,1.0695,price_proxy,,,,
2025-05-27,0.6355,0.0841,0,1.6078,price_proxy,,,,
2025-05-28,0.6622,0.0867,0,3.9258,price_proxy,,,,
2025-05-29,0.9335,0.14,0,8.4255,price_proxy,,,,
2025-05-30,0.7568,0.1621,0,5.6446,price_proxy,,,,
2025-06-02,0.7827,0.1638,0,2.4082,price_proxy,,,,
2025-06-04,0.8019,0.1649,0,2.2539,price_proxy,,,,
2025-06-05,0.74,0.1649,0,1.5204,price_proxy,,,,
2025-06-09,0.491,0.1592,0,1.589,price_proxy,,,,
2025-06-10,0.6154,0.1604,0,1.0588,price_proxy,,,,
2025-06-11,0.5619,0.1595,0,0.6848,price_proxy,,,,
2025-06-12,0.4702,0.16,0,0.6078,price_proxy,,,,
2025-06-13,0.4226,0.1638,0,0.7915,price_proxy,,,,
2025-06-16,0.5421,0.1691,0,1.3689,price_proxy,,,,
2025-06-17,0.4909,0.1733,0,2.4632,price_proxy,,,,
2025-06-18,0.5,0.1724,0,0.8197,price_proxy,,,,
2025-06-19,0.503,0.1729,0,0.6064,price_proxy,,,,
2025-06-20,0.5774,0.1728,0,0.8211,price_proxy,,,,
2025-06-23,0.5088,0.1713,0,0.6236,price_proxy,,,,
2025-06-24,0.6887,0.1771,0,1.4142,price_proxy,,,,
2025-06-25,0.6772,0.1768,0,0.9635,price_proxy,,,,
2025-06-26,0.6782,0.1768,0,0.5722,price_proxy,,,,
2025-06-27,0.7086,0.1767,0,1.5361,price_proxy,,,,
2025-06-30,0.7375,0.1373,0,1.2057,price_proxy,,,,
2025-07-01,0.6697,0.1113,0,3.1835,price_proxy,,,,
2025-07-02,0.6214,0.1111,0,1.8422,price_proxy,,,,
2025-07-03,0.6026,0.1085,0,0.8409,price_proxy,,,,
2025-07-04,0.3677,0.147,0,1.2401,price_proxy,,,,
2025-07-07,0.3506,0.1476,0,0.7522,price_proxy,,,,
2025-07-08,0.3744,0.1508,0,0.7741,price_proxy,,,,
2025-07-09,0.4584,0.153,0,1.0172,price_proxy,,,,
2025-07-10,0.5185,0.1524,0,0.8826,price_proxy,,,,
2025-07-11,0.6965,0.1495,0,0.5626,price_proxy,,,,
2025-07-14,0.6926,0.1424,0,0.6591,price_proxy,,,,
2025-07-15,0.697,0.1387,0,1.3217,price_proxy,,,,
2025-07-16,0.6594,0.1387,0,1.1039,price_proxy,,,,
2025-07-17,0.5784,0.142,0,0.755,price_proxy,,,,
2025-07-18,0.55,0.1453,0,0.6079,price_proxy,,,,
2025-07-21,0.5,0.1458,0,0.5938,price_proxy,,,,
2025-07-22,0.4278,0.1359,0,0.5367,price_proxy,,,,
2025-07-23,0.4213,0.1359,0,0.429,price_proxy,,,,
2025-07-24,0.4698,0.1355,0,0.5566,price_proxy,,,,
2025-07-25,0.4718,0.1351,0,0.3351,price_proxy,,,,
2025-07-28,0.5491,0.1359,0,1.6046,price_proxy,,,,
2025-07-29,0.6705,0.1475,0,1.8701,price_proxy,,,,
2025-07-30,0.7356,0.1505,0,1.5505,price_proxy,,,,
2025-07-31,0.7222,0.1491,0,0.7231,price_proxy,,,,
2025-08-01,0.6745,0.1192,0,0.7744,price_proxy,,,,
2025-08-04,0.6135,0.1188,0,0.7306,price_proxy,,,,
2025-08-05,0.5119,0.1151,0,0.5637,price_proxy,,,,
2025-08-06,0.4771,0.1134,0,0.4071,price_proxy,,,,
2025-08-07,0.5115,0.1132,0,0.5425,price_proxy,,,,
2025-08-08,0.6078,0.1122,0,0.6069,price_proxy,,,,
2025-08-11,0.5716,0.1137,0,0.4983,price_proxy,,,,
2025-08-12,0.571,0.1082,0,0.5446,price_proxy,,,,
2025-08-13,0.5626,0.1087,0,0.8818,price_proxy,,,,
2025-08-14,0.5251,0.1051,0,0.5273,price_proxy,,,,
2025-08-18,0.5,0.1022,0,0.793,price_proxy,,,,
2025-08-19,0.4724,0.1075,0,0.7293,price_proxy,,,,
2025-08-20,0.42,0.1104,0,1.3415,price_proxy,,,,
2025-08-21,0.336,0.1152,0,0.6057,price_proxy,,,,
2025-08-22,0.3962,0.1184,0,1.5207,price_proxy,,,,
2025-08-25,0.4023,0.1159,0,0.386,price_proxy,,,,
2025-08-26,0.4393,0.1123,0,0.6511,price_proxy,,,,
2025-08-27,0.4524,0.0935,0,0.52,price_proxy,,,,
2025-08-28,0.5808,0.0922,0,1.0597,price_proxy,,,,
2025-08-29,0.5667,0.0951,0,0.7942,price_proxy,,,,
2025-09-01,0.5789,0.0838,0,0.6091,price_proxy,,,,
2025-09-02,0.553,0.0872,0,1.0975,price_proxy,,,,
2025-09-03,0.5732,0.0869,0,0.4933,price_proxy,,,,
2025-09-04,0.4576,0.0865,0,0.4513,price_proxy,,,,
2025-09-05,0.447,0.0869,0,0.5331,price_proxy,,,,
2025-09-08,0.4425,0.0865,0,0.384,price_proxy,,,,
2025-09-09,0.5563,0.0945,0,1.0018,price_proxy,,,,
2025-09-10,0.6059,0.0969,0,1.4558,price_proxy,,,,
2025-09-11,0.6298,0.0959,0,0.686,price_proxy,,,,
2025-09-12,0.6112,0.096,0,0.5495,price_proxy,,,,
2025-09-15,0.7249,0.1109,0,2.526,price_proxy,,,,
2025-09-16,0.6164,0.1073,0,0.8054,price_proxy,,,,
2025-09-17,0.5447,0.106,0,0.7684,price_proxy,,,,
2025-09-18,0.5474,0.1011,0,0.6596,price_proxy,,,,
2025-09-19,0.5067,0.0996,0,0.8317,price_proxy,,,,
2025-09-22,0.4064,0.0994,0,0.5821,price_proxy,,,,
2025-09-23,0.4396,0.0985,0,0.7912,price_proxy,,,,
2025-09-24,0.4016,0.1046,0,0.9999,price_proxy,,,,
2025-09-25,0.403,0.0982,0,0.5353,price_proxy,,,,
2025-09-26,0.4128,0.096,0,0.8354,price_proxy,,,,
2025-09-29,0.3973,0.0962,0,0.4131,price_proxy,,,,
2025-09-30,0.3888,0.0936,0,0.6459,price_proxy,,,,
2025-10-01,0.4724,0.0942,0,0.4913,price_proxy,,,,
2025-10-02,0.493,0.091,0,0.6146,price_proxy,,,,
2025-10-10,0.5888,0.0985,0,1.2957,price_proxy,,,,
2025-10-13,0.5894,0.099,0,0.6174,price_proxy,,,,
2025-10-14,0.7615,0.1249,0,3.3577,price_proxy,,,,
2025-10-15,0.838,0.1308,0,2.7163,price_proxy,,,,
2025-10-16,0.9465,0.137,0,2.8515,price_proxy,,,,
2025-10-17,0.7617,0.1462,0,1.1033,price_proxy,,,,
2025-10-20,0.7725,0.1366,0,0.9558,price_proxy,,,,
2025-10-21,0.5667,0.1371,0,0.9636,price_proxy,,,,
2025-10-22,0.6017,0.149,0,1.1934,price_proxy,,,,
2025-10-23,0.5494,0.1487,0,0.8304,price_proxy,,,,
2025-10-24,0.7512,0.1542,0,1.7392,price_proxy,,,,
2025-10-27,0.8707,0.1589,0,2.538,price_proxy,,,,
2025-10-28,0.8871,0.1606,0,0.742,price_proxy,,,,
2025-10-29,0.8321,0.1536,0,0.951,price_proxy,,,,
2025-10-30,0.7894,0.1517,0,0.7086,price_proxy,,,,
2025-10-31,0.7267,0.149,0,1.1381,price_proxy,,,,
2025-11-03,1.0,0.312,0,3.3744,price_proxy,,,,
2025-11-04,0.8767,0.3582,0,1.7423,price_proxy,,,,
2025-11-05,0.6611,0.3689,0,1.3046,price_proxy,,,,
2025-11-06,0.6345,0.3698,0,0.9623,price_proxy,,,,
2025-11-07,0.6137,0.3695,0,1.3044,price_proxy,,,,
2025-11-10,0.2943,0.3741,0,1.2341,price_proxy,,,,
2025-11-11,0.8355,0.3851,0,2.6669,price_proxy,,,,
2025-11-12,0.7816,0.4012,0,1.6372,price_proxy,,,,
2025-11-13,0.7323,0.4041,0,0.5759,price_proxy,,,,
2025-11-14,0.5119,0.4145,0,1.0771,price_proxy,,,,
2025-11-17,0.4355,0.4149,0,0.54,price_proxy,,,,
2025-11-18,0.147,0.4182,0,0.4196,price_proxy,,,,
2025-11-19,0.2241,0.4189,0,0.5205,price_proxy,,,,
2025-11-20,0.2687,0.4193,0,0.3808,price_proxy,,,,
2025-11-21,0.3248,0.4223,0,0.5768,price_proxy,,,,
2025-11-24,0.2674,0.4195,0,0.4177,price_proxy,,,,
2025-11-25,0.4128,0.4206,0,0.4062,price_proxy,,,,
2025-11-26,0.5061,0.4193,0,0.5604,price_proxy,,,,
2025-11-27,0.5862,0.4203,0,0.7114,price_proxy,,,,
2025-11-28,0.6269,0.4223,0,0.641,price_proxy,,,,
2025-12-01,0.5353,0.2888,0,1.0346,price_proxy,,,,
2025-12-02,0.4815,0.2545,0,0.7813,price_proxy,,,,
2025-12-03,0.5305,0.2508,0,0.5983,price_proxy,,,,
2025-12-04,0.4631,0.2506,0,0.5129,price_proxy,,,,
2025-12-05,0.5918,0.2516,0,0.6103,price_proxy,,,,
2025-12-08,0.6609,0.2327,0,0.6276,price_proxy,,,,
2025-12-09,0.695,0.1861,0,0.7134,price_proxy,,,,
2025-12-10,0.5271,0.1734,0,0.7899,price_proxy,,,,
2025-12-11,0.5466,0.1719,0,0.6414,price_proxy,,,,
2025-12-12,0.4283,0.1507,0,1.6159,price_proxy,,,,
2025-12-15,0.3657,0.144,0,1.6153,price_proxy,,,,
2025-12-16,0.2854,0.1392,0,4.77,price_proxy,,,,
2025-12-17,0.3309,0.1358,0,1.2947,price_proxy,,,,
2025-12-18,0.246,0.1405,0,0.8454,price_proxy,,,,
2025-12-19,0.3058,0.1287,0,0.5721,price_proxy,,,,
2025-12-22,0.3873,0.1286,0,0.5794,price_proxy,,,,
2025-12-23,0.4076,0.1207,0,0.4098,price_proxy,,,,
2025-12-24,0.4238,0.1195,0,0.3496,price_proxy,,,,
2025-12-26,0.4731,0.1111,0,0.5411,price_proxy,,,,
2025-12-29,0.4664,0.1063,0,0.6723,price_proxy,,,,
2025-12-30,0.4022,0.104,0,0.5814,price_proxy,,,,
2026-01-02,0.3781,0.1035,0,0.8024,price_proxy,,,,
2026-01-05,0.5168,0.1194,0,0.9497,price_proxy,,,,
2026-01-06,0.5085,0.1198,0,0.5639,price_proxy,,,,
2026-01-07,0.488,0.1142,0,0.4753,price_proxy,,,,
2026-01-08,0.5488,0.1153,0,0.9185,price_proxy,,,,
2026-01-09,0.6422,0.1148,0,0.6381,price_proxy,,,,
2026-01-12,0.6003,0.1199,0,0.8494,price_proxy,,,,
2026-01-13,0.7411,0.132,0,0.8529,price_proxy,,,,
2026-01-14,0.8543,0.1332,0,1.1689,price_proxy,,,,
2026-01-15,1.0,0.1671,0,4.311,price_proxy,,,,
2026-01-16,0.9183,0.1721,0,1.4492,price_proxy,,,,
2026-01-19,0.9344,0.1751,0,1.0197,price_proxy,,,,
2026-01-20,0.9152,0.1693,0,1.1799,price_proxy,,,,
2026-01-21,0.7089,0.1831,0,1.0333,price_proxy,,,,
2026-01-22,0.5026,0.1835,0,0.9363,price_proxy,,,,
2026-01-23,0.6194,0.1824,0,0.4761,price_proxy,,,,
2026-01-26,0.4712,0.1851,0,0.4004,price_proxy,,,,
2026-01-27,0.3821,0.1842,0,0.4733,price_proxy,,,,
2026-01-28,0.504,0.1834,0,0.8487,price_proxy,,,,
2026-01-29,0.5832,0.1817,0,0.9028,price_proxy,,,,
2026-01-30,0.4793,0.1851,0,0.5553,price_proxy,,,,
2026-02-02,0.321,0.2151,0,1.1331,price_proxy,,,,
2026-02-03,0.472,0.2254,0,0.632,price_proxy,,,,
2026-02-04,0.4789,0.2236,0,0.4488,price_proxy,,,,
2026-02-05,0.3454,0.2281,0,0.6545,price_proxy,,,,
2026-02-06,0.3325,0.2336,0,0.5542,price_proxy,,,,
2026-02-09,0.7054,0.2436,0,0.62,price_proxy,,,,
2026-02-10,0.5325,0.2402,0,0.4774,price_proxy,,,,
2026-02-11,0.4706,0.2392,0,0.4306,price_proxy,,,,
2026-02-12,0.5604,0.2121,0,0.5484,price_proxy,,,,
2026-02-13,0.8129,0.2233,0,3.0137,price_proxy,,,,
2026-02-19,0.6572,0.218,0,0.9136,price_proxy,,,,
2026-02-20,0.7315,0.2155,0,0.9266,price_proxy,,,,
2026-02-23,0.8331,0.2078,0,0.8523,price_proxy,,,,
2026-02-24,0.768,0.2088,0,0.426,price_proxy,,,,
2026-02-25,0.6347,0.2086,0,1.2384,price_proxy,,,,
2026-02-26,0.6396,0.206,0,0.7861,price_proxy,,,,
2026-02-27,0.5155,0.2101,0,0.7662,price_proxy,,,,
2026-03-03,0.3166,0.2269,0,0.9167,price_proxy,,,,
2026-03-04,0.0461,0.2802,0,1.6077,price_proxy,,,,
2026-03-05,0.191,0.3053,0,0.947,price_proxy,,,,
2026-03-06,0.1737,0.2837,0,0.3903,price_proxy,,,,
2026-03-09,0.0882,0.2859,0,0.9623,price_proxy,,,,
2026-03-10,0.2879,0.2895,0,0.7805,price_proxy,,,,
2026-03-11,0.6293,0.2879,0,0.8012,price_proxy,,,,
2026-03-12,0.3946,0.2851,0,0.4547,price_proxy,,,,
2026-03-13,0.3112,0.274,0,0.8087,price_proxy,,,,
2026-03-16,0.4657,0.274,0,0.3496,price_proxy,,,,
2026-03-17,0.4142,0.2744,0,0.4067,price_proxy,,,,
2026-03-18,0.6143,0.2972,0,1.08,price_proxy,,,,
2026-03-19,0.5954,0.2848,0,0.9092,price_proxy,,,,
2026-03-20,0.7704,0.2877,0,0.6709,price_proxy,,,,
2026-03-23,0.5591,0.3023,0,0.9089,price_proxy,,,,
2026-03-24,0.6001,0.3035,0,0.6636,price_proxy,,,,
2026-03-25,0.5946,0.3252,0,1.8748,price_proxy,,,,
2026-03-26,0.4683,0.3344,0,1.1238,price_proxy,,,,
2026-03-27,0.3576,0.3341,0,1.1301,price_proxy,,,,
2026-03-30,0.4617,0.3355,0,1.0715,price_proxy,,,,
2026-03-31,0.3279,0.3292,0,0.7928,price_proxy,,,,
2026-04-01,0.2819,0.2927,0,1.2562,price_proxy,,,,
2026-04-02,0.3388,0.2722,0,1.6893,price_proxy,,,,
2026-04-03,0.4771,0.2785,0,0.8919,price_proxy,,,,
2026-04-06,0.5736,0.2635,0,0.4359,price_proxy,,,,
2026-04-07,0.6946,0.2607,0,0.5923,price_proxy,,,,
2026-04-08,0.7028,0.2731,0,1.1944,price_proxy,,,,
2026-04-09,0.7805,0.2735,0,0.6193,price_proxy,,,,
2026-04-10,0.6638,0.2683,0,0.9116,price_proxy,,,,
2026-04-11,0.086,0.1956885280234894,14,,,4.0,0.0,1.0,0.2328923172947901
2026-04-12,0.0669354838709677,0.2138415200538116,31,,,8.0,1.0,0.8888888888888888,0.2319807096228849
2026-04-13,0.1748484848484848,0.2788862456870098,99,,,65.0,5.0,0.9285714285714286,0.8052070294894331
2026-04-14,0.1933529411764706,0.2620473219600694,68,,,50.0,8.0,0.8620689655172413,0.8186769459183054
2026-04-15,0.0542886597938144,0.1509730907840648,97,,,24.0,9.0,0.7272727272727273,0.2489117396152498
2026-04-16,0.0226593406593406,0.0934323545887872,91,,,7.0,1.0,0.875,0.1024607477568694
2026-04-17,0.0073614457831325,0.1572491869235835,83,,,11.0,10.0,0.5238095238095238,0.0326172176396778
2026-04-18,0.0717222222222222,0.1320030327439289,18,,,6.0,2.0,0.75,0.2111817067835485
2026-04-19,0.0846470588235294,0.2220298019212206,51,,,17.0,1.0,0.9444444444444444,0.3344611594728632
2026-04-20,0.0487115384615384,0.1238512788914472,104,,,17.0,2.0,0.8947368421052632,0.2267015685951731
2026-04-21,0.0279752066115702,0.1283300083644973,121,,,15.0,4.0,0.7894736842105263,0.1343934812927444
2026-04-22,0.1026144578313252,0.2088530719000334,83,,,28.0,2.0,0.9333333333333332,0.4546658635632349
2026-04-23,0.0978715596330275,0.2124122084845543,109,,,38.0,4.0,0.9047619047619048,0.4600433444245275
2026-04-24,0.0322,0.1018253406574218,10,,,1.0,0.0,1.0,0.0772122277841075
2026-04-25,0.1535142857142857,0.2448785258796181,35,,,15.0,1.0,0.9375,0.5501213501807051
2026-04-26,0.2226363636363636,0.3071000262721637,33,,,22.0,0.0,1.0,0.7850960840713618
2026-04-27,0.3814431818181818,0.2954427364612146,88,,,118.0,4.0,0.9672131147540984,1.7121597388954402
2026-04-28,0.2485321100917431,0.322220552739181,109,,,100.0,7.0,0.9345794392523364,1.168220303755198
2026-04-29,0.1339903846153846,0.2290214088942111,104,,,40.0,1.0,0.975609756097561,0.6235859373023566
2026-04-30,0.0256875,0.124162907631784,96,,,12.0,4.0,0.75,0.1175128882603056
2026-05-01,0.0644,0.1440027777509864,5,,,1.0,0.0,1.0,0.1153893098182867
2026-05-02,0.0556153846153846,0.2115669864217707,13,,,3.0,1.0,0.75,0.1467721884086024
2026-05-03,0.1896857142857143,0.276053252687462,35,,,20.0,1.0,0.9523809523809524,0.6797423494974318
2026-05-04,0.26171875,0.2884785744155455,64,,,60.0,4.0,0.9375,1.0925154182929986
2026-05-05,0.1255675675675675,0.2566551448215355,37,,,16.0,2.0,0.8888888888888888,0.4567628458942915
2026-05-06,0.08376,0.2011105088444578,100,,,32.0,7.0,0.8205128205128205,0.3865624944906239
2026-05-07,0.0977755102040816,0.2240470095467699,98,,,39.0,9.0,0.8125,0.4492901877958126
2026-05-08,0.1788571428571428,0.1743850419535542,7,,,4.0,0.0,1.0,0.3719229728833078
2026-05-09,0.1185714285714285,0.1700736104368722,14,,,6.0,1.0,0.8571428571428571,0.3210973809878334
2026-05-10,0.0755,0.1944088942970927,12,,,5.0,2.0,0.7142857142857143,0.193653676488346
2026-05-11,0.0508453608247422,0.1562768203785477,97,,,19.0,6.0,0.76,0.233124325822714
2026-05-12,0.0014134615384615,0.1908409906192136,104,,,18.0,19.0,0.4864864864864865,0.0065781939564726
2026-05-13,0.0511111111111111,0.1586477579769443,90,,,18.0,2.0,0.9,0.2305550414441945
2026-05-14,0.0572839506172839,0.2101384207235734,81,,,25.0,12.0,0.6756756756756757,0.2524342877445201
2026-05-15,0.0,0.0,3,,,1.0,1.0,0.5,0.0
2026-05-16,-0.0644166666666666,0.2951718939358844,12,,,1.0,4.0,0.2,-0.1652254877764806
2026-05-17,0.0581025641025641,0.1300877830891196,39,,,7.0,0.0,1.0,0.2143333549492866
2026-05-18,0.0361263157894736,0.1687654322087987,95,,,19.0,9.0,0.6785714285714286,0.1648930841380801
2026-05-19,0.0504358974358974,0.2343152826463773,78,,,25.0,12.0,0.6756756756756757,0.220377023738529
2026-05-20,0.0448307692307692,0.2175253986054537,65,,,19.0,10.0,0.6551724137931034,0.1878254448963846
2026-05-21,0.0896595744680851,0.1971356474854164,94,,,29.0,2.0,0.935483870967742,0.4082986642809507
2026-05-22,0.4353333333333333,0.148920560478845,3,,,4.0,0.0,1.0,0.6035001452075257
2026-05-23,0.1054615384615384,0.1678494441380009,13,,,4.0,0.0,1.0,0.2783190460694246
2026-05-24,0.0316666666666666,0.1096965511460289,12,,,1.0,0.0,1.0,0.0812233963196153
2026-05-25,0.0,0.0,1,,,0.0,0.0,0.5,0.0
2026-05-26,0.5185,0.3704,0,0.2683,price_proxy,,,,
2026-05-27,0.4951,0.3806,0,0.581,price_proxy,,,,
2026-05-28,0.5803,0.32,0,0.3733,price_proxy,,,,
2026-05-29,0.311,0.2965,0,0.8108,price_proxy,,,,
2026-06-01,0.2873,0.2964,0,0.5205,price_proxy,,,,
2026-06-02,0.2367,0.298,0,0.584,price_proxy,,,,
2026-06-04,0.3933,0.2976,0,0.3451,price_proxy,,,,
2026-06-05,0.2723,0.2311,0,0.7652,price_proxy,,,,
2026-06-08,0.2055,0.2138,0,0.8467,price_proxy,,,,
2026-06-09,0.2772,0.2214,0,0.5626,price_proxy,,,,
2026-06-10,0.407,0.227,0,0.869,price_proxy,,,,
2026-06-11,0.3456,0.2258,0,0.3712,price_proxy,,,,
2026-06-12,0.5246,0.2294,0,0.8053,price_proxy,,,,
2026-06-15,0.7637,0.2415,0,1.0555,price_proxy,,,,
2026-06-16,0.7427,0.2316,0,0.7331,price_proxy,,,,
2026-06-17,0.6983,0.228,0,0.5986,price_proxy,,,,
2026-06-18,0.6334,0.2249,0,0.8579,price_proxy,,,,
2026-06-19,0.5839,0.2203,0,1.2444,price_proxy,,,,
2026-06-22,0.4352,0.168,0,0.4724,price_proxy,,,,
2026-06-23,0.3049,0.1704,0,0.8209,price_proxy,,,,
2026-06-24,0.3115,0.172,0,0.6023,price_proxy,,,,
2026-06-25,0.3156,0.1633,0,0.5318,price_proxy,,,,
2026-06-26,0.2691,0.1642,0,1.2301,price_proxy,,,,
2026-06-29,0.3801,0.1725,0,0.6917,price_proxy,,,,
2026-06-30,0.4741,0.173,0,0.564,price_proxy,,,,
2026-07-01,0.5735,0.1823,0,1.029,price_proxy,,,,
2026-07-02,0.5058,0.1992,0,0.8483,price_proxy,,,,
2026-07-03,0.5647,0.1871,0,0.729,price_proxy,,,,
2026-07-06,0.4001,0.1826,0,0.6949,price_proxy,,,,
2026-07-07,0.2878,0.1854,0,1.2186,price_proxy,,,,
2026-07-08,0.1006,0.1869,0,1.261,price_proxy,,,,
2026-07-09,0.2078,0.1867,0,1.1142,price_proxy,,,,
2026-07-10,0.3039,0.1976,0,0.3792,price_proxy,,,,
2026-07-13,0.2763,0.1908,0,0.7216,price_proxy,,,,
2026-07-14,0.3277,0.1857,0,1.0469,price_proxy,,,,
2026-07-15,0.4893,0.1919,0,1.2232,price_proxy,,,,
2026-07-16,0.4509,0.1894,0,0.8481,price_proxy,,,,
2026-07-20,0.2839,0.1897,0,1.1391,price_proxy,,,,
2026-07-21,0.4864,0.2022,0,0.974,price_proxy,,,,
2026-07-22,0.6061,0.2046,0,0.9059,price_proxy,,,,
2026-07-23,0.6659,0.2178,0,0.6349,price_proxy,,,,
