date,news_sentiment_mean,news_sentiment_std,news_count,volume_ratio,source,news_positive_total,news_negative_total,news_pos_ratio,news_intensity
2016-08-23,0.4485,0.0671,0,0.3237,price_proxy,,,,
2016-08-24,0.4862,0.0673,0,0.4475,price_proxy,,,,
2016-08-25,0.4383,0.0689,0,0.799,price_proxy,,,,
2016-08-26,0.4649,0.0675,0,0.5589,price_proxy,,,,
2016-08-29,0.5424,0.0731,0,1.0718,price_proxy,,,,
2016-08-30,0.4824,0.074,0,0.7103,price_proxy,,,,
2016-08-31,0.434,0.0743,0,0.647,price_proxy,,,,
2016-09-01,0.4717,0.0724,0,0.6135,price_proxy,,,,
2016-09-02,0.4929,0.0715,0,0.4515,price_proxy,,,,
2016-09-05,0.4516,0.073,0,0.7982,price_proxy,,,,
2016-09-06,0.5213,0.0698,0,0.6631,price_proxy,,,,
2016-09-07,0.6113,0.0798,0,1.5519,price_proxy,,,,
2016-09-08,0.5431,0.0837,0,1.111,price_proxy,,,,
2016-09-09,0.5143,0.0818,0,0.6823,price_proxy,,,,
2016-09-12,0.5106,0.0827,0,0.4183,price_proxy,,,,
2016-09-13,0.4789,0.0819,0,1.126,price_proxy,,,,
2016-09-19,0.4014,0.082,0,0.4531,price_proxy,,,,
2016-09-20,0.4859,0.0827,0,0.6258,price_proxy,,,,
2016-09-21,0.5071,0.0794,0,0.8503,price_proxy,,,,
2016-09-22,0.5459,0.0846,0,1.8545,price_proxy,,,,
2016-09-23,0.5391,0.0855,0,0.5316,price_proxy,,,,
2016-09-26,0.5358,0.0847,0,0.5292,price_proxy,,,,
2016-09-27,0.5177,0.0821,0,0.4088,price_proxy,,,,
2016-09-28,0.5496,0.0825,0,0.9441,price_proxy,,,,
2016-09-29,0.4897,0.0753,0,0.873,price_proxy,,,,
2016-09-30,0.4652,0.0739,0,1.0137,price_proxy,,,,
2016-10-04,0.5176,0.0751,0,0.6595,price_proxy,,,,
2016-10-05,0.5421,0.0762,0,1.5361,price_proxy,,,,
2016-10-06,0.4758,0.0795,0,1.5466,price_proxy,,,,
2016-10-07,0.5312,0.0833,0,2.9866,price_proxy,,,,
2016-10-10,0.6383,0.0878,0,3.8605,price_proxy,,,,
2016-10-11,0.5732,0.0825,0,1.9806,price_proxy,,,,
2016-10-12,0.5309,0.0745,0,1.0132,price_proxy,,,,
2016-10-13,0.5245,0.0773,0,0.8191,price_proxy,,,,
2016-10-14,0.4761,0.0769,0,0.3827,price_proxy,,,,
2016-10-17,0.3773,0.0805,0,0.6188,price_proxy,,,,
2016-10-18,0.3924,0.0803,0,0.7609,price_proxy,,,,
2016-10-19,0.4255,0.0803,0,0.4232,price_proxy,,,,
2016-10-20,0.4481,0.0811,0,0.6194,price_proxy,,,,
2016-10-21,0.4344,0.0748,0,0.6839,price_proxy,,,,
2016-10-24,0.4753,0.0742,0,0.2422,price_proxy,,,,
2016-10-25,0.4751,0.0739,0,0.6107,price_proxy,,,,
2016-10-26,0.4227,0.0755,0,0.9322,price_proxy,,,,
2016-10-27,0.4645,0.0748,0,0.4401,price_proxy,,,,
2016-10-28,0.425,0.0788,0,0.3987,price_proxy,,,,
2016-10-31,0.3784,0.0798,0,0.5032,price_proxy,,,,
2016-11-01,0.4281,0.0809,0,0.2351,price_proxy,,,,
2016-11-02,0.3867,0.0861,0,0.571,price_proxy,,,,
2016-11-03,0.3409,0.0853,0,0.7176,price_proxy,,,,
2016-11-04,0.3887,0.0779,0,0.3467,price_proxy,,,,
2016-11-07,0.4848,0.0751,0,0.2644,price_proxy,,,,
2016-11-08,0.4478,0.0754,0,0.3106,price_proxy,,,,
2016-11-09,0.4496,0.0818,0,2.4905,price_proxy,,,,
2016-11-10,0.5432,0.0913,0,0.3757,price_proxy,,,,
2016-11-11,0.5511,0.0915,0,0.2739,price_proxy,,,,
2016-11-14,0.5038,0.0895,0,0.4009,price_proxy,,,,
2016-11-15,0.4962,0.0895,0,0.401,price_proxy,,,,
2016-11-16,0.6193,0.0928,0,0.9741,price_proxy,,,,
2016-11-17,0.6462,0.1063,0,1.9165,price_proxy,,,,
2016-11-18,0.6188,0.1066,0,0.7132,price_proxy,,,,
2016-11-21,0.6073,0.1067,0,0.762,price_proxy,,,,
2016-11-22,0.5729,0.1083,0,0.576,price_proxy,,,,
2016-11-23,0.485,0.109,0,0.4874,price_proxy,,,,
2016-11-24,0.3638,0.1093,0,0.3977,price_proxy,,,,
2016-11-25,0.4566,0.1153,0,0.4416,price_proxy,,,,
2016-11-28,0.4745,0.1115,0,0.9312,price_proxy,,,,
2016-11-29,0.4926,0.11,0,0.6653,price_proxy,,,,
2016-11-30,0.5378,0.1016,0,0.2132,price_proxy,,,,
2016-12-01,0.6154,0.1017,0,0.7996,price_proxy,,,,
2016-12-02,0.4963,0.1044,0,0.3981,price_proxy,,,,
2016-12-05,0.4558,0.1038,0,0.416,price_proxy,,,,
2016-12-06,0.4851,0.1039,0,0.1831,price_proxy,,,,
2016-12-07,0.4629,0.0959,0,0.827,price_proxy,,,,
2016-12-08,0.4236,0.0894,0,0.5942,price_proxy,,,,
2016-12-09,0.5037,0.0923,0,1.3693,price_proxy,,,,
2016-12-12,0.5452,0.0923,0,0.7693,price_proxy,,,,
2016-12-13,0.5749,0.0941,0,1.159,price_proxy,,,,
2016-12-14,0.5907,0.0916,0,0.9235,price_proxy,,,,
2016-12-15,0.5945,0.0767,0,1.3755,price_proxy,,,,
2016-12-16,0.5481,0.0761,0,1.2035,price_proxy,,,,
2016-12-19,0.5221,0.0765,0,0.8256,price_proxy,,,,
2016-12-20,0.4928,0.0739,0,0.7159,price_proxy,,,,
2016-12-21,0.5398,0.0728,0,3.1964,price_proxy,,,,
2016-12-22,0.5253,0.0699,0,0.9648,price_proxy,,,,
2016-12-23,0.5289,0.0568,0,1.1758,price_proxy,,,,
2016-12-26,0.5364,0.0573,0,0.7179,price_proxy,,,,
2016-12-27,0.5145,0.0566,0,1.4087,price_proxy,,,,
2016-12-28,0.4894,0.0571,0,0.5509,price_proxy,,,,
2016-12-29,0.4964,0.0534,0,0.6116,price_proxy,,,,
2017-01-02,0.5142,0.0498,0,1.8773,price_proxy,,,,
2017-01-03,0.568,0.0489,0,3.3146,price_proxy,,,,
2017-01-04,0.5755,0.0492,0,1.0556,price_proxy,,,,
2017-01-05,0.5392,0.049,0,0.8083,price_proxy,,,,
2017-01-06,0.5536,0.0488,0,1.9762,price_proxy,,,,
2017-01-09,0.5283,0.0446,0,0.7198,price_proxy,,,,
2017-01-10,0.4481,0.0504,0,0.9712,price_proxy,,,,
2017-01-11,0.4445,0.0463,0,0.6036,price_proxy,,,,
2017-01-12,0.4336,0.0489,0,1.2862,price_proxy,,,,
2017-01-13,0.4165,0.049,0,0.5236,price_proxy,,,,
2017-01-16,0.4199,0.049,0,0.6316,price_proxy,,,,
2017-01-17,0.4609,0.048,0,0.6308,price_proxy,,,,
2017-01-18,0.4715,0.0477,0,0.5504,price_proxy,,,,
2017-01-19,0.5542,0.0508,0,1.594,price_proxy,,,,
2017-01-20,0.5073,0.058,0,1.188,price_proxy,,,,
2017-01-23,0.4564,0.0636,0,0.8661,price_proxy,,,,
2017-01-24,0.413,0.0664,0,0.8949,price_proxy,,,,
2017-01-25,0.4385,0.069,0,0.5755,price_proxy,,,,
2017-01-26,0.419,0.0709,0,0.3853,price_proxy,,,,
2017-01-31,0.4241,0.0748,0,0.492,price_proxy,,,,
2017-02-01,0.4926,0.0746,0,0.5705,price_proxy,,,,
2017-02-02,0.5265,0.0697,0,0.8677,price_proxy,,,,
2017-02-03,0.5261,0.0725,0,0.8733,price_proxy,,,,
2017-02-06,0.445,0.0756,0,2.2427,price_proxy,,,,
2017-02-07,0.4812,0.075,0,1.4509,price_proxy,,,,
2017-02-08,0.5,0.0789,0,0.7196,price_proxy,,,,
2017-02-09,0.5112,0.077,0,0.3823,price_proxy,,,,
2017-02-10,0.4816,0.077,0,0.6391,price_proxy,,,,
2017-02-13,0.5113,0.0763,0,0.6573,price_proxy,,,,
2017-02-14,0.5228,0.0763,0,1.4005,price_proxy,,,,
2017-02-15,0.4888,0.0763,0,0.4395,price_proxy,,,,
2017-02-16,0.4888,0.0763,0,1.0629,price_proxy,,,,
2017-02-17,0.4888,0.0763,0,0.6848,price_proxy,,,,
2017-02-20,0.5038,0.0692,0,0.5191,price_proxy,,,,
2017-02-21,0.53,0.066,0,1.2661,price_proxy,,,,
2017-02-22,0.5861,0.0677,0,1.475,price_proxy,,,,
2017-02-23,0.5262,0.0705,0,1.5436,price_proxy,,,,
2017-02-24,0.5336,0.0689,0,0.6045,price_proxy,,,,
2017-02-27,0.5337,0.0666,0,0.4617,price_proxy,,,,
2017-02-28,0.5222,0.0615,0,1.3684,price_proxy,,,,
2017-03-02,0.4749,0.061,0,0.9686,price_proxy,,,,
2017-03-03,0.5074,0.0622,0,1.9172,price_proxy,,,,
2017-03-06,0.4853,0.0607,0,0.5059,price_proxy,,,,
2017-03-07,0.5074,0.0553,0,0.9514,price_proxy,,,,
2017-03-08,0.4744,0.0559,0,0.4696,price_proxy,,,,
2017-03-09,0.4855,0.0536,0,0.8922,price_proxy,,,,
2017-03-10,0.5037,0.0536,0,1.3239,price_proxy,,,,
2017-03-13,0.5407,0.0547,0,1.6329,price_proxy,,,,
2017-03-14,0.5073,0.0543,0,0.9216,price_proxy,,,,
2017-03-15,0.5593,0.0566,0,1.6281,price_proxy,,,,
2017-03-16,0.544,0.0566,0,1.7881,price_proxy,,,,
2017-03-17,0.5477,0.0566,0,0.962,price_proxy,,,,
2017-03-20,0.5,0.0587,0,0.6982,price_proxy,,,,
2017-03-21,0.5219,0.0586,0,0.3832,price_proxy,,,,
2017-03-22,0.5,0.0574,0,0.9109,price_proxy,,,,
2017-03-23,0.5215,0.0505,0,2.0236,price_proxy,,,,
2017-03-24,0.5179,0.0402,0,1.5393,price_proxy,,,,
2017-03-27,0.5799,0.0435,0,2.5445,price_proxy,,,,
2017-03-28,0.5723,0.0434,0,0.8219,price_proxy,,,,
2017-03-29,0.554,0.0435,0,1.3361,price_proxy,,,,
2017-03-30,0.5142,0.044,0,1.0316,price_proxy,,,,
2017-03-31,0.5959,0.0569,0,3.1028,price_proxy,,,,
2017-04-03,0.5489,0.0564,0,2.2106,price_proxy,,,,
2017-04-04,0.5628,0.0562,0,2.8013,price_proxy,,,,
2017-04-05,0.563,0.0549,0,0.8855,price_proxy,,,,
2017-04-06,0.5423,0.0581,0,1.1407,price_proxy,,,,
2017-04-07,0.4458,0.0596,0,0.7314,price_proxy,,,,
2017-04-10,0.4319,0.0609,0,1.737,price_proxy,,,,
2017-04-11,0.4391,0.0608,0,0.9068,price_proxy,,,,
2017-04-12,0.4525,0.0587,0,0.4734,price_proxy,,,,
2017-04-13,0.5069,0.0598,0,0.9791,price_proxy,,,,
2017-04-14,0.5244,0.0599,0,0.6842,price_proxy,,,,
2017-04-17,0.56,0.0576,0,0.9488,price_proxy,,,,
2017-04-18,0.5384,0.0577,0,0.6877,price_proxy,,,,
2017-04-19,0.5313,0.0577,0,0.7106,price_proxy,,,,
2017-04-20,0.4897,0.0573,0,0.624,price_proxy,,,,
2017-04-21,0.4759,0.0582,0,1.0628,price_proxy,,,,
2017-04-24,0.4726,0.0552,0,0.6653,price_proxy,,,,
2017-04-25,0.4521,0.0564,0,0.423,price_proxy,,,,
2017-04-26,0.4692,0.057,0,0.27,price_proxy,,,,
2017-04-27,0.4758,0.057,0,0.255,price_proxy,,,,
2017-04-28,0.4791,0.0381,0,0.8058,price_proxy,,,,
2017-05-02,0.4792,0.0383,0,0.4478,price_proxy,,,,
2017-05-04,0.514,0.0384,0,0.7285,price_proxy,,,,
2017-05-08,0.5487,0.0481,0,5.6151,price_proxy,,,,
2017-05-10,0.6154,0.0529,0,2.109,price_proxy,,,,
2017-05-11,0.6268,0.0513,0,1.3243,price_proxy,,,,
2017-05-12,0.6053,0.0497,0,0.8564,price_proxy,,,,
2017-05-15,0.5453,0.0552,0,1.9634,price_proxy,,,,
2017-05-16,0.4932,0.0552,0,0.7672,price_proxy,,,,
2017-05-17,0.4603,0.0548,0,1.1698,price_proxy,,,,
2017-05-18,0.4338,0.0574,0,0.884,price_proxy,,,,
2017-05-19,0.46,0.0576,0,0.7562,price_proxy,,,,
2017-05-22,0.4761,0.0595,0,1.2233,price_proxy,,,,
2017-05-23,0.4557,0.0604,0,0.7118,price_proxy,,,,
2017-05-24,0.4562,0.0609,0,0.4661,price_proxy,,,,
2017-05-25,0.476,0.0604,0,0.4814,price_proxy,,,,
2017-05-26,0.5408,0.0735,0,2.5102,price_proxy,,,,
2017-05-29,0.5655,0.0723,0,1.1255,price_proxy,,,,
2017-05-30,0.6324,0.0749,0,2.1045,price_proxy,,,,
2017-05-31,0.6069,0.0745,0,1.1207,price_proxy,,,,
2017-06-01,0.6005,0.0747,0,0.642,price_proxy,,,,
2017-06-02,0.52,0.0748,0,0.7586,price_proxy,,,,
2017-06-05,0.5234,0.0747,0,0.5424,price_proxy,,,,
2017-06-07,0.5327,0.0748,0,2.6089,price_proxy,,,,
2017-06-08,0.5262,0.0701,0,1.53,price_proxy,,,,
2017-06-09,0.6353,0.084,0,3.5473,price_proxy,,,,
2017-06-12,0.6485,0.0833,0,1.8468,price_proxy,,,,
2017-06-13,0.6287,0.0797,0,1.3944,price_proxy,,,,
2017-06-14,0.6222,0.0818,0,1.5,price_proxy,,,,
2017-06-15,0.6777,0.0833,0,3.4838,price_proxy,,,,
2017-06-16,0.6144,0.08,0,4.8619,price_proxy,,,,
2017-06-19,0.6505,0.0816,0,2.8511,price_proxy,,,,
2017-06-20,0.6674,0.0786,0,0.7208,price_proxy,,,,
2017-06-21,0.5242,0.0953,0,1.2649,price_proxy,,,,
2017-06-22,0.4644,0.0969,0,0.8272,price_proxy,,,,
2017-06-23,0.4298,0.0966,0,0.3848,price_proxy,,,,
2017-06-26,0.4171,0.0901,0,0.429,price_proxy,,,,
2017-06-27,0.5286,0.1045,0,1.3614,price_proxy,,,,
2017-06-28,0.6198,0.104,0,0.6309,price_proxy,,,,
2017-06-29,0.5785,0.1104,0,0.5148,price_proxy,,,,
2017-06-30,0.6212,0.1098,0,0.4818,price_proxy,,,,
2017-07-03,0.5328,0.1151,0,0.5985,price_proxy,,,,
2017-07-04,0.4323,0.1149,0,0.8581,price_proxy,,,,
2017-07-05,0.4887,0.1152,0,0.9103,price_proxy,,,,
2017-07-06,0.5552,0.1145,0,0.6251,price_proxy,,,,
2017-07-07,0.5143,0.1066,0,0.4449,price_proxy,,,,
2017-07-10,0.5762,0.1066,0,0.3184,price_proxy,,,,
2017-07-11,0.6285,0.1086,0,0.9265,price_proxy,,,,
2017-07-12,0.483,0.1185,0,0.955,price_proxy,,,,
2017-07-13,0.483,0.1168,0,0.558,price_proxy,,,,
2017-07-14,0.4234,0.1215,0,1.0504,price_proxy,,,,
2017-07-17,0.4689,0.1227,0,0.8944,price_proxy,,,,
2017-07-18,0.4424,0.1238,0,0.7072,price_proxy,,,,
2017-07-19,0.5344,0.113,0,0.5035,price_proxy,,,,
2017-07-20,0.5257,0.1122,0,0.7012,price_proxy,,,,
2017-07-21,0.5708,0.1131,0,0.5218,price_proxy,,,,
2017-07-24,0.5631,0.1145,0,0.9517,price_proxy,,,,
2017-07-25,0.548,0.0984,0,1.7233,price_proxy,,,,
2017-07-26,0.5254,0.0989,0,0.7613,price_proxy,,,,
2017-07-27,0.5563,0.0943,0,0.6396,price_proxy,,,,
2017-07-28,0.5228,0.0982,0,0.573,price_proxy,,,,
2017-07-31,0.4917,0.0938,0,0.519,price_proxy,,,,
2017-08-01,0.4531,0.0949,0,0.1981,price_proxy,,,,
2017-08-02,0.4082,0.0964,0,0.8667,price_proxy,,,,
2017-08-03,0.3356,0.099,0,1.2891,price_proxy,,,,
2017-08-04,0.3817,0.099,0,0.6663,price_proxy,,,,
2017-08-07,0.352,0.0988,0,0.6425,price_proxy,,,,
2017-08-08,0.3644,0.0918,0,1.7792,price_proxy,,,,
2017-08-09,0.4184,0.0815,0,0.5342,price_proxy,,,,
2017-08-10,0.4552,0.0812,0,0.9863,price_proxy,,,,
2017-08-11,0.4401,0.0748,0,0.519,price_proxy,,,,
2017-08-14,0.3401,0.0886,0,2.0364,price_proxy,,,,
2017-08-16,0.2909,0.0886,0,1.9431,price_proxy,,,,
2017-08-17,0.3237,0.0915,0,0.7199,price_proxy,,,,
2017-08-18,0.2496,0.0989,0,1.9328,price_proxy,,,,
2017-08-21,0.287,0.1013,0,0.6073,price_proxy,,,,
2017-08-22,0.4016,0.0951,0,0.5008,price_proxy,,,,
2017-08-23,0.4898,0.0965,0,0.5268,price_proxy,,,,
2017-08-24,0.4467,0.0966,0,0.8248,price_proxy,,,,
2017-08-25,0.5175,0.0923,0,0.9302,price_proxy,,,,
2017-08-28,0.4689,0.0906,0,0.7735,price_proxy,,,,
2017-08-29,0.4655,0.0889,0,0.356,price_proxy,,,,
2017-08-30,0.4864,0.0967,0,0.5914,price_proxy,,,,
2017-08-31,0.5342,0.0974,0,1.2285,price_proxy,,,,
2017-09-01,0.545,0.0957,0,0.5093,price_proxy,,,,
2017-09-04,0.5281,0.0971,0,0.5053,price_proxy,,,,
2017-09-05,0.5526,0.0991,0,0.4043,price_proxy,,,,
2017-09-06,0.5685,0.1072,0,1.0545,price_proxy,,,,
2017-09-07,0.537,0.1074,0,0.6832,price_proxy,,,,
2017-09-08,0.4966,0.1097,0,0.6145,price_proxy,,,,
2017-09-11,0.5346,0.1095,0,0.5365,price_proxy,,,,
2017-09-12,0.5479,0.0939,0,1.6785,price_proxy,,,,
2017-09-13,0.5265,0.0903,0,1.6326,price_proxy,,,,
2017-09-14,0.5264,0.0891,0,0.6704,price_proxy,,,,
2017-09-15,0.6017,0.073,0,1.5235,price_proxy,,,,
2017-09-18,0.602,0.0731,0,0.8504,price_proxy,,,,
2017-09-19,0.5534,0.0736,0,1.0202,price_proxy,,,,
2017-09-20,0.4575,0.0786,0,1.1718,price_proxy,,,,
2017-09-21,0.3467,0.0985,0,2.4534,price_proxy,,,,
2017-09-22,0.2645,0.104,0,1.4671,price_proxy,,,,
2017-09-25,0.2379,0.1046,0,0.9001,price_proxy,,,,
2017-09-26,0.2528,0.1048,0,0.7,price_proxy,,,,
2017-09-27,0.293,0.1004,0,0.7758,price_proxy,,,,
2017-09-28,0.394,0.0976,0,0.6828,price_proxy,,,,
2017-09-29,0.4488,0.0976,0,1.0365,price_proxy,,,,
2017-10-10,0.4665,0.0959,0,0.4977,price_proxy,,,,
2017-10-11,0.5,0.0981,0,0.3364,price_proxy,,,,
2017-10-12,0.4963,0.0893,0,0.2529,price_proxy,,,,
2017-10-13,0.4739,0.0892,0,0.5904,price_proxy,,,,
2017-10-16,0.4887,0.0872,0,0.4896,price_proxy,,,,
2017-10-17,0.4962,0.0872,0,0.6461,price_proxy,,,,
2017-10-18,0.4369,0.083,0,0.4028,price_proxy,,,,
2017-10-19,0.4776,0.0807,0,0.2785,price_proxy,,,,
2017-10-20,0.5265,0.0826,0,0.2301,price_proxy,,,,
2017-10-23,0.5038,0.0801,0,0.4778,price_proxy,,,,
2017-10-24,0.519,0.0806,0,0.4037,price_proxy,,,,
2017-10-25,0.5996,0.0899,0,0.4031,price_proxy,,,,
2017-10-26,0.5642,0.087,0,0.3538,price_proxy,,,,
2017-10-27,0.5448,0.0661,0,0.2883,price_proxy,,,,
2017-10-30,0.5678,0.0556,0,0.5388,price_proxy,,,,
2017-10-31,0.5602,0.0517,0,0.4687,price_proxy,,,,
2017-11-01,0.5365,0.0548,0,0.7654,price_proxy,,,,
2017-11-02,0.5,0.0592,0,0.6935,price_proxy,,,,
2017-11-03,0.4562,0.0632,0,3.394,price_proxy,,,,
2017-11-06,0.3944,0.0706,0,3.0404,price_proxy,,,,
2017-11-07,0.4015,0.0701,0,2.1384,price_proxy,,,,
2017-11-08,0.4391,0.0784,0,2.1309,price_proxy,,,,
2017-11-09,0.511,0.0799,0,1.5437,price_proxy,,,,
2017-11-10,0.5896,0.0801,0,1.103,price_proxy,,,,
2017-11-13,0.6577,0.0801,0,1.1237,price_proxy,,,,
2017-11-14,0.6459,0.0799,0,2.0028,price_proxy,,,,
2017-11-15,0.5739,0.0786,0,1.4432,price_proxy,,,,
2017-11-16,0.5436,0.0776,0,1.6602,price_proxy,,,,
2017-11-17,0.525,0.0773,0,0.8657,price_proxy,,,,
2017-11-20,0.5856,0.0817,0,1.5609,price_proxy,,,,
2017-11-21,0.5787,0.0827,0,1.2719,price_proxy,,,,
2017-11-22,0.5998,0.0784,0,0.8904,price_proxy,,,,
2017-11-23,0.6103,0.0782,0,0.8625,price_proxy,,,,
2017-11-24,0.627,0.0793,0,0.9729,price_proxy,,,,
2017-11-27,0.5581,0.0795,0,0.9028,price_proxy,,,,
2017-11-28,0.5275,0.0841,0,0.6509,price_proxy,,,,
2017-11-29,0.5068,0.0825,0,0.2797,price_proxy,,,,
2017-11-30,0.4224,0.0891,0,1.5753,price_proxy,,,,
2017-12-01,0.4104,0.0859,0,0.4483,price_proxy,,,,
2017-12-04,0.3837,0.0805,0,0.4949,price_proxy,,,,
2017-12-05,0.5034,0.089,0,1.0326,price_proxy,,,,
2017-12-06,0.456,0.0857,0,0.8765,price_proxy,,,,
2017-12-07,0.4719,0.0904,0,1.2941,price_proxy,,,,
2017-12-08,0.4618,0.0886,0,1.1449,price_proxy,,,,
2017-12-11,0.5423,0.0922,0,0.718,price_proxy,,,,
2017-12-12,0.5,0.0938,0,0.9531,price_proxy,,,,
2017-12-13,0.6488,0.1076,0,4.5322,price_proxy,,,,
2017-12-14,0.7171,0.1075,0,1.8623,price_proxy,,,,
2017-12-15,0.7265,0.1076,0,2.0356,price_proxy,,,,
2017-12-18,0.6762,0.1035,0,1.2019,price_proxy,,,,
2017-12-19,0.6017,0.1051,0,1.4857,price_proxy,,,,
2017-12-20,0.4968,0.1045,0,0.7187,price_proxy,,,,
2017-12-21,0.4968,0.1044,0,0.8675,price_proxy,,,,
2017-12-22,0.4714,0.1033,0,1.1675,price_proxy,,,,
2017-12-26,0.5794,0.1184,0,3.3371,price_proxy,,,,
2017-12-27,0.6129,0.1149,0,1.0396,price_proxy,,,,
2017-12-28,0.7258,0.1256,0,3.0917,price_proxy,,,,
2018-01-02,0.7186,0.1162,0,2.2942,price_proxy,,,,
2018-01-03,0.7452,0.1163,0,1.1407,price_proxy,,,,
2018-01-04,0.6313,0.1131,0,1.2835,price_proxy,,,,
2018-01-05,0.6038,0.1106,0,0.8128,price_proxy,,,,
2018-01-08,0.5,0.1063,0,1.0449,price_proxy,,,,
2018-01-09,0.5058,0.0984,0,1.3127,price_proxy,,,,
2018-01-10,0.5402,0.0995,0,0.72,price_proxy,,,,
2018-01-11,0.5315,0.0993,0,0.3988,price_proxy,,,,
2018-01-12,0.5087,0.1052,0,0.9513,price_proxy,,,,
2018-01-15,0.4942,0.0936,0,0.5626,price_proxy,,,,
2018-01-16,0.5809,0.1032,0,4.413,price_proxy,,,,
2018-01-17,0.638,0.1145,0,3.2601,price_proxy,,,,
2018-01-18,0.8272,0.1403,0,3.0434,price_proxy,,,,
2018-01-19,1.0,0.1448,0,2.0616,price_proxy,,,,
2018-01-22,0.9971,0.149,0,1.2504,price_proxy,,,,
2018-01-23,0.9444,0.1484,0,1.1532,price_proxy,,,,
2018-01-24,0.7503,0.1553,0,0.7835,price_proxy,,,,
2018-01-25,0.5388,0.1522,0,0.7191,price_proxy,,,,
2018-01-26,0.4932,0.1536,0,0.6474,price_proxy,,,,
2018-01-29,0.642,0.1538,0,0.9825,price_proxy,,,,
2018-01-30,0.4545,0.1753,0,3.6949,price_proxy,,,,
2018-01-31,0.4977,0.1766,0,0.9541,price_proxy,,,,
2018-02-01,0.5499,0.1764,0,0.8196,price_proxy,,,,
2018-02-02,0.4702,0.175,0,0.9795,price_proxy,,,,
2018-02-05,0.2891,0.1842,0,2.3557,price_proxy,,,,
2018-02-06,0.3279,0.193,0,0.9819,price_proxy,,,,
2018-02-07,0.3757,0.1923,0,1.4546,price_proxy,,,,
2018-02-08,0.3794,0.1922,0,0.4737,price_proxy,,,,
2018-02-09,0.3907,0.189,0,0.6315,price_proxy,,,,
2018-02-12,0.517,0.1887,0,0.816,price_proxy,,,,
2018-02-13,0.612,0.1845,0,0.3701,price_proxy,,,,
2018-02-14,0.5175,0.1805,0,0.4696,price_proxy,,,,
2018-02-19,1.0,0.3496,0,4.4899,price_proxy,,,,
2018-02-20,1.0,0.3466,0,4.6202,price_proxy,,,,
2018-02-21,1.0,0.3455,0,2.6826,price_proxy,,,,
2018-02-22,1.0,0.3527,0,5.688,price_proxy,,,,
2018-02-23,1.0,0.3491,0,1.1442,price_proxy,,,,
2018-02-26,0.567,0.362,0,1.0541,price_proxy,,,,
2018-02-27,0.5485,0.3632,0,0.7227,price_proxy,,,,
2018-02-28,0.4151,0.3637,0,1.1126,price_proxy,,,,
2018-03-02,0.4127,0.3618,0,0.9581,price_proxy,,,,
2018-03-05,0.3376,0.3627,0,0.3765,price_proxy,,,,
2018-03-06,0.4167,0.3667,0,0.5715,price_proxy,,,,
2018-03-07,0.3938,0.3698,0,0.4804,price_proxy,,,,
2018-03-08,0.4901,0.365,0,0.3515,price_proxy,,,,
2018-03-09,0.4178,0.3602,0,0.6341,price_proxy,,,,
2018-03-12,0.5093,0.3604,0,0.3636,price_proxy,,,,
2018-03-13,0.6836,0.3616,0,0.935,price_proxy,,,,
2018-03-14,0.8524,0.3618,0,0.3666,price_proxy,,,,
2018-03-15,0.896,0.3619,0,0.6388,price_proxy,,,,
2018-03-16,0.8333,0.3613,0,0.4351,price_proxy,,,,
2018-03-19,0.6296,0.3684,0,0.4062,price_proxy,,,,
2018-03-20,0.6239,0.2084,0,2.4948,price_proxy,,,,
2018-03-21,0.5,0.2093,0,0.6879,price_proxy,,,,
2018-03-22,0.5496,0.2143,0,1.1722,price_proxy,,,,
2018-03-23,0.3776,0.2153,0,0.7726,price_proxy,,,,
2018-03-26,0.613,0.2223,0,1.0796,price_proxy,,,,
2018-03-27,0.7333,0.2275,0,1.4232,price_proxy,,,,
2018-03-28,0.6872,0.2316,0,0.8911,price_proxy,,,,
2018-03-29,0.5806,0.2252,0,0.439,price_proxy,,,,
2018-03-30,0.6565,0.2191,0,0.5035,price_proxy,,,,
2018-04-02,0.4835,0.2207,0,0.6737,price_proxy,,,,
2018-04-03,0.3433,0.2158,0,0.4498,price_proxy,,,,
2018-04-04,0.2276,0.242,0,1.2574,price_proxy,,,,
2018-04-05,0.2287,0.242,0,0.3828,price_proxy,,,,
2018-04-06,0.3306,0.2395,0,0.3977,price_proxy,,,,
2018-04-09,0.3257,0.2409,0,0.6781,price_proxy,,,,
2018-04-10,0.2814,0.2358,0,0.3531,price_proxy,,,,
2018-04-11,0.482,0.2316,0,0.3341,price_proxy,,,,
2018-04-12,0.5448,0.2327,0,0.6734,price_proxy,,,,
2018-04-13,0.4824,0.2325,0,0.2738,price_proxy,,,,
2018-04-16,0.5,0.2245,0,0.454,price_proxy,,,,
2018-04-17,0.4818,0.2189,0,0.6947,price_proxy,,,,
2018-04-18,0.4455,0.2187,0,0.5079,price_proxy,,,,
2018-04-19,0.3947,0.2093,0,0.6123,price_proxy,,,,
2018-04-20,0.5622,0.2118,0,0.9947,price_proxy,,,,
2018-04-23,0.6455,0.2036,0,0.871,price_proxy,,,,
2018-04-24,0.6284,0.1681,0,0.4275,price_proxy,,,,
2018-04-25,0.5374,0.1739,0,0.7242,price_proxy,,,,
2018-04-26,0.5463,0.175,0,0.3752,price_proxy,,,,
2018-04-27,0.4138,0.1717,0,0.2594,price_proxy,,,,
2018-04-30,0.3814,0.1697,0,1.6071,price_proxy,,,,
2018-05-02,0.3362,0.171,0,0.8972,price_proxy,,,,
2018-05-03,0.3716,0.1413,0,0.7892,price_proxy,,,,
2018-05-04,0.3824,0.1432,0,0.5973,price_proxy,,,,
2018-05-08,0.482,0.1558,0,1.1479,price_proxy,,,,
2018-05-09,0.5901,0.1626,0,1.9112,price_proxy,,,,
2018-05-10,0.7066,0.1629,0,2.4258,price_proxy,,,,
2018-05-11,0.7745,0.1638,0,0.4013,price_proxy,,,,
2018-05-14,0.6923,0.1608,0,0.7313,price_proxy,,,,
2018-05-15,0.5,0.1646,0,0.9731,price_proxy,,,,
2018-05-16,0.3362,0.1664,0,0.8592,price_proxy,,,,
2018-05-17,0.3979,0.1737,0,0.7345,price_proxy,,,,
2018-05-18,0.4397,0.1723,0,0.5809,price_proxy,,,,
2018-05-21,0.4298,0.1742,0,0.468,price_proxy,,,,
2018-05-23,0.6364,0.1714,0,1.3295,price_proxy,,,,
2018-05-24,0.6972,0.1706,0,0.8447,price_proxy,,,,
2018-05-25,0.5359,0.1726,0,0.631,price_proxy,,,,
2018-05-28,0.5,0.1596,0,1.7586,price_proxy,,,,
2018-05-29,0.6364,0.1655,0,0.9977,price_proxy,,,,
2018-05-30,0.5426,0.1666,0,2.1757,price_proxy,,,,
2018-05-31,0.6111,0.1685,0,1.0727,price_proxy,,,,
2018-06-01,0.685,0.1604,0,1.1926,price_proxy,,,,
2018-06-04,0.6244,0.1583,0,0.6789,price_proxy,,,,
2018-06-05,0.5255,0.1583,0,0.6789,price_proxy,,,,
2018-06-07,0.575,0.1544,0,1.0706,price_proxy,,,,
2018-06-08,0.4676,0.1479,0,0.6791,price_proxy,,,,
2018-06-11,0.4274,0.1488,0,0.497,price_proxy,,,,
2018-06-12,0.4833,0.1484,0,0.5315,price_proxy,,,,
2018-06-14,0.416,0.1531,0,0.559,price_proxy,,,,
2018-06-15,0.3153,0.1483,0,0.5111,price_proxy,,,,
2018-06-18,0.2613,0.1555,0,1.0676,price_proxy,,,,
2018-06-19,0.1987,0.1559,0,0.7898,price_proxy,,,,
2018-06-20,0.3143,0.1694,0,0.698,price_proxy,,,,
2018-06-21,0.2491,0.1844,0,1.0549,price_proxy,,,,
2018-06-22,0.2469,0.1658,0,0.9389,price_proxy,,,,
2018-06-25,0.4626,0.1825,0,0.729,price_proxy,,,,
2018-06-26,0.5591,0.1803,0,0.3814,price_proxy,,,,
2018-06-27,0.4256,0.1804,0,0.4835,price_proxy,,,,
2018-06-28,0.488,0.1765,0,0.4035,price_proxy,,,,
2018-06-29,0.5466,0.1761,0,0.4606,price_proxy,,,,
2018-07-02,0.3495,0.1739,0,0.3939,price_proxy,,,,
2018-07-03,0.366,0.1739,0,0.3117,price_proxy,,,,
2018-07-04,0.4188,0.1743,0,0.4231,price_proxy,,,,
2018-07-05,0.3951,0.1808,0,0.7641,price_proxy,,,,
2018-07-06,0.401,0.1735,0,0.4975,price_proxy,,,,
2018-07-09,0.4156,0.1742,0,0.5505,price_proxy,,,,
2018-07-10,0.4795,0.1821,0,0.4497,price_proxy,,,,
2018-07-11,0.4315,0.1821,0,0.3581,price_proxy,,,,
2018-07-12,0.6086,0.1845,0,0.6094,price_proxy,,,,
2018-07-13,0.6562,0.1924,0,0.9416,price_proxy,,,,
2018-07-16,0.7043,0.1846,0,0.4828,price_proxy,,,,
2018-07-17,0.6762,0.1776,0,1.0361,price_proxy,,,,
2018-07-18,0.5834,0.1736,0,1.4544,price_proxy,,,,
2018-07-19,0.5182,0.1552,0,0.8447,price_proxy,,,,
2018-07-20,0.3744,0.1581,0,1.2308,price_proxy,,,,
2018-07-23,0.3029,0.1483,0,1.1242,price_proxy,,,,
2018-07-24,0.2943,0.1507,0,0.8095,price_proxy,,,,
2018-07-25,0.3258,0.1534,0,1.0508,price_proxy,,,,
2018-07-26,0.3619,0.15,0,0.7445,price_proxy,,,,
2018-07-27,0.4856,0.1537,0,0.8216,price_proxy,,,,
2018-07-30,0.6061,0.1486,0,0.596,price_proxy,,,,
2018-07-31,0.5722,0.1485,0,0.5719,price_proxy,,,,
2018-08-01,0.7259,0.1533,0,1.4053,price_proxy,,,,
2018-08-02,0.6613,0.1408,0,1.1037,price_proxy,,,,
2018-08-03,0.5768,0.1395,0,0.5065,price_proxy,,,,
2018-08-06,0.5514,0.1345,0,0.3546,price_proxy,,,,
2018-08-07,0.498,0.1319,0,0.8224,price_proxy,,,,
2018-08-08,0.4803,0.1353,0,0.9222,price_proxy,,,,
2018-08-09,0.5,0.1312,0,0.5919,price_proxy,,,,
2018-08-10,0.444,0.1261,0,1.8094,price_proxy,,,,
2018-08-13,0.3136,0.1442,0,2.2983,price_proxy,,,,
2018-08-14,0.3708,0.1412,0,1.2101,price_proxy,,,,
2018-08-16,0.4264,0.1503,0,4.8271,price_proxy,,,,
2018-08-17,0.4582,0.1515,0,1.3597,price_proxy,,,,
2018-08-20,0.5,0.1487,0,0.7204,price_proxy,,,,
2018-08-21,0.7873,0.1534,0,1.6691,price_proxy,,,,
2018-08-22,0.7149,0.1559,0,0.8131,price_proxy,,,,
2018-08-23,0.6074,0.1507,0,0.4989,price_proxy,,,,
2018-08-24,0.5732,0.1501,0,0.639,price_proxy,,,,
2018-08-27,0.5885,0.1465,0,0.7164,price_proxy,,,,
2018-08-28,0.529,0.1501,0,2.0148,price_proxy,,,,
2018-08-29,0.5693,0.1504,0,1.0543,price_proxy,,,,
2018-08-30,0.5,0.1475,0,0.4906,price_proxy,,,,
2018-08-31,0.5294,0.1477,0,0.6628,price_proxy,,,,
2018-09-03,0.4901,0.1501,0,0.6837,price_proxy,,,,
2018-09-04,0.6238,0.1855,0,5.1531,price_proxy,,,,
2018-09-05,0.567,0.1873,0,2.257,price_proxy,,,,
2018-09-06,0.6373,0.1853,0,1.192,price_proxy,,,,
2018-09-07,0.5773,0.1863,0,1.0446,price_proxy,,,,
2018-09-10,0.5198,0.1915,0,1.7929,price_proxy,,,,
2018-09-11,0.3386,0.1738,0,1.1082,price_proxy,,,,
2018-09-12,0.3148,0.1819,0,1.8022,price_proxy,,,,
2018-09-13,0.2835,0.1707,0,0.4462,price_proxy,,,,
2018-09-14,0.2637,0.1718,0,1.025,price_proxy,,,,
2018-09-17,0.3353,0.1718,0,0.6499,price_proxy,,,,
2018-09-18,0.2815,0.1566,0,0.75,price_proxy,,,,
2018-09-19,0.3551,0.1552,0,0.587,price_proxy,,,,
2018-09-20,0.3107,0.1569,0,1.2712,price_proxy,,,,
2018-09-21,0.3165,0.1574,0,0.8385,price_proxy,,,,
2018-09-27,0.4701,0.1783,0,1.0121,price_proxy,,,,
2018-09-28,0.5153,0.173,0,0.4673,price_proxy,,,,
2018-10-01,0.4692,0.1745,0,0.3234,price_proxy,,,,
2018-10-02,0.6045,0.1788,0,0.5689,price_proxy,,,,
2018-10-04,0.651,0.1776,0,0.6292,price_proxy,,,,
2018-10-05,0.4718,0.177,0,0.3866,price_proxy,,,,
2018-10-08,0.4326,0.1296,0,0.3126,price_proxy,,,,
2018-10-10,0.3927,0.1335,0,0.5951,price_proxy,,,,
2018-10-11,0.1415,0.1624,0,1.3124,price_proxy,,,,
2018-10-12,0.2084,0.1737,0,0.5673,price_proxy,,,,
2018-10-15,0.3218,0.1802,0,0.7234,price_proxy,,,,
2018-10-16,0.4505,0.1896,0,0.6181,price_proxy,,,,
2018-10-17,0.5543,0.1855,0,0.4683,price_proxy,,,,
2018-10-18,0.7053,0.1885,0,0.6612,price_proxy,,,,
2018-10-19,0.6517,0.1887,0,0.5898,price_proxy,,,,
2018-10-22,0.6739,0.1996,0,0.884,price_proxy,,,,
2018-10-23,0.5185,0.2,0,0.7912,price_proxy,,,,
2018-10-24,0.3966,0.2087,0,0.8933,price_proxy,,,,
2018-10-25,0.4475,0.2065,0,0.7992,price_proxy,,,,
2018-10-26,0.3496,0.2085,0,0.8397,price_proxy,,,,
2018-10-29,0.0622,0.2183,0,1.5748,price_proxy,,,,
2018-10-30,0.1571,0.223,0,1.5612,price_proxy,,,,
2018-10-31,0.3327,0.2292,0,1.0548,price_proxy,,,,
2018-11-01,0.4265,0.2303,0,0.9778,price_proxy,,,,
2018-11-02,0.561,0.2339,0,0.8511,price_proxy,,,,
2018-11-05,0.83,0.234,0,0.4611,price_proxy,,,,
2018-11-06,0.7455,0.2331,0,0.3933,price_proxy,,,,
2018-11-07,0.6746,0.2282,0,0.8107,price_proxy,,,,
2018-11-08,0.617,0.1977,0,0.3745,price_proxy,,,,
2018-11-09,0.5099,0.1953,0,0.3506,price_proxy,,,,
2018-11-12,0.4634,0.1895,0,0.5427,price_proxy,,,,
2018-11-13,0.387,0.1871,0,1.58,price_proxy,,,,
2018-11-14,0.208,0.2052,0,3.2522,price_proxy,,,,
2018-11-15,0.1947,0.2035,0,1.3586,price_proxy,,,,
2018-11-16,0.3233,0.2125,0,1.3698,price_proxy,,,,
2018-11-19,0.393,0.2035,0,1.3545,price_proxy,,,,
2018-11-20,0.5417,0.2059,0,2.2692,price_proxy,,,,
2018-11-21,0.7222,0.1974,0,0.4688,price_proxy,,,,
2018-11-22,0.6078,0.2031,0,0.9482,price_proxy,,,,
2018-11-23,0.4812,0.2001,0,0.639,price_proxy,,,,
2018-11-26,0.4685,0.1635,0,0.4181,price_proxy,,,,
2018-11-27,0.4184,0.1606,0,0.5101,price_proxy,,,,
2018-11-28,0.4154,0.1543,0,0.5341,price_proxy,,,,
2018-11-29,0.5269,0.1482,0,0.6283,price_proxy,,,,
2018-11-30,0.5516,0.1436,0,0.5331,price_proxy,,,,
2018-12-03,0.6041,0.1515,0,1.1422,price_proxy,,,,
2018-12-04,0.5612,0.1522,0,0.6999,price_proxy,,,,
2018-12-05,0.5375,0.1526,0,0.7015,price_proxy,,,,
2018-12-06,0.3964,0.1634,0,1.089,price_proxy,,,,
2018-12-07,0.4205,0.1644,0,0.3273,price_proxy,,,,
2018-12-10,0.2487,0.1708,0,0.9146,price_proxy,,,,
2018-12-11,0.2471,0.1661,0,0.6907,price_proxy,,,,
2018-12-12,0.3318,0.1437,0,0.6463,price_proxy,,,,
2018-12-13,0.5196,0.1482,0,0.7071,price_proxy,,,,
2018-12-14,0.4393,0.1385,0,0.5919,price_proxy,,,,
2018-12-17,0.4884,0.1373,0,0.7154,price_proxy,,,,
2018-12-18,0.497,0.1318,0,0.7796,price_proxy,,,,
2018-12-19,0.434,0.1318,0,0.9393,price_proxy,,,,
2018-12-20,0.3363,0.1246,0,1.053,price_proxy,,,,
2018-12-21,0.3919,0.1249,0,1.446,price_proxy,,,,
2018-12-24,0.3686,0.1269,0,1.4969,price_proxy,,,,
2018-12-26,0.3373,0.1283,0,1.2911,price_proxy,,,,
2018-12-27,0.3694,0.1308,0,0.7734,price_proxy,,,,
2018-12-28,0.4637,0.1365,0,0.5035,price_proxy,,,,
2019-01-02,0.4729,0.1373,0,0.4983,price_proxy,,,,
2019-01-03,0.4719,0.1289,0,0.5569,price_proxy,,,,
2019-01-04,0.5515,0.1305,0,0.9765,price_proxy,,,,
2019-01-07,0.6429,0.1491,0,1.1732,price_proxy,,,,
2019-01-08,0.5492,0.1357,0,0.7679,price_proxy,,,,
2019-01-09,0.6037,0.1407,0,1.1856,price_proxy,,,,
2019-01-10,0.6585,0.131,0,0.4176,price_proxy,,,,
2019-01-11,0.6413,0.1296,0,0.8989,price_proxy,,,,
2019-01-14,0.5296,0.1257,0,0.4185,price_proxy,,,,
2019-01-15,0.5991,0.1219,0,1.0869,price_proxy,,,,
2019-01-16,0.5377,0.1191,0,0.5435,price_proxy,,,,
2019-01-17,0.5323,0.117,0,0.4493,price_proxy,,,,
2019-01-18,0.5938,0.1204,0,1.9764,price_proxy,,,,
2019-01-21,0.7891,0.1566,0,6.2884,price_proxy,,,,
2019-01-22,0.706,0.1564,0,1.8638,price_proxy,,,,
2019-01-23,0.8243,0.1655,0,9.5509,price_proxy,,,,
2019-01-24,0.8902,0.1564,0,2.6125,price_proxy,,,,
2019-01-25,0.7773,0.1528,0,0.8458,price_proxy,,,,
2019-01-28,0.5791,0.1533,0,0.7112,price_proxy,,,,
2019-01-29,0.5467,0.159,0,0.6347,price_proxy,,,,
2019-01-30,0.4608,0.1591,0,0.5201,price_proxy,,,,
2019-01-31,0.4033,0.153,0,0.4995,price_proxy,,,,
2019-02-01,0.4459,0.1532,0,0.3312,price_proxy,,,,
2019-02-07,0.5123,0.1464,0,0.4114,price_proxy,,,,
2019-02-08,0.5456,0.1469,0,0.2843,price_proxy,,,,
2019-02-11,0.4975,0.1452,0,0.2343,price_proxy,,,,
2019-02-12,0.5254,0.1439,0,0.4336,price_proxy,,,,
2019-02-13,0.6011,0.1482,0,0.9122,price_proxy,,,,
2019-02-14,0.5659,0.1483,0,0.6796,price_proxy,,,,
2019-02-15,0.5421,0.1533,0,0.5005,price_proxy,,,,
2019-02-18,0.5475,0.1541,0,0.3678,price_proxy,,,,
2019-02-19,0.5376,0.1529,0,0.2714,price_proxy,,,,
2019-02-20,0.4567,0.1509,0,0.2516,price_proxy,,,,
2019-02-21,0.3796,0.1141,0,0.3982,price_proxy,,,,
2019-02-22,0.3811,0.1164,0,0.6962,price_proxy,,,,
2019-02-25,0.3974,0.096,0,0.6465,price_proxy,,,,
2019-02-26,0.3916,0.095,0,0.5539,price_proxy,,,,
2019-02-27,0.4483,0.1005,0,0.6533,price_proxy,,,,
2019-02-28,0.4598,0.1015,0,4.8242,price_proxy,,,,
2019-03-04,0.5748,0.1014,0,1.1756,price_proxy,,,,
2019-03-05,0.5695,0.1002,0,0.6294,price_proxy,,,,
2019-03-06,0.7526,0.1261,0,7.2139,price_proxy,,,,
2019-03-07,0.6111,0.1325,0,1.9224,price_proxy,,,,
2019-03-08,0.6333,0.1273,0,0.7589,price_proxy,,,,
2019-03-11,0.602,0.1267,0,1.494,price_proxy,,,,
2019-03-12,0.5522,0.1293,0,1.0174,price_proxy,,,,
2019-03-13,0.4538,0.1312,0,5.1725,price_proxy,,,,
2019-03-14,0.5024,0.1242,0,0.7859,price_proxy,,,,
2019-03-15,0.4519,0.1264,0,0.9824,price_proxy,,,,
2019-03-18,0.4432,0.1238,0,0.3248,price_proxy,,,,
2019-03-19,0.5048,0.1238,0,0.4717,price_proxy,,,,
2019-03-20,0.732,0.1922,0,6.6732,price_proxy,,,,
2019-03-21,0.7987,0.1924,0,4.7747,price_proxy,,,,
2019-03-22,1.0,0.1952,0,2.524,price_proxy,,,,
2019-03-25,0.9604,0.1914,0,2.6675,price_proxy,,,,
2019-03-26,0.9547,0.1912,0,0.9495,price_proxy,,,,
2019-03-27,0.7163,0.1896,0,1.294,price_proxy,,,,
2019-03-28,0.4667,0.2221,0,1.3348,price_proxy,,,,
2019-03-29,0.3502,0.2212,0,0.7551,price_proxy,,,,
2019-04-01,0.4228,0.2216,0,0.6389,price_proxy,,,,
2019-04-02,0.3502,0.2262,0,0.4208,price_proxy,,,,
2019-04-03,0.3105,0.2134,0,0.3191,price_proxy,,,,
2019-04-04,0.4915,0.2093,0,0.4024,price_proxy,,,,
2019-04-05,0.5298,0.209,0,0.3033,price_proxy,,,,
2019-04-08,0.4567,0.2091,0,0.2607,price_proxy,,,,
2019-04-09,0.5852,0.2076,0,0.6756,price_proxy,,,,
2019-04-10,0.5233,0.2096,0,0.4107,price_proxy,,,,
2019-04-11,0.5594,0.2089,0,0.3303,price_proxy,,,,
2019-04-12,0.5839,0.205,0,0.8473,price_proxy,,,,
2019-04-15,0.5611,0.2067,0,0.3044,price_proxy,,,,
2019-04-16,0.5633,0.208,0,0.4729,price_proxy,,,,
2019-04-17,0.6108,0.1497,0,0.3,price_proxy,,,,
2019-04-18,0.4835,0.158,0,0.6604,price_proxy,,,,
2019-04-19,0.4658,0.1469,0,0.517,price_proxy,,,,
2019-04-22,0.4224,0.1514,0,0.6403,price_proxy,,,,
2019-04-23,0.3337,0.1517,0,0.3963,price_proxy,,,,
2019-04-24,0.3337,0.1471,0,0.2686,price_proxy,,,,
2019-04-25,0.3815,0.1107,0,0.4442,price_proxy,,,,
2019-04-26,0.3607,0.1107,0,0.3303,price_proxy,,,,
2019-04-29,0.4596,0.1052,0,0.2801,price_proxy,,,,
2019-04-30,0.4568,0.1011,0,0.284,price_proxy,,,,
2019-05-02,0.513,0.1057,0,0.5068,price_proxy,,,,
2019-05-03,0.5354,0.1064,0,0.352,price_proxy,,,,
2019-05-07,0.4053,0.1227,0,0.9394,price_proxy,,,,
2019-05-08,0.3525,0.123,0,0.4518,price_proxy,,,,
2019-05-09,0.2792,0.1277,0,1.0177,price_proxy,,,,
2019-05-10,0.3026,0.1378,0,0.6698,price_proxy,,,,
2019-05-13,0.3154,0.1361,0,0.5095,price_proxy,,,,
2019-05-14,0.3613,0.1351,0,1.0132,price_proxy,,,,
2019-05-15,0.5304,0.1634,0,1.0134,price_proxy,,,,
2019-05-16,0.5968,0.1592,0,1.0007,price_proxy,,,,
2019-05-17,0.519,0.1595,0,0.6943,price_proxy,,,,
2019-05-20,0.488,0.154,0,0.726,price_proxy,,,,
2019-05-21,0.5696,0.1526,0,0.4645,price_proxy,,,,
2019-05-22,0.44,0.1501,0,0.511,price_proxy,,,,
2019-05-23,0.4172,0.1535,0,0.8025,price_proxy,,,,
2019-05-24,0.3892,0.1534,0,0.7718,price_proxy,,,,
2019-05-27,0.4134,0.1524,0,0.6982,price_proxy,,,,
2019-05-28,0.5,0.1626,0,0.9326,price_proxy,,,,
2019-05-29,0.3954,0.1663,0,1.0058,price_proxy,,,,
2019-05-30,0.4259,0.1666,0,0.7963,price_proxy,,,,
2019-05-31,0.4725,0.1634,0,0.4378,price_proxy,,,,
2019-06-03,0.4623,0.1634,0,0.421,price_proxy,,,,
2019-06-04,0.4184,0.1555,0,0.5443,price_proxy,,,,
2019-06-05,0.5376,0.1564,0,0.5367,price_proxy,,,,
2019-06-07,0.6026,0.1446,0,0.5706,price_proxy,,,,
2019-06-10,0.5911,0.1375,0,0.4384,price_proxy,,,,
2019-06-11,0.6795,0.1408,0,1.5818,price_proxy,,,,
2019-06-12,0.5901,0.136,0,0.7169,price_proxy,,,,
2019-06-13,0.5542,0.1074,0,0.9456,price_proxy,,,,
2019-06-14,0.5122,0.1046,0,0.9487,price_proxy,,,,
2019-06-17,0.454,0.1068,0,0.6378,price_proxy,,,,
2019-06-18,0.4035,0.105,0,0.6729,price_proxy,,,,
2019-06-19,0.4832,0.1081,0,1.3323,price_proxy,,,,
2019-06-20,0.512,0.1086,0,1.878,price_proxy,,,,
2019-06-21,0.4879,0.1038,0,0.8101,price_proxy,,,,
2019-06-24,0.5644,0.1041,0,0.5838,price_proxy,,,,
2019-06-25,0.5445,0.104,0,1.3019,price_proxy,,,,
2019-06-26,0.4831,0.0911,0,0.5707,price_proxy,,,,
2019-06-27,0.4476,0.0779,0,0.5991,price_proxy,,,,
2019-06-28,0.5073,0.0739,0,0.8459,price_proxy,,,,
2019-07-01,0.4832,0.073,0,0.6876,price_proxy,,,,
2019-07-02,0.5073,0.0711,0,0.8355,price_proxy,,,,
2019-07-03,0.5073,0.0678,0,1.1717,price_proxy,,,,
2019-07-04,0.6151,0.083,0,4.7391,price_proxy,,,,
2019-07-05,0.4878,0.1019,0,2.5397,price_proxy,,,,
2019-07-08,0.3305,0.1293,0,2.2213,price_proxy,,,,
2019-07-09,0.5,0.1657,0,5.1771,price_proxy,,,,
2019-07-10,0.4417,0.1691,0,1.7489,price_proxy,,,,
2019-07-11,0.3403,0.1691,0,0.6406,price_proxy,,,,
2019-07-12,0.4658,0.1694,0,0.4314,price_proxy,,,,
2019-07-15,0.7143,0.1732,0,1.5251,price_proxy,,,,
2019-07-16,0.6108,0.1794,0,2.9955,price_proxy,,,,
2019-07-17,0.63,0.1812,0,2.0487,price_proxy,,,,
2019-07-18,0.6635,0.1809,0,1.0051,price_proxy,,,,
2019-07-19,0.5821,0.1816,0,1.0821,price_proxy,,,,
2019-07-22,0.5908,0.187,0,1.1378,price_proxy,,,,
2019-07-23,0.4361,0.1902,0,1.086,price_proxy,,,,
2019-07-24,0.4648,0.1906,0,0.6858,price_proxy,,,,
2019-07-25,0.4581,0.1905,0,0.4719,price_proxy,,,,
2019-07-26,0.4474,0.1938,0,0.755,price_proxy,,,,
2019-07-29,0.3629,0.1938,0,2.3451,price_proxy,,,,
2019-07-30,0.4953,0.1979,0,1.0156,price_proxy,,,,
2019-07-31,0.543,0.1979,0,1.4051,price_proxy,,,,
2019-08-01,0.4929,0.1922,0,0.7274,price_proxy,,,,
2019-08-02,0.608,0.1844,0,1.0272,price_proxy,,,,
2019-08-05,0.4755,0.1783,0,1.4196,price_proxy,,,,
2019-08-06,0.2139,0.1778,0,1.6638,price_proxy,,,,
2019-08-07,0.1912,0.1746,0,1.1563,price_proxy,,,,
2019-08-08,0.2616,0.1768,0,0.94,price_proxy,,,,
2019-08-09,0.2206,0.1762,0,0.4477,price_proxy,,,,
2019-08-12,0.3534,0.1698,0,0.2693,price_proxy,,,,
2019-08-13,0.5634,0.16,0,0.338,price_proxy,,,,
2019-08-14,0.4391,0.1694,0,1.1401,price_proxy,,,,
2019-08-16,0.3728,0.1682,0,0.465,price_proxy,,,,
2019-08-19,0.3755,0.1676,0,0.2906,price_proxy,,,,
2019-08-20,0.4115,0.1621,0,0.3891,price_proxy,,,,
2019-08-21,0.4171,0.161,0,0.2865,price_proxy,,,,
2019-08-22,0.4971,0.1618,0,0.3718,price_proxy,,,,
2019-08-23,0.5202,0.1613,0,0.2787,price_proxy,,,,
2019-08-26,0.4048,0.1672,0,0.6162,price_proxy,,,,
2019-08-27,0.4046,0.1719,0,0.3071,price_proxy,,,,
2019-08-28,0.4191,0.1659,0,0.5416,price_proxy,,,,
2019-08-29,0.4543,0.1644,0,0.2686,price_proxy,,,,
2019-08-30,0.5114,0.169,0,0.4751,price_proxy,,,,
2019-09-02,0.6606,0.1671,0,0.3594,price_proxy,,,,
2019-09-03,0.6178,0.1565,0,0.7003,price_proxy,,,,
2019-09-04,0.6192,0.1168,0,0.4844,price_proxy,,,,
2019-09-05,0.655,0.1172,0,0.6817,price_proxy,,,,
2019-09-06,0.5654,0.116,0,0.4877,price_proxy,,,,
2019-09-09,0.5168,0.1164,0,0.4884,price_proxy,,,,
2019-09-10,0.5195,0.1164,0,2.6829,price_proxy,,,,
2019-09-11,0.5,0.1165,0,0.4533,price_proxy,,,,
2019-09-16,0.5163,0.0955,0,0.6206,price_proxy,,,,
2019-09-17,0.5992,0.0966,0,2.3245,price_proxy,,,,
2019-09-18,0.6836,0.1001,0,1.2577,price_proxy,,,,
2019-09-19,0.6625,0.0971,0,0.8766,price_proxy,,,,
2019-09-20,0.7058,0.0992,0,1.1372,price_proxy,,,,
2019-09-23,0.648,0.0949,0,0.5937,price_proxy,,,,
2019-09-24,0.6365,0.0954,0,0.6913,price_proxy,,,,
2019-09-25,0.5459,0.0688,0,0.6575,price_proxy,,,,
2019-09-26,0.5459,0.0662,0,0.5581,price_proxy,,,,
2019-09-27,0.5025,0.0663,0,0.5535,price_proxy,,,,
2019-09-30,0.505,0.0664,0,0.4888,price_proxy,,,,
2019-10-01,0.4558,0.0639,0,0.4737,price_proxy,,,,
2019-10-02,0.4651,0.0652,0,0.4577,price_proxy,,,,
2019-10-04,0.4328,0.0689,0,0.4249,price_proxy,,,,
2019-10-07,0.3484,0.0829,0,1.3585,price_proxy,,,,
2019-10-08,0.3775,0.0827,0,0.564,price_proxy,,,,
2019-10-10,0.4121,0.0816,0,0.4456,price_proxy,,,,
2019-10-11,0.4265,0.0806,0,0.3627,price_proxy,,,,
2019-10-14,0.4742,0.0805,0,0.4629,price_proxy,,,,
2019-10-15,0.578,0.0807,0,0.5359,price_proxy,,,,
2019-10-16,0.5799,0.0792,0,0.4952,price_proxy,,,,
2019-10-17,0.521,0.077,0,0.6785,price_proxy,,,,
2019-10-18,0.5079,0.0699,0,0.683,price_proxy,,,,
2019-10-21,0.4922,0.0699,0,0.7683,price_proxy,,,,
2019-10-22,0.4483,0.0648,0,1.1925,price_proxy,,,,
2019-10-23,0.4283,0.0647,0,1.4094,price_proxy,,,,
2019-10-24,0.435,0.06,0,0.7526,price_proxy,,,,
2019-10-25,0.445,0.0592,0,0.5675,price_proxy,,,,
2019-10-28,0.4633,0.0607,0,0.896,price_proxy,,,,
2019-10-29,0.5159,0.063,0,1.5904,price_proxy,,,,
2019-10-30,0.4416,0.0726,0,1.696,price_proxy,,,,
2019-10-31,0.4704,0.073,0,0.8936,price_proxy,,,,
2019-11-01,0.4946,0.0742,0,0.8282,price_proxy,,,,
2019-11-04,0.5187,0.077,0,0.9332,price_proxy,,,,
2019-11-05,0.4947,0.0627,0,0.7652,price_proxy,,,,
2019-11-06,0.5766,0.062,0,0.9136,price_proxy,,,,
2019-11-07,0.5382,0.0626,0,0.521,price_proxy,,,,
2019-11-08,0.5135,0.0627,0,0.4451,price_proxy,,,,
2019-11-11,0.4683,0.0619,0,0.8613,price_proxy,,,,
2019-11-12,0.4762,0.0612,0,0.6588,price_proxy,,,,
2019-11-13,0.4552,0.0601,0,0.4484,price_proxy,,,,
2019-11-14,0.4973,0.0589,0,1.1528,price_proxy,,,,
2019-11-15,0.4973,0.0584,0,1.0062,price_proxy,,,,
2019-11-18,0.4704,0.0602,0,1.2489,price_proxy,,,,
2019-11-19,0.3797,0.0723,0,2.9329,price_proxy,,,,
2019-11-20,0.3598,0.0739,0,1.598,price_proxy,,,,
2019-11-21,0.2936,0.0787,0,1.8684,price_proxy,,,,
2019-11-22,0.2984,0.0788,0,0.9359,price_proxy,,,,
2019-11-25,0.3581,0.0811,0,0.6765,price_proxy,,,,
2019-11-26,0.4459,0.0793,0,0.553,price_proxy,,,,
2019-11-27,0.4681,0.0711,0,0.499,price_proxy,,,,
2019-11-28,0.512,0.0709,0,0.6995,price_proxy,,,,
2019-11-29,0.4641,0.0721,0,1.4146,price_proxy,,,,
2019-12-02,0.4295,0.0657,0,0.712,price_proxy,,,,
2019-12-03,0.4211,0.0655,0,0.521,price_proxy,,,,
2019-12-04,0.4293,0.0648,0,0.7417,price_proxy,,,,
2019-12-05,0.4316,0.0641,0,1.1512,price_proxy,,,,
2019-12-06,0.5091,0.0682,0,0.5229,price_proxy,,,,
2019-12-09,0.5244,0.0696,0,0.622,price_proxy,,,,
2019-12-10,0.5244,0.0688,0,0.445,price_proxy,,,,
2019-12-11,0.5214,0.0688,0,0.408,price_proxy,,,,
2019-12-12,0.5923,0.0764,0,0.783,price_proxy,,,,
2019-12-13,0.5758,0.0774,0,0.5642,price_proxy,,,,
2019-12-16,0.5511,0.0764,0,0.5761,price_proxy,,,,
2019-12-17,0.5962,0.0687,0,1.2753,price_proxy,,,,
2019-12-18,0.5846,0.0666,0,0.6769,price_proxy,,,,
2019-12-19,0.5206,0.0575,0,0.6057,price_proxy,,,,
2019-12-20,0.5964,0.0738,0,2.693,price_proxy,,,,
2019-12-23,0.5762,0.0743,0,1.1276,price_proxy,,,,
2019-12-24,0.4885,0.0782,0,1.5746,price_proxy,,,,
2019-12-26,0.5348,0.0786,0,0.9529,price_proxy,,,,
2019-12-27,0.5757,0.079,0,0.9226,price_proxy,,,,
2019-12-30,0.4721,0.0741,0,0.652,price_proxy,,,,
2020-01-02,0.4859,0.0749,0,1.6111,price_proxy,,,,
2020-01-03,0.5693,0.0768,0,1.2293,price_proxy,,,,
2020-01-06,0.4858,0.0839,0,1.3818,price_proxy,,,,
2020-01-07,0.4663,0.083,0,0.5357,price_proxy,,,,
2020-01-08,0.3927,0.0963,0,2.4584,price_proxy,,,,
2020-01-09,0.4716,0.1025,0,1.3787,price_proxy,,,,
2020-01-10,0.4721,0.1041,0,1.0697,price_proxy,,,,
2020-01-13,0.5402,0.1038,0,0.7979,price_proxy,,,,
2020-01-14,0.5228,0.1006,0,0.6956,price_proxy,,,,
2020-01-15,0.6224,0.1005,0,1.0295,price_proxy,,,,
2020-01-16,0.5664,0.1003,0,0.7538,price_proxy,,,,
2020-01-17,0.5339,0.098,0,0.7088,price_proxy,,,,
2020-01-20,0.5478,0.0977,0,1.7254,price_proxy,,,,
2020-01-21,0.5028,0.1018,0,1.3509,price_proxy,,,,
2020-01-22,0.5197,0.0905,0,1.0004,price_proxy,,,,
2020-01-23,0.4972,0.0893,0,0.8171,price_proxy,,,,
2020-01-28,0.4054,0.0976,0,2.2544,price_proxy,,,,
2020-01-29,0.3846,0.0965,0,0.6358,price_proxy,,,,
2020-01-30,0.3845,0.0978,0,1.3566,price_proxy,,,,
2020-01-31,0.3106,0.1014,0,1.355,price_proxy,,,,
2020-02-03,0.2762,0.1034,0,1.3236,price_proxy,,,,
2020-02-04,0.4504,0.1171,0,2.0296,price_proxy,,,,
2020-02-05,0.4592,0.1142,0,0.5902,price_proxy,,,,
2020-02-06,0.5538,0.1167,0,0.6998,price_proxy,,,,
2020-02-07,0.62,0.1062,0,0.473,price_proxy,,,,
2020-02-10,0.6638,0.0997,0,0.303,price_proxy,,,,
2020-02-11,0.5838,0.0983,0,0.5523,price_proxy,,,,
2020-02-12,0.5833,0.0983,0,0.4876,price_proxy,,,,
2020-02-13,0.5146,0.099,0,0.6439,price_proxy,,,,
2020-02-14,0.5581,0.1026,0,1.2213,price_proxy,,,,
2020-02-17,0.5233,0.1043,0,1.111,price_proxy,,,,
2020-02-18,0.4885,0.1042,0,0.4906,price_proxy,,,,
2020-02-19,0.46,0.1032,0,0.6198,price_proxy,,,,
2020-02-20,0.4855,0.1003,0,0.5659,price_proxy,,,,
2020-02-21,0.3702,0.1052,0,1.0055,price_proxy,,,,
2020-02-24,0.3129,0.116,0,1.6108,price_proxy,,,,
2020-02-25,0.3497,0.1109,0,0.9649,price_proxy,,,,
2020-02-26,0.3601,0.1108,0,0.6353,price_proxy,,,,
2020-02-27,0.2875,0.1145,0,1.5531,price_proxy,,,,
2020-02-28,0.2225,0.1321,0,2.894,price_proxy,,,,
2020-03-02,0.3508,0.1337,0,1.0705,price_proxy,,,,
2020-03-03,0.3438,0.1199,0,1.0679,price_proxy,,,,
2020-03-04,0.3652,0.1203,0,0.6067,price_proxy,,,,
2020-03-05,0.5065,0.1246,0,1.3682,price_proxy,,,,
2020-03-06,0.7277,0.1306,0,2.0011,price_proxy,,,,
2020-03-09,0.548,0.1442,0,1.7927,price_proxy,,,,
2020-03-10,0.5508,0.1443,0,0.7727,price_proxy,,,,
2020-03-11,0.4597,0.1469,0,0.8374,price_proxy,,,,
2020-03-12,0.2045,0.1757,0,1.9433,price_proxy,,,,
2020-03-13,0.0362,0.1802,0,2.9625,price_proxy,,,,
2020-03-16,0.0109,0.1908,0,1.1268,price_proxy,,,,
2020-03-17,0.0,0.1904,0,1.6442,price_proxy,,,,
2020-03-18,0.0,0.19,0,0.9064,price_proxy,,,,
2020-03-19,0.0,0.2616,0,2.0085,price_proxy,,,,
2020-03-20,0.0742,0.2948,0,1.0974,price_proxy,,,,
2020-03-23,0.0965,0.2966,0,1.3491,price_proxy,,,,
2020-03-24,0.2427,0.3152,0,0.6375,price_proxy,,,,
2020-03-25,0.3851,0.3247,0,0.8082,price_proxy,,,,
2020-03-26,0.8709,0.3258,0,0.8408,price_proxy,,,,
2020-03-27,0.6691,0.3209,0,0.8321,price_proxy,,,,
2020-03-30,0.8583,0.3206,0,0.6436,price_proxy,,,,
2020-03-31,0.7413,0.3225,0,1.0029,price_proxy,,,,
2020-04-01,0.6463,0.3225,0,0.9472,price_proxy,,,,
2020-04-02,0.6324,0.3189,0,0.7808,price_proxy,,,,
2020-04-03,0.6966,0.3191,0,0.6535,price_proxy,,,,
2020-04-06,0.7238,0.3179,0,0.7307,price_proxy,,,,
2020-04-07,0.768,0.3231,0,1.3206,price_proxy,,,,
2020-04-08,0.8,0.3229,0,1.0057,price_proxy,,,,
2020-04-09,0.7619,0.3052,0,0.7321,price_proxy,,,,
2020-04-10,0.6507,0.2961,0,0.9365,price_proxy,,,,
2020-04-13,0.5233,0.2853,0,0.839,price_proxy,,,,
2020-04-14,0.4838,0.2859,0,0.5568,price_proxy,,,,
2020-04-16,0.4802,0.2837,0,0.6745,price_proxy,,,,
2020-04-17,0.5798,0.1718,0,1.0045,price_proxy,,,,
2020-04-20,0.6685,0.1495,0,1.1549,price_proxy,,,,
2020-04-21,0.6696,0.131,0,1.6023,price_proxy,,,,
2020-04-22,0.6018,0.1122,0,0.6396,price_proxy,,,,
2020-04-23,0.7156,0.1236,0,5.5103,price_proxy,,,,
2020-04-24,0.5115,0.145,0,1.4568,price_proxy,,,,
2020-04-27,0.5075,0.1451,0,1.0314,price_proxy,,,,
2020-04-28,0.5656,0.1458,0,0.8449,price_proxy,,,,
2020-04-29,0.5543,0.1463,0,0.4362,price_proxy,,,,
2020-05-04,0.4135,0.1466,0,0.5787,price_proxy,,,,
2020-05-06,0.5992,0.1491,0,1.1457,price_proxy,,,,
2020-05-07,0.6119,0.1483,0,0.9155,price_proxy,,,,
2020-05-08,0.6383,0.1467,0,0.7036,price_proxy,,,,
2020-05-11,0.6925,0.1404,0,1.1538,price_proxy,,,,
2020-05-12,0.6356,0.1436,0,0.745,price_proxy,,,,
2020-05-13,0.62,0.1443,0,0.5712,price_proxy,,,,
2020-05-14,0.5283,0.144,0,0.404,price_proxy,,,,
2020-05-15,0.5035,0.1379,0,0.4246,price_proxy,,,,
2020-05-18,0.5207,0.1374,0,0.8706,price_proxy,,,,
2020-05-19,0.6693,0.1429,0,1.2787,price_proxy,,,,
2020-05-20,0.6338,0.1392,0,0.7275,price_proxy,,,,
2020-05-21,0.7021,0.1383,0,1.3466,price_proxy,,,,
2020-05-22,0.6571,0.136,0,1.2368,price_proxy,,,,
2020-05-25,0.6022,0.1357,0,0.4527,price_proxy,,,,
2020-05-26,0.5488,0.1149,0,0.6539,price_proxy,,,,
2020-05-27,0.4871,0.0964,0,0.9313,price_proxy,,,,
2020-05-28,0.4019,0.1021,0,1.115,price_proxy,,,,
2020-05-29,0.4579,0.1017,0,0.5075,price_proxy,,,,
2020-06-01,0.5421,0.1065,0,4.0465,price_proxy,,,,
2020-06-02,0.4905,0.1073,0,0.9281,price_proxy,,,,
2020-06-03,0.5227,0.1035,0,0.8758,price_proxy,,,,
2020-06-04,0.5699,0.101,0,0.8161,price_proxy,,,,
2020-06-05,0.5727,0.1009,0,0.3229,price_proxy,,,,
2020-06-08,0.4905,0.1002,0,0.4522,price_proxy,,,,
2020-06-09,0.4872,0.096,0,0.6413,price_proxy,,,,
2020-06-10,0.4936,0.0925,0,0.3968,price_proxy,,,,
2020-06-11,0.4936,0.0906,0,0.5844,price_proxy,,,,
2020-06-12,0.4458,0.0929,0,0.8731,price_proxy,,,,
2020-06-15,0.3022,0.1207,0,1.151,price_proxy,,,,
2020-06-16,0.3812,0.116,0,0.8679,price_proxy,,,,
2020-06-17,0.3909,0.1154,0,0.8462,price_proxy,,,,
2020-06-18,0.3806,0.1137,0,0.3853,price_proxy,,,,
2020-06-19,0.4082,0.1119,0,0.3324,price_proxy,,,,
2020-06-22,0.5602,0.1119,0,0.348,price_proxy,,,,
2020-06-23,0.4693,0.1088,0,0.4832,price_proxy,,,,
2020-06-24,0.4626,0.1077,0,0.4094,price_proxy,,,,
2020-06-25,0.452,0.1052,0,0.4497,price_proxy,,,,
2020-06-26,0.4347,0.105,0,0.7806,price_proxy,,,,
2020-06-29,0.3969,0.0936,0,0.5083,price_proxy,,,,
2020-06-30,0.4549,0.0982,0,0.7544,price_proxy,,,,
2020-07-01,0.4619,0.0988,0,0.4213,price_proxy,,,,
2020-07-02,0.4965,0.0991,0,0.7018,price_proxy,,,,
2020-07-03,0.5178,0.0982,0,0.1839,price_proxy,,,,
2020-07-06,0.6014,0.1019,0,0.8411,price_proxy,,,,
2020-07-07,0.5496,0.1019,0,0.499,price_proxy,,,,
2020-07-08,0.5388,0.1019,0,0.7811,price_proxy,,,,
2020-07-09,0.5915,0.1071,0,1.5437,price_proxy,,,,
2020-07-10,0.5387,0.1089,0,1.0816,price_proxy,,,,
2020-07-13,0.5207,0.0751,0,0.8491,price_proxy,,,,
2020-07-14,0.5519,0.0652,0,1.0669,price_proxy,,,,
2020-07-15,0.5934,0.0683,0,1.8341,price_proxy,,,,
2020-07-16,0.537,0.0671,0,1.1396,price_proxy,,,,
2020-07-17,0.614,0.0677,0,1.3943,price_proxy,,,,
2020-07-20,0.6468,0.0727,0,3.0847,price_proxy,,,,
2020-07-21,0.6585,0.0726,0,4.6605,price_proxy,,,,
2020-07-22,0.6157,0.0727,0,1.1509,price_proxy,,,,
2020-07-23,0.6223,0.069,0,1.5392,price_proxy,,,,
2020-07-24,0.5588,0.0718,0,1.1789,price_proxy,,,,
2020-07-27,0.5191,0.066,0,0.6382,price_proxy,,,,
2020-07-28,0.5375,0.0676,0,1.5666,price_proxy,,,,
2020-07-29,0.55,0.0675,0,0.6799,price_proxy,,,,
2020-07-30,0.5405,0.068,0,0.7533,price_proxy,,,,
2020-07-31,0.5444,0.0723,0,0.6697,price_proxy,,,,
2020-08-03,0.5315,0.0705,0,0.5028,price_proxy,,,,
2020-08-04,0.4908,0.0698,0,0.4963,price_proxy,,,,
2020-08-05,0.4665,0.0707,0,0.8391,price_proxy,,,,
2020-08-06,0.4908,0.0666,0,1.0625,price_proxy,,,,
2020-08-07,0.5124,0.0591,0,0.5214,price_proxy,,,,
2020-08-10,0.655,0.0923,0,3.5122,price_proxy,,,,
2020-08-11,0.6263,0.0937,0,1.5111,price_proxy,,,,
2020-08-12,0.5899,0.0981,0,1.0342,price_proxy,,,,
2020-08-13,0.6258,0.1007,0,1.4456,price_proxy,,,,
2020-08-14,0.6204,0.1019,0,0.5523,price_proxy,,,,
2020-08-18,0.3216,0.1328,0,1.4817,price_proxy,,,,
2020-08-19,0.3348,0.1314,0,0.9816,price_proxy,,,,
2020-08-20,0.2418,0.1523,0,1.997,price_proxy,,,,
2020-08-21,0.2258,0.154,0,0.6182,price_proxy,,,,
2020-08-24,0.2467,0.1531,0,0.2968,price_proxy,,,,
2020-08-25,0.4589,0.1574,0,0.7439,price_proxy,,,,
2020-08-26,0.44,0.1546,0,0.5274,price_proxy,,,,
2020-08-27,0.5341,0.1565,0,0.725,price_proxy,,,,
2020-08-28,0.5134,0.157,0,0.4545,price_proxy,,,,
2020-08-31,0.51,0.1564,0,0.5384,price_proxy,,,,
2020-09-01,0.4613,0.1568,0,0.4045,price_proxy,,,,
2020-09-02,0.5782,0.166,0,1.9694,price_proxy,,,,
2020-09-03,0.5938,0.1673,0,0.7326,price_proxy,,,,
2020-09-04,0.5365,0.1678,0,0.8432,price_proxy,,,,
2020-09-07,0.5929,0.1711,0,0.8144,price_proxy,,,,
2020-09-08,0.5789,0.1504,0,1.1145,price_proxy,,,,
2020-09-09,0.5282,0.1533,0,0.903,price_proxy,,,,
2020-09-10,0.612,0.1533,0,1.0948,price_proxy,,,,
2020-09-11,0.6631,0.1501,0,0.4517,price_proxy,,,,
2020-09-14,0.5824,0.1501,0,0.9161,price_proxy,,,,
2020-09-15,0.6044,0.1236,0,1.2156,price_proxy,,,,
2020-09-16,0.5371,0.1242,0,0.7741,price_proxy,,,,
2020-09-17,0.4515,0.0968,0,0.7627,price_proxy,,,,
2020-09-18,0.4427,0.0956,0,0.8112,price_proxy,,,,
2020-09-21,0.4239,0.0986,0,0.6907,price_proxy,,,,
2020-09-22,0.3737,0.0939,0,0.5208,price_proxy,,,,
2020-09-23,0.3725,0.0939,0,0.6406,price_proxy,,,,
2020-09-24,0.4068,0.0888,0,0.7861,price_proxy,,,,
2020-09-25,0.3851,0.0895,0,0.3621,price_proxy,,,,
2020-09-28,0.443,0.0902,0,0.4595,price_proxy,,,,
2020-09-29,0.5706,0.1042,0,1.7584,price_proxy,,,,
2020-10-05,0.6815,0.1013,0,2.9101,price_proxy,,,,
2020-10-06,0.6661,0.0993,0,0.9182,price_proxy,,,,
2020-10-07,0.6911,0.0962,0,0.9715,price_proxy,,,,
2020-10-08,0.8844,0.1387,0,9.9649,price_proxy,,,,
2020-10-12,0.8039,0.1387,0,3.3657,price_proxy,,,,
2020-10-13,0.6991,0.1382,0,1.3868,price_proxy,,,,
2020-10-14,0.7105,0.1382,0,1.1846,price_proxy,,,,
2020-10-15,0.6504,0.1425,0,0.9011,price_proxy,,,,
2020-10-16,0.5628,0.1518,0,1.9763,price_proxy,,,,
2020-10-19,0.4246,0.1646,0,3.4873,price_proxy,,,,
2020-10-20,0.6027,0.1861,0,3.2076,price_proxy,,,,
2020-10-21,0.5136,0.1933,0,1.2124,price_proxy,,,,
2020-10-22,0.5112,0.197,0,0.4646,price_proxy,,,,
2020-10-23,0.4417,0.1954,0,0.245,price_proxy,,,,
2020-10-26,0.4049,0.2117,0,0.8137,price_proxy,,,,
2020-10-27,0.2481,0.2112,0,0.3896,price_proxy,,,,
2020-10-28,0.3919,0.2123,0,0.2378,price_proxy,,,,
2020-10-29,0.5111,0.2128,0,0.4291,price_proxy,,,,
2020-10-30,0.4154,0.2167,0,0.3954,price_proxy,,,,
2020-11-02,0.5235,0.2129,0,0.2029,price_proxy,,,,
2020-11-03,0.5794,0.2099,0,0.2577,price_proxy,,,,
2020-11-04,0.5486,0.2095,0,0.2155,price_proxy,,,,
2020-11-05,0.4889,0.2094,0,0.225,price_proxy,,,,
2020-11-06,0.5627,0.1801,0,0.6712,price_proxy,,,,
2020-11-09,0.6132,0.1795,0,0.3421,price_proxy,,,,
2020-11-10,0.5736,0.1796,0,0.3757,price_proxy,,,,
2020-11-11,0.6144,0.1829,0,1.4789,price_proxy,,,,
2020-11-12,0.6085,0.18,0,0.6558,price_proxy,,,,
2020-11-13,0.5884,0.1703,0,0.5582,price_proxy,,,,
2020-11-16,0.5742,0.1595,0,1.0976,price_proxy,,,,
2020-11-17,0.5573,0.1283,0,0.7632,price_proxy,,,,
2020-11-18,0.5765,0.1251,0,2.9035,price_proxy,,,,
2020-11-19,0.5369,0.1227,0,1.2248,price_proxy,,,,
2020-11-20,0.5503,0.1214,0,1.0223,price_proxy,,,,
2020-11-23,0.5159,0.0929,0,1.0007,price_proxy,,,,
2020-11-24,0.5292,0.0925,0,0.48,price_proxy,,,,
2020-11-25,0.406,0.0925,0,0.7044,price_proxy,,,,
2020-11-26,0.443,0.0866,0,0.393,price_proxy,,,,
2020-11-27,0.4226,0.0801,0,0.5843,price_proxy,,,,
2020-11-30,0.4369,0.078,0,0.7032,price_proxy,,,,
2020-12-01,0.4137,0.0744,0,0.5546,price_proxy,,,,
2020-12-02,0.4707,0.0737,0,0.3709,price_proxy,,,,
2020-12-03,0.444,0.0754,0,0.6736,price_proxy,,,,
2020-12-04,0.4248,0.0772,0,0.5877,price_proxy,,,,
2020-12-07,0.4864,0.0802,0,0.776,price_proxy,,,,
2020-12-08,0.4836,0.0804,0,0.4439,price_proxy,,,,
2020-12-09,0.5,0.0737,0,0.7243,price_proxy,,,,
2020-12-10,0.5412,0.0742,0,0.8098,price_proxy,,,,
2020-12-11,0.5586,0.0746,0,0.8538,price_proxy,,,,
2020-12-14,0.6175,0.0923,0,4.5127,price_proxy,,,,
2020-12-15,0.5992,0.0943,0,1.4773,price_proxy,,,,
2020-12-16,0.5758,0.0815,0,1.1923,price_proxy,,,,
2020-12-17,0.5726,0.0793,0,0.9731,price_proxy,,,,
2020-12-18,0.5786,0.0793,0,0.6805,price_proxy,,,,
2020-12-21,0.549,0.0852,0,4.4337,price_proxy,,,,
2020-12-22,0.5052,0.0951,0,1.5145,price_proxy,,,,
2020-12-23,0.513,0.093,0,1.0494,price_proxy,,,,
2020-12-24,0.5233,0.0934,0,0.6085,price_proxy,,,,
2020-12-28,0.5287,0.0931,0,0.7744,price_proxy,,,,
2020-12-29,0.5176,0.0961,0,1.1152,price_proxy,,,,
2020-12-30,0.6754,0.1014,0,2.4771,price_proxy,,,,
2021-01-04,0.9352,0.1666,0,5.0108,price_proxy,,,,
2021-01-05,0.9872,0.1651,0,5.3692,price_proxy,,,,
2021-01-06,0.9422,0.1661,0,1.0646,price_proxy,,,,
2021-01-07,0.897,0.166,0,0.9705,price_proxy,,,,
2021-01-08,0.8273,0.1644,0,1.6657,price_proxy,,,,
2021-01-11,0.4511,0.1788,0,1.2405,price_proxy,,,,
2021-01-12,0.4113,0.1788,0,0.6001,price_proxy,,,,
2021-01-13,0.4453,0.1782,0,0.2942,price_proxy,,,,
2021-01-14,0.4562,0.1732,0,0.4263,price_proxy,,,,
2021-01-15,0.4214,0.1721,0,0.2668,price_proxy,,,,
2021-01-18,0.4586,0.1783,0,0.4692,price_proxy,,,,
2021-01-19,0.5216,0.1821,0,0.4102,price_proxy,,,,
2021-01-20,0.5498,0.1812,0,0.552,price_proxy,,,,
2021-01-21,0.6299,0.1857,0,1.2399,price_proxy,,,,
2021-01-22,0.584,0.184,0,0.6144,price_proxy,,,,
2021-01-25,0.8608,0.2036,0,2.1135,price_proxy,,,,
2021-01-26,0.6345,0.218,0,0.931,price_proxy,,,,
2021-01-27,0.5528,0.2219,0,0.5533,price_proxy,,,,
2021-01-28,0.372,0.2269,0,0.4621,price_proxy,,,,
2021-01-29,0.2955,0.2397,0,0.5615,price_proxy,,,,
2021-02-01,0.1906,0.1961,0,0.4067,price_proxy,,,,
2021-02-02,0.332,0.1944,0,0.3338,price_proxy,,,,
2021-02-03,0.4321,0.1953,0,0.536,price_proxy,,,,
2021-02-04,0.4487,0.1973,0,0.5714,price_proxy,,,,
2021-02-05,0.6151,0.1973,0,0.3127,price_proxy,,,,
2021-02-08,0.4955,0.1916,0,0.6127,price_proxy,,,,
2021-02-09,0.4105,0.1924,0,0.4893,price_proxy,,,,
2021-02-10,0.4042,0.194,0,0.2454,price_proxy,,,,
2021-02-15,0.5789,0.204,0,0.7858,price_proxy,,,,
2021-02-16,0.5783,0.2037,0,0.5348,price_proxy,,,,
2021-02-17,0.7058,0.202,0,1.1241,price_proxy,,,,
2021-02-18,0.6989,0.1997,0,0.6402,price_proxy,,,,
2021-02-19,0.6141,0.2005,0,0.4808,price_proxy,,,,
2021-02-22,0.5401,0.1927,0,0.7198,price_proxy,,,,
2021-02-23,0.4812,0.1911,0,0.3949,price_proxy,,,,
2021-02-24,0.2992,0.1697,0,0.854,price_proxy,,,,
2021-02-25,0.4189,0.1682,0,0.7422,price_proxy,,,,
2021-02-26,0.3603,0.1729,0,1.1688,price_proxy,,,,
2021-03-02,0.3573,0.1709,0,0.8949,price_proxy,,,,
2021-03-03,0.4133,0.1521,0,1.0125,price_proxy,,,,
2021-03-04,0.5158,0.1493,0,0.7044,price_proxy,,,,
2021-03-05,0.3852,0.1499,0,0.6704,price_proxy,,,,
2021-03-08,0.4772,0.1468,0,0.8136,price_proxy,,,,
2021-03-09,0.4488,0.1444,0,2.0379,price_proxy,,,,
2021-03-10,0.4514,0.1445,0,1.0188,price_proxy,,,,
2021-03-11,0.5268,0.1443,0,1.0947,price_proxy,,,,
2021-03-12,0.5966,0.1422,0,0.7276,price_proxy,,,,
2021-03-15,0.569,0.1416,0,0.4273,price_proxy,,,,
2021-03-16,0.58,0.1259,0,0.5899,price_proxy,,,,
2021-03-17,0.6042,0.1278,0,1.7961,price_proxy,,,,
2021-03-18,0.5464,0.1222,0,0.801,price_proxy,,,,
2021-03-19,0.4978,0.121,0,0.8712,price_proxy,,,,
2021-03-22,0.5712,0.1224,0,1.8914,price_proxy,,,,
2021-03-23,0.4802,0.1238,0,0.9409,price_proxy,,,,
2021-03-24,0.4376,0.122,0,0.5276,price_proxy,,,,
2021-03-25,0.4202,0.1027,0,0.6146,price_proxy,,,,
2021-03-26,0.4583,0.0925,0,0.5558,price_proxy,,,,
2021-03-29,0.442,0.0779,0,1.1108,price_proxy,,,,
2021-03-30,0.5067,0.0746,0,0.7249,price_proxy,,,,
2021-03-31,0.5,0.0743,0,0.5644,price_proxy,,,,
2021-04-01,0.5247,0.0731,0,0.6334,price_proxy,,,,
2021-04-02,0.5202,0.0665,0,0.7971,price_proxy,,,,
2021-04-05,0.5288,0.0684,0,0.9206,price_proxy,,,,
2021-04-06,0.5265,0.0684,0,0.7857,price_proxy,,,,
2021-04-07,0.5311,0.0681,0,0.5765,price_proxy,,,,
2021-04-08,0.5644,0.0651,0,1.44,price_proxy,,,,
2021-04-09,0.5755,0.065,0,1.3201,price_proxy,,,,
2021-04-12,0.6243,0.0753,0,3.2264,price_proxy,,,,
2021-04-13,0.5699,0.0815,0,1.5689,price_proxy,,,,
2021-04-14,0.5416,0.0808,0,1.031,price_proxy,,,,
2021-04-15,0.4935,0.0811,0,0.8666,price_proxy,,,,
2021-04-16,0.4893,0.0787,0,0.7269,price_proxy,,,,
2021-04-19,0.4261,0.0758,0,0.5244,price_proxy,,,,
2021-04-20,0.5359,0.0721,0,1.0966,price_proxy,,,,
2021-04-21,0.5257,0.0765,0,2.1734,price_proxy,,,,
2021-04-22,0.7438,0.1275,0,8.3296,price_proxy,,,,
2021-04-23,0.7366,0.1276,0,2.6186,price_proxy,,,,
2021-04-26,0.7495,0.1277,0,3.5121,price_proxy,,,,
2021-04-27,0.8523,0.146,0,2.4082,price_proxy,,,,
2021-04-28,0.7751,0.1607,0,1.3313,price_proxy,,,,
2021-04-29,0.5962,0.1605,0,1.2181,price_proxy,,,,
2021-04-30,0.5673,0.1622,0,1.3794,price_proxy,,,,
2021-05-03,0.6137,0.1647,0,0.943,price_proxy,,,,
2021-05-04,0.6057,0.1764,0,10.0,price_proxy,,,,
2021-05-06,0.6767,0.1795,0,1.2552,price_proxy,,,,
2021-05-07,0.6743,0.1794,0,2.0827,price_proxy,,,,
2021-05-10,0.6674,0.1821,0,0.4667,price_proxy,,,,
2021-05-11,0.6614,0.1808,0,1.22,price_proxy,,,,
2021-05-12,0.4079,0.1897,0,0.4879,price_proxy,,,,
2021-05-13,0.3462,0.1994,0,0.3832,price_proxy,,,,
2021-05-14,0.289,0.2008,0,0.2511,price_proxy,,,,
2021-05-17,0.3712,0.2019,0,0.2153,price_proxy,,,,
2021-05-18,0.3423,0.2022,0,0.1822,price_proxy,,,,
2021-05-20,0.4737,0.2011,0,0.1546,price_proxy,,,,
2021-05-21,0.5463,0.2006,0,0.0997,price_proxy,,,,
2021-05-24,0.5,0.1788,0,0.1128,price_proxy,,,,
2021-05-25,0.5367,0.1852,0,0.1269,price_proxy,,,,
2021-05-26,0.4459,0.1876,0,0.1096,price_proxy,,,,
2021-05-27,0.4733,0.1714,0,0.1449,price_proxy,,,,
2021-05-28,0.5271,0.1613,0,0.1348,price_proxy,,,,
2021-05-31,0.7453,0.1731,0,0.527,price_proxy,,,,
2021-06-01,0.6261,0.1725,0,0.1724,price_proxy,,,,
2021-06-02,0.7593,0.1718,0,0.3524,price_proxy,,,,
2021-06-03,0.6622,0.1561,0,0.9541,price_proxy,,,,
2021-06-04,0.6429,0.1542,0,0.4252,price_proxy,,,,
2021-06-07,0.4748,0.1555,0,0.5269,price_proxy,,,,
2021-06-08,0.4831,0.1544,0,0.4669,price_proxy,,,,
2021-06-09,0.377,0.1513,0,0.5681,price_proxy,,,,
2021-06-10,0.4917,0.1471,0,1.405,price_proxy,,,,
2021-06-11,0.4917,0.1335,0,0.8997,price_proxy,,,,
2021-06-14,0.6957,0.1519,0,3.3969,price_proxy,,,,
2021-06-15,0.6538,0.1545,0,1.6356,price_proxy,,,,
2021-06-16,0.6747,0.1554,0,0.8636,price_proxy,,,,
2021-06-17,0.5837,0.1553,0,1.1047,price_proxy,,,,
2021-06-18,0.5921,0.1531,0,0.6584,price_proxy,,,,
2021-06-21,0.3682,0.1515,0,0.8615,price_proxy,,,,
2021-06-22,0.4286,0.1447,0,0.6229,price_proxy,,,,
2021-06-23,0.3876,0.1464,0,0.7292,price_proxy,,,,
2021-06-24,0.4197,0.1448,0,0.4079,price_proxy,,,,
2021-06-25,0.388,0.1457,0,0.4261,price_proxy,,,,
2021-06-28,0.4419,0.1301,0,0.5001,price_proxy,,,,
2021-06-29,0.4259,0.1298,0,0.3376,price_proxy,,,,
2021-06-30,0.4915,0.1241,0,0.3137,price_proxy,,,,
2021-07-01,0.4331,0.1237,0,0.6187,price_proxy,,,,
2021-07-02,0.4407,0.1239,0,0.5591,price_proxy,,,,
2021-07-05,0.4487,0.1221,0,0.6128,price_proxy,,,,
2021-07-06,0.4744,0.123,0,0.7234,price_proxy,,,,
2021-07-07,0.4744,0.1207,0,0.3802,price_proxy,,,,
2021-07-08,0.4481,0.1138,0,0.6447,price_proxy,,,,
2021-07-09,0.4214,0.1156,0,1.2065,price_proxy,,,,
2021-07-12,0.5088,0.0862,0,0.6459,price_proxy,,,,
2021-07-13,0.5087,0.0861,0,2.4963,price_proxy,,,,
2021-07-14,0.5866,0.0967,0,2.1167,price_proxy,,,,
2021-07-15,0.6511,0.0968,0,1.3044,price_proxy,,,,
2021-07-16,0.7,0.0967,0,2.4591,price_proxy,,,,
2021-07-19,0.5961,0.0891,0,1.8042,price_proxy,,,,
2021-07-20,0.5431,0.0895,0,0.9528,price_proxy,,,,
2021-07-21,0.4502,0.0827,0,0.6077,price_proxy,,,,
2021-07-22,0.4587,0.0812,0,0.6284,price_proxy,,,,
2021-07-23,0.4669,0.0801,0,0.4807,price_proxy,,,,
2021-07-26,0.4583,0.0808,0,0.7244,price_proxy,,,,
2021-07-27,0.5084,0.0818,0,0.6661,price_proxy,,,,
2021-07-28,0.5,0.0831,0,0.7652,price_proxy,,,,
2021-07-29,0.5591,0.0908,0,1.1076,price_proxy,,,,
2021-07-30,0.584,0.0909,0,2.0104,price_proxy,,,,
2021-08-02,0.5851,0.0921,0,0.8324,price_proxy,,,,
2021-08-03,0.5504,0.0919,0,1.3497,price_proxy,,,,
2021-08-04,0.5596,0.0926,0,0.6764,price_proxy,,,,
2021-08-05,0.5082,0.0874,0,0.7718,price_proxy,,,,
2021-08-06,0.4677,0.0829,0,0.4994,price_proxy,,,,
2021-08-09,0.4755,0.0738,0,0.5057,price_proxy,,,,
2021-08-10,0.4426,0.0769,0,1.3032,price_proxy,,,,
2021-08-11,0.4174,0.0679,0,0.9467,price_proxy,,,,
2021-08-12,0.3939,0.0676,0,0.5213,price_proxy,,,,
2021-08-13,0.3689,0.0695,0,1.6542,price_proxy,,,,
2021-08-17,0.3347,0.0736,0,0.9266,price_proxy,,,,
2021-08-18,0.3987,0.0751,0,0.7177,price_proxy,,,,
2021-08-19,0.3707,0.0828,0,1.1602,price_proxy,,,,
2021-08-20,0.2845,0.0928,0,1.1202,price_proxy,,,,
2021-08-23,0.3421,0.0948,0,0.5984,price_proxy,,,,
2021-08-24,0.4459,0.1013,0,0.7228,price_proxy,,,,
2021-08-25,0.4289,0.1001,0,0.4806,price_proxy,,,,
2021-08-26,0.5369,0.1024,0,0.5107,price_proxy,,,,
2021-08-27,0.6256,0.0916,0,0.5443,price_proxy,,,,
2021-08-30,0.6429,0.0935,0,0.4594,price_proxy,,,,
2021-08-31,0.5556,0.0937,0,0.5166,price_proxy,,,,
2021-09-01,0.5461,0.0938,0,0.4068,price_proxy,,,,
2021-09-02,0.509,0.0938,0,0.5272,price_proxy,,,,
2021-09-03,0.5727,0.098,0,0.7834,price_proxy,,,,
2021-09-06,0.5089,0.0982,0,0.4493,price_proxy,,,,
2021-09-07,0.527,0.0981,0,0.339,price_proxy,,,,
2021-09-08,0.5,0.0969,0,0.5134,price_proxy,,,,
2021-09-09,0.464,0.0962,0,0.7065,price_proxy,,,,
2021-09-10,0.4298,0.0971,0,0.734,price_proxy,,,,
2021-09-13,0.5531,0.1127,0,2.4972,price_proxy,,,,
2021-09-14,0.58,0.1086,0,1.254,price_proxy,,,,
2021-09-15,0.5631,0.1109,0,1.1226,price_proxy,,,,
2021-09-16,0.5642,0.1053,0,0.5867,price_proxy,,,,
2021-09-17,0.5818,0.0917,0,0.8884,price_proxy,,,,
2021-09-23,0.4397,0.0941,0,0.6141,price_proxy,,,,
2021-09-24,0.4145,0.0901,0,0.6186,price_proxy,,,,
2021-09-27,0.4389,0.0908,0,0.7602,price_proxy,,,,
2021-09-28,0.4378,0.0909,0,0.9605,price_proxy,,,,
2021-09-29,0.369,0.0928,0,1.1689,price_proxy,,,,
2021-09-30,0.4111,0.0892,0,0.4901,price_proxy,,,,
2021-10-01,0.375,0.0913,0,0.8318,price_proxy,,,,
2021-10-05,0.3378,0.0952,0,1.0484,price_proxy,,,,
2021-10-06,0.289,0.1041,0,1.4323,price_proxy,,,,
2021-10-07,0.3523,0.1006,0,0.7132,price_proxy,,,,
2021-10-08,0.3567,0.1017,0,0.6333,price_proxy,,,,
2021-10-12,0.3857,0.1017,0,0.4059,price_proxy,,,,
2021-10-13,0.4706,0.1038,0,0.667,price_proxy,,,,
2021-10-14,0.6128,0.1072,0,0.6952,price_proxy,,,,
2021-10-15,0.6292,0.1103,0,0.6971,price_proxy,,,,
2021-10-18,0.6543,0.094,0,0.8047,price_proxy,,,,
2021-10-19,0.6515,0.0932,0,2.1819,price_proxy,,,,
2021-10-20,0.5896,0.0919,0,1.0735,price_proxy,,,,
2021-10-21,0.4806,0.0945,0,0.672,price_proxy,,,,
2021-10-22,0.4431,0.0919,0,0.482,price_proxy,,,,
2021-10-25,0.407,0.091,0,0.3738,price_proxy,,,,
2021-10-26,0.4343,0.0915,0,0.8162,price_proxy,,,,
2021-10-27,0.4238,0.0929,0,0.8095,price_proxy,,,,
2021-10-28,0.4706,0.0916,0,0.8109,price_proxy,,,,
2021-10-29,0.4259,0.0916,0,0.9693,price_proxy,,,,
2021-11-01,0.4278,0.0912,0,0.4682,price_proxy,,,,
2021-11-02,0.4612,0.0926,0,0.7212,price_proxy,,,,
2021-11-03,0.4901,0.0878,0,0.4767,price_proxy,,,,
2021-11-04,0.4741,0.0748,0,0.7316,price_proxy,,,,
2021-11-05,0.4818,0.0743,0,0.9638,price_proxy,,,,
2021-11-08,0.4838,0.0739,0,0.8599,price_proxy,,,,
2021-11-09,0.4307,0.0736,0,0.7615,price_proxy,,,,
2021-11-10,0.5,0.0792,0,2.6161,price_proxy,,,,
2021-11-11,0.4698,0.0795,0,1.4215,price_proxy,,,,
2021-11-12,0.5654,0.0838,0,1.2088,price_proxy,,,,
2021-11-15,0.5816,0.0816,0,0.9033,price_proxy,,,,
2021-11-16,0.5821,0.0813,0,1.0854,price_proxy,,,,
2021-11-17,0.4861,0.0818,0,1.2614,price_proxy,,,,
2021-11-18,0.5266,0.0768,0,0.8816,price_proxy,,,,
2021-11-19,0.5792,0.1011,0,2.2638,price_proxy,,,,
2021-11-22,0.6373,0.1083,0,2.9738,price_proxy,,,,
2021-11-23,0.6478,0.1083,0,1.6559,price_proxy,,,,
2021-11-24,0.6142,0.1122,0,1.0845,price_proxy,,,,
2021-11-25,0.5808,0.1154,0,0.8901,price_proxy,,,,
2021-11-26,0.4048,0.1182,0,1.3085,price_proxy,,,,
2021-11-29,0.2982,0.1202,0,1.0702,price_proxy,,,,
2021-11-30,0.2394,0.1222,0,1.1313,price_proxy,,,,
2021-12-01,0.3389,0.1253,0,0.5441,price_proxy,,,,
2021-12-02,0.4068,0.1254,0,0.5277,price_proxy,,,,
2021-12-03,0.55,0.1326,0,0.8451,price_proxy,,,,
2021-12-06,0.5918,0.1326,0,0.5989,price_proxy,,,,
2021-12-07,0.6941,0.1329,0,1.0031,price_proxy,,,,
2021-12-08,0.6031,0.1314,0,1.203,price_proxy,,,,
2021-12-09,0.5672,0.1276,0,0.982,price_proxy,,,,
2021-12-10,0.4707,0.1228,0,0.4353,price_proxy,,,,
2021-12-13,0.4902,0.1228,0,5.72,price_proxy,,,,
2021-12-14,0.5577,0.133,0,4.3663,price_proxy,,,,
2021-12-15,0.549,0.1343,0,1.1589,price_proxy,,,,
2021-12-16,0.7857,0.1753,0,6.2607,price_proxy,,,,
2021-12-17,0.7574,0.1672,0,2.593,price_proxy,,,,
2021-12-20,0.7059,0.1639,0,1.5013,price_proxy,,,,
2021-12-21,0.5935,0.164,0,5.0106,price_proxy,,,,
2021-12-22,0.6435,0.1596,0,0.8213,price_proxy,,,,
2021-12-23,0.4655,0.1573,0,1.0083,price_proxy,,,,
2021-12-24,0.5175,0.1525,0,0.827,price_proxy,,,,
2021-12-27,0.5711,0.1494,0,3.1854,price_proxy,,,,
2021-12-28,0.6071,0.1419,0,1.1411,price_proxy,,,,
2021-12-29,0.5804,0.1435,0,0.7651,price_proxy,,,,
2021-12-30,0.5789,0.1437,0,0.6848,price_proxy,,,,
2022-01-03,0.7348,0.1605,0,1.9128,price_proxy,,,,
2022-01-04,0.7747,0.1612,0,6.6663,price_proxy,,,,
2022-01-05,0.8051,0.1618,0,2.0934,price_proxy,,,,
2022-01-06,0.8777,0.1575,0,1.652,price_proxy,,,,
2022-01-07,0.8207,0.1579,0,1.3543,price_proxy,,,,
2022-01-10,0.6012,0.1605,0,0.8237,price_proxy,,,,
2022-01-11,0.4623,0.1698,0,0.648,price_proxy,,,,
2022-01-12,0.4338,0.1649,0,0.3803,price_proxy,,,,
2022-01-13,0.37,0.1631,0,0.3189,price_proxy,,,,
2022-01-14,0.3764,0.1207,0,0.3069,price_proxy,,,,
2022-01-17,0.3593,0.1233,0,0.4455,price_proxy,,,,
2022-01-18,0.3769,0.1269,0,0.4284,price_proxy,,,,
2022-01-19,0.3099,0.1303,0,0.4321,price_proxy,,,,
2022-01-20,0.3764,0.1315,0,0.275,price_proxy,,,,
2022-01-21,0.2984,0.1406,0,0.4553,price_proxy,,,,
2022-01-24,0.3566,0.1404,0,0.4166,price_proxy,,,,
2022-01-25,0.3525,0.1435,0,0.4108,price_proxy,,,,
2022-01-26,0.4748,0.1493,0,0.4465,price_proxy,,,,
2022-01-27,0.3765,0.1521,0,0.4497,price_proxy,,,,
2022-01-28,0.5862,0.165,0,0.4154,price_proxy,,,,
2022-02-03,0.603,0.1376,0,0.5524,price_proxy,,,,
2022-02-04,0.7655,0.1422,0,0.8643,price_proxy,,,,
2022-02-07,0.6702,0.1388,0,0.5063,price_proxy,,,,
2022-02-08,0.6404,0.1429,0,0.873,price_proxy,,,,
2022-02-09,0.5165,0.1431,0,0.3958,price_proxy,,,,
2022-02-10,0.4592,0.1429,0,0.774,price_proxy,,,,
2022-02-11,0.3359,0.1397,0,0.7429,price_proxy,,,,
2022-02-14,0.2647,0.144,0,0.6819,price_proxy,,,,
2022-02-15,0.3033,0.1446,0,0.7957,price_proxy,,,,
2022-02-16,0.3852,0.1552,0,0.6621,price_proxy,,,,
2022-02-17,0.3833,0.1539,0,0.805,price_proxy,,,,
2022-02-18,0.483,0.1561,0,0.6895,price_proxy,,,,
2022-02-21,0.5533,0.1542,0,0.4823,price_proxy,,,,
2022-02-22,0.5545,0.1537,0,0.4314,price_proxy,,,,
2022-02-23,0.5609,0.1554,0,0.8508,price_proxy,,,,
2022-02-24,0.5265,0.1598,0,0.7896,price_proxy,,,,
2022-02-25,0.5429,0.1615,0,1.1544,price_proxy,,,,
2022-02-28,0.5606,0.1562,0,0.7044,price_proxy,,,,
2022-03-02,0.5885,0.1528,0,0.5912,price_proxy,,,,
2022-03-03,0.5,0.1379,0,0.5774,price_proxy,,,,
2022-03-04,0.5786,0.1372,0,0.5929,price_proxy,,,,
2022-03-07,0.4244,0.1324,0,0.7264,price_proxy,,,,
2022-03-08,0.3908,0.133,0,0.846,price_proxy,,,,
2022-03-10,0.4153,0.1267,0,0.7166,price_proxy,,,,
2022-03-11,0.3987,0.1266,0,0.4367,price_proxy,,,,
2022-03-14,0.3908,0.1258,0,0.8384,price_proxy,,,,
2022-03-15,0.4651,0.1243,0,0.5058,price_proxy,,,,
2022-03-16,0.5889,0.1248,0,0.9341,price_proxy,,,,
2022-03-17,0.7389,0.1441,0,4.8081,price_proxy,,,,
2022-03-18,0.8644,0.1461,0,4.9105,price_proxy,,,,
2022-03-21,0.8911,0.1434,0,2.0508,price_proxy,,,,
2022-03-22,0.9178,0.1413,0,1.1741,price_proxy,,,,
2022-03-23,0.8234,0.1402,0,0.9504,price_proxy,,,,
2022-03-24,0.6581,0.1365,0,0.8452,price_proxy,,,,
2022-03-25,0.5677,0.1294,0,2.3651,price_proxy,,,,
2022-03-28,0.5892,0.1215,0,2.403,price_proxy,,,,
2022-03-29,0.5,0.125,0,1.0314,price_proxy,,,,
2022-03-30,0.5366,0.1257,0,1.1027,price_proxy,,,,
2022-03-31,0.5733,0.1247,0,0.7363,price_proxy,,,,
2022-04-01,0.5364,0.1264,0,0.545,price_proxy,,,,
2022-04-04,0.6851,0.1568,0,3.3826,price_proxy,,,,
2022-04-05,0.7868,0.146,0,1.0199,price_proxy,,,,
2022-04-06,0.6871,0.1475,0,0.642,price_proxy,,,,
2022-04-07,0.6767,0.147,0,0.8738,price_proxy,,,,
2022-04-08,0.5857,0.1626,0,1.0624,price_proxy,,,,
2022-04-11,0.3697,0.1653,0,0.568,price_proxy,,,,
2022-04-12,0.3392,0.1657,0,0.4826,price_proxy,,,,
2022-04-13,0.4013,0.1618,0,0.3314,price_proxy,,,,
2022-04-14,0.4156,0.145,0,0.3085,price_proxy,,,,
2022-04-15,0.5548,0.1372,0,0.3527,price_proxy,,,,
2022-04-18,0.5906,0.1372,0,0.9154,price_proxy,,,,
2022-04-19,0.5979,0.1373,0,0.4134,price_proxy,,,,
2022-04-20,0.5415,0.1392,0,0.4372,price_proxy,,,,
2022-04-21,0.6153,0.1501,0,1.5638,price_proxy,,,,
2022-04-22,0.5667,0.1508,0,1.3273,price_proxy,,,,
2022-04-25,0.5533,0.1504,0,0.6399,price_proxy,,,,
2022-04-26,0.5933,0.1452,0,0.8174,price_proxy,,,,
2022-04-27,0.6831,0.1456,0,1.0228,price_proxy,,,,
2022-04-28,0.5769,0.1452,0,0.9314,price_proxy,,,,
2022-04-29,0.6097,0.1438,0,0.5229,price_proxy,,,,
2022-05-02,0.6883,0.1086,0,0.838,price_proxy,,,,
2022-05-03,0.6911,0.1096,0,0.7862,price_proxy,,,,
2022-05-04,0.5,0.1291,0,1.4153,price_proxy,,,,
2022-05-06,0.4815,0.1288,0,0.739,price_proxy,,,,
2022-05-09,0.3532,0.1309,0,1.1941,price_proxy,,,,
2022-05-10,0.316,0.1293,0,1.1134,price_proxy,,,,
2022-05-11,0.2209,0.1348,0,0.8314,price_proxy,,,,
2022-05-12,0.3758,0.1359,0,1.3904,price_proxy,,,,
2022-05-13,0.4564,0.1403,0,0.6972,price_proxy,,,,
2022-05-16,0.566,0.1397,0,0.4465,price_proxy,,,,
2022-05-17,0.6111,0.1431,0,0.5066,price_proxy,,,,
2022-05-18,0.6757,0.1432,0,0.4258,price_proxy,,,,
2022-05-19,0.6391,0.1414,0,0.5969,price_proxy,,,,
2022-05-20,0.6146,0.1314,0,0.8738,price_proxy,,,,
2022-05-23,0.6342,0.131,0,0.8837,price_proxy,,,,
2022-05-24,0.6486,0.1354,0,1.8547,price_proxy,,,,
2022-05-25,0.8789,0.1701,0,5.5348,price_proxy,,,,
2022-05-26,0.692,0.1921,0,2.0679,price_proxy,,,,
2022-05-27,0.6145,0.1926,0,0.5922,price_proxy,,,,
2022-05-30,0.6138,0.1926,0,0.4807,price_proxy,,,,
2022-05-31,0.5922,0.1922,0,0.7935,price_proxy,,,,
2022-06-02,0.4217,0.1917,0,0.4749,price_proxy,,,,
2022-06-03,0.5734,0.1763,0,0.3997,price_proxy,,,,
2022-06-07,0.5798,0.1765,0,0.3391,price_proxy,,,,
2022-06-08,0.5397,0.1638,0,0.4397,price_proxy,,,,
2022-06-09,0.4835,0.1641,0,0.464,price_proxy,,,,
2022-06-10,0.4293,0.1596,0,0.3133,price_proxy,,,,
2022-06-13,0.3529,0.1682,0,0.8322,price_proxy,,,,
2022-06-14,0.3849,0.1642,0,0.7223,price_proxy,,,,
2022-06-15,0.2944,0.1786,0,0.9859,price_proxy,,,,
2022-06-16,0.3167,0.1759,0,0.5059,price_proxy,,,,
2022-06-17,0.393,0.178,0,0.6529,price_proxy,,,,
2022-06-20,0.3941,0.1841,0,0.5802,price_proxy,,,,
2022-06-21,0.2849,0.1879,0,0.9073,price_proxy,,,,
2022-06-22,0.3204,0.1921,0,0.742,price_proxy,,,,
2022-06-23,0.182,0.195,0,1.2759,price_proxy,,,,
2022-06-24,0.256,0.1753,0,1.4041,price_proxy,,,,
2022-06-27,0.4006,0.1677,0,0.8406,price_proxy,,,,
2022-06-28,0.4609,0.168,0,0.8944,price_proxy,,,,
2022-06-29,0.3367,0.1955,0,3.5156,price_proxy,,,,
2022-06-30,0.3836,0.1921,0,1.8993,price_proxy,,,,
2022-07-01,0.222,0.1892,0,1.9231,price_proxy,,,,
2022-07-04,0.134,0.1885,0,1.8791,price_proxy,,,,
2022-07-05,0.2143,0.1956,0,1.3808,price_proxy,,,,
2022-07-06,0.337,0.197,0,1.3689,price_proxy,,,,
2022-07-07,0.4768,0.2033,0,0.8953,price_proxy,,,,
2022-07-08,0.5236,0.2044,0,1.2766,price_proxy,,,,
2022-07-11,0.612,0.2067,0,1.0707,price_proxy,,,,
2022-07-12,0.4612,0.2073,0,0.7645,price_proxy,,,,
2022-07-13,0.629,0.2091,0,1.003,price_proxy,,,,
2022-07-14,0.5703,0.2082,0,0.633,price_proxy,,,,
2022-07-15,0.5467,0.2041,0,0.5816,price_proxy,,,,
2022-07-18,0.5833,0.2096,0,0.866,price_proxy,,,,
2022-07-19,0.6423,0.2052,0,0.6145,price_proxy,,,,
2022-07-20,0.5455,0.201,0,0.7784,price_proxy,,,,
2022-07-21,0.583,0.1905,0,0.8867,price_proxy,,,,
2022-07-22,0.538,0.175,0,0.561,price_proxy,,,,
2022-07-25,0.4709,0.1698,0,0.4493,price_proxy,,,,
2022-07-26,0.5221,0.1702,0,0.3839,price_proxy,,,,
2022-07-27,0.5815,0.1321,0,1.1797,price_proxy,,,,
2022-07-28,0.6087,0.1273,0,1.5362,price_proxy,,,,
2022-07-29,0.694,0.1241,0,0.9901,price_proxy,,,,
2022-08-01,0.8395,0.1419,0,3.5808,price_proxy,,,,
2022-08-02,0.8577,0.1404,0,2.5074,price_proxy,,,,
2022-08-03,0.8488,0.1288,0,1.1235,price_proxy,,,,
2022-08-04,0.7955,0.1273,0,0.8705,price_proxy,,,,
2022-08-05,0.7517,0.1292,0,0.6708,price_proxy,,,,
2022-08-08,0.6388,0.1289,0,1.0754,price_proxy,,,,
2022-08-09,0.6176,0.1138,0,0.9318,price_proxy,,,,
2022-08-10,0.603,0.1094,0,0.8528,price_proxy,,,,
2022-08-11,0.5479,0.1131,0,0.7112,price_proxy,,,,
2022-08-12,0.5604,0.1122,0,1.8923,price_proxy,,,,
2022-08-16,0.5295,0.1063,0,0.5986,price_proxy,,,,
2022-08-17,0.5409,0.1022,0,0.661,price_proxy,,,,
2022-08-18,0.5346,0.1006,0,0.9928,price_proxy,,,,
2022-08-19,0.4649,0.1194,0,0.8311,price_proxy,,,,
2022-08-22,0.4413,0.1148,0,0.5886,price_proxy,,,,
2022-08-23,0.4302,0.1151,0,0.5455,price_proxy,,,,
2022-08-24,0.4198,0.1151,0,0.3971,price_proxy,,,,
2022-08-25,0.398,0.1143,0,0.4672,price_proxy,,,,
2022-08-26,0.381,0.1298,0,1.1593,price_proxy,,,,
2022-08-29,0.3731,0.132,0,0.7011,price_proxy,,,,
2022-08-30,0.4036,0.1041,0,0.465,price_proxy,,,,
2022-08-31,0.4403,0.1066,0,0.8291,price_proxy,,,,
2022-09-01,0.3866,0.1079,0,0.7466,price_proxy,,,,
2022-09-02,0.5316,0.1085,0,0.6371,price_proxy,,,,
2022-09-05,0.5258,0.1104,0,0.5196,price_proxy,,,,
2022-09-06,0.5,0.1069,0,0.5792,price_proxy,,,,
2022-09-07,0.42,0.1064,0,0.5716,price_proxy,,,,
2022-09-08,0.5063,0.1067,0,0.7204,price_proxy,,,,
2022-09-13,0.6869,0.1585,0,3.0018,price_proxy,,,,
2022-09-14,0.7803,0.1595,0,2.2529,price_proxy,,,,
2022-09-15,1.0,0.2218,0,7.0193,price_proxy,,,,
2022-09-16,1.0,0.2217,0,2.5857,price_proxy,,,,
2022-09-19,1.0,0.2255,0,2.0582,price_proxy,,,,
2022-09-20,1.0,0.234,0,3.2881,price_proxy,,,,
2022-09-21,0.8352,0.2434,0,1.6572,price_proxy,,,,
2022-09-22,0.4903,0.246,0,2.0362,price_proxy,,,,
2022-09-23,0.4712,0.2462,0,1.1636,price_proxy,,,,
2022-09-26,0.4109,0.257,0,1.2153,price_proxy,,,,
2022-09-27,0.3235,0.2488,0,1.0101,price_proxy,,,,
2022-09-28,0.2321,0.2756,0,1.093,price_proxy,,,,
2022-09-29,0.2115,0.279,0,0.9459,price_proxy,,,,
2022-09-30,0.1878,0.2785,0,0.8995,price_proxy,,,,
2022-10-04,0.329,0.2765,0,0.5402,price_proxy,,,,
2022-10-05,0.1923,0.2797,0,0.592,price_proxy,,,,
2022-10-06,0.5166,0.2864,0,0.8956,price_proxy,,,,
2022-10-07,0.7229,0.2926,0,1.5887,price_proxy,,,,
2022-10-11,0.7832,0.2912,0,0.7125,price_proxy,,,,
2022-10-12,0.6926,0.2934,0,0.5098,price_proxy,,,,
2022-10-13,0.5821,0.2894,0,0.5784,price_proxy,,,,
2022-10-14,0.511,0.2908,0,0.4026,price_proxy,,,,
2022-10-17,0.4332,0.2435,0,0.5047,price_proxy,,,,
2022-10-18,0.4291,0.2435,0,0.5836,price_proxy,,,,
2022-10-19,0.4276,0.2427,0,0.4956,price_proxy,,,,
2022-10-20,0.5507,0.218,0,0.5512,price_proxy,,,,
2022-10-21,0.4292,0.2132,0,0.3511,price_proxy,,,,
2022-10-24,0.4255,0.2148,0,0.4824,price_proxy,,,,
2022-10-25,0.3793,0.2147,0,0.3444,price_proxy,,,,
2022-10-26,0.2694,0.2214,0,1.2067,price_proxy,,,,
2022-10-27,0.3242,0.2146,0,0.4931,price_proxy,,,,
2022-10-28,0.3588,0.1878,0,0.4398,price_proxy,,,,
2022-10-31,0.3343,0.1854,0,0.3077,price_proxy,,,,
2022-11-01,0.4218,0.1893,0,0.6153,price_proxy,,,,
2022-11-02,0.5242,0.1905,0,0.4791,price_proxy,,,,
2022-11-03,0.5482,0.1881,0,0.468,price_proxy,,,,
2022-11-04,0.5851,0.1717,0,0.6595,price_proxy,,,,
2022-11-07,0.5542,0.1538,0,0.3537,price_proxy,,,,
2022-11-08,0.593,0.166,0,1.5295,price_proxy,,,,
2022-11-09,0.6377,0.1651,0,0.7696,price_proxy,,,,
2022-11-10,0.4706,0.1542,0,1.4157,price_proxy,,,,
2022-11-11,0.4767,0.1499,0,1.0751,price_proxy,,,,
2022-11-14,0.4707,0.1466,0,0.7133,price_proxy,,,,
2022-11-15,0.4667,0.1584,0,1.3938,price_proxy,,,,
2022-11-16,0.4888,0.1572,0,0.6972,price_proxy,,,,
2022-11-17,0.6731,0.1577,0,2.0503,price_proxy,,,,
2022-11-18,0.677,0.1551,0,2.146,price_proxy,,,,
2022-11-21,0.6429,0.1559,0,1.0121,price_proxy,,,,
2022-11-22,0.5734,0.1566,0,1.2757,price_proxy,,,,
2022-11-23,0.5845,0.1287,0,0.5761,price_proxy,,,,
2022-11-24,0.5549,0.1288,0,0.9659,price_proxy,,,,
2022-11-25,0.5163,0.1283,0,0.5853,price_proxy,,,,
2022-11-28,0.4778,0.1386,0,0.946,price_proxy,,,,
2022-11-29,0.451,0.1339,0,0.4805,price_proxy,,,,
2022-11-30,0.3811,0.1336,0,0.6612,price_proxy,,,,
2022-12-01,0.3877,0.1331,0,0.4835,price_proxy,,,,
2022-12-02,0.3763,0.1337,0,0.4237,price_proxy,,,,
2022-12-05,0.4719,0.1335,0,0.372,price_proxy,,,,
2022-12-06,0.4106,0.122,0,0.4278,price_proxy,,,,
2022-12-07,0.4655,0.1218,0,0.3432,price_proxy,,,,
2022-12-08,0.449,0.102,0,0.367,price_proxy,,,,
2022-12-09,0.4713,0.1014,0,0.3983,price_proxy,,,,
2022-12-12,0.4373,0.1017,0,0.3076,price_proxy,,,,
2022-12-13,0.4883,0.0829,0,0.5043,price_proxy,,,,
2022-12-14,0.5292,0.0862,0,0.4013,price_proxy,,,,
2022-12-15,0.5407,0.0824,0,0.6721,price_proxy,,,,
2022-12-16,0.4942,0.0834,0,0.6641,price_proxy,,,,
2022-12-19,0.5588,0.0836,0,0.9401,price_proxy,,,,
2022-12-20,0.5647,0.0806,0,1.7618,price_proxy,,,,
2022-12-21,0.5058,0.08,0,0.595,price_proxy,,,,
2022-12-22,0.4886,0.0788,0,0.6858,price_proxy,,,,
2022-12-23,0.4708,0.0843,0,1.1135,price_proxy,,,,
2022-12-26,0.4143,0.0729,0,1.0438,price_proxy,,,,
2022-12-27,0.4829,0.085,0,1.459,price_proxy,,,,
2022-12-28,0.5057,0.0797,0,1.0814,price_proxy,,,,
2022-12-29,0.4713,0.0795,0,0.842,price_proxy,,,,
2023-01-02,0.4349,0.0942,0,1.7352,price_proxy,,,,
2023-01-03,0.6015,0.1264,0,3.8216,price_proxy,,,,
2023-01-04,0.5632,0.1244,0,1.9087,price_proxy,,,,
2023-01-05,0.4828,0.1311,0,1.6889,price_proxy,,,,
2023-01-06,0.5988,0.1386,0,2.4497,price_proxy,,,,
2023-01-09,0.8119,0.1463,0,3.3074,price_proxy,,,,
2023-01-10,0.6875,0.1456,0,4.8646,price_proxy,,,,
2023-01-11,0.6114,0.1474,0,1.4996,price_proxy,,,,
2023-01-12,0.5983,0.1549,0,1.342,price_proxy,,,,
2023-01-13,0.5665,0.1569,0,0.8849,price_proxy,,,,
2023-01-16,0.4524,0.155,0,0.8437,price_proxy,,,,
2023-01-17,0.4584,0.1551,0,0.8338,price_proxy,,,,
2023-01-18,0.558,0.1584,0,1.8075,price_proxy,,,,
2023-01-19,0.6157,0.1593,0,1.1536,price_proxy,,,,
2023-01-20,0.6233,0.1616,0,1.4307,price_proxy,,,,
2023-01-25,0.7114,0.1574,0,1.818,price_proxy,,,,
2023-01-26,0.5085,0.1791,0,3.0977,price_proxy,,,,
2023-01-27,0.4795,0.1762,0,1.0285,price_proxy,,,,
2023-01-30,0.4698,0.1784,0,0.6353,price_proxy,,,,
2023-01-31,0.503,0.1829,0,1.589,price_proxy,,,,
2023-02-01,0.4412,0.1718,0,2.1188,price_proxy,,,,
2023-02-02,0.593,0.1553,0,0.6349,price_proxy,,,,
2023-02-03,0.4896,0.1593,0,0.5146,price_proxy,,,,
2023-02-06,0.4577,0.1592,0,0.4873,price_proxy,,,,
2023-02-07,0.4012,0.154,0,0.2498,price_proxy,,,,
2023-02-08,0.4283,0.1464,0,0.2556,price_proxy,,,,
2023-02-09,0.3859,0.1469,0,0.2846,price_proxy,,,,
2023-02-10,0.4281,0.1463,0,0.3294,price_proxy,,,,
2023-02-13,0.5475,0.1408,0,0.2707,price_proxy,,,,
2023-02-14,0.4936,0.1383,0,0.2849,price_proxy,,,,
2023-02-15,0.4036,0.1425,0,0.3973,price_proxy,,,,
2023-02-16,0.4764,0.1416,0,0.2331,price_proxy,,,,
2023-02-17,0.4849,0.1361,0,0.196,price_proxy,,,,
2023-02-20,0.4694,0.1366,0,0.3024,price_proxy,,,,
2023-02-21,0.4659,0.132,0,0.3841,price_proxy,,,,
2023-02-22,0.5528,0.1276,0,0.8004,price_proxy,,,,
2023-02-23,0.6116,0.1134,0,1.7492,price_proxy,,,,
2023-02-24,0.5795,0.1138,0,1.3373,price_proxy,,,,
2023-02-27,0.6597,0.1255,0,3.1794,price_proxy,,,,
2023-02-28,0.6321,0.1177,0,1.4673,price_proxy,,,,
2023-03-02,0.5483,0.122,0,1.2382,price_proxy,,,,
2023-03-03,0.4333,0.1226,0,1.3344,price_proxy,,,,
2023-03-06,0.5157,0.1207,0,1.2233,price_proxy,,,,
2023-03-07,0.364,0.1172,0,0.683,price_proxy,,,,
2023-03-08,0.3873,0.1161,0,0.8129,price_proxy,,,,
2023-03-09,0.877,0.263,0,10.0,price_proxy,,,,
2023-03-10,1.0,0.2635,0,5.7752,price_proxy,,,,
2023-03-13,0.8429,0.2718,0,1.7757,price_proxy,,,,
2023-03-14,0.8802,0.2722,0,4.0561,price_proxy,,,,
2023-03-15,1.0,0.3786,0,5.0543,price_proxy,,,,
2023-03-16,1.0,0.3752,0,3.4362,price_proxy,,,,
2023-03-17,0.9916,0.3768,0,2.2521,price_proxy,,,,
2023-03-20,1.0,0.3758,0,0.6993,price_proxy,,,,
2023-03-21,1.0,0.379,0,1.1131,price_proxy,,,,
2023-03-22,0.8659,0.3763,0,1.4833,price_proxy,,,,
2023-03-23,0.7781,0.3757,0,1.3124,price_proxy,,,,
2023-03-24,0.7934,0.3771,0,0.41,price_proxy,,,,
2023-03-27,1.0,0.3932,0,1.1776,price_proxy,,,,
2023-03-28,0.7523,0.4114,0,0.4622,price_proxy,,,,
2023-03-29,0.6111,0.4122,0,0.2968,price_proxy,,,,
2023-03-30,0.7,0.4073,0,0.5929,price_proxy,,,,
2023-03-31,0.4412,0.4366,0,0.3205,price_proxy,,,,
2023-04-03,0.2088,0.4369,0,0.1953,price_proxy,,,,
2023-04-04,0.2981,0.4375,0,0.185,price_proxy,,,,
2023-04-05,0.3947,0.4351,0,0.1943,price_proxy,,,,
2023-04-06,0.2968,0.3812,0,0.216,price_proxy,,,,
2023-04-07,0.5394,0.3807,0,0.2285,price_proxy,,,,
2023-04-10,0.4253,0.3787,0,0.2782,price_proxy,,,,
2023-04-11,0.6262,0.381,0,0.578,price_proxy,,,,
2023-04-12,0.548,0.278,0,1.2373,price_proxy,,,,
2023-04-13,0.4315,0.2792,0,0.3972,price_proxy,,,,
2023-04-14,0.393,0.2801,0,0.2974,price_proxy,,,,
2023-04-17,0.4658,0.2803,0,0.2971,price_proxy,,,,
2023-04-18,0.2829,0.2706,0,0.2754,price_proxy,,,,
2023-04-19,0.2889,0.2673,0,0.2566,price_proxy,,,,
2023-04-20,0.3398,0.2666,0,0.4226,price_proxy,,,,
2023-04-21,0.2991,0.2691,0,1.3665,price_proxy,,,,
2023-04-24,0.3199,0.204,0,0.4766,price_proxy,,,,
2023-04-25,0.3247,0.1923,0,0.4307,price_proxy,,,,
2023-04-26,0.2902,0.1923,0,0.3415,price_proxy,,,,
2023-04-27,0.4095,0.184,0,0.4258,price_proxy,,,,
2023-04-28,0.3709,0.1524,0,1.0025,price_proxy,,,,
2023-05-02,0.4861,0.1715,0,0.4462,price_proxy,,,,
2023-05-03,0.5142,0.17,0,0.3644,price_proxy,,,,
2023-05-04,0.6282,0.1704,0,0.5628,price_proxy,,,,
2023-05-08,0.7246,0.199,0,1.6363,price_proxy,,,,
2023-05-09,0.8769,0.1991,0,1.3371,price_proxy,,,,
2023-05-10,0.6503,0.1972,0,0.6722,price_proxy,,,,
2023-05-11,0.7367,0.1825,0,1.0096,price_proxy,,,,
2023-05-12,0.7031,0.1829,0,0.72,price_proxy,,,,
2023-05-15,0.4369,0.1807,0,0.7111,price_proxy,,,,
2023-05-16,0.3305,0.1872,0,0.6821,price_proxy,,,,
2023-05-17,0.4057,0.1874,0,0.3362,price_proxy,,,,
2023-05-18,0.5032,0.2057,0,1.3981,price_proxy,,,,
2023-05-19,0.5438,0.2075,0,1.0686,price_proxy,,,,
2023-05-22,0.6075,0.2063,0,0.6747,price_proxy,,,,
2023-05-23,0.7779,0.201,0,1.2081,price_proxy,,,,
2023-05-24,0.6843,0.2065,0,0.6332,price_proxy,,,,
2023-05-25,0.5032,0.2043,0,0.6136,price_proxy,,,,
2023-05-26,0.3991,0.2031,0,0.4158,price_proxy,,,,
2023-05-30,0.534,0.2071,0,1.258,price_proxy,,,,
2023-05-31,0.5301,0.1933,0,1.1644,price_proxy,,,,
2023-06-01,0.6125,0.1834,0,0.8837,price_proxy,,,,
2023-06-02,0.7142,0.1848,0,2.9872,price_proxy,,,,
2023-06-05,0.748,0.1851,0,0.5842,price_proxy,,,,
2023-06-07,0.6155,0.1615,0,0.6041,price_proxy,,,,
2023-06-08,0.5712,0.1616,0,0.6634,price_proxy,,,,
2023-06-09,0.5621,0.1557,0,0.4979,price_proxy,,,,
2023-06-12,0.4289,0.1575,0,0.5922,price_proxy,,,,
2023-06-13,0.4513,0.1573,0,0.529,price_proxy,,,,
2023-06-14,0.3879,0.1556,0,0.6658,price_proxy,,,,
2023-06-15,0.3854,0.1434,0,0.384,price_proxy,,,,
2023-06-16,0.3996,0.1434,0,0.3551,price_proxy,,,,
2023-06-19,0.5,0.1183,0,0.7191,price_proxy,,,,
2023-06-20,0.4765,0.1146,0,0.49,price_proxy,,,,
2023-06-21,0.4056,0.1371,0,1.0664,price_proxy,,,,
2023-06-22,0.3723,0.1344,0,0.5739,price_proxy,,,,
2023-06-23,0.3278,0.1305,0,0.5807,price_proxy,,,,
2023-06-26,0.2522,0.1314,0,0.4347,price_proxy,,,,
2023-06-27,0.2623,0.1297,0,0.4241,price_proxy,,,,
2023-06-28,0.3946,0.1101,0,0.4343,price_proxy,,,,
2023-06-29,0.4253,0.1054,0,0.301,price_proxy,,,,
2023-06-30,0.4702,0.1057,0,0.429,price_proxy,,,,
2023-07-03,0.5269,0.0944,0,0.4877,price_proxy,,,,
2023-07-04,0.5,0.0947,0,0.5466,price_proxy,,,,
2023-07-05,0.5,0.095,0,0.626,price_proxy,,,,
2023-07-06,0.4359,0.0975,0,0.7748,price_proxy,,,,
2023-07-07,0.4195,0.0973,0,0.5346,price_proxy,,,,
2023-07-10,0.3538,0.0968,0,0.9235,price_proxy,,,,
2023-07-11,0.4258,0.1019,0,0.585,price_proxy,,,,
2023-07-12,0.446,0.0993,0,0.6697,price_proxy,,,,
2023-07-13,0.5174,0.0995,0,0.6719,price_proxy,,,,
2023-07-14,0.486,0.0994,0,0.8505,price_proxy,,,,
2023-07-17,0.6971,0.1319,0,2.3878,price_proxy,,,,
2023-07-18,0.5736,0.1356,0,1.1101,price_proxy,,,,
2023-07-19,0.6317,0.1235,0,1.8299,price_proxy,,,,
2023-07-20,0.7487,0.137,0,3.3895,price_proxy,,,,
2023-07-21,0.7465,0.1374,0,3.0217,price_proxy,,,,
2023-07-24,0.5946,0.1354,0,1.4735,price_proxy,,,,
2023-07-25,0.5304,0.1535,0,1.1971,price_proxy,,,,
2023-07-26,0.3634,0.1616,0,1.4291,price_proxy,,,,
2023-07-27,0.3003,0.1636,0,1.2247,price_proxy,,,,
2023-07-28,0.3809,0.1655,0,0.6931,price_proxy,,,,
2023-07-31,0.4907,0.1788,0,1.6836,price_proxy,,,,
2023-08-01,0.6597,0.178,0,1.8697,price_proxy,,,,
2023-08-02,0.678,0.1839,0,1.651,price_proxy,,,,
2023-08-03,0.6843,0.1809,0,0.9207,price_proxy,,,,
2023-08-04,0.78,0.1923,0,3.0208,price_proxy,,,,
2023-08-07,0.5563,0.196,0,2.9807,price_proxy,,,,
2023-08-08,0.5339,0.1954,0,0.8081,price_proxy,,,,
2023-08-09,0.5769,0.1974,0,0.726,price_proxy,,,,
2023-08-10,0.4625,0.2013,0,0.6345,price_proxy,,,,
2023-08-11,0.3918,0.2012,0,0.7149,price_proxy,,,,
2023-08-14,0.4939,0.1847,0,0.608,price_proxy,,,,
2023-08-16,0.3242,0.202,0,0.685,price_proxy,,,,
2023-08-17,0.3302,0.1983,0,0.475,price_proxy,,,,
2023-08-18,0.3408,0.1882,0,0.3401,price_proxy,,,,
2023-08-21,0.2805,0.1875,0,0.2842,price_proxy,,,,
2023-08-22,0.2282,0.1876,0,0.2872,price_proxy,,,,
2023-08-23,0.3738,0.1759,0,0.2523,price_proxy,,,,
2023-08-24,0.4899,0.1759,0,0.5005,price_proxy,,,,
2023-08-25,0.5069,0.1754,0,0.2118,price_proxy,,,,
2023-08-28,0.5799,0.1771,0,0.428,price_proxy,,,,
2023-08-29,0.6343,0.1622,0,0.2756,price_proxy,,,,
2023-08-30,0.6383,0.161,0,0.4272,price_proxy,,,,
2023-08-31,0.7203,0.1816,0,2.4068,price_proxy,,,,
2023-09-01,0.7276,0.1806,0,2.0234,price_proxy,,,,
2023-09-04,0.9708,0.227,0,10.0,price_proxy,,,,
2023-09-05,0.9702,0.2215,0,1.9304,price_proxy,,,,
2023-09-06,0.9212,0.2236,0,1.73,price_proxy,,,,
2023-09-07,0.9397,0.2405,0,6.0632,price_proxy,,,,
2023-09-08,1.0,0.2384,0,2.2767,price_proxy,,,,
2023-09-11,0.7081,0.2414,0,2.7451,price_proxy,,,,
2023-09-12,0.5617,0.2531,0,0.974,price_proxy,,,,
2023-09-13,0.4918,0.2433,0,0.7632,price_proxy,,,,
2023-09-14,0.4174,0.2456,0,1.0967,price_proxy,,,,
2023-09-15,0.2372,0.2519,0,0.3549,price_proxy,,,,
2023-09-18,0.2699,0.2521,0,0.217,price_proxy,,,,
2023-09-19,0.435,0.2503,0,0.4611,price_proxy,,,,
2023-09-20,0.5688,0.2495,0,0.4975,price_proxy,,,,
2023-09-21,0.3198,0.264,0,0.2697,price_proxy,,,,
2023-09-22,0.7283,0.3073,0,2.1645,price_proxy,,,,
2023-09-25,0.6411,0.3139,0,0.8784,price_proxy,,,,
2023-09-26,0.5806,0.3143,0,1.0417,price_proxy,,,,
2023-09-27,0.6702,0.3164,0,1.191,price_proxy,,,,
2023-10-04,0.6722,0.3202,0,0.4714,price_proxy,,,,
2023-10-05,0.1543,0.3458,0,0.5916,price_proxy,,,,
2023-10-06,0.2158,0.3078,0,0.2173,price_proxy,,,,
2023-10-10,0.1382,0.3106,0,0.2693,price_proxy,,,,
2023-10-11,0.0686,0.3105,0,0.1725,price_proxy,,,,
2023-10-12,0.2754,0.297,0,0.2892,price_proxy,,,,
2023-10-13,0.4821,0.2908,0,0.2087,price_proxy,,,,
2023-10-16,0.3645,0.2969,0,0.2784,price_proxy,,,,
2023-10-17,0.4621,0.2927,0,0.2259,price_proxy,,,,
2023-10-18,0.3938,0.2889,0,0.1974,price_proxy,,,,
2023-10-19,0.2262,0.2829,0,0.2811,price_proxy,,,,
2023-10-20,0.1747,0.2815,0,0.3508,price_proxy,,,,
2023-10-23,0.2771,0.2814,0,0.2176,price_proxy,,,,
2023-10-24,0.336,0.2832,0,0.2708,price_proxy,,,,
2023-10-25,0.3416,0.2823,0,0.2177,price_proxy,,,,
2023-10-26,0.3414,0.2765,0,0.2191,price_proxy,,,,
2023-10-27,0.4101,0.1976,0,0.2874,price_proxy,,,,
2023-10-30,0.5291,0.2092,0,0.6299,price_proxy,,,,
2023-10-31,0.3914,0.2092,0,0.3857,price_proxy,,,,
2023-11-01,0.5358,0.2082,0,0.882,price_proxy,,,,
2023-11-02,0.7172,0.2077,0,0.7962,price_proxy,,,,
2023-11-03,0.8051,0.1775,0,1.2012,price_proxy,,,,
2023-11-06,0.8082,0.187,0,1.5699,price_proxy,,,,
2023-11-07,0.8556,0.1809,0,0.8007,price_proxy,,,,
2023-11-08,0.662,0.1845,0,0.7886,price_proxy,,,,
2023-11-09,0.5439,0.1757,0,0.5736,price_proxy,,,,
2023-11-10,0.3758,0.1824,0,0.7849,price_proxy,,,,
2023-11-13,0.2422,0.1704,0,0.7267,price_proxy,,,,
2023-11-14,0.3585,0.181,0,0.6724,price_proxy,,,,
2023-11-15,0.5,0.1838,0,1.0236,price_proxy,,,,
2023-11-16,0.5562,0.1773,0,0.8577,price_proxy,,,,
2023-11-17,0.5906,0.1756,0,0.5741,price_proxy,,,,
2023-11-20,0.721,0.1783,0,0.8278,price_proxy,,,,
2023-11-21,0.632,0.1749,0,0.9708,price_proxy,,,,
2023-11-22,0.6629,0.1791,0,4.2598,price_proxy,,,,
2023-11-23,0.6061,0.1715,0,2.2233,price_proxy,,,,
2023-11-24,0.7667,0.1728,0,1.2821,price_proxy,,,,
2023-11-27,0.6316,0.1715,0,1.2447,price_proxy,,,,
2023-11-28,0.7063,0.1692,0,3.1275,price_proxy,,,,
2023-11-29,0.5271,0.1699,0,2.1939,price_proxy,,,,
2023-11-30,0.6313,0.1688,0,4.9508,price_proxy,,,,
2023-12-01,0.4647,0.1749,0,0.9328,price_proxy,,,,
2023-12-04,0.4608,0.1694,0,0.6025,price_proxy,,,,
2023-12-05,0.3561,0.1691,0,0.5139,price_proxy,,,,
2023-12-06,0.4614,0.1657,0,0.4798,price_proxy,,,,
2023-12-07,0.3281,0.1693,0,0.2946,price_proxy,,,,
2023-12-08,0.4731,0.1606,0,0.4285,price_proxy,,,,
2023-12-11,0.5952,0.1594,0,0.7466,price_proxy,,,,
2023-12-12,0.6333,0.1519,0,0.5871,price_proxy,,,,
2023-12-13,0.6333,0.149,0,0.6342,price_proxy,,,,
2023-12-14,0.7257,0.1489,0,1.2972,price_proxy,,,,
2023-12-15,0.6457,0.1419,0,0.6517,price_proxy,,,,
2023-12-18,0.6642,0.1434,0,1.1203,price_proxy,,,,
2023-12-19,0.6017,0.1466,0,0.6022,price_proxy,,,,
2023-12-20,0.5341,0.138,0,0.4422,price_proxy,,,,
2023-12-21,0.5056,0.137,0,0.4754,price_proxy,,,,
2023-12-22,0.483,0.1332,0,0.3287,price_proxy,,,,
2023-12-26,0.3889,0.1305,0,0.3231,price_proxy,,,,
2023-12-27,0.4779,0.1239,0,0.528,price_proxy,,,,
2023-12-28,0.5112,0.1182,0,0.3998,price_proxy,,,,
2024-01-02,0.5281,0.1121,0,0.5061,price_proxy,,,,
2024-01-03,0.4658,0.1135,0,0.8017,price_proxy,,,,
2024-01-04,0.4484,0.1109,0,0.5486,price_proxy,,,,
2024-01-05,0.4217,0.1106,0,0.5787,price_proxy,,,,
2024-01-08,0.4111,0.1083,0,0.4954,price_proxy,,,,
2024-01-09,0.3809,0.1024,0,0.4866,price_proxy,,,,
2024-01-10,0.5145,0.0993,0,0.8172,price_proxy,,,,
2024-01-11,0.5206,0.0936,0,0.6649,price_proxy,,,,
2024-01-12,0.5466,0.0967,0,2.9335,price_proxy,,,,
2024-01-15,0.561,0.094,0,0.8072,price_proxy,,,,
2024-01-16,0.6178,0.0947,0,2.6192,price_proxy,,,,
2024-01-17,0.4683,0.109,0,1.1065,price_proxy,,,,
2024-01-18,0.4417,0.0991,0,0.865,price_proxy,,,,
2024-01-19,0.4403,0.1021,0,0.7198,price_proxy,,,,
2024-01-22,0.4605,0.1043,0,0.713,price_proxy,,,,
2024-01-23,0.3776,0.1082,0,0.5595,price_proxy,,,,
2024-01-24,0.4619,0.1074,0,0.3629,price_proxy,,,,
2024-01-25,0.4159,0.1179,0,0.8038,price_proxy,,,,
2024-01-26,0.3915,0.1144,0,0.3734,price_proxy,,,,
2024-01-29,0.2468,0.127,0,0.9365,price_proxy,,,,
2024-01-30,0.2896,0.1265,0,0.6396,price_proxy,,,,
2024-01-31,0.2403,0.1231,0,0.5261,price_proxy,,,,
2024-02-01,0.3934,0.1314,0,0.5708,price_proxy,,,,
2024-02-02,0.3884,0.1309,0,0.3546,price_proxy,,,,
2024-02-05,0.4868,0.1307,0,0.3757,price_proxy,,,,
2024-02-06,0.5033,0.1308,0,0.372,price_proxy,,,,
2024-02-07,0.5617,0.1272,0,0.3716,price_proxy,,,,
2024-02-08,0.5199,0.1291,0,1.0111,price_proxy,,,,
2024-02-13,0.569,0.1316,0,0.6899,price_proxy,,,,
2024-02-14,0.5962,0.1311,0,0.996,price_proxy,,,,
2024-02-15,0.576,0.1292,0,0.6118,price_proxy,,,,
2024-02-16,0.5799,0.1197,0,0.5931,price_proxy,,,,
2024-02-19,0.5197,0.118,0,0.5233,price_proxy,,,,
2024-02-20,0.4524,0.114,0,0.4803,price_proxy,,,,
2024-02-21,0.4335,0.1108,0,0.5987,price_proxy,,,,
2024-02-22,0.4554,0.1084,0,0.9196,price_proxy,,,,
2024-02-23,0.42,0.1101,0,1.0398,price_proxy,,,,
2024-02-26,0.4448,0.0994,0,0.6178,price_proxy,,,,
2024-02-27,0.4187,0.0989,0,1.1393,price_proxy,,,,
2024-02-28,0.4313,0.0778,0,0.629,price_proxy,,,,
2024-02-29,0.3827,0.0803,0,1.1608,price_proxy,,,,
2024-03-04,0.48,0.0775,0,0.827,price_proxy,,,,
2024-03-05,0.4633,0.0677,0,1.2455,price_proxy,,,,
2024-03-06,0.5136,0.068,0,0.6101,price_proxy,,,,
2024-03-07,0.4627,0.0722,0,0.8653,price_proxy,,,,
2024-03-08,0.5138,0.0724,0,1.2499,price_proxy,,,,
2024-03-11,0.4461,0.0724,0,0.8033,price_proxy,,,,
2024-03-12,0.4728,0.0702,0,0.7917,price_proxy,,,,
2024-03-13,0.5774,0.0927,0,3.9015,price_proxy,,,,
2024-03-14,0.6382,0.0927,0,1.8989,price_proxy,,,,
2024-03-15,0.6031,0.0932,0,1.386,price_proxy,,,,
2024-03-18,0.6453,0.0943,0,0.9429,price_proxy,,,,
2024-03-19,0.6207,0.0934,0,1.4735,price_proxy,,,,
2024-03-20,0.4481,0.0965,0,0.8454,price_proxy,,,,
2024-03-21,0.458,0.0968,0,0.7548,price_proxy,,,,
2024-03-22,0.4967,0.0971,0,0.7924,price_proxy,,,,
2024-03-25,0.4355,0.0959,0,0.5504,price_proxy,,,,
2024-03-26,0.4187,0.0975,0,1.1271,price_proxy,,,,
2024-03-27,0.4601,0.0962,0,0.5024,price_proxy,,,,
2024-03-28,0.4241,0.0968,0,0.7929,price_proxy,,,,
2024-03-29,0.4378,0.0955,0,0.7554,price_proxy,,,,
2024-04-01,0.47,0.0909,0,0.5194,price_proxy,,,,
2024-04-02,0.4695,0.0921,0,0.7546,price_proxy,,,,
2024-04-03,0.4355,0.0933,0,0.7744,price_proxy,,,,
2024-04-04,0.4931,0.092,0,0.6073,price_proxy,,,,
2024-04-05,0.4527,0.092,0,0.5501,price_proxy,,,,
2024-04-08,0.4289,0.0929,0,0.5248,price_proxy,,,,
2024-04-09,0.4518,0.0929,0,0.5014,price_proxy,,,,
2024-04-11,0.4614,0.0593,0,0.6406,price_proxy,,,,
2024-04-12,0.4208,0.0587,0,0.5547,price_proxy,,,,
2024-04-15,0.3685,0.0652,0,0.9969,price_proxy,,,,
2024-04-16,0.3491,0.0641,0,1.0787,price_proxy,,,,
2024-04-17,0.3836,0.068,0,0.7204,price_proxy,,,,
2024-04-18,0.4678,0.076,0,0.6257,price_proxy,,,,
2024-04-19,0.4355,0.076,0,0.7873,price_proxy,,,,
2024-04-22,0.5185,0.0762,0,0.5805,price_proxy,,,,
2024-04-23,0.5531,0.075,0,0.5552,price_proxy,,,,
2024-04-24,0.5824,0.0813,0,0.7894,price_proxy,,,,
2024-04-25,0.5073,0.0815,0,0.6061,price_proxy,,,,
2024-04-26,0.5556,0.0815,0,0.5614,price_proxy,,,,
2024-04-29,0.5661,0.0813,0,0.6715,price_proxy,,,,
2024-04-30,0.585,0.0814,0,0.7633,price_proxy,,,,
2024-05-02,0.5252,0.0797,0,0.5058,price_proxy,,,,
2024-05-03,0.5471,0.0774,0,0.7349,price_proxy,,,,
2024-05-07,0.5468,0.0746,0,0.8836,price_proxy,,,,
2024-05-08,0.5355,0.0751,0,0.8433,price_proxy,,,,
2024-05-09,0.5213,0.0738,0,0.9248,price_proxy,,,,
2024-05-10,0.5284,0.0736,0,2.2269,price_proxy,,,,
2024-05-13,0.4894,0.074,0,1.1721,price_proxy,,,,
2024-05-14,0.4789,0.074,0,0.8047,price_proxy,,,,
2024-05-16,0.4651,0.0643,0,0.7387,price_proxy,,,,
2024-05-17,0.4614,0.0584,0,0.7754,price_proxy,,,,
2024-05-20,0.465,0.0572,0,1.0634,price_proxy,,,,
2024-05-21,0.4644,0.0517,0,0.9088,price_proxy,,,,
2024-05-22,0.4644,0.0474,0,1.1284,price_proxy,,,,
2024-05-23,0.4361,0.0487,0,0.912,price_proxy,,,,
2024-05-24,0.407,0.0535,0,1.0533,price_proxy,,,,
2024-05-27,0.4037,0.0434,0,1.5258,price_proxy,,,,
2024-05-28,0.4565,0.0451,0,1.2655,price_proxy,,,,
2024-05-29,0.4094,0.0506,0,1.349,price_proxy,,,,
2024-05-30,0.3716,0.056,0,1.2285,price_proxy,,,,
2024-05-31,0.4325,0.0578,0,1.0396,price_proxy,,,,
2024-06-03,0.4401,0.0587,0,0.5917,price_proxy,,,,
2024-06-04,0.4074,0.0581,0,0.8596,price_proxy,,,,
2024-06-05,0.4583,0.0576,0,1.3006,price_proxy,,,,
2024-06-07,0.5902,0.0689,0,1.5517,price_proxy,,,,
2024-06-10,0.5194,0.0723,0,0.9701,price_proxy,,,,
2024-06-11,0.5579,0.0786,0,1.4303,price_proxy,,,,
2024-06-12,0.5738,0.0775,0,1.2704,price_proxy,,,,
2024-06-13,0.5271,0.0798,0,1.1423,price_proxy,,,,
2024-06-14,0.4625,0.0797,0,0.944,price_proxy,,,,
2024-06-17,0.5077,0.0796,0,0.668,price_proxy,,,,
2024-06-18,0.4287,0.0802,0,0.5596,price_proxy,,,,
2024-06-19,0.4251,0.0792,0,0.7515,price_proxy,,,,
2024-06-20,0.4656,0.0792,0,0.5204,price_proxy,,,,
2024-06-21,0.4197,0.0815,0,1.0292,price_proxy,,,,
2024-06-24,0.3659,0.0839,0,1.0359,price_proxy,,,,
2024-06-25,0.4066,0.0844,0,0.5983,price_proxy,,,,
2024-06-26,0.4066,0.0828,0,0.4478,price_proxy,,,,
2024-06-27,0.4105,0.0802,0,0.6015,price_proxy,,,,
2024-06-28,0.4841,0.0754,0,0.6504,price_proxy,,,,
2024-07-01,0.5575,0.0748,0,0.6624,price_proxy,,,,
2024-07-02,0.5,0.0775,0,0.6671,price_proxy,,,,
2024-07-03,0.402,0.0918,0,1.4622,price_proxy,,,,
2024-07-04,0.3941,0.0915,0,0.9893,price_proxy,,,,
2024-07-05,0.4317,0.0923,0,2.2684,price_proxy,,,,
2024-07-08,0.4561,0.0928,0,0.6396,price_proxy,,,,
2024-07-09,0.4673,0.0884,0,0.802,price_proxy,,,,
2024-07-10,0.779,0.1435,0,9.0129,price_proxy,,,,
2024-07-11,0.8269,0.1429,0,2.8678,price_proxy,,,,
2024-07-12,0.7328,0.1432,0,2.6117,price_proxy,,,,
2024-07-15,0.6755,0.1435,0,0.8142,price_proxy,,,,
2024-07-16,0.6992,0.1425,0,0.6749,price_proxy,,,,
2024-07-17,0.4284,0.1476,0,0.9744,price_proxy,,,,
2024-07-18,0.3817,0.1477,0,0.6409,price_proxy,,,,
2024-07-19,0.3845,0.1456,0,0.3933,price_proxy,,,,
2024-07-22,0.3274,0.1477,0,0.5666,price_proxy,,,,
2024-07-23,0.3679,0.1486,0,0.5779,price_proxy,,,,
2024-07-24,0.4375,0.1486,0,0.323,price_proxy,,,,
2024-07-25,0.4371,0.1488,0,0.5075,price_proxy,,,,
2024-07-26,0.3893,0.1515,0,0.4569,price_proxy,,,,
2024-07-29,0.4795,0.1516,0,0.3011,price_proxy,,,,
2024-07-30,0.3949,0.1525,0,0.3401,price_proxy,,,,
2024-07-31,0.3992,0.1431,0,0.3826,price_proxy,,,,
2024-08-01,0.4554,0.145,0,0.308,price_proxy,,,,
2024-08-02,0.387,0.1564,0,0.6448,price_proxy,,,,
2024-08-05,0.0759,0.2249,0,1.2811,price_proxy,,,,
2024-08-06,0.2228,0.2385,0,1.1882,price_proxy,,,,
2024-08-07,0.2325,0.2065,0,0.7085,price_proxy,,,,
2024-08-08,0.1564,0.2037,0,0.5977,price_proxy,,,,
2024-08-09,0.3404,0.2115,0,0.6474,price_proxy,,,,
2024-08-12,0.7275,0.214,0,0.43,price_proxy,,,,
2024-08-13,0.5792,0.214,0,0.6634,price_proxy,,,,
2024-08-14,0.6078,0.2153,0,1.0256,price_proxy,,,,
2024-08-16,0.7345,0.2205,0,1.2877,price_proxy,,,,
2024-08-19,0.6157,0.2208,0,0.7335,price_proxy,,,,
2024-08-20,0.7033,0.2288,0,1.9085,price_proxy,,,,
2024-08-21,0.7714,0.2296,0,1.3604,price_proxy,,,,
2024-08-22,0.8302,0.2359,0,9.9351,price_proxy,,,,
2024-08-23,0.7825,0.2362,0,1.6518,price_proxy,,,,
2024-08-26,0.8462,0.2334,0,1.3784,price_proxy,,,,
2024-08-27,0.7146,0.2334,0,0.6203,price_proxy,,,,
2024-08-28,0.6216,0.2323,0,0.6564,price_proxy,,,,
2024-08-29,0.516,0.2324,0,0.515,price_proxy,,,,
2024-08-30,0.5668,0.2349,0,0.9863,price_proxy,,,,
2024-09-02,0.5854,0.2219,0,1.0821,price_proxy,,,,
2024-09-03,0.5465,0.1249,0,0.5632,price_proxy,,,,
2024-09-04,0.5158,0.1246,0,0.6698,price_proxy,,,,
2024-09-05,0.3931,0.1477,0,0.7553,price_proxy,,,,
2024-09-06,0.2719,0.1486,0,0.5749,price_proxy,,,,
2024-09-09,0.2169,0.1456,0,0.3456,price_proxy,,,,
2024-09-10,0.178,0.1522,0,0.5392,price_proxy,,,,
2024-09-11,0.2569,0.152,0,0.4127,price_proxy,,,,
2024-09-12,0.4958,0.1641,0,0.7184,price_proxy,,,,
2024-09-13,0.5558,0.1603,0,0.3017,price_proxy,,,,
2024-09-19,0.526,0.162,0,0.4678,price_proxy,,,,
2024-09-20,0.6219,0.1487,0,0.2363,price_proxy,,,,
2024-09-23,0.6027,0.1465,0,0.2627,price_proxy,,,,
2024-09-24,0.4832,0.1355,0,0.3381,price_proxy,,,,
2024-09-25,0.4582,0.134,0,0.6614,price_proxy,,,,
2024-09-26,0.5728,0.1384,0,0.7203,price_proxy,,,,
2024-09-27,0.5511,0.1383,0,0.469,price_proxy,,,,
2024-09-30,0.5425,0.1371,0,0.9751,price_proxy,,,,
2024-10-02,0.4873,0.1388,0,0.501,price_proxy,,,,
2024-10-04,0.5256,0.1307,0,0.3747,price_proxy,,,,
2024-10-07,0.5331,0.135,0,0.8379,price_proxy,,,,
2024-10-08,0.5332,0.1342,0,0.7189,price_proxy,,,,
2024-10-10,0.4875,0.132,0,0.7876,price_proxy,,,,
2024-10-11,0.4872,0.1165,0,1.6086,price_proxy,,,,
2024-10-14,0.5337,0.1189,0,1.1136,price_proxy,,,,
2024-10-15,0.439,0.1191,0,0.8913,price_proxy,,,,
2024-10-16,0.4061,0.1131,0,0.79,price_proxy,,,,
2024-10-17,0.4331,0.1136,0,0.8273,price_proxy,,,,
2024-10-18,0.4101,0.0959,0,1.4541,price_proxy,,,,
2024-10-21,0.3427,0.0956,0,0.8889,price_proxy,,,,
2024-10-22,0.282,0.1029,0,1.2503,price_proxy,,,,
2024-10-23,0.333,0.103,0,0.699,price_proxy,,,,
2024-10-24,0.2879,0.1076,0,0.6891,price_proxy,,,,
2024-10-25,0.3655,0.108,0,0.9207,price_proxy,,,,
2024-10-28,0.4011,0.1107,0,0.6729,price_proxy,,,,
2024-10-29,0.4859,0.1029,0,0.7495,price_proxy,,,,
2024-10-30,0.4439,0.1031,0,0.5986,price_proxy,,,,
2024-10-31,0.5678,0.1091,0,0.9428,price_proxy,,,,
2024-11-01,0.4712,0.1136,0,0.7997,price_proxy,,,,
2024-11-04,0.4953,0.1185,0,0.92,price_proxy,,,,
2024-11-05,0.5,0.1095,0,0.3822,price_proxy,,,,
2024-11-06,0.5048,0.1095,0,0.9148,price_proxy,,,,
2024-11-07,0.5375,0.1203,0,1.9474,price_proxy,,,,
2024-11-08,0.6024,0.1186,0,1.0414,price_proxy,,,,
2024-11-11,0.4573,0.1172,0,1.0848,price_proxy,,,,
2024-11-12,0.4953,0.1204,0,2.9332,price_proxy,,,,
2024-11-13,0.476,0.1205,0,1.9221,price_proxy,,,,
2024-11-14,0.3483,0.122,0,1.502,price_proxy,,,,
2024-11-15,0.4304,0.1253,0,1.3024,price_proxy,,,,
2024-11-18,0.5678,0.1292,0,1.1416,price_proxy,,,,
2024-11-19,0.633,0.1314,0,3.1354,price_proxy,,,,
2024-11-20,0.6117,0.1362,0,1.1855,price_proxy,,,,
2024-11-21,0.6244,0.1321,0,1.235,price_proxy,,,,
2024-11-22,0.6298,0.1373,0,1.4492,price_proxy,,,,
2024-11-25,0.5187,0.1401,0,2.2965,price_proxy,,,,
2024-11-26,0.4733,0.1428,0,0.9671,price_proxy,,,,
2024-11-27,0.6057,0.1451,0,1.945,price_proxy,,,,
2024-11-28,0.6639,0.1432,0,1.1869,price_proxy,,,,
2024-11-29,0.5542,0.1364,0,1.131,price_proxy,,,,
2024-12-02,0.4907,0.1489,0,1.112,price_proxy,,,,
2024-12-03,0.4413,0.1489,0,0.598,price_proxy,,,,
2024-12-04,0.2991,0.1553,0,1.0672,price_proxy,,,,
2024-12-05,0.2532,0.1484,0,0.567,price_proxy,,,,
2024-12-06,0.2398,0.1498,0,1.22,price_proxy,,,,
2024-12-09,0.1793,0.1714,0,1.1848,price_proxy,,,,
2024-12-10,0.2749,0.1833,0,0.8376,price_proxy,,,,
2024-12-11,0.3932,0.1843,0,0.4253,price_proxy,,,,
2024-12-12,0.4575,0.1835,0,0.7963,price_proxy,,,,
2024-12-13,0.5465,0.1811,0,0.444,price_proxy,,,,
2024-12-16,0.7599,0.1787,0,0.3769,price_proxy,,,,
2024-12-17,0.6488,0.169,0,0.4539,price_proxy,,,,
2024-12-18,0.6026,0.1662,0,0.4535,price_proxy,,,,
2024-12-19,0.5283,0.1664,0,0.4957,price_proxy,,,,
2024-12-20,0.4121,0.1639,0,0.7032,price_proxy,,,,
2024-12-23,0.4853,0.1702,0,0.5115,price_proxy,,,,
2024-12-24,0.5878,0.1799,0,2.4917,price_proxy,,,,
2024-12-26,0.6171,0.1765,0,1.686,price_proxy,,,,
2024-12-27,0.5995,0.1781,0,0.963,price_proxy,,,,
2024-12-30,0.9174,0.2139,0,3.0438,price_proxy,,,,
2025-01-02,1.0,0.3018,0,9.4803,price_proxy,,,,
2025-01-03,1.0,0.3116,0,3.6234,price_proxy,,,,
2025-01-06,1.0,0.3056,0,1.8295,price_proxy,,,,
2025-01-07,1.0,0.3047,0,1.5404,price_proxy,,,,
2025-01-08,0.6581,0.3142,0,1.6922,price_proxy,,,,
2025-01-09,0.4613,0.3056,0,3.8447,price_proxy,,,,
2025-01-10,0.5784,0.304,0,2.5297,price_proxy,,,,
2025-01-13,0.6284,0.3048,0,1.9721,price_proxy,,,,
2025-01-14,0.6556,0.3054,0,0.7994,price_proxy,,,,
2025-01-15,0.7495,0.3092,0,0.6018,price_proxy,,,,
2025-01-16,0.586,0.3088,0,0.7952,price_proxy,,,,
2025-01-17,0.5969,0.309,0,0.6577,price_proxy,,,,
2025-01-20,0.4621,0.3121,0,0.3987,price_proxy,,,,
2025-01-21,0.4759,0.3094,0,0.5052,price_proxy,,,,
2025-01-22,0.5035,0.3049,0,0.7603,price_proxy,,,,
2025-01-23,0.4072,0.3076,0,0.2816,price_proxy,,,,
2025-01-24,0.4007,0.3045,0,0.3188,price_proxy,,,,
2025-01-31,0.7004,0.3273,0,2.7603,price_proxy,,,,
2025-02-03,0.6704,0.324,0,1.1212,price_proxy,,,,
2025-02-04,0.732,0.309,0,1.6786,price_proxy,,,,
2025-02-05,0.9757,0.2296,0,2.9594,price_proxy,,,,
2025-02-06,0.8243,0.2307,0,1.4617,price_proxy,,,,
2025-02-07,0.5639,0.2308,0,0.8129,price_proxy,,,,
2025-02-10,0.5032,0.2343,0,0.9984,price_proxy,,,,
2025-02-11,0.4874,0.2196,0,0.5137,price_proxy,,,,
2025-02-12,0.2904,0.1967,0,0.529,price_proxy,,,,
2025-02-13,0.4318,0.1967,0,0.3787,price_proxy,,,,
2025-02-14,0.4071,0.1935,0,0.4935,price_proxy,,,,
2025-02-17,0.5064,0.1941,0,0.344,price_proxy,,,,
2025-02-18,0.5158,0.1917,0,0.8088,price_proxy,,,,
2025-02-19,0.5195,0.1931,0,0.3745,price_proxy,,,,
2025-02-20,0.3587,0.2075,0,0.6327,price_proxy,,,,
2025-02-21,0.3734,0.2055,0,0.3863,price_proxy,,,,
2025-02-24,0.315,0.2059,0,0.2107,price_proxy,,,,
2025-02-25,0.2862,0.2055,0,0.2159,price_proxy,,,,
2025-02-26,0.3293,0.2036,0,0.1739,price_proxy,,,,
2025-02-27,0.4171,0.2053,0,0.2188,price_proxy,,,,
2025-02-28,0.292,0.1626,0,0.6641,price_proxy,,,,
2025-03-04,0.3067,0.1625,0,0.3273,price_proxy,,,,
2025-03-05,0.3239,0.1609,0,0.3813,price_proxy,,,,
2025-03-06,0.2817,0.1247,0,0.5289,price_proxy,,,,
2025-03-07,0.2874,0.1137,0,0.483,price_proxy,,,,
2025-03-10,0.4033,0.1128,0,0.4856,price_proxy,,,,
2025-03-11,0.4455,0.1147,0,0.7365,price_proxy,,,,
2025-03-12,0.4691,0.1174,0,0.8849,price_proxy,,,,
2025-03-13,0.4723,0.1169,0,0.7521,price_proxy,,,,
2025-03-14,0.5927,0.1264,0,0.8665,price_proxy,,,,
2025-03-17,0.6382,0.1285,0,0.4113,price_proxy,,,,
2025-03-18,0.58,0.1254,0,0.3019,price_proxy,,,,
2025-03-19,0.5,0.123,0,0.436,price_proxy,,,,
2025-03-20,0.504,0.1226,0,0.3592,price_proxy,,,,
2025-03-21,0.4268,0.105,0,0.5281,price_proxy,,,,
2025-03-24,0.3897,0.1049,0,0.2828,price_proxy,,,,
2025-03-25,0.3577,0.1071,0,0.7604,price_proxy,,,,
2025-03-26,0.4059,0.1079,0,0.4145,price_proxy,,,,
2025-03-27,0.396,0.1091,0,0.4553,price_proxy,,,,
2025-03-28,0.348,0.1095,0,0.4593,price_proxy,,,,
2025-03-31,0.327,0.0878,0,0.804,price_proxy,,,,
2025-04-01,0.3344,0.0898,0,1.0101,price_proxy,,,,
2025-04-02,0.3148,0.0883,0,0.6488,price_proxy,,,,
2025-04-03,0.3608,0.087,0,0.7513,price_proxy,,,,
2025-04-04,0.3831,0.0861,0,0.7563,price_proxy,,,,
2025-04-07,0.2489,0.1217,0,1.3253,price_proxy,,,,
2025-04-08,0.2995,0.1192,0,0.7291,price_proxy,,,,
2025-04-09,0.2633,0.1148,0,1.0078,price_proxy,,,,
2025-04-10,0.4002,0.1493,0,1.1637,price_proxy,,,,
2025-04-11,0.5368,0.1568,0,1.5158,price_proxy,,,,
2025-04-14,0.8275,0.1643,0,1.2074,price_proxy,,,,
2025-04-15,0.8683,0.1667,0,1.0549,price_proxy,,,,
2025-04-16,0.8302,0.1704,0,0.8096,price_proxy,,,,
2025-04-17,0.7339,0.1743,0,0.6162,price_proxy,,,,
2025-04-18,0.6129,0.1743,0,0.4946,price_proxy,,,,
2025-04-21,0.5216,0.1743,0,0.4848,price_proxy,,,,
2025-04-22,0.6653,0.1994,0,3.6389,price_proxy,,,,
2025-04-23,0.8223,0.2013,0,2.4176,price_proxy,,,,
2025-04-24,0.7051,0.2004,0,1.0038,price_proxy,,,,
2025-04-25,0.7009,0.1977,0,0.747,price_proxy,,,,
2025-04-28,0.6499,0.199,0,0.8207,price_proxy,,,,
2025-04-29,0.5157,0.1971,0,1.018,price_proxy,,,,
2025-04-30,0.4011,0.2007,0,0.6896,price_proxy,,,,
2025-05-02,0.4496,0.2005,0,0.5297,price_proxy,,,,
2025-05-07,0.5155,0.2007,0,0.9796,price_proxy,,,,
2025-05-08,0.5478,0.1709,0,0.5971,price_proxy,,,,
2025-05-09,0.4417,0.1761,0,0.705,price_proxy,,,,
2025-05-12,0.532,0.1713,0,0.8466,price_proxy,,,,
2025-05-13,0.5119,0.1567,0,1.7451,price_proxy,,,,
2025-05-14,0.5231,0.1509,0,1.3454,price_proxy,,,,
2025-05-15,0.6012,0.1478,0,4.0194,price_proxy,,,,
2025-05-16,0.6,0.1518,0,1.6477,price_proxy,,,,
2025-05-19,0.4567,0.157,0,1.2104,price_proxy,,,,
2025-05-20,0.4289,0.1556,0,0.7635,price_proxy,,,,
2025-05-21,0.3476,0.1559,0,0.321,price_proxy,,,,
2025-05-22,0.2704,0.1568,0,0.47,price_proxy,,,,
2025-05-23,0.2867,0.1192,0,0.4655,price_proxy,,,,
2025-05-26,0.4437,0.1193,0,0.3999,price_proxy,,,,
2025-05-27,0.4467,0.119,0,0.3174,price_proxy,,,,
2025-05-28,0.4588,0.119,0,0.4251,price_proxy,,,,
2025-05-29,0.4958,0.1168,0,0.5332,price_proxy,,,,
2025-05-30,0.5469,0.113,0,0.4655,price_proxy,,,,
2025-06-02,0.5704,0.1186,0,0.9784,price_proxy,,,,
2025-06-04,0.7274,0.1335,0,1.6839,price_proxy,,,,
2025-06-05,0.7568,0.1301,0,0.9554,price_proxy,,,,
2025-06-09,0.718,0.1305,0,0.9226,price_proxy,,,,
2025-06-10,0.6667,0.1283,0,0.7809,price_proxy,,,,
2025-06-11,0.596,0.1275,0,0.4425,price_proxy,,,,
2025-06-12,0.4773,0.1274,0,0.7461,price_proxy,,,,
2025-06-13,0.4067,0.1235,0,1.4972,price_proxy,,,,
2025-06-16,0.4357,0.1191,0,0.6882,price_proxy,,,,
2025-06-17,0.4769,0.1158,0,1.1497,price_proxy,,,,
2025-06-18,0.4733,0.0999,0,0.5799,price_proxy,,,,
2025-06-19,0.4924,0.0974,0,0.9117,price_proxy,,,,
2025-06-20,0.5665,0.0974,0,1.8024,price_proxy,,,,
2025-06-23,0.6562,0.1041,0,3.7121,price_proxy,,,,
2025-06-24,0.7412,0.1064,0,3.0953,price_proxy,,,,
2025-06-25,0.6625,0.1122,0,1.4567,price_proxy,,,,
2025-06-26,0.5768,0.1173,0,1.0837,price_proxy,,,,
2025-06-27,0.5871,0.1176,0,0.9539,price_proxy,,,,
2025-06-30,0.5,0.1177,0,0.6833,price_proxy,,,,
2025-07-01,0.4167,0.118,0,0.913,price_proxy,,,,
2025-07-02,0.4535,0.1129,0,0.7068,price_proxy,,,,
2025-07-03,0.537,0.0963,0,0.4556,price_proxy,,,,
2025-07-04,0.431,0.1029,0,0.7689,price_proxy,,,,
2025-07-07,0.3986,0.1032,0,0.556,price_proxy,,,,
2025-07-08,0.4058,0.1016,0,0.4407,price_proxy,,,,
2025-07-09,0.4634,0.1032,0,0.56,price_proxy,,,,
2025-07-10,0.4492,0.1031,0,0.4408,price_proxy,,,,
2025-07-11,0.4887,0.1012,0,0.4083,price_proxy,,,,
2025-07-14,0.5,0.1019,0,0.3377,price_proxy,,,,
2025-07-15,0.538,0.1044,0,0.7619,price_proxy,,,,
2025-07-16,0.5149,0.1045,0,0.4975,price_proxy,,,,
2025-07-17,0.4814,0.1059,0,0.5171,price_proxy,,,,
2025-07-18,0.5038,0.1051,0,0.2919,price_proxy,,,,
2025-07-21,0.5496,0.0937,0,0.399,price_proxy,,,,
2025-07-22,0.4627,0.0813,0,0.7002,price_proxy,,,,
2025-07-23,0.4259,0.0768,0,0.6518,price_proxy,,,,
2025-07-24,0.4248,0.0713,0,1.2434,price_proxy,,,,
2025-07-25,0.417,0.0674,0,0.67,price_proxy,,,,
2025-07-28,0.3883,0.0671,0,0.6761,price_proxy,,,,
2025-07-29,0.4125,0.0671,0,0.7869,price_proxy,,,,
2025-07-30,0.4577,0.0688,0,0.8154,price_proxy,,,,
2025-07-31,0.457,0.0685,0,0.6729,price_proxy,,,,
2025-08-01,0.3937,0.0715,0,1.167,price_proxy,,,,
2025-08-04,0.4132,0.0719,0,0.747,price_proxy,,,,
2025-08-05,0.4881,0.0805,0,0.791,price_proxy,,,,
2025-08-06,0.4961,0.0796,0,0.6327,price_proxy,,,,
2025-08-07,0.5319,0.0796,0,0.6121,price_proxy,,,,
2025-08-08,0.604,0.0785,0,0.4924,price_proxy,,,,
2025-08-11,0.599,0.0785,0,0.7637,price_proxy,,,,
2025-08-12,0.516,0.0741,0,1.7048,price_proxy,,,,
2025-08-13,0.437,0.0763,0,1.1955,price_proxy,,,,
2025-08-14,0.4371,0.0757,0,0.8183,price_proxy,,,,
2025-08-18,0.3972,0.0794,0,1.1126,price_proxy,,,,
2025-08-19,0.3546,0.0777,0,0.7757,price_proxy,,,,
2025-08-20,0.3373,0.0774,0,1.1554,price_proxy,,,,
2025-08-21,0.3943,0.0783,0,0.6015,price_proxy,,,,
2025-08-22,0.4148,0.0797,0,0.7568,price_proxy,,,,
2025-08-25,0.6458,0.1283,0,3.9431,price_proxy,,,,
2025-08-26,0.7161,0.1291,0,2.9748,price_proxy,,,,
2025-08-27,0.7333,0.1295,0,1.283,price_proxy,,,,
2025-08-28,0.6974,0.1295,0,1.382,price_proxy,,,,
2025-08-29,0.6483,0.1288,0,0.8314,price_proxy,,,,
2025-09-01,0.4806,0.1205,0,1.5519,price_proxy,,,,
2025-09-02,0.5956,0.1423,0,4.4169,price_proxy,,,,
2025-09-03,0.5735,0.1426,0,3.2218,price_proxy,,,,
2025-09-04,0.6094,0.142,0,0.8612,price_proxy,,,,
2025-09-05,0.6302,0.142,0,0.7146,price_proxy,,,,
2025-09-08,0.6569,0.1425,0,1.2386,price_proxy,,,,
2025-09-09,0.5109,0.1425,0,1.0847,price_proxy,,,,
2025-09-10,0.556,0.1417,0,1.59,price_proxy,,,,
2025-09-11,0.6037,0.1405,0,2.3505,price_proxy,,,,
2025-09-12,0.6037,0.1406,0,1.5446,price_proxy,,,,
2025-09-15,0.58,0.1354,0,1.5536,price_proxy,,,,
2025-09-16,0.5,0.1415,0,1.1422,price_proxy,,,,
2025-09-17,0.4601,0.1417,0,0.6984,price_proxy,,,,
2025-09-18,0.4824,0.1463,0,1.0631,price_proxy,,,,
2025-09-19,0.507,0.1463,0,1.8698,price_proxy,,,,
2025-09-22,0.4965,0.1149,0,1.2481,price_proxy,,,,
2025-09-23,0.5327,0.1172,0,0.7834,price_proxy,,,,
2025-09-24,0.4926,0.1249,0,0.7859,price_proxy,,,,
2025-09-25,0.4325,0.1245,0,1.0336,price_proxy,,,,
2025-09-26,0.3456,0.1298,0,0.7487,price_proxy,,,,
2025-09-29,0.3564,0.1299,0,0.3368,price_proxy,,,,
2025-09-30,0.475,0.1124,0,0.9151,price_proxy,,,,
2025-10-01,0.5297,0.1106,0,0.502,price_proxy,,,,
2025-10-02,0.4853,0.1111,0,0.4207,price_proxy,,,,
2025-10-10,0.8194,0.1765,0,3.8688,price_proxy,,,,
2025-10-13,0.8132,0.176,0,2.0746,price_proxy,,,,
2025-10-14,0.6302,0.1824,0,3.265,price_proxy,,,,
2025-10-15,0.8407,0.2015,0,2.5049,price_proxy,,,,
2025-10-16,0.9111,0.2003,0,2.1371,price_proxy,,,,
2025-10-17,0.523,0.21,0,1.414,price_proxy,,,,
2025-10-20,0.7382,0.2387,0,2.0501,price_proxy,,,,
2025-10-21,0.7547,0.2376,0,1.2427,price_proxy,,,,
2025-10-22,0.525,0.2386,0,0.6471,price_proxy,,,,
2025-10-23,0.4478,0.2378,0,0.5317,price_proxy,,,,
2025-10-24,0.5357,0.2383,0,0.6994,price_proxy,,,,
2025-10-27,0.3309,0.2384,0,0.5906,price_proxy,,,,
2025-10-28,0.4006,0.2367,0,0.4758,price_proxy,,,,
2025-10-29,0.4474,0.2313,0,0.5367,price_proxy,,,,
2025-10-30,0.4621,0.2324,0,0.4526,price_proxy,,,,
2025-10-31,0.6529,0.242,0,2.9453,price_proxy,,,,
2025-11-03,0.7739,0.246,0,2.2737,price_proxy,,,,
2025-11-04,0.7599,0.2447,0,1.1913,price_proxy,,,,
2025-11-05,0.6111,0.2583,0,0.7793,price_proxy,,,,
2025-11-06,0.574,0.261,0,0.5037,price_proxy,,,,
2025-11-07,0.3343,0.229,0,0.4698,price_proxy,,,,
2025-11-10,0.2675,0.2296,0,0.2642,price_proxy,,,,
2025-11-11,0.2756,0.2248,0,0.5279,price_proxy,,,,
2025-11-12,0.3767,0.2068,0,0.3323,price_proxy,,,,
2025-11-13,0.4535,0.206,0,0.3351,price_proxy,,,,
2025-11-14,0.4161,0.2075,0,0.3943,price_proxy,,,,
2025-11-17,0.4588,0.1724,0,0.3877,price_proxy,,,,
2025-11-18,0.4115,0.1707,0,0.4147,price_proxy,,,,
2025-11-19,0.9583,0.3331,0,8.7629,price_proxy,,,,
2025-11-20,1.0,0.3466,0,5.9629,price_proxy,,,,
2025-11-21,1.0,0.3524,0,5.0479,price_proxy,,,,
2025-11-24,1.0,0.3524,0,0.9646,price_proxy,,,,
2025-11-25,1.0,0.3519,0,1.1246,price_proxy,,,,
2025-11-26,0.8312,0.3605,0,0.8305,price_proxy,,,,
2025-11-27,0.8506,0.3727,0,2.0261,price_proxy,,,,
2025-11-28,1.0,0.4449,0,2.7478,price_proxy,,,,
2025-12-01,1.0,0.4462,0,0.8655,price_proxy,,,,
2025-12-02,1.0,0.4447,0,0.7281,price_proxy,,,,
2025-12-03,1.0,0.4362,0,0.5812,price_proxy,,,,
2025-12-04,1.0,0.43,0,1.7304,price_proxy,,,,
2025-12-05,0.6143,0.4215,0,0.7761,price_proxy,,,,
2025-12-08,0.8923,0.4296,0,1.0073,price_proxy,,,,
2025-12-09,0.8251,0.4298,0,0.4982,price_proxy,,,,
2025-12-10,0.8254,0.4327,0,0.3777,price_proxy,,,,
2025-12-11,0.7562,0.4334,0,0.3879,price_proxy,,,,
2025-12-12,0.7523,0.4186,0,0.2956,price_proxy,,,,
2025-12-15,0.6013,0.4184,0,0.4864,price_proxy,,,,
2025-12-16,0.6811,0.4109,0,0.4505,price_proxy,,,,
2025-12-17,0.4643,0.3795,0,0.9004,price_proxy,,,,
2025-12-18,0.4152,0.3748,0,0.5777,price_proxy,,,,
2025-12-19,0.8947,0.4596,0,2.2779,price_proxy,,,,
2025-12-22,0.8173,0.4583,0,1.5983,price_proxy,,,,
2025-12-23,0.605,0.4691,0,0.6143,price_proxy,,,,
2025-12-24,0.8464,0.4636,0,0.3824,price_proxy,,,,
2025-12-26,0.9171,0.4554,0,0.6493,price_proxy,,,,
2025-12-29,0.4131,0.3757,0,0.6811,price_proxy,,,,
2025-12-30,0.2809,0.3827,0,0.6235,price_proxy,,,,
2026-01-02,0.4188,0.3824,0,0.894,price_proxy,,,,
2026-01-05,0.4048,0.3829,0,0.5275,price_proxy,,,,
2026-01-06,0.2778,0.3903,0,0.8025,price_proxy,,,,
2026-01-07,0.3626,0.3941,0,1.148,price_proxy,,,,
2026-01-08,0.3696,0.3777,0,0.5215,price_proxy,,,,
2026-01-09,0.4105,0.3796,0,0.5551,price_proxy,,,,
2026-01-12,0.565,0.3798,0,0.7873,price_proxy,,,,
2026-01-13,0.9202,0.3922,0,1.5968,price_proxy,,,,
2026-01-14,0.6775,0.3965,0,0.9546,price_proxy,,,,
2026-01-15,1.0,0.4091,0,1.7711,price_proxy,,,,
2026-01-16,0.8392,0.4128,0,0.8102,price_proxy,,,,
2026-01-19,1.0,0.44,0,2.5099,price_proxy,,,,
2026-01-20,0.8385,0.4457,0,0.9252,price_proxy,,,,
2026-01-21,1.0,0.3417,0,1.1001,price_proxy,,,,
2026-01-22,0.6816,0.3473,0,0.6514,price_proxy,,,,
2026-01-23,0.7489,0.341,0,0.5969,price_proxy,,,,
2026-01-26,0.6314,0.3701,0,1.9899,price_proxy,,,,
2026-01-27,0.7914,0.3699,0,0.6256,price_proxy,,,,
2026-01-28,1.0,0.438,0,1.8277,price_proxy,,,,
2026-01-29,1.0,0.4274,0,1.0663,price_proxy,,,,
2026-01-30,1.0,0.4326,0,0.369,price_proxy,,,,
2026-02-02,0.975,0.4328,0,0.4997,price_proxy,,,,
2026-02-03,1.0,0.4198,0,0.2792,price_proxy,,,,
2026-02-04,0.5541,0.4216,0,0.2337,price_proxy,,,,
2026-02-05,0.3798,0.4204,0,0.2883,price_proxy,,,,
2026-02-06,0.271,0.4397,0,0.423,price_proxy,,,,
2026-02-09,0.3586,0.4398,0,0.2948,price_proxy,,,,
2026-02-10,0.2044,0.4371,0,0.4138,price_proxy,,,,
2026-02-11,0.2622,0.4309,0,0.4331,price_proxy,,,,
2026-02-12,0.3479,0.4207,0,0.2113,price_proxy,,,,
2026-02-13,0.4647,0.4174,0,0.2404,price_proxy,,,,
2026-02-19,0.5174,0.3564,0,0.5664,price_proxy,,,,
2026-02-20,0.4925,0.3546,0,0.3545,price_proxy,,,,
2026-02-23,0.3833,0.3557,0,0.4257,price_proxy,,,,
2026-02-24,0.4315,0.3504,0,0.3073,price_proxy,,,,
2026-02-25,0.7034,0.3631,0,1.3331,price_proxy,,,,
2026-02-26,0.6796,0.331,0,0.9361,price_proxy,,,,
2026-02-27,0.6794,0.3371,0,0.6453,price_proxy,,,,
2026-03-03,0.5883,0.227,0,1.0496,price_proxy,,,,
2026-03-04,0.135,0.2976,0,1.2569,price_proxy,,,,
2026-03-05,0.223,0.3573,0,0.9075,price_proxy,,,,
2026-03-06,0.2324,0.3587,0,0.6339,price_proxy,,,,
2026-03-09,0.2718,0.3538,0,0.5206,price_proxy,,,,
2026-03-10,0.503,0.3597,0,0.8875,price_proxy,,,,
2026-03-11,0.9207,0.3579,0,0.8257,price_proxy,,,,
2026-03-12,0.5678,0.3463,0,0.3802,price_proxy,,,,
2026-03-13,0.4833,0.3461,0,0.5121,price_proxy,,,,
2026-03-16,0.4797,0.3453,0,0.411,price_proxy,,,,
2026-03-17,0.3519,0.344,0,0.4459,price_proxy,,,,
2026-03-18,0.4436,0.3448,0,0.42,price_proxy,,,,
2026-03-19,0.378,0.3455,0,0.4519,price_proxy,,,,
2026-03-20,0.3496,0.3428,0,1.4547,price_proxy,,,,
2026-03-23,0.2366,0.351,0,0.7022,price_proxy,,,,
2026-03-24,0.3208,0.3527,0,0.5815,price_proxy,,,,
2026-03-25,0.3008,0.3514,0,0.748,price_proxy,,,,
2026-03-26,0.2532,0.3309,0,0.6124,price_proxy,,,,
2026-03-27,0.3473,0.331,0,0.8409,price_proxy,,,,
2026-03-30,0.4401,0.3303,0,0.3699,price_proxy,,,,
2026-03-31,0.3383,0.3248,0,0.7185,price_proxy,,,,
2026-04-01,0.4425,0.2599,0,0.5542,price_proxy,,,,
2026-04-02,0.4963,0.1823,0,1.5811,price_proxy,,,,
2026-04-03,0.4012,0.1762,0,0.5735,price_proxy,,,,
2026-04-06,0.4382,0.1759,0,0.727,price_proxy,,,,
2026-04-07,0.4866,0.1618,0,0.6105,price_proxy,,,,
2026-04-08,0.5413,0.1968,0,0.8938,price_proxy,,,,
2026-04-09,0.5037,0.2022,0,1.3057,price_proxy,,,,
2026-04-10,0.5302,0.2023,0,0.5684,price_proxy,,,,
2026-04-13,0.5213,0.2022,0,0.405,price_proxy,,,,
2026-04-14,0.6213,0.2125,0,0.9781,price_proxy,,,,
2026-04-15,0.4947,0.2142,0,0.8345,price_proxy,,,,
2026-04-16,0.6111,0.2119,0,0.9641,price_proxy,,,,
2026-04-17,0.6341,0.211,0,0.8,price_proxy,,,,
2026-04-20,0.7275,0.1891,0,1.489,price_proxy,,,,
2026-04-21,0.6198,0.1861,0,0.8635,price_proxy,,,,
2026-04-22,0.5458,0.1862,0,0.8967,price_proxy,,,,
2026-04-23,0.4965,0.1754,0,0.8717,price_proxy,,,,
2026-04-24,0.575,0.1786,0,1.7061,price_proxy,,,,
2026-04-27,0.7815,0.2084,0,3.6493,price_proxy,,,,
2026-04-28,0.8134,0.2052,0,2.0979,price_proxy,,,,
2026-04-29,0.7412,0.2032,0,1.1648,price_proxy,,,,
2026-04-30,0.7425,0.2003,0,1.5407,price_proxy,,,,
2026-05-04,0.6733,0.1979,0,0.8274,price_proxy,,,,
2026-05-06,0.4248,0.196,0,0.961,price_proxy,,,,
2026-05-07,0.3386,0.2006,0,1.1041,price_proxy,,,,
2026-05-08,0.5799,0.1977,0,3.835,price_proxy,,,,
2026-05-11,0.7288,0.1902,0,2.6766,price_proxy,,,,
2026-05-12,0.5913,0.2012,0,2.3235,price_proxy,,,,
2026-05-13,0.5688,0.2001,0,0.8863,price_proxy,,,,
2026-05-14,0.6047,0.1963,0,0.6894,price_proxy,,,,
2026-05-15,0.3714,0.1994,0,1.3812,price_proxy,,,,
2026-05-18,0.2201,0.204,0,0.8116,price_proxy,,,,
2026-05-19,0.1255,0.2332,0,0.7948,price_proxy,,,,
2026-05-20,0.0374,0.2445,0,0.664,price_proxy,,,,
2026-05-21,0.4265,0.3558,0,0.9511,price_proxy,,,,
2026-05-22,0.53,0.3559,0,0.7457,price_proxy,,,,
2026-05-26,0.5883,0.3549,0,0.4155,price_proxy,,,,
2026-05-27,0.7204,0.3568,0,0.4449,price_proxy,,,,
2026-05-28,0.7891,0.3364,0,0.5393,price_proxy,,,,
2026-05-29,0.3523,0.3357,0,1.0273,price_proxy,,,,
2026-06-01,0.4907,0.3504,0,1.8195,price_proxy,,,,
2026-06-02,0.4374,0.3516,0,0.9448,price_proxy,,,,
2026-06-04,0.3294,0.3667,0,0.5539,price_proxy,,,,
2026-06-05,0.2818,0.3732,0,0.4766,price_proxy,,,,
2026-06-08,0.1432,0.3797,0,0.4112,price_proxy,,,,
2026-06-09,0.0,0.3634,0,0.5336,price_proxy,,,,
2026-06-10,0.0,0.3611,0,0.7712,price_proxy,,,,
2026-06-11,0.1395,0.3639,0,0.7987,price_proxy,,,,
2026-06-12,0.3264,0.3681,0,0.7966,price_proxy,,,,
2026-06-15,0.5564,0.3725,0,0.3349,price_proxy,,,,
2026-06-16,0.5439,0.3719,0,0.4016,price_proxy,,,,
2026-06-17,0.6831,0.3709,0,0.3266,price_proxy,,,,
2026-06-18,0.5175,0.3587,0,0.4236,price_proxy,,,,
2026-06-19,0.3501,0.3543,0,0.7107,price_proxy,,,,
2026-06-22,0.2543,0.228,0,0.4387,price_proxy,,,,
2026-06-23,0.0746,0.2432,0,0.8602,price_proxy,,,,
2026-06-24,0.1605,0.2524,0,0.7664,price_proxy,,,,
2026-06-25,0.1963,0.251,0,0.4693,price_proxy,,,,
2026-06-26,0.153,0.2562,0,0.7174,price_proxy,,,,
2026-06-29,0.3472,0.2875,0,0.5895,price_proxy,,,,
2026-06-30,0.5857,0.2597,0,0.6549,price_proxy,,,,
2026-07-01,0.5299,0.262,0,0.6457,price_proxy,,,,
2026-07-02,0.3926,0.2594,0,0.7694,price_proxy,,,,
2026-07-03,0.6188,0.2591,0,0.9104,price_proxy,,,,
2026-07-06,0.4023,0.2495,0,0.6216,price_proxy,,,,
2026-07-07,0.2833,0.254,0,0.548,price_proxy,,,,
2026-07-08,0.1265,0.254,0,0.7235,price_proxy,,,,
2026-07-09,0.4459,0.2718,0,2.5766,price_proxy,,,,
2026-07-10,0.4296,0.2702,0,0.8402,price_proxy,,,,
2026-07-13,0.3155,0.2707,0,0.7818,price_proxy,,,,
2026-07-14,0.3492,0.2716,0,0.6595,price_proxy,,,,
2026-07-15,0.6329,0.2859,0,0.6272,price_proxy,,,,
2026-07-16,0.3333,0.2892,0,0.475,price_proxy,,,,
2026-07-20,0.1919,0.2895,0,0.4221,price_proxy,,,,
2026-07-21,0.4158,0.2986,0,1.6051,price_proxy,,,,
2026-07-22,0.9955,0.3901,0,6.5153,price_proxy,,,,
2026-07-23,0.8711,0.3882,0,3.567,price_proxy,,,,
