date,news_sentiment_mean,news_sentiment_std,news_count,volume_ratio,source,news_positive_total,news_negative_total,news_pos_ratio,news_intensity
2016-08-23,0.5,0.1351,0,0.883,price_proxy,,,,
2016-08-24,0.5341,0.1351,0,0.644,price_proxy,,,,
2016-08-25,0.5068,0.1295,0,0.3581,price_proxy,,,,
2016-08-26,0.5842,0.1295,0,0.5247,price_proxy,,,,
2016-08-29,0.6131,0.1206,0,0.4807,price_proxy,,,,
2016-08-30,0.4798,0.1218,0,0.586,price_proxy,,,,
2016-08-31,0.4463,0.1139,0,0.7331,price_proxy,,,,
2016-09-01,0.5068,0.1153,0,0.9267,price_proxy,,,,
2016-09-02,0.5337,0.1176,0,1.1138,price_proxy,,,,
2016-09-05,0.5067,0.0988,0,0.8183,price_proxy,,,,
2016-09-06,0.568,0.0874,0,1.2196,price_proxy,,,,
2016-09-07,0.6241,0.0856,0,1.0882,price_proxy,,,,
2016-09-08,0.6017,0.0813,0,1.2087,price_proxy,,,,
2016-09-09,0.5199,0.0834,0,1.238,price_proxy,,,,
2016-09-12,0.54,0.0829,0,1.1495,price_proxy,,,,
2016-09-13,0.5132,0.0825,0,1.0171,price_proxy,,,,
2016-09-19,0.5455,0.0856,0,1.588,price_proxy,,,,
2016-09-20,0.5387,0.0855,0,0.7293,price_proxy,,,,
2016-09-21,0.559,0.0791,0,0.7096,price_proxy,,,,
2016-09-22,0.5654,0.078,0,1.0542,price_proxy,,,,
2016-09-23,0.6111,0.0639,0,1.0144,price_proxy,,,,
2016-09-26,0.5698,0.0641,0,0.8955,price_proxy,,,,
2016-09-27,0.5633,0.0612,0,1.3697,price_proxy,,,,
2016-09-28,0.5828,0.061,0,0.761,price_proxy,,,,
2016-09-29,0.5696,0.0612,0,0.9698,price_proxy,,,,
2016-09-30,0.5495,0.0568,0,1.6771,price_proxy,,,,
2016-10-04,0.5552,0.0526,0,0.7522,price_proxy,,,,
2016-10-05,0.5429,0.0532,0,0.8658,price_proxy,,,,
2016-10-06,0.4878,0.0584,0,0.9704,price_proxy,,,,
2016-10-07,0.4388,0.0649,0,1.6844,price_proxy,,,,
2016-10-10,0.4456,0.0654,0,0.8042,price_proxy,,,,
2016-10-11,0.4403,0.0648,0,0.9479,price_proxy,,,,
2016-10-12,0.476,0.0655,0,0.7042,price_proxy,,,,
2016-10-13,0.5,0.0643,0,0.6981,price_proxy,,,,
2016-10-14,0.5126,0.0683,0,0.9896,price_proxy,,,,
2016-10-17,0.4503,0.0708,0,0.6604,price_proxy,,,,
2016-10-18,0.4569,0.065,0,0.7259,price_proxy,,,,
2016-10-19,0.4149,0.0658,0,0.8812,price_proxy,,,,
2016-10-20,0.4323,0.0655,0,0.7417,price_proxy,,,,
2016-10-21,0.4749,0.0652,0,0.5177,price_proxy,,,,
2016-10-24,0.5446,0.064,0,0.6086,price_proxy,,,,
2016-10-25,0.3365,0.1141,0,4.6652,price_proxy,,,,
2016-10-26,0.4048,0.1192,0,1.5584,price_proxy,,,,
2016-10-27,0.4299,0.1199,0,0.6852,price_proxy,,,,
2016-10-28,0.4302,0.1201,0,0.4942,price_proxy,,,,
2016-10-31,0.3442,0.1211,0,0.7587,price_proxy,,,,
2016-11-01,0.5616,0.122,0,1.6411,price_proxy,,,,
2016-11-02,0.4533,0.1241,0,1.024,price_proxy,,,,
2016-11-03,0.4802,0.1263,0,0.7521,price_proxy,,,,
2016-11-04,0.4474,0.1246,0,0.6273,price_proxy,,,,
2016-11-07,0.5,0.1229,0,0.4581,price_proxy,,,,
2016-11-08,0.4734,0.1223,0,0.4329,price_proxy,,,,
2016-11-09,0.5819,0.1256,0,1.612,price_proxy,,,,
2016-11-10,0.5867,0.129,0,1.0146,price_proxy,,,,
2016-11-11,0.5473,0.1319,0,1.0546,price_proxy,,,,
2016-11-14,0.5068,0.1324,0,0.8384,price_proxy,,,,
2016-11-15,0.4327,0.1353,0,1.1674,price_proxy,,,,
2016-11-16,0.3689,0.1352,0,0.5673,price_proxy,,,,
2016-11-17,0.3019,0.1353,0,0.6984,price_proxy,,,,
2016-11-18,0.3152,0.1366,0,1.7799,price_proxy,,,,
2016-11-21,0.2374,0.1454,0,1.7576,price_proxy,,,,
2016-11-22,0.284,0.1148,0,1.3258,price_proxy,,,,
2016-11-23,0.2895,0.1086,0,0.9036,price_proxy,,,,
2016-11-24,0.2447,0.1104,0,1.2006,price_proxy,,,,
2016-11-25,0.3327,0.1156,0,1.3983,price_proxy,,,,
2016-11-28,0.4612,0.1147,0,0.746,price_proxy,,,,
2016-11-29,0.6172,0.14,0,1.6919,price_proxy,,,,
2016-11-30,0.5235,0.1457,0,1.2208,price_proxy,,,,
2016-12-01,0.5732,0.1419,0,1.0847,price_proxy,,,,
2016-12-02,0.4365,0.1467,0,0.7433,price_proxy,,,,
2016-12-05,0.4447,0.1476,0,0.6748,price_proxy,,,,
2016-12-06,0.3155,0.1473,0,1.9473,price_proxy,,,,
2016-12-07,0.407,0.1422,0,0.7643,price_proxy,,,,
2016-12-08,0.5314,0.1527,0,1.1414,price_proxy,,,,
2016-12-09,0.623,0.1508,0,0.9331,price_proxy,,,,
2016-12-12,0.6382,0.1519,0,0.7272,price_proxy,,,,
2016-12-13,0.622,0.1487,0,0.528,price_proxy,,,,
2016-12-14,0.6382,0.1492,0,0.4688,price_proxy,,,,
2016-12-15,0.4923,0.1499,0,0.6982,price_proxy,,,,
2016-12-16,0.4691,0.1484,0,0.6572,price_proxy,,,,
2016-12-19,0.4468,0.1333,0,0.4662,price_proxy,,,,
2016-12-20,0.4464,0.1333,0,0.5568,price_proxy,,,,
2016-12-21,0.4468,0.1335,0,0.7559,price_proxy,,,,
2016-12-22,0.469,0.1278,0,0.7345,price_proxy,,,,
2016-12-23,0.5235,0.1264,0,0.8372,price_proxy,,,,
2016-12-26,0.5469,0.1272,0,0.533,price_proxy,,,,
2016-12-27,0.5394,0.1017,0,0.9644,price_proxy,,,,
2016-12-28,0.5313,0.088,0,0.7259,price_proxy,,,,
2016-12-29,0.5945,0.09,0,0.9316,price_proxy,,,,
2017-01-02,0.3992,0.1157,0,1.4115,price_proxy,,,,
2017-01-03,0.4237,0.1193,0,1.2472,price_proxy,,,,
2017-01-04,0.4614,0.1194,0,0.862,price_proxy,,,,
2017-01-05,0.4385,0.1199,0,0.5729,price_proxy,,,,
2017-01-06,0.3797,0.1055,0,0.6095,price_proxy,,,,
2017-01-09,0.4592,0.1131,0,1.7106,price_proxy,,,,
2017-01-10,0.4206,0.1119,0,0.9541,price_proxy,,,,
2017-01-11,0.4685,0.1185,0,1.2614,price_proxy,,,,
2017-01-12,0.5159,0.1196,0,1.1822,price_proxy,,,,
2017-01-13,0.572,0.1199,0,1.1724,price_proxy,,,,
2017-01-16,0.7583,0.1284,0,1.576,price_proxy,,,,
2017-01-17,0.7314,0.1286,0,1.2322,price_proxy,,,,
2017-01-18,0.652,0.1283,0,0.6811,price_proxy,,,,
2017-01-19,0.6339,0.1283,0,0.6477,price_proxy,,,,
2017-01-20,0.6313,0.1286,0,0.727,price_proxy,,,,
2017-01-23,0.5443,0.128,0,0.6246,price_proxy,,,,
2017-01-24,0.5741,0.1276,0,0.9763,price_proxy,,,,
2017-01-25,0.5223,0.1312,0,1.2063,price_proxy,,,,
2017-01-26,0.5148,0.1312,0,0.7834,price_proxy,,,,
2017-01-31,0.4638,0.1296,0,0.8386,price_proxy,,,,
2017-02-01,0.3989,0.1008,0,2.178,price_proxy,,,,
2017-02-02,0.2214,0.1332,0,3.5144,price_proxy,,,,
2017-02-03,0.3015,0.1342,0,2.3106,price_proxy,,,,
2017-02-06,0.2729,0.1346,0,1.0602,price_proxy,,,,
2017-02-07,0.3007,0.1348,0,0.8288,price_proxy,,,,
2017-02-08,0.3099,0.1304,0,1.3761,price_proxy,,,,
2017-02-09,0.4751,0.13,0,0.887,price_proxy,,,,
2017-02-10,0.4347,0.1246,0,0.891,price_proxy,,,,
2017-02-13,0.5,0.1256,0,0.5238,price_proxy,,,,
2017-02-14,0.5082,0.1243,0,0.8206,price_proxy,,,,
2017-02-15,0.6429,0.1218,0,1.146,price_proxy,,,,
2017-02-16,0.5672,0.1267,0,0.6227,price_proxy,,,,
2017-02-17,0.6097,0.1285,0,0.4799,price_proxy,,,,
2017-02-20,0.5331,0.1286,0,0.6072,price_proxy,,,,
2017-02-21,0.4837,0.1262,0,0.6598,price_proxy,,,,
2017-02-22,0.3823,0.1259,0,0.599,price_proxy,,,,
2017-02-23,0.4594,0.125,0,0.6322,price_proxy,,,,
2017-02-24,0.564,0.1471,0,1.6916,price_proxy,,,,
2017-02-27,0.565,0.1476,0,0.5447,price_proxy,,,,
2017-02-28,0.6399,0.1502,0,0.7607,price_proxy,,,,
2017-03-02,0.55,0.1576,0,0.9637,price_proxy,,,,
2017-03-03,0.3174,0.1749,0,2.9967,price_proxy,,,,
2017-03-06,0.2209,0.1746,0,2.1375,price_proxy,,,,
2017-03-07,0.248,0.1744,0,1.1674,price_proxy,,,,
2017-03-08,0.2308,0.1749,0,1.7127,price_proxy,,,,
2017-03-09,0.3943,0.1779,0,1.6617,price_proxy,,,,
2017-03-10,0.6279,0.1779,0,1.4322,price_proxy,,,,
2017-03-13,0.6261,0.1783,0,0.7745,price_proxy,,,,
2017-03-14,0.6351,0.1769,0,0.6387,price_proxy,,,,
2017-03-15,0.6067,0.1764,0,0.7247,price_proxy,,,,
2017-03-16,0.5257,0.1701,0,0.4933,price_proxy,,,,
2017-03-17,0.5944,0.1705,0,0.7458,price_proxy,,,,
2017-03-20,0.5,0.1729,0,0.8638,price_proxy,,,,
2017-03-21,0.5338,0.1739,0,1.0016,price_proxy,,,,
2017-03-22,0.5253,0.1735,0,0.9597,price_proxy,,,,
2017-03-23,0.5339,0.1729,0,0.4712,price_proxy,,,,
2017-03-24,0.4672,0.1729,0,0.8832,price_proxy,,,,
2017-03-27,0.5932,0.1579,0,0.8272,price_proxy,,,,
2017-03-28,0.5747,0.1578,0,0.8939,price_proxy,,,,
2017-03-29,0.5833,0.1555,0,0.9482,price_proxy,,,,
2017-03-30,0.5167,0.1484,0,0.417,price_proxy,,,,
2017-03-31,0.4917,0.0863,0,0.3867,price_proxy,,,,
2017-04-03,0.4757,0.0875,0,0.558,price_proxy,,,,
2017-04-04,0.452,0.0875,0,0.7092,price_proxy,,,,
2017-04-05,0.468,0.0871,0,0.8408,price_proxy,,,,
2017-04-06,0.5331,0.08,0,0.4503,price_proxy,,,,
2017-04-07,0.5753,0.0802,0,0.4855,price_proxy,,,,
2017-04-10,0.4754,0.086,0,0.9903,price_proxy,,,,
2017-04-11,0.459,0.0865,0,0.6095,price_proxy,,,,
2017-04-12,0.435,0.0866,0,1.004,price_proxy,,,,
2017-04-13,0.4594,0.0874,0,0.4744,price_proxy,,,,
2017-04-14,0.4355,0.0795,0,0.6534,price_proxy,,,,
2017-04-17,0.583,0.0854,0,2.1303,price_proxy,,,,
2017-04-18,0.6088,0.0831,0,0.8431,price_proxy,,,,
2017-04-19,0.7353,0.0999,0,1.5628,price_proxy,,,,
2017-04-20,0.7324,0.0999,0,1.7648,price_proxy,,,,
2017-04-21,0.8333,0.1063,0,1.7708,price_proxy,,,,
2017-04-24,0.6594,0.1115,0,2.0142,price_proxy,,,,
2017-04-25,0.5714,0.1196,0,1.7529,price_proxy,,,,
2017-04-26,0.4699,0.1196,0,1.2454,price_proxy,,,,
2017-04-27,0.4777,0.1137,0,0.9794,price_proxy,,,,
2017-04-28,0.3786,0.1135,0,0.4945,price_proxy,,,,
2017-05-02,0.4631,0.1124,0,0.6708,price_proxy,,,,
2017-05-04,0.6379,0.1216,0,1.456,price_proxy,,,,
2017-05-08,0.7748,0.1378,0,1.9096,price_proxy,,,,
2017-05-10,0.7632,0.1374,0,1.9208,price_proxy,,,,
2017-05-11,0.8802,0.1408,0,1.2688,price_proxy,,,,
2017-05-12,0.7481,0.1473,0,1.0224,price_proxy,,,,
2017-05-15,0.6864,0.1459,0,0.5133,price_proxy,,,,
2017-05-16,0.547,0.1454,0,0.5647,price_proxy,,,,
2017-05-17,0.5399,0.1456,0,0.7767,price_proxy,,,,
2017-05-18,0.4489,0.1459,0,0.3993,price_proxy,,,,
2017-05-19,0.5736,0.1412,0,0.3443,price_proxy,,,,
2017-05-22,0.4803,0.1464,0,0.6567,price_proxy,,,,
2017-05-23,0.4738,0.1376,0,0.8336,price_proxy,,,,
2017-05-24,0.4674,0.1375,0,0.3815,price_proxy,,,,
2017-05-25,0.4672,0.1324,0,0.5995,price_proxy,,,,
2017-05-26,0.4484,0.1262,0,0.5099,price_proxy,,,,
2017-05-29,0.5,0.1172,0,0.4462,price_proxy,,,,
2017-05-30,0.4867,0.1186,0,0.3809,price_proxy,,,,
2017-05-31,0.4934,0.1182,0,1.3007,price_proxy,,,,
2017-06-01,0.4867,0.118,0,0.7278,price_proxy,,,,
2017-06-02,0.4735,0.1181,0,0.4486,price_proxy,,,,
2017-06-05,0.4537,0.1089,0,1.0315,price_proxy,,,,
2017-06-07,0.4732,0.0812,0,0.7413,price_proxy,,,,
2017-06-08,0.4801,0.0812,0,1.8414,price_proxy,,,,
2017-06-09,0.5134,0.0683,0,1.2489,price_proxy,,,,
2017-06-12,0.5067,0.0491,0,1.1879,price_proxy,,,,
2017-06-13,0.4593,0.0556,0,1.1979,price_proxy,,,,
2017-06-14,0.3983,0.0632,0,1.7212,price_proxy,,,,
2017-06-15,0.3859,0.0627,0,0.9589,price_proxy,,,,
2017-06-16,0.4,0.0656,0,0.6851,price_proxy,,,,
2017-06-19,0.3261,0.0737,0,0.996,price_proxy,,,,
2017-06-20,0.3478,0.0726,0,1.0717,price_proxy,,,,
2017-06-21,0.4071,0.0728,0,0.4956,price_proxy,,,,
2017-06-22,0.3861,0.0721,0,1.1902,price_proxy,,,,
2017-06-23,0.4228,0.0838,0,1.1233,price_proxy,,,,
2017-06-26,0.4121,0.0944,0,0.9289,price_proxy,,,,
2017-06-27,0.5,0.0994,0,0.869,price_proxy,,,,
2017-06-28,0.5075,0.0998,0,0.4247,price_proxy,,,,
2017-06-29,0.4547,0.1032,0,1.2675,price_proxy,,,,
2017-06-30,0.3978,0.1038,0,0.8362,price_proxy,,,,
2017-07-03,0.546,0.1096,0,0.6815,price_proxy,,,,
2017-07-04,0.5075,0.1099,0,0.5738,price_proxy,,,,
2017-07-05,0.4403,0.1129,0,1.2014,price_proxy,,,,
2017-07-06,0.5,0.1115,0,0.7231,price_proxy,,,,
2017-07-07,0.4,0.1179,0,2.0225,price_proxy,,,,
2017-07-10,0.3052,0.1188,0,0.8871,price_proxy,,,,
2017-07-11,0.2985,0.1164,0,0.6311,price_proxy,,,,
2017-07-12,0.3923,0.1176,0,1.0377,price_proxy,,,,
2017-07-13,0.4151,0.1181,0,1.1989,price_proxy,,,,
2017-07-14,0.5162,0.1165,0,0.7792,price_proxy,,,,
2017-07-17,0.5913,0.1109,0,0.8207,price_proxy,,,,
2017-07-18,0.6162,0.1101,0,0.9464,price_proxy,,,,
2017-07-19,0.6463,0.117,0,1.4129,price_proxy,,,,
2017-07-20,0.6371,0.1168,0,1.2252,price_proxy,,,,
2017-07-21,0.6125,0.1108,0,1.015,price_proxy,,,,
2017-07-24,0.6111,0.0991,0,1.2005,price_proxy,,,,
2017-07-25,0.5706,0.0963,0,1.7526,price_proxy,,,,
2017-07-26,0.4621,0.0982,0,1.5978,price_proxy,,,,
2017-07-27,0.4019,0.0959,0,1.0137,price_proxy,,,,
2017-07-28,0.4087,0.0957,0,0.5797,price_proxy,,,,
2017-07-31,0.3271,0.0953,0,1.0695,price_proxy,,,,
2017-08-01,0.3409,0.095,0,0.5726,price_proxy,,,,
2017-08-02,0.4459,0.1004,0,0.8272,price_proxy,,,,
2017-08-03,0.5238,0.1013,0,0.8348,price_proxy,,,,
2017-08-04,0.4602,0.0959,0,1.107,price_proxy,,,,
2017-08-07,0.5576,0.0934,0,0.5398,price_proxy,,,,
2017-08-08,0.5165,0.0963,0,0.6546,price_proxy,,,,
2017-08-09,0.4603,0.0941,0,0.4153,price_proxy,,,,
2017-08-10,0.4922,0.0984,0,0.7906,price_proxy,,,,
2017-08-11,0.5,0.1043,0,0.6818,price_proxy,,,,
2017-08-14,0.524,0.108,0,0.4287,price_proxy,,,,
2017-08-16,0.5735,0.1074,0,0.6113,price_proxy,,,,
2017-08-17,0.5405,0.1001,0,0.3854,price_proxy,,,,
2017-08-18,0.4764,0.0999,0,0.874,price_proxy,,,,
2017-08-21,0.5325,0.0998,0,0.7214,price_proxy,,,,
2017-08-22,0.5158,0.1016,0,0.764,price_proxy,,,,
2017-08-23,0.5157,0.1015,0,0.7451,price_proxy,,,,
2017-08-24,0.627,0.1115,0,2.1914,price_proxy,,,,
2017-08-25,0.6355,0.1068,0,1.8603,price_proxy,,,,
2017-08-28,0.668,0.1068,0,0.8383,price_proxy,,,,
2017-08-29,0.6333,0.099,0,1.1045,price_proxy,,,,
2017-08-30,0.6172,0.0993,0,0.9221,price_proxy,,,,
2017-08-31,0.5,0.0943,0,0.4898,price_proxy,,,,
2017-09-01,0.4925,0.094,0,0.4818,price_proxy,,,,
2017-09-04,0.4262,0.0888,0,0.5368,price_proxy,,,,
2017-09-05,0.4118,0.0878,0,0.9246,price_proxy,,,,
2017-09-06,0.3893,0.0866,0,0.7227,price_proxy,,,,
2017-09-07,0.3881,0.0875,0,0.8537,price_proxy,,,,
2017-09-08,0.3127,0.0942,0,1.53,price_proxy,,,,
2017-09-11,0.3314,0.0892,0,1.4504,price_proxy,,,,
2017-09-12,0.3923,0.0896,0,0.9695,price_proxy,,,,
2017-09-13,0.3828,0.0916,0,1.6471,price_proxy,,,,
2017-09-14,0.4605,0.0972,0,1.3021,price_proxy,,,,
2017-09-15,0.5165,0.0985,0,1.6599,price_proxy,,,,
2017-09-18,0.5167,0.0992,0,1.2715,price_proxy,,,,
2017-09-19,0.4837,0.0976,0,0.7562,price_proxy,,,,
2017-09-20,0.5747,0.1014,0,1.7618,price_proxy,,,,
2017-09-21,0.5242,0.0866,0,1.4106,price_proxy,,,,
2017-09-22,0.4836,0.0932,0,1.4529,price_proxy,,,,
2017-09-25,0.4004,0.1046,0,1.1597,price_proxy,,,,
2017-09-26,0.4098,0.1075,0,1.6593,price_proxy,,,,
2017-09-27,0.34,0.1075,0,0.7955,price_proxy,,,,
2017-09-28,0.3805,0.1133,0,1.7037,price_proxy,,,,
2017-09-29,0.5413,0.1264,0,1.2394,price_proxy,,,,
2017-10-10,0.6747,0.1251,0,1.4395,price_proxy,,,,
2017-10-11,0.6116,0.1255,0,0.7921,price_proxy,,,,
2017-10-12,0.6565,0.1251,0,0.8678,price_proxy,,,,
2017-10-13,0.7373,0.1425,0,1.7066,price_proxy,,,,
2017-10-16,0.7024,0.1356,0,1.194,price_proxy,,,,
2017-10-17,0.6606,0.1354,0,0.8803,price_proxy,,,,
2017-10-18,0.6463,0.1353,0,0.9851,price_proxy,,,,
2017-10-19,0.6452,0.1326,0,0.7756,price_proxy,,,,
2017-10-20,0.4621,0.1338,0,0.6555,price_proxy,,,,
2017-10-23,0.3897,0.1327,0,0.4217,price_proxy,,,,
2017-10-24,0.5223,0.1438,0,1.0217,price_proxy,,,,
2017-10-25,0.5833,0.1437,0,0.7319,price_proxy,,,,
2017-10-26,0.7857,0.1775,0,2.4226,price_proxy,,,,
2017-10-27,0.7626,0.1842,0,1.4414,price_proxy,,,,
2017-10-30,0.8891,0.1817,0,2.0219,price_proxy,,,,
2017-10-31,0.6103,0.187,0,2.9833,price_proxy,,,,
2017-11-01,0.5945,0.1871,0,0.8573,price_proxy,,,,
2017-11-02,0.4079,0.1852,0,0.9148,price_proxy,,,,
2017-11-03,0.5614,0.1873,0,0.9331,price_proxy,,,,
2017-11-06,0.5,0.1836,0,1.0359,price_proxy,,,,
2017-11-07,0.6603,0.1835,0,0.5062,price_proxy,,,,
2017-11-08,0.6528,0.1821,0,0.7266,price_proxy,,,,
2017-11-09,0.6172,0.1836,0,0.5424,price_proxy,,,,
2017-11-10,0.5,0.1758,0,0.4921,price_proxy,,,,
2017-11-13,0.5261,0.1757,0,0.9167,price_proxy,,,,
2017-11-14,0.5194,0.1745,0,0.6634,price_proxy,,,,
2017-11-15,0.4742,0.1752,0,0.5635,price_proxy,,,,
2017-11-16,0.4674,0.1766,0,0.9433,price_proxy,,,,
2017-11-17,0.4735,0.1743,0,0.5643,price_proxy,,,,
2017-11-20,0.455,0.1738,0,0.6969,price_proxy,,,,
2017-11-21,0.4169,0.1662,0,0.5265,price_proxy,,,,
2017-11-22,0.415,0.1688,0,0.3506,price_proxy,,,,
2017-11-23,0.4801,0.1271,0,0.4274,price_proxy,,,,
2017-11-24,0.4732,0.1222,0,0.2956,price_proxy,,,,
2017-11-27,0.4474,0.1106,0,0.4708,price_proxy,,,,
2017-11-28,0.48,0.0849,0,0.9272,price_proxy,,,,
2017-11-29,0.541,0.085,0,1.1377,price_proxy,,,,
2017-11-30,0.4732,0.0864,0,1.1908,price_proxy,,,,
2017-12-01,0.5272,0.0746,0,0.3763,price_proxy,,,,
2017-12-04,0.6419,0.0999,0,2.0905,price_proxy,,,,
2017-12-05,0.6077,0.1007,0,0.9152,price_proxy,,,,
2017-12-06,0.5602,0.1022,0,0.7872,price_proxy,,,,
2017-12-07,0.5203,0.1074,0,0.9327,price_proxy,,,,
2017-12-08,0.5134,0.1064,0,0.4694,price_proxy,,,,
2017-12-11,0.4054,0.1014,0,0.592,price_proxy,,,,
2017-12-12,0.3403,0.1116,0,1.6681,price_proxy,,,,
2017-12-13,0.4351,0.1167,0,1.0501,price_proxy,,,,
2017-12-14,0.4396,0.1202,0,1.8149,price_proxy,,,,
2017-12-15,0.4467,0.1202,0,1.0272,price_proxy,,,,
2017-12-18,0.4404,0.118,0,0.7006,price_proxy,,,,
2017-12-19,0.5139,0.1177,0,0.6351,price_proxy,,,,
2017-12-20,0.3859,0.1197,0,1.2941,price_proxy,,,,
2017-12-21,0.3893,0.1202,0,1.1174,price_proxy,,,,
2017-12-22,0.3973,0.1209,0,0.8588,price_proxy,,,,
2017-12-26,0.3976,0.1206,0,0.6639,price_proxy,,,,
2017-12-27,0.4172,0.1205,0,0.5921,price_proxy,,,,
2017-12-28,0.5071,0.1215,0,0.3238,price_proxy,,,,
2018-01-02,0.6392,0.1273,0,0.5941,price_proxy,,,,
2018-01-03,0.565,0.1285,0,0.7959,price_proxy,,,,
2018-01-04,0.4712,0.1127,0,1.1042,price_proxy,,,,
2018-01-05,0.4784,0.113,0,0.7137,price_proxy,,,,
2018-01-08,0.4645,0.1133,0,0.7944,price_proxy,,,,
2018-01-09,0.411,0.1097,0,1.8372,price_proxy,,,,
2018-01-10,0.507,0.1144,0,1.5525,price_proxy,,,,
2018-01-11,0.6095,0.1144,0,1.084,price_proxy,,,,
2018-01-12,0.58,0.1037,0,0.7611,price_proxy,,,,
2018-01-15,0.565,0.0962,0,0.8066,price_proxy,,,,
2018-01-16,0.629,0.0997,0,1.8153,price_proxy,,,,
2018-01-17,0.5836,0.0994,0,1.2285,price_proxy,,,,
2018-01-18,0.5969,0.1002,0,1.1644,price_proxy,,,,
2018-01-19,0.6678,0.1017,0,1.3637,price_proxy,,,,
2018-01-22,0.6818,0.094,0,1.1268,price_proxy,,,,
2018-01-23,0.6077,0.0862,0,0.939,price_proxy,,,,
2018-01-24,0.4666,0.1116,0,1.9866,price_proxy,,,,
2018-01-25,0.467,0.1121,0,0.863,price_proxy,,,,
2018-01-26,0.4484,0.1125,0,0.7261,price_proxy,,,,
2018-01-29,0.391,0.1156,0,1.2181,price_proxy,,,,
2018-01-30,0.3658,0.1102,0,0.8195,price_proxy,,,,
2018-01-31,0.432,0.112,0,1.4361,price_proxy,,,,
2018-02-01,0.3859,0.1026,0,1.1444,price_proxy,,,,
2018-02-02,0.3808,0.1031,0,1.316,price_proxy,,,,
2018-02-05,0.3983,0.1042,0,0.6274,price_proxy,,,,
2018-02-06,0.363,0.1084,0,0.9846,price_proxy,,,,
2018-02-07,0.3099,0.1173,0,1.4312,price_proxy,,,,
2018-02-08,0.3292,0.1167,0,1.0699,price_proxy,,,,
2018-02-09,0.2535,0.1197,0,0.944,price_proxy,,,,
2018-02-12,0.25,0.1199,0,0.9125,price_proxy,,,,
2018-02-13,0.3162,0.1101,0,0.9509,price_proxy,,,,
2018-02-14,0.4689,0.1145,0,0.9009,price_proxy,,,,
2018-02-19,0.4689,0.1124,0,0.5753,price_proxy,,,,
2018-02-20,0.508,0.1067,0,0.4114,price_proxy,,,,
2018-02-21,0.6388,0.1224,0,1.0598,price_proxy,,,,
2018-02-22,0.6134,0.1219,0,0.6065,price_proxy,,,,
2018-02-23,0.579,0.1081,0,1.0431,price_proxy,,,,
2018-02-26,0.6028,0.1077,0,0.6016,price_proxy,,,,
2018-02-27,0.604,0.1058,0,0.7837,price_proxy,,,,
2018-02-28,0.4237,0.1109,0,0.7709,price_proxy,,,,
2018-03-02,0.408,0.111,0,0.7808,price_proxy,,,,
2018-03-05,0.4164,0.1106,0,0.844,price_proxy,,,,
2018-03-06,0.4098,0.1114,0,0.7162,price_proxy,,,,
2018-03-07,0.4544,0.1115,0,1.1931,price_proxy,,,,
2018-03-08,0.5873,0.1148,0,1.6494,price_proxy,,,,
2018-03-09,0.741,0.1294,0,1.5832,price_proxy,,,,
2018-03-12,0.7381,0.113,0,0.9272,price_proxy,,,,
2018-03-13,0.6968,0.1141,0,0.8373,price_proxy,,,,
2018-03-14,0.609,0.1132,0,0.8677,price_proxy,,,,
2018-03-15,0.6445,0.1169,0,1.0417,price_proxy,,,,
2018-03-16,0.5143,0.1174,0,1.2232,price_proxy,,,,
2018-03-19,0.4716,0.1171,0,0.6742,price_proxy,,,,
2018-03-20,0.457,0.1196,0,1.3296,price_proxy,,,,
2018-03-21,0.5295,0.1182,0,0.466,price_proxy,,,,
2018-03-22,0.3865,0.1145,0,0.846,price_proxy,,,,
2018-03-23,0.3577,0.1163,0,0.6494,price_proxy,,,,
2018-03-26,0.4137,0.1178,0,0.5256,price_proxy,,,,
2018-03-27,0.4853,0.1188,0,0.8637,price_proxy,,,,
2018-03-28,0.5145,0.12,0,0.7187,price_proxy,,,,
2018-03-29,0.5602,0.1104,0,0.4544,price_proxy,,,,
2018-03-30,0.6762,0.1138,0,0.9706,price_proxy,,,,
2018-04-02,0.7481,0.1238,0,2.5975,price_proxy,,,,
2018-04-03,0.7804,0.1265,0,1.5908,price_proxy,,,,
2018-04-04,0.6661,0.1331,0,1.126,price_proxy,,,,
2018-04-05,0.6387,0.136,0,0.7549,price_proxy,,,,
2018-04-06,0.5282,0.1231,0,1.2418,price_proxy,,,,
2018-04-09,0.4264,0.1227,0,1.3113,price_proxy,,,,
2018-04-10,0.3964,0.1231,0,1.0403,price_proxy,,,,
2018-04-11,0.4267,0.1195,0,0.6548,price_proxy,,,,
2018-04-12,0.4113,0.1174,0,1.1966,price_proxy,,,,
2018-04-13,0.5417,0.1287,0,1.109,price_proxy,,,,
2018-04-16,0.5417,0.1279,0,0.607,price_proxy,,,,
2018-04-17,0.4795,0.1271,0,0.5943,price_proxy,,,,
2018-04-18,0.5346,0.1275,0,0.5993,price_proxy,,,,
2018-04-19,0.5429,0.1258,0,0.8964,price_proxy,,,,
2018-04-20,0.4388,0.1235,0,0.5924,price_proxy,,,,
2018-04-23,0.4252,0.123,0,0.3583,price_proxy,,,,
2018-04-24,0.5,0.1241,0,0.5262,price_proxy,,,,
2018-04-25,0.432,0.1249,0,0.557,price_proxy,,,,
2018-04-26,0.465,0.1248,0,0.7321,price_proxy,,,,
2018-04-27,0.4509,0.1191,0,0.6971,price_proxy,,,,
2018-04-30,0.5212,0.1086,0,0.8234,price_proxy,,,,
2018-05-02,0.4586,0.1012,0,0.7809,price_proxy,,,,
2018-05-03,0.4085,0.1074,0,1.1829,price_proxy,,,,
2018-05-04,0.4502,0.1066,0,1.1398,price_proxy,,,,
2018-05-08,0.5072,0.1077,0,1.6737,price_proxy,,,,
2018-05-09,0.4441,0.1077,0,1.2454,price_proxy,,,,
2018-05-10,0.3803,0.1127,0,2.8761,price_proxy,,,,
2018-05-11,0.4852,0.1128,0,1.2726,price_proxy,,,,
2018-05-14,0.3686,0.1192,0,2.9157,price_proxy,,,,
2018-05-15,0.3351,0.1029,0,1.1329,price_proxy,,,,
2018-05-16,0.3921,0.109,0,0.8547,price_proxy,,,,
2018-05-17,0.4326,0.1096,0,0.8872,price_proxy,,,,
2018-05-18,0.4405,0.1092,0,0.6157,price_proxy,,,,
2018-05-21,0.5313,0.1065,0,0.5619,price_proxy,,,,
2018-05-23,0.5,0.1071,0,0.6615,price_proxy,,,,
2018-05-24,0.4696,0.1085,0,0.8785,price_proxy,,,,
2018-05-25,0.4845,0.1038,0,0.9112,price_proxy,,,,
2018-05-28,0.4464,0.1025,0,0.5515,price_proxy,,,,
2018-05-29,0.4308,0.1026,0,0.8293,price_proxy,,,,
2018-05-30,0.4375,0.1027,0,1.1118,price_proxy,,,,
2018-05-31,0.4459,0.0985,0,1.3872,price_proxy,,,,
2018-06-01,0.5234,0.1048,0,0.8487,price_proxy,,,,
2018-06-04,0.4921,0.0967,0,0.9349,price_proxy,,,,
2018-06-05,0.5159,0.0955,0,0.8334,price_proxy,,,,
2018-06-07,0.621,0.1036,0,1.1777,price_proxy,,,,
2018-06-08,0.5556,0.1044,0,0.647,price_proxy,,,,
2018-06-11,0.4614,0.0981,0,1.2038,price_proxy,,,,
2018-06-12,0.5079,0.0976,0,0.6565,price_proxy,,,,
2018-06-14,0.4605,0.0868,0,1.7376,price_proxy,,,,
2018-06-15,0.3631,0.0875,0,1.1933,price_proxy,,,,
2018-06-18,0.3456,0.0841,0,1.3891,price_proxy,,,,
2018-06-19,0.3346,0.0856,0,1.0843,price_proxy,,,,
2018-06-20,0.3661,0.087,0,1.6998,price_proxy,,,,
2018-06-21,0.4113,0.0872,0,0.6936,price_proxy,,,,
2018-06-22,0.4755,0.0903,0,0.9578,price_proxy,,,,
2018-06-25,0.5084,0.089,0,0.5392,price_proxy,,,,
2018-06-26,0.5687,0.0889,0,0.8093,price_proxy,,,,
2018-06-27,0.5422,0.089,0,0.6046,price_proxy,,,,
2018-06-28,0.6181,0.0975,0,1.8275,price_proxy,,,,
2018-06-29,0.5413,0.0982,0,0.9367,price_proxy,,,,
2018-07-02,0.5,0.1009,0,0.5898,price_proxy,,,,
2018-07-03,0.4419,0.0978,0,0.7715,price_proxy,,,,
2018-07-04,0.343,0.106,0,1.0246,price_proxy,,,,
2018-07-05,0.2291,0.108,0,1.4689,price_proxy,,,,
2018-07-06,0.2976,0.1007,0,0.7213,price_proxy,,,,
2018-07-09,0.3083,0.1016,0,0.8469,price_proxy,,,,
2018-07-10,0.3547,0.1012,0,0.6794,price_proxy,,,,
2018-07-11,0.4283,0.1009,0,0.7587,price_proxy,,,,
2018-07-12,0.5092,0.1019,0,0.888,price_proxy,,,,
2018-07-13,0.482,0.1029,0,0.4935,price_proxy,,,,
2018-07-16,0.5184,0.1006,0,0.6207,price_proxy,,,,
2018-07-17,0.4355,0.1059,0,1.4574,price_proxy,,,,
2018-07-18,0.4163,0.1039,0,1.1154,price_proxy,,,,
2018-07-19,0.3899,0.1039,0,1.4664,price_proxy,,,,
2018-07-20,0.3909,0.1009,0,1.015,price_proxy,,,,
2018-07-23,0.4452,0.1062,0,1.484,price_proxy,,,,
2018-07-24,0.5571,0.1078,0,1.1713,price_proxy,,,,
2018-07-25,0.5583,0.1082,0,0.8144,price_proxy,,,,
2018-07-26,0.4903,0.1,0,1.8709,price_proxy,,,,
2018-07-27,0.3923,0.1049,0,2.424,price_proxy,,,,
2018-07-30,0.3103,0.1037,0,1.6548,price_proxy,,,,
2018-07-31,0.2741,0.1025,0,1.2852,price_proxy,,,,
2018-08-01,0.4057,0.1145,0,2.1327,price_proxy,,,,
2018-08-02,0.4259,0.1136,0,0.9739,price_proxy,,,,
2018-08-03,0.5528,0.1137,0,0.8275,price_proxy,,,,
2018-08-06,0.6058,0.1122,0,0.743,price_proxy,,,,
2018-08-07,0.6399,0.113,0,0.7022,price_proxy,,,,
2018-08-08,0.5,0.1135,0,0.4945,price_proxy,,,,
2018-08-09,0.5365,0.112,0,0.568,price_proxy,,,,
2018-08-10,0.4604,0.1116,0,0.5956,price_proxy,,,,
2018-08-13,0.4192,0.1122,0,0.6593,price_proxy,,,,
2018-08-14,0.3907,0.105,0,0.4744,price_proxy,,,,
2018-08-16,0.4109,0.1036,0,0.7978,price_proxy,,,,
2018-08-17,0.4124,0.1036,0,0.7786,price_proxy,,,,
2018-08-20,0.4293,0.1026,0,0.7024,price_proxy,,,,
2018-08-21,0.4712,0.0983,0,0.8086,price_proxy,,,,
2018-08-22,0.4856,0.0964,0,0.6041,price_proxy,,,,
2018-08-23,0.5829,0.1088,0,1.6241,price_proxy,,,,
2018-08-24,0.5749,0.1036,0,0.6301,price_proxy,,,,
2018-08-27,0.5607,0.0953,0,0.971,price_proxy,,,,
2018-08-28,0.5188,0.0941,0,1.1891,price_proxy,,,,
2018-08-29,0.5021,0.0941,0,0.8817,price_proxy,,,,
2018-08-30,0.4184,0.0725,0,1.5238,price_proxy,,,,
2018-08-31,0.4338,0.0688,0,1.3381,price_proxy,,,,
2018-09-03,0.437,0.0639,0,1.1766,price_proxy,,,,
2018-09-04,0.4773,0.064,0,0.8127,price_proxy,,,,
2018-09-05,0.5062,0.0636,0,1.5174,price_proxy,,,,
2018-09-06,0.4834,0.0628,0,0.7593,price_proxy,,,,
2018-09-07,0.4896,0.0631,0,0.9944,price_proxy,,,,
2018-09-10,0.4601,0.0667,0,1.2157,price_proxy,,,,
2018-09-11,0.4415,0.0651,0,0.7597,price_proxy,,,,
2018-09-12,0.4068,0.0655,0,0.9185,price_proxy,,,,
2018-09-13,0.4477,0.067,0,0.8847,price_proxy,,,,
2018-09-14,0.4896,0.0725,0,1.0901,price_proxy,,,,
2018-09-17,0.4914,0.077,0,1.0229,price_proxy,,,,
2018-09-18,0.485,0.0769,0,0.6986,price_proxy,,,,
2018-09-19,0.5261,0.078,0,0.9321,price_proxy,,,,
2018-09-20,0.4592,0.0618,0,1.0147,price_proxy,,,,
2018-09-21,0.3952,0.0619,0,1.1104,price_proxy,,,,
2018-09-27,0.5,0.0706,0,1.4591,price_proxy,,,,
2018-09-28,0.5217,0.0694,0,0.9436,price_proxy,,,,
2018-10-01,0.5129,0.0697,0,1.4849,price_proxy,,,,
2018-10-02,0.5285,0.0712,0,0.7088,price_proxy,,,,
2018-10-04,0.2478,0.1684,0,4.6197,price_proxy,,,,
2018-10-05,0.2183,0.1698,0,1.7762,price_proxy,,,,
2018-10-08,0.1613,0.1706,0,1.5711,price_proxy,,,,
2018-10-10,0.1294,0.1694,0,1.5721,price_proxy,,,,
2018-10-11,0.0827,0.1728,0,2.0477,price_proxy,,,,
2018-10-12,0.419,0.1796,0,1.2067,price_proxy,,,,
2018-10-15,0.3698,0.1788,0,1.4399,price_proxy,,,,
2018-10-16,0.4355,0.1794,0,0.7744,price_proxy,,,,
2018-10-17,0.5105,0.1832,0,1.0014,price_proxy,,,,
2018-10-18,0.5082,0.1857,0,1.3017,price_proxy,,,,
2018-10-19,0.434,0.1817,0,0.9826,price_proxy,,,,
2018-10-22,0.5616,0.1928,0,0.8428,price_proxy,,,,
2018-10-23,0.4653,0.1962,0,0.995,price_proxy,,,,
2018-10-24,0.4376,0.1962,0,0.6396,price_proxy,,,,
2018-10-25,0.5435,0.1966,0,0.9336,price_proxy,,,,
2018-10-26,0.4809,0.1983,0,0.7274,price_proxy,,,,
2018-10-29,0.1078,0.2409,0,2.5092,price_proxy,,,,
2018-10-30,0.1852,0.2409,0,1.4427,price_proxy,,,,
2018-10-31,0.1671,0.2402,0,1.1347,price_proxy,,,,
2018-11-01,0.223,0.2488,0,0.6373,price_proxy,,,,
2018-11-02,0.3072,0.2039,0,0.9329,price_proxy,,,,
2018-11-05,0.5743,0.2031,0,0.7272,price_proxy,,,,
2018-11-06,0.558,0.2019,0,0.8611,price_proxy,,,,
2018-11-07,0.4968,0.2031,0,1.003,price_proxy,,,,
2018-11-08,0.3702,0.2004,0,1.4462,price_proxy,,,,
2018-11-09,0.3415,0.1945,0,1.0381,price_proxy,,,,
2018-11-12,0.3598,0.1945,0,0.6419,price_proxy,,,,
2018-11-13,0.2966,0.196,0,0.8445,price_proxy,,,,
2018-11-14,0.3774,0.1937,0,0.5225,price_proxy,,,,
2018-11-15,0.5165,0.2007,0,1.8477,price_proxy,,,,
2018-11-16,0.5033,0.2006,0,1.3682,price_proxy,,,,
2018-11-19,0.5569,0.1916,0,2.2152,price_proxy,,,,
2018-11-20,0.5697,0.1898,0,2.0045,price_proxy,,,,
2018-11-21,0.634,0.1977,0,1.4764,price_proxy,,,,
2018-11-22,0.5885,0.2003,0,1.564,price_proxy,,,,
2018-11-23,0.5165,0.2019,0,0.5322,price_proxy,,,,
2018-11-26,0.5293,0.1304,0,0.9243,price_proxy,,,,
2018-11-27,0.6448,0.1324,0,1.3223,price_proxy,,,,
2018-11-28,0.5741,0.1327,0,0.8828,price_proxy,,,,
2018-11-29,0.4906,0.1262,0,0.6053,price_proxy,,,,
2018-11-30,0.6279,0.128,0,1.1596,price_proxy,,,,
2018-12-03,0.6124,0.1265,0,0.9133,price_proxy,,,,
2018-12-04,0.5722,0.1263,0,0.5217,price_proxy,,,,
2018-12-05,0.4876,0.1265,0,0.4293,price_proxy,,,,
2018-12-06,0.4495,0.1294,0,0.5692,price_proxy,,,,
2018-12-07,0.4383,0.1305,0,0.5536,price_proxy,,,,
2018-12-10,0.4513,0.1309,0,0.649,price_proxy,,,,
2018-12-11,0.4515,0.122,0,0.5399,price_proxy,,,,
2018-12-12,0.6219,0.1322,0,1.1946,price_proxy,,,,
2018-12-13,0.6942,0.1247,0,1.192,price_proxy,,,,
2018-12-14,0.6431,0.1244,0,0.8633,price_proxy,,,,
2018-12-17,0.5748,0.1253,0,1.3024,price_proxy,,,,
2018-12-18,0.6739,0.1275,0,1.0972,price_proxy,,,,
2018-12-19,0.606,0.1217,0,0.7682,price_proxy,,,,
2018-12-20,0.6386,0.1202,0,0.8094,price_proxy,,,,
2018-12-21,0.592,0.1139,0,0.6619,price_proxy,,,,
2018-12-24,0.5721,0.1167,0,0.3776,price_proxy,,,,
2018-12-26,0.4629,0.1155,0,0.4419,price_proxy,,,,
2018-12-27,0.5168,0.1251,0,0.6602,price_proxy,,,,
2018-12-28,0.5055,0.1227,0,0.6958,price_proxy,,,,
2019-01-02,0.4262,0.1436,0,0.9645,price_proxy,,,,
2019-01-03,0.5,0.1438,0,0.6533,price_proxy,,,,
2019-01-04,0.4447,0.1484,0,1.2192,price_proxy,,,,
2019-01-07,0.3669,0.1443,0,0.8134,price_proxy,,,,
2019-01-08,0.2992,0.1426,0,0.7578,price_proxy,,,,
2019-01-09,0.4588,0.1425,0,0.6945,price_proxy,,,,
2019-01-10,0.413,0.1415,0,0.4929,price_proxy,,,,
2019-01-11,0.491,0.1417,0,0.5503,price_proxy,,,,
2019-01-14,0.5475,0.1348,0,1.0309,price_proxy,,,,
2019-01-15,0.5856,0.1353,0,0.749,price_proxy,,,,
2019-01-16,0.515,0.1366,0,0.6277,price_proxy,,,,
2019-01-17,0.4818,0.1384,0,1.0734,price_proxy,,,,
2019-01-18,0.4218,0.1276,0,1.1388,price_proxy,,,,
2019-01-21,0.3694,0.1252,0,0.4534,price_proxy,,,,
2019-01-22,0.3915,0.1236,0,0.6514,price_proxy,,,,
2019-01-23,0.4343,0.1215,0,0.8832,price_proxy,,,,
2019-01-24,0.5123,0.1215,0,0.6045,price_proxy,,,,
2019-01-25,0.5814,0.1222,0,0.8374,price_proxy,,,,
2019-01-28,0.5404,0.1086,0,1.0731,price_proxy,,,,
2019-01-29,0.5372,0.1078,0,0.6104,price_proxy,,,,
2019-01-30,0.5339,0.0835,0,0.8882,price_proxy,,,,
2019-01-31,0.582,0.0925,0,1.4862,price_proxy,,,,
2019-02-01,0.5481,0.0858,0,1.1679,price_proxy,,,,
2019-02-07,0.5061,0.0924,0,1.7245,price_proxy,,,,
2019-02-08,0.4117,0.1008,0,1.6873,price_proxy,,,,
2019-02-11,0.4393,0.1009,0,0.8232,price_proxy,,,,
2019-02-12,0.3365,0.1019,0,0.9171,price_proxy,,,,
2019-02-13,0.3502,0.1014,0,0.751,price_proxy,,,,
2019-02-14,0.4363,0.0936,0,1.3732,price_proxy,,,,
2019-02-15,0.5637,0.0954,0,1.0851,price_proxy,,,,
2019-02-18,0.5782,0.098,0,1.0281,price_proxy,,,,
2019-02-19,0.6081,0.0944,0,0.8812,price_proxy,,,,
2019-02-20,0.8302,0.1435,0,3.9879,price_proxy,,,,
2019-02-21,0.8041,0.1436,0,2.2214,price_proxy,,,,
2019-02-22,0.821,0.1445,0,0.8788,price_proxy,,,,
2019-02-25,0.7892,0.1445,0,1.5137,price_proxy,,,,
2019-02-26,0.7534,0.1467,0,0.7772,price_proxy,,,,
2019-02-27,0.5354,0.1468,0,0.9913,price_proxy,,,,
2019-02-28,0.4945,0.148,0,0.9181,price_proxy,,,,
2019-03-04,0.4175,0.1497,0,1.087,price_proxy,,,,
2019-03-05,0.4237,0.15,0,0.5567,price_proxy,,,,
2019-03-06,0.4197,0.1472,0,0.4927,price_proxy,,,,
2019-03-07,0.4331,0.147,0,0.5272,price_proxy,,,,
2019-03-08,0.4754,0.1415,0,0.7499,price_proxy,,,,
2019-03-11,0.4418,0.1361,0,0.8323,price_proxy,,,,
2019-03-12,0.3687,0.139,0,0.9284,price_proxy,,,,
2019-03-13,0.4442,0.1383,0,0.5714,price_proxy,,,,
2019-03-14,0.4474,0.1383,0,0.871,price_proxy,,,,
2019-03-15,0.5387,0.1459,0,1.369,price_proxy,,,,
2019-03-18,0.6371,0.1457,0,0.99,price_proxy,,,,
2019-03-19,0.664,0.1459,0,0.663,price_proxy,,,,
2019-03-20,0.6004,0.1466,0,0.4652,price_proxy,,,,
2019-03-21,0.537,0.0956,0,0.5247,price_proxy,,,,
2019-03-22,0.4295,0.0956,0,0.4612,price_proxy,,,,
2019-03-25,0.353,0.0951,0,0.4959,price_proxy,,,,
2019-03-26,0.4134,0.0973,0,0.5016,price_proxy,,,,
2019-03-27,0.4071,0.0967,0,0.4605,price_proxy,,,,
2019-03-28,0.4134,0.098,0,0.7225,price_proxy,,,,
2019-03-29,0.4551,0.0988,0,0.7462,price_proxy,,,,
2019-04-01,0.5577,0.1014,0,0.6726,price_proxy,,,,
2019-04-02,0.483,0.1015,0,0.6874,price_proxy,,,,
2019-04-03,0.5287,0.1004,0,0.8828,price_proxy,,,,
2019-04-04,0.5847,0.1005,0,0.715,price_proxy,,,,
2019-04-05,0.5402,0.1006,0,0.5311,price_proxy,,,,
2019-04-08,0.4888,0.0939,0,0.8765,price_proxy,,,,
2019-04-09,0.5542,0.0907,0,1.2158,price_proxy,,,,
2019-04-10,0.5198,0.0891,0,1.2255,price_proxy,,,,
2019-04-11,0.4944,0.0889,0,1.1626,price_proxy,,,,
2019-04-12,0.6577,0.1081,0,4.0472,price_proxy,,,,
2019-04-15,0.8103,0.1291,0,3.1072,price_proxy,,,,
2019-04-16,0.7056,0.1334,0,1.1712,price_proxy,,,,
2019-04-17,0.7853,0.1351,0,1.2832,price_proxy,,,,
2019-04-18,0.7219,0.1379,0,0.9315,price_proxy,,,,
2019-04-19,0.6253,0.1395,0,1.4164,price_proxy,,,,
2019-04-22,0.4731,0.1354,0,0.5184,price_proxy,,,,
2019-04-23,0.5579,0.1348,0,0.7247,price_proxy,,,,
2019-04-24,0.478,0.1345,0,0.5717,price_proxy,,,,
2019-04-25,0.5025,0.1348,0,0.7087,price_proxy,,,,
2019-04-26,0.4803,0.1349,0,0.9847,price_proxy,,,,
2019-04-29,0.4926,0.1339,0,0.9313,price_proxy,,,,
2019-04-30,0.3409,0.1527,0,2.4078,price_proxy,,,,
2019-05-02,0.401,0.1537,0,1.0154,price_proxy,,,,
2019-05-03,0.505,0.1568,0,1.1222,price_proxy,,,,
2019-05-07,0.4156,0.1604,0,0.8118,price_proxy,,,,
2019-05-08,0.3981,0.1611,0,0.3564,price_proxy,,,,
2019-05-09,0.4282,0.1708,0,0.8903,price_proxy,,,,
2019-05-10,0.4115,0.171,0,0.6667,price_proxy,,,,
2019-05-13,0.2607,0.1789,0,0.7132,price_proxy,,,,
2019-05-14,0.2928,0.1575,0,1.1026,price_proxy,,,,
2019-05-15,0.3587,0.1392,0,1.0986,price_proxy,,,,
2019-05-16,0.4531,0.1366,0,0.6442,price_proxy,,,,
2019-05-17,0.4019,0.1314,0,0.6798,price_proxy,,,,
2019-05-20,0.48,0.1285,0,0.6322,price_proxy,,,,
2019-05-21,0.4595,0.123,0,1.0243,price_proxy,,,,
2019-05-22,0.4183,0.1238,0,0.5305,price_proxy,,,,
2019-05-23,0.3898,0.1222,0,0.9493,price_proxy,,,,
2019-05-24,0.3424,0.1261,0,0.7409,price_proxy,,,,
2019-05-27,0.3902,0.1291,0,0.5391,price_proxy,,,,
2019-05-28,0.4233,0.1258,0,1.0976,price_proxy,,,,
2019-05-29,0.4002,0.1255,0,0.67,price_proxy,,,,
2019-05-30,0.3954,0.11,0,0.8304,price_proxy,,,,
2019-05-31,0.5156,0.1103,0,1.0051,price_proxy,,,,
2019-06-03,0.4817,0.1004,0,0.7652,price_proxy,,,,
2019-06-04,0.4387,0.0998,0,0.7507,price_proxy,,,,
2019-06-05,0.4567,0.1005,0,0.5573,price_proxy,,,,
2019-06-07,0.5189,0.091,0,0.7946,price_proxy,,,,
2019-06-10,0.4599,0.0886,0,0.6102,price_proxy,,,,
2019-06-11,0.4784,0.0777,0,0.8359,price_proxy,,,,
2019-06-12,0.5127,0.0775,0,0.8213,price_proxy,,,,
2019-06-13,0.5348,0.0725,0,1.1006,price_proxy,,,,
2019-06-14,0.425,0.0832,0,1.584,price_proxy,,,,
2019-06-17,0.4937,0.0903,0,1.2357,price_proxy,,,,
2019-06-18,0.4906,0.0912,0,0.7993,price_proxy,,,,
2019-06-19,0.5031,0.0893,0,0.7252,price_proxy,,,,
2019-06-20,0.472,0.089,0,0.5701,price_proxy,,,,
2019-06-21,0.5292,0.0886,0,1.4567,price_proxy,,,,
2019-06-24,0.4874,0.0796,0,0.5428,price_proxy,,,,
2019-06-25,0.4875,0.0777,0,0.7973,price_proxy,,,,
2019-06-26,0.4309,0.0834,0,1.3325,price_proxy,,,,
2019-06-27,0.4496,0.0838,0,1.1617,price_proxy,,,,
2019-06-28,0.4936,0.0817,0,0.8482,price_proxy,,,,
2019-07-01,0.5,0.0786,0,0.8784,price_proxy,,,,
2019-07-02,0.4653,0.0791,0,0.8216,price_proxy,,,,
2019-07-03,0.513,0.0751,0,0.6902,price_proxy,,,,
2019-07-04,0.529,0.0768,0,1.52,price_proxy,,,,
2019-07-05,0.638,0.0999,0,2.2654,price_proxy,,,,
2019-07-08,0.5127,0.1137,0,0.956,price_proxy,,,,
2019-07-09,0.5192,0.1134,0,0.9819,price_proxy,,,,
2019-07-10,0.529,0.1132,0,1.1873,price_proxy,,,,
2019-07-11,0.5159,0.1126,0,0.9905,price_proxy,,,,
2019-07-12,0.3739,0.1033,0,1.2865,price_proxy,,,,
2019-07-15,0.4716,0.0989,0,0.8056,price_proxy,,,,
2019-07-16,0.5191,0.1004,0,0.9084,price_proxy,,,,
2019-07-17,0.3472,0.1361,0,3.4326,price_proxy,,,,
2019-07-18,0.3357,0.1363,0,1.2471,price_proxy,,,,
2019-07-19,0.3846,0.1366,0,1.1485,price_proxy,,,,
2019-07-22,0.391,0.1364,0,0.4972,price_proxy,,,,
2019-07-23,0.3866,0.1373,0,0.9462,price_proxy,,,,
2019-07-24,0.569,0.1339,0,0.6408,price_proxy,,,,
2019-07-25,0.5689,0.1337,0,0.6648,price_proxy,,,,
2019-07-26,0.4864,0.1364,0,1.4831,price_proxy,,,,
2019-07-29,0.4763,0.1357,0,1.1436,price_proxy,,,,
2019-07-30,0.4466,0.1356,0,0.5524,price_proxy,,,,
2019-07-31,0.4167,0.136,0,1.8375,price_proxy,,,,
2019-08-01,0.3469,0.1384,0,2.3673,price_proxy,,,,
2019-08-02,0.4315,0.12,0,1.0669,price_proxy,,,,
2019-08-05,0.3525,0.1174,0,1.3441,price_proxy,,,,
2019-08-06,0.2701,0.1237,0,1.1969,price_proxy,,,,
2019-08-07,0.3191,0.1258,0,0.7647,price_proxy,,,,
2019-08-08,0.4568,0.1344,0,1.4091,price_proxy,,,,
2019-08-09,0.4539,0.1361,0,0.5363,price_proxy,,,,
2019-08-12,0.4815,0.1381,0,0.5366,price_proxy,,,,
2019-08-13,0.655,0.1445,0,0.671,price_proxy,,,,
2019-08-14,0.5803,0.1151,0,0.5805,price_proxy,,,,
2019-08-16,0.5074,0.1151,0,0.5452,price_proxy,,,,
2019-08-19,0.4964,0.1147,0,0.5357,price_proxy,,,,
2019-08-20,0.5486,0.1145,0,0.491,price_proxy,,,,
2019-08-21,0.4712,0.1127,0,0.5673,price_proxy,,,,
2019-08-22,0.5515,0.115,0,0.9819,price_proxy,,,,
2019-08-23,0.5257,0.1151,0,0.3895,price_proxy,,,,
2019-08-26,0.3946,0.1255,0,0.5245,price_proxy,,,,
2019-08-27,0.4124,0.126,0,1.1387,price_proxy,,,,
2019-08-28,0.4234,0.1264,0,0.4352,price_proxy,,,,
2019-08-29,0.4534,0.1324,0,0.8546,price_proxy,,,,
2019-08-30,0.6377,0.1549,0,1.6271,price_proxy,,,,
2019-09-02,0.761,0.1543,0,0.4286,price_proxy,,,,
2019-09-03,0.8512,0.1521,0,1.3938,price_proxy,,,,
2019-09-04,0.8453,0.141,0,0.7311,price_proxy,,,,
2019-09-05,0.7752,0.141,0,0.7636,price_proxy,,,,
2019-09-06,0.578,0.1386,0,0.6261,price_proxy,,,,
2019-09-09,0.6528,0.1415,0,1.0263,price_proxy,,,,
2019-09-10,0.5455,0.1365,0,0.609,price_proxy,,,,
2019-09-11,0.6165,0.1362,0,1.5855,price_proxy,,,,
2019-09-16,0.6194,0.1322,0,0.8444,price_proxy,,,,
2019-09-17,0.5718,0.1398,0,1.225,price_proxy,,,,
2019-09-18,0.5063,0.1399,0,0.4322,price_proxy,,,,
2019-09-19,0.5445,0.1394,0,0.9783,price_proxy,,,,
2019-09-20,0.5123,0.1398,0,1.3614,price_proxy,,,,
2019-09-23,0.5061,0.1397,0,0.7347,price_proxy,,,,
2019-09-24,0.5945,0.138,0,0.5175,price_proxy,,,,
2019-09-25,0.5566,0.1209,0,0.6468,price_proxy,,,,
2019-09-26,0.5217,0.122,0,0.6962,price_proxy,,,,
2019-09-27,0.5304,0.1228,0,1.3531,price_proxy,,,,
2019-09-30,0.4848,0.1251,0,0.9193,price_proxy,,,,
2019-10-01,0.506,0.096,0,0.683,price_proxy,,,,
2019-10-02,0.5214,0.097,0,0.6557,price_proxy,,,,
2019-10-04,0.5768,0.0885,0,1.09,price_proxy,,,,
2019-10-07,0.5838,0.0923,0,1.1971,price_proxy,,,,
2019-10-08,0.7233,0.1007,0,1.8069,price_proxy,,,,
2019-10-10,0.6469,0.1017,0,1.2612,price_proxy,,,,
2019-10-11,0.4244,0.1589,0,4.1456,price_proxy,,,,
2019-10-14,0.5089,0.1737,0,1.9114,price_proxy,,,,
2019-10-15,0.477,0.1699,0,1.0376,price_proxy,,,,
2019-10-16,0.4505,0.1724,0,1.3099,price_proxy,,,,
2019-10-17,0.4749,0.1674,0,0.6568,price_proxy,,,,
2019-10-18,0.717,0.1676,0,0.6176,price_proxy,,,,
2019-10-21,0.5471,0.1687,0,0.4978,price_proxy,,,,
2019-10-22,0.5756,0.1695,0,0.7406,price_proxy,,,,
2019-10-23,0.5028,0.1698,0,0.6464,price_proxy,,,,
2019-10-24,0.4802,0.1708,0,0.6315,price_proxy,,,,
2019-10-25,0.4716,0.1698,0,0.5177,price_proxy,,,,
2019-10-28,0.5173,0.1696,0,1.1053,price_proxy,,,,
2019-10-29,0.5084,0.1692,0,0.9764,price_proxy,,,,
2019-10-30,0.8803,0.248,0,3.5552,price_proxy,,,,
2019-10-31,0.9171,0.2483,0,2.4854,price_proxy,,,,
2019-11-01,0.9633,0.2471,0,1.5274,price_proxy,,,,
2019-11-04,0.9993,0.2471,0,1.2747,price_proxy,,,,
2019-11-05,0.9379,0.2471,0,1.6578,price_proxy,,,,
2019-11-06,0.5686,0.2448,0,2.0505,price_proxy,,,,
2019-11-07,0.5544,0.2438,0,1.5054,price_proxy,,,,
2019-11-08,0.4695,0.2079,0,1.1469,price_proxy,,,,
2019-11-11,0.4039,0.2009,0,0.6873,price_proxy,,,,
2019-11-12,0.3647,0.2041,0,0.8719,price_proxy,,,,
2019-11-13,0.2936,0.2086,0,0.8032,price_proxy,,,,
2019-11-14,0.3385,0.2088,0,1.0859,price_proxy,,,,
2019-11-15,0.4025,0.2085,0,0.6853,price_proxy,,,,
2019-11-18,0.387,0.2091,0,0.4121,price_proxy,,,,
2019-11-19,0.4336,0.208,0,0.4972,price_proxy,,,,
2019-11-20,0.5077,0.2077,0,0.4768,price_proxy,,,,
2019-11-21,0.4824,0.2065,0,0.6376,price_proxy,,,,
2019-11-22,0.4525,0.2069,0,0.2868,price_proxy,,,,
2019-11-25,0.5306,0.2074,0,0.3546,price_proxy,,,,
2019-11-26,0.4669,0.2104,0,1.0241,price_proxy,,,,
2019-11-27,0.528,0.089,0,0.6022,price_proxy,,,,
2019-11-28,0.5785,0.096,0,1.7106,price_proxy,,,,
2019-11-29,0.5794,0.0954,0,0.884,price_proxy,,,,
2019-12-02,0.5678,0.0931,0,0.7579,price_proxy,,,,
2019-12-03,0.6164,0.0932,0,0.4416,price_proxy,,,,
2019-12-04,0.5352,0.0934,0,0.6785,price_proxy,,,,
2019-12-05,0.3685,0.1072,0,1.2446,price_proxy,,,,
2019-12-06,0.4138,0.1055,0,0.7404,price_proxy,,,,
2019-12-09,0.3689,0.1054,0,0.6829,price_proxy,,,,
2019-12-10,0.4193,0.1058,0,0.6752,price_proxy,,,,
2019-12-11,0.4309,0.0977,0,0.6716,price_proxy,,,,
2019-12-12,0.5548,0.0958,0,1.2897,price_proxy,,,,
2019-12-13,0.5721,0.0985,0,0.9249,price_proxy,,,,
2019-12-16,0.5312,0.1013,0,0.7167,price_proxy,,,,
2019-12-17,0.551,0.106,0,0.8312,price_proxy,,,,
2019-12-18,0.5716,0.106,0,0.6377,price_proxy,,,,
2019-12-19,0.5482,0.1061,0,0.4347,price_proxy,,,,
2019-12-20,0.587,0.1129,0,1.746,price_proxy,,,,
2019-12-23,0.6458,0.1115,0,0.4595,price_proxy,,,,
2019-12-24,0.5621,0.1065,0,0.4257,price_proxy,,,,
2019-12-26,0.5,0.1063,0,1.916,price_proxy,,,,
2019-12-27,0.5149,0.1009,0,0.7095,price_proxy,,,,
2019-12-30,0.469,0.1017,0,0.7102,price_proxy,,,,
2020-01-02,0.4833,0.1008,0,1.1252,price_proxy,,,,
2020-01-03,0.4831,0.1012,0,1.0006,price_proxy,,,,
2020-01-06,0.4951,0.1026,0,0.6458,price_proxy,,,,
2020-01-07,0.6082,0.1037,0,1.8218,price_proxy,,,,
2020-01-08,0.5363,0.1062,0,1.0324,price_proxy,,,,
2020-01-09,0.524,0.1053,0,1.0096,price_proxy,,,,
2020-01-10,0.5996,0.1066,0,1.1962,price_proxy,,,,
2020-01-13,0.7277,0.1128,0,1.7715,price_proxy,,,,
2020-01-14,0.6074,0.1129,0,1.0814,price_proxy,,,,
2020-01-15,0.6615,0.1118,0,0.9277,price_proxy,,,,
2020-01-16,0.6758,0.1047,0,1.059,price_proxy,,,,
2020-01-17,0.6111,0.1027,0,0.6448,price_proxy,,,,
2020-01-20,0.4178,0.121,0,1.6094,price_proxy,,,,
2020-01-21,0.3782,0.1228,0,1.156,price_proxy,,,,
2020-01-22,0.3857,0.1158,0,1.1476,price_proxy,,,,
2020-01-23,0.3166,0.1206,0,1.1875,price_proxy,,,,
2020-01-28,0.1842,0.1453,0,1.8084,price_proxy,,,,
2020-01-29,0.2937,0.1439,0,1.0126,price_proxy,,,,
2020-01-30,0.2453,0.1505,0,0.7526,price_proxy,,,,
2020-01-31,0.183,0.1499,0,1.0831,price_proxy,,,,
2020-02-03,0.2788,0.153,0,1.3842,price_proxy,,,,
2020-02-04,0.4271,0.153,0,1.0898,price_proxy,,,,
2020-02-05,0.27,0.1695,0,2.5725,price_proxy,,,,
2020-02-06,0.3892,0.1551,0,1.1129,price_proxy,,,,
2020-02-07,0.4197,0.1549,0,0.9449,price_proxy,,,,
2020-02-10,0.3676,0.1547,0,0.6781,price_proxy,,,,
2020-02-11,0.3811,0.1508,0,0.7617,price_proxy,,,,
2020-02-12,0.5993,0.1475,0,1.1049,price_proxy,,,,
2020-02-13,0.5458,0.1468,0,1.2549,price_proxy,,,,
2020-02-14,0.5722,0.1463,0,0.4426,price_proxy,,,,
2020-02-17,0.6071,0.1476,0,0.686,price_proxy,,,,
2020-02-18,0.5489,0.1477,0,0.5856,price_proxy,,,,
2020-02-19,0.4611,0.1401,0,0.7445,price_proxy,,,,
2020-02-20,0.4161,0.1413,0,0.6995,price_proxy,,,,
2020-02-21,0.3774,0.1393,0,0.7973,price_proxy,,,,
2020-02-24,0.2747,0.1416,0,1.122,price_proxy,,,,
2020-02-25,0.3766,0.1305,0,0.9685,price_proxy,,,,
2020-02-26,0.3638,0.13,0,1.6572,price_proxy,,,,
2020-02-27,0.4007,0.1236,0,0.6902,price_proxy,,,,
2020-02-28,0.3398,0.13,0,1.1794,price_proxy,,,,
2020-03-02,0.4628,0.1293,0,1.0166,price_proxy,,,,
2020-03-03,0.3416,0.1309,0,1.0533,price_proxy,,,,
2020-03-04,0.4178,0.1125,0,0.7115,price_proxy,,,,
2020-03-05,0.4816,0.1134,0,1.5003,price_proxy,,,,
2020-03-06,0.5258,0.1159,0,0.5103,price_proxy,,,,
2020-03-09,0.4085,0.1207,0,0.7535,price_proxy,,,,
2020-03-10,0.487,0.1214,0,1.1746,price_proxy,,,,
2020-03-11,0.3317,0.1246,0,1.654,price_proxy,,,,
2020-03-12,0.2085,0.1296,0,2.0035,price_proxy,,,,
2020-03-13,0.1752,0.1327,0,1.9432,price_proxy,,,,
2020-03-16,0.1512,0.1336,0,1.1734,price_proxy,,,,
2020-03-17,0.183,0.1434,0,1.4337,price_proxy,,,,
2020-03-18,0.2782,0.1438,0,1.4759,price_proxy,,,,
2020-03-19,0.2423,0.1525,0,1.4223,price_proxy,,,,
2020-03-20,0.3688,0.1586,0,1.1397,price_proxy,,,,
2020-03-23,0.2558,0.1851,0,0.8715,price_proxy,,,,
2020-03-24,0.3233,0.2003,0,0.8753,price_proxy,,,,
2020-03-25,0.5195,0.2373,0,1.2854,price_proxy,,,,
2020-03-26,0.7333,0.2421,0,1.0652,price_proxy,,,,
2020-03-27,0.6974,0.2386,0,1.0193,price_proxy,,,,
2020-03-30,0.9675,0.2367,0,0.5053,price_proxy,,,,
2020-03-31,0.86,0.2375,0,0.7603,price_proxy,,,,
2020-04-01,0.4537,0.2508,0,0.7706,price_proxy,,,,
2020-04-02,0.4739,0.2553,0,0.558,price_proxy,,,,
2020-04-03,0.3963,0.2558,0,0.9658,price_proxy,,,,
2020-04-06,0.4519,0.2572,0,1.052,price_proxy,,,,
2020-04-07,0.4531,0.2586,0,0.9883,price_proxy,,,,
2020-04-08,0.8399,0.2717,0,2.0949,price_proxy,,,,
2020-04-09,0.7647,0.2665,0,1.2837,price_proxy,,,,
2020-04-10,0.8633,0.2604,0,0.8176,price_proxy,,,,
2020-04-13,0.7727,0.2528,0,0.9155,price_proxy,,,,
2020-04-14,0.744,0.2518,0,0.7772,price_proxy,,,,
2020-04-16,0.5372,0.252,0,0.7681,price_proxy,,,,
2020-04-17,0.5868,0.2394,0,1.1008,price_proxy,,,,
2020-04-20,0.5033,0.2437,0,0.8444,price_proxy,,,,
2020-04-21,0.4567,0.2105,0,1.206,price_proxy,,,,
2020-04-22,0.4209,0.2024,0,0.7943,price_proxy,,,,
2020-04-23,0.4403,0.1748,0,0.77,price_proxy,,,,
2020-04-24,0.3432,0.1733,0,0.7979,price_proxy,,,,
2020-04-27,0.4208,0.1734,0,0.6137,price_proxy,,,,
2020-04-28,0.4864,0.1734,0,1.227,price_proxy,,,,
2020-04-29,0.4931,0.1722,0,1.0792,price_proxy,,,,
2020-05-04,0.4145,0.1476,0,1.1964,price_proxy,,,,
2020-05-06,0.4583,0.1408,0,0.9118,price_proxy,,,,
2020-05-07,0.4553,0.1351,0,1.0198,price_proxy,,,,
2020-05-08,0.4794,0.1324,0,0.672,price_proxy,,,,
2020-05-11,0.4277,0.1352,0,0.7267,price_proxy,,,,
2020-05-12,0.4464,0.0914,0,0.6614,price_proxy,,,,
2020-05-13,0.4539,0.0912,0,0.631,price_proxy,,,,
2020-05-14,0.4332,0.0899,0,0.6516,price_proxy,,,,
2020-05-15,0.4064,0.0899,0,0.587,price_proxy,,,,
2020-05-18,0.4536,0.0882,0,0.4489,price_proxy,,,,
2020-05-19,0.6211,0.1097,0,1.4587,price_proxy,,,,
2020-05-20,0.5653,0.1018,0,0.8722,price_proxy,,,,
2020-05-21,0.5873,0.0984,0,0.8238,price_proxy,,,,
2020-05-22,0.5145,0.0997,0,0.9539,price_proxy,,,,
2020-05-25,0.4927,0.1006,0,0.8648,price_proxy,,,,
2020-05-26,0.4135,0.1022,0,0.6979,price_proxy,,,,
2020-05-27,0.4508,0.1014,0,0.6525,price_proxy,,,,
2020-05-28,0.4094,0.1011,0,1.0266,price_proxy,,,,
2020-05-29,0.5866,0.1181,0,1.5287,price_proxy,,,,
2020-06-01,0.5661,0.1212,0,0.9651,price_proxy,,,,
2020-06-02,0.5434,0.1148,0,0.8672,price_proxy,,,,
2020-06-03,0.5685,0.1158,0,1.6075,price_proxy,,,,
2020-06-04,0.6533,0.119,0,2.902,price_proxy,,,,
2020-06-05,0.545,0.1182,0,1.2192,price_proxy,,,,
2020-06-08,0.6066,0.1131,0,1.0512,price_proxy,,,,
2020-06-09,0.5531,0.1117,0,1.1246,price_proxy,,,,
2020-06-10,0.5105,0.1117,0,0.5869,price_proxy,,,,
2020-06-11,0.4017,0.1162,0,1.3179,price_proxy,,,,
2020-06-12,0.3308,0.1226,0,1.1693,price_proxy,,,,
2020-06-15,0.1931,0.1442,0,1.1857,price_proxy,,,,
2020-06-16,0.2931,0.1353,0,0.7635,price_proxy,,,,
2020-06-17,0.2504,0.1373,0,1.1798,price_proxy,,,,
2020-06-18,0.3039,0.1366,0,0.8004,price_proxy,,,,
2020-06-19,0.4187,0.1365,0,0.7589,price_proxy,,,,
2020-06-22,0.492,0.1405,0,0.7562,price_proxy,,,,
2020-06-23,0.4019,0.1392,0,0.9242,price_proxy,,,,
2020-06-24,0.4743,0.1396,0,0.4878,price_proxy,,,,
2020-06-25,0.3814,0.1458,0,1.1352,price_proxy,,,,
2020-06-26,0.3632,0.1316,0,0.7536,price_proxy,,,,
2020-06-29,0.384,0.1315,0,0.6618,price_proxy,,,,
2020-06-30,0.587,0.1716,0,6.4408,price_proxy,,,,
2020-07-01,0.488,0.1741,0,1.1929,price_proxy,,,,
2020-07-02,0.6849,0.1806,0,1.1319,price_proxy,,,,
2020-07-03,0.7048,0.1834,0,1.0282,price_proxy,,,,
2020-07-06,0.759,0.1832,0,0.5172,price_proxy,,,,
2020-07-07,0.5233,0.1829,0,0.6416,price_proxy,,,,
2020-07-08,0.6191,0.1832,0,0.4611,price_proxy,,,,
2020-07-09,0.5231,0.1813,0,0.6095,price_proxy,,,,
2020-07-10,0.4137,0.1803,0,0.5069,price_proxy,,,,
2020-07-13,0.4436,0.1631,0,0.3045,price_proxy,,,,
2020-07-14,0.5345,0.1612,0,0.539,price_proxy,,,,
2020-07-15,0.5305,0.1576,0,0.5098,price_proxy,,,,
2020-07-16,0.5798,0.1594,0,0.7567,price_proxy,,,,
2020-07-17,0.649,0.1577,0,0.4666,price_proxy,,,,
2020-07-20,0.5928,0.1525,0,0.6784,price_proxy,,,,
2020-07-21,0.5678,0.1518,0,0.5524,price_proxy,,,,
2020-07-22,0.515,0.1546,0,0.4579,price_proxy,,,,
2020-07-23,0.4122,0.1486,0,0.515,price_proxy,,,,
2020-07-24,0.4489,0.1491,0,0.4126,price_proxy,,,,
2020-07-27,0.4889,0.145,0,0.2879,price_proxy,,,,
2020-07-28,0.4344,0.1074,0,0.5484,price_proxy,,,,
2020-07-29,0.5074,0.0977,0,0.5967,price_proxy,,,,
2020-07-30,0.5727,0.0839,0,0.9863,price_proxy,,,,
2020-07-31,0.4963,0.0821,0,0.9554,price_proxy,,,,
2020-08-03,0.4257,0.0874,0,0.9183,price_proxy,,,,
2020-08-04,0.4623,0.0854,0,0.5797,price_proxy,,,,
2020-08-05,0.474,0.0881,0,1.0544,price_proxy,,,,
2020-08-06,0.4779,0.0884,0,0.7888,price_proxy,,,,
2020-08-07,0.5675,0.0854,0,2.369,price_proxy,,,,
2020-08-10,0.6274,0.0848,0,1.3995,price_proxy,,,,
2020-08-11,0.6574,0.0827,0,1.7841,price_proxy,,,,
2020-08-12,0.688,0.0897,0,2.168,price_proxy,,,,
2020-08-13,0.7015,0.087,0,2.3128,price_proxy,,,,
2020-08-14,0.667,0.0874,0,2.2726,price_proxy,,,,
2020-08-18,0.5472,0.1068,0,1.5877,price_proxy,,,,
2020-08-19,0.5107,0.1059,0,1.1196,price_proxy,,,,
2020-08-20,0.3454,0.1167,0,0.9448,price_proxy,,,,
2020-08-21,0.3136,0.1131,0,0.7056,price_proxy,,,,
2020-08-24,0.2822,0.1111,0,0.5284,price_proxy,,,,
2020-08-25,0.4504,0.1166,0,0.4857,price_proxy,,,,
2020-08-26,0.4009,0.1186,0,0.6267,price_proxy,,,,
2020-08-27,0.4628,0.1192,0,0.6815,price_proxy,,,,
2020-08-28,0.4364,0.1202,0,0.7056,price_proxy,,,,
2020-08-31,0.4173,0.1201,0,1.083,price_proxy,,,,
2020-09-01,0.3727,0.1169,0,0.5495,price_proxy,,,,
2020-09-02,0.4404,0.1174,0,0.5819,price_proxy,,,,
2020-09-03,0.4772,0.1151,0,0.4932,price_proxy,,,,
2020-09-04,0.4768,0.116,0,0.6068,price_proxy,,,,
2020-09-07,0.4961,0.1111,0,0.6574,price_proxy,,,,
2020-09-08,0.4806,0.1112,0,0.6674,price_proxy,,,,
2020-09-09,0.4309,0.1085,0,0.6693,price_proxy,,,,
2020-09-10,0.4194,0.0984,0,0.9632,price_proxy,,,,
2020-09-11,0.4727,0.0975,0,0.5967,price_proxy,,,,
2020-09-14,0.5354,0.1018,0,1.1451,price_proxy,,,,
2020-09-15,0.5196,0.0863,0,0.694,price_proxy,,,,
2020-09-16,0.5278,0.0862,0,1.7451,price_proxy,,,,
2020-09-17,0.536,0.0704,0,0.7162,price_proxy,,,,
2020-09-18,0.5,0.0706,0,0.6254,price_proxy,,,,
2020-09-21,0.4421,0.0705,0,0.683,price_proxy,,,,
2020-09-22,0.3951,0.0634,0,1.1333,price_proxy,,,,
2020-09-23,0.3882,0.0609,0,0.8508,price_proxy,,,,
2020-09-24,0.3644,0.06,0,0.8955,price_proxy,,,,
2020-09-25,0.3713,0.0585,0,0.609,price_proxy,,,,
2020-09-28,0.4205,0.0636,0,0.4862,price_proxy,,,,
2020-09-29,0.5041,0.0643,0,0.7239,price_proxy,,,,
2020-10-05,0.5478,0.0635,0,0.8415,price_proxy,,,,
2020-10-06,0.5674,0.0634,0,0.5727,price_proxy,,,,
2020-10-07,0.572,0.0614,0,0.6131,price_proxy,,,,
2020-10-08,0.5352,0.0616,0,0.9201,price_proxy,,,,
2020-10-12,0.5613,0.0679,0,1.2271,price_proxy,,,,
2020-10-13,0.5142,0.0682,0,0.7282,price_proxy,,,,
2020-10-14,0.4837,0.0711,0,0.9558,price_proxy,,,,
2020-10-15,0.4734,0.0702,0,0.6923,price_proxy,,,,
2020-10-16,0.4797,0.064,0,1.1255,price_proxy,,,,
2020-10-19,0.4464,0.065,0,0.93,price_proxy,,,,
2020-10-20,0.4416,0.0665,0,0.8972,price_proxy,,,,
2020-10-21,0.4815,0.0666,0,0.8749,price_proxy,,,,
2020-10-22,0.4876,0.0663,0,0.9145,price_proxy,,,,
2020-10-23,0.4712,0.0663,0,0.8335,price_proxy,,,,
2020-10-26,0.4083,0.0637,0,1.5484,price_proxy,,,,
2020-10-27,0.4004,0.0659,0,1.434,price_proxy,,,,
2020-10-28,0.3859,0.0648,0,1.2178,price_proxy,,,,
2020-10-29,0.3938,0.0648,0,1.387,price_proxy,,,,
2020-10-30,0.3165,0.0718,0,2.2083,price_proxy,,,,
2020-11-02,0.3718,0.0703,0,0.8709,price_proxy,,,,
2020-11-03,0.4738,0.0796,0,1.0976,price_proxy,,,,
2020-11-04,0.5022,0.0804,0,1.1601,price_proxy,,,,
2020-11-05,0.5198,0.0815,0,0.878,price_proxy,,,,
2020-11-06,0.6217,0.0818,0,0.8434,price_proxy,,,,
2020-11-09,0.637,0.0776,0,1.0381,price_proxy,,,,
2020-11-10,0.6128,0.0805,0,3.5914,price_proxy,,,,
2020-11-11,0.678,0.0879,0,2.2155,price_proxy,,,,
2020-11-12,0.6743,0.0876,0,1.7012,price_proxy,,,,
2020-11-13,0.6385,0.0882,0,1.1232,price_proxy,,,,
2020-11-16,0.5684,0.0906,0,1.3279,price_proxy,,,,
2020-11-17,0.5733,0.0917,0,3.0602,price_proxy,,,,
2020-11-18,0.5424,0.0943,0,1.4532,price_proxy,,,,
2020-11-19,0.5361,0.094,0,0.8455,price_proxy,,,,
2020-11-20,0.6781,0.111,0,2.8159,price_proxy,,,,
2020-11-23,0.781,0.1076,0,1.4235,price_proxy,,,,
2020-11-24,0.7343,0.1027,0,1.4549,price_proxy,,,,
2020-11-25,0.6186,0.1099,0,1.2323,price_proxy,,,,
2020-11-26,0.6142,0.1098,0,0.7108,price_proxy,,,,
2020-11-27,0.4442,0.1022,0,1.1598,price_proxy,,,,
2020-11-30,0.4058,0.1022,0,1.5631,price_proxy,,,,
2020-12-01,0.4277,0.0992,0,0.4725,price_proxy,,,,
2020-12-02,0.5448,0.1014,0,0.7983,price_proxy,,,,
2020-12-03,0.5596,0.1014,0,0.812,price_proxy,,,,
2020-12-04,0.5803,0.105,0,0.5897,price_proxy,,,,
2020-12-07,0.5418,0.1072,0,0.5151,price_proxy,,,,
2020-12-08,0.5338,0.1063,0,0.4304,price_proxy,,,,
2020-12-09,0.5876,0.1138,0,1.8658,price_proxy,,,,
2020-12-10,0.5904,0.1138,0,1.9019,price_proxy,,,,
2020-12-11,0.6471,0.1121,0,1.0152,price_proxy,,,,
2020-12-14,0.5968,0.118,0,0.9775,price_proxy,,,,
2020-12-15,0.5443,0.1194,0,0.6731,price_proxy,,,,
2020-12-16,0.4545,0.118,0,0.3986,price_proxy,,,,
2020-12-17,0.4239,0.1186,0,0.6767,price_proxy,,,,
2020-12-18,0.411,0.102,0,0.5459,price_proxy,,,,
2020-12-21,0.4467,0.1004,0,0.9218,price_proxy,,,,
2020-12-22,0.435,0.1029,0,0.4524,price_proxy,,,,
2020-12-23,0.407,0.0978,0,0.5462,price_proxy,,,,
2020-12-24,0.4353,0.0983,0,0.4375,price_proxy,,,,
2020-12-28,0.4176,0.0941,0,0.4549,price_proxy,,,,
2020-12-29,0.5,0.0971,0,0.57,price_proxy,,,,
2020-12-30,0.5485,0.0963,0,0.6208,price_proxy,,,,
2021-01-04,0.5263,0.0934,0,0.9662,price_proxy,,,,
2021-01-05,0.5632,0.0976,0,1.0498,price_proxy,,,,
2021-01-06,0.5636,0.0961,0,1.1098,price_proxy,,,,
2021-01-07,0.5182,0.0949,0,1.255,price_proxy,,,,
2021-01-08,0.5911,0.1022,0,1.3869,price_proxy,,,,
2021-01-11,0.5778,0.0874,0,1.5904,price_proxy,,,,
2021-01-12,0.5973,0.0958,0,2.156,price_proxy,,,,
2021-01-13,0.6957,0.1047,0,2.1021,price_proxy,,,,
2021-01-14,0.7351,0.0971,0,1.4166,price_proxy,,,,
2021-01-15,0.6777,0.0945,0,1.9476,price_proxy,,,,
2021-01-18,0.6355,0.1071,0,1.0938,price_proxy,,,,
2021-01-19,0.5997,0.108,0,0.8206,price_proxy,,,,
2021-01-20,0.5825,0.1119,0,1.056,price_proxy,,,,
2021-01-21,0.5583,0.1085,0,0.833,price_proxy,,,,
2021-01-22,0.5512,0.1034,0,1.3676,price_proxy,,,,
2021-01-25,0.717,0.1057,0,1.1846,price_proxy,,,,
2021-01-26,0.5851,0.1192,0,0.9574,price_proxy,,,,
2021-01-27,0.4937,0.1204,0,0.6793,price_proxy,,,,
2021-01-28,0.4371,0.1228,0,0.7301,price_proxy,,,,
2021-01-29,0.3378,0.1338,0,1.142,price_proxy,,,,
2021-02-01,0.2952,0.1321,0,0.5392,price_proxy,,,,
2021-02-02,0.4058,0.1306,0,0.4981,price_proxy,,,,
2021-02-03,0.4014,0.1318,0,0.507,price_proxy,,,,
2021-02-04,0.4838,0.133,0,0.7993,price_proxy,,,,
2021-02-05,0.629,0.1302,0,0.716,price_proxy,,,,
2021-02-08,0.6208,0.1265,0,0.688,price_proxy,,,,
2021-02-09,0.5659,0.1224,0,0.5616,price_proxy,,,,
2021-02-10,0.6104,0.1152,0,0.5714,price_proxy,,,,
2021-02-15,0.5818,0.1138,0,0.587,price_proxy,,,,
2021-02-16,0.4936,0.115,0,0.5795,price_proxy,,,,
2021-02-17,0.4715,0.1052,0,0.7513,price_proxy,,,,
2021-02-18,0.5096,0.1038,0,1.2478,price_proxy,,,,
2021-02-19,0.5032,0.098,0,0.8139,price_proxy,,,,
2021-02-22,0.5157,0.0988,0,1.1013,price_proxy,,,,
2021-02-23,0.6056,0.1023,0,1.5629,price_proxy,,,,
2021-02-24,0.5385,0.1017,0,1.3176,price_proxy,,,,
2021-02-25,0.5698,0.0964,0,1.7258,price_proxy,,,,
2021-02-26,0.5475,0.0957,0,1.2588,price_proxy,,,,
2021-03-02,0.4906,0.0941,0,2.051,price_proxy,,,,
2021-03-03,0.4726,0.0802,0,1.0915,price_proxy,,,,
2021-03-04,0.5504,0.0798,0,1.1515,price_proxy,,,,
2021-03-05,0.4939,0.0785,0,5.8978,price_proxy,,,,
2021-03-08,0.4753,0.0791,0,0.3937,price_proxy,,,,
2021-03-09,0.5157,0.0765,0,0.6935,price_proxy,,,,
2021-03-10,0.4538,0.0738,0,0.4389,price_proxy,,,,
2021-03-11,0.4232,0.0746,0,0.7519,price_proxy,,,,
2021-03-12,0.4446,0.0748,0,0.3829,price_proxy,,,,
2021-03-15,0.4781,0.0745,0,0.6195,price_proxy,,,,
2021-03-16,0.4471,0.0746,0,0.743,price_proxy,,,,
2021-03-17,0.5063,0.0742,0,0.5926,price_proxy,,,,
2021-03-18,0.5,0.0762,0,0.6063,price_proxy,,,,
2021-03-19,0.462,0.0759,0,0.6114,price_proxy,,,,
2021-03-22,0.5032,0.0792,0,0.7016,price_proxy,,,,
2021-03-23,0.5351,0.078,0,0.782,price_proxy,,,,
2021-03-24,0.4654,0.0744,0,0.3587,price_proxy,,,,
2021-03-25,0.5607,0.0736,0,0.8376,price_proxy,,,,
2021-03-26,0.5903,0.0679,0,0.7197,price_proxy,,,,
2021-03-29,0.5569,0.0676,0,1.1503,price_proxy,,,,
2021-03-30,0.5973,0.0708,0,1.2546,price_proxy,,,,
2021-03-31,0.5768,0.0759,0,1.0402,price_proxy,,,,
2021-04-01,0.5341,0.0767,0,0.484,price_proxy,,,,
2021-04-02,0.5401,0.077,0,0.6707,price_proxy,,,,
2021-04-05,0.5276,0.0744,0,0.4967,price_proxy,,,,
2021-04-06,0.479,0.0743,0,0.5745,price_proxy,,,,
2021-04-07,0.537,0.0723,0,0.6183,price_proxy,,,,
2021-04-08,0.5427,0.0712,0,0.85,price_proxy,,,,
2021-04-09,0.5151,0.0716,0,1.3082,price_proxy,,,,
2021-04-12,0.5273,0.0715,0,0.5444,price_proxy,,,,
2021-04-13,0.5908,0.0767,0,1.4593,price_proxy,,,,
2021-04-14,0.6089,0.0759,0,1.0678,price_proxy,,,,
2021-04-15,0.5716,0.0732,0,0.7973,price_proxy,,,,
2021-04-16,0.6021,0.0713,0,0.807,price_proxy,,,,
2021-04-19,0.5927,0.0696,0,0.5929,price_proxy,,,,
2021-04-20,0.5637,0.0711,0,0.7613,price_proxy,,,,
2021-04-21,0.4656,0.0819,0,1.5062,price_proxy,,,,
2021-04-22,0.4481,0.078,0,0.8513,price_proxy,,,,
2021-04-23,0.4314,0.078,0,0.6851,price_proxy,,,,
2021-04-26,0.44,0.078,0,0.7563,price_proxy,,,,
2021-04-27,0.3513,0.0795,0,1.222,price_proxy,,,,
2021-04-28,0.6226,0.1293,0,6.435,price_proxy,,,,
2021-04-29,0.7249,0.1327,0,3.3097,price_proxy,,,,
2021-04-30,0.6746,0.1364,0,1.3196,price_proxy,,,,
2021-05-03,0.6355,0.1377,0,0.8268,price_proxy,,,,
2021-05-04,0.6636,0.1394,0,1.1711,price_proxy,,,,
2021-05-06,0.533,0.143,0,1.1492,price_proxy,,,,
2021-05-07,0.4681,0.1428,0,0.5627,price_proxy,,,,
2021-05-10,0.5571,0.1432,0,0.7254,price_proxy,,,,
2021-05-11,0.6214,0.1436,0,1.0529,price_proxy,,,,
2021-05-12,0.612,0.1434,0,0.8461,price_proxy,,,,
2021-05-13,0.5406,0.1434,0,0.8402,price_proxy,,,,
2021-05-14,0.5189,0.1438,0,0.3987,price_proxy,,,,
2021-05-17,0.4894,0.1438,0,0.5028,price_proxy,,,,
2021-05-18,0.4792,0.1439,0,0.4996,price_proxy,,,,
2021-05-20,0.5265,0.1431,0,0.584,price_proxy,,,,
2021-05-21,0.4469,0.1431,0,0.5936,price_proxy,,,,
2021-05-24,0.4813,0.1419,0,0.359,price_proxy,,,,
2021-05-25,0.5293,0.1444,0,0.4862,price_proxy,,,,
2021-05-26,0.5079,0.1445,0,0.4674,price_proxy,,,,
2021-05-27,0.5105,0.1393,0,1.2913,price_proxy,,,,
2021-05-28,0.579,0.0928,0,0.6789,price_proxy,,,,
2021-05-31,0.6,0.0878,0,0.9624,price_proxy,,,,
2021-06-01,0.5498,0.0835,0,0.9825,price_proxy,,,,
2021-06-02,0.5838,0.0827,0,1.4077,price_proxy,,,,
2021-06-03,0.5391,0.083,0,1.2486,price_proxy,,,,
2021-06-04,0.5393,0.0765,0,0.6653,price_proxy,,,,
2021-06-07,0.482,0.0777,0,1.0313,price_proxy,,,,
2021-06-08,0.4923,0.0755,0,0.6935,price_proxy,,,,
2021-06-09,0.4347,0.0746,0,0.7313,price_proxy,,,,
2021-06-10,0.4847,0.0718,0,0.9122,price_proxy,,,,
2021-06-11,0.4434,0.0779,0,1.7125,price_proxy,,,,
2021-06-14,0.4584,0.0773,0,0.8782,price_proxy,,,,
2021-06-15,0.4358,0.077,0,0.7676,price_proxy,,,,
2021-06-16,0.4584,0.0759,0,1.0632,price_proxy,,,,
2021-06-17,0.4434,0.0757,0,0.5865,price_proxy,,,,
2021-06-18,0.4735,0.0638,0,0.7913,price_proxy,,,,
2021-06-21,0.4629,0.0639,0,0.7949,price_proxy,,,,
2021-06-22,0.4363,0.0552,0,0.9208,price_proxy,,,,
2021-06-23,0.317,0.0836,0,3.1405,price_proxy,,,,
2021-06-24,0.2483,0.0889,0,3.4272,price_proxy,,,,
2021-06-25,0.2802,0.0901,0,1.3586,price_proxy,,,,
2021-06-28,0.2676,0.0859,0,1.41,price_proxy,,,,
2021-06-29,0.2808,0.0844,0,1.1545,price_proxy,,,,
2021-06-30,0.3686,0.079,0,1.1824,price_proxy,,,,
2021-07-01,0.4333,0.0791,0,0.7798,price_proxy,,,,
2021-07-02,0.4247,0.08,0,0.6107,price_proxy,,,,
2021-07-05,0.4572,0.0809,0,0.489,price_proxy,,,,
2021-07-06,0.4723,0.0785,0,0.7923,price_proxy,,,,
2021-07-07,0.4906,0.0785,0,0.6647,price_proxy,,,,
2021-07-08,0.4436,0.0778,0,1.1803,price_proxy,,,,
2021-07-09,0.403,0.0763,0,1.2044,price_proxy,,,,
2021-07-12,0.425,0.08,0,0.4801,price_proxy,,,,
2021-07-13,0.447,0.0831,0,0.8185,price_proxy,,,,
2021-07-14,0.4403,0.0824,0,0.4697,price_proxy,,,,
2021-07-15,0.5032,0.0831,0,0.4918,price_proxy,,,,
2021-07-16,0.5493,0.0841,0,0.3037,price_proxy,,,,
2021-07-19,0.474,0.0856,0,0.5922,price_proxy,,,,
2021-07-20,0.4391,0.0857,0,0.6877,price_proxy,,,,
2021-07-21,0.445,0.0625,0,0.5772,price_proxy,,,,
2021-07-22,0.4581,0.0556,0,0.9879,price_proxy,,,,
2021-07-23,0.4262,0.0552,0,1.0546,price_proxy,,,,
2021-07-26,0.4737,0.0542,0,0.7022,price_proxy,,,,
2021-07-27,0.4702,0.0542,0,0.7839,price_proxy,,,,
2021-07-28,0.4967,0.0539,0,1.3496,price_proxy,,,,
2021-07-29,0.398,0.0656,0,2.2931,price_proxy,,,,
2021-07-30,0.42,0.0653,0,0.988,price_proxy,,,,
2021-08-02,0.4367,0.0666,0,0.5184,price_proxy,,,,
2021-08-03,0.4262,0.0666,0,1.03,price_proxy,,,,
2021-08-04,0.4567,0.0729,0,0.9899,price_proxy,,,,
2021-08-05,0.5555,0.0698,0,1.073,price_proxy,,,,
2021-08-06,0.5764,0.0678,0,0.882,price_proxy,,,,
2021-08-09,0.5241,0.068,0,0.9198,price_proxy,,,,
2021-08-10,0.5244,0.0665,0,0.8227,price_proxy,,,,
2021-08-11,0.483,0.0663,0,0.7493,price_proxy,,,,
2021-08-12,0.4427,0.0662,0,1.1648,price_proxy,,,,
2021-08-13,0.3863,0.0681,0,1.1669,price_proxy,,,,
2021-08-17,0.3741,0.0678,0,1.1575,price_proxy,,,,
2021-08-18,0.4621,0.0796,0,0.6736,price_proxy,,,,
2021-08-19,0.3832,0.0881,0,0.9136,price_proxy,,,,
2021-08-20,0.3854,0.0864,0,0.5512,price_proxy,,,,
2021-08-23,0.4433,0.0873,0,0.5268,price_proxy,,,,
2021-08-24,0.5653,0.0983,0,0.7004,price_proxy,,,,
2021-08-25,0.4895,0.0982,0,0.5827,price_proxy,,,,
2021-08-26,0.5547,0.0978,0,0.6235,price_proxy,,,,
2021-08-27,0.5921,0.0901,0,0.6597,price_proxy,,,,
2021-08-30,0.5511,0.0907,0,1.0248,price_proxy,,,,
2021-08-31,0.5316,0.0955,0,1.9066,price_proxy,,,,
2021-09-01,0.5388,0.0946,0,1.2421,price_proxy,,,,
2021-09-02,0.5249,0.0924,0,0.8356,price_proxy,,,,
2021-09-03,0.507,0.0915,0,0.7586,price_proxy,,,,
2021-09-06,0.5214,0.0908,0,0.5959,price_proxy,,,,
2021-09-07,0.4862,0.0903,0,0.9443,price_proxy,,,,
2021-09-08,0.3997,0.1005,0,1.7205,price_proxy,,,,
2021-09-09,0.3561,0.1065,0,2.2178,price_proxy,,,,
2021-09-10,0.3737,0.1073,0,1.2525,price_proxy,,,,
2021-09-13,0.3521,0.1064,0,1.0407,price_proxy,,,,
2021-09-14,0.3746,0.1074,0,0.8362,price_proxy,,,,
2021-09-15,0.4381,0.1002,0,0.6839,price_proxy,,,,
2021-09-16,0.4887,0.0927,0,0.6424,price_proxy,,,,
2021-09-17,0.4888,0.0931,0,1.2266,price_proxy,,,,
2021-09-23,0.4658,0.0961,0,1.1855,price_proxy,,,,
2021-09-24,0.3885,0.0855,0,1.3778,price_proxy,,,,
2021-09-27,0.3947,0.0855,0,0.592,price_proxy,,,,
2021-09-28,0.3707,0.0876,0,1.1693,price_proxy,,,,
2021-09-29,0.3738,0.0881,0,0.9649,price_proxy,,,,
2021-09-30,0.3975,0.0884,0,0.8004,price_proxy,,,,
2021-10-01,0.3858,0.0808,0,0.8216,price_proxy,,,,
2021-10-05,0.4643,0.0923,0,0.9986,price_proxy,,,,
2021-10-06,0.502,0.0921,0,1.0968,price_proxy,,,,
2021-10-07,0.5141,0.0954,0,0.6264,price_proxy,,,,
2021-10-08,0.5285,0.0953,0,0.6143,price_proxy,,,,
2021-10-12,0.4916,0.1001,0,0.9999,price_proxy,,,,
2021-10-13,0.4374,0.0933,0,0.5862,price_proxy,,,,
2021-10-14,0.5183,0.0976,0,1.0298,price_proxy,,,,
2021-10-15,0.5798,0.1112,0,1.8918,price_proxy,,,,
2021-10-18,0.5905,0.1101,0,0.9788,price_proxy,,,,
2021-10-19,0.6803,0.1071,0,0.6624,price_proxy,,,,
2021-10-20,0.6898,0.1071,0,0.7871,price_proxy,,,,
2021-10-21,0.5805,0.1077,0,0.8734,price_proxy,,,,
2021-10-22,0.4808,0.1071,0,0.6714,price_proxy,,,,
2021-10-25,0.5269,0.1057,0,0.7327,price_proxy,,,,
2021-10-26,0.5308,0.1037,0,0.8581,price_proxy,,,,
2021-10-27,0.4657,0.1065,0,0.8762,price_proxy,,,,
2021-10-28,0.4574,0.1054,0,1.1825,price_proxy,,,,
2021-10-29,0.4225,0.1072,0,1.2939,price_proxy,,,,
2021-11-01,0.4203,0.1079,0,1.1613,price_proxy,,,,
2021-11-02,0.4318,0.1043,0,0.7182,price_proxy,,,,
2021-11-03,0.438,0.1014,0,0.8192,price_proxy,,,,
2021-11-04,0.496,0.1016,0,0.6296,price_proxy,,,,
2021-11-05,0.4919,0.1028,0,0.8089,price_proxy,,,,
2021-11-08,0.4644,0.1028,0,0.5712,price_proxy,,,,
2021-11-09,0.451,0.0919,0,0.6514,price_proxy,,,,
2021-11-10,0.436,0.0969,0,0.9239,price_proxy,,,,
2021-11-11,0.3891,0.0894,0,1.0645,price_proxy,,,,
2021-11-12,0.4534,0.0717,0,0.4942,price_proxy,,,,
2021-11-15,0.4577,0.0728,0,0.5386,price_proxy,,,,
2021-11-16,0.4538,0.0728,0,0.8509,price_proxy,,,,
2021-11-17,0.4649,0.0737,0,1.1421,price_proxy,,,,
2021-11-18,0.4497,0.0752,0,1.0812,price_proxy,,,,
2021-11-19,0.442,0.0764,0,0.7235,price_proxy,,,,
2021-11-22,0.426,0.0709,0,0.7694,price_proxy,,,,
2021-11-23,0.3971,0.0712,0,0.8073,price_proxy,,,,
2021-11-24,0.4432,0.0694,0,0.5854,price_proxy,,,,
2021-11-25,0.4613,0.0682,0,0.6457,price_proxy,,,,
2021-11-26,0.3847,0.0723,0,1.4873,price_proxy,,,,
2021-11-29,0.3463,0.0678,0,1.5967,price_proxy,,,,
2021-11-30,0.2896,0.0768,0,2.5282,price_proxy,,,,
2021-12-01,0.3095,0.08,0,2.0065,price_proxy,,,,
2021-12-02,0.4101,0.0946,0,1.1592,price_proxy,,,,
2021-12-03,0.5113,0.0972,0,1.0115,price_proxy,,,,
2021-12-06,0.5694,0.0975,0,0.9057,price_proxy,,,,
2021-12-07,0.7109,0.1006,0,0.7531,price_proxy,,,,
2021-12-08,0.6435,0.0985,0,0.8001,price_proxy,,,,
2021-12-09,0.5987,0.1008,0,1.1084,price_proxy,,,,
2021-12-10,0.5653,0.0999,0,0.5801,price_proxy,,,,
2021-12-13,0.5223,0.0997,0,1.1333,price_proxy,,,,
2021-12-14,0.4934,0.1001,0,0.9545,price_proxy,,,,
2021-12-15,0.5781,0.1018,0,1.4406,price_proxy,,,,
2021-12-16,0.5219,0.0994,0,0.8615,price_proxy,,,,
2021-12-17,0.4978,0.0994,0,0.9075,price_proxy,,,,
2021-12-20,0.489,0.1009,0,0.448,price_proxy,,,,
2021-12-21,0.4846,0.0997,0,0.5982,price_proxy,,,,
2021-12-22,0.4398,0.0997,0,0.4415,price_proxy,,,,
2021-12-23,0.4675,0.099,0,0.3406,price_proxy,,,,
2021-12-24,0.4956,0.0925,0,0.3703,price_proxy,,,,
2021-12-27,0.5267,0.0893,0,0.3765,price_proxy,,,,
2021-12-28,0.5377,0.0706,0,0.8647,price_proxy,,,,
2021-12-29,0.5066,0.0729,0,0.6109,price_proxy,,,,
2021-12-30,0.4516,0.0644,0,1.0837,price_proxy,,,,
2022-01-03,0.4694,0.0629,0,0.711,price_proxy,,,,
2022-01-04,0.4671,0.0626,0,0.6936,price_proxy,,,,
2022-01-05,0.4064,0.0636,0,1.3258,price_proxy,,,,
2022-01-06,0.4073,0.0626,0,1.0315,price_proxy,,,,
2022-01-07,0.4617,0.0586,0,1.5399,price_proxy,,,,
2022-01-10,0.3933,0.0613,0,1.3595,price_proxy,,,,
2022-01-11,0.3372,0.0682,0,2.4082,price_proxy,,,,
2022-01-12,0.4224,0.0732,0,1.7728,price_proxy,,,,
2022-01-13,0.4722,0.0687,0,1.073,price_proxy,,,,
2022-01-14,0.4011,0.0736,0,1.0008,price_proxy,,,,
2022-01-17,0.4249,0.0736,0,0.9616,price_proxy,,,,
2022-01-18,0.4854,0.0724,0,1.1397,price_proxy,,,,
2022-01-19,0.4501,0.0726,0,0.8647,price_proxy,,,,
2022-01-20,0.4577,0.0756,0,0.6783,price_proxy,,,,
2022-01-21,0.5266,0.0753,0,0.7731,price_proxy,,,,
2022-01-24,0.5049,0.0761,0,0.8942,price_proxy,,,,
2022-01-25,0.4584,0.079,0,1.2482,price_proxy,,,,
2022-01-26,0.4708,0.0796,0,1.0629,price_proxy,,,,
2022-01-27,0.3897,0.0819,0,1.2002,price_proxy,,,,
2022-01-28,0.4475,0.0917,0,1.0235,price_proxy,,,,
2022-02-03,0.5,0.0902,0,1.0548,price_proxy,,,,
2022-02-04,0.6124,0.097,0,1.0199,price_proxy,,,,
2022-02-07,0.5865,0.0942,0,0.8064,price_proxy,,,,
2022-02-08,0.6701,0.0944,0,0.922,price_proxy,,,,
2022-02-09,0.6201,0.095,0,0.6195,price_proxy,,,,
2022-02-10,0.6971,0.1028,0,2.7066,price_proxy,,,,
2022-02-11,0.5804,0.1,0,1.2878,price_proxy,,,,
2022-02-14,0.59,0.0979,0,1.3495,price_proxy,,,,
2022-02-15,0.5959,0.0984,0,1.5405,price_proxy,,,,
2022-02-16,0.6225,0.0942,0,1.0222,price_proxy,,,,
2022-02-17,0.562,0.0933,0,2.3935,price_proxy,,,,
2022-02-18,0.7091,0.1007,0,1.5835,price_proxy,,,,
2022-02-21,0.7245,0.1005,0,1.1467,price_proxy,,,,
2022-02-22,0.6473,0.1046,0,1.0344,price_proxy,,,,
2022-02-23,0.5763,0.1061,0,0.889,price_proxy,,,,
2022-02-24,0.5279,0.1038,0,0.9778,price_proxy,,,,
2022-02-25,0.4362,0.098,0,0.8516,price_proxy,,,,
2022-02-28,0.4898,0.1027,0,1.4842,price_proxy,,,,
2022-03-02,0.5187,0.0963,0,0.7418,price_proxy,,,,
2022-03-03,0.5567,0.0922,0,0.6325,price_proxy,,,,
2022-03-04,0.5339,0.0975,0,0.5704,price_proxy,,,,
2022-03-07,0.4915,0.1001,0,0.5484,price_proxy,,,,
2022-03-08,0.3852,0.1029,0,0.4678,price_proxy,,,,
2022-03-10,0.4403,0.1046,0,0.9103,price_proxy,,,,
2022-03-11,0.3837,0.1076,0,0.7946,price_proxy,,,,
2022-03-14,0.2979,0.1204,0,1.4408,price_proxy,,,,
2022-03-15,0.3228,0.1179,0,0.8172,price_proxy,,,,
2022-03-16,0.4043,0.1213,0,0.6061,price_proxy,,,,
2022-03-17,0.362,0.12,0,0.6419,price_proxy,,,,
2022-03-18,0.3635,0.1181,0,0.931,price_proxy,,,,
2022-03-21,0.507,0.1171,0,0.9303,price_proxy,,,,
2022-03-22,0.5328,0.1049,0,0.5995,price_proxy,,,,
2022-03-23,0.5137,0.1062,0,0.7169,price_proxy,,,,
2022-03-24,0.4772,0.1059,0,0.8227,price_proxy,,,,
2022-03-25,0.493,0.106,0,0.7927,price_proxy,,,,
2022-03-28,0.4931,0.1066,0,0.6998,price_proxy,,,,
2022-03-29,0.5346,0.1105,0,0.9973,price_proxy,,,,
2022-03-30,0.5136,0.1017,0,0.7612,price_proxy,,,,
2022-03-31,0.5254,0.102,0,0.6085,price_proxy,,,,
2022-04-01,0.675,0.1233,0,2.1925,price_proxy,,,,
2022-04-04,0.7039,0.1238,0,2.2569,price_proxy,,,,
2022-04-05,0.6404,0.1211,0,0.711,price_proxy,,,,
2022-04-06,0.6419,0.1194,0,1.2472,price_proxy,,,,
2022-04-07,0.5524,0.1298,0,1.3347,price_proxy,,,,
2022-04-08,0.4163,0.1285,0,0.8023,price_proxy,,,,
2022-04-11,0.4138,0.1085,0,0.586,price_proxy,,,,
2022-04-12,0.4746,0.1099,0,1.3282,price_proxy,,,,
2022-04-13,0.4874,0.1078,0,0.9175,price_proxy,,,,
2022-04-14,0.6376,0.1089,0,1.1734,price_proxy,,,,
2022-04-15,0.6344,0.1069,0,0.7272,price_proxy,,,,
2022-04-18,0.6187,0.1071,0,1.9632,price_proxy,,,,
2022-04-19,0.5343,0.1094,0,0.9767,price_proxy,,,,
2022-04-20,0.4958,0.1093,0,1.1044,price_proxy,,,,
2022-04-21,0.4585,0.1069,0,0.6742,price_proxy,,,,
2022-04-22,0.4685,0.106,0,0.9355,price_proxy,,,,
2022-04-25,0.4066,0.1092,0,0.828,price_proxy,,,,
2022-04-26,0.4895,0.1102,0,0.6946,price_proxy,,,,
2022-04-27,0.5021,0.1102,0,0.8941,price_proxy,,,,
2022-04-28,0.6676,0.1372,0,4.0718,price_proxy,,,,
2022-04-29,0.6322,0.1267,0,2.0796,price_proxy,,,,
2022-05-02,0.7111,0.1261,0,1.2315,price_proxy,,,,
2022-05-03,0.589,0.1306,0,1.0984,price_proxy,,,,
2022-05-04,0.5169,0.1362,0,1.1098,price_proxy,,,,
2022-05-06,0.3239,0.1254,0,0.9091,price_proxy,,,,
2022-05-09,0.32,0.1278,0,0.8947,price_proxy,,,,
2022-05-10,0.2933,0.1263,0,0.7851,price_proxy,,,,
2022-05-11,0.3661,0.1237,0,0.8712,price_proxy,,,,
2022-05-12,0.3508,0.1304,0,1.2132,price_proxy,,,,
2022-05-13,0.4142,0.1293,0,0.5902,price_proxy,,,,
2022-05-16,0.467,0.1292,0,0.4716,price_proxy,,,,
2022-05-17,0.4232,0.1296,0,1.1515,price_proxy,,,,
2022-05-18,0.4,0.129,0,0.6119,price_proxy,,,,
2022-05-19,0.416,0.133,0,0.8322,price_proxy,,,,
2022-05-20,0.4305,0.1357,0,0.4489,price_proxy,,,,
2022-05-23,0.4486,0.1368,0,0.4271,price_proxy,,,,
2022-05-24,0.4817,0.1355,0,0.4693,price_proxy,,,,
2022-05-25,0.484,0.1314,0,0.4878,price_proxy,,,,
2022-05-26,0.5427,0.1314,0,0.3968,price_proxy,,,,
2022-05-27,0.5674,0.0989,0,0.7777,price_proxy,,,,
2022-05-30,0.5688,0.0997,0,0.6691,price_proxy,,,,
2022-05-31,0.6221,0.101,0,1.5689,price_proxy,,,,
2022-06-02,0.5438,0.1039,0,0.914,price_proxy,,,,
2022-06-03,0.6021,0.1024,0,0.666,price_proxy,,,,
2022-06-07,0.4775,0.1044,0,0.7163,price_proxy,,,,
2022-06-08,0.4424,0.1017,0,0.4947,price_proxy,,,,
2022-06-09,0.4001,0.1017,0,0.9197,price_proxy,,,,
2022-06-10,0.4278,0.1034,0,0.7119,price_proxy,,,,
2022-06-13,0.3102,0.1023,0,1.2481,price_proxy,,,,
2022-06-14,0.3682,0.101,0,1.036,price_proxy,,,,
2022-06-15,0.3356,0.1024,0,1.0165,price_proxy,,,,
2022-06-16,0.3034,0.102,0,1.0763,price_proxy,,,,
2022-06-17,0.3642,0.103,0,1.3231,price_proxy,,,,
2022-06-20,0.4024,0.0992,0,0.8955,price_proxy,,,,
2022-06-21,0.4611,0.1038,0,1.079,price_proxy,,,,
2022-06-22,0.3308,0.1349,0,1.8082,price_proxy,,,,
2022-06-23,0.3758,0.1356,0,1.0651,price_proxy,,,,
2022-06-24,0.397,0.1387,0,0.9022,price_proxy,,,,
2022-06-27,0.4872,0.143,0,0.763,price_proxy,,,,
2022-06-28,0.4132,0.1368,0,0.7114,price_proxy,,,,
2022-06-29,0.6386,0.1383,0,1.1613,price_proxy,,,,
2022-06-30,0.5162,0.1428,0,1.7094,price_proxy,,,,
2022-07-01,0.4735,0.1396,0,0.9217,price_proxy,,,,
2022-07-04,0.4277,0.1359,0,0.821,price_proxy,,,,
2022-07-05,0.4559,0.1355,0,0.7506,price_proxy,,,,
2022-07-06,0.3958,0.1355,0,0.8058,price_proxy,,,,
2022-07-07,0.5536,0.1402,0,0.7295,price_proxy,,,,
2022-07-08,0.5295,0.139,0,0.5776,price_proxy,,,,
2022-07-11,0.4839,0.1348,0,0.9655,price_proxy,,,,
2022-07-12,0.4814,0.1353,0,0.7334,price_proxy,,,,
2022-07-13,0.5536,0.1373,0,0.935,price_proxy,,,,
2022-07-14,0.4791,0.1364,0,0.7726,price_proxy,,,,
2022-07-15,0.4603,0.1376,0,1.1811,price_proxy,,,,
2022-07-18,0.4946,0.1363,0,0.6686,price_proxy,,,,
2022-07-19,0.492,0.1309,0,0.5694,price_proxy,,,,
2022-07-20,0.5235,0.1019,0,1.1539,price_proxy,,,,
2022-07-21,0.5,0.1051,0,0.7125,price_proxy,,,,
2022-07-22,0.5783,0.1043,0,0.8586,price_proxy,,,,
2022-07-25,0.6055,0.101,0,0.8264,price_proxy,,,,
2022-07-26,0.6102,0.1012,0,0.6,price_proxy,,,,
2022-07-27,0.5465,0.0994,0,0.9406,price_proxy,,,,
2022-07-28,0.4472,0.1112,0,2.4727,price_proxy,,,,
2022-07-29,0.4169,0.1112,0,1.5299,price_proxy,,,,
2022-08-01,0.374,0.1118,0,1.2467,price_proxy,,,,
2022-08-02,0.3242,0.1126,0,1.2532,price_proxy,,,,
2022-08-03,0.3159,0.1125,0,1.1227,price_proxy,,,,
2022-08-04,0.4702,0.1088,0,0.7908,price_proxy,,,,
2022-08-05,0.4621,0.1082,0,1.1786,price_proxy,,,,
2022-08-08,0.4534,0.1076,0,1.2943,price_proxy,,,,
2022-08-09,0.4972,0.1072,0,0.8853,price_proxy,,,,
2022-08-10,0.4667,0.103,0,0.7414,price_proxy,,,,
2022-08-11,0.4697,0.1039,0,1.2218,price_proxy,,,,
2022-08-12,0.4945,0.1021,0,0.8076,price_proxy,,,,
2022-08-16,0.5028,0.1028,0,0.9849,price_proxy,,,,
2022-08-17,0.5,0.1025,0,0.8738,price_proxy,,,,
2022-08-18,0.5113,0.0903,0,1.0587,price_proxy,,,,
2022-08-19,0.486,0.0881,0,0.5955,price_proxy,,,,
2022-08-22,0.4446,0.086,0,1.1008,price_proxy,,,,
2022-08-23,0.3906,0.092,0,1.4182,price_proxy,,,,
2022-08-24,0.3965,0.0915,0,1.2756,price_proxy,,,,
2022-08-25,0.4494,0.0955,0,1.0616,price_proxy,,,,
2022-08-26,0.4606,0.0652,0,0.7022,price_proxy,,,,
2022-08-29,0.4288,0.0706,0,0.574,price_proxy,,,,
2022-08-30,0.5475,0.0742,0,0.7662,price_proxy,,,,
2022-08-31,0.559,0.0736,0,1.4558,price_proxy,,,,
2022-09-01,0.4885,0.074,0,0.9964,price_proxy,,,,
2022-09-02,0.4397,0.0752,0,0.7276,price_proxy,,,,
2022-09-05,0.5,0.0753,0,0.6004,price_proxy,,,,
2022-09-06,0.4681,0.0741,0,0.6073,price_proxy,,,,
2022-09-07,0.4026,0.0766,0,0.8422,price_proxy,,,,
2022-09-08,0.4391,0.0771,0,1.1875,price_proxy,,,,
2022-09-13,0.5207,0.0798,0,1.1478,price_proxy,,,,
2022-09-14,0.4823,0.0805,0,0.8497,price_proxy,,,,
2022-09-15,0.4617,0.08,0,0.753,price_proxy,,,,
2022-09-16,0.5361,0.0821,0,1.2352,price_proxy,,,,
2022-09-19,0.4761,0.0847,0,1.162,price_proxy,,,,
2022-09-20,0.4473,0.0853,0,0.9236,price_proxy,,,,
2022-09-21,0.4821,0.0847,0,0.9059,price_proxy,,,,
2022-09-22,0.4249,0.0828,0,1.201,price_proxy,,,,
2022-09-23,0.2811,0.1027,0,1.8566,price_proxy,,,,
2022-09-26,0.261,0.1012,0,1.2532,price_proxy,,,,
2022-09-27,0.2865,0.1051,0,1.5822,price_proxy,,,,
2022-09-28,0.2353,0.105,0,1.8196,price_proxy,,,,
2022-09-29,0.2504,0.1026,0,1.5383,price_proxy,,,,
2022-09-30,0.2841,0.1051,0,2.2921,price_proxy,,,,
2022-10-04,0.3282,0.1052,0,1.8882,price_proxy,,,,
2022-10-05,0.2475,0.1056,0,2.2497,price_proxy,,,,
2022-10-06,0.3648,0.1172,0,1.4453,price_proxy,,,,
2022-10-07,0.3289,0.1218,0,1.5015,price_proxy,,,,
2022-10-11,0.3101,0.1285,0,1.7124,price_proxy,,,,
2022-10-12,0.3233,0.1269,0,1.2978,price_proxy,,,,
2022-10-13,0.3304,0.1202,0,1.418,price_proxy,,,,
2022-10-14,0.3587,0.1414,0,0.9879,price_proxy,,,,
2022-10-17,0.4571,0.1426,0,0.8131,price_proxy,,,,
2022-10-18,0.5988,0.1428,0,0.6684,price_proxy,,,,
2022-10-19,0.566,0.1426,0,0.6433,price_proxy,,,,
2022-10-20,0.6347,0.1437,0,0.9845,price_proxy,,,,
2022-10-21,0.528,0.1437,0,0.8219,price_proxy,,,,
2022-10-24,0.5438,0.1435,0,0.7851,price_proxy,,,,
2022-10-25,0.4529,0.1341,0,0.7479,price_proxy,,,,
2022-10-26,0.4561,0.1316,0,1.0721,price_proxy,,,,
2022-10-27,0.5039,0.1368,0,0.7928,price_proxy,,,,
2022-10-28,0.5394,0.1371,0,1.0626,price_proxy,,,,
2022-10-31,0.4259,0.1415,0,1.4638,price_proxy,,,,
2022-11-01,0.5522,0.1413,0,2.2565,price_proxy,,,,
2022-11-02,0.6184,0.1423,0,1.2553,price_proxy,,,,
2022-11-03,0.4843,0.1433,0,1.3496,price_proxy,,,,
2022-11-04,0.5851,0.157,0,1.8948,price_proxy,,,,
2022-11-07,0.6377,0.1501,0,0.9268,price_proxy,,,,
2022-11-08,0.6644,0.1444,0,2.0881,price_proxy,,,,
2022-11-09,0.6503,0.1441,0,1.213,price_proxy,,,,
2022-11-10,0.6587,0.1452,0,1.2589,price_proxy,,,,
2022-11-11,0.6373,0.1476,0,1.8374,price_proxy,,,,
2022-11-14,0.7159,0.1478,0,1.5651,price_proxy,,,,
2022-11-15,0.7495,0.1588,0,2.6001,price_proxy,,,,
2022-11-16,0.733,0.1561,0,1.1195,price_proxy,,,,
2022-11-17,0.7868,0.1567,0,0.5587,price_proxy,,,,
2022-11-18,0.7014,0.1565,0,0.8071,price_proxy,,,,
2022-11-21,0.5034,0.1819,0,0.9935,price_proxy,,,,
2022-11-22,0.336,0.1811,0,0.9393,price_proxy,,,,
2022-11-23,0.4069,0.1822,0,0.9415,price_proxy,,,,
2022-11-24,0.5129,0.186,0,0.8798,price_proxy,,,,
2022-11-25,0.4432,0.188,0,0.6085,price_proxy,,,,
2022-11-28,0.7355,0.1861,0,1.4637,price_proxy,,,,
2022-11-29,0.8117,0.185,0,1.8167,price_proxy,,,,
2022-11-30,0.6313,0.1937,0,7.0118,price_proxy,,,,
2022-12-01,0.5,0.1903,0,1.553,price_proxy,,,,
2022-12-02,0.6429,0.1855,0,2.0648,price_proxy,,,,
2022-12-05,0.6099,0.1858,0,1.4364,price_proxy,,,,
2022-12-06,0.4939,0.193,0,0.9824,price_proxy,,,,
2022-12-07,0.5727,0.1934,0,0.8752,price_proxy,,,,
2022-12-08,0.5895,0.1902,0,0.9306,price_proxy,,,,
2022-12-09,0.6788,0.2067,0,1.6488,price_proxy,,,,
2022-12-12,0.4653,0.2187,0,0.9248,price_proxy,,,,
2022-12-13,0.5517,0.2103,0,0.5699,price_proxy,,,,
2022-12-14,0.5793,0.2104,0,0.3132,price_proxy,,,,
2022-12-15,0.5092,0.215,0,0.5691,price_proxy,,,,
2022-12-16,0.3915,0.217,0,0.5053,price_proxy,,,,
2022-12-19,0.4676,0.1996,0,0.3902,price_proxy,,,,
2022-12-20,0.4615,0.1971,0,0.3644,price_proxy,,,,
2022-12-21,0.4531,0.1939,0,0.3148,price_proxy,,,,
2022-12-22,0.5761,0.1877,0,0.3458,price_proxy,,,,
2022-12-23,0.5,0.1865,0,0.6142,price_proxy,,,,
2022-12-26,0.5269,0.1752,0,0.3579,price_proxy,,,,
2022-12-27,0.6903,0.1897,0,0.9485,price_proxy,,,,
2022-12-28,0.6682,0.183,0,0.7317,price_proxy,,,,
2022-12-29,0.5469,0.1871,0,0.6119,price_proxy,,,,
2023-01-02,0.55,0.1793,0,0.547,price_proxy,,,,
2023-01-03,0.5236,0.1736,0,0.5114,price_proxy,,,,
2023-01-04,0.3428,0.1677,0,0.5819,price_proxy,,,,
2023-01-05,0.4418,0.1752,0,0.8284,price_proxy,,,,
2023-01-06,0.5172,0.175,0,0.7489,price_proxy,,,,
2023-01-09,0.6722,0.1608,0,1.3588,price_proxy,,,,
2023-01-10,0.6489,0.1512,0,1.2577,price_proxy,,,,
2023-01-11,0.7485,0.1516,0,0.9266,price_proxy,,,,
2023-01-12,0.6284,0.1521,0,0.9235,price_proxy,,,,
2023-01-13,0.5938,0.1462,0,0.7926,price_proxy,,,,
2023-01-16,0.5238,0.1473,0,1.004,price_proxy,,,,
2023-01-17,0.5788,0.1451,0,0.6838,price_proxy,,,,
2023-01-18,0.5027,0.1464,0,1.2355,price_proxy,,,,
2023-01-19,0.5322,0.1464,0,0.8565,price_proxy,,,,
2023-01-20,0.671,0.1543,0,1.4899,price_proxy,,,,
2023-01-25,0.5209,0.16,0,1.1339,price_proxy,,,,
2023-01-26,0.5078,0.1603,0,0.9862,price_proxy,,,,
2023-01-27,0.5984,0.1457,0,1.0127,price_proxy,,,,
2023-01-30,0.5475,0.1472,0,0.7685,price_proxy,,,,
2023-01-31,0.5525,0.1516,0,1.3255,price_proxy,,,,
2023-02-01,0.562,0.1562,0,1.4134,price_proxy,,,,
2023-02-02,0.7578,0.1746,0,1.9381,price_proxy,,,,
2023-02-03,0.6546,0.1733,0,0.8715,price_proxy,,,,
2023-02-06,0.6985,0.1686,0,0.7825,price_proxy,,,,
2023-02-07,0.5926,0.1685,0,0.7639,price_proxy,,,,
2023-02-08,0.6128,0.1547,0,0.8006,price_proxy,,,,
2023-02-09,0.5577,0.1593,0,1.5313,price_proxy,,,,
2023-02-10,0.5941,0.1594,0,0.8352,price_proxy,,,,
2023-02-13,0.4977,0.168,0,0.798,price_proxy,,,,
2023-02-14,0.5279,0.1672,0,0.4343,price_proxy,,,,
2023-02-15,0.5261,0.1662,0,0.5398,price_proxy,,,,
2023-02-16,0.4036,0.1665,0,0.638,price_proxy,,,,
2023-02-17,0.3876,0.1656,0,0.4967,price_proxy,,,,
2023-02-20,0.5117,0.1663,0,0.5075,price_proxy,,,,
2023-02-21,0.399,0.1626,0,0.7688,price_proxy,,,,
2023-02-22,0.4227,0.1583,0,0.6839,price_proxy,,,,
2023-02-23,0.4458,0.1579,0,0.5216,price_proxy,,,,
2023-02-24,0.4548,0.156,0,0.7908,price_proxy,,,,
2023-02-27,0.374,0.1569,0,1.1286,price_proxy,,,,
2023-02-28,0.4347,0.1441,0,0.9794,price_proxy,,,,
2023-03-02,0.5219,0.1462,0,1.0484,price_proxy,,,,
2023-03-03,0.4855,0.1126,0,0.8713,price_proxy,,,,
2023-03-06,0.4562,0.1128,0,1.1049,price_proxy,,,,
2023-03-07,0.4875,0.1126,0,0.9338,price_proxy,,,,
2023-03-08,0.455,0.1134,0,0.901,price_proxy,,,,
2023-03-09,0.3867,0.1124,0,1.0817,price_proxy,,,,
2023-03-10,0.3341,0.0956,0,1.0963,price_proxy,,,,
2023-03-13,0.368,0.0956,0,0.9236,price_proxy,,,,
2023-03-14,0.3145,0.0925,0,1.0468,price_proxy,,,,
2023-03-15,0.3542,0.0869,0,1.2376,price_proxy,,,,
2023-03-16,0.334,0.0861,0,0.8826,price_proxy,,,,
2023-03-17,0.4388,0.0897,0,0.8734,price_proxy,,,,
2023-03-20,0.508,0.0992,0,1.3081,price_proxy,,,,
2023-03-21,0.5967,0.0963,0,0.6633,price_proxy,,,,
2023-03-22,0.5138,0.0975,0,0.8068,price_proxy,,,,
2023-03-23,0.6003,0.1059,0,0.9619,price_proxy,,,,
2023-03-24,0.5329,0.1061,0,0.6497,price_proxy,,,,
2023-03-27,0.492,0.1077,0,0.4833,price_proxy,,,,
2023-03-28,0.5105,0.1081,0,0.5858,price_proxy,,,,
2023-03-29,0.6562,0.1138,0,1.0037,price_proxy,,,,
2023-03-30,0.5318,0.1087,0,1.0039,price_proxy,,,,
2023-03-31,0.5783,0.1087,0,0.8882,price_proxy,,,,
2023-04-03,0.564,0.1071,0,1.0571,price_proxy,,,,
2023-04-04,0.5367,0.1071,0,0.9244,price_proxy,,,,
2023-04-05,0.4924,0.1054,0,0.9822,price_proxy,,,,
2023-04-06,0.5313,0.1058,0,0.8043,price_proxy,,,,
2023-04-07,0.5416,0.0965,0,0.7809,price_proxy,,,,
2023-04-10,0.4845,0.1001,0,0.741,price_proxy,,,,
2023-04-11,0.5824,0.1059,0,1.3209,price_proxy,,,,
2023-04-12,0.5306,0.1084,0,1.1829,price_proxy,,,,
2023-04-13,0.5411,0.1075,0,1.1254,price_proxy,,,,
2023-04-14,0.5611,0.1082,0,1.2805,price_proxy,,,,
2023-04-17,0.5365,0.1116,0,1.3233,price_proxy,,,,
2023-04-18,0.5667,0.1322,0,2.3044,price_proxy,,,,
2023-04-19,0.6382,0.1235,0,1.6751,price_proxy,,,,
2023-04-20,0.6008,0.1237,0,0.9869,price_proxy,,,,
2023-04-21,0.3444,0.1688,0,2.8273,price_proxy,,,,
2023-04-24,0.3926,0.1686,0,1.3604,price_proxy,,,,
2023-04-25,0.2321,0.1689,0,0.7561,price_proxy,,,,
2023-04-26,0.2062,0.1649,0,0.5707,price_proxy,,,,
2023-04-27,0.229,0.1629,0,0.6014,price_proxy,,,,
2023-04-28,0.4598,0.1638,0,0.7497,price_proxy,,,,
2023-05-02,0.4568,0.1639,0,0.6351,price_proxy,,,,
2023-05-03,0.3343,0.1843,0,2.5097,price_proxy,,,,
2023-05-04,0.3292,0.1836,0,1.3014,price_proxy,,,,
2023-05-08,0.3141,0.1838,0,0.7939,price_proxy,,,,
2023-05-09,0.2596,0.1828,0,0.5114,price_proxy,,,,
2023-05-10,0.279,0.1823,0,0.9912,price_proxy,,,,
2023-05-11,0.4337,0.1692,0,0.6658,price_proxy,,,,
2023-05-12,0.4127,0.1691,0,0.5142,price_proxy,,,,
2023-05-15,0.4511,0.1697,0,0.3775,price_proxy,,,,
2023-05-16,0.4689,0.1663,0,0.5595,price_proxy,,,,
2023-05-17,0.4658,0.1646,0,0.7317,price_proxy,,,,
2023-05-18,0.4626,0.1394,0,0.6825,price_proxy,,,,
2023-05-19,0.5157,0.1388,0,0.8195,price_proxy,,,,
2023-05-22,0.5157,0.14,0,0.4755,price_proxy,,,,
2023-05-23,0.5442,0.0967,0,0.7113,price_proxy,,,,
2023-05-24,0.4937,0.0988,0,1.0158,price_proxy,,,,
2023-05-25,0.4619,0.0987,0,1.1222,price_proxy,,,,
2023-05-26,0.4438,0.0992,0,0.8583,price_proxy,,,,
2023-05-30,0.3476,0.1069,0,1.9405,price_proxy,,,,
2023-05-31,0.2963,0.1038,0,1.493,price_proxy,,,,
2023-06-01,0.3479,0.1047,0,0.7124,price_proxy,,,,
2023-06-02,0.3835,0.0668,0,1.3329,price_proxy,,,,
2023-06-05,0.426,0.0766,0,1.1872,price_proxy,,,,
2023-06-07,0.5168,0.0759,0,0.8846,price_proxy,,,,
2023-06-08,0.5241,0.0762,0,1.3988,price_proxy,,,,
2023-06-09,0.5755,0.0831,0,1.7602,price_proxy,,,,
2023-06-12,0.4313,0.1101,0,3.0839,price_proxy,,,,
2023-06-13,0.3831,0.1105,0,1.6033,price_proxy,,,,
2023-06-14,0.3598,0.1101,0,1.1454,price_proxy,,,,
2023-06-15,0.3812,0.1101,0,1.1215,price_proxy,,,,
2023-06-16,0.3678,0.1135,0,1.1911,price_proxy,,,,
2023-06-19,0.4786,0.1141,0,1.0888,price_proxy,,,,
2023-06-20,0.4681,0.1116,0,1.1811,price_proxy,,,,
2023-06-21,0.4677,0.111,0,0.8539,price_proxy,,,,
2023-06-22,0.4675,0.1097,0,0.5085,price_proxy,,,,
2023-06-23,0.4009,0.1081,0,0.5827,price_proxy,,,,
2023-06-26,0.4424,0.108,0,0.5262,price_proxy,,,,
2023-06-27,0.4532,0.1076,0,0.5854,price_proxy,,,,
2023-06-28,0.4453,0.0995,0,0.4247,price_proxy,,,,
2023-06-29,0.4376,0.0983,0,0.7441,price_proxy,,,,
2023-06-30,0.4628,0.0981,0,0.6419,price_proxy,,,,
2023-07-03,0.4519,0.0981,0,0.7487,price_proxy,,,,
2023-07-04,0.4225,0.0907,0,0.4625,price_proxy,,,,
2023-07-05,0.4174,0.0913,0,0.4999,price_proxy,,,,
2023-07-06,0.4318,0.0909,0,0.8703,price_proxy,,,,
2023-07-07,0.4089,0.0827,0,0.5639,price_proxy,,,,
2023-07-10,0.4013,0.0452,0,0.4589,price_proxy,,,,
2023-07-11,0.4962,0.0642,0,0.9864,price_proxy,,,,
2023-07-12,0.6213,0.08,0,1.8233,price_proxy,,,,
2023-07-13,0.6451,0.0806,0,1.4128,price_proxy,,,,
2023-07-14,0.7187,0.0806,0,1.0661,price_proxy,,,,
2023-07-17,0.7515,0.0796,0,1.1094,price_proxy,,,,
2023-07-18,0.6385,0.0811,0,0.5718,price_proxy,,,,
2023-07-19,0.548,0.0799,0,0.5704,price_proxy,,,,
2023-07-20,0.4817,0.0837,0,0.7314,price_proxy,,,,
2023-07-21,0.4319,0.0824,0,0.8212,price_proxy,,,,
2023-07-24,0.3546,0.088,0,0.8777,price_proxy,,,,
2023-07-25,0.3525,0.089,0,0.7725,price_proxy,,,,
2023-07-26,0.273,0.0988,0,1.4838,price_proxy,,,,
2023-07-27,0.548,0.1708,0,2.1174,price_proxy,,,,
2023-07-28,0.5111,0.1731,0,0.7302,price_proxy,,,,
2023-07-31,0.5956,0.1733,0,0.9205,price_proxy,,,,
2023-08-01,0.6825,0.1742,0,1.075,price_proxy,,,,
2023-08-02,0.9675,0.1894,0,4.4064,price_proxy,,,,
2023-08-03,0.6477,0.1914,0,1.1887,price_proxy,,,,
2023-08-04,0.7399,0.19,0,1.527,price_proxy,,,,
2023-08-07,0.6861,0.191,0,0.863,price_proxy,,,,
2023-08-08,0.5996,0.19,0,0.5436,price_proxy,,,,
2023-08-09,0.411,0.1874,0,0.8341,price_proxy,,,,
2023-08-10,0.8356,0.2799,0,7.4531,price_proxy,,,,
2023-08-11,0.6944,0.2862,0,3.1482,price_proxy,,,,
2023-08-14,0.6836,0.2877,0,1.6018,price_proxy,,,,
2023-08-16,0.6661,0.2887,0,0.9128,price_proxy,,,,
2023-08-17,0.5724,0.2975,0,1.2922,price_proxy,,,,
2023-08-18,0.2615,0.2961,0,1.3409,price_proxy,,,,
2023-08-21,0.3288,0.2961,0,0.423,price_proxy,,,,
2023-08-22,0.3318,0.2944,0,0.4726,price_proxy,,,,
2023-08-23,0.3998,0.2933,0,0.3812,price_proxy,,,,
2023-08-24,0.5965,0.2881,0,0.5477,price_proxy,,,,
2023-08-25,0.6044,0.259,0,0.6499,price_proxy,,,,
2023-08-28,0.72,0.2596,0,0.9468,price_proxy,,,,
2023-08-29,0.707,0.2622,0,0.5294,price_proxy,,,,
2023-08-30,0.7471,0.2626,0,0.6911,price_proxy,,,,
2023-08-31,0.6365,0.2521,0,0.4264,price_proxy,,,,
2023-09-01,0.5961,0.2506,0,0.432,price_proxy,,,,
2023-09-04,0.4911,0.2506,0,0.2857,price_proxy,,,,
2023-09-05,0.4909,0.2516,0,0.3547,price_proxy,,,,
2023-09-06,0.4472,0.2505,0,0.3482,price_proxy,,,,
2023-09-07,0.4465,0.2502,0,0.2959,price_proxy,,,,
2023-09-08,0.4438,0.1279,0,0.4058,price_proxy,,,,
2023-09-11,0.4762,0.1203,0,0.4112,price_proxy,,,,
2023-09-12,0.4787,0.1209,0,0.6918,price_proxy,,,,
2023-09-13,0.4428,0.1187,0,0.5429,price_proxy,,,,
2023-09-14,0.4359,0.1003,0,0.8904,price_proxy,,,,
2023-09-15,0.4817,0.1019,0,1.1258,price_proxy,,,,
2023-09-18,0.491,0.1023,0,0.6115,price_proxy,,,,
2023-09-19,0.4816,0.1049,0,0.5995,price_proxy,,,,
2023-09-20,0.4566,0.1078,0,0.5785,price_proxy,,,,
2023-09-21,0.4495,0.1025,0,0.6523,price_proxy,,,,
2023-09-22,0.3679,0.0999,0,0.5171,price_proxy,,,,
2023-09-25,0.3671,0.0855,0,0.8804,price_proxy,,,,
2023-09-26,0.3977,0.0834,0,0.5182,price_proxy,,,,
2023-09-27,0.4303,0.0734,0,0.3919,price_proxy,,,,
2023-10-04,0.4223,0.0758,0,1.0156,price_proxy,,,,
2023-10-05,0.4243,0.0754,0,0.8476,price_proxy,,,,
2023-10-06,0.2896,0.0906,0,1.8502,price_proxy,,,,
2023-10-10,0.2745,0.09,0,1.2692,price_proxy,,,,
2023-10-11,0.2668,0.0876,0,1.1294,price_proxy,,,,
2023-10-12,0.3215,0.0891,0,1.1754,price_proxy,,,,
2023-10-13,0.3496,0.0887,0,0.888,price_proxy,,,,
2023-10-16,0.4168,0.0859,0,1.0104,price_proxy,,,,
2023-10-17,0.4779,0.0889,0,0.6282,price_proxy,,,,
2023-10-18,0.4814,0.0889,0,0.4377,price_proxy,,,,
2023-10-19,0.4224,0.09,0,0.6527,price_proxy,,,,
2023-10-20,0.3706,0.0819,0,0.5901,price_proxy,,,,
2023-10-23,0.4547,0.085,0,0.7368,price_proxy,,,,
2023-10-24,0.459,0.0883,0,0.6546,price_proxy,,,,
2023-10-25,0.6126,0.1216,0,2.8523,price_proxy,,,,
2023-10-26,0.6538,0.1204,0,1.4198,price_proxy,,,,
2023-10-27,0.6304,0.1248,0,1.0392,price_proxy,,,,
2023-10-30,0.5193,0.1247,0,1.1111,price_proxy,,,,
2023-10-31,0.6749,0.1648,0,3.1927,price_proxy,,,,
2023-11-01,0.603,0.1696,0,1.3593,price_proxy,,,,
2023-11-02,0.5571,0.17,0,0.9586,price_proxy,,,,
2023-11-03,0.7115,0.1733,0,0.8083,price_proxy,,,,
2023-11-06,0.8939,0.1686,0,0.8122,price_proxy,,,,
2023-11-07,0.6993,0.1664,0,0.7248,price_proxy,,,,
2023-11-08,0.6486,0.1653,0,0.8641,price_proxy,,,,
2023-11-09,0.6632,0.1682,0,0.7899,price_proxy,,,,
2023-11-10,0.547,0.1707,0,0.6501,price_proxy,,,,
2023-11-13,0.3914,0.1727,0,0.5129,price_proxy,,,,
2023-11-14,0.3824,0.1727,0,1.0356,price_proxy,,,,
2023-11-15,0.3805,0.1721,0,0.7775,price_proxy,,,,
2023-11-16,0.4358,0.1686,0,0.3702,price_proxy,,,,
2023-11-17,0.4574,0.1654,0,0.3343,price_proxy,,,,
2023-11-20,0.5068,0.1652,0,0.5873,price_proxy,,,,
2023-11-21,0.4966,0.1654,0,0.4995,price_proxy,,,,
2023-11-22,0.4699,0.1494,0,0.4231,price_proxy,,,,
2023-11-23,0.437,0.1496,0,0.7374,price_proxy,,,,
2023-11-24,0.4162,0.1452,0,0.6022,price_proxy,,,,
2023-11-27,0.4428,0.1405,0,0.3171,price_proxy,,,,
2023-11-28,0.4154,0.1022,0,0.9282,price_proxy,,,,
2023-11-29,0.4151,0.0944,0,0.8973,price_proxy,,,,
2023-11-30,0.3973,0.092,0,1.5974,price_proxy,,,,
2023-12-01,0.4126,0.083,0,1.2075,price_proxy,,,,
2023-12-04,0.396,0.057,0,0.7728,price_proxy,,,,
2023-12-05,0.4717,0.0626,0,1.2698,price_proxy,,,,
2023-12-06,0.4716,0.0598,0,0.777,price_proxy,,,,
2023-12-07,0.4422,0.0642,0,1.0209,price_proxy,,,,
2023-12-08,0.4854,0.0646,0,0.5993,price_proxy,,,,
2023-12-11,0.4927,0.0595,0,0.4227,price_proxy,,,,
2023-12-12,0.4427,0.0594,0,1.3661,price_proxy,,,,
2023-12-13,0.5108,0.069,0,1.9295,price_proxy,,,,
2023-12-14,0.6301,0.0744,0,2.0616,price_proxy,,,,
2023-12-15,0.6142,0.074,0,0.8911,price_proxy,,,,
2023-12-18,0.6028,0.0739,0,0.5964,price_proxy,,,,
2023-12-19,0.6513,0.0765,0,0.7046,price_proxy,,,,
2023-12-20,0.5894,0.0765,0,0.6281,price_proxy,,,,
2023-12-21,0.5209,0.0765,0,0.6522,price_proxy,,,,
2023-12-22,0.493,0.0743,0,0.6758,price_proxy,,,,
2023-12-26,0.507,0.0739,0,0.6009,price_proxy,,,,
2023-12-27,0.452,0.0718,0,0.5796,price_proxy,,,,
2023-12-28,0.5034,0.0774,0,1.1519,price_proxy,,,,
2024-01-02,0.4862,0.0772,0,0.6432,price_proxy,,,,
2024-01-03,0.4476,0.0837,0,1.1139,price_proxy,,,,
2024-01-04,0.3504,0.0969,0,2.0964,price_proxy,,,,
2024-01-05,0.391,0.095,0,1.2481,price_proxy,,,,
2024-01-08,0.2983,0.0975,0,1.0349,price_proxy,,,,
2024-01-09,0.4061,0.1023,0,1.2775,price_proxy,,,,
2024-01-10,0.4497,0.1024,0,0.6589,price_proxy,,,,
2024-01-11,0.5188,0.103,0,1.0152,price_proxy,,,,
2024-01-12,0.4814,0.1031,0,0.4793,price_proxy,,,,
2024-01-15,0.4696,0.1006,0,0.7776,price_proxy,,,,
2024-01-16,0.3942,0.0957,0,0.5085,price_proxy,,,,
2024-01-17,0.3527,0.0992,0,1.1684,price_proxy,,,,
2024-01-18,0.459,0.1136,0,1.4,price_proxy,,,,
2024-01-19,0.4437,0.1115,0,0.618,price_proxy,,,,
2024-01-22,0.5,0.1114,0,0.329,price_proxy,,,,
2024-01-23,0.6195,0.1323,0,1.5792,price_proxy,,,,
2024-01-24,0.6471,0.133,0,0.506,price_proxy,,,,
2024-01-25,0.5913,0.1346,0,0.5814,price_proxy,,,,
2024-01-26,0.612,0.1344,0,0.4442,price_proxy,,,,
2024-01-29,0.612,0.1303,0,0.7118,price_proxy,,,,
2024-01-30,0.5364,0.1322,0,1.0487,price_proxy,,,,
2024-01-31,0.3222,0.1819,0,4.3938,price_proxy,,,,
2024-02-01,0.3764,0.185,0,1.9847,price_proxy,,,,
2024-02-02,0.4561,0.1889,0,1.5136,price_proxy,,,,
2024-02-05,0.4707,0.1873,0,1.216,price_proxy,,,,
2024-02-06,0.575,0.1999,0,2.8667,price_proxy,,,,
2024-02-07,0.8943,0.1996,0,1.1822,price_proxy,,,,
2024-02-08,0.7946,0.1988,0,1.0828,price_proxy,,,,
2024-02-13,0.6907,0.199,0,1.0278,price_proxy,,,,
2024-02-14,0.6558,0.1961,0,0.8284,price_proxy,,,,
2024-02-15,0.5482,0.1969,0,1.2027,price_proxy,,,,
2024-02-16,0.5136,0.1927,0,0.6295,price_proxy,,,,
2024-02-19,0.5304,0.1884,0,0.5613,price_proxy,,,,
2024-02-20,0.4966,0.1904,0,0.5107,price_proxy,,,,
2024-02-21,0.4966,0.191,0,0.4051,price_proxy,,,,
2024-02-22,0.4361,0.1811,0,0.3689,price_proxy,,,,
2024-02-23,0.4258,0.18,0,0.3849,price_proxy,,,,
2024-02-26,0.3702,0.1803,0,0.3449,price_proxy,,,,
2024-02-27,0.3769,0.1821,0,0.562,price_proxy,,,,
2024-02-28,0.3966,0.1821,0,0.4219,price_proxy,,,,
2024-02-29,0.3507,0.1832,0,0.8203,price_proxy,,,,
2024-03-04,0.3494,0.1263,0,0.8372,price_proxy,,,,
2024-03-05,0.3434,0.1179,0,0.9886,price_proxy,,,,
2024-03-06,0.4162,0.1121,0,0.6602,price_proxy,,,,
2024-03-07,0.3982,0.112,0,0.7487,price_proxy,,,,
2024-03-08,0.4362,0.0689,0,1.0769,price_proxy,,,,
2024-03-11,0.5227,0.0789,0,1.1541,price_proxy,,,,
2024-03-12,0.5502,0.0782,0,0.7757,price_proxy,,,,
2024-03-13,0.4924,0.0784,0,0.8826,price_proxy,,,,
2024-03-14,0.5115,0.0787,0,1.1268,price_proxy,,,,
2024-03-15,0.5116,0.072,0,0.9246,price_proxy,,,,
2024-03-18,0.47,0.075,0,0.8222,price_proxy,,,,
2024-03-19,0.4322,0.0743,0,1.4881,price_proxy,,,,
2024-03-20,0.5115,0.0799,0,1.5461,price_proxy,,,,
2024-03-21,0.5343,0.0821,0,0.7957,price_proxy,,,,
2024-03-22,0.5848,0.084,0,1.4224,price_proxy,,,,
2024-03-25,0.5875,0.0858,0,1.0357,price_proxy,,,,
2024-03-26,0.6365,0.0843,0,0.7948,price_proxy,,,,
2024-03-27,0.5759,0.0807,0,0.7036,price_proxy,,,,
2024-03-28,0.53,0.0812,0,1.2661,price_proxy,,,,
2024-03-29,0.4667,0.0767,0,1.0219,price_proxy,,,,
2024-04-01,0.6311,0.1297,0,3.3951,price_proxy,,,,
2024-04-02,0.6825,0.1278,0,2.414,price_proxy,,,,
2024-04-03,0.7121,0.1276,0,1.7145,price_proxy,,,,
2024-04-04,0.6439,0.1363,0,1.6385,price_proxy,,,,
2024-04-05,0.6391,0.138,0,0.9328,price_proxy,,,,
2024-04-08,0.435,0.1343,0,0.5982,price_proxy,,,,
2024-04-09,0.3161,0.142,0,1.0431,price_proxy,,,,
2024-04-11,0.2686,0.1422,0,1.0316,price_proxy,,,,
2024-04-12,0.4415,0.1528,0,1.0735,price_proxy,,,,
2024-04-15,0.4789,0.152,0,0.5155,price_proxy,,,,
2024-04-16,0.5,0.1517,0,0.7127,price_proxy,,,,
2024-04-17,0.6731,0.1533,0,1.3618,price_proxy,,,,
2024-04-18,0.7766,0.1541,0,1.5536,price_proxy,,,,
2024-04-19,0.6099,0.1573,0,0.9544,price_proxy,,,,
2024-04-22,0.6599,0.1581,0,1.1405,price_proxy,,,,
2024-04-23,0.6025,0.1604,0,0.5146,price_proxy,,,,
2024-04-24,0.5746,0.1622,0,0.9079,price_proxy,,,,
2024-04-25,0.4704,0.1643,0,0.6824,price_proxy,,,,
2024-04-26,0.6143,0.1696,0,1.308,price_proxy,,,,
2024-04-29,0.6283,0.1682,0,1.4448,price_proxy,,,,
2024-04-30,0.7622,0.1404,0,3.1727,price_proxy,,,,
2024-05-02,0.6961,0.1397,0,1.4347,price_proxy,,,,
2024-05-03,0.7133,0.1409,0,0.6869,price_proxy,,,,
2024-05-07,0.5636,0.1355,0,1.3293,price_proxy,,,,
2024-05-08,0.5,0.1327,0,0.5051,price_proxy,,,,
2024-05-09,0.4762,0.1338,0,1.383,price_proxy,,,,
2024-05-10,0.5863,0.1303,0,1.7932,price_proxy,,,,
2024-05-13,0.5964,0.1286,0,0.7338,price_proxy,,,,
2024-05-14,0.688,0.1207,0,0.6149,price_proxy,,,,
2024-05-16,0.7071,0.1199,0,0.8352,price_proxy,,,,
2024-05-17,0.6023,0.1249,0,0.3344,price_proxy,,,,
2024-05-20,0.5342,0.1204,0,1.0016,price_proxy,,,,
2024-05-21,0.5517,0.118,0,0.8605,price_proxy,,,,
2024-05-22,0.531,0.1127,0,1.1636,price_proxy,,,,
2024-05-23,0.4832,0.1156,0,0.7363,price_proxy,,,,
2024-05-24,0.4914,0.1144,0,0.6796,price_proxy,,,,
2024-05-27,0.4776,0.1123,0,0.6996,price_proxy,,,,
2024-05-28,0.3992,0.1191,0,1.2976,price_proxy,,,,
2024-05-29,0.4861,0.1226,0,1.2303,price_proxy,,,,
2024-05-30,0.6723,0.1403,0,2.6214,price_proxy,,,,
2024-05-31,0.6983,0.1366,0,2.3263,price_proxy,,,,
2024-06-03,0.5284,0.1565,0,1.7557,price_proxy,,,,
2024-06-04,0.4823,0.17,0,1.3074,price_proxy,,,,
2024-06-05,0.3827,0.1679,0,0.6387,price_proxy,,,,
2024-06-07,0.2893,0.1689,0,0.6287,price_proxy,,,,
2024-06-10,0.2569,0.1689,0,0.4813,price_proxy,,,,
2024-06-11,0.4273,0.1608,0,0.6688,price_proxy,,,,
2024-06-12,0.6577,0.1699,0,0.853,price_proxy,,,,
2024-06-13,0.6335,0.1691,0,0.919,price_proxy,,,,
2024-06-14,0.5552,0.17,0,0.6712,price_proxy,,,,
2024-06-17,0.5982,0.1685,0,0.3884,price_proxy,,,,
2024-06-18,0.5,0.1688,0,0.511,price_proxy,,,,
2024-06-19,0.3924,0.1689,0,0.46,price_proxy,,,,
2024-06-20,0.3832,0.1688,0,0.3301,price_proxy,,,,
2024-06-21,0.4321,0.1683,0,0.6135,price_proxy,,,,
2024-06-24,0.4546,0.1676,0,0.4221,price_proxy,,,,
2024-06-25,0.5174,0.1673,0,0.3494,price_proxy,,,,
2024-06-26,0.5292,0.1618,0,0.7731,price_proxy,,,,
2024-06-27,0.4852,0.1542,0,0.6663,price_proxy,,,,
2024-06-28,0.3946,0.1323,0,0.9546,price_proxy,,,,
2024-07-01,0.3752,0.1324,0,0.5387,price_proxy,,,,
2024-07-02,0.3043,0.1188,0,1.1612,price_proxy,,,,
2024-07-03,0.2356,0.1084,0,1.4778,price_proxy,,,,
2024-07-04,0.2857,0.108,0,0.9087,price_proxy,,,,
2024-07-05,0.364,0.1047,0,1.1459,price_proxy,,,,
2024-07-08,0.4009,0.106,0,0.9216,price_proxy,,,,
2024-07-09,0.4553,0.1008,0,0.9199,price_proxy,,,,
2024-07-10,0.5166,0.0774,0,0.8639,price_proxy,,,,
2024-07-11,0.5367,0.0785,0,1.7312,price_proxy,,,,
2024-07-12,0.5066,0.0779,0,0.8213,price_proxy,,,,
2024-07-15,0.4349,0.0785,0,0.7748,price_proxy,,,,
2024-07-16,0.4478,0.078,0,0.8876,price_proxy,,,,
2024-07-17,0.5296,0.0899,0,1.8782,price_proxy,,,,
2024-07-18,0.5851,0.097,0,2.4185,price_proxy,,,,
2024-07-19,0.5231,0.1034,0,1.1738,price_proxy,,,,
2024-07-22,0.638,0.1121,0,1.1959,price_proxy,,,,
2024-07-23,0.6608,0.1133,0,0.9789,price_proxy,,,,
2024-07-24,0.5421,0.1148,0,1.4392,price_proxy,,,,
2024-07-25,0.4592,0.1102,0,0.8198,price_proxy,,,,
2024-07-26,0.5392,0.1035,0,0.7242,price_proxy,,,,
2024-07-29,0.5126,0.107,0,0.8819,price_proxy,,,,
2024-07-30,0.4473,0.1038,0,0.6453,price_proxy,,,,
2024-07-31,0.4715,0.0961,0,0.8849,price_proxy,,,,
2024-08-01,0.5128,0.096,0,0.6891,price_proxy,,,,
2024-08-02,0.4936,0.0968,0,0.9646,price_proxy,,,,
2024-08-05,0.2715,0.1354,0,1.5165,price_proxy,,,,
2024-08-06,0.3981,0.1481,0,1.1618,price_proxy,,,,
2024-08-07,0.0627,0.2449,0,5.6496,price_proxy,,,,
2024-08-08,0.0669,0.2456,0,1.9871,price_proxy,,,,
2024-08-09,0.0852,0.2459,0,1.2065,price_proxy,,,,
2024-08-12,0.2491,0.246,0,0.6539,price_proxy,,,,
2024-08-13,0.1577,0.2457,0,0.9151,price_proxy,,,,
2024-08-14,0.5576,0.2421,0,0.6627,price_proxy,,,,
2024-08-16,0.5366,0.2384,0,0.8898,price_proxy,,,,
2024-08-19,0.5325,0.2364,0,0.5176,price_proxy,,,,
2024-08-20,0.5242,0.231,0,0.5377,price_proxy,,,,
2024-08-21,0.5121,0.2292,0,0.5209,price_proxy,,,,
2024-08-22,0.468,0.2289,0,0.5266,price_proxy,,,,
2024-08-23,0.4681,0.2294,0,0.3938,price_proxy,,,,
2024-08-26,0.4481,0.2291,0,0.4671,price_proxy,,,,
2024-08-27,0.4681,0.227,0,0.361,price_proxy,,,,
2024-08-28,0.5121,0.2286,0,0.5394,price_proxy,,,,
2024-08-29,0.5081,0.2286,0,0.3352,price_proxy,,,,
2024-08-30,0.5203,0.2284,0,0.8521,price_proxy,,,,
2024-09-02,0.5451,0.2288,0,0.5282,price_proxy,,,,
2024-09-03,0.573,0.2128,0,0.7565,price_proxy,,,,
2024-09-04,0.492,0.204,0,0.6294,price_proxy,,,,
2024-09-05,0.5324,0.0528,0,0.6909,price_proxy,,,,
2024-09-06,0.4759,0.0561,0,0.9106,price_proxy,,,,
2024-09-09,0.5802,0.0808,0,1.2779,price_proxy,,,,
2024-09-10,0.4804,0.086,0,1.0152,price_proxy,,,,
2024-09-11,0.6004,0.0924,0,1.331,price_proxy,,,,
2024-09-12,0.6076,0.0923,0,1.2259,price_proxy,,,,
2024-09-13,0.6382,0.0928,0,0.8285,price_proxy,,,,
2024-09-19,0.5809,0.0961,0,1.315,price_proxy,,,,
2024-09-20,0.5949,0.099,0,1.4346,price_proxy,,,,
2024-09-23,0.5497,0.0986,0,0.5119,price_proxy,,,,
2024-09-24,0.4962,0.0995,0,0.7941,price_proxy,,,,
2024-09-25,0.5913,0.1073,0,1.9214,price_proxy,,,,
2024-09-26,0.5481,0.1058,0,1.1114,price_proxy,,,,
2024-09-27,0.6245,0.1065,0,1.0626,price_proxy,,,,
2024-09-30,0.5784,0.1077,0,1.1232,price_proxy,,,,
2024-10-02,0.5076,0.1209,0,0.8323,price_proxy,,,,
2024-10-04,0.3727,0.1255,0,1.126,price_proxy,,,,
2024-10-07,0.3626,0.1255,0,0.3401,price_proxy,,,,
2024-10-08,0.2584,0.13,0,1.4395,price_proxy,,,,
2024-10-10,0.2487,0.1283,0,3.039,price_proxy,,,,
2024-10-11,0.3566,0.1285,0,0.954,price_proxy,,,,
2024-10-14,0.3641,0.1294,0,1.3236,price_proxy,,,,
2024-10-15,0.3369,0.114,0,1.061,price_proxy,,,,
2024-10-16,0.399,0.1117,0,0.533,price_proxy,,,,
2024-10-17,0.4138,0.1038,0,0.8534,price_proxy,,,,
2024-10-18,0.4146,0.1037,0,0.5365,price_proxy,,,,
2024-10-21,0.4667,0.104,0,0.4598,price_proxy,,,,
2024-10-22,0.4535,0.099,0,0.8094,price_proxy,,,,
2024-10-23,0.4745,0.0989,0,0.4479,price_proxy,,,,
2024-10-24,0.4914,0.0972,0,0.3769,price_proxy,,,,
2024-10-25,0.3938,0.1027,0,0.9848,price_proxy,,,,
2024-10-28,0.4364,0.0941,0,0.4448,price_proxy,,,,
2024-10-29,0.5,0.0953,0,0.3852,price_proxy,,,,
2024-10-30,0.4871,0.0909,0,0.5596,price_proxy,,,,
2024-10-31,0.4267,0.0935,0,1.6043,price_proxy,,,,
2024-11-01,0.5762,0.0959,0,2.0935,price_proxy,,,,
2024-11-04,0.6094,0.105,0,1.1269,price_proxy,,,,
2024-11-05,0.5779,0.105,0,0.6335,price_proxy,,,,
2024-11-06,0.5694,0.0973,0,0.6385,price_proxy,,,,
2024-11-07,0.6387,0.096,0,0.5316,price_proxy,,,,
2024-11-08,0.5518,0.0954,0,0.5666,price_proxy,,,,
2024-11-11,0.3755,0.1051,0,1.0021,price_proxy,,,,
2024-11-12,0.3333,0.1074,0,1.1803,price_proxy,,,,
2024-11-13,0.3532,0.1077,0,0.7098,price_proxy,,,,
2024-11-14,0.3619,0.108,0,0.9899,price_proxy,,,,
2024-11-15,0.3695,0.107,0,0.775,price_proxy,,,,
2024-11-18,0.4867,0.1079,0,0.5868,price_proxy,,,,
2024-11-19,0.5227,0.1062,0,0.3544,price_proxy,,,,
2024-11-20,0.4955,0.1062,0,0.5459,price_proxy,,,,
2024-11-21,0.473,0.1062,0,0.4972,price_proxy,,,,
2024-11-22,0.4955,0.0987,0,0.3439,price_proxy,,,,
2024-11-25,0.5,0.0961,0,0.7919,price_proxy,,,,
2024-11-26,0.536,0.0958,0,0.4821,price_proxy,,,,
2024-11-27,0.5454,0.0959,0,0.603,price_proxy,,,,
2024-11-28,0.5683,0.0903,0,0.4355,price_proxy,,,,
2024-11-29,0.4955,0.0859,0,0.7503,price_proxy,,,,
2024-12-02,0.4733,0.0714,0,0.7856,price_proxy,,,,
2024-12-03,0.5177,0.0808,0,1.489,price_proxy,,,,
2024-12-04,0.4734,0.0847,0,1.4444,price_proxy,,,,
2024-12-05,0.4119,0.0874,0,0.946,price_proxy,,,,
2024-12-06,0.4321,0.0882,0,1.1118,price_proxy,,,,
2024-12-09,0.3646,0.0803,0,1.0983,price_proxy,,,,
2024-12-10,0.4125,0.1003,0,1.5746,price_proxy,,,,
2024-12-11,0.491,0.1013,0,0.9486,price_proxy,,,,
2024-12-12,0.5461,0.1011,0,1.7837,price_proxy,,,,
2024-12-13,0.6077,0.102,0,0.7469,price_proxy,,,,
2024-12-16,0.6889,0.1015,0,0.6618,price_proxy,,,,
2024-12-17,0.5366,0.1024,0,0.8646,price_proxy,,,,
2024-12-18,0.5181,0.102,0,0.4305,price_proxy,,,,
2024-12-19,0.473,0.1043,0,0.7536,price_proxy,,,,
2024-12-20,0.4511,0.1038,0,0.7039,price_proxy,,,,
2024-12-23,0.469,0.1039,0,0.4677,price_proxy,,,,
2024-12-24,0.482,0.1037,0,0.5222,price_proxy,,,,
2024-12-26,0.4329,0.1057,0,0.9503,price_proxy,,,,
2024-12-27,0.4178,0.1087,0,0.8552,price_proxy,,,,
2024-12-30,0.3952,0.1059,0,0.7746,price_proxy,,,,
2025-01-02,0.3652,0.1058,0,0.9069,price_proxy,,,,
2025-01-03,0.4274,0.1031,0,0.8926,price_proxy,,,,
2025-01-06,0.6157,0.1294,0,3.2873,price_proxy,,,,
2025-01-07,0.6524,0.1268,0,1.0443,price_proxy,,,,
2025-01-08,0.6971,0.1254,0,0.8172,price_proxy,,,,
2025-01-09,0.6783,0.1199,0,1.2389,price_proxy,,,,
2025-01-10,0.6318,0.1041,0,0.8908,price_proxy,,,,
2025-01-13,0.4956,0.1034,0,1.0082,price_proxy,,,,
2025-01-14,0.5,0.104,0,1.2301,price_proxy,,,,
2025-01-15,0.4869,0.1032,0,0.7556,price_proxy,,,,
2025-01-16,0.6239,0.1194,0,2.6936,price_proxy,,,,
2025-01-17,0.6192,0.1176,0,1.3366,price_proxy,,,,
2025-01-20,0.6053,0.1177,0,0.8663,price_proxy,,,,
2025-01-21,0.6239,0.1148,0,0.6335,price_proxy,,,,
2025-01-22,0.6322,0.1148,0,1.1001,price_proxy,,,,
2025-01-23,0.4792,0.117,0,0.9359,price_proxy,,,,
2025-01-24,0.4792,0.1163,0,0.7143,price_proxy,,,,
2025-01-31,0.5125,0.1137,0,0.9365,price_proxy,,,,
2025-02-03,0.4208,0.1212,0,1.052,price_proxy,,,,
2025-02-04,0.4132,0.1202,0,1.0546,price_proxy,,,,
2025-02-05,0.4326,0.1208,0,0.6791,price_proxy,,,,
2025-02-06,0.4705,0.1201,0,1.7704,price_proxy,,,,
2025-02-07,0.3219,0.1118,0,3.9071,price_proxy,,,,
2025-02-10,0.3829,0.1121,0,1.4707,price_proxy,,,,
2025-02-11,0.3618,0.1113,0,1.2271,price_proxy,,,,
2025-02-12,0.3867,0.1112,0,1.1576,price_proxy,,,,
2025-02-13,0.3419,0.1111,0,1.258,price_proxy,,,,
2025-02-14,0.4909,0.1125,0,1.0279,price_proxy,,,,
2025-02-17,0.5184,0.1122,0,0.5311,price_proxy,,,,
2025-02-18,0.4954,0.1134,0,1.2106,price_proxy,,,,
2025-02-19,0.5231,0.0953,0,1.2589,price_proxy,,,,
2025-02-20,0.5789,0.0995,0,2.9109,price_proxy,,,,
2025-02-21,0.5183,0.1,0,1.1087,price_proxy,,,,
2025-02-24,0.5183,0.1,0,0.6616,price_proxy,,,,
2025-02-25,0.5605,0.0993,0,0.7577,price_proxy,,,,
2025-02-26,0.5091,0.0981,0,0.9109,price_proxy,,,,
2025-02-27,0.4777,0.0987,0,1.2868,price_proxy,,,,
2025-02-28,0.4186,0.1044,0,1.7661,price_proxy,,,,
2025-03-04,0.4095,0.0947,0,0.9858,price_proxy,,,,
2025-03-05,0.4368,0.0969,0,0.6678,price_proxy,,,,
2025-03-06,0.5091,0.1031,0,0.7007,price_proxy,,,,
2025-03-07,0.5181,0.1015,0,1.0357,price_proxy,,,,
2025-03-10,0.566,0.0815,0,0.5788,price_proxy,,,,
2025-03-11,0.5379,0.0825,0,0.8924,price_proxy,,,,
2025-03-12,0.5326,0.0835,0,0.5993,price_proxy,,,,
2025-03-13,0.4186,0.0885,0,1.636,price_proxy,,,,
2025-03-14,0.4195,0.0894,0,0.5611,price_proxy,,,,
2025-03-17,0.4726,0.088,0,0.5382,price_proxy,,,,
2025-03-18,0.4953,0.0882,0,0.4183,price_proxy,,,,
2025-03-19,0.4679,0.0861,0,0.4231,price_proxy,,,,
2025-03-20,0.5189,0.0835,0,0.6628,price_proxy,,,,
2025-03-21,0.4953,0.0792,0,0.8485,price_proxy,,,,
2025-03-24,0.4861,0.0783,0,0.3109,price_proxy,,,,
2025-03-25,0.4814,0.0788,0,0.566,price_proxy,,,,
2025-03-26,0.4674,0.0788,0,0.6216,price_proxy,,,,
2025-03-27,0.4252,0.0819,0,0.9752,price_proxy,,,,
2025-03-28,0.4159,0.0812,0,0.6168,price_proxy,,,,
2025-03-31,0.3648,0.0725,0,1.4307,price_proxy,,,,
2025-04-01,0.4247,0.0773,0,1.1321,price_proxy,,,,
2025-04-02,0.4763,0.0781,0,1.5204,price_proxy,,,,
2025-04-03,0.4903,0.0713,0,0.7758,price_proxy,,,,
2025-04-04,0.5439,0.0747,0,1.0277,price_proxy,,,,
2025-04-07,0.481,0.091,0,1.3108,price_proxy,,,,
2025-04-08,0.4178,0.09,0,0.8975,price_proxy,,,,
2025-04-09,0.3158,0.093,0,1.1967,price_proxy,,,,
2025-04-10,0.461,0.1151,0,1.3939,price_proxy,,,,
2025-04-11,0.4427,0.1152,0,0.558,price_proxy,,,,
2025-04-14,0.5545,0.1148,0,0.5468,price_proxy,,,,
2025-04-15,0.601,0.1157,0,0.6193,price_proxy,,,,
2025-04-16,0.7187,0.1179,0,1.3269,price_proxy,,,,
2025-04-17,0.6294,0.1197,0,1.0247,price_proxy,,,,
2025-04-18,0.6032,0.1197,0,0.634,price_proxy,,,,
2025-04-21,0.6081,0.1197,0,0.3919,price_proxy,,,,
2025-04-22,0.5485,0.1206,0,0.4501,price_proxy,,,,
2025-04-23,0.519,0.1204,0,0.4832,price_proxy,,,,
2025-04-24,0.528,0.1196,0,1.2576,price_proxy,,,,
2025-04-25,0.5421,0.1194,0,0.7759,price_proxy,,,,
2025-04-28,0.5326,0.1155,0,0.6393,price_proxy,,,,
2025-04-29,0.6469,0.1198,0,1.8154,price_proxy,,,,
2025-04-30,0.6651,0.1191,0,2.0323,price_proxy,,,,
2025-05-02,0.6152,0.1167,0,1.3626,price_proxy,,,,
2025-05-07,0.5732,0.1169,0,0.5682,price_proxy,,,,
2025-05-08,0.6284,0.0986,0,2.0198,price_proxy,,,,
2025-05-09,0.5795,0.0967,0,1.4841,price_proxy,,,,
2025-05-12,0.4956,0.0931,0,0.7912,price_proxy,,,,
2025-05-13,0.5,0.0729,0,0.6149,price_proxy,,,,
2025-05-14,0.5397,0.0726,0,0.7041,price_proxy,,,,
2025-05-15,0.4612,0.0759,0,0.5314,price_proxy,,,,
2025-05-16,0.4278,0.076,0,0.6428,price_proxy,,,,
2025-05-19,0.452,0.0771,0,0.5308,price_proxy,,,,
2025-05-20,0.4913,0.078,0,0.9003,price_proxy,,,,
2025-05-21,0.5866,0.0949,0,2.7024,price_proxy,,,,
2025-05-22,0.6055,0.0957,0,0.7598,price_proxy,,,,
2025-05-23,0.6938,0.0988,0,2.2896,price_proxy,,,,
2025-05-26,0.7416,0.0988,0,0.7763,price_proxy,,,,
2025-05-27,0.7276,0.0977,0,1.1302,price_proxy,,,,
2025-05-28,0.6286,0.0977,0,1.0785,price_proxy,,,,
2025-05-29,0.6628,0.097,0,1.9631,price_proxy,,,,
2025-05-30,0.6044,0.0911,0,2.4663,price_proxy,,,,
2025-06-02,0.6477,0.0932,0,1.5264,price_proxy,,,,
2025-06-04,0.6415,0.0929,0,1.3008,price_proxy,,,,
2025-06-05,0.6832,0.0916,0,1.2286,price_proxy,,,,
2025-06-09,0.7085,0.0911,0,1.3494,price_proxy,,,,
2025-06-10,0.6908,0.0913,0,1.0901,price_proxy,,,,
2025-06-11,0.6227,0.083,0,1.7401,price_proxy,,,,
2025-06-12,0.5697,0.0863,0,0.9124,price_proxy,,,,
2025-06-13,0.4929,0.0891,0,1.2349,price_proxy,,,,
2025-06-16,0.451,0.0854,0,0.5979,price_proxy,,,,
2025-06-17,0.4756,0.0845,0,1.0123,price_proxy,,,,
2025-06-18,0.4755,0.0813,0,0.5164,price_proxy,,,,
2025-06-19,0.6064,0.0919,0,2.0023,price_proxy,,,,
2025-06-20,0.7867,0.1037,0,2.2565,price_proxy,,,,
2025-06-23,0.7437,0.1075,0,1.2969,price_proxy,,,,
2025-06-24,0.7575,0.104,0,0.578,price_proxy,,,,
2025-06-25,0.7199,0.1102,0,0.7591,price_proxy,,,,
2025-06-26,0.5707,0.1143,0,0.6144,price_proxy,,,,
2025-06-27,0.4185,0.1153,0,0.578,price_proxy,,,,
2025-06-30,0.5288,0.1192,0,0.7713,price_proxy,,,,
2025-07-01,0.5312,0.12,0,0.8226,price_proxy,,,,
2025-07-02,0.5447,0.1218,0,0.6766,price_proxy,,,,
2025-07-03,0.6008,0.1218,0,0.7307,price_proxy,,,,
2025-07-04,0.5294,0.1297,0,0.5267,price_proxy,,,,
2025-07-07,0.5189,0.1318,0,0.6811,price_proxy,,,,
2025-07-08,0.4508,0.133,0,0.8876,price_proxy,,,,
2025-07-09,0.5094,0.1328,0,0.4856,price_proxy,,,,
2025-07-10,0.531,0.1318,0,1.0474,price_proxy,,,,
2025-07-11,0.6192,0.1303,0,0.7534,price_proxy,,,,
2025-07-14,0.6154,0.1319,0,1.3398,price_proxy,,,,
2025-07-15,0.6167,0.1335,0,0.7825,price_proxy,,,,
2025-07-16,0.5591,0.1348,0,1.0873,price_proxy,,,,
2025-07-17,0.5305,0.1252,0,0.6797,price_proxy,,,,
2025-07-18,0.4848,0.1022,0,0.7543,price_proxy,,,,
2025-07-21,0.3791,0.1037,0,0.8968,price_proxy,,,,
2025-07-22,0.4136,0.1013,0,0.7405,price_proxy,,,,
2025-07-23,0.4396,0.0982,0,0.4335,price_proxy,,,,
2025-07-24,0.4069,0.0969,0,1.0294,price_proxy,,,,
2025-07-25,0.4234,0.0977,0,0.7358,price_proxy,,,,
2025-07-28,0.4027,0.0962,0,1.2852,price_proxy,,,,
2025-07-29,0.4034,0.0927,0,1.6513,price_proxy,,,,
2025-07-30,0.4128,0.0919,0,0.7701,price_proxy,,,,
2025-07-31,0.4559,0.0923,0,0.5523,price_proxy,,,,
2025-08-01,0.379,0.0982,0,1.1437,price_proxy,,,,
2025-08-04,0.4142,0.0913,0,1.0839,price_proxy,,,,
2025-08-05,0.392,0.091,0,0.6088,price_proxy,,,,
2025-08-06,0.399,0.0899,0,0.8447,price_proxy,,,,
2025-08-07,0.3873,0.0863,0,0.4821,price_proxy,,,,
2025-08-08,0.4661,0.0859,0,0.6247,price_proxy,,,,
2025-08-11,0.4414,0.0788,0,0.9087,price_proxy,,,,
2025-08-12,0.4239,0.0789,0,1.0829,price_proxy,,,,
2025-08-13,0.3971,0.0789,0,0.7607,price_proxy,,,,
2025-08-14,0.4113,0.0806,0,1.256,price_proxy,,,,
2025-08-18,0.3759,0.0826,0,0.5936,price_proxy,,,,
2025-08-19,0.4147,0.0808,0,0.7194,price_proxy,,,,
2025-08-20,0.4712,0.0834,0,0.7717,price_proxy,,,,
2025-08-21,0.4928,0.0842,0,0.6299,price_proxy,,,,
2025-08-22,0.4143,0.0867,0,0.6456,price_proxy,,,,
2025-08-25,0.5,0.09,0,0.5692,price_proxy,,,,
2025-08-26,0.4852,0.0852,0,0.66,price_proxy,,,,
2025-08-27,0.4489,0.0839,0,0.4861,price_proxy,,,,
2025-08-28,0.4891,0.0902,0,0.8605,price_proxy,,,,
2025-08-29,0.5299,0.0882,0,0.9946,price_proxy,,,,
2025-09-01,0.4963,0.0736,0,0.6126,price_proxy,,,,
2025-09-02,0.5187,0.0722,0,0.8074,price_proxy,,,,
2025-09-03,0.4775,0.0749,0,1.4642,price_proxy,,,,
2025-09-04,0.4453,0.0751,0,0.5106,price_proxy,,,,
2025-09-05,0.4853,0.0768,0,1.1503,price_proxy,,,,
2025-09-08,0.5074,0.0776,0,0.6393,price_proxy,,,,
2025-09-09,0.5296,0.0723,0,0.5697,price_proxy,,,,
2025-09-10,0.5682,0.0712,0,1.3647,price_proxy,,,,
2025-09-11,0.545,0.0711,0,1.0349,price_proxy,,,,
2025-09-12,0.537,0.0704,0,1.2725,price_proxy,,,,
2025-09-15,0.5404,0.0641,0,1.1373,price_proxy,,,,
2025-09-16,0.4781,0.0692,0,1.5602,price_proxy,,,,
2025-09-17,0.5183,0.0692,0,0.9721,price_proxy,,,,
2025-09-18,0.555,0.0711,0,1.058,price_proxy,,,,
2025-09-19,0.4964,0.0679,0,0.9479,price_proxy,,,,
2025-09-22,0.4532,0.0673,0,1.112,price_proxy,,,,
2025-09-23,0.4668,0.0679,0,1.3546,price_proxy,,,,
2025-09-24,0.4347,0.0678,0,0.7646,price_proxy,,,,
2025-09-25,0.3714,0.0634,0,1.4096,price_proxy,,,,
2025-09-26,0.3871,0.0639,0,0.8073,price_proxy,,,,
2025-09-29,0.4595,0.0711,0,0.5496,price_proxy,,,,
2025-09-30,0.5,0.071,0,0.9872,price_proxy,,,,
2025-10-01,0.4962,0.0668,0,0.7924,price_proxy,,,,
2025-10-02,0.5229,0.0662,0,1.9194,price_proxy,,,,
2025-10-10,0.5039,0.0678,0,1.4203,price_proxy,,,,
2025-10-13,0.4737,0.0683,0,1.0647,price_proxy,,,,
2025-10-14,0.4362,0.0697,0,1.0371,price_proxy,,,,
2025-10-15,0.4398,0.0697,0,1.0395,price_proxy,,,,
2025-10-16,0.4698,0.0714,0,0.8521,price_proxy,,,,
2025-10-17,0.4653,0.0735,0,1.0385,price_proxy,,,,
2025-10-20,0.4543,0.0725,0,0.8741,price_proxy,,,,
2025-10-21,0.4496,0.0708,0,1.3694,price_proxy,,,,
2025-10-22,0.4729,0.0693,0,1.3275,price_proxy,,,,
2025-10-23,0.431,0.0658,0,0.9091,price_proxy,,,,
2025-10-24,0.4765,0.0639,0,1.0487,price_proxy,,,,
2025-10-27,0.4688,0.0638,0,1.6196,price_proxy,,,,
2025-10-28,0.5477,0.0661,0,0.8978,price_proxy,,,,
2025-10-29,0.5039,0.0666,0,1.1498,price_proxy,,,,
2025-10-30,0.5556,0.067,0,1.2219,price_proxy,,,,
2025-10-31,0.5159,0.069,0,0.6812,price_proxy,,,,
2025-11-03,0.5158,0.0617,0,0.8644,price_proxy,,,,
2025-11-04,0.4883,0.0622,0,0.6507,price_proxy,,,,
2025-11-05,0.449,0.0686,0,1.0247,price_proxy,,,,
2025-11-06,0.4305,0.0693,0,0.6628,price_proxy,,,,
2025-11-07,0.5945,0.0964,0,3.7626,price_proxy,,,,
2025-11-10,0.6925,0.1084,0,1.9511,price_proxy,,,,
2025-11-11,0.6172,0.1116,0,1.0033,price_proxy,,,,
2025-11-12,0.7294,0.1134,0,0.5399,price_proxy,,,,
2025-11-13,0.708,0.1133,0,0.9885,price_proxy,,,,
2025-11-14,0.5602,0.1102,0,0.8488,price_proxy,,,,
2025-11-17,0.4821,0.1103,0,0.618,price_proxy,,,,
2025-11-18,0.4889,0.112,0,0.9421,price_proxy,,,,
2025-11-19,0.6336,0.1491,0,3.4851,price_proxy,,,,
2025-11-20,0.7428,0.1533,0,2.5838,price_proxy,,,,
2025-11-21,0.7226,0.1556,0,0.9821,price_proxy,,,,
2025-11-24,0.6483,0.1597,0,1.0585,price_proxy,,,,
2025-11-25,0.6299,0.1653,0,0.8346,price_proxy,,,,
2025-11-26,0.4492,0.1644,0,0.5886,price_proxy,,,,
2025-11-27,0.3384,0.1652,0,0.7469,price_proxy,,,,
2025-11-28,0.3686,0.1631,0,0.3566,price_proxy,,,,
2025-12-01,0.4091,0.1633,0,0.4267,price_proxy,,,,
2025-12-02,0.4582,0.1641,0,0.5116,price_proxy,,,,
2025-12-03,0.4861,0.1599,0,0.6179,price_proxy,,,,
2025-12-04,0.4684,0.1628,0,0.5419,price_proxy,,,,
2025-12-05,0.4649,0.1495,0,0.6382,price_proxy,,,,
2025-12-08,0.4577,0.1407,0,0.76,price_proxy,,,,
2025-12-09,0.4537,0.1376,0,0.5403,price_proxy,,,,
2025-12-10,0.3671,0.1386,0,0.9223,price_proxy,,,,
2025-12-11,0.4214,0.1389,0,1.2859,price_proxy,,,,
2025-12-12,0.4606,0.1402,0,0.6502,price_proxy,,,,
2025-12-15,0.4604,0.1401,0,0.4441,price_proxy,,,,
2025-12-16,0.4964,0.1375,0,0.9423,price_proxy,,,,
2025-12-17,0.5524,0.0872,0,0.5748,price_proxy,,,,
2025-12-18,0.5112,0.0664,0,0.7846,price_proxy,,,,
2025-12-19,0.5328,0.0757,0,1.1989,price_proxy,,,,
2025-12-22,0.5331,0.0723,0,0.5268,price_proxy,,,,
2025-12-23,0.4927,0.065,0,0.389,price_proxy,,,,
2025-12-24,0.5146,0.0663,0,0.4648,price_proxy,,,,
2025-12-26,0.4963,0.0687,0,0.489,price_proxy,,,,
2025-12-29,0.4246,0.0689,0,0.5787,price_proxy,,,,
2025-12-30,0.4421,0.069,0,0.525,price_proxy,,,,
2026-01-02,0.6245,0.1111,0,1.7123,price_proxy,,,,
2026-01-05,0.5471,0.1133,0,1.2383,price_proxy,,,,
2026-01-06,0.5,0.1208,0,1.538,price_proxy,,,,
2026-01-07,0.444,0.126,0,1.4389,price_proxy,,,,
2026-01-08,0.4255,0.126,0,1.2532,price_proxy,,,,
2026-01-09,0.2966,0.1262,0,0.7994,price_proxy,,,,
2026-01-12,0.3407,0.1231,0,0.9402,price_proxy,,,,
2026-01-13,0.4222,0.1227,0,0.8731,price_proxy,,,,
2026-01-14,0.523,0.1221,0,0.9453,price_proxy,,,,
2026-01-15,0.5116,0.1226,0,0.9111,price_proxy,,,,
2026-01-16,0.4846,0.1222,0,0.9092,price_proxy,,,,
2026-01-19,0.4538,0.1232,0,0.7489,price_proxy,,,,
2026-01-20,0.5039,0.1259,0,1.1704,price_proxy,,,,
2026-01-21,0.4583,0.1211,0,0.9421,price_proxy,,,,
2026-01-22,0.5462,0.1264,0,1.7234,price_proxy,,,,
2026-01-23,0.7244,0.1528,0,2.8829,price_proxy,,,,
2026-01-26,0.7559,0.1527,0,1.8293,price_proxy,,,,
2026-01-27,0.7192,0.1504,0,0.9375,price_proxy,,,,
2026-01-28,0.7209,0.1503,0,1.4736,price_proxy,,,,
2026-01-29,0.6917,0.151,0,1.7238,price_proxy,,,,
2026-01-30,0.4965,0.1264,0,1.1018,price_proxy,,,,
2026-02-02,0.4965,0.1233,0,1.579,price_proxy,,,,
2026-02-03,0.5728,0.121,0,1.4328,price_proxy,,,,
2026-02-04,0.6117,0.1123,0,1.3776,price_proxy,,,,
2026-02-05,0.6269,0.1123,0,2.4989,price_proxy,,,,
2026-02-06,0.622,0.1159,0,1.1143,price_proxy,,,,
2026-02-09,0.9441,0.1873,0,4.2758,price_proxy,,,,
2026-02-10,0.8445,0.1869,0,0.8293,price_proxy,,,,
2026-02-11,0.8074,0.1881,0,0.8363,price_proxy,,,,
2026-02-12,0.7161,0.1885,0,0.8017,price_proxy,,,,
2026-02-13,0.7627,0.1876,0,0.7887,price_proxy,,,,
2026-02-19,0.4971,0.1841,0,0.7314,price_proxy,,,,
2026-02-20,0.4287,0.1908,0,0.4382,price_proxy,,,,
2026-02-23,0.4484,0.1896,0,0.5844,price_proxy,,,,
2026-02-24,0.4389,0.1921,0,0.7334,price_proxy,,,,
2026-02-25,0.3897,0.1792,0,0.7596,price_proxy,,,,
2026-02-26,0.3567,0.1792,0,0.8193,price_proxy,,,,
2026-02-27,0.355,0.184,0,0.658,price_proxy,,,,
2026-03-03,0.1765,0.2101,0,1.1121,price_proxy,,,,
2026-03-04,0.0315,0.237,0,0.9902,price_proxy,,,,
2026-03-05,0.159,0.2462,0,0.7549,price_proxy,,,,
2026-03-06,0.179,0.2464,0,0.9043,price_proxy,,,,
2026-03-09,0.1523,0.2453,0,0.4081,price_proxy,,,,
2026-03-10,0.3421,0.2455,0,0.4575,price_proxy,,,,
2026-03-11,0.6137,0.2458,0,0.7353,price_proxy,,,,
2026-03-12,0.4815,0.2454,0,0.5265,price_proxy,,,,
2026-03-13,0.4669,0.1768,0,0.6157,price_proxy,,,,
2026-03-16,0.5425,0.176,0,0.5617,price_proxy,,,,
2026-03-17,0.561,0.1799,0,0.4464,price_proxy,,,,
2026-03-18,0.5594,0.1842,0,0.8195,price_proxy,,,,
2026-03-19,0.515,0.1847,0,0.7737,price_proxy,,,,
2026-03-20,0.6084,0.1931,0,1.0249,price_proxy,,,,
2026-03-21,0.0,0.0,1,,,0.0,0.0,0.5,0.0
2026-03-22,0.2685,0.379716341497176,2,,,2.0,0.0,1.0,0.2949773995073875
2026-03-23,-0.2685,0.379716341497176,2,,,0.0,2.0,0.0,-0.2949773995073875
2026-03-24,0.35,0.4949747468305832,2,,,3.0,0.0,1.0,0.3845143010338384
2026-03-25,0.087,0.1506884202584923,3,,,1.0,0.0,1.0,0.1206076094174305
2026-03-26,0.02576,0.1288,25,,,3.0,1.0,0.75,0.0839285668194333
2026-03-27,0.5816,0.2067,0,1.2908,price_proxy,,,,
2026-03-28,0.261,0.0,1,,,1.0,0.0,1.0,0.1809114141261457
2026-03-29,0.322,0.0,1,,,1.0,0.0,1.0,0.2231933921403024
2026-03-30,0.0,0.0,6,,,1.0,1.0,0.5,0.0
2026-03-31,0.046,0.1217045603089711,7,,,1.0,0.0,1.0,0.0956543109172724
2026-04-01,0.0805,0.161,4,,,1.0,0.0,1.0,0.129559751950945
2026-04-02,0.1467142857142857,0.2352946481086457,7,,,5.0,2.0,0.7142857142857143,0.3050837804721702
2026-04-03,0.3569,0.1486,0,0.394,price_proxy,,,,
2026-04-05,0.322,0.0,1,,,1.0,0.0,1.0,0.2231933921403024
2026-04-06,0.0644,0.1440027777509864,5,,,1.0,0.0,1.0,0.1153893098182867
2026-04-07,0.0,0.0,4,,,0.0,0.0,0.5,0.0
2026-04-08,0.0,0.0,6,,,0.0,0.0,0.5,0.0
2026-04-09,0.1166,0.1611111417624492,5,,,2.0,0.0,1.0,0.2089191541119912
2026-04-10,0.2808,0.3906957895857082,5,,,5.0,0.0,1.0,0.5031260589592378
2026-04-11,0.322,0.0,1,,,1.0,0.0,1.0,0.2231933921403024
2026-04-12,0.2685,0.379716341497176,2,,,2.0,0.0,1.0,0.2949773995073875
2026-04-13,0.261,0.0,1,,,1.0,0.0,1.0,0.1809114141261457
2026-04-14,0.0,0.0,3,,,0.0,0.0,0.5,0.0
2026-04-15,0.0813333333333333,0.244,9,,,4.0,1.0,0.8,0.187276920896849
2026-04-16,0.1305,0.1845548698896889,2,,,1.0,0.0,1.0,0.1433689036711883
2026-04-17,0.287,0.3700424686051974,8,,,12.0,3.0,0.8,0.630603453695495
2026-04-19,0.0,0.0,1,,,0.0,0.0,0.5,0.0
2026-04-20,0.0,0.0,1,,,0.0,0.0,0.5,0.0
2026-04-21,-0.2433333333333333,0.2150751806539595,3,,,0.0,2.0,0.0,-0.3373316278725067
2026-04-22,0.5072,0.1216,0,1.0999,price_proxy,,,,
2026-04-23,0.1006666666666666,0.2465819674401732,6,,,3.0,1.0,0.75,0.1958882883382348
2026-04-24,0.6616,0.1409,0,3.0201,price_proxy,,,,
2026-04-26,0.0,0.0,1,,,0.0,0.0,0.5,0.0
2026-04-27,0.13425,0.2685,4,,,2.0,0.0,1.0,0.216067039744278
2026-04-28,0.0093333333333333,0.3940829015998199,3,,,2.0,2.0,0.5,0.0129387473704523
2026-04-29,0.1216666666666666,0.2465415325512666,45,,,21.0,4.0,0.84,0.4658180365728399
2026-04-30,0.04175,0.2389081698819938,12,,,2.0,1.0,0.6666666666666666,0.1070866356740191
2026-05-02,0.462,0.0,1,,,1.0,0.0,1.0,0.3202339974186947
2026-05-03,0.0,0.0,1,,,0.0,0.0,0.5,0.0
2026-05-04,0.0,0.0,3,,,0.0,0.0,0.5,0.0
2026-05-05,0.174,0.1506884202584923,3,,,2.0,0.0,1.0,0.241215218834861
2026-05-06,0.095,0.3243804350861295,4,,,3.0,2.0,0.6,0.1528966016812395
2026-05-07,0.1153999999999999,0.1905722959928855,5,,,3.0,1.0,0.75,0.2067690427489175
2026-05-08,0.0,0.0,1,,,0.0,0.0,0.5,0.0
2026-05-10,0.322,0.0,1,,,1.0,0.0,1.0,0.2231933921403024
2026-05-11,0.1375714285714285,0.2852045214361425,7,,,4.0,2.0,0.6666666666666666,0.2860717435196688
2026-05-12,-0.0314,0.1774677435479473,5,,,1.0,2.0,0.3333333333333333,-0.0562612473337609
2026-05-13,-0.124875,0.2889465781074419,8,,,1.0,4.0,0.2,-0.2743784190948604
2026-05-14,0.1305,0.1845548698896889,2,,,1.0,0.0,1.0,0.1433689036711883
2026-05-15,0.3789,0.1581,0,1.034,price_proxy,,,,
2026-05-18,0.0213999999999999,0.3512289851364776,5,,,2.0,2.0,0.5,0.0383436526414803
2026-05-19,0.0334999999999999,0.2603881717743723,8,,,3.0,2.0,0.6,0.0736070233407633
2026-05-20,-0.20575,0.4115,4,,,0.0,3.0,0.0,-0.3311418504833161
2026-05-21,0.0,0.0,1,,,0.0,0.0,0.5,0.0
2026-05-22,0.4297,0.1709,0,0.8954,price_proxy,,,,
2026-05-26,0.4673,0.1724,0,0.7627,price_proxy,,,,
2026-05-27,0.3814,0.1417,0,1.1548,price_proxy,,,,
2026-05-28,0.4197,0.1374,0,1.1159,price_proxy,,,,
2026-05-29,0.4004,0.1373,0,0.983,price_proxy,,,,
2026-06-01,0.3138,0.1368,0,1.1423,price_proxy,,,,
2026-06-02,0.3254,0.1354,0,0.9523,price_proxy,,,,
2026-06-04,0.4391,0.1328,0,0.9734,price_proxy,,,,
2026-06-05,0.4383,0.129,0,0.7304,price_proxy,,,,
2026-06-08,0.3646,0.1306,0,0.835,price_proxy,,,,
2026-06-09,0.5312,0.1534,0,1.1818,price_proxy,,,,
2026-06-10,0.6093,0.1552,0,1.2493,price_proxy,,,,
2026-06-11,0.7018,0.1644,0,2.2184,price_proxy,,,,
2026-06-12,0.7409,0.1629,0,1.1002,price_proxy,,,,
2026-06-15,0.8091,0.1474,0,0.8133,price_proxy,,,,
2026-06-16,0.6714,0.1433,0,0.763,price_proxy,,,,
2026-06-17,0.5734,0.1384,0,0.9429,price_proxy,,,,
2026-06-18,0.39,0.1427,0,0.8735,price_proxy,,,,
2026-06-19,0.3621,0.139,0,1.1832,price_proxy,,,,
2026-06-22,0.2809,0.144,0,0.9134,price_proxy,,,,
2026-06-23,0.2045,0.1452,0,0.7649,price_proxy,,,,
2026-06-24,0.25,0.1437,0,0.6725,price_proxy,,,,
2026-06-25,0.2974,0.1376,0,0.5289,price_proxy,,,,
2026-06-26,0.2821,0.1382,0,0.9104,price_proxy,,,,
2026-06-29,0.5774,0.1876,0,0.9599,price_proxy,,,,
2026-06-30,0.5713,0.1921,0,0.565,price_proxy,,,,
2026-07-01,0.6952,0.2001,0,0.8803,price_proxy,,,,
2026-07-02,0.8165,0.2053,0,1.87,price_proxy,,,,
2026-07-03,0.8472,0.2047,0,0.7682,price_proxy,,,,
2026-07-06,0.636,0.2011,0,0.6299,price_proxy,,,,
2026-07-07,0.8028,0.1924,0,0.9004,price_proxy,,,,
2026-07-08,0.6518,0.1928,0,0.8981,price_proxy,,,,
2026-07-09,0.4462,0.191,0,1.1198,price_proxy,,,,
2026-07-10,0.525,0.1946,0,0.8573,price_proxy,,,,
2026-07-13,0.4713,0.195,0,0.7613,price_proxy,,,,
2026-07-14,0.3964,0.1952,0,0.8862,price_proxy,,,,
2026-07-15,0.4315,0.1929,0,0.6695,price_proxy,,,,
2026-07-16,0.6277,0.1942,0,1.504,price_proxy,,,,
2026-07-20,0.5041,0.1962,0,0.9194,price_proxy,,,,
2026-07-21,0.5083,0.1898,0,0.4998,price_proxy,,,,
2026-07-22,0.4748,0.1859,0,0.504,price_proxy,,,,
2026-07-23,0.5251,0.1875,0,0.41,price_proxy,,,,
