date,news_sentiment_mean,news_sentiment_std,news_count,volume_ratio,source,news_positive_total,news_negative_total,news_pos_ratio,news_intensity
2016-02-01,0.6622,0.1631,0,4.4408,price_proxy,,,,
2016-02-02,0.5884,0.1762,0,2.4553,price_proxy,,,,
2016-02-03,0.5236,0.1797,0,1.613,price_proxy,,,,
2016-02-04,0.2872,0.2165,0,4.5292,price_proxy,,,,
2016-02-05,0.2103,0.2174,0,1.4592,price_proxy,,,,
2016-02-11,0.0083,0.2174,0,1.3685,price_proxy,,,,
2016-02-12,0.0,0.2318,0,1.2451,price_proxy,,,,
2016-02-15,0.0935,0.2333,0,0.5688,price_proxy,,,,
2016-02-16,0.3942,0.2426,0,0.5119,price_proxy,,,,
2016-02-17,0.3743,0.2449,0,0.5551,price_proxy,,,,
2016-02-18,0.4227,0.2459,0,0.295,price_proxy,,,,
2016-02-19,0.6752,0.2496,0,0.6036,price_proxy,,,,
2016-02-22,0.676,0.2519,0,0.6394,price_proxy,,,,
2016-02-23,0.5335,0.2523,0,0.3941,price_proxy,,,,
2016-02-24,0.6516,0.2518,0,0.318,price_proxy,,,,
2016-02-25,0.5805,0.2468,0,0.469,price_proxy,,,,
2016-02-26,0.5056,0.2456,0,0.4133,price_proxy,,,,
2016-02-29,0.473,0.2464,0,0.4083,price_proxy,,,,
2016-03-02,0.522,0.2466,0,1.0425,price_proxy,,,,
2016-03-03,0.5488,0.2484,0,0.5778,price_proxy,,,,
2016-03-04,0.6105,0.2058,0,0.6904,price_proxy,,,,
2016-03-07,0.7271,0.2067,0,1.2391,price_proxy,,,,
2016-03-08,0.7131,0.2015,0,0.585,price_proxy,,,,
2016-03-09,0.663,0.1571,0,0.7942,price_proxy,,,,
2016-03-10,0.6429,0.1528,0,0.6072,price_proxy,,,,
2016-03-11,0.5733,0.1547,0,0.8621,price_proxy,,,,
2016-03-14,0.4353,0.1205,0,0.5975,price_proxy,,,,
2016-03-15,0.3765,0.1224,0,0.6282,price_proxy,,,,
2016-03-16,0.4196,0.112,0,0.7543,price_proxy,,,,
2016-03-17,0.3914,0.1,0,1.0186,price_proxy,,,,
2016-03-18,0.4596,0.0998,0,0.8307,price_proxy,,,,
2016-03-21,0.4332,0.1016,0,0.7942,price_proxy,,,,
2016-03-22,0.4368,0.0994,0,0.8955,price_proxy,,,,
2016-03-23,0.4058,0.098,0,0.6769,price_proxy,,,,
2016-03-24,0.3851,0.0971,0,1.0945,price_proxy,,,,
2016-03-25,0.3454,0.0954,0,0.6178,price_proxy,,,,
2016-03-28,0.4894,0.1066,0,0.9801,price_proxy,,,,
2016-03-29,0.4891,0.1085,0,0.8049,price_proxy,,,,
2016-03-30,0.467,0.1108,0,0.8197,price_proxy,,,,
2016-03-31,0.4446,0.1077,0,1.1801,price_proxy,,,,
2016-04-01,0.4553,0.1066,0,0.9969,price_proxy,,,,
2016-04-04,0.4198,0.0927,0,2.1706,price_proxy,,,,
2016-04-05,0.5164,0.0984,0,1.2937,price_proxy,,,,
2016-04-06,0.6061,0.1011,0,2.1272,price_proxy,,,,
2016-04-07,0.6311,0.0987,0,1.1315,price_proxy,,,,
2016-04-08,0.5914,0.0985,0,0.8467,price_proxy,,,,
2016-04-11,0.5669,0.0988,0,0.8877,price_proxy,,,,
2016-04-12,0.4675,0.0984,0,0.8799,price_proxy,,,,
2016-04-14,0.4204,0.0981,0,0.6861,price_proxy,,,,
2016-04-15,0.4198,0.0981,0,0.9057,price_proxy,,,,
2016-04-18,0.4617,0.0965,0,0.6536,price_proxy,,,,
2016-04-19,0.4407,0.0918,0,0.6895,price_proxy,,,,
2016-04-20,0.5055,0.0901,0,1.5162,price_proxy,,,,
2016-04-21,0.511,0.0894,0,0.8248,price_proxy,,,,
2016-04-22,0.6393,0.1059,0,2.024,price_proxy,,,,
2016-04-25,0.6281,0.1056,0,1.4602,price_proxy,,,,
2016-04-26,0.6333,0.0951,0,0.9996,price_proxy,,,,
2016-04-27,0.6044,0.0918,0,1.7252,price_proxy,,,,
2016-04-28,0.6484,0.0896,0,1.2187,price_proxy,,,,
2016-04-29,0.6458,0.0993,0,3.844,price_proxy,,,,
2016-05-02,0.6309,0.101,0,2.2388,price_proxy,,,,
2016-05-03,0.474,0.1275,0,2.1885,price_proxy,,,,
2016-05-04,0.4478,0.1258,0,0.9379,price_proxy,,,,
2016-05-09,0.3517,0.1275,0,0.6757,price_proxy,,,,
2016-05-10,0.301,0.1303,0,0.55,price_proxy,,,,
2016-05-11,0.3084,0.1285,0,0.3805,price_proxy,,,,
2016-05-12,0.4314,0.1278,0,0.3455,price_proxy,,,,
2016-05-13,0.4625,0.1255,0,0.4021,price_proxy,,,,
2016-05-16,0.5,0.1261,0,0.6057,price_proxy,,,,
2016-05-17,0.3922,0.13,0,0.8311,price_proxy,,,,
2016-05-18,0.3478,0.134,0,0.814,price_proxy,,,,
2016-05-19,0.3743,0.1344,0,0.4196,price_proxy,,,,
2016-05-20,0.4672,0.1447,0,0.8886,price_proxy,,,,
2016-05-23,0.4834,0.1447,0,0.5642,price_proxy,,,,
2016-05-24,0.5741,0.1322,0,1.4031,price_proxy,,,,
2016-05-25,0.5706,0.1361,0,0.6207,price_proxy,,,,
2016-05-26,0.5175,0.1364,0,0.5746,price_proxy,,,,
2016-05-27,0.4333,0.1369,0,0.368,price_proxy,,,,
2016-05-30,0.4276,0.1339,0,0.339,price_proxy,,,,
2016-05-31,0.4231,0.1183,0,0.7369,price_proxy,,,,
2016-06-01,0.483,0.1183,0,0.6533,price_proxy,,,,
2016-06-02,0.5231,0.0967,0,0.958,price_proxy,,,,
2016-06-03,0.4885,0.0962,0,0.7696,price_proxy,,,,
2016-06-07,0.5462,0.0956,0,0.8492,price_proxy,,,,
2016-06-08,0.5114,0.0912,0,0.9414,price_proxy,,,,
2016-06-09,0.5745,0.0966,0,1.8148,price_proxy,,,,
2016-06-10,0.5629,0.0965,0,0.7706,price_proxy,,,,
2016-06-13,0.5578,0.0975,0,0.8019,price_proxy,,,,
2016-06-14,0.4548,0.1012,0,0.9329,price_proxy,,,,
2016-06-15,0.6932,0.1562,0,9.6423,price_proxy,,,,
2016-06-16,0.5552,0.1577,0,2.6408,price_proxy,,,,
2016-06-17,0.6108,0.159,0,1.4787,price_proxy,,,,
2016-06-20,0.6404,0.1513,0,0.8262,price_proxy,,,,
2016-06-21,0.6734,0.1522,0,0.8528,price_proxy,,,,
2016-06-22,0.4689,0.1519,0,1.9231,price_proxy,,,,
2016-06-23,0.5645,0.1468,0,1.2681,price_proxy,,,,
2016-06-24,0.4843,0.1466,0,2.5371,price_proxy,,,,
2016-06-27,0.479,0.1468,0,0.7623,price_proxy,,,,
2016-06-28,0.5957,0.1524,0,1.1493,price_proxy,,,,
2016-06-29,0.6368,0.1544,0,1.8841,price_proxy,,,,
2016-06-30,0.7031,0.1579,0,1.1945,price_proxy,,,,
2016-07-01,0.7328,0.1583,0,0.9888,price_proxy,,,,
2016-07-04,0.7653,0.1565,0,0.7162,price_proxy,,,,
2016-07-05,0.6523,0.157,0,1.1733,price_proxy,,,,
2016-07-06,0.5443,0.1596,0,0.4166,price_proxy,,,,
2016-07-07,0.4953,0.1584,0,0.409,price_proxy,,,,
2016-07-08,0.4336,0.1641,0,0.5184,price_proxy,,,,
2016-07-11,0.4204,0.1625,0,0.2463,price_proxy,,,,
2016-07-12,0.4245,0.1583,0,0.3411,price_proxy,,,,
2016-07-13,0.4084,0.1097,0,0.8915,price_proxy,,,,
2016-07-14,0.3673,0.1016,0,0.6647,price_proxy,,,,
2016-07-15,0.4608,0.0999,0,0.6774,price_proxy,,,,
2016-07-18,0.4463,0.1,0,0.3996,price_proxy,,,,
2016-07-19,0.3971,0.1046,0,0.4738,price_proxy,,,,
2016-07-20,0.4394,0.1046,0,0.395,price_proxy,,,,
2016-07-21,0.4746,0.1049,0,0.4702,price_proxy,,,,
2016-07-22,0.435,0.1035,0,0.3392,price_proxy,,,,
2016-07-25,0.4248,0.1039,0,0.3242,price_proxy,,,,
2016-07-26,0.4535,0.0929,0,0.4514,price_proxy,,,,
2016-07-27,0.4167,0.0889,0,0.7682,price_proxy,,,,
2016-07-28,0.428,0.0773,0,0.6559,price_proxy,,,,
2016-07-29,0.3863,0.0802,0,0.6241,price_proxy,,,,
2016-08-01,0.3802,0.0774,0,0.4306,price_proxy,,,,
2016-08-02,0.3836,0.0776,0,0.7513,price_proxy,,,,
2016-08-03,0.4185,0.0763,0,0.5945,price_proxy,,,,
2016-08-04,0.3987,0.0736,0,0.394,price_proxy,,,,
2016-08-05,0.4288,0.0683,0,0.7686,price_proxy,,,,
2016-08-08,0.4945,0.0744,0,0.4085,price_proxy,,,,
2016-08-09,0.5674,0.0804,0,1.1193,price_proxy,,,,
2016-08-10,0.5567,0.0763,0,0.5587,price_proxy,,,,
2016-08-11,0.5393,0.0765,0,0.5794,price_proxy,,,,
2016-08-12,0.5341,0.074,0,0.8475,price_proxy,,,,
2016-08-16,0.4556,0.0749,0,0.9446,price_proxy,,,,
2016-08-17,0.4348,0.072,0,0.6965,price_proxy,,,,
2016-08-18,0.4449,0.0721,0,0.6673,price_proxy,,,,
2016-08-19,0.4559,0.0704,0,0.5403,price_proxy,,,,
2016-08-22,0.5447,0.0798,0,2.5255,price_proxy,,,,
2016-08-23,0.5852,0.0798,0,1.4397,price_proxy,,,,
2016-08-24,0.5169,0.0813,0,0.8103,price_proxy,,,,
2016-08-25,0.5453,0.077,0,0.7329,price_proxy,,,,
2016-08-26,0.5113,0.0744,0,0.7641,price_proxy,,,,
2016-08-29,0.3689,0.0818,0,1.916,price_proxy,,,,
2016-08-30,0.391,0.0834,0,0.5129,price_proxy,,,,
2016-08-31,0.3886,0.0855,0,1.0813,price_proxy,,,,
2016-09-01,0.4058,0.087,0,0.496,price_proxy,,,,
2016-09-02,0.5336,0.1053,0,1.4106,price_proxy,,,,
2016-09-05,0.5994,0.1053,0,1.1419,price_proxy,,,,
2016-09-06,0.6671,0.1141,0,2.1398,price_proxy,,,,
2016-09-07,0.7183,0.112,0,1.8134,price_proxy,,,,
2016-09-08,0.7674,0.1168,0,3.0226,price_proxy,,,,
2016-09-09,0.5606,0.1262,0,2.4014,price_proxy,,,,
2016-09-12,0.5557,0.1261,0,0.9804,price_proxy,,,,
2016-09-13,0.4734,0.1244,0,0.6846,price_proxy,,,,
2016-09-19,0.4521,0.1249,0,0.6067,price_proxy,,,,
2016-09-20,0.4333,0.1271,0,0.557,price_proxy,,,,
2016-09-21,0.484,0.1287,0,0.5193,price_proxy,,,,
2016-09-22,0.4783,0.1261,0,0.8359,price_proxy,,,,
2016-09-23,0.4569,0.1262,0,0.9413,price_proxy,,,,
2016-09-26,0.4401,0.1257,0,0.8453,price_proxy,,,,
2016-09-27,0.3939,0.1256,0,0.6595,price_proxy,,,,
2016-09-28,0.4299,0.125,0,0.5102,price_proxy,,,,
2016-09-29,0.4452,0.1163,0,0.5321,price_proxy,,,,
2016-09-30,0.4063,0.1189,0,0.927,price_proxy,,,,
2016-10-04,0.4607,0.1163,0,0.8622,price_proxy,,,,
2016-10-05,0.4776,0.1159,0,0.6214,price_proxy,,,,
2016-10-06,0.4777,0.0994,0,0.6907,price_proxy,,,,
2016-10-07,0.4437,0.1022,0,0.5981,price_proxy,,,,
2016-10-10,0.5173,0.0879,0,0.4357,price_proxy,,,,
2016-10-11,0.5,0.0879,0,0.3833,price_proxy,,,,
2016-10-12,0.449,0.0757,0,0.6043,price_proxy,,,,
2016-10-13,0.4492,0.0654,0,0.6566,price_proxy,,,,
2016-10-14,0.471,0.0656,0,0.7018,price_proxy,,,,
2016-10-17,0.4026,0.0678,0,1.0287,price_proxy,,,,
2016-10-18,0.3682,0.0689,0,1.7002,price_proxy,,,,
2016-10-19,0.3721,0.0584,0,0.7651,price_proxy,,,,
2016-10-20,0.3957,0.0626,0,0.8591,price_proxy,,,,
2016-10-21,0.4118,0.0616,0,0.5579,price_proxy,,,,
2016-10-24,0.4398,0.0617,0,0.683,price_proxy,,,,
2016-10-25,0.4448,0.0609,0,1.1885,price_proxy,,,,
2016-10-26,0.4068,0.0659,0,1.9443,price_proxy,,,,
2016-10-27,0.4266,0.0743,0,0.7321,price_proxy,,,,
2016-10-28,0.3646,0.0816,0,0.9188,price_proxy,,,,
2016-10-31,0.2888,0.0912,0,1.3859,price_proxy,,,,
2016-11-01,0.336,0.0916,0,1.0514,price_proxy,,,,
2016-11-02,0.4153,0.0913,0,1.2582,price_proxy,,,,
2016-11-03,0.3667,0.091,0,0.7611,price_proxy,,,,
2016-11-04,0.401,0.09,0,0.7265,price_proxy,,,,
2016-11-07,0.5,0.0877,0,0.8794,price_proxy,,,,
2016-11-08,0.5756,0.1069,0,1.4063,price_proxy,,,,
2016-11-09,0.4184,0.124,0,2.5323,price_proxy,,,,
2016-11-10,0.5136,0.1386,0,1.283,price_proxy,,,,
2016-11-11,0.5,0.14,0,0.905,price_proxy,,,,
2016-11-14,0.5069,0.1394,0,1.0573,price_proxy,,,,
2016-11-15,0.3675,0.1401,0,0.7709,price_proxy,,,,
2016-11-16,0.4149,0.1451,0,2.3603,price_proxy,,,,
2016-11-17,0.2905,0.1429,0,1.2975,price_proxy,,,,
2016-11-18,0.2222,0.1539,0,2.5727,price_proxy,,,,
2016-11-21,0.2232,0.1549,0,1.187,price_proxy,,,,
2016-11-22,0.2447,0.1549,0,1.0218,price_proxy,,,,
2016-11-23,0.2259,0.1596,0,2.9199,price_proxy,,,,
2016-11-24,0.2887,0.1573,0,1.5225,price_proxy,,,,
2016-11-25,0.4597,0.16,0,0.9485,price_proxy,,,,
2016-11-28,0.4116,0.1544,0,0.7296,price_proxy,,,,
2016-11-29,0.4675,0.1555,0,0.5873,price_proxy,,,,
2016-11-30,0.603,0.1558,0,0.785,price_proxy,,,,
2016-12-01,0.5338,0.1557,0,0.5252,price_proxy,,,,
2016-12-02,0.4506,0.1555,0,0.9129,price_proxy,,,,
2016-12-05,0.4328,0.1566,0,0.5132,price_proxy,,,,
2016-12-06,0.4174,0.1439,0,0.4745,price_proxy,,,,
2016-12-07,0.2959,0.1382,0,1.1257,price_proxy,,,,
2016-12-08,0.3838,0.1298,0,0.8596,price_proxy,,,,
2016-12-09,0.6013,0.1731,0,1.6657,price_proxy,,,,
2016-12-12,0.7261,0.1767,0,1.2535,price_proxy,,,,
2016-12-13,0.7328,0.1763,0,0.5223,price_proxy,,,,
2016-12-14,0.8545,0.1709,0,0.4841,price_proxy,,,,
2016-12-15,0.8965,0.1781,0,0.7513,price_proxy,,,,
2016-12-16,0.6526,0.1635,0,0.7362,price_proxy,,,,
2016-12-19,0.5625,0.1648,0,0.4783,price_proxy,,,,
2016-12-20,0.4923,0.1664,0,0.5462,price_proxy,,,,
2016-12-21,0.4691,0.1554,0,0.6854,price_proxy,,,,
2016-12-22,0.3897,0.1549,0,0.6195,price_proxy,,,,
2016-12-23,0.5522,0.1686,0,3.7767,price_proxy,,,,
2016-12-26,0.5606,0.1671,0,0.9476,price_proxy,,,,
2016-12-27,0.6318,0.1668,0,1.3634,price_proxy,,,,
2016-12-28,0.7039,0.1674,0,0.7571,price_proxy,,,,
2016-12-29,0.7646,0.1678,0,1.1772,price_proxy,,,,
2017-01-02,0.5873,0.1673,0,0.7068,price_proxy,,,,
2017-01-03,0.5515,0.1668,0,0.8616,price_proxy,,,,
2017-01-04,0.5291,0.1671,0,0.5104,price_proxy,,,,
2017-01-05,0.5214,0.1525,0,0.7816,price_proxy,,,,
2017-01-06,0.4107,0.1552,0,0.7752,price_proxy,,,,
2017-01-09,0.4233,0.1225,0,0.5287,price_proxy,,,,
2017-01-10,0.4642,0.1205,0,0.3464,price_proxy,,,,
2017-01-11,0.414,0.124,0,0.7175,price_proxy,,,,
2017-01-12,0.4085,0.1247,0,0.8493,price_proxy,,,,
2017-01-13,0.4065,0.1153,0,0.6265,price_proxy,,,,
2017-01-16,0.4058,0.1145,0,0.4579,price_proxy,,,,
2017-01-17,0.4051,0.1137,0,0.3402,price_proxy,,,,
2017-01-18,0.4775,0.1115,0,0.4561,price_proxy,,,,
2017-01-19,0.3745,0.1184,0,0.8855,price_proxy,,,,
2017-01-20,0.3642,0.1216,0,0.7446,price_proxy,,,,
2017-01-23,0.3175,0.0958,0,0.7178,price_proxy,,,,
2017-01-24,0.3084,0.0959,0,0.786,price_proxy,,,,
2017-01-25,0.3106,0.0963,0,0.4123,price_proxy,,,,
2017-01-26,0.3976,0.0926,0,0.4534,price_proxy,,,,
2017-01-31,0.4595,0.0805,0,0.5435,price_proxy,,,,
2017-02-01,0.5837,0.0897,0,0.7084,price_proxy,,,,
2017-02-02,0.6186,0.0872,0,0.9386,price_proxy,,,,
2017-02-03,0.5502,0.0883,0,0.8117,price_proxy,,,,
2017-02-06,0.4917,0.0852,0,1.0257,price_proxy,,,,
2017-02-07,0.5248,0.0892,0,0.7831,price_proxy,,,,
2017-02-08,0.4679,0.0894,0,0.7429,price_proxy,,,,
2017-02-09,0.436,0.0897,0,0.7127,price_proxy,,,,
2017-02-10,0.5245,0.0925,0,1.4357,price_proxy,,,,
2017-02-13,0.7167,0.1217,0,1.9009,price_proxy,,,,
2017-02-14,0.5898,0.126,0,0.9401,price_proxy,,,,
2017-02-15,0.6306,0.1277,0,0.7037,price_proxy,,,,
2017-02-16,0.657,0.1274,0,0.8387,price_proxy,,,,
2017-02-17,0.5806,0.1274,0,0.7791,price_proxy,,,,
2017-02-20,0.4398,0.1205,0,0.6656,price_proxy,,,,
2017-02-21,0.5156,0.1162,0,1.2319,price_proxy,,,,
2017-02-22,0.4847,0.1095,0,0.7773,price_proxy,,,,
2017-02-23,0.454,0.11,0,1.3187,price_proxy,,,,
2017-02-24,0.4767,0.1097,0,0.9634,price_proxy,,,,
2017-02-27,0.407,0.1169,0,1.7483,price_proxy,,,,
2017-02-28,0.407,0.1169,0,0.4792,price_proxy,,,,
2017-03-02,0.3842,0.113,0,0.9851,price_proxy,,,,
2017-03-03,0.3275,0.1222,0,2.0423,price_proxy,,,,
2017-03-06,0.3431,0.1213,0,0.6913,price_proxy,,,,
2017-03-07,0.4512,0.1217,0,1.0497,price_proxy,,,,
2017-03-08,0.4512,0.1196,0,0.4278,price_proxy,,,,
2017-03-09,0.4836,0.1199,0,1.1131,price_proxy,,,,
2017-03-10,0.6202,0.1211,0,0.666,price_proxy,,,,
2017-03-13,0.6021,0.1183,0,0.5811,price_proxy,,,,
2017-03-14,0.5417,0.0864,0,0.8,price_proxy,,,,
2017-03-15,0.5083,0.0792,0,0.4525,price_proxy,,,,
2017-03-16,0.5248,0.0783,0,0.9356,price_proxy,,,,
2017-03-17,0.5081,0.0799,0,0.8837,price_proxy,,,,
2017-03-20,0.5324,0.0807,0,1.239,price_proxy,,,,
2017-03-21,0.5327,0.0809,0,1.0685,price_proxy,,,,
2017-03-22,0.5415,0.0817,0,0.6718,price_proxy,,,,
2017-03-23,0.4592,0.0846,0,0.7995,price_proxy,,,,
2017-03-24,0.4839,0.0887,0,0.8746,price_proxy,,,,
2017-03-27,0.4283,0.09,0,0.8657,price_proxy,,,,
2017-03-28,0.4679,0.0834,0,1.4182,price_proxy,,,,
2017-03-29,0.6138,0.1057,0,4.3102,price_proxy,,,,
2017-03-30,0.7333,0.1089,0,2.3864,price_proxy,,,,
2017-03-31,0.6789,0.0938,0,2.2054,price_proxy,,,,
2017-04-03,0.814,0.1019,0,1.7719,price_proxy,,,,
2017-04-04,0.7939,0.1011,0,1.4644,price_proxy,,,,
2017-04-05,0.6615,0.1011,0,1.9477,price_proxy,,,,
2017-04-06,0.6119,0.1011,0,0.9316,price_proxy,,,,
2017-04-07,0.597,0.1013,0,1.149,price_proxy,,,,
2017-04-10,0.4357,0.1107,0,1.1756,price_proxy,,,,
2017-04-11,0.4359,0.1098,0,0.9628,price_proxy,,,,
2017-04-12,0.4573,0.1071,0,2.5098,price_proxy,,,,
2017-04-13,0.3728,0.1158,0,1.1592,price_proxy,,,,
2017-04-14,0.3363,0.1198,0,0.7587,price_proxy,,,,
2017-04-17,0.4188,0.1195,0,0.6289,price_proxy,,,,
2017-04-18,0.4118,0.119,0,0.4594,price_proxy,,,,
2017-04-19,0.3764,0.1184,0,0.5859,price_proxy,,,,
2017-04-20,0.4396,0.1148,0,0.4966,price_proxy,,,,
2017-04-21,0.4845,0.1126,0,0.5297,price_proxy,,,,
2017-04-24,0.4385,0.1124,0,0.42,price_proxy,,,,
2017-04-25,0.4615,0.1124,0,0.4561,price_proxy,,,,
2017-04-26,0.5543,0.1005,0,0.9526,price_proxy,,,,
2017-04-27,0.5233,0.0969,0,0.583,price_proxy,,,,
2017-04-28,0.5391,0.0971,0,0.5678,price_proxy,,,,
2017-05-02,0.5635,0.0824,0,0.5068,price_proxy,,,,
2017-05-04,0.5706,0.0846,0,0.3732,price_proxy,,,,
2017-05-08,0.5528,0.0916,0,1.3872,price_proxy,,,,
2017-05-10,0.5923,0.0912,0,1.0051,price_proxy,,,,
2017-05-11,0.6073,0.0919,0,0.7903,price_proxy,,,,
2017-05-12,0.6231,0.0834,0,0.7856,price_proxy,,,,
2017-05-15,0.5,0.0958,0,1.4667,price_proxy,,,,
2017-05-16,0.4412,0.0948,0,0.7281,price_proxy,,,,
2017-05-17,0.4779,0.0889,0,1.1225,price_proxy,,,,
2017-05-18,0.4127,0.0875,0,0.8743,price_proxy,,,,
2017-05-19,0.3913,0.0877,0,1.3286,price_proxy,,,,
2017-05-22,0.5,0.0885,0,0.7892,price_proxy,,,,
2017-05-23,0.4773,0.089,0,0.6423,price_proxy,,,,
2017-05-24,0.4331,0.089,0,0.6626,price_proxy,,,,
2017-05-25,0.4316,0.0924,0,1.4269,price_proxy,,,,
2017-05-26,0.4923,0.094,0,0.9657,price_proxy,,,,
2017-05-29,0.4394,0.095,0,0.9434,price_proxy,,,,
2017-05-30,0.5307,0.0931,0,3.0739,price_proxy,,,,
2017-05-31,0.5462,0.0907,0,1.5691,price_proxy,,,,
2017-06-01,0.5787,0.0911,0,1.0679,price_proxy,,,,
2017-06-02,0.6,0.0975,0,2.4114,price_proxy,,,,
2017-06-05,0.6406,0.0965,0,1.1945,price_proxy,,,,
2017-06-07,0.5226,0.0942,0,1.3847,price_proxy,,,,
2017-06-08,0.515,0.0942,0,1.4105,price_proxy,,,,
2017-06-09,0.6136,0.1035,0,2.6728,price_proxy,,,,
2017-06-12,0.5366,0.1036,0,2.1754,price_proxy,,,,
2017-06-13,0.5292,0.0912,0,0.8433,price_proxy,,,,
2017-06-14,0.6642,0.1006,0,2.4045,price_proxy,,,,
2017-06-15,0.5522,0.1158,0,1.7359,price_proxy,,,,
2017-06-16,0.414,0.1176,0,1.2449,price_proxy,,,,
2017-06-19,0.4281,0.1172,0,0.9002,price_proxy,,,,
2017-06-20,0.3129,0.1333,0,1.913,price_proxy,,,,
2017-06-21,0.231,0.133,0,0.5747,price_proxy,,,,
2017-06-22,0.3473,0.1337,0,0.4821,price_proxy,,,,
2017-06-23,0.3876,0.1316,0,0.4186,price_proxy,,,,
2017-06-26,0.3433,0.1305,0,0.5403,price_proxy,,,,
2017-06-27,0.4762,0.13,0,0.502,price_proxy,,,,
2017-06-28,0.4283,0.1265,0,0.6598,price_proxy,,,,
2017-06-29,0.4055,0.1262,0,0.4784,price_proxy,,,,
2017-06-30,0.4841,0.1322,0,0.628,price_proxy,,,,
2017-07-03,0.4676,0.1283,0,0.3309,price_proxy,,,,
2017-07-04,0.4357,0.1279,0,0.4017,price_proxy,,,,
2017-07-05,0.5,0.1271,0,0.4249,price_proxy,,,,
2017-07-06,0.4917,0.127,0,0.2988,price_proxy,,,,
2017-07-07,0.42,0.1162,0,0.7274,price_proxy,,,,
2017-07-10,0.4424,0.1165,0,0.5055,price_proxy,,,,
2017-07-11,0.3755,0.1217,0,1.018,price_proxy,,,,
2017-07-12,0.3926,0.1098,0,0.6322,price_proxy,,,,
2017-07-13,0.4004,0.1007,0,1.1813,price_proxy,,,,
2017-07-14,0.375,0.0986,0,1.2035,price_proxy,,,,
2017-07-17,0.4068,0.0982,0,1.2587,price_proxy,,,,
2017-07-18,0.4735,0.0799,0,0.9689,price_proxy,,,,
2017-07-19,0.4563,0.0806,0,0.9269,price_proxy,,,,
2017-07-20,0.4301,0.0786,0,0.9352,price_proxy,,,,
2017-07-21,0.5444,0.0933,0,1.71,price_proxy,,,,
2017-07-24,0.4911,0.0948,0,1.0857,price_proxy,,,,
2017-07-25,0.4731,0.0946,0,1.3354,price_proxy,,,,
2017-07-26,0.4464,0.0914,0,1.2588,price_proxy,,,,
2017-07-27,0.4548,0.0914,0,0.6412,price_proxy,,,,
2017-07-28,0.4391,0.091,0,1.4274,price_proxy,,,,
2017-07-31,0.4464,0.0896,0,1.1278,price_proxy,,,,
2017-08-01,0.5,0.0908,0,0.5404,price_proxy,,,,
2017-08-02,0.4725,0.0923,0,0.755,price_proxy,,,,
2017-08-03,0.463,0.0927,0,1.1862,price_proxy,,,,
2017-08-04,0.4103,0.0934,0,2.129,price_proxy,,,,
2017-08-07,0.4174,0.0937,0,0.663,price_proxy,,,,
2017-08-08,0.4091,0.0849,0,0.6587,price_proxy,,,,
2017-08-09,0.3884,0.0883,0,1.2044,price_proxy,,,,
2017-08-10,0.4245,0.0888,0,3.1688,price_proxy,,,,
2017-08-11,0.4343,0.0892,0,0.9231,price_proxy,,,,
2017-08-14,0.5191,0.0942,0,0.7762,price_proxy,,,,
2017-08-16,0.5095,0.094,0,0.8017,price_proxy,,,,
2017-08-17,0.6478,0.1012,0,0.6807,price_proxy,,,,
2017-08-18,0.6471,0.1004,0,0.5625,price_proxy,,,,
2017-08-21,0.6165,0.0894,0,0.5212,price_proxy,,,,
2017-08-22,0.519,0.0885,0,0.4789,price_proxy,,,,
2017-08-23,0.4905,0.0878,0,0.7589,price_proxy,,,,
2017-08-24,0.445,0.0883,0,0.4194,price_proxy,,,,
2017-08-25,0.4452,0.088,0,0.4496,price_proxy,,,,
2017-08-28,0.5275,0.0904,0,1.1217,price_proxy,,,,
2017-08-29,0.5469,0.0883,0,0.7835,price_proxy,,,,
2017-08-30,0.5381,0.0898,0,0.6468,price_proxy,,,,
2017-08-31,0.5094,0.0867,0,0.9024,price_proxy,,,,
2017-09-01,0.5845,0.0962,0,1.5873,price_proxy,,,,
2017-09-04,0.4276,0.1064,0,1.1865,price_proxy,,,,
2017-09-05,0.4633,0.1043,0,0.6205,price_proxy,,,,
2017-09-06,0.528,0.1051,0,0.6702,price_proxy,,,,
2017-09-07,0.6596,0.1143,0,3.058,price_proxy,,,,
2017-09-08,0.518,0.1194,0,1.156,price_proxy,,,,
2017-09-11,0.6127,0.1193,0,1.1111,price_proxy,,,,
2017-09-12,0.5561,0.1204,0,0.9539,price_proxy,,,,
2017-09-13,0.5,0.1216,0,1.0089,price_proxy,,,,
2017-09-14,0.3609,0.1174,0,1.1462,price_proxy,,,,
2017-09-15,0.4554,0.12,0,1.1603,price_proxy,,,,
2017-09-18,0.4289,0.1203,0,0.7153,price_proxy,,,,
2017-09-19,0.5182,0.1198,0,1.2256,price_proxy,,,,
2017-09-20,0.5369,0.1187,0,2.128,price_proxy,,,,
2017-09-21,0.5187,0.1214,0,0.8595,price_proxy,,,,
2017-09-22,0.5,0.1221,0,0.6901,price_proxy,,,,
2017-09-25,0.4539,0.1202,0,0.7229,price_proxy,,,,
2017-09-26,0.4279,0.12,0,0.5065,price_proxy,,,,
2017-09-27,0.4095,0.1193,0,0.5508,price_proxy,,,,
2017-09-28,0.463,0.1193,0,0.5828,price_proxy,,,,
2017-09-29,0.4817,0.113,0,0.7612,price_proxy,,,,
2017-10-10,0.5472,0.1039,0,1.124,price_proxy,,,,
2017-10-11,0.5841,0.1076,0,1.0037,price_proxy,,,,
2017-10-12,0.5853,0.108,0,0.8447,price_proxy,,,,
2017-10-13,0.5094,0.0913,0,1.4119,price_proxy,,,,
2017-10-16,0.5922,0.1137,0,10.0,price_proxy,,,,
2017-10-17,0.5276,0.1185,0,1.4526,price_proxy,,,,
2017-10-18,0.4462,0.117,0,0.9526,price_proxy,,,,
2017-10-19,0.5,0.1169,0,0.7107,price_proxy,,,,
2017-10-20,0.5469,0.1163,0,0.4071,price_proxy,,,,
2017-10-23,0.4383,0.1141,0,0.4473,price_proxy,,,,
2017-10-24,0.5273,0.1144,0,0.5328,price_proxy,,,,
2017-10-25,0.6014,0.1142,0,0.7724,price_proxy,,,,
2017-10-26,0.6091,0.1152,0,1.1865,price_proxy,,,,
2017-10-27,0.6193,0.112,0,0.7845,price_proxy,,,,
2017-10-30,0.6,0.1115,0,0.5585,price_proxy,,,,
2017-10-31,0.6794,0.1158,0,2.0697,price_proxy,,,,
2017-11-01,0.6579,0.116,0,0.7157,price_proxy,,,,
2017-11-02,0.5517,0.1215,0,1.0698,price_proxy,,,,
2017-11-03,0.6385,0.126,0,1.2484,price_proxy,,,,
2017-11-06,0.6645,0.1249,0,1.2011,price_proxy,,,,
2017-11-07,0.5741,0.1246,0,0.6827,price_proxy,,,,
2017-11-08,0.5488,0.1228,0,0.5713,price_proxy,,,,
2017-11-09,0.5924,0.1225,0,0.9101,price_proxy,,,,
2017-11-10,0.4838,0.1178,0,0.6778,price_proxy,,,,
2017-11-13,0.54,0.1054,0,1.3974,price_proxy,,,,
2017-11-14,0.6984,0.1277,0,4.929,price_proxy,,,,
2017-11-15,0.8333,0.1345,0,3.4649,price_proxy,,,,
2017-11-16,1.0,0.1669,0,3.2361,price_proxy,,,,
2017-11-17,1.0,0.1824,0,3.7151,price_proxy,,,,
2017-11-20,1.0,0.182,0,2.2209,price_proxy,,,,
2017-11-21,1.0,0.1896,0,1.997,price_proxy,,,,
2017-11-22,0.6905,0.2398,0,2.6079,price_proxy,,,,
2017-11-23,0.5061,0.2398,0,1.0088,price_proxy,,,,
2017-11-24,0.2263,0.2513,0,0.9715,price_proxy,,,,
2017-11-27,0.1935,0.2507,0,0.8378,price_proxy,,,,
2017-11-28,0.1474,0.2573,0,0.8521,price_proxy,,,,
2017-11-29,0.3509,0.2578,0,0.8485,price_proxy,,,,
2017-11-30,0.2798,0.2562,0,0.6111,price_proxy,,,,
2017-12-01,0.4935,0.2596,0,0.6938,price_proxy,,,,
2017-12-04,0.3222,0.2733,0,0.6223,price_proxy,,,,
2017-12-05,0.4064,0.2738,0,0.3575,price_proxy,,,,
2017-12-06,0.4195,0.2737,0,0.549,price_proxy,,,,
2017-12-07,0.3557,0.2814,0,0.4639,price_proxy,,,,
2017-12-08,0.2468,0.2806,0,0.2659,price_proxy,,,,
2017-12-11,0.4861,0.284,0,0.2846,price_proxy,,,,
2017-12-12,0.4368,0.2724,0,0.2877,price_proxy,,,,
2017-12-13,0.472,0.2652,0,0.3416,price_proxy,,,,
2017-12-14,0.5444,0.2359,0,0.4281,price_proxy,,,,
2017-12-15,0.5595,0.2053,0,0.345,price_proxy,,,,
2017-12-18,0.4018,0.1974,0,0.3984,price_proxy,,,,
2017-12-19,0.5507,0.2067,0,0.612,price_proxy,,,,
2017-12-20,0.4929,0.1729,0,0.5356,price_proxy,,,,
2017-12-21,0.5362,0.1714,0,0.7581,price_proxy,,,,
2017-12-22,0.6155,0.1702,0,0.9917,price_proxy,,,,
2017-12-26,0.6771,0.1689,0,1.0978,price_proxy,,,,
2017-12-27,0.5777,0.1602,0,1.1246,price_proxy,,,,
2017-12-28,0.5285,0.1633,0,0.8284,price_proxy,,,,
2018-01-02,0.6851,0.1813,0,1.4815,price_proxy,,,,
2018-01-03,0.5887,0.1706,0,1.6697,price_proxy,,,,
2018-01-04,0.4525,0.1664,0,1.2229,price_proxy,,,,
2018-01-05,0.4932,0.1671,0,1.1762,price_proxy,,,,
2018-01-08,0.4439,0.1775,0,1.6582,price_proxy,,,,
2018-01-09,0.2003,0.1782,0,1.8233,price_proxy,,,,
2018-01-10,0.2386,0.1794,0,0.8454,price_proxy,,,,
2018-01-11,0.3681,0.1674,0,1.124,price_proxy,,,,
2018-01-12,0.3635,0.165,0,1.0336,price_proxy,,,,
2018-01-15,0.4856,0.1635,0,0.691,price_proxy,,,,
2018-01-16,0.7529,0.1775,0,1.8724,price_proxy,,,,
2018-01-17,0.7556,0.1784,0,1.1441,price_proxy,,,,
2018-01-18,0.7454,0.1759,0,0.8463,price_proxy,,,,
2018-01-19,0.8223,0.1774,0,2.0624,price_proxy,,,,
2018-01-22,0.7909,0.1773,0,1.0848,price_proxy,,,,
2018-01-23,0.6701,0.1773,0,0.9272,price_proxy,,,,
2018-01-24,0.5333,0.1804,0,0.9166,price_proxy,,,,
2018-01-25,0.5795,0.1826,0,1.2732,price_proxy,,,,
2018-01-26,0.4937,0.1825,0,1.0766,price_proxy,,,,
2018-01-29,0.4492,0.182,0,0.7936,price_proxy,,,,
2018-01-30,0.3683,0.1659,0,0.8618,price_proxy,,,,
2018-01-31,0.4607,0.166,0,0.5824,price_proxy,,,,
2018-02-01,0.4363,0.1534,0,0.6469,price_proxy,,,,
2018-02-02,0.4937,0.1568,0,1.0861,price_proxy,,,,
2018-02-05,0.6368,0.1469,0,4.0533,price_proxy,,,,
2018-02-06,0.5738,0.147,0,2.0636,price_proxy,,,,
2018-02-07,0.6003,0.1468,0,2.3785,price_proxy,,,,
2018-02-08,0.7763,0.177,0,2.7993,price_proxy,,,,
2018-02-09,0.7095,0.1771,0,2.2098,price_proxy,,,,
2018-02-12,0.5244,0.1878,0,1.0362,price_proxy,,,,
2018-02-13,0.5065,0.1923,0,0.9107,price_proxy,,,,
2018-02-14,0.5637,0.1967,0,0.4104,price_proxy,,,,
2018-02-19,0.4017,0.197,0,0.3329,price_proxy,,,,
2018-02-20,0.2874,0.2001,0,0.4554,price_proxy,,,,
2018-02-21,0.3916,0.2003,0,0.4008,price_proxy,,,,
2018-02-22,0.4742,0.2016,0,0.4828,price_proxy,,,,
2018-02-23,0.4074,0.1961,0,0.2404,price_proxy,,,,
2018-02-26,0.3663,0.1937,0,0.2802,price_proxy,,,,
2018-02-27,0.4293,0.195,0,0.252,price_proxy,,,,
2018-02-28,0.4236,0.1929,0,0.248,price_proxy,,,,
2018-03-02,0.4085,0.1936,0,0.3596,price_proxy,,,,
2018-03-05,0.3123,0.1983,0,0.3643,price_proxy,,,,
2018-03-06,0.4023,0.2032,0,0.2515,price_proxy,,,,
2018-03-07,0.4067,0.1997,0,0.2315,price_proxy,,,,
2018-03-08,0.6126,0.2324,0,1.2194,price_proxy,,,,
2018-03-09,0.726,0.224,0,0.7342,price_proxy,,,,
2018-03-12,0.8714,0.2244,0,0.8529,price_proxy,,,,
2018-03-13,0.7808,0.1959,0,0.6278,price_proxy,,,,
2018-03-14,0.7727,0.1972,0,1.1595,price_proxy,,,,
2018-03-15,0.5188,0.1914,0,1.1451,price_proxy,,,,
2018-03-16,0.5,0.177,0,1.3809,price_proxy,,,,
2018-03-19,0.3916,0.1746,0,0.8514,price_proxy,,,,
2018-03-20,0.542,0.1954,0,1.9633,price_proxy,,,,
2018-03-21,0.6046,0.1847,0,2.0519,price_proxy,,,,
2018-03-22,0.4938,0.1977,0,1.7003,price_proxy,,,,
2018-03-23,0.34,0.2097,0,1.5436,price_proxy,,,,
2018-03-26,0.5064,0.2172,0,0.8009,price_proxy,,,,
2018-03-27,0.3706,0.2171,0,0.5457,price_proxy,,,,
2018-03-28,0.3187,0.217,0,0.4447,price_proxy,,,,
2018-03-29,0.4688,0.2174,0,0.3901,price_proxy,,,,
2018-03-30,0.6605,0.2144,0,0.5797,price_proxy,,,,
2018-04-02,0.6968,0.2182,0,2.4804,price_proxy,,,,
2018-04-03,0.8899,0.2349,0,3.3095,price_proxy,,,,
2018-04-04,0.9244,0.233,0,2.1013,price_proxy,,,,
2018-04-05,0.7911,0.2109,0,1.1459,price_proxy,,,,
2018-04-06,0.8096,0.2121,0,0.9267,price_proxy,,,,
2018-04-09,0.8642,0.2318,0,3.0182,price_proxy,,,,
2018-04-10,0.6579,0.2318,0,1.3558,price_proxy,,,,
2018-04-11,0.6963,0.2284,0,1.2921,price_proxy,,,,
2018-04-12,0.6326,0.2431,0,1.1943,price_proxy,,,,
2018-04-13,0.8056,0.2668,0,1.3187,price_proxy,,,,
2018-04-16,0.5,0.2705,0,1.8416,price_proxy,,,,
2018-04-17,0.5,0.2598,0,0.4601,price_proxy,,,,
2018-04-18,0.4034,0.2652,0,0.7979,price_proxy,,,,
2018-04-19,0.5052,0.2554,0,0.6849,price_proxy,,,,
2018-04-20,0.3279,0.2396,0,0.4638,price_proxy,,,,
2018-04-23,0.3631,0.2401,0,0.4788,price_proxy,,,,
2018-04-24,0.3585,0.2404,0,0.6678,price_proxy,,,,
2018-04-25,0.3731,0.2421,0,0.4178,price_proxy,,,,
2018-04-26,0.5362,0.2498,0,0.4656,price_proxy,,,,
2018-04-27,0.4644,0.2519,0,0.3228,price_proxy,,,,
2018-04-30,0.5157,0.2428,0,0.4022,price_proxy,,,,
2018-05-02,0.458,0.2225,0,0.4144,price_proxy,,,,
2018-05-03,0.4024,0.2311,0,0.4431,price_proxy,,,,
2018-05-04,0.2665,0.2274,0,0.4552,price_proxy,,,,
2018-05-08,0.1321,0.2451,0,0.7424,price_proxy,,,,
2018-05-09,0.2448,0.2307,0,0.6993,price_proxy,,,,
2018-05-10,0.2426,0.2313,0,0.5634,price_proxy,,,,
2018-05-11,0.3917,0.2329,0,0.3606,price_proxy,,,,
2018-05-14,0.2471,0.2384,0,1.0575,price_proxy,,,,
2018-05-15,0.4492,0.1957,0,0.6944,price_proxy,,,,
2018-05-16,0.3328,0.1928,0,0.7218,price_proxy,,,,
2018-05-17,0.3154,0.1937,0,1.0382,price_proxy,,,,
2018-05-18,0.3253,0.1969,0,0.4342,price_proxy,,,,
2018-05-21,0.4671,0.1968,0,0.3634,price_proxy,,,,
2018-05-23,0.3958,0.1949,0,0.4527,price_proxy,,,,
2018-05-24,0.4218,0.1962,0,0.3899,price_proxy,,,,
2018-05-25,0.4932,0.196,0,0.604,price_proxy,,,,
2018-05-28,0.5066,0.2005,0,1.2328,price_proxy,,,,
2018-05-29,0.4398,0.1848,0,0.7143,price_proxy,,,,
2018-05-30,0.445,0.185,0,1.2623,price_proxy,,,,
2018-05-31,0.4186,0.1854,0,0.5607,price_proxy,,,,
2018-06-01,0.4796,0.19,0,0.6025,price_proxy,,,,
2018-06-04,0.3289,0.1863,0,0.7507,price_proxy,,,,
2018-06-05,0.431,0.1873,0,0.5608,price_proxy,,,,
2018-06-07,0.5141,0.1635,0,0.7195,price_proxy,,,,
2018-06-08,0.4788,0.1452,0,0.4004,price_proxy,,,,
2018-06-11,0.3969,0.1435,0,0.405,price_proxy,,,,
2018-06-12,0.5,0.1408,0,0.6437,price_proxy,,,,
2018-06-14,0.4214,0.1163,0,1.3584,price_proxy,,,,
2018-06-15,0.3737,0.1149,0,0.7529,price_proxy,,,,
2018-06-18,0.3,0.126,0,1.394,price_proxy,,,,
2018-06-19,0.2681,0.1242,0,0.803,price_proxy,,,,
2018-06-20,0.3849,0.1479,0,0.9162,price_proxy,,,,
2018-06-21,0.381,0.1506,0,0.4986,price_proxy,,,,
2018-06-22,0.5225,0.1686,0,0.8779,price_proxy,,,,
2018-06-25,0.6508,0.1677,0,0.5492,price_proxy,,,,
2018-06-26,0.6803,0.1684,0,0.6051,price_proxy,,,,
2018-06-27,0.4389,0.168,0,0.9096,price_proxy,,,,
2018-06-28,0.5395,0.1643,0,0.9115,price_proxy,,,,
2018-06-29,0.4259,0.1634,0,1.0133,price_proxy,,,,
2018-07-02,0.3007,0.1745,0,0.8687,price_proxy,,,,
2018-07-03,0.4323,0.1823,0,0.8627,price_proxy,,,,
2018-07-04,0.5866,0.1807,0,0.783,price_proxy,,,,
2018-07-05,0.5775,0.181,0,0.9792,price_proxy,,,,
2018-07-06,0.5923,0.1806,0,1.4542,price_proxy,,,,
2018-07-09,0.9098,0.1995,0,5.2779,price_proxy,,,,
2018-07-10,0.8346,0.1993,0,1.7336,price_proxy,,,,
2018-07-11,0.6208,0.212,0,0.9949,price_proxy,,,,
2018-07-12,0.6119,0.2087,0,0.931,price_proxy,,,,
2018-07-13,0.7353,0.2212,0,1.8497,price_proxy,,,,
2018-07-16,0.5476,0.2106,0,1.0067,price_proxy,,,,
2018-07-17,0.3867,0.2191,0,1.176,price_proxy,,,,
2018-07-18,0.5142,0.2067,0,0.7342,price_proxy,,,,
2018-07-19,0.4293,0.2069,0,0.9554,price_proxy,,,,
2018-07-20,0.3553,0.1977,0,0.5382,price_proxy,,,,
2018-07-23,0.2674,0.2076,0,0.6097,price_proxy,,,,
2018-07-24,0.394,0.2066,0,0.6836,price_proxy,,,,
2018-07-25,0.288,0.2098,0,0.9073,price_proxy,,,,
2018-07-26,0.4341,0.2142,0,0.443,price_proxy,,,,
2018-07-27,0.344,0.2149,0,0.4834,price_proxy,,,,
2018-07-30,0.485,0.2036,0,0.5152,price_proxy,,,,
2018-07-31,0.5149,0.1974,0,0.4927,price_proxy,,,,
2018-08-01,0.6818,0.1962,0,0.4929,price_proxy,,,,
2018-08-02,0.4848,0.2039,0,0.6702,price_proxy,,,,
2018-08-03,0.5538,0.2043,0,0.2287,price_proxy,,,,
2018-08-06,0.4697,0.1847,0,0.5414,price_proxy,,,,
2018-08-07,0.463,0.1845,0,0.3079,price_proxy,,,,
2018-08-08,0.4203,0.1728,0,0.6715,price_proxy,,,,
2018-08-09,0.5076,0.1726,0,0.4724,price_proxy,,,,
2018-08-10,0.5,0.1514,0,0.8181,price_proxy,,,,
2018-08-13,0.4615,0.1569,0,0.8312,price_proxy,,,,
2018-08-14,0.3868,0.1466,0,1.0133,price_proxy,,,,
2018-08-16,0.417,0.1483,0,0.8374,price_proxy,,,,
2018-08-17,0.5,0.1501,0,0.7383,price_proxy,,,,
2018-08-20,0.4476,0.1454,0,0.712,price_proxy,,,,
2018-08-21,0.649,0.1448,0,1.9854,price_proxy,,,,
2018-08-22,0.66,0.1457,0,0.6807,price_proxy,,,,
2018-08-23,0.6575,0.1317,0,1.23,price_proxy,,,,
2018-08-24,0.6217,0.1254,0,3.4626,price_proxy,,,,
2018-08-27,0.6615,0.1238,0,1.6959,price_proxy,,,,
2018-08-28,0.5803,0.1236,0,1.5475,price_proxy,,,,
2018-08-29,0.6407,0.1224,0,0.9468,price_proxy,,,,
2018-08-30,0.5511,0.1249,0,0.9802,price_proxy,,,,
2018-08-31,0.6147,0.1209,0,2.3461,price_proxy,,,,
2018-09-03,0.5641,0.1224,0,1.0351,price_proxy,,,,
2018-09-04,0.5491,0.1175,0,0.9065,price_proxy,,,,
2018-09-05,0.4446,0.1252,0,1.2584,price_proxy,,,,
2018-09-06,0.5,0.1252,0,1.4329,price_proxy,,,,
2018-09-07,0.4051,0.1247,0,0.6951,price_proxy,,,,
2018-09-10,0.4103,0.1254,0,0.5981,price_proxy,,,,
2018-09-11,0.5,0.1253,0,1.1727,price_proxy,,,,
2018-09-12,0.5214,0.1275,0,0.9949,price_proxy,,,,
2018-09-13,0.5569,0.1277,0,0.9185,price_proxy,,,,
2018-09-14,0.6566,0.1318,0,3.6229,price_proxy,,,,
2018-09-17,0.6588,0.1321,0,1.7003,price_proxy,,,,
2018-09-18,0.5685,0.1216,0,1.2631,price_proxy,,,,
2018-09-19,0.5423,0.1292,0,0.9515,price_proxy,,,,
2018-09-20,0.4931,0.1291,0,1.1076,price_proxy,,,,
2018-09-21,0.3878,0.1283,0,0.6082,price_proxy,,,,
2018-09-27,0.4666,0.1312,0,0.876,price_proxy,,,,
2018-09-28,0.4603,0.1307,0,1.2244,price_proxy,,,,
2018-10-01,0.4517,0.1387,0,0.7041,price_proxy,,,,
2018-10-02,0.3542,0.1484,0,1.0652,price_proxy,,,,
2018-10-04,0.3951,0.1382,0,0.6231,price_proxy,,,,
2018-10-05,0.2823,0.1411,0,0.5925,price_proxy,,,,
2018-10-08,0.2703,0.1406,0,0.379,price_proxy,,,,
2018-10-10,0.3304,0.1361,0,0.5616,price_proxy,,,,
2018-10-11,0.3876,0.1382,0,1.2869,price_proxy,,,,
2018-10-12,0.4336,0.1461,0,0.6954,price_proxy,,,,
2018-10-15,0.416,0.1515,0,0.5616,price_proxy,,,,
2018-10-16,0.4924,0.1456,0,0.43,price_proxy,,,,
2018-10-17,0.5463,0.1449,0,0.359,price_proxy,,,,
2018-10-18,0.5476,0.145,0,0.3141,price_proxy,,,,
2018-10-19,0.5305,0.1384,0,0.5576,price_proxy,,,,
2018-10-22,0.6514,0.1399,0,0.5203,price_proxy,,,,
2018-10-23,0.5383,0.1393,0,0.557,price_proxy,,,,
2018-10-24,0.4472,0.1369,0,0.8702,price_proxy,,,,
2018-10-25,0.5543,0.1411,0,1.1667,price_proxy,,,,
2018-10-26,0.4173,0.1456,0,1.1337,price_proxy,,,,
2018-10-29,0.3741,0.1408,0,1.3822,price_proxy,,,,
2018-10-30,0.4098,0.1405,0,1.3727,price_proxy,,,,
2018-10-31,0.4225,0.1358,0,1.0759,price_proxy,,,,
2018-11-01,0.3642,0.1237,0,1.6172,price_proxy,,,,
2018-11-02,0.5078,0.1294,0,2.7304,price_proxy,,,,
2018-11-05,0.4605,0.1289,0,1.1724,price_proxy,,,,
2018-11-06,0.4606,0.1291,0,0.8181,price_proxy,,,,
2018-11-07,0.5161,0.1288,0,1.1662,price_proxy,,,,
2018-11-08,0.5324,0.1256,0,0.9032,price_proxy,,,,
2018-11-09,0.4219,0.1192,0,0.8619,price_proxy,,,,
2018-11-12,0.3468,0.1324,0,2.7626,price_proxy,,,,
2018-11-13,0.3876,0.1278,0,1.9967,price_proxy,,,,
2018-11-14,0.412,0.1281,0,1.7508,price_proxy,,,,
2018-11-15,0.3884,0.1259,0,0.4947,price_proxy,,,,
2018-11-16,0.4593,0.1221,0,0.6263,price_proxy,,,,
2018-11-19,0.6223,0.121,0,0.5613,price_proxy,,,,
2018-11-20,0.534,0.1212,0,0.5342,price_proxy,,,,
2018-11-21,0.5167,0.1186,0,0.4737,price_proxy,,,,
2018-11-22,0.5591,0.1152,0,0.452,price_proxy,,,,
2018-11-23,0.5415,0.1093,0,0.9535,price_proxy,,,,
2018-11-26,0.5412,0.1095,0,0.4696,price_proxy,,,,
2018-11-27,0.5837,0.1095,0,0.3912,price_proxy,,,,
2018-11-28,0.5664,0.1065,0,0.3721,price_proxy,,,,
2018-11-29,0.5328,0.1065,0,0.4849,price_proxy,,,,
2018-11-30,0.5163,0.0987,0,0.8271,price_proxy,,,,
2018-12-03,0.5645,0.0989,0,0.7471,price_proxy,,,,
2018-12-04,0.5321,0.0999,0,0.6092,price_proxy,,,,
2018-12-05,0.492,0.1022,0,0.4038,price_proxy,,,,
2018-12-06,0.4677,0.1034,0,0.6518,price_proxy,,,,
2018-12-07,0.4839,0.1017,0,0.4665,price_proxy,,,,
2018-12-10,0.2891,0.1017,0,1.3375,price_proxy,,,,
2018-12-11,0.3261,0.098,0,0.6449,price_proxy,,,,
2018-12-12,0.4113,0.1004,0,0.6883,price_proxy,,,,
2018-12-13,0.5328,0.1113,0,1.3094,price_proxy,,,,
2018-12-14,0.4268,0.1205,0,1.3196,price_proxy,,,,
2018-12-17,0.5699,0.1201,0,0.9376,price_proxy,,,,
2018-12-18,0.526,0.1196,0,0.9806,price_proxy,,,,
2018-12-19,0.5591,0.128,0,2.2296,price_proxy,,,,
2018-12-20,0.4113,0.131,0,1.09,price_proxy,,,,
2018-12-21,0.4747,0.1311,0,0.8366,price_proxy,,,,
2018-12-24,0.4494,0.1311,0,0.9502,price_proxy,,,,
2018-12-26,0.4744,0.1309,0,1.3582,price_proxy,,,,
2018-12-27,0.4344,0.1335,0,1.0831,price_proxy,,,,
2018-12-28,0.5253,0.135,0,1.0643,price_proxy,,,,
2019-01-02,0.4829,0.1392,0,1.0179,price_proxy,,,,
2019-01-03,0.4827,0.1339,0,0.9241,price_proxy,,,,
2019-01-04,0.4827,0.1338,0,1.2896,price_proxy,,,,
2019-01-07,0.4407,0.1328,0,0.8689,price_proxy,,,,
2019-01-08,0.35,0.1352,0,1.1266,price_proxy,,,,
2019-01-09,0.4741,0.14,0,1.235,price_proxy,,,,
2019-01-10,0.5,0.119,0,0.7711,price_proxy,,,,
2019-01-11,0.4913,0.1187,0,0.4426,price_proxy,,,,
2019-01-14,0.4651,0.1157,0,0.5177,price_proxy,,,,
2019-01-15,0.545,0.1031,0,0.9013,price_proxy,,,,
2019-01-16,0.4738,0.0929,0,0.6856,price_proxy,,,,
2019-01-17,0.4651,0.0929,0,0.9017,price_proxy,,,,
2019-01-18,0.4737,0.0922,0,1.0831,price_proxy,,,,
2019-01-21,0.4911,0.0777,0,0.814,price_proxy,,,,
2019-01-22,0.5441,0.0834,0,1.4582,price_proxy,,,,
2019-01-23,0.5354,0.0828,0,1.0324,price_proxy,,,,
2019-01-24,0.5267,0.0822,0,0.9832,price_proxy,,,,
2019-01-25,0.6867,0.1178,0,4.5687,price_proxy,,,,
2019-01-28,0.7143,0.1162,0,1.5054,price_proxy,,,,
2019-01-29,0.6207,0.1156,0,0.7085,price_proxy,,,,
2019-01-30,0.6565,0.1089,0,1.1733,price_proxy,,,,
2019-01-31,0.693,0.1074,0,1.1631,price_proxy,,,,
2019-02-01,0.4919,0.1105,0,0.8488,price_proxy,,,,
2019-02-07,0.5161,0.1118,0,0.8632,price_proxy,,,,
2019-02-08,0.5325,0.1049,0,0.8382,price_proxy,,,,
2019-02-11,0.5484,0.1017,0,1.056,price_proxy,,,,
2019-02-12,0.5,0.1041,0,0.7358,price_proxy,,,,
2019-02-13,0.549,0.1036,0,0.7256,price_proxy,,,,
2019-02-14,0.588,0.1077,0,1.4141,price_proxy,,,,
2019-02-15,0.532,0.1137,0,0.9025,price_proxy,,,,
2019-02-18,0.5472,0.1146,0,0.9274,price_proxy,,,,
2019-02-19,0.612,0.1141,0,0.9175,price_proxy,,,,
2019-02-20,0.6992,0.1202,0,1.4726,price_proxy,,,,
2019-02-21,0.6226,0.1194,0,1.0776,price_proxy,,,,
2019-02-22,0.6732,0.117,0,0.7647,price_proxy,,,,
2019-02-25,0.7923,0.137,0,2.3028,price_proxy,,,,
2019-02-26,0.7576,0.1356,0,1.3733,price_proxy,,,,
2019-02-27,0.7029,0.115,0,1.3214,price_proxy,,,,
2019-02-28,0.6011,0.1283,0,2.5323,price_proxy,,,,
2019-03-04,0.7391,0.1388,0,1.5432,price_proxy,,,,
2019-03-05,0.5336,0.1426,0,1.0104,price_proxy,,,,
2019-03-06,0.453,0.1522,0,0.8389,price_proxy,,,,
2019-03-07,0.3816,0.1517,0,0.8586,price_proxy,,,,
2019-03-08,0.4588,0.1515,0,0.5535,price_proxy,,,,
2019-03-11,0.4353,0.1576,0,0.9053,price_proxy,,,,
2019-03-12,0.4472,0.1593,0,0.8479,price_proxy,,,,
2019-03-13,0.5412,0.1571,0,0.832,price_proxy,,,,
2019-03-14,0.5629,0.1579,0,0.9679,price_proxy,,,,
2019-03-15,0.5421,0.1555,0,0.8228,price_proxy,,,,
2019-03-18,0.413,0.1534,0,0.5019,price_proxy,,,,
2019-03-19,0.3712,0.1582,0,1.0475,price_proxy,,,,
2019-03-20,0.399,0.1589,0,0.7046,price_proxy,,,,
2019-03-21,0.3576,0.1552,0,0.5253,price_proxy,,,,
2019-03-22,0.3832,0.1552,0,0.5741,price_proxy,,,,
2019-03-25,0.3392,0.1609,0,0.4472,price_proxy,,,,
2019-03-26,0.4928,0.1436,0,0.6112,price_proxy,,,,
2019-03-27,0.6206,0.173,0,2.9704,price_proxy,,,,
2019-03-28,0.7117,0.1722,0,1.776,price_proxy,,,,
2019-03-29,0.7482,0.166,0,0.8801,price_proxy,,,,
2019-04-01,0.8726,0.1532,0,1.2666,price_proxy,,,,
2019-04-02,0.7545,0.1518,0,0.9003,price_proxy,,,,
2019-04-03,0.5535,0.1453,0,0.5165,price_proxy,,,,
2019-04-04,0.5462,0.1437,0,0.6243,price_proxy,,,,
2019-04-05,0.5974,0.1487,0,5.4152,price_proxy,,,,
2019-04-08,0.4295,0.1606,0,1.9342,price_proxy,,,,
2019-04-09,0.4355,0.1599,0,0.8418,price_proxy,,,,
2019-04-10,0.4414,0.16,0,0.5673,price_proxy,,,,
2019-04-11,0.4742,0.1621,0,0.7391,price_proxy,,,,
2019-04-12,0.4071,0.1612,0,0.7775,price_proxy,,,,
2019-04-15,0.5731,0.1598,0,0.6939,price_proxy,,,,
2019-04-16,0.54,0.156,0,0.4917,price_proxy,,,,
2019-04-17,0.5201,0.1566,0,0.5465,price_proxy,,,,
2019-04-18,0.6111,0.1684,0,2.8331,price_proxy,,,,
2019-04-19,0.8247,0.1982,0,3.4331,price_proxy,,,,
2019-04-22,0.859,0.1891,0,1.3455,price_proxy,,,,
2019-04-23,0.8529,0.1908,0,0.6906,price_proxy,,,,
2019-04-24,0.985,0.1751,0,1.4096,price_proxy,,,,
2019-04-25,0.63,0.2005,0,1.6546,price_proxy,,,,
2019-04-26,0.3883,0.2018,0,0.7122,price_proxy,,,,
2019-04-29,0.4837,0.2167,0,0.8962,price_proxy,,,,
2019-04-30,0.5556,0.216,0,0.7352,price_proxy,,,,
2019-05-02,0.484,0.2151,0,0.8855,price_proxy,,,,
2019-05-03,0.6628,0.2153,0,0.6411,price_proxy,,,,
2019-05-07,0.5828,0.2223,0,1.7091,price_proxy,,,,
2019-05-08,0.4507,0.2067,0,0.6125,price_proxy,,,,
2019-05-09,0.327,0.216,0,0.8428,price_proxy,,,,
2019-05-10,0.3491,0.2156,0,0.474,price_proxy,,,,
2019-05-13,0.2903,0.2179,0,0.3671,price_proxy,,,,
2019-05-14,0.3864,0.2181,0,0.4035,price_proxy,,,,
2019-05-15,0.3876,0.2181,0,0.3752,price_proxy,,,,
2019-05-16,0.3817,0.2255,0,0.4519,price_proxy,,,,
2019-05-17,0.3542,0.2245,0,0.3819,price_proxy,,,,
2019-05-20,0.4219,0.2108,0,0.6935,price_proxy,,,,
2019-05-21,0.512,0.1806,0,0.7513,price_proxy,,,,
2019-05-22,0.4762,0.1774,0,0.5229,price_proxy,,,,
2019-05-23,0.5629,0.1765,0,0.434,price_proxy,,,,
2019-05-24,0.5377,0.17,0,0.4299,price_proxy,,,,
2019-05-27,0.4688,0.1512,0,0.5238,price_proxy,,,,
2019-05-28,0.4401,0.1542,0,0.8445,price_proxy,,,,
2019-05-29,0.3916,0.1272,0,0.4234,price_proxy,,,,
2019-05-30,0.3659,0.1264,0,0.8125,price_proxy,,,,
2019-05-31,0.5,0.1452,0,0.6524,price_proxy,,,,
2019-06-03,0.5762,0.1459,0,0.4264,price_proxy,,,,
2019-06-04,0.5123,0.1358,0,0.499,price_proxy,,,,
2019-06-05,0.3662,0.1695,0,2.9033,price_proxy,,,,
2019-06-07,0.4739,0.1679,0,0.8505,price_proxy,,,,
2019-06-10,0.5123,0.1895,0,2.7044,price_proxy,,,,
2019-06-11,0.5856,0.1934,0,1.4059,price_proxy,,,,
2019-06-12,0.5613,0.1942,0,0.7082,price_proxy,,,,
2019-06-13,0.7321,0.196,0,1.3456,price_proxy,,,,
2019-06-14,0.6258,0.1881,0,0.5547,price_proxy,,,,
2019-06-17,0.4202,0.1902,0,0.5808,price_proxy,,,,
2019-06-18,0.3416,0.1901,0,0.6505,price_proxy,,,,
2019-06-19,0.3333,0.1845,0,0.6213,price_proxy,,,,
2019-06-20,0.4388,0.1876,0,0.5906,price_proxy,,,,
2019-06-21,0.4688,0.1873,0,0.55,price_proxy,,,,
2019-06-24,0.5256,0.1869,0,0.5703,price_proxy,,,,
2019-06-25,0.4745,0.186,0,0.4142,price_proxy,,,,
2019-06-26,0.513,0.1833,0,0.4963,price_proxy,,,,
2019-06-27,0.3991,0.1829,0,0.8076,price_proxy,,,,
2019-06-28,0.2785,0.1941,0,1.9386,price_proxy,,,,
2019-07-01,0.4117,0.2024,0,1.076,price_proxy,,,,
2019-07-02,0.4419,0.202,0,0.5622,price_proxy,,,,
2019-07-03,0.4548,0.2023,0,0.4897,price_proxy,,,,
2019-07-04,0.4867,0.1707,0,0.7929,price_proxy,,,,
2019-07-05,0.6708,0.1689,0,0.5446,price_proxy,,,,
2019-07-08,0.4076,0.1537,0,1.2535,price_proxy,,,,
2019-07-09,0.3937,0.1426,0,0.7631,price_proxy,,,,
2019-07-10,0.3746,0.1425,0,0.6184,price_proxy,,,,
2019-07-11,0.4532,0.1458,0,0.5603,price_proxy,,,,
2019-07-12,0.4082,0.1451,0,0.6528,price_proxy,,,,
2019-07-15,0.4654,0.1449,0,0.6482,price_proxy,,,,
2019-07-16,0.4579,0.1453,0,1.0692,price_proxy,,,,
2019-07-17,0.3662,0.1523,0,2.3435,price_proxy,,,,
2019-07-18,0.3425,0.1491,0,0.7043,price_proxy,,,,
2019-07-19,0.4038,0.1542,0,0.5207,price_proxy,,,,
2019-07-22,0.4296,0.154,0,0.3833,price_proxy,,,,
2019-07-23,0.4427,0.1531,0,0.6846,price_proxy,,,,
2019-07-24,0.5,0.1538,0,0.8681,price_proxy,,,,
2019-07-25,0.4703,0.1521,0,0.591,price_proxy,,,,
2019-07-26,0.3195,0.1448,0,6.9205,price_proxy,,,,
2019-07-29,0.2664,0.1156,0,0.9048,price_proxy,,,,
2019-07-30,0.2786,0.1157,0,0.6755,price_proxy,,,,
2019-07-31,0.334,0.116,0,1.0583,price_proxy,,,,
2019-08-01,0.2736,0.1184,0,0.8283,price_proxy,,,,
2019-08-02,0.3095,0.1143,0,0.6972,price_proxy,,,,
2019-08-05,0.2686,0.1182,0,2.0396,price_proxy,,,,
2019-08-06,0.2427,0.1182,0,1.6326,price_proxy,,,,
2019-08-07,0.2531,0.1217,0,0.8929,price_proxy,,,,
2019-08-08,0.3723,0.1237,0,0.7705,price_proxy,,,,
2019-08-09,0.4211,0.1236,0,0.5821,price_proxy,,,,
2019-08-12,0.5187,0.1231,0,0.5021,price_proxy,,,,
2019-08-13,0.5571,0.1238,0,0.7071,price_proxy,,,,
2019-08-14,0.5094,0.1164,0,0.4686,price_proxy,,,,
2019-08-16,0.4091,0.1131,0,0.4934,price_proxy,,,,
2019-08-19,0.4543,0.1089,0,0.2969,price_proxy,,,,
2019-08-20,0.537,0.1171,0,0.6493,price_proxy,,,,
2019-08-21,0.6574,0.1385,0,0.8879,price_proxy,,,,
2019-08-22,0.6682,0.1375,0,0.9799,price_proxy,,,,
2019-08-23,0.6524,0.1388,0,0.4904,price_proxy,,,,
2019-08-26,0.4907,0.1421,0,2.4328,price_proxy,,,,
2019-08-27,0.4909,0.1424,0,0.7216,price_proxy,,,,
2019-08-28,0.5086,0.1621,0,0.8879,price_proxy,,,,
2019-08-29,0.4483,0.1655,0,1.0325,price_proxy,,,,
2019-08-30,0.6062,0.1721,0,0.961,price_proxy,,,,
2019-09-02,0.7911,0.1702,0,0.5975,price_proxy,,,,
2019-09-03,0.6735,0.1575,0,0.6947,price_proxy,,,,
2019-09-04,0.5513,0.1551,0,0.4952,price_proxy,,,,
2019-09-05,0.6416,0.1549,0,0.724,price_proxy,,,,
2019-09-06,0.5168,0.1528,0,0.3535,price_proxy,,,,
2019-09-09,0.4672,0.1526,0,0.3793,price_proxy,,,,
2019-09-10,0.4916,0.1524,0,0.575,price_proxy,,,,
2019-09-11,0.4667,0.1527,0,0.9407,price_proxy,,,,
2019-09-16,0.4752,0.152,0,0.7225,price_proxy,,,,
2019-09-17,0.5333,0.1502,0,1.5351,price_proxy,,,,
2019-09-18,0.4917,0.1526,0,0.5087,price_proxy,,,,
2019-09-19,0.5253,0.1506,0,0.45,price_proxy,,,,
2019-09-20,0.5339,0.1379,0,0.2893,price_proxy,,,,
2019-09-23,0.4582,0.1407,0,0.5756,price_proxy,,,,
2019-09-24,0.4262,0.1375,0,0.7752,price_proxy,,,,
2019-09-25,0.3996,0.1273,0,0.6861,price_proxy,,,,
2019-09-26,0.4583,0.1291,0,0.8386,price_proxy,,,,
2019-09-27,0.4833,0.1079,0,0.5569,price_proxy,,,,
2019-09-30,0.5085,0.1018,0,0.539,price_proxy,,,,
2019-10-01,0.534,0.0865,0,1.1488,price_proxy,,,,
2019-10-02,0.5176,0.0927,0,0.8608,price_proxy,,,,
2019-10-04,0.4915,0.0929,0,1.2449,price_proxy,,,,
2019-10-07,0.5756,0.1102,0,3.5238,price_proxy,,,,
2019-10-08,0.5426,0.1144,0,1.7053,price_proxy,,,,
2019-10-10,0.4498,0.1182,0,1.0402,price_proxy,,,,
2019-10-11,0.5961,0.1228,0,0.8485,price_proxy,,,,
2019-10-14,0.7308,0.1526,0,3.2441,price_proxy,,,,
2019-10-15,0.9453,0.2212,0,8.4057,price_proxy,,,,
2019-10-16,1.0,0.2265,0,3.027,price_proxy,,,,
2019-10-17,1.0,0.2268,0,1.9374,price_proxy,,,,
2019-10-18,1.0,0.2261,0,2.2301,price_proxy,,,,
2019-10-21,1.0,0.2257,0,1.5377,price_proxy,,,,
2019-10-22,0.7848,0.226,0,1.7077,price_proxy,,,,
2019-10-23,0.8,0.2256,0,5.2751,price_proxy,,,,
2019-10-24,0.8427,0.2246,0,1.5397,price_proxy,,,,
2019-10-25,0.7433,0.2161,0,1.2839,price_proxy,,,,
2019-10-28,0.8757,0.2254,0,1.7884,price_proxy,,,,
2019-10-29,0.8768,0.2273,0,0.8082,price_proxy,,,,
2019-10-30,0.9457,0.2336,0,2.1807,price_proxy,,,,
2019-10-31,1.0,0.2667,0,5.2703,price_proxy,,,,
2019-11-01,1.0,0.2522,0,0.4062,price_proxy,,,,
2019-11-04,1.0,0.251,0,0.5146,price_proxy,,,,
2019-11-05,1.0,0.2518,0,0.6234,price_proxy,,,,
2019-11-06,0.8289,0.294,0,1.2159,price_proxy,,,,
2019-11-07,0.5653,0.2839,0,0.6324,price_proxy,,,,
2019-11-08,0.4584,0.2966,0,0.6556,price_proxy,,,,
2019-11-11,0.2256,0.3168,0,0.876,price_proxy,,,,
2019-11-12,0.1548,0.2848,0,0.5111,price_proxy,,,,
2019-11-13,0.3321,0.286,0,0.7843,price_proxy,,,,
2019-11-14,0.381,0.2871,0,0.622,price_proxy,,,,
2019-11-15,0.6274,0.294,0,0.6286,price_proxy,,,,
2019-11-18,0.8054,0.2954,0,0.5071,price_proxy,,,,
2019-11-19,0.7781,0.2942,0,0.799,price_proxy,,,,
2019-11-20,0.7167,0.2997,0,0.8127,price_proxy,,,,
2019-11-21,0.6107,0.3002,0,0.5238,price_proxy,,,,
2019-11-22,0.4238,0.3012,0,0.5398,price_proxy,,,,
2019-11-25,0.4274,0.2917,0,0.518,price_proxy,,,,
2019-11-26,0.2846,0.3031,0,0.8679,price_proxy,,,,
2019-11-27,0.3722,0.2875,0,0.7902,price_proxy,,,,
2019-11-28,0.4663,0.2402,0,1.34,price_proxy,,,,
2019-11-29,0.417,0.2423,0,0.8596,price_proxy,,,,
2019-12-02,0.4473,0.2374,0,1.0018,price_proxy,,,,
2019-12-03,0.4235,0.2363,0,1.7121,price_proxy,,,,
2019-12-04,0.508,0.2125,0,1.7416,price_proxy,,,,
2019-12-05,0.9038,0.3509,0,10.0,price_proxy,,,,
2019-12-06,1.0,0.4612,0,6.7481,price_proxy,,,,
2019-12-09,1.0,0.458,0,4.4887,price_proxy,,,,
2019-12-10,1.0,0.4893,0,2.2498,price_proxy,,,,
2019-12-11,1.0,0.4878,0,1.7516,price_proxy,,,,
2019-12-12,0.5919,0.4874,0,1.0069,price_proxy,,,,
2019-12-13,0.0878,0.4818,0,0.8528,price_proxy,,,,
2019-12-16,0.2497,0.4819,0,0.6636,price_proxy,,,,
2019-12-17,0.5783,0.4821,0,0.771,price_proxy,,,,
2019-12-18,0.491,0.4811,0,0.7413,price_proxy,,,,
2019-12-19,0.4848,0.482,0,0.3788,price_proxy,,,,
2019-12-20,0.5645,0.4815,0,0.4284,price_proxy,,,,
2019-12-23,0.4255,0.4848,0,0.5571,price_proxy,,,,
2019-12-24,0.3812,0.4771,0,0.5025,price_proxy,,,,
2019-12-26,0.6325,0.4829,0,1.2541,price_proxy,,,,
2019-12-27,0.7015,0.4816,0,0.7333,price_proxy,,,,
2019-12-30,0.7946,0.4805,0,0.7433,price_proxy,,,,
2020-01-02,1.0,0.481,0,0.563,price_proxy,,,,
2020-01-03,0.916,0.472,0,0.3701,price_proxy,,,,
2020-01-06,0.6412,0.4762,0,0.3373,price_proxy,,,,
2020-01-07,0.5804,0.3969,0,0.3432,price_proxy,,,,
2020-01-08,0.3132,0.2428,0,0.6434,price_proxy,,,,
2020-01-09,0.4901,0.2862,0,0.8241,price_proxy,,,,
2020-01-10,0.5893,0.241,0,1.2939,price_proxy,,,,
2020-01-13,0.5475,0.2504,0,0.6091,price_proxy,,,,
2020-01-14,0.5667,0.2497,0,0.6287,price_proxy,,,,
2020-01-15,0.6402,0.253,0,0.3533,price_proxy,,,,
2020-01-16,0.3509,0.2521,0,0.3296,price_proxy,,,,
2020-01-17,0.4219,0.2566,0,0.6732,price_proxy,,,,
2020-01-20,0.4768,0.2544,0,0.3943,price_proxy,,,,
2020-01-21,0.3761,0.2615,0,0.4682,price_proxy,,,,
2020-01-22,0.4733,0.2609,0,0.315,price_proxy,,,,
2020-01-23,0.3953,0.2618,0,0.4928,price_proxy,,,,
2020-01-28,0.2281,0.2657,0,0.6252,price_proxy,,,,
2020-01-29,0.2888,0.2475,0,0.3294,price_proxy,,,,
2020-01-30,0.3157,0.2497,0,0.4582,price_proxy,,,,
2020-01-31,0.2425,0.237,0,0.4582,price_proxy,,,,
2020-02-03,0.398,0.235,0,0.6747,price_proxy,,,,
2020-02-04,0.4941,0.2346,0,0.4382,price_proxy,,,,
2020-02-05,0.4155,0.2343,0,0.4604,price_proxy,,,,
2020-02-06,0.5424,0.2366,0,0.9473,price_proxy,,,,
2020-02-07,0.6026,0.2257,0,0.6513,price_proxy,,,,
2020-02-10,0.5418,0.15,0,0.5181,price_proxy,,,,
2020-02-11,0.5,0.1473,0,0.7482,price_proxy,,,,
2020-02-12,0.7009,0.1592,0,1.6134,price_proxy,,,,
2020-02-13,0.5415,0.1663,0,1.306,price_proxy,,,,
2020-02-14,0.5473,0.1633,0,0.6519,price_proxy,,,,
2020-02-17,0.2573,0.2125,0,3.5983,price_proxy,,,,
2020-02-18,0.2581,0.1994,0,1.4913,price_proxy,,,,
2020-02-19,0.1044,0.1995,0,1.6434,price_proxy,,,,
2020-02-20,0.2326,0.1989,0,0.764,price_proxy,,,,
2020-02-21,0.2283,0.1976,0,0.8555,price_proxy,,,,
2020-02-24,0.3802,0.2003,0,0.6374,price_proxy,,,,
2020-02-25,0.5134,0.2118,0,0.6723,price_proxy,,,,
2020-02-26,0.569,0.2114,0,0.5225,price_proxy,,,,
2020-02-27,0.4463,0.2106,0,0.7475,price_proxy,,,,
2020-02-28,0.3395,0.2153,0,0.7468,price_proxy,,,,
2020-03-02,0.5885,0.2258,0,0.6666,price_proxy,,,,
2020-03-03,0.4567,0.2249,0,0.6315,price_proxy,,,,
2020-03-04,0.5,0.225,0,0.5,price_proxy,,,,
2020-03-05,0.6207,0.2249,0,0.7443,price_proxy,,,,
2020-03-06,0.6491,0.2279,0,0.666,price_proxy,,,,
2020-03-09,0.3983,0.2322,0,0.752,price_proxy,,,,
2020-03-10,0.4625,0.2356,0,0.6754,price_proxy,,,,
2020-03-11,0.2733,0.2316,0,1.9874,price_proxy,,,,
2020-03-12,0.2756,0.232,0,1.2702,price_proxy,,,,
2020-03-13,0.1819,0.2459,0,1.5733,price_proxy,,,,
2020-03-16,0.125,0.2236,0,1.0838,price_proxy,,,,
2020-03-17,0.1632,0.2342,0,1.2182,price_proxy,,,,
2020-03-18,0.1992,0.2388,0,0.8792,price_proxy,,,,
2020-03-19,0.0,0.2691,0,1.3495,price_proxy,,,,
2020-03-20,0.174,0.2834,0,2.4353,price_proxy,,,,
2020-03-23,0.1396,0.2956,0,1.2643,price_proxy,,,,
2020-03-24,0.0031,0.2819,0,2.832,price_proxy,,,,
2020-03-25,0.4248,0.374,0,2.34,price_proxy,,,,
2020-03-26,1.0,0.4003,0,1.979,price_proxy,,,,
2020-03-27,0.7644,0.3985,0,2.0042,price_proxy,,,,
2020-03-30,1.0,0.3938,0,2.5502,price_proxy,,,,
2020-03-31,1.0,0.3957,0,1.0662,price_proxy,,,,
2020-04-01,0.6471,0.3944,0,0.8894,price_proxy,,,,
2020-04-02,0.5204,0.3993,0,0.6232,price_proxy,,,,
2020-04-03,0.6656,0.3998,0,1.6361,price_proxy,,,,
2020-04-06,0.5729,0.3962,0,1.5275,price_proxy,,,,
2020-04-07,0.5296,0.3998,0,0.6779,price_proxy,,,,
2020-04-08,0.4872,0.3934,0,0.4429,price_proxy,,,,
2020-04-09,0.4474,0.3944,0,0.5339,price_proxy,,,,
2020-04-10,0.4098,0.3826,0,0.3628,price_proxy,,,,
2020-04-13,0.3516,0.3719,0,0.2352,price_proxy,,,,
2020-04-14,0.6417,0.3782,0,0.813,price_proxy,,,,
2020-04-16,0.8103,0.3732,0,0.5887,price_proxy,,,,
2020-04-17,0.7412,0.3347,0,0.5682,price_proxy,,,,
2020-04-20,0.5534,0.3434,0,0.8984,price_proxy,,,,
2020-04-21,0.4873,0.3284,0,0.744,price_proxy,,,,
2020-04-22,0.321,0.3248,0,0.4139,price_proxy,,,,
2020-04-23,0.2463,0.2431,0,0.2807,price_proxy,,,,
2020-04-24,0.2032,0.2042,0,0.3324,price_proxy,,,,
2020-04-27,0.304,0.2014,0,0.4831,price_proxy,,,,
2020-04-28,0.3641,0.1949,0,0.411,price_proxy,,,,
2020-04-29,0.4017,0.1912,0,0.408,price_proxy,,,,
2020-05-04,0.453,0.1933,0,0.3406,price_proxy,,,,
2020-05-06,0.6002,0.1922,0,1.1001,price_proxy,,,,
2020-05-07,0.6375,0.1887,0,0.4169,price_proxy,,,,
2020-05-08,0.746,0.1905,0,0.8346,price_proxy,,,,
2020-05-11,0.8506,0.1883,0,1.4331,price_proxy,,,,
2020-05-12,0.6969,0.1901,0,1.3567,price_proxy,,,,
2020-05-13,0.4917,0.1932,0,0.9204,price_proxy,,,,
2020-05-14,0.4751,0.193,0,0.5793,price_proxy,,,,
2020-05-15,0.4797,0.1924,0,0.6433,price_proxy,,,,
2020-05-18,0.3011,0.1727,0,0.5776,price_proxy,,,,
2020-05-19,0.5159,0.1855,0,4.5024,price_proxy,,,,
2020-05-20,0.6,0.1853,0,0.9043,price_proxy,,,,
2020-05-21,0.6218,0.1682,0,0.6039,price_proxy,,,,
2020-05-22,0.5246,0.1571,0,0.6239,price_proxy,,,,
2020-05-25,0.5382,0.1604,0,0.6141,price_proxy,,,,
2020-05-26,0.417,0.1606,0,0.5509,price_proxy,,,,
2020-05-27,0.377,0.1616,0,0.4895,price_proxy,,,,
2020-05-28,0.2901,0.1678,0,0.8057,price_proxy,,,,
2020-05-29,0.3381,0.1651,0,0.3374,price_proxy,,,,
2020-06-01,0.4375,0.1663,0,0.4912,price_proxy,,,,
2020-06-02,0.434,0.1643,0,0.3954,price_proxy,,,,
2020-06-03,0.4323,0.1555,0,0.7251,price_proxy,,,,
2020-06-04,0.531,0.1557,0,0.4437,price_proxy,,,,
2020-06-05,0.5044,0.1533,0,0.4872,price_proxy,,,,
2020-06-08,0.5258,0.1426,0,0.8519,price_proxy,,,,
2020-06-09,0.5426,0.1386,0,1.2243,price_proxy,,,,
2020-06-10,0.6575,0.1341,0,1.2302,price_proxy,,,,
2020-06-11,0.5654,0.1404,0,0.9547,price_proxy,,,,
2020-06-12,0.478,0.1473,0,1.0048,price_proxy,,,,
2020-06-15,0.2452,0.169,0,0.9082,price_proxy,,,,
2020-06-16,0.3163,0.1606,0,0.6627,price_proxy,,,,
2020-06-17,0.2323,0.161,0,0.593,price_proxy,,,,
2020-06-18,0.289,0.1607,0,0.5468,price_proxy,,,,
2020-06-19,0.3622,0.16,0,0.5034,price_proxy,,,,
2020-06-22,0.5195,0.1584,0,0.5133,price_proxy,,,,
2020-06-23,0.3851,0.1573,0,0.7902,price_proxy,,,,
2020-06-24,0.4438,0.1575,0,0.6826,price_proxy,,,,
2020-06-25,0.3868,0.1553,0,1.1095,price_proxy,,,,
2020-06-26,0.3711,0.1556,0,0.7747,price_proxy,,,,
2020-06-29,0.3024,0.1568,0,0.6981,price_proxy,,,,
2020-06-30,0.3829,0.1621,0,0.6261,price_proxy,,,,
2020-07-01,0.3699,0.1617,0,0.6516,price_proxy,,,,
2020-07-02,0.68,0.2134,0,3.3144,price_proxy,,,,
2020-07-03,0.7143,0.2133,0,1.0488,price_proxy,,,,
2020-07-06,0.9599,0.2198,0,1.449,price_proxy,,,,
2020-07-07,0.8834,0.219,0,1.1737,price_proxy,,,,
2020-07-08,1.0,0.2622,0,5.1009,price_proxy,,,,
2020-07-09,0.8303,0.2604,0,1.6699,price_proxy,,,,
2020-07-10,0.8963,0.2535,0,1.3329,price_proxy,,,,
2020-07-13,0.7043,0.2338,0,1.0925,price_proxy,,,,
2020-07-14,0.7391,0.228,0,1.2401,price_proxy,,,,
2020-07-15,0.5727,0.2301,0,2.5193,price_proxy,,,,
2020-07-16,0.5,0.2431,0,1.4832,price_proxy,,,,
2020-07-17,0.4538,0.2421,0,0.7394,price_proxy,,,,
2020-07-20,0.3856,0.2525,0,1.3586,price_proxy,,,,
2020-07-21,0.3447,0.252,0,1.8441,price_proxy,,,,
2020-07-22,0.2749,0.252,0,0.9687,price_proxy,,,,
2020-07-23,0.4213,0.2471,0,0.8542,price_proxy,,,,
2020-07-24,0.4213,0.245,0,0.6385,price_proxy,,,,
2020-07-27,0.5753,0.2362,0,0.5532,price_proxy,,,,
2020-07-28,0.5379,0.239,0,0.59,price_proxy,,,,
2020-07-29,0.4626,0.2422,0,0.4634,price_proxy,,,,
2020-07-30,0.3648,0.2115,0,0.7033,price_proxy,,,,
2020-07-31,0.3934,0.2117,0,0.3707,price_proxy,,,,
2020-08-03,0.4435,0.2072,0,0.5077,price_proxy,,,,
2020-08-04,0.5579,0.2096,0,0.729,price_proxy,,,,
2020-08-05,0.5508,0.1515,0,0.9139,price_proxy,,,,
2020-08-06,0.5747,0.1508,0,0.4677,price_proxy,,,,
2020-08-07,0.5996,0.1516,0,0.4896,price_proxy,,,,
2020-08-10,0.4668,0.1513,0,0.5317,price_proxy,,,,
2020-08-11,0.3715,0.1504,0,0.4577,price_proxy,,,,
2020-08-12,0.4174,0.1364,0,0.5512,price_proxy,,,,
2020-08-13,0.5381,0.1292,0,0.9488,price_proxy,,,,
2020-08-14,0.5412,0.1334,0,1.3135,price_proxy,,,,
2020-08-18,0.4578,0.1353,0,1.1132,price_proxy,,,,
2020-08-19,0.6202,0.152,0,0.7854,price_proxy,,,,
2020-08-20,0.4784,0.1701,0,1.7001,price_proxy,,,,
2020-08-21,0.3462,0.1721,0,1.3317,price_proxy,,,,
2020-08-24,0.302,0.1723,0,0.4115,price_proxy,,,,
2020-08-25,0.4741,0.1741,0,0.5364,price_proxy,,,,
2020-08-26,0.3421,0.1726,0,0.4429,price_proxy,,,,
2020-08-27,0.4129,0.1745,0,0.8535,price_proxy,,,,
2020-08-28,0.518,0.1721,0,0.6437,price_proxy,,,,
2020-08-31,0.491,0.1714,0,0.4481,price_proxy,,,,
2020-09-01,0.417,0.1642,0,0.5804,price_proxy,,,,
2020-09-02,0.4385,0.1593,0,0.427,price_proxy,,,,
2020-09-03,0.541,0.1587,0,0.6475,price_proxy,,,,
2020-09-04,0.442,0.1594,0,0.8723,price_proxy,,,,
2020-09-07,0.4505,0.1556,0,0.5288,price_proxy,,,,
2020-09-08,0.4544,0.1545,0,0.5338,price_proxy,,,,
2020-09-09,0.3912,0.156,0,0.6606,price_proxy,,,,
2020-09-10,0.3527,0.156,0,0.6192,price_proxy,,,,
2020-09-11,0.4862,0.1574,0,9.3066,price_proxy,,,,
2020-09-14,0.4169,0.1567,0,2.2896,price_proxy,,,,
2020-09-15,0.6772,0.2002,0,2.6609,price_proxy,,,,
2020-09-16,0.7158,0.1874,0,1.0798,price_proxy,,,,
2020-09-17,0.794,0.1741,0,1.6447,price_proxy,,,,
2020-09-18,0.7454,0.1703,0,0.8354,price_proxy,,,,
2020-09-21,1.0,0.1846,0,4.4444,price_proxy,,,,
2020-09-22,0.7784,0.1842,0,1.5408,price_proxy,,,,
2020-09-23,0.7078,0.191,0,0.9244,price_proxy,,,,
2020-09-24,0.4832,0.2052,0,0.7949,price_proxy,,,,
2020-09-25,0.4794,0.2049,0,0.4184,price_proxy,,,,
2020-09-28,0.2846,0.2084,0,0.5365,price_proxy,,,,
2020-09-29,0.2368,0.208,0,0.2786,price_proxy,,,,
2020-10-05,0.398,0.2132,0,0.4503,price_proxy,,,,
2020-10-06,0.5169,0.2141,0,0.2691,price_proxy,,,,
2020-10-07,0.5292,0.2117,0,0.4424,price_proxy,,,,
2020-10-08,0.556,0.2134,0,0.2017,price_proxy,,,,
2020-10-12,0.6255,0.2141,0,0.2612,price_proxy,,,,
2020-10-13,0.5083,0.2114,0,0.1722,price_proxy,,,,
2020-10-14,0.4664,0.2165,0,0.2429,price_proxy,,,,
2020-10-15,0.3439,0.2186,0,0.5038,price_proxy,,,,
2020-10-16,0.3952,0.2135,0,0.2414,price_proxy,,,,
2020-10-19,0.3615,0.1666,0,0.2047,price_proxy,,,,
2020-10-20,0.3436,0.1676,0,0.2291,price_proxy,,,,
2020-10-21,0.4145,0.1639,0,0.2136,price_proxy,,,,
2020-10-22,0.4599,0.1629,0,0.2326,price_proxy,,,,
2020-10-23,0.4204,0.1388,0,0.4567,price_proxy,,,,
2020-10-26,0.3381,0.1363,0,0.5094,price_proxy,,,,
2020-10-27,0.375,0.1325,0,0.5519,price_proxy,,,,
2020-10-28,0.4062,0.1132,0,0.5145,price_proxy,,,,
2020-10-29,0.4909,0.1156,0,0.7606,price_proxy,,,,
2020-10-30,0.4724,0.113,0,0.4327,price_proxy,,,,
2020-11-02,0.5429,0.1132,0,0.405,price_proxy,,,,
2020-11-03,0.6,0.1042,0,0.6443,price_proxy,,,,
2020-11-04,0.5749,0.1037,0,0.5897,price_proxy,,,,
2020-11-05,0.605,0.1105,0,1.9683,price_proxy,,,,
2020-11-06,0.757,0.1205,0,2.2079,price_proxy,,,,
2020-11-09,0.7331,0.1166,0,1.3018,price_proxy,,,,
2020-11-10,0.7766,0.127,0,2.0832,price_proxy,,,,
2020-11-11,0.7573,0.1196,0,1.4154,price_proxy,,,,
2020-11-12,0.7343,0.1119,0,2.1074,price_proxy,,,,
2020-11-13,0.794,0.1334,0,4.1499,price_proxy,,,,
2020-11-16,0.5877,0.1759,0,3.9177,price_proxy,,,,
2020-11-17,0.4124,0.1805,0,1.9091,price_proxy,,,,
2020-11-18,0.464,0.1815,0,0.8379,price_proxy,,,,
2020-11-19,0.399,0.18,0,0.3981,price_proxy,,,,
2020-11-20,0.3845,0.1899,0,1.5221,price_proxy,,,,
2020-11-23,0.58,0.1847,0,0.9078,price_proxy,,,,
2020-11-24,0.625,0.1872,0,0.8409,price_proxy,,,,
2020-11-25,0.4878,0.1954,0,0.9517,price_proxy,,,,
2020-11-26,0.4509,0.1968,0,0.7442,price_proxy,,,,
2020-11-27,0.3544,0.1945,0,1.3998,price_proxy,,,,
2020-11-30,0.3115,0.1978,0,0.7083,price_proxy,,,,
2020-12-01,0.3431,0.1963,0,0.5116,price_proxy,,,,
2020-12-02,0.459,0.1968,0,0.688,price_proxy,,,,
2020-12-03,0.479,0.1933,0,0.3757,price_proxy,,,,
2020-12-04,0.4421,0.1865,0,0.5027,price_proxy,,,,
2020-12-07,0.4406,0.1886,0,0.6734,price_proxy,,,,
2020-12-08,0.4532,0.1805,0,0.3988,price_proxy,,,,
2020-12-09,0.4707,0.1832,0,0.7612,price_proxy,,,,
2020-12-10,0.4619,0.1802,0,0.5873,price_proxy,,,,
2020-12-11,0.483,0.1571,0,0.4813,price_proxy,,,,
2020-12-14,0.4912,0.1232,0,0.7472,price_proxy,,,,
2020-12-15,0.5131,0.1182,0,0.8004,price_proxy,,,,
2020-12-16,0.4575,0.115,0,0.4741,price_proxy,,,,
2020-12-17,0.5302,0.1174,0,0.712,price_proxy,,,,
2020-12-18,0.4742,0.09,0,0.9164,price_proxy,,,,
2020-12-21,0.5088,0.0899,0,0.8813,price_proxy,,,,
2020-12-22,0.4004,0.0957,0,1.4053,price_proxy,,,,
2020-12-23,0.4002,0.087,0,1.2776,price_proxy,,,,
2020-12-24,0.3468,0.085,0,1.0387,price_proxy,,,,
2020-12-28,0.3696,0.0823,0,8.7186,price_proxy,,,,
2020-12-29,0.5481,0.1263,0,2.3126,price_proxy,,,,
2020-12-30,0.6777,0.1283,0,1.4247,price_proxy,,,,
2021-01-04,0.7694,0.1338,0,1.2537,price_proxy,,,,
2021-01-05,1.0,0.2221,0,7.8103,price_proxy,,,,
2021-01-06,1.0,0.2238,0,3.89,price_proxy,,,,
2021-01-07,0.859,0.2464,0,2.3825,price_proxy,,,,
2021-01-08,0.751,0.2493,0,0.7961,price_proxy,,,,
2021-01-11,0.5201,0.2611,0,0.6725,price_proxy,,,,
2021-01-12,0.2595,0.2604,0,0.5052,price_proxy,,,,
2021-01-13,0.1639,0.2613,0,0.1879,price_proxy,,,,
2021-01-14,0.3551,0.2594,0,0.2498,price_proxy,,,,
2021-01-15,0.381,0.26,0,0.3167,price_proxy,,,,
2021-01-18,0.4522,0.2629,0,0.1807,price_proxy,,,,
2021-01-19,0.4062,0.2625,0,0.3707,price_proxy,,,,
2021-01-20,0.5119,0.2639,0,0.2623,price_proxy,,,,
2021-01-21,0.4492,0.2648,0,0.2656,price_proxy,,,,
2021-01-22,0.4881,0.26,0,0.2083,price_proxy,,,,
2021-01-25,0.5408,0.2602,0,0.2021,price_proxy,,,,
2021-01-26,0.5492,0.2597,0,0.2182,price_proxy,,,,
2021-01-27,0.4764,0.259,0,1.1469,price_proxy,,,,
2021-01-28,0.3998,0.2518,0,0.4074,price_proxy,,,,
2021-01-29,0.3091,0.2546,0,0.4207,price_proxy,,,,
2021-02-01,0.364,0.2521,0,0.1713,price_proxy,,,,
2021-02-02,0.376,0.1632,0,0.1816,price_proxy,,,,
2021-02-03,0.3725,0.1529,0,0.2646,price_proxy,,,,
2021-02-04,0.4451,0.1259,0,0.3839,price_proxy,,,,
2021-02-05,0.5132,0.1245,0,0.3748,price_proxy,,,,
2021-02-08,0.5472,0.1163,0,0.7845,price_proxy,,,,
2021-02-09,0.5213,0.1136,0,0.3191,price_proxy,,,,
2021-02-10,0.5426,0.1143,0,0.3086,price_proxy,,,,
2021-02-15,0.5564,0.1133,0,0.413,price_proxy,,,,
2021-02-16,0.5044,0.1169,0,0.7274,price_proxy,,,,
2021-02-17,0.4455,0.1139,0,0.3639,price_proxy,,,,
2021-02-18,0.4241,0.115,0,0.6232,price_proxy,,,,
2021-02-19,0.4375,0.1073,0,0.5283,price_proxy,,,,
2021-02-22,0.4916,0.108,0,0.6954,price_proxy,,,,
2021-02-23,0.5044,0.11,0,0.4842,price_proxy,,,,
2021-02-24,0.4569,0.1104,0,0.5702,price_proxy,,,,
2021-02-25,0.5439,0.1151,0,1.0449,price_proxy,,,,
2021-02-26,0.5258,0.1158,0,0.7768,price_proxy,,,,
2021-03-02,0.5424,0.1027,0,1.0564,price_proxy,,,,
2021-03-03,0.6217,0.0924,0,1.1139,price_proxy,,,,
2021-03-04,0.6057,0.0928,0,0.7589,price_proxy,,,,
2021-03-05,0.5086,0.0956,0,0.7279,price_proxy,,,,
2021-03-08,0.4618,0.0965,0,0.5793,price_proxy,,,,
2021-03-09,0.4253,0.0944,0,0.5726,price_proxy,,,,
2021-03-10,0.3934,0.0942,0,0.4562,price_proxy,,,,
2021-03-11,0.4582,0.0838,0,0.7568,price_proxy,,,,
2021-03-12,0.5214,0.0844,0,0.7807,price_proxy,,,,
2021-03-15,0.6039,0.0884,0,1.8347,price_proxy,,,,
2021-03-16,0.5776,0.0878,0,0.7231,price_proxy,,,,
2021-03-17,0.7078,0.0991,0,3.8017,price_proxy,,,,
2021-03-18,0.688,0.099,0,1.318,price_proxy,,,,
2021-03-19,0.7706,0.1058,0,2.9604,price_proxy,,,,
2021-03-22,0.8004,0.1108,0,2.702,price_proxy,,,,
2021-03-23,0.6826,0.1322,0,2.7473,price_proxy,,,,
2021-03-24,0.5196,0.131,0,2.5597,price_proxy,,,,
2021-03-25,0.4688,0.1327,0,1.4019,price_proxy,,,,
2021-03-26,0.3845,0.1307,0,0.6344,price_proxy,,,,
2021-03-29,0.2961,0.1311,0,0.7051,price_proxy,,,,
2021-03-30,0.3859,0.1302,0,1.0738,price_proxy,,,,
2021-03-31,0.3796,0.1324,0,0.9533,price_proxy,,,,
2021-04-01,0.4167,0.1304,0,0.5351,price_proxy,,,,
2021-04-02,0.413,0.1282,0,0.3196,price_proxy,,,,
2021-04-05,0.4442,0.1272,0,0.4926,price_proxy,,,,
2021-04-06,0.4718,0.1272,0,0.4618,price_proxy,,,,
2021-04-07,0.4917,0.1283,0,0.3494,price_proxy,,,,
2021-04-08,0.4917,0.1279,0,0.3352,price_proxy,,,,
2021-04-09,0.5,0.1276,0,0.4427,price_proxy,,,,
2021-04-12,0.4754,0.1243,0,0.2809,price_proxy,,,,
2021-04-13,0.5041,0.1252,0,0.5388,price_proxy,,,,
2021-04-14,0.5332,0.1078,0,0.635,price_proxy,,,,
2021-04-15,0.5083,0.1084,0,0.4906,price_proxy,,,,
2021-04-16,0.4793,0.092,0,0.7446,price_proxy,,,,
2021-04-19,0.5124,0.079,0,0.7644,price_proxy,,,,
2021-04-20,0.5327,0.0628,0,1.3885,price_proxy,,,,
2021-04-21,0.5204,0.0596,0,0.9992,price_proxy,,,,
2021-04-22,0.3923,0.0977,0,5.5862,price_proxy,,,,
2021-04-23,0.3664,0.0989,0,1.9607,price_proxy,,,,
2021-04-26,0.3144,0.0994,0,1.2709,price_proxy,,,,
2021-04-27,0.1546,0.1165,0,2.588,price_proxy,,,,
2021-04-28,0.1808,0.1168,0,0.9595,price_proxy,,,,
2021-04-29,0.3556,0.12,0,1.1027,price_proxy,,,,
2021-04-30,0.3255,0.1241,0,1.2,price_proxy,,,,
2021-05-03,0.3091,0.1239,0,0.5816,price_proxy,,,,
2021-05-04,0.4757,0.1281,0,0.6196,price_proxy,,,,
2021-05-06,0.4904,0.1308,0,0.4436,price_proxy,,,,
2021-05-07,0.5566,0.1456,0,2.1101,price_proxy,,,,
2021-05-10,0.6716,0.1468,0,1.5001,price_proxy,,,,
2021-05-11,0.6809,0.1479,0,0.4197,price_proxy,,,,
2021-05-12,0.6032,0.1462,0,0.5896,price_proxy,,,,
2021-05-13,0.5386,0.1462,0,0.3836,price_proxy,,,,
2021-05-14,0.4312,0.146,0,0.2733,price_proxy,,,,
2021-05-17,0.4458,0.1495,0,0.3852,price_proxy,,,,
2021-05-18,0.4908,0.1485,0,0.2846,price_proxy,,,,
2021-05-20,0.514,0.1441,0,0.995,price_proxy,,,,
2021-05-21,0.5664,0.1455,0,0.4254,price_proxy,,,,
2021-05-24,0.6663,0.1322,0,1.1839,price_proxy,,,,
2021-05-25,0.616,0.1299,0,0.6716,price_proxy,,,,
2021-05-26,0.6111,0.1285,0,0.7395,price_proxy,,,,
2021-05-27,0.5928,0.107,0,0.7233,price_proxy,,,,
2021-05-28,0.7202,0.1293,0,3.0889,price_proxy,,,,
2021-05-31,0.5482,0.1363,0,1.5119,price_proxy,,,,
2021-06-01,0.5658,0.1276,0,1.9285,price_proxy,,,,
2021-06-02,0.6009,0.1228,0,0.9624,price_proxy,,,,
2021-06-03,0.6375,0.1219,0,2.1479,price_proxy,,,,
2021-06-04,0.4587,0.1244,0,0.744,price_proxy,,,,
2021-06-07,0.53,0.1134,0,1.4343,price_proxy,,,,
2021-06-08,0.4788,0.1148,0,3.9278,price_proxy,,,,
2021-06-09,0.3998,0.1156,0,1.0573,price_proxy,,,,
2021-06-10,0.4627,0.1204,0,2.3504,price_proxy,,,,
2021-06-11,0.3734,0.1385,0,1.8117,price_proxy,,,,
2021-06-14,0.3059,0.1445,0,0.9872,price_proxy,,,,
2021-06-15,0.367,0.1433,0,0.726,price_proxy,,,,
2021-06-16,0.3989,0.1436,0,0.3346,price_proxy,,,,
2021-06-17,0.2928,0.1449,0,0.5066,price_proxy,,,,
2021-06-18,0.4279,0.1447,0,0.3394,price_proxy,,,,
2021-06-21,0.4673,0.1359,0,0.4089,price_proxy,,,,
2021-06-22,0.4402,0.136,0,0.2603,price_proxy,,,,
2021-06-23,0.4537,0.136,0,0.3898,price_proxy,,,,
2021-06-24,0.4906,0.1358,0,0.4223,price_proxy,,,,
2021-06-25,0.5,0.1083,0,0.6222,price_proxy,,,,
2021-06-28,0.5143,0.1034,0,0.323,price_proxy,,,,
2021-06-29,0.5332,0.1039,0,0.4331,price_proxy,,,,
2021-06-30,0.519,0.1012,0,0.4722,price_proxy,,,,
2021-07-01,0.5284,0.101,0,0.4364,price_proxy,,,,
2021-07-02,0.4953,0.1003,0,0.3644,price_proxy,,,,
2021-07-05,0.5708,0.1062,0,1.093,price_proxy,,,,
2021-07-06,0.6305,0.115,0,1.5143,price_proxy,,,,
2021-07-07,0.5751,0.1175,0,0.8608,price_proxy,,,,
2021-07-08,0.4907,0.1139,0,1.3802,price_proxy,,,,
2021-07-09,0.4953,0.0949,0,1.037,price_proxy,,,,
2021-07-12,0.5592,0.1084,0,1.805,price_proxy,,,,
2021-07-13,0.4168,0.113,0,1.3455,price_proxy,,,,
2021-07-14,0.4819,0.1127,0,0.5589,price_proxy,,,,
2021-07-15,0.5516,0.1107,0,0.6342,price_proxy,,,,
2021-07-16,0.5516,0.1104,0,0.8962,price_proxy,,,,
2021-07-19,0.3982,0.1108,0,0.6614,price_proxy,,,,
2021-07-20,0.4589,0.1108,0,0.5661,price_proxy,,,,
2021-07-21,0.4361,0.1116,0,0.5418,price_proxy,,,,
2021-07-22,0.4405,0.1116,0,0.4921,price_proxy,,,,
2021-07-23,0.4588,0.111,0,0.4912,price_proxy,,,,
2021-07-26,0.5047,0.1106,0,0.4971,price_proxy,,,,
2021-07-27,0.472,0.1113,0,0.6816,price_proxy,,,,
2021-07-28,0.467,0.1121,0,0.7735,price_proxy,,,,
2021-07-29,0.4717,0.112,0,0.3857,price_proxy,,,,
2021-07-30,0.4346,0.1123,0,0.6499,price_proxy,,,,
2021-08-02,0.4395,0.108,0,0.6401,price_proxy,,,,
2021-08-03,0.4243,0.0987,0,1.1063,price_proxy,,,,
2021-08-04,0.476,0.0955,0,0.9948,price_proxy,,,,
2021-08-05,0.4761,0.0883,0,0.6518,price_proxy,,,,
2021-08-06,0.4758,0.0887,0,0.9028,price_proxy,,,,
2021-08-09,0.4712,0.0552,0,1.3128,price_proxy,,,,
2021-08-10,0.5,0.0473,0,0.8265,price_proxy,,,,
2021-08-11,0.4612,0.0472,0,1.1836,price_proxy,,,,
2021-08-12,0.4564,0.0474,0,0.862,price_proxy,,,,
2021-08-13,0.4315,0.051,0,1.721,price_proxy,,,,
2021-08-17,0.3735,0.0536,0,1.3328,price_proxy,,,,
2021-08-18,0.4509,0.0661,0,1.4385,price_proxy,,,,
2021-08-19,0.4901,0.0676,0,1.0933,price_proxy,,,,
2021-08-20,0.4356,0.0724,0,1.1976,price_proxy,,,,
2021-08-23,0.5557,0.0843,0,0.8981,price_proxy,,,,
2021-08-24,0.6247,0.0846,0,0.9793,price_proxy,,,,
2021-08-25,0.5605,0.0832,0,0.8062,price_proxy,,,,
2021-08-26,0.5249,0.0821,0,0.6898,price_proxy,,,,
2021-08-27,0.587,0.0821,0,0.6394,price_proxy,,,,
2021-08-30,0.569,0.0875,0,1.3052,price_proxy,,,,
2021-08-31,0.5782,0.0881,0,0.9247,price_proxy,,,,
2021-09-01,0.632,0.0871,0,1.3114,price_proxy,,,,
2021-09-02,0.6425,0.0867,0,0.7952,price_proxy,,,,
2021-09-03,0.6961,0.0905,0,2.3702,price_proxy,,,,
2021-09-06,0.7429,0.1018,0,3.1914,price_proxy,,,,
2021-09-07,0.7259,0.1018,0,2.1544,price_proxy,,,,
2021-09-08,0.6284,0.1041,0,2.0084,price_proxy,,,,
2021-09-09,0.6927,0.1056,0,3.0212,price_proxy,,,,
2021-09-10,0.5179,0.1249,0,1.5464,price_proxy,,,,
2021-09-13,0.3471,0.13,0,0.9739,price_proxy,,,,
2021-09-14,0.3436,0.1255,0,0.57,price_proxy,,,,
2021-09-15,0.3319,0.1267,0,1.0974,price_proxy,,,,
2021-09-16,0.2364,0.1295,0,3.393,price_proxy,,,,
2021-09-17,0.3009,0.1276,0,1.0611,price_proxy,,,,
2021-09-23,0.3713,0.1211,0,0.4788,price_proxy,,,,
2021-09-24,0.344,0.1215,0,0.5284,price_proxy,,,,
2021-09-27,0.3918,0.1215,0,0.3002,price_proxy,,,,
2021-09-28,0.3988,0.1232,0,0.7043,price_proxy,,,,
2021-09-29,0.4607,0.124,0,0.7674,price_proxy,,,,
2021-09-30,0.4312,0.1201,0,0.4191,price_proxy,,,,
2021-10-01,0.4453,0.119,0,0.4155,price_proxy,,,,
2021-10-05,0.4453,0.1144,0,0.5729,price_proxy,,,,
2021-10-06,0.4543,0.1147,0,0.5156,price_proxy,,,,
2021-10-07,0.4599,0.1113,0,0.3267,price_proxy,,,,
2021-10-08,0.4847,0.0909,0,0.4067,price_proxy,,,,
2021-10-12,0.4847,0.0898,0,0.347,price_proxy,,,,
2021-10-13,0.4437,0.09,0,0.6746,price_proxy,,,,
2021-10-14,0.4948,0.0817,0,0.4322,price_proxy,,,,
2021-10-15,0.4693,0.0666,0,0.4008,price_proxy,,,,
2021-10-18,0.4641,0.0578,0,0.4597,price_proxy,,,,
2021-10-19,0.4897,0.059,0,0.4787,price_proxy,,,,
2021-10-20,0.5158,0.0551,0,0.3038,price_proxy,,,,
2021-10-21,0.4792,0.0513,0,0.6441,price_proxy,,,,
2021-10-22,0.4844,0.0494,0,1.6199,price_proxy,,,,
2021-10-25,0.4948,0.0494,0,0.9826,price_proxy,,,,
2021-10-26,0.5052,0.0511,0,0.788,price_proxy,,,,
2021-10-27,0.4896,0.053,0,0.7014,price_proxy,,,,
2021-10-28,0.4789,0.0509,0,0.7921,price_proxy,,,,
2021-10-29,0.4529,0.0483,0,1.72,price_proxy,,,,
2021-11-01,0.4319,0.0473,0,0.8646,price_proxy,,,,
2021-11-02,0.4276,0.0495,0,0.9674,price_proxy,,,,
2021-11-03,0.395,0.0586,0,1.4799,price_proxy,,,,
2021-11-04,0.4043,0.0574,0,1.3558,price_proxy,,,,
2021-11-05,0.382,0.0556,0,1.1752,price_proxy,,,,
2021-11-08,0.435,0.0605,0,1.615,price_proxy,,,,
2021-11-09,0.3981,0.0606,0,0.8202,price_proxy,,,,
2021-11-10,0.4003,0.0648,0,1.1325,price_proxy,,,,
2021-11-11,0.3883,0.0631,0,1.0791,price_proxy,,,,
2021-11-12,0.4601,0.0675,0,0.9054,price_proxy,,,,
2021-11-15,0.4944,0.08,0,0.8056,price_proxy,,,,
2021-11-16,0.5056,0.079,0,0.6421,price_proxy,,,,
2021-11-17,0.5292,0.0807,0,0.7849,price_proxy,,,,
2021-11-18,0.5651,0.081,0,0.8526,price_proxy,,,,
2021-11-19,0.5,0.0809,0,0.5312,price_proxy,,,,
2021-11-22,0.4551,0.0827,0,0.5528,price_proxy,,,,
2021-11-23,0.4268,0.0813,0,0.6694,price_proxy,,,,
2021-11-24,0.477,0.0815,0,0.7994,price_proxy,,,,
2021-11-25,0.4312,0.0827,0,1.2669,price_proxy,,,,
2021-11-26,0.4477,0.0827,0,0.7807,price_proxy,,,,
2021-11-29,0.3448,0.0913,0,1.0805,price_proxy,,,,
2021-11-30,0.3538,0.0893,0,1.1544,price_proxy,,,,
2021-12-01,0.3779,0.0893,0,1.1233,price_proxy,,,,
2021-12-02,0.5297,0.1121,0,1.5639,price_proxy,,,,
2021-12-03,0.5896,0.1134,0,0.8145,price_proxy,,,,
2021-12-06,0.6371,0.1137,0,0.6523,price_proxy,,,,
2021-12-07,0.7271,0.118,0,0.8694,price_proxy,,,,
2021-12-08,0.6796,0.1128,0,0.8029,price_proxy,,,,
2021-12-09,0.5702,0.1114,0,1.041,price_proxy,,,,
2021-12-10,0.4771,0.1131,0,0.6067,price_proxy,,,,
2021-12-13,0.5292,0.1067,0,0.5799,price_proxy,,,,
2021-12-14,0.551,0.1152,0,1.5109,price_proxy,,,,
2021-12-15,0.5057,0.1164,0,1.6405,price_proxy,,,,
2021-12-16,0.4718,0.1171,0,0.9525,price_proxy,,,,
2021-12-17,0.4769,0.1181,0,0.7471,price_proxy,,,,
2021-12-20,0.4598,0.1174,0,1.0665,price_proxy,,,,
2021-12-21,0.384,0.116,0,0.8823,price_proxy,,,,
2021-12-22,0.4037,0.1168,0,0.9968,price_proxy,,,,
2021-12-23,0.4198,0.1148,0,1.2445,price_proxy,,,,
2021-12-24,0.4649,0.1147,0,1.1897,price_proxy,,,,
2021-12-27,0.5411,0.1103,0,2.7019,price_proxy,,,,
2021-12-28,0.5235,0.1097,0,2.1426,price_proxy,,,,
2021-12-29,0.5774,0.1088,0,1.7156,price_proxy,,,,
2021-12-30,0.5896,0.09,0,2.5275,price_proxy,,,,
2022-01-03,0.6369,0.0907,0,0.8226,price_proxy,,,,
2022-01-04,0.569,0.0875,0,0.9182,price_proxy,,,,
2022-01-05,0.5406,0.086,0,0.6183,price_proxy,,,,
2022-01-06,0.4943,0.0868,0,0.6693,price_proxy,,,,
2022-01-07,0.4429,0.0897,0,0.781,price_proxy,,,,
2022-01-10,0.344,0.0909,0,0.9296,price_proxy,,,,
2022-01-11,0.3444,0.0906,0,0.5322,price_proxy,,,,
2022-01-12,0.4489,0.0869,0,0.399,price_proxy,,,,
2022-01-13,0.4195,0.0874,0,0.7785,price_proxy,,,,
2022-01-14,0.4529,0.0869,0,0.6164,price_proxy,,,,
2022-01-17,0.5785,0.0935,0,6.113,price_proxy,,,,
2022-01-18,0.741,0.1268,0,7.8685,price_proxy,,,,
2022-01-19,0.4708,0.1627,0,1.5749,price_proxy,,,,
2022-01-20,0.512,0.162,0,0.99,price_proxy,,,,
2022-01-21,0.5,0.1625,0,0.6449,price_proxy,,,,
2022-01-24,0.2965,0.1783,0,0.8189,price_proxy,,,,
2022-01-25,0.1022,0.1758,0,0.993,price_proxy,,,,
2022-01-26,0.2337,0.1761,0,0.4987,price_proxy,,,,
2022-01-27,0.1429,0.1825,0,0.6091,price_proxy,,,,
2022-01-28,0.2771,0.2009,0,0.4549,price_proxy,,,,
2022-02-03,0.4482,0.1999,0,0.3787,price_proxy,,,,
2022-02-04,0.5403,0.2005,0,0.2227,price_proxy,,,,
2022-02-07,0.541,0.2001,0,0.2657,price_proxy,,,,
2022-02-08,0.6449,0.2001,0,0.3561,price_proxy,,,,
2022-02-09,0.5814,0.2046,0,0.3116,price_proxy,,,,
2022-02-10,0.5133,0.2034,0,0.2302,price_proxy,,,,
2022-02-11,0.4211,0.2061,0,0.3101,price_proxy,,,,
2022-02-14,0.3997,0.2027,0,0.2537,price_proxy,,,,
2022-02-15,0.4459,0.203,0,0.2503,price_proxy,,,,
2022-02-16,0.4739,0.2123,0,0.2091,price_proxy,,,,
2022-02-17,0.5198,0.2083,0,0.8324,price_proxy,,,,
2022-02-18,0.6849,0.1927,0,0.8809,price_proxy,,,,
2022-02-21,0.7042,0.1689,0,0.505,price_proxy,,,,
2022-02-22,0.5903,0.173,0,0.7,price_proxy,,,,
2022-02-23,0.4868,0.1728,0,0.6057,price_proxy,,,,
2022-02-24,0.402,0.1606,0,1.2063,price_proxy,,,,
2022-02-25,0.406,0.1635,0,0.6559,price_proxy,,,,
2022-02-28,0.4361,0.1623,0,0.7748,price_proxy,,,,
2022-03-02,0.5332,0.1478,0,0.7026,price_proxy,,,,
2022-03-03,0.6063,0.1347,0,0.9645,price_proxy,,,,
2022-03-04,0.6306,0.1361,0,0.8688,price_proxy,,,,
2022-03-07,0.4868,0.1388,0,0.694,price_proxy,,,,
2022-03-08,0.4736,0.1381,0,0.5898,price_proxy,,,,
2022-03-10,0.5131,0.141,0,1.1132,price_proxy,,,,
2022-03-11,0.4621,0.1359,0,0.5964,price_proxy,,,,
2022-03-14,0.4226,0.1427,0,0.7452,price_proxy,,,,
2022-03-15,0.4272,0.1395,0,0.712,price_proxy,,,,
2022-03-16,0.5334,0.1435,0,0.8661,price_proxy,,,,
2022-03-17,0.539,0.1464,0,0.907,price_proxy,,,,
2022-03-18,0.5064,0.1369,0,0.6157,price_proxy,,,,
2022-03-21,0.5537,0.1384,0,0.4693,price_proxy,,,,
2022-03-22,0.6168,0.1304,0,0.7151,price_proxy,,,,
2022-03-23,0.5132,0.1291,0,0.9439,price_proxy,,,,
2022-03-24,0.4363,0.1224,0,0.898,price_proxy,,,,
2022-03-25,0.4295,0.1229,0,0.8089,price_proxy,,,,
2022-03-28,0.3824,0.1266,0,2.3204,price_proxy,,,,
2022-03-29,0.4026,0.1181,0,0.8125,price_proxy,,,,
2022-03-30,0.4346,0.1188,0,0.7784,price_proxy,,,,
2022-03-31,0.4539,0.1183,0,0.6985,price_proxy,,,,
2022-04-01,0.4468,0.1113,0,0.6981,price_proxy,,,,
2022-04-04,0.5347,0.1094,0,1.1546,price_proxy,,,,
2022-04-05,0.5137,0.1066,0,0.694,price_proxy,,,,
2022-04-06,0.4459,0.109,0,1.2336,price_proxy,,,,
2022-04-07,0.3855,0.1063,0,1.3322,price_proxy,,,,
2022-04-08,0.4181,0.1055,0,0.9444,price_proxy,,,,
2022-04-11,0.3635,0.1008,0,1.8593,price_proxy,,,,
2022-04-12,0.3508,0.0986,0,1.1456,price_proxy,,,,
2022-04-13,0.4792,0.0981,0,1.2389,price_proxy,,,,
2022-04-14,0.5929,0.0962,0,1.5253,price_proxy,,,,
2022-04-15,0.5498,0.0972,0,0.8061,price_proxy,,,,
2022-04-18,0.6319,0.0968,0,0.6329,price_proxy,,,,
2022-04-19,0.6978,0.1027,0,1.2144,price_proxy,,,,
2022-04-20,0.5772,0.1034,0,0.5719,price_proxy,,,,
2022-04-21,0.5068,0.1034,0,0.7108,price_proxy,,,,
2022-04-22,0.5208,0.1034,0,0.9024,price_proxy,,,,
2022-04-25,0.445,0.097,0,1.0107,price_proxy,,,,
2022-04-26,0.4333,0.099,0,0.732,price_proxy,,,,
2022-04-27,0.4257,0.0998,0,0.7043,price_proxy,,,,
2022-04-28,0.4456,0.0998,0,0.728,price_proxy,,,,
2022-04-29,0.5344,0.106,0,0.8427,price_proxy,,,,
2022-05-02,0.5424,0.1092,0,0.836,price_proxy,,,,
2022-05-03,0.4931,0.1089,0,0.6682,price_proxy,,,,
2022-05-04,0.514,0.1061,0,0.6626,price_proxy,,,,
2022-05-06,0.451,0.1061,0,0.8805,price_proxy,,,,
2022-05-09,0.3851,0.106,0,1.0496,price_proxy,,,,
2022-05-10,0.4516,0.1017,0,1.0109,price_proxy,,,,
2022-05-11,0.5138,0.1065,0,0.9439,price_proxy,,,,
2022-05-12,0.4652,0.1023,0,1.0246,price_proxy,,,,
2022-05-13,0.6004,0.1065,0,1.2929,price_proxy,,,,
2022-05-16,0.586,0.1051,0,3.0223,price_proxy,,,,
2022-05-17,0.6064,0.1067,0,1.3309,price_proxy,,,,
2022-05-18,0.4931,0.1044,0,1.1388,price_proxy,,,,
2022-05-19,0.5284,0.1045,0,0.9924,price_proxy,,,,
2022-05-20,0.5137,0.1099,0,0.86,price_proxy,,,,
2022-05-23,0.5412,0.1094,0,1.3214,price_proxy,,,,
2022-05-24,0.4125,0.1157,0,1.1355,price_proxy,,,,
2022-05-25,0.5069,0.1157,0,1.1865,price_proxy,,,,
2022-05-26,0.521,0.1143,0,0.7606,price_proxy,,,,
2022-05-27,0.4593,0.1143,0,0.5162,price_proxy,,,,
2022-05-30,0.4731,0.1089,0,0.5605,price_proxy,,,,
2022-05-31,0.5634,0.1057,0,0.6149,price_proxy,,,,
2022-06-02,0.5344,0.1061,0,1.2315,price_proxy,,,,
2022-06-03,0.5208,0.107,0,0.7249,price_proxy,,,,
2022-06-07,0.4516,0.1092,0,0.9874,price_proxy,,,,
2022-06-08,0.4249,0.1092,0,0.572,price_proxy,,,,
2022-06-09,0.4454,0.1092,0,0.9388,price_proxy,,,,
2022-06-10,0.4595,0.1054,0,0.9721,price_proxy,,,,
2022-06-13,0.3904,0.1127,0,0.9564,price_proxy,,,,
2022-06-14,0.5071,0.1079,0,1.3655,price_proxy,,,,
2022-06-15,0.4433,0.1125,0,0.9331,price_proxy,,,,
2022-06-16,0.4088,0.1095,0,0.8327,price_proxy,,,,
2022-06-17,0.4034,0.109,0,1.0116,price_proxy,,,,
2022-06-20,0.4275,0.1142,0,0.9282,price_proxy,,,,
2022-06-21,0.4788,0.1237,0,1.7022,price_proxy,,,,
2022-06-22,0.4489,0.1317,0,1.4063,price_proxy,,,,
2022-06-23,0.4118,0.1268,0,1.3067,price_proxy,,,,
2022-06-24,0.471,0.1344,0,1.1458,price_proxy,,,,
2022-06-27,0.5301,0.1344,0,1.05,price_proxy,,,,
2022-06-28,0.4143,0.1344,0,0.7181,price_proxy,,,,
2022-06-29,0.4925,0.1331,0,0.8912,price_proxy,,,,
2022-06-30,0.5231,0.1332,0,0.567,price_proxy,,,,
2022-07-01,0.4265,0.1321,0,0.5663,price_proxy,,,,
2022-07-04,0.3815,0.1345,0,1.3321,price_proxy,,,,
2022-07-05,0.4851,0.1422,0,1.0393,price_proxy,,,,
2022-07-06,0.4323,0.146,0,1.1611,price_proxy,,,,
2022-07-07,0.4848,0.1467,0,0.4807,price_proxy,,,,
2022-07-08,0.4924,0.1448,0,0.4506,price_proxy,,,,
2022-07-11,0.5472,0.1364,0,0.5502,price_proxy,,,,
2022-07-12,0.3872,0.1367,0,0.8635,price_proxy,,,,
2022-07-13,0.5467,0.1445,0,1.6232,price_proxy,,,,
2022-07-14,0.5077,0.1444,0,0.7113,price_proxy,,,,
2022-07-15,0.5153,0.1434,0,0.8685,price_proxy,,,,
2022-07-18,0.6308,0.1493,0,2.8043,price_proxy,,,,
2022-07-19,0.6992,0.1385,0,0.6361,price_proxy,,,,
2022-07-20,0.5989,0.1286,0,0.7556,price_proxy,,,,
2022-07-21,0.5916,0.1252,0,0.4858,price_proxy,,,,
2022-07-22,0.5608,0.1162,0,0.5688,price_proxy,,,,
2022-07-25,0.4278,0.117,0,1.0541,price_proxy,,,,
2022-07-26,0.4493,0.117,0,1.4354,price_proxy,,,,
2022-07-27,0.442,0.1168,0,0.6429,price_proxy,,,,
2022-07-28,0.4927,0.1175,0,0.6602,price_proxy,,,,
2022-07-29,0.5369,0.1176,0,1.1778,price_proxy,,,,
2022-08-01,0.5524,0.1123,0,0.6666,price_proxy,,,,
2022-08-02,0.4926,0.1045,0,0.7245,price_proxy,,,,
2022-08-03,0.5075,0.0971,0,0.4498,price_proxy,,,,
2022-08-04,0.5073,0.0977,0,0.7288,price_proxy,,,,
2022-08-05,0.5797,0.1085,0,2.3521,price_proxy,,,,
2022-08-08,0.6168,0.1082,0,1.1958,price_proxy,,,,
2022-08-09,0.7388,0.1024,0,2.1956,price_proxy,,,,
2022-08-10,0.6487,0.1038,0,1.3407,price_proxy,,,,
2022-08-11,0.6606,0.1052,0,1.4695,price_proxy,,,,
2022-08-12,0.5627,0.1054,0,0.7836,price_proxy,,,,
2022-08-16,0.4931,0.0959,0,0.9792,price_proxy,,,,
2022-08-17,0.3933,0.098,0,0.7849,price_proxy,,,,
2022-08-18,0.4792,0.0981,0,0.5918,price_proxy,,,,
2022-08-19,0.3986,0.0998,0,0.5681,price_proxy,,,,
2022-08-22,0.3446,0.1041,0,0.92,price_proxy,,,,
2022-08-23,0.3685,0.1035,0,0.6462,price_proxy,,,,
2022-08-24,0.4085,0.1033,0,0.6043,price_proxy,,,,
2022-08-25,0.4371,0.1056,0,0.6005,price_proxy,,,,
2022-08-26,0.4075,0.1098,0,0.7637,price_proxy,,,,
2022-08-29,0.4048,0.1132,0,1.1746,price_proxy,,,,
2022-08-30,0.4852,0.1184,0,0.6895,price_proxy,,,,
2022-08-31,0.5074,0.1171,0,0.5415,price_proxy,,,,
2022-09-01,0.3773,0.1264,0,0.8349,price_proxy,,,,
2022-09-02,0.4627,0.1253,0,0.5806,price_proxy,,,,
2022-09-05,0.5154,0.1127,0,0.5183,price_proxy,,,,
2022-09-06,0.4552,0.1116,0,0.5387,price_proxy,,,,
2022-09-07,0.4118,0.1026,0,0.9619,price_proxy,,,,
2022-09-08,0.4923,0.0971,0,2.3305,price_proxy,,,,
2022-09-13,0.5076,0.0955,0,1.1354,price_proxy,,,,
2022-09-14,0.4695,0.0969,0,1.1468,price_proxy,,,,
2022-09-15,0.4466,0.0953,0,0.6026,price_proxy,,,,
2022-09-16,0.4538,0.0945,0,1.0986,price_proxy,,,,
2022-09-19,0.4768,0.0946,0,0.7143,price_proxy,,,,
2022-09-20,0.4545,0.0945,0,0.7795,price_proxy,,,,
2022-09-21,0.4457,0.0941,0,0.9006,price_proxy,,,,
2022-09-22,0.4059,0.0985,0,1.5484,price_proxy,,,,
2022-09-23,0.3819,0.0987,0,1.1205,price_proxy,,,,
2022-09-26,0.3438,0.0937,0,1.2228,price_proxy,,,,
2022-09-27,0.3527,0.0918,0,1.112,price_proxy,,,,
2022-09-28,0.4124,0.0882,0,1.7168,price_proxy,,,,
2022-09-29,0.4506,0.0796,0,3.1616,price_proxy,,,,
2022-09-30,0.5,0.0779,0,1.051,price_proxy,,,,
2022-10-04,0.6525,0.0967,0,1.0109,price_proxy,,,,
2022-10-05,0.5084,0.1112,0,1.0681,price_proxy,,,,
2022-10-06,0.675,0.1478,0,2.0356,price_proxy,,,,
2022-10-07,0.6013,0.1557,0,0.7659,price_proxy,,,,
2022-10-11,0.4582,0.1675,0,1.0037,price_proxy,,,,
2022-10-12,0.4213,0.1749,0,0.5838,price_proxy,,,,
2022-10-13,0.475,0.1753,0,1.1574,price_proxy,,,,
2022-10-14,0.4004,0.1821,0,0.8719,price_proxy,,,,
2022-10-17,0.4518,0.1829,0,0.9462,price_proxy,,,,
2022-10-18,0.6368,0.1857,0,0.473,price_proxy,,,,
2022-10-19,0.4918,0.1878,0,0.6549,price_proxy,,,,
2022-10-20,0.5338,0.1876,0,0.6241,price_proxy,,,,
2022-10-21,0.4113,0.1863,0,0.4877,price_proxy,,,,
2022-10-24,0.5165,0.1869,0,0.7533,price_proxy,,,,
2022-10-25,0.476,0.1859,0,0.6032,price_proxy,,,,
2022-10-26,0.5412,0.1852,0,0.4553,price_proxy,,,,
2022-10-27,0.5913,0.1854,0,0.4278,price_proxy,,,,
2022-10-28,0.5675,0.1883,0,0.4438,price_proxy,,,,
2022-10-31,0.5245,0.188,0,0.3667,price_proxy,,,,
2022-11-01,0.4919,0.1882,0,0.5996,price_proxy,,,,
2022-11-02,0.4839,0.1756,0,0.7039,price_proxy,,,,
2022-11-03,0.4206,0.166,0,0.7722,price_proxy,,,,
2022-11-04,0.451,0.1354,0,1.2355,price_proxy,,,,
2022-11-07,0.4677,0.1293,0,0.8013,price_proxy,,,,
2022-11-08,0.5488,0.1154,0,1.791,price_proxy,,,,
2022-11-09,0.5244,0.108,0,1.0635,price_proxy,,,,
2022-11-10,0.5,0.1078,0,0.9846,price_proxy,,,,
2022-11-11,0.6423,0.114,0,2.3538,price_proxy,,,,
2022-11-14,0.5656,0.113,0,1.2908,price_proxy,,,,
2022-11-15,0.5952,0.1199,0,1.8083,price_proxy,,,,
2022-11-16,0.6205,0.1149,0,1.0518,price_proxy,,,,
2022-11-17,0.6488,0.116,0,0.951,price_proxy,,,,
2022-11-18,0.5703,0.1146,0,1.2002,price_proxy,,,,
2022-11-21,0.5079,0.1223,0,1.2541,price_proxy,,,,
2022-11-22,0.3939,0.1229,0,0.9932,price_proxy,,,,
2022-11-23,0.447,0.1262,0,0.8999,price_proxy,,,,
2022-11-24,0.5077,0.1261,0,0.778,price_proxy,,,,
2022-11-25,0.4472,0.1227,0,0.4965,price_proxy,,,,
2022-11-28,0.4684,0.1285,0,1.1476,price_proxy,,,,
2022-11-29,0.572,0.1347,0,0.9492,price_proxy,,,,
2022-11-30,0.4922,0.1356,0,0.6141,price_proxy,,,,
2022-12-01,0.5613,0.1431,0,2.7935,price_proxy,,,,
2022-12-02,0.4922,0.1517,0,1.536,price_proxy,,,,
2022-12-05,0.5964,0.1511,0,0.5949,price_proxy,,,,
2022-12-06,0.4537,0.1517,0,0.5628,price_proxy,,,,
2022-12-07,0.4688,0.1512,0,0.697,price_proxy,,,,
2022-12-08,0.3736,0.1477,0,1.6038,price_proxy,,,,
2022-12-09,0.5156,0.1374,0,0.804,price_proxy,,,,
2022-12-12,0.454,0.1374,0,0.6051,price_proxy,,,,
2022-12-13,0.5079,0.1271,0,0.7876,price_proxy,,,,
2022-12-14,0.5397,0.1279,0,0.6707,price_proxy,,,,
2022-12-15,0.5079,0.128,0,0.7949,price_proxy,,,,
2022-12-16,0.4459,0.126,0,2.5767,price_proxy,,,,
2022-12-19,0.4608,0.1168,0,0.5351,price_proxy,,,,
2022-12-20,0.437,0.1173,0,0.8872,price_proxy,,,,
2022-12-21,0.4222,0.1131,0,0.5791,price_proxy,,,,
2022-12-22,0.4526,0.1115,0,1.7912,price_proxy,,,,
2022-12-23,0.3651,0.1215,0,3.5036,price_proxy,,,,
2022-12-26,0.436,0.1216,0,1.3196,price_proxy,,,,
2022-12-27,0.4593,0.1126,0,1.5158,price_proxy,,,,
2022-12-28,0.3947,0.1156,0,2.5669,price_proxy,,,,
2022-12-29,0.419,0.1002,0,1.5083,price_proxy,,,,
2023-01-02,0.466,0.0932,0,0.895,price_proxy,,,,
2023-01-03,0.4256,0.0917,0,0.912,price_proxy,,,,
2023-01-04,0.417,0.0874,0,0.6505,price_proxy,,,,
2023-01-05,0.4316,0.0893,0,0.7613,price_proxy,,,,
2023-01-06,0.4747,0.0991,0,0.6903,price_proxy,,,,
2023-01-09,0.5606,0.0957,0,0.4745,price_proxy,,,,
2023-01-10,0.5429,0.0949,0,0.9696,price_proxy,,,,
2023-01-11,0.6212,0.101,0,0.8534,price_proxy,,,,
2023-01-12,0.6858,0.1005,0,0.5657,price_proxy,,,,
2023-01-13,0.6282,0.0998,0,0.4076,price_proxy,,,,
2023-01-16,0.6176,0.1006,0,0.3963,price_proxy,,,,
2023-01-17,0.6008,0.1006,0,0.7039,price_proxy,,,,
2023-01-18,0.5653,0.0997,0,0.8141,price_proxy,,,,
2023-01-19,0.581,0.1008,0,0.6677,price_proxy,,,,
2023-01-20,0.5803,0.1009,0,0.4676,price_proxy,,,,
2023-01-25,0.6143,0.0868,0,1.5811,price_proxy,,,,
2023-01-26,0.8056,0.116,0,2.4765,price_proxy,,,,
2023-01-27,0.7751,0.1157,0,1.1535,price_proxy,,,,
2023-01-30,0.7444,0.1079,0,0.9817,price_proxy,,,,
2023-01-31,0.7656,0.1081,0,1.384,price_proxy,,,,
2023-02-01,0.7417,0.1004,0,1.3969,price_proxy,,,,
2023-02-02,0.6013,0.1003,0,1.0635,price_proxy,,,,
2023-02-03,0.6987,0.1024,0,2.1772,price_proxy,,,,
2023-02-06,0.5804,0.1192,0,2.0528,price_proxy,,,,
2023-02-07,0.6541,0.1243,0,1.1425,price_proxy,,,,
2023-02-08,0.6688,0.1247,0,1.0922,price_proxy,,,,
2023-02-09,0.6731,0.1234,0,1.4283,price_proxy,,,,
2023-02-10,0.567,0.1248,0,0.8958,price_proxy,,,,
2023-02-13,0.668,0.1265,0,0.7102,price_proxy,,,,
2023-02-14,0.5329,0.1295,0,1.2539,price_proxy,,,,
2023-02-15,0.4518,0.1332,0,1.3499,price_proxy,,,,
2023-02-16,0.4818,0.1329,0,0.7822,price_proxy,,,,
2023-02-17,0.445,0.139,0,0.4914,price_proxy,,,,
2023-02-20,0.4865,0.139,0,0.6289,price_proxy,,,,
2023-02-21,0.4888,0.1411,0,0.5134,price_proxy,,,,
2023-02-22,0.462,0.1458,0,0.8443,price_proxy,,,,
2023-02-23,0.4902,0.1284,0,0.9943,price_proxy,,,,
2023-02-24,0.4673,0.1358,0,0.8538,price_proxy,,,,
2023-02-27,0.3997,0.1381,0,0.6352,price_proxy,,,,
2023-02-28,0.4712,0.1394,0,0.8269,price_proxy,,,,
2023-03-02,0.4535,0.1454,0,0.7988,price_proxy,,,,
2023-03-03,0.3619,0.1447,0,1.0637,price_proxy,,,,
2023-03-06,0.4271,0.1358,0,0.6903,price_proxy,,,,
2023-03-07,0.4857,0.1244,0,0.8539,price_proxy,,,,
2023-03-08,0.439,0.1099,0,1.2346,price_proxy,,,,
2023-03-09,0.5277,0.1064,0,1.2506,price_proxy,,,,
2023-03-10,0.4801,0.1071,0,1.2105,price_proxy,,,,
2023-03-13,0.5066,0.1084,0,0.7389,price_proxy,,,,
2023-03-14,0.4015,0.1159,0,1.0942,price_proxy,,,,
2023-03-15,0.3336,0.1196,0,1.1552,price_proxy,,,,
2023-03-16,0.341,0.1203,0,1.2041,price_proxy,,,,
2023-03-17,0.4385,0.1183,0,0.7722,price_proxy,,,,
2023-03-20,0.418,0.1165,0,0.6664,price_proxy,,,,
2023-03-21,0.4627,0.1154,0,0.7031,price_proxy,,,,
2023-03-22,0.4743,0.1176,0,1.0045,price_proxy,,,,
2023-03-23,0.4406,0.1149,0,0.9815,price_proxy,,,,
2023-03-24,0.4075,0.1006,0,1.2012,price_proxy,,,,
2023-03-27,0.4324,0.0979,0,0.8208,price_proxy,,,,
2023-03-28,0.4564,0.0967,0,0.5654,price_proxy,,,,
2023-03-29,0.5348,0.0922,0,0.9705,price_proxy,,,,
2023-03-30,0.5671,0.0857,0,0.7381,price_proxy,,,,
2023-03-31,0.555,0.0859,0,0.6465,price_proxy,,,,
2023-04-03,0.4557,0.0925,0,0.997,price_proxy,,,,
2023-04-04,0.5331,0.0989,0,2.06,price_proxy,,,,
2023-04-05,0.5085,0.0988,0,1.1588,price_proxy,,,,
2023-04-06,0.3913,0.1097,0,1.4289,price_proxy,,,,
2023-04-07,0.4817,0.1225,0,1.8697,price_proxy,,,,
2023-04-10,0.5248,0.1221,0,1.775,price_proxy,,,,
2023-04-11,0.4632,0.1143,0,0.8657,price_proxy,,,,
2023-04-12,0.4688,0.1086,0,0.6051,price_proxy,,,,
2023-04-13,0.7239,0.1331,0,1.7648,price_proxy,,,,
2023-04-14,0.5768,0.1327,0,0.8198,price_proxy,,,,
2023-04-17,0.5591,0.135,0,0.6096,price_proxy,,,,
2023-04-18,0.5663,0.1332,0,0.8845,price_proxy,,,,
2023-04-19,0.5389,0.1301,0,0.6865,price_proxy,,,,
2023-04-20,0.3523,0.133,0,0.577,price_proxy,,,,
2023-04-21,0.3727,0.1331,0,0.6191,price_proxy,,,,
2023-04-24,0.416,0.1322,0,0.8527,price_proxy,,,,
2023-04-25,0.4093,0.1319,0,0.6979,price_proxy,,,,
2023-04-26,0.4421,0.1315,0,0.5595,price_proxy,,,,
2023-04-27,0.4957,0.1311,0,0.498,price_proxy,,,,
2023-04-28,0.5322,0.1316,0,0.8429,price_proxy,,,,
2023-05-02,0.5278,0.1259,0,0.5767,price_proxy,,,,
2023-05-03,0.5058,0.1217,0,1.8814,price_proxy,,,,
2023-05-04,0.5393,0.1241,0,0.6331,price_proxy,,,,
2023-05-08,0.5842,0.1128,0,0.9381,price_proxy,,,,
2023-05-09,0.5345,0.1017,0,0.4429,price_proxy,,,,
2023-05-10,0.5548,0.1006,0,0.3898,price_proxy,,,,
2023-05-11,0.5685,0.1008,0,0.6893,price_proxy,,,,
2023-05-12,0.4929,0.1024,0,0.7674,price_proxy,,,,
2023-05-15,0.4526,0.0634,0,0.5486,price_proxy,,,,
2023-05-16,0.459,0.0615,0,0.4724,price_proxy,,,,
2023-05-17,0.514,0.0698,0,1.1349,price_proxy,,,,
2023-05-18,0.5268,0.0698,0,0.6674,price_proxy,,,,
2023-05-19,0.5873,0.0698,0,1.3872,price_proxy,,,,
2023-05-22,0.6099,0.064,0,0.8597,price_proxy,,,,
2023-05-23,0.6314,0.0628,0,1.2132,price_proxy,,,,
2023-05-24,0.5376,0.0643,0,0.7263,price_proxy,,,,
2023-05-25,0.5209,0.065,0,0.6263,price_proxy,,,,
2023-05-26,0.5713,0.0755,0,10.0,price_proxy,,,,
2023-05-30,0.5744,0.0762,0,1.8876,price_proxy,,,,
2023-05-31,0.6341,0.0796,0,1.2707,price_proxy,,,,
2023-06-01,0.6259,0.0818,0,0.6822,price_proxy,,,,
2023-06-02,0.6624,0.0798,0,0.5678,price_proxy,,,,
2023-06-05,0.5702,0.079,0,0.3876,price_proxy,,,,
2023-06-07,0.5183,0.078,0,0.4565,price_proxy,,,,
2023-06-08,0.5025,0.0768,0,0.5838,price_proxy,,,,
2023-06-09,0.5245,0.0772,0,0.3655,price_proxy,,,,
2023-06-12,0.4389,0.0861,0,0.4048,price_proxy,,,,
2023-06-13,0.4463,0.0837,0,0.2908,price_proxy,,,,
2023-06-14,0.4392,0.0859,0,0.6637,price_proxy,,,,
2023-06-15,0.3782,0.0861,0,0.5137,price_proxy,,,,
2023-06-16,0.3792,0.0782,0,0.2061,price_proxy,,,,
2023-06-19,0.4251,0.0789,0,0.3955,price_proxy,,,,
2023-06-20,0.3803,0.082,0,0.3529,price_proxy,,,,
2023-06-21,0.4053,0.0803,0,0.6745,price_proxy,,,,
2023-06-22,0.3906,0.0828,0,0.3616,price_proxy,,,,
2023-06-23,0.389,0.0824,0,0.5923,price_proxy,,,,
2023-06-26,0.4372,0.0847,0,0.3145,price_proxy,,,,
2023-06-27,0.493,0.0722,0,0.5857,price_proxy,,,,
2023-06-28,0.4762,0.0696,0,0.5517,price_proxy,,,,
2023-06-29,0.4957,0.0603,0,0.4337,price_proxy,,,,
2023-06-30,0.5215,0.062,0,0.9333,price_proxy,,,,
2023-07-03,0.4972,0.0605,0,0.8723,price_proxy,,,,
2023-07-04,0.4368,0.0648,0,1.2395,price_proxy,,,,
2023-07-05,0.4433,0.0646,0,0.6633,price_proxy,,,,
2023-07-06,0.3969,0.0648,0,1.5467,price_proxy,,,,
2023-07-07,0.3583,0.0645,0,1.2026,price_proxy,,,,
2023-07-10,0.3829,0.0654,0,1.8223,price_proxy,,,,
2023-07-11,0.4522,0.0672,0,0.935,price_proxy,,,,
2023-07-12,0.4475,0.0667,0,0.6073,price_proxy,,,,
2023-07-13,0.5121,0.0663,0,0.5543,price_proxy,,,,
2023-07-14,0.5107,0.0665,0,1.264,price_proxy,,,,
2023-07-17,0.4416,0.0675,0,0.7083,price_proxy,,,,
2023-07-18,0.4169,0.0643,0,1.8409,price_proxy,,,,
2023-07-19,0.4985,0.0765,0,1.4216,price_proxy,,,,
2023-07-20,0.443,0.0797,0,1.0938,price_proxy,,,,
2023-07-21,0.4879,0.0813,0,1.0822,price_proxy,,,,
2023-07-24,0.4707,0.0812,0,1.1454,price_proxy,,,,
2023-07-25,0.4597,0.0808,0,1.7248,price_proxy,,,,
2023-07-26,0.3697,0.0811,0,3.2372,price_proxy,,,,
2023-07-27,0.4212,0.081,0,1.6336,price_proxy,,,,
2023-07-28,0.4634,0.0899,0,1.5049,price_proxy,,,,
2023-07-31,0.5423,0.0915,0,0.7328,price_proxy,,,,
2023-08-01,0.5316,0.0887,0,0.8196,price_proxy,,,,
2023-08-02,0.5353,0.0891,0,0.8452,price_proxy,,,,
2023-08-03,0.5804,0.0853,0,0.6246,price_proxy,,,,
2023-08-04,0.4705,0.0873,0,0.4053,price_proxy,,,,
2023-08-07,0.408,0.0861,0,0.5236,price_proxy,,,,
2023-08-08,0.4268,0.085,0,0.5286,price_proxy,,,,
2023-08-09,0.4969,0.0899,0,0.4189,price_proxy,,,,
2023-08-10,0.4799,0.0909,0,0.5537,price_proxy,,,,
2023-08-11,0.5237,0.0903,0,0.8564,price_proxy,,,,
2023-08-14,0.5482,0.0889,0,0.7351,price_proxy,,,,
2023-08-16,0.6034,0.092,0,1.3855,price_proxy,,,,
2023-08-17,0.5536,0.084,0,0.8622,price_proxy,,,,
2023-08-18,0.5453,0.0779,0,0.6377,price_proxy,,,,
2023-08-21,0.6076,0.0837,0,1.3723,price_proxy,,,,
2023-08-22,0.5612,0.0849,0,0.8622,price_proxy,,,,
2023-08-23,0.5246,0.084,0,0.616,price_proxy,,,,
2023-08-24,0.5061,0.0832,0,0.8115,price_proxy,,,,
2023-08-25,0.5092,0.0831,0,0.784,price_proxy,,,,
2023-08-28,0.46,0.0758,0,0.4781,price_proxy,,,,
2023-08-29,0.5685,0.079,0,1.312,price_proxy,,,,
2023-08-30,0.5577,0.0769,0,0.8504,price_proxy,,,,
2023-08-31,0.5291,0.0803,0,1.2039,price_proxy,,,,
2023-09-01,0.5274,0.0783,0,1.1157,price_proxy,,,,
2023-09-04,0.5408,0.0749,0,0.876,price_proxy,,,,
2023-09-05,0.4867,0.0712,0,0.7398,price_proxy,,,,
2023-09-06,0.4735,0.0718,0,0.6841,price_proxy,,,,
2023-09-07,0.5091,0.0687,0,0.6736,price_proxy,,,,
2023-09-08,0.5135,0.0686,0,0.8534,price_proxy,,,,
2023-09-11,0.4704,0.0696,0,0.9937,price_proxy,,,,
2023-09-12,0.4703,0.0691,0,0.8297,price_proxy,,,,
2023-09-13,0.4806,0.0657,0,1.3501,price_proxy,,,,
2023-09-14,0.476,0.0663,0,1.9817,price_proxy,,,,
2023-09-15,0.4241,0.0687,0,1.5681,price_proxy,,,,
2023-09-18,0.4144,0.06,0,0.9947,price_proxy,,,,
2023-09-19,0.3751,0.0572,0,0.9229,price_proxy,,,,
2023-09-20,0.3853,0.057,0,0.6919,price_proxy,,,,
2023-09-21,0.3631,0.0594,0,1.174,price_proxy,,,,
2023-09-22,0.4195,0.0605,0,0.6712,price_proxy,,,,
2023-09-25,0.3964,0.0643,0,0.8236,price_proxy,,,,
2023-09-26,0.4406,0.0552,0,0.6112,price_proxy,,,,
2023-09-27,0.4504,0.0568,0,0.5833,price_proxy,,,,
2023-10-04,0.5033,0.0548,0,0.8369,price_proxy,,,,
2023-10-05,0.4742,0.0535,0,0.9351,price_proxy,,,,
2023-10-06,0.5596,0.055,0,0.7921,price_proxy,,,,
2023-10-10,0.5711,0.0561,0,1.2116,price_proxy,,,,
2023-10-11,0.5624,0.0563,0,0.7443,price_proxy,,,,
2023-10-12,0.5505,0.0564,0,0.5692,price_proxy,,,,
2023-10-13,0.5523,0.0549,0,0.6798,price_proxy,,,,
2023-10-16,0.5177,0.0546,0,0.8047,price_proxy,,,,
2023-10-17,0.4776,0.0557,0,0.6394,price_proxy,,,,
2023-10-18,0.4475,0.0565,0,0.8754,price_proxy,,,,
2023-10-19,0.4157,0.0575,0,1.1734,price_proxy,,,,
2023-10-20,0.4347,0.057,0,1.3564,price_proxy,,,,
2023-10-23,0.4729,0.0601,0,0.8964,price_proxy,,,,
2023-10-24,0.6922,0.1163,0,3.4688,price_proxy,,,,
2023-10-25,0.7159,0.1165,0,1.291,price_proxy,,,,
2023-10-26,0.8187,0.1166,0,1.8746,price_proxy,,,,
2023-10-27,0.821,0.1165,0,1.8399,price_proxy,,,,
2023-10-30,0.7859,0.1108,0,2.1392,price_proxy,,,,
2023-10-31,0.5914,0.1107,0,0.7069,price_proxy,,,,
2023-11-01,0.6269,0.111,0,0.9085,price_proxy,,,,
2023-11-02,0.5616,0.1114,0,0.8852,price_proxy,,,,
2023-11-03,0.5837,0.1114,0,0.9901,price_proxy,,,,
2023-11-06,0.5975,0.1111,0,1.5136,price_proxy,,,,
2023-11-07,0.5254,0.1193,0,0.813,price_proxy,,,,
2023-11-08,0.4764,0.1205,0,0.5174,price_proxy,,,,
2023-11-09,0.5194,0.1213,0,0.4487,price_proxy,,,,
2023-11-10,0.4564,0.1226,0,0.412,price_proxy,,,,
2023-11-13,0.4286,0.123,0,0.5024,price_proxy,,,,
2023-11-14,0.4875,0.1213,0,0.3094,price_proxy,,,,
2023-11-15,0.4719,0.1223,0,0.6155,price_proxy,,,,
2023-11-16,0.4271,0.1203,0,0.3869,price_proxy,,,,
2023-11-17,0.4415,0.121,0,0.4274,price_proxy,,,,
2023-11-20,0.5266,0.1252,0,0.9392,price_proxy,,,,
2023-11-21,0.5896,0.0823,0,1.1019,price_proxy,,,,
2023-11-22,0.5527,0.0921,0,0.8321,price_proxy,,,,
2023-11-23,0.5614,0.0867,0,0.2746,price_proxy,,,,
2023-11-24,0.5688,0.0863,0,0.4668,price_proxy,,,,
2023-11-27,0.471,0.0871,0,0.5777,price_proxy,,,,
2023-11-28,0.37,0.0908,0,0.5714,price_proxy,,,,
2023-11-29,0.3973,0.0911,0,1.2244,price_proxy,,,,
2023-11-30,0.3476,0.0939,0,1.5454,price_proxy,,,,
2023-12-01,0.3475,0.0902,0,0.7254,price_proxy,,,,
2023-12-04,0.3544,0.0887,0,0.8348,price_proxy,,,,
2023-12-05,0.4168,0.0849,0,0.7886,price_proxy,,,,
2023-12-06,0.4342,0.0851,0,0.7591,price_proxy,,,,
2023-12-07,0.4535,0.0811,0,0.5862,price_proxy,,,,
2023-12-08,0.4535,0.0809,0,0.8146,price_proxy,,,,
2023-12-11,0.4562,0.0809,0,0.5514,price_proxy,,,,
2023-12-12,0.3983,0.0826,0,1.387,price_proxy,,,,
2023-12-13,0.3759,0.0838,0,1.0614,price_proxy,,,,
2023-12-14,0.411,0.0844,0,2.5879,price_proxy,,,,
2023-12-15,0.3894,0.0847,0,1.3113,price_proxy,,,,
2023-12-18,0.4336,0.0736,0,1.1172,price_proxy,,,,
2023-12-19,0.5047,0.0667,0,0.7763,price_proxy,,,,
2023-12-20,0.5323,0.0599,0,0.8242,price_proxy,,,,
2023-12-21,0.508,0.0592,0,9.8624,price_proxy,,,,
2023-12-22,0.5244,0.0588,0,1.3164,price_proxy,,,,
2023-12-26,0.5176,0.0634,0,0.7234,price_proxy,,,,
2023-12-27,0.5094,0.0626,0,0.8926,price_proxy,,,,
2023-12-28,0.6079,0.0752,0,0.8908,price_proxy,,,,
2024-01-02,0.7288,0.0878,0,1.2,price_proxy,,,,
2024-01-03,0.8116,0.0935,0,1.3725,price_proxy,,,,
2024-01-04,0.7009,0.1012,0,0.8726,price_proxy,,,,
2024-01-05,0.6346,0.1035,0,2.7753,price_proxy,,,,
2024-01-08,0.5331,0.1034,0,0.6826,price_proxy,,,,
2024-01-09,0.4799,0.104,0,0.4885,price_proxy,,,,
2024-01-10,0.4458,0.1046,0,0.4524,price_proxy,,,,
2024-01-11,0.5546,0.1057,0,0.5586,price_proxy,,,,
2024-01-12,0.5528,0.1055,0,0.5588,price_proxy,,,,
2024-01-15,0.5296,0.1051,0,0.3777,price_proxy,,,,
2024-01-16,0.4782,0.1056,0,0.3158,price_proxy,,,,
2024-01-17,0.4429,0.1043,0,0.286,price_proxy,,,,
2024-01-18,0.3558,0.1078,0,0.4014,price_proxy,,,,
2024-01-19,0.4143,0.1073,0,0.3002,price_proxy,,,,
2024-01-22,0.4504,0.1067,0,0.5799,price_proxy,,,,
2024-01-23,0.4619,0.106,0,0.3094,price_proxy,,,,
2024-01-24,0.4574,0.1061,0,0.2813,price_proxy,,,,
2024-01-25,0.4985,0.1056,0,0.3984,price_proxy,,,,
2024-01-26,0.491,0.1053,0,0.5159,price_proxy,,,,
2024-01-29,0.4731,0.0979,0,0.3667,price_proxy,,,,
2024-01-30,0.4477,0.0816,0,0.5642,price_proxy,,,,
2024-01-31,0.4113,0.0735,0,1.0479,price_proxy,,,,
2024-02-01,0.42,0.0671,0,1.1399,price_proxy,,,,
2024-02-02,0.44,0.0686,0,1.7928,price_proxy,,,,
2024-02-05,0.4423,0.0687,0,0.8819,price_proxy,,,,
2024-02-06,0.4309,0.0648,0,1.0756,price_proxy,,,,
2024-02-07,0.445,0.0621,0,0.9961,price_proxy,,,,
2024-02-08,0.3899,0.0587,0,4.602,price_proxy,,,,
2024-02-13,0.3887,0.0629,0,3.1659,price_proxy,,,,
2024-02-14,0.4078,0.0609,0,1.4168,price_proxy,,,,
2024-02-15,0.4777,0.0663,0,1.0754,price_proxy,,,,
2024-02-16,0.542,0.0695,0,0.8725,price_proxy,,,,
2024-02-19,0.6131,0.0658,0,0.8295,price_proxy,,,,
2024-02-20,0.5524,0.0651,0,0.6603,price_proxy,,,,
2024-02-21,0.5655,0.0658,0,1.16,price_proxy,,,,
2024-02-22,0.5113,0.0658,0,0.5667,price_proxy,,,,
2024-02-23,0.5016,0.0673,0,1.5693,price_proxy,,,,
2024-02-26,0.4291,0.0738,0,0.6807,price_proxy,,,,
2024-02-27,0.449,0.0728,0,0.4557,price_proxy,,,,
2024-02-28,0.4508,0.0732,0,0.5352,price_proxy,,,,
2024-02-29,0.4584,0.0726,0,0.7162,price_proxy,,,,
2024-03-04,0.3987,0.0716,0,0.7559,price_proxy,,,,
2024-03-05,0.4902,0.0742,0,0.8028,price_proxy,,,,
2024-03-06,0.536,0.0753,0,0.7784,price_proxy,,,,
2024-03-07,0.5163,0.0746,0,0.5087,price_proxy,,,,
2024-03-08,0.4755,0.0767,0,0.4887,price_proxy,,,,
2024-03-11,0.54,0.0761,0,0.42,price_proxy,,,,
2024-03-12,0.4951,0.0699,0,0.381,price_proxy,,,,
2024-03-13,0.5016,0.0722,0,1.1752,price_proxy,,,,
2024-03-14,0.479,0.0741,0,0.9328,price_proxy,,,,
2024-03-15,0.4504,0.0816,0,1.574,price_proxy,,,,
2024-03-18,0.3938,0.0806,0,1.0928,price_proxy,,,,
2024-03-19,0.4128,0.0803,0,1.0237,price_proxy,,,,
2024-03-20,0.4438,0.0926,0,1.0109,price_proxy,,,,
2024-03-21,0.4527,0.0926,0,0.9417,price_proxy,,,,
2024-03-22,0.5407,0.0927,0,0.5574,price_proxy,,,,
2024-03-25,0.5777,0.0917,0,0.6858,price_proxy,,,,
2024-03-26,0.5482,0.0866,0,1.2131,price_proxy,,,,
2024-03-27,0.4488,0.0871,0,0.6244,price_proxy,,,,
2024-03-28,0.4633,0.0867,0,0.9847,price_proxy,,,,
2024-03-29,0.4568,0.0867,0,1.6655,price_proxy,,,,
2024-04-01,0.4568,0.0842,0,0.7169,price_proxy,,,,
2024-04-02,0.4782,0.0822,0,0.658,price_proxy,,,,
2024-04-03,0.4966,0.0784,0,0.8834,price_proxy,,,,
2024-04-04,0.4575,0.0811,0,2.0754,price_proxy,,,,
2024-04-05,0.466,0.0783,0,0.8636,price_proxy,,,,
2024-04-08,0.4219,0.0796,0,0.9204,price_proxy,,,,
2024-04-09,0.4321,0.0801,0,1.2106,price_proxy,,,,
2024-04-11,0.4303,0.0742,0,0.423,price_proxy,,,,
2024-04-12,0.4878,0.0743,0,0.8457,price_proxy,,,,
2024-04-15,0.4413,0.0655,0,0.9037,price_proxy,,,,
2024-04-16,0.4452,0.0663,0,1.0377,price_proxy,,,,
2024-04-17,0.4402,0.0662,0,0.6424,price_proxy,,,,
2024-04-18,0.4577,0.0474,0,0.4177,price_proxy,,,,
2024-04-19,0.4231,0.0475,0,0.968,price_proxy,,,,
2024-04-22,0.4715,0.0481,0,0.8225,price_proxy,,,,
2024-04-23,0.5054,0.0479,0,0.4503,price_proxy,,,,
2024-04-24,0.5072,0.048,0,0.6534,price_proxy,,,,
2024-04-25,0.4892,0.0475,0,0.6985,price_proxy,,,,
2024-04-26,0.5364,0.0504,0,0.5027,price_proxy,,,,
2024-04-29,0.6083,0.0696,0,1.0263,price_proxy,,,,
2024-04-30,0.6431,0.071,0,0.732,price_proxy,,,,
2024-05-02,0.6661,0.0725,0,1.2878,price_proxy,,,,
2024-05-03,0.6899,0.073,0,0.518,price_proxy,,,,
2024-05-07,0.6482,0.0688,0,1.1469,price_proxy,,,,
2024-05-08,0.5548,0.0688,0,0.7442,price_proxy,,,,
2024-05-09,0.5118,0.0644,0,1.1526,price_proxy,,,,
2024-05-10,0.435,0.0703,0,0.7908,price_proxy,,,,
2024-05-13,0.4323,0.0706,0,0.5873,price_proxy,,,,
2024-05-14,0.4501,0.0703,0,0.8093,price_proxy,,,,
2024-05-16,0.445,0.0676,0,1.1306,price_proxy,,,,
2024-05-17,0.4647,0.0628,0,2.0938,price_proxy,,,,
2024-05-20,0.4294,0.0789,0,2.8149,price_proxy,,,,
2024-05-21,0.4316,0.0791,0,1.5325,price_proxy,,,,
2024-05-22,0.4267,0.078,0,0.8867,price_proxy,,,,
2024-05-23,0.4572,0.0784,0,0.931,price_proxy,,,,
2024-05-24,0.4042,0.0833,0,1.1757,price_proxy,,,,
2024-05-27,0.4786,0.0834,0,1.5566,price_proxy,,,,
2024-05-28,0.4628,0.0834,0,2.5718,price_proxy,,,,
2024-05-29,0.4398,0.0831,0,1.2037,price_proxy,,,,
2024-05-30,0.5263,0.0918,0,1.6308,price_proxy,,,,
2024-05-31,0.4695,0.1059,0,4.8209,price_proxy,,,,
2024-06-03,0.509,0.1061,0,2.2432,price_proxy,,,,
2024-06-04,0.61,0.1205,0,1.9176,price_proxy,,,,
2024-06-05,0.6223,0.1205,0,1.8231,price_proxy,,,,
2024-06-07,0.4758,0.1216,0,1.0909,price_proxy,,,,
2024-06-10,0.5073,0.1272,0,0.6925,price_proxy,,,,
2024-06-11,0.4641,0.1252,0,0.8562,price_proxy,,,,
2024-06-12,0.3701,0.1247,0,0.6394,price_proxy,,,,
2024-06-13,0.3624,0.1248,0,1.8841,price_proxy,,,,
2024-06-14,0.3425,0.1273,0,0.6844,price_proxy,,,,
2024-06-17,0.3982,0.1272,0,0.5585,price_proxy,,,,
2024-06-18,0.414,0.1206,0,0.7694,price_proxy,,,,
2024-06-19,0.4342,0.1209,0,0.6663,price_proxy,,,,
2024-06-20,0.4335,0.1211,0,0.4948,price_proxy,,,,
2024-06-21,0.4753,0.1201,0,0.5139,price_proxy,,,,
2024-06-24,0.4885,0.1178,0,0.39,price_proxy,,,,
2024-06-25,0.4732,0.1178,0,0.3617,price_proxy,,,,
2024-06-26,0.4414,0.1177,0,0.4928,price_proxy,,,,
2024-06-27,0.4828,0.1183,0,0.6732,price_proxy,,,,
2024-06-28,0.5038,0.0994,0,0.6737,price_proxy,,,,
2024-07-01,0.5328,0.0854,0,0.4869,price_proxy,,,,
2024-07-02,0.5388,0.0832,0,0.6542,price_proxy,,,,
2024-07-03,0.5759,0.0609,0,0.7795,price_proxy,,,,
2024-07-04,0.6021,0.0677,0,0.7054,price_proxy,,,,
2024-07-05,0.7169,0.0923,0,1.5894,price_proxy,,,,
2024-07-08,0.828,0.104,0,2.8062,price_proxy,,,,
2024-07-09,0.7471,0.1131,0,1.2257,price_proxy,,,,
2024-07-10,0.7364,0.1131,0,0.4821,price_proxy,,,,
2024-07-11,0.6907,0.112,0,0.539,price_proxy,,,,
2024-07-12,0.5571,0.1066,0,0.7091,price_proxy,,,,
2024-07-15,0.4267,0.106,0,0.5048,price_proxy,,,,
2024-07-16,0.4475,0.1118,0,0.8251,price_proxy,,,,
2024-07-17,0.3926,0.1146,0,0.7366,price_proxy,,,,
2024-07-18,0.3644,0.1149,0,0.5395,price_proxy,,,,
2024-07-19,0.335,0.1175,0,0.8269,price_proxy,,,,
2024-07-22,0.3512,0.1174,0,0.6023,price_proxy,,,,
2024-07-23,0.3662,0.1194,0,0.5056,price_proxy,,,,
2024-07-24,0.406,0.1192,0,0.7422,price_proxy,,,,
2024-07-25,0.4533,0.1193,0,0.8657,price_proxy,,,,
2024-07-26,0.4706,0.1204,0,1.0417,price_proxy,,,,
2024-07-29,0.4781,0.1201,0,0.4024,price_proxy,,,,
2024-07-30,0.4963,0.1206,0,1.0416,price_proxy,,,,
2024-07-31,0.474,0.1204,0,0.4366,price_proxy,,,,
2024-08-01,0.4632,0.1178,0,0.3006,price_proxy,,,,
2024-08-02,0.4721,0.0975,0,0.7976,price_proxy,,,,
2024-08-05,0.3615,0.0755,0,3.1377,price_proxy,,,,
2024-08-06,0.3769,0.0692,0,1.9409,price_proxy,,,,
2024-08-07,0.3982,0.0675,0,1.5351,price_proxy,,,,
2024-08-08,0.3914,0.0676,0,0.7362,price_proxy,,,,
2024-08-09,0.4943,0.0885,0,1.1516,price_proxy,,,,
2024-08-12,0.5794,0.0885,0,1.0439,price_proxy,,,,
2024-08-13,0.5219,0.0893,0,1.6805,price_proxy,,,,
2024-08-14,0.5199,0.0881,0,0.9034,price_proxy,,,,
2024-08-16,0.5198,0.0881,0,2.1231,price_proxy,,,,
2024-08-19,0.4413,0.0864,0,1.4092,price_proxy,,,,
2024-08-20,0.437,0.0862,0,0.691,price_proxy,,,,
2024-08-21,0.5039,0.0848,0,0.5038,price_proxy,,,,
2024-08-22,0.4862,0.0849,0,0.7386,price_proxy,,,,
2024-08-23,0.4804,0.0833,0,0.452,price_proxy,,,,
2024-08-26,0.4707,0.0828,0,0.5129,price_proxy,,,,
2024-08-27,0.4507,0.0836,0,3.2385,price_proxy,,,,
2024-08-28,0.445,0.0835,0,1.326,price_proxy,,,,
2024-08-29,0.5396,0.0948,0,0.9856,price_proxy,,,,
2024-08-30,0.5653,0.0956,0,1.2203,price_proxy,,,,
2024-09-02,0.5139,0.0986,0,1.0404,price_proxy,,,,
2024-09-03,0.5323,0.0849,0,0.8372,price_proxy,,,,
2024-09-04,0.5303,0.0848,0,1.0518,price_proxy,,,,
2024-09-05,0.5019,0.0888,0,1.5998,price_proxy,,,,
2024-09-06,0.4866,0.0889,0,1.3194,price_proxy,,,,
2024-09-09,0.5256,0.0741,0,1.763,price_proxy,,,,
2024-09-10,0.5239,0.0747,0,1.2997,price_proxy,,,,
2024-09-11,0.5736,0.0725,0,0.8898,price_proxy,,,,
2024-09-12,0.4399,0.0854,0,4.5901,price_proxy,,,,
2024-09-13,0.4653,0.0877,0,1.7903,price_proxy,,,,
2024-09-19,1.0,0.3298,0,8.1124,price_proxy,,,,
2024-09-20,1.0,0.3569,0,10.0,price_proxy,,,,
2024-09-23,1.0,0.3577,0,3.6733,price_proxy,,,,
2024-09-24,1.0,0.3678,0,2.9273,price_proxy,,,,
2024-09-25,1.0,0.3736,0,0.7902,price_proxy,,,,
2024-09-26,1.0,0.3714,0,0.5663,price_proxy,,,,
2024-09-27,1.0,0.3678,0,0.3959,price_proxy,,,,
2024-09-30,0.9715,0.3733,0,0.9578,price_proxy,,,,
2024-10-02,0.6716,0.3783,0,0.6642,price_proxy,,,,
2024-10-04,0.4736,0.3792,0,0.4627,price_proxy,,,,
2024-10-07,0.5296,0.3743,0,0.6686,price_proxy,,,,
2024-10-08,0.5539,0.3711,0,0.405,price_proxy,,,,
2024-10-10,0.5091,0.3818,0,0.4297,price_proxy,,,,
2024-10-11,0.6178,0.3816,0,0.2928,price_proxy,,,,
2024-10-14,0.6638,0.3801,0,0.363,price_proxy,,,,
2024-10-15,0.5777,0.3776,0,0.4432,price_proxy,,,,
2024-10-16,0.6432,0.3732,0,0.7591,price_proxy,,,,
2024-10-17,0.7872,0.3743,0,0.2433,price_proxy,,,,
2024-10-18,0.739,0.3645,0,0.4175,price_proxy,,,,
2024-10-21,0.4048,0.4078,0,0.7305,price_proxy,,,,
2024-10-22,0.2664,0.2962,0,0.7089,price_proxy,,,,
2024-10-23,0.1374,0.2632,0,0.9253,price_proxy,,,,
2024-10-24,0.1722,0.2602,0,1.3014,price_proxy,,,,
2024-10-25,0.0,0.3976,0,2.5024,price_proxy,,,,
2024-10-28,0.0,0.3874,0,5.3614,price_proxy,,,,
2024-10-29,0.0,0.3851,0,1.2043,price_proxy,,,,
2024-10-30,0.0,0.385,0,1.1455,price_proxy,,,,
2024-10-31,0.0,0.3911,0,2.4857,price_proxy,,,,
2024-11-01,0.5948,0.3919,0,0.6307,price_proxy,,,,
2024-11-04,0.6197,0.4042,0,0.6967,price_proxy,,,,
2024-11-05,0.5762,0.3996,0,0.5025,price_proxy,,,,
2024-11-06,0.5305,0.4006,0,0.4138,price_proxy,,,,
2024-11-07,0.577,0.4099,0,0.4829,price_proxy,,,,
2024-11-08,0.4612,0.4082,0,0.4064,price_proxy,,,,
2024-11-11,0.3047,0.4059,0,0.2401,price_proxy,,,,
2024-11-12,0.3207,0.4051,0,0.3383,price_proxy,,,,
2024-11-13,0.3485,0.3981,0,0.42,price_proxy,,,,
2024-11-14,0.265,0.3998,0,0.3265,price_proxy,,,,
2024-11-15,0.27,0.3981,0,0.3096,price_proxy,,,,
2024-11-18,0.3277,0.3855,0,0.5817,price_proxy,,,,
2024-11-19,0.4085,0.3836,0,0.3656,price_proxy,,,,
2024-11-20,0.7338,0.4093,0,0.7775,price_proxy,,,,
2024-11-21,0.4778,0.4153,0,0.5787,price_proxy,,,,
2024-11-22,0.7119,0.28,0,0.5633,price_proxy,,,,
2024-11-25,0.832,0.2845,0,1.5434,price_proxy,,,,
2024-11-26,1.0,0.3268,0,1.9227,price_proxy,,,,
2024-11-27,0.8517,0.3268,0,0.8607,price_proxy,,,,
2024-11-28,1.0,0.3653,0,2.8103,price_proxy,,,,
2024-11-29,1.0,0.3654,0,4.0162,price_proxy,,,,
2024-12-02,1.0,0.364,0,1.3429,price_proxy,,,,
2024-12-03,0.6463,0.3593,0,0.8902,price_proxy,,,,
2024-12-04,0.5952,0.3597,0,0.7939,price_proxy,,,,
2024-12-05,0.3245,0.3539,0,0.675,price_proxy,,,,
2024-12-06,0.2436,0.3495,0,0.7949,price_proxy,,,,
2024-12-09,0.1717,0.3631,0,0.7248,price_proxy,,,,
2024-12-10,0.2418,0.357,0,0.5029,price_proxy,,,,
2024-12-11,0.3525,0.3517,0,0.4249,price_proxy,,,,
2024-12-12,0.2173,0.3593,0,0.8833,price_proxy,,,,
2024-12-13,0.1906,0.3574,0,0.4363,price_proxy,,,,
2024-12-16,0.3631,0.3569,0,1.146,price_proxy,,,,
2024-12-17,0.2875,0.3597,0,0.4985,price_proxy,,,,
2024-12-18,0.3217,0.339,0,0.6699,price_proxy,,,,
2024-12-19,0.3799,0.3234,0,0.3276,price_proxy,,,,
2024-12-20,0.4276,0.3158,0,0.211,price_proxy,,,,
2024-12-23,0.5467,0.3137,0,0.5722,price_proxy,,,,
2024-12-24,0.5911,0.2589,0,0.4204,price_proxy,,,,
2024-12-26,0.4762,0.2589,0,0.3687,price_proxy,,,,
2024-12-27,0.4497,0.1722,0,0.7722,price_proxy,,,,
2024-12-30,0.6372,0.2002,0,0.727,price_proxy,,,,
2025-01-02,0.4584,0.1978,0,0.3956,price_proxy,,,,
2025-01-03,0.5654,0.2031,0,0.4471,price_proxy,,,,
2025-01-06,0.6217,0.1944,0,0.4435,price_proxy,,,,
2025-01-07,0.7754,0.1966,0,0.7042,price_proxy,,,,
2025-01-08,0.7095,0.2071,0,1.2868,price_proxy,,,,
2025-01-09,0.7947,0.1884,0,0.7142,price_proxy,,,,
2025-01-10,0.7953,0.1922,0,0.8988,price_proxy,,,,
2025-01-13,0.955,0.1994,0,1.1756,price_proxy,,,,
2025-01-14,0.7835,0.1943,0,1.0809,price_proxy,,,,
2025-01-15,0.7789,0.1949,0,2.886,price_proxy,,,,
2025-01-16,0.7043,0.1965,0,0.8373,price_proxy,,,,
2025-01-17,0.5908,0.1916,0,0.6622,price_proxy,,,,
2025-01-20,0.4761,0.1922,0,0.658,price_proxy,,,,
2025-01-21,0.6372,0.1887,0,0.7741,price_proxy,,,,
2025-01-22,0.471,0.1926,0,0.7247,price_proxy,,,,
2025-01-23,0.4577,0.1827,0,0.8335,price_proxy,,,,
2025-01-24,0.5033,0.1807,0,0.5739,price_proxy,,,,
2025-01-31,0.5759,0.1734,0,0.6661,price_proxy,,,,
2025-02-03,0.5159,0.1629,0,1.1065,price_proxy,,,,
2025-02-04,0.658,0.1448,0,2.3403,price_proxy,,,,
2025-02-05,0.6141,0.1518,0,1.1978,price_proxy,,,,
2025-02-06,0.7984,0.1741,0,2.3559,price_proxy,,,,
2025-02-07,0.6357,0.1813,0,0.8167,price_proxy,,,,
2025-02-10,0.7684,0.1897,0,2.0872,price_proxy,,,,
2025-02-11,0.9079,0.2081,0,3.2624,price_proxy,,,,
2025-02-12,0.9306,0.2139,0,0.8522,price_proxy,,,,
2025-02-13,0.648,0.218,0,0.6638,price_proxy,,,,
2025-02-14,0.8325,0.2155,0,1.6568,price_proxy,,,,
2025-02-17,1.0,0.2781,0,4.1455,price_proxy,,,,
2025-02-18,1.0,0.2837,0,2.1051,price_proxy,,,,
2025-02-19,1.0,0.2813,0,2.107,price_proxy,,,,
2025-02-20,1.0,0.2843,0,0.9232,price_proxy,,,,
2025-02-21,1.0,0.2837,0,1.1693,price_proxy,,,,
2025-02-24,0.9821,0.2866,0,1.1792,price_proxy,,,,
2025-02-25,0.8651,0.279,0,0.8136,price_proxy,,,,
2025-02-26,0.8502,0.2729,0,1.0348,price_proxy,,,,
2025-02-27,0.8734,0.278,0,0.6472,price_proxy,,,,
2025-02-28,0.8046,0.2783,0,0.5226,price_proxy,,,,
2025-03-04,0.6612,0.2789,0,0.5764,price_proxy,,,,
2025-03-05,0.6057,0.2803,0,0.9802,price_proxy,,,,
2025-03-06,0.5859,0.2693,0,0.9257,price_proxy,,,,
2025-03-07,0.6997,0.2608,0,0.9564,price_proxy,,,,
2025-03-10,0.5534,0.2627,0,1.2401,price_proxy,,,,
2025-03-11,0.6944,0.263,0,0.8495,price_proxy,,,,
2025-03-12,0.6982,0.2512,0,0.4536,price_proxy,,,,
2025-03-13,0.5386,0.2577,0,0.6359,price_proxy,,,,
2025-03-14,0.4552,0.2527,0,0.7966,price_proxy,,,,
2025-03-17,0.5052,0.2572,0,0.5139,price_proxy,,,,
2025-03-18,0.3592,0.1811,0,0.5585,price_proxy,,,,
2025-03-19,0.2212,0.1836,0,1.4313,price_proxy,,,,
2025-03-20,0.2677,0.1823,0,1.0649,price_proxy,,,,
2025-03-21,0.5356,0.229,0,1.2531,price_proxy,,,,
2025-03-24,0.5597,0.2253,0,1.5078,price_proxy,,,,
2025-03-25,0.4373,0.2294,0,0.8282,price_proxy,,,,
2025-03-26,0.5866,0.227,0,0.6143,price_proxy,,,,
2025-03-27,0.5371,0.2293,0,0.2789,price_proxy,,,,
2025-03-28,0.24,0.2299,0,0.6786,price_proxy,,,,
2025-03-31,0.1574,0.2346,0,1.1244,price_proxy,,,,
2025-04-01,0.3059,0.2358,0,0.4607,price_proxy,,,,
2025-04-02,0.1975,0.2409,0,0.7585,price_proxy,,,,
2025-04-03,0.3906,0.25,0,0.4601,price_proxy,,,,
2025-04-04,0.3879,0.2466,0,0.7246,price_proxy,,,,
2025-04-07,0.3419,0.2548,0,0.3738,price_proxy,,,,
2025-04-08,0.2761,0.2378,0,1.2293,price_proxy,,,,
2025-04-09,0.3612,0.2363,0,1.0295,price_proxy,,,,
2025-04-10,0.3546,0.2462,0,1.2347,price_proxy,,,,
2025-04-11,0.3387,0.2474,0,1.1186,price_proxy,,,,
2025-04-14,0.6485,0.2648,0,0.7942,price_proxy,,,,
2025-04-15,0.7891,0.2707,0,0.9688,price_proxy,,,,
2025-04-16,0.8186,0.2621,0,0.385,price_proxy,,,,
2025-04-17,0.7016,0.2611,0,0.7073,price_proxy,,,,
2025-04-18,0.8046,0.2081,0,0.263,price_proxy,,,,
2025-04-21,0.6137,0.2081,0,0.5297,price_proxy,,,,
2025-04-22,0.4354,0.2016,0,1.176,price_proxy,,,,
2025-04-23,0.5936,0.2237,0,0.513,price_proxy,,,,
2025-04-24,0.6105,0.2185,0,0.5066,price_proxy,,,,
2025-04-25,0.5805,0.2167,0,0.38,price_proxy,,,,
2025-04-28,0.4651,0.2207,0,0.7231,price_proxy,,,,
2025-04-29,0.497,0.222,0,0.4002,price_proxy,,,,
2025-04-30,0.3436,0.2137,0,0.4299,price_proxy,,,,
2025-05-02,0.4559,0.2183,0,2.2949,price_proxy,,,,
2025-05-07,0.4972,0.2164,0,1.5843,price_proxy,,,,
2025-05-08,0.6391,0.1957,0,0.5284,price_proxy,,,,
2025-05-09,0.7067,0.1933,0,0.7773,price_proxy,,,,
2025-05-12,0.7061,0.1924,0,0.389,price_proxy,,,,
2025-05-13,0.593,0.1852,0,0.5508,price_proxy,,,,
2025-05-14,0.5719,0.1789,0,0.5019,price_proxy,,,,
2025-05-15,0.5194,0.1666,0,0.5368,price_proxy,,,,
2025-05-16,0.5579,0.1619,0,0.4314,price_proxy,,,,
2025-05-19,0.5604,0.1619,0,0.8896,price_proxy,,,,
2025-05-20,0.4542,0.1666,0,1.9946,price_proxy,,,,
2025-05-21,0.6335,0.196,0,1.5635,price_proxy,,,,
2025-05-22,0.7849,0.1983,0,0.7478,price_proxy,,,,
2025-05-23,0.8989,0.2002,0,1.4155,price_proxy,,,,
2025-05-26,0.9693,0.1856,0,0.9297,price_proxy,,,,
2025-05-27,1.0,0.1947,0,1.0572,price_proxy,,,,
2025-05-28,0.898,0.2005,0,1.0249,price_proxy,,,,
2025-05-29,0.7734,0.1816,0,0.8301,price_proxy,,,,
2025-05-30,0.6808,0.1751,0,0.6378,price_proxy,,,,
2025-06-02,0.716,0.1766,0,0.8039,price_proxy,,,,
2025-06-04,0.5182,0.1736,0,0.889,price_proxy,,,,
2025-06-05,0.5835,0.1748,0,0.5319,price_proxy,,,,
2025-06-09,0.6899,0.1754,0,1.196,price_proxy,,,,
2025-06-10,0.719,0.1765,0,0.883,price_proxy,,,,
2025-06-11,0.8197,0.193,0,0.9654,price_proxy,,,,
2025-06-12,1.0,0.2228,0,1.9156,price_proxy,,,,
2025-06-13,1.0,0.2214,0,1.3085,price_proxy,,,,
2025-06-16,1.0,0.2179,0,0.682,price_proxy,,,,
2025-06-17,1.0,0.2192,0,0.5816,price_proxy,,,,
2025-06-18,0.8059,0.2226,0,0.6521,price_proxy,,,,
2025-06-19,0.5624,0.2124,0,0.4074,price_proxy,,,,
2025-06-20,0.457,0.2048,0,1.8552,price_proxy,,,,
2025-06-23,0.3955,0.2175,0,1.0037,price_proxy,,,,
2025-06-24,0.3331,0.2155,0,0.8335,price_proxy,,,,
2025-06-25,0.3338,0.2173,0,1.1433,price_proxy,,,,
2025-06-26,0.2839,0.2115,0,0.5606,price_proxy,,,,
2025-06-27,0.3712,0.2065,0,0.6707,price_proxy,,,,
2025-06-30,0.3836,0.2124,0,0.6035,price_proxy,,,,
2025-07-01,0.4215,0.2125,0,1.1507,price_proxy,,,,
2025-07-02,0.4714,0.2082,0,0.5362,price_proxy,,,,
2025-07-03,0.4515,0.2081,0,0.4735,price_proxy,,,,
2025-07-04,0.3529,0.2103,0,0.7857,price_proxy,,,,
2025-07-07,0.3341,0.2156,0,0.9762,price_proxy,,,,
2025-07-08,0.3497,0.2111,0,0.6566,price_proxy,,,,
2025-07-09,0.2613,0.1861,0,1.1364,price_proxy,,,,
2025-07-10,0.3079,0.1103,0,0.5018,price_proxy,,,,
2025-07-11,0.3851,0.1035,0,0.4617,price_proxy,,,,
2025-07-14,0.539,0.1124,0,0.8485,price_proxy,,,,
2025-07-15,0.5671,0.1143,0,0.4939,price_proxy,,,,
2025-07-16,0.6282,0.1142,0,0.45,price_proxy,,,,
2025-07-17,0.6978,0.1205,0,0.8928,price_proxy,,,,
2025-07-18,0.6362,0.1201,0,0.5469,price_proxy,,,,
2025-07-21,0.5278,0.1141,0,0.6228,price_proxy,,,,
2025-07-22,0.3906,0.1227,0,1.0104,price_proxy,,,,
2025-07-23,0.5,0.1366,0,1.7142,price_proxy,,,,
2025-07-24,0.43,0.1359,0,0.791,price_proxy,,,,
2025-07-25,0.4396,0.1302,0,0.9721,price_proxy,,,,
2025-07-28,0.3799,0.1352,0,0.958,price_proxy,,,,
2025-07-29,0.4458,0.1359,0,0.6192,price_proxy,,,,
2025-07-30,0.321,0.1346,0,2.2855,price_proxy,,,,
2025-07-31,0.3756,0.1376,0,1.4611,price_proxy,,,,
2025-08-01,0.3547,0.1369,0,0.886,price_proxy,,,,
2025-08-04,0.5365,0.1363,0,0.7285,price_proxy,,,,
2025-08-05,0.6152,0.1379,0,0.9289,price_proxy,,,,
2025-08-06,0.5756,0.1379,0,0.7903,price_proxy,,,,
2025-08-07,0.5331,0.1379,0,0.7068,price_proxy,,,,
2025-08-08,0.5821,0.1364,0,0.5598,price_proxy,,,,
2025-08-11,0.414,0.1395,0,0.7742,price_proxy,,,,
2025-08-12,0.3172,0.1406,0,0.6397,price_proxy,,,,
2025-08-13,0.4016,0.1415,0,0.8573,price_proxy,,,,
2025-08-14,0.3659,0.1353,0,0.4337,price_proxy,,,,
2025-08-18,0.3136,0.1358,0,1.3583,price_proxy,,,,
2025-08-19,0.3558,0.1356,0,1.0631,price_proxy,,,,
2025-08-20,0.3472,0.1307,0,1.3268,price_proxy,,,,
2025-08-21,0.2835,0.115,0,2.8011,price_proxy,,,,
2025-08-22,0.4087,0.1349,0,0.9924,price_proxy,,,,
2025-08-25,0.4664,0.1364,0,0.6739,price_proxy,,,,
2025-08-26,0.6433,0.1482,0,1.5665,price_proxy,,,,
2025-08-27,0.6403,0.1522,0,1.0943,price_proxy,,,,
2025-08-28,0.7041,0.1514,0,0.7896,price_proxy,,,,
2025-08-29,0.5285,0.1508,0,1.3064,price_proxy,,,,
2025-09-01,0.2367,0.2041,0,2.6211,price_proxy,,,,
2025-09-02,0.1102,0.1961,0,0.9316,price_proxy,,,,
2025-09-03,0.1654,0.193,0,1.1509,price_proxy,,,,
2025-09-04,0.2018,0.1958,0,0.7608,price_proxy,,,,
2025-09-05,0.3576,0.2094,0,0.9365,price_proxy,,,,
2025-09-08,0.7801,0.2221,0,1.2933,price_proxy,,,,
2025-09-09,1.0,0.2702,0,2.0277,price_proxy,,,,
2025-09-10,1.0,0.2672,0,0.989,price_proxy,,,,
2025-09-11,1.0,0.2685,0,3.6569,price_proxy,,,,
2025-09-12,0.8067,0.2885,0,1.3009,price_proxy,,,,
2025-09-15,0.4898,0.302,0,1.3962,price_proxy,,,,
2025-09-16,0.2363,0.3011,0,0.8831,price_proxy,,,,
2025-09-17,0.3039,0.3022,0,1.0002,price_proxy,,,,
2025-09-18,0.2216,0.3012,0,0.3755,price_proxy,,,,
2025-09-19,0.4438,0.2968,0,0.7006,price_proxy,,,,
2025-09-22,0.749,0.3029,0,0.9046,price_proxy,,,,
2025-09-23,0.8894,0.302,0,0.9314,price_proxy,,,,
2025-09-24,0.7835,0.298,0,0.9357,price_proxy,,,,
2025-09-25,0.8393,0.2979,0,0.8676,price_proxy,,,,
2025-09-26,0.7852,0.2952,0,0.7555,price_proxy,,,,
2025-09-29,0.5653,0.2553,0,1.1365,price_proxy,,,,
2025-09-30,0.2201,0.2891,0,1.1053,price_proxy,,,,
2025-10-01,0.2687,0.2895,0,0.3363,price_proxy,,,,
2025-10-02,0.2099,0.2916,0,1.1219,price_proxy,,,,
2025-10-10,0.0632,0.3023,0,1.2932,price_proxy,,,,
2025-10-13,0.1081,0.2946,0,0.6163,price_proxy,,,,
2025-10-14,0.3373,0.2442,0,0.5328,price_proxy,,,,
2025-10-15,0.2192,0.2446,0,0.6349,price_proxy,,,,
2025-10-16,0.2653,0.2405,0,0.4926,price_proxy,,,,
2025-10-17,0.3921,0.2232,0,0.6639,price_proxy,,,,
2025-10-20,0.4322,0.2079,0,0.5138,price_proxy,,,,
2025-10-21,0.554,0.2246,0,0.9952,price_proxy,,,,
2025-10-22,0.6477,0.2179,0,0.5177,price_proxy,,,,
2025-10-23,0.5603,0.221,0,0.7629,price_proxy,,,,
2025-10-24,0.5639,0.2194,0,4.4311,price_proxy,,,,
2025-10-27,0.6697,0.2187,0,1.2947,price_proxy,,,,
2025-10-28,0.5126,0.2046,0,0.6776,price_proxy,,,,
2025-10-29,0.4312,0.2054,0,0.5542,price_proxy,,,,
2025-10-30,0.3915,0.2104,0,0.8447,price_proxy,,,,
2025-10-31,0.6326,0.2463,0,0.9359,price_proxy,,,,
2025-11-03,0.3999,0.2492,0,0.6923,price_proxy,,,,
2025-11-04,0.4331,0.2212,0,0.847,price_proxy,,,,
2025-11-05,0.4957,0.2177,0,0.7284,price_proxy,,,,
2025-11-06,0.6514,0.2174,0,0.6616,price_proxy,,,,
2025-11-07,0.7591,0.2602,0,2.331,price_proxy,,,,
2025-11-10,0.1773,0.4183,0,4.8304,price_proxy,,,,
2025-11-11,0.26,0.4247,0,3.5267,price_proxy,,,,
2025-11-12,0.2535,0.4231,0,1.2532,price_proxy,,,,
2025-11-13,0.1994,0.4235,0,0.5316,price_proxy,,,,
2025-11-14,0.0,0.4268,0,1.2961,price_proxy,,,,
2025-11-17,0.5262,0.4278,0,0.4686,price_proxy,,,,
2025-11-18,0.36,0.4191,0,0.3811,price_proxy,,,,
2025-11-19,0.3964,0.4195,0,0.3299,price_proxy,,,,
2025-11-20,0.4548,0.4183,0,0.3557,price_proxy,,,,
2025-11-21,0.4682,0.4206,0,0.737,price_proxy,,,,
2025-11-24,0.407,0.4143,0,3.0783,price_proxy,,,,
2025-11-25,0.323,0.4184,0,0.9489,price_proxy,,,,
2025-11-26,0.3101,0.4184,0,0.6134,price_proxy,,,,
2025-11-27,0.4358,0.4258,0,0.5118,price_proxy,,,,
2025-11-28,0.279,0.426,0,1.84,price_proxy,,,,
2025-12-01,0.2344,0.4239,0,0.6623,price_proxy,,,,
2025-12-02,0.2391,0.4257,0,0.9772,price_proxy,,,,
2025-12-03,0.2471,0.4266,0,1.1028,price_proxy,,,,
2025-12-04,0.1578,0.428,0,0.3747,price_proxy,,,,
2025-12-05,0.4727,0.3857,0,0.5596,price_proxy,,,,
2025-12-08,0.5375,0.2303,0,1.0161,price_proxy,,,,
2025-12-09,0.6367,0.2158,0,0.905,price_proxy,,,,
2025-12-10,0.5428,0.2167,0,0.866,price_proxy,,,,
2025-12-11,0.4072,0.2187,0,2.7825,price_proxy,,,,
2025-12-12,0.3433,0.2148,0,0.5429,price_proxy,,,,
2025-12-15,0.2638,0.2131,0,0.7656,price_proxy,,,,
2025-12-16,0.2504,0.2133,0,0.6003,price_proxy,,,,
2025-12-17,0.281,0.2107,0,0.5925,price_proxy,,,,
2025-12-18,0.3087,0.2085,0,0.4541,price_proxy,,,,
2025-12-19,0.36,0.2127,0,0.5517,price_proxy,,,,
2025-12-22,0.4652,0.2143,0,0.8804,price_proxy,,,,
2025-12-23,0.4109,0.2108,0,1.338,price_proxy,,,,
2025-12-24,0.4747,0.2122,0,0.7452,price_proxy,,,,
2025-12-26,0.6187,0.1955,0,0.9421,price_proxy,,,,
2025-12-29,0.5753,0.1522,0,0.5418,price_proxy,,,,
2025-12-30,0.5531,0.1499,0,0.7092,price_proxy,,,,
2026-01-02,0.7836,0.1479,0,0.6013,price_proxy,,,,
2026-01-05,0.6538,0.1533,0,0.5156,price_proxy,,,,
2026-01-06,0.479,0.1547,0,0.6767,price_proxy,,,,
2026-01-07,0.3377,0.1557,0,1.125,price_proxy,,,,
2026-01-08,0.2379,0.1617,0,0.7802,price_proxy,,,,
2026-01-09,0.1601,0.163,0,0.4763,price_proxy,,,,
2026-01-12,0.0918,0.1771,0,1.6141,price_proxy,,,,
2026-01-13,0.1743,0.1762,0,1.0351,price_proxy,,,,
2026-01-14,0.2406,0.1754,0,0.8001,price_proxy,,,,
2026-01-15,0.3571,0.1738,0,0.5288,price_proxy,,,,
2026-01-16,0.3504,0.1736,0,0.6168,price_proxy,,,,
2026-01-19,0.4872,0.1735,0,0.8272,price_proxy,,,,
2026-01-20,0.555,0.1811,0,1.6381,price_proxy,,,,
2026-01-21,0.4957,0.1813,0,0.9449,price_proxy,,,,
2026-01-22,0.4915,0.1808,0,1.0705,price_proxy,,,,
2026-01-23,0.7426,0.2275,0,2.007,price_proxy,,,,
2026-01-26,1.0,0.3829,0,4.0776,price_proxy,,,,
2026-01-27,1.0,0.3813,0,1.8939,price_proxy,,,,
2026-01-28,1.0,0.4397,0,2.6504,price_proxy,,,,
2026-01-29,1.0,0.4399,0,1.5409,price_proxy,,,,
2026-01-30,1.0,0.4387,0,1.5141,price_proxy,,,,
2026-02-02,0.7647,0.4548,0,1.3559,price_proxy,,,,
2026-02-03,1.0,0.4672,0,0.8707,price_proxy,,,,
2026-02-04,0.5288,0.4631,0,0.5388,price_proxy,,,,
2026-02-05,0.4832,0.4581,0,0.4901,price_proxy,,,,
2026-02-06,0.4024,0.4591,0,0.5794,price_proxy,,,,
2026-02-09,0.6922,0.4434,0,0.3968,price_proxy,,,,
2026-02-10,0.3151,0.4535,0,0.973,price_proxy,,,,
2026-02-11,0.3009,0.4572,0,0.3577,price_proxy,,,,
2026-02-12,0.4417,0.4573,0,0.7563,price_proxy,,,,
2026-02-13,0.5415,0.4565,0,0.6309,price_proxy,,,,
2026-02-19,0.5616,0.4539,0,0.6961,price_proxy,,,,
2026-02-20,0.8497,0.4556,0,0.5278,price_proxy,,,,
2026-02-23,0.7737,0.4621,0,0.5627,price_proxy,,,,
2026-02-24,0.485,0.4779,0,0.7777,price_proxy,,,,
2026-02-25,0.3278,0.4698,0,0.5648,price_proxy,,,,
2026-02-26,0.5483,0.3993,0,1.1153,price_proxy,,,,
2026-02-27,0.4957,0.4002,0,0.8942,price_proxy,,,,
2026-03-03,0.4537,0.3501,0,0.9841,price_proxy,,,,
2026-03-04,0.2481,0.3994,0,1.5975,price_proxy,,,,
2026-03-05,0.5445,0.421,0,1.1821,price_proxy,,,,
2026-03-06,0.4551,0.4212,0,1.278,price_proxy,,,,
2026-03-09,0.2983,0.3988,0,0.6789,price_proxy,,,,
2026-03-10,0.4076,0.3991,0,0.8697,price_proxy,,,,
2026-03-11,0.719,0.4011,0,0.878,price_proxy,,,,
2026-03-12,0.523,0.4019,0,0.7806,price_proxy,,,,
2026-03-13,0.2819,0.4011,0,0.5653,price_proxy,,,,
2026-03-16,0.2924,0.3977,0,0.5284,price_proxy,,,,
2026-03-17,0.4031,0.3949,0,0.4302,price_proxy,,,,
2026-03-18,0.5753,0.3937,0,0.4923,price_proxy,,,,
2026-03-19,0.4342,0.3938,0,0.7124,price_proxy,,,,
2026-03-20,0.4485,0.3911,0,0.932,price_proxy,,,,
2026-03-23,0.3988,0.385,0,0.9249,price_proxy,,,,
2026-03-24,0.3538,0.3781,0,0.5203,price_proxy,,,,
2026-03-25,0.5826,0.4128,0,1.3748,price_proxy,,,,
2026-03-26,0.6806,0.41,0,1.0075,price_proxy,,,,
2026-03-27,0.672,0.3702,0,0.7272,price_proxy,,,,
2026-03-30,0.8422,0.3671,0,0.8245,price_proxy,,,,
2026-03-31,0.4127,0.4055,0,2.6043,price_proxy,,,,
2026-04-01,0.1082,0.3585,0,1.2607,price_proxy,,,,
2026-04-02,0.0,0.3473,0,1.8217,price_proxy,,,,
2026-04-03,0.0,0.3187,0,1.0327,price_proxy,,,,
2026-04-06,0.0,0.3182,0,0.5626,price_proxy,,,,
2026-04-07,0.1289,0.3175,0,1.2919,price_proxy,,,,
2026-04-08,0.2967,0.334,0,1.7438,price_proxy,,,,
2026-04-09,0.3595,0.3383,0,3.3612,price_proxy,,,,
2026-04-10,0.3916,0.3385,0,0.9354,price_proxy,,,,
2026-04-14,0.4245,0.338,0,0.0,price_proxy,,,,
2026-04-15,0.4204,0.336,0,0.7793,price_proxy,,,,
2026-04-16,0.2072,0.3299,0,0.756,price_proxy,,,,
2026-04-17,0.3525,0.3296,0,0.5902,price_proxy,,,,
2026-04-20,0.3928,0.3298,0,0.4268,price_proxy,,,,
2026-04-21,0.3729,0.3268,0,0.4623,price_proxy,,,,
2026-04-22,0.2514,0.332,0,1.3663,price_proxy,,,,
2026-04-23,0.3908,0.2661,0,1.003,price_proxy,,,,
2026-04-24,0.3951,0.2667,0,0.45,price_proxy,,,,
2026-04-27,0.4805,0.275,0,0.6882,price_proxy,,,,
2026-04-28,0.496,0.2717,0,0.5256,price_proxy,,,,
2026-04-29,0.6505,0.2023,0,0.7916,price_proxy,,,,
2026-04-30,0.4629,0.2054,0,0.5504,price_proxy,,,,
2026-05-04,0.4098,0.1793,0,0.5093,price_proxy,,,,
2026-05-06,0.2751,0.1777,0,0.7505,price_proxy,,,,
2026-05-07,0.196,0.1837,0,0.8093,price_proxy,,,,
2026-05-08,0.212,0.1851,0,0.6535,price_proxy,,,,
2026-05-11,0.1891,0.1556,0,1.4556,price_proxy,,,,
2026-05-12,0.2425,0.1455,0,1.7117,price_proxy,,,,
2026-05-13,0.2253,0.1482,0,1.0172,price_proxy,,,,
2026-05-14,0.3019,0.1481,0,0.9858,price_proxy,,,,
2026-05-15,0.1991,0.1515,0,1.4167,price_proxy,,,,
2026-05-18,0.3219,0.1527,0,1.2324,price_proxy,,,,
2026-05-19,0.2685,0.1511,0,1.1409,price_proxy,,,,
2026-05-20,0.2558,0.1545,0,0.8345,price_proxy,,,,
2026-05-21,0.2445,0.1545,0,0.7279,price_proxy,,,,
2026-05-22,0.3581,0.1468,0,1.1789,price_proxy,,,,
2026-05-26,0.3482,0.1332,0,1.054,price_proxy,,,,
2026-05-27,0.3162,0.132,0,0.8386,price_proxy,,,,
2026-05-28,0.3603,0.1148,0,0.8885,price_proxy,,,,
2026-05-29,0.3031,0.1184,0,1.0683,price_proxy,,,,
2026-06-01,0.2241,0.1152,0,0.9929,price_proxy,,,,
2026-06-02,0.1371,0.1153,0,0.9855,price_proxy,,,,
2026-06-04,0.1883,0.1172,0,0.7313,price_proxy,,,,
2026-06-05,0.1656,0.1179,0,0.7627,price_proxy,,,,
2026-06-08,0.0806,0.1386,0,0.9893,price_proxy,,,,
2026-06-09,0.331,0.2094,0,1.5684,price_proxy,,,,
2026-06-10,0.3773,0.205,0,0.9413,price_proxy,,,,
2026-06-11,0.3765,0.2028,0,1.4371,price_proxy,,,,
2026-06-12,0.5061,0.2071,0,1.3726,price_proxy,,,,
2026-06-15,0.7308,0.2079,0,1.1507,price_proxy,,,,
2026-06-16,0.557,0.2121,0,0.66,price_proxy,,,,
2026-06-17,0.7015,0.2197,0,1.5756,price_proxy,,,,
2026-06-18,0.6534,0.2203,0,1.0094,price_proxy,,,,
2026-06-19,0.503,0.2193,0,1.0674,price_proxy,,,,
2026-06-22,0.3429,0.2309,0,0.8993,price_proxy,,,,
2026-06-23,0.2141,0.2299,0,0.75,price_proxy,,,,
2026-06-24,0.1967,0.2352,0,0.5265,price_proxy,,,,
2026-06-25,0.1417,0.2391,0,0.7134,price_proxy,,,,
2026-06-26,0.221,0.2393,0,0.9607,price_proxy,,,,
2026-06-29,0.6279,0.2848,0,0.9291,price_proxy,,,,
2026-06-30,0.6021,0.2873,0,0.5122,price_proxy,,,,
2026-07-01,0.528,0.2834,0,0.7342,price_proxy,,,,
2026-07-02,0.514,0.291,0,0.6045,price_proxy,,,,
2026-07-03,0.4982,0.2886,0,0.6713,price_proxy,,,,
