date,close,volume,inst_net_buy,foreign_net_buy,foreign_net_buy_norm,inst_net_buy_norm,foreign_ratio_feat,short_proxy_score,source,foreign_ratio,personal_net_buy,inst_net_value,foreign_net_value
2016-01-15,3629.0,125070.0,0.0,0.0,-1e-06,0.0,,0.0,ohlcv_proxy,,,,
2016-01-18,3540.0,142011.0,0.0,0.0,-2e-06,0.0,,0.0,ohlcv_proxy,,,,
2016-01-19,3409.0,161967.0,0.0,0.0,-3e-06,0.0,,0.0,ohlcv_proxy,,,,
2016-01-20,3358.0,250898.0,0.0,0.0,-3e-06,0.0,,0.0,ohlcv_proxy,,,,
2016-01-21,3313.0,87943.0,0.0,0.0,-3e-06,0.0,,0.0,ohlcv_proxy,,,,
2016-01-22,3324.0,176881.0,0.0,0.0,-3e-06,0.0,,0.0,ohlcv_proxy,,,,
2016-01-25,3406.0,90655.0,0.0,0.0,-2e-06,0.0,,0.0,ohlcv_proxy,,,,
2016-01-26,3361.0,80553.0,0.0,0.0,-2e-06,0.0,,0.0,ohlcv_proxy,,,,
2016-01-27,3290.0,132162.0,0.0,0.0,-2e-06,0.0,,0.0,ohlcv_proxy,,,,
2016-01-28,3259.0,148222.0,0.0,0.0,-2e-06,0.0,,0.0,ohlcv_proxy,,,,
2016-01-29,3438.0,305656.0,0.0,0.0,-0.0,0.1,-0.037993,0.0,ohlcv_proxy,,,,
2016-02-01,3615.0,277941.0,0.0,0.0,1e-06,0.2,-0.018764,0.0,ohlcv_proxy,,,,
2016-02-02,3594.0,106244.0,0.0,0.0,1e-06,0.2,-0.009925,0.0,ohlcv_proxy,,,,
2016-02-03,3546.0,57873.0,0.0,0.0,0.0,0.2,0.001689,0.0,ohlcv_proxy,,,,
2016-02-04,3574.0,92560.0,0.0,0.0,1e-06,0.2,0.018202,0.0,ohlcv_proxy,,,,
2016-02-05,3635.0,135456.0,0.0,0.0,1e-06,0.2,0.037082,0.0,ohlcv_proxy,,,,
2016-02-11,3361.0,219274.0,0.0,0.0,-1e-06,0.1,0.014101,0.0,ohlcv_proxy,,,,
2016-02-12,3166.0,340193.0,0.0,0.0,-3e-06,0.0,-0.019162,0.1,ohlcv_proxy,,,,
2016-02-15,3259.0,172169.0,0.0,0.0,-2e-06,0.0,-0.023684,0.1,ohlcv_proxy,,,,
2016-02-16,3355.0,54408.0,0.0,0.0,-1e-06,0.0,-0.027757,0.1,ohlcv_proxy,,,,
2016-02-17,3283.0,90062.0,0.0,0.0,-1e-06,-0.1,-0.03981,0.1,ohlcv_proxy,,,,
2016-02-18,3464.0,112202.0,0.0,0.0,0.0,-0.2,-0.038468,0.1,ohlcv_proxy,,,,
2016-02-19,3560.0,110286.0,0.0,0.0,1e-06,-0.2,-0.004677,0.1,ohlcv_proxy,,,,
2016-02-22,3485.0,142230.0,0.0,0.0,0.0,-0.2,0.013748,0.1,ohlcv_proxy,,,,
2016-02-23,3485.0,118998.0,0.0,0.0,0.0,-0.2,0.016839,0.1,ohlcv_proxy,,,,
2016-02-24,3458.0,78549.0,0.0,0.0,0.0,-0.2,0.023151,0.1,ohlcv_proxy,,,,
2016-02-25,3443.0,141202.0,0.0,0.0,-0.0,-0.1,0.020782,0.1,ohlcv_proxy,,,,
2016-02-26,3424.0,80952.0,0.0,0.0,-0.0,0.0,0.013386,0.0,ohlcv_proxy,,,,
2016-02-29,3458.0,83753.0,0.0,0.0,0.0,0.0,0.009207,0.0,ohlcv_proxy,,,,
2016-03-02,3649.0,237134.0,0.0,0.0,2e-06,0.1,0.021308,0.0,ohlcv_proxy,,,,
2016-03-03,3752.0,252018.0,0.0,0.0,2e-06,0.2,0.035962,0.0,ohlcv_proxy,,,,
2016-03-04,3752.0,114322.0,0.0,0.0,2e-06,0.2,0.051552,0.0,ohlcv_proxy,,,,
2016-03-07,3827.0,143738.0,0.0,0.0,2e-06,0.2,0.062442,0.0,ohlcv_proxy,,,,
2016-03-08,3766.0,110982.0,0.0,0.0,2e-06,0.2,0.06863,0.0,ohlcv_proxy,,,,
2016-03-09,3697.0,93895.0,0.0,0.0,1e-06,0.2,0.074261,0.0,ohlcv_proxy,,,,
2016-03-10,3697.0,54265.0,0.0,0.0,1e-06,0.2,0.074538,0.0,ohlcv_proxy,,,,
2016-03-11,3703.0,86386.0,0.0,0.0,1e-06,0.2,0.066618,0.0,ohlcv_proxy,,,,
2016-03-14,3759.0,74779.0,0.0,0.0,1e-06,0.2,0.042336,0.0,ohlcv_proxy,,,,
2016-03-15,3841.0,224694.0,0.0,0.0,2e-06,0.3,0.039658,0.0,ohlcv_proxy,,,,
2016-03-16,3827.0,71030.0,0.0,0.0,1e-06,0.2,0.042059,0.0,ohlcv_proxy,,,,
2016-03-17,3806.0,61415.0,0.0,0.0,1e-06,0.1,0.040216,0.0,ohlcv_proxy,,,,
2016-03-18,3684.0,144962.0,0.0,0.0,0.0,0.1,0.033214,0.0,ohlcv_proxy,,,,
2016-03-21,3691.0,49258.0,0.0,0.0,0.0,0.1,0.03037,0.0,ohlcv_proxy,,,,
2016-03-22,3656.0,54950.0,0.0,0.0,-0.0,0.1,0.012703,0.0,ohlcv_proxy,,,,
2016-03-23,3615.0,70760.0,0.0,0.0,-0.0,0.1,-0.000274,0.0,ohlcv_proxy,,,,
2016-03-24,3506.0,115017.0,0.0,0.0,-1e-06,0.1,-0.017489,0.0,ohlcv_proxy,,,,
2016-03-25,3512.0,44264.0,0.0,0.0,-1e-06,0.1,-0.031892,0.0,ohlcv_proxy,,,,
2016-03-28,3512.0,48280.0,0.0,0.0,-1e-06,0.1,-0.040597,0.0,ohlcv_proxy,,,,
2016-03-29,3498.0,81655.0,0.0,0.0,-1e-06,0.0,-0.048712,0.0,ohlcv_proxy,,,,
2016-03-30,3498.0,84317.0,0.0,0.0,-1e-06,0.0,-0.054492,0.0,ohlcv_proxy,,,,
2016-03-31,3506.0,91656.0,0.0,0.0,-1e-06,0.0,-0.050315,0.0,ohlcv_proxy,,,,
2016-04-01,3450.0,120161.0,0.0,0.0,-1e-06,0.0,-0.049591,0.0,ohlcv_proxy,,,,
2016-04-04,3334.0,179231.0,0.0,0.0,-2e-06,-0.1,-0.052163,0.0,ohlcv_proxy,,,,
2016-04-05,3382.0,66966.0,0.0,0.0,-1e-06,-0.1,-0.051986,0.0,ohlcv_proxy,,,,
2016-04-06,3416.0,65338.0,0.0,0.0,-1e-06,-0.1,-0.052537,0.0,ohlcv_proxy,,,,
2016-04-07,3334.0,101749.0,0.0,0.0,-2e-06,-0.1,-0.056549,0.0,ohlcv_proxy,,,,
2016-04-08,3310.0,70022.0,0.0,0.0,-2e-06,-0.1,-0.060093,0.0,ohlcv_proxy,,,,
2016-04-11,3317.0,60148.0,0.0,0.0,-1e-06,-0.1,-0.055245,0.0,ohlcv_proxy,,,,
2016-04-12,3424.0,104244.0,0.0,0.0,-0.0,-0.1,-0.038628,0.0,ohlcv_proxy,,,,
2016-04-14,3430.0,92799.0,0.0,0.0,-0.0,-0.1,-0.031997,0.0,ohlcv_proxy,,,,
2016-04-15,3526.0,111724.0,0.0,0.0,1e-06,-0.1,-0.01579,0.0,ohlcv_proxy,,,,
2016-04-18,3492.0,61103.0,0.0,0.0,0.0,-0.1,-0.002652,0.0,ohlcv_proxy,,,,
2016-04-19,3492.0,58036.0,0.0,0.0,0.0,0.0,0.006043,0.0,ohlcv_proxy,,,,
2016-04-20,3519.0,91656.0,0.0,0.0,0.0,0.0,0.013385,0.0,ohlcv_proxy,,,,
2016-04-21,3498.0,93449.0,0.0,0.0,0.0,0.0,0.018997,0.0,ohlcv_proxy,,,,
2016-04-22,3512.0,79295.0,0.0,0.0,0.0,0.0,0.018032,0.0,ohlcv_proxy,,,,
2016-04-25,3697.0,411527.0,0.0,0.0,2e-06,0.1,0.034984,0.0,ohlcv_proxy,,,,
2016-04-26,3600.0,138233.0,0.0,0.0,1e-06,0.1,0.034892,0.0,ohlcv_proxy,,,,
2016-04-27,3697.0,255617.0,0.0,0.0,1e-06,0.2,0.036907,0.0,ohlcv_proxy,,,,
2016-04-28,3635.0,166254.0,0.0,0.0,1e-06,0.2,0.037526,0.0,ohlcv_proxy,,,,
2016-04-29,3691.0,96212.0,0.0,0.0,1e-06,0.2,0.039279,0.0,ohlcv_proxy,,,,
2016-05-02,3622.0,120380.0,0.0,0.0,1e-06,0.2,0.03109,0.0,ohlcv_proxy,,,,
2016-05-03,3581.0,185893.0,0.0,0.0,0.0,0.1,0.023708,0.0,ohlcv_proxy,,,,
2016-05-04,3663.0,2014612.0,0.0,0.0,1e-06,0.2,0.011927,0.0,ohlcv_proxy,,,,
2016-05-09,3546.0,276365.0,0.0,0.0,-0.0,0.2,0.009502,0.0,ohlcv_proxy,,,,
2016-05-10,3506.0,182793.0,0.0,0.0,-0.0,0.2,0.005993,0.0,ohlcv_proxy,,,,
2016-05-11,3532.0,100138.0,0.0,0.0,-0.0,0.1,0.004336,0.0,ohlcv_proxy,,,,
2016-05-12,3574.0,139864.0,0.0,0.0,0.0,0.1,0.003761,0.0,ohlcv_proxy,,,,
2016-05-13,3540.0,78832.0,0.0,0.0,-0.0,0.0,-0.022433,0.0,ohlcv_proxy,,,,
2016-05-16,3424.0,217980.0,0.0,0.0,-1e-06,0.0,-0.031413,0.0,ohlcv_proxy,,,,
2016-05-17,3286.0,317659.0,0.0,0.0,-2e-06,0.0,-0.048955,0.0,ohlcv_proxy,,,,
2016-05-18,3011.0,346527.0,0.0,0.0,-5e-06,0.0,-0.078242,0.0,ohlcv_proxy,,,,
2016-05-19,2854.0,517065.0,0.0,0.0,-6e-06,0.0,-0.112587,0.0,ohlcv_proxy,,,,
2016-05-20,2934.0,177052.0,0.0,0.0,-4e-06,-0.1,-0.119955,0.0,ohlcv_proxy,,,,
2016-05-23,3207.0,397730.0,0.0,0.0,-1e-06,-0.1,-0.118972,0.0,ohlcv_proxy,,,,
2016-05-24,3139.0,150948.0,0.0,0.0,-2e-06,-0.1,-0.128004,0.0,ohlcv_proxy,,,,
2016-05-25,3118.0,167894.0,0.0,0.0,-2e-06,-0.1,-0.117664,0.0,ohlcv_proxy,,,,
2016-05-26,3166.0,110148.0,0.0,0.0,-1e-06,-0.1,-0.085074,0.0,ohlcv_proxy,,,,
2016-05-27,3197.0,118208.0,0.0,0.0,-1e-06,-0.1,-0.067397,0.0,ohlcv_proxy,,,,
2016-05-30,3228.0,112391.0,0.0,0.0,-0.0,-0.1,-0.067768,0.0,ohlcv_proxy,,,,
2016-05-31,3242.0,123787.0,0.0,0.0,-0.0,-0.1,-0.059271,0.0,ohlcv_proxy,,,,
2016-06-01,3232.0,56507.0,0.0,0.0,-0.0,-0.1,-0.049593,0.0,ohlcv_proxy,,,,
2016-06-02,3265.0,109413.0,0.0,0.0,0.0,0.0,-0.04093,0.0,ohlcv_proxy,,,,
2016-06-03,3197.0,111856.0,0.0,0.0,-1e-06,0.0,0.006894,0.0,ohlcv_proxy,,,,
2016-06-07,3115.0,121246.0,0.0,0.0,-1e-06,0.0,0.00765,0.0,ohlcv_proxy,,,,
2016-06-08,3132.0,87137.0,0.0,0.0,-1e-06,0.0,0.006258,0.0,ohlcv_proxy,,,,
2016-06-09,3166.0,97481.0,0.0,0.0,-1e-06,0.0,0.00685,0.0,ohlcv_proxy,,,,
2016-06-10,3248.0,62047.0,0.0,0.0,0.0,0.0,0.008216,0.0,ohlcv_proxy,,,,
2016-06-13,3218.0,64241.0,0.0,0.0,-0.0,0.0,0.010543,0.0,ohlcv_proxy,,,,
2016-06-14,3225.0,85166.0,0.0,0.0,-0.0,0.0,0.025012,0.0,ohlcv_proxy,,,,
2016-06-15,3232.0,69448.0,0.0,0.0,0.0,0.0,0.036806,0.0,ohlcv_proxy,,,,
2016-06-16,3129.0,119050.0,0.0,0.0,-1e-06,0.0,0.028454,0.0,ohlcv_proxy,,,,
2016-06-17,3191.0,47078.0,0.0,0.0,-0.0,0.0,0.007066,0.0,ohlcv_proxy,,,,
2016-06-20,3211.0,40682.0,0.0,0.0,-0.0,0.0,0.0002,0.0,ohlcv_proxy,,,,
2016-06-21,3214.0,47906.0,0.0,0.0,-0.0,0.0,-0.000582,0.0,ohlcv_proxy,,,,
2016-06-22,3472.0,862862.0,0.0,0.0,2e-06,0.1,0.036821,0.0,ohlcv_proxy,,,,
2016-06-23,3622.0,1370261.0,0.0,0.0,3e-06,0.2,0.038713,0.0,ohlcv_proxy,,,,
2016-06-24,3485.0,799067.0,0.0,0.0,2e-06,0.1,0.03013,0.1,ohlcv_proxy,,,,
2016-06-27,3669.0,514448.0,0.0,0.0,3e-06,0.2,0.027649,0.1,ohlcv_proxy,,,,
2016-06-28,3739.0,629022.0,0.0,0.0,3e-06,0.3,0.025722,0.1,ohlcv_proxy,,,,
2016-06-29,3752.0,379356.0,0.0,0.0,3e-06,0.3,0.031644,0.1,ohlcv_proxy,,,,
2016-06-30,3718.0,274254.0,0.0,0.0,2e-06,0.3,0.032243,0.1,ohlcv_proxy,,,,
2016-07-01,3820.0,246435.0,0.0,0.0,3e-06,0.3,0.051112,0.1,ohlcv_proxy,,,,
2016-07-04,4141.0,1179080.0,0.0,0.0,5e-06,0.4,0.073333,0.1,ohlcv_proxy,,,,
2016-07-05,4184.0,534398.0,0.0,0.0,4e-06,0.4,0.086229,0.1,ohlcv_proxy,,,,
2016-07-06,4005.0,724313.0,0.0,0.0,3e-06,0.2,0.084826,0.1,ohlcv_proxy,,,,
2016-07-07,4101.0,328753.0,0.0,0.0,3e-06,0.1,0.088281,0.1,ohlcv_proxy,,,,
2016-07-08,4197.0,423308.0,0.0,0.0,3e-06,0.2,0.090411,0.0,ohlcv_proxy,,,,
2016-07-11,4314.0,674745.0,0.0,0.0,4e-06,0.1,0.088668,0.0,ohlcv_proxy,,,,
2016-07-12,4423.0,484372.0,0.0,0.0,4e-06,0.0,0.090032,0.0,ohlcv_proxy,,,,
2016-07-13,4711.0,1151457.0,0.0,0.0,5e-06,0.1,0.124028,0.0,ohlcv_proxy,,,,
2016-07-14,4622.0,474037.0,0.0,0.0,4e-06,0.1,0.128989,0.0,ohlcv_proxy,,,,
2016-07-15,4402.0,381545.0,0.0,0.0,3e-06,0.1,0.131386,0.0,ohlcv_proxy,,,,
2016-07-18,4491.0,269876.0,0.0,0.0,3e-06,0.0,0.139721,0.0,ohlcv_proxy,,,,
2016-07-19,4347.0,431746.0,0.0,0.0,2e-06,0.0,0.133288,0.0,ohlcv_proxy,,,,
2016-07-20,4554.0,573881.0,0.0,0.0,3e-06,0.1,0.095506,0.0,ohlcv_proxy,,,,
2016-07-21,4594.0,627339.0,0.0,0.0,3e-06,0.1,0.073007,0.0,ohlcv_proxy,,,,
2016-07-22,4430.0,407383.0,0.0,0.0,2e-06,0.1,0.058365,0.0,ohlcv_proxy,,,,
2016-07-25,4347.0,402412.0,0.0,0.0,1e-06,0.1,0.044867,0.0,ohlcv_proxy,,,,
2016-07-26,4334.0,335845.0,0.0,0.0,1e-06,0.1,0.037201,0.0,ohlcv_proxy,,,,
2016-07-27,4273.0,203953.0,0.0,0.0,0.0,0.0,0.022313,0.0,ohlcv_proxy,,,,
2016-07-28,4450.0,294004.0,0.0,0.0,1e-06,0.0,0.004192,0.0,ohlcv_proxy,,,,
2016-07-29,4821.0,2462453.0,0.0,0.0,3e-06,0.1,0.046263,0.0,ohlcv_proxy,,,,
2016-08-01,4985.0,740969.0,0.0,0.0,3e-06,0.1,0.051413,0.0,ohlcv_proxy,,,,
2016-08-02,5060.0,887518.0,0.0,0.0,3e-06,0.1,0.058708,0.0,ohlcv_proxy,,,,
2016-08-03,4882.0,425570.0,0.0,0.0,2e-06,0.1,0.054256,0.0,ohlcv_proxy,,,,
2016-08-04,4916.0,261479.0,0.0,0.0,2e-06,0.1,0.055639,0.0,ohlcv_proxy,,,,
2016-08-05,4752.0,402131.0,0.0,0.0,1e-06,0.1,0.062103,0.0,ohlcv_proxy,,,,
2016-08-08,4745.0,303655.0,0.0,0.0,1e-06,0.1,0.04882,0.0,ohlcv_proxy,,,,
2016-08-09,4594.0,512558.0,0.0,0.0,0.0,0.1,0.014429,0.0,ohlcv_proxy,,,,
2016-08-10,4526.0,369264.0,0.0,0.0,-0.0,0.1,0.000128,0.0,ohlcv_proxy,,,,
2016-08-11,4320.0,768796.0,0.0,0.0,-1e-06,0.1,-0.02606,0.0,ohlcv_proxy,,,,
2016-08-12,4725.0,862507.0,0.0,0.0,1e-06,0.0,-0.023202,0.0,ohlcv_proxy,,,,
2016-08-16,4628.0,474552.0,0.0,0.0,0.0,0.0,-0.02548,0.0,ohlcv_proxy,,,,
2016-08-17,4505.0,488920.0,0.0,0.0,-0.0,0.0,-0.029705,0.0,ohlcv_proxy,,,,
2016-08-18,4855.0,438173.0,0.0,0.0,1e-06,0.0,-0.02231,0.0,ohlcv_proxy,,,,
2016-08-19,4793.0,220100.0,0.0,0.0,1e-06,0.0,-0.002265,0.0,ohlcv_proxy,,,,
2016-08-22,4731.0,107033.0,0.0,0.0,1e-06,0.0,-0.007439,0.0,ohlcv_proxy,,,,
2016-08-23,4704.0,174564.0,0.0,0.0,0.0,0.0,-0.006099,0.0,ohlcv_proxy,,,,
2016-08-24,4718.0,120725.0,0.0,0.0,0.0,0.0,0.010542,0.0,ohlcv_proxy,,,,
2016-08-25,4560.0,269618.0,0.0,0.0,-0.0,0.0,-0.011818,0.0,ohlcv_proxy,,,,
2016-08-26,4486.0,179864.0,0.0,0.0,-1e-06,0.0,-0.027317,0.0,ohlcv_proxy,,,,
2016-08-29,4382.0,294470.0,0.0,0.0,-1e-06,0.0,-0.036789,0.0,ohlcv_proxy,,,,
2016-08-30,4375.0,126261.0,0.0,0.0,-1e-06,0.0,-0.040917,0.0,ohlcv_proxy,,,,
2016-08-31,4224.0,398262.0,0.0,0.0,-2e-06,0.0,-0.048728,0.0,ohlcv_proxy,,,,
2016-09-01,4245.0,177639.0,0.0,0.0,-1e-06,0.0,-0.056703,0.0,ohlcv_proxy,,,,
2016-09-02,4486.0,238758.0,0.0,0.0,-0.0,0.0,-0.051714,0.0,ohlcv_proxy,,,,
2016-09-05,4540.0,219650.0,0.0,0.0,0.0,0.0,-0.043395,0.0,ohlcv_proxy,,,,
2016-09-06,4443.0,127685.0,0.0,0.0,-0.0,0.0,-0.039439,0.0,ohlcv_proxy,,,,
2016-09-07,4300.0,245378.0,0.0,0.0,-1e-06,0.0,-0.027774,0.0,ohlcv_proxy,,,,
2016-09-08,4177.0,363153.0,0.0,0.0,-2e-06,0.0,-0.033516,0.0,ohlcv_proxy,,,,
2016-09-09,4177.0,170643.0,0.0,0.0,-1e-06,0.0,-0.048905,0.0,ohlcv_proxy,,,,
2016-09-12,4067.0,114219.0,0.0,0.0,-2e-06,0.0,-0.056528,0.0,ohlcv_proxy,,,,
2016-09-13,4121.0,108316.0,0.0,0.0,-1e-06,0.0,-0.060249,0.0,ohlcv_proxy,,,,
2016-09-19,4170.0,58910.0,0.0,0.0,-1e-06,0.0,-0.066041,0.0,ohlcv_proxy,,,,
2016-09-20,4177.0,88468.0,0.0,0.0,-1e-06,0.0,-0.057425,0.0,ohlcv_proxy,,,,
2016-09-21,4170.0,94135.0,0.0,0.0,-1e-06,0.0,-0.052687,0.0,ohlcv_proxy,,,,
2016-09-22,4361.0,222710.0,0.0,0.0,0.0,0.0,-0.027065,0.0,ohlcv_proxy,,,,
2016-09-23,4239.0,84985.0,0.0,0.0,-0.0,0.0,-0.01743,0.0,ohlcv_proxy,,,,
2016-09-26,4184.0,81064.0,0.0,0.0,-1e-06,0.0,-0.01414,0.0,ohlcv_proxy,,,,
2016-09-27,4224.0,80889.0,0.0,0.0,-0.0,0.0,-0.007521,0.0,ohlcv_proxy,,,,
2016-09-28,4334.0,1175761.0,0.0,0.0,0.0,0.1,0.004673,0.0,ohlcv_proxy,,,,
2016-09-29,4375.0,146482.0,0.0,0.0,0.0,0.1,0.005226,0.0,ohlcv_proxy,,,,
2016-09-30,4314.0,125625.0,0.0,0.0,0.0,0.1,0.006535,0.0,ohlcv_proxy,,,,
2016-10-04,4293.0,171929.0,0.0,0.0,-0.0,0.1,0.005773,0.0,ohlcv_proxy,,,,
2016-10-05,4115.0,270312.0,0.0,0.0,-1e-06,0.1,0.002004,0.0,ohlcv_proxy,,,,
2016-10-06,4197.0,173065.0,0.0,0.0,-0.0,0.1,-0.009449,0.0,ohlcv_proxy,,,,
2016-10-07,4149.0,207526.0,0.0,0.0,-1e-06,0.1,-0.0142,0.0,ohlcv_proxy,,,,
2016-10-10,4129.0,85282.0,0.0,0.0,-1e-06,0.1,-0.017545,0.0,ohlcv_proxy,,,,
2016-10-11,4107.0,290622.0,0.0,0.0,-1e-06,0.1,-0.023682,0.0,ohlcv_proxy,,,,
2016-10-12,4067.0,113001.0,0.0,0.0,-1e-06,0.1,-0.02444,0.0,ohlcv_proxy,,,,
2016-10-13,3916.0,265939.0,0.0,0.0,-2e-06,0.0,-0.036984,0.0,ohlcv_proxy,,,,
2016-10-14,3861.0,184691.0,0.0,0.0,-2e-06,0.0,-0.0482,0.0,ohlcv_proxy,,,,
2016-10-17,3745.0,199509.0,0.0,0.0,-3e-06,0.0,-0.057718,0.0,ohlcv_proxy,,,,
2016-10-18,3656.0,227001.0,0.0,0.0,-3e-06,0.0,-0.078836,0.0,ohlcv_proxy,,,,
2016-10-19,3677.0,127829.0,0.0,0.0,-2e-06,0.0,-0.086722,0.0,ohlcv_proxy,,,,
2016-10-20,3718.0,101026.0,0.0,0.0,-2e-06,0.0,-0.096495,0.0,ohlcv_proxy,,,,
2016-10-21,3629.0,136010.0,0.0,0.0,-2e-06,0.0,-0.101942,0.0,ohlcv_proxy,,,,
2016-10-24,3642.0,105857.0,0.0,0.0,-2e-06,0.0,-0.104624,0.0,ohlcv_proxy,,,,
2016-10-25,3594.0,83214.0,0.0,0.0,-2e-06,0.0,-0.104049,0.0,ohlcv_proxy,,,,
2016-10-26,3519.0,113795.0,0.0,0.0,-3e-06,0.0,-0.108535,0.0,ohlcv_proxy,,,,
2016-10-27,3697.0,110787.0,0.0,0.0,-1e-06,0.0,-0.083932,0.0,ohlcv_proxy,,,,
2016-10-28,3560.0,124076.0,0.0,0.0,-2e-06,0.0,-0.080016,0.0,ohlcv_proxy,,,,
2016-10-31,3506.0,161628.0,0.0,0.0,-2e-06,0.0,-0.080098,0.0,ohlcv_proxy,,,,
2016-11-01,3560.0,94343.0,0.0,0.0,-2e-06,0.0,-0.073721,0.0,ohlcv_proxy,,,,
2016-11-02,3450.0,189561.0,0.0,0.0,-2e-06,0.0,-0.06843,0.0,ohlcv_proxy,,,,
2016-11-03,3526.0,280191.0,0.0,0.0,-1e-06,0.1,-0.063784,0.0,ohlcv_proxy,,,,
2016-11-04,3600.0,91985.0,0.0,0.0,-1e-06,0.1,-0.05522,0.0,ohlcv_proxy,,,,
2016-11-07,3656.0,135381.0,0.0,0.0,-0.0,0.1,-0.044659,0.0,ohlcv_proxy,,,,
2016-11-08,3581.0,181822.0,0.0,0.0,-1e-06,0.1,-0.031025,0.0,ohlcv_proxy,,,,
2016-11-09,3458.0,363197.0,0.0,0.0,-2e-06,0.0,-0.024977,0.1,ohlcv_proxy,,,,
2016-11-10,3532.0,105352.0,0.0,0.0,-1e-06,0.0,-0.016697,0.1,ohlcv_proxy,,,,
2016-11-11,3546.0,43224.0,0.0,0.0,-1e-06,0.0,-0.013814,0.1,ohlcv_proxy,,,,
2016-11-14,3649.0,102171.0,0.0,0.0,0.0,0.0,-0.013049,0.1,ohlcv_proxy,,,,
2016-11-15,3649.0,55040.0,0.0,0.0,0.0,0.0,-0.012925,0.1,ohlcv_proxy,,,,
2016-11-16,3732.0,120014.0,0.0,0.0,1e-06,0.0,0.018088,0.1,ohlcv_proxy,,,,
2016-11-17,3759.0,71267.0,0.0,0.0,1e-06,-0.1,0.03229,0.1,ohlcv_proxy,,,,
2016-11-18,3677.0,34555.0,0.0,0.0,0.0,-0.1,0.036986,0.1,ohlcv_proxy,,,,
2016-11-21,3560.0,43001.0,0.0,0.0,-1e-06,-0.1,0.037146,0.1,ohlcv_proxy,,,,
2016-11-22,3615.0,28391.0,0.0,0.0,-0.0,-0.1,0.037527,0.1,ohlcv_proxy,,,,
2016-11-23,3552.0,79175.0,0.0,0.0,-1e-06,0.0,0.019827,0.0,ohlcv_proxy,,,,
2016-11-24,3478.0,70259.0,0.0,0.0,-1e-06,0.0,0.000455,0.0,ohlcv_proxy,,,,
2016-11-25,3540.0,19638.0,0.0,0.0,-1e-06,0.0,-0.004679,0.0,ohlcv_proxy,,,,
2016-11-28,3519.0,30635.0,0.0,0.0,-1e-06,0.0,-0.007447,0.0,ohlcv_proxy,,,,
2016-11-29,3512.0,57450.0,0.0,0.0,-1e-06,0.0,-0.010891,0.0,ohlcv_proxy,,,,
2016-11-30,3560.0,46397.0,0.0,0.0,-0.0,0.0,-0.014705,0.0,ohlcv_proxy,,,,
2016-12-01,3560.0,36640.0,0.0,0.0,-0.0,0.0,-0.010299,0.0,ohlcv_proxy,,,,
2016-12-02,3512.0,51355.0,0.0,0.0,-1e-06,0.0,-0.011061,0.0,ohlcv_proxy,,,,
2016-12-05,3574.0,99308.0,0.0,0.0,-0.0,0.0,-0.00468,0.0,ohlcv_proxy,,,,
2016-12-06,3669.0,64656.0,0.0,0.0,1e-06,0.0,0.003957,0.0,ohlcv_proxy,,,,
2016-12-07,3608.0,52914.0,0.0,0.0,0.0,0.0,-0.003382,0.0,ohlcv_proxy,,,,
2016-12-08,3608.0,129366.0,0.0,0.0,0.0,0.0,-0.002691,0.0,ohlcv_proxy,,,,
2016-12-09,3608.0,87083.0,0.0,0.0,0.0,0.0,0.000121,0.0,ohlcv_proxy,,,,
2016-12-12,3615.0,147481.0,0.0,0.0,0.0,0.1,0.003293,0.0,ohlcv_proxy,,,,
2016-12-13,3773.0,248633.0,0.0,0.0,1e-06,0.2,0.010739,0.0,ohlcv_proxy,,,,
2016-12-14,3773.0,246534.0,0.0,0.0,1e-06,0.2,0.015988,0.0,ohlcv_proxy,,,,
2016-12-15,3430.0,10691479.0,0.0,0.0,-2e-06,0.1,-0.002441,0.1,ohlcv_proxy,,,,
2016-12-16,3355.0,1170878.0,0.0,0.0,-2e-06,0.0,-0.002561,0.1,ohlcv_proxy,,,,
2016-12-19,3406.0,605901.0,0.0,0.0,-1e-06,0.0,-0.002965,0.1,ohlcv_proxy,,,,
2016-12-20,3430.0,645215.0,0.0,0.0,-1e-06,0.0,-0.00457,0.1,ohlcv_proxy,,,,
2016-12-21,3424.0,291846.0,0.0,0.0,-1e-06,0.0,-0.006156,0.1,ohlcv_proxy,,,,
2016-12-22,3382.0,801904.0,0.0,0.0,-1e-06,0.0,-0.014727,0.1,ohlcv_proxy,,,,
2016-12-23,3403.0,392083.0,0.0,0.0,-1e-06,0.0,-0.00958,0.1,ohlcv_proxy,,,,
2016-12-26,3313.0,538549.0,0.0,0.0,-2e-06,-0.1,-0.013805,0.1,ohlcv_proxy,,,,
2016-12-27,3331.0,293657.0,0.0,0.0,-1e-06,-0.2,-0.01874,0.1,ohlcv_proxy,,,,
2016-12-28,3390.0,218618.0,0.0,0.0,-1e-06,-0.2,-0.019975,0.1,ohlcv_proxy,,,,
2016-12-29,3635.0,1117735.0,0.0,0.0,1e-06,-0.1,0.009225,0.0,ohlcv_proxy,,,,
2017-01-02,3800.0,904971.0,0.0,0.0,2e-06,0.0,0.034525,0.0,ohlcv_proxy,,,,
2017-01-03,3786.0,722941.0,0.0,0.0,2e-06,0.0,0.056948,0.0,ohlcv_proxy,,,,
2017-01-04,3868.0,743805.0,0.0,0.0,2e-06,0.0,0.071768,0.0,ohlcv_proxy,,,,
2017-01-05,3786.0,561529.0,0.0,0.0,2e-06,0.0,0.07666,0.0,ohlcv_proxy,,,,
2017-01-06,3923.0,959213.0,0.0,0.0,2e-06,0.0,0.092662,0.0,ohlcv_proxy,,,,
2017-01-09,3902.0,599414.0,0.0,0.0,2e-06,0.0,0.095252,0.0,ohlcv_proxy,,,,
2017-01-10,3732.0,704383.0,0.0,0.0,1e-06,0.0,0.090496,0.0,ohlcv_proxy,,,,
2017-01-11,3766.0,567957.0,0.0,0.0,1e-06,0.0,0.084379,0.0,ohlcv_proxy,,,,
2017-01-12,3766.0,592936.0,0.0,0.0,1e-06,0.0,0.082234,0.0,ohlcv_proxy,,,,
2017-01-13,3902.0,707006.0,0.0,0.0,2e-06,0.0,0.047365,0.0,ohlcv_proxy,,,,
2017-01-16,3759.0,423936.0,0.0,0.0,0.0,0.0,0.031589,0.0,ohlcv_proxy,,,,
2017-01-17,3732.0,267240.0,0.0,0.0,0.0,0.0,0.030114,0.0,ohlcv_proxy,,,,
2017-01-18,3745.0,267092.0,0.0,0.0,0.0,0.0,0.026299,0.0,ohlcv_proxy,,,,
2017-01-19,3745.0,449177.0,0.0,0.0,0.0,0.0,0.023392,0.0,ohlcv_proxy,,,,
2017-01-20,3663.0,311822.0,0.0,0.0,-0.0,0.0,-0.000602,0.0,ohlcv_proxy,,,,
2017-01-23,3964.0,2283641.0,0.0,0.0,2e-06,0.1,0.024661,0.0,ohlcv_proxy,,,,
2017-01-24,3964.0,837444.0,0.0,0.0,2e-06,0.1,0.023696,0.0,ohlcv_proxy,,,,
2017-01-25,4232.0,1556239.0,0.0,0.0,3e-06,0.2,0.035821,0.0,ohlcv_proxy,,,,
2017-01-26,4239.0,588008.0,0.0,0.0,3e-06,0.2,0.041875,0.0,ohlcv_proxy,,,,
2017-01-31,4155.0,372164.0,0.0,0.0,2e-06,0.2,0.042056,0.0,ohlcv_proxy,,,,
2017-02-01,4280.0,607277.0,0.0,0.0,2e-06,0.2,0.060647,0.0,ohlcv_proxy,,,,
2017-02-02,4163.0,462623.0,0.0,0.0,2e-06,0.2,0.068619,0.0,ohlcv_proxy,,,,
2017-02-03,4141.0,360454.0,0.0,0.0,1e-06,0.2,0.061574,0.0,ohlcv_proxy,,,,
2017-02-06,4129.0,308374.0,0.0,0.0,1e-06,0.2,0.053419,0.0,ohlcv_proxy,,,,
2017-02-07,4005.0,554517.0,0.0,0.0,0.0,0.2,0.042307,0.0,ohlcv_proxy,,,,
2017-02-08,4149.0,260983.0,0.0,0.0,1e-06,0.1,0.030103,0.0,ohlcv_proxy,,,,
2017-02-09,4094.0,306561.0,0.0,0.0,1e-06,0.1,0.021409,0.0,ohlcv_proxy,,,,
2017-02-10,4067.0,308943.0,0.0,0.0,0.0,0.0,0.014435,0.0,ohlcv_proxy,,,,
2017-02-13,3944.0,294356.0,0.0,0.0,-0.0,0.0,0.003708,0.0,ohlcv_proxy,,,,
2017-02-14,3847.0,504992.0,0.0,0.0,-1e-06,0.0,-0.007781,0.0,ohlcv_proxy,,,,
2017-02-15,3902.0,289321.0,0.0,0.0,-0.0,0.0,-0.019251,0.0,ohlcv_proxy,,,,
2017-02-16,3950.0,253229.0,0.0,0.0,-0.0,0.0,-0.027101,0.0,ohlcv_proxy,,,,
2017-02-17,3800.0,405133.0,0.0,0.0,-1e-06,0.0,-0.040183,0.0,ohlcv_proxy,,,,
2017-02-20,3944.0,425496.0,0.0,0.0,-0.0,0.0,-0.040943,0.0,ohlcv_proxy,,,,
2017-02-21,3889.0,438347.0,0.0,0.0,-0.0,0.0,-0.039171,0.0,ohlcv_proxy,,,,
2017-02-22,3916.0,308066.0,0.0,0.0,-0.0,0.0,-0.042512,0.0,ohlcv_proxy,,,,
2017-02-23,3766.0,512322.0,0.0,0.0,-1e-06,0.0,-0.050197,0.0,ohlcv_proxy,,,,
2017-02-24,3498.0,1113997.0,0.0,0.0,-3e-06,-0.1,-0.059492,0.1,ohlcv_proxy,,,,
2017-02-27,3498.0,282526.0,0.0,0.0,-3e-06,-0.1,-0.066176,0.1,ohlcv_proxy,,,,
2017-02-28,3552.0,190081.0,0.0,0.0,-2e-06,-0.1,-0.074385,0.1,ohlcv_proxy,,,,
2017-03-02,3443.0,337035.0,0.0,0.0,-3e-06,-0.1,-0.078783,0.1,ohlcv_proxy,,,,
2017-03-03,3443.0,225890.0,0.0,0.0,-2e-06,-0.1,-0.087762,0.1,ohlcv_proxy,,,,
2017-03-06,3546.0,220046.0,0.0,0.0,-1e-06,-0.1,-0.081768,0.1,ohlcv_proxy,,,,
2017-03-07,3478.0,289155.0,0.0,0.0,-2e-06,-0.1,-0.076678,0.1,ohlcv_proxy,,,,
2017-03-08,3438.0,270167.0,0.0,0.0,-2e-06,-0.1,-0.074295,0.1,ohlcv_proxy,,,,
2017-03-09,3430.0,120571.0,0.0,0.0,-2e-06,-0.1,-0.068434,0.1,ohlcv_proxy,,,,
2017-03-10,3540.0,1209919.0,0.0,0.0,-1e-06,0.0,-0.046049,0.1,ohlcv_proxy,,,,
2017-03-13,3532.0,279942.0,0.0,0.0,-1e-06,0.1,-0.041033,0.0,ohlcv_proxy,,,,
2017-03-14,3519.0,271750.0,0.0,0.0,-1e-06,0.1,-0.035507,0.0,ohlcv_proxy,,,,
2017-03-15,3478.0,232503.0,0.0,0.0,-1e-06,0.1,-0.029045,0.0,ohlcv_proxy,,,,
2017-03-16,3498.0,580184.0,0.0,0.0,-1e-06,0.1,-0.024177,0.0,ohlcv_proxy,,,,
2017-03-17,3498.0,270344.0,0.0,0.0,-1e-06,0.1,-0.025055,0.0,ohlcv_proxy,,,,
2017-03-20,3552.0,229486.0,0.0,0.0,-0.0,0.1,-0.02125,0.0,ohlcv_proxy,,,,
2017-03-21,3438.0,563389.0,0.0,0.0,-1e-06,0.1,-0.019394,0.0,ohlcv_proxy,,,,
2017-03-22,3450.0,203020.0,0.0,0.0,-1e-06,0.1,-0.01418,0.0,ohlcv_proxy,,,,
2017-03-23,3420.0,134686.0,0.0,0.0,-1e-06,0.1,-0.012871,0.0,ohlcv_proxy,,,,
2017-03-24,3450.0,195101.0,0.0,0.0,-1e-06,0.0,-0.009829,0.0,ohlcv_proxy,,,,
2017-03-27,3498.0,123997.0,0.0,0.0,-0.0,0.0,-0.013502,0.0,ohlcv_proxy,,,,
2017-03-28,3506.0,150939.0,0.0,0.0,-0.0,0.0,-0.008718,0.0,ohlcv_proxy,,,,
2017-03-29,3485.0,149635.0,0.0,0.0,-0.0,0.0,-0.005888,0.0,ohlcv_proxy,,,,
2017-03-30,3450.0,180605.0,0.0,0.0,-1e-06,0.0,-0.005207,0.0,ohlcv_proxy,,,,
2017-03-31,3512.0,139085.0,0.0,0.0,-0.0,0.0,-0.002045,0.0,ohlcv_proxy,,,,
2017-04-03,3594.0,281142.0,0.0,0.0,1e-06,0.0,0.006208,0.0,ohlcv_proxy,,,,
2017-04-04,3600.0,242877.0,0.0,0.0,1e-06,0.0,0.010903,0.0,ohlcv_proxy,,,,
2017-04-05,3677.0,347331.0,0.0,0.0,1e-06,0.0,0.020368,0.0,ohlcv_proxy,,,,
2017-04-06,3827.0,664586.0,0.0,0.0,2e-06,0.1,0.041608,0.0,ohlcv_proxy,,,,
2017-04-07,3847.0,373360.0,0.0,0.0,2e-06,0.1,0.047179,0.0,ohlcv_proxy,,,,
2017-04-10,3739.0,316338.0,0.0,0.0,1e-06,0.1,0.049711,0.0,ohlcv_proxy,,,,
2017-04-11,3732.0,302420.0,0.0,0.0,1e-06,0.1,0.050709,0.0,ohlcv_proxy,,,,
2017-04-12,3861.0,425635.0,0.0,0.0,2e-06,0.1,0.05312,0.0,ohlcv_proxy,,,,
2017-04-13,3882.0,294572.0,0.0,0.0,2e-06,0.1,0.047107,0.0,ohlcv_proxy,,,,
2017-04-14,3732.0,440540.0,0.0,0.0,0.0,0.0,0.035758,0.0,ohlcv_proxy,,,,
2017-04-17,3813.0,303672.0,0.0,0.0,1e-06,0.0,0.035867,0.0,ohlcv_proxy,,,,
2017-04-18,3930.0,473356.0,0.0,0.0,2e-06,0.1,0.034901,0.0,ohlcv_proxy,,,,
2017-04-19,3902.0,597854.0,0.0,0.0,1e-06,0.0,0.030901,0.0,ohlcv_proxy,,,,
2017-04-20,3854.0,250353.0,0.0,0.0,1e-06,-0.1,0.026717,0.0,ohlcv_proxy,,,,
2017-04-21,3876.0,214271.0,0.0,0.0,1e-06,-0.1,0.031416,0.0,ohlcv_proxy,,,,
2017-04-24,3930.0,389419.0,0.0,0.0,1e-06,-0.1,0.032783,0.0,ohlcv_proxy,,,,
2017-04-25,3964.0,601187.0,0.0,0.0,1e-06,0.0,0.029923,0.0,ohlcv_proxy,,,,
2017-04-26,4027.0,389010.0,0.0,0.0,2e-06,0.0,0.032241,0.0,ohlcv_proxy,,,,
2017-04-27,3882.0,406942.0,0.0,0.0,1e-06,0.0,0.028559,0.0,ohlcv_proxy,,,,
2017-04-28,3622.0,1117614.0,0.0,0.0,-1e-06,0.0,0.003551,0.1,ohlcv_proxy,,,,
2017-05-02,3560.0,602391.0,0.0,0.0,-2e-06,0.0,-0.010647,0.1,ohlcv_proxy,,,,
2017-05-04,3574.0,297166.0,0.0,0.0,-1e-06,-0.1,-0.026731,0.1,ohlcv_proxy,,,,
2017-05-08,3581.0,196412.0,0.0,0.0,-1e-06,0.0,-0.041896,0.1,ohlcv_proxy,,,,
2017-05-10,3560.0,184499.0,0.0,0.0,-1e-06,0.0,-0.05242,0.1,ohlcv_proxy,,,,
2017-05-11,3588.0,178505.0,0.0,0.0,-1e-06,0.0,-0.056771,0.1,ohlcv_proxy,,,,
2017-05-12,3725.0,722663.0,0.0,0.0,0.0,0.1,-0.036139,0.1,ohlcv_proxy,,,,
2017-05-15,3669.0,329897.0,0.0,0.0,-0.0,0.0,-0.030698,0.1,ohlcv_proxy,,,,
2017-05-16,3581.0,286886.0,0.0,0.0,-1e-06,0.0,-0.028984,0.1,ohlcv_proxy,,,,
2017-05-17,3552.0,146760.0,0.0,0.0,-1e-06,0.0,-0.026503,0.1,ohlcv_proxy,,,,
2017-05-18,3560.0,265242.0,0.0,0.0,-1e-06,0.1,-0.027236,0.0,ohlcv_proxy,,,,
2017-05-19,3622.0,139812.0,0.0,0.0,-0.0,0.1,-0.039104,0.0,ohlcv_proxy,,,,
2017-05-22,3588.0,166192.0,0.0,0.0,-1e-06,0.1,-0.041733,0.0,ohlcv_proxy,,,,
2017-05-23,3532.0,218014.0,0.0,0.0,-1e-06,0.1,-0.039614,0.0,ohlcv_proxy,,,,
2017-05-24,3506.0,159170.0,0.0,0.0,-1e-06,0.1,-0.039228,0.0,ohlcv_proxy,,,,
2017-05-25,3458.0,360813.0,0.0,0.0,-1e-06,0.1,-0.044182,0.0,ohlcv_proxy,,,,
2017-05-26,3512.0,211359.0,0.0,0.0,-1e-06,0.0,-0.043223,0.0,ohlcv_proxy,,,,
2017-05-29,3532.0,197309.0,0.0,0.0,-1e-06,0.0,-0.03708,0.0,ohlcv_proxy,,,,
2017-05-30,3540.0,215598.0,0.0,0.0,-0.0,0.0,-0.029482,0.0,ohlcv_proxy,,,,
2017-05-31,3560.0,271750.0,0.0,0.0,-0.0,0.0,-0.020786,0.0,ohlcv_proxy,,,,
2017-06-01,3546.0,180967.0,0.0,0.0,-0.0,0.0,-0.011737,0.0,ohlcv_proxy,,,,
2017-06-02,3519.0,300367.0,0.0,0.0,-0.0,0.0,-0.011486,0.0,ohlcv_proxy,,,,
2017-06-05,3532.0,116684.0,0.0,0.0,-0.0,0.0,-0.011126,0.0,ohlcv_proxy,,,,
2017-06-07,3512.0,117370.0,0.0,0.0,-0.0,0.0,-0.011597,0.0,ohlcv_proxy,,,,
2017-06-08,3622.0,819818.0,0.0,0.0,0.0,0.1,-0.001993,0.0,ohlcv_proxy,,,,
2017-06-09,3574.0,281890.0,0.0,0.0,0.0,0.1,-0.001009,0.0,ohlcv_proxy,,,,
2017-06-12,3498.0,192334.0,0.0,0.0,-1e-06,0.1,0.006141,0.0,ohlcv_proxy,,,,
2017-06-13,3492.0,169906.0,0.0,0.0,-1e-06,0.1,0.007246,0.0,ohlcv_proxy,,,,
2017-06-14,3532.0,154975.0,0.0,0.0,-0.0,0.1,0.008069,0.0,ohlcv_proxy,,,,
2017-06-15,3506.0,85817.0,0.0,0.0,-0.0,0.1,-0.005449,0.0,ohlcv_proxy,,,,
2017-06-16,3552.0,99695.0,0.0,0.0,0.0,0.1,-0.009523,0.0,ohlcv_proxy,,,,
2017-06-19,3546.0,95101.0,0.0,0.0,-0.0,0.1,-0.00606,0.0,ohlcv_proxy,,,,
2017-06-20,3498.0,171446.0,0.0,0.0,-0.0,0.1,-0.004638,0.0,ohlcv_proxy,,,,
2017-06-21,3519.0,111648.0,0.0,0.0,-0.0,0.1,-0.005499,0.0,ohlcv_proxy,,,,
2017-06-22,3478.0,114046.0,0.0,0.0,-0.0,0.0,-0.007118,0.0,ohlcv_proxy,,,,
2017-06-23,3526.0,234527.0,0.0,0.0,-0.0,0.0,-0.009322,0.0,ohlcv_proxy,,,,
2017-06-26,3506.0,139594.0,0.0,0.0,-0.0,0.0,-0.010945,0.0,ohlcv_proxy,,,,
2017-06-27,3540.0,271855.0,0.0,0.0,0.0,0.0,-0.007651,0.0,ohlcv_proxy,,,,
2017-06-28,3485.0,211659.0,0.0,0.0,-0.0,0.0,-0.008984,0.0,ohlcv_proxy,,,,
2017-06-29,3498.0,97468.0,0.0,0.0,-0.0,0.0,-0.00762,0.0,ohlcv_proxy,,,,
2017-06-30,3506.0,115917.0,0.0,0.0,-0.0,0.0,-0.008487,0.0,ohlcv_proxy,,,,
2017-07-03,3430.0,281192.0,0.0,0.0,-1e-06,0.0,-0.013088,0.0,ohlcv_proxy,,,,
2017-07-04,3392.0,177867.0,0.0,0.0,-1e-06,0.0,-0.021309,0.0,ohlcv_proxy,,,,
2017-07-05,3409.0,122813.0,0.0,0.0,-1e-06,0.0,-0.024758,0.0,ohlcv_proxy,,,,
2017-07-06,3464.0,183156.0,0.0,0.0,-0.0,0.0,-0.017465,0.0,ohlcv_proxy,,,,
2017-07-07,3430.0,261783.0,0.0,0.0,-0.0,-0.1,-0.016831,0.0,ohlcv_proxy,,,,
2017-07-10,3438.0,78107.0,0.0,0.0,-0.0,-0.1,-0.016286,0.0,ohlcv_proxy,,,,
2017-07-11,3458.0,75496.0,0.0,0.0,-0.0,-0.1,-0.012571,0.0,ohlcv_proxy,,,,
2017-07-12,3498.0,270421.0,0.0,0.0,0.0,0.0,-0.005762,0.0,ohlcv_proxy,,,,
2017-07-13,3478.0,326564.0,0.0,0.0,-0.0,-0.1,-0.004092,0.0,ohlcv_proxy,,,,
2017-07-14,3566.0,676563.0,0.0,0.0,1e-06,0.0,0.007745,0.0,ohlcv_proxy,,,,
2017-07-17,3732.0,1121389.0,0.0,0.0,2e-06,0.1,0.02078,0.0,ohlcv_proxy,,,,
2017-07-18,3773.0,762076.0,0.0,0.0,2e-06,0.2,0.02305,0.0,ohlcv_proxy,,,,
2017-07-19,3718.0,410243.0,0.0,0.0,1e-06,0.2,0.025681,0.0,ohlcv_proxy,,,,
2017-07-20,3745.0,316955.0,0.0,0.0,1e-06,0.2,0.030109,0.0,ohlcv_proxy,,,,
2017-07-21,3711.0,254192.0,0.0,0.0,1e-06,0.3,0.037319,0.0,ohlcv_proxy,,,,
2017-07-24,3786.0,371152.0,0.0,0.0,1e-06,0.3,0.037143,0.0,ohlcv_proxy,,,,
2017-07-25,3834.0,830892.0,0.0,0.0,2e-06,0.4,0.035478,0.0,ohlcv_proxy,,,,
2017-07-26,3656.0,502517.0,0.0,0.0,0.0,0.3,0.029562,0.0,ohlcv_proxy,,,,
2017-07-27,3677.0,350736.0,0.0,0.0,0.0,0.4,0.025787,0.0,ohlcv_proxy,,,,
2017-07-28,3581.0,317911.0,0.0,0.0,-0.0,0.3,0.02097,0.0,ohlcv_proxy,,,,
2017-07-31,3472.0,387655.0,0.0,0.0,-1e-06,0.2,0.007408,0.0,ohlcv_proxy,,,,
2017-08-01,3506.0,169937.0,0.0,0.0,-1e-06,0.1,-0.018149,0.0,ohlcv_proxy,,,,
2017-08-02,3540.0,119819.0,0.0,0.0,-0.0,0.1,-0.02663,0.0,ohlcv_proxy,,,,
2017-08-03,3450.0,280043.0,0.0,0.0,-1e-06,0.1,-0.041244,0.0,ohlcv_proxy,,,,
2017-08-04,3458.0,137701.0,0.0,0.0,-1e-06,0.1,-0.049952,0.0,ohlcv_proxy,,,,
2017-08-07,3472.0,99416.0,0.0,0.0,-1e-06,0.1,-0.049386,0.0,ohlcv_proxy,,,,
2017-08-08,3498.0,91486.0,0.0,0.0,-0.0,0.0,-0.050463,0.0,ohlcv_proxy,,,,
2017-08-09,3464.0,97012.0,0.0,0.0,-1e-06,0.0,-0.054729,0.0,ohlcv_proxy,,,,
2017-08-10,3443.0,144289.0,0.0,0.0,-1e-06,0.0,-0.055375,0.0,ohlcv_proxy,,,,
2017-08-11,3344.0,172152.0,0.0,0.0,-2e-06,0.0,-0.064795,0.0,ohlcv_proxy,,,,
2017-08-14,3392.0,70339.0,0.0,0.0,-1e-06,0.0,-0.064117,0.0,ohlcv_proxy,,,,
2017-08-16,3438.0,239688.0,0.0,0.0,-1e-06,0.0,-0.058299,0.0,ohlcv_proxy,,,,
2017-08-17,3472.0,98096.0,0.0,0.0,-0.0,0.0,-0.055274,0.0,ohlcv_proxy,,,,
2017-08-18,3492.0,97885.0,0.0,0.0,-0.0,0.0,-0.050943,0.0,ohlcv_proxy,,,,
2017-08-21,3443.0,109745.0,0.0,0.0,-0.0,0.0,-0.041325,0.0,ohlcv_proxy,,,,
2017-08-22,3424.0,80891.0,0.0,0.0,-1e-06,0.0,-0.035292,0.0,ohlcv_proxy,,,,
2017-08-23,3409.0,80125.0,0.0,0.0,-1e-06,0.0,-0.018382,0.0,ohlcv_proxy,,,,
2017-08-24,3450.0,54287.0,0.0,0.0,-0.0,0.0,-0.013294,0.0,ohlcv_proxy,,,,
2017-08-25,3438.0,145643.0,0.0,0.0,-0.0,0.0,-0.00982,0.0,ohlcv_proxy,,,,
2017-08-28,3424.0,123398.0,0.0,0.0,-0.0,0.0,-0.006891,0.0,ohlcv_proxy,,,,
2017-08-29,3390.0,196623.0,0.0,0.0,-1e-06,-0.1,-0.00819,0.0,ohlcv_proxy,,,,
2017-08-30,3403.0,118756.0,0.0,0.0,-0.0,-0.1,-0.006915,0.0,ohlcv_proxy,,,,
2017-08-31,3399.0,94963.0,0.0,0.0,-0.0,-0.1,-0.006565,0.0,ohlcv_proxy,,,,
2017-09-01,3450.0,171192.0,0.0,0.0,0.0,-0.1,-0.005193,0.0,ohlcv_proxy,,,,
2017-09-04,3416.0,162074.0,0.0,0.0,-0.0,-0.1,-0.004818,0.0,ohlcv_proxy,,,,
2017-09-05,3365.0,165834.0,0.0,0.0,-1e-06,-0.1,-0.004507,0.0,ohlcv_proxy,,,,
2017-09-06,3290.0,303572.0,0.0,0.0,-1e-06,-0.2,-0.010952,0.1,ohlcv_proxy,,,,
2017-09-07,3296.0,181386.0,0.0,0.0,-1e-06,-0.2,-0.013107,0.1,ohlcv_proxy,,,,
2017-09-08,3242.0,205716.0,0.0,0.0,-1e-06,-0.2,-0.020633,0.1,ohlcv_proxy,,,,
2017-09-11,3259.0,119584.0,0.0,0.0,-1e-06,-0.2,-0.02681,0.1,ohlcv_proxy,,,,
2017-09-12,3334.0,135349.0,0.0,0.0,-0.0,-0.1,-0.02813,0.1,ohlcv_proxy,,,,
2017-09-13,3372.0,143378.0,0.0,0.0,-0.0,-0.1,-0.022536,0.1,ohlcv_proxy,,,,
2017-09-14,3385.0,81110.0,0.0,0.0,0.0,-0.1,-0.018465,0.1,ohlcv_proxy,,,,
2017-09-15,3420.0,131246.0,0.0,0.0,0.0,-0.1,-0.004184,0.1,ohlcv_proxy,,,,
2017-09-18,3506.0,264902.0,0.0,0.0,1e-06,0.0,0.013237,0.1,ohlcv_proxy,,,,
2017-09-19,3526.0,198557.0,0.0,0.0,1e-06,0.0,0.022475,0.1,ohlcv_proxy,,,,
2017-09-20,3472.0,150861.0,0.0,0.0,1e-06,0.1,0.026551,0.0,ohlcv_proxy,,,,
2017-09-21,3424.0,223386.0,0.0,0.0,0.0,0.1,0.024718,0.0,ohlcv_proxy,,,,
2017-09-22,3478.0,277963.0,0.0,0.0,1e-06,0.2,0.02535,0.0,ohlcv_proxy,,,,
2017-09-25,3458.0,318776.0,0.0,0.0,0.0,0.1,0.020476,0.0,ohlcv_proxy,,,,
2017-09-26,3498.0,182183.0,0.0,0.0,1e-06,0.1,0.017306,0.0,ohlcv_proxy,,,,
2017-09-27,3552.0,137872.0,0.0,0.0,1e-06,0.1,0.018441,0.0,ohlcv_proxy,,,,
2017-09-28,3519.0,94594.0,0.0,0.0,1e-06,0.1,0.02198,0.0,ohlcv_proxy,,,,
2017-09-29,3512.0,69754.0,0.0,0.0,1e-06,0.1,0.023638,0.0,ohlcv_proxy,,,,
2017-10-10,3506.0,200052.0,0.0,0.0,0.0,0.0,0.028114,0.0,ohlcv_proxy,,,,
2017-10-11,3560.0,111480.0,0.0,0.0,1e-06,0.0,0.029892,0.0,ohlcv_proxy,,,,
2017-10-12,3512.0,133905.0,0.0,0.0,0.0,0.0,0.022592,0.0,ohlcv_proxy,,,,
2017-10-13,3412.0,271418.0,0.0,0.0,-0.0,-0.1,0.010249,0.0,ohlcv_proxy,,,,
2017-10-16,3310.0,205353.0,0.0,0.0,-1e-06,-0.2,-0.002728,0.0,ohlcv_proxy,,,,
2017-10-17,3347.0,153243.0,0.0,0.0,-1e-06,-0.1,-0.012358,0.0,ohlcv_proxy,,,,
2017-10-18,3286.0,126104.0,0.0,0.0,-1e-06,-0.1,-0.022487,0.0,ohlcv_proxy,,,,
2017-10-19,3303.0,100690.0,0.0,0.0,-1e-06,-0.1,-0.030857,0.0,ohlcv_proxy,,,,
2017-10-20,3334.0,159746.0,0.0,0.0,-1e-06,-0.1,-0.037572,0.0,ohlcv_proxy,,,,
2017-10-23,3334.0,35346.0,0.0,0.0,-1e-06,-0.1,-0.036445,0.0,ohlcv_proxy,,,,
2017-10-24,3409.0,66534.0,0.0,0.0,0.0,-0.1,-0.033728,0.0,ohlcv_proxy,,,,
2017-10-25,3443.0,102807.0,0.0,0.0,0.0,-0.1,-0.021557,0.0,ohlcv_proxy,,,,
2017-10-26,3424.0,65530.0,0.0,0.0,0.0,-0.1,-0.014197,0.0,ohlcv_proxy,,,,
2017-10-27,3430.0,119634.0,0.0,0.0,0.0,0.0,-0.004254,0.0,ohlcv_proxy,,,,
2017-10-30,3478.0,450082.0,0.0,0.0,1e-06,0.1,0.00557,0.0,ohlcv_proxy,,,,
2017-10-31,3472.0,55316.0,0.0,0.0,0.0,0.1,0.007529,0.0,ohlcv_proxy,,,,
2017-11-01,3512.0,121621.0,0.0,0.0,1e-06,0.1,0.010634,0.0,ohlcv_proxy,,,,
2017-11-02,3492.0,74691.0,0.0,0.0,1e-06,0.1,0.013572,0.0,ohlcv_proxy,,,,
2017-11-03,3526.0,76726.0,0.0,0.0,1e-06,0.1,0.017199,0.0,ohlcv_proxy,,,,
2017-11-06,3492.0,176393.0,0.0,0.0,0.0,0.1,0.019805,0.0,ohlcv_proxy,,,,
2017-11-07,3506.0,192120.0,0.0,0.0,0.0,0.1,0.021107,0.0,ohlcv_proxy,,,,
2017-11-08,3642.0,624346.0,0.0,0.0,1e-06,0.2,0.032165,0.0,ohlcv_proxy,,,,
2017-11-09,3608.0,132785.0,0.0,0.0,1e-06,0.2,0.033511,0.0,ohlcv_proxy,,,,
2017-11-10,3813.0,1504609.0,0.0,0.0,2e-06,0.3,0.03637,0.0,ohlcv_proxy,,,,
2017-11-13,3971.0,1122352.0,0.0,0.0,3e-06,0.3,0.035836,0.0,ohlcv_proxy,,,,
2017-11-14,4107.0,915125.0,0.0,0.0,4e-06,0.4,0.036662,0.0,ohlcv_proxy,,,,
2017-11-15,3889.0,801025.0,0.0,0.0,2e-06,0.3,0.039015,0.1,ohlcv_proxy,,,,
2017-11-16,4005.0,309402.0,0.0,0.0,3e-06,0.3,0.038259,0.1,ohlcv_proxy,,,,
2017-11-17,4170.0,696453.0,0.0,0.0,3e-06,0.4,0.049844,0.1,ohlcv_proxy,,,,
2017-11-20,4218.0,367264.0,0.0,0.0,3e-06,0.4,0.055472,0.1,ohlcv_proxy,,,,
2017-11-21,4334.0,905893.0,0.0,0.0,3e-06,0.5,0.058293,0.1,ohlcv_proxy,,,,
2017-11-22,4300.0,737892.0,0.0,0.0,3e-06,0.3,0.075492,0.1,ohlcv_proxy,,,,
2017-11-23,4526.0,791638.0,0.0,0.0,4e-06,0.4,0.083776,0.1,ohlcv_proxy,,,,
2017-11-24,4512.0,584659.0,0.0,0.0,3e-06,0.3,0.09031,0.1,ohlcv_proxy,,,,
2017-11-27,4430.0,831841.0,0.0,0.0,3e-06,0.1,0.082328,0.1,ohlcv_proxy,,,,
2017-11-28,4211.0,493779.0,0.0,0.0,1e-06,0.0,0.078091,0.1,ohlcv_proxy,,,,
2017-11-29,4232.0,301671.0,0.0,0.0,1e-06,0.1,0.077639,0.0,ohlcv_proxy,,,,
2017-11-30,4107.0,464608.0,0.0,0.0,0.0,0.1,0.055524,0.0,ohlcv_proxy,,,,
2017-12-01,4121.0,203118.0,0.0,0.0,0.0,0.0,0.038671,0.0,ohlcv_proxy,,,,
2017-12-04,3895.0,483872.0,0.0,0.0,-1e-06,0.0,-0.001061,0.0,ohlcv_proxy,,,,
2017-12-05,3895.0,247199.0,0.0,0.0,-1e-06,-0.1,-0.017323,0.0,ohlcv_proxy,,,,
2017-12-06,3766.0,319055.0,0.0,0.0,-2e-06,0.0,-0.041391,0.0,ohlcv_proxy,,,,
2017-12-07,3703.0,331572.0,0.0,0.0,-2e-06,-0.1,-0.063662,0.0,ohlcv_proxy,,,,
2017-12-08,3635.0,209063.0,0.0,0.0,-2e-06,-0.1,-0.086121,0.0,ohlcv_proxy,,,,
2017-12-11,3786.0,170151.0,0.0,0.0,-1e-06,0.0,-0.098558,0.0,ohlcv_proxy,,,,
2017-12-12,3669.0,187272.0,0.0,0.0,-2e-06,0.0,-0.10767,0.0,ohlcv_proxy,,,,
2017-12-13,3669.0,226669.0,0.0,0.0,-1e-06,0.0,-0.115956,0.0,ohlcv_proxy,,,,
2017-12-14,3669.0,151431.0,0.0,0.0,-1e-06,0.0,-0.117251,0.0,ohlcv_proxy,,,,
2017-12-15,3718.0,138982.0,0.0,0.0,-1e-06,0.0,-0.111558,0.0,ohlcv_proxy,,,,
2017-12-18,3663.0,158361.0,0.0,0.0,-1e-06,0.0,-0.114609,0.0,ohlcv_proxy,,,,
2017-12-19,3552.0,281835.0,0.0,0.0,-2e-06,0.0,-0.113308,0.0,ohlcv_proxy,,,,
2017-12-20,3615.0,207236.0,0.0,0.0,-1e-06,0.0,-0.108518,0.0,ohlcv_proxy,,,,
2017-12-21,3594.0,130150.0,0.0,0.0,-1e-06,0.0,-0.096019,0.0,ohlcv_proxy,,,,
2017-12-22,3691.0,145458.0,0.0,0.0,-0.0,0.0,-0.083032,0.0,ohlcv_proxy,,,,
2017-12-26,3649.0,164601.0,0.0,0.0,-1e-06,0.0,-0.061963,0.0,ohlcv_proxy,,,,
2017-12-27,3615.0,143913.0,0.0,0.0,-1e-06,0.0,-0.045035,0.0,ohlcv_proxy,,,,
2017-12-28,3669.0,150579.0,0.0,0.0,-0.0,0.0,-0.033358,0.0,ohlcv_proxy,,,,
2018-01-02,3800.0,214022.0,0.0,0.0,1e-06,0.0,-0.01124,0.0,ohlcv_proxy,,,,
2018-01-03,3773.0,213192.0,0.0,0.0,0.0,0.0,-0.001618,0.0,ohlcv_proxy,,,,
2018-01-04,3854.0,428146.0,0.0,0.0,1e-06,0.1,0.016724,0.0,ohlcv_proxy,,,,
2018-01-05,3800.0,233665.0,0.0,0.0,0.0,0.1,0.024619,0.0,ohlcv_proxy,,,,
2018-01-08,3622.0,389243.0,0.0,0.0,-1e-06,0.0,0.018994,0.0,ohlcv_proxy,,,,
2018-01-09,3594.0,206346.0,0.0,0.0,-1e-06,0.0,0.012675,0.0,ohlcv_proxy,,,,
2018-01-10,3532.0,326799.0,0.0,0.0,-1e-06,-0.1,0.00247,0.0,ohlcv_proxy,,,,
2018-01-11,3588.0,147996.0,0.0,0.0,-1e-06,-0.1,-0.013383,0.0,ohlcv_proxy,,,,
2018-01-12,3532.0,291278.0,0.0,0.0,-1e-06,-0.1,-0.024498,0.0,ohlcv_proxy,,,,
2018-01-15,3450.0,338887.0,0.0,0.0,-2e-06,-0.2,-0.032793,0.0,ohlcv_proxy,,,,
2018-01-16,3478.0,250588.0,0.0,0.0,-1e-06,-0.2,-0.035427,0.0,ohlcv_proxy,,,,
2018-01-17,3464.0,301772.0,0.0,0.0,-1e-06,-0.2,-0.036239,0.0,ohlcv_proxy,,,,
2018-01-18,3581.0,233880.0,0.0,0.0,-0.0,-0.3,-0.034049,0.0,ohlcv_proxy,,,,
2018-01-19,3546.0,195178.0,0.0,0.0,-1e-06,-0.3,-0.034459,0.0,ohlcv_proxy,,,,
2018-01-22,3506.0,119035.0,0.0,0.0,-1e-06,-0.2,-0.029529,0.0,ohlcv_proxy,,,,
2018-01-23,3629.0,252605.0,0.0,0.0,0.0,-0.2,-0.02032,0.0,ohlcv_proxy,,,,
2018-01-24,3669.0,192553.0,0.0,0.0,0.0,-0.1,-0.006809,0.0,ohlcv_proxy,,,,
2018-01-25,3732.0,233363.0,0.0,0.0,1e-06,-0.1,0.001781,0.0,ohlcv_proxy,,,,
2018-01-26,3732.0,334457.0,0.0,0.0,1e-06,-0.1,0.012025,0.0,ohlcv_proxy,,,,
2018-01-29,3732.0,308256.0,0.0,0.0,1e-06,0.0,0.01853,0.0,ohlcv_proxy,,,,
2018-01-30,3691.0,113968.0,0.0,0.0,0.0,0.0,0.024154,0.0,ohlcv_proxy,,,,
2018-01-31,3663.0,211456.0,0.0,0.0,0.0,0.0,0.024951,0.0,ohlcv_proxy,,,,
2018-02-01,3895.0,704665.0,0.0,0.0,2e-06,0.1,0.040231,0.0,ohlcv_proxy,,,,
2018-02-02,3834.0,330019.0,0.0,0.0,1e-06,0.1,0.044432,0.0,ohlcv_proxy,,,,
2018-02-05,3669.0,422444.0,0.0,0.0,-0.0,0.0,0.037997,0.0,ohlcv_proxy,,,,
2018-02-06,3600.0,485637.0,0.0,0.0,-1e-06,-0.1,0.028349,0.0,ohlcv_proxy,,,,
2018-02-07,3581.0,350161.0,0.0,0.0,-1e-06,-0.1,0.022745,0.0,ohlcv_proxy,,,,
2018-02-08,3725.0,204703.0,0.0,0.0,0.0,-0.1,0.003999,0.0,ohlcv_proxy,,,,
2018-02-09,3635.0,208441.0,0.0,0.0,-0.0,-0.1,-0.007541,0.0,ohlcv_proxy,,,,
2018-02-12,3663.0,164628.0,0.0,0.0,-0.0,-0.1,-0.012964,0.0,ohlcv_proxy,,,,
2018-02-13,3622.0,137714.0,0.0,0.0,-0.0,-0.1,-0.011936,0.0,ohlcv_proxy,,,,
2018-02-14,3635.0,169227.0,0.0,0.0,-0.0,-0.1,-0.008901,0.0,ohlcv_proxy,,,,
2018-02-19,3711.0,285186.0,0.0,0.0,0.0,-0.2,-0.010083,0.0,ohlcv_proxy,,,,
2018-02-20,3656.0,155767.0,0.0,0.0,-0.0,-0.2,-0.009867,0.0,ohlcv_proxy,,,,
2018-02-21,3779.0,472684.0,0.0,0.0,1e-06,0.0,-0.000708,0.0,ohlcv_proxy,,,,
2018-02-22,3800.0,244615.0,0.0,0.0,1e-06,0.1,0.004218,0.0,ohlcv_proxy,,,,
2018-02-23,3800.0,272656.0,0.0,0.0,1e-06,0.1,0.00924,0.0,ohlcv_proxy,,,,
2018-02-26,3773.0,288243.0,0.0,0.0,1e-06,0.1,0.011993,0.0,ohlcv_proxy,,,,
2018-02-27,3813.0,221494.0,0.0,0.0,1e-06,0.1,0.016025,0.0,ohlcv_proxy,,,,
2018-02-28,3766.0,221500.0,0.0,0.0,0.0,0.1,0.015651,0.0,ohlcv_proxy,,,,
2018-03-02,3813.0,177852.0,0.0,0.0,1e-06,0.1,0.015117,0.0,ohlcv_proxy,,,,
2018-03-05,3739.0,208724.0,0.0,0.0,0.0,0.1,0.011177,0.0,ohlcv_proxy,,,,
2018-03-06,3711.0,256268.0,0.0,0.0,-0.0,0.1,0.013358,0.0,ohlcv_proxy,,,,
2018-03-07,3745.0,189676.0,0.0,0.0,0.0,0.1,0.011451,0.0,ohlcv_proxy,,,,
2018-03-08,3786.0,263617.0,0.0,0.0,0.0,0.0,0.010863,0.0,ohlcv_proxy,,,,
2018-03-09,3786.0,290813.0,0.0,0.0,0.0,0.0,0.006183,0.0,ohlcv_proxy,,,,
2018-03-12,3786.0,255257.0,0.0,0.0,0.0,0.0,0.004749,0.0,ohlcv_proxy,,,,
2018-03-13,4245.0,4858771.0,0.0,0.0,3e-06,0.1,0.039702,0.0,ohlcv_proxy,,,,
2018-03-14,4149.0,1456412.0,0.0,0.0,2e-06,0.0,0.034705,0.1,ohlcv_proxy,,,,
2018-03-15,4073.0,2814505.0,0.0,0.0,2e-06,-0.1,0.02677,0.1,ohlcv_proxy,,,,
2018-03-16,4013.0,1046894.0,0.0,0.0,1e-06,-0.1,0.025375,0.1,ohlcv_proxy,,,,
2018-03-19,3937.0,679385.0,0.0,0.0,1e-06,-0.1,0.024285,0.1,ohlcv_proxy,,,,
2018-03-20,3910.0,806438.0,0.0,0.0,0.0,-0.1,0.000132,0.1,ohlcv_proxy,,,,
2018-03-21,3820.0,703339.0,0.0,0.0,-0.0,-0.1,-0.010921,0.1,ohlcv_proxy,,,,
2018-03-22,3834.0,630841.0,0.0,0.0,-0.0,-0.1,-0.031203,0.1,ohlcv_proxy,,,,
2018-03-23,3581.0,778807.0,0.0,0.0,-2e-06,-0.1,-0.051903,0.1,ohlcv_proxy,,,,
2018-03-26,3642.0,446347.0,0.0,0.0,-1e-06,-0.1,-0.062233,0.1,ohlcv_proxy,,,,
2018-03-27,3649.0,288879.0,0.0,0.0,-1e-06,-0.2,-0.074876,0.1,ohlcv_proxy,,,,
2018-03-28,3560.0,270805.0,0.0,0.0,-2e-06,-0.1,-0.085863,0.0,ohlcv_proxy,,,,
2018-03-29,3615.0,309959.0,0.0,0.0,-1e-06,0.0,-0.099524,0.0,ohlcv_proxy,,,,
2018-03-30,3635.0,240986.0,0.0,0.0,-1e-06,0.0,-0.094566,0.0,ohlcv_proxy,,,,
2018-04-02,3540.0,654735.0,0.0,0.0,-1e-06,0.0,-0.100225,0.0,ohlcv_proxy,,,,
2018-04-03,3492.0,236013.0,0.0,0.0,-2e-06,0.0,-0.105532,0.0,ohlcv_proxy,,,,
2018-04-04,3450.0,298634.0,0.0,0.0,-2e-06,0.0,-0.108811,0.0,ohlcv_proxy,,,,
2018-04-05,3498.0,174925.0,0.0,0.0,-1e-06,0.0,-0.113074,0.0,ohlcv_proxy,,,,
2018-04-06,3450.0,183083.0,0.0,0.0,-2e-06,0.0,-0.119076,0.0,ohlcv_proxy,,,,
2018-04-09,3458.0,158554.0,0.0,0.0,-1e-06,0.0,-0.126513,0.0,ohlcv_proxy,,,,
2018-04-10,3512.0,181958.0,0.0,0.0,-1e-06,0.0,-0.099973,0.0,ohlcv_proxy,,,,
2018-04-11,3574.0,241667.0,0.0,0.0,-0.0,0.0,-0.080811,0.0,ohlcv_proxy,,,,
2018-04-12,3600.0,286500.0,0.0,0.0,-0.0,0.0,-0.050733,0.0,ohlcv_proxy,,,,
2018-04-13,3566.0,270642.0,0.0,0.0,-0.0,0.0,-0.033462,0.0,ohlcv_proxy,,,,
2018-04-16,3526.0,184115.0,0.0,0.0,-1e-06,0.0,-0.023686,0.0,ohlcv_proxy,,,,
2018-04-17,3560.0,139020.0,0.0,0.0,-0.0,0.0,-0.01247,0.0,ohlcv_proxy,,,,
2018-04-18,3656.0,647483.0,0.0,0.0,0.0,0.1,0.002433,0.0,ohlcv_proxy,,,,
2018-04-19,3684.0,348802.0,0.0,0.0,1e-06,0.1,0.0128,0.0,ohlcv_proxy,,,,
2018-04-20,3608.0,252357.0,0.0,0.0,0.0,0.1,0.014627,0.0,ohlcv_proxy,,,,
2018-04-23,3532.0,346290.0,0.0,0.0,-1e-06,0.1,0.014428,0.0,ohlcv_proxy,,,,
2018-04-24,3478.0,308774.0,0.0,0.0,-1e-06,0.1,0.011681,0.0,ohlcv_proxy,,,,
2018-04-25,3464.0,185216.0,0.0,0.0,-1e-06,0.1,0.00089,0.0,ohlcv_proxy,,,,
2018-04-26,3498.0,130419.0,0.0,0.0,-1e-06,0.1,-0.009524,0.0,ohlcv_proxy,,,,
2018-04-27,3492.0,117520.0,0.0,0.0,-1e-06,0.1,-0.014723,0.0,ohlcv_proxy,,,,
2018-04-30,3472.0,236844.0,0.0,0.0,-1e-06,0.1,-0.019233,0.0,ohlcv_proxy,,,,
2018-05-02,3472.0,171977.0,0.0,0.0,-1e-06,0.1,-0.01957,0.0,ohlcv_proxy,,,,
2018-05-03,3560.0,515416.0,0.0,0.0,0.0,0.1,-0.010669,0.0,ohlcv_proxy,,,,
2018-05-04,3472.0,240399.0,0.0,0.0,-1e-06,0.1,-0.011931,0.0,ohlcv_proxy,,,,
2018-05-08,3443.0,243182.0,0.0,0.0,-1e-06,0.1,-0.014331,0.0,ohlcv_proxy,,,,
2018-05-09,3450.0,261646.0,0.0,0.0,-1e-06,0.1,-0.01499,0.0,ohlcv_proxy,,,,
2018-05-10,3498.0,232968.0,0.0,0.0,-0.0,0.1,-0.013844,0.0,ohlcv_proxy,,,,
2018-05-11,3512.0,144501.0,0.0,0.0,-0.0,0.1,-0.020768,0.0,ohlcv_proxy,,,,
2018-05-14,3512.0,164852.0,0.0,0.0,-0.0,0.1,-0.017865,0.0,ohlcv_proxy,,,,
2018-05-15,3600.0,867479.0,0.0,0.0,1e-06,0.2,-0.000672,0.0,ohlcv_proxy,,,,
2018-05-16,3492.0,527187.0,0.0,0.0,-0.0,0.1,2.6e-05,0.0,ohlcv_proxy,,,,
2018-05-17,3512.0,349039.0,0.0,0.0,-0.0,0.1,0.000562,0.0,ohlcv_proxy,,,,
2018-05-18,3552.0,295302.0,0.0,0.0,0.0,0.0,0.004839,0.0,ohlcv_proxy,,,,
2018-05-21,3560.0,339733.0,0.0,0.0,0.0,0.0,0.008144,0.0,ohlcv_proxy,,,,
2018-05-23,3622.0,679174.0,0.0,0.0,1e-06,0.1,0.006834,0.0,ohlcv_proxy,,,,
2018-05-24,3600.0,451036.0,0.0,0.0,0.0,0.1,0.012624,0.0,ohlcv_proxy,,,,
2018-05-25,3588.0,302801.0,0.0,0.0,0.0,0.1,0.014702,0.0,ohlcv_proxy,,,,
2018-05-28,3622.0,284648.0,0.0,0.0,1e-06,0.1,0.015859,0.0,ohlcv_proxy,,,,
2018-05-29,3684.0,749623.0,0.0,0.0,1e-06,0.2,0.020113,0.0,ohlcv_proxy,,,,
2018-05-30,3669.0,462139.0,0.0,0.0,1e-06,0.1,0.0209,0.0,ohlcv_proxy,,,,
2018-05-31,3629.0,263124.0,0.0,0.0,0.0,0.2,0.021573,0.0,ohlcv_proxy,,,,
2018-06-01,3684.0,219498.0,0.0,0.0,1e-06,0.2,0.023721,0.0,ohlcv_proxy,,,,
2018-06-04,3703.0,211185.0,0.0,0.0,1e-06,0.2,0.025266,0.0,ohlcv_proxy,,,,
2018-06-05,3854.0,1178067.0,0.0,0.0,2e-06,0.3,0.037544,0.0,ohlcv_proxy,,,,
2018-06-07,3800.0,498176.0,0.0,0.0,1e-06,0.2,0.040311,0.0,ohlcv_proxy,,,,
2018-06-08,3663.0,386886.0,0.0,0.0,0.0,0.2,0.037653,0.0,ohlcv_proxy,,,,
2018-06-11,3642.0,368121.0,0.0,0.0,0.0,0.2,0.033421,0.0,ohlcv_proxy,,,,
2018-06-12,3560.0,426906.0,0.0,0.0,-1e-06,0.2,0.026695,0.0,ohlcv_proxy,,,,
2018-06-14,3526.0,194721.0,0.0,0.0,-1e-06,0.1,0.002103,0.0,ohlcv_proxy,,,,
2018-06-15,3532.0,136058.0,0.0,0.0,-1e-06,0.1,-0.014725,0.0,ohlcv_proxy,,,,
2018-06-18,3424.0,605474.0,0.0,0.0,-1e-06,0.1,-0.033714,0.0,ohlcv_proxy,,,,
2018-06-19,3341.0,291524.0,0.0,0.0,-2e-06,0.1,-0.048439,0.0,ohlcv_proxy,,,,
2018-06-20,3324.0,222510.0,0.0,0.0,-2e-06,0.1,-0.060666,0.0,ohlcv_proxy,,,,
2018-06-21,3310.0,156168.0,0.0,0.0,-2e-06,0.0,-0.067271,0.0,ohlcv_proxy,,,,
2018-06-22,3292.0,248536.0,0.0,0.0,-2e-06,0.0,-0.072564,0.0,ohlcv_proxy,,,,
2018-06-25,3269.0,137729.0,0.0,0.0,-2e-06,0.0,-0.084604,0.0,ohlcv_proxy,,,,
2018-06-26,3355.0,258714.0,0.0,0.0,-1e-06,0.0,-0.081834,0.0,ohlcv_proxy,,,,
2018-06-27,3355.0,101553.0,0.0,0.0,-1e-06,0.0,-0.08017,0.0,ohlcv_proxy,,,,
2018-06-28,3506.0,2166708.0,0.0,0.0,0.0,0.1,-0.03239,0.0,ohlcv_proxy,,,,
2018-06-29,3438.0,438379.0,0.0,0.0,-0.0,0.1,-0.026142,0.0,ohlcv_proxy,,,,
2018-07-02,3355.0,277174.0,0.0,0.0,-1e-06,0.1,-0.024074,0.0,ohlcv_proxy,,,,
2018-07-03,3317.0,293020.0,0.0,0.0,-1e-06,0.1,-0.022228,0.0,ohlcv_proxy,,,,
2018-07-04,3313.0,129769.0,0.0,0.0,-1e-06,0.1,-0.020882,0.0,ohlcv_proxy,,,,
2018-07-05,3211.0,276464.0,0.0,0.0,-2e-06,0.1,-0.037914,0.0,ohlcv_proxy,,,,
2018-07-06,3272.0,223162.0,0.0,0.0,-1e-06,0.1,-0.044029,0.0,ohlcv_proxy,,,,
2018-07-09,3276.0,91416.0,0.0,0.0,-1e-06,0.1,-0.045484,0.0,ohlcv_proxy,,,,
2018-07-10,3358.0,115602.0,0.0,0.0,-0.0,0.1,-0.042944,0.0,ohlcv_proxy,,,,
2018-07-11,3338.0,77220.0,0.0,0.0,-0.0,0.1,-0.040133,0.0,ohlcv_proxy,,,,
2018-07-12,3313.0,78224.0,0.0,0.0,-0.0,0.0,-0.028881,0.0,ohlcv_proxy,,,,
2018-07-13,3450.0,249234.0,0.0,0.0,1e-06,0.0,-0.007702,0.0,ohlcv_proxy,,,,
2018-07-16,3412.0,152934.0,0.0,0.0,0.0,0.0,-0.000679,0.0,ohlcv_proxy,,,,
2018-07-17,3416.0,110335.0,0.0,0.0,0.0,0.0,0.001276,0.0,ohlcv_proxy,,,,
2018-07-18,3395.0,186840.0,0.0,0.0,0.0,0.0,0.001635,0.0,ohlcv_proxy,,,,
2018-07-19,3390.0,76210.0,0.0,0.0,0.0,0.0,0.003222,0.0,ohlcv_proxy,,,,
2018-07-20,3424.0,204281.0,0.0,0.0,0.0,0.0,-0.001145,0.0,ohlcv_proxy,,,,
2018-07-23,3276.0,307079.0,0.0,0.0,-1e-06,0.0,-0.013731,0.0,ohlcv_proxy,,,,
2018-07-24,3286.0,153346.0,0.0,0.0,-1e-06,0.0,-0.019062,0.0,ohlcv_proxy,,,,
2018-07-25,3218.0,155420.0,0.0,0.0,-1e-06,0.0,-0.027398,0.0,ohlcv_proxy,,,,
2018-07-26,3221.0,152515.0,0.0,0.0,-1e-06,0.0,-0.01419,0.0,ohlcv_proxy,,,,
2018-07-27,3286.0,98593.0,0.0,0.0,-0.0,0.0,-0.019542,0.0,ohlcv_proxy,,,,
2018-07-30,3265.0,57310.0,0.0,0.0,-1e-06,0.0,-0.020829,0.0,ohlcv_proxy,,,,
2018-07-31,3292.0,91571.0,0.0,0.0,-0.0,0.0,-0.021542,0.0,ohlcv_proxy,,,,
2018-08-01,3334.0,86077.0,0.0,0.0,0.0,0.0,-0.014278,0.0,ohlcv_proxy,,,,
2018-08-02,3347.0,130908.0,0.0,0.0,0.0,0.0,-0.006459,0.0,ohlcv_proxy,,,,
2018-08-03,3358.0,150240.0,0.0,0.0,0.0,0.0,-0.002811,0.0,ohlcv_proxy,,,,
2018-08-06,3358.0,52698.0,0.0,0.0,0.0,0.0,-0.00052,0.0,ohlcv_proxy,,,,
2018-08-07,3368.0,59009.0,0.0,0.0,0.0,0.0,0.003288,0.0,ohlcv_proxy,,,,
2018-08-08,3375.0,146597.0,0.0,0.0,0.0,0.0,0.00544,0.0,ohlcv_proxy,,,,
2018-08-09,3395.0,142524.0,0.0,0.0,0.0,0.0,0.007999,0.0,ohlcv_proxy,,,,
2018-08-10,3324.0,128855.0,0.0,0.0,-0.0,0.0,0.008985,0.0,ohlcv_proxy,,,,
2018-08-13,3225.0,175202.0,0.0,0.0,-1e-06,0.0,0.001349,0.0,ohlcv_proxy,,,,
2018-08-14,3211.0,164301.0,0.0,0.0,-1e-06,0.0,-0.004076,0.0,ohlcv_proxy,,,,
2018-08-16,3358.0,387059.0,0.0,0.0,0.0,0.1,-0.000808,0.0,ohlcv_proxy,,,,
2018-08-17,3365.0,94486.0,0.0,0.0,0.0,0.1,-0.002886,0.0,ohlcv_proxy,,,,
2018-08-20,3324.0,55976.0,0.0,0.0,-0.0,0.1,-0.001011,0.0,ohlcv_proxy,,,,
2018-08-21,3368.0,81664.0,0.0,0.0,0.0,0.1,0.004609,0.0,ohlcv_proxy,,,,
2018-08-22,3338.0,58467.0,0.0,0.0,0.0,0.1,0.012697,0.0,ohlcv_proxy,,,,
2018-08-23,3310.0,62943.0,0.0,0.0,-0.0,0.1,0.007595,0.0,ohlcv_proxy,,,,
2018-08-24,3324.0,89743.0,0.0,0.0,-0.0,0.1,0.002321,0.0,ohlcv_proxy,,,,
2018-08-27,3368.0,134782.0,0.0,0.0,0.0,0.1,0.004697,0.0,ohlcv_proxy,,,,
2018-08-28,3372.0,75973.0,0.0,0.0,0.0,0.1,0.003946,0.0,ohlcv_proxy,,,,
2018-08-29,3399.0,157118.0,0.0,0.0,1e-06,0.1,0.007233,0.0,ohlcv_proxy,,,,
2018-08-30,3385.0,250146.0,0.0,0.0,0.0,-0.1,0.009561,0.0,ohlcv_proxy,,,,
2018-08-31,3368.0,99833.0,0.0,0.0,0.0,-0.1,0.010939,0.0,ohlcv_proxy,,,,
2018-09-03,3355.0,91493.0,0.0,0.0,0.0,-0.1,0.010792,0.0,ohlcv_proxy,,,,
2018-09-04,3338.0,181627.0,0.0,0.0,-0.0,-0.1,0.008303,0.0,ohlcv_proxy,,,,
2018-09-05,3327.0,120155.0,0.0,0.0,-0.0,-0.1,0.004789,0.0,ohlcv_proxy,,,,
2018-09-06,3306.0,137661.0,0.0,0.0,-0.0,-0.1,-0.000713,0.0,ohlcv_proxy,,,,
2018-09-07,3276.0,244719.0,0.0,0.0,-1e-06,-0.2,-0.005133,0.0,ohlcv_proxy,,,,
2018-09-10,3272.0,162195.0,0.0,0.0,-1e-06,-0.2,-0.007946,0.0,ohlcv_proxy,,,,
2018-09-11,3331.0,114113.0,0.0,0.0,0.0,-0.2,-0.011198,0.0,ohlcv_proxy,,,,
2018-09-12,3276.0,219335.0,0.0,0.0,-0.0,-0.3,-0.014769,0.0,ohlcv_proxy,,,,
2018-09-13,3211.0,277553.0,0.0,0.0,-1e-06,-0.3,-0.017062,0.0,ohlcv_proxy,,,,
2018-09-14,3259.0,111495.0,0.0,0.0,-0.0,-0.3,-0.01706,0.0,ohlcv_proxy,,,,
2018-09-17,3214.0,67983.0,0.0,0.0,-1e-06,-0.3,-0.018203,0.0,ohlcv_proxy,,,,
2018-09-18,3184.0,127847.0,0.0,0.0,-1e-06,-0.3,-0.02263,0.0,ohlcv_proxy,,,,
2018-09-19,3170.0,102078.0,0.0,0.0,-1e-06,-0.3,-0.028061,0.0,ohlcv_proxy,,,,
2018-09-20,3092.0,281381.0,0.0,0.0,-2e-06,-0.4,-0.037066,0.0,ohlcv_proxy,,,,
2018-09-21,3115.0,60635.0,0.0,0.0,-1e-06,-0.3,-0.042288,0.0,ohlcv_proxy,,,,
2018-09-27,3105.0,90951.0,0.0,0.0,-1e-06,-0.3,-0.043307,0.0,ohlcv_proxy,,,,
2018-09-28,3105.0,103985.0,0.0,0.0,-1e-06,-0.3,-0.045493,0.0,ohlcv_proxy,,,,
2018-10-01,3040.0,213804.0,0.0,0.0,-2e-06,-0.2,-0.047567,0.0,ohlcv_proxy,,,,
2018-10-02,2998.0,176768.0,0.0,0.0,-2e-06,-0.1,-0.048178,0.0,ohlcv_proxy,,,,
2018-10-04,2861.0,480298.0,0.0,0.0,-3e-06,-0.2,-0.060558,0.1,ohlcv_proxy,,,,
2018-10-05,2892.0,483089.0,0.0,0.0,-3e-06,-0.1,-0.059387,0.1,ohlcv_proxy,,,,
2018-10-08,2851.0,139605.0,0.0,0.0,-3e-06,-0.1,-0.0594,0.1,ohlcv_proxy,,,,
2018-10-10,2762.0,222534.0,0.0,0.0,-4e-06,-0.1,-0.064382,0.1,ohlcv_proxy,,,,
2018-10-11,2581.0,470613.0,0.0,0.0,-6e-06,-0.1,-0.074176,0.2,ohlcv_proxy,,,,
2018-10-12,2687.0,163932.0,0.0,0.0,-4e-06,-0.1,-0.077213,0.2,ohlcv_proxy,,,,
2018-10-15,2697.0,117492.0,0.0,0.0,-3e-06,-0.1,-0.094002,0.2,ohlcv_proxy,,,,
2018-10-16,2765.0,69338.0,0.0,0.0,-2e-06,-0.1,-0.095551,0.2,ohlcv_proxy,,,,
2018-10-17,2799.0,49528.0,0.0,0.0,-1e-06,-0.1,-0.095147,0.2,ohlcv_proxy,,,,
2018-10-18,2779.0,19471.0,0.0,0.0,-2e-06,-0.1,-0.061444,0.2,ohlcv_proxy,,,,
2018-10-19,2748.0,44639.0,0.0,0.0,-2e-06,0.0,-0.049358,0.1,ohlcv_proxy,,,,
2018-10-22,2758.0,60391.0,0.0,0.0,-2e-06,-0.1,-0.037537,0.1,ohlcv_proxy,,,,
2018-10-23,2684.0,109322.0,0.0,0.0,-2e-06,-0.1,-0.042752,0.1,ohlcv_proxy,,,,
2018-10-24,2670.0,90838.0,0.0,0.0,-2e-06,-0.1,-0.047871,0.1,ohlcv_proxy,,,,
2018-10-25,2597.0,143068.0,0.0,0.0,-3e-06,0.0,-0.050854,0.0,ohlcv_proxy,,,,
2018-10-26,2539.0,102298.0,0.0,0.0,-4e-06,0.0,-0.058079,0.0,ohlcv_proxy,,,,
2018-10-29,2296.0,286003.0,0.0,0.0,-7e-06,-0.1,-0.093538,0.0,ohlcv_proxy,,,,
2018-10-30,2376.0,203090.0,0.0,0.0,-5e-06,-0.1,-0.103116,0.0,ohlcv_proxy,,,,
2018-10-31,2492.0,66084.0,0.0,0.0,-3e-06,-0.1,-0.10327,0.0,ohlcv_proxy,,,,
2018-11-01,2495.0,67839.0,0.0,0.0,-2e-06,-0.1,-0.10717,0.0,ohlcv_proxy,,,,
2018-11-02,2611.0,68094.0,0.0,0.0,-1e-06,-0.1,-0.096711,0.0,ohlcv_proxy,,,,
2018-11-05,2607.0,47320.0,0.0,0.0,-1e-06,-0.1,-0.048726,0.0,ohlcv_proxy,,,,
2018-11-06,2607.0,26408.0,0.0,0.0,-1e-06,-0.1,-0.011414,0.0,ohlcv_proxy,,,,
2018-11-07,2573.0,67632.0,0.0,0.0,-1e-06,-0.1,0.003043,0.0,ohlcv_proxy,,,,
2018-11-08,2643.0,51612.0,0.0,0.0,0.0,-0.1,0.017121,0.0,ohlcv_proxy,,,,
2018-11-09,2649.0,41750.0,0.0,0.0,0.0,-0.1,0.023429,0.0,ohlcv_proxy,,,,
2018-11-12,2652.0,55139.0,0.0,0.0,0.0,0.0,0.030138,0.0,ohlcv_proxy,,,,
2018-11-13,2632.0,47494.0,0.0,0.0,-0.0,0.0,0.034153,0.0,ohlcv_proxy,,,,
2018-11-14,2622.0,181654.0,0.0,0.0,-0.0,-0.1,0.036647,0.0,ohlcv_proxy,,,,
2018-11-15,2624.0,134691.0,0.0,0.0,-0.0,-0.1,0.033715,0.0,ohlcv_proxy,,,,
2018-11-16,2622.0,103376.0,0.0,0.0,-0.0,-0.1,0.032727,0.0,ohlcv_proxy,,,,
2018-11-19,2622.0,92028.0,0.0,0.0,-0.0,-0.1,0.032615,0.0,ohlcv_proxy,,,,
2018-11-20,2615.0,63018.0,0.0,0.0,-0.0,-0.1,0.034282,0.0,ohlcv_proxy,,,,
2018-11-21,2615.0,70931.0,0.0,0.0,-0.0,-0.1,0.035234,0.0,ohlcv_proxy,,,,
2018-11-22,2645.0,82989.0,0.0,0.0,0.0,-0.1,0.036724,0.0,ohlcv_proxy,,,,
2018-11-23,2597.0,100670.0,0.0,0.0,-0.0,-0.1,0.033024,0.0,ohlcv_proxy,,,,
2018-11-26,2636.0,71788.0,0.0,0.0,0.0,-0.1,0.015558,0.0,ohlcv_proxy,,,,
2018-11-27,2643.0,36953.0,0.0,0.0,0.0,-0.1,0.005259,0.0,ohlcv_proxy,,,,
2018-11-28,2691.0,124719.0,0.0,0.0,1e-06,0.1,0.009025,0.0,ohlcv_proxy,,,,
2018-11-29,2687.0,61324.0,0.0,0.0,1e-06,0.1,0.00835,0.0,ohlcv_proxy,,,,
2018-11-30,2687.0,39541.0,0.0,0.0,1e-06,0.1,0.015307,0.0,ohlcv_proxy,,,,
2018-12-03,2694.0,86065.0,0.0,0.0,1e-06,0.1,0.018542,0.0,ohlcv_proxy,,,,
2018-12-04,2666.0,36951.0,0.0,0.0,0.0,0.1,0.019001,0.0,ohlcv_proxy,,,,
2018-12-05,2670.0,70961.0,0.0,0.0,0.0,0.1,0.015221,0.0,ohlcv_proxy,,,,
2018-12-06,2643.0,69661.0,0.0,0.0,-0.0,0.1,0.011439,0.0,ohlcv_proxy,,,,
2018-12-07,2652.0,46290.0,0.0,0.0,0.0,0.1,0.00954,0.0,ohlcv_proxy,,,,
2018-12-10,2604.0,68805.0,0.0,0.0,-1e-06,0.1,0.001695,0.0,ohlcv_proxy,,,,
2018-12-11,2519.0,68013.0,0.0,0.0,-2e-06,0.1,-0.007395,0.0,ohlcv_proxy,,,,
2018-12-12,2546.0,58281.0,0.0,0.0,-1e-06,0.0,-0.01635,0.0,ohlcv_proxy,,,,
2018-12-13,2601.0,51930.0,0.0,0.0,-0.0,0.0,-0.020272,0.0,ohlcv_proxy,,,,
2018-12-14,2564.0,61443.0,0.0,0.0,-1e-06,0.0,-0.02474,0.0,ohlcv_proxy,,,,
2018-12-17,2526.0,69212.0,0.0,0.0,-1e-06,0.0,-0.029591,0.0,ohlcv_proxy,,,,
2018-12-18,2492.0,88406.0,0.0,0.0,-2e-06,0.0,-0.030026,0.0,ohlcv_proxy,,,,
2018-12-19,2550.0,47032.0,0.0,0.0,-1e-06,0.0,-0.029064,0.0,ohlcv_proxy,,,,
2018-12-20,2495.0,52813.0,0.0,0.0,-1e-06,0.0,-0.033227,0.0,ohlcv_proxy,,,,
2018-12-21,2530.0,79004.0,0.0,0.0,-1e-06,0.0,-0.034008,0.0,ohlcv_proxy,,,,
2018-12-24,2519.0,42153.0,0.0,0.0,-1e-06,0.0,-0.032969,0.0,ohlcv_proxy,,,,
2018-12-26,2498.0,77969.0,0.0,0.0,-1e-06,0.0,-0.029319,0.0,ohlcv_proxy,,,,
2018-12-27,2502.0,38986.0,0.0,0.0,-1e-06,0.0,-0.027284,0.0,ohlcv_proxy,,,,
2018-12-28,2597.0,104033.0,0.0,0.0,1e-06,0.1,-0.01466,0.0,ohlcv_proxy,,,,
2019-01-02,2564.0,40725.0,0.0,0.0,0.0,0.1,-0.010987,0.0,ohlcv_proxy,,,,
2019-01-03,2498.0,56284.0,0.0,0.0,-1e-06,0.1,-0.00827,0.0,ohlcv_proxy,,,,
2019-01-04,2512.0,53957.0,0.0,0.0,-1e-06,0.1,-0.003914,0.0,ohlcv_proxy,,,,
2019-01-07,2544.0,22880.0,0.0,0.0,-0.0,0.1,0.001168,0.0,ohlcv_proxy,,,,
2019-01-08,2516.0,31835.0,0.0,0.0,-1e-06,0.1,-0.007494,0.0,ohlcv_proxy,,,,
2019-01-09,2597.0,97102.0,0.0,0.0,1e-06,0.2,0.000731,0.0,ohlcv_proxy,,,,
2019-01-10,2643.0,94860.0,0.0,0.0,1e-06,0.3,0.014704,0.0,ohlcv_proxy,,,,
2019-01-11,2643.0,53516.0,0.0,0.0,1e-06,0.3,0.02161,0.0,ohlcv_proxy,,,,
2019-01-14,2652.0,76072.0,0.0,0.0,1e-06,0.3,0.024422,0.0,ohlcv_proxy,,,,
2019-01-15,2711.0,99268.0,0.0,0.0,2e-06,0.3,0.031782,0.0,ohlcv_proxy,,,,
2019-01-16,2751.0,150157.0,0.0,0.0,2e-06,0.4,0.04032,0.0,ohlcv_proxy,,,,
2019-01-17,2772.0,111946.0,0.0,0.0,2e-06,0.5,0.043945,0.0,ohlcv_proxy,,,,
2019-01-18,2758.0,72073.0,0.0,0.0,2e-06,0.5,0.043101,0.0,ohlcv_proxy,,,,
2019-01-21,2765.0,61078.0,0.0,0.0,2e-06,0.5,0.045956,0.0,ohlcv_proxy,,,,
2019-01-22,2738.0,70309.0,0.0,0.0,1e-06,0.5,0.044362,0.0,ohlcv_proxy,,,,
2019-01-23,2824.0,122235.0,0.0,0.0,2e-06,0.5,0.043884,0.0,ohlcv_proxy,,,,
2019-01-24,2851.0,96058.0,0.0,0.0,2e-06,0.4,0.044515,0.0,ohlcv_proxy,,,,
2019-01-25,2878.0,65541.0,0.0,0.0,2e-06,0.4,0.044843,0.0,ohlcv_proxy,,,,
2019-01-28,2875.0,44154.0,0.0,0.0,2e-06,0.4,0.046223,0.0,ohlcv_proxy,,,,
2019-01-29,2865.0,32482.0,0.0,0.0,2e-06,0.3,0.049631,0.0,ohlcv_proxy,,,,
2019-01-30,2895.0,39186.0,0.0,0.0,2e-06,0.2,0.052767,0.0,ohlcv_proxy,,,,
2019-01-31,2895.0,78118.0,0.0,0.0,2e-06,0.1,0.051262,0.0,ohlcv_proxy,,,,
2019-02-01,2838.0,61183.0,0.0,0.0,1e-06,0.1,0.043104,0.0,ohlcv_proxy,,,,
2019-02-07,2947.0,108750.0,0.0,0.0,2e-06,0.1,0.045836,0.0,ohlcv_proxy,,,,
2019-02-08,2892.0,54896.0,0.0,0.0,1e-06,0.1,0.04311,0.0,ohlcv_proxy,,,,
2019-02-11,2844.0,61482.0,0.0,0.0,1e-06,0.0,0.03468,0.0,ohlcv_proxy,,,,
2019-02-12,2861.0,29329.0,0.0,0.0,1e-06,0.0,0.029331,0.0,ohlcv_proxy,,,,
2019-02-13,2957.0,116637.0,0.0,0.0,2e-06,0.1,0.033728,0.0,ohlcv_proxy,,,,
2019-02-14,2978.0,111251.0,0.0,0.0,2e-06,0.1,0.030106,0.0,ohlcv_proxy,,,,
2019-02-15,2926.0,114218.0,0.0,0.0,1e-06,0.1,0.026449,0.0,ohlcv_proxy,,,,
2019-02-18,2930.0,74736.0,0.0,0.0,1e-06,0.1,0.025567,0.0,ohlcv_proxy,,,,
2019-02-19,2902.0,81300.0,0.0,0.0,1e-06,0.1,0.021668,0.0,ohlcv_proxy,,,,
2019-02-20,2965.0,96796.0,0.0,0.0,1e-06,0.1,0.018043,0.0,ohlcv_proxy,,,,
2019-02-21,2989.0,99724.0,0.0,0.0,1e-06,0.1,0.014613,0.0,ohlcv_proxy,,,,
2019-02-22,2960.0,54190.0,0.0,0.0,1e-06,0.1,0.013767,0.0,ohlcv_proxy,,,,
2019-02-25,3063.0,435668.0,0.0,0.0,2e-06,0.2,0.021743,0.0,ohlcv_proxy,,,,
2019-02-26,3016.0,185406.0,0.0,0.0,1e-06,0.1,0.021487,0.0,ohlcv_proxy,,,,
2019-02-27,3023.0,68204.0,0.0,0.0,1e-06,0.0,0.022071,0.0,ohlcv_proxy,,,,
2019-02-28,2947.0,152979.0,0.0,0.0,0.0,0.0,0.018616,0.0,ohlcv_proxy,,,,
2019-03-04,2814.0,258119.0,0.0,0.0,-1e-06,-0.1,0.008523,0.1,ohlcv_proxy,,,,
2019-03-05,2831.0,93417.0,0.0,0.0,-1e-06,-0.1,-0.012839,0.1,ohlcv_proxy,,,,
2019-03-06,2841.0,42024.0,0.0,0.0,-1e-06,-0.1,-0.025143,0.1,ohlcv_proxy,,,,
2019-03-07,2834.0,41424.0,0.0,0.0,-1e-06,-0.1,-0.03224,0.1,ohlcv_proxy,,,,
2019-03-08,2902.0,218379.0,0.0,0.0,0.0,0.0,-0.032816,0.1,ohlcv_proxy,,,,
2019-03-11,2769.0,262069.0,0.0,0.0,-1e-06,-0.1,-0.033506,0.2,ohlcv_proxy,,,,
2019-03-12,2783.0,111527.0,0.0,0.0,-1e-06,-0.2,-0.034834,0.2,ohlcv_proxy,,,,
2019-03-13,2783.0,104099.0,0.0,0.0,-1e-06,-0.1,-0.035548,0.2,ohlcv_proxy,,,,
2019-03-14,2838.0,141271.0,0.0,0.0,-0.0,-0.1,-0.03267,0.2,ohlcv_proxy,,,,
2019-03-15,2827.0,88812.0,0.0,0.0,-0.0,-0.1,-0.039321,0.2,ohlcv_proxy,,,,
2019-03-18,2838.0,80702.0,0.0,0.0,-0.0,0.0,-0.031736,0.1,ohlcv_proxy,,,,
2019-03-19,2854.0,155033.0,0.0,0.0,-0.0,0.0,-0.024701,0.1,ohlcv_proxy,,,,
2019-03-20,2868.0,75553.0,0.0,0.0,0.0,0.0,-0.019436,0.1,ohlcv_proxy,,,,
2019-03-21,2944.0,481801.0,0.0,0.0,1e-06,0.1,-0.001974,0.1,ohlcv_proxy,,,,
2019-03-22,2944.0,156763.0,0.0,0.0,1e-06,0.0,0.003119,0.1,ohlcv_proxy,,,,
2019-03-25,2854.0,91407.0,0.0,0.0,-0.0,0.1,0.004165,0.0,ohlcv_proxy,,,,
2019-03-26,2820.0,144360.0,0.0,0.0,-1e-06,0.1,0.012272,0.0,ohlcv_proxy,,,,
2019-03-27,2799.0,128144.0,0.0,0.0,-1e-06,0.1,0.012793,0.0,ohlcv_proxy,,,,
2019-03-28,2779.0,175745.0,0.0,0.0,-1e-06,0.1,-0.005632,0.0,ohlcv_proxy,,,,
2019-03-29,2755.0,153650.0,0.0,0.0,-1e-06,0.1,-0.017099,0.0,ohlcv_proxy,,,,
2019-04-01,2838.0,113453.0,0.0,0.0,-0.0,0.1,-0.018221,0.0,ohlcv_proxy,,,,
2019-04-02,2902.0,105480.0,0.0,0.0,1e-06,0.1,-0.015112,0.0,ohlcv_proxy,,,,
2019-04-03,2885.0,318513.0,0.0,0.0,0.0,0.0,-0.005887,0.0,ohlcv_proxy,,,,
2019-04-04,2883.0,880618.0,0.0,0.0,0.0,-0.2,0.003131,0.0,ohlcv_proxy,,,,
2019-04-05,3025.0,801252.0,0.0,0.0,2e-06,-0.1,0.016026,0.0,ohlcv_proxy,,,,
2019-04-08,2998.0,252941.0,0.0,0.0,1e-06,-0.1,0.01547,0.0,ohlcv_proxy,,,,
2019-04-09,3002.0,131115.0,0.0,0.0,1e-06,-0.1,0.015189,0.0,ohlcv_proxy,,,,
2019-04-10,2998.0,113487.0,0.0,0.0,1e-06,-0.1,0.017536,0.0,ohlcv_proxy,,,,
2019-04-11,3092.0,529014.0,0.0,0.0,2e-06,0.0,0.035926,0.0,ohlcv_proxy,,,,
2019-04-12,3118.0,320516.0,0.0,0.0,2e-06,0.0,0.040278,0.0,ohlcv_proxy,,,,
2019-04-15,3108.0,219691.0,0.0,0.0,2e-06,0.0,0.044146,0.0,ohlcv_proxy,,,,
2019-04-16,3045.0,249004.0,0.0,0.0,1e-06,0.0,0.041917,0.0,ohlcv_proxy,,,,
2019-04-17,3170.0,390253.0,0.0,0.0,2e-06,0.1,0.045007,0.0,ohlcv_proxy,,,,
2019-04-18,3088.0,246496.0,0.0,0.0,1e-06,0.2,0.043235,0.0,ohlcv_proxy,,,,
2019-04-19,3098.0,125983.0,0.0,0.0,1e-06,0.1,0.040962,0.0,ohlcv_proxy,,,,
2019-04-22,3156.0,279896.0,0.0,0.0,2e-06,0.1,0.040773,0.0,ohlcv_proxy,,,,
2019-04-23,3080.0,2184026.0,0.0,0.0,1e-06,0.0,0.024563,0.1,ohlcv_proxy,,,,
2019-04-24,3221.0,1012701.0,0.0,0.0,2e-06,0.1,0.02384,0.1,ohlcv_proxy,,,,
2019-04-25,3392.0,13455270.0,0.0,0.0,3e-06,0.1,0.022376,0.1,ohlcv_proxy,,,,
2019-04-26,3239.0,1476634.0,0.0,0.0,2e-06,0.1,0.019917,0.1,ohlcv_proxy,,,,
2019-04-29,3622.0,8027894.0,0.0,0.0,5e-06,0.2,0.018718,0.1,ohlcv_proxy,,,,
2019-04-30,3642.0,2669341.0,0.0,0.0,4e-06,0.3,0.026329,0.1,ohlcv_proxy,,,,
2019-05-02,3629.0,5554169.0,0.0,0.0,4e-06,0.2,0.025131,0.1,ohlcv_proxy,,,,
2019-05-03,3540.0,1607717.0,0.0,0.0,3e-06,0.2,0.044308,0.1,ohlcv_proxy,,,,
2019-05-07,3412.0,1046728.0,0.0,0.0,1e-06,0.2,0.047102,0.1,ohlcv_proxy,,,,
2019-05-08,3197.0,2040938.0,0.0,0.0,-1e-06,0.2,0.0286,0.1,ohlcv_proxy,,,,
2019-05-09,3063.0,1297844.0,0.0,0.0,-2e-06,0.3,0.008889,0.0,ohlcv_proxy,,,,
2019-05-10,3011.0,1009930.0,0.0,0.0,-2e-06,0.2,-0.04734,0.0,ohlcv_proxy,,,,
2019-05-13,2934.0,897181.0,0.0,0.0,-3e-06,0.1,-0.080396,0.0,ohlcv_proxy,,,,
2019-05-14,2947.0,621534.0,0.0,0.0,-2e-06,0.1,-0.099499,0.0,ohlcv_proxy,,,,
2019-05-15,3025.0,632238.0,0.0,0.0,-1e-06,0.0,-0.117538,0.0,ohlcv_proxy,,,,
2019-05-16,2871.0,1010474.0,0.0,0.0,-3e-06,-0.1,-0.129885,0.0,ohlcv_proxy,,,,
2019-05-17,2909.0,1159808.0,0.0,0.0,-2e-06,0.0,-0.134747,0.0,ohlcv_proxy,,,,
2019-05-20,2824.0,700710.0,0.0,0.0,-3e-06,0.0,-0.138621,0.0,ohlcv_proxy,,,,
2019-05-21,2820.0,356702.0,0.0,0.0,-3e-06,0.0,-0.141991,0.0,ohlcv_proxy,,,,
2019-05-22,2803.0,312696.0,0.0,0.0,-3e-06,0.0,-0.150669,0.0,ohlcv_proxy,,,,
2019-05-23,2691.0,756650.0,0.0,0.0,-4e-06,0.0,-0.163803,0.0,ohlcv_proxy,,,,
2019-05-24,2728.0,317873.0,0.0,0.0,-3e-06,0.0,-0.179494,0.0,ohlcv_proxy,,,,
2019-05-27,2673.0,330653.0,0.0,0.0,-3e-06,0.0,-0.185888,0.0,ohlcv_proxy,,,,
2019-05-28,2744.0,289144.0,0.0,0.0,-2e-06,0.0,-0.189999,0.0,ohlcv_proxy,,,,
2019-05-29,2645.0,433898.0,0.0,0.0,-3e-06,0.0,-0.172076,0.0,ohlcv_proxy,,,,
2019-05-30,2758.0,327228.0,0.0,0.0,-1e-06,0.0,-0.152897,0.0,ohlcv_proxy,,,,
2019-05-31,2793.0,411957.0,0.0,0.0,-1e-06,0.0,-0.101015,0.0,ohlcv_proxy,,,,
2019-06-03,2883.0,638048.0,0.0,0.0,0.0,0.0,-0.062782,0.0,ohlcv_proxy,,,,
2019-06-04,2926.0,334731.0,0.0,0.0,1e-06,0.0,-0.042222,0.0,ohlcv_proxy,,,,
2019-06-05,3011.0,405961.0,0.0,0.0,2e-06,0.0,-0.003268,0.0,ohlcv_proxy,,,,
2019-06-07,3011.0,271246.0,0.0,0.0,1e-06,0.0,0.015493,0.0,ohlcv_proxy,,,,
2019-06-10,3008.0,364898.0,0.0,0.0,1e-06,0.0,0.033191,0.0,ohlcv_proxy,,,,
2019-06-11,3011.0,391728.0,0.0,0.0,1e-06,0.0,0.046893,0.0,ohlcv_proxy,,,,
2019-06-12,2978.0,335256.0,0.0,0.0,1e-06,0.0,0.050874,0.0,ohlcv_proxy,,,,
2019-06-13,3025.0,345181.0,0.0,0.0,1e-06,0.0,0.053632,0.0,ohlcv_proxy,,,,
2019-06-14,3002.0,289469.0,0.0,0.0,1e-06,0.0,0.05205,0.0,ohlcv_proxy,,,,
2019-06-17,3050.0,407491.0,0.0,0.0,1e-06,0.0,0.054631,0.0,ohlcv_proxy,,,,
2019-06-18,3145.0,984264.0,0.0,0.0,2e-06,0.1,0.060149,0.0,ohlcv_proxy,,,,
2019-06-19,3136.0,499200.0,0.0,0.0,2e-06,0.1,0.062492,0.0,ohlcv_proxy,,,,
2019-06-20,3139.0,272558.0,0.0,0.0,2e-06,0.1,0.063385,0.0,ohlcv_proxy,,,,
2019-06-21,3122.0,193766.0,0.0,0.0,1e-06,0.1,0.058339,0.0,ohlcv_proxy,,,,
2019-06-24,3074.0,238048.0,0.0,0.0,1e-06,0.1,0.056547,0.0,ohlcv_proxy,,,,
2019-06-25,2991.0,289987.0,0.0,0.0,-0.0,0.1,0.039767,0.0,ohlcv_proxy,,,,
2019-06-26,2998.0,284211.0,0.0,0.0,-0.0,0.1,0.023981,0.0,ohlcv_proxy,,,,
2019-06-27,2971.0,427192.0,0.0,0.0,-0.0,0.1,0.003927,0.0,ohlcv_proxy,,,,
2019-06-28,2899.0,448140.0,0.0,0.0,-1e-06,0.1,-0.011946,0.0,ohlcv_proxy,,,,
2019-07-01,2851.0,291068.0,0.0,0.0,-2e-06,0.1,-0.025138,0.0,ohlcv_proxy,,,,
2019-07-02,2889.0,169359.0,0.0,0.0,-1e-06,0.0,-0.032733,0.0,ohlcv_proxy,,,,
2019-07-03,2806.0,228459.0,0.0,0.0,-2e-06,0.0,-0.042105,0.0,ohlcv_proxy,,,,
2019-07-04,2851.0,236400.0,0.0,0.0,-1e-06,0.0,-0.050811,0.0,ohlcv_proxy,,,,
2019-07-05,2858.0,257732.0,0.0,0.0,-1e-06,0.0,-0.053872,0.0,ohlcv_proxy,,,,
2019-07-08,2643.0,662858.0,0.0,0.0,-4e-06,-0.1,-0.072866,0.0,ohlcv_proxy,,,,
2019-07-09,2632.0,365481.0,0.0,0.0,-3e-06,-0.1,-0.080107,0.0,ohlcv_proxy,,,,
2019-07-10,2707.0,166695.0,0.0,0.0,-2e-06,-0.1,-0.082323,0.0,ohlcv_proxy,,,,
2019-07-11,2742.0,283761.0,0.0,0.0,-1e-06,-0.1,-0.083279,0.0,ohlcv_proxy,,,,
2019-07-12,2814.0,293923.0,0.0,0.0,-0.0,-0.1,-0.082176,0.0,ohlcv_proxy,,,,
2019-07-15,2803.0,412605.0,0.0,0.0,-1e-06,-0.1,-0.060062,0.0,ohlcv_proxy,,,,
2019-07-16,2797.0,236613.0,0.0,0.0,-1e-06,-0.1,-0.033602,0.0,ohlcv_proxy,,,,
2019-07-17,2738.0,219292.0,0.0,0.0,-1e-06,-0.1,-0.023829,0.0,ohlcv_proxy,,,,
2019-07-18,2738.0,255005.0,0.0,0.0,-1e-06,-0.1,-0.017588,0.0,ohlcv_proxy,,,,
2019-07-19,2762.0,180421.0,0.0,0.0,-1e-06,-0.1,-0.01708,0.0,ohlcv_proxy,,,,
2019-07-22,2779.0,158392.0,0.0,0.0,-0.0,0.0,-0.017001,0.0,ohlcv_proxy,,,,
2019-07-23,2772.0,165202.0,0.0,0.0,-0.0,0.0,-0.015834,0.0,ohlcv_proxy,,,,
2019-07-24,2738.0,172874.0,0.0,0.0,-1e-06,0.0,-0.011327,0.0,ohlcv_proxy,,,,
2019-07-25,2711.0,244424.0,0.0,0.0,-1e-06,0.0,-0.007475,0.0,ohlcv_proxy,,,,
2019-07-26,2691.0,279454.0,0.0,0.0,-1e-06,0.0,-0.008607,0.0,ohlcv_proxy,,,,
2019-07-29,2502.0,631435.0,0.0,0.0,-4e-06,-0.1,-0.033858,0.1,ohlcv_proxy,,,,
2019-07-30,2581.0,322848.0,0.0,0.0,-2e-06,-0.1,-0.038049,0.1,ohlcv_proxy,,,,
2019-07-31,2656.0,291558.0,0.0,0.0,-1e-06,-0.1,-0.03746,0.1,ohlcv_proxy,,,,
2019-08-01,2584.0,142348.0,0.0,0.0,-2e-06,-0.1,-0.040758,0.1,ohlcv_proxy,,,,
2019-08-02,2577.0,134839.0,0.0,0.0,-2e-06,-0.1,-0.044643,0.1,ohlcv_proxy,,,,
2019-08-05,2317.0,513499.0,0.0,0.0,-6e-06,-0.2,-0.057581,0.1,ohlcv_proxy,,,,
2019-08-06,2203.0,494545.0,0.0,0.0,-7e-06,-0.3,-0.085725,0.1,ohlcv_proxy,,,,
2019-08-07,2306.0,272151.0,0.0,0.0,-5e-06,-0.3,-0.10442,0.1,ohlcv_proxy,,,,
2019-08-08,2430.0,227777.0,0.0,0.0,-2e-06,-0.3,-0.102628,0.1,ohlcv_proxy,,,,
2019-08-09,2430.0,115719.0,0.0,0.0,-2e-06,-0.3,-0.102428,0.1,ohlcv_proxy,,,,
2019-08-12,2450.0,119663.0,0.0,0.0,-1e-06,-0.2,-0.09136,0.0,ohlcv_proxy,,,,
2019-08-13,2498.0,138637.0,0.0,0.0,-1e-06,-0.2,-0.050495,0.0,ohlcv_proxy,,,,
2019-08-14,2539.0,175849.0,0.0,0.0,0.0,-0.2,-0.021489,0.0,ohlcv_proxy,,,,
2019-08-16,2492.0,122270.0,0.0,0.0,-1e-06,-0.2,-0.009865,0.0,ohlcv_proxy,,,,
2019-08-19,2539.0,89036.0,0.0,0.0,0.0,-0.2,0.000597,0.0,ohlcv_proxy,,,,
2019-08-20,2544.0,166462.0,0.0,0.0,0.0,-0.1,0.011239,0.0,ohlcv_proxy,,,,
2019-08-21,2560.0,126173.0,0.0,0.0,0.0,0.0,0.019245,0.0,ohlcv_proxy,,,,
2019-08-22,2550.0,90837.0,0.0,0.0,0.0,0.0,0.023019,0.0,ohlcv_proxy,,,,
2019-08-23,2539.0,89413.0,0.0,0.0,0.0,0.0,0.031782,0.0,ohlcv_proxy,,,,
2019-08-26,2410.0,158716.0,0.0,0.0,-2e-06,0.0,0.025002,0.0,ohlcv_proxy,,,,
2019-08-27,2461.0,130513.0,0.0,0.0,-1e-06,0.0,0.020043,0.0,ohlcv_proxy,,,,
2019-08-28,2478.0,49634.0,0.0,0.0,-1e-06,0.0,0.017667,0.0,ohlcv_proxy,,,,
2019-08-29,2464.0,122890.0,0.0,0.0,-1e-06,0.0,0.018916,0.0,ohlcv_proxy,,,,
2019-08-30,2533.0,118472.0,0.0,0.0,0.0,0.0,0.021254,0.0,ohlcv_proxy,,,,
2019-09-02,2533.0,58412.0,0.0,0.0,0.0,0.0,0.034042,0.0,ohlcv_proxy,,,,
2019-09-03,2564.0,74745.0,0.0,0.0,1e-06,0.0,0.034634,0.0,ohlcv_proxy,,,,
2019-09-04,2670.0,318556.0,0.0,0.0,2e-06,0.1,0.036471,0.0,ohlcv_proxy,,,,
2019-09-05,2724.0,322618.0,0.0,0.0,3e-06,0.2,0.044469,0.0,ohlcv_proxy,,,,
2019-09-06,2738.0,203989.0,0.0,0.0,3e-06,0.2,0.047484,0.0,ohlcv_proxy,,,,
2019-09-09,2666.0,130838.0,0.0,0.0,1e-06,0.2,0.045647,0.0,ohlcv_proxy,,,,
2019-09-10,2632.0,103898.0,0.0,0.0,1e-06,0.2,0.043818,0.0,ohlcv_proxy,,,,
2019-09-11,2649.0,64969.0,0.0,0.0,1e-06,0.2,0.043755,0.0,ohlcv_proxy,,,,
2019-09-16,2636.0,210724.0,0.0,0.0,1e-06,0.1,0.029611,0.0,ohlcv_proxy,,,,
2019-09-17,2622.0,90554.0,0.0,0.0,0.0,0.1,0.015854,0.0,ohlcv_proxy,,,,
2019-09-18,2611.0,128854.0,0.0,0.0,0.0,0.1,0.010307,0.0,ohlcv_proxy,,,,
2019-09-19,2691.0,203904.0,0.0,0.0,1e-06,0.1,0.013208,0.0,ohlcv_proxy,,,,
2019-09-20,2687.0,95116.0,0.0,0.0,1e-06,0.0,0.013219,0.0,ohlcv_proxy,,,,
2019-09-23,2666.0,68521.0,0.0,0.0,1e-06,-0.1,0.014693,0.0,ohlcv_proxy,,,,
2019-09-24,2656.0,70657.0,0.0,0.0,1e-06,-0.1,0.015415,0.0,ohlcv_proxy,,,,
2019-09-25,2615.0,144434.0,0.0,0.0,-0.0,-0.1,0.010607,0.0,ohlcv_proxy,,,,
2019-09-26,2744.0,492366.0,0.0,0.0,2e-06,0.0,0.015809,0.0,ohlcv_proxy,,,,
2019-09-27,2666.0,332317.0,0.0,0.0,0.0,-0.1,0.010932,0.0,ohlcv_proxy,,,,
2019-09-30,2691.0,155567.0,0.0,0.0,1e-06,0.0,0.008194,0.0,ohlcv_proxy,,,,
2019-10-01,2848.0,631461.0,0.0,0.0,3e-06,0.1,0.017003,0.0,ohlcv_proxy,,,,
2019-10-02,2814.0,339597.0,0.0,0.0,2e-06,0.0,0.02053,0.0,ohlcv_proxy,,,,
2019-10-04,2797.0,164221.0,0.0,0.0,2e-06,0.0,0.022444,0.0,ohlcv_proxy,,,,
2019-10-07,2779.0,211456.0,0.0,0.0,1e-06,0.0,0.029156,0.0,ohlcv_proxy,,,,
2019-10-08,2820.0,206497.0,0.0,0.0,2e-06,0.0,0.032118,0.0,ohlcv_proxy,,,,
2019-10-10,2779.0,143714.0,0.0,0.0,1e-06,0.0,0.023839,0.0,ohlcv_proxy,,,,
2019-10-11,2841.0,290926.0,0.0,0.0,2e-06,0.0,0.022851,0.0,ohlcv_proxy,,,,
2019-10-14,2851.0,192656.0,0.0,0.0,2e-06,-0.1,0.02354,0.0,ohlcv_proxy,,,,
2019-10-15,2820.0,158122.0,0.0,0.0,1e-06,0.0,0.025176,0.0,ohlcv_proxy,,,,
2019-10-16,3045.0,1336088.0,0.0,0.0,3e-06,0.1,0.046809,0.0,ohlcv_proxy,,,,
2019-10-17,3252.0,3191467.0,0.0,0.0,5e-06,0.1,0.052266,0.0,ohlcv_proxy,,,,
2019-10-18,3252.0,1269353.0,0.0,0.0,5e-06,0.2,0.050568,0.0,ohlcv_proxy,,,,
2019-10-21,3478.0,2521140.0,0.0,0.0,6e-06,0.3,0.047509,0.0,ohlcv_proxy,,,,
2019-10-22,3512.0,1761271.0,0.0,0.0,6e-06,0.4,0.045382,0.0,ohlcv_proxy,,,,
2019-10-23,3385.0,1077071.0,0.0,0.0,4e-06,0.4,0.053711,0.0,ohlcv_proxy,,,,
2019-10-24,3390.0,853173.0,0.0,0.0,4e-06,0.4,0.065948,0.0,ohlcv_proxy,,,,
2019-10-25,3656.0,4353606.0,0.0,0.0,6e-06,0.5,0.068034,0.0,ohlcv_proxy,,,,
2019-10-28,3820.0,6174586.0,0.0,0.0,6e-06,0.6,0.064933,0.0,ohlcv_proxy,,,,
2019-10-29,3834.0,1827442.0,0.0,0.0,6e-06,0.6,0.065573,0.0,ohlcv_proxy,,,,
2019-10-30,3600.0,1724039.0,0.0,0.0,3e-06,0.5,0.065151,0.0,ohlcv_proxy,,,,
2019-10-31,3786.0,1432536.0,0.0,0.0,4e-06,0.4,0.063464,0.0,ohlcv_proxy,,,,
2019-11-01,3718.0,530894.0,0.0,0.0,4e-06,0.4,0.069254,0.0,ohlcv_proxy,,,,
2019-11-04,3656.0,707118.0,0.0,0.0,3e-06,0.3,0.05223,0.0,ohlcv_proxy,,,,
2019-11-05,3464.0,1122236.0,0.0,0.0,1e-06,0.2,0.026476,0.0,ohlcv_proxy,,,,
2019-11-06,3498.0,631617.0,0.0,0.0,1e-06,0.2,0.02399,0.0,ohlcv_proxy,,,,
2019-11-07,3375.0,983196.0,0.0,0.0,0.0,0.2,-0.008959,0.0,ohlcv_proxy,,,,
2019-11-08,3286.0,793887.0,0.0,0.0,-1e-06,0.1,-0.028213,0.0,ohlcv_proxy,,,,
2019-11-11,3239.0,613330.0,0.0,0.0,-1e-06,0.0,-0.046497,0.0,ohlcv_proxy,,,,
2019-11-12,3327.0,428912.0,0.0,0.0,-0.0,0.0,-0.056189,0.0,ohlcv_proxy,,,,
2019-11-13,3392.0,783330.0,0.0,0.0,0.0,0.0,-0.065307,0.0,ohlcv_proxy,,,,
2019-11-14,3292.0,555359.0,0.0,0.0,-0.0,0.0,-0.0783,0.0,ohlcv_proxy,,,,
2019-11-15,3341.0,842748.0,0.0,0.0,0.0,0.0,-0.076297,0.0,ohlcv_proxy,,,,
2019-11-18,3334.0,420112.0,0.0,0.0,-0.0,0.0,-0.072928,0.0,ohlcv_proxy,,,,
2019-11-19,3409.0,691021.0,0.0,0.0,1e-06,0.0,-0.068769,0.0,ohlcv_proxy,,,,
2019-11-20,3412.0,1664752.0,0.0,0.0,1e-06,0.0,-0.063766,0.0,ohlcv_proxy,,,,
2019-11-21,3156.0,1162016.0,0.0,0.0,-2e-06,0.0,-0.072639,0.0,ohlcv_proxy,,,,
2019-11-22,3368.0,861921.0,0.0,0.0,0.0,0.0,-0.066109,0.0,ohlcv_proxy,,,,
2019-11-25,3392.0,303098.0,0.0,0.0,0.0,0.0,-0.041412,0.0,ohlcv_proxy,,,,
2019-11-26,3464.0,602660.0,0.0,0.0,1e-06,0.0,-0.028926,0.0,ohlcv_proxy,,,,
2019-11-27,3372.0,506159.0,0.0,0.0,0.0,0.0,-0.031758,0.0,ohlcv_proxy,,,,
2019-11-28,3409.0,458052.0,0.0,0.0,0.0,0.0,0.003142,0.0,ohlcv_proxy,,,,
2019-11-29,3430.0,341726.0,0.0,0.0,1e-06,0.0,0.011466,0.0,ohlcv_proxy,,,,
2019-12-02,3443.0,306937.0,0.0,0.0,1e-06,0.0,0.017328,0.0,ohlcv_proxy,,,,
2019-12-03,3492.0,472193.0,0.0,0.0,1e-06,0.0,0.01961,0.0,ohlcv_proxy,,,,
2019-12-04,3358.0,443355.0,0.0,0.0,-0.0,0.0,0.021223,0.0,ohlcv_proxy,,,,
2019-12-05,3239.0,691170.0,0.0,0.0,-1e-06,0.0,0.007491,0.0,ohlcv_proxy,,,,
2019-12-06,3327.0,186756.0,0.0,0.0,-0.0,0.0,0.002393,0.0,ohlcv_proxy,,,,
2019-12-09,3299.0,204264.0,0.0,0.0,-1e-06,0.0,-0.004738,0.0,ohlcv_proxy,,,,
2019-12-10,3276.0,142068.0,0.0,0.0,-1e-06,0.0,-0.019238,0.0,ohlcv_proxy,,,,
2019-12-11,3409.0,274304.0,0.0,0.0,0.0,0.0,-0.018344,0.0,ohlcv_proxy,,,,
2019-12-12,3472.0,596962.0,0.0,0.0,1e-06,0.0,0.009435,0.0,ohlcv_proxy,,,,
2019-12-13,3656.0,3033408.0,0.0,0.0,2e-06,0.1,0.044557,0.0,ohlcv_proxy,,,,
2019-12-16,3745.0,1511694.0,0.0,0.0,3e-06,0.2,0.04945,0.0,ohlcv_proxy,,,,
2019-12-17,3739.0,1069831.0,0.0,0.0,2e-06,0.2,0.049762,0.0,ohlcv_proxy,,,,
2019-12-18,4040.0,4266210.0,0.0,0.0,4e-06,0.3,0.052774,0.0,ohlcv_proxy,,,,
2019-12-19,3820.0,2156576.0,0.0,0.0,2e-06,0.2,0.042474,0.1,ohlcv_proxy,,,,
2019-12-20,3718.0,1401258.0,0.0,0.0,1e-06,0.2,0.047775,0.1,ohlcv_proxy,,,,
2019-12-23,3635.0,829776.0,0.0,0.0,1e-06,0.2,0.047176,0.1,ohlcv_proxy,,,,
2019-12-24,3594.0,758260.0,0.0,0.0,0.0,0.2,0.044373,0.1,ohlcv_proxy,,,,
2019-12-26,3691.0,939681.0,0.0,0.0,1e-06,0.2,0.002665,0.1,ohlcv_proxy,,,,
2019-12-27,3834.0,1260487.0,0.0,0.0,2e-06,0.2,-0.004661,0.1,ohlcv_proxy,,,,
2019-12-30,3827.0,769844.0,0.0,0.0,2e-06,0.1,-0.002263,0.1,ohlcv_proxy,,,,
2020-01-02,3773.0,733268.0,0.0,0.0,1e-06,0.0,0.002895,0.1,ohlcv_proxy,,,,
2020-01-03,3739.0,1254536.0,0.0,0.0,1e-06,0.0,0.007104,0.1,ohlcv_proxy,,,,
2020-01-06,3773.0,749252.0,0.0,0.0,1e-06,-0.1,0.009148,0.1,ohlcv_proxy,,,,
2020-01-07,3861.0,1293635.0,0.0,0.0,1e-06,0.0,0.005522,0.0,ohlcv_proxy,,,,
2020-01-08,3992.0,3175190.0,0.0,0.0,2e-06,0.1,0.019598,0.0,ohlcv_proxy,,,,
2020-01-09,4184.0,3369544.0,0.0,0.0,3e-06,0.2,0.036376,0.0,ohlcv_proxy,,,,
2020-01-10,4177.0,1159514.0,0.0,0.0,3e-06,0.2,0.046467,0.0,ohlcv_proxy,,,,
2020-01-13,4121.0,815043.0,0.0,0.0,2e-06,0.2,0.050564,0.0,ohlcv_proxy,,,,
2020-01-14,4354.0,3903456.0,0.0,0.0,3e-06,0.3,0.062293,0.0,ohlcv_proxy,,,,
2020-01-15,4423.0,1228133.0,0.0,0.0,3e-06,0.3,0.07206,0.0,ohlcv_proxy,,,,
2020-01-16,4464.0,971370.0,0.0,0.0,3e-06,0.3,0.079919,0.0,ohlcv_proxy,,,,
2020-01-17,4450.0,1607564.0,0.0,0.0,3e-06,0.3,0.082513,0.0,ohlcv_proxy,,,,
2020-01-20,4608.0,3046864.0,0.0,0.0,3e-06,0.4,0.088918,0.0,ohlcv_proxy,,,,
2020-01-21,4608.0,1322401.0,0.0,0.0,3e-06,0.4,0.09586,0.0,ohlcv_proxy,,,,
2020-01-22,4662.0,975555.0,0.0,0.0,3e-06,0.3,0.094178,0.0,ohlcv_proxy,,,,
2020-01-23,4540.0,1083653.0,0.0,0.0,2e-06,0.2,0.08905,0.0,ohlcv_proxy,,,,
2020-01-28,4486.0,1716379.0,0.0,0.0,2e-06,0.2,0.082652,0.0,ohlcv_proxy,,,,
2020-01-29,4471.0,989565.0,0.0,0.0,1e-06,0.2,0.069136,0.0,ohlcv_proxy,,,,
2020-01-30,4554.0,2647036.0,0.0,0.0,2e-06,0.2,0.057102,0.0,ohlcv_proxy,,,,
2020-01-31,4190.0,2055547.0,0.0,0.0,-0.0,0.2,0.033102,0.0,ohlcv_proxy,,,,
2020-02-03,4300.0,1755388.0,0.0,0.0,0.0,0.2,0.021474,0.0,ohlcv_proxy,,,,
2020-02-04,4354.0,905600.0,0.0,0.0,1e-06,0.2,0.01116,0.0,ohlcv_proxy,,,,
2020-02-05,4239.0,996476.0,0.0,0.0,-0.0,0.1,0.002635,0.0,ohlcv_proxy,,,,
2020-02-06,4540.0,2183336.0,0.0,0.0,1e-06,0.1,-0.007712,0.0,ohlcv_proxy,,,,
2020-02-07,4395.0,1146492.0,0.0,0.0,1e-06,0.1,-0.003928,0.0,ohlcv_proxy,,,,
2020-02-10,4273.0,667994.0,0.0,0.0,-0.0,0.1,-0.005679,0.0,ohlcv_proxy,,,,
2020-02-11,4245.0,972741.0,0.0,0.0,-0.0,0.1,-0.01063,0.0,ohlcv_proxy,,,,
2020-02-12,4568.0,2112872.0,0.0,0.0,1e-06,0.1,0.002565,0.0,ohlcv_proxy,,,,
2020-02-13,4471.0,1179232.0,0.0,0.0,1e-06,0.0,-0.006418,0.0,ohlcv_proxy,,,,
2020-02-14,4546.0,957355.0,0.0,0.0,1e-06,0.0,-0.001625,0.0,ohlcv_proxy,,,,
2020-02-17,4787.0,1749459.0,0.0,0.0,2e-06,0.0,0.016556,0.0,ohlcv_proxy,,,,
2020-02-18,4574.0,1387210.0,0.0,0.0,1e-06,0.0,0.025038,0.0,ohlcv_proxy,,,,
2020-02-19,4745.0,1843297.0,0.0,0.0,2e-06,0.0,0.03465,0.0,ohlcv_proxy,,,,
2020-02-20,4745.0,1839011.0,0.0,0.0,1e-06,0.0,0.043219,0.0,ohlcv_proxy,,,,
2020-02-21,4581.0,1134308.0,0.0,0.0,1e-06,0.0,0.044098,0.0,ohlcv_proxy,,,,
2020-02-24,4293.0,1490749.0,0.0,0.0,-1e-06,0.0,0.024901,0.0,ohlcv_proxy,,,,
2020-02-25,4534.0,1113315.0,0.0,0.0,0.0,0.0,0.023359,0.0,ohlcv_proxy,,,,
2020-02-26,4395.0,989694.0,0.0,0.0,-0.0,0.0,0.007929,0.0,ohlcv_proxy,,,,
2020-02-27,4141.0,1488256.0,0.0,0.0,-2e-06,0.0,-0.021668,0.0,ohlcv_proxy,,,,
2020-02-28,3957.0,1542179.0,0.0,0.0,-3e-06,0.0,-0.049583,0.0,ohlcv_proxy,,,,
2020-03-02,4307.0,1420603.0,0.0,0.0,-0.0,0.0,-0.049531,0.0,ohlcv_proxy,,,,
2020-03-03,4266.0,1230306.0,0.0,0.0,-1e-06,0.0,-0.058356,0.0,ohlcv_proxy,,,,
2020-03-04,4464.0,1249586.0,0.0,0.0,1e-06,0.0,-0.05561,0.0,ohlcv_proxy,,,,
2020-03-05,4614.0,1714149.0,0.0,0.0,1e-06,0.0,-0.031466,0.0,ohlcv_proxy,,,,
2020-03-06,4457.0,1572933.0,0.0,0.0,0.0,0.0,-0.007858,0.0,ohlcv_proxy,,,,
2020-03-09,4170.0,1124236.0,0.0,0.0,-1e-06,0.0,-0.010029,0.0,ohlcv_proxy,,,,
2020-03-10,4382.0,1517821.0,0.0,0.0,0.0,0.0,-0.006582,0.0,ohlcv_proxy,,,,
2020-03-11,4149.0,1033530.0,0.0,0.0,-1e-06,0.0,-0.012888,0.0,ohlcv_proxy,,,,
2020-03-12,3876.0,1268625.0,0.0,0.0,-3e-06,0.0,-0.042842,0.0,ohlcv_proxy,,,,
2020-03-13,3581.0,2116966.0,0.0,0.0,-4e-06,0.0,-0.084691,0.0,ohlcv_proxy,,,,
2020-03-16,3080.0,2350956.0,0.0,0.0,-8e-06,-0.1,-0.123716,0.0,ohlcv_proxy,,,,
2020-03-17,3025.0,2281865.0,0.0,0.0,-8e-06,-0.2,-0.170231,0.0,ohlcv_proxy,,,,
2020-03-18,2539.0,2514487.0,0.0,0.0,-1.3e-05,-0.3,-0.2,0.0,ohlcv_proxy,,,,
2020-03-19,2183.0,2608201.0,0.0,0.0,-1.8e-05,-0.4,-0.2,0.0,ohlcv_proxy,,,,
2020-03-20,2419.0,2071013.0,0.0,0.0,-1.2e-05,-0.4,-0.2,0.0,ohlcv_proxy,,,,
2020-03-23,2139.0,1764032.0,0.0,0.0,-1.6e-05,-0.4,-0.2,0.0,ohlcv_proxy,,,,
2020-03-24,2337.0,2359060.0,0.0,0.0,-1.1e-05,-0.4,-0.2,0.0,ohlcv_proxy,,,,
2020-03-25,2550.0,3072123.0,0.0,0.0,-6e-06,-0.3,-0.2,0.0,ohlcv_proxy,,,,
2020-03-26,2718.0,2584601.0,0.0,0.0,-4e-06,-0.3,-0.2,0.0,ohlcv_proxy,,,,
2020-03-27,2758.0,1975078.0,0.0,0.0,-3e-06,-0.3,-0.2,0.0,ohlcv_proxy,,,,
2020-03-30,2758.0,1954738.0,0.0,0.0,-2e-06,-0.2,-0.165312,0.0,ohlcv_proxy,,,,
2020-03-31,2786.0,1657840.0,0.0,0.0,-2e-06,-0.1,-0.12448,0.0,ohlcv_proxy,,,,
2020-04-01,2751.0,1919850.0,0.0,0.0,-2e-06,0.0,-0.088948,0.0,ohlcv_proxy,,,,
2020-04-02,2824.0,1090571.0,0.0,0.0,-1e-06,0.1,-0.058953,0.0,ohlcv_proxy,,,,
2020-04-03,2814.0,953600.0,0.0,0.0,-1e-06,0.1,-0.034512,0.0,ohlcv_proxy,,,,
2020-04-06,2951.0,2342558.0,0.0,0.0,1e-06,0.1,-0.003894,0.0,ohlcv_proxy,,,,
2020-04-07,3050.0,2877636.0,0.0,0.0,2e-06,0.1,0.038502,0.0,ohlcv_proxy,,,,
2020-04-08,3080.0,2113518.0,0.0,0.0,2e-06,0.0,0.071129,0.0,ohlcv_proxy,,,,
2020-04-09,3088.0,1657066.0,0.0,0.0,2e-06,0.0,0.091884,0.0,ohlcv_proxy,,,,
2020-04-10,3016.0,1347566.0,0.0,0.0,1e-06,0.0,0.112108,0.0,ohlcv_proxy,,,,
2020-04-13,2820.0,1163334.0,0.0,0.0,-1e-06,0.0,0.117292,0.0,ohlcv_proxy,,,,
2020-04-14,2899.0,828029.0,0.0,0.0,-0.0,0.0,0.11456,0.0,ohlcv_proxy,,,,
2020-04-16,2978.0,658648.0,0.0,0.0,0.0,0.0,0.096704,0.0,ohlcv_proxy,,,,
2020-04-17,3093.0,2260961.0,0.0,0.0,2e-06,0.0,0.0771,0.0,ohlcv_proxy,,,,
2020-04-20,3053.0,1076184.0,0.0,0.0,1e-06,0.0,0.06786,0.0,ohlcv_proxy,,,,
2020-04-21,2960.0,1592193.0,0.0,0.0,-0.0,0.0,0.060962,0.0,ohlcv_proxy,,,,
2020-04-22,2960.0,670490.0,0.0,0.0,-0.0,0.0,0.050391,0.0,ohlcv_proxy,,,,
2020-04-23,2957.0,610486.0,0.0,0.0,-0.0,0.0,0.037589,0.0,ohlcv_proxy,,,,
2020-04-24,2971.0,1655470.0,0.0,0.0,0.0,0.0,0.015782,0.0,ohlcv_proxy,,,,
2020-04-27,3390.0,5800561.0,0.0,0.0,4e-06,0.1,0.05997,0.0,ohlcv_proxy,,,,
2020-04-28,3424.0,4146488.0,0.0,0.0,4e-06,0.2,0.072174,0.0,ohlcv_proxy,,,,
2020-04-29,3317.0,7485369.0,0.0,0.0,3e-06,0.1,0.059241,0.1,ohlcv_proxy,,,,
2020-05-04,3303.0,1754589.0,0.0,0.0,2e-06,0.1,0.053918,0.1,ohlcv_proxy,,,,
2020-05-06,3334.0,1041321.0,0.0,0.0,2e-06,0.1,0.058916,0.1,ohlcv_proxy,,,,
2020-05-07,3385.0,1117827.0,0.0,0.0,3e-06,0.1,0.05136,0.1,ohlcv_proxy,,,,
2020-05-08,3532.0,2738718.0,0.0,0.0,3e-06,0.1,0.044089,0.1,ohlcv_proxy,,,,
2020-05-11,3409.0,2253635.0,0.0,0.0,2e-06,0.1,0.052671,0.1,ohlcv_proxy,,,,
2020-05-12,3296.0,1150253.0,0.0,0.0,1e-06,0.1,0.051658,0.1,ohlcv_proxy,,,,
2020-05-13,3283.0,947568.0,0.0,0.0,1e-06,0.1,0.047741,0.1,ohlcv_proxy,,,,
2020-05-14,3191.0,879145.0,0.0,0.0,-0.0,0.0,0.039318,0.1,ohlcv_proxy,,,,
2020-05-15,3341.0,1854714.0,0.0,0.0,1e-06,-0.1,0.01379,0.1,ohlcv_proxy,,,,
2020-05-18,3313.0,1143537.0,0.0,0.0,1e-06,0.0,0.001038,0.0,ohlcv_proxy,,,,
2020-05-19,3368.0,1277346.0,0.0,0.0,1e-06,0.0,0.003385,0.0,ohlcv_proxy,,,,
2020-05-20,3540.0,3298664.0,0.0,0.0,3e-06,0.1,0.022249,0.0,ohlcv_proxy,,,,
2020-05-21,3492.0,2259830.0,0.0,0.0,2e-06,0.1,0.029362,0.0,ohlcv_proxy,,,,
2020-05-22,3358.0,1290532.0,0.0,0.0,1e-06,0.1,0.027462,0.0,ohlcv_proxy,,,,
2020-05-25,3703.0,9536376.0,0.0,0.0,3e-06,0.2,0.049374,0.0,ohlcv_proxy,,,,
2020-05-26,3937.0,6923444.0,0.0,0.0,4e-06,0.3,0.062353,0.0,ohlcv_proxy,,,,
2020-05-27,3800.0,2984856.0,0.0,0.0,3e-06,0.3,0.063619,0.0,ohlcv_proxy,,,,
2020-05-28,3629.0,2835383.0,0.0,0.0,2e-06,0.3,0.060882,0.0,ohlcv_proxy,,,,
2020-05-29,3574.0,972772.0,0.0,0.0,1e-06,0.3,0.06209,0.0,ohlcv_proxy,,,,
2020-06-01,3876.0,2369158.0,0.0,0.0,3e-06,0.3,0.062273,0.0,ohlcv_proxy,,,,
2020-06-02,3786.0,1456447.0,0.0,0.0,2e-06,0.3,0.035991,0.0,ohlcv_proxy,,,,
2020-06-03,3773.0,1236070.0,0.0,0.0,2e-06,0.2,0.029298,0.0,ohlcv_proxy,,,,
2020-06-04,3745.0,1462107.0,0.0,0.0,2e-06,0.2,0.038283,0.0,ohlcv_proxy,,,,
2020-06-05,3786.0,774631.0,0.0,0.0,2e-06,0.2,0.043511,0.0,ohlcv_proxy,,,,
2020-06-08,3677.0,850063.0,0.0,0.0,1e-06,0.1,0.02688,0.0,ohlcv_proxy,,,,
2020-06-09,3677.0,737278.0,0.0,0.0,1e-06,0.0,0.018746,0.0,ohlcv_proxy,,,,
2020-06-10,3656.0,557385.0,0.0,0.0,0.0,0.0,0.010951,0.0,ohlcv_proxy,,,,
2020-06-11,3532.0,976094.0,0.0,0.0,-0.0,0.0,-0.006267,0.0,ohlcv_proxy,,,,
2020-06-12,3368.0,1403244.0,0.0,0.0,-2e-06,0.0,-0.037828,0.0,ohlcv_proxy,,,,
2020-06-15,2998.0,1723038.0,0.0,0.0,-5e-06,0.0,-0.086748,0.0,ohlcv_proxy,,,,
2020-06-16,3166.0,754662.0,0.0,0.0,-3e-06,0.0,-0.1059,0.0,ohlcv_proxy,,,,
2020-06-17,3207.0,925411.0,0.0,0.0,-2e-06,0.0,-0.118984,0.0,ohlcv_proxy,,,,
2020-06-18,3225.0,575641.0,0.0,0.0,-2e-06,0.0,-0.13484,0.0,ohlcv_proxy,,,,
2020-06-19,3276.0,604200.0,0.0,0.0,-1e-06,0.0,-0.148124,0.0,ohlcv_proxy,,,,
2020-06-22,3317.0,561335.0,0.0,0.0,-1e-06,0.0,-0.117965,0.0,ohlcv_proxy,,,,
2020-06-23,3252.0,634691.0,0.0,0.0,-1e-06,0.0,-0.090876,0.0,ohlcv_proxy,,,,
2020-06-24,3327.0,820251.0,0.0,0.0,-0.0,0.0,-0.071644,0.0,ohlcv_proxy,,,,
2020-06-25,3187.0,905410.0,0.0,0.0,-2e-06,0.0,-0.068387,0.0,ohlcv_proxy,,,,
2020-06-26,3191.0,386049.0,0.0,0.0,-1e-06,0.0,-0.068861,0.0,ohlcv_proxy,,,,
2020-06-29,3074.0,487869.0,0.0,0.0,-2e-06,0.0,-0.063161,0.0,ohlcv_proxy,,,,
2020-06-30,3156.0,604967.0,0.0,0.0,-1e-06,0.0,-0.05755,0.0,ohlcv_proxy,,,,
2020-07-01,3149.0,559952.0,0.0,0.0,-1e-06,0.0,-0.060562,0.0,ohlcv_proxy,,,,
2020-07-02,3166.0,351937.0,0.0,0.0,-1e-06,0.0,-0.051918,0.0,ohlcv_proxy,,,,
2020-07-03,3170.0,266565.0,0.0,0.0,-1e-06,0.0,-0.045508,0.0,ohlcv_proxy,,,,
2020-07-06,3310.0,990166.0,0.0,0.0,0.0,0.0,-0.017293,0.0,ohlcv_proxy,,,,
2020-07-07,3259.0,924124.0,0.0,0.0,-0.0,0.0,-0.003356,0.0,ohlcv_proxy,,,,
2020-07-08,3283.0,551501.0,0.0,0.0,0.0,0.0,0.008401,0.0,ohlcv_proxy,,,,
2020-07-09,3290.0,528389.0,0.0,0.0,0.0,0.0,0.018669,0.0,ohlcv_proxy,,,,
2020-07-10,3286.0,709205.0,0.0,0.0,0.0,0.0,0.025385,0.0,ohlcv_proxy,,,,
2020-07-13,3347.0,895782.0,0.0,0.0,1e-06,0.0,0.016294,0.0,ohlcv_proxy,,,,
2020-07-14,3299.0,514728.0,0.0,0.0,0.0,0.0,0.017551,0.0,ohlcv_proxy,,,,
2020-07-15,3498.0,2020547.0,0.0,0.0,2e-06,0.1,0.031628,0.0,ohlcv_proxy,,,,
2020-07-16,3424.0,1238641.0,0.0,0.0,1e-06,0.0,0.032518,0.0,ohlcv_proxy,,,,
2020-07-17,3464.0,1154789.0,0.0,0.0,1e-06,0.1,0.036142,0.0,ohlcv_proxy,,,,
2020-07-20,3656.0,2206285.0,0.0,0.0,3e-06,0.2,0.045954,0.0,ohlcv_proxy,,,,
2020-07-21,3656.0,1096407.0,0.0,0.0,2e-06,0.2,0.049092,0.0,ohlcv_proxy,,,,
2020-07-22,3656.0,763645.0,0.0,0.0,2e-06,0.2,0.052912,0.0,ohlcv_proxy,,,,
2020-07-23,3552.0,1581424.0,0.0,0.0,1e-06,0.1,0.051847,0.0,ohlcv_proxy,,,,
2020-07-24,3519.0,911678.0,0.0,0.0,1e-06,0.1,0.052568,0.0,ohlcv_proxy,,,,
2020-07-27,3697.0,2377778.0,0.0,0.0,2e-06,0.2,0.044999,0.0,ohlcv_proxy,,,,
2020-07-28,3841.0,3303677.0,0.0,0.0,3e-06,0.3,0.048144,0.0,ohlcv_proxy,,,,
2020-07-29,3773.0,1263894.0,0.0,0.0,2e-06,0.2,0.045388,0.0,ohlcv_proxy,,,,
2020-07-30,3669.0,2198538.0,0.0,0.0,1e-06,0.2,0.045277,0.0,ohlcv_proxy,,,,
2020-07-31,3773.0,2812709.0,0.0,0.0,2e-06,0.2,0.045468,0.0,ohlcv_proxy,,,,
2020-08-03,3779.0,1451708.0,0.0,0.0,2e-06,0.1,0.044282,0.0,ohlcv_proxy,,,,
2020-08-04,3711.0,746790.0,0.0,0.0,1e-06,0.1,0.031434,0.0,ohlcv_proxy,,,,
2020-08-05,3950.0,3129601.0,0.0,0.0,2e-06,0.2,0.036678,0.0,ohlcv_proxy,,,,
2020-08-06,4964.0,44156442.0,0.0,0.0,7e-06,0.4,0.079024,0.0,ohlcv_proxy,,,,
2020-08-07,4998.0,24862337.0,0.0,0.0,7e-06,0.5,0.067528,0.0,ohlcv_proxy,,,,
2020-08-10,5163.0,6229025.0,0.0,0.0,7e-06,0.4,0.066069,0.0,ohlcv_proxy,,,,
2020-08-11,4828.0,4298633.0,0.0,0.0,5e-06,0.3,0.06397,0.0,ohlcv_proxy,,,,
2020-08-12,4780.0,2493945.0,0.0,0.0,4e-06,0.3,0.065437,0.0,ohlcv_proxy,,,,
2020-08-13,4800.0,3912632.0,0.0,0.0,4e-06,0.4,0.060574,0.0,ohlcv_proxy,,,,
2020-08-14,4676.0,2445611.0,0.0,0.0,3e-06,0.3,0.043142,0.0,ohlcv_proxy,,,,
2020-08-18,4416.0,2172747.0,0.0,0.0,1e-06,0.3,0.002865,0.0,ohlcv_proxy,,,,
2020-08-19,4395.0,1406152.0,0.0,0.0,1e-06,0.3,-0.013655,0.0,ohlcv_proxy,,,,
2020-08-20,4047.0,2561601.0,0.0,0.0,-1e-06,0.2,-0.043699,0.0,ohlcv_proxy,,,,
2020-08-21,4141.0,1932178.0,0.0,0.0,-0.0,0.1,-0.082228,0.0,ohlcv_proxy,,,,
2020-08-24,4184.0,1405436.0,0.0,0.0,0.0,0.0,-0.106207,0.0,ohlcv_proxy,,,,
2020-08-25,4546.0,1897923.0,0.0,0.0,2e-06,0.0,-0.105229,0.0,ohlcv_proxy,,,,
2020-08-26,4443.0,1564007.0,0.0,0.0,1e-06,0.0,-0.107185,0.0,ohlcv_proxy,,,,
2020-08-27,4239.0,1126079.0,0.0,0.0,0.0,0.0,-0.094694,0.0,ohlcv_proxy,,,,
2020-08-28,4368.0,1277954.0,0.0,0.0,1e-06,0.0,-0.086238,0.0,ohlcv_proxy,,,,
2020-08-31,4457.0,1154129.0,0.0,0.0,1e-06,0.0,-0.079748,0.0,ohlcv_proxy,,,,
2020-09-01,4409.0,661306.0,0.0,0.0,1e-06,0.0,-0.090432,0.0,ohlcv_proxy,,,,
2020-09-02,4759.0,2978723.0,0.0,0.0,2e-06,0.0,-0.062093,0.0,ohlcv_proxy,,,,
2020-09-03,4957.0,9386243.0,0.0,0.0,3e-06,0.1,-0.01062,0.0,ohlcv_proxy,,,,
2020-09-04,4848.0,3647920.0,0.0,0.0,2e-06,0.1,0.009846,0.0,ohlcv_proxy,,,,
2020-09-07,5094.0,3507465.0,0.0,0.0,3e-06,0.1,0.038259,0.0,ohlcv_proxy,,,,
2020-09-08,5560.0,12246014.0,0.0,0.0,4e-06,0.2,0.066072,0.0,ohlcv_proxy,,,,
2020-09-09,5286.0,3790646.0,0.0,0.0,3e-06,0.2,0.070314,0.0,ohlcv_proxy,,,,
2020-09-10,6210.0,25065969.0,0.0,0.0,5e-06,0.3,0.096267,0.0,ohlcv_proxy,,,,
2020-09-11,6396.0,7396936.0,0.0,0.0,5e-06,0.4,0.101014,0.0,ohlcv_proxy,,,,
2020-09-14,6347.0,7700430.0,0.0,0.0,5e-06,0.3,0.101161,0.0,ohlcv_proxy,,,,
2020-09-15,6184.0,3101668.0,0.0,0.0,4e-06,0.3,0.116247,0.0,ohlcv_proxy,,,,
2020-09-16,6081.0,2416914.0,0.0,0.0,3e-06,0.3,0.122489,0.0,ohlcv_proxy,,,,
2020-09-17,5855.0,2314523.0,0.0,0.0,2e-06,0.2,0.114357,0.0,ohlcv_proxy,,,,
2020-09-18,5937.0,1953195.0,0.0,0.0,2e-06,0.2,0.090739,0.0,ohlcv_proxy,,,,
2020-09-21,5567.0,2417062.0,0.0,0.0,1e-06,0.2,0.046331,0.0,ohlcv_proxy,,,,
2020-09-22,5595.0,1920412.0,0.0,0.0,1e-06,0.1,0.019898,0.0,ohlcv_proxy,,,,
2020-09-23,5616.0,1950740.0,0.0,0.0,1e-06,0.1,-0.000575,0.0,ohlcv_proxy,,,,
2020-09-24,5601.0,3734460.0,0.0,0.0,1e-06,0.0,-0.01364,0.0,ohlcv_proxy,,,,
2020-09-25,5889.0,3245084.0,0.0,0.0,2e-06,-0.1,-0.014682,0.0,ohlcv_proxy,,,,
2020-09-28,6074.0,2828514.0,0.0,0.0,2e-06,0.0,-0.001062,0.0,ohlcv_proxy,,,,
2020-09-29,5957.0,1471297.0,0.0,0.0,1e-06,0.0,0.004951,0.0,ohlcv_proxy,,,,
2020-10-05,6115.0,1349460.0,0.0,0.0,2e-06,0.0,0.009774,0.0,ohlcv_proxy,,,,
2020-10-06,6019.0,1330194.0,0.0,0.0,1e-06,0.0,0.01466,0.0,ohlcv_proxy,,,,
2020-10-07,5978.0,786349.0,0.0,0.0,1e-06,0.0,0.014507,0.0,ohlcv_proxy,,,,
2020-10-08,5985.0,4038611.0,0.0,0.0,1e-06,0.0,0.002743,0.0,ohlcv_proxy,,,,
2020-10-12,6087.0,963084.0,0.0,0.0,1e-06,0.0,-0.005423,0.0,ohlcv_proxy,,,,
2020-10-13,6156.0,1248889.0,0.0,0.0,1e-06,0.0,-0.011027,0.0,ohlcv_proxy,,,,
2020-10-14,5971.0,1036803.0,0.0,0.0,1e-06,0.0,-0.002671,0.0,ohlcv_proxy,,,,
2020-10-15,5669.0,2492394.0,0.0,0.0,-0.0,0.0,-0.004772,0.0,ohlcv_proxy,,,,
2020-10-16,5629.0,906282.0,0.0,0.0,-0.0,0.0,-0.003761,0.0,ohlcv_proxy,,,,
2020-10-19,5553.0,897725.0,0.0,0.0,-1e-06,0.0,-0.011276,0.0,ohlcv_proxy,,,,
2020-10-20,5567.0,978292.0,0.0,0.0,-0.0,0.0,-0.025923,0.0,ohlcv_proxy,,,,
2020-10-21,5581.0,454004.0,0.0,0.0,-0.0,0.0,-0.035519,0.0,ohlcv_proxy,,,,
2020-10-22,5307.0,1096603.0,0.0,0.0,-1e-06,0.0,-0.050305,0.0,ohlcv_proxy,,,,
2020-10-23,5266.0,593307.0,0.0,0.0,-1e-06,0.0,-0.06233,0.0,ohlcv_proxy,,,,
2020-10-26,4889.0,1782396.0,0.0,0.0,-3e-06,0.0,-0.094888,0.0,ohlcv_proxy,,,,
2020-10-27,5026.0,1397772.0,0.0,0.0,-2e-06,0.0,-0.111374,0.0,ohlcv_proxy,,,,
2020-10-28,5238.0,1009901.0,0.0,0.0,-1e-06,0.0,-0.114151,0.0,ohlcv_proxy,,,,
2020-10-29,5225.0,889626.0,0.0,0.0,-1e-06,0.0,-0.112633,0.0,ohlcv_proxy,,,,
2020-10-30,4964.0,808125.0,0.0,0.0,-2e-06,0.0,-0.108854,0.0,ohlcv_proxy,,,,
2020-11-02,5094.0,859330.0,0.0,0.0,-1e-06,0.0,-0.091586,0.0,ohlcv_proxy,,,,
2020-11-03,5409.0,1495596.0,0.0,0.0,0.0,0.0,-0.065208,0.0,ohlcv_proxy,,,,
2020-11-04,5478.0,1239176.0,0.0,0.0,0.0,0.0,-0.050146,0.0,ohlcv_proxy,,,,
2020-11-05,5560.0,702411.0,0.0,0.0,1e-06,0.0,-0.039227,0.0,ohlcv_proxy,,,,
2020-11-06,5505.0,838571.0,0.0,0.0,0.0,0.0,-0.008607,0.0,ohlcv_proxy,,,,
2020-11-09,5553.0,821730.0,0.0,0.0,0.0,0.0,0.009916,0.0,ohlcv_proxy,,,,
2020-11-10,5471.0,608208.0,0.0,0.0,0.0,0.0,0.022465,0.0,ohlcv_proxy,,,,
2020-11-11,5423.0,710201.0,0.0,0.0,0.0,0.0,0.026728,0.0,ohlcv_proxy,,,,
2020-11-12,5348.0,1133758.0,0.0,0.0,-0.0,0.0,0.024679,0.0,ohlcv_proxy,,,,
2020-11-13,5341.0,1028763.0,0.0,0.0,-0.0,0.0,0.020312,0.0,ohlcv_proxy,,,,
2020-11-16,5964.0,7187874.0,0.0,0.0,2e-06,0.1,0.053149,0.0,ohlcv_proxy,,,,
2020-11-17,5732.0,3121886.0,0.0,0.0,1e-06,0.0,0.049084,0.1,ohlcv_proxy,,,,
2020-11-18,5710.0,1210076.0,0.0,0.0,1e-06,0.0,0.049924,0.1,ohlcv_proxy,,,,
2020-11-19,5792.0,1122463.0,0.0,0.0,1e-06,0.0,0.052997,0.1,ohlcv_proxy,,,,
2020-11-20,5738.0,786325.0,0.0,0.0,1e-06,0.0,0.056664,0.1,ohlcv_proxy,,,,
2020-11-23,5848.0,1534583.0,0.0,0.0,1e-06,0.0,0.028212,0.1,ohlcv_proxy,,,,
2020-11-24,5780.0,1154814.0,0.0,0.0,1e-06,0.0,0.025108,0.1,ohlcv_proxy,,,,
2020-11-25,5622.0,1537043.0,0.0,0.0,0.0,0.0,0.018159,0.1,ohlcv_proxy,,,,
2020-11-26,5697.0,713805.0,0.0,0.0,0.0,0.0,0.013006,0.1,ohlcv_proxy,,,,
2020-11-27,5792.0,1491635.0,0.0,0.0,1e-06,0.0,0.010586,0.1,ohlcv_proxy,,,,
2020-11-30,5718.0,664447.0,0.0,0.0,0.0,-0.1,0.002007,0.1,ohlcv_proxy,,,,
2020-12-01,5684.0,558874.0,0.0,0.0,0.0,0.0,-0.003813,0.0,ohlcv_proxy,,,,
2020-12-02,5792.0,1340659.0,0.0,0.0,0.0,0.0,0.002668,0.0,ohlcv_proxy,,,,
2020-12-03,5752.0,801160.0,0.0,0.0,0.0,0.0,0.003229,0.0,ohlcv_proxy,,,,
2020-12-04,5616.0,1592104.0,0.0,0.0,-0.0,0.0,-0.006487,0.0,ohlcv_proxy,,,,
2020-12-07,5498.0,876625.0,0.0,0.0,-0.0,0.0,-0.012557,0.0,ohlcv_proxy,,,,
2020-12-08,5505.0,512114.0,0.0,0.0,-0.0,0.0,-0.015952,0.0,ohlcv_proxy,,,,
2020-12-09,5601.0,660445.0,0.0,0.0,-0.0,0.0,-0.025407,0.0,ohlcv_proxy,,,,
2020-12-10,5642.0,680268.0,0.0,0.0,0.0,0.0,-0.031398,0.0,ohlcv_proxy,,,,
2020-12-11,5896.0,3934320.0,0.0,0.0,1e-06,0.1,-0.005822,0.0,ohlcv_proxy,,,,
2020-12-14,5766.0,1681972.0,0.0,0.0,0.0,0.1,0.008322,0.0,ohlcv_proxy,,,,
2020-12-15,5835.0,1206921.0,0.0,0.0,0.0,0.1,0.01152,0.0,ohlcv_proxy,,,,
2020-12-16,6012.0,2257504.0,0.0,0.0,1e-06,0.2,0.017441,0.0,ohlcv_proxy,,,,
2020-12-17,6149.0,2994870.0,0.0,0.0,1e-06,0.3,0.024232,0.0,ohlcv_proxy,,,,
2020-12-18,6231.0,2193579.0,0.0,0.0,1e-06,0.4,0.032122,0.0,ohlcv_proxy,,,,
2020-12-21,6184.0,1196959.0,0.0,0.0,1e-06,0.4,0.040537,0.0,ohlcv_proxy,,,,
2020-12-22,5848.0,1635322.0,0.0,0.0,0.0,0.4,0.038555,0.0,ohlcv_proxy,,,,
2020-12-23,5964.0,1523982.0,0.0,0.0,0.0,0.4,0.03506,0.0,ohlcv_proxy,,,,
2020-12-24,6094.0,1460839.0,0.0,0.0,1e-06,0.4,0.028846,0.0,ohlcv_proxy,,,,
2020-12-28,6396.0,5495882.0,0.0,0.0,1e-06,0.4,0.035167,0.0,ohlcv_proxy,,,,
2020-12-29,6424.0,4072029.0,0.0,0.0,1e-06,0.5,0.036973,0.0,ohlcv_proxy,,,,
2020-12-30,7773.0,29275975.0,0.0,0.0,4e-06,0.6,0.07586,0.0,ohlcv_proxy,,,,
2021-01-04,7910.0,6769768.0,0.0,0.0,4e-06,0.6,0.07497,0.0,ohlcv_proxy,,,,
2021-01-05,7601.0,3919009.0,0.0,0.0,3e-06,0.5,0.074957,0.0,ohlcv_proxy,,,,
2021-01-06,7670.0,11065412.0,0.0,0.0,3e-06,0.5,0.077446,0.0,ohlcv_proxy,,,,
2021-01-07,7979.0,2995476.0,0.0,0.0,3e-06,0.5,0.085849,0.0,ohlcv_proxy,,,,
2021-01-08,7704.0,3383987.0,0.0,0.0,2e-06,0.5,0.079429,0.0,ohlcv_proxy,,,,
2021-01-11,7944.0,6145063.0,0.0,0.0,2e-06,0.5,0.070927,0.0,ohlcv_proxy,,,,
2021-01-12,8218.0,8472366.0,0.0,0.0,2e-06,0.6,0.07669,0.0,ohlcv_proxy,,,,
2021-01-13,8149.0,2881507.0,0.0,0.0,2e-06,0.5,0.083548,0.0,ohlcv_proxy,,,,
2021-01-14,8252.0,1519671.0,0.0,0.0,2e-06,0.4,0.080686,0.0,ohlcv_proxy,,,,
2021-01-15,8321.0,5415494.0,0.0,0.0,2e-06,0.3,0.085838,0.0,ohlcv_proxy,,,,
2021-01-18,8629.0,4365684.0,0.0,0.0,2e-06,0.2,0.094471,0.0,ohlcv_proxy,,,,
2021-01-19,8491.0,4908643.0,0.0,0.0,2e-06,0.2,0.094539,0.0,ohlcv_proxy,,,,
2021-01-20,8595.0,3112023.0,0.0,0.0,2e-06,0.1,0.095652,0.0,ohlcv_proxy,,,,
2021-01-21,8527.0,2372870.0,0.0,0.0,2e-06,0.1,0.093856,0.0,ohlcv_proxy,,,,
2021-01-22,8527.0,4080856.0,0.0,0.0,1e-06,0.1,0.093434,0.0,ohlcv_proxy,,,,
2021-01-25,8457.0,1656900.0,0.0,0.0,1e-06,0.1,0.084781,0.0,ohlcv_proxy,,,,
2021-01-26,8218.0,2018141.0,0.0,0.0,1e-06,0.0,0.076371,0.0,ohlcv_proxy,,,,
2021-01-27,8252.0,1630093.0,0.0,0.0,1e-06,0.0,0.057912,0.0,ohlcv_proxy,,,,
2021-01-28,7773.0,2005681.0,0.0,0.0,-0.0,0.0,0.033757,0.0,ohlcv_proxy,,,,
2021-01-29,7361.0,2966391.0,0.0,0.0,-1e-06,0.0,-0.019286,0.0,ohlcv_proxy,,,,
2021-02-01,7533.0,1909581.0,0.0,0.0,-0.0,0.0,-0.038636,0.0,ohlcv_proxy,,,,
2021-02-02,7807.0,1885045.0,0.0,0.0,0.0,0.0,-0.050713,0.0,ohlcv_proxy,,,,
2021-02-03,7773.0,1079659.0,0.0,0.0,0.0,0.0,-0.068927,0.0,ohlcv_proxy,,,,
2021-02-04,7635.0,1013123.0,0.0,0.0,-0.0,0.0,-0.073173,0.0,ohlcv_proxy,,,,
2021-02-05,7704.0,1430661.0,0.0,0.0,-0.0,0.0,-0.06121,0.0,ohlcv_proxy,,,,
2021-02-08,7292.0,1604240.0,0.0,0.0,-1e-06,0.0,-0.06725,0.0,ohlcv_proxy,,,,
2021-02-09,7499.0,1644146.0,0.0,0.0,-0.0,0.0,-0.073959,0.0,ohlcv_proxy,,,,
2021-02-10,7533.0,1950080.0,0.0,0.0,-0.0,0.0,-0.075677,0.0,ohlcv_proxy,,,,
2021-02-15,7979.0,1944100.0,0.0,0.0,0.0,0.0,-0.063432,0.0,ohlcv_proxy,,,,
2021-02-16,7944.0,2084001.0,0.0,0.0,0.0,0.0,-0.05229,0.0,ohlcv_proxy,,,,
2021-02-17,8115.0,1594434.0,0.0,0.0,1e-06,0.0,-0.028218,0.0,ohlcv_proxy,,,,
2021-02-18,7773.0,1591477.0,0.0,0.0,0.0,0.0,-0.013915,0.0,ohlcv_proxy,,,,
2021-02-19,8388.0,4334761.0,0.0,0.0,1e-06,0.1,0.018191,0.0,ohlcv_proxy,,,,
2021-02-22,7979.0,1811039.0,0.0,0.0,0.0,0.1,0.022551,0.0,ohlcv_proxy,,,,
2021-02-23,7773.0,1226782.0,0.0,0.0,-0.0,0.1,0.030871,0.0,ohlcv_proxy,,,,
2021-02-24,7361.0,1724734.0,0.0,0.0,-1e-06,0.1,0.021831,0.0,ohlcv_proxy,,,,
2021-02-25,7738.0,1173487.0,0.0,0.0,-0.0,0.1,0.025675,0.0,ohlcv_proxy,,,,
2021-02-26,7361.0,1505776.0,0.0,0.0,-1e-06,0.1,-0.015269,0.0,ohlcv_proxy,,,,
2021-03-02,7190.0,1835443.0,0.0,0.0,-1e-06,0.1,-0.03646,0.0,ohlcv_proxy,,,,
2021-03-03,7499.0,1188108.0,0.0,0.0,-0.0,0.1,-0.045272,0.0,ohlcv_proxy,,,,
2021-03-04,7395.0,927826.0,0.0,0.0,-0.0,0.1,-0.044365,0.0,ohlcv_proxy,,,,
2021-03-05,7395.0,829166.0,0.0,0.0,-0.0,0.1,-0.051019,0.0,ohlcv_proxy,,,,
2021-03-08,7259.0,939074.0,0.0,0.0,-1e-06,0.0,-0.051521,0.0,ohlcv_proxy,,,,
2021-03-09,7053.0,1322267.0,0.0,0.0,-1e-06,0.0,-0.051258,0.0,ohlcv_proxy,,,,
2021-03-10,6807.0,1360322.0,0.0,0.0,-1e-06,0.0,-0.068657,0.0,ohlcv_proxy,,,,
2021-03-11,6917.0,1248006.0,0.0,0.0,-1e-06,0.0,-0.079184,0.0,ohlcv_proxy,,,,
2021-03-12,7361.0,2192813.0,0.0,0.0,-0.0,0.0,-0.070378,0.0,ohlcv_proxy,,,,
2021-03-15,7395.0,925883.0,0.0,0.0,0.0,0.0,-0.068019,0.0,ohlcv_proxy,,,,
2021-03-16,7601.0,915625.0,0.0,0.0,0.0,0.0,-0.054792,0.0,ohlcv_proxy,,,,
2021-03-17,7465.0,656221.0,0.0,0.0,0.0,0.0,-0.035745,0.0,ohlcv_proxy,,,,
2021-03-18,7567.0,811965.0,0.0,0.0,0.0,0.0,-0.015009,0.0,ohlcv_proxy,,,,
2021-03-19,7499.0,496806.0,0.0,0.0,0.0,0.0,-0.005661,0.0,ohlcv_proxy,,,,
2021-03-22,7773.0,1706396.0,0.0,0.0,1e-06,0.0,0.028311,0.0,ohlcv_proxy,,,,
2021-03-23,7738.0,1148708.0,0.0,0.0,0.0,0.0,0.036284,0.0,ohlcv_proxy,,,,
2021-03-24,7910.0,1105687.0,0.0,0.0,1e-06,0.0,0.046048,0.0,ohlcv_proxy,,,,
2021-03-25,7807.0,869510.0,0.0,0.0,0.0,0.0,0.04854,0.0,ohlcv_proxy,,,,
2021-03-26,7738.0,653743.0,0.0,0.0,0.0,0.0,0.052377,0.0,ohlcv_proxy,,,,
2021-03-29,7807.0,1104496.0,0.0,0.0,0.0,0.0,0.050515,0.0,ohlcv_proxy,,,,
2021-03-30,7841.0,787808.0,0.0,0.0,0.0,0.0,0.048562,0.0,ohlcv_proxy,,,,
2021-03-31,8047.0,1469001.0,0.0,0.0,1e-06,0.0,0.049564,0.0,ohlcv_proxy,,,,
2021-04-01,8115.0,1146292.0,0.0,0.0,1e-06,0.0,0.053005,0.0,ohlcv_proxy,,,,
2021-04-02,8183.0,1321489.0,0.0,0.0,1e-06,0.0,0.057184,0.0,ohlcv_proxy,,,,
2021-04-05,8527.0,1927229.0,0.0,0.0,1e-06,0.1,0.068347,0.0,ohlcv_proxy,,,,
2021-04-06,8629.0,1554876.0,0.0,0.0,1e-06,0.1,0.071271,0.0,ohlcv_proxy,,,,
2021-04-07,8457.0,1297758.0,0.0,0.0,1e-06,0.1,0.068603,0.0,ohlcv_proxy,,,,
2021-04-08,8321.0,669266.0,0.0,0.0,1e-06,0.1,0.064957,0.0,ohlcv_proxy,,,,
2021-04-09,8286.0,1038809.0,0.0,0.0,0.0,0.1,0.058482,0.0,ohlcv_proxy,,,,
2021-04-12,8354.0,977165.0,0.0,0.0,1e-06,0.1,0.048141,0.0,ohlcv_proxy,,,,
2021-04-13,8183.0,905693.0,0.0,0.0,0.0,0.1,0.031592,0.0,ohlcv_proxy,,,,
2021-04-14,8423.0,766145.0,0.0,0.0,1e-06,0.1,0.025053,0.0,ohlcv_proxy,,,,
2021-04-15,8491.0,1400699.0,0.0,0.0,1e-06,0.1,0.025503,0.0,ohlcv_proxy,,,,
2021-04-16,8527.0,741553.0,0.0,0.0,1e-06,0.1,0.027262,0.0,ohlcv_proxy,,,,
2021-04-19,9006.0,5312055.0,0.0,0.0,1e-06,0.1,0.046151,0.0,ohlcv_proxy,,,,
2021-04-20,9109.0,1730541.0,0.0,0.0,1e-06,0.1,0.05031,0.0,ohlcv_proxy,,,,
2021-04-21,9450.0,3719620.0,0.0,0.0,1e-06,0.2,0.054837,0.0,ohlcv_proxy,,,,
2021-04-22,9587.0,1825394.0,0.0,0.0,1e-06,0.2,0.060026,0.0,ohlcv_proxy,,,,
2021-04-23,10444.0,4878719.0,0.0,0.0,2e-06,0.3,0.070495,0.0,ohlcv_proxy,,,,
2021-04-26,11094.0,4302916.0,0.0,0.0,2e-06,0.4,0.101167,0.0,ohlcv_proxy,,,,
2021-04-27,11403.0,2489757.0,0.0,0.0,2e-06,0.4,0.112225,0.0,ohlcv_proxy,,,,
2021-04-28,10307.0,6586626.0,0.0,0.0,1e-06,0.3,0.105897,0.1,ohlcv_proxy,,,,
2021-04-29,10032.0,3386636.0,0.0,0.0,1e-06,0.3,0.097752,0.1,ohlcv_proxy,,,,
2021-04-30,9930.0,1818831.0,0.0,0.0,1e-06,0.3,0.088948,0.1,ohlcv_proxy,,,,
2021-05-03,9587.0,1649817.0,0.0,0.0,0.0,0.2,0.058661,0.1,ohlcv_proxy,,,,
2021-05-04,10136.0,2170460.0,0.0,0.0,1e-06,0.2,0.032478,0.1,ohlcv_proxy,,,,
2021-05-06,10204.0,1043861.0,0.0,0.0,1e-06,0.1,0.015216,0.1,ohlcv_proxy,,,,
2021-05-07,10204.0,1026356.0,0.0,0.0,1e-06,0.1,0.012949,0.1,ohlcv_proxy,,,,
2021-05-10,10068.0,1113283.0,0.0,0.0,1e-06,0.0,0.011765,0.1,ohlcv_proxy,,,,
2021-05-11,9553.0,1801126.0,0.0,0.0,-0.0,-0.1,0.00813,0.1,ohlcv_proxy,,,,
2021-05-12,9314.0,1791530.0,0.0,0.0,-0.0,-0.1,-0.01554,0.1,ohlcv_proxy,,,,
2021-05-13,9075.0,1316568.0,0.0,0.0,-1e-06,0.0,-0.035161,0.0,ohlcv_proxy,,,,
2021-05-14,9484.0,1604426.0,0.0,0.0,-0.0,0.0,-0.048125,0.0,ohlcv_proxy,,,,
2021-05-17,9348.0,1116708.0,0.0,0.0,-0.0,0.0,-0.059395,0.0,ohlcv_proxy,,,,
2021-05-18,9519.0,735582.0,0.0,0.0,0.0,0.0,-0.072355,0.0,ohlcv_proxy,,,,
2021-05-20,9553.0,799088.0,0.0,0.0,0.0,0.0,-0.071097,0.0,ohlcv_proxy,,,,
2021-05-21,9450.0,775267.0,0.0,0.0,-0.0,0.0,-0.066319,0.0,ohlcv_proxy,,,,
2021-05-24,8972.0,1130025.0,0.0,0.0,-1e-06,0.0,-0.078359,0.0,ohlcv_proxy,,,,
2021-05-25,9245.0,1477339.0,0.0,0.0,-0.0,0.0,-0.074517,0.0,ohlcv_proxy,,,,
2021-05-26,9930.0,6070141.0,0.0,0.0,1e-06,0.1,-0.026585,0.0,ohlcv_proxy,,,,
2021-05-27,9964.0,1262993.0,0.0,0.0,1e-06,0.1,-0.01283,0.0,ohlcv_proxy,,,,
2021-05-28,9793.0,641855.0,0.0,0.0,0.0,0.1,-0.000553,0.0,ohlcv_proxy,,,,
2021-05-31,9690.0,921699.0,0.0,0.0,0.0,0.1,0.01117,0.0,ohlcv_proxy,,,,
2021-06-01,9725.0,470713.0,0.0,0.0,0.0,0.1,0.02137,0.0,ohlcv_proxy,,,,
2021-06-02,9416.0,1031621.0,0.0,0.0,-0.0,0.1,0.004494,0.0,ohlcv_proxy,,,,
2021-06-03,9896.0,1333959.0,0.0,0.0,0.0,0.1,0.005417,0.0,ohlcv_proxy,,,,
2021-06-04,9930.0,689409.0,0.0,0.0,0.0,0.1,0.009191,0.0,ohlcv_proxy,,,,
2021-06-07,10102.0,1488413.0,0.0,0.0,0.0,0.1,0.021002,0.0,ohlcv_proxy,,,,
2021-06-08,10102.0,1005105.0,0.0,0.0,0.0,0.1,0.026909,0.0,ohlcv_proxy,,,,
2021-06-09,9793.0,823380.0,0.0,0.0,0.0,0.0,0.033748,0.0,ohlcv_proxy,,,,
2021-06-10,9828.0,375871.0,0.0,0.0,0.0,0.0,0.03218,0.0,ohlcv_proxy,,,,
2021-06-11,10102.0,833805.0,0.0,0.0,0.0,0.0,0.03027,0.0,ohlcv_proxy,,,,
2021-06-14,10102.0,498832.0,0.0,0.0,0.0,0.0,0.025402,0.0,ohlcv_proxy,,,,
2021-06-15,10615.0,5706555.0,0.0,0.0,1e-06,0.1,0.047206,0.0,ohlcv_proxy,,,,
2021-06-16,10580.0,1352765.0,0.0,0.0,1e-06,0.1,0.051325,0.0,ohlcv_proxy,,,,
2021-06-17,11060.0,3460163.0,0.0,0.0,1e-06,0.2,0.056176,0.0,ohlcv_proxy,,,,
2021-06-18,11060.0,2425575.0,0.0,0.0,1e-06,0.2,0.057565,0.0,ohlcv_proxy,,,,
2021-06-21,10958.0,958108.0,0.0,0.0,1e-06,0.2,0.054472,0.0,ohlcv_proxy,,,,
2021-06-22,10649.0,1089241.0,0.0,0.0,0.0,0.2,0.058845,0.0,ohlcv_proxy,,,,
2021-06-23,10580.0,720763.0,0.0,0.0,0.0,0.2,0.051647,0.0,ohlcv_proxy,,,,
2021-06-24,10752.0,1144328.0,0.0,0.0,0.0,0.2,0.039164,0.0,ohlcv_proxy,,,,
2021-06-25,11163.0,1346869.0,0.0,0.0,1e-06,0.2,0.032914,0.0,ohlcv_proxy,,,,
2021-06-28,10718.0,2409144.0,0.0,0.0,0.0,0.1,0.022712,0.0,ohlcv_proxy,,,,
2021-06-29,10786.0,1123508.0,0.0,0.0,0.0,0.0,0.022679,0.0,ohlcv_proxy,,,,
2021-06-30,10889.0,700143.0,0.0,0.0,0.0,0.0,0.021157,0.0,ohlcv_proxy,,,,
2021-07-01,10786.0,428119.0,0.0,0.0,0.0,-0.1,0.018923,0.0,ohlcv_proxy,,,,
2021-07-02,10752.0,788828.0,0.0,0.0,0.0,-0.1,0.008478,0.0,ohlcv_proxy,,,,
2021-07-05,10718.0,499223.0,0.0,0.0,0.0,-0.1,0.007839,0.0,ohlcv_proxy,,,,
2021-07-06,10752.0,451819.0,0.0,0.0,0.0,-0.1,0.005238,0.0,ohlcv_proxy,,,,
2021-07-07,10718.0,454166.0,0.0,0.0,0.0,-0.1,-0.001098,0.0,ohlcv_proxy,,,,
2021-07-08,10580.0,800944.0,0.0,0.0,-0.0,-0.1,-0.006452,0.0,ohlcv_proxy,,,,
2021-07-09,10546.0,664526.0,0.0,0.0,-0.0,-0.1,-0.012493,0.0,ohlcv_proxy,,,,
2021-07-12,10546.0,313020.0,0.0,0.0,-0.0,0.0,-0.015724,0.0,ohlcv_proxy,,,,
2021-07-13,10752.0,395533.0,0.0,0.0,0.0,0.0,-0.020126,0.0,ohlcv_proxy,,,,
2021-07-14,11060.0,899467.0,0.0,0.0,0.0,0.0,-0.011908,0.0,ohlcv_proxy,,,,
2021-07-15,12156.0,8236679.0,0.0,0.0,1e-06,0.1,0.054458,0.0,ohlcv_proxy,,,,
2021-07-16,11608.0,2700102.0,0.0,0.0,1e-06,0.0,0.050722,0.1,ohlcv_proxy,,,,
2021-07-19,11608.0,1290644.0,0.0,0.0,1e-06,0.0,0.048648,0.1,ohlcv_proxy,,,,
2021-07-20,11780.0,1402863.0,0.0,0.0,1e-06,0.0,0.045769,0.1,ohlcv_proxy,,,,
2021-07-21,11506.0,821852.0,0.0,0.0,0.0,0.0,0.046068,0.1,ohlcv_proxy,,,,
2021-07-22,11608.0,1787316.0,0.0,0.0,0.0,0.0,0.015864,0.1,ohlcv_proxy,,,,
2021-07-23,11369.0,957647.0,0.0,0.0,0.0,0.0,0.012146,0.1,ohlcv_proxy,,,,
2021-07-26,11300.0,584991.0,0.0,0.0,0.0,0.0,0.003341,0.1,ohlcv_proxy,,,,
2021-07-27,11334.0,567915.0,0.0,0.0,0.0,0.0,-0.007163,0.1,ohlcv_proxy,,,,
2021-07-28,10889.0,1240696.0,0.0,0.0,-0.0,0.0,-0.018601,0.1,ohlcv_proxy,,,,
2021-07-29,10958.0,574946.0,0.0,0.0,-0.0,-0.1,-0.034397,0.1,ohlcv_proxy,,,,
2021-07-30,10752.0,527166.0,0.0,0.0,-0.0,0.0,-0.045563,0.0,ohlcv_proxy,,,,
2021-08-02,10821.0,383995.0,0.0,0.0,-0.0,0.0,-0.052315,0.0,ohlcv_proxy,,,,
2021-08-03,11163.0,1066432.0,0.0,0.0,0.0,0.0,-0.051913,0.0,ohlcv_proxy,,,,
2021-08-04,11128.0,346472.0,0.0,0.0,0.0,0.0,-0.048542,0.0,ohlcv_proxy,,,,
2021-08-05,11163.0,450146.0,0.0,0.0,0.0,0.0,-0.047489,0.0,ohlcv_proxy,,,,
2021-08-06,11163.0,307369.0,0.0,0.0,0.0,0.0,-0.042992,0.0,ohlcv_proxy,,,,
2021-08-09,11437.0,630201.0,0.0,0.0,0.0,0.0,-0.033959,0.0,ohlcv_proxy,,,,
2021-08-10,11094.0,670842.0,0.0,0.0,-0.0,0.0,-0.034778,0.0,ohlcv_proxy,,,,
2021-08-11,10752.0,651133.0,0.0,0.0,-0.0,0.0,-0.043151,0.0,ohlcv_proxy,,,,
2021-08-12,10786.0,384517.0,0.0,0.0,-0.0,0.0,-0.02475,0.0,ohlcv_proxy,,,,
2021-08-13,10546.0,828192.0,0.0,0.0,-0.0,0.0,-0.029734,0.0,ohlcv_proxy,,,,
2021-08-17,10444.0,660406.0,0.0,0.0,-0.0,0.0,-0.04182,0.0,ohlcv_proxy,,,,
2021-08-18,10512.0,511118.0,0.0,0.0,-0.0,0.0,-0.045139,0.0,ohlcv_proxy,,,,
2021-08-19,10102.0,742214.0,0.0,0.0,-1e-06,0.0,-0.052009,0.0,ohlcv_proxy,,,,
2021-08-20,9656.0,1157934.0,0.0,0.0,-1e-06,-0.1,-0.059316,0.0,ohlcv_proxy,,,,
2021-08-23,9930.0,435257.0,0.0,0.0,-1e-06,-0.1,-0.064,0.0,ohlcv_proxy,,,,
2021-08-24,10376.0,553224.0,0.0,0.0,-0.0,-0.1,-0.062528,0.0,ohlcv_proxy,,,,
2021-08-25,11198.0,6567204.0,0.0,0.0,0.0,0.0,-0.003819,0.0,ohlcv_proxy,,,,
2021-08-26,11642.0,2712258.0,0.0,0.0,1e-06,0.1,0.008878,0.0,ohlcv_proxy,,,,
2021-08-27,11642.0,2526556.0,0.0,0.0,1e-06,0.1,0.023696,0.0,ohlcv_proxy,,,,
2021-08-30,12190.0,5547821.0,0.0,0.0,1e-06,0.2,0.029209,0.0,ohlcv_proxy,,,,
2021-08-31,12225.0,1251859.0,0.0,0.0,1e-06,0.2,0.031691,0.0,ohlcv_proxy,,,,
2021-09-01,12293.0,1094853.0,0.0,0.0,1e-06,0.2,0.053678,0.0,ohlcv_proxy,,,,
2021-09-02,12568.0,2942392.0,0.0,0.0,1e-06,0.3,0.060127,0.0,ohlcv_proxy,,,,
2021-09-03,12875.0,1523707.0,0.0,0.0,1e-06,0.4,0.07053,0.0,ohlcv_proxy,,,,
2021-09-06,12978.0,835531.0,0.0,0.0,1e-06,0.4,0.084145,0.0,ohlcv_proxy,,,,
2021-09-07,12773.0,978262.0,0.0,0.0,1e-06,0.4,0.087944,0.0,ohlcv_proxy,,,,
2021-09-08,13149.0,1545667.0,0.0,0.0,1e-06,0.3,0.093057,0.0,ohlcv_proxy,,,,
2021-09-09,13321.0,1498407.0,0.0,0.0,1e-06,0.2,0.10453,0.0,ohlcv_proxy,,,,
2021-09-10,14348.0,3547045.0,0.0,0.0,1e-06,0.3,0.129726,0.0,ohlcv_proxy,,,,
2021-09-13,14382.0,1286735.0,0.0,0.0,1e-06,0.2,0.133395,0.0,ohlcv_proxy,,,,
2021-09-14,13937.0,1638697.0,0.0,0.0,1e-06,0.2,0.134366,0.0,ohlcv_proxy,,,,
2021-09-15,11745.0,10372204.0,0.0,0.0,-0.0,0.1,0.04732,0.1,ohlcv_proxy,,,,
2021-09-16,11917.0,4730042.0,0.0,0.0,-0.0,0.1,0.028507,0.1,ohlcv_proxy,,,,
2021-09-17,12396.0,4238006.0,0.0,0.0,0.0,0.2,-0.002954,0.1,ohlcv_proxy,,,,
2021-09-23,12602.0,2656016.0,0.0,0.0,0.0,0.2,-0.011737,0.1,ohlcv_proxy,,,,
2021-09-24,12533.0,1819071.0,0.0,0.0,0.0,0.2,-0.021376,0.1,ohlcv_proxy,,,,
2021-09-27,12225.0,1529477.0,0.0,0.0,-0.0,0.2,-0.013348,0.1,ohlcv_proxy,,,,
2021-09-28,11780.0,1767502.0,0.0,0.0,-0.0,0.2,-0.009264,0.1,ohlcv_proxy,,,,
2021-09-29,11642.0,1517713.0,0.0,0.0,-0.0,0.1,-0.021476,0.1,ohlcv_proxy,,,,
2021-09-30,11334.0,1267215.0,0.0,0.0,-1e-06,0.1,-0.043504,0.1,ohlcv_proxy,,,,
2021-10-01,11985.0,6636093.0,0.0,0.0,-0.0,0.2,-0.044177,0.1,ohlcv_proxy,,,,
2021-10-05,11676.0,1325256.0,0.0,0.0,-0.0,0.3,-0.048096,0.0,ohlcv_proxy,,,,
2021-10-06,11711.0,1222563.0,0.0,0.0,-0.0,0.2,-0.046589,0.0,ohlcv_proxy,,,,
2021-10-07,11814.0,845572.0,0.0,0.0,-0.0,0.1,-0.04289,0.0,ohlcv_proxy,,,,
2021-10-08,11506.0,737431.0,0.0,0.0,-0.0,0.1,-0.038208,0.0,ohlcv_proxy,,,,
2021-10-12,11848.0,932272.0,0.0,0.0,-0.0,0.1,-0.049455,0.0,ohlcv_proxy,,,,
2021-10-13,11848.0,569512.0,0.0,0.0,-0.0,0.1,-0.044672,0.0,ohlcv_proxy,,,,
2021-10-14,12738.0,2109427.0,0.0,0.0,0.0,0.1,-0.010246,0.0,ohlcv_proxy,,,,
2021-10-15,12910.0,1375631.0,0.0,0.0,1e-06,0.1,0.019678,0.0,ohlcv_proxy,,,,
2021-10-18,13561.0,2912083.0,0.0,0.0,1e-06,0.1,0.059919,0.0,ohlcv_proxy,,,,
2021-10-19,13526.0,2125306.0,0.0,0.0,1e-06,0.0,0.080805,0.0,ohlcv_proxy,,,,
2021-10-20,13286.0,1252035.0,0.0,0.0,1e-06,0.0,0.076039,0.0,ohlcv_proxy,,,,
2021-10-21,12842.0,1070971.0,0.0,0.0,0.0,0.0,0.076384,0.0,ohlcv_proxy,,,,
2021-10-22,12875.0,605841.0,0.0,0.0,0.0,0.0,0.078827,0.0,ohlcv_proxy,,,,
2021-10-25,12704.0,471414.0,0.0,0.0,0.0,0.0,0.066892,0.0,ohlcv_proxy,,,,
2021-10-26,13218.0,1314124.0,0.0,0.0,0.0,0.0,0.053178,0.0,ohlcv_proxy,,,,
2021-10-27,13664.0,1664483.0,0.0,0.0,1e-06,0.0,0.058193,0.0,ohlcv_proxy,,,,
2021-10-28,15239.0,6345231.0,0.0,0.0,1e-06,0.1,0.114776,0.0,ohlcv_proxy,,,,
2021-10-29,15821.0,7578800.0,0.0,0.0,1e-06,0.2,0.116444,0.0,ohlcv_proxy,,,,
2021-11-01,16129.0,2290273.0,0.0,0.0,1e-06,0.2,0.113189,0.0,ohlcv_proxy,,,,
2021-11-02,15239.0,4272294.0,0.0,0.0,1e-06,0.1,0.086514,0.1,ohlcv_proxy,,,,
2021-11-03,15650.0,2709630.0,0.0,0.0,1e-06,0.1,0.084168,0.1,ohlcv_proxy,,,,
2021-11-04,15757.0,1581510.0,0.0,0.0,1e-06,0.1,0.083516,0.1,ohlcv_proxy,,,,
2021-11-05,15970.0,2328377.0,0.0,0.0,1e-06,0.1,0.072268,0.1,ohlcv_proxy,,,,
2021-11-08,16469.0,858028.0,0.0,0.0,1e-06,0.1,0.063761,0.1,ohlcv_proxy,,,,
2021-11-09,17468.0,2236431.0,0.0,0.0,1e-06,0.1,0.089995,0.1,ohlcv_proxy,,,,
2021-11-10,16826.0,1474956.0,0.0,0.0,1e-06,0.1,0.102166,0.1,ohlcv_proxy,,,,
2021-11-11,17041.0,857833.0,0.0,0.0,1e-06,0.0,0.105818,0.1,ohlcv_proxy,,,,
2021-11-12,17931.0,1764018.0,0.0,0.0,1e-06,-0.1,0.128546,0.1,ohlcv_proxy,,,,
2021-11-15,16327.0,5608050.0,0.0,0.0,0.0,-0.2,0.087296,0.2,ohlcv_proxy,,,,
2021-11-16,15900.0,1822001.0,0.0,0.0,0.0,-0.1,0.062986,0.1,ohlcv_proxy,,,,
2021-11-17,15472.0,1799530.0,0.0,0.0,0.0,-0.1,0.046555,0.1,ohlcv_proxy,,,,
2021-11-18,16042.0,1424374.0,0.0,0.0,0.0,-0.1,0.036267,0.1,ohlcv_proxy,,,,
2021-11-19,16292.0,2685369.0,0.0,0.0,0.0,-0.1,0.01832,0.1,ohlcv_proxy,,,,
2021-11-22,17218.0,3627368.0,0.0,0.0,1e-06,-0.1,0.026177,0.1,ohlcv_proxy,,,,
2021-11-23,17041.0,1345169.0,0.0,0.0,1e-06,-0.1,0.030275,0.1,ohlcv_proxy,,,,
2021-11-24,16542.0,1164288.0,0.0,0.0,0.0,-0.1,0.036471,0.1,ohlcv_proxy,,,,
2021-11-25,16185.0,592379.0,0.0,0.0,0.0,-0.1,0.03316,0.1,ohlcv_proxy,,,,
2021-11-26,15686.0,859004.0,0.0,0.0,-0.0,-0.1,0.032,0.1,ohlcv_proxy,,,,
2021-11-29,15650.0,1448081.0,0.0,0.0,-0.0,0.0,-0.002536,0.0,ohlcv_proxy,,,,
2021-11-30,15222.0,1314188.0,0.0,0.0,-0.0,0.0,-0.034987,0.0,ohlcv_proxy,,,,
2021-12-01,16114.0,1597180.0,0.0,0.0,0.0,0.0,-0.041302,0.0,ohlcv_proxy,,,,
2021-12-02,17112.0,2688393.0,0.0,0.0,0.0,0.0,-0.019565,0.0,ohlcv_proxy,,,,
2021-12-03,16791.0,1441448.0,0.0,0.0,0.0,0.0,-0.012916,0.0,ohlcv_proxy,,,,
2021-12-06,16791.0,1372690.0,0.0,0.0,0.0,0.0,-0.001954,0.0,ohlcv_proxy,,,,
2021-12-07,16292.0,1325741.0,0.0,0.0,0.0,0.0,0.012151,0.0,ohlcv_proxy,,,,
2021-12-08,15935.0,850753.0,0.0,0.0,-0.0,0.0,0.016004,0.0,ohlcv_proxy,,,,
2021-12-09,15970.0,588245.0,0.0,0.0,-0.0,0.0,0.001132,0.0,ohlcv_proxy,,,,
2021-12-10,15614.0,440830.0,0.0,0.0,-0.0,0.0,-0.004886,0.0,ohlcv_proxy,,,,
2021-12-13,15793.0,495808.0,0.0,0.0,-0.0,0.0,-0.020311,0.0,ohlcv_proxy,,,,
2021-12-14,15614.0,419248.0,0.0,0.0,-0.0,0.0,-0.033188,0.0,ohlcv_proxy,,,,
2021-12-15,15472.0,541277.0,0.0,0.0,-0.0,0.0,-0.042735,0.0,ohlcv_proxy,,,,
2021-12-16,16327.0,1344184.0,0.0,0.0,0.0,0.0,-0.030846,0.0,ohlcv_proxy,,,,
2021-12-17,15771.0,636510.0,0.0,0.0,-0.0,0.0,-0.029942,0.0,ohlcv_proxy,,,,
2021-12-20,15301.0,619019.0,0.0,0.0,-0.0,0.0,-0.025304,0.0,ohlcv_proxy,,,,
2021-12-21,15686.0,496938.0,0.0,0.0,-0.0,0.0,-0.020978,0.0,ohlcv_proxy,,,,
2021-12-22,16199.0,1014386.0,0.0,0.0,0.0,0.0,-0.011287,0.0,ohlcv_proxy,,,,
2021-12-23,17951.0,2495140.0,0.0,0.0,1e-06,0.1,0.02821,0.0,ohlcv_proxy,,,,
2021-12-24,17267.0,1171010.0,0.0,0.0,0.0,0.1,0.036089,0.0,ohlcv_proxy,,,,
2021-12-27,16583.0,1110499.0,0.0,0.0,0.0,0.1,0.037905,0.0,ohlcv_proxy,,,,
2021-12-28,16583.0,1006639.0,0.0,0.0,0.0,0.1,0.034337,0.0,ohlcv_proxy,,,,
2021-12-29,17267.0,1134354.0,0.0,0.0,0.0,0.1,0.039408,0.0,ohlcv_proxy,,,,
2021-12-30,17353.0,707955.0,0.0,0.0,0.0,0.1,0.023314,0.0,ohlcv_proxy,,,,
2022-01-03,17267.0,475962.0,0.0,0.0,0.0,0.1,0.020591,0.0,ohlcv_proxy,,,,
2022-01-04,16626.0,1983562.0,0.0,0.0,0.0,0.0,0.018591,0.1,ohlcv_proxy,,,,
2022-01-05,15643.0,1416923.0,0.0,0.0,-0.0,0.0,0.006183,0.1,ohlcv_proxy,,,,
2022-01-06,15301.0,949667.0,0.0,0.0,-0.0,0.0,-0.013364,0.1,ohlcv_proxy,,,,
2022-01-07,15643.0,689307.0,0.0,0.0,-0.0,-0.1,-0.025657,0.1,ohlcv_proxy,,,,
2022-01-10,14959.0,1095956.0,0.0,0.0,-1e-06,-0.1,-0.039541,0.1,ohlcv_proxy,,,,
2022-01-11,14361.0,1065297.0,0.0,0.0,-1e-06,-0.1,-0.071434,0.1,ohlcv_proxy,,,,
2022-01-12,15515.0,1281718.0,0.0,0.0,-0.0,-0.1,-0.072152,0.1,ohlcv_proxy,,,,
2022-01-13,15600.0,618782.0,0.0,0.0,-0.0,-0.1,-0.07053,0.1,ohlcv_proxy,,,,
2022-01-14,15900.0,1135786.0,0.0,0.0,0.0,-0.1,-0.063199,0.1,ohlcv_proxy,,,,
2022-01-17,15985.0,745774.0,0.0,0.0,0.0,-0.1,-0.052474,0.1,ohlcv_proxy,,,,
2022-01-18,15728.0,808378.0,0.0,0.0,-0.0,0.0,-0.034444,0.0,ohlcv_proxy,,,,
2022-01-19,15301.0,798310.0,0.0,0.0,-0.0,0.0,-0.034061,0.0,ohlcv_proxy,,,,
2022-01-20,15771.0,593780.0,0.0,0.0,-0.0,0.0,-0.031866,0.0,ohlcv_proxy,,,,
2022-01-21,15558.0,882557.0,0.0,0.0,-0.0,0.0,-0.022578,0.0,ohlcv_proxy,,,,
2022-01-24,15387.0,728960.0,0.0,0.0,-0.0,0.0,-0.023714,0.0,ohlcv_proxy,,,,
2022-01-25,14959.0,1001416.0,0.0,0.0,-0.0,0.0,-0.029811,0.0,ohlcv_proxy,,,,
2022-01-26,14404.0,983590.0,0.0,0.0,-1e-06,0.0,-0.036383,0.0,ohlcv_proxy,,,,
2022-01-27,14019.0,986189.0,0.0,0.0,-1e-06,0.0,-0.045962,0.0,ohlcv_proxy,,,,
2022-01-28,15344.0,1853470.0,0.0,0.0,-0.0,0.1,-0.037204,0.0,ohlcv_proxy,,,,
2022-02-03,15900.0,2168892.0,0.0,0.0,0.0,0.2,-0.02044,0.0,ohlcv_proxy,,,,
2022-02-04,16070.0,1428360.0,0.0,0.0,0.0,0.2,-0.002906,0.0,ohlcv_proxy,,,,
2022-02-07,15558.0,836515.0,0.0,0.0,0.0,0.2,0.007645,0.0,ohlcv_proxy,,,,
2022-02-08,15045.0,812048.0,0.0,0.0,-0.0,0.2,0.01827,0.0,ohlcv_proxy,,,,
2022-02-09,15472.0,563859.0,0.0,0.0,0.0,0.2,0.023938,0.0,ohlcv_proxy,,,,
2022-02-10,15643.0,570435.0,0.0,0.0,0.0,0.2,0.015503,0.0,ohlcv_proxy,,,,
2022-02-11,15344.0,748016.0,0.0,0.0,-0.0,0.2,-0.003482,0.0,ohlcv_proxy,,,,
2022-02-14,14703.0,825656.0,0.0,0.0,-0.0,0.2,-0.014154,0.0,ohlcv_proxy,,,,
2022-02-15,14489.0,458179.0,0.0,0.0,-0.0,0.2,-0.016478,0.0,ohlcv_proxy,,,,
2022-02-16,15558.0,943808.0,0.0,0.0,0.0,0.1,-0.011159,0.0,ohlcv_proxy,,,,
2022-02-17,15301.0,1066002.0,0.0,0.0,-0.0,0.0,-0.011624,0.0,ohlcv_proxy,,,,
2022-02-18,15344.0,434879.0,0.0,0.0,0.0,0.0,-0.011575,0.0,ohlcv_proxy,,,,
2022-02-21,15387.0,382124.0,0.0,0.0,0.0,0.0,-0.002677,0.0,ohlcv_proxy,,,,
2022-02-22,15643.0,1138811.0,0.0,0.0,0.0,0.0,0.009771,0.0,ohlcv_proxy,,,,
2022-02-23,15728.0,494810.0,0.0,0.0,0.0,0.0,0.010651,0.0,ohlcv_proxy,,,,
2022-02-24,15216.0,722657.0,0.0,0.0,-0.0,0.0,0.011141,0.0,ohlcv_proxy,,,,
2022-02-25,15942.0,1059395.0,0.0,0.0,0.0,0.0,0.016828,0.0,ohlcv_proxy,,,,
2022-02-28,16028.0,778917.0,0.0,0.0,0.0,0.0,0.017772,0.0,ohlcv_proxy,,,,
2022-03-02,16369.0,969974.0,0.0,0.0,0.0,0.0,0.020985,0.0,ohlcv_proxy,,,,
2022-03-03,16797.0,2173376.0,0.0,0.0,0.0,0.1,0.032786,0.0,ohlcv_proxy,,,,
2022-03-04,16840.0,1048376.0,0.0,0.0,0.0,0.1,0.044058,0.0,ohlcv_proxy,,,,
2022-03-07,16626.0,923211.0,0.0,0.0,0.0,0.1,0.050179,0.0,ohlcv_proxy,,,,
2022-03-08,16114.0,670685.0,0.0,0.0,0.0,0.1,0.049852,0.0,ohlcv_proxy,,,,
2022-03-10,16369.0,723318.0,0.0,0.0,0.0,0.1,0.046508,0.0,ohlcv_proxy,,,,
2022-03-11,15643.0,2250789.0,0.0,0.0,-0.0,0.0,0.018724,0.1,ohlcv_proxy,,,,
2022-03-14,15301.0,776746.0,0.0,0.0,-0.0,0.0,0.00359,0.1,ohlcv_proxy,,,,
2022-03-15,14873.0,664362.0,0.0,0.0,-0.0,0.0,-0.012202,0.1,ohlcv_proxy,,,,
2022-03-16,15558.0,633635.0,0.0,0.0,-0.0,0.0,-0.019391,0.1,ohlcv_proxy,,,,
2022-03-17,16114.0,1313280.0,0.0,0.0,0.0,0.0,-0.020956,0.1,ohlcv_proxy,,,,
2022-03-18,16455.0,1937123.0,0.0,0.0,0.0,0.0,-0.006764,0.1,ohlcv_proxy,,,,
2022-03-21,16156.0,738401.0,0.0,0.0,0.0,0.0,-0.001745,0.1,ohlcv_proxy,,,,
2022-03-22,16369.0,598443.0,0.0,0.0,0.0,0.0,0.008279,0.1,ohlcv_proxy,,,,
2022-03-23,16369.0,540049.0,0.0,0.0,0.0,0.0,0.013013,0.1,ohlcv_proxy,,,,
2022-03-24,16369.0,541386.0,0.0,0.0,0.0,0.0,0.014951,0.1,ohlcv_proxy,,,,
2022-03-25,16241.0,617193.0,0.0,0.0,0.0,0.1,0.009143,0.0,ohlcv_proxy,,,,
2022-03-28,15942.0,702327.0,0.0,0.0,-0.0,0.1,0.004466,0.0,ohlcv_proxy,,,,
2022-03-29,15771.0,533971.0,0.0,0.0,-0.0,0.1,-0.002526,0.0,ohlcv_proxy,,,,
2022-03-30,15900.0,634216.0,0.0,0.0,-0.0,0.1,-0.007946,0.0,ohlcv_proxy,,,,
2022-03-31,15900.0,409756.0,0.0,0.0,-0.0,0.1,-0.011962,0.0,ohlcv_proxy,,,,
2022-04-01,15515.0,689747.0,0.0,0.0,-0.0,0.0,-0.015353,0.0,ohlcv_proxy,,,,
2022-04-04,15600.0,354409.0,0.0,0.0,-0.0,0.0,-0.015685,0.0,ohlcv_proxy,,,,
2022-04-05,15728.0,416787.0,0.0,0.0,-0.0,0.0,-0.013503,0.0,ohlcv_proxy,,,,
2022-04-06,15259.0,763284.0,0.0,0.0,-0.0,0.0,-0.022149,0.0,ohlcv_proxy,,,,
2022-04-07,15045.0,591657.0,0.0,0.0,-0.0,0.0,-0.028722,0.0,ohlcv_proxy,,,,
2022-04-08,15429.0,363420.0,0.0,0.0,-0.0,0.0,-0.03189,0.0,ohlcv_proxy,,,,
2022-04-11,15259.0,427579.0,0.0,0.0,-0.0,0.0,-0.035853,0.0,ohlcv_proxy,,,,
2022-04-12,15002.0,341795.0,0.0,0.0,-0.0,0.0,-0.044615,0.0,ohlcv_proxy,,,,
2022-04-13,15429.0,347730.0,0.0,0.0,-0.0,0.0,-0.043853,0.0,ohlcv_proxy,,,,
2022-04-14,15429.0,309080.0,0.0,0.0,-0.0,0.0,-0.035889,0.0,ohlcv_proxy,,,,
2022-04-15,15472.0,247095.0,0.0,0.0,-0.0,0.0,-0.028682,0.0,ohlcv_proxy,,,,
2022-04-18,15600.0,290020.0,0.0,0.0,0.0,0.0,-0.022162,0.0,ohlcv_proxy,,,,
2022-04-19,15686.0,634815.0,0.0,0.0,0.0,0.0,-0.008191,0.0,ohlcv_proxy,,,,
2022-04-20,15814.0,956774.0,0.0,0.0,0.0,0.1,0.001029,0.0,ohlcv_proxy,,,,
2022-04-21,15728.0,332904.0,0.0,0.0,0.0,0.1,0.005797,0.0,ohlcv_proxy,,,,
2022-04-22,15686.0,482942.0,0.0,0.0,0.0,0.1,0.009229,0.0,ohlcv_proxy,,,,
2022-04-25,15259.0,475450.0,0.0,0.0,-0.0,0.1,0.007829,0.0,ohlcv_proxy,,,,
2022-04-26,15216.0,250575.0,0.0,0.0,-0.0,0.1,0.005986,0.0,ohlcv_proxy,,,,
2022-04-27,15429.0,534511.0,0.0,0.0,-0.0,0.1,-0.001022,0.0,ohlcv_proxy,,,,
2022-04-28,15472.0,382556.0,0.0,0.0,-0.0,0.1,-0.002384,0.0,ohlcv_proxy,,,,
2022-04-29,15387.0,442796.0,0.0,0.0,-0.0,0.1,-0.006315,0.0,ohlcv_proxy,,,,
2022-05-02,15130.0,489324.0,0.0,0.0,-0.0,0.1,-0.006809,0.0,ohlcv_proxy,,,,
2022-05-03,15600.0,825850.0,0.0,0.0,0.0,0.2,-0.000846,0.0,ohlcv_proxy,,,,
2022-05-04,15643.0,422989.0,0.0,0.0,0.0,0.1,-0.000151,0.0,ohlcv_proxy,,,,
2022-05-06,15472.0,394850.0,0.0,0.0,-0.0,0.1,-0.001957,0.0,ohlcv_proxy,,,,
2022-05-09,15087.0,391402.0,0.0,0.0,-0.0,0.1,-0.003891,0.0,ohlcv_proxy,,,,
2022-05-10,15045.0,887617.0,0.0,0.0,-0.0,0.0,-0.006108,0.0,ohlcv_proxy,,,,
2022-05-11,15515.0,578897.0,0.0,0.0,0.0,0.0,-0.010052,0.0,ohlcv_proxy,,,,
2022-05-12,15216.0,639482.0,0.0,0.0,-0.0,0.0,-0.013607,0.0,ohlcv_proxy,,,,
2022-05-13,15600.0,551416.0,0.0,0.0,0.0,0.0,-0.011897,0.0,ohlcv_proxy,,,,
2022-05-16,15643.0,460834.0,0.0,0.0,0.0,0.0,-0.007356,0.0,ohlcv_proxy,,,,
2022-05-17,15301.0,587480.0,0.0,0.0,-0.0,0.0,-0.000958,0.0,ohlcv_proxy,,,,
2022-05-18,15472.0,461003.0,0.0,0.0,0.0,-0.1,-0.000794,0.0,ohlcv_proxy,,,,
2022-05-19,15558.0,409583.0,0.0,0.0,0.0,-0.1,0.006175,0.0,ohlcv_proxy,,,,
2022-05-20,16114.0,1365965.0,0.0,0.0,0.0,0.0,0.016447,0.0,ohlcv_proxy,,,,
2022-05-23,16712.0,4015513.0,0.0,0.0,0.0,0.1,0.031582,0.0,ohlcv_proxy,,,,
2022-05-24,16413.0,1217780.0,0.0,0.0,0.0,0.1,0.033391,0.0,ohlcv_proxy,,,,
2022-05-25,15942.0,1575517.0,0.0,0.0,0.0,0.0,0.030111,0.0,ohlcv_proxy,,,,
2022-05-26,15728.0,872511.0,0.0,0.0,0.0,0.0,0.028115,0.0,ohlcv_proxy,,,,
2022-05-27,16070.0,553826.0,0.0,0.0,0.0,0.0,0.028438,0.0,ohlcv_proxy,,,,
2022-05-30,16284.0,541441.0,0.0,0.0,0.0,0.0,0.008255,0.0,ohlcv_proxy,,,,
2022-05-31,16498.0,1601971.0,0.0,0.0,0.0,0.1,0.007069,0.0,ohlcv_proxy,,,,
2022-06-02,16541.0,669944.0,0.0,0.0,0.0,0.1,0.013052,0.0,ohlcv_proxy,,,,
2022-06-03,16156.0,942897.0,0.0,0.0,0.0,0.1,0.017425,0.0,ohlcv_proxy,,,,
2022-06-07,15259.0,1238977.0,0.0,0.0,-0.0,0.0,0.004985,0.0,ohlcv_proxy,,,,
2022-06-08,15216.0,362446.0,0.0,0.0,-0.0,-0.1,-0.000672,0.0,ohlcv_proxy,,,,
2022-06-09,15515.0,1079076.0,0.0,0.0,-0.0,0.0,-0.020684,0.0,ohlcv_proxy,,,,
2022-06-10,14831.0,1653003.0,0.0,0.0,-0.0,0.0,-0.039594,0.0,ohlcv_proxy,,,,
2022-06-13,13805.0,1892243.0,0.0,0.0,-1e-06,-0.1,-0.066935,0.0,ohlcv_proxy,,,,
2022-06-14,13335.0,1459435.0,0.0,0.0,-1e-06,-0.1,-0.084583,0.0,ohlcv_proxy,,,,
2022-06-15,13164.0,2214291.0,0.0,0.0,-1e-06,-0.2,-0.094006,0.0,ohlcv_proxy,,,,
2022-06-16,13549.0,1846247.0,0.0,0.0,-1e-06,-0.3,-0.103937,0.0,ohlcv_proxy,,,,
2022-06-17,13506.0,913006.0,0.0,0.0,-1e-06,-0.3,-0.11621,0.0,ohlcv_proxy,,,,
2022-06-20,12993.0,1239814.0,0.0,0.0,-1e-06,-0.3,-0.120571,0.0,ohlcv_proxy,,,,
2022-06-21,13036.0,676730.0,0.0,0.0,-1e-06,-0.3,-0.116683,0.0,ohlcv_proxy,,,,
2022-06-22,11925.0,1532113.0,0.0,0.0,-1e-06,-0.3,-0.107833,0.0,ohlcv_proxy,,,,
2022-06-23,11711.0,1291180.0,0.0,0.0,-1e-06,-0.3,-0.125811,0.0,ohlcv_proxy,,,,
2022-06-24,12095.0,1126080.0,0.0,0.0,-1e-06,-0.2,-0.129169,0.0,ohlcv_proxy,,,,
2022-06-27,12566.0,853906.0,0.0,0.0,-1e-06,-0.1,-0.130419,0.0,ohlcv_proxy,,,,
2022-06-28,12566.0,582233.0,0.0,0.0,-1e-06,-0.1,-0.129972,0.0,ohlcv_proxy,,,,
2022-06-29,11881.0,1087746.0,0.0,0.0,-1e-06,0.0,-0.120584,0.0,ohlcv_proxy,,,,
2022-06-30,11070.0,1827596.0,0.0,0.0,-1e-06,0.0,-0.114338,0.0,ohlcv_proxy,,,,
2022-07-01,10771.0,1009978.0,0.0,0.0,-2e-06,0.0,-0.120849,0.0,ohlcv_proxy,,,,
2022-07-04,10514.0,1029993.0,0.0,0.0,-2e-06,0.0,-0.132775,0.0,ohlcv_proxy,,,,
2022-07-05,10728.0,1075053.0,0.0,0.0,-1e-06,0.0,-0.135479,0.0,ohlcv_proxy,,,,
2022-07-06,10385.0,742508.0,0.0,0.0,-1e-06,0.0,-0.147933,0.0,ohlcv_proxy,,,,
2022-07-07,10941.0,1244872.0,0.0,0.0,-1e-06,0.0,-0.139157,0.0,ohlcv_proxy,,,,
2022-07-08,11283.0,1176400.0,0.0,0.0,-0.0,0.0,-0.114485,0.0,ohlcv_proxy,,,,
2022-07-11,11070.0,558341.0,0.0,0.0,-1e-06,0.0,-0.095255,0.0,ohlcv_proxy,,,,
2022-07-12,10429.0,1137799.0,0.0,0.0,-1e-06,0.0,-0.089124,0.0,ohlcv_proxy,,,,
2022-07-13,10685.0,553648.0,0.0,0.0,-1e-06,0.0,-0.071976,0.0,ohlcv_proxy,,,,
2022-07-14,10685.0,411548.0,0.0,0.0,-1e-06,0.0,-0.060197,0.0,ohlcv_proxy,,,,
2022-07-15,10771.0,932230.0,0.0,0.0,-1e-06,0.0,-0.064124,0.0,ohlcv_proxy,,,,
2022-07-18,11582.0,1170923.0,0.0,0.0,0.0,0.0,-0.039346,0.0,ohlcv_proxy,,,,
2022-07-19,11582.0,634719.0,0.0,0.0,0.0,0.0,-0.012101,0.0,ohlcv_proxy,,,,
2022-07-20,11582.0,870043.0,0.0,0.0,0.0,0.0,0.005253,0.0,ohlcv_proxy,,,,
2022-07-21,11925.0,720853.0,0.0,0.0,0.0,0.0,0.020243,0.0,ohlcv_proxy,,,,
2022-07-22,11626.0,710106.0,0.0,0.0,0.0,0.0,0.040222,0.0,ohlcv_proxy,,,,
2022-07-25,11582.0,394220.0,0.0,0.0,0.0,0.0,0.04695,0.0,ohlcv_proxy,,,,
2022-07-26,11668.0,340688.0,0.0,0.0,0.0,0.0,0.052023,0.0,ohlcv_proxy,,,,
2022-07-27,11796.0,402245.0,0.0,0.0,0.0,0.0,0.059891,0.0,ohlcv_proxy,,,,
2022-07-28,11711.0,718529.0,0.0,0.0,0.0,0.0,0.051685,0.0,ohlcv_proxy,,,,
2022-07-29,11582.0,993723.0,0.0,0.0,0.0,0.0,0.045033,0.0,ohlcv_proxy,,,,
2022-08-01,11582.0,481281.0,0.0,0.0,0.0,0.0,0.039562,0.0,ohlcv_proxy,,,,
2022-08-02,11283.0,747343.0,0.0,0.0,-0.0,0.0,0.028532,0.0,ohlcv_proxy,,,,
2022-08-03,11326.0,440430.0,0.0,0.0,-0.0,0.0,0.01914,0.0,ohlcv_proxy,,,,
2022-08-04,11668.0,821402.0,0.0,0.0,0.0,0.0,0.014052,0.0,ohlcv_proxy,,,,
2022-08-05,11540.0,461499.0,0.0,0.0,0.0,0.0,0.011181,0.0,ohlcv_proxy,,,,
2022-08-08,11240.0,662149.0,0.0,0.0,-0.0,0.0,0.00477,0.0,ohlcv_proxy,,,,
2022-08-09,11027.0,1162268.0,0.0,0.0,-0.0,-0.1,-0.00831,0.0,ohlcv_proxy,,,,
2022-08-10,10471.0,1291120.0,0.0,0.0,-1e-06,-0.2,-0.025343,0.0,ohlcv_proxy,,,,
2022-08-11,10642.0,819197.0,0.0,0.0,-1e-06,-0.2,-0.040435,0.0,ohlcv_proxy,,,,
2022-08-12,10899.0,544258.0,0.0,0.0,-0.0,-0.2,-0.047914,0.0,ohlcv_proxy,,,,
2022-08-16,11240.0,903681.0,0.0,0.0,-0.0,-0.2,-0.043784,0.0,ohlcv_proxy,,,,
2022-08-17,10984.0,540641.0,0.0,0.0,-0.0,-0.2,-0.04478,0.0,ohlcv_proxy,,,,
2022-08-18,11155.0,420451.0,0.0,0.0,-0.0,-0.2,-0.027145,0.0,ohlcv_proxy,,,,
2022-08-19,11027.0,676666.0,0.0,0.0,-0.0,-0.2,-0.014185,0.0,ohlcv_proxy,,,,
2022-08-22,10685.0,462965.0,0.0,0.0,-0.0,-0.2,-0.013175,0.0,ohlcv_proxy,,,,
2022-08-23,10514.0,483872.0,0.0,0.0,-1e-06,-0.2,-0.024952,0.0,ohlcv_proxy,,,,
2022-08-24,10557.0,406847.0,0.0,0.0,-0.0,-0.1,-0.029097,0.0,ohlcv_proxy,,,,
2022-08-25,10856.0,408527.0,0.0,0.0,-0.0,0.0,-0.031292,0.0,ohlcv_proxy,,,,
2022-08-26,10941.0,745759.0,0.0,0.0,-0.0,0.0,-0.029298,0.0,ohlcv_proxy,,,,
2022-08-29,10300.0,958268.0,0.0,0.0,-1e-06,0.0,-0.033041,0.0,ohlcv_proxy,,,,
2022-08-30,10599.0,570939.0,0.0,0.0,-0.0,0.0,-0.028527,0.0,ohlcv_proxy,,,,
2022-08-31,10984.0,727448.0,0.0,0.0,0.0,0.0,-0.019221,0.0,ohlcv_proxy,,,,
2022-09-01,10557.0,560061.0,0.0,0.0,-0.0,0.0,-0.02042,0.0,ohlcv_proxy,,,,
2022-09-02,10172.0,682677.0,0.0,0.0,-1e-06,0.0,-0.027177,0.0,ohlcv_proxy,,,,
2022-09-05,9702.0,956264.0,0.0,0.0,-1e-06,0.0,-0.033398,0.0,ohlcv_proxy,,,,
2022-09-06,9830.0,439035.0,0.0,0.0,-1e-06,0.0,-0.038882,0.0,ohlcv_proxy,,,,
2022-09-07,9574.0,449251.0,0.0,0.0,-1e-06,0.0,-0.058245,0.0,ohlcv_proxy,,,,
2022-09-08,9530.0,446489.0,0.0,0.0,-1e-06,0.0,-0.0726,0.0,ohlcv_proxy,,,,
2022-09-13,10172.0,792268.0,0.0,0.0,-0.0,0.0,-0.068573,0.0,ohlcv_proxy,,,,
2022-09-14,9787.0,590148.0,0.0,0.0,-1e-06,0.0,-0.06093,0.0,ohlcv_proxy,,,,
2022-09-15,9702.0,307239.0,0.0,0.0,-1e-06,0.0,-0.055137,0.0,ohlcv_proxy,,,,
2022-09-16,9574.0,560898.0,0.0,0.0,-1e-06,0.0,-0.049975,0.0,ohlcv_proxy,,,,
2022-09-19,9744.0,858703.0,0.0,0.0,-0.0,0.0,-0.041263,0.0,ohlcv_proxy,,,,
2022-09-20,9744.0,343416.0,0.0,0.0,-0.0,0.0,-0.046805,0.0,ohlcv_proxy,,,,
2022-09-21,9530.0,335589.0,0.0,0.0,-1e-06,0.0,-0.047468,0.0,ohlcv_proxy,,,,
2022-09-22,9403.0,629561.0,0.0,0.0,-1e-06,0.0,-0.048735,0.0,ohlcv_proxy,,,,
2022-09-23,9018.0,608319.0,0.0,0.0,-1e-06,0.0,-0.054256,0.0,ohlcv_proxy,,,,
2022-09-26,8548.0,889560.0,0.0,0.0,-2e-06,0.0,-0.079589,0.0,ohlcv_proxy,,,,
2022-09-27,8633.0,755720.0,0.0,0.0,-1e-06,0.0,-0.084818,0.0,ohlcv_proxy,,,,
2022-09-28,8129.0,758584.0,0.0,0.0,-2e-06,0.0,-0.094252,0.0,ohlcv_proxy,,,,
2022-09-29,7838.0,628254.0,0.0,0.0,-2e-06,0.0,-0.109764,0.0,ohlcv_proxy,,,,
2022-09-30,7847.0,1094714.0,0.0,0.0,-2e-06,0.1,-0.114065,0.0,ohlcv_proxy,,,,
2022-10-04,8445.0,929657.0,0.0,0.0,-1e-06,0.1,-0.105217,0.0,ohlcv_proxy,,,,
2022-10-05,8377.0,582844.0,0.0,0.0,-1e-06,0.1,-0.102769,0.0,ohlcv_proxy,,,,
2022-10-06,8804.0,532880.0,0.0,0.0,-0.0,0.1,-0.086206,0.0,ohlcv_proxy,,,,
2022-10-07,8804.0,823805.0,0.0,0.0,-0.0,0.1,-0.061702,0.0,ohlcv_proxy,,,,
2022-10-11,8590.0,533723.0,0.0,0.0,-0.0,0.1,-0.034698,0.0,ohlcv_proxy,,,,
2022-10-12,8505.0,921032.0,0.0,0.0,-1e-06,0.1,-0.027569,0.0,ohlcv_proxy,,,,
2022-10-13,8274.0,494979.0,0.0,0.0,-1e-06,0.1,-0.017406,0.0,ohlcv_proxy,,,,
2022-10-14,8488.0,474542.0,0.0,0.0,-0.0,0.1,-0.016764,0.0,ohlcv_proxy,,,,
2022-10-17,8548.0,276693.0,0.0,0.0,-0.0,0.1,-0.022508,0.0,ohlcv_proxy,,,,
2022-10-18,8719.0,392556.0,0.0,0.0,-0.0,0.0,-0.016633,0.0,ohlcv_proxy,,,,
2022-10-19,8539.0,535874.0,0.0,0.0,-0.0,0.0,-0.006683,0.0,ohlcv_proxy,,,,
2022-10-20,8266.0,394431.0,0.0,0.0,-1e-06,0.0,-0.00073,0.0,ohlcv_proxy,,,,
2022-10-21,8266.0,295099.0,0.0,0.0,-1e-06,0.0,-0.000667,0.0,ohlcv_proxy,,,,
2022-10-24,8762.0,749853.0,0.0,0.0,0.0,0.0,0.012449,0.0,ohlcv_proxy,,,,
2022-10-25,9616.0,1819366.0,0.0,0.0,1e-06,0.1,0.054488,0.0,ohlcv_proxy,,,,
2022-10-26,9317.0,809555.0,0.0,0.0,1e-06,0.1,0.062913,0.0,ohlcv_proxy,,,,
2022-10-27,9360.0,738321.0,0.0,0.0,1e-06,0.1,0.07113,0.0,ohlcv_proxy,,,,
2022-10-28,7967.0,3604473.0,0.0,0.0,-1e-06,0.0,0.019686,0.1,ohlcv_proxy,,,,
2022-10-31,7992.0,1326113.0,0.0,0.0,-1e-06,0.1,0.007661,0.1,ohlcv_proxy,,,,
2022-11-01,8027.0,703896.0,0.0,0.0,-1e-06,0.1,-0.03196,0.1,ohlcv_proxy,,,,
2022-11-02,7958.0,460705.0,0.0,0.0,-1e-06,0.1,-0.04772,0.1,ohlcv_proxy,,,,
2022-11-03,7949.0,455747.0,0.0,0.0,-1e-06,0.1,-0.064274,0.1,ohlcv_proxy,,,,
2022-11-04,7873.0,517291.0,0.0,0.0,-1e-06,0.1,-0.061639,0.1,ohlcv_proxy,,,,
2022-11-07,8120.0,740738.0,0.0,0.0,-0.0,0.1,-0.054613,0.1,ohlcv_proxy,,,,
2022-11-08,8385.0,1237071.0,0.0,0.0,-0.0,0.0,-0.037673,0.1,ohlcv_proxy,,,,
2022-11-09,8342.0,713443.0,0.0,0.0,-0.0,0.0,-0.029391,0.1,ohlcv_proxy,,,,
2022-11-10,8317.0,378669.0,0.0,0.0,-0.0,0.0,-0.024412,0.1,ohlcv_proxy,,,,
2022-11-11,8762.0,1234511.0,0.0,0.0,0.0,0.1,-0.003987,0.0,ohlcv_proxy,,,,
2022-11-14,8762.0,606609.0,0.0,0.0,0.0,0.0,0.007186,0.0,ohlcv_proxy,,,,
2022-11-15,10086.0,2697974.0,0.0,0.0,2e-06,0.1,0.071828,0.0,ohlcv_proxy,,,,
2022-11-16,10215.0,2288811.0,0.0,0.0,2e-06,0.2,0.095172,0.0,ohlcv_proxy,,,,
2022-11-17,10044.0,1017892.0,0.0,0.0,1e-06,0.2,0.099784,0.0,ohlcv_proxy,,,,
2022-11-18,9702.0,1077887.0,0.0,0.0,1e-06,0.2,0.111369,0.0,ohlcv_proxy,,,,
2022-11-21,9445.0,843809.0,0.0,0.0,1e-06,0.2,0.112506,0.0,ohlcv_proxy,,,,
2022-11-22,9146.0,655730.0,0.0,0.0,0.0,0.2,0.103207,0.0,ohlcv_proxy,,,,
2022-11-23,9275.0,1472526.0,0.0,0.0,0.0,0.2,0.065304,0.0,ohlcv_proxy,,,,
2022-11-24,9403.0,860991.0,0.0,0.0,0.0,0.2,0.050466,0.0,ohlcv_proxy,,,,
2022-11-25,9189.0,496230.0,0.0,0.0,0.0,0.2,0.018333,0.0,ohlcv_proxy,,,,
2022-11-28,8975.0,502309.0,0.0,0.0,-0.0,0.2,0.002223,0.0,ohlcv_proxy,,,,
2022-11-29,9146.0,431366.0,0.0,0.0,0.0,0.1,-0.001886,0.0,ohlcv_proxy,,,,
2022-11-30,9231.0,370947.0,0.0,0.0,0.0,0.0,-0.007591,0.0,ohlcv_proxy,,,,
2022-12-01,9231.0,978249.0,0.0,0.0,0.0,0.0,-0.016337,0.0,ohlcv_proxy,,,,
2022-12-02,8975.0,367284.0,0.0,0.0,-0.0,0.0,-0.023084,0.0,ohlcv_proxy,,,,
2022-12-05,8975.0,391524.0,0.0,0.0,-0.0,0.0,-0.026617,0.0,ohlcv_proxy,,,,
2022-12-06,8719.0,335320.0,0.0,0.0,-0.0,0.0,-0.038764,0.0,ohlcv_proxy,,,,
2022-12-07,8676.0,388917.0,0.0,0.0,-0.0,0.0,-0.050753,0.0,ohlcv_proxy,,,,
2022-12-08,8548.0,400156.0,0.0,0.0,-1e-06,0.0,-0.074106,0.0,ohlcv_proxy,,,,
2022-12-09,8889.0,630189.0,0.0,0.0,-0.0,0.0,-0.077184,0.0,ohlcv_proxy,,,,
2022-12-12,8676.0,326837.0,0.0,0.0,-0.0,0.0,-0.083827,0.0,ohlcv_proxy,,,,
2022-12-13,8804.0,413187.0,0.0,0.0,-0.0,0.0,-0.069647,0.0,ohlcv_proxy,,,,
2022-12-14,9103.0,1289779.0,0.0,0.0,0.0,0.1,-0.034975,0.0,ohlcv_proxy,,,,
2022-12-15,8889.0,309648.0,0.0,0.0,-0.0,0.1,-0.022015,0.0,ohlcv_proxy,,,,
2022-12-16,8676.0,415291.0,0.0,0.0,-0.0,0.1,-0.017866,0.0,ohlcv_proxy,,,,
2022-12-19,8804.0,325660.0,0.0,0.0,-0.0,0.1,-0.012386,0.0,ohlcv_proxy,,,,
2022-12-20,8633.0,360673.0,0.0,0.0,-0.0,0.1,-0.012515,0.0,ohlcv_proxy,,,,
2022-12-21,8676.0,290355.0,0.0,0.0,-0.0,0.1,-0.027794,0.0,ohlcv_proxy,,,,
2022-12-22,8975.0,543081.0,0.0,0.0,0.0,0.1,-0.01878,0.0,ohlcv_proxy,,,,
2022-12-23,8590.0,533298.0,0.0,0.0,-0.0,0.1,-0.018359,0.0,ohlcv_proxy,,,,
2022-12-26,8590.0,606868.0,0.0,0.0,-0.0,0.1,-0.021247,0.0,ohlcv_proxy,,,,
2022-12-27,8590.0,628580.0,0.0,0.0,-0.0,0.1,-0.019836,0.0,ohlcv_proxy,,,,
2022-12-28,8146.0,1141758.0,0.0,0.0,-1e-06,-0.1,-0.029991,0.1,ohlcv_proxy,,,,
2022-12-29,7940.0,514709.0,0.0,0.0,-1e-06,-0.1,-0.038733,0.1,ohlcv_proxy,,,,
2023-01-02,7735.0,404895.0,0.0,0.0,-1e-06,-0.1,-0.046671,0.1,ohlcv_proxy,,,,
2023-01-03,7975.0,495467.0,0.0,0.0,-1e-06,-0.1,-0.054347,0.1,ohlcv_proxy,,,,
2023-01-04,8420.0,1049820.0,0.0,0.0,-0.0,0.0,-0.051537,0.1,ohlcv_proxy,,,,
2023-01-05,8342.0,484749.0,0.0,0.0,-0.0,0.0,-0.046769,0.1,ohlcv_proxy,,,,
2023-01-06,8719.0,802284.0,0.0,0.0,0.0,0.0,-0.027751,0.1,ohlcv_proxy,,,,
2023-01-09,8932.0,442508.0,0.0,0.0,1e-06,0.0,-0.009244,0.1,ohlcv_proxy,,,,
2023-01-10,9018.0,657117.0,0.0,0.0,1e-06,0.0,0.008617,0.1,ohlcv_proxy,,,,
2023-01-11,9103.0,508155.0,0.0,0.0,1e-06,0.0,0.026045,0.1,ohlcv_proxy,,,,
2023-01-12,9061.0,407389.0,0.0,0.0,1e-06,0.1,0.044802,0.0,ohlcv_proxy,,,,
2023-01-13,8975.0,368347.0,0.0,0.0,0.0,0.1,0.053572,0.0,ohlcv_proxy,,,,
2023-01-16,8975.0,288993.0,0.0,0.0,0.0,0.1,0.054121,0.0,ohlcv_proxy,,,,
2023-01-17,8889.0,350728.0,0.0,0.0,0.0,0.1,0.051244,0.0,ohlcv_proxy,,,,
2023-01-18,8889.0,298231.0,0.0,0.0,0.0,0.0,0.044772,0.0,ohlcv_proxy,,,,
2023-01-19,9061.0,465819.0,0.0,0.0,0.0,0.0,0.042977,0.0,ohlcv_proxy,,,,
2023-01-20,9103.0,364864.0,0.0,0.0,0.0,0.0,0.04628,0.0,ohlcv_proxy,,,,
2023-01-25,9334.0,650537.0,0.0,0.0,1e-06,0.0,0.053271,0.0,ohlcv_proxy,,,,
2023-01-26,9240.0,472877.0,0.0,0.0,0.0,0.0,0.056925,0.0,ohlcv_proxy,,,,
2023-01-27,9172.0,356705.0,0.0,0.0,0.0,0.0,0.058514,0.0,ohlcv_proxy,,,,
2023-01-30,8992.0,442753.0,0.0,0.0,0.0,0.0,0.047876,0.0,ohlcv_proxy,,,,
2023-01-31,9001.0,414761.0,0.0,0.0,0.0,0.0,0.039239,0.0,ohlcv_proxy,,,,
2023-02-01,9086.0,373065.0,0.0,0.0,0.0,0.0,0.025132,0.0,ohlcv_proxy,,,,
2023-02-02,9377.0,881193.0,0.0,0.0,0.0,0.1,0.023118,0.0,ohlcv_proxy,,,,
2023-02-03,9155.0,499977.0,0.0,0.0,0.0,0.1,0.014843,0.0,ohlcv_proxy,,,,
2023-02-06,8992.0,346970.0,0.0,0.0,-0.0,0.1,0.011758,0.0,ohlcv_proxy,,,,
2023-02-07,9445.0,823539.0,0.0,0.0,0.0,0.2,0.015843,0.0,ohlcv_proxy,,,,
2023-02-08,9684.0,896166.0,0.0,0.0,1e-06,0.3,0.02309,0.0,ohlcv_proxy,,,,
2023-02-09,9804.0,851229.0,0.0,0.0,1e-06,0.4,0.027622,0.0,ohlcv_proxy,,,,
2023-02-10,9454.0,669725.0,0.0,0.0,0.0,0.4,0.029551,0.0,ohlcv_proxy,,,,
2023-02-13,9445.0,408565.0,0.0,0.0,0.0,0.4,0.032303,0.0,ohlcv_proxy,,,,
2023-02-14,9907.0,1551411.0,0.0,0.0,1e-06,0.5,0.03684,0.0,ohlcv_proxy,,,,
2023-02-15,9625.0,1018360.0,0.0,0.0,0.0,0.4,0.031987,0.0,ohlcv_proxy,,,,
2023-02-16,10249.0,2153031.0,0.0,0.0,1e-06,0.4,0.036011,0.0,ohlcv_proxy,,,,
2023-02-17,9941.0,864807.0,0.0,0.0,1e-06,0.4,0.03786,0.0,ohlcv_proxy,,,,
2023-02-20,9873.0,742907.0,0.0,0.0,0.0,0.4,0.036952,0.0,ohlcv_proxy,,,,
2023-02-21,9684.0,729424.0,0.0,0.0,0.0,0.3,0.033333,0.0,ohlcv_proxy,,,,
2023-02-22,9266.0,920026.0,0.0,0.0,-0.0,0.2,0.028631,0.0,ohlcv_proxy,,,,
2023-02-23,9377.0,608234.0,0.0,0.0,-0.0,0.1,-0.000109,0.0,ohlcv_proxy,,,,
2023-02-24,9659.0,1085321.0,0.0,0.0,0.0,0.1,-0.007372,0.0,ohlcv_proxy,,,,
2023-02-27,9326.0,650560.0,0.0,0.0,-0.0,0.1,-0.017841,0.0,ohlcv_proxy,,,,
2023-02-28,9403.0,630211.0,0.0,0.0,-0.0,0.0,-0.023795,0.0,ohlcv_proxy,,,,
2023-03-02,9027.0,853669.0,0.0,0.0,-0.0,0.1,-0.027131,0.0,ohlcv_proxy,,,,
2023-03-03,9027.0,562714.0,0.0,0.0,-0.0,0.0,-0.031856,0.0,ohlcv_proxy,,,,
2023-03-06,9523.0,1128317.0,0.0,0.0,0.0,0.0,-0.0363,0.0,ohlcv_proxy,,,,
2023-03-07,9240.0,635996.0,0.0,0.0,-0.0,0.0,-0.037646,0.0,ohlcv_proxy,,,,
2023-03-08,8924.0,712105.0,0.0,0.0,-1e-06,0.0,-0.04449,0.0,ohlcv_proxy,,,,
2023-03-09,8967.0,615116.0,0.0,0.0,-0.0,0.0,-0.041817,0.0,ohlcv_proxy,,,,
2023-03-10,8625.0,613834.0,0.0,0.0,-1e-06,0.0,-0.044491,0.0,ohlcv_proxy,,,,
2023-03-13,8864.0,569138.0,0.0,0.0,-0.0,0.0,-0.062639,0.0,ohlcv_proxy,,,,
2023-03-14,8556.0,699527.0,0.0,0.0,-1e-06,0.0,-0.074027,0.0,ohlcv_proxy,,,,
2023-03-15,8608.0,494742.0,0.0,0.0,-1e-06,0.0,-0.074091,0.0,ohlcv_proxy,,,,
2023-03-16,9052.0,1493956.0,0.0,0.0,-0.0,0.1,-0.060186,0.0,ohlcv_proxy,,,,
2023-03-17,10890.0,11671360.0,0.0,0.0,2e-06,0.2,0.046911,0.0,ohlcv_proxy,,,,
2023-03-20,11283.0,7004929.0,0.0,0.0,2e-06,0.3,0.048918,0.0,ohlcv_proxy,,,,
2023-03-21,11198.0,2263046.0,0.0,0.0,2e-06,0.3,0.052391,0.0,ohlcv_proxy,,,,
2023-03-22,11856.0,5999893.0,0.0,0.0,2e-06,0.4,0.051333,0.0,ohlcv_proxy,,,,
2023-03-23,11727.0,3158407.0,0.0,0.0,2e-06,0.3,0.055414,0.0,ohlcv_proxy,,,,
2023-03-24,12463.0,6778131.0,0.0,0.0,2e-06,0.4,0.07512,0.0,ohlcv_proxy,,,,
2023-03-27,11933.0,2384721.0,0.0,0.0,1e-06,0.4,0.084718,0.0,ohlcv_proxy,,,,
2023-03-28,12651.0,5192717.0,0.0,0.0,2e-06,0.5,0.087552,0.0,ohlcv_proxy,,,,
2023-03-29,14275.0,20583790.0,0.0,0.0,2e-06,0.6,0.106287,0.0,ohlcv_proxy,,,,
2023-03-30,13917.0,11508137.0,0.0,0.0,2e-06,0.4,0.101061,0.1,ohlcv_proxy,,,,
2023-03-31,13933.0,5978890.0,0.0,0.0,2e-06,0.3,0.107036,0.1,ohlcv_proxy,,,,
2023-04-03,13591.0,3636632.0,0.0,0.0,2e-06,0.2,0.106205,0.1,ohlcv_proxy,,,,
2023-04-04,13292.0,2548739.0,0.0,0.0,1e-06,0.2,0.111409,0.1,ohlcv_proxy,,,,
2023-04-05,14301.0,7103755.0,0.0,0.0,2e-06,0.1,0.090559,0.1,ohlcv_proxy,,,,
2023-04-06,14036.0,2400806.0,0.0,0.0,1e-06,0.2,0.087141,0.1,ohlcv_proxy,,,,
2023-04-07,15284.0,11158177.0,0.0,0.0,2e-06,0.2,0.10785,0.1,ohlcv_proxy,,,,
2023-04-10,14882.0,4881749.0,0.0,0.0,1e-06,0.2,0.113796,0.1,ohlcv_proxy,,,,
2023-04-11,14942.0,6729355.0,0.0,0.0,1e-06,0.1,0.115879,0.1,ohlcv_proxy,,,,
2023-04-12,14515.0,2749558.0,0.0,0.0,1e-06,0.0,0.12001,0.1,ohlcv_proxy,,,,
2023-04-13,14618.0,1545448.0,0.0,0.0,1e-06,0.1,0.119051,0.0,ohlcv_proxy,,,,
2023-04-14,14284.0,2041525.0,0.0,0.0,1e-06,0.1,0.078494,0.0,ohlcv_proxy,,,,
2023-04-17,14224.0,1408717.0,0.0,0.0,1e-06,0.1,0.059267,0.0,ohlcv_proxy,,,,
2023-04-18,13857.0,1515608.0,0.0,0.0,0.0,0.1,0.031025,0.0,ohlcv_proxy,,,,
2023-04-19,13848.0,1510818.0,0.0,0.0,0.0,0.1,0.011469,0.0,ohlcv_proxy,,,,
2023-04-20,13403.0,1646227.0,0.0,0.0,0.0,0.1,-0.009962,0.0,ohlcv_proxy,,,,
2023-04-21,13643.0,1817088.0,0.0,0.0,0.0,0.0,-0.028263,0.0,ohlcv_proxy,,,,
2023-04-24,13181.0,1136662.0,0.0,0.0,-0.0,0.0,-0.043286,0.0,ohlcv_proxy,,,,
2023-04-25,13249.0,1278076.0,0.0,0.0,-0.0,0.0,-0.056172,0.0,ohlcv_proxy,,,,
2023-04-26,13437.0,1985350.0,0.0,0.0,0.0,0.0,-0.060794,0.0,ohlcv_proxy,,,,
2023-04-27,13292.0,1103624.0,0.0,0.0,-0.0,0.0,-0.065058,0.0,ohlcv_proxy,,,,
2023-04-28,13027.0,1158045.0,0.0,0.0,-0.0,0.0,-0.075172,0.0,ohlcv_proxy,,,,
2023-05-02,13113.0,882302.0,0.0,0.0,-0.0,0.0,-0.077466,0.0,ohlcv_proxy,,,,
2023-05-03,12993.0,1191473.0,0.0,0.0,-0.0,0.0,-0.082097,0.0,ohlcv_proxy,,,,
2023-05-04,12575.0,1233513.0,0.0,0.0,-0.0,0.0,-0.095464,0.0,ohlcv_proxy,,,,
2023-05-08,12908.0,1126204.0,0.0,0.0,-0.0,0.0,-0.099641,0.0,ohlcv_proxy,,,,
2023-05-09,12591.0,1008733.0,0.0,0.0,-0.0,0.0,-0.08479,0.0,ohlcv_proxy,,,,
2023-05-10,12745.0,708019.0,0.0,0.0,-0.0,0.0,-0.079003,0.0,ohlcv_proxy,,,,
2023-05-11,12625.0,596288.0,0.0,0.0,-0.0,0.0,-0.064933,0.0,ohlcv_proxy,,,,
2023-05-12,12754.0,715300.0,0.0,0.0,-0.0,0.0,-0.052939,0.0,ohlcv_proxy,,,,
2023-05-15,12437.0,881014.0,0.0,0.0,-0.0,0.0,-0.054023,0.0,ohlcv_proxy,,,,
2023-05-16,13019.0,1681239.0,0.0,0.0,0.0,0.0,-0.035303,0.0,ohlcv_proxy,,,,
2023-05-17,12984.0,600583.0,0.0,0.0,0.0,0.0,-0.028075,0.0,ohlcv_proxy,,,,
2023-05-18,14250.0,4091791.0,0.0,0.0,1e-06,0.1,0.01938,0.0,ohlcv_proxy,,,,
2023-05-19,15113.0,6663502.0,0.0,0.0,1e-06,0.2,0.050212,0.0,ohlcv_proxy,,,,
2023-05-22,15353.0,3155407.0,0.0,0.0,1e-06,0.3,0.058655,0.0,ohlcv_proxy,,,,
2023-05-23,14806.0,2643006.0,0.0,0.0,1e-06,0.2,0.06533,0.0,ohlcv_proxy,,,,
2023-05-24,14720.0,1253606.0,0.0,0.0,1e-06,0.2,0.065095,0.0,ohlcv_proxy,,,,
2023-05-25,14515.0,2426200.0,0.0,0.0,0.0,0.2,0.067754,0.0,ohlcv_proxy,,,,
2023-05-26,14634.0,2257800.0,0.0,0.0,0.0,0.2,0.0525,0.0,ohlcv_proxy,,,,
2023-05-30,14634.0,1692659.0,0.0,0.0,0.0,0.2,0.035383,0.0,ohlcv_proxy,,,,
2023-05-31,14489.0,1327688.0,0.0,0.0,0.0,0.2,0.027047,0.0,ohlcv_proxy,,,,
2023-06-01,14669.0,1167938.0,0.0,0.0,0.0,0.2,0.023512,0.0,ohlcv_proxy,,,,
2023-06-02,14395.0,951296.0,0.0,0.0,0.0,0.1,0.020164,0.0,ohlcv_proxy,,,,
2023-06-05,14523.0,760850.0,0.0,0.0,0.0,0.0,0.013696,0.0,ohlcv_proxy,,,,
2023-06-07,14618.0,647591.0,0.0,0.0,0.0,-0.1,0.008777,0.0,ohlcv_proxy,,,,
2023-06-08,16481.0,12398424.0,0.0,0.0,1e-06,0.1,0.070275,0.0,ohlcv_proxy,,,,
2023-06-09,17079.0,6955761.0,0.0,0.0,1e-06,0.2,0.075353,0.0,ohlcv_proxy,,,,
2023-06-12,17182.0,3634172.0,0.0,0.0,1e-06,0.2,0.07706,0.0,ohlcv_proxy,,,,
2023-06-13,17438.0,3359514.0,0.0,0.0,1e-06,0.2,0.077082,0.0,ohlcv_proxy,,,,
2023-06-14,17224.0,2729762.0,0.0,0.0,1e-06,0.2,0.074501,0.0,ohlcv_proxy,,,,
2023-06-15,17566.0,3766834.0,0.0,0.0,1e-06,0.2,0.085551,0.0,ohlcv_proxy,,,,
2023-06-16,17737.0,1875161.0,0.0,0.0,1e-06,0.2,0.088902,0.0,ohlcv_proxy,,,,
2023-06-19,17951.0,2177024.0,0.0,0.0,1e-06,0.2,0.085413,0.0,ohlcv_proxy,,,,
2023-06-20,18122.0,2041447.0,0.0,0.0,1e-06,0.2,0.08013,0.0,ohlcv_proxy,,,,
2023-06-21,17695.0,1203541.0,0.0,0.0,1e-06,0.2,0.081329,0.0,ohlcv_proxy,,,,
2023-06-22,17610.0,4321828.0,0.0,0.0,1e-06,0.0,0.070981,0.0,ohlcv_proxy,,,,
2023-06-23,17737.0,1531818.0,0.0,0.0,0.0,-0.1,0.066491,0.0,ohlcv_proxy,,,,
2023-06-26,18550.0,1960646.0,0.0,0.0,1e-06,-0.1,0.062662,0.0,ohlcv_proxy,,,,
2023-06-27,18763.0,1808478.0,0.0,0.0,1e-06,-0.1,0.059285,0.0,ohlcv_proxy,,,,
2023-06-28,18678.0,1704194.0,0.0,0.0,1e-06,-0.1,0.059595,0.0,ohlcv_proxy,,,,
2023-06-29,19106.0,2786583.0,0.0,0.0,1e-06,-0.1,0.079415,0.0,ohlcv_proxy,,,,
2023-06-30,18678.0,1801904.0,0.0,0.0,0.0,-0.1,0.081788,0.0,ohlcv_proxy,,,,
2023-07-03,18849.0,2058956.0,0.0,0.0,0.0,-0.1,0.079009,0.0,ohlcv_proxy,,,,
2023-07-04,18934.0,2276886.0,0.0,0.0,0.0,-0.1,0.075268,0.0,ohlcv_proxy,,,,
2023-07-05,18336.0,1771296.0,0.0,0.0,0.0,-0.1,0.068755,0.0,ohlcv_proxy,,,,
2023-07-06,17524.0,2106435.0,0.0,0.0,-0.0,0.0,0.033137,0.0,ohlcv_proxy,,,,
2023-07-07,17396.0,1400637.0,0.0,0.0,-0.0,0.0,0.016221,0.0,ohlcv_proxy,,,,
2023-07-10,17063.0,1324727.0,0.0,0.0,-0.0,0.0,-0.003372,0.0,ohlcv_proxy,,,,
2023-07-11,17652.0,1420338.0,0.0,0.0,0.0,0.0,-0.02359,0.0,ohlcv_proxy,,,,
2023-07-12,18037.0,1118868.0,0.0,0.0,0.0,0.0,-0.032552,0.0,ohlcv_proxy,,,,
2023-07-13,18293.0,2736814.0,0.0,0.0,0.0,0.0,-0.0215,0.0,ohlcv_proxy,,,,
2023-07-14,17524.0,8224344.0,0.0,0.0,-0.0,-0.1,-0.022071,0.1,ohlcv_proxy,,,,
2023-07-17,17438.0,2398930.0,0.0,0.0,-0.0,-0.1,-0.019748,0.1,ohlcv_proxy,,,,
2023-07-18,19961.0,7366802.0,0.0,0.0,1e-06,0.0,0.007639,0.1,ohlcv_proxy,,,,
2023-07-19,18378.0,5846311.0,0.0,0.0,0.0,-0.1,0.006561,0.2,ohlcv_proxy,,,,
2023-07-20,18079.0,2963649.0,0.0,0.0,0.0,-0.1,0.002811,0.2,ohlcv_proxy,,,,
2023-07-21,17481.0,1928365.0,0.0,0.0,-0.0,-0.1,0.018544,0.2,ohlcv_proxy,,,,
2023-07-24,17481.0,2154020.0,0.0,0.0,-0.0,-0.1,0.021915,0.2,ohlcv_proxy,,,,
2023-07-25,17566.0,2126950.0,0.0,0.0,-0.0,-0.1,-0.017716,0.2,ohlcv_proxy,,,,
2023-07-26,16592.0,3271702.0,0.0,0.0,-0.0,-0.1,-0.042429,0.2,ohlcv_proxy,,,,
2023-07-27,18293.0,4289291.0,0.0,0.0,0.0,-0.1,-0.033291,0.2,ohlcv_proxy,,,,
2023-07-28,18720.0,2654444.0,0.0,0.0,0.0,0.0,-0.021453,0.1,ohlcv_proxy,,,,
2023-07-31,18336.0,2152752.0,0.0,0.0,0.0,0.0,-0.013507,0.1,ohlcv_proxy,,,,
2023-08-01,18635.0,1744085.0,0.0,0.0,0.0,-0.1,-0.004858,0.1,ohlcv_proxy,,,,
2023-08-02,17139.0,2476361.0,0.0,0.0,-0.0,0.0,0.008109,0.0,ohlcv_proxy,,,,
2023-08-03,17182.0,1785952.0,0.0,0.0,-0.0,0.0,-0.002637,0.0,ohlcv_proxy,,,,
2023-08-04,16789.0,1126803.0,0.0,0.0,-0.0,0.0,-0.021583,0.0,ohlcv_proxy,,,,
2023-08-07,16498.0,1228781.0,0.0,0.0,-0.0,0.0,-0.040122,0.0,ohlcv_proxy,,,,
2023-08-08,16224.0,1116094.0,0.0,0.0,-0.0,0.0,-0.064025,0.0,ohlcv_proxy,,,,
2023-08-09,16241.0,555746.0,0.0,0.0,-0.0,0.0,-0.072939,0.0,ohlcv_proxy,,,,
2023-08-10,15866.0,1282069.0,0.0,0.0,-1e-06,0.0,-0.090046,0.0,ohlcv_proxy,,,,
2023-08-11,15814.0,760897.0,0.0,0.0,-0.0,0.0,-0.102154,0.0,ohlcv_proxy,,,,
2023-08-14,15558.0,742377.0,0.0,0.0,-1e-06,0.0,-0.112523,0.0,ohlcv_proxy,,,,
2023-08-16,15369.0,1058958.0,0.0,0.0,-1e-06,0.0,-0.103052,0.0,ohlcv_proxy,,,,
2023-08-17,15558.0,917812.0,0.0,0.0,-0.0,0.0,-0.098858,0.0,ohlcv_proxy,,,,
2023-08-18,16121.0,1766837.0,0.0,0.0,-0.0,0.0,-0.086226,0.0,ohlcv_proxy,,,,
2023-08-21,16002.0,752320.0,0.0,0.0,-0.0,0.0,-0.082463,0.0,ohlcv_proxy,,,,
2023-08-22,16045.0,1592758.0,0.0,0.0,-0.0,0.0,-0.072847,0.0,ohlcv_proxy,,,,
2023-08-23,16268.0,1126729.0,0.0,0.0,-0.0,0.0,-0.060321,0.0,ohlcv_proxy,,,,
2023-08-24,16703.0,1716764.0,0.0,0.0,0.0,0.0,-0.048587,0.0,ohlcv_proxy,,,,
2023-08-25,16643.0,1518173.0,0.0,0.0,0.0,0.0,-0.029557,0.0,ohlcv_proxy,,,,
2023-08-28,16362.0,973725.0,0.0,0.0,-0.0,0.0,-0.015371,0.0,ohlcv_proxy,,,,
2023-08-29,16934.0,1055049.0,0.0,0.0,0.0,0.0,0.003171,0.0,ohlcv_proxy,,,,
2023-08-30,17737.0,1974805.0,0.0,0.0,0.0,0.1,0.028198,0.0,ohlcv_proxy,,,,
2023-08-31,18165.0,1611580.0,0.0,0.0,0.0,0.1,0.045634,0.0,ohlcv_proxy,,,,
2023-09-01,23594.0,21540839.0,0.0,0.0,2e-06,0.2,0.120043,0.0,ohlcv_proxy,,,,
2023-09-04,25217.0,24173564.0,0.0,0.0,2e-06,0.3,0.08913,0.0,ohlcv_proxy,,,,
2023-09-05,25346.0,17781822.0,0.0,0.0,2e-06,0.4,0.072631,0.0,ohlcv_proxy,,,,
2023-09-06,25559.0,6534266.0,0.0,0.0,1e-06,0.4,0.071845,0.0,ohlcv_proxy,,,,
2023-09-07,26499.0,10550442.0,0.0,0.0,1e-06,0.5,0.068993,0.0,ohlcv_proxy,,,,
2023-09-08,24961.0,6990824.0,0.0,0.0,1e-06,0.5,0.079446,0.0,ohlcv_proxy,,,,
2023-09-11,24534.0,3996279.0,0.0,0.0,1e-06,0.5,0.077433,0.0,ohlcv_proxy,,,,
2023-09-12,24491.0,3903264.0,0.0,0.0,1e-06,0.5,0.072336,0.0,ohlcv_proxy,,,,
2023-09-13,23465.0,6523600.0,0.0,0.0,1e-06,0.4,0.051718,0.0,ohlcv_proxy,,,,
2023-09-14,26200.0,8921284.0,0.0,0.0,1e-06,0.4,0.034753,0.0,ohlcv_proxy,,,,
2023-09-15,24662.0,4638692.0,0.0,0.0,1e-06,0.3,0.02681,0.0,ohlcv_proxy,,,,
2023-09-18,23893.0,2017579.0,0.0,0.0,0.0,0.2,0.023862,0.0,ohlcv_proxy,,,,
2023-09-19,23935.0,1978691.0,0.0,0.0,0.0,0.1,0.018965,0.0,ohlcv_proxy,,,,
2023-09-20,23636.0,1656966.0,0.0,0.0,0.0,0.1,0.030714,0.0,ohlcv_proxy,,,,
2023-09-21,22311.0,2208483.0,0.0,0.0,0.0,0.0,-0.023625,0.0,ohlcv_proxy,,,,
2023-09-22,22012.0,2453641.0,0.0,0.0,-0.0,0.0,-0.057977,0.0,ohlcv_proxy,,,,
2023-09-25,21670.0,1305726.0,0.0,0.0,-0.0,0.0,-0.07401,0.0,ohlcv_proxy,,,,
2023-09-26,21285.0,1290047.0,0.0,0.0,-0.0,0.0,-0.094572,0.0,ohlcv_proxy,,,,
2023-09-27,21457.0,1458283.0,0.0,0.0,-0.0,0.0,-0.113178,0.0,ohlcv_proxy,,,,
2023-10-04,20729.0,1499514.0,0.0,0.0,-0.0,0.0,-0.128148,0.0,ohlcv_proxy,,,,
2023-10-05,21071.0,2588169.0,0.0,0.0,-0.0,0.0,-0.144141,0.0,ohlcv_proxy,,,,
2023-10-06,21627.0,1633408.0,0.0,0.0,-0.0,0.0,-0.137661,0.0,ohlcv_proxy,,,,
2023-10-10,21157.0,3298021.0,0.0,0.0,-0.0,0.0,-0.127216,0.0,ohlcv_proxy,,,,
2023-10-11,22397.0,3372647.0,0.0,0.0,0.0,0.0,-0.107494,0.0,ohlcv_proxy,,,,
2023-10-12,22525.0,2257675.0,0.0,0.0,0.0,0.0,-0.079119,0.0,ohlcv_proxy,,,,
2023-10-13,22739.0,2582492.0,0.0,0.0,0.0,0.0,-0.05743,0.0,ohlcv_proxy,,,,
2023-10-16,22012.0,1797474.0,0.0,0.0,0.0,0.0,-0.050524,0.0,ohlcv_proxy,,,,
2023-10-17,22653.0,2242116.0,0.0,0.0,0.0,0.0,-0.030644,0.0,ohlcv_proxy,,,,
2023-10-18,22439.0,1307212.0,0.0,0.0,0.0,0.0,-0.027371,0.0,ohlcv_proxy,,,,
2023-10-19,21200.0,1597918.0,0.0,0.0,-0.0,0.0,-0.006813,0.0,ohlcv_proxy,,,,
2023-10-20,21670.0,2004028.0,0.0,0.0,-0.0,0.0,-0.005835,0.0,ohlcv_proxy,,,,
2023-10-23,20815.0,1397385.0,0.0,0.0,-0.0,0.0,-0.008629,0.0,ohlcv_proxy,,,,
2023-10-24,23978.0,7487701.0,0.0,0.0,0.0,0.1,0.027246,0.0,ohlcv_proxy,,,,
2023-10-25,24021.0,4970918.0,0.0,0.0,0.0,0.2,0.037344,0.0,ohlcv_proxy,,,,
2023-10-26,23764.0,3934541.0,0.0,0.0,0.0,0.1,0.044301,0.0,ohlcv_proxy,,,,
2023-10-27,22311.0,5475294.0,0.0,0.0,0.0,0.0,0.038781,0.1,ohlcv_proxy,,,,
2023-10-30,21926.0,2863068.0,0.0,0.0,-0.0,0.0,0.038235,0.1,ohlcv_proxy,,,,
2023-10-31,20815.0,3505125.0,0.0,0.0,-0.0,0.0,0.012465,0.1,ohlcv_proxy,,,,
2023-11-01,21584.0,2931251.0,0.0,0.0,-0.0,0.0,-0.010269,0.1,ohlcv_proxy,,,,
2023-11-02,25217.0,9561237.0,0.0,0.0,1e-06,0.1,0.011803,0.1,ohlcv_proxy,,,,
2023-11-03,25090.0,4941484.0,0.0,0.0,0.0,0.1,0.027626,0.1,ohlcv_proxy,,,,
2023-11-06,26713.0,10512052.0,0.0,0.0,1e-06,0.2,0.054445,0.1,ohlcv_proxy,,,,
2023-11-07,28381.0,11079331.0,0.0,0.0,1e-06,0.2,0.079553,0.1,ohlcv_proxy,,,,
2023-11-08,27441.0,7750580.0,0.0,0.0,1e-06,0.0,0.085901,0.1,ohlcv_proxy,,,,
2023-11-09,26970.0,2657809.0,0.0,0.0,0.0,0.1,0.097286,0.1,ohlcv_proxy,,,,
2023-11-10,28381.0,6968001.0,0.0,0.0,1e-06,0.2,0.102414,0.0,ohlcv_proxy,,,,
2023-11-13,26756.0,5317428.0,0.0,0.0,0.0,0.2,0.101981,0.0,ohlcv_proxy,,,,
2023-11-14,27098.0,3019602.0,0.0,0.0,0.0,0.2,0.083826,0.0,ohlcv_proxy,,,,
2023-11-15,27910.0,4421117.0,0.0,0.0,0.0,0.2,0.081309,0.0,ohlcv_proxy,,,,
2023-11-16,26586.0,3184417.0,0.0,0.0,0.0,0.1,0.074487,0.0,ohlcv_proxy,,,,
2023-11-17,25858.0,2867321.0,0.0,0.0,0.0,0.1,0.048532,0.0,ohlcv_proxy,,,,
2023-11-20,25816.0,1792578.0,0.0,0.0,0.0,0.0,0.042959,0.0,ohlcv_proxy,,,,
2023-11-21,25132.0,2829898.0,0.0,0.0,-0.0,-0.1,0.023981,0.0,ohlcv_proxy,,,,
2023-11-22,25346.0,2335296.0,0.0,0.0,0.0,0.0,-0.005853,0.0,ohlcv_proxy,,,,
2023-11-23,24576.0,1951165.0,0.0,0.0,-0.0,0.0,-0.024256,0.0,ohlcv_proxy,,,,
2023-11-24,24876.0,1265819.0,0.0,0.0,-0.0,0.0,-0.039502,0.0,ohlcv_proxy,,,,
2023-11-27,24833.0,1433188.0,0.0,0.0,-0.0,0.0,-0.050018,0.0,ohlcv_proxy,,,,
2023-11-28,25389.0,2442722.0,0.0,0.0,0.0,0.0,-0.054549,0.0,ohlcv_proxy,,,,
2023-11-29,24704.0,1371138.0,0.0,0.0,-0.0,0.0,-0.064527,0.0,ohlcv_proxy,,,,
2023-11-30,25602.0,2230958.0,0.0,0.0,0.0,0.0,-0.060065,0.0,ohlcv_proxy,,,,
2023-12-01,25175.0,1272611.0,0.0,0.0,0.0,0.0,-0.061331,0.0,ohlcv_proxy,,,,
2023-12-04,23679.0,2581689.0,0.0,0.0,-0.0,0.0,-0.070831,0.0,ohlcv_proxy,,,,
2023-12-05,22909.0,1932682.0,0.0,0.0,-0.0,0.0,-0.076281,0.0,ohlcv_proxy,,,,
2023-12-06,23080.0,1112534.0,0.0,0.0,-0.0,0.0,-0.076142,0.0,ohlcv_proxy,,,,
2023-12-07,22866.0,807034.0,0.0,0.0,-0.0,0.0,-0.094266,0.0,ohlcv_proxy,,,,
2023-12-08,23679.0,1344662.0,0.0,0.0,-0.0,0.0,-0.088516,0.0,ohlcv_proxy,,,,
2023-12-11,23551.0,905793.0,0.0,0.0,-0.0,0.0,-0.086113,0.0,ohlcv_proxy,,,,
2023-12-12,23893.0,2309426.0,0.0,0.0,-0.0,0.0,-0.065105,0.0,ohlcv_proxy,,,,
2023-12-13,23935.0,1548025.0,0.0,0.0,-0.0,0.0,-0.044451,0.0,ohlcv_proxy,,,,
2023-12-14,24106.0,1463801.0,0.0,0.0,-0.0,0.0,-0.030363,0.0,ohlcv_proxy,,,,
2023-12-15,23679.0,1151336.0,0.0,0.0,-0.0,0.0,-0.024762,0.0,ohlcv_proxy,,,,
2023-12-18,25517.0,4843295.0,0.0,0.0,0.0,0.1,0.002187,0.0,ohlcv_proxy,,,,
2023-12-19,25090.0,1769540.0,0.0,0.0,0.0,0.1,0.012433,0.0,ohlcv_proxy,,,,
2023-12-20,25132.0,1741796.0,0.0,0.0,0.0,0.1,0.020544,0.0,ohlcv_proxy,,,,
2023-12-21,25090.0,1534474.0,0.0,0.0,0.0,0.1,0.024986,0.0,ohlcv_proxy,,,,
2023-12-22,24449.0,2061225.0,0.0,0.0,-0.0,0.1,0.026576,0.0,ohlcv_proxy,,,,
2023-12-26,24449.0,1092442.0,0.0,0.0,-0.0,0.1,0.014699,0.0,ohlcv_proxy,,,,
2023-12-27,25303.0,1843734.0,0.0,0.0,0.0,0.1,0.017552,0.0,ohlcv_proxy,,,,
2023-12-28,24918.0,1140838.0,0.0,0.0,0.0,0.1,0.015287,0.0,ohlcv_proxy,,,,
2024-01-02,25559.0,2395428.0,0.0,0.0,0.0,0.1,0.021548,0.0,ohlcv_proxy,,,,
2024-01-03,24961.0,1280788.0,0.0,0.0,0.0,0.1,0.027624,0.0,ohlcv_proxy,,,,
2024-01-04,24405.0,1291710.0,0.0,0.0,-0.0,0.0,0.02417,0.0,ohlcv_proxy,,,,
2024-01-05,23850.0,1293701.0,0.0,0.0,-0.0,0.0,0.010457,0.0,ohlcv_proxy,,,,
2024-01-08,23978.0,659996.0,0.0,0.0,-0.0,0.0,0.00503,0.0,ohlcv_proxy,,,,
2024-01-09,23978.0,1420012.0,0.0,0.0,-0.0,0.0,-0.016189,0.0,ohlcv_proxy,,,,
2024-01-10,23208.0,1489518.0,0.0,0.0,-0.0,0.0,-0.031429,0.0,ohlcv_proxy,,,,
2024-01-11,23594.0,694875.0,0.0,0.0,-0.0,0.0,-0.03825,0.0,ohlcv_proxy,,,,
2024-01-12,22953.0,894129.0,0.0,0.0,-0.0,0.0,-0.045311,0.0,ohlcv_proxy,,,,
2024-01-15,22311.0,1368161.0,0.0,0.0,-0.0,0.0,-0.056322,0.0,ohlcv_proxy,,,,
2024-01-16,21841.0,1155865.0,0.0,0.0,-0.0,0.0,-0.072771,0.0,ohlcv_proxy,,,,
2024-01-17,21756.0,884214.0,0.0,0.0,-0.0,0.0,-0.083905,0.0,ohlcv_proxy,,,,
2024-01-18,23166.0,1544256.0,0.0,0.0,-0.0,0.0,-0.071559,0.0,ohlcv_proxy,,,,
2024-01-19,23721.0,1709386.0,0.0,0.0,0.0,0.0,-0.057516,0.0,ohlcv_proxy,,,,
2024-01-22,24021.0,1656401.0,0.0,0.0,0.0,0.0,-0.038497,0.0,ohlcv_proxy,,,,
2024-01-23,23807.0,940534.0,0.0,0.0,0.0,0.0,-0.022605,0.0,ohlcv_proxy,,,,
2024-01-24,24961.0,3733766.0,0.0,0.0,0.0,0.1,0.004824,0.0,ohlcv_proxy,,,,
2024-01-25,24576.0,2151616.0,0.0,0.0,0.0,0.1,0.013719,0.0,ohlcv_proxy,,,,
2024-01-26,24149.0,1095366.0,0.0,0.0,0.0,0.1,0.020798,0.0,ohlcv_proxy,,,,
2024-01-29,23123.0,1472825.0,0.0,0.0,-0.0,0.1,0.018738,0.0,ohlcv_proxy,,,,
2024-01-30,22995.0,1513097.0,0.0,0.0,-0.0,0.1,0.020254,0.0,ohlcv_proxy,,,,
2024-01-31,21884.0,1091365.0,0.0,0.0,-0.0,0.1,-0.004983,0.0,ohlcv_proxy,,,,
2024-02-01,21029.0,1781969.0,0.0,0.0,-0.0,0.1,-0.037886,0.0,ohlcv_proxy,,,,
2024-02-02,22140.0,1385235.0,0.0,0.0,-0.0,0.1,-0.048215,0.0,ohlcv_proxy,,,,
2024-02-05,21370.0,887758.0,0.0,0.0,-0.0,0.1,-0.058652,0.0,ohlcv_proxy,,,,
2024-02-06,21969.0,1155643.0,0.0,0.0,-0.0,0.1,-0.065903,0.0,ohlcv_proxy,,,,
2024-02-07,21413.0,663726.0,0.0,0.0,-0.0,0.0,-0.067188,0.0,ohlcv_proxy,,,,
2024-02-08,22525.0,1563437.0,0.0,0.0,-0.0,0.0,-0.046581,0.0,ohlcv_proxy,,,,
2024-02-13,22824.0,1776676.0,0.0,0.0,0.0,0.0,-0.037014,0.0,ohlcv_proxy,,,,
2024-02-14,22482.0,1383715.0,0.0,0.0,-0.0,0.0,-0.029916,0.0,ohlcv_proxy,,,,
2024-02-15,22055.0,1544252.0,0.0,0.0,-0.0,0.0,-0.029889,0.0,ohlcv_proxy,,,,
2024-02-16,21670.0,967212.0,0.0,0.0,-0.0,0.0,-0.029892,0.0,ohlcv_proxy,,,,
2024-02-19,21413.0,793161.0,0.0,0.0,-0.0,0.0,-0.034482,0.0,ohlcv_proxy,,,,
2024-02-20,22140.0,1213956.0,0.0,0.0,-0.0,0.0,-0.039801,0.0,ohlcv_proxy,,,,
2024-02-21,21926.0,943056.0,0.0,0.0,-0.0,0.0,-0.041505,0.0,ohlcv_proxy,,,,
2024-02-22,22482.0,1473150.0,0.0,0.0,0.0,0.0,-0.034367,0.0,ohlcv_proxy,,,,
2024-02-23,21712.0,1716975.0,0.0,0.0,-0.0,0.0,-0.019517,0.0,ohlcv_proxy,,,,
2024-02-26,21285.0,878687.0,0.0,0.0,-0.0,0.0,-0.010821,0.0,ohlcv_proxy,,,,
2024-02-27,20602.0,1161637.0,0.0,0.0,-0.0,0.0,-0.016967,0.0,ohlcv_proxy,,,,
2024-02-28,21285.0,1813409.0,0.0,0.0,-0.0,0.0,-0.017822,0.0,ohlcv_proxy,,,,
2024-02-29,22140.0,2372870.0,0.0,0.0,0.0,0.1,-0.015684,0.0,ohlcv_proxy,,,,
2024-03-04,23337.0,3998524.0,0.0,0.0,0.0,0.2,0.00609,0.0,ohlcv_proxy,,,,
2024-03-05,23465.0,3382819.0,0.0,0.0,0.0,0.3,0.014395,0.0,ohlcv_proxy,,,,
2024-03-06,23123.0,1382319.0,0.0,0.0,0.0,0.3,0.02293,0.0,ohlcv_proxy,,,,
2024-03-07,22739.0,1558721.0,0.0,0.0,0.0,0.3,0.030157,0.0,ohlcv_proxy,,,,
2024-03-08,24106.0,5254547.0,0.0,0.0,0.0,0.4,0.039869,0.0,ohlcv_proxy,,,,
2024-03-11,23208.0,1721450.0,0.0,0.0,0.0,0.4,0.038483,0.0,ohlcv_proxy,,,,
2024-03-12,24534.0,2921204.0,0.0,0.0,0.0,0.5,0.042583,0.0,ohlcv_proxy,,,,
2024-03-13,24320.0,2111560.0,0.0,0.0,0.0,0.5,0.04538,0.0,ohlcv_proxy,,,,
2024-03-14,24149.0,1595801.0,0.0,0.0,0.0,0.5,0.049422,0.0,ohlcv_proxy,,,,
2024-03-15,23679.0,1356815.0,0.0,0.0,0.0,0.4,0.044316,0.0,ohlcv_proxy,,,,
2024-03-18,22824.0,3002156.0,0.0,0.0,-0.0,0.3,0.034678,0.0,ohlcv_proxy,,,,
2024-03-19,22953.0,3055482.0,0.0,0.0,-0.0,0.2,0.015202,0.0,ohlcv_proxy,,,,
2024-03-20,23208.0,2587085.0,0.0,0.0,0.0,0.2,0.004587,0.0,ohlcv_proxy,,,,
2024-03-21,23294.0,1885255.0,0.0,0.0,0.0,0.2,-0.001694,0.0,ohlcv_proxy,,,,
2024-03-22,22055.0,2553399.0,0.0,0.0,-0.0,0.1,-0.011475,0.0,ohlcv_proxy,,,,
2024-03-25,21969.0,961866.0,0.0,0.0,-0.0,0.1,-0.015727,0.0,ohlcv_proxy,,,,
2024-03-26,21798.0,1276409.0,0.0,0.0,-0.0,0.0,-0.023983,0.0,ohlcv_proxy,,,,
2024-03-27,24063.0,18401975.0,0.0,0.0,0.0,0.1,0.006391,0.0,ohlcv_proxy,,,,
2024-03-28,24748.0,6734985.0,0.0,0.0,0.0,0.2,0.010198,0.0,ohlcv_proxy,,,,
2024-03-29,24491.0,9106727.0,0.0,0.0,0.0,0.1,0.015551,0.0,ohlcv_proxy,,,,
2024-04-01,25047.0,6981294.0,0.0,0.0,0.0,0.2,0.017931,0.0,ohlcv_proxy,,,,
2024-04-02,24449.0,4204593.0,0.0,0.0,0.0,0.2,0.019257,0.0,ohlcv_proxy,,,,
2024-04-03,23508.0,2388082.0,0.0,0.0,0.0,0.2,0.025844,0.0,ohlcv_proxy,,,,
2024-04-04,28466.0,35052903.0,0.0,0.0,1e-06,0.3,0.060814,0.0,ohlcv_proxy,,,,
2024-04-05,27611.0,8326953.0,0.0,0.0,1e-06,0.3,0.07093,0.0,ohlcv_proxy,,,,
2024-04-08,26200.0,6123986.0,0.0,0.0,0.0,0.3,0.074553,0.0,ohlcv_proxy,,,,
2024-04-09,26072.0,4925668.0,0.0,0.0,0.0,0.3,0.076672,0.0,ohlcv_proxy,,,,
2024-04-11,26927.0,4585235.0,0.0,0.0,0.0,0.2,0.078107,0.0,ohlcv_proxy,,,,
2024-04-12,26499.0,3369355.0,0.0,0.0,0.0,0.1,0.036742,0.0,ohlcv_proxy,,,,
2024-04-15,26244.0,3232045.0,0.0,0.0,0.0,0.2,0.02023,0.0,ohlcv_proxy,,,,
2024-04-16,25132.0,2783069.0,0.0,0.0,0.0,0.1,0.013169,0.0,ohlcv_proxy,,,,
2024-04-17,24704.0,2999773.0,0.0,0.0,-0.0,0.1,0.002966,0.0,ohlcv_proxy,,,,
2024-04-18,25090.0,2616226.0,0.0,0.0,0.0,0.1,-0.015377,0.0,ohlcv_proxy,,,,
2024-04-19,23208.0,4778197.0,0.0,0.0,-0.0,0.0,-0.04695,0.0,ohlcv_proxy,,,,
2024-04-22,22866.0,2150856.0,0.0,0.0,-0.0,0.0,-0.070324,0.0,ohlcv_proxy,,,,
2024-04-23,22610.0,1590999.0,0.0,0.0,-0.0,0.0,-0.084144,0.0,ohlcv_proxy,,,,
2024-04-24,24192.0,3250615.0,0.0,0.0,-0.0,0.0,-0.087863,0.0,ohlcv_proxy,,,,
2024-04-25,24021.0,1676286.0,0.0,0.0,-0.0,0.0,-0.106076,0.0,ohlcv_proxy,,,,
2024-04-26,24021.0,1651257.0,0.0,0.0,-0.0,0.0,-0.100539,0.0,ohlcv_proxy,,,,
2024-04-29,23764.0,1339947.0,0.0,0.0,-0.0,0.0,-0.097491,0.0,ohlcv_proxy,,,,
2024-04-30,23465.0,1178743.0,0.0,0.0,-0.0,0.0,-0.093286,0.0,ohlcv_proxy,,,,
2024-05-02,23807.0,1087030.0,0.0,0.0,-0.0,0.0,-0.100134,0.0,ohlcv_proxy,,,,
2024-05-03,23508.0,915710.0,0.0,0.0,-0.0,0.0,-0.105419,0.0,ohlcv_proxy,,,,
2024-05-07,23850.0,1327509.0,0.0,0.0,-0.0,0.0,-0.065763,0.0,ohlcv_proxy,,,,
2024-05-08,24021.0,879859.0,0.0,0.0,-0.0,0.0,-0.050123,0.0,ohlcv_proxy,,,,
2024-05-09,23850.0,1084357.0,0.0,0.0,-0.0,0.0,-0.039725,0.0,ohlcv_proxy,,,,
2024-05-10,22781.0,1881690.0,0.0,0.0,-0.0,0.0,-0.043772,0.0,ohlcv_proxy,,,,
2024-05-13,22739.0,960076.0,0.0,0.0,-0.0,0.0,-0.036571,0.0,ohlcv_proxy,,,,
2024-05-14,23208.0,882542.0,0.0,0.0,-0.0,0.0,-0.033394,0.0,ohlcv_proxy,,,,
2024-05-16,22739.0,2302899.0,0.0,0.0,-0.0,0.0,-0.033225,0.0,ohlcv_proxy,,,,
2024-05-17,22610.0,952150.0,0.0,0.0,-0.0,0.0,-0.035438,0.0,ohlcv_proxy,,,,
2024-05-20,19533.0,5053274.0,0.0,0.0,-1e-06,-0.1,-0.07919,0.1,ohlcv_proxy,,,,
2024-05-21,20516.0,3163772.0,0.0,0.0,-1e-06,0.0,-0.077767,0.1,ohlcv_proxy,,,,
2024-05-22,20046.0,1241214.0,0.0,0.0,-1e-06,0.0,-0.081553,0.1,ohlcv_proxy,,,,
2024-05-23,19961.0,937576.0,0.0,0.0,-1e-06,0.0,-0.099162,0.1,ohlcv_proxy,,,,
2024-05-24,19361.0,1072855.0,0.0,0.0,-1e-06,0.0,-0.107209,0.1,ohlcv_proxy,,,,
2024-05-27,19276.0,1706411.0,0.0,0.0,-1e-06,0.0,-0.088371,0.1,ohlcv_proxy,,,,
2024-05-28,19405.0,969636.0,0.0,0.0,-1e-06,0.0,-0.097904,0.1,ohlcv_proxy,,,,
2024-05-29,18806.0,1286635.0,0.0,0.0,-1e-06,0.0,-0.099681,0.1,ohlcv_proxy,,,,
2024-05-30,18378.0,999297.0,0.0,0.0,-1e-06,0.0,-0.102962,0.1,ohlcv_proxy,,,,
2024-05-31,18079.0,711258.0,0.0,0.0,-1e-06,0.0,-0.104448,0.1,ohlcv_proxy,,,,
2024-06-03,18208.0,630349.0,0.0,0.0,-1e-06,0.1,-0.108789,0.0,ohlcv_proxy,,,,
2024-06-04,18122.0,978903.0,0.0,0.0,-1e-06,0.0,-0.114295,0.0,ohlcv_proxy,,,,
2024-06-05,18293.0,1076347.0,0.0,0.0,-0.0,0.0,-0.111279,0.0,ohlcv_proxy,,,,
2024-06-07,18892.0,1084702.0,0.0,0.0,-0.0,0.0,-0.097719,0.0,ohlcv_proxy,,,,
2024-06-10,19361.0,1569885.0,0.0,0.0,-0.0,0.0,-0.073106,0.0,ohlcv_proxy,,,,
2024-06-11,19361.0,664455.0,0.0,0.0,-0.0,0.0,-0.057144,0.0,ohlcv_proxy,,,,
2024-06-12,19148.0,954407.0,0.0,0.0,-0.0,0.0,-0.041965,0.0,ohlcv_proxy,,,,
2024-06-13,19148.0,930699.0,0.0,0.0,-0.0,0.0,-0.026977,0.0,ohlcv_proxy,,,,
2024-06-14,18720.0,1214953.0,0.0,0.0,-0.0,0.0,-0.014312,0.0,ohlcv_proxy,,,,
2024-06-17,18892.0,614114.0,0.0,0.0,-0.0,0.0,-0.01383,0.0,ohlcv_proxy,,,,
2024-06-18,19961.0,2274841.0,0.0,0.0,0.0,0.1,0.001998,0.0,ohlcv_proxy,,,,
2024-06-19,19874.0,935634.0,0.0,0.0,0.0,0.1,0.015867,0.0,ohlcv_proxy,,,,
2024-06-20,19656.0,444417.0,0.0,0.0,0.0,0.1,0.02169,0.0,ohlcv_proxy,,,,
2024-06-21,19221.0,622651.0,0.0,0.0,-0.0,0.1,0.032034,0.0,ohlcv_proxy,,,,
2024-06-24,18395.0,626167.0,0.0,0.0,-0.0,0.1,0.030552,0.0,ohlcv_proxy,,,,
2024-06-25,17873.0,717895.0,0.0,0.0,-0.0,0.1,0.002147,0.0,ohlcv_proxy,,,,
2024-06-26,18047.0,391496.0,0.0,0.0,-0.0,0.1,-0.017911,0.0,ohlcv_proxy,,,,
2024-06-27,17612.0,486311.0,0.0,0.0,-0.0,0.1,-0.034184,0.0,ohlcv_proxy,,,,
2024-06-28,17830.0,287759.0,0.0,0.0,-0.0,0.1,-0.050026,0.0,ohlcv_proxy,,,,
2024-07-01,17917.0,340254.0,0.0,0.0,-0.0,0.1,-0.057508,0.0,ohlcv_proxy,,,,
2024-07-02,17299.0,747377.0,0.0,0.0,-0.0,0.0,-0.065319,0.0,ohlcv_proxy,,,,
2024-07-03,17003.0,561922.0,0.0,0.0,-0.0,0.0,-0.075773,0.0,ohlcv_proxy,,,,
2024-07-04,17656.0,867602.0,0.0,0.0,-0.0,0.0,-0.072536,0.0,ohlcv_proxy,,,,
2024-07-05,17317.0,596932.0,0.0,0.0,-0.0,0.0,-0.072921,0.0,ohlcv_proxy,,,,
2024-07-08,17395.0,369072.0,0.0,0.0,-0.0,0.0,-0.07116,0.0,ohlcv_proxy,,,,
2024-07-09,17395.0,476526.0,0.0,0.0,-0.0,0.0,-0.06633,0.0,ohlcv_proxy,,,,
2024-07-10,16934.0,778974.0,0.0,0.0,-0.0,0.0,-0.062281,0.0,ohlcv_proxy,,,,
2024-07-11,17308.0,1885773.0,0.0,0.0,-0.0,0.1,-0.057143,0.0,ohlcv_proxy,,,,
2024-07-12,16899.0,621709.0,0.0,0.0,-0.0,0.1,-0.055698,0.0,ohlcv_proxy,,,,
2024-07-15,17317.0,562385.0,0.0,0.0,-0.0,0.1,-0.052477,0.0,ohlcv_proxy,,,,
2024-07-16,17743.0,515841.0,0.0,0.0,-0.0,0.1,-0.032079,0.0,ohlcv_proxy,,,,
2024-07-17,17525.0,513603.0,0.0,0.0,-0.0,0.1,-0.017586,0.0,ohlcv_proxy,,,,
2024-07-18,17438.0,530058.0,0.0,0.0,-0.0,0.1,-0.011072,0.0,ohlcv_proxy,,,,
2024-07-19,17743.0,297430.0,0.0,0.0,0.0,0.1,0.00299,0.0,ohlcv_proxy,,,,
2024-07-22,17003.0,641580.0,0.0,0.0,-0.0,0.1,0.002123,0.0,ohlcv_proxy,,,,
2024-07-23,16838.0,408989.0,0.0,0.0,-0.0,0.1,-0.004806,0.0,ohlcv_proxy,,,,
2024-07-24,16777.0,236967.0,0.0,0.0,-0.0,0.1,-0.009534,0.0,ohlcv_proxy,,,,
2024-07-25,15986.0,762546.0,0.0,0.0,-1e-06,0.0,-0.02975,0.0,ohlcv_proxy,,,,
2024-07-26,16255.0,383453.0,0.0,0.0,-0.0,0.0,-0.038731,0.0,ohlcv_proxy,,,,
2024-07-29,16621.0,245775.0,0.0,0.0,-0.0,0.0,-0.045113,0.0,ohlcv_proxy,,,,
2024-07-30,16142.0,335049.0,0.0,0.0,-0.0,0.0,-0.050907,0.0,ohlcv_proxy,,,,
2024-07-31,16786.0,411266.0,0.0,0.0,-0.0,0.0,-0.047893,0.0,ohlcv_proxy,,,,
2024-08-01,17569.0,770931.0,0.0,0.0,0.0,0.0,-0.01411,0.0,ohlcv_proxy,,,,
2024-08-02,16690.0,598132.0,0.0,0.0,-0.0,0.0,-0.008929,0.0,ohlcv_proxy,,,,
2024-08-05,13872.0,1337486.0,0.0,0.0,-1e-06,-0.1,-0.056978,0.1,ohlcv_proxy,,,,
2024-08-06,14890.0,799316.0,0.0,0.0,-1e-06,-0.1,-0.061601,0.1,ohlcv_proxy,,,,
2024-08-07,15160.0,493334.0,0.0,0.0,-1e-06,-0.1,-0.067701,0.1,ohlcv_proxy,,,,
2024-08-08,14420.0,555302.0,0.0,0.0,-1e-06,-0.1,-0.089822,0.1,ohlcv_proxy,,,,
2024-08-09,15000.0,479772.0,0.0,0.0,-0.0,-0.1,-0.102135,0.1,ohlcv_proxy,,,,
2024-08-12,14930.0,351820.0,0.0,0.0,-0.0,-0.1,-0.073428,0.1,ohlcv_proxy,,,,
2024-08-13,14690.0,251489.0,0.0,0.0,-1e-06,-0.1,-0.068475,0.1,ohlcv_proxy,,,,
2024-08-14,15350.0,480694.0,0.0,0.0,-0.0,-0.1,-0.059639,0.1,ohlcv_proxy,,,,
2024-08-16,15180.0,728488.0,0.0,0.0,-0.0,-0.1,-0.038955,0.1,ohlcv_proxy,,,,
2024-08-19,14200.0,803929.0,0.0,0.0,-1e-06,-0.1,-0.045342,0.1,ohlcv_proxy,,,,
2024-08-20,14820.0,641581.0,0.0,0.0,-0.0,0.0,-0.038432,0.0,ohlcv_proxy,,,,
2024-08-21,14420.0,483832.0,0.0,0.0,-0.0,0.0,-0.03577,0.0,ohlcv_proxy,,,,
2024-08-22,14030.0,423301.0,0.0,0.0,-1e-06,0.0,-0.043423,0.0,ohlcv_proxy,,,,
2024-08-23,13670.0,440524.0,0.0,0.0,-1e-06,0.0,-0.056069,0.0,ohlcv_proxy,,,,
2024-08-26,13300.0,578305.0,0.0,0.0,-1e-06,0.0,-0.060821,0.0,ohlcv_proxy,,,,
2024-08-27,12980.0,562774.0,0.0,0.0,-1e-06,0.0,-0.082025,0.0,ohlcv_proxy,,,,
2024-08-28,13120.0,612460.0,0.0,0.0,-1e-06,0.0,-0.092176,0.0,ohlcv_proxy,,,,
2024-08-29,12570.0,663907.0,0.0,0.0,-1e-06,0.0,-0.099878,0.0,ohlcv_proxy,,,,
2024-08-30,12680.0,312315.0,0.0,0.0,-1e-06,0.0,-0.093881,0.0,ohlcv_proxy,,,,
2024-09-02,12230.0,646356.0,0.0,0.0,-1e-06,0.0,-0.09554,0.0,ohlcv_proxy,,,,
2024-09-03,12670.0,1016944.0,0.0,0.0,-1e-06,0.1,-0.093079,0.0,ohlcv_proxy,,,,
2024-09-04,11960.0,921961.0,0.0,0.0,-1e-06,0.0,-0.097047,0.0,ohlcv_proxy,,,,
2024-09-05,11430.0,903634.0,0.0,0.0,-1e-06,-0.1,-0.1006,0.0,ohlcv_proxy,,,,
2024-09-06,11140.0,730596.0,0.0,0.0,-1e-06,-0.1,-0.103997,0.0,ohlcv_proxy,,,,
2024-09-09,11220.0,644339.0,0.0,0.0,-1e-06,-0.1,-0.103701,0.0,ohlcv_proxy,,,,
2024-09-10,10810.0,522516.0,0.0,0.0,-1e-06,-0.1,-0.122809,0.0,ohlcv_proxy,,,,
2024-09-11,10900.0,504025.0,0.0,0.0,-1e-06,-0.1,-0.133093,0.0,ohlcv_proxy,,,,
2024-09-12,11800.0,1251649.0,0.0,0.0,-0.0,0.0,-0.108069,0.0,ohlcv_proxy,,,,
2024-09-13,11450.0,435347.0,0.0,0.0,-1e-06,0.0,-0.09086,0.0,ohlcv_proxy,,,,
2024-09-19,11060.0,642960.0,0.0,0.0,-1e-06,0.0,-0.080251,0.0,ohlcv_proxy,,,,
2024-09-20,11020.0,751929.0,0.0,0.0,-1e-06,-0.1,-0.064314,0.0,ohlcv_proxy,,,,
2024-09-23,11130.0,326164.0,0.0,0.0,-1e-06,0.0,-0.051902,0.0,ohlcv_proxy,,,,
2024-09-24,11450.0,452383.0,0.0,0.0,-0.0,0.1,-0.060984,0.0,ohlcv_proxy,,,,
2024-09-25,11730.0,1211812.0,0.0,0.0,-0.0,0.2,-0.041702,0.0,ohlcv_proxy,,,,
2024-09-26,12130.0,989826.0,0.0,0.0,0.0,0.2,-0.016726,0.0,ohlcv_proxy,,,,
2024-09-27,12090.0,872523.0,0.0,0.0,0.0,0.2,0.004681,0.0,ohlcv_proxy,,,,
2024-09-30,11740.0,351786.0,0.0,0.0,-0.0,0.2,0.014074,0.0,ohlcv_proxy,,,,
2024-10-02,11600.0,345557.0,0.0,0.0,-0.0,0.1,0.020109,0.0,ohlcv_proxy,,,,
2024-10-04,11400.0,501116.0,0.0,0.0,-0.0,0.1,0.021824,0.0,ohlcv_proxy,,,,
2024-10-07,11870.0,469716.0,0.0,0.0,0.0,0.1,0.015272,0.0,ohlcv_proxy,,,,
2024-10-08,11550.0,358657.0,0.0,0.0,-0.0,0.1,0.007866,0.0,ohlcv_proxy,,,,
2024-10-10,11160.0,559268.0,0.0,0.0,-0.0,0.1,0.000239,0.0,ohlcv_proxy,,,,
2024-10-11,12110.0,2849483.0,0.0,0.0,0.0,0.2,0.020877,0.0,ohlcv_proxy,,,,
2024-10-14,12190.0,1070691.0,0.0,0.0,0.0,0.1,0.024756,0.0,ohlcv_proxy,,,,
2024-10-15,11940.0,813784.0,0.0,0.0,0.0,0.1,0.022202,0.0,ohlcv_proxy,,,,
2024-10-16,11550.0,494378.0,0.0,0.0,-0.0,0.1,0.019127,0.0,ohlcv_proxy,,,,
2024-10-17,11630.0,533622.0,0.0,0.0,-0.0,0.1,0.021063,0.0,ohlcv_proxy,,,,
2024-10-18,10900.0,951301.0,0.0,0.0,-1e-06,0.1,-0.003606,0.0,ohlcv_proxy,,,,
2024-10-21,11090.0,505957.0,0.0,0.0,-0.0,0.1,-0.02466,0.0,ohlcv_proxy,,,,
2024-10-22,10480.0,717902.0,0.0,0.0,-1e-06,0.1,-0.051546,0.0,ohlcv_proxy,,,,
2024-10-23,10850.0,620697.0,0.0,0.0,-1e-06,0.1,-0.061021,0.0,ohlcv_proxy,,,,
2024-10-24,10470.0,327509.0,0.0,0.0,-1e-06,0.1,-0.074179,0.0,ohlcv_proxy,,,,
2024-10-25,10390.0,426321.0,0.0,0.0,-1e-06,0.0,-0.081106,0.0,ohlcv_proxy,,,,
2024-10-28,10780.0,340011.0,0.0,0.0,-0.0,0.0,-0.084923,0.0,ohlcv_proxy,,,,
2024-10-29,10970.0,689193.0,0.0,0.0,-0.0,0.0,-0.067044,0.0,ohlcv_proxy,,,,
2024-10-30,10810.0,403528.0,0.0,0.0,-0.0,0.0,-0.063823,0.0,ohlcv_proxy,,,,
2024-10-31,11370.0,886370.0,0.0,0.0,0.0,0.0,-0.041894,0.0,ohlcv_proxy,,,,
2024-11-01,11050.0,424674.0,0.0,0.0,-0.0,0.0,-0.031594,0.0,ohlcv_proxy,,,,
2024-11-04,11300.0,411299.0,0.0,0.0,0.0,0.0,-0.025336,0.0,ohlcv_proxy,,,,
2024-11-05,11220.0,206584.0,0.0,0.0,0.0,0.0,-0.018847,0.0,ohlcv_proxy,,,,
2024-11-06,11100.0,349915.0,0.0,0.0,-0.0,0.0,-0.013149,0.0,ohlcv_proxy,,,,
2024-11-07,11190.0,293407.0,0.0,0.0,0.0,0.0,-0.020286,0.0,ohlcv_proxy,,,,
2024-11-08,10970.0,379030.0,0.0,0.0,-0.0,0.0,-0.003965,0.0,ohlcv_proxy,,,,
2024-11-11,10200.0,609680.0,0.0,0.0,-1e-06,0.0,-0.021038,0.0,ohlcv_proxy,,,,
2024-11-12,9750.0,957938.0,0.0,0.0,-1e-06,-0.1,-0.043134,0.0,ohlcv_proxy,,,,
2024-11-13,9480.0,521049.0,0.0,0.0,-1e-06,-0.1,-0.058487,0.0,ohlcv_proxy,,,,
2024-11-14,9240.0,520627.0,0.0,0.0,-1e-06,-0.1,-0.072238,0.0,ohlcv_proxy,,,,
2024-11-15,9700.0,648386.0,0.0,0.0,-1e-06,-0.1,-0.080119,0.0,ohlcv_proxy,,,,
2024-11-18,9760.0,432586.0,0.0,0.0,-1e-06,-0.1,-0.083445,0.0,ohlcv_proxy,,,,
2024-11-19,9810.0,314181.0,0.0,0.0,-1e-06,-0.1,-0.084391,0.0,ohlcv_proxy,,,,
2024-11-20,9770.0,218311.0,0.0,0.0,-1e-06,-0.1,-0.076512,0.0,ohlcv_proxy,,,,
2024-11-21,9750.0,280294.0,0.0,0.0,-1e-06,-0.1,-0.062628,0.0,ohlcv_proxy,,,,
2024-11-22,9940.0,317282.0,0.0,0.0,-0.0,-0.1,-0.055576,0.0,ohlcv_proxy,,,,
2024-11-25,10240.0,366844.0,0.0,0.0,0.0,-0.1,-0.042179,0.0,ohlcv_proxy,,,,
2024-11-26,10360.0,302539.0,0.0,0.0,0.0,0.0,-0.026829,0.0,ohlcv_proxy,,,,
2024-11-27,9900.0,419173.0,0.0,0.0,-0.0,0.0,-0.022804,0.0,ohlcv_proxy,,,,
2024-11-28,9840.0,263998.0,0.0,0.0,-0.0,0.0,-0.008416,0.0,ohlcv_proxy,,,,
2024-11-29,9630.0,542103.0,0.0,0.0,-1e-06,0.0,-0.010779,0.0,ohlcv_proxy,,,,
2024-12-02,9140.0,692780.0,0.0,0.0,-1e-06,-0.1,-0.027867,0.0,ohlcv_proxy,,,,
2024-12-03,9290.0,324050.0,0.0,0.0,-1e-06,-0.1,-0.037512,0.0,ohlcv_proxy,,,,
2024-12-04,9070.0,480633.0,0.0,0.0,-1e-06,-0.1,-0.045104,0.0,ohlcv_proxy,,,,
2024-12-05,9120.0,289029.0,0.0,0.0,-1e-06,-0.1,-0.047062,0.0,ohlcv_proxy,,,,
2024-12-06,8930.0,505644.0,0.0,0.0,-1e-06,-0.1,-0.054133,0.0,ohlcv_proxy,,,,
2024-12-09,8320.0,548989.0,0.0,0.0,-2e-06,-0.1,-0.064611,0.0,ohlcv_proxy,,,,
2024-12-10,8770.0,316693.0,0.0,0.0,-1e-06,-0.1,-0.067282,0.0,ohlcv_proxy,,,,
2024-12-11,9060.0,331151.0,0.0,0.0,-0.0,-0.1,-0.06777,0.0,ohlcv_proxy,,,,
2024-12-12,9340.0,967877.0,0.0,0.0,-0.0,0.0,-0.050458,0.0,ohlcv_proxy,,,,
2024-12-13,9640.0,403185.0,0.0,0.0,0.0,0.0,-0.037423,0.0,ohlcv_proxy,,,,
2024-12-16,9700.0,324334.0,0.0,0.0,0.0,0.1,-0.008844,0.0,ohlcv_proxy,,,,
2024-12-17,9920.0,490167.0,0.0,0.0,0.0,0.1,0.009303,0.0,ohlcv_proxy,,,,
2024-12-18,10010.0,286665.0,0.0,0.0,1e-06,0.1,0.020668,0.0,ohlcv_proxy,,,,
2024-12-19,9750.0,275250.0,0.0,0.0,0.0,0.1,0.039327,0.0,ohlcv_proxy,,,,
2024-12-20,9420.0,300806.0,0.0,0.0,-0.0,0.1,0.038361,0.0,ohlcv_proxy,,,,
2024-12-23,9960.0,806625.0,0.0,0.0,0.0,0.2,0.045173,0.0,ohlcv_proxy,,,,
2024-12-24,9680.0,341610.0,0.0,0.0,0.0,0.2,0.042776,0.0,ohlcv_proxy,,,,
2024-12-26,9400.0,329822.0,0.0,0.0,-0.0,0.2,0.035418,0.0,ohlcv_proxy,,,,
2024-12-27,9270.0,301809.0,0.0,0.0,-0.0,0.1,0.029962,0.0,ohlcv_proxy,,,,
2024-12-30,9240.0,172336.0,0.0,0.0,-0.0,0.1,0.031998,0.0,ohlcv_proxy,,,,
2025-01-02,9250.0,307694.0,0.0,0.0,-0.0,0.1,0.002884,0.0,ohlcv_proxy,,,,
2025-01-03,9800.0,584016.0,0.0,0.0,0.0,0.1,0.00816,0.0,ohlcv_proxy,,,,
2025-01-06,11100.0,3450418.0,0.0,0.0,1e-06,0.2,0.072072,0.0,ohlcv_proxy,,,,
2025-01-07,10890.0,1110782.0,0.0,0.0,1e-06,0.1,0.072826,0.0,ohlcv_proxy,,,,
2025-01-08,11470.0,2454472.0,0.0,0.0,1e-06,0.2,0.06716,0.0,ohlcv_proxy,,,,
2025-01-09,11090.0,1054045.0,0.0,0.0,1e-06,0.1,0.060689,0.0,ohlcv_proxy,,,,
2025-01-10,10890.0,688072.0,0.0,0.0,1e-06,0.1,0.061768,0.0,ohlcv_proxy,,,,
2025-01-13,10560.0,552890.0,0.0,0.0,0.0,0.1,0.056356,0.0,ohlcv_proxy,,,,
2025-01-14,10630.0,532943.0,0.0,0.0,0.0,0.1,0.048286,0.0,ohlcv_proxy,,,,
2025-01-15,11460.0,3166897.0,0.0,0.0,1e-06,0.2,0.034611,0.0,ohlcv_proxy,,,,
2025-01-16,12320.0,4712072.0,0.0,0.0,2e-06,0.3,0.053813,0.0,ohlcv_proxy,,,,
2025-01-17,12370.0,1238885.0,0.0,0.0,1e-06,0.3,0.056941,0.0,ohlcv_proxy,,,,
2025-01-20,10660.0,6347706.0,0.0,0.0,0.0,0.1,0.02859,0.1,ohlcv_proxy,,,,
2025-01-21,11010.0,2646844.0,0.0,0.0,0.0,0.3,0.024847,0.1,ohlcv_proxy,,,,
2025-01-22,11070.0,1454003.0,0.0,0.0,0.0,0.2,0.019938,0.1,ohlcv_proxy,,,,
2025-01-23,10550.0,1297806.0,0.0,0.0,-0.0,0.2,-0.01914,0.1,ohlcv_proxy,,,,
2025-01-24,11100.0,1975975.0,0.0,0.0,0.0,0.2,-0.02966,0.1,ohlcv_proxy,,,,
2025-01-31,10250.0,1455258.0,0.0,0.0,-0.0,0.2,-0.02576,0.1,ohlcv_proxy,,,,
2025-02-03,9500.0,1294985.0,0.0,0.0,-1e-06,0.2,-0.048252,0.1,ohlcv_proxy,,,,
2025-02-04,9840.0,760496.0,0.0,0.0,-1e-06,0.1,-0.063978,0.1,ohlcv_proxy,,,,
2025-02-05,10030.0,642760.0,0.0,0.0,-0.0,0.0,-0.070433,0.1,ohlcv_proxy,,,,
2025-02-06,10230.0,564281.0,0.0,0.0,-0.0,0.0,-0.10226,0.1,ohlcv_proxy,,,,
2025-02-07,11080.0,2584293.0,0.0,0.0,1e-06,0.1,-0.063679,0.0,ohlcv_proxy,,,,
2025-02-10,11670.0,1874938.0,0.0,0.0,1e-06,0.0,-0.016764,0.0,ohlcv_proxy,,,,
2025-02-11,11500.0,1207693.0,0.0,0.0,1e-06,0.0,0.004153,0.0,ohlcv_proxy,,,,
2025-02-12,11400.0,779639.0,0.0,0.0,1e-06,0.0,0.015288,0.0,ohlcv_proxy,,,,
2025-02-13,11640.0,848523.0,0.0,0.0,1e-06,0.0,0.024835,0.0,ohlcv_proxy,,,,
2025-02-14,11820.0,1991075.0,0.0,0.0,1e-06,0.0,0.042891,0.0,ohlcv_proxy,,,,
2025-02-17,11930.0,1040234.0,0.0,0.0,1e-06,0.0,0.044086,0.0,ohlcv_proxy,,,,
2025-02-18,12010.0,894560.0,0.0,0.0,1e-06,0.0,0.052659,0.0,ohlcv_proxy,,,,
2025-02-19,12570.0,5499990.0,0.0,0.0,1e-06,0.1,0.086784,0.0,ohlcv_proxy,,,,
2025-02-20,11850.0,1617566.0,0.0,0.0,0.0,0.1,0.086942,0.0,ohlcv_proxy,,,,
2025-02-21,11790.0,712911.0,0.0,0.0,0.0,0.1,0.078795,0.0,ohlcv_proxy,,,,
2025-02-24,11690.0,483245.0,0.0,0.0,0.0,0.1,0.07585,0.0,ohlcv_proxy,,,,
2025-02-25,11650.0,439021.0,0.0,0.0,0.0,0.1,0.073472,0.0,ohlcv_proxy,,,,
2025-02-26,11770.0,495741.0,0.0,0.0,0.0,0.1,0.025871,0.0,ohlcv_proxy,,,,
2025-02-27,11580.0,764067.0,0.0,0.0,0.0,0.1,0.015127,0.0,ohlcv_proxy,,,,
2025-02-28,10950.0,861632.0,0.0,0.0,-0.0,0.1,-0.009704,0.0,ohlcv_proxy,,,,
2025-03-04,10650.0,598277.0,0.0,0.0,-1e-06,0.1,-0.033225,0.0,ohlcv_proxy,,,,
2025-03-05,10770.0,563070.0,0.0,0.0,-0.0,0.1,-0.047891,0.0,ohlcv_proxy,,,,
2025-03-06,10360.0,836625.0,0.0,0.0,-1e-06,0.0,-0.070468,0.0,ohlcv_proxy,,,,
2025-03-07,10530.0,428149.0,0.0,0.0,-1e-06,0.0,-0.089413,0.0,ohlcv_proxy,,,,
2025-03-10,10880.0,953215.0,0.0,0.0,-0.0,0.0,-0.093241,0.0,ohlcv_proxy,,,,
2025-03-11,10830.0,796902.0,0.0,0.0,-0.0,0.0,-0.087712,0.0,ohlcv_proxy,,,,
2025-03-12,11390.0,1703863.0,0.0,0.0,0.0,0.1,-0.06586,0.0,ohlcv_proxy,,,,
2025-03-13,10930.0,940657.0,0.0,0.0,-0.0,0.1,-0.055651,0.0,ohlcv_proxy,,,,
2025-03-14,11570.0,1081897.0,0.0,0.0,0.0,0.1,-0.042871,0.0,ohlcv_proxy,,,,
2025-03-17,11980.0,1724583.0,0.0,0.0,1e-06,0.2,-0.02089,0.0,ohlcv_proxy,,,,
2025-03-18,11620.0,923324.0,0.0,0.0,0.0,0.2,-0.010947,0.0,ohlcv_proxy,,,,
2025-03-19,12130.0,1240859.0,0.0,0.0,1e-06,0.2,0.002398,0.0,ohlcv_proxy,,,,
2025-03-20,12270.0,1832378.0,0.0,0.0,1e-06,0.3,0.042321,0.0,ohlcv_proxy,,,,
2025-03-21,13480.0,11610082.0,0.0,0.0,1e-06,0.4,0.060605,0.0,ohlcv_proxy,,,,
2025-03-24,13480.0,1618817.0,0.0,0.0,1e-06,0.4,0.065908,0.0,ohlcv_proxy,,,,
2025-03-25,12680.0,1654402.0,0.0,0.0,1e-06,0.4,0.066325,0.0,ohlcv_proxy,,,,
2025-03-26,13110.0,1057212.0,0.0,0.0,1e-06,0.3,0.068926,0.0,ohlcv_proxy,,,,
2025-03-27,12990.0,579385.0,0.0,0.0,1e-06,0.3,0.075224,0.0,ohlcv_proxy,,,,
2025-03-28,12320.0,901428.0,0.0,0.0,0.0,0.3,0.04135,0.0,ohlcv_proxy,,,,
2025-03-31,11700.0,733892.0,0.0,0.0,-0.0,0.2,0.01058,0.0,ohlcv_proxy,,,,
2025-04-01,12140.0,1027380.0,0.0,0.0,0.0,0.2,-0.002613,0.0,ohlcv_proxy,,,,
2025-04-02,12150.0,940788.0,0.0,0.0,0.0,0.2,-0.02292,0.0,ohlcv_proxy,,,,
2025-04-03,11930.0,699492.0,0.0,0.0,-0.0,0.1,-0.038281,0.0,ohlcv_proxy,,,,
2025-04-04,11300.0,1104552.0,0.0,0.0,-1e-06,0.0,-0.056134,0.0,ohlcv_proxy,,,,
2025-04-07,10260.0,787889.0,0.0,0.0,-1e-06,0.0,-0.075625,0.0,ohlcv_proxy,,,,
2025-04-08,10320.0,593165.0,0.0,0.0,-1e-06,0.0,-0.101296,0.0,ohlcv_proxy,,,,
2025-04-09,10190.0,695896.0,0.0,0.0,-1e-06,0.0,-0.134503,0.0,ohlcv_proxy,,,,
2025-04-10,10960.0,941430.0,0.0,0.0,-0.0,0.0,-0.147186,0.0,ohlcv_proxy,,,,
2025-04-11,11000.0,555584.0,0.0,0.0,-0.0,0.0,-0.158729,0.0,ohlcv_proxy,,,,
2025-04-14,11280.0,558615.0,0.0,0.0,-0.0,0.0,-0.144151,0.0,ohlcv_proxy,,,,
2025-04-15,11280.0,421755.0,0.0,0.0,-0.0,0.0,-0.132917,0.0,ohlcv_proxy,,,,
2025-04-16,10580.0,658492.0,0.0,0.0,-1e-06,0.0,-0.123887,0.0,ohlcv_proxy,,,,
2025-04-17,10740.0,589901.0,0.0,0.0,-0.0,0.0,-0.125906,0.0,ohlcv_proxy,,,,
2025-04-18,10830.0,268404.0,0.0,0.0,-0.0,0.0,-0.075656,0.0,ohlcv_proxy,,,,
2025-04-21,11220.0,736557.0,0.0,0.0,0.0,0.0,-0.058918,0.0,ohlcv_proxy,,,,
2025-04-22,11010.0,351965.0,0.0,0.0,-0.0,0.0,-0.051486,0.0,ohlcv_proxy,,,,
2025-04-23,11490.0,430950.0,0.0,0.0,0.0,0.0,-0.023792,0.0,ohlcv_proxy,,,,
2025-04-24,11130.0,458725.0,0.0,0.0,-0.0,0.0,-0.008217,0.0,ohlcv_proxy,,,,
2025-04-25,11370.0,395419.0,0.0,0.0,0.0,0.0,0.00439,0.0,ohlcv_proxy,,,,
2025-04-28,11050.0,410290.0,0.0,0.0,-0.0,0.0,0.004763,0.0,ohlcv_proxy,,,,
2025-04-29,11130.0,359045.0,0.0,0.0,-0.0,0.0,0.014299,0.0,ohlcv_proxy,,,,
2025-04-30,10880.0,328017.0,0.0,0.0,-0.0,0.0,0.012483,0.0,ohlcv_proxy,,,,
2025-05-02,11010.0,291688.0,0.0,0.0,-0.0,0.0,0.016148,0.0,ohlcv_proxy,,,,
2025-05-07,11200.0,334156.0,0.0,0.0,0.0,0.0,0.01521,0.0,ohlcv_proxy,,,,
2025-05-08,11240.0,508344.0,0.0,0.0,0.0,0.0,0.013697,0.0,ohlcv_proxy,,,,
2025-05-09,11000.0,332445.0,0.0,0.0,-0.0,0.0,0.007721,0.0,ohlcv_proxy,,,,
2025-05-12,11830.0,964942.0,0.0,0.0,0.0,0.1,0.024275,0.0,ohlcv_proxy,,,,
2025-05-13,11650.0,624668.0,0.0,0.0,0.0,0.1,0.028255,0.0,ohlcv_proxy,,,,
2025-05-14,11820.0,387232.0,0.0,0.0,0.0,0.1,0.031934,0.0,ohlcv_proxy,,,,
2025-05-15,11430.0,446072.0,0.0,0.0,0.0,0.1,0.034765,0.0,ohlcv_proxy,,,,
2025-05-16,11220.0,389462.0,0.0,0.0,-0.0,0.1,0.036601,0.0,ohlcv_proxy,,,,
2025-05-19,10950.0,375679.0,0.0,0.0,-0.0,0.1,0.015642,0.0,ohlcv_proxy,,,,
2025-05-20,10860.0,379651.0,0.0,0.0,-0.0,0.1,-0.001682,0.0,ohlcv_proxy,,,,
2025-05-21,10790.0,314133.0,0.0,0.0,-0.0,0.1,-0.018296,0.0,ohlcv_proxy,,,,
2025-05-22,10350.0,511855.0,0.0,0.0,-1e-06,0.1,-0.037821,0.0,ohlcv_proxy,,,,
2025-05-23,10160.0,342601.0,0.0,0.0,-1e-06,0.1,-0.05269,0.0,ohlcv_proxy,,,,
2025-05-26,10310.0,355826.0,0.0,0.0,-1e-06,0.0,-0.05933,0.0,ohlcv_proxy,,,,
2025-05-27,10230.0,235297.0,0.0,0.0,-1e-06,0.0,-0.06756,0.0,ohlcv_proxy,,,,
2025-05-28,10630.0,474625.0,0.0,0.0,-0.0,0.0,-0.064609,0.0,ohlcv_proxy,,,,
2025-05-29,10640.0,404919.0,0.0,0.0,-0.0,0.0,-0.057005,0.0,ohlcv_proxy,,,,
2025-05-30,10690.0,363904.0,0.0,0.0,-0.0,0.0,-0.046133,0.0,ohlcv_proxy,,,,
2025-06-02,10430.0,614318.0,0.0,0.0,-0.0,0.0,-0.042181,0.0,ohlcv_proxy,,,,
2025-06-04,10850.0,851744.0,0.0,0.0,0.0,0.1,-0.029584,0.0,ohlcv_proxy,,,,
2025-06-05,11200.0,987068.0,0.0,0.0,0.0,0.2,-0.01543,0.0,ohlcv_proxy,,,,
2025-06-09,11340.0,702246.0,0.0,0.0,0.0,0.2,-0.005259,0.0,ohlcv_proxy,,,,
2025-06-10,11470.0,657951.0,0.0,0.0,0.0,0.2,0.002426,0.0,ohlcv_proxy,,,,
2025-06-11,11920.0,975721.0,0.0,0.0,1e-06,0.3,0.02808,0.0,ohlcv_proxy,,,,
2025-06-12,11700.0,589487.0,0.0,0.0,1e-06,0.3,0.042701,0.0,ohlcv_proxy,,,,
2025-06-13,11540.0,728793.0,0.0,0.0,0.0,0.3,0.050404,0.0,ohlcv_proxy,,,,
2025-06-16,11430.0,415912.0,0.0,0.0,0.0,0.3,0.053633,0.0,ohlcv_proxy,,,,
2025-06-17,11670.0,943828.0,0.0,0.0,0.0,0.4,0.052661,0.0,ohlcv_proxy,,,,
2025-06-18,11750.0,438931.0,0.0,0.0,0.0,0.4,0.044068,0.0,ohlcv_proxy,,,,
2025-06-19,11900.0,897160.0,0.0,0.0,0.0,0.4,0.043104,0.0,ohlcv_proxy,,,,
2025-06-20,11860.0,515358.0,0.0,0.0,0.0,0.3,0.0449,0.0,ohlcv_proxy,,,,
2025-06-23,11500.0,544286.0,0.0,0.0,0.0,0.3,0.040249,0.0,ohlcv_proxy,,,,
2025-06-24,12250.0,1268948.0,0.0,0.0,1e-06,0.4,0.045983,0.0,ohlcv_proxy,,,,
2025-06-25,12670.0,1228888.0,0.0,0.0,1e-06,0.4,0.052392,0.0,ohlcv_proxy,,,,
2025-06-26,12440.0,1088648.0,0.0,0.0,1e-06,0.4,0.05449,0.0,ohlcv_proxy,,,,
2025-06-27,12280.0,629625.0,0.0,0.0,0.0,0.4,0.053032,0.0,ohlcv_proxy,,,,
2025-06-30,11950.0,544159.0,0.0,0.0,0.0,0.4,0.054033,0.0,ohlcv_proxy,,,,
2025-07-01,11920.0,631638.0,0.0,0.0,0.0,0.3,0.048419,0.0,ohlcv_proxy,,,,
2025-07-02,11740.0,547387.0,0.0,0.0,0.0,0.3,0.025666,0.0,ohlcv_proxy,,,,
2025-07-03,12630.0,1140132.0,0.0,0.0,1e-06,0.2,0.021539,0.0,ohlcv_proxy,,,,
2025-07-04,12210.0,540343.0,0.0,0.0,0.0,0.2,0.015466,0.0,ohlcv_proxy,,,,
2025-07-07,11980.0,318354.0,0.0,0.0,0.0,0.2,0.014451,0.0,ohlcv_proxy,,,,
2025-07-08,11560.0,924391.0,0.0,0.0,-0.0,0.1,0.004883,0.0,ohlcv_proxy,,,,
2025-07-09,11460.0,419763.0,0.0,0.0,-0.0,0.0,0.003833,0.0,ohlcv_proxy,,,,
2025-07-10,11360.0,490724.0,0.0,0.0,-0.0,0.0,-0.026148,0.0,ohlcv_proxy,,,,
2025-07-11,11450.0,602645.0,0.0,0.0,-0.0,0.0,-0.039035,0.0,ohlcv_proxy,,,,
2025-07-14,11030.0,809946.0,0.0,0.0,-1e-06,0.0,-0.050153,0.0,ohlcv_proxy,,,,
2025-07-15,11090.0,489486.0,0.0,0.0,-0.0,0.0,-0.05868,0.0,ohlcv_proxy,,,,
2025-07-16,11110.0,621737.0,0.0,0.0,-0.0,0.0,-0.061156,0.0,ohlcv_proxy,,,,
2025-07-17,11080.0,595425.0,0.0,0.0,-0.0,0.0,-0.062459,0.0,ohlcv_proxy,,,,
2025-07-18,11140.0,346329.0,0.0,0.0,-0.0,0.0,-0.066509,0.0,ohlcv_proxy,,,,
2025-07-21,10950.0,454294.0,0.0,0.0,-0.0,0.0,-0.065873,0.0,ohlcv_proxy,,,,
2025-07-22,10650.0,462857.0,0.0,0.0,-1e-06,0.0,-0.066341,0.0,ohlcv_proxy,,,,
2025-07-23,10800.0,340721.0,0.0,0.0,-0.0,0.0,-0.062182,0.0,ohlcv_proxy,,,,
2025-07-24,10800.0,258238.0,0.0,0.0,-0.0,0.0,-0.060087,0.0,ohlcv_proxy,,,,
2025-07-25,10760.0,294731.0,0.0,0.0,-0.0,0.0,-0.060946,0.0,ohlcv_proxy,,,,
2025-07-28,11250.0,1696106.0,0.0,0.0,0.0,0.1,-0.036253,0.0,ohlcv_proxy,,,,
2025-07-29,11190.0,743970.0,0.0,0.0,-0.0,0.1,-0.025025,0.0,ohlcv_proxy,,,,
2025-07-30,12670.0,10394477.0,0.0,0.0,1e-06,0.2,0.02818,0.0,ohlcv_proxy,,,,
2025-07-31,12890.0,2258716.0,0.0,0.0,1e-06,0.3,0.032323,0.0,ohlcv_proxy,,,,
2025-08-01,12140.0,1107964.0,0.0,0.0,0.0,0.3,0.033114,0.0,ohlcv_proxy,,,,
2025-08-04,12010.0,936659.0,0.0,0.0,0.0,0.3,0.041881,0.0,ohlcv_proxy,,,,
2025-08-05,11960.0,1150454.0,0.0,0.0,0.0,0.3,0.042383,0.0,ohlcv_proxy,,,,
2025-08-06,11760.0,383167.0,0.0,0.0,0.0,0.3,0.02327,0.0,ohlcv_proxy,,,,
2025-08-07,11850.0,965727.0,0.0,0.0,0.0,0.3,-0.008254,0.0,ohlcv_proxy,,,,
2025-08-08,12140.0,1107685.0,0.0,0.0,0.0,0.3,-0.009705,0.0,ohlcv_proxy,,,,
2025-08-11,12230.0,527886.0,0.0,0.0,0.0,0.2,-0.010713,0.0,ohlcv_proxy,,,,
2025-08-12,12070.0,500600.0,0.0,0.0,0.0,0.2,-0.010373,0.0,ohlcv_proxy,,,,
2025-08-13,12570.0,1015085.0,0.0,0.0,1e-06,0.1,-0.000695,0.0,ohlcv_proxy,,,,
2025-08-14,12370.0,411627.0,0.0,0.0,0.0,0.0,0.006065,0.0,ohlcv_proxy,,,,
2025-08-18,12190.0,417861.0,0.0,0.0,0.0,0.0,0.008485,0.0,ohlcv_proxy,,,,
2025-08-19,11950.0,320172.0,0.0,0.0,0.0,0.0,0.004815,0.0,ohlcv_proxy,,,,
2025-08-20,11580.0,429963.0,0.0,0.0,-0.0,0.0,-0.002734,0.0,ohlcv_proxy,,,,
2025-08-21,11670.0,338590.0,0.0,0.0,-0.0,0.0,-0.026202,0.0,ohlcv_proxy,,,,
2025-08-22,11660.0,298178.0,0.0,0.0,-0.0,0.0,-0.038462,0.0,ohlcv_proxy,,,,
2025-08-25,11930.0,308140.0,0.0,0.0,0.0,0.0,-0.045316,0.0,ohlcv_proxy,,,,
2025-08-26,12110.0,430991.0,0.0,0.0,0.0,0.0,-0.046679,0.0,ohlcv_proxy,,,,
2025-08-27,12770.0,1449416.0,0.0,0.0,1e-06,0.0,-0.008361,0.0,ohlcv_proxy,,,,
2025-08-28,13830.0,6544513.0,0.0,0.0,1e-06,0.1,0.054044,0.0,ohlcv_proxy,,,,
2025-08-29,13950.0,1155079.0,0.0,0.0,1e-06,0.1,0.058422,0.0,ohlcv_proxy,,,,
2025-09-01,13660.0,1045108.0,0.0,0.0,1e-06,0.1,0.056098,0.0,ohlcv_proxy,,,,
2025-09-02,13590.0,626336.0,0.0,0.0,1e-06,0.1,0.055321,0.0,ohlcv_proxy,,,,
2025-09-03,13610.0,504713.0,0.0,0.0,1e-06,0.1,0.058867,0.0,ohlcv_proxy,,,,
2025-09-04,13560.0,772471.0,0.0,0.0,1e-06,0.1,0.04793,0.0,ohlcv_proxy,,,,
2025-09-05,13980.0,1394878.0,0.0,0.0,1e-06,0.1,0.039784,0.0,ohlcv_proxy,,,,
2025-09-08,14020.0,600733.0,0.0,0.0,1e-06,0.1,0.037712,0.0,ohlcv_proxy,,,,
2025-09-09,15760.0,5674712.0,0.0,0.0,1e-06,0.2,0.083658,0.0,ohlcv_proxy,,,,
2025-09-10,16900.0,4400479.0,0.0,0.0,2e-06,0.3,0.093679,0.0,ohlcv_proxy,,,,
2025-09-11,17110.0,2486417.0,0.0,0.0,2e-06,0.3,0.095824,0.0,ohlcv_proxy,,,,
2025-09-12,17730.0,3295807.0,0.0,0.0,2e-06,0.4,0.104904,0.0,ohlcv_proxy,,,,
2025-09-15,18530.0,2124060.0,0.0,0.0,2e-06,0.4,0.107217,0.0,ohlcv_proxy,,,,
2025-09-16,18810.0,1362137.0,0.0,0.0,2e-06,0.4,0.138514,0.0,ohlcv_proxy,,,,
2025-09-17,18690.0,1314881.0,0.0,0.0,1e-06,0.4,0.153529,0.0,ohlcv_proxy,,,,
2025-09-18,20000.0,2575748.0,0.0,0.0,2e-06,0.4,0.172962,0.0,ohlcv_proxy,,,,
2025-09-19,19730.0,1077232.0,0.0,0.0,1e-06,0.4,0.194547,0.0,ohlcv_proxy,,,,
2025-09-22,20250.0,1201811.0,0.0,0.0,1e-06,0.4,0.2,0.0,ohlcv_proxy,,,,
2025-09-23,20400.0,1968697.0,0.0,0.0,1e-06,0.3,0.2,0.0,ohlcv_proxy,,,,
2025-09-24,21300.0,1376268.0,0.0,0.0,1e-06,0.2,0.2,0.0,ohlcv_proxy,,,,
2025-09-25,21450.0,1756030.0,0.0,0.0,1e-06,0.1,0.182114,0.0,ohlcv_proxy,,,,
2025-09-26,21850.0,1983213.0,0.0,0.0,1e-06,0.0,0.182185,0.0,ohlcv_proxy,,,,
2025-09-29,22850.0,1405815.0,0.0,0.0,1e-06,0.0,0.185177,0.0,ohlcv_proxy,,,,
2025-09-30,22150.0,1131250.0,0.0,0.0,1e-06,0.0,0.193469,0.0,ohlcv_proxy,,,,
2025-10-01,24050.0,1714764.0,0.0,0.0,1e-06,0.0,0.2,0.0,ohlcv_proxy,,,,
2025-10-02,24650.0,2411421.0,0.0,0.0,1e-06,0.0,0.2,0.0,ohlcv_proxy,,,,
2025-10-10,24350.0,1939509.0,0.0,0.0,1e-06,0.0,0.2,0.0,ohlcv_proxy,,,,
2025-10-13,27750.0,3945110.0,0.0,0.0,1e-06,0.1,0.2,0.0,ohlcv_proxy,,,,
2025-10-14,26000.0,3893088.0,0.0,0.0,1e-06,0.0,0.2,0.0,ohlcv_proxy,,,,
2025-10-15,26500.0,1512854.0,0.0,0.0,1e-06,0.0,0.181151,0.0,ohlcv_proxy,,,,
2025-10-16,25950.0,1423585.0,0.0,0.0,1e-06,0.0,0.1688,0.0,ohlcv_proxy,,,,
2025-10-17,25950.0,1835107.0,0.0,0.0,1e-06,0.0,0.150136,0.0,ohlcv_proxy,,,,
2025-10-20,25950.0,1558976.0,0.0,0.0,1e-06,0.0,0.108444,0.0,ohlcv_proxy,,,,
2025-10-21,25950.0,1381429.0,0.0,0.0,1e-06,0.0,0.096572,0.0,ohlcv_proxy,,,,
2025-10-22,25800.0,1678850.0,0.0,0.0,1e-06,0.0,0.078561,0.0,ohlcv_proxy,,,,
2025-10-23,25900.0,1261401.0,0.0,0.0,1e-06,0.0,0.062739,0.0,ohlcv_proxy,,,,
2025-10-24,26800.0,2253915.0,0.0,0.0,1e-06,0.0,0.060391,0.0,ohlcv_proxy,,,,
2025-10-27,25600.0,1929525.0,0.0,0.0,0.0,-0.1,0.048933,0.0,ohlcv_proxy,,,,
2025-10-28,25850.0,1121095.0,0.0,0.0,0.0,0.0,0.037529,0.0,ohlcv_proxy,,,,
2025-10-29,27600.0,2405162.0,0.0,0.0,1e-06,0.0,0.043828,0.0,ohlcv_proxy,,,,
2025-10-30,30800.0,6013265.0,0.0,0.0,1e-06,0.1,0.080843,0.0,ohlcv_proxy,,,,
2025-10-31,29400.0,1731213.0,0.0,0.0,1e-06,0.1,0.082552,0.0,ohlcv_proxy,,,,
2025-11-03,29450.0,1807268.0,0.0,0.0,1e-06,0.1,0.093717,0.0,ohlcv_proxy,,,,
2025-11-04,29100.0,1478149.0,0.0,0.0,0.0,0.1,0.095373,0.0,ohlcv_proxy,,,,
2025-11-05,27950.0,4078310.0,0.0,0.0,0.0,0.0,0.082742,0.0,ohlcv_proxy,,,,
2025-11-06,27900.0,2644104.0,0.0,0.0,0.0,0.0,0.038953,0.0,ohlcv_proxy,,,,
2025-11-07,27600.0,3230754.0,0.0,0.0,0.0,0.0,0.021438,0.0,ohlcv_proxy,,,,
2025-11-10,24350.0,6812906.0,0.0,0.0,-0.0,-0.1,-0.018885,0.1,ohlcv_proxy,,,,
2025-11-11,24700.0,3616145.0,0.0,0.0,-0.0,-0.1,-0.034967,0.1,ohlcv_proxy,,,,
2025-11-12,25300.0,2917654.0,0.0,0.0,-0.0,-0.1,-0.051013,0.1,ohlcv_proxy,,,,
2025-11-13,26000.0,1958915.0,0.0,0.0,0.0,-0.2,-0.061315,0.1,ohlcv_proxy,,,,
2025-11-14,24500.0,2140611.0,0.0,0.0,-0.0,-0.2,-0.078491,0.1,ohlcv_proxy,,,,
2025-11-17,26000.0,2312911.0,0.0,0.0,0.0,-0.2,-0.061513,0.1,ohlcv_proxy,,,,
2025-11-18,25900.0,3087794.0,0.0,0.0,0.0,-0.2,-0.048437,0.1,ohlcv_proxy,,,,
2025-11-19,25350.0,1759890.0,0.0,0.0,-0.0,-0.1,-0.04661,0.1,ohlcv_proxy,,,,
2025-11-20,24750.0,2267951.0,0.0,0.0,-0.0,-0.1,-0.053073,0.1,ohlcv_proxy,,,,
2025-11-21,22600.0,2338648.0,0.0,0.0,-0.0,-0.1,-0.061528,0.1,ohlcv_proxy,,,,
2025-11-24,23400.0,1264558.0,0.0,0.0,-0.0,0.0,-0.075546,0.0,ohlcv_proxy,,,,
2025-11-25,24900.0,2213567.0,0.0,0.0,-0.0,0.0,-0.086758,0.0,ohlcv_proxy,,,,
2025-11-26,24100.0,1783944.0,0.0,0.0,-0.0,0.0,-0.090896,0.0,ohlcv_proxy,,,,
2025-11-27,25500.0,2459709.0,0.0,0.0,0.0,0.0,-0.063743,0.0,ohlcv_proxy,,,,
2025-11-28,25700.0,1101870.0,0.0,0.0,0.0,0.0,-0.035566,0.0,ohlcv_proxy,,,,
2025-12-01,25300.0,1191719.0,0.0,0.0,0.0,0.0,-0.01959,0.0,ohlcv_proxy,,,,
2025-12-02,25250.0,864612.0,0.0,0.0,0.0,0.0,-0.012599,0.0,ohlcv_proxy,,,,
2025-12-03,25400.0,1386193.0,0.0,0.0,0.0,0.0,0.008395,0.0,ohlcv_proxy,,,,
2025-12-04,24400.0,1318781.0,0.0,0.0,-0.0,0.0,0.005231,0.0,ohlcv_proxy,,,,
2025-12-05,25300.0,1085032.0,0.0,0.0,0.0,0.0,0.009508,0.0,ohlcv_proxy,,,,
2025-12-08,25100.0,767442.0,0.0,0.0,0.0,0.0,0.003773,0.0,ohlcv_proxy,,,,
2025-12-09,24900.0,613848.0,0.0,0.0,-0.0,0.0,0.000666,0.0,ohlcv_proxy,,,,
2025-12-10,25250.0,1696956.0,0.0,0.0,0.0,0.0,0.000202,0.0,ohlcv_proxy,,,,
2025-12-11,24500.0,1116993.0,0.0,0.0,-0.0,0.0,0.005058,0.0,ohlcv_proxy,,,,
2025-12-12,24650.0,2061516.0,0.0,0.0,-0.0,0.0,-0.002323,0.0,ohlcv_proxy,,,,
2025-12-15,24000.0,804713.0,0.0,0.0,-0.0,0.0,-0.003766,0.0,ohlcv_proxy,,,,
2025-12-16,22900.0,1021823.0,0.0,0.0,-0.0,0.0,-0.008359,0.0,ohlcv_proxy,,,,
2025-12-17,24450.0,1291763.0,0.0,0.0,-0.0,0.0,-0.015069,0.0,ohlcv_proxy,,,,
2025-12-18,24350.0,1634521.0,0.0,0.0,-0.0,0.0,-0.014569,0.0,ohlcv_proxy,,,,
2025-12-19,23350.0,1412243.0,0.0,0.0,-0.0,0.0,-0.032798,0.0,ohlcv_proxy,,,,
2025-12-22,25450.0,2541217.0,0.0,0.0,0.0,0.1,-0.017653,0.0,ohlcv_proxy,,,,
2025-12-23,24500.0,1258423.0,0.0,0.0,-0.0,0.1,-0.008493,0.0,ohlcv_proxy,,,,
2025-12-24,24050.0,718802.0,0.0,0.0,-0.0,0.1,-0.010721,0.0,ohlcv_proxy,,,,
2025-12-26,25100.0,1880976.0,0.0,0.0,0.0,0.1,-0.001853,0.0,ohlcv_proxy,,,,
2025-12-29,25200.0,1246303.0,0.0,0.0,0.0,0.1,0.012286,0.0,ohlcv_proxy,,,,
2025-12-30,25750.0,3760979.0,0.0,0.0,0.0,0.2,0.015195,0.0,ohlcv_proxy,,,,
2026-01-02,26650.0,2224091.0,0.0,0.0,0.0,0.2,0.026849,0.0,ohlcv_proxy,,,,
2026-01-05,27450.0,2363556.0,0.0,0.0,0.0,0.3,0.038683,0.0,ohlcv_proxy,,,,
2026-01-06,28900.0,2491885.0,0.0,0.0,0.0,0.4,0.054254,0.0,ohlcv_proxy,,,,
2026-01-07,27450.0,2307096.0,0.0,0.0,0.0,0.4,0.058597,0.0,ohlcv_proxy,,,,
2026-01-08,27500.0,1467511.0,0.0,0.0,0.0,0.3,0.075081,0.0,ohlcv_proxy,,,,
2026-01-09,27000.0,1187323.0,0.0,0.0,0.0,0.3,0.078261,0.0,ohlcv_proxy,,,,
2026-01-12,26700.0,1091388.0,0.0,0.0,0.0,0.3,0.074073,0.0,ohlcv_proxy,,,,
2026-01-13,27500.0,1484627.0,0.0,0.0,0.0,0.3,0.052568,0.0,ohlcv_proxy,,,,
2026-01-14,28850.0,2283991.0,0.0,0.0,0.0,0.3,0.057943,0.0,ohlcv_proxy,,,,
2026-01-15,28500.0,1322963.0,0.0,0.0,0.0,0.2,0.059391,0.0,ohlcv_proxy,,,,
2026-01-16,27950.0,1093919.0,0.0,0.0,0.0,0.2,0.0592,0.0,ohlcv_proxy,,,,
2026-01-19,26950.0,1151901.0,0.0,0.0,0.0,0.1,0.056645,0.0,ohlcv_proxy,,,,
2026-01-20,26000.0,1106050.0,0.0,0.0,-0.0,0.0,0.045432,0.0,ohlcv_proxy,,,,
2026-01-21,25950.0,960679.0,0.0,0.0,-0.0,0.0,0.013826,0.0,ohlcv_proxy,,,,
2026-01-22,25600.0,1019370.0,0.0,0.0,-0.0,0.0,-0.012223,0.0,ohlcv_proxy,,,,
2026-01-23,25850.0,811584.0,0.0,0.0,-0.0,0.0,-0.030196,0.0,ohlcv_proxy,,,,
2026-01-26,28250.0,2285799.0,0.0,0.0,0.0,0.0,-0.012158,0.0,ohlcv_proxy,,,,
2026-01-27,33450.0,13238918.0,0.0,0.0,1e-06,0.1,0.089636,0.0,ohlcv_proxy,,,,
2026-01-28,36250.0,5959096.0,0.0,0.0,1e-06,0.2,0.101785,0.0,ohlcv_proxy,,,,
2026-01-29,36750.0,4706866.0,0.0,0.0,1e-06,0.3,0.09809,0.0,ohlcv_proxy,,,,
2026-01-30,37750.0,3312608.0,0.0,0.0,1e-06,0.3,0.096978,0.0,ohlcv_proxy,,,,
2026-02-02,36350.0,2093346.0,0.0,0.0,1e-06,0.3,0.103201,0.0,ohlcv_proxy,,,,
2026-02-03,36950.0,2188247.0,0.0,0.0,1e-06,0.3,0.137359,0.0,ohlcv_proxy,,,,
2026-02-04,36050.0,1481769.0,0.0,0.0,1e-06,0.3,0.130023,0.0,ohlcv_proxy,,,,
2026-02-05,34150.0,1169764.0,0.0,0.0,0.0,0.3,0.115996,0.0,ohlcv_proxy,,,,
2026-02-06,33150.0,1254668.0,0.0,0.0,0.0,0.3,0.081175,0.0,ohlcv_proxy,,,,
2026-02-09,35100.0,1081189.0,0.0,0.0,0.0,0.3,0.066559,0.0,ohlcv_proxy,,,,
2026-02-10,34050.0,691593.0,0.0,0.0,0.0,0.2,0.037573,0.0,ohlcv_proxy,,,,
2026-02-11,33650.0,790507.0,0.0,0.0,0.0,0.1,0.013421,0.0,ohlcv_proxy,,,,
2026-02-12,34800.0,1781202.0,0.0,0.0,0.0,0.0,0.014448,0.0,ohlcv_proxy,,,,
2026-02-13,33100.0,1466056.0,0.0,0.0,0.0,0.0,0.009583,0.0,ohlcv_proxy,,,,
2026-02-19,34700.0,2518292.0,0.0,0.0,0.0,0.0,0.004866,0.0,ohlcv_proxy,,,,
2026-02-20,34850.0,1405796.0,0.0,0.0,0.0,0.0,0.002677,0.0,ohlcv_proxy,,,,
2026-02-23,33850.0,1606960.0,-136646.0,-261200.0,-0.1625429382187484,-0.0850338527405784,-0.3526999999999999,0.458,,14.73,,,
2026-02-24,35600.0,2532567.0,46037.0,392219.0,0.1548701376903355,0.0181779988446505,-0.3468,0.0,,15.32,,,
2026-02-25,34650.0,1729241.0,8447.0,-532351.0,-0.3078524046098838,0.0048848020605572,-0.3548,0.442,,14.52,,,
2026-02-26,37150.0,4193515.0,259421.0,331052.0,0.0789437977448512,0.0618624232892931,-0.3498,0.0,,15.02,,,
2026-02-27,36200.0,1828881.0,165742.0,-267850.0,-0.1464556742620214,0.0906248137522342,-0.3538,0.384,,14.62,,,
2026-03-03,34050.0,3263892.0,75874.0,63675.0,0.0195089175744785,0.0232464799693127,-0.3529,0.602,,14.71,,,
2026-03-04,30200.0,3182350.0,66213.0,276499.0,0.0868851634798183,0.0208063223718321,-0.3488,0.56,,15.12,,,
2026-03-05,35000.0,2743871.0,160075.0,404901.0,0.1475656107739759,0.0583391128810355,-0.3425,0.0,,15.75,,,
2026-03-06,36150.0,1878043.0,119348.0,-14302.0,-0.0076153740888786,0.0635491306642073,-0.3426999999999999,0.0,,15.73,,,
2026-03-09,31950.0,1821062.0,4660.0,-318529.0,-0.1749138689402118,0.0025589463730504,-0.3475999999999999,0.353,,15.24,,,
2026-03-10,34150.0,1530065.0,52394.0,54045.0,0.0353220288026979,0.0342429896769091,-0.3468,0.0,,15.32,,,
2026-03-11,32200.0,2069393.0,-265928.0,-468809.0,-0.2265442088573799,-0.1285053153267649,-0.3539,0.515,,14.61,,,
2026-03-12,31400.0,1490989.0,-180099.0,-63263.0,-0.0424302258433831,-0.1207916356190421,-0.3548,0.424,,14.52,,,
2026-03-13,31650.0,1053768.0,99966.0,-101529.0,-0.0963485321247181,0.0948652834399981,-0.3559,0.0,,14.41,,,
2026-03-16,32050.0,1135258.0,-57695.0,69391.0,0.0611235507699571,-0.050821046845739,-0.3547,0.0,,14.53,,,
2026-03-17,31250.0,1412099.0,-64836.0,-252004.0,-0.1784605753562604,-0.0459146277987591,-0.3568,0.493,,14.32,,,
2026-03-18,34050.0,2795632.0,37573.0,692306.0,0.2476384588529534,0.013439894807328,-0.3467,0.0,,15.33,,,
2026-03-19,33500.0,1620835.0,445.0,-149177.0,-0.0920371290106642,0.0002745498462212,-0.3498,0.505,,15.02,,,
2026-03-20,34750.0,1768323.0,55005.0,26814.0,0.0151635193344202,0.0311057425594758,-0.3493,0.0,,15.07,,,
2026-03-23,32650.0,1344675.0,8803.0,4154.0,0.0030892223027869,0.0065465632959637,-0.3493,0.376,,15.07,,,
2026-03-24,32650.0,1238728.0,19805.0,-172920.0,-0.1395948101600997,0.0159881749665786,-0.3518,0.0,,14.82,,,
2026-03-25,36200.0,3043921.0,57017.0,698489.0,0.2294701472212978,0.0187314322546478,-0.3414,0.0,,15.86,,,
2026-03-26,32600.0,2100388.0,-61521.0,-493709.0,-0.2350560943977969,-0.0292903025536234,-0.3493,0.553,,15.07,,,
2026-03-27,31100.0,2076869.0,-39319.0,-553978.0,-0.2667370931917227,-0.0189318632999962,-0.3576,0.53,,14.24,,,
2026-03-30,29300.0,1000079.0,-52324.0,-24391.0,-0.0243890732632122,-0.0523198667305282,-0.3578,0.264,,14.22,,,
2026-03-31,27800.0,1138242.0,39621.0,106966.0,0.093974743507971,0.0348089422108831,-0.3561999999999999,0.304,,14.38,,,
2026-04-01,30450.0,1075691.0,110370.0,-59837.0,-0.05562656934008,0.1026038146642483,-0.357,0.0,,14.3,,,
2026-04-02,28650.0,1348218.0,-192152.0,247974.0,0.1839272283859138,-0.1425229451023499,-0.3529,0.507,,14.71,,,
2026-04-03,28900.0,658840.0,-29555.0,-99120.0,-0.1504462388440289,-0.0448591463784833,-0.3546,0.0,,14.54,,,
2026-04-06,28900.0,771500.0,-132015.0,26105.0,0.0338366817887232,-0.1711147116007777,-0.3542,0.0,,14.58,,,
2026-04-07,28850.0,1103393.0,-89117.0,44006.0,0.0398824353607463,-0.0807663271382,-0.3549,0.0,,14.51,,,
2026-04-08,31100.0,1646956.0,-174094.0,190435.0,0.1156284685201061,-0.1057065276789422,-0.352,0.0,,14.8,,,
2026-04-09,29800.0,867346.0,-189126.0,-62550.0,-0.0721165486437938,-0.2180513889497386,-0.3534,0.43,,14.66,,,
2026-04-10,31000.0,2077964.0,-66831.0,-166252.0,-0.0800071608555297,-0.0321617698862925,-0.3561999999999999,0.0,,14.38,,,
2026-04-13,31600.0,1189711.0,-62691.0,35183.0,0.0295727281667564,-0.0526943097945635,-0.3556,0.0,,14.44,,,
2026-04-14,33000.0,2009572.0,-15164.0,316131.0,0.157312601887367,-0.0075458853925114,-0.3507,0.0,,14.93,,,
2026-04-15,33350.0,1628663.0,-72802.0,65736.0,0.0403619410522618,-0.0447004690350305,-0.3485,0.0,,15.15,,,
2026-04-16,34650.0,1892669.0,-72425.0,297768.0,0.1573270339399018,-0.0382660676536679,-0.3440999999999999,0.0,,15.59,,,
2026-04-17,36050.0,2814842.0,66023.0,545428.0,0.1937686022874463,0.0234553129447407,-0.3359,0.0,,16.41,,,
2026-04-20,38700.0,6946822.0,108307.0,773866.0,0.111398564696202,0.0155908701849565,-0.3242,0.0,,17.58,,,
2026-04-21,38050.0,2753448.0,7865.0,-46467.0,-0.0168759315592667,0.0028564185704614,-0.3246,0.429,,17.54,,,
2026-04-22,39900.0,3810516.0,-4177.0,347325.0,0.091149072724009,-0.0010961770007001,-0.3201,0.0,,17.99,,,
2026-04-23,38000.0,2621098.0,52072.0,-72956.0,-0.0278341366862284,0.0198664834355678,-0.3218,0.346,,17.82,,,
2026-04-24,40300.0,4362821.0,10502.0,625910.0,0.1434645152757814,0.002407158120858,-0.3124,0.0,,18.76,,,
2026-04-27,40700.0,2365901.0,-25810.0,-198741.0,-0.0840022469241105,-0.0109091631475704,-0.3154,0.0,,18.46,,,
2026-04-28,39800.0,1368754.0,-164520.0,182520.0,0.133347555513993,-0.1201969090135992,-0.3137999999999999,0.236,,18.62,,,
2026-04-29,40150.0,1336667.0,46230.0,66166.0,0.0495007357853526,0.0345860262877739,-0.3137,0.0,,18.63,,,
2026-04-30,39700.0,1271190.0,-42295.0,157378.0,0.1238036800163626,-0.0332719735051408,-0.3112999999999999,0.297,,18.87,,,
2026-05-04,42050.0,3567618.0,18104.0,552536.0,0.1548753257775916,0.0050745343251435,-0.303,0.0,,19.7,,,
2026-05-06,43500.0,2377229.0,-103309.0,41563.0,0.0174838015184906,-0.0434577400830967,-0.3013,0.0,,19.87,,,
2026-05-07,42450.0,1497620.0,-28624.0,-3308.0,-0.0022088380229964,-0.019112992614949,-0.3014,0.372,,19.86,,,
2026-05-08,42800.0,1047144.0,38649.0,86307.0,0.0824213288716738,0.036908963810135,-0.3025,0.0,,19.75,,,
2026-05-11,43150.0,2418328.0,15861.0,-161437.0,-0.0667556262012431,0.0065586636717599,-0.305,0.0,,19.5,,,
2026-05-12,41400.0,1958335.0,31023.0,423146.0,0.2160743692984091,0.0158415184327502,-0.2987,0.526,,20.13,,,
2026-05-13,43750.0,1787035.0,72433.0,80781.0,0.045203927175461,0.0405325021614014,-0.2978,0.0,,20.22,,,
2026-05-14,44600.0,2231524.0,138980.0,-326325.0,-0.1462341431237127,0.0622803070905802,-0.3026999999999999,0.0,,19.73,,,
2026-05-15,52900.0,13222883.0,32048.0,1781097.0,0.1346980836176195,0.002423677196569,-0.2775,0.0,,22.25,,,
2026-05-18,48950.0,3984680.0,-475.0,-108010.0,-0.0271063171948563,-0.0001192065611291,-0.2786,0.43,,22.14,,,
2026-05-19,47550.0,2353950.0,105488.0,11582.0,0.0049202404469083,0.044813186346354,-0.2783,0.25,,22.17,,,
2026-05-20,47200.0,2544883.0,59309.0,-64230.0,-0.0252388813159583,0.0233051971347995,-0.2764,0.0,,22.36,,,
2026-05-21,54500.0,6184634.0,126738.0,475936.0,0.0769545942411466,0.0204924010054596,-0.2688,0.0,,23.12,,,
2026-05-22,51700.0,1615080.0,0.0,0.0,0.0,0.2,0.08634,0.0,ohlcv_proxy,,,,
2026-05-26,51400.0,1351721.0,0.0,0.0,0.0,0.2,0.087008,0.0,ohlcv_proxy,,,,
2026-05-27,47000.0,1893356.0,0.0,0.0,0.0,0.2,0.075771,0.0,ohlcv_proxy,,,,
2026-05-28,43500.0,1799348.0,0.0,0.0,-0.0,0.2,0.066429,0.0,ohlcv_proxy,,,,
2026-05-29,40450.0,1612060.0,0.0,0.0,-0.0,0.2,-0.028585,0.0,ohlcv_proxy,,,,
2026-06-01,40200.0,1353278.0,0.0,0.0,-0.0,0.1,-0.072543,0.0,ohlcv_proxy,,,,
2026-06-02,41400.0,1261893.0,0.0,0.0,-0.0,0.1,-0.104634,0.0,ohlcv_proxy,,,,
2026-06-04,45400.0,1880792.0,0.0,0.0,0.0,0.1,-0.11813,0.0,ohlcv_proxy,,,,
2026-06-05,41850.0,1000556.0,0.0,0.0,-0.0,0.1,-0.127066,0.0,ohlcv_proxy,,,,
2026-06-08,37700.0,918639.0,0.0,0.0,-0.0,0.0,-0.13123,0.0,ohlcv_proxy,,,,
2026-06-09,43250.0,2367682.0,0.0,0.0,0.0,0.0,-0.113663,0.0,ohlcv_proxy,,,,
2026-06-10,42350.0,2250385.0,0.0,0.0,-0.0,0.0,-0.110988,0.0,ohlcv_proxy,,,,
2026-06-11,47950.0,4339824.0,0.0,0.0,0.0,0.1,-0.081496,0.0,ohlcv_proxy,,,,
2026-06-12,48950.0,3975565.0,0.0,0.0,0.0,0.1,-0.05397,0.0,ohlcv_proxy,,,,
2026-06-15,50900.0,2060109.0,0.0,0.0,0.0,0.1,-0.034028,0.0,ohlcv_proxy,,,,
2026-06-16,50100.0,2633341.0,0.0,0.0,0.0,0.1,0.011653,0.0,ohlcv_proxy,,,,
2026-06-17,50700.0,2488343.0,0.0,0.0,0.0,0.1,0.03684,0.0,ohlcv_proxy,,,,
2026-06-18,51600.0,1864707.0,0.0,0.0,0.0,0.1,0.049926,0.0,ohlcv_proxy,,,,
2026-06-19,49000.0,2250615.0,0.0,0.0,0.0,0.1,0.052076,0.0,ohlcv_proxy,,,,
2026-06-22,56800.0,7277423.0,0.0,0.0,0.0,0.2,0.097724,0.0,ohlcv_proxy,,,,
2026-06-23,49650.0,2948351.0,0.0,0.0,0.0,0.2,0.095714,0.0,ohlcv_proxy,,,,
2026-06-24,48250.0,2139400.0,0.0,0.0,0.0,0.2,0.092202,0.0,ohlcv_proxy,,,,
2026-06-25,48600.0,2547317.0,0.0,0.0,0.0,0.1,0.080558,0.0,ohlcv_proxy,,,,
2026-06-26,48600.0,2516352.0,0.0,0.0,0.0,0.1,0.07416,0.0,ohlcv_proxy,,,,
2026-06-29,49400.0,1688030.0,0.0,0.0,0.0,0.1,0.0013,0.0,ohlcv_proxy,,,,
2026-06-30,49850.0,1699498.0,0.0,0.0,0.0,0.1,-0.005272,0.0,ohlcv_proxy,,,,
2026-07-01,51300.0,3206151.0,0.0,0.0,0.0,0.1,0.004102,0.0,ohlcv_proxy,,,,
2026-07-02,42500.0,2529523.0,0.0,0.0,-0.0,0.1,-0.018932,0.0,ohlcv_proxy,,,,
2026-07-03,41050.0,1877908.0,0.0,0.0,-0.0,0.1,-0.042535,0.0,ohlcv_proxy,,,,
