date,title,sentiment_score,positive_count,negative_count,source
2026-03-23,"[주간수급리포트] 상승장엔 ‘기관’, 하락장엔 ‘개미’가 샀다⋯외인...",0.0,1,1,https://www.etoday.co.kr/news/view/2567754
2026-03-23,마이너스 종목만 쏙쏙 골라 담은 개미들 ‘눈물’...중동 전쟁 투자 성...,0.604,2,0,https://www.sedaily.com/article/20022581?ref=naver
2026-03-23,두산에너빌리티 주가 11만원선 안착 여부 시험대…외인 3일 연속 '줍줍',0.537,2,0,https://www.cbci.co.kr/news/articleView.html?idxno=562463
2026-03-22,"해상풍력 핵심부품,국내에서 시험한다…15MW급 시험센터 구축 공모",0.0,0,0,https://zdnet.co.kr/view/?no=20260322230518
2026-03-22,상장사 주주 '역대 최대'…삼성전자 1위,0.0,0,0,https://www.idaegu.co.kr/news/articleView.html?idxno=542505
2026-03-22,중동전쟁 후 삼성전자·하이닉스 담았지만⋯개인 투자자 '울상',0.408,1,0,http://www.inews24.com/view/1951967
2026-03-22,중동사태 이후 국내 증시 외국인 ‘선방’ 개미 ‘울상’,0.0,0,0,https://www.segye.com/newsView/20260322509378?OutUrl=naver
2026-03-22,유가 변동성 장세에 정책 모멘텀까지… '원자력 ETF' 강세,0.322,1,0,https://www.asiatoday.co.kr/view.php?key=20260323010006555
2026-03-22,미장·코인서 빠진 개미들 '국장으로'… 코스피 6000 탈환 주목,-0.322,0,1,https://www.hankookilbo.com/news/article/A2026032213470001157?did=NA
2026-03-22,중동 불안에 막힌 코스피 6000…개인·기관 '버티기',0.0,0,0,https://www.bloter.net/news/articleView.html?idxno=657288
2026-03-22,중동 리스크 투자 대응법이 가른 운명…외국인 웃고 개인 울었다,0.0,0,0,https://www.mk.co.kr/article/11994766
2026-03-22,기관 'SK하이닉스'·외인 '두산에너빌리티'·개인 '현대차' 1위 [주간 코...,0.0,0,0,http://www.fntimes.com/html/view.php?ud=202603202112452392179ad43907_18
2026-03-22,"두산에너빌리티, 감사의견 '적정' 공시…매출 증가 흐름 확인,월요일 성...",0.682,2,0,https://www.cbci.co.kr/news/articleView.html?idxno=562442
2026-03-22,내 계좌 털어간 중동전쟁…개미들 물릴 때 외국인 느긋했던 이유는?,0.261,1,0,https://www.mk.co.kr/article/11994713
2026-03-22,"전쟁이 바꾼 증시 판도…자동차·철강 '쇼크', 방산·원전 '반사이익'",0.261,1,0,https://www.g-enews.com/view.php?ud=202603220935582142edf69f862c_1
2026-03-22,"개미는 삼성전자·SK하이닉스 ‘물리고’, 외인은 ‘원전주’로 웃었다",0.408,1,0,https://www.viva100.com/article/20260322500236
2026-03-22,"중동 리스크에 갈린 성적표…외국인은 선방, 개인은 ‘지수 밑돌아’ [...",0.604,2,0,https://www.sedaily.com/article/20022368?ref=naver
2026-03-22,중동 전쟁 이후 외국인 수익률 방어…개인은 부진,0.408,1,0,https://www.sentv.co.kr/article/view/sentv202603220010
2026-03-22,전쟁 공포 뚫고 22조원어치 사들였는데… 개미 10개 중 8개 마이너스,0.261,1,0,https://biz.chosun.com/stock/market_trend/2026/03/22/HFOALGBLLBEH7F3CE2APXRVQIU/?utm_source=naver&utm_medium=original&utm_campaign=biz
2026-03-22,중동 전쟁 이후 투자 성적표…외국인 선방·개인은 '울상',0.408,1,0,https://news.sbs.co.kr/news/endPage.do?news_id=N1008486913&plink=ORI&cooper=NAVER
2026-03-22,개미 담은 종목 10개 중 8개 ‘마이너스’… 코스피보다 더 깨졌다,0.408,1,0,https://www.dt.co.kr/article/12052966?ref=naver
2026-03-22,"중동 불안, 개인 투자자에 직격탄... 삼성전자·SK하이닉스 급락",-0.229,1,1,https://www.tokenpost.kr/news/market/342006
2026-03-22,외인 웃고 개미만 물렸다…중동 전쟁 뒤 엇갈린 ‘투자 성적표’,0.604,2,0,https://biz.heraldcorp.com/article/10699719?ref=naver
2026-03-22,중동 전쟁 이후 22조사들였지만…개미 수익률 -9.4%,0.0,0,0,http://www.metroseoul.co.kr/article/20260322500032
2026-03-22,"[코스피·코스닥지수] 트럼프, 결국 확전 택할까…미국 지상군 이란 투...",0.0,0,0,https://www.lecturernews.com/news/articleView.html?idxno=199131
2026-03-22,부수는 데만 12년?…짓는 만큼 오래 걸리는 원전 해체[디깅에너지],0.0,0,0,https://view.asiae.co.kr/article/2026032123140424851
2026-03-22,"""중동 불확실성"" 증시 요동…외국인 '방어' vs 개인 '추락'",0.604,2,0,https://www.youthdaily.co.kr/news/article.html?no=215909
2026-03-22,"""개미 몰린 종목 10개 중 8개 하락…왜 이런 일이""",0.408,2,1,https://www.kizmom.com/news/articleView.html?idxno=108595
2026-03-22,'전쟁 공포' 뚫고 들어갔는데…사는 족족 마이너스 '비명',0.261,1,0,http://www.wowtv.co.kr/NewsCenter/News/Read?articleId=A202603220030&t=NN
2026-03-22,"[마켓인사이트] 트럼프, 결국 확전 택할까…또다시 치솟는 변동성",0.0,0,0,https://www.yna.co.kr/view/AKR20260320176300008?input=1195m
2026-03-22,최초 국산 항공엔진 ‘첫 시동’ 코앞… 1만lbf급 엔진 개발도 첫발,0.0,0,0,https://biz.chosun.com/industry/company/2026/03/22/R5UR62UAONFX3NT43VKJEX6TZY/?utm_source=naver&utm_medium=original&utm_campaign=biz
2026-03-21,"두산에너빌리티, 미국서 스팀터빈 수주…AI 데이터센터 관련 수주 확대...",0.38,1,0,http://www.econonews.co.kr/news/articleView.html?idxno=431986
2026-03-21,"11조 원전 해체 시장 열린다… 한전KPS, 독보적 기술로 선점 예고",0.261,1,0,https://www.pinpointnews.co.kr/news/articleView.html?idxno=438764
2026-03-21,"LPG 넘어 LNG까지… E1, '친환경 종합 에너지 기업'으로 체질 개선 주목",-0.067,1,1,https://www.pinpointnews.co.kr/news/articleView.html?idxno=438750
2026-03-21,GS건설·대우건설 주가 신바람… 해수담수화 및 수처리 시장 선점 효과,0.261,1,0,https://www.pinpointnews.co.kr/news/articleView.html?idxno=438748
2026-03-21,"방사능 오염 걱정 끝...오르비텍, RI 폐기물 관리 시설 해체 순항",0.0,0,0,https://www.pinpointnews.co.kr/news/articleView.html?idxno=438745
2026-03-21,"""AI 전력난 해법, 대규모 풍력 단지에 있다""...태웅·유니슨 주가 폭등",0.261,1,0,https://www.pinpointnews.co.kr/news/articleView.html?idxno=438742
2026-03-21,"SNT에너지, 사우디 아람코 '장기 파트너' 굳히기… 중동 시장 잭팟",0.261,1,0,https://www.pinpointnews.co.kr/news/articleView.html?idxno=438734
2026-03-21,3월 20일 최근 5거래일 두산에너빌리티 주가 상승 마감,0.261,1,0,https://www.joongangenews.com/news/articleView.html?idxno=504625
2026-03-21,"[중화학ON]두산의 변신, 'SMR·수소·가스터빈' 앞세워 제2의 창업",0.0,0,0,https://view.asiae.co.kr/article/2026031917561792816
2026-03-21,[코스피 지수선물 옵션] 방산·조선 급락 이유?…선물시장에 답 있었다,-0.229,1,1,https://www.pinpointnews.co.kr/news/articleView.html?idxno=438694
2026-03-21,[주간 거래소 기관] 반도체는 사고 2차전지는 팔았다...SK하이닉스 SK스...,0.0,0,0,https://www.pinpointnews.co.kr/news/articleView.html?idxno=438687
2026-03-21,[주간 거래소 외국인] 두산에너빌리티 이수페타시스 담고 현대차 SK하이...,0.0,0,0,https://www.pinpointnews.co.kr/news/articleView.html?idxno=438685
2026-03-21,"전력설비 관련주, '봄날의햇살' 지투파워·비츠로시스·비츠로테크·두...",0.261,1,0,http://www.finomy.com/news/articleView.html?idxno=251796
2026-03-21,"원자력발전 관련주, '덩실덩실' 에이프로젠·오르비텍·대우건설·보성...",0.261,1,0,http://www.finomy.com/news/articleView.html?idxno=251795
2026-03-21,"두산에너빌리티 주가 11만빌리티 장중 회복, 52주 신고가도 경신…새주...",0.462,1,0,https://www.cbci.co.kr/news/articleView.html?idxno=562220
2026-03-24,3월 외국인 20조 '매도 폭탄'에도 지분율은 그대로?…사들인 개미의 수...,0.0,0,0,https://www.etoday.co.kr/news/view/2568326
2026-03-24,[단독] “공사비 깎아라” 한수원 압박에 팀코리아 파열음…체코 원전 ...,0.0,0,0,https://www.joongang.co.kr/article/25414206
2026-03-24,우리기술 주가 7% 털썩…장세 '급락' 속 원전주들 전반적 하락하기도,-0.8,0,3,https://www.cbci.co.kr/news/articleView.html?idxno=562619
2026-03-24,"두산에너빌리티, 코스피 급락속 약세 면치 못했나…주가 9% 털썩, '10만빌...",-0.682,0,2,https://www.cbci.co.kr/news/articleView.html?idxno=562591
2026-03-23,"코스피, 외인과 기관 매도에 하락 마감...SK스퀘어, 두산에너빌리티, SK...",-0.604,0,2,http://www.econonews.co.kr/news/articleView.html?idxno=432314
2026-03-23,"트럼프 ""이란 공격 유예""...코스피, 애프터마켓 폐장 직후 발표",0.0,0,0,http://www.opinionnews.co.kr/news/articleView.html?idxno=135476
2026-03-23,"""해상풍력 핵심부품, 이제 국내에서 시험한다""",0.0,0,0,http://www.energydaily.co.kr/news/articleView.html?idxno=165586
2026-03-23,협력사와 함께 큰다… 두에빌 'K가스터빈 질주'로 증명,0.0,0,0,http://www.fnnews.com/news/202603231823098491
2026-03-23,"살짝만 흔들어도 '출렁'…이달 벌써 매도 사이드카 4번, 다음은?",-0.261,0,1,https://www.mt.co.kr/stock/2026/03/23/2026032316082032895
2026-03-23,"코스피 6%대 급락 5400선 마감, 원/달러 환율 1517.3원까지 올라",-0.645,0,2,https://www.businesspost.co.kr/BP?command=article_view&num=433771
2026-03-23,['클릭' 증시] 글로벌 자본 시장 트럼프 폭탄 발언에 초토화,0.0,0,0,http://www.00news.co.kr/news/articleView.html?idxno=102769
2026-03-23,"'중동發 공포' 환율 1517원…코스피 6% 급락, 5400 '위협'(종합2보)",-0.462,0,1,https://www.news1.kr/finance/general-stock/6111109
2026-03-23,코스피 5400선 붕괴…중동 지정학 불안·환율 급등에 6% 폭락,-0.513,1,2,http://www.ftoday.co.kr/news/articleView.html?idxno=356786
2026-03-23,[2025실적] 두산家 형제 연봉 세배 격차…박정원 181억·박지원 61억,0.0,0,0,http://www.4th.kr/news/articleView.html?idxno=2109419
2026-03-23,"두산그룹 ETF 나온다…우리운용, 31일 출시",0.0,0,0,https://www.hankyung.com/article/2026032306791
2026-03-23,"[오늘증시] 코스피, 6% 급락해 5400선 마감…환율 1510원 돌파",-0.229,1,1,https://www.sidae.com/article/2026032316115516730
2026-03-23,"국내 기업들, 해외 SMR 기업 보유지분 잇단 매각",0.261,1,0,https://www.hankyung.com/article/2026032307311
2026-03-23,"[마감시황] 코스피, 5400선 턱걸이",-0.261,0,1,http://www.hansbiz.co.kr/news/articleView.html?idxno=826697
2026-03-23,'중동발 공포'에 환율 치솟고 주가 급락…코스피 5400선 겨우 사수 [HK영...,-0.645,0,2,https://www.hankyung.com/article/202603230648i
2026-03-23,"금융시장, 트럼프발 '블랙먼데이'···코스피 5500 '붕괴'·환율 1510원 ...",0.0,0,0,https://www.seoulfn.com/news/articleView.html?idxno=624339
2026-03-23,[코스피 지수선물 옵션] 선물이 먼저 무너졌다…현물시장도 따라갈까,0.625,3,1,https://www.pinpointnews.co.kr/news/articleView.html?idxno=439221
2026-03-23,신규 반도체 펩 지방 배치…지역인재 양성과 산업 연계로 지방소멸 막을...,0.0,0,0,https://www.idomin.com/news/articleView.html?idxno=2001838
2026-03-23,1517원으로 치솟은 환율…증시는 6%대 급락,-0.462,0,1,https://www.sisajournal.com/news/articleView.html?idxno=366769
2026-03-23,이란 확전 공포에 증시·환율 '패닉'…비중확대 기회 vs 관망(종합),-0.645,0,2,http://www.edaily.co.kr/news/newspath.asp?newsid=04057366645386272
2026-03-23,유가發 경기 침체 우려에...코스피 6% '폭락',-0.682,1,2,https://www.ntoday.co.kr/news/articleView.html?idxno=126078
2026-03-23,트럼프 '최후통첩'에 외인 3.7조 팔았다…'위험 자산' 코스피 처분,0.0,0,0,https://www.news1.kr/finance/market-exr/6110883
2026-03-23,중동 리스크 심화에 또 ‘검은 월요일’…5400선 밀려난 코스피,-0.261,0,1,https://www.kukinews.com/article/view/kuk202603230177
2026-03-23,"트럼프 최후 통첩… 코스피 6% 급락장, 개인 7조 순매수",-0.462,0,1,https://it.chosun.com/news/articleView.html?idxno=2023092159066
2026-03-23,"트럼프 최후 통첩에 '검은 월요일'…코스피, 6.5% 급락 마감",-0.8,0,3,https://www.ddaily.co.kr/page/view/2026032316232111913
2026-03-23,트럼프 최후통첩에 코스피 '날벼락',-0.261,0,1,http://www.newstomato.com/ReadNews.aspx?no=1295201&inflow=N
2026-03-23,외국인 증시 자금 재배치···반도체서 조선·원전·바이오로 이동,0.0,0,0,https://www.seoulfn.com/news/articleView.html?idxno=624328
2026-03-23,"코스피, 중동 전쟁 확전 우려 6.49% 하락 마감-삼전·SK하닉도 7%↓",-0.261,0,1,http://www.techholic.co.kr/news/articleView.html?idxno=220467
2026-03-23,"코스피, 중동 리스크에 6% 급락…‘강심장 개미’ 7조 샀다",-0.682,0,2,https://www.mk.co.kr/article/11995773
2026-03-23,"[오늘증시]중동 불확실성에 코스피 6% 급락 ""5405선 마감""…기관·외국인...",-0.682,0,2,http://www.queen.co.kr/news/articleView.html?idxno=453580
2026-03-23,"‘검은 월요일’ 코스피, 5400선 겨우 지켜⋯개인 7조 '사자' VS 기관 4조...",-0.322,0,1,https://www.etoday.co.kr/news/view/2568306
2026-03-23,"'검은 월요일' 코스피, 중동 확전에 6.49% 폭락...환율 1517.3원 마감",-0.762,0,2,http://www.seoulwire.com/news/articleView.html?idxno=712744
2026-03-23,"(마감시황) 코스피, 중동 전운에 ‘검은 월요일’… 5,400선 턱걸이 추락",0.0,0,0,https://www.news2day.co.kr/article/20260323500152
2026-03-23,코스피 6%대 급락 '패닉셀'…환율 1517원·유가 100달러 '삼중 쇼크',-0.513,1,2,http://www.newsian.co.kr/news/articleView.html?idxno=87578
2026-03-23,코스피 6%대 급락·환율 1517원 돌파⋯트럼프 ‘이란 경고’에 반도체 쇼...,-0.682,1,3,https://www.viva100.com/article/20260323501278
2026-03-23,"코스피, 중동 전쟁 확전 우려에 '6%대 급락'…코스닥 5.56%↓",-0.645,0,2,http://www.newsprime.co.kr/news/article.html?no=727877
2026-03-23,중동 사태 장기화 우려...코스피 6.49% 급락,-0.682,0,2,https://www.straightnews.co.kr/news/articleView.html?idxno=298240
2026-03-23,[마감시황] '검은 월요일' 코스피 한때 5400선 붕괴…6%대 급락 마감,-0.462,0,1,https://www.ajunews.com/view/20260323151928549
2026-03-23,코스피 '대폭락' & 원화환율 '폭등'...K 금융시장 '패닉',-0.823,0,2,http://www.choicenews.co.kr/news/articleView.html?idxno=162691
2026-03-23,중동전쟁 장기화 우려에 코스피 6% 급락…5500선 붕괴,-0.682,0,2,https://www.dnews.co.kr/uhtml/view.jsp?idxno=202603231600522960282
2026-03-23,코스피 6.5% 폭락·환율 1517원·국채금리 폭등 … 복합 위기에 '검은 월...,-0.892,0,3,https://biz.newdaily.co.kr/site/data/html/2026/03/23/2026032300323.html
2026-03-23,[거래소 외국인] 삼성전자 또 팔았다…방산·금융으로 대이동,0.0,0,0,https://www.pinpointnews.co.kr/news/articleView.html?idxno=439190
2026-03-23,"고유가, 고환율, 고금리 우려에...코스피 5400선까지 밀려",-0.261,0,1,https://news.bizwatch.co.kr/article/market/2026/03/23/0030
2026-03-23,"코스피, 중동 긴장 고조에 급락…5400선 턱걸이 마감",-0.462,0,1,https://www.ziksir.com/news/articleView.html?idxno=128124
2026-03-23,"""중동발 쇼크·환율 1500원 직격탄""···코스피 6% 폭락, 5400선 겨우 사...",-0.732,0,2,https://www.smartbizn.com/news/articleView.html?idxno=140000
2026-03-23,"환율 1517.3원, 17년 만에 최고…코스피, 5405.75, 6.49% 급락",-0.645,0,2,http://www.seouleconews.com/news/articleView.html?idxno=90169
2026-03-23,"트럼프·중동 쇼크에…코스피, 6.49%↓ 급락마감",-0.645,0,2,https://view.asiae.co.kr/article/2026032316153373419
2026-03-23,"무섭게 던져도...""싸게 살 기회"" 겁없는 개미 '무려 7조' 폭풍매수",-0.261,0,1,https://www.mt.co.kr/stock/2026/03/24/2026032315281434718
2026-03-23,"두산, 맞춤 에너지 솔루션 진화 … 데이터센터에 안정적 전력공급",0.0,0,0,https://www.mk.co.kr/article/11995694
2026-03-23,코스피·코스닥 동반 급락… 환율 1517원까지 치솟아,-0.8,0,3,https://www.newsclaim.co.kr/news/articleView.html?idxno=3058697
2026-03-23,코스피 6%↓ 5400선 위태…'강심장 개미' 역대 최대 7조 순매수[시황종합...,0.0,0,0,https://www.news1.kr/finance/general-stock/6110849
2026-03-23,[거래소 기관] 한미반도체 삼양식품 한국콜마 사고 삼성전자 SK하이닉스...,0.0,0,0,https://www.pinpointnews.co.kr/news/articleView.html?idxno=439188
2026-03-23,1517원 환율 쇼크…코스피 6% 폭락,-0.823,0,2,https://www.mediapen.com/news/view/1088611
2026-03-23,[마감시황] 코스피 5405 하락...개미 7조 샀다,-0.537,0,2,https://www.newspim.com/news/view/20260323000959
2026-03-23,"중동 리스크 격화에 코스피, 6%대 폭락…환율도 1517원",-0.583,0,1,https://www.mydaily.co.kr/page/view/2026032316065683603
2026-03-23,"""돈 끌어다 투자했는데""…휘청이는 증시에 개미들 비명",-0.261,0,1,http://www.nongaek.com/news/articleView.html?idxno=94808
2026-03-23,"""AI에 생존 달렸다""… 미래 먹거리 찾아나선 韓기업",0.0,0,0,https://www.mk.co.kr/article/11995639
2026-03-23,코스피 6%·코스닥 5% 와르르…외인·기관 8조 팔았다,-0.261,0,1,https://www.ebn.co.kr/news/articleView.html?idxno=1703132
2026-03-23,"개인 7조 사상 최대 순매수에도...코스피, 6%대 급락 5400선 '턱걸이'[마...",-0.1,1,2,http://www.edaily.co.kr/news/newspath.asp?newsid=03778566645386272
2026-03-23,"[마감시황]코스피, 중동 전쟁 장기화 우려에…외인·기관 매도에 6%대 하...",-0.604,0,2,https://www.newsway.co.kr/news/view?ud=2026032315452145410
2026-03-23,"코스피, 6%대 폭락 5400 턱걸이…삼전·SK하닉도 7%↓",-0.583,1,2,https://www.dt.co.kr/article/12053287?ref=naver
2026-03-23,"7조 베팅한 개미, 내일 웃을까…코스피 6% 급락 마감 [시황]",-0.462,0,1,https://www.dailian.co.kr/news/view/1624471/?sc=Naver
2026-03-23,"코스피, 중동 전쟁 확전 공포에 6%대 급락…5400선 턱걸이(종합)",-0.462,0,1,https://www.newsis.com/view/NISX20260323_0003560138
2026-03-23,[시황] 코스피 폭락 환율 급등..또 검은 월요일,-0.462,1,2,http://www.4th.kr/news/articleView.html?idxno=2109415
2026-03-23,[마감시황] 코스피 6% 넘게 밀려…5400선 가까스로 사수,0.0,0,0,http://www.segyebiz.com/newsView/20260323513973?OutUrl=naver
2026-03-23,"한수원, 국산 수직모듈형 건식저장모델 공개...""2030년 가동 목표""",0.0,0,0,https://daily.hankooki.com/news/articleView.html?idxno=1350484
2026-03-23,"코스피, 6.49% 내린 5405.75 마감...톱99 모두 하락",-0.261,0,1,http://www.opinionnews.co.kr/news/articleView.html?idxno=135449
2026-03-23,"'검은 월요일' 맞은 코스피, 6.5% 급락...5400선까지 밀려",-0.462,1,2,http://www.metroseoul.co.kr/article/20260323500542
2026-03-23,‘검은 월요일’ 코스피 6.49% 급락 마감…환율 1517원 돌파,-0.462,1,2,http://www.beyondpost.co.kr/view.php?ud=202603231553422295be44c0aacd_30
2026-03-23,"코스피, 중동 리스크에 6%대 급락...5400선까지 밀려",-0.462,0,1,https://www.cstimes.com/news/articleView.html?idxno=698852
2026-03-23,전쟁 확전·장기화 공포에 코스피 급락 美금리 불안까지…SK하이닉스 7%...,-0.462,0,1,http://www.smedaily.co.kr/news/articleView.html?idxno=354232
2026-03-23,'검은 월요일' 코스피 6%대 급락…코스닥도 5% 넘게 하락,-0.8,0,3,https://www.digitaltoday.co.kr/news/articleView.html?idxno=644287
2026-03-23,"이란 전쟁에 미국과 원전 협력 속도, 현대건설·삼성물산 넘어 건설업계...",0.0,0,0,https://www.businesspost.co.kr/BP?command=article_view&num=433723
2026-03-23,"코스피, 6.5% 급락…환율 1517원 '17년 만 최고' [MTN 마감시황]",-0.682,0,2,https://news.mtn.co.kr/news-detail/2026032315460432925
2026-03-23,美·이란 '최후통첩'에…코스피 6%대 급락·환율 17년 만에 최고,-0.462,0,1,https://www.hankyung.com/article/2026032302416
2026-03-23,"'검은 월요일' 코스피 6%대 폭락…환율 1517원, 2009년 금융위기 이후 최...",-0.583,0,1,https://news.tf.co.kr/read/economy/2305236.htm
2026-03-23,코스피 6.49% 하락한 5405.75 마감...반도체·조선 주요업종 급락,-0.645,0,2,https://www.g-enews.com/view.php?ud=202603231534342731df2f5bc1bc_1
2026-03-23,[서울데이터랩]마감 직후 인기 검색 종목 20選,-0.261,0,1,https://www.seoul.co.kr/news/economy/securities/2026/03/23/20260323500189?wlog_tag3=naver
2026-03-23,두산에너빌리티 '입찰 족쇄' 풀렸다…원청 책임 기준 흔든 판결 승소,-0.462,0,1,https://www.megaeconomy.co.kr/news/newsview.php?ncode=1065594386417648
2026-03-23,"외인, 이달 코스피 순매도 20조 돌파...개인만 '사자'",0.261,1,0,http://www.opinionnews.co.kr/news/articleView.html?idxno=135445
2026-03-23,[티타임] 코스피 하락세 6% 육박한 '5442.91'…환율 1508원,-0.261,0,1,https://www.sidae.com/article/2026032313334971686
2026-03-23,"중동發 공포, 코스피 5%↓…기관 순매도 2년 만에 최대[장중시황]",0.0,0,0,https://www.news1.kr/finance/general-stock/6110638
2026-03-23,개인 5.7조 폭풍 매수에도 코스피 5%대 하락...코스닥도 4.7% ↓,-0.261,0,1,http://www.edaily.co.kr/news/newspath.asp?newsid=03384966645386272
2026-03-23,경남 해상풍력 메카되려면 민관합작 법인 절실,0.0,0,0,https://www.busan.com/view/busan/view.php?code=2026032310072523294
2026-03-23,"코스피, 주요국 증시 중 오를때도 1위, 하락할 때도 1위...오후 1시 50분...",-0.462,1,2,http://www.beyondpost.co.kr/view.php?ud=2026032313510785972aaae0046f_30
2026-03-23,"'두산 가스터빈, 더 큰 미래로'..박정원 회장 친필이 말하는 것[르포]",0.0,0,0,http://www.fnnews.com/news/202603230811231891
2026-03-23,K가스터빈 글로벌 질주에 '31년 국산화' 뚝심있었다[르포],0.0,0,0,http://www.fnnews.com/news/202603230803294312
2026-03-23,"이옥선 창원시장 예비후보 ""창원 4대 현안 해결하겠다""",0.0,0,0,https://view.asiae.co.kr/article/2026032313330141066
2026-03-23,"[중동 리스크] 코스피, 중동 위기에 3.48% 급락…'매도 사이드카' 발동",-0.645,0,2,https://www.ezyeconomy.com/news/articleView.html?idxno=233759
2026-03-23,[서울데이터랩]SK스퀘어 8.39% 하락하며 거래량 집중,-0.261,0,1,https://www.seoul.co.kr/news/economy/securities/2026/03/23/20260323500114?wlog_tag3=naver
2026-03-23,[위클리오늘] 23일 정오의 인기종목,-0.261,0,1,http://www.weeklytoday.com/news/articleView.html?idxno=766626
2026-03-23,美·이란 전쟁에 중동 긴장감 최고조…코스피 5%대 급락,-0.645,0,2,https://biz.chosun.com/stock/stock_general/2026/03/23/TCABE7N3RRESNEZSJGIVOSBKXA/?utm_source=naver&utm_medium=original&utm_campaign=biz
2026-03-23,"코스피, 트럼프 최후통첩에 '급락'...환율 1510원 돌파",-0.462,1,2,https://www.cstimes.com/news/articleView.html?idxno=698794
2026-03-23,"두산에너빌리티, 원전 입찰 족쇄 풀렸다…한수원에 최종 승소",-0.462,0,1,https://biz.sbs.co.kr/article_hub/20000299190?division=NAVER
2026-03-23,AI로 고장 예측하고 발전량 관리까지…글로벌 풍력시장 정조준 [그 회사...,0.0,0,0,https://biz.heraldcorp.com/article/10700440?ref=naver
2026-03-23,[단독] 두산에너빌리티 '공백 해소' 중국 원전 프로젝트 참여 자격 획득,0.0,0,0,https://www.theguru.co.kr/news/article.html?no=99546
2026-03-24,"현대건설 디에이치, 3월 하이엔드 주거 브랜드평판 1위",0.261,1,0,https://www.pinpointnews.co.kr/news/articleView.html?idxno=439289
2026-03-24,美발전설비 진출 시계 앞당긴 두산에너빌…확실한 입지 다지려면,0.0,0,0,https://news.bizwatch.co.kr/article/industry/2026/03/23/0043
2026-03-24,[Invest]원전(原電)의 '원'만 묻어도 치솟는 건설사 주가,0.0,0,0,https://www.investchosun.com/site/data/html_dir/2026/03/23/2026032380227.html
2026-03-24,"[단독] 체코 원전 첫삽도 뜨기전에…한수원 ""공사비 1조 깎자""",0.0,0,0,https://www.joongang.co.kr/article/25414206
2026-03-25,"외국인, 코스피서 22조 '셀코리아'…역대 최대 순매도 눈앞",0.0,0,0,http://www.newsroad.co.kr/news/articleView.html?idxno=56651
2026-03-25,"외국인 순매도는 '이란 전쟁' 때문일까?…""자금 이탈은 '고정값'"" 시각도",0.0,0,0,https://www.econovill.com/news/articleView.html?idxno=734642
2026-03-25,[알림] 2026 해외건설대상에 '두산에너빌리티' 선정,0.0,0,0,https://www.mt.co.kr/estate/2026/03/25/2026032317283319850
2026-03-25,개미 26조 순매수vs외인 22조 순매도…코스피 수급전쟁,0.0,0,0,https://www.munhwa.com/article/11577024?ref=naver
2026-03-25,두산에너빌리티 ‘가스터빈 특수’ 숨은 주인공은 中企,0.0,0,0,https://www.chosun.com/economy/smb-venture/2026/03/25/FG26KELZ7JEZXCNBMVKR4KUKFM/?utm_source=naver&utm_medium=referral&utm_campaign=naver-news
2026-03-25,두산에너빌리티 주가 변동폭 컸던 하루…수요일장 흐름도 '이목',0.0,0,0,https://www.cbci.co.kr/news/articleView.html?idxno=562889
2026-03-24,"[기업공시] 엘앤에프, 셀트리온, 대신증권, SK하이닉스, HD한국조선해양...",0.38,1,0,https://www.kdpress.co.kr/news/articleView.html?idxno=203623
2026-03-24,"코스피, 기관과 개인 매수에 상승 마감...LG에너지솔루션, SK스퀘어 상승...",0.261,1,0,http://www.econonews.co.kr/news/articleView.html?idxno=432454
2026-03-24,개미 26조 순매수 vs 외국인 22조 순매도…계속되는 코스피 ‘수급 전쟁...,0.0,0,0,https://biz.heraldcorp.com/article/10701836?ref=naver
2026-03-24,외국인 이달 코스피 22조 투매…역대 최대 순매도 눈앞,0.0,0,0,https://www.g-enews.com/view.php?ud=2026032421120379063d7a510102_1
2026-03-24,[헬로스톡] 3월 24일 주목할 종목: 두산에너빌리티·하이브·에스엘·엘...,0.261,1,0,https://www.hellot.net/news/article.html?no=111587
2026-03-24,"미-이란 대화 기대감에 코스피 2% 급등, 5,500선 회복",0.408,2,1,https://www.tokenpost.kr/news/market/342825
2026-03-24,외국인 이달 코스피 시장서 22조 투매…역대 최대 순매도 눈앞,0.0,0,0,https://www.yna.co.kr/view/AKR20260324149800008?input=1195m
2026-03-24,고성 천연가스발전소 건설공사 주민 우선 채용 한다더니?,0.0,0,0,https://www.gnnews.co.kr/news/articleView.html?idxno=633351
2026-03-24,"[공매도 브리핑] 3월 24일 거래대금 1조 9,907억…삼성전자·한미반도체...",-0.462,0,1,https://www.topstarnews.net/news/articleView.html?idxno=16015265
2026-03-24,"[증권 뉴스브리핑] 올해 코스피 사이드카 발동 10회/회계사들 ""2분기, AI...",0.0,0,0,https://www.asiatime.co.kr/article/20260324500425
2026-03-24,['클릭' 증시] 이란 사태 협상 가능성 유입된 증시,0.0,1,1,http://www.00news.co.kr/news/articleView.html?idxno=102789
2026-03-24,[주요공시] 3월 24일 오후,0.0,0,0,https://www.ebn.co.kr/news/articleView.html?idxno=1703298
2026-03-24,"'널뛰기 장세' 코스피, 하루 만에 5500선 다시 올라",0.0,0,0,http://www.newstomato.com/ReadNews.aspx?no=1295411&inflow=N
2026-03-24,"방위산업·전쟁·테러 관련주, '맑음' 에이스테크·파이버프로·대성하...",0.0,0,0,http://www.finomy.com/news/articleView.html?idxno=251973
2026-03-24,"""코스피 2.74% 상승…트럼프 발언으로 증시 반등""",0.322,2,1,https://www.gokorea.kr/news/articleView.html?idxno=861439
2026-03-24,"코스피, 전날 하락분 일부 만회 5553선 상승 마감…코스닥도 올라",0.408,2,1,https://www.thepublic.kr/news/articleView.html?idxno=298567
2026-03-24,[증권가 소식] 미래에셋ㆍ삼성증권ㆍ대신증권,0.0,0,0,http://www.weeklytoday.com/news/articleView.html?idxno=766985
2026-03-24,"코스피 개인·기관 매수세에 5550선 반등 마감, 원/달러 환율 1495.2원까...",0.462,2,1,https://www.businesspost.co.kr/BP?command=article_view&num=433907
2026-03-24,"""일단은 안도"" 코스피, 5550선 회복 마감…환율 22원 '뚝' [시황종합]",0.0,1,1,https://www.news1.kr/finance/market-exr/6112415
2026-03-24,"[마감시황] 코스피, 전날 급락 만회…5500선 회복",-0.645,0,2,http://www.hansbiz.co.kr/news/articleView.html?idxno=827093
2026-03-24,"DK아시아 '로열파크씨티', 하이엔드 주거 브랜드 1위 달성",0.0,0,0,http://www.paxetv.com/news/articleView.html?idxno=266629
2026-03-24,미래에셋자산운용 'TIGER 코리아원자력 ETF' 연초 이후 수익률 1위,0.0,0,0,http://www.smedaily.co.kr/news/articleView.html?idxno=354344
2026-03-24,"코스피, 중동 리스크 딛고 5500선 회복···LG에너지솔루션 10% 급등",0.165,1,1,https://www.smartbizn.com/news/articleView.html?idxno=140138
2026-03-24,"코스피, 美·이란 대면 협상 기대에 2.7% 상승 마감",0.0,1,1,https://daily.hankooki.com/news/articleView.html?idxno=1351152
2026-03-24,"코스피, 美·이란 개전 후 첫 대화 가능성에 2.74% 상승",0.0,1,1,https://www.delighti.co.kr/news/articleView.html?idxno=114144
2026-03-24,"[마감] 코스피, 중동 긴장 완화 기대에 2%대 급등…5550선 회복",0.351,2,1,https://mdtoday.co.kr/news/view/1065599178818209
2026-03-24,"미래에셋, 'TIGER 코리아원자력 ETF' 연초 이후 수익률 1위",0.0,0,0,https://www.cstimes.com/news/articleView.html?idxno=699065
2026-03-24,"[오늘증시]코스피, 미·이란 긴장 완화에 2.74% 반등 '5553선 마감'",0.067,1,1,https://www.sidae.com/article/2026032416500772306
2026-03-24,"코스피, 미·이란 첫 대면 협상 기대에 2%데 상승···5500선 사수",0.0,1,1,https://www.ziksir.com/news/articleView.html?idxno=128318
2026-03-24,"코스피, 중동 조기 종전 가능성 대두에 2.7% 상승",0.0,1,1,https://www.pointdaily.co.kr/news/articleView.html?idxno=297830
2026-03-24,[코스피 지수선물 옵션] 삼성전자 19만원 돌파…선물시장 '폭등 신호' 떴...,0.488,2,0,https://www.pinpointnews.co.kr/news/articleView.html?idxno=439576
2026-03-24,기업 공시 [3월 24일],0.0,0,0,https://www.sedaily.com/article/20023466?ref=naver
2026-03-24,"코스피, 이란戰 종식 기대감에 2.7%↑... 美·이란 개전 후 첫 대면 가능...",-0.261,0,1,https://www.getnews.co.kr/news/articleView.html?idxno=865684
2026-03-24,"'반도체·로봇·원전' 다 가진 두산, 주주환원에 ETF 기대 더해 '황제주...",0.604,2,0,https://www.businesspost.co.kr/BP?command=article_view&num=433870
2026-03-24,미국-이란 협상 가능성에 국내 증시 상승 [마감시황],0.261,1,0,https://www.ekn.kr/web/view.php?key=20260324027590732
2026-03-24,전날 급락 일부 만회한 코스피...변동성은 여전 [fn마감시황],-0.645,0,2,http://www.fnnews.com/news/202603241614226833
2026-03-24,개미들 계좌 파랗게 질렸는데…외인은 '이것' 사서 웃었다,0.0,0,0,http://www.edaily.co.kr/news/newspath.asp?newsid=04641206645386600
2026-03-24,"코스피, 美·이란 협상 기대감에 5500선 회복…삼전·SK하닉 '반등'",0.322,2,1,http://www.seoulwire.com/news/articleView.html?idxno=713008
2026-03-24,미래에셋 '코리아원자력 ETF' 고공행진…코스피 압도,0.0,0,0,https://www.thepublic.kr/news/articleView.html?idxno=298528
2026-03-24,"코스피, 중동 긴장 완화 기대에 5500선 회복···제약·이차전지 '약진...",-0.645,0,2,https://www.seoulfn.com/news/articleView.html?idxno=624471
2026-03-24,중동전쟁에 투자자 '희비'...개미는 '울고' 외국인은 '선방',0.0,0,0,https://www.g-enews.com/view.php?ud=202603241619473464edf69f862c_1
2026-03-24,"코스피, 美·이란 협상 기대에 2% 넘게 반등-원·달러 환율 20원 이상 급...",0.322,1,0,http://www.techholic.co.kr/news/articleView.html?idxno=220485
2026-03-24,"요동치는 코스피, 개인·외인 엇갈린 투자 행보",0.0,0,0,https://www.pointdaily.co.kr/news/articleView.html?idxno=297768
2026-03-24,"로열파크씨티, 브랜드가치 평가지수(BSTI) 하이엔드 주거 브랜드 1위 달...",0.0,0,0,http://www.wowtv.co.kr/NewsCenter/News/Read?articleId=A202603240482&t=NN
2026-03-24,"코스피, 2.74% 오른 5553.92 마감...개인·기관 쌍끌이",0.0,0,0,http://www.opinionnews.co.kr/news/articleView.html?idxno=135561
2026-03-24,"[마켓뷰] ‘트럼프 한마디’에 안도… 코스피, 하루 만에 공포 딛고 555...",0.067,1,1,https://biz.chosun.com/stock/stock_general/2026/03/24/RVENTL42LREFJGXDBOSXAFEH4M/?utm_source=naver&utm_medium=original&utm_campaign=biz
2026-03-24,[C-워드] DK아시아·반도건설·삼성물산,0.0,0,0,http://www.newsprime.co.kr/news/article.html?no=728037
2026-03-24,"[마감시황] 코스피, 전날 급락분 일부 만회…2.7% 상승",-0.229,1,1,http://www.segyebiz.com/newsView/20260324515511?OutUrl=naver
2026-03-24,"코스피, 美·이란 개전 후 첫 대면 가능성에 2.7% 상승(종합)",0.0,1,1,https://www.yna.co.kr/view/AKR20260324138551008?input=1195m
2026-03-24,"外人 투매에도, 코스피 '껑충'...한화 · CJ · SK '급등'",-0.322,1,2,http://www.choicenews.co.kr/news/articleView.html?idxno=162756
2026-03-24,[거래소 외국인 순매수도] LG엔솔·삼성SDI 집중 매수…다음 주도주는 여...,0.0,0,0,https://www.pinpointnews.co.kr/news/articleView.html?idxno=439558
2026-03-24,"미래에셋, TIGER 코리아원자력 ETF 연초 이후 수익률 1위",0.0,0,0,http://www.segyebiz.com/newsView/20260324515344?OutUrl=naver
2026-03-24,"'못믿을 트럼프'… 코스피, 급등 출발 후 고점 낮춘 5550선 마감",0.408,2,1,https://it.chosun.com/news/articleView.html?idxno=2023092159149
2026-03-24,"코스피, 중동 리스크 완화에 '5500선 회복'…코스닥 2.24%↑",0.0,1,1,http://www.newsprime.co.kr/news/article.html?no=728038
2026-03-24,"'일진일퇴' 코스피, 2.74% 올라 5550선 회복",0.1,1,1,https://www.straightnews.co.kr/news/articleView.html?idxno=298358
2026-03-24,"코스피, 美·이란 협상 기대에 5500선 회복…환율 22원 '뚝'",0.0,1,1,https://www.hankyung.com/article/2026032431816
2026-03-24,"코스피, 중동 리스크 완화에 5500선 회복…널뛰기 장세에 올해 사이드카...",-0.261,0,1,https://www.mydaily.co.kr/page/view/2026032416151513583
2026-03-24,"미래에셋운용, '원전 수출 핵심주' 집중투자 ETF 연초 이후 수익률 1위 ...",0.0,0,0,https://www.econovill.com/news/articleView.html?idxno=734555
2026-03-24,"코스피,美·이란 종전 움직임에 2.7% 상승...환율 22원 하락",0.0,1,1,http://www.seouleconews.com/news/articleView.html?idxno=90204
2026-03-24,"[거래소 기관 순매수도] SK하이닉스 폭풍 매수, 삼성전자 매도…엇갈린...",0.261,1,0,https://www.pinpointnews.co.kr/news/articleView.html?idxno=439554
2026-03-24,"코스피, 중동 리스크 완화에 2.7% 반등...코스닥도 2% 상승",0.537,2,0,http://www.metroseoul.co.kr/article/20260324500420
2026-03-24,"2.7% 반등한 코스피, 투매 진정됐지만 지정학적 리스크 발목",0.322,2,1,https://news.bizwatch.co.kr/article/market/2026/03/24/0034
2026-03-24,"코스피, 중동발 리스크 털고 5500선 회복…환율 1495원 마감",-0.261,0,1,https://www.newsworks.co.kr/news/articleView.html?idxno=835268
2026-03-24,"롤러코스피, 방산주로 대응해볼까...돌고돌아 '한화에어로스페이스'",0.0,0,0,http://www.opinionnews.co.kr/news/articleView.html?idxno=135541
2026-03-24,[시황] 중동 전쟁 휴전 기대에 숨 돌린 증시…코스피 5500선 회복 마감,0.261,1,0,http://www.newsdream.kr/news/articleView.html?idxno=110156
2026-03-24,"코스피, 기관·개인 ‘사자’에 급락분 만회…5500선 마감 [시황]",-0.165,1,1,https://www.dailian.co.kr/news/view/1624991/?sc=Naver
2026-03-24,"(마감시황) 코스피, 5500선 탈환…V자 반등하며 2.7% 상승",0.261,2,1,https://www.news2day.co.kr/article/20260324500194
2026-03-24,코스피 5500선 회복… LG엔솔·SK하닉 급등,0.165,1,1,https://www.newsclaim.co.kr/news/articleView.html?idxno=3058826
2026-03-24,美·이란 종전 기대에 코스피 강세 유가도 안정…SK하이닉스 6%↑,0.067,1,1,http://www.smedaily.co.kr/news/articleView.html?idxno=354327
2026-03-24,[마감시황] 코스피 5500선 탈환…2.74% 상승마감,0.0,1,1,https://www.ajunews.com/view/20260324153520574
2026-03-24,[마감시황] 코스피 5553 반등…반도체·대형주 상승 견인,0.604,3,1,https://www.newspim.com/news/view/20260324001116
2026-03-24,"'전강후약' 코스피, 2%대 올라 5550선…코스닥은 1120선[마감]",0.229,1,1,http://www.edaily.co.kr/news/newspath.asp?newsid=04388646645386600
2026-03-24,"코스피, 중동 긴장 완화 기대에 2%대 반등…외국인은 여전히 '팔자'",0.775,3,0,https://www.ebn.co.kr/news/articleView.html?idxno=1703273
2026-03-24,"코스피, 전날 급락 일부 만회해 2.74% 상승 마감…코스닥도 올라",-0.165,2,2,https://www.mk.co.kr/article/11996880
2026-03-24,코스피 2%대 반등에 5550선 회복...코스닥도 올라,0.067,1,1,https://www.digitaltoday.co.kr/news/articleView.html?idxno=644754
2026-03-24,"환율 숨 고르자 증시 '활짝'…코스피, 5550선 되찾았다",0.261,1,0,https://news.tf.co.kr/read/economy/2305732.htm
2026-03-24,"[마감시황]코스피, 美·이란 긴장 완화에 2%대 반등…5553.92 마감",0.067,1,1,https://www.newsway.co.kr/news/view?ud=2026032415502984701
2026-03-24,[서울데이터랩]마감 직후 인기 검색 종목 20選,0.0,1,1,https://www.seoul.co.kr/news/economy/securities/2026/03/24/20260324500210?wlog_tag3=naver
2026-03-24,코스피 5530선 마감…외국인 1.9조 '팔자'·기관 1.3조 '사자',0.261,1,0,https://www.etoday.co.kr/news/view/2568766
2026-03-24,"코스피, 2.74% 상승한 5553.92 마감...'2차전지·화학' 강세",0.537,2,0,https://www.g-enews.com/view.php?ud=202603241535001313df2f5bc1bc_1
2026-03-24,"'롤러코스터' 탄 코스피·코스닥, 2%대 상승 마감",0.604,2,0,https://www.cstimes.com/news/articleView.html?idxno=699052
2026-03-24,"""원자력 ETF 질주"" 미래운용 TIGER 코리아원자력 수익률 108% 1위",0.0,0,0,http://www.metroseoul.co.kr/article/20260324500385
2026-03-24,"미래에셋자산운용, 'TIGER 코리아원자력 ETF' 연초 이후 수익률 1위",0.0,0,0,http://www.techholic.co.kr/news/articleView.html?idxno=220484
2026-03-24,"미래에셋운용, TIGER 코리아원자력 ETF 연초 이후 '수익률 1위'",0.0,0,0,http://www.newsdream.kr/news/articleView.html?idxno=110146
2026-03-24,DK아시아 '로열파크씨티' 하이엔드 주거 브랜드 1위,0.0,0,0,http://www.wikileaks-kr.org/news/articleView.html?idxno=185255
2026-03-24,"미래에셋자산운용, ‘TIGER 코리아원자력 ETF’ 연초 이후 수익률 1위 기...",0.0,0,0,https://idsn.co.kr/news/view/1065593723596541
2026-03-24,“이것이 진정한 하이엔드다” DK아시아 ‘로열파크씨티’ 하이엔드 주...,0.0,0,0,https://economist.co.kr/article/view/ecn202603240049
2026-03-24,"AI 시대 '원자력 르네상스'… TIGER 코리아원자력 ETF, 연초 수익률 108.7...",0.0,0,0,http://www.queen.co.kr/news/articleView.html?idxno=453666
2026-03-24,AI 전력 수요·에너지 안보 부각…‘TIGER 코리아원자력 ETF’ 연초 이후...,0.0,0,0,https://www.todayeconomic.com/news/article.html?no=29975
2026-03-24,"[공시속보] 삼일씨엔에스, 해상풍력 하부구조물 수주→매출액 26.5% 규모...",0.38,1,0,https://www.topstarnews.net/news/articleView.html?idxno=16014965
2026-03-24,"""팀코리아 원전수출 핵심주 집중투자"" 미래에셋운용 '코리아원자력 ETF'...",0.0,0,0,https://www.catchnews.kr/news/articleView.html?idxno=121919
2026-03-24,"미래에셋자산운용, TIGER 코리아원자력 ETF 연초 이후 수익률 1위",0.0,0,0,http://www.iminju.net/news/articleView.html?idxno=161247
2026-03-24,"DK아시아 ‘로열파크씨티’, 하이엔드 주거 브랜드 1위",0.0,0,0,http://www.lawissue.co.kr/view.php?ud=20260324143913128167191f6c6e_12
2026-03-26,미래에셋 ‘코리아원자력 ETF’ 올해 수익률 1위,0.0,0,0,https://weekly.donga.com/3/all/11/6155440/1
2026-03-26,[르포] 새 주인 맞은 만호제강… 흑자 전환 넘어 로봇·방산·車부품으...,0.583,1,0,https://biz.chosun.com/stock/stock_general/2026/03/26/WE5TSOISDBDM7CRMHWKY2EEHAU/?utm_source=naver&utm_medium=original&utm_campaign=biz
2026-03-26,해상풍력 속도내는데…중국산 부품 공세에 안방 뺏길 우려,0.0,0,0,http://www.edaily.co.kr/news/newspath.asp?newsid=01784326645387256
2026-03-26,"풍력에너지 관련주, '함박웃음' SK이터닉스·대창솔루션·두산에너빌리...",0.261,1,0,http://www.finomy.com/news/articleView.html?idxno=252060
2026-03-26,두산에너빌리티 주가 강세 이후 움직임은?…'10만빌리티 사수하나',0.322,1,0,https://www.cbci.co.kr/news/articleView.html?idxno=563245
2026-03-26,靑 참모 48명 중 다주택 10명 … 李대통령 재산 1년새 18.8억 늘어,0.0,0,0,https://www.mk.co.kr/article/11998554
2026-03-26,[2026 재산공개] 총리·국무위원 평균 재산 50억...40%가 다주택자,0.0,0,0,https://biz.chosun.com/policy/policy_sub/2026/03/26/5ITJCD6EQFBCFOGGEUQKZ6M2TM/?utm_source=naver&utm_medium=original&utm_campaign=biz
2026-03-26,김정관 산업장관 재산 78억…국무위원 재산 증가액 1위[재산공개],0.0,0,0,https://www.news1.kr/economy/trend/6113989
2026-03-26,송미령 농식품부 장관 20.2억…김종구 차관 12.5억 신고[재산공개],0.0,0,0,https://www.newsis.com/view/NISX20260325_0003563708
2026-03-25,"코스피, 기관 매수에 상승 마감...한화에어로스페이스, 두산에너빌리티...",0.604,2,0,http://www.econonews.co.kr/news/articleView.html?idxno=432669
2026-03-25,['클릭' 증시] 부동산서 증시로 눈돌린 가계..떠오르는 증권주,0.0,1,1,http://www.00news.co.kr/news/articleView.html?idxno=102828
2026-03-25,[주식마감] 엔비디아가 찜한 '광반도체'... 우리로 5거래일 연속 상한가...,0.462,1,0,https://www.ggilbo.com/news/articleView.html?idxno=1148924
2026-03-25,[기업家] 두산그룹 ㅣ AI·에너지·로봇까지 확장…북미 공략과 미래 투...,0.0,0,0,https://www.cbci.co.kr/news/articleView.html?idxno=563274
2026-03-25,"이 대통령 ""KF-21 양산 계기 첨단 항공엔진 신속 개발""…경남 산업발전...",0.0,0,0,https://www.idomin.com/news/articleView.html?idxno=2002088
2026-03-25,"원자력발전 관련주, '봄바람 살랑살랑' DL이앤씨·대창솔루션·대한전선...",0.261,1,0,http://www.finomy.com/news/articleView.html?idxno=252054
2026-03-25,"코스피 기관 매수세에 1%대 강세 마감 5640선, 코스닥은 3%대 올라",0.775,3,0,https://www.businesspost.co.kr/BP?command=article_view&num=434042
2026-03-25,“미-이란 휴전할까” 코스피 1.59% 상승 마감...개인은 차익실현 나서,0.261,1,0,https://economist.co.kr/article/view/ecn202603250077
2026-03-25,"경남도, 2026 딥테크 등 분야 오픈이노베이션 본격 시동",0.0,0,0,http://www.gndomin.com/news/articleView.html?idxno=469772
2026-03-25,"[마감시황] 코스피, 종전 기대에도 상승폭 축소",0.261,1,0,http://www.hansbiz.co.kr/news/articleView.html?idxno=827495
2026-03-25,"두산에너빌리티, 미국 시장 공략 본격화…'글로벌 대장간' 역할",0.0,0,0,https://daily.hankooki.com/news/articleView.html?idxno=1351702
2026-03-25,"[오늘증시]코스피, 기관 매수세에 상승 ""5642선 마감""…외국인 삼성전자...",0.408,2,1,http://www.queen.co.kr/news/articleView.html?idxno=453771
2026-03-25,"BNK금융, 전사적 ESG행보 가속…차량 5부제·전력사용 감축 병행 [금융지...",0.0,0,0,http://www.fntimes.com/html/view.php?ud=2026032517051969335e6e69892f_18
2026-03-25,우리기술(KRX) 조정 속 두산에너빌리티·비에이치아이 상승…오르비텍 ...,0.261,1,0,https://www.cbci.co.kr/news/articleView.html?idxno=563254
2026-03-25,"코스피, 기관 매수 힘입어 1%대 상승···'중동 변수' 상승폭은 축소",0.604,2,0,https://www.seoulfn.com/news/articleView.html?idxno=624600
2026-03-25,기관 2조원 매수에 코스피 5600선… 코스닥 3%대 상승,0.537,2,0,https://www.newsclaim.co.kr/news/articleView.html?idxno=3058977
2026-03-25,[뉴스+]중동발 불안에 재계 '에너지 절감' 줄이어,0.0,0,0,https://www.businessplus.kr/news/articleView.html?idxno=109474
2026-03-25,[25일 특징주] 스페이스X IPO 본격화에…관련株 동반 '강세',0.645,2,0,https://www.newsworks.co.kr/news/articleView.html?idxno=835443
2026-03-25,"'이란 변수' 코스피 상승폭 줄여 5640선 마감…외인, 삼전 1.2조 매도 [시...",0.261,1,0,https://www.news1.kr/finance/market-exr/6113829
2026-03-25,"코스피, 중동 휴전 기대에 5600선 회복",0.0,0,0,http://www.newstomato.com/ReadNews.aspx?no=1295545&inflow=N
2026-03-25,“반도체·원전·로봇 수혜 동시에…두산그룹 ETF 첫선”[인터뷰],0.0,0,0,http://www.edaily.co.kr/news/newspath.asp?newsid=04749446645386928
2026-03-25,"중동 리스크 완화 기대감에 오른 코스피…""뉴스따라 움직인다""",0.261,1,0,https://www.mt.co.kr/stock/2026/03/26/2026032516132742207
2026-03-25,"코스피, 이틀째 오름세···기관 2조원 매수세에 5600선 마감",0.261,1,0,https://www.smartbizn.com/news/articleView.html?idxno=140279
2026-03-25,코스피 5600선 마감… 미·이란 협상 기대에도 '트럼프 변수'에 상승 제...,0.322,2,1,http://www.hidomin.com/news/articleView.html?idxno=613827
2026-03-25,"코스피, 美·이란 협상 기대감에 1.59% 오른 5642.21 마감",0.261,1,0,http://www.techholic.co.kr/news/articleView.html?idxno=220506
2026-03-25,"코스피, 중동전쟁 협상 기대에 이틀 연속 상승",0.0,1,1,https://www.straightnews.co.kr/news/articleView.html?idxno=298507
2026-03-25,"[마감시황] 코스피, 불확실성 딛고 5640 회복…기관 2조 순매수 버팀목",-0.322,0,1,https://www.newspim.com/news/view/20260325001091
2026-03-25,전쟁 종식 기대에 코스피 5600선 탈환… 삼천당제약 19% 급등,0.462,2,1,https://www.ddaily.co.kr/page/view/2026032516170712735
2026-03-25,[거래소 기관] 반도체 다시 담았다… 자금 대이동의 신호탄,0.0,0,0,https://www.pinpointnews.co.kr/news/articleView.html?idxno=439928
2026-03-25,코스피 5600선 회복···중동 변수 속 기관 '2.3조 순매수' 견인,0.0,0,0,https://www.newsfreezone.co.kr/news/articleView.html?idxno=681692
2026-03-25,"[마감시황] 코스피, 1.6% 상승…환율 1490원대 유지",0.261,1,0,http://www.segyebiz.com/newsView/20260325515238?OutUrl=naver
2026-03-25,"코스피, 중동 전쟁 휴전 기대감에 5600선 상승",0.261,1,0,https://www.mydaily.co.kr/page/view/2026032516194779461
2026-03-25,[거래소 외국인] 삼성전자 던지고 방산·전력 쓸어 담았다,0.0,0,0,https://www.pinpointnews.co.kr/news/articleView.html?idxno=439923
2026-03-25,[시황] 중동 전쟁 휴전 기대감 속 코스피 이틀 연속 상승 마감,0.261,1,0,http://www.newsdream.kr/news/articleView.html?idxno=110288
2026-03-25,"중동 휴전 기대, 코스피 '상승'...하나금융·효성계열 '활짝'",0.604,2,0,http://www.choicenews.co.kr/news/articleView.html?idxno=162836
2026-03-25,"코스피, 기관 나홀로 매수에 5640선 회복…코스닥은 3%대 급등",0.645,2,0,https://www.digitaltoday.co.kr/news/articleView.html?idxno=645546
2026-03-25,코스피 1.59%·코스닥 3.40%↑⋯개인 2.4조 순매도에도 5600선 탈환,0.322,1,0,https://www.etoday.co.kr/news/view/2569261
2026-03-25,"코스피, 휴전 기대감 속 기관 '사자'에 '5600선 회복'…코스닥 3.40%↑",0.261,1,0,http://www.newsprime.co.kr/news/article.html?no=728164
2026-03-25,"(마감시황) 코스피, 기관 2.3조 ‘사자’에 5,640선 안착",0.537,2,0,https://www.news2day.co.kr/article/20260325500202
2026-03-25,"韓 최초 로테이션 ETF…SOL 코리아메가테크액티브, 순자산 7000억 넘겼다",0.0,0,0,https://www.hankyung.com/article/202603256021i
2026-03-25,우주항공산업 키우는 경남…'K 스페이스 시대' 견인한다,0.0,0,0,https://www.hankyung.com/article/2026032550421
2026-03-25,"코스피, 중동 휴전 기대감에 5600선 회복…코스닥 3% 상승",0.0,1,1,https://www.newsworks.co.kr/news/articleView.html?idxno=835434
2026-03-25,창원특례시 출범 4년…내실 다지고 산업·교통망 혁신 속도 낸다,0.0,0,0,https://www.hankyung.com/article/2026032550551
2026-03-25,"코스피, 중동 긴장감 완화에 5600선 회복...코스닥도 3.4% 반등",0.537,2,0,http://www.metroseoul.co.kr/article/20260325500560
2026-03-25,"코스피, 종전 기대감에 5640선 상승 마감...코스닥 3% ↑",0.261,1,0,https://www.cstimes.com/news/articleView.html?idxno=699294
2026-03-25,중동발 종전 기대감에 웃었다…코스피 5640선 안착,0.0,0,0,https://news.tf.co.kr/read/economy/2306249.htm
2026-03-25,"중동전쟁 휴전 기대에…코스피, 1.6% 오른 5640선 마감…코스닥 3.4%↑",0.261,1,0,http://www.edaily.co.kr/news/newspath.asp?newsid=04532966645386928
2026-03-25,외국인 매도세에 상승폭 꺾인 코스피 종전 기대감 유효 SK하이닉스 1%↑,-0.229,1,1,http://www.smedaily.co.kr/news/articleView.html?idxno=354420
2026-03-25,"코스피, 5600대 안착…외국인 엑소더스는 불안요인",0.261,1,0,https://www.ebn.co.kr/news/articleView.html?idxno=1703408
2026-03-25,"코스피, 기관 2조 매수에 1.59% 오른 5642선 마감…코스닥 1159.55 [fn마감...",0.261,1,0,http://www.fnnews.com/news/202603251549170407
2026-03-25,구원투수 기관 2조 순매수…코스피 1.6% 상승 마감 [시황],0.261,1,0,https://www.dailian.co.kr/news/view/1625523/?sc=Naver
2026-03-25,[마감시황] 미·이란 휴전 기대감… 코스피 1.53% 상승 마감,0.261,1,0,https://www.ajunews.com/view/20260325151837435
2026-03-25,코스피 1.59% 상승한 5642.21 마감...통신장비·기술주 '강세',0.537,2,0,https://www.g-enews.com/view.php?ud=202603251534305877df2f5bc1bc_1
2026-03-25,코스피 1.59% 오른 5642.21 마감...기관만 2.3조 '사자',0.261,1,0,http://www.opinionnews.co.kr/news/articleView.html?idxno=135640
2026-03-25,"[마감시황]코스피, 기관 2.3조원 '폭풍 매수'에 5640선 안착…5642.21 마감",0.261,1,0,https://www.newsway.co.kr/news/view?ud=2026032515474448555
2026-03-25,중동 전쟁 리스크 완화 기대감…코스피 한때 5700대 회복,0.261,1,0,https://www.mt.co.kr/stock/2026/03/25/2026032515430879095
2026-03-25,"코스피, 美·이란 협상 기대감에 5600선 회복…코스닥 3%↑",0.067,1,1,https://www.hankyung.com/article/2026032560986
2026-03-25,종전 기대감에 웃었다…삼천당제약 '황제주' 등극,0.0,1,1,http://www.wowtv.co.kr/NewsCenter/News/Read?articleId=A202603250448&t=NN
2026-03-25,“5분내 거래 끝내야”…‘유가 쇼크장’ 아시아 주식투자 타이밍은 [머...,0.0,0,0,https://www.ekn.kr/web/view.php?key=20260325029041026
2026-03-25,"원전·SMR 기술 종가 일진파워, 차세대 클린 에너지 강자로",0.261,1,0,https://www.pinpointnews.co.kr/news/articleView.html?idxno=439866
2026-03-25,DK아시아 '로열파크씨티' 하이엔드 주거 브랜드 1위 달성,0.0,0,0,https://magazine.hankyung.com/business/article/202603255909b
2026-03-25,'기관 2조 순매수' 코스피 5650선 지지…중동 변수에 상승폭 제한 [장중...,0.261,1,0,https://www.news1.kr/finance/market-exr/6113567
2026-03-25,"코스피, 기관 매수세 속 외국인 매도 전환에 상승폭 줄인 5660선 [fn오후...",0.488,3,1,http://www.fnnews.com/news/202603251432373728
2026-03-25,“이것이 진정한 하이엔드다” DK아시아 ‘로열파크씨티’ 하이엔드 주...,0.0,0,0,https://www.seoul.co.kr/news/economy/2026/03/25/20260325500149?wlog_tag3=naver
2026-03-25,DK아시아 '로열파크씨티' 하이엔드 주거 브랜드 1위 수상,0.0,0,0,https://www.rcast.co.kr/news/articleView.html?idxno=30364
2026-03-25,중동전쟁 휴전 기대 속 코스피 2%대 상승…ADR 상장 추진에 '백만닉스' ...,0.261,1,0,http://www.edaily.co.kr/news/newspath.asp?newsid=04047526645386928
2026-03-25,두산에너빌리티 주가 3% 상승…10만 원대 안착 흐름,0.261,1,0,https://www.job-post.co.kr/news/articleView.html?idxno=211407
2026-03-25,코스피·코스닥 동반 강세⋯미·이란 휴전 기대감에 기관은 ‘사자’,0.0,1,1,https://www.etoday.co.kr/news/view/2569127
2026-03-25,[서울데이터랩]HD현대일렉트릭 주가 6.05% 급등하며 주목받아,0.604,2,0,https://www.seoul.co.kr/news/economy/securities/2026/03/25/20260325500115?wlog_tag3=naver
2026-03-25,"변압기가 모자란다...효성중공업·HD현대일렉트릭, 역대급 호황에 주가...",0.322,1,0,https://www.pinpointnews.co.kr/news/articleView.html?idxno=439817
2026-03-25,2026년 미국 원전산업 정보,0.0,0,0,http://dream.kotra.or.kr/kotranews/cms/news/actionKotraBoardDetail.do?SITE_NO=3&MENU_ID=200&CONTENTS_NO=1&bbsGbn=403&bbsSn=403&pNttSn=239867
2026-03-25,[오늘증시] 돌아온 외인… 코스피 '대형주 중심 랠리' 3%대 반등,0.322,1,0,https://www.startuptoday.co.kr/news/articleView.html?idxno=604030
2026-03-25,"두산에너빌리티는 상승 흐름, 우리기술은 풀썩…원전주 '엇갈린 장세'",0.261,1,0,https://www.cbci.co.kr/news/articleView.html?idxno=563148
2026-03-25,외국인 22조 던질 때 개미는 26조 샀다…코스피 '역대급 수급 전쟁',0.0,0,0,https://www.newsquest.co.kr/news/articleView.html?idxno=263674
2026-03-25,'랠리 끝?' 급등주 던진 '상위 1%' 고수들…쓸어담은 종목은 [마켓PRO],0.604,2,0,https://www.hankyung.com/article/202603254766i
2026-03-25,"코스피 장중 기관·외인 쌍끌이 매수에 강세 5720선, 코스닥도 2%대 상승",0.537,2,0,https://www.businesspost.co.kr/BP?command=article_view&num=433962
2026-03-25,"美, 이란에 15개 요구목록 전달...종전 기대감에 코스피 '들썩'",0.261,1,0,https://www.newstree.kr/newsView/ntr202603250006
2026-03-25,"[현장] 김정관 산업부 장관 ""제조업 AI 전환, 협력이 곧 경쟁력""",0.0,0,0,https://zdnet.co.kr/view/?no=20260325085655
2026-03-25,코스피 3%대 반등…미·이란 휴전 협상 소식에 5700선,0.322,1,0,https://www.newspim.com/news/view/20260325000406
2026-03-25,코스피 5700선 재탈환… 중동 '휴전 기대'에 외인·기관 쌍끌이,0.261,2,1,http://www.hidomin.com/news/articleView.html?idxno=613796
2026-03-25,종전 기대감 키우는 코스피 5730대로 국제유가도 안정…SK하이닉스 5%↑,0.0,0,0,http://www.smedaily.co.kr/news/articleView.html?idxno=354361
2026-03-25,"두산 사장하던 김정관, 중국 이 회사보고 산업부 장관 결심",0.0,0,0,https://biz.chosun.com/policy/politics/assembly/2026/03/25/2GPQTLKUFRH3FGWVM2RHNGMZIQ/?utm_source=naver&utm_medium=original&utm_campaign=biz
2026-03-25,"두산에너빌리티 주가, 3월 25일 장중 102,600원 2.49% 상승",0.261,1,0,https://www.joongangenews.com/news/articleView.html?idxno=505622
2026-03-25,"코스피, 중동 휴전 기대에 급반등…5700선 회복",0.067,1,1,http://www.seoulwire.com/news/articleView.html?idxno=713126
2026-03-25,"코스피, 미·이란 협상 기대 속 급등…5700선 돌파",0.604,2,0,https://www.sisajournal.com/news/articleView.html?idxno=366955
2026-03-25,[개장시황] 美 증시 하락에도…코스피 2%대 상승 출발,0.0,1,1,https://www.ajunews.com/view/20260325092534985
2026-03-25,외국인 이달 22조 팔았지만 보험·화장품은 사들여,0.0,0,0,http://www.smedaily.co.kr/news/articleView.html?idxno=354359
2026-03-25,"[위클리오늘] 현대차 4.27% 상승, 코스피 시장 전반적 상승세",0.261,1,0,http://www.weeklytoday.com/news/articleView.html?idxno=767090
2026-03-25,불확실성 찍어누른 美·이란 협상 기대감…코스피 5700선 회복 [시황],0.0,0,0,https://www.dailian.co.kr/news/view/1625254/?sc=Naver
2026-03-25,코스피 2%대 상승 출발···트럼프 휴전 제안 이란 수용,0.261,1,0,https://www.seoulfn.com/news/articleView.html?idxno=624535
2026-03-27,두산에너빌리티 주가 10만빌리티는 지켰지만…'지정학적 리스크 눈여겨...,-0.261,0,1,https://www.cbci.co.kr/news/articleView.html?idxno=563519
2026-03-27,우리기술 주가 장중 고점 못 지키고 약세로…다음 시그널은?,-0.537,0,2,https://www.cbci.co.kr/news/articleView.html?idxno=563515
2026-03-26,"코스피, 외인과 기관 매도에 하락 마감...SK스퀘어, SK하이닉스, 삼성전...",-0.604,0,2,http://www.econonews.co.kr/news/articleView.html?idxno=432866
2026-03-26,3월 말 상장사 주총 집중…31일에만 667개사 몰려,0.0,0,0,https://www.imaeil.com/page/view/2026032616372449915
2026-03-26,['클릭' 증시] AI산업 새 변수 '터보퀀트' 등장..메모리 병목현상 해소,-0.261,0,1,http://www.00news.co.kr/news/articleView.html?idxno=102857
2026-03-26,"[단독] 가스터빈 '쇼티지' 현실화, LNG 발전 4.3GW 타격...AI·반도체 경...",0.38,1,0,https://www.ajunews.com/view/20260326144319293
2026-03-26,美 터빈 수요 폭증에 글로벌 기업들 '코리아 패싱'...낮은 예비 가격 손...,0.0,0,0,https://www.ajunews.com/view/20260326154740414
2026-03-26,"신성장TOP20 펀드, 순자산 1000억 돌파…1년 수익률 142% ‘1위’",0.537,2,0,http://www.edaily.co.kr/news/newspath.asp?newsid=05510406645387256
2026-03-26,"코스피 3.22% 하락…""전쟁 여전한데"" 개미만 3조원 매수",-0.261,0,1,https://economist.co.kr/article/view/ecn202603260083
2026-03-26,반도체 투심 흔들린 코스피 3%대 급락···5500선 아래로,-0.462,0,1,https://www.seoulfn.com/news/articleView.html?idxno=624737
2026-03-26,"정기선 HD현대 회장, 해외 현장경영으로 사업 점검 및 직원들과 소통",0.0,0,0,https://www.lcnews.co.kr/news/articleView.html?idxno=126186
2026-03-26,"1년새 주가 300% 올랐는데 ""더 간다""…외국인도 반한 K뷰티 대장주",0.322,1,0,http://www.edaily.co.kr/news/newspath.asp?newsid=05202086645387256
2026-03-26,"예탁원, 이달 말 상장법인 895개사 정기주총…31일에 667개사",0.0,0,0,http://www.paxetv.com/news/articleView.html?idxno=267025
2026-03-26,"코스피, 반도체 쇼크에 5400선 붕괴",0.0,1,1,http://www.newstomato.com/ReadNews.aspx?no=1295746&inflow=N
2026-03-26,"코스피 외국인·기관 매도세에 3%대 내린 5460선 마감, 원/달러 환율 150...",-0.604,0,2,https://www.businesspost.co.kr/BP?command=article_view&num=434172
2026-03-26,[마감시황] 코스피 3%대 하락...깨져버린 5500선,-0.261,0,1,https://www.ekn.kr/web/view.php?key=20260326021281500
2026-03-26,구글 ‘터보퀀트’ 충격…메모리 수요 우려에 코스피 3% 급락,-0.682,0,2,https://www.dnews.co.kr/uhtml/view.jsp?idxno=202603261549036340851
2026-03-26,"[오늘증시]코스피, 외국인 매도 공세에 3% 넘게 급락…반도체 수요 우려...",-0.935,0,4,http://www.queen.co.kr/news/articleView.html?idxno=453855
2026-03-26,"메모리 반도체 투심 위축에 코스피↓ ""종전 협상으로 안정세 찾을 것""",0.0,0,0,https://www.mt.co.kr/stock/2026/03/27/2026032616184469976
2026-03-26,"[오늘증시] 코스피, 5460까지 밀려…반도체 약세 속 개인 3조원 매수",-0.322,1,2,https://www.sidae.com/article/2026032616070076097
2026-03-26,[코스피 지수선물ㆍ옵션] 선물시장 흔든 외국인…삼성전자·SK하이닉스...,-0.067,1,1,https://www.pinpointnews.co.kr/news/articleView.html?idxno=440308
2026-03-26,"[마감시황] 코스피, 3% 급락해 5400선 하회…외국인 3조원 매도 여파",-0.8,0,3,https://www.viva100.com/article/20260326501393
2026-03-26,미국·이란 중동 협상 기대에도 코스피 3%대 급락,-0.682,0,2,https://www.straightnews.co.kr/news/articleView.html?idxno=298607
2026-03-26,'터보퀀트 쇼크'···반도체 급락에 코스피 5400선 붕괴,-0.462,0,1,https://www.smartbizn.com/news/articleView.html?idxno=140441
2026-03-26,중동 긴장 여전…외국인 '셀코리아'에 코스피 3% 급락,-0.8,0,3,https://www.goodkyung.com/news/articleView.html?idxno=285022
2026-03-26,코스피 5500선 깨졌다…삼성전자·하이닉스 직격탄에 3%대 급락,-0.462,1,2,http://www.segyebiz.com/newsView/20260326516948?OutUrl=naver
2026-03-26,"코스피, 종전 협상 불확실성에 3% 하락해 5400선 마감…코스닥도 2% 하락",-0.261,0,1,https://www.thepublic.kr/news/articleView.html?idxno=298886
2026-03-26,"'터보퀀트' 충격, 코스피 5400선 마감…외인, 삼전만 2조 팔았다[시황종...",-0.645,0,2,https://www.news1.kr/finance/market-exr/6115351
2026-03-26,중동발 불확실성에 외국인 3조원 팔자…코스피 5500선 반납,-0.322,0,1,https://www.mk.co.kr/article/11999308
2026-03-26,"코스피, 3% 내려 5400선…코스닥도 2% 가까이 하락",-0.261,0,1,https://www.digitaltoday.co.kr/news/articleView.html?idxno=646253
2026-03-26,"코스피, 3% 하락 5460선...삼전·하닉 급락",-0.645,0,2,https://www.cstimes.com/news/articleView.html?idxno=699552
2026-03-26,"코스피, 메모리 수요 감소 우려에 3% 급락… 삼전·SK하닉 직격탄",-0.682,1,3,http://www.seoulwire.com/news/articleView.html?idxno=713523
2026-03-26,외인 3조 순매도에 코스피 5500선 하회...'메모리 불확실성 확대',0.0,0,0,http://www.opinionnews.co.kr/news/articleView.html?idxno=135733
2026-03-26,"코스피, 외국인 3조 매도에 5460선 후퇴…환율 1507원",-0.261,0,1,https://www.mydaily.co.kr/page/view/2026032616175637715
2026-03-26,"양대 악재, 코스피 '폭락'...삼성전자 · SK하이닉스 '털썩'",-0.892,0,3,http://www.choicenews.co.kr/news/articleView.html?idxno=162876
2026-03-26,[마감시황] 반도체 업황 불확실성에…코스피 5500선 깨져,0.261,1,0,https://www.ajunews.com/view/20260326152646374
2026-03-26,"코스피, 5400선 후퇴…'터보퀀트' 충격에 삼전닉스 급락",-0.462,0,1,https://www.hankyung.com/article/2026032689816
2026-03-26,"코스피, 3.22% 급락…터보퀀트 충격에 반도체 투톱 '흔들'(종합)",-0.462,1,2,https://www.newsis.com/view/NISX20260326_0003565648
2026-03-26,[거래소 외국인] 삼성전자 대탈출…돈은 방산·에너지로 몰렸다,0.0,0,0,https://www.pinpointnews.co.kr/news/articleView.html?idxno=440281
2026-03-26,"코스피, 종전협상 경계심에 5400선까지 밀려…환율 1507원",0.0,0,0,https://news.tf.co.kr/read/economy/2306733.htm
2026-03-26,"""메모리 덜 쓴다고?"" 삼전닉스 급락하자…코스피, 3%대 하락 마감",-0.645,0,2,https://www.mt.co.kr/stock/2026/03/26/2026032615351853654
2026-03-26,"우리운용 '신성장TOP20 펀드', 순자산 1000억원 돌파",0.537,2,0,https://www.hankyung.com/article/2026032690606
2026-03-26,코스피 3.22% 하락 마감… 코스닥 동반 후퇴,-0.537,0,2,https://www.newsclaim.co.kr/news/articleView.html?idxno=3059118
2026-03-26,"[시황] 코스피, 3연속 상승 실패…중동發 리스크 지속",0.0,1,1,http://www.newsdream.kr/news/articleView.html?idxno=110427
2026-03-26,"코스피, 외국인 3조 매도에 3% 급락…환율 1507원 마감",-0.682,0,2,https://www.etoday.co.kr/news/view/2569779
2026-03-26,3조 팔아치운 외인…코스피 5500선 반납 [시황],0.0,0,0,https://www.dailian.co.kr/news/view/1626031/?sc=Naver
2026-03-26,"코스피, 3% 떨어지며 5400대로…코스닥도 하락",-0.261,0,1,https://view.asiae.co.kr/article/2026032615591433698
2026-03-26,"중동발 불확실성에 터보퀀트까지…코스피, 3%대 급락 [MTN 마감시황]",-0.645,0,2,https://news.mtn.co.kr/news-detail/2026032615283055087
2026-03-26,종전 경계감에 코스피 5460대로 터보퀀트 쇼크…삼성전자 5%↓,0.0,0,0,http://www.smedaily.co.kr/news/articleView.html?idxno=354512
2026-03-26,"코스피, '종전협상' 불확실성에 3% 급락...외국인 3조원 던져",-0.462,1,2,http://www.metroseoul.co.kr/article/20260326500568
2026-03-26,"코스피, 반도체 투심 악화에 3.2% 급락…외국인은 또 조 단위 '팔자'",-0.8,0,3,https://www.ebn.co.kr/news/articleView.html?idxno=1703550
2026-03-26,"[마감시황] 코스피, 반도체·중동 불확실성에 5460선 후퇴…개인 3조 '나...",0.0,0,0,https://www.newspim.com/news/view/20260326001033
2026-03-26,"[마감시황] 코스피, 3%대 하락…5460선 마감",-0.261,0,1,http://www.segyebiz.com/newsView/20260326515421?OutUrl=naver
2026-03-26,‘터보퀀트’ 쇼크에 삼전·SK하닉 급락…코스피 3%↓,-0.408,1,2,https://www.dt.co.kr/article/12054093?ref=naver
2026-03-26,"[마감시황]코스피, 3% 넘게 급락…외국인·기관 동반 매도에 5450선 마감",-0.462,0,1,https://www.newsway.co.kr/news/view?ud=2026032615393719635
2026-03-26,[마감시황] 코스피 3.22% 하락한 5460.46 마감...외국인 3조970억 '순매도...,-0.261,0,1,https://www.g-enews.com/view.php?ud=202603261533178925edf69f862c_1
2026-03-26,"'삼전닉스' 신기술에 급락…""악재는 아냐"" 뜻밖의 전망",-0.8,0,3,http://www.wowtv.co.kr/NewsCenter/News/Read?articleId=A202603260422&t=NN
2026-03-26,막 오른 해상풍력 시장…제도 개편에 산업 전반 '대전환',0.0,0,0,https://www.pointdaily.co.kr/news/articleView.html?idxno=298254
2026-03-26,RIA 계좌에 담을 ETF...전문가들 선택은?,0.322,1,0,https://theviewers.co.kr/View.aspx?No=4018225
2026-03-26,베트남 현장경영 나선 HD현대 정기선…“답은 현장에 있다”,0.0,0,0,https://www.joongang.co.kr/article/25415035
2026-03-26,두산에너빌리티 주가 2%대 하락…10만 원선 공방 지속,-0.261,0,1,https://www.job-post.co.kr/news/articleView.html?idxno=211545
2026-03-26,"예탁원 ""이달 말 상장법인 895개사 정기주총 … 31일에만 667개사""",0.0,0,0,http://www.seoulwire.com/news/articleView.html?idxno=713484
2026-03-26,"DK아시아 '로열파크씨티', 하이엔드 주거 브랜드 1위",0.0,0,0,https://www.hankyung.com/article/202603267783O
2026-03-26,[티타임]코스피 5530선 등락…반도체 약세 속 외인 3조 가까이 매도,-0.322,1,2,https://www.sidae.com/article/2026032613214575556
2026-03-26,"코스피, 외국인 2.6조 매도에 5530선 후퇴…환율 1500원 웃돌아",-0.322,0,1,https://www.etoday.co.kr/news/view/2569653
2026-03-26,정기선 HD현대 회장 “해답은 현장에”…베트남 사업장 찾아 안전점검,0.0,0,0,https://www.hani.co.kr/arti/economy/marketing/1251205.html
2026-03-26,원전주 줄줄이 하락…두산에너빌리티·우리기술 동반 약세,-0.537,0,2,https://www.cbci.co.kr/news/articleView.html?idxno=563461
2026-03-26,"예탁원, 이달 말 상장법인 895개사 정기주총 … 31일 667개사 '집중'",0.0,0,0,https://biz.newdaily.co.kr/site/data/html/2026/03/26/2026032600240.html
2026-03-26,"美 ""4월 9일 종전""vs 이란 ""누구 맘대로?""…엇갈리는 양측",0.0,0,0,https://www.newstree.kr/newsView/ntr202603260011
2026-03-26,'터보퀀트發 악재' SK하닉 5%↓…코스피 5500선 아래로 [장중시황],-0.261,0,1,https://www.news1.kr/finance/market-exr/6114851
2026-03-26,"'현대건설 두산에너빌리티 협업' 페르미 원전 미국 규제 개선에 수혜, 환...",0.0,0,0,https://www.businesspost.co.kr/BP?command=article_view&num=434102
2026-03-26,"SK하닉은 사고, 삼전은 팔고…터보퀀트 충격에도 엇갈린 투심 [주식 초고...",0.0,0,0,https://www.sedaily.com/article/20024394?ref=naver
2026-03-26,"[속보] 코스피, 장중 낙폭 2%대로 확대…5500선 아래로",0.0,0,0,https://www.hankyung.com/article/2026032681566
2026-03-26,"'AI 신기술' 위협에…고수들, 삼전은 팔고 닉스는 쓸어 담았다 [마켓PRO...",0.0,0,0,https://www.hankyung.com/article/202603268048i
2026-03-26,"코스피 장중 외국인 매도세에 5540선 하락, 원/달러 환율 1503.2원 출발",-0.645,0,2,https://www.businesspost.co.kr/BP?command=article_view&num=434088
2026-03-26,"코스피, 美·이란 종전 협상 경계감에 2% 급락…코스닥도 하락 전환",-0.645,0,2,https://www.hankyung.com/article/2026032680446
2026-03-26,"[특징주] 만호제강, 흑자 전환·신사업·주주환원 기대…8% 상승",0.583,2,1,https://biz.chosun.com/stock/stock_general/2026/03/26/ANAO4TN2VZF3ZKOM3QAFMS3IA4/?utm_source=naver&utm_medium=original&utm_campaign=biz
2026-03-26,"두산에너빌리티 주가, 3월 26일 장중 101,900원 0.68% 하락",-0.261,0,1,https://www.joongangenews.com/news/articleView.html?idxno=506061
2026-03-26,"코스피, 미·이란 변수 속 5,550선 하락…삼성전자도 2%대 약세",-0.537,0,2,https://www.news2day.co.kr/article/20260326500042
2026-03-26,"DK아시아 '로열파크씨티', 하이엔드 주거 브랜드 평가지수 1위",0.0,0,0,http://www.fnnews.com/news/202603261018097659
2026-03-26,'미·이란 입장차' 코스피 1%대 하락 출발···반도체 약세 낙폭 확대,-0.537,0,2,https://www.seoulfn.com/news/articleView.html?idxno=624645
2026-03-26,"두산에너빌리티 등락, 오르비텍 비에이치아이 우리기술 하락...원전주, ...",-0.261,0,1,https://www.cbci.co.kr/news/articleView.html?idxno=563417
2026-03-26,"코스피, 중동 협상 기대와 불안 속 혼조···5500선 등락",0.0,0,0,https://www.ziksir.com/news/articleView.html?idxno=128580
2026-03-26,"여전한 지정학 리스크…코스피, 삼전닉스 약세에 5600선 이탈 [시황]",-0.322,0,1,https://www.dailian.co.kr/news/view/1625741/?sc=Naver
2026-03-26,"외국인 매도세에 코스피, 5590선 하락…환율도 1500원대",-0.462,1,2,https://www.mydaily.co.kr/page/view/2026032609544272284
2026-03-26,"두산에너빌리티 주가, 3월 26일 장중 102,400원 0.20% 하락세",-0.261,0,1,https://www.topstarnews.net/news/articleView.html?idxno=16016636
2026-03-26,"삼성·하이닉스 동반 약세···코스피, 5500선 하락 출발",-0.322,1,2,https://www.smartbizn.com/news/articleView.html?idxno=140323
2026-03-26,"코스피 5590선 등락 약세, 코스닥은 바이오가 상승 주도…환율 1505원",-0.322,1,2,https://www.sidae.com/article/2026032609231729782
2026-03-26,안갯속 미·이란 전쟁…코스피 장 초반 5600선 이탈 [이런국장 저런주식...,0.0,1,1,https://www.sedaily.com/article/20024301?ref=naver
2026-03-26,"코스피, 3거래일 만에↓…이란 전쟁 불확실성·메모리주 하락 탓",-0.261,0,1,https://www.mt.co.kr/stock/2026/03/26/2026032609025678442
2026-03-26,두산에너빌리티 장중 102800원 거래...혼조양상 휴전과 확전 사이,0.261,1,0,https://www.cbci.co.kr/news/articleView.html?idxno=563400
2026-03-26,"SK하닉 3.71%·삼성전자 2.86% 하락 …""터보퀀트發 악재"" [개장시황]",-0.261,0,1,https://www.news1.kr/finance/market-exr/6114514
2026-03-26,[개장시황] 美증시 상승에도… 코스피 소폭 하락 출발,0.0,1,1,https://www.ajunews.com/view/20260326090326868
2026-03-26,"[개장시황]코스피, '터보퀀트' 쇼크에 외인·기관 매도세…5594.06 출발",-0.604,0,2,https://www.newsway.co.kr/news/view?ud=2026032609211319996
2026-03-26,[장중시황] 코스피 1.2% 하락한 5570선 출발...제약·바이오 강세,0.067,1,1,https://www.g-enews.com/view.php?ud=202603260904538367df2f5bc1bc_1
2026-03-26,[서울데이터랩]개장 직후 인기 검색 종목 20選,0.604,2,0,https://www.seoul.co.kr/news/economy/securities/2026/03/26/20260326500043?wlog_tag3=naver
2026-03-26,"코스피, 미국·이란 협상 기대감에도 1%대 하락",-0.537,0,2,https://www.cstimes.com/news/articleView.html?idxno=699410
2026-03-26,코스피 약보합 출발…5500선 후반서 등락,0.261,1,0,https://www.digitaltoday.co.kr/news/articleView.html?idxno=645871
2026-03-26,코스피 5600선 아래로…코스닥은 상승,0.0,1,1,https://view.asiae.co.kr/article/2026032609274054097
2026-03-30,"[이넷뉴스 브랜드평판] 두산에너빌리티, 핵융합에너지 상장기업 3월 1위...",0.0,0,0,https://www.enetnews.co.kr/news/articleView.html?idxno=48230
2026-03-30,원전해체주 일제 하락…우리기술·두산에너빌리티·한전기술·비에이치...,0.0,1,1,https://www.cbci.co.kr/news/articleView.html?idxno=564029
2026-03-30,두산에너빌리티 주가 10만원선 이탈…美 원전주 약세 속 월말장 흐름은...,0.0,1,1,https://www.cbci.co.kr/news/articleView.html?idxno=564028
2026-03-29,중동전쟁으로 뒤바뀐 시총⋯방산 웃고 車 울고,0.0,0,0,http://www.inews24.com/view/1954590
2026-03-29,중동전쟁 한 달…증시조정 속 시총순위 지각변동·외국인 이탈에 환율 ...,0.537,2,0,https://www.econovill.com/news/articleView.html?idxno=735211
2026-03-29,AX·지식재산권 확보…무형자산 투자는 늘렸다,0.0,0,0,https://www.hankyung.com/article/2026032939931
2026-03-29,베트남 총서기장 만난 최태원·정기선 회장,0.0,0,0,https://www.mk.co.kr/article/12001659
2026-03-29,"""개인 vs 외국인""…중동 전쟁이후 역대급 '수급 매치'",0.0,0,0,https://www.ajunews.com/view/20260329143046586
2026-03-29,"‘방산’ 뜨고 ‘자동차·조선’ 부진…중동전쟁 한 달, 시총 지형 바뀌...",0.0,0,0,https://www.dt.co.kr/article/12054451?ref=naver
2026-03-29,"[ZD브리핑] KT 주총, 박윤영 대표 선임안 논의…현대車 북미라인업 공개",0.0,0,0,https://zdnet.co.kr/view/?no=20260329111326
2026-03-29,"외국인투자자, 3월 매매동향 살펴보니...전력·방산 ‘사들이고’ 반도...",0.0,0,0,https://www.g-enews.com/view.php?ud=202603291347121884edf69f862c_1
2026-03-29,이란전쟁 장기전 기로…주름 깊어지는 증시 코스피·코스닥 약세…코스...,-0.682,0,2,http://www.smedaily.co.kr/news/articleView.html?idxno=354610
2026-03-29,중동 전쟁 한 달에 시총 판도 변화…방산 웃고 車·조선 부진,0.0,0,0,https://www.newspim.com/news/view/20260329000043
2026-03-29,"방산주 웃고, 조선·자동차 울고…이란전쟁 한 달, 주도주 희비 교차 [이...",0.0,0,0,https://www.sedaily.com/article/20025324?ref=naver
2026-03-29,"중동전쟁 한 달, 코스피 시총 재편…방산 웃고 車·조선은 울상",0.0,0,0,http://www.edaily.co.kr/news/newspath.asp?newsid=01312006645388240
2026-03-29,"중동 전쟁 한 달, 방산주 자연스레 주목받아",0.0,0,0,http://www.kookje.co.kr/news2011/asp/newsbody.asp?code=0200&key=20260329.99099008817
2026-03-29,"[박수진의 머니워치] 美, 이란에 협상 압박…시장 변동성은",0.0,0,0,http://www.newswatch.kr/news/articleView.html?idxno=78781
2026-03-29,"[코스피·코스닥지수] 미국·이란 전쟁, 주름 깊어지는 증시...이스라엘...",0.0,0,0,https://www.lecturernews.com/news/articleView.html?idxno=199591
2026-03-29,"[김수현의 상한가] 개인, 삼전·하이닉스·현대차 싹쓸이…'신뢰의 매수...",0.462,1,0,https://www.joongangenews.com/news/articleView.html?idxno=506757
2026-03-29,"중동전쟁 한 달…시총 지형도 바뀌었다, 방산 뜨고 車·조선 밀려",0.0,0,0,https://www.etoday.co.kr/news/view/2570333
2026-03-29,"전쟁, 재계 판도 흔들었다…위기가 '기회'된 기업",0.0,0,0,http://www.wowtv.co.kr/NewsCenter/News/Read?articleId=A202603290004&t=NN
2026-03-29,역시 방산주…미국·이란 전쟁에 날개 단 ‘한화에어로스페이스’,0.0,0,0,https://www.munhwa.com/article/11578059?ref=naver
2026-03-29,중동 전쟁 한 달... 방산주 급부상·자동차·조선은 '휘청',0.0,0,0,https://www.pinpointnews.co.kr/news/articleView.html?idxno=440789
2026-03-29,중동전쟁 한 달…코스피·코스닥 시가총액 상위권 변화는,0.0,0,0,https://www.yna.co.kr/view/AKR20260328026300008?input=1195m
2026-03-29,"[마켓인사이트] 이란 전쟁, '장기전' 기로…주름 깊어지는 증시",-0.462,0,1,https://www.yna.co.kr/view/AKR20260328027900008?input=1195m
2026-03-29,"두산에너빌리티·우리기술·오르비텍 약세…원전주 흐름 '주목', 3월 남...",-0.537,0,2,https://www.cbci.co.kr/news/articleView.html?idxno=563971
2026-03-28,해외 원전 프로젝트 본격화…두산에너빌리티 수주 청신호,0.625,2,0,https://www.pinpointnews.co.kr/news/articleView.html?idxno=440751
2026-03-28,[주간 거래소 기관] 엘앤에프·SK바이오팜 쓸어 담고 삼성전자 서울보증...,-0.165,1,1,https://www.pinpointnews.co.kr/news/articleView.html?idxno=440695
2026-03-28,[주간 거래소 외국인] 방산·배터리 쓸어 담고 삼성전자 대거 매도…수...,0.261,1,0,https://www.pinpointnews.co.kr/news/articleView.html?idxno=440694
2026-03-28,"3월 27일 두산에너빌리티 주가 98,100원대 마감 5거래일 하락",-0.261,0,1,https://www.joongangenews.com/news/articleView.html?idxno=506770
2026-03-28,외국인 4조 던지자 개미 2조7000억으로 받았다…코스피 5200→5400 극적 반...,-0.322,0,1,https://www.bntnews.co.kr/article/view/bnt202603280016
2026-03-28,SMR·AI 거점 선점… 美 원전 인허가 ‘14개월’ 속전속결 시대 연다,0.0,0,0,https://www.g-enews.com/view.php?ud=20260328060338934fbbec65dfb_1
2026-03-28,두산에너빌리티 주가 주말 앞두고 약세로…새주장 10만빌리티 회복 여부...,-0.322,0,1,https://www.cbci.co.kr/news/articleView.html?idxno=563751
2026-03-31,전쟁 이후 국내증시 떠나는 외국인…그래도 쓸어담은 종목은[굳어지는...,0.0,0,0,https://www.etoday.co.kr/news/view/2570818
2026-03-31,[ETF 업&다운] 국내 '최초' 맞대결…두산 그룹주 vs AI저작권 ETF '출격',0.0,0,0,https://www.news1.kr/finance/general-stock/6118954
2026-03-31,[오늘(31일)의 경제·산업 주요 일정·행사] 막바지 기업체 '주총' 등,0.0,0,0,http://www.popcornnews.net/news/articleView.html?idxno=116828
2026-03-31,“나흘째 계좌 안 열고 있습니다”­…전쟁리스크에 코스피도 원화값도...,-0.645,0,2,https://www.mk.co.kr/article/12003001
2026-03-31,"두산에너빌리티, 2조 사우디 발전사업 수주…EPC '톱티어' 입증",0.38,1,0,https://www.mt.co.kr/estate/2026/03/31/2026032711034738778
2026-03-31,"원자력발전 관련주, '맑고 화창' 한미글로벌·금양그린파워·DL이앤씨.....",-0.261,0,1,http://www.finomy.com/news/articleView.html?idxno=252343
2026-03-31,우리기술 주가 7% 주루룩…월말장 흐름은?,-0.261,0,1,https://www.cbci.co.kr/news/articleView.html?idxno=564210
2026-03-31,"두산에너빌리티, 3월 마지막 장 앞두고 '털썩'...원전주 하락 속 향방은...",-0.261,0,1,https://www.cbci.co.kr/news/articleView.html?idxno=564226
2026-03-30,"코스피, 외인 매도에 하락 마감...LG에너지솔루션 상승 VS SK스퀘어, SK하...",0.0,1,1,http://www.econonews.co.kr/news/articleView.html?idxno=433457
2026-03-30,[증시 오늘] 하락의 끝은 어딜까…5200도 위태,-0.537,0,2,https://www.bigtanews.co.kr/article/view/big202603300026
2026-03-30,"['클릭' 증시] 신뢰 잃은 트럼프, 정체 불명 성공적 협상 대상",0.0,1,1,http://www.00news.co.kr/news/articleView.html?idxno=102911
2026-03-30,"금융위기 이후 최대 충격...환율 1,520원 돌파·코스피 3% 급락",-0.682,1,3,https://www.polinews.co.kr/news/articleView.html?idxno=726985
2026-03-30,"풍력에너지 관련주, '봄바람 살랑살랑' 금양그린파워·대명에너지·SK오...",-0.261,0,1,http://www.finomy.com/news/articleView.html?idxno=252333
2026-03-30,월요일부터 출렁…중동발 불안에 환율 1520원 넘고 코스피 5300선 붕괴,0.408,1,0,https://biz.heraldcorp.com/article/10705936?ref=naver
2026-03-30,"'중동 전쟁 격화' 속 코스피, 3% 가량 하락해 5300선도 깨졌다…코스닥...",-0.261,0,1,https://www.thepublic.kr/news/articleView.html?idxno=299231
2026-03-30,"코스피 3%가량 하락...환율 금융위기 이후 처음 1,520원 넘어",-0.537,0,2,http://www.newsfc.co.kr/news/articleView.html?idxno=77735
2026-03-30,"[마감시황] 중동 긴장 고조…코스피, 3% 하락",-0.261,0,1,http://www.hansbiz.co.kr/news/articleView.html?idxno=828789
2026-03-30,길어지는 이란전쟁에 … 개미도 힘 빠졌나,-0.645,0,2,https://www.mk.co.kr/article/12002616
2026-03-30,중동 리스크에 코스피 3% 급락… 환율 1520원 돌파,-0.462,1,2,https://it.chosun.com/news/articleView.html?idxno=2023092159527
2026-03-30,"전쟁 한 달 ‘그룹주 ETF 희비’…한화 선방, 현대차·삼성 약세",-0.322,0,1,https://www.sedaily.com/article/20025992?ref=naver
2026-03-30,"끝 안 보이는 중동전쟁…환율 1,520원 넘고 코스피 5,300 아래로",0.165,1,1,https://www.yna.co.kr/view/AKR20260330151600002?input=1195m
2026-03-30,"코스피, 중동 긴장 고조에 3%가량 하락 5,270대 마감",-0.165,1,2,https://www.delighti.co.kr/news/articleView.html?idxno=114520
2026-03-30,코스피 3% 하락… 중동 리스크·트럼프 발언에 투심 위축,0.0,1,1,https://www.econovill.com/news/articleView.html?idxno=735356
2026-03-30,"[이슈] 대우건설, 도시정비·원전 투트랙 '순항'...""올해 18조 수주 달성...",0.38,1,0,http://www.paxetv.com/news/articleView.html?idxno=267407
2026-03-30,"[Chip War] 두산그룹 '효자' 테스나, 시스템반도체 테스트 1위 '수성' 이...",0.322,1,0,http://www.wikileaks-kr.org/news/articleView.html?idxno=185603
2026-03-30,"코스피 외국인 매도에 2%대 하락 5270선, 원/달러 환율도 상승 1515.7원",-0.462,1,2,https://www.businesspost.co.kr/BP?command=article_view&num=434465
2026-03-30,"증시,이란戰 불확실성 확대에 하락세... 코스피, 5270선으로 후퇴",-0.261,0,1,https://www.getnews.co.kr/news/articleView.html?idxno=866439
2026-03-30,"'2.4조 유상증자' 반발 진화 나선 한화솔루션…""1분기 흑자, 신용등급 방...",0.0,0,0,http://www.fntimes.com/html/view.php?ud=2026033017064734710d260cda75_18
2026-03-30,트럼프 한마디에 무너진 시장… 외국인 2조 폭풍 매도,-0.261,0,1,https://www.pinpointnews.co.kr/news/articleView.html?idxno=441253
2026-03-30,"[마감시황] 코스피, 트럼프 '이란 석유 장악' 발언에 장중 5% 급락…5270...",-0.8,0,3,http://www.kdfnews.com/news/articleView.html?idxno=181214
2026-03-30,중동 정세·마지막 FOMC 남은 파월…코스피 야간선물 주목,-0.261,0,1,https://www.mt.co.kr/stock/2026/03/30/2026033016135370470
2026-03-30,[코스피 지수선물 옵션] 미결제약정 급증…큰손들은 이미 방향 정했다,-0.645,0,2,https://www.pinpointnews.co.kr/news/articleView.html?idxno=441250
2026-03-30,"코스피, 중동 긴장 고조에 3% 하락…5,270대 마감",0.462,2,1,http://mbnmoney.mbn.co.kr/news/view?news_no=MM1005801335
2026-03-30,중동 불확실성·유가 급등…코스피 3% 조정 5277.30 마감,0.645,2,0,https://www.mediapen.com/news/view/1090070
2026-03-30,중동 전쟁 확전 우려에 코스피 3% 가까이 급락,-0.462,1,2,https://www.dnews.co.kr/uhtml/view.jsp?idxno=202603301616267070234
2026-03-30,중동 긴장·유가 급등에 코스피 3% 급락…외국인 2조원대 순매도 [마감시...,-0.38,1,2,https://www.ekn.kr/web/view.php?key=20260330023152412
2026-03-30,"코스피, 중동 긴장 고조에 휘청…3%대 하락해 5270대 마감",0.462,2,1,https://www.pointdaily.co.kr/news/articleView.html?idxno=298925
2026-03-30,"코스피,중동 긴장고조에 3%↓ 5,270대...환율 1,515원대로 올라",-0.537,0,2,http://www.seouleconews.com/news/articleView.html?idxno=90324
2026-03-30,"코스피, 중동 리스크에 5300선도 붕괴···외인 이탈 러시[마감시황]",-0.261,0,1,https://www.newsway.co.kr/news/view?ud=2026033016253923003
2026-03-30,‘전쟁 직격탄’ 코스피 3일 연속 하락…5200선으로 후퇴 [투자360],0.462,2,1,https://biz.heraldcorp.com/article/10705817?ref=naver
2026-03-30,"코스피, 중동 전쟁 장기화 우려·유가 폭등으로 2.97% 하락 마감",-0.537,0,2,http://www.techholic.co.kr/news/articleView.html?idxno=220576
2026-03-30,이란 전쟁 장기화에 코스피 3% 급락…유증 논란 한화솔루션은 2.7% 올라,-0.462,0,1,https://www.ddaily.co.kr/page/view/2026033016140774935
2026-03-30,"[마감시황] 코스피, 외국인 2조 매도에 3% 하락…5270선 마감",-0.322,1,2,https://www.newspim.com/news/view/20260330001046
2026-03-30,유가급등·중동 전황에 코스피 2.97% 급락해 5277.30,-0.067,1,1,https://www.newsfreezone.co.kr/news/articleView.html?idxno=682496
2026-03-30,"[마감시황] 코스피, 중동 전쟁 우려에 3% 급락…3거래일 연속 하락",-0.8,0,3,https://www.viva100.com/article/20260330501141
2026-03-30,"코스피, 중동 긴장·외국인 매도에 급락…5270선 마감",-0.922,0,4,https://www.ziksir.com/news/articleView.html?idxno=129055
2026-03-30,"트럼프 '오락가락', 코스피 '추락'...원화환율 '또 급등'",-0.322,1,2,http://www.choicenews.co.kr/news/articleView.html?idxno=163033
2026-03-30,지상전 '긴장감'이 협상 기대 압도…코스피 2.97% 하락 마감[시황종합],-0.261,0,1,https://www.news1.kr/finance/general-stock/6118890
2026-03-30,방산·원전으로 제조업 재건 속도…SMR 중심 생태계 복원,0.0,0,0,https://www.mk.co.kr/article/12002396
2026-03-30,"코스피, 외인 2조 '팔자' 5200선까지 밀려…환율 1515원↑",-0.261,0,1,https://news.tf.co.kr/read/economy/2307705.htm
2026-03-30,도시가 공장 된다 … AI로 제조 대전환,0.0,0,0,https://www.mk.co.kr/article/12002398
2026-03-30,"코스피, 중동 전쟁 영향 3%대 급락...외인 8거래일 연속 1조 순매도",-0.645,0,2,https://www.digitaltoday.co.kr/news/articleView.html?idxno=649554
2026-03-30,"웰드비스, 제22회 창원국제용접 및 절단자동화전서 HDR급 용접 비전 시스...",0.0,0,0,https://kr.aving.net/news/articleView.html?idxno=1810016
2026-03-30,"코스피, 5200선 후퇴…코스닥도 3% 하락 [MTN 마감시황]",-0.261,0,1,https://news.mtn.co.kr/news-detail/2026033016045015411
2026-03-30,"“중동 리스크, 지긋지긋하다”…코스피 3% 급락, 외국인 2조 던졌다",-0.462,0,1,https://www.mk.co.kr/article/12002369
2026-03-30,"코스피, 중동 리스크에 3% 하락한 5270선…환율, 1515.7원",0.0,1,1,https://www.mydaily.co.kr/page/view/2026033016073339679
2026-03-30,[마감시황] 미국·이란 대치 장기화에 코스피 5270선 후퇴…국제 유가 상...,-0.322,0,1,https://www.ajunews.com/view/20260330155514282
2026-03-30,"코스피·코스닥, 중동 리스크에 동반 급락",-0.682,0,2,https://www.straightnews.co.kr/news/articleView.html?idxno=298861
2026-03-30,"코스피, 중동 긴장 고조에 3%가량 하락 5,270대 마감(종합)",-0.537,0,2,https://www.yna.co.kr/view/AKR20260330132600008?input=1195m
2026-03-30,"(마감시황) 코스피, 중동발 ‘오일 쇼크’에 2.97%↓…5,200선 턱걸이 방...",0.0,0,0,https://www.news2day.co.kr/article/20260330500197
2026-03-30,"코스피, 중동 확전 공포에 3% 급락...5277.30 마감",-0.462,1,2,http://www.metroseoul.co.kr/article/20260330500621
2026-03-30,중동 전쟁 확전 우려에 국내 증시 하락 마감…코스피 5200선,-0.261,0,1,https://view.asiae.co.kr/article/2026033016042122990
2026-03-30,전쟁 리스크에 외인 2조 던졌다…코스피 5200선 후퇴 [시황],0.0,0,0,https://www.dailian.co.kr/news/view/1627206/?sc=Naver
2026-03-30,美·이란 전쟁 확전 우려에 코스피 약세 다시 치솟은 유가…SK하이닉스...,-0.322,0,1,http://www.smedaily.co.kr/news/articleView.html?idxno=354695
2026-03-30,중동 확전 우려에 증시 휘청…유가∙환율 전방위 압박,0.0,0,0,http://www.segyebiz.com/newsView/20260330514082?OutUrl=naver
2026-03-30,코스피·닛케이 나란히 장중 '5.3%' 급락…중동에 아시아 휘청,-0.462,0,1,https://www.mt.co.kr/stock/2026/03/30/2026033015515647456
2026-03-30,‘확전 공포’에 코스피 3% 가까이 하락…SK하닉 5.31% ↓,0.067,1,1,https://www.dt.co.kr/article/12054665?ref=naver
2026-03-30,"[시황] 코스피, 전쟁 장기화 우려에 3% '뚝'…5200선 마감",-0.261,0,1,http://www.newsdream.kr/news/articleView.html?idxno=110655
2026-03-30,외인 2조 던지고 개미 받고…코스피 2%대 내린 5200선 마감,-0.261,0,1,http://www.edaily.co.kr/news/newspath.asp?newsid=03814646645388568
2026-03-30,코스피 2.97% 하락한 5277.30 마감...반도체·자동차 약세,-0.537,0,2,https://www.g-enews.com/view.php?ud=202603301541541958df2f5bc1bc_1
2026-03-30,"[오늘증시]코스피, 유가 급등·전쟁 우려에 2.97% 급락…5277선 마감",-0.322,1,2,https://www.sidae.com/article/2026033015473422223
2026-03-30,"중동 리스크 확대, 코스피 3% 내린 5277.3 마감...이차전지 '생존'",0.645,2,0,http://www.opinionnews.co.kr/news/articleView.html?idxno=135916
2026-03-30,"코스피, 외국인 매도 폭탄에도 기관 '사자' 전환에 낙폭 줄이며 5270선 마...",-0.462,0,1,https://www.etoday.co.kr/news/view/2570799
2026-03-30,"코스피, 중동 확전 우려에 5270선 후퇴…낙폭은 줄여",-0.322,0,1,https://www.hankyung.com/article/2026033060296
2026-03-30,'확전 공포'에 외인 2조 던졌다…터보퀀트까지 '겹악재',0.0,1,1,http://www.wowtv.co.kr/NewsCenter/News/Read?articleId=A202603300196&t=NN
2026-03-30,"[펀드매니저 리포트] 한화운용, 기술·글로벌 향하는 43명의 '설계자'",0.0,0,0,https://www.bloter.net/news/articleView.html?idxno=658095
2026-03-30,개미 1조 사고 기관 순매수 전환…코스피 낙폭 줄여 5270선 회복[장중시...,0.0,0,0,https://www.news1.kr/finance/general-stock/6118595
2026-03-30,"美 페르미, 텍사스 대형원전 기자재 구매비 2500억 조달",0.0,0,0,https://www.theguru.co.kr/news/article.html?no=99876
2026-03-30,"대명에너지, 태양광·풍력 설계부터 운영까지… 신재생 전 과정 석권",-0.261,0,1,https://www.pinpointnews.co.kr/news/articleView.html?idxno=441139
2026-03-30,"기관 ‘사자’ 전환…코스피, 낙폭 줄여 5200선 회복",-0.261,0,1,http://www.edaily.co.kr/news/newspath.asp?newsid=03339046645388568
2026-03-30,"[티타임]코스피, 5200선 붕괴 후 반등 성공…5278선 회복",0.322,1,0,https://www.sidae.com/article/2026033013382467728
2026-03-30,"코스피, 하락폭 줄이며 5200선 회복…개인은 오늘도 '사자'",-0.261,0,1,https://www.etoday.co.kr/news/view/2570684
2026-03-30,[위클리오늘] 30일 정오의 인기종목,0.0,0,0,http://www.weeklytoday.com/news/articleView.html?idxno=768043
2026-03-30,끝나지 않는 전쟁…수익률 상위 투자자는 바이오·VC株 담닸다 [주식 초...,0.0,0,0,https://www.sedaily.com/article/20025781?ref=naver
2026-03-30,"‘꽉 잡았는데도’…중동 확전 공포 확산, IMF수준 환율·곤두박질 증시",-0.645,0,2,https://www.munhwa.com/article/11578331?ref=naver
2026-03-30,"두산에너빌리티 주가, 3월 30일 장중 93,600원 4.59% 하락",-0.261,0,1,https://www.topstarnews.net/news/articleView.html?idxno=16019976
2026-03-30,"코스피 이란 전쟁 장기화 우려에 4%대 하락 5120선, 코스닥도 3%대 내려",-0.261,0,1,https://www.businesspost.co.kr/BP?command=article_view&num=434395
2026-03-30,우리기술 비에이치아이 두산에너빌리티 오르비텍 우진 하락…트럼프 대...,-0.537,0,2,https://www.cbci.co.kr/news/articleView.html?idxno=564118
2026-03-30,"삼성전자·하이닉스 던진 고수들…""지금은 이걸 사라"" 뭉칫돈 [마켓PRO]",0.0,0,0,https://www.hankyung.com/article/202603304535i
2026-03-30,코스피 5% 급락·삼성전자 급하락...후티 전쟁 참전·유가 폭등 여파,-0.645,0,2,https://www.ppss.kr/news/articleView.html?idxno=290261
2026-03-30,홍해까지 위기설…확전 도미노에 5200선 위태,0.0,0,0,https://www.mt.co.kr/stock/2026/03/30/2026033010183784822
2026-03-30,"코스피, 이란전쟁 여파 속 4% 밀리며 5,200선 턱걸이…삼성전자도 3% 약...",0.0,0,0,https://www.news2day.co.kr/article/20260330500056
2026-03-30,개인 vs 외국인·기관…코스피 5200선 수급 공방[장중시황],0.0,0,0,https://www.news1.kr/finance/general-stock/6118285
2026-03-30,출구없는 이란전쟁…코스피 5200선 무너졌다,-0.537,0,2,https://biz.heraldcorp.com/article/10705363?ref=naver
2026-03-30,"코스피, 중동 긴장 격화에 5200선으 급락",-0.462,0,1,https://www.ziksir.com/news/articleView.html?idxno=128966
2026-03-30,"""연구자 중심 체질 전환""…중앙대, 전주기 산학협력 선순환 구축",0.0,0,0,https://www.mt.co.kr/policy/2026/03/30/2026033009501124708
2026-03-30,배당 ETF에 삼성·하이닉스가 35% [수상한액티브①],0.0,0,0,http://www.wowtv.co.kr/NewsCenter/News/Read?articleId=A202603300055&t=NN
2026-03-30,"두산에너빌리티 주가, 3월 30일 장중 93,000원 5.20% 하락",-0.261,0,1,https://www.joongangenews.com/news/articleView.html?idxno=506982
2026-03-30,두산에너빌리티 시그널은...종전 확전 여부 갈림길,0.0,1,1,https://www.cbci.co.kr/news/articleView.html?idxno=564094
2026-04-01,"[ESG How] 박지원 회장, 두산에너빌리티 10년째 소유·경영 독식",0.0,0,0,http://www.hansbiz.co.kr/news/articleView.html?idxno=828552
2026-04-01,"‘중동發 쇼크’ 코스피 5000선 위태... 환율, 외환위기 이후 최악",-0.261,0,1,https://www.mediawatch.kr/news/article.html?no=259133
2026-04-01,"""AI가 업의 본질을 바꾼다""…재계 전방위 AX 전쟁 개막",0.0,0,0,https://www.pointdaily.co.kr/news/articleView.html?idxno=298971
2026-04-01,우리기술 주가 연속 약세 속 2만원은 지켰다…'원전주 약세' 파고 속 4월...,-0.537,0,2,https://www.cbci.co.kr/news/articleView.html?idxno=564504
2026-04-01,"두산에너빌리티 주가 3월 마지막 장 앞두고 '움찔', 섹터도 하방압력…...",-0.261,0,1,https://www.cbci.co.kr/news/articleView.html?idxno=564502
2026-03-31,'원전 메카' 경남 중심 SMR 산업 육성해야,0.0,0,0,http://www.gnmaeil.com/news/articleView.html?idxno=583551
2026-03-31,"“데뷔날에 온동네 초상집”…두산그룹ETF, 상장 첫날 3.7% 빠져",0.0,0,0,https://www.mk.co.kr/article/12004251
2026-03-31,"코스피, 외인 매도에 하락 마감...SK스퀘어, SK하이닉스, 삼성전자, 현대...",-0.261,0,1,http://www.econonews.co.kr/news/articleView.html?idxno=433629
2026-03-31,“SMR특별법 발맞춰… 稅혜택으로 민간참여 유인을”,0.0,0,0,http://www.knnews.co.kr/news/articleView.php?idxno=1485501
2026-03-31,"두산에너빌리티, 1304억 규모 자사주 취득 결정…임직원 보상 목적",0.0,0,0,https://www.cbci.co.kr/news/articleView.html?idxno=564562
2026-03-31,"9월 SMR 특별법 시행 앞두고…경남, 'SMR 제조 거점' 선점 시동",0.0,0,0,https://www.newsgn.com/news/articleView.html?idxno=543868
2026-03-31,"현대차·삼성 주가 흔들리자…그룹주 ETF 동반 하락, 혼합형만 방어",-0.261,0,1,https://www.econovill.com/news/articleView.html?idxno=735524
2026-03-31,"""SMR 골든타임 3~5년"" 특별법 이후 속도전 돌입한 한국형 i-SMR",0.0,0,0,https://www.econovill.com/news/articleView.html?idxno=735525
2026-03-31,"코스피 외국인 매도세에 5050선 하락 마감, 원/달러 환율 1530원 위로",-0.645,0,2,https://www.businesspost.co.kr/BP?command=article_view&num=434612
2026-03-31,"""경남을 SMR 산업 중심 육성""…도·창원시·지역 국회의원 토론회",0.0,0,0,http://www.gndomin.com/news/articleView.html?idxno=470630
2026-03-31,['클릭' 증시] 중동발 '지상전 공포'에 코스피·코스닥 동반 폭락,-0.732,0,2,http://www.00news.co.kr/news/articleView.html?idxno=102932
2026-03-31,"[현장] SMR '1호기' 적기 건설, 글로벌 경쟁 승부 가른다",0.0,0,0,http://www.enewstoday.co.kr/news/articleView.html?idxno=2413248
2026-03-31,"[공매도 브리핑] 3월 31일 2조 3,733억…GKL·메디톡스 상위",-0.462,0,1,https://www.topstarnews.net/news/articleView.html?idxno=16021639
2026-03-31,"AI 시대 전력 수요 채울 SMR…""산업 생태계 위한 지원 필요""",0.0,0,0,https://www.sidae.com/article/2026033117091537499
2026-03-31,"[2026 주총] 박지원 두산에너빌리티 회장, 재선임 '19년 경영'…""SMR 원년...",0.0,0,0,https://www.financialpost.co.kr/news/articleView.html?idxno=253715
2026-03-31,[사진]두산에너빌리티 '2026 해외건설대상' 종합대상 수상,0.0,0,0,https://www.mt.co.kr/estate/2026/03/31/2026033117303033975
2026-03-31,[사진]'2026 해외건설대상' 개최,0.0,0,0,https://www.mt.co.kr/estate/2026/03/31/2026033117311587758
2026-03-31,"우리운용, 두산그룹포커스 ETF 상장",0.0,0,0,http://www.segyebiz.com/newsView/20260331519017?OutUrl=naver
2026-03-31,"한수원 실장 ""한국, 원전 생태계 몸값 높은 지금 속도 내야""…SMR 토론회",0.0,0,0,https://news.einfomax.co.kr/news/articleView.html?idxno=4406974
2026-03-31,"코스피, 4% 하락해 5050선 마감…코스닥도 약 5% 하락",-0.537,0,2,https://www.thepublic.kr/news/articleView.html?idxno=299396
2026-03-31,코스피 나흘째 하락하며 5100선 붕괴…외인 3兆 순매도,-0.537,0,2,https://www.dnews.co.kr/uhtml/view.jsp?idxno=202603311642017650424
2026-03-31,"중동전쟁 후 3월 한 달, 韓 증시 시총 1000兆 증발",0.0,0,0,https://www.dnews.co.kr/uhtml/view.jsp?idxno=202603311524582340403
2026-03-31,"[오늘의 주요공시·31일] 삼성전자, 14조5800억 자사주 소각",0.0,0,0,https://www.safetimes.co.kr/news/articleView.html?idxno=241266
2026-03-31,SMR 특별법 제정 이후…“산업화 위한 민간 참여 유인 마련해야”,0.0,0,0,https://www.etoday.co.kr/news/view/2571317
2026-03-31,코스피 장중 5100 붕괴…중동 리스크·환율 급등에 4% 급락,-0.067,1,1,http://www.newstomato.com/ReadNews.aspx?no=1296221&inflow=N
2026-03-31,"경남도, SMR 산업 활성화를 위한 국회 토론회 개최",0.0,0,0,https://www.newsgn.com/news/articleView.html?idxno=543779
2026-03-31,"코스피 4% 급락 5050선 붕괴··· 외국인 3.8조 매도에도 ""지금은 과도...",-0.645,0,2,https://www.greenpostkorea.co.kr/news/articleView.html?idxno=306423
2026-03-31,"""이달만 35.8조"" 외인 역대급 투매…코스피 앞날, '이것'에 달렸다",0.0,0,0,https://www.mt.co.kr/stock/2026/03/31/2026033116411825675
2026-03-31,[코스피 지수선물 옵션] 삼성전자·SK하이닉스 급락…대형주 줄줄이 밀...,-0.645,1,3,https://www.pinpointnews.co.kr/news/articleView.html?idxno=441611
2026-03-31,"""뼈대 세운 SMR 특별법, 이제는 살 붙일 때""…국회서 머리 맞대",0.0,0,0,https://www.nocutnews.co.kr/news/6494223?utm_source=naver&utm_medium=article&utm_campaign=20260331043919
2026-03-31,"1530원대까지 치솟은 환율, 코스피 직격…5000선 '흔들'",-0.261,0,1,https://www.ddaily.co.kr/page/view/2026033116300269526
2026-03-31,"코스피 5000선 ‘위태’…달러당 원화값 1530원, 금융위기 이후 최저",-0.261,0,1,https://www.viva100.com/article/20260331501246
2026-03-31,[서울데이터랩]3월 31일 코스피 주요 종목 마감시황,-0.537,0,2,https://www.seoul.co.kr/news/economy/securities/2026/03/31/20260331500262?wlog_tag3=naver
2026-03-31,[서울데이터랩]마감 직후 인기 검색 종목 20選,0.0,1,1,https://www.seoul.co.kr/news/economy/securities/2026/03/31/20260331500263?wlog_tag3=naver
2026-03-31,"'머니투데이 2026 해외건설대상' 성료…""고부가가치 사업 전환""",0.0,0,0,https://www.mt.co.kr/estate/2026/04/01/2026033116012686894
2026-03-31,경남도 'SMR 산업 활성화 정책토론회' 국회서 개최,0.0,0,0,https://www.newsis.com/view/NISX20260331_0003571866
2026-03-31,"우리자산운용, 'WON 두산그룹포커스' ETF 상장",0.0,0,0,https://www.newspim.com/news/view/20260331000916
2026-03-31,"원화환율 '폭등' 속, 코스피 '요동'...韓 금융시장 '패닉'",-0.462,0,1,http://www.choicenews.co.kr/news/articleView.html?idxno=163090
2026-03-31,코스피 5100선 무너져… 코스닥 4%대 후퇴,-0.261,0,1,https://www.newsclaim.co.kr/news/articleView.html?idxno=3059495
2026-03-31,중동 전쟁 불확실성에 코스피 5050대로 공급망교란 우려…SK하이닉스 7....,0.0,0,0,http://www.smedaily.co.kr/news/articleView.html?idxno=354788
2026-03-31,"코스피, 외인 이탈에 5100선도 붕괴…16만전자·80만닉스로 '뚝'[마감시...",0.0,0,0,https://www.newsway.co.kr/news/view?ud=2026033115425108223
2026-03-31,이란 전쟁 우려 속 코스피 5000선 겨우 방어…환율 17년 만에 1530원 돌파,0.261,1,0,https://www.mydaily.co.kr/page/view/2026033116180241498
2026-03-31,"[마감시황] 코스피, 외국인 3.8조 매도에 4% 하락.. 환율 1530원 돌파",0.0,1,1,https://www.newspim.com/news/view/20260331001013
2026-03-31,"코스피, 5100선 붕괴…중동 전쟁 장기화에 유가·환율 동반 급등",0.165,1,1,https://www.straightnews.co.kr/news/articleView.html?idxno=298988
2026-03-31,코스피·코스닥 동반 4%대 급락⋯외국인 4조원 투매에 ‘검은 화요일’,-0.682,0,2,https://www.etoday.co.kr/news/view/2571287
2026-03-31,외인 3.8조 매도에 반도체 투톱 '흔들'… 코스피 4.26% 급락 마감,-0.645,0,2,https://www.cjb.co.kr/home/sub.php?menukey=61&mod=view&P_NO=260331508&PRO_CODE=99
2026-03-31,"'중동전·터보퀀트' 韓 시장 이중 강타 … 코스피 5000붕괴 목전, 달러 ...",-0.537,0,2,https://biz.newdaily.co.kr/site/data/html/2026/03/31/2026033100374.html
2026-03-31,코스피 5100선 이탈…환율 17년 만 최고치 [MTN 마감시황],0.0,0,0,https://news.mtn.co.kr/news-detail/2026033116082265317
2026-03-31,"[오늘증시]코스피, 뉴욕발 반도체 지수 폭락에 4.26%↓ 5052선 마감",-0.762,0,2,https://www.sidae.com/article/2026033115593549698
2026-03-31,"코스피, 5000포인트 사수...外人, 이달 35조 투매 역대 최대 [마켓시그널...",-0.322,0,1,https://www.sedaily.com/article/20026488?ref=naver
2026-03-31,"코스피, 4.26% 급락 마감…外人 3.8조 매도에 반도체 '투톱' 흔들(종합)",-0.645,0,2,https://www.newsis.com/view/NISX20260331_0003571868
2026-03-31,[거래소 기관] 1.3조 베팅 SK하이닉스…반도체로 다시 몰렸다,0.38,1,0,https://www.pinpointnews.co.kr/news/articleView.html?idxno=441586
2026-03-31,"코스피, 외국인 팔자에 4% 급락...5000선 턱걸이",-0.462,1,2,http://www.metroseoul.co.kr/article/20260331500475
2026-03-31,"코스피, 중동 전쟁 확산 우려에 4% 급락...5050선 마감",-0.462,0,1,https://www.cstimes.com/news/articleView.html?idxno=700250
2026-03-31,[거래소 외국인] 삼성전자 2조 '폭풍 매도'…반도체 대이동 시작,0.0,0,0,https://www.pinpointnews.co.kr/news/articleView.html?idxno=441578
2026-03-31,[마감시황] 이란 사태 불확실성에 코스피 5000p '위태'…4거래일 연속 하...,0.0,0,0,https://www.ajunews.com/view/20260331153546154
2026-03-31,"코스피, 한 달 만에 5100선 붕괴…외국인 9거래일 연속 매도[마감]",0.0,0,0,http://www.edaily.co.kr/news/newspath.asp?newsid=04949526645388896
2026-03-31,"환율 1530 뚫자 3.8조 던진 외인…""결국 16만전자"" 5100피 와르르",0.0,0,0,https://www.mt.co.kr/stock/2026/03/31/2026033115580336381
2026-03-31,"4%대 급락한 증시, 간신히 버텼다…오천피·천스닥 ‘턱걸이’",-0.645,0,2,https://www.mk.co.kr/article/12003634
2026-03-31,[증권가로수]신한증권/우리자산운용/코빗/바이낸스,0.0,0,0,https://www.dnews.co.kr/uhtml/view.jsp?idxno=202603310904227490284
2026-03-31,[시황] 외인 3.8조 '팔자'에…코스피 4% 급락 마감,-0.645,0,2,http://www.newsdream.kr/news/articleView.html?idxno=110771
2026-03-31,중동 불안 속 외인 9일 연속 매도세…코스피 5000선 위협[fn마감시황],-0.322,0,1,http://www.fnnews.com/news/202603311556176823
2026-03-31,[ETF줍줍] 미래에셋·삼성·한화자산운용 외,0.0,0,0,http://www.newsprime.co.kr/news/article.html?no=728768
2026-03-31,"구멍 내는 외국인, 버티는 개미…코스피, 4% 급락 마감 [시황]",-0.462,0,1,https://www.dailian.co.kr/news/view/1627783/?sc=Naver
2026-03-31,"코스피, 외국인 3.8조 순매도에 4%대 급락…5050선 마감",-0.645,0,2,https://view.asiae.co.kr/article/2026033115572629582
2026-03-31,"1530원 뚫린 환율에 추경까지…코스피 4% 급락, 5000선 붕괴 '초읽기'",-0.462,0,1,https://news.tf.co.kr/read/economy/2308200.htm
2026-03-31,"코스피, 4.26% 내린 5052.46 마감...외인 이달 총 '36조' 순매도",-0.322,0,1,http://www.opinionnews.co.kr/news/articleView.html?idxno=135995
2026-03-31,"코스피, 전쟁 후 최저치로…환율 급등에 '오천피'도 위태",0.1,1,1,https://www.hankyung.com/article/2026033189966
2026-03-31,코스피 4.26% 하락한 5052.46 마감...반도체·자동차 '급락',-0.645,0,2,https://www.g-enews.com/view.php?ud=202603311535557649df2f5bc1bc_1
2026-03-31,"[마감시황] 코스피, 4% 넘게 내려…간신히 5000선 사수",0.0,0,0,http://www.segyebiz.com/newsView/20260331515584?OutUrl=naver
2026-03-31,"""하늘이 무너져도 솟아날 중소형주는 있다""...전쟁통에도 급등한 종목은...",0.408,1,0,http://www.opinionnews.co.kr/news/articleView.html?idxno=135989
2026-03-31,외인 3.8조 '투매' 반도체 투톱 '흔들'…5000선 겨우 지켰다,-0.645,0,2,http://www.wowtv.co.kr/NewsCenter/News/Read?articleId=A202603310486&t=NN
2026-03-31,"유증 배신 없다…두산에너빌, 투자로 주가 띄워 환원 노린다",0.322,1,0,https://news.einfomax.co.kr/news/articleView.html?idxno=4406942
2026-03-31,"[금융잇-슈!] ""1년 새 4배 급등""...두산에너빌리티가 가져온 '빅 리레이...",0.408,1,0,https://www.handmk.com/news/articleView.html?idxno=36813
2026-03-31,외국인 매도에 코스피 5천선 위협…환율 1530원 돌파 '17년만에 최고',-0.513,1,2,https://www.econovill.com/news/articleView.html?idxno=735480
2026-03-31,중동 전쟁에 반도체 쇼크까지...코스피 5100선 사수 '비상',0.0,0,0,https://www.g-enews.com/view.php?ud=202603311304544009df2f5bc1bc_1
2026-03-31,"지투파워, 태양광 EPC 넘어 상업운전까지… 에너지 영토 확장 가속",-0.261,0,1,https://www.pinpointnews.co.kr/news/articleView.html?idxno=441532
2026-03-31,코스피 5100선 붕괴…코스닥 1060선까지 밀렸다[장중시황],0.0,0,0,https://www.newsway.co.kr/news/view?ud=2026033113334462596
2026-03-31,외국인 3조 매물 폭탄에 ‘오천피’도 위태…5100선 재이탈 [마켓시그널...,-0.261,0,1,https://www.sedaily.com/article/20026409?ref=naver
2026-03-31,"코스피, 외국인 '팔자'에 낙폭 확대…5100선 재이탈[fn오후시황]",-0.537,0,2,http://www.fnnews.com/news/202603311353088909
2026-03-31,"""경남 중심 SMR 산업 육성""…도·창원시·지역 국회의원 토론회",0.0,0,0,https://www.yna.co.kr/view/AKR20260331076600052?input=1195m
2026-03-31,"삼미금속, 두산에너빌리티향 총 108억원 규모 원전 터빈 블레이드 수주...",0.38,1,0,http://www.newstown.co.kr/news/articleView.html?idxno=698876
2026-03-31,"[티타임]코스피, 뉴욕 반도체 후폭풍 3.15% 하락…5100선 붕괴되기도",-0.261,0,1,https://www.sidae.com/article/2026033113451438641
2026-03-31,"코스피, 낙폭 키워 장중 5100선도 붕괴…외인 매도에 3%↓",-0.322,0,1,http://www.edaily.co.kr/news/newspath.asp?newsid=04182006645388896
2026-03-31,[서울데이터랩]SK스퀘어 5.78% 하락하며 시가총액 상위주 주도,0.0,1,1,https://www.seoul.co.kr/news/economy/securities/2026/03/31/20260331500140?wlog_tag3=naver
2026-03-31,"코스피, 외국인 2.8조 순매도에 3%대 하락⋯삼천당제약은 하한가",-0.853,0,3,https://www.etoday.co.kr/news/view/2571153
2026-03-31,[더밸류 브리핑] 따끈따끈 ETF 상장 소식…삼성자산운용·한화자산운용...,0.0,0,0,http://www.thevaluenews.co.kr/news/view.php?idx=197776
2026-03-31,"삼미금속, 두산에너빌리티향 총 108억원 규모 원전 터빈 블레이드 수주",0.38,1,0,http://www.edaily.co.kr/news/newspath.asp?newsid=04122966645388896
2026-03-31,"두산에너빌리티, 약보합 국면 진입…중동 리스크·차익실현 겹치며 조정...",0.0,0,0,https://www.cbci.co.kr/news/articleView.html?idxno=564455
2026-03-31,"'현대건설 두산에너빌리티 협업' 페르미 주가 역대 최저가, 'AI 발전소' ...",0.0,0,0,https://www.businesspost.co.kr/BP?command=article_view&num=434554
2026-03-31,"국민연금, 올해도 ‘의결권 서면투표 폐지' 반대",0.0,0,0,http://www.inews24.com/view/1955321
2026-03-31,"삼미금속, 두산에너빌리티와 터빈블레이드 공급계약 체결",0.0,0,0,https://www.fetv.co.kr/news/article.html?no=216044
2026-03-31,기관 매수에 낙폭 줄인 코스피…5100선 회복,0.408,2,1,https://biz.chosun.com/stock/stock_general/2026/03/31/GYZJZ4PE6RBHRP5NSIYYOHTJIE/?utm_source=naver&utm_medium=original&utm_campaign=biz
2026-03-31,중동 전쟁 종료 기대 부각…코스피 낙폭 1%대 축소[장중시황],0.261,1,0,https://www.news1.kr/finance/general-stock/6119930
2026-03-31,"삼미금속, 두산에너빌리티와 터빈블레이드 공급 계약 체결",0.0,0,0,https://www.digitaltoday.co.kr/news/articleView.html?idxno=650219
2026-04-02,"풍력에너지 관련주, '덩실덩실' LS머트리얼즈·현대건설· 우리기술·SK오...",0.261,1,0,http://www.finomy.com/news/articleView.html?idxno=252494
2026-04-02,"두산에너빌리티 주가 도약, 10만빌리티 회복 여부는?…글로벌 리스크 완...",0.067,1,1,https://www.cbci.co.kr/news/articleView.html?idxno=564677
2026-04-01,"한전, 베트남 PVN과 손잡고 원전 공급망 협력 확대",0.0,0,0,https://www.electimes.com/news/articleView.html?idxno=366664
2026-04-01,"코스피, 기관 매수에 상승 마감...삼성전자, SK하이닉스, 현대차, 두산에...",0.604,2,0,http://www.econonews.co.kr/news/articleView.html?idxno=433812
2026-04-01,"베트남 '원전 부대시설 30% 자국화' 선언… 한전-PVN, 공급망 선제 구축...",0.0,0,0,https://www.newscj.com/news/articleView.html?idxno=3390621
2026-04-01,전쟁 끝나나…코스피 8% 폭등·환율 1500원대로 급락,0.261,2,1,https://www.kukinews.com/article/view/kuk202604010256
2026-04-01,[공기업] 한국전력 한수원 서부발전 가스공사 국민연금공단 조폐공사 산...,0.0,0,0,http://www.biztribune.co.kr/news/articleView.html?idxno=351660
2026-04-01,"중동전쟁 '종전' 기대감에...코스피 8%, 코스닥 6.06% 급등",0.604,2,0,https://www.livebiz.today/news/articleView.html?idxno=201394
2026-04-01,"한전, 베트남 PVN과 '원전 공급망 협력 세미나'…韓 원전 노하우 전수",0.0,0,0,http://www.issuenbiz.com/news/articleView.html?idxno=75025
2026-04-01,중동 종전 기대감에 코스피 8% 급등,0.408,1,0,https://www.ccdn.co.kr/news/articleView.html?idxno=1071130
2026-04-01,한달간 35兆 판 외국인도 원전株는 샀다,0.0,0,0,http://www.fnnews.com/news/202604011831260520
2026-04-01,사설- SMR산업 경남의 미래 먹거리로 육성해야,0.0,0,0,http://www.gndomin.com/news/articleView.html?idxno=470808
2026-04-01,지난달 外人 35조 ‘셀코리아’ 속 원전은 담았다,0.0,0,0,https://economist.co.kr/article/view/ecn202604010080
2026-04-01,"원자력발전 관련주, '웃음꽃' 한미글로벌·대한전선·삼미금속·오르비...",0.261,1,0,http://www.finomy.com/news/articleView.html?idxno=252489
2026-04-01,"전력설비 관련주, '어깨춤 으쓱으쓱' 대한전선·대원전선·보성파워텍·...",0.261,1,0,http://www.finomy.com/news/articleView.html?idxno=252488
2026-04-01,"'오늘만 같아라'... 코스피, 이란戰 종전 기대감에 8% ↑",0.0,0,0,https://www.getnews.co.kr/news/articleView.html?idxno=866761
2026-04-01,삼성전자 13% '역대 최대폭' 상승…하이닉스도 11% 반등,0.537,2,0,https://www.hankyung.com/article/2026040126651
2026-04-01,에너지위기에 투자자 발길은?··· 재생에너지株로 향했다,0.0,1,1,https://www.greenpostkorea.co.kr/news/articleView.html?idxno=306437
2026-04-01,"코스피, 종전 기대감에 8% 껑충… '삼전' 13% 폭등",0.0,1,1,https://it.chosun.com/news/articleView.html?idxno=2023092159679
2026-04-01,"[AI 날개 단 K중공업] 두산에너빌 ""AI 카메라가 ㎜단위 용접 분석""",0.0,0,0,https://www.mk.co.kr/article/12005256
2026-04-01,"코스피, 하루 만에 8% 급반등…전쟁 완화 기대에 5470선 회복",-0.133,3,2,https://www.goodkyung.com/news/articleView.html?idxno=285269
2026-04-01,코스피 8% 폭등·5400선 회복...종전 기대에 증시 급반등,0.878,4,0,https://weekly.hankooki.com/news/articleView.html?idxno=7157953
2026-04-01,"코스피, 이란 전쟁 종식 기대감에 8% 급등…단숨에 5,400선 회복",0.604,2,0,https://www.fntoday.co.kr/news/articleView.html?idxno=381293
2026-04-01,코스피 8% 급등에 개미들 “내일도 뛰겠지?”…방심 말라는 증권가 “이...,0.775,3,0,https://www.sedaily.com/article/20027131?ref=naver
2026-04-01,"코스피, 종전 기대에 8.44% 급등 5,400대 회복…상승폭 역대 2위",0.604,2,0,https://www.delighti.co.kr/news/articleView.html?idxno=114630
2026-04-01,"코스피, '종전 기대'에 8%대 급등 마감…5400선 회복",0.604,2,0,https://www.ziksir.com/news/articleView.html?idxno=129376
2026-04-01,"한전, 베트남 PVN과 원전 공급망 협력 추진…현지화 대응 본격화",0.0,0,0,https://www.insightkorea.co.kr/news/articleView.html?idxno=243948
2026-04-01,"코스피, 중동전쟁 종전 기대감 속 8% 급등 '상승폭 역대 2위'",0.604,2,0,https://www.inews365.com/news/article.html?no=913360
2026-04-01,'전쟁 쇼크 이제 끝?'… 코스피 8% 뛰며 단숨에 5400선 회복,-0.625,1,2,https://www.hankookilbo.com/news/article/A2026040112430000401?did=NA
2026-04-01,종전 훈풍·수출 호조·WGBI 편입 '삼박자'…코스피 8.44% 급등 역대 2위...,0.408,1,0,https://www.hankyung.com/article/202604012423i
2026-04-01,"[마감시황] 코스피, 8%대 폭등…5400대 회복",0.261,1,0,http://www.hansbiz.co.kr/news/articleView.html?idxno=829520
2026-04-01,[주간 K방산 브리핑] ‘이순신방위산업전’ 개막…다양한 실물 무기체계...,0.0,0,0,https://kookbang.dema.mil.kr/newsWeb/20260402/1/ATCE_CTGR_0010020000/view.do
2026-04-01,종전 기대에 코스피·코스닥 급등… 매수 사이드카도 발동,0.408,1,0,https://www.newscj.com/news/articleView.html?idxno=3390560
2026-04-01,코스피 8% 급등…역대 2위 상승폭,0.775,3,0,https://www.dnews.co.kr/uhtml/view.jsp?idxno=202604011621427600617
2026-04-01,"코스피, 종전 기대감에 8% 폭등…나흘 낙폭 하루 만에 만회",0.261,1,0,http://www.newstomato.com/ReadNews.aspx?no=1296401&inflow=N
2026-04-01,"한국전력, 베트남서 원전 공급망 협력 본격화",0.0,0,0,http://www.whitepaper.co.kr/news/articleView.html?idxno=260426
2026-04-01,"코스피, 종전 기대에 8% 급등 5,400대 회복…환율 1500원대로 안정",0.604,2,0,http://www.newsfc.co.kr/news/articleView.html?idxno=77802
2026-04-01,K-함정의 심장 '핵심 제어장치' 민·관·군 기술로 국산화 추진,0.0,0,0,http://www.fnnews.com/news/202604011615495738
2026-04-01,"[기획] 한수원, 9년 만에 순이익 1조 돌파… '체코 26조 수주' 해외 사업...",0.583,2,0,https://www.startuptoday.co.kr/news/articleView.html?idxno=608250
2026-04-01,"코스피, 종전 기대에 8% 급등…역대 2위 상승폭에 5400선 탈환",0.604,2,0,https://www.pointdaily.co.kr/news/articleView.html?idxno=299335
2026-04-01,코스피 하루 만에 426p 급등…반도체·건설이 시장 이끌었다,0.775,3,0,https://www.pinpointnews.co.kr/news/articleView.html?idxno=441998
2026-04-01,"방사청, 함정 '기관감시제어장치' 국산화 위해 민·관·군 협력 강화",0.0,0,0,https://news.bbsi.co.kr/news/articleView.html?idxno=4075638
2026-04-01,"코스피, '종전 기대감' 8% 급등 5400선 회복…코스닥도 6% 급등",0.645,2,0,https://www.thepublic.kr/news/articleView.html?idxno=299580
2026-04-01,"[마감시황] 코스피 8% 급등…종전 기대에 5400선 회복, 환율 1500원대 진...",0.775,3,0,http://www.kdfnews.com/news/articleView.html?idxno=181347
2026-04-01,"[오늘증시]코스피, 전쟁 종결 기대에 폭등 ""5478 마감""…역대 두 번째 상...",0.261,1,0,http://www.queen.co.kr/news/articleView.html?idxno=454224
2026-04-01,[코스피 지수선물 옵션] 삼성전자·하이닉스 선물 폭등…위험자산 선호...,0.261,1,0,https://www.pinpointnews.co.kr/news/articleView.html?idxno=441996
2026-04-01,"3월 ‘35조’ 매도 외국인, 원전株는 샀다…“에너지, 이젠 ‘전략적 자...",0.0,0,0,http://www.fnnews.com/news/202604011505565079
2026-04-01,"“마침내 전쟁 끝?” 코스피 8.4% 급등…삼성전자 13%↑, 하룻만에 분위...",0.604,2,0,https://www.ddaily.co.kr/page/view/2026040116274578318
2026-04-01,"코스피, 8.44% 오른 5478.70 마감-삼성전자 13% SK하이닉스 10% 급등",0.604,2,0,http://www.techholic.co.kr/news/articleView.html?idxno=220618
2026-04-01,"종전 기대에 한숨 돌린 금융시장…코스피 426p↑, 환율 28.8원↓(종합)",0.408,1,0,https://www.newsis.com/view/NISX20260401_0003573919
2026-04-01,함정 제어 핵심장비 국산화 '속도' 민·관·군 협력으로 현장 적용 앞당...,0.0,0,0,https://www.shinailbo.co.kr/news/articleView.html?idxno=5007170
2026-04-01,"(마감시황) 코스피, 8%대 폭발적 반등… 장중 매수 사이드카",0.583,2,0,https://www.news2day.co.kr/article/20260401500201
2026-04-01,'종전 모멘텀'에 증시 폭등···코스피 5400선 회복 마감,0.261,1,0,https://www.smartbizn.com/news/articleView.html?idxno=141027
2026-04-01,종전 기대감에 코스피·코스닥 '급등'...매수 사이드카 발동,0.408,1,0,https://www.newsinside.kr/news/articleView.html?idxno=4556515
2026-04-01,"""내일도 뛰겠지?"" 줍줍했다간…방심 말라는 증권가 ""이것 확인해야""",0.322,1,0,https://www.mt.co.kr/stock/2026/04/02/2026040116123692123
2026-04-01,"한전, 베트남 국가산업에너지공사(PVN)와 현지 원전 공급망 구축 협력 추...",0.0,0,0,https://www.siminilbo.co.kr/news/newsview.php?ncode=1160290941223567
2026-04-01,"코스피, 종전 기대감 힘입어 5400선 회복…상승폭 역대 2위",0.0,1,1,https://www.mydaily.co.kr/page/view/2026040116253186796
2026-04-01,전쟁 완화 기대에 코스피 5400선 회복…삼성전자 13% 급등,0.911,4,0,https://news.bizwatch.co.kr/article/market/2026/04/01/0030
2026-04-01,"[POP!공기업] 코레일, KTX 개통 22주년…서울에서 전국으로, 22주년 통계...",0.0,0,0,http://www.popcornnews.net/news/articleView.html?idxno=117247
2026-04-01,종전 기대감 '삼전닉스' 견인 코스피 8%대 급등…코스닥도 6% 올라,0.408,1,0,https://www.mediapen.com/news/view/1090606
2026-04-01,[마켓뷰] ‘종전’ 기대에 코스피 8% 폭등… 매수 사이드카 발동,0.322,1,0,https://biz.chosun.com/stock/stock_general/2026/04/01/5ZY4OCBDCZGV3CYF7KH7CMN2XM/?utm_source=naver&utm_medium=original&utm_campaign=biz
2026-04-01,"""양대 호재""... 코스피 '폭등', 5470 돌파",0.604,2,0,http://www.choicenews.co.kr/news/articleView.html?idxno=163164
2026-04-01,"벌써 '종전 랠리?'…코스피 8%대 폭등, 역대 5번째 상승률[시황종합]",0.261,1,0,https://www.news1.kr/finance/general-stock/6122047
2026-04-01,"GS건설, 'K-수소' 대용량 액체 저장 기술 국산화 '정조준'",0.0,0,0,https://www.lcnews.co.kr/news/articleView.html?idxno=200023
2026-04-01,코스피 8%대 급등 마감…기관·반도체 '쌍끌이',0.775,3,0,https://www.ebn.co.kr/news/articleView.html?idxno=1704165
2026-04-01,양시장 '사이드카' 역대급 반등…코스피 5478 마감,0.322,1,0,https://view.asiae.co.kr/article/2026040116155886217
2026-04-01,종전 메시지에 돌아온 투심…코스피 5400선 회복 [시황],0.0,0,0,https://www.dailian.co.kr/news/view/1628375/?sc=Naver
2026-04-01,“전쟁 곧 끝난다” 한마디에 극적 반전…사이드카 발동한 코스피 8%↑,0.261,1,0,https://www.mk.co.kr/article/12005116
2026-04-01,기관 매수에 코스피 5400선 돌파… 삼성전자 13% 급등,0.885,4,0,https://www.newsclaim.co.kr/news/articleView.html?idxno=3059606
2026-04-01,"코스피, 종전 기대감에 8.44% 폭등 마감…기관 4조원대 ‘사자’",0.261,1,0,http://www.beyondpost.co.kr/view.php?ud=202604011610174587be44c0aacd_30
2026-04-01,"코스피, 종전 기대에 8% 급등 5,400대 회복…상승폭 역대 2위(종합)",0.604,2,0,https://www.yna.co.kr/view/AKR20260401151200008?input=1195m
2026-04-01,종전 기대에 코스피 8% 상승…환율 30원 '뚝' [MTN 마감시황],0.261,1,0,https://news.mtn.co.kr/news-detail/2026040116053731592
2026-04-01,기관 4조 순매수에 코스피 8% 급등...코스닥도 6%↑,0.408,2,1,http://www.metroseoul.co.kr/article/20260401500458
2026-04-01,[거래소 기관] 삼성전자·SK하이닉스 폭풍 매수...이유는 명확하다,0.0,0,0,https://www.pinpointnews.co.kr/news/articleView.html?idxno=441974
2026-04-01,"코스피, 종전 기대감에 8%대 급등 마감…역대 두 번째 상승폭[마감시황...",0.604,2,0,https://www.newsis.com/view/NISX20260401_0003573813
2026-04-01,"[마감시황] 코스피, 기관 4조 순매수에 8% 급등…5400선 회복",0.408,1,0,https://www.newspim.com/news/view/20260401001181
2026-04-01,코스피 8%대 급등 마감…사이드카 발동 속 5400선 회복,0.645,2,0,https://www.digitaltoday.co.kr/news/articleView.html?idxno=652151
2026-04-01,[거래소 외국인] 삼성SDI 대우건설 두산에너빌리티 삼성전자우 '왕성한...,0.0,0,0,https://www.pinpointnews.co.kr/news/articleView.html?idxno=441969
2026-04-01,"코스피, 8.4% 급등 5,400대 회복…환율 29원↓ 안정",0.408,1,0,http://www.seouleconews.com/news/articleView.html?idxno=90381
2026-04-01,종전 기대감에 증시 급반등…코스피 8%·코스닥 6% 상승[fn마감시황],0.537,2,0,http://www.fnnews.com/news/202604011558303872
2026-04-01,전쟁 완화 기대에 코스피 8% 급등…환율 1500원대로 내려와,0.604,2,0,http://www.hidomin.com/news/articleView.html?idxno=614860
2026-04-01,"코스피, 8% 급등 5470선 마감",0.408,1,0,https://www.cstimes.com/news/articleView.html?idxno=700426
2026-04-01,"[마감시황] 코스피 하루 만에 8% 넘게 상승…""종전 가능성 선반영""",0.775,3,0,https://www.ajunews.com/view/20260401153512076
2026-04-01,'중동 포성 멈출까' 증시 봄바람···코스피 8.44%·코스닥 6.06% 급등,0.408,1,0,https://www.newsfreezone.co.kr/news/articleView.html?idxno=682969
2026-04-01,[시황] 코스피 5400선 회복 마감…종전 기대감에 '급등',0.408,1,0,http://www.newsdream.kr/news/articleView.html?idxno=110912
2026-04-01,"종전 기대에 코스피 8.5% 급등, 환율 29원 급락 마감",0.197,2,1,https://news.tf.co.kr/read/economy/2308689.htm
2026-04-01,'전쟁 종식' 기대에 코스피 5470대로 美 반도체주 반등…삼성전자 13%↑,0.322,1,0,http://www.smedaily.co.kr/news/articleView.html?idxno=354886
2026-04-01,"‘종전 기대감’이 살린 코스피, 8% 급등…삼전·SK하닉도 10%대 ↑",0.604,2,0,https://www.dt.co.kr/article/12055159?ref=naver
2026-04-01,"코스피, 8%대 올라 5400선 회복…반도체주 급등[마감]",0.408,1,0,http://www.edaily.co.kr/news/newspath.asp?newsid=05372646645411856
2026-04-01,코스피 8.44% 상승한 5478.7 마감...삼성전자·SK하이닉스 '급등',0.604,2,0,https://www.g-enews.com/view.php?ud=202604011537036521df2f5bc1bc_1
2026-04-01,코스피 8%·코스닥 6% 급등 마감...기관 4.5조 순매수,0.408,2,1,http://www.opinionnews.co.kr/news/articleView.html?idxno=136074
2026-04-01,[위클리오늘] 코스피 시총 상위종목 마감시황,0.261,1,0,http://www.weeklytoday.com/news/articleView.html?idxno=768731
2026-04-01,종전 기대감에 하루 만에 8% 넘게 상승한 코스피…한 때 5500까지 회복,0.537,2,0,https://www.mt.co.kr/stock/2026/04/01/2026040115491627976
2026-04-01,"[마감시황] 코스피, 8% 넘게 급등…5470대 마감",0.408,1,0,http://www.segyebiz.com/newsView/20260401516343?OutUrl=naver
2026-04-01,[서울데이터랩]마감 직후 인기 검색 종목 20選,0.645,2,0,https://www.seoul.co.kr/news/economy/securities/2026/04/01/20260401500217?wlog_tag3=naver
2026-04-01,코스피 5400선 회복…종전 기대감에 8%대 급등[마감시황],0.645,2,0,https://www.newsway.co.kr/news/view?ud=2026040115395279288
2026-04-01,"[시황] ""전쟁 끝난다"" 코스피 8.4% 폭등..기록적 널뛰기 장세",0.0,1,1,http://www.4th.kr/news/articleView.html?idxno=2109888
2026-04-01,"""종전 준비됐다"" 4월 첫날 8%대↑…'삼전닉스' 개미 환호",0.261,1,0,http://www.wowtv.co.kr/NewsCenter/News/Read?articleId=A202604010664&t=NN
2026-04-01,[속보] 코스피 8.44% 급등한 5478.70 마감…코스닥도 6.06%↑,0.604,2,0,https://www.hankyung.com/article/2026040121076
2026-04-01,"한전-베트남 국가산업공사, 현지 원전 공급망 구축",0.0,0,0,https://www.safetynews.co.kr/news/articleView.html?idxno=247270
2026-04-03,"트럼프가 박살낸 증시, 이란이 구했다…폭락 삼전ㆍSK하닉도 한숨 돌리...",-0.537,1,2,https://www.dt.co.kr/article/12055493?ref=naver
2026-04-03,"뉴욕증시 테슬라 와르르 급락 ""스페이스X 상장 역풍""",-0.645,0,2,https://www.g-enews.com/view.php?ud=202604030443549356906806b77b_1
2026-04-03,트럼프 ‘타격’ 발언에… 다시 고꾸라진 K증시,-0.261,0,1,https://www.kmib.co.kr/article/view.asp?arcid=1775120518&code=11151200&cp=nv
2026-04-03,두산에너빌리티 주가 10만빌리티 일시적으로 회복했지만 트럼프 언급 후...,0.067,1,1,https://www.cbci.co.kr/news/articleView.html?idxno=565102
2026-04-02,"코스피, 기관과 외인 매도에 하락 마감...한화에어로스페이스, 삼성바이...",-0.261,0,1,http://www.econonews.co.kr/news/articleView.html?idxno=433912
2026-04-02,[4월3일자] 비즈니스포스트 아침의 주요기사,0.0,0,0,https://www.businesspost.co.kr/BP?command=article_view&num=434866
2026-04-02,"트럼프, 종전 기대감에 찬물…코스피, 4%대 급락해 5230선 마감",-0.645,0,2,https://www.thepublic.kr/news/articleView.html?idxno=299796
2026-04-02,"트럼프 ""이란에 강공""…증시 '혼돈'",-0.261,0,1,https://www.ccdn.co.kr/news/articleView.html?idxno=1071380
2026-04-02,"두산, '에너빌리티+로보틱스' 쌍끌이… 밸류 재평가 국면 진입 - 대신증...",0.583,2,0,http://www.biztribune.co.kr/news/articleView.html?idxno=351742
2026-04-02,"[마감시황] 코스피, 트럼프 '강공 발언'에 하루 만에 4% 급락…종전 기...",-0.974,0,4,http://www.kdfnews.com/news/articleView.html?idxno=181389
2026-04-02,"""해답은 현장에 있다"" 정기선 회장, 베트남서 HD현대 미래 동력 찾는다",0.0,0,0,http://www.wikileaks-kr.org/news/articleView.html?idxno=185843
2026-04-02,“트럼프 입에 불확실성 더 커졌다”…환율 20원 치솟고 주가 곤두박질,-0.537,0,2,https://www.sedaily.com/article/20027734?ref=naver
2026-04-02,"트럼프 ""이란 석기시대로"" 발언에 韓증시 '급반전'…코스피 4%대 하락 마...",-0.261,0,1,https://www.econovill.com/news/articleView.html?idxno=735849
2026-04-02,14.7조 수주했는데 이익은 줄었다…두산에너빌리티가 풀어야 할 방정식,0.38,1,0,http://www.srtimes.kr/news/articleView.html?idxno=200266
2026-04-02,유가 100달러가 일상?...트럼프 말폭탄에 정유·화학업계 '패닉',0.0,0,0,https://www.mt.co.kr/industry/2026/04/03/2026040215240399794
2026-04-02,"하루 만에 사라진 종전 기대감, 증시 급락… 코스피·코스닥 매도사이드...",-0.645,0,2,https://www.kmib.co.kr/article/view.asp?arcid=0029623153&code=61141111&cp=nv
2026-04-02,트럼프 입에 반등 기회 찾던 코스피 ‘와르르’⋯삼전ㆍSK하닉 시총 111...,0.0,1,1,https://www.etoday.co.kr/news/view/2572231
2026-04-02,롤러코스터 탄 증시...트럼프 연설에 코스피·코스닥 모두 급락,-0.462,1,2,https://www.livebiz.today/news/articleView.html?idxno=201412
2026-04-02,"코스피, 對이란 트럼프 강경론에 4% 이상 급락... 지수 5,200선으로 후퇴",-0.645,0,2,https://www.getnews.co.kr/news/articleView.html?idxno=866857
2026-04-02,"코스피, 트럼프 연설에 4.47% 급락 5,200대 후퇴…매도 사이드카 발동",-0.645,0,2,https://www.delighti.co.kr/news/articleView.html?idxno=114689
2026-04-02,SMR 원년 외친 두산에너빌의 이유있는 자신감,0.0,0,0,https://zdnet.co.kr/view/?no=20260402170018
2026-04-02,"코스피, 트럼프 '이란 추가 공격' 발언에 4%대 급락 마감",-0.462,1,2,https://www.ziksir.com/news/articleView.html?idxno=129551
2026-04-02,트럼프 발언에 국내 증시 롤러코스터,0.0,0,0,http://www.newstomato.com/ReadNews.aspx?no=1296591&inflow=N
2026-04-02,"트럼프가 배신했다?… ‘훅’ 사라진 안도랠리, ‘쑥’ 고개 든 ‘패닉...",0.067,1,1,https://www.dt.co.kr/article/12055444?ref=naver
2026-04-02,[마감시황] 트럼프 강경 발언…코스피 4%대 급락,-0.645,0,2,http://www.hansbiz.co.kr/news/articleView.html?idxno=829948
2026-04-02,트럼프 한마디에 무너진 랠리… 코스피 4.47% 급락 5200선 마감,-0.229,1,1,http://www.hidomin.com/news/articleView.html?idxno=615111
2026-04-02,트럼프에 뒤통수 맞은 금융시장…코스피 4%대 급락·환율 18.4원 급등(종...,-0.322,1,2,https://www.newsis.com/view/NISX20260402_0003575862
2026-04-02,한국연금투자자문→‘KP자산운용’으로 새 출발…“OCIO·IPO 강자로 도약...,0.322,1,0,https://www.mk.co.kr/article/12006356
2026-04-02,트럼프 '강공 연설'에 코스피 4%대 급락···삼전·SK하닉 뚝',-0.462,0,1,https://www.seoulfn.com/news/articleView.html?idxno=625456
2026-04-02,트럼프 발언에 천당·지옥 오간 자산시장…충청권 상장사 속수무책,-0.322,0,1,https://www.joongdo.co.kr/web/view.php?key=20260402010000761
2026-04-02,"[오늘의 주요공시·2일] GS건설, 6300억 규모 재개발 수주",0.38,1,0,https://www.safetimes.co.kr/news/articleView.html?idxno=241268
2026-04-02,트럼프 전쟁 발언 직격탄… 환율·유가 폭등에 증시 '패닉',-0.261,1,2,https://www.pinpointnews.co.kr/news/articleView.html?idxno=442358
2026-04-02,"트럼프에 '강공'에 꺾인 종전론…코스피, 4%대 급락 마감[마감시황]",-0.645,0,2,https://www.newsis.com/view/NISX20260402_0003575837
2026-04-02,"[마감시황] 코스피, 4.47% 급락…트럼프 이란 타격 발언에 증시 찬물",-0.645,0,2,https://www.viva100.com/article/20260402501256
2026-04-02,[코스피 지수선물 옵션] 2차전지 반등 vs 반도체 붕괴…엇갈린 투자 지...,0.322,2,1,https://www.pinpointnews.co.kr/news/articleView.html?idxno=442353
2026-04-02,[마감시황] 트럼프 발언 여파에 코스피 4%대 하락…'외국인·기관' 동반...,-0.537,0,2,https://www.newspim.com/news/view/20260402001172
2026-04-02,"[마감시황] 코스피, 4% 넘게 내려 …코스닥도 5% 급락",-0.067,1,1,http://www.segyebiz.com/newsView/20260402516835?OutUrl=naver
2026-04-02,"오전엔 ‘환호’, 오후엔 ‘비명’…트럼프 발언에 코스피 4%대 급락, 사...",-0.645,0,2,https://www.ddaily.co.kr/page/view/2026040216330107541
2026-04-02,'뒤통수' 트럼프 연설에…코스피 4% 급락 '사이드카' 발동,-0.408,1,2,https://www.imaeil.com/page/view/2026040216294831237
2026-04-02,'트럼프 연설'에 무너진 증시…코스피 4% 넘게 하락,0.0,1,1,https://www.mediapen.com/news/view/1090923
2026-04-02,"'중동리스크' 직격 코스피, 트럼프 연설에 4%대 급락 5200대 후퇴",-0.645,0,2,https://www.pointdaily.co.kr/news/articleView.html?idxno=299524
2026-04-02,"트럼프 ""이란 석기시대 만들겠다"" 위협에… 증시 급락·환율 급등",-0.38,1,2,https://www.hankookilbo.com/news/article/A2026040215340005379?did=NA
2026-04-02,"[증시] 트럼프 ""이란에 극도로 강력한 타격""…코스피 4% 폭락·사이드카...",-0.892,0,3,http://www.newsroad.co.kr/news/articleView.html?idxno=57222
2026-04-02,종전 기대감 꺾은 트럼프 한마디에 코스피·코스닥 급락 마감,-0.462,1,2,http://www.techholic.co.kr/news/articleView.html?idxno=220637
2026-04-02,종전 기대 꺾였다…트럼프 연설에 코스피 ‘와르르’ 5200선으로 후퇴 [...,-0.462,1,2,https://biz.heraldcorp.com/article/10708824?ref=naver
2026-04-02,[거래소 기관] 삼성SDI LIG넥스원 담고 삼성전자SK하이닉스 던졌다,-0.261,0,1,https://www.pinpointnews.co.kr/news/articleView.html?idxno=442337
2026-04-02,"트럼프 연설, 韓 금융시장 '강타'...코스피 '요동', 환율·유가 '폭등'",-0.462,0,1,http://www.choicenews.co.kr/news/articleView.html?idxno=163240
2026-04-02,"(마감시황) 코스피, 트럼프 “이란 공격” 한마디에 4% 급락…사이드카...",-0.645,0,2,https://www.news2day.co.kr/article/20260402500222
2026-04-02,트럼프 연설에 전쟁 장기화 위기감↑...코스피 244포인트 밀려 마감,0.0,1,1,https://www.financialpost.co.kr/news/articleView.html?idxno=254031
2026-04-02,"[오늘증시] 코스피, 5230선 마감…트럼프 회견 실망감에 4%대 급락",-0.645,0,2,https://www.sidae.com/article/2026040215405070189
2026-04-02,"20분만에 깨진 '종전 기대'...코스피, 5300 아래로 수직낙하",0.0,0,0,http://www.opinionnews.co.kr/news/articleView.html?idxno=136157
2026-04-02,'트럼프 입김'에 널뛰는 글로벌 증시···코스피 4.47%·코스닥 5.36% 폭...,-0.682,0,2,https://www.newsfreezone.co.kr/news/articleView.html?idxno=683214
2026-04-02,"개미, '공포'에 또 샀다…코스피 4% 하락 마감 [시황]",-0.261,0,1,https://www.dailian.co.kr/news/view/1628991/?sc=Naver
2026-04-02,코스피 5200선 위태·코스닥 5% 급락… 환율 1520원 육박,-0.8,0,3,https://www.newsclaim.co.kr/news/articleView.html?idxno=3059727
2026-04-02,"""이란 석기시대로"" 유가·환율 급등…'오천피' 묶인 코스피 4.47%↓ [시황...",0.165,1,1,https://www.news1.kr/finance/general-stock/6123571
2026-04-02,"트럼프 '찬물 연설'에 코스피 4.47% 급락…환율 1519.7원, 18.4원↑",-0.462,1,2,http://www.seouleconews.com/news/articleView.html?idxno=90409
2026-04-02,코스피 이틀 연속 '사이드카'…4% 급락 5234 마감,-0.682,1,3,https://www.ebn.co.kr/news/articleView.html?idxno=1704283
2026-04-02,"하루 만에 급락…韓 증시, 트럼프 한마디에 ‘롤러코스터’ [마감시황]",-0.462,1,2,https://www.ekn.kr/web/view.php?key=20260402027523700
2026-04-02,"코스피, 트럼프 연설에 4%대 급락 5,200대 후퇴…사이드카 발동(종합)",-0.645,0,2,https://www.yna.co.kr/view/AKR20260402145100008?input=1195m
2026-04-02,트럼프 강경 발언에 韓증시 4.5% 급락…환율 '1520원선' 복귀,-0.462,1,2,https://www.newsworks.co.kr/news/articleView.html?idxno=836465
2026-04-02,"종전 기대감에 찬물 끼얹은 트럼프… 코스피, 4% 급락 마감",-0.462,0,1,https://www.womennews.co.kr/news/articleView.html?idxno=275779
2026-04-02,코스피 4%대 급락…트럼프 발언 쇼크에 사이드카 발동,-0.462,1,2,https://www.digitaltoday.co.kr/news/articleView.html?idxno=652850
2026-04-02,트럼프 '이란공격' 연설에···코스피 5200선 하락 마감,-0.261,0,1,https://www.smartbizn.com/news/articleView.html?idxno=141134
2026-04-02,"""종전 선언 없었다""…국내 증시 매도 사이드카 발동·환율 급등",0.408,1,0,https://www.hankyung.com/article/2026040248686
2026-04-02,트럼프 강경 발언에 코스피 5230대로 실망매물 쏟아져…SK하이닉스 7%↓,0.0,0,0,http://www.smedaily.co.kr/news/articleView.html?idxno=354969
2026-04-02,[시황] 트럼프 '이란 공격' 발언에…코스피·코스닥 하락 마감,-0.261,0,1,http://www.newsdream.kr/news/articleView.html?idxno=111034
2026-04-02,트럼프 '찬물 연설'에 증시 급랭...코스피 4%·코스닥 5% 내려,0.0,1,1,http://www.metroseoul.co.kr/article/20260402500543
2026-04-02,트럼프 연설에 꺾인 종전 기대감… 코스피·코스닥 폭락 마감,-0.732,0,2,https://www.newscj.com/news/articleView.html?idxno=3390864
2026-04-02,“하루 만에 분위기 급반전”…트럼프 한마디에 코스피 4.47% 급락,-0.462,1,2,https://www.mk.co.kr/article/12006264
2026-04-02,"코스피, 트럼프 강경 발언에 4%대 급락...5230선 마감",-0.645,0,2,https://www.cstimes.com/news/articleView.html?idxno=700611
2026-04-02,트럼프 한마디에 증시 '급랭'…코스피 4%대 하락 마감,-0.261,0,1,https://news.tf.co.kr/read/economy/2309106.htm
2026-04-02,[기업家] 한국전력 ㅣ '디지털·원전·도시 인프라까지…에너지 전환 속...,0.0,0,0,https://www.cbci.co.kr/news/articleView.html?idxno=565054
2026-04-02,하루 만에 꺾인 ‘종전 기대감’…코스피 4%대 급락,0.067,2,2,https://www.dt.co.kr/article/12055406?ref=naver
2026-04-02,"[마감시황] 코스피, 244.65포인트 내린 5234.05 마감",-0.261,0,1,https://www.lcnews.co.kr/news/articleView.html?idxno=200103
2026-04-02,코스피 4.47% 하락한 5234.05 마감...삼성전자·SK하이닉스 '급락‘,-0.645,0,2,https://www.g-enews.com/view.php?ud=202604021533563280df2f5bc1bc_1
2026-04-02,'트럼프 입'에 코스피 -4.47%…어제는 매수 오늘은 매도사이드카,-0.645,0,2,http://www.edaily.co.kr/news/newspath.asp?newsid=04788806645412184
2026-04-02,[서울데이터랩]마감 직후 인기 검색 종목 20選,0.0,1,1,https://www.seoul.co.kr/news/economy/securities/2026/04/02/20260402500220?wlog_tag3=naver
2026-04-02,[마감 시황] 트럼프 '이란 타격' 예고에 증시 급락 반전,-0.462,0,1,http://www.fieldnews.kr/news/articleView.html?idxno=27689
2026-04-02,"트럼프 연설에 무너진 코스피, 5230선 겨우 지켜⋯코스닥 1050선 마감",-0.261,0,1,https://www.etoday.co.kr/news/view/2572212
2026-04-02,"한국연금투자자문, ‘KP자산운용’으로 새 출발… 자산운용사 전환 본격...",0.0,0,0,https://www.ekn.kr/web/view.php?key=20260402027433677
2026-04-02,트럼프 강경 발언에 무너진 코스피…5300선 아래로[마감시황],-0.322,0,1,https://www.newsway.co.kr/news/view?ud=2026040215413038950
2026-04-02,"미국 AI 데이터센터 확장 열풍에 가스터빈 귀해져, 두산에너빌리티 사업...",0.0,0,0,https://www.businesspost.co.kr/BP?command=article_view&num=434807
2026-04-02,코스피·코스닥 동반 급락… 트럼프 강경 발언 탓 [MTN 마감시황],-0.645,0,2,https://news.mtn.co.kr/news-detail/2026040215375269152
2026-04-02,트럼프 '18분 담화'에…속절없이 무너진 코스피,0.0,1,1,http://www.wowtv.co.kr/NewsCenter/News/Read?articleId=A202604020637&t=NN
2026-04-02,트럼프 ‘뒤통수’에 증시 ‘와르르’…코스피 4.47% 하락 마감,-0.261,0,1,https://www.seoul.co.kr/news/economy/securities/2026/04/02/20260402500208?wlog_tag3=naver
2026-04-02,"""앞으로 2∼3주 이란에 강력한 타격"" 트럼프 강경 발언에 코스피 4%대 급...",-0.261,0,1,https://www.kwnews.co.kr/page/view/2026040215082482759
2026-04-02,트럼프 연설에 코스닥ㆍ코스피 매도 사이드카 발동⋯삼전ㆍSK하닉 급락,-0.682,0,2,https://www.etoday.co.kr/news/view/2572183
2026-04-02,"""다시 전쟁"" 기관 순매도 1.4조…코스피 5% 급락, 환율 1520원대[장중시...",-0.462,0,1,https://www.news1.kr/finance/general-stock/6123436
2026-04-02,"두산에너빌리티, 급등 하루만에 7% 낙폭…9만3000원선 밑으로",0.165,1,1,http://www.econonews.co.kr/news/articleView.html?idxno=433905
2026-04-02,"""비에이치아이, 글로벌 LNG·원전 최대 수혜자 '목표가 12만원'"" - 유안타",0.0,0,0,https://www.newspim.com/news/view/20260402000911
2026-04-02,"두산에너빌리티, 사우디 2조 발전사업 '순항'…대형 EPC 수행능력 입증",0.0,0,0,https://www.thepublic.kr/news/articleView.html?idxno=299747
2026-04-02,"한전, 베트남에 '원전 현지화' 구축 추진...인력양성부터 기술역량 강화...",0.0,0,0,https://www.g-enews.com/view.php?ud=202604021313268828a9fc143920_1
2026-04-02,"트럼프 발언 여파로 코스피 급락… 삼성전자, SK하이닉스 하락세",-0.682,1,3,https://www.gokorea.kr/news/articleView.html?idxno=862381
2026-04-02,"두산 오너일가 회사 ‘원상’, 선산 관리 넘어 ‘수익 기지’로",0.0,0,0,https://www.topdaily.kr/articles/109518
2026-04-02,"두산에너빌리티, 1300억원 자사주 취득...임직원 성과보상",0.0,0,0,https://www.ajunews.com/view/20260402142729915
2026-04-02,"기관·외인 실망 매물…코스피 4%대 급락, 환율 1520원대[장중시황]",-0.645,0,2,https://www.news1.kr/finance/general-stock/6123314
2026-04-02,트럼프 연설 실망감...코스피 4%대 하락 전환,-0.261,0,1,https://www.newspim.com/news/view/20260402000811
2026-04-02,"트럼프 발언 실망, 나스닥 선물 '급락' 속...일본증시 '장중 뚝'",-0.462,0,1,http://www.choicenews.co.kr/news/articleView.html?idxno=163231
2026-04-02,목진원 유베이스 대표 “상반기 상담형 AI 에이전트 상용화”,0.0,0,0,https://www.mk.co.kr/article/12006156
2026-04-02,"[티타임] 코스피, 5250선까지 밀려…종전 기대감 무너지며 4%대 급락",-0.462,1,2,https://www.sidae.com/article/2026040213361621197
2026-04-03,[장중시황] 코스피 3% 상승한 5390선 출발...반도체·철강 상승,0.261,1,0,https://www.g-enews.com/view.php?ud=20260403090521915df2f5bc1bc_1
2026-04-03,"""저가 매수 기회""…코스피, 개인 '사자'에 상승 출발[개장시황]",0.261,1,0,https://www.newsway.co.kr/news/view?ud=2026040309114455965
2026-04-03,"코스피, 호르무즈 통항 기대감에 장 초반 3%대 반등",0.732,3,0,https://www.hankyung.com/article/2026040362436
2026-04-03,호르무즈 관련 논의 '급물살' 속...코스피 '급등 출발',0.604,2,0,http://www.choicenews.co.kr/news/articleView.html?idxno=163265
2026-04-03,[속보] 두산에너빌리티·우리기술 등 원전주 전반 반등…전일 약세 딛고...,0.261,2,1,https://www.cbci.co.kr/news/articleView.html?idxno=565278
2026-04-03,"원전 해체시장 전초전…고리 대형폐기물, 한전KPS 품에",0.0,0,0,https://www.electimes.com/news/articleView.html?idxno=366703
2026-04-03,"트럼프가 박살낸 증시, 이란이 살렸다…'호르무즈 통행' 기대감에 美증...",0.067,1,1,https://www.etnews.com/20260403000025
2026-04-03,"NH-Amundi운용, 4월 ETF 리포트 발간…'HALO' 테마 매력적",0.0,0,0,https://view.asiae.co.kr/article/2026040308454260994
2026-04-03,“불확실한 장세엔 ‘HALO’ 투자…대체불가 실물자산 부각”,0.0,0,0,http://www.edaily.co.kr/news/newspath.asp?newsid=02837206645412512
2026-04-03,NH아문디운용 “불확실성 장세엔 HALO”…설비투자 ETF 투자 아이디어 제...,0.0,0,0,https://www.etoday.co.kr/news/view/2572364
2026-04-03,호르무즈 통항 프로토콜 기대감에…프리마켓 2.61% 반등,0.537,2,0,https://www.news1.kr/finance/general-stock/6124072
2026-04-03,"[단독] 美에너지부, SMR 대장주 '뉴스케일파워' 놓고 ""에너지부 관리 부...",0.0,0,0,https://www.theguru.co.kr/news/article.html?no=100072
2026-04-03,"DL이앤씨, 美 엑스에너지 나스닥 상장에 '공식 파트너사' 주목…""원전 사...",0.0,0,0,http://www.newsprime.co.kr/news/article.html?no=729109
2026-04-03,"[더벨][두산 피지컬AI 청사진] 중후장대에 입힌 AI, '골든 트라이앵글' ...",0.0,0,0,https://www.thebell.co.kr/free/content/ArticleView.asp?key=202603312054375760106580
2026-04-06,"두산에너빌리티, 주가 새주장 향방 '기로'…지정학 리스크·글로벌 원전...",0.0,0,0,https://www.cbci.co.kr/news/articleView.html?idxno=565650
2026-04-05,30억 이상 고액자산가 포트폴리오 보니⋯반도체 집중 매수,0.408,1,0,http://www.inews24.com/view/1957135
2026-04-05,"한전, 베트남 원전 부품 시장 선점 나섰다",0.0,0,0,https://www.g-enews.com/view.php?ud=202604031336507016a9fc143920_1
2026-04-05,건설사도 AI 열풍…특허등록 1년새 4배 증가,0.0,0,0,https://www.sedaily.com/article/20028470?ref=naver
2026-04-05,"AI 전력난이 키운 새 투자처…ESS·전력인프라, '넥스트 반도체' 될까",0.0,0,0,https://www.etoday.co.kr/news/view/2572638
2026-04-05,큰 손들 '삼성전자' 매수 집중한 이유,0.0,0,0,http://www.edaily.co.kr/news/newspath.asp?newsid=01626886645413168
2026-04-05,"‘의외’, 30억 자산가들 ‘이 주식들’ 다 팔았다…삼전 등 반도체주는...",0.408,1,0,https://www.munhwa.com/article/11579882?ref=naver
2026-04-14,방산·원전에 집중하는 우리銀…한화·두산에 이어 LIG 금융 지원,0.0,0,0,https://www.sedaily.com/article/20031876?ref=naver
2026-04-14,"국민연금 국내주식 평가액 224조↑…""증가분 절반이 삼전·닉스""",0.0,0,0,https://www.newsis.com/view/NISX20260413_0003589273
2026-04-14,"울산에너지고 재학생 10명, 삼성 계열사 장학생 전형 합격",0.0,0,0,https://www.ksilbo.co.kr/news/articleView.html?idxno=1053905
2026-04-14,"두산에너빌리티 주가 주초장 10만원 이하로…'해상봉쇄'까지, 여전한 지...",-0.322,0,1,https://www.cbci.co.kr/news/articleView.html?idxno=567525
2026-04-13,"두산에너빌리티, 보일러 빼고 원전·터빈 키운다...1.2조 투자로 생산축...",0.38,1,0,https://www.newsquest.co.kr/news/articleView.html?idxno=264545
2026-04-13,"코스피, 기관과 외인 매도에 하락 마감...SK스퀘어, 한화에어로스페이스...",-0.261,0,1,http://www.econonews.co.kr/news/articleView.html?idxno=435450
2026-04-13,"엑스코, 전기산업엑스포 역대 규모…“AI 시대 전력 인프라가 국가 경쟁...",0.0,0,0,https://www.ksmnews.co.kr/news/view.php?idx=600187
2026-04-13,이유한 국립창원대 대학원장 “정보기관서 30년… 이젠 후학 양성 올인...,0.0,0,0,https://www.segye.com/newsView/20260413517080?OutUrl=naver
2026-04-13,한국-폴란드 방산에 에너지·우주 협력도…경남 핵심산업 추가 유럽진출...,0.0,0,0,https://www.idomin.com/news/articleView.html?idxno=2003476
2026-04-13,"울산에너지고, 삼성 계열 장학생 특채 대거 합격",0.0,0,0,https://www.iusm.co.kr/news/articleView.html?idxno=1061663
2026-04-13,"공격투자에 수익성 악화… 두산로보틱스, 올해 반등 분수령",0.322,1,0,https://www.asiatoday.co.kr/view.php?key=20260414010003986
2026-04-13,"[채널Who] 중동 전쟁으로 안정적 전력 확보 '글로벌 화두'로, 두산에너빌...",0.38,1,0,https://www.businesspost.co.kr/BP?command=article_view&num=435600
2026-04-13,"[단독]우리銀, LIG D&A 금융지원…방위·우주산업 키운다",0.0,0,0,https://www.sedaily.com/article/20031904?ref=naver
2026-04-13,"[마감] 코스피 5800선, 미-이란 협상 결렬 여파 속 낙폭 줄여…",-0.261,0,1,https://mdtoday.co.kr/news/view/1065601346129997
2026-04-13,"[현장 1분 브리핑] 전기산업엑스포, 6월 대구서 개막...한전·한수원 등...",0.0,0,0,https://www.nspna.com/news/?mode=view&newsid=809523
2026-04-13,[뉴스1 PICK]美·이란 협상 결렬 속 코스피 5800선 방어,-0.261,0,1,https://www.news1.kr/finance/market-exr/6134955
2026-04-13,"협상 결렬 불구… 코스피 5800선 방어, 엇갈린 반도체 대장주",-0.067,1,1,https://it.chosun.com/news/articleView.html?idxno=2023092160293
2026-04-13,휴먼컴퍼지트 방문한 에기평… “풍력 기업 적극 지원”,0.0,0,0,http://mcnews.co.kr/86038
2026-04-13,"[마감시황] 종전 협상 결렬에도 코스피, 5800선 사수",0.0,0,0,http://www.hansbiz.co.kr/news/articleView.html?idxno=832549
2026-04-13,삼전닉스 12조 팔고 방산·에너지 샀다…외국인 '환승 쇼핑',0.0,0,0,http://www.edaily.co.kr/news/newspath.asp?newsid=04168886645415792
2026-04-13,미·이란 협상 결렬 속 5800선 방어···개인 '사자'에 낙폭 줄여,0.0,0,0,https://www.seoulfn.com/news/articleView.html?idxno=626409
2026-04-13,"[마감시황] 미·이란 협상 결렬에도 개인 '사자'…코스피, 5800선 사수·코...",0.0,0,0,https://www.ajunews.com/view/20260413165013907
2026-04-13,코스피 5800선 붕괴···미·이란 협상 결렬에 증시 '출렁',0.0,1,1,https://www.smartbizn.com/news/articleView.html?idxno=141799
2026-04-13,"(마감시황) 코스피, 중동 리스크에 흔들렸지만 5,800선 사수…개인 ‘버...",0.067,1,1,https://www.news2day.co.kr/article/20260413500198
2026-04-13,중동 긴장에도 버틴 코스피…개인 매수에 5800선 사수,0.0,1,1,https://www.goodkyung.com/news/articleView.html?idxno=285805
2026-04-13,"원유 도입은 속도전, SMR은 제자리…""원전 수출 모멘텀 꺾이나""",0.38,1,0,https://www.mediapen.com/news/view/1092949
2026-04-13,중동발 쇼크에도 5800선 지킨 코스피…SK하이닉스 상승 마감,-0.067,1,1,https://www.ddaily.co.kr/page/view/2026041316221148689
2026-04-13,[마감시황] 미·이란 협상 결렬에 코스피 5808 후퇴…개인 '사자'로 낙폭...,-0.261,0,1,https://www.newspim.com/news/view/20260413001013
2026-04-13,"낙폭 줄인 코스피, 5800선 선방…개인 7500억 순매수[시황종합]",-0.261,0,1,https://www.news1.kr/finance/general-stock/6134803
2026-04-13,"[세리포트] '청장부터 5급까지' 국세청 전관 출신, 사외이사 진출 기업...",0.0,0,0,https://www.sejungilbo.com/news/articleView.html?idxno=57983
2026-04-13,"[시황] 미·이란 협상 결렬에도…코스피, '5800선 방어' 마감",-0.261,0,1,http://www.newsdream.kr/news/articleView.html?idxno=111275
2026-04-13,[1% 초고수의 선택] '삼성전자' 사고 'SK하이닉스' 팔았다,0.583,2,0,https://www.ebn.co.kr/news/articleView.html?idxno=1705264
2026-04-13,중동 협상 불발에도 개미 '사자'…코스피 약보합 마감 [시황],0.0,0,0,https://www.dailian.co.kr/news/view/1632905/?sc=Naver
2026-04-13,"중동 종전 협상 결렬에 5800선 턱걸이…코스피 약세, 코스닥 선방[마감...",-0.537,0,2,https://www.newsway.co.kr/news/view?ud=2026041316062054835
2026-04-13,[마감시황] 종전협상 결렬에 코스피 하락 마감…5800선은 지켜,0.0,1,1,https://www.lcnews.co.kr/news/articleView.html?idxno=200661
2026-04-13,"코스피, 호르무즈 해협 봉쇄 예고에도 5800선 사수",0.261,1,0,https://www.digitaltoday.co.kr/news/articleView.html?idxno=656406
2026-04-13,'중동 1차 협상 결렬' 코스피 5800선 사수 … 환율 1490원 불안,0.0,0,0,https://biz.newdaily.co.kr/site/data/html/2026/04/13/2026041300300.html
2026-04-13,"코스피, 미·이란 협상 결렬에도 5800선 턱걸이…환율 '1489원' 마감",0.0,1,1,https://www.newsworks.co.kr/news/articleView.html?idxno=837621
2026-04-13,"중동 악재, 코스피 '하락'...삼성전자 & 조선·철강주 '뚝'",-0.645,0,2,http://www.choicenews.co.kr/news/articleView.html?idxno=163749
2026-04-13,美-이란 긴장에 코스피 요동⋯외국인ㆍ기관 '팔자' 속 개인 매수세로 5...,-0.261,0,1,https://www.etoday.co.kr/news/view/2575282
2026-04-13,美·이란협상 불발에 코스피 5800대로 호르무즈 긴장감 고조 삼성전자 ...,0.0,0,0,http://www.smedaily.co.kr/news/articleView.html?idxno=355591
2026-04-13,"""코스피 쌀 때 담자""…개미들 1조 순매수에 5800선 사수",-0.261,0,1,http://www.edaily.co.kr/news/newspath.asp?newsid=03906486645415792
2026-04-13,"코스피, 미∙이란 협상 결렬에도 5800선 사수",0.0,0,0,https://www.cstimes.com/news/articleView.html?idxno=701792
2026-04-13,협상 결렬에 코스피 5800 턱걸이...외인·기관 1.1조 순매도,0.0,0,0,http://www.opinionnews.co.kr/news/articleView.html?idxno=136689
2026-04-13,미·이란 협상 결렬 여파…코스피 0.86% 하락 [MTN 마감시황],0.0,1,1,https://news.mtn.co.kr/news-detail/2026041315505857248
2026-04-13,코스피 0.86% 하락한 5808.62 마감...건설·항공 약세,-0.537,0,2,https://www.g-enews.com/view.php?ud=202604131534204226df2f5bc1bc_1
2026-04-13,"코스피, 5800선 턱걸이…중동 종전 협상 결렬에도 '버티기'",0.0,0,0,https://news.tf.co.kr/read/economy/2312598.htm
2026-04-13,"코스피, 美·이란 협상 결렬에도 5800선 지켜…삼전↓·하닉↑",0.408,1,0,https://www.hankyung.com/article/2026041373926
2026-04-13,"[마감시황] 코스피, 미∙이란 협상 결렬에도 낙폭 일부 만회…5800대서 ...",0.0,0,0,http://www.segyebiz.com/newsView/20260413514302?OutUrl=naver
2026-04-13,"[마감 시황] 미·이란 협상 결렬에 호르무즈 긴장…코스피, 약세 마감",-0.322,0,1,http://www.fieldnews.kr/news/articleView.html?idxno=27923
2026-04-13,'2026 대한민국 전기산업엑스포' 6월 대구 엑스코 개최,0.0,0,0,https://news.bbsi.co.kr/news/articleView.html?idxno=4078007
2026-04-13,"""AI 산업의 심장, 전력 인프라가 국력""... 2026 대한민국 전기산업엑스포...",0.0,0,0,https://kr.aving.net/news/articleView.html?idxno=1810320
2026-04-13,'EPEK 2026' 대구 엑스코서 개최…AI·무탄소 시대 전력산업 방향 제시,0.0,0,0,https://www.shinailbo.co.kr/news/articleView.html?idxno=5010719
2026-04-13,대구 엑스코서 ‘2026 대한민국 전기산업엑스포’ 개최,0.0,0,0,https://www.kmib.co.kr/article/view.asp?arcid=0029672420&code=61121111&cp=nv
2026-04-13,"'떨어졌을 때 더 사자' 투자 초고수, 삼전에 베팅…'40만전자' 예상 나왔...",0.853,4,0,https://economist.co.kr/article/view/ecn202604130045
2026-04-13,'개미의 낙관론' 코스피 5800선 방어…외국인·기관 '순매도' [장중시황...,-0.261,0,1,https://www.news1.kr/finance/general-stock/6134552
2026-04-13,중동 불안 재부각...일본증시 '장중 하락'·日 반도체주 '뚝',-0.261,0,1,http://www.choicenews.co.kr/news/articleView.html?idxno=163732
2026-04-13,"""코스피 쌀 때 사두자"" 5700선 등락…SK하닉 상승 '버팀목'",0.0,1,1,http://www.edaily.co.kr/news/newspath.asp?newsid=03358726645415792
2026-04-13,"[티타임]코스피, 개인 8932억원 순매수에도 5791선…1.15% 하락",-0.261,0,1,https://www.sidae.com/article/2026041313310022557
2026-04-13,"‘2026 대한민국 전기산업엑스포', 6월 대구서 역대 최대 개최",0.0,0,0,https://www.kbsm.net/news/view.php?idx=515708
2026-04-13,[서울데이터랩]삼성물산 4.96% 하락하며 시가총액 하락세 지속 삼성전자...,-0.261,0,1,https://www.seoul.co.kr/news/economy/securities/2026/04/13/20260413500108?wlog_tag3=naver
2026-04-13,중동 리스크에 코스피 5800선 붕괴... 주식 초고수들은 삼성전자 집중?,0.0,0,0,http://www.joseilbo.com/news/news_read.php?uid=566444&class=1&grp=
2026-04-13,"청와대, 기업 출신 장관들도 밝힌 이해충돌 정보 '비공개'",0.0,0,0,https://www.mediaus.co.kr/news/articleView.html?idxno=316711
2026-04-13,"중동 리스크에도 익숙해졌나…낙폭 줄인 코스피, 1%대 하락 중",-0.261,0,1,https://biz.chosun.com/stock/stock_general/2026/04/13/L3JQFMOMABHVXMACGBJKTEBZMM/?utm_source=naver&utm_medium=original&utm_campaign=biz
2026-04-13,"키움·한투, ‘트리븐 서산’ 812억 재조달",0.0,0,0,https://biz.heraldcorp.com/article/10715845?ref=naver
2026-04-13,호르무즈 봉쇄 우려에 코스피 5780선 후퇴…외인 5775억 순매도,0.0,0,0,https://www.newspim.com/news/view/20260413000583
2026-04-13,"""40만전자 가나""…주가 하락에도 삼전 '풀매수'한 초고수들 [마켓PRO]",-0.261,0,1,https://www.hankyung.com/article/202604136607i
2026-04-13,국제유가 다시 100달러,-0.261,0,1,https://biz.heraldcorp.com/article/10715802?ref=naver
2026-04-13,미국·이란 종전 협상 결렬에 유가 8% 급등,0.165,1,1,https://biz.heraldcorp.com/article/10715786?ref=naver
2026-04-13,"“20만전자 깨졌을 때 사자”…초고수, 삼성전자 순매수 1위 [주식 초고...",0.0,0,0,https://www.sedaily.com/article/20031720?ref=naver
2026-04-13,미·이란 협상 결렬에 코스피 급락 출발…지정학 리스크 재부각,-0.513,1,2,https://www.ppss.kr/news/articleView.html?idxno=292576
2026-04-13,"케이피에프, 글로벌 생산 네트워크 구축... 베트남·미국 거점 공략 박차",-0.261,0,1,https://www.pinpointnews.co.kr/news/articleView.html?idxno=444978
2026-04-13,"코스피 '종전 협상' 결렬에 장중 5810선 하락, 원/달러 환율 1495.4원 출발",-0.261,0,1,https://www.businesspost.co.kr/BP?command=article_view&num=435546
2026-04-13,"코스피, 지정학 리스크 재점화 속 5,800선 공방…반도체 투톱 '희비'",0.0,0,0,https://www.news2day.co.kr/article/20260412500085
2026-04-13,"코스피, 미·이란 협상 결렬 하락세로 출발",-0.261,0,1,http://www.issuenbiz.com/news/articleView.html?idxno=75504
2026-04-13,경상북도 원자력 관련 기업지원 설명회 개최,0.322,1,0,https://www.job-post.co.kr/news/articleView.html?idxno=213365
2026-04-13,"코스피, 美·이란 협상결렬에 5,800선 약세 출발...개미 ""사자""",-0.322,0,1,https://www.slist.kr/news/articleView.html?idxno=731324
2026-04-13,"코스피, 중동 긴장 고조에 하락 출발…장중 낙폭 일부 축소",-0.261,0,1,https://www.sisajournal.com/news/articleView.html?idxno=369172
2026-04-13,"코스피, 美·이란 협상 결렬에 2% 하락 출발…개인 매수에 낙폭 축소 [투...",-0.261,0,1,https://biz.heraldcorp.com/article/10715654?ref=naver
2026-04-13,코스피도 '호르무즈 공급망 봉쇄' 충격,-0.261,0,1,https://view.asiae.co.kr/article/2026041310091983105
2026-04-13,"코스피, 미·이란 협상 무산에 약세…5810선 등락",-0.537,0,2,https://www.ziksir.com/news/articleView.html?idxno=130541
2026-04-13,미국·이란 종전 협상 결렬…유가 급등에 코스피 ‘급전직하’ [투자360...,0.165,1,1,https://biz.heraldcorp.com/article/10715637?ref=naver
2026-04-13,"코스피, 협상 결렬에 1% 하락… 유가 100弗 재돌파",-0.322,1,2,https://it.chosun.com/news/articleView.html?idxno=2023092160263
2026-04-13,"[개장시황] 종전 협상 결렬…코스피, 장 초반 1%대 하락",-0.261,0,1,http://www.hansbiz.co.kr/news/articleView.html?idxno=832373
2026-04-13,"두산에너빌리티, 10만원선 재이탈…전쟁 변수 속 '흐름 싸움' 구간 진입",-0.537,0,2,https://www.cbci.co.kr/news/articleView.html?idxno=567404
2026-04-13,미·이란 '협상 결렬'에 커지는 불확실성…6천피 목전서 증시 다시 흔들,-0.537,0,2,https://www.imaeil.com/page/view/2026041309564732741
2026-04-13,미·이란 협상 결렬에 코스피 5700선 붕괴···시총 상위주 일제 하락,-0.261,0,1,https://www.smartbizn.com/news/articleView.html?idxno=141723
2026-04-13,"코스피, 미·이란 협상 결렬 여파 2%대 급락···5730선 출발",-0.462,0,1,https://www.seoulfn.com/news/articleView.html?idxno=626323
2026-04-13,‘주가 누르기’ 합병 막겠다며 추진하는 공정가액 두고 불거진 논란,0.38,1,0,https://www.chosun.com/economy/economy_general/2026/04/13/CXYVY2B6ZJFR3FGZ6UCENWUHCA/?utm_source=naver&utm_medium=referral&utm_campaign=naver-news
2026-04-13,"두산에너빌리티 주가, 4월 13일 장중 98,100원 2.10% 하락",-0.261,0,1,https://www.joongangenews.com/news/articleView.html?idxno=510994
2026-04-13,"미·이란 협상 결렬에 금융시장 출렁… 환율 1490원대, 코스피 약세 출발",-0.322,1,2,https://www.hidomin.com/news/articleView.html?idxno=701073
2026-04-13,"미국·이란 1차 협상 불발…코스피, 1%대 하락 출발 [시황]",-0.261,0,1,https://www.dailian.co.kr/news/view/1632629/?sc=Naver
2026-04-13,미국·이란 휴전 협상 결렬 여파… 코스피 5700선 후퇴·유가 100달러 돌...,-0.261,0,1,https://www.chosun.com/economy/economy_general/2026/04/13/L5FT672B7ZASLEKJJNGNJ4AY24/?utm_source=naver&utm_medium=referral&utm_campaign=naver-news
2026-04-13,美·이란 협상 결렬에 코스피 2%대 하락 출발…5700선서 등락,-0.261,0,1,http://www.edaily.co.kr/news/newspath.asp?newsid=02528886645415792
2026-04-13,주말 미국·이란 협상 결렬 소식에 코스피·코스닥 하락,-0.261,0,1,https://view.asiae.co.kr/article/2026041309345261680
2026-04-13,"코스피, 美-이란 종전 협상 결렬에 하락출발…5,780선(종합)",-0.261,0,1,https://www.yna.co.kr/view/AKR20260413039500008?input=1195m
2026-04-13,美·이란 협상 결렬에 투심 위축…코스피 1%대 하락 출발[개장시황],-0.261,0,1,https://www.newsway.co.kr/news/view?ud=2026041309152758158
2026-04-13,미·이란 협상 결렬에 환율 급등…코스피 1%대 하락세,0.165,1,1,https://news.tf.co.kr/read/economy/2312281.htm
2026-04-13,코스피 하락 출발 5750선으로 밀려…미-이란 종전 협상 결렬 여파,-0.261,0,1,https://www.kado.net/news/articleView.html?idxno=2044255
2026-04-15,"두산에너빌리티, 큰폭의 움직임 없었다…수요일장 향방에 '이목'",0.0,0,0,https://www.cbci.co.kr/news/articleView.html?idxno=567784
2026-04-14,"코스피, 기관과 외인 매수에 상승 마감...SK스퀘어, SK하이닉스 상승 VS...",0.261,1,0,http://www.econonews.co.kr/news/articleView.html?idxno=435578
2026-04-14,"국민연금, 국내 주식 보유 평가액 224조↑",0.0,0,0,https://www.idaegu.co.kr/news/articleView.html?idxno=545027
2026-04-14,[4월15일자] 비즈니스포스트 아침의 주요기사,0.322,1,0,https://www.businesspost.co.kr/BP?command=article_view&num=435723
2026-04-14,"코스피, 장중 6천선 재돌파…미·이란 협상 기대감에 5960선 마감",0.261,2,1,https://www.econovill.com/news/articleView.html?idxno=737288
2026-04-14,"국민연금 보유 국내주식 평가액 224조↑... 증가분 절반 이상, 삼성전자...",0.0,0,0,https://www.mediawatch.kr/news/article.html?no=259288
2026-04-14,코스피·코스닥 2%대 상승…환율은↓,0.261,1,0,https://www.ccdn.co.kr/news/articleView.html?idxno=1073514
2026-04-14,"변동장 공포 몰아낸 삼전닉스… 개미, 코스피 빚투 사상최대",0.0,0,0,http://www.fnnews.com/news/202604141844132475
2026-04-14,"미국‧이란 재협상 기대감에 코스피 장중 6천피 재돌파…SK하이닉스, 11...",0.261,2,1,https://www.thepublic.kr/news/articleView.html?idxno=301133
2026-04-14,"송용진 사장, 서울대서 '두산에너빌 재료기술' 알린다",0.0,0,0,http://www.fnnews.com/news/202604141814520766
2026-04-14,[대구 24시] '2026 대한민국 전기산업엑스포' 엑스코 개최…AI 전력망 조...,0.0,0,0,https://www.sisajournal.com/news/articleView.html?idxno=369446
2026-04-14,"서서히 돌아오는 외국인…코스피, 2.74% 오른 5967.75에 마감",0.261,1,0,https://economist.co.kr/article/view/ecn202604140045
2026-04-14,"코스피, 전쟁 이후 첫 6000선 재진입...외인·기관 2조 순매수",0.322,2,1,https://www.polinews.co.kr/news/articleView.html?idxno=728450
2026-04-14,"[오늘증시]코스피 6000 찍고 한발 후퇴 ""5967선 마감""…SK하이닉스 최고...",0.261,1,0,http://www.queen.co.kr/news/articleView.html?idxno=455047
2026-04-14,"코스피, 종전협상 기대감에 장중 '6000p' 재돌파…5,960선 마감",0.261,1,0,https://www.delighti.co.kr/news/articleView.html?idxno=115130
2026-04-14,"[마감시황] 코스피, 장중 6000선 터치 후 상승폭 축소",0.261,1,0,http://www.hansbiz.co.kr/news/articleView.html?idxno=832872
2026-04-14,김상권 경남교육감 예비후보 창원 6대 교육 비전 발표,0.0,0,0,https://www.newsgn.com/news/articleView.html?idxno=546549
2026-04-14,"[iR52 장영실상] '원자력 핵심소재' 기술독립…두산에너빌리티, 영예의...",0.0,0,0,https://www.mk.co.kr/article/12016686
2026-04-14,"코스피, 중동 재협상 기대에 6천선 '코앞'… 외인·기관 쌍끌이",0.261,1,0,https://it.chosun.com/news/articleView.html?idxno=2023092160373
2026-04-14,"미·이 협상 기대감에 코스피 장중 6천선 재돌파…5,960선 마감",0.261,1,0,http://mbnmoney.mbn.co.kr/news/view?news_no=MM1005813624
2026-04-14,"대우건설, 데이터센터·원전·북미 주택시장서 신규 먹거리 발굴",0.38,1,0,http://www.wsobi.com/news/articleView.html?idxno=310119
2026-04-14,국민연금 국내주식 평가액 224조 증가…삼성전자·하이닉스가 절반,0.0,0,0,https://www.industrynews.co.kr/news/articleView.html?idxno=79986
2026-04-14,"[마감시황] 코스피, 미·이란 협상 기대에 '육천피' 코앞…SK하닉 신고가...",0.8,3,0,https://www.ajunews.com/view/20260414165001750
2026-04-14,"[종합] 코스피, 美ㆍ이란 종전협상 낙관론에 5,960선 마감... 장중 한때 ...",0.261,1,0,https://www.getnews.co.kr/news/articleView.html?idxno=867741
2026-04-14,장중 '육천피' 복귀 코스피 5960선 마감…코스닥도 올라,0.0,0,0,https://www.pointdaily.co.kr/news/articleView.html?idxno=301186
2026-04-14,[서울데이터랩]4월 14일 코스피 주요 종목 마감시황,0.0,1,1,https://www.seoul.co.kr/news/economy/securities/2026/04/14/20260414500236?wlog_tag3=naver
2026-04-14,[서울데이터랩]마감 직후 인기 검색 종목 20選,0.0,1,1,https://www.seoul.co.kr/news/economy/securities/2026/04/14/20260414500238?wlog_tag3=naver
2026-04-14,‘중동 협상’ 기대에 코스피 2.74% 급등…SK하이닉스 장중 112만원 돌파,0.56,3,1,https://www.ddaily.co.kr/page/view/2026041416262089314
2026-04-14,미-이란 협상 재개 기대감에 코스피 2.74% 상승…6000선 목전 마감,0.0,1,1,https://www.dnews.co.kr/uhtml/view.jsp?idxno=202604141603255780231
2026-04-14,"두산, AI 인재 확보 속도…해외 공대생 채용",0.0,0,0,https://www.ngetnews.com/news/articleView.html?idxno=549838
2026-04-14,"'장중 6000선 터치' 코스피, 5967.75 마감, 2.74%↑",0.322,1,0,http://www.seouleconews.com/news/articleView.html?idxno=90627
2026-04-14,"코스피, 협상 기대감에 장중 '6천피' 재돌파…5,960선 마감",0.261,1,0,https://news.sbs.co.kr/news/endPage.do?news_id=N1008517928&plink=ORI&cooper=NAVER
2026-04-14,"코스피, 美·이란 재협상 가능성에 2.74% 상승 5967.75 마감",0.261,2,1,http://www.techholic.co.kr/news/articleView.html?idxno=220801
2026-04-14,"[마감시황] 코스피, 미-이란 재협상 소식에 5960선 마감…코스닥도 올라",0.322,1,0,https://www.viva100.com/article/20260414501175
2026-04-14,"코스피, 미·이란 협상 기대감에 5960선 회복···'6000피' 눈앞",0.261,1,0,https://www.smartbizn.com/news/articleView.html?idxno=141882
2026-04-14,"코스피, 협상 기대감·외국인 2조 순매수에 장중 6000선 돌파",0.261,2,1,https://www.ziksir.com/news/articleView.html?idxno=130776
2026-04-14,외인·기관 귀환에 코스피 5960선 안착,0.261,1,0,https://www.mediapen.com/news/view/1093318
2026-04-14,"코스피, 미·이란 합의 기대감에 2.7%↑…장중 6000선 '터치'",0.261,1,0,http://www.seoulwire.com/news/articleView.html?idxno=716867
2026-04-14,[마감시황] 코스피. 159.13포인트 오른 5967.75 마감,0.261,1,0,https://www.lcnews.co.kr/news/articleView.html?idxno=200741
2026-04-14,"코스피, 협상 기대감에 장중 '6천피' 재돌파…5,960선 마감(종합)",0.261,1,0,https://www.yna.co.kr/view/AKR20260414130300008?input=1195m
2026-04-14,[마감시황] 코스피 6000 탈환 눈앞...미·이란 전쟁 끝물인가?,0.0,0,0,https://www.newspim.com/news/view/20260414001188
2026-04-14,"코스피, 6000선 찍고 5900선 마감",0.322,1,0,http://www.issuenbiz.com/news/articleView.html?idxno=75587
2026-04-14,변동장세에 숨죽이던 개미 기지개…코스피 '빚투' 사상 최대,0.583,1,0,http://www.fnnews.com/news/202604141525318702
2026-04-14,"코스피, 협상 기대 속 2% 강세 마감…장중 6000선 돌파(종합)",0.537,3,1,https://www.newsis.com/view/NISX20260414_0003590911
2026-04-14,"코스피, 기관·외국인 쌍끌이 매수에 2%대 강세…5960선 마감",0.322,1,0,https://view.asiae.co.kr/article/2026041416131959876
2026-04-14,코스피 '육천피' 돌파 후 상승폭 축소…5990선 마감[시황종합],0.488,2,0,https://www.news1.kr/finance/general-stock/6136154
2026-04-14,"110만닉스 시대 개막…코스피, 협상 기대에 6000선 턱밑 [시황]",0.408,1,0,https://www.dailian.co.kr/news/view/1633453/?sc=Naver
2026-04-14,"코스피, 6000 찍고 상승폭 축소 5960선 마감…외인·기관 '사자' 전환",0.0,1,1,https://www.newsworks.co.kr/news/articleView.html?idxno=837755
2026-04-14,코스피 2.74% 상승한 5967.75 마감...우주항공·증권 강세,0.537,2,0,https://www.g-enews.com/view.php?ud=202604141534254796df2f5bc1bc_1
2026-04-14,미-이란 협상 재개 기대…코스피 2%대 상승 [MTN 마감시황],0.0,1,1,https://news.mtn.co.kr/news-detail/2026041415585610364
2026-04-14,美·이란 재협상 기대에 코스피 5960대로 1분기 실적 시즌 개막 SK하이닉...,0.261,1,0,http://www.smedaily.co.kr/news/articleView.html?idxno=355684
2026-04-14,"하이닉스가 이끈 코스피, 2.74% 오른 5967.75 마감...외인·기관 2.1조 '사...",0.322,1,0,http://www.opinionnews.co.kr/news/articleView.html?idxno=136756
2026-04-14,코스피 2%대 상승 마감…외국인·기관 매수에 5967선 회복[마감시황],0.604,2,0,https://www.newsway.co.kr/news/view?ud=2026041415445174908
2026-04-14,"‘장중 6000피 터치’ 코스피, 5967.75 상승 마감…코스닥도 올라",0.537,2,0,https://www.mk.co.kr/article/12016519
2026-04-14,[시황] 미-이란 협상 기대감에…코스피 5900선 안착 마감,0.261,1,0,http://www.newsdream.kr/news/articleView.html?idxno=111301
2026-04-14,"코스피, 5960선 마감... 코스닥도 2% 상승",0.0,1,1,https://www.digitaltoday.co.kr/news/articleView.html?idxno=656739
2026-04-14,중동 종전 협상 재개 기대감에 코스피 장중 한때 '육천피' 눈앞,0.0,1,1,https://www.newscj.com/news/articleView.html?idxno=3393685
2026-04-14,"코스피, 6000선 '터치' 후 5960대 안착…반도체·중동 기대감에 상승",0.261,1,0,https://news.tf.co.kr/read/economy/2313095.htm
2026-04-14,"“전쟁 끝물?” 코스피, 2.74% 오른 5967.75 마감…장중 6000선 재돌파",0.261,2,1,https://www.dt.co.kr/article/12057376?ref=naver
2026-04-14,'육천피' 재돌파 후 5960선 마감...기관·외인 동반 순매수,0.261,2,1,http://www.metroseoul.co.kr/article/20260414500421
2026-04-14,"(마감시황) 코스피, 美·이란 협상 기대에 6,000선 ‘눈앞’…SK하이닉스...",0.0,0,0,https://www.news2day.co.kr/article/20260414500234
2026-04-14,"두산에너빌리티 SMR 생산능력 확대 본격화, 박지원 에너지 전환 흐름에...",0.408,1,0,https://www.businesspost.co.kr/BP?command=article_view&num=435682
2026-04-14,"[오늘증시]코스피, 외국인·기관 2.1조원 순매수로 6000선 턱밑 마감",0.0,0,0,https://www.sidae.com/article/2026041415402823869
2026-04-14,"빅테크가 찾아낸 '보물'...두산에너빌, 美 안방 뚫고 항공 시장까지 질...",0.0,0,0,http://www.fntimes.com/html/view.php?ud=2026041415214337930d260cda75_18
2026-04-14,"경남교육감 김상권 후보 ""산업도시 창원 책임지는 인재는 반드시 창원에...",0.0,0,0,https://www.pennmike.com/news/articleView.html?idxno=118726
2026-04-14,"한국콜마·무신사, ‘상생 금융’ 통해 협력사 2700억원 보증 지원",0.0,0,0,https://www.viva100.com/article/20260414500884
2026-04-14,"송용진 사장, 서울대 후배들에 '두산에너빌 재료기술' 알린다... 15일 서...",0.0,0,0,http://www.fnnews.com/news/202604140857401586
2026-04-14,"코스피, 협상 기대 재부각에 6000선 재돌파…3%대 상승[장중시황]",0.488,2,0,https://www.newsway.co.kr/news/view?ud=2026041411193082957
2026-04-14,초고수 픽은 ‘삼성그룹株’…삼성전기·삼성전자 나란히 순매수 상위권...,0.0,0,0,https://www.sedaily.com/article/20032275?ref=naver
2026-04-14,"협상 기대 코스피 3.7% 올라 6020선...""현·선물 사자, 달라진 외국인""",0.322,1,0,http://www.edaily.co.kr/news/newspath.asp?newsid=03775286645416120
2026-04-14,"[티타임]코스피, 외국인·기관 매수세에 6000 돌파…3.64% 급등",0.812,4,1,https://www.sidae.com/article/2026041413333140244
2026-04-14,국민연금 국내 주식 평가액 224조 증가…삼전닉스 54% 차지,0.0,0,0,https://www.asiatime.co.kr/article/20260414500245
2026-04-14,전쟁 둔감해진 코스피 '6000 돌파'…실적 시즌 믿고 '전쟁 리스크' 극복,0.488,2,0,https://www.news1.kr/finance/general-stock/6135770
2026-04-14,[서울데이터랩]SK스퀘어 9.14% 상승하며 급등세 기록,0.604,2,0,https://www.seoul.co.kr/news/economy/securities/2026/04/14/20260414500136?wlog_tag3=naver
2026-04-14,"김상권, 창원 미래교육 대전환 공약 발표…“교육행정 분산·국제학교 ...",0.0,0,0,https://www.kukinews.com/article/view/kuk202604140084
2026-04-14,국민연금만 따라 샀어도 대박…1년 224조 번 비결은?,0.0,0,0,https://biz.sbs.co.kr/article_hub/20000304151?division=NAVER
2026-04-14,"협상 재개 기대감에 '활활'…코스피, 42일 만에 6000선",0.488,2,0,http://www.newsprime.co.kr/news/article.html?no=730187
2026-04-14,"코스피, 30거래일 만에 6000선 탈환... 외국인·기관 주도",0.0,1,1,https://www.digitaltoday.co.kr/news/articleView.html?idxno=656673
2026-04-14,"美·이란 협상 기대감에 코스피, 30일 거래일 만에 6000선 탈환",0.0,1,1,https://www.newscj.com/news/articleView.html?idxno=3393572
2026-04-14,"K-원전, 37조 규모 이집트 엘다바 ‘특급 도우미’… 한수원·두산 3.3조...",0.0,0,0,https://www.g-enews.com/view.php?ud=202604141043017054fbbec65dfb_1
2026-04-14,국민연금 국내주식 평가액 224조 증가...삼성·하이닉스 54% 차지,0.0,0,0,https://www.esgeconomy.com/news/articleView.html?idxno=15213
2026-04-14,"코스피, 미·이란 협상 기대감에 6000선 탈환",0.0,0,0,https://www.dailian.co.kr/news/view/1633247/?sc=Naver
2026-04-14,"코스피 미국 이란 종전협상 기대감에 장중 2%대 상승 5970선, 환율 1478.8...",0.261,1,0,https://www.businesspost.co.kr/BP?command=article_view&num=435642
2026-04-14,"코스피, 한달 반 만에 '육천피' 회복…3%대 상승[장중시황]",0.261,1,0,https://www.news1.kr/finance/general-stock/6135616
2026-04-14,국민연금 국내주식 평가액 224조 증가...삼성전자·하이닉스 54% 집중,0.261,1,0,https://www.m-economynews.com/news/article.html?no=66429
2026-04-14,코스피 6000 고지 재탈환…SK하이닉스 최고가 경신,0.0,0,0,https://www.hankookilbo.com/news/article/A2026041409000002078?did=NA
2026-04-14,"코스피, 지정학 리스크 완화 기대에 5960선 상회",0.0,0,0,https://www.sisajournal.com/news/articleView.html?idxno=369345
2026-04-14,국민연금 수익 224조 급증…삼성전자·SK하이닉스 '반도체 투톱'에 54% 집...,0.261,1,0,http://www.newsian.co.kr/news/articleView.html?idxno=88494
2026-04-14,"두산에너빌리티 주가, 4월 14일 장중 100,100원 0.81% 상승",0.261,1,0,https://www.topstarnews.net/news/articleView.html?idxno=16034206
2026-04-14,"코스피, 미-이란 협상 기대에 6000선 돌파 시도",0.261,2,1,https://www.ziksir.com/news/articleView.html?idxno=130694
2026-04-14,"코스피, 3%대 급등 속 6,000선 재돌파 시도…삼성전자 20만선 위 강세",0.775,3,0,https://www.news2day.co.kr/article/20260414500116
2026-04-14,美·이란 협상 기대에 코스피 5980선 돌파… '육천피' 탈환 눈앞,0.261,2,1,https://it.chosun.com/news/articleView.html?idxno=2023092160332
2026-04-14,"국민연금, 국내 주식 평가액 15개월 새 174%, 224조원 늘어",0.0,0,0,https://www.delighti.co.kr/news/articleView.html?idxno=115095
2026-04-14,국민연금 국내주식 평가액 224조원↑…삼성전자·하이닉스 54% 쏠림,0.0,0,0,https://www.seoultimes.news/news/article.html?no=2000095084
2026-04-14,"삼전 3%, 하닉 4% 상승…코스피 6000선 탈환 시도 [마켓시그널]",-0.067,1,1,https://www.sedaily.com/article/20032135?ref=naver
2026-04-14,"코스피, 미·이란 협상 기대에 2%대 상승 출발···5900선 회복",0.261,1,0,https://www.seoulfn.com/news/articleView.html?idxno=626455
2026-04-14,두산에너빌리티·우리기술 엇갈린 흐름…원자력주 혼조세 속 방향성 탐...,0.261,1,0,https://www.cbci.co.kr/news/articleView.html?idxno=567662
2026-04-14,"국민연금, 국내주식 평가액 224조↑..삼성전자·하이닉스 절반 이상 집중",0.0,0,0,http://www.breaknews.com/1199960
2026-04-14,국민연금 국내주식 평가액 224조 급증...절반은 삼성전자·SK하이닉스,0.0,0,0,https://www.chosun.com/economy/industry-company/2026/04/14/3W67FPMPHBGYHLLWWRPEGTTCJM/?utm_source=naver&utm_medium=referral&utm_campaign=naver-news
2026-04-14,"코스피, 외국인 순매수에 장중 2%대 강세",0.537,2,0,https://view.asiae.co.kr/article/2026041409442901272
2026-04-15,"""믿었던 재생에너지마저""…고금리·원자재 늪에 다시 고개 드는 '석탄'",0.0,0,0,https://www.ziksir.com/news/articleView.html?idxno=130726
2026-04-15,"기아 주가 전망… KB證 ""30만"" vs. 유진證 ""17만"" 누가 맞나?",0.0,0,0,https://it.chosun.com/news/articleView.html?idxno=2023092160291
2026-04-15,엔비디아 4%ㆍ마이크론 9% 급등…삼전ㆍSK하닉 신기록 도전?,0.604,2,0,https://www.dt.co.kr/article/12057463?ref=naver
2026-04-15,롤스로이스 SMR 470㎿ 3기 착공… 英 에너지 자립 승부수,0.0,0,0,https://www.g-enews.com/view.php?ud=2026041421204165502bd56fbc3c_1
2026-04-15,한국 원자력 발전사 최초…핵심 소재 국산화로 대통령상 받은 기업은,0.0,0,0,https://www.mk.co.kr/article/12017186
2026-04-16,"종전 기대속 육천피 탈환, 실적도 힘보탤까",0.645,2,0,https://www.mt.co.kr/stock/2026/04/16/2026041520100844774
2026-04-16,6300 다시 찍나… “반도체 중심 실적에 추가 상승 여력”,0.261,1,0,https://www.kmib.co.kr/article/view.asp?arcid=1776244743&code=11151200&cp=nv
2026-04-16,종전 기대-외국인 컴백… 코스피 장중 6100 회복,0.322,1,0,https://www.donga.com/news/Economy/article/all/20260415/133747353/2
2026-04-16,"우리기술 주가 강세, 원전주 전반 '빙긋'…협상 기대감이 투자심리 자극",0.322,1,0,https://www.cbci.co.kr/news/articleView.html?idxno=568057
2026-04-16,두산에너빌리티 주가 '번쩍'…지정학적 리스크 완화 시그널에,0.322,1,0,https://www.cbci.co.kr/news/articleView.html?idxno=568050
2026-04-15,"“저출산 시대, 채용보다 유지가 경쟁력”",0.0,0,0,http://www.knnews.co.kr/news/articleView.php?idxno=1539504
2026-04-15,"코스피, 외인과 기관 매수에 상승 마감...두산에너빌리티, 삼성바이오로...",0.604,2,0,http://www.econonews.co.kr/news/articleView.html?idxno=435746
2026-04-15,SMR 1호기 부지 결정 약 2개월 앞으로…두산·현대건설·삼성물산 '주도...,0.38,1,0,https://www.greened.kr/news/articleView.html?idxno=339333
2026-04-15,경남서 기술·투자·문화 융합 '창업축제' 열린다,0.0,0,0,https://www.gnnews.co.kr/news/articleView.html?idxno=634959
2026-04-15,"종전 기대감에…한 달 만에 종가 6,000선 회복",0.322,1,0,http://www.yonhapnewstv.co.kr/MYH20260415184305yjS
2026-04-15,"'GSAT 2026' 창업 더 가깝게, 창업페스티벌 in 경남",0.0,0,0,http://www.gndomin.com/news/articleView.html?idxno=472517
2026-04-15,"한화 김승연 1위, 롯데 신동빈 2위…총수 일가 평균 보수 27억원",0.0,0,0,https://www.hani.co.kr/arti/economy/marketing/1254377.html
2026-04-15,경남 창업페스티벌 GSAT 2026 연다,0.0,0,0,https://www.mt.co.kr/policy/2026/04/15/2026041517400832375
2026-04-15,"세계적 창업 축제 'GSAT 2026', 29~30일 창원서 열린다",0.0,0,0,https://www.idomin.com/news/articleView.html?idxno=2003663
2026-04-15,[중시 오늘] 코스피 6000선 안착,0.261,1,0,https://www.bigtanews.co.kr/article/view/big202604150010
2026-04-15,"전쟁 안 끝났는데…외국인, 한국 증시에 '1조3000억' 쓴 이유",0.775,3,0,https://www.hankyung.com/article/2026041534131
2026-04-15,"[오늘증시]코스피, 미·이란 종전 협상 기대감에 2%대 상승…32거래일 만...",0.0,1,1,http://www.queen.co.kr/news/articleView.html?idxno=455131
2026-04-15,"[마감시황] 코스피, 32거래일 만에 6000선 안착",0.0,0,0,http://www.hansbiz.co.kr/news/articleView.html?idxno=833165
2026-04-15,중동 긴장 완화에 증시 다시 랠리…코스피 6000선 재돌파,0.488,2,0,http://www.newstomato.com/ReadNews.aspx?no=1297991&inflow=N
2026-04-15,‘113만 닉스’ ‘21만전자’ 안착…코스피 장중 6100선 회복,0.322,1,0,https://www.donga.com/news/Economy/article/all/20260415/133743577/1
2026-04-15,"""돈 벌었다, 빼자"" 개미 팔고 나가도 '육천피' 복귀...종전 기대감에 '껑...",0.645,2,0,https://www.mt.co.kr/stock/2026/04/16/2026041516425026429
2026-04-15,"(마감시황) 코스피, 종전 협상 훈풍에 6,090선 회복…삼성전자 21만선 안...",0.0,0,0,https://www.news2day.co.kr/article/20260415500196
2026-04-15,[마감시황] 6천피 안착...미·이란 협상 훈풍에 이틀째 급등,0.408,1,0,https://www.newspim.com/news/view/20260415001139
2026-04-15,"김회천 한수원 사장, 체코 두코바니 승부수",0.0,0,0,http://www.00news.co.kr/news/articleView.html?idxno=103247
2026-04-15,"[코스피 지수선물 옵션] ""하이닉스는 던지고 삼성전자는 쓸어 담았다…...",0.322,1,0,https://www.pinpointnews.co.kr/news/articleView.html?idxno=445768
2026-04-15,'GSAT 2026' 창업을 더 가깝게…경남도 글로벌 융복합 창업페스티벌 열린...,0.0,0,0,http://www.ikld.kr/news/articleView.html?idxno=332918
2026-04-15,"코스피, 미·이란 협상 기대에 2% 상승 마감···6000선 재돌파",0.488,2,0,https://www.seoulfn.com/news/articleView.html?idxno=626620
2026-04-15,중동 전쟁 종전 기대감 속 코스피 6000선 탈환…SK하이닉스 3%↑,-0.261,0,1,https://www.ddaily.co.kr/page/view/2026041516285755650
2026-04-15,코스피 2.07% 상승한 6091.39 마감...건설·제약 강세,0.537,2,0,https://www.g-enews.com/view.php?ud=202604151534018166df2f5bc1bc_1
2026-04-15,"코스피, 2.07% 상승하며 32거래일 만에 6000선 안착 마감",-0.067,1,1,http://www.techholic.co.kr/news/articleView.html?idxno=220819
2026-04-15,"코스피, 42일 만 6000선 재돌파···종전 기대감 돌아온 외인 ""사자""",0.261,1,0,https://www.newsfreezone.co.kr/news/articleView.html?idxno=685318
2026-04-15,미ㆍ이란 협상기대에 코스피ㆍ코스닥 동반 2%↑…코스피 종가 6000선 회...,-0.322,0,1,https://www.dnews.co.kr/uhtml/view.jsp?idxno=202604151555487920410
2026-04-15,"코스피, 6000선 안착 마감...삼전·닉스 2%↑",0.261,1,0,http://www.issuenbiz.com/news/articleView.html?idxno=75642
2026-04-15,"코스피, 미국·이란 전쟁 종전 기대감에 '6000선 회복'…코스닥 2.72%↑",0.261,1,0,http://www.newsprime.co.kr/news/article.html?no=730414
2026-04-15,"코스피, 중동 전쟁 이후 첫 종가 6000선 안착…종전 기대감에 2%↑",0.462,1,0,http://www.beyondpost.co.kr/view.php?ud=202604151615458848be44c0aacd_30
2026-04-15,"재협상 기대 속, 코스피 '급등'... CJ · LS · 삼성SDS '껑충'",0.408,1,0,http://www.choicenews.co.kr/news/articleView.html?idxno=163880
2026-04-15,전고점까지 4% 남았다…코스피 2% 올라 6090선 마감[시황종합],0.261,1,0,https://www.news1.kr/finance/general-stock/6137603
2026-04-15,"종전 기대감에 6,000선 안착…외국인 '사자'",0.322,1,0,http://www.yonhapnewstv.co.kr/MYH20260415161407UDm
2026-04-15,코스피 6100선 근접 마감… 삼성전자·SK하이닉스 동반 강세,0.682,3,1,https://www.newsclaim.co.kr/news/articleView.html?idxno=3060831
2026-04-15,[데이터 뉴스룸] 기계業 50곳 1년 새 매출 성적은?…두산에너빌리티 오...,0.0,0,0,https://www.greened.kr/news/articleView.html?idxno=339327
2026-04-15,[거래소 외국인] 대우건설·두산에너빌리티 '폭풍 매수'... 머니 대이동...,0.0,0,0,https://www.pinpointnews.co.kr/news/articleView.html?idxno=445742
2026-04-15,힘 받은 제약·바이오…환율 하락 코스피 6090선 안착,0.067,1,1,https://www.mediapen.com/news/view/1093585
2026-04-15,[거래소 기관] 삼성전자 쓸어 담고 SK하이닉스 던졌다…수급 대전환 신...,0.38,1,0,https://www.pinpointnews.co.kr/news/articleView.html?idxno=445738
2026-04-15,경남 창업페스티벌 'GSAT 2026' 29일 열린다,0.0,0,0,https://www.newsgn.com/news/articleView.html?idxno=546843
2026-04-15,코스피·코스닥 미-이란 협상 기대에 동반 상승 마감 [시황],0.261,1,0,https://www.dailian.co.kr/news/view/1633979/?sc=Naver
2026-04-15,"코스피, 美·이란 재협상 기대감에 6000선 돌파…환율 1474.2원 마감",0.261,1,0,http://www.seoulwire.com/news/articleView.html?idxno=717050
2026-04-15,‘종전 기대감’에 장중 6180선 찍은 코스피…외국인 매수에 6090선 마감...,0.462,1,0,https://www.sedaily.com/article/20032902?ref=naver
2026-04-15,[시황] 중동發 리스크 완화 기대감…코스피 6000선 안착 마감,0.0,1,1,http://www.newsdream.kr/news/articleView.html?idxno=111343
2026-04-15,外人 매수에 코스피 2% 상승 마감…신고가는 아직,0.462,2,1,https://view.asiae.co.kr/article/2026041516035213783
2026-04-15,[마감시황] 미·이란 협상 기대감에 외국인 '사자'…코스피·코스닥 2%대...,-0.322,0,1,https://www.ajunews.com/view/20260415160102548
2026-04-15,"오르비텍, 원전 해체 시장 선점 박차… R&D 분석센터로 기술 격차 벌린...",0.261,1,0,https://www.pinpointnews.co.kr/news/articleView.html?idxno=445720
2026-04-15,외국인 연이틀 매수…코스피 6000선 안착 [MTN 마감시황],0.261,1,0,https://news.mtn.co.kr/news-detail/2026041515580111948
2026-04-15,종전 기대감에 코스피 2.07% 오른 6091.39 마감...하이닉스 신고가,0.462,1,0,http://www.opinionnews.co.kr/news/articleView.html?idxno=136822
2026-04-15,"코스피, 美-이란 종전 협상 기대에 6000선 재탈환 마감",0.0,1,1,http://www.metroseoul.co.kr/article/20260415500425
2026-04-15,"코스피, 6090선 회복 마감…외국인 5천억 '사자'에 2% 상승",0.0,1,1,https://www.ebn.co.kr/news/articleView.html?idxno=1705537
2026-04-15,美·이란 협상 기대에 코스피 6090대로 이익 모멘텀 유효…SK하이닉스 3...,0.0,0,0,http://www.smedaily.co.kr/news/articleView.html?idxno=355748
2026-04-15,코스피 6000선 회복... 외국인 매수 영향 32거래일 만에 반등,0.892,4,0,http://www.chungnamilbo.co.kr/news/articleView.html?idxno=883609
2026-04-15,"코스피, 32거래일 만에 6000선 마감... 코스닥도 3% 가까이 상승",0.0,1,1,https://www.digitaltoday.co.kr/news/articleView.html?idxno=657196
2026-04-15,"코스피, 미·이란 협상 기대감에 6000선 돌파",0.488,2,0,https://www.cstimes.com/news/articleView.html?idxno=702086
2026-04-15,외국인 '사자'에 코스피 6000선 회복 마감…33거래일만,0.0,0,0,https://www.etoday.co.kr/news/view/2576060
2026-04-15,美·이란 재협상 기대감에 다시 '육천피'…전쟁 전 수준 회복,0.322,1,0,https://www.hankyung.com/article/2026041529706
2026-04-15,"코스피, 32거래일 만에 종가 6000선 회복[마감]",0.322,1,0,http://www.edaily.co.kr/news/newspath.asp?newsid=04352566645416448
2026-04-15,"경남도, 창업페스티벌 'GSAT 2026' 개최…14개국 40개 기관 참여",0.0,0,0,https://www.newspim.com/news/view/20260415000970
2026-04-15,"코스피, 외인 매수세에 상승 마감…위험자산 선호 강화",0.261,1,0,https://www.mt.co.kr/stock/2026/04/15/2026041515444453315
2026-04-15,"코스피, 종전 기대감에 6091.39 상승 마감…코스닥도 강세",0.537,2,0,https://www.mk.co.kr/article/12017764
2026-04-15,"코스피, 미·이란 협상 기대에 2% 상승 마감…6100선 근접[마감시황]",0.261,1,0,https://www.newsway.co.kr/news/view?ud=2026041515395188473
2026-04-15,"[마감 시황] 코스피·코스닥, 동반 상승 마감…반도체 경기 호조 기대",0.261,1,0,http://www.fieldnews.kr/news/articleView.html?idxno=27971
2026-04-15,'컴백' 외인 삼전 2조 담을 때…개미는 6조 던졌다,0.261,1,0,http://www.wowtv.co.kr/NewsCenter/News/Read?articleId=A202604150421&t=NN
2026-04-15,"원자력산업협회, 원자력연차대회 연다…19개국 156개사 참여 '역대 최대...",0.0,0,0,http://www.e-platform.net/news/articleView.html?idxno=101492
2026-04-15,"비츠로테크, 플라즈마 기술로 미래 산업 선점… 특수사업 부문 '함박웃...",0.537,2,0,https://www.pinpointnews.co.kr/news/articleView.html?idxno=445695
2026-04-15,"원자력산업협회, 한국원자력연차대회 개최",0.0,0,0,https://www.todayenergy.kr/news/articleView.html?idxno=296622
2026-04-15,반도체 주도 상승…코스피 6100선 재진입,0.537,2,0,https://www.thepublic.kr/news/articleView.html?idxno=301211
2026-04-15,[특징주] 코스피 6100선 안착…시총 5000조 재돌파,0.537,2,0,https://www.newspim.com/news/view/20260415000884
2026-04-15,경남서 창업 페스티발 ‘GSAT 2026’ 열린다,0.0,0,0,https://www.busan.com/view/busan/view.php?code=2026041511405286560
2026-04-15,외인·기관 쌍끌이에 코스피 6140선…코스닥 바이오도 급등[마켓시그널...,0.408,1,0,https://www.sedaily.com/article/20032835?ref=naver
2026-04-15,"美, SMR·대형원전 동시 추진…두산에너빌리티, 수혜 기대 ↑",0.0,0,0,https://www.newsis.com/view/NISX20260415_0003591988
2026-04-15,‘GSAT 2026’ 29일 창원서 개막…피지컬 AI 앞세운 융복합 창업축제,0.0,0,0,https://www.mk.co.kr/article/12017642
2026-04-15,2차 협상 기대 속 ...일본증시 '장중 활짝'·5만8000 재진입,0.408,1,0,http://www.choicenews.co.kr/news/articleView.html?idxno=163869
2026-04-15,"대기업-스타트업 협업 '혁신 창업' 유도…GSAT, 29일 창원서 개막",0.0,0,0,http://www.kookje.co.kr/news2011/asp/newsbody.asp?code=0300&key=20260415.99099004348
2026-04-15,"우리기술·비에이치아이 ""매수 터지자 그대로 쏘았다""…두산에너빌리티...",0.261,1,0,https://www.cbci.co.kr/news/articleView.html?idxno=568007
2026-04-15,"경남도, 글로벌 창업축제 'GSAT 2026' 29~30일 개최",0.0,0,0,https://www.news1.kr/local/busan-gyeongnam/6137303
2026-04-15,'돌아온 외국인'…코스피 3%대·코스닥은 2.8% 상승,0.261,1,0,https://www.etoday.co.kr/news/view/2575975
2026-04-15,글로벌 창업축제 'GSAT 2026' 29~30일 창원서 열린다,0.0,0,0,https://www.newsis.com/view/NISX20260415_0003592149
2026-04-15,"코스피, 외인·기관 쌍끌이 매수에 3%대 강세",0.322,1,0,http://www.edaily.co.kr/news/newspath.asp?newsid=03798246645416448
2026-04-15,‘코스닥 성장주’ 쓸어담은 초고수...알테오젠·파두 나란히 순매수 1...,0.322,1,0,https://www.sedaily.com/article/20032793?ref=naver
2026-04-15,"[서울데이터랩]코스피 거래상위 종목 강세…대한전선·대우건설 급등, ...",0.645,2,0,https://www.seoul.co.kr/news/economy/securities/2026/04/15/20260415500112?wlog_tag3=naver
2026-04-15,[서울데이터랩]반도체·전기전자 강세에 코스피 시총 상위주 대부분 상...,0.537,2,0,https://www.seoul.co.kr/news/economy/securities/2026/04/15/20260415500109?wlog_tag3=naver
2026-04-15,"우리銀, K-방산·우주·원전에 자금 수혈...생산적 금융 속도전",0.0,0,0,https://www.techm.kr/news/articleView.html?idxno=151079
2026-04-15,"'2차 종전 협상' 기대감…코스피 6,100선 돌파",0.537,2,0,https://news.sbs.co.kr/news/endPage.do?news_id=N1008519032&plink=ORI&cooper=NAVER
2026-04-15,'피지컬 AI' 글로벌 혁신창업 메카 경남 현주소 'GSAT 2026'서 한눈에,0.322,1,0,https://www.etnews.com/20260415000225
2026-04-15,"종전 기대감에 6,100선 안착…반도체 랠리 지속",0.322,1,0,http://www.yonhapnewstv.co.kr/MYH202604151144385Bw
2026-04-15,종전협상 재개에 코스피 6100선 돌파…外인 사자 전환,0.488,2,0,https://biz.sbs.co.kr/article_hub/20000304441?division=NAVER
2026-04-15,“두산에너빌리티 15만원 간다”… 미국 대형원전 수주 기대감,0.625,2,0,https://weekly.donga.com/3/all/11/6184777/1
2026-04-15,"한국원자력연차대회, 부산 벡스코에서 4월 22일 개막",0.0,0,0,http://www.epj.co.kr/news/articleView.html?idxno=38377
2026-04-15,"코스피, 6100선 돌파하며 상승...반도체 대형주 강세",0.7,3,0,https://www.ppss.kr/news/articleView.html?idxno=292942
2026-04-15,"코스피 장중 '종전협상 기대·물가 안정'에 6140선 상승, 원/달러 환율 ...",0.261,1,0,https://www.businesspost.co.kr/BP?command=article_view&num=435760
2026-04-15,"코스피, 종전 기대감에 6100선 돌파…장중 6180선 터치",0.488,2,0,https://www.industrynews.co.kr/news/articleView.html?idxno=80017
2026-04-15,경남 창업페스티벌 'GSAT 2026' 29일 개막…'피지컬 AI' 주제,0.0,0,0,https://www.yna.co.kr/view/AKR20260415048300052?input=1195m
2026-04-15,"SK하이닉스, 1분기 영업익 38조 사상 최대·목표가 180만원↑…대우건설...",0.788,2,0,http://www.fnnews.com/news/202604151000096190
2026-04-15,"'어제는 팔고 오늘은 사고'…고수들, SK하닉 돌아온 이유 [마켓PRO]",0.0,0,0,https://www.hankyung.com/article/202604152056i
2026-04-17,"[브랜드평판] 두산에너빌리티, 기계 상장기업 4월 1위... 레인보우로보...",0.0,0,0,https://www.enetnews.co.kr/news/articleView.html?idxno=48972
2026-04-17,우리기술 주가 원전주 전반 강세속 흐름 동참…장중 25000원 돌파하기도,0.7,3,0,https://www.cbci.co.kr/news/articleView.html?idxno=568336
2026-04-17,두산에너빌리티 주가 모처럼 '11만빌리티' 회복…금요일장 향방은?,0.0,0,0,https://www.cbci.co.kr/news/articleView.html?idxno=568335
2026-04-16,"코스피, 기관과 외인 매수에 상승 마감...두산에너빌리티, 현대차, 기아...",0.261,1,0,http://www.econonews.co.kr/news/articleView.html?idxno=435884
2026-04-16,"경남대·두산에너빌리티㈜ 협력사 협의회, 지역 인재 채용 활성화 간담...",0.0,0,0,https://www.kyosu.net/news/articleView.html?idxno=203977
2026-04-16,"이 대통령, 19~24일 인도·베트남 순방…공급망 공조 논의",0.0,0,0,https://www.khan.co.kr/article/202604162033025
2026-04-16,"경남대·두산에너빌리티㈜ 협력사 협의회, 인재 채용 간담회",0.0,0,0,https://www.gnnews.co.kr/news/articleView.html?idxno=635035
2026-04-16,"경남경영자총협회​​​​​​​, 제338회 노사합동 조찬세미나 개최",0.0,0,0,https://www.gnnews.co.kr/news/articleView.html?idxno=635062
2026-04-16,"이재명 19일부터 인도·베트남 순방, 4대그룹 총수 경제사절단으로 동행",0.0,0,0,https://www.businesspost.co.kr/BP?command=article_view&num=435910
2026-04-16,"코스피 다시 6,200선 탈환…전쟁 전으로 복귀",0.322,1,0,http://www.yonhapnewstv.co.kr/MYH20260416195952NS5
2026-04-16,외국인 돌아오나…코스피 2.21% 올라,0.261,1,0,http://www.econotelling.com/news/articleView.html?idxno=20120
2026-04-16,종전 기대감에 코스피 6200선 회복…전쟁 발발 후 처음,0.261,1,0,http://www.sisafocus.co.kr/news/articleView.html?idxno=358847
2026-04-16,"두산에너빌리티 ""뉴스케일파워와 협력 지속…발전부속설비 생산라인 유...",0.0,0,0,https://daily.hankooki.com/news/articleView.html?idxno=1359047
2026-04-16,114개 '혁신 파트너' 뜬다…창원서 창업 축제,0.0,0,0,https://www.hankyung.com/article/2026041663741
2026-04-16,"李대통령, 英·佛 주도 '호르무즈 화상 정상회의' 참석 검토",0.0,0,0,http://www.fnnews.com/news/202604161816015825
2026-04-16,"4대그룹 총수, 대통령 인도·베트남 순방 동행…경제외교 뒷받침",0.0,0,0,https://news.tf.co.kr/read/economy/2314142.htm
2026-04-16,"[오늘의 주목주] 코스피 2%대 오른 6200선 마감, '원전 기대감' 두산에너...",0.0,0,0,https://www.businesspost.co.kr/BP?command=article_view&num=435906
2026-04-16,"‘중동 종전 시계’ 빨라진다…코스피, 전쟁 후 첫 6200선 회복",0.261,1,0,https://economist.co.kr/article/view/ecn202604160055
2026-04-16,"李대통령, 인도·베트남 국빈 방문…기업인 대거 동행",0.0,0,0,https://www.hankyung.com/article/2026041665091
2026-04-16,"S&P500·나스닥 나란히 신고가…코스피, 6200 넘어 전고점 눈앞",0.645,2,0,https://www.hankyung.com/article/2026041664141
2026-04-16,경남대-두산에너빌리티 협력사 '지역 인재 채용' 논의,0.0,0,0,https://www.nocutnews.co.kr/news/6503761?utm_source=naver&utm_medium=article&utm_campaign=20260416053129
2026-04-16,"4대 그룹 총수, 이재명 대통령 인도·베트남 순방 경제사절단 합류...글...",0.322,1,0,http://www.queen.co.kr/news/articleView.html?idxno=455235
2026-04-16,"이 대통령, 19일부터 5박6일 인도·베트남 순방…“에너지 공급망 공조...",0.0,0,0,https://www.khan.co.kr/article/202604161710011
2026-04-16,[시황분석] 코스피 6200선 안착…반도체·현대차그룹이 끌고 원전·조선...,0.583,2,0,https://news.ifm.kr/news/articleView.html?idxno=469126
2026-04-16,전쟁에 묻힌 '피지컬 AI'…향후 전망은?,0.583,2,0,http://www.iminju.net/news/articleView.html?idxno=162687
2026-04-16,"코스피, 중동전쟁 이후 첫 6200선 돌파…코스닥도 올라",0.261,1,0,http://www.smarttimes.co.kr/news/articleView.html?idxno=44832
2026-04-16,"""증시는 이미 전쟁 끝?""…코스피, 6200선 돌파 '최고치' 눈앞",0.7,3,0,https://news.tvchosun.com/site/data/html_dir/2026/04/16/2026041690215.html
2026-04-16,"[애프터마켓 브리핑] 코스피, 33거래일만에 6200선 탈환",0.408,1,0,https://biz.sbs.co.kr/article_hub/20000304805?division=NAVER
2026-04-16,"[마감시황] 코스피, 6200선 재돌파…종전 협상 기대 속 최고치 근접",0.261,1,0,http://www.hansbiz.co.kr/news/articleView.html?idxno=833512
2026-04-16,"코스피, 중동 전쟁 이후 첫 6200선 회복···2.2% 급등 마감",0.408,1,0,https://www.seoulfn.com/news/articleView.html?idxno=626741
2026-04-16,"4대 그룹 총수, 李대통령 인도·베트남 순방 경제사절단 동행",0.0,0,0,https://www.news1.kr/industry/general-industry/6139213
2026-04-16,"[마감시황] 코스피, 종전 기대감에 6200선 안착…코스닥 0.9%↑",0.0,0,0,https://www.ajunews.com/view/20260416164620512
2026-04-16,[코스피 지수선물 옵션] 삼성전자·SK하이닉스 선물 훨훨…삼천당제약은...,0.537,2,0,https://www.pinpointnews.co.kr/news/articleView.html?idxno=446136
2026-04-16,"""전력망, 국가 경쟁력 좌우""…AI 시대 탄소중립 해법 찾기",0.0,0,0,https://zdnet.co.kr/view/?no=20260416161824
2026-04-16,"코스피, 한 달 반 만 6200선 회복…종전 기대감에 2%대 상승",0.537,2,0,https://www.dnews.co.kr/uhtml/view.jsp?idxno=202604161546122420585
2026-04-16,"코스피, 48일 만에 6200선 탈환···미·이란 종전 기대에 '랠리 재점화...",0.261,1,0,https://www.smartbizn.com/news/articleView.html?idxno=142066
2026-04-16,[오늘증시]종전 기대감에 코스피 6220선 회복… 이란 사태 이후 최고치,0.261,1,0,http://www.queen.co.kr/news/articleView.html?idxno=455223
2026-04-16,"코스피, 중동 전쟁 이후 종가 첫 6200선 돌파…전고점까지 1.28% 남아",0.261,1,0,http://www.beyondpost.co.kr/view.php?ud=202604161634391686be44c0aacd_30
2026-04-16,"[오늘증시]코스피, 종전 기대감에 6220선 재돌파…환율 1474.60원",0.488,2,0,https://www.sidae.com/article/2026041616024613287
2026-04-16,李 대통령 인도·베트남 순방 경제사절단 동행…삼성·SK·현대차·LG 총...,0.0,0,0,https://www.newsis.com/view/NISX20260416_0003594558
2026-04-16,[마감시황] 중동 휴전 기대감에 코스피 6226 안착…전고점까지 81포인트,0.0,0,0,https://www.newspim.com/news/view/20260416001186
2026-04-16,"코스피, 48일 만 6200선 복귀···중동 종전 기대감에 사흘째 올라",0.261,1,0,https://www.newsfreezone.co.kr/news/articleView.html?idxno=685528
2026-04-16,중동 훈풍에 코스피 2.2% 급등…두산에너빌리티 6% ‘껑충’,0.775,3,0,https://www.ddaily.co.kr/page/view/2026041616172425706
2026-04-16,"경남대-두산에너빌 협력사 협의회, 지역 인재 채용 활성화 간담회",0.0,0,0,https://www.cnbnews.com/news/article.html?no=789664
2026-04-16,"李대통령, '호르무즈 화상회의' 참석할 듯…19~24일 인·베 국빈방문",0.0,0,0,http://www.fnnews.com/news/202604161616376943
2026-04-16,[거래소 기관] 2차전지 팔고 반도체 샀다... GS건설 한미반도체 엘앤에...,0.38,1,0,https://www.pinpointnews.co.kr/news/articleView.html?idxno=446117
2026-04-16,[거래소 외국인] 3천억 쓸어 담은 삼성전자...삼성에스디에스 대우건설...,0.0,0,0,https://www.pinpointnews.co.kr/news/articleView.html?idxno=446114
2026-04-16,"코스피, 종전 기대 사흘 연속 랠리… 6200선 재등정",0.261,1,0,https://it.chosun.com/news/articleView.html?idxno=2023092160486
2026-04-16,"중동 기대 지속, 코스피 '또 급등'...車 · 한화계열 '껑충'",0.408,1,0,http://www.choicenews.co.kr/news/articleView.html?idxno=163943
2026-04-16,"""전쟁 곧 끝날 것"" 코스피 6220선 회복…1.95% 오르면 전고점 돌파[시황...",0.261,1,0,https://www.news1.kr/finance/general-stock/6139104
2026-04-16,"코스피, 이란전쟁 이래 첫 6200 마감 … '삼·하·현' 동반 강세",0.322,1,0,https://biz.newdaily.co.kr/site/data/html/2026/04/16/2026041600259.html
2026-04-16,"코스피, 종전 기대감에 6226.05 마감-33거래일 만에 6200선 재돌파",0.488,2,0,http://www.techholic.co.kr/news/articleView.html?idxno=220836
2026-04-16,"코스피, 중동 휴전 낙관론에 6200선 돌파 마감…외국인·기관 1.7조 '사자...",0.261,1,0,http://www.seoulwire.com/news/articleView.html?idxno=717273
2026-04-16,삼성전자·현대차 강세… 코스피 6200선 돌파,0.862,4,0,https://www.newsclaim.co.kr/news/articleView.html?idxno=3060982
2026-04-16,"코스피, 미국·이란 협상 기대감 지속에 '6200선 재돌파'…코스닥 0.91%↑",0.488,2,0,http://www.newsprime.co.kr/news/article.html?no=730555
2026-04-16,"코스피, 6200선 안착...외국인·기관 매수에 2%대 상승 마감",0.775,3,0,https://www.digitaltoday.co.kr/news/articleView.html?idxno=657598
2026-04-16,시동 건 삼전닉스…외인·기관 매수 코스피 6220선 마감,0.775,3,0,https://www.mediapen.com/news/view/1093825
2026-04-16,"코스피 6,200선 탈환…전쟁 이전 수준 회복",0.537,2,0,http://www.yonhapnewstv.co.kr/MYH20260416160710J5V
2026-04-16,"산기협, 산·학·연·정 한자리..‘탄소중립 K-테크 포럼’ 개최",0.0,0,0,https://kpenews.com/View.aspx?No=4044627
2026-04-16,전고점까지 81p 남은 코스피⋯기관ㆍ외인 ‘사자’세에 2%대 강세 마감,0.537,2,0,https://www.etoday.co.kr/news/view/2576464
2026-04-16,"[마감시황] 코스피, 중동전쟁 이후 첫 6200선 마감…코스닥도 상승",0.537,2,0,https://www.viva100.com/article/20260416501146
2026-04-16,"코스피, 외인·기관 '쌍끌이' 사흘 연속 상승 마감…6200선 탈환",0.261,1,0,https://news.tf.co.kr/read/economy/2314060.htm
2026-04-16,코스피 6200 축포에 하닉 신고가… 삼전은 “500원이 모자라” [이런국장...,0.462,1,0,https://www.sedaily.com/article/20033427?ref=naver
2026-04-16,돌아온 외인에 코스피 6000 재진입…반도체·방산 집중 매수,0.0,0,0,https://www.ziksir.com/news/articleView.html?idxno=130996
2026-04-16,美·이란 재협상 훈풍에 코스피 6220대로 반도체 주도 실적 기대…삼성...,0.0,0,0,http://www.smedaily.co.kr/news/articleView.html?idxno=355838
2026-04-16,"'종전 기대' 코스피 또 2%대 상승... 전쟁 이후 6,200선 '첫 돌파'",0.488,2,0,https://www.ikbc.co.kr/article/view/kbc202604160044
2026-04-16,"코스피, 중동전쟁 이후 첫 6200선 회복…2.21% 강세 마감",0.322,1,0,https://www.mk.co.kr/article/12018946
2026-04-16,[시황] 종전 기대감에 내달린 코스피…6200선 회복 마감,0.0,0,0,http://www.newsdream.kr/news/articleView.html?idxno=111382
2026-04-16,개미 차익실현에도…코스피 6200선 상승 마감 [시황],0.261,1,0,https://www.dailian.co.kr/news/view/1634480/?sc=Naver
2026-04-16,"(마감시황) 코스피, 美·이란 전쟁 후 첫 6,200선 탈환",0.0,0,0,https://www.news2day.co.kr/article/20260416500186
2026-04-16,"외인·기관 쌍끌이...코스피 48일만 6200선 안착, 톱 10 모두 상승",0.261,1,0,http://www.opinionnews.co.kr/news/articleView.html?idxno=136900
2026-04-16,"코스피, 종전 협상 기대에 6200선 안착…전쟁발 낙폭 대부분 만회",0.0,0,0,https://www.hankyung.com/article/2026041659166
2026-04-16,"'종전 기대감' 코스피, 33거래일 만에 6200선 안착[마감]",0.261,1,0,http://www.edaily.co.kr/news/newspath.asp?newsid=04421446645416776
2026-04-16,"코스피, 개인 '팔자'에도 6200선 안착…현대차 53만원 돌파[마감시황]",0.261,1,0,https://www.newsway.co.kr/news/view?ud=2026041615400016282
2026-04-16,"코스피, 전쟁 이후 첫 6200선 마감...전고점 가시권",0.408,1,0,http://www.metroseoul.co.kr/article/20260416500422
2026-04-16,"코스피, 2.21% 상승한 6226.05 마감...자동차 관련주 '급등'",0.604,2,0,https://www.g-enews.com/view.php?ud=202604161534173086df2f5bc1bc_1
2026-04-16,"코스피, 기관·외인 순매수에 6220선 마감…두산에너빌리티 6%↑",0.322,1,0,https://www.dt.co.kr/article/12057852?ref=naver
2026-04-16,"[마감 시황] 코스피·코스닥, 상승 마감…미-이란 긴장 완화 가능성 무...",0.261,1,0,http://www.fieldnews.kr/news/articleView.html?idxno=28001
2026-04-16,"코스피, 중동 전쟁 이후 첫 6200선 돌파… 2%대 강세 [MTN 마감시황]",0.8,3,0,https://news.mtn.co.kr/news-detail/2026041615365844782
2026-04-16,"‘종전 기대’ 코스피 6,200선 회복…중동 전쟁 이후 첫 돌파",0.488,2,0,http://www.yonhapnewstv.co.kr/AKR20260416153630H3J
2026-04-16,"[마켓뷰] 코스피, 종전 기대감에 6200선 회복… 33거래일만",0.408,1,0,https://biz.chosun.com/stock/stock_general/2026/04/16/GOM65W4JGNAPHKALOSXEFL4XAY/?utm_source=naver&utm_medium=original&utm_campaign=biz
2026-04-16,"한전KPS, 남부발전·연세대와 산학협업...발전설비 기종 상관없는 '범용...",0.0,0,0,https://www.lcnews.co.kr/news/articleView.html?idxno=200841
2026-04-16,글로벌 창업축제 ‘GSAT’ 피지컬 AI 주제로 열린다,0.322,1,0,https://www.knnews.co.kr/news/articleView.php?idxno=1539559
2026-04-16,"오토데스크, 두산에너빌리티와 MOU…해외 EPC 현장 디지털 전환",0.0,0,0,https://www.dnews.co.kr/uhtml/view.jsp?idxno=202604161127365020511
2026-04-16,"[티타임] 코스피, 전쟁 이후 첫 6200선 탈환…환율 1472.50원",0.261,1,0,https://www.sidae.com/article/2026041613431561770
2026-04-16,이란 종전 기대...일본증시 '장중 최고치' · 日 반도체주 '껑충',0.261,1,0,http://www.choicenews.co.kr/news/articleView.html?idxno=163936
2026-04-16,"[4th Eco] ""AI 시대 넷제로, 무탄소 전력망 대전환 서둘러야""",0.0,0,0,http://www.4th.kr/news/articleView.html?idxno=2110534
2026-04-16,"경남대/두산에너빌리티 협력사 협의회, 지역 인재 채용 활성화 간담회 ...",0.0,0,0,https://www.veritas-a.com/news/articleView.html?idxno=606148
2026-04-16,"6200 도전 코스피, 테마 순환 뚜렷… “네트워크 지고 양자 떴다” [이런...",0.261,1,0,https://www.sedaily.com/article/20033338?ref=naver
2026-04-16,코스피 1.8%대 강세로 6200선 재돌파⋯“전쟁 낙폭 회복 중”,0.537,2,0,https://www.etoday.co.kr/news/view/2576364
2026-04-16,"코스피, 33거래일 만에 6200 돌파…중동 전쟁 낙폭 메워",0.261,1,0,https://news.tf.co.kr/read/economy/2313931.htm
2026-04-16,"두산에너빌리티 주가, 강세... 이유는?",0.322,1,0,https://www.ggilbo.com/news/articleView.html?idxno=1153140
2026-04-16,"코스피, 외인·기관 ‘사자’에 6200선 회복",0.408,1,0,https://biz.chosun.com/stock/market_trend/2026/04/16/HAN6BCRPGNA3TLWYX4U2JYXT34/?utm_source=naver&utm_medium=original&utm_campaign=biz
2026-04-16,"산기협, '2026 상반기 탄소중립 K-Tech 포럼' 개최",0.0,0,0,http://www.fnnews.com/news/202604160930328027
2026-04-16,"전력망 탈탄소화가 AI 시대 성공 견인...산기협, '탄소중립 K-테크 포럼...",0.0,0,0,https://www.etnews.com/20260416000096
2026-04-16,"종전 기대에 코스피 랠리…장중 6,200선 탈환",0.537,2,0,http://www.yonhapnewstv.co.kr/MYH20260416114514qh1
2026-04-16,코스피 장중 6200 돌파…295조 증시로 몰렸다,0.7,3,0,https://biz.heraldcorp.com/article/10718748?ref=naver
2026-04-16,"“AI 다음 병목은 전력” 대한전선 담고, ‘급등’ 현대차는 던졌다 [주...",0.604,2,0,https://www.sedaily.com/article/20033284?ref=naver
2026-04-16,"[급등주] 두산에너빌리티, +6.91% 상승",0.604,2,0,https://www.jeonmae.co.kr/news/articleView.html?idxno=1248826
2026-04-16,"코스피, 6200선 재돌파… 미·이란 전쟁 낙폭 회복 중",0.488,2,0,http://www.edaily.co.kr/news/newspath.asp?newsid=03680166645416776
2026-04-18,두산에너빌리티 주가 주말 앞두고 소폭 약세로…'일시적 숨고르기 여부...,-0.322,0,1,https://www.cbci.co.kr/news/articleView.html?idxno=568630
2026-04-17,"코스피, 외인 매도에 하락 마감...기아, 현대차 상승 VS 한화에어로스페...",0.0,1,1,http://www.econonews.co.kr/news/articleView.html?idxno=436007
2026-04-17,"코스피, 주말 '종전 협상' 기다리며 숨고르기…6191.92에 마감",-0.322,0,1,https://economist.co.kr/article/view/ecn202604170066
2026-04-17,"""6200서 멈칫한 코스피""··· 7000 갈 수 있을까",-0.165,1,1,https://www.greenpostkorea.co.kr/news/articleView.html?idxno=306539
2026-04-17,“빚투족 잡자” 이자 낮췄더니…신용융자 사상 최대,0.583,1,0,https://www.sedaily.com/article/20033952?ref=naver
2026-04-17,"안전보건공단 경남지역본부, 안전보건 상생협력 발대식",0.0,0,0,https://www.hankyung.com/article/202604178931h
2026-04-17,종전 기대감에 삼성전자 전고점 탈환 목전… 코스피 6000선 안착한 한 주,0.0,0,0,https://weekly.donga.com/3/all/11/6188731/1
2026-04-17,코스피 폭락하자마자 '싹쓸이'…실탄 장전한 큰손들 향한 곳,-0.583,0,1,https://www.hankyung.com/article/2026041789171
2026-04-17,"코스피, 종전 앞두고 혼선 약보합… 외인 2조 순매도",0.0,0,0,https://it.chosun.com/news/articleView.html?idxno=2023092160556
2026-04-17,"코스피, 외국인 '팔자'에 6100선 후반서 마감… 코스닥은 상승 마감",0.261,1,0,https://www.newscj.com/news/articleView.html?idxno=3394476
2026-04-17,[코스피 지수선물 옵션] 삼성전기·삼성SDI 선물 급등… 현물 시장 온기...,0.1,2,2,https://www.pinpointnews.co.kr/news/articleView.html?idxno=446460
2026-04-17,SK하닉보다 많이 샀다…'1%' 투자 고수들 찜한 뜻밖의 회사 [마켓 PRO],0.0,0,0,https://www.hankyung.com/article/202604178659i
2026-04-17,"코스피, 미국-이란 협상 기대에도 차익실현 압박으로 약세",-0.322,0,1,https://www.tokenpost.kr/news/market/350553
2026-04-17,"코스피, 휴전기대 속 외인 매도에 숨고르기",-0.322,0,1,http://www.newstomato.com/ReadNews.aspx?no=1298269&inflow=N
2026-04-17,"[오늘증시]코스피, 외국인 2조 순매도에 하락 ""6191선 마감""… 코스닥은...",0.0,1,1,http://www.queen.co.kr/news/articleView.html?idxno=455308
2026-04-17,"[마감시황] 외국인 2조 매도…코스피, 소폭 하락",0.0,1,1,http://www.hansbiz.co.kr/news/articleView.html?idxno=833723
2026-04-17,"코스피, 관망 장세 속 6100선 소폭 하락···미·이란 협상 경계감 확대",-0.261,0,1,https://www.smartbizn.com/news/articleView.html?idxno=142151
2026-04-17,"[마감시황] 코스피, 종전 협상 기대·경계 교차 속 6100선 마감…숨 고르...",0.0,1,1,https://www.ajunews.com/view/20260417163218170
2026-04-17,"코스피, 관망 장세 속 6200선 내줘···외국인 2조 순매도 전환",0.0,0,0,https://www.seoulfn.com/news/articleView.html?idxno=626858
2026-04-17,"코스피, 주말 미·이란 2차 협상 앞두고 약세 마감",-0.322,1,2,https://www.digitaltoday.co.kr/news/articleView.html?idxno=657999
2026-04-17,"(마감시황) 코스피, 外人 2조 매도에 6,200선 붕괴…종전 협상 앞두고 숨...",-0.261,0,1,https://www.news2day.co.kr/article/20260417500281
2026-04-17,"코스피, 美·이란 협상 앞두고 '숨고르기' 6190선 마감…코스닥은 상승",0.0,1,1,https://www.newsworks.co.kr/news/articleView.html?idxno=838171
2026-04-17,"코스피, 중동 리스크 완화 관망세·외국인들 차익 실현에 소폭 하락 마...",-0.261,0,1,http://www.techholic.co.kr/news/articleView.html?idxno=220858
2026-04-17,[거래소 외국인] 삼성SDI LG디스플레이 포스코퓨처엠 삼성전기 '줍줍'.....,-0.682,0,2,https://www.pinpointnews.co.kr/news/articleView.html?idxno=446443
2026-04-17,"코스피, 외국인 '팔자'에 6200선 이탈…코스닥은 상승 마감[마감시황]",0.0,1,1,https://www.newsway.co.kr/news/view?ud=2026041715385624399
2026-04-17,"중동 협상 관망, 코스피 '하락'...원전·방산주 '뚝'",-0.261,0,1,http://www.choicenews.co.kr/news/articleView.html?idxno=163993
2026-04-17,"외인, 2차 협상 앞두고 2조 순매도…코스피 6190선 후퇴[시황종합]",-0.261,0,1,https://www.news1.kr/finance/general-stock/6140416
2026-04-17,코스피 0.55% 내린 6191.92 마감...외인 2조 순매도,0.537,2,0,http://www.opinionnews.co.kr/news/articleView.html?idxno=136963
2026-04-17,"코스피, 외국인 매도에 숨고르기…6190선 마감",-0.682,0,2,https://view.asiae.co.kr/article/2026041716093629550
2026-04-17,"코스피, 6200선 하회…미·이란 협상 주시 속 관망 [MTN 마감시황]",-0.261,0,1,https://news.mtn.co.kr/news-detail/2026041716001933212
2026-04-17,[마감시황] 미·이란 2차 협상 대기에 코스피 6191 숨 고르기…외국인 순...,-0.261,0,1,https://www.newspim.com/news/view/20260417000921
2026-04-17,"코스피, 종전 협상 가능성에 관망세… 6190선 약보합 마감",-0.322,0,1,http://www.seoulwire.com/news/articleView.html?idxno=717499
2026-04-17,코스피 0.55% 하락… 2차전지 강세로 코스닥 반등,0.583,3,1,https://www.newsclaim.co.kr/news/articleView.html?idxno=3061102
2026-04-17,"오토데스크-두산에너빌리티, 글로벌 EPC 현장 ‘종이 도면’ 없앤다",0.0,0,0,https://www.hellot.net/news/article.html?no=112156
2026-04-17,고유가 경계감 속 코스피 6190대로 차익매물 출회…SK하이닉스 2%↓,-0.261,0,1,http://www.smedaily.co.kr/news/articleView.html?idxno=355897
2026-04-17,"코스피, 종전 불확실성에 6200선 하회 마감",-0.261,0,1,https://www.cstimes.com/news/articleView.html?idxno=702430
2026-04-17,"6200선 반납한 코스피, 미·이란 협상 앞두고 ‘숨고르기’ [시황]",0.0,0,0,https://www.dailian.co.kr/news/view/1634910/?sc=Naver
2026-04-17,"신고가 앞두고 숨고른 코스피, 6190선 마감⋯주말 미국-이란 2차 협상 눈...",0.229,1,1,https://www.etoday.co.kr/news/view/2576793
2026-04-17,"경남도, ""'GSAT 2026' 창업을 더 가깝게, 창업페스티벌 in 경남""",0.0,0,0,http://www.enewstoday.co.kr/news/articleView.html?idxno=2420228
2026-04-17,코스피 0.55% 하락한 6191.92 마감...삼성전자·SK하이닉스 약세,-0.537,0,2,https://www.g-enews.com/view.php?ud=2026041715353973df2f5bc1bc_1
2026-04-17,"[마감시황] 코스피, 소폭 하락해 6190선 마감…외국인 2조원 매도 여파",-0.537,0,2,https://www.viva100.com/article/20260417500589
2026-04-17,"[마켓뷰] 美·이란 협상 앞두고 관망… 코스피, 소폭 하락",-0.261,0,1,https://biz.chosun.com/stock/stock_general/2026/04/17/RCSDGYVVTFFEBGKUYPYXRCBPW4/?utm_source=naver&utm_medium=original&utm_campaign=biz
2026-04-17,"[시황] 코스피, 6100선 후퇴 마감…외인 2조 '팔자'",-0.261,0,1,http://www.newsdream.kr/news/articleView.html?idxno=111432
2026-04-17,"코스피, 외국인 매도에 6191.92 마감 [fn마감시황]",-0.645,0,2,http://www.fnnews.com/news/202604171540022435
2026-04-17,"코스피, ‘종전협상 관망세’에 6191.92 하락 마감…코스닥은 올라",-0.261,1,2,https://www.mk.co.kr/article/12020077
2026-04-17,"코스피, 외인·기관 '팔자'에 6200선 내줘…환율은 상승",0.0,1,1,https://news.tf.co.kr/read/economy/2314485.htm
2026-04-17,"[오늘증시] 6200선 반납 코스피, 외국인 2조 매도…환율 1483.5원",0.0,0,0,https://www.sidae.com/article/2026041715201847307
2026-04-17,"코스피, 외인 2조 매물 쏟아내 하락 마감…코스닥은 상승",0.0,1,1,https://www.hankyung.com/article/2026041785956
2026-04-17,탄소중립 해법 '전력망·유연성 자원'에 달렸다,0.0,0,0,https://www.energy-news.co.kr/news/articleView.html?idxno=224706
2026-04-17,[초점] '현존 테란' 美 우주군 원자로 추진…韓 기업 참여하나,0.0,0,0,http://www.newswatch.kr/news/articleView.html?idxno=79224
2026-04-17,"안전보건공단 경남지역본부, 두산에너빌리티에서 자율안전문화 교육",0.0,0,0,https://www.safetynews.co.kr/news/articleView.html?idxno=247757
2026-04-17,'개인 vs 외인' 코스피…6190선서 치열한 수급공방[장중시황],-0.261,0,1,https://www.news1.kr/finance/general-stock/6140220
2026-04-17,"박지원 두산에너빌 회장, 베트남 순방 동행…원전·SMR 시장 공략 '전면...",0.38,1,0,https://www.ezyeconomy.com/news/articleView.html?idxno=234821
2026-04-17,"코스피, 외국인 매도에 6200선 밑으로 후퇴 [fn오후시황]",-0.645,0,2,http://www.fnnews.com/news/202604171407441907
2026-04-17,"""중동 낙관론에 신중""...일본증시 '장중 하락'·소프트뱅크 '뚝'",-0.261,0,1,http://www.choicenews.co.kr/news/articleView.html?idxno=163988
2026-04-17,"[티타임] 6200 내준 코스피, 외인 1.3조 탈출…환율 1479.80원",0.0,0,0,https://www.sidae.com/article/2026041713154123688
2026-04-17,"코스피, 미국-이란 2차 협상 앞두고 숨고르기⋯6180선 지지",-0.322,0,1,https://www.etoday.co.kr/news/view/2576711
2026-04-17,"코스피, 중동 변수에 숨 고르기… 6,100선 약보합",0.0,1,1,https://www.ppss.kr/news/articleView.html?idxno=293273
2026-04-17,"박지원 두산에너빌리티 회장, 베트남서 '민간 외교'…""원전 협력 지원사...",0.0,0,0,https://www.newsis.com/view/NISX20260417_0003595466
2026-04-17,"기계 상장기업 2026년 4월 브랜드평판...두산에너빌리티, 레인보우로보...",0.0,0,0,https://www.energy-news.co.kr/news/articleView.html?idxno=224690
2026-04-17,"경남대, 거창국제학교와 글로벌 보건·의료 교육 협력 본격화",0.0,0,0,https://www.kukinews.com/article/view/kuk202604170077
2026-04-17,신고가 속 엇갈린 선택…삼성전기는 사고 아주IB투자는 팔았다 [주식 초...,0.732,2,0,https://www.sedaily.com/article/20033762?ref=naver
2026-04-17,"코스피, 외인·기관 ‘팔자’에 6200선 등락",0.0,0,0,https://biz.chosun.com/stock/stock_general/2026/04/17/TECIOQM6WZC5NG6OMJWZPW24AM/?utm_source=naver&utm_medium=original&utm_campaign=biz
2026-04-17,"코스피, 외국인·기관 매도에 약보합…한화에어로 5%대↓",-0.604,0,2,https://www.hankyung.com/article/2026041779696
2026-04-17,외인 매도에 코스피 6200선 턱걸이,0.261,1,0,https://www.mediapen.com/news/view/1093985
2026-04-17,"코스피, 美·이란 종전 협상 기대·우려 공존하며 약보합세",0.0,0,0,https://www.yna.co.kr/view/AKR20260417064100008?input=1195m
2026-04-17,[Who Is ?] 허태수 GS그룹 회장 겸 GS 대표이사,0.0,0,0,https://www.businesspost.co.kr/BP?command=article_view&num=435430
2026-04-17,기계 상장기업 브랜드평판 4월 1위 두산에너빌리티…2위 레인보우로보틱...,0.0,0,0,https://www.cbci.co.kr/news/articleView.html?idxno=568491
2026-04-17,"오토데스크·두산에너빌리티, 해외 EPC현장 DT 추진 '맞손'",0.0,0,0,https://www.itbiznews.com/news/articleView.html?idxno=209971
2026-04-17,4대 그룹 총수 총출동… 인도·베트남 경제사절단 대규모 동행,0.0,0,0,http://www.seoulwire.com/news/articleView.html?idxno=717383
2026-04-17,"코스피, 신고가 경신 앞두고 유가 상승에 숨고르기…6200선 사수 장세",0.645,2,0,https://www.ziksir.com/news/articleView.html?idxno=131113
2026-04-17,"코스피, 역대 최고치 경신 앞두고 6200선 '보합'…환율 1481원 출발",0.0,0,0,https://www.newsworks.co.kr/news/articleView.html?idxno=838102
2026-04-17,"두산에너빌리티 주가, 4월 17일 장중 108,900원 1.71% 하락",-0.261,0,1,https://www.topstarnews.net/news/articleView.html?idxno=16037074
2026-04-17,미·이란 종전 협상 신중론에 코스피 약보합,0.0,1,1,https://it.chosun.com/news/articleView.html?idxno=2023092160521
2026-04-17,"개미 사고 외인·기관 팔고 ‘공방’…코스피, 6200선 등락 [투자360]",0.0,0,0,https://biz.heraldcorp.com/article/10719452?ref=naver
2026-04-17,"두산에너빌리티 주가, 4월 17일 장중 109,100원 1,700원 1.53% 하락",-0.261,0,1,https://www.joongangenews.com/news/articleView.html?idxno=512563
2026-04-17,"코스피 '유가·차익매물' 발목 6,200선 하락…삼성전자도 약보합",-0.261,0,1,https://www.news2day.co.kr/article/20260417500080
2026-04-17,"코스피, 6300선 앞두고 숨고르기…코스닥은 강보합",-0.261,0,1,https://www.sisajournal.com/news/articleView.html?idxno=369910
2026-04-17,코스피 6200선 사수하나…외인·기관 ‘팔자’에 약보합 [시황],-0.067,1,1,https://www.dailian.co.kr/news/view/1634686/?sc=Naver
2026-04-17,"코스피, 6300선 앞두고 하락…외인·기관 매도",-0.408,1,2,https://news.mtn.co.kr/news-detail/2026041709442074318
2026-04-17,"코스피, 기관·외국인 순매도에 장중 약보합세",0.0,1,1,https://view.asiae.co.kr/article/2026041709504154141
2026-04-17,"코스피, 외인·기관 매도에 하락 전환…6200선 초반",-0.645,1,3,https://www.greened.kr/news/articleView.html?idxno=339409
2026-04-17,"코스피 장중 '기관·외인 매도' 6190선 하락전환, 원/달러 환율 1481.4원 ...",-0.261,0,1,https://www.businesspost.co.kr/BP?command=article_view&num=435922
2026-04-17,"[개장시황] 코스피, 종전 기대 vs 유가 부담…6300선 앞두고 숨 고르기",0.261,1,0,https://www.ajunews.com/view/20260417093842797
2026-04-17,"코스피, 4거래일 연속 상승 출발 후 하락 전환···6200선 공방",0.0,1,1,https://www.seoulfn.com/news/articleView.html?idxno=626798
2026-04-17,"코스피, 소폭 상승 개장 후 하락 전환…“6300선 부근서 공방 치열할 것...",0.0,1,1,http://www.segyebiz.com/newsView/20260417505052?OutUrl=naver
2026-04-17,"코스피, 외인·기관 매도에 1%↓…중동 휴전에도 유가 '들썩'",-0.604,0,2,http://www.seoulwire.com/news/articleView.html?idxno=717372
2026-04-17,[개장시황] 코스피 상승 출발 후 소폭 하락...종전 기대감 속 '신중모드...,-0.322,1,2,https://www.joongangenews.com/news/articleView.html?idxno=512552
2026-04-17,"코스피, 외국인·기관 매도에 약세 [fn오전시황]",-0.645,0,2,http://www.fnnews.com/news/202604170928265533
2026-04-17,6200선 찍고 숨 고르는 코스피…외국인·기관 순매도[개장시황],-0.261,0,1,https://www.news1.kr/finance/general-stock/6139777
2026-04-17,"코스피, 6100선 약보합 출발···외인·기관 동반 매도",0.0,0,0,https://www.smartbizn.com/news/articleView.html?idxno=142096
2026-04-17,"코스피, 장 초반 하락 전환…외인·기관 매도에 6200선 '위태'",-0.604,0,2,https://news.tf.co.kr/read/economy/2314212.htm
2026-04-17,"상승세 시작 코스피, 하락 전환에 6200선 흔들…환율 1481.4원",0.0,1,1,https://www.sidae.com/article/2026041708531359356
2026-04-17,"쉬어가는 코스피, 장초반 약보합권...외인·기관 순매도",0.0,0,0,http://www.opinionnews.co.kr/news/articleView.html?idxno=136924
2026-04-17,"코스피, 장 초반 하락 전환…6200선 공방 속 약세 흐름[개장시황]",-0.537,0,2,https://www.newsway.co.kr/news/view?ud=2026041709194057786
2026-04-17,[장중시황] 코스피 0.5% 하락한 6190선 출발...반도체·건설 하락,-0.261,0,1,https://www.g-enews.com/view.php?ud=202604170915387526df2f5bc1bc_1
2026-04-17,기계 상장기업 브랜드평판 4월 빅데이터 분석···1위 두산에너빌리티...,0.0,0,0,http://www.wsobi.com/news/articleView.html?idxno=310438
2026-04-17,"“전고점 부담 작용했나”…코스피, 상승 출발 후 6200선 공방 [이런국장...",0.0,1,1,https://www.sedaily.com/article/20033654?ref=naver
2026-04-17,"코스피, 6227.33 상승 출발 후 하락 전환…코스닥도 내려",0.0,1,1,https://www.mk.co.kr/article/12019640
2026-04-17,[개장시황] 나스닥 신고가에도 TSMC 셀온 여파…코스피 보합권 출발,0.229,1,1,https://www.newspim.com/news/view/20260417000204
2026-04-19,"35조 팔고 4조 다시 샀다…외국인, 복귀 신호탄?",0.0,0,0,https://www.kukinews.com/article/view/kuk202604170138
2026-04-19,[이수미의 머니워치] 美·이란 협상 재개 조짐…중동재건·AI투자 기대감,0.0,0,0,http://www.newswatch.kr/news/articleView.html?idxno=79243
2026-04-19,"두산에너빌리티 우리기술 약세 한국전력은 강세, 원전주 '엇갈린 흐름'...",-0.261,1,2,https://www.cbci.co.kr/news/articleView.html?idxno=568685
2026-04-18,경남대-두산에너빌 협력사 ‘지역인재 채용’ 논의,0.0,0,0,https://news.kbs.co.kr/news/pc/view/view.do?ncd=8539553&ref=A
2026-04-18,[1% 초고수의 주간 선택] '오킨스전자' 사고 '현대차' 팔았다,0.0,0,0,https://www.ebn.co.kr/news/articleView.html?idxno=1705838
2026-04-18,4월 3주차 두산에너빌리티 주가 11만원선 돌파 후 조정,0.0,1,1,https://www.topstarnews.net/news/articleView.html?idxno=16038087
2026-04-18,육천피 회복하자 시작된 '개미 엑시트',0.0,0,0,https://www.bloter.net/news/articleView.html?idxno=659849
2026-04-18,"미래에셋증권, 4월 셋째주 크래프톤 등 7종목 매수 추천",0.716,2,0,https://www.bigtanews.co.kr/article/view/big202604170016
2026-04-18,[주간 거래소 외국인] 두산에너빌리티 삼성전자우 대한전선 삼성SDI 에이...,0.0,0,0,https://www.pinpointnews.co.kr/news/articleView.html?idxno=446526
2026-04-18,[주간 거래소 기관] 삼성전자 8천억 순매수…사고 판 종목 속 투자 힌트...,0.0,0,0,https://www.pinpointnews.co.kr/news/articleView.html?idxno=446520
2026-04-21,태영·금호건설 부채비율 500% '훌쩍'...DL이앤씨·서희건설은 100% 미만,0.261,1,0,http://www.consumernews.co.kr/news/articleView.html?idxno=754415
2026-04-21,"美 원전 규제 'Part 53' 발효…두산에너빌리티, SMR 파운드리 수혜↑",0.0,0,0,https://www.ajunews.com/view/20260420144835777
2026-04-21,[재계 남방 순행길] 중동 리스크 '동병상련'···에너지 동맹 강화 나선...,0.0,0,0,https://www.ajunews.com/view/20260420154507895
2026-04-21,"[오늘의 경제뉴스] 골드만삭스, 코스피 목표 8,000으로↑…""밸류에이션...",0.261,1,0,https://www.newsverse.kr/news/articleView.html?idxno=10245
2026-04-21,"코스피, 반도체 기대 속 6,210선 회복…중동 긴장감 여전",0.0,0,0,https://www.tokenpost.kr/news/market/351521
2026-04-21,두산에너빌리티 주가 주초장 반등하며 11만빌리티 회복했다…이번주 흐...,0.322,1,0,https://www.cbci.co.kr/news/articleView.html?idxno=568994
2026-04-21,장바구니에 담긴 'K-주식'…외국인 순매수 TOP 5 종목은?,0.625,2,0,https://www.thefairnews.co.kr/news/articleView.html?idxno=74883
2026-04-20,"코스피, 기관 매수에 상승 마감...SK하이닉스, SK스퀘어 상승 VS 현대차...",0.604,2,0,http://www.econonews.co.kr/news/articleView.html?idxno=436271
2026-04-20,"코스피, '중동 혼전' 불구 선방",-0.261,0,1,http://www.econotelling.com/news/articleView.html?idxno=20146
2026-04-20,"[마감] 코스피, 기관 매수에 0.44% 올라 6210선 회복",0.604,2,0,https://mdtoday.co.kr/news/view/1065607191306805
2026-04-20,['클릭' 증시] 역봉쇄·재봉쇄에도 코스피 상승세 유지,0.537,2,0,http://www.00news.co.kr/news/articleView.html?idxno=103332
2026-04-20,"코스피, 중동 긴장 속 6210선 회복…SK하이닉스 기대감에 상승 마감",0.261,1,0,https://www.industrynews.co.kr/news/articleView.html?idxno=80218
2026-04-20,[증시 오늘] 중동 ‘먹구름’에도 코스피 상승,0.261,1,0,https://www.bigtanews.co.kr/article/view/big202604200016
2026-04-20,"또 '타코?'…코스피, 호르무즈 재봉쇄 불구 상승 마감",0.261,1,0,https://it.chosun.com/news/articleView.html?idxno=2023092160644
2026-04-20,"""SK하닉 쭉쭉, 나만 없어"" 전쟁보다 벼락거지 공포...증권가 조언은",0.322,1,0,https://www.mt.co.kr/stock/2026/04/20/2026042016502853947
2026-04-20,"코스피, 휴전 종료 경계심에도 강보합 마감…6210선 안착",0.261,1,0,https://www.pointdaily.co.kr/news/articleView.html?idxno=302008
2026-04-20,"코스피, 美-이란 긴장 고조에도 기관매수세에 소폭 오름세…하이닉스 실...",0.261,1,0,https://www.getnews.co.kr/news/articleView.html?idxno=868186
2026-04-20,"[마감시황] 코스피, 반도체 강세에 상승 마감…코스닥은 기관 매도에 하...",0.165,2,1,https://www.ajunews.com/view/20260420165229034
2026-04-20,"SK하닉 장중 신고가 날개…코스피, 美·이란 긴장에도 상승 마감 [투자3...",0.645,2,0,https://biz.heraldcorp.com/article/10721376?ref=naver
2026-04-20,코스피 상승·코스닥 7일째 오름세…환율은 1477원대로 하락,-0.322,1,2,https://www.ezyeconomy.com/news/articleView.html?idxno=234877
2026-04-20,"미·이란 긴장에도…코스피, 하이닉스 실적기대에 6,210선 마감",0.0,0,0,http://mbnmoney.mbn.co.kr/news/view?news_no=MM1005817508
2026-04-20,"[오늘증시] 코스피, 기관 매수 속 6210선 마감…환율 1477.20원",0.408,2,1,https://www.sidae.com/article/2026042015423369189
2026-04-20,"[마감시황] 코스피, 휴전 종료 경계에도 상승…6200선 회복",0.261,1,0,http://www.hansbiz.co.kr/news/articleView.html?idxno=834150
2026-04-20,"코스피, 중동 혼돈에 큰 변동성 '6200선 회복' 마감···SK하닉 3%↑",0.261,1,0,https://www.seoulfn.com/news/articleView.html?idxno=626989
2026-04-20,호르무즈 변수에도 버틴 코스피… 하이닉스 기대감에 6200선 회복,0.261,2,1,https://www.hidomin.com/news/articleView.html?idxno=702136
2026-04-20,[코스피 지수선물 옵션] 선물시장도 반도체 중심 강세… SK하이닉스 거래...,0.537,2,0,https://www.pinpointnews.co.kr/news/articleView.html?idxno=447062
2026-04-20,"코스피, 美·이란 갈등 재점화 위기 속에서도 6220선 지키며 상승 마감",0.261,2,1,http://www.techholic.co.kr/news/articleView.html?idxno=220881
2026-04-20,"코스피, 미·이란 긴장 속 6210선 회복…SK하닉 실적 기대에 상승",0.261,1,0,https://www.ziksir.com/news/articleView.html?idxno=131392
2026-04-20,"코스피, 중동발 리스크에도 강보합 6210선…SK하이닉스 '신고가'",0.462,2,1,https://www.newsworks.co.kr/news/articleView.html?idxno=838353
2026-04-20,일주일 새 코스피 7%·코스닥 6.8% 급등…충청 상장도 '방긋',0.775,3,0,https://www.daejonilbo.com/news/articleView.html?idxno=2270300
2026-04-20,"코스피, 미·이란 긴장속 0.44% 올라...SK하이닉스 장중 신고가",0.645,2,0,https://www.delighti.co.kr/news/articleView.html?idxno=115382
2026-04-20,“중동 리스크? 어지간한 걸론 안 흔들려”…코스피 6200선 재탈환,0.322,1,0,https://www.mk.co.kr/article/12021913
2026-04-20,중동 리스크 재점화에도 코스피 6210선 회복...시장은 반도체에 베팅,0.0,1,1,https://www.pinpointnews.co.kr/news/articleView.html?idxno=447053
2026-04-20,"코스피,미·이란 긴장속 6,210선 올라…하이닉스 장중 신고가",0.645,2,0,http://www.seouleconews.com/news/articleView.html?idxno=90744
2026-04-20,기관이 끌어올린 코스피…0.44% 오른 6200선 마감,0.261,1,0,https://news.tf.co.kr/read/economy/2315151.htm
2026-04-20,[시황] 하이닉스 호실적 기대감에…코스피 6200선 안착 마감,0.732,2,0,http://www.newsdream.kr/news/articleView.html?idxno=111470
2026-04-20,"하이닉스 신고가에도 삼성전자는 약세…코스피, 6200선 지켰다",0.408,2,1,https://www.ddaily.co.kr/page/view/2026042016252075885
2026-04-20,"코스피, 미·이란 긴장 속 소폭 상승 6,210선…하이닉스 실적 기대",0.261,1,0,https://news.sbs.co.kr/news/endPage.do?news_id=N1008525247&plink=ORI&cooper=NAVER
2026-04-20,"(마감시황) 코스피, 6,220선 안착 시도…중동 리스크 뚫고 ‘실적 장세’...",0.261,1,0,https://www.news2day.co.kr/article/20260420500201
2026-04-20,'둔감해진 중동전쟁' 코스피 6200선 회복…SK하닉 3%↑ [시황종합],0.0,0,0,https://www.news1.kr/finance/market-exr/6142664
2026-04-20,美·이란 갈등 속 코스피 6200선 안착…코스닥도 상승(종합),0.261,2,1,https://www.newsis.com/view/NISX20260420_0003598783
2026-04-20,국내 증시 강보합 마감…코스피 6100선 근접,-0.322,1,2,https://www.mediapen.com/news/view/1094524
2026-04-20,"중동 긴장에도 코스피 '강세 마감'···6210선 안착, 미국 랠리 효과 지...",0.537,2,0,https://www.smartbizn.com/news/articleView.html?idxno=142262
2026-04-20,"코스피, 중동 불확실성에도 강보합세...6,210선 마감",0.0,0,0,https://www.cstimes.com/news/articleView.html?idxno=702617
2026-04-20,"코스피, 중동 긴장 속 하이닉스 실적 기대감에 6200선 마감",0.261,1,0,http://www.seoulwire.com/news/articleView.html?idxno=717783
2026-04-20,"美·이란 2차 협상 기대감…코스피, 기관 매수세에 0.44% 상승[마감시황...",0.604,2,0,https://www.newsway.co.kr/news/view?ud=2026042015503931482
2026-04-20,미·이란 긴장 재고조에도…SK하이닉스 등 실적주 '쑥'(종합),0.261,1,0,https://www.yna.co.kr/view/AKR20260420067151008?input=1195m
2026-04-20,[거래소 외국인] LIG·두산에너빌리티 집중 매수…방산·원전으로 돈 이...,0.0,0,0,https://www.pinpointnews.co.kr/news/articleView.html?idxno=447040
2026-04-20,주식 ‘빚투’ 34조 돌파...코스피는 전 고점 앞두고 숨 고르기[마켓시...,0.488,2,0,https://www.sedaily.com/article/20034719?ref=naver
2026-04-20,"'기관 매수세' 코스피, 6200선 회복…코스닥도 상승 마감",0.604,2,0,https://view.asiae.co.kr/article/2026042016135437783
2026-04-20,"[마감시황] 코스피, 중동 리스크 속 반등…기관 '사자' 6200선 회복",0.537,2,0,https://www.newspim.com/news/view/20260420001031
2026-04-20,"코스피, 미·이란 긴장속 소폭상승 6,210선…하이닉스 실적기대(종합)",0.261,1,0,https://www.yna.co.kr/view/AKR20260420123500008?input=1195m
2026-04-20,[코스닥 기관] SK하이닉스·삼성전자 폭풍 매수…기관 자금 다시 대형주...,0.0,0,0,https://www.pinpointnews.co.kr/news/articleView.html?idxno=447036
2026-04-20,미·이란 불확실성에도 실적 기대감↑…코스피 6200선 회복,0.0,1,1,https://www.etoday.co.kr/news/view/2577375
2026-04-20,오죽 물이 부족하면 바닷물을 먹을까,0.0,0,0,http://www.mygoyang.com/news/articleView.html?idxno=88386
2026-04-20,중동 협상 변수에도…코스피·코스닥 강보합 마감 [시황],0.0,0,0,https://www.dailian.co.kr/news/view/1635641/?sc=Naver
2026-04-20,"중동 리스크 딛고, 코스피 '상승'...하락종목도 '속출'",0.0,1,1,http://www.choicenews.co.kr/news/articleView.html?idxno=164101
2026-04-20,코스피·코스닥 동반 상승… SK하이닉스 강세,0.537,2,0,https://www.newsclaim.co.kr/news/articleView.html?idxno=3061294
2026-04-20,"전쟁에 둔감해진 코스피, 0.44% 오른 6219.09 마감...기관 순매수",0.261,1,0,http://www.opinionnews.co.kr/news/articleView.html?idxno=137063
2026-04-20,"코스피, 미·이란 2차 협상 불확실성에도 소폭 상승 마감",0.0,1,1,https://www.digitaltoday.co.kr/news/articleView.html?idxno=658493
2026-04-20,코스피 0.44% 상승한 6219.09 마감...반도체·통신장비·보안 강세,0.537,2,0,https://www.g-enews.com/view.php?ud=202604201531235051df2f5bc1bc_1
2026-04-20,美·이란 휴전 종료 앞둔 코스피 강보합 역대급 실적 기대…SK하이닉스...,0.261,1,0,http://www.smedaily.co.kr/news/articleView.html?idxno=355951
2026-04-20,"코스피, 0.44% 오른 6219.09 마감…SK하닉 ‘소캠2’ 양산 소식에 신고가...",0.229,1,1,http://www.beyondpost.co.kr/view.php?ud=20260420155258933be44c0aacd_30
2026-04-20,코스피 6200선 회복…중동 불확실성에도 상승 [MTN 마감시황],0.645,2,0,https://news.mtn.co.kr/news-detail/2026042015564777572
2026-04-20,전쟁보다 강한 실적 기대감…코스피 6200대 재탈환,0.322,1,0,https://www.mt.co.kr/stock/2026/04/20/2026042015555761568
2026-04-20,"코스피, 기관 매수에 6200선 회복…SK하닉 3.4%↑",0.645,2,0,https://www.hankyung.com/article/2026042033716
2026-04-20,"SK하닉 실적 기대감에도…코스피, 중동 불확실성에 상승폭 제한[fn마감시...",0.261,1,0,http://www.fnnews.com/news/202604201552529249
2026-04-20,[마감 시황] 미 증시 훈풍에 코스피 사흘 연속 상승세,0.261,1,0,http://www.fieldnews.kr/news/articleView.html?idxno=28054
2026-04-20,호르무즈 충돌에도 강세…코스피 장중 6300선 코앞,0.892,4,0,https://biz.sbs.co.kr/article_hub/20000305440?division=NAVER
2026-04-20,SK하닉·2차전지가 이끄는 증시…코스피 1.07% 상승 [장중시황],0.261,1,0,https://www.news1.kr/finance/general-stock/6142387
2026-04-20,"코스피, 중동 불확실성에도 상승세…'실적 기대감' SK하닉 신고가fn오후...",0.645,2,0,http://www.fnnews.com/news/202604201406583370
2026-04-20,"중동 리스크 속, 유가 급등에도...일본증시 '장중 반등'",0.775,3,0,http://www.choicenews.co.kr/news/articleView.html?idxno=164087
2026-04-20,SK하이닉스 신고가에 코스피 1%대 강세…코스닥도 강보합권,0.682,2,0,https://www.mt.co.kr/stock/2026/04/20/2026042014033432507
2026-04-20,"‘빈대인 2기’ BNK금융, 친환경 'RE:BOUND 프로젝트'로 지역 PF 재구축 ...",0.0,0,0,http://www.fntimes.com/html/view.php?ud=2026041715402762395e6e69892f_18
2026-04-20,"[티타임] 코스피, 이란 리스크에도 6250선 상승…기관 4300억원 매수",-0.322,1,2,https://www.sidae.com/article/2026042013044970227
2026-04-20,[서울데이터랩]코스피 거래상위 종목 강세 우위…진원생명과학·주연테...,0.322,1,0,https://www.seoul.co.kr/news/economy/securities/2026/04/20/20260420500113?wlog_tag3=naver
2026-04-20,중동 긴장 고조에도 코스피 6260선 강세… 코스닥 상승 전환,0.261,2,1,https://www.etoday.co.kr/news/view/2577256
2026-04-20,"비에이치아이, 원천기술 기반 발전설비 시장 기술 리더십 구축",0.261,1,0,https://www.pinpointnews.co.kr/news/articleView.html?idxno=446954
2026-04-20,"""실적 믿고 갑니다""…전쟁 변수에도 '굳건'",0.261,1,0,http://www.wowtv.co.kr/NewsCenter/News/Read?articleId=A202604200152&t=NN
2026-04-20,"“환희에 팔았다”…상위 1%, SK하닉 신고가에 팔고 대한전선 담아 [주식...",0.462,1,0,https://www.sedaily.com/article/20034579?ref=naver
2026-04-20,"두산, 美 10여개 명문대서 AI 인재 확보 총력",0.0,0,0,https://biz.heraldcorp.com/article/10721052?ref=naver
2026-04-20,"美·이란 긴장 재고조…코스피는 6,260선 상승",0.261,1,0,https://biz.sbs.co.kr/article_hub/20000305367?division=NAVER
2026-04-20,인도·베트남 총출동한 재계 총수들…어떤 투자보따리 풀어놓을까,0.0,0,0,https://www.kukinews.com/article/view/kuk202604200070
2026-04-20,우리기술 오르비텍 두산에너빌리티 들썩? 원전해체주 갑자기 왜 꿈틀…...,0.261,1,0,https://www.cbci.co.kr/news/articleView.html?idxno=568918
2026-04-20,"코스피, 6210선 등락…외국인 매도에 상승폭 제한",-0.682,1,3,https://www.thepublic.kr/news/articleView.html?idxno=301726
2026-04-20,"대원전선, 전력케이블부터 알루미늄휠까지…사업 영역 확장 '촉각'",0.537,2,0,https://www.pinpointnews.co.kr/news/articleView.html?idxno=446917
2026-04-20,미·이란 긴장 재고조에도…실적·수주 기대에 주도주 '굳건',0.583,2,0,https://www.yna.co.kr/view/AKR20260420067100008?input=1195m
2026-04-20,'휴전에서 재봉쇄' 롤러코스터…코스피 6200선 초반 혼조세,0.0,1,1,https://www.industrynews.co.kr/news/articleView.html?idxno=80180
2026-04-20,"[서울데이터랩]코스피, 외국인 매도에 6179.97로 하락…반도체 강세에도...",-0.165,2,2,https://www.seoul.co.kr/news/economy/securities/2026/04/20/20260420500063?wlog_tag3=naver
2026-04-20,"코스피, 이란發 긴장에도 6,250선 안착…삼성전자, 21만선서 강보합",0.0,0,0,https://www.news2day.co.kr/article/20260420500064
2026-04-20,"""오를 만큼 올랐다""…초고수들 '현대로템' 던지고 담은 종목 [마켓PRO]",0.0,0,0,https://www.hankyung.com/article/202604202368i
2026-04-20,"코스피, 기관 매수에 6200대 중반 돌파…두산에너빌 5%↑",0.747,3,0,https://www.hankyung.com/article/2026042024006
2026-04-20,"코스피 '2주 휴전 종료' 앞두고 장중 상승 6210선, 환율 1479.5원 출발",0.261,1,0,https://www.businesspost.co.kr/BP?command=article_view&num=436028
2026-04-20,미·이란 갈등에도 종전 기대감 여전…코스피 1%대 상승,0.0,1,1,https://view.asiae.co.kr/article/2026042010051563143
2026-04-20,중동 긴장에도 코스피 1%대 강세…코스닥도 상승 전환[fn오전시황],0.537,2,0,http://www.fnnews.com/news/202604201021493347
2026-04-20,"베트남 전력난 잠재우다... 두산에너빌리티, 3.2조 붕앙 II 준공 '마침표...",0.0,0,0,http://www.ttlnews.com/news/articleView.html?idxno=3100563
2026-04-20,"코스피, 기관 매수에 1%대 상승세…중동 리스크 속 상승폭 확대 [투자36...",0.604,2,0,https://biz.heraldcorp.com/article/10720869?ref=naver
2026-04-20,"코스피, 6240선 등락…이란 전황 관망 속 변동성 커져",0.261,1,0,https://www.sidae.com/article/2026042009210580694
2026-04-20,"코스피,미·이란 또 긴장에 6,210대 강보합…SK닉스 114만원대",0.0,1,1,http://www.seouleconews.com/news/articleView.html?idxno=90720
2026-04-20,"코스피, 6200선 회복… 주도주 실적 기대",0.261,1,0,https://it.chosun.com/news/articleView.html?idxno=2023092160606
2026-04-21,"[증시키워드] 실적 시즌, 삼전ㆍSK하닉 중심 업종별 순환매…주성엔지니...",0.682,2,0,https://www.etoday.co.kr/news/view/2577489
2026-04-21,'중동 불안'은 계속되지만...코스피 6000대서 관망할까 [이미아의 투자...,0.0,1,1,https://www.hankyung.com/article/202604214405i
2026-04-21,14년만에 부산서 한국원자력산업전…세계원전 최신 기술 소개,0.0,0,0,https://www.yna.co.kr/view/AKR20260421021100051?input=1195m
2026-04-21,부산시 '2026 부산국제원자력산업전' 22일 개막…19개국 130개 기업 참여,0.0,0,0,https://www.newspim.com/news/view/20260421000024
2026-04-21,"부산, 원전산업 '판 벌인다'…130개사 집결한 글로벌 전시 개막",0.0,0,0,https://www.mhns.co.kr/news/articleView.html?idxno=745419
2026-04-21,"""인공지능이 불러온 전력폭증"" 2026 부산국제원자력산업전 개막",0.0,0,0,https://www.nocutnews.co.kr/news/6505376?utm_source=naver&utm_medium=article&utm_campaign=20260421072824
2026-04-21,"부산시, 22일 국제원자력산업전 개막…AI시대 원자력비즈니스 플랫폼",0.0,0,0,https://www.kpinews.kr/newsView/1065564251763086
2026-04-21,[투자노트] 세계 ‘원전 르네상스’… ‘짓는 기업’에 돈 몰린다,0.0,0,0,https://biz.chosun.com/stock/analysis-prospect/2026/04/21/HI3ONGGEI5DCHIJHLRSHM3I6YU/?utm_source=naver&utm_medium=original&utm_campaign=biz
2026-04-21,"[이넷뉴스 브랜드평판] 두산에너빌리티, 풍력에너지 상장기업 4월 1위.....",0.0,0,0,https://www.enetnews.co.kr/news/articleView.html?idxno=49091
2026-04-22,두산에너빌리티 1분기 실적 훈풍…원전·가스터빈 성장 가속화하며 매출...,0.583,2,0,http://www.consumernews.co.kr/news/articleView.html?idxno=754512
2026-04-22,美 페르미 AI원전 기대했는데...건설사 수혜 불확실성↑,0.38,1,0,https://news.mtn.co.kr/news-detail/2026042117414471624
2026-04-22,AI 시대 핵심… 부산서 ‘원전 신기술’ 열전,0.0,0,0,https://www.segye.com/newsView/20260421513949?OutUrl=naver
2026-04-22,4월 17조 던진 개미·12조 받은 외인·기관…'수급 대역전'이 빚은 코스...,0.0,0,0,https://www.etoday.co.kr/news/view/2577778
2026-04-22,"""0.7mm의 벽 넘는다""…레이저 빔 용접으로 우주시장 정조준",0.0,0,0,https://www.mt.co.kr/future/2026/04/22/2026041518234930361
2026-04-22,체코 원전 주요인사 대거 방한…사업 준비현황 점검,0.0,0,0,http://www.edaily.co.kr/news/newspath.asp?newsid=01203766645418744
2026-04-22,두산에너빌리티 52주 신고가 경신했다…'추가 상승이냐 숨고르기냐',0.8,3,0,https://www.cbci.co.kr/news/articleView.html?idxno=569291
2026-04-21,"한수원, 체코 두코바니 원전사업 핵심 인사 만나 주요 업무 현황 점검",0.0,0,0,http://www.issuenbiz.com/news/articleView.html?idxno=75902
2026-04-21,"코스피, 외인과 기관 매수에 상승 마감...LG에너지솔루션, SK하이닉스 상...",0.604,2,0,http://www.econonews.co.kr/news/articleView.html?idxno=436407
2026-04-21,"李대통령, '3위 교역국' 베트남 하노이 도착…22일 정상회담",0.0,0,0,http://www.fnnews.com/news/202604210146539098
2026-04-21,"한국수력원자력, 체코 원전 핵심 인사 방한. . .두코바니 사업 이행 가속",0.0,0,0,https://www.sentv.co.kr/article/view/sentv202604210165
2026-04-21,"한수원, 체코와 두코바니 사업 점검…이행 단계 진입",0.0,0,0,https://www.newscj.com/news/articleView.html?idxno=3395405
2026-04-21,"한수원-체코 40명 방한, 두코바니 원전 협력 '속도전' 돌입",0.0,0,0,https://www.kyongbuk.co.kr/news/articleView.html?idxno=4070742
2026-04-21,"코오롱인더스트리, 차이나플라스 2026 참가…LS일렉트릭, 1분기 영업익 ...",0.0,0,0,https://www.sisaon.co.kr/news/articleView.html?idxno=200445
2026-04-21,한전·두산에너빌·美웨스팅하우스까지.. 세계 원전 최신 트렌드 부산서...,0.0,0,0,http://www.fnnews.com/news/202604211911419284
2026-04-21,원자력연차대회 앞두고 체코원전 핵심 인사 대거 방한,0.0,0,0,https://www.energy-news.co.kr/news/articleView.html?idxno=224795
2026-04-21,"체코 원전 핵심인사 방한…한수원 ""두코바니 사업이행 가속""",0.0,0,0,http://www.kookje.co.kr/news2011/asp/newsbody.asp?code=0200&key=20260421.99099005893
2026-04-21,전쟁 공포 삼킨 반도체 초호황의 힘… “팔천피까지 간다” [코스피 사...,0.261,1,0,https://www.segye.com/newsView/20260421515701?OutUrl=naver
2026-04-21,"""체코 '두코바니 프로젝트 '실행 단계' 본격"" 원전 핵심인사 방한",0.0,0,0,http://www.hellodd.com/news/articleView.html?idxno=111552
2026-04-21,AI 시대 ‘최신 원전 기술’ 한자리… 국제원자력산업전 개막,0.0,0,0,https://www.busan.com/view/busan/view.php?code=2026042118140951806
2026-04-21,"[오늘증시]코스피, 외국인·기관 매수에 힘입어 사상 최고치 경신…시총...",0.408,1,0,http://www.queen.co.kr/news/articleView.html?idxno=455524
2026-04-21,"[기고] 에너지 안보의 시대, 수소연료전지 포기 말아야",0.0,0,0,http://www.fnnews.com/news/202604211812038407
2026-04-21,"한수원, 두코바니 원전 이행 점검…체코 발주사·정부 관계자 방한",0.0,0,0,https://www.dailian.co.kr/news/view/1636204/?sc=Naver
2026-04-21,"외국인‧기관 동반 순매수, 코스피 사상 최고치…SK하이닉스, '120만닉스...",0.0,1,1,https://www.thepublic.kr/news/articleView.html?idxno=301966
2026-04-21,"[마감시황] 코스피, 외인·기관 '사자'에 전고점 뚫었다…6388.47 역대 최...",0.0,0,0,https://www.ajunews.com/view/20260421175611696
2026-04-21,"코스피, 외국인·기관 쌍끌이 매수에 사상 최고…6400선 '눈앞'",0.261,1,0,https://www.goodkyung.com/news/articleView.html?idxno=286150
2026-04-21,전쟁보다 실적…코스피 가장 높이 날았다,0.0,1,1,https://www.hankyung.com/article/2026042168511
2026-04-21,체코 발주사 방한…두코바니 원전 이행 본격 점검,0.0,0,0,http://www.ikld.kr/news/articleView.html?idxno=333286
2026-04-21,"코스피, 외국인·기관 '쌍끌이' 사상 최고… 6400선 눈앞",0.0,1,1,https://it.chosun.com/news/articleView.html?idxno=2023092160724
2026-04-21,"""6300 넘어, 최고치도 갈아치웠다""··· 코스피 6388 마감",0.261,1,0,https://www.greenpostkorea.co.kr/news/articleView.html?idxno=306557
2026-04-21,"코스피, 2개월 만에 사상 최고치 경신…6380선 마감",0.322,1,0,http://www.paxetv.com/news/articleView.html?idxno=270256
2026-04-21,"한수원, 체코 발주사와 두코바니 원전 이행 점검…40명 방한",0.0,0,0,https://news.tf.co.kr/read/economy/2315684.htm
2026-04-21,전쟁 리스크에도 웃은 코스피…6380선 돌파하며 최고치,0.488,2,0,https://www.daejonilbo.com/news/articleView.html?idxno=2270562
2026-04-21,"‘사상 최고’ 코스피, 6380선 마감…삼전·SK하닉 ‘질주’",-0.261,0,1,https://www.kukinews.com/article/view/kuk202604210202
2026-04-21,"한수원, 체코 두코바니 원전 사업 속도…핵심 인사 40여 명 방한",0.0,0,0,https://www.newsworks.co.kr/news/articleView.html?idxno=838516
2026-04-21,글로벌 원전 기업·전문가 부산 총출동,0.0,0,0,https://www.hankyung.com/article/2026042165561
2026-04-21,코스피 '중동전쟁' 악재 딛고 사상 최고치 경신… SK하닉 사상 최고가 경...,0.261,1,0,https://www.newscj.com/news/articleView.html?idxno=3395307
2026-04-21,체코 원전 핵심 인사 40명 방한…두코바니 사업 점검,0.0,0,0,https://www.webeconomy.co.kr/news/articleView.html?idxno=2148825
2026-04-21,"[마감시황] 코스피, 사상 최고가 찍다",0.261,1,0,http://www.hansbiz.co.kr/news/articleView.html?idxno=834398
2026-04-21,"코스피, 종가·장중 최고치 모두 경신…6388선 마감",-0.067,1,1,http://www.wikileaks-kr.org/news/articleView.html?idxno=186566
2026-04-21,"한수원, 체코 발주사 방한 맞춰 두코바니 원전사업 협력 강화",0.0,0,0,https://www.thepowernews.co.kr/view.php?ud=202604211618472344de3f0aa1be_7
2026-04-21,'반도체로 전쟁 불안 넘다'…코스피 6380선 역대 최고치,0.261,1,0,https://theviewers.co.kr/View.aspx?No=4050358
2026-04-21,[코스피 지수선물 옵션] 2차전지 선물시장 다시 과열…LG엔솔·에코프로...,0.0,0,0,https://www.pinpointnews.co.kr/news/articleView.html?idxno=447358
2026-04-21,"[POP!공기업] 가스公, '안전·청렴 실천결의대회' 권역별 릴레이 추진 外",0.0,0,0,http://www.popcornnews.net/news/articleView.html?idxno=118962
2026-04-21,"코스피, 사상 최고치 경신 6380선 마감…SK하이닉스 '120만닉스' 돌파",0.261,2,1,https://www.newsworks.co.kr/news/articleView.html?idxno=838504
2026-04-21,"코스피, '가보지 않은 길' 걷다...종가 6388.47",0.0,0,0,https://www.straightnews.co.kr/news/articleView.html?idxno=300712
2026-04-21,"코스피 6388.47 마감, 사상 최고···SK하이닉스 '122만4천원' 신고가",0.682,2,0,https://www.smartbizn.com/news/articleView.html?idxno=142358
2026-04-21,[코스피 사상 최고치] 상승 주도권 '개인→외국인'…추가 상승 여력 여...,0.261,1,0,https://www.ebn.co.kr/news/articleView.html?idxno=1706131
2026-04-21,코스피 사상 최고치 경신… 외국인 1조 순매수에 '6400선 눈앞',0.322,2,1,https://www.hidomin.com/news/articleView.html?idxno=702273
2026-04-21,'중동전쟁 파고 넘었다' 코스피 6388.47 신고점 경신,0.261,1,0,https://www.joongdo.co.kr/web/view.php?key=20260421010006556
2026-04-21,"전쟁보단 실적, 코스피 6388.47로 사상 최고치 경신...외인·기관 쌍끌이",-0.322,0,1,http://www.opinionnews.co.kr/news/articleView.html?idxno=137129
2026-04-21,"코스피, 2.72% 오른 6388.47로 사상 최고치 마감",0.0,1,1,http://www.techholic.co.kr/news/articleView.html?idxno=220899
2026-04-21,[거래소 외국인] 2.8조 '줍줍'…삼성전자·SK하이닉스 다시 본격 폭등랠...,0.645,2,0,https://www.pinpointnews.co.kr/news/articleView.html?idxno=447343
2026-04-21,코스피 2.7% 상승 마감… LG엔솔·SK하이닉스 강세,0.604,3,1,https://www.newsclaim.co.kr/news/articleView.html?idxno=3061424
2026-04-21,"‘전인미답’ 코스피, 종가·장중 최고치 모두 갈아치웠다…6380선 마감...",0.0,1,1,https://biz.heraldcorp.com/article/10722335?ref=naver
2026-04-21,종전 불확실성에도 코스피 최고치 경신 6400선 눈앞 … 반도체·2차전지...,0.645,2,0,https://biz.newdaily.co.kr/site/data/html/2026/04/21/2026042100290.html
2026-04-21,코스피 2.7% 올라 6388 마감…전쟁 뚫고 사상 최고 [시황종합],0.0,0,0,https://www.news1.kr/finance/market-exr/6144074
2026-04-21,"[오늘증시]코스피, '2.7% 급등' 6380선 마감…사상 최고치 돌파",0.604,2,0,https://www.sidae.com/article/2026042116100842343
2026-04-21,"코스피 '사상 최고', 6388 마감...반도체 · 2차전지주 '껑충'",0.165,1,1,http://www.choicenews.co.kr/news/articleView.html?idxno=164194
2026-04-21,[서울데이터랩] 코스피 마감시황 6388p로 사상 최고치로 마감,0.604,2,0,https://www.seoul.co.kr/news/economy/securities/2026/04/21/20260421500176?wlog_tag3=naver
2026-04-21,"코스피, 6380선 뚫고 새 역사 썼다…SK하이닉스 '120만닉스' 돌파",0.261,2,1,http://www.seoulwire.com/news/articleView.html?idxno=718015
2026-04-21,"[마감시황] 코스피, 사상 최고치 경신…6380선 돌파",0.488,2,0,https://www.newspim.com/news/view/20260421001162
2026-04-21,전쟁도 이겨낸 코스피…6380선 넘기며 '사상 최고치'(종합),0.0,1,1,https://www.newsis.com/view/NISX20260421_0003600446
2026-04-21,전쟁 공포 벗어난 코스피 6380대로 어닝서프 기대…SK하이닉스 5%↑,0.0,0,0,http://www.smedaily.co.kr/news/articleView.html?idxno=356022
2026-04-21,"“전쟁 이긴 반도체”…코스피, 6380선 넘어 ‘사상 최고치’ 마감",0.261,1,0,http://www.edaily.co.kr/news/newspath.asp?newsid=04601846645418416
2026-04-21,"코스피, 52주 신고가 넘어 사상 최고치 경신...6400선 눈앞",0.513,2,1,https://www.digitaltoday.co.kr/news/articleView.html?idxno=658935
2026-04-21,"코스피, 2.7% 급등 6,380대 마감…종가 사상 최고치",0.408,2,1,https://www.cstimes.com/news/articleView.html?idxno=702796
2026-04-21,'사상 최고치' 다시 쓴 코스피…반도체 쌍끌이에 6380 마감 [마감시황],0.261,1,0,https://www.newsway.co.kr/news/view?ud=2026042115502838748
2026-04-21,"파죽지세 코스피, 사상 최고가 마감…외국인·기관 쌍끌이 '사자'에 6388...",0.0,1,1,https://news.tf.co.kr/read/economy/2315600.htm
2026-04-21,"코스피, 6380선 마감...장중·종가 기준 사상 최고치",0.261,1,0,http://www.metroseoul.co.kr/article/20260421500353
2026-04-21,"(마감시황) 코스피, 전쟁 공포 딛고 사상 최고치 경신…6,380선 안착",0.322,1,0,https://www.news2day.co.kr/article/20260421500187
2026-04-21,코스피 6400선 ‘눈앞’…SK하이닉스 120만원 넘었다 [시황],0.583,1,0,https://www.dailian.co.kr/news/view/1636085/?sc=Naver
2026-04-21,코스피 2.72% 상승한 6388.47 마감...사상최고치 경신,0.261,1,0,https://www.g-enews.com/view.php?ud=202604211534496704df2f5bc1bc_1
2026-04-21,체코 원전 핵심 인사 방한…두코바니 사업 이행 '가속도',0.0,0,0,http://www.knpnews.com/news/articleView.html?idxno=33662
2026-04-21,"사상 최고치 경신 코스피, 6380도 뚫었다…반도체·2차전지 ‘쌍끌이’...",-0.067,1,1,https://www.sedaily.com/article/20035213?ref=naver
2026-04-21,"코스피, 사상 최고치로 마감…6400선 근접",0.0,1,1,https://view.asiae.co.kr/article/2026042115543591051
2026-04-21,[시황] 코스피 6388.47 마감 '사상 최고치'…6400선 '눈앞',-0.261,0,1,http://www.newsdream.kr/news/articleView.html?idxno=111509
2026-04-21,"코스피 6388.47 마감, 사상 최고치 경신…SK하이닉스 120만원 넘어 신고...",0.0,0,0,https://www.etoday.co.kr/news/view/2577764
2026-04-21,[속보] 코스피 ‘사상 최고치’ 6380선 돌파…1.3조 외인 귀환 이어 반도...,0.261,2,1,https://www.mk.co.kr/article/12022954
2026-04-21,코스피 6300선 시대 개막… 6388.47 종가 기준 사상 최고치 경신,0.537,2,0,https://www.gukjenews.com/news/articleView.html?idxno=3562585
2026-04-21,[시황] 코스피 '사상 최고'…반도체·이차전지 랠리 재개,0.604,2,0,http://www.4th.kr/news/articleView.html?idxno=2110740
2026-04-21,"[마감 시황] 코스피, 외국인 순매수에 6388로 사상 최고가 경신",0.0,0,0,http://www.fieldnews.kr/news/articleView.html?idxno=28089
2026-04-21,[코스피 사상 최고치] 미·이란 2차 협상 기대감에 6400선 목전,0.0,1,1,https://www.ebn.co.kr/news/articleView.html?idxno=1706114
2026-04-21,"두산에너빌리티, 자사주 매입 예정보다 빨리 끝낸 이유는",0.716,2,0,http://www.wikileaks-kr.org/news/articleView.html?idxno=186555
2026-04-21,"""10만 일자리""…국힘 창원시장 강기윤 후보 ""일자리시장 되겠다""",0.0,0,0,https://www.nocutnews.co.kr/news/6505786?utm_source=naver&utm_medium=article&utm_campaign=20260421033129
2026-04-21,"코스피, '전쟁통'에도 역사적 신고가…'120만닉스·20만전자' 견인",0.878,3,0,http://www.opinionnews.co.kr/news/articleView.html?idxno=137122
2026-04-21,[기획] 트럼프 '달 원전' 계획에 자본시장 들썩…수혜주는,0.38,1,0,http://www.newswatch.kr/news/articleView.html?idxno=79315
2026-04-21,"체코 원전 핵심 인사 방한…한수원, 두코바니 사업 이행 '속도전'",0.0,0,0,https://www.asiatime.co.kr/article/20260421500287
2026-04-21,체코 원전 실무진 40명 방한…두코바니 프로젝트 사업 이행 점검,0.0,0,0,https://www.m-i.kr/news/articleView.html?idxno=1366390
2026-04-21,"코스피, 휴전 불안 딛고 사상 최고치 경신…6370선 고지 넘어",0.537,2,0,https://news.tf.co.kr/read/economy/2315559.htm
2026-04-21,"1분기 실적, AI 밸류체인 여부가 가른다…반도체 '압도'·건설 '매출 감...",0.0,0,0,https://news.einfomax.co.kr/news/articleView.html?idxno=4410782
2026-04-21,SK하이닉스 120만 원 돌파·LG엔솔 10% 급등… 코스피 최고치 경신 견인,0.775,3,0,https://www.gukjenews.com/news/articleView.html?idxno=3562485
2026-04-21,체코 원전 핵심 인사 방한…두코바니 사업 본격 이행,0.0,0,0,https://www.kbmaeil.com/article/20260421500430
2026-04-21,"한수원, 체코 발주사와 두코바니 사업 이행 가속",0.0,0,0,https://www.newsquest.co.kr/news/articleView.html?idxno=265059
2026-04-21,"한수원 ""체코 원전 핵심 인사 40명 방한""···두코바니 사업 '본격 이행...",0.0,0,0,https://www.smartbizn.com/news/articleView.html?idxno=142329
2026-04-21,"한수원, 체코 두코바니 원전 협력 강화… 체코 정부·발주사 핵심 인사...",0.0,0,0,https://sateconomy.co.kr/news/view/1065578308006498
2026-04-21,"한수원, 방한 체코 원전 핵심 인사와 두코바니 사업 논의",0.0,0,0,http://www.hansbiz.co.kr/news/articleView.html?idxno=834330
2026-04-21,美-이란 협상 촉각 속...일본증시 '장중 상승'·소프트뱅크 '껑충',0.261,1,0,http://www.choicenews.co.kr/news/articleView.html?idxno=164170
2026-04-21,코스피 장중 사상 최고치 경신…SK하이닉스 실발 앞두고 3거래일 연속 신...,0.0,0,0,https://www.slist.kr/news/articleView.html?idxno=733524
2026-04-21,"유압브레이커의 자부심 수산세보틱스, SOOSAN 브랜드로 글로벌 공략 가...",0.322,1,0,https://www.pinpointnews.co.kr/news/articleView.html?idxno=447262
2026-04-22,"[브랜드평판] 현대건설 디에이치, 하이엔드 주거 4월 1위.... 롯데건설 르...",0.0,0,0,https://www.enetnews.co.kr/news/articleView.html?idxno=49140
2026-04-23,"류석현 기계연 원장 ""기계에 AI 결합 안하면 韓 제조업 암울""",0.0,0,0,https://www.dongascience.com/news/view/77496
2026-04-23,"이 대통령, 베트남 새 권력서열 2·3위 연쇄 면담…비즈니스 포럼 참석...",0.0,0,0,https://www.newsis.com/view/NISX20260422_0003602503
2026-04-23,두산에너빌리티 주가 강보합 눈치보기? 외부환경 등 변수로…실적 공시...,0.261,1,0,https://www.cbci.co.kr/news/articleView.html?idxno=569567
2026-04-23,[사진] 원자력 전시회에 쏠린 눈,0.0,0,0,https://www.joongang.co.kr/article/25422484
2026-04-22,"체코 “한수원, 테믈린 원전 건설에 경쟁력 있는 제안…성공적 협력 기...",0.0,0,0,https://www.seoul.co.kr/news/economy/2026/04/22/20260422500320?wlog_tag3=naver
2026-04-22,"[현장] 부산 벡스코, K-원전 르네상스 현장 되다",0.0,0,0,https://www.pointe.co.kr/news/articleView.html?idxno=78694
2026-04-22,"韓, ‘30조원’ 베트남 원전 진출 기반 마련…핵심광물 등 공급망 협력...",0.38,1,0,https://biz.heraldcorp.com/article/10723483?ref=naver
2026-04-22,현대로템 베트남 도시철도 수출 성공…李 “양국 인프라서 최고 수준 협...,0.0,0,0,https://www.sedaily.com/article/20035936?ref=naver
2026-04-22,"코스피, 사상 최고치 경신...HD현대중공업, 한화에어로스페이스 상승 VS...",0.261,1,0,http://www.econonews.co.kr/news/articleView.html?idxno=436519
2026-04-22,도시철도·원전 전방위 협력…호찌민에 현대로템 열차 달린다 [韓·베트...,0.0,0,0,http://www.fnnews.com/news/202604221818553233
2026-04-22,"李대통령·또럼, 8개월만 정상회담…도시철도·신도시·원전 협력",0.0,0,0,http://www.fnnews.com/news/202604221625160052
2026-04-22,"체코 산업부 토마쉬 에흘레르 실장 ""탈원전 추진했던 유럽, 결국 원전으...",0.0,0,0,http://www.e-platform.net/news/articleView.html?idxno=101679
2026-04-22,[원자력 연차대회] 페르미 뉴클리어 메수트 우즈만 대표 “AI로 만드는 ...,0.0,0,0,https://biz.chosun.com/industry/company/2026/04/22/EZWKPHBF7JGCHMLZ3V7PVZOXUM/?utm_source=naver&utm_medium=original&utm_campaign=biz
2026-04-22,"두산에너빌리티, 원전 등 발전 관련 수주잔고 23조…2030년 수익 본격화...",0.38,1,0,https://www.straightnews.co.kr/news/articleView.html?idxno=300820
2026-04-22,"김회천 한수원 사장 “AI 시대, 현실적 전력 해법은 원자력”",0.0,0,0,https://www.asiatoday.co.kr/view.php?key=20260422010007213
2026-04-22,"거세지는 공기업 재편론... 경남, '에너지 컨트롤타워' 굳히나",0.0,0,0,https://www.ajunews.com/view/20260422164528081
2026-04-22,재계 인도 성과 베트남에서 이어간다...SK·두산 합류,0.0,0,0,https://www.ajunews.com/view/20260422144030727
2026-04-22,종전협상 불발에도 '개미'만 1.2조 순매수…코스피 6400선 돌파,0.261,1,0,https://economist.co.kr/article/view/ecn202604220078
2026-04-22,"세아창원특수강, '2026 부산국제원자력산업전' 참가",0.0,0,0,http://www.snmnews.com/news/articleView.html?idxno=568427
2026-04-22,"코스피, 연일 사상 최고 6400선 돌파… 전쟁보다 실적",0.197,2,1,https://it.chosun.com/news/articleView.html?idxno=2023092160793
2026-04-22,"""베트남을 수출 전진기지로"" … '세일즈 외교' 팔걷은 재계 총수들",0.0,0,0,https://www.mk.co.kr/article/12024343
2026-04-22,"""이제 슬슬 갈아타볼까""…개미들 삼전닉스 팔고 향한 곳",0.583,2,0,https://www.hankyung.com/article/2026042296771
2026-04-22,"체코 산업실장 “한수원, 두코바니 이어 신규 테믈린 원전도 함께하면 ...",0.0,0,0,https://www.chosun.com/economy/industry-company/2026/04/22/34WMKGMQZRCRRK2JIEM7EP2JLE/?utm_source=naver&utm_medium=referral&utm_campaign=naver-news
2026-04-22,2026 부산국제원자력산업전 개최,0.0,0,0,https://news.knn.co.kr/news/article/186830
2026-04-22,젠슨 황 'AI 5단 케이크' 따라가는 NH아문디...피지컬 AI ETF 라인업 '눈...,0.0,0,0,https://www.ngetnews.com/news/articleView.html?idxno=549989
2026-04-22,"중동 변수에도 '실적 베팅' 통했다…코스피, 사상 첫 6400선 마감",0.261,1,0,http://www.newstomato.com/ReadNews.aspx?no=1298786&inflow=N
2026-04-22,"AI 전력 수요 대응…과기정통부, 원자력 해법 모색",0.0,0,0,http://www.edaily.co.kr/news/newspath.asp?newsid=04975766645418744
2026-04-22,"[오늘증시]코스피, 하루 만에 다시 사상 최고치 ""6417선 마감""…개인 매...",0.0,1,1,http://www.queen.co.kr/news/articleView.html?idxno=455597
2026-04-22,"(마감시황) 코스피, 지정학적 악재 뚫고 6,400선 안착…개인 1.2조 순매수",0.0,0,0,https://www.news2day.co.kr/article/20260422500022
2026-04-22,"김회천 한수원 사장 ""AI 시대 전력수요, 원자력이 현실적 해법""",0.0,0,0,https://view.asiae.co.kr/article/2026042217111838719
2026-04-22,"중동 악재 누른 '개미의 힘', 코스피 6400선 안착···'최고치' 랠리",-0.261,0,1,https://www.seoulfn.com/news/articleView.html?idxno=627175
2026-04-22,"코스피, 이틀 연속 사상 최고치 경신…6400선 안착",0.0,1,1,https://www.goodkyung.com/news/articleView.html?idxno=286189
2026-04-22,"中, 원전 총량 1위...운영 강국 미국·프랑스와 격차 좁힌다",0.0,0,0,https://www.esgeconomy.com/news/articleView.html?idxno=15317
2026-04-22,"세아창원특수강, INEX 2026서 원전 소재 기술력 과시",0.0,0,0,https://weekly.hankooki.com/news/articleView.html?idxno=7161090
2026-04-22,"코스피, 또 역대 최고치 경신...개인, 지수 방어 총력전",0.0,1,1,https://www.asiaa.co.kr/news/articleView.html?idxno=247357
2026-04-22,"코스피, 6400선 돌파… 하루 만에 종가 최고치 경신",0.261,1,0,https://www.newscj.com/news/articleView.html?idxno=3395621
2026-04-22,부산국제원자력산업전서 SMR·AI전환 기술 등 '눈길',0.0,0,0,https://www.news1.kr/local/busan-gyeongnam/6145584
2026-04-22,"코스피, 하루 만에 최고치 경신…6400선 안착",0.261,1,0,https://www.kukinews.com/article/view/kuk202604220153
2026-04-22,[코스피 지수선물 옵션] 방산·전력 강세 vs 금융·바이오 약세 선물시장...,0.604,3,1,https://www.pinpointnews.co.kr/news/articleView.html?idxno=447717
2026-04-22,'AI시대 에너지 중심'... '부산국제원자력산업전' 벡스코서 22일 개막,0.0,0,0,https://news.bbsi.co.kr/news/articleView.html?idxno=4079950
2026-04-22,"[오늘증시]코스피, 사상 최고치 6420선 돌파…개인 홀로 1.2조 순매수",0.488,2,0,https://www.sidae.com/article/2026042215544435752
2026-04-22,"세아창원특수강, 부산 원자력전 참가…SMR·핵융합 소재 공개",0.0,0,0,https://biz.heraldcorp.com/article/10723323?ref=naver
2026-04-22,"코스피, 장중 약세 딛고 6400선 돌파···사상 최고치 경신",0.197,2,1,https://www.smartbizn.com/news/articleView.html?idxno=142433
2026-04-22,거침없는 코스피 '6400 시대' 열렸다…또 사상 최고치,0.261,1,0,https://www.sisajournal.com/news/articleView.html?idxno=370537
2026-04-22,코스피 6400 돌파···미·이란 협상 불발에도 하루만에 최고치 돌파,0.261,1,0,https://weekly.khan.co.kr/article/202604221634001
2026-04-22,"세아창원특수강, 원전부터 핵융합까지 '소재 풀라인업'…AI 전력시대 정...",0.0,0,0,https://www.megaeconomy.co.kr/news/newsview.php?ncode=1065597422084546
2026-04-22,"세아창원특수강, 부산국제원자력산업전 참가..원전 기술력 소개",0.0,0,0,https://www.mt.co.kr/industry/2026/04/22/2026042215572883368
2026-04-22,"세아창원특수강, 원전·핵융합 소재 역량 총집결…'INEX 2026' 참가",0.0,0,0,https://www.widedaily.com/news/articleView.html?idxno=292771
2026-04-22,"코스피, 역대 최고치 이틀 연속 경신…6410선 돌파",-0.067,1,1,https://www.dnews.co.kr/uhtml/view.jsp?idxno=202604221617429800288
2026-04-22,코스피 6417 또 최고가…외인 '팔자' 개미 1.2조 '사자' 방어 [시황종합...,0.261,1,0,https://www.news1.kr/finance/market-exr/6145490
2026-04-22,코스피 ‘사상 최고치’ 다시 돌파⋯개미 1.7조원 ‘사자’에 6400선 안...,0.537,2,0,https://www.etoday.co.kr/news/view/2578137
2026-04-22,"코스피, 하루만에 최고치 또 경신 6,417.93에 마감",0.261,1,0,http://www.techholic.co.kr/news/articleView.html?idxno=220917
2026-04-22,"코스피, 연일 최고치 경신 6400선 돌파…중동 리스크 뚫은 '개미의 힘'",0.537,2,0,http://www.seoulwire.com/news/articleView.html?idxno=718245
2026-04-22,"세아창원특수강, 글로벌 공급망 강화..‘2026 부산국제원자력산업전’ ...",0.0,0,0,https://kpenews.com/View.aspx?No=4052118
2026-04-22,"[마감시황] 코스피, 개인 '사자'에 6400선 돌파…또 최고치",0.488,2,0,https://www.newspim.com/news/view/20260422001010
2026-04-22,"코스피, 6417선 마감…연이틀 최고치 경신",0.261,1,0,https://www.kfenews.co.kr/news/articleView.html?idxno=657193
2026-04-22,"'종전 낙관' 개미 1.2조 순매수…코스피, 장중 사상 최고치 [시황]",0.0,0,0,https://www.dailian.co.kr/news/view/1636600/?sc=Naver
2026-04-22,"세아창원특수강, 원자력 밸류체인 전면에…부산 원자력 산업전 참가",0.0,0,0,https://www.news2day.co.kr/article/20260422500146
2026-04-22,[마감시황] 코스피 6400선 돌파…사상 최고치 하루 만에 재경신,0.261,2,1,https://www.ajunews.com/view/20260422160330964
2026-04-22,"세아창원특수강, 부산원자력산업전서 원전·핵융합 소재 기술력 공개",0.0,0,0,http://www.updownnews.co.kr/news/articleView.html?idxno=316997
2026-04-22,"코스피, 0.46% 오른 6417.93 마감…또 사상 최고치",-0.261,0,1,https://www.cstimes.com/news/articleView.html?idxno=702952
2026-04-22,"코스피, 사상 최고치 경신…6417.93 마감",0.261,1,0,http://www.thebigdata.co.kr/view.php?ud=202604221605177516c808fa9903_23
2026-04-22,"코스피, 종전 협상 불발에도 또 최고치 경신…6410선 마감 [종합]",0.0,0,0,https://www.hankyung.com/article/2026042292086
2026-04-22,"세아창원특수강, 부산국제원자력에너지산업전 참가…핵심 기술 소개",0.0,0,0,https://www.news1.kr/industry/general-industry/6145461
2026-04-22,"""원전부터 핵융합까지""…세아창원특수강, 에너지 소재 경쟁력 공개",0.0,0,0,https://view.asiae.co.kr/article/2026042216042534580
2026-04-22,"코스피, 6417.93 돌파 마감...연일 사상 최고치",0.488,2,0,http://www.metroseoul.co.kr/article/20260422500413
2026-04-22,"코스피, 종가 기준 사상 최고치 경신…6417.93 마감[마감시황]",0.261,1,0,https://www.newsway.co.kr/news/view?ud=2026042215481012458
2026-04-22,"코스피, 종가 기준 첫 6400선 돌파…이틀째 최고치 경신",0.488,2,0,http://www.edaily.co.kr/news/newspath.asp?newsid=04578886645418744
2026-04-22,코스피 또 올랐다…6400선 둥지 틀며 이틀째 최고치 마감(종합),0.261,1,0,https://www.newsis.com/view/NISX20260422_0003602117
2026-04-22,외인·기관 '팔자'에도 코스피 6400 돌파…'역대 최고' 재경신,0.261,2,1,https://www.newsquest.co.kr/news/articleView.html?idxno=265150
2026-04-22,"[마감시황] 코스피, 29.46포인트 오른 6417.93 마감",0.261,2,1,https://www.lcnews.co.kr/news/articleView.html?idxno=201162
2026-04-22,"코스피, 6400선 돌파...52주 신고가 하루 만에 경신",0.899,4,0,https://www.digitaltoday.co.kr/news/articleView.html?idxno=659291
2026-04-22,"코스피, 사상 첫 6400선 돌파…하루 만에 최고치 경신",0.604,2,0,http://www.segyebiz.com/newsView/20260422514168?OutUrl=naver
2026-04-22,"세아창원특수강, 부산원자력산업전 참가…차세대 에너지 시장 대응",0.0,0,0,https://www.ddaily.co.kr/page/view/2026042215572224023
2026-04-22,"코스피, 美-이란 협상 불발에도 6400선 안착…이틀째 사상 최고가 경신",0.322,1,0,https://www.ebn.co.kr/news/articleView.html?idxno=1706254
2026-04-22,"코스피, 6417.93 마감…종가 역대 최고치 하루 만에 또 경신",0.0,0,0,https://news.tf.co.kr/read/economy/2316073.htm
2026-04-22,뒷심 발휘한 코스피 6400선도 넘었다 美발전설비 공급…HD현대重 11%↑,0.261,1,0,http://www.smedaily.co.kr/news/articleView.html?idxno=356082
2026-04-22,“SK하이닉스 말고 또 있다고?”…이달 쏟아진 코스피 ‘신고가’ 종목...,0.682,2,0,https://biz.heraldcorp.com/article/10723264?ref=naver
2026-04-22,"한수원, 체코 발주사와 주요 업무 이행 현황 점검...원자력 산업 현장 찾...",0.0,0,0,https://www.g-enews.com/view.php?ud=20260422144217740a9fc143920_1
2026-04-22,"[시황] 코스피, '사상 최고치' 6417.93 마감…개인 1.2조 '사자'",0.261,1,0,http://www.newsdream.kr/news/articleView.html?idxno=111583
2026-04-22,"개인 순매수에 코스피, 사상 첫 6400대 마감...현대중공업 11% 급등",0.604,2,0,http://www.opinionnews.co.kr/news/articleView.html?idxno=137207
2026-04-22,"전쟁보다 실적...코스피, 종가 기준 사상 최고치 재경신[마감시황]",0.322,1,0,https://www.ekn.kr/web/view.php?key=20260422021069191
2026-04-22,"[마감 시황] 코스피, 29.46p 상승 6417.93 마감…개인 순매수세가 버팀목",0.261,1,0,http://www.fieldnews.kr/news/articleView.html?idxno=28102
2026-04-22,[마감시황] 코스피 0.46% 상승한 6417.93 마감...개인 1조2300억 순매수,0.261,1,0,https://www.g-enews.com/view.php?ud=202604221534349799edf69f862c_1
2026-04-22,"[속보] “전쟁보다 실적 믿는다”…코스피, 하루 만에 또 최고치 경신 ...",0.322,1,0,https://www.mk.co.kr/article/12024059
2026-04-22,"[속보] 코스피, 0.46% 오른 6417.93 마감…연일 사상 최고치",0.261,1,0,https://www.joongang.co.kr/article/25422357
2026-04-22,"세아창원특수강, ‘2026 부산국제원자력산업전’ 참가...원전 소재 기술...",0.0,0,0,https://www.sedaily.com/article/20035746?ref=naver
2026-04-22,"세아창원특수강, 부산국제원자력산업전 참가…핵심 기술력 공개",0.0,0,0,https://news.tf.co.kr/read/economy/2316038.htm
2026-04-22,"세아창원특수강, '부산국제원자력산업전' 참가… 핵심 소재 대거 공개",0.0,0,0,http://www.newsdream.kr/news/articleView.html?idxno=111579
2026-04-22,"세아창원특수강, 부산국제원자력산업전 참가⋯ 차세대 에너지 핵심 소재...",0.0,0,0,https://www.viva100.com/article/20260422501017
2026-04-22,"세아창원특수강, 원자력·핵융합 소재 앞세워 글로벌 에너지 공급망 공...",0.0,0,0,https://www.pointdaily.co.kr/news/articleView.html?idxno=302390
2026-04-22,코스피 장중 6400 돌파 후 하락…협상 불발에 상승 반납,0.261,3,2,https://www.thepublic.kr/news/articleView.html?idxno=302094
2026-04-22,전세계 원전전문가 부산에...최신 기술 공유,0.0,0,0,http://www.kookje.co.kr/news2011/asp/newsbody.asp?code=0200&key=20260422.99099006377
2026-04-24,[청와대 스케치] 李대통령 “베트남의 성공은 우리 모두의 성공…성장 ...,0.322,1,0,https://www.segye.com/newsView/20260423521031?OutUrl=naver
2026-04-24,기업인 포럼에 방점 찍힌 李대통령 1만km 여정,0.0,0,0,http://www.edaily.co.kr/news/newspath.asp?newsid=02086086645419400
2026-04-24,"“기회의 땅 넘어 파트너로”… 한-베트남, ‘N.E.X.T’로 미래 동맹 가...",0.0,0,0,https://www.dt.co.kr/article/12059272?ref=naver
2026-04-24,"李대통령 ""베트남 미래가 韓 미래…첨단산업 씨앗 뿌려야""",0.0,0,0,https://www.nocutnews.co.kr/news/6507441?utm_source=naver&utm_medium=article&utm_campaign=20260424055927
2026-04-24,"K원전·지하철·배터리 소재, 베트남 시장 열린다",0.0,0,0,https://www.seoul.co.kr/news/economy/industry/2026/04/24/20260424005006?wlog_tag3=naver
2026-04-24,베트남 원전 수주 가시화…팀코리아 '체코 이어 2연타' 노린다,0.38,1,0,https://www.news1.kr/realestate/general/6147166
2026-04-24,AI-원전 분야도 손잡는 韓-베트남 “흔들리지 않는 공급망 협력”,0.0,0,0,https://www.donga.com/news/Politics/article/all/20260424/133803393/2
2026-04-24,반도체 '쌍두마차' 전력질주… 코스피 사흘째 신기록,0.261,1,0,https://www.mt.co.kr/stock/2026/04/24/2026042320091021584
2026-04-24,"한배 띄운 한·베… ""제조에서 첨단으로 경협의 지평 넓혀야""",0.0,0,0,https://www.mt.co.kr/politics/2026/04/24/2026042320131541416
2026-04-24,"두산에너빌, 베트남 원전협력 길 텄다",0.0,0,0,https://www.mt.co.kr/industry/2026/04/24/2026042320091189589
2026-04-24,"李대통령, 베트남 서열 1~3위 연쇄 회동…""홍강의 기적 함께 만들자""",0.0,0,0,https://www.dailian.co.kr/news/view/1637285/?sc=Naver
2026-04-24,"이 대통령 ""한-베, 미래 성장 동력 시너지""...첨단 산업 협력",0.322,1,0,http://www.enewstoday.co.kr/news/articleView.html?idxno=2422695
2026-04-24,"한-베트남 경협, AI·에너지·인프라로 확장…70여건 MOU",0.0,0,0,http://www.4th.kr/news/articleView.html?idxno=2110902
2026-04-24,"이재용 ""베트남 성공이 삼성의 성공""…총수들 한자리에",0.0,0,0,http://www.wowtv.co.kr/NewsCenter/News/Read?articleId=A202604240025&t=NN
2026-04-24,이재명 “연꽃처럼 함께 극복”…한·베 경제인 500명 모여 74건 MOU 체결,0.38,1,0,https://biz.heraldcorp.com/article/10724480?ref=naver
2026-04-24,"이 대통령 ""한-베 기업인 경제 주춧돌...협력 지평 열자""",0.0,0,0,http://www.enewstoday.co.kr/news/articleView.html?idxno=2422692
2026-04-24,"이재용·최태원·구광모, 베트남 경제협력 '총력지원'",0.0,0,0,https://www.shinailbo.co.kr/news/articleView.html?idxno=5014585
2026-04-24,"李대통령 ""베트남과 첨단산업 씨앗 함께 뿌려야"" …비즈니스 포럼 이재...",0.0,0,0,https://www.namdonews.com/news/articleView.html?idxno=908497
2026-04-24,베트남서 성장동력 찾는 재계 총수들… ‘NEXT’로 협력 확대,0.322,1,0,https://www.kmib.co.kr/article/view.asp?arcid=1776948171&code=11151400&cp=nv
2026-04-24,"두산에너빌리티, 베트남 신규원전 참여 교두보 마련",0.0,0,0,https://www.energy-news.co.kr/news/articleView.html?idxno=224897
2026-04-24,"두산에너빌리티, 베트남 원전 시장 공략 본격화… 현지 협력 기반 구축",0.0,0,0,https://www.koreaittimes.com/news/articleView.html?idxno=153293
2026-04-24,"이 대통령 “한·베트남, 홍강의 기적 만들자”…재계 총출동",0.0,0,0,https://www.joongang.co.kr/article/25422924
2026-04-24,"두산에너빌리티 드디어 12만빌리티 됐다, 5% 껑충…주말 앞둔 흐름은?",0.261,1,0,https://www.cbci.co.kr/news/articleView.html?idxno=569819
2026-04-24,李 “베트남의 미래가 한국의 미래…첨단산업 씨앗 함께 뿌려야”,0.0,0,0,https://www.mk.co.kr/article/12025912
2026-04-24,"코스피 사흘째 독주, 사상 첫 6500선 터치",0.261,1,0,https://www.ksilbo.co.kr/news/articleView.html?idxno=1055030
2026-04-24,"남재환 국립보건연구원장, 재산 12억6639만원 신고",0.0,0,0,http://www.edaily.co.kr/news/newspath.asp?newsid=01082406645419400
2026-04-24,"김병욱 성남시장 후보, 靑 정무비서관 때 재산 75.6억 신고",0.0,0,0,https://biz.chosun.com/policy/policy_sub/2026/04/24/JLX4FIH3XFGVDHSD7D77OO3TSM/?utm_source=naver&utm_medium=original&utm_campaign=biz
2026-04-23,"두산에너빌리티, 베트남 원전 협력망 구축…닌투언2 수주 '교두보' 마련",0.38,1,0,https://www.pointdaily.co.kr/news/articleView.html?idxno=302697
2026-04-23,"이재명 대통령, 한-베트남 비즈니즈 참석 공급망 등 글로벌 위기 상황 ...",0.0,0,0,https://www.newsis.com/view/NISX20260423_0003604377
2026-04-23,"李대통령 ""베트남의 미래가 곧 한국의 미래""…이재용 ""실적으로 말하겠...",0.0,0,0,https://www.newspim.com/news/view/20260423001437
2026-04-23,"두산에너빌, 베트남 원전 선점 포석…현지 협력망 구축",0.0,0,0,https://zdnet.co.kr/view/?no=20260423233037
2026-04-23,"최태원 ""베트남, 함께 미래 만들 파트너…더 과감하게 협력해야""",0.0,0,0,https://zdnet.co.kr/view/?no=20260423232534
2026-04-23,"두산에너빌리티, 베트남 원전 '입구' 열었다… 닌투언2 수주전 교두보 ...",0.38,1,0,http://www.newsroad.co.kr/news/articleView.html?idxno=58436
2026-04-23,한-베트남 정상회담 계기 1200억 규모 수출계약 성사,0.0,0,0,http://www.edaily.co.kr/news/newspath.asp?newsid=07832646645419072
2026-04-23,"두산에너빌리티, 베트남 신규원전 참여 교두보 마련",0.0,0,0,https://www.newspim.com/news/view/20260423001436
2026-04-23,"두산에너빌리티, 베트남 신규 원전 협력 강화… 공급망 구축 본격화",0.0,0,0,https://biz.chosun.com/industry/company/2026/04/23/ENDHGOQMSZHMLMSDBBTVUIDV4Q/?utm_source=naver&utm_medium=original&utm_campaign=biz
2026-04-23,'한-베트남 비즈니스 포럼'서 AI·에너지 협력 확대…SK·두산 등 MOU,0.0,0,0,https://www.newspim.com/news/view/20260423001432
2026-04-23,[Gov & Now] 한·베 '미래 동맹' 시동…AI·에너지·첨단산업 70건 협력 '...,0.0,0,0,https://www.ebn.co.kr/news/articleView.html?idxno=1706473
2026-04-23,"李대통령 "" 베트남, 세계적 제조거점…韓첨단기술과 결합, 미래 생태계...",0.0,0,0,https://www.mt.co.kr/politics/2026/04/23/2026042319344095441
2026-04-23,"이 대통령 ""한·베트남 미래 첨단산업 씨앗 함께 뿌려야""…비즈니스 포...",0.0,0,0,https://www.newsis.com/view/NISX20260423_0003604350
2026-04-23,"코스피, 반도체주 강세로 6,470선 마감…사상 최고치 경신",0.322,1,0,https://www.tokenpost.kr/news/market/352633
2026-04-23,삼성전자·현대차·SK·LG·롯데·포스코 등 '한-베트남 비즈 포럼' 참석...,0.0,0,0,https://www.getnews.co.kr/news/articleView.html?idxno=868552
2026-04-23,"한·베트남, 제조업 넘어 'N.E.X.T.' 협력",0.0,0,0,https://www.etnews.com/20260423000481
2026-04-23,"박지원 두산에너빌 회장 “팀코리아, UAE·체코 원전으로 경쟁력 입증 ”",0.0,0,0,https://www.sedaily.com/article/20036231?ref=naver
2026-04-23,"이 대통령 ""불확실성 커진 글로벌 경제…한·베트남 경제협력 어느 때보...",0.0,0,0,https://www.newscj.com/news/articleView.html?idxno=3396063
2026-04-23,"한·베 비즈 포럼서 기업 간 MOU 74건 쏟아져…김용범 ""교역 2000억 달러...",0.0,0,0,https://view.asiae.co.kr/article/2026042322281506883
2026-04-23,"李, 베트남 새 지도부 연쇄 회동… ‘홍강의 기적’ 파트너십 시동",0.0,0,0,https://www.segye.com/newsView/20260423520628?OutUrl=naver
2026-04-23,"[종합] 한·베, 제조 넘어 ‘AI·에너지 동맹’으로…70건 MOU로 협력 축...",0.0,0,0,https://www.etoday.co.kr/news/view/2578700
2026-04-23,"韓·베트남, 첨단산업 공급망 협력…원전 등 73건 MOU",0.0,0,0,https://www.hankyung.com/article/2026042330561
2026-04-23,"'李경제외교' 이재용 ""실적""·최태원 ""신뢰 파트너""·구광모 ""질적 발전...",0.0,0,0,http://www.fnnews.com/news/202604231849017721
2026-04-23,"'李 경제외교'재계 총수 하노이 총출동…""홍강서 새 기적""",0.0,0,0,http://www.fnnews.com/news/202604232128156057
2026-04-23,"李대통령 ""베트남이 곧 한국의 미래""…이재용 ""베트남 성공이 삼성 성공...",0.0,0,0,https://www.news1.kr/politics/president/6147355
2026-04-23,한·베 경제협력 ‘제조→AI·에너지’ 전환…70건 MOU로 미래산업 속도,0.0,0,0,https://www.etoday.co.kr/news/view/2578698
2026-04-23,"두산에너빌리티, 베트남 PVN 자회사와 원전 기자재·건설 공급망 협약",0.0,0,0,https://daily.hankooki.com/news/articleView.html?idxno=1361164
2026-04-23,"'韓-베트남 비즈니스 포럼' 개최…""가장 중요한 글로벌 파트너""",0.0,0,0,https://www.mt.co.kr/industry/2026/04/23/2026042322174729308
2026-04-23,한-베트남 비즈니스 포럼…첨단인력·에너지 등 경협 모색,0.0,0,0,https://www.yna.co.kr/view/AKR20260423163700003?input=1195m
2026-04-23,한·베 비즈니스 포럼 개최…이재용·최태원·구광모·신동빈 총출동,0.0,0,0,https://news.tf.co.kr/read/economy/2316701.htm
2026-04-23,"두산, 베트남에 ‘K원전’ 수출 교두보…철도 뚫은 현대로템",0.0,0,0,https://www.etoday.co.kr/news/view/2578525
2026-04-23,"박지원 두산에너빌리티 회장, 베트남서 원전 세일즈 성과…""공급망 진입...",0.38,1,0,https://www.newsis.com/view/NISX20260423_0003603983
2026-04-23,베트남서 판 키우는 한국 기업들…원전·철도·배터리소재까지,0.0,0,0,https://www.etoday.co.kr/news/view/2578538
2026-04-23,"두산에너빌리티, 베트남 신규원전 교두보 구축…닌투언2 정조준",0.0,0,0,https://www.electimes.com/news/articleView.html?idxno=367358
2026-04-23,"박지원, '베트남 세일즈' 발로 뛴다…두산에너빌 원전 협력 속도",0.38,1,0,https://www.asiatoday.co.kr/view.php?key=20260423010007557
2026-04-23,"이재용 ""기업인 실적으로 말해야""…구광모 ""질적인 면도 발전하길""(종합...",0.0,0,0,https://www.ajunews.com/view/20260423222305075
2026-04-23,"한-베트남, 원전·AI·에너지 미래 협력 본격화...SK·두산·포스코·대한...",0.0,0,0,https://www.ajunews.com/view/20260423221600069
2026-04-23,"""제조업 넘어 N.E.X.T로 나간다""…한-베트남, 미래 공동번영 모색",0.0,0,0,https://www.youthdaily.co.kr/news/article.html?no=218024
2026-04-23,"한·베트남 총수 '총출동'…이 대통령 ""첨단산업 씨앗 함께 뿌려야""",0.0,0,0,http://www.newstomato.com/ReadNews.aspx?no=1298980&inflow=N
2026-04-23,"두산에너빌리티, 베트남 신규원전 참여 위한 교두보 마련",0.0,0,0,https://www.mt.co.kr/industry/2026/04/23/2026042314242753966
2026-04-23,李대통령 “원전·교통·금융 협력 강화…홍강의 기적 함께 만들자”,0.0,0,0,https://www.sedaily.com/article/20036399?ref=naver
2026-04-23,李 “반도체·전기차 등 첨단산업 협력 과감히 넓히자”,0.322,1,0,https://www.sedaily.com/article/20036494?ref=naver
2026-04-23,"韓기업들, 李 순방 계기로 베트남과 8200만불 규모 수출계약 달성",0.0,0,0,https://www.newsis.com/view/NISX20260423_0003604371
2026-04-23,"李 ""글로벌 불확실성 위기…한-베트남 경제 협력 더욱 중요""",0.0,0,0,http://www.inews24.com/view/1963057
2026-04-23,"""베트남 원전 협력, UAE 신화 이을 것""",0.0,0,0,http://www.fnnews.com/news/202604231830328444
2026-04-23,"박지원 두산에너빌리티 회장 ""팀코리아, 베트남에서도 결실 맺겠다""(종...",0.0,0,0,http://www.fnnews.com/news/202604231350537428
2026-04-23,"박지원 두산에너빌리티 회장, 베트남 신규원전 참여 '진두지휘'",0.0,0,0,http://www.edaily.co.kr/news/newspath.asp?newsid=07583366645419072
2026-04-23,한-베트남 협력 '제조→첨단' 전환…8200만달러 수출·73건 MOU 성과,0.0,0,0,https://www.ebn.co.kr/news/articleView.html?idxno=1706469
2026-04-23,"김용범 ""베트남, 한국이 원전 사업에 참여해줬으면 하는 의지 강해…파...",0.0,0,0,https://www.newsis.com/view/NISX20260423_0003604370
2026-04-23,이재용 “베트남의 성공은 삼성의 성공”…최태원 “베트남 AI 산업에 기...,0.0,0,0,https://www.sedaily.com/article/20036492?ref=naver
2026-04-23,"두산에너빌, 베트남 신규 원전 참여 교두보 확보...박지원 회장 진두지...",0.0,0,0,https://www.ajunews.com/view/20260423143633383
2026-04-23,"‘한-베트남 비즈니스 포럼’ 개최, AI·에너지 협력 확대…SK·두산 등...",0.0,0,0,https://biz.chosun.com/industry/company/2026/04/23/BDOXPZW4TBGOHK7QJOCU5Q6UHE/?utm_source=naver&utm_medium=original&utm_campaign=biz
2026-04-23,"K-원전·인프라·에너지, 베트남 교두보로 글로벌 사우스 공략 속도↑",0.0,0,0,https://www.ajunews.com/view/20260423152926540
2026-04-23,"李대통령 ""한-베트남 미래 첨단산업 씨앗 함께 뿌리자""",0.0,0,0,https://www.shinailbo.co.kr/news/articleView.html?idxno=5014582
2026-04-23,베트남 찾은 재계 총수들…제조업 넘어 AI·에너지 동맹 확대,0.0,0,0,http://www.edaily.co.kr/news/newspath.asp?newsid=07557126645419072
2026-04-23,"박지원 두산에너빌리티 회장 ""베트남 신규원전 참여 위해 민관 합심""",0.0,0,0,https://www.news1.kr/industry/general-industry/6146540
2026-04-23,한·베트남 총수들 '총출동'…SK·포스코·두산 등 경제협약 70여건 체결,0.0,0,0,https://view.asiae.co.kr/article/2026042317562773121
2026-04-23,"""베트남 질적 성장 돕겠다""…韓기업들, AI 등 협력 방안 제시",0.322,1,0,http://www.edaily.co.kr/news/newspath.asp?newsid=07507926645419072
2026-04-23,"한-베트남, 제조업 넘어 'N.E.X.T.'로…미래 공동번영 모색",0.0,0,0,https://www.news1.kr/industry/general-industry/6147337
2026-04-23,"SK, 베트남에 AI데이터센터 짓는다…포스코는 배터리 소재 공장",0.0,0,0,https://www.hani.co.kr/arti/economy/economy_general/1255656.html
2026-04-23,"대한상의, '한-베트남 비즈니스 포럼' 개최…최태원·이재용·구광모 참...",0.0,0,0,https://www.newsis.com/view/NISX20260423_0003604177
2026-04-23,한·베트남 기업 MOU 70여 건...AI·원전·이차전지 협력 확대,0.0,0,0,https://www.hankookilbo.com/news/article/A2026042315510001534?did=NA
2026-04-23,"한-베 비즈니스 포럼, AI·에너지서 계약 70건",0.0,0,0,https://www.sedaily.com/article/20036488?ref=naver
2026-04-23,"두산에너빌리티, 베트남 신규원전 참여 교두보 마련...공급망 구축 본격...",0.0,0,0,https://www.mk.co.kr/article/12025793
2026-04-23,"이 대통령 ""베트남 '홍강의 기적' 함께 만들자""... 현지 원전사업 참여...",0.0,0,0,https://www.hankookilbo.com/news/article/A2026042301360002420?did=NA
2026-04-23,원전·철도·배터리... 베트남 시장 공략 속도 내는 기업들,0.0,0,0,https://www.hankookilbo.com/news/article/A2026042318100000445?did=NA
2026-04-23,"한-베트남, 미래 공동 번영 모색…제조업 넘어 'NEXT'로",0.0,0,0,https://www.nocutnews.co.kr/news/6507280?utm_source=naver&utm_medium=article&utm_campaign=20260423100056
2026-04-23,李 대통령 “첨단산업 씨앗 함께 뿌려야”…베트남 총리 “질적 성장 전...,0.322,1,0,https://www.sedaily.com/article/20036489?ref=naver
2026-04-23,李대통령 “에너지 분야 협력 무궁무진”…이재용·최태원 총출동 한·...,0.0,0,0,https://www.seoul.co.kr/news/politics/2026/04/23/20260423500295?wlog_tag3=naver
2026-04-23,"이재용 ""베트남 성공이 삼성 성공"" 최태원 ""베트남 AI 산업에 기여""",0.0,0,0,https://www.news1.kr/politics/president/6147331
2026-04-23,"李 “韓·베트남, 함께 파도 헤쳐가자“...이재용 “실적으로 말하겠다...",0.0,0,0,https://www.chosun.com/politics/politics_general/2026/04/23/Z5OR4RMBKBHSXCY6NDVEAXQZCQ/?utm_source=naver&utm_medium=referral&utm_campaign=naver-news
2026-04-23,"李 대통령 ""베트남의 미래가 곧 한국의 미래""…3대 협력방향 제시",0.0,0,0,https://news.tf.co.kr/read/ptoday/2316699.htm
2026-04-27,[주간수급리포트] 외국인 1.8조 ‘팔자’…코스피 고점서 삼전·하이닉...,0.0,0,0,https://www.etoday.co.kr/news/view/2579142
2026-04-27,어닝시즌에 또 최고치?… 변수는 美FOMC,0.0,0,0,https://www.mt.co.kr/stock/2026/04/27/2026042620032327546
2026-04-27,"[주간증시전망] '최고점' 코스피, 중동 변수 속 어닝슈퍼위크 맞아 '시험...",0.0,0,0,https://www.seoulfn.com/news/articleView.html?idxno=627426
2026-04-27,두산에너빌리티 연속 상승 후 흐름은?…지난장 일부 해외 원전주 조정 ...,0.537,2,0,https://www.cbci.co.kr/news/articleView.html?idxno=570329
2026-04-27,"두산로보틱스 박인원, 로봇王이 되거나 혹은...",0.0,0,0,http://www.fntimes.com/html/view.php?ud=202604241432131963dd55077bc2_18
2026-04-26,"중앙대 최종원 교수, 과기부 장관 표창",0.0,0,0,https://www.naeil.com/news/read/586775?ref=naver
2026-04-26,"창원 기업, 베트남 철도·원전 인프라 시장 진출",0.38,1,0,http://www.knnews.co.kr/news/articleView.php?idxno=1540302
2026-04-26,"두산에너빌리티, 베트남 신규 원전 참여 교두보 마련",0.0,0,0,https://www.gnnews.co.kr/news/articleView.html?idxno=635726
2026-04-26,2026년 경남 청소년 꿈 캠프 참가자 모집,0.0,0,0,http://www.gndomin.com/news/articleView.html?idxno=473550
2026-04-26,"[공기업 지면용] 26조 원 한국 원전, 유럽 현장 검증 받았다",0.0,0,0,https://www.g-enews.com/view.php?ud=20260424133543595a9fc143920_1
2026-04-26,'경남 청소년 꿈 캠프' 참가자 모집…5월 15일까지,0.0,0,0,https://www.newsgn.com/news/articleView.html?idxno=548774
2026-04-26,개미 이달 14.8조 ‘팔자’…월간 역대 최대 순매도 경신할듯,0.0,0,0,https://www.sedaily.com/article/20037233?ref=naver
2026-04-26,수수료 없고 MTS도 간편…국내주식 거래 ‘메기’ 된 온라인證,0.0,0,0,https://www.sedaily.com/article/20037223?ref=naver
2026-04-26,네카오 밀어낸 LS그룹 '톱10' 진입…HD현대·한화·두산도 질주,0.0,0,0,https://www.hankyung.com/article/2026042674421
2026-04-26,'삼전' 다음으로 많이 샀다…외국인 1조 베팅한 'K굴뚝주',0.0,0,0,https://www.hankyung.com/article/2026042675001
2026-04-26,현대차·두산에너빌…자산가들 집중 매수,0.0,0,0,https://www.hankyung.com/article/2026042673791
2026-04-26,코스피 6500선 첫 돌파…코스닥도 25년 만에 1200선 회복,0.261,1,0,https://www.megaeconomy.co.kr/news/newsview.php?ncode=1065590358558335
2026-04-26,시총 순위 바뀌니 산업 흐름 드러나…반도체·전력 뜨고 바이오·금융 밀...,0.0,0,0,https://biz.heraldcorp.com/article/10725166?ref=naver
2026-04-26,중동發 에너지 전환 가속…원전·재생e 수출 기회 증가할까,0.0,0,0,https://www.newsis.com/view/NISX20260426_0003606394
2026-04-26,"실적이 이끄는 국내 증시, 전고점 또 넘을까?…美 FOMC 주목",0.0,0,0,https://www.mt.co.kr/stock/2026/04/27/2026042611232474278
2026-04-26,"경남도, 청소년 꿈 캠프 운영…우주항공·방산기업서 '1일 체험캠프'",0.0,0,0,https://www.siminilbo.co.kr/news/newsview.php?ncode=1160274770437970
2026-04-26,코스피 최고가 랠리에도 개미는 14조 ‘팔자’…역대 최대 순매도 기록...,0.0,0,0,https://www.segye.com/newsView/20260426506901?OutUrl=naver
2026-04-26,"'반도체' 이을 다음 주도주는?…""이·태·원""↔""피지컬AI""",0.0,0,0,https://news.tvchosun.com/site/data/html_dir/2026/04/26/2026042690039.html
2026-04-26,외국인‧기관 '팔자→사자' 반전…개인은 14조 역대 최고 순매도,0.0,0,0,https://www.ajunews.com/view/20260426140337821
2026-04-26,[인터뷰] 우즈만 페르미 뉴클리어 대표 “한국 원전 업계의 강점은 기술...,0.38,1,0,https://biz.chosun.com/industry/company/2026/04/26/VAS7CJ4TG5CP3L4DALK5GIRQ4Q/?utm_source=naver&utm_medium=original&utm_campaign=biz
2026-04-26,"페르미 대표 “韓 기업의 책임감 있는 직업윤리, 美로 가져오고 싶다”",0.0,0,0,https://www.chosun.com/economy/industry-company/2026/04/26/4QTIIAPZDREYFJISZPSZQDBBSA/?utm_source=naver&utm_medium=referral&utm_campaign=naver-news
2026-04-26,기관 'HD현대중공업'·외인 '두산에너빌리티'·개인 '현대차' 1위 [주간 ...,0.0,0,0,http://www.fntimes.com/html/view.php?ud=202604241849254245179ad43907_18
2026-04-26,[주간 유통 나침반] 홈플러스 SSM 매각·CU 파업·전분당 담합·쿠팡 논...,0.0,0,0,https://www.joongangenews.com/news/articleView.html?idxno=514536
2026-04-26,현대차·두산에너빌 담은 초고수…의외의 '1위' 정체는?,0.0,0,0,https://www.hankyung.com/article/202604266929i
2026-04-26,코스피 6500 돌파에도 개미는 ‘팔자’…역대 최대 순매도 경신할까 [마...,0.261,1,0,https://www.sedaily.com/article/20037122?ref=naver
2026-04-26,"중동 긴장 속 코스피, 6,500선 돌파하며 강세 지속",0.537,2,0,https://www.tokenpost.kr/news/market/353455
2026-04-26,[김수현의 상한가] 미-이란 전쟁 보다 실적이 우선…코스피 최고가 또 ...,0.462,1,0,https://www.joongangenews.com/news/articleView.html?idxno=514759
2026-04-26,베트남서 '팀코리아' 깃발은 들었지만…시공사 선정은 안갯속,0.0,0,0,https://news.einfomax.co.kr/news/articleView.html?idxno=4411692
2026-04-26,"""가장 위험한 발전원?"" ""폐쇄는 엄청난 실수였다""…전쟁이 드러낸 '원전...",0.0,0,0,https://view.asiae.co.kr/article/2026042318244316505
2026-04-26,[주간 산업 나침반] 현대차·삼성 노사 갈등 확산...李 대통령 순방에 인...,0.0,0,0,https://www.joongangenews.com/news/articleView.html?idxno=514618
2026-04-26,"[증시전망대] 이란 리스크 속 '슈퍼위크' 돌입…코스피, 7천 향한 숨 고...",0.0,0,0,http://www.newsroad.co.kr/news/articleView.html?idxno=58533
2026-04-26,"두산, 본업 확장과 시너지로 재평가 시작됐다",0.537,2,0,https://www.pinpointnews.co.kr/news/articleView.html?idxno=448606
2026-04-26,[마켓인사이트] 이란 사태속에 맞은 '슈퍼위크'…韓증시 향방은,0.0,0,0,https://www.yna.co.kr/view/AKR20260424172400008?input=1195m
2026-04-26,개미가 쓴 코스피 새 기록…일주일 새 2.4조 순매수,0.0,0,0,https://www.bloter.net/news/articleView.html?idxno=660552
2026-04-26,"두산에너빌리티·우리기술 엇갈린 흐름…원전주, 종목별 희비 속 방향 ...",0.261,1,0,https://www.cbci.co.kr/news/articleView.html?idxno=570164
2026-04-25,"[돈이 보이는 경제] '반도체' 이을 다음 주도주는?…""이·태·원""↔""피지...",0.0,0,0,https://news.tvchosun.com/site/data/html_dir/2026/04/25/2026042590128.html
2026-04-25,"철도 깔고 원전 세우고…韓, 베트남 인프라 공략 '속도'",0.0,0,0,https://www.newsway.co.kr/news/view?ud=2026042412423930302
2026-04-25,"""베트남 신규원전 협력 기반 강화"" 두산에너빌리티, PTSC·페트로콘스와...",0.0,0,0,http://www.economytalk.kr/news/articleView.html?idxno=420855
2026-04-25,[주간 거래소 외국인] 두산에너빌리티 이수페타시스 효성중공업 사고 삼...,0.0,0,0,https://www.pinpointnews.co.kr/news/articleView.html?idxno=448480
2026-04-25,[주간 거래소 기관] HD현대중공업 삼성전자 LG에너지솔루션 LG이노텍 쓸...,0.0,0,0,https://www.pinpointnews.co.kr/news/articleView.html?idxno=448479
2026-04-25,"韓 발전·전력기기, 베트남 시장 주목…MOU '러시'",0.0,0,0,https://www.sisaon.co.kr/news/articleView.html?idxno=200567
2026-04-25,"두산에너빌리티, 베트남 신규원전 참여 위한 교두보 마련",0.0,0,0,https://www.segye.com/newsView/20260424506873?OutUrl=naver
2026-04-25,[美증시 특징주] 모듈원자로 X에너지 상장 첫날 27% 급등...두산에너빌 ...,0.408,1,0,https://www.mediapen.com/news/view/1095564
2026-04-25,‘AI변압기’ 효성重 1년새 주가 8배로… 메타는 “내달 8000명 해고”,0.0,0,0,https://www.donga.com/news/Economy/article/all/20260425/133810079/2
2026-04-25,베트남 영토 넓히는 韓기업… 데이터센터-전력망-원전 투자 속도,0.0,0,0,https://www.donga.com/news/Economy/article/all/20260424/133810117/2
2026-04-25,하청 기지서 AI 파트너로 베트남의 위상 달라졌다,0.0,0,0,https://www.chosun.com/economy/industry-company/2026/04/25/VH3WNJLZNRH2HGNY6YMAZASJFY/?utm_source=naver&utm_medium=referral&utm_campaign=naver-news
2026-04-25,우리기술 주가 연속 강세 못 이었다…주말 앞두고 원전주 '엇갈린 흐름...,0.322,2,1,https://www.cbci.co.kr/news/articleView.html?idxno=570105
2026-04-25,"두산에너빌리티, 주말 앞두고 또 신고가…'12만빌리티' 도달 이후에도 ...",0.8,3,0,https://www.cbci.co.kr/news/articleView.html?idxno=570101
2026-04-28,한-베 비즈니스 포럼 개최…8200만 달러 수출계약 '역대 최대',0.0,0,0,http://www.ferrotimes.com/news/articleView.html?idxno=47650
2026-04-28,육천피의 숨은 주인공...반도체보다 더 뛴 '이 업종',0.261,1,0,http://www.fnnews.com/news/202604271706371206
2026-04-28,대기업-투자사-창업 청년 한자리 모인다,0.322,1,0,https://www.donga.com/news/Society/article/all/20260427/133821721/2
2026-04-28,"두산에너빌리티 주가 장중 '13만빌리티' 도달, 연속 강세흐름…코스피도...",0.537,2,0,https://www.cbci.co.kr/news/articleView.html?idxno=570566
2026-04-27,‘창원 액화수소플랜트’ 정상화 모색… 올해 한시적 판매 추진,0.0,0,0,http://www.knnews.co.kr/news/articleView.php?idxno=1540421
2026-04-27,"코스피, 사상 최고치 마감...SK스퀘어, SK하이닉스 상승 VS LG에너지솔루...",0.261,1,0,http://www.econonews.co.kr/news/articleView.html?idxno=436872
2026-04-27,[헬로스톡] 4/27 주목할 종목 : DL이앤씨·한화엔진·현대모비스·효성중...,0.0,0,0,https://www.hellot.net/news/article.html?no=112327
2026-04-27,삼전닉스 외 대안은 건설·원전·바이오,0.0,0,0,https://www.mk.co.kr/article/12026399
2026-04-27,"[마감] 우리금융지주, 1분기 실적 실망감 '급락'...한미반도체, 곽동신 ...",-0.165,1,1,https://www.asiatime.co.kr/article/20260427500438
2026-04-27,중동긴장 완화·반도체 활황 ‘겹호재’ 신고가,0.645,2,0,http://www.kookje.co.kr/news2011/asp/newsbody.asp?code=0200&key=20260428.22008007725
2026-04-27,[베트남 주간 이슈] 메가 프로젝트 훈풍 속 고유가·공항 인력난…베트...,0.38,1,0,https://www.insidevina.com/news/articleView.html?idxno=43054
2026-04-27,창원 액화수소설비 올해 정상 가동 움직임,0.0,0,0,https://www.idomin.com/news/articleView.html?idxno=2004513
2026-04-27,"[마감] 코스피, 역대 최고치... 6600선 돌파",0.261,1,0,https://mdtoday.co.kr/news/view/1065604847472439
2026-04-27,코스피 6600선 돌파…외국인 귀환에 '사상 최고',0.488,2,0,https://www.daejonilbo.com/news/articleView.html?idxno=2271857
2026-04-27,"외국인‧기관 쌍끌이 매수에 코스피, 사상 최고치…반도체‧전력 강세",0.537,2,0,https://www.thepublic.kr/news/articleView.html?idxno=302698
2026-04-27,사설-경남 SMR산업 활성화 기대된다,0.0,0,0,http://www.gndomin.com/news/articleView.html?idxno=473791
2026-04-27,"""AI로 1분만에 엔진·반도체 시뮬레이션""",0.0,0,0,https://www.mk.co.kr/article/12028652
2026-04-27,사상 첫 '버핏지수' 200% 뚫었다…한국 증시 폭주에 '환호',0.716,2,0,https://www.hankyung.com/article/2026042702601
2026-04-27,"""삼성전자 파업 상상 못해""…산업통상부 장관, 노사에 '신중' 촉구",0.0,0,0,http://www.inews24.com/view/1963935
2026-04-27,[대한민국 100대 CEO] 박지원 두산에너빌리티 회장 | ‘국산 터빈’ 성과...,0.0,0,0,https://www.mk.co.kr/article/12028612
2026-04-27,불뿜는 코스피 사상 첫 6600선 돌파...증시 시총도 6000조원 넘어,-0.067,1,1,https://www.newsinside.kr/news/articleView.html?idxno=4628005
2026-04-27,[대한민국 100대 CEO] 박정원 두산그룹 회장 | 에너지·첨단 사업으로 글...,0.38,1,0,https://www.mk.co.kr/article/12028606
2026-04-27,코스피 6600선 첫 돌파…시총 합계 '6000조원 시대' 열렸다,0.488,2,0,https://www.jnilbo.com/news/articleView.html?idxno=90000032154
2026-04-27,"코스피, 사상 첫 6600고지 돌파...중동 리스크 완화· IT기업 호실적 기...",0.732,3,1,https://www.livebiz.today/news/articleView.html?idxno=201813
2026-04-27,코스피 사상 첫 6600 돌파… 반도체 강세 속 외인·기관 '쌍끌이',0.261,3,2,https://www.hidomin.com/news/articleView.html?idxno=703102
2026-04-27,"[stock-in] 효성중공업, 주가 400만원 돌파…액면분할 기대는 '글쎄'",0.261,1,0,https://daily.hankooki.com/news/articleView.html?idxno=1362026
2026-04-27,주도주 실적 발표 쏟아진다…실적 모멘텀 주목할 때,0.322,1,0,https://www.mt.co.kr/stock/2026/04/27/2026042716505057785
2026-04-27,코스피 6600ㆍ코스닥 1200  돌파...각각 사상 최고치 경신,0.261,2,1,http://www.newsfc.co.kr/news/articleView.html?idxno=78346
2026-04-27,트럼프 총격에도 코스피 '랠리'…반도체 강세 지속,0.537,2,0,http://www.newstomato.com/ReadNews.aspx?no=1299256&inflow=N
2026-04-27,"'무서운 질주' 코스피, 6,600고지 돌파... 중동위기 완화와 실적 기대감...",0.488,2,0,https://www.getnews.co.kr/news/articleView.html?idxno=868778
2026-04-27,"코스피, 6600선 돌파… '사상 최고치' 경신",0.537,2,0,https://www.s-journal.co.kr/news/articleView.html?idxno=40875
2026-04-27,"코스피, 종가 기준 첫 6600선 돌파…6615.03 마감",0.261,1,0,http://www.hansbiz.co.kr/news/articleView.html?idxno=835551
2026-04-27,"코스피, 6600선 마감…국내 증시 시총 첫 6000조원",0.261,1,0,https://www.kfenews.co.kr/news/articleView.html?idxno=657372
2026-04-27,코스피 '6600고지' 돌파… 사상 최고치 경신,0.261,1,0,https://www.newscj.com/news/articleView.html?idxno=3396738
2026-04-27,"코스피, 중동 리스크 완화·실적 기대에 6600선 첫 돌파",0.261,2,1,https://www.goodkyung.com/news/articleView.html?idxno=286378
2026-04-27,"코스피, 중동 리스크 완화·실적 기대에 최고치···6600 돌파",0.261,2,1,https://www.ziksir.com/news/articleView.html?idxno=132201
2026-04-27,"외국인·기관 '쌍끌이', 코스피 6600도 뚫었다···반도체·철강 강세",0.537,2,0,https://www.seoulfn.com/news/articleView.html?idxno=627523
2026-04-27,"코스피, 6615 또 최고치… 시총 첫 6000조 시대",0.0,1,1,https://it.chosun.com/news/articleView.html?idxno=2023092161092
2026-04-27,"우리기술, 2만3150원 마감…두산에너빌리티 계약기간 연장 공시",0.0,0,0,https://www.cbci.co.kr/news/articleView.html?idxno=570556
2026-04-27,"코스피, 사상 첫 6600선 돌파 6615.03 마감-국내 증시 시총 6100조 넘어",0.537,2,0,http://www.techholic.co.kr/news/articleView.html?idxno=220978
2026-04-27,코스피 또 새역사 썼다…외인·기관 쌍끌이 속 6600선 돌파,0.261,1,0,https://www.econovill.com/news/articleView.html?idxno=738810
2026-04-27,코스피 6600 돌파 '사상 최고치'···글로벌 반도체 랠리 타고 시총 6천...,0.488,2,0,https://www.smartbizn.com/news/articleView.html?idxno=142705
2026-04-27,"두산에너빌리티, 글로벌 원전 확대 속 생산능력 기반 수주 경쟁력 강화",0.38,1,0,http://www.metroseoul.co.kr/article/20260427500406
2026-04-27,"코스피 사상 첫 6615 마감, 역대 최고치 경신…'7000피' 눈앞",0.0,1,1,https://www.industrynews.co.kr/news/articleView.html?idxno=80476
2026-04-27,"[마감시황] 코스피, 6615.03으로 마감…반도체 강세에 2.15% 상승",0.537,2,0,https://www.seoul.co.kr/news/economy/securities/2026/04/27/20260427500213?wlog_tag3=naver
2026-04-27,"[종합] 코스피, 사상 첫 '6600선' 고지 정복…日닛케이도 '6만선' 돌파",0.261,2,1,https://www.newsworks.co.kr/news/articleView.html?idxno=839128
2026-04-27,"코스피, 반도체 쌍끌이에 사상 첫 6600 돌파...외인·기관 2조 순매수",0.261,1,0,http://www.opinionnews.co.kr/news/articleView.html?idxno=137468
2026-04-27,"두산에너빌리티, 대형 원전 수주 확대…AI 전력 수요 수혜",0.625,2,0,http://www.popcornnews.net/news/articleView.html?idxno=119582
2026-04-27,"코스피, 사상 최초 6600선 마감…외인·기관 '쌍끌이'",0.0,0,0,https://news.tf.co.kr/read/economy/2317622.htm
2026-04-27,"'7000피' 넘보는 코스피, 사상 첫 6600선 돌파 마감",0.261,1,0,https://www.pointdaily.co.kr/news/articleView.html?idxno=303051
2026-04-27,"코스피, 중동 리스크 완화·실적 기대감에 최고치…6,600고지 돌파",0.488,2,0,https://www.delighti.co.kr/news/articleView.html?idxno=115723
2026-04-27,"코스피, 사상 첫 종가 6600 돌파…한국증시 '시총 6000조 시대' 진입",0.261,2,1,https://www.nextdaily.co.kr/news/articleView.html?idxno=248830
2026-04-27,"코스피, 또다시 사상 최고치 경신…'6600선 돌파 마감' 기염",0.747,3,0,https://www.financialpost.co.kr/news/articleView.html?idxno=256988
2026-04-27,[오늘증시]스피 또다시 사상 최고치 6600선 돌파…'칠천피' 눈앞에,0.261,1,0,http://www.queen.co.kr/news/articleView.html?idxno=455888
2026-04-27,"“칠천피 가나” 코스피, 6600선 돌파…SK하이닉스 장중 130만원 터치",0.488,2,0,https://www.ddaily.co.kr/page/view/2026042716233032369
2026-04-27,'전대미문 코스피' 6600 넘겼다…장중·종가 모두 '사상 최고치',-0.261,0,1,https://www.mediapen.com/news/view/1095863
2026-04-27,"""7천피도 눈앞""…코스피 6615 사상 최고치 재경신",0.261,1,0,https://www.ebn.co.kr/news/articleView.html?idxno=1706793
2026-04-27,"'파죽지세' 코스피, 6600도 돌파...반도체주·효성 '껑충'",0.488,2,0,http://www.choicenews.co.kr/news/articleView.html?idxno=164489
2026-04-27,"코스피, 종가로도 6600선 돌파…최고치 경신 랠리 [마감시황]",0.488,2,0,https://www.ekn.kr/web/view.php?key=20260427022160426
2026-04-27,코스피 사상 첫 6600선 터치…역대 최고치 경신,-0.067,1,1,https://www.dnews.co.kr/uhtml/view.jsp?idxno=202604271611295940836
2026-04-27,"[마감시황] 코스피, 139.40포인트 오른 6615.03 마감",0.322,1,0,https://www.lcnews.co.kr/news/articleView.html?idxno=201374
2026-04-27,코스피 6600선 첫 돌파…국내 증시 시총 6000조 시대 열었다,0.261,1,0,https://www.etnews.com/20260427000397
2026-04-27,6% 더 오르면 '칠천피'…코스피 6615.03 '최고치 마감'[시황종합],0.0,0,0,https://www.news1.kr/finance/general-stock/6150287
2026-04-27,[김지영의 생존투자] 400만원 엿보는 효성중공업… 황제주 랠리에 ETF도...,0.604,2,0,https://www.dt.co.kr/article/12059717?ref=naver
2026-04-27,"코스피, 사상 첫 6600선 돌파 마감…하이닉스 장중 '131만닉스'로 강세장...",0.261,2,1,http://www.seoulwire.com/news/articleView.html?idxno=719027
2026-04-27,"코스피, 중동 리스크 완화·실적 기대에 최고치…6,600고지 돌파(종합)",0.488,2,0,https://www.yna.co.kr/view/AKR20260427112451008?input=1195m
2026-04-27,"코스피, 6600선 돌파 '7천피'도 보인다",0.261,2,1,http://www.issuenbiz.com/news/articleView.html?idxno=76160
2026-04-27,코스피 '6600고지'도 돌파…K증시 시총 사상 첫 6000조원 돌파[마감시황...,0.261,1,0,https://www.newsway.co.kr/news/view?ud=2026042715471347130
2026-04-27,"‘파죽지세’ 코스피, 사상 최고치 6600선 돌파…‘7천피’ 넘본다",-0.322,1,2,https://www.etoday.co.kr/news/view/2579577
2026-04-27,"전쟁 면역력 높아진 증시, 6600선 뚫고 시총 6000조 돌파",0.261,1,0,https://news.bizwatch.co.kr/article/market/2026/04/27/0029
2026-04-27,‘7천피’ 시대 보인다…또 사상 최고치 뚫은 코스피 [마켓시그널],0.0,1,1,https://www.sedaily.com/article/20037635?ref=naver
2026-04-27,"코스피, 6610선 돌파…사상 최고치에 韓증시 시총 6100조[마감]",0.261,2,1,http://www.edaily.co.kr/news/newspath.asp?newsid=03939286645420384
2026-04-27,"'AI 붐'에 상승장 이끈 IT·전력기기株…""진짜는 2분기부터""(종합)",0.261,1,0,https://www.yna.co.kr/view/AKR20260427056351008?input=1195m
2026-04-27,"(마감시황) 코스피, 사상 첫 6,600선 돌파… 반도체 호실적에 ‘역대 최...",0.853,3,0,https://www.news2day.co.kr/article/20260427500173
2026-04-27,코스피 사상 첫 6600선 마감…반도체 랠리에 최고치 경신(종합),0.261,1,0,https://www.newsis.com/view/NISX20260427_0003608080
2026-04-27,코스피 6600선 뚫었다…최고치 행진에 ‘칠천피’ 가시권 [시황],0.0,0,0,https://www.dailian.co.kr/news/view/1638411/?sc=Naver
2026-04-27,[마감시황] 코스피 6600선 돌파…외국인·기관 매수에 2%대 상승,0.604,3,1,https://www.newspim.com/news/view/20260427001175
2026-04-27,"코스피, 사상 첫 6600선 돌파…반도체 폭등에 '질주'",0.261,2,1,https://www.digitaltoday.co.kr/news/articleView.html?idxno=660572
2026-04-27,K-증시 파죽지세…코스피 6600·SK하이닉스 130만 동시에 뚫었다,0.322,1,0,https://www.mt.co.kr/stock/2026/04/27/2026042715504657100
2026-04-27,실적 기대 업은 코스피 6600선 돌파 CPU시장 성장…SK하이닉스 6%↑,0.537,2,0,http://www.smedaily.co.kr/news/articleView.html?idxno=356216
2026-04-27,"[시황] '파죽지세' 코스피, 사상 첫 6600선 돌파 마감",0.488,2,0,http://www.newsdream.kr/news/articleView.html?idxno=111754
2026-04-27,"DL이앤씨, X-에너지 상장 수혜 기대…""SMR 시장 핵심 플레이어 부상 가능...",0.0,0,0,http://www.biztribune.co.kr/news/articleView.html?idxno=353133
2026-04-27,"""7천피도 보인다""···첫 6,600 고지 돌파한 코스피",0.488,2,0,https://dgmbc.com/NewsArticle/837424
2026-04-27,[마감 시황] '금리 슈퍼위크' 앞두고 코스피·코스닥 동반 상승,0.261,1,0,http://www.fieldnews.kr/news/articleView.html?idxno=28207
2026-04-27,코스피 2%대 급등하며 6600선 돌파 마감... SK하이닉스·SK스퀘어 강세,0.604,4,2,https://www.gukjenews.com/news/articleView.html?idxno=3567424
2026-04-27,[마감시황] 코스피 6600도 넘어섰다…외국인·기관 '쌍끌이'에 2%대 상승,0.261,1,0,https://www.ajunews.com/view/20260427152346075
2026-04-27,"[속보] 코스피, 사상 최고치 경신 마감…6600고지 돌파",0.261,1,0,https://www.mk.co.kr/article/12028402
2026-04-27,"울산과학대학교, 학생 진로 설계 및 직무 이해도 향상 위한 재학생 맞춤...",0.0,0,0,https://www.kyosu.net/news/articleView.html?idxno=204906
2026-04-27,"[특징주] 두산에너빌리티, X-energy 나스닥 안착에 강세…SMR 공급망 확대...",0.322,1,0,https://www.tokenpost.kr/news/economy/353715
2026-04-27,[특징주] SMR·배터리 업계 신사업 가시화… 글로벌 에너지 전환 가속화,0.0,0,0,https://www.newstnt.com/news/articleView.html?idxno=700247
2026-04-27,'130만닉스'가 견인한 코스피 6600선...외인·기관 '사자' [fn오후시황],0.0,0,0,http://www.fnnews.com/news/202604271336212579
2026-04-27,"코스피, 장 중 6650선 터치…기관·외국인 2조 쌍끌이[장중시황]",0.261,1,0,https://www.news1.kr/finance/general-stock/6150003
2026-04-27,"""130만닉스 터치"" 코스피 장중 6600 넘어...증시 시총 첫 6000조 돌파",0.537,2,0,https://www.mt.co.kr/stock/2026/04/27/2026042714105034136
2026-04-27,美-이란 협상 교착에도...일본증시 '장중 상승'·日 반도체주 '껑충',0.261,1,0,http://www.choicenews.co.kr/news/articleView.html?idxno=164486
2026-04-27,불기둥 韓증시…역대 최고치에 시총 6100조 돌파,0.488,2,0,http://www.edaily.co.kr/news/newspath.asp?newsid=03470246645420384
2026-04-27,"코스피, 장중 6600선 돌파 '또 신고가'...증시 시총 6000조원 시대",0.834,3,0,https://www.thepublic.kr/news/articleView.html?idxno=302583
2026-04-27,제조기지 넘어 에너지 허브로… 베트남에 꽂힌 'K-에너지',0.0,0,0,http://www.seoulwire.com/news/articleView.html?idxno=718927
2026-04-27,"코스피 6600선 돌파, 역대 최고치 경신…SK하이닉스 7% 급등 ‘130만닉스...",0.747,3,0,https://www.etoday.co.kr/news/view/2579487
2026-04-27,[종합] 부산 벡스코 달군 K-원전···수출 도약 신호탄 쐈다,0.38,1,0,https://www.pointe.co.kr/news/articleView.html?idxno=78853
2026-04-27,X-energy 상장 흥행에 두산에너빌 재평가…미국 SMR 공급망이 열린다,0.0,0,0,https://www.thepowernews.co.kr/view.php?ud=202604271334463136de3f0aa1be_7
2026-04-29,[오늘의 주요일정]경제(4월29일수요일),0.0,0,0,https://www.newsis.com/view/NISX20260428_0003608699
2026-04-29,"[오늘(29일)의 경제·산업 주요 일정·행사] 'LG전자, 2026년 1분기 경영...",0.0,0,0,http://www.popcornnews.net/news/articleView.html?idxno=119633
2026-04-29,[오늘의 주요일정]기후에너지환경부(4월29일수요일),0.0,0,0,https://www.newsis.com/view/NISX20260428_0003608783
2026-04-29,"경상남도, SMR 시험검사 지원센터 유치…글로벌 원전 제조 거점 도약",0.0,0,0,https://www.kukinews.com/article/view/kuk202604290011
2026-04-29,삼성전자와 SK하이닉스가 증명한 '130조 달러의 목적지'는 어디?,0.0,0,0,https://www.g-enews.com/view.php?ud=202604281745325147fbbec65dfb_1
2026-04-29,코스피 '삼전닉스' 독주 체제...시총 10위권 지형도 격변,0.322,1,0,https://www.pointdaily.co.kr/news/articleView.html?idxno=303211
2026-04-29,"“물 기술이 돈이 된다”… 29% 폭락한 수자원주, 지금 ‘이 3가지’ 확...",-0.261,1,1,https://www.g-enews.com/view.php?ud=202604281731408899fbbec65dfb_1
2026-04-29,트럼프도 인정한 터프가이… 삼성전자 노조에도 돌직구,0.0,0,0,https://www.kmib.co.kr/article/view.asp?arcid=1777367481&code=11151100&cp=nv
2026-04-29,AI·조선·방산 붐 타고… K엔진 화려한 부활,0.38,1,0,https://www.chosun.com/economy/industry-company/2026/04/29/6IQXDTLQ2JDZ7NTE35FJVVP2OY/?utm_source=naver&utm_medium=referral&utm_campaign=naver-news
2026-04-29,[시론] 산유국 아닌 산전국의 꿈,0.0,0,0,https://www.hankyung.com/article/2026042832911
2026-04-29,"우리기술, 하락하며 전일 강세 흐름 제동…다음 장 향방은?",0.067,1,1,https://www.cbci.co.kr/news/articleView.html?idxno=570833
2026-04-29,두산에너빌리티 소폭 약세 숨고르기…연속 강세 후 '일시정지' 다음장 ...,0.261,2,1,https://www.cbci.co.kr/news/articleView.html?idxno=570836
2026-04-28,"[주요공시] 앤로보틱스, SK바이오사이언스, 한국가스공사, SK하이닉스, ...",0.0,0,0,https://www.kdpress.co.kr/news/articleView.html?idxno=204790
2026-04-28,창원국가산단에 전국 첫 SMR 원스톱 인프라 구축,0.0,0,0,http://www.gnmaeil.com/news/articleView.html?idxno=585557
2026-04-28,K-원전·철도 베트남 진출…경남 주력 산업 ‘훈풍’,0.0,0,0,https://news.kbs.co.kr/news/pc/view/view.do?ncd=8548282&ref=A
2026-04-28,"경남도, SMR 제조 파운드리 거점 '탄력'",0.0,0,0,https://www.ulsanpress.net/news/articleView.html?idxno=574202
2026-04-28,“창원산단에 SMR 원스톱 생산거점 구축”,0.0,0,0,http://www.knnews.co.kr/news/articleView.php?idxno=1540540
2026-04-28,"코스피, 종가 기준 역대 최고치...현대차, SK스퀘어 상승 VS 한화에어로...",0.0,1,1,http://www.econonews.co.kr/news/articleView.html?idxno=436990
2026-04-28,"경남도, ""글로벌 SMR 제조 파운드리 구축 본격화""…SMR 거점 도약",0.0,0,0,http://www.enewstoday.co.kr/news/articleView.html?idxno=2424457
2026-04-28,두산에너빌리티 창원공장서 협력사 직원 사망…노동부 조사 착수,0.0,0,0,https://magazine.hankyung.com/business/article/202604283629b
2026-04-28,두산에너빌리티 창원 공장 협력사 직원 사망 사고 발생,0.0,0,0,https://www.ngetnews.com/news/articleView.html?idxno=550077
2026-04-28,"경남, 275억 규모 SMR 시험검사지원센터 유치",0.0,0,0,https://www.electimes.com/news/articleView.html?idxno=367502
2026-04-28,"코스피, 파죽지세…장중 6천700 돌파",0.261,1,0,https://www.ccdn.co.kr/news/articleView.html?idxno=1076050
2026-04-28,외국인 시총 첫 2천兆… 반도체 랠리에 뭉칫돈 [몸집 커진 한국 증시],0.261,1,0,http://www.fnnews.com/news/202604281840293564
2026-04-28,"두산에너빌리티 ""유가족에 위로...비극 되풀이되지 않을 것""",0.0,0,0,http://www.fnnews.com/news/202604281839222070
2026-04-28,"275억 SMR 부품검사센터, 창원 국가산단에 들어선다",0.0,0,0,https://www.hankyung.com/article/2026042830971
2026-04-28,"두산에너빌리티, 창원 원자력 공장 중대재해 발생…1명 사망",0.0,0,0,https://www.viva100.com/article/20260428501123
2026-04-28,두산에너빌리티 창원공장서 협력사 직원 사망…중대재해법 위반 여부 조...,0.0,0,0,https://www.pointdaily.co.kr/news/articleView.html?idxno=303247
2026-04-28,"두산에너빌리티, 창원 공장서 협력사 직원 사망…""재발 방지 대책 마련...",0.0,0,0,http://www.edaily.co.kr/news/newspath.asp?newsid=05310326645420712
2026-04-28,"두산에너빌리티, 증설 공사 중 사망자 발생",0.0,0,0,https://biz.sbs.co.kr/article_hub/20000307312?division=NAVER
2026-04-28,"코스피, 장중 6,700선 첫 돌파…이틀 연속 사상 최고치 경신",-0.067,2,2,https://www.goodkyung.com/news/articleView.html?idxno=286431
2026-04-28,"두산에너빌리티, 창원 공장 중대재해…작업 중 판넬 전도로 1명 사망",0.0,0,0,http://www.popcornnews.net/news/articleView.html?idxno=119773
2026-04-28,경남도 글로벌 SMR 제조 파운드리 구축 본격화,0.0,0,0,http://www.gndomin.com/news/articleView.html?idxno=473999
2026-04-28,코스피 6700 터치…반도체 힘에 글로벌 시총 순위 '8위'로,0.0,1,1,https://www.industrynews.co.kr/news/articleView.html?idxno=80536
2026-04-28,두산에너빌리티 창원 공장서 협력사 직원 사망 사고… “재발 방지 대책...,0.0,0,0,https://biz.chosun.com/industry/company/2026/04/28/YKQLVCQBEFCCRE6YIEVD2ISQM4/?utm_source=naver&utm_medium=original&utm_campaign=biz
2026-04-28,두산에너빌리티 창원 공장서 중대재해…작업자 1명 사망,0.0,0,0,https://www.bloter.net/news/articleView.html?idxno=660813
2026-04-28,"두산에너빌리티, 창원 원자력 공장서 사망 중대재해 발생 [공시pick]",0.0,0,0,http://www.joseilbo.com/news/news_read.php?uid=567421&class=17&grp=
2026-04-28,"대창솔루션, 원전용 특수강소재 사업 확대",0.0,0,0,http://www.snmnews.com/news/articleView.html?idxno=568686
2026-04-28,창원시 'SMR 제조부품 시험검사지원센터 건립' 최종 선정,0.0,0,0,https://www.newspim.com/news/view/20260428001287
2026-04-28,"두산에너빌리티 창원공장서 사망사고…""깊은 애도, 사고 원인 철저히 규...",0.0,0,0,https://www.newsis.com/view/NISX20260428_0003610095
2026-04-28,장중 6700선까지 뚫은 코스피…변수는 美금리·반도체 재평가,-0.261,0,1,https://www.hankyung.com/article/2026042832411
2026-04-28,"코스피, 이틀 연속 ‘사상 최고치’…장중 6700선도 넘겨",-0.261,0,1,https://www.kukinews.com/article/view/kuk202604280205
2026-04-28,코스피 장중 6700선 첫 돌파… 최고치 경신 속 상승폭은 제한,-0.067,2,2,https://www.hidomin.com/news/articleView.html?idxno=703307
2026-04-28,두산에너빌리티 공장 사고...1명 숨져,0.0,0,0,https://news.knn.co.kr/news/article/187078
2026-04-28,"코스피, 이틀 연속 최고치 행진…장중 6,700선 돌파",0.261,1,0,https://www.delighti.co.kr/news/articleView.html?idxno=115780
2026-04-28,"해송해상풍력발전, 두산에너빌리티·지멘스 가메사 업무협약…국산화 ...",0.0,0,0,http://www.e-platform.net/news/articleView.html?idxno=101850
2026-04-28,글로벌 SMR 제조 파운드리 거점 경남 완성할 발판 확보,0.0,0,0,https://www.newsgn.com/news/articleView.html?idxno=549341
2026-04-28,코스피 장중 6700 '답사',-0.261,0,1,http://www.econotelling.com/news/articleView.html?idxno=20248
2026-04-28,"코스피 장중 6,700선 돌파…종가 기준 이틀 연속 사상 최고치",0.261,2,1,https://www.fntoday.co.kr/news/articleView.html?idxno=383348
2026-04-28,"코스피, '지수보다 종목 순환' 최고치 랠리 지속···자동차·건설 강세",0.067,1,1,https://www.seoulfn.com/news/articleView.html?idxno=627619
2026-04-28,구조조정 딛고 부활한 두산…다시 고개드는 부채비율은 '주의',-0.462,0,1,https://www.straightnews.co.kr/news/articleView.html?idxno=301286
2026-04-28,코스피 사상 첫 6700선 돌파… 종가 최고치 경신,0.261,1,0,https://www.newscj.com/news/articleView.html?idxno=3397040
2026-04-28,"""버핏지수 220% 눈앞""··· 한국 증시, 과열 경고등 켜졌나",0.0,1,1,https://www.greenpostkorea.co.kr/news/articleView.html?idxno=306604
2026-04-28,경남 창원에 SMR 시험검사지원센터 건립한다,0.0,0,0,https://www.mt.co.kr/policy/2026/04/28/2026042816411163546
2026-04-28,"'질풍노도' 코스피, 이틀째 최고치 경신…장중 6,700선 돌파",0.462,2,1,https://www.getnews.co.kr/news/articleView.html?idxno=868891
2026-04-28,"외국인 시가총액 사상 첫 '2000조' 돌파…李 ""주식시장 정상화 조치 계속...",0.488,2,0,http://www.fnnews.com/news/202604281526093326
2026-04-28,"[마감시황] 코스피, 종가 기준 2거래일 연속 사상 최고치",0.261,1,0,http://www.hansbiz.co.kr/news/articleView.html?idxno=835876
2026-04-28,개미 17조 던질 때 외국인은 ‘삼전닉스’ 싹쓸이…베팅 승자는?,0.0,0,0,https://www.mk.co.kr/article/12029646
2026-04-28,[코스피 지수선물 옵션] 현대차·POSCO홀딩스 급등… 선물시장 주도주 교...,0.408,2,1,https://www.pinpointnews.co.kr/news/articleView.html?idxno=449335
2026-04-28,"코스피, 6614.02 마감…장중 사상 첫 6700선 돌파",0.0,1,1,http://www.paxetv.com/news/articleView.html?idxno=270841
2026-04-28,"코스피 이틀 연속 사상 최고치···6641.02 마감, 기관 3500억 '순매수'",-0.067,1,1,https://www.smartbizn.com/news/articleView.html?idxno=142805
2026-04-28,"“중동 긴장도 못 막았다”…코스피 또 신고가, 현대차 6% 질주",0.229,1,1,https://www.ddaily.co.kr/page/view/2026042816343528190
2026-04-28,"[오늘증시]코스피, 사상 최고가 행진 ""6641선 마감""…빅테크 실적 앞두고...",0.0,1,1,http://www.queen.co.kr/news/articleView.html?idxno=455985
2026-04-28,"코스피, 연이틀 사상 최고 '6640선' 마감…韓 시총 세계 8위 등극",-0.261,0,1,https://www.newsworks.co.kr/news/articleView.html?idxno=839250
2026-04-28,"코스피, 이틀 연속 최고치 경신… 장중 6700 터치",-0.261,0,1,https://it.chosun.com/news/articleView.html?idxno=2023092161160
2026-04-28,코스피 또 다시 사상 최고치…장중 6700선 넘기기도,-0.261,0,1,https://www.mediapen.com/news/view/1096094
2026-04-28,"'천정부지' 치솟는 코스피, 이틀 연속 최고치 행진…장중 6700선 돌파",0.261,1,0,https://www.pointdaily.co.kr/news/articleView.html?idxno=303220
2026-04-28,"코스피, 첫 6700선 돌파 후 상승폭 일부 반납",0.261,2,1,http://www.newstomato.com/ReadNews.aspx?no=1299390&inflow=N
2026-04-28,"코스피 이틀 연속 사상 최고치 경신···6641.02로 마감, 코스닥은 하락",0.067,1,1,https://dgmbc.com/NewsArticle/837660
2026-04-28,"코스피 6641.02, 종가 기준 사상 최고치...장중 6700선 돌파",0.0,1,1,http://www.seoulwire.com/news/articleView.html?idxno=719274
2026-04-28,"코스피, 6641.02 마감하며 이틀 연속 종가 최고 경신",0.261,1,0,http://www.techholic.co.kr/news/articleView.html?idxno=220993
2026-04-28,"코스피, 장중 6700선 돌파...최고치 또 경신",0.261,2,1,http://www.issuenbiz.com/news/articleView.html?idxno=76220
2026-04-28,"코스피, 사상 최고치 행진 지속…장중 첫 6700선 돌파",0.261,1,0,https://www.ziksir.com/news/articleView.html?idxno=132343
2026-04-28,"[마감시황] 코스피, 장중 6700선 첫 돌파…이틀 연속 사상 최고 마감",0.261,2,1,http://www.kdfnews.com/news/articleView.html?idxno=182745
2026-04-28,[오늘증시]코스피 6640선 마감…이틀 연속 사상 최고치 경신,-0.261,0,1,https://www.sidae.com/article/2026042816001820738
2026-04-28,"코스피, 이틀 연속 역대 최고치 마감…장중 6700 돌파도",0.261,1,0,https://news.tf.co.kr/read/economy/2318087.htm
2026-04-28,"코스피, 6641 마감 '또 최고치'...현대차·LG·대우건설·삼성SDI '껑충'",0.0,1,1,http://www.choicenews.co.kr/news/articleView.html?idxno=164543
2026-04-28,코스피 6641선 상승 마감… 코스닥 0.86% 하락,-0.322,1,2,https://www.newsclaim.co.kr/news/articleView.html?idxno=3062159
2026-04-28,코스피 신기록 행진…종가·장중 최고치 또 경신[fn마감시황],0.322,1,0,http://www.fnnews.com/news/202604281609473742
2026-04-28,코스피 6641p 최고가 행진…빅테크 실적 대기 관망세 '상승폭 축소'[시황...,0.0,1,1,https://www.news1.kr/finance/general-stock/6151617
2026-04-28,"코스피 6641로 마감, 이틀 연속 ‘사상 최고치’ 경신⋯7천피 성큼",-0.322,0,1,https://www.etoday.co.kr/news/view/2580019
2026-04-28,"韓 증시 시가총액, 세계 8위 등극… 4조400억달러 넘어",-0.261,0,1,https://www.straightnews.co.kr/news/articleView.html?idxno=301285
2026-04-28,"코스피, 0.39% 올라 6641 마감…이틀 연속 최고치 경신",0.0,0,0,https://www.cstimes.com/news/articleView.html?idxno=703740
2026-04-28,코스피 연이틀 최고치…철강株 '훨훨' [MTN 마감시황],-0.261,0,1,https://news.mtn.co.kr/news-detail/2026042816073662126
2026-04-28,[거래소 기관] 삼성전자 현대차 폭풍매수...삼성전자우 현대건설은 팔자...,0.261,1,0,https://www.pinpointnews.co.kr/news/articleView.html?idxno=449313
2026-04-28,"6600선 안착 코스피, 이틀 연속 최고치 경신",-0.261,0,1,https://www.digitaltoday.co.kr/news/articleView.html?idxno=660992
2026-04-28,"코스피, 기관 '사자'에 이틀째 사상 최고치…SK하이닉스 132만원 돌파",0.261,1,0,https://www.jnilbo.com/news/articleView.html?idxno=90000032323
2026-04-28,"코스피, 이틀 연속 새 역사…7000 고지 보인다(종합)",-0.322,0,1,https://www.newsis.com/view/NISX20260428_0003609918
2026-04-28,코스피 6640선 넘어 또역대 최고치 딥마인드 CEO 방한…현대차 6%↑,-0.261,0,1,http://www.smedaily.co.kr/news/articleView.html?idxno=356270
2026-04-28,코스피 6700선 돌파…기관이 물량 받아내 [마감시황],0.261,1,0,https://www.ekn.kr/web/view.php?key=20260428021140808
2026-04-28,"(마감시황) 코스피, 역대 최고치 경신…장중 6,700선 돌파",0.0,1,1,https://www.news2day.co.kr/article/20260428500219
2026-04-28,"코스피, 6641 마감…이틀 연속 사상 최고치 기록 [시황]",0.0,0,0,https://www.dailian.co.kr/news/view/1638977/?sc=Naver
2026-04-28,"코스피, 이틀 연속 최고치 행진…장중 6,700선 돌파(종합)",0.261,1,0,https://www.yna.co.kr/view/AKR20260428136951008?input=1195m
2026-04-28,"대우건설, 지난해 '어닝쇼크' 딛고 '어닝서프라이즈'… 10배 오른 주가 ...",0.0,1,1,https://www.ilyoseoul.co.kr/news/articleView.html?idxno=516318
2026-04-28,"코스피, 6441.02 마감...이틀 연속 사상 최고치",0.261,1,0,http://www.metroseoul.co.kr/article/20260428500457
2026-04-28,AI 전기혁명 확인할 '전기산업엑스포'… 미래 에너지 밸류체인 청사진을...,0.0,0,0,https://www.electimes.com/news/articleView.html?idxno=367483
2026-04-30,"삼성·SK가 증시 62% 장악…5월, 반도체 독주서 비반도체 확산 이어질까",0.0,0,0,https://www.etoday.co.kr/news/view/2580510
2026-04-30,AI 테마에 시총순위도 흔들… '부품·전력' 뜨고 '바이오·금융' 지고,0.0,0,0,https://it.chosun.com/news/articleView.html?idxno=2023092161271
2026-04-30,코스피 시총 40% 삼킨 삼전닉스…과도한 쏠림 부담에 '순환매' 움직임,0.0,0,0,https://www.news1.kr/finance/market-exr/6153323
2026-04-30,"두산에너빌리티, 1분기 영업익 64% 증가해 2335억",0.38,1,0,https://www.donga.com/news/Economy/article/all/20260429/133837503/2
2026-04-30,"두산에너빌리티 주가 강세로 마쳐, 호실적에 향방은?…장중 52주 신고가...",0.943,4,0,https://www.cbci.co.kr/news/articleView.html?idxno=571143
2026-04-30,우리기술 주가 4월 마지막장 흐름은?…소폭 오름세 이후 '이목',0.0,1,1,https://www.cbci.co.kr/news/articleView.html?idxno=571144
2026-04-29,"김성환 장관, 원전업체 간담회…정부 지원 논의",0.0,0,0,https://news.kbs.co.kr/news/pc/view/view.do?ncd=8549529&ref=A
2026-04-29,경남 글로벌 창업축제 'GSAT 2026' 개막,0.0,0,0,http://www.gnmaeil.com/news/articleView.html?idxno=585673
2026-04-29,"두산, 1분기 영업익 3408억… 전년比 71.7% 증가",0.462,1,0,https://it.chosun.com/news/articleView.html?idxno=2023092161286
2026-04-29,"코스피, 사상 최고치 경신...HD현대중공업, SK스퀘어 상승 VS 삼성바이오...",0.261,1,0,http://www.econonews.co.kr/news/articleView.html?idxno=437099
2026-04-29,"두산에너빌, 1Q 영업익 63.9% 급증…북미 데이터센터發 수주 확대",0.716,2,0,https://www.econovill.com/news/articleView.html?idxno=739131
2026-04-29,“음쓰 버리다가 사장님 만났네요”…삼성·네이버·SK 모두 여기 산다,0.0,0,0,https://www.mk.co.kr/article/12031366
2026-04-29,'660조 잭팟' 터졌다…한달새 '40% 급증' 개미들 환호,0.38,1,0,https://www.hankyung.com/article/2026042963891
2026-04-29,증시 주도株로 뜨는 전력 인프라,0.38,1,0,https://www.hankyung.com/article/2026042963821
2026-04-29,"두산에너빌, 창원 공장서 협력사 직원 사망 사고…""모든 대책 마련""",0.0,0,0,https://www.m-i.kr/news/articleView.html?idxno=1369051
2026-04-29,"기후부 김성환 장관, 원전 주요기기 제작사 두산에너빌리티 방문…현장...",0.0,0,0,http://www.e-platform.net/news/articleView.html?idxno=101917
2026-04-29,"두산에너빌리티, 1분기 당기순이익 흑자전환… 매출 4조2611억3000만원",0.0,0,0,https://www.digitaltoday.co.kr/news/articleView.html?idxno=661545
2026-04-29,"두산에너빌리티, 1분기 영업익 2335억… 원전·가스터빈 타고 실적 개선",0.916,3,0,https://sateconomy.co.kr/news/view/1065601811433304
2026-04-29,"두산에너빌, 1분기 영업익 2335억…전년 동기比 63.9% 증가",0.0,0,0,http://www.fntimes.com/html/view.php?ud=2026042918554459600d260cda75_18
2026-04-29,"두산, 1분기 영업이익 71.7% 증가…반도체·에너지 성장 견인",0.682,2,0,https://www.ngetnews.com/news/articleView.html?idxno=550101
2026-04-29,"두산, 1분기 영업이익 3408억원… 전년 대비 71.7%↑",0.583,1,0,https://www.viva100.com/article/20260429501073
2026-04-29,"㈜두산, 1분기 영업익 3408억…전년 동기比 71.7% ↑",0.38,1,0,http://www.fntimes.com/html/view.php?ud=2026042918260920110d260cda75_18
2026-04-29,"허성무 의원, 김성환 기후부 장관 초청 '원전 협력업체 간담회' 개최",0.0,0,0,http://www.gndomin.com/news/articleView.html?idxno=474210
2026-04-29,"AI와 지역 주력산업 결합, 세코서 'GSAT 2026' 개막",0.0,0,0,https://www.newsgn.com/news/articleView.html?idxno=549767
2026-04-29,창원시 'SMR 제조부품 시험검사지원센터' 공모 선정,0.0,0,0,http://www.gndomin.com/news/articleView.html?idxno=474203
2026-04-29,"경남 원전 협력업체 ""12차 전기본에 신규 원전 포함해야 "" 정부에 요구",0.0,0,0,https://www.idomin.com/news/articleView.html?idxno=2004713
2026-04-29,"코스피 ""전쟁 잊은 지 오래""…사흘 연속 오르며 6690.90 마감",0.261,1,0,https://economist.co.kr/article/view/ecn202604290050
2026-04-29,대기업 대표이사들이 가장 많이 사는 아파트는 바로 여기,0.0,0,0,http://www.segyebiz.com/newsView/20260429517583?OutUrl=naver
2026-04-29,터빈 잇단 수주 … 두산에너빌 영업이익 64% 쑥,0.788,2,0,https://www.mk.co.kr/article/12031167
2026-04-29,"두산에너빌리티, '전력 인프라 슈퍼사이클' 올라탔다",0.462,1,0,https://www.m-i.kr/news/articleView.html?idxno=1369029
2026-04-29,대규모 수주에 중소형주도 낙수효과,0.682,2,0,https://www.hankyung.com/article/2026042963881
2026-04-29,CEO가 가장 많이 거주하는 아파트 '개포동 디·퍼·아',0.0,0,0,https://www.mk.co.kr/article/12031137
2026-04-29,"코스피, 사흘 연속 최고치 경신 6700선 턱밑",0.0,1,1,https://it.chosun.com/news/articleView.html?idxno=2023092161264
2026-04-29,"코스피, 사흘 연속 최고치 경신…‘칠천피 도약’ 가시화",0.0,0,0,https://www.kukinews.com/article/view/kuk202604290204
2026-04-29,"두산그룹주 '반도체' '원전' '신재생'에 신고가 파티, 지주사부터 계열...",0.462,1,0,https://www.businesspost.co.kr/BP?command=article_view&num=436835
2026-04-29,"두산, 1분기 영업익 전년비 71.7%↑…이익률 6.7%",0.462,1,0,https://www.busan.com/view/busan/view.php?code=2026042917215647758
2026-04-29,"개인, 이달 코스피 순매도 16兆…사상 최대 기록 목전",0.583,1,0,https://www.dnews.co.kr/uhtml/view.jsp?idxno=202604291053411760094
2026-04-29,"""북미 사업 호조세"" 두산에너빌리티, 1분기 영업익 2235억원 전년比 63.9...",0.762,2,0,https://www.industrynews.co.kr/news/articleView.html?idxno=80576
2026-04-29,"두산, 올 1분기 영업익 3408억…전년비 71.7%↑",0.0,0,0,http://www.newstomato.com/ReadNews.aspx?no=1299569&inflow=N
2026-04-29,전기차 시대 온다더니… AI 전력난·선박·전차가 다시 불러낸 'K엔진',0.625,2,0,https://www.thepublic.kr/news/articleView.html?idxno=302969
2026-04-29,"두산, 올해 1분기 영업익 3408억…전년比 71.7%↑",0.38,1,0,http://www.popcornnews.net/news/articleView.html?idxno=119916
2026-04-29,"두산에너빌, 1분기 영업익 전년비 63.9%↑…2.8조 수주",0.716,2,0,https://www.busan.com/view/busan/view.php?code=2026042917104374511
2026-04-29,두산 1분기 영업이익 3408억원...전년비 71.7%↑,0.0,0,0,http://www.4th.kr/news/articleView.html?idxno=2111176
2026-04-29,[증시 오늘] 코스피 3일 연속 최고치 경신,0.322,1,0,https://www.bigtanews.co.kr/article/view/big202604290013
2026-04-29,"(주)두산, 1분기 영업익 3408억원…전년대비 71.7%↑",0.38,1,0,https://www.sidae.com/article/2026042916551648311
2026-04-29,"[1Q실적] 두산 영업익, 72% '급증'…원전·가스터빈·AI 달고 날았다",0.38,1,0,https://www.financialpost.co.kr/news/articleView.html?idxno=257381
2026-04-29,"두산에너빌리티, 1분기 영업이익 2335억원…전년比 63.9% ↑",0.0,0,0,https://www.etnews.com/20260429000463
2026-04-29,"두산에너빌리티, 1분기 영업이익 2335억...전년 대비 63.9% 증가",0.0,0,0,https://www.getnews.co.kr/news/articleView.html?idxno=869016
2026-04-29,두산에너빌리티 1분기 2조8000억원 수주…영업이익 2335억 원,0.38,1,0,https://daily.hankooki.com/news/articleView.html?idxno=1362869
2026-04-29,"코스피, 3일 연속 사상 최고치 경신···개인·기관 매수에 급반등 '669...",0.462,3,2,https://www.smartbizn.com/news/articleView.html?idxno=142895
2026-04-29,"두산에너빌, 1분기 2.8조 수주…북미 잇단 호재",0.38,1,0,https://dealsite.co.kr/articles/161069
2026-04-29,"[마감시황] 코스피, 사흘째 종가 기준 사상 최고치 경신",0.0,0,0,http://www.hansbiz.co.kr/news/articleView.html?idxno=836151
2026-04-29,"[마감] 코스피, 삼성전자 강세에 6690선 안착·사흘 연속 최고치",0.322,1,0,https://mdtoday.co.kr/news/view/1065599712497665
2026-04-29,"두산, 1분기 영업익 71% 급증…반도체·에너지 '쌍끌이'로 실적 도약",0.0,0,0,https://www.ezyeconomy.com/news/articleView.html?idxno=235152
2026-04-29,"두산에너빌리티, 1분기 매출 4조2611억 원·영업이익 63.9% 급증",0.38,1,0,https://www.donga.com/news/Economy/article/all/20260429/133835955/1
2026-04-29,"두산에너빌리티 창원 공장서 협력사 직원 사망, 재발방지대책 수립 예정",0.0,0,0,https://www.businesspost.co.kr/BP?command=article_view&num=436837
2026-04-29,"[오늘의증시] 코스피, 악재 소화하며 6,700선 턱밑…AI 인프라가 지수 견...",0.261,1,0,https://news.ifm.kr/news/articleView.html?idxno=470006
2026-04-29,"오픈AI 악재 이겨냈다…코스피, 사흘 연속 사상 최고치",0.067,1,1,https://www.dt.co.kr/article/12060218?ref=naver
2026-04-29,"두산, 1분기 영업익 3408억원 72% '↑'…AI 가속기·원전 동반 성장",0.322,1,0,https://www.businessplus.kr/news/articleView.html?idxno=111269
2026-04-29,[1% 초고수의 선택] '롯데케미칼' 사고 '바이오' 팔았다,0.0,0,0,https://www.ebn.co.kr/news/articleView.html?idxno=1707122
2026-04-29,경남 대표 창업축제 ‘GSAT 2026’ 개막…“피지컬 AI·창업 결합”,0.0,0,0,https://www.seoul.co.kr/news/publicnews/local_govern/2026/04/29/20260429500224?wlog_tag3=naver
2026-04-29,"㈜두산, 1분기 영업이익 3408억…전년比 71.7% 증가",0.0,0,0,https://www.sedaily.com/article/20038683?ref=naver
2026-04-29,"두산, 1분기 영업익 3408억원…CCL 호조에 전년비 71.7%↑",0.716,2,0,https://www.mydaily.co.kr/page/view/2026042916131953403
2026-04-29,"[1Q실적] 두산에너빌리티, 영업익 64% '급증' 2335억원…전년 대비 수주...",0.625,2,0,https://www.financialpost.co.kr/news/articleView.html?idxno=257376
2026-04-29,"두산, 1분기 영업익 3408억원… 전년比 71.7%↑",0.462,1,0,https://biz.chosun.com/industry/company/2026/04/29/DI6KFP4HKZDPVFCS7QV3OGWMBU/?utm_source=naver&utm_medium=original&utm_campaign=biz
2026-04-29,"두산에너빌리티, 올해 1분기 영업익 2335억…전년比 63.9%↑",0.625,2,0,http://www.popcornnews.net/news/articleView.html?idxno=119908
2026-04-29,"K건설 수주액 386% 급증...제2의 중동 신화, '베트남'에서 쓴다",0.38,1,0,https://www.insightkorea.co.kr/news/articleView.html?idxno=245631
2026-04-29,삼성전자 반등에 코스피 6690선 회복… 사흘째 종가 최고치,0.537,2,0,https://www.hidomin.com/news/articleView.html?idxno=703435
2026-04-29,"[증시 인사이트] 국내증시 동반 상승 마감…코스피, 개인·기관 순매수",0.261,1,0,https://biz.sbs.co.kr/article_hub/20000307515?division=NAVER
2026-04-29,"외국인, 4월 유가증권시장 순매수 전환...외국인 보유액 2000조 '안착'",0.0,0,0,https://www.g-enews.com/view.php?ud=202604291557549560df2f5bc1bc_1
2026-04-29,"두산, 1분기 영업익 3408억…전년비 71.7% 증가",0.0,0,0,https://www.newspim.com/news/view/20260429001213
2026-04-29,"두산에너빌리티, 1분기 영업익 2335억원…전년대비 63.9%↑",0.0,0,0,https://www.sidae.com/article/2026042916224486181
2026-04-29,"두산에너빌리티, 1분기 영업익 2335억…전년비 63.9% 증가",0.583,1,0,https://www.newspim.com/news/view/20260429001187
2026-04-29,에너지·반도체 훈풍에 두산그룹 '싱글벙글'...대규모 투자로 호황 이어...,0.0,0,0,https://www.ajunews.com/view/20260429152109180
2026-04-29,"두산에너빌리티, 1분기 영업익 63% 뛰며 전망치 상회…수익 개선 성공(종...",0.322,1,0,https://news.einfomax.co.kr/news/articleView.html?idxno=4412420
2026-04-29,"두산에너빌리티, 1분기 영업이익 2335억원...전년比 63.9% ↑",0.462,1,0,https://www.joongangenews.com/news/articleView.html?idxno=515862
2026-04-29,"[오늘증시]코스피, 삼성전자 랠리에 힘입어 사흘 연속 최고치 경신 ""669...",0.261,1,0,http://www.queen.co.kr/news/articleView.html?idxno=456087
2026-04-29,"코스피, 오픈AI 악재에도 사흘 연속 사상 최고치 [마켓시그널]",0.322,2,1,https://www.sedaily.com/article/20038669?ref=naver
2026-04-29,기계진흥회 “회원사 법무·회계·자산평가 지원”,0.0,0,0,https://biz.heraldcorp.com/article/10728617?ref=naver
2026-04-29,"코스피, 사흘 연속 사상 최고치 경신…오픈AI 악재도 뚫은 '씨게이트 훈...",0.322,1,0,http://www.seoulwire.com/news/articleView.html?idxno=719527
2026-04-29,"코스피, 사흘 연속 상승 6700선 근접 … 삼전↑·SK하닉↓",0.322,2,1,https://biz.newdaily.co.kr/site/data/html/2026/04/29/2026042900257.html
2026-04-29,"두산, AI·원전 등에 업고 '실적 엔진 부스터'…영업익 71.7% 급증",0.0,0,0,https://news.einfomax.co.kr/news/articleView.html?idxno=4412415
2026-04-29,개인·기관 쌍끌이 매수…코스피 6690선 마감 [시황],0.0,0,0,https://www.dailian.co.kr/news/view/1639484/?sc=Naver
2026-04-29,"(주)두산, 1분기 영업익 72%↑… AI 가속기 소재·원전 '쌍끌이 호재'",0.38,1,0,https://www.m-i.kr/news/articleView.html?idxno=1368981
2026-04-29,"두산에너빌리티, 1Q 영업익 2335억 전년比 64%↑…""원전·가스터빈 모두...",0.0,0,0,https://www.newsis.com/view/NISX20260429_0003611798
2026-04-29,[오늘의 주요공시] 삼성물산·두산에너빌리티·LG전자 등,0.0,0,0,https://www.etoday.co.kr/news/view/2580499
2026-04-29,"두산에너빌리티, 저수익 공사 털고 '핵심 기자재'로 질주",0.322,1,0,https://www.newsfreezone.co.kr/news/articleView.html?idxno=687452
2026-04-29,"두산, 1분기 영업익 3408억… 전년비 71.7%↑",0.38,1,0,http://www.seoulwire.com/news/articleView.html?idxno=719526
2026-04-29,"(마감시황) 코스피, 종가 6,690선 안착…3거래일 연속 ‘최고가’ 랠리",0.322,1,0,https://www.news2day.co.kr/article/20260429500208
2026-04-29,삼성전자 강세에 코스피 6690선 마감…사흘 연속 종가 최고치[시황종합...,0.322,1,0,https://www.news1.kr/finance/general-stock/6153018
2026-04-29,‘전약후강’ 코스피 사흘 연속 최고치 돌파…6700 눈앞[마감시황],0.488,2,0,https://www.ekn.kr/web/view.php?key=20260429022361137
2026-04-29,"두산에너빌리티, 1분기 영업익 2335억…전년비 64%↑",0.0,0,0,https://www.dailian.co.kr/news/view/1639472/?sc=Naver
2026-04-29,[마감시황] 오픈AI 악재 딛고 코스피 6690 경신…기관 '사자'에 상승,0.261,1,0,https://www.newspim.com/news/view/20260429001151
2026-04-29,"㈜두산, 1분기 영업익 전년비 72% 증가…CCL이 실적 견인",0.645,2,0,https://www.mt.co.kr/industry/2026/04/29/2026042916093920690
2026-04-29,기관·개인 매수세에 코스피 6690선 올라,0.067,1,1,https://www.newsclaim.co.kr/news/articleView.html?idxno=3062264
2026-04-29,"두산, 1Q 영업익 71% 급증…“에너빌·밥캣 고른 성장”",0.682,2,0,https://www.etoday.co.kr/news/view/2580476
2026-04-29,"김성환 기후부 장관, 두산에너빌리티 창원공장 방문…원전 핵심기기 점...",0.0,0,0,http://www.ferrotimes.com/news/articleView.html?idxno=47758
2026-04-29,코스피 6690.90 마감 3거래일 연속 최고치 경신,0.322,1,0,http://www.thebigdata.co.kr/view.php?ud=202604291609384017c808fa9903_23
2026-04-29,[퇴근길 7분 뉴스] 김범석·OPEC·코인과세·SK스퀘어·어도어,0.0,0,0,https://news.dealsitetv.com/articles/169519
2026-05-01,'고소공포증' 개미 곱버스로 47% 손실…외인은 삼전 1.8조 '차곡차곡',0.261,1,0,https://www.news1.kr/finance/general-stock/6154671
2026-05-01,"[1Q26 리뷰] 두산에너빌리티, '어닝 서프라이즈' 시현…가스터빈 수주 성...",0.625,2,0,https://www.kfenews.co.kr/news/articleView.html?idxno=657566
2026-05-01,두산에너빌리티 주가 4월 마지막장서 약세…최근 52주 신고가 이후 숨고...,0.165,1,1,https://www.cbci.co.kr/news/articleView.html?idxno=571518
2026-04-30,노동계 “두산에너빌 사망사고 철저히 조사해야”,0.0,0,0,https://news.kbs.co.kr/news/pc/view/view.do?ncd=8550726&ref=A
2026-04-30,"코스피, 외인과 기관 매도에 하락 마감...SK스퀘어 상승 VS 현대차, LG에...",-0.408,1,2,http://www.econonews.co.kr/news/articleView.html?idxno=437221
2026-04-30,"코스피, 6600선 내줘… 고유가·美금리 동결에 급반락",0.0,1,1,https://it.chosun.com/news/articleView.html?idxno=2023092161389
2026-04-30,"산재사망 추모의 날, '두산에너빌리티 노동자' 사망했다",0.0,0,0,https://www.safetimes.co.kr/news/articleView.html?idxno=242417
2026-04-30,"국제유가 급등 부담에 코스피, 1.38% 하락한 6598.87 마감",0.165,1,1,https://economist.co.kr/article/view/ecn202604300063
2026-04-30,"""두산에너빌리티, 가스터빈 수주 호조…SMR과 대형 원전에서 추가 소식...",0.38,1,0,https://www.newsquest.co.kr/news/articleView.html?idxno=265696
2026-04-30,"[강창호의 친원전팩트체크] 대미투자, 달러가 아니라 원전이다",0.0,0,0,https://www.ilyoseoul.co.kr/news/articleView.html?idxno=516454
2026-04-30,"코스피, 최고치 경신 후 하락…6600선 내줘",-0.261,0,1,http://www.newstomato.com/ReadNews.aspx?no=1299707&inflow=N
2026-04-30,"개미, 전력인프라로 자금 이동…LS일렉트릭 순매수 1위",0.462,1,0,https://www.sedaily.com/article/20039284?ref=naver
2026-04-30,FOMC 여파에 코스피 4일 만에 하락 전환…삼성전자 2.4%↓,-0.261,0,1,https://www.ddaily.co.kr/page/view/2026043017083032373
2026-04-30,"[마감시황] 코스피, 최고치 경신 후 급락…유가 급등 부담",-0.322,1,2,http://www.hansbiz.co.kr/news/articleView.html?idxno=836481
2026-04-30,외인 매도세에 주저앉은 코스피… 나흘 만에 하락 마감(종합),-0.261,0,1,https://www.newscj.com/news/articleView.html?idxno=3397600
2026-04-30,"장중 최고치 찍었는데...코스피, 유가 급등에 6600선 내줘",0.408,2,1,http://www.joseilbo.com/news/news_read.php?uid=567580&class=53&grp=
2026-04-30,중동 긴장·유가 급등에 코스피 6500선 붕괴···코스닥도 1190선 하락,0.165,1,1,https://www.smartbizn.com/news/articleView.html?idxno=143010
2026-04-30,삼성전자 1.5조 담은 외인보다 더 지독하다…기관이 2조 원이나 몰아넣...,0.0,0,0,https://www.wikitree.co.kr/articles/1134524
2026-04-30,"코스피, 사상 최고치 찍고 1.38% 하락…6600선 아래로",-0.261,0,1,http://www.seouleconews.com/news/articleView.html?idxno=90985
2026-04-30,"코스피, 사상 최고 찍고 급락…6590선 마감 [시황]",-0.462,0,1,https://www.dailian.co.kr/news/view/1640046/?sc=Naver
2026-04-30,두산에너빌리티 산재 사망… 노조 “관리 미비가 원인” 규탄,0.0,0,0,https://www.busan.com/view/busan/view.php?code=2026043016313880380
2026-04-30,"""너무 올랐나"" 코스피 최고점 찍고 6590선 마감···삼전·닉스 '숨고르...",-0.261,0,1,https://www.seoulfn.com/news/articleView.html?idxno=627823
2026-04-30,"코스피, 장중 최고치 찍고 하락…6600선 아래로[마감시황]",-0.261,0,1,https://www.newsis.com/view/NISX20260430_0003613738
2026-04-30,"外人 투매, 코스피 '출렁'...양대 악재 속 車 주가 '뚝'",-0.645,0,2,http://www.choicenews.co.kr/news/articleView.html?idxno=164684
2026-04-30,"코스피, 1% 하락 6600선 붕괴…美 FOMC·고유가에 경계심 확대",0.0,1,1,https://www.newsworks.co.kr/news/articleView.html?idxno=839600
2026-04-30,"코스피, 외인 매도에 1.38% 하락...6500선 마감",0.0,1,1,http://www.issuenbiz.com/news/articleView.html?idxno=76341
2026-04-30,"코스피, 6600선 반납-매파적 FOMC·중동 긴장 고조로 투자심리 위축",-0.261,0,1,http://www.techholic.co.kr/news/articleView.html?idxno=221019
2026-04-30,장 중 최고치 경신한 코스피 1%대 하락 마감,0.0,1,1,https://www.dnews.co.kr/uhtml/view.jsp?idxno=202604301617057980335
2026-04-30,"코스피, 인플레 리스크에 6600선 밑돌아…장중 6750 사상 최고점 찍고 '...",-0.261,0,1,http://www.seoulwire.com/news/articleView.html?idxno=719741
2026-04-30,외인 매도세에 주저앉은 코스피… 나흘 만에 하락 마감,-0.261,0,1,https://www.newscj.com/news/articleView.html?idxno=3397632
2026-04-30,"(마감시황) 코스피, 외인 1.4조 매도 폭탄에 ‘휘청’…6,600선 붕괴",-0.261,0,1,https://www.news2day.co.kr/article/20260430500241
2026-04-30,최고치 경신 뒤 숨고르는 코스피 차익매물 출회…삼성전자 2%↓,0.0,0,0,http://www.smedaily.co.kr/news/articleView.html?idxno=356408
2026-04-30,"외인들 ""팔자""...코스피 6750 최고치 찍고 6600선 깨졌다[시황종합]",0.0,0,0,https://www.news1.kr/finance/general-stock/6154469
2026-04-30,"코스피, 외국인 1.4조 ‘팔자’에 1.38% 하락 마감…6600선 내줘",-0.261,0,1,http://www.beyondpost.co.kr/view.php?ud=202604301605036441be44c0aacd_30
2026-04-30,"사상 최고치 찍은 코스피, FOMC·유가 부담에 6600선 내줬다[마켓시그널...",-0.322,0,1,https://www.sedaily.com/article/20039197?ref=naver
2026-04-30,코스피 1.38% 하락한 6598.87 마감...반도체·자동차 약세,-0.537,0,2,https://www.g-enews.com/view.php?ud=202604301543208539df2f5bc1bc_1
2026-04-30,"코스피, 외인 매도에 하락 전환...6590선 마감",-0.261,0,1,https://www.cstimes.com/news/articleView.html?idxno=704134
2026-04-30,"코스피, 상승분 반납하며 하락 마감…외인·기관 동반 매도 [MTN 마감시...",0.0,1,1,https://news.mtn.co.kr/news-detail/2026043015501094618
2026-04-30,[두산 포트폴리오 줌인] 美도 러브콜…가스터빈 10년 결실,-0.462,0,1,https://www.bloter.net/news/articleView.html?idxno=661083
2026-04-30,"코스피, 외인 1.4조 순매도에 6600선 아래로...최고가 행진 제동",-0.462,0,1,http://www.opinionnews.co.kr/news/articleView.html?idxno=137720
2026-04-30,"코스피, 국제유가 급등에 6600선 아래로…코스닥 2%대 급락",-0.067,1,1,https://www.hankyung.com/article/2026043089646
2026-04-30,코스피 6598.87 마감…삼성전자 1분기 영업익 57조에도 2.43%↓,0.0,0,0,http://www.thebigdata.co.kr/view.php?ud=202604301557294024c808fa9903_23
2026-04-30,"[마감시황] 코스피, 고점 부담에 후퇴…외국인·기관 동반 매도",-0.261,0,1,https://www.newspim.com/news/view/20260430001136
2026-04-30,"[마감시황] 코스피, 6750선 터치 후 밀려…차익실현 매물에 하락 마감",0.0,1,1,https://www.ajunews.com/view/20260430155208995
2026-04-30,"코스피, 외인 '팔자'에 6500선 주저앉아…삼전 역대급 실적에도 2%↓",-0.322,0,1,https://news.tf.co.kr/read/economy/2318893.htm
2026-04-30,"[오늘증시]1.4조 던진 외인, 코스피 6600선 반납…환율 1483.3원",0.0,0,0,https://www.sidae.com/article/2026043015174981750
2026-04-30,"[시황] 코스피, 최고치 경신 후 하락…6590선 마감",-0.261,0,1,http://www.newsdream.kr/news/articleView.html?idxno=111918
2026-04-30,"코스피, 6600선도 깨졌다…사상 최고치 찍고 급락",-0.645,0,2,http://www.edaily.co.kr/news/newspath.asp?newsid=05815446645421368
2026-04-30,"DL이앤씨, 1분기 영업익 1천574억·전년비 2배↑…예상 상회",0.0,0,0,http://www.seouleconews.com/news/articleView.html?idxno=90982
2026-04-30,외국인·기관 '팔자'에 코스피 1.4%↓…개인 1조 매수 방어[마감시황],0.261,1,0,https://www.newsway.co.kr/news/view?ud=2026043015382558676
2026-04-30,"9일 만에 방향 튼 코스피…개미, 1조 실탄 방어",0.133,1,1,http://www.wowtv.co.kr/NewsCenter/News/Read?articleId=A202604300535&t=NN
2026-04-30,"[위클리오늘] 고양시, 미래 에너지 도시 도약… 한국항공대에 '에너지 ...",0.0,0,0,http://www.weeklytoday.com/news/articleView.html?idxno=773872
2026-04-30,"[단독] 골드만삭스PIA, 프리미어파트너스 출신 수석본부장 영입",0.0,0,0,https://www.mk.co.kr/article/12032307
2026-04-30,"두산에너빌리티, 1분기 영업익 2335억 '어닝 서프라이즈'… SMR·가스터빈...",0.87,2,0,http://www.lkp.news/news/articleView.html?idxno=79763
2026-04-30,"엑스에너지 6배 '잭팟'…DL이앤씨·두에빌 ""절대 안 팔아"" [마켓딥다이브...",0.0,0,0,https://www.wowtv.co.kr/NewsCenter/News/Read?articleId=A202604300462&t=NNv
2026-04-30,"‘대표님’ 가장 많이 사는 아파트, 2위 나인원 한남…1위는?",0.0,0,0,https://www.donga.com/news/Economy/article/all/20260430/133842153/2
2026-04-30,美 '군사 옵션' 언급에 WTI 109달러 급등…코스피 낙폭 1%대로 확대[장중...,0.165,1,1,https://www.news1.kr/finance/general-stock/6154187
2026-04-30,"""두산에너빌리티, 1분기에 가스터빈·SMR 수주 성과가 빛났다""",0.38,1,0,https://www.newsquest.co.kr/news/articleView.html?idxno=265673
2026-04-30,"'역대급 실적' 삼전도 뚝...코스피, 외인·기관 매도에 하락 전환",-0.197,1,2,https://www.mt.co.kr/stock/2026/04/30/2026043013540567065
2026-04-30,KB증권 두산에너빌리티 1분기 호실적 목표가 상향,0.853,2,0,https://www.newsclaim.co.kr/news/articleView.html?idxno=3062368
2026-04-30,"국제유가, 亞 시장서도 '급등'...일본증시 '장중 뚝'",0.165,1,1,http://www.choicenews.co.kr/news/articleView.html?idxno=164674
2026-04-30,한투밸류·신한·신영운용 수탁자책임 이행 '우수',0.0,0,0,http://www.inews24.com/view/1964843
2026-04-30,"코스피 6600선 아슬아슬…삼성전자, 역대급 실적에도 2%↓",-0.261,0,1,http://www.edaily.co.kr/news/newspath.asp?newsid=04995446645421368
2026-04-30,"경남도, 기업 현장 누비는 '환경 세일즈'",0.0,0,0,https://www.knnews.co.kr/news/articleView.php?idxno=1540727
2026-04-30,"[티타임]7058억 사들인 개인, 코스피 6630선 등락…환율 1486.20원",-0.261,0,1,https://www.sidae.com/article/2026043013402254054
2026-04-30,"코스피, 장중 6750선 터치 후 약보합...코스닥은 1% 하락 [fn오전시황]",-0.261,0,1,http://www.fnnews.com/news/202604301247153191
2026-04-30,"[지금, 대학가는] 호서대, 유럽 연구진 초청 '차세대 반도체·에너지 기...",0.0,0,0,http://www.bizwnews.com/news/articleView.html?idxno=135511
2026-04-30,"미나, ♥류필립 ""제발 팔아"" 울고불고?…주식 종목만 50개 '큰손'이었다...",0.0,0,0,https://www.mydaily.co.kr/page/view/2026043009530593530
2026-04-30,"코스피, 장중 6,750선 터치··· 사상 최고치",-0.067,1,1,https://www.jeonmae.co.kr/news/articleView.html?idxno=1252793
2026-04-30,"코스피, 장중 6750선 돌파 '사상 최고'…차익실현에 상승분 반납",0.488,2,0,https://www.industrynews.co.kr/news/articleView.html?idxno=80607
2026-04-30,"코스피, 장중 최고치 경신 후 오름폭 축소…코스닥은 약세",-0.322,0,1,https://www.hankyung.com/article/2026043079996
2026-04-30,"코스피, 보합권서 혼조…장중 6,750선 터치하며 사상최고",0.0,1,1,https://www.yna.co.kr/view/AKR20260430092400008?input=1195m
2026-04-30,"[특징주] 두산에너빌리티, 가스터빈 목표 상향·SMR 기대 부각... 증권가...",0.956,4,0,https://www.tokenpost.kr/news/economy/354869
2026-04-30,"[KMEC 증권 레이더 ⑥] DL이앤씨, SMR 시장 선점 가능성 높아",0.0,0,0,http://www.kmecnews.co.kr/news/articleView.html?idxno=46865
2026-04-30,"김성환 장관, 원전 주요기기 제작 현장 점검",0.0,0,0,https://mbcgn.kr/01_new/new01_view.asp?idx=407746
2026-04-30,"우리기술·두산에너빌리티 약세…원전주, 뉴욕증시 혼조 속 숨고르기",-0.322,1,2,https://www.cbci.co.kr/news/articleView.html?idxno=571353
2026-04-30,"코스피, 장중 최고치 또 경신… 기관 매도에 하락 전환",-0.604,0,2,https://www.newscj.com/news/articleView.html?idxno=3397507
2026-04-30,"美 SMR 뉴스케일파워, 텍사스 운영센터 개설",0.0,0,0,https://www.theguru.co.kr/news/article.html?no=101277
2026-04-30,"항공대, 혁신연구센터 개소…무탄소 가스터빈 국산화 기술 개발",0.0,0,0,https://www.yna.co.kr/view/AKR20260430082900060?input=1195m
2026-04-30,"코스피, 사상최고치 찍고 '오르락내리락'…연휴 앞두고 '줄다리기'",-0.261,0,1,https://economist.co.kr/article/view/ecn202604300018
2026-04-30,"[장중시황] 장중 최고치 경신한 코스피, 혼조세",0.0,0,0,http://www.segyebiz.com/newsView/20260430507157?OutUrl=naver
2026-04-30,"기관 투자자 ""팔자""…코스피 6690선 보합권 등락[장중시황]",-0.261,0,1,https://www.news1.kr/finance/general-stock/6153833
2026-04-30,"코스피, 사상 최고치 찍고 6700선 아래로…찰나의 ‘23만전자’",-0.261,0,1,http://www.edaily.co.kr/news/newspath.asp?newsid=04280406645421368
2026-04-30,"두산에너빌리티, 12만7천원대에서 주춤…상승 이후 매물 소화 구간 진입",0.261,1,0,https://www.cbci.co.kr/news/articleView.html?idxno=571328
2026-04-30,"코스피, 美 빅테크 호실적에 6740선 돌파···장중 최고치 경신",0.583,2,1,https://www.ziksir.com/news/articleView.html?idxno=132564
2026-04-30,"코스피, 장중 최고치 경신하며 나흘째 상승…코스닥은 하락",0.0,1,1,http://www.seouleconews.com/news/articleView.html?idxno=90959
2026-04-30,"코스피, 美 빅테크 기업 실적 호조에 6,740선 돌파…장중 최고치 또 경신",-0.067,1,1,https://www.news2day.co.kr/article/20260430500113
2026-04-30,"두산에너빌리티 주가, 4월 30일 장중 1,564억 거래대금 기록",-0.261,0,1,https://www.topstarnews.net/news/articleView.html?idxno=16048509
2026-04-30,"ESS부터 수소차까지… 세아메카닉스, 코스닥 상장 후 거침없는 진격",0.0,0,0,https://www.pinpointnews.co.kr/news/articleView.html?idxno=449855
2026-04-30,"코스피, 반도체 강세에 장중 최고가 경신…코스닥은 약세",0.0,1,1,https://www.sisajournal.com/news/articleView.html?idxno=371461
2026-04-30,"코스피, 또 최고치 경신… '삼전닉스' 상승 견인",0.322,2,1,https://it.chosun.com/news/articleView.html?idxno=2023092161310
2026-04-30,"[특징주] 두산에너빌리티, 가스터빈·SMR 쌍끌이 호재... 중장기 목표 상...",0.788,2,0,https://www.newstnt.com/news/articleView.html?idxno=700705
2026-04-30,"[개장시황] 반도체주 훈풍…코스피, 장 초반 최고치 재경신",0.0,0,0,http://www.hansbiz.co.kr/news/articleView.html?idxno=836305
2026-04-30,"K-로봇의 자존심, 제닉스로보틱스... AMHS 시장의 신흥 강자",0.0,0,0,https://www.pinpointnews.co.kr/news/articleView.html?idxno=449848
2026-04-30,"두산에너빌리티 주가, 4월 30일 장중 128,200원 0.77% 하락",-0.261,0,1,https://www.joongangenews.com/news/articleView.html?idxno=515990
2026-04-30,"코스피, 개장 직후 6700선 넘긴 뒤 약보합 전환",0.0,1,1,https://www.mediapen.com/news/view/1096518
2026-04-30,증시 주도주로 떠오른 '이 업종'…반도체·조선도 뛰어넘었다,0.0,0,0,https://www.imaeil.com/page/view/2026043009411942560
2026-04-30,"한국항공대, 무탄소 가스터빈 연구센터 출범…에너지안보 거점으로 육성",0.0,0,0,https://news.unn.net/news/articleView.html?idxno=592185
2026-04-30,"코스피, 장중 6750선 돌파 사상 최고치 경신…美 빅테크 호실적 투심자...",0.762,3,1,http://www.seoulwire.com/news/articleView.html?idxno=719666
2026-04-30,유가 100달러 돌파에도 코스피 또 최고치…반도체가 장 초반 상승 견인...,0.261,2,1,https://www.ekn.kr/web/view.php?key=20260430028011301
2026-05-04,"‘난 총알받이였나?’…외국인 수익률, 개미의 3배...4월 코스피 성적표...",0.261,1,0,https://www.munhwa.com/article/11586610?ref=naver
2026-05-04,外人 국장 수익률 개인 3배… 서학개미는 매수 우위 전환 [경제 레이더...,0.408,1,0,https://www.segye.com/newsView/20260503508279?OutUrl=naver
2026-05-04,[시론] 수소정책 믿고 투자한 기업은 허탈하다,0.0,0,0,https://www.sedaily.com/article/20039660?ref=naver
2026-05-04,[이슈체크] K-증시 시총 6천조 시대 활짝...'1조 클럽'만 400곳 돌파,0.261,1,0,https://www.tfmedia.co.kr/news/article.html?no=204249
2026-05-04,"[다산칼럼] 투자의 시대, 좋은 콘텐츠가 갖는 힘",-0.462,0,1,https://www.hankyung.com/article/2026050328631
2026-05-04,"두산에너빌리티 주가 4월 마지막장은 약세로, 5월 첫 장 흐름은?…美 원...",-0.322,0,1,https://www.cbci.co.kr/news/articleView.html?idxno=571940
2026-05-04,"순매수 상위 10개 종목 수익률 비교하니…외국인, 개인의 3배",0.0,0,0,https://www.joongang.co.kr/article/25425447
2026-05-03,AI가 끌어올린 전력·에너지주… ETF 수익률 '100% 돌파',0.261,1,0,https://www.asiatoday.co.kr/kn/view.php?key=20260504010000280
2026-05-03,코스피 질주에 1조 클럽 400개… 3곳 중 1곳은 '어닝서프라이즈',0.583,1,0,https://www.hankookilbo.com/news/article/A2026050314240001075?did=NA
2026-05-03,"‘달리는 말’ 탄 외국인, 개미는 기었다...순매수 톱10 비교해보니",0.0,0,0,https://www.joongang.co.kr/article/25425377
2026-05-03,'셀코리아' 공포 딛고 외인 1.2조 귀환…개미는 관망에 역대급 숨고르기,0.462,1,0,https://www.ajunews.com/view/20260503145728324
2026-05-03,"지난달 투자 성적표…외국인 수익률, 개인의 3배",0.408,1,0,http://www.yonhapnewstv.co.kr/news/MYH20260503141417JF2
2026-05-03,코스피 최고가 랠리에 국내 시총 ‘1조 클럽’ 사상 처음 400곳 돌파,0.261,1,0,https://www.chosun.com/economy/money/2026/05/03/NQ3ZX5L735ERHANVZYYD6VZTK4/?utm_source=naver&utm_medium=referral&utm_campaign=naver-news
2026-05-03,중동 리스크 딛고 V자 반등…국내 증시 '1조 클럽' 첫 400곳 돌파,0.537,2,0,https://www.news1.kr/finance/general-stock/6155722
2026-05-03,신고가 랠리 속 4월 수익률 외국인이 '압승',0.462,1,0,https://www.newsis.com/view/NISX20260503_0003615216
2026-05-03,"'시총 6,000조'시대...'1조 클럽' 사상 첫 400곳 돌파",0.261,1,0,https://www.ikbc.co.kr/article/view/kbc202605030010
2026-05-03,상승장서 엇갈린 운명…외국인·기관 웃고 개인 울었다,0.261,1,0,https://www.thepublic.kr/news/articleView.html?idxno=303217
2026-05-03,"증시 상승세 탄 지난 달 외국인 수익률, 개인의 3배",0.261,1,0,https://www.etoday.co.kr/news/view/2581203
2026-05-03,"체코 다음 베트남인가…한국 원전, 동남아 수출 경쟁 구도 확대",0.0,0,0,https://www.dongponews.net/news/articleView.html?idxno=57790
2026-05-03,국내증시 시총 6000조 돌파…‘1조 클럽’ 400곳 넘었다,0.261,1,0,https://www.news2day.co.kr/article/20260503500019
2026-05-03,'1조 클럽' 사상 첫 400곳 돌파…9개월 만에 100곳 늘었다,0.261,1,0,https://www.nocutnews.co.kr/news/6511592?utm_source=naver&utm_medium=article&utm_campaign=20260503115517
2026-05-03,증시 활황에 ‘1조 클럽’ 400개 육박…시총 6000조 원 시대,0.0,0,0,http://www.segyebiz.com/newsView/20260503504451?OutUrl=naver
2026-05-03,"증시 초강세, 시총 '1조 클럽' 사상 첫 400곳 돌파…삼성전자, 1289조로 ...",0.537,2,0,https://www.ddaily.co.kr/page/view/2026050311213771536
2026-05-03,개미보다 3배 더 번 외국인…뭘 샀길래?,0.408,1,0,https://www.mk.co.kr/article/12034394
2026-05-03,"[특징주] 삼성전자, K-증시 시총 6000조 시대 속 1위 유지…반도체 강세...",0.537,2,0,https://www.tokenpost.kr/news/economy/355787
2026-05-03,국내증시 '시총 6천조' 시대…'1조 클럽' 사상 첫 400곳 넘어,0.0,0,0,https://news.sbs.co.kr/news/endPage.do?news_id=N1008544233&plink=ORI&cooper=NAVER
2026-05-03,"국내 증시, 시가총액 1조클럽 400곳 돌파…시장 전반에 확산",0.261,1,0,https://www.tokenpost.kr/news/market/355782
2026-05-03,"지난달 투자 성적표 보니…외국인 수익률, 개미의 3배 수준",0.0,0,0,https://news.sbs.co.kr/news/endPage.do?news_id=N1008544218&plink=ORI&cooper=NAVER
2026-05-03,시총 6000조 시대 '1조 클럽' 400곳…삼성전자 1400조,0.0,0,0,https://www.newsis.com/view/NISX20260503_0003615150
2026-05-03,시총 6000조 시대 개막한 K-증시…1조 클럽 400곳 ‘사상 최대’ [마켓시...,0.583,1,0,https://www.sedaily.com/article/20039638?ref=naver
2026-05-03,시총 6000조 시대 연 국내증시…'1조 클럽' 사상 첫 400곳 돌파,0.261,1,0,https://www.etoday.co.kr/news/view/2581189
2026-05-03,뛰는 개미 위에 나는 외국인…불장 속 수익률 격차 ‘3배’ [이런국장 ...,0.261,1,0,https://www.sedaily.com/article/20039633?ref=naver
2026-05-03,시총 6천조원 시대…'1조 클럽' 400곳 돌파,0.261,1,0,https://biz.sbs.co.kr/article_hub/20000308042?division=NAVER
2026-05-03,시총 6000조 돌파한 韓 증시…‘1조 클럽’만 400곳,0.261,1,0,http://www.edaily.co.kr/news/newspath.asp?newsid=01256246645445312
2026-05-03,외국인 웃고 개인 울고…지난달 수익률 3배 격차,0.537,2,0,https://www.busan.com/view/busan/view.php?code=2026050309075241770
2026-05-03,코스피 신고가 랠리에 외인 함박웃음… 수익률 개인 3배,0.645,2,0,https://www.kmib.co.kr/article/view.asp?arcid=0029767169&code=61141111&cp=nv
2026-05-03,4월 코스피 투자서 외국인 개인보다 ‘3배’ 벌었다,0.0,0,0,https://biz.heraldcorp.com/article/10730148?ref=naver
2026-05-03,계좌 열어본 개미 '허탈'…등에 땀나게 막았는데 이럴수가,0.0,0,0,http://www.wowtv.co.kr/NewsCenter/News/Read?articleId=A202605030034&t=NN
2026-05-03,불붙은 대형 터빈 전쟁 … K해상풍력 전략 시험대[풍력발전 독립의 길을...,0.0,0,0,https://view.asiae.co.kr/article/2026042821532931001
2026-05-03,‘1兆 클럽’ 400곳 돌파 ‘역대급’…삼전·하닉 선두 “대세 상승 유...,0.488,2,0,https://www.dt.co.kr/article/12060528?ref=naver
2026-05-03,국내증시 '시총 6천조' 시대…'1조 클럽' 사상 첫 400곳 돌파,0.261,1,0,https://www.yna.co.kr/view/AKR20260430212000008?input=1195m
2026-05-03,"지난달 투자 성적표 보니…외국인 수익률, 개인의 3배",0.0,0,0,https://www.yna.co.kr/view/AKR20260430215600008?input=1195m
2026-05-03,"""전쟁에도 살아난 韓 주식""… SK하이닉스와 삼전 그리고 '이곳'",0.0,0,0,https://www.g-enews.com/view.php?ud=202605022033218534fbbec65dfb_1
2026-05-02,[위클립] 4월 5주,0.0,0,0,https://www.laborplus.co.kr/news/articleView.html?idxno=40785
2026-05-02,"'가동 9년차' 탐라해상풍력 ""국산터빈, 유지보수에 장점…이용률 올라갔...",0.0,0,0,https://view.asiae.co.kr/article/2026042909541330701
2026-05-02,4월 마지막 주 두산에너빌리티 주가 12만원대 등락,-0.261,0,1,https://www.topstarnews.net/news/articleView.html?idxno=16049812
2026-05-02,[더차트] 대기업 CEO 가장 많이 사는 아파트는?…한남·반포동 제쳤다,0.0,0,0,https://www.mt.co.kr/society/2026/05/02/2026042920181754075
2026-05-02,"[1% 초고수의 주간 선택] '재생에너지' 담고, 삼성전자 '노조리스크' 회...",0.0,0,0,https://www.ebn.co.kr/news/articleView.html?idxno=1707433
2026-05-02,"하이닉스·두산에너빌, ’100만 국민주 기업' 등극",0.0,0,0,https://www.chosun.com/economy/economy_general/2026/05/02/QK3XQGEEEBHRZO4MG2I5TNXIQQ/?utm_source=naver&utm_medium=referral&utm_campaign=naver-news
2026-05-02,"두산에너빌리티·우리기술 등 원전주, 4월 마지막장 전반적으로 '숨고르...",-0.261,0,1,https://www.cbci.co.kr/news/articleView.html?idxno=571589
2026-05-06,[오늘(6일)의 경제·산업 주요 일정·행사] '한국거래소 파생상품시장 ...,0.0,0,0,http://www.popcornnews.net/news/articleView.html?idxno=120007
2026-05-06,"두산, AI 타고 신고가 질주…전자BG 매출ㆍ영업이익률 역대급",0.916,3,0,https://www.dnews.co.kr/uhtml/view.jsp?idxno=202605041503356780506
2026-05-06,컨벤션센터 통째로 빌려 운동회 두산에너빌리티 ‘가족 문화제’,0.0,0,0,https://www.donga.com/news/Society/article/all/20260505/133865718/2
2026-05-06,"두산에너빌리티, 어린이날 ‘두산가족문화제’ 개최…4500명 참여 대규모...",0.0,0,0,https://www.kukinews.com/article/view/kuk202605060001
2026-05-06,"두산에너빌리티, '숨 고르기' 후 흐름은?…향후 방향성은 호르무즈 변수...",0.0,0,0,https://www.cbci.co.kr/news/articleView.html?idxno=572367
2026-05-05,"""과자집 만들고 공연 보고""…어린이날, 기업들 '찾아가는 나눔' 확산",0.0,0,0,https://www.polinews.co.kr/news/articleView.html?idxno=730257
2026-05-05,방산·가전·조선까지… 경남 주요 상장사 1분기 호실적,0.939,3,0,http://www.knnews.co.kr/news/articleView.php?idxno=1540900
2026-05-05,어린이날 '두산가족문화제' 4500명 함께했다,0.0,0,0,http://www.gnmaeil.com/news/articleView.html?idxno=585891
2026-05-05,‘한국산업 오중주(Industrial Quintet)'...“반도체+원자력=복합 생태계...,0.38,1,0,http://www.breaknews.com/1205094
2026-05-05,어린이날 맞아 열린 ‘두산 해피랜드’…가족 발길 이어져,0.0,0,0,https://www.seoul.co.kr/news/economy/industry/2026/05/05/20260505500107?wlog_tag3=naver
2026-05-05,"축구장 1.3배 실내 놀이터로 변신… 두산에너빌리티, ‘어린이날   가족...",0.0,0,0,https://www.hankookilbo.com/news/article/A2026050517580001762?did=NA
2026-05-05,"두산에너빌리티, 어린이날 4천500명 초청 '두산가족문화제' 개최",0.0,0,0,http://www.lawissue.co.kr/view.php?ud=2026050517410169907f28b58b8_12
2026-05-05,[단독] 295조 대미투자 첫발…1호 루이지애나 LNG '낙점',0.0,0,0,https://www.hankyung.com/article/2026050569521
2026-05-05,"두산에너빌리티, 두산가족문화제 개최…""가족 친화적인 기업문화""",0.0,0,0,https://www.nocutnews.co.kr/news/6512407?utm_source=naver&utm_medium=article&utm_campaign=20260505050943
2026-05-05,"두산에너빌리티, 어린이날 ‘두산가족문화제’ 개최",0.0,0,0,https://www.dnews.co.kr/uhtml/view.jsp?idxno=202605051418492830570
2026-05-05,"[창원소식]두산에너빌리티, 어린이날 '2026 두산가족문화제' 개최 등",0.0,0,0,https://www.newsis.com/view/NISX20260505_0003617338
2026-05-05,두산에너빌리티 어린이날 가족문화제,0.0,0,0,https://www.idomin.com/news/articleView.html?idxno=2004936
2026-05-05,"두산에너빌리티, 어린이날 맞아 임직원 가족 초청 문화행사",0.0,0,0,https://www.viva100.com/article/20260505500415
2026-05-05,중동전쟁에도 호실적 보인 경남기업은?,0.87,3,0,https://www.idomin.com/news/articleView.html?idxno=2004902
2026-05-05,"오르비텍, 원자력·ISI·항공 3개 사업본부 체제로 안정적 포트폴리오 구...",-0.067,1,1,https://www.pinpointnews.co.kr/news/articleView.html?idxno=450555
2026-05-05,"두산에너빌리티, 창원서 '두산가족문화제' 열어",0.0,0,0,https://www.newsinside.kr/news/articleView.html?idxno=4646176
2026-05-05,LS마린솔루션 주가 불기둥...해저케이블 시공 기대,0.0,0,0,https://www.pinpointnews.co.kr/news/articleView.html?idxno=450554
2026-05-05,"두산에너빌리티, 임직원·협력사 가족 초청 '어린이날 행사'",0.0,0,0,https://www.sidae.com/article/2026050514402452822
2026-05-05,달리는 말에 올라타는 외국인…급등세 종목에 순매수 몰려,0.834,3,0,https://www.ajunews.com/view/20260505131254993
2026-05-05,창원벌 들썩인 '두산 해피랜드'…전시장 통째로 빌려 역대급 동심 저격,0.0,0,0,https://www.segye.com/newsView/20260505506908?OutUrl=naver
2026-05-05,"두산에너빌리티, 컨벤션센터 통째 빌려 ‘어린이날’ 파티",0.0,0,0,https://www.chosun.com/national/2026/05/05/QKLKUA7CKRCKZIIWCPK4EZR5I4/?utm_source=naver&utm_medium=referral&utm_campaign=naver-news
2026-05-05,"두산에너빌, 어린이날 맞아 큰 잔치…""가족 친화적 문화 조성""",0.0,0,0,https://www.news1.kr/local/busan-gyeongnam/6157187
2026-05-05,"“韓, AI가 돈 버는 나라”…반도체·에너지, 전쟁 위기를 기회로",0.261,1,0,https://www.ekn.kr/web/view.php?key=20260429024270747
2026-05-05,"두산에너빌리티, 어린이날 맞아 ‘2026 두산가족문화제’",0.0,0,0,https://www.hankyung.com/article/202605056463h
2026-05-05,"두산에너빌리티, 어린이날 4천500명 초청 '두산가족문화제'",0.0,0,0,https://www.yna.co.kr/view/AKR20260505033400052?input=1195m
2026-05-05,두산에너빌리티 주가 전 거래일 기준 0.08% 상승…실적 개선 반영,0.645,2,0,https://www.topstarnews.net/news/articleView.html?idxno=16052150
2026-05-05,"두산에너빌리티 보합 속 숨고르기, 우리기술 약세…휴일 앞둔 원전주 전...",0.351,2,1,https://www.cbci.co.kr/news/articleView.html?idxno=572226
2026-05-05,"""한남도 반포도 아니다""···CEO들이 선택한 '이 동네'",0.0,0,0,https://www.sisajournal-e.com/news/articleView.html?idxno=420870
2026-05-05,"""압구정, 반포 아니다"" 부총리부터 대기업 CEO까지 몰려 사는 의외의 단...",0.0,0,0,https://realty.chosun.com/site/data/html_dir/2026/05/04/2026050402176.html
2026-05-05,"한국항공대, 무탄소 가스터빈 혁신연구센터 개소",0.0,0,0,https://www.webeconomy.co.kr/news/articleView.html?idxno=2162736
2026-05-05,우리기술 소폭 약세 이어…5월 첫장 원전주들 혼조 흐름,-0.261,1,2,https://www.cbci.co.kr/news/articleView.html?idxno=572177
2026-05-05,"두산에너빌리티, 어린이날 전장 보합 흐름…주가 장중 '13만빌리티' 문턱...",0.261,1,0,https://www.cbci.co.kr/news/articleView.html?idxno=572174
2026-05-04,"코스피, 외인과 기관 매수에 상승 마감...SK스퀘어, SK하이닉스, 삼성전...",0.604,2,0,http://www.econonews.co.kr/news/articleView.html?idxno=437450
2026-05-04,코스피 장중 6800 돌파 '역대 최고'…반도체주 강세·SK하이닉스 7.78%↑,0.537,3,1,https://www.jnilbo.com/news/articleView.html?idxno=90000033135
2026-05-04,"[국정 및 산업 전략 리포트] 2026년 5월, 한국의 대전환...글로벌 주도권...",0.38,1,0,https://www.dailysportshankook.co.kr/news/articleView.html?idxno=428161
2026-05-04,"코스피, 5% 급등해 6900선 돌파 마감…7000선 눈앞",0.604,2,0,http://www.whitepaper.co.kr/news/articleView.html?idxno=262041
2026-05-04,베트남 원전 시장에 눈 돌린 팀코리아… 日 포기한 닌투언 2호기 수주에...,0.38,1,0,https://biz.chosun.com/industry/company/2026/05/04/IVV3AG373JE7TCR67IRCCVZJYE/?utm_source=naver&utm_medium=original&utm_campaign=biz
2026-05-04,"코스피, 또 사상 최고… '칠천피'까지 70p 남아",0.0,1,1,https://it.chosun.com/news/articleView.html?idxno=2023092161502
2026-05-04,"'7천피 가시권'… 코스피, 또 사상 최고치",0.0,0,0,https://www.newscj.com/news/articleView.html?idxno=3398343
2026-05-04,"코스피, 7000 턱밑까지 질주…사상 첫 6900선 돌파",0.488,2,0,http://www.newstomato.com/ReadNews.aspx?no=1299884&inflow=N
2026-05-04,[코스피 지수선물 옵션] 반도체·방산 불기둥…다음 상승장 힌트 다 나...,0.537,2,0,https://www.pinpointnews.co.kr/news/articleView.html?idxno=450458
2026-05-04,코스피 5% 급등 6936.99 사상 최고치...삼성전자·SK하이닉스 '신고가',0.732,2,0,https://www.g-enews.com/view.php?ud=202605041614251467df2f5bc1bc_1
2026-05-04,"코스피, 사상 첫 6930선 마감…7000선 목전",0.0,0,0,https://www.kfenews.co.kr/news/articleView.html?idxno=657613
2026-05-04,"서울 증시 '후끈후끈', 코스피 5%대 급등 6936.99 ·SK하이닉스 144만7000원",0.408,1,0,http://www.seoulwire.com/news/articleView.html?idxno=719894
2026-05-04,"김성환 기후장관, 두산에너빌 창원 원자력 공장 방문",0.0,0,0,https://www.wowtv.co.kr/NewsCenter/News/Read?articleId=A202605040161&t=NNv
2026-05-04,"두산에너빌리티, '가스터빈' 가이던스 상향 전망...'밥캣 이익' 기반 기...",0.38,1,0,http://www.lkp.news/news/articleView.html?idxno=79802
2026-05-04,"코스피, 종가 새 역사 '6936.99' 마감-美 기술주 훈풍에 '23만전자·144만...",-0.322,0,1,http://www.techholic.co.kr/news/articleView.html?idxno=221051
2026-05-04,"칠천피, 1% 남았다…외인 3조 매수에 코스피 사상최고가 [시황종합]",0.0,0,0,https://www.news1.kr/finance/general-stock/6156738
2026-05-04,"'폭주'하는 삼전닉스, 칠천피 시대 초읽기",0.537,2,0,https://theviewers.co.kr/View.aspx?No=4066063
2026-05-04,7천피 눈 앞···외국인 하루 3조 사들여 6936.99 마감,0.0,0,0,https://www.newsfreezone.co.kr/news/articleView.html?idxno=688048
2026-05-04,"코스피, 23만전자·144만닉스에 사상 최고치…'칠천피' 눈앞[마감시황]",0.0,0,0,https://www.newsway.co.kr/news/view?ud=2026050416001613768
2026-05-04,[거래소 기관] 반도체·전력 쏠림 심화…삼성전자 SK하이닉스 POSCO홀딩스...,0.0,0,0,https://www.pinpointnews.co.kr/news/articleView.html?idxno=450431
2026-05-04,"코스피, 5%대 급등…사상 첫 6900선 돌파 [MTN 마감시황]",0.747,3,0,https://news.mtn.co.kr/news-detail/2026050415553178977
2026-05-04,"코스피, 사상 최고치 경신…6930선 마감",0.0,0,0,https://www.cstimes.com/news/articleView.html?idxno=704347
2026-05-04,"칠천피 진입 가시권…코스피, 외인·기관 ‘쌍끌이’에 5% 폭등 [시황]",0.0,0,0,https://www.dailian.co.kr/news/view/1640704/?sc=Naver
2026-05-04,"코스피, 사상 첫 6900선 마감...10대 그룹 시총 4000조 돌파",0.261,2,1,https://www.digitaltoday.co.kr/news/articleView.html?idxno=662509
2026-05-04,[마감시황] 트럼프 '호르무즈 해방 프로젝트'에 코스피 6936 급등,0.408,1,0,https://www.newspim.com/news/view/20260504001084
2026-05-04,"코스피, 반도체 초강세에 5% 급등...'7000피'까지 0.9%",0.645,2,0,http://www.opinionnews.co.kr/news/articleView.html?idxno=137864
2026-05-04,"""7000피 눈앞"" 코스피, 5.12% 폭등…사상 첫 6900선 안착",0.261,1,0,https://news.tf.co.kr/read/economy/2319524.htm
2026-05-04,"코스피, 외국인 매수세로 사상 첫 6,800선 돌파",0.408,3,2,https://www.tokenpost.kr/news/market/356080
2026-05-04,"코스피, 최고가 경신하며 6930선 마감…'칠천피' 목전",0.261,1,0,https://www.etoday.co.kr/news/view/2581495
2026-05-04,"[마감시황] 코스피, 외인·기관 쌍끌이에 7000선 턱밑까지 올랐다…종가...",0.0,0,0,https://www.ajunews.com/view/20260504154218363
2026-05-04,[시황] 6900선 천장 뚫은 코스피…칠천피 '한걸음 더',0.261,1,0,http://www.newsdream.kr/news/articleView.html?idxno=111947
2026-05-04,"[오늘증시]23만전자·144만닉스…코스피, 종가 '6936.99' 새 역사",-0.322,0,1,https://www.sidae.com/article/2026050415170064387
2026-05-04,"[속보] ‘5% 급등’ 코스피, 사상 최고 경신…6936.99",0.408,1,0,https://www.mk.co.kr/article/12035147
2026-05-04,"[코스피 6900선 시대] ""개미는 걷는데 외인은 난다""…불장 속 수익률 '3배...",0.408,1,0,https://www.thepublic.kr/news/articleView.html?idxno=303299
2026-05-04,"화력·원자력 정비 전문 일진파워, 재생에너지 신사업으로 퀀텀점프 예...",0.0,1,1,https://www.pinpointnews.co.kr/news/articleView.html?idxno=450403
2026-05-04,"코스피, 사상 첫 6900선 돌파…반도체 투톱 시총 '2500조' 시대",-0.067,2,2,https://www.pinpointnews.co.kr/news/articleView.html?idxno=450397
2026-05-04,한국서 ‘떼돈’ 벌었다...결국 승자는 ‘외국인’,0.408,1,0,https://magazine.hankyung.com/business/article/202605044758b
2026-05-04,"[티타임] 불기둥 143만닉스…코스피, 사상 첫 6900도 넘었다",0.322,1,0,https://www.sidae.com/article/2026050413475579464
2026-05-04,코스피 6900선도 돌파…2% 더 오르면 '칠천피' [장중시황],0.488,2,0,https://www.news1.kr/finance/market-exr/6156498
2026-05-04,"코스피, '7000피'까지 2%도 안 남아…휴장 앞두고 '바이 코리아'",0.0,0,0,https://news.tf.co.kr/read/economy/2319445.htm
2026-05-04,제6장 소형모듈원자로(SMR) 소재와 혁신제조기술(3)-송상우/김기동/강용...,0.38,1,0,http://amenews.kr/news/view.php?idx=66579
2026-05-04,"코스피, 사상첫 장중 6900선 돌파…시가총액 5650조원",0.261,1,0,https://www.etoday.co.kr/news/view/2581442
2026-05-04,"코스피, '143만닉스' 앞세워 사상 최고치 경신…7000선 초읽기[장중시황...",0.0,0,0,https://www.newsway.co.kr/news/view?ud=2026050413175242391
2026-05-04,"코스피, 장중 사상 첫 6900선 돌파…'23만전자'·'144만닉스' 달성",0.261,1,0,https://www.newsworks.co.kr/news/articleView.html?idxno=839753
2026-05-04,"[속보] 코스피, 장중 6900선도 돌파…7000피 정조준",0.261,2,1,https://biz.heraldcorp.com/article/10730851?ref=naver
2026-05-04,"'시총 6,000조'시대...'1조 클럽' 사상 첫 400곳 돌파",0.261,1,0,http://www.newsfc.co.kr/news/articleView.html?idxno=78468
2026-05-04,코스피 6851 사상 최고가 랠리…SK하이닉스·SK스퀘어 폭등,-0.067,1,1,https://www.newspim.com/news/view/20260504000649
2026-05-04,"코스피, 3%대 급등…사상 첫 ‘6800선’ 돌파",0.408,2,1,https://www.dt.co.kr/article/12060710?ref=naver
2026-05-04,"코스피, 외인·기관 순매수에 4% 급등...'7000피'까지 단 2%",0.408,1,0,http://www.opinionnews.co.kr/news/articleView.html?idxno=137842
2026-05-04,코스피 장중 사상 첫 6800 고지 넘었다...외국인 매수세에 3%대 급등,0.762,3,1,https://www.esgeconomy.com/news/articleView.html?idxno=15419
2026-05-04,코스피 사상 처음 6850선 터치하며 신고가 행진…투심은 '실적 기대'로,0.645,2,0,https://www.industrynews.co.kr/news/articleView.html?idxno=80663
2026-05-04,"코스피, 3%대 급등…장중 사상 첫 6,800선 돌파",0.408,2,1,https://news.sbs.co.kr/news/endPage.do?news_id=N1008545524&plink=ORI&cooper=NAVER
2026-05-04,"'칠천피 가시권' 코스피 6850선 돌파…외인·기관, 삼전닉스 쌍끌이 [장...",0.0,1,1,https://www.news1.kr/finance/market-exr/6156386
2026-05-04,"코스피 대약진…역대 최고치 6,830 돌파하며 반도체주 활짝",0.261,2,1,https://www.gokorea.kr/news/articleView.html?idxno=865401
2026-05-04,"코스피, 장중 6857선 사상 최고…외인·기관 '사자' 행렬",0.261,1,0,https://news.tf.co.kr/read/economy/2319371.htm
2026-05-04,"[장중시황] 외국인·기관 쌍끌이에…코스피, 6900선 돌파도 목전",0.488,2,0,https://www.ajunews.com/view/20260504110829045
2026-05-04,"코스피, 사상 첫 '6800선' 돌파…외국인 1조5000억원 순매수에 3%대 급등",0.604,3,1,http://www.newsprime.co.kr/news/article.html?no=732329
2026-05-04,삼성·SK하닉 등 반도체 강세에 코스피 6800선 돌파… 사상 최고치 경신,0.537,2,0,https://www.newscj.com/news/articleView.html?idxno=3398212
2026-05-04,"""공급 부족 장기화"" 삼성전기, 목표가 100만원↑ …POSCO홀딩스, 자회사...",0.38,1,0,http://www.fnnews.com/news/202605040929557446
2026-05-04,시총 6000조 시대 개막...국내 증시 '1조 클럽' 사상 처음 400곳 넘어,0.0,0,0,https://www.thepublic.kr/news/articleView.html?idxno=303246
2026-05-04,"코스피, 반도체株 강세 속 6,800선 돌파…사상 최고치 경신",0.261,2,1,https://www.news2day.co.kr/article/20260504500086
2026-05-07,'꿈의 칠천피'라지만 시총 절반 반도체…종목별 차별화 '대응 필요',0.0,0,0,https://www.news1.kr/finance/market-exr/6158540
2026-05-07,7000 질주 코스피,0.261,1,0,https://www.seoul.co.kr/news/economy/securities/2026/05/07/20260507001008?wlog_tag3=naver
2026-05-07,코스피 뛸 때 'AI 인프라' 날았다… 코리아써키트 '점프 1위',0.0,0,0,https://www.mt.co.kr/stock/2026/05/07/2026050620074329304
2026-05-07,"두산에너빌리티 NXT선 강보합 반전, 7일장 흐름은?…'코스피 장중 7400 찍...",0.0,0,0,https://www.cbci.co.kr/news/articleView.html?idxno=572627
2026-05-06,"코스피, 장 중 사상 최고치 경신...삼성전자, SK하이닉스 상승 VS 한화에...",0.0,1,1,http://www.econonews.co.kr/news/articleView.html?idxno=437596
2026-05-06,코스피 신기원…7000고지 '점령',0.0,1,1,http://www.econotelling.com/news/articleView.html?idxno=20319
2026-05-06,코스피 '7000 시대' 열렸다…외국인 역대급 순매수에 '삼전닉스' 동반 질...,-0.261,0,1,https://www.econovill.com/news/articleView.html?idxno=739499
2026-05-06,"두산에너빌리티, 어린이날 '2026 두산가족문화제' 행사 개최",0.0,0,0,https://www.gnnews.co.kr/news/articleView.html?idxno=636283
2026-05-06,"""에너지 안보가 곧 국방력""… SMR·방산 융합, 'K-전략 산업'의 새 지평...",0.0,0,0,https://www.greened.kr/news/articleView.html?idxno=340291
2026-05-06,'외국인 3조 쓸어담았다' 코스피 7000선 돌파…'삼전닉스' 10% 넘게 폭등,0.0,1,1,https://www.thepublic.kr/news/articleView.html?idxno=303500
2026-05-06,선박의 '심장' 엔진주(株)는 갑자기 왜 불기둥 뿜을까? [이슈체크],0.0,0,0,https://news.mtn.co.kr/news-detail/2026050612523935290
2026-05-06,"트럼프 행정부 한국에 이란전쟁 참전 압박, 한국의 대미 투자에 악영향...",0.0,0,0,https://www.businesspost.co.kr/BP?command=article_view&num=437180
2026-05-06,‘새로운 도약’ 칠천피 시대…반도체 이끌고 외국인도 ‘폭풍 매수’,0.732,3,1,https://www.kukinews.com/article/view/kuk202605060173
2026-05-06,"[특징주] 두산에너빌리티, 부산 해운대 5234억 공동주택 수주에 강보합",0.38,1,0,https://www.tokenpost.kr/news/economy/356800
2026-05-06,[단독] '4조8000억' 서남권해상풍력에 한전 자회사 집결…두산에너빌 터...,0.0,0,0,https://www.asiatoday.co.kr/kn/view.php?key=20260506010001165
2026-05-06,[마감시황] 코스피 장중 7400선 돌파…차익실현에 7300선 마감,0.261,2,1,https://www.ajunews.com/view/20260506175922789
2026-05-06,"[종합] 코스피, '7천피' 시대 개막... 반도체 주도로 6% 치솟은 7,380선 마...",-0.261,0,1,https://www.getnews.co.kr/news/articleView.html?idxno=869477
2026-05-06,"[특징주] 두산에너빌리티, 부산 해운대에 5000억대 공동주택 짓는다… ...",0.38,1,0,https://www.newstnt.com/news/articleView.html?idxno=701285
2026-05-06,"두산에너빌리티, 5234억 부산명장공원 공동주택 수주 [공시pick]",0.38,1,0,http://www.joseilbo.com/news/news_read.php?uid=567790&class=17&grp=
2026-05-06,코스피 시총 증가분 80%가 삼전닉스…'축포 속 양극화' 커져,0.0,0,0,https://www.mk.co.kr/article/12037754
2026-05-06,"삼전·하닉 급등…코스피, 7000시대 개막",0.165,1,1,http://www.newstomato.com/ReadNews.aspx?no=1300043&inflow=N
2026-05-06,[오늘의 주요공시] 두산에너빌리티ㆍ한화ㆍ카카오뱅크 등,0.38,1,0,https://www.etoday.co.kr/news/view/2582083
2026-05-06,베트남서 조선업 드라이브 거는 HD현대,0.0,0,0,https://www.mk.co.kr/article/12037690
2026-05-06,7000 질주 코스피…장중 27만 전자·160만 닉스 ‘신고가’,0.645,2,0,https://www.seoul.co.kr/news/economy/securities/2026/05/06/20260506500229?wlog_tag3=naver
2026-05-06,"코스피, 6%대 급등 단숨에 7,384...시가총액 6천조 돌파",0.408,2,1,https://www.delighti.co.kr/news/articleView.html?idxno=116035
2026-05-06,"두산에너빌리티, 5234억 0천만 원 공동주택 공사수주→국내 주목",0.38,1,0,https://www.topstarnews.net/news/articleView.html?idxno=16053449
2026-05-06,코스피 7384 마감..사상 최고치 경신,-0.261,0,1,https://www.koreareport.co.kr/news/articleView.html?idxno=50300
2026-05-06,[칠천피 시대] ④ 47일 만에 '6000→7000'…8000 언제?,-0.261,0,1,http://www.hansbiz.co.kr/news/articleView.html?idxno=837185
2026-05-06,[코스피 지수선물 옵션] AI 기대감 폭발…반도체 선물 시장 지배했다,0.0,1,1,https://www.pinpointnews.co.kr/news/articleView.html?idxno=450852
2026-05-06,코스피 '7천피 시대' 개막···6.45% 급등해 7384.56 마감,0.165,1,1,https://www.smartbizn.com/news/articleView.html?idxno=143258
2026-05-06,"코스피, 꿈의 '7000피' 시대 열렸다…삼성전자 시총 '1조달러' 돌파",0.261,2,1,https://www.newsworks.co.kr/news/articleView.html?idxno=839947
2026-05-06,파죽지세 코스피… 사상 첫 7400선 터치하기도,0.0,0,0,https://www.newscj.com/news/articleView.html?idxno=3398779
2026-05-06,"코스피, 6% 급등 '칠천피' 시대 개막… '삼전·닉스' 또 신고가",0.762,3,1,https://it.chosun.com/news/articleView.html?idxno=2023092161583
2026-05-06,"1년도 안 됐는데 739% 상승… 삼천피→칠천피, 최대 수혜 종목은?",0.261,1,0,https://www.mt.co.kr/stock/2026/05/07/2026050614093684397
2026-05-06,코스피 7300선 사상 첫 돌파…외국인 3.5조 순매수에 '반도체 랠리',-0.322,1,2,https://www.goodkyung.com/news/articleView.html?idxno=286669
2026-05-06,"""단군 이래 가장 높은 코스피"" ...단숨에 7300선 돌파…삼성전자 '시총 ...",0.0,1,1,http://www.seoulwire.com/news/articleView.html?idxno=720021
2026-05-06,"외인, 삼전만 3조 샀다…코스피 7384p, 시총 6000조 돌파 [시황종합]",0.0,1,1,https://www.news1.kr/finance/market-exr/6158474
2026-05-06,코스피 7384.56 사상 최고 '행진'...상승폭 기준 역대 2위,0.351,2,1,https://www.g-enews.com/view.php?ud=202605061615144906df2f5bc1bc_1
2026-05-06,"코스피, 외국인·반도체 랠리에 '꿈의 7000피 시대' 개막…삼전·하닉 1...",0.261,1,0,http://www.newsprime.co.kr/news/article.html?no=732530
2026-05-06,"코스피, 6.45% 급등한 7384.56 마감...외국인, 반도체 관련주 폭풍 '매수...",0.1,1,1,https://www.pinpointnews.co.kr/news/articleView.html?idxno=450831
2026-05-06,"코스피, 6%대 급등 단숨에 7,380선…'꿈의 7천피' 시대 열었다(종합)",0.165,1,1,https://www.yna.co.kr/view/AKR20260506147200008?input=1195m
2026-05-06,[장중시황] 코스피 4% 상승한 사상 첫 7200 돌파...삼성전자·SK하이닉스...,0.488,2,0,https://www.g-enews.com/view.php?ud=202605060907321152df2f5bc1bc_1
2026-05-06,"코스피, 외인 '3조 순매수' 7384.56선 마감…삼전·하닉 10% 넘는 강세 [...",0.0,1,1,http://www.fnnews.com/news/202605061621492374
2026-05-06,코스피 7380선 거래 마치며 ‘칠천피 시대’ 열었다⋯26만전자ㆍ160만닉...,-0.322,0,1,https://www.etoday.co.kr/news/view/2582036
2026-05-06,우리자산운용 '두산그룹포커스 ETF' 상장 한 달 수익률 39.6%…동기 상장...,0.0,0,0,http://www.lawissue.co.kr/view.php?ud=2026050616235721359817d053b9_12
2026-05-06,"(마감시황) 코스피 7,384.56 ‘사상 최고치’…삼전닉스도 신고가 행진",0.513,2,1,https://www.news2day.co.kr/article/20260506500214
2026-05-06,[거래소 외국인] 삼성전자·현대차 쓸어 담고 SK스퀘어 삼성전자우 삼성...,0.0,0,0,https://www.pinpointnews.co.kr/news/articleView.html?idxno=450829
2026-05-06,"코스피, 사상 첫 7300선 돌파 마감...외국인 홀로 3조 넘게 매수",0.0,1,1,https://www.digitaltoday.co.kr/news/articleView.html?idxno=662918
2026-05-06,"[오늘증시] 코스피, 사상 최고치 7384.56 마감…시총 6000조 돌파",0.261,1,0,https://www.sidae.com/article/2026050615590163074
2026-05-06,[거래소 기관] 삼성전자 SK하이닉스 던지고 삼성전자우 SK스퀘어 삼성물...,0.0,0,0,https://www.pinpointnews.co.kr/news/articleView.html?idxno=450826
2026-05-06,"[마감시황] 코스피, 사상 최고 7400 첫 돌파…삼성 1조달러 클럽 진입도",0.261,1,0,https://www.newspim.com/news/view/20260506001069
2026-05-06,제품 포트폴리오 재설계한 두산에너빌 … 관계관리 탁월한 하나금융,0.0,0,0,https://www.mk.co.kr/article/12037592
2026-05-06,[‘꿈의 7천피 시대’ 개막] 반도체 싹쓸이한 외국인에 증시 ‘후끈’…...,0.322,1,0,http://www.segyebiz.com/newsView/20260506513543?OutUrl=naver
2026-05-06,"코스피, 7384.56P...역대 최고치 마감",0.604,2,0,https://www.cstimes.com/news/articleView.html?idxno=704549
2026-05-06,"삼전·하닉 10%대 급등에…코스피, 6% 올라 7380선 마감 [시황]",0.408,1,0,https://www.dailian.co.kr/news/view/1641301/?sc=Naver
2026-05-06,반도체 투톱 폭등…코스피 7380선 마감,0.0,1,1,https://www.mediapen.com/news/view/1097282
2026-05-06,코스피 '7300 시대' 열렸다…반도체 폭등에 장중 7400 돌파,-0.067,1,1,https://www.ziksir.com/news/articleView.html?idxno=132982
2026-05-06,[시황] '파죽지세' 코스피 7384.56 마감…한때 7400선 돌파도,0.0,1,1,http://www.newsdream.kr/news/articleView.html?idxno=111963
2026-05-06,"코스피, 7384.56 마감… 6.45% 급등",0.351,2,1,https://sateconomy.co.kr/news/view/1065595966902444
2026-05-06,"[마감시황] 코스피, 447.57포인트 오른 7384.56 마감",0.0,0,0,https://www.lcnews.co.kr/news/articleView.html?idxno=201727
2026-05-06,"코스피, 7300선 돌파 '최고치 랠리'...외국인 3조 순매수",0.261,2,1,http://www.metroseoul.co.kr/article/20260506500248
2026-05-06,"코스피,6%대 급등 단숨에 7,380선…'꿈의 7천피' 시대 활짝",0.165,1,1,http://www.seouleconews.com/news/articleView.html?idxno=91063
2026-05-06,"코스피, 7300선 장 마감 '최고치'…6%대 급등",0.165,1,1,https://view.asiae.co.kr/article/2026050615573410162
2026-05-06,[‘꿈의 7천피 시대’ 개막] 韓증시 새 역사,-0.261,0,1,http://www.segyebiz.com/newsView/20260506513447?OutUrl=naver
2026-05-06,반도체가 주도한 '칠천피'…26만전자·160만닉스 현실화,-0.261,0,1,http://www.smedaily.co.kr/news/articleView.html?idxno=356526
2026-05-06,"삼전·SK하닉 ‘급등’ 쌍끌이…코스피, 7384.56로 역대 최고치 마감",0.408,2,1,https://www.dt.co.kr/article/12061051?ref=naver
2026-05-06,[코스피 7000] '고공행진' 7300선 마감…'1등 공신'은 삼전·닉스,-0.261,0,1,https://news.tf.co.kr/read/economy/2320024.htm
2026-05-06,"코스피, 사상 첫 7300선 돌파…26만전자·160만닉스 달성[마감시황]",0.0,1,1,https://www.newsway.co.kr/news/view?ud=2026050615464839545
2026-05-06,﻿코스피 7천 시대 열렸다…삼성전자 1조달러·외국인 3조 '반도체 랠리...,0.0,1,1,https://www.ebn.co.kr/news/articleView.html?idxno=1707728
2026-05-06,"두산, 전시장 통째로 ‘실내 놀이공원’…어린이날 4,500명 웃음 채웠다",0.0,0,0,https://www.mk.co.kr/article/12037521
2026-05-06,[이슈] 김성환 장관의 ‘창원行’…AI시대 원전 재평가 신호탄,0.0,0,0,https://www.ekn.kr/web/view.php?key=20260506021552453
2026-05-06,"코스피, 반도체 초강세에 6% 급등한 7348.56 마감...외인 3.1조 순매수",0.645,2,0,http://www.opinionnews.co.kr/news/articleView.html?idxno=137961
2026-05-06,"[마감시황] 외국인 3조 순매수…코스피, 7384 역대 최고점 갈아치워",0.0,0,0,http://www.fieldnews.kr/news/articleView.html?idxno=28384
2026-05-06,[속보] ‘7천피’ 시대 열린 코스피…6.5% 급등한 7384로 장 마감,0.408,1,0,https://www.mk.co.kr/article/12037512
2026-05-06,성과급 논란과 공학 인재 육성,0.0,0,0,https://www.newsgn.com/news/articleView.html?idxno=550620
2026-05-06,"원일티앤아이, 고압연소식기화기 등 천연가스 설비 기술 경쟁력 극대화",0.322,1,0,https://www.pinpointnews.co.kr/news/articleView.html?idxno=450790
2026-05-06,"두산에너빌리티, 원전주 대표 대장주...오후 소폭 상승커브",0.537,2,0,https://www.cbci.co.kr/news/articleView.html?idxno=572583
2026-05-06,"보성파워텍, 철구조·중전기 사업 부문 강화로 전력 시장 핵심 기업 부...",0.261,1,0,https://www.pinpointnews.co.kr/news/articleView.html?idxno=450787
2026-05-06,"두산에너빌리티, 임직원·협력사 가족 초청 '두산가족문화제' 진행",0.0,0,0,https://www.businesskorea.co.kr/news/articleView.html?idxno=269008
2026-05-06,[로드픽]코스피는 사상 최고인데 원화는 추락… 한국 시장에 무슨 일이...,0.322,1,0,http://www.newsroad.co.kr/news/articleView.html?idxno=58983
2026-05-06,"[티타임] 코스피, 사상 첫 7400선 돌파…외인 2조400억 '사자'",0.0,1,1,https://www.sidae.com/article/2026050614091772563
2026-05-06,AI·원전·로봇 올라탄 두산 ETF…상장 한 달 만에 39.6%↑,0.0,0,0,https://www.sedaily.com/article/20040749?ref=naver
2026-05-06,"코스피, 7400선도 뚫었다…'27만 전자·162만 닉스'도 달성 [fn오후시황]",-0.537,0,2,http://www.fnnews.com/news/202605061359452343
2026-05-06,두산에너빌리티 세코서 두산가족문화제 개최,0.0,0,0,https://www.mt.co.kr/policy/2026/05/06/2026050613400222350
2026-05-06,외국인 1.6조 '사자'…삼전 15% 급등에 코스피 7400 돌파 [장중시황],0.408,2,1,https://www.news1.kr/finance/market-exr/6158115
2026-05-06,"[영상]""두려움 없이 도전해 또 다른 100년의 성장을 만들어 나가자""",0.322,1,0,https://www.businessplus.kr/news/articleView.html?idxno=111444
2026-05-06,"코스피, 7400선도 뚫었다⋯‘칠천피’ 돌파 후에도 최고가 경신 행진",-0.067,1,1,https://www.etoday.co.kr/news/view/2581915
2026-05-06,두산에너빌리티 우리기술 하락세 금양그린파워 서전기전 원전주 다시 꿈...,-0.261,0,1,https://www.cbci.co.kr/news/articleView.html?idxno=572541
2026-05-06,"코스피, 7300 넘어 '7400' 안착 시도...외인 순매수에 장중 6% 급등",0.1,2,2,http://www.opinionnews.co.kr/news/articleView.html?idxno=137929
2026-05-06,"코스피, 장중 7400선 위로…'27만전자' 도달(상보)",0.165,1,1,https://view.asiae.co.kr/article/2026050613222724983
2026-05-06,"""어디까지 올라가는 거예요?""…천장 모르는 코스피, 순식간에 7400선도 ...",-0.322,0,1,https://www.imaeil.com/page/view/2026050612540695996
2026-05-06,"[장중시황] 코스피, 장중 사상 첫 7400선 돌파…외국인 1.6조 순매수에 ...",0.197,2,1,https://www.ajunews.com/view/20260506125348111
2026-05-06,외국인 1.4조 '사자'…삼전 13% 급등에 코스피 7390 돌파 [장중시황],0.408,2,1,https://www.news1.kr/finance/market-exr/6158058
2026-05-06,"[경제소식] KB금융, DJ BIC 월드지수 10년 연속 편입",0.0,0,0,http://www.4th.kr/news/articleView.html?idxno=2111365
2026-05-06,"거침없는 코스피, ‘꿈의 7000 시대’ 열렸다",0.322,1,0,https://biz.heraldcorp.com/article/10731948?ref=naver
2026-05-06,"6000→7000, 석달도 안 걸렸다…37조 베팅 개미가 ‘칠천피’ 주도",0.0,0,0,https://biz.heraldcorp.com/article/10731920?ref=naver
2026-05-06,"[리더의 언어㉒]""두려움 없이 도전해 또 다른 100년의 성장을 만들어 나...",0.322,1,0,https://www.businessplus.kr/news/articleView.html?idxno=111437
2026-05-06,"코스피, 7300선 돌파 '파죽지세'…외국인 유입에 삼전·하닉 초강세 [fn오...",0.7,3,0,http://www.fnnews.com/news/202605061103549339
2026-05-06,"두산에너빌리티, 어린이날 맞아 대규모 가족문화제 개최",0.0,0,0,https://biz.heraldcorp.com/article/10731835?ref=naver
2026-05-06,"코스피 장중 외국인 순매수에 7310선 강세, 반도체주 급등에 사상 첫 '7...",0.645,2,0,https://www.businesspost.co.kr/BP?command=article_view&num=437140
2026-05-08,[이그공약상] '해상풍력단지 10GW'...제주 바다경관은 어쩌나,0.0,0,0,https://www.mediajeju.com/news/articleView.html?idxno=364182
2026-05-08,우리기술 주가 4거래일 '주춤'…8일장 어떤 시그널을?,0.067,1,1,https://www.cbci.co.kr/news/articleView.html?idxno=572920
2026-05-08,"두산에너빌리티 주가 날았다…52주 신고가 경신, '14만빌리티 여부는?'",0.645,2,0,https://www.cbci.co.kr/news/articleView.html?idxno=572924
2026-05-08,폭풍 매수하더니… 하루만에 7조 던진 외인들,0.0,0,0,https://www.kmib.co.kr/article/view.asp?arcid=1778143515&code=11151200&cp=nv
2026-05-07,"강명상 창원시장 후보 ""마산해양신도시, K-디지털 콘텐츠 산업 거점으로...",0.0,0,0,https://view.asiae.co.kr/article/2026050723084669355
2026-05-07,"코스피, 사상 최고치로 마감...두산에너빌리티, HD현대중공업 상승 VS 삼...",0.261,1,0,http://www.econonews.co.kr/news/articleView.html?idxno=437711
2026-05-07,"강명상 창원시장 후보 ""마산해양신도시, K-디지털 콘텐츠 중심지로 전환...",0.0,0,0,https://www.gnnews.co.kr/news/articleView.html?idxno=636383
2026-05-07,"부산 명장공원 사업, 두산에너빌리티 수주",0.38,1,0,http://www.kookje.co.kr/news2011/asp/newsbody.asp?code=0200&key=20260508.22010001675
2026-05-07,'빚투' 부추길라… 위험종목 미수거래 규제 완화에 우려 목소리,0.322,1,0,http://www.fnnews.com/news/202605071822349798
2026-05-07,'또 사상 최고치' 코스피 7490선 마감…장중 7500선 터치,0.067,1,1,https://www.newsgn.com/news/articleView.html?idxno=551016
2026-05-07,"한달새 43%↑… 두산, 그룹ETF수익률 1위",0.0,0,0,https://www.mk.co.kr/article/12039481
2026-05-07,"7500 터치한 코스피…韓증시 시총, 캐나다 제치고 글로벌 7위",0.537,2,0,https://www.hankyung.com/article/2026050724081
2026-05-07,"코스피, 역대급 상승에 3일만에 거래대금 150조 넘어…대형주 거래 쏠림...",0.261,1,0,https://www.etoday.co.kr/news/view/2582484
2026-05-07,"""外人 7조 팔았는데"" 코스피 7490.05 상승 마감…개인-외국인 '고지전'",0.0,1,1,https://economist.co.kr/article/view/ecn202605070036
2026-05-07,"AI 전력난에 열린 美 원전시장…K원전, 'MANUGA'로 도약 노린다",0.0,0,0,https://www.econovill.com/news/articleView.html?idxno=739593
2026-05-07,"외국인 7조 팔아도 코스피 또 최고치…장중 7,500 첫 돌파",0.7,3,0,https://www.polinews.co.kr/news/articleView.html?idxno=730462
2026-05-07,"코스피, 외국인 7조원대 '역대급 매도'에도 사상 최고 마감…개인·기관...",0.775,3,0,https://www.goodkyung.com/news/articleView.html?idxno=286718
2026-05-07,"코스피, 차익실현 외국인 투매에도 또 최고치 경신... 7,490대서 마감",0.0,0,0,https://www.getnews.co.kr/news/articleView.html?idxno=869583
2026-05-07,"K원전 팀코리아, 체코 성공 경험으로 베트남 ‘닌투언 원전 2호기’ 정...",0.0,0,0,https://sateconomy.co.kr/news/view/1065597411820788
2026-05-07,외국인이 팔아도 코스피는 간다...7490으로 사상 최고치 경신,0.0,0,0,https://www.livebiz.today/news/articleView.html?idxno=201976
2026-05-07,"코스피, 종가 기준 사상 '최고치' 7490.05로 마감-장중 7500선 터치",0.0,1,1,http://www.techholic.co.kr/news/articleView.html?idxno=221095
2026-05-07,외국인 역대급 순매도에도 개인·기관 '사자'에 코스피 신고가,0.645,2,0,http://www.sisafocus.co.kr/news/articleView.html?idxno=359730
2026-05-07,"외국인 순매도에도…코스피 7,490대 마감하며 최고치 경신",0.261,1,0,http://mbnmoney.mbn.co.kr/news/view?news_no=MM1005829643
2026-05-07,[마감시황] 코스피 또 최고치…반도체 랠리에 7490선 안착,-0.261,0,1,https://www.ajunews.com/view/20260507170421117
2026-05-07,코스피 장중 7500 터치...외인 역대 최대 매도 속 7490선 마감,0.261,1,0,https://www.greened.kr/news/articleView.html?idxno=340355
2026-05-07,코스피 7500도 뚫었다… 삼성·SK하닉 최고가 경신,0.0,0,0,https://www.newscj.com/news/articleView.html?idxno=3399090
2026-05-07,코스피 또 최고가 썼다…외인 매도에도 7490선 마감,0.261,1,0,http://www.newstomato.com/ReadNews.aspx?no=1300212&inflow=N
2026-05-07,코스피 7490 마감…외국인 역대급 매도에도 최고치 경신,0.0,0,0,https://www.kukinews.com/article/view/kuk202605070152
2026-05-07,"외인 대거 팔았지만 코스피 또 사상 최고…7,490대 마감(종합2보)",0.261,1,0,https://www.yna.co.kr/view/AKR20260507143751008?input=1195m
2026-05-07,"[오늘증시]코스피, 사상 첫 7400선 돌파…외국인 매도에도 반도체 대형...",-0.229,2,2,http://www.queen.co.kr/news/articleView.html?idxno=456493
2026-05-07,"[마감시황] 코스피, 어느덧 7500선 턱 밑…또 최고치 경신",0.261,1,0,http://www.hansbiz.co.kr/news/articleView.html?idxno=837461
2026-05-07,"[마감] 코스피, 장중 7531선 돌파…외국인 매도에도 신고가",0.488,3,1,https://mdtoday.co.kr/news/view/1065598935111826
2026-05-07,[코스피 지수선물 옵션] 방산·조선은 흔들리고 반도체는 질주…선물시...,0.0,0,0,https://www.pinpointnews.co.kr/news/articleView.html?idxno=451126
2026-05-07,"""美 원전 재건은 K-원전의 기회""...'MANUGA' 구상 본격 논의",0.0,0,0,https://www.energy-news.co.kr/news/articleView.html?idxno=225208
2026-05-07,"""외인, 오늘만 7조 던졌다""...폭풍 매도한 '네 종목' 봤더니",0.322,1,0,https://www.mt.co.kr/stock/2026/05/08/2026050716332265134
2026-05-07,"코스피, 외국인 최대 매도에도 '최고치'···반도체·자동차주 상승 견...",0.261,1,0,https://www.seoulfn.com/news/articleView.html?idxno=628232
2026-05-07,"코스피, 외인 '7조 매도' 뚫고 7490선 마감…종가 사상 최고치·'27만전자...",0.322,1,0,http://www.the-biz.co.kr/news/articleView.html?idxno=720120
2026-05-07,[상대강도과열 종목] 파두·심텍·서진시스템 폭풍 질주…반도체 장비주...,0.38,1,0,https://www.pinpointnews.co.kr/news/articleView.html?idxno=451120
2026-05-07,[마감시황] 외국인 7조 매도! 개인이 코스피 7490 사수했다,0.0,1,1,https://www.newspim.com/news/view/20260507001117
2026-05-07,코스피 또 최고가 7490선 안착···장중 7500 돌파 후 롤러코스터 장세,0.56,3,1,https://www.smartbizn.com/news/articleView.html?idxno=143355
2026-05-07,"코스피, 외국인 7조 매도에도 사상 최고…7490선 마감",0.322,1,0,https://www.ziksir.com/news/articleView.html?idxno=133174
2026-05-07,"외인 역대최대규모 매도에도 코스피 또 사상 최고…7,490대 마감",0.261,1,0,https://www.delighti.co.kr/news/articleView.html?idxno=116096
2026-05-07,코스피 1.43% 상승한 7490.05 마감...3거래일 연속 '사상최고치' 경신,0.261,1,0,https://www.g-enews.com/view.php?ud=202605071533482456df2f5bc1bc_1
2026-05-07,"코스피, 外人 '역대 최대 순매도'에도 개인·기관 '사자'에 최고치 경신...",0.261,1,0,http://www.newsprime.co.kr/news/article.html?no=732688
2026-05-07,"코스피, 이틀 연속 사상 최고치 경신…7490선 마감",-0.261,0,1,https://www.ezyeconomy.com/news/articleView.html?idxno=235271
2026-05-07,"코스피 7500, 꿈이 아닌 현실…삼성전자 27만원 돌파",0.261,1,0,https://www.ddaily.co.kr/page/view/2026050716243879792
2026-05-07,'꿈의 7천피'도 뚫었다…7490으로 역대 최고치 마감,0.408,1,0,https://www.nocutnews.co.kr/news/6513650?utm_source=naver&utm_medium=article&utm_campaign=20260507042407
2026-05-07,‘7000피’ 코스피 1.43% 상승 마감…사흘째 종가 최고치 행진,0.537,2,0,http://www.edaily.co.kr/news/newspath.asp?newsid=06871606645446624
2026-05-07,코스피 7500 눈앞… '27만전자·165만닉스' 달성,0.0,1,1,https://it.chosun.com/news/articleView.html?idxno=2023092161680
2026-05-07,외국인 8.5조 던졌지만 삼전·SK하닉은 달렸다…코스피 7490선 최고치,0.322,1,0,https://www.dt.co.kr/article/12061318?ref=naver
2026-05-07,외인 7조 '매도 폭탄' 개미가 막았다…코스피 사상 첫 7400선 마감 [시황...,0.0,0,0,https://www.news1.kr/finance/market-exr/6159763
2026-05-07,외인 팔고 개인 받고…반도체 불기둥 속 코스피 7490선 마감,0.0,1,1,https://www.mediapen.com/news/view/1097546
2026-05-07,"[오늘증시]코스피, 7500 찍고 사상 최고치 '7490.05' 마감",0.0,1,1,https://www.sidae.com/article/2026050715393598771
2026-05-07,'칠천피' 시대 연 코스피 고공행진…7490 마감,0.0,0,0,https://www.pointdaily.co.kr/news/articleView.html?idxno=304141
2026-05-07,"외인 대거 팔았지만 코스피 또 사상 최고…7,490대 마감(종합)",0.261,1,0,https://www.yna.co.kr/view/AKR20260507143700008?input=1195m
2026-05-07,"(마감시황) 코스피, 외인 매도에도 '7,490선' 안착…반도체 신고가 랠리",0.462,1,0,https://www.news2day.co.kr/article/20260507500208
2026-05-07,"코스피, '또' 사상 최고치 7490선 마감…韓 증시 시총 세계 '7위' 등극",0.0,1,1,https://www.newsworks.co.kr/news/articleView.html?idxno=840075
2026-05-07,개미가 멱살 잡고 간다…코스피 7490선 마감 '최고가 랠리',-0.261,0,1,https://www.hankyung.com/article/2026050718076
2026-05-07,"外人 투매에도, 코스피 '또 신고가'...반도체·건설주 '껑충'",0.462,1,0,http://www.choicenews.co.kr/news/articleView.html?idxno=164936
2026-05-07,"코스피, 사상 최고치 마감…반도체·자동차株 상승 견인[마감시황]",0.0,1,1,https://www.ekn.kr/web/view.php?key=20260507021072825
2026-05-07,코스피 1.4% 상승 반도체 자동차 동반 강세,0.261,2,1,https://www.newsclaim.co.kr/news/articleView.html?idxno=3062939
2026-05-07,[거래소 외국인] 삼성전자 2조 넘게 던졌다…두산에너빌리티 KB금융 POSC...,0.0,0,0,https://www.pinpointnews.co.kr/news/articleView.html?idxno=451110
2026-05-07,"[마감시황] 코스피, 7490.05로 마감…장중 7531.88까지 오르며 52주 최고...",0.0,0,0,https://www.seoul.co.kr/news/economy/securities/2026/05/07/20260507500201?wlog_tag3=naver
2026-05-07,"[마감시황] 코스피, 또 사상 최고치 경신…7490선 마감",0.0,0,0,http://www.segyebiz.com/newsView/20260507513962?OutUrl=naver
2026-05-07,코스피 또 최고치…코스닥은 연이틀 하락 [MTN 마감시황],0.322,2,1,https://news.mtn.co.kr/news-detail/2026050716030262986
2026-05-07,[서울데이터랩]마감 직후 인기 검색 종목 20選,0.261,1,0,https://www.seoul.co.kr/news/economy/securities/2026/05/07/20260507500204?wlog_tag3=naver
2026-05-07,"코스피, 연이어 최고치 '7500' 부근 마감 … 반도체 투톱 신고가",0.604,3,1,https://biz.newdaily.co.kr/site/data/html/2026/05/07/2026050700258.html
2026-05-07,[거래소 기관] SK하이닉스·삼성전자 대거 담았다…반도체로 쏠린 자금...,0.322,1,0,https://www.pinpointnews.co.kr/news/articleView.html?idxno=451109
2026-05-07,"코스피 7500선 바짝, 삼성전자·SK하이닉스 반도체주 강세에 '빨간불'",0.537,2,0,https://www.gukjenews.com/news/articleView.html?idxno=3575833
2026-05-07,"코스피, ‘사흘 연속’ 종가 최고치…개인 6조 순매수 [시황]",0.0,0,0,https://www.dailian.co.kr/news/view/1641736/?sc=Naver
2026-05-07,“27만 전자‧165만 닉스 찍었다”…코스피 7490 ‘또 최고치’ 마감[이...,-0.067,1,1,https://www.sedaily.com/article/20041335?ref=naver
2026-05-07,반도체 이어 건설·원전 상승세…종전 기대에 방산은 약세,0.7,3,1,http://weekly.chosun.com/news/articleView.html?idxno=51353
2026-05-07,"코스피, 1.43% 오른 7490.05 마감...개미·기관이 외인 '팔자' 받아냈다",0.322,1,0,http://www.opinionnews.co.kr/news/articleView.html?idxno=138044
2026-05-07,롤러코스터 코스피 7490선 마감...외국인 7조 넘게 팔아,0.0,1,1,https://www.digitaltoday.co.kr/news/articleView.html?idxno=663431
2026-05-07,코스피 7490.05 마감...장중 7531 까지 치솟으며 또 사상 최고,0.261,1,0,https://www.ebn.co.kr/news/articleView.html?idxno=1707901
2026-05-07,"외인 7조 던져도 ""코스피 사상 최고치""...개미가 일냈다",0.322,1,0,https://www.mt.co.kr/stock/2026/05/07/2026050715574314432
2026-05-07,"7500선 앞둔 코스피, 7490선 마감⋯ 또 사상 최고치",0.408,2,1,https://www.etoday.co.kr/news/view/2582438
2026-05-07,"코스피, 사상 최고치 행진…7490선 마감",0.0,0,0,https://www.cstimes.com/news/articleView.html?idxno=704765
2026-05-07,코스피 7490.05 또 사상 최고…장중 7531까지 올라,0.0,0,0,http://www.thebigdata.co.kr/view.php?ud=202605071551593869c808fa9903_23
2026-05-07,"외인 7조 매도 폭탄도 이겼다…코스피, 반도체·차 랠리에 7490선 마감[마...",0.261,1,0,https://www.newsway.co.kr/news/view?ud=2026050715534841195
2026-05-07,"코스피, 장중 7500 찍고 ‘숨고르기’…외인 ‘팔자’에 보합권 혼조",0.165,1,1,https://www.munhwa.com/article/11587461?ref=naver
2026-05-07,"[속보] 코스피, 또 '사상 최고치' 7490선 마감…코스닥은 1% 하락",-0.261,1,2,https://www.kado.net/news/articleView.html?idxno=2048804
2026-05-07,"'7500 넘본다' 코스피, 역대 최고치 마감",0.0,1,1,https://view.asiae.co.kr/article/2026050715530139015
2026-05-07,"진격의 코스피,또 사상 최고치 행진…7,490 마감",0.261,1,0,http://www.seouleconews.com/news/articleView.html?idxno=91095
2026-05-07,허성무 의원 “‘마누가’는 소중한 기회…국회 입법 지원”,0.0,0,0,https://www.sedaily.com/article/20041329?ref=naver
2026-05-07,[시황] '불기둥' 코스피 7490선 마감…장중 '7500선 돌파',0.488,2,0,http://www.newsdream.kr/news/articleView.html?idxno=111984
2026-05-07,반도체 랠리 이어간 코스피 7490대로 美·이란종전 기대감…삼성전자 2...,0.0,0,0,http://www.smedaily.co.kr/news/articleView.html?idxno=356601
2026-05-07,"[마감시황] 코스피, 105.48포인트 오른 7490.04 마감",0.0,1,1,https://www.lcnews.co.kr/news/articleView.html?idxno=201800
2026-05-07,'불장' 속 투자위험 종목도 미수거래 가능해진다…'빚투' 증가 속도붙나,0.0,0,0,http://www.fnnews.com/news/202605071527362634
2026-05-07,[마감 시황] 개인 6조 순매수에 코스피 7500 터치,0.0,0,0,http://www.fieldnews.kr/news/articleView.html?idxno=28421
2026-05-07,"""AI면 된다""…반도체·인프라 ETF 판 커졌다",0.462,1,0,https://www.newsway.co.kr/news/view?ud=2026050712464195034
2026-05-07,"[속보] ‘7천피’ 코스피, 또 사상 최고치 행진…7490 마감",0.0,0,0,https://www.mk.co.kr/article/12039212
2026-05-07,반도체 숨고르는 사이 건설·원전 '질주'…종전 기대에 방산 '하락세',0.0,1,1,https://www.news1.kr/finance/market-exr/6159622
2026-05-07,"코스피 7000인데⋯체감은 ""네카오 2000피, 반도체 1만피""",0.0,0,0,https://www.etoday.co.kr/news/view/2582400
2026-05-07,“美 원전 시장 전략적으로 노려야”…‘팀 코리아’가 答,0.0,0,0,https://www.smarttoday.co.kr/ko-kr/articles/107286
2026-05-07,"[6·3창원]강명상 ""해양신도시, K-디지털 콘텐츠 산업 거점""",0.0,0,0,https://www.newsis.com/view/NISX20260507_0003620336
2026-05-07,[기업家] 두산그룹 ②ㅣ 미래 산업 총력전…투자·협력·실적 '동시 질주...,0.0,0,0,https://www.cbci.co.kr/news/articleView.html?idxno=572877
2026-05-07,'꿈의 칠천피? 삼전·닉스 빼면 4100'…돈 못 번 개미들 탄식 [분석+],0.0,0,0,https://www.hankyung.com/article/2026050715306
2026-05-07,[티타임] 코스피 7430선 회복…개인 5조원 매수하며 지수 하락 방어,0.0,1,1,https://www.sidae.com/article/2026050713462899316
2026-05-11,[주간수급리포트] 코스피 7500선 '바짝'⋯외국인 6조 매도 폭탄을 개인·...,0.0,0,0,https://www.etoday.co.kr/news/view/2582850
2026-05-11,두산에너빌리티 주가 약세 후 흐름은?…미국-이란 협상 진전 여부 촉각,-0.537,0,2,https://www.cbci.co.kr/news/articleView.html?idxno=573469
2026-05-11,"코스피, 1만 넘어 2만도 바라본다 [홍길용의 화식열전]",0.0,0,0,https://biz.heraldcorp.com/article/10734719?ref=naver
2026-05-10,20대 기업 영업익 90% ‘삼전닉스’…재정 ‘재분배 역할’ 더 커져,0.0,0,0,https://www.khan.co.kr/article/202605102020015
2026-05-10,1억 이상 굴리는 ‘큰손 개미’ 역대 최대,0.0,0,0,http://www.segyebiz.com/newsView/20260510508826?OutUrl=naver
2026-05-10,따뜻한 햇살 아래 진해 편백숲길 걸으며 주말 만끽,0.0,0,0,https://www.idomin.com/news/articleView.html?idxno=2005361
2026-05-10,"'불황' 건설·석화업계, 단기채 의존해 자금 조달",0.0,0,0,http://www.fnnews.com/news/202605101810113070
2026-05-10,"현대차, 지산지소형 수소시티 탄력…AI·로봇 이어 ‘3대 핵심축’ 본궤...",0.0,0,0,https://www.sedaily.com/article/20042233?ref=naver
2026-05-10,코스피 랠리에…1억 이상 통큰 주문 역대 최대,0.0,0,0,https://news.tf.co.kr/read/economy/2321034.htm
2026-05-10,'역대급' 코스피에 몰려든 '왕개미'…1억원 이상 주문 급증,0.0,0,0,https://www.sidae.com/article/2026051015300754345
2026-05-10,‘삼전닉스’가 시총 20대 기업 영업이익 90% 차지···“정부가 재정으...,0.0,0,0,https://www.khan.co.kr/article/202605101525001
2026-05-10,"건설·석화, 짧아지는 자금줄…단기물 시장 의존도 커진다[fn마켓워치]",0.0,0,0,http://www.fnnews.com/news/202605101216323636
2026-05-10,코스피 질주에 '큰손 개미' 몰린다…1억 이상 주문 '역대 최대',0.0,0,0,https://www.newsis.com/view/NISX20260510_0003623168
2026-05-10,[힘내라 K산업]③글로벌로 뻗는 ‘정기선’ 영토확장…베트남서 新수익...,0.0,0,0,https://www.asiatime.co.kr/article/20260510500089
2026-05-10,[1% 초고수의 주간 선택] 'NAVER' 사고 'DL이앤씨' 팔았다,0.0,0,0,https://www.ebn.co.kr/news/articleView.html?idxno=1708116
2026-05-10,AI 열풍 따라 지방 부동산도 꿈틀… 용인 반도체 클러스터,0.0,0,0,https://weekly.donga.com/3/all/11/6217960/1
2026-05-10,두산에너빌리티·우리기술 등 약세 흐름…원전주 전반 '먹구름' 새주장...,-0.537,0,2,https://www.cbci.co.kr/news/articleView.html?idxno=573367
2026-05-09,"이영조 중부발전 사장 ""안전은 최우선 가치""…'해상 구조훈련' 진두지휘",0.0,0,0,https://www.cstimes.com/news/articleView.html?idxno=704972
2026-05-09,"오토데스크, 영업이익율 하락…반도체·스마트팩토리 시장서 성장동력...",0.067,1,1,https://www.ddaily.co.kr/page/view/2026050910004617145
2026-05-09,“장원영도 쓸 정도면” 외국인이 1조 넘게 폭풍 매수…‘K-뷰티’ 새 대...,0.0,0,0,https://biz.heraldcorp.com/article/10734002?ref=naver
2026-05-09,"강성휘 ""시민 호주머니 채우는 일 잘하는 시장""…개소식 지지자 2000명 집...",0.0,0,0,https://www.kpinews.kr/newsView/1065593592995121
2026-05-09,[2026 전기사랑 마라톤] 5월 하늘빛으로 하나된 전기인…연대·화합 의미...,0.0,0,0,https://www.electimes.com/news/articleView.html?idxno=367818
2026-05-09,"이창대 대표 ""반도체 강세 이어 2차전지도 업황 반전 기대"" [경제일타강...",0.537,2,0,https://news.mtn.co.kr/news-detail/2026050717182329763
2026-05-09,5월 1주차 두산에너빌리티 주가 13만원대 등락,0.261,1,0,https://www.topstarnews.net/news/articleView.html?idxno=16056022
2026-05-09,"세대별 투자 성향 갈려…10대는 美 ETF, 50대 이상은 조선·방산 대형주",0.0,0,0,https://www.sedaily.com/article/20041994?ref=naver
2026-05-09,[주간 거래소 외국인] 두산로보틱스·POSCO퓨처엠 쓸어담기…성장주 베...,0.322,1,0,https://www.pinpointnews.co.kr/news/articleView.html?idxno=451468
2026-05-09,[주간 기관 거래소] SK하이닉스 압도적 순매수 1위…반도체 중심 포트폴...,0.0,0,0,https://www.pinpointnews.co.kr/news/articleView.html?idxno=451467
2026-05-09,기자재 국산화에 단가도 인하되니…정부 풍력 입찰 마감 직전까지 업체...,0.0,0,0,https://biz.heraldcorp.com/article/10733953?ref=naver
2026-05-09,두산에너빌리티 주가 주말 앞두고 '털썩'…새주장 반등 여부 촉각,0.0,1,1,https://www.cbci.co.kr/news/articleView.html?idxno=573185
2026-05-12,"""에너지 안보, AI 인프라 모두 충족""…원전株, 결국 간다",0.0,0,0,http://www.fnnews.com/news/202605111850137398
2026-05-12,두산에너빌리티·우리기술 등 원전주 주가 지난장 '동반 약세'…향후 흐...,-0.537,0,2,https://www.cbci.co.kr/news/articleView.html?idxno=573762
2026-05-12,"'50만전자·300만닉스' 말 나오더니...""일만피 간다"" 눈높이 더 올랐다",0.165,1,1,https://www.mt.co.kr/stock/2026/05/12/2026051120002650656
2026-05-12,640%나 뛰었는데도 “저평가”…10년 수퍼사이클 탈 K원전주 5,0.682,2,0,https://www.joongang.co.kr/article/25427497
2026-05-12,국내 주요 대기업들도 성과급 상한 적용,0.0,0,0,https://www.chosun.com/economy/tech_it/2026/05/12/FBB6C32WG5BWVMCXZSVZD354ZU/?utm_source=naver&utm_medium=referral&utm_campaign=naver-news
2026-05-12,"개미 80%, 주식으로 평균 848만원 벌었다",0.0,0,0,https://www.chosun.com/economy/money/2026/05/12/FXDG4MENSVE6PEU2SNIDFSECAY/?utm_source=naver&utm_medium=referral&utm_campaign=naver-news
2026-05-12,두산에너빌리티 주가 주초부터 '숨고르기'…원전주 투자심리 향방 주목,-0.322,0,1,https://www.cbci.co.kr/news/articleView.html?idxno=573677
2026-05-11,18번째 ‘매치 퀸’의 역사가 시작된다…KLPGA투어 두산매치플레이 13일...,0.0,0,0,https://swtvnews.com/news/newsview.php?ncode=1065616880766358
2026-05-11,전쟁 와중에도 1분기 주식 매도 개미 10명 중 8명 ‘이익’···최대 수...,0.0,0,0,https://www.khan.co.kr/article/202605112136005
2026-05-11,"코스피, 종가 기준 사상 최고치 또 경신...SK하이닉스, SK스퀘어 상승 V...",0.261,1,0,http://www.econonews.co.kr/news/articleView.html?idxno=437961
2026-05-11,"신한證, 1분기 개인투자자 분석…70대 이상 평균 1873만원 '최고 수익'",0.0,0,0,http://www.whitepaper.co.kr/news/articleView.html?idxno=262316
2026-05-11,"[금융 HOT 뉴스] 신한투자증권 ""1분기 개인 투자자 80% 수익""",0.0,0,0,http://www.bizwnews.com/news/articleView.html?idxno=136185
2026-05-11,"""미국–이란 전쟁에도 개미 웃었다…평균 수익 848만원""",0.0,0,0,https://www.asiatime.co.kr/article/20260511500438
2026-05-11,“1분기 다들 848만원 차익실현하셨죠? 평균입니다”,0.0,0,0,https://www.munhwa.com/article/11588213?ref=naver
2026-05-11,코스피 8000도 '가시권',0.0,0,0,http://www.econotelling.com/news/articleView.html?idxno=20353
2026-05-11,"""불장에도 털린 건 나뿐인가""...40대 398만원씩 '수익', 70대는 1800만원...",0.0,0,0,http://www.fnnews.com/news/202605111311178696
2026-05-11,"수익·손실 1위 종목 모두 '삼성전자'…신한투자증권, 1분기 국내 주식...",0.0,0,0,https://www.thepublic.kr/news/articleView.html?idxno=303989
2026-05-11,코스피 사상 첫 7800선 돌파…5거래일 연속 상승,0.261,2,1,http://www.sisafocus.co.kr/news/articleView.html?idxno=359876
2026-05-11,'실버개미' 앞세운 동학개미 이번엔 '수익 적중'…80% 주식 팔아 돈 벌어,0.0,0,0,http://www.fnnews.com/news/202605111822511136
2026-05-11,"코스피, 사상 첫 7,800선 돌파…‘8천피’까지 -177",0.261,2,1,http://www.jndn.com/article.php?aid=1778490087432277095
2026-05-11,"수익도 삼성전자, 손실도 삼성전자…1분기 개미 성적표 보니",0.0,0,0,https://biz.chosun.com/stock/stock_general/2026/05/11/2VWCSNA2FNB2XFJP35RGKR2O44/?utm_source=naver&utm_medium=original&utm_campaign=biz
2026-05-11,미-이란 전쟁 충격 속에서도 ‘개미’ 방긋...“1분기 10명 중 8명은 수...,0.0,0,0,https://economist.co.kr/article/view/ecn202605110031
2026-05-11,1분기 '전쟁통'에도 개미 80%는 벌었다,0.261,1,0,https://www.mk.co.kr/article/12043558
2026-05-11,"코스피 7822 마감, 역대 최고치 또 경신…반도체株 강세 주도",0.0,1,1,https://www.industrynews.co.kr/news/articleView.html?idxno=80906
2026-05-11,대미투자 1호에 SMR 급부상,0.0,0,0,https://www.sedaily.com/article/20042693?ref=naver
2026-05-11,"[마감시황] 코스피 7,822.24로 마감…하루 만에 4.32% 급등, 52주 최고치...",0.732,3,1,https://www.seoul.co.kr/news/economy/securities/2026/05/11/20260511500255?wlog_tag3=naver
2026-05-11,전쟁에도 '개미'는 웃었다…1분기 주식 투자자 80% 수익,0.0,0,0,https://www.mediapen.com/news/view/1098213
2026-05-11,"[기획]지지부진 해상풍력 빈 자리…""수력·양수발전이 최선 대안""",0.38,1,0,https://view.asiae.co.kr/article/2026051014554119405
2026-05-11,"진격의 코스피, 7800선도 가볍게 돌파...외국인, 3거래일째 '팔자'",0.261,2,1,https://www.delighti.co.kr/news/articleView.html?idxno=116225
2026-05-11,"코스피, 4% 급등 사상 첫 7,800선 돌파…SK하이닉스·삼성전자 신고가",0.834,4,1,https://www.fntoday.co.kr/news/articleView.html?idxno=384171
2026-05-11,"[마감] 코스피 7800 돌파, 외국인 매도에도 개인·기관 매수세가 지수 끌...",-0.067,2,2,https://mdtoday.co.kr/news/view/1065600829746114
2026-05-11,"코스피, 시총 7천조·반도체 또 신고가… 8천까지 2% 남아",0.853,4,1,https://it.chosun.com/news/articleView.html?idxno=2023092161875
2026-05-11,"코스피, 사상 첫 7800선 돌파…'8천피' 눈앞",0.261,2,1,http://www.smarttimes.co.kr/news/articleView.html?idxno=45423
2026-05-11,"코스피, 11일에도 '폭풍질주' 지속... 사상 첫 7,800선 돌파",0.261,2,1,https://www.getnews.co.kr/news/articleView.html?idxno=869838
2026-05-11,"[컬처핏 A+(69)] 원전 설비 만드는 두산에너빌리티, 정밀·안전·협업 중...",0.0,0,0,https://www.news2day.co.kr/article/20260511500095
2026-05-11,[마감시황] 반도체가 끌고 자동차가 밀었다…코스피 7800 안착,0.067,1,1,http://www.hansbiz.co.kr/news/articleView.html?idxno=838079
2026-05-11,"AI 전력원 부상…두산에너빌, 가스터빈 이어 스팀터빈도 수주 행진",0.38,1,0,https://biz.heraldcorp.com/article/10735369?ref=naver
2026-05-11,"코스피 7800선 안착, '8천피' 보인다···28만전자·188만닉스",-0.067,1,1,https://www.seoulfn.com/news/articleView.html?idxno=628465
2026-05-11,"코스피, 사상 첫 7800선 돌파… 삼성·SK하닉 사상 최고치 경신",0.261,2,1,https://www.newscj.com/news/articleView.html?idxno=3399959
2026-05-11,[데일리픽] 300년 쓰는 '물 배터리' 등장…암호화폐 강세론 과열 주의보,0.322,1,0,https://www.digitaltoday.co.kr/news/articleView.html?idxno=664517
2026-05-11,[코스피 지수선물 옵션] 삼성전자·SK하이닉스 불기둥… 개별주식선물 ...,0.0,1,1,https://www.pinpointnews.co.kr/news/articleView.html?idxno=451920
2026-05-11,"[오늘증시]코스피, 5거래일 연속 최고치 ""7900선 눈앞""…반도체·현대차...",0.0,1,1,http://www.queen.co.kr/news/articleView.html?idxno=456664
2026-05-11,"코스피, 4% 넘게 급등하며 사상 첫 7,800선 마감",0.408,2,1,http://mbnmoney.mbn.co.kr/news/view?news_no=MM1005832368
2026-05-11,"(마감시황)코스피 7,800선 안착…반도체 랠리에 삼전·하이닉스 최고가",0.067,1,1,https://www.news2day.co.kr/article/20260511500144
2026-05-11,"전쟁 악재에도 웃은 개미들...신한證 ""개미 10명 중 8명 수익""",0.0,0,0,http://www.metroseoul.co.kr/article/20260511500362
2026-05-11,"[DB속이야기]개인투자자 80%, 1분기 국내주식 수익 실현…평균 848만원 벌...",0.0,0,0,https://www.nspna.com/news/?mode=view&newsid=812522
2026-05-11,"[마감시황] 코스피, 개인 '사자'에 8000선 턱밑까지 올랐다…또 종가 기...",0.0,0,0,https://www.ajunews.com/view/20260511163837497
2026-05-11,"사상 첫 7,800선 돌파…'8천피' 고지 눈앞",0.261,2,1,http://mbn.mk.co.kr/pages/news/newsView.php?category=mbn00003&news_seq_no=5193099
2026-05-11,"8천피 턱밑까지 오른 날 ""1만피 간다""…국내외 증권사들 이구동성",0.0,1,1,https://www.mt.co.kr/stock/2026/05/12/2026051116292165447
2026-05-11,코스피 7800선 넘어… 반도체주 강세,0.067,1,1,https://sateconomy.co.kr/news/view/1065598268853879
2026-05-11,코스피 4% 넘게 급등하며 7800선 넘겨…8000선 '가시권',0.408,2,1,https://www.mediapen.com/news/view/1098179
2026-05-11,"4거래일 연속 오른 코스피, 7800선 돌파… SK하이닉스 11% 급등",0.604,2,0,https://www.womennews.co.kr/news/articleView.html?idxno=277319
2026-05-11,"‘팔천피’ 200P도 안 남았다…코스피, 7800 돌파 [투자360]",0.261,2,1,https://biz.heraldcorp.com/article/10735437?ref=naver
2026-05-11,"[이슈] 코스피 7,800 첫 돌파…반도체 폭등 속 '8천피' 눈앞",0.56,3,1,https://www.polinews.co.kr/news/articleView.html?idxno=730826
2026-05-11,'반도체 랠리' 코스피 7820선으로 28만전자·188만닉스까지 올랐다,-0.261,0,1,http://www.smedaily.co.kr/news/articleView.html?idxno=356781
2026-05-11,"'브레이크 없는 코스피' 또 신고가 경신 ...""9000피 간다""",0.462,2,1,https://economist.co.kr/article/view/ecn202605110037
2026-05-11,요동치는 장세에 시총 순위 지각변동…이달 코스피 '톱20' 중 17개 교체,0.261,1,0,https://www.ajunews.com/view/20260511161307431
2026-05-11,"코스피 사상 첫 7,800선 마감…'8천피' 눈앞",-0.067,1,1,https://www.jeonmae.co.kr/news/articleView.html?idxno=1255402
2026-05-11,"코스피, 또 종가 최고치 경신…사상 최초 7800선 돌파 마감",0.197,2,1,https://www.dnews.co.kr/uhtml/view.jsp?idxno=202605111547263170275
2026-05-11,국내 증시 시총 6000조 돌파 8거래일 만 7000조 넘어···8천피 턱밑,0.261,1,0,https://www.newsfreezone.co.kr/news/articleView.html?idxno=689063
2026-05-11,"外人 투매 속, 코스피는 '질주'...하락종목도 무더기 '속출'",-0.261,0,1,http://www.choicenews.co.kr/news/articleView.html?idxno=165078
2026-05-11,"[종합] 코스피, 사상 첫 7800선 고지 점령…日 닛케이도 장중 최고치 경...",-0.261,0,1,https://www.newsworks.co.kr/news/articleView.html?idxno=840381
2026-05-11,"코스피, 5거래일 연속 사상 최고치...삼전닉스 급등에 7800선 안착",0.165,1,1,http://www.the-biz.co.kr/news/articleView.html?idxno=720365
2026-05-11,"'파죽지세' 코스피, '7822.24'로 또 사상 최고치 경신 마감",-0.261,0,1,http://www.techholic.co.kr/news/articleView.html?idxno=221145
2026-05-11,[시황] 코스피 7820선 안착…7900선 눈앞까지 갔다,-0.261,0,1,http://www.newsdream.kr/news/articleView.html?idxno=112023
2026-05-11,"코스피, 반도체주 급등에 사상 첫 7800선 마감…'8000피' 눈앞",0.1,2,2,https://www.ziksir.com/news/articleView.html?idxno=133504
2026-05-11,코스피 4.3% 상승한 7800선 돌파...5거래일 연속 사상최고치 랠리,0.488,2,0,https://www.g-enews.com/view.php?ud=202605111557222000df2f5bc1bc_1
2026-05-11,"'팔천피' 시대 개막 노리는 코스피, 사상 첫 7800선 돌파",0.261,1,0,https://www.pointdaily.co.kr/news/articleView.html?idxno=304456
2026-05-11,'일상이 된 사상 최고가'…코스피 7899p 찍고 5거래일 연속 신기록[시황...,0.0,1,1,https://www.news1.kr/finance/market-exr/6162969
2026-05-11,"코스피, 7800선 안착...하이닉스·삼성전자 최고가",-0.261,0,1,http://www.issuenbiz.com/news/articleView.html?idxno=76500
2026-05-11,"진격의 코스피, 사상 최고치 재경신하며 7800선 돌파 [마감시황]",0.261,1,0,https://www.ekn.kr/web/view.php?key=20260511025013721
2026-05-11,"코스피, 사상 첫 7,800선 돌파…'8천피'까지 177포인트 남았다(종합)",0.261,2,1,https://www.yna.co.kr/view/AKR20260511123851008?input=1195m
2026-05-11,"[마감시황] 코스피, 324.24포인트 오른 7822.24 마감",0.322,1,0,https://www.lcnews.co.kr/news/articleView.html?idxno=201941
2026-05-11,"코스피, 7800선 안착...반도체 랠리에 매수 사이드카",-0.322,1,2,https://www.digitaltoday.co.kr/news/articleView.html?idxno=664583
2026-05-11,"코스피, 삼전·하닉 랠리에 사상 첫 '7800선 안착'…코스닥 0.03%↓",0.261,1,0,http://www.newsprime.co.kr/news/article.html?no=733027
2026-05-11,"[증권 & Now] DB증권, 부산시 블록체인 특화사업 STO 플랫폼 우선협상자...",0.0,0,0,https://www.ebn.co.kr/news/articleView.html?idxno=1708309
2026-05-11,삼성전자·SK하이닉스 급등에 코스피 7800선 돌파,0.408,2,1,https://www.newsclaim.co.kr/news/articleView.html?idxno=3063289
2026-05-11,"[마감시황] 코스피 7822, 반도체 쏠림 장세 심화",-0.322,0,1,https://www.newspim.com/news/view/20260511001043
2026-05-11,"전쟁 변수에도 개인 투자자 80% 수익...삼성전자, 수익·손실 모두 최다",0.0,0,0,https://www.g-enews.com/view.php?ud=202605111454174456df2f5bc1bc_1
2026-05-11,[거래소 외국인] AI 반도체 팔고 자동차·조선 샀다…기아 삼성SDI 한화...,0.261,1,0,https://www.pinpointnews.co.kr/news/articleView.html?idxno=451874
2026-05-11,"""어디까지 오르는 거예요""…코스피, 개인·기관 매수세에 7822.24 마감 [f...",0.462,2,1,http://www.fnnews.com/news/202605111600096241
2026-05-11,"'파죽지세' 코스피, '8천피'까지 단 177포인트 남았다",0.0,1,1,http://www.edaily.co.kr/news/newspath.asp?newsid=03850726645447936
2026-05-11,"개미 매수세에 반도체 급등…최고치 코스피, 7900 코앞까지 [시황]",0.408,1,0,https://www.dailian.co.kr/news/view/1642941/?sc=Naver
2026-05-11,[거래소 기관] SK하이닉스·삼성전자 폭풍 매수...반도체에 다시 돈 몰렸...,0.408,1,0,https://www.pinpointnews.co.kr/news/articleView.html?idxno=451872
2026-05-11,“외국인 4조 던져도 더 올랐다”…반도체 불기둥에 코스피 7900 눈앞,-0.261,0,1,https://www.mk.co.kr/article/12043334
2026-05-11,"코스피,사상 첫 7,800선 돌파 마감…'8천피'도 가시권",0.261,2,1,http://www.seouleconews.com/news/articleView.html?idxno=91157
2026-05-11,"코스피, 4%대 급등 마감...사상 첫 7800선 돌파",0.408,2,1,https://www.cstimes.com/news/articleView.html?idxno=705154
2026-05-11,"코스피, 반도체 초강세에 7800 안착...개인 2.8조 순매수",0.0,1,1,http://www.opinionnews.co.kr/news/articleView.html?idxno=138219
2026-05-11,외인 물량 받아낸 개인…코스피 7822.24 [MTN 마감시황],0.165,1,1,https://news.mtn.co.kr/news-detail/2026051115505890489
2026-05-11,"진격의 코스피, 또 사상 최고치 경신…7800선도 뚫었다[마감시황]",-0.604,0,2,https://www.newsway.co.kr/news/view?ud=2026051115503828271
2026-05-11,"[마감 시황] 개미가 끌어올린 코스피, 8000선으로 순항 중",0.1,1,1,http://www.fieldnews.kr/news/articleView.html?idxno=28486
2026-05-11,"""8000피 눈앞"" 코스피 7800선 돌파…종가 기준 사상 최고치 경신",0.0,1,1,https://news.tf.co.kr/read/economy/2321370.htm
2026-05-11,코스피 7800선 돌파하며 사상 최고치… 삼성전자·SK하이닉스 '폭등',0.0,1,1,https://www.gukjenews.com/news/articleView.html?idxno=3578738
2026-05-11,"코스피 8000 턱밑, 7822.24 사상 최고…장중 7899 찍고 4.32%↑",0.067,1,1,http://www.thebigdata.co.kr/view.php?ud=202605111549379518c808fa9903_23
2026-05-11,"""8천피 얼마 안남았다"" 불뿜은 코스피…증시 시총 사상 첫 7000조 돌파",0.261,2,1,https://www.mt.co.kr/stock/2026/05/11/2026051115484966655
2026-05-11,[오늘증시]코스피 8000 임박…사상 첫 종가 '7822.24' 찍었다,0.0,0,0,https://www.sidae.com/article/2026051114593833176
2026-05-11,"“그때 팔지 말걸”…1분기 매도자, 수익 1위는 ‘삼성전자’",0.0,0,0,https://www.joongang.co.kr/article/25427323
2026-05-11,코스피 7820선 마감…개인 3.1조 '사자'·외인 3.9조 '팔자' 공방,0.0,0,0,https://www.etoday.co.kr/news/view/2583354
2026-05-11,[1% 초고수의 선택] '피지컬AI' 담고 '데이터센터 전력주' 정리했다,0.0,0,0,https://www.ebn.co.kr/news/articleView.html?idxno=1708297
2026-05-11,전쟁리스크에도 개인투자자 10명 중 8명은 수익...평균 848만원 벌었다,0.0,0,0,https://www.greened.kr/news/articleView.html?idxno=340485
2026-05-13,"두산에너빌리티 주가 밀렸는데…우리기술은 2만원 회복, 원전주 희비 교...",-0.067,1,1,https://www.cbci.co.kr/news/articleView.html?idxno=574045
2026-05-13,"두산에너빌리티 약세로 마쳐, 3거래일 조정흐름…장중 돌연 하락으로 전...",-0.537,0,2,https://www.cbci.co.kr/news/articleView.html?idxno=574005
2026-05-13,우리기술 7거래일 만에 반등…약세장 속 기지개,-0.261,1,2,https://www.cbci.co.kr/news/articleView.html?idxno=574011
2026-05-12,상반기 풍력 입찰에 9개 프로젝트 3.6GW 참여,0.0,0,0,http://www.epj.co.kr/news/articleView.html?idxno=38556
2026-05-12,"""2030년 경남 지역내총생산 지금보다 100조원 더 늘릴 것""",0.0,0,0,http://www.gnmaeil.com/news/articleView.html?idxno=586376
2026-05-12,"코스피, 외인과 기관 매도에 하락 마감...삼성전기, HD현대중공업 상승...",-0.408,1,2,http://www.econonews.co.kr/news/articleView.html?idxno=438071
2026-05-12,"김경수 도지사 후보, 경남 5대 주력산업 세계 1등 전략 발표",0.0,0,0,https://www.newsis.com/view/NISX20260512_0003626799
2026-05-12,"[마감] 코스피 급락, 외국인·기관 매도에 지수 반락",-0.732,0,2,https://mdtoday.co.kr/news/view/1065606093172488
2026-05-12,"지난해 '네이버' 사던 개인, 올해는 '삼성전자'로…8000피 앞두고 달라진...",0.0,0,0,https://www.greened.kr/news/articleView.html?idxno=340590
2026-05-12,"저가 합병 막는다…‘공정가액 도입’ 법안, 정무위 소위 통과",0.0,0,0,http://www.edaily.co.kr/news/newspath.asp?newsid=06061446645448264
2026-05-12,김경수 “5대 주력산업 세계 1등·AI 전환으로 경남 GRDP 100조 확대”,0.0,0,0,https://www.kukinews.com/article/view/kuk202605120187
2026-05-12,"[오늘증시]코스피, 8000피 눈앞에서 하락...외국인 매도에 반도체주 ""흔...",-0.462,1,2,http://www.queen.co.kr/news/articleView.html?idxno=456774
2026-05-12,"경남소방, 두산에너빌리티와 '산업현장 맞춤형' 재난대응 역량 강화",0.0,0,0,https://www.newsgn.com/news/articleView.html?idxno=551764
2026-05-12,7999 찍고 ‘578P’ 와르르… 코스피 휩쓴 ‘트럼프·외인’ 폭풍,-0.261,0,1,https://www.sedaily.com/article/20043192?ref=naver
2026-05-12,상장사 합병 때 '주가 누르기' 원천차단,0.38,1,0,https://www.mk.co.kr/article/12045010
2026-05-12,“노사분쟁 상시화”-“노동권 실현” 논쟁 격화,0.0,0,0,http://www.knnews.co.kr/news/articleView.php?idxno=1541429
2026-05-12,[마감시황] 외국인 5.6조 던졌다…8천피 눈앞서 '와르르',-0.261,0,1,http://www.hansbiz.co.kr/news/articleView.html?idxno=838378
2026-05-12,"'7,999' 찍었던 코스피, 2.3% 하락한 7,643 마감...하루 등락폭 578p",0.0,1,1,https://www.delighti.co.kr/news/articleView.html?idxno=116281
2026-05-12,"코스피, 외국인 5.6兆 순매도에 2.3% 하락 마감",0.0,1,1,https://www.dnews.co.kr/uhtml/view.jsp?idxno=202605121636517050468
2026-05-12,"8천 육박했던 코스피, 7,643에 마감…2.3% 하락",0.0,1,1,http://mbnmoney.mbn.co.kr/news/view?news_no=MM1005833455
2026-05-12,"코스피, 8000선 코앞에서 급락…2.29% 하락 마감",-0.645,0,2,https://www.kgnews.co.kr/news/article.html?no=895427
2026-05-12,"개미 6.7조 줍줍했는데...""오늘밤 美 CPI 발표 변수"" 운명은",0.462,1,0,https://www.mt.co.kr/stock/2026/05/12/2026051216025953206
2026-05-12,"'고공행진' 코스피, 중동 리스크 재부각ㆍ외국인ㆍ기관 차익실현 매물에...",0.0,1,1,https://www.getnews.co.kr/news/articleView.html?idxno=869952
2026-05-12,코스피 8000 문턱서 급락…시총 판도는 AI·전력 인프라로 재편,-0.645,0,2,https://www.asiatoday.co.kr/kn/view.php?key=20260512010003018
2026-05-12,"코스피, 사상 처음 7,900선 돌파 후 하락 마감",0.261,2,1,http://www.techholic.co.kr/news/articleView.html?idxno=221166
2026-05-12,"코스피, '8천피' 턱밑서 좌초···외국인 6조 '팔자'·삼전닉스 '흔들'",-0.261,0,1,https://www.seoulfn.com/news/articleView.html?idxno=628597
2026-05-12,눈앞에서 사라진 코스피 8000선...외국인·기관 매도에 2%대 하락 마감,-0.645,1,3,http://www.the-biz.co.kr/news/articleView.html?idxno=720478
2026-05-12,"중동 악화 우려속 ‘AI 국민배당금’ 논란, 코스피 냉각…외국인·기관...",-0.261,0,1,https://www.ddaily.co.kr/page/view/2026051216414146889
2026-05-12,"(마감시황) 코스피, 8,000선 돌파 직전 후퇴…차익실현에 2% 급락",-0.682,1,3,https://www.news2day.co.kr/article/20260512500176
2026-05-12,[코스피 지수선물 옵션] 삼성전자·SK하이닉스 급락… 선물시장에 매도...,-0.682,0,2,https://www.pinpointnews.co.kr/news/articleView.html?idxno=452206
2026-05-12,"[시황] 팔천피 안착 실패했으나…시장 ""1만2000선 전망""",0.0,0,0,http://www.newsdream.kr/news/articleView.html?idxno=112037
2026-05-12,"상림엠에스피, 제22회 창원국제용접 및 절단자동화전서 '모듈형 로봇시...",0.0,0,0,https://kr.aving.net/news/articleView.html?idxno=1810974
2026-05-12,"8천선 문턱인데… ""국민 배당금""에 코스피 급반락",-0.261,0,1,https://it.chosun.com/news/articleView.html?idxno=2023092161962
2026-05-12,"'7,999' 찍었던 코스피, 2.3% 하락한 7,643 마감(종합)",0.0,1,1,https://www.yna.co.kr/view/AKR20260512135951008?input=1195m
2026-05-12,"코스피, 7600선대로 밀려...국민배당금 발언 속 외국인 매도 확대",-0.462,1,2,https://www.digitaltoday.co.kr/news/articleView.html?idxno=664999
2026-05-12,김경수 “5대 주력산업 세계 1등 반열 올리겠다”,0.0,0,0,https://www.busan.com/view/busan/view.php?code=2026051215540466629
2026-05-12,코스피 2.29% 급락한 7643.15 마감...외국인·기관 '쌍끌이' 매도,-0.462,0,1,https://www.g-enews.com/view.php?ud=202605121539134538df2f5bc1bc_1
2026-05-12,코스피 7999p 찍고 내려와 -2.29% 마감…삼전닉스 동반 하락[시황종합],-0.261,0,1,https://www.news1.kr/finance/market-exr/6164279
2026-05-12,"'8000피' 코앞에 두고 무너진 코스피 … 블룸버그 ""국민배당금 때문에 증...",-0.682,1,3,https://biz.newdaily.co.kr/site/data/html/2026/05/12/2026051200228.html
2026-05-12,"'합병 공정가액 도입' 자본시장법 개정안, 국회 정무소위 통과",0.38,1,0,https://news.einfomax.co.kr/news/articleView.html?idxno=4414395
2026-05-12,"코스피, 7900선 돌파 후 급락···외인·기관 매도에 7600선 마감",-0.583,1,2,https://www.smartbizn.com/news/articleView.html?idxno=143672
2026-05-12,"코스피, 7600선 마감...'8000'피 못봤다",-0.261,0,1,http://www.issuenbiz.com/news/articleView.html?idxno=76552
2026-05-12,"코스피, 외국인 5조 순매도에 2%대 하락…7640선 마감",-0.261,0,1,https://view.asiae.co.kr/article/2026051216184225206
2026-05-12,'팔천피' 0.33포인트 남기고 후퇴⋯SK하닉도 196만원 찍고 급락,-0.682,0,2,https://www.etoday.co.kr/news/view/2583753
2026-05-12,"두산에너빌, 9년 만에 신용도 ‘A’ 복귀…원전·터빈에 ‘부활 축포’",0.38,2,1,https://www.topdaily.kr/articles/110067
2026-05-12,[거래소 외국인] SK하이닉스 삼성전자 던지고… 조선·전선·원전주로 갈...,0.0,0,0,https://www.pinpointnews.co.kr/news/articleView.html?idxno=452173
2026-05-12,"'7999' 찍었던 코스피, '국민 배당금' 쇼크에 2.3% 하락한 7643 마감",-0.261,0,1,https://www.pointdaily.co.kr/news/articleView.html?idxno=304618
2026-05-12,"코스피, '8000피 터치' 앞두고 급반전…2%대 하락 마감",-0.261,0,1,https://www.sentv.co.kr/article/view/sentv202605120109
2026-05-12,"“8천피, 딱 1포인트 남았는데”…코스피, 외국인 매도세에 7600대 하락...",-0.645,0,2,https://www.mk.co.kr/article/12044783
2026-05-12,"코스피, 8000선 앞두고 7600선 후퇴 마감",0.165,1,1,https://www.cstimes.com/news/articleView.html?idxno=705354
2026-05-12,"코스피, 8000선 코앞에서 급제동…7600선으로 급락 [마감시황]",-0.462,0,1,https://www.ekn.kr/web/view.php?key=20260512021594121
2026-05-12,'팔천피'까지 단 0.33p 남기고 급락…外人 5조 '팔자'에 무너졌다,-0.462,1,2,https://www.newsis.com/view/NISX20260512_0003626437
2026-05-12,7조 던진 외인·기관…코스피 7600선 후퇴 [MTN 마감시황],0.351,2,1,https://news.mtn.co.kr/news-detail/2026051216003767820
2026-05-12,"코스피, 외국인 '5.6조 매도' 7643.15 마감…7999부터 7421까지 '롤러코스...",0.0,1,1,http://www.fnnews.com/news/202605121554468113
2026-05-12,"장중 '7,999' 올랐던 코스피...2.3% 하락한 7,643 마감",-0.537,0,2,http://www.seouleconews.com/news/articleView.html?idxno=91191
2026-05-12,'팔천피' 직전서 하락전환한 코스피 차익매물 출회…SK하이닉스 2%↓,-0.261,0,1,http://www.smedaily.co.kr/news/articleView.html?idxno=356867
2026-05-12,개인 6조 매수에도 코스피 7600선 후퇴,-0.537,0,2,https://www.newsclaim.co.kr/news/articleView.html?idxno=3063415
2026-05-12,"""외인 매도폭탄"" 8천피 턱밑 찍고 뚝...""6.7조 줍줍"" 개미 운명은",0.462,1,0,https://www.mt.co.kr/stock/2026/05/12/2026051215272543475
2026-05-12,8000선 앞두고 꺾인 코스피…‘AI 국민배당금’ 여파 [시황],0.0,0,0,https://www.dailian.co.kr/news/view/1643380/?sc=Naver
2026-05-12,'8000선' 코앞서 돌아선 코스피…외인·기관 '팔자'에 7640선 후퇴,0.0,1,1,https://www.newsworks.co.kr/news/articleView.html?idxno=840519
2026-05-12,김경수 “경남 지역내총생산 100조 늘리고 일자리 15만개 창출”,0.0,0,0,https://www.etoday.co.kr/news/view/2583756
2026-05-12,"코스피, 8천피 눈앞에서 숨고르기…외국인 5조 팔았다",0.322,2,1,https://www.ebn.co.kr/news/articleView.html?idxno=1708468
2026-05-12,"7999까지 오른 코스피, 하락 전환해 7643.15 마감",-0.261,0,1,https://www.mediapen.com/news/view/1098375
2026-05-12,'팔천피' 눈앞에서 숨고르기...'AI 국민배당금' 언급에 2% 하락,0.0,1,1,http://www.metroseoul.co.kr/article/20260512500278
2026-05-12,"‘7999’ 찍은 코스피, 2% 넘게 내리며 숨고르기…7640선 마감",-0.261,0,1,http://www.segyebiz.com/newsView/20260512513773?OutUrl=naver
2026-05-12,[서울데이터랩]마감 직후 인기 검색 종목 20選,-0.537,0,2,https://www.seoul.co.kr/news/economy/securities/2026/05/12/20260512500207?wlog_tag3=naver
2026-05-12,[마감시황] 8000선 턱밑까지 올랐던 코스피…7600대로 후퇴,-0.067,1,1,https://www.ajunews.com/view/20260512153809469
2026-05-12,"코스피, 2.29% 내린 7643.15 마감...외인 4일새 '20조' 팔자",-0.322,0,1,http://www.opinionnews.co.kr/news/articleView.html?idxno=138287
2026-05-12,"미나, 주식 수익률 자랑 ""전쟁 전에 매수, 30% 올랐다""…류필립은 한 번...",0.0,0,0,https://www.topstarnews.net/news/articleView.html?idxno=16058571
2026-05-12,‘8천피’ 문턱서 급반전한 코스피… 외국인·기관 매도에 하락,-0.645,1,3,http://www.joseilbo.com/news/news_read.php?uid=568126&class=53&grp=
2026-05-12,"코스피, 장중 8000선 턱밑 찍고 하락 전환…2.3%↓[마감시황]",-0.537,0,2,https://www.newsway.co.kr/news/view?ud=2026051215454870528
2026-05-12,"[마감시황] 코스피, 8000 눈앞서 2%대 급락…외국인 6조 매도에 7640선 마...",-0.645,0,2,https://www.newspim.com/news/view/20260512001028
2026-05-12,"[오늘증시]7999 찍고 356포인트 뚝…코스피, 역대급 롤러코스터",0.0,0,0,https://www.sidae.com/article/2026051215283568670
2026-05-12,"""다 왔던 8000피"" 김용범 발언에 급제동…코스피 2.29% 급락 마감",-0.682,0,2,https://news.tf.co.kr/read/economy/2321790.htm
2026-05-12,"해송해상풍력발전, 지멘스 가메사 리뉴어블 에너지와 터빈 설비 생산 용...",0.0,0,0,https://www.hellot.net/news/article.html?no=112519
2026-05-12,"코스피, 2.29% 급락 마감… 삼성전자·SK하이닉스 동반 약세",-0.645,1,3,https://www.gukjenews.com/news/articleView.html?idxno=3579800
2026-05-12,"해송해상풍력발전, 프로젝트 실행 파트너십 강화",0.0,0,0,http://www.epj.co.kr/news/articleView.html?idxno=38549
2026-05-12,"'팔천피' 턱밑 찍고 7600대 후퇴한 코스피…""반도체 쏠림 부작용""",-0.067,1,1,https://www.hankyung.com/article/2026051212516
2026-05-12,"""안전 위해 노후설비 개선 중 사고 발생""…발전공기업 '초긴장'",0.0,0,0,https://daily.hankooki.com/news/articleView.html?idxno=1366181
2026-05-12,"김경수 ""기업 성장, 도민 소득으로""…'AI 대전환'으로 '승부수'",0.322,1,0,http://www.newstomato.com/ReadNews.aspx?no=1300632&inflow=N
2026-05-12,두산에너빌·LX인터 향한 카자흐스탄 '적극 구애'…에너지·물류 등 전방...,0.0,0,0,https://www.theguru.co.kr/news/article.html?no=101618
2026-05-12,“전쟁 나도 삼전은 간다”…개미 10명 중 8명 돈 벌었다,0.0,0,0,https://www.mk.co.kr/article/12044619
2026-05-12,"TPC로보틱스, '스마트팩토리' 솔루션 정조준… 융합 기술로 승부수",-0.322,0,1,https://www.pinpointnews.co.kr/news/articleView.html?idxno=452120
2026-05-12,美 AI · 반도체주 훈풍 속...일본증시 '장중 상승',0.0,1,1,http://www.choicenews.co.kr/news/articleView.html?idxno=165138
2026-05-12,7999 찍고 돌연 500포인트 증발⋯급락장 속 개미 5.7조원대 ‘사자’,-0.682,0,2,https://www.etoday.co.kr/news/view/2583657
2026-05-12,"CIP 해송해상풍력발전, 지멘스 가메사 리뉴어블 에너지와 CRA 체결",0.0,0,0,http://www.e2news.com/news/articleView.html?idxno=330308
2026-05-12,김경수 “경남은 원전산업 뿌리…SMR 시대 대비해야”,0.0,0,0,https://www.etoday.co.kr/news/view/2583689
2026-05-12,"두산, 미래 먹거리 투자 확대 나서...'AI·로봇·원전까지'",0.0,0,0,http://www.thevaluenews.co.kr/news/view.php?idx=198664
2026-05-12,"코스피, 7421선까지 하락 후 7630선 거래…삼전·하닉 동반 하락 [fn오후...",-0.537,0,2,http://www.fnnews.com/news/202605121340415615
2026-05-12,"[티타임]5조 탈출 외인, 코스피 7999→7630선 후퇴…환율 1485.2원",0.322,1,0,https://www.sidae.com/article/2026051213224149856
2026-05-12,"‘매치 퀸‘ 이예원, KLPGA 두산 매치플레이 2연패 도전!",0.0,0,0,https://feedapi.cloud.sbs.co.kr/feed-api/article_hub/G20000002359
2026-05-12,"이재용 회장, 보유주식 가치 50조 원 돌파… 삼성家 지분 100조 돌파",0.261,1,0,https://www.mediawatch.kr/news/article.html?no=259560
2026-05-12,코스피 '불장'에 시총 상위주들 '엎치락뒤치락',0.0,0,0,https://www.sisajournal.com/news/articleView.html?idxno=372557
2026-05-12,'제3회 뉴데일리 퓨처코리아 포럼' 자리해주신 분들 [제3회 뉴데일리 퓨...,0.0,0,0,https://www.newdaily.co.kr/site/data/html/2026/05/12/2026051200156.html
2026-05-12,기후대응 한다더니 핵산업 육성?...원전 확대 드라이브 논란,0.0,0,0,https://www.newspenguin.com/news/articleView.html?idxno=21600
2026-05-12,"코스피, 외인 4兆 '팔자'에 롤러코스터…장중 5% 급락",-0.462,1,2,https://news.mtn.co.kr/news-detail/2026051211433158121
2026-05-12,"두산에너빌, AI 타고 스팀터빈 수주 행진",0.38,1,0,https://biz.heraldcorp.com/article/10735970?ref=naver
2026-05-12,엎치락뒤치락…코스피 '불장'에 시총 상위주들 자리다툼도 치열,0.0,0,0,https://www.yna.co.kr/view/AKR20260512075100008?input=1195m
2026-05-12,“8천피 눈앞에 두고 와르르”…외국인 3조 ‘팔자’에 코스피 3%대 급락,-0.462,0,1,https://www.mk.co.kr/article/12044454
2026-05-12,"CIP 해송해상풍력, 지멘스 가메사와 터빈 공급망 협력 강화",0.0,0,0,https://www.todayenergy.kr/news/articleView.html?idxno=297682
2026-05-14,두산에너빌리티·우리기술 등 약세 원전주 전반 '먹구름' 향후 흐름은?…...,-0.8,0,3,https://www.cbci.co.kr/news/articleView.html?idxno=574345
2026-05-14,AI가 띄운 ‘전력 황금기’… 기술 혁신·공급망 강화로 에너지 영토 넓...,0.38,1,0,https://www.seoul.co.kr/news/economy/industry/2026/05/14/20260514017001?wlog_tag3=naver
2026-05-14,"두산에너빌리티, ‘K가스터빈’으로 美 안방 공략… 2038년 105기 수주 순...",0.38,1,0,https://www.seoul.co.kr/news/economy/industry/2026/05/14/20260514016001?wlog_tag3=naver
2026-05-14,"""역시 삼전닉스"" 전 세대가 담았다...많이 판 종목은 '이것'",0.261,1,0,https://www.mt.co.kr/stock/2026/05/14/2026051319451143466
2026-05-14,"""외인 판다고? 난 내 갈 길 간다"" 진격의 개미들...코스피 끌어올렸다",0.0,0,0,https://www.mt.co.kr/stock/2026/05/14/2026051320000025856
2026-05-14,"두산에너빌리티, 주가 '흔들' 12만 원은 지켰다…당분간 증시 변동성 변...",-0.261,1,2,https://www.cbci.co.kr/news/articleView.html?idxno=574259
2026-05-13,"[26.5.13 증시 인싸잇] 코스피 종가 기준 최고치, 코스닥 소폭 하락",-0.462,1,2,https://www.mediawatch.kr/news/article.html?no=259598
2026-05-13,이현효 현대위아 총괄기장 철탑산업훈장 받아,0.0,0,0,http://www.gnmaeil.com/news/articleView.html?idxno=586494
2026-05-13,"코스피, 종가 기준 사상 최고치 경신...현대차, SK하이닉스 상승 VS 두산...",0.261,1,0,http://www.econonews.co.kr/news/articleView.html?idxno=438155
2026-05-13,일상 바꾼 역대급 '불장'...지역기업 시총도 요동,0.322,1,0,https://news.knn.co.kr/news/article/187772
2026-05-13,[이슈] 미·중 정상회담 앞두고 국내 산업계 촉각…관세·반도체·조선 ...,-0.38,0,1,https://www.polinews.co.kr/news/articleView.html?idxno=731101
2026-05-13,"'널뛰기 장세' 코스피, 2.63% 급등한 7844 마감…당일 변동폭 역대 4위",0.351,2,1,https://www.thepublic.kr/news/articleView.html?idxno=304323
2026-05-13,美 SMR 기업 뉴스케일파워 “韓 정부와 대미 투자 논의”,0.0,0,0,https://biz.chosun.com/policy/policy_sub/2026/05/13/OT2QLAA6WVB7DMBZP4WJH2WYPA/?utm_source=naver&utm_medium=original&utm_campaign=biz
2026-05-13,"코스피, 2.63% 급등 7,844 마감...종가 사상 최고치 또 경신",0.823,3,1,https://www.ppss.kr/news/articleView.html?idxno=295909
2026-05-13,"美뉴스케일파워 ""韓정부와 투자 협의""…'대미투자 1호' SMR 부상",-0.38,0,1,https://www.hankyung.com/article/2026051345351
2026-05-13,"코스피, 7,844로 마감해 최고치 경신...SK하이닉스 199만원 장중 신고가",0.462,1,0,https://www.delighti.co.kr/news/articleView.html?idxno=116353
2026-05-13,“8만원에 사서 6만원에 팔았다” 장성규 ‘삼전 손절’ 고백…“ㅅ자도...,0.261,1,0,https://www.seoul.co.kr/news/economy/securities/2026/05/13/20260513500219?wlog_tag3=naver
2026-05-13,"코스피, 장중 급락 딛고 7840선 사상 최고 마감…개인·기관 '저가매수'...",-0.8,0,3,https://www.goodkyung.com/news/articleView.html?idxno=286934
2026-05-13,[오늘의 증시] 美 물가 충격에도 코스피 7844 최고가 경신...SK하이닉스 ...,-0.261,0,1,https://www.polinews.co.kr/news/articleView.html?idxno=731087
2026-05-13,"코스피, 2%대 올라 7844.01 마감…종가 기준 사상 최고치",-0.261,0,1,https://economist.co.kr/article/view/ecn202605130061
2026-05-13,사외이사 젊어졌지만...현업·실무 잘 모르는 교수가 여전히 절반,0.0,0,0,https://www.esgeconomy.com/news/articleView.html?idxno=15502
2026-05-13,"차익실현에 국민배당금 논란…코스피, 8000 앞두고 롤러코스터",-0.261,0,1,http://www.newstomato.com/ReadNews.aspx?no=1300827&inflow=N
2026-05-13,[마감시황] '전약후강' 코스피 2% 반등…사상 최고 경신,0.322,2,1,http://www.hansbiz.co.kr/news/articleView.html?idxno=838652
2026-05-13,"코스피, 2.6% 급반등 7844.01 '사상최고치' 마감",0.322,1,0,https://www.g-enews.com/view.php?ud=202605131632337561df2f5bc1bc_1
2026-05-13,"코스피, 기관·개인 매수에 7844선 마감…종가 기준 최고치[마감시황]",-0.645,0,2,https://www.newsway.co.kr/news/view?ud=2026051315451119295
2026-05-13,"상승반전 코스피, 또 사상 최고가 7800선 안착",0.0,1,1,https://it.chosun.com/news/articleView.html?idxno=2023092162037
2026-05-13,이재명 정부 출범 이후 국내 기업 시총 4491조 ‘폭풍성장’…삼성·SK ...,0.322,1,0,http://www.kookje.co.kr/news2011/asp/newsbody.asp?code=0200&key=20260513.99099003470
2026-05-13,"[마감시황] 7400선 밀렸던 코스피, 극적 반등…'사상 최고' 7844선 마감",0.0,2,2,https://www.ajunews.com/view/20260513164948253
2026-05-13,"또 최고치 찍은 코스피, 7840선 마감... SK하이닉스·SK스퀘어 5% 이상 급...",0.0,0,0,https://www.womennews.co.kr/news/articleView.html?idxno=277445
2026-05-13,"""많이 먹었다""...'삼전닉스' 꽉 쥔 개미들, 이 종목은 팔았다",0.261,1,0,https://www.mt.co.kr/stock/2026/05/14/2026051316412454214
2026-05-13,"코스피, 오늘 7844 ""새역사 썼다""",-0.322,0,1,http://www.beyondpost.co.kr/view.php?ud=202605131639537913be44c0aacd_30
2026-05-13,개인·기관 매수에 코스피 신고가…SK하이닉스·현대차도 신고가,0.732,2,0,https://www.mt.co.kr/stock/2026/05/14/2026051316083882567
2026-05-13,"'롤러코스터' 코스피, 하루 만에 또 사상 최고치···현대차 70만원 돌...",-0.261,0,1,https://www.seoulfn.com/news/articleView.html?idxno=628703
2026-05-13,"코스피, 장중 7400선 붕괴 딛고 최고치… SK하이닉스 200만원 눈앞",-0.322,0,1,https://www.hidomin.com/news/articleView.html?idxno=705170
2026-05-13,"코스피, 7844.01 마감… 종가 기준 사상 최고치 경신",-0.261,0,1,https://sateconomy.co.kr/news/view/1065597959104506
2026-05-13,"코스피, 개인·기관 매수세 유입에 종가 기준 또 사상 최고…7840선 마감",0.165,1,1,https://www.ziksir.com/news/articleView.html?idxno=133790
2026-05-13,"DL이앤씨, 1분기 '삼박자' 행진…주택·건축 수익성·SMR·재무 모두 잡...",0.0,0,0,https://www.newsquest.co.kr/news/articleView.html?idxno=266260
2026-05-13,"코스피, 하락 출발 전환해 2% 넘게 상승 마감- 종가 기준 사상 최고치 또...",0.0,1,1,http://www.techholic.co.kr/news/articleView.html?idxno=221192
2026-05-13,"코스피, 약세 출발 강세 마감…7800선 복귀 [마감시황]",0.0,1,1,https://www.ekn.kr/web/view.php?key=20260513026394495
2026-05-13,"[오늘증시]코스피 '7844.01' 마감, 종가 사상 최고치…환율 1490.6원",0.1,2,1,https://www.sidae.com/article/2026051316005519187
2026-05-13,"""7400선 공포가 7844 신기록으로""···코스피, 하루 만에 역대 최고치 갈...",-0.322,0,1,https://www.smartbizn.com/news/articleView.html?idxno=143806
2026-05-13,코스피 7844.01 마감 '사상 최고치'… SK하이닉스 197만원 돌파,0.0,1,1,https://www.pointe.co.kr/news/articleView.html?idxno=79434
2026-05-13,"코스피, '어제는 무시하고' 사상 최고치 7844.01 마감…SK하이닉스 7%↑",-0.261,0,1,http://www.the-biz.co.kr/news/articleView.html?idxno=720563
2026-05-13,"(마감시황) 코스피, 반도체株 강세 속 7,840선 ‘최고치’…SK하이닉스 ...",0.0,1,1,https://www.news2day.co.kr/article/20260513500228
2026-05-13,"코스피, 장 초반 급락 딛고 최고치 '7800선 탈환'…코스닥 0.20%↓",-0.229,1,1,http://www.newsprime.co.kr/news/article.html?no=733338
2026-05-13,코스피 상승 전환 성공…7844.01 마감,0.0,1,1,https://www.mediapen.com/news/view/1098671
2026-05-13,"코스피,하루만에 상승·변동성 지속…'사상 최고' 7,844 마감",0.0,1,1,http://www.seouleconews.com/news/articleView.html?idxno=91214
2026-05-13,[거래소 기관] 삼성전자·현대차 쓸어 담았다...수급 변화 뚜렷,0.645,2,0,https://www.pinpointnews.co.kr/news/articleView.html?idxno=452472
2026-05-13,[오늘증시]반도체주 급반등에 코스피 사상 최고치…SK하이닉스 '200만닉...,0.38,2,1,http://www.queen.co.kr/news/articleView.html?idxno=456859
2026-05-13,"롤러코스터 코스피, 7844 마감 ‘사상 최고’…하이닉스 7.7%↑",0.0,0,0,https://www.ddaily.co.kr/page/view/2026051316130644214
2026-05-13,"'하루만에 상승' 코스피, 변동성은 지속…'사상최고' 7,844 마감(종합)",0.261,1,0,https://www.yna.co.kr/view/AKR20260513126551008?input=1195m
2026-05-13,"코스피, 개인·기관 매수에 사상 최고치 7844선 마감 [시황]",0.165,1,1,https://www.dailian.co.kr/news/view/1643919/?sc=Naver
2026-05-13,"코스피, 종가 기준 사상 최고치…7844 마감",-0.322,0,1,https://www.digitaltoday.co.kr/news/articleView.html?idxno=665463
2026-05-13,"199만닉스에 '환호'…코스피, '사상 최고가' 또 갈아치웠다",0.0,0,0,https://www.hankyung.com/article/2026051339616
2026-05-13,SK하이닉스·현대차 '쌍끌이'...코스피 '껑충',-0.645,0,2,http://www.choicenews.co.kr/news/articleView.html?idxno=165222
2026-05-13,[거래소 외국인] SK하이닉스 삼성전자 대규모 차익실현… 현대차 삼성전...,-0.067,1,1,https://www.pinpointnews.co.kr/news/articleView.html?idxno=452469
2026-05-13,"[마감시황] 코스피, 200.86포인트 오른 7844.01 마감",0.322,1,0,https://www.lcnews.co.kr/news/articleView.html?idxno=202070
2026-05-13,"제주, 에너지기술공유대학 최종 선정 '139억 투입'",0.0,0,0,https://www.jejumaeil.net/news/articleView.html?idxno=400843
2026-05-13,"코스피, 급반등하며 7844.01 마감…종가 최고치[fn마감시황]",0.067,1,1,http://www.fnnews.com/news/202605131607023784
2026-05-13,"코스피, 하루만에 상승 전환…최고치 경신하며 7844 마감",0.261,1,0,https://www.pointdaily.co.kr/news/articleView.html?idxno=304794
2026-05-13,"코스피, 7800선 회복 사상 최고치 마감…환율 1490원 돌파",0.0,1,1,https://www.newsworks.co.kr/news/articleView.html?idxno=840642
2026-05-13,"코스피, 종가 기준 사상 최고치 달성...7800 탈환",0.322,2,1,http://www.issuenbiz.com/news/articleView.html?idxno=76586
2026-05-13,"코스피, 종가 기준 역대 최고치…7800선 회복",-0.537,0,2,https://view.asiae.co.kr/article/2026051316081127009
2026-05-13,'코스피 7844' 하루 쉬고 또 사상 최고치…'199만닉스' 신기록[시황종합...,0.067,1,1,https://www.news1.kr/finance/market-exr/6165577
2026-05-13,코스피 7800선 회복 SK하이닉스 현대차 강세,-0.261,1,2,https://www.newsclaim.co.kr/news/articleView.html?idxno=3063545
2026-05-13,"외인 '팔자'에도…코스피, 7844.01 사상 최고치 마감",0.067,1,1,https://news.tf.co.kr/read/economy/2322287.htm
2026-05-13,반도체·로봇 랠리에 코스피 7840대로 개미가 받친 주가…SK하이닉스 8%...,-0.261,0,1,http://www.smedaily.co.kr/news/articleView.html?idxno=356944
2026-05-13,'에너지기술공유대학' 선정...139억 투입 인재 양성,0.0,0,0,http://www.samdailbo.com/news/articleView.html?idxno=264274
2026-05-13,"코스피, 반도체 악재에도 사상 최고치...기관·개인 '쌍끌이 사자'",-0.229,1,1,http://www.metroseoul.co.kr/article/20260513500271
2026-05-13,"[시황] 코스피, 또 사상 최고치 기록…7844.01 마감",-0.261,0,1,http://www.newsdream.kr/news/articleView.html?idxno=112054
2026-05-13,"‘롤러코스터’ 코스피, 450포인트 급등락…7844 하루 만에 또 사상 최고...",0.165,2,2,https://www.etoday.co.kr/news/view/2584167
2026-05-13,"코스피, 2.6% 오른 7844.01로 최고치 경신...개인·기관 순매수에 '반등 ...",0.322,1,0,http://www.opinionnews.co.kr/news/articleView.html?idxno=138358
2026-05-13,“5만원 땐 외면하더니”… 삼성전자 10兆 쓸어담은 개미군단,0.0,0,0,https://www.chosun.com/economy/economy_general/2026/05/13/AREGJ2QSXBB4BOYQ275KXADV6Y/?utm_source=naver&utm_medium=referral&utm_campaign=naver-news
2026-05-13,[마감시황] 코스피 2.6% 반등…개인·기관 '쌍끌이 매수'에 7840선 회복,0.0,1,1,https://www.newspim.com/news/view/20260513001105
2026-05-13,"코스피, 대내 리스크 진정 속 2%대 급반등…종가 기준 최고치",0.067,1,1,https://www.newsis.com/view/NISX20260513_0003628097
2026-05-13,외국인이 던져도 코스피 '사상 최고가'…개인·기관 쌍끌이 매수,0.0,0,0,https://www.mt.co.kr/stock/2026/05/13/2026051315515196259
2026-05-13,'롤러코스터' 코스피 또 사상 최고치 경신… 하루 만에 상승 전환,0.261,1,0,https://www.newscj.com/news/articleView.html?idxno=3400518
2026-05-13,"코스피, 종가 최고치 '7844.01' 기록…개인·기관 '쌍끌이' [마감]",0.322,1,0,http://www.edaily.co.kr/news/newspath.asp?newsid=05031526645448592
2026-05-13,코스피 '2% 급락 출발 후 2%급등'…또 사상 최고가 마감,-0.322,1,2,https://www.ebn.co.kr/news/articleView.html?idxno=1708638
2026-05-13,"[마감 시황] 코스피, 다시 전진…개인 매수 이어지며 7800선 마감",-0.261,0,1,http://www.fieldnews.kr/news/articleView.html?idxno=28527
2026-05-13,상장사 합병가액 기준 '공정가액'으로 바꾸는 법 개정안 국회 통과 앞둬...,0.0,0,0,https://www.businesspost.co.kr/BP?command=article_view&num=437708
2026-05-13,"코스피 7,800선 돌파하며 사상 최고치...SK하이닉스 200만 원 '눈앞'",0.0,1,1,https://www.gukjenews.com/news/articleView.html?idxno=3580900
2026-05-13,"[속보] ‘롤러코스터’ 코스피, 급락 후 급반등…7844 사상 최고",-0.645,1,3,https://www.mk.co.kr/article/12046198
2026-05-13,"코스피, 개인 투자자 매수세로 반등…장중 7,700선 회복",0.583,2,0,https://www.tokenpost.kr/news/market/359168
2026-05-13,"제주도, 570명 에너지 전문인재 키운다...기술공유대학 최종 선정",0.0,0,0,https://www.headlinejeju.co.kr/news/articleView.html?idxno=592574
2026-05-13,"소량·중대형 부품 제작 특화 WAAM, SMR·방산·조선 적용 확대 전망",0.0,0,0,http://amenews.kr/news/view.php?idx=66700
2026-05-13,李 정부 출범 이후 시총 4491조원↑…삼성전자·SK하이닉스 주도,0.0,0,0,https://www.m-i.kr/news/articleView.html?idxno=1372459
2026-05-13,"'롤러코스피' 7800선 회복…SK하이닉스, 7% 급반등에 신고가[장중시황]",0.513,2,1,https://www.news1.kr/finance/market-exr/6165301
2026-05-13,코스피 2%대 올라 7800선 돌파…삼전닉스 반등[fn오후시황],0.7,3,0,http://www.fnnews.com/news/202605131352402917
2026-05-13,"제주대, 에너지기술공유대학 운영",0.0,0,0,http://www.e2news.com/news/articleView.html?idxno=330362
2026-05-13,"코스피, 장중 상승 전환해 7800선 회복…개인·기관 2.7조 순매수",0.261,1,0,https://www.etoday.co.kr/news/view/2584077
2026-05-13,"[티타임]코스피, 개인·기관 '사자'에 7800선 회복…하이닉스 7% 상승",0.537,2,0,https://www.sidae.com/article/2026051313233341726
2026-05-13,"제주도, 에너지기술공유대학 최종 선정… “도내 기업 취업때 연봉의 5...",0.0,0,0,https://www.seoul.co.kr/news/society/2026/05/13/20260513500096?wlog_tag3=naver
2026-05-13,상장사 저가 합병 막는다…‘공정가액 도입안’ 국회 소위 통과,0.38,1,0,https://www.mk.co.kr/article/12046053
2026-05-13,제주 에너지기술공유대학 최종 선정...인재 570명 양성,0.0,0,0,https://www.jemin.com/news/articleView.html?idxno=837438
2026-05-13,"[속보]코스피, 장중 상승 전환…1%대 올라 7700선 등락",0.0,1,1,https://www.munhwa.com/article/11588641?ref=naver
2026-05-13,"코스피 2.57% 급락 7,400선 위태...외국인 대규모 순매도",-0.645,0,2,https://www.ppss.kr/news/articleView.html?idxno=295836
2026-05-13,"두산에너빌리티 주가, 5월 13일 장중 121,200원 3.50% 하락",-0.261,0,1,https://www.joongangenews.com/news/articleView.html?idxno=518893
2026-05-13,"""외인 2.5조 매도 폭탄? 그게 뭐""…개미·기관 싹쓸이에 8천피 재시동",0.0,0,0,https://www.mt.co.kr/stock/2026/05/13/2026051311065888949
2026-05-13,"코스피, 장중 7402선까지 밀렸다 반등…개인 저가매수 유입",0.322,2,1,https://www.industrynews.co.kr/news/articleView.html?idxno=80975
2026-05-15,"두산에너빌리티 약세, 우리기술 강보합 국내 원전주 엇갈린 흐름…향후...",-0.537,0,2,https://www.cbci.co.kr/news/articleView.html?idxno=574608
2026-05-15,"""파업? 하락 땐 사라"" JP모간이 불 지핀 '삼전' 랠리...'8000피' 코앞",-0.261,0,1,https://www.mt.co.kr/stock/2026/05/15/2026051419293952832
2026-05-15,"두산에너빌리티 5거래일 약세흐름, 주말 앞둔 추이는?…미중 정상회담 ...",-0.537,0,2,https://www.cbci.co.kr/news/articleView.html?idxno=574562
2026-05-14,"두산에너빌리티, 협력사와 동반성장 다져",0.322,1,0,http://www.gnmaeil.com/news/articleView.html?idxno=586600
2026-05-14,"코스피, 개인과 기관 매수에 상승 마감...삼성전자, 삼성물산 상승 VS HD...",0.408,2,1,http://www.econonews.co.kr/news/articleView.html?idxno=438271
2026-05-14,“전날 산 OCI 팔더니”…‘상위 1%’ 초고수들이 사들인 ‘톱3’ 종목은...,0.0,0,0,https://biz.heraldcorp.com/article/10738288?ref=naver
2026-05-14,[26.5.14 증시 인싸잇] 코스피 또 사상 최고치... 8000선 코앞,0.261,1,0,https://www.mediawatch.kr/news/article.html?no=259620
2026-05-14,시세차익·배당 모두 챙겨볼까…삼성전자우 쓸어담는 개미들,0.0,0,0,http://www.fnnews.com/news/202605141823029999
2026-05-14,"두산에너빌리티 ""협력사가 곧 경쟁력""",0.0,0,0,http://www.fnnews.com/news/202605141820195257
2026-05-14,"두산에너빌리티, 협력사와 '2026 파트너스 데이'…상생 협력으로 동반 ...",0.322,1,0,https://www.cnbnews.com/news/articleView.html?idxno=1001833
2026-05-14,"LIG D&A, 동유럽 방산 전시회 BSDA 참가…삼성重, LNG운반선 2척 수주 [산...",0.38,1,0,https://www.sisaon.co.kr/news/articleView.html?idxno=201064
2026-05-14,코스피 1.75% 상승한 7981.41 마감...8000선 임박,0.261,1,0,https://www.g-enews.com/view.php?ud=20260514155956834df2f5bc1bc_1
2026-05-14,"코스피 톱10 선수교체 … 삼성바이오 OUT, 삼성전기 IN",0.0,0,0,https://www.mk.co.kr/article/12047846
2026-05-14,"두산에너빌리티, 협력사와 ‘2026 파트너스 데이’ 개최",0.322,1,0,http://www.lawissue.co.kr/view.php?ud=202605141734496922f4ab64559d_12
2026-05-14,"두산에너빌리티 ""협력사의 경쟁력이 곧 우리의 경쟁력이다""",0.0,0,0,http://www.energydaily.co.kr/news/articleView.html?idxno=167254
2026-05-14,"정연인 “품질, 납기 등 협력사 경쟁력이 두산에너빌리티 경쟁력”",0.0,0,0,https://www.munhwa.com/article/11588996?ref=naver
2026-05-14,"두산에너빌리티, 협력사 경쟁력 강화 행사 '파트너스 데이' 개최",0.322,1,0,https://www.newsworks.co.kr/news/articleView.html?idxno=840796
2026-05-14,"코스피, 개인 매수세 힘입어 7,981p…'8,000p' 눈앞에",0.0,0,0,https://www.delighti.co.kr/news/articleView.html?idxno=116423
2026-05-14,"'개미의 힘으로' 7980선 돌파, '8천피' 9부 능선···30만전자 '코앞'",0.351,2,1,https://www.seoulfn.com/news/articleView.html?idxno=628838
2026-05-14,"코스피, 이틀 연속 최고가 마감… '팔천피'까지 19포인트",-0.261,0,1,https://it.chosun.com/news/articleView.html?idxno=2023092162116
2026-05-14,"[마감시황] '8천피', 단 19포인트",0.0,1,1,http://www.hansbiz.co.kr/news/articleView.html?idxno=838922
2026-05-14,"코스피, '8천피' 카운트다운... 롤러코스터 장세에도 최고치 또 경신",0.261,1,0,https://www.getnews.co.kr/news/articleView.html?idxno=870151
2026-05-14,"코스피, 8000 '눈앞'",0.0,1,1,http://www.econotelling.com/news/articleView.html?idxno=20401
2026-05-14,"두산에너빌리티, 협력사와 AX·ESG 경쟁력 강화 나서",0.322,1,0,http://www.ikld.kr/news/articleView.html?idxno=334492
2026-05-14,"코스피, 또 '사상 최고' 7,981…'8천피'까지 19포인트",0.0,0,0,https://news.sbs.co.kr/news/endPage.do?news_id=N1008562161&plink=ORI&cooper=NAVER
2026-05-14,"두산에너빌리티, 협력사와 ‘2026 파트너스 데이’ 개최…AX·ESG 경쟁력...",0.0,0,0,https://www.kukinews.com/article/view/kuk202605140164
2026-05-14,"코스피, 개인 매수세에 또 최고치…'8000피' 눈앞",0.261,1,0,https://www.ziksir.com/news/articleView.html?idxno=133941
2026-05-14,"[오늘증시]코스피 7900선 돌파, 사상 최고치 마감...'파업 위기' 삼성전...",0.261,2,1,http://www.queen.co.kr/news/articleView.html?idxno=456947
2026-05-14,"두산에너빌, 1분기 영업이익 2335억원…수주잔고 27조원대",0.38,1,0,https://www.thepowernews.co.kr/view.php?ud=202605141702077189de3f0aa1be_7
2026-05-14,"두산에너빌리티, 협력사와 '파트너스 데이'…AI·ESG 상생 강화",0.322,1,0,https://www.straightnews.co.kr/news/articleView.html?idxno=302499
2026-05-14,"두산에너빌리티, 경남 창원 본사서 '2026 파트너스 데이' 개최",0.0,0,0,https://www.gukjenews.com/news/articleView.html?idxno=3582124
2026-05-14,외국인 매도 폭탄에도 코스피 최고가 경신…코스피 8000피 눈앞,-0.645,0,2,https://www.ddaily.co.kr/page/view/2026051416441629465
2026-05-14,코스피 사상 첫 7980선 돌파···'8000피' 눈앞,0.261,1,0,https://www.smartbizn.com/news/articleView.html?idxno=143900
2026-05-14,"두산에너빌리티, 협력사와 함께 '2026 파트너스 데이' 개최",0.322,1,0,http://www.koreastocknews.com/news/articleView.html?idxno=118480
2026-05-14,두산에너빌리티 '2026 파트너스 데이' 개최,0.322,1,0,https://www.todayenergy.kr/news/articleView.html?idxno=297843
2026-05-14,"또 최고치 경신한 코스피, 7981.41 마감… 삼성전자 5% 급등 ‘신고가’",0.732,2,0,https://www.womennews.co.kr/news/articleView.html?idxno=277483
2026-05-14,코스피 7981선 최고치 마감… 삼성전자 신고가에 '8000피' 바짝,0.165,1,1,https://www.hidomin.com/news/articleView.html?idxno=705367
2026-05-14,"두산에너빌리티, 상생 위한 ‘2026 파트너스데이’ 개최… “협력사 경...",0.322,1,0,https://www.donga.com/news/Economy/article/all/20260514/133924691/1
2026-05-14,"(마감시황) 코스피, ‘8천피’ 눈앞 또 최고가…7,980선 마감",-0.322,0,1,https://www.news2day.co.kr/article/20260514500187
2026-05-14,외인 매도 폭탄 이겨낸 개인…‘팔천피’까지 단 19P 남아 [투자360],0.067,1,1,https://biz.heraldcorp.com/article/10738166?ref=naver
2026-05-14,"코스피, 外人 매도에도 8000피 문턱까지 '상승'…코스닥 1.20%↑",0.261,1,0,http://www.newsprime.co.kr/news/article.html?no=733516
2026-05-14,"코스피, 최고치 7981선 마감…‘팔천피’까지 18.59 포인트 남아",0.0,0,0,http://www.beyondpost.co.kr/view.php?ud=202605141627167821be44c0aacd_30
2026-05-14,"코스피, '8000피' 턱 밑까지 상승하며 또 사상 최고 7,981 마감",0.261,1,0,http://www.techholic.co.kr/news/articleView.html?idxno=221215
2026-05-14,"삼성전자 '질주', 코스피 '신고가'...LG계열·하나금융 '급등'",0.408,3,2,http://www.choicenews.co.kr/news/articleView.html?idxno=165288
2026-05-14,"코스피, 삼성전자 질주에 또 최고치…'8000고지' 눈앞",-0.322,1,2,https://www.straightnews.co.kr/news/articleView.html?idxno=302501
2026-05-14,"[오늘증시]코스피 8000 임박, 종가 최고치 '7981.41'…환율 1491원",-0.322,1,2,https://www.sidae.com/article/2026051415560199509
2026-05-14,"8천피 향한 코스피…삼성전자 30만원 눈앞, SK하이닉스 200만원 좌절",-0.261,0,1,https://www.dt.co.kr/article/12062524?ref=naver
2026-05-14,"코스피, 종가 사상 최고치 7981.41 마감…8000선 '재도전'",0.0,0,0,http://www.the-biz.co.kr/news/articleView.html?idxno=720662
2026-05-14,외국인 2.8兆 매도 속 코스피 신고가 마감…8천피 눈앞(종합),0.462,2,1,https://view.asiae.co.kr/article/2026051416210495692
2026-05-14,"""협력사 경쟁력이 곧 두산에너빌리티 경쟁력""",0.322,1,0,https://www.idomin.com/news/articleView.html?idxno=2005737
2026-05-14,"'8000피' 단 19포인트 남았다…""이제 1만피 간다"" 또 파격 전망",0.0,1,1,https://www.mt.co.kr/stock/2026/05/15/2026051416112169061
2026-05-14,"[인터뷰] 정범진 교수 “SMR, 투자 안 하면 뒤처진다”",0.0,0,0,https://www.ekn.kr/web/view.php?key=20260514029224681
2026-05-14,"지선 후보등록 시작…PK 판세, 대형 변수들로 안개속",0.0,0,0,https://biz.heraldcorp.com/article/10738140?ref=naver
2026-05-14,증시 고점 신호인가…8000피 앞두고 상장사 임원들 잇단 지분 매각,-0.067,1,1,https://www.ajunews.com/view/20260514155457859
2026-05-14,코스피 또 다시 8000선 근접…7981.41 마감,0.0,1,1,https://www.mediapen.com/news/view/1098917
2026-05-14,"'8000피' 고지 보인다…코스피, 7980선 사상 최고치 마감",-0.261,0,1,https://www.newsworks.co.kr/news/articleView.html?idxno=840784
2026-05-14,"코스피, 사상 최고치 경신 7981선 마감…'팔천피' 임박",0.0,0,0,https://www.hankyung.com/article/2026051467086
2026-05-14,"코스피, 또 최고가 경신…'8천피 시대' 코앞",0.0,1,1,http://www.newstomato.com/ReadNews.aspx?no=1300964&inflow=N
2026-05-14,"[시황] 코스피, 사상 최고치 재차 경신…팔천피 목전",-0.261,0,1,http://www.newsdream.kr/news/articleView.html?idxno=112076
2026-05-14,"코스피, 최고치 경신해 7900선 돌파…'8천피' 19포인트 남아",0.261,1,0,https://www.pointdaily.co.kr/news/articleView.html?idxno=304980
2026-05-14,"코스피,또 사상 최고치 7,981…미증유 '8천피' 눈앞",0.261,1,0,http://www.seouleconews.com/news/articleView.html?idxno=91244
2026-05-14,'팔천피' 고지 앞두고 7980선 마감…종가 기준 이틀 연속 최고치(종합),-0.067,1,1,https://www.newsis.com/view/NISX20260514_0003629887
2026-05-14,[마켓뷰] 진격의 코스피… 또 사상 최고 7981로 상승 마감,0.0,1,1,https://biz.chosun.com/stock/market_trend/2026/05/14/KJZLTKHLBNFW3BUU6FRNQMFU5A/?utm_source=naver&utm_medium=original&utm_campaign=biz
2026-05-14,삼전 4% 상승에…코스피 2% 올라 7980선 마감 [시황],0.261,1,0,https://www.dailian.co.kr/news/view/1644414/?sc=Naver
2026-05-14,'8000피' 코앞서 외국인 매도세에 '주춤'···개인 매수로 7981.41,-0.682,0,2,https://www.newsfreezone.co.kr/news/articleView.html?idxno=689774
2026-05-14,"두산에너빌리티, 협력사 80곳과 파트너스 데이 개최",0.322,1,0,https://www.newspim.com/news/view/20260514001118
2026-05-14,"코스피, 또 사상최고 7,981…'8천피' 19포인트 남았다(종합)",0.261,1,0,https://www.yna.co.kr/view/AKR20260514136951008?input=1195m
2026-05-14,"코스피, 1.75% 올라 7981 마감…8천피 눈앞[마감시황]",-0.261,0,1,https://www.newsway.co.kr/news/view?ud=2026051415461489992
2026-05-14,[거래소 외국인] 삼성전자 삼성전자우 LG디스플레이 한화솔루션에 올라...,0.0,0,0,https://www.pinpointnews.co.kr/news/articleView.html?idxno=452771
2026-05-14,코스피 상승 마감 삼성전자 4%대 강세,0.1,2,1,https://www.newsclaim.co.kr/news/articleView.html?idxno=3063677
2026-05-14,"[ESG] 두산에너빌리티, 협력사와 상생 강화...AI·ESG 대응 지원 확대",0.322,1,0,https://www.joongangenews.com/news/articleView.html?idxno=519250
2026-05-14,삼성전자 모처럼 4%대 상승…코스피 7981 '사상 최고치'[시황종합],0.0,1,1,https://www.news1.kr/finance/market-exr/6166921
2026-05-14,"코스피, '사상 최고치' 7980선 마감",0.0,0,0,https://www.cstimes.com/news/articleView.html?idxno=705770
2026-05-14,[거래소 기관] 한미반도체 삼성전자 삼성물산 현대건설 쓸어 담고 SK하이...,0.408,1,0,https://www.pinpointnews.co.kr/news/articleView.html?idxno=452769
2026-05-14,코스피 8000선까지 18.59포인트 남았다…또 사상 최고치,-0.067,1,1,http://www.edaily.co.kr/news/newspath.asp?newsid=05405446645448920
2026-05-14,코스피 7981선 마감…8000선 코앞에서 멈췄다,0.0,0,0,http://www.thebigdata.co.kr/view.php?ud=202605141558014679c808fa9903_23
2026-05-14,"'8천피'까지 단 19포인트...코스피, 또 사상 최고 마감",0.0,1,1,http://www.metroseoul.co.kr/article/20260514500256
2026-05-14,[EBN 데이터센터] 8천피까지 이제 '19포인트' 남았다…7981 마감,-0.408,1,2,https://www.ebn.co.kr/news/articleView.html?idxno=1708820
2026-05-14,"코스피, 종가 최고치 경신…8000까지 단 0.23% 남아",-0.322,0,1,https://news.tf.co.kr/read/economy/2322706.htm
2026-05-14,'팔천피'까지 20포인트 남긴 코스피 美기술주 랠리…삼성전자 4% 급등,0.165,1,1,http://www.smedaily.co.kr/news/articleView.html?idxno=357035
2026-05-14,"[마감시황] 코스피, 또 사상 최고치 경신…'팔천피'까지 단 19포인트",-0.067,1,1,https://www.ajunews.com/view/20260514155248853
2026-05-14,"[마감시황] 코스피, 사상 최고 7981…개인 매수에 '8천피' 눈앞",-0.067,1,1,https://www.newspim.com/news/view/20260514001073
2026-05-14,"코스피, 개인 매수에 7900선 안착...8000까지 '단 0.2%'",0.0,0,0,http://www.opinionnews.co.kr/news/articleView.html?idxno=138426
2026-05-14,"코스피, ‘8000피’ 앞두고 7980선 마감⋯삼전ㆍSK하닉 엇갈려",-0.261,0,1,https://www.etoday.co.kr/news/view/2584577
2026-05-14,'8천피' 목전… 코스피 또 사상 최고 마감,0.0,0,0,https://www.newscj.com/news/articleView.html?idxno=3400862
2026-05-14,"[1% 초고수의 선택] '일진전기' 저가 매수, '삼양식품' 차익실현",0.0,0,0,https://www.ebn.co.kr/news/articleView.html?idxno=1708821
2026-05-14,일주일째 23조 담은 개인…'삼성전자 우선주' 올인,0.0,0,0,http://www.fnnews.com/news/202605141424489602
2026-05-14,8000 목전 둔 코스피… 사상 최고가 삼전은 30만 원에 “500원이 부족해...,0.261,1,0,https://www.sedaily.com/article/20044157?ref=naver
2026-05-14,"""8000피 턱밑까지 왔다""…코스피, 종가 사상 최고치 7981.41",0.0,1,1,https://www.mt.co.kr/stock/2026/05/14/2026051415475726166
2026-05-14,"코스피, 미국 반도체 주도 상승세 속 8,000선 목전",-0.067,1,1,https://www.tokenpost.kr/news/market/359594
2026-05-14,"[마감시황] 코스피, 137.40포인트 오른 7981.41 마감",0.322,1,0,https://www.lcnews.co.kr/news/articleView.html?idxno=202132
2026-05-14,[마감 시황] 미중 회담 훈풍에 코스피 8000선 목전에,0.0,0,0,http://www.fieldnews.kr/news/articleView.html?idxno=28564
2026-05-14,[속보] 코스피 또 사상 최고치…개인 2.8조 ‘사자’에 7981 마감,-0.261,0,1,https://www.mk.co.kr/article/12047605
2026-05-14,"코스피, 개인 매수에 8000선 근접... 7981.41 [fn마감시황]",-0.322,0,1,http://www.fnnews.com/news/202605141526206494
2026-05-14,"두산에너빌리티, 협력사와 상생 강화 나서",0.0,0,0,https://www.pointdaily.co.kr/news/articleView.html?idxno=304965
2026-05-14,"코스피 7,981 또 사상 최고치…'8천피' 19포인트 남았다",0.067,1,1,https://news.sbs.co.kr/news/endPage.do?news_id=N1008561900&plink=ORI&cooper=NAVER
2026-05-14,"두산에너빌리티, 협력사와 함께하는 ’2026 파트너스 데이' 개최",0.0,0,0,https://biz.chosun.com/industry/company/2026/05/14/B357XKHODZFCFA7TUJJJZSUCVQ/?utm_source=naver&utm_medium=original&utm_campaign=biz
2026-05-14,"두산에너빌리티, ‘2026 파트너스 데이’ 개최…협력사와 소통 강화",0.0,0,0,https://www.mk.co.kr/article/12047574
2026-05-14,"정부, K-원전 수출 컨트롤타워 가동…한전·한수원 '원팀' 묶어",0.0,0,0,http://www.smedaily.co.kr/news/articleView.html?idxno=357025
2026-05-18,"[주간수급리포트] ‘삼전닉스’ 던진 외국인, 다 받아낸 개미⋯반도체 ...",0.0,0,0,https://www.etoday.co.kr/news/view/2585080
2026-05-18,정책 속도 내는 ‘워커홀릭’ 李정부… “업무 5배 늘어” 탈진 우려도...,0.0,0,0,https://www.seoul.co.kr/news/publicnews/Public_IN/2026/05/18/20260518032002?wlog_tag3=naver
2026-05-18,두산에너빌리티 11만원선 초반까지 밀렸다…새주장 반격이냐 다시 후퇴...,-0.322,0,1,https://www.cbci.co.kr/news/articleView.html?idxno=575099
2026-05-18,"두산, SK실트론 품는다…반도체로 체질 변환 속도",0.0,0,0,https://www.joongang.co.kr/article/25429063
2026-05-17,"[그린 인사이드] ""대미펀드 1호"" 부상 뉴스케일파워··· 한미SMR동맹 신...",0.0,0,0,https://www.greenpostkorea.co.kr/news/articleView.html?idxno=306695
2026-05-17,"두산, 반도체로 체질변환 본격화…SK실트론 인수 사실상 확정",0.0,0,0,https://www.joongang.co.kr/article/25429024
2026-05-17,"개미 10명 중 8명, 중동 전쟁 중에도 돈 벌었다",0.0,0,0,https://www.idaegu.co.kr/news/articleView.html?idxno=548300
2026-05-17,"두산, 최태원 지분 포함 SK실트론 '100% 인수'…5조원대 빅딜 타결",0.0,0,0,https://magazine.hankyung.com/business/article/202605172099b
2026-05-17,"두산에너빌리티, '2026 파트너스 데이' 개최",0.322,1,0,https://www.gnnews.co.kr/news/articleView.html?idxno=637030
2026-05-17,"한국이 지은 UAE 바라카 원전, 드론 공격에 화재…""안전에 영향 없어""",0.0,0,0,https://www.mt.co.kr/world/2026/05/17/2026051719414646298
2026-05-17,로봇·SMR까지 신사업도 박차,0.0,0,0,https://www.hankyung.com/article/2026051718911
2026-05-17,[단독] AI·반도체 기업으로 변신…두산 '마지막 퍼즐' 채웠다,0.0,0,0,https://www.hankyung.com/article/2026051718931
2026-05-17,"[단독] 두산, SK실트론 100% 인수",0.0,0,0,https://www.hankyung.com/article/2026051719391
2026-05-17,탁구 동호인들 갈고닦은 실력 뽐내 [2026 경남오픈탁구대회],0.0,0,0,https://www.idomin.com/news/articleView.html?idxno=2005899
2026-05-17,현대위아· 현대로템 ESG경영 'A+'...중소기업은 현실적 어려움 호소,0.0,0,0,https://www.idomin.com/news/articleView.html?idxno=2005865
2026-05-17,"[김수현의 상한가] '천당과 지옥' 오간 코스피, 지나보니 '제자리걸음'",0.462,1,0,https://www.joongangenews.com/news/articleView.html?idxno=519771
2026-05-17,'지수 1만' 전망나왔지만 급락한 코스피…삼전·하이닉스 매수한 신용대...,-0.823,0,2,https://www.ddaily.co.kr/page/view/2026051706501000045
2026-05-17,'우라늄 품귀' 현실로… 골드만삭스 SMR 모델 가동에 원자재 시장 '발칵...,0.0,0,0,https://www.g-enews.com/view.php?ud=202605170637255899fbbec65dfb_1
2026-05-17,두산에너빌리티·우리기술 등 원전주 '흔들'…일제히 약세 마감,-0.537,0,2,https://www.cbci.co.kr/news/articleView.html?idxno=574971
2026-05-16,내 통장 바꿀 역대급 돈의 흐름…일주일 새 11조 원 쏟아부은 개인들의...,0.0,0,0,https://www.wikitree.co.kr/articles/1136759
2026-05-16,5월 2주차 두산에너빌리티 주가 11만원대 마감,-0.261,0,1,https://www.topstarnews.net/news/articleView.html?idxno=16062435
2026-05-16,[주간증시] 하루 만에 사라진 8000선 환호…코스닥은 한주간 6%대 급락,-0.462,0,1,https://www.pinpointnews.co.kr/news/articleView.html?idxno=453104
2026-05-16,"PRS·정책금융·AI 반도체 올라탄 두산…""체력 달라졌다""",0.0,0,0,https://www.econovill.com/news/articleView.html?idxno=740219
2026-05-16,"박완수, 후보 등록 첫 행보 '원전·조선'…""기업 살아야 일자리 창출""",0.0,0,0,https://www.nocutnews.co.kr/news/6518187?utm_source=naver&utm_medium=article&utm_campaign=20260516085256
2026-05-16,[주간 거래소 외국인] SK하이닉스 삼성전자 현대모비스 현대차 '폭풍매...,0.0,0,0,https://www.pinpointnews.co.kr/news/articleView.html?idxno=453100
2026-05-16,집단소송 휩싸인 미 뉴스케일파워… 한국 SMR 동맹 ‘진짜 리스크’는,-0.38,0,1,https://www.g-enews.com/view.php?ud=202605160604266251fbbec65dfb_1
2026-05-16,"[위클리 에너지 리포트] 에쓰오일, 데이터센터용 액침냉각유 공개…열관...",0.0,0,0,https://www.goodkyung.com/news/articleView.html?idxno=287010
2026-05-16,"두산에너빌리티 연속 약세 못끊었다, 코스피 급락에 주가도 털썩…새주...",-0.462,1,2,https://www.cbci.co.kr/news/articleView.html?idxno=574897
2026-05-16,[심층분석] '8000 코스피' 하루만에 신기루로…외인 4.9조 역대급 폭탄에...,-0.322,0,1,https://www.thefairnews.co.kr/news/articleView.html?idxno=77088
2026-05-19,'수익률·트렌드' 다잡은 ETF본부장 추천 상품은?,0.0,0,0,https://news.mtn.co.kr/news-detail/2026051810134621003
2026-05-19,두산에너빌리티·우리기술 버텼다…원전주 혼조 마감,0.261,1,0,https://www.cbci.co.kr/news/articleView.html?idxno=575370
2026-05-19,"[창간기획] BNK금융, 생산적금융 거점산업서 미래산업까지...동남권 대전...",0.0,0,0,https://www.g-enews.com/view.php?ud=20260518143323527bb91c46fcd_1
2026-05-19,"두산에너빌리티 7거래일 만에 기지개, 장중 강세 전환…분위기 반전시키...",0.322,2,1,https://www.cbci.co.kr/news/articleView.html?idxno=575302
2026-05-19,"'1일 천하'로 끝난 '8000피 시대'…K증시, '외인 매물 폭탄'에 시험대",0.408,1,0,https://www.ziksir.com/news/articleView.html?idxno=134204
2026-05-18,"코스피, 개인과 기관 매수에 상승 마감...삼성전자, 삼성전기 상승 VS 현...",0.604,2,0,http://www.econonews.co.kr/news/articleView.html?idxno=438532
2026-05-18,"[26.5.18 증시 인싸잇] 주춤하던 코스피, 상승 전환 성공... 7500선 탈환",0.0,1,1,https://www.mediawatch.kr/news/article.html?no=259669
2026-05-18,경남지사 후보 일정·동선보니…산업·조직·노동 등 선거전략 차별화,0.0,0,0,https://www.idomin.com/news/articleView.html?idxno=2006025
2026-05-18,"반도체 영토 넓히는 두산…산은·우리銀, 지원군 나선다",-0.462,0,1,https://www.ajunews.com/view/20260518182635345
2026-05-18,"코스피, 오전 급락 딛고 7510선 마감…하루 등락폭 493포인트",-0.229,1,1,https://www.delighti.co.kr/news/articleView.html?idxno=116550
2026-05-18,"산업·우리은행, 두산 SK실트론 인수금융 공동 주선",0.0,0,0,http://www.edaily.co.kr/news/newspath.asp?newsid=04605126645450232
2026-05-18,"현대건설, 신한울 3·4호기 현장 내 '안전체험교육장' 개관…산업재해 ...",0.0,0,0,https://www.financialpost.co.kr/news/articleView.html?idxno=259535
2026-05-18,"[마감] 코스피 반등, 장 초반 4%대 급락과 사이드카 충격 딛고 매수세에...",-0.165,1,1,https://mdtoday.co.kr/news/view/1065603223669566
2026-05-18,"코스피, 장중 매도 사이드카에도 반등 성공…개인·기관 매수에 7500선 회...",0.604,3,1,https://www.goodkyung.com/news/articleView.html?idxno=287129
2026-05-18,가스터빈·스팀터빈·SMR…두산에너빌리티가 넓히는 전력판,0.625,2,0,https://www.newsway.co.kr/news/view?ud=2026051814474160713
2026-05-18,"현대건설, 신한울 3·4호기 건설현장에 실습형 안전체험교육장 개관",0.0,0,0,https://www.100ssd.co.kr/news/articleView.html?idxno=209383
2026-05-18,장중 공포지수 10%↑…변동성 확대는 불가피,0.604,2,0,https://www.sedaily.com/article/20045491?ref=naver
2026-05-18,반도체 투톱만 달리는 국내증시…소외되는 중소형주,0.0,0,0,http://www.ftoday.co.kr/news/articleView.html?idxno=359100
2026-05-18,"[매경이코노미스트] 에너지안보시대, 원자력이 답이다",0.0,0,0,https://www.mk.co.kr/article/12051192
2026-05-18,"[오늘증시]코스피, 삼성전자 반등에 장 초반 급락 딛고 0.31% 상승 ""7516선...",0.1,2,1,http://www.queen.co.kr/news/articleView.html?idxno=457120
2026-05-18,"삼전파업에 울고웃은 코스피…""FOMC 의사록·엔비디아 실적 주목""",0.0,1,1,https://www.mt.co.kr/stock/2026/05/19/2026051817172251270
2026-05-18,"박정원 두산 회장, SK실트론 인수해 반도체 '밸류체인' 완성했다",0.0,0,0,https://www.insightkorea.co.kr/news/articleView.html?idxno=246601
2026-05-18,韓 '원전 해체 표준안' 탄력…500조 시장 주도권 잡는다,0.0,0,0,https://www.hankyung.com/article/2026051844241
2026-05-18,"코스피, '블랙먼데이' 모면... 장초반 하락하다 상승전환 후 7,500선 회복",0.0,1,1,https://www.getnews.co.kr/news/articleView.html?idxno=870415
2026-05-18,[단독] 두산 '반도체 강화'에 … 동반자로 나선 産銀,-0.462,0,1,https://www.mk.co.kr/article/12051145
2026-05-18,"현대건설, 신한울 3·4호기에 VR·XR 안전체험교육장 문 열어",0.0,0,0,https://www.cstimes.com/news/articleView.html?idxno=706209
2026-05-18,삼전 파업 우려 덜자 코스피 반등…전쟁 리스크는 여전,0.537,2,0,http://www.newstomato.com/ReadNews.aspx?no=1301270&inflow=N
2026-05-18,"'롤러코스터 장세' 코스피, 매도 사이드카 딛고 반등…개미가 살렸다",0.537,2,0,https://www.jnilbo.com/news/articleView.html?idxno=90000035900
2026-05-18,[마감시황] 매도 사이드카에도 되살아난 코스피…7500선 회복,0.0,1,1,http://www.hansbiz.co.kr/news/articleView.html?idxno=839456
2026-05-18,8천피 멀어진 코스피…상승·하락 반복하다 7516으로 마감,0.0,1,1,https://www.kgnews.co.kr/news/article.html?no=896308
2026-05-18,'매도 사이드카' 불구 코스피 7500선 사수… '삼전·닉스' 상승 견인,0.261,1,0,https://it.chosun.com/news/articleView.html?idxno=2023092162341
2026-05-18,'삼성전자와 춤을' 코스피 7510선 강보합 마감···주성엔지 30% 폭등,0.261,1,0,https://www.seoulfn.com/news/articleView.html?idxno=629095
2026-05-18,"국립창원대, '경남 SMR 제조 인프라와 R&D 미래 포럼' 개최",0.0,0,0,https://www.newsgn.com/news/articleView.html?idxno=552817
2026-05-18,"""3% 폭락→V자 반등""···코스피 7510선 기적 방어 '패닉장' 뒤 숨은 반...",0.261,3,1,https://www.smartbizn.com/news/articleView.html?idxno=144157
2026-05-18,"[마감시황] 코스피, 장중 4% 급락 딛고 반등…7510선 강보합 마감",-0.165,1,1,https://www.ajunews.com/view/20260518164253158
2026-05-18,"[오늘증시]7100까지 밀렸던 코스피, 7500선 복귀…환율 1500원",0.0,0,0,https://www.sidae.com/article/2026051816421572118
2026-05-18,장중 7100선까지 밀린 코스피… 삼성전자 힘입어 7500선 회복 마감,0.537,2,0,https://www.hidomin.com/news/articleView.html?idxno=705844
2026-05-18,"(마감시황) 코스피, 장중 급락 딛고 7,510선 안착…삼성전자 저가매수 유...",-0.229,1,1,https://www.news2day.co.kr/article/20260518500189
2026-05-18,"'전약후강' 코스피, 7500선 상승 마감했지만...외국인 '매도' 지속",0.0,1,1,https://economist.co.kr/article/view/ecn202605180032
2026-05-18,외국인 3.6조 팔았지만…28만 전자 앞세워 7500선 회복,0.0,1,1,https://www.mk.co.kr/article/12051078
2026-05-18,"'오락가락' 코스피, 외인 매도에도 7510선 회복…삼성전자 4% '반등'",0.322,2,1,https://www.newsworks.co.kr/news/articleView.html?idxno=841119
2026-05-18,"[오늘의 건설 브리핑] ""AI부터 안전·ESG까지""···건설·공기업, 현장 ...",0.0,0,0,https://www.smartbizn.com/news/articleView.html?idxno=144149
2026-05-18,"코스피, 장초반 '출렁'하다 상승전환…7,500선 회복 강보합(종합)",0.261,1,0,https://www.yna.co.kr/view/AKR20260518119951008?input=1195m
2026-05-18,"코스피, 장 초반 7100선까지 하락·사이드카 발동 딛고 7516.04 마감",-0.261,0,1,http://www.techholic.co.kr/news/articleView.html?idxno=221256
2026-05-18,"코스피, 개인 2.2조 ‘사자’에 반등 성공…7500선 마감 [투자360]",0.322,2,1,https://biz.heraldcorp.com/article/10740287?ref=naver
2026-05-18,코스피 장 초반 7140선대까지 후퇴…7500선 회복 마감,0.0,1,1,https://www.kado.net/news/articleView.html?idxno=2050769
2026-05-18,외국인 4조원 또 던졌지만…삼성전자 3% 반등에 코스피 낙폭 회복,0.583,3,1,https://www.dt.co.kr/article/12063048?ref=naver
2026-05-18,[르포] 원전에서 양수발전·수상태양광까지… 한수원 ‘투트랙’ 전략,0.0,0,0,https://www.asiatoday.co.kr/kn/view.php?key=20260518010004974
2026-05-18,코스피 반등 마감…반도체 투톱 강세,0.583,3,1,https://www.mediapen.com/news/view/1099615
2026-05-18,"[마감시황] 코스피, 장중 4% 급락 후 반등…개인·기관 매수에 상승 마감",0.261,3,2,http://www.kdfnews.com/news/articleView.html?idxno=183319
2026-05-18,"코스피, 개인·기관 매수세에...7,516.04 마감",0.1,2,2,https://www.youthdaily.co.kr/news/article.html?no=219354
2026-05-18,롤러코스터 코스피…4%대 급락 후 강보합 마감,-0.645,0,2,http://www.beyondpost.co.kr/view.php?ud=202605181600571652be44c0aacd_30
2026-05-18,두산 자체사업 '동박적층판'에 SK실트론 '웨이퍼' 얹어 반도체 기업으로...,0.0,0,0,https://www.huffingtonpost.kr/article/257285
2026-05-18,코스피 매도사이드카→상승 마감…삼전 '파업 동력' 약화에 급반등 [시...,0.537,2,0,https://www.news1.kr/finance/general-stock/6170340
2026-05-18,"[마감 시황] 코스피, 글로벌 투심 냉각에 보합권",0.408,1,0,http://www.fieldnews.kr/news/articleView.html?idxno=28649
2026-05-18,"[마감시황] 코스피, 개인·기관 '사자'에 강보합…7500선 회복",-0.067,1,1,https://www.newspim.com/news/view/20260518001095
2026-05-18,외인 3.6조 팔았지만…코스피 강보합 마감 [시황],0.0,0,0,https://www.dailian.co.kr/news/view/1645681/?sc=Naver
2026-05-18,"코스피, 장중 7100선 급락 후 7500선 마감",-0.462,1,2,http://www.issuenbiz.com/news/articleView.html?idxno=76709
2026-05-18,"현대건설, 경북 신한울 3·4호기 현장에 안전체험교육장 개관",0.0,0,0,https://www.ziksir.com/news/articleView.html?idxno=134221
2026-05-18,[거래소 외국인] 삼성전자 팔고 삼성SDI 담았다… 증시 수급 대이동 신...,0.645,2,0,https://www.pinpointnews.co.kr/news/articleView.html?idxno=453532
2026-05-18,"[마감시황] 코스피, 22.86포인트 오른 7516.04 마감",0.322,1,0,https://www.lcnews.co.kr/news/articleView.html?idxno=202277
2026-05-18,"[시황] 코스피, '롤러코스터'급 등락…7500선 마감",0.261,1,0,http://www.newsdream.kr/news/articleView.html?idxno=112128
2026-05-18,7500선 지켜낸 코스피…개인이 막은 급락 [마감시황],-0.462,1,2,https://www.ekn.kr/web/view.php?key=20260518023125714
2026-05-18,코스피 7500선 안착 삼성전자 3%대 상승,0.261,1,0,https://www.newsclaim.co.kr/news/articleView.html?idxno=3064010
2026-05-18,"[EBN 데이터센터] 코스피, 냉온탕 끝에 강보합...삼성 노조 제동에 기관...",-0.067,1,1,https://www.ebn.co.kr/news/articleView.html?idxno=1709210
2026-05-18,하루새 7% 오르내린 코스피 강보합 '노조리스크' 해소…삼성전자 4%↑,0.261,1,0,http://www.smedaily.co.kr/news/articleView.html?idxno=357208
2026-05-18,"코스피, 장중 7100선 급락 후 7500선 회복…삼전·SK하닉 반등 견인",0.1,2,1,https://www.ziksir.com/news/articleView.html?idxno=134243
2026-05-18,"코스피, 장초반 4% 급락 딛고 7500선 상승 마감",-0.513,1,2,https://www.etoday.co.kr/news/view/2585606
2026-05-18,"코스피, 장중 낙폭 딛고 상승 마감…7500선 회복 [MTN 마감시황]",0.261,1,0,https://news.mtn.co.kr/news-detail/2026051815583839745
2026-05-18,"코스피 7516.04 강보합 마감…""493포인트 롤러코스터""",0.0,1,1,https://www.mt.co.kr/stock/2026/05/18/2026051815232118662
2026-05-18,[서울데이터랩]마감 직후 인기 검색 종목 20選,0.0,1,1,https://www.seoul.co.kr/news/economy/securities/2026/05/18/20260518500184?wlog_tag3=naver
2026-05-18,코스피 'V자 반등'…장중 급락 딛고 7500선 마감,0.537,3,1,https://www.newsis.com/view/NISX20260518_0003634416
2026-05-18,"코스피, 7500선 사수…매도 사이드카·삼전 파업 우려 딛고 반등",0.537,2,0,https://news.tf.co.kr/read/economy/2323789.htm
2026-05-18,"우리기술, 한울 원전 계약 체결에 관심 집중…원전 테마주 분위기 반등...",0.322,1,0,https://www.cbci.co.kr/news/articleView.html?idxno=575288
2026-05-18,"코스피,장 초반 '출렁'거리다 7,516 마감...'삼전닉스' 상승",0.261,1,0,http://www.seouleconews.com/news/articleView.html?idxno=91301
2026-05-18,"코스피, 매도 사이드카 딛고 7500선 회복...외국인 8거래일째 '팔자'",0.261,1,0,https://www.digitaltoday.co.kr/news/articleView.html?idxno=666825
2026-05-18,"[증시-마감] 코스피, 급락 딛고 7,500선 회복…삼성전자 반등",-0.732,1,3,https://news.einfomax.co.kr/news/articleView.html?idxno=4415468
2026-05-18,'롤러코스피' 7100 찍고 다시 7500선으로...삼성전자 3.8% 상승,-0.462,1,2,http://www.metroseoul.co.kr/article/20260518500325
2026-05-18,"코스피, 급락 후 반등 마감…7500대",-0.165,2,2,https://www.cstimes.com/news/articleView.html?idxno=706190
2026-05-18,"‘검은 월요일’ 피했다…코스피, 저가매수에 강보합 마감",0.261,1,0,http://www.edaily.co.kr/news/newspath.asp?newsid=04054086645450232
2026-05-18,"[마감시황] 코스피, 하락세 이겨내고 7510선 회복…삼성전자 3.88% '급등...",0.165,1,1,https://www.pinpointnews.co.kr/news/articleView.html?idxno=453512
2026-05-18,오늘도 '롤러코스피'…28만전자 앞세워 7500선 지켰다[마감시황],0.261,1,0,https://www.newsway.co.kr/news/view?ud=2026051815464359128
2026-05-18,"코스피, 개인·기관 순매수에 강보합 마감...삼성전자 강세로 7500선 사수",0.322,1,0,http://www.opinionnews.co.kr/news/articleView.html?idxno=138607
2026-05-18,국립창원대 '경남 SMR 제조 인프라와 R&D 미래 포럼' 개최합니다!,0.0,0,0,https://www.veritas-a.com/news/articleView.html?idxno=610623
2026-05-18,"현대건설, 신한울 3·4호기 현장에 안전체험교육장 개관…실습형 교육 ...",0.0,0,0,http://www.efnews.co.kr/news/articleView.html?idxno=129820
2026-05-18,"-4.6%→0.3%…판세 뒤집히자 개미들 ""이때다""",0.261,1,0,http://www.wowtv.co.kr/NewsCenter/News/Read?articleId=A202605180181&t=NN
2026-05-18,"코스피, 외국인 Vs. 개인 힘겨루기...7500선 지켜 [fn마감시황]",0.0,1,1,http://www.fnnews.com/news/202605181538065560
2026-05-18,"현대건설, 신한울 3·4호기 현장에 안전체험 교육장 운영",0.0,0,0,https://news.tvchosun.com/site/data/html_dir/2026/05/18/2026051890226.html
2026-05-18,"[속보] 코스피, '매도 사이드카' 뒤집고 7500 회복…7516.04 마감",0.0,1,1,https://www.hankyung.com/article/2026051839206
2026-05-18,"팔아서 버틴 두산, 이젠 사서 바꾼다...SK실트론 인수로 AI 인프라 전환...",0.0,0,0,https://www.joongangenews.com/news/articleView.html?idxno=520053
2026-05-18,"“잘 팔고, 잘 샀다” 두산, SK실트론 연내 최태원 회장 지분까지 인수...",0.0,0,0,https://www.asiatime.co.kr/article/20260518500286
2026-05-18,두산에너빌리티 주가 상승세…원전·전력 인프라 기대감에 강세,0.537,2,0,https://www.job-post.co.kr/news/articleView.html?idxno=216195
2026-05-18,[티타임] '롤러코스피' 장중 7600선 터치…개인·기관 '사자',0.0,1,1,https://www.sidae.com/article/2026051814113042955
2026-05-18,'삼전닉스' 초강세 지속···백화점 호조에 유통업종도 주목,0.775,3,0,http://www.enewstoday.co.kr/news/articleView.html?idxno=2430407
2026-05-18,"현대건설, 최신 스마트 장비 결합…신한울 3·4호기 현장 '안전체험교육...",0.0,0,0,http://www.sisacast.kr/news/articleView.html?idxno=95982
2026-05-18,"[CEO 열전] 박정원 두산그룹 회장, SK실트론 품고 'AI 반도체 제국' 시동",0.0,0,0,https://www.megaeconomy.co.kr/news/newsview.php?ncode=1065589935483770
2026-05-18,[건설업계 동향] GS건설ㆍ현대건설ㆍ대우건설ㆍSK에코플랜트ㆍDL이앤씨...,0.0,0,0,http://www.weeklytoday.com/news/articleView.html?idxno=776072
2026-05-18,"현대건설, 신한울 3·4호기 현장에 안전체험교육장 개관",0.0,0,0,http://www.wowtv.co.kr/NewsCenter/News/Read?articleId=A202605180074&t=NN
2026-05-18,[굿모닝! 18일 건설업계 소식] 포스코이앤씨·DL이앤씨·SK에코플랜트·...,0.0,0,0,https://www.goodkyung.com/news/articleView.html?idxno=287107
2026-05-18,"유가 ·금리 우려 속...일본증시 '장중 하락', 도요타 '뚝'",0.0,1,1,http://www.choicenews.co.kr/news/articleView.html?idxno=165416
2026-05-20,"[6·3 픽] ""정치검사"" vs ""구태정치""…하정우-한동훈, '주식 파킹 의혹' ...",0.0,0,0,https://www.dailian.co.kr/news/view/1646296/?sc=Naver
2026-05-20,두산에너빌리티 우리기술 등 원전주 전반적 약세…국내 증시 변동성 확...,-0.322,1,2,https://www.cbci.co.kr/news/articleView.html?idxno=575754
2026-05-20,"[이넷뉴스 브랜드평판] 두산에너빌리티, 원자력발전 상장기업 5월 1위.....",0.0,0,0,https://www.enetnews.co.kr/news/articleView.html?idxno=50194
2026-05-20,"[증권가 중계] 한국투자증권, 미래에셋증권, 삼성증권",0.0,0,0,http://www.bizwnews.com/news/articleView.html?idxno=136927
2026-05-20,"[출근길포인트]이 대통령ㆍ다카이치 총리, ""한일 원유ㆍLNG 협력 확대""",-0.645,0,2,https://www.pointdaily.co.kr/news/articleView.html?idxno=305500
2026-05-20,"외국인 매도에 휘청한 코스피, 7,200선에서 방어 성공",-0.513,1,2,https://www.tokenpost.kr/news/market/361298
2026-05-20,주식창만 보는 70대 개미들… 매매 횟수 20대의 4배,0.0,0,0,https://www.chosun.com/economy/money/2026/05/20/UWDP62LMTRA6RNLX6JQWV2GNTE/?utm_source=naver&utm_medium=referral&utm_campaign=naver-news
2026-05-20,"두산에너빌리티 주가 털썩, 10만원 사수하나…'증시 흐름 등 살펴야'",-0.322,0,1,https://www.cbci.co.kr/news/articleView.html?idxno=575631
2026-05-20,"[공모주 HOT]마키나락스 상장 디데이 ""AI는 있는데 현장 적용이 어렵다...",0.0,0,0,https://www.cbci.co.kr/news/articleView.html?idxno=575668
2026-05-19,"[정우상 칼럼] ‘개미’가 된 ‘개딸’, 李 대통령은 감당할 수 있겠나",0.0,0,0,https://www.chosun.com/opinion/column/2026/05/19/4C2SGBWCCVFOZG723TEMPX7PZQ/?utm_source=naver&utm_medium=referral&utm_campaign=naver-news
2026-05-19,[26.5.19 증시 인싸잇] 코스피 외국인 5.7조 대규모 매도세... 7200선 위태,0.0,0,0,https://www.mediawatch.kr/news/article.html?no=259682
2026-05-19,세대별 주식투자 차이: 70대의 집중투자 vs 20대의 분산 전략,0.0,0,0,https://www.tokenpost.kr/news/economy/361259
2026-05-19,"코스피, 7200선 초반 하락 마감…변동성 장세 지속",0.0,1,1,https://www.kukinews.com/article/view/kuk202605190193
2026-05-19,"'손주뻘보다 바쁘시네'…70대, 20대보다 4배 더 사고팔아",0.0,0,0,http://www.wowtv.co.kr/NewsCenter/News/Read?articleId=A202605190606&t=NN
2026-05-19,"한국남동발전 등 4개사, 발전 AX 기술협의체 출범",0.0,0,0,http://www.hansbiz.co.kr/news/articleView.html?idxno=839738
2026-05-19,70대 이상 '주식 단타' 활발…20대보다 거래 4배 많아,0.0,0,0,https://www.ccdailynews.com/news/articleView.html?idxno=2417290
2026-05-19,"""중공업 넘어 반도체로""…두산, SK실트론 인수로 사업 재편 가속",0.0,0,0,https://www.thepublic.kr/news/articleView.html?idxno=304916
2026-05-19,사업 엔진 또 바꿨다··· AI 시대 향하는 두산,0.0,0,0,https://www.greenpostkorea.co.kr/news/articleView.html?idxno=306706
2026-05-19,[남동발전 소식] ‘AX 전략위원회’ 개최…현장 중심 AI 대전환 시동 外,0.0,0,0,https://www.busan.com/view/busan/view.php?code=2026051917515767938
2026-05-19,"SK실트론 인수 ‘순항’… 두산, 핵심 반도체 기업으로 변신",0.0,0,0,https://www.busan.com/view/busan/view.php?code=2026051918170242794
2026-05-19,"김정관, 삼성전자 파업 예고에 ""절박하고 아쉬운 마음"" 거듭 우려",0.0,0,0,http://www.newsfc.co.kr/news/articleView.html?idxno=78783
2026-05-19,"국립창원대, '경남 SMR 제조 인프라와 R&D 미래 포럼' 개최",0.0,0,0,http://www.enewstoday.co.kr/news/articleView.html?idxno=2430995
2026-05-19,"수출입은행 공급망 상생금융 플랫폼 본격 가동, 황기연 ""첨단산업 동반...",0.0,0,0,https://www.businesspost.co.kr/BP?command=article_view&num=438191
2026-05-19,"남동발전, 'AX대전환' 가속화··· 구체적 로드맵 및 민관 협력 생태계...",0.0,0,0,http://www.epj.co.kr/news/articleView.html?idxno=38604
2026-05-19,"두산에너빌리티-수출입은행, 원전·가스터빈 협력사 금융지원 '맞손'",0.0,0,0,http://www.smarttimes.co.kr/news/articleView.html?idxno=45679
2026-05-19,"코스피, 외인 6조원대 매도 속 7270선 마감",-0.322,0,1,https://www.ziksir.com/news/articleView.html?idxno=134393
2026-05-19,"대신증권, 연 7%대 고금리 채권 한정 판매…타임딜 재개 外",0.0,0,0,https://www.rcast.co.kr/news/articleView.html?idxno=30822
2026-05-19,"70대 개미, '주식 홀릭'…20대보다 4배 더 사고팔아",0.0,0,0,https://www.dailian.co.kr/news/view/1646223/?sc=Naver
2026-05-19,"외국인 6조 폭탄 매물에 코스피 3.25% 급락… 7,200선 턱걸이",-0.165,1,1,https://www.fntoday.co.kr/news/articleView.html?idxno=384594
2026-05-19,"공격적 '70대 실버개미'…20대 比 거래빈도 4배, 수익 13배",0.0,0,0,https://www.nocutnews.co.kr/news/6519720?utm_source=naver&utm_medium=article&utm_campaign=20260519053536
2026-05-19,"남동발전, 한전KDN·두산·비앤에프와 '발전 AX 선도모델 구축' 맞손",0.0,0,0,https://www.pinpointnews.co.kr/news/articleView.html?idxno=453884
2026-05-19,"70대·20대 개미의 투자법, 이렇게 달랐다",0.0,0,0,https://view.asiae.co.kr/article/2026051917151200481
2026-05-19,외국인 6조원 넘게 던졌다…코스피 3% 급락하며 7270선 후퇴,-0.165,2,2,https://www.goodkyung.com/news/articleView.html?idxno=287184
2026-05-19,"코스피, 변동성 확대에 7,200선으로 후퇴... 시총도 5000조대로 축소",0.0,0,0,https://www.getnews.co.kr/news/articleView.html?idxno=870484
2026-05-19,"코스피, 한 때 4.93% 급락하다 다소 낙폭 줄여 7,271 마감",-0.462,0,1,https://www.delighti.co.kr/news/articleView.html?idxno=116605
2026-05-19,"[포토] 수출입銀, 공급망 MOU",0.0,0,0,https://www.hankyung.com/article/2026051969681
2026-05-19,코스피 약세 속 방어주 피신…보험·은행주 선방[핫종목],-0.537,0,2,https://www.news1.kr/finance/general-stock/6171750
2026-05-19,"[마감시황] 외국인 6조 '팔자'…코스피, 7200선 후퇴",0.0,0,0,http://www.hansbiz.co.kr/news/articleView.html?idxno=839713
2026-05-19,'주식 사고팔기' 누가 더 자주?…70대 이상이 20대의 4배 활발,0.0,0,0,https://news.sbs.co.kr/news/endPage.do?news_id=N1008569623&plink=ORI&cooper=NAVER
2026-05-19,"남동발전, 민·관과 협력해 '발전 AX' 대전환 본격 추진",0.0,0,0,https://news.bbsi.co.kr/news/articleView.html?idxno=4084595
2026-05-19,"남동발전, 관련 기업들과 '발전 AX' 전환 가속 페달 밟는다",0.0,0,0,http://www.energydaily.co.kr/news/articleView.html?idxno=167412
2026-05-19,[마감시황] 코스피 7200선 후퇴…외국인 6조 순매도에 시총 5000조대로 밀...,0.0,1,1,http://www.kdfnews.com/news/articleView.html?idxno=183387
2026-05-19,환율 1507원·코스피 급락…외국인 34조 썰물에 금융시장 흔들,-0.462,1,2,https://www.hankookilbo.com/news/article/A2026051914260001107?did=NA
2026-05-19,"수은, LG엔솔·두산에너빌리티 등과 공급망 상생금융 플랫폼 가동",0.322,1,0,https://www.webeconomy.co.kr/news/articleView.html?idxno=2176269
2026-05-19,“20대보다 4배 더 사고 13배 벌었다”…상승장 휩쓴 ‘70대 실버 개미’,0.261,1,0,http://www.segyebiz.com/newsView/20260519515672?OutUrl=naver
2026-05-19,외국인 9일째 던졌다…삼성전자·하이닉스 밀리며 코스피 급락,-0.682,0,2,https://www.topstarnews.net/news/articleView.html?idxno=16065236
2026-05-19,"한국투자증권, 코스피200·대형주 기초 ELW 462종목 신규 상장",0.0,0,0,https://www.financialpost.co.kr/news/articleView.html?idxno=259690
2026-05-19,"코스피, 외국인 6조원대 매도에 3% 급락···7270선 마감",-0.645,0,2,https://www.seoulfn.com/news/articleView.html?idxno=629181
2026-05-19,'외국인 7조 순매도' 코스피 3.25% 급락…7300선 붕괴,-0.682,0,2,https://www.jbnews.com/news/articleView.html?idxno=1504385
2026-05-19,외국인 6조원 매도 폭탄···코스피 7270선까지 급락,-0.462,0,1,https://www.smartbizn.com/news/articleView.html?idxno=144272
2026-05-19,3% 급락한 코스피...7300선 붕괴 마감,-0.408,1,2,https://www.newsinside.kr/news/articleView.html?idxno=4687436
2026-05-19,[로컬 게시판/남동발전] 한전KDN·두산에너빌리티·비앤에프테크놀로지...,0.0,0,0,https://www.betanews.net/article/view/beta202605190102
2026-05-19,"국립창원대, 철강·에너지·우주항공 세라믹 인재 키운다",0.0,0,0,https://www.idomin.com/news/articleView.html?idxno=2006093
2026-05-19,"공격적인 '70대 실버개미'…20대보다 거래빈도는 4배, 수익은 13배 많아",0.0,0,0,https://www.newsis.com/view/NISX20260519_0003636241
2026-05-19,"[마감시황] 코스피, 외국인 매도에 3.25% 급락…7271.66 마감",-0.87,0,3,https://www.pinpointnews.co.kr/news/articleView.html?idxno=453865
2026-05-19,외국인 매도세에 코스피 7300선 내줘… SK하이닉스·SK스퀘어 5% 이상 급...,-0.462,0,1,https://www.womennews.co.kr/news/articleView.html?idxno=277687
2026-05-19,삼성전자 협상 기대에 낙폭 줄였지만…코스피 결국 7300선 붕괴,-0.067,1,1,http://www.newstomato.com/ReadNews.aspx?no=1301415&inflow=N
2026-05-19,"변동성 이어진 코스피, 7,200선으로 밀려…시총 5천조원대로 축소(종합...",0.0,0,0,https://www.yna.co.kr/view/AKR20260519079951008?input=1195m
2026-05-19,외국인 6조원 '팔자'에 코스피 급락… 장중 7100선까지 밀렸다,-0.513,1,2,https://www.hidomin.com/news/articleView.html?idxno=706023
2026-05-19,"코스피, 외국인 6조 팔자에 3%대 ‘뚝’…7300선도 내줬다",-0.322,0,1,https://www.mk.co.kr/article/12052251
2026-05-19,국립창원대서 SMR 제조 인프라·연구개발 미래 포럼 개최,0.0,0,0,http://www.e2news.com/news/articleView.html?idxno=330581
2026-05-19,"코스피, 외국인 '7조' 매도 폭탄에 3.25% 급락… 7270선 후퇴",-0.645,0,2,http://www.the-biz.co.kr/news/articleView.html?idxno=720990
2026-05-19,"[금융 이모저모] KB손보, 순직·공상 소방공무원 자녀 돌봄 '스타 히어로...",0.0,0,0,https://www.goodkyung.com/news/articleView.html?idxno=287157
2026-05-19,美 증시 부진에 코스피도 약세 마감…SK하이닉스 170만원대로 밀려,-0.537,0,2,https://www.ddaily.co.kr/page/view/2026051916313069832
2026-05-19,"""고점에 물린 걸까""…코스피 3.25% 떨어진 7271.66에 마감",-0.261,0,1,https://economist.co.kr/article/view/ecn202605190039
2026-05-19,[오늘증시]외국인 매도 공세에 코스피 7200선 후퇴…반도체 약세·중동 ...,-0.8,0,3,http://www.queen.co.kr/news/articleView.html?idxno=457201
2026-05-19,외인 6.2조원 '팔자'에 코스피 3% 털썩… 한때 7200 붕괴,0.0,0,0,https://it.chosun.com/news/articleView.html?idxno=2023092162413
2026-05-19,"㈜두산, 두산에너빌리티 주가 오르자 담보주식 대거 해제",0.261,1,0,https://www.bloter.net/news/articleView.html?idxno=662874
2026-05-19,외국인 6.2조원 투매에 코스피 3.25% 하락…7271.66 마감[시황종합],-0.261,0,1,https://www.news1.kr/finance/general-stock/6171614
2026-05-19,"두산, 체질전환 본격화…반도체·로봇·SMR·AI 사업 확장",0.0,0,0,http://www.inews24.com/view/1969789
2026-05-19,"""다 무너졌는데 혼자 올랐다""··· 한화에어로, 코스피 급락장서 나홀...",-0.462,1,2,https://www.greenpostkorea.co.kr/news/articleView.html?idxno=306709
2026-05-19,"(마감시황) 코스피, 외국인 6조 매도에 3% 급락…7,270선 턱걸이",-0.682,0,2,https://www.news2day.co.kr/article/20260519500163
2026-05-19,"코스피, 7300선 밖으로 밀려나…외인 9거래일 연속 순매도 [마감시황]",0.0,1,1,https://www.ekn.kr/web/view.php?key=20260519023536071
2026-05-19,“20대보다 4배 더 샀다”…70대 ‘주식 큰손’의 투자법,0.0,0,0,https://www.kmib.co.kr/article/view.asp?arcid=0029843990&code=61141111&cp=nv
2026-05-19,외국인 6兆 순매도에 코스피 3%↓…7270선 마감,0.067,1,1,https://www.dnews.co.kr/uhtml/view.jsp?idxno=202605191610203920342
2026-05-19,"[마감시황] 코스피 7,271.66 마감…외국인 매도에 3.25% 급락",-0.853,0,3,https://www.seoul.co.kr/news/economy/securities/2026/05/19/20260519500172?wlog_tag3=naver
2026-05-19,"코스피, 外人 6조원 매도에 '7200선 후퇴'…코스닥 2.41%↓",-0.261,0,1,http://www.newsprime.co.kr/news/article.html?no=733994
2026-05-19,"MZ는 장투, 70대는 단타?…거래 빈도 4배 차",0.0,0,0,https://biz.sbs.co.kr/article_hub/20000311385?division=NAVER
2026-05-19,"[마감시황] 코스피, 외국인 6조 '팔자'에 3%대 하락…7270선 마감",-0.261,0,1,https://www.newspim.com/news/view/20260519001127
2026-05-19,[거래소 외국인] 삼성SDI 한화에어로스페이스 현대건설 한국금융지주 '...,0.0,0,0,https://www.pinpointnews.co.kr/news/articleView.html?idxno=453849
2026-05-19,[마감시황] 코스피 장중 7100선까지 하락…7200선 겨우 사수,-0.261,0,1,https://www.joongangenews.com/news/articleView.html?idxno=520354
2026-05-19,"코스피, 외인 6조원대 매도 폭탄에 3%대 급락…7200선 마감",-0.645,0,2,http://www.beyondpost.co.kr/view.php?ud=202605191608004520be44c0aacd_30
2026-05-19,"개인 6조 순매수도 '역부족'…3% 하락 코스피, 7270선 마감 [시황]",-0.261,0,1,https://www.dailian.co.kr/news/view/1646168/?sc=Naver
2026-05-19,반도체 '바통' 이어받나 했는데…차익실현에 11%↓,0.165,1,1,http://www.wowtv.co.kr/NewsCenter/News/Read?articleId=A202605190465&t=NN
2026-05-19,코스피 3.25% 내린 7271.66로 마감…장중 한때 5% 가까이 밀려,-0.682,0,2,https://www.kado.net/news/articleView.html?idxno=2051009
2026-05-19,외인 6조 매도…코스피 3%대 급락,-0.682,0,2,https://www.mediapen.com/news/view/1099841
2026-05-19,"수은, 공급망안정화기금 통해 공급망 4사와 ‘상생금융 플랫폼’ 본격 ...",0.0,0,0,https://www.g-enews.com/view.php?ud=202605191440542195bb91c46fcd_1
2026-05-19,"""팔아도 너무 판다""...외국인, 6조 투매에 코스피 7270선으로 [fn마감시황...",0.0,0,0,http://www.fnnews.com/news/202605191549213508
2026-05-19,코스피 3%대 급락 반도체 자동차 동반 약세,-0.8,0,3,https://www.newsclaim.co.kr/news/articleView.html?idxno=3064145
2026-05-19,"코스피, 외국인 6조 넘는 매도에 3.25% 내린 7271.66에 마감",-0.261,0,1,http://www.techholic.co.kr/news/articleView.html?idxno=221275
2026-05-19,외국인 6조 순매도…코스피 7200선 마감,-0.261,0,1,https://view.asiae.co.kr/article/2026051916110452773
2026-05-19,대형주 부진에 코스피 3.2% 내린 7271에 마감⋯외인 7조 순매도,-0.322,0,1,https://www.etoday.co.kr/news/view/2585997
2026-05-19,"수은, LG엔솔·두산에너빌리티·삼성SDI·SK온과 '공급망 상생금융' 가동",0.0,0,0,http://www.whitepaper.co.kr/news/articleView.html?idxno=262759
2026-05-19,"코스피, 외국인 매도세에...7,271.66 마감",-0.645,0,2,https://www.youthdaily.co.kr/news/article.html?no=219407
2026-05-19,"코스피, 7270선으로 후퇴...외국인 6조 넘게 순매도",-0.261,0,1,https://www.digitaltoday.co.kr/news/articleView.html?idxno=667259
2026-05-19,[시황] 외인 6.3조 매도에…코스피 7400선→7200선 마감,-0.462,0,1,http://www.newsdream.kr/news/articleView.html?idxno=112154
2026-05-19,"코스피, 외인 7.3조 투매에 7200선 후퇴…코스닥도 2%대 급락",-0.462,0,1,https://www.hankyung.com/article/2026051965946
2026-05-19,[EBN 데이터센터] 반도체 투톱 흔들리자 코스피 하락 마감…외국인 팔자...,0.0,2,2,https://www.ebn.co.kr/news/articleView.html?idxno=1709402
2026-05-19,"""8000 찍고 롤러코스터""··· 코스피 변동성 장세 본격화",0.0,1,1,https://www.greenpostkorea.co.kr/news/articleView.html?idxno=306708
2026-05-21,'AI·원전' 두 날개 단 두산그룹 1분기 실적 好好...고른 매출 성장에 영...,0.645,2,0,http://www.consumernews.co.kr/news/articleView.html?idxno=756136
2026-05-21,﻿[AI로 읽는 경제] ④ 세계 공장의 지도가 바뀐다…그러나 중국은 떠나...,0.0,0,0,https://www.newspim.com/news/view/20260520000567
2026-05-21,"두산에너빌리티 우리기술 등 원전주 전반 약세로, 미국 국채금리 급등 ...",-0.165,1,2,https://www.cbci.co.kr/news/articleView.html?idxno=576043
2026-05-21,"[브랜드평판] 두산에너빌리티, 기계 상장기업 5월 1위... 레인보우로보...",0.408,1,0,https://www.enetnews.co.kr/news/articleView.html?idxno=50252
2026-05-21,새울 4호기 공정률 97.9%… 내년 3월 가동,0.0,0,0,https://www.mt.co.kr/economy/2026/05/21/2026052020031438025
2026-05-21,"한전KDN 등 4개사, '발전 AX 선도모델' 공동 기획·실증 체계 가동",0.0,0,0,https://www.cstimes.com/news/articleView.html?idxno=706671
2026-05-21,원자로 건물 외벽 더 두껍게… 드론 공격도 대비,0.0,0,0,https://www.chosun.com/economy/science/2026/05/21/R55PXRAD2VCKZPAZL2I3LYBSWQ/?utm_source=naver&utm_medium=referral&utm_campaign=naver-news
2026-05-21,"코스피, 외국인 2.9조 '매물 폭탄'에 이틀 연속 하락",-0.261,1,2,https://www.gukjenews.com/news/articleView.html?idxno=3587732
2026-05-21,우리기술 주가 또 약세…장중 15000원선으로 털썩,-0.537,0,2,https://www.cbci.co.kr/news/articleView.html?idxno=575958
2026-05-21,두산에너빌리티 주가 '10만빌리티' 위태 또 약세로…코스피 하락 국면속...,-0.537,0,2,https://www.cbci.co.kr/news/articleView.html?idxno=575933
2026-05-20,"한국남동발전, 발전소 운영 전반에 AI 전환 속도 낸다",0.0,0,0,https://www.wikitree.co.kr/articles/1137592
2026-05-20,삼성전자·하이닉스 올인은 20대도 똑같은데…1분기에만 1800만원 번 70대...,0.0,0,0,https://www.sedaily.com/article/20046543?ref=naver
2026-05-20,"코스피, 외인 매도에 하락 마감...삼성전기, HD현대중공업 상승 VS 두산...",0.0,1,1,http://www.econonews.co.kr/news/articleView.html?idxno=438672
2026-05-20,누구도 예상 못했다…K엔진 ‘르네상스’ [스페셜리포트],0.38,1,0,https://www.mk.co.kr/article/12048913
2026-05-20,도파민 증시 속 눈여겨볼 종목은,0.788,2,0,https://www.mk.co.kr/article/12048941
2026-05-20,"수은, LG엔솔·SK온과 공급망 상생금융 가동",0.0,0,0,https://www.kdpress.co.kr/news/articleView.html?idxno=205451
2026-05-20,"""AI는 이제 운영이다""… AWS 서밋서 드러난 韓 IT기업들의 '진지전'",0.0,0,0,http://www.newsroad.co.kr/news/articleView.html?idxno=59549
2026-05-20,"남동발전, AX전략위원회 개최…AX 대전환 본격 시동",0.0,0,0,https://www.gnnews.co.kr/news/articleView.html?idxno=637350
2026-05-20,"한전KDN, 발전소 현장 'AX' 가속 ··· 다자간 업무협약 체결",0.0,0,0,https://www.datanet.co.kr/news/articleView.html?idxno=211816
2026-05-20,[밸류업 인더스트리] 신사업으로 스텝업 하는 두산… 박정원의 다음 혁...,0.0,0,0,https://www.asiatoday.co.kr/kn/view.php?key=20260521010006037
2026-05-20,"삼성전기 급등, LG전자 급락… 시가총액 상위주 흔들렸다",-0.067,2,2,https://www.pinpointnews.co.kr/news/articleView.html?idxno=454200
2026-05-20,"경남경총, 제339회 노사합동 조찬세미나 개최",0.0,0,0,https://www.newsgn.com/news/articleView.html?idxno=553277
2026-05-20,"한전KDN·남동발전·두산에너빌리티·비엔에프테크놀로지, 발전소 AI 전...",0.0,0,0,https://www.gukjenews.com/news/articleView.html?idxno=3587738
2026-05-20,외국인 매도 폭탄에 코스피 7200선 턱걸이…삼성전자 노사 갈등에 출렁,-0.322,1,2,https://www.goodkyung.com/news/articleView.html?idxno=287229
2026-05-20,[은행 이모저모] 수출입은행·부산은행·광주은행 등,0.0,0,0,http://www.bizwnews.com/news/articleView.html?idxno=137036
2026-05-20,"[마감] 코스피 이틀째 하락, 미국 국채금리 급등과 삼성전자 노사 갈등...",0.165,1,1,https://mdtoday.co.kr/news/view/1065601910720376
2026-05-20,"""돈 벌면 나눠라"" 조선·IT업계까지 번졌다…비상 걸린 산업계",0.0,0,0,https://www.hankyung.com/article/2026052097521
2026-05-20,[코스피 지수선물 옵션] 선물시장 흔든 외국인·기관 공방… 삼성전자 ...,0.0,0,0,https://www.pinpointnews.co.kr/news/articleView.html?idxno=454190
2026-05-20,[총수家] 박정원 두산그룹 회장 ㅣ 한일 경제협력부터 AI·에너지까지 '...,0.0,0,0,https://www.cbci.co.kr/news/articleView.html?idxno=575961
2026-05-20,[거래소 외국인] 삼성SDI 현대건설 대우건설 담고 삼성전자 SK하이닉스 ...,0.0,0,0,https://www.pinpointnews.co.kr/news/articleView.html?idxno=454182
2026-05-20,"[마감시황] 코스피, 외국인 순매도에 7200선 턱걸이…코스닥 2.61% 급락",-0.645,0,2,https://www.pinpointnews.co.kr/news/articleView.html?idxno=454004
2026-05-20,‘더 벌었으니 더 달라’… 현대제철 노조도 올해 성과급 인상 요구,0.0,0,0,https://biz.chosun.com/industry/company/2026/05/20/VBXSGBDOVRE37CSSP5SOBB4BPA/?utm_source=naver&utm_medium=original&utm_campaign=biz
2026-05-20,코스피 7200선 겨우 지켰다… 외인 투매·삼전 리스크 '이중 악재',0.1,2,2,https://www.hidomin.com/news/articleView.html?idxno=706175
2026-05-20,"DL이앤씨·두산에너빌리티, 미국 SMR 시장 진출 가속화",0.0,0,0,https://www.ekoreanews.co.kr/news/articleView.html?idxno=86154
2026-05-20,"한전KDN, 발전소 AI 전환 협력 위한 4자 업무협약 체결",0.0,0,0,http://www.lawissue.co.kr/view.php?ud=202605201701404287f4ab64559d_12
2026-05-20,[기업家] 두산그룹 ③ㅣ 실적·수주 확대 속 성장 가속…반도체·건설 호...,0.625,2,0,https://www.cbci.co.kr/news/articleView.html?idxno=575917
2026-05-20,"[금융권 풍향계] 신용보증기금, 28년만에 유럽 전초기지 다시 세웠다 外",0.322,1,0,https://www.ekn.kr/web/view.php?key=20260520029306495
2026-05-20,치솟는 금리·환율에 코스피 하락… 엔비디아 실적에 분위기 반전?,-0.261,0,1,https://www.mt.co.kr/stock/2026/05/20/2026052016082687680
2026-05-20,"외국인 3조원 '폭탄 매도'···코스피 7200선 털썩, 삼성전자 악재까지...",0.0,0,0,https://www.smartbizn.com/news/articleView.html?idxno=144380
2026-05-20,"코스피, 외국인 매도세와 삼성전자 노사 리스크 등 영향으로 하락 마감",-0.462,1,2,http://www.techholic.co.kr/news/articleView.html?idxno=221296
2026-05-20,[거래소 기관] 삼성전자 SK하이닉스 삼성전자 HD중공업 쓸어 담았다,0.0,0,0,https://www.pinpointnews.co.kr/news/articleView.html?idxno=454156
2026-05-20,"코스피, 급락·회복 롤러코스터 끝에 7200선 사수… 외인 10일째 순매도",-0.645,0,2,https://it.chosun.com/news/articleView.html?idxno=2023092162506
2026-05-20,"코스피, 외국인 매도세에 7,200선 '턱걸이' 마감",-0.513,1,2,http://www.seouleconews.com/news/articleView.html?idxno=91357
2026-05-20,외인 또 2.9조 매도…코스피 7200선 턱걸이로 마감,-0.261,0,1,https://www.newsis.com/view/NISX20260520_0003638049
2026-05-20,코스피 7000도 위태했다... 외국인 열흘째 '팔자',-0.261,0,1,https://news.bizwatch.co.kr/article/market/2026/05/20/0034
2026-05-20,"[오늘증시]코스피, 외국인 매도세에 7200선 마감…삼성전자 파업 우려 겹...",-0.462,1,2,http://www.queen.co.kr/news/articleView.html?idxno=457273
2026-05-20,"전기·전자株 중심 외인 매도세에...코스피, 7208.95 마감",-0.322,0,1,https://www.youthdaily.co.kr/news/article.html?no=219486
2026-05-20,"수은, 이차전지·원전 협력사에 '저금리 금융지원'",0.0,0,0,https://weekly.hankooki.com/news/articleView.html?idxno=7165202
2026-05-20,"코스피 7200선 턱걸이, 10개중 9개 종목 '파란불'…환율 1510선 뚫어[시황...",0.0,1,1,https://www.news1.kr/finance/general-stock/6172970
2026-05-20,외인 '10거래일 연속 던지기'... 코스피 7200선 턱걸이 마감,-0.322,0,1,https://www.pointe.co.kr/news/articleView.html?idxno=79692
2026-05-20,주식으로 20대 '142만원' 벌 때 70대 이상 '1873만원' 벌어 [데이터클립...,0.0,0,0,https://www.etoday.co.kr/news/view/2586446
2026-05-20,"(마감시황)코스피, 외국인 3조 매도 폭탄에 7,200선 후퇴",-0.322,0,1,https://www.news2day.co.kr/article/20260520500192
2026-05-20,"코스피, 외인 매도세에도 7200선 턱걸이…환율 1506원 마감",-0.261,0,1,https://www.newsworks.co.kr/news/articleView.html?idxno=841377
2026-05-20,"[마감시황] 코스피, 외국인 3조 '팔자'에 약보합…7200선 마감",-0.261,0,1,https://www.newspim.com/news/view/20260520000961
2026-05-20,섬성전자 노사 갈등에 변동성 컸던 코스피···7200선 지켰다,0.0,0,0,https://www.seoulfn.com/news/articleView.html?idxno=629295
2026-05-20,[마감시황] 외국인 3조원 가까이 순매도…코스피 7200선으로 밀려,-0.261,0,1,https://www.ajunews.com/view/20260520162631917
2026-05-20,"국립창원대, 경남 SMR 제조 인프라와 R&D 미래 포럼' 열어",0.0,0,0,http://news.lghellovision.net/news/articleView.html?idxno=543392
2026-05-20,"7200선 턱걸이 코스피, '7000선' 위태",-0.261,0,1,https://www.pointdaily.co.kr/news/articleView.html?idxno=305647
2026-05-20,"안전보건공단 부산본부, 부울경 ESG 협의회 개최",0.0,0,0,https://www.busan.com/view/busan/view.php?code=2026052016243058260
2026-05-20,[마감시황] 삼성전자 반등 마감…코스피 7200선 방어,0.067,1,1,https://www.joongangenews.com/news/articleView.html?idxno=520711
2026-05-20,"外人 또 투매, 코스피 '하락'...하나금융 · 삼성전자 '선방'",-0.645,0,2,http://www.choicenews.co.kr/news/articleView.html?idxno=165536
2026-05-20,"코스피, 外人 10거래일 연속 '팔자'에 '7200선 턱걸이'…코스닥 2.61%↓",-0.261,0,1,http://www.newsprime.co.kr/news/article.html?no=734170
2026-05-20,"'7200 방어선' 친 개인 순매수…코스피, 7208.95로 하락 마감",0.0,1,1,https://economist.co.kr/article/view/ecn202605200052
2026-05-20,"코스피, 삼성전자 파업 충격에 7200선 턱걸이…환율은 1506.8원 마감",-0.322,0,1,http://www.the-biz.co.kr/news/articleView.html?idxno=721067
2026-05-20,"코스피, 7200선 턱걸이 마감…외인 10거래일 연속 ‘팔자’",-0.261,0,1,http://www.beyondpost.co.kr/view.php?ud=202605201609516960be44c0aacd_30
2026-05-20,드론 공격·항공기 테러도 대비했다… 전력 수요 ‘단비’ 되어줄 새울...,0.0,0,0,https://www.chosun.com/economy/science/2026/05/20/CSQS54DLURH2DGH4564ORENIKE/?utm_source=naver&utm_medium=referral&utm_campaign=naver-news
2026-05-20,"안전문화 확산 함께한다… 안전보건공단 부산광역본부, 부울경 ESG 협의...",0.0,0,0,https://view.asiae.co.kr/article/2026052015574406236
2026-05-20,[EBN 데이터센터] 코스피 7208.95 마감...외국인 매도에 하락 지속,-0.067,2,2,https://www.ebn.co.kr/news/articleView.html?idxno=1709551
2026-05-20,외인 매도 폭탄 지속…코스피 7200 턱걸이 [MTN 마감시황],0.0,1,1,https://news.mtn.co.kr/news-detail/2026052016100591171
2026-05-20,"[마감시황] 코스피, 62.71포인트 내린 7208.95 마감",0.0,1,1,https://www.lcnews.co.kr/news/articleView.html?idxno=202421
2026-05-20,"‘3고’에 외국인 10거래일 연속 ‘팔자’까지…코스피, 7200선 턱걸이 하...",-0.322,0,1,https://www.mk.co.kr/article/12053241
2026-05-20,코스피 7208.95로 하락 마감…외국인 2조9000억원 순매도,0.0,1,1,https://www.kado.net/news/articleView.html?idxno=2051273
2026-05-20,美국채 금리 급등에 코스피 7200대로 연준 통화정책 경계감…현대차 2%↓,0.165,1,1,http://www.smedaily.co.kr/news/articleView.html?idxno=357394
2026-05-20,"한전KDN, '발전 AX' 동맹 구축…정비·제어 전 영역에 AI 접목",0.0,0,0,https://view.asiae.co.kr/article/2026052016093803131
2026-05-20,"코스피, 유가·금리 불안에 7200선 하락 마감 … 삼전·SK하닉 보합",-0.537,0,2,https://biz.newdaily.co.kr/site/data/html/2026/05/20/2026052000220.html
2026-05-20,코스피·코스닥 동반 추락...외국인 3조 순매도,-0.261,0,1,http://www.issuenbiz.com/news/articleView.html?idxno=76778
2026-05-20,외인 3조 매도 폭탄에 코스피 7200선 턱걸이…코스닥은 2%대 털썩,-0.322,0,1,https://www.mediapen.com/news/view/1100079
2026-05-20,"한전KDN, 발전소 현장 'AI 전환' 가속",0.0,0,0,https://www.koit.co.kr/news/articleView.html?idxno=207237
2026-05-20,"코스피, 외국인 3조 매도에 또 하락…7200선 턱걸이[마감시황]",-0.261,0,1,https://www.newsway.co.kr/news/view?ud=2026052015544799821
2026-05-20,"코스피, 외국인 10일째 ‘팔자’에 7200선 간신히 방어⋯삼전은 장막판...",0.0,0,0,https://www.etoday.co.kr/news/view/2586431
2026-05-20,"[오늘증시] 코스피, 외국인 매도에 7200선 하락 마감…""전 업종 약세""",-0.8,0,3,https://www.sidae.com/article/2026052015454585397
2026-05-20,[마감 시황] 美 금리 변수에 코스피·코스닥 동반 약세,-0.322,0,1,http://www.fieldnews.kr/news/articleView.html?idxno=28710
2026-05-20,외국인 2조대 매도에 코스피·코스닥 동반 추락,-0.537,0,2,https://www.newsclaim.co.kr/news/articleView.html?idxno=3064233
2026-05-20,'고금리·고환율' 외국인 2.9조 또 팔았다...코스피 7200선 '턱걸이',-0.261,0,1,https://www.mt.co.kr/stock/2026/05/20/2026052015364627889
2026-05-20,"코스피, 외인 3조 매도 폭탄에 7200선 ‘턱걸이’ [시황]",0.0,0,0,https://www.dailian.co.kr/news/view/1646651/?sc=Naver
2026-05-20,"[2026 하반기 전망] ""노란봉투법에 중동 전운까지""···재계, '맞춤형 승...",0.0,0,0,http://www.enewstoday.co.kr/news/articleView.html?idxno=2431352
2026-05-20,"코스피, 극심한 변동성 끝에 7200선 마감…외국인 3조 순매도",-0.261,0,1,https://www.digitaltoday.co.kr/news/articleView.html?idxno=667684
2026-05-20,발전소 현장 AX 가속화 위해 민-관 4개사 '힘 합친다',0.0,0,0,http://www.e-platform.net/news/articleView.html?idxno=102368
2026-05-20,외국인이 지주사 주식을 쓸어담는 숨겨진 이유?,0.583,1,0,https://www.ilemonde.com/news/articleView.html?idxno=30055
2026-05-20,[시황] 코스피 변동성 장세…장중 급등락 속 7200선 마감,0.165,1,1,http://www.newsdream.kr/news/articleView.html?idxno=112174
2026-05-20,"[마감시황] 코스피, 외국인·프로그램 매도에 7208.95 마감…나흘간 772....",0.0,0,0,https://www.seoul.co.kr/news/economy/securities/2026/05/20/20260520500192?wlog_tag3=naver
2026-05-20,[서울데이터랩]마감 직후 인기 검색 종목 20選,0.408,1,0,https://www.seoul.co.kr/news/economy/securities/2026/05/20/20260520500194?wlog_tag3=naver
2026-05-20,삼성전자 협상 결렬·외인 매도에 코스피 흔들…7200선 간신히 사수,-0.537,0,2,https://www.dt.co.kr/article/12063523?ref=naver
2026-05-20,"코스피, 0.86% 하락해 7200선 턱걸이 마감",-0.261,0,1,https://www.cstimes.com/news/articleView.html?idxno=706620
2026-05-20,"코스피, 개인·기관 순매수에 7200 사수...환율 1506.8원 마감",-0.462,0,1,http://www.opinionnews.co.kr/news/articleView.html?idxno=138753
2026-05-20,"코스피, 7000 찍고 7200선 마감...코스닥 2%대 급락",-0.229,2,2,http://www.metroseoul.co.kr/article/20260520500321
2026-05-20,"코스피, 7200선에 약세 마감…외인 2.9조원 순매도",-0.537,0,2,https://view.asiae.co.kr/article/2026052015545779859
2026-05-20,"코스피, 외국인 3조원 매도에 약세…금리·환율 부담에 투심 위축",0.165,1,1,http://www.edaily.co.kr/news/newspath.asp?newsid=04224646645450888
2026-05-20,"코스피, 변동성 끝에 7200선 약세 마감…코스닥 2%대 급락",-0.682,0,2,https://www.hankyung.com/article/2026052092546
2026-05-20,"외국인 3조원 던졌다…코스피, 급등락 끝 7208.95 마감",0.408,1,0,https://news.tf.co.kr/read/economy/2324678.htm
2026-05-22,외인 44조 ‘팔자’에도 오른 코스피…외국인 삼전 매수로 흐름 바뀔까,0.322,1,0,https://www.etoday.co.kr/news/view/2586896
2026-05-22,"""AI로 발전량까지 예측""..풍력 키우는 두산에너빌[인터뷰]",0.0,0,0,https://www.mt.co.kr/industry/2026/05/22/2026052109315419313
2026-05-22,"HD현대, 美원전 공략… 테라파워에 SMR 핵심 설비 공급",0.38,1,0,https://www.seoul.co.kr/news/economy/industry/2026/05/22/20260522031002?wlog_tag3=naver
2026-05-22,고장 막고 바람 예측한다…AI가 높이는 풍력 경쟁력[르포],0.0,0,0,https://www.mt.co.kr/industry/2026/05/22/2026052108335786125
2026-05-22,우리기술 주가 반등했다…원전주 전반 강세 속 주말장 시선집중,0.732,3,0,https://www.cbci.co.kr/news/articleView.html?idxno=576192
2026-05-22,"두산에너빌리티 주가 반등, 시장도 '활활'…일부 원전주 '환호'",0.8,3,0,https://www.cbci.co.kr/news/articleView.html?idxno=576191
2026-05-21,"[26.5.21 증시 인싸잇] 코스피, ‘역대 6번째 급등’ 기록 세우며 마감",0.775,3,0,https://www.mediawatch.kr/news/article.html?no=259728
2026-05-21,창원국가산단 AI 전환 공장 3곳 구축,0.0,0,0,http://www.gnmaeil.com/news/articleView.html?idxno=587097
2026-05-21,"코스피, 8% 급등에 7800원선 회복...SK스퀘어, 삼성생명, 삼성전기, 현대...",0.604,2,0,http://www.econonews.co.kr/news/articleView.html?idxno=438725
2026-05-21,"산단공, 경남창원 MINI얼라이언스 추진 전략보고회 개최",0.0,0,0,https://www.cnbnews.com/news/articleView.html?idxno=1002425
2026-05-21,"산단공 경남본부, 창원산단 M.AX 기반 제조혁신 논의",0.0,0,0,https://www.newsis.com/view/NISX20260521_0003640133
2026-05-21,"[사설] 창원산단, 제조 AX 전초기지 도약 박차를",0.0,0,0,http://www.knnews.co.kr/news/articleView.php?idxno=1542204
2026-05-21,두산로보틱스 불붙자 그룹주 줄줄이 급등…개미들 폭풍매수 뚜렷,0.604,2,0,https://www.pinpointnews.co.kr/news/articleView.html?idxno=454559
2026-05-21,“AI·디지털트윈은 기업 경쟁력 핵심…제조 데이터 적극 활용해야”,0.0,0,0,https://www.sedaily.com/article/20047037?ref=naver
2026-05-21,"경남도, 창원국가산단 '제조 AX 글로벌 혁신거점' 도약 가속화",0.0,0,0,http://www.gndomin.com/news/articleView.html?idxno=476432
2026-05-21,삼성전자 합의·이란 종전 기대·엔비디아 호실적…코스피 8% 넘게 급등,0.878,3,0,https://www.thepublic.kr/news/articleView.html?idxno=305282
2026-05-21,"김경수·송순호 후보 ""직주락 도시 전환…창원 미래 100년 준비""",0.0,0,0,https://www.idomin.com/news/articleView.html?idxno=2006306
2026-05-21,코스피 600P 역대 최대폭 급등…노무라 “올해 1만 1000 간다”,0.408,1,0,https://www.sedaily.com/article/20047001?ref=naver
2026-05-21,창원국가산단 ‘제조업 인공지능 전환’ 머리 맞대다,0.0,0,0,https://www.kukinews.com/article/view/kuk202605210164
2026-05-21,창원산단 '제조 AX' 혁신거점 도약,0.0,0,0,https://www.hankyung.com/article/2026052125901
2026-05-21,봇물 터진 ‘N% 성과급’…K자 양극화 더 커진다 [뷰&인사이트],0.0,0,0,https://www.sedaily.com/article/20046978?ref=naver
2026-05-21,[마감] 코스피 8% 대 폭등… 삼성전자 훈풍에 7800선 회복,0.0,0,0,https://mdtoday.co.kr/news/view/1065601252497015
2026-05-21,"[오늘증시]코스피, 하루 만에 8% 급반등…삼성전자·엔비디아 호재에 투...",0.583,2,0,http://www.queen.co.kr/news/articleView.html?idxno=457367
2026-05-21,코스피 하룻만에 급반전 성공,0.0,0,0,http://www.econotelling.com/news/articleView.html?idxno=20473
2026-05-21,[선택 6·3] 김경수 경남도지사 후보 '미래 창원 100년의 약속' 공약,0.0,0,0,https://daily.hankooki.com/news/articleView.html?idxno=1369684
2026-05-21,"코스피, 8.4% 급등에 7800선 ‘껑충’…코스닥도 4.7% 오름세",0.408,1,0,https://www.kukinews.com/article/view/kuk202605210144
2026-05-21,기관 2.9조 융단폭격에 코스피 7800선 돌파…삼전 30만원 목전,0.261,1,0,https://www.mediapen.com/news/view/1100329
2026-05-21,"삼전發 성과급 갈등, 조선·철강업계로도 번져",0.0,0,0,http://www.hansbiz.co.kr/news/articleView.html?idxno=840168
2026-05-21,창원국가산단 '제조 인공지능 전환' 시동…실증산단 구축,0.0,0,0,https://www.newsgn.com/news/articleView.html?idxno=553522
2026-05-21,"[마감시황] 코스피 7,815.59로 마감…삼성전자·SK하이닉스 급등에 8.42% ...",0.408,1,0,https://www.seoul.co.kr/news/economy/securities/2026/05/21/20260521500223?wlog_tag3=naver
2026-05-21,[서울데이터랩]마감 직후 인기 검색 종목 20選,0.261,1,0,https://www.seoul.co.kr/news/economy/securities/2026/05/21/20260521500225?wlog_tag3=naver
2026-05-21,"‘바다 위 SMR’ 품는 K-조선...한국형 핵잠, 고차방정식 풀고 나아갈까",0.0,0,0,https://www.kukinews.com/article/view/kuk202605210141
2026-05-21,"'8% 급등' 코스피, 7800선 탈환···'30만전자' 목전",0.604,2,0,https://www.seoulfn.com/news/articleView.html?idxno=629398
2026-05-21,코스피 하루 만에 8% 폭등···7800선 회복 'V자 반등',0.732,3,0,https://www.smartbizn.com/news/articleView.html?idxno=144496
2026-05-21,"[오늘증시]'30만전자' 임박…코스피, 역대 최대 606.64포인트 상승 마감",0.261,1,0,https://www.sidae.com/article/2026052116543163406
2026-05-21,삼성전자·엔비디아 우려 덜었다…코스피 8% 폭등,0.261,1,0,http://www.newstomato.com/ReadNews.aspx?no=1301729&inflow=N
2026-05-21,'삼성전자 노사 합의' 코스피 8% 급등…'30만전자' 초읽기,0.604,2,0,http://www.hansbiz.co.kr/news/articleView.html?idxno=840186
2026-05-21,기관 매수에 역대 최대폭 606포인트 급등…'만스피' 관측 또 나와,0.7,2,0,https://www.mt.co.kr/stock/2026/05/22/2026052116185357840
2026-05-21,[더밸류 브리핑] 오늘의 정책금융기관 소식...IBK기업은행·한국수출입...,0.0,0,0,http://www.thevaluenews.co.kr/news/view.php?idx=198920
2026-05-21,"코스피, 역대 최대 폭 급등하며 7800선 탈환",0.645,2,0,https://www.dnews.co.kr/uhtml/view.jsp?idxno=202605211617380230685
2026-05-21,"코스피 8%대 폭등, 7800선 회복...반도체·자동차 강세",0.775,3,0,https://www.pinpointnews.co.kr/news/articleView.html?idxno=454490
2026-05-21,"코스피 8.42% 급등, 7815.59 마감…'매수 사이드카'까지 발동",0.604,2,0,http://www.seouleconews.com/news/articleView.html?idxno=91381
2026-05-21,삼성 파업 리스크 걷히자 코스피 8% 급등…LG전자 상한가,0.834,3,0,https://www.ddaily.co.kr/page/view/2026052116260909077
2026-05-21,"코스피, 삼성전자 노사 합의 호재에 7800선 회복…'8000피' 재돌파 기대...",0.261,1,0,https://www.ziksir.com/news/articleView.html?idxno=134609
2026-05-21,"코스피, 대형주 동반 랠리 속 7800선 회복…7815.59 마감[마감시황]",0.261,1,0,https://www.newsway.co.kr/news/view?ud=2026052116032018974
2026-05-21,"코스피, 7800선 재탈환… 삼전 8%·닉스 11% 강세",0.322,2,1,https://it.chosun.com/news/articleView.html?idxno=2023092162573
2026-05-21,"코스피, 호재 만발에 7800선 단숨에 회복…역대 최고 상승폭 경신",0.537,2,0,http://www.the-biz.co.kr/news/articleView.html?idxno=721160
2026-05-21,"[마감시황] 코스피, 8%대 급등에 7800선 회복",0.604,2,0,https://www.newspim.com/news/view/20260521001232
2026-05-21,"[시황] 다시 뛰는 코스피, 7810선 마감…삼전닉스 '급등'",0.604,2,0,http://www.newsdream.kr/news/articleView.html?idxno=112209
2026-05-21,"호재 만발, 코스피 '폭등'...반도체 · LG계열 · 현대차 '껑충'",0.408,1,0,http://www.choicenews.co.kr/news/articleView.html?idxno=165605
2026-05-21,"코스피, 기관 매수세에 힘입어 606.64P 오른 7815.59 마감",0.604,2,0,http://www.techholic.co.kr/news/articleView.html?idxno=221337
2026-05-21,무궤도 트램 도입·문화거점 조성…김경수·송순호 ‘Next 창원’ 공약 ...,0.0,0,0,https://www.seoul.co.kr/news/politics/local-election2026/2026/05/21/20260521500202?wlog_tag3=naver
2026-05-21,"(마감시황) 코스피, ‘삼성전자·엔비디아’ 겹호재에 8%대 폭등…7,800선...",0.322,1,0,https://www.news2day.co.kr/article/20260521500195
2026-05-21,'삼전·매크로·美장' 모두 좋은 날…코스피 단숨에 7800선[시황종합],0.0,0,0,https://www.news1.kr/finance/general-stock/6174288
2026-05-21,[거래소 외국인] 삼성전자 1조원대 러브콜…다시 반도체 중심 쏠림 강화,0.322,1,0,https://www.pinpointnews.co.kr/news/articleView.html?idxno=454502
2026-05-21,"[마감시황] 삼성전자 파업 철회, 코스피 7800선 수복 '1등 공신'",0.261,1,0,https://www.joongangenews.com/news/articleView.html?idxno=521040
2026-05-21,"코스피 8%대 급등 마감, 다시 '8천피' 향한다…7800선 회복",0.604,2,0,https://www.edaily.co.kr/news/newspath.asp?newsid=05707206645451216
2026-05-21,"포스코·한수원, 수소환원제철·원전수소 실증···청정수소 공급망 구...",0.0,0,0,https://www.gasnews.com/news/articleView.html?idxno=125247
2026-05-21,"코스피, 8% 넘게 급등…7810선 마감",0.604,2,0,https://www.cstimes.com/news/articleView.html?idxno=706820
2026-05-21,"코스피, 8% 급등 마감...7800선 안착",0.604,2,0,http://www.issuenbiz.com/news/articleView.html?idxno=76805
2026-05-21,"코스피, 8% 급등하며 7800선 회복...기관 3조 순매수",0.604,2,0,http://www.metroseoul.co.kr/article/20260521500307
2026-05-21,[1% 초고수의 선택] '해성디에스' 사고 '두산퓨얼셀' 팔았다,0.0,0,0,https://www.ebn.co.kr/news/articleView.html?idxno=1709709
2026-05-21,코스피 불기둥…반도체 리스크 해소되며 7800선 회복 [마감시황],0.261,1,0,https://www.ekn.kr/web/view.php?key=20260521023586923
2026-05-21,美 국채 안정에 코스피 7810대로 엔비디아 호실적…삼전닉스 급등,0.8,2,0,http://www.smedaily.co.kr/news/articleView.html?idxno=357490
2026-05-21,"코스피, 8% 폭등하며 7800선 탈환…'8000피' 눈앞",0.0,0,0,https://news.tf.co.kr/read/economy/2325130.htm
2026-05-21,"코스피, 하루 만에 8%대 급등에 7800선 돌파…삼성전자 30만원 눈앞",0.775,3,0,https://www.digitaltoday.co.kr/news/articleView.html?idxno=668068
2026-05-21,"코스피, 8% 급등에 5거래일만 7800 안착...기관 3조 순매수",0.645,3,1,http://www.opinionnews.co.kr/news/articleView.html?idxno=138830
2026-05-21,"코스피, 기관 매수에 8% 급등 마감…7800 안착",0.7,2,0,https://www.mt.co.kr/stock/2026/05/21/2026052115403762574
2026-05-21,"코스피, 8% 폭등해 7800선 마감…LG전자, 상한가 [MTN 마감시황]",0.645,2,0,https://news.mtn.co.kr/news-detail/2026052115470173589
2026-05-21,코스피 역대 최고 상승폭에 7800선 회복…양 시장 매수 사이드카 발동,0.261,1,0,https://www.etoday.co.kr/news/view/2586856
2026-05-21,[EBN 데이터센터] 삼성 노사합의에 코스피 7800선 회복…시총상위 종목...,0.261,1,0,https://www.ebn.co.kr/news/articleView.html?idxno=1709707
2026-05-21,"코스피 8.42% '역대급 폭등' 마감, 삼성전자 8.5%·SK하이닉스 11.1% 급등",0.645,2,0,https://www.gukjenews.com/news/articleView.html?idxno=3588794
2026-05-21,[속보] 코스피 8.42% 급등 마감…단숨에 7800선 회복,0.645,2,0,https://www.mk.co.kr/article/12054491
2026-05-21,"신재생 에너지 타고 흐르는 온기… 선도전기, 글로벌 인프라 시장 '정조...",0.261,1,0,https://www.pinpointnews.co.kr/news/articleView.html?idxno=454471
2026-05-21,기계 상장기업 결과 공개…장중 7% 급등한 '이곳',0.645,2,0,https://www.wikitree.co.kr/articles/1137743
2026-05-21,"[6.3지방선거-경남] 김경수·송순호, 창원 미래 100년 공약… 산단과 도...",0.0,0,0,https://www.newscj.com/news/articleView.html?idxno=3402747
2026-05-21,"경남도, 창원국가산단에 AI 전환 선도공장 3곳 구축 착수",0.0,0,0,https://www.yna.co.kr/view/AKR20260521062700052?input=1195m
2026-05-21,두산에너빌리티·우리기술·오르비텍·비에이치아이·한전기술·한전산...,0.775,3,0,https://www.cbci.co.kr/news/articleView.html?idxno=576222
2026-05-21,"엔비디아 팔고 삼전닉스 담았다…서학개미, 2조 '베팅' 승부수",0.0,0,0,https://www.hankyung.com/article/2026052118006
2026-05-21,우리기술 강세 흐름…원전·SMR 기대감에 투자심리 확대,0.322,1,0,https://www.cbci.co.kr/news/articleView.html?idxno=576216
2026-05-21,두산에너빌리티 11만원 돌파 시도…원전 기대감에 강세 흐름,0.537,2,0,https://www.cbci.co.kr/news/articleView.html?idxno=576217
2026-05-21,"파죽지세 코스피, 장중 7800선 돌파…기관 '사자'에 강세",0.7,3,0,https://news.tf.co.kr/read/economy/2325059.htm
2026-05-21,"“DS 고졸 직원이 6억원, DX 박사 직원이 600만원”",0.0,0,0,https://www.wikitree.co.kr/articles/1137732
2026-05-21,"경남도, 창원국가산단 제조 인공지능 전환 실증 착수",0.0,0,0,https://www.idomin.com/news/articleView.html?idxno=2006255
2026-05-21,"코스피, 대형주 강세에 8%대 폭등…7800선 돌파 목전[장중시황]",0.537,2,0,https://www.newsway.co.kr/news/view?ud=2026052114042383206
2026-05-21,"개미도 ""잘 먹고 갑니다""...코스피 8% 급등, 기관만 2.3조 매수",0.408,1,0,https://www.mt.co.kr/stock/2026/05/21/2026052114054655825
2026-05-21,기관 순매수에 코스피 8%대 상승…7800선 회복 목전[장중시황],0.261,1,0,https://www.news1.kr/finance/general-stock/6174085
2026-05-21,"에너지공기업, AI 전환 속도전…민관 손잡고 본격 가속",0.0,0,0,https://www.newspim.com/news/view/20260521000963
2026-05-21,"발전소부터 송배전까지 AI가 다 한다⋯전력그룹사, 'AX' 가속페달",0.0,0,0,https://www.etoday.co.kr/news/view/2586808
2026-05-21,"두산에너빌리티, 'AX혁신총괄' 신설 전사 AI 전환 가속화",0.0,0,0,https://www.bloter.net/news/articleView.html?idxno=663098
2026-05-21,두산에너빌리티 주가 7% 상승… 원전·수소 사업 기대감 재부각,0.537,2,0,https://www.job-post.co.kr/news/articleView.html?idxno=216540
2026-05-21,"'톱60 동반 상승', 코스피 장중 8% 폭등...개미 차익실현 속 기관 순매수",0.261,1,0,http://www.opinionnews.co.kr/news/articleView.html?idxno=138816
2026-05-21,"엔비디아 호실적 속...일본증시 '장중 껑충', 소프트뱅크 '폭등'",0.8,2,0,http://www.choicenews.co.kr/news/articleView.html?idxno=165594
2026-05-21,[서울데이터랩]코스피 시총 상위주 장중 급등…반도체·자동차·금융 동...,0.604,2,0,https://www.seoul.co.kr/news/economy/securities/2026/05/21/20260521500135?wlog_tag3=naver
2026-05-21,"코스피, 7%대 폭등하며 7700선 회복…코스닥도 5%대 급등",0.604,2,0,https://www.edaily.co.kr/news/newspath.asp?newsid=04926566645451216
2026-05-21,"[티타임]삼성전자 7% 껑충, 코스피 7760선 돌파…환율 1504.90원",0.261,1,0,https://www.sidae.com/article/2026052113463097468
2026-05-21,"코스피, 장중 8% 급등 7700선 탈환…삼전·하이닉스 '강세'",0.645,2,0,https://www.newsworks.co.kr/news/articleView.html?idxno=841499
2026-05-21,코스피 7700선 회복…삼전 7%대·SK하이닉스 10%대 상승,0.261,1,0,https://www.etoday.co.kr/news/view/2586782
2026-05-21,5월 4주차 국내 ESG 핫클립,0.0,0,0,http://www.impacton.net/news/articleView.html?idxno=18967
2026-05-21,엔비디아·SOXL 팔고 삼전닉스 담았다…RIA 타고 국장 복귀한 서학개미...,0.0,0,0,https://www.edaily.co.kr/news/newspath.asp?newsid=04450966645451216
2026-05-25,두산에너빌리티 주가 연속 강세 마감…새주장선 '훈풍' 이어질까,0.322,1,0,https://www.cbci.co.kr/news/articleView.html?idxno=576857
2026-05-24,코스닥 선진화 역행하는 휴온스·휴온스랩 합병,0.0,0,0,https://www.hankyung.com/article/2026052463091
2026-05-24,'경남 원전기업 미국 시장개척단' 현지 활동,0.0,0,0,https://www.idomin.com/news/articleView.html?idxno=2006435
2026-05-24,"경남도, 도내 원전기업 미국 원전건설 공급망 진입 총력전",0.0,0,0,https://www.electimes.com/news/articleView.html?idxno=368416
2026-05-24,두산에너빌리티 오픈이노베이션 본격 추진…스타트업 13개사와 협약,0.322,1,0,https://www.idomin.com/news/articleView.html?idxno=2006402
2026-05-24,반도체 랠리 바통 터치…연휴 이후 'AI 전력·고배당주' 뜰까,0.0,0,0,https://www.mediapen.com/news/view/1100668
2026-05-24,"소비재서 중공업, 이젠 AI·반도체로…두산, 5조 빅딜로 DNA 깨웠다[시그...",0.0,0,0,https://www.sedaily.com/article/20047611?ref=naver
2026-05-24,두산에너빌리티 한전기술 우진엔텍 등 원전주들 전반 '방긋'…연휴 이후...,0.261,1,0,https://www.cbci.co.kr/news/articleView.html?idxno=576669
2026-05-23,"경상남도, 물류·원전 해외 시장 개척 활동",0.0,0,0,https://news.kbs.co.kr/news/pc/view/view.do?ncd=8568654&ref=A
2026-05-23,"남동발전, AX·친환경·상생 담은 '기술경영' 전개",0.0,0,0,https://daily.hankooki.com/news/articleView.html?idxno=1370256
2026-05-23,"한국남동발전, '발전 AX' 대전환 가속페달 밟고 'AX 전략위원회'도 개최",0.0,0,0,https://www.webeconomy.co.kr/news/articleView.html?idxno=2177253
2026-05-23,[주간 100대 기업] 주성엔지니어링·이오테크닉스 급등...시총 100대 기업...,0.408,1,0,https://www.pinpointnews.co.kr/news/articleView.html?idxno=454918
2026-05-23,"“에이전트 500개인 줄 알았는데 2000개…기업, ‘AI 거버넌스’가 새 과...",0.0,0,0,https://www.sedaily.com/article/20047612?ref=naver
2026-05-23,삼전닉스 합의가 불 지폈다…'영업익 N% 성과급' 전 산업계 들불처럼 확...,0.0,0,0,https://www.newsworks.co.kr/news/articleView.html?idxno=841529
2026-05-23,"[발전사 이모저모] 동서, 석탄 대체 전원 가동…남부 'K-가스터빈' 시운...",0.0,0,0,https://news.einfomax.co.kr/news/articleView.html?idxno=4416471
2026-05-23,삼성전자에 울고 웃은 개미들…전쟁 충격에도 1분기 80% 수익,0.0,0,0,https://www.kukinews.com/article/view/kuk202605230018
2026-05-23,5월 3주차 두산에너빌리티 주가 등락 후 11만원대 회복,0.261,1,0,https://www.topstarnews.net/news/articleView.html?idxno=16069442
2026-05-23,[주간 거래소 기관] 삼성전자·SK하이닉스 폭풍 매수…반도체로 다시 쏠...,0.0,0,0,https://www.pinpointnews.co.kr/news/articleView.html?idxno=454890
2026-05-23,[주간 거래소 외국인] 반도체 차익실현 본격화…뭉칫돈 로봇·방산으로...,-0.462,0,1,https://www.pinpointnews.co.kr/news/articleView.html?idxno=454889
2026-05-23,"“아범아, 용돈 좀 줄까?”…불장에 돈맛 본 실버개미, 비결이?",0.0,0,0,https://www.mk.co.kr/article/12056118
2026-05-23,"국립창원대, 각계 전문가 참여 'SMR 혁신제조 기술정보위' 출범",0.0,0,0,https://www.cnbnews.com/news/articleView.html?idxno=1002572
2026-05-23,"두산에너빌리티, 다시 '11만빌리티'…연속 강세 속 연휴 이후 흐름 촉각",0.322,1,0,https://www.cbci.co.kr/news/articleView.html?idxno=576578
2026-07-21,두산에너빌리티 주가 연속 강세 마감…새주장선 '훈풍' 이어질까,0.322,1,0,https://www.cbci.co.kr/news/articleView.html?idxno=576857
