date,title,sentiment_score,positive_count,negative_count,source
2026-04-13,"한미반도체, 하이브리드·TC 본더 '투트랙'…초격차 굳힌다",0.0,0,0,https://www.ebn.co.kr/news/articleView.html?idxno=1705026
2026-04-13,"회장 취임 6개월, HD현대 정기선의 홀로서기",0.0,0,0,http://www.fntimes.com/html/view.php?ud=202604110138108866dd55077bc2_18
2026-04-12,불안한 월요일..개인 '급락하면 매수' 이어질까,-0.462,0,1,https://www.koreareport.co.kr/news/articleView.html?idxno=50131
2026-04-12,첫 투자부터 상장 준비까지…4월 둘째주 투자 유치 스타트업은,0.0,0,0,https://www.mt.co.kr/future/2026/04/12/2026041214170376097
2026-04-12,"""자연인 각오"" 배수의 진에도 탈락...민선 8기 사업들 '멈춤'",0.0,0,0,https://www.jejusori.net/news/articleView.html?idxno=501569
2026-04-12,[ZD브리핑] 삼성 TV 신제품 발표...AIDC 특별법 논의 속도,0.033,1,1,https://zdnet.co.kr/view/?no=20260412141207
2026-04-12,"[위클리 에너지 리포트] 한화파워, 말레이시아 MHB와 선박 신조·개조 '...",0.0,0,0,https://www.goodkyung.com/news/articleView.html?idxno=285677
2026-04-11,"[VC’s Pick]‘실시간 환자 모니터링’…피플앤드테크놀러지, 투자 유치",0.0,0,0,http://www.edaily.co.kr/news/newspath.asp?newsid=01889286645415136
2026-04-13,"[공시] 이노인스트루먼트·광전자 '매매 정지', ISC·천보 '공매도 금지...",-0.462,0,1,http://www.newstnt.com/news/articleView.html?idxno=606578
2026-04-13,"인천창조경제혁신센터, 중국 청두 진출 위한 ‘글로벌 창업경진대회 한...",0.0,0,0,https://www.venturesquare.net/1075646/
2026-04-13,"인천센터, 중국 청두 창업경진대회 한국 예선 참여 기업 모집",0.0,0,0,https://www.viva100.com/article/20260413501237
2026-04-13,"고려대 안암병원 이유선 교수, 성인 돌출입ㆍ주걱턱에 비발치 교정법 제...",0.0,0,0,http://www.newsmp.com/news/articleView.html?idxno=252669
2026-04-13,"대한암협회, 창립 60주년…""암의 끝, 당신의 시작"" 새로운 100년 선언",0.0,0,0,https://www.medipana.com/news/articleView.html?idxno=409702
2026-04-13,"암협회, 창립 60주년 기념식 성황리 개최",0.0,0,0,http://www.doctorstimes.com/news/articleView.html?idxno=237609
2026-04-13,"우리 업은 ABL생명, 몸집 불린다…GA 자회사에 200억 투입",0.0,0,0,https://biz.sbs.co.kr/article_hub/20000303896?division=NAVER
2026-04-13,[뷰티톡톡] 에스트라ㆍ궁중비책ㆍ에이지투웨니스ㆍ아누아,0.0,0,0,https://www.dnews.co.kr/uhtml/view.jsp?idxno=202604131637215100063
2026-04-13,"[뷰티뉴스] 아누아, 문동주·오선우와 뜻 모았다…아동 위한 1억 5천만원...",0.0,0,0,http://www.atstar1.com/news/articleView.html?idxno=6034327
2026-04-13,"[산업 뉴스브리핑] LG전자, 미래 이끌 '사내 1% 전문가' 22명 연구‧전문...",-0.38,0,1,https://www.asiatime.co.kr/article/20260413500342
2026-04-13,"韓·폴란드 '포괄적 전략동반자 관계'로 격상…李 ""공급망 위기 공동 대...",0.0,0,0,https://www.idaegu.co.kr/news/articleView.html?idxno=544816
2026-04-13,"한미반도체 vs 한화세미텍, 특허 소송 격화…왜 싸우나?",-0.38,0,1,http://www.opinionnews.co.kr/news/articleView.html?idxno=136686
2026-04-13,[한화에어로 줌인] 순수방산 첫 성적...현금창출력 희석한 '금융비용',0.0,0,0,https://www.bloter.net/news/articleView.html?idxno=659328
2026-04-13,"대한암협회 창립 60주년 '암의 끝, 당신의 시작' 새 비전 선포",0.0,0,0,https://www.sentv.co.kr/article/view/sentv202604130185
2026-04-13,"아누아, 문동주·오선우 선수와 1억 5000만원 상당 화장품 기부",0.0,0,0,http://www.apparelnews.co.kr/news/news_view/?idx=224593
2026-04-13,[알립니다]우주시대 'K기업' 성장엔진 찾는다…'2026 아시아미래기업포...,0.322,1,0,https://view.asiae.co.kr/article/2026041015010566211
2026-04-13,"중동, 천궁-II 조기 인도 'SOS'…K-방산 수출 기대감↑",0.0,0,0,https://www.m-i.kr/news/articleView.html?idxno=1363834
2026-04-13,"올트 ""금융 특화 블록체인…한국 시장 공략""",0.0,0,0,https://www.hankyung.com/article/2026041368336
2026-04-13,"‘전기차 다음은 로봇과 수소’⋯ 정의선 회장, 38조 들여 美시장 정조...",0.322,1,0,https://www.viva100.com/article/20260413500613
2026-04-13,"월드비전, 아누아·프로야구 선수와 아동 지원 협력",0.0,0,0,https://www.nbntv.co.kr/news/articleView.html?idxno=4020740
2026-04-13,"대한암협회, 창립 60주년 기념식 성료…""암의 끝, 당신의 시작"" 새로운 ...",0.0,0,0,https://www.sportschosun.com/life/2026-04-13/202604130100085140005526
2026-04-13,"월드비전, 프로야구 문동주·오선우 선수 및 아누아로부터 1억5000만원 상...",0.0,0,0,https://www.thepowernews.co.kr/view.php?ud=2026041311221020479aeda69934_7
2026-04-13,"로봇·AI로 '현대차의 미래' 그리는 정의선 회장, 미국에 38조원 투자하...",0.322,1,0,https://www.insight.co.kr/news/549969
2026-04-13,"월드비전, 아누아·프로야구 문동주·오선우 선수로부터 1억5천만원 상당...",0.0,0,0,https://www.megaeconomy.co.kr/news/newsview.php?ncode=1065577827646690
2026-04-13,"월드비전, 아누아 및 문동주·오선우 선우와 취약계층 아동 물품 지원",0.0,0,0,https://www.mydaily.co.kr/page/view/2026041311034216065
2026-04-13,"월드비전, 아누아·프로야구 문동주·오선우 선수로부터 1억 5천만 원 상...",0.0,0,0,https://www.dailian.co.kr/news/view/1632718/?sc=Naver
2026-04-13,"대한암협회, 창립 60주년 기념식 성료…새로운 100년 선언",0.0,0,0,https://www.medicopharma.co.kr/news/articleView.html?idxno=67738
2026-04-13,"미래에셋증권, '한·중 투자 가교' 차이나데이 성료…알리바바 최초 국...",0.0,0,0,https://www.thefairnews.co.kr/news/articleView.html?idxno=74179
2026-04-13,"대한암협회 60주년…""암의 끝이 아닌, 새로운 삶의 시작"" 선언",0.0,0,0,http://www.kmedinfo.co.kr/news/articleView.html?idxno=95508
2026-04-13,현대차의 2028년 비전: 로봇과 AI 혁신 투자 강조,0.0,0,0,https://www.gokorea.kr/news/articleView.html?idxno=863342
2026-04-13,"포티투마루, '미래 10년' 행동하는 AI로 글로벌 리딩 선언",0.0,0,0,https://www.etnews.com/20260413000058
2026-04-13,"알앤투테크놀로지, 세라믹 소재 원천기술로 전력반도체 시장 '정조준'",0.261,1,0,https://www.pinpointnews.co.kr/news/articleView.html?idxno=444922
2026-04-13,'프리미엄 델리' 선보인 아워홈 고메드갤러리아,0.0,0,0,https://www.shinailbo.co.kr/news/articleView.html?idxno=5010493
2026-04-13,"대한암협회, 창립 60주년 기념식 개최… “암의 끝, 당신의 시작” 새로...",0.0,0,0,https://health.chosun.com/site/data/html_dir/2026/04/13/2026041301141.html
2026-04-13,"아누아, 문동주·오선우와 함께 1억 5000만원 상당 물품 기부",0.0,0,0,https://zdnet.co.kr/view/?no=20260413092112
2026-04-13,"대한암협회, 창립 60주년 “암의 끝, 당신의 시작”",0.0,0,0,https://biz.heraldcorp.com/article/10715538?ref=naver
2026-04-13,"암협회, 창립 60주년 기념식 성료…“암의 끝, 당신의 시작” 새 비전 선...",0.0,0,0,http://www.whosaeng.com/169721
2026-04-13,"아누아, 문동주·오선우와 취약계층 아동 위해 1.5억 물품 기부",0.0,0,0,https://www.news1.kr/industry/general-industry/6133977
2026-04-13,"아누아, 문동주·오선우 선수와 함께 기초 화장품 기부",0.0,0,0,http://www.beyondpost.co.kr/view.php?ud=20260413085611177446a9e4dd7f_30
2026-04-13,"아누아, 문동주·오선우 선수와 함께 1억 5000만 원 상당 기초 화장품 기...",0.0,0,0,https://economist.co.kr/article/view/ecn202604130004
2026-04-13,"농심, 2030 해외 매출 60%↑ 목표…북미 반등·신시장 공략 잰걸음",0.583,2,0,https://www.digitaltoday.co.kr/news/articleView.html?idxno=655833
2026-04-13,"[더벨][thebell interview] 에스에이티 ""상장 20주년, 재도약 원년""",0.38,1,0,https://www.thebell.co.kr/free/content/ArticleView.asp?key=202604100632560960107625
2026-04-13,[Re:기업] 김동선의 HBM 베팅 성공…'재무·특허 리스크' 변수,0.408,1,0,http://www.hansbiz.co.kr/news/articleView.html?idxno=832093
2026-04-14,"NATO 대사단, 한화 찾아… K9·천무로 '유럽 안보 파트너' 비전 제시",0.0,0,0,http://www.newsroad.co.kr/news/articleView.html?idxno=57921
2026-04-14,"NATO 대사단 만난 한화에어로…""안보 파트너십 재확인""",0.0,0,0,https://news.tf.co.kr/read/economy/2313246.htm
2026-04-14,"한화에어로, 나토 대사단 초청...안보 비전 제시",0.0,0,0,http://www.hansbiz.co.kr/news/articleView.html?idxno=832919
2026-04-14,"한화에어로, NATO 대사단에 협력 비전 공유…“유럽 안보 기여”",0.0,0,0,https://www.mediapen.com/news/view/1093380
2026-04-14,"한화에어로, NATO 대사단에 'K방위 솔루션' 각인",0.0,0,0,https://magazine.hankyung.com/business/article/202604140999b
2026-04-14,초정밀 가공 기술로 방산·자동차 국산화 선도,0.0,0,0,http://www.knnews.co.kr/news/articleView.php?idxno=1539400
2026-04-14,"한화에어로스페이스, NATO 대사단 초청…유럽 안보 협력 확대 시동",0.0,0,0,https://www.ebn.co.kr/news/articleView.html?idxno=1705440
2026-04-14,4월 3주 주요 제조업 전망,0.0,0,0,https://www.laborplus.co.kr/news/articleView.html?idxno=40647
2026-04-14,"한화에어로스페이스, 나토 30개국 대사단 초청…글로벌 방산 협력 확대...",0.0,0,0,https://www.joongangenews.com/news/articleView.html?idxno=511611
2026-04-14,"한화에어로스페이스, NATO 대사단에 미래 안보 비전 제시",0.0,0,0,http://www.paxetv.com/news/articleView.html?idxno=269550
2026-04-14,‘국제그린에너지엑스포’ 역대급 라인업 구성,0.0,0,0,https://www.ksmnews.co.kr/news/view.php?idx=600319
2026-04-14,"한화에어로, NATO 30개국 대사단 초청…유럽 안보 협력 비전 공유",0.0,0,0,https://www.mk.co.kr/article/12016965
2026-04-14,"한화에어로, NATO 대사단 초청…유럽 방산 협력 비전 공유",0.0,0,0,https://www.yna.co.kr/view/AKR20260414164000003?input=1195m
2026-04-14,"한화에어로, NATO 30개국 대사단 초청…유럽 안보 협력 비전 제시",0.0,0,0,https://www.dailian.co.kr/news/view/1633569/?sc=Naver
2026-04-14,"한화에어로스페이스, K9·천무 및 육해공·우주 미래 사업비전 설명",0.0,0,0,https://view.asiae.co.kr/article/2026041420153680392
2026-04-14,"시선AI, 농협 APC AI 전환·로봇 자동화 앞장",0.0,0,0,https://www.datanet.co.kr/news/articleView.html?idxno=210919
2026-04-14,[아시아투자포럼] 공동주최-필리핀 제너럴 트라이어스 시,0.322,1,0,https://www.seoulfn.com/news/articleView.html?idxno=626526
2026-04-14,[현장] 英 버진 애틀랜틱 “대한항공 연계로 환승 시너지…韓 인천 장기...,0.0,0,0,https://www.ekn.kr/web/view.php?key=20260414021206916
2026-04-14,[브리프] 한화생명 삼성화재 DB손해보험 삼성금융네트웍스,0.0,0,0,http://www.biztribune.co.kr/news/articleView.html?idxno=352407
2026-04-14,환경 인프라 힘주고 兆단위 복합개발… 한화 성장날개 달았다,0.322,1,0,http://www.fnnews.com/news/202604141817143486
2026-04-14,삿포로돔 '기술' 에스콘필드 '경험'…눈의 도시 '돔 파워' 빛나,0.0,0,0,https://www.cctoday.co.kr/news/articleView.html?idxno=2228579
2026-04-14,저평가·방어주로 투자 중심잡은 국민연금…코스닥선 소부장 줍줍,0.38,1,0,https://www.sedaily.com/article/20032469?ref=naver
2026-04-14,[보험 뉴스브리핑] 한화생명 베트남 정보올림피아드 후원,0.0,0,0,https://www.asiatime.co.kr/article/20260414500360
2026-04-14,AI 기술기업 ‘노타’도 발굴…10년간 벤처 1000곳에 성장 마중물,0.322,1,0,https://www.sedaily.com/article/20032428?ref=naver
2026-04-14,[보험업계 동향] 삼성화재ㆍ한화생명ㆍDB손해보험ㆍDB생명(4.14),0.0,0,0,http://www.weeklytoday.com/news/articleView.html?idxno=771002
2026-04-14,"한미반도체, 부회장 인사 발표...김민현 사장 승진",-0.38,0,1,https://www.sedaily.com/article/20032419?ref=naver
2026-04-14,"시선AI·한화로보틱스·농협정보시스템 등 5사, 농협 APC AI·로봇 자동화...",0.0,0,0,https://www.econovill.com/news/articleView.html?idxno=737262
2026-04-14,김상권 경남교육감 예비후보 창원 6대 교육 비전 발표,0.0,0,0,https://www.newsgn.com/news/articleView.html?idxno=546549
2026-04-14,"한화생명, 베트남 정보올림피아드 후원…IT 인재 육성",0.0,0,0,http://www.ftoday.co.kr/news/articleView.html?idxno=357681
2026-04-14,'국제그린에너지 엑스포'에 글로벌 공룡기업 모인다…한화솔루션·화웨...,0.0,0,0,https://view.asiae.co.kr/article/2026041416553701306
2026-04-14,[김욱기 칼럼] '오직 한없이 아름다운 나라'를 꿈꾸며: 임시정부 수립 ...,0.0,0,0,https://www.smarttoday.co.kr/ko-kr/articles/106483
2026-04-14,"한화생명, 3년 연속 ‘베트남 정보올림피아드’ 공식 후원",0.0,0,0,https://www.dailian.co.kr/news/view/1633476/?sc=Naver
2026-04-14,"'반도체 수율의 열쇠' 오로스테크놀로지, 오버레이 계측장비 국산화 주...",0.775,3,0,https://www.pinpointnews.co.kr/news/articleView.html?idxno=445433
2026-04-14,"[전쟁과 방산] ④ 한화에어로, K-9 자주포부터 누리호까지...'한국은 좁...",0.0,0,0,http://www.opinionnews.co.kr/news/articleView.html?idxno=136749
2026-04-14,"시선AI, 농협 APC '피지컬 AI' 승부수… CB 손실 매각 속 사업 확대",0.0,0,0,https://www.greened.kr/news/articleView.html?idxno=339256
2026-04-14,"'2.4조 사상 최대 매출' 아워홈, 한화 편입 1년…성장은 '맑음' 내실은 ...",0.762,2,0,https://www.newsquest.co.kr/news/articleView.html?idxno=264709
2026-04-14,"클라우데라, '파트너 데이 2026 Korea' 개최",0.0,0,0,https://www.dailysecu.com/news/articleView.html?idxno=206232
2026-04-14,"경남교육감 김상권 후보 ""산업도시 창원 책임지는 인재는 반드시 창원에...",0.0,0,0,https://www.pennmike.com/news/articleView.html?idxno=118726
2026-04-14,"시선AI, 농협 산지유통센터 AI∙로봇자동화 박차",0.0,0,0,https://www.irobotnews.com/news/articleView.html?idxno=45850
2026-04-14,[보험브리핑]한화생명·DB손보·NH농협생명,0.0,0,0,http://www.metroseoul.co.kr/article/20260414500336
2026-04-14,미국과 이란의 '호르무즈 해협 봉쇄'는 어떻게 결판이 날까 : '누가 더 ...,0.0,0,0,https://www.huffingtonpost.kr/article/256597
2026-04-14,"한화생명, ‘베트남 정보올림피아드’ 3년 연속 후원",0.0,0,0,http://www.segyebiz.com/newsView/20260414515000?OutUrl=naver
2026-04-14,"마이프차-한화비전, 프랜차이즈 전용 ‘스마트 매장 솔루션’ 업무협약...",0.0,0,0,http://www.boannews.com/media/view.asp?idx=143150&kind=3
2026-04-14,"한화생명, 베트남 정보올림피아드 3년 연속 후원… AI 인재 등용문 굳히...",0.0,0,0,https://www.pinpointnews.co.kr/news/articleView.html?idxno=445381
2026-04-14,"한화생명, '베트남 정보올림피아드' 3년 연속 후원",0.0,0,0,http://www.paxetv.com/news/articleView.html?idxno=269510
2026-04-14,"시선AI·유온로보틱스, 한화로보틱스와 1.5조 규모 스마트 APC 시장 정조...",0.0,0,0,http://www.edaily.co.kr/news/newspath.asp?newsid=03732646645416120
2026-04-14,"시선AI, 농협APC AI·로봇자동화 박차…한화로보틱스·농협정보시스템 ...",0.0,0,0,https://www.epnc.co.kr/news/articleView.html?idxno=400370
2026-04-14,"[유통가 레이더] SK일렉링크 지분변경 마무리... SK네트웍스, ""사업구조...",0.0,0,0,https://www.greened.kr/news/articleView.html?idxno=339235
2026-04-14,"[경제소식] 신한투자증권 ""RIA 고객, 국내 우량주·지수추종 ETF로 이동""",0.0,0,0,http://www.4th.kr/news/articleView.html?idxno=2110416
2026-04-14,K-농업 로봇 드림팀 떴다...1.5조 규모 농협 APC ‘피지컬 AI 도입’ 5개...,0.0,0,0,https://www.hellot.net/news/article.html?no=112070
2026-04-14,[더밸류 브리핑] 오늘의 생명보험 소식…한화생명·NH농협생명·메트라...,0.0,0,0,http://www.thevaluenews.co.kr/news/view.php?idx=198071
2026-04-14,"시선AI, 농협 APC AX·로봇 자동화 본격화…한화로보틱스 등과 5자 협력...",0.0,0,0,https://view.asiae.co.kr/article/2026041411390289013
2026-04-14,"""차세대 AI인재 양성"" 한화생명 '베트남 정보올림피아드' 3년연속 후원",0.0,0,0,https://www.catchnews.kr/news/articleView.html?idxno=122729
2026-04-14,"한화생명, '베트남 정보올림피아드' 3년 연속 후원… AI 인재 키운다",0.0,0,0,https://www.insnews.co.kr/news/articleView.html?idxno=90229
2026-04-14,"시선AI, 한화로보틱스∙농협정보시스템 등과 5자 업무 협약",0.0,0,0,https://www.newspim.com/news/view/20260414000385
2026-04-14,"“농협 산지유통센터에 AI·로봇 도입”…시선AI, 한화로보틱스 등과 5자...",0.0,0,0,http://www.edaily.co.kr/news/newspath.asp?newsid=03391526645416120
2026-04-14,"한화생명, 베트남 정보올림피아드 3년 연속 후원",0.0,0,0,http://www.smedaily.co.kr/news/articleView.html?idxno=355631
2026-04-14,"한화생명, '베트남 정보올림피아드' 3년 연속 후원…'AI 인재 플랫폼' 도...",0.0,0,0,https://www.news1.kr/finance/insurance-card/6135627
2026-04-14,"시선AI, 한화로보틱스∙농협정보시스템 5자간 업무협약",0.0,0,0,https://www.cstimes.com/news/articleView.html?idxno=701905
2026-04-14,"한화생명, 베트남 인재 양성으로 현지화 박차",0.0,0,0,https://www.straightnews.co.kr/news/articleView.html?idxno=300093
2026-04-14,"시선AI, 농협APC AI∙로봇자동화 박차…한화로보틱스∙농협정보시스템 ...",0.0,0,0,https://www.aitimes.kr/news/articleView.html?idxno=39548
2026-04-14,"시선AI, 농협APC AX 추진…한화로보틱스 등과 5자 업무협약",0.0,0,0,http://www.edaily.co.kr/news/newspath.asp?newsid=03175046645416120
2026-04-14,"시선AI, 한화로보틱스 등과 '농협APC AI전환∙로봇자동화' 5자간 업무협...",0.0,0,0,https://www.ggilbo.com/news/articleView.html?idxno=1152515
2026-04-14,"시선AI, APC 자동화로 유통 혁신···스마트 농업 시장 선점 나서",0.0,0,0,http://www.enewstoday.co.kr/news/articleView.html?idxno=2418395
2026-04-14,"한화투자증권 상반기 신입사원 채용…""디지털자산 이끌 인재 선발""",0.0,0,0,https://news.einfomax.co.kr/news/articleView.html?idxno=4409373
2026-04-14,"한화생명, '베트남 정보올림피아드' 3년 연속 후원…금융·ICT 인재육성",0.0,0,0,https://biz.sbs.co.kr/article_hub/20000304089?division=NAVER
2026-04-14,"""차세대 AI 인재 플랫폼 도약""…한화생명, ‘베트남 정보올림피아드’ ...",0.0,0,0,http://www.edaily.co.kr/news/newspath.asp?newsid=03040566645416120
2026-04-14,"한화오션, 캐나다 노바스코샤주와 CPSP 협력 논의…현지화 전략 가속",0.0,0,0,https://www.g-enews.com/view.php?ud=202604140927571796e8b8a793f7_1
2026-04-14,"한화생명, 베트남 IT 인재 등용문 제공..‘베트남 정보올림피아드’ 3년...",0.0,0,0,https://kpenews.com/View.aspx?No=4040711
2026-04-14,"26년 외길 '통신 장인' 에프알텍, 5G 특화 기술로 미 시장 'RFI' 최종 승인...",0.261,1,0,https://www.pinpointnews.co.kr/news/articleView.html?idxno=445281
2026-04-14,한화생명 '베트남 정보올림피아드' 3년 연속 후원,0.0,0,0,http://www.wsobi.com/news/articleView.html?idxno=310035
2026-04-14,"한화생명, 베트남 ‘AI 영재’ 키운다…제7회 정보올림피아드 공식 후원",0.0,0,0,https://www.megaeconomy.co.kr/news/newsview.php?ncode=1065571945423589
2026-04-14,"""베트남 IT 인재 등용문"" 한화생명, 제7회 정보올림피아드 3년 연속 공식...",0.0,0,0,https://www.pointe.co.kr/news/articleView.html?idxno=78325
2026-04-14,"[K-조선 글로벌 거점③] 동남아·인도 생산 거점 강화···HD현대, 아시...",0.0,0,0,https://www.seoulfn.com/news/articleView.html?idxno=626369
2026-04-14,[Who Is ?] 김호연 빙그레 회장,0.0,0,0,https://www.businesspost.co.kr/BP?command=article_view&num=435625
2026-04-14,[오늘의 주요일정·14일] 이재명 대통령 제5차 비상경제점검회의,0.0,0,0,https://www.safetimes.co.kr/news/articleView.html?idxno=241824
2026-04-14,"[DCM] 그룹별 조달금리 최대 83bp 差…현대차 최저, 포스코 최고 [1분기 ...",0.0,0,0,http://www.fntimes.com/html/view.php?ud=202604131002356783141825007d_18
2026-04-15,투자 유치율 30.7%…산은 스타트업 지원 10년 만에 1000곳 돌파,0.261,1,0,https://www.sedaily.com/article/20032542?ref=naver
2026-04-15,"[CFO 리포트] 한화솔루션, 문제는 신뢰다",-0.583,0,1,https://www.bloter.net/news/articleView.html?idxno=659436
2026-04-16,"""코인까지 담는다""…증권가, 가상자산거래소 '지분 쇼핑' 가속",0.0,0,0,https://www.ziksir.com/news/articleView.html?idxno=130876
2026-04-16,"식자재유통 4강, ‘M&A·계열사 시너지’로 시장 재편 노린다",0.0,0,0,https://www.etoday.co.kr/news/view/2576052
2026-04-16,"로봇이 드디어 앞을 볼 수 있게 됐다, 한국 스타트업의 혁신 기술",0.0,0,0,https://www.chosun.com/economy/startup_story/2026/04/14/2LX4XPMZBZDSRG3NLUXUP4NXIQ/?utm_source=naver&utm_medium=referral&utm_campaign=naver-news
2026-04-16,"[게시판] ""챗GPT에서 미술작품 산다""...아르투, '챗GPT 앱' 탑재 등 단신",0.0,0,0,https://www.aitimes.com/news/articleView.html?idxno=209310
2026-04-16,"나토 30개국 대사단, K-방산 본격 탐색",0.0,0,0,https://www.goodmorningcc.com/news/articleView.html?idxno=444710
2026-04-15,[브리프]파리바게뜨 오뚜기 CJ제일제당 롯데웰푸드 동원홈푸드 KT&G 外,0.0,0,0,http://www.biztribune.co.kr/news/articleView.html?idxno=352470
2026-04-15,"LNG선 다음 장은 친환경 선박… HD한국조선해양, 수익성 사이클 다시 연...",0.0,0,0,https://www.pressman.kr/news/articleView.html?idxno=101332
2026-04-15,"한화솔루션, 독일 'WIRE 2026' 참가…글로벌 시장 공략 가속",0.322,1,0,https://www.fetv.co.kr/news/articleView.html?idxno=300408
2026-04-15,국내 최대 재생에너지 박람회 ‘국제그린에너지엑스포’ 22일 대구 엑스...,0.0,0,0,http://www.breaknews.com/1200548
2026-04-15,"현대위아 방산부문, 현대로템에 매각…현대차 '한화식 대형화'로 맞불",0.0,0,0,https://magazine.hankyung.com/business/article/202604153610b
2026-04-15,"아워홈, 출산지원금 제도 정착… 긍정적인 ‘출산율 증가’ 결실",0.0,0,0,https://www.donga.com/news/Economy/article/all/20260415/133746425/1
2026-04-15,"""딩크도 돌아섰다""…아워홈 육아지원금, 출산 결정 바꿨다",0.0,0,0,https://www.asiatoday.co.kr/view.php?key=20260415010004861
2026-04-15,"한화솔루션, ‘WIRE 2026’서 초고압케이블 소재·순환형 솔루션 공개",0.0,0,0,https://www.segye.com/newsView/20260415521920?OutUrl=naver
2026-04-15,"아워홈, '육아동행지원금' 수혜 100가정 돌파",0.261,1,0,https://www.cnbnews.com/news/article.html?no=789428
2026-04-15,"한화솔루션, 'WIRE 2026'서 차세대 케이블 소재 공개... 글로벌 시장 공...",0.0,0,0,http://www.newslock.co.kr/news/articleView.html?idxno=128677
2026-04-15,'GSAT 2026' 창업을 더 가깝게…경남도 글로벌 융복합 창업페스티벌 열린...,0.0,0,0,http://www.ikld.kr/news/articleView.html?idxno=332918
2026-04-15,"한화솔루션, 독일 ‘WIRE 2026’ 참가....…글로벌 시장 공략",0.0,0,0,https://www.siminilbo.co.kr/news/newsview.php?ncode=1160293066503895
2026-04-15,"[POP!재계] LG엔솔, AI·글로벌 인재 앞세워 차세대 배터리 경쟁력 강화...",0.0,0,0,http://www.popcornnews.net/news/articleView.html?idxno=118415
2026-04-15,"아워홈, 육아동행지원금 수혜 100가정 돌파…회사 육아 동행 의지가 추...",0.261,1,0,http://www.lawissue.co.kr/view.php?ud=202604151636325822204ead0791_12
2026-04-15,[증시 인사이트] 국내증시 동반 상승 마감…코스피 6100선에서 등락,0.261,1,0,https://biz.sbs.co.kr/article_hub/20000304513?division=NAVER
2026-04-15,"한화갤러리아 지분도 없는 김동선의 아워홈 '경영' 정당한가, 법적 책임...",0.0,0,0,https://www.huffingtonpost.kr/article/256636
2026-04-15,'딩크족' 딸 낳게 한 아워홈… 육아동행지원금 100가정 돌파,0.261,1,0,https://www.hankookilbo.com/news/article/A2026041509450004096?did=NA
2026-04-15,"아워홈, '육아동행지원금 수령 가정 100곳' 육박…출산 독려 혜택 호평",0.0,0,0,http://www.sisacast.kr/news/articleView.html?idxno=95078
2026-04-15,"한화솔루션, 유럽 케이블 소재·순환형 솔루션 공략..전시회 ‘WIRE 2026’...",0.322,1,0,https://kpenews.com/View.aspx?No=4043151
2026-04-15,"한화비전 주가, 4월 15일 80,400원 4.55% 상승 마감",0.261,1,0,https://www.topstarnews.net/news/articleView.html?idxno=16035432
2026-04-15,"[경인방송 경제뉴스] 나토 30개국 대사단, HD현대 판교 GRC 찾아 기술력...",0.0,0,0,https://news.ifm.kr/news/articleView.html?idxno=469017
2026-04-15,김동선 부회장의 '푸드+테크' 실험…'돈 먹는 하마' 한화로보틱스 어쩌...,0.322,1,0,https://www.greened.kr/news/articleView.html?idxno=339310
2026-04-15,직원 출산 독려 아워홈 '육아동행지원금 1000만원' 100가정 돌파,0.261,1,0,https://www.ebn.co.kr/news/articleView.html?idxno=1705531
2026-04-15,"김근한 구미시의원, 구미 생산기지 넘어 방산 공급망 도시로 도약 필요",0.0,0,0,https://www.idaegu.com/news/articleView.html?idxno=660544
2026-04-15,"[ESG] ""딩크도 바꿨다""…아워홈 출산지원, 직원 삶까지 변화",0.0,0,0,https://www.joongangenews.com/news/articleView.html?idxno=511856
2026-04-15,"“주식·채권·부동산도 이더리움 위로”…이더가스, 토큰화 시대 강조",0.0,0,0,https://www.etoday.co.kr/news/view/2575929
2026-04-15,주식·채권 토큰화 확산 예고…전통 금융과 블록체인 경계 허문다,0.0,0,0,https://www.etoday.co.kr/news/view/2575972
2026-04-15,[KFE 유통로그]아워홈·동원홈푸드,0.0,0,0,https://www.kfenews.co.kr/news/articleView.html?idxno=656906
2026-04-15,"세계 최대 방산블록 NATO 대사단, HD현대 한화 등 K-방산업체 잇달아 방...",0.0,0,0,http://www.newsian.co.kr/news/articleView.html?idxno=88557
2026-04-15,"[중화학 ON] LG엔솔, 역대 최대규모 연구·전문위원 선임 外",0.0,0,0,https://dealsite.co.kr/articles/160199
2026-04-15,"한화솔루션, 'WIRE 2026' 출격…""차세대 초고압 케이블 소재로 글로벌 정...",0.322,1,0,https://www.mediapen.com/news/view/1093546
2026-04-15,아워홈 ‘육아동행지원금’ 수혜 가정 100곳 넘었다,0.0,0,0,https://www.viva100.com/article/20260415500901
2026-04-15,"﻿'WIRE 2026' 한화솔루션, 초고압케이블 소재·순환형 솔루션 공개",0.0,0,0,https://www.mhj21.com/news/articleView.html?idxno=251608
2026-04-15,"한화솔루션 ""글로벌 탑티어 전력인프라 소재 기업 도약""",0.322,1,0,https://www.pointdaily.co.kr/news/articleView.html?idxno=301334
2026-04-15,아워홈 '육아동행지원금' 실시 1년 만에 수혜 100가정 돌파,0.261,1,0,https://www.pointdaily.co.kr/news/articleView.html?idxno=301320
2026-04-15,"한화 3남 김동선 주도…아워홈, ‘육아동행지원금’ 수혜 100가정 돌파",0.261,1,0,https://www.ceoscoredaily.com/page/view/2026041514292605004
2026-04-15,"아워홈, ‘육아동행지원금’ 수혜 100가정 돌파",0.261,1,0,https://www.sedaily.com/article/20032834?ref=naver
2026-04-15,"[단독] 한화투자, '디지털자산 전문증권사' 전환 속도",0.0,0,0,https://www.straightnews.co.kr/news/articleView.html?idxno=300238
2026-04-15,"""아이 낳으면 1000만원"" 딩크족도 딸 낳았다...'이 회사' 효과 톡톡",0.0,0,0,https://www.mt.co.kr/living/2026/04/15/2026041513504235847
2026-04-15,내년 ‘토큰증권’ 시대 개막…AI 에이전트·RWA가 이끄는 차세대 금융...,0.0,0,0,https://www.mk.co.kr/article/12017628
2026-04-15,"[TOP's Pick] [유통] 아워홈, ‘육아동행지원금’ 수혜 100가정 돌파 外",0.261,1,0,https://www.topdaily.kr/articles/109689
2026-04-15,한화 3남 김동선표 복지 ‘통했다’…아워홈 육아지원 100곳 넘어,0.0,0,0,https://www.socialvalue.kr/news/view/1065589494374535
2026-04-15,"""딩크족 마음도 돌렸다"" 아워홈, 출산 시 1000만 지원이 불러온 나비효...",0.0,0,0,http://www.ftoday.co.kr/news/articleView.html?idxno=357715
2026-04-15,[브리프] 기아 금호석유화학 HD현대 한화솔루션 LS일렉트릭 한국앤컴퍼...,0.0,0,0,http://www.biztribune.co.kr/news/articleView.html?idxno=352432
2026-04-15,김동선 주도…아워홈 `육아동행지원금` 받은 100가정 넘었다,0.0,0,0,http://www.edaily.co.kr/news/newspath.asp?newsid=03837606645416448
2026-04-15,아워홈 ‘육아동행지원금’ 수혜 100가정 넘었다,0.0,0,0,https://www.mk.co.kr/article/12017571
2026-04-15,"한화솔루션, 와이어 2026 참가… 초고압 케이블 소재로 글로벌 공략",0.322,1,0,http://www.whitepaper.co.kr/news/articleView.html?idxno=261059
2026-04-15,"한화에어로, 주NATO 대사단 '한자리에'···'독·프 과점' 균열 뚫고 유...",0.0,0,0,https://www.seoulfn.com/news/articleView.html?idxno=626563
2026-04-15,"'세후 1천만원' 아워홈, '육아동행지원금' 100가정 돌파 … 출산 장려 효...",0.261,1,0,https://biz.newdaily.co.kr/site/data/html/2026/04/15/2026041500178.html
2026-04-15,"한화에어로, NATO에 미래 안보 비전 제시",0.0,0,0,https://www.starnewskorea.com/business-life/2026/04/15/2026041511382272493
2026-04-15,"나토 30개국 대사단 방한..K-방산, 유럽 협력 넓힌다",0.0,0,0,http://www.4th.kr/news/articleView.html?idxno=2110458
2026-04-15,"한화에어로·HD현대, NATO 대사단 만나 '미래 방위사업 비전' 제시",0.0,0,0,https://www.goodkyung.com/news/articleView.html?idxno=285875
2026-04-15,"“13살 터울 셋째딸까지 낳게 했다”…아워홈, 육아동행지원금 수혜 ‘...",0.261,1,0,https://www.mk.co.kr/article/12017517
2026-04-15,"[리더의 언어⑱]""새는 바람이 가장 강하게 부는 날 집을 짓는다""",0.0,0,0,https://www.businessplus.kr/news/articleView.html?idxno=110642
2026-04-15,"""딩크 부부도 마음 돌렸다""…아워홈 '육아동행지원금' 100가정 돌파",0.261,1,0,https://www.hankyung.com/article/202604152338g
2026-04-15,"한화솔루션, 'WIRE 2026'서 초고압 케이블 소재 및 순환형 솔루션 공개",0.0,0,0,https://www.mtnews.net/news/articleView.html?idxno=24518
2026-04-15,"수익 둔화 속 승부수 던진 김동선 … 아워홈, 뷔페 시장 도전",0.0,0,0,https://biz.newdaily.co.kr/site/data/html/2026/04/15/2026041500160.html
2026-04-15,"한화솔루션, 와이어 2026 참가…초고압케이블 소재·순환형 설루션 공개",0.0,0,0,https://www.news1.kr/industry/general-industry/6137124
2026-04-15,"""중년부부 늦둥이결심에 딩크가정마음까지 움직인다"" 아워홈 '육아동행...",0.0,0,0,https://www.catchnews.kr/news/articleView.html?idxno=122787
2026-04-15,"한화에어로, NATO 30개국 대사단 초청…‘방산 협력 비전’ 공유",0.0,0,0,https://www.busan.com/view/busan/view.php?code=2026041511033315517
2026-04-15,"한화솔루션, 'WIRE 2026'서 초고압 케이블 소재 공개…글로벌 공략 강화",0.322,1,0,https://www.straightnews.co.kr/news/articleView.html?idxno=300218
2026-04-15,"아워홈 '육아동행지원금' 수령 가정 100곳 돌파, 절반가량이 둘째 이상...",0.261,1,0,https://www.businesspost.co.kr/BP?command=article_view&num=435755
2026-04-15,아워홈 ‘육아동행지원금’ 수혜 100가정 돌파,0.261,1,0,https://www.sentv.co.kr/article/view/sentv202604150079
2026-04-15,"[시경Today-방산] HD현대·한화에어로스페이스, NATO 대사단에 K-방산 역...",0.0,0,0,https://www.meconomynews.com/news/articleView.html?idxno=130195
2026-04-15,"한화솔루션, 'WIRE 2026'서 초고압 케이블 소재·순환형 솔루션 공개",0.322,1,0,https://www.businessplus.kr/news/articleView.html?idxno=110660
2026-04-15,"한화솔루션, WIRE 2026서 초고압케이블 소재·순환형 솔루션 공개",0.322,1,0,https://www.econovill.com/news/articleView.html?idxno=737351
2026-04-15,"아워홈 , '육아동행지원금' 수혜 100가정 돌파…""일·가정 양립 힘쓸 것...",0.261,1,0,https://www.newsis.com/view/NISX20260415_0003591861
2026-04-15,"출산 횟수와 관계없이 가정당 1000만원... 아워홈, '육아동행지원금' 수...",0.0,0,0,https://www.ibabynews.com/news/articleView.html?idxno=150538
2026-04-15,HD현대·한화 방문한 나토 대사단…미래 비전·기술력 확인,0.0,0,0,https://www.etnews.com/20260415000160
2026-04-15,"한화솔루션, 'WIRE 2026'서 초고압케이블 소재·순환형 솔루션 공개",0.322,1,0,http://www.inews24.com/view/1960368
2026-04-15,"[유통갤러리] KT&G, 릴 하이브리드 전용스틱 신제품 ‘믹스 시가 컬렉션...",0.0,0,0,https://theviewers.co.kr/View.aspx?No=4042284
2026-04-15,"한화솔루션, 해저·고전압 탁월한 케이블 내놨다",0.0,0,0,http://www.smedaily.co.kr/news/articleView.html?idxno=355703
2026-04-15,[ND 산업] 현대차·기아·HD현대·호텔신라 外,0.0,0,0,http://www.newsdream.kr/news/articleView.html?idxno=111318
2026-04-15,"﻿한화솔루션, 세계 최대 케이블 전시회 참전...글로벌 공략 속도",0.0,0,0,https://www.energy-news.co.kr/news/articleView.html?idxno=224612
2026-04-15,"NATO 30개국 대사단, 韓 방산에 감탄사",0.0,0,0,http://www.smedaily.co.kr/news/articleView.html?idxno=355700
2026-04-15,아워홈 '육아동행지원금' 수혜 100가정 돌파…딩크족 마음도 돌렸다,0.261,1,0,https://news.tf.co.kr/read/economy/2313342.htm
2026-04-15,"한화솔루션, ‘WIRE 2026’서 초고압케이블 소재·순환형 솔루션 선봬",0.322,1,0,https://www.sedaily.com/article/20032703?ref=naver
2026-04-15,"한화에어로, NATO 30개국 대사단 초청…협력 비전 공유",0.0,0,0,https://www.ceoscoredaily.com/page/view/2026041510084230694
2026-04-15,"아워홈 ""'육아동행지원금' 수령 가정 1년 새 100곳 넘어""",0.0,0,0,https://www.yna.co.kr/view/AKR20260415060100030?input=1195m
2026-04-15,"한화솔루션, 'WIRE 2026'서 초고압 케이블 소재 기술 공개…""글로벌 시장...",0.0,0,0,http://www.metroseoul.co.kr/article/20260415500103
2026-04-15,딩크족 마음까지 움직인 아워홈 '육아동행지원금'…수혜 100가정 돌파,0.261,1,0,https://www.pinpointnews.co.kr/news/articleView.html?idxno=445595
2026-04-15,"30개국 NATO 대사단, HD현대 조선·함정 경쟁력 확인",0.322,1,0,https://www.ddaily.co.kr/page/view/2026041510031787444
2026-04-15,한화에어로스페이스-NATO 대사단 전략대화…유럽 안보 파트너십 강화,0.0,0,0,https://news.bbsi.co.kr/news/articleView.html?idxno=4078436
2026-04-15,자율주행 로드맵 구체화에 온기 확산…수혜주는 어디?,0.0,0,0,https://www.imaeil.com/page/view/2026041509513909522
2026-04-15,"아이씨티케이, 세계 최초 'VIA PUF' 상용화… 글로벌 보안 시장 공략 박...",0.261,1,0,https://www.pinpointnews.co.kr/news/articleView.html?idxno=445586
2026-04-15,"한화솔루션, 'WIRE 2026' 참가… 초고압케이블 소재·순환형 솔루션 공개",0.0,0,0,https://www.etnews.com/20260415000084
2026-04-15,"한화에어로, NATO 대사단 초청…방산 미래 비전 제시",0.0,0,0,https://news.dealsitetv.com/articles/168652
2026-04-15,"클라우데라 ""민감데이터 보안·규제 준수, 소버린AI 혁신 지원""",0.0,0,0,https://www.itbiznews.com/news/articleView.html?idxno=209650
2026-04-15,"한화에어로, NATO 30개국 대사단 초청…""유럽 안보 기여 강화""",0.0,0,0,https://www.cnbnews.com/news/article.html?no=789259
2026-04-15,"30개국 NATO 대사단, HD현대·한화 방산 위상 눈으로 목격",0.0,0,0,http://www.thebigdata.co.kr/view.php?ud=202604150934326935570d99e4c8_23
2026-04-15,"한화솔루션, 독일 'WIRE 2026'서 초고압·해저 케이블 소재 기술력 과시",0.0,0,0,https://www.pointe.co.kr/news/articleView.html?idxno=78386
2026-04-17,김승연에겐 있었고 ‘김동관의 한화’엔 없는 것,0.0,0,0,https://magazine.hankyung.com/business/article/202604164022b
2026-04-16,"한화그룹, 아동·청소년 대상 사회공헌 활동 확대···ESG경영 추진",0.0,0,0,http://www.wsobi.com/news/articleView.html?idxno=310412
2026-04-16,"[더in터뷰] 대통령도 인정한 '소통 정치' 이훈기 ""매주 지역민과 만나""",0.0,0,0,https://news.jtbc.co.kr/article/NB12294488?influxDiv=NAVER
2026-04-16,"구지은, 김동선 향해 또 공개 비판…아워홈 경영권 갈등 재점화",0.0,0,0,https://it.chosun.com/news/articleView.html?idxno=2023092160500
2026-04-16,전쟁에 묻힌 '피지컬 AI'…향후 전망은?,0.0,0,0,http://www.iminju.net/news/articleView.html?idxno=162687
2026-04-16,"[초점] '엘리트' 김동관, 격의 없는 소통으로 한화 이끌다",0.0,0,0,http://www.newswatch.kr/news/articleView.html?idxno=79237
2026-04-16,"한화비전 주가, 4월 16일 79,800원 소폭 내리며 장 마쳐",-0.261,0,1,https://www.topstarnews.net/news/articleView.html?idxno=16036558
2026-04-16,"나눔비타민, '신한 스퀘어브릿지 인천' 2026 인큐베이션 멤버십 선정",0.0,0,0,https://www.mt.co.kr/future/2026/04/16/2026041610584225243
2026-04-16,"﻿피엠인터내셔널, 'DSN 글로벌 100' 순위 톱5 진입",0.0,0,0,https://news.mtn.co.kr/news-detail/2026041615052672261
2026-04-16,임종룡.진옥동회장 연임 확정 속 연말 임기만료 KB금융 양종희회장도 연...,0.0,0,0,https://www.autodaily.co.kr/news/articleView.html?idxno=543304
2026-04-16,"피엠인터내셔널, 'DSN 글로벌 100' 순위 톱5 진입… 업계 내 최대 글로벌...",0.261,1,0,https://www.widedaily.com/news/articleView.html?idxno=292443
2026-04-16,"하이트진로, 글로벌·신사업 투트랙 전략…지속 성장 기반 다진다",0.197,2,1,https://www.newspost.kr/news/articleView.html?idxno=222370
2026-04-16,"""복지와 금융의 결합""...나눔비타민, '신한 스퀘어브릿지 인천' 멤버십 ...",0.0,0,0,http://www.financialreview.co.kr/news/articleView.html?idxno=41703
2026-04-16,"[ESG브리핑-4월3주] 하나금융, 시각 장애인 위한 임직원 봉사 활동 외",0.0,0,0,http://www.ftoday.co.kr/news/articleView.html?idxno=357759
2026-04-16,"“오너 혈통은 다르다""...오너·전문경영인 보수 체계 ‘이중구조’ 논...",0.0,0,0,https://www.smarttoday.co.kr/ko-kr/articles/106573
2026-04-16,증권사 채용 문 '활짝'…영업부터 IT까지 인재 모시기 잰걸음,0.0,0,0,https://news.tf.co.kr/read/economy/2313854.htm
2026-04-16,"구지은, 아워홈 김동선 체제 비판 ""기업 영속성 확보해야""",0.0,0,0,https://www.ebn.co.kr/news/articleView.html?idxno=1705632
2026-04-16,"구지은, SNS로 아워홈 경영 저격…""수익성 줄고 차입금 늘어""",0.0,0,0,https://www.thepublic.kr/news/articleView.html?idxno=301381
2026-04-16,"한화에어로스페이스, NATO 대사단와 미래 안보 비전 공유",0.0,0,0,https://www.nocutnews.co.kr/news/6503394?utm_source=naver&utm_medium=article&utm_campaign=20260416113927
2026-04-16,"글로벌 시장 주도권 선점 박차…산업계, 사업 고도화 및 체질 개선 총력",0.0,0,0,http://www.dailypop.kr/news/articleView.html?idxno=98085
2026-04-16,“아이디어만 있으면 칩 제작”…ASIC 시대 다크호스 우뚝 [그 회사 어때...,0.0,0,0,https://biz.heraldcorp.com/article/10718712?ref=naver
2026-04-16,"종근당, '바이오 스파이크 가드' 살균 지속력 입증… 카스, 월드컵 공식...",0.0,0,0,https://www.sisaon.co.kr/news/articleView.html?idxno=200301
2026-04-16,"단순 검사 넘어 지능화로… 피아이이, 독보적 AI 솔루션으로 승부수",0.261,1,0,https://www.pinpointnews.co.kr/news/articleView.html?idxno=445990
2026-04-16,딩크도 마음 돌렸다…아워홈 ‘육아동행지원금’ 100가정 돌파,0.261,1,0,https://zdnet.co.kr/view/?no=20260416105550
2026-04-16,한화에어로 ‘방산 역량·협력 비전’ 공유,0.0,0,0,https://www.knnews.co.kr/news/articleView.php?idxno=1539554
2026-04-16,"한화 김동선 주도 아워홈 '육아동행지원금', 수혜 100가정 돌파",0.261,1,0,https://www.cnbizm.com/news/articleView.html?idxno=300125
2026-04-16,"국내 대기업의 사회공헌 프로그램 | 기업이 없었다면 올림픽 메달도, 희...",0.0,0,0,http://monthly.chosun.com/client/news/viw.asp?ctcd=C&nNewsNumb=202604100075
2026-04-16,"이정현, 메가시티·대기업 유치 승부수... ""광주·전남 따로 갈 이유 없...",0.0,0,0,http://www.newsworker.co.kr/news/articleView.html?idxno=422149
2026-04-16,"무인 단속부터 데이터 분석까지… 이노뎁, 알티솔루션 시너지 본격화",-0.197,1,2,https://www.pinpointnews.co.kr/news/articleView.html?idxno=445972
2026-04-16,"아워홈, 한화 편입 후 복지 체감 ‘톡톡’..육아동행지원금 수혜 100가정...",0.0,0,0,https://kpenews.com/View.aspx?No=4043820
2026-04-16,"독보적 기술력이 힘… 덕산하이메탈, 초정밀 소재로 글로벌 공략 박차",0.583,2,0,https://www.pinpointnews.co.kr/news/articleView.html?idxno=445965
2026-04-16,"한화 김동선, 이번엔 ‘테이크’로 중저가 뷔페 시장 도전장... 과제 세...",0.0,0,0,https://biz.chosun.com/distribution/food/2026/04/16/JVBOE2R3UBCZJGIB5WUCVJKKMU/?utm_source=naver&utm_medium=original&utm_campaign=biz
2026-04-16,‘에이블스쿨’서 AI 현장실무교육… 취업 후 “경력직 같은 신입” 평...,0.0,0,0,https://www.munhwa.com/article/11582668?ref=naver
2026-04-16,"한화에어로스페이스, NATO 대사단에 미래 안보 비전 제시",0.0,0,0,http://www.wsobi.com/news/articleView.html?idxno=310307
2026-04-16,"한화에어로, NATO 대사단 초청...방산 역량·협력 비전 공유",0.0,0,0,https://www.pinpointnews.co.kr/news/articleView.html?idxno=445888
2026-04-16,[전국 주요 신문 톱뉴스](16일 조간),0.38,1,0,https://www.yna.co.kr/view/AKR20260416015300011?input=1195m
2026-04-16,딩크족 마음 돌렸다…아워홈 '육아동행지원금' 수혜 가정 100곳 돌파,0.261,1,0,https://view.asiae.co.kr/article/2026041517031807698
2026-04-16,"2025년 연봉 순위, 1위 김승연 회장 248억원...신동빈·박정원·이재현·...",0.0,0,0,https://www.greened.kr/news/articleView.html?idxno=339345
2026-04-16,"한화투자증권, ‘RWA 허브’ 승부수…디지털자산 판 키운다",0.0,0,0,https://www.news2day.co.kr/article/20260416500008
2026-04-17,"[금주의 유통 톡톡] 신세계, AI로 ‘리테일 전면 혁신’ 나서... 쿠팡, 3...",0.0,0,0,https://www.mediawatch.kr/news/article.html?no=259343
2026-04-17,"신세계그룹, 리플렉션AI 손잡고 ""리테일 전면혁신"" 추진…오픈AI 협업은...",0.0,0,0,http://www.biztribune.co.kr/news/articleView.html?idxno=352600
2026-04-17,"송영기·김상권, 경남교육감 선거 공약 경쟁 본격화…지역 맞춤 교육전...",0.0,0,0,https://www.kukinews.com/article/view/kuk202604170180
2026-04-17,"[기업사회활동] 한화 김승연 회장, 북일 50년 교육헌신에 감사",0.0,0,0,http://www.lawissue.co.kr/view.php?ud=202604171808566738f4ab64559d_12
2026-04-17,"플렉셀스페이스, 한화 17년 '재무·전략통' 이거산 CFO 영입",0.322,1,0,https://www.mt.co.kr/future/2026/04/17/2026041713224459807
2026-04-17,"김승연 회장, '50년 헌신' 북일학원 퇴직 교사 챙겼다",0.0,0,0,http://www.00news.co.kr/news/articleView.html?idxno=103299
2026-04-17,"김승연 회장, '북일고 50년' 교육 헌신에 감사",0.0,0,0,https://www.hankyung.com/article/2026041788761
2026-04-17,"김승연 한화 회장, 북일학원 50주년 맞아 ‘감사의 뜻’ 전달",0.0,0,0,https://www.mediapen.com/news/view/1094075
2026-04-17,[데일리픽] 비트코인 바닥 아직 남았다…앤트로픽 '클로드 오퍼스 4.7' 전...,0.0,0,0,https://www.digitaltoday.co.kr/news/articleView.html?idxno=657945
2026-04-17,"김승연 한화 회장, 북일학원 퇴직 교사 초청 만찬 … '국가 인재 양성' ...",0.0,0,0,https://biz.newdaily.co.kr/site/data/html/2026/04/17/2026041700219.html
2026-04-17,"김승연 한화 회장, 북일학원 50주년 맞아 퇴직 교사 초청 만찬...교육 의...",0.0,0,0,http://www.updownnews.co.kr/news/articleView.html?idxno=316952
2026-04-17,"김승연 한화그룹 회장, 북일학원 퇴직 교사 초청 만찬…""인재 육성은 애...",0.0,0,0,https://www.econovill.com/news/articleView.html?idxno=737737
2026-04-17,"""선생님은 북일 인재의 나침반"" 한화 김승연 회장, 북일 50년 교육헌신에...",0.0,0,0,http://www.digitalbizon.com/news/articleView.html?idxno=2342668
2026-04-17,"“선생님은 북일 인재의 나침반”…김승연 한화 회장, 북일학원 50년 교...",0.0,0,0,https://www.todayeconomic.com/news/article.html?no=30256
2026-04-17,"천안북일고 퇴직교사들 챙긴 김승연 한화 회장…""인재보국 철학 이어져...",0.0,0,0,https://www.newsis.com/view/NISX20260417_0003596063
2026-04-17,김승연 한화 회장 “북일고 인재들의 나침반” 전현직 교사들과 만찬,0.0,0,0,https://www.donga.com/news/Economy/article/all/20260417/133760447/1
2026-04-17,"김승연 회장, 퇴직교사 초청 만찬…""항암치료 중 큰 위로""",0.0,0,0,https://www.mt.co.kr/industry/2026/04/17/2026041715283935010
2026-04-17,"반도체와 RF의 만남…기가레인, 독보적 기술력으로 '제2의 도약'",-0.261,0,1,https://www.pinpointnews.co.kr/news/articleView.html?idxno=446419
2026-04-17,"""선생님은 북일 인재의 나침반""… 김승연 한화 회장, 북일학원 퇴직 교...",0.0,0,0,https://www.newscj.com/news/articleView.html?idxno=3394473
2026-04-17,"""선생님은 북일 인재의 나침반""... 한화 김승연 회장, 전 북일고 선생님...",0.0,0,0,http://www.thefirstmedia.net/news/articleView.html?idxno=198241
2026-04-17,"""선생님은 북일의 나침반""… 스승 은혜 잊지 않는 김승연, 퇴직 교사 초...",0.0,0,0,https://www.hankookilbo.com/news/article/A2026041713190003009?did=NA
2026-04-17,[ND 산업] 현대차·한화·대한항공·신세계 外,0.0,0,0,http://www.newsdream.kr/news/articleView.html?idxno=111407
2026-04-17,"김승연 한화그룹 회장, 북일학원 퇴직 교사 초청 만찬…'인재보국' 정신...",0.0,0,0,http://www.popcornnews.net/news/articleView.html?idxno=118686
2026-04-17,"김승연, 북일 50주년 맞아 '교사 예우'… 인재보국 의미 되새겨",0.0,0,0,http://www.biztribune.co.kr/news/articleView.html?idxno=352577
2026-04-17,"비아트론, 中 비전옥스 8.6세대 열처리 장비 2종 공급",0.0,0,0,https://www.etnews.com/20260417000207
2026-04-17,"김승연 한화 회장, 북일학원 퇴직교사 초청해 만찬…“존경과 감사”",0.0,0,0,https://www.kmib.co.kr/article/view.asp?arcid=0029694295&code=61141111&cp=nv
2026-04-17,"한화 김승연 회장, 북일학원 퇴직 교사 초청 만찬…""존경과 감사""",0.0,0,0,https://www.delighti.co.kr/news/articleView.html?idxno=115265
2026-04-17,"김승연 한화 회장 ""북일 50년 만든 교사들 '깊은 감사'""",0.0,0,0,https://biz.sbs.co.kr/article_hub/20000304973?division=NAVER
2026-04-17,"“애슐리·빕스 비켜”…한화 김동선, ‘테이크’로 뷔페시장 도전장",0.0,0,0,http://www.fntimes.com/html/view.php?ud=202604171119246250b5b890e35c_18
2026-04-17,이영준 롯데케미칼 총괄대표 취임 1년 훌쩍 넘어서 처음 기관투자자들 ...,0.0,0,0,https://www.huffingtonpost.kr/article/256685
2026-04-17,"한화 김승연 회장, 북일학원 퇴직 교사 초청 만찬",0.0,0,0,https://www.s-journal.co.kr/news/articleView.html?idxno=40588
2026-04-17,"한화 김승연, 북일학원 퇴직교사 초청 만찬... ""깊은 존경과 감사""",0.0,0,0,http://woman.chosun.com/news/articleView.html?idxno=125551
2026-04-17,김승연 회장 “북일고 퇴직교사에 감사”,0.0,0,0,https://www.naeil.com/news/read/585679?ref=naver
2026-04-17,"한화 김승연 회장, 북일 학원 50년 교육헌신에 감사",0.0,0,0,http://www.koreastocknews.com/news/articleView.html?idxno=117993
2026-04-17,"김승연 한화 회장, 북일학원 50주년 기념 원로·퇴직 교사들과 만찬",0.0,0,0,http://www.techholic.co.kr/news/articleView.html?idxno=220840
2026-04-17,"김승연 한화 회장, 북일학원 퇴직 교사 초청 만찬..""깊은 존경과 감사""",0.0,0,0,https://www.hg-times.com/news/articleView.html?idxno=301300
2026-04-17,"김승연 한화 회장, 북일학원 퇴직 교사 초청 만찬…""헌신에 감사""",0.0,0,0,https://www.sentv.co.kr/article/view/sentv202604170069
2026-04-17,"김승연 한화 회장, 북일학원 퇴직 교사 초청 만찬…""깊은 존경과 감사""",0.0,0,0,https://www.newspost.kr/news/articleView.html?idxno=222399
2026-04-17,“선생님들의 가르침은 청소년에겐 나침반”,0.0,0,0,https://www.munhwa.com/article/11583044?ref=naver
2026-04-17,"“선생님들께 깊은 존경과 감사의 말씀을 드린다”...김승연 회장, 북일...",0.0,0,0,https://www.segye.com/newsView/20260417506358?OutUrl=naver
2026-04-17,"[특집기획] 블록체인, 금융시장 시간 페러다임 재정립",0.0,0,0,https://www.khgames.co.kr/news/articleView.html?idxno=303499
2026-04-17,북일학원 퇴직 교사 초청한 김승연…“깊은 존경과 감사”,0.0,0,0,https://www.sedaily.com/article/20033754?ref=naver
2026-04-17,"김동선표 아워홈, 신사업 확대 속도… 중저가 뷔페 도전장",0.0,0,0,http://www.seoulwire.com/news/articleView.html?idxno=717406
2026-04-17,"김승연 한화 회장 ""교사들의 헌신으로 50년 북일의 횃불 빛나""",0.0,0,0,https://www.straightnews.co.kr/news/articleView.html?idxno=300418
2026-04-17,"[재계소식] 한화 김승연 회장, 북일학원 퇴직교사 초청 만찬",0.0,0,0,https://www.webeconomy.co.kr/news/articleView.html?idxno=2144889
2026-04-17,"김승연 회장, 북일학원 퇴직 교사들에 “깊은 존경”",0.0,0,0,https://biz.heraldcorp.com/article/10719559?ref=naver
2026-04-17,"김승연 회장, 북일학원 퇴직 교사들과 만찬…""인재보국 계승""",0.0,0,0,https://www.nocutnews.co.kr/news/6504046?utm_source=naver&utm_medium=article&utm_campaign=20260417110239
2026-04-17,"김승연 한화 회장, 북일 50주년 맞아 퇴직 교사 만찬...""스승은 북일 인...",0.0,0,0,http://www.sisacast.kr/news/articleView.html?idxno=95158
2026-04-17,한국지엠 노조 “2028년 이후 계획 촉구⋯ 美서 지엠·노조 만나 대화”,0.0,0,0,https://www.viva100.com/article/20260417500003
2026-04-17,"김승연 한화 회장, 북일 학원 퇴직 교사 초청 만찬…""50년 헌신 감사""",0.0,0,0,http://www.efnews.co.kr/news/articleView.html?idxno=129161
2026-04-17,"김승연 한화 회장, 북일학원 퇴직교사 초청 만찬…""깊은 존경과 감사""",0.0,0,0,https://www.widedaily.com/news/articleView.html?idxno=292499
2026-04-17,"김승연 한화 회장, 북일학원 퇴직교사 초청 만찬…“깊은 존경과 감사”",0.0,0,0,https://www.ceoscoredaily.com/page/view/2026041710420150166
2026-04-17,"한화 김승연,북일학원 퇴직교사 초청만찬…""북일인재 나침반""",0.0,0,0,http://www.seouleconews.com/news/articleView.html?idxno=90694
2026-04-17,"김승연 회장 ""선생님은 북일 인재의 나침반""…50년 교육헌신에 감사",0.0,0,0,https://www.ebn.co.kr/news/articleView.html?idxno=1705759
2026-04-17,"한화 김승연 회장, 북일학원 퇴직 교사 초청 만찬…“선생님은 북일 인...",0.0,0,0,https://www.m-economynews.com/news/article.html?no=66535
2026-04-17,"김승연 한화 회장, 북일학원 퇴직 교사 초청해 만찬…“개교 50년, 초석...",0.0,0,0,https://www.khan.co.kr/article/202604171023011
2026-04-17,"재학생 이어 퇴직교사까지 챙겼다..김승연, 북일 50주년 만찬",0.0,0,0,http://www.4th.kr/news/articleView.html?idxno=2110574
2026-04-17,한 번 스승은 영원한 스승…김승연 회장 북일학원 퇴직 교사와 ‘의리’...,0.0,0,0,https://www.segye.com/newsView/20260417504711?OutUrl=naver
2026-04-17,"김승연 한화 회장, 북일학원 퇴직 교사 초청…'인재보국' 강조",0.0,0,0,https://www.onews.tv/news/articleView.html?idxno=278709
2026-04-17,"한화 김승연 회장, 북일고 은퇴 교사 초청 50주년 만찬",0.0,0,0,http://www.smedaily.co.kr/news/articleView.html?idxno=355860
2026-04-17,"한화 김승연, 북일학원 퇴직 교사 초청 만찬⋯""인재들의 나침반""",0.0,0,0,http://www.inews24.com/view/1961078
2026-04-17,"한화 김승연 회장, 북일학원 퇴직 교사 초청 만찬··· 50년 교육 헌신...",0.0,0,0,https://www.mediafine.co.kr/news/articleView.html?idxno=77486
2026-04-17,"아워홈 첫 성적표 어땠길래... 구지은, 김동선 작심 비판",0.0,0,0,http://woman.chosun.com/news/articleView.html?idxno=125546
2026-04-17,"한화 김승연, 창업주 김종희 '인재보국' 잇는다…북일고 50주년 퇴직교사...",0.0,0,0,https://www.shinailbo.co.kr/news/articleView.html?idxno=5012244
2026-04-17,"김승연 회장, 북일학원 퇴직 교사들과 만찬 … ""헌신에 깊은 감사""",0.0,0,0,http://www.worktoday.co.kr/news/articleView.html?idxno=83795
2026-04-17,"김승연 한화 회장, 북일학원 퇴직 교사 초청 만찬…""50년 북일, 헌신의 ...",0.0,0,0,http://www.newslock.co.kr/news/articleView.html?idxno=128820
2026-04-17,"[중화학노트] 현대제철, 세계철강협회 '지속가능성 챔피언' 선정 外",0.0,0,0,https://news.dealsitetv.com/articles/168801
2026-04-17,"김승연 회장, 북일학원 퇴직 교사 초청 만찬…""비전과 가르침은 북일인...",0.0,0,0,http://www.whitepaper.co.kr/news/articleView.html?idxno=261161
2026-04-17,"김승연 한화 회장, 북일학원 은퇴 교사들에 ""헌신에 감사""",0.0,0,0,https://www.raonnews.com/news/article.html?no=57557
2026-04-17,"한화 김승연, 북일학원 교직원과 교사들 노고에 감사 인사...퇴직교사 초...",0.0,0,0,https://news.bbsi.co.kr/news/articleView.html?idxno=4078912
2026-04-17,"김승연 한화 회장, 북일학원 전‧현직 교사 초청 만찬",0.0,0,0,https://biz.chosun.com/industry/company/2026/04/17/D6UDJBKJOJGMNDV2WUM46QK6X4/?utm_source=naver&utm_medium=original&utm_campaign=biz
2026-04-17,"김승연 회장, 북일학원 퇴직 교사들과 만찬…""깊은 존경과 감사""",0.0,0,0,https://www.dailian.co.kr/news/view/1634676/?sc=Naver
2026-04-17,"김승연 한화 회장, 북일학원 50주년…퇴직교사 초청 만찬",0.0,0,0,https://www.lcnews.co.kr/news/articleView.html?idxno=200902
2026-04-17,"김승연 한화 회장, 북일학원 퇴직교사 초청 '감사의 만찬'",0.0,0,0,https://www.megaeconomy.co.kr/news/newsview.php?ncode=1065573545149977
2026-04-17,"한화 김승연, 북일학원 50주년 맞아 퇴직교사 초청 만찬",0.0,0,0,https://www.ddaily.co.kr/page/view/2026041709371278912
2026-04-17,"김승연 한화 회장, 북일학원 50주년 맞아 퇴직 교사들과 만찬",0.0,0,0,https://www.ziksir.com/news/articleView.html?idxno=131098
2026-04-17,"김승연 한화 회장 ""선생님은 인재의 나침반""",0.322,1,0,https://www.ezyeconomy.com/news/articleView.html?idxno=234805
2026-04-17,"김승연 한화그룹 회장, 퇴직 교사 37명 초청 만찬 행사 개최",0.0,0,0,https://www.cstimes.com/news/articleView.html?idxno=702352
2026-04-17,"한화 김승연, 북일학원 퇴직 교사 초청 만찬…""인재들의 나침반""",0.0,0,0,http://www.yonhapnewstv.co.kr/AKR20260417091500lC6
2026-04-17,"김승연 회장 ""50년 헌신에 감사""…북일학원 퇴직 교사 초청 만찬",0.0,0,0,https://www.businessplus.kr/news/articleView.html?idxno=110765
2026-04-17,"김승연 회장, 북일학원 50주년 맞아 퇴직 교사들과 만찬",0.0,0,0,https://zdnet.co.kr/view/?no=20260417091224
2026-04-17,"한화 김승연 회장, 북일 50년 교육헌신에 감사",0.0,0,0,http://www.wsobi.com/news/articleView.html?idxno=310446
2026-04-17,"김승연 한화 회장, 북일학원 퇴직교사 만찬…""제자들의 나침반""",0.0,0,0,https://www.mt.co.kr/industry/2026/04/17/2026041708274469135
2026-04-17,"김승연 한화 회장, 북일학원 퇴직 교사 초청…""교육현신 감사""",0.0,0,0,https://www.cnbizm.com/news/articleView.html?idxno=300286
2026-04-17,"한화 김승연, 북일학원 퇴직 교사 초청만찬…""북일인재 나침반""",0.0,0,0,https://www.yna.co.kr/view/AKR20260417027000003?input=1195m
2026-04-17,"김승연 한화 회장, 북일고 퇴직 교사들과 만찬…""헌신에 감사""",0.0,0,0,https://daily.hankooki.com/news/articleView.html?idxno=1359152
2026-04-17,"""선생님은 인재의 나침반""... 김승연 한화 회장, 북일고 퇴직교사 초청...",0.0,0,0,https://www.smarttoday.co.kr/ko-kr/articles/106605
2026-04-17,"김승연 한화 회장, 북일학원 퇴직 교사 초청 만찬…""50년 초석에 감사""",0.0,0,0,https://www.ajunews.com/view/20260417083321710
2026-04-17,"김승연 한화 회장, 북일학원 퇴직 교사들과 만찬…“깊은 존경과 감사”",0.0,0,0,https://biz.heraldcorp.com/article/10719296?ref=naver
2026-04-17,"김승연 한화 회장, 북일학원 퇴직교원에 ""깊은 존경과 감사""",0.0,0,0,https://news.einfomax.co.kr/news/articleView.html?idxno=4410107
2026-04-17,"김승연 한화 회장, 북일학원 퇴직 교사 초청 ""개교 50주년 초석 감사""",0.0,0,0,https://www.newspim.com/news/view/20260417000108
2026-04-17,"김승연 회장, 퇴직 교사들에 감사...""북일의 횃불 밝혀주신 분들""",0.0,0,0,https://www.insight.co.kr/news/550494
2026-04-17,"김승연 한화 회장, 북일고 퇴직교사 초청 ""교육헌신 감사""",0.0,0,0,http://www.edaily.co.kr/news/newspath.asp?newsid=02610886645417104
2026-04-17,"김승연 한화 회장, 북일학원 퇴직 교사 37명과 만찬…""헌신에 감사""",0.0,0,0,https://news.tf.co.kr/read/economy/2314185.htm
2026-04-17,"김승연 회장, 북일학원 50주년 퇴직 교사 초청… '인재보국' 경영 철학 ...",0.0,0,0,https://www.pointdaily.co.kr/news/articleView.html?idxno=301621
2026-04-17,"김승연 한화 회장, '50주년' 북일학원 퇴직 교사들과 만찬 행사",0.0,0,0,https://www.sidae.com/article/2026041708283221124
2026-04-17,"김승연 회장, 북일학원 퇴직 교사 초청 만찬···""선생님들께 존경·감...",0.0,0,0,https://www.seoulfn.com/news/articleView.html?idxno=626774
2026-04-17,"김승연 회장, 북일학원 퇴직 교사들과 만찬…""헌신에 깊은 감사""",0.0,0,0,https://view.asiae.co.kr/article/2026041708332683665
2026-04-19,"""건설업 비젼 있나?"" 현대·대우·롯데건설, 2년 연속 취준생 관심 ↓",0.322,1,0,https://www.newspim.com/news/view/20260417000741
2026-04-18,"[현장] '코린이'도 즐기는 크립토 리테일 페스티벌, CIS 2026 가보니",0.0,0,0,https://www.insightkorea.co.kr/news/articleView.html?idxno=244900
2026-04-18,자화전자·에프알텍 주가 함박웃음… 통신장비주 투자심리 회복,-0.261,0,1,https://www.pinpointnews.co.kr/news/articleView.html?idxno=446615
2026-04-18,"""보수 심장 지켜달라"" 김장호 구미시장 후보, 열정시민캠프서 개소식…...",0.0,0,0,https://www.dailian.co.kr/news/view/1635060/?sc=Naver
2026-04-18,"위아공작기계, 심토스서 ‘피지컬 AI’ 자동화 시연",0.0,0,0,https://kidd.co.kr/news/245718
2026-04-18,"﻿김승연 한화 회장 ""선생님은 북일 인재의 나침반""…북일 50년 교육헌신...",0.0,0,0,https://www.thepublic.kr/news/articleView.html?idxno=301597
2026-04-21,"엑스, '캐시태그' 출시 이틀 만에 거래액 10억 달러 돌파",0.261,1,0,https://www.khgames.co.kr/news/articleView.html?idxno=303586
2026-04-21,"[금융 HOT 뉴스] 한화투자증권, 글로벌 금융 블록체인 '캔톤 네트워크' ...",0.0,0,0,http://www.bizwnews.com/news/articleView.html?idxno=134325
2026-04-20,"[주요공시] SK하이닉스, 진원생명과학, 케이엔에스, 메디톡스, 에스씨엠...",0.38,1,0,https://www.kdpress.co.kr/news/articleView.html?idxno=204452
2026-04-20,"[마감] 코스피, 기관 매수에 0.44% 올라 6210선 회복",0.645,2,0,https://mdtoday.co.kr/news/view/1065607191306805
2026-04-20,"'한화 3세' 김동선의 푸드테크, 실험인가 성장동력인가",0.322,1,0,https://www.womaneconomy.co.kr/news/articleView.html?idxno=252797
2026-04-20,"[오늘의 ABC 뉴스룸] ""강남 1주택자 세금 3억 더 낸다"" 이재명 대통령 '...",0.0,0,0,https://www.ajunews.com/view/20260420155216911
2026-04-20,정원오 '용광로·원팀' 선대위 본격 가동,0.0,0,0,https://www.gukjenews.com/news/articleView.html?idxno=3561634
2026-04-20,[거래소 외국인] LIG·두산에너빌리티 집중 매수…방산·원전으로 돈 이...,0.0,0,0,https://www.pinpointnews.co.kr/news/articleView.html?idxno=447040
2026-04-20,[코스닥 기관] SK하이닉스·삼성전자 폭풍 매수…기관 자금 다시 대형주...,0.0,0,0,https://www.pinpointnews.co.kr/news/articleView.html?idxno=447036
2026-04-20,"""실패한 吳도정 전철 밟지마...위성곤 후보는 제2공항 입장 분명히 하라...",0.0,0,0,https://www.newsjeju.net/news/articleView.html?idxno=419847
2026-04-20,"[6·3 지방선거] 정원오, '용광로 원팀' 선대위 출범…""오세훈 10년 심판...",0.0,0,0,https://www.polinews.co.kr/news/articleView.html?idxno=728982
2026-04-20,"""웅웅"" 드론 소리 감지...크랜베리, 영상 사각 메운 '청각 지능'",0.0,0,0,https://www.thelec.kr/news/articleView.html?idxno=55300
2026-04-20,"정원오, '용광로 선대위' 출범…'吳 10년 심판본부' 구성(종합)",0.0,0,0,https://www.yna.co.kr/view/AKR20260420079351001?input=1195m
2026-04-20,美 해군 MRO 수주 질주하는 K-조선···장기 수익원 위해 규제 완화 관...,0.625,2,0,https://www.seoulfn.com/news/articleView.html?idxno=626969
2026-04-20,정원오 ‘용광로·원팀’ 선대위 출범,0.0,0,0,https://www.seoul.co.kr/news/politics/local-election2026/2026/04/20/20260420500156?wlog_tag3=naver
2026-04-20,"한화비전, 실적 개선 기대감에 6%대 상승[특징주]",0.922,4,0,https://www.newsway.co.kr/news/view?ud=2026042014462135553
2026-04-20,"""한화비전, 주가 상승 탄력 재개될 듯…시큐리티 실적 좋고 세미텍 턴어...",0.261,1,0,https://www.newsquest.co.kr/news/articleView.html?idxno=264979
2026-04-20,한화오션·HD현대중공업 등 美군함 정비 잇달아 수주…국내 조선업계 참...,0.38,1,0,http://www.newsworker.co.kr/news/articleView.html?idxno=422626
2026-04-20,정원오 용광로 선대위 면면…오세훈 심판본부 눈길,0.0,0,0,https://news.cpbc.co.kr/article/1172285?division=NAVER
2026-04-20,"정원오, ‘용광로 원팀’ 선대위 출범...‘오세훈 10년 심판본부’ 구성",0.0,0,0,https://vop.co.kr/A00001692249.html
2026-04-20,"현역만 20명, 정원오 대형 선대위 구성... '오세훈 심판본부' 따로 설치",0.0,0,0,https://www.ohmynews.com/NWS_Web/View/at_pg.aspx?CNTN_CD=A0003226435&CMPT_CD=P0010&utm_source=naver&utm_medium=newsearch&utm_campaign=naver_news
2026-04-20,"정원오, '오세훈 10년 심판본부' 설치…서울시장 선대위 출범",0.0,0,0,https://www.hg-times.com/news/articleView.html?idxno=301348
2026-04-20,"[ET특징주]한화비전, 1분기 호실적 전망에 상승세",0.732,2,0,https://www.etnews.com/20260420000284
2026-04-20,[정부家] 이재명 대한민국 대통령 ⑩ ㅣ 권익·권력·외교까지…'자유·...,0.0,0,0,https://www.cbci.co.kr/news/articleView.html?idxno=568952
2026-04-20,"정원오, '용광로 선대위'구성…상임선대위원장에 이인영·서영교",0.0,0,0,https://www.jeonmae.co.kr/news/articleView.html?idxno=1249769
2026-04-20,"정원오, 이인영·서영교 상임위원장 등 선대위 구성 완료…""吳 10년 심판...",0.0,0,0,https://www.newsis.com/view/NISX20260420_0003598167
2026-04-20,민영화 얘기 나오는 HMM과 KAI | “기간산업이 무조건 공공 소유여야 할...,0.0,0,0,http://monthly.chosun.com/client/news/viw.asp?ctcd=B&nNewsNumb=202605100028
2026-04-20,"[특징주] 한화비전, 1분기 실적 서프라이즈 기대감에 '강세'",0.322,1,0,https://www.cstimes.com/news/articleView.html?idxno=702572
2026-04-20,정원오 ‘용광로 원팀’ 선대위 구축…현역 의원들 대거 합류,0.0,0,0,https://www.seoul.co.kr/news/politics/2026/04/20/20260420500095?wlog_tag3=naver
2026-04-20,"정원오, 박주민·전현희 등 합류한 '용광로 선대위' 구성",0.0,0,0,https://www.newspim.com/news/view/20260420000605
2026-04-20,"정원오, '현역 대거 합류' 선대위 출범…'오세훈 심판본부'도 설치",0.0,0,0,https://www.news1.kr/politics/assembly/6142218
2026-04-20,"정원오, '용광로 선대위' 구성…상임선대위원장에 이인영·서영교",0.0,0,0,https://www.dailian.co.kr/news/view/1635500/?sc=Naver
2026-04-20,"[특징주] 한화비전, 1분기 실적 '어닝 서프라이즈' 예고",0.0,0,0,http://www.newstnt.com/news/articleView.html?idxno=607387
2026-04-20,"[투데이's 특징주] 한화비전, 증권가 호실적 전망에 8%대 '강세'",0.959,4,0,https://www.todaykorea.co.kr/news/articleView.html?idxno=400899
2026-04-20,"한화비전 주가 장중 7%대 강세, 1분기 영업이익 시장 예상치 웃돈 것으...",0.762,2,0,https://www.businesspost.co.kr/BP?command=article_view&num=436034
2026-04-20,"""2차전지의 시간"" 삼성SDI, 목표주가 58만원도 코앞…한화비전, 1분기 '어...",0.38,1,0,http://www.fnnews.com/news/202604201003455182
2026-04-20,"[특징주]한화비전, 1분기 '깜짝 실적' 전망에 강세",0.322,1,0,https://www.namdonews.com/news/articleView.html?idxno=907931
2026-04-20,"한화비전, 1~2분기 호실적 기대감에 주가 강세",0.853,3,0,https://www.gukjenews.com/news/articleView.html?idxno=3561110
2026-04-20,"한화비전, 3거래일만에 7% 급등…8만5000원선 회복",0.604,2,0,http://www.econonews.co.kr/news/articleView.html?idxno=436234
2026-04-20,"[특징주] 한화비전, 1분기 '어닝 서프라이즈' 기대…8%대 강세",0.322,1,0,https://www.ajunews.com/view/20260420100743381
2026-04-20,"한화비전 주가, 4월 20일 장중 84,100원 6.05% 상승",0.261,1,0,https://www.joongangenews.com/news/articleView.html?idxno=512966
2026-04-20,"[특징주] 한화비전, 호실적 전망에 5%대↑",0.762,2,0,https://www.ekn.kr/web/view.php?key=20260420028528356
2026-04-20,"키움증권 ""한화비전 1분기 호실적 추정, CCTV 호조에 자회사 한화세미텍...",0.583,1,0,https://www.businesspost.co.kr/BP?command=article_view&num=436025
2026-04-20,"[특징주] 한화비전, ""1분기 실적 어닝 서프라이즈"" 전망...주가 6%대 '급...",0.322,1,0,https://www.g-enews.com/view.php?ud=20260420094907141844093b5d4e_1
2026-04-20,"한화비전 주가, 4월 20일 장중 83,900원 5.80% 상승",0.261,1,0,https://www.topstarnews.net/news/articleView.html?idxno=16039245
2026-04-20,"[특징주] 한화비전, 1분기 ‘어닝 서프라이즈’ 기대에 6% 급등",0.408,1,0,https://biz.chosun.com/stock/stock_general/2026/04/20/IPP2OQFIO5G5HNDSCYBXWCAGDU/?utm_source=naver&utm_medium=original&utm_campaign=biz
2026-04-20,"1분기 어닝 서프라이즈 전망에…한화비전, 8%대 급등",0.645,2,0,https://www.mt.co.kr/stock/2026/04/20/2026042009184165996
2026-04-20,"한화비전, 1분기 ‘깜짝 실적’ 전망에 10%대 강세[특징주]",0.322,1,0,http://www.edaily.co.kr/news/newspath.asp?newsid=02450166645418088
2026-04-20,"지상에서 우주까지 뻗어나가는 K-방산, '칠레 국제항공우주전시회(FIDAE...",0.0,0,0,http://dream.kotra.or.kr/kotranews/cms/news/actionKotraBoardDetail.do?SITE_NO=3&MENU_ID=110&CONTENTS_NO=1&bbsGbn=245&bbsSn=245&pNttSn=240733
2026-04-20,"키움證 “한화비전, 1분기 실적 서프라이즈 전망…2분기 TC본더 발주 시...",0.0,0,0,https://biz.chosun.com/stock/stock_general/2026/04/20/IH4SUQRJQVA7HIS6TBPCQXCPOU/?utm_source=naver&utm_medium=original&utm_campaign=biz
2026-04-20,"[애널픽] 한화비전, 유럽 CCTV+한화세미텍 흑전 효과",0.0,0,0,https://theviewers.co.kr/View.aspx?No=4047643
2026-04-20,"양자컴퓨팅 ETF, 수익률 최상위권... 엔비디아 양자컴 상용화 비전 발표...",0.0,0,0,https://www.meconomynews.com/news/articleView.html?idxno=130303
2026-04-20,"""한화비전, 1분기 실적 기대치 웃돌 듯""-키움",0.0,0,0,https://www.hankyung.com/article/2026042016836
2026-04-20,"""젊게 그리고 혁신적으로""...한화투자증권 '디지털 자산 증권사' 전환 가...",0.0,0,0,https://www.youthdaily.co.kr/news/article.html?no=217500
2026-04-20,"키움증권 ""한화비전, 1분기 어닝 서프라이즈 전망…목표가 12만원""",0.0,0,0,https://www.etoday.co.kr/news/view/2577056
2026-04-20,"한화비전, 시큐리티 부문 호조로 1분기 깜짝 실적 기대-키움",0.0,0,0,http://www.edaily.co.kr/news/newspath.asp?newsid=01941766645418088
2026-04-20,[Who Is ?] 최윤범 고려아연 회장,0.0,0,0,https://www.businesspost.co.kr/BP?command=article_view&num=435913
2026-04-20,‘2년 10배 상승’ 두산그룹 저력 대단하네… ‘삼성·SK·한화’급 관심,0.261,1,0,https://economist.co.kr/article/view/ecn202604140055
2026-04-20,교수가 AI를 만들다-즈푸AI(智谱AI)와 중국판 오픈AI의 꿈 [전병서의 中...,0.0,0,0,http://www.fntimes.com/html/view.php?ud=202604171808375416c1c16452b0_18
2026-04-20,"[출근길 포인트] 이 대통령, 인도 모디 총리와 오늘 회담… AI·방산 전략...",0.0,0,0,https://www.pointdaily.co.kr/news/articleView.html?idxno=301820
2026-04-20,"삼성重 최성안, ‘3X’로 쓰는 마스가 반전 드라마",0.0,0,0,http://www.fntimes.com/html/view.php?ud=202604192235039743dd55077bc2_18
2026-04-19,"아워홈 , '육아동행지원금' 수혜 100가정 돌파…""일·가정 양립""",0.261,1,0,http://www.econonews.co.kr/news/articleView.html?idxno=436138
2026-04-19,"K조선, 美 설계 참여에도 '반쪽 성과'…전투함은 여전히 장벽",0.0,0,0,http://www.edaily.co.kr/news/newspath.asp?newsid=01695766645417760
2026-04-19,"일본에서 선포한 ‘매운맛의 주류화’…농심 재팬, 매출 200억엔 시대 열...",0.322,1,0,http://www.edaily.co.kr/news/newspath.asp?newsid=01603926645417760
2026-04-19,"[위클리 에너지 리포트] OCI파워, 스트링·마이크로 인버터까지 사업 영...",0.38,1,0,https://www.goodkyung.com/news/articleView.html?idxno=285993
2026-04-19,"[ZD브리핑] ""하루 1조씩 손해""…'성과급 5.4억' 제안 받은 삼성전자 노조...",0.0,0,0,https://zdnet.co.kr/view/?no=20260419093440
2026-04-19,[허프 생각] 다섯 개의 자리와 다섯 번의 보수 그리고 하나의 책임 : 한...,0.0,0,0,https://www.huffingtonpost.kr/article/256697
2026-04-21,[기업이슈] 강세 이어가는 양자컴주…상용화 기대감에 정책 지원↑,0.775,3,0,https://biz.sbs.co.kr/article_hub/20000305559?division=NAVER
2026-04-21,"현대로템, 14조 규모 '다낭 메트로' 급물살…THACO '착공 공식화'",0.0,0,0,https://www.kpinews.kr/newsView/1065567665453801
2026-04-21,[Who Is ?] 허성 코오롱인더스트리 대표이사 사장,0.0,0,0,https://www.businesspost.co.kr/BP?command=article_view&num=435903
2026-04-21,[서울시장 선거] 정원오 민주당 후보 '용광로 선대위' 선공,0.0,0,0,https://www.labortoday.co.kr/news/articleView.html?idxno=233907
2026-04-22,"김동선의 新미식 플랫폼 ‘더 플라자 다이닝’⋯눈으론 광화문, 입으론...",0.0,0,0,https://www.etoday.co.kr/news/view/2577769
2026-04-22,"글로벌 에너지 신기술, 대구서 만난다",0.0,0,0,https://www.donga.com/news/Society/article/all/20260422/133784895/2
2026-04-21,[르포 대한민국] 6년새 3배 늘어난 우주 로켓 발사… 존재감 없는 한국...,0.0,0,0,https://www.chosun.com/opinion/specialist_column/2026/04/21/D2XRZBUA6ZERLOVWU2XZS3SDJE/?utm_source=naver&utm_medium=referral&utm_campaign=naver-news
2026-04-21,"침례교, 통합돌봄·AI목회 혁신 나서…""믿음과 결단의 전환점 필요""",0.0,0,0,https://www.nocutnews.co.kr/news/6505926?utm_source=naver&utm_medium=article&utm_campaign=20260421100332
2026-04-21,글로벌 에너지기업 대구 집합…‘그린에너지엑스포’ 개막,0.0,0,0,https://www.ksmnews.co.kr/news/view.php?idx=601569
2026-04-21,"대구시, 국제그린에너지엑스포로 '에너지 중심도시' 도약 시동",0.0,0,0,https://www.kyongbuk.co.kr/news/articleView.html?idxno=4070743
2026-04-21,글로벌 에너지 산업 최신 기술 한자리에,0.0,0,0,https://www.hidomin.com/news/articleView.html?idxno=702353
2026-04-21,"애플, 15년 만에 CEO 바뀐다",0.0,0,0,https://byline.network/?p=9004111222600048
2026-04-21,[브리프] SK에코플랜트 한화 대방건설 LH,0.0,0,0,http://www.biztribune.co.kr/news/articleView.html?idxno=352792
2026-04-21,국내 최대 에너지 산업전시회 ‘제23회 국제그린에너지엑스포’ 22~24일...,0.0,0,0,https://www.pressian.com/pages/articles/2026042118001960962?utm_source=naver&utm_medium=search
2026-04-21,(주)한화 인적분할 일정 연기…5월 말 이사회서 재확정,0.0,0,0,https://www.m-i.kr/news/articleView.html?idxno=1366472
2026-04-21,"버거 접고 로봇 조리 식당 닫고... 한화 김동선, 이번엔 ‘파인 다이닝...",0.0,0,0,https://www.chosun.com/economy/2026/04/21/IL6RE72JAFHBJGZ552NRFXEM6E/?utm_source=naver&utm_medium=referral&utm_campaign=naver-news
2026-04-21,청와대 품은 한화표 파인다이닝 플랫폼 첫선…김동선 '홀로서기' 시험대,0.0,0,0,https://www.newspim.com/news/view/20260421001278
2026-04-21,“기술에서 경험 설계로 이동”…기업들 사업 경계 허문 경쟁 출발선,0.0,0,0,https://www.seoultimes.news/news/article.html?no=2000095236
2026-04-21,공격적 확장 나선 김동선···아워홈 실적은 되레 '뒷걸음',0.0,0,0,https://www.sisajournal-e.com/news/articleView.html?idxno=420632
2026-04-21,"[투자 노하우] 뉴욕 증시, 이란 호르무즈 재봉쇄 영향받아 하락",0.436,2,1,https://biz.sbs.co.kr/article_hub/20000305738?division=NAVER
2026-04-21,"""광화문 한복판서 파인 다이닝""⋯한화, 하이엔드 플랫폼 출격[현장]",0.0,0,0,http://www.inews24.com/view/1962204
2026-04-21,"한화푸드테크, '더 플라자 다이닝' 오픈 목전…하이엔드 플랫폼 승부수",0.0,0,0,http://www.iminju.net/news/articleView.html?idxno=162885
2026-04-21,광화문 '파인다이닝' 깃발 꽂은 한화…헤리티지·수익성 모두 잡을까,0.0,0,0,https://www.bloter.net/news/articleView.html?idxno=660117
2026-04-21,"김동선표 한화푸드테크, 이번엔 '하이엔드' 미식으로 승부수",0.0,0,0,https://www.dnews.co.kr/uhtml/view.jsp?idxno=202604211511515100074
2026-04-21,"[한-인도 경제협력] HD현대, 6조 신규 조선소 설립 본격화",0.0,0,0,https://www.dnews.co.kr/uhtml/view.jsp?idxno=202604211047308040002
2026-04-21,[포토] 재벌집 막내아들이 선보인 광화문 '뷰 맛집' 더 플라자 다이닝,0.0,0,0,https://www.shinailbo.co.kr/news/articleView.html?idxno=5013580
2026-04-21,호텔 담장 넘은 '더 플라자 다이닝'…파인다이닝 '플랫폼' 열다,0.0,0,0,https://news.bizwatch.co.kr/article/consumer/2026/04/21/0034
2026-04-21,"[현장]""경복궁·북악산이 펼쳐진다""…한화 김동선, '더 플라자 다이닝'...",0.0,0,0,https://www.newsis.com/view/NISX20260421_0003600233
2026-04-21,한화 인적분할 일정 밀렸다…주총 연기에 7월 분할 불투명,0.0,0,0,https://www.ddaily.co.kr/page/view/2026042116024411942
2026-04-21,[굿모닝! 21일 건설업계 소식] GS건설·한화·LH·SK에코플랜트,0.0,0,0,https://www.goodkyung.com/news/articleView.html?idxno=286125
2026-04-21,"SK에코플랜트, AI 해양정화·환경교육 확대",0.0,0,0,http://www.fntimes.com/html/view.php?ud=20260421153751920b372994c95_18
2026-04-21,"반도체 장비주 랠리, 아직 초입인가 끝물인가...이노테크 프로텍 포인트...",0.261,1,0,https://www.pinpointnews.co.kr/news/articleView.html?idxno=447329
2026-04-21,[현장] 베일 벗은 한화 김동선표 프리미엄 다이닝,0.0,0,0,https://www.shinailbo.co.kr/news/articleView.html?idxno=5013514
2026-04-21,"베일벗은 김동선의 한화푸드테크, 파인다이닝·캐주얼 '투트랙'",0.0,0,0,https://dealsite.co.kr/articles/160533
2026-04-21,권순기 ‘거제 교육 혁신’ vs 송영기 ‘포용 교육’ 비전 제시,0.0,0,0,https://www.kukinews.com/article/view/kuk202604210160
2026-04-21,"한화 김동선, ‘하이엔드 F&B’ 승부수…“프리미엄 서비스의 핵심은 사...",0.0,0,0,http://www.edaily.co.kr/news/newspath.asp?newsid=04444406645418416
2026-04-21,"김동선, '한화푸드테크' 승부수…광화문 하이엔드 플랫폼 출격",0.0,0,0,https://www.ziksir.com/news/articleView.html?idxno=131480
2026-04-21,"[르포]""경복궁 풍경 맛집""…광화문 접수한 김동선의 하이엔드 다이닝",0.0,0,0,https://view.asiae.co.kr/article/2026042115042246416
2026-04-21,"한화솔루션 “유증 축소분, 자산 매각·추가 조달로 보완”",0.322,1,0,https://biz.heraldcorp.com/article/10722283?ref=naver
2026-04-21,"한화푸드테크, 광화문에 최고급 레스토랑 플랫폼 구축…아사달·도원·...",0.0,0,0,http://www.globalepic.co.kr/view.php?ud=20260421144026229948439a4874_29
2026-04-21,세계 에너지 기술 대구에 모인다... '국제그린에너지엑스포' 내일 개막,0.0,0,0,https://news.bbsi.co.kr/news/articleView.html?idxno=4079615
2026-04-21,"“궁궐 보이는 하이엔드 식음료 플랫폼”… 한화푸드테크, ‘더 플라자...",0.0,0,0,https://biz.chosun.com/distribution/food/2026/04/21/G43D2XZK3READHLUZCSU7XBDIM/?utm_source=naver&utm_medium=original&utm_campaign=biz
2026-04-21,"[만났조] 조용기 한화푸드테크 대표 ""더 다이닝 플라자, 서울 대표 미식...",0.0,0,0,https://biz.newdaily.co.kr/site/data/html/2026/04/21/2026042100200.html
2026-04-21,"한화, 6월 주주총회서 인적분할 의결...형제들 3각 편대 본격화",0.0,0,0,https://hbnpress.com/news/view/1065590328598751
2026-04-21,[기업家] 한화그룹 ㅣ 건설·방산·에너지까지…글로벌 협력으로 미래사...,0.0,0,0,https://www.cbci.co.kr/news/articleView.html?idxno=569191
2026-04-21,"이승윤 '스토리' 대표, 美 트럼프 밈코인 행사 참석...영향력 높인다",0.0,0,0,https://www.techm.kr/news/articleView.html?idxno=151206
2026-04-21,[건설업계 브리핑]GS건설·SK에코플랜트·한화건설부문·LH,0.0,0,0,https://daily.hankooki.com/news/articleView.html?idxno=1360131
2026-04-21,"SK에코플랜트, AI로 해양정화…로봇이 수면 쓰레기 수거 [건설·분양오늘...",0.0,0,0,https://www.sisaon.co.kr/news/articleView.html?idxno=200437
2026-04-21,대구시 '국제그린에너지엑스포' 22일 개막,0.0,0,0,https://www.newspim.com/news/view/20260421000460
2026-04-21,"대구시,'국제그린에너지엑스포' 22일 개막",0.0,0,0,https://www.sentv.co.kr/article/view/sentv202604210060
2026-04-21,"[건설브리핑] 건설업계, 에너지·부동산·콘텐츠 분야 '전방위 MOU'",0.0,0,0,https://www.seoulfn.com/news/articleView.html?idxno=627028
2026-04-21,'지구의 날' 대구서 그린에너지 대항해 시작...'제23회 국제그린에너지...,0.0,0,0,https://www.eroun.net/news/articleView.html?idxno=78703
2026-04-21,국내 최대 에너지 산업전 ‘국제그린에너지엑스포’ 대구서 22일 개막,0.0,0,0,https://sports.donga.com/region/article/all/20260421/133779659/1
2026-04-21,"팀 쿡, 애플 CEO 물러나며 13년 리더십의 막을 내리다",0.0,0,0,https://www.m-economynews.com/news/article.html?no=66640
2026-04-21,글로벌 와이어·튜브 전시회 'wire & Tube 2026' 성료,0.0,0,0,http://www.ferrotimes.com/news/articleView.html?idxno=47537
2026-04-23,베트남 정상과 전략 협력 강화 뜻 모은 李… 국빈만찬서 “오늘 나눈 약...,0.0,0,0,https://www.segye.com/newsView/20260423500321?OutUrl=naver
2026-04-23,"이란전쟁·피지컬AI…불확실성 시대의 해법을 찾는 시간, '2026 키플랫폼...",0.0,0,0,https://www.mt.co.kr/industry/2026/04/23/2026041418055056782
2026-04-23,[한화솔루션 유증]③ 김승연·동관 父子 1000억대 보수·배당잔치[더시...,0.0,0,0,http://www.hansbiz.co.kr/news/articleView.html?idxno=833697
2026-04-23,"홀로서기 나선 한화 김동선, 백화점·F&B '시험대'…성과로 증명할까",0.0,0,0,https://www.newsis.com/view/NISX20260422_0003602278
2026-04-23,"한화 3남 김동선, ㈜한화 퇴사...테크·라이프 '올인'",0.0,0,0,http://www.hansbiz.co.kr/news/articleView.html?idxno=834755
2026-04-23,"[Biz & Now] 한화 3남 김동선, 건설부문 퇴사…“테크·라이프 집중”",0.0,0,0,https://www.joongang.co.kr/article/25422493
2026-04-22,"이 대통령 ""베트남과 중동 상황 속 에너지·공급망 긴밀 협력""",0.0,0,0,https://news.jtbc.co.kr/article/NB12295412?influxDiv=NAVER
2026-04-22,"이 대통령 “한·베트남, 2030년 교역 1500억 달러로…원전 등 협력”",0.0,0,0,https://www.ichannela.com/news/main/news_detailPage.do?publishId=000000525513
2026-04-22,"손 맞잡은 韓·베트남 “에너지·인프라 협력” [李, 베트남 국빈방문]",0.0,0,0,https://www.segye.com/newsView/20260422518993?OutUrl=naver
2026-04-22,"'김승연 회장 3남' 김동선 부사장, ㈜한화 퇴사 후 테크·라이프 사업 집...",0.0,0,0,https://www.greened.kr/news/articleView.html?idxno=339681
2026-04-22,"김동선, 건설 본부장 사임…'한화머시너리앤서비스'로 유통·테크 공룡...",0.0,0,0,https://www.thepublic.kr/news/articleView.html?idxno=302198
2026-04-22,"한화 3남 김동선, ㈜한화 퇴사…""신설 지주사에 집중""",0.0,0,0,https://www.sisajournal.com/news/articleView.html?idxno=370543
2026-04-22,"충남대, 국방 혁신 핵심 거점대학 비전 선포",0.0,0,0,http://www.newstnt.com/news/articleView.html?idxno=607853
2026-04-22,[주식마감] 코스피 사상 최고치 경신 속 테마주 광풍... DS단석·KEC·핑거...,0.0,0,0,https://www.ggilbo.com/news/articleView.html?idxno=1154388
2026-04-22,"충남대, '국방·방산 협력포럼 및 VISION 선포식' 개최",0.0,0,0,https://www.kyosu.net/news/articleView.html?idxno=204543
2026-04-22,에너지 안보 위기 속 '국제그린에너지엑스포' 개막,0.0,0,0,https://news.skbroadband.com/news/articleView.html?idxno=225151
2026-04-22,한화 '산업 vs 테크·라이프' 이원화…삼남 김동선 전면 배치,0.0,0,0,http://www.ftoday.co.kr/news/articleView.html?idxno=358000
2026-04-22,"김동선 부사장의 새로운 출발, 한화머시너리앤서비스홀딩스 설립 준비 ...",0.0,0,0,https://www.gokorea.kr/news/articleView.html?idxno=864371
2026-04-22,"김동선 한화 부사장, ㈜한화 건설부문 사임…신설 지주 '테크·라이프' ...",0.0,0,0,https://www.industrynews.co.kr/news/articleView.html?idxno=80327
2026-04-22,"김동선, ㈜한화 떠났다…테크와 라이프 독자 경영 본격화",0.0,0,0,https://www.newsway.co.kr/news/view?ud=2026042217404402541
2026-04-22,"한화 3남 김동선, (주)한화 떠났다…테크·라이프 새 지주사 집중",0.0,0,0,https://www.mt.co.kr/industry/2026/04/22/2026042218041027182
2026-04-22,"한화 3남 김동선, ㈜한화 퇴사…'테크·라이프' 집중",0.0,0,0,http://www.smarttimes.co.kr/news/articleView.html?idxno=44976
2026-04-22,"김승연 회장 삼남 김동선, 한화 떠나 테크·라이프 사업에 집중",0.0,0,0,https://www.livebiz.today/news/articleView.html?idxno=201734
2026-04-22,"한화 3남 김동선, ㈜한화 퇴사…신설 지주 설립 집중",0.0,0,0,https://www.kukinews.com/article/view/kuk202604220183
2026-04-22,"김동선, 한화 퇴사…건설 접고 테크·라이프 집중",0.0,0,0,http://www.4th.kr/news/articleView.html?idxno=2110827
2026-04-22,테크·유통 새 지주사 속도 … 3남 김동선 (주)한화 퇴사,0.0,0,0,https://www.mk.co.kr/article/12024356
2026-04-22,"한화家 삼남 김동선, ㈜한화 떠났다…승계구도 더 선명해져",0.0,0,0,https://www.mydaily.co.kr/page/view/2026042217513237228
2026-04-22,김승연 3남 김동선 한화 건설부문 역할 내려놨다 : 테크와 라이프 신설...,0.0,0,0,https://www.huffingtonpost.kr/article/256797
2026-04-22,GPU 넘어 NPU 시대…국산 AI 반도체 '실전 배치' 본격화,0.0,0,0,https://it.donga.com/108776/
2026-04-22,"한화 3남 김동선, ㈜한화 퇴사…신설 지주사 '집중'",0.0,0,0,https://dealsite.co.kr/articles/160641
2026-04-22,"한화 3남 김동선, ㈜한화 떠나 '테크·라이프' 신사업 집중",0.0,0,0,https://www.delighti.co.kr/news/articleView.html?idxno=115508
2026-04-22,"한화 김동선, ㈜한화 떠나 테크·라이프 사업 역량 집중",0.0,0,0,https://www.mediawatch.kr/news/article.html?no=259383
2026-04-22,"'한화 3남' 김동선, 지난달 ㈜한화 퇴사…테크·라이프 사업 집중",0.0,0,0,https://www.youthdaily.co.kr/news/article.html?no=217907
2026-04-22,"‘한화 3남’ 김동선, ㈜한화 퇴사…테크·라이프 사업 집중",0.0,0,0,https://economist.co.kr/article/view/ecn202604220075
2026-04-22,"한화 김동선, '파인다이닝' 도전장…F&B 반등 이끌까",0.322,1,0,http://www.srtimes.kr/news/articleView.html?idxno=201874
2026-04-22,"'한화 3남' 김동선 한화 퇴사, 신설지주 관련 테크·라이프 사업에 집중...",0.0,0,0,https://www.businesspost.co.kr/BP?command=article_view&num=436293
2026-04-22,"한화 3남 김동선, ㈜한화 퇴사…“테크·라이프 사업 집중”",0.0,0,0,https://www.sedaily.com/article/20035793?ref=naver
2026-04-22,"김동선 한화 부사장, (주)한화 퇴사…신설회사 출범에 집중",0.0,0,0,https://www.m-i.kr/news/articleView.html?idxno=1366863
2026-04-22,독립경영 나선 ‘한화 3남’ 김동선⋯테크·라이프 사업 청사진 집중(종...,0.0,0,0,https://www.etoday.co.kr/news/view/2578154
2026-04-22,"'김승연 3남' 김동선, 한화 건설과 결별...테크·라이프 독립 경영 시동",0.0,0,0,https://www.ebn.co.kr/news/articleView.html?idxno=1706269
2026-04-22,"한화 3남 김동선, ㈜한화 퇴사…인적분할 앞두고 신설 지주사 전념",0.0,0,0,https://view.asiae.co.kr/article/2026042216464543830
2026-04-22,"김동선 한화 부사장, '건설' 내려놓고 '테크·라이프' 지휘봉…7월 인적...",0.0,0,0,https://www.financialpost.co.kr/news/articleView.html?idxno=256402
2026-04-22,"[비즈+]한화, '3남 독립경영' 본궤도…김동선 부사장, 건설 떠나 유통·...",0.0,0,0,https://www.businessplus.kr/news/articleView.html?idxno=110960
2026-04-22,"한화그룹 삼남 김동선 부사장, ㈜한화 퇴사···지배 구조 개편 마무리...",0.0,0,0,https://www.khan.co.kr/article/202604221637001
2026-04-22,"김동선 부사장, ㈜한화 퇴사…인적분할 앞두고 '테크·라이프' 집중",0.0,0,0,http://www.inews24.com/view/1962551
2026-04-22,"한화 3남 김동선, ㈜한화 퇴사…신설 테크·라이프 지주에 전념",0.0,0,0,https://www.dailian.co.kr/news/view/1636620/?sc=Naver
2026-04-22,"한화 3남 김동선, ㈜한화 퇴사… 테크·라이프 사업에 역량 집중",0.0,0,0,https://www.dt.co.kr/article/12058935?ref=naver
2026-04-22,"한화 3남 김동선, 인적 분할 앞두고 테크·라이프 사업 집중",0.0,0,0,http://www.globalepic.co.kr/view.php?ud=20260422162518629548439a4874_29
2026-04-22,"한화 3남 김동선 부사장, (주)한화 퇴사…'테크·라이프' 독자 노선 강화",0.0,0,0,https://www.ddaily.co.kr/page/view/2026042216155254465
2026-04-22,"한화家 삼남 김동선, ㈜한화 퇴사…장남 김동관 부회장, 방산·조선·에...",0.0,0,0,https://www.widedaily.com/news/articleView.html?idxno=292772
2026-04-22,"김동선 부사장, ㈜한화 퇴사…테크·라이프 지주사에 집중",0.0,0,0,https://www.smarttoday.co.kr/ko-kr/articles/106823
2026-04-22,"한화 3남 김동선 부사장, ㈜한화 퇴사…계열분리 작업에 집중",0.0,0,0,http://www.fieldnews.kr/news/articleView.html?idxno=28105
2026-04-22,"한화 3남 김동선, (주)한화 퇴사…""테크·라이프 법인 준비 주력""",0.0,0,0,http://www.yonhapnewstv.co.kr/AKR20260422162031SLQ
2026-04-22,"한화솔루션 촘촘해진 실적 반등 시나리오, '김동관 유상증자 논란' 차단...",0.322,1,0,https://www.businesspost.co.kr/BP?command=article_view&num=436272
2026-04-22,"한화 3남 김동선, ㈜한화 퇴사… 독립 경영 속도",0.0,0,0,http://www.edaily.co.kr/news/newspath.asp?newsid=04647766645418744
2026-04-22,"한화 3남 김동선, (주)한화 퇴사…테크·라이프 지주사 집중",0.0,0,0,https://news.tvchosun.com/site/data/html_dir/2026/04/22/2026042290236.html
2026-04-22,"한화비전 주가, 4월 22일 82,200원 3.97% 내려 거래 마쳐",-0.261,0,1,https://www.topstarnews.net/news/articleView.html?idxno=16041923
2026-04-22,투자도 IPO도 ‘독파모 프리미엄’…AI 기업 몸값 급등,0.408,1,0,http://www.metroseoul.co.kr/article/20260422500407
2026-04-22,"한화 3남 김동선, ㈜한화 퇴사…테크·라이프 사업 집중",0.0,0,0,https://www.yna.co.kr/view/AKR20260422126400003?input=1195m
2026-04-22,"[기업 소식] 삼성전자, 新인덕션 출시…하만 인수 10주년",0.0,0,0,https://news.einfomax.co.kr/news/articleView.html?idxno=4411027
2026-04-22,"한화오션, 칠레 국영 조선소와 함정 건조 추진…필수 3단계 합의안 제시",0.0,0,0,https://www.theguru.co.kr/news/article.html?no=100864
2026-04-22,"㈜한화 떠나는 김동선 부사장, 신설 테크 지주 앞세워 독자 영역 굳힌다",0.0,0,0,http://www.press9.kr/news/articleView.html?idxno=75439
2026-04-22,"'김승연 3남' 김동선, ㈜한화 건설 떠났다…'테크·라이프' 독자 경영 신...",0.0,0,0,https://magazine.hankyung.com/business/article/202604229244b
2026-04-22,"한화 3남 김동선, ㈜한화 퇴사…테크·라이프 '독자 노선' 속도",0.0,0,0,http://www.newsfc.co.kr/news/articleView.html?idxno=78245
2026-04-22,"'한화 3남' 김동선, ㈜한화 떠났다…독자 행보 본격화",0.0,0,0,https://www.newspim.com/news/view/20260422000990
2026-04-22,"'사업 영토 확장' 김동선, ㈜한화 내려놓고 '신설 지주사' 키 잡는다",0.0,0,0,https://www.ziksir.com/news/articleView.html?idxno=131668
2026-04-22,"한화 3남 김동선, 한화건설 퇴사…“테크·라이프 지주사 설립 집중”",0.0,0,0,https://www.joongang.co.kr/article/25422356
2026-04-22,한화家 삼남 김동선 부사장 ㈜한화 퇴사...'테크·라이프' 독자 경영 시...,0.0,0,0,http://www.opinionnews.co.kr/news/articleView.html?idxno=137199
2026-04-22,"‘한화 3남’ 김동선, ㈜한화 퇴사…“테크·라이프 신설 지주 집중”",0.0,0,0,https://www.mk.co.kr/article/12024036
2026-04-22,"한화그룹 3남 김동선, ㈜한화 퇴사…신설 테크·라이프 지주 집중",0.322,1,0,https://www.fetv.co.kr/news/articleView.html?idxno=300933
2026-04-22,"한화 삼남 김동선, ㈜한화 떠났다",0.0,0,0,http://www.fnnews.com/news/202604221459401117
2026-04-22,"한화 3남 김동선, ㈜한화 퇴사…테크·라이프 사업에 집중",0.0,0,0,https://www.sedaily.com/article/20035716?ref=naver
2026-04-22,이름까지 바꾼 '초강수' 통했다…주가 급등에 개미들 '환호' [종목+],0.604,2,0,https://www.hankyung.com/article/202604228945i
2026-04-22,"한화그룹 3남, ㈜한화 나왔다…""테크·라이프 신설 지주 집중""",0.0,0,0,https://news.einfomax.co.kr/news/articleView.html?idxno=4411009
2026-04-22,"3男 김동선 부사장, ㈜한화 퇴사…신설지주에 전념",0.0,0,0,https://www.etoday.co.kr/news/view/2578048
2026-04-22,"[단독] 한화 3남 김동선, ㈜한화 퇴사… 테크·라이프 ‘독자 노선’ 속...",0.0,0,0,https://biz.chosun.com/industry/company/2026/04/22/SM6XE3EJL5C37LPELYPSSQZRNE/?utm_source=naver&utm_medium=original&utm_campaign=biz
2026-04-22,"ICT와 바이오 기술의 만남… 슈프리마에이치큐, 적용 분야 넓히며 입지...",0.0,1,1,https://www.pinpointnews.co.kr/news/articleView.html?idxno=447587
2026-04-22,조용하던 LG의 반격…'가전명가' 벗고 로봇 밸류체인 완성,0.38,1,0,https://magazine.hankyung.com/business/article/202604165236b
2026-04-22,[증시 오늘(22일) 주요 특징주] 반도체·금융주 '쌍끌이' 강세...실적 기...,0.625,2,0,https://www.thefairnews.co.kr/news/articleView.html?idxno=75074
2026-04-22,"미래에너지 선도 글로벌기업, 대구로 모인다 '국제그린에너지엑스포' 4...",0.0,0,0,https://www.job-post.co.kr/news/articleView.html?idxno=214115
2026-04-22,AWS “파트너사 수익 ‘7배’ 껑충…앤트로픽 협력 기반 한국 지원 강화...,0.0,0,0,https://biz.heraldcorp.com/article/10722857?ref=naver
2026-04-22,"[체크!IPO] 레몬헬스케어, 시장 선점에도 만성 적자·공모가 논란",0.322,1,0,https://www.sidae.com/article/2026042114591126582
2026-04-22,"김부겸 ""대구 살리는데 보수·진보, 여·야 구분 없어…영혼까지 갈아 ...",0.0,0,0,https://www.imaeil.com/page/view/2026042200292874252
2026-04-22,[Focus] 경복궁·청와대 한눈에…광화문에 뜬 한화 '미식 랜드마크',0.0,0,0,https://www.cstimes.com/news/articleView.html?idxno=702803
2026-04-22,"고려아연, 사상 최대 실적 전망…트로이카·美 제련 투자 '성장 축' 강화",0.762,2,0,http://www.economytalk.kr/news/articleView.html?idxno=420722
2026-04-24,서울 AI개발자 퇴근하면 印 노이다선 출근…24시간 릴레이 근무,0.0,0,0,https://www.hankyung.com/article/2026042326221
2026-04-24,"인도에 11조 내준 한화오션, 캐나다 65조 '리턴매치'…독일 잡을 필승 카...",0.38,1,0,https://www.g-enews.com/view.php?ud=202604231941259952fbbec65dfb_1
2026-04-24,"한화, 인적 분할로 사업 재편... 한화머시너리앤서비스홀딩스 재상장 승...",0.0,0,0,https://www.tokenpost.kr/news/market/352724
2026-04-24,"한화 테크 솔루션 부문, 첨단기술 앞세워 인도 시장 적극 공략",0.0,0,0,http://www.worktoday.co.kr/news/articleView.html?idxno=83988
2026-04-24,"한화 분할 신설법인, 코스피 재상장 예심 통과",0.0,0,0,https://www.econovill.com/news/articleView.html?idxno=738587
2026-04-23,"한화 분할 신설법인, 코스피 재상장 예비심사 통과",0.0,0,0,http://www.whitepaper.co.kr/news/articleView.html?idxno=261530
2026-04-23,푸틴 다음 타깃은 나토? 유럽 위기감 속 커진 K방산 [밀리터리+],0.0,0,0,https://nownews.seoul.co.kr/news/newsView.php?id=20260423601022&wlog_tag3=naver
2026-04-23,"한화 ‘3남’ 김동선, 상장사 지휘봉 쥔다…거래소, 신설 지주사 재상장...",0.0,0,0,https://www.kukinews.com/article/view/kuk202604230274
2026-04-23,"한화, 테크·라이프 분할·신설법인 상장예비심 통과…김동선 체제 본격...",0.0,0,0,https://www.lcnews.co.kr/news/articleView.html?idxno=201244
2026-04-23,"한화, 신설법인 재상장 예비심사 통과…사업 재편 본격화",0.0,0,0,https://daily.hankooki.com/news/articleView.html?idxno=1361161
2026-04-23,"한화 분할신설법인, 유가증권시장 재상장 예비심사 통과",0.0,0,0,https://www.newspim.com/news/view/20260423001415
2026-04-23,"스페이스X 상장, 조만장자 머스크가 그리는 세계관은?",0.0,0,0,https://www.mt.co.kr/industry/2026/04/23/2026042221474789348
2026-04-23,'3남 김동선' 맡을 한화 분할 신설법인…코스피 재상장 예비심사 통과,0.0,0,0,https://view.asiae.co.kr/article/2026042320470794008
2026-04-23,"한국거래소, 한화 분할 후 재상장 예비 심사 승인",0.0,0,0,https://biz.chosun.com/stock/stock_general/2026/04/23/LCV2PIYRMFDWLC6FKRLIJOTUUU/?utm_source=naver&utm_medium=original&utm_campaign=biz
2026-04-23,"한화 테크 솔루션 부문, 인도 시장 공략 확대…보안·자동화 수주",0.38,1,0,https://www.asiaa.co.kr/news/articleView.html?idxno=247524
2026-04-23,"거래소 ""한화머시너리 코스피 재상장 예비심사 적격""",0.0,0,0,https://www.newsis.com/view/NISX20260423_0003604335
2026-04-23,"한국거래소 ""한화머시너리 재상장 예비심사 적격""",0.0,0,0,https://www.etoday.co.kr/news/view/2578688
2026-04-23,"거래소 ""한화 분할법인 '한화머시너리앤서비스홀딩스' 코스피 상장 요건...",0.0,0,0,https://www.businesspost.co.kr/BP?command=article_view&num=436429
2026-04-23,"한화 신설분할 테크·라이프 지주사, 오는 8월 재상장",0.0,0,0,https://www.nocutnews.co.kr/news/6507406?utm_source=naver&utm_medium=article&utm_campaign=20260423083755
2026-04-23,"한국거래소 ""한화 분할 신설법인 코스피 재상장 적격""",0.0,0,0,https://www.m-i.kr/news/articleView.html?idxno=1367337
2026-04-23,"거래소, ㈜한화 분할 후 재상장 예심 승인…올 8월 코스피 입성 [시그널...",0.0,0,0,https://www.sedaily.com/article/20036472?ref=naver
2026-04-23,"한국거래소 ""한화머시너리, 분할재상장 예심 적격""",0.0,0,0,https://www.mt.co.kr/stock/2026/04/23/2026042320091530284
2026-04-23,"압구정5구역 재건축 수주전 본격화…현대건설·DL이앤씨, 미래주거·사업...",0.38,1,0,http://www.biztribune.co.kr/news/articleView.html?idxno=352986
2026-04-23,"한화 테크 솔루션 부문, 인도 시장 공략 나서",0.322,1,0,https://www.siminilbo.co.kr/news/newsview.php?ncode=1160291947379128
2026-04-23,"울산경남 새마을금고, 경영평가 연도대상 개최",0.322,1,0,https://www.gnnews.co.kr/news/articleView.html?idxno=635644
2026-04-23,"베트남 찾은 송미령 ""K-외식·급식 연계해 K-푸드 수출 확대""",0.0,0,0,https://www.newsis.com/view/NISX20260423_0003604301
2026-04-23,베트남서 K-푸드 판 키운 송미령 장관…급식·외식 묶어 수출 활로 넓혔...,0.0,0,0,https://www.etoday.co.kr/news/view/2578678
2026-04-23,"농식품부, 해외 K-외식·급식 연계해 K-푸드 수출 판로 넓힌다",0.0,0,0,https://www.yna.co.kr/view/AKR20260423173500030?input=1195m
2026-04-23,"제조 기반 피지컬 AI 스타트업 '디밀리언', 초창패 우수기업 선정",0.0,0,0,https://www.mt.co.kr/future/2026/04/23/2026042317081269306
2026-04-23,"[POP!기업] 현대엘리베이터, 협력사 안전관리 확대…중대재해 제로 外",0.0,0,0,http://www.popcornnews.net/news/articleView.html?idxno=119297
2026-04-23,"한화 테크 부문, 인도서 '전략적 거점' 구축",0.0,0,0,https://www.consumuch.com/news/articleView.html?idxno=77899
2026-04-23,"현대건설, 압구정5구역 단지명 '압구정 현대 갤러리아' 제안",0.0,0,0,https://news.tvchosun.com/site/data/html_dir/2026/04/23/2026042390262.html
2026-04-23,"이라크 뚫었던 김승연처럼…한화 김동선, AI·첨단기술 앞세워 인도 뚫...",0.0,0,0,https://magazine.hankyung.com/business/article/202604232767b
2026-04-23,"현대건설, 압구정 5구역에 '압구정 현대 갤러리아' 제안...미래형 주거 ...",0.0,0,0,http://www.popcornnews.net/news/articleView.html?idxno=119292
2026-04-23,"[전자는 지금] LG전자, 유럽 전용 'LG 빌트인 패키지' 첫선 外",0.0,0,0,https://dealsite.co.kr/articles/160733
2026-04-23,"현대건설, 압구정에 '하이테크 미래 도시' 심는다… 5구역 승부수",0.0,0,0,http://www.ttlnews.com/news/articleView.html?idxno=3102009
2026-04-23,"현대건설, 압구정5구역 '압구정 현대 갤러리아' 제안...미래형 하이엔드...",0.0,0,0,https://www.joongangenews.com/news/articleView.html?idxno=514333
2026-04-23,"링허우, Pre-B 라운드에서 1억 위안대 투자 유치 성공",0.0,0,0,https://www.hellot.net/news/article.html?no=112258
2026-04-23,"한화 테크솔루션, 첨단 기술 앞세워 인도 시장 공략 본격화",0.0,0,0,https://www.ekoreanews.co.kr/news/articleView.html?idxno=85728
2026-04-23,김동선 독립 경영 속도…캐시카우 '한화비전' 전망은 안갯속,0.0,0,0,https://www.1conomynews.co.kr/news/articleView.html?idxno=48244
2026-04-23,"'한화 3남' 김동선 부사장, '홀로서기' 시작...피지컬 AI에 '드라이브'",0.0,0,0,https://www.insightkorea.co.kr/news/articleView.html?idxno=245241
2026-04-23,"'기술 리더십'으로 글로벌 무대 확장…기업들, 시장 선점과 ESG 경영에 ...",0.38,1,0,http://www.dailypop.kr/news/articleView.html?idxno=98288
2026-04-23,"[기업 소식] 삼성·LG전자, AI 가전도 빌트인으로…유럽시장 공략",0.0,0,0,https://news.einfomax.co.kr/news/articleView.html?idxno=4411330
2026-04-23,"한화 테크 솔루션 부문, 인도 시장 공략 확대...세계 3위 영상보안 시장...",0.0,0,0,http://www.lawissue.co.kr/view.php?ud=202604231552141612f4ab64559d_12
2026-04-23,"한화 테크솔루션, 인도 공략 확대…영상보안·자동화 설비 시장 동시 진...",0.0,0,0,https://www.thepowernews.co.kr/view.php?ud=202604231609473222de3f0aa1be_7
2026-04-23,"현대건설, 압구정5구역 '압구정 현대 갤러리아' 제안",0.0,0,0,https://www.pinpointnews.co.kr/news/articleView.html?idxno=448029
2026-04-23,"현대건설, 압구정 5구역에 초고급 주거모델 제시...‘압구정 현대 갤러...",0.0,0,0,https://www.smarttoday.co.kr/ko-kr/articles/106869
2026-04-23,"한화비전, 14억 인도 시장 정조준…""제품 라인업·기술 인력 강화""",0.322,1,0,http://www.segyebiz.com/newsView/20260423513685?OutUrl=naver
2026-04-23,"현대건설, 압구정 5구역에 '압구정 현대 갤러리아' 제안",0.0,0,0,https://www.womentimes.co.kr/news/articleView.html?idxno=102507
2026-04-23,'인구 최대국' 인도 선점 나선 '한화 테크 솔루션 부문',0.0,0,0,https://www.starnewskorea.com/business-life/2026/04/23/2026042315532213681
2026-04-23,"한화 테크 솔루션 부문, 첨단기술로 14억 인도 시장 공략 나선다",0.38,1,0,http://www.smarttimes.co.kr/news/articleView.html?idxno=45009
2026-04-23,"현대건설, 압구정 5구역 단지명 '압구정 현대 갤러리아' 제안",0.0,0,0,https://www.public25.com/news/articleView.html?idxno=44887
2026-04-23,"현대건설, 압구정5구역에 ‘압구정 현대 갤러리아’ 제안",0.0,0,0,https://biz.heraldcorp.com/article/10724233?ref=naver
2026-04-23,"현대건설, 압구정5구역 단지명 ‘압구정 현대 갤러리아’ 제시",0.0,0,0,https://www.etoday.co.kr/news/view/2578558
2026-04-23,"현대건설, 압구정 5구역 '압구정 현대 갤러리아' 제안",0.0,0,0,https://www.discoverynews.kr/news/articleView.html?idxno=1089746
2026-04-23,"한화 테크 솔루션, 인도 공략 가속… AI·보안·자동화로 '차세대 성장축...",0.322,1,0,https://www.koreaittimes.com/news/articleView.html?idxno=153267
2026-04-23,"현대건설, 압구정 5구역에 '새로움, 그 이상의 NEW' 선사...단지명 '압구...",0.0,0,0,https://www.nextdaily.co.kr/news/articleView.html?idxno=248740
2026-04-23,"현대건설, 압구정 5구역에 '압구정 현대 갤러리아' 제안…미래형 주거 ...",0.0,0,0,https://www.ebn.co.kr/news/articleView.html?idxno=1706409
2026-04-23,"'압구정 현대'의 귀환, 건물의 진화인가 주거의 혁명인가",0.0,0,0,https://www.thefairnews.co.kr/news/articleView.html?idxno=75208
2026-04-23,"현대건설, 압구정5구역에 '압구정 현대 갤러리아' 제안…하이엔드 주거...",0.0,0,0,http://www.newslock.co.kr/news/articleView.html?idxno=129227
2026-04-23,충남대 '국방/방산 협력포럼 및 VISION 선포식' 개최,0.0,0,0,https://www.veritas-a.com/news/articleView.html?idxno=607142
2026-04-23,"[WIS 2026] AI·디지털 혁신기술, 건강·산업 안전 지킨다",0.0,0,0,https://www.etnews.com/20260423000356
2026-04-23,"'한화 3남' 김동선, 지주사 ㈜한화 퇴사 배경은?",0.0,0,0,http://woman.chosun.com/news/articleView.html?idxno=125637
2026-04-23,"현대건설, 압구정 5구역에 '새로움, 그 이상의 NEW' 선사",0.0,0,0,http://www.enewstoday.co.kr/news/articleView.html?idxno=2422462
2026-04-23,존재감 키우는 한화 3남 김동선의 홀로서기,0.0,0,0,http://www.00news.co.kr/news/articleView.html?idxno=103404
2026-04-23,"한화비전 주가, 4월 23일 장중 79,400원 3.41% 하락",-0.261,0,1,https://www.topstarnews.net/news/articleView.html?idxno=16042702
2026-04-23,울산경남 새마을금고 '2026 경영평가 연도대상' 성료… 일산새마을금고...,0.322,1,0,https://www.ksilbo.co.kr/news/articleView.html?idxno=1054936
2026-04-23,한화 김동선 부사장 퇴사…삼형제 경영 ‘정리 수순’,0.0,0,0,https://mdtoday.co.kr/news/view/1065581343813553
2026-04-23,"제23회 국제그린에너지엑스포, '글로벌 에너지 공룡' 다 모였다··· 역...",0.0,0,0,http://www.epj.co.kr/news/articleView.html?idxno=38432
2026-04-23,"[기획] 같은 입지, 비슷한 브랜드…""결국 설계가 조합 표심 가른다""",0.0,0,0,https://www.m-i.kr/news/articleView.html?idxno=1367127
2026-04-23,"한화 테크 솔루션, 인도서 승부수…보안·이차전지 설비로 시장 넓힌다",0.322,1,0,https://www.m-i.kr/news/articleView.html?idxno=1367111
2026-04-23,김동선 ㈜한화 퇴사…“테크·라이프 지주사 집중”,0.0,0,0,https://biz.heraldcorp.com/article/10723974?ref=naver
2026-04-23,"한화 테크 솔루션 부문, 인증·수주로 印 공략 속도",0.38,1,0,https://biz.heraldcorp.com/article/10723907?ref=naver
2026-04-23,폴리뉴스 모닝브리핑 4월 23일 목요일,0.38,1,0,https://www.polinews.co.kr/news/articleView.html?idxno=729283
2026-04-23,"한화, 인도 14억 시장 정조준…STQC 인증·수백억 수주로 속도",0.38,1,0,http://www.whitepaper.co.kr/news/articleView.html?idxno=261491
2026-04-23,"'인증' 뚫은 한화비전, 인도서 치고 나간다… 보안 인증 확보에 수주도...",0.38,1,0,https://www.ppss.kr/news/articleView.html?idxno=293901
2026-04-23,"한화비전, 인도 STQC 인증 획득...'세계 3위' 영상보안 시장 조준",0.0,0,0,https://www.thelec.kr/news/articleView.html?idxno=55543
2026-04-23,"李대통령 ""2030년까지 한-베 교역액 1500억달러...에너지·공급망·인프...",0.0,0,0,http://www.joseilbo.com/news/news_read.php?uid=567100&class=32&grp=
2026-04-23,"한화 테크 솔루션 부문, 인도시장 정조준...“영상보안 수요 급증”",0.0,0,0,https://www.mk.co.kr/article/12025044
2026-04-23,"14억 인도 보안시장 뚫었다…한화, AI·이차전지 앞세워 '글로벌 거점' ...",0.0,0,0,https://www.pointe.co.kr/news/articleView.html?idxno=78709
2026-04-23,[테크 안테나] LG·삼성전자·삼성전기·한화비전,0.0,0,0,https://daily.hankooki.com/news/articleView.html?idxno=1360862
2026-04-23,14억 인도 시장 선점 나선 ‘한화 테크 솔루션 부문’ 첨단기술로 적극...,0.322,1,0,http://www.boannews.com/media/view.asp?idx=143314&kind=3
2026-04-23,"한화 3남 김동선 부사장, ㈜한화 떠났다...테크·라이프 지주사에 '집중...",0.0,0,0,https://www.pinpointnews.co.kr/news/articleView.html?idxno=447856
2026-04-23,"14억 인도, 한화 테크 솔루션 '새로운 심장' 된다…전략적 거점 가동",0.0,0,0,https://www.financialpost.co.kr/news/articleView.html?idxno=256485
2026-04-23,"한화 테크솔루션 부문, 인도 시장 공략…현지 수주·설명회",0.625,2,0,https://biz.sbs.co.kr/article_hub/20000306173?division=NAVER
2026-04-23,"한화비전, 인도 보안 인증 취득 후 연이어 수주…""3위 시장 선점""",0.38,1,0,http://www.newslock.co.kr/news/articleView.html?idxno=129157
2026-04-23,인도 시장 선점 나선 ‘한화 테크 솔루션 부문’…14억 신시장 공략,0.38,1,0,https://www.hankookilbo.com/news/article/A2026042310120003936?did=NA
2026-04-23,"한화 테크 솔루션 부문, 14억 인구 '인도 시장' 공략…설명회 진행도",0.0,0,0,https://www.news1.kr/industry/general-industry/6146074
2026-04-23,"한화·한컴, 신기술 기반 사업 확장 '속도'…인도·AI로 성장 모색",0.322,1,0,https://www.cstimes.com/news/articleView.html?idxno=703026
2026-04-23,"한화 '테크 솔루션 부문', 14억 인도 시장 선점한다…영상보안·이차전...",0.38,1,0,https://www.goodkyung.com/news/articleView.html?idxno=286203
2026-04-23,울산경남 새마을금고 경영평가 연도대상 개최,0.322,1,0,https://www.idomin.com/news/articleView.html?idxno=2004214
2026-04-23,"한화비전, 印 사이버 보안 필수 인증 ‘STQC’ 획득",0.0,0,0,https://www.sedaily.com/article/20036067?ref=naver
2026-04-23,'한화 테크 솔루션 부문' 첨단기술 앞세워 신시장 적극 공략,0.322,1,0,https://www.ziksir.com/news/articleView.html?idxno=131771
2026-04-23,"한화 테크 솔루션, 첨단기술 앞세워 인도시장 공략",0.0,0,0,https://www.ezyeconomy.com/news/articleView.html?idxno=234977
2026-04-23,"한화 테크 부문, 14억 인도 시장 공략",0.0,0,0,https://www.newsclaim.co.kr/news/articleView.html?idxno=3061618
2026-04-23,"[Tech & Now] 한국로봇융합연구원, 구미 '로봇 플래그쉽 거점' 개소 등",0.0,0,0,https://www.ebn.co.kr/news/articleView.html?idxno=1706323
2026-04-27,[한화 방산 완전체 큰그림] 10년전 빅딜 ‘신의 한수’…M&A로 몸집 불린...,0.0,0,0,https://www.dnews.co.kr/uhtml/view.jsp?idxno=202604241645542540596
2026-04-27,[오늘(27일)의 경제·산업 주요 일정·행사] '고유가 피해지원금' 1차 신...,0.0,0,0,http://www.popcornnews.net/news/articleView.html?idxno=119329
2026-04-27,실적과 86세대가 재편한 금융 리더십…2026 파워금융인 30,0.0,0,0,https://magazine.hankyung.com/business/article/202604231859b
2026-04-26,"[미리보는 이데일리 신문]정의선 뚝심…아이오닉V, 中공략 재시동",0.0,0,0,http://www.edaily.co.kr/news/newspath.asp?newsid=03237366645420056
2026-04-26,"아워홈, aT와 베트남서 'K-푸드 데이' 개최…""한국 농식품 해외 단체급식...",0.0,0,0,http://www.econonews.co.kr/news/articleView.html?idxno=436778
2026-04-26,"""주가도 우주로""…'스페이스X' 테마 광풍[춤추는 테마주③]",0.322,1,0,https://www.newsis.com/view/NISX20260424_0003605233
2026-04-26,[6·3 지방선거] '시장 대 구청장' 대결로 압축된 6·3 서울시장 승부…...,0.0,0,0,https://www.polinews.co.kr/news/articleView.html?idxno=729266
2026-04-26,[기획]사라지지 않는 유증 반발…명확한 주주환원책 필요성 부각,0.0,0,0,https://www.m-i.kr/news/articleView.html?idxno=1367753
2026-04-26,'한국형 뉴스페이스' 청사진 제시… 제1회 유팩 'K-우주포럼' 성료,0.0,0,0,https://www.mt.co.kr/future/2026/04/26/2026042523075652569
2026-04-26,[4월 3주차] 가상화폐 시장 정리,0.0,0,0,https://www.khgames.co.kr/news/articleView.html?idxno=303707
2026-04-26,테크·라이프 재편 김동선…수익 구조 개선 이어질까,0.0,0,0,https://www.g-enews.com/view.php?ud=202604241514041653740eacf404_1
2026-04-26,"“일본 떠나 한국으로” 그리스 JHI 스팀십, 한화오션에 VLCC 전격 발주",0.0,0,0,https://www.g-enews.com/view.php?ud=2026042608300542010c8c1c064d_1
2026-04-25,'김동선式 독립 경영' 본격화···'파이브가이즈' 성공 뒤 다음 한 수는...,0.0,0,0,https://www.seoulfn.com/news/articleView.html?idxno=627342
2026-04-25,"대통령 순방에 K-푸드 수출 '날개'… ""베트남을 동남아 수출 거점으로""",0.322,1,0,https://news.mtn.co.kr/news-detail/2026042510345853681
2026-04-25,"[식음료브리핑] 롯데웰푸드, 치과의사협회와 구강건강 증진 협력 강화 ...",0.0,0,0,https://www.seoulfn.com/news/articleView.html?idxno=627311
2026-04-25,"아워홈-aT, 베트남서 'K-푸드 데이' 개최…현지 근로자에 한식 문화 전파",0.0,0,0,https://www.thepublic.kr/news/articleView.html?idxno=302451
2026-04-25,"[대기업 집단 ③] ""사실상 경영권 넘어갔는데""···한화·HD현대, 동일인...",0.0,0,0,https://www.seoulfn.com/news/articleView.html?idxno=627366
2026-04-25,유럽 수요 폭발…한화비전 실적 서프라이즈 현실화되나,0.0,0,0,https://www.pinpointnews.co.kr/news/articleView.html?idxno=447745
2026-04-28,현대차 ‘스팟’의 진화… 연 3.7억 경비원 대체할 ‘드론독’ 실전 투...,0.0,0,0,https://www.g-enews.com/view.php?ud=2026042721430349102bd56fbc3c_1
2026-04-27,[Who Is ?] 강훈식 대통령 비서실장,0.0,0,0,https://www.businesspost.co.kr/BP?command=article_view&num=436351
2026-04-27,"계통 부족, 전기를 '버리는' 시대가 온다?",0.261,1,0,https://www.danbinews.com/news/articleView.html?idxno=32924
2026-04-27,"박찬욱 감독의 또다른 복수, 이번엔 서부극이다",0.0,0,0,https://www.sommeliertimes.com/news/articleView.html?idxno=130804
2026-04-27,"한화생명e스포츠, '캠프원 투어' 성료",0.0,0,0,https://www.khgames.co.kr/news/articleView.html?idxno=303799
2026-04-27,반도체 소부장 주가도 뜨겁다 [반도체 장비 '봄날'],0.261,1,0,http://www.fnnews.com/news/202604271829146717
2026-04-27,"쏘카가 말아주는 테슬라 FSD 한뚝배기 ""아, 아아 이 맛은! 구독을 해야하...",0.0,0,0,https://www.econovill.com/news/articleView.html?idxno=738828
2026-04-27,우량 제조사들도 못끼는데…코스피200 편입된 적자기업들,0.0,0,0,https://www.hankyung.com/article/2026042702151
2026-04-27,글로벌 진출 보증수표 CES 참가·수상 전략 한 자리에... 'CES 2027 혁신상...,0.0,0,0,https://kr.aving.net/news/articleView.html?idxno=1810726
2026-04-27,[기업家] 한국항공우주산업(KAI) ㅣ 기술 자립·AI·상생까지…'K-방산 도...,0.0,0,0,https://www.cbci.co.kr/news/articleView.html?idxno=570505
2026-04-27,"30% 폭풍 성장 중인 푸드테크 시장…식품업계, 미래 먹거리 '눈독'",0.322,1,0,https://www.newsis.com/view/NISX20260427_0003606928
2026-04-27,반도체 장비주 나란히 웃었다...100% 오르며 '들썩',0.261,1,0,http://www.fnnews.com/news/202604271507530553
2026-04-27,미국 조선업 공급 부족 현실화…HD현대중공업 전략적 수혜 부각,0.38,1,0,https://www.thepowernews.co.kr/view.php?ud=202604271341055234de3f0aa1be_7
2026-04-27,"한화생명e스포츠, '몬스터 에너지와 함께하는 캠프원 투어' 성료",0.0,0,0,https://www.fomos.kr/redirect/news_view?news_cate_id=39&entry_id=152764
2026-04-27,시장직 버리고 선거운동 올인 오세훈·박형준… ‘길거리 백병전’ 돌입,0.0,0,0,https://www.dt.co.kr/article/12059696?ref=naver
2026-04-27,"단순 마케터 지고, AI 디렉터 뜬다…비용 절감 ↑",0.0,0,0,https://www.junggi.co.kr/news/articleView.html?idxno=36255
2026-04-27,"풍산, K-방산 축제장서 꺼내든 ‘매각’ 카드…승계 딜레마에 저당 잡힌...",0.0,0,0,https://www.ekn.kr/web/view.php?key=20260427027430335
2026-04-27,"한화비전 주가, 4월 27일 장중 88,200원 7.82% 상승",0.537,2,0,https://www.joongangenews.com/news/articleView.html?idxno=514988
2026-04-27,울산경남 새마을금고 ‘경영평가 연도대상’ 시상식,0.322,1,0,https://www.knnews.co.kr/news/articleView.php?idxno=1540368
2026-04-27,"팀 쿡 없는 애플, '폴더블 아이폰' 품귀 현실화?",0.0,0,0,https://zdnet.co.kr/view/?no=20260427124304
2026-04-27,"한화비전, 전날 상승 이어 11% 급등…9만원선 재돌파",0.747,3,0,http://www.econonews.co.kr/news/articleView.html?idxno=436852
2026-04-27,"한화생명e스포츠, 몬스터 에너지와 '캠프원 투어' 성료",0.0,0,0,https://www.ezyeconomy.com/news/articleView.html?idxno=235049
2026-04-27,한화생명e스포츠 팬 체험 프로그램 '몬스터 에너지와 함께하는 캠프원 ...,0.0,0,0,https://gamefocus.co.kr/detail.php?number=175447
2026-04-27,"[K-게임사 체질개선④] 크래프톤, 배그 너머 AI·인도시장 공략 본격화",0.0,0,0,https://byline.network/?p=9004111222600541
2026-04-27,오가논 인도 제약사에 매각...바이오·여성건강 '지각변동',0.0,0,0,https://www.medicaltimes.com/Main/News/NewsView.html?ID=1168452&ref=naverpc
2026-04-27,[무등의 아침] “전남 시장·군수 선거 ‘혈투’ 예고…민주당 아성에 ...,0.0,0,0,https://news.kbs.co.kr/news/pc/view/view.do?ncd=8546573&ref=A
2026-04-27,"삼성그룹 두 노조 이야기...삼성전자 ""총파업"" 엄포 vs 삼성重 '노사 원...",0.261,1,0,http://www.fntimes.com/html/view.php?ud=2026042711124623110d260cda75_18
2026-04-27,[마이스를 만나다] 창원국제용접 및 절단자동화전,0.0,0,0,https://weeklytrade.co.kr/news/view.html?section=1&category=8&item=&no=99529
2026-04-27,"코스피 장중 6600선 돌파, 코스닥도 강세...전쟁 이긴 '실적 장세'",0.537,2,0,https://www.mt.co.kr/stock/2026/04/27/2026042710574258626
2026-04-27,압구정 일대 어떻게 바뀔까…현대·삼성·DL 청사진 살펴보니,0.0,0,0,http://www.fntimes.com/html/view.php?ud=202604271044534709b372994c95_18
2026-04-27,"로보티즈, '피지컬 AI' 앞세워 로봇 플랫폼 기업으로 체질 개선",-0.322,0,1,https://www.pinpointnews.co.kr/news/articleView.html?idxno=448835
2026-04-27,"한화비전 ""기술력으로 인도 시장 진출 본격화""",0.322,1,0,http://www.aptn.co.kr/news/articleView.html?idxno=111782
2026-04-27,"글로벌 완성차 3사 공략… 더코디, 전장부품 시장 '기술력' 승부수",0.261,1,0,https://www.pinpointnews.co.kr/news/articleView.html?idxno=448822
2026-04-27,300만 달러 전차가 500달러 드론에 격파... 드론 시대의 전쟁,0.0,0,0,https://www.ohmynews.com/NWS_Web/View/at_pg.aspx?CNTN_CD=A0003228022&CMPT_CD=P0010&utm_source=naver&utm_medium=newsearch&utm_campaign=naver_news
2026-04-27,"‘K-스페이스’ 산실 항우연, 민간 우주 시대 개척도 주도 [D:로그인]",0.0,0,0,https://www.dailian.co.kr/news/view/1638001/?sc=Naver
2026-04-29,“디지털자산 발행부터 글로벌 유통까지”,0.0,0,0,https://www.donga.com/news/Economy/article/all/20260428/133828477/2
2026-04-29,[백광엽 칼럼] '세대 간 정의' 고민해야 할 자본시장,0.0,0,0,https://www.hankyung.com/article/2026042833041
2026-04-29,韓만 아니라 유럽도 집값 몸살…대응 나섰지만 실효성 부족,0.261,1,0,https://news.tf.co.kr/read/economy/2318079.htm
2026-04-28,"K푸드, 베트남 확장에 나선다",0.0,0,0,http://www.fsnews.co.kr/news/articleView.html?idxno=60764
2026-04-28,"진주폴리텍대학, 안전특강·캠페인 실시",0.0,0,0,https://www.gnnews.co.kr/news/articleView.html?idxno=635944
2026-04-28,"김정관 ""중동전쟁으로 뼈저리게 느꼈다""…조선·해운 결속은 생존전략",0.0,0,0,https://www.ddaily.co.kr/page/view/2026042818382934164
2026-04-28,진주폴리텍 공식 홍보대사 3기 위촉,0.0,0,0,http://www.gndomin.com/news/articleView.html?idxno=473925
2026-04-28,"""해외서 커진 K-뷰티""…아모레퍼시픽, 1분기 '호실적' 기대",0.762,2,0,http://www.srtimes.kr/news/articleView.html?idxno=202302
2026-04-28,조선·해운 동맹 민관협력체계 출범…'국적선 공동발주' 선언,0.0,0,0,https://www.korea.kr/news/policyNewsView.do?newsId=148963623&call_from=naver_news
2026-04-28,"[TOP's Pick] [중후장대] SK㈜, SK에코플랜트 FI 물량 4000억 인수로 지분...",0.0,0,0,https://www.topdaily.kr/articles/109884
2026-04-28,"[영상] 美 선박법 재발의, 이번엔 다르다?…한화가 '수혜 1순위'인 이유",0.0,0,0,https://www.theguru.co.kr/news/article.html?no=101092
2026-04-28,"'군비 증강' 본격화 유럽…""바이 유러피언 한계 속 K방산이 대안""",0.0,0,0,https://www.joongangenews.com/news/articleView.html?idxno=515402
2026-04-28,"[산업브리핑]종근당·SM그룹·SK이노베이션·한화솔루션, 신제품 출시·...",0.0,0,0,http://www.weeklytoday.com/news/articleView.html?idxno=773421
2026-04-28,미래 먹거리 준비하는 한전기술… “설계 가치 재평가 시급”,0.0,0,0,https://www.asiatoday.co.kr/view.php?key=20260428010008988
2026-04-28,"한화생명e스포츠, 무신사와 컬래버 컬렉션 출시",0.0,0,0,https://www.gamechosun.co.kr/webzine/article/view.php?no=221696
2026-04-28,"에너지 자립의 꿈, 우주·지상 태양광 융합에서... 박상남 대표 ""K-솔라...",0.0,0,0,http://www.ttlnews.com/news/articleView.html?idxno=3103147
2026-04-28,"한화생명e스포츠-무신사, 레이싱 콘셉트 협업 상품 공개",0.0,0,0,https://gamefocus.co.kr/detail.php?number=175476
2026-04-28,"건설도 AX 시대…스마트 건설 어디까지 왔나(2)스마트 세이프티, 'AI가 지...",0.0,0,0,https://www.electimes.com/news/articleView.html?idxno=367404
2026-04-28,"김태균 한전기술 사장 ""재생에너지 사업 확대와 미래원전 기술개발 집중...",0.0,0,0,https://www.dailian.co.kr/news/view/1638777/?sc=Naver
2026-04-28,"김태균 한전기술 사장 ""해양 SMR '반디' 개발…10년내 상용화""",0.0,0,0,https://www.newspim.com/news/view/20260428000453
2026-04-28,"한화세미텍, ‘준비금 돌려막기’로 결손금 보전",0.0,0,0,https://www.topdaily.kr/articles/109867
2026-04-28,4월 27일 주식시장 주요공시,0.0,0,0,https://www.catchnews.kr/news/articleView.html?idxno=123283
2026-04-28,4월 28일 개장 전 주요 공시,0.0,0,0,https://www.seoulfn.com/news/articleView.html?idxno=627531
2026-04-30,"미 장벽 뚫은 중국차, 엘파소 도심 점령... '가성비'에 흔들리는 디트로...",0.0,0,0,https://www.g-enews.com/view.php?ud=2026042922113135992bd56fbc3c_1
2026-04-29,"한화비전, 1Q 영업익 221억원… 시큐리티 분전 속 한화세미텍 적자전환",0.0,0,0,https://www.econovill.com/news/articleView.html?idxno=739139
2026-04-29,"해수부·산업부, 조선-해운 동맹 'W.A.V.E' 전략 발표",0.0,0,0,https://www.klnews.co.kr/news/articleView.html?idxno=320935
2026-04-29,"한화비전, 한화세미텍 500억 출자...반도체 장비 사업 확대",0.0,0,0,https://www.thelec.kr/news/articleView.html?idxno=55889
2026-04-29,"증권사 11곳 중 8곳, 한화솔루션 매수의견 … ""미국 솔라허브 수직계열...",0.462,1,0,http://www.worktoday.co.kr/news/articleView.html?idxno=84187
2026-04-29,"한화비전, 1분기 영업익 221억원…세미텍 137억원 적자 전환",-0.583,0,1,http://www.inews24.com/view/1964726
2026-04-29,"한화솔루션, 증권가 '매수' 추천 랠리…美 태양광·우주 신사업 부각",0.462,1,0,https://www.m-i.kr/news/articleView.html?idxno=1369031
2026-04-29,"한화그룹, 방산·조선 훈풍에 5대 그룹 진입...시가총액도 1년새 2.5배 쑥",0.0,0,0,http://www.consumernews.co.kr/news/articleView.html?idxno=755043
2026-04-29,[주요 공시] 4월 29일 오후,0.0,0,0,https://www.ebn.co.kr/news/articleView.html?idxno=1707147
2026-04-29,"서병윤 DSRV 대표 ""인터넷망이 곧 금융망""…Web3 Neobank 청사진 공개",0.0,0,0,https://www.newstopkorea.com/news/articleView.html?idxno=44703
2026-04-29,한화비전 1Q 영업익 200억원…한화세미텍 137억원 적자,0.408,1,0,http://www.edaily.co.kr/news/newspath.asp?newsid=05753126645421040
2026-04-29,"“K-9·KF-21에 미사일도 세트 메뉴”…한화에어로스페이스, K-방산 ‘패...",0.0,0,0,https://www.ekn.kr/web/view.php?key=20260429025521087
2026-04-29,"한화비전, 반도체장비 사업 강화 위해 500억 추가 투자",0.0,0,0,https://www.tokenpost.kr/news/economy/354591
2026-04-29,기업 공시 [4월 29일],0.0,0,0,https://www.sedaily.com/article/20038695?ref=naver
2026-04-29,"한화 김동선표 ‘2만원대 뷔페’ 테이크, 오픈 전부터 인근 직장인들 ‘...",0.0,0,0,http://www.fntimes.com/html/view.php?ud=202604291535488935b5b890e35c_18
2026-04-29,경남 대표 창업축제 ‘GSAT 2026’ 개막…“피지컬 AI·창업 결합”,0.0,0,0,https://www.seoul.co.kr/news/publicnews/local_govern/2026/04/29/20260429500224?wlog_tag3=naver
2026-04-29,[민주 부동산] 금호건설·현대엔지니어링·현대건설,0.0,0,0,http://www.iminju.net/news/articleView.html?idxno=163264
2026-04-29,[오늘의 주요공시] 삼성물산·두산에너빌리티·LG전자 등,0.583,1,0,https://www.etoday.co.kr/news/view/2580499
2026-04-29,"한화에어로, 한국판 '미티어' 개발…""국산화로 자주국방 실현""",0.0,0,0,https://news.mtn.co.kr/news-detail/2026042915472671145
2026-04-29,"한화비전, 한화세미텍에 500억원 출자…""반도체 장비 사업 확대""",0.0,0,0,http://www.edaily.co.kr/news/newspath.asp?newsid=05188966645421040
2026-04-29,'방산'이 밀어 올린 한화…재계 5위 그룹 올라,0.0,0,0,https://www.topdaily.kr/articles/109905
2026-04-29,"한화비전, 한화세미텍에 500억 출자…반도체 장비 사업 확대",0.0,0,0,https://www.bloter.net/news/articleView.html?idxno=660907
2026-04-29,"한화세미텍, 500억 유상증자...한화비전 전량 출자",0.0,0,0,https://www.insight.co.kr/news/552250
2026-04-29,"LIG D&A ""방산혁신펀드·테크서밋으로 상생 실천""[K-방산 대도약]",0.0,0,0,http://www.fnnews.com/news/202604290814428353
2026-04-29,[속보] 한화비전 1분기 잠정 실적 영업이익 220억…전년 동기대비 55%↓,0.0,0,0,https://www.cbci.co.kr/news/articleView.html?idxno=571107
2026-04-29,"한화비전 ""자회사 한화세미텍 주식 500억에 추가 취득…지분율 100%""",0.0,0,0,https://biz.sbs.co.kr/article_hub/20000307520?division=NAVER
2026-04-29,"한화비전, 한화세미텍에 500억원 추가출자..반도체장비 확대",0.0,0,0,https://www.smarttoday.co.kr/ko-kr/articles/107096
2026-04-29,"[중화학 ON] KAI, 美 벨 텍스트론과 차세대 중형기동헬기 협력 外",0.0,0,0,https://dealsite.co.kr/articles/161053
2026-04-29,"[기자수첩]한화, '자본 조달'과 '주주 신뢰' 사이",0.537,2,0,https://www.m-i.kr/news/articleView.html?idxno=1368790
2026-04-29,RWA 토큰화 본격화...금융 인프라로 자리잡는 블록체인[엠블록레터],0.0,0,0,https://www.mk.co.kr/article/12030758
2026-04-29,"한화 3남 김동선 올해도 외식사업 확장 승부수, '천하제빵' 심사위원 차...",0.0,0,0,https://www.businesspost.co.kr/BP?command=article_view&num=436786
2026-04-29,"'프렌즈' 피비 ""매년 재방송으로 294억원 받는다"" 충격 수입 [Oh!llywood]",0.0,0,0,http://www.osen.co.kr/article/G1112790948
2026-04-29,[증권가로수]신한증권/넥스트증권/LS증권/SK증권/한투증권/대신증권/미...,0.261,1,0,https://www.dnews.co.kr/uhtml/view.jsp?idxno=202604290904590740050
2026-04-29,"[한화 새판짜기] ㊤ ‘3남의 독립’ 시작됐다…김동선, 홀로서기 본격화",0.0,0,0,https://www.ddaily.co.kr/page/view/2026042815345437656
2026-04-29,[오늘의 증시일정] 두산에너빌리티·삼성물산·에코프로비엠 등,0.0,0,0,https://www.etoday.co.kr/news/view/2580165
2026-04-29,[더벨][수퍼게이트 IPO] 내달 특례상장 위한 기술성 평가 신청,0.0,0,0,https://www.thebell.co.kr/free/content/ArticleView.asp?key=202604271049395040104068
2026-05-01,"""취약계층과 함께 간다""…보험업계, 발로 뛰며 포용금융 실천",0.0,0,0,https://www.sidae.com/article/2026042113552138688
2026-04-30,"美 현장서 '생산금융' 해법 찾은 권대영…""기술패권 전쟁 격화, 국가전...",0.0,0,0,https://view.asiae.co.kr/article/2026043020511307881
2026-04-30,"[증권 뉴스브리핑] 1분기 ABS 발행 11.4조/거래소, 초유의 '공시번복사태...",0.0,0,0,https://www.asiatime.co.kr/article/20260430500244
2026-04-30,"하이크비전, 2025년 및 2026년 1분기 실적 발표",0.0,0,0,https://www.etnews.com/20260430000428
2026-04-30,"한화비전, 한화세미텍에 500억 추가 투입...반도체 장비 사업 지원 본격...",0.0,0,0,http://www.thebigdata.co.kr/view.php?ud=2026043014063044420ecbf9426b_23
2026-04-30,"[중화학 ON] 한화, 캐나다 자동차부품제조협회와 방산 합작 MOU 外",0.0,0,0,https://dealsite.co.kr/articles/161146
2026-04-30,"[TOP's Pick] [중후장대] HMM, 본사 부산 이전 ‘노사 합의’ 外",0.0,0,0,https://www.topdaily.kr/articles/109928
2026-04-30,"한화비전, 칩마운터·반도체 장비로 산업용 장비 포트폴리오 완성 주목",0.261,1,0,https://www.pinpointnews.co.kr/news/articleView.html?idxno=449941
2026-04-30,김동선의 AI·로봇 승부수… 백화점·호텔서 수익성 시험,0.322,1,0,https://m.skyedaily.com/news_view.html?ID=303400
2026-04-30,"크래프톤, AI·로보틱스 확장에 1조 주주환원까지…""게임사 경계 넘는다...",0.0,0,0,https://www.ezyeconomy.com/news/articleView.html?idxno=235172
2026-04-30,[기업家] 한화그룹 ②ㅣ 전방위 성장과 국산화·글로벌 확장 가속…K-방...,0.322,1,0,https://www.cbci.co.kr/news/articleView.html?idxno=571420
2026-04-30,"하이크비전, 신사업 중심 수익 개선…영상 매출 하락세",0.067,1,1,https://www.epnc.co.kr/news/articleView.html?idxno=401237
2026-04-30,"[산업소식]DL이앤씨, '안양 에버포레 자연& e편한세상' 5월 분양",0.0,0,0,http://www.4th.kr/news/articleView.html?idxno=2111220
2026-04-30,한화비전 주가 9%대 강세...한화세미텍에 500억원 출자,0.775,3,0,https://www.gukjenews.com/news/articleView.html?idxno=3570570
2026-04-30,"한화비전, 3거래일만에 11% 급등…9만원선 회복",0.604,2,0,http://www.econonews.co.kr/news/articleView.html?idxno=437166
2026-04-30,"[건설플러스] 마스턴투자운용, 대체투자 전문 인재 육성 행보 外",0.0,0,0,https://news.dealsitetv.com/articles/169579
2026-04-30,"부동산 투자 노리는 한화갤러리아, ‘순화빌딩’ 품나",0.0,0,0,https://www.megaeconomy.co.kr/news/newsview.php?ncode=1065577751488128
2026-04-30,“폐식용유는 쓰레기가 아닌 데이터 자산” [H.에코테크페스타],0.0,0,0,https://biz.heraldcorp.com/article/10729178?ref=naver
2026-04-30,"쏠리드, 오픈 랜 투자 확대에 장비 수주 '러시'... 실적 기대감↑",0.583,2,0,https://www.pinpointnews.co.kr/news/articleView.html?idxno=449861
2026-04-30,"한화비전 주가, 4월 30일 장중 91,200원 11.63% 상승",0.261,1,0,https://www.topstarnews.net/news/articleView.html?idxno=16048528
2026-04-30,[#IT라운지] 품고 '브랜드 성장 세미나'·다음 '웹예능 론칭'·카모 '광고...,0.322,1,0,https://www.newsworks.co.kr/news/articleView.html?idxno=839485
2026-04-30,MBA학위·우수인재 10억 포상… 차세대 경영자 위한 ‘통큰 지원’[‘청...,0.0,0,0,https://www.munhwa.com/article/11586126?ref=naver
2026-04-30,4월 29일 주식시장 주요공시,0.0,0,0,https://www.catchnews.kr/news/articleView.html?idxno=123401
2026-04-30,"[코스피·코스닥, 에코프로 SK아이이테크놀로지 삼성물산 LG전자 아모레...",0.0,0,0,https://www.public25.com/news/articleView.html?idxno=45372
2026-04-30,[오늘의 IR] 삼성전자 ㆍLG에너지솔루션ㆍ한화에어로스페이스 등,0.0,0,0,https://www.etoday.co.kr/news/view/2580619
2026-04-30,[오늘의 주요일정·30일] '서부지법 난동범들' 상고심 선고,0.0,0,0,https://www.safetimes.co.kr/news/articleView.html?idxno=242401
2026-04-30,순화빌딩 인수 나선 김동선 부사장…독자경영 속도?,0.0,0,0,https://news.dealsitetv.com/articles/169365
2026-04-30,"[더벨][Company Watch] 한화비전, 세미텍 공백에 시큐리티 부진까지 '이중...",0.322,1,0,https://www.thebell.co.kr/free/content/ArticleView.asp?key=202604291719591720101769
2026-04-30,"김재연 ""평택을, 마지막까지 감동 드라마 만들 것""[한판승부]",0.0,0,0,https://www.nocutnews.co.kr/news/6510523?utm_source=naver&utm_medium=article&utm_campaign=20260430070039
2026-04-30,"[한화 새판짜기] ㊦ 김동선의 승부수…백화점·호텔, ‘AI·로봇 테스트...",0.322,1,0,https://www.ddaily.co.kr/page/view/2026042912351561008
2026-04-30,"[N2 모닝 경제 브리핑-4월 30일] 美증시, 반도체 힘으로 혼조 마감…인텔...",0.0,0,0,https://www.news2day.co.kr/article/20260429500044
2026-04-30,"코스피·코스닥 전 거래일(29일) 주요공시...디에이테크놀로지, 27억원 ...",0.0,0,0,https://www.pinpointnews.co.kr/news/articleView.html?idxno=449717
2026-04-29,한화비전 1Q 영업익 221억원…한화세미텍 137억원 적자,0.408,1,0,http://www.edaily.co.kr/news/newspath.asp?newsid=05753126645421040
2026-05-04,"한화 김동선이 손절한 '파이브가이즈', 미국서 최고의 버거 1위",0.0,0,0,https://www.theguru.co.kr/news/article.html?no=101091
2026-05-03,"거제시장 변광용 후보, 대학생·청년 정책 발표",0.0,0,0,https://www.newsgn.com/news/articleView.html?idxno=550135
2026-05-03,"이장우 대전시장 ""일류경제도시 전환…글로벌 경제과학수도 도약""",0.0,0,0,https://www.shinailbo.co.kr/news/articleView.html?idxno=5016965
2026-05-03,"[아주ABC 대한민국 리더에게 듣는다- 이시종 전 충북지사] ""지방선거, 표...",0.0,0,0,https://www.ajunews.com/view/20260430110814470
2026-05-03,우주용 태양전지 가격 낮춘 K-신기술…에너지 인프라 새판 짠다,0.0,0,0,https://www.mt.co.kr/future/2026/05/03/2026042717114796766
2026-05-03,테슬라 옵티머스 2027년 양산 박차… 휴머노이드 패권 전쟁 점화,0.0,0,0,https://www.g-enews.com/view.php?ud=2026050220455220062bd56fbc3c_1
2026-05-02,한화 3남 김동선 독립 경영 본격화…'외식 재건' 승부수 통할까,0.0,0,0,https://www.econovill.com/news/articleView.html?idxno=739130
2026-05-02,'안전신고 연 1천만 건' LG 엑사원이 맡는다…공공 AX 핵심 두뇌로,0.0,0,0,https://news.bizwatch.co.kr/article/industry/2026/04/30/0037
2026-05-02,"""중국 AI가 미국을 따라잡았냐""는 질문이 잘못된 이유",0.0,0,0,https://www.ohmynews.com/NWS_Web/View/at_pg.aspx?CNTN_CD=A0003229851&CMPT_CD=P0010&utm_source=naver&utm_medium=newsearch&utm_campaign=naver_news
2026-05-02,"""AI가 먼저 감지하고 대응""…국민 안전 바꾸는 '사람 중심 AI' 확산",0.0,0,0,https://www.straightnews.co.kr/news/articleView.html?idxno=301478
2026-05-02,"[한화 재계 지도 재편③] 김동관, 우주·에너지에 베팅…'100년 한화' 자...",0.0,0,0,https://www.apnews.kr/news/articleView.html?idxno=3048354
2026-05-02,[여경 코멘토] 4월 넷째 주 3명 활동···지적·의견 22건 무슨 내용?,0.322,1,0,https://www.womaneconomy.co.kr/news/articleView.html?idxno=253238
2026-05-02,K-푸드 집결지 된 베트남…동남아 진출 '속도전',0.0,0,0,https://www.pointdaily.co.kr/news/articleView.html?idxno=303438
2026-05-06,[스토리] 푸꾸옥에서 미리 꺼내 쓰는 여름,0.0,0,0,https://www.traveltimes.co.kr/news/articleView.html?idxno=415742
2026-05-05,[이슈] 중동 리스크에 건설업계 3중고…수주 원가 금융 동시 압박,0.38,1,0,https://www.polinews.co.kr/news/articleView.html?idxno=730262
2026-05-05,KAI 경영참여 나선 한화… 김승연의 '韓 록히드마틴 꿈' 영근다,0.0,0,0,https://www.asiatoday.co.kr/kn/view.php?key=20260506010000726
2026-05-05,"하유정 ""준비된 보은 발전, 힘 있는 여당 군수""",0.0,0,0,https://www.nocutnews.co.kr/news/6512378?utm_source=naver&utm_medium=article&utm_campaign=20260505035642
2026-05-05,"아이티센글로벌, 하나은행과 금 신탁 협력 및 AI 역량 강화 추진",0.0,0,0,https://www.pinpointnews.co.kr/news/articleView.html?idxno=450553
2026-05-05,대한광통신·오이솔루션 주가 동반 강세…광통신 사이클 재가동,0.322,1,0,https://www.pinpointnews.co.kr/news/articleView.html?idxno=450484
2026-05-05,"‘한국판 록히드마틴’ 노리는 김승연의 승부수, 한화 KAI 인수 ‘카운트...",0.0,0,0,https://magazine.hankyung.com/business/article/202605056009b
2026-05-05,EU '방산 보따리' 풀었다… 부품 65% '유럽산 룰'이 갈림길,0.0,0,0,https://www.g-enews.com/view.php?ud=202605041934194573fbbec65dfb_1
2026-05-04,"“한국판 스페이스X 속도전”… 한화에어로스페이스, 한국항공우주 지...",0.0,0,0,https://www.megaeconomy.co.kr/news/newsview.php?ncode=1065608480945688
2026-05-04,이장우 대전시장 후보 “G2 경제과학수도 대전 완성” 민선9기 출마 선...,0.0,0,0,http://www.breaknews.com/1204986
2026-05-04,"메타플렉스, AI 에이전트 시대 솔라나 인프라 비전 제시",0.0,0,0,https://www.joongang.co.kr/article/25425646
2026-05-04,"이장우, 대전시장 재선 도전 선언…""성장 성과 완성하고 미래 도약 이끌...",0.322,1,0,https://www.gukjenews.com/news/articleView.html?idxno=3573252
2026-05-04,"한화, KAI 경영 참여 선언…방산 공룡 나오나 (종합)",0.0,0,0,https://biz.sbs.co.kr/article_hub/20000308272?division=NAVER
2026-05-04,"이장우 “무능 무책임 무대책, 허 시장 4년은 대전의 위기”",0.0,0,0,https://www.kukinews.com/article/view/kuk202605040111
2026-05-04,"이장우 대전시장, 재선 도전 공식 선언…""G2 경제과학수도 완성할 것""",0.0,0,0,https://news.tf.co.kr/read/national/2319529.htm
2026-05-04,한화세미텍 부진에 500억 수혈… HBM 장비 경쟁 '험로',0.408,1,0,http://www.seoulwire.com/news/articleView.html?idxno=719891
2026-05-04,"이장우 ""이번 선거는 민주당 독재와 허태정 3무 시정 심판 선거""",0.0,0,0,https://www.ohmynews.com/NWS_Web/View/at_pg.aspx?CNTN_CD=A0003231061&CMPT_CD=P0010&utm_source=naver&utm_medium=newsearch&utm_campaign=naver_news
2026-05-04,"미국서 '한국 내 군함 건조' 필요성 부각, 한화오션 HD현대중공업 삼성...",0.0,0,0,https://www.businesspost.co.kr/BP?command=article_view&num=437049
2026-05-04,"이장우 ""G2 경제과학수도 완성, 도시철도 3·4·5·6호선 4년 내 개통""",0.0,0,0,http://www.chungnamilbo.co.kr/news/articleView.html?idxno=886650
2026-05-04,"프로이천, 세계 최초 특허 기술 앞세워 차세대 반도체·디스플레이 시장...",0.261,1,0,https://www.pinpointnews.co.kr/news/articleView.html?idxno=450366
2026-05-04,"이장우 대전시장 후보 ""인구증가·웨이팅 꿀잼도시 만들어""",0.0,0,0,https://view.asiae.co.kr/article/2026050412510346543
2026-05-04,"[소부장 레이더] 한화세미텍, 1분기 보릿고개…HBM4 효과 언제쯤",0.682,2,0,https://www.bloter.net/news/articleView.html?idxno=661239
2026-05-04,"이장우, 대전시장 재선 선언…""민선 8기 성과 이어 도약 완성""",0.261,1,0,https://www.newstnt.com/news/articleView.html?idxno=700982
2026-05-04,"인력난 해결의 열쇠, 자동화 기술이 주도하는 일본 식품 산업의 변화",0.0,0,0,http://dream.kotra.or.kr/kotranews/cms/news/actionKotraBoardDetail.do?SITE_NO=3&MENU_ID=180&CONTENTS_NO=1&bbsGbn=243&bbsSn=243&pNttSn=240791
2026-05-04,"한화솔루션, '5조 자산 팔아라' vs '1.8조 빚 갚아야'…금감원 압박에 딜...",-0.408,0,1,https://magazine.hankyung.com/business/article/202605044138b
2026-05-04,"노광공정의 핵심 '오버레이 계측장비'… 오로스테크놀로지, 기술력 입증...",0.604,2,0,https://www.pinpointnews.co.kr/news/articleView.html?idxno=450310
2026-05-04,"아이들의 꿈, 기업이 함께 지킨다···어린이날 앞두고 돌아본 협력의...",0.0,0,0,https://www.donga.com/news/Society/article/all/20260429/133834771/2
2026-05-04,"[더벨]크래프톤, '알토스 사단' 쏘카 3대 주주 등극",0.0,0,0,https://www.thebell.co.kr/free/content/ArticleView.asp?key=202604301511303720107451
2026-05-04,"한화 3세 김동선,'실적 폭망' 건설서 손 뗐다…지주사 올인",0.0,0,0,https://realty.chosun.com/site/data/html_dir/2026/05/04/2026050400392.html
2026-05-07,"[오늘(7일)의 경제·산업 주요 일정·행사] 'LG, 2026년 1분기 경영실적...",0.0,0,0,http://www.popcornnews.net/news/articleView.html?idxno=120314
2026-05-06,무소속 노관규 시장 “순천 미래 멈출 수 없다”…4선 도전 공식화,0.0,0,0,https://news.mtn.co.kr/news-detail/2026050616585810824
2026-05-06,"㈜한화, 올 1분기 영업익 1895억…전년비 24.8% ↑",0.0,0,0,http://www.segyebiz.com/newsView/20260506517403?OutUrl=naver
2026-05-06,'한화K제조핵심PLUS 펀드' 설정 한 달여 만에 순자산 1천억 원 돌파,0.261,1,0,https://news.tvchosun.com/site/data/html_dir/2026/05/06/2026050690250.html
2026-05-06,"'월가 전설' 하워드 막스, '한경 프리미엄9'에서 만나세요",0.0,0,0,https://www.hankyung.com/article/2026050696231
2026-05-06,[게임뉴스] 컴투스 및 펄어비스 소식 외,0.0,0,0,https://www.gamevu.co.kr/news/articleView.html?idxno=57695
2026-05-06,"한화생명이 투자한 센트로이드PE, '더피플라이프' 인수 [fn마켓워치]",0.0,0,0,http://www.fnnews.com/news/202605061733560401
2026-05-06,"'K팔란티어' 마키나락스 ""국방 피지컬 AI 정조준"" [IPO톡톡]",0.0,0,0,https://www.wowtv.co.kr/NewsCenter/News/Read?articleId=A202605060523&t=NNv
2026-05-06,"미래에셋증권, 업계 최초 '시총 50조'…'고객 중심' 자산관리 전략 통했...",0.322,1,0,http://www.popcornnews.net/news/articleView.html?idxno=120445
2026-05-06,"마키나락스 ""공장과 전장 아우르는 AI 구현""…제조·국방 레퍼런스로 코...",0.0,0,0,https://www.newsworks.co.kr/news/articleView.html?idxno=839954
2026-05-06,"센트로이드PE, 더피플라이프 인수…'토탈 시니어 라이프케어 플랫폼' 정...",0.0,0,0,https://www.etoday.co.kr/news/view/2582061
2026-05-06,"노관규 순천시장, 5대 경제축 앞세워 재선 출사표…""멈춤 아닌 완성의 ...",0.0,0,0,https://www.kpinews.kr/newsView/1065598711619376
2026-05-06,"'일잘러' 노관규, 무소속 순천시장 출사표…""검증된 리더십으로 순천 변...",0.0,0,0,https://www.pressian.com/pages/articles/2026050615534752875?utm_source=naver&utm_medium=search
2026-05-06,"“공장부터 전쟁터까지”…마키나락스, ‘피지컬 AI’로 코스닥 도전[I...",0.0,0,0,http://www.edaily.co.kr/news/newspath.asp?newsid=05848246645446296
2026-05-06,"메타플렉스, AI 에이전트 시대 기술 인프라 전략 소개",0.0,0,0,http://www.bizwnews.com/news/articleView.html?idxno=135895
2026-05-06,"노관규 순천시장, 연임 도전 선언…""더 나아가 미래 비전 완성해야 할 ...",0.0,0,0,https://news.tf.co.kr/read/national/2320004.htm
2026-05-06,"[6･3 순천] 노관규 순천시장, 재선 출마 공식화… ""순천의 변화 완수하...",0.0,0,0,http://www.bizwnews.com/news/articleView.html?idxno=135894
2026-05-06,"노관규 순천시장, 민선 9기 무소속 출마 선언,""순천 변화 완성하겠다""",0.0,0,0,https://www.ppss.kr/news/articleView.html?idxno=295148
2026-05-06,"공실률 꺾인 서울 오피스, 투자시장도 선방…CBD 공급은 변수",0.0,0,0,https://www.etoday.co.kr/news/view/2582002
2026-05-06,"노관규 순천시장, 무소속 출마 선언 ""순천의 4년 변화, 완성 약속""",0.0,0,0,https://www.hankookilbo.com/news/article/A2026050614490004522?did=NA
2026-05-06,"심승필 수퍼게이트 대표 ""칩 설계 넘어 'K-컴퓨터' 시스템 장악할 것""",0.0,0,0,https://zdnet.co.kr/view/?no=20260504103112
2026-05-06,[더밸류 브리핑] 오늘의 소식…한화투자증권·한화자산운용,0.0,0,0,http://www.thevaluenews.co.kr/news/view.php?idx=198498
2026-05-06,노관규 “순천 중대 갈림길”…연속성·안정 리더십 강조하며 순천시장...,0.0,0,0,https://www.womennews.co.kr/news/articleView.html?idxno=277121
2026-05-06,박찬대 “인천 앞바다 바람을 돈바람으로···해상풍력 육성”,0.0,0,0,https://www.khan.co.kr/article/202605061441001
2026-05-06,"'징검다리 4선 도전' 노관규 순천시장, ""4년 변화 완성할 터""",0.0,0,0,https://daily.hankooki.com/news/articleView.html?idxno=1364280
2026-05-06,[재계 인사이드] SK 계열사가 삼성보다 두배 이상 많은 이유,0.0,0,0,https://www.news2day.co.kr/article/20260506500131
2026-05-06,‘이름 석 자’ 노관규 “뻔한 반대 예상됐어도 안 피해”,0.0,0,0,https://biz.heraldcorp.com/article/10732097?ref=naver
2026-05-06,"[6·3지방선거 현장]노관규 순천시장, 순천시장 출마 공식 선언",0.0,0,0,https://www.namdonews.com/news/articleView.html?idxno=909604
2026-05-06,美 공급망 재편 수혜 기대…한화K제조핵심PLUS 펀드 1000억 돌파,0.261,1,0,https://www.sedaily.com/article/20040757?ref=naver
2026-05-06,노관규 “순천 대전환 완성하겠다”…성과론 앞세워 4선 출마,0.0,0,0,https://www.mk.co.kr/article/12037351
2026-05-06,"‘무소속 노관규 후보’, 순천시장 출마 선언···“4년 변화 완성할 터...",0.0,0,0,https://www.seoul.co.kr/news/politics/2026/05/06/20260506500139?wlog_tag3=naver
2026-05-06,노관규 순천시장 무소속 출마 선언…이재명 정부서 예산 전남 1위 달성,0.0,0,0,https://www.kmib.co.kr/article/view.asp?arcid=0029781179&code=61111111&cp=nv
2026-05-06,"""지금 딱 필요한 시장""…노관규, 순천시장 재선 도전 선언",0.0,0,0,https://www.newspim.com/news/view/20260506000588
2026-05-06,"노관규 순천시장, 재선 출마 선언 ""순천의 변화, 결과로 완성하겠다""",0.0,0,0,https://www.greened.kr/news/articleView.html?idxno=340251
2026-05-06,"""실행 능력 탁월""...노관규, 민선9기 순천시장 출마 공식 선언",0.0,0,0,http://www.breaknews.com/1205187
2026-05-06,"㈜한화, 1분기 영업이익 1895억원…전년 대비 24.8%↑",0.0,0,0,https://www.kukinews.com/article/view/kuk202605060079
2026-05-06,[정경TV] 노관규 순천시장 4선 도전 선언..“질의 응답은 추후에”,0.0,0,0,https://kpenews.com/View.aspx?No=4067662
2026-05-06,"노관규 순천시장 출마 선언 “지난 4년 변화, 중단 없이 완성할 것” [6...",0.0,0,0,https://www.segye.com/newsView/20260506508805?OutUrl=naver
2026-05-06,"무소속 노관규, 순천시장 연임 도전…""순천 변화 완성할 것""",0.0,0,0,https://www.newsis.com/view/NISX20260506_0003618381
2026-05-06,"박찬대, '해상풍력 6대 전략' 발표… ""인천을 에너지 전환 수도로""",0.0,0,0,https://www.joongboo.com/news/articleView.html?idxno=363724727
2026-05-06,'터미네이터'를 국산화한다는 상상 [데스크 칼럼],0.0,0,0,https://www.dailian.co.kr/news/view/1641099/?sc=Naver
2026-05-06,"씨앤지하이테크, CCSS 장비 및 에칭가스 국산화로 성장 동력 확보",0.322,1,0,https://www.pinpointnews.co.kr/news/articleView.html?idxno=450716
2026-05-06,한화운용 'K제조핵심PLUS 펀드' 순자산 1000억 넘어…반도체·방산 등 투...,0.0,0,0,http://www.newslock.co.kr/news/articleView.html?idxno=129703
2026-05-06,"삼성전자 P5에 THC 반입…워트, HBM 시장 공략 속도 낸다",0.408,2,1,https://www.pinpointnews.co.kr/news/articleView.html?idxno=450676
2026-05-06,"한화자산운용, ‘한화K제조핵심PLUS 펀드’ 순자산 1000억원 돌파",0.261,1,0,https://www.megaeconomy.co.kr/news/newsview.php?ncode=1065574002356215
2026-05-06,"한화자산운용 '한화K제조핵심PLUS' 펀드, 설정 한 달여 만에 1,234억 돌파",0.261,1,0,http://www.lawissue.co.kr/view.php?ud=2026050609475143349817d053b9_12
2026-05-06,윤 정부의 '고스트로보틱스 스캔들'과 LIG D&A의 어떤 연루 [취재파일],0.0,0,0,https://news.sbs.co.kr/news/endPage.do?news_id=N1008547001&plink=ORI&cooper=NAVER
2026-05-06,"한화K제조핵심PLUS 펀드, 설정 한 달여 만에 순자산 1000억원 돌파",0.261,1,0,http://www.edaily.co.kr/news/newspath.asp?newsid=03512886645446296
2026-05-06,[IPO 뜯어보기] [마키나락스] 미국 실패 딛고 일본진출 도전,0.0,0,0,https://news.dealsitetv.com/articles/169598
2026-05-06,'진격의 김승연' 재계순위 5위 이어 한국항공우주산업 인수 나서나...지...,0.0,0,0,https://www.greened.kr/news/articleView.html?idxno=340223
2026-05-08,“AI가 전장 판단”… 미래형 지휘체계 구축 나선다,0.0,0,0,https://www.segye.com/newsView/20260507515353?OutUrl=naver
2026-05-08,"""보험 넘어 금융 플랫폼으로""…한화생명, AI 전환 속도전",0.0,0,0,https://daily.hankooki.com/news/articleView.html?idxno=1364856
2026-05-07,"한화 방산 3사, 美 국방 고위인사단과 협력 논의",0.0,0,0,https://www.fetv.co.kr/news/articleView.html?idxno=301857
2026-05-07,방산 넘어 우주로 확장… 한화 '한국판 스페이스X' 도약 큰 그림,0.0,0,0,https://www.asiatoday.co.kr/kn/view.php?key=20260508010001673
2026-05-07,"한화 방산 3사, 미국 국방 고위인사단 초청 간담회",0.0,0,0,https://www.nocutnews.co.kr/news/6513703?utm_source=naver&utm_medium=article&utm_campaign=20260507051907
2026-05-07,반도체 광풍에도 웃지 못한 '후발주자' 한화세미텍…SK하이닉스 뒷배로...,0.0,0,0,https://www.newsquest.co.kr/news/articleView.html?idxno=265907
2026-05-07,"[유미's 픽] 내실 다진 롯데이노베이트, 김경엽 체제서 '체력' 키웠다…...",0.0,0,0,https://zdnet.co.kr/view/?no=20260507165252
2026-05-07,[특별기획] 빠른 길보다 바른 길 35년···철콘 TOP5 일궈,0.38,1,0,https://www.koscaj.com/news/articleView.html?idxno=323996
2026-05-07,한화 찾은 미국 국방인사들…해리스 전 태평양사령관 등 방문,0.0,0,0,https://www.seoul.co.kr/news/economy/industry/2026/05/07/20260507500218?wlog_tag3=naver
2026-05-07,"한화 방산 3사, 美 국방 고위인사단과 협력 논의…“한미 방산동맹 강화...",0.0,0,0,https://www.todayeconomic.com/news/article.html?no=30480
2026-05-07,한화 방산3사 “한미동맹은 한화그룹 방산의 근간” … 美 공략 강화,0.0,0,0,https://biz.newdaily.co.kr/site/data/html/2026/05/07/2026050700241.html
2026-05-07,"매출 최고치에도…크래프톤 ‘피지컬 AI’ 승부수, 시장 의구심 해소할...",0.0,0,0,https://ilyo.co.kr/?ac=article_view&entry_id=510735
2026-05-07,"한화 방산3사, 美 국방 고위인사 초청…한미 방산협력 강화 논의",0.0,0,0,https://www.megaeconomy.co.kr/news/newsview.php?ncode=1065594474663406
2026-05-07,"""한국 기술력 이 정도였어?""... 美 국방부 핵심 인사들이 한화 방산3사 ...",0.0,0,0,https://www.insight.co.kr/news/553125
2026-05-07,급식업계 선전 속 신사업 만지작…인구 감소에 전략 모색,0.0,0,0,https://www.m-i.kr/news/articleView.html?idxno=1370465
2026-05-07,"한화 방산 3사, 美 국방 고위인사단 초청 간담회 개최",0.0,0,0,https://biz.heraldcorp.com/article/10732922?ref=naver
2026-05-07,"HD현대 '아비커스', 안두릴 무인수상정 10월 후 해상 실증",0.0,0,0,http://www.fnnews.com/news/202605070813337435
2026-05-07,"[더벨][현장+] [영상]링크플로우, NPU 담은 360 카메라…이젠 글로벌 무...",0.322,1,0,https://www.thebell.co.kr/free/content/ArticleView.asp?key=202605071112559520108252
2026-05-07,"""한미동맹은 방산의 근간"" 한화 방산3사, 美장성 20명 면담",0.0,0,0,https://www.catchnews.kr/news/articleView.html?idxno=123577
2026-05-07,"한화 방산 3사, 美 장성급 20명 만남…방산 협력 강화",0.0,0,0,https://news.dealsitetv.com/articles/169873
2026-05-07,"메타플렉스, 'CIS 2026'서 인공지능 에이전트 인프라 전략 공개… 한국 ...",0.0,0,0,https://www.g-enews.com/view.php?ud=202605071334553609e7e8286d56_1
2026-05-07,"美 공략 속도 내는 한화, 해리스 전 태평양 사령관과 간담회",0.0,0,0,https://biz.chosun.com/industry/company/2026/05/07/V5PVIRWOMNBNNP66ZNGS7XPZZE/?utm_source=naver&utm_medium=original&utm_campaign=biz
2026-05-07,[김창덕의 미래항공교통] 릴리움의 붕괴가 말하는 UAM 산업의 현실,0.0,0,0,http://www.opinionnews.co.kr/news/articleView.html?idxno=138023
2026-05-07,"한화 방산 3사, 美 국방 고위인사단 초청…한미 협력 논의",0.0,0,0,https://www.delighti.co.kr/news/articleView.html?idxno=116074
2026-05-07,"한화 방산 3사, 美 국방 고위인사단과 방산 협력 논의",0.0,0,0,https://www.etnews.com/20260507000253
2026-05-07,"CCP게임즈, 독립 후 새 이름 '펜리스'로 변경",0.0,0,0,https://www.tgdaily.co.kr/news/articleView.html?idxno=404057
2026-05-07,"한화 방산 3사, 美 장성급 20명 만남…방산 협력 본격화",0.0,0,0,https://biz.sbs.co.kr/article_hub/20000308805?division=NAVER
2026-05-07,"한화, 미 국방 고위인사단 초청···한미 '방산협력' 논의",0.0,0,0,https://www.betanews.net/article/view/beta202605070026
2026-05-07,"한화 방산3사, 해리스 등 전 美 고위급 인사단과 간담회",0.0,0,0,http://www.techholic.co.kr/news/articleView.html?idxno=221077
2026-05-07,"한화 방산 3사, 美 국방 고위 인사단과 한미 방산 협력 확대 방안 논의",0.0,0,0,https://www.joongangenews.com/news/articleView.html?idxno=517385
2026-05-07,"한화 방산3사, 해리스 전 美사령관 간담회…“양국 협력 논의”",0.0,0,0,https://www.busan.com/view/busan/view.php?code=2026050712571926496
2026-05-07,"한화 방산 3사, 해리 해리스 등 美 국방 고위인사단 초청… 방산 협력 강...",0.0,0,0,https://www.pointe.co.kr/news/articleView.html?idxno=79213
2026-05-07,"한화 방산 3사, 해리스 등 미 국방 고위인사 초청",0.0,0,0,https://www.starnewskorea.com/business-life/2026/05/07/2026050712253773192
2026-05-07,"한화 방산 3사, 美 국방 고위인사단 초청 간담회",0.0,0,0,https://www.sedaily.com/article/20041186?ref=naver
2026-05-07,"한화 방산 3사, 美 국방 고위인사단 초청…""방산모델로 협력 의제 발굴...",0.0,0,0,http://www.paxetv.com/news/articleView.html?idxno=271408
2026-05-07,"나인하이어, 제조·반도체 채용 웨비나 연다",0.0,0,0,http://www.hansbiz.co.kr/news/articleView.html?idxno=837291
2026-05-07,"한화 방산 3사, 해리스 전 사령관 등 미국 국방 고위인사단 초청",0.0,0,0,https://www.sidae.com/article/2026050711221520197
2026-05-07,"한화 방산 3사, 美 국방 고위인사 초청…한미 방산 협력 논의",0.0,0,0,http://www.whitepaper.co.kr/news/articleView.html?idxno=262137
2026-05-07,"한화 방산 3사, 미국 국방 고위인사단 초청 간담회 개최",0.0,0,0,https://www.mt.co.kr/industry/2026/05/07/2026050711001262321
2026-05-07,"한화 방산 3사, 美 국방 고위인사단 간담회 개최…""협력 의제 발굴""",0.0,0,0,https://www.sentv.co.kr/article/view/sentv202605070049
2026-05-07,"한화 방산 3사, 美 국방 고위인사단과 방산 협력 논의…""함께 성장하는...",0.322,1,0,https://www.socialvalue.kr/news/view/1065577862633718
2026-05-07,"한화 3사, 해리스 전 태평양사령관 등 미국 국방인사 만나",0.0,0,0,https://www.yna.co.kr/view/AKR20260507076800003?input=1195m
2026-05-07,"한화, 美 국방 고위인사단과 간담회⋯방산 3사 글로벌 사업 소개",0.0,0,0,http://www.inews24.com/view/1966263
2026-05-07,"한화 방산 3사, 美 핵심 장성단 장교동 집결… 글로벌 방산 협력 '드라이...",0.0,0,0,http://www.newslock.co.kr/news/articleView.html?idxno=129784
2026-05-07,"한화 방산, 美 국방 고위인사단 본사 초청…양국 협력 논의",0.0,0,0,https://www.news1.kr/industry/general-industry/6159207
2026-05-07,"한화 방산3사, 해리스 전 美태평양사령관 간담회…""한미 방산 협력 확대...",0.0,0,0,https://www.newsis.com/view/NISX20260507_0003619848
2026-05-07,"한화 방산 3사, 미국 국방 고위인사단과 방산 협력 확대 논의",0.0,0,0,https://view.asiae.co.kr/article/2026050710552382135
2026-05-07,"한화, 美 군 수뇌부 출신과 '한미 방산 협력' 논의",0.0,0,0,http://www.fnnews.com/news/202605071042529797
2026-05-07,"한화 방산 3사, 미 국방 고위관료들과 협력 강화",0.0,0,0,https://www.businesskorea.co.kr/news/articleView.html?idxno=269051
2026-05-07,"한화, 美 국방 고위인사단과 간담회…방산 3사 글로벌 사업 소개",0.0,0,0,https://news.tf.co.kr/read/economy/2320230.htm
2026-05-07,"한화그룹 방산 3사, 美국방 고위인사단 초청…""동맹 방산 모델 만든다""",0.0,0,0,https://www.financialpost.co.kr/news/articleView.html?idxno=258043
2026-05-07,"한화 방산 3사, 해리스 前 미 태평양사령관 등 고위인사단 초청 간담회",0.0,0,0,https://www.etoday.co.kr/news/view/2582287
2026-05-07,"한화 방산 3사, 美 국방 고위인사단 초청 간담회...""협력 의제 발굴""",0.0,0,0,https://www.newspim.com/news/view/20260507000390
2026-05-07,"""한미 방산 협력 확대 논의""…한화 방산3사, 美 국방 고위인사 초청",0.0,0,0,https://www.dailian.co.kr/news/view/1641522/?sc=Naver
2026-05-07,[1% 초고수의 개장 선택] '현대차그룹' 사고 'AI 인프라' 정리했다,0.0,0,0,https://www.ebn.co.kr/news/articleView.html?idxno=1707818
2026-05-07,"노관규 순천시장, 민선9기 출마 공식화…“순천 미래 완성하겠다”",0.0,0,0,https://www.asiatoday.co.kr/kn/view.php?key=20260507010001275
2026-05-07,[HR 뉴스브리핑] 현대백화점그룹·포스코 등… 주요기업 채용 '활발',0.0,0,0,https://www.asiatime.co.kr/article/20260507500041
2026-05-07,"한화 3남 김동선, 외식에 올인…사업 방향 선명해졌다",0.0,0,0,http://datanews.co.kr/news/article.html?no=144588
2026-05-07,"[신성장 엔진 장착] 현대백화점 정지선, 지속 성장 전략으로 유통 경쟁...",0.322,1,0,https://www.financialpost.co.kr/news/articleView.html?idxno=258003
2026-05-11,‘홀로서기’ 한화 삼남 김동선…시험대 오른 외식 사업,0.0,0,0,https://economist.co.kr/article/view/ecn202605040039
2026-05-11,"김기홍號 JB금융, AX ‘외국인금융ʼ까지 확대 [금융권 AI 人포그래픽]",0.0,0,0,http://www.fntimes.com/html/view.php?ud=20260508223556914dd55077bc2_18
2026-05-10,"현대차그룹·KAI, 하늘길 모빌리티 협약… ""글로벌 K-AAM 개발"" 속도",0.0,0,0,http://www.biztribune.co.kr/news/articleView.html?idxno=353669
2026-05-10,[기자의 시각]유권자,0.38,1,0,https://www.gnnews.co.kr/news/articleView.html?idxno=636545
2026-05-10,"미국의 동맹인가, 전쟁의 소모품인가 흔들리는 걸프",0.0,0,0,https://vop.co.kr/A00001693376.html
2026-05-10,[지선 후보 인터뷰-대전시장] 이장우 “말 아닌 성과로 증명…위대한 대...,0.0,0,0,https://www.joongdo.co.kr/web/view.php?key=20260510010001968
2026-05-10,"글로벌 AI 강자 손잡고…K조선, 자율운항 패권 노린다",0.0,0,0,https://www.sedaily.com/article/20042174?ref=naver
2026-05-10,"한화, 2030년까지 7000억 투자 '주주환원' 적극 검토",0.0,0,0,https://www.bloter.net/news/articleView.html?idxno=661697
2026-05-10,"대전시장 선거전, 허태정·이장우 치열한 '유튜브 활용'",0.0,0,0,https://www.newsis.com/view/NISX20260510_0003623097
2026-05-09,이제는 기계체조까지…더 진화한 '아틀라스',0.0,0,0,https://news.bizwatch.co.kr/article/industry/2026/05/08/0019
2026-05-09,북경한미 첫 4000억 매출 성장세에 한미약품 조직개편까지…글로벌 전략...,0.645,2,0,http://www.kdfnews.com/news/articleView.html?idxno=183042
2026-05-12,"이동현 중구청장 후보, '젊고 패기있는 중구'위한 골든타임 ... ""안전과...",0.0,0,0,http://www.ttlnews.com/news/articleView.html?idxno=3107013
2026-05-11,미래모빌리티·AI 혁신인재 육성…R&D 공급망 구축 추진,0.0,0,0,http://www.kookje.co.kr/news2011/asp/newsbody.asp?code=0300&key=20260512.22011002363
2026-05-11,‘조선’ 넘어 ‘글로벌 해양 패권’이 거제 앞바다로 [한화오션 출범 ...,0.0,0,0,https://www.busan.com/view/busan/view.php?code=2026051118022896488
2026-05-11,"부영그룹, 건설부문 신입·경력사원 공개채용 [건설·분양오늘]",0.0,0,0,https://www.sisaon.co.kr/news/articleView.html?idxno=200964
2026-05-11,[MONEY] 코스닥·글로벌·제조업 등 미래 성장 액티브 펀드 주목,0.322,1,0,http://www.segyebiz.com/newsView/20260511513402?OutUrl=naver
2026-05-11,[공멸위기 자초 삼전노조]③ '성과급 논란'…소부장 협력사 1700곳 긴장,0.408,1,0,https://www.joongangenews.com/news/articleView.html?idxno=518350
2026-05-11,삼성전자 출신 초격차 유통 미래반도체…세계 유일 AS센터로 신뢰 굳혔...,0.1,1,1,https://www.pinpointnews.co.kr/news/articleView.html?idxno=451834
2026-05-11,[정치家] 박홍근 기획예산처 장관 ㅣ 새 출발 속도전…미래비전·재정개...,0.0,0,0,https://www.cbci.co.kr/news/articleView.html?idxno=573615
2026-05-11,[산업소식] 삼성전자 '갤럭시 S26 패밀리 페스타' 확대 운영,0.0,0,0,http://www.4th.kr/news/articleView.html?idxno=2111564
2026-05-11,"경쟁력 높이는 방산업계, 車·AI와 ‘합종연횡’ 분주",0.0,0,0,https://biz.newdaily.co.kr/site/data/html/2026/05/11/2026051100107.html
2026-05-11,[가보니]한화 3남 김동선의 야심작 아워홈 월드뷔페 ‘테이크’ 종각 상...,0.0,0,0,https://www.viva100.com/article/20260511500290
2026-05-11,[정옥재의 스마트 라이프] '아이폰17프로 비켜~'...'대륙감성' 시진핑폰...,0.0,0,0,http://www.kookje.co.kr/news2011/asp/newsbody.asp?code=0800&key=20260511.99099002372
2026-05-11,[Who Is ?] 박관호 위메이드 창업주 겸 대표이사 회장,0.261,1,0,https://www.businesspost.co.kr/BP?command=article_view&num=436125
2026-05-11,[Who Is ?] 김성권 씨에스윈드 회장,0.0,0,0,https://www.businesspost.co.kr/BP?command=article_view&num=436755
2026-05-11,김동연 경기지사의 물망초심(勿忘初心)...도민과의 약속 실천 1460일 [강...,0.0,0,0,https://www.ajunews.com/view/20260511062401459
2026-05-13,"김영환 국힘 충북지사 예비후보 ""정책과 비전으로 승부…자강 충북 만들...",0.0,0,0,https://www.news1.kr/local/sejong-chungbuk/6164189
2026-05-13,"[부산ㆍ경남 대학 브리핑 모음(5월13일)] 경남정보대-시리즈벤처스, 대...",0.0,0,0,https://www.dnews.co.kr/uhtml/view.jsp?idxno=202605121632300620466
2026-05-12,5월 2주 주요 제조업 전망,0.0,0,0,https://www.laborplus.co.kr/news/articleView.html?idxno=40813
2026-05-12,[오거리] 북극항로와 경남,0.0,0,0,https://www.idomin.com/news/articleView.html?idxno=2005572
2026-05-12,[게임뉴스] 조이시티 및 컴투스 소식 외,0.0,0,0,https://www.gamevu.co.kr/news/articleView.html?idxno=57827
2026-05-12,[대일응접실]민생 플랫폼 vs 도시 대전환…대전시장 후보 '실행력' 맞대...,0.0,0,0,https://www.daejonilbo.com/news/articleView.html?idxno=2274753
2026-05-12,"한화비전, 장애 영유아 안전 시스템 구축",0.0,0,0,https://www.hankyung.com/article/2026051217891
2026-05-12,"한화비전, 창원 영유아 시설에 'AI 안전망'… '비전지대' 사회공헌 시작",0.0,0,0,http://www.economytalk.kr/news/articleView.html?idxno=421278
2026-05-12,"한화비전, 장애 영유아 거주시설 안전 인프라 지원",0.0,0,0,https://www.esgeconomy.com/news/articleView.html?idxno=15488
2026-05-12,"한화투자증권, 1분기 순이익 191억 원…전년 대비 감소",0.0,0,0,https://news.einfomax.co.kr/news/articleView.html?idxno=4414412
2026-05-12,"[게시판] 나라지식정보, 싱가포르 행사서 현지 OCR 수요 확인 등 단신",0.0,0,0,https://www.aitimes.com/news/articleView.html?idxno=210421
2026-05-12,로열파크씨티 2단계 사업 시동…청라 옆 한국판 ‘산탄데르시티’ 들어...,0.0,0,0,https://www.mk.co.kr/article/12045011
2026-05-12,금융타운에 스타필드·수변공원 … 청라 옆 '복합 신도시' 뜬다,0.0,0,0,https://www.mk.co.kr/article/12044865
2026-05-12,"한화투자증권, 올 1분기 순이익 191억원…전분기比 35.9%↑",0.0,0,0,https://www.newsway.co.kr/news/view?ud=2026051217132057799
2026-05-12,"한화證, 1분기 영업익 296억 전기比 17% 늘어",0.322,1,0,https://it.chosun.com/news/articleView.html?idxno=2023092161972
2026-05-12,"""쓰러짐 감지하고 개인정보 가린다""…한화비전·초록나무, 장애 영유아...",0.0,0,0,https://www.financialpost.co.kr/news/articleView.html?idxno=258682
2026-05-12,"한화비전-초록나무, 장애 영유아 위한 안전 인프라 구축 나선다",0.0,0,0,https://www.ekoreanews.co.kr/news/articleView.html?idxno=85989
2026-05-12,"한화비전, 장애 영유아 위한 '비전지대' 시작…""AI 기반 안전 인프라 구...",0.0,0,0,http://www.smarttimes.co.kr/news/articleView.html?idxno=45450
2026-05-12,"한화비전, 장애 영유아 안전 인프라 구축 프로젝트 ‘비전(Vision)지대’...",0.0,0,0,http://www.boannews.com/media/view.asp?idx=143582&kind=3
2026-05-12,"김우석 한화건설 대표, 복합개발·환경 '양날개'로 기업 체질 개선 속도",0.0,0,0,https://www.insightkorea.co.kr/news/articleView.html?idxno=246244
2026-05-12,"한화투자증권, 1분기 당기순이익 191억원…전년比 48.5% 감소",0.0,0,0,https://www.kfenews.co.kr/news/articleView.html?idxno=657870
2026-05-12,"한화투자증권, 1분기 영업익 296억원…전분기 대비 17.8%↑",0.0,0,0,https://daily.hankooki.com/news/articleView.html?idxno=1366262
2026-05-12,"한화투자증권, 1분기 순이익 191억원…전년비 48% 감소",0.0,0,0,https://www.ebn.co.kr/news/articleView.html?idxno=1708475
2026-05-12,"한화투자증권, 1분기 순이익 191억원…전분기比 35.9% 증가",0.0,0,0,https://biz.chosun.com/stock/stock_general/2026/05/12/BQSNO5NDDNEILOA4QB5TPGKDNM/?utm_source=naver&utm_medium=original&utm_campaign=biz
2026-05-12,[거래소 외국인] SK하이닉스 삼성전자 던지고… 조선·전선·원전주로 갈...,0.322,1,0,https://www.pinpointnews.co.kr/news/articleView.html?idxno=452173
2026-05-12,"한화에어로, '방산 통합' 승부수 띄웠지만…""항공우주는 접근 달라야""",0.0,0,0,https://daily.hankooki.com/news/articleView.html?idxno=1366176
2026-05-12,[나눔 트렌드] 2026 희망농구올스타 자선경기 선수 확정 外,0.0,0,0,https://www.ibabynews.com/news/articleView.html?idxno=151224
2026-05-12,"한화證, 1분기 영업익 296억…전분기 대비 17.8%↑",0.322,1,0,https://www.sedaily.com/article/20043060?ref=naver
2026-05-12,"한화투자증권, 1분기 순이익 191억원…전기比 35.9%↑",0.462,1,0,https://www.news2day.co.kr/article/20260512500139
2026-05-12,"한화투자증권, 전분기 대비 수익성 개선…RWA 허브 전략 가속",0.322,1,0,http://www.biztribune.co.kr/news/articleView.html?idxno=353732
2026-05-12,"[산업 뉴스브리핑] LG전자, 나이지리아 주민에 무료 세탁시설 제공",0.0,0,0,https://www.asiatime.co.kr/article/20260512500295
2026-05-12,"[산업 브리핑] 현대자동차그룹 장재훈 부회장, 금탑산업훈장 수훈",0.0,0,0,http://www.worktoday.co.kr/news/articleView.html?idxno=84518
2026-05-12,"롯데쇼핑, 10년 만의 '1조 클럽' 복귀 신호탄…'약속의 해' 가시화",-0.165,1,1,https://www.newsquest.co.kr/news/articleView.html?idxno=266152
2026-05-12,"방산·조선 약진 한화그룹, 재계 5위 진입 남은 건 '태양광'",0.322,1,0,https://www.bloter.net/news/articleView.html?idxno=662014
2026-05-12,"AI 심는 K조선, 자율운항선박 패권경쟁 ‘본격화’",0.0,0,0,http://www.newstomato.com/ReadNews.aspx?no=1300621&inflow=N
2026-05-12,[생생뉴스] 6·3지방선거 기초단체장 후보 연속 인터뷰_황인호 더불어민...,0.0,0,0,https://news.kbs.co.kr/news/pc/view/view.do?ncd=8558812&ref=A
2026-05-12,"[산업 Pick] 효성굿스프링스·LS전선·현대제철·한화비전, '효율·친환경...",0.0,0,0,https://www.lcnews.co.kr/news/articleView.html?idxno=201965
2026-05-12,"한화비전, 첨단 AI로 '비전지대' 구축…장애 영유아 안전 지킨다",0.0,0,0,http://www.globalepic.co.kr/view.php?ud=20260512125015316848439a4874_29
2026-05-12,"ABB, 세계 최초 IE6 등급 초고효율 비자석형 방폭모터 출시",0.0,0,0,http://www.digitalbizon.com/news/articleView.html?idxno=2342846
2026-05-12,"한화비전, AI 보안 기술로 장애 영유아 돌봄 안전망 넓힌다",0.0,0,0,https://www.m-i.kr/news/articleView.html?idxno=1371813
2026-05-12,"LIG D&A, 군사용 로봇 선도 관측...방산 대장주 자리 확보할까? [KB證] [주...",0.0,0,0,http://www.joseilbo.com/news/news_read.php?uid=568102&class=53&grp=
2026-05-12,"한화비전, 장애 영유아 시설에 AI 카메라…'비전지대' 시작",0.0,0,0,https://www.ziksir.com/news/articleView.html?idxno=133563
2026-05-12,"한화비전, 장애 영유아 시설에 AI 카메라 등 안전 인프라 지원",0.0,0,0,https://www.thepowernews.co.kr/view.php?ud=202605121120478329de3f0aa1be_7
2026-05-12,1발 2천원짜리 ‘빛의 방패’…한화시스템의 레이저 무기 ‘초격차 위용...,0.0,0,0,https://www.ekn.kr/web/view.php?key=20260512025242232
2026-05-12,"한화비전, 장애 영유아 안전 인프라 구축 프로젝트 '비전지대' 첫발",0.0,0,0,http://www.smedaily.co.kr/news/articleView.html?idxno=356802
2026-05-12,"삼성전기 신고가 행진…한 달 새 140% 급등, AI 인프라 수혜 부각",0.911,4,0,https://www.the-pr.co.kr/news/articleView.html?idxno=61307
2026-05-12,"한화비전, 첨단 AI 기술로 '비전지대' 조성 나선다",0.0,0,0,https://www.cstimes.com/news/articleView.html?idxno=705295
2026-05-12,"ABB, 'IE6 등급' 초고효율 비자석형 방폭모터 출시",0.0,0,0,https://www.todayenergy.kr/news/articleView.html?idxno=297677
2026-05-12,"한화비전, 장애 영유아 시설 안전 인프라 구축 지원",0.0,0,0,http://www.paxetv.com/news/articleView.html?idxno=271795
2026-05-12,"[위클리오늘] 산업일반 소식_KCC, 한화비전(5.12)",0.0,0,0,http://www.weeklytoday.com/news/articleView.html?idxno=775091
2026-05-12,"한화비전, ‘비전 지대’ 첫발..장애 영유아 시설에 ‘AI 안전지대’ 지...",0.0,0,0,https://kpenews.com/View.aspx?No=4074074
2026-05-12,"삼성전기, 99만 4000원 신고가…'황제주' 입성 초읽기[핫종목]",0.911,4,0,https://www.news1.kr/finance/market-exr/6163566
2026-05-12,"블랙박스 없는 AI… 유디엠텍, '설명 가능한' 솔루션으로 현장 신뢰 잡았...",0.0,0,0,https://www.pinpointnews.co.kr/news/articleView.html?idxno=452041
2026-05-12,"한화비전, 사회공헌 프로젝트로 장애 영유아 시설에 AI 카메라 지원",0.0,0,0,https://www.handmk.com/news/articleView.html?idxno=37927
2026-05-12,"한화비전, 장애 영유아 안전 위한 ‘비전지대’ 조성",0.0,0,0,https://www.sedaily.com/article/20042875?ref=naver
2026-05-12,"한화비전, 장애 영유아 안전 인프라 구축 프로젝트 '비전지대 '첫발",0.0,0,0,https://www.epnc.co.kr/news/articleView.html?idxno=401638
2026-05-12,"한화비전, 장애 영유아 안전 인프라 구축 프로젝트 '비전지대' 시작",0.0,0,0,https://www.insightkorea.co.kr/news/articleView.html?idxno=246207
2026-05-12,"""AI카메라가 장애 아이들 지켜줘요"" 한화비전 '창원 초록나무' 지원",0.0,0,0,https://www.catchnews.kr/news/articleView.html?idxno=123716
2026-05-12,"한화비전, 장애 영유아 시설에 AI 보안 카메라 지원",0.0,0,0,https://www.digitaltoday.co.kr/news/articleView.html?idxno=664757
2026-05-12,한화비전 아이들의 내일을 지키다,0.0,0,0,https://www.newsclaim.co.kr/news/articleView.html?idxno=3063338
2026-05-12,"한화비전, 장애 영유아 위한 안전 인프라 조성",0.0,0,0,https://www.etoday.co.kr/news/view/2583505
2026-05-12,"한화비전, 장애 영유아 안전 인프라 '비전지대' 출범",0.0,0,0,https://news.tf.co.kr/read/economy/2321525.htm
2026-05-12,"한화비전, 장애 영유아 안전 인프라 구축 '비전지대' 첫선",0.0,0,0,https://www.yna.co.kr/view/AKR20260512031600003?input=1195m
2026-05-12,"[Tech & Now] 어플라이드 머티어리얼즈, TSMC와 차세대 AI 반도체 스케일...",0.0,0,0,https://www.ebn.co.kr/news/articleView.html?idxno=1708350
2026-05-12,"한화비전, AI 안전시스템 활용 사회공헌 ‘비전지대’ 프로젝트 착수",0.0,0,0,https://biz.heraldcorp.com/article/10735666?ref=naver
2026-05-12,"한화비전, 사회공헌 '비전지대' 전개…장애 영유아 안전 인프라 구축",0.0,0,0,https://view.asiae.co.kr/article/2026051208435398598
2026-05-12,"한화비전, 사회공헌 '비전지대' 첫발…""장애 영유아 안전 인프라 구축""",0.0,0,0,http://www.edaily.co.kr/news/newspath.asp?newsid=03270166645448264
2026-05-12,"한화비전, 新 사회공헌 프로젝트 '비전지대' 시작...안전 취약계층 지원...",0.0,0,0,https://www.pinpointnews.co.kr/news/articleView.html?idxno=451987
2026-05-12,"한화비전, '기술로 빚은 안전망' 비전지대 1호 가동…장애 아동 보호 앞...",0.0,0,0,https://www.thefairnews.co.kr/news/articleView.html?idxno=76668
2026-05-12,"아워홈, 뷔페로 B2C 확장…김동선 '1석2조' 승부수",0.0,0,0,https://dealsite.co.kr/articles/161550
2026-05-12,메트로경제 5월 12일자 한줄뉴스,0.0,0,0,http://www.metroseoul.co.kr/article/20260511500378
2026-05-14,"울산 찾은 李 “조선업 과실, 노사가 함께 누릴 시스템 만들어야”",0.0,0,0,https://www.chosun.com/politics/politics_general/2026/05/14/I7W6Q6BMGNFYFHYYKP4ELD7NTA/?utm_source=naver&utm_medium=referral&utm_campaign=naver-news
2026-05-13,"이재명 대통령 ""조선업은 생태계 경쟁…고용안정 함께 가야""",0.0,0,0,https://www.pointdaily.co.kr/news/articleView.html?idxno=304839
2026-05-13,"한화비전, 장애 영유아 안전 인프라 구축 위한 ‘비전지대’ 첫발",0.0,0,0,https://www.munhwa.com/article/11588769?ref=naver
2026-05-13,"李대통령 ""조선산업 튼튼한 생태계 구축… 노사 골고루 과실 나눠야""",0.0,0,0,https://www.asiatoday.co.kr/kn/view.php?key=20260514010003571
2026-05-13,K-조선 미래 먹거리 7개 선종 핵심기술 확보 추진,0.0,0,0,http://www.hansbiz.co.kr/news/articleView.html?idxno=838684
2026-05-13,이재명 대통령 울산서 K-조선 미래 논의,0.38,1,0,http://web.ubc.co.kr/wp/archives/127516
2026-05-13,"조선업계 만난 李대통령 ""경기 변동폭 큰 데, 공공 발주는 불황기로 미...",0.0,0,0,https://view.asiae.co.kr/article/2026051320420702454
2026-05-13,"李대통령, 지방선거 격전지 울산 방문 ""조선산업, 상품경쟁 아닌 생태계...",0.0,0,0,https://www.polinews.co.kr/news/articleView.html?idxno=731107
2026-05-13,"조선 3사, 인력 직접채용 20% 늘린다",0.0,0,0,https://www.mk.co.kr/article/12046600
2026-05-13,"정부, K-조선 수출에 ‘16兆’ 금융 지원한다… AI 조선소에는 1조 투입",0.0,0,0,https://biz.chosun.com/policy/policy_sub/2026/05/13/ODW24GZLHRD55M4IEIPE7RRNWA/?utm_source=naver&utm_medium=original&utm_campaign=biz
2026-05-13,"李 ""한미 협력 핵심은 조선업""…산업부, K-조선 3대 미래 전략 제시",0.0,0,0,https://www.ddaily.co.kr/page/view/2026051318510037739
2026-05-13,"조선 3사, 직영 인력 채용 20% 늘린다... 5200억 투입해 핵심 기술 확보",0.0,0,0,https://www.hankookilbo.com/news/article/A2026051314430003101?did=NA
2026-05-13,"이 대통령 ""조선산업 생태계 구축해 성장 과실 골고루 나눠야""",0.322,1,0,https://news.sbs.co.kr/news/endPage.do?news_id=N1008560227&plink=ORI&cooper=NAVER
2026-05-13,"정부, 선박 핵심기술 확보에 5250억 투자…24시간 'AI조선소'도 확보",0.0,0,0,https://www.korea.kr/news/policyNewsView.do?newsId=148964313&call_from=naver_news
2026-05-13,LNG·수소선 핵심기술 확보 나선다… 'K-조선 미래비전' 제시,0.0,0,0,http://www.e-platform.net/news/articleView.html?idxno=102206
2026-05-13,"李대통령 ""조선산업 생태계 구축해 성장 과실 골고루 나눠야""(종합)",0.322,1,0,https://www.yna.co.kr/view/AKR20260513140551001?input=1195m
2026-05-13,"목대균 ""반도체 더 간다…달리는 말에서 내리지 마라"" [한경 PREMIUM9 TODA...",0.0,0,0,https://www.hankyung.com/article/2026051345031
2026-05-13,李대통령 “공공 선박 발주를 불황기에”…조선업 맞춤형 생태계 육성 ...,0.0,0,0,https://www.etnews.com/20260513000391
2026-05-13,"李대통령, 울산서 K-조선 간담회…""생태계 경쟁 시대, 정부 역할 중요""",0.0,0,0,https://www.newsworks.co.kr/news/articleView.html?idxno=840668
2026-05-13,적자 낸 국내생산 기업에 보조금 준다,0.0,0,0,https://www.hankyung.com/article/2026051346021
2026-05-13,"李대통령, “K-조선, 성장의 과실 나누는 튼튼한 생태계 구축이 핵심”",0.322,1,0,https://www.dt.co.kr/article/12062307?ref=naver
2026-05-13,24시간 자율운영 가능한 ‘AI 조선소 프로젝트’에 5년간 민관합동 약 1...,0.0,0,0,https://www.busan.com/view/busan/view.php?code=2026051317473997419
2026-05-13,"이 대통령 ""조선업 생태계 유지 발전에 정부 역할 중요""",0.0,0,0,http://www.jeollailbo.com/news/articleView.html?idxno=800088
2026-05-13,"경남도, '국방·전력·소부장' 특화 반도체 산업 밑그림 그린다",0.0,0,0,https://www.newsgn.com/news/articleView.html?idxno=551988
2026-05-13,"정기선의 HD현대는 '자본재 시대' 올라탔고, HMM은 11조 유동자산에 묶였...",0.0,0,0,http://www.newsroad.co.kr/news/articleView.html?idxno=59291
2026-05-13,"'RG 탓에 선박수주 포기'…李대통령 ""정부재정 위험부담 방안 연구하라...",0.38,1,0,https://www.mt.co.kr/politics/2026/05/13/2026051317124971417
2026-05-13,"산업부, 조선·기자재·협력사와 'K-조선' 상생 생태계 구축 논의",0.0,0,0,https://www.newsis.com/view/NISX20260513_0003627887
2026-05-13,"'K-조선 도약 뒷받침'…정부·금융권, 상생 무역금융 16조 공급",0.0,0,0,https://www.korea.kr/news/policyNewsView.do?newsId=148964307&call_from=naver_news
2026-05-13,울산 찾은 이 대통령 '튼튼한 조선업 생태계' 구축 강조한 이유,0.0,0,0,https://www.ohmynews.com/NWS_Web/View/at_pg.aspx?CNTN_CD=A0003233898&CMPT_CD=P0010&utm_source=naver&utm_medium=newsearch&utm_campaign=naver_news
2026-05-13,"경남도, 우주항공·방산 연계 'G-반도체 얼라이언스' 가동… 특수·전력...",0.0,0,0,https://www.mtnews.net/news/articleView.html?idxno=24778
2026-05-13,"한화 3남 김동선 야심작 '벤슨', 내년까지 100호점 간다",0.0,0,0,http://woman.chosun.com/news/articleView.html?idxno=125816
2026-05-13,라이콤·자화전자 급등에도 업종 약세…실적 기대주 중심 차별화,0.1,1,1,https://www.pinpointnews.co.kr/news/articleView.html?idxno=452453
2026-05-13,"슈퍼브에이아이, 미국 지주사 청산…코스닥 입성 초읽기",0.0,0,0,https://zdnet.co.kr/view/?no=20260513144602
2026-05-13,"산업계, '체험형 공간'과 '산학 협력'으로 브랜드 접점 확대",0.0,0,0,http://www.dailypop.kr/news/articleView.html?idxno=98787
2026-05-13,한화투자증권 1분기 순익 전년比 48% 감소···RWA 승부수 통할까,0.0,0,0,https://www.womaneconomy.co.kr/news/articleView.html?idxno=253656
2026-05-13,"[유통소식] 신세계百, 여름 쇼핑 수요 선점…최대 50% 할인",0.0,0,0,http://www.4th.kr/news/articleView.html?idxno=2111680
2026-05-13,긴트-한화에어로 ‘피지컬 AI’ 동맹...오프로드 무인 로봇 시장 ‘정조...,0.0,0,0,https://www.hellot.net/news/article.html?no=112545
2026-05-13,"지아이텍, 中 진푸그룹과 맞손…“로봇·배터리 신소재 글로벌 공급망 ...",0.0,0,0,https://www.munhwa.com/article/11588650?ref=naver
2026-05-13,"한화비전, 장애 영유아 시설에 AI카메라 지원…""창원 시작해 전국으로""",0.0,0,0,https://www.webeconomy.co.kr/news/articleView.html?idxno=2170546
2026-05-13,"[르포] 1년 동안 체력 기른 벤슨, 내년까지 점포 100개로 늘린다",0.0,0,0,https://www.dnews.co.kr/uhtml/view.jsp?idxno=202605122141550950497
2026-05-13,"'STO 시대'…중소형 증권사, 인재 영입 속도",0.0,0,0,https://www.kbanker.co.kr/news/articleView.html?idxno=224907
2026-05-13,벤슨 “고품질 원료로 다른 맛·식감…내년 100호점 목표” [르포],0.0,0,0,https://biz.heraldcorp.com/article/10736821?ref=naver
2026-05-13,"한화증권, 1분기 영업이익 296억원…성장세 지속",0.682,2,0,https://news.dealsitetv.com/articles/170221
2026-05-13,"'민생 복원' 맞서 '도시 재편'…이장우의 승부수 [6·3 지선, 이제 본선...",0.0,0,0,https://www.daejonilbo.com/news/articleView.html?idxno=2274797
2026-05-13,한화 현대로템 기아 등 K-방산기업 루마니아 총집결...발칸시장 공략 잰...,0.0,0,0,http://www.newsian.co.kr/news/articleView.html?idxno=89584
2026-05-13,"[오늘의 유통가] 풀무원건강식물원, 데일리 토마토 비타샷 출시 外",0.0,0,0,https://dealsite.co.kr/articles/161740
2026-05-13,5월 12일 주식시장 주요공시,0.0,0,0,https://www.catchnews.kr/news/articleView.html?idxno=123773
2026-05-13,"""로봇이 만드는 ‘진짜 아이스크림’""…벤슨 포천공장 가보니",0.0,0,0,https://zdnet.co.kr/view/?no=20260512180036
2026-05-13,"김동선이 직접 맛보며 피드백…‘프리미엄 아이스크림’ 벤슨, 내년까지...",0.0,0,0,https://www.mk.co.kr/article/12045735
2026-05-13,"첫돌 맞은 '김동선 표 아이스크림'…""프리미엄 새 기준 세운다""",0.0,0,0,https://news.bizwatch.co.kr/article/consumer/2026/05/12/0046
2026-05-13,"김동선 아이스크림 ‘벤슨’, 포천 생산센터서 자동화·고품질↑…“내...",0.0,0,0,https://www.etoday.co.kr/news/view/2583875
2026-05-13,"'김동선의 아이스크림' 벤슨 1주년…""2027년 100호점 간다""",0.0,0,0,https://news.mtn.co.kr/news-detail/2026051217371142093
2026-05-13,[가봤어요] “프리미엄 아이스크림 기준 바꾸겠다”… 김동선표 아이스...,0.0,0,0,https://biz.chosun.com/distribution/food/2026/05/13/K7AXLZU4JVFE7CMWYQPQIHGSS4/?utm_source=naver&utm_medium=original&utm_campaign=biz
2026-05-13,"'김동선 아이스크림' 벤슨 ""내년 매장 100개 목표""…패러다임 전환 속도",0.0,0,0,http://www.edaily.co.kr/news/newspath.asp?newsid=02663366645448592
2026-05-13,"1돌 맞은 ‘벤슨’ “김동선, 맛·품질 지속 관심…최애는 바닐라맛” ...",0.0,0,0,https://economist.co.kr/article/view/ecn202605120052
2026-05-13,[Who Is ?] 손경석 퍼스텍 대표이사 사장,0.38,1,0,https://www.businesspost.co.kr/BP?command=article_view&num=437052
2026-05-13,[르포]아이스크림계 '新계급도'…김동선의 승부수 '벤슨',0.0,0,0,https://view.asiae.co.kr/article/2026051216581971614
2026-05-13,[Who Is ?] 지영완 티엠씨 대표이사,0.0,0,0,https://www.businesspost.co.kr/BP?command=article_view&num=437260
2026-05-13,"김동선 야심작 벤슨, 국내 아이스크림 기준 높인다",0.0,0,0,https://www.mediapen.com/news/view/1098435
2026-05-13,"[르포] 론칭 1년 벤슨, 생산시설 첫 공개…100호점 청사진 꺼냈다",0.0,0,0,https://daily.hankooki.com/news/articleView.html?idxno=1366194
2026-05-13,"'김동선 역작' 벤슨 1주년…""국내 아이스크림 패러다임 전환""",0.0,0,0,https://www.news1.kr/industry/distribution/6164485
2026-05-13,[르포] 공기 줄이고 원재료 늘렸다…포천서 본 김동선표 아이스크림 전...,0.0,0,0,https://www.asiatoday.co.kr/kn/view.php?key=20260512010003077
2026-05-13,"론칭 1주년 벤슨, 생산센터 공개로 품질 경쟁력 강조",0.0,0,0,https://www.newsway.co.kr/news/view?ud=2026051217193524291
2026-05-13,"[스몰캡 증권사 서바이벌⑥] 한화證, 두 번의 위기 딛고 '순익 1000억 클...",0.0,0,0,http://www.consumernews.co.kr/news/articleView.html?idxno=755588
2026-05-15,"하나은행, K-조선 5조 금융지원 확대... 스포츠 후원까지 ESG 경영 보폭 ...",0.0,0,0,https://www.stnsports.co.kr/news/articleView.html?idxno=316666
2026-05-15,K제조업 새 이정표 제시한 KIW 2026 [사설],0.0,0,0,https://www.hankyung.com/article/2026051472811
2026-05-14,"김경수, 후보 등록 후 첫 일정 방산 현장 방문…""경남경제 다시 살리겠...",0.0,0,0,http://www.enewstoday.co.kr/news/articleView.html?idxno=2429597
2026-05-14,"하나은행 ""HD현대중공업 협력사 대상 4천억원 우대금융 지원""",0.0,0,0,https://www.jeonmae.co.kr/news/articleView.html?idxno=1256647
2026-05-14,경남 특화 반도체 산업 밑그림 그린다,0.0,0,0,http://www.gndomin.com/news/articleView.html?idxno=475628
2026-05-14,兆단위 투자로 K조선 재건… 한화오션 '해양 패권' 다시 쓴다,0.0,0,0,http://www.fnnews.com/news/202605141820250283
2026-05-14,"하나은행, 'K-조선' 수출 공급망 지원 확대 … 1조 상생금융·15조 무역금...",0.0,0,0,http://www.worktoday.co.kr/news/articleView.html?idxno=84607
2026-05-14,"이장우 ""한화볼파크 증설"" vs 허태정 ""노동존중 도시로""",0.0,0,0,https://view.asiae.co.kr/article/2026051417285324796
2026-05-14,"“95% 정확한 AI로는 부족”…워크데이, 초지능 AI 플랫폼 ‘사나’로 韓...",0.0,0,0,https://www.kukinews.com/article/view/kuk202605140177
2026-05-14,"[6.3지방선거]노관규·손훈모 순천시장 후보 등록 완료…""순천 미래 놓고...",0.0,0,0,https://www.polinews.co.kr/news/articleView.html?idxno=731206
2026-05-14,"이장우 대전시장 후보 ""한화생명볼파크 3000석 증설"" 공약",0.0,0,0,https://news.tf.co.kr/read/national/2322775.htm
2026-05-14,"한화투자증권, 동남아 자회사 실적부담 커졌다…수익 반토막",0.0,0,0,https://www.insightkorea.co.kr/news/articleView.html?idxno=246413
2026-05-14,"하나은행, 1조원 상생금융 지원으로 조선 산업 경쟁력 강화",0.0,0,0,https://www.cbci.co.kr/news/articleView.html?idxno=574391
2026-05-14,"[금융권 풍향계] 은행권, 조선산업 수출 경쟁력 강화 위해 ‘생산적금융...",0.0,0,0,https://www.ekn.kr/web/view.php?key=20260514029584781
2026-05-14,K-조선 미래비전 꺼낸 정부…산업 생태계 경쟁력 키운다,0.0,0,0,https://www.g-enews.com/view.php?ud=20260514161737240424debea800_1
2026-05-14,"슈퍼사이클 올라탄 K조선, 정부 키워드는 '생태계 보강'",0.0,0,0,https://www.econovill.com/news/articleView.html?idxno=740077
2026-05-14,"카카오 정신아 실적 호조에도 웃지 못했다, '수익화 원년' 선언 무색하...",0.0,0,0,https://www.huffingtonpost.kr/article/257218
2026-05-14,"한화, 인적분할 8월1일로 연기…신설회사 배정비율 상향",0.0,0,0,https://www.ddaily.co.kr/page/view/2026051417133365434
2026-05-14,한미 조선협력 커지는데…중소조선소 '중국산 기자재' 의존 심화,0.0,0,0,https://www.asiatoday.co.kr/kn/view.php?key=20260514010003933
2026-05-14,대전시장·구청장 후보들 일제히 등록… 대전 지방선거 본선 레이스 돌...,0.0,0,0,https://www.newsfreezone.co.kr/news/articleView.html?idxno=689801
2026-05-14,이장우·허태정 후보 등록…대전시장 선거 '정면승부' 돌입,0.0,0,0,http://www.dynews.co.kr/news/articleView.html?idxno=850394
2026-05-14,"이장우 대전시장 후보 ""베이스볼 드림파크 3천석 증설""",0.0,0,0,https://www.jbnews.com/news/articleView.html?idxno=1504104
2026-05-14,"하나은행, 조선 협력사에 4000억 지원…수출 경쟁력 강화",0.0,0,0,https://www.ebn.co.kr/news/articleView.html?idxno=1708840
2026-05-14,"“K-조선 경쟁력 강화”...하나銀, 생산적 금융 확대",0.0,0,0,https://www.sedaily.com/article/20044176?ref=naver
2026-05-14,"[부산소식]부산대, 개교 80주년 기념식 개최 등",0.0,0,0,https://www.newsis.com/view/NISX20260514_0003629884
2026-05-14,[정치家] 배경훈 부총리 겸 과학기술정보통신부 장관 ②ㅣAI 정책·인재...,0.0,0,0,https://www.cbci.co.kr/news/articleView.html?idxno=574523
2026-05-14,"전국금속노동조합 경남지부 한화창원지회, 성산구에 백미 11포 기탁",0.322,1,0,https://www.newsgn.com/news/articleView.html?idxno=552220
2026-05-14,조선업 살린 한화의 승부수... 한화오션 '글로벌 해양 패권' 거머쥔다,0.0,0,0,http://www.fnnews.com/news/202605141521312807
2026-05-14,"한화그룹 김동선 부사장, 한화비전에서만 미래비전총괄 유지...신설 지주...",0.0,0,0,http://www.press9.kr/news/articleView.html?idxno=76532
2026-05-14,"K-조선 초격차 엔진 가동… 하나은행, 15조 규모 '생산적 금융' 선봉장 ...",0.0,0,0,https://www.nbntv.kr/news/articleView.html?idxno=340096
2026-05-14,"""순천의 전진, 여기서 멈출 수 없다"" 무소속 노관규 순천시장 후보 등록",0.0,0,0,https://kpenews.com/View.aspx?No=4078209
2026-05-14,슈퍼사이클 조선 3사에도 성과급 불씨…원청·하청 불문 '내 몫' 요구 봇...,0.0,0,0,https://www.dailian.co.kr/news/view/1644328/?sc=Naver
2026-05-14,"산업계 성과배분 요구 확산…반도체 이어 조선도 ""영업익 30% 처우개선에...",0.0,0,0,https://news.mtn.co.kr/news-detail/2026051414540739730
2026-05-14,"허태정 ""4050 징검다리 연금"" vs 이장우 ""볼파크 3천석 증설""",0.0,0,0,https://www.yna.co.kr/view/AKR20260514129700063?input=1195m
2026-05-14,[은행 이모저모] 신한은행·하나은행·우리은행 등,0.0,0,0,http://www.bizwnews.com/news/articleView.html?idxno=136545
2026-05-14,이장우 후보 “한화생명볼파크 3000석 증설하겠다”,0.0,0,0,https://www.sedaily.com/article/20044130?ref=naver
2026-05-14,대통령도 주목한 K조선의 미래 전략은,0.0,0,0,https://economist.co.kr/article/view/ecn202605140020
2026-05-14,"[대기업집단 공시 대해부] 한화그룹, '유통부문 확대' 계열분리 포석",0.0,0,0,https://www.bloter.net/news/articleView.html?idxno=662344
2026-05-14,"하나은행, 조선산업 금융지원 확대…""수출 공급망 경쟁력 강화""",0.0,0,0,https://www.polinews.co.kr/news/articleView.html?idxno=731161
2026-05-14,"하나은행, K-조선 수출 경쟁력 강화…""생산적 금융 지원 앞장""",0.0,0,0,http://www.opinionnews.co.kr/news/articleView.html?idxno=138416
2026-05-14,"정부 ""위험 분담"" 언급에 은행권, K-조선 지원 확대",0.0,0,0,http://www.niceeconomy.co.kr/news/articleView.html?idxno=89838
2026-05-14,"[6.3지방선거-경남] 김경수 경남지사 후보 등록 ""경남경제 살리겠다""",0.0,0,0,https://www.newscj.com/news/articleView.html?idxno=3400829
2026-05-14,"[디자인하우스 특수] 세미파이브, 적자 감수한 선단 투자…ASIC 승부",0.38,1,0,https://www.bloter.net/news/articleView.html?idxno=662302
2026-05-14,"하나은행, 조선 협력업체 금융지원 확대…K-조선 공급망 안정화 지원",0.0,0,0,https://www.seoultimes.news/news/article.html?no=2000095704
2026-05-14,"신한·우리·하나은행, 'K-조선' 위해 1조원 상생금융 지원",0.0,0,0,https://www.s-journal.co.kr/news/articleView.html?idxno=41242
2026-05-14,"하나은행, 'K-조선' 부활에 5조원 수혈… 중소 협력사와 상생 행보",0.0,0,0,http://www.dailysmart.co.kr/news/articleView.html?idxno=124055
2026-05-14,"신한·하나·우리은행, 조선 협력사에 '생산적 금융' 확대",0.0,0,0,https://www.newstree.kr/newsView/ntr202605140009
2026-05-14,"㈜한화, 7월 임시주총서 인적분할 결의…""사업군별 맞춤 전략 수립""",0.0,0,0,https://www.newsis.com/view/NISX20260514_0003629592
2026-05-14,"하나은행, 'K조선' 경쟁력 키운다…""생산적 금융 지원 앞장""",0.0,0,0,https://www.sidae.com/article/2026051414073730015
2026-05-14,"시중은행·정책기관·조선사, 협력업체 지원 위해 8천억 상생금융 협약...",0.0,0,0,https://www.tokenpost.kr/news/economy/359565
2026-05-14,"""K-조선 경쟁력 강화""…하나은행, 수출기업에 5.4조 자금 지원",0.0,0,0,http://www.newsroad.co.kr/news/articleView.html?idxno=59311
2026-05-14,"[금융ESG] “K-조선 살린다”…신한·하나·우리은행, 생산적 금융 확대",0.0,0,0,https://www.mydaily.co.kr/page/view/2026051413050320945
2026-05-14,전략물자운송선박 국내 발주 촉진,0.0,0,0,https://www.naeil.com/news/read/588650?ref=naver
2026-05-14,"하나은행, 조선업·수출기업 금융지원 확대 나서",0.0,0,0,http://www.popcornnews.net/news/articleView.html?idxno=121289
2026-05-14,"하나은행, K-조선 수출 경쟁력 강화 금융 지원에 앞장",0.0,0,0,https://www.siminilbo.co.kr/news/newsview.php?ncode=1160267800264278
2026-05-14,"하나은행, 조선금융·탄소경영 동시 강화",0.0,0,0,https://www.insnews.co.kr/news/articleView.html?idxno=90802
2026-05-14,"김종출 KAI 사장 ""KF-21 수출 잠재물량 200대 +α""",0.0,0,0,https://www.nocutnews.co.kr/news/6517087?utm_source=naver&utm_medium=article&utm_campaign=20260514120533
2026-05-14,"'K-조선 수출 공급망 뒷받침'...하나은행, 4000억원 금융지원",0.0,0,0,https://www.job-post.co.kr/news/articleView.html?idxno=215853
2026-05-14,"""범용 AI는 한계, 업무 특화 AI가 온다""…워크데이 '에이전트 혁명' 예고",0.0,0,0,https://www.pointdaily.co.kr/news/articleView.html?idxno=304935
2026-05-14,"하나은행, 조선산업 지원 위한 1조원 규모 상생금융 추진 내용은?",0.0,0,0,http://www.newsworker.co.kr/news/articleView.html?idxno=426627
2026-05-14,"은행권, 조선3사 손잡고 협력사에 상생금융 1조 공급(종합)",0.0,0,0,https://news.einfomax.co.kr/news/articleView.html?idxno=4414805
2026-05-14,"“AI는 동료”…워크데이, 사람과 AI가 협업하는 ‘하이브리드 워크포스...",0.0,0,0,https://www.kukinews.com/article/view/kuk202605140065
2026-05-14,"“최상위 아이스크림 기준 충족 내년 100호점, 선도기업 될 것”",0.0,0,0,https://biz.heraldcorp.com/article/10737869?ref=naver
2026-05-14,5월 3주차 국내 ESG 핫클립,0.0,0,0,http://www.impacton.net/news/articleView.html?idxno=18865
2026-05-14,"하나은행, HD현대중공업과 함께 조선 협력업체에 4000억원 금융 지원",0.0,0,0,https://www.delighti.co.kr/news/articleView.html?idxno=116373
2026-05-14,"""조선업 공급망 살린다""…하나은행, 5조원 규모 생산적 금융 확대",0.0,0,0,http://www.babytimes.co.kr/news/articleView.html?idxno=72945
2026-05-14,"하나은행, 조선3사 손잡고 중소기업 금융지원 나선다",0.0,0,0,https://www.1conomynews.co.kr/news/articleView.html?idxno=48577
2026-05-14,[더밸류 브리핑] 오늘의 하나금융그룹 소식...하나은행·GLN인터내셔널,0.0,0,0,http://www.thevaluenews.co.kr/news/view.php?idx=198726
2026-05-14,"K-조선, '마스가' 훈풍 타고 美 함정 건조 길연다",0.38,1,0,https://www.ntoday.co.kr/news/articleView.html?idxno=127056
2026-05-14,"하나은행, 'K-조선' 동반성장을 위한 생산적 금융 지원에 앞장",0.322,1,0,http://www.econotelling.com/news/articleView.html?idxno=20392
2026-05-14,"하나은행, 조선산업에 5조원 규모 생산적 금융 지원",0.0,0,0,https://www.newsfreezone.co.kr/news/articleView.html?idxno=689693
2026-05-14,태풍 장마 때 우산 뺏어갂던 은행들 너도나도 조선 협력사 지원,0.322,1,0,http://www.thebigdata.co.kr/view.php?ud=202605141049121283570d99e4c8_23
2026-05-14,"'생산적 금융' 나선 신한·하나·우리은행, K-조선 3사와 협력업체 금융...",0.0,0,0,https://www.socialvalue.kr/news/view/1065575733684658
2026-05-14,"하나은행, 조선산업 수출 공급망 강화 '다자간 업무협약' 민·관 협력",0.0,0,0,https://www.100ssd.co.kr/news/articleView.html?idxno=209272
2026-05-14,"신한·하나·우리은행, 조선 '빅3' 협력사 금융지원",0.0,0,0,http://www.smedaily.co.kr/news/articleView.html?idxno=356970
2026-05-14,"하나銀, K-조선 수출 경쟁력 키운다..생산적 금융 지원 앞장",0.0,0,0,https://www.hg-times.com/news/articleView.html?idxno=302018
2026-05-14,"경남도, 우주항공·방산 등 지역 특화 반도체 산업 육성 전략 밑그림 그...",0.0,0,0,https://www.etnews.com/20260514000165
2026-05-14,"하나은행, 조선 산업 수출 강화 위한 생산적 금융 지원",0.0,0,0,https://www.joongangenews.com/news/articleView.html?idxno=519189
2026-05-14,"은행권, K-조선 수출 공급망 뒷받침…협력사에 1조 지원",0.0,0,0,https://www.etoday.co.kr/news/view/2584420
2026-05-14,"신한·하나·우리은행, 무보와 조선업 공급망 금융지원 협약",0.0,0,0,https://biz.sbs.co.kr/article_hub/20000310281?division=NAVER
2026-05-14,"하나은행, 조선 산업 수출 경쟁력 강화 위해 1조원 상생금융 지원…15조...",0.0,0,0,http://www.queen.co.kr/news/articleView.html?idxno=456878
2026-05-14,"“K-조선 경쟁력 키운다”…하나은행, 생산적 금융 확대",0.0,0,0,https://www.news1.kr/finance/general-finance/6166265
2026-05-14,"하나·우리·신한銀, 'K-조선' 부활 위해 수조원 '통큰 자금' 투입",0.0,0,0,http://www.srtimes.kr/news/articleView.html?idxno=203209
2026-05-14,"신한·우리·하나銀, 무보와 조선업 공급망 금융지원 협약(종합)",0.0,0,0,https://www.yna.co.kr/view/AKR20260514042051002?input=1195m
2026-05-14,2026 대구 프랜차이즈 창업박람회 '대구 EXCO'서 16일까지…94개사 참여,0.0,0,0,https://www.shinailbo.co.kr/news/articleView.html?idxno=5020385
2026-05-14,"하나은행, 조선산업에 1조 상생금융…민관 무역금융 15조",0.0,0,0,http://www.thebigdata.co.kr/view.php?ud=202605141000533821c808fa9903_23
2026-05-14,"하나은행, 조선산업 경쟁력 강화 위해 4000억원 금융지원",0.0,0,0,https://www.newspim.com/news/view/20260514000352
2026-05-14,"[금융권 이모저모]하나은행, 조선업 수출 경쟁력 강화 5조원 생산적 금...",0.322,1,0,https://www.businessplus.kr/news/articleView.html?idxno=111751
2026-05-14,"금융권 조선업 지원 박차…하나은행, 조선업권과 다자간 업무협약 체결",0.0,0,0,http://www.edaily.co.kr/news/newspath.asp?newsid=03817926645448920
2026-05-14,"하나은행, K-조선 수출 강화∙중소기업 동반성장 생산적 금융 지원",0.322,1,0,https://www.it-b.co.kr/news/articleView.html?idxno=88195
2026-05-14,조선 산업 수출 경쟁력 강화 위해 협력업체 특별보증,0.0,0,0,https://weeklytrade.co.kr/news/view.html?section=1&category=6&item=&no=99785
2026-05-14,"하나은행, K-조선 수출 경쟁력 강화와 중소기업 동반성장 위한 생산적 ...",0.322,1,0,https://news.tf.co.kr/read/economy/2322417.htm
2026-05-14,"하나은행, 무역보험공사·조선 3사 간 포괄적 업무협약 체결",0.0,0,0,http://www.enewstoday.co.kr/news/articleView.html?idxno=2429247
2026-05-14,"하나은행 등 금융권·조선 3사, 1조원 규모 상생금융·15조 전략 무역금...",0.0,0,0,https://www.newstnt.com/news/articleView.html?idxno=702362
2026-05-14,"""K조선 성과 확산시켜야""…하나은행, 수출기업에 5.4조 자금 공급",0.0,0,0,https://www.mt.co.kr/finance/2026/05/14/2026051408454839702
2026-05-14,"하나은행, K-조선 수출 경쟁력 강화 금융지원 확대",0.0,0,0,http://www.econonews.co.kr/news/articleView.html?idxno=438206
2026-05-14,"하나은행, K-조선 수출 지원 위해 1조원 상생금융",0.0,0,0,https://www.pointdaily.co.kr/news/articleView.html?idxno=304871
2026-05-14,"하나은행, 조선업 수출 경쟁력 강화·중기 동반성장 위한 업무협약",0.322,1,0,https://www.fetv.co.kr/news/articleView.html?idxno=302347
2026-05-14,"하나은행, 조선 3사·무보와 맞손…중소 협력사 금융지원 강화",0.0,0,0,https://www.pinpointnews.co.kr/news/articleView.html?idxno=452590
2026-05-14,"은행권, 생산적·포용금융 지원 확대",0.0,0,0,http://www.wsobi.com/news/articleView.html?idxno=311851
2026-05-18,[재계 이슈] 김승연·김동관 부자 경영 10년 성적표 | 창립 74년 만의 빅...,0.0,0,0,https://economychosun.com/site/data/html_dir/2026/05/09/2026050900019.html
2026-05-17,[한화오션 출범 3주년](하) 성과,0.0,0,0,http://www.knnews.co.kr/news/articleView.php?idxno=1541808
2026-05-17,박찬대 후보 '당찬캠프' 개소식 개최… 본격 선거체제 돌입,0.0,0,0,https://www.jeonmae.co.kr/news/articleView.html?idxno=1257168
2026-05-17,'한국판 스페이스X' 꿈꾸는 한화…꿈과 현실 사이 세 개의 벽,0.0,0,0,https://www.news2day.co.kr/article/20260517500033
2026-05-17,"인천시장 선거 본격화…박찬대 후보 ""인천 대전환 이루겠다""",0.0,0,0,https://www.shinailbo.co.kr/news/articleView.html?idxno=5021423
2026-05-17,[재계 5위 한화③] 빅4 진입은 언제…손실 사업 흑자전환·재무 개선 과...,0.0,0,0,https://news.einfomax.co.kr/news/articleView.html?idxno=4415258
2026-05-17,[6·3 재보선] 평택에서 펼쳐진 범여권 개소식 삼국지,0.0,0,0,https://www.polinews.co.kr/news/articleView.html?idxno=731417
2026-05-17,"'인성甲' 쯔양, 또 선한 영향력...인도네시아 맹그로브에 5200만원 기부한...",0.0,0,0,https://www.mhnse.com/news/articleView.html?idxno=543589
2026-05-16,"조국 후보, 평택 선거사무소 ‘진심꾹캠프’ 개소…“백척간두서 진일...",0.0,0,0,https://www.megaeconomy.co.kr/news/newsview.php?ncode=1065619959737009
2026-05-16,"한화갤러리아 압구정점, 낮 정전 사태…""핸드폰 플래시 켰다""",0.0,0,0,https://www.financialpost.co.kr/news/articleView.html?idxno=259363
2026-05-16,"'강남역' 10주기... 살인 10건 중 2건 가해자, 여성 폭력 저질렀었다",0.0,0,0,https://www.ohmynews.com/NWS_Web/View/at_pg.aspx?CNTN_CD=A0003234464&CMPT_CD=P0010&utm_source=naver&utm_medium=newsearch&utm_campaign=naver_news
2026-05-16,"[6.3 지선] ""인천 대전환·원팀 결집""…박찬대 후보 '당찬캠프' 개소",0.0,0,0,http://www.hansbiz.co.kr/news/articleView.html?idxno=839136
2026-05-16,"박종효표 남동 소확행... ""거창한 구호보다 주민 눈높이 디테일 행정에...",0.0,0,0,https://news.ifm.kr/news/articleView.html?idxno=471103
2026-05-16,"‘실력으로 압도하라’ 박찬대 후보, 당찬캠프 개소… 인천시장 선거 본...",0.0,0,0,https://biz.heraldcorp.com/article/10739261?ref=naver
2026-05-16,"민주당 박찬대 인천시장 후보 '당찬캠프' 개소식···""압도하라 인천""",0.0,0,0,https://www.incheontoday.com/news/articleView.html?idxno=318966
2026-05-16,"""청와대와 핫라인""…박찬대, 캠프 개소식 열고 인천시장 선거전 본격화",0.0,0,0,https://www.nocutnews.co.kr/news/6518228?utm_source=naver&utm_medium=article&utm_campaign=20260516033459
2026-05-16,"박찬대, ‘당찬캠프’ 출정…“이재명 정부와 함께 인천 대전환 완성”",0.0,0,0,https://www.dailian.co.kr/news/view/1645086/?sc=Naver
2026-05-16,"[현장] 압구정 '유일 경쟁입찰' 5구역 재건축 합동설명회, DL이앤씨 '대표...",0.0,0,0,https://www.businesspost.co.kr/BP?command=article_view&num=437987
2026-05-16,"K-조선 멈추지 않는 '수주 질주'···정부, '초격차 기술 확립' 비전 제...",0.38,1,0,https://www.seoulfn.com/news/articleView.html?idxno=628909
2026-05-16,"윤호상 서울시교육감 후보, "" '기본과 신뢰'로 서울 교육 정상화 선언""",0.322,1,0,http://www.ttlnews.com/news/articleView.html?idxno=3108793
2026-05-16,"독일 정보국, 미국 팔란티어 핵심 플랫폼 교체… K-방산 '틈새시장' 열리...",0.0,0,0,https://www.g-enews.com/view.php?ud=202605160909211695fbbec65dfb_1
2026-05-16,"김동선표 ‘벤슨’, 맛·품질 집중해 ‘업계 1티어’ 노린다 [판 커지는...",0.0,0,0,https://economist.co.kr/article/view/ecn202605130043
2026-05-16,뺏느냐 뺏기느냐…‘배라’ 독주 시장에 벤슨·밴루엔 출사표 [판 커지...,0.0,0,0,https://economist.co.kr/article/view/ecn202605130023
2026-05-16,"[아주ABC 리더에게 묻는다 – 주형환 전 산업통상자원부장관] ""현장에 답...",0.0,0,0,https://www.ajunews.com/view/20260511162134451
2026-05-16,"李대통령, 지선 앞 지역·민생 광폭행보…상반된 시선",0.0,0,0,https://www.nocutnews.co.kr/news/6518157?utm_source=naver&utm_medium=article&utm_campaign=20260516093957
2026-05-16,[위클립] 5월 2주,0.0,0,0,https://www.laborplus.co.kr/news/articleView.html?idxno=40862
2026-05-19,"[발로 뛰는 건설사 CEO] 한화 건설부문 김우석, '내실 경영' 선택과 집중",0.0,0,0,https://www.shinailbo.co.kr/news/articleView.html?idxno=5021989
2026-05-19,"[현장] 베일 벗은 IPW 2026, 미국 관광의 디지털 영토 확장 청사진 공개",0.0,0,0,http://www.ttlnews.com/news/articleView.html?idxno=3109275
2026-05-18,트럼프의 미국과 국제사회 대응의 진화,-0.38,0,1,http://www.ifs.or.kr/bbs/board.php?bo_table=News&wr_id=55775
2026-05-18,[더벨]주요 공시(16:00~19:00),0.0,0,0,https://www.thebell.co.kr/free/content/ArticleView.asp?key=202605141844473120106163
2026-05-18,"압구정5구역 합동설명회 개최… 현대·한화 사업단, 입찰지침 위반 논란...",0.0,0,0,https://www.dailyt.co.kr/newsView/dlt202605180012
2026-05-18,"변광용, 세대·분야 전반 관통 광폭 소통 행보... 정책소통간담회 30여 ...",0.0,0,0,https://www.newsgn.com/news/articleView.html?idxno=552669
2026-05-18,[구광모 시대①]'종합 솔루션' 큰그림 그리는 LG…ABC 올인,0.38,1,0,https://www.m-i.kr/news/articleView.html?idxno=1373862
2026-05-18,"""압구정의 왕좌는 누구에게""···현대 vs DL, 1.5조 수주전 '명품 경쟁'...",0.38,1,0,https://www.smartbizn.com/news/articleView.html?idxno=144163
2026-05-18,"DL ""비용·기간 우위"" vs 현대 ""갤러리아 연결""…압구정5구역 수주전 격...",0.38,1,0,https://news.tf.co.kr/read/economy/2323828.htm
2026-05-18,"[허난성] ④ 딸기 수확에 태극권까지 OK, 中 로봇 4S점서 목격한 '체화 ...",0.0,0,0,https://www.newspim.com/news/view/20260518001077
2026-05-18,"[데스크칼럼] 유상증자, 기업과 시장의 신뢰 넘어 정부가 답할 때",0.0,0,0,http://www.smarttimes.co.kr/news/articleView.html?idxno=45611
2026-05-18,“실적만 나오면 주가 10만원 이상 뛴다”…불닭이 만든 삼양 프리미엄,0.0,0,0,https://www.mydaily.co.kr/page/view/2026051811484382097
2026-05-18,"아리바이오 'AR1001', 임상3상 전 글로벌 상업화 구조 완성",0.322,1,0,https://www.medicaltimes.com/Main/News/NewsView.html?ID=1168815&ref=naverpc
2026-05-18,"""직접 체험하고 함께 참여""…기업 ESG 활동 달라진다",0.0,0,0,http://www.kdfnews.com/news/articleView.html?idxno=183301
2026-05-18,"‘CRM을 넘어, B2B 매출 조직을 위한 AX 파트너’…비즈니스캔버스",0.322,1,0,https://www.venturesquare.net/1082862/
2026-05-18,"이브이첨단소재 ""프롤로지움, 전고체 배터리 상용화 로드맵 공개""",0.0,0,0,https://dealsite.co.kr/articles/162028
2026-05-18,"노관규 '대세론' 부상 하나 ... 16일 개소식, 안팎 인파로 '북적'",0.322,1,0,http://www.newsworker.co.kr/news/articleView.html?idxno=427129
2026-05-18,"정부, 중소형 조선사 선수금환급보증 발급 부담 덜어준다",0.0,0,0,http://www.kbiznews.co.kr/news/articleView.html?idxno=114161
2026-05-18,시총 35조에 영업익 85억? 한미반도체 ‘실적쇼크’…‘HBM 프리미엄’ ...,0.408,1,0,https://biz.heraldcorp.com/article/10739836?ref=naver
2026-05-18,[#IT라운지] 여기어때 '리럭스 인수'·노르마 '파도 파울리 공개'·'카카...,0.0,0,0,https://www.newsworks.co.kr/news/articleView.html?idxno=841042
2026-05-18,[기자수첩] 조선소 발목잡는 구조조정 '주홍글씨',-0.462,0,1,https://dealsite.co.kr/articles/161897
2026-05-18,"한화비전, 장애 영유아들 위한 안전지대 조성",0.0,0,0,http://www.aptn.co.kr/news/articleView.html?idxno=111935
2026-05-18,"다빈치커뮤니케이션, 'AI Lab' 출범…""AI로 콘텐츠 시장의 게임 체인저 ...",0.0,0,0,https://www.hankyung.com/article/202605158924O
2026-05-18,엔비디아 '루빈' 출하 앞두고 변압기·케이블 업계 '낙수효과' 기대,0.408,1,0,https://www.digitaltoday.co.kr/news/articleView.html?idxno=666239
2026-05-18,"[더벨][Company Watch] 한화비전, APAC 확장 나섰지만 '금융비용·원가' 압...",0.0,0,0,https://www.thebell.co.kr/free/content/ArticleView.asp?key=202605141503397640102966
2026-05-19,[헬로스톡] 5/19 주목할 종목 : 삼성물산·SK스퀘어·케이엠더블유·한화...,0.0,0,0,https://www.hellot.net/news/article.html?no=112678
2026-05-19,"여의도 63빌딩에 가면 ""韓 소개된 적 없는 퐁피두센터 걸작"" 걸렸다",0.0,0,0,http://www.ftoday.co.kr/news/articleView.html?idxno=359194
2026-05-19,"기후부 '제1차 재생에너지 기본계획' 발표…""에너지 자립국 대전환""",0.0,0,0,https://daily.hankooki.com/news/articleView.html?idxno=1368850
2026-05-19,"""야구장이 표 된다""…충청권 달구는 스포츠 마케팅 후끈",0.0,0,0,https://www.daejonilbo.com/news/articleView.html?idxno=2276308
2026-05-19,"한컴, '소버린 에이전틱 OS' 기업으로 전환 선언 … AI 기업 넘어 플랫폼...",0.0,0,0,http://www.worktoday.co.kr/news/articleView.html?idxno=84763
2026-05-19,"기하성, 제75차 총회서 ‘2028 오순절 100주년 기념대회’ 선포",0.0,0,0,https://www.christiantoday.co.kr/news/375176
2026-05-19,"""문화예술은 미래 가치 핵심""…김승연 회장의 혜안, '퐁피두센터 한화'...",0.0,0,0,https://www.financialpost.co.kr/news/articleView.html?idxno=259695
2026-05-19,중구통(通) 2.0 업그레이드...생활경제도시 만든다,0.0,0,0,https://www.ggilbo.com/news/articleView.html?idxno=1159203
2026-05-19,한글과컴퓨터 36년만에 사명 변경…'한컴'으로 새출발,0.0,0,0,http://www.kookje.co.kr/news2011/asp/newsbody.asp?code=0200&key=20260519.99099004980
2026-05-19,"[TN 현장] 퐁피두센터 한화, '큐비즘'으로 개관...""서울 대표 문화예술 ...",0.0,0,0,https://www.ntoday.co.kr/news/articleView.html?idxno=127163
2026-05-19,"한컴, 36년 만에 사명 바꾸고 '소버린 에이전틱 OS 기업'으로 전환 선언",0.0,0,0,https://www.tournews21.com/news/articleView.html?idxno=135297
2026-05-19,"이장우 ""허태정은 무능…대전 미래 다시 맡길 수 없어""",0.0,0,0,https://www.nocutnews.co.kr/news/6519690?utm_source=naver&utm_medium=article&utm_campaign=20260519051136
2026-05-19,"“예술로 한국과 세계 잇는다”…한화, 여의도 63빌딩에 ‘퐁피두센터 ...",0.0,0,0,https://www.todayeconomic.com/news/article.html?no=30656
2026-05-19,"김제선 대전시 중구청장 후보 ""'중구통' 업그레이드로 생활경제도시 만...",0.0,0,0,https://news.tf.co.kr/read/national/2324278.htm
2026-05-19,피카소에서 한국 작가까지…베일벗은 ‘퐁피두센터 한화’[박현주 아트...,0.0,0,0,https://www.newsis.com/view/NISX20260519_0003635697
2026-05-19,여의도에 둥지 튼 佛 퐁피두…63빌딩에 큐비즘 거장 집결,0.0,0,0,https://www.ajunews.com/view/20260519100319205
2026-05-19,[전시 프리뷰] 파리 퐁피두와 63빌딩의 만남…'퐁피두센터 한화' 개관,0.0,0,0,http://www.financialreview.co.kr/news/articleView.html?idxno=42365
2026-05-19,"[로드픽]""깃발 꽂는 건 이제 인간 아니다""… 보병 없는 전장, K-방산 4사...",0.0,0,0,http://www.newsroad.co.kr/news/articleView.html?idxno=59503
2026-05-19,"김제선 중구청장 후보, 중구통(通) 2.0 업그레이드...생활경제도시 만든...",0.0,0,0,http://www.gocj.net/news/articleView.html?idxno=148474
2026-05-19,"한화투자증권, 두나무 지분 가치 부각…디지털자산 시너지 시험대",0.0,0,0,http://www.srtimes.kr/news/articleView.html?idxno=203483
2026-05-19,"[현장] ""MS 안 따라간다""…김연수 한컴 대표의 대담한 'AI 승부수'",0.0,0,0,http://www.inews24.com/view/1969755
2026-05-19,"김제선 대전 중구청장 후보 ""지역화폐 고도화·AI산단으로 미래 먹거리...",0.0,0,0,https://www.pressian.com/pages/articles/2026051915391419959?utm_source=naver&utm_medium=search
2026-05-19,"한컴, 사명 변경하고 '소버린 에이전틱 OS' 기업으로 전환 선언...AI 실적...",0.0,0,0,https://www.aitimes.kr/news/articleView.html?idxno=40103
2026-05-19,"[이슈] ""중동 대형 공사 다시 열린다"" ··· 국내 기업 수주전 본격화",0.38,1,0,https://www.polinews.co.kr/news/articleView.html?idxno=731623
2026-05-19,[미니인터뷰]노관규 무소속 순천시장 후보,0.322,1,0,http://news.lghellovision.net/news/articleView.html?idxno=543306
2026-05-19,[6·3 대전 중구청장] '구정 연속성' 김제선 vs '실무형 세대교체' 김선...,0.0,0,0,http://www.ccnnews.co.kr/news/articleView.html?idxno=409825
2026-05-19,[글로벌 인물] 법학 박사에서 럭셔리 제국의 수장으로… 알렉산더 크래...,0.0,0,0,http://www.ttlnews.com/news/articleView.html?idxno=3109486
2026-05-19,[현장] 36년 만에 사명 바꾼 한컴…'소버린 에이전틱 OS'로 새 판 짠다,0.0,0,0,https://www.pinpointnews.co.kr/news/articleView.html?idxno=453826
2026-05-19,"""'한글과컴퓨터' 아닌 '한컴' 이끌 비전""…소버린 에이전트 OS로 전환",0.322,1,0,https://www.apnews.kr/news/articleView.html?idxno=3048571
2026-05-19,"시프트업, '승리의 여신 니케' 누적 매출 2조 원 육박",0.261,1,0,https://www.greened.kr/news/articleView.html?idxno=340980
2026-05-19,"36년만에 '한글' 뗐다...한컴, ""이제 글로벌 AI 에이전트 기업""",0.0,0,0,https://www.gametoc.co.kr/news/articleView.html?idxno=108635
2026-05-19,"한화, 핵심 자회사 가치 상승 덕 '톡톡'...SK證, 또 목표가 '상향' [주가...",0.261,1,0,http://www.joseilbo.com/news/news_read.php?uid=568562&class=53&grp=
2026-05-19,"이 대통령, ‘K-조선 활성화’ 강조…신한·하나·우리은행 조선 협력사...",0.0,0,0,http://dhnews.co.kr/news/view/1065590136564298
2026-05-19,"""한글 문서는 잊어라"" 한컴 'AI OS'기업으로 변신",0.0,0,0,http://www.smedaily.co.kr/news/articleView.html?idxno=357258
2026-05-19,"[선택 6·3] 김제선 후보, ""지역화폐 고도화·AI 혁신산단으로 '생활경제...",0.0,0,0,https://daily.hankooki.com/news/articleView.html?idxno=1368658
2026-05-19,“아트워싱에 반대한다”···퐁피두센터 한화 개관 규탄하는 예술인들...,0.0,0,0,https://www.khan.co.kr/article/202605191415021
2026-05-19,"한컴, 36년 만에 사명 변경...'소버린 에이전틱 OS' 기업 전환",0.0,0,0,https://www.asiaa.co.kr/news/articleView.html?idxno=249952
2026-05-19,"창간 16주년, 더나은미래가 던진 질문…‘부의 사회적 책임'",0.0,0,0,https://futurechosun.com/?p=149048
2026-05-19,"[프롭테크 뉴스브리핑] 스위트스팟, 컬처 컨비니언스 클럽과 MOU",0.0,0,0,https://www.asiatime.co.kr/article/20260519500140
2026-05-19,"""보병 없는 전쟁 현실화""…UGV·로봇개·휴머노이드, 차세대 전장 핵심 ...",0.0,0,0,https://www.irobotnews.com/news/articleView.html?idxno=46441
2026-05-19,"김제선표 생활경제도시 ""중구통(通) 키우고 원도심 살린다""",0.0,0,0,https://www.daejonilbo.com/news/articleView.html?idxno=2276148
2026-05-19,"잇단 F&B 확장에도 적자·차입… 한화 김동선, 신설 지주 수익성 입증 과...",0.0,0,0,https://it.chosun.com/news/articleView.html?idxno=2023092162357
2026-05-19,서울·분당 오피스 투자 '핵심지 중심' … 대형 위주 CBD·GBD 거래 74% 차...,0.261,1,0,http://www.queen.co.kr/news/articleView.html?idxno=457145
2026-05-19,"‘한컴’으로 사명변경…""AI OS 기업으로 글로벌 도약""",0.0,0,0,https://view.asiae.co.kr/article/2026051908394908605
2026-05-19,"김제선 중구청장 후보 ""생활경제도시 완성""",0.0,0,0,http://www.chungnamilbo.co.kr/news/articleView.html?idxno=889219
2026-05-19,피지컬AI 솔루션 '마키나락스',0.0,0,0,http://www.smedaily.co.kr/news/articleView.html?idxno=357227
2026-05-19,"김제선 ""지역화폐 '중구통' 확대·AI혁신산단 추진""",0.0,0,0,https://www.newstnt.com/news/articleView.html?idxno=703076
2026-05-19,"한화그룹, 중학교 1·2학년 대상 '우주의 조약돌' 5기 모집",0.0,0,0,https://www.cnbnews.com/news/articleView.html?idxno=1002095
2026-05-19,"SK이노, 3.3조 규모 베트남 뀐랍 LNG 발전소 착공...2030년 상업 가동",0.0,0,0,https://www.asiaa.co.kr/news/articleView.html?idxno=249894
2026-05-19,"[허난성] ⑤ 농업현대화의 심장, 스마트 농기계 뤄양 '중국제일트랙터공...",0.0,0,0,https://www.newspim.com/news/view/20260519000281
2026-05-19,병장 월급 205만원 시대…한화의 프리미엄 급식은,0.0,0,0,https://dealsite.co.kr/articles/162008
2026-05-19,"SK증권 ""한화, 불확실성 해소 앞두고 할인율 축소 기대""",0.0,0,0,https://www.financialpost.co.kr/news/articleView.html?idxno=259571
2026-05-19,서울 오피스 투자도 '핵심지 쏠림'…CBD·GBD 거래 74% 차지,0.0,0,0,https://www.news1.kr/realestate/general/6170787
2026-05-19,"골프존-한화시스템, 가정의달 맞아 임직원 가족 초청 행사 개최",0.0,0,0,http://www.wsobi.com/news/articleView.html?idxno=312093
2026-05-19,"SK證 ""한화비전, 시큐리티 원가 부담에도 안정적 이익 창출 지속""",0.0,0,0,https://www.etoday.co.kr/news/view/2585721
2026-05-19,"[더벨][Company Watch] 긴트, 한화에어로·LIG D&A 업고 방산 진출 모색",0.0,0,0,https://www.thebell.co.kr/free/content/ArticleView.asp?key=202605172241141200107370
2026-05-19,"""수익보다 큰 빚더미""…한화, 부채 증가·인적분할 재무부담 '설상가상...",0.0,0,0,https://www.youthdaily.co.kr/news/article.html?no=219274
2026-05-19,"한화비전, 세미텍 신규장비 모멘텀 부각…리레이팅 기대-SK",0.0,0,0,http://www.edaily.co.kr/news/newspath.asp?newsid=02259926645450560
2026-05-19,김승연 회장이 막내아들 크게 칭찬한 까닭은,0.0,0,0,https://dealsite.co.kr/articles/162009
2026-05-19,[Who Is ?] 손주석 한국석유공사 사장,0.0,0,0,https://www.businesspost.co.kr/BP?command=article_view&num=437622
2026-05-21,"[N2 모닝 경제 브리핑-5월 21일] 美 증시, 유가·금리 하락에 ‘반등’…...",0.067,1,1,https://www.news2day.co.kr/article/20260520500097
2026-05-20,"한화투자증권, 두나무 지분 3.90% 추가 취득···3대 주주 등극",0.0,0,0,https://www.seoulfn.com/news/articleView.html?idxno=629302
2026-05-20,"[금융 HOT 뉴스] 한화투자증권, 두나무 지분 확대…""차세대 금융 질서 만...",0.0,0,0,http://www.bizwnews.com/news/articleView.html?idxno=137076
2026-05-20,"신한투자증권, 디지털서포터즈 운영으로 지점 고객 편의 강화 外",0.0,0,0,https://www.rcast.co.kr/news/articleView.html?idxno=30835
2026-05-20,"한화투자증권, 두나무 지분 9.84%로 확대…'디지털자산 전문 증권사' 속...",0.0,0,0,http://www.biztribune.co.kr/news/articleView.html?idxno=354040
2026-05-20,"한화투자증권, 두나무 지분 3.90% 추가 획득…3대 주주 등극",0.0,0,0,http://www.beyondpost.co.kr/view.php?ud=202605202101129294be44c0aacd_30
2026-05-20,"""버려지는 전기, 돈으로 바꾼다""…AI 시대 '韓 무기' 자처한 기업",0.0,0,0,https://www.mt.co.kr/future/2026/05/20/2026052017112619822
2026-05-20,"한화證, 두나무 지분 3.9% 추가 취득…가상자산 인프라 ‘승부수’",0.0,0,0,https://www.kukinews.com/article/view/kuk202605200192
2026-05-20,한화 9.84%로 두나무 전략주주 부상…카카오는 사실상 정리,0.0,0,0,https://www.bloter.net/news/articleView.html?idxno=663041
2026-05-20,"한화투자증권, 두나무 지분 3.9% 추가 매입…""사업 시너지 확대""",0.0,0,0,https://www.newsway.co.kr/news/view?ud=2026052018450981407
2026-05-20,"한화투자증권, 두나무 지분 3.90% 추가 취득…지분율 9.84%로",0.0,0,0,https://www.mt.co.kr/stock/2026/05/20/2026052018410669190
2026-05-20,"한화투자증권, 두나무 지분 추가 취득 결의...""디지털 금융 경쟁력 강화...",0.0,0,0,https://thetracker.co.kr/View.aspx?No=4085316
2026-05-20,"한화투자증권, 두나무 지분 3.9% 추가 매입...3대 주주 된다",0.0,0,0,https://www.techm.kr/news/articleView.html?idxno=152029
2026-05-20,"한화투자증권, 두나무 지분 3.9% 추가 매입…3대 주주로",0.0,0,0,http://www.whitepaper.co.kr/news/articleView.html?idxno=262850
2026-05-20,"한화투자증권, 두나무 지분 3.90% 추가 취득 결의…지분율 9.84%",0.0,0,0,https://zdnet.co.kr/view/?no=20260520183503
2026-05-20,"한화투자증권, 두나무 주식 추가 취득 결정…지분 9%로 확대",0.0,0,0,https://www.newsworks.co.kr/news/articleView.html?idxno=841404
2026-05-20,"한화투자증권, 두나무 지분 9.84%로 확대…RWA 허브 전략 속도",0.0,0,0,https://byline.network/?p=9004111222604096
2026-05-20,"한화증권, 두나무 지분 9.84%로 늘어난다",0.0,0,0,https://www.dailian.co.kr/news/view/1646098/?sc=Naver
2026-05-20,"한화투자증권, 두나무 지분 9.84% 확보…3대주주로",0.0,0,0,https://www.hankyung.com/article/202605209834i
2026-05-20,"한화투자증권, 두나무 지분 3.9% 추가 취득…“디지털 금융 경쟁력 강화...",0.0,0,0,https://biz.heraldcorp.com/article/10742251?ref=naver
2026-05-20,[K-산업비전포럼] 석화 넘어 '토털 에너지' 재편… 미래 성장축 세우는...,0.322,1,0,https://www.asiatoday.co.kr/kn/view.php?key=20260521010006044
2026-05-20,"한화투자증권, 두나무 지분 추가 취득…지분율 9.84%로 확대",0.0,0,0,https://www.etoday.co.kr/news/view/2586498
2026-05-20,"한화증권, 두나무 지분 3.90% 추가 취득 결의",0.0,0,0,http://www.edaily.co.kr/news/newspath.asp?newsid=04746166645450888
2026-05-20,"한화투자증권, 주식 추가 취득 결의···두나무 지분 9.84%로 확대",0.0,0,0,http://www.enewstoday.co.kr/news/articleView.html?idxno=2431473
2026-05-20,"한화투자증권, 두나무 지분 3.9% 추가 매입…5978억원 투자",0.0,0,0,https://www.newsis.com/view/NISX20260520_0003638199
2026-05-20,한-인도 국방장관회담 서울서 개최…방산협력 확대 등 논의(종합),0.0,0,0,https://www.newsis.com/view/NISX20260520_0003638196
2026-05-20,"한화투자증권, 두나무 지분 9.84%로 확대…""사업 시너지 확보""",0.0,0,0,https://www.sidae.com/article/2026052017383150828
2026-05-20,"한화투자증권, 두나무 지분 3.90% 추가 취득…디지털금융 경쟁력 강화",0.0,0,0,https://daily.hankooki.com/news/articleView.html?idxno=1369293
2026-05-20,"한화투자증권, 두나무 지분 3.90% 추가 취득 결의",0.0,0,0,http://www.metroseoul.co.kr/article/20260520500365
2026-05-20,"한화투자증권, 두나무 지분 5978억 추가 매입…디지털 금융 승부수",0.0,0,0,https://www.dt.co.kr/article/12063562?ref=naver
2026-05-20,한·인도 국방장관 회담…“방산협력 지속 확대”,0.0,0,0,https://news.kbs.co.kr/news/pc/view/view.do?ncd=8565985&ref=A
2026-05-20,"안규백 국방장관, 7년 만에 방한한 인도 국방장관과 회담…방산협력 '가...",0.0,0,0,https://www.jnilbo.com/news/articleView.html?idxno=90000036452
2026-05-20,"한·인도 국방장관 서울서 회담…""방산협력 지속 확대""(종합)",0.0,0,0,https://www.yna.co.kr/view/AKR20260520128751504?input=1195m
2026-05-20,"한화시스템, AI 기반 무인체계 라인업 확보...'다영역 동시 교전' 능력 ...",0.0,0,0,http://www.lkp.news/news/articleView.html?idxno=80311
2026-05-20,"가족기업, 세계GDP 70% 기여 상속세 '굴레'서 벗어나게 하라 [Cover Story]",0.0,0,0,https://www.mk.co.kr/article/12053237
2026-05-20,"[컬처슬로건 탐방기] 비즈니스캔버스 한발 더, 함께",0.0,0,0,https://www.venturesquare.net/1083761/
2026-05-20,대전시장 선거 ‘난타전’… 스카이박스 의혹 vs 호별방문 고발,0.0,0,0,https://cc.newdaily.co.kr/site/data/html/2026/05/20/2026052000187.html
2026-05-20,대기업도 긴장한 가격 경쟁력… 이노인스트루먼트의 '무서운 질주',-0.322,0,1,https://www.pinpointnews.co.kr/news/articleView.html?idxno=454097
2026-05-20,"[재계 투데이] 삼성전자, '구글 I/0 2026'서 AI 글라스 최초 공개 ​外",0.0,0,0,https://news.dealsitetv.com/articles/170696
2026-05-20,마키나락스 공모가 4배 직행…피지컬AI 후속주도 주목,0.0,0,0,https://www.thelec.kr/news/articleView.html?idxno=56899
2026-05-20,[2026 지선] 최재형 군수 후보 “행복한 도시형 농촌 보은 완성”,0.0,0,0,http://www.inews24.com/view/1970037
2026-05-20,"은퇴자금 1억·대학축하금 300만 원…최재형, 생활밀착형 민생공약 발표",0.0,0,0,https://www.inews365.com/news/article.html?no=920233
2026-05-20,"최재형 보은군수 후보, 복지·교육·정주여건 혁신 공약 발표",0.0,0,0,https://www.thepublic.kr/news/articleView.html?idxno=305053
2026-05-20,"[스페셜리포트] ""인공지능, 인프라부터 개인 비서까지""... 구글, '구글 I...",0.0,0,0,https://www.aitimes.kr/news/articleView.html?idxno=40120
2026-05-20,"최재형 보은군수 후보, 충북생명산업고에 'AI방산기계과' 신설 공약",0.0,0,0,https://www.jbnews.com/news/articleView.html?idxno=1504419
2026-05-20,반도체 호황 속 장비기업들 '실적 충격'… 2분기 회복할까?,0.537,1,0,http://www.the-biz.co.kr/news/articleView.html?idxno=721008
2026-05-20,아주대 과학기술정책대학원 2026년 2학기 신입생 모집,0.0,0,0,https://www.etnews.com/20260520000169
2026-05-20,"본업에 AI 날개 달았다… 영우디에스피, 독보적 기술력에 매수세 유입",-0.261,0,1,https://www.pinpointnews.co.kr/news/articleView.html?idxno=454018
2026-05-20,"[K산업, 미래설계자들]타사 공장 멈출 때 R&D 투자 늘렸다, AI·특수합금...",0.0,0,0,https://view.asiae.co.kr/article/2026051813593108698
2026-05-20,"한화오션, 직영 인력 확대 '긍정' VS 노조, 저임금 해결 없이는 '글쎄'",0.0,0,0,http://www.popcornnews.net/news/articleView.html?idxno=121382
2026-05-20,"한화 실적, 올해 긍정 요인은?...증권사 진단은?",0.0,0,0,http://www.choicenews.co.kr/news/articleView.html?idxno=165511
2026-05-20,이장우·허태정 대전시장 선거 난타전… 정책 실종에 토론 회피 논란,0.0,0,0,https://www.goodkyung.com/news/articleView.html?idxno=287190
2026-05-20,'사이버·물리' 다 잡았다…통합 보안 강자 벨로크의 무서운 질주 주목...,0.645,2,0,https://www.pinpointnews.co.kr/news/articleView.html?idxno=453985
2026-05-20,"지금은 성장성에 주목할 때…마키나락스, 제조 데이터 분석 기술로 자금...",0.322,1,0,https://www.pinpointnews.co.kr/news/articleView.html?idxno=453977
2026-05-20,"한화오션, 첨단 AI 융합한 차세대 스마트 함정으로 K-해양방산 새판 짠...",0.0,0,0,https://sports.donga.com/economy/article/all/20260520/133956586/1
2026-05-20,"한화, 올해에도 양호한 실적 지속 가능…'매수'-흥국",0.0,0,0,http://www.edaily.co.kr/news/newspath.asp?newsid=02223846645450888
2026-05-20,[Who Is ?] 이용배 현대로템 대표이사 사장,0.0,0,0,https://www.businesspost.co.kr/BP?command=article_view&num=437955
2026-05-20,[Who Is ?] 박재석 SNT다이내믹스 대표이사 사장,0.0,0,0,https://www.businesspost.co.kr/BP?command=article_view&num=438134
2026-05-20,"[더벨]퐁피두 한화 내달 개관, 리더십 체계 단계적 구축",0.0,0,0,https://www.thebell.co.kr/free/content/ArticleView.asp?key=202605191556568560103186
2026-05-22,[기획] 한화證도 두나무로…금융권 '디지털자산 주도권' 전쟁 뜨겁다,0.0,0,0,https://www.startuptoday.co.kr/news/articleView.html?idxno=801663
2026-05-21,"“K9 만들더니 이젠 레이저포까지”…韓·인도, 드론 잡는 무기 손잡았...",0.0,0,0,https://nownews.seoul.co.kr/news/newsView.php?id=20260521601026&wlog_tag3=naver
2026-05-21,디지털자산 힘싣는 증권사들 '동맹'…한화투자증권 '두나무 3대주주'로,0.0,0,0,http://www.fntimes.com/html/view.php?ud=2026052117314312820f4390e77d_18
2026-05-21,"'한화 2남' 김동원, 두나무 지분 확대...디지털 자산 시장 뛰어드나",0.0,0,0,https://www.insightkorea.co.kr/news/articleView.html?idxno=246881
2026-05-21,"[기로에 선 K-피지컬 AI] ⑤김동선표 로봇사업 속도전…한화로보틱스, ...",0.537,2,0,https://www.ajunews.com/view/20260521101120567
2026-05-21,"한화생명e스포츠, 베트남 하노이서 역대 최대 팬 행사 개최",0.0,0,0,https://www.mediafine.co.kr/news/articleView.html?idxno=79336
2026-05-21,개인 기부 1위 '월드비전' vs 기업 기부 1위 '사회복지공동모금회'...기...,0.0,0,0,http://www.dailypop.kr/news/articleView.html?idxno=99067
2026-05-21,원·하청 이중구조 개선…K조선 상생 생태계 만든다,0.0,0,0,https://www.sedaily.com/article/20046990?ref=naver
2026-05-21,"‘금가분리’ 깨지나… 전통 금융사, 가상자산 거래소 지분 투자",0.0,0,0,https://sateconomy.co.kr/news/view/1065600764088301
2026-05-21,김경수·송순호 ‘기술과 문화가 흐르는 Next 창원’ 공약 발표,0.0,0,0,https://www.busan.com/view/busan/view.php?code=2026052117033847881
2026-05-21,[선택 6·3] 김경수 경남도지사 후보 '미래 창원 100년의 약속' 공약,0.0,0,0,https://daily.hankooki.com/news/articleView.html?idxno=1369684
2026-05-21,[여의도단신]한화자산운용·신한자산운용·NH투자증권,0.408,1,0,https://www.imaeil.com/page/view/2026052115391528615
2026-05-21,"한수원 중앙연구원, 발명의 날 국무총리 표창…롯데화학군, 2026 리더십...",0.0,0,0,https://www.sisaon.co.kr/news/articleView.html?idxno=201246
2026-05-21,"[오늘Who] 한화 금융계열사 '디지털' 힘 싣는 김동원, 글로벌 이어 블록...",0.0,0,0,https://www.businesspost.co.kr/BP?command=article_view&num=438341
2026-05-21,"""장비 없으면 AI도 없다"" 반도체 장비주 불꽃랠리... 로보스타 이오테크...",0.261,1,0,https://www.pinpointnews.co.kr/news/articleView.html?idxno=454488
2026-05-21,"한화생명e스포츠,‘2026 글로벌 팬페스트 in 베트남’개최",0.0,0,0,https://www.fomos.kr/redirect/news_view?news_cate_id=39&entry_id=153312
2026-05-21,"[미래를 설계하는 기업] 한화그룹, '가족친화 경영'…'육아동행'이 바꾼...",0.0,0,0,https://www.s-journal.co.kr/news/articleView.html?idxno=41292
2026-05-21,"한화투자증권, 자산관리 성장세 뚜렷…IB·트레이딩은 주춤",0.322,1,0,https://daily.hankooki.com/news/articleView.html?idxno=1369603
2026-05-21,"한미반도체, 싱가포르 법인 신설로 글로벌 AI 기업 공략 박차",0.604,2,0,https://www.pinpointnews.co.kr/news/articleView.html?idxno=454474
2026-05-21,"[GAIC 2026] 사우디, 방산 현지화 3→25% 성장…""2030년 50% 목표""",0.322,1,0,https://www.edaily.co.kr/news/newspath.asp?newsid=05379206645451216
2026-05-21,"김경수, ‘넥스트 창원’ 비전 발표…“산업·문화 수도 만들 것”",0.0,0,0,https://www.etoday.co.kr/news/view/2586827
2026-05-21,"한화투자증권, 디지털금융 강화 위해 두나무 지분 확대한다",0.0,0,0,https://www.inthenews.co.kr/news/article.html?no=87166
2026-05-21,"하나금융지주·한화투자증권, 두나무 지분 확보...전통 금융권 '디지털...",0.0,0,0,http://www.thevaluenews.co.kr/news/view.php?idx=198912
2026-05-21,한달만에 다시 베트남 찾는 한화생명e스포츠 '2026 글로벌 팬페스트 in ...,0.0,0,0,https://gamefocus.co.kr/detail.php?number=176053
2026-05-21,'배라 독주' 끝?...프리미엄 아이스크림 전쟁 발발에 아이스크림 시장 ...,0.0,0,0,http://www.popcornnews.net/news/articleView.html?idxno=121974
2026-05-21,[증권 뉴스브리핑] '미공개정보 이용' NH투자증권 전 임원 검찰 고발/주...,0.0,0,0,https://www.asiatime.co.kr/article/20260521500294
2026-05-21,"스페이스X, 800억달러 초대형 IPO 성공하나…투자설명서 제출",0.0,0,0,https://www.hankyung.com/article/202605211622i
2026-05-21,"청년 유출·소멸 위기, 해양방산 '지산학 동맹'으로 뚫는 부산",0.0,0,0,https://www.ajunews.com/view/20260521115928780
2026-05-21,"소프트뱅크 그룹 주가, 오픈AI·SB 에너지 ‘더블 IPO’ 대박 호재에 20%...",0.0,0,0,https://www.g-enews.com/view.php?ud=2026052112013051260c8c1c064d_1
2026-05-21,11조원 기부 시대…선한 돈은 이곳에 몰렸다,0.0,0,0,https://www.taxwatch.co.kr/article/tax/2026/05/21/0001/naver
2026-05-21,"한화생명e스포츠, '2026 글로벌 팬페스트 in 베트남' 개최",0.0,0,0,https://www.gamechosun.co.kr/webzine/article/view.php?no=222185
2026-05-21,"“리야드→파리, 이젠 세계 순회다”…세계 최대 e스포츠 클럽대항전 ‘...",0.0,0,0,https://www.sportsseoul.com/news/read/1610644?ref=naver
2026-05-21,[Invest]두나무 지분 늘리는 한화證…한화그룹 가상자산 투자 평가는?,0.0,0,0,https://www.investchosun.com/site/data/html_dir/2026/05/21/2026052180071.html
2026-05-21,"한화투자증권, 두나무 지분 추가 취득…차세대 디지털 자산 주도권 쥔다",0.0,0,0,https://www.thepublic.kr/news/articleView.html?idxno=305185
2026-05-21,"한화투자증권, 두나무 지분 3.9% 추가 취득…3대 주주로",0.0,0,0,https://biz.heraldcorp.com/article/10742652?ref=naver
2026-05-21,"'한화생명e스포츠, '2026 글로벌 팬페스트 in 베트남' 개최'",0.0,0,0,https://www.thisisgame.com/articles/424152
2026-05-21,"""요람서 무덤까지 책임"" ··· 최재형 보은군수 후보, 복지·교육·정주...",0.0,0,0,https://www.ggilbo.com/news/articleView.html?idxno=1159569
2026-05-21,"2026 e스포츠 월드컵, 사우디 아닌 프랑스 파리서 열린다",0.0,0,0,https://www.gamemeca.com/mv.php?inflow=naver_s&gid=1775479
2026-05-21,쏠리드·센서뷰 주가 신바람… 5G·위성통신 투자 기대감 폭발,0.537,2,0,https://www.pinpointnews.co.kr/news/articleView.html?idxno=454376
2026-05-21,"""디지털 금융선점 포석""…한화證, 두나무 3대주주 부상",0.0,0,0,http://www.globalepic.co.kr/view.php?ud=202605210941315367cc35ccc5c_29
2026-05-21,TKMS·독일 정부 합세해 캐나다 전역 순방…잠수함 수주 막판 총력전,0.38,1,0,https://www.theguru.co.kr/news/article.html?no=102043
2026-05-21,"한화투자증권, 두나무 지분 추가 확보…3대 주주 된다",0.0,0,0,https://www.nocutnews.co.kr/news/6520578?utm_source=naver&utm_medium=article&utm_campaign=20260521085656
2026-05-21,"한화투자증권, 두나무 3대주주로…실적 부진 돌파구 될까",-0.229,1,1,https://news.bizwatch.co.kr/article/market/2026/05/21/0003
2026-05-21,이장우·허태정 전·현직 시장 리턴매치…고발·폭로전 속 유권자 피로...,0.0,0,0,http://www.newsprime.co.kr/news/article.html?no=734199
2026-05-21,"“경제파탄·막장공천 심판” 국민의힘, 지방선거 필승 총력",0.0,0,0,http://www.breaknews.com/1208780
2026-05-21,하나銀 이어 한화證까지…두나무로 몰리는 금융권,0.0,0,0,https://www.shinailbo.co.kr/news/articleView.html?idxno=5022963
2026-05-21,한·인도 국방장관 회담…K9 자주포 등 방산협력 확대,0.0,0,0,https://www.cbci.co.kr/news/articleView.html?idxno=575981
2026-05-21,"한화투자증권, 두나무 지분 추가 취득…보유 지분 9.84%로 확대",0.0,0,0,https://www.joongangenews.com/news/articleView.html?idxno=520799
2026-05-21,"[오늘의 주요일정·21일] 5공피해자단체 연합회, 스타벅스 규탄 기자회...",0.0,0,0,https://www.safetimes.co.kr/news/articleView.html?idxno=242918
2026-05-21,"[고려아연, 대한민국 '자원 안보' 지도 다시 그린다④] 호주의 바람을 ...",0.0,0,0,https://www.goodkyung.com/news/articleView.html?idxno=287224
2026-05-25,"우주 넘보는 K-바이오, 스페이스X·NASA 동맹 통했다",0.0,0,0,https://www.pharmnews.com/news/articleView.html?idxno=303722
2026-05-25,"[주목할 전시]한화, 퐁피두센터 서울 개관…한국·프랑스 문화교류 새 ...",0.0,0,0,http://www.sctoday.co.kr/news/articleView.html?idxno=47853
2026-05-24,레드카펫에 드리운 전쟁의 그림자[아침을 열며],0.0,0,0,https://www.khan.co.kr/article/202605242005001
2026-05-24,"‘사람-AI 초연결’ 유·무인 무기체계, 미래전장 지배한다 [창간기획]",0.0,0,0,https://www.ekn.kr/web/view.php?key=20260524025054983
2026-05-24,"""한 해 구축함 겨우 1척 생산""…미 해군의 '진퇴양난' [취재파일]",0.0,0,0,https://news.sbs.co.kr/news/endPage.do?news_id=N1008576672&plink=ORI&cooper=NAVER
2026-05-23,"중국인 3명 중 1명 산다…킨텍스, '더우인 뷰티 1위' K-화장품 판로 개척",0.0,0,0,https://www.cstimes.com/news/articleView.html?idxno=707037
2026-05-23,"""태안을 군사도시로 만들 것인가"" 미래항공연구센터 놓고 정면 충돌",0.0,0,0,https://www.ohmynews.com/NWS_Web/View/at_pg.aspx?CNTN_CD=A0003236887&CMPT_CD=P0010&utm_source=naver&utm_medium=newsearch&utm_campaign=naver_news
2026-05-23,"심상찮은 투자 러시, 중국의 AGI 시대는 딥시크가 연다",0.0,0,0,https://www.ohmynews.com/NWS_Web/View/at_pg.aspx?CNTN_CD=A0003236888&CMPT_CD=P0010&utm_source=naver&utm_medium=newsearch&utm_campaign=naver_news
2026-05-23,"한화운용, 국내외 VC·스타트업 파트너 초청...딥테크 세미나 성료",0.0,0,0,http://www.metroseoul.co.kr/article/20260523500018
2026-05-23,"한화비전, 이집트 시스템 통합 기업 'EMS'와 맞손…중동·아프리카 시장...",0.0,0,0,https://www.theguru.co.kr/news/article.html?no=102146
