tree
version=v4
num_class=1
num_tree_per_iteration=1
label_index=0
max_feature_idx=6
objective=regression
feature_names=oim oim_mom_1 oim_mom_6 vol_velocity buy_sell_imbalance spread_bps spread_variance
feature_infos=[-0.99356347279144264:0.99943534657226119] [-0.34714298919383829:0.30619469654062192] [-0.71641252149750223:0.6480278297273615] [-0.99994717167231162:6.6113361183828161] [-0.99968451084388654:0.99934641048418449] [5.0593941042948352:49.948017223308405] [0.0025245449056210401:9.9992482683317654]
tree_sizes=3007 3029 3014 3014 3011 3014 3005 3013 3007 3004 3010 3026 3014 3013 3013 2996 3014 3009 3021 3000 3019 3020 3027 3015 3003 3020 3005 3017 2997 2996 3008 3006 3016 3009 3018 3009 3022 3018 3003 3012 3025 3009 3016 2986 3012 3014 3014 3005 3015 3013 3029 3018 3034 3008 3002 3017 3006 3001 3013 3018 2998 3014 3025 3033 3001 3016 3040 3012 3015 3015 3022 3020 2998 3038 3022 2993 3003 3037 3006 3014 3001 3006 3035 3008 3011 3019 3001 3019 3008 3009 3017 3007 3007 3024 3020 3022 3034 3017 3009 3008

Tree=0
num_leaves=31
num_cat=0
split_feature=0 4 0 4 0 4 2 5 2 1 4 0 3 3 5 2 0 6 1 0 6 0 0 6 1 2 2 5 2 5
split_gain=0.000652245 0.00015897 0.0001452 0.00010755 4.81466e-05 4.64743e-05 4.75733e-05 4.17966e-05 4.54491e-05 4.1043e-05 3.70814e-05 3.42328e-05 3.2649e-05 3.12197e-05 3.00205e-05 2.8223e-05 2.64533e-05 2.89691e-05 3.20776e-05 2.64146e-05 2.98266e-05 2.86132e-05 3.37634e-05 2.63792e-05 2.40319e-05 2.81001e-05 2.66968e-05 2.95229e-05 2.31809e-05 2.27092e-05
threshold=-0.15739494442885779 -0.38325033740254361 0.68056433087792045 -0.203999548600135 -0.32270270295680087 0.42053268503480151 0.13390388235671694 43.093134754622788 0.1353698241506037 -0.10019545040554863 0.8938787192571761 0.93798048542650292 0.60852166914621597 -0.89389610969907995 28.702379948159727 0.18562220999163739 0.30733739200535753 0.66029417179504291 0.1374559720123609 0.8018598745022476 7.179485412135044 0.40734383684081948 0.16076071950537577 6.434790508977045 -0.068661228631671553 -0.14900804389469277 -0.06425439489854369 42.441326887646987 -0.072666315959019734 17.17681693578108
decision_type=2 2 2 2 2 2 2 2 2 2 2 2 2 2 2 2 2 2 2 2 2 2 2 2 2 2 2 2 2 2
left_child=3 7 9 12 10 11 -7 19 -9 -3 13 29 14 -5 15 -1 -11 -18 -19 20 23 22 -22 -2 25 -15 27 -26 -6 -4
right_child=1 2 5 4 28 6 -8 8 -10 16 -12 -13 -14 24 -16 -17 17 18 -20 -21 21 -23 -24 -25 26 -27 -28 -29 -30 -31
leaf_value=-2.914129079684317e-05 -1.5879397882195871e-05 5.4872231232021106e-05 2.311754581336376e-05 -6.5959152203831837e-05 5.3257130052850347e-05 7.6390529576217248e-05 0.00015012973915438224 6.7902135928362629e-05 -2.1501124732380545e-05 1.1803111393959339e-05 2.4761481292300782e-05 -7.0393107707702541e-06 -1.5504455058963116e-05 -8.1991420083908219e-05 -7.061340246416987e-05 -8.8416384580960965e-05 -1.8355026254704363e-05 4.5492569705063267e-05 -2.0905321909456577e-05 2.3350622507816411e-05 -3.0544026883002142e-06 -2.4507987698560998e-05 7.0894709323837584e-05 -7.2070603091725586e-05 -6.8511089838734794e-06 -2.4906132647404445e-05 -2.5858816983931135e-05 5.5023261435494962e-05 2.2374850913010842e-06 7.4816207883749016e-05
leaf_weight=123 161 111 28 41 31 89 29 44 21 308 42 21 64 29 150 24 24 201 20 68 33 36 29 24 98 84 157 24 79 88
leaf_count=123 161 111 28 41 31 89 29 44 21 308 42 21 64 29 150 24 24 201 20 68 33 36 29 24 98 84 157 24 79 88
internal_value=5.32667e-06 2.78337e-05 3.94422e-05 -2.64353e-05 -1.31917e-05 7.1513e-05 9.45129e-05 2.18894e-06 3.9018e-05 2.71258e-05 -2.00945e-05 5.17029e-05 -4.78966e-05 -2.44454e-05 -5.48767e-05 -3.88189e-05 2.15565e-05 3.38179e-05 3.94837e-05 -4.63126e-06 -1.13548e-05 1.09476e-05 3.15347e-05 -2.31691e-05 -2.01034e-05 -3.95563e-05 -1.22247e-05 5.3209e-06 1.66157e-05 6.23372e-05
internal_weight=2281 1335 919 946 585 255 118 416 65 664 475 137 361 433 297 147 553 245 221 351 283 98 62 185 392 113 279 122 110 116
internal_count=2281 1335 919 946 585 255 118 416 65 664 475 137 361 433 297 147 553 245 221 351 283 98 62 185 392 113 279 122 110 116
is_linear=0
shrinkage=1


Tree=1
num_leaves=31
num_cat=0
split_feature=0 4 0 4 4 2 5 2 1 3 0 4 5 0 2 5 0 1 1 2 3 5 0 2 5 6 1 0 3 4
split_gain=0.000588652 0.000143471 0.000131043 9.81014e-05 4.19431e-05 4.3632e-05 3.77214e-05 4.10178e-05 3.70413e-05 3.18518e-05 3.11651e-05 3.11503e-05 3.28275e-05 2.89233e-05 2.79227e-05 2.64102e-05 3.15142e-05 3.04867e-05 2.60682e-05 2.43851e-05 2.4263e-05 2.97315e-05 2.40699e-05 2.52124e-05 3.21516e-05 2.49742e-05 2.26188e-05 2.31286e-05 2.55923e-05 3.0486e-05
threshold=-0.15739494442885779 -0.38325033740254361 0.68056433087792045 0.28306066462938767 0.42053268503480151 0.058514912840217592 43.093134754622788 0.1353698241506037 -0.10019545040554863 0.85674083986514638 0.92545877175195113 -0.37187910601673008 29.670283622914777 -0.3864564142871017 0.18562220999163739 42.875756990791089 -0.87856995615457234 -0.0093208431253250391 -0.060176704857808676 -0.1076038401623286 -0.61390499450742431 33.124015980450672 0.35264549930179628 0.15086348037283318 12.228651402230208 5.0403044725071053 -0.066245766213098245 0.70739454883693931 -0.22797212993720581 -0.80279339960025786
decision_type=2 2 2 2 2 2 2 2 2 2 2 2 2 2 2 2 2 2 2 2 2 2 2 2 2 2 2 2 2 2
left_child=3 6 8 9 10 -6 20 -8 -3 11 -4 12 14 -5 -1 16 -13 18 -18 -15 21 -2 -10 24 -24 -26 -22 28 -28 -30
right_child=1 2 4 13 5 -7 7 -9 22 -11 -12 15 -14 19 -16 -17 17 -19 -20 -21 26 -23 23 -25 25 -27 27 -29 29 -31
leaf_value=-3.1404684710597024e-05 2.3454135971044045e-05 4.7068283687999081e-05 5.5599060088580535e-05 -1.783991810797395e-05 6.2954102306834209e-05 0.0001271838461252628 5.9446693000030461e-05 -2.5486405110357389e-05 7.2561348966202698e-06 -1.3733187576257832e-05 -5.2167072751147389e-06 -9.3874502230252045e-05 -7.9381357553296396e-05 6.3573050938430255e-05 -9.4771005552458874e-05 2.9645811848336294e-06 -3.4835848013740779e-05 -1.5652805703211927e-05 -8.5989472381697851e-05 1.1643506092519198e-06 8.1741447008996254e-06 -3.6525550806092929e-05 -7.9591241129409443e-06 -9.9894852818189463e-06 2.4328067688243623e-05 6.6369875548843998e-05 -7.9705501393618759e-05 -2.9548658336285309e-07 1.8162111316794636e-05 -4.4905692858733485e-05
leaf_weight=101 88 111 111 263 78 40 44 21 343 82 26 26 117 20 21 38 66 100 40 72 59 27 33 35 66 76 30 54 27 66
leaf_count=101 88 111 111 263 78 40 44 21 343 82 26 26 117 20 21 38 66 100 40 72 59 27 33 35 66 76 30 54 27 66
internal_value=1.20029e-13 2.13817e-05 3.24097e-05 -3.01739e-05 6.2877e-05 8.47269e-05 -2.98084e-06 3.20068e-05 2.07092e-05 -4.2653e-05 4.40574e-05 -4.7312e-05 -6.04589e-05 -9.39889e-06 -4.2312e-05 -3.56745e-05 -4.20033e-05 -3.54564e-05 -5.41391e-05 1.47315e-05 -9.46003e-06 9.37195e-06 1.54183e-05 2.87499e-05 3.64978e-05 4.68293e-05 -1.86366e-05 -2.75736e-05 -3.95493e-05 -2.65957e-05
internal_weight=2281 1335 919 946 255 118 416 65 664 591 137 509 239 355 122 270 232 206 106 92 351 115 553 210 175 142 236 177 123 93
internal_count=2281 1335 919 946 255 118 416 65 664 591 137 509 239 355 122 270 232 206 106 92 351 115 553 210 175 142 236 177 123 93
is_linear=0
shrinkage=0.05


Tree=2
num_leaves=31
num_cat=0
split_feature=0 4 0 4 0 4 2 5 2 1 6 0 4 2 0 3 6 5 5 0 0 6 0 0 6 6 5 0 6 1
split_gain=0.000531258 0.000129482 0.000118266 8.89118e-05 4.12744e-05 3.78536e-05 3.95541e-05 3.40436e-05 3.70186e-05 3.34298e-05 3.17012e-05 2.82273e-05 2.80523e-05 2.99203e-05 3.53997e-05 2.67759e-05 2.6704e-05 2.56421e-05 2.48448e-05 2.34876e-05 2.24935e-05 2.62524e-05 2.55446e-05 3.07056e-05 2.41606e-05 2.21873e-05 2.19657e-05 2.18173e-05 2.5633e-05 2.83302e-05
threshold=-0.15739494442885779 -0.38325033740254361 0.68056433087792045 -0.203999548600135 -0.3864564142871017 0.42053268503480151 0.13390388235671694 43.093134754622788 0.1353698241506037 -0.10019545040554863 6.1202400860731201 0.93798048542650292 0.6168249796539651 -0.19271612018055065 -0.79166554780748588 0.60852166914621597 5.5440963434752462 45.843113204167182 28.702379948159727 -0.83482028645903072 0.8018598745022476 7.179485412135044 0.40734383684081948 0.16076071950537577 6.434790508977045 1.3690885979378355 23.932455008391262 0.30733739200535753 0.66029417179504291 0.1374559720123609
decision_type=2 2 2 2 2 2 2 2 2 2 2 2 2 2 2 2 2 2 2 2 2 2 2 2 2 2 2 2 2 2
left_child=3 7 9 15 12 11 -7 20 -9 -3 -6 25 16 -14 -15 18 17 -5 19 -1 21 24 23 -23 -2 -4 -22 -11 -29 -30
right_child=1 2 5 4 10 6 -8 8 -10 27 -12 -13 13 14 -16 -17 -18 -19 -20 -21 26 22 -24 -25 -26 -27 -28 28 29 -31
leaf_value=-2.7442066284217591e-06 -1.9298930242758838e-05 4.4714869140948352e-05 3.6025316512677818e-06 -5.4390855916406841e-05 2.2983891677099988e-05 6.3966034828267309e-05 0.00013120372293934485 5.6474356568452839e-05 -2.421208487248805e-05 5.7898110858568309e-06 -2.5103299799411618e-05 -1.1486847818429981e-05 -5.7990538508697092e-05 3.9130511148010155e-05 -1.7553896078156164e-05 -1.8844046152821647e-05 -1.6723146829580974e-05 6.1062925306032417e-06 -6.8815641840425695e-05 -5.0644597743947789e-05 -1.1583003705548916e-05 -7.8017600378988199e-06 -2.7768544876178366e-05 6.2719221819736116e-05 -7.3075214640994093e-05 6.1492097427399509e-05 4.5252223962426587e-05 -2.3294230667640175e-05 3.6759261408306471e-05 -2.5639730456532561e-05
leaf_weight=33 161 111 20 141 97 89 29 44 21 308 53 21 23 45 71 64 135 20 150 114 34 33 36 29 24 96 34 24 201 20
leaf_count=33 161 111 20 141 97 89 29 44 21 308 53 21 23 45 71 64 135 20 150 114 34 33 36 29 24 96 34 24 201 20
internal_value=-4.58137e-14 2.03126e-05 3.07893e-05 -2.86652e-05 -1.66237e-05 5.97331e-05 8.04906e-05 -2.8318e-06 3.04064e-05 1.96737e-05 5.99308e-06 4.18545e-05 -2.44226e-05 -5.89378e-06 4.43574e-06 -4.81784e-05 -3.31237e-05 -4.68757e-05 -5.44996e-05 -3.98914e-05 -8.98703e-06 -1.51915e-05 5.73196e-06 2.51839e-05 -2.62753e-05 5.15111e-05 1.68346e-05 1.46474e-05 2.57827e-05 3.11123e-05
internal_weight=2281 1335 919 946 585 255 118 416 65 664 150 137 435 139 116 361 296 161 297 147 351 283 98 62 185 116 68 553 245 221
internal_count=2281 1335 919 946 585 255 118 416 65 664 150 137 435 139 116 361 296 161 297 147 351 283 98 62 185 116 68 553 245 221
is_linear=0
shrinkage=0.05


Tree=3
num_leaves=31
num_cat=0
split_feature=0 4 0 4 4 2 5 2 1 3 0 4 5 2 0 5 0 1 1 2 1 3 5 0 3 6 0 6 3 5
split_gain=0.00047946 0.000116858 0.000106736 8.09106e-05 3.41629e-05 3.62948e-05 3.07243e-05 3.34093e-05 3.01704e-05 2.67552e-05 2.56863e-05 2.56077e-05 2.73775e-05 2.5022e-05 2.42013e-05 2.33965e-05 2.79435e-05 2.75663e-05 2.36192e-05 2.21019e-05 2.20718e-05 2.18108e-05 2.66616e-05 2.17316e-05 2.11614e-05 2.07834e-05 1.99712e-05 2.74792e-05 2.30804e-05 2.06303e-05
threshold=-0.15739494442885779 -0.38325033740254361 0.68056433087792045 0.28306066462938767 0.42053268503480151 0.058514912840217592 43.093134754622788 0.1353698241506037 -0.10019545040554863 0.85674083986514638 0.92545877175195113 -0.37187910601673008 29.670283622914777 0.18562220999163739 -0.3864564142871017 42.875756990791089 -0.87856995615457234 -0.0093208431253250391 -0.060176704857808676 -0.1076038401623286 0.025757360759629495 -0.61390499450742431 33.124015980450672 0.39489172891612362 1.1744740113488699 3.8923760810343961 0.40734383684081948 5.0403044725071053 -0.22797212993720581 29.830529911170569
decision_type=2 2 2 2 2 2 2 2 2 2 2 2 2 2 2 2 2 2 2 2 2 2 2 2 2 2 2 2 2 2
left_child=3 6 8 9 10 -6 21 -8 23 11 -4 12 13 -1 -5 16 -13 18 -18 -16 -19 22 -2 -3 -11 -14 -10 29 -29 -28
right_child=1 2 4 14 5 -7 7 -9 26 24 -12 15 25 -15 19 -17 17 20 -20 -21 -22 -23 -24 -25 -26 -27 27 28 -30 -31
leaf_value=-2.7857644034714998e-05 2.2652651280323386e-05 5.7492627423160137e-05 5.0239952251460543e-05 -1.6086104657843093e-05 5.6608095714202532e-05 0.0001151889866014244 5.3650637817719887e-05 -2.3001481670126807e-05 7.4227936728788943e-06 2.4192431845693609e-05 -4.9719248706354013e-06 -8.7084576443885458e-05 -9.7753479921982252e-05 -8.7842371015410347e-05 6.0206948146515062e-05 4.0841787267709151e-06 -3.1466629802294355e-05 3.0986543490805411e-05 -8.0158180321632247e-05 7.9178557573161218e-07 -2.5719657610469045e-05 -1.7238189669161192e-05 -3.4146145319229823e-05 9.878377646340856e-06 -2.9856289405539759e-05 -5.4767831809710655e-05 -1.6144064557011006e-05 2.5942153087542687e-05 7.6248621429074681e-05 3.4637660610314926e-05
leaf_weight=101 88 76 111 263 78 40 44 21 377 27 26 26 47 21 20 38 66 22 40 72 78 236 27 35 55 70 45 57 38 36
leaf_count=101 88 76 111 263 78 40 44 21 377 27 26 26 47 21 20 38 66 22 40 72 78 236 27 35 55 70 45 57 38 36
internal_value=1.31622e-13 1.92969e-05 2.92498e-05 -2.7232e-05 5.67465e-05 7.6466e-05 -2.69021e-06 2.88861e-05 1.86901e-05 -3.8565e-05 3.97618e-05 -4.2835e-05 -5.47551e-05 -3.81829e-05 -8.36478e-06 -3.22835e-05 -3.82403e-05 -3.20755e-05 -4.98408e-05 1.37081e-05 -1.32443e-05 -8.53768e-06 9.31728e-06 4.24791e-05 -1.20598e-05 -7.20356e-05 1.3915e-05 2.78217e-05 4.60647e-05 6.42559e-06
internal_weight=2281 1335 919 946 255 118 416 65 664 591 137 509 239 122 355 270 232 206 106 92 100 351 115 111 82 117 553 176 95 81
internal_count=2281 1335 919 946 255 118 416 65 664 591 137 509 239 122 355 270 232 206 106 92 100 351 115 111 82 117 553 176 95 81
is_linear=0
shrinkage=0.05


Tree=4
num_leaves=31
num_cat=0
split_feature=0 4 0 4 0 0 3 4 2 4 3 2 5 5 3 5 4 6 1 2 2 5 2 1 4 1 2 5 3 1
split_gain=0.000432713 0.000106299 8.07312e-05 7.35308e-05 4.15165e-05 3.51692e-05 3.13378e-05 3.3732e-05 2.87664e-05 2.68719e-05 2.72539e-05 2.63493e-05 2.59161e-05 2.38863e-05 2.92828e-05 2.26741e-05 2.19073e-05 2.05454e-05 1.9632e-05 2.53391e-05 2.51597e-05 2.33632e-05 2.24524e-05 1.99391e-05 1.94502e-05 1.91447e-05 1.80466e-05 3.35253e-05 2.03473e-05 1.804e-05
threshold=-0.15739494442885779 0.20124448855065938 0.52263216876063034 -0.203999548600135 0.6885275317088132 -0.32270270295680087 -0.90598733314552549 0.8938787192571761 0.1353698241506037 0.44522334317865081 0.76641857101552824 0.18950128557931464 23.029129745341823 10.138172235008787 1.7607822725146449 34.689225252152191 -0.45118926267155041 4.1502280447586619 -0.068661228631671553 -0.14900804389469277 -0.06425439489854369 43.771930036148845 -0.025876393469647607 0.035477524621185148 0.30790927406928253 -0.036286536636110193 0.12545659608485835 12.701019844494921 -0.4923842030989572 -0.085275246907395838
decision_type=2 2 2 2 2 2 2 2 2 2 2 2 2 2 2 2 2 2 2 2 2 2 2 2 2 2 2 2 2 2
left_child=3 4 8 15 13 6 -5 18 9 12 25 -10 -3 -2 -15 -1 -6 -7 19 -8 21 -20 -21 -22 -14 -11 27 -4 -28 -17
right_child=1 2 26 5 16 17 7 -9 11 10 -12 -13 24 14 -16 29 -18 -19 20 22 23 -23 -24 -25 -26 -27 28 -29 -30 -31
leaf_value=-3.4607293532606474e-05 -2.7590343868593795e-05 9.7292800783179712e-06 -1.0705721288104542e-05 -6.31712866743328e-05 8.554542319191138e-06 3.6044067386999656e-05 -7.9161593949438308e-05 2.744216730533457e-05 -5.8120920748478966e-05 3.3118379012194056e-05 6.2425287507250212e-05 1.0853769656730746e-05 4.109798976339964e-05 6.0142384401890786e-06 -5.4275377996895088e-05 -0.00010207487483223138 4.0837920310618107e-05 -7.7640418830071677e-06 -7.4061898078638265e-06 2.1291813591233223e-05 -1.0621074640463729e-05 4.9455127803164285e-05 -3.9289559310698399e-05 -4.6090261746333762e-05 0.0001022570326453066 -4.7742509445924954e-06 4.0824657044140626e-05 5.8438305333612328e-05 0.00010259129268888502 -5.2109600346739171e-05
leaf_weight=238 70 25 20 40 99 46 29 39 20 50 27 45 26 492 21 22 112 64 101 20 84 22 65 75 26 100 20 142 40 101
leaf_count=238 70 25 20 40 99 46 29 39 20 50 27 45 26 492 21 22 112 64 101 20 84 22 65 75 26 100 20 142 40 101
internal_value=1.9238e-13 1.83321e-05 3.54246e-05 -2.58704e-05 6.68595e-06 -1.49198e-05 -2.08194e-05 -1.6925e-05 1.93117e-05 2.69072e-05 1.61807e-05 -1.03692e-05 5.15644e-05 -1.92284e-07 3.54624e-06 -4.36157e-05 2.56907e-05 1.05557e-05 -2.12945e-05 -3.88041e-05 -1.42161e-05 2.76413e-06 -2.50351e-05 -2.73518e-05 7.16775e-05 7.85663e-06 5.85778e-05 4.9902e-05 8.20024e-05 -6.10465e-05
internal_weight=2281 1335 541 946 794 585 475 435 319 254 177 65 77 583 513 361 211 110 396 114 282 123 85 159 52 150 222 162 60 123
internal_count=2281 1335 541 946 794 585 475 435 319 254 177 65 77 583 513 361 211 110 396 114 282 123 85 159 52 150 222 162 60 123
is_linear=0
shrinkage=0.05


Tree=5
num_leaves=31
num_cat=0
split_feature=0 4 0 4 4 2 5 2 2 3 4 4 0 3 6 6 3 1 0 0 5 4 6 2 2 5 5 0 3 5
split_gain=0.000390523 9.82508e-05 8.66386e-05 6.74008e-05 2.95389e-05 3.11496e-05 2.75527e-05 3.00326e-05 2.63555e-05 3.19534e-05 3.63868e-05 3.43808e-05 3.28733e-05 3.10381e-05 2.47733e-05 2.44243e-05 2.35603e-05 2.33586e-05 2.33358e-05 2.29548e-05 2.86541e-05 2.6293e-05 2.36626e-05 2.06561e-05 2.47403e-05 2.93817e-05 2.04142e-05 2.03734e-05 2.02875e-05 4.05291e-05
threshold=-0.15739494442885779 -0.38325033740254361 0.68056433087792045 0.28306066462938767 0.42053268503480151 0.058514912840217592 43.093134754622788 0.1353698241506037 -0.3496492295202564 -0.31457154368694418 0.12493662243883198 -0.12036328089219948 0.17811995380302362 0.10037503824210293 2.4732234925597183 4.6494782642769392 0.85674083986514638 0.095074164073540551 0.93798048542650292 -0.32270270295680087 18.943180703899362 -0.203999548600135 0.76322440570779593 -0.25508550279339065 -0.13499660753906081 39.573787332625635 17.17681693578108 -0.3864564142871017 -0.19584942309420769 13.395239866181198
decision_type=2 2 2 2 2 2 2 2 2 2 2 2 2 2 2 2 2 2 2 2 2 2 2 2 2 2 2 2 2 2
left_child=3 6 8 16 18 -6 23 -8 -3 11 14 -10 13 -12 -11 -15 19 -14 26 20 -1 -21 -22 -2 -25 -26 -4 28 29 -5
right_child=1 2 4 27 5 -7 7 -9 9 10 12 -13 17 15 -16 -17 -18 -19 -20 21 22 -23 -24 24 25 -27 -28 -29 -30 -31
leaf_value=-2.3952982746055886e-05 -4.3094165276239727e-05 -2.798563669022124e-05 7.116366837830615e-06 -5.7725942355722915e-05 5.1254683225684301e-05 0.00010552473919233306 5.0636554616093321e-05 -2.2038814426022805e-05 4.1998994411187603e-05 -3.7348341750960873e-05 5.8807202548626764e-05 -6.7592419042079669e-08 7.0009319398250781e-05 3.3133004709876941e-05 1.9824164916776177e-05 -3.5056027037830191e-05 -1.0048132037077379e-05 1.1952066385371535e-05 -1.2978490799685547e-05 -3.8417598669319117e-05 -0.00010234450353230139 1.6298258902384692e-05 -4.8418302350101942e-05 2.7805022516442445e-05 -4.9414121074259125e-06 -6.298645421338733e-05 5.61330939464452e-05 1.2895478541553451e-05 -3.0317330150976708e-05 9.9734654049527433e-06
leaf_weight=126 38 31 28 27 78 40 44 21 60 24 31 255 99 24 90 29 82 21 21 54 22 37 270 51 238 24 88 92 114 122
leaf_count=126 38 31 28 27 78 40 44 21 60 24 31 255 99 24 90 29 82 21 21 54 22 37 270 51 238 24 88 92 114 122
internal_value=4.52056e-15 1.74155e-05 2.65416e-05 -2.45768e-05 5.13148e-05 6.96513e-05 -2.74534e-06 2.71568e-05 1.70278e-05 1.92323e-05 3.0413e-05 7.94509e-06 4.30564e-05 1.90666e-05 7.78785e-06 -4.17797e-06 -3.49206e-05 5.98493e-05 3.55213e-05 -3.89275e-05 -4.38818e-05 -1.61705e-05 -5.24812e-05 -8.28277e-06 -4.05647e-06 -1.02585e-05 4.43015e-05 -7.3567e-06 -1.44411e-05 -2.29421e-06
internal_weight=2281 1335 919 946 255 118 416 65 664 633 318 315 204 84 114 53 591 120 137 509 418 91 292 351 313 262 116 355 263 149
internal_count=2281 1335 919 946 255 118 416 65 664 633 318 315 204 84 114 53 591 120 137 509 418 91 292 351 313 262 116 355 263 149
is_linear=0
shrinkage=0.05


Tree=6
num_leaves=31
num_cat=0
split_feature=0 4 0 4 3 0 4 2 1 5 2 4 1 3 0 6 5 2 0 3 6 6 2 0 5 2 6 4 0 5
split_gain=0.000352447 8.86713e-05 7.81914e-05 6.10459e-05 3.10212e-05 3.25819e-05 2.6704e-05 2.87349e-05 2.54374e-05 2.48663e-05 2.71044e-05 2.39648e-05 2.23283e-05 1.99245e-05 1.98233e-05 1.96514e-05 2.91225e-05 2.73727e-05 2.32107e-05 2.00953e-05 1.8696e-05 2.09535e-05 1.84703e-05 2.9924e-05 2.58092e-05 3.12137e-05 2.9732e-05 2.37484e-05 2.17726e-05 2.72401e-05
threshold=-0.15739494442885779 -0.38325033740254361 0.68056433087792045 -0.203999548600135 -0.95929394083079111 -0.3864564142871017 0.41425813188006749 0.13390388235671694 -0.10019545040554863 43.093134754622788 0.1353698241506037 0.8938787192571761 -0.058064484847639618 0.60852166914621597 0.39489172891612362 7.179485412135044 38.988429337431491 -0.26229490711817655 0.7787534216865436 -0.72267785261974249 6.1202400860731201 8.0811455079983237 0.060632046296912635 0.49847816870623124 12.228651402230208 -0.3496492295202564 1.9739342079073892 0.2523222523241731 0.17811995380302362 28.154611692169293
decision_type=2 2 2 2 2 2 2 2 2 2 2 2 2 2 2 2 2 2 2 2 2 2 2 2 2 2 2 2 2 2
left_child=3 9 8 13 -5 11 12 -8 14 15 -11 -6 -4 -1 -3 16 17 -2 19 -19 -7 -22 24 -24 27 -26 -27 -10 29 -28
right_child=1 2 6 4 5 20 7 -9 22 10 -12 -13 -14 -15 -16 -17 -18 18 -20 -21 21 -23 23 -25 25 26 28 -29 -30 -31
leaf_value=-4.4969592798367166e-05 -5.9106334549142051e-05 5.2359109983961776e-05 -8.0184221734011118e-07 -7.0285192297255304e-05 -2.1753500478792425e-05 2.2832822218020663e-05 5.2099638866517736e-05 0.00010933024098229563 -4.7318971883214549e-05 4.8104725813531827e-05 -2.093687355573777e-05 2.0385195081896223e-05 4.5539935045681974e-05 -1.4212206974661968e-05 6.8835404817946262e-06 8.4425212113905415e-06 -6.6286396933999363e-05 1.9272078633158735e-05 2.8766871756213439e-05 -2.4691378208030579e-05 -4.6083085583002408e-05 1.9432735185229992e-05 -1.1742380908125146e-05 3.4090069589473521e-05 -3.5756462493736764e-05 -3.6416582466764729e-06 4.7865859253993962e-05 1.5766825287885565e-05 5.0422872357015068e-05 -6.4087714581546606e-06
leaf_weight=297 25 76 35 23 383 93 90 29 26 44 21 37 101 64 35 121 26 35 43 101 26 23 147 47 20 56 43 35 129 50
leaf_count=297 25 76 35 23 383 93 90 29 26 44 21 37 101 64 35 121 26 35 43 101 26 23 147 47 20 56 43 35 129 50
internal_value=1.6742e-13 1.65447e-05 2.52145e-05 -2.3348e-05 -1.33703e-05 -1.10411e-05 4.87491e-05 6.60466e-05 1.61764e-05 -2.60807e-06 2.5799e-05 -1.80413e-05 3.36137e-05 -3.95168e-05 3.802e-05 -7.86863e-06 -1.64497e-05 -1.0098e-05 -3.25325e-06 -1.33773e-05 9.6637e-06 -1.53308e-05 1.17919e-05 -6.38643e-07 1.85093e-05 2.45748e-05 2.89151e-05 -1.11222e-05 3.71277e-05 1.8686e-05
internal_weight=2281 1335 919 946 585 562 255 119 664 416 65 420 136 361 111 351 230 204 179 136 142 49 553 194 359 298 278 61 222 93
internal_count=2281 1335 919 946 585 562 255 119 664 416 65 420 136 361 111 351 230 204 179 136 142 49 553 194 359 298 278 61 222 93
is_linear=0
shrinkage=0.05


Tree=7
num_leaves=31
num_cat=0
split_feature=0 4 0 4 5 0 3 2 4 2 3 5 1 1 0 0 0 1 4 4 1 3 5 1 5 5 6 4 0 2
split_gain=0.000318084 8.08262e-05 6.06752e-05 5.65418e-05 3.48072e-05 3.37402e-05 2.64346e-05 2.44293e-05 2.37568e-05 2.37063e-05 2.34615e-05 2.26623e-05 2.18558e-05 3.99731e-05 2.57528e-05 2.96012e-05 2.64542e-05 2.0696e-05 1.96713e-05 1.74224e-05 1.74056e-05 2.65485e-05 2.73939e-05 2.45998e-05 2.86869e-05 3.4023e-05 2.57123e-05 2.18703e-05 1.69124e-05 1.96721e-05
threshold=-0.15739494442885779 0.20124448855065938 0.52263216876063034 0.28306066462938767 10.138172235008787 0.6885275317088132 1.622716371649549 0.1353698241506037 0.44522334317865081 0.18950128557931464 0.76641857101552824 23.029129745341823 -0.018481269295305972 0.039698185279432148 -0.62704322745589114 -0.50542082385362519 -0.32270270295680087 -0.02938351938178008 -0.58227408683317294 0.30790927406928253 -0.081312915314233389 -0.24152287155302957 25.943389273041763 -0.057178416135536016 31.43049191882719 42.875756990791089 2.4368907235468558 -0.5755039459755622 -0.3864564142871017 -0.1076038401623286
decision_type=2 2 2 2 2 2 2 2 2 2 2 2 2 2 2 2 2 2 2 2 2 2 2 2 2 2 2 2 2 2
left_child=3 4 7 12 18 6 20 8 11 -9 -10 -3 17 -14 -15 -16 -17 -1 -2 -13 21 -6 -23 -22 26 27 -25 -26 -5 -30
right_child=1 2 -4 28 5 -7 -8 9 10 -11 -12 19 13 14 15 16 -18 -19 -20 -21 23 22 -24 24 25 -27 -28 -29 29 -31
leaf_value=-3.7842993797009212e-05 -5.8122681873231026e-05 7.7159097418189053e-06 5.0694207420013673e-05 -1.2863212117660034e-05 1.3522251590204957e-07 2.7580049770810601e-05 -4.1984031955625175e-05 -5.5992374136621947e-05 5.8438541700525097e-06 9.4316138630448331e-06 5.6473779922170147e-05 3.6703257420902869e-05 -6.1193639088357701e-07 -5.4071649453059465e-05 2.492601595024878e-05 -5.8039819435050187e-05 -6.3885593536885137e-07 -8.4170631426214079e-05 -8.1077705655127043e-06 9.458641475598248e-05 -3.3208464905077026e-05 8.8686892559053384e-05 1.3901038153562694e-05 -2.7182487806735132e-05 -6.2425040275283054e-05 1.7122263763292088e-05 2.6548756679638307e-05 -1.0854073090408398e-05 5.5911893150550901e-05 -1.4222549553879717e-07
leaf_weight=225 28 25 222 263 56 187 31 20 150 45 27 26 123 105 28 49 34 27 66 26 47 24 25 26 34 63 155 52 20 72
leaf_count=225 28 25 222 263 56 187 31 20 150 45 27 26 123 105 28 49 34 27 66 26 47 24 25 26 34 63 155 52 20 72
internal_value=2.20732e-15 1.57175e-05 3.0622e-05 -2.21806e-05 5.56216e-06 9.39843e-06 2.77082e-06 1.66532e-05 2.36528e-05 -1.06988e-05 1.35671e-05 4.68367e-05 -3.16545e-05 -2.33644e-05 -3.63207e-05 -1.95292e-05 -3.45262e-05 -4.28067e-05 -2.30058e-05 6.56448e-05 5.64925e-06 2.36532e-05 5.05308e-05 6.34892e-07 5.45501e-06 -1.0793e-05 1.88305e-05 -3.12426e-05 -6.40853e-06 1.20435e-05
internal_weight=2281 1335 541 946 794 700 513 319 254 65 177 77 591 339 216 111 83 252 94 52 482 105 49 377 330 149 181 86 355 92
internal_count=2281 1335 541 946 794 700 513 319 254 65 177 77 591 339 216 111 83 252 94 52 482 105 49 377 330 149 181 86 355 92
is_linear=0
shrinkage=0.05


Tree=8
num_leaves=31
num_cat=0
split_feature=0 4 4 0 3 5 0 3 1 5 5 4 1 3 0 3 2 6 6 5 0 3 2 5 2 0 5 0 5 0
split_gain=0.000287738 8.35232e-05 5.6518e-05 3.67324e-05 3.56708e-05 3.4856e-05 3.39961e-05 3.18469e-05 2.96407e-05 2.57501e-05 2.46866e-05 2.83072e-05 2.79202e-05 2.8516e-05 2.26959e-05 2.85739e-05 2.46582e-05 3.03059e-05 2.1503e-05 2.15006e-05 1.89518e-05 3.13272e-05 2.07435e-05 1.97066e-05 1.85831e-05 2.17036e-05 1.85757e-05 1.84445e-05 3.01103e-05 2.32628e-05
threshold=0.078503518590905222 0.12493662243883198 0.28306066462938767 0.78508228844482397 0.76641857101552824 10.138172235008787 -0.32270270295680087 0.85674083986514638 0.13172121600369019 18.943180703899362 22.245710800033681 0.43624420508893219 0.019058390792807581 -0.48162853505853342 -0.39277845119168059 -0.79459932159408797 -0.030288604504393819 4.2878053167742527 0.76322440570779593 17.542983125015724 -0.82217303412692766 -0.166424721771576 0.011875868594095323 39.573787332625635 -0.15145576215688397 -0.4972510428343378 39.401686162544188 0.6885275317088132 12.492220778078513 0.3702964597828507
decision_type=2 2 2 2 2 2 2 2 2 2 2 2 2 2 2 2 2 2 2 2 2 2 2 2 2 2 2 2 2 2
left_child=2 5 6 4 10 -2 7 9 -8 24 19 26 13 -13 20 -16 -17 -18 -11 -3 21 22 -4 -22 -1 -26 -12 28 -7 -30
right_child=1 3 14 -5 -6 27 8 -9 -10 18 11 12 -14 -15 15 16 17 -19 -20 -21 23 -23 -24 -25 25 -27 -28 -29 29 -31
leaf_value=-5.2191977190574337e-05 -2.5230878396380261e-05 1.6030226336961994e-05 3.1874709836096548e-06 6.0269806102888719e-05 6.1238261199803904e-05 5.9531623328043874e-05 -1.6405212011858319e-05 -1.2776054491576574e-06 3.881666572043388e-05 -9.3858976552755024e-05 7.7258556137716958e-05 7.4419102967719188e-06 -1.2248240886947315e-05 7.2863281750488253e-05 -3.1296841045920753e-05 4.1955971908143566e-05 4.0194650325771141e-05 -2.0014246690567362e-05 -4.2452543934730244e-05 -2.9763282843002044e-05 -3.1495288236911826e-05 -3.3844978113772109e-05 6.5857921586227704e-05 7.1799610602531846e-06 6.7779834239445339e-06 -4.6932449738680871e-05 2.0770862908069502e-05 2.4079428204060424e-05 1.4527457059449788e-05 -1.2392990752499936e-05
leaf_weight=32 76 89 31 107 63 23 243 68 27 22 43 36 48 31 34 68 33 57 270 36 131 30 23 44 68 26 22 178 152 170
leaf_count=32 76 89 31 107 63 23 243 68 27 22 43 36 48 31 34 68 33 57 270 36 131 30 23 44 68 26 22 178 152 170
internal_value=3.38182e-14 1.8826e-05 -1.67515e-05 3.4484e-05 2.69866e-05 6.40932e-06 -2.51083e-05 -3.30112e-05 -1.0883e-05 -3.81736e-05 1.99116e-05 3.17657e-05 1.68587e-05 3.77115e-05 -2.74334e-06 1.0284e-05 1.92318e-05 2.06235e-06 -4.63256e-05 2.8417e-06 -1.24007e-05 7.12136e-06 2.98804e-05 -2.17712e-05 -1.92816e-05 -8.07809e-06 5.81396e-05 1.10071e-05 4.26259e-06 3.14798e-07
internal_weight=2281 1074 1207 475 368 599 756 486 270 418 305 180 115 67 451 192 158 90 292 125 259 84 54 175 126 94 65 523 345 322
internal_count=2281 1074 1207 475 368 599 756 486 270 418 305 180 115 67 451 192 158 90 292 125 259 84 54 175 126 94 65 523 345 322
is_linear=0
shrinkage=0.05


Tree=9
num_leaves=31
num_cat=0
split_feature=0 4 4 0 6 2 5 4 3 0 5 6 1 3 2 1 0 6 3 2 0 4 6 3 3 0 0 1 6 3
split_gain=0.00026015 6.26774e-05 6.20703e-05 4.3538e-05 3.86598e-05 3.5643e-05 3.40409e-05 3.10699e-05 2.7801e-05 4.12671e-05 2.36797e-05 2.24906e-05 2.14715e-05 1.65914e-05 2.46576e-05 2.52146e-05 2.16659e-05 2.01422e-05 2.11114e-05 2.00848e-05 1.58719e-05 1.80492e-05 1.7006e-05 1.56946e-05 1.678e-05 1.56387e-05 2.4171e-05 3.06765e-05 1.93019e-05 1.86816e-05
threshold=0.14067091672819468 0.20124448855065938 -0.38325033740254361 -0.39277845119168059 1.0852685142154346 -0.30332228474949191 10.138172235008787 0.85029180172658525 0.60852166914621597 0.33515112408461195 44.920026457126291 6.8076638842812285 0.16217099906378288 -0.88970853783498305 -0.06425439489854369 -0.013502759845045115 -0.8132224643660082 8.7563786980514013 -0.77646549252639829 -0.15575452880895549 0.78508228844482397 0.75036361388316664 3.1632798309901649 -0.42897041382045725 -0.90598733314552549 0.6885275317088132 0.38809901797693108 -0.025165575637904208 6.9877375247408073 -0.48574489901307188
decision_type=2 2 2 2 2 2 2 2 2 2 2 2 2 2 2 2 2 2 2 2 2 2 2 2 2 2 2 2 2 2
left_child=2 6 4 5 -1 -4 -2 13 9 -3 -5 -9 -6 -7 15 19 -17 18 -16 -15 23 22 -22 24 -11 26 27 -8 -29 -28
right_child=1 8 3 10 12 7 25 11 -10 20 -12 -13 -14 14 17 16 -18 -19 -20 -21 21 -23 -24 -25 -26 -27 29 28 -30 -31
leaf_value=-8.1413735531694133e-05 -2.224940960550393e-05 -4.3541768588641264e-06 -6.4489467273999359e-05 -2.0430609159679865e-07 -3.016015514812509e-05 -4.9246890725953569e-05 4.912045645693577e-05 -5.4345578691623059e-06 5.9868824947833287e-05 5.4395615024986915e-05 3.7834363138244956e-05 6.2508852230772991e-05 2.2061278113618582e-05 -5.0622937684355778e-05 2.8346522449282928e-05 5.7687661851210019e-05 1.4155569133436075e-06 -7.0799726894289387e-05 -2.5701242629788175e-05 7.7981285617819856e-06 7.5006670731454501e-05 8.922647679422948e-05 1.623303682549704e-05 4.5091989501344921e-05 2.2073415619215396e-06 2.4942938181658083e-05 1.4506038986252101e-05 -1.3350263247572249e-05 3.7060703029315591e-05 -1.8002137104693766e-05
leaf_weight=36 77 77 38 370 314 40 61 29 84 20 46 21 21 31 20 26 50 22 187 28 20 27 32 78 67 187 73 59 28 112
leaf_count=36 77 77 38 370 314 40 61 29 84 20 46 21 21 31 20 26 50 22 187 28 20 27 32 78 67 187 73 59 28 112
internal_value=-1.23667e-15 1.90774e-05 -1.49457e-05 -7.90496e-06 -3.21776e-05 -1.79725e-05 8.77757e-06 -1.40791e-05 3.42602e-05 2.75589e-05 4.00189e-06 2.31017e-05 -2.68866e-05 -1.86806e-05 -1.53217e-05 1.62736e-06 2.06665e-05 -2.53135e-05 -2.04792e-05 -2.28977e-05 3.76299e-05 5.60596e-05 3.88383e-05 2.88059e-05 1.42046e-05 1.33719e-05 6.87412e-06 2.1935e-05 2.87396e-06 -5.17459e-06
internal_weight=2281 1002 1279 908 371 492 597 454 405 321 416 50 335 404 364 135 76 229 207 59 244 79 52 165 87 520 333 148 87 185
internal_count=2281 1002 1279 908 371 492 597 454 405 321 416 50 335 404 364 135 76 229 207 59 244 79 52 165 87 520 333 148 87 185
is_linear=0
shrinkage=0.05


Tree=10
num_leaves=31
num_cat=0
split_feature=0 4 0 4 3 0 2 3 4 3 0 4 6 5 5 2 4 2 0 1 3 0 3 5 2 4 2 3 4 3
split_gain=0.000236959 6.34952e-05 5.34896e-05 4.52756e-05 2.61411e-05 2.28858e-05 2.25053e-05 2.50741e-05 3.12307e-05 2.81317e-05 2.99691e-05 2.80158e-05 2.25571e-05 2.11695e-05 2.09241e-05 2.44136e-05 1.94335e-05 2.45922e-05 2.13712e-05 1.8849e-05 2.19106e-05 2.33049e-05 1.86893e-05 2.20365e-05 1.85754e-05 2.95293e-05 2.85655e-05 1.85096e-05 1.83596e-05 3.46259e-05
threshold=-0.15739494442885779 -0.38325033740254361 0.68056433087792045 -0.203999548600135 -0.95929394083079111 -0.3864564142871017 -0.3496492295202564 -0.31457154368694418 -0.12036328089219948 -0.11890972136224996 0.14067091672819468 0.17523082362305867 4.571315569843807 22.710297585034791 43.093134754622788 0.1353698241506037 0.42053268503480151 0.058514912840217592 0.91311601938293818 0.086056529717089825 0.036515877741133081 0.85215613806827084 -0.61390499450742431 35.329339134481025 -0.25258181004368768 0.85029180172658525 -0.06425439489854369 0.76641857101552824 -0.86329991370123893 0.16136018778233843
decision_type=2 2 2 2 2 2 2 2 2 2 2 2 2 2 2 2 2 2 2 2 2 2 2 2 2 2 2 2 2 2
left_child=3 14 6 -1 -5 24 -3 8 -8 -9 12 13 -11 -12 22 -16 18 -18 19 20 21 -4 23 -2 -6 26 -26 -13 29 -24
right_child=1 2 16 4 5 -7 7 9 -10 10 11 27 -14 -15 15 -17 17 -19 -20 -21 -22 -23 28 -25 25 -27 -28 -29 -30 -31
leaf_value=-3.306879728154998e-05 1.9706396172599247e-05 -2.8168735814453556e-05 2.1165736018845472e-05 -6.279812572368765e-05 -4.3902529165628024e-05 8.9393207747594771e-06 3.7921885447455379e-05 5.4152563304219872e-05 -2.1712885005426335e-06 2.2914563905509396e-05 -2.9152452715117342e-05 3.0065901304293549e-05 -2.6143540469762095e-05 2.971946450352826e-05 4.4586319642224808e-05 -2.0938606896725971e-05 3.8894587646026577e-05 8.7115190881377201e-05 -1.0552366250616113e-05 8.1606224011920861e-05 -8.6892042288257346e-06 8.5830307017948319e-05 -2.9811855057976737e-05 -3.5940084552004753e-05 4.9322406576638142e-06 2.6961544136097276e-05 -2.6345716467546196e-05 7.5442954642456151e-05 -2.2103544789927825e-05 5.9948322450509296e-05
leaf_weight=361 93 31 38 23 47 142 60 67 255 42 26 55 53 37 44 21 78 40 29 20 28 22 22 22 110 46 217 38 193 21
leaf_count=361 93 31 38 23 47 142 60 67 255 42 26 55 53 37 44 21 78 40 29 20 28 22 22 22 110 46 217 38 193 21
internal_value=1.07909e-13 1.35659e-05 2.09024e-05 -1.91443e-05 -1.05515e-05 -8.41331e-06 1.3427e-05 1.54641e-05 5.46551e-06 2.53684e-05 1.76849e-05 3.11674e-05 -4.45469e-06 5.42312e-06 -2.64142e-06 2.34167e-05 4.03677e-05 5.52406e-05 2.75575e-05 3.77907e-05 2.78326e-05 4.48761e-05 -7.467e-06 9.06098e-06 -1.42801e-05 -1.05476e-05 -1.58241e-05 4.86071e-05 -1.55209e-05 1.40245e-05
internal_weight=2281 1335 919 946 585 562 664 633 315 318 251 156 95 63 416 65 255 118 137 108 88 60 351 115 420 373 327 93 236 43
internal_count=2281 1335 919 946 585 562 664 633 315 318 251 156 95 63 416 65 255 118 137 108 88 60 351 115 420 373 327 93 236 43
is_linear=0
shrinkage=0.05


Tree=11
num_leaves=31
num_cat=0
split_feature=0 4 0 4 3 0 1 5 0 3 5 4 2 1 0 0 0 0 5 4 6 5 0 1 1 2 0 1 6 5
split_gain=0.000213855 5.73045e-05 4.82743e-05 4.08612e-05 2.35923e-05 2.06544e-05 2.04465e-05 1.88889e-05 2.13549e-05 1.89334e-05 1.80889e-05 1.75388e-05 2.24207e-05 2.02945e-05 1.70868e-05 1.68673e-05 3.1988e-05 2.4139e-05 1.95591e-05 1.68254e-05 2.31787e-05 2.00815e-05 1.945e-05 1.62081e-05 3.35479e-05 2.12737e-05 2.19923e-05 1.95222e-05 2.39294e-05 1.98621e-05
threshold=-0.15739494442885779 -0.38325033740254361 0.68056433087792045 -0.203999548600135 -0.95929394083079111 -0.3864564142871017 -0.10019545040554863 42.703517751185323 0.54851343636794447 0.88866538732754108 34.689225252152191 0.42053268503480151 0.13390388235671694 -0.058064484847639618 0.39489172891612362 0.14067091672819468 0.38039971945003109 0.8018598745022476 23.932455008391262 0.6168249796539651 5.5440963434752462 45.843113204167182 -0.79166554780748588 -0.049246823258209158 -0.036948613049041068 0.060632046296912635 -0.011991956385309364 0.048348532705376479 6.0017041820266064 35.329339134481025
decision_type=2 2 2 2 2 2 2 2 2 2 2 2 2 2 2 2 2 2 2 2 2 2 2 2 2 2 2 2 2 2
left_child=3 7 6 10 -5 19 14 9 -9 15 -1 13 -13 -4 -3 -2 -17 -18 -19 20 21 -6 -21 -8 -25 26 -26 -28 29 -29
right_child=1 2 11 4 5 -7 23 8 -10 -11 -12 12 -14 -15 -16 16 17 18 -20 22 -22 -23 -24 24 25 -27 27 28 -30 -31
leaf_value=-2.3369231949922739e-05 -2.284023550696714e-05 4.5652175023130025e-05 -6.6726511015856107e-06 -5.9658219755004643e-05 -4.0289605025838471e-05 8.4923543638892566e-06 -8.4516157973308072e-06 -1.8498859367355182e-06 5.5083142141094347e-05 -3.6028270822461477e-05 -4.698428220851894e-05 4.003745824049699e-05 9.0659735448345358e-05 3.7452421982014164e-05 3.4318651471819198e-06 3.4613783279224117e-05 -2.2092603857719739e-05 -1.1747763353144234e-05 4.6357894849885879e-05 2.424021025149159e-05 -4.8235109971546289e-06 1.3369849220907783e-05 -1.4596304244776093e-05 7.3260377493253073e-05 -1.6486250201407343e-05 -5.1893893829249774e-06 3.7650701371159901e-05 -2.9056407664837835e-05 3.7118975400186503e-05 3.0828573267172031e-05
leaf_weight=238 76 76 35 23 136 142 109 40 28 49 123 89 29 102 35 63 102 28 30 54 130 20 80 22 39 150 124 45 44 20
leaf_count=238 76 76 35 23 136 142 109 40 28 49 123 89 29 102 35 63 102 28 30 54 130 20 80 22 39 150 124 45 44 20
internal_value=9.02436e-14 1.28876e-05 1.98573e-05 -1.8187e-05 -1.00239e-05 -7.99264e-06 1.27557e-05 -2.50935e-06 2.15931e-05 -7.21903e-06 -3.14154e-05 3.83493e-05 5.24785e-05 2.61796e-05 3.23395e-05 -2.49778e-06 4.43508e-06 -7.44779e-06 1.83069e-05 -1.35661e-05 -2.04162e-05 -3.34102e-05 1.05423e-06 8.82475e-06 1.3066e-05 9.92792e-06 1.82647e-05 2.40814e-05 8.64466e-06 -1.06303e-05
internal_weight=2281 1335 919 946 585 562 664 416 68 348 361 255 118 137 111 299 223 160 58 420 286 156 134 553 444 422 272 233 109 65
internal_count=2281 1335 919 946 585 562 664 416 68 348 361 255 118 137 111 299 223 160 58 420 286 156 134 553 444 422 272 233 109 65
is_linear=0
shrinkage=0.05


Tree=12
num_leaves=31
num_cat=0
split_feature=0 4 4 5 0 3 1 5 5 4 0 3 4 2 5 0 3 2 6 2 3 0 3 5 2 5 2 0 4 3
split_gain=0.000193355 4.77808e-05 4.76946e-05 2.97399e-05 2.33401e-05 2.80309e-05 2.70609e-05 2.31253e-05 3.24265e-05 2.26322e-05 2.489e-05 2.81355e-05 2.35576e-05 2.67739e-05 2.20999e-05 2.15107e-05 2.45421e-05 1.98821e-05 1.86523e-05 1.80743e-05 2.28053e-05 1.69979e-05 2.71534e-05 2.10438e-05 1.90724e-05 1.68158e-05 1.66013e-05 1.99736e-05 1.65977e-05 1.64176e-05
threshold=0.14067091672819468 0.20124448855065938 0.28306066462938767 10.138172235008787 -0.32270270295680087 0.85674083986514638 0.13172121600369019 44.920026457126291 37.797267362338609 0.23336343050763933 0.516501671633114 0.64903355630054393 0.41425813188006749 0.058514912840217592 18.943180703899362 -0.44629455461774464 -0.79459932159408797 0.03325263938489155 0.76322440570779593 -0.075046797930086256 0.10037503824210293 -0.82217303412692766 -0.166424721771576 39.573787332625635 0.011875868594095323 16.293119434697811 -0.15145576215688397 -0.4972510428343378 -0.19843942898292063 -0.4582901117237112
decision_type=2 2 2 2 2 2 2 2 2 2 2 2 2 2 2 2 2 2 2 2 2 2 2 2 2 2 2 2 2 2
left_child=2 3 4 -2 5 14 7 8 25 -3 11 17 -12 -14 26 21 -17 -11 -16 -18 -21 22 24 -23 -4 -6 -1 -28 -27 -19
right_child=1 9 15 -5 6 -7 -8 -9 -10 10 12 -13 13 -15 18 16 19 29 -20 20 -22 23 -24 -25 -26 28 27 -29 -30 -31
leaf_value=-4.5662570323656842e-05 -2.1546710299194923e-05 7.3928557011876606e-05 2.7786114280329897e-06 1.1748362266683462e-05 -3.2723396367280237e-05 2.5566093213188546e-06 3.628022786870133e-05 2.5647640177339782e-05 -5.599645894330841e-05 1.4960724458065438e-05 7.3315651596723396e-07 5.3034388431971078e-05 3.0452406810110445e-05 7.1066831218419019e-05 -8.3881069159278096e-05 -2.6003512079032825e-05 3.7605596280883851e-05 -5.9205057095823579e-05 -3.6003273961021614e-05 2.4469439770418583e-05 -1.8163998412836176e-05 -3.1134096811756999e-05 -3.0954777795765642e-05 1.1647924379519139e-05 6.2871702475999694e-05 -1.514079824077292e-05 1.0284463325446909e-05 -4.1240834896318399e-05 1.9571088104616491e-05 3.3875134249683473e-06
leaf_weight=32 77 27 31 520 61 68 29 32 49 94 35 34 108 65 22 39 71 20 270 73 55 118 30 38 23 87 68 26 57 22
leaf_count=32 77 27 31 520 61 68 29 32 49 94 35 34 108 65 22 39 71 20 270 73 55 118 30 38 23 87 68 26 57 22
internal_value=6.83267e-14 1.6447e-05 -1.2885e-05 7.45402e-06 -2.03437e-05 -2.72151e-05 -9.74222e-06 -1.44088e-05 -1.94553e-05 2.97033e-05 2.65444e-05 1.23524e-05 3.81436e-05 4.57122e-05 -3.20583e-05 -3.86088e-07 1.02652e-05 2.18185e-06 -3.96105e-05 1.73731e-05 6.15038e-06 -1.09486e-05 7.18503e-06 -2.07128e-05 2.83738e-05 -1.07211e-05 -1.45565e-05 -3.96721e-06 -1.40068e-06 -2.64185e-05
internal_weight=2281 1002 1279 597 801 486 315 286 254 405 378 170 208 173 418 478 238 136 292 199 128 240 84 156 54 205 126 94 144 42
internal_count=2281 1002 1279 597 801 486 315 286 254 405 378 170 208 173 418 478 238 136 292 199 128 240 84 156 54 205 126 94 144 42
is_linear=0
shrinkage=0.05


Tree=13
num_leaves=31
num_cat=0
split_feature=0 0 4 4 4 4 3 0 2 3 2 2 3 1 5 3 0 6 6 1 2 4 6 1 5 0 0 0 5 3
split_gain=0.000175354 4.84935e-05 3.89424e-05 3.46309e-05 2.7278e-05 2.55453e-05 3.18163e-05 2.54039e-05 2.43212e-05 2.36571e-05 2.18734e-05 2.13372e-05 2.09764e-05 2.00962e-05 1.95943e-05 1.95806e-05 1.87434e-05 1.83354e-05 1.73878e-05 1.68026e-05 2.33282e-05 1.8698e-05 1.6639e-05 1.84406e-05 1.63822e-05 2.3286e-05 1.87542e-05 1.50536e-05 1.48839e-05 1.40309e-05
threshold=-0.15739494442885779 0.63523503834813677 0.41425813188006749 -0.203999548600135 -0.38325033740254361 -0.82087196826277786 -0.62995584437004615 0.3702964597828507 0.26823453707691286 0.083028051555540175 0.070716424710233303 -0.0051830903039253003 -0.90598733314552549 -0.10019545040554863 11.098602247316427 -0.475533738812983 -0.96021826446790937 3.9520869136261956 7.0676603294482101 -0.038739243527770716 -0.1448572202597144 -0.47907558979182446 1.1675211579003781 -0.023412497084325832 30.620252397451424 -0.6312989076283344 -0.54684782257507392 0.39489172891612362 40.578162230660539 -0.45068102558248668
decision_type=2 2 2 2 2 2 2 2 2 2 2 2 2 2 2 2 2 2 2 2 2 2 2 2 2 2 2 2 2 2
left_child=3 4 8 22 5 9 -7 10 14 15 18 -9 17 27 -3 -2 -14 -5 -8 20 -16 -21 -1 24 25 -24 -26 29 -18 -6
right_child=1 2 -4 12 13 6 7 11 -10 -11 -12 -13 16 -15 19 -17 28 -19 -20 21 -22 -23 23 -25 26 -27 -28 -29 -30 -31
leaf_value=-5.6392585471993252e-05 2.389181618421008e-05 -1.7670163215370847e-05 4.8136996470807081e-05 -4.3431809899630025e-06 1.2076296305167489e-05 1.4148750215947261e-05 -5.3626732360020187e-05 -2.5604690104955807e-05 -2.8035632062553838e-05 5.678763723699376e-05 1.5191827026826919e-05 -9.0930360311176632e-05 -5.1251530451488433e-05 7.0124541241425457e-06 4.5332332714072743e-05 -3.6996731345741708e-05 -8.6735119148306918e-06 -6.5689921879750503e-05 3.0646912256045091e-06 1.251812347957531e-05 -1.5255501057254151e-05 4.8355814900500459e-05 1.0135714797672399e-05 -1.5092161324019446e-05 -8.5772862298800917e-05 -5.0450562869497979e-05 -2.6183169440786437e-05 1.4186378628496202e-06 1.1812073413446407e-05 5.7802390388222237e-05
leaf_weight=47 31 30 133 21 25 59 38 25 29 25 38 25 22 526 24 23 399 29 21 59 47 95 29 196 31 35 23 31 114 51
leaf_count=47 31 30 133 21 25 59 38 25 29 25 38 25 22 526 24 23 399 29 21 59 47 95 29 196 31 35 23 31 114 51
internal_value=4.45826e-14 1.167e-05 2.58092e-05 -1.64687e-05 5.24728e-06 -7.59774e-06 -1.68678e-05 -2.93166e-05 1.53528e-05 1.65748e-05 -1.43935e-05 -5.82675e-05 -8.95368e-06 1.10306e-05 2.02872e-05 -2.04219e-06 -6.05923e-06 -3.99243e-05 -3.34484e-05 2.53482e-05 5.22489e-06 3.46258e-05 -2.86469e-05 -2.44939e-05 -4.01102e-05 -2.29974e-05 -6.03921e-05 3.07832e-05 -4.12116e-06 4.27609e-05
internal_weight=2281 1335 417 946 918 285 206 147 284 79 97 50 585 633 255 54 535 50 59 225 71 154 361 314 118 64 54 107 513 76
internal_count=2281 1335 417 946 918 285 206 147 284 79 97 50 585 633 255 54 535 50 59 225 71 154 361 314 118 64 54 107 513 76
is_linear=0
shrinkage=0.05


Tree=14
num_leaves=31
num_cat=0
split_feature=0 4 4 6 0 2 4 5 0 3 5 5 5 5 6 1 4 5 4 0 0 2 5 2 6 3 3 6 5 1
split_gain=0.000160843 4.08952e-05 3.97998e-05 3.1081e-05 2.63402e-05 2.9604e-05 2.76538e-05 2.17519e-05 2.13671e-05 2.69509e-05 2.35829e-05 3.06575e-05 3.01516e-05 1.96227e-05 1.84682e-05 1.84406e-05 1.72659e-05 1.86405e-05 1.77802e-05 2.36458e-05 2.44199e-05 2.18166e-05 1.99513e-05 1.67979e-05 1.59745e-05 1.59617e-05 1.68052e-05 1.44651e-05 2.0136e-05 2.58987e-05
threshold=0.14067091672819468 -0.38325033740254361 0.12493662243883198 1.0852685142154346 -0.39277845119168059 -0.26229490711817655 0.85029180172658525 10.138172235008787 0.78508228844482397 -0.34297251308694093 10.138172235008787 16.464900895950869 25.065835353570282 44.920026457126291 6.6481377019579995 0.14405812380515945 0.057908485817204876 12.228651402230208 -0.38325033740254361 0.8018598745022476 0.38039971945003109 0.050006269875040442 43.093134754622788 0.10780973790617997 7.4541575057324758 0.32179851184483793 -0.54532177202416032 6.3302444590439118 8.6311918495314046 0.036984744021706255
decision_type=2 2 2 2 2 2 2 2 2 2 2 2 2 2 2 2 2 2 2 2 2 2 2 2 2 2 2 2 2 2
left_child=1 3 7 -1 5 -3 -7 -2 9 -4 -11 -12 -13 27 -8 -5 17 -9 19 20 23 -20 -22 -19 -14 26 -23 28 -6 -30
right_child=2 4 8 15 13 6 14 16 -10 10 11 12 24 -15 -16 -17 -18 18 21 -21 22 25 -24 -25 -26 -27 -28 -29 29 -31
leaf_value=-6.9886005167063556e-05 -2.0212753514752495e-05 -4.879789998489691e-05 6.2220012547060896e-06 -2.4253582953413609e-05 -4.1309966527478536e-05 -1.3916925054869457e-05 -2.9962892161468826e-07 5.5675448026665007e-05 4.559100037954735e-05 -1.3830963557252702e-05 9.7584679800396171e-05 -9.5284840504916711e-06 3.4714320581235156e-05 3.4022611314709222e-05 6.3092349446378652e-05 2.1234115259479346e-05 -3.4559520766682299e-05 -3.5975485219501472e-07 3.5491343659828089e-05 2.9365012409047708e-05 -3.0358806003223975e-05 9.3176546433824113e-06 1.7340310738031155e-05 5.0366969514925589e-05 8.2918654672302299e-05 3.1817166753171476e-05 -5.2173561234667433e-05 -1.3957954905272902e-05 2.2149226198610363e-05 -1.5658056203449177e-05
leaf_weight=36 69 54 174 311 20 391 27 23 107 22 21 32 68 46 20 24 21 51 110 58 101 25 28 24 23 25 20 131 155 64
leaf_count=36 69 54 174 311 20 391 27 23 107 22 21 32 68 46 20 24 21 51 110 58 101 25 28 24 23 25 20 131 155 64
internal_value=5.82265e-14 -1.17519e-05 1.50006e-05 -2.57389e-05 -6.03688e-06 -1.38676e-05 -9.5611e-06 6.05761e-06 2.61044e-05 1.99718e-05 3.43843e-05 4.17505e-05 3.22178e-05 3.22443e-06 2.66757e-05 -2.09948e-05 9.78735e-06 1.17901e-05 9.50649e-06 1.19435e-06 -6.81496e-06 2.16053e-05 -2.00055e-05 1.58728e-05 4.68978e-05 -2.15724e-07 -1.80118e-05 -6.04532e-07 6.71471e-06 1.11005e-05
internal_weight=2281 1279 1002 371 908 492 438 555 447 340 166 144 123 416 47 335 486 465 442 262 204 180 129 75 91 70 45 370 239 219
internal_count=2281 1279 1002 371 908 492 438 555 447 340 166 144 123 416 47 335 486 465 442 262 204 180 129 75 91 70 45 370 239 219
is_linear=0
shrinkage=0.05


Tree=15
num_leaves=31
num_cat=0
split_feature=0 4 4 3 5 5 5 2 6 1 5 6 0 4 5 5 6 3 0 2 5 4 1 2 5 6 3 0 3 0
split_gain=0.00014516 3.77145e-05 3.59194e-05 2.12758e-05 1.96311e-05 1.95703e-05 2.66145e-05 2.44814e-05 1.97519e-05 2.73959e-05 1.93175e-05 3.35682e-05 2.40457e-05 3.25107e-05 2.28025e-05 2.24766e-05 2.36585e-05 2.07976e-05 1.98976e-05 1.94866e-05 1.90106e-05 1.87988e-05 1.8519e-05 2.04744e-05 1.85189e-05 1.96339e-05 2.29015e-05 1.84895e-05 2.00645e-05 1.71611e-05
threshold=0.14067091672819468 0.28306066462938767 0.12493662243883198 -0.97720514766176303 10.138172235008787 28.702379948159727 45.400466661734519 -0.268318215800535 4.1502280447586619 0.1374559720123609 22.527299439754366 0.91349542463373579 0.30733739200535753 0.47795210448772579 31.822348856931097 16.122195829058246 3.0062624421865887 -0.47028188037161917 0.52263216876063034 0.10780973790617997 28.013254539574103 0.73607135373209864 0.05577979842681418 0.19846801147420842 40.845413616387042 2.2674621902016185 -0.35242061252951823 -0.14280635769936686 -0.77646549252639829 -0.44629455461774464
decision_type=2 2 2 2 2 2 2 2 2 2 2 2 2 2 2 2 2 2 2 2 2 2 2 2 2 2 2 2 2 2
left_child=1 3 4 -1 -2 7 8 -5 24 22 11 -4 13 -12 20 16 -13 -16 -17 21 -14 -18 23 -10 25 -7 -27 -9 -29 -3
right_child=2 29 10 5 -6 6 -8 27 9 -11 12 15 14 -15 17 18 19 -19 -20 -21 -22 -23 -24 -25 -26 26 -28 28 -30 -31
leaf_value=-6.3197103096172222e-05 -1.9202115705095072e-05 -9.4840841669944589e-06 -4.8819874646142128e-05 -5.1409289576000564e-05 9.2979827979748442e-06 -1.065336577691293e-05 2.2289388628426399e-06 -1.1444365867238264e-05 -3.0071418708151515e-05 3.3199081857067841e-05 4.9829728562723511e-05 7.9461564051929272e-05 4.3829764425399021e-05 -2.964493290956823e-05 4.9904835207228277e-06 -4.4325913196579289e-05 -1.4703504258506702e-05 4.458131022126276e-05 1.7237222397982674e-05 5.8374878921313219e-05 9.7125033772937506e-05 4.3973554333899218e-05 -6.3669811086207315e-05 1.9213139246319232e-05 -7.499579753643141e-05 -9.6777749276952819e-05 -2.201774250785266e-05 5.8740451295307145e-05 1.9544261437788789e-06 9.4638947019143613e-06
leaf_weight=25 69 240 20 31 486 45 74 283 96 21 22 22 44 31 54 21 39 86 35 25 27 21 29 27 39 20 21 20 70 238
leaf_count=25 69 240 20 31 486 45 74 283 96 21 22 22 44 31 54 21 39 86 35 25 27 21 29 27 39 20 21 20 70 238
internal_value=7.28872e-14 -1.11643e-05 1.42506e-05 -1.77969e-05 5.75473e-06 -1.63343e-05 -2.46091e-05 -8.71491e-06 -3.12735e-05 -2.03315e-05 2.47992e-05 1.23147e-05 3.34531e-05 3.34455e-06 4.10159e-05 1.98159e-05 3.3248e-05 2.93106e-05 -5.84895e-06 2.12868e-05 6.4097e-05 5.83347e-06 -2.77271e-05 -1.92529e-05 -4.64173e-05 -3.34573e-05 -5.8486e-05 -5.16659e-06 1.45735e-05 -4.97349e-08
internal_weight=2281 1279 1002 801 555 776 372 404 298 173 447 183 264 53 211 163 107 140 56 85 71 60 152 123 125 86 41 373 90 478
internal_count=2281 1279 1002 801 555 776 372 404 298 173 447 183 264 53 211 163 107 140 56 85 71 60 152 123 125 86 41 373 90 478
is_linear=0
shrinkage=0.05


Tree=16
num_leaves=31
num_cat=0
split_feature=0 4 4 6 5 0 2 5 4 2 2 0 0 3 4 2 2 0 0 4 0 4 3 1 6 5 2 4 4 3
split_gain=0.000131007 3.46907e-05 3.27659e-05 2.70295e-05 2.22478e-05 2.23537e-05 2.21441e-05 2.1078e-05 2.0228e-05 1.85846e-05 2.95852e-05 2.72004e-05 1.75849e-05 2.22208e-05 1.96871e-05 2.37419e-05 1.81904e-05 1.72264e-05 2.05138e-05 1.68703e-05 1.8914e-05 1.67188e-05 1.65987e-05 1.59396e-05 1.52379e-05 1.52191e-05 1.79513e-05 1.79267e-05 1.85658e-05 1.43997e-05
threshold=0.14067091672819468 -0.38325033740254361 0.20124448855065938 1.1675211579003781 44.785953064492269 -0.95216965006230825 -0.2229191912066289 10.138172235008787 0.23336343050763933 -0.078017932533450532 -0.13499660753906081 -0.41319738403744205 0.516501671633114 0.64903355630054393 0.41425813188006749 0.058514912840217592 0.03325263938489155 -0.59550377143227251 -0.82914180106688795 0.28306066462938767 -0.40510254130862861 0.6493329586445814 -0.57079086303434201 0.16217099906378288 6.0910113861715525 37.797267362338609 -0.01349467595036914 0.8938787192571761 -0.28612764557948583 -0.4582901117237112
decision_type=2 2 2 2 2 2 2 2 2 2 2 2 2 2 2 2 2 2 2 2 2 2 2 2 2 2 2 2 2 2
left_child=1 3 7 -1 5 -3 19 -2 -4 10 11 22 13 16 -14 -16 -10 18 -6 -7 -21 -12 -8 -5 -19 27 -27 28 -11 -18
right_child=2 4 8 23 17 6 9 -9 12 25 21 -13 14 -15 15 -17 29 24 -20 20 -22 -23 -24 -25 -26 26 -28 -29 -30 -31
leaf_value=-6.3439899148713601e-05 -1.8323858506693043e-05 -5.473901910227142e-05 6.6325954705664323e-05 -2.1767483863390554e-05 2.6858104333769007e-05 -4.8217245844520783e-05 -6.4570821649838418e-05 9.7062269261326818e-06 1.2784910666625288e-05 3.5386710419516024e-05 2.0341933077361321e-05 2.306729084838563e-05 -2.9205475376719345e-06 4.5754142710767855e-05 2.3828001305101107e-05 6.2073667146390879e-05 -5.7500363145663864e-05 5.125320980368997e-05 -4.3897464084217239e-05 -3.5718791841645726e-05 2.2546319772887867e-05 7.41344623634177e-05 -8.9149950523475338e-06 2.3235767002915964e-05 2.0845374190405263e-06 -6.6711348006806686e-05 -1.4768718615414399e-05 3.0892044369198523e-05 -1.0137889842094716e-05 1.1195205099118704e-06
leaf_weight=38 77 25 27 312 20 52 21 520 94 24 52 44 35 34 108 65 20 40 21 30 26 20 37 21 26 21 80 34 335 22
leaf_count=38 77 25 27 312 20 52 21 520 94 24 52 44 35 34 108 65 20 40 21 30 26 20 37 21 26 21 80 34 335 22
internal_value=-9.07744e-14 -1.06061e-05 1.35381e-05 -2.34885e-05 -5.34242e-06 -8.20295e-06 -6.70372e-06 6.09096e-06 2.45157e-05 -3.30753e-06 1.07448e-05 -6.57727e-06 2.15292e-05 9.60026e-06 3.12788e-05 3.81978e-05 5.61793e-07 1.60714e-05 -9.38255e-06 -2.77098e-05 -8.66713e-06 3.52843e-05 -2.90662e-05 -1.89294e-05 3.18837e-05 -8.25712e-06 -2.55687e-05 -3.8081e-06 -7.09446e-06 -2.67947e-05
internal_weight=2281 1279 1002 371 908 801 776 597 405 668 174 102 378 170 208 173 136 107 41 108 56 72 58 333 66 494 101 393 359 42
internal_count=2281 1279 1002 371 908 801 776 597 405 668 174 102 378 170 208 173 136 107 41 108 56 72 58 333 66 494 101 393 359 42
is_linear=0
shrinkage=0.05


Tree=17
num_leaves=31
num_cat=0
split_feature=0 0 4 4 2 4 4 3 0 3 2 2 2 3 4 4 3 0 6 3 3 1 3 1 4 4 1 1 4 2
split_gain=0.000119505 3.53466e-05 2.72466e-05 2.53599e-05 2.13046e-05 1.8918e-05 2.31417e-05 2.91621e-05 2.35021e-05 2.11724e-05 1.95265e-05 1.8803e-05 1.87582e-05 2.15643e-05 2.48328e-05 2.84473e-05 2.09097e-05 2.35143e-05 1.87152e-05 1.84083e-05 1.83485e-05 1.78164e-05 1.75643e-05 1.74199e-05 1.63321e-05 2.42204e-05 1.56823e-05 2.73911e-05 1.9602e-05 2.0236e-05
threshold=-0.15739494442885779 0.63523503834813677 0.41425813188006749 -0.203999548600135 0.26823453707691286 -0.38325033740254361 -0.82087196826277786 -0.62995584437004615 0.3702964597828507 0.083028051555540175 -0.036975473588951709 0.070716424710233303 -0.3496492295202564 -0.31457154368694418 -0.014744398394805456 0.17523082362305867 -0.11890972136224996 0.14067091672819468 4.571315569843807 1.0414017865735412 -0.95929394083079111 0.058545280176385252 -0.475533738812983 -0.038739243527770716 0.17523082362305867 0.48943646583576611 -0.038739243527770716 -0.12881596291288308 -0.47907558979182446 -0.0071411113928265017
decision_type=2 2 2 2 2 2 2 2 2 2 2 2 2 2 2 2 2 2 2 2 2 2 2 2 2 2 2 2 2 2
left_child=3 5 4 -1 19 6 9 -8 11 22 -10 23 -7 14 21 -16 -15 18 -18 26 -5 -14 -2 -9 -19 -26 27 -3 29 -28
right_child=1 2 -4 20 -6 12 7 8 10 -11 -12 -13 13 16 15 -17 17 24 -20 -21 -22 -23 -24 -25 25 -27 28 -29 -30 -31
leaf_value=-2.4016836282374058e-05 2.3411009885509681e-05 4.6612347669788108e-05 4.0381682172261562e-05 -5.0936571531802545e-05 -2.7649652976582855e-05 -2.9622057518281511e-05 1.4324985355507756e-05 5.9454494476085536e-06 -1.9883655741895465e-05 5.4503198742168023e-05 -8.2830996247399279e-05 1.4496139556285925e-05 4.1212275834823235e-05 4.524449471621968e-05 -4.4006525446266533e-05 1.5983162047360644e-06 1.9136274802024544e-05 5.6165817901338803e-06 -2.5549257482470121e-05 -1.4038271976273673e-05 -5.3732243726913004e-06 -1.2027107000407837e-05 -3.4257402012372042e-05 -5.0798188422767884e-05 7.142172334068972e-05 1.6921322311007202e-05 -1.4578198294787269e-05 -2.1267754189986072e-05 4.6956098329549908e-05 4.3655792272217627e-05
leaf_weight=361 31 23 133 23 29 30 59 21 22 25 28 38 55 66 42 184 42 56 53 39 562 22 23 38 36 47 35 42 90 26
leaf_count=361 31 23 133 23 29 30 59 21 22 25 28 38 55 66 42 184 42 56 53 39 562 22 23 38 36 47 35 42 90 26
internal_value=-7.9588e-14 9.63399e-06 2.17054e-05 -1.35955e-05 1.2959e-05 4.15059e-06 -6.54651e-06 -1.53697e-05 -2.7288e-05 1.64608e-05 -5.51342e-05 -1.29343e-05 8.96682e-06 1.08867e-05 1.4782e-06 -6.87692e-06 2.03892e-05 1.33787e-05 -5.79355e-06 1.75773e-05 -7.1646e-06 2.6001e-05 -1.15146e-06 -3.06013e-05 2.64821e-05 4.05601e-05 2.32857e-05 2.75136e-06 3.21249e-05 1.02428e-05
internal_weight=2281 1335 417 946 284 918 285 206 147 79 50 97 633 603 303 226 300 234 95 255 585 77 54 59 139 83 216 65 151 61
internal_count=2281 1335 417 946 284 918 285 206 147 79 50 97 633 603 303 226 300 234 95 255 585 77 54 59 139 83 216 65 151 61
is_linear=0
shrinkage=0.05


Tree=18
num_leaves=31
num_cat=0
split_feature=0 0 4 4 5 1 2 1 0 3 5 5 3 0 4 2 2 0 0 3 5 3 4 3 0 0 2 5 0 0
split_gain=0.000107854 3.19003e-05 2.45901e-05 2.29367e-05 2.26622e-05 2.12139e-05 1.92274e-05 1.75026e-05 1.94015e-05 1.887e-05 1.7012e-05 2.05084e-05 2.10297e-05 1.88905e-05 1.81369e-05 1.69869e-05 3.64558e-05 2.35104e-05 2.29115e-05 1.66135e-05 1.66043e-05 1.60795e-05 2.22233e-05 2.13244e-05 2.72644e-05 1.99776e-05 2.91716e-05 1.70808e-05 1.54231e-05 2.43579e-05
threshold=-0.15739494442885779 0.63523503834813677 0.41425813188006749 -0.37187910601673008 34.689225252152191 -0.062962867720254861 0.26823453707691286 -0.081312915314233389 0.59700937062134984 -0.24152287155302957 32.850609946945802 29.128224628117156 -0.88970853783498305 -0.52481832513327276 0.71554513115991003 0.13744395751970309 0.31155604481662641 0.3702964597828507 0.078503518590905222 1.0414017865735412 23.029129745341823 -0.5950663397117496 -0.45453519178259955 -0.39847253515632064 0.40734383684081948 0.26680461082714929 -0.23222708903326147 18.226101737173835 -0.89649474200896528 -0.74225041061590546
decision_type=2 2 2 2 2 2 2 2 2 2 2 2 2 2 2 2 2 2 2 2 2 2 2 2 2 2 2 2 2 2
left_child=3 7 6 4 -1 -6 19 9 15 20 11 12 -5 14 28 21 17 18 -17 -3 -2 25 -23 -24 27 26 -9 -25 -12 -30
right_child=1 2 -4 10 5 -7 -8 8 -10 -11 13 -13 -14 -15 -16 16 -18 -19 -20 -21 -22 22 23 24 -26 -27 -28 -29 29 -31
leaf_value=-1.4583078950141974e-05 -1.9666183035714431e-05 2.2121369045601536e-05 3.8362598227246409e-05 -4.2913830733342306e-05 -8.3089206691511214e-05 -3.0299359300891373e-05 -2.6267169632460694e-05 -4.9507164502366711e-05 -3.1756501861805604e-05 3.3724701686720519e-05 1.5908813259523382e-05 -4.4871506618922769e-05 -5.6650870531699806e-06 1.7786032432988643e-05 3.1037894144031712e-05 -4.29541121810928e-05 2.5277682951936085e-05 -6.1971507286833532e-05 1.4468008929438119e-05 -1.3336358199758717e-05 2.1762639923562188e-05 -2.1306324272833143e-05 -2.1204926931614847e-05 2.9616156976806214e-05 5.3147182083385388e-05 3.5248575528674962e-05 1.6794894336098992e-05 -4.7872297365547557e-06 -5.7863953598395084e-05 -5.9996619126780264e-06
leaf_weight=184 46 216 133 43 26 71 29 21 44 92 27 48 319 111 23 32 45 35 38 39 51 89 51 53 38 91 79 113 38 56
leaf_count=184 46 216 133 43 26 71 29 21 44 92 27 48 319 111 23 32 45 35 38 39 51 89 51 53 38 91 79 113 38 56
internal_value=5.31203e-14 9.15229e-06 2.06201e-05 -1.29158e-05 -2.48927e-05 -4.44492e-05 1.23111e-05 3.94306e-06 4.27715e-07 1.75022e-05 -7.8548e-06 -1.41617e-05 -1.00897e-05 2.28568e-06 -9.66251e-06 2.49502e-06 -1.2375e-05 -2.85119e-05 -1.17821e-05 1.66984e-05 2.11598e-06 6.6642e-06 2.05169e-07 7.7131e-06 1.49426e-05 1.82972e-05 2.87146e-06 6.19698e-06 -1.7399e-05 -2.69661e-05
internal_weight=2281 1335 417 946 281 97 284 918 729 189 665 410 362 255 144 685 150 105 70 255 97 535 344 255 204 191 100 166 121 94
internal_count=2281 1335 417 946 281 97 284 918 729 189 665 410 362 255 144 685 150 105 70 255 97 535 344 255 204 191 100 166 121 94
is_linear=0
shrinkage=0.05


Tree=19
num_leaves=31
num_cat=0
split_feature=0 0 2 4 4 3 2 4 0 4 2 3 0 0 6 0 6 1 1 2 3 5 1 2 3 6 5 6 3 2
split_gain=9.73379e-05 2.879e-05 2.24841e-05 2.61019e-05 2.21925e-05 1.74892e-05 1.73528e-05 1.68536e-05 2.19032e-05 2.99639e-05 2.72226e-05 1.86163e-05 2.17947e-05 1.63125e-05 2.1155e-05 1.56378e-05 1.8204e-05 1.57418e-05 3.24272e-05 2.40265e-05 1.98546e-05 1.86422e-05 1.56292e-05 1.77832e-05 1.74377e-05 1.84898e-05 4.06883e-05 1.71063e-05 1.82137e-05 1.62665e-05
threshold=-0.15739494442885779 0.63523503834813677 0.40163816837399496 0.07059963247481417 0.41425813188006749 2.3062637364320184 0.26823453707691286 -0.38325033740254361 0.38039971945003109 -0.78783268769185555 0.10186347215201713 0.76641857101552824 0.09669327834027909 0.26286777318450932 4.719727053368941 -0.39277845119168059 6.3302444590439118 0.11091336412587434 -0.013502759845045115 -0.1818386424089439 0.72233811810747206 39.401686162544188 -0.10019545040554863 0.05519072312146326 -0.86926338393993596 3.8361202791768085 28.947980927331603 3.9287251099017277 -0.24152287155302957 0.21662748396979173
decision_type=2 2 2 2 2 2 2 2 2 2 2 2 2 2 2 2 2 2 2 2 2 2 2 2 2 2 2 2 2 2
left_child=2 5 3 -1 6 7 -3 8 13 -10 -11 22 -13 -2 -15 17 -17 18 19 -5 -21 -20 27 -24 -25 26 -26 -9 -29 -27
right_child=1 4 -4 15 -6 -7 -8 11 9 10 -12 12 -14 14 -16 16 -18 -19 21 20 -22 -23 23 24 25 29 -28 28 -30 -31
leaf_value=-1.8983402692335065e-05 -3.495832438223564e-06 1.5863502067433872e-05 -5.5615817636235398e-05 -6.2610823260911277e-05 3.6444468047617345e-05 -3.9304890363026696e-05 -2.4953811909403281e-05 5.8591802209977891e-05 1.28293545816577e-05 -2.2344080240052278e-05 -9.409268906892977e-05 -1.098182347916355e-05 4.8747506921894719e-05 -5.2988887546234771e-06 6.5752861916156357e-05 2.705988589639219e-05 -1.4251469310693209e-05 -3.3957271989493164e-05 3.7588377156506785e-06 -3.5144749654136831e-07 -5.3830549972016826e-05 4.7283620797850966e-05 9.6953395517979077e-06 2.4687722345463828e-05 -8.1046754624774868e-05 -1.9549585558538471e-05 1.0339554466467928e-05 -1.1214267431421685e-05 4.4713560722205636e-05 2.8587333897051466e-05
leaf_weight=478 144 255 29 26 133 23 29 27 33 39 20 21 56 20 22 80 40 49 89 100 21 34 294 28 29 54 21 37 24 26
leaf_count=478 144 255 29 26 133 23 29 27 33 39 20 21 56 20 22 80 40 49 89 100 21 34 294 28 29 54 21 37 24 26
internal_value=3.72403e-14 8.69467e-06 -1.227e-05 -1.08992e-05 1.95891e-05 3.74591e-06 1.16955e-05 4.85224e-06 -5.36949e-06 -2.5325e-05 -4.66656e-05 9.45782e-06 3.24577e-05 4.501e-06 3.19187e-05 -2.09672e-06 1.32894e-05 -7.88462e-06 -3.15292e-06 -1.90032e-05 -9.63294e-06 1.57901e-05 6.1782e-06 2.4249e-06 -1.11036e-05 -1.88126e-05 -4.26645e-05 2.54565e-05 1.07901e-05 -3.90509e-06
internal_weight=2281 1335 946 917 417 918 284 895 278 92 59 617 77 186 42 439 120 319 270 147 121 123 540 452 158 130 50 88 61 80
internal_count=2281 1335 946 917 417 918 284 895 278 92 59 617 77 186 42 439 120 319 270 147 121 123 540 452 158 130 50 88 61 80
is_linear=0
shrinkage=0.05


Tree=20
num_leaves=31
num_cat=0
split_feature=0 1 4 4 5 0 1 3 4 5 5 2 2 2 1 4 5 6 1 3 3 5 2 2 0 0 3 6 2 1
split_gain=8.86576e-05 2.97119e-05 2.51344e-05 2.37398e-05 1.93022e-05 1.76014e-05 1.65565e-05 1.6963e-05 1.58624e-05 1.34179e-05 2.247e-05 2.0382e-05 1.75489e-05 2.3313e-05 1.62349e-05 1.56594e-05 1.60004e-05 1.53315e-05 1.35985e-05 1.3317e-05 1.55026e-05 1.25221e-05 2.36282e-05 1.71587e-05 1.24699e-05 1.88774e-05 2.04731e-05 1.85997e-05 3.16494e-05 1.64604e-05
threshold=0.14067091672819468 0.17463051368217522 0.28306066462938767 0.20124448855065938 10.138172235008787 -0.96021826446790937 0.15882756988951255 -0.97720514766176303 0.23336343050763933 45.400466661734519 28.702379948159727 -0.268318215800535 0.076521266144145381 -0.030288604504393819 0.053819287128936785 -0.46108138856704634 24.105141062477141 4.3626828496479915 0.0033614354895631 -0.80129080014357867 0.2685304670056799 40.067136546903392 -0.068567171976991761 0.16205347336825129 -0.44629455461774464 -0.82217303412692766 -0.042450901838963877 3.9287251099017277 -0.030288604504393819 0.037996587641427056
decision_type=2 2 2 2 2 2 2 2 2 2 2 2 2 2 2 2 2 2 2 2 2 2 2 2 2 2 2 2 2 2
left_child=2 3 5 4 -2 -1 7 -7 -5 10 11 -9 13 -12 -11 19 -17 -14 -18 -13 -21 24 -23 -24 25 26 -4 29 -29 -26
right_child=1 -3 21 8 -6 6 -8 9 -10 14 12 15 17 -15 -16 16 18 -19 -20 20 -22 22 23 -25 27 -27 -28 28 -30 -31
leaf_value=-5.3083331811519334e-05 -1.712426888293282e-05 -3.4119493752119265e-05 2.8947207777361782e-05 6.0068174483463879e-05 9.9104288177584475e-06 -5.6741574052959042e-05 1.7799075036843228e-05 -4.8447818127377631e-05 1.9635755647027133e-05 2.2899556342963477e-05 -2.3747737964390786e-05 1.8032548169602788e-05 -3.1959879324067915e-05 -6.4317267585395777e-05 -3.0402430888898382e-05 -2.8887272223317534e-06 5.5644879121246054e-06 6.6933890483879024e-06 6.0142185386558556e-05 -3.7762255911926533e-05 1.8762596163149874e-06 4.9744488323460041e-05 -1.6427293644054134e-05 3.3163532134494747e-05 4.0727623723796574e-05 -2.5006638956786753e-05 -3.1516946511969552e-05 2.4414423504721425e-05 -3.013453657191489e-05 -1.1171495886876734e-05
leaf_weight=28 76 35 42 26 503 23 42 28 362 50 111 22 46 52 20 164 25 58 21 74 37 34 53 26 50 120 21 45 65 22
leaf_count=28 76 35 42 26 503 23 42 28 362 50 111 22 46 52 20 164 25 58 21 74 37 34 53 26 50 120 21 45 65 22
internal_value=1.57252e-13 1.1137e-05 -8.72497e-06 1.2775e-05 6.36183e-06 -1.41396e-05 -1.27289e-05 -1.44829e-05 2.23451e-05 -1.31101e-05 -1.53901e-05 -7.42981e-06 -2.64511e-05 -3.66902e-05 7.67042e-06 -4.08141e-06 4.4207e-06 -1.04032e-05 3.04804e-05 -1.75058e-05 -2.45494e-05 3.48453e-07 1.48931e-05 -1.06262e-07 -4.1544e-06 -1.33709e-05 8.79249e-06 5.11271e-06 -7.81905e-06 2.48696e-05
internal_weight=2281 1002 1279 967 579 801 773 731 388 708 638 371 267 163 70 343 210 104 46 133 111 478 113 79 365 183 63 182 110 72
internal_count=2281 1002 1279 967 579 801 773 731 388 708 638 371 267 163 70 343 210 104 46 133 111 478 113 79 365 183 63 182 110 72
is_linear=0
shrinkage=0.05


Tree=21
num_leaves=31
num_cat=0
split_feature=0 0 2 4 4 5 6 5 5 0 1 1 1 1 3 1 3 4 6 0 6 0 4 6 1 4 2 4 2 2
split_gain=8.08232e-05 2.46803e-05 2.03272e-05 2.18044e-05 1.93355e-05 1.63693e-05 2.55042e-05 2.75945e-05 1.91758e-05 1.59348e-05 1.49295e-05 2.82738e-05 1.66956e-05 2.9226e-05 1.64645e-05 1.58963e-05 1.44734e-05 1.39162e-05 1.35675e-05 1.31807e-05 1.447e-05 1.603e-05 1.54242e-05 1.35004e-05 1.28969e-05 1.82854e-05 1.24371e-05 1.34495e-05 1.90273e-05 2.05124e-05
threshold=-0.15739494442885779 0.63523503834813677 0.40163816837399496 0.07059963247481417 0.34142333771363348 28.554627696894254 7.7595519876401617 31.218646378288529 42.703517751185323 0.59700937062134984 -0.023412497084325832 -0.036286536636110193 0.035477524621185148 0.076250163962874998 -0.31457154368694418 0.014228762570183138 -0.90598733314552549 0.20771662510505143 2.747166807090534 -0.52481832513327276 4.6914368202005656 -0.61584365647258621 0.59472855273581748 1.8062948145442979 -0.032996112948545382 0.55303144302534912 -0.3496492295202564 -0.38325033740254361 0.30622375650224437 0.19846801147420842
decision_type=2 2 2 2 2 2 2 2 2 2 2 2 2 2 2 2 2 2 2 2 2 2 2 2 2 2 2 2 2 2
left_child=2 9 3 10 5 -3 7 -7 -9 26 11 -1 15 14 -14 -12 -5 -11 -6 20 22 24 -18 -24 25 -22 -2 28 29 -28
right_child=1 4 -4 16 18 6 -8 8 -10 17 12 -13 13 -15 -16 -17 19 -19 -20 -21 21 -23 23 -25 -26 -27 27 -29 -30 -31
leaf_value=-2.137419750101525e-05 -2.4207775221449473e-05 -1.6742829247701879e-06 -5.239514816664802e-05 -3.3165785252469289e-05 5.670729722548155e-05 6.4415618689963599e-05 6.6172900201140534e-05 -2.3173970378896533e-05 2.4727381904272196e-05 -4.2476678137357823e-05 -8.7262969464063636e-06 -8.2951339824094685e-05 -7.4783015080701545e-05 -5.0799208498228688e-06 -2.3143198753435478e-05 3.1442478709658117e-05 -3.8127046520872816e-05 1.008547495075618e-05 2.2989376924387508e-05 1.1677049382838464e-05 2.525689766722887e-05 -3.3506937679901418e-05 3.0469898237719291e-05 -2.1800688524914832e-05 2.6578719687397376e-05 -3.9275032648457335e-05 -1.952266808695665e-06 1.0561630944661947e-05 4.3755583355959977e-05 -4.8948673457534124e-05
leaf_weight=166 35 141 29 34 42 20 27 45 39 34 70 21 29 121 33 38 57 20 103 165 21 23 21 30 65 23 217 566 20 26
leaf_count=166 35 141 29 34 42 20 27 45 39 34 70 21 29 121 33 38 57 20 103 165 21 23 21 30 65 23 217 566 20 26
internal_value=3.96334e-14 7.92283e-06 -1.11807e-05 -9.87734e-06 1.80097e-05 1.01487e-05 2.28742e-05 1.16332e-05 -9.34057e-07 3.34087e-06 -1.72662e-05 -2.82893e-05 -1.01826e-05 -1.93831e-05 -4.72973e-05 5.40716e-06 -1.8321e-06 -2.30092e-05 3.27559e-05 7.98383e-07 -6.6807e-06 4.42444e-06 -2.02537e-05 -2.77506e-07 1.24283e-05 -8.4757e-06 4.98775e-06 6.22037e-06 -3.12242e-06 -6.98069e-06
internal_weight=2281 1335 946 917 417 272 131 104 84 918 478 187 291 183 62 108 439 54 145 405 240 132 108 51 109 44 864 829 263 243
internal_count=2281 1335 946 917 417 272 131 104 84 918 478 187 291 183 62 108 439 54 145 405 240 132 108 51 109 44 864 829 263 243
is_linear=0
shrinkage=0.05


Tree=22
num_leaves=31
num_cat=0
split_feature=0 1 3 4 2 2 4 4 6 3 5 5 3 2 4 0 2 1 1 3 3 6 2 1 0 3 3 3 1 1
split_gain=7.3579e-05 2.65853e-05 2.15074e-05 2.48003e-05 2.01613e-05 1.96833e-05 1.95126e-05 1.72632e-05 2.46978e-05 1.9003e-05 1.97856e-05 1.70568e-05 1.61773e-05 1.52503e-05 1.46963e-05 1.3164e-05 2.00323e-05 1.64148e-05 2.42733e-05 2.65658e-05 2.38624e-05 1.30519e-05 1.86123e-05 1.66627e-05 1.14936e-05 1.96516e-05 1.88607e-05 1.61473e-05 2.46084e-05 1.14717e-05
threshold=0.14067091672819468 0.17463051368217522 -0.98562195778879913 0.8938787192571761 0.14538735861075289 0.40163816837399496 0.20124448855065938 -0.38325033740254361 1.0852685142154346 -0.82756327117792561 31.43049191882719 10.138172235008787 0.54055363608981699 -0.24428845572515318 0.23336343050763933 -0.37383375373099198 -0.30332228474949191 -0.013502759845045115 0.029364452428244998 -0.042450901838963877 -0.84982855518547484 6.7163248745954185 -0.079181071552681073 -0.077834534588663726 -0.4972510428343378 -0.77231306428874058 -0.48574489901307188 0.64903355630054393 -0.11401195973945048 0.058545280176385252
decision_type=2 2 2 2 2 2 2 2 2 2 2 2 2 2 2 2 2 2 2 2 2 2 2 2 2 2 2 2 2 2
left_child=2 6 -1 5 -5 7 11 8 -4 10 -10 29 13 -11 -8 16 -9 24 19 -19 -20 -17 -23 -24 25 -18 -27 28 -28 -2
right_child=1 -3 3 4 -6 -7 14 15 9 12 -12 -13 -14 -15 -16 21 17 18 20 -21 -22 22 23 -25 -26 26 27 -29 -30 -31
leaf_value=-5.8131757090710127e-05 -2.8200269880471752e-05 -3.2663340056647679e-05 -5.8119054522125445e-05 5.1850575768444944e-06 6.366774161506329e-05 -4.4293160487397573e-05 5.6681598373241007e-05 -4.62205649829925e-05 5.1379020442254847e-05 1.578642864346462e-05 -1.7334648655378261e-05 9.216843062936722e-06 6.0258288644474999e-06 -2.8116980944309481e-05 1.7763705358502898e-05 1.0328363677558629e-05 2.7465637438379216e-05 5.6334500039008931e-05 -5.8011297260236456e-05 -1.4075570392638578e-05 4.0083958209369677e-07 1.9341276006596474e-05 1.0353190335384473e-05 -3.9863027031626775e-05 -4.4258930918772422e-05 -4.8568443647430587e-05 5.2314300046418796e-05 -3.9986324433508954e-05 -1.369886448780259e-05 1.5240666618323995e-05
leaf_weight=21 55 35 33 56 20 38 26 34 22 22 20 503 58 196 362 236 27 37 20 21 139 36 24 53 32 39 20 27 48 21
leaf_count=21 55 35 33 56 20 38 26 34 22 22 20 503 58 196 362 236 27 37 20 21 139 36 24 53 32 39 20 27 48 21
internal_value=9.85851e-15 1.01458e-05 -7.94846e-06 -7.11074e-06 2.05752e-05 -8.89089e-06 1.16952e-05 -7.71494e-06 -1.6947e-05 -1.26745e-05 1.86582e-05 5.88102e-06 -1.74425e-05 -2.36864e-05 2.03716e-05 -3.6286e-06 -9.34007e-06 -6.28169e-06 3.15337e-06 3.08412e-05 -6.9466e-06 3.63758e-06 -1.03361e-05 -2.42112e-05 -1.689e-05 -1.14502e-05 -1.92915e-05 -7.27253e-06 5.71677e-06 -1.61969e-05
internal_weight=2281 1002 1279 1258 76 1182 967 1144 351 318 42 579 276 218 388 793 444 410 217 58 159 349 113 77 193 161 134 95 68 76
internal_count=2281 1002 1279 1258 76 1182 967 1144 351 318 42 579 276 218 388 793 444 410 217 58 159 349 113 77 193 161 134 95 68 76
is_linear=0
shrinkage=0.05


Tree=23
num_leaves=31
num_cat=0
split_feature=0 0 2 3 5 4 6 6 4 3 5 4 3 3 5 2 1 0 1 2 0 1 6 6 5 1 2 1 3 1
split_gain=6.67274e-05 2.50405e-05 2.11545e-05 1.89919e-05 1.75799e-05 2.02757e-05 2.10088e-05 1.97986e-05 1.71595e-05 1.63154e-05 1.48045e-05 1.40435e-05 2.56355e-05 2.14008e-05 1.74602e-05 2.22876e-05 1.54735e-05 1.49069e-05 2.09527e-05 1.91057e-05 2.63944e-05 2.32582e-05 1.82608e-05 2.81342e-05 1.74964e-05 1.70265e-05 1.65121e-05 1.37927e-05 2.59773e-05 2.41697e-05
threshold=-0.32270270295680087 0.63523503834813677 0.40163816837399496 -0.97720514766176303 48.431113201113867 -0.58227408683317294 0.49262301428017025 3.5872283718393732 0.8938787192571761 2.5363117045730452 41.75073897882006 0.12493662243883198 0.76641857101552824 1.622716371649549 45.843113204167182 -0.079181071552681073 -0.10019545040554863 0.4445195002487255 -0.020511106465067316 -0.268318215800535 0.14067091672819468 0.13172121600369019 7.238751857971141 8.5619680714378106 22.858063868916606 0.031253536567805384 0.050006269875040442 -0.018481269295305972 0.85674083986514638 0.040717712980686986
decision_type=2 2 2 2 2 2 2 2 2 2 2 2 2 2 2 2 2 2 2 2 2 2 2 2 2 2 2 2 2 2
left_child=2 9 3 -1 5 -3 -7 -8 27 11 -9 13 16 14 17 -16 -13 19 24 -2 21 -21 26 -24 -19 -20 -22 -5 29 -29
right_child=1 4 -4 8 -6 6 7 10 -10 -11 -12 12 -14 -15 15 -17 -18 18 25 20 22 -23 23 -25 -26 -27 -28 28 -30 -31
leaf_value=-5.7357266502679394e-05 -3.3220684023641904e-05 -8.3477287137156971e-06 -5.9156370812358901e-05 -1.8850236123894733e-05 6.0054576566802681e-05 -2.9752202171948737e-05 4.1851412558457926e-05 2.0174948997396451e-05 2.2710176459668222e-05 -3.7780843253131026e-05 -1.6949535154253682e-05 2.7535950749779659e-05 3.9176937615781164e-05 -4.9362877119995612e-05 6.5587026595246493e-05 6.1678775554438206e-07 7.912982229160393e-07 -7.081226969883294e-05 3.9440053078578793e-05 -1.1304708886694378e-05 2.7846552081925593e-05 4.4048561427362508e-05 8.8444000952718355e-05 1.0916712999005542e-05 -1.4773192100013452e-05 -1.7820394053135691e-05 -1.3853319898433172e-05 7.7391224980691156e-06 2.7503620148544778e-05 -2.031768433009868e-05
leaf_weight=21 36 80 23 308 22 20 96 167 40 25 32 64 63 23 22 33 349 26 20 197 53 21 22 25 30 37 43 122 54 207
leaf_count=21 36 80 23 308 22 20 96 167 40 25 32 64 63 23 22 33 349 26 20 197 53 21 22 25 30 37 43 122 54 207
internal_value=8.13937e-14 6.13477e-06 -1.19212e-05 -1.04765e-05 1.65537e-05 1.41309e-05 1.98398e-05 2.32019e-05 -9.12976e-06 2.14513e-06 1.42052e-05 3.08325e-06 9.46767e-06 -2.0851e-06 -1.60517e-07 2.66049e-05 4.93575e-06 -3.04698e-06 -1.90696e-05 1.51362e-06 4.97743e-06 -5.97251e-06 2.16704e-05 4.72061e-05 -4.07913e-05 2.27099e-06 9.16848e-06 -1.09729e-05 -4.6381e-06 -9.91364e-06
internal_weight=2281 1506 775 752 417 395 315 295 731 1089 199 1064 476 588 565 55 413 510 113 397 361 218 143 47 56 57 96 691 383 329
internal_count=2281 1506 775 752 417 395 315 295 731 1089 199 1064 476 588 565 55 413 510 113 397 361 218 143 47 56 57 96 691 383 329
is_linear=0
shrinkage=0.05


Tree=24
num_leaves=31
num_cat=0
split_feature=0 1 4 4 6 5 2 0 5 6 5 6 0 4 5 5 2 0 1 1 2 4 5 0 1 0 1 6 1 2
split_gain=6.04663e-05 2.33232e-05 1.89591e-05 1.85634e-05 2.04953e-05 1.65112e-05 1.78964e-05 1.6383e-05 1.4993e-05 2.35849e-05 2.46384e-05 2.22677e-05 1.65043e-05 2.57345e-05 1.96547e-05 1.49504e-05 1.46868e-05 1.41407e-05 1.34312e-05 1.8574e-05 1.98074e-05 1.29515e-05 1.6483e-05 1.66741e-05 2.7255e-05 2.61254e-05 2.41702e-05 1.78499e-05 1.6666e-05 1.52576e-05
threshold=0.14067091672819468 0.18328908454556667 0.12493662243883198 -0.38325033740254361 1.0852685142154346 44.785953064492269 -0.268318215800535 -0.95216965006230825 22.527299439754366 0.99441096603737911 16.122195829058246 3.0062624421865887 0.30733739200535753 0.50730738487585303 31.822348856931097 28.013254539574103 0.10780973790617997 -0.37383375373099198 -0.082372685352808325 -0.037719312304103407 -0.067339583967913785 -0.014744398394805456 48.145720959483263 0.38039971945003109 -0.025165575637904208 0.62232311887197056 -0.020511106465067316 6.434790508977045 0.042820396076175334 -0.24067413254431028
decision_type=2 2 2 2 2 2 2 2 2 2 2 2 2 2 2 2 2 2 2 2 2 2 2 2 2 2 2 2 2 2
left_child=3 2 21 4 -1 6 17 -8 9 -4 11 -11 13 -10 15 -14 -13 -5 -7 -20 -21 22 23 24 -2 26 27 -25 -28 -27
right_child=1 -3 8 5 -6 18 7 -9 12 10 -12 16 14 -15 -16 -17 -18 -19 19 20 -22 -23 -24 25 -26 29 28 -29 -30 -31
leaf_value=-5.247848946762841e-05 4.7399425248274715e-05 -3.8490406819619244e-05 -4.4126672073616645e-05 -4.7803039845792569e-05 -1.2776669064167897e-05 4.9912887714692092e-05 -4.4961087911835186e-05 -2.0782373932962369e-06 4.0607675493282097e-05 7.3660575476640675e-05 -1.4221693419251165e-05 2.2183759842603923e-06 3.5392054013395552e-05 -3.1656360364909886e-05 2.1135243660486543e-05 8.286319802276989e-05 4.80630673118867e-05 -3.5027581169112142e-06 -3.6055905984540007e-05 5.2849516927940741e-05 -3.4910120563999489e-06 -1.8357475231536419e-05 4.556656331260456e-05 -1.7831880984139832e-05 9.3253211453441351e-07 -2.4916492232781214e-05 3.1285659202569216e-05 -7.0157470372578248e-05 -2.0310496882516686e-05 1.5512561785885206e-05
leaf_weight=36 53 25 20 43 335 22 23 704 22 21 53 58 43 28 137 27 25 31 20 26 39 57 26 39 78 27 29 28 34 172
leaf_count=36 53 25 20 43 335 22 23 704 22 21 53 58 43 28 137 27 25 31 20 26 39 57 26 39 78 27 29 28 34 172
internal_value=-3.25428e-14 9.19741e-06 1.04177e-05 -7.20548e-06 -1.66291e-05 -3.35506e-06 -5.81935e-06 -3.43492e-06 1.82086e-05 7.01035e-06 1.35246e-05 2.76646e-05 2.59209e-05 1.39815e-07 3.21483e-05 5.37024e-05 1.6027e-05 -2.92448e-05 1.50926e-05 6.08023e-06 1.90452e-05 4.1907e-06 6.83524e-06 4.64608e-06 1.97321e-05 -1.36082e-06 -1.87933e-05 -3.96993e-05 3.44011e-06 1.00272e-05
internal_weight=2281 1002 977 1279 371 908 801 727 434 177 157 104 257 50 207 70 83 74 107 85 65 543 486 460 131 329 130 67 63 199
internal_count=2281 1002 977 1279 371 908 801 727 434 177 157 104 257 50 207 70 83 74 107 85 65 543 486 460 131 329 130 67 63 199
is_linear=0
shrinkage=0.05


Tree=25
num_leaves=31
num_cat=0
split_feature=0 0 2 3 5 4 1 1 2 4 3 6 4 2 4 2 3 4 3 5 3 5 4 1 3 1 0 0 6 2
split_gain=5.55626e-05 2.09059e-05 1.88381e-05 1.70112e-05 1.69362e-05 1.83029e-05 2.10997e-05 1.99024e-05 1.57777e-05 1.53473e-05 1.48667e-05 1.48006e-05 1.32652e-05 2.16684e-05 2.44344e-05 1.975e-05 1.62956e-05 1.56561e-05 2.84303e-05 1.82535e-05 2.40058e-05 1.96879e-05 1.38785e-05 1.24097e-05 2.35716e-05 2.1834e-05 3.35826e-05 4.20254e-05 2.28267e-05 1.94272e-05
threshold=-0.32270270295680087 0.68056433087792045 0.40163816837399496 -0.97720514766176303 48.431113201113867 -0.47907558979182446 -0.068661228631671553 -0.13131641659914992 -0.0071411113928265017 0.8938787192571761 2.5363117045730452 6.2883636032447869 0.20124448855065938 0.1353698241506037 0.44522334317865081 0.17805323044718988 0.95307549266189273 -0.82087196826277786 0.083028051555540175 11.485228222750374 1.622716371649549 9.0161264236170577 -0.89865524043572997 -0.018481269295305972 0.85674083986514638 0.040717712980686986 -0.46100715753362936 -0.59550377143227251 4.595844011182602 -0.062622321917577689
decision_type=2 2 2 2 2 2 2 2 2 2 2 2 2 2 2 2 2 2 2 2 2 2 2 2 2 2 2 2 2 2
left_child=2 10 3 -1 5 8 7 -7 11 23 12 -3 17 14 -14 -15 -16 18 22 21 -21 -19 -2 -5 25 28 27 29 -25 -27
right_child=1 4 -4 9 -6 6 -8 -9 -10 -11 -12 -13 13 15 16 -17 -18 19 -20 20 -22 -23 -24 24 -26 26 -28 -29 -30 -31
leaf_value=-5.3883786105351263e-05 -2.1702242698406087e-05 -5.6633948935830804e-05 -5.5452395969515908e-05 -1.7455431691959799e-05 6.0640722876996742e-05 3.0369674951202798e-05 2.7668371956392302e-05 -2.7500493972463751e-05 1.5209146438012666e-05 2.1871396643291519e-05 -3.5905974116758444e-05 1.3641503259846518e-06 3.585596452462771e-05 -4.9492313424707398e-05 2.5833843578352986e-06 2.1838331038862367e-06 4.5183104171883323e-05 -5.870973769135085e-06 6.0829301407836654e-05 1.5038394858021856e-06 -5.1939264680682257e-05 -5.625682292840352e-05 2.3856275207023715e-05 -1.6491791440650424e-05 2.6642606282486533e-05 -3.869820951270716e-06 -6.2780894793629876e-05 3.1828918965604521e-05 2.7051416100221105e-05 -4.318071355693533e-05
leaf_weight=21 35 22 23 308 20 24 203 39 42 40 25 22 104 25 220 71 25 47 27 468 22 33 32 54 54 60 36 45 68 66
leaf_count=21 35 22 23 308 20 24 203 39 42 40 25 22 104 25 220 71 25 47 27 468 22 33 32 54 54 60 36 45 68 66
internal_value=-5.60298e-14 5.59805e-06 -1.08783e-05 -9.51498e-06 1.58836e-05 1.33406e-05 1.98234e-05 -5.45472e-06 -6.71106e-06 -8.24036e-06 2.22396e-06 -2.76349e-05 3.08352e-06 9.76334e-06 1.555e-05 -1.12735e-05 6.93029e-06 -1.39317e-06 1.75129e-05 -4.51101e-06 -8.95647e-07 -2.66551e-05 5.70494e-08 -9.98344e-06 -3.97464e-06 -8.99996e-06 -1.88885e-05 -9.64804e-06 7.77819e-06 -2.44612e-05
internal_weight=2281 1506 775 752 372 352 266 63 86 731 1134 44 1109 445 349 96 245 664 94 570 490 80 67 691 383 329 207 171 122 126
internal_count=2281 1506 775 752 372 352 266 63 86 731 1134 44 1109 445 349 96 245 664 94 570 490 80 67 691 383 329 207 171 122 126
is_linear=0
shrinkage=0.05


Tree=26
num_leaves=31
num_cat=0
split_feature=0 4 2 0 5 5 4 3 2 5 3 0 5 4 2 0 4 6 4 2 1 3 2 5 0 5 5 3 2 4
split_gain=5.01624e-05 2.00203e-05 1.96098e-05 1.69657e-05 1.91716e-05 3.87804e-05 2.35859e-05 1.78191e-05 1.74693e-05 1.64658e-05 1.61653e-05 1.69601e-05 1.57318e-05 1.43542e-05 1.96083e-05 2.11446e-05 1.68069e-05 1.5654e-05 1.9881e-05 1.75795e-05 1.72238e-05 1.51046e-05 1.48648e-05 1.42778e-05 1.37662e-05 1.34298e-05 1.68417e-05 1.49438e-05 1.51248e-05 1.30877e-05
threshold=-0.37383375373099198 0.12493662243883198 0.40163816837399496 0.33515112408461195 20.087063437545542 17.542983125015724 0.35748921973578279 0.76641857101552824 0.070716424710233303 10.138172235008787 1.622716371649549 0.65179496327284459 48.145720959483263 0.6168249796539651 -0.19271612018055065 -0.69587086364907891 0.55303144302534912 5.5038160592975549 -0.41588663971677947 -0.12525160178240682 0.015968274904500156 -0.39170310342750658 -0.072666315959019734 30.002499667015186 -0.83482028645903072 31.822348856931097 28.013254539574103 -0.47028188037161917 0.030244941616198184 0.44522334317865081
decision_type=2 2 2 2 2 2 2 2 2 2 2 2 2 2 2 2 2 2 2 2 2 2 2 2 2 2 2 2 2 2
left_child=2 9 13 7 5 6 -5 29 -8 -2 12 -12 -11 16 -15 23 17 19 -19 -1 -20 -17 -21 24 -16 26 -6 28 -27 -3
right_child=1 3 -4 4 25 -7 8 -9 -10 10 11 -13 -14 14 15 21 -18 18 20 22 -22 -23 -24 -25 -26 27 -28 -29 -30 -31
leaf_value=-3.6871036787567357e-05 -1.9728227365596085e-05 1.2090624774935937e-05 -5.9725005121435971e-05 -3.0252488686528524e-05 2.9335603523157681e-05 -5.7077926257162214e-05 1.1641573052279788e-05 2.8175439469383231e-05 6.4671067171730111e-05 2.5944247277836318e-06 -4.719573901184049e-05 1.0632155282932911e-05 3.6085583997191864e-05 -3.7395563413156201e-05 -1.2756491423715488e-05 -3.8884158705817147e-05 -4.9497943511103892e-05 -2.0037139623304436e-05 -7.064615879547394e-06 3.0422413183259777e-05 2.7052616531687971e-05 1.3247261344848525e-05 -1.5002361622838727e-05 6.8316445867822048e-05 4.5908278093520496e-05 1.8115841740495853e-05 7.762557049863972e-05 3.0981826607621117e-05 -3.7311745727492963e-05 -9.0892540882608995e-06
leaf_weight=92 95 118 20 20 65 22 41 63 25 670 32 21 37 23 20 24 30 90 75 20 73 33 181 20 20 32 25 83 20 191
leaf_count=92 95 118 20 20 65 22 41 63 25 670 32 21 37 23 20 24 30 90 75 20 73 33 181 20 20 32 25 83 20 191
internal_value=-5.80894e-15 5.04083e-06 -1.09066e-05 1.12786e-05 1.94767e-05 2.16034e-06 1.73143e-05 3.94005e-06 3.17285e-05 -1.02618e-07 2.35058e-06 -2.42828e-05 4.34714e-06 -9.51383e-06 4.80862e-06 1.31052e-05 -1.30881e-05 -1.1031e-05 -1.50566e-06 -1.87683e-05 9.76348e-06 -8.70281e-06 -1.04825e-05 3.38227e-05 1.65759e-05 2.77885e-05 4.27495e-05 1.78145e-05 -3.20246e-06 -1.00115e-06
internal_weight=2281 1560 721 705 333 108 86 372 66 855 760 53 707 701 140 117 561 531 238 293 148 57 201 60 40 225 90 135 52 309
internal_count=2281 1560 721 705 333 108 86 372 66 855 760 53 707 701 140 117 561 531 238 293 148 57 201 60 40 225 90 135 52 309
is_linear=0
shrinkage=0.05


Tree=27
num_leaves=31
num_cat=0
split_feature=0 1 3 4 2 2 4 3 6 2 5 3 2 3 4 0 1 5 6 6 2 0 2 2 2 0 2 4 4 0
split_gain=4.60001e-05 2.12682e-05 1.67057e-05 1.82035e-05 1.83022e-05 1.39202e-05 1.26005e-05 2.26473e-05 2.45965e-05 1.71564e-05 1.56962e-05 1.52806e-05 1.62976e-05 1.32458e-05 1.27209e-05 2.20617e-05 1.25107e-05 1.22488e-05 3.44456e-05 2.54072e-05 1.98119e-05 2.49474e-05 4.13367e-05 1.70784e-05 2.71685e-05 2.45638e-05 1.51807e-05 1.86979e-05 1.61032e-05 1.51466e-05
threshold=0.14067091672819468 0.17463051368217522 -0.98562195778879913 0.8938787192571761 0.14538735861075289 0.40163816837399496 -0.38325033740254361 -0.74794290630021509 1.0852685142154346 -0.089127970922935423 32.639064297213217 0.54055363608981699 -0.030288604504393819 -0.35578318436981804 -0.70081789589570265 -0.6312989076283344 0.021801125139935124 23.364548262066254 0.76322440570779593 2.6727241958411674 0.34713760348066897 0.85922679659039902 -0.17491549823259869 0.010090823946590832 0.044967566143921466 0.68056433087792045 -0.13833435266150454 0.63153728110857765 -0.60611341195543567 0.49847816870623124
decision_type=2 2 2 2 2 2 2 2 2 2 2 2 2 2 2 2 2 2 2 2 2 2 2 2 2 2 2 2 2 2
left_child=2 17 -1 5 -5 6 7 9 -9 -4 -11 12 13 -10 15 -14 -15 18 -2 -20 21 23 -23 26 -25 -26 27 -19 -28 -30
right_child=1 -3 3 4 -6 -7 -8 8 11 10 -12 -13 14 16 -16 -17 -18 20 19 -21 -22 22 -24 24 25 -27 28 -29 29 -31
leaf_value=-5.0512736647977447e-05 -4.4606084388111156e-05 -3.0267534862754733e-05 -2.1733625399065207e-05 3.5098650544439026e-06 5.9230962870060472e-05 -3.6843316832489924e-05 -2.5914645404484944e-06 -6.764629407189205e-05 2.2492871217342068e-05 5.6338904963922689e-05 -3.0887637034027194e-06 6.8841423995011073e-06 2.466383077262435e-05 -3.93558180004413e-05 -5.0456561245179427e-05 -4.1517003078564919e-05 8.6821168066387099e-06 2.4884511279338166e-05 3.4184760929939572e-05 9.440477388667229e-07 -3.4650452653295362e-05 9.7789998614209033e-05 2.0389536828166668e-05 6.0657500561271597e-05 2.0280379695069474e-07 4.729940646939213e-05 -4.4347499930154302e-05 -2.5895291202521713e-05 1.4462867428347368e-05 -2.1899457328800055e-05
leaf_weight=21 35 35 25 56 20 38 793 25 28 25 20 58 20 33 60 34 23 103 71 302 20 23 69 38 102 38 25 22 71 48
leaf_count=21 35 35 25 56 20 38 793 25 28 25 20 58 20 33 60 34 23 103 71 302 20 23 69 38 102 38 25 22 71 48
internal_value=-3.13511e-14 8.0221e-06 -6.28471e-06 -5.5464e-06 1.81733e-05 -7.07153e-06 -6.0826e-06 -1.397e-05 -2.0309e-05 1.14765e-05 2.99266e-05 -1.56862e-05 -2.22977e-05 -5.58634e-06 -3.46114e-05 -1.70056e-05 -1.9626e-05 9.40797e-06 2.8211e-06 7.27137e-06 1.42156e-05 1.60288e-05 3.97397e-05 1.11487e-05 2.31632e-05 1.29862e-05 3.19855e-06 1.59473e-05 -7.86804e-06 -2.04289e-07
internal_weight=2281 1002 1279 1258 76 1182 1144 351 281 70 45 256 198 84 114 54 56 967 408 373 559 539 92 447 178 140 269 125 144 119
internal_count=2281 1002 1279 1258 76 1182 1144 351 281 70 45 256 198 84 114 54 56 967 408 373 559 539 92 447 178 140 269 125 144 119
is_linear=0
shrinkage=0.05


Tree=28
num_leaves=31
num_cat=0
split_feature=0 4 2 0 5 5 4 5 3 5 3 0 5 4 2 0 4 6 4 2 1 0 2 5 0 1 4 4 1 4
split_gain=4.27303e-05 1.77308e-05 1.65368e-05 1.45637e-05 1.6609e-05 3.48549e-05 2.09338e-05 1.71366e-05 1.60084e-05 1.45635e-05 1.45695e-05 1.48347e-05 1.37642e-05 1.22577e-05 1.74319e-05 1.92248e-05 1.53564e-05 1.38756e-05 1.78134e-05 1.59648e-05 1.55151e-05 1.37434e-05 1.33445e-05 1.29017e-05 1.2424e-05 1.22843e-05 1.5796e-05 1.22308e-05 1.21576e-05 1.42468e-05
threshold=-0.37383375373099198 0.12493662243883198 0.40163816837399496 0.33515112408461195 20.087063437545542 17.542983125015724 0.35748921973578279 12.701019844494921 0.76641857101552824 10.138172235008787 1.622716371649549 0.65179496327284459 48.145720959483263 0.6168249796539651 -0.19271612018055065 -0.69587086364907891 0.55303144302534912 5.5038160592975549 -0.41588663971677947 -0.12525160178240682 0.015968274904500156 -0.54079399887627222 -0.072666315959019734 30.002499667015186 -0.83482028645903072 0.047298400637935438 0.20124448855065938 0.23336343050763933 0.035477524621185148 -0.74557169860896466
decision_type=2 2 2 2 2 2 2 2 2 2 2 2 2 2 2 2 2 2 2 2 2 2 2 2 2 2 2 2 2 2
left_child=2 9 13 8 5 6 -5 -8 -3 -2 12 -12 -11 16 -15 23 17 19 28 -1 -20 -17 -21 24 -16 -22 -27 -6 29 -19
right_child=1 3 -4 4 27 -7 7 -9 -10 10 11 -13 -14 14 15 21 -18 18 20 22 25 -23 -24 -25 -26 26 -28 -29 -30 -31
leaf_value=-3.4659776815715304e-05 -1.8645157716060855e-05 -9.5993756101054206e-07 -5.489659011800541e-05 -2.8445441494113769e-05 5.3015986164349928e-05 -5.4159327882271932e-05 8.7482162761704956e-06 6.0567362275092078e-05 2.6694536423776067e-05 2.3751620950027266e-06 -4.459474891973514e-05 9.4885104425927802e-06 3.370200533567727e-05 -3.5345089821456223e-05 -1.2235170133862995e-05 -3.5332450433473316e-05 -4.6893473160404635e-05 2.4429206619970502e-05 -6.4604140146305638e-06 2.924436517787399e-05 5.8195963460353342e-05 1.3960801375252495e-05 -1.3794838730769919e-05 6.4814627999112422e-05 4.349635973994737e-05 -1.0713126685004681e-05 4.5066275015415164e-05 2.0851352680533877e-05 -3.9243402279680599e-05 -2.8950214746146229e-05
leaf_weight=92 95 309 20 20 35 22 39 27 63 670 32 21 37 23 20 26 30 25 75 20 21 31 181 20 20 30 22 190 40 25
leaf_count=92 95 309 20 20 35 22 39 27 63 670 32 21 37 23 20 26 30 25 75 20 21 31 181 20 20 30 22 190 40 25
internal_value=-2.54823e-14 4.65244e-06 -1.00663e-05 1.05227e-05 1.81183e-05 2.00079e-06 1.63673e-05 2.9947e-05 3.72348e-06 -1.87989e-07 2.11916e-06 -2.31655e-05 4.01461e-06 -8.78727e-06 4.448e-06 1.22706e-05 -1.20902e-05 -1.01239e-05 -1.15594e-06 -1.74085e-05 9.51114e-06 -8.52384e-06 -9.51233e-06 3.20253e-05 1.56306e-05 2.59203e-05 1.28859e-05 2.58547e-05 -1.86973e-05 -2.2605e-06
internal_weight=2281 1560 721 705 333 108 86 66 372 855 760 53 707 701 140 117 561 531 238 293 148 57 201 60 40 73 52 225 90 50
internal_count=2281 1560 721 705 333 108 86 66 372 855 760 53 707 701 140 117 561 531 238 293 148 57 201 60 40 73 52 225 90 50
is_linear=0
shrinkage=0.05


Tree=29
num_leaves=31
num_cat=0
split_feature=0 4 2 2 5 0 0 0 1 0 6 0 5 0 2 3 4 3 4 0 6 5 5 0 5 1 0 0 4 2
split_gain=3.8794e-05 1.41285e-05 1.43005e-05 1.48503e-05 1.88197e-05 1.93111e-05 2.04862e-05 1.92176e-05 1.76817e-05 1.5575e-05 1.50961e-05 1.37886e-05 1.31146e-05 1.22006e-05 1.69028e-05 1.31836e-05 2.62163e-05 2.38762e-05 2.19657e-05 1.31438e-05 1.40427e-05 1.253e-05 1.19484e-05 1.51946e-05 1.2585e-05 1.17464e-05 1.16054e-05 1.15222e-05 1.03534e-05 1.31956e-05
threshold=-0.15739494442885779 -0.38325033740254361 0.31640186927958613 0.25967685848043914 43.093134754622788 0.93014560710255823 0.45193558885553492 0.19701596849479544 -0.015437531451732154 -0.057544933669020797 2.9135253749669765 0.62232311887197056 28.554627696894254 0.68056433087792045 -0.3496492295202564 -0.31457154368694418 -0.014744398394805456 -0.11890972136224996 0.17523082362305867 0.10765652511369707 4.571315569843807 31.43049191882719 29.483041512280213 0.59700937062134984 15.717245500836478 0.058545280176385252 0.71675442864213279 0.46421882822096633 0.9142274033701423 0.13744395751970309
decision_type=2 2 2 2 2 2 2 2 2 2 2 2 2 2 2 2 2 2 2 2 2 2 2 2 2 2 2 2 2 2
left_child=-1 2 3 4 5 6 7 9 11 -2 -9 -8 -11 14 -3 16 25 -17 -18 20 -19 -22 23 24 -21 -16 -15 -6 29 -20
right_child=1 13 -4 -5 27 -7 8 10 -10 12 -12 -13 -14 26 15 17 18 19 28 22 21 -23 -24 -25 -26 -27 -28 -29 -30 -31
leaf_value=-7.7461272276945713e-06 1.6211927283750681e-05 -3.0668892055297379e-05 3.8049473120000115e-05 -4.4212999471876013e-05 2.1020490748924202e-06 3.4626340577513196e-05 -7.6276155742031426e-05 -1.5169065434990486e-05 -1.1124155009838433e-05 -1.0519424148085549e-05 3.3967076056055878e-05 -2.2099891477568157e-05 -5.8598668344885759e-05 4.8617466531400817e-05 3.6402104009978542e-05 4.0844508397124479e-05 -4.1345445901069545e-05 1.4107590646074787e-05 2.2375714724954709e-06 4.0793021604446856e-05 -1.0310814256323889e-06 -5.21233899861547e-05 3.1987476580214336e-05 -3.3228917440976062e-05 -7.642474475706339e-07 -5.8245589907133057e-06 1.4499951246177107e-05 4.7462105534837719e-05 3.2622532871755537e-05 -3.0544205936351432e-05
leaf_weight=946 28 31 21 22 28 26 24 22 80 37 54 23 23 28 58 67 42 38 132 29 24 24 66 21 49 23 227 28 20 40
leaf_count=946 28 31 21 22 28 26 24 22 80 37 54 23 23 28 58 67 42 38 132 29 24 24 66 21 49 23 227 28 20 40
internal_value=9.84175e-14 5.48902e-06 -2.15619e-06 -4.29371e-06 -1.93922e-06 -6.6597e-06 -1.03485e-05 1.32591e-06 -2.54241e-05 -1.45802e-05 1.97435e-05 -4.97644e-05 -2.89498e-05 8.94974e-06 5.37957e-06 7.14498e-06 -1.0511e-07 1.43267e-05 -8.59174e-06 7.24819e-06 -8.60022e-06 -2.65772e-05 1.55086e-05 4.52265e-06 1.46865e-05 2.44118e-05 1.82462e-05 2.47821e-05 -1.42687e-06 -5.3861e-06
internal_weight=2281 1335 416 395 373 317 291 164 127 88 76 47 60 919 664 633 315 318 234 251 86 48 165 99 78 81 255 56 192 172
internal_count=2281 1335 416 395 373 317 291 164 127 88 76 47 60 919 664 633 315 318 234 251 86 48 165 99 78 81 255 56 192 172
is_linear=0
shrinkage=0.05


Tree=30
num_leaves=31
num_cat=0
split_feature=0 4 2 4 5 6 5 5 1 5 6 5 1 5 6 5 1 0 2 3 1 3 1 4 1 1 5 0 5 4
split_gain=3.55036e-05 1.53695e-05 1.49244e-05 1.33844e-05 1.51923e-05 1.27071e-05 1.25437e-05 1.76781e-05 1.23774e-05 1.41319e-05 2.40156e-05 1.55481e-05 2.25161e-05 1.53785e-05 1.96333e-05 1.6663e-05 1.68594e-05 1.52199e-05 1.67764e-05 1.4289e-05 1.27567e-05 1.37154e-05 1.31396e-05 1.38435e-05 1.22958e-05 1.52424e-05 1.20743e-05 1.18898e-05 2.87106e-05 1.69605e-05
threshold=-0.37383375373099198 0.12493662243883198 0.40163816837399496 0.019764004512012993 48.145720959483263 6.3302444590439118 47.080369101363061 45.400466661734519 0.18328908454556667 23.364548262066254 0.66029417179504291 31.639420358280216 0.048348532705376479 15.951249667399432 2.3138247138519152 12.701019844494921 -0.0093208431253250391 0.45749784520260056 0.0038287595783459468 -0.71049103022841387 0.042820396076175334 -0.86547212083953107 -0.0083655765073484215 0.5284661046946888 -0.049246823258209158 -0.098781975775424261 19.624304361346674 -0.15739494442885779 16.936058233038739 -0.38325033740254361
decision_type=2 2 2 2 2 2 2 2 2 2 2 2 2 2 2 2 2 2 2 2 2 2 2 2 2 2 2 2 2 2
left_child=2 3 -1 4 6 -5 7 27 9 10 -3 12 19 14 -12 -16 -17 18 -15 -11 21 -13 24 -24 25 -23 -19 28 -2 -29
right_child=1 8 -4 5 -6 -7 -8 -9 -10 11 13 20 -14 17 15 16 -18 26 -20 -21 -22 22 23 -25 -26 -27 -28 29 -30 -31
leaf_value=-7.9605980471528766e-06 -6.6939998941961679e-05 -4.9131810720566487e-05 -5.1764454583462799e-05 -6.9082319330643973e-06 3.1969281087348911e-05 -5.4011323964871173e-05 -3.9104639472498097e-05 4.4170873614190069e-05 -2.9065967519272822e-05 6.8332781575009003e-06 5.1680642310759965e-05 -3.5962264810223133e-05 -1.4024329893321634e-06 -4.6080261654424253e-06 -4.1118094789756778e-06 2.0195934985167697e-06 6.6941449076693971e-05 -1.4225033719412752e-05 -6.0028571765129033e-05 5.4535284368895407e-05 2.7533034479044242e-05 2.5199094294034048e-05 -4.18862812773074e-05 8.3395989403310092e-06 3.9008728832154056e-05 -2.0210328928745489e-05 3.9453370548223829e-05 -4.5507536081077561e-06 -1.5679072347806987e-06 1.2454946539249679e-05
leaf_weight=701 22 21 20 45 39 21 20 23 20 20 31 20 38 36 93 20 20 20 22 73 75 42 23 34 42 33 22 372 71 242
leaf_count=701 22 21 20 45 39 21 20 23 20 20 31 20 38 36 93 20 20 20 22 73 75 42 23 34 42 33 22 372 71 242
internal_value=-5.9004e-14 4.24081e-06 -9.17568e-06 -2.65794e-07 1.54354e-06 -2.18956e-05 -3.85965e-08 1.03171e-06 9.70627e-06 1.08383e-05 2.33021e-06 1.69003e-05 3.10263e-05 6.42378e-06 1.58471e-05 7.49491e-06 3.44805e-05 -9.03044e-06 -2.56296e-05 4.42768e-05 1.00211e-05 3.25105e-06 7.75833e-06 -1.1927e-05 1.73486e-05 5.21895e-06 1.38922e-05 -3.7169e-07 -1.70323e-05 2.15182e-06
internal_weight=2281 1560 721 855 789 66 750 730 705 685 285 400 131 264 164 133 40 100 58 93 269 194 174 57 117 75 42 707 93 614
internal_count=2281 1560 721 855 789 66 750 730 705 685 285 400 131 264 164 133 40 100 58 93 269 194 174 57 117 75 42 707 93 614
is_linear=0
shrinkage=0.05


Tree=31
num_leaves=31
num_cat=0
split_feature=0 5 4 5 4 4 2 6 0 2 2 2 2 6 2 2 0 3 3 3 0 5 5 6 2 1 3 6 2 5
split_gain=3.2042e-05 1.45711e-05 1.74505e-05 1.41209e-05 1.48325e-05 1.79605e-05 1.44112e-05 1.93993e-05 1.56614e-05 1.679e-05 2.69761e-05 2.4469e-05 2.11568e-05 1.85056e-05 1.49454e-05 1.34693e-05 1.32559e-05 1.36824e-05 1.9059e-05 1.6852e-05 1.29448e-05 1.51146e-05 1.51273e-05 1.45092e-05 2.84383e-05 2.2563e-05 1.37123e-05 1.25992e-05 1.1664e-05 2.26886e-05
threshold=-0.37383375373099198 11.485228222750374 0.78008100505649092 12.492220778078513 -0.38325033740254361 -0.43206169515734999 0.28077012720545741 3.9850331865175286 0.52263216876063034 0.027882582535424794 0.006520761915662982 0.19272819921899931 0.14149010679162241 6.3302444590439118 0.099396733548936092 0.40163816837399496 -0.19657477052946956 -0.74225006769906166 -0.23616405333818694 0.72233811810747206 0.79524630690331377 17.715299962973759 20.911686928330226 2.9135253749669765 0.078258083816985222 0.11091336412587434 -0.22797212993720581 6.56132924224611 -0.039883264207443037 38.644710282201622
decision_type=2 2 2 2 2 2 2 2 2 2 2 2 2 2 2 2 2 2 2 2 2 2 2 2 2 2 2 2 2 2
left_child=15 2 16 -3 5 20 8 -8 9 10 -6 12 14 -13 -11 -1 -2 -18 27 -20 21 -5 -23 24 26 28 -24 -19 29 -25
right_child=1 3 -4 4 6 -7 7 -9 -10 11 -12 13 -14 -15 -16 -17 17 18 19 -21 -22 22 23 25 -26 -27 -28 -29 -30 -31
leaf_value=-7.5625678562929884e-06 -5.166593417968779e-05 3.8274108657898264e-05 2.3800227467695046e-05 -3.1635645360611743e-05 7.969100834434128e-06 -4.0064870633311025e-05 2.1461201021852704e-05 -3.671854490101779e-05 1.9707282184859331e-05 -1.9871448187132047e-05 5.8357026118128802e-05 5.0639442081868265e-05 -5.3168386731764861e-05 -1.0991297780752317e-05 1.519374668254275e-05 -4.9176230568264152e-05 1.3603689848937592e-05 -6.9892735273638024e-05 2.0787734504395036e-05 -2.8762296244622122e-05 2.2785094700305275e-05 3.4723042034752801e-05 -2.1395903979282594e-05 -1.3079264645944578e-05 2.3282442151123015e-05 5.1392902407149621e-05 -7.6941188308410349e-05 -1.6966236415266229e-05 -1.5542548223482254e-05 4.2618855491816775e-05
leaf_weight=701 21 33 36 42 316 30 23 38 294 80 29 29 30 21 49 20 46 23 37 32 54 29 25 41 22 22 20 22 83 33
leaf_count=701 21 33 36 42 316 30 23 38 294 80 29 29 30 21 49 20 46 23 37 32 54 29 25 41 22 22 20 22 83 33
internal_value=8.5634e-14 4.02877e-06 -7.99283e-06 5.97121e-06 5.15747e-06 -2.85287e-06 8.69118e-06 -1.47819e-05 1.03797e-05 5.42968e-06 1.22046e-05 -5.75381e-06 -1.53476e-05 2.47545e-05 -6.55211e-06 -8.7169e-06 -1.43163e-05 -9.41417e-06 -1.87021e-05 -2.19199e-06 1.56181e-07 -3.69859e-06 5.68165e-07 -3.45822e-06 -2.33061e-05 3.97086e-06 -4.60827e-05 -4.40176e-05 -2.67426e-06 1.17591e-05
internal_weight=2281 1560 217 1343 1310 401 909 61 848 554 345 209 159 50 129 721 181 160 114 69 371 317 275 246 67 179 45 45 157 74
internal_count=2281 1560 217 1343 1310 401 909 61 848 554 345 209 159 50 129 721 181 160 114 69 371 317 275 246 67 179 45 45 157 74
is_linear=0
shrinkage=0.05


Tree=32
num_leaves=31
num_cat=0
split_feature=0 5 4 5 4 4 2 6 0 2 2 2 2 6 2 0 3 3 3 0 5 5 6 2 1 3 6 0 2 4
split_gain=2.89179e-05 1.31504e-05 1.57491e-05 1.27441e-05 1.33863e-05 1.62093e-05 1.30061e-05 1.75078e-05 1.41345e-05 1.5153e-05 2.43459e-05 2.20833e-05 1.92426e-05 1.67013e-05 1.2156e-05 1.19635e-05 1.23484e-05 1.72008e-05 1.52089e-05 1.16827e-05 1.36409e-05 1.36524e-05 1.30946e-05 2.56655e-05 2.03631e-05 1.23754e-05 1.13708e-05 1.11401e-05 1.10768e-05 1.10626e-05
threshold=-0.37383375373099198 11.485228222750374 0.78008100505649092 12.492220778078513 -0.38325033740254361 -0.43206169515734999 0.28077012720545741 3.9850331865175286 0.52263216876063034 0.027882582535424794 0.006520761915662982 0.19272819921899931 0.14793686493248023 6.3302444590439118 0.40163816837399496 -0.19657477052946956 -0.74225006769906166 -0.23616405333818694 0.72233811810747206 0.79524630690331377 17.715299962973759 20.911686928330226 2.9135253749669765 0.078258083816985222 0.11091336412587434 -0.22797212993720581 6.56132924224611 0.88934624176543364 0.099396733548936092 0.6168249796539651
decision_type=2 2 2 2 2 2 2 2 2 2 2 2 2 2 2 2 2 2 2 2 2 2 2 2 2 2 2 2 2 2
left_child=14 2 15 -3 5 19 8 -8 9 10 -6 12 28 -13 29 -2 -17 26 -19 20 -5 -22 23 25 -24 -23 -18 -21 -11 -1
right_child=1 3 -4 4 6 -7 7 -9 -10 11 -12 13 -14 -15 -16 16 17 18 -20 27 21 22 24 -25 -26 -27 -28 -29 -30 -31
leaf_value=-1.0322213183173494e-05 -4.9082638690292483e-05 3.6360403536298585e-05 2.2610216466192571e-05 -3.0053863349080315e-05 7.5706458551466426e-06 -3.8061628383729843e-05 2.0388139692722296e-05 -3.4882617920199047e-05 1.8721918116861677e-05 -1.8877875679663705e-05 5.5439173991481801e-05 4.8107470489600837e-05 -5.4850581975188112e-05 -1.0441734003680246e-05 -4.6717420455024699e-05 1.2923506319171083e-05 -6.6398097636050337e-05 1.9748347878973889e-05 -2.7324181579047037e-05 5.01144270813148e-05 3.2986889960613619e-05 -2.0326108555309474e-05 -2.5405487333486304e-06 2.2118319764724055e-05 4.8823257152848369e-05 -7.3094131075777119e-05 -1.6117925174925902e-05 3.5294667406670862e-06 1.0430267317402738e-05 5.3890670330604603e-06
leaf_weight=561 21 33 36 42 316 30 23 38 294 80 29 29 25 21 20 46 23 37 32 21 29 25 157 22 22 20 22 33 54 140
leaf_count=561 21 33 36 42 316 30 23 38 294 80 29 29 25 21 20 46 23 37 32 21 29 25 157 22 22 20 22 33 54 140
internal_value=-1.83053e-14 3.82733e-06 -7.59319e-06 5.67265e-06 4.89959e-06 -2.71023e-06 8.25662e-06 -1.40428e-05 9.86071e-06 5.1582e-06 1.15944e-05 -5.46612e-06 -1.45803e-05 2.35168e-05 -8.28105e-06 -1.36005e-05 -8.94346e-06 -1.7767e-05 -2.08239e-06 1.48372e-07 -3.51366e-06 5.39756e-07 -3.28531e-06 -2.21408e-05 3.77232e-06 -4.37786e-05 -4.18167e-05 2.16458e-05 -7.06713e-06 -7.18444e-06
internal_weight=2281 1560 217 1343 1310 401 909 61 848 554 345 209 159 50 721 181 160 114 69 371 317 275 246 67 179 45 45 54 134 701
internal_count=2281 1560 217 1343 1310 401 909 61 848 554 345 209 159 50 721 181 160 114 69 371 317 275 246 67 179 45 45 54 134 701
is_linear=0
shrinkage=0.05


Tree=33
num_leaves=31
num_cat=0
split_feature=0 5 2 5 4 4 2 4 2 5 4 6 6 3 5 2 2 3 6 5 1 1 1 1 5 5 1 0 3 2
split_gain=2.60984e-05 1.26004e-05 1.84168e-05 2.12825e-05 1.27848e-05 1.18725e-05 1.09708e-05 1.07061e-05 1.77492e-05 1.4367e-05 1.7793e-05 1.26827e-05 1.52844e-05 1.53201e-05 1.25394e-05 1.07645e-05 1.68607e-05 2.76966e-05 1.33201e-05 1.21715e-05 1.63822e-05 1.06948e-05 1.0988e-05 1.02599e-05 1.01201e-05 1.44092e-05 1.00923e-05 1.00664e-05 9.99912e-06 9.5385e-06
threshold=-0.37383375373099198 48.145720959483263 -0.045882381572835106 48.850854081522257 0.12493662243883198 0.064678330541731457 0.40163816837399496 -0.62162670498478056 -0.30332228474949191 23.503708162762518 -0.74557169860896466 9.3778995862278602 8.8854570567648956 2.1183596712693675 34.986468588737125 0.14538735861075289 0.006520761915662982 -0.78449413874650398 6.8300574578581417 40.578162230660539 -0.0093208431253250391 0.18328908454556667 0.15277414341005979 0.040717712980686986 47.080369101363061 45.400466661734519 0.12287475508305579 -0.71525508841129048 -0.5253735488598551 -0.25258181004368768
decision_type=2 2 2 2 2 2 2 2 2 2 2 2 2 2 2 2 2 2 2 2 2 2 2 2 2 2 2 2 2 2
left_child=6 4 -3 -4 5 24 7 9 27 23 14 12 13 15 -11 16 18 -18 28 20 -17 22 26 -1 25 29 -6 -9 -10 -2
right_child=1 2 3 -5 21 -7 -8 8 11 10 -12 -13 -14 -15 -16 19 17 -19 -20 -21 -22 -23 -24 -25 -26 -27 -28 -29 -30 -31
leaf_value=1.863632807080942e-05 -1.6454184563109125e-05 5.4860600784164056e-05 3.8646647035853853e-05 -3.2537972393107512e-05 8.8636408713457494e-06 -2.7783965507718147e-05 -4.4381547704688278e-05 -6.0835642707388614e-05 -1.5802204485792914e-05 1.2258696115168277e-05 -7.4395505725988195e-05 3.1989441453737933e-05 -3.8423413119242721e-05 -4.2775567098509614e-05 -3.7370809701055156e-05 -2.1708644265844114e-05 2.9304459691085567e-05 -3.094171032601221e-05 2.5426222387538692e-05 4.5150688632789897e-05 2.8204303401123198e-05 -2.8274649394006702e-05 4.2048403186830305e-05 -2.4908583084955657e-05 -3.4408743834189535e-05 3.8105534818896562e-05 -2.3553385282866656e-05 -1.1823229810529898e-05 7.7797408712959389e-06 1.5550524322107602e-06
leaf_weight=31 83 29 21 21 606 41 20 20 77 20 20 27 29 21 35 31 24 93 58 26 35 20 24 24 21 25 25 22 108 644
leaf_count=31 83 29 21 21 606 41 20 20 77 20 20 27 29 21 35 31 24 93 58 26 35 20 24 24 21 25 25 22 108 644
internal_value=5.58055e-14 3.63597e-06 2.42146e-05 3.05434e-06 2.65471e-06 -1.56429e-06 -7.867e-06 -6.82522e-06 -3.87685e-06 -1.97753e-05 -3.40095e-05 -1.39293e-06 -3.18839e-06 -1.02811e-06 -1.93237e-05 9.11486e-07 -2.98919e-06 -1.85835e-05 4.51919e-06 1.6175e-05 4.76034e-06 7.74252e-06 8.84228e-06 -3.65088e-07 -1.73595e-07 7.8244e-07 7.57929e-06 -3.51625e-05 -2.03545e-06 -5.01023e-07
internal_weight=2281 1560 71 42 1489 814 721 701 571 130 75 529 502 473 55 452 360 117 243 92 66 675 655 55 773 752 631 42 185 727
internal_count=2281 1560 71 42 1489 814 721 701 571 130 75 529 502 473 55 452 360 117 243 92 66 675 655 55 773 752 631 42 185 727
is_linear=0
shrinkage=0.05


Tree=34
num_leaves=31
num_cat=0
split_feature=0 1 3 4 2 0 1 5 0 1 5 6 0 5 6 3 3 3 2 0 4 6 4 5 5 3 0 4 1 6
split_gain=2.43374e-05 1.79319e-05 1.39698e-05 1.33279e-05 1.64594e-05 1.04128e-05 1.17973e-05 2.20643e-05 1.67358e-05 1.34593e-05 1.36944e-05 2.93202e-05 1.69029e-05 1.27607e-05 3.01457e-05 1.03181e-05 3.52797e-05 2.20279e-05 1.97365e-05 2.37507e-05 2.00474e-05 1.6439e-05 1.78862e-05 1.91528e-05 4.80048e-05 1.60201e-05 1.57109e-05 2.12848e-05 1.63919e-05 1.4658e-05
threshold=0.14067091672819468 0.18328908454556667 -0.98562195778879913 0.8938787192571761 0.060632046296912635 -0.96021826446790937 0.15650256315734476 31.822348856931097 -0.88535438389404075 0.1399841568032667 45.400466661734519 3.5872283718393732 -0.4226757099890443 42.203961627774838 4.7788421572881132 -0.34297251308694093 -0.57690528009463471 -0.28313538754222234 -0.33985894784331444 0.2391772923576703 -0.45118926267155041 0.69880155812096623 0.8938787192571761 43.771930036148845 39.142346796244823 -0.64183958648050232 0.2849844777415072 0.66626639817447608 -0.054618502043230509 5.6546763443728105
decision_type=2 2 2 2 2 2 2 2 2 2 2 2 2 2 2 2 2 2 2 2 2 2 2 2 2 2 2 2 2 2
left_child=2 15 -1 5 -5 -4 8 -8 -7 10 13 -12 -13 -10 -15 16 25 -17 -19 -20 -21 -22 23 24 -23 -2 -18 28 -28 -27
right_child=1 -3 3 4 -6 6 7 -9 9 -11 11 12 -14 14 -16 17 26 18 19 20 21 22 -24 -25 -26 29 27 -29 -30 -31
leaf_value=-4.5015971028035332e-05 6.1993545147107727e-06 -3.5979399995994757e-05 -3.2470685590289902e-05 -1.8777262046066253e-06 4.6022255603396658e-05 1.6533769192254205e-05 4.4920895638686937e-05 -1.3823597903190662e-05 -6.6516353206597203e-06 -4.6044992719048012e-05 5.0497007821093126e-05 -3.2516268423505074e-05 1.6983360578056559e-05 -6.041398972634803e-05 2.5882978101995272e-06 5.4295406888396153e-05 -5.8755289813104493e-05 -3.05611808157821e-05 4.3067310428813039e-05 -1.0707069866618449e-05 -2.5584161816684924e-05 1.8974672337192222e-05 -2.6733646282082189e-05 -1.3284478120567657e-05 9.3152183602796871e-05 6.6175528793436294e-05 -5.1656477398864813e-05 3.0323023180756083e-05 -8.4587826859205961e-06 1.0866731114219874e-05
leaf_weight=21 292 25 34 47 29 79 33 31 806 22 32 34 35 37 39 29 21 29 54 107 23 171 20 32 25 23 32 24 70 25
leaf_count=21 292 25 34 47 29 79 33 31 806 22 32 34 35 37 39 29 21 29 54 107 23 171 20 32 25 23 32 24 70 25
internal_value=7.45899e-15 5.83506e-06 -4.57133e-06 -3.89618e-06 1.63999e-05 -5.20118e-06 -4.39354e-06 1.64665e-05 -5.62513e-06 -7.36698e-06 -6.50135e-06 1.09383e-05 -7.40776e-06 -8.4984e-06 -2.80839e-05 6.90503e-06 1.7509e-06 1.20276e-05 9.36869e-06 1.20492e-05 7.618e-06 1.48534e-05 1.86036e-05 2.25806e-05 2.84361e-05 1.05998e-05 -1.87159e-05 -1.20426e-05 -2.2011e-05 3.73689e-05
internal_weight=2281 1002 1279 1258 76 1182 1148 64 1084 1005 983 101 69 882 76 977 487 490 461 432 378 271 248 228 196 340 147 126 102 48
internal_count=2281 1002 1279 1258 76 1182 1148 64 1084 1005 983 101 69 882 76 977 487 490 461 432 378 271 248 228 196 340 147 126 102 48
is_linear=0
shrinkage=0.05


Tree=35
num_leaves=31
num_cat=0
split_feature=0 5 6 2 0 2 4 4 3 6 5 0 3 3 3 5 2 4 4 1 1 5 0 2 1 6 5 1 5 3
split_gain=2.19907e-05 1.18615e-05 1.54928e-05 2.28008e-05 1.37451e-05 2.06137e-05 1.02861e-05 1.6938e-05 1.95636e-05 1.57228e-05 1.93019e-05 1.52875e-05 1.40574e-05 1.28176e-05 2.2606e-05 1.9255e-05 1.13546e-05 1.11972e-05 9.97081e-06 9.95715e-06 1.98189e-05 2.00879e-05 1.75644e-05 1.9032e-05 2.17753e-05 1.67437e-05 1.59159e-05 3.54299e-05 3.87555e-05 1.68779e-05
threshold=-0.37383375373099198 7.9626108561449209 3.9287251099017277 0.046302374624767169 0.8018598745022476 0.26823453707691286 -0.38325033740254361 -0.80279339960025786 -0.052644255009194778 2.976959137024104 18.226101737173835 0.45193558885553492 0.23635691324162703 -0.39170310342750658 -0.62995584437004615 28.554627696894254 -0.3496492295202564 -0.62162670498478056 -0.89865524043572997 0.045335730177466151 0.075190658154595413 31.639420358280216 0.68056433087792045 -0.054999228533851266 0.12140567330400136 5.6364801116208341 31.43049191882719 0.021065683989293694 29.223325325632597 -0.86926338393993596
decision_type=2 2 2 2 2 2 2 2 2 2 2 2 2 2 2 2 2 2 2 2 2 2 2 2 2 2 2 2 2 2
left_child=-1 2 -2 -4 6 -6 7 11 13 -10 -11 12 18 14 15 -9 -8 -16 -3 26 21 -21 23 25 -25 -22 27 28 -18 -28
right_child=1 4 3 -5 5 -7 16 8 9 10 -12 -13 -14 -15 17 -17 19 -19 -20 20 22 -23 -24 24 -26 -27 29 -29 -30 -31
leaf_value=-7.2213961496644248e-06 -4.0741625097700092e-05 -1.0178857266712133e-05 -2.3648646907904782e-05 3.6124027826223972e-05 2.1777221713941923e-05 -3.0496858189941298e-05 -2.1651743829991307e-05 3.2752959188469389e-05 -6.0298496282484852e-05 -5.8633117234876415e-05 -1.4104577482092802e-06 -1.4121947481869844e-05 5.9517309658812819e-05 2.4982847667400308e-05 -8.3946826634928594e-06 -1.8726244365338704e-05 5.7833068832740489e-06 -5.8588050393154841e-05 3.2791444351055867e-05 -4.6105949662064847e-05 1.4260000049641048e-06 1.0502289525902597e-05 5.1014855871471815e-05 1.0030919126317411e-05 -3.4406956932370498e-05 5.8129366982978787e-05 -3.8714309841452634e-05 5.7812114312622249e-05 7.3238081566397224e-05 4.7231998150720145e-06
leaf_weight=721 34 27 39 27 185 21 37 39 28 20 56 38 21 38 20 34 287 25 27 42 30 25 20 60 51 23 25 46 23 212
leaf_count=721 34 27 39 27 185 21 37 39 28 20 56 38 21 38 20 34 287 25 27 42 30 25 20 60 51 23 25 46 23 212
internal_value=3.10209e-14 3.33758e-06 -1.33216e-05 8.03811e-07 4.47862e-06 1.64483e-05 2.51231e-06 -4.44721e-06 -1.14715e-05 -2.82693e-05 -1.64691e-05 1.17148e-05 2.48054e-05 -2.72908e-07 -8.40612e-06 8.77634e-06 5.45885e-06 -3.62799e-05 1.13063e-05 6.64735e-06 -1.70016e-06 -2.49835e-05 6.778e-06 1.38327e-06 -1.03865e-05 2.60331e-05 1.01806e-05 1.68642e-05 1.0788e-05 1.41184e-07
internal_weight=2281 1560 100 66 1460 206 1254 373 260 104 76 113 75 156 118 73 881 45 54 844 251 67 184 164 111 53 593 356 310 237
internal_count=2281 1560 100 66 1460 206 1254 373 260 104 76 113 75 156 118 73 881 45 54 844 251 67 184 164 111 53 593 356 310 237
is_linear=0
shrinkage=0.05


Tree=36
num_leaves=31
num_cat=0
split_feature=0 1 3 4 2 4 1 1 1 1 2 5 5 5 6 6 2 1 0 4 2 2 3 5 1 5 5 4 2 6
split_gain=2.05961e-05 1.58251e-05 1.27567e-05 1.18079e-05 1.47106e-05 1.05582e-05 1.03664e-05 2.22477e-05 2.2234e-05 1.80489e-05 1.76766e-05 1.69148e-05 2.53125e-05 1.54323e-05 1.56184e-05 1.36906e-05 1.89886e-05 1.59004e-05 1.30096e-05 1.28649e-05 1.19392e-05 1.16195e-05 1.14201e-05 1.01964e-05 9.77402e-06 9.23845e-06 1.89696e-05 2.39707e-05 1.94583e-05 9.9702e-06
threshold=0.14067091672819468 0.17463051368217522 -0.98562195778879913 0.8938787192571761 0.060632046296912635 -0.96692342614945248 -0.017631927155735607 -0.033784105104173505 0.033829957722538474 0.080222300630467439 0.21913239051463732 27.51900599659346 34.289699932300678 24.331110834023523 4.2073118324347805 4.5220384857693094 -0.076287575032908075 0.099259420765687043 -0.59550377143227251 -0.45453519178259955 -0.2052451314751236 0.28806317084701311 -0.22797212993720581 24.105141062477141 0.067048042161377122 34.986468588737125 44.785953064492269 0.31296259970508927 0.025060913002725959 4.8971684211248965
decision_type=2 2 2 2 2 2 2 2 2 2 2 2 2 2 2 2 2 2 2 2 2 2 2 2 2 2 2 2 2 2
left_child=2 -2 -1 5 -5 -4 7 21 11 10 24 23 -13 -9 -15 17 20 -11 -18 -20 -17 25 -14 -8 -10 29 27 -27 -28 -7
right_child=1 -3 3 4 -6 6 8 13 9 15 -12 12 22 14 -16 16 18 -19 19 -21 -22 -23 -24 -25 -26 26 28 -29 -30 -31
leaf_value=-4.2854037920256988e-05 6.5633101264898824e-06 -2.7660568279575926e-05 -3.9925282111480127e-05 -1.7357897957752239e-06 4.3548071717568432e-05 -6.9622066089575837e-06 1.991315188070598e-05 -6.1650014192544473e-05 -5.5512016088469637e-06 2.6347368734407252e-05 -6.018516875843963e-05 -3.9766800722039385e-05 3.1989141215100453e-05 -4.7685811841802207e-05 1.2729107062193141e-05 1.1314052477246151e-05 -2.7966171106644684e-05 -2.0033517853818844e-05 4.4588996097445494e-05 -5.1841687896076365e-06 5.9266182016573219e-05 -3.1271146984251504e-05 -6.3883175850302611e-06 5.9505474382604007e-05 -3.6677097143017983e-05 -4.8883980922745157e-05 -2.0309665545937607e-05 9.1844679546839972e-06 4.2719928910628371e-05 1.1742613151645146e-05
leaf_weight=21 967 35 21 47 29 144 87 31 107 23 23 30 42 20 23 25 31 94 20 37 27 39 36 20 33 52 25 27 24 141
leaf_count=21 967 35 21 47 29 144 87 31 107 23 23 30 42 20 23 25 31 94 20 37 27 39 36 20 33 52 25 27 24 141
internal_value=8.72064e-14 5.36787e-06 -4.20532e-06 -3.56015e-06 1.55436e-05 -4.78848e-06 -4.15293e-06 -9.34405e-06 1.47124e-07 -6.54688e-06 -1.95619e-05 1.32238e-05 -7.35551e-07 -3.47581e-05 -1.53709e-05 1.70775e-06 1.22575e-05 -1.09159e-05 -1.89756e-06 1.22801e-05 3.62123e-05 -5.18335e-06 1.42765e-05 2.73136e-05 -1.2888e-05 -2.71985e-06 -1.38785e-05 -2.90378e-05 1.0562e-05 2.29176e-06
internal_weight=2281 1002 1279 1258 76 1182 1161 526 635 420 163 215 108 74 43 257 140 117 88 57 52 452 78 107 140 413 128 79 49 285
internal_count=2281 1002 1279 1258 76 1182 1161 526 635 420 163 215 108 74 43 257 140 117 88 57 52 452 78 107 140 413 128 79 49 285
is_linear=0
shrinkage=0.05


Tree=37
num_leaves=31
num_cat=0
split_feature=0 1 3 4 6 4 4 4 2 1 1 5 5 0 3 6 5 1 0 0 5 1 6 5 3 2 6 5 1 0
split_gain=1.8588e-05 1.44231e-05 1.1513e-05 1.06566e-05 1.43733e-05 9.52876e-06 1.00843e-05 1.33197e-05 1.34611e-05 1.26071e-05 2.46607e-05 2.03175e-05 1.95535e-05 1.68829e-05 1.58892e-05 2.00346e-05 1.50925e-05 1.45494e-05 1.45218e-05 1.37833e-05 1.20924e-05 1.20011e-05 1.13096e-05 1.92471e-05 1.20369e-05 1.36809e-05 1.15283e-05 1.11771e-05 1.00658e-05 1.26926e-05
threshold=0.14067091672819468 0.18328908454556667 -0.98562195778879913 0.8938787192571761 5.3341607145920911 -0.96692342614945248 -0.85455530817055791 -0.62162670498478056 0.40163816837399496 -0.011436695221723308 0.036984744021706255 27.51900599659346 34.55859967630014 -0.26427611597866224 1.9489474525852135 0.69880155812096623 46.818300036000977 0.076250163962874998 -0.7640840894882025 -0.46100715753362936 8.3075512591780321 0.12528523184608173 5.423700569268914 20.911686928330226 -0.62437803694696759 -0.0099374183807250955 2.5155923578647212 22.245710800033681 0.096738346877479023 -0.53268016703965693
decision_type=2 2 2 2 2 2 2 2 2 2 2 2 2 2 2 2 2 2 2 2 2 2 2 2 2 2 2 2 2 2
left_child=2 -2 -1 5 -5 -4 -7 22 9 14 11 27 -13 -14 15 -9 17 19 21 -12 -17 -19 23 -8 -24 -26 -25 -11 -20 -30
right_child=1 -3 3 4 -6 6 7 8 -10 10 16 12 13 -15 -16 20 -18 18 28 -21 -22 -23 24 26 25 -27 -28 -29 29 -31
leaf_value=-4.0711337455182474e-05 6.0590667961531499e-06 -3.2401492966528171e-05 -3.7929017257521904e-05 3.5945592371251392e-05 -7.5576169144148255e-06 1.4451393316059175e-05 -2.598557073034844e-06 3.0853026050060767e-05 -3.601251981308451e-05 2.6656824546408334e-05 -5.776202074643648e-06 -3.6012597896236305e-05 4.1409329537600573e-05 -1.5489549100907013e-05 -5.1568055441748582e-05 -4.0226212231259684e-05 3.6617305249819764e-05 -8.9122957303646091e-07 3.3392560163747474e-05 -4.2865369270704499e-05 -6.6811340343208517e-06 -5.0239791182155562e-05 2.746555837802589e-05 -2.9948869979264039e-05 5.5050657101674012e-06 -4.9976437521763736e-05 -8.2990766240982343e-05 6.9729026799905119e-05 2.9648043146153217e-05 -8.1809469445622257e-06
leaf_weight=21 977 25 21 39 37 70 29 34 30 61 55 24 32 22 20 29 21 28 32 46 365 22 20 21 25 20 20 20 30 85
leaf_count=21 977 25 21 39 37 70 29 34 30 61 55 24 32 22 20 29 21 28 32 46 365 22 20 21 25 20 20 20 30 85
internal_value=-5.92395e-14 5.09947e-06 -3.99505e-06 -3.38214e-06 1.47664e-05 -4.54905e-06 -3.94528e-06 -5.12563e-06 -3.04956e-06 -1.98164e-06 3.66638e-06 1.97527e-05 1.5388e-06 1.82283e-05 -8.00788e-06 -5.97236e-06 -4.35154e-06 -7.23861e-06 6.72045e-07 -2.26683e-05 -9.15019e-06 -2.26046e-05 -1.98273e-05 -3.37729e-05 -4.80909e-06 -1.91534e-05 -5.5823e-05 3.72919e-05 8.58927e-06 1.68749e-06
internal_weight=2281 1002 1279 1258 76 1182 1161 1091 956 926 478 159 78 54 448 428 319 298 197 101 394 50 135 70 65 45 41 81 147 115
internal_count=2281 1002 1279 1258 76 1182 1161 1091 956 926 478 159 78 54 448 428 319 298 197 101 394 50 135 70 65 45 41 81 147 115
is_linear=0
shrinkage=0.05


Tree=38
num_leaves=31
num_cat=0
split_feature=0 5 2 5 4 4 4 0 5 4 1 2 4 3 4 0 1 2 0 2 6 4 5 0 4 5 3 6 2 3
split_gain=1.80662e-05 1.10286e-05 1.63181e-05 1.88044e-05 1.01302e-05 1.09614e-05 1.45859e-05 1.96562e-05 2.06329e-05 1.59356e-05 1.30395e-05 1.83577e-05 1.25716e-05 1.23143e-05 1.96966e-05 1.03229e-05 1.06607e-05 1.79496e-05 1.52155e-05 1.05445e-05 1.55335e-05 2.00161e-05 1.81715e-05 1.52563e-05 1.24825e-05 1.74318e-05 1.60613e-05 1.44254e-05 1.40028e-05 1.00025e-05
threshold=-0.37383375373099198 48.145720959483263 -0.045882381572835106 48.850854081522257 0.12493662243883198 -0.82087196826277786 -0.73009591169971422 -0.15739494442885779 16.936058233038739 0.057908485817204876 -0.1344381748916306 -0.039883264207443037 -0.203999548600135 0.16136018778233843 -0.89865524043572997 -0.083446467979826897 -0.05934561483394344 -0.039883264207443037 0.31456804856748294 -0.24428845572515318 7.1525897351932164 -0.12917447496995102 25.752265823122684 0.41491956905431443 -0.068161943117494891 36.222232697424808 -0.15423447853887137 3.4886440928272529 0.070716424710233303 -0.30122092435711684
decision_type=2 2 2 2 2 2 2 2 2 2 2 2 2 2 2 2 2 2 2 2 2 2 2 2 2 2 2 2 2 2
left_child=-1 4 -3 -4 5 13 29 8 -8 10 11 -9 -10 14 -2 -12 17 -17 -19 23 24 22 -22 -18 25 26 27 -21 -28 -7
right_child=1 2 3 -5 -6 6 7 9 12 -11 15 -13 -14 -15 -16 16 19 18 -20 20 21 -23 -24 -25 -26 -27 28 -29 -30 -31
leaf_value=-6.5453847663463645e-06 -2.0606393198047756e-05 5.1124679834927143e-05 3.5815546254438928e-05 -3.1096668940985444e-05 6.636022400576386e-06 -4.3744111207087299e-06 -6.6843554304796274e-05 6.5783438403741454e-05 -2.7393036725698041e-05 -2.9476806151718405e-05 2.9967784294351604e-05 -1.9619216618593784e-06 1.8830500376528414e-05 3.7778833200932514e-05 2.7302617251357669e-05 -4.5971464040180323e-05 -5.0764985262503613e-05 3.3975764877554454e-05 -1.8274162344392895e-05 3.2213698659688821e-07 1.7767546228242282e-05 -1.5837994010325928e-05 7.5321975563724672e-05 8.9454723612779286e-06 3.1798305592799027e-05 -2.6127395243141414e-05 -3.3650766228233943e-05 4.7798108266761122e-05 1.595865608760505e-05 -3.9295210278752448e-05
leaf_weight=721 45 29 21 21 675 37 21 20 38 37 31 20 24 34 41 31 20 22 38 32 32 20 24 23 28 60 33 32 25 46
leaf_count=721 45 29 21 21 675 37 21 20 38 37 31 20 24 34 41 31 20 22 38 32 32 20 24 23 28 60 33 32 25 46
internal_value=-2.39242e-14 3.02514e-06 2.22776e-05 2.35944e-06 2.10713e-06 -1.64841e-06 -4.0611e-06 -1.38948e-06 -2.40087e-05 2.16619e-06 4.55069e-06 3.19108e-05 -9.50005e-06 1.2305e-05 2.23395e-06 2.12407e-06 6.89435e-08 -1.50777e-05 8.84144e-07 4.25843e-06 7.72929e-06 2.70991e-05 4.24337e-05 -1.88268e-05 7.19275e-07 -4.06211e-06 6.78966e-06 2.40601e-05 -1.22674e-05 -2.37281e-05
internal_weight=2281 1560 71 42 1489 814 694 611 83 528 491 40 62 120 86 451 420 91 60 329 286 76 56 43 210 182 122 64 58 83
internal_count=2281 1560 71 42 1489 814 694 611 83 528 491 40 62 120 86 451 420 91 60 329 286 76 56 43 210 182 122 64 58 83
is_linear=0
shrinkage=0.05


Tree=39
num_leaves=31
num_cat=0
split_feature=0 5 4 5 1 6 3 2 6 5 3 2 4 1 4 6 5 0 2 3 4 1 0 1 1 6 2 1 3 1
split_gain=1.63047e-05 1.05739e-05 1.31924e-05 1.12713e-05 1.04126e-05 1.60044e-05 1.72421e-05 1.4713e-05 1.27752e-05 9.19543e-06 2.01704e-05 1.70485e-05 1.38987e-05 1.62834e-05 1.47679e-05 1.33169e-05 1.34563e-05 1.61748e-05 2.1136e-05 1.95737e-05 1.70714e-05 1.59388e-05 2.23483e-05 2.80107e-05 1.41758e-05 1.36731e-05 1.22504e-05 9.08359e-06 1.26133e-05 1.17719e-05
threshold=-0.37383375373099198 11.485228222750374 0.78008100505649092 12.492220778078513 0.0033614354895631 3.8115915812907941 -0.30122092435711684 0.058514912840217592 6.0700201637826634 14.225220190391221 -0.68544697864901083 -0.090864335947576716 -0.62162670498478056 -0.17021315532565451 -0.70081789589570265 9.3778995862278602 32.639064297213217 -0.51334551242424653 -0.069914721198334903 -0.64183958648050232 0.16284752655637094 -0.022321710025702587 -0.59550377143227251 0.062622672557854947 -0.10640055632187695 5.0064472460862373 0.006520761915662982 -0.016327361775740245 0.2202834020704906 -0.08049169061523366
decision_type=2 2 2 2 2 2 2 2 2 2 2 2 2 2 2 2 2 2 2 2 2 2 2 2 2 2 2 2 2 2
left_child=9 2 4 -3 5 -2 -7 8 -6 10 11 -1 14 -14 -11 16 17 18 -15 25 -21 24 23 26 -18 -20 -23 29 -29 -12
right_child=1 3 -4 -5 7 6 -8 -9 -10 12 27 -13 13 15 -16 -17 21 -19 19 20 -22 22 -24 -25 -26 -27 -28 28 -30 -31
leaf_value=-5.8563868115015801e-05 -5.5451070213542874e-05 3.3388703939801252e-05 2.0276426069661588e-05 3.8015702918783554e-06 3.2805435373173918e-06 1.4267164718176267e-05 -3.8577951012296677e-05 2.5763205992530637e-05 -4.4968414722066171e-05 -1.6537494714915132e-05 2.3187619427474042e-05 3.9417916165499871e-06 3.7525590735077422e-05 -3.4569565955422379e-05 -6.4344440415879946e-05 2.7149624754831447e-05 1.8171923338308087e-05 -4.8335912575375439e-05 5.8544129831803041e-07 1.3067083805422212e-05 -4.0917990168054531e-05 4.8200316186094741e-05 3.9751747875883204e-05 -3.7652531362810907e-05 -2.9170883844464868e-05 5.835123747601756e-05 -4.5650060862747273e-06 4.4349437817667115e-05 2.8203894268671954e-06 -2.9754209858115897e-05
leaf_weight=20 29 33 36 1310 34 33 29 33 23 84 21 24 21 64 20 26 21 38 21 27 32 22 43 36 64 20 22 41 33 21
leaf_count=20 29 33 36 1310 34 33 29 33 23 84 21 24 21 64 20 26 21 38 21 27 32 22 43 36 64 20 22 41 33 21
internal_value=-4.15597e-14 2.87389e-06 -7.36693e-06 4.52858e-06 -1.28651e-05 -2.47915e-05 -1.04507e-05 -8.06103e-07 -1.61883e-05 -6.21812e-06 4.35517e-06 -2.44699e-05 -9.23367e-06 -5.47932e-06 -2.57311e-05 -7.55066e-06 -9.75116e-06 -1.89429e-05 -1.21323e-05 2.22755e-06 -1.6213e-05 -8.24593e-07 1.06814e-05 -4.94393e-06 -1.74744e-05 2.87639e-05 2.18177e-05 1.52888e-05 2.58297e-05 -3.2833e-06
internal_weight=2281 1560 217 1343 181 91 62 90 57 721 160 44 561 457 104 436 410 202 164 100 59 208 123 80 85 41 44 116 74 42
internal_count=2281 1560 217 1343 181 91 62 90 57 721 160 44 561 457 104 436 410 202 164 100 59 208 123 80 85 41 44 116 74 42
is_linear=0
shrinkage=0.05


Tree=40
num_leaves=31
num_cat=0
split_feature=0 3 0 3 3 2 4 5 4 4 2 4 6 1 6 6 3 2 2 1 1 2 2 5 2 5 5 1 1 2
split_gain=1.52341e-05 1.321e-05 1.09961e-05 1.259e-05 2.18694e-05 3.00278e-05 1.75825e-05 2.06604e-05 1.64292e-05 2.95729e-05 1.39877e-05 1.31008e-05 1.23726e-05 1.32222e-05 1.21466e-05 1.20684e-05 1.40734e-05 1.18755e-05 1.35571e-05 2.3045e-05 2.26956e-05 1.53042e-05 1.32894e-05 1.23438e-05 1.21791e-05 1.49366e-05 1.75148e-05 1.17559e-05 1.44661e-05 1.42008e-05
threshold=0.63523503834813677 2.9549202078700429 -0.96021826446790937 -0.33404991186042121 -0.57079086303434201 -0.030288604504393819 0.90628862354506978 7.8072593161092678 -0.87018184273765753 -0.34074569106191427 0.26403857900698796 -0.92207146570226195 5.6546763443728105 -0.0045104078445801265 8.6146136687352133 6.8970771484392861 -0.42093965794495009 -0.3147363972096619 -0.090864335947576716 -0.10842812997397237 -0.076421164445306597 -0.034809703208537428 -0.38005926786110106 14.473986830983739 -0.13499660753906081 37.966384474378003 28.554627696894254 0.12528523184608173 0.023770556853130561 0.01713459981521738
decision_type=2 2 2 2 2 2 2 2 2 2 2 2 2 2 2 2 2 2 2 2 2 2 2 2 2 2 2 2 2 2
left_child=1 2 -1 4 6 14 7 -4 11 -10 12 -5 -7 -14 15 16 -6 22 19 -19 -20 -22 -11 -23 25 26 -21 28 29 -25
right_child=-2 -3 3 8 5 10 -8 -9 9 17 -12 -13 13 -15 -16 -17 -18 18 20 24 21 23 -24 27 -26 -27 -28 -29 -30 -31
leaf_value=-2.8404117644665376e-05 8.6391415055264023e-06 -3.6652038620054048e-05 -3.4558074775203645e-05 1.1479162003524836e-05 -1.8572799457162184e-05 -4.1246574633427936e-05 4.0849578655979715e-05 5.8309740449672233e-07 -1.3854337674530998e-05 8.5589549638351193e-06 -7.1447853842983021e-05 6.0463018425729218e-05 -3.0617530637755411e-05 1.7912974202772605e-05 -3.2346561420126817e-05 4.2825954229060288e-05 3.0741006590371562e-05 -2.6470498249347494e-05 2.4502932341549386e-05 2.2881407602164054e-05 -3.0825121051575045e-05 2.2005490411864794e-05 -4.6455396936618768e-05 1.735740095154465e-05 5.514428521013488e-05 5.2980251422451588e-05 -3.0625637346020082e-05 -3.9624925903765312e-05 1.9036811901305412e-05 -2.2796741580284681e-05
leaf_weight=37 417 27 45 39 39 65 25 593 227 23 20 21 32 25 20 22 23 22 102 65 42 58 21 31 33 27 20 21 63 76
leaf_count=37 417 27 45 39 39 65 25 593 227 23 20 21 32 25 20 22 23 22 102 65 42 58 21 31 33 27 20 21 63 76
internal_value=2.62605e-14 -1.93268e-06 -1.42238e-06 -8.67758e-07 -5.00778e-06 -1.77397e-05 -2.83706e-07 -1.89551e-06 3.3559e-06 1.53153e-06 -3.26896e-05 2.86235e-05 -2.63358e-05 -9.33222e-06 2.67254e-06 1.10104e-05 -2.78968e-07 7.31396e-06 9.27918e-06 2.12135e-05 4.20785e-06 -2.90589e-06 -1.76979e-05 1.80338e-06 2.84483e-05 2.05825e-05 1.02915e-05 -4.33129e-06 2.85072e-08 -1.11633e-05
internal_weight=2281 1864 1837 1800 909 246 663 638 891 831 142 60 122 57 104 84 62 604 560 167 393 291 44 249 145 112 85 191 170 107
internal_count=2281 1864 1837 1800 909 246 663 638 891 831 142 60 122 57 104 84 62 604 560 167 393 291 44 249 145 112 85 191 170 107
is_linear=0
shrinkage=0.05


Tree=41
num_leaves=31
num_cat=0
split_feature=0 1 5 5 5 2 2 1 0 2 2 0 1 5 1 4 3 3 4 6 5 5 0 6 6 5 4 5 5 0
split_gain=1.41963e-05 1.27083e-05 9.82153e-06 1.74216e-05 1.06807e-05 1.01493e-05 1.67858e-05 1.76055e-05 1.09144e-05 9.01262e-06 1.867e-05 1.19568e-05 1.08514e-05 2.35641e-05 1.42985e-05 1.32812e-05 2.1223e-05 1.4008e-05 1.51067e-05 1.11278e-05 9.59101e-06 9.44994e-06 9.81744e-06 2.53613e-05 2.6192e-05 1.98777e-05 1.57094e-05 1.33858e-05 1.23069e-05 9.49815e-06
threshold=0.14067091672819468 0.17463051368217522 44.785953064492269 43.913029428174788 43.239189349933653 -0.080288616560108952 0.010090823946590832 -0.032996112948545382 -0.57501651295062761 -0.44696350100489879 -0.3147363972096619 -0.96021826446790937 0.15650256315734476 31.822348856931097 0.1374559720123609 -0.46108138856704634 0.60852166914621597 -0.74794290630021509 -0.71273945326582988 6.434790508977045 24.902930147029192 42.203961627774838 -0.77688289829612067 5.0974618953276503 1.6697587795078224 28.554627696894254 0.17989602312254929 40.578162230660539 15.394057861946662 -0.44629455461774464
decision_type=2 2 2 2 2 2 2 2 2 2 2 2 2 2 2 2 2 2 2 2 2 2 2 2 2 2 2 2 2 2
left_child=2 -2 3 4 9 8 -7 -8 -4 -1 -11 -12 14 -14 15 16 17 19 -19 -13 -20 22 23 24 -17 28 -26 29 -25 -24
right_child=1 -3 5 -5 -6 6 7 -9 -10 10 11 12 13 -15 -16 21 -18 18 20 -21 -22 -23 27 25 26 -27 -28 -29 -30 -31
leaf_value=2.7668031613020937e-05 5.5278037608955518e-06 -2.5141247902606018e-05 -1.213663022099354e-06 -4.3341304338135731e-05 3.1236383490197894e-05 -3.344244597818553e-05 3.7679585524788963e-05 -1.1471168775307505e-05 4.6798803970008963e-05 -3.6564854079425338e-05 -3.5637022634499118e-05 2.5341975953779184e-05 4.4402271872540417e-05 -2.2008521095399788e-05 -3.8308292641886513e-05 3.9428713573101963e-05 1.800275768948987e-05 -1.4041250634666843e-05 -3.0125884743158948e-05 -2.2848413114527079e-05 -6.9788574829645882e-05 -3.0472006572305572e-05 -1.2716772687789417e-05 2.694859320172327e-05 -4.4693366342708824e-07 -3.7132295671783924e-06 -5.9545957777696793e-05 3.8501216404256415e-05 8.0577499118036314e-05 1.82086092342649e-06
leaf_weight=21 967 35 20 29 21 28 35 38 29 46 29 25 34 22 30 20 43 75 35 23 27 24 172 20 23 21 22 20 23 324
leaf_count=21 967 35 20 29 21 28 35 38 29 46 29 25 34 22 30 20 43 75 35 23 27 24 172 20 23 21 22 20 23 324
internal_value=-8.5472e-14 4.45653e-06 -3.49135e-06 -5.08842e-06 -4.07994e-06 8.52923e-06 -5.29776e-07 1.20943e-05 2.72019e-05 -4.76728e-06 -5.41108e-06 -3.995e-06 -3.06151e-06 1.83123e-05 -4.3527e-06 -3.21706e-06 -1.36388e-05 -2.09933e-05 -2.91372e-05 2.25075e-06 -4.73983e-05 3.34724e-07 1.48102e-06 1.38183e-05 -8.18025e-06 3.61606e-05 -2.93398e-05 -1.6033e-06 5.56338e-05 -3.22042e-06
internal_weight=2281 1002 1279 1129 1100 150 101 73 49 1079 1058 1012 983 56 927 897 228 185 137 48 62 669 645 129 65 64 45 516 43 496
internal_count=2281 1002 1279 1129 1100 150 101 73 49 1079 1058 1012 983 56 927 897 228 185 137 48 62 669 645 129 65 64 45 516 43 496
is_linear=0
shrinkage=0.05


Tree=42
num_leaves=31
num_cat=0
split_feature=0 3 3 3 2 2 5 2 2 5 0 5 3 4 4 3 0 3 4 5 4 0 1 0 0 6 1 2 3 6
split_gain=1.29816e-05 1.20722e-05 9.56992e-06 2.19634e-05 2.91235e-05 1.54673e-05 1.4393e-05 2.23681e-05 1.46934e-05 1.43884e-05 1.93847e-05 1.42019e-05 2.49675e-05 1.51572e-05 2.83345e-05 1.79135e-05 1.36376e-05 1.51577e-05 1.44826e-05 1.51103e-05 1.40563e-05 1.33634e-05 1.28973e-05 1.3332e-05 2.21069e-05 1.48546e-05 1.26995e-05 1.40244e-05 1.26667e-05 1.25261e-05
threshold=0.63523503834813677 2.9549202078700429 -0.33404991186042121 -0.57079086303434201 0.26403857900698796 -0.072666315959019734 13.395239866181198 -0.17491549823259869 0.36482284482138599 18.943180703899362 -0.5559200275963202 47.634770309625502 0.23635691324162703 -0.22855095933914668 -0.87018184273765753 0.16136018778233843 1.0000000180025095e-35 -0.78449413874650398 0.43624420508893219 31.639420358280216 0.79526203508284676 0.38039971945003109 -0.12022179758922634 -0.4302866036606095 -0.60174186753668235 4.595844011182602 -0.020511106465067316 -0.0023866914347959625 -0.86547212083953107 5.6546763443728105
decision_type=2 2 2 2 2 2 2 2 2 2 2 2 2 2 2 2 2 2 2 2 2 2 2 2 2 2 2 2 2 2
left_child=1 2 3 6 5 -5 7 -1 9 10 -8 13 -13 14 15 -4 20 18 19 -18 -11 -19 -16 24 25 -24 27 -9 -12 -7
right_child=-2 -3 11 4 -6 29 8 26 -10 16 28 12 -14 -15 22 -17 17 21 -20 -21 -22 -23 23 -25 -26 -27 -28 -29 -30 -31
leaf_value=-5.2665062685264279e-05 7.9749222254631577e-06 -3.497450073626641e-05 -1.368431832945914e-05 4.2542251900489314e-06 -7.3770926489184302e-05 -3.5586069027928604e-05 6.2877124808091177e-05 5.4568882114836015e-06 4.4612713307807487e-05 -1.2439033769737763e-05 3.6939082660648556e-05 7.1454329663538381e-05 -2.2528418858874598e-06 6.1024137319838111e-06 2.2250919672925111e-05 4.359442108323446e-05 3.1861133968935038e-05 4.6420951548498124e-05 -3.302360847296119e-05 -1.3028409999923211e-05 2.5612566912092951e-05 -1.7888300862978213e-07 5.7345089517942449e-06 -2.6140911611744541e-05 3.5690681289890089e-05 -4.4449601152556514e-05 9.6520775826578376e-06 -5.1791999589034313e-05 -1.2450269765823205e-05 -6.1596890852590817e-06
leaf_weight=30 417 27 21 88 21 80 21 20 21 240 21 20 27 533 22 39 37 40 28 38 27 25 30 162 27 29 67 23 34 66
leaf_count=30 417 27 21 88 21 80 21 20 21 240 21 20 27 533 22 39 37 40 28 38 27 25 30 162 27 29 67 23 34 66
internal_value=3.98377e-14 -1.78409e-06 -1.29626e-06 -4.87187e-06 -1.73657e-05 -1.23036e-05 -1.30929e-07 -1.43953e-05 3.62285e-06 1.93834e-06 2.20109e-05 2.34615e-06 2.91119e-05 8.88454e-07 -7.53288e-06 2.35469e-05 -1.5686e-06 9.59219e-06 -2.33863e-06 9.1171e-06 -8.59112e-06 2.84979e-05 -1.44395e-05 -1.76943e-05 -1.7832e-06 -1.89323e-05 -3.95808e-06 -2.51646e-05 6.40748e-06 -2.22837e-05
internal_weight=2281 1864 1837 927 255 234 672 140 532 511 76 910 47 863 330 60 435 168 103 75 267 65 270 248 86 59 110 43 55 146
internal_count=2281 1864 1837 927 255 234 672 140 532 511 76 910 47 863 330 60 435 168 103 75 267 65 270 248 86 59 110 43 55 146
is_linear=0
shrinkage=0.05


Tree=43
num_leaves=31
num_cat=0
split_feature=0 5 2 5 4 6 5 3 5 0 6 6 5 4 3 3 3 6 1 0 4 0 6 5 0 6 5 6 2 6
split_gain=1.28931e-05 9.17604e-06 1.40566e-05 1.6821e-05 8.70441e-06 9.93654e-06 1.11078e-05 1.60482e-05 1.1206e-05 2.80329e-05 2.14873e-05 2.63122e-05 1.96381e-05 1.43977e-05 1.43952e-05 1.39561e-05 1.08955e-05 9.98178e-06 1.13177e-05 9.71924e-06 8.83794e-06 8.77491e-06 8.23773e-06 1.4006e-05 2.49567e-05 8.08186e-06 8.03925e-06 1.35128e-05 1.90619e-05 7.99017e-06
threshold=-0.37383375373099198 48.145720959483263 -0.045882381572835106 48.850854081522257 -0.93881948295083362 9.5123381283987616 14.225220190391221 -0.68544697864901083 32.311851874211307 -0.6312989076283344 4.8971684211248965 5.9591510278833502 22.858063868916606 -0.22855095933914668 0.48507007190712464 0.12694001953472814 -0.35578318436981804 6.5262232445670216 -0.016327361775740245 -0.60174186753668235 -0.70081789589570265 -0.83916474058123303 2.3138247138519152 39.727446836294121 -0.66547550983998027 5.5440963434752462 7.9626108561449209 3.9287251099017277 0.046302374624767169 3.9850331865175286
decision_type=2 2 2 2 2 2 2 2 2 2 2 2 2 2 2 2 2 2 2 2 2 2 2 2 2 2 2 2 2 2
left_child=4 26 -3 -4 -1 6 7 -6 9 10 12 -12 -8 19 22 -14 -11 18 -9 20 -10 -13 -15 24 -24 -25 27 -2 -29 -28
right_child=1 2 3 -5 5 -7 8 17 13 16 11 21 15 14 -16 -17 -18 -19 -20 -21 -22 -23 23 25 -26 -27 29 28 -30 -31
leaf_value=-3.6496442606386902e-05 -3.7582191137463435e-05 4.689030125707083e-05 3.3272830235849446e-05 -3.0012304880853792e-05 -2.049901285340084e-05 2.3596701539645436e-05 7.7141244016982248e-06 -1.6434824124923082e-05 -5.6120112421922389e-06 -5.6222483663473019e-05 6.2844530267674209e-05 -2.9421649610412718e-05 -6.0238387826564464e-05 3.5042013613357472e-05 -2.0323728184242405e-05 -8.0969466320571621e-06 -2.1420043373671599e-05 4.193236288431633e-05 2.2017695941030979e-05 6.5002638361225512e-06 -4.3695185013348237e-05 1.255013357325824e-05 -5.3629075340549687e-05 -1.2214581299000808e-06 2.2574794208842586e-05 3.8013762106337324e-05 7.4952467502900243e-06 -2.1140169235131443e-05 3.3512455896319197e-05 -2.9754716481010458e-07
leaf_weight=22 34 29 21 21 41 30 36 31 25 46 21 20 33 35 39 21 44 28 50 28 39 33 21 21 22 35 535 39 27 854
leaf_count=22 34 29 21 21 41 30 36 31 25 46 21 20 33 35 39 21 44 28 50 28 39 33 21 21 22 35 535 39 27 854
internal_value=4.62896e-15 2.55559e-06 2.01168e-05 1.63026e-06 -5.52943e-06 -4.55479e-06 -5.81718e-06 6.16701e-06 -9.28082e-06 -1.67853e-05 -4.48011e-06 1.54791e-05 -2.0891e-05 -2.0879e-06 6.41105e-06 -3.99612e-05 -3.9208e-05 1.61974e-05 7.3013e-06 -1.80696e-05 -2.88189e-05 -3.28828e-06 1.41921e-05 6.82087e-06 -1.4641e-05 2.33006e-05 1.71822e-06 -1.19742e-05 1.21772e-06 2.704e-06
internal_weight=2281 1560 71 42 721 699 669 150 519 254 164 74 90 265 173 54 90 109 81 92 64 53 134 99 43 56 1489 100 66 1389
internal_count=2281 1560 71 42 721 699 669 150 519 254 164 74 90 265 173 54 90 109 81 92 64 53 134 99 43 56 1489 100 66 1389
is_linear=0
shrinkage=0.05


Tree=44
num_leaves=31
num_cat=0
split_feature=0 1 3 3 3 3 2 3 0 2 3 4 3 6 3 2 0 4 6 6 0 3 6 3 4 1 6 1 4 6
split_gain=1.16969e-05 1.14326e-05 9.07803e-06 2.89486e-05 1.9252e-05 1.67927e-05 1.82666e-05 2.24202e-05 2.73322e-05 1.70079e-05 2.53011e-05 1.76779e-05 1.44286e-05 1.44225e-05 1.44077e-05 1.48473e-05 1.35657e-05 1.30013e-05 1.26268e-05 1.24094e-05 1.03203e-05 1.00831e-05 9.49069e-06 8.90091e-06 9.12403e-06 8.89458e-06 2.22072e-05 1.07303e-05 9.85259e-06 1.48589e-05
threshold=0.14067091672819468 0.18328908454556667 -0.34297251308694093 -0.57690528009463471 -0.28313538754222234 -0.24152287155302957 -0.33985894784331444 -0.052644255009194778 0.2391772923576703 0.17805323044718988 0.39221797174191114 -0.34074569106191427 -0.64183958648050232 7.179485412135044 -0.4582901117237112 -0.011307474168437777 0.62232311887197056 0.22807480542121419 5.1240330128844827 5.6546763443728105 0.60857885374055321 1.5626551305063188 5.5979733506623717 -0.98562195778879913 -0.96692342614945248 0.15882756988951255 4.6914368202005656 0.1399841568032667 0.8938787192571761 5.3341607145920911
decision_type=2 2 2 2 2 2 2 2 2 2 2 2 2 2 2 2 2 2 2 2 2 2 2 2 2 2 2 2 2 2
left_child=23 2 3 12 -4 -6 -7 17 -9 11 -11 16 -2 21 15 -5 -10 18 -8 -14 -15 22 -13 -1 -25 27 -27 28 -26 -30
right_child=1 -3 4 14 5 6 7 8 9 10 -12 13 19 20 -16 -17 -18 -19 -20 -21 -22 -23 -24 24 25 26 -28 -29 29 -31
leaf_value=-3.5452796973480698e-05 3.9046139889948904e-06 -2.9342419853492177e-05 4.9219417407333948e-05 -1.1504502225235277e-05 -3.2633543189149351e-05 -2.8836304233570038e-05 2.918405066122345e-05 4.5958604391103106e-05 -4.3226732328776053e-05 -1.2312421167735012e-05 6.2490200728531757e-05 -3.3004291785269366e-06 5.9990609900958831e-05 5.0752694573020563e-05 -2.2793452784862639e-06 -5.5703967614375111e-05 -1.5093787576341511e-06 9.9264983343042956e-06 8.4695611326424122e-05 9.1006454022135598e-06 6.9154521670184449e-06 2.3275681680253776e-05 -4.1958872170653197e-05 -3.5311445771228701e-05 -3.3999276364054519e-06 -2.3247907618339094e-05 3.8135525507486153e-05 -3.0334390155206036e-05 3.8263809045386352e-05 -8.5627118878051089e-06
leaf_weight=21 292 25 29 38 25 29 21 40 40 20 26 77 23 25 71 38 38 24 20 25 29 27 20 21 1070 23 41 35 36 32
leaf_count=21 292 25 29 38 25 29 21 40 40 20 26 77 23 25 71 38 38 24 20 25 29 27 20 21 1070 23 41 35 36 32
internal_value=-4.17591e-14 4.04524e-06 4.89958e-06 6.50761e-08 9.70449e-06 7.21873e-06 9.50384e-06 1.22357e-05 7.11963e-06 1.9754e-06 2.99673e-05 -3.0544e-06 8.08073e-06 5.64325e-06 -1.84745e-05 -3.36042e-05 -2.29029e-05 3.91541e-05 5.62629e-05 3.34854e-05 2.72105e-05 -3.74893e-06 -1.12712e-05 -3.16914e-06 -2.63022e-06 -2.07541e-06 1.60759e-05 -3.06576e-06 -2.22709e-06 1.62278e-05
internal_weight=2281 1002 977 487 490 461 436 407 342 302 46 256 340 178 147 76 78 65 41 48 54 124 97 1279 1258 1237 64 1173 1138 68
internal_count=2281 1002 977 487 490 461 436 407 342 302 46 256 340 178 147 76 78 65 41 48 54 124 97 1279 1258 1237 64 1173 1138 68
is_linear=0
shrinkage=0.05


Tree=45
num_leaves=31
num_cat=0
split_feature=0 0 2 4 6 6 4 1 2 5 1 2 0 4 5 5 1 4 2 5 3 3 5 3 2 4 3 3 3 0
split_gain=1.10729e-05 1.89685e-05 1.47879e-05 1.82973e-05 1.31241e-05 1.9709e-05 1.54815e-05 2.23786e-05 1.22913e-05 1.31492e-05 1.22643e-05 1.08023e-05 9.57373e-06 9.57171e-06 8.87664e-06 1.85413e-05 1.64085e-05 1.33301e-05 1.67059e-05 2.52848e-05 1.6306e-05 3.40537e-05 1.07095e-05 1.03641e-05 1.97108e-05 1.76786e-05 1.0346e-05 1.06846e-05 1.98899e-05 1.01771e-05
threshold=-0.59550377143227251 -0.64542144108290711 -0.30332228474949191 0.6168249796539651 5.5440963434752462 9.0135843274801761 -0.38325033740254361 0.018452910821692082 -0.12768241218289447 19.919345958711123 0.0033614354895631 -0.17197172154792564 -0.5559200275963202 0.17989602312254929 23.364548262066254 23.859358083071729 0.18328908454556667 0.13921650137983113 -0.14680723910145349 45.843113204167182 -0.20633215711945055 -0.61955277040341106 22.858063868916606 -0.79459932159408797 -0.062622321917577689 0.56814453083170435 -0.65573553539937912 -0.4923842030989572 -0.57079086303434201 -0.077743767342540057
decision_type=2 2 2 2 2 2 2 2 2 2 2 2 2 2 2 2 2 2 2 2 2 2 2 2 2 2 2 2 2 2
left_child=1 2 -1 4 8 6 -6 -8 11 10 -10 -4 -2 -11 22 -16 17 18 19 20 21 -17 -14 24 -19 -26 -25 28 -28 -29
right_child=12 -3 3 -5 5 -7 7 -9 9 13 -12 -13 14 -15 15 16 -18 23 -20 -21 -22 -23 -24 26 25 -27 27 29 -30 -31
leaf_value=-3.6475983752977976e-05 2.7339570252454199e-05 -3.4629046691676469e-05 -1.4680561261312424e-05 2.0765402116751377e-05 -1.3004895354242763e-05 -3.7638456168402308e-05 2.483062707495042e-06 5.399848183465971e-05 4.0724636677292767e-05 -8.9033132751149533e-06 -1.0958986537919676e-05 -6.5452791523057393e-05 -1.8666426231702773e-06 -4.6177116640440852e-05 5.1948668669865583e-05 -1.5653427410850582e-05 -3.4409384839558958e-05 -3.7418082113921023e-05 -6.055083966592909e-06 5.5535503096162477e-05 -2.0605567911502476e-05 5.412324997664922e-05 -3.7292211585405644e-05 3.7988649091857957e-05 4.6711166685947157e-05 -1.7425619729952553e-05 1.9828503164994208e-05 1.3337439316185944e-06 -4.8349091666750614e-05 2.1537644043125929e-05
leaf_weight=31 36 54 22 80 40 23 49 37 22 61 24 20 705 24 20 36 28 30 401 29 44 34 22 41 22 21 23 93 20 189
leaf_count=31 36 54 22 80 40 23 49 37 22 61 24 20 705 24 20 36 28 30 401 29 44 34 22 41 22 21 23 93 20 189
internal_value=-4.10339e-14 -6.68627e-06 -3.20149e-06 -6.35545e-07 -5.95255e-06 4.92439e-06 1.26938e-05 2.46467e-05 -1.53205e-05 -7.77425e-06 1.37593e-05 -3.88578e-05 1.81506e-06 -1.94277e-05 1.29237e-06 4.27585e-06 3.33277e-06 4.40782e-06 -8.22678e-07 1.385e-05 3.24581e-06 1.82381e-05 -2.93867e-06 1.08894e-05 -6.31281e-06 1.53886e-05 1.43204e-05 1.13345e-05 -1.1882e-05 1.48747e-05
internal_weight=2281 487 433 402 322 149 126 86 173 131 46 42 1794 85 1758 1031 1011 983 544 143 114 70 727 439 73 43 366 325 43 282
internal_count=2281 487 433 402 322 149 126 86 173 131 46 42 1794 85 1758 1031 1011 983 544 143 114 70 727 439 73 43 366 325 43 282
is_linear=0
shrinkage=0.05


Tree=46
num_leaves=31
num_cat=0
split_feature=0 3 4 2 3 1 1 2 6 2 4 4 2 6 0 0 3 0 2 2 1 0 0 4 6 1 0 1 0 3
split_gain=1.02192e-05 1.11118e-05 9.09945e-06 1.16538e-05 1.17522e-05 1.22355e-05 2.09303e-05 1.45684e-05 1.14714e-05 1.0331e-05 9.29152e-06 1.42624e-05 1.15716e-05 9.88298e-06 9.0695e-06 9.50469e-06 9.21307e-06 1.13783e-05 1.45722e-05 1.39087e-05 2.315e-05 2.14556e-05 1.46499e-05 1.11224e-05 9.44428e-06 2.89769e-05 2.15432e-05 1.51439e-05 1.40218e-05 1.57979e-05
threshold=0.63523503834813677 2.9549202078700429 0.41425813188006749 0.26823453707691286 1.0414017865735412 -0.038739243527770716 -0.12881596291288308 -0.24067413254431028 2.747166807090534 0.015027904886248946 -0.47907558979182446 -0.27181971168082814 -0.0071411113928265017 5.4463009246140555 0.59700937062134984 0.61427489443132666 0.85674083986514638 -0.27452380448473174 0.31155604481662641 0.13744395751970309 -0.071312402453944421 0.39164780715341968 0.078503518590905222 -0.32632954325563662 4.9584711698825172 0.13172121600369019 0.26680461082714929 0.056994430649668949 0.48938576675700701 0.30818220778653477
decision_type=2 2 2 2 2 2 2 2 2 2 2 2 2 2 2 2 2 2 2 2 2 2 2 2 2 2 2 2 2 2
left_child=1 14 3 4 5 6 -2 -7 9 -4 12 -12 -9 -13 16 -16 17 -1 19 24 -21 22 -22 -20 27 26 -26 28 29 -19
right_child=2 -3 8 -5 -6 7 -8 10 -10 -11 11 13 -14 -15 15 -17 -18 18 23 20 21 -23 -24 -25 25 -27 -28 -29 -30 -31
leaf_value=-6.5393736111579197e-06 3.020088276927076e-05 -3.3425716039211559e-05 1.4848815535515316e-05 -2.8012853187553039e-05 -1.9824276970235262e-05 -1.7920306534809547e-05 -2.9136097841079131e-05 -1.7261988606757465e-05 8.2384438971325099e-06 6.5669628734212897e-05 6.8427742956808529e-05 2.9865365538552721e-06 3.0884002094703294e-05 4.6244495657130919e-05 -4.3075089535285283e-05 -7.1974193108164606e-07 8.9487983789998297e-06 3.3661754159034359e-06 5.7273544771305749e-05 1.8836663672025167e-05 -3.2589778832061712e-05 -6.3727660025441374e-05 1.2415358116523942e-05 8.4536828840750135e-06 -6.1015955864939202e-06 5.2935830520335217e-05 2.0542753135487146e-05 -2.0046998354570991e-05 -3.4575927323506524e-05 4.8335001371345824e-05
leaf_weight=711 23 27 20 29 39 24 42 24 93 20 23 31 26 23 26 27 225 174 20 39 40 28 33 28 193 34 125 91 21 22
leaf_count=711 23 27 20 29 39 24 42 24 93 20 23 31 26 23 26 27 225 174 20 39 40 28 33 28 193 34 125 91 21 22
internal_value=-1.83913e-14 -1.58293e-06 7.07574e-06 2.02126e-06 5.4369e-06 9.99795e-06 -8.13994e-06 1.78056e-05 1.78688e-05 4.02592e-05 2.4557e-05 3.54551e-05 7.77393e-06 2.14112e-05 -1.11491e-06 -2.14978e-05 -5.09362e-07 -1.8744e-06 2.03693e-06 4.31423e-07 -1.38831e-05 -2.65174e-05 -1.2245e-05 2.87953e-05 3.46783e-06 9.06265e-06 4.37181e-06 -2.92626e-06 4.25341e-06 8.4137e-06
internal_weight=2281 1864 417 284 255 216 65 151 133 40 127 77 50 54 1837 53 1784 1559 848 800 140 101 73 48 660 352 318 308 217 196
internal_count=2281 1864 417 284 255 216 65 151 133 40 127 77 50 54 1837 53 1784 1559 848 800 140 101 73 48 660 352 318 308 217 196
is_linear=0
shrinkage=0.05


Tree=47
num_leaves=31
num_cat=0
split_feature=0 0 2 4 6 6 4 1 2 5 1 2 0 1 0 3 1 4 5 2 2 5 2 6 2 4 4 5 3 0
split_gain=9.23005e-06 1.71187e-05 1.3321e-05 1.6485e-05 1.18317e-05 1.77735e-05 1.39622e-05 2.02059e-05 1.11121e-05 1.18416e-05 1.11067e-05 9.73769e-06 9.40032e-06 2.0415e-05 1.73084e-05 2.26592e-05 1.08526e-05 1.01818e-05 8.91447e-06 1.30548e-05 1.17714e-05 1.64152e-05 8.8692e-06 1.3313e-05 8.66947e-06 8.62325e-06 8.57138e-06 1.01212e-05 8.40963e-06 8.03813e-06
threshold=-0.59550377143227251 -0.64542144108290711 -0.30332228474949191 0.6168249796539651 5.5440963434752462 9.0135843274801761 -0.38325033740254361 0.018452910821692082 -0.12768241218289447 19.919345958711123 0.0033614354895631 -0.17197172154792564 -0.51334551242424653 0.048348532705376479 -0.4302866036606095 -0.39170310342750658 0.049505838879582854 -0.068161943117494891 48.145720959483263 0.43627643121025311 -0.045882381572835106 48.850854081522257 0.34713760348066897 4.3940469784576601 0.046302374624767169 0.17989602312254929 0.20124448855065938 10.138172235008787 -0.14457454848663157 0.85922679659039902
decision_type=2 2 2 2 2 2 2 2 2 2 2 2 2 2 2 2 2 2 2 2 2 2 2 2 2 2 2 2 2 2
left_child=1 2 -1 4 8 6 -6 28 11 10 -10 -4 13 -2 15 16 -14 -17 19 22 -20 -22 26 -24 -5 -11 27 -16 -8 -28
right_child=12 -3 3 24 5 -7 7 -9 9 25 -12 -13 14 -15 18 17 -18 -19 20 -21 21 -23 23 -25 -26 -27 29 -29 -30 -31
leaf_value=-3.4375177077186717e-05 -2.9512008268284262e-06 -3.2649904216197209e-05 -1.3725165279703852e-05 3.3746810428984899e-05 -1.2105122796128855e-05 -3.5496904583060713e-05 -1.4610845829369721e-05 5.1541806361284053e-05 3.8970877292079173e-05 -8.1946546116774166e-06 -1.021313697341005e-05 -6.1930623955959164e-05 -6.7565135745098817e-05 4.5262775876452863e-05 -1.6378758455608649e-05 -1.8686993928934935e-05 -1.8150193154724546e-05 2.889166940307901e-05 4.3829857857982184e-05 4.1345652280142529e-05 3.2791699380719697e-05 -2.9010820340079678e-05 1.0221870875568585e-05 -4.3600191538980995e-05 3.1149628270985423e-07 -4.3573559120583624e-05 4.1229599043130612e-06 1.7984491022729382e-07 2.7533806751307569e-05 2.4332088502921612e-05
leaf_weight=31 52 54 22 47 40 23 29 37 22 61 24 20 25 38 105 23 20 22 29 20 22 21 20 27 33 24 554 762 20 54
leaf_count=31 52 54 22 47 40 23 29 37 22 61 24 20 25 38 105 23 20 22 29 20 22 21 20 27 33 24 554 762 20 54
internal_value=6.60959e-14 -6.10458e-06 -2.79408e-06 -3.58725e-07 -5.40555e-06 4.92198e-06 1.23e-05 2.36513e-05 -1.43004e-05 -7.12516e-06 1.33097e-05 -3.66801e-05 1.65715e-06 1.74058e-05 8.25358e-07 -2.05146e-05 -4.56029e-05 4.57369e-06 2.01532e-06 1.21237e-06 1.92119e-05 2.60907e-06 6.84991e-07 -2.06972e-05 1.99547e-05 -1.8184e-05 1.36632e-06 -1.82552e-06 2.59105e-06 5.91785e-06
internal_weight=2281 487 433 402 322 149 126 86 173 131 46 42 1794 90 1704 90 45 45 1614 1542 72 43 1522 47 80 85 1475 867 49 608
internal_count=2281 487 433 402 322 149 126 86 173 131 46 42 1794 90 1704 90 45 45 1614 1542 72 43 1522 47 80 85 1475 867 49 608
is_linear=0
shrinkage=0.05


Tree=48
num_leaves=31
num_cat=0
split_feature=0 0 2 2 3 2 1 0 5 4 2 2 2 4 3 5 3 4 2 3 6 4 1 4 6 6 2 5 0 6
split_gain=9.00364e-06 7.84163e-06 1.07682e-05 1.14723e-05 1.05593e-05 1.00113e-05 1.78736e-05 1.51623e-05 1.1402e-05 1.85921e-05 8.01756e-06 1.47455e-05 1.78437e-05 7.23511e-06 1.60557e-05 1.93483e-05 1.46957e-05 1.99401e-05 1.87041e-05 1.3198e-05 1.91908e-05 1.78966e-05 1.44182e-05 1.75311e-05 1.31568e-05 1.31012e-05 1.09549e-05 1.01085e-05 1.26029e-05 1.70115e-05
threshold=-0.96021826446790937 0.7787534216865436 0.26823453707691286 0.13744395751970309 2.9549202078700429 0.027882582535424794 -0.11326664027182719 0.88113782946825492 34.986468588737125 -0.47907558979182446 0.43627643121025311 0.40163816837399496 0.37202350684239499 -0.37902838571384961 -0.75818374843964476 28.554627696894254 -0.35242061252951823 -0.87018184273765753 -0.13833435266150454 -0.052644255009194778 2.747166807090534 -0.68417868220748801 -0.098781975775424261 -0.64982830754523491 6.434790508977045 5.0403044725071053 -0.3496492295202564 18.640266544214878 -0.21801246744272459 4.571315569843807
decision_type=2 2 2 2 2 2 2 2 2 2 2 2 2 2 2 2 2 2 2 2 2 2 2 2 2 2 2 2 2 2
left_child=-1 4 3 5 10 6 -3 -7 9 -8 11 12 13 14 15 25 18 -18 -16 21 -21 -19 -22 -24 -17 -2 -15 -20 -29 -30
right_child=1 2 -4 -5 -6 7 8 -9 -10 -11 -12 -13 -14 26 16 24 17 19 27 20 22 -23 23 -25 -26 -27 -28 28 29 -31
leaf_value=-2.4463974461862045e-05 2.3071680166489947e-06 5.6927805744635413e-05 -2.1199574446115917e-05 3.5457704258755428e-05 -3.0605156750645053e-05 1.5366630395874382e-05 -4.0950599650386725e-05 -4.4717287562976014e-05 2.6726681995188663e-05 1.1052327291426164e-05 2.7922335122639201e-05 -4.0371345383628859e-05 4.6883496670488969e-05 -1.9102024269511362e-05 1.2866673116898329e-05 9.1849621667554885e-06 2.2942387742228151e-05 -1.764366102981833e-05 -6.6451411305823775e-06 -4.8669808137147863e-05 -4.6578246401622894e-05 3.294034248584568e-05 -2.5059300643500518e-05 1.7656273720259097e-05 -4.073313946057831e-05 4.8368542756131659e-05 2.4234518585160504e-06 -6.1534596440921904e-05 1.1703416125133767e-05 -4.4922842425876298e-05
leaf_weight=37 26 20 27 43 29 21 25 21 43 55 25 23 20 62 31 33 59 34 33 38 20 36 41 58 22 38 1267 37 21 36
leaf_count=37 26 20 27 43 29 21 25 21 43 55 25 23 20 62 31 33 59 34 33 38 20 36 41 58 22 38 1267 37 21 36
internal_value=2.72249e-14 4.03372e-07 8.65822e-06 1.2194e-05 -6.54941e-07 6.78677e-06 1.30903e-05 -1.46753e-05 5.96228e-06 -5.19859e-06 -2.118e-07 -5.75291e-07 -9.65723e-08 -5.9319e-07 -5.3437e-06 1.09661e-05 -9.71502e-06 -2.9539e-06 -2.19535e-05 -9.68466e-06 -1.77349e-05 8.37097e-06 -7.85657e-06 -3.40147e-08 -1.07823e-05 2.96561e-05 1.41925e-06 -3.04529e-05 -3.8811e-05 -2.40605e-05
internal_weight=2281 2244 255 228 1989 185 143 42 123 80 1960 1935 1912 1892 563 119 444 286 158 227 157 70 119 99 55 64 1329 127 94 57
internal_count=2281 2244 255 228 1989 185 143 42 123 80 1960 1935 1912 1892 563 119 444 286 158 227 157 70 119 99 55 64 1329 127 94 57
is_linear=0
shrinkage=0.05


Tree=49
num_leaves=31
num_cat=0
split_feature=0 0 2 2 3 2 1 0 5 4 0 3 2 2 3 0 6 5 2 3 3 4 6 0 6 2 2 2 6 6
split_gain=8.12579e-06 7.07707e-06 9.71833e-06 1.03537e-05 9.5298e-06 9.03518e-06 1.61309e-05 1.3684e-05 1.02903e-05 1.67794e-05 7.68935e-06 1.48918e-05 1.26068e-05 1.44826e-05 1.14308e-05 9.56346e-06 1.82485e-05 9.89212e-06 1.8983e-05 2.3778e-05 1.93792e-05 1.14911e-05 1.1084e-05 1.71393e-05 1.11994e-05 1.10652e-05 9.33256e-06 8.79917e-06 1.15487e-05 1.43297e-05
threshold=-0.96021826446790937 0.7787534216865436 0.26823453707691286 0.13744395751970309 2.9549202078700429 0.027882582535424794 -0.11326664027182719 0.88113782946825492 34.986468588737125 -0.47907558979182446 -0.88535438389404075 -0.60183818107015941 0.43627643121025311 0.40163816837399496 0.048658382120152728 -0.59550377143227251 0.73273978198999679 29.483041512280213 -0.13136416718252153 -0.71668447922607148 -0.7513853761766357 0.52387690839467826 8.5048719148361673 -0.64542144108290711 5.5440963434752462 0.015027904886248946 -0.034809703208537428 0.31155604481662641 9.2469345006786323 9.6802631901664551
decision_type=2 2 2 2 2 2 2 2 2 2 2 2 2 2 2 2 2 2 2 2 2 2 2 2 2 2 2 2 2 2
left_child=-1 4 3 5 10 6 -3 -7 9 -8 11 -2 13 15 -13 16 -12 18 19 -18 -20 25 23 24 -19 -22 -26 28 -17 -30
right_child=1 2 -4 -5 -6 7 8 -9 -10 -11 12 14 -14 -15 -16 27 17 22 20 -21 21 -23 -24 -25 26 -27 -28 -29 29 -31
leaf_value=-2.3240775491914877e-05 4.4338974834902601e-05 5.4081415655673488e-05 -2.0139597850006627e-05 3.3684818832668057e-05 -2.907489888927777e-05 1.4598298661266675e-05 -3.8903069333173334e-05 -4.248142388297267e-05 2.5390348140146756e-05 1.0499710161556406e-05 -4.9519301959662696e-05 -1.8450363796936086e-05 3.5116682803012129e-05 -4.2642061834201397e-05 2.4849736370958491e-05 -1.1962395676718476e-06 -6.1665676714090471e-05 -1.6639489376757411e-05 5.3310733201215043e-05 3.9747572422178613e-06 3.5215729682628692e-05 -2.5263321382226426e-05 -4.853808301656197e-05 -5.0250985822501771e-05 -3.4275404966767659e-06 -4.8678583438130676e-06 4.0820385054923302e-05 2.0129287479089968e-05 3.0913434736790092e-05 -6.15326143609061e-06
leaf_weight=37 28 20 27 43 29 21 25 21 43 55 25 35 24 21 27 1315 22 52 25 37 33 25 21 21 26 36 22 57 64 44
leaf_count=37 28 20 27 43 29 21 25 21 43 55 25 35 24 21 27 1315 22 52 25 37 33 25 21 21 26 36 22 57 64 44
internal_value=3.28423e-14 3.83204e-07 8.22531e-06 1.15843e-05 -6.22194e-07 6.44743e-06 1.24358e-05 -1.39416e-05 5.66417e-06 -4.93866e-06 -2.0121e-07 1.40741e-05 -8.88259e-07 -1.35636e-06 4.06131e-07 -8.81294e-07 -8.37795e-06 -5.16378e-06 2.6881e-06 -2.05013e-05 1.41854e-05 3.77971e-06 -1.50063e-05 -9.18671e-06 -5.6321e-07 1.43026e-05 1.68528e-05 8.66237e-07 9.4632e-08 1.58122e-05
internal_weight=2281 2244 255 228 1989 185 143 42 123 80 1960 90 1870 1846 62 1825 345 320 178 59 119 94 142 121 100 69 48 1480 1423 108
internal_count=2281 2244 255 228 1989 185 143 42 123 80 1960 90 1870 1846 62 1825 345 320 178 59 119 94 142 121 100 69 48 1480 1423 108
is_linear=0
shrinkage=0.05


Tree=50
num_leaves=31
num_cat=0
split_feature=0 1 2 2 0 0 1 5 1 5 6 0 3 5 5 0 5 4 1 1 1 1 2 3 0 0 0 0 5 2
split_gain=7.42577e-06 9.77056e-06 9.07595e-06 1.16153e-05 1.0029e-05 1.08838e-05 1.51607e-05 1.94478e-05 1.5799e-05 1.11199e-05 2.14348e-05 1.70951e-05 1.10054e-05 1.28592e-05 1.07546e-05 1.15237e-05 1.09716e-05 1.03715e-05 1.15843e-05 2.40613e-05 1.90637e-05 1.59847e-05 2.06115e-05 1.89851e-05 1.71677e-05 1.52081e-05 1.83301e-05 1.62504e-05 1.67708e-05 1.46063e-05
threshold=0.14067091672819468 0.17463051368217522 -0.44696350100489879 -0.3147363972096619 -0.96021826446790937 -0.88535438389404075 0.15650256315734476 22.710297585034791 0.1399841568032667 45.400466661734519 3.5872283718393732 -0.4226757099890443 -0.60183818107015941 31.822348856931097 43.913029428174788 0.044976089436798435 27.738101809844114 0.8656444509275818 -0.011436695221723308 0.036984744021706255 0.080222300630467439 -0.036286536636110193 0.0053808986160048195 -0.33404991186042121 -0.73574655380358955 -0.46100715753362936 -0.72085488459164515 -0.29878550998422221 32.017170047775174 -0.15575452880895549
decision_type=2 2 2 2 2 2 2 2 2 2 2 2 2 2 2 2 2 2 2 2 2 2 2 2 2 2 2 2 2 2
left_child=2 -2 -1 -4 -5 12 8 -8 9 14 -11 -12 -6 -14 15 17 -17 18 21 25 -21 22 29 -23 -24 26 -20 -27 -29 -7
right_child=1 -3 3 4 5 6 7 -9 -10 10 11 -13 13 -15 -16 16 -18 -19 19 20 -22 23 24 -25 -26 27 -28 28 -30 -31
leaf_value=2.6714392599667638e-05 4.1624686786204504e-06 -2.2729116551220486e-05 -2.5388650010427229e-05 -2.8857666765201006e-05 4.2249349065025821e-05 -1.0825335467643528e-05 6.0541457683679511e-05 8.6012122175396566e-07 -4.1153431980741777e-05 4.5001555950233629e-05 -3.2513658566288009e-05 1.9397716064954043e-05 -1.9241170147476323e-05 2.7450929946067407e-05 -3.0500771073349874e-05 -9.0886183692041321e-06 -4.9271714960923428e-05 1.9543407220140271e-05 2.7332270137241506e-05 -2.3769070693814093e-05 6.7034098042980942e-06 -6.3990154335947914e-05 -5.7984373921973875e-05 -9.727447222758201e-06 -1.0890321388361656e-05 6.8601260574041595e-05 -2.5391912026861976e-05 4.2192325684785224e-05 -1.6916988888624475e-05 1.9742468666385213e-05
leaf_weight=26 967 35 56 34 27 65 21 39 28 34 29 35 30 29 39 53 25 53 34 97 109 27 23 40 122 24 32 30 20 98
leaf_count=26 967 35 56 34 27 65 21 39 28 34 29 35 30 29 39 53 25 53 34 97 109 27 23 40 122 24 32 30 20 98
internal_value=-6.67792e-14 3.22314e-06 -2.52509e-06 -3.13181e-06 -2.09056e-06 -1.30803e-06 -2.67485e-06 2.17486e-05 -4.11576e-06 -3.06717e-06 1.29192e-05 -4.12463e-06 1.5809e-05 3.70918e-06 -4.82549e-06 -3.65021e-06 -2.19678e-05 -1.80425e-06 -3.37349e-06 3.22453e-06 -7.64528e-06 -9.46127e-06 -4.64657e-06 -3.15945e-05 -1.83604e-05 1.92187e-05 1.76903e-06 3.47819e-05 1.85486e-05 7.55285e-06
internal_weight=2281 1002 1279 1253 1197 1163 1077 60 1017 989 98 64 86 59 891 852 78 774 721 346 206 375 308 67 145 140 66 74 50 163
internal_count=2281 1002 1279 1253 1197 1163 1077 60 1017 989 98 64 86 59 891 852 78 774 721 346 206 375 308 67 145 140 66 74 50 163
is_linear=0
shrinkage=0.05


Tree=51
num_leaves=31
num_cat=0
split_feature=0 0 0 1 1 0 4 0 6 2 2 4 3 2 0 3 3 6 2 0 0 0 5 2 5 4 4 6 6 1
split_gain=6.80173e-06 9.79624e-06 1.01698e-05 9.57865e-06 2.2948e-05 1.21354e-05 9.0912e-06 8.69411e-06 1.01757e-05 9.70513e-06 2.19505e-05 2.22476e-05 2.07632e-05 2.91573e-05 1.37181e-05 1.32196e-05 1.94439e-05 1.79186e-05 1.68924e-05 1.55912e-05 1.97368e-05 1.21777e-05 1.2113e-05 1.20544e-05 1.73927e-05 1.45401e-05 1.91773e-05 1.4019e-05 1.24481e-05 1.1934e-05
threshold=0.63523503834813677 0.59700937062134984 0.61427489443132666 -0.072130149947853939 -0.11326664027182719 0.96851249974005005 -0.47907558979182446 0.52263216876063034 4.3940469784576601 -0.072666315959019734 -0.060579425774885232 0.14869886326023177 -0.78449413874650398 -0.089127970922935423 0.45193558885553492 -0.82756327117792561 -0.80626766618166379 6.3302444590439118 0.091983492549675763 0.10765652511369707 -0.2078568357282897 0.11356415547227995 32.017170047775174 -0.11884654832275891 44.440584978420517 -0.59526463461913814 -0.2386495075783269 7.3394261390871316 4.2073118324347805 -0.12630706327055835
decision_type=2 2 2 2 2 2 2 2 2 2 2 2 2 2 2 2 2 2 2 2 2 2 2 2 2 2 2 2 2 2
left_child=1 7 -3 4 -2 6 -5 9 -9 12 11 -11 13 21 15 17 -17 19 -19 20 -12 -1 -16 24 29 -25 -27 28 -28 -14
right_child=3 2 -4 5 -6 -7 -8 8 -10 10 14 -13 23 -15 22 16 -18 18 -20 -21 -22 -23 -24 25 -26 26 27 -29 -30 -31
leaf_value=-3.9423672246958897e-05 1.1551505262527176e-05 -4.3975322633168959e-05 -5.7846706045826006e-07 -2.2921715741450835e-06 -3.9615614716442197e-05 -1.9431221585364258e-05 1.8070826307517898e-05 -1.4610518787993075e-05 2.5829350734056787e-05 -6.6262561225422753e-05 2.0172265261532052e-05 1.0468158269878072e-07 -2.7215263148466169e-05 4.0718400341575035e-05 -5.6215340737253432e-05 -4.9280605538154737e-05 -2.6608571681004457e-06 2.5786882658642506e-05 -2.9267107984465888e-05 -6.6064013830887593e-06 7.9087638091767165e-05 -5.2538911000333935e-06 -4.8515047789502814e-06 -1.7270375428779518e-05 3.4098468919789111e-05 6.8417396020474069e-05 3.2868789751525831e-05 5.096164639491525e-05 -1.5686364845764316e-05 3.1441019369861203e-06
leaf_weight=62 56 27 27 73 36 32 220 21 60 28 44 23 36 20 22 23 811 22 38 26 21 45 24 20 42 24 22 22 33 321
leaf_count=62 56 27 27 73 36 32 220 21 60 28 44 23 36 20 22 23 811 22 38 26 21 45 24 20 42 24 22 22 33 321
internal_value=4.29702e-14 -1.2914e-06 -2.22769e-05 5.77261e-06 -8.47041e-06 9.80447e-06 1.29975e-05 -6.65317e-07 1.53449e-05 -1.41536e-06 -4.31212e-06 -3.63322e-05 3.42898e-06 -1.46955e-05 -2.72819e-06 -1.48182e-06 -3.94653e-06 1.21312e-05 -9.08064e-06 2.61171e-05 3.92065e-05 -2.50532e-05 -2.94168e-05 7.85552e-06 3.66327e-06 2.16796e-05 2.93924e-05 1.72288e-05 3.7357e-06 8.26534e-08
internal_weight=2281 1864 54 417 92 325 293 1810 81 1729 1082 51 647 127 1031 985 834 151 60 91 65 107 46 520 399 121 101 77 55 357
internal_count=2281 1864 54 417 92 325 293 1810 81 1729 1082 51 647 127 1031 985 834 151 60 91 65 107 46 520 399 121 101 77 55 357
is_linear=0
shrinkage=0.05


Tree=52
num_leaves=31
num_cat=0
split_feature=0 1 2 2 0 0 0 1 6 1 3 1 5 6 0 5 0 4 4 4 1 1 1 1 2 3 0 0 0 0
split_gain=6.44639e-06 8.85471e-06 8.29698e-06 1.04431e-05 9.06987e-06 8.82233e-06 9.94142e-06 1.35886e-05 1.87328e-05 1.4442e-05 1.00469e-05 1.24071e-05 9.55069e-06 1.92524e-05 1.52841e-05 9.72858e-06 1.03886e-05 1.09789e-05 1.15998e-05 9.18854e-06 1.02668e-05 2.19593e-05 1.72106e-05 1.45346e-05 1.87831e-05 1.7334e-05 1.53762e-05 1.32446e-05 1.61358e-05 1.48388e-05
threshold=0.14067091672819468 0.17463051368217522 -0.44696350100489879 -0.3147363972096619 -0.59550377143227251 -0.96021826446790937 -0.88535438389404075 0.15650256315734476 4.6914368202005656 0.1399841568032667 -0.60183818107015941 -0.018481269295305972 45.400466661734519 3.5872283718393732 -0.4226757099890443 43.913029428174788 0.044976089436798435 -0.22855095933914668 0.51658495380597158 0.8656444509275818 -0.011436695221723308 0.036984744021706255 0.080222300630467439 -0.036286536636110193 0.0053808986160048195 -0.33404991186042121 -0.73574655380358955 -0.46100715753362936 -0.72085488459164515 -0.29878550998422221
decision_type=2 2 2 2 2 2 2 2 2 2 2 2 2 2 2 2 2 2 2 2 2 2 2 2 2 2 2 2 2 2
left_child=2 -2 -1 4 -4 -5 10 9 -9 12 -7 -12 15 -14 -15 16 19 -18 -19 20 23 27 -23 24 -8 -25 -26 28 -22 -29
right_child=1 -3 3 5 -6 6 7 8 -10 -11 11 -13 13 14 -16 -17 17 18 -20 -21 21 22 -24 25 26 -27 -28 29 -30 -31
leaf_value=2.5603863049092559e-05 3.8973009232762437e-06 -2.1702920681231523e-05 -4.9051909313262018e-05 -2.705074604069951e-05 -7.8503340880749463e-06 4.0410500698137053e-05 7.3902340792731042e-06 -1.3612235549468701e-05 4.3415956002314086e-05 -3.9293353958263264e-05 -2.7256591376845752e-05 2.0631772909645837e-05 4.2341357884117103e-05 -3.1060077501400694e-05 1.8024697757417535e-05 -2.8928853526639823e-05 -4.7312066453741866e-05 1.2704026379045292e-05 -3.5095667954010423e-05 1.8454876049563953e-05 2.6075604153126788e-05 -2.2608265041442079e-05 6.3452913793398781e-06 -6.0906997074467928e-05 -5.4846566332423174e-05 -9.0575226340661175e-06 -1.0277450453076364e-05 6.5216474983268802e-05 -2.3392149716983113e-05 1.7387133939337219e-05
leaf_weight=26 967 35 22 34 34 27 163 24 36 28 21 38 34 29 35 39 26 30 22 53 34 97 109 27 23 40 122 24 32 50
leaf_count=26 967 35 22 34 34 27 163 24 36 28 21 38 34 29 35 39 26 30 22 53 34 97 109 27 23 40 122 24 32 50
internal_value=-4.33912e-14 3.00308e-06 -2.35269e-06 -2.93279e-06 -2.40367e-05 -1.94548e-06 -1.21153e-06 -2.51784e-06 2.06047e-05 -3.882e-06 1.51477e-05 3.58676e-06 -2.87945e-06 1.1936e-05 -4.21684e-06 -4.50899e-06 -3.39118e-06 -2.07833e-05 -7.51892e-06 -1.63848e-06 -3.11552e-06 3.09598e-06 -7.28818e-06 -8.84667e-06 -4.25556e-06 -2.99521e-05 -1.7347e-05 1.83755e-05 2.09124e-06 3.28994e-05
internal_weight=2281 1002 1279 1253 56 1197 1163 1077 60 1017 86 59 989 98 64 891 852 78 52 774 721 346 206 375 308 67 145 140 66 74
internal_count=2281 1002 1279 1253 56 1197 1163 1077 60 1017 86 59 989 98 64 891 852 78 52 774 721 346 206 375 308 67 145 140 66 74
is_linear=0
shrinkage=0.05


Tree=53
num_leaves=31
num_cat=0
split_feature=0 2 3 2 2 1 5 4 4 3 5 4 2 6 3 4 6 0 4 4 6 5 3 5 5 2 4 1 3 1
split_gain=6.06742e-06 1.55947e-05 8.16907e-06 7.65669e-06 1.36786e-05 1.20346e-05 1.1721e-05 8.90589e-06 6.82446e-06 1.39258e-05 1.41289e-05 1.33082e-05 1.34748e-05 2.32932e-05 2.33194e-05 1.55642e-05 1.1989e-05 1.1983e-05 1.11018e-05 1.11438e-05 1.09405e-05 1.04424e-05 1.13853e-05 9.47083e-06 9.32983e-06 9.21424e-06 9.05322e-06 1.32668e-05 7.38655e-06 7.14413e-06
threshold=0.8018598745022476 0.26823453707691286 2.9549202078700429 0.13744395751970309 0.027882582535424794 -0.11326664027182719 34.986468588737125 -0.47907558979182446 -0.37902838571384961 -0.7513853761766357 32.513835012578618 -0.43206169515734999 -0.15775211808926634 1.0366275006472794 -0.20633215711945055 -0.89865524043572997 2.9135253749669765 0.2038050206514537 -0.86329991370123893 -0.73009591169971422 2.9135253749669765 38.644710282201622 -0.39847253515632064 20.602287473105051 18.086197097374928 -0.3496492295202564 0.66171054183219713 -0.0071894593735308491 -0.89389610969907995 0.11432683213277871
decision_type=2 2 2 2 2 2 2 2 2 2 2 2 2 2 2 2 2 2 2 2 2 2 2 2 2 2 2 2 2 2
left_child=2 3 8 4 5 -2 7 -7 9 10 20 12 17 -14 15 -15 -17 -11 -16 -20 -1 22 23 -18 -21 26 27 -10 -12 -27
right_child=1 -3 -4 -5 -6 6 -8 -9 25 11 28 -13 13 14 18 16 21 -19 19 24 -22 -23 -24 -25 -26 29 -28 -29 -30 -31
leaf_value=-9.627099352655932e-06 5.0396781916788319e-05 -3.2013336815659639e-05 -2.7190468980389315e-05 3.2535004579944814e-05 -2.224730530043974e-05 -3.0307175951417197e-05 3.0528442053573118e-05 8.1100158695335267e-06 -3.0228258354169237e-05 -1.9635278923965803e-06 5.9745695142299623e-06 -3.6043721730693059e-05 -5.0647305375384876e-05 -6.1206031924008301e-05 2.7147471102782421e-05 1.4122502115502097e-05 2.7723671254617248e-06 3.6847958957271963e-05 -2.5322006422356935e-05 -1.808215455587113e-05 3.2986744179011185e-05 7.1284459057008668e-07 -6.5922729754674952e-05 -4.3622260041460821e-05 1.7133007232212764e-05 3.7168918404811316e-06 -4.504857432038989e-05 2.5453011876379605e-05 -3.3055157002143628e-05 -7.0035101244130665e-06
leaf_weight=20 20 22 29 38 31 22 38 48 23 59 27 41 33 21 45 28 22 30 36 26 61 31 20 22 68 1179 20 20 22 179
leaf_count=20 20 22 29 38 31 22 38 48 23 59 27 41 33 21 45 28 22 30 36 26 61 31 20 22 68 1179 20 20 22 179
internal_value=2.72828e-14 7.91283e-06 -8.40402e-07 1.23716e-05 7.55266e-06 1.47698e-05 8.17226e-06 -3.96396e-06 -4.64528e-07 -4.87878e-06 9.64423e-06 -8.79577e-06 -6.26251e-06 -1.06573e-05 -6.52037e-06 -2.14233e-05 -1.46311e-05 1.1119e-05 5.74259e-06 -1.6668e-06 2.24648e-05 -2.31058e-05 -3.4643e-05 -2.04249e-05 7.39264e-06 1.43661e-06 -1.72565e-05 -4.32999e-06 -1.1549e-05 2.30382e-06
internal_weight=2281 219 2062 197 159 128 108 70 2033 612 130 482 441 352 319 144 123 89 175 130 81 95 64 44 94 1421 63 43 49 1358
internal_count=2281 219 2062 197 159 128 108 70 2033 612 130 482 441 352 319 144 123 89 175 130 81 95 64 44 94 1421 63 43 49 1358
is_linear=0
shrinkage=0.05


Tree=54
num_leaves=31
num_cat=0
split_feature=2 2 5 6 6 6 2 6 6 6 1 0 0 1 2 6 6 6 1 0 4 1 5 0 0 6 0 5 0 0
split_gain=5.85941e-06 6.45624e-06 2.4885e-05 1.66533e-05 1.95189e-05 1.37812e-05 2.70981e-05 2.27548e-05 1.32165e-05 1.7754e-05 9.43118e-06 1.62415e-05 7.60553e-06 1.17358e-05 1.24303e-05 1.37224e-05 1.97399e-05 1.33714e-05 1.22465e-05 1.09531e-05 1.05283e-05 9.25223e-06 1.33116e-05 8.39272e-06 1.2695e-05 1.26947e-05 9.64072e-06 1.0974e-05 1.01043e-05 8.51104e-06
threshold=-0.49639030362443254 -0.25258181004368768 46.254063623461995 5.6964734992053687 4.6914368202005656 9.3297995422728253 0.20469772749688034 9.1214276303431863 6.7163248745954185 8.0464788961778542 0.056994430649668949 0.38039971945003109 0.63523503834813677 0.069987495257295154 -0.17491549823259869 8.3738253910732556 4.5220384857693094 5.6546763443728105 -0.068661228631671553 0.85215613806827084 0.43624420508893219 0.013133266449899138 34.446945024126343 0.59700937062134984 0.57535072950859389 4.5220384857693094 0.45193558885553492 20.087063437545542 0.516501671633114 -0.15739494442885779
decision_type=2 2 2 2 2 2 2 2 2 2 2 2 2 2 2 2 2 2 2 2 2 2 2 2 2 2 2 2 2 2
left_child=-1 2 3 4 10 7 -7 12 -5 -10 11 -2 23 14 -14 16 18 -18 -16 -15 -20 22 -19 24 26 -25 29 28 -28 -3
right_child=1 5 -4 8 -6 6 -8 -9 9 -11 -12 -13 13 19 15 -17 17 21 20 -21 -22 -23 -24 25 -26 -27 27 -29 -30 -31
leaf_value=2.6944476903736362e-05 -1.7849330731678492e-05 -3.2543585586158568e-06 4.3645092089372199e-05 -5.8473051323020358e-05 4.3034307184695664e-05 2.8711210372421191e-05 -2.6938859965801906e-05 -3.6370233367982347e-05 1.8610938771060955e-05 -3.5390173953702393e-05 -3.3396635347647442e-05 3.6451805321814308e-05 3.2570361909165513e-05 4.156950719680892e-05 -1.925540786487545e-05 3.5108255289505115e-05 -5.2890076718680437e-05 2.1696194562537133e-05 5.1725000339661567e-06 3.0760251265195566e-06 4.1766582432198146e-05 -3.980168668931583e-05 -3.0207767919082907e-05 3.6718159125567499e-06 3.8136135844979439e-05 -5.0677524493602551e-05 -6.1243106645179066e-05 -2.6751084305942642e-06 -1.1584929121627717e-05 4.7891569811198369e-06
leaf_weight=20 40 785 21 27 21 100 28 43 23 45 30 21 30 42 30 23 26 30 57 33 30 20 21 22 21 21 20 64 21 566
leaf_count=20 40 785 21 27 21 100 28 43 23 45 30 21 30 42 30 23 26 30 57 33 30 20 21 22 21 21 20 64 21 566
internal_value=6.59269e-15 -2.38341e-07 -8.21665e-06 -1.3478e-05 -4.16642e-07 6.56422e-07 1.65378e-05 -4.1067e-07 -2.88766e-05 -1.71251e-05 -1.04438e-05 8.44503e-07 4.1976e-07 7.15656e-06 2.24762e-06 -1.5907e-06 -5.53498e-06 -2.22129e-05 8.29203e-06 2.46324e-05 1.77911e-05 -1.0979e-05 3.23975e-07 -1.09602e-06 -4.62087e-07 -2.28709e-05 -1.01879e-06 -1.56129e-05 -3.58084e-05 1.15464e-07
internal_weight=2281 2261 228 207 112 2033 128 1905 95 68 91 61 1862 342 267 237 214 97 117 75 87 71 51 1520 1477 43 1456 105 41 1351
internal_count=2281 2261 228 207 112 2033 128 1905 95 68 91 61 1862 342 267 237 214 97 117 75 87 71 51 1520 1477 43 1456 105 41 1351
is_linear=0
shrinkage=0.05


Tree=55
num_leaves=31
num_cat=0
split_feature=2 2 5 0 6 2 6 1 0 1 0 6 6 3 6 3 2 1 1 6 0 0 2 0 6 0 2 5 5 5
split_gain=5.28812e-06 5.84192e-06 2.03894e-05 9.16282e-06 9.28854e-06 2.22632e-05 1.84676e-05 9.06568e-06 1.38664e-05 1.11014e-05 9.01531e-06 8.39902e-06 7.92446e-06 8.11646e-06 1.75551e-05 1.58447e-05 1.20003e-05 1.25376e-05 1.71738e-05 1.15995e-05 1.14719e-05 1.41485e-05 1.81097e-05 9.65973e-06 3.2308e-05 1.70239e-05 1.36542e-05 1.47769e-05 1.73577e-05 1.13236e-05
threshold=-0.49639030362443254 -0.3147363972096619 28.296246787746519 -0.96021826446790937 9.3297995422728253 0.20905202694536076 9.1214276303431863 -0.091640470949049438 0.22095382575255099 0.061635809888377073 0.27127101557587657 5.2634066871655092 0.16992477939633158 -0.35242061252951823 0.36707999642608463 -0.56388695627041896 -0.19608769447199356 -0.048686895665975678 -0.12630706327055835 5.5440963434752462 0.63523503834813677 0.131062218567401 -0.033795170481735255 -0.80614705658251173 4.8971684211248965 -0.21801246744272459 -0.23526919613228234 31.218646378288529 29.223325325632597 7.8072593161092678
decision_type=2 2 2 2 2 2 2 2 2 2 2 2 2 2 2 2 2 2 2 2 2 2 2 2 2 2 2 2 2 2
left_child=-1 2 11 -3 6 7 12 -6 -9 -10 -4 -2 -5 15 -15 23 -17 18 -18 -20 21 22 -19 24 -14 -25 -27 28 29 -28
right_child=1 3 10 4 5 -7 -8 8 9 -11 -12 -13 13 14 -16 16 17 20 19 -21 -22 -23 -24 25 -26 26 27 -29 -30 -31
leaf_value=2.5597252679290254e-05 -1.2978041983539394e-05 -2.5326200599973909e-05 -5.6055242560483341e-06 -2.3961360136581791e-05 -5.8484593734777138e-06 -2.8803184701246209e-05 -3.205186005123489e-05 5.1345182150509496e-05 3.6294940152650021e-05 -1.3934880867468152e-05 3.2615074028567678e-05 -4.6686061382801694e-05 -1.6272066022793297e-05 4.0767588302514923e-05 3.0988251326506716e-06 1.7127131907508212e-05 7.0376916301029271e-06 3.5678117458298241e-05 -6.7645822570827269e-05 -2.3248676890424186e-05 2.0548559619523336e-05 -3.9493385588101754e-05 -1.8928570074310802e-05 -1.2275728792916363e-05 5.2220136725130341e-05 -2.4795845242539042e-05 -1.7896198098047273e-05 -4.4327447911610501e-06 5.938292651340557e-05 1.6222126008181697e-05
leaf_weight=20 42 34 36 32 21 25 44 42 22 22 27 33 33 32 925 29 20 22 31 28 28 39 49 199 36 34 28 142 21 185
leaf_count=20 42 34 36 32 21 25 44 42 22 22 27 33 33 32 925 29 20 22 31 28 28 39 49 199 36 34 28 142 21 185
internal_value=-4.80303e-14 -2.26424e-07 -1.0195e-05 4.21557e-07 8.4062e-07 1.36782e-05 -2.52766e-08 2.36038e-05 3.07956e-05 1.118e-05 1.07747e-05 -2.78096e-05 7.11352e-07 1.13109e-06 4.35839e-06 -2.21147e-06 -1.30813e-05 -1.71184e-05 -3.30029e-05 -4.6576e-05 -8.0251e-06 -1.52984e-05 -2.00819e-06 1.73246e-06 1.9463e-05 -2.76416e-07 5.54764e-06 8.29147e-06 1.6013e-05 1.17371e-05
internal_weight=2281 2261 138 2123 2089 132 1957 107 86 44 63 75 1913 1881 957 924 246 217 79 59 138 110 71 678 69 609 410 376 234 213
internal_count=2281 2261 138 2123 2089 132 1957 107 86 44 63 75 1913 1881 957 924 246 217 79 59 138 110 71 678 69 609 410 376 234 213
is_linear=0
shrinkage=0.05


Tree=56
num_leaves=31
num_cat=0
split_feature=0 2 3 1 2 2 1 4 4 3 2 2 5 4 2 6 3 4 4 3 6 4 4 5 3 5 2 4 1 1
split_gain=5.00484e-06 1.3618e-05 7.46923e-06 7.18992e-06 1.12251e-05 1.4016e-05 1.07214e-05 9.69951e-06 6.02662e-06 1.25731e-05 1.30248e-05 1.69263e-05 1.21579e-05 1.16563e-05 1.17871e-05 2.09426e-05 2.03632e-05 1.38459e-05 1.15956e-05 1.84322e-05 1.07466e-05 9.93737e-06 9.90696e-06 9.50747e-06 1.00528e-05 8.25689e-06 8.04045e-06 8.31312e-06 1.2506e-05 6.4761e-06
threshold=0.8018598745022476 0.26823453707691286 2.9549202078700429 0.050714919211192512 -0.17491549823259869 0.13744395751970309 0.082076115168738695 -0.14926065544250108 -0.37902838571384961 -0.7513853761766357 0.010090823946590832 0.15850035297795842 28.554627696894254 -0.43206169515734999 -0.15775211808926634 1.0366275006472794 -0.20633215711945055 -0.89865524043572997 -0.86329991370123893 -0.166424721771576 2.9135253749669765 -0.86329991370123893 -0.73009591169971422 38.644710282201622 -0.4642125609190495 18.086197097374928 -0.3496492295202564 0.66171054183219713 -0.0071894593735308491 0.11432683213277871
decision_type=2 2 2 2 2 2 2 2 2 2 2 2 2 2 2 2 2 2 2 2 2 2 2 2 2 2 2 2 2 2
left_child=2 3 8 4 -2 7 -5 -6 9 10 12 -12 -1 14 18 -16 17 -17 -11 -20 -19 -18 -23 24 -22 -24 27 28 -10 -28
right_child=1 -3 -4 6 5 -7 -8 -9 26 13 11 -13 -14 -15 15 16 21 20 19 -21 23 22 25 -25 -26 -27 29 -29 -30 -31
leaf_value=1.5225650213324117e-05 2.7278356813043595e-05 -3.0123465107449607e-05 -2.5959371512350309e-05 4.9079788247278582e-05 5.5569851732191941e-06 2.8343856077602442e-05 7.6414480301192844e-06 -3.2053006505634586e-05 -2.8837065252920856e-05 4.2829730652253306e-05 5.9384157035916964e-05 2.6186458226534184e-06 -2.4540584429298571e-05 -3.3774826345218508e-05 -4.7932069871118685e-05 -5.7539655678001943e-05 2.5619757822520719e-05 1.3612111492225918e-05 2.7934979686961015e-05 -2.4218962506792097e-05 -1.4605007412943191e-05 -2.3945475156021227e-05 -1.7064886777426671e-05 1.0929407688954303e-06 -5.4413092493632581e-05 1.6063558953593363e-05 3.5381721896435249e-06 -4.2711086516646906e-05 2.5224071996490242e-05 -6.66870992368054e-06
leaf_weight=40 39 22 29 27 30 24 37 40 23 21 24 29 37 41 33 21 45 28 32 36 35 36 26 31 29 68 1179 20 20 179
leaf_count=40 39 22 29 27 30 24 37 40 23 21 24 29 37 41 33 21 45 28 32 36 35 36 26 31 29 68 1179 20 20 179
internal_value=7.75273e-15 7.18662e-06 -7.63273e-07 1.13532e-05 4.72705e-06 -4.62934e-06 2.51232e-05 -1.59344e-05 -4.0386e-07 -4.55206e-06 9.24758e-06 2.83238e-05 -3.8828e-06 -8.27395e-06 -5.90312e-06 -1.00135e-05 -6.09085e-06 -2.00171e-05 1.03535e-05 3.24069e-07 -1.36109e-05 5.3685e-06 -1.64156e-06 -2.16345e-05 -3.2643e-05 6.90037e-06 1.3827e-06 -1.60793e-05 -3.69235e-06 2.19279e-06
internal_weight=2281 219 2062 197 133 94 64 70 2033 612 130 53 77 482 441 352 319 144 89 68 123 175 130 95 64 94 1421 63 43 1358
internal_count=2281 219 2062 197 133 94 64 70 2033 612 130 53 77 482 441 352 319 144 89 68 123 175 130 95 64 94 1421 63 43 1358
is_linear=0
shrinkage=0.05


Tree=57
num_leaves=31
num_cat=0
split_feature=2 2 5 6 6 6 6 6 2 6 1 0 2 2 0 0 4 0 0 5 5 3 6 5 5 2 3 6 0 2
split_gain=5.03214e-06 5.33651e-06 2.21043e-05 1.45011e-05 1.76515e-05 1.18171e-05 1.61732e-05 1.12742e-05 2.2044e-05 1.87683e-05 8.41864e-06 1.38343e-05 7.0267e-06 6.89966e-06 1.11477e-05 6.89032e-06 6.36447e-06 6.07847e-06 1.14996e-05 9.44174e-06 3.2099e-05 1.62515e-05 1.48788e-05 1.69094e-05 1.67117e-05 1.46591e-05 1.51905e-05 1.66694e-05 1.36776e-05 1.3215e-05
threshold=-0.49639030362443254 -0.25258181004368768 46.254063623461995 5.6964734992053687 4.6914368202005656 6.7163248745954185 8.0464788961778542 9.3297995422728253 0.20905202694536076 9.1214276303431863 0.056994430649668949 0.38039971945003109 -0.24428845572515318 -0.06425439489854369 0.23407190497977229 -0.083446467979826897 0.12493662243883198 -0.15739494442885779 -0.18171304927068707 31.218646378288529 29.483041512280213 -0.86397198320143997 0.76322440570779593 26.309070719270803 22.527299439754366 0.31155604481662641 0.39221797174191114 2.3138247138519152 0.16076071950537577 0.17231492938502677
decision_type=2 2 2 2 2 2 2 2 2 2 2 2 2 2 2 2 2 2 2 2 2 2 2 2 2 2 2 2 2 2
left_child=-1 2 3 4 10 -5 -7 9 13 12 11 -2 -3 14 -9 -8 -15 18 -14 20 21 28 -23 24 25 26 27 -24 -19 -29
right_child=1 7 -4 5 -6 6 15 8 -10 -11 -12 -13 17 16 -16 -17 -18 19 -20 -21 -22 22 23 -25 -26 -27 -28 29 -30 -31
leaf_value=2.497003588359803e-05 -1.6368209110169122e-05 2.5703278283294314e-05 4.140393071533514e-05 -5.4788020248384713e-05 4.1075332964759411e-05 1.841772117705145e-05 -1.2207215738834792e-05 5.9396684790564387e-05 -2.7160161851497835e-05 -3.3030630419129606e-05 -3.1466138422426109e-05 3.3747500120149376e-05 -2.2536920675030277e-06 -1.8754240309429025e-06 1.0521497024456039e-05 -5.1424780940578786e-05 3.2420782835510904e-05 6.0217341815587143e-05 -3.67282854494988e-05 -3.1721644857240697e-06 4.7081267791024102e-05 -2.745818359269631e-05 2.1435487114767722e-05 -2.3075726825741837e-05 2.7029974908379165e-05 3.8043406966608018e-05 1.5655902190949499e-05 -9.253141013624403e-06 1.2159178709624573e-05 -4.5709960648802435e-05
leaf_weight=20 40 27 21 27 21 23 21 28 25 43 30 21 746 31 20 24 24 20 25 438 45 45 37 56 78 25 88 145 57 30
leaf_count=20 40 27 21 27 21 23 21 28 25 43 30 21 746 31 20 24 24 20 25 438 45 45 37 56 78 25 88 145 57 30
internal_value=6.02637e-14 -2.20876e-07 -7.47441e-06 -1.24331e-05 -2.44938e-07 -2.68023e-05 -1.56903e-05 5.92605e-07 1.4957e-05 -3.72561e-07 -9.78038e-06 8.8474e-07 3.81626e-07 2.51796e-05 3.9032e-05 -3.31233e-05 1.30902e-05 9.04633e-09 -3.37155e-06 2.4587e-06 6.39851e-06 3.24753e-06 -2.10468e-08 2.66887e-06 6.24628e-06 1.25819e-06 -1.80724e-06 -9.05609e-06 2.46418e-05 -1.55029e-05
internal_weight=2281 2261 228 207 112 95 68 2033 128 1905 91 61 1862 103 48 45 55 1835 771 1064 626 581 504 459 403 325 300 212 77 175
internal_count=2281 2261 228 207 112 95 68 2033 128 1905 91 61 1862 103 48 45 55 1835 771 1064 626 581 504 459 403 325 300 212 77 175
is_linear=0
shrinkage=0.05


Tree=58
num_leaves=31
num_cat=0
split_feature=3 3 5 3 4 1 1 4 3 4 5 0 4 2 1 3 2 2 3 0 5 0 0 2 1 1 4 5 5 5
split_gain=4.84366e-06 1.78791e-05 1.44577e-05 1.32945e-05 1.63717e-05 1.40678e-05 2.84038e-05 1.88329e-05 1.64503e-05 1.79147e-05 1.5242e-05 1.44692e-05 1.27656e-05 1.22262e-05 1.92367e-05 1.45948e-05 1.25875e-05 1.03987e-05 1.61019e-05 1.43529e-05 1.27869e-05 1.13832e-05 1.09758e-05 1.23553e-05 1.09448e-05 1.19097e-05 9.39053e-06 1.38417e-05 8.97557e-06 1.40873e-05
threshold=-0.35242061252951823 -0.57079086303434201 7.8072593161092678 -0.095635212324580374 -0.86329991370123893 -0.019414047293149102 -0.054618502043230509 -0.46927494006643572 -0.24152287155302957 0.14869886326023177 21.945662270985316 0.60212381099207257 -0.5702237648187326 -0.19608769447199356 -0.064109323465585996 0.36447795413219169 0.1353698241506037 -0.072666315959019734 -0.53105981551718784 0.131062218567401 29.830529911170569 -0.4302866036606095 0.6302865422013465 0.24112140882243124 -0.0093208431253250391 -0.083690821388728479 0.33194324793594293 24.331110834023523 43.771930036148845 47.891782442315289
decision_type=2 2 2 2 2 2 2 2 2 2 2 2 2 2 2 2 2 2 2 2 2 2 2 2 2 2 2 2 2 2
left_child=1 2 -1 5 -5 6 8 -7 10 -10 -2 26 13 -6 -15 -16 -17 19 -19 21 -21 -3 23 24 25 -20 27 -9 -14 -30
right_child=3 17 -4 4 12 7 -8 11 9 -11 -12 -13 28 14 15 16 -18 18 22 20 -22 -23 -24 -25 -26 -27 -28 -29 29 -31
leaf_value=-2.3461767978005812e-05 -3.8105111543700331e-05 -1.9843873649899087e-06 3.316667540184366e-06 2.4556060548170305e-05 -5.2384987897572251e-05 -5.5524409557013619e-06 -3.451338407969507e-05 1.1870755604997448e-05 7.0956600324106631e-05 5.6465773187006745e-06 1.6071541756753359e-05 7.0165403806077812e-05 2.157744744628505e-06 3.0873684789350429e-05 -5.4507876408630786e-05 -2.6161322163803189e-05 2.3828492558095605e-05 -5.6096623106546205e-05 -2.2457595080665601e-06 -4.2970079286735404e-05 7.7631102375681109e-06 4.3271707943404182e-05 1.0250016665038956e-05 -5.4770070181058887e-05 3.0728421529274257e-06 -4.6655509221535699e-05 7.9229492176738055e-06 6.734554829207533e-05 -3.0310849621579497e-05 9.7787654769692598e-06
leaf_weight=54 20 33 757 59 21 45 42 22 21 21 37 21 595 22 24 34 20 26 26 27 23 24 37 22 52 36 45 23 56 36
leaf_count=54 20 33 757 59 21 45 42 22 21 21 37 21 595 22 24 34 20 26 26 27 23 24 37 22 52 36 45 23 56 36
internal_value=-4.37839e-14 -2.35204e-06 1.53364e-06 2.25707e-06 -8.70443e-07 1.13869e-05 -5.9224e-08 2.17324e-05 1.45577e-05 3.83016e-05 -2.93781e-06 3.27938e-05 -2.72708e-06 -1.77022e-05 -1.04188e-05 -2.20654e-05 -7.64658e-06 -1.26504e-05 -1.94091e-05 -8.04149e-08 -1.96328e-05 1.70708e-05 -1.38953e-05 -2.04643e-05 -1.38439e-05 -2.80321e-05 2.40737e-05 4.02245e-05 -8.95399e-08 -1.46236e-05
internal_weight=2281 1117 811 1164 867 297 141 156 99 42 57 111 808 121 100 78 54 306 199 107 50 57 173 136 114 62 90 45 687 92
internal_count=2281 1117 811 1164 867 297 141 156 99 42 57 111 808 121 100 78 54 306 199 107 50 57 173 136 114 62 90 45 687 92
is_linear=0
shrinkage=0.05


Tree=59
num_leaves=31
num_cat=0
split_feature=5 2 2 2 5 5 2 6 1 5 4 2 6 6 6 3 1 2 6 4 2 4 2 4 0 3 3 4 6 6
split_gain=4.55438e-06 1.67122e-05 9.93596e-06 1.00817e-05 8.62201e-06 1.14444e-05 8.54807e-06 1.5045e-05 1.0489e-05 1.82175e-05 1.0139e-05 9.2854e-06 1.79129e-05 1.73818e-05 2.47578e-05 2.22362e-05 2.02813e-05 2.00563e-05 1.92346e-05 1.72438e-05 1.65292e-05 2.13537e-05 1.63069e-05 1.49946e-05 1.4537e-05 1.29689e-05 1.42776e-05 1.23786e-05 1.17968e-05 1.72059e-05
threshold=47.891782442315289 -0.17491549823259869 0.44538977779756267 0.41093430601417474 47.080369101363061 46.451384281183813 -0.2229191912066289 9.2469345006786323 -0.069535751899897066 39.727446836294121 0.50013726567849304 -0.072666315959019734 0.73273978198999679 6.8614617461454115 6.0017041820266064 0.39221797174191114 0.1090488475407979 -0.086067417505211546 3.533820177008113 0.2523222523241731 -0.060579425774885232 0.30790927406928253 0.17231492938502677 -0.64007604301221854 0.59071727264961948 -0.1365876181673282 -0.68544697864901083 0.37981029557768925 2.3138247138519152 2.4732234925597183
decision_type=2 2 2 2 2 2 2 2 2 2 2 2 2 2 2 2 2 2 2 2 2 2 2 2 2 2 2 2 2 2
left_child=2 -2 3 4 5 6 7 8 10 -10 -1 13 22 14 15 17 23 18 24 -20 21 -14 27 -15 25 26 -8 -13 -22 -30
right_child=1 -3 -4 -5 -6 -7 11 -9 9 -11 -12 12 20 16 -16 -17 -18 -19 19 -21 28 -23 -24 -25 -26 -27 -28 -29 29 -31
leaf_value=-3.4276863874765696e-05 4.8858134571425833e-05 6.7998879776404465e-07 3.3696230821078645e-05 -3.3088984870725351e-05 -2.47593742490911e-05 2.9131152471315795e-05 -1.6188030708451008e-05 -5.0325791889918043e-05 -5.5460987368860522e-06 3.7979350528465673e-05 5.2590460048425796e-06 -5.5358372245743677e-05 -4.7929731973502049e-05 -1.7051189322294458e-05 -3.0744943353717891e-05 3.0824031072744917e-05 6.2185984764558583e-05 3.7355448850056363e-05 -5.2358390292750771e-05 1.9408491964525268e-07 1.302280109106761e-05 1.5898695764917647e-05 8.0021402141028378e-06 2.1337188755333537e-05 3.4590073438925296e-05 -4.0520531971803093e-05 2.9536467985552362e-05 -7.5251561134964942e-06 -3.746137502481185e-05 4.3057147513332704e-07
leaf_weight=50 22 99 21 24 36 33 38 20 170 28 24 38 38 33 55 68 24 28 37 27 184 20 28 111 29 21 31 21 31 892
leaf_count=50 22 99 21 24 36 33 38 20 170 28 24 38 38 33 55 68 24 28 37 27 184 20 28 111 29 21 31 21 31 892
internal_value=6.21535e-14 9.43965e-06 -5.28795e-07 -8.64805e-07 -4.99141e-07 -7.90502e-08 -5.50183e-07 -8.47109e-06 -5.39353e-06 6.09015e-07 -2.14544e-05 7.68463e-07 -1.53513e-06 6.51367e-06 -8.48475e-08 5.95926e-06 1.96322e-05 -2.05403e-06 -8.0839e-06 -3.01878e-05 9.92332e-08 -2.59199e-05 -2.34205e-05 1.25399e-05 3.80392e-06 -6.11606e-06 4.35486e-06 -3.8333e-05 1.46248e-06 -8.42072e-07
internal_weight=2281 121 2160 2139 2115 2079 2046 292 272 198 74 1754 1252 502 334 279 168 211 183 64 1165 58 87 144 119 90 69 59 1107 923
internal_count=2281 121 2160 2139 2115 2079 2046 292 272 198 74 1754 1252 502 334 279 168 211 183 64 1165 58 87 144 119 90 69 59 1107 923
is_linear=0
shrinkage=0.05


Tree=60
num_leaves=31
num_cat=0
split_feature=2 0 1 4 3 3 3 0 3 1 1 2 2 3 2 3 6 1 3 5 0 5 5 6 2 5 1 1 6 5
split_gain=4.60072e-06 4.86712e-06 7.81888e-06 7.61771e-06 7.01857e-06 2.07201e-05 1.3811e-05 1.45842e-05 1.27103e-05 2.44985e-05 1.45977e-05 1.19933e-05 2.03958e-05 1.1789e-05 1.03759e-05 1.83036e-05 1.40706e-05 1.11887e-05 1.03684e-05 1.01051e-05 2.12449e-05 9.7874e-06 1.89713e-05 9.77254e-06 9.29882e-06 9.26806e-06 8.93251e-06 9.22978e-06 1.2746e-05 8.78629e-06
threshold=-0.49639030362443254 0.14067091672819468 0.18328908454556667 -0.96692342614945248 -0.34297251308694093 -0.57690528009463471 -0.28313538754222234 0.2391772923576703 -0.24152287155302957 -0.1344381748916306 -0.10271580232834787 0.12121579718238817 0.060632046296912635 -0.64183958648050232 0.18085054108473517 0.43056144901179522 7.179485412135044 0.048348532705376479 1.2994058877321659 28.947980927331603 0.58443346275968799 31.218646378288529 45.400466661734519 5.6546763443728105 -0.21682805646840414 28.013254539574103 0.065485861563205142 -0.067607599014397071 1.9739342079073892 36.8898055170975
decision_type=2 2 2 2 2 2 2 2 2 2 2 2 2 2 2 2 2 2 2 2 2 2 2 2 2 2 2 2 2 2
left_child=-1 3 4 -2 5 13 -6 -8 -9 -10 -11 12 19 21 16 -16 17 24 25 20 -7 26 -23 -15 -12 -18 27 -3 -29 -19
right_child=1 2 -4 -5 6 11 7 8 9 10 14 -13 -14 23 15 -17 18 29 -20 -21 -22 22 -24 -25 -26 -27 -28 28 -30 -31
leaf_value=2.3875675506133124e-05 -3.2132931907350824e-05 -5.2231408538551313e-06 -2.520589454798028e-05 -1.765522602983485e-06 4.0813815853809881e-05 7.5720628592534923e-06 2.8664267471146463e-05 -3.4249204612063732e-05 4.2106532241871866e-05 -3.4809465078719119e-05 3.1867842717474557e-05 5.7674429280311978e-06 -6.7455604078966885e-05 5.2150561469202139e-05 -6.2831003084457264e-06 6.0552080663001112e-05 9.9552740351782642e-06 -3.8010666497051041e-05 -1.303155626200827e-05 4.7115902577245025e-06 -6.2203430055281697e-05 -2.393833168105331e-05 2.5799591066270999e-05 6.989887726376764e-06 -5.2753216763126022e-06 5.0145166698292507e-05 -1.1837746807854966e-05 -1.1557848024908296e-05 3.1247896188151244e-05 1.4458699470629828e-06
leaf_weight=20 21 43 25 1244 29 20 58 23 38 28 20 42 23 23 21 20 32 43 21 38 24 73 26 25 107 26 42 22 83 21
leaf_count=20 21 43 25 1244 29 20 58 23 38 28 20 42 23 23 21 20 32 43 21 38 24 73 26 25 107 26 42 22 83 21
internal_value=-1.12886e-13 -2.11196e-07 2.4032e-06 -2.26965e-06 3.11404e-06 -1.15005e-06 7.35187e-06 5.2331e-06 1.83558e-06 4.03703e-06 -2.30342e-07 -1.68139e-05 -2.58465e-05 5.68256e-06 2.88289e-06 2.63194e-05 -6.75991e-07 -8.01674e-06 1.70719e-05 -1.41756e-05 -3.04873e-05 1.87133e-06 -1.08758e-05 2.86294e-05 5.73996e-07 2.79714e-05 8.51328e-06 1.42886e-05 2.22791e-05 -2.5064e-05
internal_weight=2281 2261 996 1265 971 484 487 458 400 377 339 147 105 337 311 41 270 191 79 82 44 289 99 48 127 58 190 148 105 64
internal_count=2281 2261 996 1265 971 484 487 458 400 377 339 147 105 337 311 41 270 191 79 82 44 289 99 48 127 58 190 148 105 64
is_linear=0
shrinkage=0.05


Tree=61
num_leaves=31
num_cat=0
split_feature=0 0 1 3 1 0 6 0 5 2 3 3 6 0 0 6 1 4 1 5 1 5 5 3 1 6 1 5 3 5
split_gain=4.35306e-06 5.44622e-06 1.05762e-05 1.33563e-05 1.39479e-05 7.17647e-06 1.42737e-05 8.63434e-06 8.40433e-06 1.33056e-05 1.98815e-05 1.42586e-05 9.11112e-06 9.55768e-06 1.2879e-05 8.87673e-06 8.0569e-06 7.90407e-06 6.65726e-06 6.61849e-06 6.5431e-06 5.71284e-06 1.28427e-05 1.52432e-05 1.24592e-05 1.0324e-05 1.13177e-05 8.33129e-06 1.09624e-05 1.03939e-05
threshold=-0.96021826446790937 -0.88535438389404075 0.10357749405003007 -0.60183818107015941 -0.018481269295305972 -0.59550377143227251 0.73273978198999679 -0.5559200275963202 27.51900599659346 -0.13136416718252153 -0.68544697864901083 -0.70581403645514385 8.5048719148361673 -0.64542144108290711 -0.67855873069213601 7.0676603294482101 0.014228762570183138 0.52387690839467826 -0.22070848823831507 19.919345958711123 -0.071312402453944421 11.300874677434928 14.137862118454793 0.43056144901179522 0.042820396076175334 4.1502280447586619 -0.038739243527770716 23.364548262066254 -0.94027335308456939 26.309070719270803
decision_type=2 2 2 2 2 2 2 2 2 2 2 2 2 2 2 2 2 2 2 2 2 2 2 2 2 2 2 2 2 2
left_child=-1 2 3 -2 -5 6 -3 -7 9 10 -8 -11 13 14 15 16 20 19 -9 -13 -10 -20 23 24 25 -23 -27 28 -24 -29
right_child=1 5 -4 4 -6 7 8 18 12 11 -12 17 -14 -15 -16 -17 -18 -19 21 -21 -22 22 27 -25 -26 26 -28 29 -30 -31
leaf_value=-1.7010427128863394e-05 5.1729768889193422e-05 -4.2349603581197491e-05 -1.9735229034267832e-05 -2.4323332919656033e-05 3.0950986987591022e-05 2.5309738068952158e-05 -5.1631978788899019e-05 -2.6758615370619574e-05 -1.2325622962331786e-05 4.7135774642811161e-05 9.3129202738850846e-06 2.475933137205619e-05 -4.2647405020293915e-05 -3.6232672361317482e-05 3.2912008588358404e-05 1.6377077161450873e-05 3.6833817257839085e-06 -2.0123857507314827e-05 -6.2069068885535701e-06 -9.4855336989158325e-06 -4.9645572700841438e-05 4.4956509710345926e-05 2.5982245620980392e-05 5.074142895022373e-05 -2.1339185220243125e-05 2.8337777780507168e-05 -2.1924318232214278e-05 1.6185293115645788e-05 -8.365963738316673e-06 1.0477704652097161e-06
leaf_weight=37 24 26 20 21 25 36 23 22 24 25 32 43 21 24 22 25 27 24 242 21 23 25 25 27 26 24 21 130 328 888
leaf_count=37 24 26 20 21 25 36 23 22 24 25 32 43 21 24 22 25 27 24 242 21 23 25 25 27 26 24 21 130 328 888
internal_value=-6.46245e-14 2.80475e-07 1.23311e-05 2.14928e-05 5.71706e-06 -2.23031e-07 -6.66565e-06 1.0698e-06 -3.88786e-06 3.99616e-06 -1.61731e-05 1.38131e-05 -1.18669e-05 -7.409e-06 -1.69191e-06 -9.38167e-06 -1.80839e-05 4.34639e-06 5.73422e-07 1.35227e-05 -3.05886e-05 9.19796e-07 2.07419e-06 1.75513e-05 8.21656e-06 1.91944e-05 4.88213e-06 6.85652e-07 -5.93337e-06 2.98085e-06
internal_weight=2281 2244 90 70 46 2154 360 1794 334 168 55 113 166 145 121 99 74 88 1758 64 47 1736 1494 123 96 70 45 1371 353 1018
internal_count=2281 2244 90 70 46 2154 360 1794 334 168 55 113 166 145 121 99 74 88 1758 64 47 1736 1494 123 96 70 45 1371 353 1018
is_linear=0
shrinkage=0.05


Tree=62
num_leaves=31
num_cat=0
split_feature=2 2 5 5 6 0 0 6 2 6 1 1 3 4 3 3 0 2 6 4 1 1 1 4 4 1 3 3 2 2
split_gain=4.17439e-06 4.44385e-06 1.61466e-05 8.23086e-06 7.7721e-06 7.52383e-06 7.39343e-06 7.24596e-06 1.74254e-05 1.51169e-05 7.51538e-06 1.21713e-05 7.19221e-06 6.59069e-06 9.34966e-06 1.31832e-05 2.17851e-05 1.03621e-05 1.31521e-05 9.22798e-06 1.15339e-05 8.83102e-06 1.40637e-05 1.13587e-05 8.27743e-06 7.36774e-06 7.21206e-06 1.31253e-05 1.25483e-05 1.59862e-05
threshold=-0.49639030362443254 -0.3147363972096619 28.296246787746519 20.911686928330226 5.5979733506623717 0.27127101557587657 -0.96021826446790937 9.3297995422728253 0.20905202694536076 9.1214276303431863 -0.091640470949049438 0.061635809888377073 -0.27895810543794952 -0.38325033740254361 -0.75818374843964476 -0.35242061252951823 -0.45430518929365377 -0.12525160178240682 3.1632798309901649 -0.87018184273765753 -0.12022179758922634 0.13464239936907457 0.061635809888377073 -0.73585865142588935 -0.3457168881694484 0.034294108566427957 2.8342413754356204 1.4982607826911756 0.053004719552483849 -0.068567171976991761
decision_type=2 2 2 2 2 2 2 2 2 2 2 2 2 2 2 2 2 2 2 2 2 2 2 2 2 2 2 2 2 2
left_child=-1 2 3 4 -2 -4 -3 9 10 13 -9 12 -12 14 -8 16 -16 -18 -19 25 -21 22 23 -22 -15 -17 27 -26 29 -29
right_child=1 6 5 -5 -6 -7 7 8 -10 -11 11 -13 -14 24 15 19 17 18 -20 20 21 -23 -24 -25 26 -27 -28 28 -30 -31
leaf_value=2.2742560868209695e-05 4.6156183965909551e-06 -2.2764541384223029e-05 -5.1987308552270409e-06 -4.7995426910347307e-05 -3.509748879547591e-05 2.9717443734650969e-05 8.8850042011631961e-06 -5.9558308878747213e-06 -2.5504464417963391e-05 -2.9000321737013025e-05 2.7787025231061435e-05 6.267609693934087e-06 6.7044989655187245e-05 2.5542533785483103e-05 -5.179298218296792e-05 3.9646484789979717e-06 2.4517973040474322e-05 1.269839122414851e-05 -2.6956774714905634e-05 3.0116210775434284e-05 -3.6460326364203247e-05 -3.602693094273071e-05 1.9441033144984332e-05 -4.2831320529502299e-06 1.0944887514070567e-06 4.1631438461990912e-05 -2.588103536808099e-05 3.8681317901136938e-05 4.6319261963390096e-05 -2.1292713034199554e-05
leaf_weight=20 28 34 36 25 22 27 114 21 25 44 28 38 20 38 38 37 20 30 69 21 37 26 45 106 1212 20 23 20 32 25
leaf_count=20 28 34 36 25 22 27 114 21 25 44 28 38 20 38 38 37 20 30 69 21 37 26 45 106 1212 20 23 20 32 25
internal_value=-5.47766e-14 -2.01173e-07 -8.89548e-06 -2.45706e-05 -1.28581e-05 9.76534e-06 3.63978e-07 7.40411e-07 1.2079e-05 -2.43751e-08 2.08601e-05 2.74082e-05 4.41445e-05 6.42087e-07 -3.90246e-06 -7.14917e-06 -1.88334e-05 -8.30846e-06 -1.49401e-05 -8.66906e-07 -5.2445e-06 -8.71448e-06 -4.93722e-06 -1.26087e-05 2.53733e-06 1.71811e-05 1.87102e-06 2.36621e-06 2.23834e-05 5.36241e-06
internal_weight=2281 2261 138 75 50 63 2123 2089 132 1957 107 86 48 1913 563 449 157 119 99 292 235 214 188 143 1350 57 1312 1289 77 45
internal_count=2281 2261 138 75 50 63 2123 2089 132 1957 107 86 48 1913 563 449 157 119 99 292 235 214 188 143 1350 57 1312 1289 77 45
is_linear=0
shrinkage=0.05


Tree=63
num_leaves=31
num_cat=0
split_feature=0 2 2 1 1 3 5 3 1 3 1 1 5 2 4 2 3 0 0 0 5 3 5 3 4 4 0 0 3 1
split_gain=4.00317e-06 6.80089e-06 8.06489e-06 6.59942e-06 8.17904e-06 9.51477e-06 1.39999e-05 1.38685e-05 8.07134e-06 6.31177e-06 5.31017e-06 1.69728e-05 1.16655e-05 2.13402e-05 1.35264e-05 1.32851e-05 1.57806e-05 8.64799e-06 2.76277e-05 1.17332e-05 9.82196e-06 1.29508e-05 1.73537e-05 1.29879e-05 1.25203e-05 1.46962e-05 1.62342e-05 2.29825e-05 1.05453e-05 1.00754e-05
threshold=0.7787534216865436 0.26823453707691286 0.13744395751970309 -0.12440775833121277 -0.043842787214594413 0.88866538732754108 27.342234196913267 -0.62995584437004615 0.053819287128936785 2.9549202078700429 0.040717712980686986 0.013133266449899138 16.293119434697811 0.026497428459195106 1.0000000180025095e-35 -0.069914721198334903 -0.23616405333818694 -0.59550377143227251 -0.51334551242424653 -0.64542144108290711 7.028130367151296 1.6675773870643382 12.957903826026412 -0.94027335308456939 0.71554513115991003 -0.29402012024292218 0.36072754450600447 -0.34962661374855802 -0.31457154368694418 0.062622672557854947
decision_type=2 2 2 2 2 2 2 2 2 2 2 2 2 2 2 2 2 2 2 2 2 2 2 2 2 2 2 2 2 2
left_child=9 2 3 -2 -5 6 8 -8 -6 10 11 -1 -13 15 -15 16 -14 19 -19 -12 -20 22 28 -24 25 26 27 -25 -22 -27
right_child=1 -3 -4 4 5 -7 7 -9 -10 -11 17 12 13 14 -16 -17 -18 18 20 -21 21 -23 23 24 -26 29 -28 -29 -30 -31
leaf_value=-9.3593677397480956e-07 3.0571038847223726e-05 -1.7824213726406152e-05 2.821944849740756e-05 -2.1877176182449889e-05 -2.5014268768635316e-05 -2.4563763872720301e-05 -5.0431370846126813e-06 4.6167899833959291e-05 1.4500541639487588e-05 -2.3901921630222833e-05 -9.0151368193838704e-06 3.6703439295803392e-05 -1.2562807302174406e-05 7.0617097201698523e-06 -3.8823003060001773e-05 5.2116996272976904e-05 4.1071891852576911e-05 4.0217719005771586e-05 2.5736365186136172e-05 -4.9850845207402025e-05 -5.0893297508270646e-05 -4.1603209623038614e-05 3.3406758861760694e-05 -4.7580998889316105e-05 -2.8527685381271932e-05 -1.2609979744916524e-05 -3.9147841811140289e-05 1.3098956294054236e-05 -5.5578458673351083e-06 1.7280432538156605e-05
leaf_weight=1131 21 27 43 32 28 21 20 39 24 29 146 47 32 36 29 29 24 38 26 20 29 24 27 20 41 36 38 71 23 130
leaf_count=1131 21 27 43 32 28 21 20 39 24 29 146 47 32 36 29 29 24 38 26 20 29 24 27 20 41 36 38 71 23 130
internal_value=-3.02931e-14 5.90417e-06 8.71412e-06 4.18044e-06 8.01159e-07 6.29894e-06 1.21378e-05 2.88082e-05 -6.77666e-06 -7.43122e-07 -4.06815e-07 1.42318e-06 1.49671e-05 8.15642e-06 -1.34099e-05 2.46483e-05 1.04235e-05 -4.03945e-06 -7.73682e-07 -1.39351e-05 -4.12352e-06 -5.89198e-06 -3.82676e-06 4.30641e-08 -2.63795e-06 9.60288e-07 -1.16993e-05 -2.37298e-07 -3.08411e-05 1.07982e-05
internal_weight=2281 255 228 185 164 132 111 59 52 2026 1997 1328 197 150 65 85 56 669 503 166 465 439 415 363 336 295 129 91 52 166
internal_count=2281 255 228 185 164 132 111 59 52 2026 1997 1328 197 150 65 85 56 669 503 166 465 439 415 363 336 295 129 91 52 166
is_linear=0
shrinkage=0.05


Tree=64
num_leaves=31
num_cat=0
split_feature=2 2 5 6 6 6 6 6 2 6 1 1 2 0 2 0 2 1 1 1 5 4 6 6 5 2 5 1 0 5
split_gain=3.85073e-06 4.02817e-06 1.6761e-05 1.1807e-05 1.44439e-05 1.09572e-05 1.35518e-05 8.76084e-06 1.72059e-05 1.56391e-05 6.95438e-06 8.21799e-06 6.56531e-06 6.16155e-06 5.95584e-06 9.50317e-06 6.22384e-06 5.27869e-06 1.43183e-05 1.51365e-05 1.52505e-05 1.12617e-05 9.57014e-06 8.44104e-06 1.35717e-05 1.51972e-05 1.32979e-05 1.6525e-05 1.33223e-05 1.6442e-05
threshold=-0.49639030362443254 -0.25258181004368768 46.254063623461995 5.6964734992053687 4.6914368202005656 6.7163248745954185 8.0464788961778542 9.3297995422728253 0.20905202694536076 9.2053254234753421 0.062622672557854947 -0.072917134538345862 -0.24428845572515318 -0.083446467979826897 -0.06425439489854369 0.23407190497977229 0.063959970479595077 0.18328908454556667 0.15650256315734476 0.1374559720123609 30.002499667015186 0.20124448855065938 4.6914368202005656 3.533820177008113 9.2473183114580042 0.18562220999163739 9.1719759556111846 -0.016327361775740245 0.58443346275968799 20.602287473105051
decision_type=2 2 2 2 2 2 2 2 2 2 2 2 2 2 2 2 2 2 2 2 2 2 2 2 2 2 2 2 2 2
left_child=-1 2 3 4 10 -5 -7 9 14 12 11 -2 -3 -8 15 -9 -16 18 19 23 -21 -20 -19 26 25 -25 27 -14 -28 -30
right_child=1 7 -4 5 -6 6 13 8 -10 -11 -12 -13 17 -15 16 -17 -18 22 21 20 -22 -23 -24 24 -26 -27 28 -29 29 -31
leaf_value=2.1843098656972871e-05 -2.2246289317232976e-05 2.4663070682975187e-05 3.606737197211866e-05 -5.0727212998969703e-05 3.7562642163330958e-05 1.8142731950438641e-05 -9.2577027035509853e-06 5.3880173891229791e-05 -2.4033372861595127e-05 -3.9623220829525967e-05 -2.9174285347315684e-05 1.4940190857697206e-05 -4.2198690721306775e-05 -4.6343348386320335e-05 -5.5413769327320293e-06 8.7537672334292432e-06 2.8103546544486936e-05 -4.2972254377673386e-05 7.4116712946278953e-06 -5.2177523788746587e-05 -4.4412346487033895e-07 5.4250065114675158e-05 1.9863921399268422e-06 5.4102859827930099e-06 -4.3285815199459036e-06 5.3798587305209371e-05 3.2463608041995132e-06 7.862197649314218e-06 4.9116545539474931e-05 9.8283155280063358e-06
leaf_weight=20 24 27 21 27 21 23 21 28 25 25 28 39 32 24 28 20 27 20 33 28 29 21 29 86 944 20 450 34 38 89
leaf_count=20 24 27 21 27 21 23 21 28 25 25 28 39 32 24 28 20 27 20 33 28 29 21 29 86 944 20 450 34 38 89
internal_value=-1.59802e-14 -1.93216e-07 -6.49516e-06 -1.08131e-05 1.8475e-07 -2.3779e-05 -1.3079e-05 5.13544e-07 1.3176e-05 -3.37264e-07 -8.44092e-06 7.73913e-07 1.85156e-07 -2.90367e-05 2.22074e-05 3.50775e-05 1.09752e-05 -1.71511e-07 2.68309e-07 -5.14175e-07 -2.5857e-05 2.56266e-05 -1.63641e-05 3.39069e-07 -2.42374e-06 1.45402e-05 4.85065e-06 -1.64097e-05 7.28252e-06 2.15838e-05
internal_weight=2281 2261 228 207 112 95 68 2033 128 1905 91 63 1880 45 103 48 55 1853 1804 1750 57 54 49 1693 1050 106 643 66 577 127
internal_count=2281 2261 228 207 112 95 68 2033 128 1905 91 63 1880 45 103 48 55 1853 1804 1750 57 54 49 1693 1050 106 643 66 577 127
is_linear=0
shrinkage=0.05


Tree=65
num_leaves=31
num_cat=0
split_feature=3 3 5 3 4 4 3 1 1 0 0 4 2 1 3 2 1 5 2 3 0 0 5 0 2 2 2 2 2 6
split_gain=3.78213e-06 1.41309e-05 1.30227e-05 1.15932e-05 1.41516e-05 1.21976e-05 1.66823e-05 1.17833e-05 3.27126e-05 1.35535e-05 1.22184e-05 1.04926e-05 1.07222e-05 1.68392e-05 1.32379e-05 1.11148e-05 9.29944e-06 8.69835e-06 8.64538e-06 1.3557e-05 1.20137e-05 1.10848e-05 9.73758e-06 9.50888e-06 1.0751e-05 9.86124e-06 8.33197e-06 9.69547e-06 1.79924e-05 1.75614e-05
threshold=-0.35242061252951823 -0.57079086303434201 7.8072593161092678 -0.095635212324580374 -0.86329991370123893 -0.73585865142588935 -0.23616405333818694 -0.019414047293149102 -0.054618502043230509 0.60212381099207257 0.42225681895409234 -0.5702237648187326 -0.19608769447199356 -0.064109323465585996 0.36447795413219169 0.1353698241506037 -0.11724260308721211 21.3712495789275 -0.072666315959019734 -0.53105981551718784 0.12159806595155721 -0.4302866036606095 29.830529911170569 0.6302865422013465 0.24112140882243124 0.11131575442944762 0.38663289026676195 0.12121579718238817 0.074524117942470061 6.434790508977045
decision_type=2 2 2 2 2 2 2 2 2 2 2 2 2 2 2 2 2 2 2 2 2 2 2 2 2 2 2 2 2 2
left_child=1 2 -1 5 17 6 -2 8 10 -9 16 12 -6 -14 -15 -16 -7 -5 20 -20 21 -3 -22 24 25 -21 27 28 -4 -29
right_child=3 18 26 4 11 7 -8 9 -10 -11 -12 -13 13 14 15 -17 -18 -19 19 23 22 -23 -24 -25 -26 -27 -28 29 -30 -31
leaf_value=-2.2346465768216014e-05 -4.6002676758473085e-05 -2.3554768014919044e-06 2.3943028951634915e-06 4.853895461050819e-05 -4.8708358510685645e-05 5.5705986007524187e-05 1.4447472203755753e-05 1.7824554862978132e-05 -3.712337502033084e-05 6.0131492611380172e-05 -9.225053276168183e-06 -2.6102491252059198e-07 2.9225577666445385e-05 -5.1202411668782588e-05 -2.3970603568306404e-05 2.3003943310868636e-05 1.6010405321746172e-05 8.4418460597876937e-06 -5.1060093532074605e-05 -2.2469591558192762e-05 -3.7129763541088323e-05 4.2862124127682563e-05 6.7776266524046868e-06 1.0136854812240141e-05 -5.0452545573617422e-05 8.9385248872064476e-06 2.9834110214973669e-05 4.296810182624724e-06 3.3297033035768643e-05 -2.8082522112526932e-05
leaf_weight=54 21 33 500 21 21 25 25 107 35 23 25 687 22 24 34 20 36 38 26 77 28 23 23 37 22 37 28 109 52 68
leaf_count=54 21 33 500 21 21 25 25 107 35 23 25 687 22 24 34 20 36 38 26 77 28 23 23 37 22 37 28 109 52 68
internal_value=-3.08141e-14 -2.07838e-06 1.37606e-06 1.99446e-06 -9.26076e-07 1.05201e-05 -1.31493e-05 1.48579e-05 3.62876e-06 2.53096e-05 2.02139e-05 -2.65225e-06 -1.62289e-05 -9.40817e-06 -2.03049e-05 -6.57262e-06 3.22791e-05 2.27137e-05 -1.12338e-05 -1.73964e-05 2.27572e-07 1.6216e-05 -1.73284e-05 -1.23371e-05 -1.84514e-05 -1.22757e-05 3.06829e-06 2.04024e-06 5.30543e-06 -8.14271e-06
internal_weight=2281 1117 811 1164 867 297 46 251 121 130 86 808 121 100 78 54 61 59 306 199 107 56 51 173 136 114 757 729 552 177
internal_count=2281 1117 811 1164 867 297 46 251 121 130 86 808 121 100 78 54 61 59 306 199 107 56 51 173 136 114 757 729 552 177
is_linear=0
shrinkage=0.05


Tree=66
num_leaves=31
num_cat=0
split_feature=0 4 1 3 4 6 5 5 3 0 1 1 4 0 0 1 6 6 1 3 1 1 0 2 0 0 6 3 1 2
split_gain=3.53384e-06 7.05984e-06 6.53722e-06 6.44166e-06 7.25353e-06 7.61027e-06 6.54205e-06 1.45156e-05 1.16832e-05 8.68413e-06 1.34807e-05 2.38803e-05 1.21533e-05 9.31013e-06 1.30234e-05 1.06218e-05 9.23586e-06 9.03238e-06 1.0334e-05 1.20173e-05 1.1402e-05 1.51455e-05 1.89123e-05 1.67885e-05 1.44004e-05 1.26556e-05 1.21938e-05 1.09027e-05 1.06003e-05 9.58742e-06
threshold=0.14067091672819468 -0.96692342614945248 0.18328908454556667 -0.98562195778879913 -0.85455530817055791 2.7085909768316703 44.785953064492269 43.913029428174788 -0.68084566207589081 0.044976089436798435 0.19541028444197184 0.15882756988951255 -0.22855095933914668 -0.93963935043048508 -0.88535438389404075 -0.0017546878006846618 9.737742077337403 9.3536227106484606 0.12140567330400136 -0.052644255009194778 -0.011436695221723308 -0.038739243527770716 -0.14907022693550784 0.006520761915662982 -0.73574655380358955 -0.59550377143227251 3.3811334619784748 -0.42897041382045725 0.019058390792807581 -0.13325731121369574
decision_type=2 2 2 2 2 2 2 2 2 2 2 2 2 2 2 2 2 2 2 2 2 2 2 2 2 2 2 2 2 2
left_child=1 -1 -2 -3 5 -5 7 9 -8 10 11 13 -11 15 -15 -6 17 18 20 -20 21 22 23 25 -25 29 -27 -26 -22 -16
right_child=2 3 -4 4 6 -7 8 -9 -10 12 -12 -13 -14 14 16 -17 -18 -19 19 -21 28 -23 -24 24 27 26 -28 -29 -30 -31
leaf_value=-3.0493569890192404e-05 2.8695083959882773e-06 -2.8722184721291777e-05 -2.3023542249575258e-05 -1.1229635438212428e-05 1.5454612973068533e-06 2.5264152456657034e-05 -1.7772166834362225e-05 -3.8596227334762392e-05 1.6815666281968553e-05 -4.6729584653803614e-05 -4.1302870249637637e-05 4.7422065769681538e-05 -5.0261497857059898e-06 2.4975903472889571e-05 1.3404827982275024e-06 -4.816905252482684e-05 -3.5136488568241477e-05 3.0141114395677428e-05 -3.6611971268030175e-06 -5.233861891264539e-05 2.2758446622219708e-05 -2.4726740932226631e-05 2.4246114015590675e-05 -6.0730521654477349e-05 -3.1206414678308651e-05 -3.5977302468381821e-05 6.2311620333523695e-06 6.4511695150891636e-06 1.6164473187995316e-06 3.9750599461285675e-05
leaf_weight=21 977 21 25 20 21 50 32 28 103 25 20 26 58 49 33 22 20 23 32 21 80 83 61 20 40 28 44 37 229 32
leaf_count=21 977 21 25 20 21 50 32 28 103 25 20 26 58 49 33 22 20 23 32 21 80 83 61 20 40 28 44 37 229 32
internal_value=6.3557e-14 -1.74192e-06 2.22347e-06 -1.26197e-06 -7.95788e-07 1.48374e-05 -1.73351e-06 -3.08751e-06 8.61707e-06 -2.09723e-06 -7.01258e-07 1.99999e-07 -1.75874e-05 -1.20317e-06 -3.06617e-08 -2.38899e-05 -1.59557e-06 -7.16383e-07 -1.67547e-06 -2.29485e-05 -3.43178e-08 -5.85825e-06 -5.49488e-07 -7.0133e-06 -2.29296e-05 4.25593e-06 -1.01832e-05 -1.31112e-05 7.0901e-06 2.02501e-05
internal_weight=2281 1279 1002 1258 1237 70 1167 1032 135 1004 921 901 83 875 832 43 783 763 740 53 687 378 295 234 97 137 72 77 309 65
internal_count=2281 1279 1002 1258 1237 70 1167 1032 135 1004 921 901 83 875 832 43 783 763 740 53 687 378 295 234 97 137 72 77 309 65
is_linear=0
shrinkage=0.05


Tree=67
num_leaves=31
num_cat=0
split_feature=2 2 5 6 6 6 6 5 6 2 6 5 2 0 6 5 2 3 2 2 6 0 4 1 0 0 4 6 3 3
split_gain=3.48883e-06 3.66584e-06 1.48629e-05 1.04836e-05 1.27475e-05 9.86479e-06 1.22288e-05 9.64636e-06 7.86025e-06 1.48067e-05 1.41697e-05 7.32329e-06 5.60803e-06 5.37883e-06 5.17754e-06 5.09542e-06 5.14567e-06 4.35967e-06 1.29492e-05 1.73367e-05 2.72405e-05 1.68237e-05 1.59798e-05 1.53818e-05 1.13713e-05 1.22364e-05 9.6578e-06 1.45231e-05 9.62747e-06 2.01564e-05
threshold=-0.49639030362443254 -0.25258181004368768 46.254063623461995 5.6964734992053687 3.4158208969525563 6.7163248745954185 8.0464788961778542 28.296246787746519 9.3297995422728253 0.20469772749688034 9.1214276303431863 20.75680992686577 -0.24428845572515318 -0.083446467979826897 9.0365395283772489 39.142346796244823 -0.11884654832275891 0.39221797174191114 0.17805323044718988 -0.089127970922935423 0.76322440570779593 0.4728462506903634 0.21277472291807767 0.11790178013712738 0.38809901797693108 -0.0062696582350003629 0.8890591274945242 5.3341607145920911 0.19287258362053164 0.16136018778233843
decision_type=2 2 2 2 2 2 2 2 2 2 2 2 2 2 2 2 2 2 2 2 2 2 2 2 2 2 2 2 2 2
left_child=-1 2 3 4 11 -5 -7 -6 10 15 12 -2 -3 -8 17 16 -10 26 19 24 -21 22 -20 -22 25 -19 28 -28 29 -14
right_child=1 8 -4 5 7 6 13 -9 9 -11 -12 -13 14 -15 -16 -17 -18 18 21 20 23 -23 -24 -25 -26 -27 27 -29 -30 -31
leaf_value=2.0791335082321897e-05 4.2374653276056055e-06 2.2961239781377827e-05 3.388446354316936e-05 -4.8049172181452852e-05 -5.1772650567727395e-06 1.7331685318659451e-05 -9.0056115747453692e-06 3.7204550542434129e-05 3.4889954709480821e-05 -1.9653517311521036e-05 -2.8692101494566172e-05 -3.1639036707488367e-05 -2.2870018004049745e-06 -4.3655745389514781e-05 2.4117116878518243e-05 4.1567341547003411e-05 6.5697737467554319e-06 1.4974510974770267e-05 3.1524416580991943e-05 -6.2931587599450729e-05 2.0632953222131427e-06 5.8657985874046778e-05 -2.4986188116765171e-05 -4.2847030497449894e-05 -9.4961887563321014e-06 6.019630790909841e-05 3.3974449592146055e-05 -9.3235670058621673e-06 -1.7572006352565952e-05 4.7128698185718224e-05
leaf_weight=20 25 27 21 27 25 23 21 29 23 28 43 33 1190 24 22 24 53 52 29 20 207 23 22 21 28 21 45 34 100 21
leaf_count=20 25 27 21 27 25 23 21 29 23 28 43 33 1190 24 22 24 53 52 29 20 207 23 22 21 28 21 45 34 100 21
internal_value=-5.06202e-14 -1.83913e-07 -6.19575e-06 -1.02619e-05 1.01328e-07 -2.24795e-05 -1.23269e-05 1.75833e-05 4.90312e-07 1.24843e-05 -3.1558e-07 -1.6175e-05 3.39732e-07 -2.74857e-05 6.88148e-09 2.14828e-05 1.51404e-05 -2.85686e-07 4.15894e-06 1.3062e-07 -6.98112e-06 2.31574e-05 7.14729e-06 -2.07318e-06 1.75931e-05 2.79835e-05 -1.63826e-06 1.53399e-05 -2.66135e-06 -1.43008e-06
internal_weight=2281 2261 228 207 112 95 68 54 2033 128 1905 58 1862 45 1835 100 76 1813 423 349 248 74 51 228 101 73 1390 79 1311 1211
internal_count=2281 2261 228 207 112 95 68 54 2033 128 1905 58 1862 45 1835 100 76 1813 423 349 248 74 51 228 101 73 1390 79 1311 1211
is_linear=0
shrinkage=0.05


Tree=68
num_leaves=31
num_cat=0
split_feature=0 3 4 0 1 2 4 4 1 3 0 1 0 2 1 1 0 5 2 3 2 2 5 5 6 1 0 2 3 0
split_gain=3.21876e-06 7.0472e-06 7.53807e-06 9.41443e-06 1.17143e-05 1.49281e-05 1.01688e-05 9.06775e-06 6.54872e-06 5.47515e-06 5.09362e-06 2.67933e-05 1.98551e-05 1.32069e-05 4.72791e-06 1.67356e-05 1.31259e-05 9.66158e-06 1.43631e-05 2.23935e-05 1.09688e-05 8.49156e-06 1.86759e-05 1.72464e-05 1.93102e-05 1.85475e-05 1.54958e-05 1.8915e-05 1.66079e-05 1.38509e-05
threshold=0.7787534216865436 1.4000281130998224 0.78008100505649092 0.96851249974005005 0.053819287128936785 -0.17491549823259869 -0.14926065544250108 -0.22855095933914668 -0.043842787214594413 2.9549202078700429 0.71675442864213279 -0.076421164445306597 0.6885275317088132 -0.072666315959019734 0.039698185279432148 0.013133266449899138 -0.80614705658251173 13.74258388031051 0.026497428459195106 -0.57690528009463471 -0.050507023856289392 -0.052300110438473144 8.4825676239398469 11.783061507371873 6.8076638842812285 0.1090488475407979 -0.7640840894882025 -0.031722127581523117 -0.86397198320143997 -0.474623385789332
decision_type=2 2 2 2 2 2 2 2 2 2 2 2 2 2 2 2 2 2 2 2 2 2 2 2 2 2 2 2 2 2
left_child=9 2 3 4 5 -2 -7 -6 -8 10 12 -12 14 -13 15 -1 -17 -18 20 -20 -19 23 -23 -16 -25 -26 -24 -28 -29 -30
right_child=1 -3 -4 -5 7 6 8 -9 -10 -11 11 13 -14 -15 21 16 17 18 19 -21 -22 22 26 24 25 -27 27 28 29 -31
leaf_value=-1.0240777672622992e-06 2.1071819709115e-05 3.2344690837569287e-05 2.5697184651841284e-05 -2.662911909283139e-05 3.9867724938501077e-07 2.4858872303880303e-06 -5.5338564889098054e-05 3.908423171224334e-05 -1.6218136110894748e-05 -2.2235770764946838e-05 -6.2832857565808808e-05 -2.6838314806809652e-05 4.3559123473467203e-05 2.1840917868662234e-05 -2.7052005715654005e-05 5.2585770823671262e-05 3.5605698577050531e-05 5.567216898530855e-06 2.1979526172799525e-05 -4.1912195985105431e-05 4.682513732632288e-05 2.5424289027695422e-05 -4.0130915691737425e-05 -1.9293142104875335e-06 3.0959118501212086e-06 5.2865021018824813e-05 -5.0840062021014404e-05 2.6117307975494585e-05 1.5338646387843053e-05 -1.5575093333051969e-05
leaf_weight=1066 35 22 31 30 28 33 20 33 23 29 20 22 26 38 41 21 31 49 24 32 24 36 44 155 36 39 24 38 45 186
leaf_count=1066 35 22 31 30 28 33 20 33 23 29 20 22 26 38 41 21 31 49 24 32 24 36 44 155 36 39 24 38 45 186
internal_value=6.54378e-14 5.29421e-06 2.74009e-06 -7.83027e-07 3.72501e-06 -5.94811e-06 -1.83915e-05 2.13269e-05 -3.44137e-05 -6.6635e-07 -3.53123e-07 -1.27143e-05 1.62732e-07 3.99187e-06 -4.33939e-07 1.36273e-06 1.54199e-05 1.05418e-05 4.51872e-06 -1.453e-05 1.91315e-05 -3.9129e-06 -8.80675e-06 2.82293e-06 8.14846e-06 2.89758e-05 -1.24635e-05 -8.30864e-06 -4.51402e-06 -9.55294e-06
internal_weight=2281 255 233 202 172 111 76 61 43 2026 1997 80 1917 60 1891 1247 181 160 129 56 73 644 373 271 230 75 337 293 269 231
internal_count=2281 255 233 202 172 111 76 61 43 2026 1997 80 1917 60 1891 1247 181 160 129 56 73 644 373 271 230 75 337 293 269 231
is_linear=0
shrinkage=0.05


Tree=69
num_leaves=31
num_cat=0
split_feature=3 3 5 3 4 1 0 5 4 1 1 0 4 6 3 2 6 5 4 1 0 3 6 5 6 6 2 6 2 0
split_gain=3.3547e-06 1.26872e-05 1.16675e-05 1.04427e-05 1.23597e-05 1.11344e-05 1.49283e-05 1.20181e-05 1.18115e-05 1.33401e-05 1.83537e-05 1.18302e-05 9.42551e-06 1.31351e-05 1.49965e-05 1.08241e-05 1.4716e-05 1.22045e-05 1.00314e-05 9.89329e-06 1.06842e-05 9.33823e-06 1.09179e-05 9.42824e-06 8.34409e-06 1.93936e-05 2.03894e-05 1.50924e-05 1.3572e-05 9.91968e-06
threshold=-0.35242061252951823 -0.57079086303434201 7.8072593161092678 -0.095635212324580374 -0.86329991370123893 0.0071326947271963615 -0.59550377143227251 24.331110834023523 -0.73585865142588935 -0.057178416135536016 -0.019414047293149102 0.42225681895409234 -0.30230225385511061 2.976959137024104 0.36447795413219169 -0.15145576215688397 5.6364801116208341 23.932455008391262 -0.62162670498478056 -0.027972069521628232 0.068912678179470124 -0.017226097654323255 0.66029417179504291 26.309070719270803 2.9135253749669765 5.6364801116208341 0.22808383301112564 1.7055149109394299 0.11131575442944762 -0.44629455461774464
decision_type=2 2 2 2 2 2 2 2 2 2 2 2 2 2 2 2 2 2 2 2 2 2 2 2 2 2 2 2 2 2
left_child=1 2 -1 5 -5 8 -7 -8 -2 11 -11 -10 13 14 -6 17 18 -15 -17 -18 -21 23 -23 -14 27 29 28 -3 -27 -26
right_child=3 24 -4 4 12 6 7 -9 9 10 -12 -13 21 15 -16 16 19 -19 -20 20 -22 22 -24 -25 25 26 -28 -29 -30 -31
leaf_value=-2.113850321081743e-05 -3.2369401808616457e-05 -1.2255770243942643e-05 2.9175754782286752e-06 2.1199036345316959e-05 -5.9462477209028581e-05 -1.3778137842261154e-05 1.2710585509253457e-05 4.7729719138872925e-05 3.2767123408622615e-05 -3.2081546550426329e-05 1.9010580888334517e-05 -8.9729673770004108e-06 -4.2236953504470875e-05 -5.2891360454460875e-05 -1.0181873987771963e-05 -2.6029888810323127e-06 -3.9539268271420786e-05 1.0144188958552799e-06 3.9617059038017249e-05 -2.4007194740988782e-05 2.0250822023323662e-05 -2.2228142087215018e-05 4.9542110317833393e-06 4.2457175368326714e-06 -6.5225760339498746e-05 -5.0867629614292822e-06 -5.1989798612339656e-05 3.3671941175136317e-05 3.8033765229721962e-05 -2.4929894776245682e-05
leaf_weight=54 22 53 757 59 26 24 49 49 58 39 32 24 24 21 38 24 22 21 34 25 30 40 483 20 21 107 20 27 22 56
leaf_count=54 22 53 757 59 26 24 49 49 58 39 32 24 24 21 38 24 22 21 34 25 30 40 483 20 21 107 20 27 22 56
internal_value=-7.64346e-14 -1.95742e-06 1.31581e-06 1.87838e-06 -8.93464e-07 9.96994e-06 2.15648e-05 3.02202e-05 1.8867e-06 6.81242e-06 -9.05411e-06 2.05505e-05 -2.50665e-06 -1.07899e-05 -3.02021e-05 -3.77077e-06 3.12585e-06 -2.59385e-05 2.21467e-05 -1.12015e-05 1.33542e-07 1.01408e-06 2.87525e-06 -2.11085e-05 -1.06326e-05 -1.55449e-05 -5.01568e-06 3.24483e-06 2.26713e-06 -3.59197e-05
internal_weight=2281 1117 811 1164 867 297 122 98 175 153 71 82 808 241 64 177 135 42 58 77 55 567 523 44 306 226 149 80 129 77
internal_count=2281 1117 811 1164 867 297 122 98 175 153 71 82 808 241 64 177 135 42 58 77 55 567 523 44 306 226 149 80 129 77
is_linear=0
shrinkage=0.05


Tree=70
num_leaves=31
num_cat=0
split_feature=2 2 5 0 5 0 0 6 5 3 6 1 4 2 3 5 5 3 5 1 1 3 4 1 3 6 2 4 3 2
split_gain=3.23124e-06 5.0814e-06 1.57253e-05 8.98215e-06 8.0397e-06 5.602e-06 6.07757e-06 8.9544e-06 7.08851e-06 7.05455e-06 1.56902e-05 1.06381e-05 9.97217e-06 9.50216e-06 9.1828e-06 1.10741e-05 1.20705e-05 1.06281e-05 1.04556e-05 9.31818e-06 1.2983e-05 8.74053e-06 1.27543e-05 1.03671e-05 9.84165e-06 1.69047e-05 1.59988e-05 1.65868e-05 1.49512e-05 1.27021e-05
threshold=-0.44696350100489879 -0.3147363972096619 28.296246787746519 0.27127101557587657 19.919345958711123 -0.96021826446790937 -0.88535438389404075 0.16992477939633158 32.017170047775174 -0.33404991186042121 0.36707999642608463 0.15650256315734476 0.9142274033701423 0.060632046296912635 -0.56388695627041896 16.122195829058246 32.850609946945802 -0.48162853505853342 7.6207398771442776 0.065485861563205142 0.078529679665549926 -0.095635212324580374 -0.73585865142588935 0.015968274904500156 0.39221797174191114 7.4293676135155042 0.15850035297795842 0.20124448855065938 0.46806817114252547 -0.10025022699844792
decision_type=2 2 2 2 2 2 2 2 2 2 2 2 2 2 2 2 2 2 2 2 2 2 2 2 2 2 2 2 2 2
left_child=-1 2 4 -4 -2 -3 8 -8 -7 11 -11 12 14 -13 18 17 -17 -16 -9 -20 -21 22 -12 -24 25 29 27 -27 -26 -23
right_child=1 5 3 -5 -6 6 7 9 -10 10 21 13 -14 -15 15 16 -18 -19 19 20 -22 24 23 -25 28 26 -28 -29 -30 -31
leaf_value=1.4085849443858933e-05 -1.3819461994336009e-05 -1.9822535207769014e-05 -9.5863055548761629e-06 3.1647088908357548e-05 -5.0594914026315454e-05 8.8063104991912642e-07 -2.7032581153131713e-05 -2.6205654999435736e-05 2.9786392784253143e-05 3.8480457496623265e-05 -1.6703062774467982e-05 3.7091142507227733e-05 2.1009272780084316e-05 -6.4693006736758572e-06 -2.0549746113829315e-05 -3.1327748223894125e-05 -5.9876865155382155e-06 2.650536115349193e-05 3.0415582049377902e-06 -4.5273602760668538e-05 -4.4754472513047336e-06 -3.5123574484156022e-05 6.6042502905185234e-06 3.0581945497639631e-05 3.844216986787312e-05 4.6562754788384259e-05 -2.5446265624937258e-05 -7.7950361794196599e-06 1.8996931649229046e-06 -7.4213872098489026e-06
leaf_weight=40 42 34 28 25 23 48 30 41 38 31 35 31 39 21 20 95 93 30 485 24 104 57 113 75 30 36 21 23 418 151
leaf_count=40 42 34 28 25 23 48 30 41 38 31 35 31 39 21 20 95 93 30 485 24 104 57 113 75 30 36 21 23 418 151
internal_value=-3.72622e-15 -2.51421e-07 -1.03503e-05 9.86341e-06 -2.68323e-05 3.09894e-07 6.37564e-07 7.87413e-08 1.36529e-05 4.90976e-07 3.47018e-06 -2.50944e-06 -3.73872e-06 1.94994e-05 -4.82076e-06 -1.32304e-05 -1.87925e-05 7.68332e-06 -1.76038e-06 -1.25379e-07 -1.21251e-05 2.33846e-06 1.10104e-05 1.61698e-05 -2.89042e-07 -7.50025e-06 1.20325e-05 2.53724e-05 4.34673e-06 -1.50129e-05
internal_weight=2281 2241 118 53 65 2123 2089 2003 86 1973 990 983 931 52 892 238 188 50 654 613 128 959 223 188 736 288 80 59 448 208
internal_count=2281 2241 118 53 65 2123 2089 2003 86 1973 990 983 931 52 892 238 188 50 654 613 128 959 223 188 736 288 80 59 448 208
is_linear=0
shrinkage=0.05


Tree=71
num_leaves=31
num_cat=0
split_feature=5 2 2 6 6 2 2 2 5 5 1 2 2 1 1 6 0 0 4 6 1 6 2 3 2 6 3 6 5 3
split_gain=3.14654e-06 1.17987e-05 8.64551e-06 8.14523e-06 7.85128e-06 7.8371e-06 7.67892e-06 8.74856e-06 7.81481e-06 9.46423e-06 1.10999e-05 7.03508e-06 9.38413e-06 8.88686e-06 1.64253e-05 1.56538e-05 1.81935e-05 1.52112e-05 1.42893e-05 1.12282e-05 9.9164e-06 7.14556e-06 1.66294e-05 1.63969e-05 8.911e-06 1.0485e-05 7.47038e-06 1.64777e-05 1.35303e-05 1.34737e-05
threshold=47.891782442315289 -0.17491549823259869 0.44538977779756267 3.5872283718393732 7.4693913002114698 0.41093430601417474 0.38663289026676195 0.34713760348066897 47.080369101363061 45.400466661734519 -0.019414047293149102 -0.2229191912066289 -0.44696350100489879 -0.069535751899897066 0.056994430649668949 5.3624337555828978 0.41491956905431443 -0.072370218247685067 0.50013726567849304 6.7163248745954185 0.10484105370281636 0.76322440570779593 -0.069914721198334903 0.33249216898990103 0.17231492938502677 0.43820525462159093 0.39221797174191114 5.9591510278833502 40.269633172759242 -0.052644255009194778
decision_type=2 2 2 2 2 2 2 2 2 2 2 2 2 2 2 2 2 2 2 2 2 2 2 2 2 2 2 2 2 2
left_child=2 -2 5 -3 -5 6 7 8 9 11 -11 12 -1 18 15 16 -15 -17 19 -14 -16 22 -13 24 25 -24 29 28 -28 -23
right_child=1 3 -4 4 -6 -7 -8 -9 -10 10 -12 21 13 14 20 17 -18 -19 -20 -21 -22 26 23 -25 -26 -27 27 -29 -30 -31
leaf_value=1.6038070010735183e-05 4.0966942097756232e-05 2.0768394113640006e-05 3.1485706079235696e-05 -2.3121430912696514e-05 1.2429449125193061e-05 -2.9164319600264816e-05 2.8302492943982106e-05 -2.6689221223108464e-05 -2.3768166663233256e-05 4.6752872509861611e-05 3.5415589688151764e-06 1.5573772938429412e-05 -6.6432822495698926e-05 2.9449988966234743e-06 -4.714973745586608e-05 2.0039297451148743e-05 5.9553657642523335e-05 -3.554653634125771e-05 5.3760246690058999e-06 -1.6369934175080352e-05 -8.3263406275747046e-06 2.1638680420062101e-06 -2.760537851524229e-06 -6.2780106054560755e-05 1.6762074374128136e-05 -5.0525230653875043e-05 1.2053868884135334e-05 -4.4578565670051345e-06 4.991805776457854e-05 -1.1785457120198215e-05
leaf_weight=36 22 33 21 41 25 24 23 32 35 23 42 41 24 40 29 20 22 32 23 21 38 964 27 20 20 20 187 158 27 211
leaf_count=36 22 33 21 41 25 24 23 32 35 23 42 41 24 40 29 20 22 32 23 21 38 964 27 20 20 20 187 158 27 211
internal_value=-2.10453e-15 7.84618e-06 -4.39531e-07 4.86006e-07 -9.65519e-06 -7.52963e-07 -4.30564e-07 -7.46463e-07 -3.43469e-07 6.14025e-08 1.88317e-05 -5.61082e-07 -7.82317e-06 -1.1273e-05 -5.48324e-06 6.06384e-06 2.30319e-05 -1.41674e-05 -2.66839e-05 -4.30701e-05 -2.51305e-05 6.74556e-07 -1.06787e-05 -2.30506e-05 -1.1191e-05 -2.30859e-05 1.61393e-06 7.78903e-06 1.68311e-05 -3.41075e-07
internal_weight=2281 121 2160 99 66 2139 2115 2092 2060 2025 65 1960 285 249 181 114 62 52 68 45 67 1675 128 87 67 47 1547 372 214 1175
internal_count=2281 121 2160 99 66 2139 2115 2092 2060 2025 65 1960 285 249 181 114 62 52 68 45 67 1675 128 87 67 47 1547 372 214 1175
is_linear=0
shrinkage=0.05


Tree=72
num_leaves=31
num_cat=0
split_feature=1 6 1 1 5 5 0 6 6 5 5 6 5 0 4 2 6 6 6 1 2 4 6 2 2 2 5 3 1 6
split_gain=2.99482e-06 1.92939e-05 8.00358e-06 1.51979e-05 1.15539e-05 9.42786e-06 6.5119e-06 5.15849e-06 1.49819e-05 1.28227e-05 1.43112e-05 1.35185e-05 1.33669e-05 1.69381e-05 1.83756e-05 1.48217e-05 1.33216e-05 1.03401e-05 1.09982e-05 1.02363e-05 1.34681e-05 1.06168e-05 1.20143e-05 1.82732e-05 1.27608e-05 1.07915e-05 9.3889e-06 1.91944e-05 1.49714e-05 8.3186e-06
threshold=0.1903863097950951 6.8970771484392861 0.15650256315734476 0.1374559720123609 30.002499667015186 32.311851874211307 0.18475811325287986 3.533820177008113 3.3811334619784748 9.1719759556111846 17.17681693578108 2.2219169187780916 45.400466661734519 -0.37383375373099198 -0.5336323361935541 0.15559590417747129 1.1675211579003781 3.7774291267374216 3.9850331865175286 0.075190658154595413 0.094279235732256911 0.55770554603920319 1.7670870216837811 -0.1448572202597144 -0.13136416718252153 -0.011307474168437777 29.830529911170569 -0.25150934044330348 -0.042320498608479439 5.0403044725071053
decision_type=2 2 2 2 2 2 2 2 2 2 2 2 2 2 2 2 2 2 2 2 2 2 2 2 2 2 2 2 2 2
left_child=2 -2 3 7 -5 6 -4 8 9 11 -11 16 13 14 -12 19 -1 -9 -19 20 21 22 23 -15 -24 -25 28 -28 -16 -20
right_child=1 -3 5 4 -6 -7 -8 17 -10 10 12 -13 -14 15 26 -17 -18 18 29 -21 -22 -23 24 25 -26 -27 27 -29 -30 -31
leaf_value=-2.6934702067852154e-05 -3.3295046082552446e-05 2.7955235327681294e-05 4.9049147934926195e-05 -4.4869039150150712e-05 -1.9957182788251281e-06 -7.909968648164068e-06 1.142429048385289e-05 -2.4121269744152113e-05 3.5342522992070571e-05 2.0353257398780373e-05 -5.4620030263882101e-05 -5.0260551705088634e-05 2.1828748861301422e-05 2.1167444134809322e-05 3.8409375796934752e-06 2.8439843771473464e-05 2.3830486194735084e-05 2.2505370456201491e-05 -1.0627015801840505e-05 -2.6206581477548328e-05 -3.0860013095661998e-05 2.8121377931247296e-05 -1.6492431186634348e-05 -6.0799352627327612e-05 3.2032608053593019e-05 -9.4804471126779047e-06 3.4621735942986063e-05 -2.003745276953042e-05 -5.2611193389869495e-05 3.6763121660884266e-07
leaf_weight=28 36 20 23 33 30 25 23 48 36 117 26 22 66 23 23 53 24 50 205 34 25 49 20 20 42 21 29 36 24 1070
leaf_count=28 36 20 23 33 30 25 23 48 36 117 26 22 66 23 23 53 24 50 205 34 25 49 20 20 42 21 29 36 24 1070
internal_value=2.67471e-14 -1.14199e-05 2.87423e-07 -2.57021e-07 -2.44532e-05 1.68048e-05 3.02367e-05 4.71988e-07 3.9062e-06 2.24681e-06 4.63864e-06 -1.7405e-05 8.94017e-07 -2.35702e-06 -1.67519e-05 4.56457e-06 -3.50462e-06 -1.32391e-06 -4.98041e-07 -8.43081e-07 3.46871e-06 8.37282e-06 6.92823e-07 -1.45035e-05 1.63794e-05 -3.45141e-05 -7.96112e-06 4.34895e-06 -2.49857e-05 -1.40014e-06
internal_weight=2281 56 2225 2154 63 71 46 2091 718 682 608 74 491 425 138 287 52 1373 1325 234 200 175 126 64 62 41 112 65 47 1275
internal_count=2281 56 2225 2154 63 71 46 2091 718 682 608 74 491 425 138 287 52 1373 1325 234 200 175 126 64 62 41 112 65 47 1275
is_linear=0
shrinkage=0.05


Tree=73
num_leaves=31
num_cat=0
split_feature=1 1 1 5 5 4 3 3 2 0 2 1 3 2 2 2 2 4 2 1 5 1 1 1 0 5 2 1 2 1
split_gain=2.93571e-06 9.06193e-06 1.10891e-05 1.32032e-05 9.78309e-06 1.7693e-05 1.28794e-05 1.51309e-05 1.45585e-05 1.38897e-05 1.33675e-05 9.64612e-06 8.44051e-06 1.38914e-05 1.47546e-05 7.34128e-06 7.03319e-06 1.55142e-05 2.16984e-05 1.41988e-05 1.40914e-05 6.62661e-06 5.69208e-06 1.01065e-05 1.66782e-05 2.08344e-05 8.50639e-06 7.91601e-06 1.76193e-05 9.90166e-06
threshold=-0.061486165165262695 -0.081312915314233389 -0.086505532676006039 48.030921389829551 34.986468588737125 0.52387690839467826 1.1230747198150026 -0.26303955938419721 -0.16302208831043521 0.32746085153823729 -0.0051830903039253003 -0.11841226741822611 -0.36840746073048664 -0.078017932533450532 0.12996528596100063 -0.21267522874435249 0.094279235732256911 -0.42318420829116449 -0.034809703208537428 -0.068661228631671553 22.710297585034791 -0.12440775833121277 -0.033784105104173505 -0.020511106465067316 0.03471540819665065 31.105906677244377 0.0053808986160048195 -0.0027707899849536591 0.16960891077021042 0.00050468186702661477
decision_type=2 2 2 2 2 2 2 2 2 2 2 2 2 2 2 2 2 2 2 2 2 2 2 2 2 2 2 2 2 2
left_child=1 2 3 4 6 11 7 12 -9 10 -10 -6 13 15 21 -1 17 -3 19 -19 -18 -15 26 24 25 -24 -2 28 -25 -29
right_child=22 16 -4 -5 5 -7 -8 8 9 -11 -12 -13 -14 14 -16 -17 20 18 -20 -21 -22 -23 23 27 -26 -27 -28 29 -30 -31
leaf_value=-9.7574659527956764e-07 1.7275661716740291e-05 3.1564098927364372e-05 2.7282874897436061e-05 3.2956552330982885e-05 -1.8317023650803207e-05 1.6886493836796879e-05 -2.8980871984734253e-05 -1.0403307019700035e-05 7.5822611707042679e-05 2.6314505353534163e-07 2.4156536312236107e-05 -5.8170501407320524e-05 -3.2128329999977724e-05 -1.1189203347573218e-05 1.2606118995078047e-05 3.7620997279321145e-05 -5.7463274982222609e-05 -5.2013699221149457e-05 1.8442286267189401e-05 -5.3842658893526752e-07 -4.6444667792197187e-06 -4.5290819686881279e-05 -5.9391569884885966e-05 3.3837143754473736e-06 2.4122932107897408e-06 4.5551597885115865e-07 -2.2705361049144032e-06 -3.0002867842321631e-05 4.6449576348095438e-05 6.3994115415811924e-07
leaf_weight=22 124 22 36 26 49 27 33 31 21 26 31 22 25 29 37 28 23 37 31 21 28 28 33 114 76 26 101 27 30 1117
leaf_count=22 124 22 36 26 49 27 33 31 21 26 31 22 25 29 37 28 23 37 31 21 28 28 33 114 76 26 101 27 30 1117
internal_value=-2.33805e-14 -2.89428e-06 6.1425e-07 -1.59281e-06 -3.7891e-06 -1.75648e-05 5.51793e-07 4.05747e-06 1.85823e-05 3.01022e-05 4.50217e-05 -3.0666e-05 -5.31059e-06 -6.54736e-07 -1.19809e-05 2.06384e-05 -1.3095e-05 -6.03327e-06 -1.5327e-05 -3.33761e-05 -2.84647e-05 -2.79409e-05 1.1117e-06 -5.6765e-08 -1.30722e-05 -3.30183e-05 8.50159e-06 1.30743e-06 1.23558e-05 -8.3272e-08
internal_weight=2281 633 471 435 409 98 311 278 109 78 52 71 169 144 94 50 162 111 89 58 51 57 1648 1423 135 59 225 1288 144 1144
internal_count=2281 633 471 435 409 98 311 278 109 78 52 71 169 144 94 50 162 111 89 58 51 57 1648 1423 135 59 225 1288 144 1144
is_linear=0
shrinkage=0.05


Tree=74
num_leaves=31
num_cat=0
split_feature=3 3 3 3 2 5 1 1 3 4 5 4 3 1 0 5 1 2 4 4 4 0 5 5 2 1 6 4 2 3
split_gain=2.83147e-06 1.10727e-05 9.80791e-06 1.3611e-05 1.18821e-05 9.00174e-06 8.66932e-06 8.47213e-06 8.38186e-06 1.0941e-05 9.60576e-06 1.44499e-05 1.5317e-05 1.48282e-05 1.20835e-05 9.96364e-06 9.63306e-06 1.13681e-05 8.45073e-06 9.79725e-06 1.28551e-05 9.06271e-06 8.41873e-06 1.00572e-05 8.89323e-06 1.50226e-05 9.80223e-06 1.25101e-05 1.84033e-05 1.84077e-05
threshold=-0.35242061252951823 -0.36840746073048664 -0.39847253515632064 -0.57079086303434201 -0.072666315959019734 7.8072593161092678 0.078529679665549926 -0.074223876687891835 -0.095635212324580374 -0.86329991370123893 29.350645634653375 0.63856432913896344 -0.17534139349240738 0.053819287128936785 0.39489172891612362 35.329339134481025 0.015968274904500156 0.10420044086468273 -0.5702237648187326 -0.65668819673504608 -0.73009591169971422 0.52263216876063034 43.771930036148845 47.891782442315289 0.19409059465498568 -0.085275246907395838 2.6316723843064689 0.8938787192571761 -0.090864335947576716 0.27602309643420014
decision_type=2 2 2 2 2 2 2 2 2 2 2 2 2 2 2 2 2 2 2 2 2 2 2 2 2 2 2 2 2 2
left_child=1 2 3 5 7 -1 -6 -5 10 -10 11 12 13 14 -2 -12 17 -17 19 20 21 -11 24 -24 26 -26 -20 28 29 -28
right_child=8 -3 -4 4 6 -7 -8 -9 9 18 15 -13 -14 -15 -16 16 -18 -19 22 -21 -22 -23 23 -25 25 -27 27 -29 -30 -31
leaf_value=-1.8504201388067387e-05 -1.5777343285587146e-05 -3.342845458839158e-05 2.4648583823565987e-05 3.0113228552051753e-05 -2.6633730841439966e-05 2.6257696795455211e-06 2.5809285887135051e-06 -6.283357606322958e-06 2.0028267627143796e-05 -3.3610189524811825e-05 4.4398542590897713e-05 3.239612470982441e-05 2.0053680414093835e-05 1.3850608105972891e-05 -6.2035073049173669e-05 -1.4895823822075198e-05 3.146440976706799e-05 3.0732521499885481e-05 -1.1950504688727456e-05 -3.5486574874037044e-05 2.6019620948621497e-05 6.2817837412391487e-06 -2.7460196158049908e-05 6.4130710837970494e-06 -2.1689895784220426e-05 2.7446024676334802e-05 -3.8839027262798962e-06 -2.4718965084632926e-05 -2.6415504579861234e-06 3.5547917400709785e-05
leaf_weight=54 48 27 36 21 123 757 32 67 59 35 30 30 40 28 20 43 38 20 137 38 24 24 56 36 20 70 46 35 204 83
leaf_count=54 48 27 36 21 123 757 32 67 59 35 30 30 40 28 20 43 38 20 137 38 24 24 56 36 20 70 46 35 204 83
internal_value=-4.68673e-14 -1.7983e-06 -1.0148e-06 -1.89135e-06 -1.22715e-05 1.21884e-06 -2.06023e-05 2.40219e-06 1.72569e-06 -7.57628e-07 8.97498e-06 9.86952e-07 -5.94154e-06 -1.67729e-05 -2.93826e-05 1.90972e-05 1.1582e-05 -4.10635e-07 -2.27541e-06 -1.44596e-05 -4.83281e-06 -1.73829e-05 -1.2943e-07 -1.42054e-05 2.04703e-06 1.65269e-05 -5.33548e-07 3.71679e-06 6.70553e-06 2.1487e-05
internal_weight=2281 1117 1090 1054 243 811 155 88 1164 867 297 166 136 96 68 131 101 63 808 121 83 59 687 92 595 90 505 368 333 129
internal_count=2281 1117 1090 1054 243 811 155 88 1164 867 297 166 136 96 68 131 101 63 808 121 83 59 687 92 595 90 505 368 333 129
is_linear=0
shrinkage=0.05


Tree=75
num_leaves=31
num_cat=0
split_feature=1 6 1 1 5 5 0 6 6 5 0 6 6 5 5 2 0 4 0 6 6 5 5 1 6 6 2 1 4 4
split_gain=2.78604e-06 1.73476e-05 6.89245e-06 1.38096e-05 1.04589e-05 8.567e-06 5.78266e-06 4.64679e-06 1.3094e-05 1.1019e-05 1.27693e-05 1.20846e-05 1.19951e-05 1.09891e-05 1.28667e-05 1.17087e-05 1.27325e-05 1.97053e-05 1.25971e-05 9.29731e-06 9.75266e-06 9.26188e-06 1.62754e-05 1.09237e-05 8.35136e-06 7.377e-06 1.45625e-05 1.76202e-05 1.29933e-05 1.84793e-05
threshold=0.1903863097950951 6.8970771484392861 0.15650256315734476 0.1374559720123609 30.002499667015186 32.311851874211307 0.18475811325287986 3.533820177008113 3.3811334619784748 9.1719759556111846 0.88113782946825492 2.2219169187780916 1.1675211579003781 17.17681693578108 45.400466661734519 -0.23526919613228234 -0.37383375373099198 -0.5336323361935541 -0.26427611597866224 3.7774291267374216 3.9850331865175286 31.822348856931097 39.727446836294121 -0.032996112948545382 1.224267066559823 5.0403044725071053 0.097702262101821133 -0.019414047293149102 -0.38325033740254361 -0.67514213258778588
decision_type=2 2 2 2 2 2 2 2 2 2 2 2 2 2 2 2 2 2 2 2 2 2 2 2 2 2 2 2 2 2
left_child=2 -2 3 7 -5 6 -4 8 9 11 13 12 -1 -11 15 24 17 -17 -18 -9 -21 23 -23 -19 -15 26 28 -28 29 -22
right_child=1 -3 5 4 -6 -7 -8 19 -10 10 -12 -13 -14 14 -16 16 18 21 -20 20 25 22 -24 -25 -26 -27 27 -29 -30 -31
leaf_value=-2.5132679833664694e-05 -3.1757110883113964e-05 2.6321688019379507e-05 4.613704819032295e-05 -4.2716862015257713e-05 -1.925721468675571e-06 -7.9541731975041329e-06 1.068143701954598e-05 -2.2854866955412945e-05 3.3115355322226805e-05 1.6531251307278743e-05 3.2069663176606323e-05 -4.7106593294963457e-05 2.3038612198433839e-05 -4.1395944208488801e-06 2.0635962584568309e-05 -5.4716788774082185e-05 4.2775697294841635e-05 2.7743268947233447e-06 2.133468528069243e-06 2.1207274359767329e-05 -3.0275087995808764e-05 3.8326216767577885e-05 -1.7619176371506631e-05 -4.4972132724544045e-05 -4.748767489218153e-05 3.6074834440038001e-07 -1.8553753373756385e-05 3.3666388936970703e-05 -3.0426831545658692e-05 3.0567214267088834e-05
leaf_weight=28 36 20 23 33 30 25 23 48 36 112 39 22 24 20 60 24 21 25 207 50 24 26 26 23 25 1070 30 35 90 26
leaf_count=28 36 20 23 33 30 25 23 48 36 112 39 22 24 20 60 24 21 25 207 50 24 26 26 23 25 1070 30 35 90 26
internal_value=1.05737e-13 -1.10147e-05 2.77224e-07 -2.28017e-07 -2.32925e-05 1.56052e-05 2.84092e-05 4.66896e-07 3.72633e-06 2.17501e-06 4.39225e-06 -1.60423e-05 -2.89978e-06 2.4952e-06 -9.44703e-07 -4.20626e-06 -1.13609e-06 -1.40308e-05 5.87683e-06 -1.2376e-06 -4.54486e-07 -4.26618e-06 1.03535e-05 -2.01042e-05 -2.82219e-05 -1.30397e-06 -9.99297e-06 9.56478e-06 -1.90734e-05 1.36291e-06
internal_weight=2281 56 2225 2154 63 71 46 2091 718 682 608 74 52 569 457 397 352 124 228 1373 1325 100 52 48 45 1275 205 65 140 50
internal_count=2281 56 2225 2154 63 71 46 2091 718 682 608 74 52 569 457 397 352 124 228 1373 1325 100 52 48 45 1275 205 65 140 50
is_linear=0
shrinkage=0.05


Tree=76
num_leaves=31
num_cat=0
split_feature=2 5 2 5 0 5 0 0 6 3 5 3 6 4 1 5 4 4 6 1 1 5 6 1 5 1 4 0 1 6
split_gain=2.67136e-06 4.11229e-06 3.91849e-06 1.29902e-05 7.61043e-06 6.77404e-06 5.19975e-06 5.35547e-06 7.69748e-06 7.3534e-06 9.53979e-06 6.07334e-06 1.22526e-05 8.72677e-06 1.01433e-05 1.60643e-05 9.73854e-06 9.85504e-06 1.06407e-05 1.79877e-05 1.85649e-05 1.15799e-05 1.02794e-05 1.42795e-05 1.15949e-05 1.30449e-05 9.05142e-06 1.89593e-05 1.46227e-05 8.84543e-06
threshold=-0.44696350100489879 32.017170047775174 -0.3147363972096619 28.296246787746519 0.27127101557587657 19.919345958711123 -0.96021826446790937 -0.88535438389404075 0.16992477939633158 -0.60183818107015941 31.822348856931097 -0.31894520634311996 0.36707999642608463 0.9142274033701423 0.14405812380515945 35.243072562531502 -0.89267442168917643 -0.82087196826277786 2.976959137024104 -0.11326664027182719 -0.020511106465067316 20.75680992686577 4.571315569843807 -0.072130149947853939 36.222232697424808 0.065485861563205142 0.57644648469401505 0.7244913260121959 -0.017631927155735607 0.76322440570779593
decision_type=2 2 2 2 2 2 2 2 2 2 2 2 2 2 2 2 2 2 2 2 2 2 2 2 2 2 2 2 2 2
left_child=1 -1 3 5 -5 -2 -4 9 -9 -8 -11 13 -13 14 16 -16 -10 -18 19 -19 21 -21 23 -20 25 -25 27 -24 -28 -22
right_child=2 -3 6 4 -6 -7 7 8 11 10 -12 12 -14 -15 15 -17 17 18 22 20 29 -23 26 24 -26 -27 28 -29 -30 -31
leaf_value=2.8839287558639626e-05 -1.2132410912662246e-05 -3.2242870656773453e-06 -1.9131862299057984e-05 -8.6280778370045092e-06 2.932644355314551e-05 -4.5889262907186765e-05 3.4410436728649078e-05 -2.5081188759941145e-05 -2.6076551797814319e-05 -1.6860320078725031e-05 2.335631446651954e-05 3.47050453213645e-05 2.247376233040245e-06 2.0005686729702925e-05 3.9373714533961476e-05 -1.1768428901502506e-05 2.3850394109103947e-05 4.675947566283867e-05 -5.2186657363303566e-05 4.2317188379976347e-06 -1.0579148489769603e-05 -3.7279673846396257e-05 3.5732201830995797e-06 1.1914033056198752e-05 -4.3376934552890654e-05 -3.4149386213109461e-05 2.6585399017528478e-06 -2.7962705962636393e-05 -3.7294157738536031e-05 1.9139085820346449e-05
leaf_weight=20 42 20 34 28 25 23 27 30 50 30 29 30 944 42 34 28 32 23 28 28 34 42 320 51 22 22 43 56 49 95
leaf_count=20 42 20 34 28 25 23 27 30 50 30 29 30 944 42 34 28 32 23 28 28 34 42 320 51 22 22 43 56 49 95
internal_value=5.22908e-14 1.28075e-05 -2.28603e-07 -9.09694e-06 9.275e-06 -2.40771e-05 2.64314e-07 5.80001e-07 5.54256e-08 1.27977e-05 2.90718e-06 4.37635e-07 3.2471e-06 -2.30152e-06 -3.28052e-06 1.62773e-05 -4.63536e-06 -3.36665e-06 -4.43793e-06 4.89519e-06 5.66027e-08 -2.06751e-05 -7.94377e-06 -2.08064e-05 -1.15575e-05 -1.96809e-06 -4.5632e-06 -1.12362e-06 -1.86206e-05 1.13064e-05
internal_weight=2281 40 2241 118 53 65 2123 2089 2003 86 59 1973 974 999 957 62 895 845 813 222 199 70 591 123 95 73 468 376 92 129
internal_count=2281 40 2241 118 53 65 2123 2089 2003 86 59 1973 974 999 957 62 895 845 813 222 199 70 591 123 95 73 468 376 92 129
is_linear=0
shrinkage=0.05


Tree=77
num_leaves=31
num_cat=0
split_feature=0 3 4 2 1 1 0 1 0 2 4 3 3 5 4 3 4 4 4 1 2 0 6 1 1 1 5 1 5 2
split_gain=2.71774e-06 5.95827e-06 6.61815e-06 8.59188e-06 8.54446e-06 2.53905e-05 4.55215e-06 2.26281e-05 1.68229e-05 1.03063e-05 4.989e-06 1.56787e-05 2.31037e-05 1.01067e-05 9.38233e-06 1.53325e-05 1.01044e-05 1.39039e-05 8.36515e-06 8.11393e-06 1.36106e-05 1.63458e-05 9.27198e-06 8.28686e-06 2.19178e-05 1.14753e-05 1.37686e-05 1.10412e-05 1.67578e-05 1.24805e-05
threshold=0.7787534216865436 1.4000281130998224 0.78008100505649092 0.26823453707691286 -0.043842787214594413 -0.12440775833121277 0.71675442864213279 -0.076421164445306597 0.6885275317088132 -0.072666315959019734 -0.82087196826277786 -0.17534139349240738 -0.49645287930881654 35.702459060402902 -0.5702237648187326 1.2140746341324373 -0.54739957550449014 -0.52090145340166472 -0.93881948295083362 0.12287475508305579 -0.054999228533851266 -0.124921953920879 6.9877375247408073 -0.049246823258209158 -0.038739243527770716 -0.020511106465067316 7.2915327171986828 -0.081312915314233389 41.189597722056867 -0.16554316052522611
decision_type=2 2 2 2 2 2 2 2 2 2 2 2 2 2 2 2 2 2 2 2 2 2 2 2 2 2 2 2 2 2
left_child=6 2 3 4 5 -2 8 -8 10 -9 11 12 18 -13 15 -12 -16 -18 -1 23 21 22 -21 27 -25 -26 -27 29 -29 -19
right_child=1 -3 -4 -5 -6 -7 7 9 -10 -11 14 13 -14 -15 16 -17 17 19 -20 20 -22 -23 -24 24 25 26 -28 28 -30 -31
leaf_value=-9.4296437704802639e-06 2.4319318765178433e-05 2.9737657645124603e-05 2.4026971884943065e-05 -2.8867865482122097e-05 9.3736522520563647e-06 -5.0963574540219274e-05 -5.8379252400300182e-05 -2.4457799941046688e-05 3.906382963005281e-05 1.8342051277077424e-05 -6.4503572682433438e-06 4.129643976262915e-05 -3.9229163049833116e-05 1.1434479674790054e-06 3.0881185067790707e-05 -4.859593066347164e-05 -4.0014219732918059e-05 -1.610849749963501e-05 2.6023966702490634e-05 -3.4735989443699667e-05 -2.3897955386813524e-05 3.7134850845177429e-05 1.1813151490969177e-05 3.6831897128482823e-05 -1.2449699654228295e-05 3.5851180906748226e-05 3.1722450168027205e-06 -6.5728650452302756e-06 -4.6405668553006765e-05 7.5478472689286792e-06
leaf_weight=28 21 22 31 24 133 24 20 22 27 39 214 42 33 25 26 24 22 73 41 23 87 26 20 49 112 34 620 151 32 236
leaf_count=28 21 22 31 24 133 24 20 22 27 39 214 42 33 25 26 24 22 73 41 23 87 26 20 49 112 34 620 151 32 236
internal_value=-5.49863e-14 4.86475e-06 2.51624e-06 -7.84916e-07 3.00155e-06 -1.58316e-05 -6.12296e-07 -1.22261e-05 -1.28635e-07 2.90604e-06 -6.80354e-07 7.52324e-06 -4.8197e-06 2.6314e-05 -1.47304e-06 -1.07003e-05 -1.96337e-08 -5.60658e-07 1.1637e-05 3.26285e-08 -1.07454e-05 5.83828e-06 -1.30852e-05 1.31906e-06 4.41243e-06 2.3386e-06 4.87115e-06 -3.80511e-06 -1.35382e-05 1.95913e-06
internal_weight=2281 255 233 202 178 45 2026 81 1945 61 1918 169 102 67 1749 238 1511 1485 69 1463 156 69 43 1307 815 766 654 492 183 309
internal_count=2281 255 233 202 178 45 2026 81 1945 61 1918 169 102 67 1749 238 1511 1485 69 1463 156 69 43 1307 815 766 654 492 183 309
is_linear=0
shrinkage=0.05


Tree=78
num_leaves=31
num_cat=0
split_feature=2 0 1 4 3 4 5 4 4 4 4 6 6 5 6 0 0 2 2 1 2 2 0 0 3 3 5 5 6 5
split_gain=2.55405e-06 2.79827e-06 8.59903e-06 7.59986e-06 6.59732e-06 8.41989e-06 7.53252e-06 6.04859e-06 1.17784e-05 6.47587e-06 9.30069e-06 1.11443e-05 9.16921e-06 2.09496e-05 9.61138e-06 6.2125e-06 9.66858e-06 2.4502e-05 1.32324e-05 7.69442e-06 7.12336e-06 1.33426e-05 1.07807e-05 1.04585e-05 9.00103e-06 1.66995e-05 1.10241e-05 1.62203e-05 1.12324e-05 8.60687e-06
threshold=-0.49639030362443254 0.17811995380302362 0.17463051368217522 -0.96692342614945248 -0.98562195778879913 -0.85455530817055791 36.683715197967096 -0.95667665047344008 -0.89267442168917643 -0.82087196826277786 -0.73009591169971422 5.0064472460862373 0.76322440570779593 20.29266009649395 0.31368545244733709 0.96851249974005005 0.85922679659039902 -0.17491549823259869 -0.3496492295202564 -0.05934561483394344 0.006520761915662982 0.046302374624767169 0.55385747288261811 0.59700937062134984 -0.44356902868371562 -0.57079086303434201 40.067136546903392 17.876273610190967 5.2318704155570197 34.446945024126343
decision_type=2 2 2 2 2 2 2 2 2 2 2 2 2 2 2 2 2 2 2 2 2 2 2 2 2 2 2 2 2 2
left_child=-1 3 7 -2 -5 6 -6 -3 -9 -10 11 -11 13 -12 -15 16 18 -18 -14 -19 23 22 -22 -20 25 -23 27 -26 -29 -25
right_child=1 2 -4 4 5 -7 -8 8 9 10 12 -13 15 14 -16 -17 17 19 20 -21 21 24 -24 29 26 -27 -28 28 -30 -31
leaf_value=1.7789249893667146e-05 -2.9543925878291094e-05 2.931163644894869e-05 -2.3190488421030088e-05 -2.8288144081174818e-05 2.8833206967895174e-05 -1.6789836525235254e-06 -4.3410365573695994e-06 -3.4841062647284984e-05 2.4779004216367016e-05 6.9734430544485799e-06 -5.2805603643165618e-05 -3.8227546901907772e-05 -3.1728324341656843e-05 3.1697289377916606e-05 -1.4406871741812211e-05 -1.786630200513173e-05 7.0257498773571573e-05 -1.8705311813391748e-05 7.4181687181689447e-06 1.7989683003293066e-05 5.4111181515477729e-05 4.7164192581380795e-06 9.7719221790052521e-06 -1.422962245416986e-06 2.7964954038907311e-05 -4.6633063492436127e-05 4.1961737770179754e-05 -3.6197750298015306e-05 7.4287452906101554e-06 -2.9903900057044145e-05
leaf_weight=20 24 21 33 22 44 1183 28 21 33 25 23 30 25 20 26 28 20 20 181 50 29 76 26 72 50 20 28 25 36 42
leaf_count=20 24 21 33 22 44 1183 28 21 33 25 23 30 25 20 26 28 20 20 181 50 29 76 26 72 50 20 28 25 36 42
internal_value=2.34188e-14 -1.57357e-07 1.89035e-06 -1.66835e-06 -1.14445e-06 -6.68626e-07 1.59321e-05 2.78319e-06 2.1683e-06 3.04648e-06 2.20473e-06 -1.76816e-05 3.57707e-06 -1.38429e-05 5.63842e-06 5.22814e-06 6.15191e-06 2.14503e-05 3.89477e-06 7.5054e-06 5.41713e-06 1.09819e-05 3.31508e-05 -5.33171e-08 5.79342e-06 -5.98139e-06 1.39257e-05 6.8535e-06 -1.0451e-05 -1.19159e-05
internal_weight=2281 2261 960 1301 1277 1255 72 927 906 885 852 55 797 69 46 728 700 90 610 70 585 290 55 295 235 96 139 111 61 114
internal_count=2281 2261 960 1301 1277 1255 72 927 906 885 852 55 797 69 46 728 700 90 610 70 585 290 55 295 235 96 139 111 61 114
is_linear=0
shrinkage=0.05


Tree=79
num_leaves=31
num_cat=0
split_feature=0 3 4 0 3 3 5 1 4 1 3 4 4 5 2 2 4 5 1 3 1 4 0 1 1 3 3 5 1 1
split_gain=2.4189e-06 5.45243e-06 6.05002e-06 8.16584e-06 1.27477e-05 2.25261e-05 1.36455e-05 1.44805e-05 1.01654e-05 1.17377e-05 4.38744e-06 3.94097e-06 5.15212e-06 1.3516e-05 1.49492e-05 1.83152e-05 9.49186e-06 9.56679e-06 1.48365e-05 1.09594e-05 1.56987e-05 2.39846e-05 1.03905e-05 6.23097e-06 1.26567e-05 2.11186e-05 9.09509e-06 8.92647e-06 7.42811e-06 1.75221e-05
threshold=0.7787534216865436 1.4000281130998224 0.78008100505649092 0.91311601938293818 0.048658382120152728 -0.3643433286889684 38.207325231409492 0.053819287128936785 -0.43206169515734999 -0.013502759845045115 2.9549202078700429 -0.97474955884834291 -0.82087196826277786 12.957903826026412 0.02281003249149223 -0.1448572202597144 -0.61201829947371444 36.8898055170975 -0.010346017846486349 -0.71049103022841387 -0.066245766213098245 -0.71273945326582988 0.088041959074838153 0.1374559720123609 0.15650256315734476 0.083028051555540175 -0.45068102558248668 31.822348856931097 -0.049246823258209158 -0.045391303274176377
decision_type=2 2 2 2 2 2 2 2 2 2 2 2 2 2 2 2 2 2 2 2 2 2 2 2 2 2 2 2 2 2
left_child=10 2 3 4 5 6 7 -2 -5 -10 11 -1 13 -13 15 -15 17 19 -19 -14 -21 22 -22 28 26 27 -25 -26 -18 -30
right_child=1 -3 -4 8 -6 -7 -8 -9 9 -11 -12 12 16 14 -16 -17 23 18 -20 20 21 -23 -24 24 25 -27 -28 -29 29 -31
leaf_value=-1.8923558413267268e-05 -3.3684407699183792e-05 2.8383185483769263e-05 2.2909619186858409e-05 6.8753672757019246e-06 -2.4028396524954589e-05 6.0396046865207613e-05 3.6314173242620504e-05 2.1240804453555033e-05 -5.5964157547264007e-05 -5.7050291616178587e-06 -1.9886033363757729e-05 4.7177162559819412e-05 6.7926952452222451e-06 1.3532513584059123e-05 2.0245556625591163e-05 -3.9988882328791739e-05 -3.2200185695627526e-06 3.4992433415027338e-05 -1.5439750632140205e-05 4.328091811203194e-06 3.5895162961162865e-06 -7.5101369195960748e-05 -4.3959331524092708e-05 -4.2060384571197485e-06 3.8039265058525815e-06 4.7046051190591245e-05 -4.7109109703645425e-05 -3.2442742455933856e-05 4.4610795942809581e-05 2.9863867715947462e-06
leaf_weight=28 30 22 31 37 25 22 21 20 21 26 29 20 33 31 63 33 540 25 35 30 27 28 20 21 41 20 30 29 26 917
leaf_count=28 30 22 31 37 25 22 21 20 21 26 29 20 33 31 63 33 540 25 35 30 27 28 20 21 41 20 30 29 26 917
internal_value=-5.19005e-14 4.5895e-06 2.34289e-06 -8.1339e-07 7.66851e-06 1.61892e-05 2.49129e-06 -1.17143e-05 -1.27284e-05 -2.81612e-05 -5.77652e-07 -2.9726e-07 -3.23865e-08 8.97203e-06 2.95547e-06 -1.40645e-05 -7.58868e-07 -1.10944e-05 5.57366e-06 -1.83414e-05 -2.62406e-05 -3.84681e-05 -1.6644e-05 5.0125e-07 -9.54296e-06 1.73381e-06 -2.94431e-05 -1.12126e-05 1.45623e-06 4.13404e-06
internal_weight=2281 255 233 202 118 93 71 50 84 47 2026 1997 1969 147 127 64 1822 198 60 138 105 75 47 1624 141 90 51 70 1483 943
internal_count=2281 255 233 202 118 93 71 50 84 47 2026 1997 1969 147 127 64 1822 198 60 138 105 75 47 1624 141 90 51 70 1483 943
is_linear=0
shrinkage=0.05


Tree=80
num_leaves=31
num_cat=0
split_feature=2 2 2 2 0 2 1 1 1 2 3 3 5 3 1 1 6 6 6 6 5 4 1 6 6 3 2 6 0 1
split_gain=2.36575e-06 7.56794e-06 8.72176e-06 8.39977e-06 5.18812e-06 6.44764e-06 6.22017e-06 5.35003e-06 5.32602e-06 1.02586e-05 9.91943e-06 5.94015e-06 1.09134e-05 4.69756e-06 3.97911e-06 1.78288e-05 1.06035e-05 1.30526e-05 8.62889e-06 1.29373e-05 8.1705e-06 8.14475e-06 7.91395e-06 1.21519e-05 9.03602e-06 9.68309e-06 8.79508e-06 8.55509e-06 1.39125e-05 1.44143e-05
threshold=0.44538977779756267 0.41093430601417474 0.38663289026676195 0.34713760348066897 0.7787534216865436 0.13744395751970309 -0.12440775833121277 0.028256679596895599 0.053819287128936785 -0.19608769447199356 0.013102994665197822 -0.61955277040341106 28.554627696894254 2.9549202078700429 0.040717712980686986 0.013133266449899138 5.4463009246140555 6.56132924224611 3.5872283718393732 2.1627532082424565 23.220083552934351 0.21277472291807767 0.076250163962874998 5.4640564263859117 6.5262232445670216 0.25218343903137092 -0.052300110438473144 3.3039020484155635 0.2849844777415072 0.1399841568032667
decision_type=2 2 2 2 2 2 2 2 2 2 2 2 2 2 2 2 2 2 2 2 2 2 2 2 2 2 2 2 2 2
left_child=1 2 3 4 13 6 -6 -7 9 -8 -10 -11 -13 14 15 -1 18 -18 19 -17 -19 -22 23 26 -25 -26 -16 28 29 -24
right_child=-2 -3 -4 -5 5 7 8 -9 10 11 -12 12 -14 -15 22 16 17 20 -20 -21 21 -23 27 24 25 -27 -28 -29 -30 -31
leaf_value=-1.2100536384777107e-06 1.5615354016063066e-05 -2.8093531136619278e-05 3.0113305842860428e-05 -2.449133444315521e-05 2.8191984624538151e-05 9.2052787722958096e-06 1.708847698718009e-05 4.0428815116130232e-05 2.937149804920685e-05 2.4742038266804928e-06 -1.3403165497078115e-05 -5.3446996687191793e-05 -6.7461586099696062e-06 -2.1374281197950042e-05 1.4052001202239458e-05 -9.0693832356231039e-07 6.246851480682381e-05 4.1614067998560374e-05 -1.3688265999007856e-05 4.9006017216015612e-05 2.4878427029761952e-05 -1.7759871116140858e-05 1.3751892200878391e-05 -5.19944525876781e-05 -2.572719051047813e-06 -4.4683962433964554e-05 -1.4266522988307394e-05 4.9544984298238546e-06 -3.5390452977970622e-05 -2.4904311344710691e-05
leaf_weight=1081 24 24 24 35 21 34 31 23 33 26 23 22 29 27 52 37 21 23 40 20 24 21 66 24 43 20 58 298 39 38
leaf_count=1081 24 24 24 35 21 34 31 23 33 26 23 22 29 27 52 37 21 23 40 20 24 21 66 24 43 20 58 298 39 38
internal_value=-7.20274e-14 -1.66047e-07 1.34114e-07 -1.91599e-07 1.99611e-07 7.10107e-06 2.57091e-06 2.18042e-05 -7.0984e-07 -7.19815e-06 1.18033e-05 -1.69759e-05 -2.68916e-05 -6.64859e-07 -3.71339e-07 1.25024e-06 1.5549e-05 2.80122e-05 4.11374e-06 1.66064e-05 1.73713e-05 4.98055e-06 -3.59162e-06 -1.19235e-05 -2.5887e-05 -1.59414e-05 -8.79584e-07 1.30326e-07 -9.92284e-06 -3.7249e-07
internal_weight=2281 2257 2233 2209 2174 242 185 57 164 108 56 77 51 1932 1905 1267 186 89 97 57 68 45 638 197 87 63 110 441 143 104
internal_count=2281 2257 2233 2209 2174 242 185 57 164 108 56 77 51 1932 1905 1267 186 89 97 57 68 45 638 197 87 63 110 441 143 104
is_linear=0
shrinkage=0.05


Tree=81
num_leaves=31
num_cat=0
split_feature=1 1 4 5 6 5 1 0 0 5 5 0 5 5 4 4 0 1 1 4 5 6 4 0 5 5 1 1 0 5
split_gain=2.38913e-06 4.22663e-06 1.18939e-05 8.73114e-06 8.47492e-06 7.67096e-06 6.24873e-06 7.47489e-06 8.51661e-06 8.04058e-06 1.1074e-05 1.47703e-05 1.08989e-05 1.21387e-05 1.5095e-05 2.05199e-05 1.00084e-05 1.41319e-05 9.03504e-06 6.8327e-06 6.7701e-06 1.2259e-05 6.48562e-06 5.45867e-06 6.64249e-06 5.39624e-06 5.33475e-06 8.30181e-06 1.43328e-05 1.83974e-05
threshold=-0.2326305590444355 -0.1344381748916306 -0.69342972211963938 12.631577935689078 7.9178010713666778 17.542983125015724 -0.061486165165262695 -0.87093746844189746 -0.78584734983326543 8.166445399513302 13.582974125987333 0.25211169806842454 23.364548262066254 25.473787342349045 -0.49115530428041626 -0.22855095933914668 0.10765652511369707 -0.079086107632433539 -0.11401195973945048 0.58788013462282196 16.635795997665511 4.9309397444623055 0.22431604233653593 0.54131962155361524 40.067136546903392 38.799844599131497 -0.033784105104173505 -0.020511106465067316 0.03471540819665065 31.105906677244377
decision_type=2 2 2 2 2 2 2 2 2 2 2 2 2 2 2 2 2 2 2 2 2 2 2 2 2 2 2 2 2 2
left_child=-1 2 -2 -4 5 -5 7 -3 -9 -10 11 -11 18 -14 25 -16 19 -18 -12 22 -20 -22 -17 24 -7 -15 -8 28 29 -28
right_child=1 6 3 4 -6 23 26 8 9 10 12 -13 13 14 15 16 17 -19 20 -21 21 -23 -24 -25 -26 -27 27 -29 -30 -31
leaf_value=-1.7205314470629674e-05 -2.1274886932284669e-05 2.1279645560904708e-05 -1.7577112757862778e-05 5.1712049717025373e-05 -9.6667296653006065e-06 -1.5095173334567483e-06 8.0717829561902156e-06 -3.9251453090400906e-05 -3.3824536368835353e-05 4.2149119066639936e-05 6.0912426471821329e-06 -1.0186315921600909e-05 3.4680662619870248e-05 3.6456354109759559e-05 -5.1444382326743768e-05 -9.4922925041907515e-06 3.3267623120991632e-05 -2.0309872325015023e-05 -7.5386094915136881e-06 3.7589553324290104e-06 -1.2048295580565797e-05 -6.258493315596882e-05 -4.7465447890069549e-05 3.7176051126152748e-05 3.3368870654157944e-05 1.2904988045647771e-06 -5.5283278921210285e-05 1.0228265329516793e-06 2.3446250416351469e-06 9.5480197789863909e-07
leaf_weight=20 30 24 20 20 23 43 225 20 24 28 22 26 21 24 28 23 32 20 22 27 21 28 22 25 20 20 33 1288 76 26
leaf_count=20 30 24 20 20 23 43 225 20 24 28 22 26 21 24 28 23 32 20 22 27 21 28 22 25 20 20 33 1288 76 26
internal_value=2.56499e-14 1.52192e-07 7.48059e-06 1.31936e-05 1.78914e-05 2.37603e-05 -4.85519e-07 -5.8382e-06 -7.43336e-06 -5.79325e-06 -3.94504e-06 1.69506e-05 -7.58492e-06 -1.44742e-06 -5.31829e-06 -1.27839e-05 -4.05407e-06 1.26609e-05 -2.19057e-05 -1.6126e-05 -3.05809e-05 -4.09264e-05 -2.80569e-05 1.74076e-05 9.56299e-06 2.04719e-05 9.17609e-07 -2.13585e-07 -1.20099e-05 -3.05004e-05
internal_weight=2281 2261 181 151 131 108 2080 432 408 388 364 54 310 217 196 152 124 52 93 72 71 49 45 88 63 44 1648 1423 135 59
internal_count=2281 2261 181 151 131 108 2080 432 408 388 364 54 310 217 196 152 124 52 93 72 71 49 45 88 63 44 1648 1423 135 59
is_linear=0
shrinkage=0.05


Tree=82
num_leaves=31
num_cat=0
split_feature=3 3 2 3 2 6 6 2 6 5 3 3 5 5 5 2 2 5 2 3 3 1 1 4 2 2 1 3 5 1
split_gain=2.3545e-06 1.08062e-05 1.02526e-05 8.1628e-06 7.75635e-06 8.31645e-06 1.11587e-05 9.03162e-06 1.065e-05 7.94332e-06 1.25194e-05 1.24788e-05 7.7195e-06 7.66715e-06 7.54506e-06 1.49982e-05 1.27812e-05 1.34903e-05 1.63837e-05 7.42284e-06 9.95982e-06 9.68522e-06 2.93492e-05 1.57895e-05 1.44848e-05 1.2762e-05 1.20654e-05 8.23258e-06 1.04634e-05 1.00432e-05
threshold=-0.39847253515632064 -0.57079086303434201 -0.072666315959019734 -0.53105981551718784 -0.41519259684194781 0.16992477939633158 0.36707999642608463 -0.30332228474949191 5.2634066871655092 14.473986830983739 -0.30122092435711684 -0.21868547987226913 7.8072593161092678 8.8123016416552655 38.644710282201622 -0.21267522874435249 0.010090823946590832 40.973896071550861 -0.083787457336277932 -0.30984634589053833 -0.19110978118461228 -0.0061470998856024755 0.021065683989293694 0.56814453083170435 -0.12525160178240682 0.26823453707691286 -0.067607599014397071 0.87357463891179155 33.489259580304477 -0.11401195973945048
decision_type=2 2 2 2 2 2 2 2 2 2 2 2 2 2 2 2 2 2 2 2 2 2 2 2 2 2 2 2 2 2
left_child=1 12 -3 -4 -2 -6 -7 8 -8 10 -9 -12 -1 -14 19 -16 17 -17 -19 -11 -21 24 -23 -24 26 27 -22 28 29 -26
right_child=4 2 3 -5 5 6 7 9 -10 14 11 -13 13 -15 15 16 -18 18 -20 20 21 22 23 -25 25 -27 -28 -29 -30 -31
leaf_value=-1.7226368092653703e-05 2.7991261479790548e-05 2.6482046202793508e-06 -4.4279050108833384e-05 -1.3569476057934601e-05 -3.1079779382707784e-05 2.9663020129245361e-05 1.0576301349374263e-06 4.4696683866989235e-05 -4.1581991536077115e-05 -2.0782154637869345e-05 -3.1729686161270368e-05 9.692953377168579e-06 3.2887154707168522e-05 1.5119707806872632e-06 4.6674806344526591e-05 2.3855828650361536e-05 1.2239705455006818e-05 3.7806572658066616e-06 -3.9686851801473932e-05 1.8252460632050282e-05 -3.9926409579038596e-05 -5.4111355726230879e-05 3.2850112740760156e-06 -3.5109815783498837e-05 6.1846616063121473e-05 -2.8359182724102539e-05 5.9293251559630824e-06 -2.1890730655492386e-06 -3.8950545691979389e-06 2.0933743126079211e-05
leaf_weight=54 27 88 26 129 20 34 32 23 27 59 20 200 20 737 21 23 150 41 46 54 32 35 142 33 20 20 26 53 29 60
leaf_count=54 27 88 26 129 20 34 32 23 27 59 20 200 20 737 21 23 150 41 46 54 32 35 142 33 20 20 26 53 29 60
internal_value=-4.03411e-14 -1.73324e-06 -1.09822e-05 -1.87208e-05 1.48886e-06 8.92558e-07 1.43446e-06 5.96966e-07 -1.84554e-05 1.63109e-06 9.59679e-06 5.92726e-06 1.03803e-06 2.34091e-06 -6.62356e-07 6.02926e-06 2.74635e-06 -1.01991e-05 -1.92022e-05 -4.00222e-06 -2.0379e-06 -4.47275e-06 -1.23145e-05 -3.95516e-06 2.3888e-06 9.32305e-06 -1.93704e-05 1.39752e-05 2.18349e-05 3.1162e-05
internal_weight=2281 1054 243 155 1227 1200 1180 1146 59 1087 243 220 811 757 844 281 260 110 87 563 504 450 210 175 240 182 58 162 109 80
internal_count=2281 1054 243 155 1227 1200 1180 1146 59 1087 243 220 811 757 844 281 260 110 87 563 504 450 210 175 240 182 58 162 109 80
is_linear=0
shrinkage=0.05


Tree=83
num_leaves=31
num_cat=0
split_feature=1 1 4 5 6 4 4 1 0 0 5 5 0 5 5 4 4 0 1 1 4 5 6 4 5 1 1 0 5 2
split_gain=2.25377e-06 3.74801e-06 1.05386e-05 7.94964e-06 7.84307e-06 7.53297e-06 1.20682e-05 5.72323e-06 6.70186e-06 7.55738e-06 7.18501e-06 9.65378e-06 1.32787e-05 9.66081e-06 1.08249e-05 1.37569e-05 1.85256e-05 8.95704e-06 1.26421e-05 8.07711e-06 6.06849e-06 6.02192e-06 1.102e-05 5.76109e-06 4.90556e-06 4.67303e-06 7.65167e-06 1.28574e-05 1.6544e-05 7.36719e-06
threshold=-0.2326305590444355 -0.1344381748916306 -0.69342972211963938 12.631577935689078 6.8970771484392861 0.5130303388982288 -0.19222328665883989 -0.061486165165262695 -0.87093746844189746 -0.78584734983326543 8.166445399513302 13.582974125987333 0.25211169806842454 23.364548262066254 25.473787342349045 -0.49115530428041626 -0.22855095933914668 0.10765652511369707 -0.079086107632433539 -0.11401195973945048 0.58788013462282196 16.635795997665511 4.9309397444623055 0.22431604233653593 38.799844599131497 -0.033784105104173505 -0.020511106465067316 0.03471540819665065 31.105906677244377 0.089610206569887288
decision_type=2 2 2 2 2 2 2 2 2 2 2 2 2 2 2 2 2 2 2 2 2 2 2 2 2 2 2 2 2 2
left_child=-1 2 -2 -4 5 6 -5 8 -3 -10 -11 12 -12 19 -15 24 -17 20 -19 -13 23 -21 -23 -18 -16 29 27 28 -27 -9
right_child=1 7 3 4 -6 -7 -8 25 9 10 11 13 -14 14 15 16 17 18 -20 21 -22 22 -24 -25 -26 26 -28 -29 -30 -31
leaf_value=-1.6710808158677539e-05 -2.0018731732610224e-05 2.0101990687256453e-05 -1.6934863633650821e-05 4.7447045380977217e-05 -2.591135602710278e-06 4.5775551032044146e-05 7.6748077440748192e-07 1.3165889607253287e-05 -3.7058545312902428e-05 -3.2038807506751259e-05 3.960841312229085e-05 5.7961409125213823e-06 -1.0014145244405463e-05 3.2703178918122182e-05 3.4791789541088751e-05 -4.8929935655905868e-05 -9.06867630281182e-06 3.140152480227698e-05 -1.9273113230156015e-05 -7.1456835857216823e-06 3.4182520148870368e-06 -1.1254614461601403e-05 -5.9169537923610605e-05 -4.4857991433259906e-05 1.2628482681975585e-06 -5.2507972781534067e-05 1.0184268392596316e-06 2.1020672303812289e-06 8.2220453455542722e-07 -7.0840001098399481e-06
leaf_weight=20 30 24 20 20 37 29 45 163 20 24 28 22 26 21 24 28 23 32 20 22 27 21 28 22 20 33 1288 76 26 62
leaf_count=20 30 24 20 20 37 29 45 163 20 24 28 22 26 21 24 28 23 32 20 22 27 21 28 22 20 33 1288 76 26 62
internal_value=1.22957e-14 1.47818e-07 7.04882e-06 1.24265e-05 1.69091e-05 2.45848e-05 1.51304e-05 -4.52702e-07 -5.57537e-06 -7.0858e-06 -5.54081e-06 -3.79369e-06 1.57161e-05 -7.19217e-06 -1.41377e-06 -5.06915e-06 -1.21961e-05 -3.90142e-06 1.19113e-05 -2.06751e-05 -1.53217e-05 -2.88775e-05 -3.86346e-05 -2.65657e-05 1.95514e-05 8.90132e-07 -1.68584e-07 -1.14935e-05 -2.90065e-05 7.58592e-06
internal_weight=2281 2261 181 151 131 94 65 2080 432 408 388 364 54 310 217 196 152 124 52 93 72 71 49 45 44 1648 1423 135 59 225
internal_count=2281 2261 181 151 131 94 65 2080 432 408 388 364 54 310 217 196 152 124 52 93 72 71 49 45 44 1648 1423 135 59 225
is_linear=0
shrinkage=0.05


Tree=84
num_leaves=31
num_cat=0
split_feature=2 2 2 2 0 2 2 1 2 2 1 1 0 3 1 1 6 6 6 6 5 4 3 3 5 3 6 2 1 3
split_gain=2.30092e-06 6.56985e-06 8.01853e-06 7.35113e-06 4.27113e-06 5.794e-06 5.31808e-06 6.82788e-06 8.96983e-06 7.65607e-06 6.76137e-06 5.02218e-06 5.01908e-06 3.95941e-06 3.80586e-06 1.57409e-05 9.44834e-06 1.16532e-05 7.74846e-06 1.16039e-05 7.15672e-06 7.20256e-06 7.13435e-06 2.02512e-05 7.86891e-06 1.09019e-05 1.17793e-05 1.65205e-05 1.24572e-05 1.21125e-05
threshold=0.44538977779756267 0.41093430601417474 0.38663289026676195 0.34713760348066897 0.7787534216865436 0.13744395751970309 -0.083787457336277932 -0.0027707899849536591 -0.14250261706293052 -0.19608769447199356 0.062622672557854947 0.028256679596895599 0.88113782946825492 2.9549202078700429 0.040717712980686986 0.013133266449899138 5.4463009246140555 6.56132924224611 3.5872283718393732 2.1627532082424565 23.220083552934351 0.21277472291807767 -0.89723276438701072 -0.86926338393993596 44.785953064492269 0.27602309643420014 1.3053171070131915 -0.2229191912066289 -0.0093208431253250391 0.70573832394392122
decision_type=2 2 2 2 2 2 2 2 2 2 2 2 2 2 2 2 2 2 2 2 2 2 2 2 2 2 2 2 2 2
left_child=1 2 3 4 13 6 7 9 -9 -6 12 -7 -8 14 15 22 18 -18 19 -17 -19 -22 -1 -24 25 -25 -27 -28 29 -29
right_child=-2 -3 -4 -5 5 11 10 8 -10 -11 -12 -13 -14 -15 -16 16 17 20 -20 -21 21 -23 23 24 -26 26 27 28 -30 -31
leaf_value=-1.4549921805963903e-05 1.5399897301904277e-05 -2.6184556736552624e-05 2.8861113848203485e-05 -2.2928773144355677e-05 4.6653736988099849e-05 8.162650267288828e-06 -1.0526743285628336e-06 -1.5430045842597459e-05 2.5938407343346629e-05 3.9586044814703728e-06 1.6805734346483158e-05 3.8414380611831564e-05 -2.928173169038928e-05 -1.9627631300628073e-05 -3.494700187103023e-06 -8.6653114546631545e-07 5.8997558898270307e-05 3.9075455290161625e-05 -1.2987794007131016e-05 4.6404396562138574e-05 2.3501496980316008e-05 -1.6594819490343244e-05 4.4583040966244885e-05 -6.3830072832663546e-06 1.0985202239245003e-05 -2.0865783590124923e-05 -2.5428117234176693e-05 3.8573903438073983e-05 -1.3798195971806612e-05 1.0221923783622818e-05
leaf_weight=90 24 24 24 35 21 34 31 38 20 21 22 23 32 27 638 37 21 23 40 20 24 21 25 595 120 35 28 62 30 96
leaf_count=90 24 24 24 35 21 34 31 38 20 21 22 23 32 27 638 37 21 23 40 20 24 21 25 595 120 35 28 62 30 96
internal_value=-4.00047e-14 -1.63756e-07 1.15912e-07 -1.96394e-07 1.69582e-07 6.43151e-06 2.1371e-06 9.95286e-06 -1.16506e-06 2.53062e-05 -7.05791e-06 2.03695e-05 -1.53912e-05 -6.14779e-07 -3.45305e-07 1.24058e-06 1.4676e-05 2.64408e-05 3.88159e-06 1.57198e-05 1.63865e-05 4.78988e-06 -1.07117e-06 1.52939e-07 -9.96909e-07 -2.6965e-06 6.04243e-06 1.04026e-05 1.5739e-05 2.13474e-05
internal_weight=2281 2257 2233 2209 2174 242 185 100 58 42 85 57 63 1932 1905 1267 186 89 97 57 68 45 1081 991 966 846 251 216 188 158
internal_count=2281 2257 2233 2209 2174 242 185 100 58 42 85 57 63 1932 1905 1267 186 89 97 57 68 45 1081 991 966 846 251 216 188 158
is_linear=0
shrinkage=0.05


Tree=85
num_leaves=31
num_cat=0
split_feature=0 0 3 3 2 2 2 2 1 0 5 0 3 3 3 0 6 2 6 5 6 4 2 1 3 4 5 2 5 5
split_gain=2.22907e-06 3.61667e-06 8.4409e-06 8.10226e-06 5.76951e-06 8.15114e-06 4.75676e-06 8.42469e-06 4.6931e-06 9.58256e-06 1.13493e-05 1.23142e-05 7.8067e-06 1.19701e-05 5.72205e-06 5.66564e-06 1.99088e-05 8.03677e-06 6.67594e-06 1.35343e-05 1.24966e-05 1.14641e-05 1.13882e-05 1.68108e-05 8.32593e-06 7.9367e-06 5.65972e-06 1.98969e-05 1.37814e-05 1.44924e-05
threshold=-0.96021826446790937 -0.88535438389404075 -0.60183818107015941 0.048658382120152728 0.43627643121025311 0.40163816837399496 0.37202350684239499 0.34713760348066897 -0.1344381748916306 0.53157767552641244 41.189597722056867 -0.6312989076283344 0.11470992226017841 -0.57079086303434201 -0.23616405333818694 -0.59550377143227251 0.73273978198999679 0.31155604481662641 5.5440963434752462 33.489259580304477 4.7788421572881132 0.17523082362305867 -0.1607567381567496 0.0019550923499229347 -0.166424721771576 -0.16858511256522266 23.364548262066254 0.26823453707691286 31.218646378288529 29.483041512280213
decision_type=2 2 2 2 2 2 2 2 2 2 2 2 2 2 2 2 2 2 2 2 2 2 2 2 2 2 2 2 2 2
left_child=-1 2 -2 -4 5 6 7 8 9 10 11 -3 13 -13 -11 16 -10 26 20 22 21 25 -20 -24 -21 -18 27 -17 29 -28
right_child=1 4 3 -5 -6 -7 -8 -9 15 14 -12 12 -14 -15 -16 17 18 -19 19 24 -22 -23 23 -25 -26 -27 28 -29 -30 -31
leaf_value=-1.2172505002298921e-05 3.2806356248979037e-05 2.5658049101669651e-05 -1.6144898779332707e-05 2.0309759862289801e-05 2.1564141610118291e-05 -3.0793728695822543e-05 2.2927298298534219e-05 -2.9897320006000429e-05 -5.2870006253545981e-05 1.1357786187827828e-05 3.3260680571732918e-05 -3.0336793953925474e-05 -3.9781199231346485e-05 1.325230487054796e-05 4.5173650439458224e-05 -2.1043855463954107e-06 -3.1805909957063007e-06 2.8496806753537387e-05 -1.3624644523825617e-05 -2.8582003965551081e-05 -4.3418064306024464e-05 -2.4017309694196839e-05 -1.6606375928469269e-06 4.9995701273372913e-05 9.0350483560541758e-06 3.3207085123814812e-05 5.7935820227036693e-06 -5.2781094909732927e-05 -1.7666798241912963e-06 3.3583824477904338e-05
leaf_weight=37 28 24 35 27 30 22 22 24 22 29 22 28 23 36 22 614 47 25 23 38 25 45 28 36 24 22 229 20 615 59
leaf_count=37 28 24 35 27 30 22 22 24 22 29 22 28 23 36 22 614 47 25 23 38 25 45 28 36 24 22 229 20 615 59
internal_value=1.0738e-13 2.00705e-07 1.00208e-05 -2.69483e-07 -2.09604e-07 -5.17143e-07 -2.00261e-07 -4.4488e-07 -1.01077e-07 7.51853e-06 4.52732e-07 -6.04974e-06 -1.47967e-05 -5.81793e-06 2.5945e-05 -8.50013e-07 -7.02451e-06 3.75399e-07 -3.52242e-06 3.83024e-06 -1.1404e-05 -4.38343e-06 1.65515e-05 2.73961e-05 -1.40206e-05 8.42128e-06 -8.20083e-08 -3.70302e-06 2.46032e-06 1.14867e-05
internal_weight=2281 2244 90 62 2154 2124 2102 2080 2056 184 133 111 87 64 51 1872 310 1562 288 149 139 114 87 64 62 69 1537 634 903 288
internal_count=2281 2244 90 62 2154 2124 2102 2080 2056 184 133 111 87 64 51 1872 310 1562 288 149 139 114 87 64 62 69 1537 634 903 288
is_linear=0
shrinkage=0.05


Tree=86
num_leaves=31
num_cat=0
split_feature=4 4 4 4 5 0 1 1 2 1 5 3 2 1 2 3 2 5 5 5 6 3 3 6 6 5 6 0 5 6
split_gain=2.17358e-06 9.01036e-06 8.47731e-06 6.46349e-06 1.11418e-05 7.73075e-06 7.14009e-06 1.09098e-05 1.28492e-05 7.42621e-06 6.38732e-06 5.71967e-06 1.0002e-05 1.02099e-05 9.55236e-06 9.35901e-06 7.61534e-06 1.24076e-05 1.07141e-05 9.4895e-06 1.1885e-05 1.10917e-05 1.46868e-05 1.52414e-05 1.15865e-05 7.55404e-06 1.62801e-05 1.05467e-05 7.09046e-06 6.73276e-06
threshold=-0.38325033740254361 -0.43206169515734999 -0.45453519178259955 -0.32632954325563662 31.822348856931097 0.2849844777415072 0.19541028444197184 0.15882756988951255 -0.036975473588951709 0.1374559720123609 19.360308329831025 -0.7513853761766357 -0.21682805646840414 -0.0017546878006846618 -0.0071411113928265017 -0.90859023788774673 0.070716424710233303 44.785953064492269 43.239189349933653 21.945662270985316 3.3039020484155635 -0.4923842030989572 -0.081428527343692422 3.6540275919112006 6.0700201637826634 17.876273610190967 5.5038160592975549 0.16076071950537577 28.554627696894254 8.0811455079983237
decision_type=2 2 2 2 2 2 2 2 2 2 2 2 2 2 2 2 2 2 2 2 2 2 2 2 2 2 2 2 2 2
left_child=1 2 11 4 5 -2 7 9 -9 -5 -3 14 13 -13 28 -16 18 25 19 20 -14 -21 -23 -24 -25 26 -18 -27 -1 -22
right_child=3 10 -4 6 -6 -7 -8 8 -10 -11 -12 12 16 -15 15 -17 17 -19 -20 21 29 22 23 24 -26 27 -28 -29 -30 -31
leaf_value=1.1038524315006578e-05 4.4753249579419695e-05 4.6747440592298521e-07 2.6735866748384542e-05 7.8542222668358299e-07 -1.399844049129487e-05 4.6213038331188734e-06 -2.304627096805234e-05 5.4953547314653411e-05 1.5569666689059334e-07 -1.8283668207416514e-05 -3.514250782727151e-05 3.4676142299318716e-05 2.5526188831766679e-05 -5.9040734941522861e-06 -3.2423583252239038e-06 4.0103833265620233e-05 1.7167228116494908e-05 -3.0853022062476362e-05 1.4838358053263316e-05 -2.1828700189343506e-07 -2.8849930497113078e-05 -6.5773714292542237e-05 -5.7992356269096489e-05 2.2756150065106341e-05 -2.8772758082595831e-05 -7.1281612235907242e-07 -3.9939946357966016e-05 3.0731555630817792e-05 -2.0354898814340625e-05 5.9068038601915099e-06
leaf_weight=37 30 20 27 1392 22 20 32 20 23 53 34 31 24 31 20 33 26 27 30 31 38 27 20 20 24 60 24 48 35 22
leaf_count=37 30 20 27 1392 22 20 32 20 23 53 34 31 24 31 20 33 26 27 30 31 38 27 20 20 24 60 24 48 35 22
internal_value=-2.17991e-14 -2.34616e-06 -6.78751e-07 1.01539e-06 1.56536e-05 2.87005e-05 3.22003e-07 8.24547e-07 2.56431e-05 8.60023e-08 -2.19536e-05 -1.89618e-06 -4.36327e-06 1.4386e-05 7.63667e-06 2.37468e-05 -7.12445e-06 4.70829e-07 -1.30784e-05 -1.71439e-05 -4.21094e-06 -2.60486e-05 -3.48479e-05 -2.18011e-05 -5.35053e-06 5.82364e-06 -1.02442e-05 1.32625e-05 -4.22217e-06 -1.61058e-05
internal_weight=2281 689 635 1592 72 50 1520 1488 43 1445 54 608 483 62 125 53 421 185 236 206 84 122 91 64 44 158 50 108 72 60
internal_count=2281 689 635 1592 72 50 1520 1488 43 1445 54 608 483 62 125 53 421 185 236 206 84 122 91 64 44 158 50 108 72 60
is_linear=0
shrinkage=0.05


Tree=87
num_leaves=31
num_cat=0
split_feature=2 2 1 1 2 5 0 5 3 6 6 2 5 6 2 2 1 5 1 5 6 4 1 4 4 0 2 0 6 1
split_gain=2.19368e-06 2.52371e-06 9.06735e-06 1.36144e-05 1.04764e-05 1.09702e-05 8.91164e-06 7.92783e-06 7.35133e-06 6.47534e-06 1.23513e-05 1.13649e-05 4.48868e-06 4.22867e-06 4.23146e-06 4.03408e-06 3.84331e-06 3.2223e-06 8.8302e-06 9.24545e-06 8.23685e-06 7.5952e-06 1.29755e-05 1.3931e-05 1.37664e-05 1.25625e-05 1.26401e-05 2.14776e-05 1.69352e-05 1.05618e-05
threshold=-0.49639030362443254 -0.25258181004368768 0.061635809888377073 0.013133266449899138 -0.36067209879159795 26.071586864723759 -0.37383375373099198 23.932455008391262 -0.25150934044330348 9.3297995422728253 9.1214276303431863 0.20469772749688034 39.142346796244823 9.0365395283772489 -0.24428845572515318 -0.11884654832275891 -0.069535751899897066 31.43049191882719 -0.17831875900957378 32.017170047775174 8.8854570567648956 -0.22855095933914668 0.05577979842681418 -0.74557169860896466 -0.89267442168917643 0.81854060794034234 0.16960891077021042 -0.89649474200896528 6.6922510915565985 -0.021738619630123013
decision_type=2 2 2 2 2 2 2 2 2 2 2 2 2 2 2 2 2 2 2 2 2 2 2 2 2 2 2 2 2 2
left_child=-1 2 3 6 -4 -6 -2 -8 -5 10 13 12 15 14 -3 -11 -9 20 -19 -20 -16 22 23 24 -21 26 27 -23 -28 -25
right_child=1 9 4 8 5 -7 7 16 -10 11 -12 -13 -14 -15 17 -17 -18 18 19 21 -22 25 -24 29 -26 -27 28 -29 -30 -31
leaf_value=1.6486524395986637e-05 -2.8330709092945956e-05 1.9681629870589219e-05 7.2690384210242587e-06 4.6450824031905676e-06 -6.1399127852859064e-05 -9.6569114521116714e-06 -1.6837122580505416e-05 -2.1869612502521043e-06 4.6481857966032947e-05 3.0717274152582672e-05 -2.6811068013304002e-05 -1.6856123901171877e-05 3.8034235967643329e-05 2.2085076224439862e-05 2.1025357243540443e-06 5.6419071215885812e-06 2.5326964823761955e-05 2.640111389155209e-05 -3.7346181397879266e-05 -8.4568002609463803e-06 -2.9521760994352268e-05 4.9596239177844845e-05 -2.5163499801485818e-05 -2.5742987341814683e-05 3.8127186344354412e-05 -2.6064800783244307e-05 4.0915378174255973e-05 -4.0050256324033592e-06 -7.1686328169562332e-06 3.9905403647415897e-06
leaf_weight=20 36 27 21 21 21 20 36 22 21 23 43 28 24 22 1055 53 30 25 20 29 21 20 88 64 35 38 47 285 30 56
leaf_count=20 36 27 21 21 21 20 36 22 21 23 43 28 24 22 1055 53 30 25 20 29 21 20 88 64 35 38 47 285 30 56
internal_value=-4.50312e-15 -1.45834e-07 -5.13399e-06 9.59757e-07 -2.14495e-05 -3.6159e-05 -7.37376e-06 1.19954e-06 2.55635e-05 4.13586e-07 -3.17873e-07 1.12998e-05 1.91834e-05 2.93946e-07 3.33998e-08 1.32305e-05 1.36865e-05 -2.5921e-07 -2.8062e-06 -3.83173e-06 1.48533e-06 -2.86311e-06 -9.3723e-06 -1.81998e-06 1.70188e-05 1.35237e-06 4.07973e-06 -4.90189e-07 2.21813e-05 -1.18673e-05
internal_weight=2281 2261 228 166 62 41 124 88 42 2033 1905 128 100 1862 1840 76 52 1813 737 712 1076 692 272 184 64 420 382 305 77 120
internal_count=2281 2261 228 166 62 41 124 88 42 2033 1905 128 100 1862 1840 76 52 1813 737 712 1076 692 272 184 64 420 382 305 77 120
is_linear=0
shrinkage=0.05


Tree=88
num_leaves=31
num_cat=0
split_feature=1 1 4 6 1 4 1 0 5 2 4 1 4 5 4 1 0 5 3 6 0 1 6 6 5 6 1 0 5 1
split_gain=2.26223e-06 2.92531e-06 9.32917e-06 7.0146e-06 5.20947e-06 5.62312e-06 5.11697e-06 6.66234e-06 1.4363e-05 2.09712e-05 1.47698e-05 1.17715e-05 1.21965e-05 1.17543e-05 9.2832e-06 9.16515e-06 8.04941e-06 1.03107e-05 8.61209e-06 7.8295e-06 7.90241e-06 4.42248e-06 7.25252e-06 1.14112e-05 1.01312e-05 9.32986e-06 6.9756e-06 1.14416e-05 1.46631e-05 6.89045e-06
threshold=-0.2326305590444355 -0.1344381748916306 -0.69342972211963938 7.893529855248965 -0.16628599490198218 0.22431604233653593 -0.061486165165262695 0.4445195002487255 40.462385384672793 -0.050507023856289392 -0.038456923822755777 -0.082372685352808325 -0.34074569106191427 38.988429337431491 0.20771662510505143 -0.10143703694747523 -0.3864564142871017 23.364548262066254 -0.47028188037161917 5.2634066871655092 0.70739454883693931 -0.033784105104173505 2.8700064414383095 6.3302444590439118 24.228908318064743 8.3434419349420175 -0.020511106465067316 0.03471540819665065 31.105906677244377 -0.0027707899849536591
decision_type=2 2 2 2 2 2 2 2 2 2 2 2 2 2 2 2 2 2 2 2 2 2 2 2 2 2 2 2 2 2
left_child=-1 2 -2 4 -4 -6 7 8 10 -10 11 12 15 19 -12 -3 18 -18 -16 -9 -21 22 24 -24 -8 -25 27 28 -23 -28
right_child=1 6 3 -5 5 -7 21 13 9 -11 14 -13 -14 -15 16 -17 17 -19 -20 20 -22 26 23 25 -26 -27 29 -29 -30 -31
leaf_value=-1.6742143088777084e-05 -1.9222297698509768e-05 -7.9970231540342368e-06 2.8226723825207922e-05 -1.0338337954938956e-05 -5.2974214333134069e-06 2.3937731177660493e-05 -2.9393896560999827e-05 -1.0415928434905136e-05 -5.3203007604073111e-05 1.5316857992989492e-06 -3.06572194301313e-05 -4.2276576191637254e-06 5.921177592729995e-05 1.5089828923464666e-05 7.8280378511408349e-06 3.7143934890121711e-05 -6.2571134309875663e-06 3.2954550153287228e-05 -3.6597230776654516e-05 -6.2886442918852481e-05 -1.8438701645209221e-05 -4.9601601456357241e-05 2.7138354447455832e-05 -1.6287331943333682e-05 1.0707592562337393e-05 1.6845479056132188e-05 1.1298536755551443e-05 1.8695353997157471e-06 6.0551977255202546e-07 -3.067946400335288e-07
leaf_weight=20 30 22 54 30 38 29 28 46 30 42 31 38 24 24 20 23 38 30 24 20 20 33 76 42 36 43 144 76 26 1144
leaf_count=20 30 22 54 30 38 29 28 46 30 42 31 38 24 24 20 23 38 30 24 20 20 33 76 42 36 43 144 76 26 1144
internal_value=-6.28598e-14 1.48095e-07 6.24484e-06 1.13045e-05 1.66705e-05 7.3566e-06 -3.82439e-07 -5.22618e-06 -1.59699e-06 -2.12744e-05 4.07011e-06 1.81197e-05 3.04269e-05 -1.58498e-05 -6.44252e-06 1.5075e-05 2.59763e-07 1.10421e-05 -1.64039e-05 -2.44841e-05 -4.06626e-05 8.87281e-07 7.4011e-06 1.30609e-05 -6.83681e-06 4.73972e-07 -1.42662e-07 -1.09557e-05 -2.74764e-05 9.90696e-07
internal_weight=2281 2261 181 151 121 67 2080 432 322 72 250 107 69 110 143 45 112 68 44 86 40 1648 225 161 64 85 1423 135 59 1288
internal_count=2281 2261 181 151 121 67 2080 432 322 72 250 107 69 110 143 45 112 68 44 86 40 1648 225 161 64 85 1423 135 59 1288
is_linear=0
shrinkage=0.05


Tree=89
num_leaves=31
num_cat=0
split_feature=2 4 3 2 0 5 3 4 5 4 1 1 1 2 4 5 0 4 6 2 0 0 3 3 6 2 3 5 1 6
split_gain=2.16227e-06 1.28632e-05 1.23754e-05 2.29329e-05 1.43997e-05 1.28453e-05 1.44836e-05 1.26423e-05 1.18656e-05 1.13888e-05 1.52167e-05 2.91515e-05 1.89444e-05 1.23636e-05 1.12113e-05 1.24279e-05 1.07992e-05 9.30234e-06 8.68726e-06 8.13449e-06 1.03724e-05 1.64613e-05 7.80153e-06 7.3152e-06 7.06832e-06 1.47242e-05 1.13173e-05 9.29246e-06 1.42663e-05 1.52514e-05
threshold=-0.072666315959019734 0.84382007410339765 -0.78449413874650398 -0.086067417505211546 0.38039971945003109 44.440584978420517 -0.57079086303434201 -0.073994245629010899 26.20596658809146 -0.5702237648187326 -0.10019545040554863 -0.027972069521628232 0.025757360759629495 -0.11884654832275891 0.14869886326023177 25.065835353570282 -0.94799138451844811 -0.82087196826277786 3.3811334619784748 0.19846801147420842 0.24626471039104073 -0.10538509267170969 -0.042450901838963877 0.33249216898990103 0.73273978198999679 0.10780973790617997 -0.39847253515632064 43.771930036148845 0.0071326947271963615 3.6238286753284945
decision_type=2 2 2 2 2 2 2 2 2 2 2 2 2 2 2 2 2 2 2 2 2 2 2 2 2 2 2 2 2 2
left_child=2 16 3 4 7 9 -7 -1 -6 10 -4 -12 -13 -11 15 -15 -2 -14 -9 20 21 -3 -8 -16 25 -18 -27 -26 -29 -30
right_child=1 19 5 -5 8 6 22 18 -10 13 11 12 17 14 23 -17 24 -19 -20 -21 -22 -23 -24 -25 27 26 -28 28 29 -31
leaf_value=-9.792917715256207e-06 -3.0842005205820239e-05 1.4913053200871218e-05 -4.9973664395760607e-05 3.8681552714912133e-05 3.1747551086234378e-05 5.697715278074611e-05 -8.4321781130334977e-06 -2.1148217238078361e-05 -1.6265672462806482e-05 1.7650609073882606e-06 4.2465095388112022e-05 -5.3487648598932603e-05 2.3462039446671542e-05 6.9609467836926348e-05 -7.6989199632915943e-06 1.5717566558400311e-05 -3.8553207037367456e-05 -1.9985053878761911e-05 -6.3982899381040506e-05 4.1476896402183114e-05 3.005219296028372e-05 -4.1388855790955859e-05 2.6869200005689087e-05 2.930317919394425e-05 9.9271101002254776e-07 -2.1125233281214538e-05 2.4654694553410755e-05 1.8461045747957828e-07 6.0434011088329415e-06 -4.5209712601369596e-05
leaf_weight=45 33 37 21 21 22 23 29 20 31 384 26 26 22 20 34 23 39 28 29 23 34 20 34 22 1011 27 27 102 21 47
leaf_count=45 33 37 21 21 22 23 29 20 31 384 26 26 22 20 34 23 39 28 29 23 34 20 34 22 1011 27 27 102 21 47
internal_value=1.74617e-14 -1.19761e-06 1.97884e-06 -1.01942e-05 -1.71765e-05 4.93414e-06 2.30174e-05 -2.89271e-05 3.66434e-06 2.36788e-06 -1.1215e-05 -3.23532e-06 -1.88697e-05 5.82688e-06 2.15818e-05 4.07836e-05 -2.60256e-06 -8.68333e-07 -4.64994e-05 1.49101e-05 8.19539e-06 -4.842e-06 1.06194e-05 6.83762e-06 -1.87109e-06 -1.51428e-05 1.76473e-06 -8.25981e-07 -1.16419e-05 -2.93815e-05
internal_weight=2281 1421 860 168 147 692 86 94 53 606 123 102 76 483 99 43 1307 50 49 114 91 57 63 56 1274 93 54 1181 170 68
internal_count=2281 1421 860 168 147 692 86 94 53 606 123 102 76 483 99 43 1307 50 49 114 91 57 63 56 1274 93 54 1181 170 68
is_linear=0
shrinkage=0.05


Tree=90
num_leaves=31
num_cat=0
split_feature=4 4 3 4 0 3 6 3 4 1 6 5 2 1 1 2 5 4 5 6 3 1 4 4 4 2 3 2 3 3
split_gain=2.09165e-06 7.35756e-06 7.848e-06 5.7521e-06 7.54423e-06 1.02876e-05 8.63449e-06 1.55185e-05 7.29732e-06 6.41988e-06 1.34165e-05 5.54296e-06 1.20582e-05 5.1924e-06 1.54121e-05 1.08841e-05 1.0251e-05 6.58975e-06 8.36268e-06 8.13593e-06 6.26326e-06 6.2516e-06 1.02527e-05 1.07785e-05 1.18061e-05 1.39905e-05 9.8293e-06 1.01734e-05 9.45984e-06 1.23766e-05
threshold=-0.82087196826277786 -0.89865524043572997 -0.17534139349240738 -0.73009591169971422 -0.051154907592722336 -0.2970222497933393 4.8971684211248965 -0.166424721771576 -0.70081789589570265 0.19541028444197184 6.2456997368931066 18.943180703899362 0.03325263938489155 0.15650256315734476 0.1374559720123609 -0.036975473588951709 33.742909964890494 -0.61201829947371444 36.683715197967096 6.8300574578581417 2.9549202078700429 -0.049246823258209158 -0.53863766896492893 -0.34074569106191427 -0.059948938642344178 -0.031722127581523117 1.0000000180025095e-35 -0.039883264207443037 1.5626551305063188 1.0660853512799557
decision_type=2 2 2 2 2 2 2 2 2 2 2 2 2 2 2 2 2 2 2 2 2 2 2 2 2 2 2 2 2 2
left_child=1 2 -1 4 5 -2 -6 -8 -5 13 -11 -3 -13 14 17 -15 -16 18 19 -10 21 22 -19 26 25 -25 27 -24 29 -26
right_child=3 11 -4 8 6 -7 7 -9 9 10 -12 12 -14 15 16 -17 -18 20 -20 -21 -22 -23 23 24 28 -27 -28 -29 -30 -31
leaf_value=-1.5016798972773981e-05 2.528530235744816e-05 3.8575744431346681e-05 1.1512968940223801e-05 2.5993137549246766e-05 5.2472334775504551e-07 -2.1766915623239976e-05 -6.6295629048476084e-05 -6.2048659442966299e-06 -3.4862605309085454e-05 -4.9064420691138368e-05 8.1567238729413869e-06 -1.1546074475435572e-05 3.3509486719493811e-05 3.6348190511716894e-05 -4.3297822765667021e-05 -3.7105424104456924e-06 1.1330831122385073e-06 3.1822494132765793e-05 1.4953277054701174e-05 3.25358366050447e-06 -2.3137145282922017e-05 3.8833656637141348e-06 1.660079081678608e-05 3.6874152533528105e-05 -4.9615063653138206e-06 -3.9201545271627018e-07 -4.8233780664001342e-05 -3.2053043754455177e-05 2.3965455343736371e-05 -4.3608471109605909e-05
leaf_weight=63 26 21 50 27 27 21 21 22 42 20 21 33 27 30 34 39 21 21 20 21 26 1070 21 40 355 68 24 22 26 22
leaf_count=63 26 21 50 27 27 21 21 22 42 20 21 33 27 30 34 39 21 21 20 21 26 1070 21 40 355 68 24 22 26 22
internal_value=3.24133e-14 4.96606e-06 -3.27796e-06 -4.61627e-07 -1.12328e-05 4.26197e-06 -2.16364e-05 -3.55515e-05 1.78081e-07 -1.80646e-07 -1.9756e-05 1.6467e-05 8.72893e-06 2.41326e-07 -2.65539e-07 1.37063e-05 -2.63333e-05 5.40831e-07 -1.32149e-05 -2.21572e-05 1.21442e-06 1.59377e-06 -2.49616e-06 -3.74303e-06 -1.27067e-06 1.34103e-05 -2.25994e-05 -8.29187e-06 -5.20501e-06 -7.21677e-06
internal_weight=2281 194 113 2087 117 47 70 43 1970 1943 41 81 60 1902 1833 69 55 1778 83 63 1695 1669 599 578 511 108 67 43 403 377
internal_count=2281 194 113 2087 117 47 70 43 1970 1943 41 81 60 1902 1833 69 55 1778 83 63 1695 1669 599 578 511 108 67 43 403 377
is_linear=0
shrinkage=0.05


Tree=91
num_leaves=31
num_cat=0
split_feature=2 2 1 1 2 5 0 5 3 6 6 2 5 5 3 2 3 5 2 2 3 2 3 2 3 6 3 3 2 1
split_gain=2.08601e-06 2.14613e-06 8.29622e-06 1.21892e-05 9.39645e-06 9.79868e-06 7.8772e-06 6.91654e-06 6.55297e-06 5.71192e-06 1.12177e-05 1.01373e-05 4.11907e-06 3.86958e-06 6.2242e-06 3.44409e-06 4.00826e-06 1.07327e-05 9.73329e-06 1.09021e-05 9.22028e-06 7.96343e-06 7.50446e-06 2.32271e-05 7.99386e-06 7.46221e-06 4.73592e-06 5.66913e-06 1.16195e-05 7.104e-06
threshold=-0.49639030362443254 -0.25258181004368768 0.061635809888377073 0.013133266449899138 -0.36067209879159795 26.071586864723759 -0.37383375373099198 23.932455008391262 -0.25150934044330348 9.3297995422728253 9.2053254234753421 0.20469772749688034 39.142346796244823 17.876273610190967 -0.4923842030989572 -0.24428845572515318 1.4982607826911756 28.554627696894254 0.053004719552483849 -0.072666315959019734 2.3062637364320184 0.057022465534532336 1.0660853512799557 0.025060913002725959 0.78992238748166799 3.9850331865175286 0.72233811810747206 0.60852166914621597 0.062564729574215133 -0.16628599490198218
decision_type=2 2 2 2 2 2 2 2 2 2 2 2 2 2 2 2 2 2 2 2 2 2 2 2 2 2 2 2 2 2
left_child=-1 2 3 6 -4 -6 -2 -8 -5 10 15 12 13 -11 -15 -3 22 18 19 -18 21 -19 24 -24 26 -26 27 29 -29 -17
right_child=1 9 4 8 5 -7 7 -9 -10 11 -12 -13 -14 14 -16 16 17 20 -20 -21 -22 -23 23 -25 25 -27 -28 28 -30 -31
leaf_value=1.6076832381486383e-05 -2.6501658294364463e-05 1.7858127988869524e-05 6.8496298072637905e-06 4.6172254726462562e-06 -5.8133511265623385e-05 -9.232128523990469e-06 -1.5585200768934251e-05 1.2925172021683606e-05 4.4116996286902582e-05 2.5934333960674029e-05 -3.358571899661911e-05 -1.5993819105070935e-05 3.6101753683700131e-05 2.3767277562001257e-05 -1.3655252347234638e-05 1.4491419777381713e-05 3.1436226769680313e-05 -1.4063141801064681e-05 4.1118128638117927e-05 -1.3776064805881561e-05 -3.4913454700948757e-05 2.8656312408656959e-05 8.8254891288204081e-06 -4.9157913981029969e-05 3.2721068699694507e-05 7.094459371208879e-08 -2.390965429929731e-05 -6.8834618223658971e-06 4.5226382599139474e-05 -1.8229948572499912e-06
leaf_weight=20 36 27 21 21 21 20 36 52 21 31 25 28 24 20 25 70 24 24 32 30 21 20 39 31 35 35 22 23 20 1427
leaf_count=20 36 27 21 21 21 20 36 52 21 31 25 28 24 20 25 70 24 24 32 30 21 20 39 31 35 35 22 23 20 1427
internal_value=-2.22078e-14 -1.4221e-07 -4.74212e-06 1.08675e-06 -2.03485e-05 -3.42792e-05 -6.79853e-06 1.26184e-06 2.43671e-05 3.73668e-07 -3.13321e-07 1.0598e-05 1.80437e-05 1.23412e-05 2.97698e-06 1.29131e-07 -1.29198e-07 7.67812e-06 1.92671e-05 6.31829e-06 -7.65495e-06 5.35479e-06 -8.21856e-07 -1.68529e-05 -1.34251e-07 1.6396e-05 -8.75044e-07 -5.45978e-07 1.73537e-05 -1.06013e-06
internal_weight=2281 2261 228 166 62 41 124 88 42 2033 1905 128 100 76 45 1880 1853 151 86 54 65 44 1702 70 1632 70 1562 1540 43 1497
internal_count=2281 2261 228 166 62 41 124 88 42 2033 1905 128 100 76 45 1880 1853 151 86 54 65 44 1702 70 1632 70 1562 1540 43 1497
is_linear=0
shrinkage=0.05


Tree=92
num_leaves=31
num_cat=0
split_feature=1 1 2 2 4 1 1 1 1 0 5 2 4 5 5 5 4 3 0 5 6 0 0 5 5 1 3 5 1 6
split_gain=1.97618e-06 2.59496e-06 8.72385e-06 1.53294e-05 1.05253e-05 7.21719e-06 8.34273e-06 5.48778e-06 4.41709e-06 6.2682e-06 1.27827e-05 1.86033e-05 1.26142e-05 1.10293e-05 1.39501e-05 1.02088e-05 8.35283e-06 7.1439e-06 1.23347e-05 8.17383e-06 7.13198e-06 7.13175e-06 4.27349e-06 4.82605e-06 6.75178e-06 5.73987e-06 7.16912e-06 1.08364e-05 8.60709e-06 7.12817e-06
threshold=-0.2326305590444355 -0.1344381748916306 0.20905202694536076 0.12545659608485835 -0.6675764867436631 -0.14551723339145375 -0.16628599490198218 -0.18711319158804293 -0.061486165165262695 0.4445195002487255 40.462385384672793 -0.050507023856289392 -0.038456923822755777 14.137862118454793 24.105141062477141 38.988429337431491 0.20771662510505143 -0.64872927316635354 -0.39277845119168059 23.364548262066254 5.2634066871655092 0.70739454883693931 0.97314537175182669 5.767302719477855 6.4556753559410209 -0.033784105104173505 0.13672264577501894 28.554627696894254 -0.048686895665975678 3.0513376037468594
decision_type=2 2 2 2 2 2 2 2 2 2 2 2 2 2 2 2 2 2 2 2 2 2 2 2 2 2 2 2 2 2
left_child=-1 2 3 4 -2 6 7 -6 9 10 12 -12 13 -3 -15 20 -14 -18 -19 -20 -11 -22 23 -10 -25 26 28 -28 29 -26
right_child=1 8 -4 -5 5 -7 -8 -9 22 15 11 -13 16 14 -16 -17 17 18 19 -21 21 -23 -24 24 25 -27 27 -29 -30 -31
leaf_value=-1.5647893415007276e-05 -2.9072050066050991e-05 4.3952912645701351e-05 -2.2890025089193092e-05 4.15915455197401e-05 -2.7137843495611814e-06 3.3714473386720315e-05 -1.6007473267462855e-05 3.1957301362126598e-05 2.1335553574003983e-05 -9.7859316561564057e-06 -4.997682789811127e-05 1.5752856124133058e-06 -2.8679644116979739e-05 -1.7374628833115852e-05 2.5227944586178007e-05 1.3667793064087164e-05 2.3052766647635036e-05 -3.2259505805996016e-05 -9.3628351732472624e-06 2.9503866850670121e-05 -5.9766263193523626e-05 -1.7541432725920458e-05 -2.0583129093131942e-05 -2.3151483965820858e-05 -3.0409743686295068e-05 -3.7821589819973675e-09 4.160737998193197e-05 1.9737884512698441e-06 1.5220894851075213e-05 1.9798170370097294e-06
leaf_weight=20 22 28 23 31 21 23 36 25 29 46 30 42 31 33 46 24 27 30 31 24 20 20 23 29 26 1354 35 34 69 49
leaf_count=20 22 28 23 31 21 23 36 25 29 46 30 42 31 33 46 24 27 30 31 24 20 20 23 29 26 1354 35 34 69 49
internal_value=-1.01077e-14 1.38416e-07 5.8806e-06 1.00687e-05 2.37419e-06 8.96292e-06 2.02041e-06 1.61292e-05 -3.61265e-07 -4.86158e-06 -1.34138e-06 -1.99048e-05 4.00488e-06 1.69888e-05 7.43193e-06 -1.51662e-05 -5.71038e-06 6.47182e-07 -6.46989e-06 7.59718e-06 -2.32129e-05 -3.86538e-05 8.18429e-07 1.12134e-06 7.54043e-07 1.19646e-06 8.82613e-06 2.20778e-05 2.47639e-06 -9.24856e-06
internal_weight=2281 2261 181 158 127 105 82 46 2080 432 322 72 250 107 79 110 143 112 85 55 86 40 1648 1625 1596 1567 213 69 144 75
internal_count=2281 2261 181 158 127 105 82 46 2080 432 322 72 250 107 79 110 143 112 85 55 86 40 1648 1625 1596 1567 213 69 144 75
is_linear=0
shrinkage=0.05


Tree=93
num_leaves=31
num_cat=0
split_feature=2 4 4 3 4 3 2 1 3 2 6 2 3 3 4 4 6 5 3 2 2 1 2 0 2 2 4 0 6 4
split_gain=1.9381e-06 2.0653e-06 7.04698e-06 6.92738e-06 5.02376e-06 9.57893e-06 9.28314e-06 7.44073e-06 8.97772e-06 1.4916e-05 1.4581e-05 1.22501e-05 9.15584e-06 7.38995e-06 7.24527e-06 7.27288e-06 6.31156e-06 5.23892e-06 4.92699e-06 1.38771e-05 1.56613e-05 1.47614e-05 1.2924e-05 9.10378e-06 8.90006e-06 1.39827e-05 1.21988e-05 1.2663e-05 1.7079e-05 1.07905e-05
threshold=-0.49639030362443254 -0.82087196826277786 -0.89865524043572997 -0.17534139349240738 -0.5702237648187326 1.2140746341324373 -0.2229191912066289 -0.066245766213098245 -0.89389610969907995 0.027882582535424794 7.9178010713666778 0.15850035297795842 -0.28313538754222234 -0.23616405333818694 -0.54739957550449014 -0.51184197646447227 4.5220384857693094 25.065835353570282 -0.79459932159408797 -0.10205629462454269 0.1353698241506037 -0.027972069521628232 0.21913239051463732 -0.28337155342288683 -0.072666315959019734 -0.045882381572835106 0.78008100505649092 0.24626471039104073 5.4463009246140555 0.75811489409047206
decision_type=2 2 2 2 2 2 2 2 2 2 2 2 2 2 2 2 2 2 2 2 2 2 2 2 2 2 2 2 2 2
left_child=-1 2 3 -2 5 6 -3 13 -9 10 16 12 -11 -8 -6 -16 -10 -13 19 -17 21 23 -22 -21 29 -26 -27 28 -28 -20
right_child=1 4 -4 -5 14 -7 7 8 9 11 -12 17 -14 -15 15 18 -18 -19 24 20 22 -23 -24 -25 25 26 27 -29 -30 -31
leaf_value=1.5496413616347127e-05 -1.425825421825894e-05 2.0762531663448874e-05 1.6164531687081762e-05 1.0666940423107008e-05 2.6092508455298634e-05 -3.2994499325732545e-05 -7.3737809381262711e-06 1.9216930195398166e-05 -3.3518414056743495e-05 3.7689626554745943e-05 1.375509655190399e-06 -3.8627988173671343e-05 -8.5670468479293049e-06 3.1350679240528159e-05 -2.2248767470500753e-05 -2.2594738092742599e-05 -7.0879171253182002e-05 -3.269862063461915e-06 1.0132232974071335e-05 1.7251500590873547e-05 -4.1150107867768832e-05 2.1652965082466838e-05 8.8721195735582501e-07 -2.4424685751144256e-05 -2.1854658490682549e-05 -1.980699990135317e-06 2.2337484223985381e-05 3.5922963531012775e-05 -2.7314195076228476e-05 -8.7969337748070974e-06
leaf_weight=20 63 34 80 50 27 31 28 20 26 23 20 22 20 22 36 84 20 20 436 20 33 100 41 38 76 682 43 46 29 91
leaf_count=20 63 34 80 50 27 31 28 20 26 23 20 22 20 22 36 84 20 20 436 20 33 100 41 38 76 682 43 46 29 91
internal_value=-3.08913e-14 -1.37076e-07 4.80953e-06 -3.22941e-06 -5.98727e-07 -6.75021e-06 -3.55973e-06 -7.30161e-06 -1.22626e-05 -1.64321e-05 -3.42659e-05 -2.58462e-06 1.61749e-05 9.66498e-06 3.88548e-07 -6.89766e-09 -4.97622e-05 -2.17908e-05 4.58901e-07 -5.18148e-06 1.12332e-06 1.00139e-05 -1.78592e-05 -1.00536e-05 1.72929e-06 -1.35951e-06 5.87524e-07 1.5431e-05 2.33889e-06 6.86363e-06
internal_weight=2281 2261 193 113 2068 286 255 221 171 151 66 85 43 50 1782 1755 46 42 1719 316 232 158 74 58 1403 876 800 118 72 527
internal_count=2281 2261 193 113 2068 286 255 221 171 151 66 85 43 50 1782 1755 46 42 1719 316 232 158 74 58 1403 876 800 118 72 527
is_linear=0
shrinkage=0.05


Tree=94
num_leaves=31
num_cat=0
split_feature=2 2 2 2 0 1 3 3 2 4 4 4 2 4 4 0 1 2 0 6 6 6 6 6 3 2 3 2 5 3
split_gain=1.91686e-06 5.54194e-06 7.06626e-06 5.78518e-06 3.52012e-06 5.29515e-06 1.13108e-05 7.04907e-06 8.21709e-06 7.45473e-06 6.92511e-06 4.54627e-06 3.57798e-06 3.15054e-06 4.5274e-06 3.56025e-06 1.90775e-05 1.2458e-05 1.20166e-05 5.22681e-06 1.69943e-05 1.25185e-05 9.82347e-06 8.92404e-06 1.64011e-05 2.23012e-05 1.3609e-05 1.35136e-05 1.4994e-05 1.05662e-05
threshold=0.44538977779756267 0.41093430601417474 0.38663289026676195 0.34713760348066897 0.7787534216865436 0.053819287128936785 -0.052644255009194778 -0.10696195427241188 -0.13603236536362298 0.24602559000605098 0.16284752655637094 -0.12917447496995102 0.02281003249149223 0.97193224606569362 0.92026498245415633 0.71675442864213279 -0.076421164445306597 0.006520761915662982 0.6885275317088132 4.595844011182602 4.4935096553029243 4.7788421572881132 4.9584711698825172 6.0700201637826634 -0.73487267028227554 0.011875868594095323 0.27602309643420014 0.15086348037283318 40.067136546903392 0.48507007190712464
decision_type=2 2 2 2 2 2 2 2 2 2 2 2 2 2 2 2 2 2 2 2 2 2 2 2 2 2 2 2 2 2
left_child=1 2 3 4 13 7 12 8 11 -9 -10 -6 -7 14 15 18 -17 -18 19 20 -1 -21 -23 24 25 -24 -26 29 -29 -25
right_child=-2 -3 -4 -5 5 6 -8 9 10 -11 -12 -13 -14 -15 -16 16 17 -19 -20 21 -22 22 23 27 26 -27 -28 28 -30 -31
leaf_value=-2.4694358021335276e-06 1.4056018954988758e-05 -2.4048143192582453e-05 2.7091788782248233e-05 -2.0352091326328394e-05 2.7803170669358222e-05 1.9021418088611782e-05 -6.0744605718809908e-06 3.0410293644915026e-05 -3.2543445508458212e-05 -5.7867460709530862e-06 -1.6497870092280211e-08 -5.5060794953273481e-06 4.7226031611816414e-05 -1.5658959305523349e-05 1.6340347820005266e-05 -5.3177733607299158e-05 -1.7466945275608001e-05 2.9972267962875779e-05 3.4931494944127432e-05 3.5336918522767118e-05 -4.7041092230673801e-05 -2.4097411431667801e-05 1.8304933854822248e-07 5.8620909654079458e-06 -9.038532332371606e-06 7.0737629497822735e-05 2.1772425700632427e-05 -4.5399050281458171e-06 -4.2289519508296903e-05 -1.0944429764133688e-05
leaf_weight=766 24 24 24 35 20 23 32 33 36 25 30 21 22 34 40 20 31 25 24 27 22 38 21 466 89 24 60 91 37 117
leaf_count=766 24 24 24 35 20 23 32 33 36 25 30 21 22 34 40 20 31 25 24 27 22 38 21 466 89 24 60 91 37 117
internal_value=7.94443e-14 -1.49466e-07 1.07394e-07 -1.85782e-07 1.38883e-07 5.82368e-06 1.66504e-05 7.71199e-07 -6.8376e-06 1.48081e-05 -1.77585e-05 1.07423e-05 3.28103e-05 -5.73188e-07 -3.02947e-07 -6.61253e-07 -1.12595e-05 3.71127e-06 -2.09251e-07 -6.88988e-07 -3.71382e-06 1.7683e-06 8.07162e-07 1.85288e-06 1.13581e-05 3.78122e-05 3.36856e-06 -7.40657e-07 -1.54519e-05 2.48926e-06
internal_weight=2281 2257 2233 2209 2174 242 77 165 107 58 66 41 45 1932 1898 1858 76 56 1782 1758 788 970 943 905 194 45 149 711 128 583
internal_count=2281 2257 2233 2209 2174 242 77 165 107 58 66 41 45 1932 1898 1858 76 56 1782 1758 788 970 943 905 194 45 149 711 128 583
is_linear=0
shrinkage=0.05


Tree=95
num_leaves=31
num_cat=0
split_feature=5 2 2 6 5 2 5 4 5 2 2 2 6 1 5 4 4 0 0 6 2 2 6 3 1 3 2 5 5 5
split_gain=1.91785e-06 7.21699e-06 6.18683e-06 5.75531e-06 6.36275e-06 4.80727e-06 4.83881e-06 7.99739e-06 6.74313e-06 4.74788e-06 7.452e-06 4.81832e-06 9.30504e-06 6.11499e-06 1.14329e-05 8.0745e-06 6.95661e-06 5.666e-06 7.80119e-06 7.878e-06 1.44628e-05 9.91192e-06 7.11232e-06 5.5893e-06 1.23472e-05 1.44966e-05 1.17936e-05 1.41637e-05 1.2526e-05 1.56247e-05
threshold=48.030921389829551 -0.17491549823259869 0.44538977779756267 3.5872283718393732 48.850854081522257 0.41093430601417474 47.080369101363061 0.091587137488508233 46.451384281183813 0.37202350684239499 0.34713760348066897 -0.2229191912066289 9.2469345006786323 -0.069535751899897066 39.727446836294121 0.50013726567849304 0.69734035759611324 -0.93963935043048508 -0.88535438389404075 0.73273978198999679 -0.060579425774885232 0.10780973790617997 0.43820525462159093 0.39221797174191114 -0.026410438595486769 1.0660853512799557 0.18950128557931464 21.945662270985316 36.222232697424808 31.105906677244377
decision_type=2 2 2 2 2 2 2 2 2 2 2 2 2 2 2 2 2 2 2 2 2 2 2 2 2 2 2 2 2 2
left_child=2 -2 5 -3 -5 6 8 -8 9 10 11 12 13 15 16 -1 -15 -13 -19 20 22 -22 -20 -21 25 -25 27 -26 29 -29
right_child=1 3 -4 4 -6 -7 7 -9 -10 -11 -12 17 -14 14 -16 -17 -18 18 19 23 21 -23 -24 24 26 -27 -28 28 -30 -31
leaf_value=-2.7519975046743641e-05 3.2801268181564026e-05 1.6953254821187743e-05 2.6677888915097965e-05 6.7974425534581923e-06 -2.6343646287127092e-05 -2.2845736081459717e-05 -3.7178342324256414e-05 4.9888876095461796e-06 2.2430794874570424e-05 1.9734687960188804e-05 -2.7770042972406371e-05 -1.678736077034652e-05 -3.9150362972577568e-05 7.6361290033990223e-07 3.0373825162704247e-05 7.7620233507028999e-06 -2.5111301492586336e-05 2.1273373170212129e-05 3.3387257753929587e-05 -1.2364816169637585e-07 -4.4341323885289188e-05 -8.1145458907263759e-06 -8.2750047459696724e-06 3.6137046292239461e-05 1.1505048661104101e-05 3.9354433209172825e-06 3.2520980607841923e-05 -1.3726362907973675e-05 2.3584738446515987e-06 -6.7632010905072098e-05
leaf_weight=50 21 33 21 30 28 24 23 22 33 29 25 45 20 138 28 24 32 47 20 1136 35 41 21 64 79 77 24 41 50 20
leaf_count=50 21 33 21 30 28 24 23 22 33 29 25 45 20 138 28 24 32 47 20 1136 35 41 21 64 79 77 24 41 50 20
internal_value=-1.20808e-14 6.38023e-06 -3.29454e-07 2.83061e-07 -9.2017e-06 -5.93492e-07 -3.42054e-07 -1.65633e-05 9.05392e-09 -3.52587e-07 -6.41398e-07 -3.00928e-07 -6.23436e-06 -3.81407e-06 7.69111e-07 -1.60772e-05 -4.10696e-06 7.18227e-07 1.19421e-06 6.07318e-07 -1.18861e-05 -2.47979e-05 1.20481e-05 1.58769e-06 7.06396e-06 1.85518e-05 -5.05117e-07 -4.67683e-06 -1.61937e-05 -3.14003e-05
internal_weight=2281 112 2169 91 58 2148 2124 45 2079 2046 2017 1992 292 272 198 74 170 1700 1655 1608 117 76 41 1491 355 141 214 190 111 61
internal_count=2281 112 2169 91 58 2148 2124 45 2079 2046 2017 1992 292 272 198 74 170 1700 1655 1608 117 76 41 1491 355 141 214 190 111 61
is_linear=0
shrinkage=0.05


Tree=96
num_leaves=31
num_cat=0
split_feature=4 4 3 3 6 4 3 2 3 4 4 1 3 2 2 2 1 3 2 6 2 1 2 4 5 2 2 4 1 4
split_gain=1.76178e-06 6.12488e-06 6.10784e-06 4.86995e-06 8.07772e-06 4.84002e-06 8.52991e-06 7.83092e-06 7.41503e-06 6.38753e-06 6.60807e-06 6.35695e-06 9.42225e-06 1.50336e-05 1.5044e-05 7.39809e-06 5.3211e-06 5.07697e-06 1.2926e-05 1.49997e-05 1.47473e-05 1.50105e-05 1.16155e-05 1.1584e-05 9.30332e-06 9.23108e-06 1.23321e-05 1.12893e-05 1.22014e-05 1.07834e-05
threshold=-0.82087196826277786 -0.89865524043572997 -0.17534139349240738 -0.57079086303434201 6.0910113861715525 -0.5702237648187326 1.2140746341324373 -0.2229191912066289 0.60852166914621597 -0.54739957550449014 -0.51184197646447227 -0.10842812997397237 -0.26303955938419721 0.027882582535424794 -0.050507023856289392 0.18562220999163739 0.0012692863531234737 -0.79459932159408797 -0.090864335947576716 3.3811334619784748 0.1353698241506037 -0.027972069521628232 0.21913239051463732 -0.27181971168082814 28.013254539574103 -0.072666315959019734 -0.045882381572835106 0.75811489409047206 -0.064109323465585996 0.78008100505649092
decision_type=2 2 2 2 2 2 2 2 2 2 2 2 2 2 2 2 2 2 2 2 2 2 2 2 2 2 2 2 2 2
left_child=1 2 3 4 -1 6 7 -2 11 -7 -11 -9 13 14 -13 -15 -14 18 19 -12 21 -20 -22 -21 -25 27 -27 28 -19 -28
right_child=5 -3 -4 -5 -6 9 -8 8 -10 10 17 12 16 15 -16 -17 -18 25 20 23 22 -23 -24 24 -26 26 29 -29 -30 -31
leaf_value=-2.7078926905232947e-05 1.8171818245112568e-05 1.5051044453437857e-05 1.0084369474498089e-05 -3.3703660301398485e-05 1.6369057108101477e-05 2.4676050304185119e-05 -3.1217690725644652e-05 1.1727358163885324e-05 1.810621414943643e-05 -2.1031102532257745e-05 1.3053756851149956e-05 -5.3706666328841552e-06 -5.0585620035483525e-05 2.470375788893639e-05 -6.0021080280421301e-05 -1.0098905519183833e-05 -1.7725789387311255e-05 -2.9633368725509145e-06 -9.4414142926038241e-06 -1.6646064337196138e-06 -3.8739508311140747e-05 2.3280662283938442e-05 1.1129466479249503e-06 -6.8570761496907241e-05 -2.5296642232530286e-05 -2.0524334027078639e-05 -1.8629474640862832e-06 -8.6199210138721883e-06 1.5495429681106928e-05 1.4507455071999806e-05
leaf_weight=20 36 81 50 20 23 27 31 28 26 36 25 34 22 37 20 26 28 124 57 22 33 91 41 23 27 76 682 95 322 118
leaf_count=20 36 81 50 20 23 27 31 28 26 36 25 34 22 37 20 26 28 124 57 22 33 91 41 23 27 76 682 95 322 118
internal_value=3.61782e-14 4.55768e-06 -2.96411e-06 -1.33201e-05 -3.83931e-06 -4.23665e-07 -6.44166e-06 -3.45311e-06 -6.97572e-06 5.39749e-07 1.71984e-07 -1.032e-05 -1.40165e-05 -6.25262e-06 -2.56116e-05 1.03408e-05 -3.21841e-05 6.11679e-07 -5.08717e-06 -2.03135e-05 1.5658e-06 1.06782e-05 -1.66591e-05 -3.18994e-05 -4.52027e-05 1.89462e-06 -1.27683e-06 7.02991e-06 1.03634e-05 5.51687e-07
internal_weight=2281 194 113 63 43 2087 288 257 221 1799 1772 195 167 117 54 63 50 1736 319 97 222 148 74 72 50 1417 876 541 446 800
internal_count=2281 194 113 63 43 2087 288 257 221 1799 1772 195 167 117 54 63 50 1736 319 97 222 148 74 72 50 1417 876 541 446 800
is_linear=0
shrinkage=0.05


Tree=97
num_leaves=31
num_cat=0
split_feature=0 0 5 1 5 0 1 0 1 3 3 2 2 2 6 4 4 5 4 2 4 2 2 3 1 4 5 5 5 4
split_gain=1.76331e-06 7.65978e-06 1.14394e-05 1.02537e-05 1.0027e-05 6.94037e-06 1.24559e-05 9.23558e-06 6.13831e-06 5.38004e-06 4.48401e-06 5.04056e-06 1.33993e-05 1.00971e-05 9.65959e-06 9.4747e-06 8.72412e-06 8.96318e-06 2.0872e-05 1.09071e-05 8.21423e-06 1.11848e-05 4.17621e-06 4.59711e-06 3.65863e-06 3.7487e-06 8.34511e-06 1.02973e-05 6.31484e-06 1.42643e-05
threshold=-0.4226757099890443 -0.51334551242424653 30.620252397451424 0.061635809888377073 42.320455198912633 -0.59550377143227251 0.048348532705376479 -0.6507949437345959 0.041581401599785177 -0.017226097654323255 -0.94631171367092737 0.015027904886248946 -0.060579425774885232 -0.028067130279772614 7.7977168118202034 -0.82087196826277786 -0.27811195829480645 29.483041512280213 0.17989602312254929 0.17805323044718988 0.58229116011862658 -0.097465027446700589 -0.21682805646840414 0.024971453844166439 -0.22070848823831507 -0.82087196826277786 13.473026072789851 36.054544393709925 11.665338725072452 -0.59526463461913814
decision_type=2 2 2 2 2 2 2 2 2 2 2 2 2 2 2 2 2 2 2 2 2 2 2 2 2 2 2 2 2 2
left_child=1 5 3 -3 -4 7 9 10 -9 -7 -1 12 14 -14 20 -13 -17 19 -19 -18 21 22 -12 -24 -2 26 -26 -28 29 -27
right_child=24 2 4 -5 -6 6 -8 8 -10 -11 11 15 13 -15 -16 16 17 18 -20 -21 -22 -23 23 -25 25 28 27 -29 -30 -31
leaf_value=-2.0182401160127487e-05 -1.9830667865573475e-05 -4.5831696802957194e-05 2.7994417442559184e-05 -1.1800419270002749e-06 -2.0308031534590382e-05 1.015453486733379e-05 3.457797707719572e-05 -7.9144036298646092e-06 -4.0052982482545002e-05 -2.2622831186579011e-05 8.5474531806539745e-06 2.4965512990172062e-05 5.6451328255207052e-05 1.167896409831027e-05 2.2456523834694669e-05 -3.1334742339562842e-05 -9.0650864020811723e-06 1.9475772465479429e-05 -4.5977021922038244e-05 3.3075694149634472e-05 1.4613900909483036e-05 -4.3316909851398579e-05 -2.9348791614817555e-05 3.1089564163266914e-06 3.6601267358650068e-05 -4.4667169553893316e-05 -8.0799828711113678e-06 2.3721601785382521e-05 1.8201231621047768e-06 -3.0109454934968035e-06
leaf_weight=25 21 36 22 20 21 31 38 39 24 21 35 23 20 34 37 35 34 21 29 28 35 24 24 20 23 23 70 40 1235 193
leaf_count=25 21 36 22 20 21 31 38 39 24 21 35 23 20 34 37 35 34 21 29 28 35 24 24 20 23 23 70 40 1235 193
internal_value=-2.77912e-14 -2.14208e-06 -1.49912e-05 -2.98847e-05 4.40485e-06 6.25446e-08 1.28186e-05 -2.29484e-06 -2.01577e-05 -3.08248e-06 3.5931e-07 1.64638e-06 6.48844e-06 2.82613e-05 -2.30051e-07 -4.87615e-06 -9.54525e-06 -2.73603e-06 -1.84868e-05 9.96623e-06 -6.31268e-06 -1.34237e-05 -4.34216e-06 -1.45953e-05 9.02209e-07 1.17708e-06 9.21124e-06 3.48423e-06 4.40658e-07 -7.44656e-06
internal_weight=2281 676 99 56 43 577 90 487 63 52 424 399 229 54 175 170 147 112 50 62 138 103 79 44 1605 1584 133 110 1451 216
internal_count=2281 676 99 56 43 577 90 487 63 52 424 399 229 54 175 170 147 112 50 62 138 103 79 44 1605 1584 133 110 1451 216
is_linear=0
shrinkage=0.05


Tree=98
num_leaves=31
num_cat=0
split_feature=4 4 4 4 4 1 1 6 2 1 0 6 0 0 2 2 5 3 0 4 0 4 1 3 5 1 2 5 3 5
split_gain=1.80273e-06 4.08163e-06 3.3387e-06 6.12985e-06 3.91709e-06 3.51966e-06 1.63861e-05 1.27229e-05 1.21731e-05 7.05068e-06 6.07949e-06 4.12617e-06 1.88099e-05 1.32583e-05 1.87819e-05 8.09846e-06 7.53998e-06 5.89507e-06 5.74434e-06 6.3188e-06 5.66899e-06 6.93314e-06 6.50697e-06 6.28028e-06 5.50165e-06 1.71884e-05 9.50637e-06 5.50792e-06 9.65304e-06 7.33127e-06
threshold=-0.97474955884834291 -0.95667665047344008 -0.92207146570226195 -0.87018184273765753 -0.89865524043572997 0.1374559720123609 0.15277414341005979 3.533820177008113 0.10780973790617997 0.17463051368217522 -0.13516732062726608 1.6697587795078224 -0.83482028645903072 -0.61584365647258621 0.15559590417747129 -0.036975473588951709 26.309070719270803 -0.27895810543794952 0.27764588547958596 0.20124448855065938 0.26680461082714929 -0.73009591169971422 0.10034746622016129 -0.27230516498615009 43.771930036148845 -0.0027707899849536591 0.01713459981521738 40.067136546903392 -0.27895810543794952 33.2905103472552
decision_type=2 2 2 2 2 2 2 2 2 2 2 2 2 2 2 2 2 2 2 2 2 2 2 2 2 2 2 2 2 2
left_child=-1 -2 -3 4 -4 11 10 -8 9 -9 -7 12 -5 -14 15 18 17 -17 -15 -20 -13 23 24 -22 27 26 -26 29 -29 -23
right_child=1 2 3 5 -6 6 7 8 -10 -11 -12 20 13 14 -16 16 -18 -19 19 -21 21 22 -24 -25 25 -27 -28 28 -30 -31
leaf_value=-1.2175874010911989e-05 2.2649405873380602e-05 -1.5142726351768944e-05 3.3794330698179287e-06 4.63639341328067e-05 3.0312444011070949e-05 -1.5654799332238596e-05 -2.1364864143181014e-05 4.7261632259861755e-05 -1.4410082063217749e-05 1.2186876564986674e-05 -5.1063380272932015e-05 -2.8998585656922566e-06 -2.6428549928267686e-05 1.8838528363818929e-05 3.2171885242051857e-05 -1.0315757572243456e-05 2.0856252659642552e-06 -4.7071081171452539e-05 -2.1614580856084314e-05 1.2330986960321377e-05 6.1330922690103766e-06 6.8576312319190253e-06 2.6074880632704127e-05 -2.6678793988789298e-05 3.3813803273243023e-05 -3.6082584566346756e-05 -1.3320014720648035e-05 -3.2474774661750419e-06 4.3786084787219201e-05 -1.0816321571863382e-05
leaf_weight=30 20 36 27 26 27 27 39 23 28 38 22 1023 36 58 54 24 45 20 26 29 25 338 34 35 23 33 20 20 24 71
leaf_count=30 20 36 27 26 27 27 39 23 28 38 22 1023 36 58 54 24 45 20 26 29 25 338 34 35 23 33 20 20 24 71
internal_value=7.44615e-14 1.62273e-07 -3.9315e-08 2.08395e-07 1.68459e-05 -2.11235e-07 -6.96422e-06 2.44849e-06 1.28836e-05 2.54118e-05 -3.15525e-05 3.97359e-07 5.6114e-06 1.98274e-06 5.97808e-06 -1.02422e-06 -1.2305e-05 -2.70227e-05 7.86066e-06 -3.71601e-06 -6.0997e-07 3.15015e-06 4.87207e-06 -1.30072e-05 3.50932e-06 -8.93958e-06 1.18911e-05 5.59787e-06 2.24072e-05 3.78954e-06
internal_weight=2281 2251 2231 2195 54 2141 177 128 89 61 49 1964 318 292 256 202 89 44 113 55 1646 623 563 60 529 76 43 453 44 409
internal_count=2281 2251 2231 2195 54 2141 177 128 89 61 49 1964 318 292 256 202 89 44 113 55 1646 623 563 60 529 76 43 453 44 409
is_linear=0
shrinkage=0.05


Tree=99
num_leaves=31
num_cat=0
split_feature=3 3 6 6 2 2 2 1 0 3 3 3 1 0 5 1 3 4 6 3 1 4 5 5 5 0 2 3 5 5
split_gain=1.8109e-06 9.44325e-06 8.95487e-06 1.86613e-05 1.7834e-05 1.15946e-05 1.06962e-05 1.02967e-05 1.21624e-05 6.58505e-06 1.01464e-05 7.64392e-06 7.79218e-06 1.05078e-05 9.80455e-06 9.02577e-06 1.14995e-05 1.16472e-05 1.02045e-05 7.77758e-06 7.76013e-06 6.45695e-06 6.28576e-06 6.26499e-06 6.14493e-06 1.69373e-05 1.12271e-05 8.39328e-06 1.08364e-05 2.12811e-05
threshold=-0.39847253515632064 -0.57079086303434201 5.5440963434752462 4.4935096553029243 0.22808383301112564 0.099396733548936092 -0.15391558456674312 -0.081312915314233389 0.09669327834027909 -0.36840746073048664 -0.35242061252951823 -0.095635212324580374 0.0071326947271963615 -0.59550377143227251 24.331110834023523 -0.057178416135536016 -0.24152287155302957 0.14869886326023177 6.5262232445670216 -0.20633215711945055 -0.019414047293149102 -0.87018184273765753 7.8072593161092678 8.8123016416552655 13.395239866181198 0.43247406228587587 -0.090864335947576716 -0.64872927316635354 43.56498404476082 35.243072562531502
decision_type=2 2 2 2 2 2 2 2 2 2 2 2 2 2 2 2 2 2 2 2 2 2 2 2 2 2 2 2 2 2
left_child=1 22 3 7 5 6 -4 -3 -9 -2 -11 12 15 -14 19 16 18 -18 -12 -15 -17 -13 -1 -24 25 26 -25 -26 29 -29
right_child=9 2 4 -5 -6 -7 -8 8 -10 10 11 21 13 14 -16 20 17 -19 -20 -21 -22 -23 23 24 27 -27 -28 28 -30 -31
leaf_value=-1.5410657592669682e-05 2.2374148147719098e-05 2.3082545521901923e-05 2.6512242427088494e-05 -5.4132103650772484e-05 -4.4222776750757475e-05 4.0523434741078835e-05 -1.2414516683444769e-05 5.8593970663878288e-06 -3.6981140569755431e-05 -2.9632712096793478e-05 2.2028624279419486e-05 1.5579760856780921e-05 -1.1657649884000422e-05 -7.8104311796778351e-06 4.1071105524493684e-05 -2.4229648689153853e-05 5.7924204191381464e-05 4.6093511843992018e-06 -2.1927372853819944e-05 3.2442888567900464e-05 7.2718450289411373e-06 -2.1227065100610962e-06 2.9858448424420207e-05 -4.9158988972172106e-05 6.9183426206181845e-07 2.5519856606592839e-05 -7.3521110991913744e-06 2.2851555516761689e-05 4.4125509800953577e-05 -3.4903071326136181e-05
leaf_weight=54 36 20 25 30 20 21 60 30 37 27 23 55 24 28 49 46 21 20 31 21 34 812 20 26 539 24 42 58 26 22
leaf_count=54 36 20 25 30 20 21 60 30 37 27 23 55 24 28 49 46 21 20 31 21 34 812 20 26 539 24 42 58 26 22
internal_value=-8.4392e-14 -1.52005e-06 -1.01661e-05 -2.01268e-05 -9.16892e-07 7.25403e-06 -9.6547e-07 -8.4008e-06 -1.77988e-05 1.30573e-06 6.68899e-07 1.37177e-06 8.29459e-06 1.79943e-05 2.5256e-05 1.53248e-06 1.19527e-05 3.1917e-05 -3.20537e-06 9.44099e-06 -1.08415e-05 -9.99713e-07 1.07057e-06 2.24625e-06 1.49693e-06 -1.05918e-05 -2.33371e-05 3.22122e-06 1.60829e-05 6.96903e-06
internal_weight=2281 1054 243 117 126 106 85 87 67 1227 1191 1164 297 122 98 175 95 41 54 49 80 867 811 757 737 92 68 645 106 80
internal_count=2281 1054 243 117 126 106 85 87 67 1227 1191 1164 297 122 98 175 95 41 54 49 80 867 811 757 737 92 68 645 106 80
is_linear=0
shrinkage=0.05


end of trees

feature_importances:
oim_mom_6=507
oim=472
spread_bps=453
buy_sell_imbalance=416
oim_mom_1=415
vol_velocity=398
spread_variance=339

parameters:
[boosting: gbdt]
[objective: regression]
[metric: rmse]
[tree_learner: serial]
[device_type: cpu]
[data_sample_strategy: bagging]
[data: ]
[valid: ]
[num_iterations: 100]
[learning_rate: 0.05]
[num_leaves: 31]
[num_threads: 0]
[seed: 0]
[deterministic: 0]
[force_col_wise: 0]
[force_row_wise: 0]
[histogram_pool_size: -1]
[max_depth: -1]
[min_data_in_leaf: 20]
[min_sum_hessian_in_leaf: 0.001]
[bagging_fraction: 1]
[pos_bagging_fraction: 1]
[neg_bagging_fraction: 1]
[bagging_freq: 0]
[bagging_seed: 3]
[bagging_by_query: 0]
[feature_fraction: 1]
[feature_fraction_bynode: 1]
[feature_fraction_seed: 2]
[extra_trees: 0]
[extra_seed: 6]
[early_stopping_round: 0]
[early_stopping_min_delta: 0]
[first_metric_only: 0]
[max_delta_step: 0]
[lambda_l1: 0]
[lambda_l2: 0]
[linear_lambda: 0]
[min_gain_to_split: 0]
[drop_rate: 0.1]
[max_drop: 50]
[skip_drop: 0.5]
[xgboost_dart_mode: 0]
[uniform_drop: 0]
[drop_seed: 4]
[top_rate: 0.2]
[other_rate: 0.1]
[min_data_per_group: 100]
[max_cat_threshold: 32]
[cat_l2: 10]
[cat_smooth: 10]
[max_cat_to_onehot: 4]
[top_k: 20]
[monotone_constraints: ]
[monotone_constraints_method: basic]
[monotone_penalty: 0]
[feature_contri: ]
[forcedsplits_filename: ]
[refit_decay_rate: 0.9]
[cegb_tradeoff: 1]
[cegb_penalty_split: 0]
[cegb_penalty_feature_lazy: ]
[cegb_penalty_feature_coupled: ]
[path_smooth: 0]
[interaction_constraints: ]
[verbosity: -1]
[saved_feature_importance_type: 0]
[use_quantized_grad: 0]
[num_grad_quant_bins: 4]
[quant_train_renew_leaf: 0]
[stochastic_rounding: 1]
[linear_tree: 0]
[max_bin: 255]
[max_bin_by_feature: ]
[min_data_in_bin: 3]
[bin_construct_sample_cnt: 200000]
[data_random_seed: 1]
[is_enable_sparse: 1]
[enable_bundle: 1]
[use_missing: 1]
[zero_as_missing: 0]
[feature_pre_filter: 1]
[pre_partition: 0]
[two_round: 0]
[header: 0]
[label_column: ]
[weight_column: ]
[group_column: ]
[ignore_column: ]
[categorical_feature: ]
[forcedbins_filename: ]
[precise_float_parser: 0]
[parser_config_file: ]
[objective_seed: 5]
[num_class: 1]
[is_unbalance: 0]
[scale_pos_weight: 1]
[sigmoid: 1]
[boost_from_average: 1]
[reg_sqrt: 0]
[alpha: 0.9]
[fair_c: 1]
[poisson_max_delta_step: 0.7]
[tweedie_variance_power: 1.5]
[lambdarank_truncation_level: 30]
[lambdarank_norm: 1]
[label_gain: ]
[lambdarank_position_bias_regularization: 0]
[eval_at: ]
[multi_error_top_k: 1]
[auc_mu_weights: ]
[num_machines: 1]
[local_listen_port: 12400]
[time_out: 120]
[machine_list_filename: ]
[machines: ]
[gpu_platform_id: -1]
[gpu_device_id: -1]
[gpu_use_dp: 0]
[num_gpu: 1]

end of parameters

pandas_categorical:[]
