date,news_sentiment_mean,news_sentiment_std,news_count,volume_ratio,source,news_positive_total,news_negative_total,news_pos_ratio,news_intensity
2016-08-23,0.4324,0.0529,0,0.9222,price_proxy,,,,
2016-08-24,0.4234,0.0514,0,1.7973,price_proxy,,,,
2016-08-25,0.4601,0.0549,0,0.8189,price_proxy,,,,
2016-08-26,0.5125,0.0552,0,0.6199,price_proxy,,,,
2016-08-29,0.5415,0.0561,0,0.6105,price_proxy,,,,
2016-08-30,0.5318,0.0477,0,0.8289,price_proxy,,,,
2016-08-31,0.5127,0.0489,0,0.8954,price_proxy,,,,
2016-09-01,0.4937,0.0495,0,0.9603,price_proxy,,,,
2016-09-02,0.4598,0.0498,0,1.0779,price_proxy,,,,
2016-09-05,0.5282,0.055,0,1.0785,price_proxy,,,,
2016-09-06,0.5125,0.0554,0,0.669,price_proxy,,,,
2016-09-07,0.5443,0.0553,0,0.5312,price_proxy,,,,
2016-09-08,0.5,0.0572,0,1.5227,price_proxy,,,,
2016-09-09,0.5158,0.0545,0,0.8613,price_proxy,,,,
2016-09-12,0.466,0.0544,0,0.8374,price_proxy,,,,
2016-09-13,0.4533,0.0559,0,1.4116,price_proxy,,,,
2016-09-19,0.435,0.0557,0,1.0283,price_proxy,,,,
2016-09-20,0.4403,0.0566,0,0.721,price_proxy,,,,
2016-09-21,0.4342,0.0547,0,0.9632,price_proxy,,,,
2016-09-22,0.456,0.0496,0,0.7638,price_proxy,,,,
2016-09-23,0.5,0.0501,0,0.6461,price_proxy,,,,
2016-09-26,0.5128,0.0501,0,0.7717,price_proxy,,,,
2016-09-27,0.5583,0.0479,0,0.9546,price_proxy,,,,
2016-09-28,0.5713,0.0466,0,0.7121,price_proxy,,,,
2016-09-29,0.5482,0.0452,0,0.6938,price_proxy,,,,
2016-09-30,0.5318,0.0452,0,1.1126,price_proxy,,,,
2016-10-04,0.5445,0.0442,0,0.9798,price_proxy,,,,
2016-10-05,0.5157,0.0437,0,0.6825,price_proxy,,,,
2016-10-06,0.4906,0.044,0,1.0449,price_proxy,,,,
2016-10-07,0.4687,0.0374,0,0.8988,price_proxy,,,,
2016-10-10,0.4561,0.0372,0,1.2764,price_proxy,,,,
2016-10-11,0.4627,0.0391,0,1.067,price_proxy,,,,
2016-10-12,0.4906,0.0384,0,1.1138,price_proxy,,,,
2016-10-13,0.4874,0.0396,0,1.1568,price_proxy,,,,
2016-10-14,0.5096,0.0396,0,0.7623,price_proxy,,,,
2016-10-17,0.5224,0.0366,0,0.7866,price_proxy,,,,
2016-10-18,0.5095,0.0364,0,1.2934,price_proxy,,,,
2016-10-19,0.4969,0.0341,0,0.8763,price_proxy,,,,
2016-10-20,0.5095,0.0343,0,0.5523,price_proxy,,,,
2016-10-21,0.519,0.0331,0,1.3694,price_proxy,,,,
2016-10-24,0.5412,0.034,0,1.3142,price_proxy,,,,
2016-10-25,0.5379,0.034,0,1.1718,price_proxy,,,,
2016-10-26,0.5126,0.0335,0,1.2003,price_proxy,,,,
2016-10-27,0.5315,0.0338,0,0.8174,price_proxy,,,,
2016-10-28,0.5251,0.0337,0,0.6851,price_proxy,,,,
2016-10-31,0.5062,0.0337,0,1.1827,price_proxy,,,,
2016-11-01,0.5433,0.0398,0,2.2242,price_proxy,,,,
2016-11-02,0.553,0.0398,0,1.8958,price_proxy,,,,
2016-11-03,0.562,0.0396,0,1.9119,price_proxy,,,,
2016-11-04,0.5465,0.0377,0,0.8375,price_proxy,,,,
2016-11-07,0.5031,0.0436,0,1.1064,price_proxy,,,,
2016-11-08,0.4333,0.0453,0,1.7144,price_proxy,,,,
2016-11-09,0.424,0.0446,0,1.7964,price_proxy,,,,
2016-11-10,0.4398,0.0478,0,1.2074,price_proxy,,,,
2016-11-11,0.4182,0.0521,0,1.359,price_proxy,,,,
2016-11-14,0.4413,0.0528,0,1.2697,price_proxy,,,,
2016-11-15,0.4749,0.0527,0,0.8044,price_proxy,,,,
2016-11-16,0.4589,0.0548,0,1.0625,price_proxy,,,,
2016-11-17,0.4132,0.0549,0,1.0805,price_proxy,,,,
2016-11-18,0.44,0.0548,0,0.7584,price_proxy,,,,
2016-11-21,0.4522,0.0529,0,0.5159,price_proxy,,,,
2016-11-22,0.4556,0.0532,0,1.9003,price_proxy,,,,
2016-11-23,0.4871,0.0529,0,1.0075,price_proxy,,,,
2016-11-24,0.4514,0.0564,0,1.2479,price_proxy,,,,
2016-11-25,0.4609,0.0564,0,0.6888,price_proxy,,,,
2016-11-28,0.4445,0.0565,0,0.6728,price_proxy,,,,
2016-11-29,0.461,0.0526,0,0.5959,price_proxy,,,,
2016-11-30,0.4383,0.0532,0,1.0563,price_proxy,,,,
2016-12-01,0.4834,0.0506,0,0.8957,price_proxy,,,,
2016-12-02,0.4635,0.0508,0,0.8816,price_proxy,,,,
2016-12-05,0.4799,0.0484,0,0.6142,price_proxy,,,,
2016-12-06,0.4536,0.0475,0,0.6738,price_proxy,,,,
2016-12-07,0.4832,0.0478,0,0.4853,price_proxy,,,,
2016-12-08,0.5268,0.0496,0,1.2037,price_proxy,,,,
2016-12-09,0.5237,0.0475,0,0.7737,price_proxy,,,,
2016-12-12,0.5237,0.0471,0,0.7693,price_proxy,,,,
2016-12-13,0.5169,0.0467,0,0.8285,price_proxy,,,,
2016-12-14,0.5135,0.0446,0,0.6799,price_proxy,,,,
2016-12-15,0.4868,0.0457,0,0.6453,price_proxy,,,,
2016-12-16,0.5033,0.0456,0,1.3777,price_proxy,,,,
2016-12-19,0.5034,0.0456,0,0.5599,price_proxy,,,,
2016-12-20,0.5403,0.0484,0,0.9238,price_proxy,,,,
2016-12-21,0.5201,0.0491,0,1.0679,price_proxy,,,,
2016-12-22,0.5067,0.0427,0,0.6378,price_proxy,,,,
2016-12-23,0.52,0.0429,0,0.8253,price_proxy,,,,
2016-12-26,0.5234,0.0413,0,0.6994,price_proxy,,,,
2016-12-27,0.4901,0.0389,0,1.2879,price_proxy,,,,
2016-12-28,0.4668,0.0426,0,1.0966,price_proxy,,,,
2016-12-29,0.4502,0.0432,0,0.9166,price_proxy,,,,
2017-01-02,0.4603,0.0429,0,0.6342,price_proxy,,,,
2017-01-03,0.4372,0.0447,0,1.3196,price_proxy,,,,
2017-01-04,0.4404,0.0447,0,1.2468,price_proxy,,,,
2017-01-05,0.473,0.0446,0,1.1701,price_proxy,,,,
2017-01-06,0.483,0.0368,0,1.1344,price_proxy,,,,
2017-01-09,0.4696,0.0353,0,1.133,price_proxy,,,,
2017-01-10,0.4795,0.0358,0,1.1353,price_proxy,,,,
2017-01-11,0.4795,0.0358,0,1.2482,price_proxy,,,,
2017-01-12,0.5034,0.0372,0,1.2925,price_proxy,,,,
2017-01-13,0.524,0.0373,0,0.7099,price_proxy,,,,
2017-01-16,0.5171,0.0372,0,0.9663,price_proxy,,,,
2017-01-17,0.531,0.0372,0,0.6752,price_proxy,,,,
2017-01-18,0.5172,0.0332,0,0.8255,price_proxy,,,,
2017-01-19,0.4863,0.0329,0,0.7133,price_proxy,,,,
2017-01-20,0.4831,0.034,0,0.5846,price_proxy,,,,
2017-01-23,0.4728,0.034,0,0.5697,price_proxy,,,,
2017-01-24,0.4898,0.0358,0,0.6848,price_proxy,,,,
2017-01-25,0.4761,0.038,0,1.2049,price_proxy,,,,
2017-01-26,0.4931,0.0326,0,0.9245,price_proxy,,,,
2017-01-31,0.5103,0.0364,0,1.3803,price_proxy,,,,
2017-02-01,0.5275,0.0352,0,1.0629,price_proxy,,,,
2017-02-02,0.4966,0.0336,0,1.872,price_proxy,,,,
2017-02-03,0.5208,0.0337,0,0.7936,price_proxy,,,,
2017-02-06,0.5449,0.0365,0,1.0013,price_proxy,,,,
2017-02-07,0.5578,0.0427,0,1.7143,price_proxy,,,,
2017-02-08,0.5611,0.0428,0,1.9304,price_proxy,,,,
2017-02-09,0.5923,0.0421,0,1.8705,price_proxy,,,,
2017-02-10,0.5685,0.0452,0,2.2296,price_proxy,,,,
2017-02-13,0.5676,0.0463,0,1.2508,price_proxy,,,,
2017-02-14,0.5264,0.0458,0,0.6164,price_proxy,,,,
2017-02-15,0.4934,0.0483,0,1.0142,price_proxy,,,,
2017-02-16,0.4575,0.0498,0,0.7603,price_proxy,,,,
2017-02-17,0.4934,0.0492,0,0.8171,price_proxy,,,,
2017-02-20,0.4837,0.0488,0,0.8574,price_proxy,,,,
2017-02-21,0.4739,0.0488,0,0.9405,price_proxy,,,,
2017-02-22,0.5066,0.0479,0,0.8939,price_proxy,,,,
2017-02-23,0.5334,0.0474,0,0.9055,price_proxy,,,,
2017-02-24,0.5233,0.0442,0,0.6563,price_proxy,,,,
2017-02-27,0.5066,0.0443,0,0.4678,price_proxy,,,,
2017-02-28,0.5132,0.0419,0,0.731,price_proxy,,,,
2017-03-02,0.5264,0.0427,0,1.597,price_proxy,,,,
2017-03-03,0.5394,0.0422,0,1.3454,price_proxy,,,,
2017-03-06,0.5328,0.0424,0,0.7284,price_proxy,,,,
2017-03-07,0.5197,0.0418,0,0.5936,price_proxy,,,,
2017-03-08,0.5755,0.0453,0,2.2478,price_proxy,,,,
2017-03-09,0.5683,0.0455,0,1.8069,price_proxy,,,,
2017-03-10,0.5741,0.0464,0,1.3098,price_proxy,,,,
2017-03-13,0.5582,0.0455,0,0.8815,price_proxy,,,,
2017-03-14,0.5553,0.0453,0,0.9828,price_proxy,,,,
2017-03-15,0.5696,0.0573,0,2.2205,price_proxy,,,,
2017-03-16,0.5535,0.0547,0,1.1959,price_proxy,,,,
2017-03-17,0.4907,0.0578,0,1.7512,price_proxy,,,,
2017-03-20,0.5345,0.0584,0,0.6156,price_proxy,,,,
2017-03-21,0.5601,0.0581,0,0.9867,price_proxy,,,,
2017-03-22,0.5061,0.0578,0,0.9005,price_proxy,,,,
2017-03-23,0.5368,0.0587,0,1.7202,price_proxy,,,,
2017-03-24,0.5749,0.0588,0,0.8429,price_proxy,,,,
2017-03-27,0.5432,0.0594,0,0.6423,price_proxy,,,,
2017-03-28,0.4939,0.0645,0,1.1228,price_proxy,,,,
2017-03-29,0.4451,0.068,0,1.1546,price_proxy,,,,
2017-03-30,0.4278,0.0675,0,0.5248,price_proxy,,,,
2017-03-31,0.4188,0.0673,0,0.4818,price_proxy,,,,
2017-04-03,0.4758,0.0716,0,0.8201,price_proxy,,,,
2017-04-04,0.5,0.0718,0,0.9066,price_proxy,,,,
2017-04-05,0.5251,0.0665,0,0.6118,price_proxy,,,,
2017-04-06,0.5343,0.0668,0,0.4202,price_proxy,,,,
2017-04-07,0.5502,0.0657,0,0.5702,price_proxy,,,,
2017-04-10,0.4725,0.0664,0,0.7692,price_proxy,,,,
2017-04-11,0.4476,0.0695,0,1.6413,price_proxy,,,,
2017-04-12,0.4288,0.0592,0,1.0023,price_proxy,,,,
2017-04-13,0.4264,0.0602,0,0.9787,price_proxy,,,,
2017-04-14,0.4205,0.0573,0,0.3495,price_proxy,,,,
2017-04-17,0.4659,0.057,0,0.3748,price_proxy,,,,
2017-04-18,0.5095,0.0567,0,0.641,price_proxy,,,,
2017-04-19,0.5546,0.0568,0,0.8866,price_proxy,,,,
2017-04-20,0.5127,0.0554,0,0.9429,price_proxy,,,,
2017-04-21,0.5032,0.0554,0,0.907,price_proxy,,,,
2017-04-24,0.4968,0.0562,0,0.5285,price_proxy,,,,
2017-04-25,0.4811,0.053,0,1.0615,price_proxy,,,,
2017-04-26,0.45,0.0507,0,1.2986,price_proxy,,,,
2017-04-27,0.481,0.0505,0,1.0683,price_proxy,,,,
2017-04-28,0.5477,0.0594,0,2.6945,price_proxy,,,,
2017-05-02,0.5506,0.0534,0,1.5711,price_proxy,,,,
2017-05-04,0.535,0.0548,0,0.978,price_proxy,,,,
2017-05-08,0.5481,0.0547,0,1.2474,price_proxy,,,,
2017-05-10,0.5447,0.0536,0,1.1022,price_proxy,,,,
2017-05-11,0.4472,0.0572,0,2.3271,price_proxy,,,,
2017-05-12,0.4291,0.0557,0,0.7072,price_proxy,,,,
2017-05-15,0.4406,0.0522,0,0.9211,price_proxy,,,,
2017-05-16,0.4437,0.0501,0,0.9452,price_proxy,,,,
2017-05-17,0.4469,0.0494,0,0.6939,price_proxy,,,,
2017-05-18,0.4841,0.0494,0,0.6287,price_proxy,,,,
2017-05-19,0.5256,0.0527,0,1.007,price_proxy,,,,
2017-05-22,0.5451,0.0527,0,0.6412,price_proxy,,,,
2017-05-23,0.529,0.0526,0,0.7897,price_proxy,,,,
2017-05-24,0.5417,0.0519,0,0.7836,price_proxy,,,,
2017-05-25,0.5772,0.054,0,1.1453,price_proxy,,,,
2017-05-26,0.5473,0.0539,0,1.1029,price_proxy,,,,
2017-05-29,0.5315,0.0538,0,0.5945,price_proxy,,,,
2017-05-30,0.554,0.0529,0,0.5167,price_proxy,,,,
2017-05-31,0.5472,0.053,0,1.1342,price_proxy,,,,
2017-06-01,0.5,0.0447,0,0.5246,price_proxy,,,,
2017-06-02,0.4938,0.044,0,1.0375,price_proxy,,,,
2017-06-05,0.5,0.0414,0,0.52,price_proxy,,,,
2017-06-07,0.4784,0.0422,0,1.4337,price_proxy,,,,
2017-06-08,0.4447,0.0438,0,1.5897,price_proxy,,,,
2017-06-09,0.4721,0.0383,0,1.1703,price_proxy,,,,
2017-06-12,0.4598,0.0387,0,0.956,price_proxy,,,,
2017-06-13,0.4969,0.0405,0,0.9069,price_proxy,,,,
2017-06-14,0.4781,0.0452,0,0.883,price_proxy,,,,
2017-06-15,0.5,0.0452,0,0.7357,price_proxy,,,,
2017-06-16,0.4843,0.0452,0,1.5089,price_proxy,,,,
2017-06-19,0.5,0.0404,0,0.5852,price_proxy,,,,
2017-06-20,0.4907,0.042,0,0.9098,price_proxy,,,,
2017-06-21,0.5348,0.0411,0,1.2863,price_proxy,,,,
2017-06-22,0.5727,0.0443,0,1.8599,price_proxy,,,,
2017-06-23,0.5316,0.0477,0,1.2138,price_proxy,,,,
2017-06-26,0.5063,0.0483,0,0.5438,price_proxy,,,,
2017-06-27,0.5062,0.0495,0,0.8427,price_proxy,,,,
2017-06-28,0.528,0.0521,0,1.142,price_proxy,,,,
2017-06-29,0.4787,0.0522,0,0.6588,price_proxy,,,,
2017-06-30,0.5312,0.0517,0,0.826,price_proxy,,,,
2017-07-03,0.6384,0.0686,0,2.9053,price_proxy,,,,
2017-07-04,0.5995,0.0691,0,1.2508,price_proxy,,,,
2017-07-05,0.5551,0.0688,0,1.0158,price_proxy,,,,
2017-07-06,0.5462,0.0687,0,1.1676,price_proxy,,,,
2017-07-07,0.5429,0.0686,0,0.7696,price_proxy,,,,
2017-07-10,0.4471,0.0688,0,0.6234,price_proxy,,,,
2017-07-11,0.4496,0.0676,0,0.8431,price_proxy,,,,
2017-07-12,0.4344,0.0666,0,0.9318,price_proxy,,,,
2017-07-13,0.4578,0.0666,0,1.1995,price_proxy,,,,
2017-07-14,0.482,0.0681,0,0.6716,price_proxy,,,,
2017-07-17,0.497,0.0681,0,0.6301,price_proxy,,,,
2017-07-18,0.5122,0.0673,0,0.6391,price_proxy,,,,
2017-07-19,0.5431,0.0673,0,0.5517,price_proxy,,,,
2017-07-20,0.5462,0.0645,0,0.833,price_proxy,,,,
2017-07-21,0.5606,0.0635,0,1.3677,price_proxy,,,,
2017-07-24,0.6089,0.066,0,1.6155,price_proxy,,,,
2017-07-25,0.6057,0.0658,0,0.9167,price_proxy,,,,
2017-07-26,0.5754,0.0669,0,0.6642,price_proxy,,,,
2017-07-27,0.5932,0.0668,0,0.8962,price_proxy,,,,
2017-07-28,0.5471,0.0669,0,1.5943,price_proxy,,,,
2017-07-31,0.4971,0.0502,0,0.9575,price_proxy,,,,
2017-08-01,0.5172,0.0501,0,1.326,price_proxy,,,,
2017-08-02,0.5581,0.0495,0,0.9135,price_proxy,,,,
2017-08-03,0.5115,0.0498,0,1.2374,price_proxy,,,,
2017-08-04,0.4971,0.0509,0,0.6761,price_proxy,,,,
2017-08-07,0.4713,0.0527,0,0.5505,price_proxy,,,,
2017-08-08,0.4431,0.0524,0,0.9812,price_proxy,,,,
2017-08-09,0.4124,0.0509,0,0.584,price_proxy,,,,
2017-08-10,0.3829,0.0594,0,1.6644,price_proxy,,,,
2017-08-11,0.4022,0.0572,0,1.3605,price_proxy,,,,
2017-08-14,0.4184,0.0574,0,0.5196,price_proxy,,,,
2017-08-16,0.4122,0.0579,0,0.627,price_proxy,,,,
2017-08-17,0.4468,0.0588,0,0.781,price_proxy,,,,
2017-08-18,0.4697,0.0607,0,0.7365,price_proxy,,,,
2017-08-21,0.4425,0.0554,0,0.641,price_proxy,,,,
2017-08-22,0.4848,0.0512,0,0.6728,price_proxy,,,,
2017-08-23,0.4694,0.0526,0,0.5562,price_proxy,,,,
2017-08-24,0.4302,0.0522,0,1.1469,price_proxy,,,,
2017-08-25,0.5092,0.0586,0,0.9212,price_proxy,,,,
2017-08-28,0.5249,0.0585,0,0.5892,price_proxy,,,,
2017-08-29,0.4694,0.0588,0,0.7798,price_proxy,,,,
2017-08-30,0.4813,0.057,0,1.3734,price_proxy,,,,
2017-08-31,0.4623,0.0576,0,1.4652,price_proxy,,,,
2017-09-01,0.411,0.0575,0,1.1696,price_proxy,,,,
2017-09-04,0.3492,0.0655,0,4.2896,price_proxy,,,,
2017-09-05,0.388,0.0676,0,1.3466,price_proxy,,,,
2017-09-06,0.387,0.0677,0,1.1804,price_proxy,,,,
2017-09-07,0.4391,0.069,0,1.0877,price_proxy,,,,
2017-09-08,0.423,0.0651,0,0.8935,price_proxy,,,,
2017-09-11,0.51,0.0661,0,0.8898,price_proxy,,,,
2017-09-12,0.4769,0.0661,0,0.6306,price_proxy,,,,
2017-09-13,0.4967,0.0662,0,0.7787,price_proxy,,,,
2017-09-14,0.424,0.0698,0,3.0072,price_proxy,,,,
2017-09-15,0.4633,0.0711,0,2.1385,price_proxy,,,,
2017-09-18,0.4338,0.0708,0,0.9781,price_proxy,,,,
2017-09-19,0.44,0.0666,0,1.0377,price_proxy,,,,
2017-09-20,0.44,0.0659,0,0.849,price_proxy,,,,
2017-09-21,0.5034,0.0659,0,0.9145,price_proxy,,,,
2017-09-22,0.4864,0.0577,0,1.1859,price_proxy,,,,
2017-09-25,0.4726,0.0583,0,0.6568,price_proxy,,,,
2017-09-26,0.4725,0.0581,0,0.7322,price_proxy,,,,
2017-09-27,0.4966,0.0609,0,0.9207,price_proxy,,,,
2017-09-28,0.5069,0.0593,0,0.4422,price_proxy,,,,
2017-09-29,0.4966,0.0593,0,0.57,price_proxy,,,,
2017-10-10,0.5069,0.0478,0,1.0231,price_proxy,,,,
2017-10-11,0.5174,0.0462,0,0.5215,price_proxy,,,,
2017-10-12,0.4966,0.0456,0,1.7754,price_proxy,,,,
2017-10-13,0.5479,0.058,0,1.0704,price_proxy,,,,
2017-10-16,0.5995,0.0614,0,1.2838,price_proxy,,,,
2017-10-17,0.5934,0.0623,0,0.5154,price_proxy,,,,
2017-10-18,0.5656,0.0631,0,0.5495,price_proxy,,,,
2017-10-19,0.5586,0.0632,0,0.5125,price_proxy,,,,
2017-10-20,0.5,0.0537,0,0.6539,price_proxy,,,,
2017-10-23,0.4412,0.0537,0,0.6464,price_proxy,,,,
2017-10-24,0.4802,0.0537,0,0.3253,price_proxy,,,,
2017-10-25,0.4799,0.0552,0,0.8115,price_proxy,,,,
2017-10-26,0.4765,0.0554,0,0.9065,price_proxy,,,,
2017-10-27,0.4733,0.0554,0,0.567,price_proxy,,,,
2017-10-30,0.4697,0.0566,0,0.9607,price_proxy,,,,
2017-10-31,0.4599,0.0545,0,1.2711,price_proxy,,,,
2017-11-01,0.4831,0.0543,0,1.0147,price_proxy,,,,
2017-11-02,0.4932,0.0529,0,0.9006,price_proxy,,,,
2017-11-03,0.5034,0.0529,0,0.7149,price_proxy,,,,
2017-11-06,0.5137,0.053,0,0.9053,price_proxy,,,,
2017-11-07,0.5034,0.0521,0,0.7464,price_proxy,,,,
2017-11-08,0.4966,0.0523,0,1.1419,price_proxy,,,,
2017-11-09,0.4898,0.0524,0,1.2637,price_proxy,,,,
2017-11-10,0.4797,0.0381,0,0.7819,price_proxy,,,,
2017-11-13,0.4796,0.0286,0,1.074,price_proxy,,,,
2017-11-14,0.4796,0.0268,0,1.0179,price_proxy,,,,
2017-11-15,0.5068,0.0275,0,0.9486,price_proxy,,,,
2017-11-16,0.5,0.0278,0,0.6308,price_proxy,,,,
2017-11-17,0.5,0.0276,0,0.7674,price_proxy,,,,
2017-11-20,0.5,0.0268,0,0.6299,price_proxy,,,,
2017-11-21,0.5206,0.0268,0,0.7692,price_proxy,,,,
2017-11-22,0.5374,0.0314,0,1.5877,price_proxy,,,,
2017-11-23,0.5479,0.0311,0,1.2619,price_proxy,,,,
2017-11-24,0.5546,0.0314,0,1.0429,price_proxy,,,,
2017-11-27,0.5583,0.0293,0,0.7933,price_proxy,,,,
2017-11-28,0.5272,0.0303,0,0.7732,price_proxy,,,,
2017-11-29,0.5,0.0307,0,0.7084,price_proxy,,,,
2017-11-30,0.5334,0.0349,0,2.3146,price_proxy,,,,
2017-12-01,0.5166,0.0348,0,0.9258,price_proxy,,,,
2017-12-04,0.5433,0.0352,0,1.0391,price_proxy,,,,
2017-12-05,0.5906,0.038,0,1.7506,price_proxy,,,,
2017-12-06,0.5634,0.0392,0,1.1193,price_proxy,,,,
2017-12-07,0.5394,0.039,0,1.3848,price_proxy,,,,
2017-12-08,0.4934,0.0495,0,1.8143,price_proxy,,,,
2017-12-11,0.5065,0.0513,0,0.6355,price_proxy,,,,
2017-12-12,0.4647,0.0517,0,0.6999,price_proxy,,,,
2017-12-13,0.5,0.0516,0,0.8956,price_proxy,,,,
2017-12-14,0.471,0.0527,0,1.7436,price_proxy,,,,
2017-12-15,0.5694,0.057,0,1.2355,price_proxy,,,,
2017-12-18,0.5293,0.0567,0,0.778,price_proxy,,,,
2017-12-19,0.5065,0.06,0,0.6083,price_proxy,,,,
2017-12-20,0.5194,0.0592,0,0.7255,price_proxy,,,,
2017-12-21,0.5327,0.0595,0,0.6314,price_proxy,,,,
2017-12-22,0.484,0.0595,0,0.8283,price_proxy,,,,
2017-12-26,0.5,0.0593,0,1.3809,price_proxy,,,,
2017-12-27,0.4837,0.0649,0,0.9512,price_proxy,,,,
2017-12-28,0.4391,0.0653,0,0.6586,price_proxy,,,,
2018-01-02,0.4325,0.0631,0,0.5771,price_proxy,,,,
2018-01-03,0.4163,0.0638,0,0.9314,price_proxy,,,,
2018-01-04,0.391,0.0631,0,1.1635,price_proxy,,,,
2018-01-05,0.4639,0.0622,0,0.4997,price_proxy,,,,
2018-01-08,0.4669,0.062,0,0.7844,price_proxy,,,,
2018-01-09,0.5233,0.0666,0,1.5429,price_proxy,,,,
2018-01-10,0.5303,0.061,0,1.0698,price_proxy,,,,
2018-01-11,0.5339,0.0585,0,0.9709,price_proxy,,,,
2018-01-12,0.4933,0.0586,0,0.7916,price_proxy,,,,
2018-01-15,0.5034,0.0574,0,0.7835,price_proxy,,,,
2018-01-16,0.4507,0.0568,0,1.0491,price_proxy,,,,
2018-01-17,0.4735,0.0505,0,0.9973,price_proxy,,,,
2018-01-18,0.5,0.0514,0,1.8522,price_proxy,,,,
2018-01-19,0.5235,0.0494,0,0.9227,price_proxy,,,,
2018-01-22,0.5134,0.0457,0,0.8544,price_proxy,,,,
2018-01-23,0.527,0.0458,0,0.7644,price_proxy,,,,
2018-01-24,0.5201,0.0459,0,0.712,price_proxy,,,,
2018-01-25,0.4933,0.0457,0,1.3023,price_proxy,,,,
2018-01-26,0.4867,0.0386,0,1.1875,price_proxy,,,,
2018-01-29,0.4967,0.0381,0,1.2528,price_proxy,,,,
2018-01-30,0.49,0.0375,0,1.1916,price_proxy,,,,
2018-01-31,0.4701,0.037,0,2.157,price_proxy,,,,
2018-02-01,0.4766,0.0361,0,1.0297,price_proxy,,,,
2018-02-02,0.4666,0.033,0,0.7256,price_proxy,,,,
2018-02-05,0.4666,0.0326,0,1.0104,price_proxy,,,,
2018-02-06,0.4331,0.0277,0,2.5556,price_proxy,,,,
2018-02-07,0.4258,0.0292,0,2.1301,price_proxy,,,,
2018-02-08,0.4154,0.0297,0,2.0607,price_proxy,,,,
2018-02-09,0.3947,0.0318,0,2.0632,price_proxy,,,,
2018-02-12,0.3642,0.0343,0,2.693,price_proxy,,,,
2018-02-13,0.4031,0.0348,0,0.8213,price_proxy,,,,
2018-02-14,0.437,0.035,0,0.6055,price_proxy,,,,
2018-02-19,0.5071,0.0469,0,0.5343,price_proxy,,,,
2018-02-20,0.5108,0.0471,0,0.3334,price_proxy,,,,
2018-02-21,0.551,0.0476,0,0.3931,price_proxy,,,,
2018-02-22,0.5582,0.0482,0,0.5562,price_proxy,,,,
2018-02-23,0.5398,0.048,0,0.4083,price_proxy,,,,
2018-02-26,0.4894,0.0481,0,0.5303,price_proxy,,,,
2018-02-27,0.5071,0.0478,0,0.3685,price_proxy,,,,
2018-02-28,0.4822,0.0481,0,0.6942,price_proxy,,,,
2018-03-02,0.4576,0.0482,0,0.5302,price_proxy,,,,
2018-03-05,0.4645,0.0481,0,0.4338,price_proxy,,,,
2018-03-06,0.4575,0.0481,0,0.7504,price_proxy,,,,
2018-03-07,0.4503,0.0483,0,0.7312,price_proxy,,,,
2018-03-08,0.4857,0.05,0,0.979,price_proxy,,,,
2018-03-09,0.5,0.0469,0,0.6748,price_proxy,,,,
2018-03-12,0.5,0.0455,0,0.7318,price_proxy,,,,
2018-03-13,0.4855,0.0456,0,0.8507,price_proxy,,,,
2018-03-14,0.5219,0.0451,0,0.8027,price_proxy,,,,
2018-03-15,0.5036,0.0415,0,0.7418,price_proxy,,,,
2018-03-16,0.5108,0.0416,0,0.7393,price_proxy,,,,
2018-03-19,0.5072,0.0413,0,0.7013,price_proxy,,,,
2018-03-20,0.5073,0.0297,0,0.8725,price_proxy,,,,
2018-03-21,0.482,0.0271,0,1.1837,price_proxy,,,,
2018-03-22,0.4712,0.027,0,0.7891,price_proxy,,,,
2018-03-23,0.4425,0.0277,0,1.2758,price_proxy,,,,
2018-03-26,0.4388,0.0277,0,0.7757,price_proxy,,,,
2018-03-27,0.4782,0.0309,0,0.7066,price_proxy,,,,
2018-03-28,0.4745,0.0309,0,0.8778,price_proxy,,,,
2018-03-29,0.5,0.0313,0,0.7201,price_proxy,,,,
2018-03-30,0.537,0.0317,0,0.4685,price_proxy,,,,
2018-04-02,0.5334,0.0321,0,0.6417,price_proxy,,,,
2018-04-03,0.5183,0.0324,0,1.0101,price_proxy,,,,
2018-04-04,0.5405,0.0324,0,1.3151,price_proxy,,,,
2018-04-05,0.5183,0.0311,0,0.8488,price_proxy,,,,
2018-04-06,0.5036,0.0311,0,0.8096,price_proxy,,,,
2018-04-09,0.5182,0.0312,0,0.7336,price_proxy,,,,
2018-04-10,0.5109,0.0296,0,0.7462,price_proxy,,,,
2018-04-11,0.5,0.0272,0,1.2902,price_proxy,,,,
2018-04-12,0.4928,0.0282,0,1.1659,price_proxy,,,,
2018-04-13,0.4348,0.0411,0,2.2913,price_proxy,,,,
2018-04-16,0.4421,0.0419,0,0.7535,price_proxy,,,,
2018-04-17,0.4638,0.0432,0,0.7861,price_proxy,,,,
2018-04-18,0.4603,0.0431,0,1.1962,price_proxy,,,,
2018-04-19,0.4527,0.0443,0,1.1784,price_proxy,,,,
2018-04-20,0.5187,0.043,0,0.9828,price_proxy,,,,
2018-04-23,0.5223,0.0436,0,1.0317,price_proxy,,,,
2018-04-24,0.5074,0.0421,0,0.8101,price_proxy,,,,
2018-04-25,0.5037,0.0419,0,0.8619,price_proxy,,,,
2018-04-26,0.5149,0.0415,0,0.7526,price_proxy,,,,
2018-04-27,0.5074,0.0406,0,1.2911,price_proxy,,,,
2018-04-30,0.5074,0.0412,0,1.2271,price_proxy,,,,
2018-05-02,0.5073,0.0412,0,0.9018,price_proxy,,,,
2018-05-03,0.5441,0.0442,0,1.4739,price_proxy,,,,
2018-05-04,0.5481,0.0442,0,1.0841,price_proxy,,,,
2018-05-08,0.5222,0.0463,0,1.0365,price_proxy,,,,
2018-05-09,0.5183,0.0466,0,0.711,price_proxy,,,,
2018-05-10,0.489,0.048,0,1.6574,price_proxy,,,,
2018-05-11,0.4748,0.0491,0,1.3596,price_proxy,,,,
2018-05-14,0.4711,0.0488,0,0.805,price_proxy,,,,
2018-05-15,0.4927,0.0369,0,0.6419,price_proxy,,,,
2018-05-16,0.4782,0.0367,0,0.6884,price_proxy,,,,
2018-05-17,0.5147,0.0356,0,0.7826,price_proxy,,,,
2018-05-18,0.4927,0.0357,0,0.5237,price_proxy,,,,
2018-05-21,0.5037,0.0333,0,0.4636,price_proxy,,,,
2018-05-23,0.5,0.0335,0,0.7898,price_proxy,,,,
2018-05-24,0.5,0.0327,0,0.4661,price_proxy,,,,
2018-05-25,0.4818,0.0325,0,0.6934,price_proxy,,,,
2018-05-28,0.4927,0.0327,0,0.5782,price_proxy,,,,
2018-05-29,0.489,0.0322,0,0.543,price_proxy,,,,
2018-05-30,0.4853,0.0328,0,1.2189,price_proxy,,,,
2018-05-31,0.4853,0.0317,0,1.1837,price_proxy,,,,
2018-06-01,0.489,0.0314,0,0.5675,price_proxy,,,,
2018-06-04,0.4963,0.0267,0,0.5591,price_proxy,,,,
2018-06-05,0.511,0.0274,0,0.6723,price_proxy,,,,
2018-06-07,0.5444,0.0266,0,1.3799,price_proxy,,,,
2018-06-08,0.563,0.027,0,1.9638,price_proxy,,,,
2018-06-11,0.6,0.0296,0,2.8184,price_proxy,,,,
2018-06-12,0.5846,0.0286,0,1.4792,price_proxy,,,,
2018-06-14,0.5548,0.0298,0,2.3571,price_proxy,,,,
2018-06-15,0.547,0.0301,0,1.0188,price_proxy,,,,
2018-06-18,0.5503,0.0307,0,2.3743,price_proxy,,,,
2018-06-19,0.4824,0.0357,0,1.2221,price_proxy,,,,
2018-06-20,0.4859,0.0355,0,0.8916,price_proxy,,,,
2018-06-21,0.4893,0.0367,0,1.5632,price_proxy,,,,
2018-06-22,0.4576,0.0379,0,0.7121,price_proxy,,,,
2018-06-25,0.458,0.0387,0,0.606,price_proxy,,,,
2018-06-26,0.4715,0.0401,0,0.5415,price_proxy,,,,
2018-06-27,0.468,0.04,0,0.6068,price_proxy,,,,
2018-06-28,0.4821,0.0399,0,0.5367,price_proxy,,,,
2018-06-29,0.4783,0.0413,0,0.6207,price_proxy,,,,
2018-07-02,0.432,0.0443,0,0.8614,price_proxy,,,,
2018-07-03,0.4422,0.0445,0,0.9261,price_proxy,,,,
2018-07-04,0.4422,0.0437,0,0.9758,price_proxy,,,,
2018-07-05,0.4531,0.0437,0,0.4928,price_proxy,,,,
2018-07-06,0.5109,0.0467,0,0.5432,price_proxy,,,,
2018-07-09,0.5519,0.0464,0,0.533,price_proxy,,,,
2018-07-10,0.5632,0.0418,0,0.6591,price_proxy,,,,
2018-07-11,0.5743,0.0424,0,0.6796,price_proxy,,,,
2018-07-12,0.5296,0.0447,0,1.0093,price_proxy,,,,
2018-07-13,0.5109,0.0452,0,0.95,price_proxy,,,,
2018-07-16,0.5144,0.0448,0,0.7945,price_proxy,,,,
2018-07-17,0.5288,0.0428,0,0.8955,price_proxy,,,,
2018-07-18,0.4892,0.0454,0,1.0425,price_proxy,,,,
2018-07-19,0.5,0.0462,0,1.2777,price_proxy,,,,
2018-07-20,0.4856,0.0453,0,0.8234,price_proxy,,,,
2018-07-23,0.5,0.047,0,1.0505,price_proxy,,,,
2018-07-24,0.4893,0.0461,0,1.1388,price_proxy,,,,
2018-07-25,0.536,0.0469,0,1.0754,price_proxy,,,,
2018-07-26,0.5328,0.049,0,1.343,price_proxy,,,,
2018-07-27,0.5473,0.0481,0,1.0074,price_proxy,,,,
2018-07-30,0.5108,0.0451,0,0.9344,price_proxy,,,,
2018-07-31,0.5357,0.047,0,1.5538,price_proxy,,,,
2018-08-01,0.5071,0.0477,0,0.8213,price_proxy,,,,
2018-08-02,0.5645,0.0497,0,2.5233,price_proxy,,,,
2018-08-03,0.5782,0.0487,0,2.2821,price_proxy,,,,
2018-08-06,0.6105,0.0496,0,2.9486,price_proxy,,,,
2018-08-07,0.5175,0.0602,0,1.668,price_proxy,,,,
2018-08-08,0.5247,0.0601,0,0.6038,price_proxy,,,,
2018-08-09,0.5139,0.0575,0,1.485,price_proxy,,,,
2018-08-10,0.4795,0.0572,0,0.8581,price_proxy,,,,
2018-08-13,0.4189,0.0612,0,1.7303,price_proxy,,,,
2018-08-14,0.4965,0.0614,0,0.6541,price_proxy,,,,
2018-08-16,0.5174,0.0595,0,1.2225,price_proxy,,,,
2018-08-17,0.4828,0.0586,0,0.7165,price_proxy,,,,
2018-08-20,0.4793,0.0589,0,0.5798,price_proxy,,,,
2018-08-21,0.4965,0.0587,0,0.8104,price_proxy,,,,
2018-08-22,0.4617,0.0592,0,0.6044,price_proxy,,,,
2018-08-23,0.4585,0.0589,0,0.6045,price_proxy,,,,
2018-08-24,0.5035,0.0593,0,0.7138,price_proxy,,,,
2018-08-27,0.5105,0.0588,0,0.4541,price_proxy,,,,
2018-08-28,0.5423,0.0587,0,0.5037,price_proxy,,,,
2018-08-29,0.5568,0.0564,0,0.5084,price_proxy,,,,
2018-08-30,0.5353,0.0562,0,0.5162,price_proxy,,,,
2018-08-31,0.5069,0.0537,0,0.613,price_proxy,,,,
2018-09-03,0.5069,0.0509,0,0.539,price_proxy,,,,
2018-09-04,0.4827,0.0493,0,0.6102,price_proxy,,,,
2018-09-05,0.4965,0.0396,0,0.7969,price_proxy,,,,
2018-09-06,0.5104,0.0396,0,0.627,price_proxy,,,,
2018-09-07,0.5035,0.0381,0,0.9243,price_proxy,,,,
2018-09-10,0.4689,0.0423,0,1.5722,price_proxy,,,,
2018-09-11,0.4965,0.0378,0,1.0813,price_proxy,,,,
2018-09-12,0.5173,0.0406,0,1.4815,price_proxy,,,,
2018-09-13,0.4897,0.0412,0,2.1865,price_proxy,,,,
2018-09-14,0.5138,0.0419,0,1.6916,price_proxy,,,,
2018-09-17,0.5879,0.0458,0,1.9336,price_proxy,,,,
2018-09-18,0.5873,0.0439,0,1.3639,price_proxy,,,,
2018-09-19,0.5309,0.0448,0,1.3423,price_proxy,,,,
2018-09-20,0.5589,0.0445,0,1.3758,price_proxy,,,,
2018-09-21,0.5034,0.0462,0,1.5703,price_proxy,,,,
2018-09-27,0.5168,0.0532,0,1.5075,price_proxy,,,,
2018-09-28,0.5167,0.0534,0,1.4839,price_proxy,,,,
2018-10-01,0.5304,0.0536,0,1.5062,price_proxy,,,,
2018-10-02,0.4865,0.0576,0,0.9716,price_proxy,,,,
2018-10-04,0.5411,0.0584,0,2.1173,price_proxy,,,,
2018-10-05,0.5033,0.0586,0,1.1898,price_proxy,,,,
2018-10-08,0.4834,0.0581,0,0.4373,price_proxy,,,,
2018-10-10,0.4967,0.0578,0,0.9183,price_proxy,,,,
2018-10-11,0.4661,0.0688,0,1.9382,price_proxy,,,,
2018-10-12,0.4329,0.0692,0,0.8725,price_proxy,,,,
2018-10-15,0.4367,0.067,0,0.4321,price_proxy,,,,
2018-10-16,0.4565,0.067,0,0.8255,price_proxy,,,,
2018-10-17,0.4667,0.0651,0,0.6029,price_proxy,,,,
2018-10-18,0.5621,0.0652,0,0.6064,price_proxy,,,,
2018-10-19,0.5764,0.0646,0,0.4561,price_proxy,,,,
2018-10-22,0.5826,0.0627,0,0.8188,price_proxy,,,,
2018-10-23,0.5376,0.0645,0,0.5174,price_proxy,,,,
2018-10-24,0.5271,0.0636,0,0.7334,price_proxy,,,,
2018-10-25,0.4967,0.0636,0,1.1016,price_proxy,,,,
2018-10-26,0.4666,0.063,0,0.8344,price_proxy,,,,
2018-10-29,0.4405,0.0564,0,0.8234,price_proxy,,,,
2018-10-30,0.4161,0.0621,0,1.2056,price_proxy,,,,
2018-10-31,0.413,0.0623,0,0.7407,price_proxy,,,,
2018-11-01,0.4196,0.0598,0,0.6513,price_proxy,,,,
2018-11-02,0.4592,0.0589,0,0.7237,price_proxy,,,,
2018-11-05,0.4898,0.0606,0,1.0499,price_proxy,,,,
2018-11-06,0.535,0.0607,0,0.5404,price_proxy,,,,
2018-11-07,0.5769,0.0656,0,1.4746,price_proxy,,,,
2018-11-08,0.5628,0.0547,0,1.4202,price_proxy,,,,
2018-11-09,0.5556,0.054,0,0.5872,price_proxy,,,,
2018-11-12,0.5342,0.0535,0,0.6013,price_proxy,,,,
2018-11-13,0.5413,0.0532,0,1.1212,price_proxy,,,,
2018-11-14,0.5168,0.0535,0,0.6053,price_proxy,,,,
2018-11-15,0.5237,0.0516,0,0.5293,price_proxy,,,,
2018-11-16,0.5236,0.0516,0,0.8576,price_proxy,,,,
2018-11-19,0.4933,0.0514,0,0.7648,price_proxy,,,,
2018-11-20,0.5472,0.056,0,1.7995,price_proxy,,,,
2018-11-21,0.5401,0.0563,0,0.7529,price_proxy,,,,
2018-11-22,0.5435,0.0562,0,0.8608,price_proxy,,,,
2018-11-23,0.5167,0.0551,0,0.5797,price_proxy,,,,
2018-11-26,0.5034,0.0589,0,1.9807,price_proxy,,,,
2018-11-27,0.4572,0.05,0,1.0229,price_proxy,,,,
2018-11-28,0.4836,0.0536,0,1.0233,price_proxy,,,,
2018-11-29,0.4607,0.0557,0,1.1274,price_proxy,,,,
2018-11-30,0.5199,0.0582,0,1.0994,price_proxy,,,,
2018-12-03,0.5472,0.0575,0,1.0521,price_proxy,,,,
2018-12-04,0.5236,0.0584,0,0.6102,price_proxy,,,,
2018-12-05,0.4868,0.0537,0,0.9899,price_proxy,,,,
2018-12-06,0.5301,0.0541,0,0.8883,price_proxy,,,,
2018-12-07,0.4869,0.0543,0,0.5749,price_proxy,,,,
2018-12-10,0.5362,0.0578,0,1.4574,price_proxy,,,,
2018-12-11,0.5732,0.058,0,1.2209,price_proxy,,,,
2018-12-12,0.5465,0.0591,0,0.7681,price_proxy,,,,
2018-12-13,0.4967,0.0614,0,2.5476,price_proxy,,,,
2018-12-14,0.5264,0.0625,0,1.2403,price_proxy,,,,
2018-12-17,0.5129,0.0619,0,1.0512,price_proxy,,,,
2018-12-18,0.4454,0.0633,0,1.6098,price_proxy,,,,
2018-12-19,0.5032,0.0659,0,0.7104,price_proxy,,,,
2018-12-20,0.5132,0.0668,0,0.7235,price_proxy,,,,
2018-12-21,0.4935,0.0655,0,1.1311,price_proxy,,,,
2018-12-24,0.4646,0.0621,0,0.7495,price_proxy,,,,
2018-12-26,0.4934,0.0636,0,1.5611,price_proxy,,,,
2018-12-27,0.419,0.0634,0,0.9388,price_proxy,,,,
2018-12-28,0.4509,0.0628,0,0.9779,price_proxy,,,,
2019-01-02,0.4869,0.0635,0,1.0686,price_proxy,,,,
2019-01-03,0.4967,0.0633,0,1.205,price_proxy,,,,
2019-01-04,0.5265,0.0623,0,1.0421,price_proxy,,,,
2019-01-07,0.5574,0.0627,0,0.5373,price_proxy,,,,
2019-01-08,0.5268,0.0624,0,0.4622,price_proxy,,,,
2019-01-09,0.4539,0.0647,0,0.8711,price_proxy,,,,
2019-01-10,0.4279,0.0611,0,1.6378,price_proxy,,,,
2019-01-11,0.415,0.0599,0,0.7193,price_proxy,,,,
2019-01-14,0.4179,0.0592,0,0.5229,price_proxy,,,,
2019-01-15,0.4404,0.058,0,0.6033,price_proxy,,,,
2019-01-16,0.4697,0.0561,0,0.6743,price_proxy,,,,
2019-01-17,0.4864,0.0534,0,0.5702,price_proxy,,,,
2019-01-18,0.5,0.0474,0,0.581,price_proxy,,,,
2019-01-21,0.4863,0.0427,0,1.0521,price_proxy,,,,
2019-01-22,0.4863,0.0425,0,0.6377,price_proxy,,,,
2019-01-23,0.5103,0.0444,0,0.723,price_proxy,,,,
2019-01-24,0.5,0.0447,0,0.9014,price_proxy,,,,
2019-01-25,0.4966,0.0437,0,1.0088,price_proxy,,,,
2019-01-28,0.5207,0.0387,0,0.919,price_proxy,,,,
2019-01-29,0.5,0.0383,0,0.9534,price_proxy,,,,
2019-01-30,0.466,0.0305,0,1.8494,price_proxy,,,,
2019-01-31,0.4589,0.0309,0,1.2949,price_proxy,,,,
2019-02-01,0.4556,0.0302,0,0.743,price_proxy,,,,
2019-02-07,0.4556,0.0306,0,0.8168,price_proxy,,,,
2019-02-08,0.4759,0.0308,0,1.3766,price_proxy,,,,
2019-02-11,0.4862,0.0265,0,0.5406,price_proxy,,,,
2019-02-12,0.4895,0.026,0,1.6722,price_proxy,,,,
2019-02-13,0.486,0.0259,0,1.4291,price_proxy,,,,
2019-02-14,0.493,0.0268,0,2.0142,price_proxy,,,,
2019-02-15,0.4861,0.0264,0,0.9267,price_proxy,,,,
2019-02-18,0.4861,0.0264,0,0.9728,price_proxy,,,,
2019-02-19,0.4965,0.0265,0,0.7188,price_proxy,,,,
2019-02-20,0.4965,0.0259,0,0.832,price_proxy,,,,
2019-02-21,0.4825,0.0241,0,0.7483,price_proxy,,,,
2019-02-22,0.493,0.0246,0,0.5258,price_proxy,,,,
2019-02-25,0.493,0.021,0,0.6512,price_proxy,,,,
2019-02-26,0.493,0.0203,0,0.6596,price_proxy,,,,
2019-02-27,0.5212,0.025,0,0.6077,price_proxy,,,,
2019-02-28,0.5106,0.0255,0,1.1209,price_proxy,,,,
2019-03-04,0.4895,0.0252,0,0.9267,price_proxy,,,,
2019-03-05,0.4824,0.0249,0,1.0187,price_proxy,,,,
2019-03-06,0.4788,0.0232,0,0.8175,price_proxy,,,,
2019-03-07,0.4476,0.0233,0,1.0381,price_proxy,,,,
2019-03-08,0.4508,0.0235,0,1.0161,price_proxy,,,,
2019-03-11,0.4541,0.0228,0,0.7998,price_proxy,,,,
2019-03-12,0.468,0.0232,0,0.8295,price_proxy,,,,
2019-03-13,0.475,0.0219,0,0.6192,price_proxy,,,,
2019-03-14,0.4857,0.0221,0,1.8921,price_proxy,,,,
2019-03-15,0.5144,0.0237,0,1.0827,price_proxy,,,,
2019-03-18,0.5398,0.026,0,0.8383,price_proxy,,,,
2019-03-19,0.5397,0.0261,0,0.5948,price_proxy,,,,
2019-03-20,0.5362,0.0261,0,0.5397,price_proxy,,,,
2019-03-21,0.5181,0.027,0,0.8155,price_proxy,,,,
2019-03-22,0.5,0.027,0,0.8919,price_proxy,,,,
2019-03-25,0.4752,0.0263,0,1.345,price_proxy,,,,
2019-03-26,0.454,0.0276,0,1.1543,price_proxy,,,,
2019-03-27,0.468,0.028,0,1.2997,price_proxy,,,,
2019-03-28,0.4893,0.0243,0,0.6946,price_proxy,,,,
2019-03-29,0.4606,0.0274,0,2.0933,price_proxy,,,,
2019-04-01,0.4569,0.0274,0,2.5367,price_proxy,,,,
2019-04-02,0.4783,0.0274,0,1.4833,price_proxy,,,,
2019-04-03,0.4567,0.0278,0,2.7993,price_proxy,,,,
2019-04-04,0.4712,0.0308,0,1.1916,price_proxy,,,,
2019-04-05,0.5146,0.0315,0,0.9562,price_proxy,,,,
2019-04-08,0.5147,0.0318,0,1.2229,price_proxy,,,,
2019-04-09,0.4927,0.033,0,0.9112,price_proxy,,,,
2019-04-10,0.5443,0.0388,0,1.12,price_proxy,,,,
2019-04-11,0.5,0.0404,0,1.4967,price_proxy,,,,
2019-04-12,0.4891,0.0391,0,0.8948,price_proxy,,,,
2019-04-15,0.5036,0.0377,0,0.8554,price_proxy,,,,
2019-04-16,0.5074,0.0381,0,1.0281,price_proxy,,,,
2019-04-17,0.4711,0.038,0,0.9838,price_proxy,,,,
2019-04-18,0.4964,0.0377,0,0.7591,price_proxy,,,,
2019-04-19,0.5109,0.0392,0,0.626,price_proxy,,,,
2019-04-22,0.5,0.0392,0,0.9335,price_proxy,,,,
2019-04-23,0.5183,0.0381,0,0.599,price_proxy,,,,
2019-04-24,0.5183,0.0379,0,0.9783,price_proxy,,,,
2019-04-25,0.511,0.0377,0,0.4161,price_proxy,,,,
2019-04-26,0.4891,0.0344,0,0.6674,price_proxy,,,,
2019-04-29,0.5,0.0339,0,0.4996,price_proxy,,,,
2019-04-30,0.4855,0.0344,0,0.886,price_proxy,,,,
2019-05-02,0.4964,0.0338,0,0.6967,price_proxy,,,,
2019-05-03,0.5109,0.0323,0,1.1973,price_proxy,,,,
2019-05-07,0.5328,0.0327,0,1.735,price_proxy,,,,
2019-05-08,0.5691,0.0378,0,2.9848,price_proxy,,,,
2019-05-09,0.5475,0.0406,0,1.8557,price_proxy,,,,
2019-05-10,0.5473,0.0363,0,1.1457,price_proxy,,,,
2019-05-13,0.5362,0.034,0,0.7877,price_proxy,,,,
2019-05-14,0.5072,0.0347,0,0.9793,price_proxy,,,,
2019-05-15,0.4543,0.0357,0,0.8343,price_proxy,,,,
2019-05-16,0.4964,0.035,0,0.9164,price_proxy,,,,
2019-05-17,0.4787,0.0353,0,0.4793,price_proxy,,,,
2019-05-20,0.4503,0.0389,0,1.4907,price_proxy,,,,
2019-05-21,0.4536,0.0377,0,0.6953,price_proxy,,,,
2019-05-22,0.4604,0.0377,0,0.5891,price_proxy,,,,
2019-05-23,0.4392,0.038,0,0.6869,price_proxy,,,,
2019-05-24,0.4677,0.04,0,0.5151,price_proxy,,,,
2019-05-27,0.4927,0.0401,0,0.8307,price_proxy,,,,
2019-05-28,0.5512,0.0484,0,5.4758,price_proxy,,,,
2019-05-29,0.5477,0.0489,0,1.5844,price_proxy,,,,
2019-05-30,0.5923,0.051,0,0.9609,price_proxy,,,,
2019-05-31,0.5401,0.0535,0,1.1359,price_proxy,,,,
2019-06-03,0.5183,0.055,0,0.6355,price_proxy,,,,
2019-06-04,0.5107,0.059,0,0.8107,price_proxy,,,,
2019-06-05,0.5323,0.0554,0,0.6611,price_proxy,,,,
2019-06-07,0.4894,0.0529,0,0.6875,price_proxy,,,,
2019-06-10,0.5072,0.0529,0,0.689,price_proxy,,,,
2019-06-11,0.529,0.053,0,0.7272,price_proxy,,,,
2019-06-12,0.4929,0.0528,0,0.5233,price_proxy,,,,
2019-06-13,0.4859,0.0522,0,0.8287,price_proxy,,,,
2019-06-14,0.5035,0.052,0,0.5734,price_proxy,,,,
2019-06-17,0.5392,0.0532,0,0.5182,price_proxy,,,,
2019-06-18,0.5393,0.0504,0,0.6504,price_proxy,,,,
2019-06-19,0.5285,0.0502,0,0.3795,price_proxy,,,,
2019-06-20,0.5178,0.0502,0,0.5317,price_proxy,,,,
2019-06-21,0.4965,0.0505,0,0.5345,price_proxy,,,,
2019-06-24,0.4825,0.0496,0,0.4192,price_proxy,,,,
2019-06-25,0.4825,0.0496,0,0.373,price_proxy,,,,
2019-06-26,0.4789,0.0421,0,0.5736,price_proxy,,,,
2019-06-27,0.4789,0.0419,0,0.6764,price_proxy,,,,
2019-06-28,0.5106,0.0393,0,0.9762,price_proxy,,,,
2019-07-01,0.4894,0.0365,0,0.7208,price_proxy,,,,
2019-07-02,0.4965,0.0335,0,0.4541,price_proxy,,,,
2019-07-03,0.4965,0.0247,0,0.559,price_proxy,,,,
2019-07-04,0.5249,0.0267,0,0.6364,price_proxy,,,,
2019-07-05,0.5035,0.0261,0,0.5409,price_proxy,,,,
2019-07-08,0.4894,0.0288,0,1.5792,price_proxy,,,,
2019-07-09,0.4646,0.0309,0,1.662,price_proxy,,,,
2019-07-10,0.4645,0.0308,0,1.6772,price_proxy,,,,
2019-07-11,0.4543,0.0314,0,1.4393,price_proxy,,,,
2019-07-12,0.4824,0.0341,0,0.9137,price_proxy,,,,
2019-07-15,0.4964,0.0315,0,0.5798,price_proxy,,,,
2019-07-16,0.5144,0.0315,0,0.6124,price_proxy,,,,
2019-07-17,0.5145,0.0316,0,0.6864,price_proxy,,,,
2019-07-18,0.5072,0.0316,0,0.6242,price_proxy,,,,
2019-07-19,0.4858,0.031,0,0.6753,price_proxy,,,,
2019-07-22,0.4929,0.0303,0,0.5155,price_proxy,,,,
2019-07-23,0.4857,0.0307,0,0.726,price_proxy,,,,
2019-07-24,0.4856,0.0307,0,0.7441,price_proxy,,,,
2019-07-25,0.4821,0.0306,0,1.1592,price_proxy,,,,
2019-07-26,0.4714,0.0287,0,0.7644,price_proxy,,,,
2019-07-29,0.4749,0.0284,0,0.8932,price_proxy,,,,
2019-07-30,0.4856,0.0283,0,0.7087,price_proxy,,,,
2019-07-31,0.5036,0.029,0,1.0275,price_proxy,,,,
2019-08-01,0.4964,0.0261,0,1.0132,price_proxy,,,,
2019-08-02,0.5218,0.0284,0,2.1451,price_proxy,,,,
2019-08-05,0.529,0.0258,0,1.9181,price_proxy,,,,
2019-08-06,0.5254,0.0231,0,1.4688,price_proxy,,,,
2019-08-07,0.4675,0.0339,0,1.9942,price_proxy,,,,
2019-08-08,0.4493,0.0355,0,2.909,price_proxy,,,,
2019-08-09,0.439,0.0324,0,1.3574,price_proxy,,,,
2019-08-12,0.4213,0.0324,0,1.0121,price_proxy,,,,
2019-08-13,0.4247,0.0325,0,0.6693,price_proxy,,,,
2019-08-14,0.467,0.0324,0,0.5484,price_proxy,,,,
2019-08-16,0.4703,0.0336,0,0.6629,price_proxy,,,,
2019-08-19,0.4889,0.0373,0,0.4649,price_proxy,,,,
2019-08-20,0.5037,0.0375,0,0.547,price_proxy,,,,
2019-08-21,0.5298,0.0404,0,0.7414,price_proxy,,,,
2019-08-22,0.5187,0.0409,0,0.546,price_proxy,,,,
2019-08-23,0.5377,0.0409,0,0.5555,price_proxy,,,,
2019-08-26,0.5112,0.0408,0,0.6814,price_proxy,,,,
2019-08-27,0.5074,0.0408,0,0.6041,price_proxy,,,,
2019-08-28,0.478,0.0408,0,0.5518,price_proxy,,,,
2019-08-29,0.5037,0.0408,0,0.5167,price_proxy,,,,
2019-08-30,0.5,0.0408,0,0.5267,price_proxy,,,,
2019-09-02,0.5111,0.04,0,0.3826,price_proxy,,,,
2019-09-03,0.5148,0.0398,0,0.5785,price_proxy,,,,
2019-09-04,0.526,0.0401,0,0.8333,price_proxy,,,,
2019-09-05,0.5,0.0325,0,1.4022,price_proxy,,,,
2019-09-06,0.5074,0.0293,0,1.0726,price_proxy,,,,
2019-09-09,0.4926,0.0291,0,1.4588,price_proxy,,,,
2019-09-10,0.5037,0.0294,0,1.3377,price_proxy,,,,
2019-09-11,0.5,0.0294,0,3.3278,price_proxy,,,,
2019-09-16,0.5148,0.0293,0,1.2905,price_proxy,,,,
2019-09-17,0.5258,0.0263,0,0.899,price_proxy,,,,
2019-09-18,0.537,0.0231,0,1.0088,price_proxy,,,,
2019-09-19,0.522,0.0231,0,0.7909,price_proxy,,,,
2019-09-20,0.5183,0.019,0,0.701,price_proxy,,,,
2019-09-23,0.522,0.0169,0,0.6998,price_proxy,,,,
2019-09-24,0.5219,0.0172,0,0.7754,price_proxy,,,,
2019-09-25,0.4964,0.0204,0,1.4804,price_proxy,,,,
2019-09-26,0.4964,0.0204,0,0.5907,price_proxy,,,,
2019-09-27,0.4927,0.0204,0,0.9953,price_proxy,,,,
2019-09-30,0.4891,0.0197,0,0.6904,price_proxy,,,,
2019-10-01,0.4784,0.0191,0,0.7766,price_proxy,,,,
2019-10-02,0.4709,0.0232,0,1.0584,price_proxy,,,,
2019-10-04,0.46,0.0238,0,1.135,price_proxy,,,,
2019-10-07,0.4672,0.0235,0,0.6858,price_proxy,,,,
2019-10-08,0.4672,0.0223,0,1.7711,price_proxy,,,,
2019-10-10,0.4526,0.0235,0,2.5472,price_proxy,,,,
2019-10-11,0.4852,0.0239,0,1.1009,price_proxy,,,,
2019-10-14,0.5037,0.0228,0,0.9147,price_proxy,,,,
2019-10-15,0.4963,0.0227,0,1.0681,price_proxy,,,,
2019-10-16,0.4926,0.0227,0,0.9283,price_proxy,,,,
2019-10-17,0.5037,0.0217,0,1.2787,price_proxy,,,,
2019-10-18,0.4926,0.021,0,1.2948,price_proxy,,,,
2019-10-21,0.4963,0.0222,0,0.7639,price_proxy,,,,
2019-10-22,0.4963,0.0222,0,0.8604,price_proxy,,,,
2019-10-23,0.4963,0.022,0,0.8647,price_proxy,,,,
2019-10-24,0.4926,0.0207,0,0.8532,price_proxy,,,,
2019-10-25,0.4925,0.0191,0,1.0195,price_proxy,,,,
2019-10-28,0.4926,0.0205,0,0.603,price_proxy,,,,
2019-10-29,0.4888,0.0207,0,0.8142,price_proxy,,,,
2019-10-30,0.4814,0.0211,0,0.9277,price_proxy,,,,
2019-10-31,0.4813,0.0212,0,1.5324,price_proxy,,,,
2019-11-01,0.4925,0.018,0,0.8229,price_proxy,,,,
2019-11-04,0.4851,0.0175,0,0.9024,price_proxy,,,,
2019-11-05,0.485,0.0176,0,1.7835,price_proxy,,,,
2019-11-06,0.5113,0.0197,0,1.2452,price_proxy,,,,
2019-11-07,0.5415,0.0217,0,1.7075,price_proxy,,,,
2019-11-08,0.5451,0.0221,0,1.3352,price_proxy,,,,
2019-11-11,0.5375,0.022,0,1.4807,price_proxy,,,,
2019-11-12,0.564,0.0237,0,1.0504,price_proxy,,,,
2019-11-13,0.5374,0.0245,0,0.6653,price_proxy,,,,
2019-11-14,0.5148,0.0244,0,1.1879,price_proxy,,,,
2019-11-15,0.5184,0.0252,0,1.014,price_proxy,,,,
2019-11-18,0.5258,0.0247,0,0.7701,price_proxy,,,,
2019-11-19,0.5,0.025,0,0.6559,price_proxy,,,,
2019-11-20,0.5073,0.025,0,0.6121,price_proxy,,,,
2019-11-21,0.5037,0.0247,0,1.1788,price_proxy,,,,
2019-11-22,0.4927,0.0245,0,0.5301,price_proxy,,,,
2019-11-25,0.4891,0.024,0,0.9013,price_proxy,,,,
2019-11-26,0.5073,0.0238,0,0.6906,price_proxy,,,,
2019-11-27,0.4963,0.0245,0,0.5738,price_proxy,,,,
2019-11-28,0.4963,0.0241,0,0.5698,price_proxy,,,,
2019-11-29,0.4707,0.0273,0,1.1281,price_proxy,,,,
2019-12-02,0.4634,0.0276,0,1.3425,price_proxy,,,,
2019-12-03,0.46,0.0274,0,0.8888,price_proxy,,,,
2019-12-04,0.4634,0.0271,0,0.9057,price_proxy,,,,
2019-12-05,0.4633,0.0242,0,0.8013,price_proxy,,,,
2019-12-06,0.4926,0.0237,0,0.96,price_proxy,,,,
2019-12-09,0.4926,0.0239,0,1.553,price_proxy,,,,
2019-12-10,0.4926,0.0218,0,0.7446,price_proxy,,,,
2019-12-11,0.5037,0.0212,0,1.3893,price_proxy,,,,
2019-12-12,0.5112,0.0214,0,3.2401,price_proxy,,,,
2019-12-13,0.5074,0.0197,0,1.581,price_proxy,,,,
2019-12-16,0.5187,0.0197,0,0.9658,price_proxy,,,,
2019-12-17,0.5261,0.0213,0,1.7034,price_proxy,,,,
2019-12-18,0.5074,0.0233,0,1.0236,price_proxy,,,,
2019-12-19,0.5074,0.0234,0,1.3175,price_proxy,,,,
2019-12-20,0.526,0.0264,0,1.5177,price_proxy,,,,
2019-12-23,0.5296,0.0267,0,1.343,price_proxy,,,,
2019-12-24,0.5074,0.0263,0,1.3603,price_proxy,,,,
2019-12-26,0.5334,0.0254,0,1.9765,price_proxy,,,,
2019-12-27,0.4778,0.0373,0,1.2896,price_proxy,,,,
2019-12-30,0.478,0.0377,0,0.7761,price_proxy,,,,
2020-01-02,0.4489,0.0394,0,0.62,price_proxy,,,,
2020-01-03,0.4487,0.0393,0,0.7414,price_proxy,,,,
2020-01-06,0.427,0.0396,0,0.7371,price_proxy,,,,
2020-01-07,0.4888,0.0401,0,0.4395,price_proxy,,,,
2020-01-08,0.437,0.0428,0,1.3047,price_proxy,,,,
2020-01-09,0.4513,0.0428,0,1.4109,price_proxy,,,,
2020-01-10,0.4586,0.0424,0,0.8579,price_proxy,,,,
2020-01-13,0.4811,0.0428,0,0.5643,price_proxy,,,,
2020-01-14,0.4736,0.0428,0,0.6845,price_proxy,,,,
2020-01-15,0.5038,0.0427,0,0.7392,price_proxy,,,,
2020-01-16,0.5077,0.0425,0,0.66,price_proxy,,,,
2020-01-17,0.5038,0.0413,0,0.6509,price_proxy,,,,
2020-01-20,0.4962,0.0406,0,0.7561,price_proxy,,,,
2020-01-21,0.4924,0.0404,0,0.4325,price_proxy,,,,
2020-01-22,0.5038,0.0388,0,0.6395,price_proxy,,,,
2020-01-23,0.4962,0.0385,0,0.7138,price_proxy,,,,
2020-01-28,0.4502,0.0453,0,1.7104,price_proxy,,,,
2020-01-29,0.4617,0.0458,0,0.9662,price_proxy,,,,
2020-01-30,0.4425,0.0393,0,1.1092,price_proxy,,,,
2020-01-31,0.4314,0.0363,0,0.9383,price_proxy,,,,
2020-02-03,0.3966,0.0417,0,1.5233,price_proxy,,,,
2020-02-04,0.4489,0.0421,0,1.245,price_proxy,,,,
2020-02-05,0.4492,0.043,0,1.0825,price_proxy,,,,
2020-02-06,0.5079,0.0487,0,1.391,price_proxy,,,,
2020-02-07,0.4961,0.0467,0,0.856,price_proxy,,,,
2020-02-10,0.5364,0.0467,0,0.7597,price_proxy,,,,
2020-02-11,0.5282,0.0467,0,0.8066,price_proxy,,,,
2020-02-12,0.5361,0.048,0,0.9987,price_proxy,,,,
2020-02-13,0.4804,0.0483,0,1.3394,price_proxy,,,,
2020-02-14,0.4763,0.0486,0,0.8345,price_proxy,,,,
2020-02-17,0.4921,0.0491,0,0.4513,price_proxy,,,,
2020-02-18,0.4881,0.0492,0,0.7535,price_proxy,,,,
2020-02-19,0.4685,0.0492,0,0.531,price_proxy,,,,
2020-02-20,0.4722,0.0493,0,0.8102,price_proxy,,,,
2020-02-21,0.476,0.0485,0,0.9308,price_proxy,,,,
2020-02-24,0.4203,0.0535,0,1.5999,price_proxy,,,,
2020-02-25,0.428,0.0482,0,1.1087,price_proxy,,,,
2020-02-26,0.42,0.0473,0,1.4334,price_proxy,,,,
2020-02-27,0.4557,0.0494,0,1.1271,price_proxy,,,,
2020-02-28,0.4352,0.0516,0,1.8255,price_proxy,,,,
2020-03-02,0.4544,0.0481,0,1.178,price_proxy,,,,
2020-03-03,0.4502,0.0479,0,1.1475,price_proxy,,,,
2020-03-04,0.4708,0.0479,0,1.085,price_proxy,,,,
2020-03-05,0.5,0.0525,0,1.5675,price_proxy,,,,
2020-03-06,0.5042,0.054,0,0.9519,price_proxy,,,,
2020-03-09,0.4915,0.0573,0,1.2067,price_proxy,,,,
2020-03-10,0.4957,0.0574,0,1.0035,price_proxy,,,,
2020-03-11,0.4323,0.06,0,1.1902,price_proxy,,,,
2020-03-12,0.3107,0.0689,0,2.4677,price_proxy,,,,
2020-03-13,0.2537,0.0803,0,2.6526,price_proxy,,,,
2020-03-16,0.2697,0.0791,0,1.2858,price_proxy,,,,
2020-03-17,0.2186,0.0815,0,1.1544,price_proxy,,,,
2020-03-18,0.163,0.0942,0,1.2795,price_proxy,,,,
2020-03-19,0.1182,0.1074,0,1.8124,price_proxy,,,,
2020-03-20,0.3,0.1355,0,1.2602,price_proxy,,,,
2020-03-23,0.2012,0.1465,0,1.1639,price_proxy,,,,
2020-03-24,0.3313,0.1593,0,1.3205,price_proxy,,,,
2020-03-25,0.5421,0.1732,0,1.0952,price_proxy,,,,
2020-03-26,0.6685,0.1715,0,1.0227,price_proxy,,,,
2020-03-27,0.6111,0.1777,0,0.9708,price_proxy,,,,
2020-03-30,0.7323,0.1776,0,0.7024,price_proxy,,,,
2020-03-31,0.6518,0.1783,0,0.8294,price_proxy,,,,
2020-04-01,0.4948,0.1785,0,0.8559,price_proxy,,,,
2020-04-02,0.5674,0.1794,0,1.1583,price_proxy,,,,
2020-04-03,0.495,0.1794,0,0.902,price_proxy,,,,
2020-04-06,0.6726,0.1995,0,1.4288,price_proxy,,,,
2020-04-07,0.6461,0.1994,0,0.9988,price_proxy,,,,
2020-04-08,0.7326,0.1988,0,1.1281,price_proxy,,,,
2020-04-09,0.6704,0.1949,0,0.7532,price_proxy,,,,
2020-04-10,0.6759,0.1882,0,0.6392,price_proxy,,,,
2020-04-13,0.4813,0.1892,0,0.6489,price_proxy,,,,
2020-04-14,0.5376,0.1873,0,0.8411,price_proxy,,,,
2020-04-16,0.4907,0.1751,0,0.6904,price_proxy,,,,
2020-04-17,0.5323,0.1573,0,1.0156,price_proxy,,,,
2020-04-20,0.6293,0.1526,0,1.4728,price_proxy,,,,
2020-04-21,0.6509,0.1292,0,1.1292,price_proxy,,,,
2020-04-22,0.6382,0.1243,0,1.1715,price_proxy,,,,
2020-04-23,0.6953,0.1164,0,0.9532,price_proxy,,,,
2020-04-24,0.6045,0.1195,0,0.6836,price_proxy,,,,
2020-04-27,0.5477,0.117,0,0.69,price_proxy,,,,
2020-04-28,0.5658,0.1153,0,0.6205,price_proxy,,,,
2020-04-29,0.556,0.1153,0,0.693,price_proxy,,,,
2020-05-04,0.5042,0.1106,0,0.9076,price_proxy,,,,
2020-05-06,0.5302,0.1094,0,0.7352,price_proxy,,,,
2020-05-07,0.4915,0.1092,0,0.6086,price_proxy,,,,
2020-05-08,0.517,0.0799,0,0.7697,price_proxy,,,,
2020-05-11,0.4665,0.0816,0,0.7176,price_proxy,,,,
2020-05-12,0.5,0.081,0,0.9127,price_proxy,,,,
2020-05-13,0.5255,0.081,0,0.7169,price_proxy,,,,
2020-05-14,0.5511,0.0812,0,1.2631,price_proxy,,,,
2020-05-15,0.58,0.0781,0,1.5139,price_proxy,,,,
2020-05-18,0.6066,0.0764,0,1.5932,price_proxy,,,,
2020-05-19,0.6142,0.0745,0,0.8538,price_proxy,,,,
2020-05-20,0.5924,0.0734,0,0.7943,price_proxy,,,,
2020-05-21,0.5207,0.0634,0,1.2406,price_proxy,,,,
2020-05-22,0.4555,0.0628,0,0.888,price_proxy,,,,
2020-05-25,0.4717,0.061,0,1.2147,price_proxy,,,,
2020-05-26,0.496,0.0636,0,0.9288,price_proxy,,,,
2020-05-27,0.4679,0.0632,0,1.0699,price_proxy,,,,
2020-05-28,0.5,0.061,0,0.9918,price_proxy,,,,
2020-05-29,0.5166,0.0609,0,0.7737,price_proxy,,,,
2020-06-01,0.5411,0.0631,0,1.2496,price_proxy,,,,
2020-06-02,0.516,0.0628,0,1.0029,price_proxy,,,,
2020-06-03,0.5857,0.0632,0,1.6393,price_proxy,,,,
2020-06-04,0.5739,0.0654,0,1.0579,price_proxy,,,,
2020-06-05,0.578,0.0649,0,1.0147,price_proxy,,,,
2020-06-08,0.5201,0.0637,0,0.8413,price_proxy,,,,
2020-06-09,0.4841,0.0642,0,0.7513,price_proxy,,,,
2020-06-10,0.4413,0.0647,0,0.9157,price_proxy,,,,
2020-06-11,0.4287,0.067,0,1.9602,price_proxy,,,,
2020-06-12,0.3814,0.0656,0,1.3743,price_proxy,,,,
2020-06-15,0.3088,0.0807,0,0.9795,price_proxy,,,,
2020-06-16,0.3958,0.093,0,0.7104,price_proxy,,,,
2020-06-17,0.3871,0.0933,0,0.6422,price_proxy,,,,
2020-06-18,0.4302,0.0911,0,0.5317,price_proxy,,,,
2020-06-19,0.4874,0.0912,0,0.5497,price_proxy,,,,
2020-06-22,0.6189,0.0926,0,0.8883,price_proxy,,,,
2020-06-23,0.5296,0.0883,0,0.7048,price_proxy,,,,
2020-06-24,0.5342,0.0868,0,0.5707,price_proxy,,,,
2020-06-25,0.483,0.0892,0,0.666,price_proxy,,,,
2020-06-26,0.5042,0.0914,0,0.9419,price_proxy,,,,
2020-06-29,0.4335,0.0899,0,0.6572,price_proxy,,,,
2020-06-30,0.4625,0.0901,0,0.5618,price_proxy,,,,
2020-07-01,0.4706,0.0876,0,1.0794,price_proxy,,,,
2020-07-02,0.5687,0.0933,0,1.3528,price_proxy,,,,
2020-07-03,0.5422,0.0934,0,0.9618,price_proxy,,,,
2020-07-06,0.586,0.0933,0,0.7906,price_proxy,,,,
2020-07-07,0.534,0.0939,0,1.0945,price_proxy,,,,
2020-07-08,0.5128,0.0948,0,1.0957,price_proxy,,,,
2020-07-09,0.471,0.0935,0,1.0358,price_proxy,,,,
2020-07-10,0.4752,0.0906,0,1.2249,price_proxy,,,,
2020-07-13,0.5082,0.0761,0,0.9995,price_proxy,,,,
2020-07-14,0.5543,0.0637,0,1.302,price_proxy,,,,
2020-07-15,0.5932,0.0621,0,1.1658,price_proxy,,,,
2020-07-16,0.5589,0.0636,0,0.9819,price_proxy,,,,
2020-07-17,0.5335,0.0639,0,0.6244,price_proxy,,,,
2020-07-20,0.4836,0.062,0,0.833,price_proxy,,,,
2020-07-21,0.4593,0.062,0,0.9127,price_proxy,,,,
2020-07-22,0.4514,0.0612,0,0.8005,price_proxy,,,,
2020-07-23,0.4509,0.0577,0,1.0564,price_proxy,,,,
2020-07-24,0.4465,0.0557,0,0.7741,price_proxy,,,,
2020-07-27,0.4545,0.0516,0,0.7262,price_proxy,,,,
2020-07-28,0.4668,0.05,0,0.9621,price_proxy,,,,
2020-07-29,0.4793,0.0501,0,0.8956,price_proxy,,,,
2020-07-30,0.4958,0.0402,0,0.8978,price_proxy,,,,
2020-07-31,0.5127,0.0399,0,0.8076,price_proxy,,,,
2020-08-03,0.5,0.0405,0,0.8762,price_proxy,,,,
2020-08-04,0.5042,0.0393,0,0.9004,price_proxy,,,,
2020-08-05,0.4874,0.0361,0,1.1586,price_proxy,,,,
2020-08-06,0.5,0.0357,0,1.4545,price_proxy,,,,
2020-08-07,0.5042,0.0351,0,1.3516,price_proxy,,,,
2020-08-10,0.572,0.0395,0,2.1971,price_proxy,,,,
2020-08-11,0.5842,0.0402,0,2.0567,price_proxy,,,,
2020-08-12,0.6603,0.054,0,2.8549,price_proxy,,,,
2020-08-13,0.6429,0.0527,0,1.6863,price_proxy,,,,
2020-08-14,0.6258,0.0527,0,1.0097,price_proxy,,,,
2020-08-18,0.4959,0.067,0,1.6769,price_proxy,,,,
2020-08-19,0.4717,0.067,0,0.6538,price_proxy,,,,
2020-08-20,0.3477,0.0748,0,1.3288,price_proxy,,,,
2020-08-21,0.3745,0.075,0,0.9908,price_proxy,,,,
2020-08-24,0.3856,0.0744,0,0.7258,price_proxy,,,,
2020-08-25,0.4918,0.0762,0,0.7809,price_proxy,,,,
2020-08-26,0.4672,0.0775,0,0.792,price_proxy,,,,
2020-08-27,0.5127,0.0778,0,0.8684,price_proxy,,,,
2020-08-28,0.4874,0.0778,0,0.6839,price_proxy,,,,
2020-08-31,0.5,0.0781,0,0.8698,price_proxy,,,,
2020-09-01,0.4588,0.0777,0,0.6582,price_proxy,,,,
2020-09-02,0.4875,0.0774,0,0.7634,price_proxy,,,,
2020-09-03,0.5,0.0774,0,0.4775,price_proxy,,,,
2020-09-04,0.4789,0.0785,0,0.7199,price_proxy,,,,
2020-09-07,0.4707,0.0785,0,0.5743,price_proxy,,,,
2020-09-08,0.4874,0.0734,0,0.6622,price_proxy,,,,
2020-09-09,0.4581,0.0726,0,0.7845,price_proxy,,,,
2020-09-10,0.4538,0.0596,0,1.2582,price_proxy,,,,
2020-09-11,0.4787,0.0598,0,0.9309,price_proxy,,,,
2020-09-14,0.5085,0.064,0,0.8233,price_proxy,,,,
2020-09-15,0.4915,0.0516,0,0.7423,price_proxy,,,,
2020-09-16,0.5043,0.0517,0,0.7615,price_proxy,,,,
2020-09-17,0.5043,0.0408,0,0.8996,price_proxy,,,,
2020-09-18,0.5129,0.0393,0,0.9091,price_proxy,,,,
2020-09-21,0.4704,0.0394,0,0.6751,price_proxy,,,,
2020-09-22,0.4363,0.0396,0,1.4704,price_proxy,,,,
2020-09-23,0.4487,0.0384,0,0.8136,price_proxy,,,,
2020-09-24,0.4227,0.0411,0,1.0768,price_proxy,,,,
2020-09-25,0.4145,0.0413,0,0.626,price_proxy,,,,
2020-09-28,0.4399,0.042,0,0.5582,price_proxy,,,,
2020-09-29,0.5132,0.0462,0,0.819,price_proxy,,,,
2020-10-05,0.5219,0.0465,0,1.0616,price_proxy,,,,
2020-10-06,0.5446,0.0468,0,0.7597,price_proxy,,,,
2020-10-07,0.5491,0.0454,0,0.9494,price_proxy,,,,
2020-10-08,0.531,0.0453,0,1.19,price_proxy,,,,
2020-10-12,0.5044,0.045,0,0.818,price_proxy,,,,
2020-10-13,0.5087,0.0439,0,0.8349,price_proxy,,,,
2020-10-14,0.5044,0.0446,0,0.8988,price_proxy,,,,
2020-10-15,0.4913,0.0447,0,1.0275,price_proxy,,,,
2020-10-16,0.4956,0.0402,0,0.9496,price_proxy,,,,
2020-10-19,0.5087,0.0415,0,1.143,price_proxy,,,,
2020-10-20,0.4914,0.0411,0,0.8843,price_proxy,,,,
2020-10-21,0.5131,0.041,0,0.9542,price_proxy,,,,
2020-10-22,0.5044,0.0415,0,1.3681,price_proxy,,,,
2020-10-23,0.5218,0.0432,0,0.9052,price_proxy,,,,
2020-10-26,0.487,0.0376,0,1.1172,price_proxy,,,,
2020-10-27,0.4913,0.0376,0,0.8396,price_proxy,,,,
2020-10-28,0.4784,0.0324,0,1.2853,price_proxy,,,,
2020-10-29,0.4738,0.0348,0,1.1523,price_proxy,,,,
2020-10-30,0.4093,0.0409,0,1.6775,price_proxy,,,,
2020-11-02,0.4477,0.0391,0,0.7629,price_proxy,,,,
2020-11-03,0.4739,0.0417,0,0.6858,price_proxy,,,,
2020-11-04,0.5,0.0424,0,0.9172,price_proxy,,,,
2020-11-05,0.5265,0.0424,0,1.1542,price_proxy,,,,
2020-11-06,0.5724,0.0424,0,1.3595,price_proxy,,,,
2020-11-09,0.5671,0.0434,0,1.4403,price_proxy,,,,
2020-11-10,0.5442,0.0429,0,1.0554,price_proxy,,,,
2020-11-11,0.57,0.0474,0,1.827,price_proxy,,,,
2020-11-12,0.5611,0.0471,0,1.3987,price_proxy,,,,
2020-11-13,0.5524,0.0475,0,0.84,price_proxy,,,,
2020-11-16,0.5346,0.0468,0,1.1153,price_proxy,,,,
2020-11-17,0.5259,0.0468,0,0.9623,price_proxy,,,,
2020-11-18,0.4789,0.0469,0,1.0268,price_proxy,,,,
2020-11-19,0.4915,0.0458,0,0.794,price_proxy,,,,
2020-11-20,0.5,0.0446,0,0.805,price_proxy,,,,
2020-11-23,0.5128,0.0437,0,1.0096,price_proxy,,,,
2020-11-24,0.5256,0.0437,0,1.0921,price_proxy,,,,
2020-11-25,0.547,0.0437,0,1.6607,price_proxy,,,,
2020-11-26,0.5511,0.0412,0,0.9277,price_proxy,,,,
2020-11-27,0.5596,0.0299,0,1.1433,price_proxy,,,,
2020-11-30,0.5507,0.0291,0,0.9778,price_proxy,,,,
2020-12-01,0.5421,0.0274,0,0.7272,price_proxy,,,,
2020-12-02,0.5292,0.0268,0,0.9727,price_proxy,,,,
2020-12-03,0.5207,0.0268,0,0.8251,price_proxy,,,,
2020-12-04,0.5165,0.0266,0,1.0367,price_proxy,,,,
2020-12-07,0.4918,0.0294,0,1.1652,price_proxy,,,,
2020-12-08,0.4918,0.0295,0,0.6304,price_proxy,,,,
2020-12-09,0.5,0.0206,0,0.845,price_proxy,,,,
2020-12-10,0.4877,0.0211,0,1.7138,price_proxy,,,,
2020-12-11,0.5205,0.0271,0,1.9529,price_proxy,,,,
2020-12-14,0.5373,0.0274,0,0.969,price_proxy,,,,
2020-12-15,0.5497,0.0272,0,0.8664,price_proxy,,,,
2020-12-16,0.5494,0.0269,0,0.8939,price_proxy,,,,
2020-12-17,0.5744,0.0274,0,0.9882,price_proxy,,,,
2020-12-18,0.5527,0.0275,0,1.1641,price_proxy,,,,
2020-12-21,0.5813,0.0287,0,1.3311,price_proxy,,,,
2020-12-22,0.5364,0.0355,0,1.1137,price_proxy,,,,
2020-12-23,0.5201,0.0353,0,1.279,price_proxy,,,,
2020-12-24,0.5279,0.0365,0,1.1528,price_proxy,,,,
2020-12-28,0.5158,0.0365,0,2.0176,price_proxy,,,,
2020-12-29,0.3906,0.0676,0,2.5595,price_proxy,,,,
2020-12-30,0.4048,0.0682,0,1.6288,price_proxy,,,,
2021-01-04,0.3926,0.0686,0,1.2943,price_proxy,,,,
2021-01-05,0.3821,0.069,0,1.4743,price_proxy,,,,
2021-01-06,0.3824,0.069,0,1.5152,price_proxy,,,,
2021-01-07,0.5372,0.074,0,1.894,price_proxy,,,,
2021-01-08,0.5333,0.075,0,1.5428,price_proxy,,,,
2021-01-11,0.5,0.0793,0,1.7122,price_proxy,,,,
2021-01-12,0.5,0.0796,0,1.3003,price_proxy,,,,
2021-01-13,0.5083,0.0771,0,0.8575,price_proxy,,,,
2021-01-14,0.4594,0.0772,0,0.8999,price_proxy,,,,
2021-01-15,0.4754,0.0768,0,0.735,price_proxy,,,,
2021-01-18,0.4832,0.079,0,0.8285,price_proxy,,,,
2021-01-19,0.4791,0.0785,0,0.5813,price_proxy,,,,
2021-01-20,0.471,0.0778,0,0.6283,price_proxy,,,,
2021-01-21,0.4793,0.0768,0,0.8689,price_proxy,,,,
2021-01-22,0.4668,0.0758,0,0.6083,price_proxy,,,,
2021-01-25,0.5975,0.0909,0,1.7311,price_proxy,,,,
2021-01-26,0.538,0.093,0,1.0379,price_proxy,,,,
2021-01-27,0.5253,0.0929,0,0.7354,price_proxy,,,,
2021-01-28,0.4833,0.0772,0,0.7186,price_proxy,,,,
2021-01-29,0.5211,0.0777,0,1.3196,price_proxy,,,,
2021-02-01,0.4434,0.0772,0,0.6803,price_proxy,,,,
2021-02-02,0.5083,0.0774,0,0.7078,price_proxy,,,,
2021-02-03,0.5208,0.0774,0,0.5767,price_proxy,,,,
2021-02-04,0.5295,0.0723,0,0.7722,price_proxy,,,,
2021-02-05,0.5084,0.0716,0,0.6614,price_proxy,,,,
2021-02-08,0.5,0.0665,0,0.6561,price_proxy,,,,
2021-02-09,0.4876,0.0662,0,0.739,price_proxy,,,,
2021-02-10,0.4918,0.066,0,1.222,price_proxy,,,,
2021-02-15,0.5541,0.0694,0,0.9936,price_proxy,,,,
2021-02-16,0.7079,0.1043,0,3.9716,price_proxy,,,,
2021-02-17,0.7162,0.1003,0,1.8528,price_proxy,,,,
2021-02-18,0.6992,0.1011,0,1.084,price_proxy,,,,
2021-02-19,0.7025,0.101,0,1.3689,price_proxy,,,,
2021-02-22,0.6053,0.106,0,0.8384,price_proxy,,,,
2021-02-23,0.4812,0.1053,0,0.8238,price_proxy,,,,
2021-02-24,0.4362,0.0988,0,0.8323,price_proxy,,,,
2021-02-25,0.4774,0.0951,0,0.6921,price_proxy,,,,
2021-02-26,0.4512,0.0955,0,0.7893,price_proxy,,,,
2021-03-02,0.5077,0.0933,0,0.7065,price_proxy,,,,
2021-03-03,0.5114,0.0935,0,0.6074,price_proxy,,,,
2021-03-04,0.5388,0.0942,0,0.5102,price_proxy,,,,
2021-03-05,0.4847,0.0956,0,0.531,price_proxy,,,,
2021-03-08,0.5077,0.0956,0,0.5325,price_proxy,,,,
2021-03-09,0.5383,0.0956,0,0.9127,price_proxy,,,,
2021-03-10,0.5038,0.0959,0,0.5268,price_proxy,,,,
2021-03-11,0.538,0.0959,0,0.8162,price_proxy,,,,
2021-03-12,0.5769,0.0959,0,0.563,price_proxy,,,,
2021-03-15,0.5728,0.096,0,0.5704,price_proxy,,,,
2021-03-16,0.5414,0.0945,0,0.571,price_proxy,,,,
2021-03-17,0.5302,0.0543,0,0.5127,price_proxy,,,,
2021-03-18,0.5112,0.0543,0,0.6069,price_proxy,,,,
2021-03-19,0.4667,0.0564,0,0.8807,price_proxy,,,,
2021-03-22,0.4593,0.056,0,0.64,price_proxy,,,,
2021-03-23,0.4669,0.0496,0,0.6066,price_proxy,,,,
2021-03-24,0.5595,0.062,0,2.8642,price_proxy,,,,
2021-03-25,0.5668,0.0571,0,1.086,price_proxy,,,,
2021-03-26,0.6318,0.0572,0,1.1485,price_proxy,,,,
2021-03-29,0.6057,0.0592,0,0.8454,price_proxy,,,,
2021-03-30,0.5824,0.0596,0,0.6063,price_proxy,,,,
2021-03-31,0.5397,0.0603,0,0.9731,price_proxy,,,,
2021-04-01,0.5251,0.0597,0,0.7888,price_proxy,,,,
2021-04-02,0.4505,0.0635,0,0.9247,price_proxy,,,,
2021-04-05,0.4892,0.0635,0,0.564,price_proxy,,,,
2021-04-06,0.518,0.0616,0,0.8545,price_proxy,,,,
2021-04-07,0.4788,0.0616,0,0.5459,price_proxy,,,,
2021-04-08,0.4787,0.061,0,0.9732,price_proxy,,,,
2021-04-09,0.5254,0.0607,0,0.6219,price_proxy,,,,
2021-04-12,0.5072,0.0609,0,0.4169,price_proxy,,,,
2021-04-13,0.5036,0.0614,0,0.7757,price_proxy,,,,
2021-04-14,0.5072,0.0603,0,0.6728,price_proxy,,,,
2021-04-15,0.5502,0.0631,0,1.4483,price_proxy,,,,
2021-04-16,0.5358,0.0607,0,0.8197,price_proxy,,,,
2021-04-19,0.5359,0.0609,0,0.5978,price_proxy,,,,
2021-04-20,0.5569,0.0631,0,1.2505,price_proxy,,,,
2021-04-21,0.5535,0.0512,0,0.96,price_proxy,,,,
2021-04-22,0.5385,0.0522,0,1.0463,price_proxy,,,,
2021-04-23,0.5703,0.0507,0,0.9278,price_proxy,,,,
2021-04-26,0.5741,0.0477,0,0.6276,price_proxy,,,,
2021-04-27,0.5381,0.0472,0,0.7051,price_proxy,,,,
2021-04-28,0.4965,0.0526,0,1.2844,price_proxy,,,,
2021-04-29,0.4863,0.0529,0,1.0086,price_proxy,,,,
2021-04-30,0.4253,0.0526,0,1.1484,price_proxy,,,,
2021-05-03,0.4354,0.0525,0,0.7912,price_proxy,,,,
2021-05-04,0.4762,0.0565,0,1.2831,price_proxy,,,,
2021-05-06,0.5383,0.0563,0,0.9302,price_proxy,,,,
2021-05-07,0.5276,0.0562,0,0.7065,price_proxy,,,,
2021-05-10,0.5776,0.0562,0,0.9564,price_proxy,,,,
2021-05-11,0.6441,0.0656,0,2.4687,price_proxy,,,,
2021-05-12,0.6546,0.07,0,3.2892,price_proxy,,,,
2021-05-13,0.6536,0.0695,0,1.769,price_proxy,,,,
2021-05-14,0.6124,0.072,0,1.0279,price_proxy,,,,
2021-05-17,0.6222,0.0713,0,0.9195,price_proxy,,,,
2021-05-18,0.618,0.0768,0,1.7219,price_proxy,,,,
2021-05-20,0.5478,0.0766,0,0.9466,price_proxy,,,,
2021-05-21,0.4715,0.0855,0,1.2703,price_proxy,,,,
2021-05-24,0.6032,0.0973,0,1.4712,price_proxy,,,,
2021-05-25,0.5992,0.0972,0,0.9887,price_proxy,,,,
2021-05-26,0.5619,0.0973,0,1.3292,price_proxy,,,,
2021-05-27,0.5966,0.0973,0,0.8508,price_proxy,,,,
2021-05-28,0.6736,0.0912,0,0.9145,price_proxy,,,,
2021-05-31,0.5982,0.0912,0,0.7479,price_proxy,,,,
2021-06-01,0.5793,0.0863,0,0.604,price_proxy,,,,
2021-06-02,0.521,0.0894,0,0.9564,price_proxy,,,,
2021-06-03,0.503,0.0882,0,0.5999,price_proxy,,,,
2021-06-04,0.4645,0.0914,0,0.7145,price_proxy,,,,
2021-06-07,0.4415,0.0915,0,0.7446,price_proxy,,,,
2021-06-08,0.4677,0.0915,0,0.4629,price_proxy,,,,
2021-06-09,0.4822,0.0865,0,0.657,price_proxy,,,,
2021-06-10,0.4555,0.0841,0,1.0861,price_proxy,,,,
2021-06-11,0.491,0.084,0,0.6917,price_proxy,,,,
2021-06-14,0.4699,0.0824,0,0.6373,price_proxy,,,,
2021-06-15,0.4523,0.0822,0,0.7609,price_proxy,,,,
2021-06-16,0.44,0.0757,0,1.1728,price_proxy,,,,
2021-06-17,0.4939,0.077,0,0.8776,price_proxy,,,,
2021-06-18,0.4788,0.0685,0,0.797,price_proxy,,,,
2021-06-21,0.4419,0.0553,0,1.2273,price_proxy,,,,
2021-06-22,0.4847,0.0609,0,0.7339,price_proxy,,,,
2021-06-23,0.5031,0.0584,0,0.6953,price_proxy,,,,
2021-06-24,0.4635,0.0569,0,0.6989,price_proxy,,,,
2021-06-25,0.4847,0.0572,0,0.6692,price_proxy,,,,
2021-06-28,0.5189,0.056,0,0.9193,price_proxy,,,,
2021-06-29,0.4631,0.056,0,1.1379,price_proxy,,,,
2021-06-30,0.463,0.0549,0,0.5816,price_proxy,,,,
2021-07-01,0.4597,0.0548,0,0.5447,price_proxy,,,,
2021-07-02,0.4599,0.0541,0,0.4813,price_proxy,,,,
2021-07-05,0.4813,0.054,0,0.5208,price_proxy,,,,
2021-07-06,0.5313,0.0577,0,1.1267,price_proxy,,,,
2021-07-07,0.544,0.0577,0,1.0049,price_proxy,,,,
2021-07-08,0.557,0.0564,0,1.6902,price_proxy,,,,
2021-07-09,0.522,0.0573,0,1.3908,price_proxy,,,,
2021-07-12,0.5441,0.0574,0,0.5794,price_proxy,,,,
2021-07-13,0.5432,0.0613,0,1.0041,price_proxy,,,,
2021-07-14,0.5277,0.0599,0,0.7188,price_proxy,,,,
2021-07-15,0.5308,0.0577,0,1.1022,price_proxy,,,,
2021-07-16,0.556,0.0575,0,0.6648,price_proxy,,,,
2021-07-19,0.5555,0.0475,0,1.092,price_proxy,,,,
2021-07-20,0.5302,0.0418,0,1.531,price_proxy,,,,
2021-07-21,0.5728,0.0442,0,1.8631,price_proxy,,,,
2021-07-22,0.6152,0.0478,0,1.8972,price_proxy,,,,
2021-07-23,0.5998,0.0488,0,1.4172,price_proxy,,,,
2021-07-26,0.515,0.0594,0,1.3074,price_proxy,,,,
2021-07-27,0.4792,0.0605,0,0.9056,price_proxy,,,,
2021-07-28,0.4795,0.0621,0,0.9905,price_proxy,,,,
2021-07-29,0.437,0.0613,0,0.6708,price_proxy,,,,
2021-07-30,0.4481,0.0613,0,1.0306,price_proxy,,,,
2021-08-02,0.5208,0.0611,0,0.6216,price_proxy,,,,
2021-08-03,0.518,0.06,0,0.7502,price_proxy,,,,
2021-08-04,0.4822,0.0601,0,0.7302,price_proxy,,,,
2021-08-05,0.4763,0.0603,0,0.5125,price_proxy,,,,
2021-08-06,0.4822,0.0587,0,0.4634,price_proxy,,,,
2021-08-09,0.4823,0.0582,0,0.8678,price_proxy,,,,
2021-08-10,0.4911,0.0553,0,0.7448,price_proxy,,,,
2021-08-11,0.5806,0.0712,0,2.1274,price_proxy,,,,
2021-08-12,0.5479,0.0748,0,1.3187,price_proxy,,,,
2021-08-13,0.5388,0.0749,0,0.9152,price_proxy,,,,
2021-08-17,0.5,0.0763,0,1.0163,price_proxy,,,,
2021-08-18,0.5539,0.0786,0,1.1097,price_proxy,,,,
2021-08-19,0.4053,0.0841,0,1.2787,price_proxy,,,,
2021-08-20,0.3684,0.0883,0,1.6501,price_proxy,,,,
2021-08-23,0.4034,0.0911,0,0.9757,price_proxy,,,,
2021-08-24,0.4376,0.0855,0,0.8969,price_proxy,,,,
2021-08-25,0.4125,0.0852,0,0.504,price_proxy,,,,
2021-08-26,0.4729,0.0831,0,0.6189,price_proxy,,,,
2021-08-27,0.5282,0.0836,0,0.7023,price_proxy,,,,
2021-08-30,0.4969,0.0837,0,0.5814,price_proxy,,,,
2021-08-31,0.5123,0.0845,0,1.0128,price_proxy,,,,
2021-09-01,0.5396,0.0866,0,0.9246,price_proxy,,,,
2021-09-02,0.5122,0.088,0,0.6898,price_proxy,,,,
2021-09-03,0.5309,0.088,0,0.5041,price_proxy,,,,
2021-09-06,0.5092,0.0884,0,0.5745,price_proxy,,,,
2021-09-07,0.4909,0.0882,0,0.5337,price_proxy,,,,
2021-09-08,0.4522,0.0879,0,0.5711,price_proxy,,,,
2021-09-09,0.4788,0.0727,0,1.189,price_proxy,,,,
2021-09-10,0.4909,0.071,0,0.6626,price_proxy,,,,
2021-09-13,0.5092,0.071,0,0.4579,price_proxy,,,,
2021-09-14,0.5,0.0696,0,0.8462,price_proxy,,,,
2021-09-15,0.4939,0.0657,0,0.67,price_proxy,,,,
2021-09-16,0.4939,0.0568,0,0.7693,price_proxy,,,,
2021-09-17,0.4878,0.0394,0,0.7592,price_proxy,,,,
2021-09-23,0.4847,0.035,0,1.0041,price_proxy,,,,
2021-09-24,0.4877,0.0349,0,0.8111,price_proxy,,,,
2021-09-27,0.5,0.0344,0,0.7703,price_proxy,,,,
2021-09-28,0.4969,0.0345,0,0.7974,price_proxy,,,,
2021-09-29,0.4908,0.0326,0,1.1443,price_proxy,,,,
2021-09-30,0.5062,0.0332,0,1.074,price_proxy,,,,
2021-10-01,0.4723,0.0365,0,1.2845,price_proxy,,,,
2021-10-05,0.4478,0.0289,0,1.9643,price_proxy,,,,
2021-10-06,0.4445,0.0256,0,1.1338,price_proxy,,,,
2021-10-07,0.4506,0.0259,0,1.2318,price_proxy,,,,
2021-10-08,0.4233,0.0256,0,0.9408,price_proxy,,,,
2021-10-12,0.4062,0.0366,0,1.4948,price_proxy,,,,
2021-10-13,0.4811,0.0506,0,1.2331,price_proxy,,,,
2021-10-14,0.4778,0.0508,0,1.0351,price_proxy,,,,
2021-10-15,0.481,0.0506,0,0.5504,price_proxy,,,,
2021-10-18,0.4968,0.0506,0,0.8117,price_proxy,,,,
2021-10-19,0.5754,0.0525,0,0.8986,price_proxy,,,,
2021-10-20,0.5127,0.0525,0,0.6955,price_proxy,,,,
2021-10-21,0.5481,0.0541,0,1.1484,price_proxy,,,,
2021-10-22,0.5288,0.0544,0,0.8159,price_proxy,,,,
2021-10-25,0.5,0.0561,0,2.2309,price_proxy,,,,
2021-10-26,0.4874,0.0565,0,1.1327,price_proxy,,,,
2021-10-27,0.481,0.0564,0,0.6273,price_proxy,,,,
2021-10-28,0.4218,0.0593,0,1.1795,price_proxy,,,,
2021-10-29,0.4213,0.0594,0,1.3069,price_proxy,,,,
2021-11-01,0.4712,0.0606,0,0.7782,price_proxy,,,,
2021-11-02,0.4809,0.0593,0,0.6246,price_proxy,,,,
2021-11-03,0.4489,0.0624,0,0.7354,price_proxy,,,,
2021-11-04,0.5,0.0629,0,0.6117,price_proxy,,,,
2021-11-05,0.4967,0.0632,0,0.705,price_proxy,,,,
2021-11-08,0.4838,0.0632,0,0.5267,price_proxy,,,,
2021-11-09,0.4872,0.0574,0,0.637,price_proxy,,,,
2021-11-10,0.5328,0.0477,0,0.9957,price_proxy,,,,
2021-11-11,0.5,0.0483,0,1.153,price_proxy,,,,
2021-11-12,0.5722,0.0569,0,1.3524,price_proxy,,,,
2021-11-15,0.5556,0.057,0,0.6081,price_proxy,,,,
2021-11-16,0.5097,0.0569,0,0.5511,price_proxy,,,,
2021-11-17,0.4742,0.0591,0,0.7997,price_proxy,,,,
2021-11-18,0.5065,0.0582,0,0.6902,price_proxy,,,,
2021-11-19,0.4683,0.0588,0,0.6235,price_proxy,,,,
2021-11-22,0.4682,0.0571,0,0.706,price_proxy,,,,
2021-11-23,0.4839,0.0568,0,0.7316,price_proxy,,,,
2021-11-24,0.5196,0.0567,0,0.6833,price_proxy,,,,
2021-11-25,0.5162,0.053,0,0.6608,price_proxy,,,,
2021-11-26,0.5064,0.0524,0,1.2749,price_proxy,,,,
2021-11-29,0.5129,0.0512,0,1.8391,price_proxy,,,,
2021-11-30,0.4643,0.0579,0,2.9049,price_proxy,,,,
2021-12-01,0.4417,0.0546,0,1.6759,price_proxy,,,,
2021-12-02,0.413,0.0548,0,1.9128,price_proxy,,,,
2021-12-03,0.4583,0.062,0,1.3852,price_proxy,,,,
2021-12-06,0.4839,0.0633,0,0.993,price_proxy,,,,
2021-12-07,0.5297,0.0624,0,0.9456,price_proxy,,,,
2021-12-08,0.55,0.0623,0,1.0123,price_proxy,,,,
2021-12-09,0.5842,0.0618,0,1.3118,price_proxy,,,,
2021-12-10,0.5295,0.0538,0,0.5668,price_proxy,,,,
2021-12-13,0.5129,0.0541,0,0.6635,price_proxy,,,,
2021-12-14,0.5195,0.0528,0,0.7513,price_proxy,,,,
2021-12-15,0.5228,0.0497,0,0.6094,price_proxy,,,,
2021-12-16,0.5517,0.0538,0,1.4308,price_proxy,,,,
2021-12-17,0.5905,0.0565,0,1.5374,price_proxy,,,,
2021-12-20,0.5547,0.0583,0,0.9905,price_proxy,,,,
2021-12-21,0.5773,0.0586,0,1.0842,price_proxy,,,,
2021-12-22,0.5643,0.0591,0,0.7807,price_proxy,,,,
2021-12-23,0.5472,0.06,0,1.4751,price_proxy,,,,
2021-12-24,0.5247,0.0603,0,1.5202,price_proxy,,,,
2021-12-27,0.5469,0.0604,0,1.3669,price_proxy,,,,
2021-12-28,0.5372,0.0504,0,2.5521,price_proxy,,,,
2021-12-29,0.4315,0.0807,0,2.2901,price_proxy,,,,
2021-12-30,0.3831,0.0812,0,0.9882,price_proxy,,,,
2022-01-03,0.3534,0.0767,0,1.0035,price_proxy,,,,
2022-01-04,0.341,0.0756,0,1.057,price_proxy,,,,
2022-01-05,0.3752,0.0798,0,1.3468,price_proxy,,,,
2022-01-06,0.4516,0.0821,0,0.9052,price_proxy,,,,
2022-01-07,0.4771,0.0817,0,0.5927,price_proxy,,,,
2022-01-10,0.5297,0.0842,0,0.6311,price_proxy,,,,
2022-01-11,0.5365,0.0841,0,0.7967,price_proxy,,,,
2022-01-12,0.5097,0.0848,0,0.7133,price_proxy,,,,
2022-01-13,0.5694,0.0857,0,0.8943,price_proxy,,,,
2022-01-14,0.5628,0.0826,0,0.639,price_proxy,,,,
2022-01-17,0.513,0.0798,0,8.1434,price_proxy,,,,
2022-01-18,0.5685,0.083,0,0.5166,price_proxy,,,,
2022-01-19,0.5614,0.0826,0,0.588,price_proxy,,,,
2022-01-20,0.516,0.0833,0,0.4588,price_proxy,,,,
2022-01-21,0.5353,0.0824,0,0.3874,price_proxy,,,,
2022-01-24,0.5419,0.0818,0,0.6504,price_proxy,,,,
2022-01-25,0.4274,0.0891,0,0.5862,price_proxy,,,,
2022-01-26,0.4687,0.0947,0,0.5435,price_proxy,,,,
2022-01-27,0.4525,0.0758,0,0.5956,price_proxy,,,,
2022-01-28,0.4685,0.076,0,0.5019,price_proxy,,,,
2022-02-03,0.5,0.0762,0,0.5459,price_proxy,,,,
2022-02-04,0.5818,0.0753,0,0.3165,price_proxy,,,,
2022-02-07,0.5318,0.0718,0,0.4394,price_proxy,,,,
2022-02-08,0.5747,0.0684,0,0.3562,price_proxy,,,,
2022-02-09,0.5672,0.0688,0,0.6505,price_proxy,,,,
2022-02-10,0.5253,0.0677,0,0.583,price_proxy,,,,
2022-02-11,0.5063,0.0677,0,0.4644,price_proxy,,,,
2022-02-14,0.4969,0.0672,0,0.5036,price_proxy,,,,
2022-02-15,0.5031,0.0664,0,0.434,price_proxy,,,,
2022-02-16,0.5031,0.067,0,0.5318,price_proxy,,,,
2022-02-17,0.5218,0.0664,0,1.2087,price_proxy,,,,
2022-02-18,0.5125,0.0634,0,0.706,price_proxy,,,,
2022-02-21,0.5126,0.0631,0,0.7256,price_proxy,,,,
2022-02-22,0.5031,0.0619,0,0.9311,price_proxy,,,,
2022-02-23,0.4815,0.0616,0,0.4515,price_proxy,,,,
2022-02-24,0.466,0.0619,0,0.8838,price_proxy,,,,
2022-02-25,0.4751,0.0484,0,0.9053,price_proxy,,,,
2022-02-28,0.4969,0.0399,0,0.885,price_proxy,,,,
2022-03-02,0.4719,0.0364,0,1.18,price_proxy,,,,
2022-03-03,0.4875,0.0342,0,0.9552,price_proxy,,,,
2022-03-04,0.5408,0.038,0,1.541,price_proxy,,,,
2022-03-07,0.5158,0.0424,0,1.7069,price_proxy,,,,
2022-03-08,0.4969,0.0423,0,1.3142,price_proxy,,,,
2022-03-10,0.5158,0.0424,0,1.1733,price_proxy,,,,
2022-03-11,0.5157,0.0416,0,0.8244,price_proxy,,,,
2022-03-14,0.5185,0.0468,0,1.6115,price_proxy,,,,
2022-03-15,0.572,0.047,0,1.5678,price_proxy,,,,
2022-03-16,0.5689,0.047,0,0.9697,price_proxy,,,,
2022-03-17,0.544,0.0502,0,0.9177,price_proxy,,,,
2022-03-18,0.5498,0.0502,0,0.7711,price_proxy,,,,
2022-03-21,0.5183,0.0505,0,0.6858,price_proxy,,,,
2022-03-22,0.5423,0.0533,0,1.1583,price_proxy,,,,
2022-03-23,0.5666,0.0537,0,1.2312,price_proxy,,,,
2022-03-24,0.626,0.0545,0,1.0428,price_proxy,,,,
2022-03-25,0.6277,0.0549,0,1.6657,price_proxy,,,,
2022-03-28,0.6662,0.0574,0,1.6005,price_proxy,,,,
2022-03-29,0.5858,0.0613,0,1.1599,price_proxy,,,,
2022-03-30,0.5146,0.0686,0,1.9491,price_proxy,,,,
2022-03-31,0.5636,0.0749,0,1.4222,price_proxy,,,,
2022-04-01,0.5857,0.0769,0,1.8126,price_proxy,,,,
2022-04-04,0.5446,0.0754,0,1.0251,price_proxy,,,,
2022-04-05,0.5851,0.0711,0,0.6909,price_proxy,,,,
2022-04-06,0.657,0.0707,0,0.7805,price_proxy,,,,
2022-04-07,0.5168,0.0804,0,1.0415,price_proxy,,,,
2022-04-08,0.489,0.0804,0,0.8048,price_proxy,,,,
2022-04-11,0.5082,0.079,0,0.9629,price_proxy,,,,
2022-04-12,0.4592,0.0841,0,1.2958,price_proxy,,,,
2022-04-13,0.438,0.0841,0,1.0702,price_proxy,,,,
2022-04-14,0.4639,0.0845,0,1.3544,price_proxy,,,,
2022-04-15,0.4366,0.0848,0,1.2475,price_proxy,,,,
2022-04-18,0.4185,0.0848,0,0.62,price_proxy,,,,
2022-04-19,0.55,0.0942,0,1.4576,price_proxy,,,,
2022-04-20,0.5195,0.0964,0,0.9034,price_proxy,,,,
2022-04-21,0.5566,0.0958,0,0.6311,price_proxy,,,,
2022-04-22,0.5597,0.0955,0,0.519,price_proxy,,,,
2022-04-25,0.5227,0.0935,0,0.7746,price_proxy,,,,
2022-04-26,0.4322,0.0916,0,0.6263,price_proxy,,,,
2022-04-27,0.4339,0.0893,0,1.3585,price_proxy,,,,
2022-04-28,0.4477,0.08,0,0.783,price_proxy,,,,
2022-04-29,0.4779,0.077,0,0.8509,price_proxy,,,,
2022-05-02,0.4888,0.0772,0,0.4965,price_proxy,,,,
2022-05-03,0.4748,0.0774,0,0.6085,price_proxy,,,,
2022-05-04,0.5142,0.0767,0,0.6406,price_proxy,,,,
2022-05-06,0.5085,0.0707,0,0.6152,price_proxy,,,,
2022-05-09,0.5112,0.0715,0,0.8633,price_proxy,,,,
2022-05-10,0.5366,0.0699,0,0.9382,price_proxy,,,,
2022-05-11,0.5142,0.0691,0,0.9382,price_proxy,,,,
2022-05-12,0.5849,0.0812,0,2.3513,price_proxy,,,,
2022-05-13,0.6125,0.0806,0,1.6227,price_proxy,,,,
2022-05-16,0.5361,0.0852,0,0.8274,price_proxy,,,,
2022-05-17,0.5221,0.0853,0,0.683,price_proxy,,,,
2022-05-18,0.5451,0.0707,0,0.9243,price_proxy,,,,
2022-05-19,0.4729,0.0686,0,0.986,price_proxy,,,,
2022-05-20,0.4148,0.0696,0,1.145,price_proxy,,,,
2022-05-23,0.47,0.0696,0,1.0208,price_proxy,,,,
2022-05-24,0.4644,0.0682,0,0.5295,price_proxy,,,,
2022-05-25,0.5414,0.0753,0,1.1978,price_proxy,,,,
2022-05-26,0.544,0.0728,0,0.9785,price_proxy,,,,
2022-05-27,0.6168,0.076,0,1.6265,price_proxy,,,,
2022-05-30,0.5886,0.0767,0,0.9319,price_proxy,,,,
2022-05-31,0.6114,0.0757,0,1.0476,price_proxy,,,,
2022-06-02,0.5351,0.0754,0,0.6295,price_proxy,,,,
2022-06-03,0.5323,0.0754,0,0.6106,price_proxy,,,,
2022-06-07,0.4632,0.0768,0,0.5969,price_proxy,,,,
2022-06-08,0.4867,0.076,0,0.4254,price_proxy,,,,
2022-06-09,0.4842,0.076,0,0.9055,price_proxy,,,,
2022-06-10,0.4655,0.0749,0,0.7912,price_proxy,,,,
2022-06-13,0.4391,0.0634,0,0.8828,price_proxy,,,,
2022-06-14,0.4705,0.0601,0,1.3222,price_proxy,,,,
2022-06-15,0.4359,0.0567,0,0.8021,price_proxy,,,,
2022-06-16,0.3989,0.0588,0,0.9247,price_proxy,,,,
2022-06-17,0.4649,0.0616,0,1.5696,price_proxy,,,,
2022-06-20,0.4836,0.0615,0,0.9047,price_proxy,,,,
2022-06-21,0.4592,0.0608,0,0.7404,price_proxy,,,,
2022-06-22,0.4917,0.0607,0,0.8958,price_proxy,,,,
2022-06-23,0.5476,0.0617,0,1.263,price_proxy,,,,
2022-06-24,0.5523,0.0567,0,1.0738,price_proxy,,,,
2022-06-27,0.5661,0.0568,0,1.0725,price_proxy,,,,
2022-06-28,0.5527,0.052,0,0.9539,price_proxy,,,,
2022-06-29,0.5471,0.0513,0,0.9153,price_proxy,,,,
2022-06-30,0.4945,0.0524,0,1.2415,price_proxy,,,,
2022-07-01,0.4678,0.0529,0,0.9947,price_proxy,,,,
2022-07-04,0.4813,0.0547,0,0.8022,price_proxy,,,,
2022-07-05,0.5216,0.0541,0,0.9295,price_proxy,,,,
2022-07-06,0.4811,0.0586,0,0.9371,price_proxy,,,,
2022-07-07,0.5274,0.0594,0,0.7508,price_proxy,,,,
2022-07-08,0.4973,0.0576,0,0.7735,price_proxy,,,,
2022-07-11,0.4919,0.0573,0,0.5766,price_proxy,,,,
2022-07-12,0.492,0.0575,0,0.7399,price_proxy,,,,
2022-07-13,0.5301,0.0549,0,0.7619,price_proxy,,,,
2022-07-14,0.5,0.0524,0,0.8015,price_proxy,,,,
2022-07-15,0.4973,0.0503,0,1.0814,price_proxy,,,,
2022-07-18,0.5081,0.0526,0,0.7296,price_proxy,,,,
2022-07-19,0.4893,0.052,0,0.6552,price_proxy,,,,
2022-07-20,0.4946,0.052,0,1.3501,price_proxy,,,,
2022-07-21,0.5244,0.0513,0,0.9944,price_proxy,,,,
2022-07-22,0.5219,0.048,0,0.7948,price_proxy,,,,
2022-07-25,0.5108,0.0488,0,0.9387,price_proxy,,,,
2022-07-26,0.5189,0.0465,0,0.6523,price_proxy,,,,
2022-07-27,0.5351,0.0471,0,0.9682,price_proxy,,,,
2022-07-28,0.5027,0.0451,0,0.6472,price_proxy,,,,
2022-07-29,0.5405,0.0453,0,0.8278,price_proxy,,,,
2022-08-01,0.5535,0.0465,0,0.933,price_proxy,,,,
2022-08-02,0.516,0.05,0,0.8812,price_proxy,,,,
2022-08-03,0.4867,0.0445,0,0.6822,price_proxy,,,,
2022-08-04,0.508,0.0437,0,0.7225,price_proxy,,,,
2022-08-05,0.5106,0.0433,0,0.974,price_proxy,,,,
2022-08-08,0.4739,0.0427,0,0.7752,price_proxy,,,,
2022-08-09,0.5292,0.0434,0,0.9784,price_proxy,,,,
2022-08-10,0.5534,0.0434,0,2.2084,price_proxy,,,,
2022-08-11,0.5293,0.0439,0,1.3951,price_proxy,,,,
2022-08-12,0.4842,0.0452,0,1.2029,price_proxy,,,,
2022-08-16,0.4921,0.0426,0,0.9663,price_proxy,,,,
2022-08-17,0.5026,0.0453,0,1.0007,price_proxy,,,,
2022-08-18,0.4766,0.0464,0,0.8193,price_proxy,,,,
2022-08-19,0.5262,0.0486,0,1.2734,price_proxy,,,,
2022-08-22,0.577,0.0476,0,1.4644,price_proxy,,,,
2022-08-23,0.5769,0.0471,0,1.1297,price_proxy,,,,
2022-08-24,0.5157,0.0502,0,1.0104,price_proxy,,,,
2022-08-25,0.5289,0.0498,0,0.69,price_proxy,,,,
2022-08-26,0.469,0.0514,0,1.1593,price_proxy,,,,
2022-08-29,0.4437,0.0508,0,0.89,price_proxy,,,,
2022-08-30,0.4361,0.0478,0,0.6809,price_proxy,,,,
2022-08-31,0.4275,0.0484,0,1.5644,price_proxy,,,,
2022-09-01,0.4014,0.0504,0,1.6753,price_proxy,,,,
2022-09-02,0.4264,0.0501,0,0.9972,price_proxy,,,,
2022-09-05,0.4447,0.0498,0,0.5817,price_proxy,,,,
2022-09-06,0.4578,0.0501,0,0.5987,price_proxy,,,,
2022-09-07,0.4543,0.0523,0,0.9434,price_proxy,,,,
2022-09-08,0.5437,0.0624,0,1.3769,price_proxy,,,,
2022-09-13,0.5218,0.0629,0,1.0482,price_proxy,,,,
2022-09-14,0.4702,0.064,0,1.1042,price_proxy,,,,
2022-09-15,0.438,0.0649,0,1.1677,price_proxy,,,,
2022-09-16,0.4752,0.0617,0,0.9275,price_proxy,,,,
2022-09-19,0.4065,0.0615,0,0.6808,price_proxy,,,,
2022-09-20,0.4622,0.062,0,0.8369,price_proxy,,,,
2022-09-21,0.5082,0.0606,0,1.0077,price_proxy,,,,
2022-09-22,0.5083,0.0611,0,0.9839,price_proxy,,,,
2022-09-23,0.5251,0.061,0,0.922,price_proxy,,,,
2022-09-26,0.5616,0.0631,0,1.2281,price_proxy,,,,
2022-09-27,0.5083,0.0624,0,1.1321,price_proxy,,,,
2022-09-28,0.4289,0.0711,0,1.3237,price_proxy,,,,
2022-09-29,0.4695,0.0723,0,0.9491,price_proxy,,,,
2022-09-30,0.4917,0.0735,0,1.3553,price_proxy,,,,
2022-10-04,0.4647,0.0719,0,0.8482,price_proxy,,,,
2022-10-05,0.4671,0.0723,0,1.0456,price_proxy,,,,
2022-10-06,0.5113,0.0725,0,0.877,price_proxy,,,,
2022-10-07,0.455,0.0745,0,1.1342,price_proxy,,,,
2022-10-11,0.3729,0.0758,0,1.4714,price_proxy,,,,
2022-10-12,0.4004,0.0687,0,1.2714,price_proxy,,,,
2022-10-13,0.3886,0.069,0,0.7994,price_proxy,,,,
2022-10-14,0.4633,0.0746,0,0.8269,price_proxy,,,,
2022-10-17,0.5144,0.0742,0,0.7027,price_proxy,,,,
2022-10-18,0.5944,0.076,0,0.7263,price_proxy,,,,
2022-10-19,0.5524,0.0761,0,0.6609,price_proxy,,,,
2022-10-20,0.5855,0.0733,0,0.5983,price_proxy,,,,
2022-10-21,0.5546,0.0742,0,0.5928,price_proxy,,,,
2022-10-24,0.5486,0.0732,0,0.6844,price_proxy,,,,
2022-10-25,0.5282,0.0729,0,0.6264,price_proxy,,,,
2022-10-26,0.5652,0.0727,0,0.8848,price_proxy,,,,
2022-10-27,0.5707,0.0724,0,0.9422,price_proxy,,,,
2022-10-28,0.5476,0.0614,0,1.0124,price_proxy,,,,
2022-10-31,0.5418,0.0609,0,0.6876,price_proxy,,,,
2022-11-01,0.4861,0.0633,0,1.035,price_proxy,,,,
2022-11-02,0.4835,0.0642,0,1.1801,price_proxy,,,,
2022-11-03,0.4563,0.0644,0,1.0415,price_proxy,,,,
2022-11-04,0.4945,0.066,0,0.9316,price_proxy,,,,
2022-11-07,0.4836,0.0622,0,0.9142,price_proxy,,,,
2022-11-08,0.542,0.0546,0,1.1357,price_proxy,,,,
2022-11-09,0.5499,0.0547,0,1.4456,price_proxy,,,,
2022-11-10,0.5419,0.0544,0,1.2187,price_proxy,,,,
2022-11-11,0.5055,0.0481,0,1.9815,price_proxy,,,,
2022-11-14,0.522,0.048,0,1.4868,price_proxy,,,,
2022-11-15,0.4973,0.047,0,0.8537,price_proxy,,,,
2022-11-16,0.4622,0.0465,0,1.0284,price_proxy,,,,
2022-11-17,0.4863,0.0465,0,0.8169,price_proxy,,,,
2022-11-18,0.5,0.0458,0,1.0117,price_proxy,,,,
2022-11-21,0.4918,0.0459,0,0.9363,price_proxy,,,,
2022-11-22,0.5219,0.0464,0,0.9703,price_proxy,,,,
2022-11-23,0.5468,0.0457,0,0.5803,price_proxy,,,,
2022-11-24,0.5193,0.0479,0,0.9304,price_proxy,,,,
2022-11-25,0.5273,0.0496,0,0.5917,price_proxy,,,,
2022-11-28,0.5328,0.0496,0,0.6271,price_proxy,,,,
2022-11-29,0.5163,0.0418,0,0.5578,price_proxy,,,,
2022-11-30,0.5135,0.0413,0,1.0766,price_proxy,,,,
2022-12-01,0.5409,0.0398,0,0.8942,price_proxy,,,,
2022-12-02,0.5189,0.0347,0,1.0649,price_proxy,,,,
2022-12-05,0.5215,0.0339,0,1.4371,price_proxy,,,,
2022-12-06,0.5081,0.0347,0,0.9158,price_proxy,,,,
2022-12-07,0.5,0.0319,0,0.7783,price_proxy,,,,
2022-12-08,0.5107,0.0289,0,1.6981,price_proxy,,,,
2022-12-09,0.5134,0.0289,0,1.0097,price_proxy,,,,
2022-12-12,0.5213,0.0294,0,1.0122,price_proxy,,,,
2022-12-13,0.5161,0.0303,0,0.8382,price_proxy,,,,
2022-12-14,0.4786,0.0351,0,1.3194,price_proxy,,,,
2022-12-15,0.4495,0.0369,0,0.8791,price_proxy,,,,
2022-12-16,0.4257,0.0373,0,0.9145,price_proxy,,,,
2022-12-19,0.3999,0.0379,0,0.6056,price_proxy,,,,
2022-12-20,0.4016,0.0374,0,1.1877,price_proxy,,,,
2022-12-21,0.4351,0.036,0,0.7583,price_proxy,,,,
2022-12-22,0.4536,0.0335,0,1.2298,price_proxy,,,,
2022-12-23,0.4725,0.0301,0,0.8599,price_proxy,,,,
2022-12-26,0.4972,0.0309,0,1.1579,price_proxy,,,,
2022-12-27,0.5308,0.0326,0,2.0102,price_proxy,,,,
2022-12-28,0.3911,0.0767,0,2.2484,price_proxy,,,,
2022-12-29,0.3883,0.0766,0,0.8946,price_proxy,,,,
2023-01-02,0.3156,0.084,0,1.2603,price_proxy,,,,
2023-01-03,0.3528,0.0906,0,0.9616,price_proxy,,,,
2023-01-04,0.3595,0.0925,0,1.0158,price_proxy,,,,
2023-01-05,0.4941,0.0923,0,0.7444,price_proxy,,,,
2023-01-06,0.5089,0.0924,0,0.8806,price_proxy,,,,
2023-01-09,0.6077,0.0932,0,1.0324,price_proxy,,,,
2023-01-10,0.554,0.0925,0,0.799,price_proxy,,,,
2023-01-11,0.5326,0.0926,0,0.7552,price_proxy,,,,
2023-01-12,0.5148,0.0919,0,1.2464,price_proxy,,,,
2023-01-13,0.5236,0.0929,0,0.8316,price_proxy,,,,
2023-01-16,0.5234,0.0934,0,0.5128,price_proxy,,,,
2023-01-17,0.5146,0.0933,0,0.5285,price_proxy,,,,
2023-01-18,0.535,0.0941,0,1.5644,price_proxy,,,,
2023-01-19,0.6206,0.1007,0,1.5915,price_proxy,,,,
2023-01-20,0.6106,0.1009,0,0.623,price_proxy,,,,
2023-01-25,0.5779,0.1012,0,0.5436,price_proxy,,,,
2023-01-26,0.5522,0.1026,0,1.1252,price_proxy,,,,
2023-01-27,0.5344,0.1022,0,0.9829,price_proxy,,,,
2023-01-30,0.4528,0.0711,0,0.9592,price_proxy,,,,
2023-01-31,0.4338,0.0714,0,0.9895,price_proxy,,,,
2023-02-01,0.4167,0.0591,0,1.2251,price_proxy,,,,
2023-02-02,0.4605,0.0534,0,1.1712,price_proxy,,,,
2023-02-03,0.4324,0.054,0,2.5339,price_proxy,,,,
2023-02-06,0.4489,0.054,0,0.8277,price_proxy,,,,
2023-02-07,0.4287,0.0561,0,1.0013,price_proxy,,,,
2023-02-08,0.4565,0.0552,0,1.1065,price_proxy,,,,
2023-02-09,0.4568,0.0556,0,1.6787,price_proxy,,,,
2023-02-10,0.4534,0.0572,0,1.7999,price_proxy,,,,
2023-02-13,0.4563,0.0566,0,1.3258,price_proxy,,,,
2023-02-14,0.4734,0.0555,0,1.2719,price_proxy,,,,
2023-02-15,0.4674,0.0544,0,0.962,price_proxy,,,,
2023-02-16,0.3999,0.0613,0,2.1573,price_proxy,,,,
2023-02-17,0.4313,0.0595,0,1.3382,price_proxy,,,,
2023-02-20,0.4583,0.0486,0,0.8067,price_proxy,,,,
2023-02-21,0.443,0.0482,0,0.8297,price_proxy,,,,
2023-02-22,0.4398,0.0481,0,0.8818,price_proxy,,,,
2023-02-23,0.4659,0.0478,0,1.1871,price_proxy,,,,
2023-02-24,0.3825,0.0589,0,3.1272,price_proxy,,,,
2023-02-27,0.3234,0.0596,0,1.3885,price_proxy,,,,
2023-02-28,0.3796,0.0651,0,1.037,price_proxy,,,,
2023-03-02,0.3913,0.0647,0,0.7532,price_proxy,,,,
2023-03-03,0.4211,0.0637,0,0.5695,price_proxy,,,,
2023-03-06,0.5033,0.064,0,0.6397,price_proxy,,,,
2023-03-07,0.5568,0.0659,0,0.8496,price_proxy,,,,
2023-03-08,0.4836,0.0669,0,0.6492,price_proxy,,,,
2023-03-09,0.5131,0.0702,0,0.9063,price_proxy,,,,
2023-03-10,0.4737,0.0709,0,0.7763,price_proxy,,,,
2023-03-13,0.4508,0.0705,0,0.7887,price_proxy,,,,
2023-03-14,0.3994,0.071,0,0.8637,price_proxy,,,,
2023-03-15,0.4934,0.0805,0,0.694,price_proxy,,,,
2023-03-16,0.438,0.081,0,0.4676,price_proxy,,,,
2023-03-17,0.4734,0.0768,0,0.7478,price_proxy,,,,
2023-03-20,0.5336,0.0807,0,0.7687,price_proxy,,,,
2023-03-21,0.5786,0.0786,0,0.6443,price_proxy,,,,
2023-03-22,0.5233,0.078,0,0.4787,price_proxy,,,,
2023-03-23,0.5236,0.0786,0,1.0594,price_proxy,,,,
2023-03-24,0.5202,0.0775,0,0.7298,price_proxy,,,,
2023-03-27,0.4967,0.0664,0,0.7794,price_proxy,,,,
2023-03-28,0.477,0.0642,0,0.7375,price_proxy,,,,
2023-03-29,0.4179,0.0682,0,2.8529,price_proxy,,,,
2023-03-30,0.4301,0.0683,0,2.7966,price_proxy,,,,
2023-03-31,0.4666,0.0709,0,1.8149,price_proxy,,,,
2023-04-03,0.4735,0.0723,0,0.7897,price_proxy,,,,
2023-04-04,0.5433,0.0788,0,1.5045,price_proxy,,,,
2023-04-05,0.5993,0.0758,0,0.88,price_proxy,,,,
2023-04-06,0.6207,0.0743,0,0.8252,price_proxy,,,,
2023-04-07,0.5849,0.0709,0,0.5449,price_proxy,,,,
2023-04-10,0.5604,0.0699,0,0.7132,price_proxy,,,,
2023-04-11,0.513,0.0669,0,0.6813,price_proxy,,,,
2023-04-12,0.5,0.061,0,0.9848,price_proxy,,,,
2023-04-13,0.4805,0.0595,0,0.9396,price_proxy,,,,
2023-04-14,0.5033,0.0601,0,0.6784,price_proxy,,,,
2023-04-17,0.513,0.0566,0,0.6551,price_proxy,,,,
2023-04-18,0.4806,0.0576,0,0.6577,price_proxy,,,,
2023-04-19,0.5,0.0576,0,0.7105,price_proxy,,,,
2023-04-20,0.5033,0.0559,0,0.8394,price_proxy,,,,
2023-04-21,0.4902,0.0558,0,0.8428,price_proxy,,,,
2023-04-24,0.4353,0.0606,0,0.9118,price_proxy,,,,
2023-04-25,0.4608,0.0605,0,0.6967,price_proxy,,,,
2023-04-26,0.4641,0.0517,0,0.6444,price_proxy,,,,
2023-04-27,0.4607,0.0516,0,0.6573,price_proxy,,,,
2023-04-28,0.4608,0.0493,0,0.6766,price_proxy,,,,
2023-05-02,0.5502,0.0528,0,1.1111,price_proxy,,,,
2023-05-03,0.53,0.0425,0,0.7551,price_proxy,,,,
2023-05-04,0.5233,0.0425,0,0.7647,price_proxy,,,,
2023-05-08,0.5569,0.0437,0,0.9039,price_proxy,,,,
2023-05-09,0.5833,0.0469,0,1.1974,price_proxy,,,,
2023-05-10,0.5457,0.047,0,1.2732,price_proxy,,,,
2023-05-11,0.5525,0.0468,0,1.1671,price_proxy,,,,
2023-05-12,0.5887,0.049,0,1.8029,price_proxy,,,,
2023-05-15,0.5813,0.0483,0,0.9794,price_proxy,,,,
2023-05-16,0.4968,0.0556,0,1.2473,price_proxy,,,,
2023-05-17,0.4841,0.0556,0,0.6654,price_proxy,,,,
2023-05-18,0.5,0.0546,0,0.8305,price_proxy,,,,
2023-05-19,0.4717,0.0546,0,0.9819,price_proxy,,,,
2023-05-22,0.4562,0.0543,0,0.8577,price_proxy,,,,
2023-05-23,0.5096,0.0542,0,0.6696,price_proxy,,,,
2023-05-24,0.5129,0.0473,0,0.6624,price_proxy,,,,
2023-05-25,0.5032,0.0473,0,1.1723,price_proxy,,,,
2023-05-26,0.4968,0.0474,0,0.9797,price_proxy,,,,
2023-05-30,0.5447,0.0509,0,1.5219,price_proxy,,,,
2023-05-31,0.5128,0.0542,0,5.0008,price_proxy,,,,
2023-06-01,0.4553,0.0601,0,1.1562,price_proxy,,,,
2023-06-02,0.4553,0.0597,0,0.7205,price_proxy,,,,
2023-06-05,0.4712,0.0603,0,0.4246,price_proxy,,,,
2023-06-07,0.4188,0.0597,0,0.8611,price_proxy,,,,
2023-06-08,0.4271,0.0576,0,1.0793,price_proxy,,,,
2023-06-09,0.4739,0.0576,0,0.7576,price_proxy,,,,
2023-06-12,0.4935,0.0589,0,0.6011,price_proxy,,,,
2023-06-13,0.5032,0.0574,0,0.7282,price_proxy,,,,
2023-06-14,0.4902,0.0577,0,0.4996,price_proxy,,,,
2023-06-15,0.523,0.0524,0,0.4629,price_proxy,,,,
2023-06-16,0.5298,0.0524,0,0.5896,price_proxy,,,,
2023-06-19,0.5033,0.0521,0,0.2466,price_proxy,,,,
2023-06-20,0.4903,0.0525,0,0.4164,price_proxy,,,,
2023-06-21,0.5131,0.0525,0,0.5935,price_proxy,,,,
2023-06-22,0.5,0.0525,0,0.5414,price_proxy,,,,
2023-06-23,0.4902,0.053,0,0.5802,price_proxy,,,,
2023-06-26,0.4902,0.0531,0,0.4146,price_proxy,,,,
2023-06-27,0.474,0.053,0,0.5375,price_proxy,,,,
2023-06-28,0.4772,0.0461,0,0.4402,price_proxy,,,,
2023-06-29,0.4382,0.0481,0,1.3631,price_proxy,,,,
2023-06-30,0.4541,0.0373,0,0.7155,price_proxy,,,,
2023-07-03,0.4572,0.0372,0,0.9052,price_proxy,,,,
2023-07-04,0.4275,0.039,0,1.4001,price_proxy,,,,
2023-07-05,0.4178,0.039,0,0.9075,price_proxy,,,,
2023-07-06,0.4799,0.041,0,1.3497,price_proxy,,,,
2023-07-07,0.4664,0.041,0,1.3509,price_proxy,,,,
2023-07-10,0.4563,0.0393,0,0.8328,price_proxy,,,,
2023-07-11,0.4863,0.0354,0,1.0734,price_proxy,,,,
2023-07-12,0.5103,0.0362,0,1.0846,price_proxy,,,,
2023-07-13,0.5136,0.0389,0,1.0982,price_proxy,,,,
2023-07-14,0.5375,0.0395,0,0.7475,price_proxy,,,,
2023-07-17,0.5309,0.0405,0,0.6946,price_proxy,,,,
2023-07-18,0.5172,0.04,0,0.5646,price_proxy,,,,
2023-07-19,0.5068,0.0404,0,0.5619,price_proxy,,,,
2023-07-20,0.4798,0.0404,0,0.7774,price_proxy,,,,
2023-07-21,0.5101,0.0464,0,1.5302,price_proxy,,,,
2023-07-24,0.5237,0.0464,0,0.9606,price_proxy,,,,
2023-07-25,0.5137,0.0483,0,0.8119,price_proxy,,,,
2023-07-26,0.4864,0.049,0,1.4706,price_proxy,,,,
2023-07-27,0.534,0.0521,0,0.9444,price_proxy,,,,
2023-07-28,0.48,0.0526,0,0.7995,price_proxy,,,,
2023-07-31,0.4732,0.053,0,0.91,price_proxy,,,,
2023-08-01,0.6051,0.0743,0,2.5594,price_proxy,,,,
2023-08-02,0.5993,0.076,0,1.2154,price_proxy,,,,
2023-08-03,0.5334,0.076,0,0.8593,price_proxy,,,,
2023-08-04,0.5707,0.0761,0,0.7965,price_proxy,,,,
2023-08-07,0.6695,0.0853,0,3.1169,price_proxy,,,,
2023-08-08,0.558,0.0853,0,1.4696,price_proxy,,,,
2023-08-09,0.5816,0.0854,0,1.1423,price_proxy,,,,
2023-08-10,0.5987,0.0849,0,1.2731,price_proxy,,,,
2023-08-11,0.6008,0.0854,0,0.7977,price_proxy,,,,
2023-08-14,0.525,0.084,0,0.8078,price_proxy,,,,
2023-08-16,0.5344,0.0827,0,0.8782,price_proxy,,,,
2023-08-17,0.5282,0.0834,0,0.7944,price_proxy,,,,
2023-08-18,0.547,0.0833,0,0.8374,price_proxy,,,,
2023-08-21,0.5248,0.0816,0,0.5159,price_proxy,,,,
2023-08-22,0.5031,0.0823,0,0.5357,price_proxy,,,,
2023-08-23,0.5062,0.0799,0,0.5629,price_proxy,,,,
2023-08-24,0.5309,0.078,0,0.7483,price_proxy,,,,
2023-08-25,0.5214,0.0754,0,0.6218,price_proxy,,,,
2023-08-28,0.5336,0.0743,0,0.5767,price_proxy,,,,
2023-08-29,0.5524,0.0732,0,0.7073,price_proxy,,,,
2023-08-30,0.5276,0.0531,0,0.9466,price_proxy,,,,
2023-08-31,0.5091,0.0503,0,0.995,price_proxy,,,,
2023-09-01,0.4788,0.0511,0,0.7263,price_proxy,,,,
2023-09-04,0.4609,0.0506,0,0.5732,price_proxy,,,,
2023-09-05,0.4489,0.0287,0,0.564,price_proxy,,,,
2023-09-06,0.4395,0.0318,0,1.319,price_proxy,,,,
2023-09-07,0.4364,0.0319,0,1.0339,price_proxy,,,,
2023-09-08,0.4816,0.0345,0,1.0306,price_proxy,,,,
2023-09-11,0.4141,0.0495,0,2.9456,price_proxy,,,,
2023-09-12,0.3983,0.0505,0,1.3239,price_proxy,,,,
2023-09-13,0.4501,0.0534,0,1.757,price_proxy,,,,
2023-09-14,0.5031,0.0599,0,1.4168,price_proxy,,,,
2023-09-15,0.5309,0.0658,0,1.4738,price_proxy,,,,
2023-09-18,0.5737,0.0678,0,0.8566,price_proxy,,,,
2023-09-19,0.5942,0.0674,0,0.9362,price_proxy,,,,
2023-09-20,0.6056,0.0707,0,1.1053,price_proxy,,,,
2023-09-21,0.55,0.0703,0,0.9939,price_proxy,,,,
2023-09-22,0.4878,0.0703,0,0.6221,price_proxy,,,,
2023-09-25,0.534,0.0703,0,0.6383,price_proxy,,,,
2023-09-26,0.5372,0.0702,0,0.7389,price_proxy,,,,
2023-09-27,0.5152,0.0705,0,0.9278,price_proxy,,,,
2023-10-04,0.5213,0.0705,0,1.5595,price_proxy,,,,
2023-10-05,0.5123,0.0702,0,0.6451,price_proxy,,,,
2023-10-06,0.5,0.0702,0,0.4089,price_proxy,,,,
2023-10-10,0.5426,0.0728,0,1.0621,price_proxy,,,,
2023-10-11,0.5211,0.0712,0,0.8343,price_proxy,,,,
2023-10-12,0.509,0.0715,0,0.9641,price_proxy,,,,
2023-10-13,0.4817,0.0751,0,0.5232,price_proxy,,,,
2023-10-16,0.503,0.0643,0,0.7115,price_proxy,,,,
2023-10-17,0.4881,0.0625,0,0.689,price_proxy,,,,
2023-10-18,0.491,0.0615,0,1.115,price_proxy,,,,
2023-10-19,0.488,0.058,0,0.657,price_proxy,,,,
2023-10-20,0.5061,0.0531,0,0.5786,price_proxy,,,,
2023-10-23,0.4879,0.0505,0,0.5273,price_proxy,,,,
2023-10-24,0.449,0.0511,0,0.7933,price_proxy,,,,
2023-10-25,0.44,0.0463,0,0.6732,price_proxy,,,,
2023-10-26,0.4577,0.0463,0,0.9258,price_proxy,,,,
2023-10-27,0.4847,0.0461,0,0.634,price_proxy,,,,
2023-10-30,0.4786,0.0452,0,0.5518,price_proxy,,,,
2023-10-31,0.5092,0.0461,0,0.9906,price_proxy,,,,
2023-11-01,0.5526,0.0486,0,1.0709,price_proxy,,,,
2023-11-02,0.5525,0.0486,0,1.1281,price_proxy,,,,
2023-11-03,0.5525,0.0475,0,0.6184,price_proxy,,,,
2023-11-06,0.5679,0.0481,0,1.6475,price_proxy,,,,
2023-11-07,0.5031,0.0501,0,1.3247,price_proxy,,,,
2023-11-08,0.4639,0.0501,0,1.0632,price_proxy,,,,
2023-11-09,0.482,0.0514,0,1.2188,price_proxy,,,,
2023-11-10,0.4789,0.0452,0,0.4391,price_proxy,,,,
2023-11-13,0.4612,0.0433,0,1.018,price_proxy,,,,
2023-11-14,0.5153,0.0412,0,0.7138,price_proxy,,,,
2023-11-15,0.5276,0.0414,0,1.4388,price_proxy,,,,
2023-11-16,0.5,0.0408,0,0.4488,price_proxy,,,,
2023-11-17,0.5091,0.038,0,0.7913,price_proxy,,,,
2023-11-20,0.5213,0.0382,0,0.8568,price_proxy,,,,
2023-11-21,0.5182,0.037,0,0.6994,price_proxy,,,,
2023-11-22,0.4939,0.0381,0,0.684,price_proxy,,,,
2023-11-23,0.5121,0.0385,0,0.8391,price_proxy,,,,
2023-11-24,0.4909,0.0396,0,0.5948,price_proxy,,,,
2023-11-27,0.494,0.04,0,0.798,price_proxy,,,,
2023-11-28,0.515,0.0411,0,1.2224,price_proxy,,,,
2023-11-29,0.5212,0.0379,0,0.7851,price_proxy,,,,
2023-11-30,0.5241,0.0386,0,2.378,price_proxy,,,,
2023-12-01,0.5213,0.0399,0,0.7512,price_proxy,,,,
2023-12-04,0.5302,0.0407,0,0.935,price_proxy,,,,
2023-12-05,0.5269,0.032,0,1.7418,price_proxy,,,,
2023-12-06,0.5691,0.0342,0,1.6689,price_proxy,,,,
2023-12-07,0.5537,0.0332,0,0.8819,price_proxy,,,,
2023-12-08,0.5752,0.0329,0,0.8252,price_proxy,,,,
2023-12-11,0.5833,0.035,0,1.6213,price_proxy,,,,
2023-12-12,0.5619,0.0351,0,1.6434,price_proxy,,,,
2023-12-13,0.5581,0.0366,0,1.3744,price_proxy,,,,
2023-12-14,0.6074,0.0418,0,2.7577,price_proxy,,,,
2023-12-15,0.613,0.0417,0,1.1903,price_proxy,,,,
2023-12-18,0.5257,0.054,0,1.2502,price_proxy,,,,
2023-12-19,0.5371,0.0541,0,0.7087,price_proxy,,,,
2023-12-20,0.5282,0.0524,0,1.1581,price_proxy,,,,
2023-12-21,0.4697,0.0534,0,0.9145,price_proxy,,,,
2023-12-22,0.4424,0.054,0,1.0578,price_proxy,,,,
2023-12-26,0.5,0.054,0,2.3923,price_proxy,,,,
2023-12-27,0.3794,0.0813,0,2.2478,price_proxy,,,,
2023-12-28,0.4138,0.0857,0,0.8337,price_proxy,,,,
2024-01-02,0.4105,0.086,0,0.7243,price_proxy,,,,
2024-01-03,0.3983,0.0873,0,0.8002,price_proxy,,,,
2024-01-04,0.3928,0.0866,0,0.559,price_proxy,,,,
2024-01-05,0.5,0.0859,0,0.4023,price_proxy,,,,
2024-01-08,0.4564,0.0844,0,0.4558,price_proxy,,,,
2024-01-09,0.4736,0.0844,0,0.3824,price_proxy,,,,
2024-01-10,0.506,0.0844,0,0.3415,price_proxy,,,,
2024-01-11,0.494,0.0828,0,0.6653,price_proxy,,,,
2024-01-12,0.503,0.083,0,0.3505,price_proxy,,,,
2024-01-15,0.4941,0.0814,0,0.3673,price_proxy,,,,
2024-01-16,0.4674,0.0762,0,0.5235,price_proxy,,,,
2024-01-17,0.4763,0.0763,0,0.5686,price_proxy,,,,
2024-01-18,0.5209,0.0743,0,0.7877,price_proxy,,,,
2024-01-19,0.5119,0.0738,0,0.5721,price_proxy,,,,
2024-01-22,0.5089,0.0728,0,0.472,price_proxy,,,,
2024-01-23,0.5302,0.0728,0,0.5948,price_proxy,,,,
2024-01-24,0.524,0.0725,0,0.7927,price_proxy,,,,
2024-01-25,0.5237,0.0747,0,1.0754,price_proxy,,,,
2024-01-26,0.5622,0.0483,0,1.6509,price_proxy,,,,
2024-01-29,0.5623,0.0396,0,1.2085,price_proxy,,,,
2024-01-30,0.5862,0.0398,0,1.2645,price_proxy,,,,
2024-01-31,0.6009,0.0353,0,2.0861,price_proxy,,,,
2024-02-01,0.6579,0.0546,0,3.8075,price_proxy,,,,
2024-02-02,0.7155,0.0685,0,4.0184,price_proxy,,,,
2024-02-05,0.6871,0.0721,0,2.2706,price_proxy,,,,
2024-02-06,0.6567,0.0728,0,1.6336,price_proxy,,,,
2024-02-07,0.6554,0.0725,0,1.663,price_proxy,,,,
2024-02-08,0.5407,0.074,0,1.5162,price_proxy,,,,
2024-02-13,0.4896,0.0751,0,1.1042,price_proxy,,,,
2024-02-14,0.4921,0.0777,0,0.8391,price_proxy,,,,
2024-02-15,0.5317,0.0756,0,0.7657,price_proxy,,,,
2024-02-16,0.5682,0.078,0,1.1687,price_proxy,,,,
2024-02-19,0.7417,0.1014,0,2.1063,price_proxy,,,,
2024-02-20,0.6617,0.1052,0,1.0848,price_proxy,,,,
2024-02-21,0.5872,0.1213,0,1.4172,price_proxy,,,,
2024-02-22,0.5754,0.1208,0,0.6207,price_proxy,,,,
2024-02-23,0.4975,0.1227,0,0.582,price_proxy,,,,
2024-02-26,0.3341,0.1254,0,0.5368,price_proxy,,,,
2024-02-27,0.3384,0.1269,0,0.6505,price_proxy,,,,
2024-02-28,0.4443,0.1267,0,0.7619,price_proxy,,,,
2024-02-29,0.4599,0.1274,0,0.7687,price_proxy,,,,
2024-03-04,0.4594,0.1288,0,0.5283,price_proxy,,,,
2024-03-05,0.5103,0.1219,0,0.6146,price_proxy,,,,
2024-03-06,0.5472,0.1126,0,0.4895,price_proxy,,,,
2024-03-07,0.5339,0.1113,0,0.4352,price_proxy,,,,
2024-03-08,0.4821,0.1116,0,0.6474,price_proxy,,,,
2024-03-11,0.4819,0.1124,0,0.5216,price_proxy,,,,
2024-03-12,0.4512,0.1118,0,0.6991,price_proxy,,,,
2024-03-13,0.4487,0.11,0,0.5264,price_proxy,,,,
2024-03-14,0.4744,0.1101,0,1.2556,price_proxy,,,,
2024-03-15,0.4742,0.1092,0,0.9348,price_proxy,,,,
2024-03-18,0.4869,0.1054,0,0.3979,price_proxy,,,,
2024-03-19,0.4684,0.0701,0,0.6844,price_proxy,,,,
2024-03-20,0.4632,0.069,0,0.5311,price_proxy,,,,
2024-03-21,0.4896,0.0605,0,1.0822,price_proxy,,,,
2024-03-22,0.5261,0.0606,0,0.9642,price_proxy,,,,
2024-03-25,0.4921,0.0639,0,0.8453,price_proxy,,,,
2024-03-26,0.5776,0.0674,0,0.8908,price_proxy,,,,
2024-03-27,0.5724,0.0652,0,0.5869,price_proxy,,,,
2024-03-28,0.4791,0.0677,0,0.824,price_proxy,,,,
2024-03-29,0.4458,0.0646,0,0.5465,price_proxy,,,,
2024-04-01,0.4921,0.0634,0,0.4603,price_proxy,,,,
2024-04-02,0.4072,0.0652,0,1.428,price_proxy,,,,
2024-04-03,0.3655,0.0694,0,1.3283,price_proxy,,,,
2024-04-04,0.4157,0.0704,0,0.8113,price_proxy,,,,
2024-04-05,0.4178,0.0703,0,1.0466,price_proxy,,,,
2024-04-08,0.4549,0.0734,0,1.4507,price_proxy,,,,
2024-04-09,0.4676,0.0739,0,0.5413,price_proxy,,,,
2024-04-11,0.4639,0.0786,0,2.0833,price_proxy,,,,
2024-04-12,0.4037,0.0784,0,1.7049,price_proxy,,,,
2024-04-15,0.4059,0.0784,0,1.0398,price_proxy,,,,
2024-04-16,0.3589,0.0784,0,1.3051,price_proxy,,,,
2024-04-17,0.3462,0.0787,0,1.1884,price_proxy,,,,
2024-04-18,0.4011,0.0789,0,1.0468,price_proxy,,,,
2024-04-19,0.4249,0.0698,0,1.3452,price_proxy,,,,
2024-04-22,0.4913,0.0782,0,1.1958,price_proxy,,,,
2024-04-23,0.5175,0.0769,0,0.8207,price_proxy,,,,
2024-04-24,0.5625,0.0701,0,0.8406,price_proxy,,,,
2024-04-25,0.5267,0.0709,0,0.7856,price_proxy,,,,
2024-04-26,0.5721,0.072,0,0.8091,price_proxy,,,,
2024-04-29,0.5175,0.0724,0,0.7292,price_proxy,,,,
2024-04-30,0.5029,0.0724,0,0.8995,price_proxy,,,,
2024-05-02,0.4971,0.0707,0,1.0522,price_proxy,,,,
2024-05-03,0.5235,0.0661,0,0.9437,price_proxy,,,,
2024-05-07,0.5638,0.0747,0,1.4607,price_proxy,,,,
2024-05-08,0.5462,0.0747,0,0.7842,price_proxy,,,,
2024-05-09,0.5607,0.0718,0,1.1755,price_proxy,,,,
2024-05-10,0.5694,0.071,0,1.1111,price_proxy,,,,
2024-05-13,0.5754,0.0645,0,0.6087,price_proxy,,,,
2024-05-14,0.5534,0.0624,0,1.3791,price_proxy,,,,
2024-05-16,0.6299,0.0688,0,1.9375,price_proxy,,,,
2024-05-17,0.5898,0.0701,0,1.0166,price_proxy,,,,
2024-05-20,0.5726,0.0659,0,0.7482,price_proxy,,,,
2024-05-21,0.5559,0.0673,0,0.3683,price_proxy,,,,
2024-05-22,0.5274,0.0652,0,0.5838,price_proxy,,,,
2024-05-23,0.4231,0.0652,0,0.5563,price_proxy,,,,
2024-05-24,0.4517,0.065,0,0.6462,price_proxy,,,,
2024-05-27,0.473,0.0651,0,0.4649,price_proxy,,,,
2024-05-28,0.4647,0.064,0,0.4938,price_proxy,,,,
2024-05-29,0.4433,0.0637,0,0.7963,price_proxy,,,,
2024-05-30,0.4945,0.0637,0,0.885,price_proxy,,,,
2024-05-31,0.5138,0.0645,0,4.6468,price_proxy,,,,
2024-06-03,0.5355,0.0663,0,0.9611,price_proxy,,,,
2024-06-04,0.5166,0.0713,0,0.8622,price_proxy,,,,
2024-06-05,0.5417,0.0639,0,1.1422,price_proxy,,,,
2024-06-07,0.5553,0.0641,0,1.2155,price_proxy,,,,
2024-06-10,0.5109,0.0651,0,0.4349,price_proxy,,,,
2024-06-11,0.4758,0.065,0,0.6643,price_proxy,,,,
2024-06-12,0.5192,0.065,0,0.7867,price_proxy,,,,
2024-06-13,0.4782,0.0627,0,1.4143,price_proxy,,,,
2024-06-14,0.4596,0.0519,0,0.9959,price_proxy,,,,
2024-06-17,0.4674,0.0509,0,0.4214,price_proxy,,,,
2024-06-18,0.4728,0.051,0,0.6278,price_proxy,,,,
2024-06-19,0.4783,0.0505,0,0.6512,price_proxy,,,,
2024-06-20,0.5083,0.05,0,0.419,price_proxy,,,,
2024-06-21,0.533,0.0464,0,0.8577,price_proxy,,,,
2024-06-24,0.5359,0.0466,0,0.6095,price_proxy,,,,
2024-06-25,0.5523,0.0474,0,0.7145,price_proxy,,,,
2024-06-26,0.544,0.0452,0,0.7011,price_proxy,,,,
2024-06-27,0.4973,0.0504,0,0.9367,price_proxy,,,,
2024-06-28,0.5216,0.0571,0,0.7512,price_proxy,,,,
2024-07-01,0.5027,0.058,0,0.518,price_proxy,,,,
2024-07-02,0.4463,0.0576,0,0.8388,price_proxy,,,,
2024-07-03,0.4624,0.0536,0,0.657,price_proxy,,,,
2024-07-04,0.5055,0.0528,0,1.0011,price_proxy,,,,
2024-07-05,0.4439,0.0516,0,0.9406,price_proxy,,,,
2024-07-08,0.4512,0.0517,0,0.8502,price_proxy,,,,
2024-07-09,0.4945,0.0519,0,0.8257,price_proxy,,,,
2024-07-10,0.4726,0.052,0,0.7201,price_proxy,,,,
2024-07-11,0.5082,0.0548,0,1.1525,price_proxy,,,,
2024-07-12,0.5083,0.0551,0,1.001,price_proxy,,,,
2024-07-15,0.5167,0.0551,0,0.5154,price_proxy,,,,
2024-07-16,0.5194,0.0553,0,0.6127,price_proxy,,,,
2024-07-17,0.5278,0.0553,0,0.8541,price_proxy,,,,
2024-07-18,0.5654,0.0685,0,2.6981,price_proxy,,,,
2024-07-19,0.5329,0.0714,0,0.8914,price_proxy,,,,
2024-07-22,0.5661,0.072,0,1.0592,price_proxy,,,,
2024-07-23,0.5767,0.072,0,0.8277,price_proxy,,,,
2024-07-24,0.5658,0.0723,0,0.7287,price_proxy,,,,
2024-07-25,0.5026,0.0686,0,1.7993,price_proxy,,,,
2024-07-26,0.5836,0.0659,0,1.1481,price_proxy,,,,
2024-07-29,0.5853,0.0644,0,1.0418,price_proxy,,,,
2024-07-30,0.5554,0.0607,0,1.0901,price_proxy,,,,
2024-07-31,0.6141,0.0641,0,1.6833,price_proxy,,,,
2024-08-01,0.5422,0.0726,0,1.5407,price_proxy,,,,
2024-08-02,0.5103,0.0719,0,1.3702,price_proxy,,,,
2024-08-05,0.3951,0.0885,0,1.9341,price_proxy,,,,
2024-08-06,0.3768,0.0898,0,1.9752,price_proxy,,,,
2024-08-07,0.3971,0.0963,0,1.1277,price_proxy,,,,
2024-08-08,0.5258,0.1022,0,1.674,price_proxy,,,,
2024-08-09,0.4614,0.1076,0,1.0226,price_proxy,,,,
2024-08-12,0.5513,0.1074,0,0.6206,price_proxy,,,,
2024-08-13,0.6176,0.1087,0,0.8699,price_proxy,,,,
2024-08-14,0.5265,0.1096,0,0.6602,price_proxy,,,,
2024-08-16,0.4312,0.1028,0,0.7939,price_proxy,,,,
2024-08-19,0.5079,0.1004,0,0.4146,price_proxy,,,,
2024-08-20,0.5368,0.1005,0,0.5942,price_proxy,,,,
2024-08-21,0.5233,0.1006,0,0.7712,price_proxy,,,,
2024-08-22,0.5522,0.1003,0,0.4295,price_proxy,,,,
2024-08-23,0.5897,0.1004,0,0.9317,price_proxy,,,,
2024-08-26,0.5863,0.0989,0,0.5334,price_proxy,,,,
2024-08-27,0.5724,0.0984,0,0.786,price_proxy,,,,
2024-08-28,0.5077,0.1009,0,0.9011,price_proxy,,,,
2024-08-29,0.4847,0.098,0,0.6127,price_proxy,,,,
2024-08-30,0.4495,0.0941,0,1.1608,price_proxy,,,,
2024-09-02,0.4599,0.095,0,0.7366,price_proxy,,,,
2024-09-03,0.505,0.0837,0,1.8467,price_proxy,,,,
2024-09-04,0.5254,0.0829,0,1.7975,price_proxy,,,,
2024-09-05,0.6128,0.0833,0,2.3609,price_proxy,,,,
2024-09-06,0.6347,0.0743,0,1.7806,price_proxy,,,,
2024-09-09,0.6176,0.0652,0,1.8116,price_proxy,,,,
2024-09-10,0.5448,0.066,0,0.9314,price_proxy,,,,
2024-09-11,0.5729,0.064,0,1.1375,price_proxy,,,,
2024-09-12,0.5121,0.0622,0,1.3497,price_proxy,,,,
2024-09-13,0.5413,0.0609,0,0.9654,price_proxy,,,,
2024-09-19,0.5145,0.0624,0,1.0712,price_proxy,,,,
2024-09-20,0.5341,0.0619,0,1.5604,price_proxy,,,,
2024-09-23,0.5048,0.0631,0,0.9166,price_proxy,,,,
2024-09-24,0.4976,0.0631,0,0.5041,price_proxy,,,,
2024-09-25,0.4263,0.0679,0,0.9861,price_proxy,,,,
2024-09-26,0.4904,0.0721,0,1.2436,price_proxy,,,,
2024-09-27,0.4282,0.0791,0,1.2547,price_proxy,,,,
2024-09-30,0.4444,0.0759,0,1.1332,price_proxy,,,,
2024-10-02,0.4203,0.0765,0,0.8741,price_proxy,,,,
2024-10-04,0.5148,0.0799,0,0.6813,price_proxy,,,,
2024-10-07,0.4783,0.0792,0,0.5588,price_proxy,,,,
2024-10-08,0.4926,0.0778,0,0.6196,price_proxy,,,,
2024-10-10,0.505,0.0771,0,0.6732,price_proxy,,,,
2024-10-11,0.5226,0.0669,0,0.6538,price_proxy,,,,
2024-10-14,0.5049,0.0697,0,0.7763,price_proxy,,,,
2024-10-15,0.4976,0.0695,0,0.667,price_proxy,,,,
2024-10-16,0.627,0.0819,0,1.8515,price_proxy,,,,
2024-10-17,0.6241,0.0819,0,0.9406,price_proxy,,,,
2024-10-18,0.6343,0.0818,0,1.4282,price_proxy,,,,
2024-10-21,0.6002,0.0806,0,0.5171,price_proxy,,,,
2024-10-22,0.6463,0.0835,0,1.4183,price_proxy,,,,
2024-10-23,0.5,0.0903,0,0.6031,price_proxy,,,,
2024-10-24,0.5467,0.0928,0,0.831,price_proxy,,,,
2024-10-25,0.5606,0.093,0,1.0142,price_proxy,,,,
2024-10-28,0.5373,0.0901,0,0.6109,price_proxy,,,,
2024-10-29,0.4886,0.0871,0,0.6387,price_proxy,,,,
2024-10-30,0.5773,0.0802,0,1.1023,price_proxy,,,,
2024-10-31,0.5251,0.08,0,1.2134,price_proxy,,,,
2024-11-01,0.5045,0.0782,0,0.9527,price_proxy,,,,
2024-11-04,0.516,0.0753,0,0.6724,price_proxy,,,,
2024-11-05,0.468,0.0808,0,0.5838,price_proxy,,,,
2024-11-06,0.4797,0.0779,0,1.1573,price_proxy,,,,
2024-11-07,0.4324,0.0836,0,1.5482,price_proxy,,,,
2024-11-08,0.3555,0.0957,0,5.8821,price_proxy,,,,
2024-11-11,0.5136,0.1265,0,2.8366,price_proxy,,,,
2024-11-12,0.5209,0.1292,0,0.69,price_proxy,,,,
2024-11-13,0.4408,0.1242,0,0.9289,price_proxy,,,,
2024-11-14,0.4207,0.1293,0,1.3549,price_proxy,,,,
2024-11-15,0.5195,0.1297,0,0.6614,price_proxy,,,,
2024-11-18,0.3829,0.13,0,0.8962,price_proxy,,,,
2024-11-19,0.4195,0.1269,0,1.046,price_proxy,,,,
2024-11-20,0.5329,0.1296,0,1.2819,price_proxy,,,,
2024-11-21,0.6385,0.1278,0,1.0587,price_proxy,,,,
2024-11-22,0.6446,0.128,0,0.7507,price_proxy,,,,
2024-11-25,0.6435,0.1276,0,0.7879,price_proxy,,,,
2024-11-26,0.6796,0.1284,0,1.1094,price_proxy,,,,
2024-11-27,0.6986,0.1362,0,1.156,price_proxy,,,,
2024-11-28,0.7205,0.1381,0,0.9686,price_proxy,,,,
2024-11-29,0.6933,0.1381,0,0.8291,price_proxy,,,,
2024-12-02,0.6875,0.1377,0,0.7104,price_proxy,,,,
2024-12-03,0.6385,0.1346,0,0.5601,price_proxy,,,,
2024-12-04,0.5105,0.1358,0,2.3038,price_proxy,,,,
2024-12-05,0.4529,0.1324,0,0.7562,price_proxy,,,,
2024-12-06,0.3566,0.1367,0,1.0356,price_proxy,,,,
2024-12-09,0.3082,0.1108,0,0.6439,price_proxy,,,,
2024-12-10,0.3027,0.1091,0,0.9192,price_proxy,,,,
2024-12-11,0.3642,0.1077,0,0.9331,price_proxy,,,,
2024-12-12,0.3553,0.1005,0,0.8226,price_proxy,,,,
2024-12-13,0.4801,0.1009,0,0.5737,price_proxy,,,,
2024-12-16,0.5971,0.1063,0,0.5764,price_proxy,,,,
2024-12-17,0.5867,0.1084,0,0.7029,price_proxy,,,,
2024-12-18,0.5538,0.1022,0,0.3632,price_proxy,,,,
2024-12-19,0.5316,0.1036,0,0.7045,price_proxy,,,,
2024-12-20,0.4933,0.1032,0,0.4025,price_proxy,,,,
2024-12-23,0.4677,0.1056,0,0.3198,price_proxy,,,,
2024-12-24,0.5153,0.1047,0,0.3573,price_proxy,,,,
2024-12-26,0.4869,0.0926,0,0.3297,price_proxy,,,,
2024-12-27,0.5022,0.0873,0,0.542,price_proxy,,,,
2024-12-30,0.462,0.0902,0,0.4634,price_proxy,,,,
2025-01-02,0.4234,0.09,0,0.2281,price_proxy,,,,
2025-01-03,0.4306,0.0919,0,0.3435,price_proxy,,,,
2025-01-06,0.4429,0.091,0,0.5105,price_proxy,,,,
2025-01-07,0.4489,0.0911,0,0.6618,price_proxy,,,,
2025-01-08,0.4977,0.075,0,0.4826,price_proxy,,,,
2025-01-09,0.5478,0.0773,0,1.4674,price_proxy,,,,
2025-01-10,0.4865,0.079,0,0.8593,price_proxy,,,,
2025-01-13,0.509,0.0769,0,0.8306,price_proxy,,,,
2025-01-14,0.5023,0.0774,0,0.7055,price_proxy,,,,
2025-01-15,0.5274,0.077,0,0.8677,price_proxy,,,,
2025-01-16,0.4933,0.067,0,0.8254,price_proxy,,,,
2025-01-17,0.5792,0.0706,0,1.2436,price_proxy,,,,
2025-01-20,0.5743,0.0707,0,0.8766,price_proxy,,,,
2025-01-21,0.5957,0.0675,0,0.9749,price_proxy,,,,
2025-01-22,0.5518,0.0681,0,1.5979,price_proxy,,,,
2025-01-23,0.5357,0.0639,0,0.646,price_proxy,,,,
2025-01-24,0.5457,0.0707,0,0.994,price_proxy,,,,
2025-01-31,0.5847,0.0719,0,1.7506,price_proxy,,,,
2025-02-03,0.5391,0.0757,0,1.0264,price_proxy,,,,
2025-02-04,0.5505,0.0695,0,1.5602,price_proxy,,,,
2025-02-05,0.535,0.0701,0,1.1131,price_proxy,,,,
2025-02-06,0.4596,0.0703,0,1.6046,price_proxy,,,,
2025-02-07,0.3896,0.072,0,1.1063,price_proxy,,,,
2025-02-10,0.4552,0.0719,0,0.6607,price_proxy,,,,
2025-02-11,0.47,0.0718,0,1.5433,price_proxy,,,,
2025-02-12,0.444,0.0695,0,1.2283,price_proxy,,,,
2025-02-13,0.4631,0.0665,0,1.4942,price_proxy,,,,
2025-02-14,0.5706,0.0775,0,1.3329,price_proxy,,,,
2025-02-17,0.5414,0.0762,0,1.2538,price_proxy,,,,
2025-02-18,0.5239,0.0762,0,0.8167,price_proxy,,,,
2025-02-19,0.5731,0.0758,0,1.0407,price_proxy,,,,
2025-02-20,0.6084,0.0739,0,1.6935,price_proxy,,,,
2025-02-21,0.5106,0.0748,0,1.0105,price_proxy,,,,
2025-02-24,0.5513,0.0766,0,1.0824,price_proxy,,,,
2025-02-25,0.5537,0.0757,0,0.7883,price_proxy,,,,
2025-02-26,0.5534,0.0758,0,1.5337,price_proxy,,,,
2025-02-27,0.5,0.0703,0,1.3169,price_proxy,,,,
2025-02-28,0.4915,0.068,0,0.9254,price_proxy,,,,
2025-03-04,0.4875,0.0653,0,0.7512,price_proxy,,,,
2025-03-05,0.4833,0.0656,0,0.7833,price_proxy,,,,
2025-03-06,0.5187,0.0693,0,1.0795,price_proxy,,,,
2025-03-07,0.5168,0.0694,0,0.5195,price_proxy,,,,
2025-03-10,0.5532,0.0666,0,0.6761,price_proxy,,,,
2025-03-11,0.4937,0.0685,0,0.6112,price_proxy,,,,
2025-03-12,0.5612,0.0737,0,0.661,price_proxy,,,,
2025-03-13,0.4959,0.071,0,1.3315,price_proxy,,,,
2025-03-14,0.5437,0.0719,0,0.9282,price_proxy,,,,
2025-03-17,0.5642,0.062,0,0.641,price_proxy,,,,
2025-03-18,0.582,0.0624,0,0.5606,price_proxy,,,,
2025-03-19,0.5757,0.0656,0,0.9469,price_proxy,,,,
2025-03-20,0.595,0.0658,0,0.7667,price_proxy,,,,
2025-03-21,0.5265,0.068,0,0.6104,price_proxy,,,,
2025-03-24,0.492,0.0671,0,0.5196,price_proxy,,,,
2025-03-25,0.5202,0.0654,0,0.3736,price_proxy,,,,
2025-03-26,0.4645,0.0654,0,0.4942,price_proxy,,,,
2025-03-27,0.4665,0.0653,0,0.6338,price_proxy,,,,
2025-03-28,0.504,0.0644,0,0.51,price_proxy,,,,
2025-03-31,0.5,0.0625,0,0.7987,price_proxy,,,,
2025-04-01,0.448,0.0647,0,0.9077,price_proxy,,,,
2025-04-02,0.4378,0.0651,0,1.0358,price_proxy,,,,
2025-04-03,0.4539,0.0611,0,1.0478,price_proxy,,,,
2025-04-04,0.4779,0.0614,0,1.6541,price_proxy,,,,
2025-04-07,0.4496,0.065,0,1.2481,price_proxy,,,,
2025-04-08,0.4487,0.0663,0,1.7816,price_proxy,,,,
2025-04-09,0.4212,0.0632,0,1.5212,price_proxy,,,,
2025-04-10,0.4795,0.077,0,2.0558,price_proxy,,,,
2025-04-11,0.4209,0.0773,0,0.9007,price_proxy,,,,
2025-04-14,0.4566,0.0753,0,0.5815,price_proxy,,,,
2025-04-15,0.5084,0.0759,0,0.4138,price_proxy,,,,
2025-04-16,0.5906,0.0732,0,1.1016,price_proxy,,,,
2025-04-17,0.5353,0.0748,0,0.6791,price_proxy,,,,
2025-04-18,0.5781,0.0724,0,0.4572,price_proxy,,,,
2025-04-21,0.5973,0.0729,0,0.352,price_proxy,,,,
2025-04-22,0.5672,0.0727,0,0.9473,price_proxy,,,,
2025-04-23,0.5516,0.0733,0,0.9268,price_proxy,,,,
2025-04-24,0.5041,0.0742,0,0.8511,price_proxy,,,,
2025-04-25,0.5407,0.0778,0,0.8609,price_proxy,,,,
2025-04-28,0.5605,0.0797,0,1.3369,price_proxy,,,,
2025-04-29,0.5954,0.0769,0,1.208,price_proxy,,,,
2025-04-30,0.5845,0.0757,0,1.2838,price_proxy,,,,
2025-05-02,0.677,0.0816,0,1.4937,price_proxy,,,,
2025-05-07,0.5717,0.0882,0,3.0416,price_proxy,,,,
2025-05-08,0.4883,0.0894,0,1.5706,price_proxy,,,,
2025-05-09,0.4961,0.0869,0,1.4019,price_proxy,,,,
2025-05-12,0.4614,0.0838,0,1.0555,price_proxy,,,,
2025-05-13,0.4065,0.0741,0,1.2604,price_proxy,,,,
2025-05-14,0.4731,0.0705,0,0.6572,price_proxy,,,,
2025-05-15,0.5079,0.071,0,0.4877,price_proxy,,,,
2025-05-16,0.4961,0.0711,0,0.4799,price_proxy,,,,
2025-05-19,0.5472,0.0702,0,0.473,price_proxy,,,,
2025-05-20,0.5353,0.0697,0,0.4314,price_proxy,,,,
2025-05-21,0.5,0.0714,0,1.1181,price_proxy,,,,
2025-05-22,0.4882,0.0725,0,0.6416,price_proxy,,,,
2025-05-23,0.4455,0.0738,0,0.6482,price_proxy,,,,
2025-05-26,0.4885,0.0814,0,0.5984,price_proxy,,,,
2025-05-27,0.4769,0.0808,0,0.5702,price_proxy,,,,
2025-05-28,0.4805,0.0788,0,0.7576,price_proxy,,,,
2025-05-29,0.5118,0.0766,0,0.6451,price_proxy,,,,
2025-05-30,0.532,0.0759,0,1.0623,price_proxy,,,,
2025-06-02,0.411,0.0808,0,1.0524,price_proxy,,,,
2025-06-04,0.4435,0.0721,0,1.168,price_proxy,,,,
2025-06-05,0.4803,0.0677,0,1.3254,price_proxy,,,,
2025-06-09,0.4843,0.0637,0,1.3649,price_proxy,,,,
2025-06-10,0.5039,0.0622,0,1.1949,price_proxy,,,,
2025-06-11,0.5891,0.0621,0,1.1975,price_proxy,,,,
2025-06-12,0.5782,0.0621,0,1.7962,price_proxy,,,,
2025-06-13,0.5517,0.062,0,1.4803,price_proxy,,,,
2025-06-16,0.5988,0.0686,0,1.2045,price_proxy,,,,
2025-06-17,0.5825,0.0684,0,1.5541,price_proxy,,,,
2025-06-18,0.531,0.0688,0,0.6412,price_proxy,,,,
2025-06-19,0.5039,0.0695,0,0.6943,price_proxy,,,,
2025-06-20,0.5078,0.0684,0,0.7093,price_proxy,,,,
2025-06-23,0.4209,0.0693,0,1.1393,price_proxy,,,,
2025-06-24,0.466,0.0708,0,1.5145,price_proxy,,,,
2025-06-25,0.5,0.0615,0,1.0554,price_proxy,,,,
2025-06-26,0.5193,0.0608,0,0.6791,price_proxy,,,,
2025-06-27,0.6004,0.071,0,2.0068,price_proxy,,,,
2025-06-30,0.6843,0.0742,0,1.9175,price_proxy,,,,
2025-07-01,0.6996,0.0778,0,1.0337,price_proxy,,,,
2025-07-02,0.6679,0.0704,0,0.7653,price_proxy,,,,
2025-07-03,0.6565,0.0715,0,0.717,price_proxy,,,,
2025-07-04,0.6213,0.0732,0,1.2048,price_proxy,,,,
2025-07-07,0.5503,0.0755,0,0.7715,price_proxy,,,,
2025-07-08,0.4616,0.079,0,0.9774,price_proxy,,,,
2025-07-09,0.4577,0.0801,0,0.7661,price_proxy,,,,
2025-07-10,0.4894,0.0804,0,1.2594,price_proxy,,,,
2025-07-11,0.5139,0.0857,0,0.8325,price_proxy,,,,
2025-07-14,0.5245,0.0825,0,1.2739,price_proxy,,,,
2025-07-15,0.5783,0.0824,0,1.0292,price_proxy,,,,
2025-07-16,0.5863,0.0815,0,0.6674,price_proxy,,,,
2025-07-17,0.5569,0.0804,0,0.856,price_proxy,,,,
2025-07-18,0.469,0.0818,0,0.4788,price_proxy,,,,
2025-07-21,0.4585,0.0805,0,0.5199,price_proxy,,,,
2025-07-22,0.4623,0.0789,0,0.6895,price_proxy,,,,
2025-07-23,0.4448,0.0818,0,0.589,price_proxy,,,,
2025-07-24,0.4516,0.0818,0,0.4897,price_proxy,,,,
2025-07-25,0.4545,0.0732,0,0.4347,price_proxy,,,,
2025-07-28,0.4541,0.0698,0,0.6516,price_proxy,,,,
2025-07-29,0.4058,0.0629,0,0.8768,price_proxy,,,,
2025-07-30,0.4362,0.0625,0,0.6012,price_proxy,,,,
2025-07-31,0.4574,0.0639,0,0.7729,price_proxy,,,,
2025-08-01,0.432,0.0623,0,0.7441,price_proxy,,,,
2025-08-04,0.4638,0.0624,0,1.421,price_proxy,,,,
2025-08-05,0.5073,0.0617,0,1.0533,price_proxy,,,,
2025-08-06,0.4927,0.0612,0,1.1166,price_proxy,,,,
2025-08-07,0.4674,0.0598,0,1.3632,price_proxy,,,,
2025-08-08,0.4889,0.0455,0,0.8154,price_proxy,,,,
2025-08-11,0.4926,0.047,0,1.776,price_proxy,,,,
2025-08-12,0.5073,0.0496,0,1.3375,price_proxy,,,,
2025-08-13,0.489,0.0515,0,0.8664,price_proxy,,,,
2025-08-14,0.5516,0.0622,0,0.9634,price_proxy,,,,
2025-08-18,0.5596,0.0618,0,0.5347,price_proxy,,,,
2025-08-19,0.5481,0.0611,0,1.1647,price_proxy,,,,
2025-08-20,0.5255,0.0597,0,1.2005,price_proxy,,,,
2025-08-21,0.5481,0.0577,0,0.8953,price_proxy,,,,
2025-08-22,0.4749,0.0581,0,0.6545,price_proxy,,,,
2025-08-25,0.4928,0.0576,0,0.5724,price_proxy,,,,
2025-08-26,0.4892,0.0564,0,1.2447,price_proxy,,,,
2025-08-27,0.4461,0.0575,0,0.7292,price_proxy,,,,
2025-08-28,0.4495,0.0576,0,0.3984,price_proxy,,,,
2025-08-29,0.4673,0.0563,0,0.7616,price_proxy,,,,
2025-09-01,0.4347,0.0537,0,0.7167,price_proxy,,,,
2025-09-02,0.3911,0.058,0,1.0245,price_proxy,,,,
2025-09-03,0.4299,0.057,0,0.6677,price_proxy,,,,
2025-09-04,0.4593,0.0585,0,0.6725,price_proxy,,,,
2025-09-05,0.4778,0.06,0,0.4862,price_proxy,,,,
2025-09-08,0.4925,0.0594,0,0.8006,price_proxy,,,,
2025-09-09,0.4885,0.0638,0,1.6376,price_proxy,,,,
2025-09-10,0.4541,0.0613,0,2.8567,price_proxy,,,,
2025-09-11,0.4735,0.065,0,2.0177,price_proxy,,,,
2025-09-12,0.4178,0.0568,0,2.4057,price_proxy,,,,
2025-09-15,0.4473,0.058,0,1.0603,price_proxy,,,,
2025-09-16,0.4807,0.0579,0,1.3241,price_proxy,,,,
2025-09-17,0.4961,0.057,0,0.9695,price_proxy,,,,
2025-09-18,0.4693,0.0585,0,0.6392,price_proxy,,,,
2025-09-19,0.4805,0.059,0,2.1716,price_proxy,,,,
2025-09-22,0.4226,0.0615,0,1.0464,price_proxy,,,,
2025-09-23,0.4435,0.0618,0,0.8935,price_proxy,,,,
2025-09-24,0.4922,0.0654,0,0.7763,price_proxy,,,,
2025-09-25,0.4922,0.0664,0,0.7495,price_proxy,,,,
2025-09-26,0.5118,0.0662,0,0.6014,price_proxy,,,,
2025-09-29,0.5322,0.0657,0,0.4131,price_proxy,,,,
2025-09-30,0.5261,0.0618,0,0.4654,price_proxy,,,,
2025-10-01,0.4882,0.0616,0,0.2147,price_proxy,,,,
2025-10-02,0.5,0.0622,0,1.4433,price_proxy,,,,
2025-10-10,0.4511,0.0657,0,1.1367,price_proxy,,,,
2025-10-13,0.4743,0.0656,0,0.6864,price_proxy,,,,
2025-10-14,0.4248,0.0659,0,2.1183,price_proxy,,,,
2025-10-15,0.4545,0.0676,0,1.0531,price_proxy,,,,
2025-10-16,0.4531,0.0647,0,0.6447,price_proxy,,,,
2025-10-17,0.504,0.0625,0,0.7604,price_proxy,,,,
2025-10-20,0.5261,0.0631,0,0.6454,price_proxy,,,,
2025-10-21,0.5782,0.0627,0,0.8951,price_proxy,,,,
2025-10-22,0.5507,0.0625,0,0.7422,price_proxy,,,,
2025-10-23,0.492,0.0638,0,0.8684,price_proxy,,,,
2025-10-24,0.488,0.0628,0,1.1182,price_proxy,,,,
2025-10-27,0.4683,0.0585,0,0.8105,price_proxy,,,,
2025-10-28,0.4683,0.0584,0,0.5978,price_proxy,,,,
2025-10-29,0.4664,0.0544,0,1.2866,price_proxy,,,,
2025-10-30,0.4819,0.0539,0,1.0316,price_proxy,,,,
2025-10-31,0.4799,0.054,0,0.9913,price_proxy,,,,
2025-11-03,0.4799,0.0529,0,0.9347,price_proxy,,,,
2025-11-04,0.4477,0.0552,0,1.0419,price_proxy,,,,
2025-11-05,0.4477,0.0553,0,1.7664,price_proxy,,,,
2025-11-06,0.5,0.0571,0,1.7014,price_proxy,,,,
2025-11-07,0.4634,0.0551,0,0.6944,price_proxy,,,,
2025-11-10,0.4797,0.0563,0,0.9587,price_proxy,,,,
2025-11-11,0.5372,0.0512,0,1.1238,price_proxy,,,,
2025-11-12,0.5413,0.0486,0,0.9167,price_proxy,,,,
2025-11-13,0.5547,0.0539,0,1.2163,price_proxy,,,,
2025-11-14,0.5767,0.0555,0,0.7643,price_proxy,,,,
2025-11-17,0.5493,0.0543,0,0.6227,price_proxy,,,,
2025-11-18,0.4959,0.0562,0,0.6472,price_proxy,,,,
2025-11-19,0.5061,0.0569,0,0.7476,price_proxy,,,,
2025-11-20,0.4448,0.0548,0,0.7594,price_proxy,,,,
2025-11-21,0.492,0.0563,0,1.0551,price_proxy,,,,
2025-11-24,0.508,0.0565,0,1.0716,price_proxy,,,,
2025-11-25,0.5264,0.0568,0,0.5563,price_proxy,,,,
2025-11-26,0.5242,0.0572,0,0.6592,price_proxy,,,,
2025-11-27,0.5446,0.0565,0,0.3334,price_proxy,,,,
2025-11-28,0.52,0.0562,0,0.4487,price_proxy,,,,
2025-12-01,0.512,0.0562,0,0.3786,price_proxy,,,,
2025-12-02,0.5301,0.0528,0,1.0163,price_proxy,,,,
2025-12-03,0.6116,0.0712,0,2.4127,price_proxy,,,,
2025-12-04,0.6071,0.0695,0,1.0687,price_proxy,,,,
2025-12-05,0.6071,0.0633,0,1.8246,price_proxy,,,,
2025-12-08,0.5437,0.0731,0,2.2006,price_proxy,,,,
2025-12-09,0.5395,0.0724,0,0.5886,price_proxy,,,,
2025-12-10,0.4547,0.0724,0,0.5827,price_proxy,,,,
2025-12-11,0.4322,0.0687,0,2.3245,price_proxy,,,,
2025-12-12,0.4812,0.0719,0,2.1197,price_proxy,,,,
2025-12-15,0.5505,0.0716,0,0.7815,price_proxy,,,,
2025-12-16,0.6008,0.0731,0,2.8132,price_proxy,,,,
2025-12-17,0.5811,0.0738,0,0.8356,price_proxy,,,,
2025-12-18,0.5663,0.0764,0,0.5611,price_proxy,,,,
2025-12-19,0.5456,0.0769,0,0.4549,price_proxy,,,,
2025-12-22,0.5114,0.0789,0,0.7886,price_proxy,,,,
2025-12-23,0.4594,0.0785,0,0.53,price_proxy,,,,
2025-12-24,0.4814,0.0784,0,0.6027,price_proxy,,,,
2025-12-26,0.5151,0.0785,0,0.6201,price_proxy,,,,
2025-12-29,0.4703,0.0792,0,0.5707,price_proxy,,,,
2025-12-30,0.4812,0.0799,0,0.5447,price_proxy,,,,
2026-01-02,0.4322,0.0849,0,0.7819,price_proxy,,,,
2026-01-05,0.4326,0.0675,0,1.0063,price_proxy,,,,
2026-01-06,0.4775,0.0723,0,1.155,price_proxy,,,,
2026-01-07,0.4774,0.0727,0,0.846,price_proxy,,,,
2026-01-08,0.4582,0.0676,0,1.3436,price_proxy,,,,
2026-01-09,0.5273,0.0684,0,0.6546,price_proxy,,,,
2026-01-12,0.5039,0.0686,0,0.9985,price_proxy,,,,
2026-01-13,0.5038,0.0719,0,1.5091,price_proxy,,,,
2026-01-14,0.5229,0.0668,0,0.7794,price_proxy,,,,
2026-01-15,0.5699,0.067,0,0.7489,price_proxy,,,,
2026-01-16,0.5731,0.0617,0,1.357,price_proxy,,,,
2026-01-19,0.5735,0.0617,0,2.4556,price_proxy,,,,
2026-01-20,0.587,0.0665,0,1.9904,price_proxy,,,,
2026-01-21,0.5868,0.065,0,1.1735,price_proxy,,,,
2026-01-22,0.56,0.0637,0,1.1864,price_proxy,,,,
2026-01-23,0.5111,0.0655,0,1.563,price_proxy,,,,
2026-01-26,0.5299,0.0654,0,0.8207,price_proxy,,,,
2026-01-27,0.529,0.072,0,1.4999,price_proxy,,,,
2026-01-28,0.5217,0.0713,0,1.067,price_proxy,,,,
2026-01-29,0.5437,0.0703,0,0.9754,price_proxy,,,,
2026-01-30,0.5996,0.0638,0,0.9834,price_proxy,,,,
2026-02-02,0.5294,0.0739,0,0.9671,price_proxy,,,,
2026-02-03,0.5179,0.074,0,0.7158,price_proxy,,,,
2026-02-04,0.5465,0.0735,0,0.706,price_proxy,,,,
2026-02-05,0.5,0.0742,0,1.0079,price_proxy,,,,
2026-02-06,0.4789,0.074,0,1.3523,price_proxy,,,,
2026-02-09,0.6486,0.0895,0,1.3022,price_proxy,,,,
2026-02-10,0.6487,0.0896,0,1.0217,price_proxy,,,,
2026-02-11,0.6923,0.0935,0,1.4543,price_proxy,,,,
2026-02-12,0.7923,0.0951,0,1.1924,price_proxy,,,,
2026-02-13,0.7913,0.0953,0,1.1128,price_proxy,,,,
2026-02-19,0.7226,0.0947,0,0.867,price_proxy,,,,
2026-02-20,0.7702,0.0998,0,1.1949,price_proxy,,,,
2026-02-23,0.6595,0.1039,0,1.7889,price_proxy,,,,
2026-02-24,0.5435,0.1109,0,1.1569,price_proxy,,,,
2026-02-25,0.531,0.1091,0,0.8872,price_proxy,,,,
2026-02-26,0.4605,0.1118,0,1.6871,price_proxy,,,,
2026-02-27,0.352,0.1115,0,0.7771,price_proxy,,,,
2026-03-03,0.3612,0.113,0,0.9651,price_proxy,,,,
2026-03-04,0.1712,0.1824,0,1.6822,price_proxy,,,,
2026-03-05,0.2649,0.1904,0,0.8399,price_proxy,,,,
2026-03-06,0.3266,0.1881,0,0.7546,price_proxy,,,,
2026-03-09,0.3652,0.1869,0,0.6986,price_proxy,,,,
2026-03-10,0.4302,0.1877,0,0.4347,price_proxy,,,,
2026-03-11,0.6821,0.1871,0,0.5613,price_proxy,,,,
2026-03-12,0.628,0.1887,0,0.6784,price_proxy,,,,
2026-03-13,0.5203,0.1843,0,2.0997,price_proxy,,,,
2026-03-16,0.4798,0.183,0,0.429,price_proxy,,,,
2026-03-17,0.4737,0.1805,0,0.4215,price_proxy,,,,
2026-03-18,0.5167,0.1783,0,0.5572,price_proxy,,,,
2026-03-19,0.4285,0.1789,0,0.4406,price_proxy,,,,
2026-03-20,0.5369,0.1792,0,0.4165,price_proxy,,,,
2026-03-22,0.0038955223880597,0.0318862249769956,67,,,1.0,0.0,1.0,0.0164371867321039
2026-03-23,0.0086190476190476,0.0741629418334517,105,,,3.0,1.0,0.75,0.0401944036206802
2026-03-24,0.0258962264150943,0.1159589360194689,106,,,10.0,1.0,0.9090909090909092,0.1210086334962069
2026-03-25,0.0138666666666666,0.0789594121308216,90,,,4.0,0.0,1.0,0.0625505851570336
2026-03-26,0.0142427184466019,0.0896511174672454,103,,,6.0,1.0,0.8571428571428571,0.066148751932431
2026-03-27,0.0,0.0,41,,,0.0,0.0,0.5,0.0
2026-03-29,0.0090588235294117,0.1200793757086879,51,,,3.0,1.0,0.75,0.0357936195683258
2026-03-30,0.0111296296296296,0.0867179435336347,108,,,5.0,1.0,0.8333333333333334,0.0522129643929577
2026-03-31,0.0043513513513513,0.0374317396755098,74,,,1.0,0.0,1.0,0.0187869077372796
2026-04-01,-0.0037777777777777,0.0392598183048945,108,,,0.0,1.0,0.0,-0.01772286977731
2026-04-02,0.0176666666666666,0.079588097766704,99,,,8.0,2.0,0.8,0.0813580066191229
2026-04-03,0.0167592592592592,0.1006415746547066,108,,,8.0,2.0,0.8,0.078623515433655
2026-04-05,0.004078125,0.032625,64,,,1.0,0.0,1.0,0.0170236730850431
2026-04-06,0.0058076923076923,0.0980605199421351,104,,,6.0,3.0,0.6666666666666666,0.0270287697259148
2026-04-07,0.0222625,0.086881811726395,80,,,8.0,1.0,0.8888888888888888,0.0978314243058951
2026-04-08,0.0118971962616822,0.0847818437508924,107,,,6.0,2.0,0.75,0.0557042341320479
2026-04-09,0.0112758620689655,0.0728012883554054,116,,,6.0,1.0,0.8571428571428571,0.0536976164372022
2026-04-10,0.0182441860465116,0.0883674062944705,86,,,7.0,1.0,0.875,0.0814768585833609
2026-04-11,0.0342941176470588,0.0959202728948795,34,,,4.0,0.0,1.0,0.1219275246969604
2026-04-12,0.0283098591549295,0.0867371384536216,71,,,7.0,0.0,1.0,0.1210718154820038
2026-04-13,0.00644,0.0849785855377694,100,,,4.0,1.0,0.8,0.0297213761284577
2026-04-14,-0.0018679245283018,0.0733447275310487,106,,,2.0,2.0,0.5,-0.0087284915964477
2026-04-15,0.0037087378640776,0.0779666382987434,103,,,2.0,1.0,0.6666666666666666,0.0172248283832233
2026-04-16,0.0058888888888888,0.0414497209288478,99,,,2.0,0.0,1.0,0.0271193355397076
2026-04-17,0.0126796116504854,0.0654404704175875,103,,,4.0,0.0,1.0,0.0588890729541614
2026-04-18,0.0126283185840707,0.0592897236775036,113,,,5.0,0.0,1.0,0.0598102228837074
2026-04-19,-0.020076923076923,0.0723883756073924,13,,,0.0,1.0,0.0,-0.0529841510022755
2026-04-20,0.0294027777777777,0.1255760428082783,72,,,9.0,2.0,0.8181818181818182,0.1261514255126547
2026-04-21,0.0030377358490566,0.0312754047679039,106,,,1.0,0.0,1.0,0.0141948196669503
2026-04-22,-0.0024181818181818,0.0731157661706347,110,,,3.0,3.0,0.5,-0.0113885003049916
2026-04-23,0.0168558558558558,0.0710315994785991,111,,,6.0,0.0,1.0,0.0795343368305686
2026-04-24,-0.0121818181818181,0.1320786826444408,33,,,2.0,2.0,0.5,-0.042957482754415
2026-04-26,0.002985294117647,0.0686325915023621,68,,,2.0,1.0,0.6666666666666666,0.0126400532416653
2026-04-27,0.0147,0.0922216979513699,90,,,6.0,1.0,0.8571428571428571,0.0663096347457977
2026-04-28,-0.0020588235294117,0.0687673738921888,68,,,1.0,1.0,0.5,-0.0087172780977002
2026-04-29,0.0021932773109243,0.0239258307724363,119,,,1.0,0.0,1.0,0.0105002970156816
2026-04-30,0.0032525252525252,0.0323622176513466,99,,,1.0,0.0,1.0,0.0149784323221026
2026-05-01,0.0,0.0,38,,,0.0,0.0,0.5,0.0
2026-05-03,0.0084736842105263,0.051885893698695,76,,,2.0,0.0,1.0,0.0368080354167601
2026-05-04,0.0,0.0,23,,,0.0,0.0,0.5,0.0
2026-05-05,0.0149090909090909,0.0717919488249477,66,,,3.0,0.0,1.0,0.0626881445072834
2026-05-06,0.0059318181818181,0.0391204433884521,88,,,2.0,0.0,1.0,0.0266257748295474
2026-05-07,0.0226697247706422,0.0762669598680591,109,,,9.0,0.0,1.0,0.1065585961823216
2026-05-08,0.0683636363636363,0.1739590142429061,33,,,10.0,1.0,0.9090909090909092,0.2410748285919412
2026-05-10,0.0088219178082191,0.0529264013265783,73,,,2.0,0.0,1.0,0.0379701084934724
2026-05-11,0.0323809523809523,0.1183493346762668,105,,,13.0,1.0,0.9285714285714286,0.1510065992379145
2026-05-12,0.0067926829268292,0.0986235814093008,82,,,5.0,2.0,0.7142857142857143,0.0300157831529598
2026-05-13,0.0233131313131313,0.1311699821360215,99,,,10.0,3.0,0.7692307692307693,0.1073609372652577
2026-05-14,0.0121441441441441,0.0824649619091038,111,,,6.0,1.0,0.8571428571428571,0.057302130436989
2026-05-15,0.0333103448275862,0.0997987630356623,29,,,3.0,0.0,1.0,0.1132950576098497
2026-05-17,0.005551724137931,0.0422806713808306,58,,,1.0,0.0,1.0,0.0226373630506489
2026-05-18,0.0107,0.0586266898608896,90,,,3.0,0.0,1.0,0.0482661967197303
2026-05-19,0.0069823008849557,0.0987831302743617,113,,,6.0,2.0,0.75,0.0330695626175509
2026-05-20,0.0173272727272727,0.1103837434091067,110,,,8.0,1.0,0.8888888888888888,0.0816033142154664
2026-05-21,0.0491354166666666,0.1331940112287072,96,,,20.0,1.0,0.9523809523809524,0.2247803300583381
2026-05-22,0.0194333333333333,0.0743883951522906,30,,,2.0,0.0,1.0,0.0667338180071613
2026-05-24,0.014395061728395,0.0639164843785125,81,,,4.0,0.0,1.0,0.0634349955840755
2026-05-25,0.0282631578947368,0.1231962490884916,19,,,2.0,0.0,1.0,0.0846688542578154
2026-05-26,0.4018,0.0914,0,1.7433,price_proxy,,,,
2026-05-27,0.4004,0.0918,0,1.2702,price_proxy,,,,
2026-05-28,0.3602,0.0944,0,1.3749,price_proxy,,,,
2026-05-29,0.3959,0.0981,0,1.0833,price_proxy,,,,
2026-06-01,0.4068,0.0993,0,0.8484,price_proxy,,,,
2026-06-02,0.4889,0.1005,0,0.9887,price_proxy,,,,
2026-06-04,0.5412,0.1021,0,0.9611,price_proxy,,,,
2026-06-05,0.5809,0.0968,0,1.2773,price_proxy,,,,
2026-06-08,0.5417,0.094,0,0.646,price_proxy,,,,
2026-06-09,0.5226,0.0941,0,0.6537,price_proxy,,,,
2026-06-10,0.5742,0.1047,0,0.7742,price_proxy,,,,
2026-06-11,0.7018,0.1305,0,1.6667,price_proxy,,,,
2026-06-12,0.5296,0.1598,0,1.3997,price_proxy,,,,
2026-06-15,0.5557,0.1537,0,1.102,price_proxy,,,,
2026-06-16,0.6041,0.1485,0,0.9799,price_proxy,,,,
2026-06-17,0.4785,0.1474,0,0.5235,price_proxy,,,,
2026-06-18,0.2833,0.1506,0,0.5425,price_proxy,,,,
2026-06-19,0.4453,0.1505,0,0.7685,price_proxy,,,,
2026-06-22,0.3881,0.1515,0,0.4617,price_proxy,,,,
2026-06-23,0.3516,0.1515,0,0.7854,price_proxy,,,,
2026-06-24,0.3698,0.1493,0,0.7775,price_proxy,,,,
2026-06-25,0.4439,0.1488,0,0.6025,price_proxy,,,,
2026-06-26,0.4587,0.1457,0,0.6482,price_proxy,,,,
2026-06-29,0.5153,0.1449,0,0.6527,price_proxy,,,,
2026-06-30,0.5191,0.1447,0,0.5623,price_proxy,,,,
2026-07-01,0.5774,0.1449,0,0.5895,price_proxy,,,,
2026-07-02,0.5885,0.1449,0,0.7635,price_proxy,,,,
2026-07-03,0.5575,0.1451,0,0.9327,price_proxy,,,,
2026-07-06,0.5683,0.1459,0,0.6129,price_proxy,,,,
2026-07-07,0.5983,0.147,0,0.7395,price_proxy,,,,
2026-07-08,0.5633,0.1411,0,0.7345,price_proxy,,,,
2026-07-09,0.6363,0.1269,0,2.1811,price_proxy,,,,
2026-07-10,0.5186,0.111,0,1.4672,price_proxy,,,,
2026-07-13,0.4339,0.1139,0,2.3619,price_proxy,,,,
2026-07-14,0.3595,0.1123,0,1.1254,price_proxy,,,,
2026-07-15,0.3773,0.111,0,0.7991,price_proxy,,,,
2026-07-16,0.3069,0.1063,0,0.6501,price_proxy,,,,
2026-07-20,0.4742,0.1087,0,1.0177,price_proxy,,,,
2026-07-21,0.5,0.108,0,0.7168,price_proxy,,,,
2026-07-22,0.5271,0.1083,0,1.5156,price_proxy,,,,
2026-07-23,0.5269,0.1075,0,0.9914,price_proxy,,,,
