date,news_sentiment_mean,news_sentiment_std,news_count,volume_ratio,source,news_positive_total,news_negative_total,news_pos_ratio,news_intensity
2016-06-24,0.459,0.0819,0,1.1697,price_proxy,,,,
2016-06-27,0.4432,0.0834,0,0.8331,price_proxy,,,,
2016-06-28,0.5239,0.0862,0,0.8509,price_proxy,,,,
2016-06-29,0.5304,0.0879,0,0.5872,price_proxy,,,,
2016-06-30,0.565,0.0774,0,0.7392,price_proxy,,,,
2016-07-01,0.5697,0.0787,0,0.6353,price_proxy,,,,
2016-07-04,0.5275,0.0788,0,0.944,price_proxy,,,,
2016-07-05,0.4933,0.0788,0,0.5623,price_proxy,,,,
2016-07-06,0.4667,0.0782,0,1.01,price_proxy,,,,
2016-07-07,0.4536,0.0777,0,0.5153,price_proxy,,,,
2016-07-08,0.5067,0.0753,0,0.9564,price_proxy,,,,
2016-07-11,0.5441,0.0694,0,0.5827,price_proxy,,,,
2016-07-12,0.5169,0.0699,0,0.8093,price_proxy,,,,
2016-07-13,0.5169,0.0602,0,1.287,price_proxy,,,,
2016-07-14,0.5203,0.06,0,1.17,price_proxy,,,,
2016-07-15,0.5235,0.0607,0,1.2419,price_proxy,,,,
2016-07-18,0.5033,0.0562,0,0.7464,price_proxy,,,,
2016-07-19,0.5302,0.0504,0,0.8867,price_proxy,,,,
2016-07-20,0.5268,0.0496,0,0.612,price_proxy,,,,
2016-07-21,0.5537,0.049,0,0.9999,price_proxy,,,,
2016-07-22,0.5232,0.0435,0,0.5939,price_proxy,,,,
2016-07-25,0.5364,0.0423,0,1.0108,price_proxy,,,,
2016-07-26,0.5595,0.04,0,1.2032,price_proxy,,,,
2016-07-27,0.5464,0.0395,0,0.8844,price_proxy,,,,
2016-07-28,0.5131,0.0396,0,1.0708,price_proxy,,,,
2016-07-29,0.5098,0.0351,0,1.0151,price_proxy,,,,
2016-08-01,0.4902,0.0341,0,0.965,price_proxy,,,,
2016-08-02,0.5161,0.0427,0,1.5893,price_proxy,,,,
2016-08-03,0.5356,0.0426,0,1.4745,price_proxy,,,,
2016-08-04,0.4903,0.0522,0,1.7188,price_proxy,,,,
2016-08-05,0.4935,0.0516,0,1.421,price_proxy,,,,
2016-08-08,0.5,0.0503,0,1.1137,price_proxy,,,,
2016-08-09,0.449,0.0484,0,0.955,price_proxy,,,,
2016-08-10,0.4905,0.0534,0,1.3475,price_proxy,,,,
2016-08-11,0.4772,0.0648,0,1.4497,price_proxy,,,,
2016-08-12,0.4378,0.0683,0,3.4137,price_proxy,,,,
2016-08-16,0.4248,0.0684,0,1.7857,price_proxy,,,,
2016-08-17,0.4085,0.0688,0,1.0962,price_proxy,,,,
2016-08-18,0.3594,0.0688,0,1.0925,price_proxy,,,,
2016-08-19,0.3944,0.0678,0,1.271,price_proxy,,,,
2016-08-22,0.4392,0.0678,0,0.6268,price_proxy,,,,
2016-08-23,0.4559,0.0671,0,0.788,price_proxy,,,,
2016-08-24,0.4589,0.0647,0,0.6522,price_proxy,,,,
2016-08-25,0.5172,0.0721,0,1.0416,price_proxy,,,,
2016-08-26,0.5592,0.0727,0,0.5652,price_proxy,,,,
2016-08-29,0.5244,0.0744,0,0.5421,price_proxy,,,,
2016-08-30,0.5,0.0747,0,0.7446,price_proxy,,,,
2016-08-31,0.528,0.0683,0,0.8334,price_proxy,,,,
2016-09-01,0.4591,0.0682,0,0.7598,price_proxy,,,,
2016-09-02,0.4323,0.0642,0,0.741,price_proxy,,,,
2016-09-05,0.469,0.0644,0,0.6416,price_proxy,,,,
2016-09-06,0.4931,0.0646,0,0.5882,price_proxy,,,,
2016-09-07,0.5172,0.0687,0,0.8387,price_proxy,,,,
2016-09-08,0.5417,0.0632,0,0.879,price_proxy,,,,
2016-09-09,0.5911,0.0579,0,1.1453,price_proxy,,,,
2016-09-12,0.5594,0.0543,0,1.0649,price_proxy,,,,
2016-09-13,0.5174,0.0569,0,1.2711,price_proxy,,,,
2016-09-19,0.4761,0.0563,0,0.7664,price_proxy,,,,
2016-09-20,0.4966,0.0582,0,0.9236,price_proxy,,,,
2016-09-21,0.4933,0.058,0,1.0902,price_proxy,,,,
2016-09-22,0.5068,0.0587,0,1.1228,price_proxy,,,,
2016-09-23,0.5725,0.0604,0,0.8722,price_proxy,,,,
2016-09-26,0.5242,0.0664,0,1.0683,price_proxy,,,,
2016-09-27,0.5,0.0602,0,0.9307,price_proxy,,,,
2016-09-28,0.4294,0.0635,0,1.3389,price_proxy,,,,
2016-09-29,0.3816,0.0692,0,2.3982,price_proxy,,,,
2016-09-30,0.3,0.0746,0,1.7894,price_proxy,,,,
2016-10-04,0.3632,0.075,0,1.2334,price_proxy,,,,
2016-10-05,0.3362,0.0755,0,1.121,price_proxy,,,,
2016-10-06,0.3293,0.0786,0,2.0631,price_proxy,,,,
2016-10-07,0.3561,0.0795,0,1.5041,price_proxy,,,,
2016-10-10,0.3704,0.0807,0,1.963,price_proxy,,,,
2016-10-11,0.3716,0.0778,0,1.6,price_proxy,,,,
2016-10-12,0.3773,0.0771,0,1.4582,price_proxy,,,,
2016-10-13,0.4276,0.073,0,1.5814,price_proxy,,,,
2016-10-14,0.5,0.0784,0,1.2811,price_proxy,,,,
2016-10-17,0.595,0.0842,0,1.078,price_proxy,,,,
2016-10-18,0.5667,0.0842,0,0.6351,price_proxy,,,,
2016-10-19,0.5594,0.0821,0,0.639,price_proxy,,,,
2016-10-20,0.5474,0.0787,0,0.6968,price_proxy,,,,
2016-10-21,0.5426,0.0828,0,1.5703,price_proxy,,,,
2016-10-24,0.4319,0.0833,0,0.9381,price_proxy,,,,
2016-10-25,0.4013,0.0822,0,1.2164,price_proxy,,,,
2016-10-26,0.4538,0.0848,0,0.5514,price_proxy,,,,
2016-10-27,0.4691,0.0842,0,0.4566,price_proxy,,,,
2016-10-28,0.3805,0.0831,0,0.8902,price_proxy,,,,
2016-10-31,0.4276,0.079,0,0.8613,price_proxy,,,,
2016-11-01,0.4721,0.078,0,0.7247,price_proxy,,,,
2016-11-02,0.4272,0.0777,0,0.703,price_proxy,,,,
2016-11-03,0.4098,0.0746,0,0.5415,price_proxy,,,,
2016-11-04,0.4112,0.0776,0,1.1735,price_proxy,,,,
2016-11-07,0.368,0.0798,0,1.349,price_proxy,,,,
2016-11-08,0.3725,0.079,0,1.0622,price_proxy,,,,
2016-11-09,0.3795,0.0788,0,1.5769,price_proxy,,,,
2016-11-10,0.3973,0.0791,0,1.2045,price_proxy,,,,
2016-11-11,0.4345,0.0744,0,1.2568,price_proxy,,,,
2016-11-14,0.4891,0.0662,0,0.7814,price_proxy,,,,
2016-11-15,0.5692,0.0869,0,1.5188,price_proxy,,,,
2016-11-16,0.5565,0.0867,0,1.4417,price_proxy,,,,
2016-11-17,0.526,0.087,0,0.9338,price_proxy,,,,
2016-11-18,0.5284,0.0833,0,0.8912,price_proxy,,,,
2016-11-21,0.5699,0.0829,0,1.1769,price_proxy,,,,
2016-11-22,0.4498,0.082,0,0.8147,price_proxy,,,,
2016-11-23,0.4958,0.0815,0,0.7022,price_proxy,,,,
2016-11-24,0.5171,0.0811,0,0.5905,price_proxy,,,,
2016-11-25,0.5344,0.0764,0,0.5124,price_proxy,,,,
2016-11-28,0.5106,0.0769,0,0.685,price_proxy,,,,
2016-11-29,0.5193,0.0773,0,0.709,price_proxy,,,,
2016-11-30,0.4703,0.0778,0,0.9336,price_proxy,,,,
2016-12-01,0.3856,0.0889,0,1.5265,price_proxy,,,,
2016-12-02,0.3392,0.0877,0,1.3781,price_proxy,,,,
2016-12-05,0.3151,0.0835,0,0.7374,price_proxy,,,,
2016-12-06,0.3832,0.0888,0,0.798,price_proxy,,,,
2016-12-07,0.3839,0.0895,0,0.6181,price_proxy,,,,
2016-12-08,0.491,0.0904,0,1.075,price_proxy,,,,
2016-12-09,0.6128,0.0986,0,1.8338,price_proxy,,,,
2016-12-12,0.5949,0.0997,0,1.0194,price_proxy,,,,
2016-12-13,0.5586,0.0862,0,1.0073,price_proxy,,,,
2016-12-14,0.6187,0.0877,0,1.1307,price_proxy,,,,
2016-12-15,0.5903,0.0871,0,0.6749,price_proxy,,,,
2016-12-16,0.5087,0.0868,0,0.76,price_proxy,,,,
2016-12-19,0.5199,0.0844,0,0.6486,price_proxy,,,,
2016-12-20,0.4912,0.0833,0,0.6581,price_proxy,,,,
2016-12-21,0.4569,0.082,0,0.7151,price_proxy,,,,
2016-12-22,0.459,0.082,0,0.6031,price_proxy,,,,
2016-12-23,0.4935,0.0835,0,0.6817,price_proxy,,,,
2016-12-26,0.5284,0.0837,0,0.7816,price_proxy,,,,
2016-12-27,0.5682,0.0845,0,1.3525,price_proxy,,,,
2016-12-28,0.4846,0.0945,0,1.2538,price_proxy,,,,
2016-12-29,0.4427,0.0859,0,0.9608,price_proxy,,,,
2017-01-02,0.4108,0.082,0,0.5509,price_proxy,,,,
2017-01-03,0.4029,0.0817,0,0.6002,price_proxy,,,,
2017-01-04,0.3681,0.0768,0,1.162,price_proxy,,,,
2017-01-05,0.4645,0.076,0,0.6057,price_proxy,,,,
2017-01-06,0.5045,0.0751,0,1.0326,price_proxy,,,,
2017-01-09,0.4658,0.0671,0,1.7188,price_proxy,,,,
2017-01-10,0.4161,0.0687,0,2.0619,price_proxy,,,,
2017-01-11,0.4681,0.073,0,1.3676,price_proxy,,,,
2017-01-12,0.4819,0.0726,0,1.1902,price_proxy,,,,
2017-01-13,0.5204,0.0756,0,1.1023,price_proxy,,,,
2017-01-16,0.5579,0.0756,0,0.7796,price_proxy,,,,
2017-01-17,0.5899,0.0753,0,0.4452,price_proxy,,,,
2017-01-18,0.5185,0.0761,0,0.9211,price_proxy,,,,
2017-01-19,0.4772,0.0762,0,0.7428,price_proxy,,,,
2017-01-20,0.4395,0.0762,0,0.5917,price_proxy,,,,
2017-01-23,0.4324,0.0744,0,0.9113,price_proxy,,,,
2017-01-24,0.4819,0.0774,0,0.8341,price_proxy,,,,
2017-01-25,0.5,0.0751,0,0.8273,price_proxy,,,,
2017-01-26,0.4954,0.0624,0,0.8065,price_proxy,,,,
2017-01-31,0.463,0.0611,0,0.8713,price_proxy,,,,
2017-02-01,0.479,0.0611,0,0.936,price_proxy,,,,
2017-02-02,0.4223,0.0612,0,1.1185,price_proxy,,,,
2017-02-03,0.4243,0.0612,0,0.9157,price_proxy,,,,
2017-02-06,0.4121,0.0614,0,1.6884,price_proxy,,,,
2017-02-07,0.4458,0.0614,0,1.1052,price_proxy,,,,
2017-02-08,0.4128,0.0595,0,1.316,price_proxy,,,,
2017-02-09,0.4191,0.0562,0,1.0134,price_proxy,,,,
2017-02-10,0.469,0.0568,0,1.0458,price_proxy,,,,
2017-02-13,0.5218,0.0558,0,0.7323,price_proxy,,,,
2017-02-14,0.4927,0.053,0,1.2203,price_proxy,,,,
2017-02-15,0.5148,0.0531,0,0.8989,price_proxy,,,,
2017-02-16,0.505,0.0536,0,1.0909,price_proxy,,,,
2017-02-17,0.4661,0.0534,0,1.0157,price_proxy,,,,
2017-02-20,0.5598,0.0861,0,2.481,price_proxy,,,,
2017-02-21,0.5899,0.0861,0,1.2891,price_proxy,,,,
2017-02-22,0.6125,0.0858,0,1.0691,price_proxy,,,,
2017-02-23,0.6434,0.0831,0,0.7873,price_proxy,,,,
2017-02-24,0.6453,0.0832,0,1.0377,price_proxy,,,,
2017-02-27,0.5488,0.0837,0,1.1797,price_proxy,,,,
2017-02-28,0.5279,0.082,0,1.0098,price_proxy,,,,
2017-03-02,0.4977,0.083,0,1.1293,price_proxy,,,,
2017-03-03,0.4815,0.0824,0,0.7182,price_proxy,,,,
2017-03-06,0.4518,0.0833,0,0.706,price_proxy,,,,
2017-03-07,0.407,0.0826,0,0.7316,price_proxy,,,,
2017-03-08,0.406,0.0837,0,1.1605,price_proxy,,,,
2017-03-09,0.4235,0.0814,0,0.8389,price_proxy,,,,
2017-03-10,0.4371,0.081,0,0.7464,price_proxy,,,,
2017-03-13,0.5141,0.0829,0,1.3618,price_proxy,,,,
2017-03-14,0.538,0.0821,0,1.036,price_proxy,,,,
2017-03-15,0.5794,0.0801,0,1.0584,price_proxy,,,,
2017-03-16,0.606,0.0801,0,1.1955,price_proxy,,,,
2017-03-17,0.6322,0.0792,0,2.6618,price_proxy,,,,
2017-03-20,0.6308,0.083,0,1.8472,price_proxy,,,,
2017-03-21,0.6424,0.0568,0,1.5579,price_proxy,,,,
2017-03-22,0.6852,0.0624,0,1.8932,price_proxy,,,,
2017-03-23,0.7311,0.0691,0,1.8022,price_proxy,,,,
2017-03-24,0.6398,0.0774,0,1.3686,price_proxy,,,,
2017-03-27,0.5811,0.0776,0,0.8392,price_proxy,,,,
2017-03-28,0.5349,0.0798,0,0.8035,price_proxy,,,,
2017-03-29,0.4703,0.0787,0,0.7591,price_proxy,,,,
2017-03-30,0.4118,0.0772,0,0.6321,price_proxy,,,,
2017-03-31,0.4579,0.077,0,0.6304,price_proxy,,,,
2017-04-03,0.4684,0.0753,0,0.4194,price_proxy,,,,
2017-04-04,0.4572,0.0787,0,0.6621,price_proxy,,,,
2017-04-05,0.4828,0.0767,0,0.4567,price_proxy,,,,
2017-04-06,0.4592,0.0781,0,0.4431,price_proxy,,,,
2017-04-07,0.4397,0.0804,0,0.7304,price_proxy,,,,
2017-04-10,0.4079,0.0769,0,0.643,price_proxy,,,,
2017-04-11,0.465,0.0772,0,0.7535,price_proxy,,,,
2017-04-12,0.4328,0.0776,0,0.7706,price_proxy,,,,
2017-04-13,0.489,0.0792,0,0.8626,price_proxy,,,,
2017-04-14,0.4822,0.0801,0,0.3267,price_proxy,,,,
2017-04-17,0.5157,0.0742,0,0.4057,price_proxy,,,,
2017-04-18,0.5178,0.0746,0,0.6791,price_proxy,,,,
2017-04-19,0.4933,0.0698,0,0.8551,price_proxy,,,,
2017-04-20,0.4493,0.0573,0,0.78,price_proxy,,,,
2017-04-21,0.4776,0.0518,0,0.7822,price_proxy,,,,
2017-04-24,0.4733,0.0522,0,0.5429,price_proxy,,,,
2017-04-25,0.4625,0.0508,0,0.7344,price_proxy,,,,
2017-04-26,0.5135,0.0514,0,0.8425,price_proxy,,,,
2017-04-27,0.5633,0.0569,0,1.7227,price_proxy,,,,
2017-04-28,0.5544,0.0572,0,1.0148,price_proxy,,,,
2017-05-02,0.5203,0.0581,0,0.9767,price_proxy,,,,
2017-05-04,0.5,0.0542,0,0.8153,price_proxy,,,,
2017-05-08,0.5492,0.0631,0,1.7426,price_proxy,,,,
2017-05-10,0.3905,0.0876,0,3.9261,price_proxy,,,,
2017-05-11,0.3986,0.0868,0,1.8955,price_proxy,,,,
2017-05-12,0.433,0.0865,0,0.859,price_proxy,,,,
2017-05-15,0.4438,0.0859,0,0.6501,price_proxy,,,,
2017-05-16,0.3319,0.0904,0,2.0816,price_proxy,,,,
2017-05-17,0.4815,0.0904,0,2.0491,price_proxy,,,,
2017-05-18,0.4512,0.0906,0,0.8537,price_proxy,,,,
2017-05-19,0.4538,0.0906,0,0.8813,price_proxy,,,,
2017-05-22,0.4444,0.0897,0,0.9042,price_proxy,,,,
2017-05-23,0.5095,0.0881,0,0.9185,price_proxy,,,,
2017-05-24,0.493,0.0892,0,0.6807,price_proxy,,,,
2017-05-25,0.5286,0.0892,0,0.839,price_proxy,,,,
2017-05-26,0.5095,0.0891,0,0.7978,price_proxy,,,,
2017-05-29,0.5048,0.0891,0,0.5964,price_proxy,,,,
2017-05-30,0.5047,0.0889,0,0.5348,price_proxy,,,,
2017-05-31,0.5047,0.0862,0,1.113,price_proxy,,,,
2017-06-01,0.5657,0.0931,0,1.8522,price_proxy,,,,
2017-06-02,0.5471,0.093,0,1.1795,price_proxy,,,,
2017-06-05,0.5428,0.0933,0,0.5615,price_proxy,,,,
2017-06-07,0.5355,0.0864,0,0.7713,price_proxy,,,,
2017-06-08,0.5422,0.0627,0,0.944,price_proxy,,,,
2017-06-09,0.4841,0.0626,0,0.8881,price_proxy,,,,
2017-06-12,0.5253,0.0629,0,0.9275,price_proxy,,,,
2017-06-13,0.5302,0.0636,0,0.5124,price_proxy,,,,
2017-06-14,0.493,0.0586,0,1.2973,price_proxy,,,,
2017-06-15,0.4817,0.0557,0,0.6465,price_proxy,,,,
2017-06-16,0.4885,0.052,0,0.6007,price_proxy,,,,
2017-06-19,0.4114,0.0623,0,1.214,price_proxy,,,,
2017-06-20,0.3877,0.0656,0,1.3031,price_proxy,,,,
2017-06-21,0.4487,0.0672,0,0.7807,price_proxy,,,,
2017-06-22,0.4491,0.0668,0,0.4895,price_proxy,,,,
2017-06-23,0.4516,0.0671,0,0.609,price_proxy,,,,
2017-06-26,0.5048,0.0672,0,0.268,price_proxy,,,,
2017-06-27,0.517,0.0683,0,0.8888,price_proxy,,,,
2017-06-28,0.4545,0.0706,0,1.1122,price_proxy,,,,
2017-06-29,0.4406,0.0693,0,0.5595,price_proxy,,,,
2017-06-30,0.4268,0.0591,0,0.5962,price_proxy,,,,
2017-07-03,0.4312,0.0583,0,0.6781,price_proxy,,,,
2017-07-04,0.488,0.0607,0,1.0013,price_proxy,,,,
2017-07-05,0.5588,0.0639,0,1.1684,price_proxy,,,,
2017-07-06,0.5612,0.0618,0,0.8131,price_proxy,,,,
2017-07-07,0.5833,0.0629,0,0.9649,price_proxy,,,,
2017-07-10,0.5541,0.064,0,0.8784,price_proxy,,,,
2017-07-11,0.5581,0.0668,0,0.9221,price_proxy,,,,
2017-07-12,0.5024,0.0649,0,0.6181,price_proxy,,,,
2017-07-13,0.4857,0.0643,0,0.7326,price_proxy,,,,
2017-07-14,0.4741,0.0642,0,0.7156,price_proxy,,,,
2017-07-17,0.5287,0.0563,0,0.6808,price_proxy,,,,
2017-07-18,0.5071,0.0515,0,0.759,price_proxy,,,,
2017-07-19,0.538,0.05,0,0.706,price_proxy,,,,
2017-07-20,0.6172,0.0597,0,2.438,price_proxy,,,,
2017-07-21,0.6692,0.0656,0,2.7627,price_proxy,,,,
2017-07-24,0.6439,0.0652,0,1.3817,price_proxy,,,,
2017-07-25,0.6266,0.0624,0,1.2883,price_proxy,,,,
2017-07-26,0.6074,0.0581,0,0.8446,price_proxy,,,,
2017-07-27,0.5429,0.0581,0,0.7788,price_proxy,,,,
2017-07-28,0.4758,0.0589,0,1.1481,price_proxy,,,,
2017-07-31,0.4604,0.0602,0,1.105,price_proxy,,,,
2017-08-01,0.4802,0.0593,0,0.705,price_proxy,,,,
2017-08-02,0.4579,0.061,0,0.7895,price_proxy,,,,
2017-08-03,0.4558,0.0611,0,0.8314,price_proxy,,,,
2017-08-04,0.4778,0.0607,0,0.5643,price_proxy,,,,
2017-08-07,0.4776,0.0585,0,0.6411,price_proxy,,,,
2017-08-08,0.4844,0.0572,0,1.4217,price_proxy,,,,
2017-08-09,0.4977,0.0568,0,0.5863,price_proxy,,,,
2017-08-10,0.5113,0.0561,0,0.8289,price_proxy,,,,
2017-08-11,0.473,0.0588,0,0.6144,price_proxy,,,,
2017-08-14,0.475,0.059,0,0.4871,price_proxy,,,,
2017-08-16,0.4731,0.0596,0,0.5692,price_proxy,,,,
2017-08-17,0.5068,0.0599,0,0.7957,price_proxy,,,,
2017-08-18,0.518,0.0507,0,1.1411,price_proxy,,,,
2017-08-21,0.516,0.0428,0,0.4301,price_proxy,,,,
2017-08-22,0.5138,0.0436,0,0.6499,price_proxy,,,,
2017-08-23,0.5023,0.0441,0,0.5973,price_proxy,,,,
2017-08-24,0.4842,0.044,0,0.8144,price_proxy,,,,
2017-08-25,0.4732,0.0448,0,0.4878,price_proxy,,,,
2017-08-28,0.5068,0.0446,0,0.526,price_proxy,,,,
2017-08-29,0.5023,0.0452,0,0.7895,price_proxy,,,,
2017-08-30,0.4977,0.0443,0,0.7773,price_proxy,,,,
2017-08-31,0.4522,0.0483,0,1.6485,price_proxy,,,,
2017-09-01,0.448,0.0487,0,0.6783,price_proxy,,,,
2017-09-04,0.4188,0.0495,0,0.8003,price_proxy,,,,
2017-09-05,0.4316,0.049,0,0.8005,price_proxy,,,,
2017-09-06,0.4022,0.048,0,0.9579,price_proxy,,,,
2017-09-07,0.4464,0.0476,0,1.008,price_proxy,,,,
2017-09-08,0.4118,0.0476,0,1.3346,price_proxy,,,,
2017-09-11,0.4248,0.0464,0,1.2122,price_proxy,,,,
2017-09-12,0.4386,0.0465,0,0.9848,price_proxy,,,,
2017-09-13,0.4545,0.0441,0,1.2891,price_proxy,,,,
2017-09-14,0.4665,0.0433,0,1.2791,price_proxy,,,,
2017-09-15,0.5,0.0403,0,1.3148,price_proxy,,,,
2017-09-18,0.5098,0.0387,0,1.2176,price_proxy,,,,
2017-09-19,0.4562,0.0442,0,2.5917,price_proxy,,,,
2017-09-20,0.4266,0.046,0,2.1342,price_proxy,,,,
2017-09-21,0.4123,0.0459,0,1.0329,price_proxy,,,,
2017-09-22,0.4005,0.0439,0,1.0133,price_proxy,,,,
2017-09-25,0.3663,0.045,0,1.5296,price_proxy,,,,
2017-09-26,0.4178,0.0459,0,1.1458,price_proxy,,,,
2017-09-27,0.4416,0.0448,0,0.768,price_proxy,,,,
2017-09-28,0.4541,0.042,0,0.8235,price_proxy,,,,
2017-09-29,0.4923,0.0472,0,0.7398,price_proxy,,,,
2017-10-10,0.4844,0.0504,0,1.961,price_proxy,,,,
2017-10-11,0.4403,0.0526,0,2.0305,price_proxy,,,,
2017-10-12,0.4791,0.0554,0,1.5565,price_proxy,,,,
2017-10-13,0.5391,0.0694,0,1.537,price_proxy,,,,
2017-10-16,0.5359,0.0711,0,1.0462,price_proxy,,,,
2017-10-17,0.5892,0.071,0,1.1096,price_proxy,,,,
2017-10-18,0.6205,0.071,0,0.6467,price_proxy,,,,
2017-10-19,0.6614,0.0791,0,1.5932,price_proxy,,,,
2017-10-20,0.6023,0.0792,0,3.6169,price_proxy,,,,
2017-10-23,0.5353,0.0812,0,1.1032,price_proxy,,,,
2017-10-24,0.5226,0.0812,0,0.578,price_proxy,,,,
2017-10-25,0.5202,0.0772,0,1.0969,price_proxy,,,,
2017-10-26,0.4168,0.0777,0,0.7757,price_proxy,,,,
2017-10-27,0.3905,0.078,0,0.7707,price_proxy,,,,
2017-10-30,0.4257,0.078,0,0.5495,price_proxy,,,,
2017-10-31,0.4478,0.0754,0,0.6492,price_proxy,,,,
2017-11-01,0.4275,0.0777,0,0.8664,price_proxy,,,,
2017-11-02,0.4591,0.0774,0,0.505,price_proxy,,,,
2017-11-03,0.5154,0.0804,0,0.6293,price_proxy,,,,
2017-11-06,0.4897,0.0794,0,0.5019,price_proxy,,,,
2017-11-07,0.4515,0.0764,0,0.6544,price_proxy,,,,
2017-11-08,0.4974,0.0733,0,0.776,price_proxy,,,,
2017-11-09,0.4948,0.0728,0,0.6574,price_proxy,,,,
2017-11-10,0.4719,0.0633,0,0.6058,price_proxy,,,,
2017-11-13,0.4767,0.0613,0,0.5925,price_proxy,,,,
2017-11-14,0.4843,0.0614,0,0.7599,price_proxy,,,,
2017-11-15,0.4688,0.0613,0,0.5907,price_proxy,,,,
2017-11-16,0.4765,0.0485,0,0.5327,price_proxy,,,,
2017-11-17,0.4611,0.0476,0,0.663,price_proxy,,,,
2017-11-20,0.4582,0.0459,0,0.9474,price_proxy,,,,
2017-11-21,0.4789,0.0464,0,0.6435,price_proxy,,,,
2017-11-22,0.4789,0.0464,0,0.7564,price_proxy,,,,
2017-11-23,0.4841,0.0418,0,0.5049,price_proxy,,,,
2017-11-24,0.5106,0.0449,0,0.7798,price_proxy,,,,
2017-11-27,0.5427,0.0454,0,0.7579,price_proxy,,,,
2017-11-28,0.5399,0.0444,0,0.7483,price_proxy,,,,
2017-11-29,0.5213,0.0423,0,0.8165,price_proxy,,,,
2017-11-30,0.5,0.0434,0,1.5273,price_proxy,,,,
2017-12-01,0.4947,0.0388,0,0.8794,price_proxy,,,,
2017-12-04,0.4791,0.0372,0,0.7098,price_proxy,,,,
2017-12-05,0.5261,0.0446,0,1.98,price_proxy,,,,
2017-12-06,0.529,0.0452,0,1.0805,price_proxy,,,,
2017-12-07,0.572,0.0459,0,1.8209,price_proxy,,,,
2017-12-08,0.5026,0.0508,0,1.5313,price_proxy,,,,
2017-12-11,0.5026,0.05,0,0.7929,price_proxy,,,,
2017-12-12,0.4639,0.0496,0,0.7533,price_proxy,,,,
2017-12-13,0.5,0.0505,0,0.9219,price_proxy,,,,
2017-12-14,0.4923,0.0507,0,2.5596,price_proxy,,,,
2017-12-15,0.5526,0.0511,0,2.1059,price_proxy,,,,
2017-12-18,0.5686,0.0494,0,0.7385,price_proxy,,,,
2017-12-19,0.5446,0.0503,0,0.6979,price_proxy,,,,
2017-12-20,0.5416,0.0505,0,0.9561,price_proxy,,,,
2017-12-21,0.5,0.0534,0,1.0969,price_proxy,,,,
2017-12-22,0.4872,0.0513,0,0.7673,price_proxy,,,,
2017-12-26,0.4949,0.0519,0,1.2236,price_proxy,,,,
2017-12-27,0.4718,0.0557,0,0.7331,price_proxy,,,,
2017-12-28,0.4439,0.0549,0,0.6419,price_proxy,,,,
2018-01-02,0.4509,0.0549,0,0.9326,price_proxy,,,,
2018-01-03,0.4381,0.0536,0,0.904,price_proxy,,,,
2018-01-04,0.4028,0.0544,0,1.1511,price_proxy,,,,
2018-01-05,0.4375,0.0461,0,0.7734,price_proxy,,,,
2018-01-08,0.4554,0.0457,0,0.8659,price_proxy,,,,
2018-01-09,0.4762,0.0438,0,1.0967,price_proxy,,,,
2018-01-10,0.492,0.038,0,0.7695,price_proxy,,,,
2018-01-11,0.4731,0.0425,0,1.5328,price_proxy,,,,
2018-01-12,0.4597,0.0421,0,1.1877,price_proxy,,,,
2018-01-15,0.441,0.0404,0,0.9066,price_proxy,,,,
2018-01-16,0.4464,0.0395,0,0.7655,price_proxy,,,,
2018-01-17,0.4412,0.0378,0,0.899,price_proxy,,,,
2018-01-18,0.4428,0.0394,0,2.1095,price_proxy,,,,
2018-01-19,0.4342,0.04,0,1.4252,price_proxy,,,,
2018-01-22,0.4144,0.0393,0,1.3702,price_proxy,,,,
2018-01-23,0.4311,0.0425,0,1.198,price_proxy,,,,
2018-01-24,0.4504,0.0449,0,0.7984,price_proxy,,,,
2018-01-25,0.4944,0.0435,0,1.0044,price_proxy,,,,
2018-01-26,0.5454,0.0452,0,0.9475,price_proxy,,,,
2018-01-29,0.5895,0.0457,0,0.8506,price_proxy,,,,
2018-01-30,0.5485,0.0453,0,0.9781,price_proxy,,,,
2018-01-31,0.5198,0.0452,0,1.264,price_proxy,,,,
2018-02-01,0.5253,0.0455,0,0.8798,price_proxy,,,,
2018-02-02,0.4778,0.0463,0,0.9716,price_proxy,,,,
2018-02-05,0.4945,0.0487,0,1.4814,price_proxy,,,,
2018-02-06,0.4805,0.0507,0,0.9655,price_proxy,,,,
2018-02-07,0.4888,0.0505,0,0.8327,price_proxy,,,,
2018-02-08,0.4333,0.0514,0,1.0883,price_proxy,,,,
2018-02-09,0.4299,0.0521,0,0.9141,price_proxy,,,,
2018-02-12,0.3864,0.0525,0,0.5952,price_proxy,,,,
2018-02-13,0.3847,0.0539,0,1.0606,price_proxy,,,,
2018-02-14,0.3622,0.0544,0,1.3728,price_proxy,,,,
2018-02-19,0.4023,0.0524,0,0.726,price_proxy,,,,
2018-02-20,0.4651,0.0578,0,0.8249,price_proxy,,,,
2018-02-21,0.4824,0.0554,0,1.0456,price_proxy,,,,
2018-02-22,0.4851,0.0552,0,0.7905,price_proxy,,,,
2018-02-23,0.5363,0.0563,0,0.6526,price_proxy,,,,
2018-02-26,0.5423,0.0561,0,1.1389,price_proxy,,,,
2018-02-27,0.4734,0.0541,0,0.6753,price_proxy,,,,
2018-02-28,0.4615,0.0534,0,0.8699,price_proxy,,,,
2018-03-02,0.4789,0.0533,0,1.0573,price_proxy,,,,
2018-03-05,0.4288,0.0539,0,0.6408,price_proxy,,,,
2018-03-06,0.3905,0.0538,0,1.0807,price_proxy,,,,
2018-03-07,0.3981,0.0537,0,1.236,price_proxy,,,,
2018-03-08,0.4124,0.0501,0,1.2141,price_proxy,,,,
2018-03-09,0.4757,0.0603,0,1.4679,price_proxy,,,,
2018-03-12,0.5369,0.0649,0,0.8696,price_proxy,,,,
2018-03-13,0.5563,0.0621,0,0.6474,price_proxy,,,,
2018-03-14,0.5664,0.0614,0,0.4875,price_proxy,,,,
2018-03-15,0.5442,0.0614,0,0.755,price_proxy,,,,
2018-03-16,0.4723,0.06,0,1.3883,price_proxy,,,,
2018-03-19,0.4215,0.0594,0,0.8257,price_proxy,,,,
2018-03-20,0.4269,0.0594,0,0.8463,price_proxy,,,,
2018-03-21,0.4358,0.0536,0,0.8645,price_proxy,,,,
2018-03-22,0.4784,0.0556,0,0.9109,price_proxy,,,,
2018-03-23,0.4563,0.0574,0,1.0816,price_proxy,,,,
2018-03-26,0.4403,0.0559,0,0.9702,price_proxy,,,,
2018-03-27,0.4684,0.0574,0,0.6856,price_proxy,,,,
2018-03-28,0.5095,0.0621,0,0.8424,price_proxy,,,,
2018-03-29,0.5562,0.073,0,1.7468,price_proxy,,,,
2018-03-30,0.5957,0.0727,0,1.1203,price_proxy,,,,
2018-04-02,0.6556,0.0724,0,0.9166,price_proxy,,,,
2018-04-03,0.744,0.0868,0,3.2249,price_proxy,,,,
2018-04-04,0.6918,0.0858,0,2.4447,price_proxy,,,,
2018-04-05,0.5973,0.0871,0,1.21,price_proxy,,,,
2018-04-06,0.5731,0.0853,0,0.8893,price_proxy,,,,
2018-04-09,0.5752,0.0843,0,0.8032,price_proxy,,,,
2018-04-10,0.4857,0.0836,0,0.8085,price_proxy,,,,
2018-04-11,0.477,0.0839,0,0.7258,price_proxy,,,,
2018-04-12,0.4826,0.0834,0,0.6134,price_proxy,,,,
2018-04-13,0.5264,0.0824,0,0.633,price_proxy,,,,
2018-04-16,0.4565,0.086,0,0.8052,price_proxy,,,,
2018-04-17,0.4914,0.0882,0,1.1464,price_proxy,,,,
2018-04-18,0.5145,0.088,0,0.6783,price_proxy,,,,
2018-04-19,0.5292,0.0879,0,1.0988,price_proxy,,,,
2018-04-20,0.5754,0.088,0,1.608,price_proxy,,,,
2018-04-23,0.6748,0.0862,0,2.9092,price_proxy,,,,
2018-04-24,0.6389,0.0862,0,0.8729,price_proxy,,,,
2018-04-25,0.5893,0.0898,0,0.6118,price_proxy,,,,
2018-04-26,0.5432,0.0891,0,0.9675,price_proxy,,,,
2018-04-27,0.5363,0.0925,0,1.0148,price_proxy,,,,
2018-04-30,0.5409,0.0952,0,1.4116,price_proxy,,,,
2018-05-02,0.5433,0.081,0,1.4448,price_proxy,,,,
2018-05-03,0.5634,0.0819,0,0.9151,price_proxy,,,,
2018-05-04,0.6072,0.0807,0,0.6628,price_proxy,,,,
2018-05-08,0.5165,0.0815,0,0.6653,price_proxy,,,,
2018-05-09,0.4065,0.0877,0,0.9396,price_proxy,,,,
2018-05-10,0.402,0.0877,0,0.8917,price_proxy,,,,
2018-05-11,0.4118,0.0874,0,0.4922,price_proxy,,,,
2018-05-14,0.4973,0.097,0,1.1397,price_proxy,,,,
2018-05-15,0.5109,0.098,0,0.9014,price_proxy,,,,
2018-05-16,0.5336,0.0968,0,0.5396,price_proxy,,,,
2018-05-17,0.5195,0.0943,0,0.4661,price_proxy,,,,
2018-05-18,0.5252,0.0944,0,0.3729,price_proxy,,,,
2018-05-21,0.4142,0.0959,0,0.5067,price_proxy,,,,
2018-05-23,0.4486,0.0903,0,0.7195,price_proxy,,,,
2018-05-24,0.4339,0.0897,0,0.6586,price_proxy,,,,
2018-05-25,0.3869,0.0925,0,1.0574,price_proxy,,,,
2018-05-28,0.4337,0.0951,0,0.7537,price_proxy,,,,
2018-05-29,0.43,0.0937,0,0.4834,price_proxy,,,,
2018-05-30,0.375,0.0897,0,0.9325,price_proxy,,,,
2018-05-31,0.3889,0.0837,0,1.6105,price_proxy,,,,
2018-06-01,0.424,0.0823,0,1.118,price_proxy,,,,
2018-06-04,0.38,0.0825,0,0.9789,price_proxy,,,,
2018-06-05,0.41,0.0826,0,0.8886,price_proxy,,,,
2018-06-07,0.5119,0.0911,0,1.5876,price_proxy,,,,
2018-06-08,0.5543,0.0869,0,0.9267,price_proxy,,,,
2018-06-11,0.6337,0.0935,0,1.3476,price_proxy,,,,
2018-06-12,0.6307,0.0934,0,1.113,price_proxy,,,,
2018-06-14,0.6003,0.0802,0,1.1586,price_proxy,,,,
2018-06-15,0.5619,0.0819,0,1.3147,price_proxy,,,,
2018-06-18,0.5411,0.0803,0,0.917,price_proxy,,,,
2018-06-19,0.4088,0.088,0,1.2099,price_proxy,,,,
2018-06-20,0.3916,0.0882,0,0.8648,price_proxy,,,,
2018-06-21,0.4045,0.0877,0,0.6211,price_proxy,,,,
2018-06-22,0.4943,0.1109,0,1.8245,price_proxy,,,,
2018-06-25,0.4914,0.1081,0,0.8813,price_proxy,,,,
2018-06-26,0.5597,0.1044,0,0.8523,price_proxy,,,,
2018-06-27,0.494,0.1105,0,1.4894,price_proxy,,,,
2018-06-28,0.4574,0.1124,0,1.0642,price_proxy,,,,
2018-06-29,0.3338,0.1108,0,1.2525,price_proxy,,,,
2018-07-02,0.3757,0.1107,0,1.181,price_proxy,,,,
2018-07-03,0.3377,0.113,0,0.7162,price_proxy,,,,
2018-07-04,0.4425,0.114,0,0.6118,price_proxy,,,,
2018-07-05,0.4658,0.1149,0,0.5191,price_proxy,,,,
2018-07-06,0.4688,0.1086,0,0.7936,price_proxy,,,,
2018-07-09,0.4168,0.1087,0,1.07,price_proxy,,,,
2018-07-10,0.4558,0.1015,0,0.9127,price_proxy,,,,
2018-07-11,0.4315,0.1016,0,0.927,price_proxy,,,,
2018-07-12,0.4905,0.1037,0,1.2159,price_proxy,,,,
2018-07-13,0.481,0.102,0,1.0116,price_proxy,,,,
2018-07-16,0.5064,0.1021,0,0.6019,price_proxy,,,,
2018-07-17,0.5516,0.0991,0,1.1396,price_proxy,,,,
2018-07-18,0.5097,0.1006,0,0.9429,price_proxy,,,,
2018-07-19,0.4587,0.1008,0,0.6429,price_proxy,,,,
2018-07-20,0.4968,0.0733,0,0.5715,price_proxy,,,,
2018-07-23,0.5673,0.085,0,1.6553,price_proxy,,,,
2018-07-24,0.5849,0.0913,0,1.7271,price_proxy,,,,
2018-07-25,0.6252,0.0795,0,1.1437,price_proxy,,,,
2018-07-26,0.6329,0.0745,0,0.7258,price_proxy,,,,
2018-07-27,0.5867,0.0754,0,0.9009,price_proxy,,,,
2018-07-30,0.5403,0.0751,0,0.4803,price_proxy,,,,
2018-07-31,0.509,0.071,0,0.7388,price_proxy,,,,
2018-08-01,0.4547,0.0772,0,1.1729,price_proxy,,,,
2018-08-02,0.4331,0.0779,0,0.7011,price_proxy,,,,
2018-08-03,0.46,0.0777,0,0.4519,price_proxy,,,,
2018-08-06,0.3875,0.0813,0,1.3534,price_proxy,,,,
2018-08-07,0.3288,0.0838,0,1.6609,price_proxy,,,,
2018-08-08,0.3764,0.0839,0,1.1332,price_proxy,,,,
2018-08-09,0.4623,0.0876,0,1.2732,price_proxy,,,,
2018-08-10,0.4812,0.0878,0,1.1365,price_proxy,,,,
2018-08-13,0.5064,0.0889,0,0.6607,price_proxy,,,,
2018-08-14,0.4934,0.0902,0,1.3568,price_proxy,,,,
2018-08-16,0.5264,0.0892,0,0.7448,price_proxy,,,,
2018-08-17,0.4647,0.0887,0,0.4702,price_proxy,,,,
2018-08-20,0.481,0.0906,0,0.7078,price_proxy,,,,
2018-08-21,0.4743,0.0832,0,0.8173,price_proxy,,,,
2018-08-22,0.5264,0.0761,0,0.6168,price_proxy,,,,
2018-08-23,0.4902,0.0761,0,0.513,price_proxy,,,,
2018-08-24,0.5065,0.0766,0,0.6927,price_proxy,,,,
2018-08-27,0.468,0.076,0,0.6902,price_proxy,,,,
2018-08-28,0.5098,0.0747,0,0.6006,price_proxy,,,,
2018-08-29,0.5033,0.0728,0,0.5119,price_proxy,,,,
2018-08-30,0.4967,0.0676,0,1.2773,price_proxy,,,,
2018-08-31,0.4837,0.0657,0,0.6687,price_proxy,,,,
2018-09-03,0.4707,0.0657,0,0.6545,price_proxy,,,,
2018-09-04,0.4385,0.0616,0,1.3381,price_proxy,,,,
2018-09-05,0.4513,0.0586,0,0.7975,price_proxy,,,,
2018-09-06,0.4771,0.0588,0,0.6514,price_proxy,,,,
2018-09-07,0.4836,0.0498,0,1.134,price_proxy,,,,
2018-09-10,0.4967,0.0477,0,0.7891,price_proxy,,,,
2018-09-11,0.5267,0.0465,0,1.0625,price_proxy,,,,
2018-09-12,0.5166,0.0377,0,0.957,price_proxy,,,,
2018-09-13,0.4834,0.0366,0,1.3893,price_proxy,,,,
2018-09-14,0.4769,0.0365,0,1.3659,price_proxy,,,,
2018-09-17,0.4702,0.0282,0,0.8006,price_proxy,,,,
2018-09-18,0.444,0.0254,0,1.1715,price_proxy,,,,
2018-09-19,0.4109,0.0307,0,1.7601,price_proxy,,,,
2018-09-20,0.4165,0.0312,0,1.1553,price_proxy,,,,
2018-09-21,0.4231,0.0304,0,1.6925,price_proxy,,,,
2018-09-27,0.443,0.0322,0,1.174,price_proxy,,,,
2018-09-28,0.4898,0.036,0,0.9591,price_proxy,,,,
2018-10-01,0.5276,0.036,0,0.5652,price_proxy,,,,
2018-10-02,0.4895,0.0444,0,1.1065,price_proxy,,,,
2018-10-04,0.4096,0.0579,0,1.8675,price_proxy,,,,
2018-10-05,0.3756,0.0582,0,1.2085,price_proxy,,,,
2018-10-08,0.2956,0.0633,0,1.4915,price_proxy,,,,
2018-10-10,0.224,0.0716,0,1.8188,price_proxy,,,,
2018-10-11,0.1708,0.0866,0,2.2606,price_proxy,,,,
2018-10-12,0.3033,0.1005,0,1.3526,price_proxy,,,,
2018-10-15,0.3453,0.1027,0,1.0334,price_proxy,,,,
2018-10-16,0.3937,0.1019,0,0.77,price_proxy,,,,
2018-10-17,0.5158,0.1071,0,0.4594,price_proxy,,,,
2018-10-18,0.6929,0.1128,0,1.121,price_proxy,,,,
2018-10-19,0.6737,0.1188,0,1.7754,price_proxy,,,,
2018-10-22,0.6996,0.1227,0,0.7161,price_proxy,,,,
2018-10-23,0.6082,0.1304,0,0.9317,price_proxy,,,,
2018-10-24,0.649,0.1386,0,1.6983,price_proxy,,,,
2018-10-25,0.6453,0.1411,0,1.8484,price_proxy,,,,
2018-10-26,0.5297,0.1437,0,0.9226,price_proxy,,,,
2018-10-29,0.4673,0.1435,0,0.8567,price_proxy,,,,
2018-10-30,0.4962,0.1452,0,0.7955,price_proxy,,,,
2018-10-31,0.4781,0.1506,0,0.8117,price_proxy,,,,
2018-11-01,0.418,0.1483,0,0.6032,price_proxy,,,,
2018-11-02,0.4487,0.1432,0,0.8354,price_proxy,,,,
2018-11-05,0.5,0.1442,0,0.6334,price_proxy,,,,
2018-11-06,0.5381,0.1412,0,0.5273,price_proxy,,,,
2018-11-07,0.5074,0.1344,0,0.7789,price_proxy,,,,
2018-11-08,0.5409,0.1156,0,0.8865,price_proxy,,,,
2018-11-09,0.6165,0.1125,0,0.8624,price_proxy,,,,
2018-11-12,0.5332,0.1161,0,0.6715,price_proxy,,,,
2018-11-13,0.5449,0.1165,0,0.4067,price_proxy,,,,
2018-11-14,0.6029,0.1231,0,1.7245,price_proxy,,,,
2018-11-15,0.5291,0.1257,0,0.818,price_proxy,,,,
2018-11-16,0.4858,0.1225,0,0.6646,price_proxy,,,,
2018-11-19,0.4855,0.1224,0,0.7049,price_proxy,,,,
2018-11-20,0.5439,0.1133,0,0.7605,price_proxy,,,,
2018-11-21,0.472,0.1052,0,0.6971,price_proxy,,,,
2018-11-22,0.5251,0.1023,0,0.5239,price_proxy,,,,
2018-11-23,0.475,0.1007,0,0.6228,price_proxy,,,,
2018-11-26,0.6426,0.119,0,1.7715,price_proxy,,,,
2018-11-27,0.636,0.113,0,1.8128,price_proxy,,,,
2018-11-28,0.6844,0.1128,0,1.5115,price_proxy,,,,
2018-11-29,0.656,0.1138,0,1.0592,price_proxy,,,,
2018-11-30,0.6522,0.1166,0,1.7142,price_proxy,,,,
2018-12-03,0.5307,0.1158,0,1.0835,price_proxy,,,,
2018-12-04,0.5503,0.1166,0,1.2716,price_proxy,,,,
2018-12-05,0.4935,0.1161,0,0.9847,price_proxy,,,,
2018-12-06,0.523,0.1162,0,0.9134,price_proxy,,,,
2018-12-07,0.6044,0.1147,0,1.2683,price_proxy,,,,
2018-12-10,0.658,0.1128,0,1.7562,price_proxy,,,,
2018-12-11,0.6307,0.1118,0,1.3367,price_proxy,,,,
2018-12-12,0.5847,0.1075,0,1.2949,price_proxy,,,,
2018-12-13,0.5878,0.1015,0,1.6787,price_proxy,,,,
2018-12-14,0.5864,0.1017,0,0.8294,price_proxy,,,,
2018-12-17,0.553,0.0963,0,0.8268,price_proxy,,,,
2018-12-18,0.5429,0.0953,0,0.8715,price_proxy,,,,
2018-12-19,0.6344,0.0969,0,0.9665,price_proxy,,,,
2018-12-20,0.6402,0.0964,0,0.8451,price_proxy,,,,
2018-12-21,0.5521,0.0984,0,0.9031,price_proxy,,,,
2018-12-24,0.5091,0.0819,0,0.5105,price_proxy,,,,
2018-12-26,0.467,0.0825,0,0.5895,price_proxy,,,,
2018-12-27,0.4034,0.0776,0,0.8182,price_proxy,,,,
2018-12-28,0.4272,0.0772,0,0.7073,price_proxy,,,,
2019-01-02,0.5359,0.0749,0,0.8884,price_proxy,,,,
2019-01-03,0.6027,0.0763,0,1.2633,price_proxy,,,,
2019-01-04,0.5947,0.0762,0,1.3658,price_proxy,,,,
2019-01-07,0.5985,0.0772,0,1.2229,price_proxy,,,,
2019-01-08,0.642,0.0851,0,1.2539,price_proxy,,,,
2019-01-09,0.4706,0.106,0,1.4884,price_proxy,,,,
2019-01-10,0.4799,0.1059,0,1.1324,price_proxy,,,,
2019-01-11,0.5233,0.1052,0,0.7011,price_proxy,,,,
2019-01-14,0.5352,0.1025,0,0.6218,price_proxy,,,,
2019-01-15,0.4633,0.1025,0,0.7524,price_proxy,,,,
2019-01-16,0.5507,0.103,0,0.729,price_proxy,,,,
2019-01-17,0.5029,0.1026,0,0.5885,price_proxy,,,,
2019-01-18,0.451,0.1046,0,1.0528,price_proxy,,,,
2019-01-21,0.3761,0.1088,0,1.6221,price_proxy,,,,
2019-01-22,0.3764,0.1086,0,0.5897,price_proxy,,,,
2019-01-23,0.4099,0.1055,0,0.8967,price_proxy,,,,
2019-01-24,0.4014,0.1049,0,0.7442,price_proxy,,,,
2019-01-25,0.4527,0.1046,0,0.7127,price_proxy,,,,
2019-01-28,0.5154,0.1046,0,0.6283,price_proxy,,,,
2019-01-29,0.5184,0.1028,0,0.8281,price_proxy,,,,
2019-01-30,0.5213,0.0982,0,0.8179,price_proxy,,,,
2019-01-31,0.6037,0.1044,0,1.4296,price_proxy,,,,
2019-02-01,0.5514,0.1049,0,0.6907,price_proxy,,,,
2019-02-07,0.5427,0.1055,0,0.6923,price_proxy,,,,
2019-02-08,0.5425,0.0958,0,0.8391,price_proxy,,,,
2019-02-11,0.5693,0.0799,0,1.0439,price_proxy,,,,
2019-02-12,0.4739,0.0752,0,0.7442,price_proxy,,,,
2019-02-13,0.5059,0.0747,0,0.7974,price_proxy,,,,
2019-02-14,0.5179,0.0749,0,1.2221,price_proxy,,,,
2019-02-15,0.4911,0.0751,0,0.6961,price_proxy,,,,
2019-02-18,0.4243,0.0755,0,0.8505,price_proxy,,,,
2019-02-19,0.4383,0.0753,0,0.4628,price_proxy,,,,
2019-02-20,0.4647,0.0743,0,0.8083,price_proxy,,,,
2019-02-21,0.4704,0.0613,0,0.7247,price_proxy,,,,
2019-02-22,0.5507,0.0692,0,1.8122,price_proxy,,,,
2019-02-25,0.5575,0.0704,0,0.7489,price_proxy,,,,
2019-02-26,0.6091,0.0739,0,1.15,price_proxy,,,,
2019-02-27,0.5928,0.0738,0,0.8298,price_proxy,,,,
2019-02-28,0.5931,0.0731,0,1.4516,price_proxy,,,,
2019-03-04,0.5844,0.0775,0,1.5373,price_proxy,,,,
2019-03-05,0.5971,0.0779,0,0.5294,price_proxy,,,,
2019-03-06,0.5259,0.0685,0,0.6288,price_proxy,,,,
2019-03-07,0.4828,0.0684,0,0.7354,price_proxy,,,,
2019-03-08,0.4885,0.0668,0,0.6413,price_proxy,,,,
2019-03-11,0.4553,0.0674,0,0.6273,price_proxy,,,,
2019-03-12,0.4916,0.0656,0,0.7231,price_proxy,,,,
2019-03-13,0.4915,0.0661,0,0.7414,price_proxy,,,,
2019-03-14,0.5462,0.0666,0,1.0512,price_proxy,,,,
2019-03-15,0.5433,0.0661,0,1.268,price_proxy,,,,
2019-03-18,0.4686,0.0722,0,0.8503,price_proxy,,,,
2019-03-19,0.3845,0.0777,0,1.384,price_proxy,,,,
2019-03-20,0.3462,0.0849,0,1.8322,price_proxy,,,,
2019-03-21,0.2997,0.0849,0,1.4291,price_proxy,,,,
2019-03-22,0.3051,0.085,0,0.8971,price_proxy,,,,
2019-03-25,0.3374,0.0766,0,0.8799,price_proxy,,,,
2019-03-26,0.3864,0.0763,0,0.5399,price_proxy,,,,
2019-03-27,0.4352,0.07,0,0.6206,price_proxy,,,,
2019-03-28,0.4216,0.0715,0,1.0434,price_proxy,,,,
2019-03-29,0.3717,0.0738,0,2.0837,price_proxy,,,,
2019-04-01,0.4179,0.0679,0,1.6254,price_proxy,,,,
2019-04-02,0.4176,0.068,0,1.0184,price_proxy,,,,
2019-04-03,0.433,0.0687,0,1.8953,price_proxy,,,,
2019-04-04,0.4674,0.0679,0,0.8902,price_proxy,,,,
2019-04-05,0.4532,0.0722,0,2.4234,price_proxy,,,,
2019-04-08,0.4374,0.0713,0,1.8349,price_proxy,,,,
2019-04-09,0.4008,0.0678,0,0.83,price_proxy,,,,
2019-04-10,0.4571,0.0809,0,1.4007,price_proxy,,,,
2019-04-11,0.437,0.0786,0,0.8966,price_proxy,,,,
2019-04-12,0.4932,0.0784,0,0.6797,price_proxy,,,,
2019-04-15,0.483,0.0768,0,0.548,price_proxy,,,,
2019-04-16,0.5383,0.0743,0,0.5806,price_proxy,,,,
2019-04-17,0.4494,0.0695,0,0.8431,price_proxy,,,,
2019-04-18,0.476,0.0687,0,0.8407,price_proxy,,,,
2019-04-19,0.4828,0.0686,0,0.5988,price_proxy,,,,
2019-04-22,0.4828,0.0687,0,0.4819,price_proxy,,,,
2019-04-23,0.459,0.0688,0,0.6215,price_proxy,,,,
2019-04-24,0.4481,0.0705,0,1.0293,price_proxy,,,,
2019-04-25,0.4307,0.0682,0,0.6304,price_proxy,,,,
2019-04-26,0.4341,0.0648,0,1.3564,price_proxy,,,,
2019-04-29,0.4862,0.0707,0,0.9082,price_proxy,,,,
2019-04-30,0.4721,0.0717,0,0.685,price_proxy,,,,
2019-05-02,0.4929,0.0717,0,0.8052,price_proxy,,,,
2019-05-03,0.4964,0.0719,0,1.0513,price_proxy,,,,
2019-05-07,0.5036,0.0655,0,0.6685,price_proxy,,,,
2019-05-08,0.4338,0.0649,0,0.7048,price_proxy,,,,
2019-05-09,0.4117,0.0661,0,1.4722,price_proxy,,,,
2019-05-10,0.4465,0.0559,0,0.9053,price_proxy,,,,
2019-05-13,0.4532,0.0546,0,0.9446,price_proxy,,,,
2019-05-14,0.4213,0.0552,0,1.1174,price_proxy,,,,
2019-05-15,0.3955,0.0574,0,2.0201,price_proxy,,,,
2019-05-16,0.4039,0.0586,0,1.3067,price_proxy,,,,
2019-05-17,0.3645,0.0583,0,1.0831,price_proxy,,,,
2019-05-20,0.3711,0.0583,0,0.8691,price_proxy,,,,
2019-05-21,0.3659,0.0584,0,0.9346,price_proxy,,,,
2019-05-22,0.4087,0.0584,0,0.8116,price_proxy,,,,
2019-05-23,0.4573,0.0596,0,0.7833,price_proxy,,,,
2019-05-24,0.5039,0.0608,0,1.2456,price_proxy,,,,
2019-05-27,0.4685,0.0625,0,0.7535,price_proxy,,,,
2019-05-28,0.504,0.0629,0,1.0611,price_proxy,,,,
2019-05-29,0.4681,0.0511,0,1.0457,price_proxy,,,,
2019-05-30,0.4802,0.0538,0,0.6002,price_proxy,,,,
2019-05-31,0.5392,0.0741,0,2.1309,price_proxy,,,,
2019-06-03,0.632,0.0798,0,1.8199,price_proxy,,,,
2019-06-04,0.5717,0.0827,0,1.0302,price_proxy,,,,
2019-06-05,0.581,0.0831,0,0.8433,price_proxy,,,,
2019-06-07,0.5601,0.0796,0,0.5771,price_proxy,,,,
2019-06-10,0.45,0.0793,0,0.9896,price_proxy,,,,
2019-06-11,0.4662,0.0885,0,1.1764,price_proxy,,,,
2019-06-12,0.5231,0.088,0,0.7491,price_proxy,,,,
2019-06-13,0.5311,0.0856,0,1.1082,price_proxy,,,,
2019-06-14,0.4844,0.0862,0,1.055,price_proxy,,,,
2019-06-17,0.5,0.0856,0,0.7721,price_proxy,,,,
2019-06-18,0.4389,0.0855,0,0.4219,price_proxy,,,,
2019-06-19,0.4468,0.0844,0,0.8717,price_proxy,,,,
2019-06-20,0.4808,0.0849,0,0.6101,price_proxy,,,,
2019-06-21,0.5549,0.0858,0,1.0315,price_proxy,,,,
2019-06-24,0.5552,0.0855,0,0.5697,price_proxy,,,,
2019-06-25,0.5236,0.084,0,0.7399,price_proxy,,,,
2019-06-26,0.5156,0.0839,0,0.5095,price_proxy,,,,
2019-06-27,0.4845,0.0821,0,0.6451,price_proxy,,,,
2019-06-28,0.4504,0.0818,0,0.4677,price_proxy,,,,
2019-07-01,0.4463,0.0684,0,0.9186,price_proxy,,,,
2019-07-02,0.465,0.0619,0,0.9328,price_proxy,,,,
2019-07-03,0.5078,0.0638,0,1.2178,price_proxy,,,,
2019-07-04,0.5039,0.0631,0,0.739,price_proxy,,,,
2019-07-05,0.5352,0.0643,0,0.7319,price_proxy,,,,
2019-07-08,0.5473,0.0624,0,1.2955,price_proxy,,,,
2019-07-09,0.5198,0.054,0,0.8689,price_proxy,,,,
2019-07-10,0.4498,0.0544,0,0.7513,price_proxy,,,,
2019-07-11,0.4689,0.0542,0,1.2294,price_proxy,,,,
2019-07-12,0.4577,0.049,0,0.7276,price_proxy,,,,
2019-07-15,0.4615,0.0486,0,0.5022,price_proxy,,,,
2019-07-16,0.5039,0.0487,0,0.5337,price_proxy,,,,
2019-07-17,0.5158,0.0482,0,0.7795,price_proxy,,,,
2019-07-18,0.5158,0.047,0,0.8863,price_proxy,,,,
2019-07-19,0.5314,0.047,0,1.1152,price_proxy,,,,
2019-07-22,0.5432,0.0471,0,0.8136,price_proxy,,,,
2019-07-23,0.6331,0.0673,0,3.3649,price_proxy,,,,
2019-07-24,0.5982,0.0716,0,1.6755,price_proxy,,,,
2019-07-25,0.6412,0.0743,0,1.5174,price_proxy,,,,
2019-07-26,0.6354,0.0743,0,1.7135,price_proxy,,,,
2019-07-29,0.65,0.0736,0,1.4995,price_proxy,,,,
2019-07-30,0.5257,0.0754,0,0.8905,price_proxy,,,,
2019-07-31,0.5899,0.072,0,1.0597,price_proxy,,,,
2019-08-01,0.4524,0.088,0,1.3753,price_proxy,,,,
2019-08-02,0.4638,0.0889,0,1.2242,price_proxy,,,,
2019-08-05,0.4177,0.0899,0,0.9839,price_proxy,,,,
2019-08-06,0.4058,0.0902,0,1.2746,price_proxy,,,,
2019-08-07,0.3925,0.0893,0,0.8914,price_proxy,,,,
2019-08-08,0.4099,0.0982,0,1.8214,price_proxy,,,,
2019-08-09,0.3598,0.0986,0,0.7571,price_proxy,,,,
2019-08-12,0.3881,0.0987,0,0.5172,price_proxy,,,,
2019-08-13,0.3973,0.0996,0,0.6108,price_proxy,,,,
2019-08-14,0.4015,0.0998,0,0.5457,price_proxy,,,,
2019-08-16,0.4411,0.1011,0,0.8664,price_proxy,,,,
2019-08-19,0.5397,0.1095,0,0.696,price_proxy,,,,
2019-08-20,0.5316,0.1093,0,0.5081,price_proxy,,,,
2019-08-21,0.5641,0.0951,0,0.4477,price_proxy,,,,
2019-08-22,0.5677,0.0936,0,1.0463,price_proxy,,,,
2019-08-23,0.5729,0.0905,0,0.4493,price_proxy,,,,
2019-08-26,0.4611,0.0901,0,0.4538,price_proxy,,,,
2019-08-27,0.4572,0.0881,0,0.7889,price_proxy,,,,
2019-08-28,0.4689,0.0887,0,0.7671,price_proxy,,,,
2019-08-29,0.4576,0.0874,0,0.7245,price_proxy,,,,
2019-08-30,0.4961,0.0755,0,0.7636,price_proxy,,,,
2019-09-02,0.5198,0.0725,0,1.1485,price_proxy,,,,
2019-09-03,0.504,0.0724,0,0.8411,price_proxy,,,,
2019-09-04,0.4921,0.0703,0,1.5385,price_proxy,,,,
2019-09-05,0.4646,0.0708,0,1.3243,price_proxy,,,,
2019-09-06,0.453,0.0603,0,0.841,price_proxy,,,,
2019-09-09,0.4607,0.0595,0,0.8565,price_proxy,,,,
2019-09-10,0.504,0.0608,0,0.8668,price_proxy,,,,
2019-09-11,0.5238,0.06,0,1.9349,price_proxy,,,,
2019-09-16,0.5401,0.0599,0,1.2202,price_proxy,,,,
2019-09-17,0.5521,0.0572,0,1.6928,price_proxy,,,,
2019-09-18,0.5281,0.0395,0,0.9224,price_proxy,,,,
2019-09-19,0.5119,0.0398,0,0.9562,price_proxy,,,,
2019-09-20,0.5,0.0403,0,1.0105,price_proxy,,,,
2019-09-23,0.5707,0.052,0,2.1756,price_proxy,,,,
2019-09-24,0.5898,0.0515,0,1.3074,price_proxy,,,,
2019-09-25,0.6028,0.0484,0,1.5691,price_proxy,,,,
2019-09-26,0.563,0.0518,0,0.8764,price_proxy,,,,
2019-09-27,0.5157,0.0551,0,0.7628,price_proxy,,,,
2019-09-30,0.4658,0.0554,0,0.6505,price_proxy,,,,
2019-10-01,0.4477,0.0554,0,0.5514,price_proxy,,,,
2019-10-02,0.406,0.0627,0,1.1847,price_proxy,,,,
2019-10-04,0.4198,0.0624,0,0.7755,price_proxy,,,,
2019-10-07,0.4573,0.0624,0,0.6366,price_proxy,,,,
2019-10-08,0.4653,0.0617,0,0.6887,price_proxy,,,,
2019-10-10,0.4655,0.0619,0,1.5118,price_proxy,,,,
2019-10-11,0.4961,0.0635,0,0.8157,price_proxy,,,,
2019-10-14,0.5318,0.063,0,0.5842,price_proxy,,,,
2019-10-15,0.5476,0.0626,0,0.6885,price_proxy,,,,
2019-10-16,0.5472,0.0632,0,0.8105,price_proxy,,,,
2019-10-17,0.5547,0.0636,0,0.9947,price_proxy,,,,
2019-10-18,0.5474,0.0645,0,0.6344,price_proxy,,,,
2019-10-21,0.5117,0.0652,0,0.6249,price_proxy,,,,
2019-10-22,0.4961,0.0649,0,0.8218,price_proxy,,,,
2019-10-23,0.4578,0.0558,0,1.0284,price_proxy,,,,
2019-10-24,0.4316,0.0526,0,1.2445,price_proxy,,,,
2019-10-25,0.473,0.0532,0,0.6447,price_proxy,,,,
2019-10-28,0.465,0.0523,0,1.2481,price_proxy,,,,
2019-10-29,0.4495,0.0497,0,1.1572,price_proxy,,,,
2019-10-30,0.5275,0.0594,0,1.8903,price_proxy,,,,
2019-10-31,0.5039,0.0612,0,1.3472,price_proxy,,,,
2019-11-01,0.4843,0.0541,0,0.638,price_proxy,,,,
2019-11-04,0.504,0.0535,0,1.3354,price_proxy,,,,
2019-11-05,0.512,0.0535,0,1.3574,price_proxy,,,,
2019-11-06,0.5735,0.0839,0,4.993,price_proxy,,,,
2019-11-07,0.6179,0.0838,0,2.0275,price_proxy,,,,
2019-11-08,0.6302,0.0823,0,1.3339,price_proxy,,,,
2019-11-11,0.6581,0.0824,0,1.2294,price_proxy,,,,
2019-11-12,0.6703,0.0821,0,0.6598,price_proxy,,,,
2019-11-13,0.5336,0.0823,0,0.7864,price_proxy,,,,
2019-11-14,0.5891,0.0882,0,1.9224,price_proxy,,,,
2019-11-15,0.5778,0.0861,0,0.8086,price_proxy,,,,
2019-11-18,0.5403,0.086,0,0.7123,price_proxy,,,,
2019-11-19,0.5511,0.0861,0,0.8219,price_proxy,,,,
2019-11-20,0.5661,0.0847,0,0.912,price_proxy,,,,
2019-11-21,0.4822,0.0855,0,0.7655,price_proxy,,,,
2019-11-22,0.4964,0.0855,0,0.4327,price_proxy,,,,
2019-11-25,0.5,0.0843,0,0.5084,price_proxy,,,,
2019-11-26,0.4786,0.0838,0,1.1287,price_proxy,,,,
2019-11-27,0.4467,0.0815,0,0.5224,price_proxy,,,,
2019-11-28,0.4713,0.0789,0,0.4521,price_proxy,,,,
2019-11-29,0.4929,0.0791,0,1.3401,price_proxy,,,,
2019-12-02,0.5287,0.0791,0,0.7442,price_proxy,,,,
2019-12-03,0.5504,0.0787,0,0.6497,price_proxy,,,,
2019-12-04,0.635,0.0547,0,1.9469,price_proxy,,,,
2019-12-05,0.5873,0.06,0,1.2788,price_proxy,,,,
2019-12-06,0.5681,0.06,0,0.6552,price_proxy,,,,
2019-12-09,0.5248,0.0606,0,0.818,price_proxy,,,,
2019-12-10,0.4754,0.0636,0,0.8924,price_proxy,,,,
2019-12-11,0.4487,0.0641,0,0.9111,price_proxy,,,,
2019-12-12,0.4268,0.0631,0,2.2412,price_proxy,,,,
2019-12-13,0.4168,0.0631,0,1.4731,price_proxy,,,,
2019-12-16,0.4196,0.0631,0,0.8011,price_proxy,,,,
2019-12-17,0.4574,0.0624,0,0.7744,price_proxy,,,,
2019-12-18,0.4719,0.0661,0,1.1977,price_proxy,,,,
2019-12-19,0.5542,0.0663,0,1.0244,price_proxy,,,,
2019-12-20,0.5253,0.0681,0,0.8343,price_proxy,,,,
2019-12-23,0.5328,0.0679,0,0.4121,price_proxy,,,,
2019-12-24,0.5254,0.0679,0,0.4642,price_proxy,,,,
2019-12-26,0.468,0.0668,0,0.75,price_proxy,,,,
2019-12-27,0.4542,0.0668,0,0.685,price_proxy,,,,
2019-12-30,0.4857,0.0649,0,0.7289,price_proxy,,,,
2020-01-02,0.543,0.0691,0,1.2802,price_proxy,,,,
2020-01-03,0.5251,0.0691,0,0.7872,price_proxy,,,,
2020-01-06,0.4964,0.0663,0,0.8025,price_proxy,,,,
2020-01-07,0.4748,0.0641,0,0.7678,price_proxy,,,,
2020-01-08,0.4029,0.0721,0,1.4642,price_proxy,,,,
2020-01-09,0.3877,0.0753,0,1.1147,price_proxy,,,,
2020-01-10,0.3903,0.0741,0,0.6749,price_proxy,,,,
2020-01-13,0.442,0.0726,0,0.451,price_proxy,,,,
2020-01-14,0.4745,0.0671,0,0.7848,price_proxy,,,,
2020-01-15,0.5491,0.0672,0,0.5055,price_proxy,,,,
2020-01-16,0.5,0.0672,0,0.6202,price_proxy,,,,
2020-01-17,0.5112,0.067,0,0.4937,price_proxy,,,,
2020-01-20,0.5075,0.0629,0,0.8664,price_proxy,,,,
2020-01-21,0.4741,0.0614,0,0.7639,price_proxy,,,,
2020-01-22,0.4779,0.0605,0,0.5944,price_proxy,,,,
2020-01-23,0.4628,0.062,0,1.0552,price_proxy,,,,
2020-01-28,0.433,0.0638,0,1.1836,price_proxy,,,,
2020-01-29,0.4294,0.0636,0,0.8538,price_proxy,,,,
2020-01-30,0.4139,0.0644,0,1.1314,price_proxy,,,,
2020-01-31,0.3918,0.0642,0,1.1295,price_proxy,,,,
2020-02-03,0.3977,0.0553,0,1.4179,price_proxy,,,,
2020-02-04,0.4461,0.0573,0,1.2792,price_proxy,,,,
2020-02-05,0.4615,0.0554,0,1.3317,price_proxy,,,,
2020-02-06,0.5,0.0559,0,1.5168,price_proxy,,,,
2020-02-07,0.5197,0.0439,0,0.8976,price_proxy,,,,
2020-02-10,0.5319,0.0388,0,0.8738,price_proxy,,,,
2020-02-11,0.5475,0.043,0,1.1497,price_proxy,,,,
2020-02-12,0.5314,0.0427,0,1.2947,price_proxy,,,,
2020-02-13,0.5117,0.041,0,1.8637,price_proxy,,,,
2020-02-14,0.5,0.0407,0,0.7625,price_proxy,,,,
2020-02-17,0.5472,0.0457,0,1.13,price_proxy,,,,
2020-02-18,0.5077,0.0458,0,1.0153,price_proxy,,,,
2020-02-19,0.5039,0.0456,0,0.8722,price_proxy,,,,
2020-02-20,0.5233,0.0455,0,1.4829,price_proxy,,,,
2020-02-21,0.5391,0.0456,0,0.8776,price_proxy,,,,
2020-02-24,0.4578,0.0491,0,1.3587,price_proxy,,,,
2020-02-25,0.3998,0.0574,0,2.5668,price_proxy,,,,
2020-02-26,0.3571,0.0618,0,1.989,price_proxy,,,,
2020-02-27,0.2769,0.0717,0,2.0378,price_proxy,,,,
2020-02-28,0.1322,0.1056,0,3.539,price_proxy,,,,
2020-03-02,0.1431,0.1059,0,2.6607,price_proxy,,,,
2020-03-03,0.2201,0.1067,0,1.5282,price_proxy,,,,
2020-03-04,0.3004,0.11,0,1.179,price_proxy,,,,
2020-03-05,0.3701,0.1094,0,1.0225,price_proxy,,,,
2020-03-06,0.4812,0.1099,0,1.0175,price_proxy,,,,
2020-03-09,0.6766,0.1456,0,3.1946,price_proxy,,,,
2020-03-10,0.5755,0.147,0,1.8869,price_proxy,,,,
2020-03-11,0.4215,0.1548,0,1.6436,price_proxy,,,,
2020-03-12,0.4028,0.1548,0,1.3681,price_proxy,,,,
2020-03-13,0.3531,0.1597,0,1.4298,price_proxy,,,,
2020-03-16,0.1667,0.1567,0,0.831,price_proxy,,,,
2020-03-17,0.1409,0.1604,0,1.3409,price_proxy,,,,
2020-03-18,0.1442,0.1635,0,0.8117,price_proxy,,,,
2020-03-19,0.0815,0.1641,0,1.0578,price_proxy,,,,
2020-03-20,0.2698,0.1868,0,0.787,price_proxy,,,,
2020-03-23,0.3211,0.1879,0,0.7711,price_proxy,,,,
2020-03-24,0.5665,0.213,0,0.7511,price_proxy,,,,
2020-03-25,0.6988,0.2137,0,1.0245,price_proxy,,,,
2020-03-26,0.7646,0.2117,0,0.7289,price_proxy,,,,
2020-03-27,0.6445,0.1984,0,0.695,price_proxy,,,,
2020-03-30,0.6908,0.2002,0,0.8807,price_proxy,,,,
2020-03-31,0.5643,0.2006,0,0.6321,price_proxy,,,,
2020-04-01,0.5213,0.1988,0,0.8475,price_proxy,,,,
2020-04-02,0.5761,0.1991,0,0.4651,price_proxy,,,,
2020-04-03,0.5485,0.1981,0,0.4358,price_proxy,,,,
2020-04-06,0.5211,0.1748,0,0.6999,price_proxy,,,,
2020-04-07,0.5,0.1726,0,0.7561,price_proxy,,,,
2020-04-08,0.5053,0.1641,0,0.5481,price_proxy,,,,
2020-04-09,0.5052,0.1641,0,0.6791,price_proxy,,,,
2020-04-10,0.6105,0.1639,0,1.5333,price_proxy,,,,
2020-04-13,0.6358,0.1614,0,1.5534,price_proxy,,,,
2020-04-14,0.7026,0.1529,0,1.0817,price_proxy,,,,
2020-04-16,0.626,0.1494,0,1.1722,price_proxy,,,,
2020-04-17,0.6514,0.1343,0,0.8768,price_proxy,,,,
2020-04-20,0.6297,0.1243,0,1.0272,price_proxy,,,,
2020-04-21,0.6027,0.1238,0,1.8044,price_proxy,,,,
2020-04-22,0.6132,0.1052,0,1.5111,price_proxy,,,,
2020-04-23,0.7914,0.1088,0,1.2014,price_proxy,,,,
2020-04-24,0.6893,0.1114,0,1.1009,price_proxy,,,,
2020-04-27,0.7342,0.122,0,1.2986,price_proxy,,,,
2020-04-28,0.714,0.1226,0,1.1927,price_proxy,,,,
2020-04-29,0.6295,0.123,0,0.823,price_proxy,,,,
2020-05-04,0.4655,0.1341,0,0.8456,price_proxy,,,,
2020-05-06,0.4867,0.1371,0,0.948,price_proxy,,,,
2020-05-07,0.3826,0.1364,0,0.6094,price_proxy,,,,
2020-05-08,0.3782,0.1371,0,0.6121,price_proxy,,,,
2020-05-11,0.3365,0.1404,0,0.757,price_proxy,,,,
2020-05-12,0.3816,0.1423,0,0.7429,price_proxy,,,,
2020-05-13,0.4643,0.1437,0,0.6381,price_proxy,,,,
2020-05-14,0.5624,0.1455,0,1.534,price_proxy,,,,
2020-05-15,0.4687,0.1569,0,1.5218,price_proxy,,,,
2020-05-18,0.468,0.1545,0,0.7844,price_proxy,,,,
2020-05-19,0.5326,0.1459,0,0.6633,price_proxy,,,,
2020-05-20,0.4591,0.146,0,0.6334,price_proxy,,,,
2020-05-21,0.3661,0.1411,0,0.6208,price_proxy,,,,
2020-05-22,0.4318,0.1421,0,0.5459,price_proxy,,,,
2020-05-25,0.4954,0.135,0,0.5949,price_proxy,,,,
2020-05-26,0.4817,0.1286,0,0.5741,price_proxy,,,,
2020-05-27,0.5046,0.1257,0,0.5667,price_proxy,,,,
2020-05-28,0.4815,0.1068,0,0.8158,price_proxy,,,,
2020-05-29,0.5329,0.1079,0,0.746,price_proxy,,,,
2020-06-01,0.5233,0.1083,0,0.6394,price_proxy,,,,
2020-06-02,0.5231,0.0991,0,0.8355,price_proxy,,,,
2020-06-03,0.5741,0.1015,0,1.555,price_proxy,,,,
2020-06-04,0.5561,0.1032,0,1.8158,price_proxy,,,,
2020-06-05,0.5648,0.1042,0,0.7585,price_proxy,,,,
2020-06-08,0.5414,0.1019,0,0.8848,price_proxy,,,,
2020-06-09,0.5641,0.1002,0,1.2018,price_proxy,,,,
2020-06-10,0.4598,0.1013,0,1.1909,price_proxy,,,,
2020-06-11,0.4818,0.083,0,1.0714,price_proxy,,,,
2020-06-12,0.3969,0.0717,0,1.1092,price_proxy,,,,
2020-06-15,0.2928,0.0923,0,1.3255,price_proxy,,,,
2020-06-16,0.3492,0.1063,0,0.7816,price_proxy,,,,
2020-06-17,0.3542,0.1084,0,0.9314,price_proxy,,,,
2020-06-18,0.3578,0.1083,0,0.634,price_proxy,,,,
2020-06-19,0.4196,0.1074,0,0.6558,price_proxy,,,,
2020-06-22,0.5151,0.1068,0,0.6126,price_proxy,,,,
2020-06-23,0.4041,0.1066,0,0.8591,price_proxy,,,,
2020-06-24,0.4509,0.1066,0,0.8885,price_proxy,,,,
2020-06-25,0.4062,0.1095,0,0.9058,price_proxy,,,,
2020-06-26,0.4163,0.1093,0,0.8827,price_proxy,,,,
2020-06-29,0.4002,0.1096,0,0.7913,price_proxy,,,,
2020-06-30,0.4647,0.1136,0,0.8519,price_proxy,,,,
2020-07-01,0.4395,0.1086,0,0.6639,price_proxy,,,,
2020-07-02,0.5052,0.1087,0,0.8908,price_proxy,,,,
2020-07-03,0.4949,0.1069,0,1.1614,price_proxy,,,,
2020-07-06,0.5315,0.107,0,1.0941,price_proxy,,,,
2020-07-07,0.4487,0.1046,0,1.8463,price_proxy,,,,
2020-07-08,0.4792,0.1031,0,1.054,price_proxy,,,,
2020-07-09,0.4638,0.1032,0,0.906,price_proxy,,,,
2020-07-10,0.4278,0.1005,0,1.1273,price_proxy,,,,
2020-07-13,0.5672,0.1119,0,2.8203,price_proxy,,,,
2020-07-14,0.5895,0.0988,0,1.0629,price_proxy,,,,
2020-07-15,0.5577,0.0966,0,1.1288,price_proxy,,,,
2020-07-16,0.5632,0.0965,0,0.9272,price_proxy,,,,
2020-07-17,0.6123,0.0969,0,0.6157,price_proxy,,,,
2020-07-20,0.495,0.0968,0,1.1116,price_proxy,,,,
2020-07-21,0.495,0.0965,0,1.0249,price_proxy,,,,
2020-07-22,0.5204,0.0965,0,0.856,price_proxy,,,,
2020-07-23,0.4796,0.0943,0,1.0419,price_proxy,,,,
2020-07-24,0.4747,0.0941,0,0.718,price_proxy,,,,
2020-07-27,0.4348,0.092,0,0.6829,price_proxy,,,,
2020-07-28,0.4343,0.0887,0,1.092,price_proxy,,,,
2020-07-29,0.4545,0.0884,0,0.6635,price_proxy,,,,
2020-07-30,0.4794,0.0886,0,0.6223,price_proxy,,,,
2020-07-31,0.459,0.0887,0,0.7721,price_proxy,,,,
2020-08-03,0.4741,0.0887,0,0.6376,price_proxy,,,,
2020-08-04,0.5052,0.0869,0,0.7132,price_proxy,,,,
2020-08-05,0.4845,0.0869,0,0.6522,price_proxy,,,,
2020-08-06,0.5156,0.0872,0,0.837,price_proxy,,,,
2020-08-07,0.5524,0.0859,0,1.3076,price_proxy,,,,
2020-08-10,0.542,0.0428,0,0.9853,price_proxy,,,,
2020-08-11,0.6875,0.0955,0,5.7621,price_proxy,,,,
2020-08-12,0.6562,0.0958,0,1.9972,price_proxy,,,,
2020-08-13,0.7274,0.1039,0,3.1627,price_proxy,,,,
2020-08-14,0.7398,0.1049,0,3.1874,price_proxy,,,,
2020-08-18,0.6131,0.1278,0,1.6308,price_proxy,,,,
2020-08-19,0.481,0.1278,0,0.7079,price_proxy,,,,
2020-08-20,0.4275,0.136,0,1.102,price_proxy,,,,
2020-08-21,0.3561,0.1339,0,0.7116,price_proxy,,,,
2020-08-24,0.3178,0.134,0,0.475,price_proxy,,,,
2020-08-25,0.5438,0.1437,0,1.2933,price_proxy,,,,
2020-08-26,0.4663,0.1468,0,0.7136,price_proxy,,,,
2020-08-27,0.5451,0.1468,0,0.6108,price_proxy,,,,
2020-08-28,0.57,0.1468,0,0.6143,price_proxy,,,,
2020-08-31,0.5551,0.1472,0,0.8746,price_proxy,,,,
2020-09-01,0.5286,0.1515,0,1.0334,price_proxy,,,,
2020-09-02,0.5685,0.1521,0,0.6809,price_proxy,,,,
2020-09-03,0.5637,0.1524,0,0.588,price_proxy,,,,
2020-09-04,0.5,0.1541,0,0.6751,price_proxy,,,,
2020-09-07,0.5146,0.1539,0,0.3882,price_proxy,,,,
2020-09-08,0.4249,0.1538,0,0.4117,price_proxy,,,,
2020-09-09,0.4196,0.1283,0,0.4538,price_proxy,,,,
2020-09-10,0.4335,0.1275,0,0.5271,price_proxy,,,,
2020-09-11,0.4614,0.1187,0,0.4134,price_proxy,,,,
2020-09-14,0.4952,0.118,0,0.5025,price_proxy,,,,
2020-09-15,0.4902,0.097,0,0.7005,price_proxy,,,,
2020-09-16,0.5197,0.0962,0,0.564,price_proxy,,,,
2020-09-17,0.5098,0.0852,0,0.8099,price_proxy,,,,
2020-09-18,0.5197,0.0852,0,0.5525,price_proxy,,,,
2020-09-21,0.5097,0.0855,0,1.043,price_proxy,,,,
2020-09-22,0.4853,0.0679,0,0.8376,price_proxy,,,,
2020-09-23,0.461,0.0626,0,0.8274,price_proxy,,,,
2020-09-24,0.4315,0.0651,0,0.9172,price_proxy,,,,
2020-09-25,0.422,0.0625,0,0.6204,price_proxy,,,,
2020-09-28,0.4517,0.0684,0,0.5556,price_proxy,,,,
2020-09-29,0.5148,0.0539,0,0.6677,price_proxy,,,,
2020-10-05,0.5498,0.055,0,0.8677,price_proxy,,,,
2020-10-06,0.5557,0.0567,0,0.9577,price_proxy,,,,
2020-10-07,0.6066,0.0595,0,1.1489,price_proxy,,,,
2020-10-08,0.5891,0.0619,0,2.1585,price_proxy,,,,
2020-10-12,0.5686,0.0612,0,1.0651,price_proxy,,,,
2020-10-13,0.5388,0.0604,0,0.8103,price_proxy,,,,
2020-10-14,0.5837,0.0606,0,1.2948,price_proxy,,,,
2020-10-15,0.553,0.0607,0,1.0812,price_proxy,,,,
2020-10-16,0.5616,0.0625,0,2.3319,price_proxy,,,,
2020-10-19,0.5284,0.0644,0,1.6382,price_proxy,,,,
2020-10-20,0.5,0.0681,0,1.1542,price_proxy,,,,
2020-10-21,0.5567,0.077,0,1.3521,price_proxy,,,,
2020-10-22,0.5188,0.0786,0,0.6558,price_proxy,,,,
2020-10-23,0.4586,0.0791,0,0.8062,price_proxy,,,,
2020-10-26,0.4486,0.0789,0,0.8113,price_proxy,,,,
2020-10-27,0.4619,0.0797,0,0.8357,price_proxy,,,,
2020-10-28,0.3897,0.077,0,0.5749,price_proxy,,,,
2020-10-29,0.3884,0.0784,0,0.9132,price_proxy,,,,
2020-10-30,0.3732,0.0761,0,1.0508,price_proxy,,,,
2020-11-02,0.452,0.0785,0,0.542,price_proxy,,,,
2020-11-03,0.4854,0.0779,0,0.6361,price_proxy,,,,
2020-11-04,0.4757,0.0767,0,0.7006,price_proxy,,,,
2020-11-05,0.5099,0.0729,0,0.8357,price_proxy,,,,
2020-11-06,0.5401,0.0702,0,0.6689,price_proxy,,,,
2020-11-09,0.5098,0.0706,0,0.7716,price_proxy,,,,
2020-11-10,0.5244,0.0719,0,1.0564,price_proxy,,,,
2020-11-11,0.5936,0.0772,0,1.5872,price_proxy,,,,
2020-11-12,0.5539,0.0782,0,2.0837,price_proxy,,,,
2020-11-13,0.5983,0.0776,0,1.9342,price_proxy,,,,
2020-11-16,0.5636,0.0767,0,1.3657,price_proxy,,,,
2020-11-17,0.5918,0.0788,0,2.5272,price_proxy,,,,
2020-11-18,0.5141,0.0701,0,1.0871,price_proxy,,,,
2020-11-19,0.5095,0.0712,0,1.0874,price_proxy,,,,
2020-11-20,0.4859,0.071,0,0.735,price_proxy,,,,
2020-11-23,0.5427,0.0691,0,1.1246,price_proxy,,,,
2020-11-24,0.5831,0.0819,0,3.4114,price_proxy,,,,
2020-11-25,0.5794,0.0838,0,1.6972,price_proxy,,,,
2020-11-26,0.5855,0.0841,0,1.0563,price_proxy,,,,
2020-11-27,0.566,0.0811,0,0.8751,price_proxy,,,,
2020-11-30,0.4907,0.0834,0,1.0664,price_proxy,,,,
2020-12-01,0.4157,0.0835,0,0.6394,price_proxy,,,,
2020-12-02,0.4506,0.0827,0,0.6459,price_proxy,,,,
2020-12-03,0.5364,0.0874,0,1.4351,price_proxy,,,,
2020-12-04,0.5183,0.0887,0,0.9491,price_proxy,,,,
2020-12-07,0.542,0.0898,0,0.7776,price_proxy,,,,
2020-12-08,0.4907,0.0922,0,0.5837,price_proxy,,,,
2020-12-09,0.5645,0.0982,0,1.1654,price_proxy,,,,
2020-12-10,0.6298,0.1148,0,3.9321,price_proxy,,,,
2020-12-11,0.6538,0.1141,0,2.2036,price_proxy,,,,
2020-12-14,0.6826,0.1124,0,0.9084,price_proxy,,,,
2020-12-15,0.7326,0.1103,0,0.6989,price_proxy,,,,
2020-12-16,0.6071,0.1114,0,0.7204,price_proxy,,,,
2020-12-17,0.6849,0.1485,0,2.9112,price_proxy,,,,
2020-12-18,0.8782,0.1696,0,4.9817,price_proxy,,,,
2020-12-21,0.8473,0.1714,0,1.7207,price_proxy,,,,
2020-12-22,0.7333,0.178,0,1.0578,price_proxy,,,,
2020-12-23,0.7712,0.1766,0,0.7801,price_proxy,,,,
2020-12-24,0.5769,0.1746,0,0.5613,price_proxy,,,,
2020-12-28,0.4117,0.1743,0,0.5985,price_proxy,,,,
2020-12-29,0.3824,0.1751,0,0.4891,price_proxy,,,,
2020-12-30,0.5448,0.1773,0,0.9304,price_proxy,,,,
2021-01-04,0.5075,0.1802,0,0.6487,price_proxy,,,,
2021-01-05,0.4926,0.1793,0,0.5344,price_proxy,,,,
2021-01-06,0.5074,0.1778,0,0.7865,price_proxy,,,,
2021-01-07,0.5492,0.1772,0,0.4924,price_proxy,,,,
2021-01-08,0.4708,0.1748,0,0.6675,price_proxy,,,,
2021-01-11,0.4591,0.1754,0,0.7562,price_proxy,,,,
2021-01-12,0.448,0.1653,0,0.786,price_proxy,,,,
2021-01-13,0.3969,0.167,0,0.6179,price_proxy,,,,
2021-01-14,0.4187,0.167,0,0.4598,price_proxy,,,,
2021-01-15,0.3741,0.17,0,0.5601,price_proxy,,,,
2021-01-18,0.3824,0.1704,0,0.593,price_proxy,,,,
2021-01-19,0.4046,0.1304,0,0.4564,price_proxy,,,,
2021-01-20,0.4301,0.0829,0,0.6683,price_proxy,,,,
2021-01-21,0.3998,0.0829,0,0.593,price_proxy,,,,
2021-01-22,0.4091,0.073,0,0.8748,price_proxy,,,,
2021-01-25,0.4718,0.0752,0,0.7805,price_proxy,,,,
2021-01-26,0.4519,0.074,0,0.8575,price_proxy,,,,
2021-01-27,0.4437,0.0737,0,0.6055,price_proxy,,,,
2021-01-28,0.4067,0.0746,0,0.7984,price_proxy,,,,
2021-01-29,0.3923,0.0603,0,0.8947,price_proxy,,,,
2021-02-01,0.3691,0.0601,0,0.7858,price_proxy,,,,
2021-02-02,0.422,0.0687,0,0.8448,price_proxy,,,,
2021-02-03,0.4379,0.0668,0,0.5502,price_proxy,,,,
2021-02-04,0.5128,0.0694,0,0.6527,price_proxy,,,,
2021-02-05,0.5613,0.0693,0,0.4404,price_proxy,,,,
2021-02-08,0.605,0.0724,0,0.7934,price_proxy,,,,
2021-02-09,0.5769,0.0741,0,0.8033,price_proxy,,,,
2021-02-10,0.547,0.0735,0,0.7015,price_proxy,,,,
2021-02-15,0.5085,0.0726,0,0.8382,price_proxy,,,,
2021-02-16,0.5,0.069,0,0.7889,price_proxy,,,,
2021-02-17,0.4792,0.0681,0,1.0557,price_proxy,,,,
2021-02-18,0.4547,0.0675,0,0.7131,price_proxy,,,,
2021-02-19,0.4833,0.0675,0,1.257,price_proxy,,,,
2021-02-22,0.5084,0.0675,0,1.4371,price_proxy,,,,
2021-02-23,0.5085,0.0647,0,0.7109,price_proxy,,,,
2021-02-24,0.4454,0.0662,0,0.8091,price_proxy,,,,
2021-02-25,0.4663,0.0673,0,0.6409,price_proxy,,,,
2021-02-26,0.4116,0.0724,0,1.1116,price_proxy,,,,
2021-03-02,0.4203,0.0683,0,0.6922,price_proxy,,,,
2021-03-03,0.4958,0.0694,0,0.8325,price_proxy,,,,
2021-03-04,0.5173,0.0707,0,0.6793,price_proxy,,,,
2021-03-05,0.47,0.0678,0,0.5711,price_proxy,,,,
2021-03-08,0.522,0.0678,0,0.5758,price_proxy,,,,
2021-03-09,0.5087,0.0666,0,0.7815,price_proxy,,,,
2021-03-10,0.4492,0.0666,0,0.5403,price_proxy,,,,
2021-03-11,0.4615,0.0618,0,0.6615,price_proxy,,,,
2021-03-12,0.5174,0.0625,0,0.6767,price_proxy,,,,
2021-03-15,0.5261,0.0611,0,0.5851,price_proxy,,,,
2021-03-16,0.6522,0.0923,0,3.3888,price_proxy,,,,
2021-03-17,0.6391,0.092,0,1.5779,price_proxy,,,,
2021-03-18,0.6048,0.0945,0,1.1476,price_proxy,,,,
2021-03-19,0.5819,0.0944,0,0.9941,price_proxy,,,,
2021-03-22,0.4785,0.1076,0,2.6574,price_proxy,,,,
2021-03-23,0.3384,0.1079,0,1.268,price_proxy,,,,
2021-03-24,0.3537,0.1078,0,0.5244,price_proxy,,,,
2021-03-25,0.417,0.1065,0,0.9051,price_proxy,,,,
2021-03-26,0.4255,0.1063,0,0.5235,price_proxy,,,,
2021-03-29,0.5304,0.1017,0,0.5387,price_proxy,,,,
2021-03-30,0.544,0.1016,0,0.6185,price_proxy,,,,
2021-03-31,0.5307,0.0961,0,0.7472,price_proxy,,,,
2021-04-01,0.5346,0.0969,0,1.0318,price_proxy,,,,
2021-04-02,0.5172,0.0954,0,0.5508,price_proxy,,,,
2021-04-05,0.5557,0.0982,0,1.0936,price_proxy,,,,
2021-04-06,0.5516,0.0986,0,0.5002,price_proxy,,,,
2021-04-07,0.5778,0.0988,0,0.7874,price_proxy,,,,
2021-04-08,0.5298,0.0992,0,0.7992,price_proxy,,,,
2021-04-09,0.5341,0.0985,0,0.4295,price_proxy,,,,
2021-04-12,0.4875,0.0985,0,0.3554,price_proxy,,,,
2021-04-13,0.5042,0.0691,0,0.482,price_proxy,,,,
2021-04-14,0.5125,0.0705,0,0.8383,price_proxy,,,,
2021-04-15,0.521,0.0671,0,0.866,price_proxy,,,,
2021-04-16,0.5084,0.0674,0,0.6395,price_proxy,,,,
2021-04-19,0.5294,0.0428,0,1.2086,price_proxy,,,,
2021-04-20,0.5293,0.0401,0,0.8609,price_proxy,,,,
2021-04-21,0.4752,0.0443,0,1.2921,price_proxy,,,,
2021-04-22,0.5,0.0432,0,1.0682,price_proxy,,,,
2021-04-23,0.5084,0.0431,0,0.6403,price_proxy,,,,
2021-04-26,0.5,0.0433,0,1.076,price_proxy,,,,
2021-04-27,0.5412,0.048,0,2.463,price_proxy,,,,
2021-04-28,0.5335,0.0526,0,1.3014,price_proxy,,,,
2021-04-29,0.4876,0.0535,0,1.4039,price_proxy,,,,
2021-04-30,0.4667,0.0554,0,1.1601,price_proxy,,,,
2021-05-03,0.438,0.0497,0,0.9169,price_proxy,,,,
2021-05-04,0.3869,0.0495,0,0.9005,price_proxy,,,,
2021-05-06,0.4424,0.0501,0,0.8251,price_proxy,,,,
2021-05-07,0.5292,0.0589,0,1.6335,price_proxy,,,,
2021-05-10,0.5677,0.0591,0,1.0984,price_proxy,,,,
2021-05-11,0.5896,0.0591,0,1.2738,price_proxy,,,,
2021-05-12,0.5471,0.0652,0,1.3714,price_proxy,,,,
2021-05-13,0.5127,0.0639,0,0.9708,price_proxy,,,,
2021-05-14,0.4671,0.0643,0,0.8898,price_proxy,,,,
2021-05-17,0.4305,0.0653,0,0.994,price_proxy,,,,
2021-05-18,0.4551,0.0663,0,0.7054,price_proxy,,,,
2021-05-20,0.4833,0.0671,0,0.7998,price_proxy,,,,
2021-05-21,0.4916,0.0654,0,0.8758,price_proxy,,,,
2021-05-24,0.5837,0.0862,0,3.336,price_proxy,,,,
2021-05-25,0.6102,0.0862,0,1.6374,price_proxy,,,,
2021-05-26,0.6921,0.1025,0,3.2446,price_proxy,,,,
2021-05-27,0.6983,0.1011,0,2.0465,price_proxy,,,,
2021-05-28,0.6522,0.1024,0,1.5502,price_proxy,,,,
2021-05-31,0.5723,0.1012,0,0.8663,price_proxy,,,,
2021-06-01,0.5964,0.0998,0,0.9201,price_proxy,,,,
2021-06-02,0.4543,0.1016,0,1.0251,price_proxy,,,,
2021-06-03,0.4808,0.1011,0,0.7192,price_proxy,,,,
2021-06-04,0.5275,0.1011,0,0.7873,price_proxy,,,,
2021-06-07,0.6047,0.1102,0,2.3923,price_proxy,,,,
2021-06-08,0.5153,0.117,0,1.3176,price_proxy,,,,
2021-06-09,0.5429,0.1173,0,0.7142,price_proxy,,,,
2021-06-10,0.5155,0.1138,0,0.6403,price_proxy,,,,
2021-06-11,0.5271,0.1132,0,0.4303,price_proxy,,,,
2021-06-14,0.4669,0.1144,0,0.7792,price_proxy,,,,
2021-06-15,0.5266,0.1129,0,0.4581,price_proxy,,,,
2021-06-16,0.5382,0.1126,0,1.157,price_proxy,,,,
2021-06-17,0.5692,0.1112,0,0.5322,price_proxy,,,,
2021-06-18,0.5574,0.111,0,0.5607,price_proxy,,,,
2021-06-21,0.3764,0.1252,0,2.3746,price_proxy,,,,
2021-06-22,0.3799,0.1252,0,0.8165,price_proxy,,,,
2021-06-23,0.339,0.1116,0,0.9215,price_proxy,,,,
2021-06-24,0.3401,0.1121,0,0.7089,price_proxy,,,,
2021-06-25,0.3662,0.1108,0,0.5496,price_proxy,,,,
2021-06-28,0.492,0.1098,0,0.3724,price_proxy,,,,
2021-06-29,0.484,0.1089,0,0.2968,price_proxy,,,,
2021-06-30,0.5244,0.1076,0,0.3644,price_proxy,,,,
2021-07-01,0.4879,0.1076,0,0.4473,price_proxy,,,,
2021-07-02,0.4681,0.1078,0,0.3057,price_proxy,,,,
2021-07-05,0.5,0.0906,0,0.5896,price_proxy,,,,
2021-07-06,0.5201,0.0858,0,0.5217,price_proxy,,,,
2021-07-07,0.5,0.0862,0,0.4612,price_proxy,,,,
2021-07-08,0.4919,0.0869,0,0.796,price_proxy,,,,
2021-07-09,0.4676,0.0866,0,0.8435,price_proxy,,,,
2021-07-12,0.484,0.0857,0,0.5675,price_proxy,,,,
2021-07-13,0.4761,0.0859,0,0.3385,price_proxy,,,,
2021-07-14,0.492,0.0858,0,0.3407,price_proxy,,,,
2021-07-15,0.5449,0.0866,0,0.8939,price_proxy,,,,
2021-07-16,0.5617,0.0866,0,0.6557,price_proxy,,,,
2021-07-19,0.5727,0.0531,0,2.0238,price_proxy,,,,
2021-07-20,0.5685,0.0531,0,1.4781,price_proxy,,,,
2021-07-21,0.5444,0.0504,0,1.0049,price_proxy,,,,
2021-07-22,0.508,0.0505,0,1.0155,price_proxy,,,,
2021-07-23,0.508,0.0482,0,0.5582,price_proxy,,,,
2021-07-26,0.4415,0.049,0,0.8002,price_proxy,,,,
2021-07-27,0.4298,0.0492,0,0.7184,price_proxy,,,,
2021-07-28,0.4723,0.05,0,0.5728,price_proxy,,,,
2021-07-29,0.492,0.0488,0,0.4367,price_proxy,,,,
2021-07-30,0.4801,0.0492,0,0.7809,price_proxy,,,,
2021-08-02,0.5402,0.0525,0,1.3918,price_proxy,,,,
2021-08-03,0.5444,0.0525,0,0.8347,price_proxy,,,,
2021-08-04,0.5361,0.0512,0,0.6934,price_proxy,,,,
2021-08-05,0.52,0.0487,0,0.6086,price_proxy,,,,
2021-08-06,0.5442,0.0477,0,0.8833,price_proxy,,,,
2021-08-09,0.4882,0.0452,0,0.7892,price_proxy,,,,
2021-08-10,0.496,0.0452,0,0.6939,price_proxy,,,,
2021-08-11,0.4724,0.0461,0,0.8351,price_proxy,,,,
2021-08-12,0.4723,0.0445,0,1.0543,price_proxy,,,,
2021-08-13,0.445,0.0453,0,1.3827,price_proxy,,,,
2021-08-17,0.4208,0.041,0,1.3858,price_proxy,,,,
2021-08-18,0.4327,0.042,0,0.8048,price_proxy,,,,
2021-08-19,0.3882,0.0504,0,1.7475,price_proxy,,,,
2021-08-20,0.4078,0.0514,0,1.146,price_proxy,,,,
2021-08-23,0.4354,0.0522,0,0.7185,price_proxy,,,,
2021-08-24,0.4918,0.0526,0,0.7419,price_proxy,,,,
2021-08-25,0.4795,0.0524,0,0.6054,price_proxy,,,,
2021-08-26,0.5169,0.0526,0,0.9886,price_proxy,,,,
2021-08-27,0.5042,0.0523,0,0.7792,price_proxy,,,,
2021-08-30,0.4875,0.0521,0,0.7358,price_proxy,,,,
2021-08-31,0.4876,0.0475,0,1.0778,price_proxy,,,,
2021-09-01,0.4917,0.0477,0,0.7912,price_proxy,,,,
2021-09-02,0.5,0.0475,0,0.8185,price_proxy,,,,
2021-09-03,0.4916,0.0475,0,0.9018,price_proxy,,,,
2021-09-06,0.5126,0.0482,0,0.7141,price_proxy,,,,
2021-09-07,0.4833,0.048,0,0.5189,price_proxy,,,,
2021-09-08,0.4459,0.0501,0,1.6999,price_proxy,,,,
2021-09-09,0.4413,0.0504,0,1.314,price_proxy,,,,
2021-09-10,0.4663,0.0521,0,0.7872,price_proxy,,,,
2021-09-13,0.4916,0.058,0,1.9053,price_proxy,,,,
2021-09-14,0.5,0.0542,0,1.0061,price_proxy,,,,
2021-09-15,0.5513,0.0546,0,1.2166,price_proxy,,,,
2021-09-16,0.595,0.0443,0,0.93,price_proxy,,,,
2021-09-17,0.5985,0.0451,0,1.3739,price_proxy,,,,
2021-09-23,0.5294,0.047,0,4.2404,price_proxy,,,,
2021-09-24,0.5,0.0494,0,1.4726,price_proxy,,,,
2021-09-27,0.4875,0.0495,0,0.6553,price_proxy,,,,
2021-09-28,0.4423,0.0496,0,0.889,price_proxy,,,,
2021-09-29,0.4306,0.0498,0,0.8153,price_proxy,,,,
2021-09-30,0.4463,0.05,0,0.4633,price_proxy,,,,
2021-10-01,0.4706,0.0491,0,0.6568,price_proxy,,,,
2021-10-05,0.4539,0.0493,0,0.8171,price_proxy,,,,
2021-10-06,0.4448,0.0516,0,1.1924,price_proxy,,,,
2021-10-07,0.445,0.0519,0,0.6387,price_proxy,,,,
2021-10-08,0.4363,0.0512,0,0.6734,price_proxy,,,,
2021-10-12,0.3977,0.0561,0,0.9485,price_proxy,,,,
2021-10-13,0.4614,0.0624,0,0.813,price_proxy,,,,
2021-10-14,0.4869,0.0616,0,0.8729,price_proxy,,,,
2021-10-15,0.4957,0.0617,0,0.8969,price_proxy,,,,
2021-10-18,0.5132,0.0565,0,0.5639,price_proxy,,,,
2021-10-19,0.5629,0.0565,0,0.4032,price_proxy,,,,
2021-10-20,0.4912,0.0558,0,0.574,price_proxy,,,,
2021-10-21,0.5396,0.0592,0,0.7398,price_proxy,,,,
2021-10-22,0.5,0.0581,0,0.4194,price_proxy,,,,
2021-10-25,0.5044,0.0575,0,0.465,price_proxy,,,,
2021-10-26,0.5,0.0553,0,0.6467,price_proxy,,,,
2021-10-27,0.5132,0.0551,0,0.7317,price_proxy,,,,
2021-10-28,0.4569,0.0544,0,0.7622,price_proxy,,,,
2021-10-29,0.4695,0.0541,0,0.8678,price_proxy,,,,
2021-11-01,0.4696,0.0542,0,0.5567,price_proxy,,,,
2021-11-02,0.5,0.0564,0,0.6694,price_proxy,,,,
2021-11-03,0.4738,0.0582,0,0.7244,price_proxy,,,,
2021-11-04,0.5396,0.0615,0,1.9366,price_proxy,,,,
2021-11-05,0.5442,0.0614,0,1.0857,price_proxy,,,,
2021-11-08,0.5971,0.0672,0,2.3886,price_proxy,,,,
2021-11-09,0.5392,0.0634,0,1.2998,price_proxy,,,,
2021-11-10,0.5531,0.0583,0,1.053,price_proxy,,,,
2021-11-11,0.4698,0.0612,0,1.0529,price_proxy,,,,
2021-11-12,0.5043,0.0626,0,0.9042,price_proxy,,,,
2021-11-15,0.4242,0.0642,0,1.0437,price_proxy,,,,
2021-11-16,0.4487,0.0643,0,0.7187,price_proxy,,,,
2021-11-17,0.431,0.0663,0,1.4569,price_proxy,,,,
2021-11-18,0.4561,0.0623,0,0.6958,price_proxy,,,,
2021-11-19,0.4266,0.0615,0,0.727,price_proxy,,,,
2021-11-22,0.4519,0.0614,0,0.7249,price_proxy,,,,
2021-11-23,0.4693,0.062,0,0.7855,price_proxy,,,,
2021-11-24,0.4911,0.0623,0,0.7896,price_proxy,,,,
2021-11-25,0.4955,0.0618,0,0.6394,price_proxy,,,,
2021-11-26,0.4776,0.0623,0,0.9898,price_proxy,,,,
2021-11-29,0.4327,0.0661,0,1.3284,price_proxy,,,,
2021-11-30,0.3486,0.0732,0,2.04,price_proxy,,,,
2021-12-01,0.3789,0.0738,0,1.0013,price_proxy,,,,
2021-12-02,0.4281,0.0736,0,0.994,price_proxy,,,,
2021-12-03,0.4637,0.0749,0,0.6346,price_proxy,,,,
2021-12-06,0.5093,0.0665,0,0.6482,price_proxy,,,,
2021-12-07,0.6108,0.0675,0,0.6546,price_proxy,,,,
2021-12-08,0.6193,0.0695,0,1.139,price_proxy,,,,
2021-12-09,0.5839,0.068,0,1.1221,price_proxy,,,,
2021-12-10,0.5462,0.066,0,0.5686,price_proxy,,,,
2021-12-13,0.5092,0.0672,0,0.9995,price_proxy,,,,
2021-12-14,0.4726,0.0673,0,0.7755,price_proxy,,,,
2021-12-15,0.4414,0.0652,0,0.3946,price_proxy,,,,
2021-12-16,0.4329,0.0653,0,0.6551,price_proxy,,,,
2021-12-17,0.4639,0.0659,0,0.7594,price_proxy,,,,
2021-12-20,0.4494,0.0707,0,1.1172,price_proxy,,,,
2021-12-21,0.4769,0.0707,0,0.7479,price_proxy,,,,
2021-12-22,0.4722,0.0706,0,0.6164,price_proxy,,,,
2021-12-23,0.4769,0.071,0,0.9836,price_proxy,,,,
2021-12-24,0.477,0.0712,0,0.8664,price_proxy,,,,
2021-12-27,0.5236,0.067,0,1.1439,price_proxy,,,,
2021-12-28,0.6077,0.0727,0,5.755,price_proxy,,,,
2021-12-29,0.58,0.076,0,1.3522,price_proxy,,,,
2021-12-30,0.5703,0.0723,0,0.7248,price_proxy,,,,
2022-01-03,0.5791,0.0726,0,0.7592,price_proxy,,,,
2022-01-04,0.5513,0.0749,0,1.0512,price_proxy,,,,
2022-01-05,0.4378,0.0746,0,0.9396,price_proxy,,,,
2022-01-06,0.4412,0.0748,0,0.9311,price_proxy,,,,
2022-01-07,0.4593,0.0752,0,0.5523,price_proxy,,,,
2022-01-10,0.4239,0.0749,0,0.4924,price_proxy,,,,
2022-01-11,0.4545,0.0726,0,0.6037,price_proxy,,,,
2022-01-12,0.4908,0.0729,0,0.544,price_proxy,,,,
2022-01-13,0.5466,0.0738,0,0.9859,price_proxy,,,,
2022-01-14,0.4769,0.0788,0,0.8159,price_proxy,,,,
2022-01-17,0.4814,0.0785,0,0.51,price_proxy,,,,
2022-01-18,0.4442,0.0764,0,0.8649,price_proxy,,,,
2022-01-19,0.4309,0.076,0,0.6298,price_proxy,,,,
2022-01-20,0.418,0.0761,0,0.506,price_proxy,,,,
2022-01-21,0.486,0.0766,0,0.4676,price_proxy,,,,
2022-01-24,0.4718,0.0771,0,0.6254,price_proxy,,,,
2022-01-25,0.4761,0.0789,0,1.0657,price_proxy,,,,
2022-01-26,0.4809,0.0558,0,0.8062,price_proxy,,,,
2022-01-27,0.4097,0.0613,0,1.5272,price_proxy,,,,
2022-01-28,0.4388,0.0688,0,0.985,price_proxy,,,,
2022-02-03,0.5095,0.0733,0,1.1321,price_proxy,,,,
2022-02-04,0.5726,0.0739,0,0.7962,price_proxy,,,,
2022-02-07,0.6108,0.0778,0,1.7804,price_proxy,,,,
2022-02-08,0.7139,0.0772,0,1.9099,price_proxy,,,,
2022-02-09,0.6553,0.0768,0,1.0589,price_proxy,,,,
2022-02-10,0.6754,0.0835,0,1.4933,price_proxy,,,,
2022-02-11,0.6028,0.0869,0,1.2066,price_proxy,,,,
2022-02-14,0.5274,0.0881,0,0.9325,price_proxy,,,,
2022-02-15,0.4551,0.0902,0,0.9941,price_proxy,,,,
2022-02-16,0.518,0.0911,0,0.9073,price_proxy,,,,
2022-02-17,0.4303,0.092,0,1.0016,price_proxy,,,,
2022-02-18,0.5089,0.0908,0,1.2161,price_proxy,,,,
2022-02-21,0.536,0.0909,0,1.0008,price_proxy,,,,
2022-02-22,0.5644,0.0916,0,0.8221,price_proxy,,,,
2022-02-23,0.5,0.0915,0,0.5411,price_proxy,,,,
2022-02-24,0.5135,0.0905,0,1.0838,price_proxy,,,,
2022-02-25,0.4292,0.0921,0,1.4704,price_proxy,,,,
2022-02-28,0.5531,0.1128,0,4.1943,price_proxy,,,,
2022-03-02,0.5624,0.1054,0,1.4786,price_proxy,,,,
2022-03-03,0.6518,0.1099,0,2.7402,price_proxy,,,,
2022-03-04,0.6525,0.1091,0,0.9891,price_proxy,,,,
2022-03-07,0.6422,0.1144,0,1.1276,price_proxy,,,,
2022-03-08,0.5259,0.1125,0,1.1198,price_proxy,,,,
2022-03-10,0.608,0.1178,0,2.6097,price_proxy,,,,
2022-03-11,0.5539,0.1179,0,1.4863,price_proxy,,,,
2022-03-14,0.5458,0.1144,0,1.2192,price_proxy,,,,
2022-03-15,0.5985,0.1116,0,0.6572,price_proxy,,,,
2022-03-16,0.5979,0.1099,0,0.684,price_proxy,,,,
2022-03-17,0.4877,0.1088,0,1.0397,price_proxy,,,,
2022-03-18,0.4394,0.1066,0,0.8463,price_proxy,,,,
2022-03-21,0.3574,0.1201,0,1.5705,price_proxy,,,,
2022-03-22,0.3816,0.1188,0,0.6,price_proxy,,,,
2022-03-23,0.3742,0.1188,0,0.4664,price_proxy,,,,
2022-03-24,0.401,0.1185,0,0.5723,price_proxy,,,,
2022-03-25,0.4208,0.1184,0,0.4076,price_proxy,,,,
2022-03-28,0.5351,0.1183,0,0.4238,price_proxy,,,,
2022-03-29,0.4566,0.1198,0,0.9718,price_proxy,,,,
2022-03-30,0.4654,0.098,0,0.5194,price_proxy,,,,
2022-03-31,0.4653,0.098,0,0.5321,price_proxy,,,,
2022-04-01,0.4913,0.0879,0,0.8279,price_proxy,,,,
2022-04-04,0.5043,0.0893,0,0.6069,price_proxy,,,,
2022-04-05,0.5399,0.0853,0,0.384,price_proxy,,,,
2022-04-06,0.5044,0.0856,0,0.626,price_proxy,,,,
2022-04-07,0.4426,0.0796,0,1.2526,price_proxy,,,,
2022-04-08,0.4216,0.0771,0,0.5893,price_proxy,,,,
2022-04-11,0.3839,0.0771,0,0.6508,price_proxy,,,,
2022-04-12,0.3783,0.0774,0,0.6626,price_proxy,,,,
2022-04-13,0.4429,0.0826,0,0.521,price_proxy,,,,
2022-04-14,0.4909,0.0818,0,0.8269,price_proxy,,,,
2022-04-15,0.4728,0.0816,0,0.6159,price_proxy,,,,
2022-04-18,0.4954,0.0645,0,0.5617,price_proxy,,,,
2022-04-19,0.5093,0.063,0,0.7423,price_proxy,,,,
2022-04-20,0.4276,0.0648,0,1.3256,price_proxy,,,,
2022-04-21,0.4817,0.0691,0,0.8055,price_proxy,,,,
2022-04-22,0.4724,0.0696,0,0.6468,price_proxy,,,,
2022-04-25,0.4405,0.0692,0,0.6755,price_proxy,,,,
2022-04-26,0.4677,0.0649,0,0.5209,price_proxy,,,,
2022-04-27,0.4765,0.0651,0,0.8847,price_proxy,,,,
2022-04-28,0.606,0.1149,0,3.1621,price_proxy,,,,
2022-04-29,0.6538,0.1146,0,2.4448,price_proxy,,,,
2022-05-02,0.6179,0.1176,0,1.09,price_proxy,,,,
2022-05-03,0.5749,0.1179,0,0.9069,price_proxy,,,,
2022-05-04,0.6805,0.1239,0,2.1177,price_proxy,,,,
2022-05-06,0.5,0.1183,0,0.9566,price_proxy,,,,
2022-05-09,0.4567,0.1191,0,1.1498,price_proxy,,,,
2022-05-10,0.5134,0.1187,0,1.424,price_proxy,,,,
2022-05-11,0.4955,0.1204,0,0.8719,price_proxy,,,,
2022-05-12,0.439,0.1181,0,0.9879,price_proxy,,,,
2022-05-13,0.4825,0.1189,0,0.8316,price_proxy,,,,
2022-05-16,0.5044,0.1186,0,0.6849,price_proxy,,,,
2022-05-17,0.5133,0.1186,0,0.7643,price_proxy,,,,
2022-05-18,0.5407,0.1188,0,0.5897,price_proxy,,,,
2022-05-19,0.5225,0.1166,0,0.8606,price_proxy,,,,
2022-05-20,0.5088,0.1157,0,0.6579,price_proxy,,,,
2022-05-23,0.5044,0.1148,0,0.3461,price_proxy,,,,
2022-05-24,0.5659,0.1183,0,2.8813,price_proxy,,,,
2022-05-25,0.5931,0.1183,0,0.8977,price_proxy,,,,
2022-05-26,0.6156,0.1164,0,0.9239,price_proxy,,,,
2022-05-27,0.5923,0.0759,0,0.6045,price_proxy,,,,
2022-05-30,0.5529,0.079,0,0.9067,price_proxy,,,,
2022-05-31,0.4872,0.0722,0,1.3503,price_proxy,,,,
2022-06-02,0.4449,0.0733,0,0.7853,price_proxy,,,,
2022-06-03,0.4454,0.0632,0,0.4354,price_proxy,,,,
2022-06-07,0.4286,0.0637,0,0.8105,price_proxy,,,,
2022-06-08,0.5258,0.0689,0,1.0055,price_proxy,,,,
2022-06-09,0.4914,0.0712,0,0.8243,price_proxy,,,,
2022-06-10,0.4782,0.0719,0,0.8336,price_proxy,,,,
2022-06-13,0.392,0.0814,0,1.2872,price_proxy,,,,
2022-06-14,0.4216,0.0792,0,0.9388,price_proxy,,,,
2022-06-15,0.3898,0.0803,0,1.0668,price_proxy,,,,
2022-06-16,0.4613,0.0838,0,1.5334,price_proxy,,,,
2022-06-17,0.5,0.0834,0,1.2062,price_proxy,,,,
2022-06-20,0.4817,0.0959,0,1.261,price_proxy,,,,
2022-06-21,0.4773,0.0951,0,0.5559,price_proxy,,,,
2022-06-22,0.4507,0.0951,0,0.5947,price_proxy,,,,
2022-06-23,0.3728,0.0869,0,1.0724,price_proxy,,,,
2022-06-24,0.4824,0.1066,0,1.5059,price_proxy,,,,
2022-06-27,0.606,0.1077,0,1.7298,price_proxy,,,,
2022-06-28,0.5183,0.114,0,1.6378,price_proxy,,,,
2022-06-29,0.5552,0.1141,0,0.8434,price_proxy,,,,
2022-06-30,0.6124,0.1146,0,1.0129,price_proxy,,,,
2022-07-01,0.5089,0.1133,0,0.6616,price_proxy,,,,
2022-07-04,0.4781,0.1128,0,0.6653,price_proxy,,,,
2022-07-05,0.5864,0.1138,0,0.747,price_proxy,,,,
2022-07-06,0.4821,0.115,0,0.7783,price_proxy,,,,
2022-07-07,0.4867,0.1152,0,0.5222,price_proxy,,,,
2022-07-08,0.4646,0.1129,0,0.4566,price_proxy,,,,
2022-07-11,0.4292,0.108,0,0.7995,price_proxy,,,,
2022-07-12,0.4259,0.1088,0,0.5771,price_proxy,,,,
2022-07-13,0.4729,0.1087,0,0.5026,price_proxy,,,,
2022-07-14,0.4196,0.1066,0,0.8443,price_proxy,,,,
2022-07-15,0.4369,0.1067,0,0.7773,price_proxy,,,,
2022-07-18,0.4908,0.0966,0,0.6426,price_proxy,,,,
2022-07-19,0.4819,0.0969,0,0.678,price_proxy,,,,
2022-07-20,0.5046,0.0969,0,0.6436,price_proxy,,,,
2022-07-21,0.5233,0.095,0,0.5811,price_proxy,,,,
2022-07-22,0.514,0.0746,0,0.4146,price_proxy,,,,
2022-07-25,0.5276,0.0748,0,0.5825,price_proxy,,,,
2022-07-26,0.5137,0.0635,0,0.7784,price_proxy,,,,
2022-07-27,0.5274,0.0615,0,0.7913,price_proxy,,,,
2022-07-28,0.5414,0.0607,0,0.8753,price_proxy,,,,
2022-07-29,0.5647,0.0611,0,0.9284,price_proxy,,,,
2022-08-01,0.5045,0.0626,0,0.6876,price_proxy,,,,
2022-08-02,0.4773,0.0606,0,0.8708,price_proxy,,,,
2022-08-03,0.473,0.049,0,0.7546,price_proxy,,,,
2022-08-04,0.464,0.0473,0,0.983,price_proxy,,,,
2022-08-05,0.4508,0.0466,0,0.8843,price_proxy,,,,
2022-08-08,0.4683,0.0427,0,1.0404,price_proxy,,,,
2022-08-09,0.5092,0.0412,0,0.9059,price_proxy,,,,
2022-08-10,0.4817,0.0406,0,1.0302,price_proxy,,,,
2022-08-11,0.5,0.0369,0,1.5628,price_proxy,,,,
2022-08-12,0.5275,0.0394,0,1.2326,price_proxy,,,,
2022-08-16,0.5,0.0434,0,1.568,price_proxy,,,,
2022-08-17,0.4817,0.0422,0,1.1184,price_proxy,,,,
2022-08-18,0.4862,0.0427,0,0.9947,price_proxy,,,,
2022-08-19,0.4725,0.0422,0,1.0964,price_proxy,,,,
2022-08-22,0.4276,0.043,0,0.8732,price_proxy,,,,
2022-08-23,0.4263,0.0427,0,1.4614,price_proxy,,,,
2022-08-24,0.3756,0.0492,0,2.468,price_proxy,,,,
2022-08-25,0.4304,0.0554,0,1.167,price_proxy,,,,
2022-08-26,0.4395,0.0556,0,1.144,price_proxy,,,,
2022-08-29,0.4343,0.0553,0,0.9034,price_proxy,,,,
2022-08-30,0.4856,0.0555,0,0.9065,price_proxy,,,,
2022-08-31,0.559,0.0562,0,1.7484,price_proxy,,,,
2022-09-01,0.4567,0.0623,0,1.1862,price_proxy,,,,
2022-09-02,0.4041,0.0662,0,1.9136,price_proxy,,,,
2022-09-05,0.4272,0.0662,0,0.7319,price_proxy,,,,
2022-09-06,0.4181,0.0666,0,0.5464,price_proxy,,,,
2022-09-07,0.3711,0.0658,0,0.777,price_proxy,,,,
2022-09-08,0.4312,0.0662,0,0.6806,price_proxy,,,,
2022-09-13,0.5101,0.0689,0,0.7493,price_proxy,,,,
2022-09-14,0.4597,0.0691,0,0.7364,price_proxy,,,,
2022-09-15,0.4447,0.0679,0,0.7327,price_proxy,,,,
2022-09-16,0.4286,0.07,0,1.3387,price_proxy,,,,
2022-09-19,0.4847,0.0811,0,0.8926,price_proxy,,,,
2022-09-20,0.4649,0.0817,0,0.5632,price_proxy,,,,
2022-09-21,0.5308,0.0825,0,0.8952,price_proxy,,,,
2022-09-22,0.5982,0.0871,0,1.4727,price_proxy,,,,
2022-09-23,0.5899,0.0873,0,0.693,price_proxy,,,,
2022-09-26,0.5769,0.0884,0,1.9917,price_proxy,,,,
2022-09-27,0.5561,0.0884,0,0.8487,price_proxy,,,,
2022-09-28,0.4443,0.1004,0,1.1021,price_proxy,,,,
2022-09-29,0.4409,0.1046,0,0.8337,price_proxy,,,,
2022-09-30,0.5354,0.1066,0,2.4632,price_proxy,,,,
2022-10-04,0.4605,0.1032,0,0.8919,price_proxy,,,,
2022-10-05,0.4404,0.1011,0,0.8561,price_proxy,,,,
2022-10-06,0.5365,0.1011,0,0.5881,price_proxy,,,,
2022-10-07,0.4645,0.1015,0,0.8003,price_proxy,,,,
2022-10-11,0.3358,0.1116,0,1.3512,price_proxy,,,,
2022-10-12,0.3287,0.1123,0,1.1896,price_proxy,,,,
2022-10-13,0.2647,0.1201,0,1.8436,price_proxy,,,,
2022-10-14,0.2494,0.1184,0,1.3175,price_proxy,,,,
2022-10-17,0.2674,0.1186,0,0.9653,price_proxy,,,,
2022-10-18,0.3537,0.1171,0,0.8228,price_proxy,,,,
2022-10-19,0.3788,0.1099,0,0.6828,price_proxy,,,,
2022-10-20,0.442,0.1097,0,0.9818,price_proxy,,,,
2022-10-21,0.4591,0.1088,0,0.6944,price_proxy,,,,
2022-10-24,0.4532,0.1014,0,0.7289,price_proxy,,,,
2022-10-25,0.4591,0.1003,0,0.6622,price_proxy,,,,
2022-10-26,0.4531,0.0932,0,1.113,price_proxy,,,,
2022-10-27,0.5418,0.1009,0,1.054,price_proxy,,,,
2022-10-28,0.5358,0.091,0,0.5205,price_proxy,,,,
2022-10-31,0.506,0.0845,0,0.9809,price_proxy,,,,
2022-11-01,0.5537,0.0873,0,1.3175,price_proxy,,,,
2022-11-02,0.512,0.0894,0,1.3093,price_proxy,,,,
2022-11-03,0.4532,0.0892,0,0.7498,price_proxy,,,,
2022-11-04,0.4765,0.0906,0,0.8053,price_proxy,,,,
2022-11-07,0.5179,0.0912,0,1.0799,price_proxy,,,,
2022-11-08,0.4884,0.0814,0,1.1389,price_proxy,,,,
2022-11-09,0.7209,0.1252,0,3.2087,price_proxy,,,,
2022-11-10,0.6737,0.1155,0,1.4409,price_proxy,,,,
2022-11-11,0.7552,0.1236,0,1.6685,price_proxy,,,,
2022-11-14,0.7959,0.1245,0,1.5546,price_proxy,,,,
2022-11-15,0.7632,0.1247,0,0.6723,price_proxy,,,,
2022-11-16,0.6129,0.1246,0,0.781,price_proxy,,,,
2022-11-17,0.6543,0.1223,0,0.706,price_proxy,,,,
2022-11-18,0.5737,0.122,0,0.8541,price_proxy,,,,
2022-11-21,0.5103,0.123,0,0.4661,price_proxy,,,,
2022-11-22,0.5,0.1241,0,0.3295,price_proxy,,,,
2022-11-23,0.5254,0.125,0,0.6288,price_proxy,,,,
2022-11-24,0.5307,0.1239,0,0.2957,price_proxy,,,,
2022-11-25,0.5457,0.1236,0,0.7926,price_proxy,,,,
2022-11-28,0.5513,0.1214,0,0.5921,price_proxy,,,,
2022-11-29,0.593,0.1199,0,0.6278,price_proxy,,,,
2022-11-30,0.5804,0.1142,0,2.256,price_proxy,,,,
2022-12-01,0.5806,0.1141,0,0.4874,price_proxy,,,,
2022-12-02,0.4752,0.1247,0,0.9302,price_proxy,,,,
2022-12-05,0.485,0.1251,0,0.5841,price_proxy,,,,
2022-12-06,0.4407,0.1265,0,0.4301,price_proxy,,,,
2022-12-07,0.413,0.0893,0,0.6386,price_proxy,,,,
2022-12-08,0.3741,0.0888,0,1.014,price_proxy,,,,
2022-12-09,0.6106,0.1162,0,2.7345,price_proxy,,,,
2022-12-12,0.5806,0.117,0,0.8354,price_proxy,,,,
2022-12-13,0.6069,0.1168,0,0.6476,price_proxy,,,,
2022-12-14,0.601,0.1161,0,0.7065,price_proxy,,,,
2022-12-15,0.655,0.1158,0,1.26,price_proxy,,,,
2022-12-16,0.5619,0.1215,0,3.2537,price_proxy,,,,
2022-12-19,0.563,0.1225,0,0.9905,price_proxy,,,,
2022-12-20,0.5676,0.1218,0,0.9123,price_proxy,,,,
2022-12-21,0.601,0.1203,0,1.0368,price_proxy,,,,
2022-12-22,0.5863,0.1205,0,0.8579,price_proxy,,,,
2022-12-23,0.5231,0.12,0,1.6853,price_proxy,,,,
2022-12-26,0.5376,0.1202,0,0.7601,price_proxy,,,,
2022-12-27,0.5093,0.1207,0,1.1872,price_proxy,,,,
2022-12-28,0.5549,0.1269,0,2.3332,price_proxy,,,,
2022-12-29,0.5046,0.1316,0,1.471,price_proxy,,,,
2023-01-02,0.2671,0.1758,0,2.587,price_proxy,,,,
2023-01-03,0.2972,0.176,0,0.8445,price_proxy,,,,
2023-01-04,0.3186,0.1757,0,0.5377,price_proxy,,,,
2023-01-05,0.2639,0.1761,0,0.7211,price_proxy,,,,
2023-01-06,0.289,0.175,0,0.6618,price_proxy,,,,
2023-01-09,0.5258,0.1479,0,0.9116,price_proxy,,,,
2023-01-10,0.5205,0.1473,0,0.5895,price_proxy,,,,
2023-01-11,0.5,0.1474,0,0.6543,price_proxy,,,,
2023-01-12,0.5,0.1481,0,1.1016,price_proxy,,,,
2023-01-13,0.5718,0.1499,0,0.6022,price_proxy,,,,
2023-01-16,0.5459,0.1433,0,0.5717,price_proxy,,,,
2023-01-17,0.5305,0.1426,0,0.459,price_proxy,,,,
2023-01-18,0.5614,0.1428,0,0.4334,price_proxy,,,,
2023-01-19,0.5505,0.1409,0,0.575,price_proxy,,,,
2023-01-20,0.5198,0.1411,0,0.3589,price_proxy,,,,
2023-01-25,0.52,0.1408,0,0.6666,price_proxy,,,,
2023-01-26,0.525,0.1407,0,0.5986,price_proxy,,,,
2023-01-27,0.5149,0.1406,0,0.6851,price_proxy,,,,
2023-01-30,0.4852,0.1307,0,0.5945,price_proxy,,,,
2023-01-31,0.4451,0.1285,0,1.016,price_proxy,,,,
2023-02-01,0.4417,0.0456,0,1.3876,price_proxy,,,,
2023-02-02,0.4249,0.046,0,1.5327,price_proxy,,,,
2023-02-03,0.4074,0.0464,0,1.5043,price_proxy,,,,
2023-02-06,0.4057,0.0447,0,1.0117,price_proxy,,,,
2023-02-07,0.4234,0.0424,0,1.0914,price_proxy,,,,
2023-02-08,0.4664,0.0446,0,0.9087,price_proxy,,,,
2023-02-09,0.4713,0.0444,0,0.9009,price_proxy,,,,
2023-02-10,0.4783,0.0439,0,0.7999,price_proxy,,,,
2023-02-13,0.5104,0.0424,0,0.8265,price_proxy,,,,
2023-02-14,0.5094,0.0353,0,0.888,price_proxy,,,,
2023-02-15,0.3883,0.0597,0,2.7181,price_proxy,,,,
2023-02-16,0.4073,0.0603,0,1.3138,price_proxy,,,,
2023-02-17,0.4112,0.059,0,1.05,price_proxy,,,,
2023-02-20,0.4192,0.0603,0,0.6761,price_proxy,,,,
2023-02-21,0.4155,0.0595,0,0.9282,price_proxy,,,,
2023-02-22,0.4923,0.0597,0,0.7485,price_proxy,,,,
2023-02-23,0.4945,0.0604,0,0.6609,price_proxy,,,,
2023-02-24,0.5066,0.0608,0,0.6543,price_proxy,,,,
2023-02-27,0.4611,0.0611,0,1.0953,price_proxy,,,,
2023-02-28,0.4662,0.06,0,0.8059,price_proxy,,,,
2023-03-02,0.4725,0.0599,0,1.143,price_proxy,,,,
2023-03-03,0.4562,0.0597,0,0.6263,price_proxy,,,,
2023-03-06,0.463,0.0611,0,0.8272,price_proxy,,,,
2023-03-07,0.4714,0.061,0,0.783,price_proxy,,,,
2023-03-08,0.4623,0.0614,0,0.9759,price_proxy,,,,
2023-03-09,0.4621,0.0585,0,1.1528,price_proxy,,,,
2023-03-10,0.4731,0.0589,0,0.6769,price_proxy,,,,
2023-03-13,0.4434,0.059,0,0.6248,price_proxy,,,,
2023-03-14,0.4251,0.0586,0,0.8908,price_proxy,,,,
2023-03-15,0.4571,0.0598,0,0.7711,price_proxy,,,,
2023-03-16,0.467,0.0356,0,0.7261,price_proxy,,,,
2023-03-17,0.5363,0.0553,0,1.6201,price_proxy,,,,
2023-03-20,0.5914,0.0597,0,1.3382,price_proxy,,,,
2023-03-21,0.5696,0.0642,0,1.0476,price_proxy,,,,
2023-03-22,0.5496,0.0638,0,0.7143,price_proxy,,,,
2023-03-23,0.5717,0.0641,0,0.7865,price_proxy,,,,
2023-03-24,0.4989,0.0638,0,0.8723,price_proxy,,,,
2023-03-27,0.5076,0.0691,0,1.316,price_proxy,,,,
2023-03-28,0.5639,0.068,0,0.9535,price_proxy,,,,
2023-03-29,0.6025,0.069,0,1.7574,price_proxy,,,,
2023-03-30,0.6083,0.0691,0,1.2777,price_proxy,,,,
2023-03-31,0.5078,0.0866,0,2.9768,price_proxy,,,,
2023-04-03,0.4467,0.0865,0,0.8643,price_proxy,,,,
2023-04-04,0.4598,0.0866,0,0.5599,price_proxy,,,,
2023-04-05,0.4293,0.0857,0,0.6124,price_proxy,,,,
2023-04-06,0.4195,0.0854,0,0.9355,price_proxy,,,,
2023-04-07,0.5078,0.0856,0,0.6012,price_proxy,,,,
2023-04-10,0.5212,0.0851,0,0.6382,price_proxy,,,,
2023-04-11,0.52,0.0829,0,0.8265,price_proxy,,,,
2023-04-12,0.5711,0.0859,0,1.037,price_proxy,,,,
2023-04-13,0.5419,0.0865,0,1.0212,price_proxy,,,,
2023-04-14,0.5719,0.0785,0,0.9234,price_proxy,,,,
2023-04-17,0.594,0.0766,0,1.4072,price_proxy,,,,
2023-04-18,0.5308,0.0754,0,1.1334,price_proxy,,,,
2023-04-19,0.5075,0.0758,0,1.2519,price_proxy,,,,
2023-04-20,0.5465,0.0762,0,1.0859,price_proxy,,,,
2023-04-21,0.5374,0.0763,0,0.9252,price_proxy,,,,
2023-04-24,0.4683,0.0774,0,0.7028,price_proxy,,,,
2023-04-25,0.5076,0.0776,0,0.6355,price_proxy,,,,
2023-04-26,0.4679,0.0764,0,0.7444,price_proxy,,,,
2023-04-27,0.4799,0.0778,0,0.8421,price_proxy,,,,
2023-04-28,0.4581,0.0584,0,0.8962,price_proxy,,,,
2023-05-02,0.5462,0.0607,0,1.2601,price_proxy,,,,
2023-05-03,0.5291,0.0626,0,0.9838,price_proxy,,,,
2023-05-04,0.563,0.0629,0,1.1813,price_proxy,,,,
2023-05-08,0.5277,0.0627,0,0.7629,price_proxy,,,,
2023-05-09,0.56,0.0633,0,0.9026,price_proxy,,,,
2023-05-10,0.5189,0.0633,0,1.1174,price_proxy,,,,
2023-05-11,0.5542,0.0631,0,1.1773,price_proxy,,,,
2023-05-12,0.5737,0.0612,0,1.9212,price_proxy,,,,
2023-05-15,0.5284,0.0656,0,1.6816,price_proxy,,,,
2023-05-16,0.4418,0.0734,0,1.1805,price_proxy,,,,
2023-05-17,0.4137,0.0739,0,0.9451,price_proxy,,,,
2023-05-18,0.378,0.0711,0,1.0693,price_proxy,,,,
2023-05-19,0.365,0.071,0,0.7087,price_proxy,,,,
2023-05-22,0.416,0.0699,0,0.5769,price_proxy,,,,
2023-05-23,0.4946,0.0701,0,0.6274,price_proxy,,,,
2023-05-24,0.5174,0.0656,0,0.4993,price_proxy,,,,
2023-05-25,0.5264,0.0662,0,0.5971,price_proxy,,,,
2023-05-26,0.5109,0.0658,0,0.5213,price_proxy,,,,
2023-05-30,0.5043,0.0629,0,0.6061,price_proxy,,,,
2023-05-31,0.5483,0.0709,0,2.1314,price_proxy,,,,
2023-06-01,0.5883,0.0698,0,1.8723,price_proxy,,,,
2023-06-02,0.6011,0.0684,0,0.7157,price_proxy,,,,
2023-06-05,0.618,0.0688,0,0.6164,price_proxy,,,,
2023-06-07,0.5843,0.0708,0,0.8362,price_proxy,,,,
2023-06-08,0.5241,0.0696,0,0.905,price_proxy,,,,
2023-06-09,0.468,0.0708,0,0.9117,price_proxy,,,,
2023-06-12,0.4638,0.0707,0,0.4671,price_proxy,,,,
2023-06-13,0.4417,0.0674,0,0.6401,price_proxy,,,,
2023-06-14,0.4326,0.0664,0,0.935,price_proxy,,,,
2023-06-15,0.4244,0.0578,0,0.7951,price_proxy,,,,
2023-06-16,0.4738,0.0572,0,1.0532,price_proxy,,,,
2023-06-19,0.4874,0.0548,0,0.639,price_proxy,,,,
2023-06-20,0.4747,0.0543,0,0.6204,price_proxy,,,,
2023-06-21,0.4936,0.0551,0,0.9863,price_proxy,,,,
2023-06-22,0.4925,0.0544,0,0.6644,price_proxy,,,,
2023-06-23,0.4448,0.0555,0,0.6069,price_proxy,,,,
2023-06-26,0.5233,0.0707,0,1.2469,price_proxy,,,,
2023-06-27,0.6312,0.0855,0,3.5137,price_proxy,,,,
2023-06-28,0.6302,0.0867,0,1.0039,price_proxy,,,,
2023-06-29,0.6664,0.082,0,1.4518,price_proxy,,,,
2023-06-30,0.7501,0.085,0,1.5863,price_proxy,,,,
2023-07-03,0.6646,0.0847,0,1.1545,price_proxy,,,,
2023-07-04,0.5621,0.0844,0,0.7779,price_proxy,,,,
2023-07-05,0.5465,0.0852,0,0.7695,price_proxy,,,,
2023-07-06,0.5,0.0862,0,1.1191,price_proxy,,,,
2023-07-07,0.3922,0.0908,0,1.1569,price_proxy,,,,
2023-07-10,0.3867,0.0906,0,0.5995,price_proxy,,,,
2023-07-11,0.4107,0.091,0,0.7822,price_proxy,,,,
2023-07-12,0.4753,0.0892,0,0.8514,price_proxy,,,,
2023-07-13,0.5648,0.0948,0,1.6204,price_proxy,,,,
2023-07-14,0.5985,0.0961,0,0.8449,price_proxy,,,,
2023-07-17,0.5524,0.1002,0,0.6142,price_proxy,,,,
2023-07-18,0.5528,0.1,0,0.679,price_proxy,,,,
2023-07-19,0.52,0.0991,0,0.6219,price_proxy,,,,
2023-07-20,0.4614,0.0986,0,0.4737,price_proxy,,,,
2023-07-21,0.4609,0.0989,0,0.5319,price_proxy,,,,
2023-07-24,0.445,0.0964,0,1.0267,price_proxy,,,,
2023-07-25,0.4198,0.0816,0,0.7334,price_proxy,,,,
2023-07-26,0.395,0.0821,0,1.4409,price_proxy,,,,
2023-07-27,0.4212,0.0835,0,0.9557,price_proxy,,,,
2023-07-28,0.4332,0.0772,0,0.7609,price_proxy,,,,
2023-07-31,0.4763,0.0772,0,0.731,price_proxy,,,,
2023-08-01,0.5155,0.0802,0,0.7433,price_proxy,,,,
2023-08-02,0.5219,0.079,0,0.9179,price_proxy,,,,
2023-08-03,0.4979,0.0791,0,0.8331,price_proxy,,,,
2023-08-04,0.501,0.0734,0,0.6022,price_proxy,,,,
2023-08-07,0.5073,0.0737,0,0.7603,price_proxy,,,,
2023-08-08,0.4918,0.0735,0,1.1475,price_proxy,,,,
2023-08-09,0.5021,0.0712,0,1.151,price_proxy,,,,
2023-08-10,0.4538,0.0603,0,1.3502,price_proxy,,,,
2023-08-11,0.4556,0.0596,0,0.8586,price_proxy,,,,
2023-08-14,0.4336,0.0578,0,1.2811,price_proxy,,,,
2023-08-16,0.3849,0.0571,0,1.0391,price_proxy,,,,
2023-08-17,0.3751,0.0571,0,0.8961,price_proxy,,,,
2023-08-18,0.3854,0.0563,0,1.1213,price_proxy,,,,
2023-08-21,0.3787,0.0559,0,0.8759,price_proxy,,,,
2023-08-22,0.426,0.0505,0,0.5902,price_proxy,,,,
2023-08-23,0.4727,0.052,0,0.6601,price_proxy,,,,
2023-08-24,0.4824,0.051,0,0.6658,price_proxy,,,,
2023-08-25,0.4877,0.0451,0,0.8726,price_proxy,,,,
2023-08-28,0.5247,0.048,0,0.6424,price_proxy,,,,
2023-08-29,0.5123,0.0479,0,0.7487,price_proxy,,,,
2023-08-30,0.5,0.0427,0,0.6928,price_proxy,,,,
2023-08-31,0.48,0.0439,0,1.5566,price_proxy,,,,
2023-09-01,0.4989,0.0425,0,0.8378,price_proxy,,,,
2023-09-04,0.4922,0.0444,0,0.5842,price_proxy,,,,
2023-09-05,0.4779,0.0444,0,0.4168,price_proxy,,,,
2023-09-06,0.4735,0.0422,0,0.5747,price_proxy,,,,
2023-09-07,0.4989,0.0422,0,0.7751,price_proxy,,,,
2023-09-08,0.5673,0.0562,0,2.368,price_proxy,,,,
2023-09-11,0.5312,0.0568,0,0.8271,price_proxy,,,,
2023-09-12,0.5045,0.0574,0,1.0581,price_proxy,,,,
2023-09-13,0.509,0.0553,0,0.7327,price_proxy,,,,
2023-09-14,0.5359,0.0558,0,1.1249,price_proxy,,,,
2023-09-15,0.4696,0.0542,0,0.9613,price_proxy,,,,
2023-09-18,0.477,0.054,0,0.709,price_proxy,,,,
2023-09-19,0.5179,0.0534,0,0.6881,price_proxy,,,,
2023-09-20,0.5402,0.0544,0,0.7564,price_proxy,,,,
2023-09-21,0.4879,0.0566,0,0.8937,price_proxy,,,,
2023-09-22,0.4813,0.0557,0,0.7903,price_proxy,,,,
2023-09-25,0.5078,0.0549,0,0.7667,price_proxy,,,,
2023-09-26,0.4911,0.0554,0,0.804,price_proxy,,,,
2023-09-27,0.4705,0.0554,0,0.9448,price_proxy,,,,
2023-10-04,0.4423,0.0615,0,2.0979,price_proxy,,,,
2023-10-05,0.4343,0.0618,0,1.196,price_proxy,,,,
2023-10-06,0.4403,0.0623,0,0.6923,price_proxy,,,,
2023-10-10,0.4622,0.0623,0,1.3126,price_proxy,,,,
2023-10-11,0.4589,0.0623,0,0.9499,price_proxy,,,,
2023-10-12,0.5011,0.0628,0,1.2358,price_proxy,,,,
2023-10-13,0.5115,0.0492,0,0.5077,price_proxy,,,,
2023-10-16,0.4579,0.0509,0,1.3907,price_proxy,,,,
2023-10-17,0.4512,0.0478,0,0.6667,price_proxy,,,,
2023-10-18,0.4388,0.0478,0,0.7976,price_proxy,,,,
2023-10-19,0.4315,0.0463,0,1.3843,price_proxy,,,,
2023-10-20,0.413,0.0468,0,1.3417,price_proxy,,,,
2023-10-23,0.4046,0.0501,0,1.6698,price_proxy,,,,
2023-10-24,0.3966,0.0497,0,1.3295,price_proxy,,,,
2023-10-25,0.4322,0.0497,0,0.7657,price_proxy,,,,
2023-10-26,0.4361,0.0488,0,0.9727,price_proxy,,,,
2023-10-27,0.4904,0.0538,0,0.724,price_proxy,,,,
2023-10-30,0.5672,0.057,0,0.7929,price_proxy,,,,
2023-10-31,0.5735,0.0569,0,0.8174,price_proxy,,,,
2023-11-01,0.529,0.057,0,0.652,price_proxy,,,,
2023-11-02,0.478,0.0602,0,2.1351,price_proxy,,,,
2023-11-03,0.4784,0.0639,0,1.0569,price_proxy,,,,
2023-11-06,0.5213,0.0766,0,1.492,price_proxy,,,,
2023-11-07,0.5378,0.077,0,1.5933,price_proxy,,,,
2023-11-08,0.6038,0.0812,0,3.6023,price_proxy,,,,
2023-11-09,0.6235,0.0853,0,1.8984,price_proxy,,,,
2023-11-10,0.5595,0.0865,0,0.922,price_proxy,,,,
2023-11-13,0.5901,0.1028,0,3.4087,price_proxy,,,,
2023-11-14,0.5186,0.1072,0,1.383,price_proxy,,,,
2023-11-15,0.4819,0.107,0,0.9328,price_proxy,,,,
2023-11-16,0.5535,0.1063,0,1.0173,price_proxy,,,,
2023-11-17,0.5979,0.1053,0,0.9287,price_proxy,,,,
2023-11-20,0.4877,0.102,0,0.451,price_proxy,,,,
2023-11-21,0.5632,0.1018,0,0.633,price_proxy,,,,
2023-11-22,0.5755,0.1016,0,0.6353,price_proxy,,,,
2023-11-23,0.6246,0.1046,0,1.7194,price_proxy,,,,
2023-11-24,0.6136,0.1042,0,1.0939,price_proxy,,,,
2023-11-27,0.6396,0.1037,0,0.7966,price_proxy,,,,
2023-11-28,0.6148,0.1038,0,0.5796,price_proxy,,,,
2023-11-29,0.5474,0.1068,0,0.6202,price_proxy,,,,
2023-11-30,0.5107,0.0974,0,0.7419,price_proxy,,,,
2023-12-01,0.5309,0.097,0,0.7611,price_proxy,,,,
2023-12-04,0.5137,0.0906,0,0.5184,price_proxy,,,,
2023-12-05,0.52,0.0906,0,0.5359,price_proxy,,,,
2023-12-06,0.5635,0.0886,0,0.4408,price_proxy,,,,
2023-12-07,0.5849,0.0847,0,1.5744,price_proxy,,,,
2023-12-08,0.5273,0.0852,0,0.7233,price_proxy,,,,
2023-12-11,0.5261,0.0668,0,0.6306,price_proxy,,,,
2023-12-12,0.5136,0.0584,0,0.4919,price_proxy,,,,
2023-12-13,0.5031,0.0596,0,0.6209,price_proxy,,,,
2023-12-14,0.4623,0.0593,0,1.3835,price_proxy,,,,
2023-12-15,0.499,0.0593,0,0.8473,price_proxy,,,,
2023-12-18,0.4732,0.0612,0,0.6274,price_proxy,,,,
2023-12-19,0.4306,0.0681,0,1.281,price_proxy,,,,
2023-12-20,0.4468,0.0674,0,0.6651,price_proxy,,,,
2023-12-21,0.4409,0.0571,0,0.6885,price_proxy,,,,
2023-12-22,0.4379,0.0571,0,0.5634,price_proxy,,,,
2023-12-26,0.4571,0.0557,0,0.7106,price_proxy,,,,
2023-12-27,0.4914,0.0563,0,0.8118,price_proxy,,,,
2023-12-28,0.5236,0.0552,0,1.0327,price_proxy,,,,
2024-01-02,0.5139,0.053,0,0.7467,price_proxy,,,,
2024-01-03,0.5555,0.0565,0,1.9169,price_proxy,,,,
2024-01-04,0.5107,0.0616,0,0.9132,price_proxy,,,,
2024-01-05,0.5313,0.0615,0,0.5524,price_proxy,,,,
2024-01-08,0.463,0.0634,0,0.5622,price_proxy,,,,
2024-01-09,0.5318,0.0669,0,1.7249,price_proxy,,,,
2024-01-10,0.4626,0.0662,0,0.6753,price_proxy,,,,
2024-01-11,0.4819,0.0673,0,0.8854,price_proxy,,,,
2024-01-12,0.482,0.0674,0,0.5682,price_proxy,,,,
2024-01-15,0.5151,0.0673,0,0.5728,price_proxy,,,,
2024-01-16,0.5104,0.0746,0,2.427,price_proxy,,,,
2024-01-17,0.5095,0.0758,0,1.4174,price_proxy,,,,
2024-01-18,0.5086,0.0764,0,0.925,price_proxy,,,,
2024-01-19,0.4314,0.0814,0,2.7049,price_proxy,,,,
2024-01-22,0.4722,0.0851,0,1.0748,price_proxy,,,,
2024-01-23,0.3992,0.0855,0,0.8512,price_proxy,,,,
2024-01-24,0.4378,0.0859,0,0.7567,price_proxy,,,,
2024-01-25,0.547,0.0971,0,1.6327,price_proxy,,,,
2024-01-26,0.6298,0.0964,0,0.8587,price_proxy,,,,
2024-01-29,0.6617,0.1022,0,2.391,price_proxy,,,,
2024-01-30,0.6456,0.104,0,1.2076,price_proxy,,,,
2024-01-31,0.6501,0.1019,0,0.9019,price_proxy,,,,
2024-02-01,0.6294,0.1029,0,2.4876,price_proxy,,,,
2024-02-02,0.6198,0.1032,0,0.961,price_proxy,,,,
2024-02-05,0.5281,0.1017,0,0.8495,price_proxy,,,,
2024-02-06,0.5816,0.0973,0,0.7096,price_proxy,,,,
2024-02-07,0.6093,0.0974,0,1.1194,price_proxy,,,,
2024-02-08,0.5,0.0996,0,0.9937,price_proxy,,,,
2024-02-13,0.5934,0.1079,0,1.4829,price_proxy,,,,
2024-02-14,0.5891,0.1091,0,1.2321,price_proxy,,,,
2024-02-15,0.5294,0.1091,0,0.6765,price_proxy,,,,
2024-02-16,0.524,0.1084,0,0.7451,price_proxy,,,,
2024-02-19,0.7745,0.145,0,4.9108,price_proxy,,,,
2024-02-20,0.6972,0.1348,0,2.4815,price_proxy,,,,
2024-02-21,0.6706,0.1393,0,0.966,price_proxy,,,,
2024-02-22,0.7271,0.1376,0,0.979,price_proxy,,,,
2024-02-23,0.7322,0.1378,0,1.6195,price_proxy,,,,
2024-02-26,0.6422,0.1418,0,3.8126,price_proxy,,,,
2024-02-27,0.5684,0.1476,0,1.0292,price_proxy,,,,
2024-02-28,0.6397,0.1448,0,1.2297,price_proxy,,,,
2024-02-29,0.6518,0.1417,0,0.9745,price_proxy,,,,
2024-03-04,0.6019,0.1425,0,0.8238,price_proxy,,,,
2024-03-05,0.4678,0.1427,0,0.6316,price_proxy,,,,
2024-03-06,0.5372,0.1421,0,0.7421,price_proxy,,,,
2024-03-07,0.4755,0.1441,0,0.5291,price_proxy,,,,
2024-03-08,0.4355,0.1454,0,0.9175,price_proxy,,,,
2024-03-11,0.4394,0.1448,0,0.4273,price_proxy,,,,
2024-03-12,0.4427,0.1426,0,0.4742,price_proxy,,,,
2024-03-13,0.4473,0.1369,0,0.5821,price_proxy,,,,
2024-03-14,0.5496,0.1386,0,1.7077,price_proxy,,,,
2024-03-15,0.5708,0.1354,0,0.7585,price_proxy,,,,
2024-03-18,0.525,0.139,0,0.6013,price_proxy,,,,
2024-03-19,0.3863,0.1269,0,1.7538,price_proxy,,,,
2024-03-20,0.3583,0.1264,0,0.8791,price_proxy,,,,
2024-03-21,0.3427,0.1275,0,0.7587,price_proxy,,,,
2024-03-22,0.335,0.1273,0,0.4115,price_proxy,,,,
2024-03-25,0.3395,0.1265,0,0.8632,price_proxy,,,,
2024-03-26,0.4732,0.1092,0,0.9649,price_proxy,,,,
2024-03-27,0.4865,0.107,0,0.4741,price_proxy,,,,
2024-03-28,0.4344,0.1054,0,0.4106,price_proxy,,,,
2024-03-29,0.4298,0.1037,0,0.452,price_proxy,,,,
2024-04-01,0.4776,0.1042,0,0.3955,price_proxy,,,,
2024-04-02,0.4502,0.106,0,0.7804,price_proxy,,,,
2024-04-03,0.4278,0.1049,0,0.6176,price_proxy,,,,
2024-04-04,0.4683,0.1074,0,0.8563,price_proxy,,,,
2024-04-05,0.4636,0.1074,0,0.4034,price_proxy,,,,
2024-04-08,0.5136,0.1136,0,0.9743,price_proxy,,,,
2024-04-09,0.5557,0.1134,0,0.6166,price_proxy,,,,
2024-04-11,0.4953,0.1181,0,1.3679,price_proxy,,,,
2024-04-12,0.3575,0.1193,0,1.7508,price_proxy,,,,
2024-04-15,0.4352,0.1279,0,1.0351,price_proxy,,,,
2024-04-16,0.3382,0.1278,0,0.7832,price_proxy,,,,
2024-04-17,0.2851,0.1056,0,1.095,price_proxy,,,,
2024-04-18,0.4155,0.113,0,0.9117,price_proxy,,,,
2024-04-19,0.495,0.1085,0,0.8751,price_proxy,,,,
2024-04-22,0.5,0.1178,0,0.8535,price_proxy,,,,
2024-04-23,0.5978,0.1207,0,0.9831,price_proxy,,,,
2024-04-24,0.6143,0.123,0,0.9607,price_proxy,,,,
2024-04-25,0.549,0.1229,0,0.41,price_proxy,,,,
2024-04-26,0.5893,0.1233,0,0.3816,price_proxy,,,,
2024-04-29,0.5383,0.1242,0,0.603,price_proxy,,,,
2024-04-30,0.472,0.1241,0,0.7953,price_proxy,,,,
2024-05-02,0.5431,0.1219,0,0.6793,price_proxy,,,,
2024-05-03,0.5335,0.1216,0,0.3778,price_proxy,,,,
2024-05-07,0.576,0.1237,0,0.7693,price_proxy,,,,
2024-05-08,0.5188,0.1247,0,0.6481,price_proxy,,,,
2024-05-09,0.5615,0.1213,0,1.6821,price_proxy,,,,
2024-05-10,0.4297,0.1343,0,3.6735,price_proxy,,,,
2024-05-13,0.324,0.1423,0,3.8527,price_proxy,,,,
2024-05-14,0.3023,0.1335,0,1.1284,price_proxy,,,,
2024-05-16,0.326,0.1275,0,1.302,price_proxy,,,,
2024-05-17,0.3165,0.1262,0,0.5891,price_proxy,,,,
2024-05-20,0.4417,0.1215,0,0.6221,price_proxy,,,,
2024-05-21,0.563,0.1165,0,0.6779,price_proxy,,,,
2024-05-22,0.5416,0.1159,0,0.6211,price_proxy,,,,
2024-05-23,0.5367,0.1083,0,0.6605,price_proxy,,,,
2024-05-24,0.4859,0.1046,0,0.6986,price_proxy,,,,
2024-05-27,0.48,0.1023,0,0.5823,price_proxy,,,,
2024-05-28,0.481,0.1023,0,0.4211,price_proxy,,,,
2024-05-29,0.4483,0.1021,0,0.7407,price_proxy,,,,
2024-05-30,0.408,0.1033,0,0.7921,price_proxy,,,,
2024-05-31,0.4786,0.1067,0,0.8233,price_proxy,,,,
2024-06-03,0.5505,0.1174,0,2.0912,price_proxy,,,,
2024-06-04,0.5202,0.1182,0,0.9075,price_proxy,,,,
2024-06-05,0.5582,0.1137,0,0.5026,price_proxy,,,,
2024-06-07,0.5965,0.113,0,0.5112,price_proxy,,,,
2024-06-10,0.5319,0.1116,0,0.6457,price_proxy,,,,
2024-06-11,0.4507,0.0964,0,0.6347,price_proxy,,,,
2024-06-12,0.483,0.072,0,0.6826,price_proxy,,,,
2024-06-13,0.4514,0.0708,0,1.4263,price_proxy,,,,
2024-06-14,0.475,0.0708,0,1.0095,price_proxy,,,,
2024-06-17,0.498,0.0702,0,0.7032,price_proxy,,,,
2024-06-18,0.504,0.0695,0,0.8857,price_proxy,,,,
2024-06-19,0.5272,0.071,0,0.8022,price_proxy,,,,
2024-06-20,0.5448,0.0707,0,0.6003,price_proxy,,,,
2024-06-21,0.4534,0.0829,0,2.192,price_proxy,,,,
2024-06-24,0.4605,0.0814,0,0.6763,price_proxy,,,,
2024-06-25,0.4506,0.0809,0,0.4706,price_proxy,,,,
2024-06-26,0.4274,0.0809,0,0.5641,price_proxy,,,,
2024-06-27,0.4204,0.0802,0,0.6376,price_proxy,,,,
2024-06-28,0.5301,0.0763,0,0.6657,price_proxy,,,,
2024-07-01,0.5186,0.0735,0,0.4681,price_proxy,,,,
2024-07-02,0.4897,0.0568,0,0.9977,price_proxy,,,,
2024-07-03,0.4835,0.0552,0,0.5638,price_proxy,,,,
2024-07-04,0.5041,0.055,0,0.4517,price_proxy,,,,
2024-07-05,0.4939,0.0557,0,1.0238,price_proxy,,,,
2024-07-08,0.5276,0.0569,0,1.1099,price_proxy,,,,
2024-07-09,0.5603,0.0569,0,0.782,price_proxy,,,,
2024-07-10,0.5479,0.0576,0,0.7415,price_proxy,,,,
2024-07-11,0.5507,0.0575,0,0.9441,price_proxy,,,,
2024-07-12,0.5256,0.0575,0,1.4639,price_proxy,,,,
2024-07-15,0.4818,0.058,0,0.8291,price_proxy,,,,
2024-07-16,0.4758,0.0577,0,0.6136,price_proxy,,,,
2024-07-17,0.4908,0.0556,0,0.8283,price_proxy,,,,
2024-07-18,0.4778,0.0557,0,2.4905,price_proxy,,,,
2024-07-19,0.496,0.0342,0,0.8046,price_proxy,,,,
2024-07-22,0.4898,0.0361,0,0.7665,price_proxy,,,,
2024-07-23,0.4724,0.0378,0,0.7183,price_proxy,,,,
2024-07-24,0.4765,0.0378,0,0.5204,price_proxy,,,,
2024-07-25,0.4765,0.0377,0,0.6785,price_proxy,,,,
2024-07-26,0.4848,0.0361,0,0.804,price_proxy,,,,
2024-07-29,0.5154,0.0364,0,1.2052,price_proxy,,,,
2024-07-30,0.53,0.0328,0,0.8618,price_proxy,,,,
2024-07-31,0.5413,0.0332,0,1.0384,price_proxy,,,,
2024-08-01,0.5846,0.0399,0,1.9419,price_proxy,,,,
2024-08-02,0.5133,0.0484,0,1.5461,price_proxy,,,,
2024-08-05,0.3709,0.0834,0,2.4407,price_proxy,,,,
2024-08-06,0.4378,0.0917,0,1.6181,price_proxy,,,,
2024-08-07,0.4737,0.0959,0,1.1012,price_proxy,,,,
2024-08-08,0.4,0.0967,0,0.8381,price_proxy,,,,
2024-08-09,0.433,0.097,0,0.9228,price_proxy,,,,
2024-08-12,0.5978,0.0981,0,0.4023,price_proxy,,,,
2024-08-13,0.5253,0.0981,0,0.4319,price_proxy,,,,
2024-08-14,0.4764,0.0981,0,0.4363,price_proxy,,,,
2024-08-16,0.5083,0.0981,0,0.5835,price_proxy,,,,
2024-08-19,0.5189,0.0979,0,0.5055,price_proxy,,,,
2024-08-20,0.5694,0.106,0,1.7477,price_proxy,,,,
2024-08-21,0.683,0.1176,0,3.2862,price_proxy,,,,
2024-08-22,0.6859,0.1176,0,1.5111,price_proxy,,,,
2024-08-23,0.7003,0.1176,0,0.9322,price_proxy,,,,
2024-08-26,0.7997,0.1242,0,2.5739,price_proxy,,,,
2024-08-27,0.7784,0.1265,0,2.0723,price_proxy,,,,
2024-08-28,0.6476,0.1272,0,1.3191,price_proxy,,,,
2024-08-29,0.614,0.1291,0,1.1693,price_proxy,,,,
2024-08-30,0.5472,0.1317,0,1.5244,price_proxy,,,,
2024-09-02,0.4367,0.1294,0,0.6251,price_proxy,,,,
2024-09-03,0.4165,0.1033,0,0.8999,price_proxy,,,,
2024-09-04,0.4335,0.1001,0,1.2816,price_proxy,,,,
2024-09-05,0.5045,0.0996,0,1.2429,price_proxy,,,,
2024-09-06,0.5184,0.1003,0,0.7719,price_proxy,,,,
2024-09-09,0.5327,0.1001,0,0.4387,price_proxy,,,,
2024-09-10,0.4817,0.1008,0,0.5445,price_proxy,,,,
2024-09-11,0.4954,0.1003,0,0.6824,price_proxy,,,,
2024-09-12,0.4686,0.1002,0,0.8211,price_proxy,,,,
2024-09-13,0.532,0.1002,0,0.4,price_proxy,,,,
2024-09-19,0.5414,0.1002,0,0.7209,price_proxy,,,,
2024-09-20,0.5324,0.0955,0,0.8004,price_proxy,,,,
2024-09-23,0.3483,0.1219,0,2.3097,price_proxy,,,,
2024-09-24,0.3314,0.1219,0,0.845,price_proxy,,,,
2024-09-25,0.2834,0.1219,0,0.8156,price_proxy,,,,
2024-09-26,0.3333,0.1157,0,0.6847,price_proxy,,,,
2024-09-27,0.3952,0.1134,0,1.0755,price_proxy,,,,
2024-09-30,0.5448,0.1136,0,0.5045,price_proxy,,,,
2024-10-02,0.495,0.1153,0,0.5781,price_proxy,,,,
2024-10-04,0.5363,0.1138,0,0.3898,price_proxy,,,,
2024-10-07,0.4636,0.1135,0,0.8163,price_proxy,,,,
2024-10-08,0.4183,0.1109,0,0.4456,price_proxy,,,,
2024-10-10,0.4319,0.1108,0,0.7141,price_proxy,,,,
2024-10-11,0.48,0.1067,0,0.5295,price_proxy,,,,
2024-10-14,0.5347,0.114,0,0.7992,price_proxy,,,,
2024-10-15,0.5621,0.1141,0,0.6637,price_proxy,,,,
2024-10-16,0.5702,0.1141,0,0.4269,price_proxy,,,,
2024-10-17,0.5806,0.1137,0,0.6095,price_proxy,,,,
2024-10-18,0.6209,0.1154,0,0.9541,price_proxy,,,,
2024-10-21,0.5681,0.1148,0,1.0628,price_proxy,,,,
2024-10-22,0.6165,0.1185,0,1.4216,price_proxy,,,,
2024-10-23,0.6259,0.1182,0,4.3535,price_proxy,,,,
2024-10-24,0.7324,0.0858,0,2.6746,price_proxy,,,,
2024-10-25,0.6663,0.0876,0,1.3384,price_proxy,,,,
2024-10-28,0.6459,0.0853,0,0.8574,price_proxy,,,,
2024-10-29,0.6147,0.0829,0,1.1224,price_proxy,,,,
2024-10-30,0.5911,0.0817,0,0.8929,price_proxy,,,,
2024-10-31,0.5043,0.0794,0,1.2126,price_proxy,,,,
2024-11-01,0.5219,0.0726,0,0.5679,price_proxy,,,,
2024-11-04,0.5263,0.0727,0,0.708,price_proxy,,,,
2024-11-05,0.5,0.0708,0,0.386,price_proxy,,,,
2024-11-06,0.5044,0.0709,0,0.6068,price_proxy,,,,
2024-11-07,0.474,0.0717,0,0.6999,price_proxy,,,,
2024-11-08,0.4262,0.0798,0,0.8981,price_proxy,,,,
2024-11-11,0.4264,0.0727,0,0.455,price_proxy,,,,
2024-11-12,0.3655,0.083,0,0.7825,price_proxy,,,,
2024-11-13,0.4304,0.089,0,1.4825,price_proxy,,,,
2024-11-14,0.5263,0.097,0,1.7971,price_proxy,,,,
2024-11-15,0.536,0.0999,0,0.9149,price_proxy,,,,
2024-11-18,0.6213,0.1087,0,1.2488,price_proxy,,,,
2024-11-19,0.7279,0.1069,0,0.9948,price_proxy,,,,
2024-11-20,0.6351,0.1081,0,0.462,price_proxy,,,,
2024-11-21,0.5476,0.0952,0,0.5743,price_proxy,,,,
2024-11-22,0.6018,0.0942,0,0.525,price_proxy,,,,
2024-11-25,0.5127,0.0942,0,1.2324,price_proxy,,,,
2024-11-26,0.5376,0.0975,0,1.7259,price_proxy,,,,
2024-11-27,0.5506,0.0975,0,0.6898,price_proxy,,,,
2024-11-28,0.5507,0.0976,0,0.5252,price_proxy,,,,
2024-11-29,0.5126,0.0991,0,0.8486,price_proxy,,,,
2024-12-02,0.5295,0.0994,0,0.6799,price_proxy,,,,
2024-12-03,0.4508,0.1005,0,0.9594,price_proxy,,,,
2024-12-04,0.286,0.1387,0,3.6522,price_proxy,,,,
2024-12-05,0.2856,0.1386,0,0.8638,price_proxy,,,,
2024-12-06,0.2782,0.1372,0,1.1361,price_proxy,,,,
2024-12-09,0.2344,0.138,0,0.7912,price_proxy,,,,
2024-12-10,0.2983,0.1362,0,0.6323,price_proxy,,,,
2024-12-11,0.477,0.1313,0,0.3884,price_proxy,,,,
2024-12-12,0.4538,0.1232,0,1.0213,price_proxy,,,,
2024-12-13,0.5094,0.1224,0,0.5003,price_proxy,,,,
2024-12-16,0.5622,0.1117,0,0.5321,price_proxy,,,,
2024-12-17,0.4907,0.1099,0,0.6175,price_proxy,,,,
2024-12-18,0.486,0.1099,0,0.6888,price_proxy,,,,
2024-12-19,0.448,0.1137,0,1.0754,price_proxy,,,,
2024-12-20,0.4016,0.1133,0,0.6827,price_proxy,,,,
2024-12-23,0.4211,0.1168,0,0.5278,price_proxy,,,,
2024-12-24,0.4296,0.1105,0,0.4057,price_proxy,,,,
2024-12-26,0.4155,0.1104,0,0.4162,price_proxy,,,,
2024-12-27,0.4417,0.1107,0,0.9478,price_proxy,,,,
2024-12-30,0.4754,0.1113,0,0.4999,price_proxy,,,,
2025-01-02,0.3899,0.1108,0,1.0942,price_proxy,,,,
2025-01-03,0.4465,0.116,0,0.6841,price_proxy,,,,
2025-01-06,0.4588,0.0743,0,1.1105,price_proxy,,,,
2025-01-07,0.545,0.0799,0,1.1046,price_proxy,,,,
2025-01-08,0.5399,0.0779,0,0.7592,price_proxy,,,,
2025-01-09,0.5757,0.0765,0,1.4002,price_proxy,,,,
2025-01-10,0.54,0.0715,0,0.7286,price_proxy,,,,
2025-01-13,0.517,0.0721,0,0.6766,price_proxy,,,,
2025-01-14,0.4707,0.0711,0,0.9972,price_proxy,,,,
2025-01-15,0.4951,0.0717,0,0.859,price_proxy,,,,
2025-01-16,0.4951,0.0707,0,0.7982,price_proxy,,,,
2025-01-17,0.5343,0.0758,0,1.5105,price_proxy,,,,
2025-01-20,0.5596,0.0758,0,0.621,price_proxy,,,,
2025-01-21,0.6042,0.0707,0,1.2217,price_proxy,,,,
2025-01-22,0.5588,0.0695,0,0.7985,price_proxy,,,,
2025-01-23,0.5543,0.0675,0,0.7448,price_proxy,,,,
2025-01-24,0.5241,0.0676,0,0.5747,price_proxy,,,,
2025-01-31,0.5289,0.067,0,0.6024,price_proxy,,,,
2025-02-03,0.4481,0.0667,0,0.8367,price_proxy,,,,
2025-02-04,0.4667,0.0668,0,0.7907,price_proxy,,,,
2025-02-05,0.524,0.0626,0,0.9742,price_proxy,,,,
2025-02-06,0.519,0.0592,0,0.7233,price_proxy,,,,
2025-02-07,0.4715,0.0644,0,0.8228,price_proxy,,,,
2025-02-10,0.5048,0.0599,0,0.6861,price_proxy,,,,
2025-02-11,0.5,0.06,0,0.7593,price_proxy,,,,
2025-02-12,0.462,0.0593,0,0.8564,price_proxy,,,,
2025-02-13,0.4528,0.0592,0,1.1139,price_proxy,,,,
2025-02-14,0.5337,0.0604,0,1.2864,price_proxy,,,,
2025-02-17,0.5483,0.0604,0,0.8537,price_proxy,,,,
2025-02-18,0.5533,0.0594,0,0.9851,price_proxy,,,,
2025-02-19,0.5581,0.0585,0,1.2556,price_proxy,,,,
2025-02-20,0.6159,0.0614,0,2.0155,price_proxy,,,,
2025-02-21,0.5758,0.0614,0,1.2971,price_proxy,,,,
2025-02-24,0.5802,0.0579,0,0.9274,price_proxy,,,,
2025-02-25,0.6651,0.0695,0,3.0777,price_proxy,,,,
2025-02-26,0.7118,0.0705,0,2.0175,price_proxy,,,,
2025-02-27,0.6324,0.0717,0,1.3464,price_proxy,,,,
2025-02-28,0.4498,0.1204,0,3.8823,price_proxy,,,,
2025-03-04,0.4365,0.1183,0,1.0176,price_proxy,,,,
2025-03-05,0.4216,0.1227,0,1.0594,price_proxy,,,,
2025-03-06,0.4064,0.1222,0,0.8323,price_proxy,,,,
2025-03-07,0.4058,0.1226,0,0.6236,price_proxy,,,,
2025-03-10,0.6265,0.1209,0,0.908,price_proxy,,,,
2025-03-11,0.5843,0.1235,0,0.7815,price_proxy,,,,
2025-03-12,0.5181,0.1233,0,0.4696,price_proxy,,,,
2025-03-13,0.4955,0.1233,0,0.7524,price_proxy,,,,
2025-03-14,0.5,0.1236,0,0.5336,price_proxy,,,,
2025-03-17,0.4515,0.1227,0,0.7253,price_proxy,,,,
2025-03-18,0.4551,0.1246,0,0.8115,price_proxy,,,,
2025-03-19,0.464,0.1246,0,0.5425,price_proxy,,,,
2025-03-20,0.4687,0.1247,0,0.4288,price_proxy,,,,
2025-03-21,0.4865,0.1207,0,0.935,price_proxy,,,,
2025-03-24,0.5135,0.121,0,0.5162,price_proxy,,,,
2025-03-25,0.5782,0.1216,0,1.0467,price_proxy,,,,
2025-03-26,0.5686,0.1134,0,0.5139,price_proxy,,,,
2025-03-27,0.5273,0.1107,0,0.6044,price_proxy,,,,
2025-03-28,0.5,0.1109,0,0.4996,price_proxy,,,,
2025-03-31,0.4417,0.065,0,0.9383,price_proxy,,,,
2025-04-01,0.3982,0.0659,0,0.8353,price_proxy,,,,
2025-04-02,0.3894,0.0551,0,0.7719,price_proxy,,,,
2025-04-03,0.4283,0.0526,0,0.7419,price_proxy,,,,
2025-04-04,0.491,0.0586,0,2.171,price_proxy,,,,
2025-04-07,0.5739,0.0587,0,2.7774,price_proxy,,,,
2025-04-08,0.5932,0.0546,0,1.4014,price_proxy,,,,
2025-04-09,0.6077,0.0546,0,1.4143,price_proxy,,,,
2025-04-10,0.6349,0.0583,0,1.6528,price_proxy,,,,
2025-04-11,0.6045,0.0584,0,1.0072,price_proxy,,,,
2025-04-14,0.598,0.0601,0,0.9286,price_proxy,,,,
2025-04-15,0.6514,0.0596,0,1.7506,price_proxy,,,,
2025-04-16,0.6511,0.0597,0,1.1639,price_proxy,,,,
2025-04-17,0.6002,0.0605,0,0.9469,price_proxy,,,,
2025-04-18,0.5994,0.0606,0,0.6576,price_proxy,,,,
2025-04-21,0.6486,0.0718,0,1.7924,price_proxy,,,,
2025-04-22,0.5994,0.0715,0,1.1654,price_proxy,,,,
2025-04-23,0.5826,0.0723,0,1.2347,price_proxy,,,,
2025-04-24,0.583,0.0701,0,1.0194,price_proxy,,,,
2025-04-25,0.5782,0.0681,0,0.761,price_proxy,,,,
2025-04-28,0.5198,0.0611,0,0.7155,price_proxy,,,,
2025-04-29,0.5276,0.0579,0,1.0001,price_proxy,,,,
2025-04-30,0.5357,0.0572,0,0.7048,price_proxy,,,,
2025-05-02,0.5398,0.0584,0,0.7524,price_proxy,,,,
2025-05-07,0.6069,0.0651,0,1.6831,price_proxy,,,,
2025-05-08,0.5665,0.0663,0,0.9735,price_proxy,,,,
2025-05-09,0.5973,0.0669,0,1.2231,price_proxy,,,,
2025-05-12,0.5975,0.0676,0,1.0029,price_proxy,,,,
2025-05-13,0.5117,0.0859,0,2.5975,price_proxy,,,,
2025-05-14,0.4624,0.0862,0,0.9315,price_proxy,,,,
2025-05-15,0.5076,0.0859,0,0.7806,price_proxy,,,,
2025-05-16,0.5779,0.0995,0,1.9506,price_proxy,,,,
2025-05-19,0.6115,0.0995,0,2.4487,price_proxy,,,,
2025-05-20,0.7602,0.1,0,1.3162,price_proxy,,,,
2025-05-21,0.7452,0.1,0,0.7778,price_proxy,,,,
2025-05-22,0.7415,0.0938,0,1.3171,price_proxy,,,,
2025-05-23,0.6929,0.0973,0,1.3023,price_proxy,,,,
2025-05-26,0.7324,0.0985,0,1.2172,price_proxy,,,,
2025-05-27,0.6031,0.1091,0,1.2519,price_proxy,,,,
2025-05-28,0.5683,0.1111,0,0.8987,price_proxy,,,,
2025-05-29,0.4899,0.1168,0,1.2117,price_proxy,,,,
2025-05-30,0.4772,0.1185,0,0.9953,price_proxy,,,,
2025-06-02,0.3991,0.1194,0,0.7094,price_proxy,,,,
2025-06-04,0.4379,0.1215,0,1.2691,price_proxy,,,,
2025-06-05,0.4373,0.1176,0,1.1795,price_proxy,,,,
2025-06-09,0.5677,0.1225,0,1.5102,price_proxy,,,,
2025-06-10,0.3089,0.1674,0,3.0832,price_proxy,,,,
2025-06-11,0.3671,0.1689,0,0.881,price_proxy,,,,
2025-06-12,0.4191,0.1613,0,1.4258,price_proxy,,,,
2025-06-13,0.3705,0.1666,0,1.5284,price_proxy,,,,
2025-06-16,0.3036,0.166,0,0.9244,price_proxy,,,,
2025-06-17,0.5583,0.1571,0,0.9584,price_proxy,,,,
2025-06-18,0.5569,0.1582,0,0.9572,price_proxy,,,,
2025-06-19,0.4895,0.1577,0,0.5212,price_proxy,,,,
2025-06-20,0.6202,0.1605,0,0.8727,price_proxy,,,,
2025-06-23,0.5508,0.1627,0,0.8732,price_proxy,,,,
2025-06-24,0.9142,0.2737,0,3.9848,price_proxy,,,,
2025-06-25,1.0,0.2939,0,3.3917,price_proxy,,,,
2025-06-26,1.0,0.2963,0,3.2417,price_proxy,,,,
2025-06-27,1.0,0.2998,0,1.1557,price_proxy,,,,
2025-06-30,1.0,0.297,0,1.1624,price_proxy,,,,
2025-07-01,0.7258,0.3014,0,0.9911,price_proxy,,,,
2025-07-02,0.3996,0.3087,0,1.1653,price_proxy,,,,
2025-07-03,0.2685,0.3077,0,0.641,price_proxy,,,,
2025-07-04,0.3803,0.3072,0,1.1615,price_proxy,,,,
2025-07-07,0.383,0.3058,0,0.4841,price_proxy,,,,
2025-07-08,0.5369,0.2801,0,0.8766,price_proxy,,,,
2025-07-09,0.589,0.2844,0,0.525,price_proxy,,,,
2025-07-10,0.5752,0.2856,0,0.4623,price_proxy,,,,
2025-07-11,0.5054,0.2812,0,0.3332,price_proxy,,,,
2025-07-14,0.4973,0.2815,0,0.3849,price_proxy,,,,
2025-07-15,0.3887,0.2829,0,1.1298,price_proxy,,,,
2025-07-16,0.4441,0.2831,0,0.4354,price_proxy,,,,
2025-07-17,0.4597,0.281,0,0.3739,price_proxy,,,,
2025-07-18,0.4595,0.2814,0,0.2829,price_proxy,,,,
2025-07-21,0.5108,0.2777,0,0.3253,price_proxy,,,,
2025-07-22,0.5411,0.1769,0,0.6949,price_proxy,,,,
2025-07-23,0.5712,0.1336,0,0.5708,price_proxy,,,,
2025-07-24,0.5795,0.1067,0,0.518,price_proxy,,,,
2025-07-25,0.6214,0.1025,0,0.6634,price_proxy,,,,
2025-07-28,0.6427,0.1093,0,1.6062,price_proxy,,,,
2025-07-29,0.6315,0.1022,0,0.8269,price_proxy,,,,
2025-07-30,0.5582,0.0859,0,0.7704,price_proxy,,,,
2025-07-31,0.5316,0.0868,0,0.6105,price_proxy,,,,
2025-08-01,0.3804,0.1073,0,1.0622,price_proxy,,,,
2025-08-04,0.3693,0.1119,0,0.5014,price_proxy,,,,
2025-08-05,0.4295,0.1059,0,0.5934,price_proxy,,,,
2025-08-06,0.6157,0.1274,0,3.2112,price_proxy,,,,
2025-08-07,0.679,0.1276,0,1.8044,price_proxy,,,,
2025-08-08,0.6992,0.1421,0,1.2575,price_proxy,,,,
2025-08-11,0.5968,0.1441,0,0.6802,price_proxy,,,,
2025-08-12,0.5131,0.144,0,1.3462,price_proxy,,,,
2025-08-13,0.4222,0.146,0,0.9063,price_proxy,,,,
2025-08-14,0.35,0.1478,0,0.6848,price_proxy,,,,
2025-08-18,0.4849,0.1478,0,1.1784,price_proxy,,,,
2025-08-19,0.4154,0.1581,0,1.126,price_proxy,,,,
2025-08-20,0.4455,0.1581,0,1.5283,price_proxy,,,,
2025-08-21,0.4418,0.1594,0,0.9784,price_proxy,,,,
2025-08-22,0.4949,0.1595,0,0.5764,price_proxy,,,,
2025-08-25,0.4417,0.1596,0,0.5995,price_proxy,,,,
2025-08-26,0.4813,0.1586,0,0.6523,price_proxy,,,,
2025-08-27,0.484,0.1588,0,0.3143,price_proxy,,,,
2025-08-28,0.4323,0.1576,0,0.2966,price_proxy,,,,
2025-08-29,0.3761,0.1587,0,0.5939,price_proxy,,,,
2025-09-01,0.4034,0.1439,0,0.3225,price_proxy,,,,
2025-09-02,0.4892,0.1409,0,0.307,price_proxy,,,,
2025-09-03,0.4785,0.1369,0,0.341,price_proxy,,,,
2025-09-04,0.5216,0.1106,0,0.4453,price_proxy,,,,
2025-09-05,0.522,0.1081,0,0.5254,price_proxy,,,,
2025-09-08,0.5631,0.0986,0,0.7083,price_proxy,,,,
2025-09-09,0.5707,0.0983,0,0.4931,price_proxy,,,,
2025-09-10,0.6033,0.099,0,0.8858,price_proxy,,,,
2025-09-11,0.5027,0.0996,0,0.9909,price_proxy,,,,
2025-09-12,0.5082,0.0996,0,1.0032,price_proxy,,,,
2025-09-15,0.4574,0.0976,0,0.6171,price_proxy,,,,
2025-09-16,0.4318,0.08,0,0.5456,price_proxy,,,,
2025-09-17,0.3992,0.0799,0,0.5546,price_proxy,,,,
2025-09-18,0.4441,0.0751,0,1.386,price_proxy,,,,
2025-09-19,0.4268,0.0779,0,1.3402,price_proxy,,,,
2025-09-22,0.4511,0.0788,0,0.7413,price_proxy,,,,
2025-09-23,0.5054,0.0774,0,0.9621,price_proxy,,,,
2025-09-24,0.5109,0.0771,0,0.7932,price_proxy,,,,
2025-09-25,0.4726,0.0817,0,0.8001,price_proxy,,,,
2025-09-26,0.5366,0.0792,0,0.8211,price_proxy,,,,
2025-09-29,0.5557,0.0819,0,0.9852,price_proxy,,,,
2025-09-30,0.4539,0.0849,0,0.7292,price_proxy,,,,
2025-10-01,0.4242,0.086,0,0.9891,price_proxy,,,,
2025-10-02,0.4722,0.0829,0,1.1358,price_proxy,,,,
2025-10-10,0.4751,0.0811,0,1.2808,price_proxy,,,,
2025-10-13,0.435,0.0764,0,1.3832,price_proxy,,,,
2025-10-14,0.5915,0.0974,0,2.533,price_proxy,,,,
2025-10-15,0.7138,0.107,0,1.9383,price_proxy,,,,
2025-10-16,0.7648,0.1033,0,1.2472,price_proxy,,,,
2025-10-17,0.8888,0.1176,0,3.1783,price_proxy,,,,
2025-10-20,0.8641,0.1189,0,1.4877,price_proxy,,,,
2025-10-21,0.8263,0.1233,0,2.277,price_proxy,,,,
2025-10-22,0.7313,0.123,0,0.8699,price_proxy,,,,
2025-10-23,0.597,0.1328,0,1.001,price_proxy,,,,
2025-10-24,0.5281,0.1288,0,1.0715,price_proxy,,,,
2025-10-27,0.5379,0.13,0,0.8184,price_proxy,,,,
2025-10-28,0.5068,0.1294,0,1.3434,price_proxy,,,,
2025-10-29,0.5729,0.1317,0,1.2968,price_proxy,,,,
2025-10-30,0.538,0.1449,0,0.9099,price_proxy,,,,
2025-10-31,0.4654,0.1462,0,0.4966,price_proxy,,,,
2025-11-03,0.5977,0.1558,0,1.0964,price_proxy,,,,
2025-11-04,0.5477,0.1518,0,0.8222,price_proxy,,,,
2025-11-05,0.4121,0.1574,0,1.3003,price_proxy,,,,
2025-11-06,0.6467,0.165,0,2.6577,price_proxy,,,,
2025-11-07,0.5729,0.1758,0,1.4155,price_proxy,,,,
2025-11-10,0.551,0.1795,0,1.4049,price_proxy,,,,
2025-11-11,0.6998,0.1845,0,3.0054,price_proxy,,,,
2025-11-12,0.6908,0.1895,0,1.7908,price_proxy,,,,
2025-11-13,0.6367,0.1908,0,1.9781,price_proxy,,,,
2025-11-14,0.6497,0.1884,0,1.1375,price_proxy,,,,
2025-11-17,0.6319,0.1906,0,1.0075,price_proxy,,,,
2025-11-18,0.498,0.1876,0,1.6976,price_proxy,,,,
2025-11-19,0.4832,0.1956,0,1.3447,price_proxy,,,,
2025-11-20,0.4878,0.1917,0,0.943,price_proxy,,,,
2025-11-21,0.5316,0.1922,0,0.7868,price_proxy,,,,
2025-11-24,0.4554,0.1917,0,0.547,price_proxy,,,,
2025-11-25,0.5808,0.2021,0,1.3918,price_proxy,,,,
2025-11-26,0.7349,0.201,0,1.0924,price_proxy,,,,
2025-11-27,0.6205,0.1902,0,0.5729,price_proxy,,,,
2025-11-28,0.6807,0.1889,0,0.3858,price_proxy,,,,
2025-12-01,0.5788,0.19,0,0.6799,price_proxy,,,,
2025-12-02,0.4767,0.1901,0,0.4277,price_proxy,,,,
2025-12-03,0.4318,0.1846,0,0.3853,price_proxy,,,,
2025-12-04,0.4499,0.1761,0,0.4469,price_proxy,,,,
2025-12-05,0.4886,0.1694,0,0.5507,price_proxy,,,,
2025-12-08,0.5639,0.1645,0,0.4334,price_proxy,,,,
2025-12-09,0.4961,0.149,0,0.4723,price_proxy,,,,
2025-12-10,0.4529,0.1443,0,0.6632,price_proxy,,,,
2025-12-11,0.4289,0.1419,0,0.9345,price_proxy,,,,
2025-12-12,0.4061,0.1368,0,0.6566,price_proxy,,,,
2025-12-15,0.4342,0.1304,0,0.5774,price_proxy,,,,
2025-12-16,0.4803,0.1305,0,1.0477,price_proxy,,,,
2025-12-17,0.5562,0.1206,0,1.0989,price_proxy,,,,
2025-12-18,0.4754,0.1324,0,1.2102,price_proxy,,,,
2025-12-19,0.4819,0.1333,0,0.7009,price_proxy,,,,
2025-12-22,0.462,0.1335,0,0.6369,price_proxy,,,,
2025-12-23,0.4225,0.1111,0,0.5756,price_proxy,,,,
2025-12-24,0.3809,0.1066,0,0.6476,price_proxy,,,,
2025-12-26,0.5124,0.1063,0,0.8978,price_proxy,,,,
2025-12-29,0.4168,0.1076,0,1.4767,price_proxy,,,,
2025-12-30,0.4246,0.0975,0,0.84,price_proxy,,,,
2026-01-02,0.4235,0.096,0,0.7196,price_proxy,,,,
2026-01-05,0.5706,0.1256,0,1.239,price_proxy,,,,
2026-01-06,0.5825,0.1262,0,0.653,price_proxy,,,,
2026-01-07,0.5995,0.1224,0,0.735,price_proxy,,,,
2026-01-08,0.5826,0.1224,0,0.6238,price_proxy,,,,
2026-01-09,0.6247,0.1214,0,0.4087,price_proxy,,,,
2026-01-12,0.5461,0.1245,0,0.8669,price_proxy,,,,
2026-01-13,0.7059,0.1547,0,2.2367,price_proxy,,,,
2026-01-14,0.6613,0.161,0,1.1884,price_proxy,,,,
2026-01-15,0.6892,0.161,0,0.7506,price_proxy,,,,
2026-01-16,0.7146,0.1616,0,1.0822,price_proxy,,,,
2026-01-19,0.7078,0.1631,0,1.1718,price_proxy,,,,
2026-01-20,0.8483,0.2187,0,4.9769,price_proxy,,,,
2026-01-21,1.0,0.2199,0,2.8668,price_proxy,,,,
2026-01-22,0.9535,0.2239,0,1.2968,price_proxy,,,,
2026-01-23,0.7377,0.2412,0,1.7349,price_proxy,,,,
2026-01-26,0.6456,0.2421,0,0.6673,price_proxy,,,,
2026-01-27,0.3502,0.2423,0,0.9091,price_proxy,,,,
2026-01-28,0.2496,0.241,0,0.7417,price_proxy,,,,
2026-01-29,0.3485,0.241,0,0.7773,price_proxy,,,,
2026-01-30,0.4052,0.2471,0,0.7531,price_proxy,,,,
2026-02-02,0.3974,0.2397,0,0.5948,price_proxy,,,,
2026-02-03,0.4669,0.2418,0,0.5317,price_proxy,,,,
2026-02-04,0.6111,0.2442,0,1.2274,price_proxy,,,,
2026-02-05,0.5295,0.2446,0,0.5167,price_proxy,,,,
2026-02-06,0.5823,0.2469,0,0.476,price_proxy,,,,
2026-02-09,0.685,0.2468,0,0.5248,price_proxy,,,,
2026-02-10,0.5437,0.2329,0,0.3902,price_proxy,,,,
2026-02-11,0.4458,0.2279,0,0.3712,price_proxy,,,,
2026-02-12,0.4418,0.2291,0,0.6084,price_proxy,,,,
2026-02-13,0.4703,0.2292,0,0.4204,price_proxy,,,,
2026-02-19,0.484,0.2305,0,0.7138,price_proxy,,,,
2026-02-20,0.5724,0.1525,0,0.7187,price_proxy,,,,
2026-02-23,0.5557,0.1459,0,0.5527,price_proxy,,,,
2026-02-24,0.5899,0.1434,0,0.5022,price_proxy,,,,
2026-02-25,0.6505,0.122,0,1.0539,price_proxy,,,,
2026-02-26,0.5386,0.1224,0,0.8248,price_proxy,,,,
2026-02-27,0.3571,0.1481,0,3.0201,price_proxy,,,,
2026-03-03,0.1236,0.2012,0,2.4432,price_proxy,,,,
2026-03-04,0.0,0.2225,0,1.8753,price_proxy,,,,
2026-03-05,0.0,0.232,0,1.3157,price_proxy,,,,
2026-03-06,0.0419,0.2328,0,0.7957,price_proxy,,,,
2026-03-09,0.0316,0.24,0,1.3675,price_proxy,,,,
2026-03-10,0.3703,0.2431,0,0.7943,price_proxy,,,,
2026-03-11,0.6054,0.244,0,0.8457,price_proxy,,,,
2026-03-12,0.4751,0.2438,0,0.4963,price_proxy,,,,
2026-03-13,0.4795,0.2411,0,1.1066,price_proxy,,,,
2026-03-16,0.5938,0.2411,0,0.5157,price_proxy,,,,
2026-03-17,0.5252,0.2442,0,0.5748,price_proxy,,,,
2026-03-18,0.5834,0.2491,0,0.6092,price_proxy,,,,
2026-03-19,0.5294,0.2505,0,0.4716,price_proxy,,,,
2026-03-20,0.5352,0.2468,0,0.8537,price_proxy,,,,
2026-03-21,0.105076923076923,0.1392338928676381,13,,,6.0,1.0,0.8571428571428571,0.2773040240195725
2026-03-22,-0.0102987012987013,0.2390540054010623,77,,,20.0,18.0,0.5263157894736842,-0.0448684428514915
2026-03-23,0.0598043478260869,0.152020041993488,92,,,19.0,3.0,0.8636363636363636,0.2710691566448828
2026-03-24,0.020235294117647,0.1614105629477227,102,,,13.0,6.0,0.6842105263157895,0.0937851042324114
2026-03-25,0.0592065217391304,0.1927083737662608,92,,,23.0,6.0,0.7931034482758621,0.2683594504261498
2026-03-26,0.0006465517241379,0.131535695555987,116,,,6.0,5.0,0.5454545454545454,0.0030789917681882
2026-03-27,0.0,0.0,7,,,0.0,0.0,0.5,0.0
2026-03-28,-0.01305,0.0583613742127445,20,,,0.0,1.0,0.0,-0.0397310178122906
2026-03-29,0.0389705882352941,0.1436460170924153,68,,,14.0,4.0,0.7777777777777778,0.1650056211350402
2026-03-30,0.0168876404494382,0.1094350615041391,89,,,9.0,4.0,0.6923076923076923,0.0759911678034425
2026-03-31,-0.0139368421052631,0.1148110205369246,95,,,5.0,10.0,0.3333333333333333,-0.0636126000579307
2026-04-01,0.0268431372549019,0.1225972836662273,102,,,12.0,4.0,0.75,0.124410666370321
2026-04-02,0.0096947368421052,0.1483901609461405,95,,,12.0,8.0,0.6,0.0442501545720197
2026-04-03,0.0005925925925925,0.2278481713198268,27,,,5.0,6.0,0.4545454545454545,0.0019746397097334
2026-04-05,0.0118202247191011,0.0640842062867558,89,,,3.0,0.0,1.0,0.053188761496488
2026-04-06,0.052070707070707,0.1741074177302007,99,,,25.0,7.0,0.78125,0.2397944677653395
2026-04-07,0.0929230769230769,0.2272457910999663,91,,,32.0,8.0,0.8,0.4201785077750185
2026-04-08,0.0353047619047619,0.130951409353705,105,,,17.0,4.0,0.8095238095238095,0.164641606874985
2026-04-09,-0.0250978260869565,0.1499820545882702,92,,,6.0,11.0,0.3529411764705882,-0.1137583938009877
2026-04-10,0.0162293577981651,0.1219507059663652,109,,,8.0,3.0,0.7272727272727273,0.0762857776796952
2026-04-11,0.0188064516129032,0.0732213171851106,31,,,2.0,0.0,1.0,0.0651781945591045
2026-04-12,0.0305185185185185,0.1347574677793112,54,,,7.0,2.0,0.7777777777777778,0.1222978720233909
2026-04-13,0.0066373626373626,0.0633164041380038,91,,,2.0,0.0,1.0,0.0300127505553584
2026-04-14,0.0413942307692307,0.1306318787026471,104,,,16.0,2.0,0.8888888888888888,0.1926471087252705
2026-04-15,0.0617596153846153,0.1584475347421665,104,,,18.0,1.0,0.9473684210526316,0.2874268012409786
2026-04-16,0.0506470588235294,0.1852231539884851,102,,,21.0,4.0,0.84,0.2347353916979833
2026-04-17,0.0357211538461538,0.1218384619498547,104,,,16.0,4.0,0.8,0.1662448336618769
2026-04-18,0.05825,0.1761062834680326,40,,,8.0,2.0,0.8,0.2163155728855259
2026-04-19,0.0172753623188405,0.1197235644476807,69,,,6.0,2.0,0.75,0.073394294616273
2026-04-20,0.0805925925925926,0.1703841748737871,108,,,28.0,1.0,0.9655172413793104,0.3780878885826155
2026-04-21,0.0231339285714285,0.103876095242388,112,,,12.0,4.0,0.75,0.1093630521275328
2026-04-22,0.0368,0.121480030263451,90,,,9.0,0.0,1.0,0.1659996298398201
2026-04-23,0.054701923076923,0.1571620201536941,104,,,20.0,4.0,0.8333333333333334,0.2545805810773668
2026-04-24,0.0292307692307692,0.1053930372827935,13,,,1.0,0.0,1.0,0.0771416757887537
2026-04-25,0.0115151515151515,0.0661495092631651,33,,,1.0,0.0,1.0,0.0406065757380042
2026-04-26,0.0331836734693877,0.1376752933338361,49,,,5.0,1.0,0.8333333333333334,0.1298152940168605
2026-04-27,0.0290291262135922,0.1109465916654053,103,,,11.0,2.0,0.8461538461538461,0.134822609596434
2026-04-28,0.03073,0.1247067554244149,100,,,11.0,3.0,0.7857142857142857,0.1418226534825319
2026-04-29,0.0772947368421052,0.19805398327515,95,,,27.0,4.0,0.8709677419354839,0.3528000923152455
2026-04-30,0.0274803921568627,0.1069346733487372,102,,,10.0,2.0,0.8333333333333334,0.1273641701373301
2026-05-01,0.0,0.0,4,,,0.0,0.0,0.5,0.0
2026-05-02,-0.0644347826086956,0.1715848123409731,23,,,0.0,5.0,0.0,-0.2047772076772024
2026-05-03,0.0244821428571428,0.1059320521623397,56,,,3.0,0.0,1.0,0.098982558717878
2026-05-04,0.0404651162790697,0.1080355648754721,43,,,7.0,1.0,0.875,0.1531276735585529
2026-05-05,0.0332280701754385,0.142658810947141,57,,,8.0,4.0,0.6666666666666666,0.1349206852978055
2026-05-06,0.0528514851485148,0.1787384338153724,101,,,20.0,3.0,0.8695652173913043,0.2444366819535785
2026-05-07,0.0514270833333333,0.1268401185738351,96,,,16.0,1.0,0.9411764705882352,0.2352640427174083
2026-05-08,-0.0513333333333333,0.154,9,,,0.0,1.0,0.0,-0.1181993681070276
2026-05-10,0.0036179775280898,0.0341319317362047,89,,,1.0,0.0,1.0,0.0162802102679364
2026-05-11,0.0577415730337078,0.1603992552755529,89,,,17.0,1.0,0.9444444444444444,0.2598260887171599
2026-05-12,0.0983302752293577,0.2121580060659661,109,,,37.0,3.0,0.925,0.4621995280785607
2026-05-13,0.0733333333333333,0.2157647191620718,96,,,25.0,8.0,0.7575757575757576,0.3354788050902481
2026-05-14,0.0436907216494845,0.1804933263323479,97,,,20.0,9.0,0.6896551724137931,0.2003205378825348
2026-05-15,-0.0112142857142857,0.2353080398676883,14,,,2.0,3.0,0.4,-0.030368848683789
2026-05-17,0.129875,0.1800081326410043,72,,,25.0,0.0,1.0,0.5572234199191474
2026-05-18,0.042125,0.1284440634174443,104,,,13.0,0.0,1.0,0.1960480797503856
2026-05-19,0.0101428571428571,0.1577352603926402,98,,,12.0,7.0,0.631578947368421,0.0466076441942222
2026-05-20,-0.0012079207920792,0.1102275207769532,101,,,7.0,7.0,0.5,-0.0055866008239671
2026-05-21,0.0168613861386138,0.0768247394662644,101,,,7.0,2.0,0.7777777777777778,0.0779834524853773
2026-05-22,0.0475,0.134350288425444,8,,,1.0,0.0,1.0,0.1043681674234704
2026-05-23,0.0302222222222222,0.1307535360114103,27,,,3.0,1.0,0.75,0.1007066251964061
2026-05-24,0.0305238095238095,0.0982230212565359,21,,,3.0,1.0,0.75,0.0943503910763181
2026-05-25,0.0,0.0,5,,,0.0,0.0,0.5,0.0
2026-05-26,0.6487,0.1367,0,0.7448,price_proxy,,,,
2026-05-27,0.5179,0.1377,0,0.8858,price_proxy,,,,
2026-05-28,0.6165,0.1378,0,0.7967,price_proxy,,,,
2026-05-29,0.4746,0.1364,0,1.2404,price_proxy,,,,
2026-06-01,0.4471,0.1364,0,0.8395,price_proxy,,,,
2026-06-02,0.3665,0.1367,0,0.7149,price_proxy,,,,
2026-06-04,0.4595,0.1375,0,0.8612,price_proxy,,,,
2026-06-05,0.4513,0.1362,0,0.879,price_proxy,,,,
2026-06-08,0.3509,0.1451,0,0.9433,price_proxy,,,,
2026-06-09,0.368,0.1456,0,1.3256,price_proxy,,,,
2026-06-10,0.4285,0.1464,0,0.8247,price_proxy,,,,
2026-06-11,0.3553,0.1406,0,0.8966,price_proxy,,,,
2026-06-12,0.4764,0.1521,0,1.687,price_proxy,,,,
2026-06-15,0.8,0.1847,0,1.5208,price_proxy,,,,
2026-06-16,0.705,0.188,0,1.0675,price_proxy,,,,
2026-06-17,0.7253,0.1855,0,1.5495,price_proxy,,,,
2026-06-18,0.6922,0.1842,0,1.1243,price_proxy,,,,
2026-06-19,0.5133,0.1776,0,1.0686,price_proxy,,,,
2026-06-22,0.3357,0.1618,0,0.7931,price_proxy,,,,
2026-06-23,0.3216,0.1682,0,0.8403,price_proxy,,,,
2026-06-24,0.3148,0.1675,0,0.9659,price_proxy,,,,
2026-06-25,0.472,0.1775,0,0.8766,price_proxy,,,,
2026-06-26,0.4578,0.1831,0,1.1613,price_proxy,,,,
2026-06-29,0.5132,0.1864,0,0.7944,price_proxy,,,,
2026-06-30,0.5414,0.1895,0,0.7387,price_proxy,,,,
2026-07-01,0.5463,0.1887,0,0.5547,price_proxy,,,,
2026-07-02,0.4665,0.1874,0,0.9824,price_proxy,,,,
2026-07-03,0.562,0.1866,0,0.5679,price_proxy,,,,
