date,title,sentiment_score,positive_count,negative_count,source
2026-03-23,"코스피·코스닥 전 거래일(20일) 주요공시는?... 삼성바이오로직스 ""미국...",0.716,2,0,https://www.pinpointnews.co.kr/news/articleView.html?idxno=438907
2026-03-23,마이너스 종목만 쏙쏙 골라 담은 개미들 ‘눈물’...중동 전쟁 투자 성...,-0.261,0,1,https://www.sedaily.com/article/20022581?ref=naver
2026-03-22,"삼성중, LNG운반선 1척 3779억 수주",0.38,1,0,http://www.gnmaeil.com/news/articleView.html?idxno=582903
2026-03-22,중동전쟁 후 삼성전자·하이닉스 담았지만⋯개인 투자자 '울상',-0.261,0,1,http://www.inews24.com/view/1951967
2026-03-22,[해수부 소식] 세계해사대학 재학생 대상 방한연수 운영 外,0.0,0,0,https://www.busan.com/view/busan/view.php?code=2026032219431260503
2026-03-22,"최성안 삼성중공업 대표이사, 사내이사 재선임",0.0,0,0,http://www.hansbiz.co.kr/news/articleView.html?idxno=826355
2026-03-22,미장·코인서 빠진 개미들 '국장으로'… 코스피 6000 탈환 주목,-0.322,0,1,https://www.hankookilbo.com/news/article/A2026032213470001157?did=NA
2026-03-22,"IGC 코드 개정 앞두고…KR, 사전 영향분석·기술정보 발간으로 조선·해...",0.0,0,0,https://www.electimes.com/news/articleView.html?idxno=366266
2026-03-22,"[단독]'부산 조선 1세대' 대선조선, 새 주인 찾는다..다대포서 재출발",0.788,2,0,http://www.fnnews.com/news/202603190803147372
2026-03-22,"중동 리스크에 갈린 성적표…외국인은 선방, 개인은 ‘지수 밑돌아’ [...",-0.322,0,1,https://www.sedaily.com/article/20022368?ref=naver
2026-03-22,중동 전쟁 이후 외국인 수익률 방어…개인은 부진,-0.261,0,1,https://www.sentv.co.kr/article/view/sentv202603220010
2026-03-22,중동 전쟁 이후 투자 성적표…외국인 선방·개인은 '울상',-0.261,0,1,https://news.sbs.co.kr/news/endPage.do?news_id=N1008486913&plink=ORI&cooper=NAVER
2026-03-22,개미 담은 종목 10개 중 8개 ‘마이너스’… 코스피보다 더 깨졌다,0.165,1,1,https://www.dt.co.kr/article/12052966?ref=naver
2026-03-22,외인 웃고 개미만 물렸다…중동 전쟁 뒤 엇갈린 ‘투자 성적표’,-0.261,0,1,https://biz.heraldcorp.com/article/10699719?ref=naver
2026-03-22,"""개미 몰린 종목 10개 중 8개 하락…왜 이런 일이""",-0.261,0,1,https://www.kizmom.com/news/articleView.html?idxno=108595
2026-03-22,'전쟁 공포' 뚫고 들어갔는데…사는 족족 마이너스 '비명',0.0,1,1,http://www.wowtv.co.kr/NewsCenter/News/Read?articleId=A202603220030&t=NN
2026-03-22,"삼성중공업, '파이프 로보팹' 가동…배관 공정 자동화 본격화",0.261,1,0,https://www.cbci.co.kr/news/articleView.html?idxno=562413
2026-03-21,"한텍, 화공기기 맞춤 설계부터 수소탱크까지… 에너지 설비 강자 입증",0.322,2,1,https://www.pinpointnews.co.kr/news/articleView.html?idxno=438754
2026-03-21,"삼성중공업, 정기주총서 3대 사업방향 제시…""3X 전환 퍼스트무버 될 것...",0.0,0,0,http://www.metroseoul.co.kr/article/20260321500055
2026-03-21,3월 3주차 삼성중공업 주가 28000원대 마감,0.261,1,0,https://www.joongangenews.com/news/articleView.html?idxno=504639
2026-03-21,"삼성重, 제 52기 정기주주총회 개최…3X 전환 사업 방향 제시",0.0,0,0,https://www.job-post.co.kr/news/articleView.html?idxno=210963
2026-03-21,"삼성重, LNG운반선 1척 3779억원 수주",0.38,1,0,https://www.job-post.co.kr/news/articleView.html?idxno=210965
2026-03-21,"조선 빅3, '초격차' 유지에 AI만으로는 부족하다…해법은 '3X'",0.0,0,0,https://news.einfomax.co.kr/news/articleView.html?idxno=4405115
2026-03-21,"[전문가 기고] K-조선 LNG 경쟁력, 새로운 개념의 선박이 필요하다",0.0,0,0,https://www.seoulfn.com/news/articleView.html?idxno=623995
2026-03-21,"[2026 주총] 삼성중공업, 최성안 부회장 사내이사 재선임‥""3X 전환의 퍼...",0.0,0,0,https://www.getnews.co.kr/news/articleView.html?idxno=865320
2026-03-21,"'주총시즌개막' 삼성중공업 최성안, '3X 전환' 본격화",0.322,1,0,https://www.shinailbo.co.kr/news/articleView.html?idxno=5003279
2026-03-21,"최성안 삼성重 부회장, 사내이사 재선임…""3X 전환의 퍼스트무버 될 것...",0.0,0,0,http://www.inews24.com/view/1951689
2026-03-21,[주간 거래소 외국인] 두산에너빌리티 이수페타시스 담고 현대차 SK하이...,0.38,1,0,https://www.pinpointnews.co.kr/news/articleView.html?idxno=438685
2026-03-21,[기획] HJ중공업 군산조선소 인수 '강수'…자금·공급망 확보는 과제,0.0,0,0,https://www.sentv.co.kr/article/view/sentv202603190145
2026-03-21,中 싼 가격에 몰려오자… 韓 “기술력으로 초격차 벌린다”,0.38,1,0,https://www.donga.com/news/Economy/article/all/20260320/133573799/2
2026-03-21,"삼성重, LNG운반선 1척 3779억원 추가 수주",0.38,1,0,http://www.e2news.com/news/articleView.html?idxno=328869
2026-03-24,"조선3사, R&D 투자 늘리고 특허출원도 확대...HD현대重 R&D 투자액 '최대...",0.0,0,0,http://www.consumernews.co.kr/news/articleView.html?idxno=752552
2026-03-24,관계사 주가 상승에…삼성전자 투자 ‘실탄’ 두터워졌다,0.537,2,0,https://www.etoday.co.kr/news/view/2565301
2026-03-24,"이란이 백기 대신 확전 꺼낸 이유, 호르무즈 봉쇄 카드 때문[이란 전쟁...",-0.1,1,1,https://www.g-enews.com/view.php?ud=202603231742408786fbbec65dfb_1
2026-03-24,러시아 '그림자 함대' 폭발… 지중해 LNG 6만t 오염 위기 분석,0.0,0,0,https://www.g-enews.com/view.php?ud=2026032321545340522bd56fbc3c_1
2026-03-23,"삼성重, LNG운반선 2척 7701억원 추가 수주",0.38,1,0,http://www.e2news.com/news/articleView.html?idxno=328900
2026-03-23,"KOEMRI, ‘암모니아 연료공급시스템’ 시연 성공…친환경선박 상용화 ‘...",0.0,0,0,https://www.busan.com/view/busan/view.php?code=2026032322092052385
2026-03-23,"KOMERI, 선박 암모니아 공급 성과 입증",0.0,0,0,http://www.gnmaeil.com/news/articleView.html?idxno=583005
2026-03-23,"삼성중공업, LNG운반선 2척 수주",0.38,1,0,https://www.gnnews.co.kr/news/articleView.html?idxno=633223
2026-03-23,"[비즈투데이] 삼성중공업, LNG 운반선 7천701억 원 수주",0.38,1,0,https://www.obsnews.co.kr/news/articleView.html?idxno=1518234
2026-03-23,"KOMERI, 암모니아 연료공급 실증 성공...경쟁력 강화",0.0,0,0,https://www.joongdo.co.kr/web/view.php?key=20260323010007818
2026-03-23,"SB선보, 선박용 암모니아 연료공급 시스템 실증 성공",0.0,0,0,http://www.kookje.co.kr/news2011/asp/newsbody.asp?code=0200&key=20260324.22010007072
2026-03-23,LNG선 집중 전략...삼성중공업 수주 21% 달성,0.38,1,0,https://www.ppss.kr/news/articleView.html?idxno=289278
2026-03-23,"KOEMRI, 암모니아 선박 연료 기술 실증 성공",0.0,0,0,http://www.hansbiz.co.kr/news/articleView.html?idxno=826761
2026-03-23,"고려아연, 장애인복지시설서 임직원 봉사활동…삼성重, LNG운반선 2척 수...",0.38,1,0,http://www.sisaon.co.kr/news/articleView.html?idxno=181693
2026-03-23,"삼성重, LNG운반선 2척 7701억원 추가 수주···올해 목표액 21% 달성",0.38,1,0,http://www.finomy.com/news/articleView.html?idxno=251915
2026-03-23,"삼성중공업, LNG운반선 2척 수주 7701억원 규모",0.38,1,0,http://www.gndomin.com/news/articleView.html?idxno=469539
2026-03-23,삼성중공업 최성안 최성안 대표이사 사내이사 재선임,0.0,0,0,http://www.gndomin.com/news/articleView.html?idxno=469545
2026-03-23,"KOEMRI, 암모니아 기반 연료 기술 '실증 성공'",0.0,0,0,https://www.energy-news.co.kr/news/articleView.html?idxno=223936
2026-03-23,"한국해양대, 엔팩에스앤지 조선 빅3 수주…공기질 기술 표준화",0.38,1,0,https://www.inthenews.co.kr/news/article.html?no=84605
2026-03-23,"삼성중공업, LNG운반선 2척 7701억원 추가 수주… 올해 누적 29억 달러",0.38,1,0,https://www.newscj.com/news/articleView.html?idxno=3387390
2026-03-23,최성안 '독자 기술'로 차별화…FLNG·LNG '투트랙' 키우는 삼성重,0.38,1,0,https://www.asiatoday.co.kr/view.php?key=20260323010006802
2026-03-23,"삼성중공업, LNG운반선 수주 잇따라…연간 목표 21% 달성",0.38,1,0,https://www.m-i.kr/news/articleView.html?idxno=1356880
2026-03-23,"[뉴스인사이드_뉴스톡톡] 코스피, 중동전 확산공포속 6%하락",0.133,1,1,https://www.newsinside.kr/news/articleView.html?idxno=4527760
2026-03-23,"[오늘의 주요공시·23일] 대한조선, 1338억 원유운반선 계약",0.38,1,0,https://www.safetimes.co.kr/news/articleView.html?idxno=240939
2026-03-23,기업 공시 [3월 23일],0.38,1,0,https://www.sedaily.com/article/20022969?ref=naver
2026-03-23,"삼성중공업, LNG운반선 2척 수주…7,701억 원 규모",0.38,1,0,http://www.snmnews.com/news/articleView.html?idxno=566864
2026-03-23,"[TOP's Pick] [중후장대] 동국제강, ‘수출 15%’ 승부수…고배당 정책으...",0.38,1,0,https://www.topdaily.kr/articles/109341
2026-03-23,[오늘의 주요공시] 셀트리온·SNT다이내믹스·삼성중공업 등,0.38,1,0,https://www.etoday.co.kr/news/view/2568332
2026-03-23,트럼프 '최후통첩'에 외인 3.7조 팔았다…'위험 자산' 코스피 처분,0.0,0,0,https://www.news1.kr/finance/market-exr/6110883
2026-03-23,외국인 증시 자금 재배치···반도체서 조선·원전·바이오로 이동,0.0,0,0,https://www.seoulfn.com/news/articleView.html?idxno=624328
2026-03-23,"SB선보, 선박용 암모니아 연료공급 시스템 시연 성공",0.0,0,0,https://www.yna.co.kr/view/AKR20260323133300051?input=1195m
2026-03-23,"KOMERI, 암모니아 선박연료 공급기술 실증 성공",0.0,0,0,http://www.inews24.com/view/1952258
2026-03-23,"삼성중공업, 오세아니아 선사서 7701억원 규모 LNG운반선 2척 수주",0.38,1,0,https://www.getnews.co.kr/news/articleView.html?idxno=865511
2026-03-23,코스피 '대폭락' & 원화환율 '폭등'...K 금융시장 '패닉',-0.823,0,2,http://www.choicenews.co.kr/news/articleView.html?idxno=162691
2026-03-23,"삼성重, 7701억 규모 LNG운반선 2척 수주",0.38,1,0,https://it.chosun.com/news/articleView.html?idxno=2023092159060
2026-03-23,[거래소 외국인] 삼성전자 또 팔았다…방산·금융으로 대이동,0.0,0,0,https://www.pinpointnews.co.kr/news/articleView.html?idxno=439190
2026-03-23,"삼성중공업, LNG운반선 2척 7701억원 수주…올해 14척 확보",0.38,1,0,https://www.newspim.com/news/view/20260323000965
2026-03-23,"삼성중공업, LNG 운반선 2척 수주…7700억원 규모",0.38,1,0,https://weekly.hankooki.com/news/articleView.html?idxno=7156220
2026-03-23,"삼성重, LNG운반선 2척 7701억원 수주···올해 목표 21% 달성",0.38,1,0,http://www.enewstoday.co.kr/news/articleView.html?idxno=2409392
2026-03-23,"코스피, 6.49% 내린 5405.75 마감...톱99 모두 하락",-0.261,0,1,http://www.opinionnews.co.kr/news/articleView.html?idxno=135449
2026-03-23,"SB선보, 선박용 암모니아 연료공급시스템 실증 성공",0.0,0,0,https://www.hankyung.com/article/202603230330h
2026-03-23,"삼성중공업, LNG운반선 2척 7701억 수주…사흘 새 1조1500억 확보",0.38,1,0,http://www.metroseoul.co.kr/article/20260323500538
2026-03-23,[서울데이터랩]마감 직후 인기 검색 종목 20選,0.0,0,0,https://www.seoul.co.kr/news/economy/securities/2026/03/23/20260323500189?wlog_tag3=naver
2026-03-23,"[중화학 ON] HD현대, 용접 휴머노이드 실증 착수 外",0.38,1,0,https://dealsite.co.kr/articles/158910
2026-03-23,"[중공업 & Now] 대한조선, 수에즈막스 추가 수주…수주잔고 34척 확대 등",0.38,1,0,https://www.ebn.co.kr/news/articleView.html?idxno=1703121
2026-03-23,"국립한국해양대 기술지주 자회사 엔팩에스앤지, 한화오션 수주…'조선 ...",0.38,1,0,https://www.veritas-a.com/news/articleView.html?idxno=602735
2026-03-23,"외인, 이달 코스피 순매도 20조 돌파...개인만 '사자'",0.261,1,0,http://www.opinionnews.co.kr/news/articleView.html?idxno=135445
2026-03-23,삼성주이공업 LNGC 2척 수주…대당 3850억원 규모,0.38,1,0,http://www.smedaily.co.kr/news/articleView.html?idxno=354217
2026-03-23,"KOMERI, 암모니아 선박 핵심기술 확보… 글로벌 시장 경쟁력 강화",0.0,0,0,https://www.onews.tv/news/articleView.html?idxno=277162
2026-03-23,"삼성중공업, LNG운반선 3척 연속 수주…1.1조 규모 확보",0.38,1,0,https://www.ezyeconomy.com/news/articleView.html?idxno=233767
2026-03-23,"KOEMRI, 암모니아 연료공급시스템 시연 성공",0.0,0,0,https://www.todayenergy.kr/news/articleView.html?idxno=295569
2026-03-23,"삼성중공업, LNG운반선 2척 추가 수주··· 7701억원 규모",0.38,1,0,https://www.viva100.com/article/20260323500996
2026-03-23,"삼성중공업, LNG운반선 2척 7701억원 추가 수주",0.38,1,0,https://www.insightkorea.co.kr/news/articleView.html?idxno=243245
2026-03-23,"KOEMRI, 암모니아 연료공급시스템 시연 성공…""친환경 선박 상용화 앞당...",0.0,0,0,https://www.gukjenews.com/news/articleView.html?idxno=3536779
2026-03-23,"KOMERI ""선박용 암모니아 연료공급시스템 실사용 시연 성공""",0.0,0,0,https://www.news1.kr/local/busan-gyeongnam/6110568
2026-03-23,"삼성중공업, LNG선 잇단 수주… 연간 목표 21% 달성",0.38,1,0,http://www.biztribune.co.kr/news/articleView.html?idxno=350980
2026-03-23,"삼성중공업, 고부가 LNGC 릴레이 수주…나흘새 1조 1500억 확보",0.38,1,0,https://www.busan.com/view/busan/view.php?code=2026032310354662885
2026-03-23,"삼성중공업, LNG운반선 2척 수주…7701억원 규모",0.38,1,0,https://www.etnews.com/20260323000294
2026-03-23,"삼성중공업, LNG운반선 수주 이어가…2척 7701억원 추가 계약",0.38,1,0,https://www.g-enews.com/view.php?ud=20260323103251998624debea800_1
2026-03-23,"친환경 선박 핵심기술 실증 성과…KOMERI, 암모니아 연료 상용화 기대",0.0,0,0,https://www.cnbnews.com/news/article.html?no=785061
2026-03-23,"삼성重, LNG운반선 2척 7천701억원에 수주",0.38,1,0,https://news.einfomax.co.kr/news/articleView.html?idxno=4405338
2026-03-23,"삼성重, 7701억원 규모 LNG운반선 2척 수주",0.38,1,0,https://www.businessplus.kr/news/articleView.html?idxno=109301
2026-03-23,"[서환-오전] 1,510원선 안팎서 强달러·네고 주시…9.00원↑",0.38,1,0,https://news.einfomax.co.kr/news/articleView.html?idxno=4405335
2026-03-23,"[카드] '7701억원 규모' 삼성중, LNG 운반선 2척 수주",0.38,1,0,http://www.newsprime.co.kr/news/article.html?no=727830
2026-03-23,"삼천당제약, 올해만 300%↑…코스닥 시총 1위 다음 스텝은?",-0.462,0,1,https://news.tf.co.kr/read/economy/2305084.htm
2026-03-23,"삼성중공업, LNG운반선 2척 추가 수주… 총 3척 1조1500억원 규모",0.38,1,0,http://www.seoulwire.com/news/articleView.html?idxno=712683
2026-03-23,"삼성중공업, 오세아니아 선사서 LNG운반선 2척 7701억원 수주",0.38,1,0,https://www.newsinside.kr/news/articleView.html?idxno=4525879
2026-03-23,"韓 조선업, 돈 버는 방식 갈렸다… LNG·로봇·탱커로 재편",0.38,1,0,http://www.newsroad.co.kr/news/articleView.html?idxno=56542
2026-03-23,"삼성중공업, LNG운반선 2척 추가 수주…누적 '29억달러'",0.38,1,0,https://www.fetv.co.kr/news/article.html?no=215495
2026-03-23,"삼성重, LNG 운반선 2척 7701억 원에 수주",0.38,1,0,https://www.munhwa.com/article/11576623?ref=naver
2026-03-23,코스피 '장중 추락' 속...HD현대중공업 등 조선주 '장중 뚝',-0.462,0,1,http://www.choicenews.co.kr/news/articleView.html?idxno=162670
2026-03-23,"삼성중공업, LNG운반선 2척 7,701억원 추가 수주",0.38,1,0,https://www.koreaittimes.com/news/articleView.html?idxno=152166
2026-03-23,"삼성중공업, 7701억 LNGC 2척 수주 [공시pick]",0.38,1,0,http://www.joseilbo.com/news/news_read.php?uid=565114&class=17&grp=
2026-03-23,"해수장관 후보자 ""어업용 면세유 지원, 추경 반영될 수 있도록 협의""",0.0,0,0,https://news.einfomax.co.kr/news/articleView.html?idxno=4405319
2026-03-23,"삼성중공업, 1.15조 규모 LNG선 3척 연속 수주",0.38,1,0,http://www.hansbiz.co.kr/news/articleView.html?idxno=826563
2026-03-23,"삼성중공업, LNG 운반선 2척 7701억원 수주…친환경 중심 강화",0.38,1,0,https://www.ngetnews.com/news/articleView.html?idxno=549371
2026-03-23,"삼성중공업, LNG선 2척 7701억 계약…""고부가가치 선별 수주""",0.38,1,0,https://www.financialpost.co.kr/news/articleView.html?idxno=252522
2026-03-23,"삼성중공업, LNG운반선 2척 7천7백억원 추가 수주",0.38,1,0,https://www.todayenergy.kr/news/articleView.html?idxno=295544
2026-03-23,삼성중공업 올해 수주 목표 21% 채워...'K조선' 순항하고 있나?,0.38,1,0,https://economist.co.kr/article/view/ecn202603230027
2026-03-23,"2025년 R&D 비중 ‘삼성重 1.0%, HD한국조선 0.8% 한화오션 0.6%’",0.0,0,0,http://www.thebigdata.co.kr/view.php?ud=202603231116322454570d99e4c8_23
2026-03-23,"삼성중공업, LNG선 '릴레이 수주'…1.15조 잭팟에 목표 21% 조기 달성",0.38,1,0,https://www.megaeconomy.co.kr/news/newsview.php?ncode=1065579330010312
2026-03-23,"삼성중공업, 연간 수주 목표 21% 달성...LNG 운반선 2척 7700억원에 수주",0.38,1,0,https://www.livebiz.today/news/articleView.html?idxno=201225
2026-03-23,"삼성중공업, LNG운반선 2척 7701억원에 수주",0.38,1,0,https://www.mt.co.kr/industry/2026/03/23/2026032311271859002
2026-03-23,"삼성重, 7701억원 규모 LNG선 2척 수주",0.38,1,0,http://www.edaily.co.kr/news/newspath.asp?newsid=02909366645386272
2026-03-23,"삼성중공업, LNG운반선 2척 7701억 원에 추가 수주",0.38,1,0,http://www.kookje.co.kr/news2011/asp/newsbody.asp?code=0200&key=20260323.99099006865
2026-03-23,[주요공시] 3월 23일 오전,0.38,1,0,https://www.ebn.co.kr/news/articleView.html?idxno=1703077
2026-03-23,"삼성중공업, 7700억원 규모 LNG운반선 2척 추가 수주",0.38,1,0,http://www.lawissue.co.kr/view.php?ud=20260323111014701067191f6c6e_12
2026-03-23,"삼성중공업, 7701억원 규모 LNG운반선 2척 추가수주",0.38,1,0,https://www.inthenews.co.kr/news/article.html?no=84569
2026-03-23,"삼성중공업, LNG운반선 2척 수주...7701억 규모",0.38,1,0,https://www.dailian.co.kr/news/view/1624269/?sc=Naver
2026-03-23,"삼성중공업, LNG운반선 2척 추가 수주… 7701억 규모",0.38,1,0,https://news.tf.co.kr/read/economy/2305024.htm
2026-03-23,"삼성중공업, LNG 운반선 2척 수주…7,701억원 규모",0.38,1,0,http://www.yonhapnewstv.co.kr/AKR20260323110030u00
2026-03-23,"삼성重, LNG선 2척 7701억에 수주",0.38,1,0,https://biz.heraldcorp.com/article/10700283?ref=naver
2026-03-23,"삼성重, 7701억 규모 LNG운반석 2척 수주",0.38,1,0,https://www.joongangenews.com/news/articleView.html?idxno=504813
2026-03-23,"삼성중공업, LNG운반선 2척 수주…7,701억 규모",0.38,1,0,http://www.wowtv.co.kr/NewsCenter/News/Read?articleId=A202603230109&t=NN
2026-03-23,"삼성重, LNG운반선 2척 7700억원에 수주",0.38,1,0,https://www.dt.co.kr/article/12053183?ref=naver
2026-03-23,"삼성중공업, LNG 운반선 2척 7천701억원에 수주",0.38,1,0,https://www.yna.co.kr/view/AKR20260323058100003?input=1195m
2026-03-24,"중동 위기에 LNG 각광…삼성重 FLNG, HD현대마린솔루션 FSRU '주목'",0.0,0,0,https://www.news1.kr/industry/general-industry/6111016
2026-03-24,"[N2 모닝 경제 브리핑-3월 24일] 美증시, 이란전 휴전 기대감에 '활짝'…...",0.38,1,0,https://www.news2day.co.kr/article/20260323500104
2026-03-25,韓 실물 경제는 선진국인데 금융은 중진국…AI로 해법 모색해야,0.0,0,0,https://www.ajunews.com/view/20260324111615264
2026-03-25,"""걷고, 보고, 용접한다""…조선소 생산 현장 바꾸는 '로봇 용접공'",0.0,0,0,https://www.ebn.co.kr/news/articleView.html?idxno=1703222
2026-03-25,"초호황 K조선, 평균 연봉 '1억 클럽' 시대 개막",0.0,0,0,https://www.sidae.com/article/2026032415302313539
2026-03-25,"[이넷뉴스 브랜드평판] 삼성중공업, 액화천연가스 LNG 상장기업 3월 1위...",0.0,0,0,https://www.enetnews.co.kr/news/articleView.html?idxno=48086
2026-03-25,"로봇·산업용·협동로봇 관련주, '함박웃음' 앤로보틱스·한라캐스트·오...",0.0,0,0,http://www.finomy.com/news/articleView.html?idxno=251980
2026-03-25,"태안 기금 3000억 맡겼더니…피해자 단체, 억대 임금 잔치",0.0,0,0,https://www.joongang.co.kr/article/25414474
2026-03-24,3월 4주 주요 제조업 전망,0.0,0,0,https://www.laborplus.co.kr/news/articleView.html?idxno=40548
2026-03-24,[르포 대한민국] 조선업의 봄은 허상… 중소 조선소·기자재 산업 등 ‘...,0.322,1,0,https://www.chosun.com/opinion/specialist_column/2026/03/24/HQUZJJW6OZF5XHULWCYP6Y6ZBU/?utm_source=naver&utm_medium=referral&utm_campaign=naver-news
2026-03-24,"[산업공시] SK하이닉스, 12조원 규모 EUV 노광장비 도입 등",0.38,1,0,https://www.econovill.com/news/articleView.html?idxno=734636
2026-03-24,[밀착취재] '태안 기름유출 20년' 피해 기금 3천억 어디로…쌈짓돈 의혹...,0.0,0,0,http://www.mbn.co.kr/pages/news/newsView.php?news_seq_no=5183785
2026-03-24,[코스피 지수선물 옵션] 삼성전자 19만원 돌파…선물시장 '폭등 신호' 떴...,0.834,4,0,https://www.pinpointnews.co.kr/news/articleView.html?idxno=439576
2026-03-24,개미들 계좌 파랗게 질렸는데…외인은 '이것' 사서 웃었다,0.0,0,0,http://www.edaily.co.kr/news/newspath.asp?newsid=04641206645386600
2026-03-24,"[단독] 태안 기름 복구 기금 3000억, 집행부 억대 연봉으로 샜다",0.0,0,0,https://www.joongang.co.kr/article/25414395
2026-03-24,"外人 투매에도, 코스피 '껑충'...한화 · CJ · SK '급등'",0.604,2,0,http://www.choicenews.co.kr/news/articleView.html?idxno=162756
2026-03-24,[거래소 외국인 순매수도] LG엔솔·삼성SDI 집중 매수…다음 주도주는 여...,0.0,0,0,https://www.pinpointnews.co.kr/news/articleView.html?idxno=439558
2026-03-24,"송탄소방서, 삼성전자와 업무협약…""현장에 스며든 안전수칙""",0.0,0,0,https://www.m-i.kr/news/articleView.html?idxno=1357430
2026-03-24,"철판 절삭 용접 '척척'…K-조선, 로봇 등판에 패러다임 전환",0.0,0,0,https://www.mediapen.com/news/view/1088811
2026-03-24,"“해양수산 기관은 거제로” 거제시, 2차 공공기관 이전 대응 고삐",0.38,1,0,https://www.busan.com/view/busan/view.php?code=2026032410201320207
2026-03-24,"삼성중, 7701억 규모 LNG운반선 2척 수주",0.38,1,0,http://www.knnews.co.kr/news/articleView.php?idxno=1484862
2026-03-24,"삼성중공업 주가, 3월 24일 장중 26,150원 0.58% 상승",0.261,1,0,https://www.joongangenews.com/news/articleView.html?idxno=505382
2026-03-24,"조선소 대신 '기술 수출'…삼성중공업, 美 MASGA '실속 공략'",0.0,0,0,https://www.newspim.com/news/view/20260324000835
2026-03-24,"[기업공시] LG화학, 셀트리온, 카카오, 삼성중공업, 하나금융지주, NAVER...",0.38,1,0,https://www.kdpress.co.kr/news/articleView.html?idxno=203615
2026-03-24,"김진권 태안군의원, 군수 출마 출사표... ""원칙이 바로 선 행정, 민생이...",-0.38,0,1,https://www.ohmynews.com/NWS_Web/View/at_pg.aspx?CNTN_CD=A0003217698&CMPT_CD=P0010&utm_source=naver&utm_medium=newsearch&utm_campaign=naver_news
2026-03-24,"김진권 태안군의원, 태안군수 출마선언",0.0,0,0,https://www.joongdo.co.kr/web/view.php?key=20260324010008081
2026-03-24,삼성중공업·HD현대중공업·한화오션 양의 흐름...견조한 수급 유지,0.0,1,1,https://www.cbci.co.kr/news/articleView.html?idxno=562852
2026-03-24,[서울데이터랩]개장 직후 인기 검색 종목 20選,0.0,0,0,https://www.seoul.co.kr/news/economy/securities/2026/03/24/20260324500098?wlog_tag3=naver
2026-03-24,[Invest]중동 변수에 HD현대重·한화오션도 영향권…목표주가 33% 하향 리...,-0.322,0,1,https://www.investchosun.com/site/data/html_dir/2026/03/24/2026032480077.html
2026-03-24,"삼성중공업 주가, 3월 24일 장중 26,250원 0.96% 상승",0.261,1,0,https://www.topstarnews.net/news/articleView.html?idxno=16014761
2026-03-24,"삼성중공업, 7천7백억 LNG 운반선 2척 추가 수주",0.38,1,0,https://news.kbs.co.kr/news/pc/view/view.do?ncd=8516582&ref=A
2026-03-24,HD현대·HD현대마린솔루션 주가 방긋… 지주사 가치와 AS 시장 동시 공략,0.261,1,0,https://www.pinpointnews.co.kr/news/articleView.html?idxno=439408
2026-03-24,"삼성重, LNG운반선 2척 7701억원 추가 수주",0.38,1,0,https://www.job-post.co.kr/news/articleView.html?idxno=211134
2026-03-24,"계좌 열어본 개미 웃었다…""'7조 뭉칫돈' 전략 통했다""",0.0,0,0,http://www.wowtv.co.kr/NewsCenter/News/Read?articleId=A202603240291&t=NN
2026-03-24,"[데일리토픽] 삼성중공업, 오세아니아 선사서 LNG선 1척 3779억원에 수주",0.38,1,0,http://www.finomy.com/news/articleView.html?idxno=251926
2026-03-24,"KOMERI, 암모니아 연료공급시스템 시연 성공···친환경 선박 상용화 '...",0.0,0,0,https://www.pointe.co.kr/news/articleView.html?idxno=76177
2026-03-24,3월 23일 주식시장 주요공시,0.0,0,0,https://www.catchnews.kr/news/articleView.html?idxno=121897
2026-03-24,올해만 27척…카타르發 LNG운반선 인도 지연 위험 여전,0.38,1,0,https://news.einfomax.co.kr/news/articleView.html?idxno=4405470
2026-03-24,"[코스피·코스닥,삼성중공업 하나금융지주 삼양홀딩스 LG화학 케이뱅크...",0.0,0,0,https://www.public25.com/news/articleView.html?idxno=42448
2026-03-26,"마키나락스, 증권신고서 제출…코스닥 상장 절차 본격 돌입",0.0,0,0,https://www.pinpointnews.co.kr/news/articleView.html?idxno=440017
2026-03-26,"거제시-삼성중공업-한화오션, 지역상생발전 협약 체결",0.322,1,0,https://www.newsfreezone.co.kr/news/articleView.html?idxno=681748
2026-03-26,"기후부·조선업계, 온실가스 배출량 체계적 산정·관리한다",0.0,0,0,http://www.energydaily.co.kr/news/articleView.html?idxno=165682
2026-03-26,“불확실성 커지고 오히려 주문 결정 빨라졌다”… 전쟁에도 수주 견조...,0.38,1,0,https://biz.chosun.com/industry/company/2026/03/26/PTQZA5JP5BGKVGB54ROGFJQGGE/?utm_source=naver&utm_medium=original&utm_campaign=biz
2026-03-26,李정부 1기 국무위원 평균 50억… 김민석 3억 ‘최저’,0.0,0,0,https://www.donga.com/news/Politics/article/all/20260326/133610587/2
2026-03-26,"풍력에너지 관련주, '함박웃음' SK이터닉스·대창솔루션·두산에너빌리...",0.0,0,0,http://www.finomy.com/news/articleView.html?idxno=252060
2026-03-26,"[재산공개] 최휘영 장관, 네이버 주식 전량 매각…61억 줄었지만 그래도...",0.0,0,0,https://www.news1.kr/life-culture/general-cultural/6113937
2026-03-26,[2026 재산공개]최휘영 장관 신고액 177억원…'주식 백지신탁' 61억원 줄...,0.0,0,0,https://view.asiae.co.kr/article/2026032523361695372
2026-03-25,"마키나락스, 5월 코스닥 상장…“피지컬 AI 글로벌 리더 목표”",0.0,0,0,https://www.etnews.com/20260325000497
2026-03-25,"거제시, 양대 조선사와 지역 경제 살린다",0.0,1,1,http://www.gnmaeil.com/news/articleView.html?idxno=583203
2026-03-25,거제시·한화오션·삼성중공업 ‘상생발전’ 협약,0.322,1,0,https://news.kbs.co.kr/news/pc/view/view.do?ncd=8518407&ref=A
2026-03-25,"조선업 호황, 지역 경제 선순환 구조로 이어간다",0.322,1,0,http://www.breaknews.com/1195079
2026-03-25,"거제시-삼성중공업-한화오션, 지역상생발전 협약 체결",0.322,1,0,https://www.newsis.com/view/NISX20260325_0003564131
2026-03-25,"마키나락스, 증권신고서 제출…코스닥 상장 절차 본격 돌입",0.0,0,0,https://www.newstopkorea.com/news/articleView.html?idxno=44056
2026-03-25,"마키나락스, 증권신고서 제출 ··· 코스닥 상장 절차 돌입",0.0,0,0,https://www.datanet.co.kr/news/articleView.html?idxno=210441
2026-03-25,"기후부, 온실가스 배출 '스코프3' 관리 체계 마련 나서...조선 6개사와 ...",0.0,0,0,https://www.pinpointnews.co.kr/news/articleView.html?idxno=439922
2026-03-25,"경남도, 조선업 안전을 위한 실무협의체 회의 열어",0.0,0,0,https://www.straightnews.co.kr/news/articleView.html?idxno=298542
2026-03-25,"‘산업용 AI’ 마키나락스, 코스닥 상장 본격화",0.0,0,0,https://www.mk.co.kr/article/11998369
2026-03-25,"공장·전장 아우르는 산업 AI 플랫폼 '마키나락스', 증권신고서 제출…...",0.0,0,0,https://www.aitimes.kr/news/articleView.html?idxno=39264
2026-03-25,삼성重 글로벌 생산 네트워크 이원화… 수익성·납기 다잡는다,0.0,0,0,http://www.fnnews.com/news/202603251814498461
2026-03-25,"김선민 ""숨지 않는 시장 되겠다""…현안 '100일 담판' 승부수",0.0,0,0,https://www.newsfreezone.co.kr/news/articleView.html?idxno=681645
2026-03-25,경남도 조선업 안전 실무협의체 회의 개최,0.0,0,0,http://www.gndomin.com/news/articleView.html?idxno=469852
2026-03-25,"마키나락스, 코스닥 상장 증권신고서 제출",0.0,0,0,https://www.newspim.com/news/view/20260325001293
2026-03-25,"8년새 매출 70배…마키나락스, 코스닥 상장 신호탄",0.0,0,0,https://zdnet.co.kr/view/?no=20260325174536
2026-03-25,"경남도, 조선업 안전을 위한 실무협의체 회의 개최",0.0,0,0,https://www.newsgn.com/news/articleView.html?idxno=542381
2026-03-25,"정부, 조선업 온실가스 배출량산정 지원…관리체계 구축",0.0,0,0,https://www.widedaily.com/news/articleView.html?idxno=291009
2026-03-25,"'제조·국방 AI 분야 마켓 리더' 마키나락스, 증권신고서 제출…코스닥...",0.0,0,0,http://www.newsprime.co.kr/news/article.html?no=728192
2026-03-25,"조선업 호황을 경제 회복으로…거제시-양대 조선소, 상생 협약",0.0,0,0,https://www.yna.co.kr/view/AKR20260325154500052?input=1195m
2026-03-25,"김민성 한국선급 연구원 ""선박 연료, 그린 암모니아가 최고의 솔루션""",0.0,0,0,https://dealsite.co.kr/articles/159049
2026-03-25,"마키나락스, 증권신고서 제출…코스닥 상장 절차 돌입",0.0,0,0,https://www.joongangenews.com/news/articleView.html?idxno=505883
2026-03-25,"'피지컬 AI' 마키나락스, 증권신고서 제출…코스닥 상장 절차 돌입",0.0,0,0,http://www.edaily.co.kr/news/newspath.asp?newsid=04972486645386928
2026-03-25,"""수주 실적 넘어 탄소 관리력이 경쟁력""…조선업 '저탄소 생태계' 전환...",0.38,1,0,https://www.aitimes.com/news/articleView.html?idxno=208353
2026-03-25,"'제조·국방 AI' 마키나락스, 코스닥 상장 절차 돌입",0.0,0,0,http://www.hansbiz.co.kr/news/articleView.html?idxno=827509
2026-03-25,"기후부, 조선업계와 온실가스 배출량 산정 지원 협약",0.0,0,0,https://www.busan.com/view/busan/view.php?code=2026032517122641195
2026-03-25,"군산조선소 재편 움직임… 전북, ‘K-조선 거점’으로 우뚝서나",0.0,0,0,https://www.jjan.kr/article/20260325500460
2026-03-25,"""조선 호황, 지역 경제로 선순환""…거제시-삼성중-한화오션 뜻모아",0.0,0,0,https://www.idomin.com/news/articleView.html?idxno=2002068
2026-03-25,"“돈 되는 배만”⋯ K-조선, 뚜렷해진 고부가가치선 수주 쏠림",0.38,1,0,https://www.viva100.com/article/20260325500901
2026-03-25,호르무즈 리스크에 원유운반선 잇따라 발주..중국과 경쟁 치열,0.38,1,0,https://www.mt.co.kr/industry/2026/03/26/2026032513565157221
2026-03-25,"거제시, '조선업 호황 지역경제 확산' 상생협력 체계 구축",0.0,0,0,https://www.newspim.com/news/view/20260325001184
2026-03-25,산업은 호황인데 경제는 불황 악순환 끊는다…거제시·양대 조선소 ‘맞...,0.0,0,0,https://www.busan.com/view/busan/view.php?code=2026032515023791458
2026-03-25,"거제시, 삼성중공업·한화오션과 '빅딜' 성사",0.322,1,0,http://www.hansbiz.co.kr/news/articleView.html?idxno=827477
2026-03-25,"기후부, 조선 6사와 온실가스 배출량 산정 지원 협약 체결",0.0,0,0,https://www.electimes.com/news/articleView.html?idxno=366398
2026-03-25,[6·3거제]국힘 김선민 “표류 중인 현안 정면돌파”,0.261,1,0,https://www.newsis.com/view/NISX20260325_0003563566
2026-03-25,중동 리스크에 FLNG 수요 더 커지나...해양플랜트 ‘절대 강자’ 삼성重...,0.0,0,0,https://www.smarttoday.co.kr/ko-kr/articles/105671
2026-03-25,"삼성중공업 주가, 3월 25일 장중 26,650원 0.95% 상승",0.261,1,0,https://www.joongangenews.com/news/articleView.html?idxno=505794
2026-03-25,조선 6개사와 손잡은 기후부…공급망 온실가스 관리 나서,0.0,0,0,https://www.newspim.com/news/view/20260325000997
2026-03-25,"기후부·조선업계, 공급망 온실가스 관리로 에너지 안보 강화",0.0,0,0,https://www.etnews.com/20260325000349
2026-03-25,국내 조선업 '허리' 흔들...공급망 중국 의존 심화,0.38,1,0,https://hbnpress.com/news/view/1065590917006216
2026-03-25,"“삼성重, 거제는 고부가 허브·해외는 유연 생산”[인터뷰]",0.0,0,0,http://www.fnnews.com/news/202603240816308717
2026-03-25,"HD한국조선해양·삼성중공업 등 조선사, 스코프3 배출량 관리 본격화…...",0.0,0,0,https://www.ajunews.com/view/20260325135552268
2026-03-25,"부품·운송까지 탄소 계산…기후부, 공급망 온실가스 함께 관리",0.0,0,0,https://www.news1.kr/society/environment/6113356
2026-03-25,"""3년치 일감 쌓였는데""… '속 빈 강정' 韓 조선, 중국에 판 뒤집힌다",0.38,1,0,https://www.thepublic.kr/news/articleView.html?idxno=298652
2026-03-25,"SK증권·KG스틸·한화솔루션, 상법 개정에도 '불법정관' 유지",0.0,0,0,http://www.inews24.com/view/1953152
2026-03-25,중동 리스크에 LNG 판 흔들… 삼성중공업 'FLNG 수혜' 부각,0.0,0,0,http://www.seoulwire.com/news/articleView.html?idxno=713096
2026-03-25,"삼성중공업 주가, 3월 25일 장중 26,550원 0.57% 상승",0.261,1,0,https://www.topstarnews.net/news/articleView.html?idxno=16015704
2026-03-25,"거제시, 삼성중공업·한화오션과 지역상생발전 협약",0.322,1,0,https://www.news1.kr/local/busan-gyeongnam/6113041
2026-03-25,[서울데이터랩]개장 직후 인기 검색 종목 20選,0.0,0,0,https://www.seoul.co.kr/news/economy/securities/2026/03/25/20260325500023?wlog_tag3=naver
2026-03-25,"HD한국조선해양, 배 만드는 회사에서 '조선소 수출' 기업으로",0.0,0,0,http://www.fnnews.com/news/202603250847424722
2026-03-25,"‘조선소 짓는 법’까지 수출한다는 HD한국조선해양... K조선, 수퍼사이...",0.0,0,0,https://www.chosun.com/economy/industry-company/2026/03/25/PUQDTFDFPRFMJBQHKH3OJEK6RQ/?utm_source=naver&utm_medium=referral&utm_campaign=naver-news
2026-03-25,“술 마시고 놀기보다 주식이 훨씬 재미있어요”… 증시 활황에 대학 투...,0.0,0,0,https://weekly.donga.com/3/all/11/6153694/1
2026-03-27,"거제시, 삼성중공업-한화오션과 상생협력 협약",0.0,0,0,https://www.donga.com/news/Society/article/all/20260326/133618058/2
2026-03-27,"‘NASA 우주 기술’ 품은 용접 휴머노이드, K-조선 부활의 최종 병기된다",0.0,0,0,https://www.g-enews.com/view.php?ud=2026032619302757752bd56fbc3c_1
2026-03-26,"삼성重, 안전문화 선도…'작업중지권' 강화",0.0,0,0,https://www.job-post.co.kr/news/articleView.html?idxno=211589
2026-03-26,"삼성重, '작업중지권' 실행, '안전문화' 안착",0.0,0,0,http://www.gnmaeil.com/news/articleView.html?idxno=583345
2026-03-26,"삼성중공업, ""위험하면 즉시 멈춤"" 작업중지권으로 안전 선도",0.0,0,0,https://www.fetv.co.kr/news/article.html?no=215795
2026-03-26,"아모그린텍, 제22기 재무제표 승인…이사보수한도 승인안은 부결",0.0,0,0,https://www.digitaltoday.co.kr/news/articleView.html?idxno=646516
2026-03-26,"삼성중공업, 작업중지권 강화…""위험하면 즉시 멈춘다""",0.0,0,0,https://www.ddaily.co.kr/page/view/2026032619001813891
2026-03-26,"삼성중공업, '작업중지권' 강화…모바일 앱 신고·원청이 손실 보전",0.0,0,0,https://www.inthenews.co.kr/news/article.html?no=84820
2026-03-26,"""위험하면 즉시 멈춘다"" 삼성重, 근로자 권리 강화",0.0,0,0,http://www.fnnews.com/news/202603261839298345
2026-03-26,"거제시-한화오션-삼성중공업, 지역상생발전 협약 체결",0.322,1,0,http://www.gndomin.com/news/articleView.html?idxno=469988
2026-03-26,"삼성중공업, 민∙관∙노∙사 합동 '작업중지권 선포식' 개최",0.0,0,0,http://www.gndomin.com/news/articleView.html?idxno=469967
2026-03-26,"""위험 시 즉시 멈춤"" 삼성重, 작업중지권 활성화로 안전한 조선소 만든...",0.0,0,0,https://www.onews.tv/news/articleView.html?idxno=277393
2026-03-26,"거제 조선업 호황, 상생으로 잇는다…시-양대 조선소 '맞손'",0.322,1,0,https://www.newsgn.com/news/articleView.html?idxno=542863
2026-03-26,"재경부, 수출 대기업 만나 ""일관되게 환 리스크 관리해달라""",0.0,0,0,https://biz.sbs.co.kr/article_hub/20000300172?division=NAVER
2026-03-26,"허장 재경부 2차관, 수출기업 만나…외환시장 안정 협력 당부",0.0,0,0,https://www.dailian.co.kr/news/view/1626118/?sc=Naver
2026-03-26,"재경차관, 삼성전자·SK하이닉스 등에 ""외환시장 안정 협조"" 당부",0.0,0,0,https://www.news1.kr/economy/trend/6115559
2026-03-26,"재경부, 수출 대기업에 ""일관된 환리스크 관리해달라""",0.0,0,0,https://www.yna.co.kr/view/AKR20260326173900002?input=1195m
2026-03-26,"정부, 수출기업과 외환시장 점검…수급 안정 협력 당부",0.0,0,0,https://www.ajunews.com/view/20260326174426580
2026-03-26,"정부, 삼성·SK하이닉스 등 수출기업 소집…""외환시장 안정 협력"" 요청",0.0,0,0,https://www.mt.co.kr/economy/2026/03/26/2026032608014345418
2026-03-26,"재경차관, 수출기업에 '외환시장 안정' 협력 요청",0.261,1,0,https://news.einfomax.co.kr/news/articleView.html?idxno=4406196
2026-03-26,"정부, 삼성·SK 등 7개 수출기업 소집...달러쌓기 자제 요청",0.0,0,0,https://view.asiae.co.kr/article/2026032617484633654
2026-03-26,"거제시와 양대 조선소, 지역상생발전 협약 체결",0.0,0,0,https://news.knn.co.kr/news/article/185598
2026-03-26,"위험하면 즉시 조업 중단…삼성중, 모든 노동자에 ‘작업중지권’ 준다",0.0,0,0,https://www.busan.com/view/busan/view.php?code=2026032616551484957
2026-03-26,수출기업 만난 허장 재경부 2차관…일관된 환리스크 관리 강조,0.0,0,0,https://www.newspim.com/news/view/20260326001112
2026-03-26,"중동발 환율 변동성 확대…정부, 수출기업들과 외환수급 점검",0.0,0,0,https://www.newsis.com/view/NISX20260326_0003565889
2026-03-26,"""위험하면 즉시 멈춘다""···삼성重, 작업중지권 근로자 기본 권리로 선...",0.0,0,0,http://www.enewstoday.co.kr/news/articleView.html?idxno=2411361
2026-03-26,"삼성중공업, 작업중지권 선포…“위험하면 즉시 멈춘다”",0.0,0,0,https://www.g-enews.com/view.php?ud=20260326152654975224debea800_1
2026-03-26,"삼성중공업, 작업중지권 선포식...안전문화 선도",0.0,0,0,http://www.hansbiz.co.kr/news/articleView.html?idxno=827908
2026-03-26,"삼성重, '작업중지권' 강화…안전문화 선도",0.0,0,0,http://www.fntimes.com/html/view.php?ud=2026032617001881480d260cda75_18
2026-03-26,"삼성중공업, 작업중지권 제도 강화…협력사 손실보전도",0.0,0,0,https://weekly.hankooki.com/news/articleView.html?idxno=7156973
2026-03-26,"삼성중공업, ‘작업중지권’ 강화…안전문화 선도",0.0,0,0,http://www.lawissue.co.kr/view.php?ud=20260326164838410467191f6c6e_12
2026-03-26,"삼성重, 작업중지권 제도 강화…협력사 손실보전제 도입",0.0,0,0,https://www.munhwa.com/article/11577623?ref=naver
2026-03-26,[코스피 지수선물ㆍ옵션] 선물시장 흔든 외국인…삼성전자·SK하이닉스...,-0.537,0,2,https://www.pinpointnews.co.kr/news/articleView.html?idxno=440308
2026-03-26,"[중공업 & Now] 삼성중공업, '작업중지권' 선포식...안전경영 강화 등",0.0,0,0,https://www.ebn.co.kr/news/articleView.html?idxno=1703569
2026-03-26,"삼성重, 작업중지권 강화해 안전문화 선도…민∙관∙노∙사 합동 선포",0.0,0,0,https://www.m-i.kr/news/articleView.html?idxno=1358529
2026-03-26,"삼성중공업, '작업중지권' 선포…현장 중심 안전경영 강화",0.0,0,0,https://www.ezyeconomy.com/news/articleView.html?idxno=233978
2026-03-26,"삼성중공업, “작업중지권 강화 통해 안전문화 선도할 것”",0.0,0,0,https://www.munhwa.com/article/11577614?ref=naver
2026-03-26,[거래소 외국인] 삼성전자 대탈출…돈은 방산·에너지로 몰렸다,0.0,0,0,https://www.pinpointnews.co.kr/news/articleView.html?idxno=440281
2026-03-26,"삼성중공업, '작업중지권' 전면 도입···불이익 금지·협력사 손실도...",0.0,0,0,https://www.ziksir.com/news/articleView.html?idxno=128651
2026-03-26,"[중화학 ON] 포스코퓨처엠, 엄기천 대표 재선임 外",0.0,0,0,https://dealsite.co.kr/articles/159162
2026-03-26,"삼성중공업, ‘작업중지권’ 전면 강화…“위험하면 즉시 멈춘다”",0.0,0,0,https://www.socialvalue.kr/news/view/1065594430649283
2026-03-26,"삼성중공업, '작업중지권' 선포… 현장 안전체계 강화",0.0,0,0,http://www.seoulwire.com/news/articleView.html?idxno=713428
2026-03-26,"삼성중공업, '작업중지권' 강화를 통한 안전문화 선도",0.0,0,0,https://www.todayenergy.kr/news/articleView.html?idxno=295739
2026-03-26,"삼성중공업, '위험하면 즉시 멈춘다' 작업중지권 선포",0.0,0,0,http://www.kookje.co.kr/news2011/asp/newsbody.asp?code=0300&key=20260326.99099008261
2026-03-26,"삼성중공업, '작업중지권'강화 통한 안전문화 선도",0.0,0,0,http://www.paxetv.com/news/articleView.html?idxno=266995
2026-03-26,"“위험하면 즉시 멈춤”… 삼성중공업, 작업중지권 강화 나선다",0.0,0,0,https://www.viva100.com/article/20260326501161
2026-03-26,"삼성중공업, '작업중지권' 전면 도입…""위험하면 즉시 멈춘다""",0.0,0,0,http://www.newslock.co.kr/news/articleView.html?idxno=127573
2026-03-26,"[TOP's Pick] [중후장대] 동국홀딩스 장세욱 ""소부장 밸류체인 확대로 철...",0.0,0,0,https://www.topdaily.kr/articles/109411
2026-03-26,"삼성중공업, 민∙관∙노∙사 합동 '작업중지권 선포식'",0.0,0,0,https://www.newsis.com/view/NISX20260326_0003565345
2026-03-26,"""위험하면 즉시 멈춤""...삼성중공업, 작업중지권 선포식 개최",0.0,0,0,http://www.inews24.com/view/1953747
2026-03-26,동아대 채용설명회 개최 취업 기대감 'UP'',0.0,0,0,https://www.veritas-a.com/news/articleView.html?idxno=603244
2026-03-26,"삼성중공업, '작업중지권 선포식' 개최…안전 문화 선도",0.0,0,0,https://www.etnews.com/20260326000319
2026-03-26,"美 함정 MRO ‘거점 경쟁’⋯ 한화오션, ‘분산 정비’로 독주 발판",0.38,1,0,https://www.viva100.com/article/20260326500992
2026-03-26,"삼성중공업, 작업중지권 강화…“위험 발견 시 즉시 멈춤”",0.0,0,0,https://www.ceoscoredaily.com/page/view/2026032611112958477
2026-03-26,"삼성중공업, 위험하면 멈춘다…작업중지권 도입",0.0,0,0,https://news.einfomax.co.kr/news/articleView.html?idxno=4406141
2026-03-26,"""위험하면 즉시 멈춘다""…삼성중공업, '작업중지권 선포식' 개최",0.0,0,0,https://www.financialpost.co.kr/news/articleView.html?idxno=253142
2026-03-26,"삼성중공업 주가, 3월 26일 장중 26,550원 1.12% 하락",-0.261,0,1,https://www.joongangenews.com/news/articleView.html?idxno=506204
2026-03-26,"'작업중지권' 강화하는 삼성중공업…""안전이 경영 1원칙""",0.0,0,0,https://news.tf.co.kr/read/economy/2306631.htm
2026-03-26,동아대 대학일자리플러스센터 채용설명회 ‘북적’,0.0,0,0,https://view.asiae.co.kr/article/2026032614202725668
2026-03-26,"""조업중지 손실은 원청이 보전""…삼성중공업, '작업중지권' 강화",0.0,0,0,https://www.newsworks.co.kr/news/articleView.html?idxno=835596
2026-03-26,[산업 브리핑] LS에코에너지·HD건설기계·LS·삼성중공업,0.0,0,0,http://www.niceeconomy.co.kr/news/articleView.html?idxno=89524
2026-03-26,중동 리스크가 쏘아올린 'FLNG 르네상스'…삼성중공업 독무대 열리나,0.38,1,0,https://www.mediapen.com/news/view/1089354
2026-03-26,동아대 채용설명회 개최...취업 기대감 ‘UP’,0.0,0,0,http://www.fnnews.com/news/202603261412383203
2026-03-26,"삼성중공업, 작업중지권 강화로 '안전 최우선' 경영 본격화",0.0,0,0,https://www.pointdaily.co.kr/news/articleView.html?idxno=298228
2026-03-26,"동아대, 하나은행·포스코 등 12개 기업 채용설명회 개최",0.0,0,0,https://www.joongdo.co.kr/web/view.php?key=20260326010009014
2026-03-26,"삼성중공업, 안전 경영 제1원칙… 민∙관∙노∙사 합동 선포",0.0,0,0,https://www.businesskorea.co.kr/news/articleView.html?idxno=266190
2026-03-26,"삼성중공업, '작업중지권' 강화 통한 안전문화 선도",0.0,0,0,https://www.insightkorea.co.kr/news/articleView.html?idxno=243548
2026-03-26,"""호르무즈 봉쇄, 자율운항선박 개발 가속화…표준 선점해야""",0.0,0,0,https://www.news1.kr/industry/general-industry/6114997
2026-03-26,삼성重 '작업중지권' 선포… 손실보전제 도입으로 안전문화 혁신,0.0,0,0,https://www.businessplus.kr/news/articleView.html?idxno=109532
2026-03-26,동아대 채용설명회 개최…취업 기대감 ‘UP’,0.0,0,0,https://www.cnbnews.com/news/article.html?no=785913
2026-03-26,"삼성중공업, '작업중지권' 선포…안전경영 새 패러다임 제시",0.0,0,0,https://www.newspim.com/news/view/20260326000750
2026-03-26,"""위험하면 멈춘다""…삼성중공업, '작업중지권' 전면 강화",0.0,0,0,https://www.newspim.com/news/view/20260326000741
2026-03-26,삼성重 “근로자가 위험 알리는 조업 중단 권리쓰면 직원 포상”,0.0,0,0,http://www.thebigdata.co.kr/view.php?ud=202603261340409298570d99e4c8_23
2026-03-26,"“위험 즉시 중단” 삼성重, 작업중지권 전면 확대",0.0,0,0,https://www.sedaily.com/article/20024433?ref=naver
2026-03-26,"거제시, 지역 양대조선소와 상생발전 협약",0.0,0,0,http://news.lghellovision.net/news/articleView.html?idxno=538509
2026-03-26,"삼성중공업, 작업중지권 강화…""불이익 금지 명문화""",0.0,0,0,https://www.newsis.com/view/NISX20260326_0003565160
2026-03-26,위험 발견 시 즉시 멈춤…삼성重 '작업중지권' 선포,0.0,0,0,http://www.edaily.co.kr/news/newspath.asp?newsid=04208246645387256
2026-03-26,"삼성중공업, 작업중지권 선포식 개최…조선소 안전관리 강화",0.0,0,0,http://www.metroseoul.co.kr/article/20260326500271
2026-03-26,"삼성重, '작업중지권' 전면 도입...안전경영 강화",0.0,0,0,https://www.joongangenews.com/news/articleView.html?idxno=506154
2026-03-26,"삼성중공업, 작업중지권 강화…손실보전제로 '안전 최우선'",0.0,0,0,https://www.dailian.co.kr/news/view/1625899/?sc=Naver
2026-03-26,"동아대 채용설명회 개최, 취업 기대감 'UP'",0.0,0,0,https://www.kyosu.net/news/articleView.html?idxno=201878
2026-03-26,"KIND, 美 루이지애나 FLNG사업 금융종결 ‘본격화’",0.38,1,0,https://www.megaeconomy.co.kr/news/newsview.php?ncode=1065579960972655
2026-03-26,"삼성重, ‘위험 발견 시 즉시 멈춤’ 작업 중지권 제도 개선",0.0,0,0,https://biz.chosun.com/industry/company/2026/03/26/Y6TEFQQS45EQTFYSPCWCGWXYLU/?utm_source=naver&utm_medium=original&utm_campaign=biz
2026-03-26,"삼성중공업, 작업중지권 제도 강화…협력사 손실보전제 도입",0.0,0,0,https://www.yna.co.kr/view/AKR20260326095800003?input=1195m
2026-03-26,"삼성중공업 ""'작업중지권' 강화 통해 안전문화 선도""",0.0,0,0,https://www.industrynews.co.kr/news/articleView.html?idxno=79357
2026-03-26,"마키나락스, 코스닥 상장 본격화… “피지컬 AI 글로벌 리더 도약”",0.0,0,0,http://www.joseilbo.com/news/news_read.php?uid=565356&class=53&grp=
2026-03-26,"""위험하면 작업 즉시 중단""…삼성重, '작업중지권' 선포식",0.0,0,0,https://www.news1.kr/industry/general-industry/6114812
2026-03-26,"삼성중공업, '작업중지권 강화'로 안전문화 선도",0.0,0,0,https://www.sentv.co.kr/article/view/sentv202603260086
2026-03-26,"삼성중공업, '작업중지권 선포식' 개최…안전문화 선도",0.0,0,0,https://www.etoday.co.kr/news/view/2569600
2026-03-26,"삼성重, '작업중지권' 강화..안전문화 선도",0.0,0,0,http://www.fnnews.com/news/202603261112545252
2026-03-26,"""근로자가 안전할 권리""…삼성重, '작업중지권 선포식' 개최",0.0,0,0,https://daily.hankooki.com/news/articleView.html?idxno=1352022
2026-03-26,삼성중공업 2만6900원 소폭 상승…미국 증시 강세·유가 안정 기대감 반...,0.732,3,0,https://www.cbci.co.kr/news/articleView.html?idxno=563432
2026-03-26,"거제시-한화오션-삼성중공업, 지역 상생 발전 협약 체결",0.0,0,0,https://mbcgn.kr/01_new/new01_view.asp?idx=406613
2026-03-26,"거제시 ""조선업 호황, 지역경제 선순환 구조로 이어간다""",0.322,1,0,http://www.enewstoday.co.kr/news/articleView.html?idxno=2410943
2026-03-26,"기후부, 조선업계 온실가스 배출량 관리로 에너지 안보 강화",0.0,0,0,https://www.todayenergy.kr/news/articleView.html?idxno=295715
2026-03-26,"연봉 1억 시대 뒤 '인력 한계'… K-조선, '자동화' 본격화",0.261,1,0,http://www.seoulwire.com/news/articleView.html?idxno=713381
2026-03-29,"삼성중공업, 작업중지권 선포식…""조선서 모든 근로자 위험 시 즉시 작...",0.0,0,0,http://www.econonews.co.kr/news/articleView.html?idxno=433261
2026-03-29,"삼성중공업, 제42회 성조회 정기총회 개최",0.322,1,0,https://www.gnnews.co.kr/news/articleView.html?idxno=633679
2026-03-29,"삼성중공업, 협력사와 동반성장 도약 다짐",0.322,1,0,http://www.gndomin.com/news/articleView.html?idxno=470337
2026-03-29,"피케이밸브 ""석화산업 불황에도 사업 다각화로 생존""",0.0,0,0,https://www.hankyung.com/article/2026032940011
2026-03-29,"거제시학교밖청소년지원센터, 2026년 학교 밖 청소년 지원 업무협약 체...",0.0,0,0,https://www.newsgn.com/news/articleView.html?idxno=543204
2026-03-29,"삼성중공업, 작업중지권 제도 강화…협력사 손실보전제 도입",0.0,0,0,https://www.idomin.com/news/articleView.html?idxno=2002255
2026-03-29,한국이 사람 죽는 사업으로 돈을 번다고? 모잠비크 가스전 개발의 진실,0.38,1,0,https://www.ohmynews.com/NWS_Web/View/at_pg.aspx?CNTN_CD=A0003219148&CMPT_CD=P0010&utm_source=naver&utm_medium=newsearch&utm_campaign=naver_news
2026-03-29,중동 위기가 불붙인 K-조선 '수주 잭팟'…고부가 LNG선 주목,0.38,1,0,https://www.m-i.kr/news/articleView.html?idxno=1358461
2026-03-29,"""한국이 세계 1등""...호르무즈 봉쇄에 K-조선 '잭팟'",0.0,0,0,https://magazine.hankyung.com/business/article/202603267033b
2026-03-29,"'셀럽병사의 비밀' 이찬원, 20세기 기업 신화의 주인공 이병철 회장, 그...",0.0,0,0,https://www.topstarnews.net/news/articleView.html?idxno=16019036
2026-03-28,"기후에너지환경부, 조선업 온실가스 배출량산정 지원…HD한국조선해양·...",0.0,0,0,http://www.econonews.co.kr/news/articleView.html?idxno=433158
2026-03-28,"""컨테이너 학살과 45억 톤의 탄소…한국도 '조용한 공범'이다""",0.38,1,0,https://www.pressian.com/pages/articles/2026032721181755741?utm_source=naver&utm_medium=search
2026-03-28,"한양대 국제대학원, 한·캐나다 LNG 에너지 안보 및 기후 대응 협력 워크...",0.0,0,0,http://www.bizwnews.com/news/articleView.html?idxno=131437
2026-03-28,[주간 거래소 기관] 엘앤에프·SK바이오팜 쓸어 담고 삼성전자 서울보증...,0.261,1,0,https://www.pinpointnews.co.kr/news/articleView.html?idxno=440695
2026-03-28,[주간 거래소 외국인] 방산·배터리 쓸어 담고 삼성전자 대거 매도…수...,0.0,0,0,https://www.pinpointnews.co.kr/news/articleView.html?idxno=440694
2026-03-28,3월 5거래일 삼성중공업 주가 변동 현황,-0.261,0,1,https://www.joongangenews.com/news/articleView.html?idxno=506791
2026-03-28,"배전반부터 MRO까지…에스엔시스, 조선업 변동성 넘는다",0.625,2,0,https://www.pinpointnews.co.kr/news/articleView.html?idxno=440688
2026-03-28,"[뉴스락 특별기획] 불 꺼진 산단, 무너진 지역 경제…굴뚝산업 붕괴가 ...",0.625,2,0,http://www.newslock.co.kr/news/articleView.html?idxno=127476
2026-03-28,"삼성중공업, 2만6000원 마감…'작업중지권' 전면 도입으로 안전경영 강...",-0.261,0,1,https://www.cbci.co.kr/news/articleView.html?idxno=563911
2026-03-28,"""VLCC에 MR탱커까지""…'美-이란 전쟁' K-조선, 유조선 특수 조짐",0.38,1,0,https://www.news1.kr/industry/general-industry/6116884
2026-03-28,LNG 호황 초입…동성화인텍 가장 먼저 웃는다,0.38,1,0,https://www.pinpointnews.co.kr/news/articleView.html?idxno=440560
2026-03-31,탄소배출권 혼조에도 조선업 상승…투자 점검 포인트는,0.261,1,0,https://www.hankyung.com/article/202603216678i
2026-03-31,지난해 대기업 고용 감소…일반 직원보다 임원 더 줄였다,0.0,0,0,https://www.news1.kr/industry/general-industry/6119022
2026-03-31,LNG선 수주로… '중동 불안' 넘는 K조선,0.38,1,0,https://www.mt.co.kr/industry/2026/03/31/2026033020084754215
2026-03-31,[클로즈업] AI 결제 관련주 향후 실적 전망·함정 MRO 수혜주 리스트,0.38,1,0,https://www.thefairnews.co.kr/news/articleView.html?idxno=72901
2026-03-30,[아주경제 오늘의 뉴스 종합] 외국인 순매도 32조·공매도 잔고 16조 돌...,-0.1,1,1,https://www.ajunews.com/view/20260330210409485
2026-03-30,[전쟁이 할퀸 K-인더]'K-방산' 질주 속 조선·해운 미소...복합 딜레마에...,0.38,1,0,https://www.ajunews.com/view/20260330143155177
2026-03-30,"한화솔루션 ""유상증자 투자로 미래 태양광 기술 선점 .... 1분기 흑자 전...",0.0,0,0,http://www.worktoday.co.kr/news/articleView.html?idxno=83198
2026-03-30,"한화솔루션 해명에도 소액주주 납득 NO…""오너家 석고대죄해라""",-0.261,0,1,https://zdnet.co.kr/view/?no=20260330152745
2026-03-30,"외국인 '2조 순매도' 배터리·방산 갈아타…개인, 오늘도 삼전닉스 '매집...",0.0,0,0,https://www.news1.kr/finance/general-stock/6119037
2026-03-30,"'호르무즈 리스크' 뚫고 LNG선 릴레이 수주…""발주처 다변화 좋아""",0.38,1,0,https://www.mt.co.kr/industry/2026/03/31/2026033016125986674
2026-03-30,[코스피 지수선물 옵션] 미결제약정 급증…큰손들은 이미 방향 정했다,0.0,1,1,https://www.pinpointnews.co.kr/news/articleView.html?idxno=441250
2026-03-30,"트럼프 '오락가락', 코스피 '추락'...원화환율 '또 급등'",-0.067,1,1,http://www.choicenews.co.kr/news/articleView.html?idxno=163033
2026-03-30,"웰드비스, 제22회 창원국제용접 및 절단자동화전서 HDR급 용접 비전 시스...",0.0,0,0,https://kr.aving.net/news/articleView.html?idxno=1810016
2026-03-30,[거래소 외국인] 삼성SDI·현대건설 '사자' vs SK하이닉스·삼성전자 '팔...,0.0,0,0,https://www.pinpointnews.co.kr/news/articleView.html?idxno=441221
2026-03-30,"한화솔루션, 재무 부담 덜고 태양광 선점 투자…중장기 반등 기대",0.322,2,1,http://www.metroseoul.co.kr/article/20260330500585
2026-03-30,'중동 리스크'에 VLCC·LNG선 수요 확대...K조선 수주 '훈풍',0.38,1,0,https://www.joongangenews.com/news/articleView.html?idxno=507170
2026-03-30,한화솔루션 유상증자 투자로 미래 태양광 기술 선점⋯ 1분기 흑자 전망,0.0,0,0,http://www.lkp.news/news/articleView.html?idxno=78461
2026-03-30,"한화솔루션, 유상증자 통한 재무개선·미래투자 '투트랙'",0.0,0,0,https://www.econovill.com/news/articleView.html?idxno=735320
2026-03-30,"한화솔루션, 유상증자 투자로 1분기 흑자 전망",0.0,0,0,https://www.businesskorea.co.kr/news/articleView.html?idxno=266471
2026-03-30,HD현대삼호 “HD현대 주력 상선 조선소로 위상 키운다”,0.0,0,0,http://www.thebigdata.co.kr/view.php?ud=202603301431531686570d99e4c8_23
2026-03-30,"한화솔루션, 유증으로 태양광 미래기술 선점...1분기 흑자 기대감↑",0.0,0,0,https://www.ajunews.com/view/20260330142950174
2026-03-30,"유상증자 후폭풍에 한화솔루션 ""1Q 흑전 전망...재무건전성 위한 사례 다...",0.0,0,0,https://www.etoday.co.kr/news/view/2570760
2026-03-30,"한양대 국제대학원, 한·캐나다 LNG 협력 워크숍",0.0,0,0,https://www.joongang.co.kr/article/25415941
2026-03-30,[기업家] 갤럭시 S26 ㅣ AI 스마트폰 시대 본격화…성능·가격·수요 '변...,0.0,0,0,https://www.cbci.co.kr/news/articleView.html?idxno=564146
2026-03-30,"삼성중공업 주가, 3월 30일 장중 24,600원 5.38% 하락",-0.261,0,1,https://www.joongangenews.com/news/articleView.html?idxno=507118
2026-03-30,"한화솔루션 ""4년간 주주환원 6000억 배정""",0.0,0,0,https://news.bizwatch.co.kr/article/industry/2026/03/30/0022
2026-03-30,"한화솔루션, 유상증자 투자로 미래 태양광 기술 선점⋯ 1분기 흑자 전망",0.0,0,0,https://dealsite.co.kr/articles/159297
2026-03-30,한화솔루션 유상증자 투자로 미래 태양광 기술 선점…1분기 흑자 전망,0.0,0,0,https://www.mk.co.kr/article/12002183
2026-03-30,물건 대신 '공장' 판다…공급망 위기 뚫는 K-중후장대,0.0,0,0,https://www.dailian.co.kr/news/view/1627097/?sc=Naver
2026-03-30,"삼성중공업 주가, 3월 30일 장중 24,375원 6.25% 하락",-0.261,0,1,https://www.topstarnews.net/news/articleView.html?idxno=16020000
2026-03-30,"호르무즈가 막히자 판이 바뀌었다…아프리카 LNG, 2040년 에너지 패권 축...",0.38,1,0,https://www.g-enews.com/view.php?ud=202603301032293658fbbec65dfb_1
2026-03-30,"삼성중공업, '작업중지권' 전면 도입…주가는 1,550원 하락한 24,450원 거...",-0.261,0,1,https://www.cbci.co.kr/news/articleView.html?idxno=564104
2026-03-30,"한양대-캘거리대, '한국·캐나다 LNG 에너지 안보 워크숍' 개최",0.0,0,0,https://www.newsis.com/view/NISX20260330_0003569017
2026-03-30,"삼성중공업, 3거래일 연속 하락에 6% 낙폭…2만5000원선 밑으로",-0.537,0,2,http://www.econonews.co.kr/news/articleView.html?idxno=433349
2026-03-30,"삼성重, 작업중지권 제도 강화…“현장 안전경영 강화”",0.0,0,0,https://www.ksg.co.kr/news/main_newsView.jsp?pNum=146872
2026-03-30,조선주 일제히 약세…후티 반군 확전에 원재료 가격 상승 부담 부각[특...,-0.513,1,2,http://www.edaily.co.kr/news/newspath.asp?newsid=02420646645388568
2026-03-30,"[더벨][Financial Index | 삼성그룹] 삼성중공업, 삼성전자와 조단위 FCF ...",0.408,1,0,https://www.thebell.co.kr/free/content/ArticleView.asp?key=202603251020149160102130
2026-03-30,"조선 3사, 수주잔고 기반 ""풀가동""…삼성중공업 등 가동률 100% 상회",0.38,1,0,https://www.youthdaily.co.kr/news/article.html?no=216354
2026-03-30,[Who Is ?] 최재원 부산대학교 총장,0.0,0,0,https://www.businesspost.co.kr/BP?command=article_view&num=434369
2026-03-30,'해상 부유식 액화천연가스 설비(FLNG)' 수요 증가,0.0,0,0,https://www.abcn.kr/news/articleView.html?idxno=87169
2026-04-01,"한발 한발 나아가는 마스가... 한화필리조선소, 미 해군 차세대 함정 설...",0.0,0,0,https://www.hankookilbo.com/news/article/A2026033115360000848?did=NA
2026-04-01,"SK오션플랜트, 강영규 대표 선임... ""글로벌 해양플랫폼 도약 가속""",0.0,0,0,https://www.kdpress.co.kr/news/articleView.html?idxno=203861
2026-04-01,"한화오션·삼성重, 美 군수 지원함 설계 나란히 수주",0.38,1,0,https://www.chosun.com/economy/industry-company/2026/04/01/CQIUPCAFIZG2TBYEXUQNMN73MQ/?utm_source=naver&utm_medium=referral&utm_campaign=naver-news
2026-04-01,한화 ‘마스가’ 첫 수주… 美 해군 차세대 군수지원함 설계 참여,0.38,1,0,https://www.donga.com/news/Economy/article/all/20260331/133648956/2
2026-04-01,4월 1주 주요 제조업 전망,0.0,0,0,https://www.laborplus.co.kr/news/articleView.html?idxno=40579
2026-04-01,"해운 관련주, '함박웃음' STX그린로지스·흥아해운·대한해운·팬오션·...",0.38,1,0,http://www.finomy.com/news/articleView.html?idxno=252391
2026-04-01,"중동 리스크가 뭔가요…K조선, 릴레이 수주",0.38,1,0,https://www.joongang.co.kr/article/25416510
2026-03-31,강영규 SK오션플랜트 대표이사 선임,0.0,0,0,http://www.gnmaeil.com/news/articleView.html?idxno=583579
2026-03-31,"삼성중, 97개 협력사와 글로벌 시장 확대",0.322,1,0,http://www.gnmaeil.com/news/articleView.html?idxno=583578
2026-03-31,경남 2030년 글로벌 함정 MRO 시장 선점한다,0.0,0,0,http://www.gnmaeil.com/news/articleView.html?idxno=583556
2026-03-31,"경남도, '글로벌 함정 MRO 클러스터' 공모 선정 … 88조 시장 공략",0.0,0,0,https://view.asiae.co.kr/article/2026033122351043377
2026-03-31,"삼성중공업, 블랙록 지분 5.01% 보유 공시…기준선 상회?",0.0,0,0,https://www.cbci.co.kr/news/articleView.html?idxno=564573
2026-03-31,"‘조선 중심지’ 경남, 글로벌 함정 MRO 시장 선점 나선다",0.0,0,0,http://www.knnews.co.kr/news/articleView.php?idxno=1485500
2026-03-31,"'조선산업 수도' 경남, 글로벌 함정 MRO 중심지 된다",0.0,0,0,https://www.gnnews.co.kr/news/articleView.html?idxno=633912
2026-03-31,[주요공시] 3월 31일 오후,0.0,0,0,https://www.ebn.co.kr/news/articleView.html?idxno=1704055
2026-03-31,"SK오션플랜트, 대표이사 강영규로 변경",0.0,0,0,https://www.digitaltoday.co.kr/news/articleView.html?idxno=650876
2026-03-31,[산업공시] 삼성전자 14.5조원 규모 자사주 소각 등,0.0,0,0,https://www.econovill.com/news/articleView.html?idxno=735546
2026-03-31,"'조선 중심지' 경남도, 글로벌 함정 MRO 시장 선점한다",0.0,0,0,https://www.newsgn.com/news/articleView.html?idxno=543867
2026-03-31,"경남, 글로벌 함정 MRO 시장 뚫는다",0.0,0,0,https://www.hankyung.com/article/2026033193061
2026-03-31,"이재홍 ""레고랜드·美관세 위기 속 '시장 지킴이'로 소명 다해""",-0.38,0,1,https://www.hankyung.com/article/2026033194301
2026-03-31,경남도 글로벌 함정 MRO 클러스터 사업 선정,0.0,0,0,http://www.gndomin.com/news/articleView.html?idxno=470632
2026-03-31,"조선기자재 관련주, '룰루랄라 콧노래' 삼미금속·태웅·태광... '시무룩...",0.38,1,0,http://www.finomy.com/news/articleView.html?idxno=252381
2026-03-31,"국립창원대학교 '효성중공업 Insight Academy', 공채 합격자 등 취업자 1...",0.0,0,0,https://www.newsgn.com/news/articleView.html?idxno=543847
2026-03-31,"한화, 美 해군 공급망 첫 진입…K방산 ‘본토 공략’ 분기점",0.0,0,0,https://www.g-enews.com/view.php?ud=202603311323016782112616b072_1
2026-03-31,"SK오션플랜트, 강영규 대표이사 선임",0.0,0,0,https://www.hankyung.com/article/2026033194391
2026-03-31,"한화, 美해군 군수지원함 설계 참여…마스가 1호 수주",0.38,1,0,https://www.mk.co.kr/article/12003844
2026-03-31,'조선·해양통' 강영규 SK오션플랜트 대표 취임... 신성장 드라이브,0.322,1,0,http://www.newslock.co.kr/news/articleView.html?idxno=127843
2026-03-31,"한화, 美 함정사업 처음 뚫었다…55조 시장 정조준",0.0,0,0,https://www.sedaily.com/article/20026554?ref=naver
2026-03-31,"삼성중공업 주주 블랙록 펀드 어드바이저스, 삼성중공업 주식등의 수 5...",0.0,0,0,https://www.digitaltoday.co.kr/news/articleView.html?idxno=650495
2026-03-31,"한-캐, 에너지·잠수함 등 전략사업 협력 강화…'60조' 잠수함 수주 동시...",0.38,1,0,https://www.electimes.com/news/articleView.html?idxno=366597
2026-03-31,"SK오션플랜트, 강영규 신임 대표 선임···종합 해양 플랫폼으로 발돋...",0.0,0,0,https://www.seoulfn.com/news/articleView.html?idxno=625180
2026-03-31,"SK오션플랜트, 신임 대표이사에 강영규 사장 선임",0.0,0,0,http://www.wowtv.co.kr/NewsCenter/News/Read?articleId=A202603310514&t=NN
2026-03-31,"한·캐, 에너지안보 협력 강화…잠수함 사업도 전략 공조 부각",0.0,0,0,https://www.m-i.kr/news/articleView.html?idxno=1360300
2026-03-31,"SK오션플랜트, 강영규 신임 대표 ""종합 조선·해양 플랫폼 기업으로 도...",0.0,0,0,https://www.ekoreanews.co.kr/news/articleView.html?idxno=85274
2026-03-31,잠수함 수주 결론 앞두고 加사절단 방한… 60조 사업 수주 ‘민관 총력...,0.38,1,0,https://www.etoday.co.kr/news/view/2571277
2026-03-31,"경남도, 글로벌 함정 MRO 클러스터 사업 선정",0.0,0,0,https://www.newsgn.com/news/articleView.html?idxno=543600
2026-03-31,"SK오션플랜트, 신임 대표이사에 '조선·해양 전문가' 강영규 사장 선임",0.0,0,0,https://www.fetv.co.kr/news/article.html?no=216081
2026-03-31,기업 공시 [3월 31일],0.0,0,0,https://www.sedaily.com/article/20026522?ref=naver
2026-03-31,"SK오션플랜트, 강영규 대표이사 선임... 종합 조선·해양 플랫폼 도약",0.0,0,0,http://www.whitepaper.co.kr/news/articleView.html?idxno=260343
2026-03-31,"'美 마스가 연계 함정 MRO 육성'…경남도, 조선업 경쟁력 강화",0.0,0,0,http://www.kookje.co.kr/news2011/asp/newsbody.asp?code=0300&key=20260331.99099009807
2026-03-31,"한화오션, 지난해 조선 빅3 중 근로자 1인당 매출액 1위",0.0,0,0,https://www.straightnews.co.kr/news/articleView.html?idxno=298979
2026-03-31,SK오션플랜트 신임 대표이사에 강영규 사장 선임,0.0,0,0,https://www.getnews.co.kr/news/articleView.html?idxno=866619
2026-03-31,2년 만에 방한 '팀 캐나다'…韓-캐 에너지·잠수함 협력 논의,0.0,0,0,https://news.einfomax.co.kr/news/articleView.html?idxno=4406960
2026-03-31,SK오션플랜트 신임 대표이사에 강영규 사장,0.0,0,0,https://www.idomin.com/news/articleView.html?idxno=2002494
2026-03-31,"SK오션플랜트, 신임 대표에 강영규 사장 선임",0.0,0,0,https://it.chosun.com/news/articleView.html?idxno=2023092159595
2026-03-31,[거래소 기관] 1.3조 베팅 SK하이닉스…반도체로 다시 몰렸다,0.0,0,0,https://www.pinpointnews.co.kr/news/articleView.html?idxno=441586
2026-03-31,대기업 고용 1년 새 5000명 감소…통신·유통·석화 줄고 조선·방산 늘...,0.0,0,0,https://www.bizhankook.com/bk/article/31906
2026-03-31,[거래소 외국인] 삼성전자 2조 '폭풍 매도'…반도체 대이동 시작,0.0,0,0,https://www.pinpointnews.co.kr/news/articleView.html?idxno=441578
2026-03-31,"SK오션플랜트, 강영규 신임 대표 선임…""조선업 포트폴리오 확대""",0.0,0,0,http://www.iminju.net/news/articleView.html?idxno=161836
2026-03-31,"SK오션플랜트, 강영규 대표 선임...""토탈 마린 솔루션 기업 도약""",0.0,0,0,https://www.joongangenews.com/news/articleView.html?idxno=507473
2026-03-31,"한-캐, 전략산업 분야 협력 본격화…‘60조원’ 잠수함 수주 동시 공략",0.38,1,0,https://biz.heraldcorp.com/article/10706796?ref=naver
2026-03-31,"한-캐나다, 에너지 공급망 협력 강화한다",0.0,0,0,https://www.energy-news.co.kr/news/articleView.html?idxno=224185
2026-03-31,"산업부, 韓-加 에너지 안보 리더십 대화 개최…글로벌 파트너십 강화",0.0,0,0,https://www.sentv.co.kr/article/view/sentv202603310116
2026-03-31,중동 리스크에도 K조선 수주 훈풍…LNG선 호황 온다,0.38,1,0,https://www.joongang.co.kr/article/25416355
2026-03-31,"세계 함정 MRO 시장 진출, 경남이 '방향키' 잡는다",0.0,0,0,https://www.idomin.com/news/articleView.html?idxno=2002472
2026-03-31,"경남도, 글로벌 함정 MRO 88조 시장 공략 시동",0.0,0,0,https://www.busan.com/view/busan/view.php?code=2026033114494624463
2026-03-31,"국립창원대 '효성중공업 Insight Academy', 효성중공업 공채 합격자 등 취...",0.0,0,0,https://www.veritas-a.com/news/articleView.html?idxno=603810
2026-03-31,"SK오션플랜트, 강영규 신임 대표 선임… “토탈 마린 솔루션 기업으로 ...",0.0,0,0,https://biz.chosun.com/industry/company/2026/03/31/6MDX633PZZE3TH2LGOG2KZXXB4/?utm_source=naver&utm_medium=original&utm_campaign=biz
2026-03-31,공급망 불안 틈탄 한국·캐나다 밀착… 에너지에서 잠수함까지 협력,0.0,0,0,https://news.mtn.co.kr/news-detail/2026033113260722701
2026-03-31,"산업장관, 加 통상장관과 회동...에너지 공급망·전략산업 협력 확대",0.0,0,0,https://www.ajunews.com/view/20260331135932963
2026-03-31,‘60조’ 잠수함 수주전 속 加 무역사절단 방한…“자원부국-제조강국 ...,0.38,1,0,https://www.sedaily.com/article/20026371?ref=naver
2026-03-31,"'자원 부국' 캐나다-'제조 강국' 한국, 에너지 안보 맞손",0.0,0,0,https://biz.sbs.co.kr/article_hub/20000300905?division=NAVER
2026-03-31,"한-캐, 전략산업 분야 협력 본격화…잠수함 수주 동시 공략",0.38,1,0,https://www.yna.co.kr/view/AKR20260331128700003?input=1195m
2026-03-31,"SK오션플랜트, 강영규 신임 대표이사 선임…‘토탈 마린 솔루션’ 기업...",0.0,0,0,https://www.seoultimes.news/news/article.html?no=2000094610
2026-03-31,SK오션플랜트 강영규 대표이사 “차별화된 가치 시장에 각인”,0.0,0,0,https://www.busan.com/view/busan/view.php?code=2026033114112671982
2026-03-31,SK오션플랜트 강영규 신임 대표 선임 “토탈 마린 솔루션 기업 도약” ...,0.0,0,0,https://www.sedaily.com/article/20026417?ref=naver
2026-03-31,삼성중공업 100원 하락...조선주 혼조세 엇갈린 흐름,0.0,1,1,https://www.cbci.co.kr/news/articleView.html?idxno=564475
2026-03-31,"삼성중공업 주가, 3월 31일 장중 24,550원 0.20% 상승",0.261,1,0,https://www.joongangenews.com/news/articleView.html?idxno=507526
2026-03-31,"SK오션플랜트 강영규 사장 선임 ""'마린 솔루션 기업'으로 정체성 강화""",0.0,0,0,https://www.newsquest.co.kr/news/articleView.html?idxno=264002
2026-03-31,"[2026 주총] SK오션플랜트, 신임 대표이사에 강영규 사장 선임",0.0,0,0,https://www.inthenews.co.kr/news/article.html?no=84963
2026-03-31,"SK오션플랜트, 주총서 강영규 신임 대표 선임",0.0,0,0,https://www.sentv.co.kr/article/view/sentv202603310094
2026-03-31,"SK오션플랜트, 강영규 신임 대표 선임…""사업업 포트폴리오 확대""",0.0,0,0,https://www.newsis.com/view/NISX20260331_0003571424
2026-03-31,"SK오션플랜트, 신임 대표이사 강영규 사장 선임",0.0,0,0,https://www.businesskorea.co.kr/news/articleView.html?idxno=266568
2026-03-31,"SK오션플랜트, 신임 대표이사에 강영규 사장",0.0,0,0,http://www.fnnews.com/news/202603311340376970
2026-03-31,"SK오션플랜트, 강영규 신임 대표 선임…‘마린 솔루션 기업’ 전환 가속",0.0,0,0,https://www.seoul.co.kr/news/economy/industry/2026/03/31/20260331500145?wlog_tag3=naver
2026-03-31,[서울데이터랩]금일 코스피 거래량 1위 남선알미늄 거래대금 1546억원 돌...,0.0,0,0,https://www.seoul.co.kr/news/economy/securities/2026/03/31/20260331500142?wlog_tag3=naver
2026-03-31,"SK오션플랜트, 강영규 사장 대표이사 선임...""마린 솔루션 기업 정체성...",0.0,0,0,https://www.etoday.co.kr/news/view/2571160
2026-03-31,SK오션플랜트 강영규 대표이사 선임,0.0,0,0,https://www.news1.kr/local/busan-gyeongnam/6120045
2026-03-31,"대기업, 1년새 5046명 고용 감소..통신·유통·석유화학 주도",0.0,0,0,http://www.breaknews.com/1196454
2026-03-31,지난해 대기업 임직원 5046명 감소,0.0,0,0,https://www.naeil.com/news/read/583354?ref=naver
2026-03-31,"경남도, 산업부 함정 MRO 클러스터 사업 선정…국비 250억 확보",0.0,0,0,https://www.cnbnews.com/news/article.html?no=786763
2026-03-31,"경남도, 산업통상부 '글로벌 함정 MRO 클러스터' 사업 선정",0.0,0,0,http://www.enewstoday.co.kr/news/articleView.html?idxno=2412913
2026-03-31,지난해 대기업 임직원 5000명 감소…직원보다 임원 더 줄어,0.0,0,0,https://www.industrynews.co.kr/news/articleView.html?idxno=79486
2026-03-31,"경남도, 88조 규모 글로벌 함정 MRO 시장 공략 시동",0.0,0,0,https://www.news1.kr/local/busan-gyeongnam/6119909
2026-03-31,"경남도, 글로벌 함정 유지·보수 활성화 도전··· “2030년까지 시장 ...",0.0,0,0,https://www.khan.co.kr/article/202603311122001
2026-03-31,‘정비 한류’ 시대…경남도 88조 함정 MRO 시장의 대표 주자로,0.38,1,0,https://www.sedaily.com/article/20026308?ref=naver
2026-03-31,"""美 해군 프로젝트 첫 수주"" 한화오션 '장중 급등'...다른 조선주는?",0.8,3,0,http://www.choicenews.co.kr/news/articleView.html?idxno=163066
2026-03-31,"경남도, '글로벌 함정 MRO 클러스터' 조성...국비 250억 확보",0.0,0,0,https://www.onews.tv/news/articleView.html?idxno=277626
2026-03-31,"경남도, 산업부 '중소조선 함정MRO 지원' 공모에 선정",0.0,0,0,https://www.newsis.com/view/NISX20260331_0003570908
2026-03-31,"경남도, 산업부 글로벌 함정 MRO 클러스터 사업 선정",0.38,1,0,https://www.newspim.com/news/view/20260331000424
2026-03-31,"88조 '황금알' 함정 MRO 시장 정조준…경남, 닻 올렸다",0.38,1,0,https://www.nocutnews.co.kr/news/6493783?utm_source=naver&utm_medium=article&utm_campaign=20260331104315
2026-03-31,"한화, 美해군 차세대 군수지원함 사업 첫 참여",0.0,0,0,https://www.joongang.co.kr/article/25416274
2026-03-31,"삼성중공업 주가, 3월 31일 장중 24,850원 1.43% 상승",0.261,1,0,https://www.topstarnews.net/news/articleView.html?idxno=16021246
2026-03-31,지난해 대기업 임원 감소 폭 일반 직원 보다 컸다...5046명 감소,0.0,0,0,http://www.queen.co.kr/news/articleView.html?idxno=454074
2026-03-31,임원 더 줄인 대기업…채용은 닫고 조직은 슬림화,0.0,0,0,http://www.newsian.co.kr/news/articleView.html?idxno=87937
2026-04-02,"[단독]대전 화재 생존자들, 트라우마에도 “나약하다 찍힐라” 상담 꺼...",0.0,0,0,https://www.donga.com/news/Society/article/all/20260402/133657893/2
2026-04-01,"[기업공시] 이화공영, 대호에이엘, 삼성중공업, 한화에어로스페이스, E...",0.38,1,0,https://www.kdpress.co.kr/news/articleView.html?idxno=203890
2026-04-01,"삼성중, 美 군수함 설계 참여",0.0,0,0,http://www.knnews.co.kr/news/articleView.php?idxno=1485628
2026-04-01,[미리보는 이데일리 신문]10대 홀린 ‘올다무’…미래 유통패권 선점,0.0,0,0,http://www.edaily.co.kr/news/newspath.asp?newsid=07573526645411856
2026-04-01,"[산업공시] 한화에어로스페이스, 폴란드 법인과 부품 공급 계약 체결 등",0.38,1,0,https://www.econovill.com/news/articleView.html?idxno=735730
2026-04-01,"삼성重, 'OTC ASIA'서 '천연가스 액화시스템' 경쟁력 입증",0.0,0,0,http://www.e2news.com/news/articleView.html?idxno=329198
2026-04-01,"삼성重, 대형 LPG·암모니아 운반선 2척 3420억원 수주",0.38,1,0,http://www.e2news.com/news/articleView.html?idxno=329194
2026-04-01,"'슈퍼 사이클'이라더니 중형조선소에도 '훈풍'...대한조선, 1분기에 연간...",0.38,1,0,https://www.livebiz.today/news/articleView.html?idxno=201396
2026-04-01,"삼성중공업, 미국 차세대 군수지원함 프로젝트 참여",0.0,0,0,https://www.gnnews.co.kr/news/articleView.html?idxno=633985
2026-04-01,"삼성重, 美 차세대 군수지원함 프로젝트 참여…'MASGA 성과' 가시화",0.0,0,0,https://www.job-post.co.kr/news/articleView.html?idxno=212238
2026-04-01,"삼성重, OTC ASIA서 'SENSE LNG' 경쟁력 입증",0.0,0,0,https://www.job-post.co.kr/news/articleView.html?idxno=212237
2026-04-01,"삼성重, 대형가스운반선 2척 3420억원 수주",0.38,1,0,https://www.job-post.co.kr/news/articleView.html?idxno=212236
2026-04-01,"[사설]함정 MRO, 경남 재도약의 기회로 삼아야",0.0,0,0,https://www.gnnews.co.kr/news/articleView.html?idxno=633976
2026-04-01,한화오션도 합류…부산 조선기자재 공동납품 확대,0.0,0,0,http://www.kookje.co.kr/news2011/asp/newsbody.asp?code=0200&key=20260402.22009000379
2026-04-01,BMEAㆍ한화오션 업무협약으로 조선기자재 공동납품플랫폼 완성… 물류 ...,0.0,0,0,http://www.ikld.kr/news/articleView.html?idxno=332030
2026-04-01,"삼성중공업, OTC ASIA서 'SENSE LNG' 경쟁력 입증",0.0,0,0,https://www.gasnews.com/news/articleView.html?idxno=124565
2026-04-01,조선업 덮치는 중동 리스크…호황 속 원자재 비용 '우려',0.38,1,0,https://www.ntoday.co.kr/news/articleView.html?idxno=126288
2026-04-01,"삼성중공업, OTC ASIA서 ‘천연가스 액화기술’ 특별상 수상",0.0,0,0,https://www.inthenews.co.kr/news/article.html?no=85071
2026-04-01,"SK오션플랜트, 강영규 신임 대표 선임…종합 해양 플랫폼 기업 도약",0.0,0,0,http://www.srtimes.kr/news/articleView.html?idxno=200199
2026-04-01,"하나증권, DLB 총 2종 모집 外",0.0,0,0,https://www.rcast.co.kr/news/articleView.html?idxno=30424
2026-04-01,삼성중공업 '3420억원 규모' 대형가스운반선 2척 수주,0.38,1,0,http://www.gndomin.com/news/articleView.html?idxno=470878
2026-04-01,삼성重 개발 천연가스 기술 OTC ASIA서 특별상 수상,0.0,0,0,http://www.inews24.com/view/1956055
2026-04-01,"삼성중공업 천연가스 액화시스템, OTC ASIA 특별상 수상",0.0,0,0,http://www.gndomin.com/news/articleView.html?idxno=470881
2026-04-01,"삼성重, 대형가스운반선 2척 3420억원에 수주",0.38,1,0,http://www.inews24.com/view/1956052
2026-04-01,"산업부 ""UAE산 원유 2400만 배럴 안정적으로 도입 중”",0.0,0,0,https://zdnet.co.kr/view/?no=20260401181226
2026-04-01,"한화·삼성, 美 해군 NGLS 설계 동시 참여...마스가 신호탄",0.0,0,0,https://www.ajunews.com/view/20260401145434013
2026-04-01,"조선기자재 공동납품플랫폼, 한화오션 합류로 조선 빅3 협력망 구축",0.0,0,0,https://www.ddaily.co.kr/page/view/2026040117554786664
2026-04-01,삼성重도 마스가 ‘깃발’…美군함 수주 경쟁 가세,0.38,1,0,https://www.sedaily.com/article/20027164?ref=naver
2026-04-01,"삼성重, 미 해군 차세대 군수지원함 설계 프로젝트 참여",0.0,0,0,http://www.fntimes.com/html/view.php?ud=2026040117443962120d260cda75_18
2026-04-01,"[공시] 삼성중공업, 3420억원 규모 대형가스운반선 2척 수주",0.38,1,0,https://www.getnews.co.kr/news/articleView.html?idxno=866760
2026-04-01,"삼성중공업, 천연가스 액화 기술로 OTC ASIA 특별상 수상",0.0,0,0,https://www.g-enews.com/view.php?ud=20260401162650929424debea800_1
2026-04-01,"삼성중공업, 美 군수지원함 설계 참여…MASGA 성과 가시화",0.0,0,0,https://www.g-enews.com/view.php?ud=2026040115460754224debea800_1
2026-04-01,"삼성중공업, OTC ASIA 특별상 수상…""SENSE LNG 경쟁력 입증""",0.0,0,0,https://www.financialpost.co.kr/news/articleView.html?idxno=253907
2026-04-01,[오늘의 주요공시] LG씨엔에스·삼성중공업·롯데쇼핑 등,0.788,2,0,https://www.etoday.co.kr/news/view/2571850
2026-04-01,"SK오션플랜트, 강영규 대표 선임…해상풍력·특수선 사업 확대",0.0,0,0,https://www.news2day.co.kr/article/20260401500034
2026-04-01,"부산조선기자재업체 공동 물류, 빅3 조선소로 확산",0.0,0,0,https://www.busan.com/view/busan/view.php?code=2026040117094707657
2026-04-01,삼성이 만들면 다르다…SENSE LNG 세계 시장 경쟁력 입증,0.0,0,0,https://www.busan.com/view/busan/view.php?code=2026040114310654481
2026-04-01,"한화투자증권, 비대면 계좌개설 이벤트…우대수수료·소수점 주식 지급",0.0,0,0,https://www.newspim.com/news/view/20260401001365
2026-04-01,"[오늘의 주요공시·1일] 삼성중공업, 3420억 규모 대형가스운반선 수주",0.38,1,0,https://www.safetimes.co.kr/news/articleView.html?idxno=241267
2026-04-01,"삼성중공업, 'VLGC 2척' 3420억원 수주…친환경 가스선 라인업 확대",0.38,1,0,https://www.financialpost.co.kr/news/articleView.html?idxno=253895
2026-04-01,[비즈톡] 미국 앞에선 늘 작아지는 세계 1위 HD현대,0.0,0,0,https://www.chosun.com/economy/industry-company/2026/04/01/HKKHT4YBKBF23ESTZ2RNESGY3I/?utm_source=naver&utm_medium=referral&utm_campaign=naver-news
2026-04-01,한화오션까지 합류…조선기자재 공동납품플랫폼 '본격 확산',0.0,0,0,https://www.electimes.com/news/articleView.html?idxno=366650
2026-04-01,[코스피 지수선물 옵션] 삼성전자·하이닉스 선물 폭등…위험자산 선호...,0.0,1,1,https://www.pinpointnews.co.kr/news/articleView.html?idxno=441996
2026-04-01,기업 공시 [4월 1일],0.38,1,0,https://www.sedaily.com/article/20027091?ref=naver
2026-04-01,"삼성중공업, 美 해군 NGLS 설계 참여…마스가 성과 가시화",0.0,0,0,https://www.dailian.co.kr/news/view/1628403/?sc=Naver
2026-04-01,"코스피, 종전 기대감에 8% 급등… 삼성전자·SK하이닉스 10% 이상 올라",0.408,1,0,https://www.womennews.co.kr/news/articleView.html?idxno=275724
2026-04-01,"블랙록, 삼성중공업 5% 지분 매입…조선주 업황 개선 베팅",0.716,2,0,http://www.edaily.co.kr/news/newspath.asp?newsid=05595686645411856
2026-04-01,"삼성중공업, 美 차세대 군수지원함 개념설계 참여",0.0,0,0,http://www.newscape.co.kr/news/articleView.html?idxno=121394
2026-04-01,"""양대 호재""... 코스피 '폭등', 5470 돌파",0.604,2,0,http://www.choicenews.co.kr/news/articleView.html?idxno=163164
2026-04-01,"미 해군 공급망 진입 신호탄…삼성중공업, 'NGLS'로 대미 조선 전략 본격...",0.38,1,0,https://www.polinews.co.kr/news/articleView.html?idxno=727219
2026-04-01,"한화투자증권, 비대면 계좌 개설 이벤트…수수료·소수점 주식 혜택",0.0,0,0,https://www.econovill.com/news/articleView.html?idxno=735656
2026-04-01,[더밸류 브리핑] 오늘의 증권사 소식…NH투자증권·키움증권·한화투자...,0.0,0,0,http://www.thevaluenews.co.kr/news/view.php?idx=197829
2026-04-01,[거래소 기관] 삼성전자·SK하이닉스 폭풍 매수...이유는 명확하다,0.38,1,0,https://www.pinpointnews.co.kr/news/articleView.html?idxno=441974
2026-04-01,"삼성중공업, 'SENSE LNG'로 글로벌 기술 독점에 도전…OTC 아시아서 존재...",0.0,0,0,https://www.megaeconomy.co.kr/news/newsview.php?ncode=1065593592758017
2026-04-01,"[중공업 & Now] HD현대重, 25개국 주한 무관단 초청…""함정 기술력 공개...",0.38,1,0,https://www.ebn.co.kr/news/articleView.html?idxno=1704169
2026-04-01,"한화투자증권, '비대면 계좌개설 더블 혜택 이벤트' 실시",0.0,0,0,http://www.press9.kr/news/articleView.html?idxno=74419
2026-04-01,"뱃고동 울린 '마스가'…삼성重, 미 해군 함정 설계 참여",0.0,0,0,https://www.m-i.kr/news/articleView.html?idxno=1360690
2026-04-01,"""한화오션, 조선기자재 공동납품 플랫폼 참여…납품효율 제고 기대""",0.0,0,0,https://www.news1.kr/local/busan-gyeongnam/6121986
2026-04-01,[서울데이터랩]마감 직후 인기 검색 종목 20選,0.0,0,0,https://www.seoul.co.kr/news/economy/securities/2026/04/01/20260401500217?wlog_tag3=naver
2026-04-01,"삼성重, OTC ASIA서 'SENSE LNG' 특별상…액화 기술 경쟁력 입증",0.0,0,0,https://www.newspim.com/news/view/20260401001159
2026-04-01,"삼성중공업, 올해 첫 대형가스운반선 2척 수주···3420억원 규모",0.38,1,0,http://www.finomy.com/news/articleView.html?idxno=252469
2026-04-01,"삼성중공업, OTC ASIA 2026 특별상 수상…FLNG 기술력 입증",0.0,0,0,http://www.thevaluenews.co.kr/news/view.php?idx=197837
2026-04-01,"한화오션 주가, 강세... 美 해군 함정 설계 첫 수주 '잭팟'",0.625,2,0,https://www.ggilbo.com/news/articleView.html?idxno=1150274
2026-04-01,"삼성중공업, 미 해군 차세대 군수지원함 설계 뚫었다…대미 진출 가속",0.0,0,0,https://www.mediapen.com/news/view/1090586
2026-04-01,"[시황] ""전쟁 끝난다"" 코스피 8.4% 폭등..기록적 널뛰기 장세",0.322,2,1,http://www.4th.kr/news/articleView.html?idxno=2109888
2026-04-01,[금융권 이벤트] 한투증권·NH농협은행·한화투자증권,0.0,0,0,http://www.ttlnews.com/news/articleView.html?idxno=3094807
2026-04-01,"부산조선해양기자재조합-한화오션, 공동납품 맞손",0.0,0,0,http://www.fnnews.com/news/202604011520071997
2026-04-01,"삼성중공업, '국제해양기술 산업 컨퍼런스' 특별상 수상",0.0,0,0,https://www.newsis.com/view/NISX20260401_0003573658
2026-04-01,"삼성중공업, 美 군수함 설계 ‘첫발’…NGLS로 '마스가 프로젝트' 뱃고...",0.0,0,0,https://www.megaeconomy.co.kr/news/newsview.php?ncode=1065592454266084
2026-04-01,"조선해양기자재조합, 한화오션과 공동납품사업 협약",0.0,0,0,https://www.yna.co.kr/view/AKR20260401138000051?input=1195m
2026-04-01,"삼성중공업, OTC ASIA서 천연가스 액화시스템 ‘SENSE LNG’ 특별상",0.0,0,0,https://www.viva100.com/article/20260401501069
2026-04-01,"한화 이어 삼성重, 美 차세대 군수지원함 프로젝트 참여",0.0,0,0,http://www.smedaily.co.kr/news/articleView.html?idxno=354876
2026-04-01,"삼성중공업, VLGC 2척 수주…3420억원 규모",0.38,1,0,https://www.etnews.com/20260401000363
2026-04-01,"[중화학 ON] HS효성, 전문경영인 회장 체제 출범 外",0.0,0,0,https://dealsite.co.kr/articles/159497
2026-04-01,"삼성중공업, LNG 액화 기술로 국제무대서 성과…시장 확대 속도",0.0,0,0,http://www.biztribune.co.kr/news/articleView.html?idxno=351603
2026-04-01,"삼성중공업, VLGC 2척 3420억 원 수주…연간목표 22% 달성",0.38,1,0,https://www.busan.com/view/busan/view.php?code=2026040111230742051
2026-04-01,"삼성중공업, 마스가 뱃고동 울렸다…미 NGLS 참여",0.0,0,0,https://www.busan.com/view/busan/view.php?code=2026040111242871388
2026-04-01,"삼성중공업, 美 차세대 군수지원함 개념설계 참여…'마스가' 본격화",0.0,0,0,https://www.etnews.com/20260401000355
2026-04-01,"삼성중공업, '마스가' 프로젝트 본격화…美 해군 군수함 개념설계 참여",0.0,0,0,https://weekly.hankooki.com/news/articleView.html?idxno=7157899
2026-04-01,"한화투자증권, 비대면 계좌개설 고객 대상 이벤트 진행",0.0,0,0,https://www.megaeconomy.co.kr/news/newsview.php?ncode=1065591459828234
2026-04-01,"삼성중공업, 美 차세대 군수지원함 프로젝트 참여",0.0,0,0,https://www.insightkorea.co.kr/news/articleView.html?idxno=243910
2026-04-01,"삼성중공업, 3천420억원 규모 친환경 대형가스운반선 2척 수주 - 2029년 인...",0.38,1,0,https://www.gokorea.kr/news/articleView.html?idxno=862228
2026-04-01,"삼성중공업 천연가스 액화기술, 국제 해양 콘퍼런스서 특별상 수상",0.0,0,0,https://weekly.hankooki.com/news/articleView.html?idxno=7157892
2026-04-01,"삼성重, 천연가스 액화시스템 특별상 수상…“초격차 경쟁력 유지”",0.0,0,0,https://www.sedaily.com/article/20027009?ref=naver
2026-04-01,"삼성중공업, 대형가스운반선 2척 3420억원 수주",0.38,1,0,https://www.insightkorea.co.kr/news/articleView.html?idxno=243909
2026-04-01,"코스피, 기관 순매수에 장중 8% 폭등...삼성전자 12%·하이닉스 10% ↑",0.0,0,0,http://www.opinionnews.co.kr/news/articleView.html?idxno=136062
2026-04-01,"삼성중공업, 美 차세대 군수지원함 설계 참여…대미 조선사업 본격화",0.0,0,0,http://www.metroseoul.co.kr/article/20260401500282
2026-04-01,"삼성중공업, 미국 차세대 군수지원함 프로젝트 참여…마스가 꿈꾼다",0.0,0,0,https://www.goodkyung.com/news/articleView.html?idxno=285235
2026-04-01,"삼성중공업 주가, 4월 1일 장중 27,050원 10.63% 상승",0.261,1,0,https://www.joongangenews.com/news/articleView.html?idxno=507926
2026-04-01,"삼성중공업, 올해 첫 VLGC 수주…3420억원 규모 2척 확보",0.38,1,0,http://www.metroseoul.co.kr/article/20260401500270
2026-04-01,"삼성중공업, '가스선 포트폴리오' 키웠다…3420억 VLGC 첫 수주",0.38,1,0,https://www.megaeconomy.co.kr/news/newsview.php?ncode=1065589395663850
2026-04-01,"삼성중공업, 대형가스운반선 2척 수주…3420억원 규모",0.38,1,0,https://weekly.hankooki.com/news/articleView.html?idxno=7157888
2026-04-01,"[단독] SK오션플랜트, 기름 유출 의혹 수사 '한 달 지연'…강영규號 ESG...",0.0,0,0,https://www.megaeconomy.co.kr/news/newsview.php?ncode=1065588073140705
2026-04-01,"삼성중공업, 'SENSE LNG'로 OTC 아시아 특별상 수상…독자 액화기술 경쟁...",0.0,0,0,http://www.newslock.co.kr/news/articleView.html?idxno=127900
2026-04-01,"한화투자증권, 비대면 계좌개설 고객 대상 이벤트",0.0,0,0,https://www.newsis.com/view/NISX20260401_0003573467
2026-04-01,"삼성중공업, OTC ASIA서 ‘SENSE LNG’ 특별상…액화기술 경쟁력 입증",0.0,0,0,https://www.socialvalue.kr/news/view/1065589137789243
2026-04-02,"상반기 '수주 행진' 삼성중공업, 본격 도약은 지금부터",0.38,1,0,https://www.econovill.com/news/articleView.html?idxno=735794
2026-04-02,"조용하던 삼성重, 마스가 첫 수주엔 선두권으로 부상",0.38,1,0,https://news.mtn.co.kr/news-detail/2026040216384816972
2026-04-02,"삼성중공업, 비정규직 확대 뚜렷…조선 3사 중 유일한 역행",0.0,0,0,https://www.1conomynews.co.kr/news/articleView.html?idxno=47841
2026-04-02,"삼성중공업, SENSE LNG로 OTC ASIA 특별상 수상",0.0,0,0,http://www.whitepaper.co.kr/news/articleView.html?idxno=260504
2026-04-02,"'동맹 넘어 고객으로'···美, K방산 핵심 시장으로 부상할까",0.38,1,0,https://www.sisajournal-e.com/news/articleView.html?idxno=420231
2026-04-02,[코스피 지수선물 옵션] 2차전지 반등 vs 반도체 붕괴…엇갈린 투자 지...,0.38,2,1,https://www.pinpointnews.co.kr/news/articleView.html?idxno=442353
2026-04-02,"경남, '글로벌 함정 MRO' 국비사업 선정",0.0,0,0,https://www.bzeronews.com/news/articleView.html?idxno=815287
2026-04-02,[애프터마켓 브리핑] 트럼프 강경 연설에 국내 증시 동반 급락,-0.033,2,2,https://biz.sbs.co.kr/article_hub/20000301669?division=NAVER
2026-04-02,대통령 2명 배출 '조선도시 거제' 시장 선거 경쟁 본격화,0.0,0,0,https://www.yna.co.kr/view/AKR20260402145600052?input=1195m
2026-04-02,"삼성중공업, 美해군 차세대 군수지원함 설계 '등판'…K-조선 기술력 입...",0.0,0,0,http://www.wikileaks-kr.org/news/articleView.html?idxno=185815
2026-04-02,중동산 대신 美 원유 도입 확대...호르무즈 봉쇄 회피,0.0,0,0,http://www.newsfc.co.kr/news/articleView.html?idxno=77828
2026-04-02,[거래소 외국인] 현대로템·한화에어로 '폭풍 매수'…방산주 다시 주목...,0.0,0,0,https://www.pinpointnews.co.kr/news/articleView.html?idxno=442336
2026-04-02,"고려아연, 美 프로젝트 크루서블 기념식…삼성重, SENSE LNG로 OTC ASIA 특...",0.0,0,0,http://www.sisaon.co.kr/news/articleView.html?idxno=182018
2026-04-02,"[특징주] 삼성重, '블랙록 호재'에 상승했다 종전 기대 약화에 하락(종...",0.0,1,1,https://www.yna.co.kr/view/AKR20260402038151008?input=1195m
2026-04-02,[서울데이터랩]마감 직후 인기 검색 종목 20選,0.0,0,0,https://www.seoul.co.kr/news/economy/securities/2026/04/02/20260402500220?wlog_tag3=naver
2026-04-02,"중동 리스크에 韓, 미국산 원유 확대…공급 다변화 총력",0.0,0,0,https://www.tjb.co.kr/news05/bodo/view/id/96706
2026-04-02,블랙록이 선택한 ‘이 주식’…급락장서도 꿋꿋,-0.229,1,1,https://www.mk.co.kr/article/12006219
2026-04-02,전 세계 가스 25% 증발…밸류체인 장악 나선 K-조선,0.0,0,0,https://www.mediapen.com/news/view/1090839
2026-04-02,"""1위와 1위의 만남"" 내세웠지만… HD현대, 美 해군 협력 사업서 '고배'",0.0,0,0,https://www.thepublic.kr/news/articleView.html?idxno=299701
2026-04-02,"경남TP, 조선산업 상생협력 파트너 지원사업 본격 추진",0.0,0,0,https://www.cnbnews.com/news/article.html?no=787281
2026-04-02,"블랙록, 삼성중공업 지분 5% 돌파…‘단순 투자’ 목적",0.261,1,0,https://www.viva100.com/article/20260402500971
2026-04-02,"【기고】200조 규모 군함 MRO 정비사업, 조선해양도시 거제는 중심에 서...",0.0,0,0,https://www.viva100.com/article/20260402500874
2026-04-02,2.4조원 실탄 채운 HD현대···'마스가' 선두 탈환 나선다,0.0,0,0,https://www.seoulfn.com/news/articleView.html?idxno=625409
2026-04-02,"[K조선·마스가] 삼성重 “‘함정’은 일단 괜찮아, ‘함정’은 안 돼”",0.0,0,0,http://www.thebigdata.co.kr/view.php?ud=202604021335405221570d99e4c8_23
2026-04-02,삼성중공업 주가 2만6800원 약보합 전환…트럼프 발언 이후 하락 흐름 전...,0.0,1,1,https://www.cbci.co.kr/news/articleView.html?idxno=565080
2026-04-02,[서울데이터랩]금일 코스피 거래량 1위 흥아해운 거래대금 9천6백억원 돌...,0.0,0,0,https://www.seoul.co.kr/news/economy/securities/2026/04/02/20260402500136?wlog_tag3=naver
2026-04-02,[오늘 경남] 조선산업 상생협력 파트너 지원사업 추진,0.0,0,0,https://www.sidae.com/article/2026040213052110510
2026-04-02,"호르무즈 봉쇄에…한국, 중동산 대신 미 원유 도입 늘린다",0.0,0,0,https://news.sbs.co.kr/news/endPage.do?news_id=N1008502742&plink=ORI&cooper=NAVER
2026-04-02,"트럼프 ""미국 석유 사라""...정부, 미국산 원유 도입 검토",0.0,0,0,https://www.slist.kr/news/articleView.html?idxno=728691
2026-04-02,"통신 대기업, 돈 잘 벌면서 임직원 가장 많이 줄여 , 왜 ?",0.0,0,0,http://www.nongaek.com/news/articleView.html?idxno=94955
2026-04-02,'트럼프 강경 연설' 뒤 코스피 4%대 하락 전환…환율 1520선으로 상승,0.0,1,1,https://biz.sbs.co.kr/article_hub/20000301615?division=NAVER
2026-04-02,[특징주] 외인·기관 '삼성중공업·휴림에이텍' 선별 매수,0.0,0,0,http://www.newstnt.com/news/articleView.html?idxno=603281
2026-04-02,[오늘(2일) 증시 주요 특징주] 상장 첫날 '따따블' 향한 질주…코스닥 ...,0.625,2,0,https://www.thefairnews.co.kr/news/articleView.html?idxno=73243
2026-04-02,"에스엔시스, 中 이중연료추진 시장 진입",0.0,0,0,https://www.widedaily.com/news/articleView.html?idxno=291519
2026-04-02,"삼성중공업, FLNG 발판 삼아 美 공략··· ""친환경 가스선으로 확장""",0.38,1,0,https://www.greenpostkorea.co.kr/news/articleView.html?idxno=306443
2026-04-02,트럼프 입에 폭락…'상위 1%' 고수들 미리 삼전 팔아치웠다 [마켓 PRO],-0.583,0,1,https://www.hankyung.com/article/202604023959i
2026-04-02,"[뉴스+]한국 조선 ""녹색마저 흔들린다""",0.0,0,0,https://www.businessplus.kr/news/articleView.html?idxno=109959
2026-04-02,"삼성중공업 주가, 4월 2일 장중 28,150원 4.26% 상승",0.261,1,0,https://www.joongangenews.com/news/articleView.html?idxno=508193
2026-04-02,[서울데이터랩]계양전기우 29.93% 상한가…실시간 상승률 1위,0.645,2,0,https://www.seoul.co.kr/news/economy/securities/2026/04/02/20260402500059?wlog_tag3=naver
2026-04-02,[서울데이터랩]개장 직후 인기 검색 종목 20選,0.0,0,0,https://www.seoul.co.kr/news/economy/securities/2026/04/02/20260402500058?wlog_tag3=naver
2026-04-02,"[ET특징주]삼성중공업, 블랙록 주요 주주 등극에 상승세",0.261,1,0,https://www.etnews.com/20260402000129
2026-04-02,"삼성중공업, 블랙록 지분 보유 소식에 4% 강세",0.322,1,0,https://www.newsis.com/view/NISX20260402_0003574883
2026-04-02,"[특징주] 삼성중공업, 글로벌 자산운용사 블랙록 지분 5% 이상 확보 '강...",0.322,1,0,https://www.g-enews.com/view.php?ud=20260402095414464344093b5d4e_1
2026-04-02,"[특징주] 삼성중공업, '세계 최대' 블랙록 지분 공시에 5%대 강세",0.322,1,0,https://www.namdonews.com/news/articleView.html?idxno=906156
2026-04-02,"[특징주] 삼성중공업, 블랙록 지분 확대·VLGC 수주에 ↑",0.583,2,0,https://www.cstimes.com/news/articleView.html?idxno=700561
2026-04-02,삼성重 VLGC 2척 발주처는 JP모건,0.0,0,0,https://www.sedaily.com/article/20027393?ref=naver
2026-04-02,"[특징주] 삼성중공업, 블랙록 지분 5% 공시 '상승'",0.261,1,0,https://www.jeonmae.co.kr/news/articleView.html?idxno=1244506
2026-04-02,"삼성중공업 주가, 4월 2일 장중 28,125원 4.17% 상승",0.261,1,0,https://www.topstarnews.net/news/articleView.html?idxno=16023395
2026-04-02,"[N2 증시 풍향계] 조선·광통신·로봇 테마 ‘돈 몰린다’…인벤테라, 상...",0.0,0,0,https://www.news2day.co.kr/article/20260402500071
2026-04-02,"[특징주] 삼성중공업, 블랙록 지분 확대 공시…초반 상승",0.261,1,0,http://www.issuenbiz.com/news/articleView.html?idxno=75055
2026-04-02,삼성중공업 3% 상승…블랙록 5% 지분 확보 공시[핫종목],0.537,2,0,https://www.news1.kr/finance/general-stock/6122792
2026-04-02,"[특징주] 삼성중공업, 블랙록 5% 보유 공시에 장 초반 강세",0.537,2,0,https://www.ajunews.com/view/20260402093603582
2026-04-02,"""블랙록이 샀대"" 지분 5% 공시에 삼성중공업 강세",0.537,2,0,https://www.mt.co.kr/stock/2026/04/02/2026040209294683509
2026-04-02,"삼성중공업, 블랙록 주요 주주 등극 소식에…5%↑[특징주]",0.322,1,0,http://www.edaily.co.kr/news/newspath.asp?newsid=03161926645412184
2026-04-02,"[특징주]삼성중공업, 블랙록 5% 지분 공시에 5%대 강세",0.322,1,0,https://view.asiae.co.kr/article/2026040209295680421
2026-04-02,"삼성중공업, 블랙록 지분 확대·대규모 수주 겹경사에 5%대 급등",0.823,3,0,https://www.mk.co.kr/article/12005915
2026-04-02,"[특징주] 삼성중공업, 블랙록 지분 5% 공시에 장 초반 상승",0.261,1,0,https://www.yna.co.kr/view/AKR20260402038100008?input=1195m
2026-04-02,4월 1일 주식시장 주요공시,0.0,0,0,https://www.catchnews.kr/news/articleView.html?idxno=122289
2026-04-02,"[더벨]에스엔시스, 중국에 첫 패키지 수주…메탄올 LFSS 공급",0.38,1,0,https://www.thebell.co.kr/free/content/ArticleView.asp?key=202604020819165020103165
2026-04-02,"삼성重, 천연가스 액화시스템 'SENSE LNG'로 OTC ASIA서 특별상 수상",0.0,0,0,https://www.pinpointnews.co.kr/news/articleView.html?idxno=442074
2026-04-02,"한화오션, 조선 상장기업 브랜드 4월 빅데이터 분석 1위...HD현대중공업...",0.0,0,0,http://www.thebigdata.co.kr/view.php?ud=20260401043257100807d270612f_23
2026-04-02,"[코스피·코스닥, 삼성중공업  SK가스 KCC건설 LG CNS  모니터랩 SGC에너...",0.0,0,0,https://www.public25.com/news/articleView.html?idxno=43140
2026-04-02,[아주증시포커스] 알테오젠·삼천당제약·레인보우로보틱스…'잡음' 키...,0.38,1,0,https://www.ajunews.com/view/20260402073012395
2026-04-02,트럼프에 멈췄던 '탄소 중립' 트럼프가 되살렸다…철강·조선 속도,0.0,0,0,https://www.news1.kr/industry/general-industry/6122049
2026-04-02,"[N2 모닝 경제 브리핑-4월 2일] 美증시, 종전 기대감에 ‘안도 랠리’…...",0.38,1,0,https://www.news2day.co.kr/article/20260401500171
2026-04-03,"‘LNG선 싹쓸이’⋯ 조선 빅3, 1분기 113.6억달러 수주 괴력",0.38,1,0,https://www.viva100.com/article/20260402500773
2026-04-06,"K-조선, 1분기 수주 릴레이ㆍ수출 증가 ‘축포’",0.682,2,0,https://www.dnews.co.kr/uhtml/view.jsp?idxno=202604031705262730923
2026-04-05,원유 공급난인데…이웃나라 일본은 벌써 지난해의 60% 확보,0.0,0,0,https://www.munhwa.com/article/11579919?ref=naver
2026-04-05,"카타르·호주發 'LNG 통제' 후폭풍…韓 조선 3사, 선박 인도 지연 우려",0.38,1,0,https://www.hankyung.com/article/2026040597661
2026-04-05,"美해군, 99조 함정 발주 예고… 수혜 기대감 커진 K-조선",0.0,0,0,https://www.asiatoday.co.kr/view.php?key=20260406010001362
2026-04-05,해수부 장관 청문회서도 언급된 ‘태안 기금’… 3000억 중 집행액 9.5% ...,0.0,0,0,https://www.joongang.co.kr/article/25417616
2026-04-05,"[기획]K-조선, 해양플랜트 저력으로 '부유식 해상풍력' 시장 선점 노린...",0.0,0,0,https://www.m-i.kr/news/articleView.html?idxno=1361584
2026-04-05,"조선 3사, 1분기 수주 20%대 순항…친환경·해양·방산 확대",0.38,1,0,http://www.metroseoul.co.kr/article/20260405500141
2026-04-05,"'마스가' 본 궤도 오른 K-조선, 위상 더 높아진다",0.0,0,0,https://daily.hankooki.com/news/articleView.html?idxno=1354995
2026-04-05,공정자동화 시급한 K-제조업…‘노조 변수’ 따라 기업들 극명한 격차,0.0,0,0,https://biz.heraldcorp.com/article/10709615?ref=naver
2026-04-05,"[N2 포커스] 한화오션·삼성중공업, 중동 위기 속 군수함 수주 기회 커진...",0.38,1,0,https://www.news2day.co.kr/article/20260402500273
2026-04-04,[채용게시판] 기아·삼성중공업·농협손해보험 등,0.0,0,0,http://www.fnnews.com/news/202604041639215981
2026-04-04,"삼성중공업, 3420억원 규모 친환경 대형가스운반선 2척 수주",0.38,1,0,http://www.econonews.co.kr/news/articleView.html?idxno=434153
2026-04-04,"K-조선, 1분기에 수주 목표 20% 돌파…전쟁 특수 기대 속 상황 예의주시",0.583,2,0,https://www.etnews.com/20260403000076
2026-04-04,급등락 파도 탄 개인 투자자 지난주 '순매도',0.408,1,0,https://www.koreareport.co.kr/news/articleView.html?idxno=50108
2026-04-04,"최근 5거래일 삼성중공업 주가 27,000원대 후반 안착",0.261,1,0,https://www.topstarnews.net/news/articleView.html?idxno=16025229
2026-04-04,중동 위기가 부른 ‘톤마일’ 마법의 역설…조선주 랠리 당기나,0.38,1,0,https://www.etoday.co.kr/news/view/2572664
2026-04-04,조선 빅3 상반기 수주 ‘순항’…고부가船 집중 전략 계속 [비즈360],0.38,1,0,https://biz.heraldcorp.com/article/10709655?ref=naver
2026-04-04,"풍력에너지 관련주, '봄바람 살랑' SK이터닉스·유니슨·씨엔플러스·SK...",0.0,0,0,http://www.finomy.com/news/articleView.html?idxno=252654
2026-04-07,"LNG·원유선 수주 '잭팟'…조선 3사, 1분기 영업익 2조원 '청신호'",0.38,1,0,https://www.sidae.com/article/2026040609402537400
2026-04-07,"CATL, 배터리 선박 1000척 돌파 임박… 해운 ‘에너지 패권’ 바뀐다",0.261,1,0,https://www.g-enews.com/view.php?ud=202604061838079987fbbec65dfb_1
2026-04-07,"[주요공시] 삼성전자, SK하이닉스, 삼천당제약, 볼빅, 신세계푸드, 삼성...",-0.38,0,1,https://www.kdpress.co.kr/news/articleView.html?idxno=204023
2026-04-07,유조선 수요 폭증… K조선 ‘빅3’는 골라서 수주,0.38,1,0,https://www.chosun.com/economy/industry-company/2026/04/07/BKSEHBFH6VBFRNRH7MJRSVCRE4/?utm_source=naver&utm_medium=referral&utm_campaign=naver-news
2026-04-06,3월 K-조선 수주 중국에 밀려 2위,0.38,1,0,http://www.gnmaeil.com/news/articleView.html?idxno=583981
2026-04-06,"삼성중공업, 최대주주등 보유주식 1만1613주 증가",0.0,0,0,https://www.digitaltoday.co.kr/news/articleView.html?idxno=654019
2026-04-06,"국내 1,000대 기업 매출 2,000조 시대 열렸다",-0.462,0,1,http://www.srtimes.kr/news/articleView.html?idxno=200514
2026-04-06,"국내 매출 1위 삼전, 2위는 하닉? ‘아님’…1000대 기업 매출, 17년만에...",0.0,0,0,https://www.munhwa.com/article/11580225?ref=naver
2026-04-06,"삼성중공업, 계약해지 통보한 원유 운반선 2척 처분금지 가처분 피소",0.38,1,0,https://biz.chosun.com/industry/company/2026/04/06/2UNZBAF4AJEAZNG2B62KBVOWQE/?utm_source=naver&utm_medium=original&utm_campaign=biz
2026-04-06,"거제시씨름협회, 제5·6대 회장 이취임식 개최",0.0,0,0,https://www.gnnews.co.kr/news/articleView.html?idxno=634251
2026-04-06,중동 사태에…‘K-조선’ 3월 수주점유율 39%,0.38,1,0,https://www.dt.co.kr/article/12056026?ref=naver
2026-04-06,"삼성重, 원유운반선 2척 선박처분금지 가처분 피소…2천597억 규모",0.0,0,0,https://news.einfomax.co.kr/news/articleView.html?idxno=4407976
2026-04-06,지난해 상장사 매출 2천조 돌파...24년 째 '부동의 1위' 지킨 삼성전자,0.261,1,0,http://www.dynews.co.kr/news/articleView.html?idxno=845577
2026-04-06,'나프타 쇼크' 석화 울고... '고부가 잭팟' 조선 웃고,0.0,0,0,http://www.fnnews.com/news/202604061814043324
2026-04-06,"상장사 매출 2천조 첫 돌파, 삼성전자 24년째 1위",0.645,2,0,http://www.domin.co.kr/news/articleView.html?idxno=1551275
2026-04-06,"K-조선, 지난달 38척 수주...글로벌 시장 점유율 39% 기록",0.38,1,0,https://www.pinpointnews.co.kr/news/articleView.html?idxno=443261
2026-04-06,1000대 상장사 매출 첫 2000조…삼성전자 24년째 1위,0.0,0,0,https://www.shinailbo.co.kr/news/articleView.html?idxno=5008563
2026-04-06,물만난 K조선 3사…고부가船 선별 수주,0.38,1,0,https://www.mk.co.kr/article/12009378
2026-04-06,"K-조선, 캐나다 진출로 새 기회 잡을까",0.38,1,0,http://www.hansbiz.co.kr/news/articleView.html?idxno=830753
2026-04-06,"부산창경, 오픈이노베이션 스타트업 11개사 모집",0.0,0,0,https://www.inthenews.co.kr/news/article.html?no=85254
2026-04-06,"실적 모멘텀과 하방 리스크 사이…""4월 증시, 실적에 '방어' 더하는 전략...",0.0,0,0,https://www.etoday.co.kr/news/view/2573139
2026-04-06,국내 1000대 상장사 작년 매출 2092조원…사상 처음 2000조원 돌파,0.261,1,0,https://www.econovill.com/news/articleView.html?idxno=736228
2026-04-06,중동 긴장에도 코스피 상승 5450 마감 ···'실적 기대' 삼성전자 4%↑,0.0,1,1,https://www.seoulfn.com/news/articleView.html?idxno=625747
2026-04-06,"K조선 1분기 세계 선박 수주 점유율 20%로 2%p 증가, 중국과 격차 50%p",0.38,1,0,https://www.businesspost.co.kr/BP?command=article_view&num=435062
2026-04-06,"중동 불안 딛고, 코스피 '활짝'...삼성전자·하나금융·LG '껑충'",-0.261,0,1,http://www.choicenews.co.kr/news/articleView.html?idxno=163373
2026-04-06,"삼성중공업, 생산능력 한계 임박…'투자 여력 압박' 속 확장은?",0.38,1,0,https://www.1conomynews.co.kr/news/articleView.html?idxno=47890
2026-04-06,"삼성중공업, 돈 벌어도 배당 없다…누적 결손 '1조' 주주환원 발목",0.38,1,0,http://www.popcornnews.net/news/articleView.html?idxno=117597
2026-04-06,상장사 매출 2000조 시대 개막···삼성 독주 속 SK하이닉스 '폭풍 성장...,-0.165,1,1,http://www.enewstoday.co.kr/news/articleView.html?idxno=2415399
2026-04-06,작년 1천대 상장사 총 매출 '2천조' 돌파…1조 클럽 255개사,0.645,2,0,https://www.livebiz.today/news/articleView.html?idxno=201464
2026-04-06,국내 상장사 '매출 2000조' 첫 돌파… 삼성전자 24년째 1위,0.261,1,0,https://www.newscj.com/news/articleView.html?idxno=3391662
2026-04-06,거제시씨름협회 제5대·6대 회장 이·취임식 개최,0.0,0,0,https://www.newsgn.com/news/articleView.html?idxno=544986
2026-04-06,국내 1000대 상장사 매출 첫 2000조 돌파…삼성전자 24년 연속 1위,0.261,1,0,http://www.newslock.co.kr/news/articleView.html?idxno=128107
2026-04-06,작년 1천대 상장사 매출 2천조원 돌파…삼성전자 부동의 1위,0.261,1,0,http://www.seouleconews.com/news/articleView.html?idxno=90465
2026-04-06,"삼성중공업 주가, 4월 6일 장중 27,150원 2.69% 하락",-0.261,0,1,https://www.joongangenews.com/news/articleView.html?idxno=509175
2026-04-06,작년 1천대 상장사 매출합계 2천조 돌파…1조클럽 255개사,0.261,1,0,http://www.newsfc.co.kr/news/articleView.html?idxno=77898
2026-04-06,삼성중공업 2.69% 하락…중동 리스크 속 변동성 확대,0.0,1,1,https://www.cbci.co.kr/news/articleView.html?idxno=565815
2026-04-06,작년 1천대 상장사 매출합계 2천조 돌파…삼성전자 부동의 1위,0.261,1,0,https://www.ngonews.kr/news/articleView.html?idxno=227757
2026-04-06,거제시체육관서 '제7회 거제시장배 전국 주짓수대회',0.0,0,0,https://www.newsfreezone.co.kr/news/articleView.html?idxno=683658
2026-04-06,삼성전자 국내 1000대 상장사 매출 비중 11.4%…SK하이닉스 매출 31조 늘...,0.462,1,0,http://www.kookje.co.kr/news2011/asp/newsbody.asp?code=0200&key=20260406.99099001457
2026-04-06,1000대 상장사 '매출 2000조' 첫 돌파…삼성전자 24년째 1위,0.537,2,0,http://www.newsian.co.kr/news/articleView.html?idxno=88173
2026-04-06,중동 전쟁에도 견고한 K-조선…1분기 영업익 55%↑ 전망,0.0,0,0,http://www.newstomato.com/ReadNews.aspx?no=1296821&inflow=N
2026-04-06,작년 1000대 상장사 매출합계 2000조 돌파…삼성전자 1위,0.261,1,0,https://www.cstimes.com/news/articleView.html?idxno=700940
2026-04-06,"국내 1000대 상장사, 매출 2000조원 첫 돌파…삼성전자 24년 연속 1위",0.261,1,0,https://www.sisajournal.com/news/articleView.html?idxno=368303
2026-04-06,1000대 상장사 매출 ‘2000조’ 돌파…삼성전자 24년째 1위,0.261,1,0,https://www.busan.com/view/busan/view.php?code=2026040613075048758
2026-04-06,"韓, 3월 선박 수주량 39% 달성… ‘양보다 질’로 중국과 맞선다",0.38,1,0,https://m.skyedaily.com/news_view.html?ID=301835
2026-04-06,"조선 빅3, 고선가 수주 전략 통했다…수익·점유율 동반 상승",0.583,2,0,https://www.asiatime.co.kr/article/20260406500126
2026-04-06,국내 1000대 상장사 매출 합계 첫 2000조 돌파,0.645,2,0,https://www.businessplus.kr/news/articleView.html?idxno=110127
2026-04-06,상장사 1000곳 매출 첫 2000兆 돌파… 삼성전자 '24년 연속' 1위 달성,0.261,1,0,https://www.financialpost.co.kr/news/articleView.html?idxno=254411
2026-04-06,삼성전자 외 '100조 클럽' 어떤 기업이 차지할까?,0.261,1,0,https://economist.co.kr/article/view/ecn202604060037
2026-04-06,매출 2000조 시대 열렸다...삼전·︎한전·︎하이닉스 '빅3',0.0,0,0,http://www.nongaek.com/news/articleView.html?idxno=95010
2026-04-06,작년 1000대 상장사 매출 2000조 첫 돌파-삼성전자 24년째 1위,0.261,1,0,http://www.techholic.co.kr/news/articleView.html?idxno=220676
2026-04-06,"""삼성전자 내일 50조 터진다""…상위 1% 투자 고수들 '싹쓸이' [마켓PRO]",0.261,1,0,https://www.hankyung.com/article/202604061298i
2026-04-06,작년 상위 1천 개 상장사 매출 합계 2천조 돌파…삼성전자 부동의 1위,0.261,1,0,https://news.sbs.co.kr/news/endPage.do?news_id=N1008506762&plink=ORI&cooper=NAVER
2026-04-06,"3월 글로벌 선박 발주 '숨 고르기'…K-조선, 고부가 선박으로 존재감 확...",0.38,1,0,https://www.ezyeconomy.com/news/articleView.html?idxno=234381
2026-04-06,"한국조선사 3월 수주 38척, 세계수주량의 39% 차지",0.38,1,0,https://www.newsis.com/view/NISX20260406_0003579145
2026-04-06,상장사 매출 2000조 시대 개막… 삼성전자 24년째 '부동의 1위',0.0,0,0,https://www.goodkyung.com/news/articleView.html?idxno=285437
2026-04-06,조선 빅3 상반기 수주 ‘순항’…고부가船 집중 계속,0.38,1,0,https://biz.heraldcorp.com/article/10710652?ref=naver
2026-04-06,"국내 상장사 매출, 사상 첫 2000조 원 돌파…삼성전자 24년째 1위",0.261,1,0,http://www.queen.co.kr/news/articleView.html?idxno=454446
2026-04-06,조선 빅3 1분기 영업익 2조 전망,0.38,1,0,http://www.smedaily.co.kr/news/articleView.html?idxno=355094
2026-04-06,작년 1000대 상장사 매출 2000조 첫 돌파 … 삼성전자 '24년째 1위,0.261,1,0,http://www.worktoday.co.kr/news/articleView.html?idxno=83449
2026-04-06,"1000대 상장사 매출 2000조 첫 돌파…삼성전자, 24년간 왕좌 지켜",0.261,1,0,https://www.kukinews.com/article/view/kuk202604060078
2026-04-06,작년 1000대 상장사 매출 첫 2000조 돌파…삼성전자 24년째 1위,0.261,1,0,https://www.asiatime.co.kr/article/20260406500050
2026-04-06,"[더벨][조선업계 수주 현황 점검] 순항중인 삼성중공업, 이월된 'FLNG 최...",0.38,1,0,https://www.thebell.co.kr/free/content/ArticleView.asp?key=202604021147023320106940
2026-04-06,韓 상장사 매출 2000조 시대 열렸다…삼성전자 '독보적 1위',0.0,0,0,https://www.hankyung.com/article/202604060914g
2026-04-06,1000대 상장사 매출 2000조 시대…삼성전자 24년째 1위,0.261,1,0,https://www.m-i.kr/news/articleView.html?idxno=1361787
2026-04-06,몸집 커진 韓 경제… 지난해 국내 1000大 상장사 연매출 2000조원 첫 돌파,0.261,1,0,http://www.newsroad.co.kr/news/articleView.html?idxno=57347
2026-04-06,국내 기업 '매출 2000조 시대' 개막…삼성전자 238조 '24년째 1위',0.0,0,0,https://www.newsquest.co.kr/news/articleView.html?idxno=264272
2026-04-06,작년 1000대 상장사 매출 2000조 입성…삼성전자 24년 연속 1위,0.0,0,0,https://www.seoultimes.news/news/article.html?no=2000094844
2026-04-06,작년 매출 1조 이상 기업 255개···삼성전자 24년째 1위,0.0,0,0,https://www.newsfreezone.co.kr/news/articleView.html?idxno=683551
2026-04-06,지난해 1000대 상장사 매출 2000조 첫 돌파…삼성전자 24년 연속 1위,0.261,1,0,https://www.ebn.co.kr/news/articleView.html?idxno=1704495
2026-04-06,작년 1000대 상장사 매출 2000조 첫 돌파…삼성전자 24년째 1위,0.261,1,0,https://www.newsis.com/view/NISX20260406_0003578785
2026-04-06,"상장사 1000곳 매출 첫 2000조원 돌파…삼성전자, 24년째 1위",0.645,2,0,https://www.mydaily.co.kr/page/view/2026040609344597687
2026-04-06,작년 상장사 상위 1000곳 매출 2000조 돌파…삼성전자 24년째 1위,0.261,1,0,https://news.tf.co.kr/read/economy/2309891.htm
2026-04-06,작년 1000대 상장사 매출 2000조 돌파…삼성전자 24년째 1위,0.261,1,0,https://www.news1.kr/industry/general-industry/6126368
2026-04-06,국내 1000대 상장사 매출 2000조 돌파…삼성전자 24년 연속 '1위',0.775,3,0,https://www.insightkorea.co.kr/news/articleView.html?idxno=244092
2026-04-06,"부산창경, ‘스타트업 오픈이노베이션 챌린지 2026’ 참가기업 모집",0.0,0,0,https://www.viva100.com/article/20260406500570
2026-04-06,"[부산소식]도시공사 아르피나, 'BTS 공연' 숙박 본인 인증 등",0.0,0,0,https://www.newsis.com/view/NISX20260406_0003579044
2026-04-06,"3월 글로벌 선박 수주, 韓 39%·中 53%…격차 축소",0.38,1,0,https://news.einfomax.co.kr/news/articleView.html?idxno=4407838
2026-04-06,"韓 지난달 전세계 선박 39% 수주, 中은 53%…좁혀지는 격차",0.38,1,0,https://biz.heraldcorp.com/article/10710468?ref=naver
2026-04-06,1분기 선박 수주 전년比 40% ↑···한국 20% 점유율,0.38,1,0,https://www.ziksir.com/news/articleView.html?idxno=129768
2026-04-06,"삼성중공업, 작업중지 손실 보전 도입…경쟁사는 ""구체성 부족""",0.0,0,0,https://dealsite.co.kr/articles/159635
2026-04-06,조선 빅3 1분기 영업익 2조 넘을까... LNG 수요·선가 견조,0.38,1,0,http://www.fnnews.com/news/202604060832086214
2026-04-06,"조선 빅3, 1Q 고부가船으로 실적 순항…영업익 전년比 55%↑ 전망",0.38,1,0,https://www.news1.kr/industry/general-industry/6125422
2026-04-06,"부유식 액화천연가스 설비, 모듈화로 신속한 건조 지향",0.0,0,0,https://www.abcn.kr/news/articleView.html?idxno=87273
2026-04-08,‘블랙록에 제로금리까지’… 슈퍼사이클 기대감에 뭉칫돈 들어오는 K-...,0.0,0,0,https://www.viva100.com/article/20260407500727
2026-04-08,중동사태 장기화 희비…조선 ‘훈풍’ㆍ해운 ‘역풍’,0.0,0,0,https://www.dnews.co.kr/uhtml/view.jsp?idxno=202604071244221550269
2026-04-08,글로벌 '큰 손'들 K-조선 베팅 본격화... 달라진 위상 확인,0.0,0,0,http://www.fnnews.com/news/202604070808158770
2026-04-07,4월 2주 주요 제조업 전망,0.0,0,0,https://www.laborplus.co.kr/news/articleView.html?idxno=40607
2026-04-07,"거제시, 세계 유일 ‘마린테크 워케이션’ 개막",0.0,0,0,http://www.breaknews.com/1198421
2026-04-07,'마스가' 협력 속도내는 정부 … 美 LNG사업 수출 보증 나선다,0.38,1,0,https://www.mk.co.kr/article/12010674
2026-04-07,"삼성重 FLNG 건조 기술력, 美 CEO도 극찬",0.0,0,0,http://www.fnnews.com/news/202604071810523082
2026-04-07,'마스가' 속도내는 정부…美 LNG사업 수출 보증,0.38,1,0,https://www.mk.co.kr/article/12010581
2026-04-07,오사카 민간 홍보단 거제 온다...일본 관광객 유치 총력,0.0,0,0,https://www.newsfreezone.co.kr/news/articleView.html?idxno=683964
2026-04-07,"[단독] 정부, 미국LNG사업 수출보증…삼성중공업에 1.5조 지원 검토",0.38,1,0,https://www.mk.co.kr/article/12010451
2026-04-07,"""중국이 53% 쓸어갔다""···점유율 뒤에 숨은 K조선 반전 수익 구조",0.38,1,0,https://www.newsway.co.kr/news/view?ud=2026040613273699129
2026-04-07,'거제형 마린테크 워케이션' 팸투어 9~10일 열린다,0.0,0,0,https://www.newsgn.com/news/articleView.html?idxno=545296
2026-04-07,[코스피 지수선물 옵션] 삼성전자·하이닉스 견인… 지수 방어 vs 성장주...,0.322,1,0,https://www.pinpointnews.co.kr/news/articleView.html?idxno=443609
2026-04-07,"거제시, 조선산업·상권 결합 '마린테크 워케이션' 시범 운영",0.0,0,0,https://www.idomin.com/news/articleView.html?idxno=2003026
2026-04-07,"중동 협상 촉각, 코스피 '또 상승'...반도체주·효성·GS건설 '활짝'",0.0,1,1,http://www.choicenews.co.kr/news/articleView.html?idxno=163458
2026-04-07,[7일 거제시] ‘마린테크 워케이션’ 시범사업 팸투어 추진 등,0.0,0,0,https://www.asiatime.co.kr/article/20260407500353
2026-04-07,"美 ""삼성중공업 FLNG 기술 세계 최고"" 극찬",0.0,0,0,http://www.fnnews.com/news/202604071521139955
2026-04-07,"에스엔시스, 미 필리조선소 MASGA 프로젝트 본격 진출",0.0,0,0,https://www.the-stock.kr/news/articleView.html?idxno=32321
2026-04-07,K-조선 1분기 수주 '순항'···중동 리스크에 '기초 체력'으로 대응,0.38,1,0,https://www.seoulfn.com/news/articleView.html?idxno=625843
2026-04-07,"국내 조선업계, LNG선 수주 92% 점유하며 '독주'… 핵심 '화물창 기술' ...",0.38,1,0,https://www.mtnews.net/news/articleView.html?idxno=24447
2026-04-07,"삼성중공업, 원유운반선 2척 선박처분금지 가처분 피소",0.0,0,0,https://www.seoulfn.com/news/articleView.html?idxno=625820
2026-04-07,"삼성중공업 주가, 4월 7일 장중 26,850원 0.56% 하락",-0.261,0,1,https://www.joongangenews.com/news/articleView.html?idxno=509588
2026-04-07,한화자산운용 'K방산조선원전펀드' 순자산 1000억 돌파,0.261,1,0,http://www.smedaily.co.kr/news/articleView.html?idxno=355220
2026-04-07,"한화운용, K방산조선원전펀드 순자산 1천억 돌파",0.261,1,0,http://www.segyebiz.com/newsView/20260407512058?OutUrl=naver
2026-04-07,"호르무즈발 유조선 특수…조선업계, '선별 수주'로 1분기 실적 청신호",0.38,1,0,https://www.mediapen.com/news/view/1091754
2026-04-07,"HD현대 아비커스, 자율운항 순항...'국제 인증' 첫 획득",0.0,0,0,http://www.4th.kr/news/articleView.html?idxno=2110116
2026-04-07,"한화운용, 'K방산조선원전펀드' 순자산 1000억원 돌파",0.261,1,0,http://www.fnnews.com/news/202604071348035012
2026-04-07,"한화운용, '한화K방산조선원전펀드' 변동성에도 꺽이지 않는 성장세 이...",0.322,1,0,http://www.sisacast.kr/news/articleView.html?idxno=94757
2026-04-07,"""돈 되는 배만 만든다""…HD한국조선해양·한화오션·삼성重 K-조선, 1분기...",0.38,1,0,http://www.fntimes.com/html/view.php?ud=202604071131558630d260cda75_18
2026-04-07,"한화자산운용, 'K방산조선원전펀드' 순자산 1000억 원 돌파",0.261,1,0,http://www.popcornnews.net/news/articleView.html?idxno=117703
2026-04-07,"한화운용 ‘K방산조선원전 펀드’, 8개월 만에 순자산 1000억원 돌파",0.261,1,0,https://biz.heraldcorp.com/article/10711516?ref=naver
2026-04-07,"삼성중공업 주가, 4월 7일 장중 27,100원 0.37% 상승",0.261,1,0,https://www.topstarnews.net/news/articleView.html?idxno=16027598
2026-04-07,삼성중공업 선박 2척 놓고 법적 분쟁…선주사 가처분 신청,0.0,0,0,https://www.bizhankook.com/bk/article/31987
2026-04-07,"에스엔시스, 美 필리조선소 건조 선박에 운항제어시스템 공급... ""마스가...",0.0,0,0,https://www.smarttoday.co.kr/ko-kr/articles/106220
2026-04-07,삼성중공업 수주 기대 속 견조 흐름…조선업 '슈퍼사이클' 일반론 재부...,0.583,2,0,https://www.cbci.co.kr/news/articleView.html?idxno=566001
2026-04-07,'한화K방산조선원전펀드' 순자산 1000억 돌파,0.261,1,0,https://www.newspim.com/news/view/20260407000308
2026-04-07,"삼성중공업, 글로벌 수주 회복 흐름 속 고부가 선박 경쟁력 부각",0.716,2,0,https://www.news2day.co.kr/article/20260407500073
2026-04-07,"한화운용 '한화K방산조선원전펀드', 순자산 1000억 돌파",0.261,1,0,https://www.pointdaily.co.kr/news/articleView.html?idxno=300021
2026-04-07,"“역시 삼성전자, 말이 필요없다”…국내 1000대 기업 중 24년째 ‘매출...",0.0,0,0,https://www.sedaily.com/article/20029156?ref=naver
2026-04-07,"에스엔시스, MASGA 연계 선박 제어시스템 수주",0.38,1,0,http://www.newstown.co.kr/news/articleView.html?idxno=699551
2026-04-07,"부산창조경제혁신센터, 오픈 이노베이션 함께할 ‘스타트업’ 모집",0.0,0,0,http://www.metroseoul.co.kr/article/20260406500595
2026-04-07,"에스엔시스, MASGA 프로젝트 진출…운항제어시스템 공급계약 체결",0.0,0,0,http://www.edaily.co.kr/news/newspath.asp?newsid=02755206645413824
2026-04-07,삼성전자 역대 최대 매출…상장사 2000조 시대 개막,0.0,0,0,https://mdtoday.co.kr/news/view/1065594464281721
2026-04-07,4월 6일 주식시장 주요공시,0.0,0,0,https://www.catchnews.kr/news/articleView.html?idxno=122409
2026-04-07,"[더벨]에스엔시스, '마스가' 공급망 진입…미국 물량 확보",0.0,0,0,https://www.thebell.co.kr/free/content/ArticleView.asp?key=202604070814387900105257
2026-04-07,"한화K방산조선원전펀드, 순자산 1000억 돌파…수익률 64%",0.261,1,0,http://www.edaily.co.kr/news/newspath.asp?newsid=02650246645413824
2026-04-07,"에스엔시스, 美 필리조선소 MASGA 연계 운항제어시스템 공급 계약",0.0,0,0,https://www.newsis.com/view/NISX20260407_0003580357
2026-04-07,"삼성重, 원유운반선 2척 처분금지 가처분 피소…“2597억 규모”",-0.38,0,1,https://www.sedaily.com/article/20029111?ref=naver
2026-04-07,"[호르무즈 해협 후폭풍] 에틸렌 부족 위기…HD현대重, 수급 대응 '총력'",0.0,0,0,https://dealsite.co.kr/articles/159747
2026-04-07,"[Invest]JP모건은 발주, 블랙록은 지분 매입…삼성重, HD·한화 사이서 ...",0.0,0,0,https://www.investchosun.com/site/data/html_dir/2026/04/06/2026040680201.html
2026-04-07,4월 7일 개장 전 주요 공시,-0.38,0,1,https://www.seoulfn.com/news/articleView.html?idxno=625765
2026-04-09,전쟁통에도 수주 릴레이… K조선 ‘원자재 리스크’ 복병,0.38,1,0,https://www.segye.com/newsView/20260408517139?OutUrl=naver
2026-04-09,"美·사우디·인도 조선업 키운다…K조선, 현지투자·협력형 진출 갈림길",0.0,0,0,https://www.ziksir.com/news/articleView.html?idxno=130139
2026-04-09,배 앞뒤 나눠 만들어 합체… 초호황에 분업 늘어,0.38,1,0,https://www.chosun.com/economy/industry-company/2026/04/09/IWNONFWXOZAE7IOYZQIB3AKV54/?utm_source=naver&utm_medium=referral&utm_campaign=naver-news
2026-04-08,"동성화인텍, 삼성중공업과 878억1630만4000원 규모 LNG운반선 보냉자재 ...",0.0,0,0,https://www.digitaltoday.co.kr/news/articleView.html?idxno=655006
2026-04-08,"[특징주] 동성화인텍, 삼성중공업과 878억 공급계약에 강세",0.322,1,0,https://www.tokenpost.kr/news/economy/347473
2026-04-08,"거제시, 세계 유일 '마린테크 워케이션' 9일 개막",0.0,0,0,https://www.gnnews.co.kr/news/articleView.html?idxno=634479
2026-04-08,"[특징주] 동성화인텍, 삼성중공업과 878억 공급계약",0.0,0,0,http://www.newstnt.com/news/articleView.html?idxno=605628
2026-04-08,1년 만에 민심 재확인…민생 회복·내란 심판 쟁점 [6.3 지방선거 장보...,0.0,0,0,https://www.idomin.com/news/articleView.html?idxno=2003128
2026-04-08,"동성화인텍, LNG운반선 보냉자재 878억 1천만 원 공급→매출 견인",0.0,0,0,https://www.topstarnews.net/news/articleView.html?idxno=16029051
2026-04-08,"[속보] 동성화인텍, 삼성중공업과 878억 규모 LNG선 보냉자재 공급계약...",0.0,0,0,https://www.cbci.co.kr/news/articleView.html?idxno=566474
2026-04-08,글로벌 큰손들 'K조선' 베팅… 슈퍼사이클에 몸값 뛴다,0.0,0,0,http://www.fnnews.com/news/202604081813174174
2026-04-08,'위험의 외주화' 차단… 산업계 원·하청 구조 대전환 신호탄되나,0.0,0,0,https://www.asiatoday.co.kr/view.php?key=20260409010002641
2026-04-08,"""협력사 멈추면 배도 멈춘다""…HD현대, 중동 리스크에 '공급망' 방어",0.0,0,0,http://www.4th.kr/news/articleView.html?idxno=2110179
2026-04-08,[코스피 지수선물 옵션] 삼성전자 21만원 돌파…선물시장에 돈 몰린 진...,0.488,2,0,https://www.pinpointnews.co.kr/news/articleView.html?idxno=443954
2026-04-08,"HD현대, 미-이란 긴장에 협력사 지원 확대…'원재료·금융' 투트랙 대응",0.0,0,0,https://www.1conomynews.co.kr/news/articleView.html?idxno=47953
2026-04-08,"韓 금융시장 '폭발'...코스피 '대폭등', 유가·환율 '폭락'",-0.625,1,2,http://www.choicenews.co.kr/news/articleView.html?idxno=163524
2026-04-08,"HD한국조선해양, 14척 추가 수주…조선업 수주 훈풍 이어진다",0.716,2,0,http://www.metroseoul.co.kr/article/20260408500352
2026-04-08,"한국투자증권 ""삼성중공업, 실적은 '잠시 주춤'…중장기 더 커진다""",0.0,0,0,http://www.kdfnews.com/news/articleView.html?idxno=181525
2026-04-08,[기업家] SK그룹 ②ㅣ '73주년' AI·반도체·에너지 총력전…미래 투자 ...,0.0,0,0,https://www.cbci.co.kr/news/articleView.html?idxno=566380
2026-04-08,"‘도크 채운 고부가선’⋯ 조선 빅3, 슈퍼사이클 개화",0.716,2,0,https://www.viva100.com/article/20260408500740
2026-04-08,"삼성중공업, 2만7200원 동적 VI 발동…장 초반 매도 압력에 변동성 확대",0.0,0,0,https://www.cbci.co.kr/news/articleView.html?idxno=566391
2026-04-08,거제시 세계 유일 ‘마린테크 워케이션’ 시대 연다,0.0,0,0,https://www.busan.com/view/busan/view.php?code=2026040809443899140
2026-04-08,[더밸류 브리핑] 한화금융계열 소식…한화투자증권·한화자산운용,0.0,0,0,http://www.thevaluenews.co.kr/news/view.php?idx=197963
2026-04-08,"부산창조경제혁신센터, '오픈이노베이션 챌린지 2026' 참가 스타트업 모...",0.0,0,0,https://daily.hankooki.com/news/articleView.html?idxno=1356230
2026-04-08,드릴쉽 사태 옛말…계약 해지에도 웃는 삼성重,0.0,0,0,https://news.mtn.co.kr/news-detail/2026040811025677333
2026-04-08,"[특징주]에스엔시스, 3.85%↑…""美필리조선소 MASGA 프로젝트 진출""",0.0,0,0,https://view.asiae.co.kr/article/2026040811151276793
2026-04-08,"[더벨][조선업계 수주 현황 점검] 아쉬운 증가율 한화오션, '마스가' 성...",0.38,1,0,https://www.thebell.co.kr/free/content/ArticleView.asp?key=202604061530474840107325
2026-04-08,"삼성중공업 주가, 4월 8일 장중 28,400원 5.97% 상승",0.261,1,0,https://www.joongangenews.com/news/articleView.html?idxno=509868
2026-04-08,"삼성중공업 주가 5%↑…28000원선 회복, 양대지수 매수 사이드카 발동되...",0.322,1,0,https://www.cbci.co.kr/news/articleView.html?idxno=566318
2026-04-08,"[종목분석] 삼성중공업, 2분기부터 실적 성장 본궤도 기대감",0.322,1,0,https://news.ifm.kr/news/articleView.html?idxno=468522
2026-04-08,"삼성중공업, 하락 벗어나 5% 급등…2만8000원선 회복",0.408,2,1,http://www.econonews.co.kr/news/articleView.html?idxno=434707
2026-04-08,"거제시, 중장기 체류형 관광 상품 본격 개발",0.0,0,0,http://www.enewstoday.co.kr/news/articleView.html?idxno=2416213
2026-04-08,선 넘는 적자에 인상카드 꺼낸 철강 … 조선 3사 수익성 ‘흔들’,0.38,1,0,https://biz.newdaily.co.kr/site/data/html/2026/04/08/2026040800080.html
2026-04-08,"삼성중공업 주가, 4월 8일 장중 28,200원 5.22% 상승",0.261,1,0,https://www.topstarnews.net/news/articleView.html?idxno=16028473
2026-04-08,거제서 세계 유일 '마린테크 워케이션' 개막,0.0,0,0,https://www.pressian.com/pages/articles/2026040807573357609?utm_source=naver&utm_medium=search
2026-04-08,"매경이 전하는 세상의 지식 (매-세-지, 4월 8일)",0.38,1,0,https://www.mk.co.kr/article/12010470
2026-04-08,"K-조선, 유조선 발주 러시에 '쾌재'",0.38,1,0,http://www.hansbiz.co.kr/news/articleView.html?idxno=831137
2026-04-08,"운임 급등·선복 부족...탱커 발주 확대, K조선으로 쏠린다",0.682,2,0,https://www.ebn.co.kr/news/articleView.html?idxno=1704656
2026-04-10,"철강 릴레이 가격 인상 …""조선업 '부담' 협상 예의주시할 것""",0.0,0,0,https://news.mtn.co.kr/news-detail/2026040916001110385
2026-04-10,군함 접고 야드 비운 ‘지독한 FLNG 외길’…블랙록이 콕 찍은 삼성중공...,0.0,0,0,https://magazine.hankyung.com/business/article/202604098392b
2026-04-10,"대원대, RISE 사업 통해 '지역 소멸' 위기 정면 돌파했다",0.261,1,0,https://www.bzeronews.com/news/articleView.html?idxno=815849
2026-04-09,"해저 케이블·원전·해수 ‘삼박자’ 부산, 데이터센터 최적지 [부산은...",0.0,0,0,https://www.busan.com/view/busan/view.php?code=2026040918215372154
2026-04-09,[제6기 경남일보 경제포럼]5강 최효정 경남일보경제연구소 소장,0.0,0,0,https://www.gnnews.co.kr/news/articleView.html?idxno=634614
2026-04-09,"HD현대중공업, 암모니아 추진선 건조…주원호 대표, ""친환경 선박 시장...",0.0,0,0,http://www.consumernews.co.kr/news/articleView.html?idxno=753746
2026-04-09,중기 일꾼으로 뛸 휴머노이드 만들 것,0.0,0,0,https://www.mk.co.kr/article/12012759
2026-04-09,"서울대 공대, 차세대 선박 설계·안전성 국제 전문가 워크샵 개최",0.0,0,0,https://edu.donga.com/news/articleView.html?idxno=106084
2026-04-09,[서울데이터랩]마감 직후 인기 검색 종목 20選,0.0,0,0,https://www.seoul.co.kr/news/economy/securities/2026/04/09/20260409500199?wlog_tag3=naver
2026-04-09,[거래소 기관] SK하이닉스·삼성전자 집중 매집… IT 투심 회복에 베팅,0.0,0,0,https://www.pinpointnews.co.kr/news/articleView.html?idxno=444261
2026-04-09,"[단독] 자동차 숨 고르기, 조선·방산 질주…2025년 법인세수 판도 바뀌...",0.0,0,0,http://www.joseilbo.com/news/news_read.php?uid=566259&class=7&grp=
2026-04-09,"중동 '어설픈 휴전' 속, 코스피 '뚝'...반도체·車 주가 '급락'",-0.645,0,2,http://www.choicenews.co.kr/news/articleView.html?idxno=163590
2026-04-09,"HD현대, 세계 첫 암모니아 추진선 건조..친환경 선박 경쟁 본격",0.38,1,0,http://www.4th.kr/news/articleView.html?idxno=2110226
2026-04-09,"HD현대중공업, 세계 최초 암모니아 추진선 건조 성공",0.0,0,0,http://www.inews24.com/view/1958657
2026-04-09,"LNG 넘어 PC선까지 '불붙은 수주'…HD한국조선해양, 에너지 선박 '전방위...",0.38,1,0,https://www.dailian.co.kr/news/view/1631597/?sc=Naver
2026-04-09,"삼성중공업 주가, 4월 9일 장중 28,450원 0.53% 상승",0.261,1,0,https://www.joongangenews.com/news/articleView.html?idxno=510360
2026-04-09,"삼성중공업, 조선주 혼조 속 견조한 흐름…HD한국조선해양·한화오션 엇...",0.0,0,0,https://www.cbci.co.kr/news/articleView.html?idxno=566739
2026-04-09,포스코 ‘직고용’ 결단에 고민 깊어지는 조선업계,0.0,0,0,http://www.newstomato.com/ReadNews.aspx?no=1297285&inflow=N
2026-04-09,"KS인더스트리, 인스코비 최대주주 등극…통신·해양 AI 융합 성장 전략...",0.322,1,0,https://view.asiae.co.kr/article/2026040913310458485
2026-04-09,"KS인더스트리, 인스코비 유상증자 납입 완료…'해양 AI-통신' 융복합 사...",0.0,0,0,https://www.nbntv.kr/news/articleView.html?idxno=339851
2026-04-09,"한국조선업계, 연이어 에너지 운반선 수주... 중동전쟁 최대 수혜자는 ...",0.38,1,0,https://www.livebiz.today/news/articleView.html?idxno=201524
2026-04-09,"KS인더스트리, 인스코비 유상증자 납입…'해양AI·통신' 융복합 추진",0.0,0,0,https://www.mt.co.kr/stock/2026/04/09/2026040911574913150
2026-04-09,"에스엔시스, 중국 난통시와 투자 MOU 맺고 세계 최대 조선 시장 공략 '가...",0.0,0,0,https://www.the-stock.kr/news/articleView.html?idxno=32335
2026-04-09,"조선 빅3 상선 수주 순항, “4월까지 99척, 132억 달러”",0.38,1,0,http://www.thebigdata.co.kr/view.php?ud=20260409113500499570d99e4c8_23
2026-04-09,중동 '2주 휴전'에…철강-조선 원자잿값 협상 '급물살',0.0,0,0,https://www.newsworks.co.kr/news/articleView.html?idxno=837155
2026-04-09,"[리빌딩 인더스트리]삼성중공업, 에너지안보 'FLNG 경쟁력' 재조명",0.0,0,0,https://www.bloter.net/news/articleView.html?idxno=659027
2026-04-09,전쟁 덕까지 보는 K조선… “3사 1분기 영업익은 2조 눈앞”,0.0,0,0,https://biz.chosun.com/industry/company/2026/04/09/QJR7H72S6FDYLL5C6K5BTKWWAM/?utm_source=naver&utm_medium=original&utm_campaign=biz
2026-04-09,"에스엔시스, 中난퉁시와 현지 생산거점 구축 MOU",0.0,0,0,https://www.widedaily.com/news/articleView.html?idxno=291973
2026-04-09,"'상위 1%' 투자 고수, SK하닉 대신 '삼전' 쓸어담은 이유는… [마켓PRO]",0.261,1,0,https://www.hankyung.com/article/202604099222i
2026-04-09,"에스엔시스, 세계 최대 조선 시장 공략 본격화",0.0,0,0,http://www.newstown.co.kr/news/articleView.html?idxno=699859
2026-04-09,"에스엔시스, 중국 난통시와 MOU…현지 생산거점 구축",0.0,0,0,https://www.newspim.com/news/view/20260409000300
2026-04-09,"삼성중공업 주가, 4월 9일 장중 28,350원 0.18% 상승",0.261,1,0,https://www.topstarnews.net/news/articleView.html?idxno=16029658
2026-04-09,"M&A로 몸집 키우는 HD현대마린솔루션, 글로벌 선박 기자재 시장 정조준",0.408,1,0,https://www.pinpointnews.co.kr/news/articleView.html?idxno=444091
2026-04-09,[서울데이터랩]개장 직후 인기 검색 종목 20選,0.0,0,0,https://www.seoul.co.kr/news/economy/securities/2026/04/09/20260409500029?wlog_tag3=naver
2026-04-09,4월 8일 주식시장 주요공시,0.0,0,0,https://www.catchnews.kr/news/articleView.html?idxno=122537
2026-04-09,"에스엔시스, 중국 핵심 조선 클러스터 난통시와 투자 업무협약 체결",0.0,0,0,http://www.edaily.co.kr/news/newspath.asp?newsid=02650246645414480
2026-04-09,"[코스피·코스닥,한화 HD한국조선해양 GS건설 삼부토건 엠앤씨솔루션 J...",0.0,0,0,https://www.public25.com/news/articleView.html?idxno=43687
2026-04-09,4월 9일 개장 전 주요 공시,0.0,0,0,https://www.seoulfn.com/news/articleView.html?idxno=626003
2026-04-09,"[N2 모닝 경제 브리핑-4월 9일] 美증시, 미·이란 휴전에 3대 지수 강세...",0.322,1,0,https://www.news2day.co.kr/article/20260408500150
2026-04-08,거제시장 1년 만에 민심 재확인…민생 회복·내란 심판 쟁점 [6.3 지방선...,0.0,0,0,https://www.idomin.com/news/articleView.html?idxno=2003128
2026-04-11,"中 저가 공세 속 '질'로 승부…조선 3사, 영업익 2조원 예고",0.0,0,0,https://www.dailian.co.kr/news/view/1632132/?sc=Naver
2026-04-11,유가상승시 타격 큰 항공·해운주와 수혜입는 조선·에너지주 간 구체적...,0.892,4,0,https://www.thefairnews.co.kr/news/articleView.html?idxno=74081
2026-04-10,"노란봉투법 재계 '울상' 속 혼자 웃는 조선업… ""하청 처우 개선으로 인...",0.0,0,0,https://www.greened.kr/news/articleView.html?idxno=339155
2026-04-10,"[단독] 호실적 LG전자도 비상경영…재계, 전쟁·춘투 ‘이중고’",0.583,1,0,https://www.sedaily.com/article/20031032?ref=naver
2026-04-10,"휴전 협상 촉각, 코스피 '활짝'...LG·CJ·대한항공·삼성생명 올랐다",0.834,3,0,http://www.choicenews.co.kr/news/articleView.html?idxno=163647
2026-04-10,"'초고부가가치' 심해 플랜트…조선 3사, 남미 해양플랜트 맞춤 대응",0.0,0,0,https://www.mediapen.com/news/view/1092564
2026-04-10,"삼성중공업 주가, 4월 10일 장중 28,600원 1.60% 상승",0.261,1,0,https://www.joongangenews.com/news/articleView.html?idxno=510702
2026-04-10,"에버그린, 한화오션에 LNG 이중연료 컨테이너선 6척 발주 추진",0.0,0,0,http://www.press9.kr/news/articleView.html?idxno=74879
2026-04-10,"거제소방서 관내 출전팀, ‘경남 일반인 심폐소생술 경연대회’ 장려상...",0.0,0,0,http://fpn119.co.kr/249559
2026-04-10,"삼성重, 마스가 추격 본격화…올해 핵심과제로 추진",0.0,0,0,https://biz.heraldcorp.com/article/10714362?ref=naver
2026-04-10,"삼성중공업 주가, 4월 10일 장중 28,900원 2.66% 상승",0.261,1,0,https://www.topstarnews.net/news/articleView.html?idxno=16030848
2026-04-10,"삼성중공업, 2.13% 상승…2597억 규모 소송 변수 속 '수급 반응'",-0.133,1,1,https://www.cbci.co.kr/news/articleView.html?idxno=566963
2026-04-10,[서울데이터랩]개장 직후 인기 검색 종목 20選,0.0,0,0,https://www.seoul.co.kr/news/economy/securities/2026/04/10/20260410500033?wlog_tag3=naver
2026-04-10,[K-조선 글로벌 거점①] 바다 나누는 조선 빅3···美·인도·중동 '삼각...,0.0,0,0,https://www.seoulfn.com/news/articleView.html?idxno=626069
2026-04-10,‘지독한 FLNG 외길’…블랙록이 콕 찍은 삼성중공업,0.0,0,0,https://magazine.hankyung.com/business/article/202604098392b
2026-04-13,"회장 취임 6개월, HD현대 정기선의 홀로서기",0.38,1,0,http://www.fntimes.com/html/view.php?ud=202604110138108866dd55077bc2_18
2026-04-12,"[6.3지방선거 누가 뛰나] 손병복·전찬걸, 국힘 경선 리턴 매...",0.0,0,0,https://www.idaegu.co.kr/news/articleView.html?idxno=544783
2026-04-12,"경남도, 조선산업 대-중소기업 동반성장을 위한 지원에 박차",0.322,1,0,https://www.newsgn.com/news/articleView.html?idxno=546006
2026-04-12,경남도 조선산업 대-중소기업 동반성장 지원,0.322,1,0,http://www.gndomin.com/news/articleView.html?idxno=472056
2026-04-12,"고유가·전쟁 리스크 겹쳤다…K조선, 유조선 발주 급증 '싱글벙글'",0.732,2,0,https://www.ajunews.com/view/20260410152312508
2026-04-12,"경남도, 조선산업 '대기업-中企 동반성장' 박차",0.322,1,0,https://www.siminilbo.co.kr/news/newsview.php?ncode=1160282826087398
2026-04-12,"안전보건공단 경남지역본부, 제조·건설·조선 동시 캠페인 전개",0.0,0,0,https://www.newsgn.com/news/articleView.html?idxno=545768
2026-04-12,"조선 3사, 기술력 빛 봤다…잇따른 수주에 실적 '활짝'",0.38,1,0,https://daily.hankooki.com/news/articleView.html?idxno=1357120
2026-04-12,"거제시보건소, 관내 사업장과 '금연 성공 챌린지'로 건강한 일터 만든다",0.0,0,0,https://www.newsgn.com/news/articleView.html?idxno=545996
2026-04-12,"삼성중공업, 주가 2만8600원으로 상승 마감…월요일 흐름 변수는 '수급·...",0.537,2,0,https://www.cbci.co.kr/news/articleView.html?idxno=567278
2026-04-12,"코스피, 외국인 수급 주목…금리·달러 변수에 '압축 전략'",0.261,1,0,https://news.mtn.co.kr/news-detail/2026041210252183509
2026-04-12,[증시전망] 종전 기대감·불확실성 교차…달러 약세 수혜주 '주목',-0.322,0,1,https://www.digitaltoday.co.kr/news/articleView.html?idxno=656081
2026-04-12,[힘내라 K산업]③ 한화솔루션 1분기 흑자 전망… 유상증자로 미래 태양...,0.0,0,0,https://www.asiatime.co.kr/article/20260409500357
2026-04-12,"정부, 비정규직 임금 손질…조선·철강·車 부담 커진다",0.0,0,0,https://www.ziksir.com/news/articleView.html?idxno=130392
2026-04-11,"[K-조선 글로벌 거점②] MRO부터 군함 신조까지···한화오션, 북미 방...",0.0,0,0,https://www.seoulfn.com/news/articleView.html?idxno=626223
2026-04-11,'수주 대박' 온기 협력사까지…경남 조선업 상생협력 지원 확대,0.38,1,0,https://www.nocutnews.co.kr/news/6500662?utm_source=naver&utm_medium=article&utm_campaign=20260411125730
2026-04-11,"조선3사, 선별 수주 통했다...1Q 영업익 2조 육박",0.38,1,0,http://www.hansbiz.co.kr/news/articleView.html?idxno=832108
2026-04-11,4월 2주차 삼성중공업 주가 28550원 마감 상승 흐름,0.261,1,0,https://www.topstarnews.net/news/articleView.html?idxno=16031784
2026-04-11,“LNG 화물창 기술 없어 외화유출 계속…국산화 위해 정부가 금융 지원...,0.0,0,0,https://biz.heraldcorp.com/article/10714671?ref=naver
2026-04-14,"""두 마리 토끼 잡았다""...조선 빅3, 고수익·분업으로 '슈퍼사이클 2막'",0.625,2,0,https://www.ebn.co.kr/news/articleView.html?idxno=1705215
2026-04-14,코너 몰린 배터리·철강 “AI 전환은 생존과 직결된 과제”,0.0,0,0,https://www.joongang.co.kr/article/25419836
2026-04-13,"현대 ‘플랫폼’, 삼성 ‘옵션’, 한화 ‘특수선’…조선 빅3의 자율운...",0.0,0,0,https://www.hani.co.kr/arti/economy/economy_general/1254034.html
2026-04-13,"삼성·SK ·CJ 속속 투입…연구실 밖 나온 로봇, 다음은 양산 차례",0.0,0,0,http://www.edaily.co.kr/news/newspath.asp?newsid=04752726645415792
2026-04-13,SPC삼립 공장 절단 사고···'24시간 생산' 왜 문제인가,0.0,0,0,https://www.laborplus.co.kr/news/articleView.html?idxno=40659
2026-04-13,"지배구조 꼴찌 한화오션, 배당없는 배당제도 개선으로 생색?",0.0,0,0,https://www.straightnews.co.kr/news/articleView.html?idxno=300054
2026-04-13,미·이란 협상 결렬 속 5800선 방어···개인 '사자'에 낙폭 줄여,-0.261,0,1,https://www.seoulfn.com/news/articleView.html?idxno=626409
2026-04-13,“AX는 생존위한 과제” 어려울수록 AI전환 외치는 K배터리·철강,0.0,0,0,https://www.joongang.co.kr/article/25419753
2026-04-13,"경남도, 조선산업 기업간 동반성장 지원 박차",0.322,1,0,https://www.geconomy.co.kr/news/article.html?no=319181
2026-04-13,조선 3사 호황…고부가 LNG船 잇단 수주,0.38,1,0,https://www.hankyung.com/article/2026041362191
2026-04-13,[마감시황] 미·이란 협상 결렬에 코스피 5808 후퇴…개인 '사자'로 낙폭...,-0.261,0,1,https://www.newspim.com/news/view/20260413001013
2026-04-13,"중동 악재, 코스피 '하락'...삼성전자 & 조선·철강주 '뚝'",-0.261,0,1,http://www.choicenews.co.kr/news/articleView.html?idxno=163749
2026-04-13,"美 아마존, '90억 달러' 우주 베팅…한국 주력 산업에 호재인 까닭은",0.0,0,0,http://www.opinionnews.co.kr/news/articleView.html?idxno=136680
2026-04-13,"K-조선, 경쟁력 확보 위한 '상생모델' 확산...분업·성과 공유",0.0,0,0,https://www.joongangenews.com/news/articleView.html?idxno=511183
2026-04-13,"삼성중공업 주가, 4월 13일 장중 27,600원 3.33% 하락",-0.261,0,1,https://www.joongangenews.com/news/articleView.html?idxno=511160
2026-04-13,"티엠씨, 전장사업 품고 영역 확장… 종합 케이블 솔루션 도약",-0.261,0,1,https://www.pinpointnews.co.kr/news/articleView.html?idxno=445042
2026-04-13,"[피벗 인사이트] ""배만 만들어 파는 시대는 끝났다""…조선업, '구독형 서...",0.0,0,0,http://www.dailypop.kr/news/articleView.html?idxno=97980
2026-04-13,"중동 악화 속, 국내 조선주 '장중 뚝'...LNG선 수주는?",0.133,1,1,http://www.choicenews.co.kr/news/articleView.html?idxno=163724
2026-04-13,"‘조선업 AX 선도’ 삼성중공업, 지능형 자율 운영 조선소로 패러다임 ...",0.261,1,0,https://www.kukinews.com/article/view/kuk202603310177
2026-04-13,"삼성중공업 주가, 4월 13일 장중 27,800원 2.62% 하락",-0.261,0,1,https://www.topstarnews.net/news/articleView.html?idxno=16033207
2026-04-13,"""카타르에너지 LNG선 신조 일정 변경 없다""…韓 조선 3사, 선박 인도 지...",0.38,1,0,https://www.theguru.co.kr/news/article.html?no=100464
2026-04-13,"조선업계, '친환경 선박' 훈풍…다음 키워드는 암모니아",0.0,0,0,https://www.newsway.co.kr/news/view?ud=2026041017095323368
2026-04-13,中 조선 점유율 70% ‘독식’…K-조선 ‘기술 우위’도 흔들,0.38,1,0,https://www.ekn.kr/web/view.php?key=20260413029436277
2026-04-13,"'美 금리 인하+달러 약세' 기대…""삼전·SK하닉, 외인 유입 가능성""",0.351,2,1,https://news.einfomax.co.kr/news/articleView.html?idxno=4409110
2026-04-13,"삼성중공업, 해양부문이 수익성 개선 이끌 것…'매수'-메리츠",0.0,0,0,http://www.edaily.co.kr/news/newspath.asp?newsid=01948326645415792
2026-04-13,[모닝 리포트] 달러 약세 기조…삼성전자·하이닉스 외국인 자금 유입 ...,-0.067,1,1,https://www.newspim.com/news/view/20260413000027
2026-04-14,조선업 훈풍 부나?…“지역 인재 채용 재개”,0.0,0,0,https://news.kbs.co.kr/news/pc/view/view.do?ncd=8535836&ref=A
2026-04-14,한화오션 내년부터 거제 청년 20명 채용,0.0,0,0,https://news.knn.co.kr/news/article/186465
2026-04-14,"[EBN 오늘(14일) 이슈 종합] 삼성중공업, 에너지에서 방산으로·4대지주...",0.0,0,0,https://www.ebn.co.kr/news/articleView.html?idxno=1705438
2026-04-14,[증권가 중계] 한국투자증권·NH투자증권·한화투자증권·대신증권·LS증...,0.0,0,0,http://www.bizwnews.com/news/articleView.html?idxno=133669
2026-04-14,"한화투자증권, 2026년 상반기 신입사원 채용 진행 外",0.0,0,0,https://www.rcast.co.kr/news/articleView.html?idxno=30523
2026-04-14,"[산업공시] 동원산업, 동원건설산업 1980억원 채무보증 등",0.0,0,0,https://www.econovill.com/news/articleView.html?idxno=737286
2026-04-14,부산 중견기업·스타트업 연결…전국구로 키운다,0.0,0,0,http://www.kookje.co.kr/news2011/asp/newsbody.asp?code=0200&key=20260415.22012003651
2026-04-14,"조선 빅3, 1분기 '어닝 시즌' 기대감 고조",0.38,1,0,https://www.bigtanews.co.kr/article/view/big202604140009
2026-04-14,"""시장 상황과 무관한 수익 모색""…한국투자증권, ELW 461종목 신규 상장",0.0,0,0,https://www.dailian.co.kr/news/view/1633531/?sc=Naver
2026-04-14,한화오션 10년간 거제공고 3학년생 취업 0명…내년부터 10명 뽑는다,0.0,0,0,https://www.idomin.com/news/articleView.html?idxno=2003576
2026-04-14,"한국투자증권, ELW 461종목 신규 상장",0.0,0,0,https://economist.co.kr/article/view/ecn202604140060
2026-04-14,"한투證, 삼전 등 기초자산으로 하는 ELW 461개 종목 상장",0.0,0,0,https://www.mt.co.kr/stock/2026/04/14/2026041417262823652
2026-04-14,"한국투자증권, 주식워런트증권 461종목 신규 상장",0.0,0,0,http://www.segyebiz.com/newsView/20260414520424?OutUrl=naver
2026-04-14,"[오늘의 주요공시·14일] KCC건설, 2388억 규모 공동주택 신축공사 수주",0.38,1,0,https://www.safetimes.co.kr/news/articleView.html?idxno=241755
2026-04-14,유조선 품귀에 신조선가 2주 연속 상승…조선사들 高마진 기대 [비즈360...,0.261,1,0,https://biz.heraldcorp.com/article/10716612?ref=naver
2026-04-14,"시장지배력 정조준...한국투자증권, ELW 461종목 신규 상장",0.0,0,0,https://www.financialpost.co.kr/news/articleView.html?idxno=255481
2026-04-14,상선 중심 회복 넘어 군함까지…조선업계 수주 기반 확대,0.38,1,0,http://www.metroseoul.co.kr/article/20260414500471
2026-04-14,[오늘의 주요공시] 다이소·엔씨소프트·한진 등,0.261,1,0,https://www.etoday.co.kr/news/view/2575698
2026-04-14,기업공시 [4월 14일],0.0,0,0,https://www.sedaily.com/article/20032389?ref=naver
2026-04-14,‘거제에 진심’…한화오션 매년 지역 인재 20명 채용한다,0.0,0,0,https://www.busan.com/view/busan/view.php?code=2026041415145779677
2026-04-14,"[증권 & Now] 한국투자증권, ELW 461종목 신규 상장 등",0.0,0,0,https://www.ebn.co.kr/news/articleView.html?idxno=1705414
2026-04-14,"한국투자증권, ELW 461종목 신규 상장…시장 지배력 강화",0.0,0,0,http://www.lkp.news/news/articleView.html?idxno=79176
2026-04-14,[증권가로수]신한증권/한양증권/한투증권/대신증권/키움증권/NH투자증권...,0.0,0,0,https://www.dnews.co.kr/uhtml/view.jsp?idxno=202604140911468400106
2026-04-14,"한국투자증권, ELW 461종목 신규 상장…지수·종목형 상품 확대",0.0,0,0,https://weekly.cnbnews.com/news/article.html?no=212008
2026-04-14,"""우리 탄소 포집 기술, 국제 표준으로"" 해수부 등 협의체 구성",0.0,0,0,https://www.nocutnews.co.kr/news/6502130?utm_source=naver&utm_medium=article&utm_campaign=20260414034905
2026-04-14,[금융家 브리핑]대출 관리 강화부터 우주ETF까지···금융가 '신규 서비...,0.0,0,0,https://www.smartbizn.com/news/articleView.html?idxno=141862
2026-04-14,"한국주강, 삼성중공업과 30억7421만3989원 규모 조선기자재 공급 계약 체...",0.0,0,0,https://www.digitaltoday.co.kr/news/articleView.html?idxno=656759
2026-04-14,1분기 호실적 예고 조선3사...2Q도 고부가 선박 수주 '호조',0.788,2,0,https://www.newspim.com/news/view/20260414001091
2026-04-14,한국투자증권 지수형·종목형 ELW 461종목 신규상장,0.0,0,0,https://www.inthenews.co.kr/news/article.html?no=85583
2026-04-14,"삼성중공업, 에너지에서 방산으로…'마스가'로 美 사업 판 키운다",0.0,0,0,https://www.ebn.co.kr/news/articleView.html?idxno=1705382
2026-04-14,선박 배기가스 탄소포집장치 국제기준 개발 협의체 발족,0.0,0,0,http://www.e2news.com/news/articleView.html?idxno=329515
2026-04-14,한투증권 '코스피200 기초자산' ELW 461종목 신규 상장,0.0,0,0,https://www.catchnews.kr/news/articleView.html?idxno=122737
2026-04-14,[오늘의 新금융] 우리카드·한국투자증권·대신증권,0.0,0,0,http://www.financialreview.co.kr/news/articleView.html?idxno=41630
2026-04-14,"한국투자증권, ELW 461종목 신규 상장…파생상품 라인업 확대",0.261,1,0,https://www.polinews.co.kr/news/articleView.html?idxno=728403
2026-04-14,"한국주강, 31억 규모 조선기자재 선미주강품 공급 계약",0.0,0,0,https://view.asiae.co.kr/article/2026041413430266444
2026-04-14,"한국주강, 삼성중공업과 30억 7천만 원대 조선기자재 공급→거제시 사업...",0.0,0,0,https://www.topstarnews.net/news/articleView.html?idxno=16034417
2026-04-14,"""삼성중공업, 본격 마진 개선은 2분기부터…2도크 가동으로 연간 4∼5척...",0.0,0,0,https://www.newsquest.co.kr/news/articleView.html?idxno=264697
2026-04-14,'선박 탄소포집 기술' 국제 표준 선점 위한 협의체 출범,0.0,0,0,http://www.e-platform.net/news/articleView.html?idxno=101445
2026-04-14,[민주 재테크] 한국투자증권·미래에셋자산운용·대신증권,0.0,0,0,http://www.iminju.net/news/articleView.html?idxno=162530
2026-04-14,"해수부, 조선·해운업계와 '선상탄소포집장치' 국제기준 협의체 출범",0.0,0,0,http://www.enewstoday.co.kr/news/articleView.html?idxno=2418527
2026-04-14,"[경제소식] 신한투자증권 ""RIA 고객, 국내 우량주·지수추종 ETF로 이동""",0.0,0,0,http://www.4th.kr/news/articleView.html?idxno=2110416
2026-04-14,"한투證, 지수·종목형 ELW 상장…콜·풋 양방향 투자",0.0,0,0,http://www.fnnews.com/news/202604141136580360
2026-04-14,선박 탄소포집 국제기준 선점 나선다…민관 협의체 출범,0.0,0,0,https://www.mediapen.com/news/view/1093206
2026-04-14,"해수부, 선박 탄소포집 기술 국제 표준 선점 위한 협의체 가동",0.0,0,0,https://www.mt.co.kr/economy/2026/04/14/2026041411184245079
2026-04-14,"한국투자증권, 461종목 신규 상장...ELW 시장 확대",0.0,0,0,https://www.job-post.co.kr/news/articleView.html?idxno=213474
2026-04-14,"해수부, 선박 탄소포집 기술 국제표준 선점 위한 협의체 출범",0.0,0,0,https://news.einfomax.co.kr/news/articleView.html?idxno=4409409
2026-04-14,"해수부, 선상탄소포집장치 IMO 기준 개발 추진",0.0,0,0,https://www.dailian.co.kr/news/view/1633076/?sc=Naver
2026-04-14,"‘선박 탄소포집 기술, 국제 표준 선점하자’… 해양 ‘어벤저스’ 결성",0.0,0,0,https://biz.chosun.com/topics/topics_social/2026/04/14/YURG3X4VDJHFBC3OJ4U4QAKBF4/?utm_source=naver&utm_medium=original&utm_campaign=biz
2026-04-14,해수부·해양업계 '선박 탄소포집 기술 개발' 협의체 출범,0.0,0,0,https://www.newsis.com/view/NISX20260414_0003589902
2026-04-14,"삼성중공업 주가, 4월 14일 장중 27,700원 0.36% 상승",0.261,1,0,https://www.topstarnews.net/news/articleView.html?idxno=16034274
2026-04-14,"티엠씨, KEPIC 인증 확보로 원전 시장 공략… 북미 진출 가속도",0.261,1,0,https://www.pinpointnews.co.kr/news/articleView.html?idxno=445319
2026-04-14,선박 탄소포집 기술 국제표준 선점 위한 협의체 가동,0.0,0,0,https://www.busan.com/view/busan/view.php?code=2026041408535818710
2026-04-14,"한국투자증권, ELW 461종목 신규 상장…시장 점유율 1위 굳히기",0.0,0,0,https://www.thefairnews.co.kr/news/articleView.html?idxno=74287
2026-04-14,"""하락장서도 수익 기회"" 한국투자증권, 삼성전자·한화에어로 등 ELW 상...",-0.261,0,1,https://www.asiaa.co.kr/news/articleView.html?idxno=246301
2026-04-14,"[K-조선 글로벌 거점③] 동남아·인도 생산 거점 강화···HD현대, 아시...",0.0,0,0,https://www.seoulfn.com/news/articleView.html?idxno=626369
2026-04-13,"삼성·SK ·CJ 속속 투입…연구실 밖 나온 로봇, 양산 속도 낸다",0.0,0,0,http://www.edaily.co.kr/news/newspath.asp?newsid=04752726645415792
2026-04-16,"로봇이 드디어 앞을 볼 수 있게 됐다, 한국 스타트업의 혁신 기술",0.0,0,0,https://www.chosun.com/economy/startup_story/2026/04/14/2LX4XPMZBZDSRG3NLUXUP4NXIQ/?utm_source=naver&utm_medium=referral&utm_campaign=naver-news
2026-04-15,"강태영 NH농협은행장, 경남권 생산적 금융 현장경영",0.0,0,0,http://www.whitepaper.co.kr/news/articleView.html?idxno=261093
2026-04-15,"LNG선 다음 장은 친환경 선박… HD한국조선해양, 수익성 사이클 다시 연...",0.0,0,0,https://www.pressman.kr/news/articleView.html?idxno=101332
2026-04-15,"강태영 NH농협은행장, 경남 현장 찾아 금융지원 논의",0.0,0,0,http://www.hansbiz.co.kr/news/articleView.html?idxno=832960
2026-04-15,경남서 기술·투자·문화 융합 '창업축제' 열린다,0.0,0,0,https://www.gnnews.co.kr/news/articleView.html?idxno=634959
2026-04-15,취업 잘되는 분야 중심으로 교육과정 개편,0.0,0,0,https://www.kmib.co.kr/article/view.asp?arcid=1776240123&code=11131100&cp=nv
2026-04-15,[은행 뉴스브리핑] 강태영 농협은행장 경남권역 전략산업 현장경영,0.0,0,0,https://www.asiatime.co.kr/article/20260415500426
2026-04-15,"강태영 농협은행장, 경남서 생산적 금융 현장경영 실시",0.0,0,0,https://www.nocutnews.co.kr/news/6503032?utm_source=naver&utm_medium=article&utm_campaign=20260415053418
2026-04-15,[뱅크 NOW] NH농협은행·BNK부산은행·토스뱅크,0.0,0,0,http://www.wikileaks-kr.org/news/articleView.html?idxno=186316
2026-04-15,"강태영 NH농협은행장, 경남권 현장경영…해양·항공·방산 금융지원 강...",0.0,0,0,https://www.cnbizm.com/news/articleView.html?idxno=300026
2026-04-15,"[경남농협] NH농협 창녕군지부, 4개 시군 상생협의회 개최…“농협법 개...",0.0,0,0,https://www.kukinews.com/article/view/kuk202604150191
2026-04-15,거제시 고현항 매립지에 5성급 호텔·컨벤션 센터 조성,0.0,0,0,https://www.idomin.com/news/articleView.html?idxno=2003654
2026-04-15,강태영 NH농협은행장 경남 현장경영,0.0,0,0,https://www.idomin.com/news/articleView.html?idxno=2003636
2026-04-15,거제시에 5성급 프리미엄 호텔 들어선다,0.322,1,0,https://www.newsgn.com/news/articleView.html?idxno=546952
2026-04-15,"NH농협은행 강태영 은행장, 경남 찾아 현장경영…해양·항공·방산 금융...",0.0,0,0,https://www.econovill.com/news/articleView.html?idxno=737402
2026-04-15,"강태영 NH농협은행 은행장, 경남권역 방문 현장경영",0.0,0,0,https://www.businesskorea.co.kr/news/articleView.html?idxno=267779
2026-04-15,"강태영 NH농협은행장,경남권역 생산적 금융 위한 현장경영 실시",0.0,0,0,http://www.thefirstmedia.net/news/articleView.html?idxno=197984
2026-04-15,"삼성전기, 삼성중공업 지분 '4배' 잭팟…누적 평가익 기판 영업익 '2.4배...",0.261,1,0,https://www.greened.kr/news/articleView.html?idxno=339314
2026-04-15,"강태영 NH농협은행장, 경남권역 현장경영 통해 생산적 금융 강화",0.0,0,0,https://www.job-post.co.kr/news/articleView.html?idxno=213613
2026-04-15,"강태영 NH농협은행장, 경남권역 현장경영",0.0,0,0,http://www.metroseoul.co.kr/article/20260415500393
2026-04-15,"강태영 NH농협은행장, 경남권역 지역 전략산업 현장 점검",0.0,0,0,https://www.fetv.co.kr/news/articleView.html?idxno=300362
2026-04-15,"강태영 NH농협은행장, ""지역과 동반 성장하는 생산적 금융 지속 확대""",0.322,1,0,http://www.popcornnews.net/news/articleView.html?idxno=118421
2026-04-15,"삼성중공업 주가, 4월 15일 장중 28,200원 1.08% 상승",0.261,1,0,https://www.joongangenews.com/news/articleView.html?idxno=511904
2026-04-15,[더밸류 브리핑] 오늘의 NH농협은행 소식...NH농협은행·NH농협카드,0.0,0,0,http://www.thevaluenews.co.kr/news/view.php?idx=198096
2026-04-15,[더밸류 브리핑] 증권사 소식…한국투자증권·삼성증권·대신증권,0.0,0,0,http://www.thevaluenews.co.kr/news/view.php?idx=198088
2026-04-15,"[금융 이모저모] 강태영 NH농협은행장, 경남권역 생산적금융을 위한 현...",0.0,0,0,https://www.greened.kr/news/articleView.html?idxno=339306
2026-04-15,"강태영 NH농협은행장, 경남 산업현장 점검…생산적 금융으로 해양·항공...",0.0,0,0,http://www.newsian.co.kr/news/articleView.html?idxno=88553
2026-04-15,"강태영 NH농협은행장, 경남권역 생산적 금융 위해 현장 방문",0.0,0,0,https://www.newsis.com/view/NISX20260415_0003592346
2026-04-15,"삼성중공업·한화오션 ""수주 기대에 기름 부었다""…조선주 다시 꿈틀",0.583,2,0,https://www.cbci.co.kr/news/articleView.html?idxno=568008
2026-04-15,글로벌 창업축제 'GSAT 2026' 29~30일 창원서 열린다,0.0,0,0,https://www.newsis.com/view/NISX20260415_0003592149
2026-04-15,"[경제소식] 신한투자증권, C-Level 연금컨설팅 강화",0.0,0,0,http://www.4th.kr/news/articleView.html?idxno=2110465
2026-04-15,"NH농협은행, 현장 밀착·정책 연계로 생산적 금융 확대",0.0,0,0,https://www.ezyeconomy.com/news/articleView.html?idxno=234745
2026-04-15,HD한국조선해양 주가 힘찬 뱃고동… 고부가가치 선박 위주 수주 부각,0.583,2,0,https://www.pinpointnews.co.kr/news/articleView.html?idxno=445644
2026-04-15,"강태영 NH농협은행장, 경남권역 생산적 금융 위한 현장경영 실시",0.0,0,0,https://www.thepublic.kr/news/articleView.html?idxno=301173
2026-04-15,미래에셋자산운용 BNK부산은행 KB손보 外(금융 레이더),0.0,0,0,https://www.newsclaim.co.kr/news/articleView.html?idxno=3060755
2026-04-15,"강태영 NH농협은행장, 경남권역 생산적 금융 현장경영…‘해양·항공·방...",0.0,0,0,http://www.beyondpost.co.kr/view.php?ud=202604151125199744be44c0aacd_30
2026-04-15,"강태영 농협은행장, 경남 현장경영 본격화…해양·항공·방산 금융지원",0.0,0,0,https://www.cstimes.com/news/articleView.html?idxno=702040
2026-04-15,"강태영 NH농협은행 은행장, 경남권역 생산적 금융 위한 현장경영 실시",0.0,0,0,http://www.wsobi.com/news/articleView.html?idxno=310213
2026-04-15,경남 창업페스티벌 'GSAT 2026' 29일 개막…'피지컬 AI' 주제,0.0,0,0,https://www.yna.co.kr/view/AKR20260415048300052?input=1195m
2026-04-15,"NH농협은행 강태영 은행장, 경남권역 생산적 금융 위한 현장경영 실시",0.0,0,0,http://www.paxetv.com/news/articleView.html?idxno=269594
2026-04-15,"강태영 NH농협은행장, 경남권역서 생산적 금융 현장경영 실시",0.0,0,0,https://www.joongangenews.com/news/articleView.html?idxno=511786
2026-04-15,"삼성중공업 주가, 4월 15일 장중 28,250원 1.25% 상승",0.261,1,0,https://www.topstarnews.net/news/articleView.html?idxno=16035129
2026-04-15,"경남 찾은 강태영 농협은행장 ""제조업 거점 금융 지원 확대""",0.0,0,0,http://www.fnnews.com/news/202604151028390519
2026-04-15,"NH농협은행 강태영 은행장, 생산적 금융 현장경영..경남권역 전략산업 ...",0.0,0,0,https://kpenews.com/View.aspx?No=4042309
2026-04-15,"강태영 농협은행장, 경남권역 생산적 금융 위한 현장경영 실시",0.0,0,0,http://www.dailysmart.co.kr/news/articleView.html?idxno=122667
2026-04-15,"강태영 농협은행장 ""경남권역, 韓 제조업 핵심거점…생산적 금융 지속 ...",0.0,0,0,http://www.iminju.net/news/articleView.html?idxno=162584
2026-04-15,"NH농협은행 강태영 은행장, 경남권역 현장경영…""해양항공방산 지원 강...",0.0,0,0,https://www.nextdaily.co.kr/news/articleView.html?idxno=248487
2026-04-15,"강태영 농협은행장 ""경남, 제조업 핵심거점…생산적금융 확대""",0.0,0,0,https://www.mt.co.kr/finance/2026/04/15/2026041509441863817
2026-04-15,"강태영 NH농협은행장, 경남권역 현장 방문…생산적금융 확대 도모",0.0,0,0,https://www.1conomynews.co.kr/news/articleView.html?idxno=48065
2026-04-15,"강태영 농협은행장, 경남권 K-산업 현장경영…‘해양·항공·방산’ 전...",0.38,1,0,https://www.dt.co.kr/article/12057502?ref=naver
2026-04-15,"NH농협은행 강태영 은행장, 경남권역 생산적 금융을 위한 현장경영 실시",0.0,0,0,https://www.newsquest.co.kr/news/articleView.html?idxno=264737
2026-04-15,[금융권 소식] 신한은행ㆍNH농협은행ㆍBNK부산은행(4.15),0.0,0,0,http://www.weeklytoday.com/news/articleView.html?idxno=771031
2026-04-15,"강태영 농협은행장 ""제조업 핵심 경남권, 기업 금융니즈 적극 대응""",0.0,0,0,https://www.newsis.com/view/NISX20260415_0003591854
2026-04-15,"강태영 농협은행장, 경남지역 기업 찾아 생산적 금융 현장경영",0.0,0,0,http://www.edaily.co.kr/news/newspath.asp?newsid=03034006645416448
2026-04-15,NH농협은행 강태영 은행장 경남권역 현장경영…지역 전략산업 점검,0.0,0,0,https://www.delighti.co.kr/news/articleView.html?idxno=115143
2026-04-15,"강태영 농협은행장, 경남 찾아 해양·항공·방산 현장 점검",0.0,0,0,http://www.srtimes.kr/news/articleView.html?idxno=201247
2026-04-15,지역 인재 키워서 쓴다..인재 육성 기반은 ′흔들′,0.0,0,0,https://mbcgn.kr/01_new/new01_view.asp?idx=407378
2026-04-15,[ND 은행] 토스뱅크·우리은행·농협은행,0.322,1,0,http://www.newsdream.kr/news/articleView.html?idxno=111317
2026-04-15,"[CEO 직썰] 강태영 NH농협은행장 ""현장 중심 금융지원, 지역과 동반 성장...",0.322,1,0,https://www.ziksir.com/news/articleView.html?idxno=130819
2026-04-15,"강태영 농협은행장 ""지역과 동반 성장, 생산적 금융 지속 확대해 나걸 ...",0.322,1,0,http://www.newsroad.co.kr/news/articleView.html?idxno=57939
2026-04-15,"NH농협은행 강태영 은행장, 경남권역 현장서 금융지원 및 상생협력 논의",0.0,0,0,https://www.handmk.com/news/articleView.html?idxno=37183
2026-04-15,"강태영 농협은행장, 현장경영 실시...""경남권역 생산적 금융 지원""",0.0,0,0,http://www.globalepic.co.kr/view.php?ud=2026041509042844597cc35ccc5c_29
2026-04-15,"NH농협은행 ""강태영 은행장, 경남권역 생산적금융을 위한 현장경영 실시...",0.0,0,0,https://www.sentv.co.kr/article/view/sentv202604150022
2026-04-15,"강태영 농협은행장, 경남 '조선·방산·항공' 벨트 결집…금융 지원 특...",0.0,0,0,https://www.thefairnews.co.kr/news/articleView.html?idxno=74387
2026-04-15,"강태영 농협은행장, 경남 현장경영 실시…""생산적 금융 확대할 것""",0.0,0,0,https://view.asiae.co.kr/article/2026041508593288692
2026-04-15,"창원 찾은 강태영 NH농협은행장…""현장 중심 금융지원 확대""",0.0,0,0,https://www.ajunews.com/view/20260415083206941
2026-04-15,4월 14일 주식시장 주요공시,0.0,0,0,https://www.catchnews.kr/news/articleView.html?idxno=122773
2026-04-15,"강태영 농협은행장, 경남서 ‘생산적 금융’ 현장경영",0.0,0,0,https://www.busan.com/view/busan/view.php?code=2026041508362984094
2026-04-15,"한화엔진, 고수익성 레벨 향해 구조적 상승 전망…목표가↑-메리츠",0.261,1,0,http://www.edaily.co.kr/news/newspath.asp?newsid=02414086645416448
2026-04-15,조선업 훈풍 부나?…“지역 인재 채용 재개”,0.0,0,0,https://news.kbs.co.kr/news/pc/view/view.do?ncd=8536121&ref=A
2026-04-15,"[코스피·코스닥,고려아연 KCC건설 진흥기업 엔씨소프트 동원산업 한국...",0.0,0,0,https://www.public25.com/news/articleView.html?idxno=44188
2026-04-15,"[N2 모닝 경제 브리핑-4월 15일] 美증시, 미·이란 협상 재개 기대에 '상...",0.0,0,0,https://www.news2day.co.kr/article/20260414500074
2026-04-16,"삼성중공업, GD NASSCO와 美 군수지원함·자동화 기술 협력 강화",0.0,0,0,https://www.webeconomy.co.kr/news/articleView.html?idxno=2144295
2026-04-16,거제시 최초 컨벤션센터 갖춘 5성급 호텔 추진,0.322,1,0,http://www.gnmaeil.com/news/articleView.html?idxno=584751
2026-04-16,"삼성중, 美 해군 군수지원함 건조사업 진출",0.0,0,0,http://www.gnmaeil.com/news/articleView.html?idxno=584778
2026-04-16,"美 나스코, 삼성중공업 방문…마스가 협력 속도",0.0,0,0,https://www.hankyung.com/article/202604166725i
2026-04-16,GD NASSCO 경영진 삼성重 방문해 전략적 협력 강화,0.0,0,0,https://www.gnnews.co.kr/news/articleView.html?idxno=635101
2026-04-16,거제 고현항 매립지에 5성급 '호텔·컨벤션' 들어선다,0.322,1,0,https://www.gnnews.co.kr/news/articleView.html?idxno=635081
2026-04-16,[브리프] 삼성중공업 포스코퓨처엠 LS일렉트릭 현대일렉트릭 한국타이어...,0.0,0,0,http://www.biztribune.co.kr/news/articleView.html?idxno=352543
2026-04-16,"부산창경, 스마트해양 스타트업 육성 프로그램 가동…액셀러레이팅·밋...",0.0,0,0,https://www.venturesquare.net/1076636/
2026-04-16,114개 '혁신 파트너' 뜬다…창원서 창업 축제,0.0,0,0,https://www.hankyung.com/article/2026041663741
2026-04-16,"삼성重, 美 함정에 자동화 기술 심는다… GD 나스코와 맞손",0.0,0,0,http://www.fnnews.com/news/202604161809309033
2026-04-16,GD NASSCO 경영진 삼성중공업 방문…전략적 협력 강화,0.0,0,0,http://www.lawissue.co.kr/view.php?ud=20260416180243957267191f6c6e_12
2026-04-16,"삼성중공업, 美나스코와 전략적 협력 강화",0.0,0,0,http://www.gndomin.com/news/articleView.html?idxno=472713
2026-04-16,거제시에 5성급 프리미엄 호텔 들어선다,0.322,1,0,http://www.gndomin.com/news/articleView.html?idxno=472697
2026-04-16,"삼성重, 나스코와 손잡고 美 차세대 군수지원함 사업 가속",0.0,0,0,https://www.sedaily.com/article/20033480?ref=naver
2026-04-16,"[이슈] 삼성중공업, 美 조선사와 '동맹' 본격화…차세대 군수지원함 '박...",0.0,0,0,https://www.startuptoday.co.kr/news/articleView.html?idxno=610144
2026-04-16,[코스피 지수선물 옵션] 삼성전자·SK하이닉스 선물 훨훨…삼천당제약은...,0.537,2,0,https://www.pinpointnews.co.kr/news/articleView.html?idxno=446136
2026-04-16,"[로드뷰] ""슬롯은 닫히고, 기술은 열린다""… 대한조선·삼성重, 조선 판...",0.38,1,0,http://www.newsroad.co.kr/news/articleView.html?idxno=58038
2026-04-16,[단독] ‘한·미 조선해양 기술협력센터’ 워싱턴D.C.에 세운다… 나머...,0.0,0,0,https://biz.chosun.com/industry/company/2026/04/16/HXB6FQ3HDZCAHNCBB2NKI25S3A/?utm_source=naver&utm_medium=original&utm_campaign=biz
2026-04-16,"농협은행, 'STX 악몽' 딛고 조선업에 '생산적금융' 늘린다",0.0,0,0,https://www.insightkorea.co.kr/news/articleView.html?idxno=244811
2026-04-16,"삼성·LG전자, 스마트글라스 경쟁 '본격화'…시장 커지나",0.0,0,0,http://www.srtimes.kr/news/articleView.html?idxno=201403
2026-04-16,"중동 기대 지속, 코스피 '또 급등'...車 · 한화계열 '껑충'",0.408,1,0,http://www.choicenews.co.kr/news/articleView.html?idxno=163943
2026-04-16,"삼성중공업, 지디 나스코와 전략적 협력 강화한다",0.0,0,0,https://news.mtn.co.kr/news-detail/2026041616061772325
2026-04-16,"부산창경, 스마트 해양 분야 스타트업 집중 육성",0.0,0,0,http://www.kookje.co.kr/news2011/asp/newsbody.asp?code=0200&key=20260416.99099004733
2026-04-16,"OSA 기반 스마트해양 스타트업 육성…부산창경, 액셀러레이팅·밋업 동...",0.0,0,0,https://www.viva100.com/article/20260416501076
2026-04-16,"삼성重, 나스코와 '자동화 협력' 전면화…미국 조선 공략 보폭 넓힌다",0.0,0,0,https://www.m-i.kr/news/articleView.html?idxno=1365106
2026-04-16,"삼성중공업, 美 GD NASSCO와 협력 확대… 군수지원함 사업 논의",0.0,0,0,http://www.biztribune.co.kr/news/articleView.html?idxno=352513
2026-04-16,"[중화학 ON] 나스코 경영진, 삼성중공업 방문 外",0.0,0,0,https://dealsite.co.kr/articles/160315
2026-04-16,"삼성重, 美조선사 나스코와 협력 논의…“군수지원함 협력 강화”",0.0,0,0,https://www.mk.co.kr/article/12018852
2026-04-16,"삼성중공업, 미국 나스코와 전략적 동맹…차세대 군수지원함·자동화 밀...",0.0,0,0,https://www.mediapen.com/news/view/1093781
2026-04-16,"삼성중공업 주가, 4월 16일 장중 28,500원 1.42% 상승",0.261,1,0,https://www.joongangenews.com/news/articleView.html?idxno=512337
2026-04-16,네거티브 빗장 푼 로봇 특구…중후장대 무인화 트리거 당긴다,0.0,0,0,https://www.mediapen.com/news/view/1093770
2026-04-16,"[금융zip] 신협, 청각장애인 대면상담 돕는 AI '손소리온' 도입 外",0.0,0,0,https://www.getnews.co.kr/news/articleView.html?idxno=867916
2026-04-16,거제시 고현항에 5성급 프리미엄 호텔 건립,0.322,1,0,http://www.enewstoday.co.kr/news/articleView.html?idxno=2419678
2026-04-16,"조선 3사, 고부가 선박 수주 랠리… 중동 리스크·美 LNG 확대 기대 맞물...",0.38,1,0,https://sateconomy.co.kr/news/view/1065602460242353
2026-04-16,"삼성중공업, 美 나스코와 협력 확대…군수지원함·자동화 기술 ‘맞손’",0.0,0,0,https://www.news2day.co.kr/article/20260416500151
2026-04-16,"삼성중공업, 美 나스코와 맞손…NGLS·자동화까지 협력 확장",0.0,0,0,https://www.insightkorea.co.kr/news/articleView.html?idxno=244798
2026-04-16,"삼성중공업, 美 조선사 나스코와 협력 모색",0.0,0,0,https://www.etnews.com/20260416000251
2026-04-16,"거제 찾은 美 나스코...삼성重, '설계 넘어 기술 협력' 확대",0.0,0,0,https://www.ebn.co.kr/news/articleView.html?idxno=1705634
2026-04-16,삼성重 찾은 美 나스코 경영진…군수지원함 계기 전략적 협업 강화,0.0,0,0,https://www.ddaily.co.kr/page/view/2026041612514642455
2026-04-16,"GD NASSCO 경영진, 삼성중공업 거제조선소 방문…한미 조선 협력 확대",0.0,0,0,https://www.econovill.com/news/articleView.html?idxno=737536
2026-04-16,최성안 삼성重 부회장 “한미 조선산업 발전의 실질적 역할할 것”,0.0,0,0,http://www.thebigdata.co.kr/view.php?ud=202604161303359447570d99e4c8_23
2026-04-16,"[거제 24시] ""조선업 호황 타고 체류객 잡는다""…거제시, 4650억 규모 MIC...",0.0,0,0,https://www.sisajournal.com/news/articleView.html?idxno=369760
2026-04-16,"삼성중공업-나스코, 전략적 협력 강화…""한미 조선산업에 큰 시너지 창...",0.0,0,0,https://www.financialpost.co.kr/news/articleView.html?idxno=255704
2026-04-16,"삼성중공업, 美조선소와 ‘마스가’ 협력 강화",0.0,0,0,https://www.munhwa.com/article/11582746?ref=naver
2026-04-16,"“AI 다음 병목은 전력” 대한전선 담고, ‘급등’ 현대차는 던졌다 [주...",0.408,1,0,https://www.sedaily.com/article/20033284?ref=naver
2026-04-16,"삼성중공업, GD NASSCO와 전략적 협력 강화",0.0,0,0,https://www.businesskorea.co.kr/news/articleView.html?idxno=267829
2026-04-16,美조선소 나스코 경영진 삼성중공업 방문…군수지원함 협력 강화,0.0,0,0,https://www.sentv.co.kr/article/view/sentv202604160064
2026-04-16,"삼성重, 美 조선소에 첨단기술 공급하는 '솔루션 프로바이더' 부상",0.0,0,0,https://www.industrynews.co.kr/news/articleView.html?idxno=80062
2026-04-16,배 아닌 시스템을 판다…미 해군함 핵심 기지가 삼성중공업으로 달려온...,0.0,0,0,https://www.wikitree.co.kr/articles/1131865
2026-04-16,"에스엔시스, 조선 메카 거제에 친환경 R&D·생산 거점 구축",0.0,0,0,https://www.the-stock.kr/news/articleView.html?idxno=32376
2026-04-16,"에스엔시스, 거제에 친환경 R&D·생산 거점 구축 나서",0.0,0,0,https://www.widedaily.com/news/articleView.html?idxno=292435
2026-04-16,삼성중공업 조선소 방문한 美 나스코 경영진…전략적 협업 강화,0.0,0,0,http://www.metroseoul.co.kr/article/20260416500183
2026-04-16,거제 고현항 매립지에 ‘5성급 힐튼 호텔’ 선다,0.322,1,0,https://www.busan.com/view/busan/view.php?code=2026041609575684475
2026-04-16,"[줌인] NH농협은행, '생산적 금융' 행보 가속...지역 주택시장 안정·방...",0.0,0,0,http://www.dailypop.kr/news/articleView.html?idxno=98083
2026-04-16,"美 해군 사업 겨냥 '한미 조선 동맹'…삼성중공업, 3X·RX 기술로 판 키...",0.0,0,0,https://www.megaeconomy.co.kr/news/newsview.php?ncode=1065577273311732
2026-04-16,"삼성중공업, 美 나스코 경영진 거제조선소 방문…전략적 협력 강화",0.0,0,0,https://www.ceoscoredaily.com/page/view/2026041610563262261
2026-04-16,"삼성중공업, GD NASSCO와 군수지원함 사업 협력 논의",0.0,0,0,http://www.paxetv.com/news/articleView.html?idxno=269692
2026-04-16,"삼성重, GD NASSCO 경영진 거제 조선소 초청…美 군수지원함 협력 '속도...",0.0,0,0,http://www.newslock.co.kr/news/articleView.html?idxno=128751
2026-04-16,"삼성중공업 주가, 4월 16일 장중 28,900원 2.85% 상승",0.261,1,0,https://www.topstarnews.net/news/articleView.html?idxno=16036267
2026-04-16,"삼성중공업 '밸류' 키운다 … FLNG 대형화, 군함 진출 시도",0.0,0,0,https://www.ilovepc.co.kr/news/articleView.html?idxno=58969
2026-04-16,삼성중공업 거제조선소 찾은 美 나스코…미 해군 군수지원함 협력 강화,0.0,0,0,https://www.g-enews.com/view.php?ud=20260416100226973624debea800_1
2026-04-16,"에스엔시스, 국내 조선 심장부 거제에 친환경 R&D·생산 거점 구축",0.0,0,0,http://www.newstown.co.kr/news/articleView.html?idxno=700680
2026-04-16,"삼성중공업 美 해군 사업 파트너 나스코 경영진, 거제조선소 방문",0.0,0,0,https://weekly.hankooki.com/news/articleView.html?idxno=7160124
2026-04-16,[부산소식] 음반 제작·프로모션 지원사업 참여자 모집,0.0,0,0,https://www.yna.co.kr/view/AKR20260416059200051?input=1195m
2026-04-16,"美 조선소 GD나스코 경영진, 삼성重 방문⋯협력 방안 논의",0.0,0,0,http://www.inews24.com/view/1960736
2026-04-16,삼성중공업 조선소 방문한 美 나스코 경영진…차세대 군수지원함 협력,0.0,0,0,https://www.dailian.co.kr/news/view/1634210/?sc=Naver
2026-04-16,"삼성중공업, 나스코 경영진 방문…전략적 협력 강화",0.0,0,0,https://www.fetv.co.kr/news/articleView.html?idxno=300422
2026-04-16,美나스코 경영진 삼성重 방문…美군수지원함 프로젝트 논의,0.0,0,0,https://news.einfomax.co.kr/news/articleView.html?idxno=4409901
2026-04-16,"부산창경, 스마트해양 스타트업 27개사 육성 본격화",0.0,0,0,https://www.inthenews.co.kr/news/article.html?no=85692
2026-04-16,"삼성重-美 GD 나스코, 마스가 프로젝트 순항 중",0.0,0,0,http://www.newsian.co.kr/news/articleView.html?idxno=88593
2026-04-16,"나스코 경영진, 삼성重 방문…미 해군 지원함 협력 강화",0.0,0,0,https://zdnet.co.kr/view/?no=20260416095926
2026-04-16,"삼성중공업, 美 나스코와 협력…차세대 군수지원함 사업 '속도'",0.0,0,0,https://www.ezyeconomy.com/news/articleView.html?idxno=234772
2026-04-16,"삼성중공업, 나스코 경영진 거제 조선소 방문…협력 강화",0.0,0,0,http://www.wowtv.co.kr/NewsCenter/News/Read?articleId=A202604160248&t=NN
2026-04-16,"삼성중공업, 미 GD NASSCO와 군수지원함 사업 협의",0.0,0,0,http://www.seoulwire.com/news/articleView.html?idxno=717141
2026-04-16,"삼성중공업, 美조선사 나스코와 협력 모색…""마스가 성과 구체화""",0.0,0,0,https://www.newsis.com/view/NISX20260416_0003593528
2026-04-16,삼성重 찾은 美 나스코 조선소 경영진… 전략적 협업 강화,0.0,0,0,https://biz.chosun.com/industry/company/2026/04/16/2VLZ6CQ3OFBAXO2FAZR6U2BUJE/?utm_source=naver&utm_medium=original&utm_campaign=biz
2026-04-16,"삼성중공업, 美 GD 나스코와 협력 강화···미 군수함 사업 정조준",0.38,1,0,https://www.seoulfn.com/news/articleView.html?idxno=626657
2026-04-16,"삼성重, 나스코와 협력 확대...美 해군 함정 사업 공략 속도",0.0,0,0,https://www.pinpointnews.co.kr/news/articleView.html?idxno=445941
2026-04-16,"삼성중공업, 美 GD NASSCO와 차세대 군수지원함 협력",0.0,0,0,https://www.viva100.com/article/20260416500317
2026-04-16,삼성重 찾은 나스코...미국 차세대 군수지원함 협력 강화,0.0,0,0,https://www.ajunews.com/view/20260416085619854
2026-04-16,美조선소 GD NASSCO 경영진 삼성중공업 방문…전략적 협업 강화,0.0,0,0,https://www.yna.co.kr/view/AKR20260416039300003?input=1195m
2026-04-16,美 나스코 경영진 삼성重 방문…군수지원함 사업 협력 강화,0.0,0,0,https://www.newspim.com/news/view/20260416000221
2026-04-16,"삼성중공업, 나스코와 美 해군 차세대 군수지원함 협력 강화",0.0,0,0,https://www.businessplus.kr/news/articleView.html?idxno=110712
2026-04-16,"GD NASSCO 경영진, 삼성중공업 방문…""전략적 협력 강화""",0.0,0,0,https://www.ziksir.com/news/articleView.html?idxno=130946
2026-04-16,"에스엔시스, 거제에 친환경 기자재 R&D센터 구축",0.0,0,0,https://www.newspim.com/news/view/20260416000187
2026-04-16,"GD 나스코 경영진, 삼성重 거제조선소 방문…美 해군 차세대 군수지원함...",0.0,0,0,https://biz.heraldcorp.com/article/10718419?ref=naver
2026-04-16,[경남]지역 인재 키워서 쓴다..인재 육성 기반은 '흔들',0.0,0,0,http://andongmbc.co.kr/adboard/NewsView81958
2026-04-16,"삼성重, 美 나스코 경영진 거제조선소 방문…군수지원함 협력 강화",0.0,0,0,https://www.news1.kr/industry/general-industry/6138250
2026-04-16,"삼성중공업, 美 GD NASSCO 와 맞손…차세대 군수지원함 협력",0.0,0,0,https://news.tf.co.kr/read/economy/2313750.htm
2026-04-16,"삼성重, 美 GD NASSCO와 협력 확대 논의...NGLS·자동화 기술 공조 강화",0.0,0,0,https://www.joongangenews.com/news/articleView.html?idxno=512083
2026-04-16,美 나스코 경영진 삼성중공업 방문,0.0,0,0,http://www.hansbiz.co.kr/news/articleView.html?idxno=833312
2026-04-16,"삼성重·NASSCO, 美 해군 차세대 '군수지원함' 사업 동맹 구체화",0.0,0,0,http://www.enewstoday.co.kr/news/articleView.html?idxno=2419402
2026-04-16,"삼성重, 美 나스코 경영진 초청…군수지원함 사업 협력 모색",0.0,0,0,http://www.edaily.co.kr/news/newspath.asp?newsid=02925766645416776
2026-04-16,"삼성重, 美 나스코 경영진 거제조선소 방문..군수지원함 협력 강화",0.0,0,0,https://www.mt.co.kr/industry/2026/04/16/2026041608461195874
2026-04-16,"GD 나스코 경영진, 삼성重 방문…협력 방안 모색",0.0,0,0,https://daily.hankooki.com/news/articleView.html?idxno=1358647
2026-04-16,"삼성중공업, 나스코 경영진 거제 조선소 방문…전략적 협력 강화",0.0,0,0,https://view.asiae.co.kr/article/2026041608591730865
2026-04-16,"삼성重, 美 해군 군수지원함 사업 가속도... GD NASSCO와 '맞손'",0.0,0,0,http://www.fnnews.com/news/202604160851395478
2026-04-16,"거제시-㈜더봄플러스-에스엔시스(주), 투자협약 체결",0.322,1,0,https://www.viva100.com/article/20260416500120
2026-04-16,"NH투자증권 ""삼성중공업, FLNG·군함으로 밸류에이션 할인 해소 기대""",0.322,1,0,https://www.etoday.co.kr/news/view/2576192
2026-04-17,"5대 은행 생산적 금융 전략 '마이웨이'...KB-모빌리티, 신한-에너지, 하...",0.322,1,0,http://www.consumernews.co.kr/news/articleView.html?idxno=754197
2026-04-18,"기술 장인도 '별' 단다…삼성·LG·SK, 현장직에 '최고 거장' 예우",0.583,1,0,https://it.chosun.com/news/articleView.html?idxno=2023092160466
2026-04-17,"부산대·오션엑스, AI 기반 심해 탐사·해양 데이터 연구 맞손",0.0,0,0,https://www.joongdo.co.kr/web/view.php?key=20260417010005545
2026-04-17,"송영기·김상권, 경남교육감 선거 공약 경쟁 본격화…지역 맞춤 교육전...",0.0,0,0,https://www.kukinews.com/article/view/kuk202604170180
2026-04-17,"부산대, OceanX와 심해탐사 협력…AI·데이터 연구 확대",0.0,0,0,https://www.inthenews.co.kr/news/article.html?no=85723
2026-04-17,[더벨][thebell note] 삼성중공업의 정중동 행보,0.0,0,0,https://www.thebell.co.kr/free/content/ArticleView.asp?key=202604141423074680108818
2026-04-17,"HD현대중공업 스웨덴서 쇄빙선 소송 이겨, 정기선 특수목적선 사업 확장...",-0.38,0,1,https://www.businesspost.co.kr/BP?command=article_view&num=435969
2026-04-17,"송영기 경남교육감 예비후보, ""거제·통영, 세계가 주목하는 '글로벌 융...",0.0,0,0,http://www.enewstoday.co.kr/news/articleView.html?idxno=2420244
2026-04-17,[증권 Pick] 이번주 상장 소식 모아보기,0.0,0,0,https://www.lcnews.co.kr/news/articleView.html?idxno=200950
2026-04-17,[코스피 지수선물 옵션] 삼성전기·삼성SDI 선물 급등… 현물 시장 온기...,0.408,3,2,https://www.pinpointnews.co.kr/news/articleView.html?idxno=446460
2026-04-17,"조선업계, 마스가 프로젝트 공략 박차",0.38,1,0,http://www.wsobi.com/news/articleView.html?idxno=310534
2026-04-17,HD현대 “당사 조선소 공정 40~60% AI 기반으로 전환”,0.38,1,0,https://biz.heraldcorp.com/article/10719910?ref=naver
2026-04-17,"중동 협상 관망, 코스피 '하락'...원전·방산주 '뚝'",0.583,2,1,http://www.choicenews.co.kr/news/articleView.html?idxno=163993
2026-04-17,"경남도, ""'GSAT 2026' 창업을 더 가깝게, 창업페스티벌 in 경남""",0.0,0,0,http://www.enewstoday.co.kr/news/articleView.html?idxno=2420228
2026-04-17,"한화엔진, 고출력 엔진 전략 통했다…ASP 상승에 실적 '우상향'",0.261,1,0,https://www.straightnews.co.kr/news/articleView.html?idxno=300453
2026-04-17,"[특징주] 한화엔진, K조선 슈퍼사이클 본격화 기대감에 상승",0.583,2,0,https://www.widedaily.com/news/articleView.html?idxno=292535
2026-04-17,"부산대-OceanX, 심해탐사·해양데이터 공동연구 협력 본격화",0.0,0,0,https://www.cnbnews.com/news/article.html?no=789843
2026-04-17,"""삼성중공업, 중동 전쟁 영향으로 LNG선 발주 증가·FLNG 수주 등 수혜""",0.716,2,0,https://www.newsquest.co.kr/news/articleView.html?idxno=264912
2026-04-17,"삼성중공업 주가, 4월 17일 장중 28,850원 0.52% 상승",0.261,1,0,https://www.joongangenews.com/news/articleView.html?idxno=512677
2026-04-17,"AI로 '인력난 문제' 해결한다 … K조선, '디지털 조선소' 전환 박차",0.0,0,0,https://biz.newdaily.co.kr/site/data/html/2026/04/17/2026041700084.html
2026-04-17,"부산대-OceanX, 심해탐사·해양데이터 공동연구 협력 추진",0.0,0,0,http://www.enewstoday.co.kr/news/articleView.html?idxno=2420117
2026-04-17,"""삼성중공업, 중동분쟁 속 북미 FLNG 수주 모멘텀 강화"" - 키움증권",0.625,2,0,http://www.biztribune.co.kr/news/articleView.html?idxno=352565
2026-04-17,"삼성중공업 주가, 4월 17일 장중 28,350원 1.22% 하락",-0.261,0,1,https://www.topstarnews.net/news/articleView.html?idxno=16037174
2026-04-17,"[특징주] 삼성중공업, 1%대 약세…2도크 재가동·LNG 수주 모멘텀 주목",0.513,2,1,https://www.tokenpost.kr/news/economy/350381
2026-04-17,"부산창경, OSA 액셀러레이팅·밋업 데이 참가社 모집",0.0,0,0,http://www.metroseoul.co.kr/article/20260416500522
2026-04-17,"부산대-OceanX, ‘심해탐사·해양데이터’ 공동연구 본격화",0.0,0,0,https://dhnews.co.kr/news/view/1065576259598235
2026-04-17,"[특징주] 삼성중공업, 올해 수주 목표 47% 달성…글로벌 LNG 수요 견조",0.716,2,0,http://www.newstnt.com/news/articleView.html?idxno=607165
2026-04-17,"""美 MRO 시장 정조준""··· 삼성·한화·HD현대, 해군 공급망 파트너 등...",0.0,0,0,https://www.greenpostkorea.co.kr/news/articleView.html?idxno=306536
2026-04-17,"부산대, OceanX 손잡고 ‘심해·기후 데이터’ 글로벌 연구 본격화",0.0,0,0,https://view.asiae.co.kr/article/2026041709570828028
2026-04-17,"미 함정 건조사 경영진, 삼성중공업 방문",0.0,0,0,https://mbcgn.kr/01_new/new01_view.asp?idx=407434
2026-04-17,"[단독] 태광, 케이조선 인수 위해 그린하버와 맞손…오성첨단소재가 자...",0.0,0,0,https://www.hankyung.com/article/202604165616r
2026-04-17,"삼성중공업, 2분기 기점으로 생산성 향상…목표가↑ -대신證",0.0,0,0,http://www.fnnews.com/news/202604170928074091
2026-04-17,에너지선 업고 점유율 늘린 K조선..연간 수주 목표 '파란불',0.38,1,0,https://www.mt.co.kr/industry/2026/04/17/2026041615173688120
2026-04-17,"삼성중공업-美 GD NASSCO, 美 해군 차세대 함정 및 '스마트 조선소' 협력...",0.0,0,0,https://www.job-post.co.kr/news/articleView.html?idxno=213786
2026-04-17,日 조선소 2029년까지 예약 만석… 韓 조선업체 반사이익 기대,0.0,0,0,https://www.g-enews.com/view.php?ud=2026041709061236770c8c1c064d_1
2026-04-17,부산대-OceanX 심해탐사/해양데이터 공동연구 협력 본격화,0.0,0,0,https://www.veritas-a.com/news/articleView.html?idxno=606246
2026-04-17,"[K-조선 글로벌 거점④] '확장' 대신 '선택과 집중'···삼성重, 해양플...",0.0,0,0,https://www.seoulfn.com/news/articleView.html?idxno=626497
2026-04-17,"거제시, 5성급 프리미엄 호텔 건립 추진",0.322,1,0,https://www.getnews.co.kr/news/articleView.html?idxno=867979
2026-04-17,"키움증권 ""삼성중공업, LNG·미 해군 모멘텀 기대…미국 MRO 사업 신규 성...",0.322,1,0,https://www.etoday.co.kr/news/view/2576572
2026-04-17,삼성중공업 찾은 나스코…차세대군수지원함 협력 강화,0.0,0,0,http://www.economytalk.kr/news/articleView.html?idxno=420540
2026-04-17,"GD 나스코 경영진, 삼성중공업 거제 조선소 방문한 이유는?",0.0,0,0,http://www.financialreview.co.kr/news/articleView.html?idxno=41721
2026-04-19,"K-조선, 美함정 MRO 수주 랠리…3개월여만에 작년 연간실적 초과",0.38,1,0,https://www.yna.co.kr/view/AKR20260418046400003?input=1195m
2026-04-19,전쟁 악재에도 K조선 “LNG선 수주 이상없다”는 이유는,0.38,1,0,https://biz.chosun.com/industry/company/2026/04/19/EKCBOR3UHFB6ZDULO4ZC5ANOGI/?utm_source=naver&utm_medium=original&utm_campaign=biz
2026-04-19,부산 스마트해양 스타트업 키운다…액셀러레이팅·AX밋업,0.0,0,0,https://www.newsis.com/view/NISX20260417_0003595317
2026-04-18,"해양수산부, '선박 탄소포집 기술 개발' 협의체 출범...한국선급·HMM 등...",0.0,0,0,http://www.econonews.co.kr/news/articleView.html?idxno=436058
2026-04-18,"'K조선 빅3' 1분기 합산 영업익 2조 육박""…""호황기 이익 실현 본격화""",0.0,0,0,https://www.newsis.com/view/NISX20260417_0003596259
2026-04-18,4월 셋째 주 삼성중공업 주가 5일 연속 상승,0.261,1,0,https://www.topstarnews.net/news/articleView.html?idxno=16038107
2026-04-18,[주간 거래소 외국인] 두산에너빌리티 삼성전자우 대한전선 삼성SDI 에이...,0.462,1,0,https://www.pinpointnews.co.kr/news/articleView.html?idxno=446526
2026-04-18,고선가 수주 반영 시작…삼성중공업 수익성 개선 어디까지,0.625,2,0,https://www.pinpointnews.co.kr/news/articleView.html?idxno=446519
2026-04-20,"K-조선, 美함정 MRO 수주 랠리… ‘마스가’ 규제·계약 개선돼야",0.38,1,0,https://www.dnews.co.kr/uhtml/view.jsp?idxno=202604191145508870755
2026-04-20,지치고 병든 美함정 줄섰다…MRO 수주 석달만에 작년치 근접,0.38,1,0,https://www.joongang.co.kr/article/25421492
2026-04-20,"삼성重 최성안, ‘3X’로 쓰는 마스가 반전 드라마",0.0,0,0,http://www.fntimes.com/html/view.php?ud=202604192235039743dd55077bc2_18
2026-04-19,삼성 57조 벌었는데 우리는 왜 가난한가,0.38,1,0,https://h21.hani.co.kr/arti/economy/economy_general/59177.html
2026-04-19,"구원투수냐, 주주 배신이냐…유상증자의 두 얼굴",0.38,1,0,https://www.hankyung.com/article/2026041911041
2026-04-19,"K조선, 미 해군 함정 MRO 수출 잇단 낭보",0.38,1,0,https://www.busan.com/view/busan/view.php?code=2026041918054229237
2026-04-19,"""2년내 거제·울산 조선소에 휴머노이드 투입""",0.0,0,0,https://www.hankyung.com/article/2026041910451
2026-04-19,"[단독] “잔금 안 주길래 계약 끊어”…삼성重, 이란 제재 리스크 피한...",-0.462,0,1,https://www.mk.co.kr/article/12021222
2026-04-19,"美이란 제재에 등장한 삼성重 …""문제 없다""",-0.462,0,1,https://www.mk.co.kr/article/12021199
2026-04-19,"송영기 경남교육감 예비후보 ""거제·통영을 '글로벌 융합 교육의 허브'...",0.0,0,0,https://www.newsgn.com/news/articleView.html?idxno=547490
2026-04-19,美 해군 MRO 시장 ‘속도전’…HD현대중공업·한화오션 잇단 수주,0.38,1,0,https://www.etoday.co.kr/news/view/2576978
2026-04-19,"기다림 끝난 삼성중공업, 2분기부터는 증명 시작[주末머니]",0.0,0,0,https://view.asiae.co.kr/article/2026041714312699995
2026-04-19,[K-조선 생존전략 中] ‘고부가·친환경‘ 편식 ⋯ 포스트 슈퍼사이클 ...,0.38,1,0,https://www.viva100.com/article/20260419500434
2026-04-19,"조선도시 거제, 마스가 강화 위해 미 필라델피아와 '조선 동맹'",0.0,0,0,http://www.kookje.co.kr/news2011/asp/newsbody.asp?code=0300&key=20260419.99099005160
2026-04-19,‘조선 도시’ 거제시 ‘마스가’ 순풍에 돛 단다,0.0,0,0,https://www.busan.com/view/busan/view.php?code=2026041909035167417
2026-04-19,"K-조선, 美함정 MRO 연이어 수주…작년 연간실적 초과",0.38,1,0,https://www.dt.co.kr/article/12058181?ref=naver
2026-04-19,"K조선, 美 설계 참여에도 '반쪽 성과'…전투함은 여전히 장벽",0.0,0,0,http://www.edaily.co.kr/news/newspath.asp?newsid=01695766645417760
2026-04-19,"K-조선, 고부가가치 상선 수주에 이어 美 함정 MRO 수주 낭보",0.38,1,0,https://www.livebiz.today/news/articleView.html?idxno=201665
2026-04-19,"조선업 부활, 거제는 침체…'지역인재 채용' 해법 될까",0.0,0,0,http://www.yonhapnewstv.co.kr/MYH20260419095626XcQ
2026-04-19,"""美 해군 MRO 잇단 수주""…K-조선, 특수선 시장 존재감 키운다",0.38,1,0,https://biz.sbs.co.kr/article_hub/20000305195?division=NAVER
2026-04-19,"HD현대중공업·한화오션, 美 해군 함정 MRO 수주 '가속'",0.38,1,0,https://www.straightnews.co.kr/news/articleView.html?idxno=300503
2026-04-20,"삼성중공업, 고선가 물량 매출 인식 본격화",0.0,0,0,http://www.newsprime.co.kr/news/article.html?no=730743
2026-04-20,"유안타증권 ""삼성중공업, 1분기 인건비 정상화 효과…대미 사업 방향성...",0.462,1,0,https://www.etoday.co.kr/news/view/2577084
2026-04-20,"삼성중공업, 인건비 정상화 효과에 1Q 실적 개선 전망-유안타",0.462,1,0,http://www.edaily.co.kr/news/newspath.asp?newsid=01974566645418088
2026-04-20,조선업 훈풍 부나?…“지역 인재 채용 재개”,0.0,0,0,https://news.kbs.co.kr/news/pc/view/view.do?ncd=8540002&ref=A
2026-04-20,"[더벨][thebell interview] 센스톤 ""영국 swIDch 주요 거점, 글로벌 제조사...",0.0,0,0,https://www.thebell.co.kr/free/content/ArticleView.asp?key=202604161333251480105214
2026-04-20,초대형원유운반선(VLCC) 신조(新造) 수요 급증 예상,0.38,1,0,https://www.abcn.kr/news/articleView.html?idxno=87540
2026-04-21,"한화·삼성, 美 해군 ‘혈관’ 설계한다…NGLS 수주로 마스가 본게임 ‘...",0.38,1,0,https://www.kukinews.com/article/view/kuk202604200181
2026-04-21,삼바ㆍSK하닉ㆍ현대차 실적 발표 앞둔 코스피…이번 주 주가 향방은?,0.0,0,0,https://www.etoday.co.kr/news/view/2577329
2026-04-21,"[N2 포커스] 재계, '글로벌 사우스' 인도·베트남 공략해 투자 지도 바꾼...",0.0,0,0,https://www.news2day.co.kr/article/20260420500194
2026-04-21,녹색산업 해외진출 위해 민•관 손 맞잡았다,0.0,0,0,https://www.viva100.com/article/20260421500006
2026-04-21,"기후부, 녹색산업 해외진출 '민관 원팀' 구축",0.38,1,0,https://www.kdpress.co.kr/news/articleView.html?idxno=204460
2026-04-20,100개 기업 뭉쳐 해외 전력망·재생에너지 패키지 수주,0.38,1,0,https://www.greenpostkorea.co.kr/news/articleView.html?idxno=306545
2026-04-20,"수처리 전문기업 부강테크, 정부 '녹색산업 얼라이언스' 합류",0.0,0,0,http://www.e2news.com/news/articleView.html?idxno=329679
2026-04-20,"수요 급증한 VLCC, K조선은 선별수주",0.38,1,0,https://www.econovill.com/news/articleView.html?idxno=738008
2026-04-20,"""삼성중공업, 작년 4분기 임직원 급여 3530억…1-3분기 평균 대비 1000억...",0.0,0,0,https://www.newsquest.co.kr/news/articleView.html?idxno=265005
2026-04-20,"[고유가 3.0] ""배가 없어서 못 판다""…K-조선, 10년 만에 찾아온 '수익성...",0.0,0,0,https://www.financialpost.co.kr/news/articleView.html?idxno=256054
2026-04-20,"녹색산업 해외진출, ‘민관 한뜻’으로 지평 넓힌다",0.0,0,0,https://zdnet.co.kr/view/?no=20260420182948
2026-04-20,"""이제는 로봇 관절이다""…삼성·LG, 가전 넘어 산업용 로봇 사업 확대",0.0,0,0,https://www.ajunews.com/view/20260420154255893
2026-04-20,"美 해군 MRO 수주 '속도'…HD현대중공업·한화오션, 3개월 만에 작년 넘...",0.38,1,0,https://www.thepublic.kr/news/articleView.html?idxno=301828
2026-04-20,"'조선의 국모'엄경아, ""조선업 장기호황 초입""",0.0,0,0,https://www.kpinews.kr/newsView/1065600932415889
2026-04-20,반도체 다음은 어디?··· 조선·배터리·뷰티로 번지는 '순환매',-0.261,0,1,https://www.greenpostkorea.co.kr/news/articleView.html?idxno=306553
2026-04-20,"기후부, 녹색 신산업 해외진출 강화 박차",0.0,0,0,http://www.ikld.kr/news/articleView.html?idxno=333187
2026-04-20,"부강테크, 녹색산업 해외수출 첨병 프로젝트 본격 합류",0.0,0,0,http://www.ikld.kr/news/articleView.html?idxno=333180
2026-04-20,"GX 국제주간 여수서 개막…'녹색대전환, 모두의 성장의 길' 찾는다",0.322,1,0,https://www.asiatoday.co.kr/view.php?key=20260420010006269
2026-04-20,"강태영 NH농협은행장, 생산적 금융·디지털 전환 가속",0.0,0,0,http://www.wsobi.com/news/articleView.html?idxno=310660
2026-04-20,"중동발 위기 속 조선 ETF, 다시 살아날까",0.0,0,0,http://www.segyebiz.com/newsView/20260420514954?OutUrl=naver
2026-04-20,"녹색산업 '국가대표팀' 뜬다…협의체 확대, 글로벌 수주 총력전",0.38,1,0,https://www.energy-news.co.kr/news/articleView.html?idxno=224752
2026-04-20,[거래소 외국인] LIG·두산에너빌리티 집중 매수…방산·원전으로 돈 이...,0.0,0,0,https://www.pinpointnews.co.kr/news/articleView.html?idxno=447040
2026-04-20,"중동 리스크 딛고, 코스피 '상승'...하락종목도 '속출'",0.408,2,1,http://www.choicenews.co.kr/news/articleView.html?idxno=164101
2026-04-20,[신아일보tv] 美해군 보급함 사업 올라탄 K조선의 현실,0.0,0,0,https://www.shinailbo.co.kr/news/articleView.html?idxno=5013121
2026-04-20,"경북교육청, '2026 상반기 기업체 채용설명회' 개최",0.0,0,0,https://news.bbsi.co.kr/news/articleView.html?idxno=4079329
2026-04-20,"녹색산업 해외진출, 수소 등 녹색 신산업 기업 참여 확대",0.0,0,0,http://www.e-platform.net/news/articleView.html?idxno=101596
2026-04-20,"조선 3사, 1분기 '호실적' 예고…고선가·LNG선 효과로 수익성 개선",0.583,1,0,https://www.ddaily.co.kr/page/view/2026042015413109941
2026-04-20,"정부, 민관 협력 녹색 신산업 해외 진출 패키지 지원",0.0,0,0,https://www.kfenews.co.kr/news/articleView.html?idxno=657074
2026-04-20,에너지 업계도 ‘녹색 얼라이언스’ 합류…여수서 ‘GX 주간’ 개막,0.0,0,0,https://www.sedaily.com/article/20034671?ref=naver
2026-04-20,"K조선, 미 해군 MRO 잇따라 수주…마스가 협력 ‘가속’",0.38,1,0,http://www.newstomato.com/ReadNews.aspx?no=1298412&inflow=N
2026-04-20,美 해군 MRO 수주 질주하는 K-조선···장기 수익원 위해 규제 완화 관...,0.625,2,0,https://www.seoulfn.com/news/articleView.html?idxno=626969
2026-04-20,"삼성중공업 주가, 4월 20일 장중 28,775원 0.95% 하락",-0.261,0,1,https://www.joongangenews.com/news/articleView.html?idxno=513121
2026-04-20,[K-조선 생존전략 下] HD현대•삼성重 ‘투트랙’⋯ 범용 쫓아 ‘동남아...,0.0,0,0,https://www.viva100.com/article/20260420500758
2026-04-20,녹색산업 민관 ‘국가대표팀’…패키지 수주로 해외시장 공략,0.38,1,0,https://news.tf.co.kr/read/economy/2314847.htm
2026-04-20,민·관 녹색산업협의체 확대...'환경' 한정 벗어나 '신산업' 아우른다,0.0,0,0,http://www.metroseoul.co.kr/article/20260420500232
2026-04-20,"기후부, 대한민국 녹색산업 민관협의체 확대",0.0,0,0,https://www.busan.com/view/busan/view.php?code=2026042014082441527
2026-04-20,"부강테크, 국가 녹색산업 협의체 참여",0.0,0,0,https://www.gasnews.com/news/articleView.html?idxno=124773
2026-04-20,"기후부, '녹색산업 협의체' 확대…에너지·플랜트 분야 26개 기관 신규 ...",0.0,0,0,http://www.kmecnews.co.kr/news/articleView.html?idxno=46686
2026-04-20,"HJ중공업 최대주주 에코프라임 유상철의 야망, 군산조선소 인수로 옛 위...",0.0,0,0,https://www.businesspost.co.kr/BP?command=article_view&num=435900
2026-04-20,녹색산업 민관 협의체 확대 개편...해외사업 발굴·수주 밀착 지원,0.38,1,0,http://www.fnnews.com/news/202604201305315535
2026-04-20,"기후부, 민관 합동 녹색산업 해외진출 모색…선제적 수요 대응",0.0,0,0,https://www.newsis.com/view/NISX20260420_0003598292
2026-04-20,‘K조선 빅3’ 1분기 합산 영업익 2조 육박…“호황기 이익 실현 본격화...,0.0,0,0,https://www.munhwa.com/article/11583567?ref=naver
2026-04-20,"기후부, 녹색산업 협의체에 신산업 대폭 확장 구축",0.0,0,0,https://www.todayenergy.kr/news/articleView.html?idxno=296782
2026-04-20,"기후부, 민간과 '녹색산업' 활성화 맞손…삼성重·한화솔루션 등 참여",0.0,0,0,https://news.einfomax.co.kr/news/articleView.html?idxno=4410521
2026-04-20,녹색산업 해외진출 '민관 원팀' 구축…에너지·플랜트까지 협의체 확대,0.38,1,0,https://view.asiae.co.kr/article/2026042013113301166
2026-04-20,재생에너지·전력망 ‘패키지 수주’ 본격화,0.38,1,0,https://www.naeil.com/news/read/585907?ref=naver
2026-04-20,"기후부, '녹색산업 국가대표팀' 만든다…민관협력 얼라이언스 확대",0.0,0,0,https://www.bizwork.co.kr/news/articleView.html?idxno=414791
2026-04-20,"기후부, '녹색산업 협의체'에 에너지·플랜트 추가",0.0,0,0,https://biz.sbs.co.kr/article_hub/20000305398?division=NAVER
2026-04-20,“녹색수출·기후위기 대응 투트랙”…정부 '수주 플랫폼+과학 진단' 동...,0.38,1,0,https://www.etnews.com/20260420000038
2026-04-20,"막오른 1분기 실적 시즌…반도체 '질주', 배터리·석화 '뒷걸음'",0.0,0,0,https://news.tf.co.kr/read/economy/2314983.htm
2026-04-20,"[특징주] 삼성중공업, 1분기 수주 목표 46% 조기 달성… FLNG 매출 확대 ...",0.38,1,0,http://www.newstnt.com/news/articleView.html?idxno=607383
2026-04-20,"삼성중공업, FLNG·방산 기대 키운다…2분기부터 실적 성장 본격화",0.322,1,0,https://www.thepowernews.co.kr/view.php?ud=202604201059021008de3f0aa1be_7
2026-04-20,"“삼성중공업, FLNG에 방산까지 다 잡을 한 해”",0.322,1,0,https://www.news2day.co.kr/article/20260420500090
2026-04-20,"정부, ‘녹색산업 국가대표팀’ 만든다…해외사업 발굴·수주 밀착 지원",0.38,1,0,https://www.segye.com/newsView/20260420504321?OutUrl=naver
2026-04-20,"한층 커진 ‘K-녹색산업’ 팀코리아…""해외 진출 확장 지원""",0.0,0,0,http://www.edaily.co.kr/news/newspath.asp?newsid=02778166645418088
2026-04-20,"녹색산업 얼라이언스, 환경에서 에너지까지 포괄해 해외 진출 발판↑",0.0,0,0,https://www.nocutnews.co.kr/news/6504762?utm_source=naver&utm_medium=article&utm_campaign=20260420103014
2026-04-20,"기후부, 녹색산업 협의체 협약식 개최…""녹색 신사업 수요 선제 대응""",0.38,1,0,https://www.ajunews.com/view/20260420013555061
2026-04-20,녹색산업 '국가대표팀' 확대…삼성·한화 등 26곳 합류,0.0,0,0,https://www.news1.kr/society/environment/6141795
2026-04-20,녹색산업 외국진출 지원 협의체에 에너지·플랜트기업 추가 참여,0.0,0,0,https://www.yna.co.kr/view/AKR20260420019900530?input=1195m
2026-04-20,환경에서 녹색 신산업 진흥으로…민관 협력체 확대 개편,0.38,1,0,https://www.mt.co.kr/economy/2026/04/20/2026042009265820442
2026-04-20,녹색산업 협의체 확대…국내 기업의 해외 진출에 박차,0.0,0,0,https://biz.heraldcorp.com/article/10720744?ref=naver
2026-04-20,"삼성중공업, 1분기 영업이익 3천억대 중반 예상…증권가 'BUY' 한목소리",0.0,0,0,http://www.ftoday.co.kr/news/articleView.html?idxno=357852
2026-04-20,"삼성중공업 주가, 4월 20일 장중 29,150원 0.34% 상승",0.261,1,0,https://www.topstarnews.net/news/articleView.html?idxno=16039286
2026-04-20,"""삼성중공업, 1분기 영업익 3,950억원 전망... 대미사업 방향성 중요"" -유...",0.0,0,0,http://www.biztribune.co.kr/news/articleView.html?idxno=352639
2026-04-20,"한화오션, 지역인재 채용…거제 청년들 '반색'",0.0,0,0,https://news.tvchosun.com/site/data/html_dir/2026/04/20/2026042090059.html
2026-04-21,"대한민국 녹색산업 해외진출, '민관 한뜻'으로 지평 넓힌다",0.0,0,0,http://www.energydaily.co.kr/news/articleView.html?idxno=166469
2026-04-22,증시로 다시 돈 몰린다… 빚투 자금도 34조 ‘사상 최고치’,0.0,0,0,https://www.kmib.co.kr/article/view.asp?arcid=1776762494&code=11151200&cp=nv
2026-04-21,거제소방서 화재안전대책 평가 '도내 시 지역 1위',0.0,0,0,http://www.gnmaeil.com/news/articleView.html?idxno=585071
2026-04-21,"경남 노동계, 올해 최악의 살인기업 선정",0.0,0,0,http://www.gnmaeil.com/news/articleView.html?idxno=585074
2026-04-21,"권순기 교육감 예비후보 ""거제를 교육이 강한 도시로 만들겠다""",0.0,0,0,https://www.gnnews.co.kr/news/articleView.html?idxno=635357
2026-04-21,코스피 6400 목전…전쟁 불구 사상 최고치 경신,0.261,1,0,http://www.sisafocus.co.kr/news/articleView.html?idxno=359045
2026-04-21,"권순기 경남교육감 예비후보, ""아이 키우기 좋은 거제 만들겠다""",0.0,0,0,http://www.enewstoday.co.kr/news/articleView.html?idxno=2421650
2026-04-21,"NH농협은행, 경남권역 생산적 금융 확대",0.0,0,0,http://www.youngnong.co.kr/news/articleView.html?idxno=58928
2026-04-21,"권순기 예비후보, '교육 특화 7대 공약' 전면 제시",0.0,0,0,https://www.newsgn.com/news/articleView.html?idxno=547978
2026-04-21,"권순기 ""교육이 강한 도시, 아이 키우기 좋은 거제""",0.0,0,0,http://www.gndomin.com/news/articleView.html?idxno=473139
2026-04-21,韓 제조 능력·美 AI 기술 시너지…미래 해전 ‘게임체인저’ 양산,0.0,0,0,https://www.sedaily.com/article/20035312?ref=naver
2026-04-21,"HD현대·한화, 美 무인함대 만든다",0.0,0,0,https://www.sedaily.com/article/20035289?ref=naver
2026-04-21,"민주노총 경남본부, 안전 무시 최악 기업에 '뉴월드양식센터' 선정",0.0,0,0,https://www.idomin.com/news/articleView.html?idxno=2004089
2026-04-21,'코스피 새 역사'…반도체 끌고 이차전지·건설주 밀고,0.261,1,0,https://www.news1.kr/finance/general-stock/6144222
2026-04-21,"""발주 보장에 파격 보조금""...K-조선, 인도 안방 품는다",0.0,0,0,https://www.mediapen.com/news/view/1094760
2026-04-21,미국-이란 2차 협상 기대감 속 코스피 6380선 돌파… SK하이닉스 122만원...,0.261,1,0,https://www.womennews.co.kr/news/articleView.html?idxno=276585
2026-04-21,"""선종 탓""이라지만…한화오션, 근로자 1인당 노동강도 빅3 중 최고",0.0,0,0,https://www.straightnews.co.kr/news/articleView.html?idxno=300710
2026-04-21,[거래소 기관] 삼성전자 2600억 폭풍매수…반도체·조선으로 쏠렸다,0.0,0,0,https://www.pinpointnews.co.kr/news/articleView.html?idxno=447342
2026-04-21,"코스피 '사상 최고', 6388 마감...반도체 · 2차전지주 '껑충'",0.408,1,0,http://www.choicenews.co.kr/news/articleView.html?idxno=164194
2026-04-21,권순기 ‘거제 교육 혁신’ vs 송영기 ‘포용 교육’ 비전 제시,0.0,0,0,https://www.kukinews.com/article/view/kuk202604210160
2026-04-21,"그리스 선사 미네르바, 삼성중공업 건조 수에즈막스 2척 인수",0.0,0,0,http://www.press9.kr/news/articleView.html?idxno=75349
2026-04-21,"HD현대중공업ㆍ삼성중공업, 모두 급등…특히 HD현대중공업 9% 상승",0.604,2,0,http://www.econonews.co.kr/news/articleView.html?idxno=436403
2026-04-21,조선주 실적 청신호…HD현대重 8%·삼성重 5%↑[핫종목],0.0,0,0,https://www.news1.kr/finance/general-stock/6143847
2026-04-21,"삼성중공업 주가, 4월 21일 장중 30,100원 5.43% 상승",0.261,1,0,https://www.joongangenews.com/news/articleView.html?idxno=513493
2026-04-21,"STX엔진, K9 자주포 엔진 국산화로 'K-방산' 수출 날개 달다",0.261,1,0,https://www.pinpointnews.co.kr/news/articleView.html?idxno=447252
2026-04-21,"권순기 경남교육감 예비후보 ""'교육이 강한 도시', 아이 키우기 좋은 거...",0.0,0,0,https://view.asiae.co.kr/article/2026042113012354987
2026-04-21,"경사노위, 조선업계와 간담회…""노사간 논의 틀 만들 것""",0.0,0,0,https://www.newsis.com/view/NISX20260421_0003599770
2026-04-21,"김지형 경사노위 위원장, 조선노연에 ""조선업종 사회적 대화체 마련 노...",0.0,0,0,https://www.newspim.com/news/view/20260421000579
2026-04-21,"미국 중국의 해군 역량 대응에 한국과 협력 중요성 부각, ""조선업 역량 ...",0.0,0,0,https://www.businesspost.co.kr/BP?command=article_view&num=436157
2026-04-21,"""성장 아닌 생존"" 유증 쏟아진다…주주 반발 커지는 이유[매일뭐니머니...",0.583,2,0,https://www.imaeil.com/page/view/2026042110440137484
2026-04-21,"'배' 넘어 K-조선 생태계 통째 심는다..HD현대, 인도에 조선소 수출",0.0,0,0,http://www.4th.kr/news/articleView.html?idxno=2110709
2026-04-21,"삼성중공업, '마스가' 본격화…美 사업 영토 넓힌다",0.0,0,0,https://www.ntoday.co.kr/news/articleView.html?idxno=126662
2026-04-21,"거제소방서, 겨울철 화재안전대책 평가 ‘도내 시지역 1위’ 달성",0.0,0,0,http://fpn119.co.kr/249985
2026-04-21,"삼성중공업 주가, 4월 21일 장중 29,250원 2.45% 상승",0.261,1,0,https://www.topstarnews.net/news/articleView.html?idxno=16040616
2026-04-21,"HD현대重, 20년 전 상용화 건조 공법 '처음 성공' 발표한 의도는",0.0,0,0,http://www.thebigdata.co.kr/view.php?ud=202604210925131543570d99e4c8_23
2026-04-21,[정책브리핑] 녹색산업 해외진출 협의체 확대...에너지·플랜트사도 참...,0.0,0,0,https://www.esgeconomy.com/news/articleView.html?idxno=15286
2026-04-21,"삼성중공업, 계약금 미지급된 원유운반선 2척 그리스 선사에 매각…중동...",0.0,0,0,http://www.fieldnews.kr/news/articleView.html?idxno=28066
2026-04-21,[서울데이터랩]개장 직후 인기 검색 종목 20選,0.0,0,0,https://www.seoul.co.kr/news/economy/securities/2026/04/21/20260421500034?wlog_tag3=naver
2026-04-21,"삼성중공업, 미국 제재 이전 선사와 계약 해지... 유조선 2척 그리스에 ...",-0.462,0,1,https://www.upkoreanews.kr/news/articleView.html?idxno=98134
2026-04-20,100개 기업 뭉쳐 해외 전력망·재생에너지 패키지 수주한다,0.38,1,0,https://www.greenpostkorea.co.kr/news/articleView.html?idxno=306545
2026-04-20,"'조선의 국모' 엄경아 ""조선업 장기호황 초입""",0.0,0,0,https://www.kpinews.kr/newsView/1065600932415889
2026-04-23,"[이넷뉴스 브랜드평판] 삼성중공업, 액화천연가스 LNG 상장기업 4월 1위...",0.0,0,0,https://www.enetnews.co.kr/news/articleView.html?idxno=49185
2026-04-23,"조선업 불황 때 RG 지원 떠안은 수은..""억울하다"" 무슨 사연?",-0.462,0,1,https://www.mt.co.kr/finance/2026/04/23/2026042214420012549
2026-04-23,국책은행이 오히려 수출을 막는다고?…조선업계 'RG 패러독스',0.0,0,0,https://www.mt.co.kr/industry/2026/04/23/2026042208045150091
2026-04-23,"""물 들어오는데 노 못 젓는다""…선박 수주전 발목잡는 금융권?",0.38,1,0,https://www.mt.co.kr/industry/2026/04/23/2026042208044175395
2026-04-23,호실적+AI 확장… '두개의 돛' 올린 조선주,0.853,3,0,https://www.mt.co.kr/stock/2026/04/23/2026042219304684779
2026-04-23,[사설]중형조선사 발목잡는 국책은행,0.0,0,0,https://www.mt.co.kr/opinion/2026/04/23/2026042215021264053
2026-04-23,[선택 2026 강원] 육동한 vs 정광열 춘천시장 여야 대진 확정,0.0,0,0,https://www.kado.net/news/articleView.html?idxno=2046316
2026-04-22,"KS인더스트리, 울산 조선해양 하이테크타운 입주 확정… AI MRO 거점 마련",0.0,0,0,https://www.nbntv.kr/news/articleView.html?idxno=339952
2026-04-22,[주식마감] 코스피 사상 최고치 경신 속 테마주 광풍... DS단석·KEC·핑거...,0.0,0,0,https://www.ggilbo.com/news/articleView.html?idxno=1154388
2026-04-22,"K-조선, 'AI·로봇'으로 판 뒤집는다… 2030 자율 운영 조선소 향해 '풀가...",0.0,0,0,https://www.newsway.co.kr/news/view?ud=2026042214525550541
2026-04-22,"조선·방산·전력기기 날자…코스피, 6400도 뚫었다",0.537,2,0,https://www.sedaily.com/article/20035845?ref=naver
2026-04-22,메모리 쉬어도 AI 수혜주 '풀가동'…반도체 부품·발전용 선박엔진 '날개...,0.87,3,0,https://www.news1.kr/finance/general-stock/6145661
2026-04-22,"45만→64만원, 이달 들어 쭉쭉 오른다...실적 청신호, 달리는 조선주",0.261,1,0,https://www.mt.co.kr/stock/2026/04/23/2026042216572599183
2026-04-22,"미-이란 휴전 연장 소식에 코스피 6400선 넘어, 하루 만에 또 최고치",0.0,0,0,https://www.womennews.co.kr/news/articleView.html?idxno=276626
2026-04-22,"중동 악재 누른 '개미의 힘', 코스피 6400선 안착···'최고치' 랠리",0.261,1,0,https://www.seoulfn.com/news/articleView.html?idxno=627175
2026-04-22,코스피 이틀째 사상 최고치… 외국인 팔아도 개미가 끌어올려 6400 돌파,0.261,1,0,https://www.hankookilbo.com/news/article/A2026042209390003202?did=NA
2026-04-22,[코스피 지수선물 옵션] 방산·전력 강세 vs 금융·바이오 약세 선물시장...,0.261,2,1,https://www.pinpointnews.co.kr/news/articleView.html?idxno=447717
2026-04-22,"[애프터마켓 브리핑] 트럼프 ""이란 휴전 3~5일 시한부 연장 검토""",0.322,1,0,https://biz.sbs.co.kr/article_hub/20000306003?division=NAVER
2026-04-22,"코스피 '또 최고치', 6400 돌파..LG계열 · 효성중공업 '활짝'",0.604,2,0,http://www.choicenews.co.kr/news/articleView.html?idxno=164270
2026-04-22,[거래소 외국인] 이수페타시스·현대로템 집중 매수... SK하이닉스·삼성...,0.322,1,0,https://www.pinpointnews.co.kr/news/articleView.html?idxno=447701
2026-04-22,[거래소 기관] 삼성전자·SK하이닉스 폭풍매도… 조선·방산·에너지는...,0.38,1,0,https://www.pinpointnews.co.kr/news/articleView.html?idxno=447700
2026-04-22,"매출 96%가 '조선'인 삼성중공업, NGLS 설계로 실적 개선 '시동'",0.462,1,0,https://www.insightkorea.co.kr/news/articleView.html?idxno=245183
2026-04-22,"코스피, 하루 만에 사상 최고치 경신…6417.93 마감",-0.261,0,1,https://view.asiae.co.kr/article/2026042216042938809
2026-04-22,"코스피, 개인 '사자'에 연일 최고치 [MTN 마감시황]",0.261,1,0,https://news.mtn.co.kr/news-detail/2026042215585746819
2026-04-22,[마감시황] 조선 관련주·LIG디펜스앤에어로스페이스·스페이스X 관련주,0.0,0,0,https://www.joongangenews.com/news/articleView.html?idxno=513944
2026-04-22,"법무법인 바른, 개정 상법 선제 대응…경영 정당성 사전 구축",0.0,0,0,https://www.hankyung.com/article/2026042281261
2026-04-22,"[사설] 중대재해 관련 제도, 예방 중심으로 전환 필요",0.0,0,0,https://www.idomin.com/news/articleView.html?idxno=2004131
2026-04-22,"[IFRS18 인사이트]HD한국조선해양, 환 노출 '수익 변동성' 확대",0.38,1,0,https://www.bloter.net/news/articleView.html?idxno=660256
2026-04-22,코스피 6420선도 돌파…협상 불발에도 강보합,0.322,2,1,https://biz.sbs.co.kr/article_hub/20000305988?division=NAVER
2026-04-22,"KS인더스트리, 마린로보틱스연구소 울산정보산업진흥원 입주 확정",0.0,0,0,https://www.mt.co.kr/stock/2026/04/22/2026042214392598198
2026-04-22,"KS인더스트리, 울산 조선해양 하이테크타운 입주 확정…AI 기반 MRO 사업...",0.0,0,0,https://view.asiae.co.kr/article/2026042214553899658
2026-04-22,[서울아파트거래] 도곡 타워팰리스 3차 전용 235.74㎡ 85억으로 신고가,0.462,1,0,https://www.businesspost.co.kr/BP?command=article_view&num=436236
2026-04-22,중동 불확실성에도 코스피 6404…또 최고치,0.0,0,0,https://www.wolyo.co.kr/news/articleView.html?idxno=311251
2026-04-22,[기획]조선·방산·철강도 파업 전운…산업 생태계 마비 우려,0.0,0,0,https://www.m-i.kr/news/articleView.html?idxno=1366720
2026-04-22,"美 싱크탱크 ""조선업 재건 핵심은 韓…강점은 '온-타임'""",0.0,0,0,https://www.newsis.com/view/NISX20260422_0003601807
2026-04-22,HD현대重 7% 강세…美 데이터센터 발전설비 공급[핫종목],0.322,1,0,https://www.news1.kr/finance/general-stock/6145172
2026-04-22,"HSG성동조선 11월 유조선 건조 개시, “10년 만에 완전 선박 짓는다”",0.38,1,0,http://www.thebigdata.co.kr/view.php?ud=20260422121258711570d99e4c8_23
2026-04-22,"중동 긴장 속 LNG·원유선 발주 증가…K조선, 수주 순항·친환경 전환 가...",0.38,1,0,https://www.newsis.com/view/NISX20260422_0003601582
2026-04-22,HJ중공업·HD현대중공업 등 조선株 일제히 급등한 이유,0.604,2,0,https://www.gukjenews.com/news/articleView.html?idxno=3563506
2026-04-22,HD현대중공업ㆍHJ중공업 급등 이어 삼성중공업 상승...조선주 강세,0.775,3,0,http://www.econonews.co.kr/news/articleView.html?idxno=436493
2026-04-22,한화오션 등 조선주 '장중 급등'...주요 이슈는?,0.408,1,0,http://www.choicenews.co.kr/news/articleView.html?idxno=164252
2026-04-22,美암페라 '컨테이너 원자로' 돌풍···HD현대 SMR '치트키' 될까,0.0,0,0,https://www.newsfreezone.co.kr/news/articleView.html?idxno=686365
2026-04-22,삼성중공업 주가 연속 오름세로 31000원 돌파…양대지수 하락에도,0.537,3,1,https://www.cbci.co.kr/news/articleView.html?idxno=569465
2026-04-22,"삼성중공업 주가, 4월 22일 장중 31,150원 3.15% 상승",0.261,1,0,https://www.joongangenews.com/news/articleView.html?idxno=513792
2026-04-22,"삼성중공업 주가, 4월 22일 장중 31,200원 3.31% 상승",0.261,1,0,https://www.topstarnews.net/news/articleView.html?idxno=16041606
2026-04-22,삼성중공업·대한조선 동반 뱃고동…지금 들어가도 될까,0.583,2,0,https://www.pinpointnews.co.kr/news/articleView.html?idxno=447542
2026-04-22,[서울데이터랩]개장 직후 인기 검색 종목 20選,0.261,1,0,https://www.seoul.co.kr/news/economy/securities/2026/04/22/20260422500036?wlog_tag3=naver
2026-04-22,"美 해군 군수지원함 수주전, 현지 파트너가 희비 갈라",0.38,1,0,https://dealsite.co.kr/articles/160555
2026-04-22,[더벨][PE 포트폴리오 엿보기] 우진기전 EBITDA 2배로…'큐리어스'식 체...,-0.462,0,1,https://www.thebell.co.kr/free/content/ArticleView.asp?key=202604200950005920104128
2026-04-22,"김지형 위원장 ""조선업종 사회적 대화 필요""",0.0,0,0,https://www.labortoday.co.kr/news/articleView.html?idxno=233930
2026-04-22,韓 건조 역량에 美 기술을 더하면…미래 해전 좌우할 ‘차세대 무인함정...,0.0,0,0,https://www.sedaily.com/article/20035415?ref=naver
2026-04-23,"삼성중공업 주가, 연일 상승세... 증권가 전망은",0.645,2,0,https://www.ggilbo.com/news/articleView.html?idxno=1154707
2026-04-23,"삼성중공업, 사내 협력회사와 '아름다운 동행' 모범사례 구축",0.322,1,0,https://www.newsis.com/view/NISX20260423_0003604320
2026-04-23,[주식마감] 트럼프 '휴전 연장' 선언에 중동 재건 기대감↑… 대원전선...,0.0,0,0,https://www.ggilbo.com/news/articleView.html?idxno=1154680
2026-04-23,"삼성중공업, 사내 협력회사와 상생 파트너십 실천",0.322,1,0,https://www.gnnews.co.kr/news/articleView.html?idxno=635596
2026-04-23,"삼성중 협력사, 기술연수원에 감사패…인력 양성·채용 지원 공로",0.0,0,0,https://www.idomin.com/news/articleView.html?idxno=2004296
2026-04-23,천명준 삼성중 기술연수원장 ‘협력사와 상생 공로’ 감사패,0.322,1,0,https://www.busan.com/view/busan/view.php?code=2026042318061163447
2026-04-23,[원자력 연차대회] “SMR 초도호기 리스크 극복해야”,0.0,0,0,https://biz.chosun.com/industry/company/2026/04/23/I3T43AVIHNEONN5OVSEIDZ2L34/?utm_source=naver&utm_medium=original&utm_campaign=biz
2026-04-23,"‘조선 빅3’ 직원 1인 매출 4억원 넘어…한화오션, 압도적 1위",0.0,0,0,https://www.ceoscoredaily.com/page/view/2026042310485006853
2026-04-23,"삼성중공업, 협력사 '동반 성장' 강화…기술연수원 감사패",0.322,1,0,https://www.news1.kr/local/busan-gyeongnam/6147151
2026-04-23,상승 국면서 건설·조선·전선·방산 순환매…테마주는 과열 조정,0.261,1,0,https://www.etoday.co.kr/news/view/2578602
2026-04-23,"""시너지 큰 한·인도 방산협력 … 잠수함·반도체까지 넓혀야""",0.0,0,0,https://www.mk.co.kr/article/12025442
2026-04-23,"HD현대중공업도 '데이터센터' 테마주, '발전용 엔진' 타고 시총 100조 노...",0.261,1,0,https://www.businesspost.co.kr/BP?command=article_view&num=436398
2026-04-23,"[K-조선, FLNG 르네상스①] 오일메이저, ""육상서 바다로""…K-조선, 에너지...",0.38,1,0,https://www.mediapen.com/news/view/1095181
2026-04-23,"코스피, 3일 연속 최고치 마감… 삼성전자 장중·종가 최고치",0.0,0,0,https://www.womennews.co.kr/news/articleView.html?idxno=276678
2026-04-23,"[애프터마켓 브리핑] 코스피, 3거래일 연속 사상 최고치 경신",-0.322,0,1,https://biz.sbs.co.kr/article_hub/20000306299?division=NAVER
2026-04-23,[이격도과열 종목] 대원전선우 코스텍시스 바이젠셀 사피엔반도체 '불기...,0.583,2,0,https://www.pinpointnews.co.kr/news/articleView.html?idxno=448049
2026-04-23,"반도체가 끌고 간 증시… 전문가 ""삼성전자·SK하이닉스 더 내달린다""",0.261,1,0,https://www.pinpointnews.co.kr/news/articleView.html?idxno=448045
2026-04-23,"반도체 훈풍, 코스피 '또 신고가'...하락 종목도 '속출'",0.583,2,1,http://www.choicenews.co.kr/news/articleView.html?idxno=164342
2026-04-23,삼성전자 신고가 돌파…국내 반도체·전력설비·조선주 웃었다 [매경 자...,0.8,3,0,https://www.mk.co.kr/article/12025405
2026-04-23,[거래소 외국인] 역시 삼성전자 집중 매수...SK하이닉스 대한전선 현대...,0.682,2,0,https://www.pinpointnews.co.kr/news/articleView.html?idxno=448030
2026-04-23,[거래소 기관] 삼성전자 삼성중공업 사고 SK하이닉스는 폭풍 매도,0.38,1,0,https://www.pinpointnews.co.kr/news/articleView.html?idxno=448025
2026-04-23,"코스피, 사상 최고 6557 찍고 출렁...반등엔 성공 '사상 최고치' 마감",0.732,3,1,http://www.edaily.co.kr/news/newspath.asp?newsid=04952806645419072
2026-04-23,"코스피, 사흘째 최고치로 마감…장중 6500선 '터치'",0.261,1,0,https://view.asiae.co.kr/article/2026042316024891891
2026-04-23,[서울데이터랩]마감 직후 인기 검색 종목 20選,0.604,2,0,https://www.seoul.co.kr/news/economy/securities/2026/04/23/20260423500189?wlog_tag3=naver
2026-04-23,"[특징주] 삼성중공업, 1분기 실적 기대에 강세…장중 52주 신고가",0.905,3,0,https://www.tokenpost.kr/news/economy/352416
2026-04-23,"[특징주] 삼성중공업, 1분기 호실적 전망에 6%대 강세…52주 신고가",0.905,3,0,https://www.ajunews.com/view/20260423115031116
2026-04-23,"""미국 빅테크도 반했다""··· K조선, AI 열풍에 데이터센터 구원자로",0.0,0,0,https://www.greenpostkorea.co.kr/news/articleView.html?idxno=306573
2026-04-23,"""탄소 줄여라"" 압박에 '암모니아 선박' 부상…조선 3사 기술 각축전",0.0,0,0,https://www.ddaily.co.kr/page/view/2026042217082973346
2026-04-23,[증시 오늘(23일) 핵심 특징주] 코스피 사상 첫 6500선 돌파…SK하이닉스...,0.732,3,0,https://www.thefairnews.co.kr/news/articleView.html?idxno=75158
2026-04-23,"증시에 울리는 뱃고동…조선주, 실적 개선·데이터센터發 수혜 '겹호재...",0.732,2,0,https://www.imaeil.com/page/view/2026042309591269809
2026-04-23,"반도체가 끌어올린 코스피 '6400'…""다음 수익은 어디서 나오나""",0.645,2,0,https://www.widedaily.com/news/articleView.html?idxno=292855
2026-04-23,"[청년 취업 대란]⑩ ""사람이 없다""…채용난의 역설",0.0,0,0,https://www.newspim.com/news/view/20260423000396
2026-04-23,"삼성중공업 주가 10% 도약, 52주 신고가까지…코스피도 6500선 돌파",0.834,3,0,https://www.cbci.co.kr/news/articleView.html?idxno=569689
2026-04-23,"'역대 최고 1분기 영업익' SK하이닉스, 주가 127만8000원..삼성전자 신고...",0.261,1,0,https://www.wolyo.co.kr/news/articleView.html?idxno=311282
2026-04-23,"[더벨][현장 스토리] 스코다JS 맞손잡은 태웅, 원전·SMR 레퍼런스 확보",0.0,0,0,https://www.thebell.co.kr/free/content/ArticleView.asp?key=202604230656108800107833
2026-04-23,삼성중공업ㆍHJ중공업 상승에 급등 반해 HD현대중공업 하락,0.408,2,1,http://www.econonews.co.kr/news/articleView.html?idxno=436565
2026-04-23,"삼성중공업 주가, 4월 23일 장중 32,850원 3.30% 상승",0.261,1,0,https://www.joongangenews.com/news/articleView.html?idxno=514079
2026-04-23,"삼성중공업, 1분기 실적 지난해보다 두배 두둑해진다",0.0,0,0,https://news.einfomax.co.kr/news/articleView.html?idxno=4411162
2026-04-23,"[52주] 최고가 82개, 최저가 1개... 코스피 6500 돌파",0.261,1,0,https://www.itooza.com/common/iview.php?no=2026042309340104848
2026-04-23,같은 코스피 다른 1년...수출·배당 웃고 내수·바이오 울었다,0.261,1,0,http://www.edaily.co.kr/news/newspath.asp?newsid=03083206645419072
2026-04-23,[증시키워드] SK하이닉스 어닝 서프라이즈에 다시 반도체로…삼성SDI·삼...,0.537,2,0,https://www.etoday.co.kr/news/view/2578267
2026-04-23,"중동발 지정학적 리스크, K-조선엔 기회로…에너지 운반선 수주 강세",0.625,2,0,https://www.betanews.net/article/view/beta202604220068
2026-04-23,"삼성重·상선미쓰이, 풍력 보조 LCO₂선 AiP 획득…글로벌 설계 기술 인...",0.0,0,0,https://www.kpinews.kr/newsView/1065565080731699
2026-04-22,"[데이터 뉴스룸] 운송 업체 영업益 성적표 좋아졌지만 웃지 못했다, 왜...",0.0,0,0,https://www.greened.kr/news/articleView.html?idxno=339643
2026-04-27,‘전쟁 여파’ VLCC 발주 21배 폭증… 한화오션도 10척 반사이익,0.38,1,0,https://biz.chosun.com/industry/company/2026/04/27/NNRYYLRGDNGLZLTB3HV7D2BGZU/?utm_source=naver&utm_medium=original&utm_campaign=biz
2026-04-27,"K조선, 美해군 기술동맹으로… 함정 정비 넘어 설계·개발까지",0.38,1,0,https://www.kmib.co.kr/article/view.asp?arcid=1777186028&code=11151400&cp=nv
2026-04-27,삼성 공채 문 열렸다...'삼성고시' GSAT 무슨 시험이길래?,0.0,0,0,https://www.gukjenews.com/news/articleView.html?idxno=3566755
2026-04-27,[데일리 Talk] C조선의 물량 공세에 K조선의 다양화 대응,0.38,1,0,https://m.skyedaily.com/news_view.html?ID=302972
2026-04-26,"정지선, 13살 아들 충격 씀씀이…“월 29만원, 주식으로 구멍 메꿨다”...",0.0,0,0,https://www.tenasia.co.kr/article/2026042675924
2026-04-26,거제·삼성重 손잡고 청년 일자리 만든다,0.0,0,0,http://www.gnmaeil.com/news/articleView.html?idxno=585383
2026-04-26,"삼성중공업, 부유식 데이터센터 미국·영국 인증 확보…글로벌 시장 진...",0.0,0,0,http://www.econonews.co.kr/news/articleView.html?idxno=436782
2026-04-26,"""전자 아닌 삼성 후자"" 한숨 쉬더니…'1800조' 반전의 비결",0.0,0,0,https://www.hankyung.com/article/2026042674351
2026-04-26,"삼성 18곳, 25~26일 이틀간 삼성직무적성검사(GSAT) 실시",0.0,0,0,http://www.efnews.co.kr/news/articleView.html?idxno=129382
2026-04-26,"'슈퍼사이클' 탄 삼성 올해 GSAT 난이도는?…""모의고사보다 쉬워""",0.0,0,0,https://www.hankyung.com/article/2026042676067
2026-04-26,"거제시-삼성중공업, 청년 채용 간담회 개최",0.0,0,0,https://www.gnnews.co.kr/news/articleView.html?idxno=635678
2026-04-26,"삼성, 5년간 6만명 채용 시동…상반기 GSAT 실시",0.0,0,0,https://www.lcnews.co.kr/news/articleView.html?idxno=201328
2026-04-26,무려 70년… 국내기업 최장 공채 '삼성 GSAT',0.0,0,0,http://www.fnnews.com/news/202604261838396915
2026-04-26,"삼성, 2026년 상반기 삼성직무적성검사 실시",0.0,0,0,https://www.hankookilbo.com/news/article/A2026042618240002631?did=NA
2026-04-26,"삼성, 올해 상반기 GSAT 실시 …4대 그룹 중 유일 공채",0.0,0,0,http://www.whitepaper.co.kr/news/articleView.html?idxno=261612
2026-04-26,"삼성, 상반기 공채 GSAT 성료... 미래 이끌 AI 인재 찾는다",0.0,0,0,http://www.newslock.co.kr/news/articleView.html?idxno=129324
2026-04-26,"삼성중공업, 부유식 데이터센터로 '美 시장 노크'",0.0,0,0,http://www.gndomin.com/news/articleView.html?idxno=473704
2026-04-26,2026년 경남 청소년 꿈 캠프 참가자 모집,0.0,0,0,http://www.gndomin.com/news/articleView.html?idxno=473550
2026-04-26,"삼성중공업, 사내 협력회사와 '아름다운 동행'",0.0,0,0,http://www.gndomin.com/news/articleView.html?idxno=473691
2026-04-26,"한화엔진, 신규수주 70% ‘컨선’ 견인…친환경 ‘DF엔진’ 경쟁력 입증",0.38,1,0,https://www.asiatoday.co.kr/view.php?key=20260426010008158
2026-04-26,"'13살에 173cm' 정지선 子, 주식까지 손댔다…""현대차→삼성중공업 투자...",0.0,0,0,http://www.osen.co.kr/article/G1112789195
2026-04-26,호실적에 조선 ETF '질주'…2차전지도 들썩,0.87,3,0,https://www.hankyung.com/article/2026042673811
2026-04-26,'경남 청소년 꿈 캠프' 참가자 모집…5월 15일까지,0.0,0,0,https://www.newsgn.com/news/articleView.html?idxno=548774
2026-04-26,"삼성, 2026년 상반기 삼성직무적성검사 실시…5년간 6만 명 채용",0.0,0,0,https://www.nocutnews.co.kr/news/6508219?utm_source=naver&utm_medium=article&utm_campaign=20260426052756
2026-04-26,"'4대그룹 유일 공채' 삼성, 올해 상반기 GSAT 25~26일 이틀간 실시",0.0,0,0,https://www.tfmedia.co.kr/news/article.html?no=204043
2026-04-26,"""거대언어모델 연산 효율 개선방안은?""",0.0,0,0,https://www.mk.co.kr/article/12027651
2026-04-26,"삼성, 2026년 상반기 삼성직무적성검사(GSAT)실시",0.0,0,0,https://www.betanews.net/article/view/beta202604260013
2026-04-26,"[산업 뉴스브리핑] ""AI 컴퓨팅 생태계 이끌었다""…SK하이닉스, 첫 IEEE 기...",0.0,0,0,https://www.asiatime.co.kr/article/20260426500176
2026-04-26,"삼성, 올해 상반기 GSAT 실시",0.0,0,0,https://www.busan.com/view/busan/view.php?code=2026042615214850866
2026-04-26,"‘4대그룹 유일 공채’ 삼성, 올해 상반기 GSAT 실시",0.0,0,0,https://www.seoul.co.kr/news/economy/2026/04/26/20260426500059?wlog_tag3=naver
2026-04-26,"경남도, 청소년 꿈 캠프 운영…우주항공·방산기업서 '1일 체험캠프'",0.0,0,0,https://www.siminilbo.co.kr/news/newsview.php?ncode=1160274770437970
2026-04-26,"삼성, GSAT 실시…수시채용 흐름 속 공채 유지 ‘주목’",0.0,0,0,https://www.seoultimes.news/news/article.html?no=2000095335
2026-04-26,"삼성, 4대 그룹 유일 공채..상반기 GSAT 실시",0.0,0,0,https://kpenews.com/View.aspx?No=4056353
2026-04-26,"‘4대그룹 유일 공채’ 삼성, 올해도 일자리 창출 나섰다…18개 관계사...",0.0,0,0,https://www.sedaily.com/article/20037174?ref=naver
2026-04-26,"'취업 희망 1위' 삼성맨 첫 관문 GSAT…""어? 모의고사보다 쉽네""",0.0,0,0,https://www.news1.kr/industry/electronics/6149150
2026-04-26,70년 공채 역사 삼성...상반기 '삼성고시' GSAT 실시,0.0,0,0,http://www.fnnews.com/news/202604261101107975
2026-04-26,"삼성, 상반기 GSAT 실시… 18개 관계사 채용 본격화",0.0,0,0,https://www.newscj.com/news/articleView.html?idxno=3396460
2026-04-26,"삼성, 상반기 신입 공채 GSAT 실시…18개 계열사 동시 진행",0.0,0,0,https://www.newsinside.kr/news/articleView.html?idxno=4624003
2026-04-26,"'4대그룹 유일 공채' 삼성, 올해 상반기 GSAT 실시",0.0,0,0,https://biz.sbs.co.kr/article_hub/20000306718?division=NAVER
2026-04-26,"삼성전자 등 18개 계열사, 상반기 신입 공채 GSAT 실시…4대 그룹 유일 ...",0.0,0,0,https://www.betanews.net/article/view/beta202604260011
2026-04-26,4대그룹 유일 공채 '삼성고시' 25~26일 진행,0.0,0,0,http://www.kookje.co.kr/news2011/asp/newsbody.asp?code=0200&key=20260426.99099007272
2026-04-26,"삼성, 상반기 'GSAT' 이틀간 실시...국내기업 중 최장 '70년째 공채'",0.0,0,0,https://www.slist.kr/news/articleView.html?idxno=734741
2026-04-26,"삼성, 상반기 공채 지원자 대상 ‘삼성 고시’ GSAT 실시",0.0,0,0,https://biz.chosun.com/it-science/ict/2026/04/26/MAW3ZMXSAJGVXKKLKCVYN5ZLQE/?utm_source=naver&utm_medium=original&utm_campaign=biz
2026-04-26,"삼성, 상반기 공채 GSAT 실시…주요 계열사 인재 선발",0.0,0,0,https://economist.co.kr/article/view/ecn202604260013
2026-04-26,"삼성, 상반기 직무적성검사 실시...18개 관계사 참여",0.0,0,0,http://www.metroseoul.co.kr/article/20260426500173
2026-04-26,"삼성 18개 계열사, 신입공채 GSAT 진행",0.0,0,0,http://www.segyebiz.com/newsView/20260426506065?OutUrl=naver
2026-04-26,삼성 18개사 상반기 GSAT 실시…70년 공채 역사 이어간다,0.0,0,0,https://www.dnews.co.kr/uhtml/view.jsp?idxno=202604261007390780643
2026-04-26,"거제시, 삼성중공업과 지역인재 육성·청년채용 확대 간담회 열어",0.0,0,0,https://www.idomin.com/news/articleView.html?idxno=2004345
2026-04-26,"삼성전자 포함 삼성 18개 관계사, GSAT 실시",0.0,0,0,https://www.wolyo.co.kr/news/articleView.html?idxno=311367
2026-04-26,"삼성, 2026년 상반기 GSAT 실시…18개 관계사 지원자 대상",0.0,0,0,https://www.youthdaily.co.kr/news/article.html?no=218163
2026-04-26,"삼성, 상반기 GSAT 실시⋯ 삼성전자·삼성D 등 18개 계열사",0.0,0,0,https://www.viva100.com/article/20260426500148
2026-04-26,"삼성, 4대 그룹 유일 ‘공채 정공법’⋯청년 고용 하락 속 ‘6만명 채용...",-0.261,0,1,https://www.etoday.co.kr/news/view/2579196
2026-04-26,"""삼성맨 되실 분?""…올해도 공채 문 활짝 연 JY",0.0,0,0,http://www.edaily.co.kr/news/newspath.asp?newsid=01790886645420056
2026-04-26,"삼성, 신입 공채 관문 'GSAT' 진행…인재 선발 본격화",0.0,0,0,https://www.dailian.co.kr/news/view/1637930/?sc=Naver
2026-04-26,"삼성 18개 관계사, 상반기 삼성직무적성검사 실시",0.0,0,0,https://zdnet.co.kr/view/?no=20260426101021
2026-04-26,"삼성 18개 관계사, 공채 입사 지원자 대상 GSAT 실시",0.0,0,0,https://www.etnews.com/20260426000038
2026-04-26,"""슈퍼사이클 기회 잡자""…취준생들 '삼성고시'에 우르르",0.0,0,0,https://www.hankyung.com/article/202604267077g
2026-04-26,"삼성, 상반기 신입공채 GSAT 실시…18개 관계사 '미래 인재' 확보",0.0,0,0,https://www.news1.kr/industry/electronics/6149107
2026-04-26,"삼성, 18개 관계사 상반기 GSAT 실시…5년간 6만명 채용 계획",0.0,0,0,https://www.newsworks.co.kr/news/articleView.html?idxno=839000
2026-04-26,"삼성, 상반기 GSAT 실시…AI 시대 인재 선발 본격화",0.0,0,0,https://www.pointdaily.co.kr/news/articleView.html?idxno=302851
2026-04-26,"삼성, 상반기 GSAT 실시…70년 공채 유지하며 AI 인재 확보 속도",0.0,0,0,https://www.g-enews.com/view.php?ud=2026042610483282966ed0c62d49_1
2026-04-26,"이재용 '청년' vs 구광모 '스타트업'...삼성·LG, 일자리 창출 '활활'",0.0,0,0,https://www.techm.kr/news/articleView.html?idxno=151339
2026-04-26,'4대 그룹 중 유일한 공채' 삼성 18개 계열사 GSAT 진행,0.0,0,0,https://www.mt.co.kr/industry/2026/04/27/2026042611135849420
2026-04-26,"""5년간 6만명 채용"" 삼성, 18개 계열사 상반기 온라인 GSAT 진행",0.0,0,0,https://www.financialpost.co.kr/news/articleView.html?idxno=256824
2026-04-26,'4대 그룹 유일' 70년째 이어진 삼성 공채 .... 25~26일 삼성고시 'GSAT' 실...,0.0,0,0,http://www.worktoday.co.kr/news/articleView.html?idxno=84050
2026-04-26,"삼성, GSAT 열고 상반기 공채 본격화…AI시대 인재 선발 '박차'",0.0,0,0,https://www.newspim.com/news/view/20260426000027
2026-04-26,"""AI 시대 이끌 인재 찾는다""···70년 공채 전통 삼성, 상반기 GSAT 실시",0.0,0,0,https://www.ajunews.com/view/20260426102230580
2026-04-26,"삼성, 18개 계열사 상반기 온라인 GSAT 진행...""글로벌 AI 인재 발굴""",0.0,0,0,https://www.asiaa.co.kr/news/articleView.html?idxno=247621
2026-04-26,"'삼성고시' GSAT 이틀간 실시…삼성, 상반기 공채 본격화",0.0,0,0,https://www.newsis.com/view/NISX20260426_0003606449
2026-04-26,"삼성, 2026년 상반기 신입사원 공채 GSAT 실시",0.0,0,0,https://www.ddaily.co.kr/page/view/2026042610191696766
2026-04-26,"삼성, 18개 관계사서 2026년 상반기 GSAT 실시",0.0,0,0,https://www.pinpointnews.co.kr/news/articleView.html?idxno=448617
2026-04-26,"삼성, 25~26일 18개 관계사 GSAT 실시… 공채 70주년 맞아",0.0,0,0,https://www.econovill.com/news/articleView.html?idxno=738653
2026-04-26,"삼성 18개사, 상반기 'GSAT' 진행…5월 면접, 최종선발",0.0,0,0,https://www.shinailbo.co.kr/news/articleView.html?idxno=5014989
2026-04-26,‘5년간 6만명’…이재용 약속 담긴 삼성 공채 시작,0.0,0,0,https://www.dt.co.kr/article/12059444?ref=naver
2026-04-26,"삼성, 상반기 GSAT 실시...AI 인재 '공채·육성' 투트랙",0.0,0,0,http://www.4th.kr/news/articleView.html?idxno=2111001
2026-04-26,"[Tech & Now] 삼성, 상반기 신입사원 공채 GSAT 실시…18개 관계사 참여",0.0,0,0,https://www.ebn.co.kr/news/articleView.html?idxno=1706651
2026-04-26,"삼성, 상반기 삼성직무적성검사(GSAT) 실시…18개 계열사 참여",0.0,0,0,http://www.econonews.co.kr/news/articleView.html?idxno=436772
2026-04-26,"거제시, 삼성중공업과 소통 간담회 개최",0.0,0,0,https://www.newsgn.com/news/articleView.html?idxno=548898
2026-04-26,"[K-조선, FLNG 르네상스③] 맞춤형 벗고 친환경 입는다…K-조선, 넥스트...",0.38,1,0,https://www.mediapen.com/news/view/1095663
2026-04-26,[이번주 관심주] 조선업 실적발표 개시...'바다 위 데이터센터' 수혜주...,0.322,1,0,http://www.opinionnews.co.kr/news/articleView.html?idxno=137364
2026-04-26,[증시전망] 신고가 이후 코스피 향방은?…반도체·달러·실적 '주목',0.462,1,0,https://www.digitaltoday.co.kr/news/articleView.html?idxno=660331
2026-04-26,LNG 화물창 로열티 1분기에만 3500억 원…국산화 언제쯤?,0.38,1,0,https://www.news1.kr/industry/general-industry/6148585
2026-04-25,"""가끔 내 뺨 때려본다""...원금 1억으로 126억 만든 블라인드 '투자신' 직...",0.0,0,0,https://www.insight.co.kr/news/551662
2026-04-25,"삼성중공업, 美 바다 위 데이터센터로 공략",0.0,0,0,https://www.job-post.co.kr/news/articleView.html?idxno=214395
2026-04-25,"'자율운항·데이터센터'···K조선, 해양 기반 첨단 산업으로 진화",0.0,0,0,https://www.sisajournal-e.com/news/articleView.html?idxno=420703
2026-04-25,"거제시-삼성중공업, 지역인재 육성 및 청년채용 확대 간담회 개최",0.0,0,0,https://www.viva100.com/article/20260425500033
2026-04-25,[주간 거래소 기관] HD현대중공업 삼성전자 LG에너지솔루션 LG이노텍 쓸...,0.0,0,0,https://www.pinpointnews.co.kr/news/articleView.html?idxno=448479
2026-04-25,[기획] “포스코는 되는데 우리는 왜?”…직고용 바람에 조선업계 ‘난...,0.0,0,0,https://www.sentv.co.kr/article/view/sentv202604230177
2026-04-25,일회성 비용 제거 효과…삼성중공업 마진 개선 신호 뚜렷,0.0,0,0,https://www.pinpointnews.co.kr/news/articleView.html?idxno=448439
2026-04-28,"'중국집 외동아들' 정지선 13살 173cm 子, ""첫 주식에 4배 수익""…놀라운...",0.0,0,0,http://www.osen.co.kr/article/G1112789289
2026-04-28,대기업-투자사-창업 청년 한자리 모인다,0.0,0,0,https://www.donga.com/news/Society/article/all/20260427/133821721/2
2026-04-28,"중동전 반사이익, 조선 3사 1분기 영업익 2조원 전망",0.38,1,0,https://www.donga.com/news/Economy/article/all/20260427/133821922/2
2026-04-28,'마키나락스 공모주' 수요예측 시작...매출과 청약일정 '한눈에',0.0,0,0,https://www.gukjenews.com/news/articleView.html?idxno=3567690
2026-04-28,고부가 LNG·유조선의 힘…한화오션 영업이익 71% 껑충,0.0,0,0,https://www.joongang.co.kr/article/25423824
2026-04-27,"삼성중공업, 자체 개발 '부유식데이터센터'로 미국시장 노크",0.0,0,0,https://www.gnnews.co.kr/news/articleView.html?idxno=635833
2026-04-27,"4월 넷째 주 ETF 시장, 조선·2차전지 강세",0.322,1,0,http://www.newsmaker.or.kr/news/articleView.html?idxno=176549
2026-04-27,K조선 '해상 데이터센터·전력설비' 새 먹거리로 키운다,0.0,0,0,http://www.fnnews.com/news/202604271823171711
2026-04-27,"[이나경의 오션노트] K조선, 해상풍력 투자 느는데...인프라는 '제자리...",0.0,0,0,https://www.ajunews.com/view/20260427181230448
2026-04-27,K조선 '바다위 데이터센터' 뛰어든다,0.0,0,0,https://www.mk.co.kr/article/12028708
2026-04-27,"'쇄빙선 공백' 메운 HD현대…K-조선, 美 시장 놓고 3파전 본격화",0.0,0,0,https://www.thepublic.kr/news/articleView.html?idxno=302674
2026-04-27,"노후 공장, 데이터센터로 바꾼다…AI 전력전쟁 뛰어든 조·석·철",0.0,0,0,https://www.hankyung.com/article/2026042702031
2026-04-27,"거제시, 삼성중공업과 지역인재 육성 및 청년채용 확대 간담회 개최",0.0,0,0,http://www.gndomin.com/news/articleView.html?idxno=473846
2026-04-27,한화오션 1분기 쾌속 순항… 조선 3사 역대급 훈풍 예고,0.0,0,0,https://www.hankookilbo.com/news/article/A2026042717090000193?did=NA
2026-04-27,조선 빅3 중 외인 자금 빠진 HD현대중공업…AI 진출에도 매도세 이어지...,0.0,0,0,https://www.straightnews.co.kr/news/articleView.html?idxno=301167
2026-04-27,"거제시, 양대 조선산단·배후상권 잇는 문화선도산단 본격 구상",0.0,0,0,https://www.newsgn.com/news/articleView.html?idxno=549168
2026-04-27,"[기획] 삼성중공업, 부유식 데이터센터 시장 먼저 움직였다",0.0,0,0,https://www.startuptoday.co.kr/news/articleView.html?idxno=611285
2026-04-27,[이슈분석-한화솔루션 유상증자②] 1.8조 이후가 진짜다··· 2030년 로드...,0.0,0,0,https://www.greenpostkorea.co.kr/news/articleView.html?idxno=306596
2026-04-27,"中 조선소 포화에 韓 조선업 반사 이익… 한화오션, VLCC 10척 수주",0.38,1,0,https://www.thepublic.kr/news/articleView.html?idxno=302642
2026-04-27,"거제시, 청년이 찾는 조선해양 산업문화공간 본격 구상",0.0,0,0,http://www.enewstoday.co.kr/news/articleView.html?idxno=2423702
2026-04-27,"[애프터마켓 브리핑] 코스피, 6600 고지 올라…사상 최고가 경신",0.067,1,1,https://biz.sbs.co.kr/article_hub/20000306943?division=NAVER
2026-04-27,"""바다에서 육지로""…K조선, 'AI 전력난 해법'으로 부상한 사연",0.0,0,0,https://www.newsis.com/view/NISX20260427_0003607533
2026-04-27,"K조선, 차세대 먹거리는 '데이터센터'",0.0,0,0,http://www.fnnews.com/news/202604270757488415
2026-04-27,"'파죽지세' 코스피, 6600도 돌파...반도체주·효성 '껑충'",0.488,2,0,http://www.choicenews.co.kr/news/articleView.html?idxno=164489
2026-04-27,"미국 방산 門 두드리는 HD현대·한화·삼성, 현지 협력 '함정 설계' 참여...",0.0,0,0,https://www.industrynews.co.kr/news/articleView.html?idxno=80471
2026-04-27,"정지선 子, 13세에 주식으로 수익 “현대차 한화오션 삼성중공업 샀다”...",0.0,0,0,https://www.newsen.com/news_view.php?uid=202604271602186310
2026-04-27,"“한화오션·삼성중공업으로 수익”…정지선 13세 子, 주식 투자 고백",-0.261,0,1,https://www.mk.co.kr/article/12028477
2026-04-27,"중동 전쟁에 배 불린 K조선, 1분기 목표 조기 달성",0.0,0,0,https://www.newsclaim.co.kr/news/articleView.html?idxno=3062009
2026-04-27,"거제시, 조선산단·배후상권 잇는 '문화선도산단' 공모 준비 착수",0.0,0,0,https://www.idomin.com/news/articleView.html?idxno=2004456
2026-04-27,"중동전 반사이익, VLCC 발주 21배로…조선3사 1분기 영익 2조 전망",0.38,1,0,https://www.donga.com/news/Economy/article/all/20260427/133819948/1
2026-04-27,"삼성중공업, 차세대 풍력 보조 액화CO₂ 운반선 설계 승인 획득",0.0,0,0,http://www.fieldnews.kr/news/articleView.html?idxno=28194
2026-04-27,"[거제 24시] 거제시, 양대 조선소 연계 '문화선도산단' 모델 구축",0.0,0,0,https://www.sisajournal.com/news/articleView.html?idxno=371026
2026-04-27,"정지선 ‘중1’ 아들 주식 잔고 깜짝 ""현대차 팔고 한화오션·삼성중공...",0.0,0,0,https://www.sportschosun.com/entertainment/2026-04-27/202604270100181720011883
2026-04-27,한화오션 1분기 영업익 4411억 ‘어닝 서프라이즈’…고부가 선박 효과,0.0,0,0,https://www.joongang.co.kr/article/25423652
2026-04-27,"거제시, 양대 조선산단 중심 배후생활권 연계 문화선도산단 구상",0.0,0,0,https://www.news1.kr/local/busan-gyeongnam/6150115
2026-04-27,"'역대급 호황' 조선 3사, 사상 첫 매출 60조 노린다",0.0,0,0,https://www.wowtv.co.kr/NewsCenter/News/Read?articleId=A202604270131&t=NNv
2026-04-27,"AI 데이터센터 폭증에 '메기' 등장···삼성重, 바다에서 해법 찾는 이...",0.0,0,0,https://www.womaneconomy.co.kr/news/articleView.html?idxno=253018
2026-04-27,"삼성, 상반기 GSAT 실시…18개 관계사 일제히 ""AI 인재 잡아라""",0.0,0,0,http://www.dailypop.kr/news/articleView.html?idxno=98371
2026-04-27,"[재계 투데이] 삼성전자, 코랄 인 포커스로 국제어워드 수상 外",0.0,0,0,https://news.dealsitetv.com/articles/169317
2026-04-27,산업·문화·정주·상권 잇는 '거제형 문화선도산단 모델' 구체화,0.0,0,0,https://www.tournews21.com/news/articleView.html?idxno=134321
2026-04-27,"거제시, 삼성重·한화오션과 산업문화공간 조성 추진",0.0,0,0,https://www.newsis.com/view/NISX20260427_0003607663
2026-04-27,"삼성중공업 주가, 4월 27일 장중 33,400원 2.91% 하락",-0.261,0,1,https://www.joongangenews.com/news/articleView.html?idxno=514948
2026-04-27,"'쇄빙 공백' 채운 HD현대···K-조선, 美 '아이스 팩트' 향한 무한 경쟁",0.38,1,0,https://www.newsfreezone.co.kr/news/articleView.html?idxno=687060
2026-04-27,"삼성중공업, 미래 먹거리 ‘부유식데이터센터’ 상용화 앞당긴다",0.0,0,0,https://www.busan.com/view/busan/view.php?code=2026042710105235377
2026-04-27,"삼성그룹 두 노조 이야기...삼성전자 ""총파업"" 엄포 vs 삼성重 '노사 원...",0.38,1,0,http://www.fntimes.com/html/view.php?ud=2026042711124623110d260cda75_18
2026-04-27,"HD현대重, 스웨덴 쇄빙선 계약..극지 특수선 시장 진출 본격",0.0,0,0,http://www.4th.kr/news/articleView.html?idxno=2111025
2026-04-27,"삼성중공업, 3만3700원 조정…조선주 혼조 속 수주 기대와 글로벌 변수...",0.133,1,1,https://www.cbci.co.kr/news/articleView.html?idxno=570419
2026-04-27,"[특징주] 한화엔진, 11%대 강세…1분기 어닝 서프라이즈에 목표가 줄상...",0.537,2,0,https://www.tokenpost.kr/news/economy/353637
2026-04-27,"[ETF 열전] 조선 35% 폭등…AI서 빠진 돈, 배터리·전력으로 갔다",0.408,1,0,https://www.newsworks.co.kr/news/articleView.html?idxno=839036
2026-04-27,"[특징주] 한화엔진, 8%대 급등⋯‘어닝 서프라이즈’로 증권가 목표가 ...",0.604,2,0,https://www.etoday.co.kr/news/view/2579382
2026-04-27,"중국보다 비싸도 줄 선다… K-조선, '신뢰 프리미엄'의 경쟁력",0.0,0,0,http://www.seoulwire.com/news/articleView.html?idxno=718893
2026-04-27,"삼성 18개 관계사, 상반기 삼성직무적성검사(GSAT) 진행",0.0,0,0,https://www.cnbnews.com/news/articleView.html?idxno=1000457
2026-04-27,"삼성, 올 상반기 ‘4대그룹 유일 공채’ GSAT 실시",0.0,0,0,http://www.newstomato.com/ReadNews.aspx?no=1299142&inflow=N
2026-04-27,"""국내 넘어 일본까지""… 외국인 인력 공급 확대 나선 WIHAN TR GROUP",0.0,0,0,https://www.hdhy.co.kr/news/articleView.html?idxno=34280
2026-04-27,[증시키워드] '삼전닉스' 대장주 관심 지속…다시 뜨는 원전·조선·건설,0.38,1,0,https://www.etoday.co.kr/news/view/2579307
2026-04-27,취업시장 흔드는 삼성 공채…GSAT부터 경쟁 치열,0.0,0,0,https://www.kizmom.com/news/articleView.html?idxno=109673
2026-04-27,수시채용 대세 속 공채 지킨 삼성...상반기 GSAT로 AI 인재 선발,0.0,0,0,https://www.insight.co.kr/news/551714
2026-04-27,"[경남 브리핑 모음(4월27일)] 진주시, 2026 아시아 이스포츠 대회서 국제...",0.0,0,0,https://www.dnews.co.kr/uhtml/view.jsp?idxno=202604261457286450669
2026-04-27,"4대 그룹 유일 공채 지킨 삼성, 상반기 GSAT로 신입 선발 돌입",0.0,0,0,http://www.newsroad.co.kr/news/articleView.html?idxno=58541
2026-04-27,"한화오션, 오늘 실적발표…조선 3사 영업익 2조 돌파하나",0.261,1,0,https://www.news1.kr/industry/general-industry/6149247
2026-04-26,"""꼭 합격하고 싶습니다""…이 회사 공채에 취준생 '두근'",0.0,0,0,https://biz.sbs.co.kr/article_hub/20000306718?division=NAVER
2026-04-29,"삼성중공업, 조선업계 최초 '폐기물 매립 제로' 인증",0.0,0,0,https://www.goodkyung.com/news/articleView.html?idxno=286429
2026-04-29,"AI 전력난에 조선업 뜬다…K조선, 'AI 데이터센터' 시장으로 확장",0.0,0,0,https://www.goodkyung.com/news/articleView.html?idxno=286411
2026-04-29,美 해군 차세대 군수함 설계 韓에 맡겼다… MRO 넘어 군함 건조로,0.38,1,0,https://www.g-enews.com/view.php?ud=202604282106365580fbbec65dfb_1
2026-04-29,"100여 명 삶 구하고 떠난 럭비 국대…주중엔 용접공, 주말엔 무보수 코...",0.0,0,0,https://www.hankookilbo.com/news/article/A2026042223410003022?did=NA
2026-04-29,"한국 조선사, 한국 해운사 수주 물량 8.2% 불과…정부, 조선·해운 업계...",0.38,1,0,https://www.viva100.com/article/20260429500005
2026-04-29,중후장대도 웃었다...전력 사이클에 중공업·조선·철강 동반 신고가,0.462,2,1,https://www.wolyo.co.kr/news/articleView.html?idxno=311473
2026-04-28,AI 전력 수요에 올라탄 K조선… 데이터센터 인프라 시장 공략,0.0,0,0,https://sateconomy.co.kr/news/view/1065603445573308
2026-04-28,"삼성重, 조선업 최초 美 UL '폐기물 매립 제로' 인정",0.0,0,0,http://www.gnmaeil.com/news/articleView.html?idxno=585578
2026-04-28,"삼성중공업, 조선업계 최초 '폐기물 매립 제로' 국제 인증 획득",0.0,0,0,https://www.webeconomy.co.kr/news/articleView.html?idxno=2156974
2026-04-28,"최성안 삼성重 부회장 ""LNG 핵심 기자재 국산화 필요…국책선에 실증 기...",0.0,0,0,http://www.fnnews.com/news/202604282036328246
2026-04-28,"두산테스나, 중장기 수요 대응에 투자 확대…삼성SDI, 1분기 영업손실 ...",0.0,0,0,https://www.sisaon.co.kr/news/articleView.html?idxno=200672
2026-04-28,"""기울어진 운동장""…HD현대·삼성중공업 대표 '작심발언'",0.0,0,0,https://www.ddaily.co.kr/page/view/2026042819513857823
2026-04-28,"HD현대重·삼성重 등 조선업계, 산업부 장관에 ""日과 합쳐 中 맞서자""(종...",0.0,0,0,https://news.einfomax.co.kr/news/articleView.html?idxno=4412197
2026-04-28,"삼성重, 조선업계 최초 '폐기물 매립 제로(ZWTL)' 인증···친환경 선도",0.0,0,0,http://www.finomy.com/news/articleView.html?idxno=253803
2026-04-28,'이상균·박정석' 조선·해운 동맹 출범…국적선 공동발주·LNG 수송 협력,0.0,0,0,https://www.shinailbo.co.kr/news/articleView.html?idxno=5016091
2026-04-28,[브리프] 현대차그룹 KGM 한국타이어 한진 삼양그룹 LIGD&A LG상록재단 外,0.0,0,0,http://www.biztribune.co.kr/news/articleView.html?idxno=353226
2026-04-28,"삼성중공업, 조선업계 첫 ‘폐기물 매립 제로’ 인증 획득",0.0,0,0,https://www.g-enews.com/view.php?ud=20260428144823465424debea800_1
2026-04-28,"삼성중공업, 조선업계 첫 '폐기물 매립 제로' 인증…ESG 경영 강화",0.0,0,0,https://www.ddaily.co.kr/page/view/2026042817323574689
2026-04-28,조선·해운 동맹 민관협력체계 출범…'국적선 공동발주' 선언,0.0,0,0,https://www.korea.kr/news/policyNewsView.do?newsId=148963623&call_from=naver_news
2026-04-28,"삼성重, 조선업계 최초 '폐기물 매립 제로' 인증",0.0,0,0,http://www.e2news.com/news/articleView.html?idxno=329958
2026-04-28,"삼성중공업, '폐기물 매립 제로' 인증 획득…""조선업계 최초""",0.0,0,0,https://weekly.hankooki.com/news/articleView.html?idxno=7161969
2026-04-28,최성안 삼성重 부회장 “LNG 화물창 기자재 국산화 필요…실전 기록 쌓...,0.0,0,0,https://biz.heraldcorp.com/article/10727671?ref=naver
2026-04-28,[포토] '이상균·박정석' 조선·해운 원팀 떴다…전략협의회 출범,0.0,0,0,https://www.shinailbo.co.kr/news/articleView.html?idxno=5016078
2026-04-28,[Who Is ?] 강영규 SK오션플랜트 대표이사 사장,0.0,0,0,https://www.businesspost.co.kr/BP?command=article_view&num=436325
2026-04-28,"삼성중공업, 조선업계 최초 폐기물 매립 제로 인증",0.0,0,0,https://www.inthenews.co.kr/news/article.html?no=86211
2026-04-28,LNG 수송발전 MOU 체결,0.0,0,0,https://www.news1.kr/photos/7880749
2026-04-28,이상균 “조선·해운 협의회서 금융지원 논의”…최성안 “화물창 기자...,0.0,0,0,https://www.asiatoday.co.kr/view.php?key=20260428010009156
2026-04-28,[포토]국내 LNG 수송발전을 위한 업무 협약서,0.0,0,0,http://www.edaily.co.kr/news/newspath.asp?newsid=04936406645420712
2026-04-28,LNG 수송 발전 위한 업무협약,0.0,0,0,https://www.yna.co.kr/view/PYH20260428203100013?input=1196m
2026-04-28,"최성안 삼성重 부회장 “LNG선 기자재 국산화, 국책선부터 실적 쌓게 해...",0.0,0,0,https://www.etoday.co.kr/news/view/2580071
2026-04-28,LNG 수송발전 MOU,0.0,0,0,https://www.newsis.com/view/NISI20260428_0021264480
2026-04-28,[포토]조선·해운 상생발전 전략협의회 출범식,0.0,0,0,http://www.edaily.co.kr/news/newspath.asp?newsid=04887206645420712
2026-04-28,"[TOP's Pick] [중후장대] SK㈜, SK에코플랜트 FI 물량 4000억 인수로 지분...",0.0,0,0,https://www.topdaily.kr/articles/109884
2026-04-28,"삼성중공업, 글로벌 인증기관서 '폐기물 매립 제로' 인증 획득",0.0,0,0,https://www.ziksir.com/news/articleView.html?idxno=132344
2026-04-28,"HD현대重·삼성重 등 조선업계, 산업부 장관에 ""日과 합쳐 中 맞서자""",0.0,0,0,https://news.einfomax.co.kr/news/articleView.html?idxno=4412162
2026-04-28,"삼성중공업, ‘폐기물 매립 제로’ 인증 획득…조선업계 첫 사례",0.0,0,0,https://www.news2day.co.kr/article/20260428500232
2026-04-28,[코스피 지수선물 옵션] 현대차·POSCO홀딩스 급등… 선물시장 주도주 교...,0.408,1,0,https://www.pinpointnews.co.kr/news/articleView.html?idxno=449335
2026-04-28,"삼성중공업, 친환경 배 만들고 조선소는 '제로 웨이스트'…녹색 경영 본...",0.0,0,0,https://www.financialpost.co.kr/news/articleView.html?idxno=257192
2026-04-28,“조선-해운 원팀 간다”…W.A.V.E 전략으로 공급망 동맹 구축,0.0,0,0,https://biz.heraldcorp.com/article/10726889?ref=naver
2026-04-28,"삼성중공업, 조선업계 첫 '폐기물 매립 제로' 인증",0.0,0,0,https://www.fetv.co.kr/news/articleView.html?idxno=301379
2026-04-28,"삼성중공업, 폐기물 매립 제로 인증… 자원순환 강화",0.0,0,0,http://www.seoulwire.com/news/articleView.html?idxno=719227
2026-04-28,[거래소 기관] 삼성전자 현대차 폭풍매수...삼성전자우 현대건설은 팔자...,0.0,0,0,https://www.pinpointnews.co.kr/news/articleView.html?idxno=449313
2026-04-28,"[ESG] 삼성重, 조선업계 최초 '폐기물 매립 제로' 인증...자원순환 강화",0.0,0,0,https://www.joongangenews.com/news/articleView.html?idxno=515419
2026-04-28,"삼성중공업, 조선업계 최초 '폐기물 매립 제로' 인증",0.0,0,0,https://www.news1.kr/industry/general-industry/6151616
2026-04-28,"삼성重, 거제 조선소 '매립 제로' 인증···ESG 행보 구체화",0.0,0,0,http://www.enewstoday.co.kr/news/articleView.html?idxno=2424309
2026-04-28,"[중화학 ON] 한전, 미국 PSEG와 765kV 송전망 기술협력 계약 外",0.0,0,0,https://dealsite.co.kr/articles/160918
2026-04-28,"[중공업 & Now] 케이조선, 전기추진 선박 기본승인 획득 등",0.0,0,0,https://www.ebn.co.kr/news/articleView.html?idxno=1706923
2026-04-28,"삼성重, ‘폐기물 매립 제로’ 친환경 인증 획득…조선업계 최초",0.0,0,0,https://biz.chosun.com/industry/company/2026/04/28/E7JPGMWSPJA4DDAFTD5USUU3Q4/?utm_source=naver&utm_medium=original&utm_campaign=biz
2026-04-28,"삼성중공업, 조선업 첫 '폐기물 매립 제로' 인증",0.0,0,0,https://www.newsis.com/view/NISX20260428_0003609853
2026-04-28,"삼성重, 업계 최초 ‘폐기물 매립 제로’ 인증",0.0,0,0,https://www.viva100.com/article/20260428500828
2026-04-28,"[이슈] 삼성중공업, ""버릴 게 없다""…조선업 최초 '매립 제로' 인증",0.0,0,0,https://www.startuptoday.co.kr/news/articleView.html?idxno=611439
2026-04-28,"삼성重, 국내 조선업 최초 '폐기물 매립제로' 인증",0.0,0,0,https://www.newstree.kr/newsView/ntr202604280016
2026-04-28,"삼성중공업, 국내 조선업계 최초로 '폐기물 매립 제로' 인증",0.0,0,0,https://www.yna.co.kr/view/AKR20260428134200003?input=1195m
2026-04-28,"삼성중공업, 조선업계 최초 ‘폐기물 매립 제로’ 인증",0.0,0,0,http://www.lawissue.co.kr/view.php?ud=2026042815353830967191f6c6e_12
2026-04-28,"삼성중공업, '폐기물 매립 제로(ZWTL)' 인증 획득...조선업계 최초",0.0,0,0,http://www.financialreview.co.kr/news/articleView.html?idxno=41977
2026-04-28,"삼성重, '폐기물 매립 제로' 인증 획득...자원순환 기반 ESG 경영 강화",0.0,0,0,https://www.pinpointnews.co.kr/news/articleView.html?idxno=449276
2026-04-28,"삼성중공업, '폐기물 매립 제로' 인증 획득…조선업계 최초",0.0,0,0,https://www.businessplus.kr/news/articleView.html?idxno=111194
2026-04-28,"폐기물이 수익원으로…삼성重, K-조선 최초 '매립 제로' 인증",0.0,0,0,https://www.m-i.kr/news/articleView.html?idxno=1368474
2026-04-28,"삼성重, 조선업계 최초 ‘폐기물 매립 제로’ 인증",0.0,0,0,http://www.kookje.co.kr/news2011/asp/newsbody.asp?code=0200&key=20260428.99099007991
2026-04-28,"삼성중공업, 업계 최초 '폐기물 매립 제로' 인증 받아",0.0,0,0,https://view.asiae.co.kr/article/2026042815241675098
2026-04-28,"삼성중공업, 조선업계 최초 '폐기물 매립 제로(ZWTL)' 인증",0.0,0,0,https://www.todayenergy.kr/news/articleView.html?idxno=297190
2026-04-28,"삼성중공업 ""쓰레기도 돈 된다""…조선업 첫 '매립 제로' 인증",0.0,0,0,https://www.megaeconomy.co.kr/news/newsview.php?ncode=1065593452891079
2026-04-28,차세대 먹거리 떠오른 데이터센터…K조선도 뛰어든다,0.0,0,0,http://www.newstomato.com/ReadNews.aspx?no=1299351&inflow=N
2026-04-28,"바다 위 AI 전쟁···삼성중공업·케펠·나우틸루스, '글로벌 3파전' 후...",0.0,0,0,https://www.newsfreezone.co.kr/news/articleView.html?idxno=687188
2026-04-28,"삼성중공업, 거제 조선소서 ZWTL 인증 획득…""재활용 비율 높인다""",0.0,0,0,http://www.newslock.co.kr/news/articleView.html?idxno=129411
2026-04-28,"삼성重, 폐기물 매립 제로 인증 수여…조선업계 최초",0.0,0,0,https://www.sentv.co.kr/article/view/sentv202604280111
2026-04-28,[기획]반도체 독주가 만든 K-산업 '양극화의 늪',0.38,1,0,https://www.m-i.kr/news/articleView.html?idxno=1368423
2026-04-28,"삼성중공업, '폐기물 매립 제로' 인증…조선업계 첫 사례",0.0,0,0,https://www.dailian.co.kr/news/view/1638924/?sc=Naver
2026-04-28,"삼성중공업, 업계 최초 '폐기물 매립 제로' 인증",0.0,0,0,https://news.tf.co.kr/read/economy/2318033.htm
2026-04-28,"“배가 더 필요해”⋯ 美 장거리 LNG 수요, K-조선 실적 개선 ‘트리거...",0.716,2,0,https://www.viva100.com/article/20260428500734
2026-04-28,"삼성중공업, 친환경 선박 넘어 친환경 사업장으로",0.0,0,0,https://www.newsinside.kr/news/articleView.html?idxno=4630511
2026-04-28,"삼성重, 조선업계 첫 '폐기물 매립 제로' 인증",0.0,0,0,http://www.smedaily.co.kr/news/articleView.html?idxno=356264
2026-04-28,"삼성重, 조선업계 최초 '폐기물 매립 제로' 인증 받아",0.0,0,0,https://www.newspim.com/news/view/20260428000939
2026-04-28,[그래픽] 삼성 인재중시 경영 가속,0.0,0,0,https://www.ceoscoredaily.com/page/view/2026042814203643452
2026-04-28,"남궁금성 삼성重 조선소장 ""폐기물 재활용 노력 인정받았다""",0.0,0,0,http://www.fnnews.com/news/202604281421556527
2026-04-28,[이슈딜] AI 올라탄 조선업…부유식 데이터센터 '새 먹거리' 부상,0.583,1,0,https://news.dealsitetv.com/articles/169414
2026-04-28,"K-조선, 데이터센터 인프라사업 새 먹거리 부상",0.0,0,0,https://www.ekoreanews.co.kr/news/articleView.html?idxno=85778
2026-04-28,"[산업소식] 현대건설, 글로벌 ESG 평가 '건설업 부문 세계 1위' 달성",0.0,0,0,http://www.4th.kr/news/articleView.html?idxno=2111079
2026-04-28,"""5천원 시작해 20만원 수익""... 13살 정지선 아들, 주식 천재 등극?",0.0,0,0,https://www.insight.co.kr/news/551970
2026-04-28,[재계 인사이드] ‘삼성후자’와 ‘SK로닉스’의 희비 쌍곡선,0.0,0,0,https://www.news2day.co.kr/article/20260428500110
2026-04-28,"삼성중공업 주가, 4월 28일 장중 33,450원 보합 유지",0.0,0,0,https://www.joongangenews.com/news/articleView.html?idxno=515259
2026-04-28,"에스엔시스, LNG운반선 기자재 패키지 공급 계약",0.0,0,0,https://www.hankyung.com/article/2026042815866
2026-04-28,"삼성중공업, 3만 원대에서 힘겨루기…중동 변수 속 관망 흐름 이어져",0.261,1,0,https://www.cbci.co.kr/news/articleView.html?idxno=570684
2026-04-28,거제 양대 국가산단에 문화를 입힌다,0.0,0,0,https://www.busan.com/view/busan/view.php?code=2026042809521874613
2026-04-28,"삼성중공업 주가, 4월 28일 장중 동일업종 대비 선방",-0.261,0,1,https://www.topstarnews.net/news/articleView.html?idxno=16046442
2026-04-28,"거제소방서, 포 소화약제 활용 합동 화재진압훈련",0.0,0,0,http://fpn119.co.kr/250336
2026-04-28,"에스엔시스, 삼성중공업과 LNGC 기자재 패키지 공급 계약 체결",0.0,0,0,https://www.digitaltoday.co.kr/news/articleView.html?idxno=660794
2026-04-28,"에스엔시스, 삼성중공업 셀시우스 LNGC 리피트 수주…100억 규모 계약",0.38,1,0,https://daily.hankooki.com/news/articleView.html?idxno=1362195
2026-04-28,"에스엔시스, 삼성중공업 셀시우스 LNGC 3척 리피트 수주",0.38,1,0,https://www.newspim.com/news/view/20260428000203
2026-04-28,조선사들 앞다퉈 데이터센터로,0.0,0,0,http://www.smedaily.co.kr/news/articleView.html?idxno=356230
2026-04-30,"배 엔진이 AI 서버 돌린다, HD현대 AI 인프라 기업으로... 정기선號의 변...",0.0,0,0,https://biz.chosun.com/stock/stock_general/2026/04/30/MFQBEQ3E5NDQNIZUZZ67EBI76I/?utm_source=naver&utm_medium=original&utm_campaign=biz
2026-04-30,[오늘(30일)의 경제·산업 주요 일정·행사] '삼성전자. 2026년 1분기 경...,0.0,0,0,http://www.popcornnews.net/news/articleView.html?idxno=119785
2026-04-30,"""빌려서 띄우고, 앞당겨 만든다""…전쟁이 뒤바꾼 선박시장 수급 공식",0.38,1,0,https://www.ebn.co.kr/news/articleView.html?idxno=1707107
2026-04-30,[WHY&HOW] K-조선 반전드라마 삼성중공업…FLNG 10년 뚝심,0.38,1,0,https://www.dnews.co.kr/uhtml/view.jsp?idxno=202604290923095300055
2026-04-30,"[WHY&HOW] 바다 위 데이터센터 띄우고, 마스가 밀고",0.0,0,0,https://www.dnews.co.kr/uhtml/view.jsp?idxno=202604291338238040131
2026-04-30,"“건조 넘어 정비까지”…K-조선, 美 함정 MRO 시장 본격 공략 [K-정비 벨...",0.38,1,0,https://www.etoday.co.kr/news/view/2580321
2026-04-30,방산·FLNG 다 잡았다…‘최성안호’ 프로젝트 순항 [K-정비 벨트 확장],0.0,0,0,https://www.etoday.co.kr/news/view/2580296
2026-04-30,[단독] HD현대·한화 이어 삼성까지⋯美 함정 'MRO' 전격 참전 [K-정비 벨...,0.38,1,0,https://www.etoday.co.kr/news/view/2580253
2026-04-30,韓 조선이 3시간 빠르다… 중국 메탄올선 멈춰 세운 '암모니아 한 방',0.322,1,0,https://www.g-enews.com/view.php?ud=202604292019413502fbbec65dfb_1
2026-04-30,동양칼럼/ 삼성전자 노조,0.0,0,0,http://www.dynews.co.kr/news/articleView.html?idxno=848825
2026-04-30,[부음] 고창희씨 별세 외,0.0,0,0,https://www.chosun.com/national/obituary-personnel/2026/04/30/LZEIZLK5IZHWXKOZ23I4PD7QPM/?utm_source=naver&utm_medium=referral&utm_campaign=naver-news
2026-04-30,[부고] 고창희씨 外,0.0,0,0,https://www.joongang.co.kr/article/25424533
2026-04-29,"해수부·산업부, 조선-해운 동맹 'W.A.V.E' 전략 발표",0.0,0,0,https://www.klnews.co.kr/news/articleView.html?idxno=320935
2026-04-29,경남 글로벌 창업축제 'GSAT 2026' 개막,0.0,0,0,http://www.gnmaeil.com/news/articleView.html?idxno=585673
2026-04-29,"배경훈 부총리 ""향후 5년이 SMR 선박시장 선점에 중요""",0.0,0,0,https://www.hankyung.com/article/2026042962661
2026-04-29,"삼성중공업, 조선업계 최초 '폐기물 매립 제로(ZWTL)' 인증",0.0,0,0,http://www.gndomin.com/news/articleView.html?idxno=474202
2026-04-29,"AI와 지역 주력산업 결합, 세코서 'GSAT 2026' 개막",0.0,0,0,https://www.newsgn.com/news/articleView.html?idxno=549767
2026-04-29,원전·조선기술 결합 ‘SMR 선박’ 띄운다,0.0,0,0,https://www.sedaily.com/article/20038748?ref=naver
2026-04-29,"""엔진 대신 원자로""…SMR 선박, 탄소중립 해운 '게임체인저'로",0.0,0,0,https://www.ddaily.co.kr/page/view/2026042917053708493
2026-04-29,SMR 선박,0.0,0,0,https://www.mk.co.kr/article/12031091
2026-04-29,"""2035년 소형원자로 선박 건조 착수…중국 따라잡을 것""",0.0,0,0,https://www.dongascience.com/news/view/77658
2026-04-29,SMR 선박 건조 추진···민관 합동 본격화,0.0,0,0,https://www.ziksir.com/news/articleView.html?idxno=132486
2026-04-29,“2035년 SMR 선박 건조 착수”…‘SMR 선박 추진단’ 구성 추진,0.0,0,0,https://www.busan.com/view/busan/view.php?code=2026042916453440033
2026-04-29,"""반도체만 오르는 줄 알았더니""…AI 수혜, 조선株까지 번진다",0.462,1,0,http://www.edaily.co.kr/news/newspath.asp?newsid=05553046645421040
2026-04-29,사법개혁은 없었다,0.0,0,0,https://www.ohmynews.com/NWS_Web/View/at_pg.aspx?CNTN_CD=A0003229634&CMPT_CD=P0010&utm_source=naver&utm_medium=newsearch&utm_campaign=naver_news
2026-04-29,고부가 vs 저가 vs 틈새 ··한·중·일 '친환경 선박' 셈법 갈렸다,0.38,1,0,http://www.enewstoday.co.kr/news/articleView.html?idxno=2424842
2026-04-29,배경훈 부총리 “SMR 선박 상용화 속도내야”…민관 프로젝트 추진,0.0,0,0,https://www.dt.co.kr/article/12060224?ref=naver
2026-04-29,[1% 초고수의 선택] '롯데케미칼' 사고 '바이오' 팔았다,0.0,0,0,https://www.ebn.co.kr/news/articleView.html?idxno=1707122
2026-04-29,SMR 선박 개발 가속화...'민관합동 SMR 선박 추진단' 구성 합의,0.0,0,0,http://www.fnnews.com/news/202604291637217663
2026-04-29,"배경훈 부총리, SMR 선박 기업 간담회 참석",0.0,0,0,https://www.news1.kr/photos/7882971
2026-04-29,"과기부, SMR 선박 기업 간담회",0.0,0,0,https://www.newsis.com/view/NISI20260429_0021266119
2026-04-29,"기획처, 반도체·로봇·조선 등 핵심산업 투자 방향 점검",0.0,0,0,https://www.sedaily.com/article/20038659?ref=naver
2026-04-29,"정부, 2035년 SMR 선박 건조 추진…MSR 기반 민관 협력",0.0,0,0,https://biz.sbs.co.kr/article_hub/20000307540?division=NAVER
2026-04-29,"기획처 ""핵심산업 경쟁력 강화""…전략적 재정투자 모색",0.0,0,0,https://www.ajunews.com/view/20260429160134338
2026-04-29,"정부, 2035년 SMR 선박 건조 착수 추진…민관합동 추진단 구성키로",0.0,0,0,https://news.einfomax.co.kr/news/articleView.html?idxno=4412406
2026-04-29,SMR 선박 개발 본궤도… “AI 기반 검증·인허가 개선이 관건”,0.0,0,0,https://biz.chosun.com/science-chosun/science/2026/04/29/F7GMNTAAXJD25D2LZHMXQ7AB4Y/?utm_source=naver&utm_medium=original&utm_campaign=biz
2026-04-29,"""2035년 'K-SMR 선박' 건조 나서려면 개발 기간 단축해야""",0.0,0,0,https://zdnet.co.kr/view/?no=20260429100224
2026-04-29,"""2035년 SMR 선박 띄운다""…정부·조선 '원팀' 추진단 띄운다",0.0,0,0,https://view.asiae.co.kr/article/2026042910413917436
2026-04-29,2035년 SMR 선박 건조 추진…민관 협력 본격화,0.0,0,0,https://www.yna.co.kr/view/AKR20260429132700017?input=1195m
2026-04-29,'2035 SMR 선박건조' 민관합동 추진단 만든다,0.0,0,0,https://www.shinailbo.co.kr/news/articleView.html?idxno=5016378
2026-04-29,2035년 '원자로 선박' 건조 목표…민관 SMR 추진단 꾸린다,0.0,0,0,https://www.news1.kr/it-science/general-science/6152505
2026-04-29,"""바다 위 원자력 시대""…정부, 2035년 'SMR 선박' 띄운다",0.0,0,0,https://www.newsis.com/view/NISX20260429_0003611007
2026-04-29,"'K-문샷' 올라탄 SMR 선박…배경훈 ""개발 전 단계 전폭 지원""",0.0,0,0,https://www.mt.co.kr/tech/2026/04/29/2026042909371313286
2026-04-29,"기획처 ""국가가 적극 투자자로 나설 전환기…핵심산업 적극 투자""",0.0,0,0,https://www.news1.kr/economy/trend/6152947
2026-04-29,"기획처 ""공급망 불안·기술 경쟁 격화…전략산업 재정투자 확대 모색""",0.0,0,0,https://www.newsis.com/view/NISX20260429_0003611637
2026-04-29,청년 찾는 ‘거제형 문화선도산단’ 만든다,0.0,0,0,https://www.knnews.co.kr/news/articleView.php?idxno=1540591
2026-04-29,"[stock-in] 에스엔시스, MASGA 기대감에 급등…추가 수주 '관건'",0.682,2,0,https://daily.hankooki.com/news/articleView.html?idxno=1362720
2026-04-29,"‘4명 살리고 떠난 럭비 영웅’ 고 윤태일, 퇴근길 참변에도 산재 불인...",0.0,0,0,https://www.dailian.co.kr/news/view/1639353/?sc=Naver
2026-04-29,"KS인더스트리, 조선해양 AI MRO 사업 본격화…이창엽 사장 영입으로 체질...",0.0,0,0,https://www.nbntv.kr/news/articleView.html?idxno=339991
2026-04-29,"삼성중, 조선업계 최초 ‘폐기물 매립 제로’ 인증",0.0,0,0,https://www.busan.com/view/busan/view.php?code=2026042909064640999
2026-04-29,조선·해운산업 상생협력 본격 시동…민관 협력체계 출범,0.0,0,0,https://www.todayenergy.kr/news/articleView.html?idxno=297228
2026-04-29,"삼성중공업, 장중 약세 전환…외국인 매도에 수급 부담 확대",-0.8,0,3,https://www.cbci.co.kr/news/articleView.html?idxno=570999
2026-04-29,"잔인한 계절, 죽은 자와 산 자들의 존엄을 묻다",0.0,0,0,https://newscham.net/articles/116209
2026-04-29,"""최악의 가해는 2심 판결, 중처법 취지 훼손""...아리셀 감형 논란 이유",0.0,0,0,https://news.cpbc.co.kr/article/1172508?division=NAVER
2026-04-29,삼성중공업 계약 취소 '신의 한 수'...유조선 재매각으로 수익+美 리스크...,-0.462,0,1,https://www.theguru.co.kr/news/article.html?no=101188
2026-04-29,"삼성중공업 주가, 4월 29일 장중 32,950원 1.20% 하락",-0.261,0,1,https://www.joongangenews.com/news/articleView.html?idxno=515647
2026-04-29,"삼성중공업 주가, 4월 29일 장중 300원 내린 33,050원 기록",-0.261,0,1,https://www.topstarnews.net/news/articleView.html?idxno=16047432
2026-04-29,"삼성중공업, '폐기물 매립 제로' 인증 획득",0.0,0,0,http://www.paxetv.com/news/articleView.html?idxno=270873
2026-04-29,흔들림 없는 조선업 LNG 운반선 수주···카타르 리스크 '제한적' 관측,0.716,2,0,https://www.todaykorea.co.kr/news/articleView.html?idxno=401204
2026-04-29,"삼성중공업, 조선업계 최초 '폐기물 매립 제로(ZWTL)' 인증 획득",0.0,0,0,https://www.job-post.co.kr/news/articleView.html?idxno=214707
2026-04-29,"하늘엔 우주항공, 땅엔 AI 로봇… 경남, 딥테크 창업 성지 노린다",0.0,0,0,https://www.pinpointnews.co.kr/news/articleView.html?idxno=449485
2026-04-29,4월 28일 주식시장 주요공시,0.0,0,0,https://www.catchnews.kr/news/articleView.html?idxno=123344
2026-04-29,경남 글로벌 창업축제 'GSAT 2026' 개막…'피지컬 AI' 주제,0.0,0,0,https://www.yna.co.kr/view/AKR20260428151600052?input=1195m
2026-04-29,"[N2 모닝 경제 브리핑-4월 29일] 美증시, AI 성장성 우려에 3대 지수 하락...",-0.408,1,2,https://www.news2day.co.kr/article/20260428500100
2026-04-29,"[아리셀 항소심] ""중대재해처벌법 적개심 드러낸 판결""",0.0,0,0,https://www.labortoday.co.kr/news/articleView.html?idxno=234050
2026-05-01,"삼성중공업, 1분기 영업이익 2731억원 '급증'…LNG선 효과 본격 반영",0.322,1,0,https://www.cbci.co.kr/news/articleView.html?idxno=571607
2026-04-30,"삼성중공업, 1분기 영업이익 2731억…전년比 122% 급증",0.0,0,0,https://www.webeconomy.co.kr/news/articleView.html?idxno=2160411
2026-04-30,"삼성중공업, 조선업 '폐기물 매립 제로' 인증...""폐기물 분류·선별 체계...",0.0,0,0,http://www.econonews.co.kr/news/articleView.html?idxno=437209
2026-04-30,"삼성중공업, 1Q 영업익 2731억…전년비 122%↑",0.462,1,0,https://www.fetv.co.kr/news/articleView.html?idxno=301637
2026-04-30,"삼성중공업 1분기 영업이익 2731억 122% 급증, 고수익 선종 건조 확대",0.0,0,0,https://www.businesspost.co.kr/BP?command=article_view&num=436980
2026-04-30,"'조선 1번지' 거제의 선택, 재선 관록이냐 30대 패기냐 [PK 기초지자체 ...",0.0,0,0,https://www.busan.com/view/busan/view.php?code=2026043018290760905
2026-04-30,"삼성중공업, 1분기 영업이익2731억원…전년 대비121.9% 증가",0.0,0,0,https://www.digitaltoday.co.kr/news/articleView.html?idxno=662013
2026-04-30,"LNG선 끌고 FLNG 밀고…삼성중공업, 영업익 122% 급증",0.38,1,0,https://magazine.hankyung.com/business/article/202604309763b
2026-04-30,연내 8000피 가능하다는데…전고점 경신 코스피 '단기조정론' 왜 나오나,0.261,1,0,https://ilyo.co.kr/?ac=article_view&entry_id=510670
2026-04-30,"삼성중공업, 1분기 영업익 2731억…전년비 122%↑",0.0,0,0,https://www.job-post.co.kr/news/articleView.html?idxno=214949
2026-04-30,"삼성重, 1분기 매출 2.9조·영업익 2731억···역대급 분기 성적표",0.0,0,0,http://www.enewstoday.co.kr/news/articleView.html?idxno=2425459
2026-04-30,"삼성중공업, 1Q 영업익 2731억원…전년比 121.9% ↑",0.0,0,0,https://www.1conomynews.co.kr/news/articleView.html?idxno=48394
2026-04-30,"삼성중공업, 1분기 영업이익 2731억…LNG선·FLNG가 실적 견인",0.462,1,0,https://www.g-enews.com/view.php?ud=202604301755251243112616b072_1
2026-04-30,"외국인과 기관, 삼성전자 쌍끌이 매수… 코스피 6750.27 찍고 하락 마감",-0.261,0,1,https://weekly.donga.com/3/all/11/6207544/1
2026-04-30,中 LNG선 조선소 5곳 됐다…“3년이면 韓 추월”,0.38,1,0,https://www.sedaily.com/article/20039286?ref=naver
2026-04-30,"삼성중공업, 1분기 영업익 2731억원…전년 대비122%↑",0.0,0,0,https://www.sidae.com/article/2026043017302814644
2026-04-30,"[그린 인사이드] MSR선박, 2050년 7200조 '블루오션'… 한국 선점 나선다",0.0,0,0,https://www.greenpostkorea.co.kr/news/articleView.html?idxno=306620
2026-04-30,"삼성중공업, 1분기 영업이익 122%↑…“LNG선 건조 증가”",0.0,0,0,https://www.hani.co.kr/arti/economy/economy_general/1256683.html
2026-04-30,"삼성중공업, 1분기 영업이익 2731억원…전년동기 比 122%↑",0.261,1,0,https://www.dnews.co.kr/uhtml/view.jsp?idxno=202604301733357470346
2026-04-30,"삼성중공업, 올해 1분기 영업익 2731억…전년比 122%↑",0.645,2,0,http://www.popcornnews.net/news/articleView.html?idxno=120070
2026-04-30,"삼성중공업, 영업이익 121.9% 증가에도 시장 기대치 미달",0.462,1,0,https://www.tokenpost.kr/news/economy/355033
2026-04-30,[오늘의 주요공시] 삼성전자ㆍ한화에어로스페이스ㆍ키움증권 등,0.0,0,0,https://www.etoday.co.kr/news/view/2581024
2026-04-30,"삼성중, 1분기 영업익 122% 껑충…연매출 12조 향해 ‘순항’",0.0,0,0,http://www.newstomato.com/ReadNews.aspx?no=1299694&inflow=N
2026-04-30,리튬광산 덕분에 … 되살아난 포스코홀딩스,0.0,0,0,https://www.mk.co.kr/article/12032451
2026-04-30,"삼성중공업, 1Q 영업이익 2731억원... 전년比 122% 껑충",0.583,1,0,http://www.newslock.co.kr/news/articleView.html?idxno=129602
2026-04-30,"[종합] 삼성중공업, 1분기 영업익 2731억원…LNG선·FLNG 성장세",0.682,2,0,https://www.news2day.co.kr/article/20260430500260
2026-04-30,"삼성중, 1Q 영업익 2731억…전년대비 122% 증가",0.0,0,0,https://www.shinailbo.co.kr/news/articleView.html?idxno=5016833
2026-04-30,"삼성중공업, 1분기 영업익 2731억원…전년比 122% ↑",0.8,3,0,https://www.mydaily.co.kr/page/view/2026043016253096672
2026-04-30,"삼성중공업, 1분기 영업익 122% 급증…고부가 선박 효과",0.38,1,0,https://biz.sbs.co.kr/article_hub/20000307868?division=NAVER
2026-04-30,"삼성중공업, 1분기 영업익 2731억원… 전년비 122% '↑'",0.0,0,0,https://www.businessplus.kr/news/articleView.html?idxno=111334
2026-04-30,"삼성중공업, 1분기 영업이익 2731억원···전년比 122%↑",0.462,1,0,https://www.seoulfn.com/news/articleView.html?idxno=627836
2026-04-30,"삼성중공업 1분기 영업익 122% 증가…""LNG 운반선 건조 늘어""(종합)",0.0,0,0,https://www.yna.co.kr/view/AKR20260430154851527?input=1195m
2026-04-30,"삼성重, 고부가 선박·FLNG 앞세워 수익성 개선 속도",0.462,1,0,https://www.m-i.kr/news/articleView.html?idxno=1369395
2026-04-30,"[애프터마켓 브리핑] 코스피, 사흘만에 6600선 밑으로",0.0,0,0,https://biz.sbs.co.kr/article_hub/20000307823?division=NAVER
2026-04-30,"삼성중공업, 1분기 영업익 2731억...전년비 122% 증가",0.261,1,0,https://www.newspim.com/news/view/20260430001259
2026-04-30,"[증시 인사이트] 국내증시 동반 하락…""국제유가 급등에 낙폭 확대""",0.682,2,1,https://biz.sbs.co.kr/article_hub/20000307822?division=NAVER
2026-04-30,"[1Q실적] 삼성중공업, '순항 중'…매출 16%↑에 영업익 122% '급증'",0.0,0,0,https://www.financialpost.co.kr/news/articleView.html?idxno=257543
2026-04-30,"삼성중공업, 1분기 영업익 2731억원…전년比 122%↑",0.0,0,0,https://www.sentv.co.kr/article/view/sentv202604300163
2026-04-30,"삼성重, 1분기 매출 2.9조·영업익 2,731억원… 수익성 두 배 '껑충'",0.625,2,0,http://www.newsroad.co.kr/news/articleView.html?idxno=58827
2026-04-30,"삼성중공업, 1분기 영업익 2731억원… 전년비 121.9%↑",0.38,1,0,http://www.seoulwire.com/news/articleView.html?idxno=719737
2026-04-30,"삼성중공업, 1분기 영업이익 2731억원…전년比 122%↑",0.0,0,0,https://www.etnews.com/20260430000392
2026-04-30,"삼성중공업, 1분기 영업익 2731억원⋯전년비 122%↑",0.0,0,0,http://www.inews24.com/view/1965077
2026-04-30,"삼성중공업, 영업익 2700억…전년比 122% '껑충'",0.38,1,0,https://weekly.hankooki.com/news/articleView.html?idxno=7162433
2026-04-30,"삼성重, 고선가 물량 비중 확대로 수익성 '껑충'",0.38,1,0,https://dealsite.co.kr/articles/161165
2026-04-30,"""고수익 선종 건조 증가""…삼성重, 1분기 영업익 122%↑",0.0,0,0,https://daily.hankooki.com/news/articleView.html?idxno=1363354
2026-04-30,"삼성중공업, 1분기 영업익 2,731억원…전년비 121.9%↑",0.462,1,0,http://www.srtimes.kr/news/articleView.html?idxno=202517
2026-04-30,"""LNG선이 실적 끌었다""…삼성중공업, 1분기 영업익 2731억원 전년비 122%...",0.261,1,0,https://www.megaeconomy.co.kr/news/newsview.php?ncode=1065595235994059
2026-04-30,"삼성중공업, 1분기 영업익 2700억…전년比 122% 급증",0.0,0,0,https://www.sedaily.com/article/20039213?ref=naver
2026-04-30,"삼성重, 1분기 영업익 2731억…고부가선·FLNG 호조에 전년 동기比 122%↑",0.0,0,0,http://www.fntimes.com/html/view.php?ud=2026043016242934900d260cda75_18
2026-04-30,"삼성중공업, 1분기 영업익 2731억 '잭폿'…전년 대비 122%↑",0.261,1,0,https://www.newsworks.co.kr/news/articleView.html?idxno=839606
2026-04-30,"外人 투매, 코스피 '출렁'...양대 악재 속 車 주가 '뚝'",-0.261,0,1,http://www.choicenews.co.kr/news/articleView.html?idxno=164684
2026-04-30,"삼성중공업, 1분기 매출 2조9023억원…영업이익 전년 동기 대비 122% 증가",0.0,0,0,http://www.paxetv.com/news/articleView.html?idxno=271071
2026-04-30,"삼성중공업, 올해 1분기 매출·영업익 모두 증가",0.322,1,0,https://www.pointdaily.co.kr/news/articleView.html?idxno=303592
2026-04-30,"삼성중공업, 1Q 영업익 122%↑...연간 목표 달성 '청신호'",0.462,1,0,https://www.dailian.co.kr/news/view/1640034/?sc=Naver
2026-04-30,"삼성중공업, 2026년 1분기 영업익 2731억원…전년 比 122%↑",0.0,0,0,https://www.ajunews.com/view/20260430160937045
2026-04-30,"삼성重, 1Q 영업익 2배지만 '수익 평형' 삐걱…전망치 대폭 미달(종합)",0.0,0,0,https://news.einfomax.co.kr/news/articleView.html?idxno=4412732
2026-04-30,[단독] 케이조선 우협 선정 연기…경영 적합성 여부 막판 진통,0.0,0,0,https://www.hankyung.com/article/202604308506r
2026-04-30,"삼성중공업, 이스라엘 오르카AI와 '차세대 자율운항 솔루션' 강화 맞손",0.0,0,0,https://www.ebn.co.kr/news/articleView.html?idxno=1707350
2026-04-30,"삼성重, 영업이익 전년비 122%↑…고수익 전략 속 수주 확대",0.38,1,0,https://www.ddaily.co.kr/page/view/2026043016143330197
2026-04-30,"삼성중공업, 영업익 2배 이상 '훌쩍'…고선가 선박 효과",0.788,2,0,http://www.edaily.co.kr/news/newspath.asp?newsid=05982726645421368
2026-04-30,"삼성重, 1분기 영업이익 전년동기比 122% ↑…2731억원",0.0,0,0,https://biz.heraldcorp.com/article/10729564?ref=naver
2026-04-30,"삼성중공업, 1분기 영업이익 2731억원…전년 대비 122% 증가",0.0,0,0,https://www.getnews.co.kr/news/articleView.html?idxno=869131
2026-04-30,"[속보]삼성중공업, 1조6851억 해양설비 계약…공사기간 2개월 연장",0.0,0,0,https://www.cbci.co.kr/news/articleView.html?idxno=571490
2026-04-30,"[1보] 삼성중공업, 1분기 영업익 2731억원…전년比 122%↑",0.0,0,0,https://www.news2day.co.kr/article/20260430500246
2026-04-30,"삼성중공업, 1분기 영업익 2731억..전년 대비 122% 증가",0.0,0,0,https://www.mt.co.kr/industry/2026/04/30/2026043015394887348
2026-04-30,"삼성중공업, 1Q 영업익 2731억 전년比 122%↑…""매출 확대·수익성 개선...",0.0,0,0,https://www.newsis.com/view/NISX20260430_0003613668
2026-04-30,"삼성중공업, 1분기 영업익 2731억 원…전년比 121.9% 증가(종합)",0.0,0,0,https://www.news1.kr/industry/general-industry/6154482
2026-04-30,"삼성중공업, 1Q 영업익 2731억 '121.9%↑'…매출 2조9023억",0.0,0,0,https://www.news1.kr/industry/general-industry/6154475
2026-04-30,"삼성重, 1분기 영업익 전년比 122% 뛴 2731억원… 시장 전망치는 하회",0.0,0,0,https://biz.chosun.com/industry/company/2026/04/30/IBT4KSUR7NFILD5OWEFBITDQQ4/?utm_source=naver&utm_medium=original&utm_campaign=biz
2026-04-30,"[2026 1분기 실적] 삼성중공업, 영업익 2731억원…전년비 122%↑",0.682,2,0,https://www.inthenews.co.kr/news/article.html?no=86353
2026-04-30,"삼성중공업, 1분기 영업이익 2731억원…전년比 122% 증가",0.0,0,0,https://www.socialvalue.kr/news/view/1065595687690897
2026-04-30,"삼성중공업, 1분기 영업익 2731억… 전년比 122% '쾌속 항진'",0.0,0,0,http://www.financialreview.co.kr/news/articleView.html?idxno=42056
2026-04-30,"삼성중공업, 1분기 영업익 2731억원…전년비 112% 증가",0.0,0,0,https://news.tf.co.kr/read/economy/2318896.htm
2026-04-30,"삼성중공업, 1분기 영업익 2731억···전년比 122% ↑",0.261,1,0,https://www.ziksir.com/news/articleView.html?idxno=132643
2026-04-30,"삼성중공업, 1분기 영업익 121.9%↑… 매출·순익 동반 성장",0.322,1,0,https://www.newscj.com/news/articleView.html?idxno=3397620
2026-04-30,"삼성중공업, 1분기 매출 2조9023억원…전년比 16% 증가",0.0,0,0,https://www.smarttoday.co.kr/ko-kr/articles/107157
2026-04-30,"삼성중공업, 1분기 영업익 두 배 넘게 증가…LNG선·FLNG 쌍끌이",0.462,1,0,https://zdnet.co.kr/view/?no=20260430155543
2026-04-30,"삼성중공업, 1Q 영업익 2천731억…전망치 대폭 하회(상보)",0.0,0,0,https://news.einfomax.co.kr/news/articleView.html?idxno=4412717
2026-04-30,"[마켓포인트] 삼성重, 1분기 영업익 2731억으로 전년比 122%↑...실적 성...",0.322,1,0,https://www.pinpointnews.co.kr/news/articleView.html?idxno=449989
2026-04-30,"삼성중공업, 영업이익 2731억…전년대비 122%↑",0.261,1,0,https://view.asiae.co.kr/article/2026043015524165457
2026-04-30,"삼성重, 1분기 영업익 122% 급증한 2731억...고부가 선종 확대 '견인'",0.462,1,0,https://www.joongangenews.com/news/articleView.html?idxno=516208
2026-04-30,포스코그룹 1Q 영업익 24.3%↑…철강 부진에도 2차전지 덕에 깜짝실적,0.0,0,0,https://www.mk.co.kr/article/12032368
2026-04-30,"삼성중공업, 1분기 영업익 2731억…122% 급증",0.322,1,0,http://www.fnnews.com/news/202604301544034247
2026-04-30,"삼성중공업, 1분기 영업익 2731억…年목표 '순항'",0.916,3,0,https://www.etoday.co.kr/news/view/2580957
2026-04-30,"삼성중공업, 1Q 영업익 2천731억…전망치 대폭 하회",0.0,0,0,https://news.einfomax.co.kr/news/articleView.html?idxno=4412710
2026-04-30,[1% 초고수의 선택] '코오롱인더' 사고 '건설주' 팔았다,0.261,1,0,https://www.ebn.co.kr/news/articleView.html?idxno=1707322
2026-04-30,"정부, 'SMR 선박' 2035년 건조 추진...글로벌 동향과 과제는?",0.0,0,0,https://www.ekoreanews.co.kr/news/articleView.html?idxno=85816
2026-04-30,‘23만 전자’ 넘보자 초고수 다시 담았다…삼성전자 순매수 1위[주식초...,0.0,0,0,https://www.sedaily.com/article/20039056?ref=naver
2026-04-30,4월 연기금 장바구니 보니 … 2차전지·조선 집중 매수,0.0,0,0,https://biz.newdaily.co.kr/site/data/html/2026/04/30/2026043000100.html
2026-04-30,"삼성중공업, 3만2500원대 등락…뉴욕증시 혼조 속 관망 흐름 이어져",0.0,0,0,https://www.cbci.co.kr/news/articleView.html?idxno=571378
2026-04-30,[단독]산재 공포·인력 부족에 조선업계 로봇 열풍 … HD현대 이어 삼성...,0.0,0,0,https://biz.newdaily.co.kr/site/data/html/2026/04/30/2026043000104.html
2026-04-30,"삼성중공업 주가, 4월 30일 장중 32,650원 1.06% 하락",-0.261,0,1,https://www.joongangenews.com/news/articleView.html?idxno=516043
2026-04-30,"삼성중공업 주가, 4월 30일 장중 32,550원 1.36% 하락",-0.261,0,1,https://www.topstarnews.net/news/articleView.html?idxno=16048530
2026-04-30,"[비즈톡톡] “호황이면 뭐하나, 사람이 없는데”… K조선도 남 일 아닌...",0.0,0,0,https://biz.chosun.com/industry/company/2026/04/30/PJHFW43ROVC67DFVGGNJ65J4LQ/?utm_source=naver&utm_medium=original&utm_campaign=biz
2026-04-30,'금맥'으로 부상한 AI 데이터센터···조선·철강도 가세,0.0,0,0,https://www.sisajournal-e.com/news/articleView.html?idxno=420801
2026-04-30,[부고] 김예동씨(한국극지연구위원장) 모친상,0.0,0,0,https://www.public25.com/news/articleView.html?idxno=45378
2026-04-30,[더벨][에스엔시스 재도약] 선박 배전의 한계를 넘다…해양·데이터센터...,0.0,0,0,https://www.thebell.co.kr/free/content/ArticleView.asp?key=202604280738121520105020
2026-04-30,"[어제장 오늘장] 파죽지세로 오른 코스피, '셀 인 메이'에도 오를까?",0.0,0,0,https://biz.sbs.co.kr/article_hub/20000307640?division=NAVER
2026-04-30,[부고] 김예동 씨(한국극지연구위원장) 모친상,0.0,0,0,https://www.news1.kr/society/general-society/6153504
2026-04-30,"삼성重, 페트로베트남과 조선·에너지 분야 협력 MOU 체결",0.0,0,0,http://www.fnnews.com/news/202604291812414001
2026-05-04,중동전쟁에 선박 발주 급증… ‘슈퍼사이클’ 올라탄 K조선,0.0,0,0,https://www.segye.com/newsView/20260503508239?OutUrl=naver
2026-05-03,"삼성중공업, 1분기 영업익 2731억… 작년보다 122%↑",0.261,1,0,http://www.gnmaeil.com/news/articleView.html?idxno=585794
2026-05-03,"삼성重, 1분기 영업익 2731억원···전년比 122% '껑충'",0.462,1,0,http://www.finomy.com/news/articleView.html?idxno=253940
2026-05-03,"거제시·삼성중공업·한화오션, 조선해양 산업문화공간 조성 추진",0.0,0,0,https://www.gnnews.co.kr/news/articleView.html?idxno=636079
2026-05-03,원유 수급 비상 속 홍해 우회 확대…한국 유조선 두 번째 통과,0.0,0,0,https://www.straightnews.co.kr/news/articleView.html?idxno=301559
2026-05-03,"삼성중공업, 1분기 영업익 2731억 달성",0.261,1,0,http://www.gndomin.com/news/articleView.html?idxno=474275
2026-05-03,"거제시장 변광용 후보, 대학생·청년 정책 발표",0.0,0,0,https://www.newsgn.com/news/articleView.html?idxno=550135
2026-05-03,"정지선 셰프, 13세 子 자식농사 제대로 '성공'…'주식 수익' 공개 ('사당...",0.0,0,0,https://www.mhnse.com/news/articleView.html?idxno=534928
2026-05-03,한화오션 노조의 집기 탈취 '이것은 아니다',0.0,0,0,https://www.gnmaeil.com/news/articleView.html?idxno=585747
2026-05-03,"[지선 D-30][인터뷰]강석주 통영시장 후보 ""위기를 기회로 바꾸겠다""",0.0,0,0,https://www.newsis.com/view/NISX20260427_0003608560
2026-05-03,중동 전쟁이 떼돈 벌게 해준다고?…판 뒤집히자 증권가 들썩 LNG 투자전...,0.0,0,0,https://view.asiae.co.kr/article/2026043016172703533
2026-05-03,[기업家] 삼성전자 ⑧ㅣ 사상 최대 실적 속 노조 갈등 격화…파업·이탈...,0.583,1,0,https://www.cbci.co.kr/news/articleView.html?idxno=571907
2026-05-03,"삼성중공업, 목표주가 4만원으로 상향",0.0,0,0,https://www.getnews.co.kr/news/articleView.html?idxno=869253
2026-05-03,"[Why Now] 런던발 탄소충격 D-200일… 조선 빅3, 30년 갈림길에 서다",0.38,1,0,http://www.newsroad.co.kr/news/articleView.html?idxno=58904
2026-05-03,불붙은 대형 터빈 전쟁 … K해상풍력 전략 시험대[풍력발전 독립의 길을...,0.0,0,0,https://view.asiae.co.kr/article/2026042821532931001
2026-05-03,중동전쟁에 재개된 조선업 '슈퍼사이클'…K조선 순항,0.38,1,0,https://www.hellot.net/news/article.html?no=112409
2026-05-03,"AI 데이터센터 붐 올라탄 선박용 발전엔진, 정기선·김동관 선박엔진 '판...",0.0,0,0,https://www.businesspost.co.kr/BP?command=article_view&num=436938
2026-05-03,코스피 6500 시대의 명암…투자자 시선 쏠린 '수출 대장주' 독주 체제,0.0,0,0,https://www.thefairnews.co.kr/news/articleView.html?idxno=75976
2026-05-02,"중동發 물류 재편…K-조선, '슈퍼사이클' 올라탄다",0.38,1,0,https://www.newsway.co.kr/news/view?ud=2026050220365866402
2026-05-02,중동 전쟁에 선박 발주 급증…조선 슈퍼사이클 다시 돈다,0.38,1,0,https://www.getnews.co.kr/news/articleView.html?idxno=869232
2026-05-02,선박 발주·수주 증가세…조선업계 '초호황기' 진입,0.38,1,0,https://www.ebn.co.kr/news/articleView.html?idxno=1707466
2026-05-02,중동 전쟁에 되살아난 K조선…주가도 날개 달았다,0.38,1,0,https://economist.co.kr/article/view/ecn202605020017
2026-05-02,"북극항로 뚫는 'K-쇄빙선', 트럼프 2기 한미 협력의 새 변수되나",0.0,0,0,http://www.fnnews.com/news/202605021410406098
2026-05-02,"삼성중공업, 1Q 영업익 2731억...전년 比 122%↑",0.0,0,0,http://www.hansbiz.co.kr/news/articleView.html?idxno=836599
2026-05-02,중동전쟁으로 조선업 반등…한국 선박 발주도 증가,0.625,2,0,http://mbn.mk.co.kr/pages/news/newsView.php?category=mbn00003&news_seq_no=5191490
2026-05-02,"조선업계, 세계 발주량 40% 급증… 한국 조선사 수주 잔치",0.625,2,0,https://www.gokorea.kr/news/articleView.html?idxno=865334
2026-05-02,"삼성전자, 지난해 호암재단에 38억 기부... 주요 계열사들도 동참",0.0,0,0,https://www.insight.co.kr/news/552549
2026-05-02,중동발 조선업 '슈퍼사이클'… K조선도 순항,0.38,1,0,https://www.jeonmae.co.kr/news/articleView.html?idxno=1253028
2026-05-02,LNG선 발주 반등에 한국 조선소 점유율 확대,0.625,2,0,https://www.m-i.kr/news/articleView.html?idxno=1369529
2026-05-02,"중동발 '슈퍼사이클' 재점화…K조선, LNG선 앞세워 반등",0.625,2,0,http://mbnmoney.mbn.co.kr/news/view?news_no=MM1005826045
2026-05-02,중동전쟁으로 1분기 글로벌 발주 40% 증가…K조선 순항,0.38,1,0,https://biz.sbs.co.kr/article_hub/20000307989?division=NAVER
2026-05-02,이란 전쟁으로 주춤하던 슈퍼사이클 재개...K-조선 수혜,0.625,2,0,http://www.hansbiz.co.kr/news/articleView.html?idxno=836588
2026-05-02,"삼성전자, 지난해 호암재단에 37.9억원 출연",0.0,0,0,http://www.inews24.com/view/1965213
2026-05-02,"중동전쟁 반사이익 K조선, '슈퍼사이클' 재진입",0.38,1,0,https://www.straightnews.co.kr/news/articleView.html?idxno=301522
2026-05-02,"삼성전자, 2025년 호암재단에 38억원 기부…6월 1일 시상식",0.0,0,0,https://www.segye.com/newsView/20260501507022?OutUrl=naver
2026-05-02,막혔던 바닷길이 돈 된다…전쟁이 불붙인 조선 ‘슈퍼사이클’,0.0,0,0,https://biz.heraldcorp.com/article/10729992?ref=naver
2026-05-02,코스피 6700 돌파…주식판 흔든 ‘스타 2세’ 투자 열풍 [스테크],0.261,1,0,https://www.mk.co.kr/article/12032429
2026-05-02,"중동發 ‘슈퍼사이클’ 재점화…K조선, LNG선 앞세워 반등",0.625,2,0,https://www.dt.co.kr/article/12060464?ref=naver
2026-05-02,최근 5거래일 삼성중공업 주가 변동 현황,-0.261,0,1,https://www.topstarnews.net/news/articleView.html?idxno=16049836
2026-05-02,중동전쟁으로 재개된 조선업 '슈퍼사이클'…K조선도 순항,0.38,1,0,https://www.yna.co.kr/view/AKR20260501040100003?input=1195m
2026-05-02,"[1% 초고수의 주간 선택] '재생에너지' 담고, 삼성전자 '노조리스크' 회...",0.0,0,0,https://www.ebn.co.kr/news/articleView.html?idxno=1707433
2026-05-02,"삼성중공업, 1분기 영업이익 2731억원…주가는 하락 마감",0.067,1,1,https://www.cbci.co.kr/news/articleView.html?idxno=571804
2026-05-06,"중동 리스크가 되살린 발주 사이클… K조선, 신규 수요에 1분기 수주 54...",0.38,1,0,https://www.kmib.co.kr/article/view.asp?arcid=1777961578&code=11151400&cp=nv
2026-05-06,“협력사 경쟁력이 수주 경쟁력”… 지원 늘리는 조선 빅3,0.38,1,0,https://www.chosun.com/economy/industry-company/2026/05/06/F6Q3W6UNERHXXGAEYVTINWGIXQ/?utm_source=naver&utm_medium=referral&utm_campaign=naver-news
2026-05-06,[6·3 지선 후보 인물 탐구] 2. 춘천시장,-0.462,0,1,https://www.kado.net/news/articleView.html?idxno=2048455
2026-05-05,방산·가전·조선까지… 경남 주요 상장사 1분기 호실적,0.823,2,0,http://www.knnews.co.kr/news/articleView.php?idxno=1540900
2026-05-05,"삼성重, 올해 17척 34억달러 수주 달성",0.38,1,0,http://www.gnmaeil.com/news/articleView.html?idxno=585890
2026-05-05,"삼성중공업, '부유식 LNG 저장·재기화설비(FSRU)' 1척 수주...'바다 위 L...",0.38,1,0,http://www.econonews.co.kr/news/articleView.html?idxno=437499
2026-05-05,"[이슈] 삼성중공업, 1분기 실적 발표에 증권가 ""기대 이상""",0.0,0,0,https://www.startuptoday.co.kr/news/articleView.html?idxno=700040
2026-05-05,‘한국산업 오중주(Industrial Quintet)'...“반도체+원자력=복합 생태계...,0.38,1,0,http://www.breaknews.com/1205094
2026-05-05,"삼성중공업, LNG-FSRU 1척 4848억원 수주",0.38,1,0,http://www.gndomin.com/news/articleView.html?idxno=474599
2026-05-05,삼성중궁업 '꿈·사랑 어린이 큰잔치' 개최,0.0,0,0,http://www.gndomin.com/news/articleView.html?idxno=474596
2026-05-05,"한미 조선협력, 건조 넘어 기술·공급망으로…마스가 타고 美 진출 가속",0.0,0,0,https://www.g-enews.com/view.php?ud=20260505091236462724debea800_1
2026-05-05,"K-조선 3사, 하루 1.5조 잭팟...에너지 공급망 '풀세트' 구축",0.38,1,0,https://www.ajunews.com/view/20260505140011070
2026-05-05,"고민정 국회의원 거제 찾아 '교육 인프라, 거제발전 예산 등 변광용 후...",0.0,0,0,https://www.newsgn.com/news/articleView.html?idxno=550360
2026-05-05,"'AI 전력' 만드는 철강·유화·조선…굴뚝기업, 다시 뜨거워진다",0.0,0,0,https://www.hankyung.com/article/2026050562201
2026-05-05,중동전쟁에도 호실적 보인 경남기업은?,0.583,1,0,https://www.idomin.com/news/articleView.html?idxno=2004902
2026-05-05,"삼성중공업, 어린이 날 맞이 가족이 함께하는 특별한 하루",0.0,0,0,https://www.busan.com/view/busan/view.php?code=2026050512303272044
2026-05-05,"거제시, 양대 조선소 조세 행정소송 1심 승소",-0.38,0,1,https://www.newsgn.com/news/articleView.html?idxno=550389
2026-05-05,[기획]철강·조선도 체질 개선…중후장대 '고부가 승부수',0.38,1,0,https://www.m-i.kr/news/articleView.html?idxno=1369860
2026-05-05,"삼성중공업, LNG 부유식 저장·재기화 설비 수주",0.38,1,0,https://news.kbs.co.kr/news/pc/view/view.do?ncd=8553284&ref=A
2026-05-05,"삼성중공업, 지역민과 함께 어린이날 축제…체험·공연 풍성",0.0,0,0,https://www.news1.kr/local/busan-gyeongnam/6157181
2026-05-05,‘호르무즈 봉쇄’가 부른 조선업 호황… K조선에도 물 들어왔다,0.38,1,0,https://www.kmib.co.kr/article/view.asp?arcid=0029775966&code=61141111&cp=nv
2026-05-05,"[주요공시] SK하이닉스, 우리로, 기아, 유니퀘스트, 하림지주, 아모레퍼...",0.38,1,0,https://www.kdpress.co.kr/news/articleView.html?idxno=204981
2026-05-05,[영상] 계약 취소가 3000억 잭팟으로?…삼성중공업의 반전 드라마,0.0,0,0,https://www.theguru.co.kr/news/article.html?no=101232
2026-05-05,중동 전쟁에 중고 유조선 거래 46% 급증…K-조선 ‘반사이익’ 기대 [비...,0.0,0,0,https://biz.heraldcorp.com/article/10730988?ref=naver
2026-05-05,"조선 빅3, 탄력 붙었다…한화오션·HD현대·삼성重 잇단 수주",0.38,1,0,https://www.news2day.co.kr/article/20260504500148
2026-05-05,조선업계 가스선 수주 잇따라,0.38,1,0,https://www.segye.com/newsView/20260504512358?OutUrl=naver
2026-05-05,초대형 LNG선 띄운 중국...고부가 선종 판 흔든다,0.38,1,0,https://www.ebn.co.kr/news/articleView.html?idxno=1707529
2026-05-05,중동 대체항로 뜨자 새 기회 맞는 K조선,0.38,1,0,https://www.seoul.co.kr/news/economy/industry/2026/05/05/20260505031006?wlog_tag3=naver
2026-05-05,"조선 빅3, 하루새 1조5000억 ‘수주 잔치’",0.38,1,0,https://www.donga.com/news/Economy/article/all/20260504/133861037/2
2026-05-04,"삼성중공업, LNG 밸류체인 풀라인업 구축",0.0,0,0,http://www.hansbiz.co.kr/news/articleView.html?idxno=836884
2026-05-04,중동 전쟁에 조선업 반등…운임 급등에 LNG선·VLCC 발주 늘어,0.823,3,0,http://www.metroseoul.co.kr/article/20260504500216
2026-05-04,[5월5일자] 비즈니스포스트 아침의 주요기사,0.0,0,0,https://www.businesspost.co.kr/BP?command=article_view&num=437104
2026-05-04,"거제시, 양대 조선소 상대 조세 행정소송 1심 승소",-0.38,0,1,https://www.newsis.com/view/NISX20260504_0003616987
2026-05-04,"[6·3거제] 고민정 의원, 변광용 지지 호소…교육 인프라 예산 지원 약속",0.0,0,0,https://www.newsis.com/view/NISX20260504_0003616979
2026-05-04,"삼성중공업, LNG-FSRU 1척 4848억 원에 수주",0.38,1,0,https://www.gnnews.co.kr/news/articleView.html?idxno=636244
2026-05-04,"삼성重, '바다 위 LNG 터미널' FSRU 1척 수주···AI 전력공급 대안 주목",0.38,1,0,https://www.ziksir.com/news/articleView.html?idxno=132865
2026-05-04,조선 ‘빅3’ 수주 릴레이…하루새 1조5000억 잭팟,0.38,1,0,http://www.kookje.co.kr/news2011/asp/newsbody.asp?code=0200&key=20260505.22010000544
2026-05-04,"삼성중공업, 4848억 규모 해양플랜트 '바다 위 LNG 터미널 수주'",0.38,1,0,https://www.megaeconomy.co.kr/news/newsview.php?ncode=1065607634371459
2026-05-04,[외환-마감] 外人 주식 폭풍매수로 20원 털썩…이란戰 이후 최저,0.133,1,1,https://news.einfomax.co.kr/news/articleView.html?idxno=4413081
2026-05-04,"삼성중공업, 4848억원 규모 FSRU 수주…올해 누적 34억달러 수주",0.38,1,0,https://www.straightnews.co.kr/news/articleView.html?idxno=301589
2026-05-04,진격의 K조선… 하루 새 1조5천억 수주,0.38,1,0,http://www.fnnews.com/news/202605041822347712
2026-05-04,2년 만에 열린 '럭비 리그'서 한국전력 우승... '장기 기증' 윤태일 추모...,0.0,0,0,https://www.ohmynews.com/NWS_Web/View/at_pg.aspx?CNTN_CD=A0003230908&CMPT_CD=P0010&utm_source=naver&utm_medium=newsearch&utm_campaign=naver_news
2026-05-04,"조선 빅3, 하루 1.5조 잭팟",0.38,1,0,https://www.sedaily.com/article/20040213?ref=naver
2026-05-04,"[기업탐방] 대경벤드, 35년 전통 기반 글로벌 관이음쇠 제조 강자로 도...",0.0,0,0,https://www.businesskorea.co.kr/news/articleView.html?idxno=268946
2026-05-04,"삼성重, 4848억 규모 LNG-FSRU 수주…'AI 전력난' 해법 제시",0.38,1,0,https://www.goodkyung.com/news/articleView.html?idxno=286617
2026-05-04,[유가증권시장 공시] 한화오션 / 삼성중공업 / 현대중공업 등,0.38,1,0,https://www.mk.co.kr/article/12035344
2026-05-04,극지까지 파고든 K조선… 쇄빙선 시장 판도 흔든다,0.38,1,0,http://www.economytalk.kr/news/articleView.html?idxno=421080
2026-05-04,"조선 빅3, 하루 새 1.5조 수주…가스·친환경선으로 K조선 랠리",0.38,1,0,http://www.4th.kr/news/articleView.html?idxno=2111314
2026-05-04,"K조선 3사, 하루 새 1.5조원 수주 랠리",0.38,1,0,https://www.hankyung.com/article/2026050453911
2026-05-04,이란 전쟁에 세계가 ‘선박 품귀’…K조선 하루 새 1.5조 수주,0.38,1,0,https://www.seoul.co.kr/news/economy/industry/2026/05/04/20260504500174?wlog_tag3=naver
2026-05-04,"[오늘의 주요공시·4일] GS건설, 6800억 서초 재건축 수주",0.38,1,0,https://www.safetimes.co.kr/news/articleView.html?idxno=242292
2026-05-04,"강태영 NH농협은행장, 생산적 금융 드라이브…1분기 실적 안정",0.0,0,0,http://www.whitepaper.co.kr/news/articleView.html?idxno=262007
2026-05-04,K-조선 3사 실적 ‘맑음’…중동발 원가 전쟁 변수 ‘승부수’,0.322,1,0,https://www.kukinews.com/article/view/kuk202605040106
2026-05-04,[오늘의 주요공시] 한화오션·삼성중공업·HD현대중공업 등,0.716,2,0,https://www.etoday.co.kr/news/view/2581516
2026-05-04,"삼성重, 4848억 규모 LNG-FSRU 1척 수주···AI 전력난 식힐 '퀵 솔루션...",0.38,1,0,http://www.finomy.com/news/articleView.html?idxno=253992
2026-05-04,"삼성중공업, 4848억 규모 ‘부유식 LNG 저장·재기화설비’ 1척 수주",0.38,1,0,https://www.munhwa.com/article/11586833?ref=naver
2026-05-04,"삼성중공업, LNG-FSRU 1척 4848억원에 수주",0.38,1,0,https://www.webeconomy.co.kr/news/articleView.html?idxno=2161943
2026-05-04,"삼성중공업, 4848억 규모 LNG-FSRU 수주… 'LNG 통합 솔루션' 강화",0.38,1,0,http://www.financialreview.co.kr/news/articleView.html?idxno=42089
2026-05-04,[거래소 외국인] SK하이닉스·삼성전자 집중 매수...시장 방향 바뀌었다,0.0,0,0,https://www.pinpointnews.co.kr/news/articleView.html?idxno=450434
2026-05-04,승승장구하는 K조선…한화오션·삼성중공업 에너지선 수주 릴레이,0.38,1,0,https://www.econovill.com/news/articleView.html?idxno=739398
2026-05-04,[거래소 기관] 반도체·전력 쏠림 심화…삼성전자 SK하이닉스 POSCO홀딩스...,0.0,0,0,https://www.pinpointnews.co.kr/news/articleView.html?idxno=450431
2026-05-04,"[데일리토픽] 삼성重, 1분기 영업익 2731억원···전년比 122% '껑충'",0.462,1,0,http://www.finomy.com/news/articleView.html?idxno=253979
2026-05-04,"""바다 위 LNG 터미널까지 접수""…삼성중공업, 1분기 영업익 122% 증가에 ...",0.38,1,0,http://www.wikileaks-kr.org/news/articleView.html?idxno=187043
2026-05-04,"삼성중공업, '바다위 LNG 터미널' 1척 수주…4850억 규모",0.38,1,0,https://weekly.hankooki.com/news/articleView.html?idxno=7162705
2026-05-04,"삼성중공업, LNG-FSRU 1척 수주…'바다 위 LNG 터미널' 시장 공략",0.38,1,0,https://www.ddaily.co.kr/page/view/2026050410453621174
2026-05-04,"삼성중공업, LNG-FSRU 1척 수주…'LNG 통합 솔루션' 강화",0.38,1,0,https://www.job-post.co.kr/news/articleView.html?idxno=215086
2026-05-04,K-조선 '릴레이 수주'... 하루 새 1.5兆 따냈다,0.38,1,0,http://www.fnnews.com/news/202605041440394309
2026-05-04,"한화오션, 5070억 규모 VLAC 3척 공급…HD현대도 VLGC 3척 수주",0.38,1,0,https://www.mk.co.kr/article/12035117
2026-05-04,"삼성중공업, LNG-FSRU 1척 4848억원 수주",0.38,1,0,https://www.businesskorea.co.kr/news/articleView.html?idxno=268925
2026-05-04,"미국서 '한국 내 군함 건조' 필요성 부각, 한화오션 HD현대중공업 삼성...",0.0,0,0,https://www.businesspost.co.kr/BP?command=article_view&num=437049
2026-05-04,"삼성重, FLNG–LNGC-FSRU 잇는 'LNG 밸류체인' 구축",0.38,1,0,http://www.e2news.com/news/articleView.html?idxno=330114
2026-05-04,"빅3 5월 수주 시작, 삼성重 10년 만에 LNG-FSRU 수주(종합)",0.38,1,0,http://www.thebigdata.co.kr/view.php?ud=202605041450264975570d99e4c8_23
2026-05-04,"'제2 전성기' K-조선 3사, 올해도 수주 순항…""고부가·선종 다양화""",0.38,1,0,https://www.socialvalue.kr/news/view/1065590483080261
2026-05-04,"삼성중공업, 4848억 규모 LNG-FSRU 수주",0.38,1,0,https://www.sisaon.co.kr/news/articleView.html?idxno=200796
2026-05-04,"KS인더스트리, 한화오션서 78억 '잭팟'… 2년 만의 대량 수주로 '턴어라...",0.583,2,0,https://www.nbntv.kr/news/articleView.html?idxno=340016
2026-05-04,"삼성중공업, 4848억원 규모 LNG 부유식 설비 수주",0.38,1,0,https://biz.sbs.co.kr/article_hub/20000308208?division=NAVER
2026-05-04,"삼성중공업, 4848억 규모 LNG 부유식 저장·재기화 설비 1척 수주",0.38,1,0,https://www.newspim.com/news/view/20260504000889
2026-05-04,"삼성중공업, LNG-FSRU 1척 수주…4848억 원 규모",0.38,1,0,https://www.g-enews.com/view.php?ud=20260504122658287924debea800_1
2026-05-04,"[중화학 ON] KAI, 민간 주도 '차세대중형위성 2호' 발사 성공 外",0.38,1,0,https://dealsite.co.kr/articles/161239
2026-05-04,"삼성重, LNG-FSRU 1척 4848억 원 수주…""에너지 공급 해법 부상""",0.38,1,0,http://www.economytalk.kr/news/articleView.html?idxno=421099
2026-05-04,"삼성그룹 영업이익 90%, '반도체'가 쓸어 담았다",0.0,0,0,https://www.pointdaily.co.kr/news/articleView.html?idxno=303779
2026-05-04,"삼성중공업, ‘바다 위 LNG 터미널’ 4848억 원 수주",0.38,1,0,https://www.busan.com/view/busan/view.php?code=2026050411351744783
2026-05-04,"삼성重, LNG-FSRU 1척 수주…4848억원 규모",0.38,1,0,https://www.mydaily.co.kr/page/view/2026050413225747749
2026-05-04,[외환] DXY·달러-엔 반등이 대규모 外人 주식 매수 상쇄…10.50원↓,0.625,2,0,https://news.einfomax.co.kr/news/articleView.html?idxno=4413036
2026-05-04,"삼성중공업, LNG 부유식 저장·재기화 설비 수주",0.38,1,0,https://www.yna.co.kr/view/PYH20260504055800003?input=1196m
2026-05-04,"삼성중공업, LNG-FSRU 수주…에너지 인프라 시장 공략 속도",0.38,1,0,http://www.biztribune.co.kr/news/articleView.html?idxno=353488
2026-05-04,"삼성重, 9년 만에 '부유식 LNG 터미널' 수주",0.38,1,0,https://news.mtn.co.kr/news-detail/2026050410312243287
2026-05-04,"삼성중공업, 4848억원 규모 LNG-FSRU 1척 수주",0.38,1,0,https://www.ebn.co.kr/news/articleView.html?idxno=1707544
2026-05-04,"한화오션, 5월 조선 상장기업 브랜드평판 1위…2위 HD현대중공업·3위 삼...",0.0,0,0,https://www.cbci.co.kr/news/articleView.html?idxno=572077
2026-05-04,"삼성重, LNG-FSRU 1척 4848억원 수주",0.38,1,0,https://www.kukinews.com/article/view/kuk202605040039
2026-05-04,"국내 조선 빅3, 하루 새 1조5000억 수주 낭보 … 친환경 선박 시장 선점...",0.38,1,0,https://biz.newdaily.co.kr/site/data/html/2026/05/04/2026050400137.html
2026-05-04,조선 빅3 처음으로 동반 영업이익률 두 자릿수 시대 연다,0.0,0,0,http://www.thebigdata.co.kr/view.php?ud=202605041227128890570d99e4c8_23
2026-05-04,"삼성重, '바다 위 LNG 터미널' 수주···올해 누적 수주 34억 달러",0.38,1,0,http://www.enewstoday.co.kr/news/articleView.html?idxno=2425913
2026-05-04,"삼성중공업, 바다위 LNG터미널 ‘LNG-FSRU’ 1척 4848억원 수주",0.38,1,0,https://www.inthenews.co.kr/news/article.html?no=86403
2026-05-04,바다 위 LNG 터미널 수요 급증…삼성중공업 수혜 본격화,0.38,1,0,https://www.kizmom.com/news/articleView.html?idxno=109905
2026-05-04,"삼성중공업, 4848억원 규모 LNG-FSRU 수주",0.38,1,0,https://www.insightkorea.co.kr/news/articleView.html?idxno=245806
2026-05-04,"삼성중공업, '바다 위 LNG터미널' LNG-FSRU 수주",0.38,1,0,http://www.kookje.co.kr/news2011/asp/newsbody.asp?code=0200&key=20260504.99099000466
2026-05-04,"삼성중공업, 초고가 LNG-FSRU 수주 '떠다니는 LNG 터미널' 1척에 5천억",0.38,1,0,http://www.smedaily.co.kr/news/articleView.html?idxno=356450
2026-05-04,"삼성重, 4848억 규모 FSRU 수주… AI 전력난 해소할 '바다 위 터미널'",0.38,1,0,https://www.financialpost.co.kr/news/articleView.html?idxno=257741
2026-05-04,"조선 상장기업 2026년 5월 브랜드평판...한화오션, HD현대중공업, 삼성중...",0.0,0,0,https://www.energy-news.co.kr/news/articleView.html?idxno=225138
2026-05-07,"한화엔진, 고수익 제품 수주 호조세…성장 날개 달았다",0.625,2,0,https://www.ebn.co.kr/news/articleView.html?idxno=1707681
2026-05-07,"韓 조선소가 美 해군 '아시아 정비기지'로…K-방산, 무기 팔던 나라서 동...",0.0,0,0,https://www.g-enews.com/view.php?ud=20260506184548806fbbec65dfb_1
2026-05-07,용접 로봇에 ‘AI 눈’ 달아주고… 건설 현장 굴착기 연비 개선,0.0,0,0,https://www.chosun.com/economy/tech_it/2026/05/07/ZUTWSRFISZHEHAOGWMMJN6JGNA/?utm_source=naver&utm_medium=referral&utm_campaign=naver-news
2026-05-06,조선소서 뛰어놀며 어린이날 추억의 배 띄웠죠,0.0,0,0,http://www.gnmaeil.com/news/articleView.html?idxno=586010
2026-05-06,5월 1주 주요 제조업 전망,0.0,0,0,https://www.laborplus.co.kr/news/articleView.html?idxno=40793
2026-05-06,벽·천장 기어다니며 용접 척척…엔비디아도 찍은 ‘조선소 K로봇’,0.0,0,0,https://www.mk.co.kr/article/12038161
2026-05-06,"거제시 ""문화산단 만든다""",0.0,0,0,https://mbcgn.kr/01_new/new01_view.asp?idx=407870
2026-05-06,"[알고 가자, 북극항로] 영하 50도·유빙 뚫고 나아가는 북극용 K선박",0.0,0,0,https://www.busan.com/view/busan/view.php?code=2026050618243531914
2026-05-06,"삼성중, 지역민 참여 어린이날 축제…완전자율운항 선박 승선 체험",0.0,0,0,https://www.idomin.com/news/articleView.html?idxno=2005051
2026-05-06,액화수소 생태계로 뻗어가는 포스코..차세대 고망간강 개발 가속화,0.0,0,0,https://www.mt.co.kr/industry/2026/05/07/2026050614431092166
2026-05-06,조선업 특화된 로봇 개발…용접·수리 인력난 메울것,0.0,0,0,https://www.mk.co.kr/article/12037688
2026-05-06,"협력사 '생산망' 손보는 조선 빅3… ""한 곳 늦으면 전체 건조 일정 흔들...",0.0,0,0,https://www.thepublic.kr/news/articleView.html?idxno=303488
2026-05-06,코스피 7000 뚫고 7300선 안착…삼전 14%·하닉 10%대 급등,0.408,2,1,http://www.sisafocus.co.kr/news/articleView.html?idxno=359659
2026-05-06,"""中 라이벌 위축·LNG 재부각""…삼성중공업, 초부가 FLNG 독주 태세",0.0,0,0,https://www.straightnews.co.kr/news/articleView.html?idxno=301776
2026-05-06,[거래소 외국인] 삼성전자·현대차 쓸어 담고 SK스퀘어 삼성전자우 삼성...,0.0,0,0,https://www.pinpointnews.co.kr/news/articleView.html?idxno=450829
2026-05-06,대미 투자 1호는 LNG 터미널?...조선·철강·플랜트 수요 기대,0.0,0,0,https://www.ebn.co.kr/news/articleView.html?idxno=1707721
2026-05-06,[거래소 기관] 삼성전자 SK하이닉스 던지고 삼성전자우 SK스퀘어 삼성물...,0.537,2,0,https://www.pinpointnews.co.kr/news/articleView.html?idxno=450826
2026-05-06,"'실적 팡파레' 조선업계, 영업이익률 동반 10%대 눈앞",0.583,2,0,https://daily.hankooki.com/news/articleView.html?idxno=1364335
2026-05-06,"거제경찰서, 봄 행락철범죄 및 안전사고 예방 캠페인 실시",0.0,0,0,https://www.newsgn.com/news/articleView.html?idxno=550624
2026-05-06,"삼성중공업, '코스피 7000 시대' 올라탔나…조선·에너지 인프라 강세 부...",0.322,1,0,https://www.cbci.co.kr/news/articleView.html?idxno=572590
2026-05-06,"삼성중, 4848억 규모 LNG-FSRU 1척 수주",0.38,1,0,https://www.knnews.co.kr/news/articleView.php?idxno=1540947
2026-05-06,"삼성중공업, 계약 취소된 유조선 고가에 '리세일' 성공",0.0,0,0,https://www.theguru.co.kr/news/article.html?no=101364
2026-05-06,주인 잃은 유조선이 ‘효자’로… 전쟁이 띄운 K조선 탱커 호황,0.322,1,0,https://biz.chosun.com/industry/company/2026/05/06/72HFMY325ZBEHA2HH6FNDYWFWY/?utm_source=naver&utm_medium=original&utm_campaign=biz
2026-05-06,에너지 운반으로 '물 만난' 조선3사,0.38,1,0,https://view.asiae.co.kr/article/2026050412021899399
2026-05-06,"""삼성중공업, 1분기 실적은 아쉬워…상선+해양의 수주 프로젝트는 순조...",0.38,1,0,https://www.newsquest.co.kr/news/articleView.html?idxno=265782
2026-05-06,"삼성전기·SKT 등 국내 30개사, 2026 다우존스 BIC 월드지수 편입",0.0,0,0,https://news.einfomax.co.kr/news/articleView.html?idxno=4413282
2026-05-06,"거제시, 양대 조선소 상대 54억 조세 소송서 이겼다",-0.38,0,1,https://www.busan.com/view/busan/view.php?code=2026050609172372485
2026-05-06,"조선 3사, 1분기 실적 '훈풍'…원자재 가격 상승 등은 변수",0.261,1,0,https://news.tf.co.kr/read/economy/2319813.htm
2026-05-06,"삼성중공업 주가, 5월 6일 장중 31,850원 1.24% 하락",-0.261,0,1,https://www.topstarnews.net/news/articleView.html?idxno=16052953
2026-05-06,삼성바이오로직스 노조 '독립노조'..삼성전자 노조 연대 성명,0.0,0,0,https://www.datasom.co.kr/news/articleView.html?idxno=208528
2026-05-06,"삼성중공업 주가, 5월 6일 장중 31,800원 1.40% 하락",-0.261,0,1,https://www.joongangenews.com/news/articleView.html?idxno=516938
2026-05-06,[1% 초고수의 개장 선택] '수소 에너지' 담고 '유리기판' 팔았다,0.0,0,0,https://www.ebn.co.kr/news/articleView.html?idxno=1707657
2026-05-06,"수익성 넘어 신뢰 쌓는다…K-조선, 美 함정 MRO 수주 총력전",0.38,1,0,https://www.etnews.com/20260506000097
2026-05-06,"거제시, 양대 조선소 ‘조세 소송’ 1심 승소",-0.38,0,1,https://news.kbs.co.kr/news/pc/view/view.do?ncd=8553705&ref=A
2026-05-06,5월 4일 주식시장 주요공시,0.0,0,0,https://www.catchnews.kr/news/articleView.html?idxno=123470
2026-05-06,"[코스피·코스닥, 한화에어로스페이스 HD현대중공업 삼성중공업 아모레...",0.0,0,0,https://www.public25.com/news/articleView.html?idxno=45681
2026-05-06,"[더벨][현장 스토리] 엔케이, 46년 노하우 담긴 부산 강서구 공장 가보니",0.0,0,0,https://www.thebell.co.kr/free/content/ArticleView.asp?key=202604292225376800105519
2026-05-06,7000선 돌파 기대 키운 코스피⋯지난달 107개 종목 ‘지수 초과 수익’ ...,0.732,3,0,https://www.etoday.co.kr/news/view/2581517
2026-05-06,"[N2 모닝 경제 브리핑-5월 6일] 美 증시, 반도체주 랠리에 S&P500·나스닥...",0.38,1,0,https://www.news2day.co.kr/article/20260504500121
2026-05-08,"업종별 운명 가른 중동 전쟁…조선·정유 '웃고', 항공·배터리 '울고'",0.583,1,0,https://www.ajunews.com/view/20260507152415933
2026-05-08,‘비싼 선박 골라 수주’ 주효했다… 조선 ‘빅3’ 합산 영업익 2조원 돌...,0.38,1,0,https://www.kmib.co.kr/article/view.asp?arcid=1778140453&code=11151400&cp=nv
2026-05-08,"삼성중공업, 급등세 커브...4천848억원 규모 FSRU 1척 수주",0.682,2,0,https://www.cbci.co.kr/news/articleView.html?idxno=572960
2026-05-07,"삼성중공업, 1분기 영업익 2731억 전년 보다 122% 급증",0.0,0,0,https://www.polinews.co.kr/news/articleView.html?idxno=730459
2026-05-07,[단독] ‘바다 위’ 터미널 수주까지 일석이조?…“알래스카도 검토 중...,0.38,1,0,https://news.kbs.co.kr/news/pc/view/view.do?ncd=8555540&ref=A
2026-05-07,[지방선거 여론조사] ① 거제시장,0.0,0,0,https://mbcgn.kr/01_new/new01_view.asp?idx=407932
2026-05-07,경남 3개 기업 LNG-FSRU 개조 계약 지원 3억 달러 가치 창출,0.0,0,0,http://www.gnmaeil.com/news/articleView.html?idxno=586105
2026-05-07,자율운항선박 위한 실제 운항 데이터 수집 개시,0.0,0,0,http://www.edaily.co.kr/news/newspath.asp?newsid=07701446645446624
2026-05-07,"계약 해지 유조선, 전쟁 특수에 '웃돈' 받고 판다… 수익 자산 변신",0.0,0,0,https://www.thepublic.kr/news/articleView.html?idxno=303629
2026-05-07,"조선 빅3, 1분기 영업이익 2조원 돌파…고선가 선박 효과 본격화",0.583,2,0,https://www.g-enews.com/view.php?ud=20260507180944866824debea800_1
2026-05-07,조선업 슈퍼사이클…'빅3' 1분기 합산 영업이익 2조 돌파,0.732,2,0,https://www.sisajournal.com/news/articleView.html?idxno=372111
2026-05-07,"K-조선 3사, 1분기 영업익 2조 돌파…'연간 영업익 9조' 정조준",0.261,1,0,https://www.news1.kr/industry/general-industry/6159968
2026-05-07,"조선 빅3, 1분기 합산 영업익 2조 돌파",0.261,1,0,https://www.bigtanews.co.kr/article/view/big202605070015
2026-05-07,"조선업 빅3, 1분기 영업이익 48% 증가…고수익 선종 수주 확대",0.38,1,0,http://mbnmoney.mbn.co.kr/news/view?news_no=MM1005829704
2026-05-07,"HD현대重, '힘센엔진' 데이터센터 입성에 쏠린 눈",0.0,0,0,https://www.bloter.net/news/articleView.html?idxno=661577
2026-05-07,"""'고부가 선박 수주' 전략 통했다""...빅3 조선사 1분기 합산 영업익 2조...",0.38,1,0,https://www.livebiz.today/news/articleView.html?idxno=201978
2026-05-07,전쟁 덕분에 '꿈의 수익률' 달성…하루 사이 '1.5조' 터졌다,0.38,1,0,https://www.hankyung.com/article/2026050723081
2026-05-07,"1분기 호실적 삼성중공업, 후판값 협상에 촉각",0.583,1,0,https://www.newsway.co.kr/news/view?ud=2026050616360426719
2026-05-07,"코스피, 또 올랐다..'외인' 던지고 '개인' 받고",0.0,0,0,https://www.straightnews.co.kr/news/articleView.html?idxno=301909
2026-05-07,"K조선 '슈퍼사이클', K반도체만큼은 아니지만 '돋보이네'",0.583,1,0,https://economist.co.kr/article/view/ecn202605070041
2026-05-07,"조선 3사, 1분기 실적도 훨훨…HD한국조선해양, 수주 목표 50% 늘었지만...",0.38,1,0,http://www.consumernews.co.kr/news/articleView.html?idxno=755362
2026-05-07,"해운 탄소세 도입 미뤄졌지만...""조선업 체질 개선 여전히 시급""",0.38,1,0,https://www.newspenguin.com/news/articleView.html?idxno=21588
2026-05-07,[단독] 美 조선업 인력 서울대가 키운다... 샌디에이고대학에 조선 전공...,0.0,0,0,https://biz.chosun.com/policy/policy_sub/2026/05/07/WZ4V6MAPXZEXBO4JWWQFNDWG6U/?utm_source=naver&utm_medium=original&utm_campaign=biz
2026-05-07,외국인 역대급 순매도에도 개인·기관 '사자'에 코스피 신고가,0.645,2,0,http://www.sisafocus.co.kr/news/articleView.html?idxno=359730
2026-05-07,"HD한국조선해양, FDC 시장 자신감‥1분기 영업익 58%↑",0.0,0,0,https://www.asiatoday.co.kr/kn/view.php?key=20260507010001616
2026-05-07,"국내 조선 빅3, 1분기 영업이익 합산 2조원…48% 증가",0.38,1,0,https://www.yna.co.kr/view/AKR20260507155600003?input=1195m
2026-05-07,"[애프터마켓 브리핑] 현대차 그룹주, 아틀라스 작동 영상 공개에 강세",0.537,2,0,https://biz.sbs.co.kr/article_hub/20000308865?division=NAVER
2026-05-07,[코스피 지수선물 옵션] 방산·조선은 흔들리고 반도체는 질주…선물시...,0.0,0,0,https://www.pinpointnews.co.kr/news/articleView.html?idxno=451126
2026-05-07,"外人 투매에도, 코스피 '또 신고가'...반도체·건설주 '껑충'",0.732,2,0,http://www.choicenews.co.kr/news/articleView.html?idxno=164936
2026-05-07,[거래소 외국인] 삼성전자 2조 넘게 던졌다…두산에너빌리티 KB금융 POSC...,0.0,0,0,https://www.pinpointnews.co.kr/news/articleView.html?idxno=451110
2026-05-07,[서울데이터랩]마감 직후 인기 검색 종목 20選,0.537,2,0,https://www.seoul.co.kr/news/economy/securities/2026/05/07/20260507500204?wlog_tag3=naver
2026-05-07,"HD한국조선해양, 1분기 영업이익 1.3조…K-조선 쾌속 항해",0.788,2,0,https://www.etnews.com/20260507000293
2026-05-07,"HD현대중공업, 호실적에 7% 상승…조선주 동반 강세[핫종목]",0.853,3,0,https://www.news1.kr/finance/market-exr/6159704
2026-05-07,"삼성중공업, LNG-FSRU 1척 4천8백억원 수주",0.38,1,0,https://www.todayenergy.kr/news/articleView.html?idxno=297366
2026-05-07,HD현대重 영업益 9054억..'한화오션+삼성重'보다 많아[조선Big3분석],0.0,0,0,https://www.smarttoday.co.kr/ko-kr/articles/107285
2026-05-07,"HD한국조선해양, 1분기 영업이익 1조3560억... ‘조선 빅3’ 합산 영익 ...",0.87,2,0,https://www.chosun.com/economy/industry-company/2026/05/07/SFBARVSMI5AC5MQVVGMNGX5KTI/?utm_source=naver&utm_medium=referral&utm_campaign=naver-news
2026-05-07,‘반도체 쏠림’ 넘어선 ‘증시 잠식’… 삼전·하이닉스가 삼킨 코스피,0.408,1,0,https://biz.chosun.com/stock/stock_general/2026/05/07/TTQYKUGOGBBSXNQ6AGNEREGTTU/?utm_source=naver&utm_medium=original&utm_campaign=biz
2026-05-07,"중동 전쟁이 부른 수주 폭풍…K-조선, 다시 뛴다",0.38,1,0,http://www.newsprime.co.kr/news/article.html?no=732656
2026-05-07,"조선 빅3, 하루 1.5조 수주...'고부가 선종' 선별 경쟁 본격화",0.38,1,0,http://www.popcornnews.net/news/articleView.html?idxno=120430
2026-05-07,"""중대재해 근절"" 강조한 정부, 조선소 원·하청 산재 현황은 비공개",-0.38,0,1,https://www.idomin.com/news/articleView.html?idxno=2005088
2026-05-07,"""LNG선 호황 믿었다간 위험""…조선업 공급과잉 경고",0.067,1,1,https://www.newstree.kr/newsView/ntr202605070012
2026-05-07,HD현대중공업 7% 급등 이어 삼성중공업ㆍHJ중공업 상승,0.775,3,0,http://www.econonews.co.kr/news/articleView.html?idxno=437677
2026-05-07,"삼성중공업 주가, 5월 7일 장중 32,150원 0.94% 상승",0.261,1,0,https://www.joongangenews.com/news/articleView.html?idxno=517402
2026-05-07,"삼성重, 아시아서 4800억 규모 액화천연가스 설비 수주",0.38,1,0,https://www.ksg.co.kr/news/main_newsView.jsp?pNum=147143
2026-05-07,"삼성중공업 주가, 5월 7일 장중 32,050원 0.63% 상승",0.261,1,0,https://www.topstarnews.net/news/articleView.html?idxno=16053841
2026-05-07,"선박에서 인프라까지… 티엠씨, 고부가가치 광케이블로 사업 다각화 박...",0.38,1,0,https://www.pinpointnews.co.kr/news/articleView.html?idxno=450983
2026-05-07,"[로드픽] IMO가 바다 회계 기준 바꾼다… 해운은 비용 전쟁, 조선은 인증...",0.0,0,0,http://www.newsroad.co.kr/news/articleView.html?idxno=59017
2026-05-07,"美 트럼프 행정부, 차세대 친환경선 'SMR 선박' 개발 검토",0.0,0,0,https://www.theguru.co.kr/news/article.html?no=101402
2026-05-07,[더벨][thebell interview | 에스엔시스 재도약] '신조 납품에서 애프터마...,0.0,0,0,https://www.thebell.co.kr/free/content/ArticleView.asp?key=202604302237134480109548
2026-05-07,"트럼프 반대에 '해운 탄소세' 또 연기…K-조선 ""속 탄다""",-0.322,0,1,https://www.news1.kr/industry/general-industry/6158555
2026-05-07,[후보의 자격] 고수온 피해 상시 재난…기후변화 대응 접근 방식 차이,0.0,0,0,https://www.idomin.com/news/articleView.html?idxno=2005075
2026-05-11,[주간수급리포트] 코스피 7500선 '바짝'⋯외국인 6조 매도 폭탄을 개인·...,0.261,1,0,https://www.etoday.co.kr/news/view/2582850
2026-05-11,북극항로 개발 기대감...LNG선 이을 쇄빙선 시장 뜬다,0.0,0,0,https://www.ebn.co.kr/news/articleView.html?idxno=1708025
2026-05-11,"K조선 위상, 친환경 선박 수주로 계속된다",0.38,1,0,https://news.ifm.kr/news/articleView.html?idxno=470650
2026-05-11,"코스피, 1만 넘어 2만도 바라본다 [홍길용의 화식열전]",0.0,0,0,https://biz.heraldcorp.com/article/10734719?ref=naver
2026-05-11,반도체 너머 조선·이차전지·건설…하반기 업종별 실적 희비 엇갈린다,0.716,2,0,https://www.thefairnews.co.kr/news/articleView.html?idxno=76503
2026-05-10,[기자의 시각]유권자,0.38,1,0,https://www.gnnews.co.kr/news/articleView.html?idxno=636545
2026-05-10,“오답률 99%”…삼성 입사시험에서 가장 어렵다는 전설의 문제 1위,0.0,0,0,https://www.wikitree.co.kr/articles/1135790
2026-05-10,"삼성물산, 재생에너지 플랜트에 ‘디지털 트윈’ 심는다",0.0,0,0,https://www.sedaily.com/article/20042229?ref=naver
2026-05-10,"삼성중공업 노동자, 변광용 후보 지지선언 ""내국인 고용확대, 노동권익...",0.0,0,0,https://www.newsgn.com/news/articleView.html?idxno=551180
2026-05-10,"조선소 자동화, ‘미래 투자’서 실적 변수로…스마트야드 구축 속도",0.0,0,0,http://www.metroseoul.co.kr/article/20260510500156
2026-05-10,"글로벌 AI 강자 손잡고…K조선, 자율운항 패권 노린다",0.0,0,0,https://www.sedaily.com/article/20042174?ref=naver
2026-05-10,친환경 선박 발주 '반등'... K-조선 '슈퍼사이클'은 계속된다,0.322,1,0,http://www.fnnews.com/news/202605101020485491
2026-05-10,"한국재료연구소, 7일 재료연구 50주년 기념 포럼 개최 '소재 혁신으로 ...",0.0,0,0,https://www.imaeil.com/page/view/2026051009410268120
2026-05-10,“중국 조선 싹쓸이 속 한국은 고부가 승부”…삼성중공업 영업익 122% ...,0.38,1,0,https://www.megaeconomy.co.kr/news/newsview.php?ncode=1065570944244452
2026-05-10,"삼성중공업, 3만1000원대 밀리며 흔들…미국·이란 불안한 휴전 속 조선...",0.0,1,1,https://www.cbci.co.kr/news/articleView.html?idxno=573456
2026-05-10,"조선3사, 1분기 영업익 2조 돌파...성장세 지속",0.732,3,0,http://www.hansbiz.co.kr/news/articleView.html?idxno=837721
2026-05-10,[기업기상도] 장대비 내리다 갠 기업 vs 비구름 몰려와 흐린 기업,0.0,0,0,http://www.yonhapnewstv.co.kr/news/MYH20260509131014wCw
2026-05-10,"LNG선 타고 수익성↑…K조선 빅3, 1분기 영업익 2조원 돌파",0.645,2,0,https://www.wolyo.co.kr/news/articleView.html?idxno=311911
2026-05-10,"K조선 빅3, 1분기 영업익 2조 돌파…""슈퍼사이클 본격화""",0.732,2,0,https://www.newsis.com/view/NISX20260508_0003622106
2026-05-09,"재료硏, 50주년 기념포럼 '국가 미래소재 혁신전략' 개최",0.0,0,0,https://www.nocutnews.co.kr/news/6514556?utm_source=naver&utm_medium=article&utm_campaign=20260509045832
2026-05-09,"“中 70% 독주 맞선다""…한미 ‘조선 동맹’ 본격화",0.0,0,0,http://www.metroseoul.co.kr/article/20260509500003
2026-05-09,호르무즈 쇠사슬 묶인 'K-중화학'…모처럼 호황 조선업도 위험,0.0,0,0,https://www.newsworks.co.kr/news/articleView.html?idxno=840143
2026-05-09,"산업통상부-해양수산부, '자율운항선박 AI 데이터플랫폼 사업'  출범...""...",0.0,0,0,http://www.econonews.co.kr/news/articleView.html?idxno=437833
2026-05-09,"KR 한국선급 ""IMO 해양환경기준 국제전문가그룹 의장 맡아""",0.0,0,0,https://www.webeconomy.co.kr/news/articleView.html?idxno=2166509
2026-05-09,"삼성중공업, LNG-FSRU 수주 확대 속 고점 조정…FLNG 성장성은 유지",0.625,2,0,https://www.topstarnews.net/news/articleView.html?idxno=16056075
2026-05-09,韓·美 '마스가' 프로젝트 시동 건다…1500억달러 조선 협력 본격화,0.0,0,0,https://www.newsworks.co.kr/news/articleView.html?idxno=840245
2026-05-09,"글로벌 선박 발주 43% 급증…K-조선, LNG선 기반 슈퍼사이클 올라타",0.261,1,0,https://www.ezyeconomy.com/news/articleView.html?idxno=235313
2026-05-09,최근 5거래일 삼성중공업 주가 3만1천원대 마감 등락폭 확대,-0.261,0,1,https://www.topstarnews.net/news/articleView.html?idxno=16056025
2026-05-09,"세대별 투자 성향 갈려…10대는 美 ETF, 50대 이상은 조선·방산 대형주",0.0,0,0,https://www.sedaily.com/article/20041994?ref=naver
2026-05-09,"대경밴드, 제2공장·신규 야드 조성 추진...글로벌 수요 대응 나선다",0.0,0,0,https://www.nextdaily.co.kr/news/articleView.html?idxno=249212
2026-05-09,[주간 거래소 외국인] 두산로보틱스·POSCO퓨처엠 쓸어담기…성장주 베...,0.322,1,0,https://www.pinpointnews.co.kr/news/articleView.html?idxno=451468
2026-05-09,[주간 기관 거래소] SK하이닉스 압도적 순매수 1위…반도체 중심 포트폴...,0.0,0,0,https://www.pinpointnews.co.kr/news/articleView.html?idxno=451467
2026-05-09,중동발 훈풍 탄 K조선…실적 반등 가속화,0.322,1,0,https://www.sentv.co.kr/article/view/sentv202605080101
2026-05-09,"'1Q 역대급 실적' K조선, 5월에도 수주행진…일감 계속 쌓인다",0.38,1,0,https://www.mt.co.kr/industry/2026/05/09/2026050815401973764
2026-05-09,"K-조선 '빅3', 1분기 합산 영업익 1조 돌파…고선가 선별수주 결실",0.87,3,0,http://www.joseilbo.com/news/news_read.php?uid=567956&class=17&grp=
2026-05-09,"[기획] ‘남들과는 다른길’ 삼성重, 에너지·AI 해상 인프라 승부수",0.38,1,0,https://www.sentv.co.kr/article/view/sentv202605070125
2026-05-09,싱가포르 따라 대한상사중재원도 해외로 뛴다,0.0,0,0,https://www.lawtimes.co.kr/news/articleView.html?idxno=220494
2026-05-12,[전인미답] 조선업이 돌아왔다,0.0,0,0,https://www.lcnews.co.kr/news/articleView.html?idxno=201917
2026-05-12,"IMO, 암모니아 오수 관리 논의 앞당긴다… KR 국제기준 논의 참여 확대",0.0,0,0,https://www.wikitree.co.kr/articles/1135982
2026-05-11,[5월12일자] 비즈니스포스트 아침의 주요기사,0.0,0,0,https://www.businesspost.co.kr/BP?command=article_view&num=437554
2026-05-11,[주식마감] 반도체株 또 불기둥... 미래반도체·한울반도체 나란히 '上',0.0,0,0,https://www.ggilbo.com/news/articleView.html?idxno=1157393
2026-05-11,근로자에 사업자까지 더하니…해운대구만 집구매 부담 ‘뚝’,0.0,0,0,http://www.kookje.co.kr/news2011/asp/newsbody.asp?code=0200&key=20260512.22003002697
2026-05-11,코스피 사상 첫 7800선 돌파…5거래일 연속 상승,0.488,2,0,http://www.sisafocus.co.kr/news/articleView.html?idxno=359876
2026-05-11,시총 지각변동… 몸집 키운 조선·방산·뷰티株 상위권 넘본다,0.462,1,0,http://www.fnnews.com/news/202605111822590898
2026-05-11,"[오늘의 ABC 뉴스룸] ""나도 받을까?"" 2차 고유가 지원금 소득 하위 70% 확...",0.38,1,0,https://www.ajunews.com/view/20260511163151482
2026-05-11,"HD현대·한화·삼성, '마스가' 파도 타고 북미 조선 시장 본격 '상륙'",0.38,1,0,https://www.insightkorea.co.kr/news/articleView.html?idxno=246155
2026-05-11,코스피 사상 첫 7800 뚫자 개미들 '환호'···'증시 시총 7000조 시대' 개...,-0.322,1,2,https://www.smartbizn.com/news/articleView.html?idxno=143571
2026-05-11,"""삼성중공업, 美 함정 사업 등 신사업 진출…FDC는 생각보다 가까이 있...",0.322,1,0,https://www.newsquest.co.kr/news/articleView.html?idxno=266097
2026-05-11,"[오늘의증시] 반도체 질주에 코스피 7,800선 돌파…대형주 쏠림은 더 짙...",0.7,3,0,https://news.ifm.kr/news/articleView.html?idxno=470733
2026-05-11,"[애프터마켓 브리핑] '8천피' 177포인트 남아…JP모건, 1만포인트 전망",0.8,3,0,https://biz.sbs.co.kr/article_hub/20000309543?division=NAVER
2026-05-11,[증시 인사이트] 국내증시 혼조 마감…코스피 오르고 코스닥 내리고,0.788,3,0,https://biz.sbs.co.kr/article_hub/20000309542?division=NAVER
2026-05-11,"중국 친환경 선박 수주 선점도 위협적, HD현대중공업 한화오션 삼성중공...",0.38,1,0,https://www.businesspost.co.kr/BP?command=article_view&num=437498
2026-05-11,삼성전자·SK하이닉스 폭등에 코스피 7800선 첫 돌파…AI 반도체 랠리 재...,0.488,2,0,https://www.goodkyung.com/news/articleView.html?idxno=286824
2026-05-11,"4거래일 연속 오른 코스피, 7800선 돌파… SK하이닉스 11% 급등",0.604,2,0,https://www.womennews.co.kr/news/articleView.html?idxno=277319
2026-05-11,수년 치 일감 쌓이는 K조선···슈퍼사이클 길어진다,0.38,1,0,https://www.sisajournal-e.com/news/articleView.html?idxno=421029
2026-05-11,코스피 8000선 눈앞...반도체 질주에 또 신기록,0.537,2,0,http://www.newsian.co.kr/news/articleView.html?idxno=89489
2026-05-11,"조선업계, 해양플랜트 '고수익' 체질 바뀌나...중동·미국 발주 훈풍",0.0,0,0,https://www.ebn.co.kr/news/articleView.html?idxno=1708191
2026-05-11,"外人 투매 속, 코스피는 '질주'...하락종목도 무더기 '속출'",0.165,1,1,http://www.choicenews.co.kr/news/articleView.html?idxno=165078
2026-05-11,"코스피, '삼전닉스' 업고 사상 첫 7800대로 마감",0.261,1,0,https://view.asiae.co.kr/article/2026051116085314470
2026-05-11,삼전닉스 이은 시총 점프 후보…'조선·방산·뷰티'로 돈 몰린다,0.462,1,0,http://www.fnnews.com/news/202605111440062626
2026-05-11,"거제시, 기업 연계 지역농산물 공급 4년 연속 확대",0.0,0,0,https://www.idomin.com/news/articleView.html?idxno=2005430
2026-05-11,[거래소 외국인] AI 반도체 팔고 자동차·조선 샀다…기아 삼성SDI 한화...,0.0,0,0,https://www.pinpointnews.co.kr/news/articleView.html?idxno=451874
2026-05-11,"지방 주택시장, 브랜드 신축 단지 중심 상승세… 매입 가격 격차 사실상...",0.261,1,0,http://www.ikld.kr/news/articleView.html?idxno=334276
2026-05-11,﻿이제는 브랜드 신축으로 갈아탈 때…매입 가격 격차 사실상 축소,0.0,0,0,https://www.woodkorea.co.kr/news/articleView.html?idxno=89382
2026-05-11,"거제시, 기업 연계 지역 농산물 공급 '성과'",0.0,0,0,https://www.newsgn.com/news/articleView.html?idxno=551487
2026-05-11,"‘매출 14조·영업익 2조’⋯ K-조선, 고선가 타고 수익성 ‘잭팟’",0.0,0,0,https://www.viva100.com/article/20260511500744
2026-05-11,"조선3사, 1분기 2조 벌었지만…호황 떠받친 LNG선 의존 변수",0.0,0,0,https://www.newsway.co.kr/news/view?ud=2026051114432727527
2026-05-11,"K-조선 3사, 1분기 영업이익 2조 돌파...'조선업 슈퍼사이클 본격화'",0.853,3,0,https://www.banronbodo.com/news/articleView.html?idxno=32257
2026-05-11,[기획] 2035년 국내 소형모듈원자로 첫 상용화 기대,0.0,0,0,https://www.todayenergy.kr/news/articleView.html?idxno=297621
2026-05-11,"美 군함까지 韓서 짓나…‘마스가’ 현실로, K조선 북미 영토 확장",0.322,1,0,https://www.etoday.co.kr/news/view/2583268
2026-05-11,"[서울데이터랩]코스피 거래상위, 반도체·부품주 강세…한솔테크닉스 상...",0.682,2,0,https://www.seoul.co.kr/news/economy/securities/2026/05/11/20260511500106?wlog_tag3=naver
2026-05-11,‘마스가’에 원자력추진선 포함 관심,0.0,0,0,https://www.naeil.com/news/read/588268?ref=naver
2026-05-11,"200조 '마스가' 본격 시동…K조선, 美 진출 급가속",0.0,0,0,https://www.asiatime.co.kr/article/20260511500197
2026-05-11,일감 줄테니 도면 달라…현대케피코 ‘하도급법 위반’ 고발건 안양지청...,0.0,0,0,https://biz.heraldcorp.com/article/10734958?ref=naver
2026-05-11,‘팔천피’까지 130포인트…‘불장’에 韓 증시 시가총액 7000조 돌파,0.537,2,0,https://biz.chosun.com/stock/stock_general/2026/05/11/RRIFRD2ZOFEBLK2FDX3FMT6X6Y/?utm_source=naver&utm_medium=original&utm_campaign=biz
2026-05-11,수주 둔화 우려 비껴간 K조선… 넉달 만에 연간 목표 절반 수준 채워,0.38,1,0,https://biz.chosun.com/industry/company/2026/05/11/W2PZKRQ32NA5HKXICYBOJOPWZ4/?utm_source=naver&utm_medium=original&utm_campaign=biz
2026-05-11,"삼성중공업 주가 장중 6%대 올라, 한국 미국 협력 기대감에 조선주 강세",0.322,1,0,https://www.businesspost.co.kr/BP?command=article_view&num=437468
2026-05-11,"[탐방] 주식회사 빈센, 맞춤형 친환경 추진 기술 '주목'",0.0,0,0,https://www.todayenergy.kr/news/articleView.html?idxno=297598
2026-05-11,'마스가' 기대감에 조선주 강세…삼성중공업 7%↑,0.537,2,0,https://www.newsis.com/view/NISX20260511_0003624116
2026-05-11,"[특징주] 조선주, '한미 조선 파트너십 이니셔티브' 출범.. 동반 '강세'",0.537,2,0,https://www.g-enews.com/view.php?ud=20260511100501635244093b5d4e_1
2026-05-11,"[특징주] 삼성중공업, 한미 ‘마스가’ 조선 협력 기대에 강세",0.625,2,0,https://www.tokenpost.kr/news/economy/358285
2026-05-11,"삼성중공업 주가, 5월 11일 장중 34,550원 8.13% 상승",0.261,1,0,https://www.joongangenews.com/news/articleView.html?idxno=518205
2026-05-11,"[종목Pick] 삼성중공업, 조선주 랠리의 다음 주자 되나…""실적·수주·차...",0.38,1,0,https://www.bizwork.co.kr/news/articleView.html?idxno=415430
2026-05-11,코스피 5% 상승해 7800 돌파...삼전 28만원·하닉 190만원,0.197,2,1,https://www.wolyo.co.kr/news/articleView.html?idxno=311951
2026-05-11,[특징주] 한·미 조선 협력 강화 기대감…삼성중공업 7%대 상승세,0.604,2,0,https://www.ajunews.com/view/20260511095954734
2026-05-11,"재료연, 국가 미래소재 혁신전략 구체화",0.0,0,0,http://amenews.kr/news/view.php?idx=66638
2026-05-11,[1% 초고수의 개장 선택] '반도체' 사고 '화장품' 팔았다,0.0,0,0,https://www.ebn.co.kr/news/articleView.html?idxno=1708207
2026-05-11,[특징주] 조선주 강세⋯한미 ‘마스가’ 협력에 삼성중공업 7%ㆍHD한국조...,0.537,2,0,https://www.etoday.co.kr/news/view/2583200
2026-05-11,코스피 장 초반 4% 급등...'30만전자'도 코앞,0.604,2,0,https://news.bizwatch.co.kr/article/market/2026/05/11/0012
2026-05-11,삼성중공업 6%·HD현대 7%↑…조선주 동반 강세[핫종목],0.645,2,0,https://www.news1.kr/finance/general-stock/6162377
2026-05-11,[N2 증시 풍향계] 삼성전자·SK하이닉스·삼성물산·삼성중공업 ‘신고...,0.87,3,0,https://www.news2day.co.kr/article/20260511500057
2026-05-11,"재료硏, '재료연구 50주년 기념포럼' 개최",0.0,0,0,http://www.snmnews.com/news/articleView.html?idxno=569215
2026-05-11,"'7800선 터치' 코스피, 매수 사이드카 발동…불타는 '삼전닉스'",0.322,1,0,https://view.asiae.co.kr/article/2026051109460624288
2026-05-11,[이 시각 시황] 뜨거워지는 데이터센터…냉각시스템 시장 고속 성장 전...,0.732,3,0,https://biz.sbs.co.kr/article_hub/20000309351?division=NAVER
2026-05-11,"삼성중공업 주가, 5월 11일 장중 34,450원 7.82% 상승",0.261,1,0,https://www.topstarnews.net/news/articleView.html?idxno=16057083
2026-05-11,[특징주] 한·미 조선 협력 본격화에 조선주 들썩…삼성중공업 9%↑,0.0,0,0,https://www.newspim.com/news/view/20260511000238
2026-05-11,[속보] 삼성중공업·HD현대중공업·한화오션 등 조선주 강세…중동 긴장...,0.645,2,0,https://www.cbci.co.kr/news/articleView.html?idxno=573553
2026-05-11,"""AI발 전력난 대안은 LNG""... 삼성중공업, 고부가 상선 시장 정조준",0.38,1,0,https://www.pinpointnews.co.kr/news/articleView.html?idxno=451726
2026-05-11,[서울데이터랩]개장 직후 인기 검색 종목 20選,0.537,2,0,https://www.seoul.co.kr/news/economy/securities/2026/05/11/20260511500025?wlog_tag3=naver
2026-05-11,HD현대중공업ㆍ삼성중공업 5~8% 급등 이어 HJ중공업 상승,0.775,3,0,http://www.econonews.co.kr/news/articleView.html?idxno=437912
2026-05-11,"상상인증권 “삼성중공업, 중장기 성장성 기대…목표가 4만3000원으로 상...",0.322,1,0,https://www.etoday.co.kr/news/view/2583112
2026-05-11,공기업·공공기관 관심 비중 24.1%…전년比 6.2%p 증가,0.0,0,0,https://www.sedaily.com/article/20042313?ref=naver
2026-05-11,"유동성 장세 속 시총순위 재편…증권가 ""삼성重·KAI 주목""",0.462,1,0,https://www.newsway.co.kr/news/view?ud=2026051107182979256
2026-05-11,[Who Is ?] 김성권 씨에스윈드 회장,0.0,0,0,https://www.businesspost.co.kr/BP?command=article_view&num=436755
2026-05-13,"조선소 ‘금녀의 벽’ 깼다…국문과 출신女, 용접공 된 사연",0.0,0,0,https://www.joongang.co.kr/article/25427861
2026-05-13,조선주 들고 있다면 지금 봐야 할 숫자…LNG 인도 정점에 AI 전력까지,0.261,1,0,https://www.g-enews.com/view.php?ud=202605121807288700fbbec65dfb_1
2026-05-13,“연탄가스 중독 막아라” 사활 건 특명… 韓 LNG 시대를 열다,0.0,0,0,https://www.kmib.co.kr/article/view.asp?arcid=1778565515&code=11151800&cp=nv
2026-05-12,"김경수 도지사 후보, 경남 5대 주력산업 세계 1등 전략 발표",0.0,0,0,https://www.newsis.com/view/NISX20260512_0003626799
2026-05-12,[오거리] 북극항로와 경남,0.0,0,0,https://www.idomin.com/news/articleView.html?idxno=2005572
2026-05-12,"'3사 동반 호실적' K조선, 다음 승부처는 에너지선",0.788,2,0,https://www.econovill.com/news/articleView.html?idxno=739897
2026-05-12,강의부터 행정까지 캠퍼스 AI혁명…양자 융합연구도 선도,0.0,0,0,http://www.kookje.co.kr/news2011/asp/newsbody.asp?code=0300&key=20260513.22012002362
2026-05-12,산업보안과 국가안보 문제,0.0,0,0,http://www.domin.co.kr/news/articleView.html?idxno=1555232
2026-05-12,"엄청난 기회 온다…""1척당 21조"" 한국 조선소 '들썩'",0.0,0,0,https://www.hankyung.com/article/2026051217391
2026-05-12,코스피 8000 문턱서 와르르…“AI 국민배당’에 외국인 6.6조 순매도”,-0.261,0,1,https://www.kukinews.com/article/view/kuk202605120173
2026-05-12,"디에스앤지, 'AI엑스포 2026' 성료...AI인프라 등 5개 테마 구성",0.0,0,0,https://zdnet.co.kr/view/?no=20260512174320
2026-05-12,"디에스앤지, 국제인공지능대전서 AI 인프라·인퍼런싱 등 선봬",0.0,0,0,https://www.mt.co.kr/industry/2026/05/12/2026051215042161136
2026-05-12,"[이슈] 빅3 1분기 영업익 2조, K조선 거침이 없다…'미국 장' 업고 슈퍼...",0.0,0,0,http://www.paxetv.com/news/articleView.html?idxno=271853
2026-05-12,"한국선급, IMO 전문가그룹 2개 분야 의장 맡아 논의 주도",0.0,0,0,https://www.klnews.co.kr/news/articleView.html?idxno=321050
2026-05-12,"K조선, 친환경 선박 패권 경쟁 본격화",0.0,0,0,https://www.ekoreanews.co.kr/news/articleView.html?idxno=85988
2026-05-12,[증시 인사이트] 8천선 턱밑까지 갔다 숨고른 코스피…7600선으로,0.625,2,0,https://biz.sbs.co.kr/article_hub/20000309821?division=NAVER
2026-05-12,[코스피 지수선물 옵션] 삼성전자·SK하이닉스 급락… 선물시장에 매도...,-0.462,0,1,https://www.pinpointnews.co.kr/news/articleView.html?idxno=452206
2026-05-12,외국인 투매에도 끄떡없는 개미들…'8천피' 믿음 여전(종합),0.0,0,0,https://www.newsis.com/view/NISX20260512_0003626454
2026-05-12,"外人 폭풍매도, 코스피 '출렁'...LG · 한화는 '껑충'",0.513,2,1,http://www.choicenews.co.kr/news/articleView.html?idxno=165157
2026-05-12,[거래소 외국인] SK하이닉스 삼성전자 던지고… 조선·전선·원전주로 갈...,0.408,1,0,https://www.pinpointnews.co.kr/news/articleView.html?idxno=452173
2026-05-12,"삼성중공업, 1∼4월 해양 수주 5% 불과...올해 82억달러 목표 채우기 비...",0.38,1,0,https://www.newsquest.co.kr/news/articleView.html?idxno=266159
2026-05-12,[거래소 기관] 삼성전기 폭풍 매수…반도체·전장주로 다시 몰렸다,0.408,1,0,https://www.pinpointnews.co.kr/news/articleView.html?idxno=452170
2026-05-12,[서울데이터랩]마감 직후 인기 검색 종목 20選,-0.261,0,1,https://www.seoul.co.kr/news/economy/securities/2026/05/12/20260512500207?wlog_tag3=naver
2026-05-12,"선박 호황에 데이터센터까지…K조선, AI 인프라로 슈퍼사이클 잇나",0.0,0,0,https://www.newspim.com/news/view/20260512001042
2026-05-12,"[창간기획 - 제조업, 로봇전환의 시대 ①] 진화하는 제조업… RX 실험 본...",0.0,0,0,http://www.biztribune.co.kr/news/articleView.html?idxno=353692
2026-05-12,"AI 심는 K조선, 자율운항선박 패권경쟁 ‘본격화’",0.0,0,0,http://www.newstomato.com/ReadNews.aspx?no=1300621&inflow=N
2026-05-12,이미 많이 올랐는데 “100만원 뚫는다”…증권가서 앞다퉈 목표가 올리...,0.537,2,0,https://www.sedaily.com/article/20043007?ref=naver
2026-05-12,"[AX 2.0 대전환]""3X에 사활""…삼성중공업, AI·디지털·로봇으로 조선 혁...",0.0,0,0,https://www.businessplus.kr/news/articleView.html?idxno=111666
2026-05-12,"[서울데이터랩]코스피 거래상위 혼조…계양전기·성문전자 상한가, LG전...",0.165,1,1,https://www.seoul.co.kr/news/economy/securities/2026/05/12/20260512500117?wlog_tag3=naver
2026-05-12,"최악의 비효율성, 美서 3600TEU급 컨선 1척 건조비로 韓선 2.4만TEU급 3척...",0.0,0,0,http://www.thebigdata.co.kr/view.php?ud=202605121214563022570d99e4c8_23
2026-05-12,삼성중공업 등 조선주 주가 '장중 뚝'...향후 이슈는?,-0.682,0,2,http://www.choicenews.co.kr/news/articleView.html?idxno=165135
2026-05-12,삼전닉스 숨고르자…상위 1% 매수세 집중 [주식 초고수는 지금],0.0,0,0,https://www.sedaily.com/article/20042970?ref=naver
2026-05-12,외인 대규모 매도에도 개미들은 '줍줍'…'8천피' 믿음 때문일까,0.0,0,0,https://www.widedaily.com/news/articleView.html?idxno=293803
2026-05-12,"中 물량 공세 속 K조선, 고부가 선박으로 수익성 방어",0.38,1,0,https://sateconomy.co.kr/news/view/1065605850568501
2026-05-12,[단독] 한국 제조업 파고든 블랙록…포스코서 국민연금 2%p 차 추격,0.0,0,0,https://www.dailian.co.kr/news/view/1643224/?sc=Naver
2026-05-12,"삼성중공업 주가, 5월 12일 장중 30,850원 9.13% 하락",-0.261,0,1,https://www.joongangenews.com/news/articleView.html?idxno=518601
2026-05-12,"""조선 붐은 온다""…중동 수요 밀고 마스가 당기고",0.583,1,0,https://news.tf.co.kr/read/economy/2321609.htm
2026-05-12,삼성중공업ㆍHJ중공업 8%대 낙폭 반해 HD현대중공업 강보합,-0.261,0,1,http://www.econonews.co.kr/news/articleView.html?idxno=438031
2026-05-12,"삼성중공업 주가, 5월 12일 장중 32,150원 5.30% 하락",-0.261,0,1,https://www.topstarnews.net/news/articleView.html?idxno=16058228
2026-05-12,조선까지 번진 AI 데이터센터 전력난…전력 인프라 수혜 기대,-0.261,0,1,https://www.imaeil.com/page/view/2026051209544986629
2026-05-12,"[주요공시] 삼성전자, 효성중공업, 롯데케미칼, CJ제일제당, 대덕전자, ...",-0.38,0,1,https://www.kdpress.co.kr/news/articleView.html?idxno=205164
2026-05-12,[1% 초고수의 개장 선택] '삼성중공업' 사고 '현대무벡스' 팔았다,0.408,1,0,https://www.ebn.co.kr/news/articleView.html?idxno=1708370
2026-05-12,[경남 브리핑 모음(5월12일)] 진주시 ‘두메실 농업테마파크’ 나들이 ...,0.0,0,0,https://www.dnews.co.kr/uhtml/view.jsp?idxno=202605111840565630315
2026-05-12,5월 11일 주식시장 주요공시,0.0,0,0,https://www.catchnews.kr/news/articleView.html?idxno=123717
2026-05-12,[증시키워드] ‘28만 전자·188만 닉스’ 신고가…현대차·대한광통신도...,0.732,2,0,https://www.etoday.co.kr/news/view/2583473
2026-05-12,"""韓·美 손잡는다"" 기대감에 급등…목표가 '100만원' 뚫었다 [종목+]",0.408,1,0,https://www.hankyung.com/article/2026051294246
2026-05-12,"성동구상공회·이륙엔젤클럽, 제2회 IR 네트워킹 성료…AI·바이오·콘텐...",0.0,0,0,http://www.ttlnews.com/news/articleView.html?idxno=3106544
2026-05-12,코스피 시총 지각변동…역대급 불장에 왕좌 경쟁 ‘후끈’,0.0,0,0,https://www.dailian.co.kr/news/view/1642919/?sc=Naver
2026-05-12,"[Invest]한화·LIG, 美 무기 수출 위해 보안 인증 딴다…자문사들 '촉각...",0.0,0,0,https://www.investchosun.com/site/data/html_dir/2026/05/11/2026051180165.html
2026-05-14,"K조선 빅3, 1분기 이익 급증…""호황 사이클 이어간다""",0.537,1,0,https://www.newsis.com/view/NISX20260513_0003628316
2026-05-14,"울산 찾은 李 “조선업 과실, 노사가 함께 누릴 시스템 만들어야”",0.0,0,0,https://www.chosun.com/politics/politics_general/2026/05/14/I7W6Q6BMGNFYFHYYKP4ELD7NTA/?utm_source=naver&utm_medium=referral&utm_campaign=naver-news
2026-05-14,조선 협력사 숨통…16조 상생 무역금융 공급,0.0,0,0,https://www.ksilbo.co.kr/news/articleView.html?idxno=1056704
2026-05-13,"李대통령, 울산 남목마성시장 깜짝 방문…""골목상권 위해 노력할 것""",0.0,0,0,https://www.ajunews.com/view/20260513232725665
2026-05-13,"[심층분석] 삼성전기, 사상 첫 100만 원 돌파… 삼성 계열사 중 주가 상...",0.488,2,0,https://www.mediawatch.kr/news/article.html?no=259593
2026-05-13,[6·3 지방선거 공약 돋보기] 거제시장,0.0,0,0,http://www.knnews.co.kr/news/articleView.php?idxno=1541544
2026-05-13,"李대통령 ""조선산업 튼튼한 생태계 구축… 노사 골고루 과실 나눠야""",0.0,0,0,https://www.asiatoday.co.kr/kn/view.php?key=20260514010003571
2026-05-13,'K-조선' 중심지 찾은 대통령‥조선업 발전 '맞손',0.0,0,0,https://www.usmbc.co.kr/NewsArticle/840263
2026-05-13,K-조선 숨통 틔울 '16조 상생무역금융',0.0,0,0,http://www.ujeil.com/news/articleView.html?idxno=385671
2026-05-13,K-조선 미래 먹거리 7개 선종 핵심기술 확보 추진,0.0,0,0,http://www.hansbiz.co.kr/news/articleView.html?idxno=838684
2026-05-13,조선업 협력사 숨통 틔운다… 민관 손잡고 16조 공급,0.0,0,0,http://www.ujeil.com/news/articleView.html?idxno=385723
2026-05-13,"李대통령, 지방선거 격전지 울산 방문 ""조선산업, 상품경쟁 아닌 생태계...",0.0,0,0,https://www.polinews.co.kr/news/articleView.html?idxno=731107
2026-05-13,[이슈] 미·중 정상회담 앞두고 국내 산업계 촉각…관세·반도체·조선 ...,-0.38,0,1,https://www.polinews.co.kr/news/articleView.html?idxno=731101
2026-05-13,"조선 3사, 인력 직접채용 20% 늘린다",0.0,0,0,https://www.mk.co.kr/article/12046600
2026-05-13,"한국선급, 'EEDI 산출을 위한 수치계산 지침서' 발간",0.0,0,0,https://www.klnews.co.kr/news/articleView.html?idxno=321074
2026-05-13,"정부, K-조선 수출에 ‘16兆’ 금융 지원한다… AI 조선소에는 1조 투입",0.0,0,0,https://biz.chosun.com/policy/policy_sub/2026/05/13/ODW24GZLHRD55M4IEIPE7RRNWA/?utm_source=naver&utm_medium=original&utm_campaign=biz
2026-05-13,"李 ""한미 협력 핵심은 조선업""…산업부, K-조선 3대 미래 전략 제시",0.0,0,0,https://www.ddaily.co.kr/page/view/2026051318510037739
2026-05-13,"평택경찰서, 삼성 계열사와 고덕 산단 치안·안전 협력 강화",0.0,0,0,https://www.newspim.com/news/view/20260513001216
2026-05-13,"이재명 대통령 ""조선업 큰 경기변동 노출, 정부 역할과 노력도 중요""…...",0.0,0,0,https://www.kado.net/news/articleView.html?idxno=2049971
2026-05-13,"조선 3사, 직영 인력 채용 20% 늘린다... 5200억 투입해 핵심 기술 확보",0.0,0,0,https://www.hankookilbo.com/news/article/A2026051314430003101?did=NA
2026-05-13,"정부, 1조원 조선산업 공급망 보증 등 16조원 규모 대·중기 상생 무역금...",0.0,0,0,https://www.viva100.com/article/20260513501242
2026-05-13,"경남도 ""조선산업 상생협력 파트너 지원사업 정부 공감""",0.322,1,0,https://www.newsis.com/view/NISX20260513_0003628400
2026-05-13,이 대통령 “조선업에 정부 관심…생태계 구축해 노사가 성장 과실 누려...,0.322,1,0,https://www.mediapen.com/news/view/1098714
2026-05-13,LNG·수소선 핵심기술 확보 나선다… 'K-조선 미래비전' 제시,0.0,0,0,http://www.e-platform.net/news/articleView.html?idxno=102206
2026-05-13,"목대균 ""반도체 더 간다…달리는 말에서 내리지 마라"" [한경 PREMIUM9 TODA...",0.322,1,0,https://www.hankyung.com/article/2026051345031
2026-05-13,李대통령 “공공 선박 발주를 불황기에”…조선업 맞춤형 생태계 육성 ...,0.0,0,0,https://www.etnews.com/20260513000391
2026-05-13,K조선 수주 랠리 '순항' 연간목표 이미 절반 달성,0.38,1,0,https://www.mk.co.kr/article/12046488
2026-05-13,경남 조선산업 상생협력 닻 올리다,0.0,0,0,http://www.gndomin.com/news/articleView.html?idxno=475515
2026-05-13,"李대통령, 울산서 K-조선 간담회…""생태계 경쟁 시대, 정부 역할 중요""",0.0,0,0,https://www.newsworks.co.kr/news/articleView.html?idxno=840668
2026-05-13,"李대통령, “K-조선, 성장의 과실 나누는 튼튼한 생태계 구축이 핵심”",0.322,1,0,https://www.dt.co.kr/article/12062307?ref=naver
2026-05-13,24시간 자율운영 가능한 ‘AI 조선소 프로젝트’에 5년간 민관합동 약 1...,0.0,0,0,https://www.busan.com/view/busan/view.php?code=2026051317473997419
2026-05-13,"[도정소식]경상남도, 조선·교육·물류·폭염대응까지…지역 경쟁력 강...",0.0,0,0,https://www.kukinews.com/article/view/kuk202605130176
2026-05-13,6만 인파 몰린 평택 고덕…치안 구멍에 경찰·삼성 맞손,0.0,0,0,https://www.incheonilbo.com/news/articleView.html?idxno=1322769
2026-05-13,"이 대통령 ""조선업 생태계 유지 발전에 정부 역할 중요""",0.322,1,0,http://www.jeollailbo.com/news/articleView.html?idxno=800088
2026-05-13,"정기선의 HD현대는 '자본재 시대' 올라탔고, HMM은 11조 유동자산에 묶였...",0.0,0,0,http://www.newsroad.co.kr/news/articleView.html?idxno=59291
2026-05-13,선박 블록 조립에 사용되는 용접로봇 설명 듣는 이재명 대통령,0.0,0,0,https://www.newsis.com/view/NISI20260513_0021282018
2026-05-13,용접로봇 살펴보는 이재명 대통령,0.0,0,0,https://www.newsis.com/view/NISI20260513_0021282020
2026-05-13,"'RG 탓에 선박수주 포기'…李대통령 ""정부재정 위험부담 방안 연구하라...",0.38,1,0,https://www.mt.co.kr/politics/2026/05/13/2026051317124971417
2026-05-13,"산업부, 조선·기자재·협력사와 'K-조선' 상생 생태계 구축 논의",0.0,0,0,https://www.newsis.com/view/NISX20260513_0003627887
2026-05-13,"경남도, 대기업·중소 조선 상생협력 지원 강화",0.0,0,0,https://www.hankyung.com/article/2026051343791
2026-05-13,용접로봇 설명 듣는 이재명 대통령,0.0,0,0,https://www.yna.co.kr/view/PYH20260513189300013?input=1196m
2026-05-13,삼성중공업 용접로봇 살피는 이재명 대통령,0.0,0,0,https://www.news1.kr/photos/7904384
2026-05-13,통영 동원중학교 2026학년도 삼성 드림클래스 강연 실시,0.0,0,0,https://www.newsgn.com/news/articleView.html?idxno=551985
2026-05-13,"'K-조선 도약 뒷받침'…정부·금융권, 상생 무역금융 16조 공급",0.0,0,0,https://www.korea.kr/news/policyNewsView.do?newsId=148964307&call_from=naver_news
2026-05-13,울산 찾은 이 대통령 '튼튼한 조선업 생태계' 구축 강조한 이유,0.0,0,0,https://www.ohmynews.com/NWS_Web/View/at_pg.aspx?CNTN_CD=A0003233898&CMPT_CD=P0010&utm_source=naver&utm_medium=newsearch&utm_campaign=naver_news
2026-05-13,"경남도, 조선업 대·중소기업 동반 성장 사업비 3억→12억 확대",0.322,1,0,http://www.kookje.co.kr/news2011/asp/newsbody.asp?code=0300&key=20260513.99099003494
2026-05-13,"경남도, 조선산업 상생협력의 닻을 올리다! 지원사업 본격 추진",0.0,0,0,https://www.newsgn.com/news/articleView.html?idxno=551980
2026-05-13,경남도 '조선산업 상생 지원사업' 올해도 본격화,0.0,0,0,https://www.idomin.com/news/articleView.html?idxno=2005680
2026-05-13,"경남도, 전국 최초 대형조선소 매칭사업 확대",0.0,0,0,https://www.straightnews.co.kr/news/articleView.html?idxno=302390
2026-05-13,"[이슈] 한화오션 · HD현대重 · 삼성重, LNG · 암모니아 친환경 선박 수...",0.38,1,0,https://www.polinews.co.kr/news/articleView.html?idxno=731078
2026-05-13,[애프터마켓 브리핑] 코스피 '롤러코스터' 타며 사상 최고 다시 경신,0.067,1,1,https://biz.sbs.co.kr/article_hub/20000310097?division=NAVER
2026-05-13,"손익찬 변호사 ""아리셀 참사 2심, 피고인 봐줄 마음 먹은 판결""",0.0,0,0,http://www.lawleader.co.kr/news/articleView.html?idxno=19117
2026-05-13,조선업 호황의 이면…흑자보다 뜨거운 '분배의 숙제' [기자수첩],0.38,1,0,https://www.insightkorea.co.kr/news/articleView.html?idxno=246291
2026-05-13,멈췄던 해양플랜트 발주 다시 돈다…조선 실적 반등 축 부상,0.625,2,0,http://www.metroseoul.co.kr/article/20260513500292
2026-05-13,[거래소 기관] 삼성전자·현대차 쓸어 담았다...수급 변화 뚜렷,0.645,2,0,https://www.pinpointnews.co.kr/news/articleView.html?idxno=452472
2026-05-13,[거래소 외국인] SK하이닉스 삼성전자 대규모 차익실현… 현대차 삼성전...,0.408,1,0,https://www.pinpointnews.co.kr/news/articleView.html?idxno=452469
2026-05-13,"""조선 협력사까지 살린다""···민관, 16조 규모 역대급 금융지원 가동",0.0,0,0,https://www.seoulfn.com/news/articleView.html?idxno=628695
2026-05-13,"조선업 공급망에 1조 지원…정부·금융권, 16조 상생 금융 공급",0.0,0,0,https://biz.sbs.co.kr/article_hub/20000310109?division=NAVER
2026-05-13,"HD현대重 노조 ""영업익 30% 성과급 달라""...내달 교섭 돌입 예정",0.0,0,0,https://www.pinpointnews.co.kr/news/articleView.html?idxno=452460
2026-05-13,“5만원 땐 외면하더니”… 삼성전자 10兆 쓸어담은 개미군단,0.0,0,0,https://www.chosun.com/economy/economy_general/2026/05/13/AREGJ2QSXBB4BOYQ275KXADV6Y/?utm_source=naver&utm_medium=referral&utm_campaign=naver-news
2026-05-13,[1% 초고수의 선택] 'OCI홀딩스' 담고 '현대차그룹' 팔았다,0.0,0,0,https://www.ebn.co.kr/news/articleView.html?idxno=1708641
2026-05-13,"경남도, ‘조선업 상생협력’ 닻 올렸다… 지원사업 본격 추진",0.0,0,0,https://www.hankookilbo.com/news/article/A2026051309080000484?did=NA
2026-05-13,대형조선 3사-시중은행 3사-한국무역보험공사 업무협약 체결,0.0,0,0,https://www.newspim.com/news/view/20260513001091
2026-05-13,"상생 무역금융 지원 업무협약식, 대형조선 3사-시중은행 3사-한국무역보...",0.0,0,0,https://www.newspim.com/news/view/20260513001090
2026-05-13,"호르무즈 악재 덮은 '대서양 톤마일'…K-조선, LNG선 장기 수주 활짝",0.38,1,0,https://www.mediapen.com/news/view/1098590
2026-05-13,조선 협력사 숨통 틔운다…민관 손잡고 16조 상생 무역금융 공급,0.0,0,0,https://view.asiae.co.kr/article/2026051315050764424
2026-05-13,상생 무역금융 지원 업무협약식,0.0,0,0,https://www.newsis.com/view/NISI20260513_0021281768
2026-05-13,미국 AI 전력망 '동맥경화'… K-조선 엔진이 '심폐소생',0.0,0,0,http://www.the-biz.co.kr/news/articleView.html?idxno=720534
2026-05-13,민관 협업 16조 상생 무역금융 가동⋯K-조선 공급망 유동성 지원,0.0,0,0,https://www.etoday.co.kr/news/view/2584115
2026-05-13,민·관 협업 16조 상생 무역금융 공급,0.0,0,0,http://amenews.kr/news/view.php?idx=66702
2026-05-13,"정부, 16조원 상생 무역금융 공급…조선업계-금융기관과 협력",0.0,0,0,https://www.dailian.co.kr/news/view/1643805/?sc=Naver
2026-05-13,"김정관 장관, 상생 무역금융 지원 업무협약식",0.0,0,0,https://www.news1.kr/photos/7903727
2026-05-13,"""중소·중견 수출 경쟁력 키우자""…민·관 협업해 '상생 무역금융' 16조...",0.0,0,0,https://www.news1.kr/economy/trend/6165362
2026-05-13,"삼성중공업, 한미 조선협력 기대에도 3만850원 약세…""MASGA 프로젝트 변...",-0.322,0,1,https://www.cbci.co.kr/news/articleView.html?idxno=574204
2026-05-13,"산업부·금융위, 수출 중소·중견 위해 상생 무역금융 16조원 공급",0.0,0,0,https://www.newsis.com/view/NISX20260513_0003627810
2026-05-13,"조선업 협력사에 1조원 지원…정부·금융권, 16조원 상생 금융 공급",0.0,0,0,https://www.etnews.com/20260513000258
2026-05-13,"K-조선, 해상 AI데이터센터 '새 먹거리'로 정조준",0.322,1,0,http://www.seouleconews.com/news/articleView.html?idxno=91205
2026-05-13,"'수성 vs 탈환' 거제시장 선거, 양강구도에 무소속 가세 3파전",0.0,0,0,https://www.yna.co.kr/view/AKR20260513084700052?input=1195m
2026-05-13,"조선업 노동질서 바꿀 분수령… HD현대중공업 원·하청 노조, 창사 첫 동...",0.0,0,0,https://www.segye.com/newsView/20260513509760?OutUrl=naver
2026-05-13,창업주도 몰랐다...이재용·최태원·정의선 덮친 '6억 성과급 전쟁',0.0,0,0,https://www.dailian.co.kr/news/view/1643749/?sc=Naver
2026-05-13,"""서울 식민지화 벗어나자"" 지역순환경제학회, 6.3 지선 의제 시동",0.0,0,0,http://www.mygoyang.com/news/articleView.html?idxno=88650
2026-05-13,"조선 3사, 글로벌 수주 행보 지속",0.38,1,0,http://www.wsobi.com/news/articleView.html?idxno=311806
2026-05-13,스페이스X 효과 볼까…OCI홀딩스 순매수 1위 [주식 초고수는 지금],0.0,0,0,https://www.sedaily.com/article/20043489?ref=naver
2026-05-13,"[특징주] 에스엔시스·KBI메탈, AI 데이터센터 밸류체인 진입 '가속'",0.322,1,0,https://www.newstnt.com/news/articleView.html?idxno=702186
2026-05-13,경남 대형조선사·협력사 상생지원 12억원으로 확대,0.0,0,0,https://www.khan.co.kr/article/202605131138021
2026-05-13,"HD한국조선해양·한화오션·삼성중공업, 1분기 호실적···슈퍼사이클 ...",0.583,1,0,http://www.wsobi.com/news/articleView.html?idxno=311799
2026-05-13,"HD현대중 노조 ""영업이익 최소 30% 공유"", 임단협 요구안 확정",0.0,0,0,https://www.joongang.co.kr/article/25427928
2026-05-13,"삼성중공업 주가, 5월 13일 장중 30,400원 3.18% 하락",-0.261,0,1,https://www.joongangenews.com/news/articleView.html?idxno=518858
2026-05-13,"""美 군함 일부 韓서 만든다""…K조선, 해군 재건 프로젝트 기대감 확대",0.0,0,0,https://www.thepublic.kr/news/articleView.html?idxno=304194
2026-05-13,[1% 초고수의 개장 선택] '삼성전자' 사고 '삼성중공업' 팔았다,0.165,1,1,https://www.ebn.co.kr/news/articleView.html?idxno=1708552
2026-05-13,"삼성중공업 주가, 5월 13일 장중 30,500원대 약세",-0.537,0,2,https://www.topstarnews.net/news/articleView.html?idxno=16059274
2026-05-13,"중국 조선 추격 현실화… K조선, 남은 시간 '2~3년'",-0.322,0,1,http://www.economytalk.kr/news/articleView.html?idxno=421292
2026-05-13,"[피플&포커스] ""위험한 현장, 로봇이 맡는다""… 김준하 디든로보틱스 대...",0.0,0,0,https://www.newscj.com/news/articleView.html?idxno=3400335
2026-05-13,조선주 전반 흔들…급등 이후 차익 실현 매물 봇물,0.462,2,1,https://www.pinpointnews.co.kr/news/articleView.html?idxno=452309
2026-05-15,"[N2 모닝 경제 브리핑-5월 15일] 美 증시, 미·중 정상회담 훈풍에 일제...",0.38,1,0,https://www.news2day.co.kr/article/20260514500159
2026-05-15,조선3사 수주 28조 돌파…LNG선 앞세워 '목표치 순항',0.583,2,0,https://www.newsis.com/view/NISX20260514_0003630144
2026-05-15,"우리·신한은행, 조선업 협력사에 6,000억 상생금융 지원",0.0,0,0,https://www.dongponews.net/news/articleView.html?idxno=58030
2026-05-15,"하나은행, K-조선 5조 금융지원 확대... 스포츠 후원까지 ESG 경영 보폭 ...",0.0,0,0,https://www.stnsports.co.kr/news/articleView.html?idxno=316666
2026-05-14,"[주요공시] 삼성전자, 앤로보틱스, 한국공항, 한화, 비트컴퓨터, 메타바...",0.0,1,1,https://www.kdpress.co.kr/news/articleView.html?idxno=205287
2026-05-14,"삼성重, LNG운반선 2척 7505억 수주",0.38,1,0,http://www.gnmaeil.com/news/articleView.html?idxno=586597
2026-05-14,“전날 산 OCI 팔더니”…‘상위 1%’ 초고수들이 사들인 ‘톱3’ 종목은...,0.0,0,0,https://biz.heraldcorp.com/article/10738288?ref=naver
2026-05-14,"신한은행·삼성중공업·무보, 3000억 특별보증 추진…K-조선 공급망 지원...",0.0,0,0,https://www.pinpointnews.co.kr/news/articleView.html?idxno=452815
2026-05-14,"하나은행 ""HD현대중공업 협력사 대상 4천억원 우대금융 지원""",0.0,0,0,https://www.jeonmae.co.kr/news/articleView.html?idxno=1256647
2026-05-14,"하나은행, K-조선 공급망에 4000억·무역금융 5조 지원 협약",0.0,0,0,https://www.webeconomy.co.kr/news/articleView.html?idxno=2172545
2026-05-14,"K-조선, LNG선 수주 릴레이…HD현대·삼성重, 2척씩 나란히 계약",0.38,1,0,https://www.ddaily.co.kr/page/view/2026051418261787523
2026-05-14,"하나·신한·우리은행, K-조선 금융 지원",0.0,0,0,https://www.hankyung.com/article/2026051473351
2026-05-14,삼성중공업 LNG 운반선 2척…7505억원 규모 수주,0.38,1,0,http://www.gndomin.com/news/articleView.html?idxno=475681
2026-05-14,"하나은행, 'K-조선' 수출 공급망 지원 확대 … 1조 상생금융·15조 무역금...",0.0,0,0,http://www.worktoday.co.kr/news/articleView.html?idxno=84607
2026-05-14,"LIG D&A, 동유럽 방산 전시회 BSDA 참가…삼성重, LNG운반선 2척 수주 [산...",0.38,1,0,https://www.sisaon.co.kr/news/articleView.html?idxno=201064
2026-05-14,"삼성중공업, LNG선 2척 추가 수주…올해 누적 39억달러",0.38,1,0,http://www.4th.kr/news/articleView.html?idxno=2111766
2026-05-14,[업앤다운]은행주 상승…카카오뱅크↑·케이뱅크↓,0.261,1,0,https://www.nspna.com/news/?mode=view&newsid=813174
2026-05-14,"삼성重, LNG운반선 2척 7505억원에 수주…올해 누적 19척, 5.8조원",0.38,1,0,https://www.dt.co.kr/article/12062549?ref=naver
2026-05-14,조선업 공급망에 3000억 수혈…신한은행·삼성중공업 '맞손',0.0,0,0,https://www.newsgn.com/news/articleView.html?idxno=552289
2026-05-14,"[금융권 풍향계] 은행권, 조선산업 수출 경쟁력 강화 위해 ‘생산적금융...",0.0,0,0,https://www.ekn.kr/web/view.php?key=20260514029584781
2026-05-14,"하나은행, 1조원 상생금융 지원으로 조선 산업 경쟁력 강화",0.322,1,0,https://www.cbci.co.kr/news/articleView.html?idxno=574391
2026-05-14,"변광용, 김경수 후보 거제 조선소 방문 '청년, 내국인 채용 확대, 조선산...",0.0,0,0,https://www.newsgn.com/news/articleView.html?idxno=552138
2026-05-14,K-조선 미래비전 꺼낸 정부…산업 생태계 경쟁력 키운다,0.0,0,0,https://www.g-enews.com/view.php?ud=20260514161737240424debea800_1
2026-05-14,"슈퍼사이클 올라탄 K조선, 정부 키워드는 '생태계 보강'",0.0,0,0,https://www.econovill.com/news/articleView.html?idxno=740077
2026-05-14,[뱅크Shoot] KB·신한·하나·우리은행 '데이 이슈',0.0,0,0,http://www.finomy.com/news/articleView.html?idxno=254407
2026-05-14,"LNG 바람 탄 K-조선…HD한국조선해양-삼성중공업, 운반선 2척 나란히 수...",0.38,1,0,https://www.socialvalue.kr/news/view/1065600223966295
2026-05-14,'5인 공동선대위' 띄운 정광열…춘천시장 선거전 본격 점화,0.0,0,0,https://www.bzeronews.com/news/articleView.html?idxno=817491
2026-05-14,금융권 'K-조선' 상생책 지원,0.322,1,0,https://www.newsclaim.co.kr/news/articleView.html?idxno=3063692
2026-05-14,한미 조선협력 커지는데…중소조선소 '중국산 기자재' 의존 심화,0.0,0,0,https://www.asiatoday.co.kr/kn/view.php?key=20260514010003933
2026-05-14,"우리은행, 한화오션과 3000억 상생금융 지원",0.0,0,0,http://www.paxetv.com/news/articleView.html?idxno=272080
2026-05-14,"신한은행·삼성중공업·무보, 조선 협력업체 3000억 특별보증 지원",0.0,0,0,https://www.webeconomy.co.kr/news/articleView.html?idxno=2171648
2026-05-14,"삼성重, LNG운반선 2척 수주…""수요 증가 속 밸류체인 경쟁력 증명""",0.38,1,0,https://www.m-i.kr/news/articleView.html?idxno=1373035
2026-05-14,"우리은행, 한화오션과 맞손… 조선 협력사 지원 확대",0.0,0,0,http://www.biztribune.co.kr/news/articleView.html?idxno=353834
2026-05-14,삼성重 'LNG운반선' 2척 추가 수주···올해 누적 39억달러,0.38,1,0,http://www.enewstoday.co.kr/news/articleView.html?idxno=2429537
2026-05-14,[오늘의 주요공시] 삼성화재ㆍ삼성생명ㆍ한국금융지주 등,0.38,1,0,https://www.etoday.co.kr/news/view/2584625
2026-05-14,"신한은행, 관광 활성화·금융지원 협력 강화",0.0,0,0,http://www.wsobi.com/news/articleView.html?idxno=311905
2026-05-14,"신한은행, 삼성중공업·무보와 조선업 금융지원 협약",0.0,0,0,http://www.popcornnews.net/news/articleView.html?idxno=121331
2026-05-14,"또 최고치 경신한 코스피, 7981.41 마감… 삼성전자 5% 급등 ‘신고가’",0.732,2,0,https://www.womennews.co.kr/news/articleView.html?idxno=277483
2026-05-14,"삼성重, 오세아니아서 7505억 규모 LNG운반선 2척 수주",0.38,1,0,https://www.ksg.co.kr/news/main_newsView.jsp?pNum=147193
2026-05-14,"5월 하루 빼고 다 올랐다…코스피 7981 또 최고치, 8000선 눈앞",-0.322,1,2,http://www.newsian.co.kr/news/articleView.html?idxno=89677
2026-05-14,기업공시 [5월 14일],0.38,1,0,https://www.sedaily.com/article/20044186?ref=naver
2026-05-14,"삼성중공업, 액화천연가스 운반선 2척 수주 쾌거",0.38,1,0,https://www.ziksir.com/news/articleView.html?idxno=133926
2026-05-14,"삼성전자 '질주', 코스피 '신고가'...LG계열·하나금융 '급등'",0.165,2,2,http://www.choicenews.co.kr/news/articleView.html?idxno=165288
2026-05-14,"삼성중공업, LNG 운반선 2척 7천505억원에 수주",0.38,1,0,https://www.yna.co.kr/view/AKR20260514150400003?input=1195m
2026-05-14,"하나은행, 조선 협력사에 4000억 지원…수출 경쟁력 강화",0.0,0,0,https://www.ebn.co.kr/news/articleView.html?idxno=1708840
2026-05-14,"수주 흐름 탄 삼성중공업, 올해 목표 달성 기대감↑",0.38,1,0,http://www.newsprime.co.kr/news/article.html?no=733515
2026-05-14,"“K-조선 경쟁력 강화”...하나銀, 생산적 금융 확대",0.0,0,0,https://www.sedaily.com/article/20044176?ref=naver
2026-05-14,"삼성重, FSRU·LNG운반선 연속 수주…LNG밸류체인 라인업 강화",0.38,1,0,http://www.e2news.com/news/articleView.html?idxno=330439
2026-05-14,"신한은행, 삼성중공업·무보와 K-조선 수출 경쟁력 강화 위해 맞손",0.0,0,0,http://www.thefirstmedia.net/news/articleView.html?idxno=199484
2026-05-14,"삼성중공업, LNG운반선 2척 수주…7505억원 규모 계약",0.38,1,0,https://www.insightkorea.co.kr/news/articleView.html?idxno=246433
2026-05-14,"삼성重·HD한국조선해양, LNG운반선 2척씩 나란히 수주",0.38,1,0,https://www.mk.co.kr/article/12047682
2026-05-14,[거래소 외국인] 삼성전자 삼성전자우 LG디스플레이 한화솔루션에 올라...,0.408,1,0,https://www.pinpointnews.co.kr/news/articleView.html?idxno=452771
2026-05-14,[정치家] 배경훈 부총리 겸 과학기술정보통신부 장관 ②ㅣAI 정책·인재...,0.0,0,0,https://www.cbci.co.kr/news/articleView.html?idxno=574523
2026-05-14,[거래소 기관] 한미반도체 삼성전자 삼성물산 현대건설 쓸어 담고 SK하이...,0.682,2,0,https://www.pinpointnews.co.kr/news/articleView.html?idxno=452769
2026-05-14,조선산업 수출 경쟁력 강화...은행권 생산적금융 '앞장',0.0,0,0,https://www.financialpost.co.kr/news/articleView.html?idxno=259099
2026-05-14,"한화오션, 조선 빅3 중 올해 사망사고 최다…美·EU 방산업계 ESG 강화 부...",0.0,0,0,https://www.straightnews.co.kr/news/articleView.html?idxno=302482
2026-05-14,"삼성중공업, '7505억 규모' LNG운반선 2척 수주",0.38,1,0,https://www.fetv.co.kr/news/articleView.html?idxno=302403
2026-05-14,"""조선업 현장 '돈맥경화' 뚫는다"" 신한은행·삼성중공업, 3천억 상생금융...",0.0,0,0,https://www.catchnews.kr/news/articleView.html?idxno=123869
2026-05-14,"K-조선 초격차 엔진 가동… 하나은행, 15조 규모 '생산적 금융' 선봉장 ...",0.0,0,0,https://www.nbntv.kr/news/articleView.html?idxno=340096
2026-05-14,슈퍼사이클 조선 3사에도 성과급 불씨…원청·하청 불문 '내 몫' 요구 봇...,0.38,1,0,https://www.dailian.co.kr/news/view/1644328/?sc=Naver
2026-05-14,역대급 호황에 조선업도 '성과급 블랙홀'...하청도 요구 봇물,0.0,0,0,https://www.newspim.com/news/view/20260514001062
2026-05-14,[은행 이모저모] 신한은행·하나은행·우리은행 등,0.0,0,0,http://www.bizwnews.com/news/articleView.html?idxno=136545
2026-05-14,"은행권, K-조선 공급망에 1조원 금융지원",0.0,0,0,https://www.thelec.kr/news/articleView.html?idxno=56577
2026-05-14,"삼성중공업, LNG운반선 2척 수주…LNG 밸류체인 경쟁력 강화",0.38,1,0,https://www.news2day.co.kr/article/20260514500160
2026-05-14,"삼성중공업, LNG 운반선 잇단 수주…친환경 선박 경쟁력 강화",0.38,1,0,https://www.pointdaily.co.kr/news/articleView.html?idxno=304957
2026-05-14,대통령도 주목한 K조선의 미래 전략은,0.0,0,0,https://economist.co.kr/article/view/ecn202605140020
2026-05-14,"[중공업 & Now] HD한국조선해양, 7439억원 규모 LNG운반선 2척 수주 등",0.38,1,0,https://www.ebn.co.kr/news/articleView.html?idxno=1708798
2026-05-14,"신한은행, 삼성중공업과 3000억 상생금융…조선 협력사 지원",0.0,0,0,http://www.opinionnews.co.kr/news/articleView.html?idxno=138417
2026-05-14,"하나은행, 조선산업 금융지원 확대…""수출 공급망 경쟁력 강화""",0.0,0,0,https://www.polinews.co.kr/news/articleView.html?idxno=731161
2026-05-14,"하나은행, K-조선 수출 경쟁력 강화…""생산적 금융 지원 앞장""",0.0,0,0,http://www.opinionnews.co.kr/news/articleView.html?idxno=138416
2026-05-14,"우리銀, 한화오션과 3000억 상생금융 공급... 협력사 지원 늘린다",0.0,0,0,http://www.opinionnews.co.kr/news/articleView.html?idxno=138415
2026-05-14,"삼성重, LNG운반선 2척 수주…7505억 규모",0.38,1,0,https://www.sedaily.com/article/20044106?ref=naver
2026-05-14,"美 '황금함대' 구상 본격화···K-조선, '동맹 조선소' 역할 커진다",0.0,0,0,https://www.seoulfn.com/news/articleView.html?idxno=628803
2026-05-14,"정부 ""위험 분담"" 언급에 은행권, K-조선 지원 확대",0.0,0,0,http://www.niceeconomy.co.kr/news/articleView.html?idxno=89838
2026-05-14,"신한은행·삼성중공업, 조선업 협력사에 3000억원 규모 상생금융 지원",0.0,0,0,https://www.asiaa.co.kr/news/articleView.html?idxno=249516
2026-05-14,"하나은행, 조선 협력업체 금융지원 확대…K-조선 공급망 안정화 지원",0.0,0,0,https://www.seoultimes.news/news/article.html?no=2000095704
2026-05-14,"신한은행, 삼성중공업과 협력사에 3000억 특별보증",0.0,0,0,https://view.asiae.co.kr/article/2026051414395088659
2026-05-14,"신한·우리·하나은행, 'K-조선' 위해 1조원 상생금융 지원",0.0,0,0,https://www.s-journal.co.kr/news/articleView.html?idxno=41242
2026-05-14,"신한은행, 삼성중공업·무보와 조선업 공급망 금융지원",0.0,0,0,https://www.newsfreezone.co.kr/news/articleView.html?idxno=689751
2026-05-14,"우리은행, 한화오션과 3000억 상생금융 공급...""협력사 지원""",0.322,1,0,http://www.nongaek.com/news/articleView.html?idxno=95379
2026-05-14,"하나은행, 'K-조선' 부활에 5조원 수혈… 중소 협력사와 상생 행보",0.0,0,0,http://www.dailysmart.co.kr/news/articleView.html?idxno=124055
2026-05-14,"삼성중공업, 오세아니아 선사서 LNG운반선 2척 7505억 수주",0.38,1,0,http://www.newslock.co.kr/news/articleView.html?idxno=130108
2026-05-14,"신한·하나·우리은행, 조선 협력사에 '생산적 금융' 확대",0.0,0,0,https://www.newstree.kr/newsView/ntr202605140009
2026-05-14,HD현대중공업 8% 낙폭 이어 삼성중공업ㆍHJ중공업 하락,-0.537,0,2,http://www.econonews.co.kr/news/articleView.html?idxno=438253
2026-05-14,"하나은행, 'K조선' 경쟁력 키운다…""생산적 금융 지원 앞장""",0.322,1,0,https://www.sidae.com/article/2026051414073730015
2026-05-14,"삼성중공업, LNG운반선 2척 수주…7505억 규모",0.38,1,0,https://www.dailian.co.kr/news/view/1644308/?sc=Naver
2026-05-14,"신한은행, K-조선 공급망 강화...삼성중공업과 3000억 금융 지원",0.0,0,0,https://www.job-post.co.kr/news/articleView.html?idxno=215893
2026-05-14,"삼성重, 오세아니아 선사로부터 LNG 운반선 2척 수주...7505억 규모",0.38,1,0,https://www.pinpointnews.co.kr/news/articleView.html?idxno=452696
2026-05-14,"삼성중공업, LNG운반선 2척 수주…7505억원 규모",0.38,1,0,https://www.g-enews.com/view.php?ud=20260514122908944424debea800_1
2026-05-14,"[중화학 ON] HD현대, 중동 사태 우려 협력사 자재대금 조기 지급 外",0.38,1,0,https://dealsite.co.kr/articles/161839
2026-05-14,"신한은행, 삼성중공업·무보와 3000억원 규모 '조선업 공급망' 금융지원",0.0,0,0,https://daily.hankooki.com/news/articleView.html?idxno=1367123
2026-05-14,"삼성重, LNG운반선 2척 7505억원 수주",0.38,1,0,http://www.newsian.co.kr/news/articleView.html?idxno=89657
2026-05-14,"삼성중공업, 오세아니아 선사서 LNG운반선 2척 7505억원에 수주",0.38,1,0,https://www.newsinside.kr/news/articleView.html?idxno=4673049
2026-05-14,"시중은행·정책기관·조선사, 협력업체 지원 위해 8천억 상생금융 협약...",0.0,0,0,https://www.tokenpost.kr/news/economy/359565
2026-05-14,트럼프·시진핑 회담에 이란 종전 기대감… 방산·해운·전력·조선 ‘와...,-0.261,0,1,https://www.sedaily.com/article/20044049?ref=naver
2026-05-14,[오늘 경남] 조선 협력업체 노후 생산장비 교체비용 지원 등,0.0,0,0,https://www.sidae.com/article/2026051413011238355
2026-05-14,"[공시] 삼성중공업, 오세아니아 선주서 7505억원 규모 액화천연가스운반...",0.0,0,0,https://www.getnews.co.kr/news/articleView.html?idxno=870124
2026-05-14,"신한·하나·우리은행, 'K 조선업 공급망' 위해 총 1조원 규모 금융지원...",0.0,0,0,https://economist.co.kr/article/view/ecn202605140014
2026-05-14,"삼성중공업, LNG운반선 2척 7505억원 수주",0.38,1,0,https://www.businessplus.kr/news/articleView.html?idxno=111774
2026-05-14,"삼성중공업, LNG운반선 2척 7505억원에 수주",0.38,1,0,https://daily.hankooki.com/news/articleView.html?idxno=1367096
2026-05-18,코스피 8000 터치 후 조정 국면…반도체 다음 ‘실적 우량주’ 순환매 ...,0.133,1,1,https://www.etoday.co.kr/news/view/2585053
2026-05-18,[조ㆍ항ㆍ해 고유가 체질개선] 암모니아 추진선ㆍ지속가능 항공유 등 친...,0.0,0,0,https://www.dnews.co.kr/uhtml/view.jsp?idxno=202605151513309130903
2026-05-18,"[조ㆍ항ㆍ해 고유가 체질개선] 조선ㆍ항공ㆍ해운, ‘따로 또 같이’ 생...",0.0,0,0,https://www.dnews.co.kr/uhtml/view.jsp?idxno=202605151513176190902
2026-05-18,"조선 수주 잭팟, 해운은 3중고 비상…‘중동 리스크’ 엇갈린 운명",0.38,1,0,https://www.joongang.co.kr/article/25429101
2026-05-18,이번엔 K조선…HD현대중 노조 “영업익 30% 달라”,0.0,0,0,https://www.joongang.co.kr/article/25429079
2026-05-17,변광용·김선민 네거티브 공방 가열,0.0,0,0,http://www.gnmaeil.com/news/articleView.html?idxno=586680
2026-05-17,"삼성중공업, LNG운반선 2척 7505억 원에 수주",0.38,1,0,https://www.gnnews.co.kr/news/articleView.html?idxno=637029
2026-05-17,경남도 함정 MRO 국비사업 선정,0.0,0,0,http://www.gndomin.com/news/articleView.html?idxno=475835
2026-05-17,AI 열풍 탄 HD현대重도 '노조 리스크'… 파고 넘어 순항할까,0.462,1,0,https://www.mk.co.kr/article/12050388
2026-05-17,"경남, 육·공 넘어 '해양방산' 선점…함정 MRO 패권 잡았다",0.0,0,0,https://www.newsgn.com/news/articleView.html?idxno=552494
2026-05-17,"부울경+전남 초광역 함정 정비 클러스터, 국비 추가 확보",0.0,0,0,https://www.busan.com/view/busan/view.php?code=2026051713353418134
2026-05-17,"경남도, 방사청 '방산혁신클러스터 함정 MRO' 공모 선정",0.0,0,0,https://www.newsis.com/view/NISX20260517_0003632909
2026-05-17,"경남, 함정 MRO 국비사업 선정",0.0,0,0,https://www.newscj.com/news/articleView.html?idxno=3401456
2026-05-17,"파나시아, 배가 내뿜는 탄소, 바로 잡아내 … 친환경·에너지로 '영토 확...",0.0,0,0,https://www.mk.co.kr/article/12050289
2026-05-17,"SB선보, 30년간 선박용 모듈 유닛 1위 … 글로벌 친환경 에너지 기업 도...",0.0,0,0,https://www.mk.co.kr/article/12050288
2026-05-17,"'돈 되는 선박' 수주 랠리 K조선, '빅3' 따온 일감 29조 육박",0.38,1,0,https://www.hankookilbo.com/news/article/A2026051712080003623?did=NA
2026-05-17,[이한우의 에너지 톺아보기] 동북아시아 청정해운 회랑을 건설하자,0.0,0,0,https://www.g-enews.com/view.php?ud=20260517092536681035e857d010_1
2026-05-17,현대위아· 현대로템 ESG경영 'A+'...중소기업은 현실적 어려움 호소,0.0,0,0,https://www.idomin.com/news/articleView.html?idxno=2005865
2026-05-17,"경남도, 방사청 '함정 MRO' 공모 최종 선정",0.0,0,0,https://www.idomin.com/news/articleView.html?idxno=2005855
2026-05-17,“영업익 30% 달라” K조선으로 번진 성과급 논란…이익배분 시험대,0.0,0,0,https://www.joongang.co.kr/article/25428941
2026-05-17,"중동 전쟁이 오히려 호재?… K-조선 수주 랠리 강화, 고부가 전략으로 ...",0.38,1,0,https://www.ddaily.co.kr/page/view/2026051711240311553
2026-05-17,"경남도, '방산혁신클러스터 함정 MRO' 공모 선정… 글로벌 88조 시장 선...",0.0,0,0,https://www.mtnews.net/news/articleView.html?idxno=24806
2026-05-17,"목표치 높인 K조선, 1분기에만 절반 가까이 채웠다",0.38,1,0,https://www.newsway.co.kr/news/view?ud=2026051314061811120
2026-05-17,"K-조선, 4일 동안 LNG운반선 7척 수주 랠리… 중동 전쟁 특수",0.38,1,0,https://m.skyedaily.com/news_view.html?ID=304190
2026-05-17,‘K조선 빅3’ 수주 28조 넘겼다…그뒤엔 중동 악재 뚫은 LNG선,0.38,1,0,https://www.joongang.co.kr/article/25428919
2026-05-17,K조선 나흘새 LNG선 2.6조원 수주...중동 전쟁發 특수에 수주 랠리,0.38,1,0,https://www.chosun.com/economy/industry-company/2026/05/17/4XIBOHINMFHFZOECMU3TCC6AO4/?utm_source=naver&utm_medium=referral&utm_campaign=naver-news
2026-05-17,"고수들은 이미 주시중…""주가 97만원 목표"" 이제 '상승세'만 남았다 [주...",0.0,1,1,https://view.asiae.co.kr/article/2026051410372031531
2026-05-17,"삼성중공업, 미중 관세 완화 기대에도 2%대 하락…월요일 조선주 흐름 ...",-0.762,0,3,https://www.cbci.co.kr/news/articleView.html?idxno=575032
2026-05-17,"K-조선의 저력…석달만에 100척 수주, 작년 같은 기간보다 52%↑",0.38,1,0,https://biz.heraldcorp.com/article/10738942?ref=naver
2026-05-16,외국인 ‘리밸런싱’ vs 개인 ’저가매수’…반도체 두고 갈린 포지션,0.0,0,0,https://www.kukinews.com/article/view/kuk202605160026
2026-05-16,"김선민 거제시장 후보, 박완수 경남도지사 후보와 함께 '종횡무진'",0.0,0,0,https://www.newsfreezone.co.kr/news/articleView.html?idxno=690120
2026-05-16,"K-조선 멈추지 않는 '수주 질주'···정부, '초격차 기술 확립' 비전 제...",0.38,1,0,https://www.seoulfn.com/news/articleView.html?idxno=628909
2026-05-16,최근 5거래일 삼성중공업 주가 하락 흐름 이어가,-0.261,0,1,https://www.topstarnews.net/news/articleView.html?idxno=16062441
2026-05-16,[1% 초고수의 주간 선택] 'LG전자' 담고 '현대차그룹' 차익실현,0.0,0,0,https://www.ebn.co.kr/news/articleView.html?idxno=1709046
2026-05-16,"박완수, 후보 등록 첫 행보 '원전·조선'…""기업 살아야 일자리 창출""",0.0,0,0,https://www.nocutnews.co.kr/news/6518187?utm_source=naver&utm_medium=article&utm_campaign=20260516085256
2026-05-16,[주간 거래소 외국인] SK하이닉스 삼성전자 현대모비스 현대차 '폭풍매...,0.0,0,0,https://www.pinpointnews.co.kr/news/articleView.html?idxno=453100
2026-05-16,"李대통령, 지선 앞 지역·민생 광폭행보…상반된 시선",0.0,0,0,https://www.nocutnews.co.kr/news/6518157?utm_source=naver&utm_medium=article&utm_campaign=20260516093957
2026-05-19,배보다 귀하다…중동 사태가 부른 LNG선 호황에 웃는 보랭재 업계,0.0,0,0,https://www.khan.co.kr/article/202605190600011
2026-05-19,올 들어 LNG선 12척 수주… 삼성중공업 ‘슈퍼사이클’ 탄다,0.583,2,0,https://www.seoul.co.kr/news/economy/industry/2026/05/19/20260519031006?wlog_tag3=naver
2026-05-19,"부울경·전남, 490억 방산클러스터 확보",0.0,0,0,https://www.goodmorningcc.com/news/articleView.html?idxno=446296
2026-05-19,"“사탕 한 알·물 한 잔에 감사하니, 분노도 누그러지더라”",0.0,0,0,https://www.chosun.com/national/people/2026/05/19/MSE6R4ADSNEEBMRSQ6PWWPLO4Y/?utm_source=naver&utm_medium=referral&utm_campaign=naver-news
2026-05-19,"삼성重 1조 또 수주… 이달 LNG선 6척, 올 목표 83% 달성",0.38,1,0,https://www.kmib.co.kr/article/view.asp?arcid=1779093711&code=11151400&cp=nv
2026-05-19,"'1일 천하'로 끝난 '8000피 시대'…K증시, '외인 매물 폭탄'에 시험대",0.0,0,0,https://www.ziksir.com/news/articleView.html?idxno=134204
2026-05-18,"[주요공시] 삼성중공업, 앤로보틱스, 우리기술, SKC, 싸이토젠, HDC, 케이...",0.38,1,0,https://www.kdpress.co.kr/news/articleView.html?idxno=205375
2026-05-18,[미리보는 이데일리 신문] 다시 힘이 지배하는 시대…韓 기술패권·안보...,0.583,2,0,http://www.edaily.co.kr/news/newspath.asp?newsid=05589126645450232
2026-05-18,"무역보험공사, 16조원 상생금융 첫 결실",0.0,0,0,http://www.ujeil.com/news/articleView.html?idxno=385894
2026-05-18,조선업 활기… 동남권 조선사 구인 활발,0.0,0,0,http://www.gnmaeil.com/news/articleView.html?idxno=586795
2026-05-18,"삼성重, LNG운반선 3척 1조 규모 수주",0.625,2,0,http://www.gnmaeil.com/news/articleView.html?idxno=586796
2026-05-18,"경남도, 방산혁신클러스터 함정 MRO 국비 지원 공모 선정",0.0,0,0,http://www.gnmaeil.com/news/articleView.html?idxno=586776
2026-05-18,"'LNG운반선 수주 행진' 삼성중공업, FLNG만 남았다",0.38,1,0,https://www.econovill.com/news/articleView.html?idxno=740328
2026-05-18,"LNG 파도 올라탄 삼성중공업, 5개월 만에 지난해 실적 넘어섰다",0.0,0,0,http://www.ftoday.co.kr/news/articleView.html?idxno=359105
2026-05-18,경남지사 후보 일정·동선보니…산업·조직·노동 등 선거전략 차별화,0.0,0,0,https://www.idomin.com/news/articleView.html?idxno=2006025
2026-05-18,조선 빅3 설비투자 흐름 엇갈려…한화오션은 확대 기조,0.0,0,0,https://www.straightnews.co.kr/news/articleView.html?idxno=302772
2026-05-18,[외환-마감] '네고 출회·당국 스무딩 추정 물량'에 하락 전환…0.50원↓,0.133,1,1,https://news.einfomax.co.kr/news/articleView.html?idxno=4415501
2026-05-18,"경남, 88조 '글로벌 함정 MRO 시장' 정조준",0.0,0,0,https://www.hankyung.com/article/2026051842961
2026-05-18,"[로드뷰] ""LNG선만 늘려서는 못 버틴다""… ICTSI·삼성重이 같은 그림을...",0.38,1,0,http://www.newsroad.co.kr/news/articleView.html?idxno=59463
2026-05-18,LNG운반선 수주 랠리에도 못 웃는 K-조선,0.38,1,0,https://www.dt.co.kr/article/12063088?ref=naver
2026-05-18,"[뉴스인사이드_뉴스톡톡] 두산, 5조원대 SK실트론 인수 확정",0.38,1,0,https://www.newsinside.kr/news/articleView.html?idxno=4683647
2026-05-18,"삼성중공업, LNG 운반선 3척 수주…1조1242억 규모",0.38,1,0,http://www.gndomin.com/news/articleView.html?idxno=475954
2026-05-18,MacNet 전략세미나 20일 개최…해양 SMR 상용화 방안 모색,0.0,0,0,https://www.cnbnews.com/news/articleView.html?idxno=1002068
2026-05-18,"경남도, 함정 MRO 방산혁신클러스터 선정…글로벌 시장 정조준",0.0,0,0,https://www.cnbnews.com/news/articleView.html?idxno=1002067
2026-05-18,"LS일렉트릭, 1050억 원 규모 배전기기 공급계약…SKC, 1.2조 유상증자 흥...",0.38,1,0,https://www.sisaon.co.kr/news/articleView.html?idxno=201161
2026-05-18,[AI로 읽는 경제] ① ﻿전쟁이 바꾼 세계 공장…효율의 시대가 끝났다,0.322,1,0,https://www.newspim.com/news/view/20260518001195
2026-05-18,올 들어 LNG선 12척 수주…삼성중공업 ‘슈퍼사이클’ 탄다,0.583,2,0,https://www.seoul.co.kr/news/economy/industry/2026/05/18/20260518500232?wlog_tag3=naver
2026-05-18,"""LNG선 등 3척 추가요""… 삼성重 1.1조 규모 수주",0.38,1,0,https://www.mk.co.kr/article/12051286
2026-05-18,"삼성중공업, LNG선 '상반기 질주'…에너지 안보 격랑 속 고부가선 수주...",0.38,1,0,https://www.goodkyung.com/news/articleView.html?idxno=287112
2026-05-18,"[단독] ""사흘마다 잭팟 터진다""…30조 '돈방석' 앉은 K조선",0.38,1,0,https://www.hankyung.com/article/2026051844591
2026-05-18,[단독] K조선 수주 200억달러 돌파…슈퍼사이클 2막이 열렸다,0.583,2,0,https://www.hankyung.com/article/2026051844691
2026-05-18,"[산업 레이더] KCC·삼성重·SKC ‘기술 승부수’…조선·소재·반도체,...",0.38,1,0,http://www.thevaluenews.co.kr/news/view.php?idx=198833
2026-05-18,"변광용 거제시장 후보, 30여 차례 정책간담회 '소통 행보'",0.0,0,0,https://www.newspim.com/news/view/20260518001194
2026-05-18,"""K원자력선박 띄운다""…미래 시장도 선점 나서",0.0,0,0,https://www.hankyung.com/article/2026051844581
2026-05-18,"변광용, 세대·분야 전반 관통 광폭 소통 행보... 정책소통간담회 30여 ...",0.0,0,0,https://www.newsgn.com/news/articleView.html?idxno=552669
2026-05-18,"삼성重, LNG선 수주 랠리…AI 시대 에너지 인프라 수요 올라탄다",0.38,1,0,http://www.biztribune.co.kr/news/articleView.html?idxno=353941
2026-05-18,삼성중공업 LNG선 12척 수주...상반기만에 작년 실적 돌파,0.583,2,0,https://www.ppss.kr/news/articleView.html?idxno=296386
2026-05-18,[오늘의 주요공시] 삼성중공업·하이트진로·한솔케미칼 등,0.38,1,0,https://www.etoday.co.kr/news/view/2585644
2026-05-18,"[로드픽] ""합의문보다 여백이 더 위험했다""… 트럼프·시진핑 베이징 회...",0.38,1,0,http://www.newsroad.co.kr/news/articleView.html?idxno=59457
2026-05-18,"“불안할 땐 장기 계약”⋯ K-조선, LNG선 특수 자신 있다",0.38,1,0,https://www.viva100.com/article/20260518500641
2026-05-18,[애프터마켓 브리핑] 증시 활황 속 대체거래소도 호실적,0.762,2,0,https://biz.sbs.co.kr/article_hub/20000311079?division=NAVER
2026-05-18,기업 공시 [5월 18일],0.38,1,0,https://www.sedaily.com/article/20045434?ref=naver
2026-05-18,"삼성중공업, LNG 운반선 3척 수주… 5월 수주량 6척",0.38,1,0,https://m.skyedaily.com/news_view.html?ID=304237
2026-05-18,선 넘은 삼성전자발 노조 몽니...산업계 판 흔든다,0.462,1,0,https://www.mediapen.com/news/view/1099559
2026-05-18,"삼성중공업, LNG운반선 3척 수주…5월에만 2.3조원 '잭팟'",0.38,1,0,https://www.m-i.kr/news/articleView.html?idxno=1373978
2026-05-18,"'고부가전략' 삼성중공업, LNG선 수주 질주",0.788,2,0,https://www.ezyeconomy.com/news/articleView.html?idxno=235509
2026-05-18,"5월에만 2.3조 쓸어담았다 … 삼성중공업, LNG선 3척 1.1조 ‘수주 랠리...",0.38,1,0,https://biz.newdaily.co.kr/site/data/html/2026/05/18/2026051800126.html
2026-05-18,"[뉴스줌인] HSG성동조선, 10년 만에 완성배 만드는데…창업주 정홍준도...",0.38,1,0,http://www.dailypop.kr/news/articleView.html?idxno=98913
2026-05-18,[1% 초고수의 선택] '삼성전자' 팔고 'LG전자' 담았다,0.0,0,0,https://www.ebn.co.kr/news/articleView.html?idxno=1709191
2026-05-18,"""가스 전쟁이 돈 된다""…삼성중공업, LNG선 12척 싹쓸이하며 수주 잭팟",0.38,1,0,https://www.megaeconomy.co.kr/news/newsview.php?ncode=1065594342000879
2026-05-18,"삼성중공업, LNG운반선 3척 수주… 1.1조원 규모",0.38,1,0,https://sateconomy.co.kr/news/view/1065588280204497
2026-05-18,MacNet 전략세미나 'Net Zero 달성 해양 SMR이 해답' 연다,0.0,0,0,https://www.mt.co.kr/policy/2026/05/18/2026051814480294434
2026-05-18,"삼성중공업, LNG운반선 3척 수주…1.1조원 규모",0.38,1,0,https://www.etnews.com/20260518000318
2026-05-18,"삼성重, LNG 운반선 3척 수주...1조1242억원 규모",0.38,1,0,https://www.ajunews.com/view/20260518094540338
2026-05-18,"삼성중공업, LNG선 수주 행진 이어 주가는 강보합…2조원대 추가 수주에...",0.38,1,0,https://www.cbci.co.kr/news/articleView.html?idxno=575254
2026-05-18,해양 SMR 선박 집중 조명 MacNet 전략세미나 개최,0.0,0,0,http://amenews.kr/news/view.php?idx=66750
2026-05-18,"[중화학 ON] 삼성중공업, LNG운반선 3척 1.1조 수주 外",0.38,1,0,https://dealsite.co.kr/articles/162023
2026-05-18,"삼성중공업, LNG운반선 12척 수주…작년 실적 넘었다",0.38,1,0,https://www.pointdaily.co.kr/news/articleView.html?idxno=305281
2026-05-18,"K-조선, 나흘 새 2.6兆 수주… 중동 전쟁→LNG 항로 확대에 때아닌 특수",0.38,1,0,https://www.thepublic.kr/news/articleView.html?idxno=304751
2026-05-18,"K-조선, 5월 '조기 달성' 피크… ""목표 낮추고 몸값 높였다""",0.0,0,0,http://www.the-biz.co.kr/news/articleView.html?idxno=720857
2026-05-18,"연료 교체 없는 탄소제로 선박, 부산에서 전략 논의 본격화",0.0,0,0,https://daily.hankooki.com/news/articleView.html?idxno=1368164
2026-05-18,"삼성중공업, 오세아니아서 LNG운반선 3척 수주…누적 47억달러",0.38,1,0,http://www.newslock.co.kr/news/articleView.html?idxno=130227
2026-05-18,"삼성重, 5월에만 2조 3595억 수주… 지난해 실적 벌써 넘었다",0.583,2,0,https://www.financialpost.co.kr/news/articleView.html?idxno=259465
2026-05-18,[서울데이터랩]삼성전자·SK하이닉스 동반 강세…코스피 거래상위 종목...,0.322,2,1,https://www.seoul.co.kr/news/economy/securities/2026/05/18/20260518500104?wlog_tag3=naver
2026-05-18,"MacNet, ""2050 Net-Zero, 해양 SMR선박이 해답""세미나",0.0,0,0,https://www.todayenergy.kr/news/articleView.html?idxno=297939
2026-05-18,"한화오션, 조선업계 중대재해 최다 기록…안전경영 도마 위",0.0,0,0,https://mdtoday.co.kr/news/view/1065576565704311
2026-05-18,"삼성重, 1.1兆 규모 LNG 운반선 3척 수주... 5월 수주 랠리",0.38,1,0,http://www.fnnews.com/news/202605180847415221
2026-05-18,"경남도, 함정 MRO 방산혁신클러스터 선정…'K-해양방산' 글로벌 허브 도...",0.0,0,0,https://www.newsfreezone.co.kr/news/articleView.html?idxno=690285
2026-05-18,"삼성중공업, LNG선 3척 '1조1242억' 잭팟…지난해 실적 벌써 넘었다",0.38,1,0,https://www.newsgn.com/news/articleView.html?idxno=552630
2026-05-18,"삼성중공업, LNG운반선 5월에만 6척 수주 랠리",0.38,1,0,http://www.kookje.co.kr/news2011/asp/newsbody.asp?code=0200&key=20260518.99099004570
2026-05-18,"삼성중공업, LNG운반선 3척 1조 1.2조원 수주",0.38,1,0,https://www.todayenergy.kr/news/articleView.html?idxno=297929
2026-05-18,"HD현대마린솔루션, 美 데이터센터 유지·보수 정조준",0.0,0,0,http://www.fnnews.com/news/202605180812144009
2026-05-18,"삼성중공업, 오세아니아 선사와 LNG운반선 3척 1조1242억원 수주 계약",0.38,1,0,https://www.newsinside.kr/news/articleView.html?idxno=4681646
2026-05-18,"삼성중공업, 오세아니아 선사서 1조1242억 규모 액화천연가스운반선 2척...",0.0,0,0,https://www.getnews.co.kr/news/articleView.html?idxno=870351
2026-05-18,"""올해 LNG선 수주 12척""…삼성중공업, 벌써 작년 실적 넘었다",0.38,1,0,https://www.news2day.co.kr/article/20260518500064
2026-05-18,“조선 실적은 역대급인데 주가는 뚝” 증권가의 일침,0.38,1,0,https://magazine.hankyung.com/business/article/202605183264b
2026-05-18,"삼성중공업, 오세아니아 선사와 LNG운반선 3척 계약 ""1조1242억 규모""…올...",0.0,0,0,http://www.queen.co.kr/news/articleView.html?idxno=457053
2026-05-18,"삼성중공업, LNG선 수주 랠리…5월에만 2.3조원",0.38,1,0,https://www.ziksir.com/news/articleView.html?idxno=134178
2026-05-18,"삼성중, LNGC 3척 1조 1242억 수주…연 목표 ‘3 분의 1’ 채웠다",0.38,1,0,https://www.busan.com/view/busan/view.php?code=2026051810363759699
2026-05-18,"삼성중공업, 올해 LNG 운반선 12척 수주…작년 수준 넘어",0.38,1,0,http://mbnmoney.mbn.co.kr/news/view?news_no=MM1005837632
2026-05-18,"K조선, 중동발 불확실성에도 순조로운 수주 행보",0.38,1,0,https://economist.co.kr/article/view/ecn202605180012
2026-05-18,"삼성重, 또 LNG운반선 3척 수주 5월에만 FSRU 포함 6척 2.3조",0.38,1,0,http://www.smedaily.co.kr/news/articleView.html?idxno=357155
2026-05-18,"삼성중공업, 1조1242억 규모 LNG운반선 3척 수주",0.38,1,0,https://www.hankyung.com/article/2026051828426
2026-05-18,해양 SMR 전략세미나 개최…원자력 추진 선박 상용화 논의,0.0,0,0,https://www.sedaily.com/article/20045264?ref=naver
2026-05-18,"삼성重, 1조1242억원 규모 LNG운반선 3척 수주···5월에만 2조3000억",0.38,1,0,http://www.finomy.com/news/articleView.html?idxno=254501
2026-05-18,"삼성중공업, LNG운반선 3척 1.1조 수주...5월에만 2.3조 확보",0.38,1,0,https://www.joongangenews.com/news/articleView.html?idxno=519861
2026-05-18,"삼성중공업, 1.1조 LNG선 추가 수주…상반기 만에 작년 실적 깼다",0.38,1,0,https://magazine.hankyung.com/business/article/202605183078b
2026-05-18,"삼성중공업 주가, 5월 18일 장중 28,850원 1.54% 하락",-0.261,0,1,https://www.joongangenews.com/news/articleView.html?idxno=519927
2026-05-18,"[2026 건설부동산 포럼] ""중처법 처벌 기준, 직함 아닌 실질 권한""",0.0,0,0,https://dealsite.co.kr/articles/161865
2026-05-18,"삼성중공업, LNG선 3척 또 따냈다…올해 12척 확보",0.38,1,0,https://zdnet.co.kr/view/?no=20260518103100
2026-05-18,"삼성중공업, LNG 운반선 3척 수주… 1조1242억원 규모",0.38,1,0,https://www.viva100.com/article/20260518500397
2026-05-18,"'슈퍼사이클' K-조선, 3사 누적 수주 28조원…'성과급 논쟁'은 리스크",0.38,1,0,https://news.tf.co.kr/read/economy/2323553.htm
2026-05-18,"삼성중공업, LNG운반선 추가 수주…올해 누적 12척 달성",0.38,1,0,https://www.insightkorea.co.kr/news/articleView.html?idxno=246560
2026-05-18,[이슈] LNG선 호황 뒤 드리워진 협력업체의 그늘,0.38,1,0,https://www.polinews.co.kr/news/articleView.html?idxno=731501
2026-05-18,"정부, 중소형 조선사 선수금환급보증 발급 부담 덜어준다",0.0,0,0,http://www.kbiznews.co.kr/news/articleView.html?idxno=114161
2026-05-18,"삼성重, 5월에만 LNG-FSRU·LNG운반선 6척 수주 랠리",0.38,1,0,http://www.e2news.com/news/articleView.html?idxno=330529
2026-05-18,"삼성중공업, LNG운반선 3척 수주…1조1242억원 규모",0.38,1,0,https://www.g-enews.com/view.php?ud=20260518093405643024debea800_1
2026-05-18,"작년 실적 벌써 넘었다…삼성중공업, 올해 LNG운반선 12척 수주",0.38,1,0,https://www.ddaily.co.kr/page/view/2026051809583367424
2026-05-18,"삼성중공업 주가, 5월 18일 장중 28,800원 1.71% 하락",-0.261,0,1,https://www.topstarnews.net/news/articleView.html?idxno=16063578
2026-05-18,[서울데이터랩]개장 직후 인기 검색 종목 20選,-0.261,0,1,https://www.seoul.co.kr/news/economy/securities/2026/05/18/20260518500043?wlog_tag3=naver
2026-05-20,"[사설]K조선 대약진, 반도체 이을 먹거리로 계속 키워야",0.788,2,0,http://www.edaily.co.kr/news/newspath.asp?newsid=01646566645450888
2026-05-20,중동發 공급망 재편…K-조선에 LNG선 발주 '밀물',0.38,1,0,https://www.ebn.co.kr/news/articleView.html?idxno=1709406
2026-05-19,5월 3주 주요 제조업 전망,0.38,1,0,https://www.laborplus.co.kr/news/articleView.html?idxno=40865
2026-05-19,"삼성중공업, LNG운반선 3척 1조 1242억 원에 수주",0.38,1,0,https://www.gnnews.co.kr/news/articleView.html?idxno=637247
2026-05-19,"무보, HD현대중공업과 협력사 수출 금융 지원",0.0,0,0,https://www.viva100.com/article/20260519501279
2026-05-19,"""탄소 내면 배 못 띄운다""… 친환경 선박 사활 건 글로벌 선사들의 한국...",0.0,0,0,https://www.newsway.co.kr/news/view?ud=2026051914445355379
2026-05-19,"신한은행, 삼정KPMG와 맞손…중소·중견기업 M&A·승계 자문 강화",0.0,0,0,https://www.megaeconomy.co.kr/news/newsview.php?ncode=1065601843614191
2026-05-19,"[의결권 행사]⑦ 삼성운용, 레인보우로보 '불행사'⋯지침위반 소지",0.0,0,0,http://www.inews24.com/view/1969720
2026-05-19,[울진군수 여론조사 분석] 손병복-황이주 3번째 격돌…승부 가를 관건은...,0.0,0,0,https://www.kbmaeil.com/article/20260519500622
2026-05-19,"최성안 삼성중공업 대표, 특수선 '바다 위 가스 기지' 수주 '싹쓸이'",0.38,1,0,https://www.insightkorea.co.kr/news/articleView.html?idxno=246675
2026-05-19,"공격적 '70대 실버개미'…20대 比 거래빈도 4배, 수익 13배",0.0,0,0,https://www.nocutnews.co.kr/news/6519720?utm_source=naver&utm_medium=article&utm_campaign=20260519053536
2026-05-19,잘나가는 K-조선 흔드는 노조 리스크...원청교섭·성과급 요구 확산,0.38,1,0,https://www.ajunews.com/view/20260519140432664
2026-05-19,올해 벌써 33척 수주…韓 조선 LNG선 싹쓸이 계속된다 [비즈360],0.38,1,0,https://biz.heraldcorp.com/article/10740971?ref=naver
2026-05-19,“20대보다 4배 더 사고 13배 벌었다”…상승장 휩쓴 ‘70대 실버 개미’,0.261,1,0,http://www.segyebiz.com/newsView/20260519515672?OutUrl=naver
2026-05-19,"공격적인 '70대 실버개미'…20대보다 거래빈도는 4배, 수익은 13배 많아",0.0,0,0,https://www.newsis.com/view/NISX20260519_0003636241
2026-05-19,[코스피 지수선물 옵션] 삼성전자 선물 거래 폭증…시장 방향성 놓고 공...,0.351,2,1,https://www.pinpointnews.co.kr/news/articleView.html?idxno=453866
2026-05-19,"신한은행, 중소·중견기업 승계·M&A 자문 강화…삼정KPMG와 협약",0.0,0,0,https://www.socialvalue.kr/news/view/1065597488587484
2026-05-19,[거래소 외국인] 삼성SDI 한화에어로스페이스 현대건설 한국금융지주 '...,0.0,0,0,https://www.pinpointnews.co.kr/news/articleView.html?idxno=453849
2026-05-19,"外人 폭풍매도, 코스피 '요동'...반도체 · 車 주가 '뚝'",-0.462,0,1,http://www.choicenews.co.kr/news/articleView.html?idxno=165482
2026-05-19,"삼성중공업, LNG운반선 3척 1조1242억원 수주···올해 누적 12척 달성",0.38,1,0,https://www.polinews.co.kr/news/articleView.html?idxno=731617
2026-05-19,[중화학노트] LG엔솔·하노이시·혼다 맞손…전기이륜차 시장확대 外,0.38,1,0,https://news.dealsitetv.com/articles/170634
2026-05-19,"韓 조선 3사, 이달에만 LNG선 10척 수주… 하반기 발주 더 달아오른다",0.38,1,0,https://biz.chosun.com/industry/company/2026/05/19/K6KD5I3NVBC6RGXZWN24UXAFSE/?utm_source=naver&utm_medium=original&utm_campaign=biz
2026-05-19,"삼성중공업 주가, 5월 19일 장중 28,500원 1,050원(-3.55%) 하락",-0.261,0,1,https://www.joongangenews.com/news/articleView.html?idxno=520302
2026-05-19,"이 대통령, ‘K-조선 활성화’ 강조…신한·하나·우리은행 조선 협력사...",0.0,0,0,http://dhnews.co.kr/news/view/1065590136564298
2026-05-19,[속보] 삼성중공업·HD한국조선해양·한화오션 흔들…조선주 차익실현 ...,-0.067,1,1,https://www.cbci.co.kr/news/articleView.html?idxno=575591
2026-05-19,"""1GW 해저케이블에 묶인 '잔여통제권'""… 한국 해상풍력, 자본의 위계 다...",0.322,1,0,http://www.newsroad.co.kr/news/articleView.html?idxno=59486
2026-05-19,"삼성중, LNG 운반선 12척 수주…전년 실적 초과",0.38,1,0,https://news.kbs.co.kr/news/pc/view/view.do?ncd=8564686&ref=A
2026-05-19,잘나가는 K조선 빅3… 일주일새 LNG 운반선 3.7조원 수주,0.38,1,0,https://www.munhwa.com/article/11589943?ref=naver
2026-05-19,"[초점] 조선 3사, 역대급 슈퍼사이클에 친환경 연료선 시장 선점 경쟁",0.38,1,0,https://www.todayenergy.kr/news/articleView.html?idxno=297998
2026-05-19,K조선 슈퍼사이클 2막…중동 리스크에 다시 시작된 ‘수주 랠리’,0.38,1,0,https://www.asiatime.co.kr/article/20260519500138
2026-05-19,"삼성중, 1조1242억 규모 LNG운반선 수주",0.38,1,0,http://www.knnews.co.kr/news/articleView.php?idxno=1541939
2026-05-19,"유비씨, AI로 공장 데이터 분석부터 기술 플랫폼 구축까지",0.0,0,0,https://www.mt.co.kr/stock/2026/05/19/2026051809384133706
2026-05-19,"삼성重, LNG운반선 3척 건조 계약 체결...5월에만 2.3조 확보",0.38,1,0,https://www.pinpointnews.co.kr/news/articleView.html?idxno=453726
2026-05-19,"삼성重, LNG운반선 3척 1조 1242억원 수주",0.38,1,0,http://www.newsian.co.kr/news/articleView.html?idxno=89828
2026-05-19,"삼성중공업 주가, 5월 19일 장중 28,400원 3.89% 하락",-0.261,0,1,https://www.topstarnews.net/news/articleView.html?idxno=16064852
2026-05-19,선박용 케이블 1위 티엠씨의 진화…데이터센터용 광케이블 신성장 동력...,0.322,1,0,https://www.pinpointnews.co.kr/news/articleView.html?idxno=453714
2026-05-19,"[이슈] 삼성重, 나흘 만에 또 LNG운반선 3척…5월에만 2조 3595억 쓸어담...",0.38,1,0,https://www.startuptoday.co.kr/news/articleView.html?idxno=801325
2026-05-19,"에스엔시스, 한화오션 쇄빙연구선 운항제어시스템 수주",0.38,1,0,https://www.widedaily.com/news/articleView.html?idxno=294230
2026-05-19,"삼성중공업, 1조 1242억 원 규모…LNG운반선 3척  수주",0.38,1,0,https://www.job-post.co.kr/news/articleView.html?idxno=216219
2026-05-19,"코스피, 8000 찍고 급등락…""코스피 고평가 vs 저평가"" 혼란",0.408,2,1,https://www.straightnews.co.kr/news/articleView.html?idxno=302810
2026-05-19,"에스엔시스, 한화오션 차세대 쇄빙연구선 운항제어시스템 수주",0.38,1,0,http://www.edaily.co.kr/news/newspath.asp?newsid=02699446645450560
2026-05-19,HD한국조선·한화오션·삼성重 LNG 잭팟… 유럽선 '中 에너지 자립' 경계,0.38,1,0,https://www.ebn.co.kr/news/articleView.html?idxno=1709211
2026-05-19,"에스엔시스, 차세대 쇄빙연구선 통합제어시스템 수주",0.38,1,0,http://www.newstown.co.kr/news/articleView.html?idxno=703954
2026-05-19,5월 18일 주식시장 주요공시,0.0,0,0,https://www.catchnews.kr/news/articleView.html?idxno=124019
2026-05-19,"삼성중공업, 시피크서 초대형 LNG선 3척 수주… 우드사이드 장기 용선 투...",0.38,1,0,https://www.g-enews.com/view.php?ud=2026051908182029330c8c1c064d_1
2026-05-19,조선 웃고 vs 철강·정유 울고…1분기 성적표 보니,-0.408,0,1,https://www.news2day.co.kr/article/20260518500221
2026-05-19,"[코스피·코스닥, 삼성중공업 한화 대우건설  신성이엔지 진흥기업 일진...",0.0,0,0,https://www.public25.com/news/articleView.html?idxno=46608
2026-05-19,"[Invest]""매년 협상 어려웠는데""…호실적 HD현대重, 노조 청구서에 또 흔...",0.583,1,0,https://www.investchosun.com/site/data/html_dir/2026/05/18/2026051880149.html
2026-05-19,"[N2 모닝 경제 브리핑-5월 19일] 美 증시, 3대 지수 혼조세…이란전쟁 주...",0.0,0,0,https://www.news2day.co.kr/article/20260518500117
2026-05-19,"'1일 천하'로 끝난 '8000피 시대'…K증시, '외인 매물 폭탄' 시험대",0.0,0,0,https://www.ziksir.com/news/articleView.html?idxno=134204
2026-05-18,"[로드픽] ""합의문보다 더 위험한 여백""… 트럼프·시진핑 만남의 숨겨진...",0.38,1,0,http://www.newsroad.co.kr/news/articleView.html?idxno=59457
2026-05-21,"[우보세]한국형 소버린OTT, 정치권 논의 시작할 때 됐다",-0.462,0,1,https://www.mt.co.kr/politics/2026/05/21/2026051911191460057
2026-05-21,"“생산적 금융 확대” 신한은행, ‘조선업 공급망 금융지원’ MOU",0.0,0,0,https://sports.donga.com/economy/article/all/20260521/133956137/1
2026-05-20,기름때 묻은 작업복 받아줄 곳이 없다,0.0,0,0,https://www.danbinews.com/news/articleView.html?idxno=33059
2026-05-20,"삼성전기 급등, LG전자 급락… 시가총액 상위주 흔들렸다",-0.38,1,2,https://www.pinpointnews.co.kr/news/articleView.html?idxno=454200
2026-05-20,[코스피 지수선물 옵션] 선물시장 흔든 외국인·기관 공방… 삼성전자 ...,0.0,0,0,https://www.pinpointnews.co.kr/news/articleView.html?idxno=454190
2026-05-20,[거래소 외국인] 삼성SDI 현대건설 대우건설 담고 삼성전자 SK하이닉스 ...,0.0,0,0,https://www.pinpointnews.co.kr/news/articleView.html?idxno=454182
2026-05-20,“차세대 함정은 AI가 관건” 경쟁력 강화 나선 조선업계,0.0,0,0,https://www.seoul.co.kr/news/economy/industry/2026/05/20/20260520500236?wlog_tag3=naver
2026-05-20,"[더벨][i-point] 포커스에이아이, 산업안전 AI기업 클린미션과 MOU",0.0,0,0,https://www.thebell.co.kr/free/content/ArticleView.asp?key=202605201616191960108554
2026-05-20,"안전보건공단 부산본부, 부울경 ESG 협의회 개최",0.0,0,0,https://www.busan.com/view/busan/view.php?code=2026052016243058260
2026-05-20,'팔천피'는 한낱 꿈이었나…외인 엑소더스에 코스피 '창백',0.0,0,0,http://www.newsdream.kr/news/articleView.html?idxno=112176
2026-05-20,"外人 또 투매, 코스피 '하락'...하나금융 · 삼성전자 '선방'",-0.322,1,2,http://www.choicenews.co.kr/news/articleView.html?idxno=165536
2026-05-20,"안전문화 확산 함께한다… 안전보건공단 부산광역본부, 부울경 ESG 협의...",0.0,0,0,https://view.asiae.co.kr/article/2026052015574406236
2026-05-20,"[2026 하반기 전망] ""노란봉투법에 중동 전운까지""···재계, '맞춤형 승...",0.38,1,0,http://www.enewstoday.co.kr/news/articleView.html?idxno=2431352
2026-05-20,[서울데이터랩]마감 직후 인기 검색 종목 20選,0.0,1,1,https://www.seoul.co.kr/news/economy/securities/2026/05/20/20260520500194?wlog_tag3=naver
2026-05-20,"[TOP's Pick] 포커스에이아이, 클린미션과 산업현장내 스마트 안전관리 ...",0.0,0,0,https://www.topdaily.kr/articles/110200
2026-05-20,"LNG 호황 뒤 ‘피크아웃’ 대비…조선 빅3, 방산·해양·AI엔진으로 판 ...",0.0,0,0,http://www.metroseoul.co.kr/article/20260520500311
2026-05-20,"[AI 인프라 슈퍼사이클①] ""안정적 전력망이 생명""…빅테크가 소환한 K-...",0.0,0,0,https://www.mediapen.com/news/view/1100038
2026-05-20,HD현대중공업 주가 힘찬 뱃노래.. .조선 대형주로 뭉칫돈 이동,0.133,1,1,https://www.pinpointnews.co.kr/news/articleView.html?idxno=454091
2026-05-20,"삼성중공업 주가, 5월 20일 장중 28,000원 1.93% 하락",-0.261,0,1,https://www.joongangenews.com/news/articleView.html?idxno=520536
2026-05-20,미-이란 전쟁 후폭풍...K조선은 '초호황' K해운은 '죽을 맛',0.38,1,0,https://www.insightkorea.co.kr/news/articleView.html?idxno=246692
2026-05-20,[서울데이터랩]개장 직후 인기 검색 종목 20選,-0.322,0,1,https://www.seoul.co.kr/news/economy/securities/2026/05/20/20260520500069?wlog_tag3=naver
2026-05-20,"포커스AI, 클린미션과 손잡고 스마트 안전공장 사업 추진",0.0,0,0,https://dealsite.co.kr/articles/162199
2026-05-20,"삼성重, LNG선 수주 행진…진짜 승부처는 'FLNG·FDC'",0.38,1,0,https://www.ntoday.co.kr/news/articleView.html?idxno=127168
2026-05-20,"삼성중공업 주가, 5월 20일 장중 27,750원 2.80% 하락",-0.261,0,1,https://www.topstarnews.net/news/articleView.html?idxno=16066075
2026-05-20,"삼성중공업 약세, HD현대중공업 강세 속 엇갈린 흐름…조선 관련주 변동...",-0.261,1,2,https://www.cbci.co.kr/news/articleView.html?idxno=575844
2026-05-20,"포커스에이아이, 클린미션과 스마트 산업안전 솔루션 공동사업 본격화",0.0,0,0,http://www.edaily.co.kr/news/newspath.asp?newsid=02791286645450888
2026-05-20,"신한은행, ‘국민참여형 국민성장펀드’ 판매…450억원 한도",0.322,1,0,https://www.megaeconomy.co.kr/news/newsview.php?ncode=1065573738857464
2026-05-20,"포커스에이아이·클린미션, 산업안전 솔루션 공동사업 MOU 체결",0.0,0,0,https://www.newspim.com/news/view/20260520000261
2026-05-20,"포커스에이아이-클린미션, 스마트 산업안전 공동사업 MOU…50인 미만 대...",0.0,0,0,https://www.etoday.co.kr/news/view/2586216
2026-05-20,"에스엔시스, 'K-쇄빙선' 두뇌 맡는다… 한화오션과 극지 특수선 시장 '첫...",0.0,0,0,https://www.the-stock.kr/news/articleView.html?idxno=32567
2026-05-20,"[2026 하반기 韓 경제, 파고를 넘어라] ③ 기간산업, '프리미엄 전환·체...",0.583,2,0,https://www.financialpost.co.kr/news/articleView.html?idxno=259715
2026-05-20,"[창간기획-AI 대전환] 조선업계, 스마트야드·자율운항으로 전성기 잇는...",0.0,0,0,https://daily.hankooki.com/news/articleView.html?idxno=1368718
2026-05-19,[울진군수 여론조사 분석] 손병복-황이주 3번째 격돌…판세 역전 가능성...,0.0,0,0,https://www.kbmaeil.com/article/20260519500622
2026-05-21,"조선노연, 임단협 공동투쟁 선포 해양플랜트 노사협의체 구성 요구",0.0,0,0,https://www.ulsanpress.net/news/articleView.html?idxno=575699
2026-05-21,“피지컬 AI 구현 방향을 고민하다” 어드밴텍 엣지 AI 솔루션 세미나,0.0,0,0,https://it.donga.com/108927/
2026-05-21,"조선노조 '공동투쟁' 선포 날, 대법 ""원청, 하청 교섭 의무 없다"" 찬물",0.0,0,0,https://www.iusm.co.kr/news/articleView.html?idxno=1063163
2026-05-21,지금이라도 사야 하나... 삼성주 폭주에 뭉칫돈 몰렸다,0.261,1,0,https://www.pinpointnews.co.kr/news/articleView.html?idxno=454556
2026-05-21,"""적임자는 바로 나"" 막 오른 거제시장 선거…민심 잡기 나선 후보들",0.0,0,0,https://www.news1.kr/local/busan-gyeongnam/6174530
2026-05-21,"""친환경 파도 타고 LNG 급부상"" 선박 메인엔진 국산화 가능해진다",0.0,0,0,https://www.bizhankook.com/bk/article/32321
2026-05-21,"김경수·송순호 후보 ""직주락 도시 전환…창원 미래 100년 준비""",0.0,0,0,https://www.idomin.com/news/articleView.html?idxno=2006306
2026-05-21,"통영해경, 바다의 날 맞아 해안 대청소",0.0,0,0,https://www.newsgn.com/news/articleView.html?idxno=553380
2026-05-21,"한화오션 노동자, 변광용 후보 지지선언 ""지역인재 채용협약·노동환경...",0.0,0,0,https://www.newsgn.com/news/articleView.html?idxno=553395
2026-05-21,원·하청 이중구조 개선…K조선 상생 생태계 만든다,0.0,0,0,https://www.sedaily.com/article/20046990?ref=naver
2026-05-21,김경수·송순호 ‘기술과 문화가 흐르는 Next 창원’ 공약 발표,0.0,0,0,https://www.busan.com/view/busan/view.php?code=2026052117033847881
2026-05-21,[선택 6·3] 김경수 경남도지사 후보 '미래 창원 100년의 약속' 공약,0.0,0,0,https://daily.hankooki.com/news/articleView.html?idxno=1369684
2026-05-21,"[코스피 지수선물 옵션] 반도체 선물 광란 랠리…개미들 ""지금 안 타면 ...",0.0,0,0,https://www.pinpointnews.co.kr/news/articleView.html?idxno=454523
2026-05-21,경남 ‘미래 100년 항만 청사진’ 만든다…해상풍력·조선 MRO 육성,0.0,0,0,https://biz.heraldcorp.com/article/10743008?ref=naver
2026-05-21,"[IFRS18 인사이트]삼성중공업, 환헤지 전략으로 '손익 충격' 방어",0.0,0,0,https://www.bloter.net/news/articleView.html?idxno=663133
2026-05-21,"코스피 7815.59, 8.42% 급등...삼성전자 8.5%↑",0.645,2,0,https://www.g-enews.com/view.php?ud=202605211532591295c5557f8da8_1
2026-05-21,[거래소 외국인] 삼성전자 1조원대 러브콜…다시 반도체 중심 쏠림 강화,0.0,0,0,https://www.pinpointnews.co.kr/news/articleView.html?idxno=454502
2026-05-21,"[ET시론] 미래 친환경 조선산업의 핵심, 고부가가치 혁신 소재",0.0,0,0,https://www.etnews.com/20260521000126
2026-05-21,삼전 '극적 타결' 8%대 급등 마감…삼성그룹주 일제 강세(종합),0.645,2,0,https://www.newsis.com/view/NISX20260521_0003639686
2026-05-21,“배만 만들던 시대 끝”⋯ AI 전력난에 DC로 항로 튼 ‘K-조선’,0.0,0,0,https://www.viva100.com/article/20260521500842
2026-05-21,"거제시, 바다의 날 맞아 학동흑진주몽돌해수욕장 정화활동 실시",0.0,0,0,https://www.newsgn.com/news/articleView.html?idxno=553481
2026-05-21,"거제시보건소, 직장인 건강충전365 건강증진 홍보관 운영",0.0,0,0,https://www.newsgn.com/news/articleView.html?idxno=553462
2026-05-21,"김경수, ‘넥스트 창원’ 비전 발표…“산업·문화 수도 만들 것”",0.0,0,0,https://www.etoday.co.kr/news/view/2586827
2026-05-21,"삼성전자 타결 불똥 튄 K-조선···HD현대重 노조 ""영업익 30% 성과 공유...",0.583,1,0,https://www.seoulfn.com/news/articleView.html?idxno=629367
2026-05-21,"HD한국조선해양, 암모니아 운반선 6척 1조782억원에 수주",0.38,1,0,https://www.sedaily.com/article/20046867?ref=naver
2026-05-21,"[통영소식] 통영해경, 거제 학동흑진주몽돌 해수욕장 청소 등",0.0,0,0,https://www.newsis.com/view/NISX20260521_0003639237
2026-05-21,"삼성중공업 주가, 5월 21일 장중 28,700원 3.80% 상승",0.261,1,0,https://www.joongangenews.com/news/articleView.html?idxno=520907
2026-05-21,삼성중공업 4%대 급등…미국·이란 긴장 완화 속 조선주 전반 강세,0.775,3,0,https://www.cbci.co.kr/news/articleView.html?idxno=576140
2026-05-21,파업 위기 넘긴 삼성전자… 호황 '삼성重'도 교섭 예의주시,0.0,0,0,https://www.greened.kr/news/articleView.html?idxno=341083
2026-05-21,"스맥, 반도체 세라믹ㆍ쿼츠 가공 장비 대량 수주…“생산 풀캐파 가동”",0.38,1,0,https://www.etoday.co.kr/news/view/2585576
2026-05-21,[서울데이터랩]개장 직후 인기 검색 종목 20選,0.261,1,0,https://www.seoul.co.kr/news/economy/securities/2026/05/21/20260521500021?wlog_tag3=naver
2026-05-21,"조선 3사, 1분기 영업익 2조 돌파…삼성重 수익률 '꼴찌'",0.261,1,0,https://dealsite.co.kr/articles/162248
2026-05-21,"[더벨]에스엔시스, 한화오션 쇄빙연구선에 IAS 공급",0.38,1,0,https://www.thebell.co.kr/free/content/ArticleView.asp?key=202605190810195580107349
2026-05-21,"삼성重, 베트남에 신규투자 검토..중부 닥락성 지도부와 면담",0.0,0,0,http://www.fnnews.com/news/202605201827275558
2026-05-21,공급과잉 우려 무색…중동발 특수에 LNG선 수주 '봇물',-0.033,1,1,https://www.sisaon.co.kr/news/articleView.html?idxno=201210
2026-05-21,"""얘들아, 주식은 이렇게 하는 거다""...수익금 13배 차이 낸 70대의 투자...",0.0,0,0,http://www.fnnews.com/news/202605210616098111
2026-05-25,"""바다 위 원자로 시대 온다""…美 해사대학, 첫 '원자력 선원' 양성 나섰...",0.0,0,0,https://www.ebn.co.kr/news/articleView.html?idxno=1709853
2026-05-24,[데이터 뉴스룸] 운송 업체 임직원 보수왕은 '대한항공 조원태 회장' 얼...,0.0,0,0,https://www.greened.kr/news/articleView.html?idxno=341256
2026-05-24,"K방산, 美 함정·자주포 공략 속도",0.38,1,0,http://www.fnnews.com/news/202605241810535775
2026-05-24,"""지난해 실적 넘었다""…조선업계, LNG선 수주 릴레이",0.38,1,0,https://daily.hankooki.com/news/articleView.html?idxno=1370030
2026-05-24,경부울 창업기업 투자·협업 무대 '동남권 창업-BuS 연합 IR' 성료,0.0,0,0,https://www.idomin.com/news/articleView.html?idxno=2006401
2026-05-24,수주 훈풍 탄 조선업계…'성과급 요구·하청 교섭' 등 리스크도[K조선 슈...,0.38,1,0,https://www.newsis.com/view/NISX20260522_0003641292
2026-05-24,"조선 빅3, 올해 수주 30조 돌파…""고부가 선박 수주 효과""[K조선 슈퍼사...",0.583,2,0,https://www.newsis.com/view/NISX20260522_0003641140
2026-05-24,K-방산 '美 진출' 가시권… 함정·자주포 등 공략 가속도,0.38,1,0,http://www.fnnews.com/news/202605241003206206
2026-05-24,"정홍준 전 성동조선 회장, UAE 스마트 조선소 건설로 재기하나",0.0,0,0,http://www.hansbiz.co.kr/news/articleView.html?idxno=840449
2026-05-24,K-방산 '세계 최강' 美 시장 뚫나…함정·자주포·유도무기 진출 박차,0.0,0,0,https://www.news1.kr/industry/general-industry/6175484
2026-05-24,"HMM 위너호, 호르무즈 탈출은 했지만…K-해운 ""안심은 금물"" [헤비급브리...",0.682,2,0,https://www.ddaily.co.kr/page/view/2026052218585006941
2026-05-24,"""북극항로·대미 수출 다 잡는다""…캐나다 LNG 실어나를 韓조선 LNG선 출...",0.0,0,0,https://www.ebn.co.kr/news/articleView.html?idxno=1709859
2026-05-23,[주간 100대 기업] 주성엔지니어링·이오테크닉스 급등...시총 100대 기업...,0.408,1,0,https://www.pinpointnews.co.kr/news/articleView.html?idxno=454918
2026-05-23,"K-조선, ‘무탄소 항해’로 글로벌 해상 룰 바꾼다 [창간기획]",0.0,0,0,https://www.ekn.kr/web/view.php?key=20260523028524981
2026-05-23,5월 3주차 삼성중공업 주가 29500원대 회복 마감,0.261,1,0,https://www.topstarnews.net/news/articleView.html?idxno=16069450
2026-05-23,성과급·노봉법이 쏘아올린 공…AI·로봇 ‘올인’ 부추긴다 [biz-플러스...,0.0,0,0,https://www.sedaily.com/article/20047515?ref=naver
2026-05-23,조선·방산 호조에 엔진 사업도 ‘쑥’…“호황 이어간다”,0.38,1,0,https://www.mediapen.com/news/view/1100622
2026-05-23,[주간 거래소 외국인] 반도체 차익실현 본격화…뭉칫돈 로봇·방산으로...,0.261,1,0,https://www.pinpointnews.co.kr/news/articleView.html?idxno=454889
2026-05-23,"“아범아, 용돈 좀 줄까?”…불장에 돈맛 본 실버개미, 비결이?",0.0,0,0,https://www.mk.co.kr/article/12056118
2026-05-23,삼성중공업 강세 흐름 시장 관심 촉각...투심 확산,0.625,2,0,https://www.cbci.co.kr/news/articleView.html?idxno=576661
