date,Close
2012-05-18,37.96480178833008
2012-05-21,33.79393768310547
2012-05-22,30.784955978393555
2012-05-23,31.778018951416016
2012-05-24,32.80086898803711
2012-05-25,31.68864631652832
2012-05-29,28.639938354492188
2012-05-30,27.99445152282715
2012-05-31,29.39466667175293
2012-06-01,27.527711868286133
2012-06-04,26.713397979736328
2012-06-05,25.69054412841797
2012-06-06,26.6240234375
2012-06-07,26.12748908996582
2012-06-08,26.91201400756836
2012-06-11,26.822633743286133
2012-06-12,27.209930419921875
2012-06-13,27.08083152770996
2012-06-14,28.09375762939453
2012-06-15,29.801820755004883
2012-06-18,31.192113876342773
2012-06-19,31.68864631652832
2012-06-20,31.380794525146484
2012-06-21,31.61913299560547
2012-06-22,32.820735931396484
2012-06-25,31.83760643005371
2012-06-26,32.87038803100586
2012-06-27,32.00642013549805
2012-06-28,31.1424617767334
2012-06-29,30.884262084960938
2012-07-02,30.556550979614254
2012-07-03,30.983572006225582
2012-07-05,31.25169563293457
2012-07-06,31.50989532470703
2012-07-09,31.94683837890625
2012-07-10,31.25169563293457
2012-07-11,30.75516700744629
2012-07-12,30.59627342224121
2012-07-13,30.506900787353516
2012-07-16,28.054035186767575
2012-07-17,27.8951416015625
2012-07-18,28.90806770324707
2012-07-19,28.7988338470459
2012-07-20,28.56049537658691
2012-07-23,28.55056381225586
2012-07-24,28.25264549255371
2012-07-25,29.136476516723633
2012-07-26,26.663747787475582
2012-07-27,23.5455265045166
2012-07-30,22.989410400390625
2012-07-31,21.559402465820312
2012-08-01,20.73515892028809
2012-08-02,19.90098762512207
2012-08-03,20.94369888305664
2012-08-06,21.767942428588867
2012-08-07,20.57626724243164
2012-08-08,20.57626724243164
2012-08-09,20.864255905151367
2012-08-10,21.658708572387695
2012-08-13,21.450164794921875
2012-08-14,20.238624572753903
2012-08-15,21.052940368652344
2012-08-16,19.732168197631836
2012-08-17,18.9178524017334
2012-08-20,19.871192932128903
2012-08-21,19.027088165283203
2012-08-22,19.30514907836914
2012-08-23,19.30514907836914
2012-08-24,19.275352478027344
2012-08-27,19.01715850830078
2012-08-28,19.20584297180176
2012-08-29,18.967506408691406
2012-08-30,18.95757484436035
2012-08-31,17.934720993041992
2012-09-04,17.607011795043945
2012-09-05,18.451112747192383
2012-09-06,18.82847785949707
2012-09-07,18.84833717346191
2012-09-10,18.679519653320312
2012-09-11,19.29521751403809
2012-09-12,20.784812927246097
2012-09-13,20.566335678100582
2012-09-14,21.847387313842773
2012-09-17,21.37071990966797
2012-09-18,21.718290328979492
2012-09-19,23.12843894958496
2012-09-20,22.43329811096191
2012-09-21,22.701427459716797
2012-09-24,20.645782470703125
2012-09-25,20.139320373535156
2012-09-26,20.47696304321289
2012-09-27,20.179040908813477
2012-09-28,21.509748458862305
2012-10-01,21.83745765686035
2012-10-02,22.115516662597656
2012-10-03,21.678569793701172
2012-10-04,21.797739028930664
2012-10-05,20.764949798583984
2012-10-08,20.258487701416016
2012-10-09,20.089664459228516
2012-10-10,19.503759384155273
2012-10-11,19.612998962402344
2012-10-12,19.38459014892578
2012-10-15,19.38459014892578
2012-10-16,19.344871520996097
2012-10-17,19.742094039916992
2012-10-18,18.84833717346191
2012-10-19,18.86819839477539
2012-10-22,19.18597984313965
2012-10-23,19.364730834960938
2012-10-24,23.068859100341797
2012-10-25,22.40350341796875
2012-10-26,21.787803649902344
2012-10-31,20.963563919067383
2012-11-01,21.062868118286133
2012-11-02,21.0330753326416
2012-11-05,21.10259437561035
2012-11-06,21.023147583007812
2012-11-07,20.328001022338867
2012-11-08,19.851329803466797
2012-11-09,19.07674217224121
2012-11-12,19.93077850341797
2012-11-13,19.72223472595215
2012-11-14,22.204891204833984
2012-11-15,22.016210556030273
2012-11-16,23.39656639099121
2012-11-19,22.76100730895996
2012-11-20,22.93975830078125
2012-11-21,24.151296615600582
2012-11-23,23.833513259887695
2012-11-26,25.76005744934082
2012-11-27,25.96860122680664
2012-11-28,26.177143096923828
2012-11-29,27.13048553466797
2012-11-30,27.805768966674805
2012-12-03,26.852428436279297
2012-12-04,27.269512176513672
2012-12-05,27.517776489257812
2012-12-06,26.782913208007812
2012-12-07,27.299306869506836
2012-12-10,27.646879196166992
2012-12-11,27.785905838012695
2012-12-12,27.388681411743164
2012-12-13,28.04410171508789
2012-12-14,26.6240234375
2012-12-17,26.56443977355957
2012-12-18,27.517776489257812
2012-12-19,27.219858169555664
2012-12-20,27.17020606994629
2012-12-21,26.077835083007812
2012-12-24,26.743192672729492
2012-12-26,26.326107025146484
2012-12-27,25.86929702758789
2012-12-28,25.73026466369629
2012-12-31,26.43534278869629
2013-01-02,27.805768966674805
2013-01-03,27.577362060546875
2013-01-04,28.56049537658691
2013-01-07,29.21591567993164
2013-01-08,28.858413696289062
2013-01-09,30.37779998779297
2013-01-10,31.082876205444336
2013-01-11,31.499961853027344
2013-01-14,30.735305786132812
2013-01-15,29.891202926635746
2013-01-16,29.642934799194336
2013-01-17,29.930923461914062
2013-01-18,29.45425033569336
2013-01-22,30.516830444335938
2013-01-23,30.6062068939209
2013-01-24,30.864402770996097
2013-01-25,31.321212768554688
2013-01-28,32.2447624206543
2013-01-29,30.576414108276367
2013-01-30,31.023292541503903
2013-01-31,30.765092849731445
2013-02-01,29.52376937866211
2013-02-04,27.91500663757324
2013-02-05,28.441326141357425
2013-02-06,28.848482131958008
2013-02-07,28.451257705688477
2013-02-08,28.351951599121097
2013-02-11,28.063966751098633
2013-02-12,27.18014144897461
2013-02-13,27.716392517089844
2013-02-14,28.30229949951172
2013-02-15,28.123544692993164
2013-02-19,28.729320526123047
2013-02-20,28.262575149536133
2013-02-21,27.090763092041016
2013-02-22,26.941801071166992
2013-02-25,27.08083152770996
2013-02-26,27.200000762939453
2013-02-27,26.683610916137695
2013-02-28,27.060970306396484
2013-03-01,27.587297439575195
2013-03-04,27.527711868286133
2013-03-05,27.329099655151367
2013-03-06,27.25958251953125
2013-03-07,28.381744384765625
2013-03-08,27.76604652404785
2013-03-11,27.944795608520508
2013-03-12,27.636945724487305
2013-03-13,26.892148971557617
2013-03-14,26.852428436279297
2013-03-15,26.46512985229492
2013-03-18,26.306241989135746
2013-03-19,26.365827560424805
2013-03-20,25.68061256408691
2013-03-21,25.561443328857425
2013-03-22,25.551513671875
2013-03-25,24.955677032470703
2013-03-26,25.035118103027344
2013-03-27,25.909019470214844
2013-03-28,25.40255546569824
2013-04-01,25.352903366088867
2013-04-02,25.24366569519043
2013-04-03,26.067909240722656
2013-04-04,26.882221221923828
2013-04-05,27.200000762939453
2013-04-08,26.663747787475582
2013-04-09,26.40555000305176
2013-04-10,27.378751754760746
2013-04-11,27.82563209533691
2013-04-12,27.209930419921875
2013-04-15,26.336036682128903
2013-04-16,26.73326110839844
2013-04-17,26.44527053833008
2013-04-18,25.51179313659668
2013-04-19,25.551513671875
2013-04-22,25.78984832763672
2013-04-23,25.799781799316406
2013-04-24,25.928882598876953
2013-04-25,25.95867156982422
2013-04-26,26.663747787475582
2013-04-29,26.792844772338867
2013-04-30,27.577362060546875
2013-05-01,27.239723205566406
2013-05-02,28.769039154052734
2013-05-03,28.113618850708008
2013-05-06,27.378751754760746
2013-05-07,26.703466415405273
2013-05-08,26.931873321533203
2013-05-09,26.852428436279297
2013-05-10,26.494922637939453
2013-05-13,26.633949279785156
2013-05-14,26.882221221923828
2013-05-15,26.415481567382812
2013-05-16,25.948740005493164
2013-05-17,26.067909240722656
2013-05-20,25.58130645751953
2013-05-21,25.482004165649418
2013-05-22,24.98546981811523
2013-05-23,24.88616371154785
2013-05-24,24.1413631439209
2013-05-28,23.932823181152344
2013-05-29,23.158231735229492
2013-05-30,24.379701614379883
2013-05-31,24.18108558654785
2013-06-03,23.684555053710938
2013-06-04,23.356843948364254
2013-06-05,22.741146087646484
2013-06-06,22.810659408569336
2013-06-07,23.12843894958496
2013-06-10,24.161222457885746
2013-06-11,23.863309860229492
2013-06-12,23.60511016845703
2013-06-13,23.56538963317871
2013-06-14,23.466083526611328
2013-06-17,23.853376388549805
2013-06-18,24.042057037353516
2013-06-19,24.1413631439209
2013-06-20,23.734209060668945
2013-06-21,24.359840393066406
2013-06-24,23.773929595947266
2013-06-25,24.08177947998047
2013-06-26,23.992406845092773
2013-06-27,24.488937377929688
2013-06-28,24.70741081237793
2013-07-01,24.637895584106445
2013-07-02,24.24066925048828
2013-07-03,24.34990692138672
2013-07-05,24.20094871520996
2013-07-08,24.538589477539062
2013-07-09,25.303247451782227
2013-07-10,25.62102699279785
2013-07-11,25.630958557128903
2013-07-12,25.73026466369629
2013-07-15,26.097700119018555
2013-07-16,26.137420654296875
2013-07-17,26.46512985229492
2013-07-18,25.99839210510254
2013-07-19,25.700475692749023
2013-07-22,25.86929702758789
2013-07-23,25.948740005493164
2013-07-24,26.326107025146484
2013-07-25,34.12165451049805
2013-07-26,33.774078369140625
2013-07-29,35.18422317504883
2013-07-30,37.36896514892578
2013-07-31,36.54472732543945
2013-08-01,37.22993850708008
2013-08-02,37.78605270385742
2013-08-05,38.91814041137695
2013-08-06,38.2825813293457
2013-08-07,38.60036849975586
2013-08-08,38.27265548706055
2013-08-09,38.232933044433594
2013-08-12,37.95487976074219
2013-08-13,36.76319885253906
2013-08-14,36.39576721191406
2013-08-15,36.30638885498047
2013-08-16,36.822784423828125
2013-08-19,37.54772186279297
2013-08-20,38.143558502197266
2013-08-21,38.054176330566406
2013-08-22,38.2825813293457
2013-08-23,40.268707275390625
2013-08-26,41.0532341003418
2013-08-27,39.36501693725586
2013-08-28,40.268707275390625
2013-08-29,40.9936408996582
2013-08-30,41.00357818603515
2013-09-03,41.579551696777344
2013-09-04,41.49018096923828
2013-09-05,42.36407470703125
2013-09-06,43.6451301574707
2013-09-09,43.734500885009766
2013-09-10,43.29755401611328
2013-09-11,44.72756576538086
2013-09-12,44.4395751953125
2013-09-13,44.00263214111328
2013-09-16,42.215118408203125
2013-09-17,44.757354736328125
2013-09-18,44.9162483215332
2013-09-19,45.66104507446289
2013-09-20,47.16056823730469
2013-09-23,46.86265182495117
2013-09-24,48.11391067504883
2013-09-25,49.11690139770508
2013-09-26,50.04045104980469
2013-09-27,50.88455581665039
2013-09-30,49.881561279296875
2013-10-01,50.07023620605469
2013-10-02,49.93121337890625
2013-10-03,48.838844299316406
2013-10-04,50.685943603515625
2013-10-07,50.1695442199707
2013-10-08,46.81299591064453
2013-10-09,46.445560455322266
2013-10-10,48.709747314453125
2013-10-11,48.76933288574219
2013-10-14,49.16655349731445
2013-10-15,49.15662384033203
2013-10-16,50.785247802734375
2013-10-17,51.84782409667969
2013-10-18,53.84388732910156
2013-10-21,53.47644805908203
2013-10-22,52.31456756591797
2013-10-23,51.53997421264648
2013-10-24,52.08615493774414
2013-10-25,51.58963394165039
2013-10-28,49.881561279296875
2013-10-29,49.057315826416016
2013-10-30,48.67002487182617
2013-10-31,49.86170196533203
2013-11-01,49.4048957824707
2013-11-04,47.88550567626953
2013-11-05,49.76239776611328
2013-11-06,48.779258728027344
2013-11-07,47.23008346557617
2013-11-08,47.200286865234375
2013-11-11,45.8795166015625
2013-11-12,46.28667068481445
2013-11-13,48.372108459472656
2013-11-14,48.65016555786133
2013-11-15,48.67002487182617
2013-11-18,45.51207733154297
2013-11-19,46.03840255737305
2013-11-20,46.1079216003418
2013-11-21,46.37604904174805
2013-11-22,45.90930938720703
2013-11-25,44.50909423828125
2013-11-26,45.5716667175293
2013-11-27,46.167503356933594
2013-11-29,46.683895111083984
2013-12-02,46.73354721069336
2013-12-03,46.40583801269531
2013-12-04,48.2827262878418
2013-12-05,48.00467300415039
2013-12-06,47.607444763183594
2013-12-09,48.5012092590332
2013-12-10,49.901424407958984
2013-12-11,49.0374641418457
2013-12-12,51.4704704284668
2013-12-13,52.95012664794922
2013-12-16,53.43672180175781
2013-12-17,54.47944641113281
2013-12-18,55.184513092041016
2013-12-19,54.66812515258789
2013-12-20,54.73763656616211
2013-12-23,57.3692626953125
2013-12-24,57.55793762207031
2013-12-26,57.32954025268555
2013-12-27,55.055423736572266
2013-12-30,53.33741760253906
2013-12-31,54.270904541015625
2014-01-02,54.33048248291016
2014-01-03,54.18152618408203
2014-01-06,56.80321502685547
2014-01-07,57.51821517944336
2014-01-08,57.82606887817383
2014-01-09,56.82307052612305
2014-01-10,57.53807830810547
2014-01-13,55.522159576416016
2014-01-14,57.33946990966797
2014-01-15,57.20043182373047
2014-01-16,56.79327392578125
2014-01-17,55.909454345703125
2014-01-21,58.1041259765625
2014-01-22,57.11105728149414
2014-01-23,56.23716735839844
2014-01-24,54.07228469848633
2014-01-27,53.17853164672851
2014-01-28,54.75750350952149
2014-01-29,53.15867233276367
2014-01-30,60.65629577636719
2014-01-31,62.13595962524414
2014-02-03,61.053524017333984
2014-02-04,62.31471252441406
2014-02-05,61.75859451293945
2014-02-06,61.72880554199219
2014-02-07,63.87382888793945
2014-02-10,63.109161376953125
2014-02-11,64.40013885498047
2014-02-12,64.00291442871094
2014-02-13,66.86294555664062
2014-02-14,66.62459564208984
2014-02-18,66.8331527709961
2014-02-19,67.58787536621094
2014-02-20,69.14698791503906
2014-02-21,68.11419677734375
2014-02-24,70.28900909423828
2014-02-25,69.36547088623047
2014-02-26,68.77955627441406
2014-02-27,68.46177673339844
2014-02-28,67.985107421875
2014-03-03,66.9423828125
2014-03-04,68.32274627685547
2014-03-05,71.07352447509766
2014-03-06,70.34859466552734
2014-03-07,69.31581115722656
2014-03-10,71.53033447265625
2014-03-11,69.61372375488281
2014-03-12,70.38831329345703
2014-03-13,68.3525390625
2014-03-14,67.25023651123047
2014-03-17,68.26315307617188
2014-03-18,68.71003723144531
2014-03-19,67.7666244506836
2014-03-20,66.50543212890625
2014-03-21,66.7735595703125
2014-03-24,63.65534591674805
2014-03-25,64.43986511230469
2014-03-26,59.9710807800293
2014-03-27,60.547061920166016
2014-03-28,59.59372329711914
2014-03-31,59.82212448120117
2014-04-01,62.18561553955078
2014-04-02,62.2849235534668
2014-04-03,59.07732391357422
2014-04-04,56.3563346862793
2014-04-07,56.55495071411133
2014-04-08,57.78634262084961
2014-04-09,61.97706985473633
2014-04-10,58.74961471557617
2014-04-11,58.12398910522461
2014-04-14,58.48149108886719
2014-04-15,58.68010330200195
2014-04-16,59.30573654174805
2014-04-17,58.53114318847656
2014-04-21,60.815189361572266
2014-04-22,62.592769622802734
2014-04-23,60.934356689453125
2014-04-24,60.447750091552734
2014-04-25,57.30967712402344
2014-04-28,55.75057220458984
2014-04-29,57.74662399291992
2014-04-30,59.36531066894531
2014-05-01,60.725807189941406
2014-05-02,60.04059982299805
2014-05-05,60.79532623291016
2014-05-06,58.12398910522461
2014-05-07,56.99188995361328
2014-05-08,56.36625671386719
2014-05-09,56.84293365478515
2014-05-12,59.41497421264648
2014-05-13,59.41497421264648
2014-05-14,58.81912612915039
2014-05-15,57.51821517944336
2014-05-16,57.617523193359375
2014-05-19,58.79927062988281
2014-05-20,58.15378189086914
2014-05-21,60.07038879394531
2014-05-22,60.10018157958984
2014-05-23,60.92441940307617
2014-05-27,63.03964614868164
2014-05-28,63.06943893432617
2014-05-29,63.38722610473633
2014-05-30,62.860897064208984
2014-06-02,62.642425537109375
2014-06-03,62.43387222290039
2014-06-04,62.90061950683594
2014-06-05,62.75165939331055
2014-06-06,62.066444396972656
2014-06-09,62.44381332397461
2014-06-10,65.31375885009766
2014-06-11,65.32369232177734
2014-06-12,63.84403610229492
2014-06-13,64.05257415771484
2014-06-16,63.74472427368164
2014-06-17,63.95326232910156
2014-06-18,65.14495086669922
2014-06-19,63.8936767578125
2014-06-20,64.05257415771484
2014-06-23,64.91653442382812
2014-06-24,65.26411437988281
2014-06-25,66.9721908569336
2014-06-26,66.66432189941406
2014-06-27,67.13107299804688
2014-06-30,66.8232192993164
2014-07-01,67.58787536621094
2014-07-02,65.98904418945312
2014-07-03,65.83015441894531
2014-07-07,64.83708190917969
2014-07-08,62.324649810791016
2014-07-09,64.5193099975586
2014-07-10,64.42000579833984
2014-07-11,65.87980651855469
2014-07-14,67.42899322509766
2014-07-15,66.70404052734375
2014-07-16,67.1906509399414
2014-07-17,65.94932556152344
2014-07-18,67.94537353515625
2014-07-21,68.9185791015625
2014-07-22,68.78948211669922
2014-07-23,70.79547882080078
2014-07-24,74.45987701416016
2014-07-25,74.66841888427734
2014-07-28,74.40028381347656
2014-07-29,73.19868469238281
2014-07-30,74.16194152832031
2014-07-31,72.14604187011719
2014-08-01,71.85804748535156
2014-08-04,73.00008392333984
2014-08-05,72.1857681274414
2014-08-06,71.96727752685547
2014-08-07,72.66242218017578
2014-08-08,72.5531997680664
2014-08-11,72.9305648803711
2014-08-12,72.32479095458984
2014-08-13,73.25825500488281
2014-08-14,73.78459167480469
2014-08-15,73.1192398071289
2014-08-18,74.07257843017578
2014-08-19,74.7677230834961
2014-08-20,74.2910385131836
2014-08-21,74.05272674560547
2014-08-22,74.05272674560547
2014-08-25,74.49958801269531
2014-08-26,75.43307495117188
2014-08-27,74.11229705810547
2014-08-28,73.34764862060547
2014-08-29,74.30097961425781
2014-09-02,76.1480712890625
2014-09-03,75.30398559570312
2014-09-04,75.42313385009766
2014-09-05,76.72406768798828
2014-09-08,77.34968566894531
2014-09-09,76.13814544677734
2014-09-10,76.89289093017578
2014-09-11,77.37948608398438
2014-09-12,76.94254302978516
2014-09-15,74.06265258789062
2014-09-16,75.55223846435547
2014-09-17,75.89981842041016
2014-09-18,76.46586608886719
2014-09-19,77.36955261230469
2014-09-22,76.26725769042969
2014-09-23,77.74690246582031
2014-09-24,77.99517059326172
2014-09-25,76.68433380126953
2014-09-26,78.24344635009766
2014-09-29,78.45199584960938
2014-09-30,78.49170684814453
2014-10-01,76.01898193359375
2014-10-02,76.5453109741211
2014-10-03,76.90281677246094
2014-10-06,77.02198028564453
2014-10-07,75.76078796386719
2014-10-08,76.98225402832031
2014-10-09,75.38341522216797
2014-10-10,72.40422821044922
2014-10-13,72.48367309570312
2014-10-14,73.07951354980469
2014-10-15,72.70214080810547
2014-10-16,72.12615966796875
2014-10-17,75.42313385009766
2014-10-20,76.41621398925781
2014-10-21,78.14413452148438
2014-10-22,77.82635498046875
2014-10-23,79.48477172851562
2014-10-24,80.11039733886719
2014-10-27,79.72311401367188
2014-10-28,80.20970916748047
2014-10-29,75.33377075195312
2014-10-30,73.59590148925781
2014-10-31,74.46980285644531
2014-11-03,73.36750793457031
2014-11-04,75.23446655273438
2014-11-05,74.31092071533203
2014-11-06,74.73793029785156
2014-11-07,75.07556915283203
2014-11-10,74.47972869873047
2014-11-11,74.09243774414062
2014-11-12,74.2016830444336
2014-11-13,73.73493957519531
2014-11-14,74.36056518554688
2014-11-17,73.7249984741211
2014-11-18,73.82431030273438
2014-11-19,72.82131958007812
2014-11-20,73.0894546508789
2014-11-21,73.23841857910156
2014-11-24,73.4966049194336
2014-11-25,75.1053695678711
2014-11-26,77.08157348632812
2014-11-28,77.1610107421875
2014-12-01,74.57904052734375
2014-12-02,74.93653869628906
2014-12-03,74.36056518554688
2014-12-04,74.71807861328125
2014-12-05,75.8302993774414
2014-12-08,75.98918914794922
2014-12-09,76.30696868896484
2014-12-10,75.65154266357422
2014-12-11,77.19081115722656
2014-12-12,77.29009246826172
2014-12-15,76.4559326171875
2014-12-16,74.17188262939453
2014-12-17,75.58203125
2014-12-18,77.85614776611328
2014-12-19,79.32586669921875
2014-12-22,80.8849868774414
2014-12-23,80.05081176757812
2014-12-24,80.20970916748047
2014-12-26,80.21963500976562
2014-12-29,79.46490478515625
2014-12-30,78.67046356201172
2014-12-31,77.4787826538086
2015-01-02,77.90579986572266
2015-01-05,76.65454864501953
2015-01-06,75.62174987792969
2015-01-07,75.62174987792969
2015-01-08,77.63768005371094
2015-01-09,77.20073699951172
2015-01-12,76.18781280517578
2015-01-13,75.91967010498047
2015-01-14,75.7508544921875
2015-01-15,73.53634643554688
2015-01-16,74.65848541259766
2015-01-20,75.71112823486328
2015-01-21,76.20765686035156
2015-01-22,77.1113510131836
2015-01-23,77.29009246826172
2015-01-26,76.96239471435547
2015-01-27,75.25432586669922
2015-01-28,75.71112823486328
2015-01-29,77.45892333984375
2015-01-30,75.38341522216797
2015-02-02,74.46980285644531
2015-02-03,74.87696075439453
2015-02-04,75.1053695678711
2015-02-05,75.08551025390625
2015-02-06,73.95340728759766
2015-02-09,73.92362213134766
2015-02-10,74.66841888427734
2015-02-11,75.97926330566406
2015-02-12,75.70121002197266
2015-02-13,75.214599609375
2015-02-17,75.07556915283203
2015-02-18,76.1778793334961
2015-02-19,78.86907196044922
2015-02-20,79.34574127197266
2015-02-23,78.2930908203125
2015-02-24,77.90579986572266
2015-02-25,79.00811004638672
2015-02-26,79.85221862792969
2015-02-27,78.42219543457031
2015-03-02,79.19679260253906
2015-03-03,79.04782104492188
2015-03-04,80.33882141113281
2015-03-05,80.64665985107422
2015-03-06,79.4549789428711
2015-03-09,78.8889389038086
2015-03-10,77.01205444335938
2015-03-11,77.03190612792969
2015-03-12,78.38248443603516
2015-03-13,77.50858306884766
2015-03-16,77.5284423828125
2015-03-17,78.80949401855469
2015-03-18,80.34873962402344
2015-03-19,82.17597198486328
2015-03-20,83.21868896484375
2015-03-23,83.84432220458984
2015-03-24,84.71821594238281
2015-03-25,82.34478759765625
2015-03-26,82.43417358398438
2015-03-27,82.72216796875
2015-03-30,82.62286376953125
2015-03-31,81.64965057373047
2015-04-01,81.10345458984375
2015-04-02,80.9942398071289
2015-04-06,81.86812591552734
2015-04-07,81.74894714355469
2015-04-08,81.70923614501953
2015-04-09,81.5999984741211
2015-04-10,81.47090148925781
2015-04-13,82.43417358398438
2015-04-14,82.94063568115234
2015-04-15,82.13624572753906
2015-04-16,81.73902893066406
2015-04-17,80.21963500976562
2015-04-20,82.51361083984375
2015-04-21,83.03993225097656
2015-04-22,84.04293823242188
2015-04-23,81.83834075927734
2015-04-24,80.96443176269531
2015-04-27,81.34180450439453
2015-04-28,80.12032318115234
2015-04-29,79.91180419921875
2015-04-30,78.22358703613281
2015-05-01,78.44205474853516
2015-05-04,78.2633056640625
2015-05-05,77.02198028564453
2015-05-06,77.55823516845703
2015-05-07,77.88594055175781
2015-05-08,77.96539306640625
2015-05-11,77.46885681152344
2015-05-12,76.92266845703125
2015-05-13,77.89588165283203
2015-05-14,80.80554962158203
2015-05-15,79.86212921142578
2015-05-18,80.3189468383789
2015-05-19,80.07067108154297
2015-05-20,79.9912338256836
2015-05-21,79.92172241210938
2015-05-22,79.98129272460938
2015-05-26,78.77970123291016
2015-05-27,79.9912338256836
2015-05-28,79.5940170288086
2015-05-29,78.64067840576172
2015-06-01,79.73303985595703
2015-06-02,79.88200378417969
2015-06-03,81.86812591552734
2015-06-04,81.48084259033203
2015-06-05,81.57019805908203
2015-06-08,80.11039733886719
2015-06-09,80.11039733886719
2015-06-10,81.59007263183594
2015-06-11,81.2623519897461
2015-06-12,80.96443176269531
2015-06-15,80.15011596679688
2015-06-16,80.49769592285156
2015-06-17,81.22264099121094
2015-06-18,82.33486938476562
2015-06-19,81.93763732910156
2015-06-22,84.15216064453125
2015-06-23,87.2703857421875
2015-06-24,88.24359893798828
2015-06-25,87.36970520019531
2015-06-26,87.39948272705078
2015-06-29,85.20481872558594
2015-06-30,85.1750259399414
2015-07-01,86.30712127685547
2015-07-02,86.68448638916016
2015-07-06,86.94268035888672
2015-07-07,86.61498260498047
2015-07-08,85.05585479736328
2015-07-09,85.28424835205078
2015-07-10,87.33989715576172
2015-07-13,89.47499084472656
2015-07-14,89.05789947509766
2015-07-15,89.13734436035156
2015-07-16,90.21978759765624
2015-07-17,94.31121063232422
2015-07-20,97.2308120727539
2015-07-21,97.70748138427734
2015-07-22,96.3668441772461
2015-07-23,94.77794647216795
2015-07-24,96.27748107910156
2015-07-27,93.51675415039062
2015-07-28,94.62899017333984
2015-07-29,96.31717681884766
2015-07-30,94.5495376586914
2015-07-31,93.3578643798828
2015-08-03,93.48697662353516
2015-08-04,93.4075164794922
2015-08-05,95.77101135253906
2015-08-06,94.46016693115234
2015-08-07,93.64586639404295
2015-08-10,93.49690246582033
2015-08-11,92.97057342529295
2015-08-12,93.53662109375
2015-08-13,92.78189086914062
2015-08-14,93.7650146484375
2015-08-17,93.2784194946289
2015-08-18,94.5098114013672
2015-08-19,94.64884948730467
2015-08-20,89.93179321289062
2015-08-21,85.4630126953125
2015-08-24,81.52055358886719
2015-08-25,82.42423248291016
2015-08-26,86.58517456054688
2015-08-27,89.10755157470703
2015-08-28,90.3786849975586
2015-08-31,88.80963897705078
2015-09-01,86.62490844726562
2015-09-02,89.26643371582031
2015-09-03,87.53852081298828
2015-09-04,87.64775085449219
2015-09-08,88.90894317626953
2015-09-09,89.81262969970703
2015-09-10,91.34194946289062
2015-09-11,91.41146087646484
2015-09-14,91.66964721679688
2015-09-15,92.2555694580078
2015-09-16,92.80174255371094
2015-09-17,93.68557739257812
2015-09-18,93.74517059326172
2015-09-21,94.88717651367188
2015-09-22,92.31514739990234
2015-09-23,93.31815338134766
2015-09-24,93.75508880615234
2015-09-25,92.12646484375
2015-09-28,88.5911636352539
2015-09-29,86.06878662109375
2015-09-30,89.27637481689453
2015-10-01,90.319091796875
2015-10-02,91.43131256103516
2015-10-05,93.3578643798828
2015-10-06,92.15625762939452
2015-10-07,91.759033203125
2015-10-08,91.82855987548828
2015-10-09,92.59320831298828
2015-10-12,93.60613250732422
2015-10-13,93.46709442138672
2015-10-14,93.41744232177734
2015-10-15,95.2943344116211
2015-10-16,96.8633804321289
2015-10-19,97.78692626953124
2015-10-20,96.32711791992188
2015-10-21,96.43636322021484
2015-10-22,98.97860717773438
2015-10-23,101.48113250732422
2015-10-26,103.05015563964844
2015-10-27,102.98064422607422
2015-10-28,103.47718811035156
2015-10-29,104.15245819091795
2015-10-30,101.26265716552734
2015-11-02,102.59335327148438
2015-11-03,101.86842346191406
2015-11-04,103.21898651123048
2015-11-05,108.00553894042967
2015-11-06,106.35706329345705
2015-11-09,105.75130462646484
2015-11-10,107.16145324707033
2015-11-11,108.25381469726562
2015-11-12,107.27067565917967
2015-11-13,103.22891235351562
2015-11-16,103.31829071044922
2015-11-17,104.40072631835938
2015-11-18,107.02239990234376
2015-11-19,105.52288818359376
2015-11-20,106.57553100585938
2015-11-23,106.20809173583984
2015-11-24,105.00650787353516
2015-11-25,104.67877960205078
2015-11-27,104.718505859375
2015-11-30,103.51690673828124
2015-12-01,106.37691497802734
2015-12-02,105.33421325683594
2015-12-03,103.65592956542967
2015-12-04,105.44345092773438
2015-12-07,104.87740325927734
2015-12-08,105.75130462646484
2015-12-09,103.87440490722656
2015-12-10,104.688720703125
2015-12-11,101.41161346435548
2015-12-14,103.9339828491211
2015-12-15,103.8247528076172
2015-12-16,106.04920959472656
2015-12-17,105.48316192626952
2015-12-18,103.31829071044922
2015-12-21,104.04322052001952
2015-12-22,104.77809143066406
2015-12-23,103.9041976928711
2015-12-24,104.29149627685548
2015-12-28,105.19517517089844
2015-12-29,106.51594543457033
2015-12-30,105.48316192626952
2015-12-31,103.9339828491211
2016-01-04,101.51092529296876
2016-01-05,102.0173797607422
2016-01-06,102.2557144165039
2016-01-07,97.2407455444336
2016-01-08,96.6548309326172
2016-01-11,96.8335952758789
2016-01-12,98.68067932128906
2016-01-13,94.77794647216795
2016-01-14,97.68762969970705
2016-01-15,94.31121063232422
2016-01-19,94.59918975830078
2016-01-20,93.6955108642578
2016-01-21,93.50682830810548
2016-01-22,97.26060485839844
2016-01-25,96.33705139160156
2016-01-26,96.66475677490234
2016-01-27,93.79481506347656
2016-01-28,108.35311889648438
2016-01-29,111.4316177368164
2016-02-01,114.29163360595705
2016-02-02,113.81495666503906
2016-02-03,111.90829467773438
2016-02-04,109.72354125976562
2016-02-05,103.34809112548828
2016-02-08,99.05804443359376
2016-02-09,98.84949493408205
2016-02-10,100.29938507080078
2016-02-11,101.20306396484376
2016-02-12,101.30237579345705
2016-02-16,100.90514373779295
2016-02-17,104.47023010253906
2016-02-18,102.7522430419922
2016-02-19,103.84461975097656
2016-02-22,106.4166488647461
2016-02-23,104.72843933105467
2016-02-24,106.13858032226562
2016-02-25,107.3203353881836
2016-02-26,107.17137908935548
2016-02-29,106.17830657958984
2016-03-01,109.05818939208984
2016-03-02,109.18729400634766
2016-03-03,108.81986236572266
2016-03-04,107.63812255859376
2016-03-07,104.99657440185548
2016-03-08,105.19517517089844
2016-03-09,106.76422119140624
2016-03-10,106.57553100585938
2016-03-11,108.65103912353516
2016-03-14,109.12771606445312
2016-03-15,109.9022979736328
2016-03-16,111.40182495117188
2016-03-17,110.24986267089844
2016-03-18,110.6768798828125
2016-03-21,111.07411193847656
2016-03-22,111.47134399414062
2016-03-23,111.75931549072266
2016-03-24,112.26579284667967
2016-03-28,112.9013442993164
2016-03-29,115.33435821533205
2016-03-30,113.9043426513672
2016-03-31,113.30850219726562
2016-04-01,115.2549057006836
2016-04-04,111.76925659179688
2016-04-05,111.44154357910156
2016-04-06,112.92121124267578
2016-04-07,112.85169219970705
2016-04-08,109.8625717163086
2016-04-11,108.23394775390624
2016-04-12,109.84271240234376
2016-04-13,109.74341583251952
2016-04-14,110.07110595703124
2016-04-15,108.87943267822266
2016-04-18,109.6838150024414
2016-04-19,111.51107025146484
2016-04-20,111.6401596069336
2016-04-21,112.65308380126952
2016-04-22,109.79304504394533
2016-04-25,109.33625030517578
2016-04-26,108.00553894042967
2016-04-27,108.13463592529295
2016-04-28,115.9202651977539
2016-04-29,116.7643585205078
2016-05-02,117.74748992919922
2016-05-03,116.61540985107422
2016-05-04,117.24103546142578
2016-05-05,116.9927749633789
2016-05-06,118.66111755371094
2016-05-09,118.41284942626952
2016-05-10,119.66411590576172
2016-05-11,118.69090270996094
2016-05-12,119.44561767578124
2016-05-13,118.97888946533205
2016-05-16,117.8468017578125
2016-05-17,116.53596496582033
2016-05-18,116.8338851928711
2016-05-19,115.99970245361328
2016-05-20,116.53596496582033
2016-05-23,115.1655502319336
2016-05-24,116.8835220336914
2016-05-25,117.07221221923828
2016-05-26,118.64125061035156
2016-05-27,118.55187225341795
2016-05-31,117.98582458496094
2016-06-01,117.9560317993164
2016-06-02,118.1050033569336
2016-06-03,117.64818572998048
2016-06-06,117.96597290039062
2016-06-07,116.94312286376952
2016-06-08,117.56875610351562
2016-06-09,117.73756408691406
2016-06-10,115.81103515625
2016-06-13,113.15955352783205
2016-06-14,114.14268493652344
2016-06-15,113.8050308227539
2016-06-16,113.59649658203124
2016-06-17,112.2359848022461
2016-06-20,112.58357238769533
2016-06-21,113.5865478515625
2016-06-22,113.11983489990234
2016-06-23,114.28170776367188
2016-06-24,111.30252838134766
2016-06-27,108.2140884399414
2016-06-28,111.918212890625
2016-06-29,113.36810302734376
2016-06-30,113.48724365234376
2016-07-01,113.39788055419922
2016-07-05,113.40780639648438
2016-07-06,115.89047241210938
2016-07-07,115.0463638305664
2016-07-08,116.42671966552734
2016-07-11,117.05235290527344
2016-07-12,117.11194610595705
2016-07-13,115.96991729736328
2016-07-14,116.47637939453124
2016-07-15,116.04936981201172
2016-07-18,118.5419464111328
2016-07-19,119.7733383178711
2016-07-20,121.07424926757812
2016-07-21,119.7733383178711
2016-07-22,120.16063690185548
2016-07-25,120.7862777709961
2016-07-26,120.3791275024414
2016-07-27,122.4843978881836
2016-07-28,124.13288879394533
2016-07-29,123.08023834228516
2016-08-01,123.44766998291016
2016-08-02,122.23613739013672
2016-08-03,121.66016387939452
2016-08-04,123.4973373413086
2016-08-05,124.28185272216795
2016-08-08,124.39109802246094
2016-08-09,124.19247436523438
2016-08-10,124.0137176513672
2016-08-11,124.03358459472656
2016-08-12,124.0137176513672
2016-08-15,123.04051971435548
2016-08-16,122.4447021484375
2016-08-17,123.50727081298828
2016-08-18,123.05046081542967
2016-08-19,122.702880859375
2016-08-22,123.28878784179688
2016-08-23,123.50727081298828
2016-08-24,122.62344360351562
2016-08-25,123.03057861328124
2016-08-26,124.09317016601562
2016-08-29,125.6622085571289
2016-08-30,124.9670639038086
2016-08-31,125.24512481689452
2016-09-01,125.2947769165039
2016-09-02,125.63243103027344
2016-09-06,128.830078125
2016-09-07,130.1409149169922
2016-09-08,129.36634826660156
2016-09-09,126.21832275390624
2016-09-12,127.79728698730467
2016-09-13,126.32756042480467
2016-09-14,126.88367462158205
2016-09-15,127.45965576171876
2016-09-16,128.17465209960938
2016-09-19,127.75756072998048
2016-09-20,127.7476577758789
2016-09-21,129.0386199951172
2016-09-22,129.17764282226562
2016-09-23,127.07234954833984
2016-09-26,126.42687225341795
2016-09-27,127.79728698730467
2016-09-28,128.3335418701172
2016-09-29,127.2014617919922
2016-09-30,127.3802261352539
2016-10-03,127.8767547607422
2016-10-04,127.3007583618164
2016-10-05,127.57882690429688
2016-10-06,127.8469467163086
2016-10-07,128.09521484375
2016-10-10,129.3365478515625
2016-10-11,127.98597717285156
2016-10-12,128.15478515625
2016-10-13,126.9333267211914
2016-10-14,126.99290466308594
2016-10-17,126.6552734375
2016-10-18,127.67813110351562
2016-10-19,129.2074432373047
2016-10-20,129.09820556640625
2016-10-21,131.1538543701172
2016-10-24,132.35545349121094
2016-10-25,131.372314453125
2016-10-26,130.13099670410156
2016-10-27,128.7903594970703
2016-10-28,130.37925720214844
2016-10-31,130.0813446044922
2016-11-01,128.60165405273438
2016-11-02,126.287841796875
2016-11-03,119.1675796508789
2016-11-04,119.9123764038086
2016-11-07,121.30265808105467
2016-11-08,123.35830688476562
2016-11-09,122.32552337646484
2016-11-10,119.96202850341795
2016-11-11,118.19436645507812
2016-11-14,114.28170776367188
2016-11-15,116.3870086669922
2016-11-16,115.532958984375
2016-11-17,116.97291564941406
2016-11-18,116.208251953125
2016-11-21,120.92530059814452
2016-11-22,120.62738037109376
2016-11-23,120.00174713134766
2016-11-25,119.54492950439452
2016-11-28,119.57472229003906
2016-11-29,120.0315399169922
2016-11-30,117.59854125976562
2016-12-01,114.3015594482422
2016-12-02,114.5994873046875
2016-12-05,116.61540985107422
2016-12-06,116.49622344970705
2016-12-07,117.13180541992188
2016-12-08,118.08513641357422
2016-12-09,118.84979248046876
2016-12-12,116.95305633544922
2016-12-13,119.47541809082033
2016-12-14,119.37611389160156
2016-12-15,119.73362731933594
2016-12-16,119.0384750366211
2016-12-19,118.41284942626952
2016-12-20,118.26388549804688
2016-12-21,118.21424102783205
2016-12-22,116.58561706542967
2016-12-23,116.45651245117188
2016-12-27,117.19139862060548
2016-12-28,116.10894012451172
2016-12-29,115.54287719726562
2016-12-30,114.25192260742188
2017-01-03,116.04936981201172
2017-01-04,117.86666870117188
2017-01-05,119.83292388916016
2017-01-06,122.55392456054688
2017-01-09,124.03358459472656
2017-01-10,123.4874038696289
2017-01-11,125.21533203125
2017-01-12,125.7416534423828
2017-01-13,127.4497299194336
2017-01-17,126.98297882080078
2017-01-18,127.03262329101562
2017-01-19,126.66519927978516
2017-01-20,126.15874481201172
2017-01-23,128.03561401367188
2017-01-24,128.47256469726562
2017-01-25,130.56793212890625
2017-01-26,131.85888671875
2017-01-27,131.26309204101562
2017-01-30,130.0714111328125
2017-01-31,129.4159698486328
2017-02-01,132.30580139160156
2017-02-02,129.93238830566406
2017-02-03,130.0714111328125
2017-02-06,131.14390563964844
2017-02-07,130.92544555664062
2017-02-08,133.26907348632812
2017-02-09,133.20948791503906
2017-02-10,133.25917053222656
2017-02-13,133.12010192871094
2017-02-14,132.9215087890625
2017-02-15,132.51434326171875
2017-02-16,132.91156005859375
2017-02-17,132.60372924804688
2017-02-21,132.7924041748047
2017-02-22,135.17575073242188
2017-02-23,134.42103576660156
2017-02-24,134.50047302246094
2017-02-27,135.46376037597656
2017-02-28,134.5997772216797
2017-03-01,136.46673583984375
2017-03-02,135.8113250732422
2017-03-03,136.2184600830078
2017-03-06,136.46673583984375
2017-03-07,136.34756469726562
2017-03-08,136.76463317871094
2017-03-09,137.28106689453125
2017-03-10,137.8272247314453
2017-03-13,138.63162231445312
2017-03-14,138.3535614013672
2017-03-15,138.75082397460938
2017-03-16,139.01890563964844
2017-03-17,138.86993408203125
2017-03-20,138.96925354003906
2017-03-21,137.5491485595703
2017-03-22,138.62167358398438
2017-03-23,138.56211853027344
2017-03-24,139.36648559570312
2017-03-27,139.34661865234375
2017-03-28,140.77662658691406
2017-03-29,141.6604461669922
2017-03-30,141.42210388183594
2017-03-31,141.0646209716797
2017-04-03,141.29302978515625
2017-04-04,140.74685668945312
2017-04-05,140.8660125732422
2017-04-06,140.1907196044922
2017-04-07,139.8034210205078
2017-04-10,140.06161499023438
2017-04-11,138.94940185546875
2017-04-12,138.61175537109375
2017-04-13,138.42306518554688
2017-04-17,140.43899536132812
2017-04-18,139.98219299316406
2017-04-19,141.28309631347656
2017-04-20,142.80247497558594
2017-04-21,142.68331909179688
2017-04-24,144.46090698242188
2017-04-25,145.47381591796875
2017-04-26,145.54331970214844
2017-04-27,146.67543029785156
2017-04-28,149.20773315429688
2017-05-01,151.4024200439453
2017-05-02,151.72019958496094
2017-05-03,150.74697875976562
2017-05-04,149.8035888671875
2017-05-05,149.19781494140625
2017-05-08,150.01214599609375
2017-05-09,149.4361572265625
2017-05-10,149.2474365234375
2017-05-11,148.99917602539062
2017-05-12,149.28720092773438
2017-05-15,149.14816284179688
2017-05-16,148.74099731445312
2017-05-17,143.84521484375
2017-05-18,146.63571166992188
2017-05-19,147.0329132080078
2017-05-22,147.211669921875
2017-05-23,147.04286193847656
2017-05-24,148.99917602539062
2017-05-25,150.9058837890625
2017-05-26,151.07472229003906
2017-05-30,151.3229522705078
2017-05-31,150.4093475341797
2017-06-01,150.47886657714844
2017-06-02,152.54444885253906
2017-06-05,152.56430053710938
2017-06-06,151.74996948242188
2017-06-07,152.0578155517578
2017-06-08,153.63681030273438
2017-06-09,148.56227111816406
2017-06-12,147.41029357910156
2017-06-13,149.63475036621094
2017-06-14,149.20773315429688
2017-06-15,148.76087951660156
2017-06-16,149.59506225585938
2017-06-19,151.80955505371094
2017-06-20,151.19386291503906
2017-06-21,152.8423309326172
2017-06-22,152.3358917236328
2017-06-23,153.9943084716797
2017-06-26,152.52456665039062
2017-06-27,149.5354461669922
2017-06-28,152.177001953125
2017-06-29,149.9922637939453
2017-06-30,149.93267822265625
2017-07-03,147.4003448486328
2017-07-05,149.29710388183594
2017-07-06,147.7876739501953
2017-07-07,150.38949584960938
2017-07-10,152.43519592285156
2017-07-11,154.19293212890625
2017-07-12,157.79771423339844
2017-07-13,158.1552276611328
2017-07-14,158.8603057861328
2017-07-17,158.62196350097656
2017-07-18,161.7302703857422
2017-07-19,163.0013885498047
2017-07-20,163.388671875
2017-07-21,163.28936767578125
2017-07-24,164.8484649658203
2017-07-25,164.13348388671875
2017-07-26,164.461181640625
2017-07-27,169.2576904296875
2017-07-28,171.2537384033203
2017-07-31,168.075927734375
2017-08-01,168.68170166015625
2017-08-02,168.12559509277344
2017-08-03,167.42050170898438
2017-08-04,168.443359375
2017-08-07,170.78697204589844
2017-08-08,170.0421905517578
2017-08-09,169.99253845214844
2017-08-10,166.23875427246094
2017-08-11,166.91404724121094
2017-08-14,169.56552124023438
2017-08-15,169.8137969970703
2017-08-16,168.8207550048828
2017-08-17,165.75216674804688
2017-08-18,166.2487030029297
2017-08-21,166.61611938476562
2017-08-22,168.46322631835938
2017-08-23,167.53970336914062
2017-08-24,166.576416015625
2017-08-25,165.166259765625
2017-08-28,166.07986450195312
2017-08-29,166.88426208496094
2017-08-30,168.7412872314453
2017-08-31,170.77706909179688
2017-09-01,170.8267059326172
2017-09-05,169.53575134277344
2017-09-06,170.89625549316406
2017-09-07,172.00848388671875
2017-09-08,169.76414489746094
2017-09-11,172.30636596679688
2017-09-12,171.7602081298828
2017-09-13,171.8495635986328
2017-09-14,169.77407836914062
2017-09-15,170.44935607910156
2017-09-18,168.8306427001953
2017-09-19,171.32327270507812
2017-09-20,170.9756622314453
2017-09-21,169.92303466796875
2017-09-22,169.3569793701172
2017-09-25,161.7401885986328
2017-09-26,163.07090759277344
2017-09-27,166.51681518554688
2017-09-28,167.55955505371094
2017-09-29,169.6846923828125
2017-10-02,168.29441833496094
2017-10-03,168.781005859375
2017-10-04,167.25169372558594
2017-10-05,170.05213928222656
2017-10-06,171.03526306152344
2017-10-09,171.3033905029297
2017-10-10,170.3997039794922
2017-10-11,171.54173278808594
2017-10-12,171.35305786132812
2017-10-13,172.5347900390625
2017-10-16,173.30938720703125
2017-10-17,174.88836669921875
2017-10-18,174.80892944335938
2017-10-19,173.34910583496094
2017-10-20,173.7661895751953
2017-10-23,170.08193969726562
2017-10-24,170.60824584960938
2017-10-25,169.4165802001953
2017-10-26,169.4463653564453
2017-10-27,176.64608764648438
2017-10-30,178.62225341796875
2017-10-31,178.81094360351562
2017-11-01,181.39288330078125
2017-11-02,177.67884826660156
2017-11-03,177.67884826660156
2017-11-06,178.92018127441406
2017-11-07,178.9996337890625
2017-11-08,178.31442260742188
2017-11-09,178.0561981201172
2017-11-10,177.22207641601562
2017-11-13,177.52989196777344
2017-11-14,176.8347625732422
2017-11-15,176.71559143066406
2017-11-16,178.3441925048828
2017-11-17,177.75830078125
2017-11-20,177.5001220703125
2017-11-21,180.5984649658203
2017-11-22,179.61534118652344
2017-11-24,181.51206970214844
2017-11-27,181.7603454589844
2017-11-28,181.15457153320312
2017-11-29,173.91514587402344
2017-11-30,175.95091247558594
2017-12-01,173.88536071777344
2017-12-04,170.28054809570312
2017-12-05,171.63111877441406
2017-12-06,174.8386993408203
2017-12-07,178.890380859375
2017-12-08,177.75830078125
2017-12-11,177.79798889160156
2017-12-12,175.7324676513672
2017-12-13,177.0631561279297
2017-12-14,177.1525115966797
2017-12-15,178.93011474609375
2017-12-18,179.56568908691406
2017-12-19,178.2647705078125
2017-12-20,176.656005859375
2017-12-21,176.2190399169922
2017-12-22,175.9707794189453
2017-12-26,174.76918029785156
2017-12-27,176.38787841796875
2017-12-28,176.685791015625
2017-12-29,175.23593139648438
2018-01-02,180.1615295410156
2018-01-03,183.38894653320312
2018-01-04,183.0513153076172
2018-01-05,185.55384826660156
2018-01-08,186.9739532470703
2018-01-09,186.5667724609375
2018-01-10,186.53697204589844
2018-01-11,186.46749877929688
2018-01-12,178.12574768066406
2018-01-16,177.1525115966797
2018-01-17,176.36801147460938
2018-01-18,178.55274963378906
2018-01-19,180.0324249267578
2018-01-22,184.08409118652344
2018-01-23,188.0365295410156
2018-01-24,185.2559356689453
2018-01-25,186.17947387695312
2018-01-26,188.6820068359375
2018-01-29,184.68988037109375
2018-01-30,185.82199096679688
2018-01-31,185.5935821533203
2018-02-01,191.7505645751953
2018-02-02,188.96002197265625
2018-02-05,180.00262451171875
2018-02-06,184.02452087402344
2018-02-07,178.93011474609375
2018-02-08,170.38978576660156
2018-02-09,174.88836669921875
2018-02-12,175.186279296875
2018-02-13,171.94886779785156
2018-02-14,178.27468872070312
2018-02-15,178.711669921875
2018-02-16,176.1296844482422
2018-02-20,174.78904724121094
2018-02-21,176.67587280273438
2018-02-22,177.74838256835938
2018-02-23,182.01853942871097
2018-02-26,183.64715576171875
2018-02-27,180.2012634277344
2018-02-28,177.08302307128906
2018-03-01,174.71954345703125
2018-03-02,175.3948211669922
2018-03-05,179.14857482910156
2018-03-06,178.53286743164062
2018-03-07,182.4356231689453
2018-03-08,181.0751495361328
2018-03-09,183.9450836181641
2018-03-12,183.47833251953125
2018-03-13,180.61834716796875
2018-03-14,182.9123077392578
2018-03-15,182.58457946777344
2018-03-16,183.8060607910156
2018-03-19,171.3629608154297
2018-03-20,166.9835662841797
2018-03-21,168.2149658203125
2018-03-22,163.74618530273438
2018-03-23,158.28433227539062
2018-03-26,158.9496612548828
2018-03-27,151.1640625
2018-03-28,151.9684600830078
2018-03-29,158.6815643310547
2018-04-02,154.31207275390625
2018-04-03,155.02708435058594
2018-04-04,154.02410888671875
2018-04-05,158.2346954345703
2018-04-06,156.10951232910156
2018-04-09,156.83444213867188
2018-04-10,163.89512634277344
2018-04-11,165.166259765625
2018-04-12,162.73326110839844
2018-04-13,163.3787384033203
2018-04-16,163.6865997314453
2018-04-17,167.49002075195312
2018-04-18,165.2059783935547
2018-04-19,166.93392944335938
2018-04-20,165.12655639648438
2018-04-23,164.6895751953125
2018-04-24,158.5822296142578
2018-04-25,158.5822296142578
2018-04-26,172.95187377929688
2018-04-27,172.38583374023438
2018-04-30,170.8068389892578
2018-05-01,172.65396118164062
2018-05-02,174.8486328125
2018-05-03,172.81288146972656
2018-05-04,175.3848876953125
2018-05-07,176.73545837402344
2018-05-08,177.67884826660156
2018-05-09,181.39288330078125
2018-05-10,184.2429962158203
2018-05-11,185.69287109375
2018-05-14,185.3452911376953
2018-05-15,183.0414276123047
2018-05-16,181.92916870117188
2018-05-17,182.4852752685547
2018-05-18,181.41275024414065
2018-05-21,183.2102203369141
2018-05-22,182.5249938964844
2018-05-23,185.60348510742188
2018-05-24,184.6402282714844
2018-05-25,183.63723754882812
2018-05-29,184.4515686035156
2018-05-30,186.36814880371097
2018-05-31,190.4496307373047
2018-06-01,192.64431762695312
2018-06-04,191.9392547607422
2018-06-05,191.60159301757812
2018-06-06,190.0126953125
2018-06-07,186.87461853027344
2018-06-08,187.78826904296875
2018-06-11,190.2113037109375
2018-06-12,191.0653533935547
2018-06-13,191.0752716064453
2018-06-14,195.4447326660156
2018-06-15,194.4914398193359
2018-06-18,196.9343414306641
2018-06-19,196.1200256347656
2018-06-20,200.59877014160156
2018-06-21,200.10223388671875
2018-06-22,200.34054565429688
2018-06-25,194.98794555664065
2018-06-26,197.6195831298828
2018-06-27,194.4814910888672
2018-06-28,194.86875915527344
2018-06-29,192.97201538085935
2018-07-02,195.9909515380859
2018-07-03,191.39305114746097
2018-07-05,197.07339477539065
2018-07-06,201.8202362060547
2018-07-09,203.3197479248047
2018-07-10,202.1280517578125
2018-07-11,201.1349945068359
2018-07-12,205.484619140625
2018-07-13,205.8818817138672
2018-07-16,205.79246520996097
2018-07-17,208.53334045410156
2018-07-18,207.90769958496097
2018-07-19,206.64649963378903
2018-07-20,208.48367309570312
2018-07-23,209.44696044921875
2018-07-24,213.1808624267578
2018-07-25,215.99122619628903
2018-07-26,175.0373077392578
2018-07-27,173.67681884765625
2018-07-30,169.8733673095703
2018-07-31,171.38284301757812
2018-08-01,170.45928955078125
2018-08-02,175.14654541015625
2018-08-03,176.5467987060547
2018-08-06,184.40188598632812
2018-08-07,182.53494262695312
2018-08-08,183.8954315185547
2018-08-09,181.8199462890625
2018-08-10,179.0095672607422
2018-08-13,178.80104064941406
2018-08-14,179.85366821289062
2018-08-15,178.2846221923828
2018-08-16,173.48812866210938
2018-08-17,172.5943603515625
2018-08-20,171.3033905029297
2018-08-21,171.42254638671875
2018-08-22,172.43548583984375
2018-08-23,171.7006072998047
2018-08-24,173.43846130371094
2018-08-27,176.22898864746094
2018-08-28,175.0373077392578
2018-08-29,174.67979431152344
2018-08-30,176.40773010253906
2018-08-31,174.510986328125
2018-09-04,169.97268676757812
2018-09-05,166.02027893066406
2018-09-06,161.40255737304688
2018-09-07,161.90899658203125
2018-09-10,163.04110717773438
2018-09-11,164.7888946533203
2018-09-12,160.87623596191406
2018-09-13,160.2406463623047
2018-09-14,161.1940155029297
2018-09-17,159.46607971191406
2018-09-18,159.1880340576172
2018-09-19,161.92886352539062
2018-09-20,164.86834716796875
2018-09-21,161.79977416992188
2018-09-24,164.26255798339844
2018-09-25,163.76605224609375
2018-09-26,165.79190063476562
2018-09-27,167.66879272460938
2018-09-28,163.31918334960938
2018-10-01,161.3131866455078
2018-10-02,158.2247314453125
2018-10-03,161.30322265625
2018-10-04,157.74807739257812
2018-10-05,156.23863220214844
2018-10-08,156.15919494628906
2018-10-09,156.80467224121094
2018-10-10,150.32992553710938
2018-10-11,152.28623962402344
2018-10-12,152.6735382080078
2018-10-15,152.45504760742188
2018-10-16,157.6785430908203
2018-10-17,158.3141326904297
2018-10-18,153.8453369140625
2018-10-19,152.98138427734375
2018-10-22,153.706298828125
2018-10-23,153.31900024414062
2018-10-24,145.0269317626953
2018-10-25,149.90284729003906
2018-10-26,144.36158752441406
2018-10-29,141.10435485839844
2018-10-30,145.20570373535156
2018-10-31,150.73704528808594
2018-11-01,150.6973419189453
2018-11-02,149.30706787109375
2018-11-05,147.64862060546875
2018-11-06,148.89988708496094
2018-11-07,150.47886657714844
2018-11-08,146.84425354003906
2018-11-09,143.95443725585938
2018-11-12,140.56808471679688
2018-11-13,141.1738739013672
2018-11-14,143.21957397460938
2018-11-15,142.85214233398438
2018-11-16,138.56211853027344
2018-11-19,130.63746643066406
2018-11-20,131.51133728027344
2018-11-21,133.884765625
2018-11-23,130.8162078857422
2018-11-26,135.43394470214844
2018-11-27,134.0635223388672
2018-11-28,135.8113250732422
2018-11-29,137.7179718017578
2018-11-30,139.63461303710938
2018-12-03,140.1112823486328
2018-12-04,136.9731903076172
2018-12-06,138.66140747070312
2018-12-07,136.46673583984375
2018-12-10,140.8660125732422
2018-12-11,141.0944061279297
2018-12-12,143.49761962890625
2018-12-13,144.00408935546875
2018-12-14,143.0606689453125
2018-12-17,139.217529296875
2018-12-18,142.66346740722656
2018-12-19,132.3157196044922
2018-12-20,132.474609375
2018-12-21,124.08324432373048
2018-12-24,123.19940948486328
2018-12-26,133.2491912841797
2018-12-27,133.5868682861328
2018-12-28,132.2760009765625
2018-12-31,130.18063354492188
2019-01-02,134.73880004882812
2019-01-03,130.82615661621094
2019-01-04,136.99305725097656
2019-01-07,137.09239196777344
2019-01-08,141.54127502441406
2019-01-09,143.2294921875
2019-01-10,143.19970703125
2019-01-11,142.80247497558594
2019-01-14,144.38145446777344
2019-01-15,147.91676330566406
2019-01-16,146.51651000976562
2019-01-17,147.27127075195312
2019-01-18,148.99917602539062
2019-01-22,146.5463409423828
2019-01-23,143.2989959716797
2019-01-24,144.81842041015625
2019-01-25,147.9763641357422
2019-01-28,146.44700622558594
2019-01-29,143.1897735595703
2019-01-30,149.37655639648438
2019-01-31,165.53369140625
2019-02-01,164.56048583984375
2019-02-04,168.075927734375
2019-02-05,169.97268676757812
2019-02-06,169.3073272705078
2019-02-07,165.2258758544922
2019-02-08,166.16925048828125
2019-02-11,164.63992309570312
2019-02-12,163.89512634277344
2019-02-13,162.93186950683594
2019-02-14,162.8126983642578
2019-02-15,161.37277221679688
2019-02-19,161.1641845703125
2019-02-20,161.4323272705078
2019-02-21,158.9298095703125
2019-02-22,160.76698303222656
2019-02-25,163.47805786132812
2019-02-26,162.991455078125
2019-02-27,161.6806182861328
2019-02-28,160.3300323486328
2019-03-01,161.15431213378906
2019-03-04,166.20896911621094
2019-03-05,170.07196044921875
2019-03-06,171.31332397460938
2019-03-07,167.956787109375
2019-03-08,168.42352294921875
2019-03-11,170.87640380859375
2019-03-12,170.7274169921875
2019-03-13,172.1673583984375
2019-03-14,168.98956298828125
2019-03-15,164.82864379882812
2019-03-18,159.35684204101562
2019-03-19,160.44921875
2019-03-20,164.2923583984375
2019-03-21,164.9279327392578
2019-03-22,163.1999969482422
2019-03-25,165.13645935058594
2019-03-26,166.51681518554688
2019-03-27,164.7193603515625
2019-03-28,164.4015655517578
2019-03-29,165.53369140625
2019-04-01,167.5297393798828
2019-04-02,172.99159240722656
2019-04-03,172.33616638183594
2019-04-04,174.79896545410156
2019-04-05,174.5010528564453
2019-04-08,173.71653747558594
2019-04-09,176.34817504882812
2019-04-10,176.58648681640625
2019-04-11,176.27862548828125
2019-04-12,177.85760498046875
2019-04-15,178.40379333496094
2019-04-16,177.6291961669922
2019-04-17,177.53982543945312
2019-04-18,177.0432891845703
2019-04-22,180.1813812255859
2019-04-23,182.5051422119141
2019-04-24,181.31344604492188
2019-04-25,191.9193878173828
2019-04-26,190.1616668701172
2019-04-29,193.4288330078125
2019-04-30,192.05841064453125
2019-05-01,191.6909637451172
2019-05-02,191.1944274902344
2019-05-03,194.11407470703125
2019-05-06,192.53512573242188
2019-05-07,188.45358276367188
2019-05-08,188.22515869140625
2019-05-09,187.34133911132812
2019-05-10,187.03350830078125
2019-05-13,180.2806701660156
2019-05-14,179.4762725830078
2019-05-15,184.97789001464844
2019-05-16,185.69287109375
2019-05-17,184.0146026611328
2019-05-20,181.45249938964844
2019-05-21,183.53793334960935
2019-05-22,184.03448486328125
2019-05-23,179.61534118652344
2019-05-24,179.80404663085938
2019-05-28,183.03146362304688
2019-05-29,180.9261779785156
2019-05-30,181.7404937744141
2019-05-31,176.23890686035156
2019-06-03,163.0113067626953
2019-06-04,166.33804321289062
2019-06-05,167.00341796875
2019-06-06,167.16232299804688
2019-06-07,172.14747619628906
2019-06-10,173.60731506347656
2019-06-11,176.8645782470703
2019-06-12,173.82574462890625
2019-06-13,176.23890686035156
2019-06-14,180.07212829589844
2019-06-17,187.69883728027344
2019-06-18,187.16259765625
2019-06-19,186.17947387695312
2019-06-20,188.2152557373047
2019-06-21,189.8140869140625
2019-06-24,191.2639617919922
2019-06-25,187.530029296875
2019-06-26,186.35824584960935
2019-06-27,188.18548583984375
2019-06-28,191.6611785888672
2019-07-01,191.6611785888672
2019-07-02,193.6472930908203
2019-07-03,195.83206176757812
2019-07-05,195.03761291503903
2019-07-08,194.40203857421875
2019-07-09,197.82810974121097
2019-07-10,201.3236846923828
2019-07-11,199.83409118652344
2019-07-12,203.44883728027344
2019-07-15,202.4955139160156
2019-07-16,202.4259796142578
2019-07-17,200.4001312255859
2019-07-18,199.38722229003903
2019-07-19,196.9840087890625
2019-07-22,200.9165496826172
2019-07-23,200.95623779296875
2019-07-24,203.2403259277344
2019-07-25,199.3177032470703
2019-07-26,198.36436462402344
2019-07-29,194.58078002929688
2019-07-30,195.67315673828125
2019-07-31,192.8826446533203
2019-08-01,191.39305114746097
2019-08-02,187.70880126953125
2019-08-05,180.46934509277344
2019-08-06,183.2300720214844
2019-08-07,183.86561584472656
2019-08-08,188.84088134765625
2019-08-09,186.5469207763672
2019-08-12,184.08409118652344
2019-08-13,187.1427459716797
2019-08-14,178.46339416503906
2019-08-15,181.3234100341797
2019-08-16,182.4257049560547
2019-08-19,184.87855529785156
2019-08-20,182.53494262695312
2019-08-21,182.2767333984375
2019-08-22,180.7772216796875
2019-08-23,176.5169677734375
2019-08-26,179.10885620117188
2019-08-27,180.0423583984375
2019-08-28,180.49916076660156
2019-08-29,184.28273010253903
2019-08-30,184.38201904296875
2019-09-03,181.1248016357422
2019-09-04,185.84182739257812
2019-09-05,189.57574462890625
2019-09-06,186.18942260742188
2019-09-09,187.4506072998047
2019-09-10,184.87855529785156
2019-09-11,187.18246459960935
2019-09-12,186.1695556640625
2019-09-13,185.8914794921875
2019-09-16,184.92823791503903
2019-09-17,186.7753143310547
2019-09-18,186.8348846435547
2019-09-19,188.82101440429688
2019-09-20,188.6124725341797
2019-09-23,185.52407836914065
2019-09-24,180.02247619628906
2019-09-25,181.5319366455078
2019-09-26,178.86061096191406
2019-09-27,175.87149047851562
2019-09-30,176.84469604492188
2019-10-01,174.5904083251953
2019-10-02,173.3888397216797
2019-10-03,178.1356658935547
2019-10-04,179.19825744628906
2019-10-07,178.43356323242188
2019-10-08,176.5169677734375
2019-10-09,178.60240173339844
2019-10-10,178.7811737060547
2019-10-11,182.9123077392578
2019-10-14,182.00860595703125
2019-10-15,187.5796813964844
2019-10-16,188.23513793945312
2019-10-17,189.06930541992188
2019-10-18,184.560791015625
2019-10-21,188.4436798095703
2019-10-22,181.0751495361328
2019-10-23,184.85867309570312
2019-10-24,185.0871124267578
2019-10-25,186.58663940429688
2019-10-28,188.08615112304688
2019-10-29,187.9967803955078
2019-10-30,186.94415283203125
2019-10-31,190.320556640625
2019-11-01,192.27688598632812
2019-11-04,193.36924743652344
2019-11-05,192.97201538085935
2019-11-06,190.2212371826172
2019-11-07,189.0990753173828
2019-11-08,189.5161590576172
2019-11-11,188.29470825195312
2019-11-12,193.12098693847656
2019-11-13,191.8498687744141
2019-11-14,191.8101501464844
2019-11-15,193.74664306640625
2019-11-18,196.0306701660156
2019-11-19,197.93736267089844
2019-11-20,196.139892578125
2019-11-21,196.5570068359375
2019-11-22,197.44081115722656
2019-11-25,198.404052734375
2019-11-26,197.5897674560547
2019-11-27,200.59877014160156
2019-11-29,200.2412567138672
2019-12-02,198.3147125244141
2019-12-03,197.44081115722656
2019-12-04,197.33157348632812
2019-12-05,197.97708129882812
2019-12-06,199.6553649902344
2019-12-09,199.94334411621097
2019-12-10,199.4766082763672
2019-12-11,200.85696411132812
2019-12-12,195.3851776123047
2019-12-13,192.7635040283203
2019-12-16,196.54702758789065
2019-12-17,197.0137939453125
2019-12-18,201.09527587890625
2019-12-19,204.63058471679688
2019-12-20,204.86892700195312
2019-12-23,204.74972534179688
2019-12-24,203.69712829589844
2019-12-26,206.34857177734375
2019-12-27,206.6564483642578
2019-12-30,202.99203491210935
2019-12-31,203.82618713378903
2020-01-02,208.3247528076172
2020-01-03,207.2224884033203
2020-01-06,211.1252288818359
2020-01-07,211.58201599121097
2020-01-08,213.72705078125
2020-01-09,216.7856903076172
2020-01-10,216.54734802246097
2020-01-13,220.37063598632812
2020-01-14,217.54042053222656
2020-01-15,219.6159210205078
2020-01-16,220.23162841796875
2020-01-17,220.59901428222656
2020-01-21,219.9039001464844
2020-01-22,219.78472900390625
2020-01-23,218.2355499267578
2020-01-24,216.4281768798828
2020-01-27,213.3794860839844
2020-01-28,216.27923583984375
2020-01-29,221.6814727783203
2020-01-30,208.07652282714844
2020-01-31,200.5093688964844
2020-02-03,202.7735595703125
2020-02-04,208.3744659423828
2020-02-05,208.65249633789065
2020-02-06,209.38735961914065
2020-02-07,210.8571014404297
2020-02-10,211.58201599121097
2020-02-11,205.75277709960935
2020-02-12,209.2979736328125
2020-02-13,211.6614990234375
2020-02-14,212.6942596435547
2020-02-18,216.2891387939453
2020-02-19,215.98130798339844
2020-02-20,213.0914764404297
2020-02-21,208.72201538085935
2020-02-24,199.32762145996097
2020-02-25,195.4050445556641
2020-02-26,195.83206176757812
2020-02-27,188.4337158203125
2020-02-28,191.13487243652344
2020-03-02,195.07733154296875
2020-03-03,184.6004943847656
2020-03-04,190.4297790527344
2020-03-05,183.885498046875
2020-03-06,179.83380126953125
2020-03-09,168.32421875
2020-03-10,176.95391845703125
2020-03-11,169.05908203125
2020-03-12,153.3984832763672
2020-03-13,169.0988006591797
2020-03-16,144.99713134765625
2020-03-17,148.3834991455078
2020-03-18,145.9405517578125
2020-03-19,152.06777954101562
2020-03-20,148.6913604736328
2020-03-23,147.07269287109375
2020-03-24,159.86329650878906
2020-03-25,155.1263885498047
2020-03-26,162.2069091796875
2020-03-27,155.70236206054688
2020-03-30,164.798828125
2020-03-31,165.64295959472656
2020-04-01,158.49285888671875
2020-04-02,157.0926513671875
2020-04-03,153.11045837402344
2020-04-06,164.4015655517578
2020-04-07,167.65884399414062
2020-04-08,173.07106018066406
2020-04-09,173.9747314453125
2020-04-13,173.57749938964844
2020-04-14,176.93406677246094
2020-04-15,175.74237060546875
2020-04-16,175.02740478515625
2020-04-17,177.9966583251953
2020-04-20,177.0035858154297
2020-04-21,169.6151885986328
2020-04-22,181.0155487060547
2020-04-23,183.8457794189453
2020-04-24,188.75152587890625
2020-04-27,186.19932556152344
2020-04-28,181.6411895751953
2020-04-29,192.8429412841797
2020-04-30,203.2899627685547
2020-05-01,200.86688232421875
2020-05-04,203.8361663818359
2020-05-05,205.6335906982422
2020-05-06,207.02386474609375
2020-05-07,209.7945098876953
2020-05-08,210.876953125
2020-05-11,211.70118713378903
2020-05-12,208.64256286621097
2020-05-13,203.67726135253903
2020-05-14,205.3754119873047
2020-05-15,209.41714477539065
2020-05-18,211.71112060546875
2020-05-19,215.37554931640625
2020-05-20,228.37472534179688
2020-05-21,229.78488159179688
2020-05-22,233.28045654296875
2020-05-26,230.58924865722656
2020-05-27,227.5504913330078
2020-05-28,223.89602661132812
2020-05-29,223.52859497070312
2020-06-01,230.30126953125
2020-06-02,231.10565185546875
2020-06-03,228.56341552734375
2020-06-04,224.7202606201172
2020-06-05,229.16915893554688
2020-06-08,229.7947998046875
2020-06-09,237.01437377929688
2020-06-10,235.08782958984375
2020-06-11,222.8731689453125
2020-06-12,226.9943695068359
2020-06-15,230.8871612548828
2020-06-16,234.01531982421875
2020-06-17,233.8961181640625
2020-06-18,234.3033447265625
2020-06-19,237.1335601806641
2020-06-22,237.5605926513672
2020-06-23,240.55963134765625
2020-06-24,232.39662170410156
2020-06-25,234.0451202392578
2020-06-26,214.58106994628903
2020-06-29,219.1094512939453
2020-06-30,225.49484252929688
2020-07-01,235.9021759033203
2020-07-02,231.80081176757812
2020-07-06,238.6132049560547
2020-07-07,239.18917846679688
2020-07-08,241.8903350830078
2020-07-09,242.8039093017578
2020-07-10,243.3699951171875
2020-07-13,237.34207153320312
2020-07-14,238.06703186035156
2020-07-15,238.6132049560547
2020-07-16,239.2586975097656
2020-07-17,240.35107421875
2020-07-20,243.71755981445312
2020-07-21,240.0730133056641
2020-07-22,238.2060546875
2020-07-23,230.9864959716797
2020-07-24,229.1096038818359
2020-07-27,231.8802490234375
2020-07-28,228.5236968994141
2020-07-29,231.6717071533203
2020-07-30,232.873291015625
2020-07-31,251.9103240966797
2020-08-03,250.21218872070312
2020-08-04,248.0969390869141
2020-08-05,247.3918914794922
2020-08-06,263.43975830078125
2020-08-07,266.5778503417969
2020-08-10,261.1756286621094
2020-08-11,254.35324096679688
2020-08-12,258.0871887207031
2020-08-13,259.4873962402344
2020-08-14,259.42779541015625
2020-08-17,259.34832763671875
2020-08-18,260.5201416015625
2020-08-19,260.7684631347656
2020-08-20,267.14398193359375
2020-08-21,265.15777587890625
2020-08-24,269.50738525390625
2020-08-25,278.87200927734375
2020-08-26,301.80181884765625
2020-08-27,291.1859436035156
2020-08-28,291.6229248046875
2020-08-31,291.1661376953125
2020-09-01,293.3905944824219
2020-09-02,300.4015808105469
2020-09-03,289.1005554199219
2020-09-04,280.76873779296875
2020-09-08,269.27899169921875
2020-09-09,271.82122802734375
2020-09-10,266.2303466796875
2020-09-11,264.7605285644531
2020-09-14,264.30377197265625
2020-09-15,270.5303039550781
2020-09-16,261.69195556640625
2020-09-17,253.0523681640625
2020-09-18,250.77821350097656
2020-09-21,246.42860412597656
2020-09-22,252.98284912109375
2020-09-23,247.29258728027344
2020-09-24,247.79904174804688
2020-09-25,253.0523681640625
2020-09-28,255.0384826660156
2020-09-29,259.9740295410156
2020-09-30,260.083251953125
2020-10-01,264.7804260253906
2020-10-02,258.1368713378906
2020-10-05,262.81414794921875
2020-10-06,256.8656921386719
2020-10-07,256.3294982910156
2020-10-08,261.9303283691406
2020-10-09,262.6155700683594
2020-10-12,273.8371276855469
2020-10-13,274.2244873046875
2020-10-14,269.9344177246094
2020-10-15,264.8697814941406
2020-10-16,264.0852355957031
2020-10-19,259.5867004394531
2020-10-20,265.7040100097656
2020-10-21,276.7964782714844
2020-10-22,276.1907043457031
2020-10-23,282.8144226074219
2020-10-26,275.1877136230469
2020-10-27,281.3248596191406
2020-10-28,265.813232421875
2020-10-29,278.8819580078125
2020-10-30,261.2848205566406
2020-11-02,259.5469665527344
2020-11-03,263.4596252441406
2020-11-04,285.386474609375
2020-11-05,292.6358642578125
2020-11-06,291.3746643066406
2020-11-09,276.836181640625
2020-11-10,270.5401916503906
2020-11-11,274.5621337890625
2020-11-12,273.1717834472656
2020-11-13,275.02880859375
2020-11-16,277.02490234375
2020-11-17,273.09234619140625
2020-11-18,270.0833435058594
2020-11-19,271.0466613769531
2020-11-20,267.82916259765625
2020-11-23,266.5679016113281
2020-11-24,274.9990539550781
2020-11-25,273.67822265625
2020-11-27,275.8828125
2020-11-30,275.0487365722656
2020-12-01,284.562255859375
2020-12-02,285.5254821777344
2020-12-03,279.8948669433594
2020-12-04,277.7597961425781
2020-12-07,283.5989685058594
2020-12-08,281.4341125488281
2020-12-09,275.99212646484375
2020-12-10,275.19769287109375
2020-12-11,271.6524353027344
2020-12-14,272.2879943847656
2020-12-15,273.63848876953125
2020-12-16,273.7576904296875
2020-12-17,272.5759582519531
2020-12-18,274.4826354980469
2020-12-21,270.8977355957031
2020-12-22,265.2372131347656
2020-12-23,266.2501220703125
2020-12-24,265.5450439453125
2020-12-28,275.0784912109375
2020-12-29,274.8600158691406
2020-12-30,269.98406982421875
2020-12-31,271.26513671875
2021-01-04,267.0743713378906
2021-01-05,269.0903015136719
2021-01-06,261.48345947265625
2021-01-07,266.87579345703125
2021-01-08,265.7138977050781
2021-01-11,255.0583343505859
2021-01-12,249.3482208251953
2021-01-13,249.89439392089844
2021-01-14,243.93603515625
2021-01-15,249.61636352539065
2021-01-19,259.288818359375
2021-01-20,265.6245422363281
2021-01-21,270.9771423339844
2021-01-22,272.5958557128906
2021-01-25,276.08148193359375
2021-01-26,280.09344482421875
2021-01-27,270.252197265625
2021-01-28,263.1617431640625
2021-01-29,256.5379638671875
2021-02-01,260.1924743652344
2021-02-02,265.2272644042969
2021-02-03,264.8002624511719
2021-02-04,264.641357421875
2021-02-05,266.2402038574219
2021-02-08,264.73077392578125
2021-02-09,267.5809020996094
2021-02-10,269.98406982421875
2021-02-11,268.5143127441406
2021-02-12,268.6235656738281
2021-02-16,272.06951904296875
2021-02-17,271.6722717285156
2021-02-18,267.5212707519531
2021-02-19,259.7456359863281
2021-02-22,258.5240783691406
2021-02-23,264.0157775878906
2021-02-24,262.4764709472656
2021-02-25,252.9232482910156
2021-02-26,255.8329162597656
2021-03-01,263.0723876953125
2021-03-02,257.20330810546875
2021-03-03,253.6382598876953
2021-03-04,255.8527679443359
2021-03-05,262.44671630859375
2021-03-08,253.53892517089844
2021-03-09,263.8966369628906
2021-03-10,263.06243896484375
2021-03-11,271.9801330566406
2021-03-12,266.53814697265625
2021-03-15,271.8511047363281
2021-03-16,277.3426818847656
2021-03-17,282.0398864746094
2021-03-18,276.687255859375
2021-03-19,288.0975036621094
2021-03-22,291.5037841796875
2021-03-23,288.6139221191406
2021-03-24,280.1828308105469
2021-03-25,276.806396484375
2021-03-26,281.05670166015625
2021-03-29,288.8026428222656
2021-03-30,286.002197265625
2021-03-31,292.48687744140625
2021-04-01,296.5882568359375
2021-04-05,306.7671203613281
2021-04-06,304.13555908203125
2021-04-07,310.91815185546875
2021-04-08,310.8486328125
2021-04-09,310.2925109863281
2021-04-12,309.3789367675781
2021-04-13,307.61126708984375
2021-04-14,300.7193908691406
2021-04-15,305.6846618652344
2021-04-16,304.0560607910156
2021-04-19,300.14337158203125
2021-04-20,300.550537109375
2021-04-21,299.3787536621094
2021-04-22,294.4630432128906
2021-04-23,299.0411071777344
2021-04-26,300.9378662109375
2021-04-27,301.4641418457031
2021-04-28,304.9696960449219
2021-04-29,327.2242126464844
2021-04-30,322.824951171875
2021-05-03,320.34228515625
2021-05-04,316.15155029296875
2021-05-05,312.83465576171875
2021-05-06,317.8000793457031
2021-05-07,316.86651611328125
2021-05-10,303.8475341796875
2021-05-11,304.4036560058594
2021-05-12,300.45123291015625
2021-05-13,303.14251708984375
2021-05-14,313.7483825683594
2021-05-17,313.271728515625
2021-05-18,307.8098449707031
2021-05-19,311.4147033691406
2021-05-20,316.39984130859375
2021-05-21,314.036376953125
2021-05-24,322.37811279296875
2021-05-25,325.51617431640625
2021-05-26,325.3870544433594
2021-05-27,330.4417419433594
2021-05-28,326.44964599609375
2021-06-01,326.84686279296875
2021-06-02,326.86669921875
2021-06-03,323.7783203125
2021-06-04,328.05841064453125
2021-06-07,334.24517822265625
2021-06-08,331.36529541015625
2021-06-09,327.9591369628906
2021-06-10,330.1537170410156
2021-06-11,328.9620666503906
2021-06-14,334.4338684082031
2021-06-15,334.4140319824219
2021-06-16,328.7833251953125
2021-06-17,334.1756591796875
2021-06-18,327.3731994628906
2021-06-21,329.98492431640625
2021-06-22,336.6781921386719
2021-06-23,338.2273864746094
2021-06-24,340.7994079589844
2021-06-25,339.0019226074219
2021-06-28,353.1729736328125
2021-06-29,349.4490051269531
2021-06-30,345.2979431152344
2021-07-01,351.931640625
2021-07-02,352.239501953125
2021-07-06,350.3328552246094
2021-07-07,348.05865478515625
2021-07-08,343.25225830078125
2021-07-09,347.9892272949219
2021-07-12,350.710205078125
2021-07-13,349.6476135253906
2021-07-14,345.2185363769531
2021-07-15,342.0705261230469
2021-07-16,338.7934265136719
2021-07-19,334.61260986328125
2021-07-20,339.2899475097656
2021-07-21,343.8282775878906
2021-07-22,348.7538757324219
2021-07-23,367.2247924804687
2021-07-26,369.8762817382813
2021-07-27,365.2586059570313
2021-07-28,370.6905822753906
2021-07-29,355.8343505859375
2021-07-30,353.8283996582031
2021-08-02,349.5085754394531
2021-08-03,348.8034362792969
2021-08-04,356.4302062988281
2021-08-05,360.45208740234375
2021-08-06,360.9884033203125
2021-08-09,359.1015319824219
2021-08-10,358.6249084472656
2021-08-11,357.46295166015625
2021-08-12,360.13433837890625
2021-08-13,360.6606750488281
2021-08-16,364.0172119140625
2021-08-17,355.9634704589844
2021-08-18,352.9842529296875
2021-08-19,352.65655517578125
2021-08-20,356.8770751953125
2021-08-23,360.82952880859375
2021-08-24,362.9744873046875
2021-08-25,365.8345642089844
2021-08-26,361.8523559570313
2021-08-27,370.0451354980469
2021-08-30,378.0194396972656
2021-08-31,376.7483215332031
2021-09-01,379.3997497558594
2021-09-02,372.6767578125
2021-09-03,373.64996337890625
2021-09-07,379.52886962890625
2021-09-08,374.9508666992187
2021-09-09,375.37786865234375
2021-09-10,376.0631103515625
2021-09-13,373.8981628417969
2021-09-14,373.9180908203125
2021-09-15,371.3262023925781
2021-09-16,370.4721374511719
2021-09-17,362.19000244140625
2021-09-20,353.2325744628906
2021-09-21,355.000244140625
2021-09-22,340.82916259765625
2021-09-23,343.56011962890625
2021-09-24,350.5115661621094
2021-09-27,351.1272277832031
2021-09-28,338.2869567871094
2021-09-29,337.254150390625
2021-09-30,337.03570556640625
2021-10-01,340.63055419921875
2021-10-04,323.9670104980469
2021-10-05,330.6502990722656
2021-10-06,331.3255920410156
2021-10-07,326.9362487792969
2021-10-08,327.7604675292969
2021-10-11,323.1923828125
2021-10-12,321.5240478515625
2021-10-13,322.2886657714844
2021-10-14,326.2510070800781
2021-10-15,322.5072326660156
2021-10-18,333.0138244628906
2021-10-19,337.63153076171875
2021-10-20,338.4159851074219
2021-10-21,339.5083923339844
2021-10-22,322.35821533203125
2021-10-25,326.409912109375
2021-10-26,313.6192932128906
2021-10-27,310.0541687011719
2021-10-28,314.7215576171875
2021-10-29,321.325439453125
2021-11-01,327.6910095214844
2021-11-02,325.8041076660156
2021-11-03,329.3196105957031
2021-11-04,333.5202941894531
2021-11-05,338.76361083984375
2021-11-08,336.2710266113281
2021-11-09,333.0436096191406
2021-11-10,325.3672180175781
2021-11-11,325.4665222167969
2021-11-12,338.5252685546875
2021-11-15,345.1490783691406
2021-11-16,340.5809631347656
2021-11-17,338.4061279296875
2021-11-18,336.3405456542969
2021-11-19,342.9046936035156
2021-11-22,338.6444091796875
2021-11-23,334.9105529785156
2021-11-24,338.6941223144531
2021-11-26,330.8092041015625
2021-11-29,335.6851501464844
2021-11-30,322.2092590332031
2021-12-01,308.4454040527344
2021-12-02,308.23687744140625
2021-12-03,304.7115173339844
2021-12-06,315.6649475097656
2021-12-07,320.5707092285156
2021-12-08,328.2669677734375
2021-12-09,327.5321044921875
2021-12-10,327.4625244140625
2021-12-13,332.169677734375
2021-12-14,331.42486572265625
2021-12-15,339.2899475097656
2021-12-16,332.57684326171875
2021-12-17,331.4745788574219
2021-12-20,323.1923828125
2021-12-21,331.8817138671875
2021-12-22,328.1577453613281
2021-12-23,332.9144592285156
2021-12-27,343.778564453125
2021-12-28,343.8183288574219
2021-12-29,340.56109619140625
2021-12-30,341.9712219238281
2021-12-31,334.01678466796875
2022-01-03,336.19158935546875
2022-01-04,334.195556640625
2022-01-05,321.9212646484375
2022-01-06,330.1537170410156
2022-01-07,329.4884338378906
2022-01-10,325.7942199707031
2022-01-11,332.0505065917969
2022-01-12,330.9482727050781
2022-01-13,324.2152404785156
2022-01-14,329.59765625
2022-01-18,315.9430236816406
2022-01-19,317.3730773925781
2022-01-20,314.36407470703125
2022-01-21,301.06695556640625
2022-01-24,306.5685119628906
2022-01-25,298.0679016113281
2022-01-26,292.586181640625
2022-01-27,292.5961608886719
2022-01-28,299.6170959472656
2022-01-31,311.08697509765625
2022-02-01,316.78717041015625
2022-02-02,320.7593994140625
2022-02-03,236.11068725585935
2022-02-04,235.44534301757812
2022-02-07,223.3498382568359
2022-02-08,218.6526336669922
2022-02-09,230.3906707763672
2022-02-10,226.4879150390625
2022-02-11,218.02700805664065
2022-02-14,216.18983459472656
2022-02-15,219.46694946289065
2022-02-16,215.0378875732422
2022-02-17,206.2691345214844
2022-02-18,204.7299041748047
2022-02-22,200.6781768798828
2022-02-23,197.07339477539065
2022-02-24,206.1598968505859
2022-02-25,209.01991271972656
2022-02-28,209.56613159179688
2022-03-01,202.07843017578125
2022-03-02,206.6663818359375
2022-03-03,201.56202697753903
2022-03-04,198.67221069335935
2022-03-07,186.1695556640625
2022-03-08,188.9699859619141
2022-03-09,197.12303161621097
2022-03-10,193.8558807373047
2022-03-11,186.30856323242188
2022-03-14,185.3353729248047
2022-03-15,190.69793701171875
2022-03-16,202.2174530029297
2022-03-17,206.39825439453125
2022-03-18,214.9882354736328
2022-03-21,210.02291870117188
2022-03-22,215.14710998535156
2022-03-23,211.9792633056641
2022-03-24,218.04685974121097
2022-03-25,220.28126525878903
2022-03-28,222.03900146484375
2022-03-29,228.26548767089844
2022-03-30,226.26942443847656
2022-03-31,220.81752014160156
2022-04-01,223.29025268554688
2022-04-04,232.26754760742188
2022-04-05,230.23175048828125
2022-04-06,221.75099182128903
2022-04-07,221.40342712402344
2022-04-08,220.7877197265625
2022-04-11,214.95846557617188
2022-04-12,212.6545562744141
2022-04-13,213.4986572265625
2022-04-14,208.72201538085935
2022-04-18,209.3079376220703
2022-04-19,215.80255126953125
2022-04-20,199.02972412109375
2022-04-21,186.7653961181641
2022-04-22,182.83285522460935
2022-04-25,185.69287109375
2022-04-26,179.6947784423828
2022-04-27,173.7364044189453
2022-04-28,204.30287170410156
2022-04-29,199.0793609619141
2022-05-02,209.6654357910156
2022-05-03,210.5591583251953
2022-05-04,221.8602294921875
2022-05-05,206.83517456054688
2022-05-06,202.35646057128903
2022-05-09,194.8489227294922
2022-05-10,196.2789306640625
2022-05-11,187.4307403564453
2022-05-12,189.91342163085935
2022-05-13,197.24220275878903
2022-05-16,198.65234375
2022-05-17,201.2144470214844
2022-05-18,190.9064788818359
2022-05-19,189.96304321289065
2022-05-20,192.19747924804688
2022-05-23,194.86875915527344
2022-05-24,180.02247619628906
2022-05-25,182.5548095703125
2022-05-26,190.3006896972656
2022-05-27,193.77642822265625
2022-05-31,192.2967529296875
2022-06-01,187.3314208984375
2022-06-02,197.4805450439453
2022-06-03,189.45657348632812
2022-06-06,192.9025115966797
2022-06-07,194.29278564453125
2022-06-08,195.27593994140625
2022-06-09,182.72361755371097
2022-06-10,174.35211181640625
2022-06-13,163.1205596923828
2022-06-14,162.59422302246094
2022-06-15,168.1752471923828
2022-06-16,159.75405883789062
2022-06-17,162.6041717529297
2022-06-21,155.9605712890625
2022-06-22,154.76890563964844
2022-06-23,157.6487579345703
2022-06-24,168.97962951660156
2022-06-27,168.3142852783203
2022-06-28,159.56536865234375
2022-06-29,162.8027801513672
2022-06-30,160.13143920898438
2022-07-01,158.919921875
2022-07-05,167.02330017089844
2022-07-06,168.5923309326172
2022-07-07,170.9955291748047
2022-07-08,169.69464111328125
2022-07-11,161.7501220703125
2022-07-12,162.13742065429688
2022-07-13,162.35589599609375
2022-07-14,156.95362854003906
2022-07-15,163.55747985839844
2022-07-18,166.0699462890625
2022-07-19,174.56063842773438
2022-07-20,181.8199462890625
2022-07-21,181.89938354492188
2022-07-22,168.09579467773438
2022-07-25,165.49395751953125
2022-07-26,158.0459747314453
2022-07-27,168.4036407470703
2022-07-28,159.6051025390625
2022-07-29,157.99636840820312
2022-08-01,158.82057189941406
2022-08-02,159.07876586914062
2022-08-03,167.62904357910156
2022-08-04,169.38681030273438
2022-08-05,165.95077514648438
2022-08-08,169.0690155029297
2022-08-09,167.3609161376953
2022-08-10,177.10287475585938
2022-08-11,176.2587890625
2022-08-12,179.24789428710938
2022-08-15,179.6351776123047
2022-08-16,178.2250518798828
2022-08-17,173.63710021972656
2022-08-18,173.4484100341797
2022-08-19,166.79489135742188
2022-08-22,161.9189453125
2022-08-23,159.992431640625
2022-08-24,162.12747192382812
2022-08-25,167.6092071533203
2022-08-26,160.6577606201172
2022-08-29,158.06585693359375
2022-08-30,156.06980895996094
2022-08-31,161.79977416992188
2022-09-01,164.2129364013672
2022-09-02,159.20790100097656
2022-09-06,157.4402313232422
2022-09-07,159.2774200439453
2022-09-08,160.93580627441406
2022-09-09,167.9766082763672
2022-09-12,167.78794860839844
2022-09-13,152.06777954101562
2022-09-14,150.41928100585938
2022-09-15,148.51258850097656
2022-09-16,145.2751922607422
2022-09-19,146.9932098388672
2022-09-20,145.0766143798828
2022-09-21,141.13412475585938
2022-09-22,141.8292694091797
2022-09-23,139.43600463867188
2022-09-26,135.42401123046875
2022-09-27,133.4676971435547
2022-09-28,140.627685546875
2022-09-29,135.46376037597656
2022-09-30,134.73880004882812
2022-10-03,137.64846801757812
2022-10-04,139.306884765625
2022-10-05,138.0159149169922
2022-10-06,138.1053009033203
2022-10-07,132.52427673339844
2022-10-10,132.86190795898438
2022-10-11,127.64832305908205
2022-10-12,126.61555480957033
2022-10-13,129.38619995117188
2022-10-14,125.88067626953124
2022-10-17,133.1101837158203
2022-10-18,131.8787841796875
2022-10-19,132.30580139160156
2022-10-20,130.61758422851562
2022-10-21,129.10813903808594
2022-10-24,128.8201446533203
2022-10-25,136.55613708496094
2022-10-26,128.91946411132812
2022-10-27,97.26060485839844
2022-10-28,98.51184844970705
2022-10-31,92.51375579833984
2022-11-01,94.5395965576172
2022-11-02,89.91194152832031
2022-11-03,88.29324340820312
2022-11-04,90.1602020263672
2022-11-07,96.04906463623048
2022-11-08,95.80079650878906
2022-11-09,100.76612091064452
2022-11-10,111.09398651123048
2022-11-11,112.2359848022461
2022-11-14,113.42767333984376
2022-11-15,116.26782989501952
2022-11-16,112.4445343017578
2022-11-17,110.6768798828125
2022-11-18,111.2727279663086
2022-11-21,109.0979232788086
2022-11-22,110.6669464111328
2022-11-23,111.46139526367188
2022-11-25,110.63716888427734
2022-11-28,108.02539825439452
2022-11-29,108.70068359375
2022-11-30,117.28076171875
2022-12-01,119.60453033447266
2022-12-02,122.63336181640624
2022-12-05,121.5807113647461
2022-12-06,113.328369140625
2022-12-07,113.13967895507812
2022-12-08,114.52996826171876
2022-12-09,115.09602355957033
2022-12-12,113.9142608642578
2022-12-13,119.31654357910156
2022-12-14,120.74655151367188
2022-12-15,115.34429168701172
2022-12-16,118.60153198242188
2022-12-19,113.68586730957033
2022-12-20,116.27775573730467
2022-12-21,118.9292449951172
2022-12-22,116.30756378173828
2022-12-23,117.2211685180664
2022-12-27,116.06922149658205
2022-12-28,114.81796264648438
2022-12-29,119.42577362060548
2022-12-30,119.50521087646484
2023-01-03,123.87469482421876
2023-01-04,126.48644256591795
2023-01-05,126.05943298339844
2023-01-06,129.11807250976562
2023-01-09,128.57188415527344
2023-01-10,132.06747436523438
2023-01-11,131.9681854248047
2023-01-12,135.76165771484375
2023-01-13,136.02976989746094
2023-01-17,134.42103576660156
2023-01-18,132.09725952148438
2023-01-19,135.20553588867188
2023-01-20,138.4031982421875
2023-01-23,142.27615356445312
2023-01-24,142.1470489501953
2023-01-25,140.5184326171875
2023-01-26,146.2781982421875
2023-01-27,150.68740844726562
2023-01-30,146.03985595703125
2023-01-31,147.9365997314453
2023-02-01,152.0578155517578
2023-02-02,187.46051025390625
2023-02-03,185.2360687255859
2023-02-06,184.76931762695312
2023-02-07,190.29074096679688
2023-02-08,182.15756225585935
2023-02-09,176.685791015625
2023-02-10,172.9419403076172
2023-02-13,178.18531799316406
2023-02-14,178.23497009277344
2023-02-15,175.9310760498047
2023-02-16,171.24380493164062
2023-02-17,171.68075561523438
2023-02-21,170.88629150390625
2023-02-22,169.93295288085938
2023-02-23,170.84657287597656
2023-02-24,169.20799255371094
2023-02-27,168.36392211914062
2023-02-28,173.7264404296875
2023-03-01,172.217041015625
2023-03-02,173.31932067871094
2023-03-03,183.9649353027344
2023-03-06,183.61737060546875
2023-03-07,183.2300720214844
2023-03-08,183.6868896484375
2023-03-09,180.4296417236328
2023-03-10,178.2647705078125
2023-03-13,179.64512634277344
2023-03-14,192.67410278320312
2023-03-15,196.37823486328125
2023-03-16,203.50840759277344
2023-03-17,194.25308227539065
2023-03-20,196.43780517578125
2023-03-21,200.7576446533203
2023-03-22,198.4239196777344
2023-03-23,202.86294555664065
2023-03-24,204.5809326171875
2023-03-27,201.43292236328125
2023-03-28,199.2879180908203
2023-03-29,203.925537109375
2023-03-30,206.39825439453125
2023-03-31,210.4698028564453
2023-04-03,211.59197998046875
2023-04-04,213.2305145263672
2023-04-05,210.0130157470703
2023-04-06,214.60096740722656
2023-04-10,213.26031494140625
2023-04-11,212.36654663085935
2023-04-12,212.51551818847656
2023-04-13,218.8214569091797
2023-04-14,219.95355224609375
2023-04-17,217.341796875
2023-04-18,216.3785400390625
2023-04-19,214.2037353515625
2023-04-20,211.59197998046875
2023-04-21,211.41319274902344
2023-04-24,211.3139190673828
2023-04-25,206.11024475097656
2023-04-26,207.94741821289065
2023-04-27,236.90516662597656
2023-04-28,238.65293884277344
2023-05-01,241.49310302734375
2023-05-02,237.5804443359375
2023-05-03,235.3857421875
2023-05-04,231.9001007080078
2023-05-05,231.16522216796875
2023-05-08,231.65185546875
2023-05-09,231.7511444091797
2023-05-10,231.46316528320312
2023-05-11,234.15435791015625
2023-05-12,232.1881103515625
2023-05-15,237.20306396484375
2023-05-16,237.1633758544922
2023-05-17,240.807861328125
2023-05-18,245.1376495361328
2023-05-19,243.93603515625
2023-05-22,246.5974273681641
2023-05-23,245.0283966064453
2023-05-24,247.4812774658203
2023-05-25,250.9371337890625
2023-05-26,260.2222900390625
2023-05-30,260.6989440917969
2023-05-31,262.8836975097656
2023-06-01,270.71893310546875
2023-06-02,270.71893310546875
2023-06-05,269.50738525390625
2023-06-06,269.2392883300781
2023-06-07,261.7714538574219
2023-06-08,262.74462890625
2023-06-09,263.1120910644531
2023-06-12,269.1697692871094
2023-06-13,269.4378967285156
2023-06-14,271.45379638671875
2023-06-15,279.8749694824219
2023-06-16,279.0506896972656
2023-06-20,282.3576354980469
2023-06-21,279.6863098144531
2023-06-22,282.9038391113281
2023-06-23,286.7271423339844
2023-06-26,276.5382995605469
2023-06-27,285.05877685546875
2023-06-28,283.31097412109375
2023-06-29,279.5770568847656
2023-06-30,284.9892883300781
2023-07-03,284.035888671875
2023-07-05,292.3280029296875
2023-07-06,289.9645080566406
2023-07-07,288.5146484375
2023-07-10,292.0599060058594
2023-07-11,296.2208557128906
2023-07-12,307.19415283203125
2023-07-13,311.23590087890625
2023-07-14,306.7274475097656
2023-07-17,308.46527099609375
2023-07-18,309.8853454589844
2023-07-19,313.8179016113281
2023-07-20,300.4214782714844
2023-07-21,292.21875
2023-07-24,289.58709716796875
2023-07-25,292.42730712890625
2023-07-26,296.49884033203125
2023-07-27,309.5477294921875
2023-07-28,323.2221984863281
2023-07-31,316.38995361328125
2023-08-01,320.47137451171875
2023-08-02,312.129638671875
2023-08-03,311.01739501953125
2023-08-04,308.57452392578125
2023-08-07,314.36407470703125
2023-08-08,310.4712219238281
2023-08-09,303.0927734375
2023-08-10,303.6191101074219
2023-08-11,299.54754638671875
2023-08-14,304.0660095214844
2023-08-15,299.85540771484375
2023-08-16,292.2485656738281
2023-08-17,283.1123962402344
2023-08-18,281.2851257324219
2023-08-21,287.8890075683594
2023-08-22,285.6049499511719
2023-08-23,292.19891357421875
2023-08-24,284.7608642578125
2023-08-25,283.51953125
2023-08-28,288.24652099609375
2023-08-29,295.9228515625
2023-08-30,293.052978515625
2023-08-31,293.83746337890625
2023-09-01,294.3240661621094
2023-09-05,298.0679016113281
2023-09-06,297.0946960449219
2023-09-07,296.59820556640625
2023-09-08,295.82354736328125
2023-09-11,305.42645263671875
2023-09-12,299.5674743652344
2023-09-13,302.94384765625
2023-09-14,309.5576477050781
2023-09-15,298.2267761230469
2023-09-18,300.45123291015625
2023-09-19,302.95379638671875
2023-09-20,297.59124755859375
2023-09-21,293.6785583496094
2023-09-22,297.0053405761719
2023-09-25,298.7431945800781
2023-09-26,296.88616943359375
2023-09-27,295.67462158203125
2023-09-28,301.8514709472656
2023-09-29,298.12750244140625
2023-10-02,304.6916198730469
2023-10-03,298.8524169921875
2023-10-04,303.460205078125
2023-10-05,302.6756896972656
2023-10-06,313.2419128417969
2023-10-09,316.15155029296875
2023-10-10,319.6074523925781
2023-10-11,325.54595947265625
2023-10-12,321.9113464355469
2023-10-13,312.50701904296875
2023-10-16,318.9222412109375
2023-10-17,321.7524719238281
2023-10-18,314.7712097167969
2023-10-19,310.6401062011719
2023-10-20,306.5089111328125
2023-10-23,311.8317565917969
2023-10-24,310.3818664550781
2023-10-25,297.45220947265625
2023-10-26,286.34979248046875
2023-10-27,294.671630859375
2023-10-30,300.56048583984375
2023-10-31,299.18011474609375
2023-11-01,309.686767578125
2023-11-02,308.7135009765625
2023-11-03,312.4176940917969
2023-11-06,313.6093444824219
2023-11-07,316.6083679199219
2023-11-08,317.56170654296875
2023-11-09,318.326416015625
2023-11-10,326.4893798828125
2023-11-13,326.9064636230469
2023-11-14,333.9770202636719
2023-11-15,330.40203857421875
2023-11-16,331.87176513671875
2023-11-17,332.7158508300781
2023-11-20,337.6116943359375
2023-11-21,334.6424560546875
2023-11-22,339.1211242675781
2023-11-24,335.8837585449219
2023-11-27,332.37823486328125
2023-11-28,336.638427734375
2023-11-29,329.89556884765625
2023-11-30,324.880615234375
2023-12-01,322.5667724609375
2023-12-04,317.8000793457031
2023-12-05,316.0820617675781
2023-12-06,315.2479248046875
2023-12-07,324.3244934082031
2023-12-08,330.4417419433594
2023-12-11,323.02362060546875
2023-12-12,331.90155029296875
2023-12-13,332.4179382324219
2023-12-14,330.8588562011719
2023-12-15,332.59674072265625
2023-12-18,342.2294006347656
2023-12-19,347.9295959472656
2023-12-20,346.85711669921875
2023-12-21,351.6336975097656
2023-12-22,350.9385986328125
2023-12-26,352.3685607910156
2023-12-27,355.3477783203125
2023-12-28,355.8343505859375
2023-12-29,351.504638671875
2024-01-02,343.8878479003906
2024-01-03,342.0804748535156
2024-01-04,344.7120361328125
2024-01-05,349.5085754394531
2024-01-08,356.1719970703125
2024-01-09,354.9505615234375
2024-01-10,367.9000854492187
2024-01-11,367.1056518554687
2024-01-12,371.8922119140625
2024-01-16,364.9109802246094
2024-01-17,365.8146362304687
2024-01-18,373.5208435058594
2024-01-19,380.7900695800781
2024-01-22,379.1316223144531
2024-01-23,382.5279235839844
2024-01-24,387.9897766113281
2024-01-25,390.4525451660156
2024-01-26,391.4058837890625
2024-01-29,398.2381591796875
2024-01-30,397.2847900390625
2024-01-31,387.4336853027344
2024-02-01,392.0414733886719
2024-02-02,471.6950378417969
2024-02-05,456.2231750488281
2024-02-06,451.5656433105469
2024-02-07,466.3324890136719
2024-02-08,466.7396545410156
2024-02-09,464.8627624511719
2024-02-12,465.6472473144531
2024-02-13,456.92816162109375
2024-02-14,469.9969177246094
2024-02-15,480.67230224609375
2024-02-16,470.03662109375
2024-02-20,468.4775390625
2024-02-21,465.2764587402344
2024-02-22,483.27001953125
2024-02-23,481.1823425292969
2024-02-26,478.9057922363281
2024-02-27,484.1846008300781
2024-02-28,481.1723937988281
2024-02-29,487.2464904785156
2024-03-01,499.3448486328125
2024-03-04,495.259033203125
2024-03-05,487.3359069824219
2024-03-06,493.17138671875
2024-03-07,509.1766662597656
2024-03-08,502.9734191894531
2024-03-11,480.7449340820313
2024-03-12,496.8098754882813
2024-03-13,492.6544494628906
2024-03-14,488.9364013671875
2024-03-15,481.251953125
2024-03-18,494.05615234375
2024-03-19,493.3204956054687
2024-03-20,502.5458984375
2024-03-21,504.7727355957031
2024-03-22,506.58203125
2024-03-25,500.0606384277344
2024-03-26,492.97259521484375
2024-03-27,490.9544677734375
2024-03-28,482.7232360839844
2024-04-01,488.4592590332031
2024-04-02,494.4438781738281
2024-04-03,503.7587585449219
2024-04-04,507.9141540527344
2024-04-05,524.2374877929688
2024-04-08,516.1951293945312
2024-04-09,513.8590087890625
2024-04-10,516.7716674804688
2024-04-11,520.08203125
2024-04-12,508.8883972167969
2024-04-15,497.28704833984375
2024-04-16,496.81982421875
2024-04-17,491.2626647949219
2024-04-18,498.8477783203125
2024-04-19,478.2397766113281
2024-04-22,478.89593505859375
2024-04-23,493.1813354492187
2024-04-24,490.5966491699219
2024-04-25,438.7832946777344
2024-04-26,440.6820373535156
2024-04-29,430.07476806640625
2024-04-30,427.63922119140625
2024-05-01,436.606201171875
2024-05-02,439.08148193359375
2024-05-03,449.3009948730469
2024-05-06,462.9402465820313
2024-05-07,465.48529052734375
2024-05-08,469.819580078125
2024-05-09,472.62298583984375
2024-05-10,473.3984375
2024-05-13,465.2566223144531
2024-05-14,469.0740051269531
2024-05-15,478.70703125
2024-05-16,470.4458923339844
2024-05-17,469.1336669921875
2024-05-20,466.0817260742187
2024-05-21,461.896484375
2024-05-22,465.0279541015625
2024-05-23,463.0397033691406
2024-05-24,475.4065551757813
2024-05-28,477.0965576171875
2024-05-29,471.5692138671875
2024-05-30,464.3022155761719
2024-05-31,464.08349609375
2024-06-03,474.6808471679687
2024-06-04,474.1837463378906
2024-06-05,492.1474609375
2024-06-06,490.8551330566406
2024-06-07,490.0598449707031
2024-06-10,499.6431579589844
2024-06-11,504.48443603515625
2024-06-12,505.8463745117187
2024-06-13,501.13427734375
2024-06-14,501.6914978027344
2024-06-17,504.1494445800781
2024-06-18,497.0444030761719
2024-06-20,499.24359130859375
2024-06-21,492.35748291015625
2024-06-24,496.46722412109375
2024-06-25,508.1000671386719
2024-06-26,510.6076354980469
2024-06-27,517.0161743164062
2024-06-28,501.7512817382813
2024-07-01,502.2089538574219
2024-07-02,507.0054016113281
2024-07-03,507.4631652832031
2024-07-05,537.2665405273438
2024-07-08,526.7283325195312
2024-07-09,527.405029296875
2024-07-10,532.072021484375
2024-07-11,510.1897277832031
2024-07-12,496.4273986816406
2024-07-15,493.7306823730469
2024-07-16,487.3919372558594
2024-07-17,459.7279968261719
2024-07-18,473.5201721191406
2024-07-19,474.45556640625
2024-07-22,485.01361083984375
2024-07-23,486.29730224609375
2024-07-24,459.0115356445313
2024-07-25,451.1900329589844
2024-07-26,463.4198913574219
2024-07-29,463.4297790527344
2024-07-30,460.9221496582031
2024-07-31,472.505126953125
2024-08-01,495.302978515625
2024-08-02,485.75
2024-08-05,473.4007263183594
2024-08-06,491.67083740234375
2024-08-07,486.5261840820313
2024-08-08,507.134765625
2024-08-09,515.2348022460938
2024-08-12,513.4237670898438
2024-08-13,525.9521484375
2024-08-14,524.1808471679688
2024-08-15,534.6991577148438
2024-08-16,524.8375854492188
2024-08-19,526.6886596679688
2024-08-20,524.1510620117188
2024-08-21,532.5397338867188
2024-08-22,529.3255615234375
2024-08-23,525.4148559570312
2024-08-26,518.5684814453125
2024-08-27,516.558349609375
2024-08-28,514.2498168945312
2024-08-29,515.6826782226562
2024-08-30,518.757568359375
2024-09-03,509.25433349609375
2024-09-04,510.22955322265625
2024-09-05,514.329345703125
2024-09-06,497.820556640625
2024-09-09,502.3184814453125
2024-09-10,502.3184814453125
2024-09-11,509.3240356445313
2024-09-12,523.0265502929688
2024-09-13,522.0513916015625
2024-09-16,531.1752319335938
2024-09-17,534.2032470703125
2024-09-18,535.8268432617188
2024-09-19,556.8933715820312
2024-09-20,559.1344604492188
2024-09-23,562.1823120117188
2024-09-24,561.1066284179688
2024-09-25,566.06689453125
2024-09-26,565.5987548828125
2024-09-27,565.1207275390625
2024-09-30,570.1806640625
2024-10-01,574.1947631835938
2024-10-02,570.5492553710938
2024-10-03,580.4699096679688
2024-10-04,593.587890625
2024-10-07,582.4719848632812
2024-10-08,590.5499267578125
2024-10-09,588.1793823242188
2024-10-10,581.5256958007812
2024-10-11,587.6215209960938
2024-10-14,588.0896606445312
2024-10-15,583.9559936523438
2024-10-16,574.5134887695312
2024-10-17,574.6529541015625
2024-10-18,574.1947631835938
2024-10-21,572.8899536132812
2024-10-22,579.712890625
2024-10-23,561.4652099609375
2024-10-24,565.5390625
2024-10-25,570.9874267578125
2024-10-28,575.8780517578125
2024-10-29,590.9384155273438
2024-10-30,589.4642944335938
2024-10-31,565.33984375
2024-11-01,564.9214477539062
2024-11-04,558.4671020507812
2024-11-05,570.170654296875
2024-11-06,569.7921752929688
2024-11-07,589.3646850585938
2024-11-08,587.0139770507812
2024-11-11,580.8682861328125
2024-11-12,582.5118408203125
2024-11-13,577.7108154296875
2024-11-14,574.882080078125
2024-11-15,551.8931884765625
2024-11-18,552.2119140625
2024-11-19,558.87548828125
2024-11-20,563.2879638671875
2024-11-21,560.8676147460938
2024-11-22,556.93310546875
2024-11-25,562.8795776367188
2024-11-26,571.2762451171875
2024-11-27,566.953369140625
2024-11-29,572.0532836914062
2024-12-02,590.4901733398438
2024-12-03,611.22802734375
2024-12-04,611.3574829101562
2024-12-05,606.5266723632812
2024-12-06,621.3080444335938
2024-12-09,611.1483154296875
2024-12-10,616.8756103515625
2024-12-11,630.182861328125
2024-12-12,628.3003540039062
2024-12-13,617.9015502929688
2024-12-16,622.2777709960938
2024-12-17,617.4928588867188
2024-12-18,595.3128051757812
2024-12-19,593.6978759765625
2024-12-20,583.4103393554688
2024-12-23,597.9644165039062
2024-12-24,605.8395385742188
2024-12-26,601.453369140625
2024-12-27,597.924560546875
2024-12-30,589.3814086914062
2024-12-31,583.6694946289062
2025-01-02,597.3562622070312
2025-01-03,602.7293701171875
2025-01-06,628.218994140625
2025-01-07,615.94775390625
2025-01-08,608.8002319335938
2025-01-10,613.924072265625
2025-01-13,606.4177856445312
2025-01-14,592.3820190429688
2025-01-15,615.18017578125
2025-01-16,609.3783569335938
2025-01-17,610.8438110351562
2025-01-21,614.522216796875
2025-01-22,621.5401000976562
2025-01-23,634.4493408203125
2025-01-24,645.4546508789062
2025-01-27,657.8057250976562
2025-01-28,672.2103271484375
2025-01-29,674.363525390625
2025-01-30,684.8405151367188
2025-01-31,687.0136108398438
2025-02-03,695.2676391601562
2025-02-04,701.9764404296875
2025-02-05,702.654296875
2025-02-06,709.7518920898438
2025-02-07,712.2740478515625
2025-02-10,715.1449584960938
2025-02-11,717.5372924804688
2025-02-12,723.099853515625
2025-02-13,726.2698364257812
2025-02-14,734.3543090820312
2025-02-18,714.1181030273438
2025-02-19,701.5578002929688
2025-02-20,692.6558227539062
2025-02-21,681.4013061523438
2025-02-24,666.02978515625
2025-02-25,655.4332275390625
2025-02-26,671.582275390625
2025-02-27,656.1708374023438
2025-02-28,666.0995483398438
2025-03-03,652.9909057617188
2025-03-04,637.9882202148438
2025-03-05,654.4064331054688
2025-03-06,625.9561767578125
2025-03-07,623.6932373046875
2025-03-10,596.1102294921875
2025-03-11,603.8060302734375
2025-03-12,617.6124267578125
2025-03-13,588.7833862304688
2025-03-14,606.2288818359375
2025-03-17,603.5350341796875
2025-03-18,581.0458984375
2025-03-19,582.7420654296875
2025-03-20,584.6776123046875
2025-03-21,594.9044799804688
2025-03-24,617.4534912109375
2025-03-25,624.896728515625
2025-03-26,609.6012573242188
2025-03-27,601.2203369140625
2025-03-28,575.4385986328125
2025-03-31,575.0594482421875
2025-04-01,584.6776123046875
2025-04-02,582.6123046875
2025-04-03,530.4203491210938
2025-04-04,503.591064453125
2025-04-07,515.0850219726562
2025-04-08,509.2981567382813
2025-04-09,584.4481811523438
2025-04-10,545.0572509765625
2025-04-11,542.3433837890625
2025-04-14,530.2807006835938
2025-04-15,520.3432006835938
2025-04-16,501.176513671875
2025-04-17,500.348388671875
2025-04-21,483.56634521484375
2025-04-22,499.151123046875
2025-04-23,519.0960693359375
2025-04-24,531.947021484375
2025-04-25,546.0350952148438
2025-04-28,548.49951171875
2025-04-29,553.1889038085938
2025-04-30,547.7611694335938
2025-05-01,570.9188232421875
2025-05-02,595.6728515625
2025-05-05,597.917724609375
2025-05-06,585.9846801757812
2025-05-07,595.4632568359375
2025-05-08,596.6605834960938
2025-05-09,591.1530151367188
2025-05-12,637.9871215820312
2025-05-13,654.5496826171875
2025-05-14,657.8721313476562
2025-05-15,642.4270629882812
2025-05-16,638.89501953125
2025-05-19,638.9848022460938
2025-05-20,635.662353515625
2025-05-21,634.06591796875
2025-05-22,635.1336059570312
2025-05-23,625.64501953125
2025-05-27,640.8705444335938
2025-05-28,642.1277465820312
2025-05-29,643.5944213867188
2025-05-30,646.0288696289062
2025-06-02,669.3861083984375
2025-06-03,665.34521484375
2025-06-04,686.3976440429688
2025-06-05,683.0750732421875
2025-06-06,696.1355590820312
2025-06-09,692.4937744140625
2025-06-10,700.8150024414062
2025-06-11,692.5736083984375
2025-06-12,691.79541015625
2025-06-13,681.3291015625
2025-06-16,701.0746459960938
2025-06-17,696.19189453125
2025-06-18,694.7340698242188
2025-06-20,681.3341064453125
2025-06-23,697.4900512695312
2025-06-24,711.1396484375
2025-06-25,707.6248779296875
2025-06-26,725.009033203125
2025-06-27,732.5377197265625
2025-06-30,736.9910888671875
2025-07-01,718.149169921875
2025-07-02,712.5076293945312
2025-07-03,717.9395141601562
2025-07-07,717.2804565429688
2025-07-08,719.5970458984375
2025-07-09,731.6890258789062
2025-07-10,726.1572265625
2025-07-11,716.4417114257812
2025-07-14,719.8466796875
2025-07-15,709.3323364257812
2025-07-16,701.8634643554688
2025-07-17,700.3656616210938
2025-07-18,703.2314453125
2025-07-21,711.9085083007812
2025-07-22,703.7606811523438
2025-07-23,712.5176391601562
2025-07-24,713.7357177734375
2025-07-25,711.6189575195312
2025-07-28,716.5615844726562
2025-07-29,698.9578247070312
2025-07-30,694.1749877929688
2025-07-31,772.2884521484375
2025-08-01,748.8933715820312
2025-08-04,775.2140502929688
2025-08-05,762.3233642578125
2025-08-06,770.8406372070312
2025-08-07,760.6957397460938
2025-08-08,768.1546630859375
2025-08-11,764.7296752929688
2025-08-12,788.8237915039062
2025-08-13,778.9186401367188
2025-08-14,780.9655151367188
2025-08-15,784.0609130859375
2025-08-18,766.2274780273438
2025-08-19,750.3611450195312
2025-08-20,746.6067504882812
2025-08-21,737.9995727539062
2025-08-22,753.6661987304688
2025-08-25,752.1784057617188
2025-08-26,752.9772338867188
2025-08-27,746.2672729492188
2025-08-28,749.99169921875
2025-08-29,737.6001586914062
2025-09-02,734.0155029296875
2025-09-03,735.95263671875
2025-09-04,747.535400390625
2025-09-05,751.3297729492188
2025-09-08,751.179931640625
2025-09-09,764.5599975585938
2025-09-10,750.8604125976562
2025-09-11,749.7820434570312
2025-09-12,754.465087890625
2025-09-15,763.5614624023438
2025-09-16,777.8401489257812
2025-09-17,774.5650634765625
2025-09-18,779.0883178710938
2025-09-19,777.2210693359375
2025-09-22,764.5364379882812
2025-09-23,754.784423828125
2025-09-24,760.0401000976562
2025-09-25,748.2996826171875
2025-09-26,743.1439208984375
2025-09-29,742.794189453125
2025-09-30,733.7815551757812
2025-10-01,716.7554321289062
2025-10-02,726.45751953125
2025-10-03,709.98095703125
2025-10-06,715.0767822265625
2025-10-07,712.4989013671875
2025-10-08,717.2550659179688
2025-10-09,732.9122314453125
2025-10-10,704.7252197265625
2025-10-13,715.1167602539062
2025-10-14,708.072509765625
2025-10-15,716.9652709960938
2025-10-16,711.48974609375
2025-10-17,716.3357543945312
2025-10-20,731.5733032226562
2025-10-21,732.6724853515625
2025-10-22,732.8123168945312
2025-10-23,733.40185546875
2025-10-24,737.75830078125
2025-10-27,750.2081298828125
2025-10-28,750.82763671875
2025-10-29,751.0574340820312
2025-10-30,665.9268798828125
2025-10-31,647.8216552734375
2025-11-03,637.1903686523438
2025-11-04,626.8087768554688
2025-11-05,635.4317626953125
2025-11-06,618.4356079101562
2025-11-07,621.203369140625
2025-11-10,631.2451782226562
2025-11-11,626.5690307617188
2025-11-12,608.5137329101562
2025-11-13,609.3930053710938
2025-11-14,608.96337890625
2025-11-17,601.5194091796875
2025-11-18,597.2029418945312
2025-11-19,589.8389282226562
2025-11-20,588.669921875
2025-11-21,593.7657470703125
2025-11-24,612.5504150390625
2025-11-25,635.7014770507812
2025-11-26,633.0936279296875
2025-11-28,647.4219970703125
2025-12-01,640.3477172851562
2025-12-02,646.5726318359375
2025-12-03,639.0787353515625
2025-12-04,660.990966796875
2025-12-05,672.8712158203125
2025-12-08,666.256591796875
2025-12-09,656.4246826171875
2025-12-10,649.6002197265625
2025-12-11,652.1781005859375
2025-12-12,643.7050170898438
2025-12-15,647.510009765625
2025-12-16,657.1500244140625
2025-12-17,649.5
2025-12-18,664.4500122070312
2025-12-19,658.77001953125
2025-12-22,661.5
2025-12-23,664.9400024414062
2025-12-24,667.5499877929688
2025-12-26,663.2899780273438
2025-12-29,658.6900024414062
2025-12-30,665.9500122070312
2025-12-31,660.0900268554688
2026-01-02,650.4099731445312
2026-01-05,658.7899780273438
2026-01-06,660.6199951171875
2026-01-07,648.6900024414062
2026-01-08,646.0599975585938
2026-01-09,653.0599975585938
2026-01-12,641.969970703125
2026-01-13,631.0900268554688
2026-01-14,615.52001953125
2026-01-15,620.7999877929688
2026-01-16,620.25
2026-01-20,604.1199951171875
2026-01-21,612.9600219726562
2026-01-22,647.6300048828125
2026-01-23,658.760009765625
2026-01-26,672.3599853515625
2026-01-27,672.969970703125
2026-01-28,668.72998046875
2026-01-29,738.3099975585938
2026-01-30,716.5
2026-02-02,706.4099731445312
2026-02-03,691.7000122070312
2026-02-04,668.989990234375
2026-02-05,670.2100219726562
2026-02-06,661.4600219726562
2026-02-09,677.219970703125
2026-02-10,670.719970703125
2026-02-11,668.6900024414062
2026-02-12,649.8099975585938
2026-02-13,639.77001953125
