date,news_sentiment_mean,news_sentiment_std,news_count,volume_ratio,source,news_positive_total,news_negative_total,news_pos_ratio,news_intensity
2016-02-01,0.6676,0.1224,0,1.4256,price_proxy,,,,
2016-02-02,0.6857,0.1225,0,1.0692,price_proxy,,,,
2016-02-03,0.5368,0.1257,0,1.1948,price_proxy,,,,
2016-02-04,0.5084,0.1214,0,0.8806,price_proxy,,,,
2016-02-05,0.5442,0.122,0,0.7216,price_proxy,,,,
2016-02-11,0.4072,0.1307,0,1.1587,price_proxy,,,,
2016-02-12,0.3055,0.1392,0,1.3278,price_proxy,,,,
2016-02-15,0.4511,0.1348,0,0.9027,price_proxy,,,,
2016-02-16,0.4476,0.1326,0,0.5401,price_proxy,,,,
2016-02-17,0.3888,0.1312,0,0.6557,price_proxy,,,,
2016-02-18,0.5259,0.1323,0,0.7775,price_proxy,,,,
2016-02-19,0.6111,0.1327,0,0.3782,price_proxy,,,,
2016-02-22,0.5305,0.1257,0,0.5219,price_proxy,,,,
2016-02-23,0.5323,0.1257,0,0.8289,price_proxy,,,,
2016-02-24,0.5632,0.1153,0,0.4105,price_proxy,,,,
2016-02-25,0.5342,0.1153,0,0.7544,price_proxy,,,,
2016-02-26,0.5602,0.1152,0,0.8315,price_proxy,,,,
2016-02-29,0.601,0.1123,0,1.6981,price_proxy,,,,
2016-03-02,0.661,0.1169,0,1.9823,price_proxy,,,,
2016-03-03,0.6459,0.1172,0,0.9919,price_proxy,,,,
2016-03-04,0.6616,0.1163,0,0.6157,price_proxy,,,,
2016-03-07,0.7002,0.1183,0,1.6721,price_proxy,,,,
2016-03-08,0.6063,0.1132,0,1.0034,price_proxy,,,,
2016-03-09,0.5,0.1136,0,0.5249,price_proxy,,,,
2016-03-10,0.5394,0.1132,0,0.622,price_proxy,,,,
2016-03-11,0.4806,0.1004,0,0.7732,price_proxy,,,,
2016-03-14,0.4052,0.0856,0,0.9758,price_proxy,,,,
2016-03-15,0.3971,0.0848,0,1.5372,price_proxy,,,,
2016-03-16,0.4471,0.0853,0,0.9242,price_proxy,,,,
2016-03-17,0.5,0.0925,0,2.2709,price_proxy,,,,
2016-03-18,0.5196,0.0915,0,1.1331,price_proxy,,,,
2016-03-21,0.5199,0.0931,0,0.9625,price_proxy,,,,
2016-03-22,0.5676,0.0935,0,1.2337,price_proxy,,,,
2016-03-23,0.5242,0.0934,0,0.6088,price_proxy,,,,
2016-03-24,0.4053,0.0963,0,0.9891,price_proxy,,,,
2016-03-25,0.4146,0.0962,0,0.4866,price_proxy,,,,
2016-03-28,0.4369,0.0962,0,0.5335,price_proxy,,,,
2016-03-29,0.5,0.0982,0,0.853,price_proxy,,,,
2016-03-30,0.5199,0.087,0,0.9925,price_proxy,,,,
2016-03-31,0.5142,0.0899,0,1.6248,price_proxy,,,,
2016-04-01,0.4777,0.0898,0,1.3697,price_proxy,,,,
2016-04-04,0.4797,0.0847,0,0.6137,price_proxy,,,,
2016-04-05,0.4168,0.0818,0,0.6813,price_proxy,,,,
2016-04-06,0.3897,0.0818,0,0.6577,price_proxy,,,,
2016-04-07,0.4376,0.0797,0,0.7132,price_proxy,,,,
2016-04-08,0.459,0.0789,0,0.6772,price_proxy,,,,
2016-04-11,0.4219,0.0803,0,1.107,price_proxy,,,,
2016-04-12,0.4566,0.0772,0,0.7996,price_proxy,,,,
2016-04-14,0.5563,0.0877,0,2.399,price_proxy,,,,
2016-04-15,0.5374,0.0739,0,0.8538,price_proxy,,,,
2016-04-18,0.5461,0.0738,0,0.6385,price_proxy,,,,
2016-04-19,0.639,0.0774,0,1.5827,price_proxy,,,,
2016-04-20,0.6225,0.0775,0,1.9834,price_proxy,,,,
2016-04-21,0.5892,0.0816,0,1.447,price_proxy,,,,
2016-04-22,0.6224,0.0788,0,1.0672,price_proxy,,,,
2016-04-25,0.6085,0.0799,0,0.8764,price_proxy,,,,
2016-04-26,0.53,0.0817,0,0.787,price_proxy,,,,
2016-04-27,0.5,0.0773,0,0.6338,price_proxy,,,,
2016-04-28,0.432,0.0777,0,1.3312,price_proxy,,,,
2016-04-29,0.4135,0.0742,0,0.715,price_proxy,,,,
2016-05-02,0.3913,0.0751,0,0.7461,price_proxy,,,,
2016-05-03,0.431,0.0753,0,0.4889,price_proxy,,,,
2016-05-04,0.4085,0.0787,0,1.0294,price_proxy,,,,
2016-05-09,0.3834,0.0818,0,1.0681,price_proxy,,,,
2016-05-10,0.3995,0.0823,0,0.4904,price_proxy,,,,
2016-05-11,0.4548,0.0824,0,0.6393,price_proxy,,,,
2016-05-12,0.4265,0.0797,0,0.3757,price_proxy,,,,
2016-05-13,0.475,0.0786,0,0.5129,price_proxy,,,,
2016-05-16,0.5384,0.0648,0,1.0808,price_proxy,,,,
2016-05-17,0.4937,0.0659,0,0.787,price_proxy,,,,
2016-05-18,0.4475,0.0675,0,1.1157,price_proxy,,,,
2016-05-19,0.4322,0.0623,0,1.0164,price_proxy,,,,
2016-05-20,0.4451,0.0634,0,0.7201,price_proxy,,,,
2016-05-23,0.4162,0.0544,0,0.6263,price_proxy,,,,
2016-05-24,0.4108,0.0526,0,0.8917,price_proxy,,,,
2016-05-25,0.4698,0.0573,0,0.8145,price_proxy,,,,
2016-05-26,0.4868,0.0565,0,0.6555,price_proxy,,,,
2016-05-27,0.4891,0.0589,0,0.7324,price_proxy,,,,
2016-05-30,0.4672,0.0603,0,1.0794,price_proxy,,,,
2016-05-31,0.5178,0.0618,0,1.2596,price_proxy,,,,
2016-06-01,0.4825,0.059,0,0.9055,price_proxy,,,,
2016-06-02,0.4934,0.058,0,0.7976,price_proxy,,,,
2016-06-03,0.4847,0.0556,0,0.8728,price_proxy,,,,
2016-06-07,0.6133,0.0717,0,2.0096,price_proxy,,,,
2016-06-08,0.6123,0.0717,0,1.3857,price_proxy,,,,
2016-06-09,0.637,0.0718,0,2.6948,price_proxy,,,,
2016-06-10,0.6484,0.0711,0,0.8511,price_proxy,,,,
2016-06-13,0.5704,0.0784,0,0.8912,price_proxy,,,,
2016-06-14,0.4537,0.0789,0,0.96,price_proxy,,,,
2016-06-15,0.427,0.0778,0,0.6568,price_proxy,,,,
2016-06-16,0.3842,0.0774,0,0.874,price_proxy,,,,
2016-06-17,0.3907,0.0758,0,0.704,price_proxy,,,,
2016-06-20,0.5043,0.0809,0,0.7928,price_proxy,,,,
2016-06-21,0.5172,0.0809,0,0.4716,price_proxy,,,,
2016-06-22,0.5779,0.0819,0,1.2228,price_proxy,,,,
2016-06-23,0.6164,0.081,0,0.9294,price_proxy,,,,
2016-06-24,0.4738,0.1054,0,3.0118,price_proxy,,,,
2016-06-27,0.377,0.1072,0,1.7605,price_proxy,,,,
2016-06-28,0.4018,0.106,0,0.7805,price_proxy,,,,
2016-06-29,0.3938,0.1078,0,0.7103,price_proxy,,,,
2016-06-30,0.3942,0.1078,0,0.681,price_proxy,,,,
2016-07-01,0.553,0.1092,0,0.827,price_proxy,,,,
2016-07-04,0.5859,0.1094,0,0.5783,price_proxy,,,,
2016-07-05,0.5786,0.0972,0,0.3779,price_proxy,,,,
2016-07-06,0.4956,0.0987,0,0.9507,price_proxy,,,,
2016-07-07,0.4978,0.0984,0,0.4018,price_proxy,,,,
2016-07-08,0.4462,0.0983,0,0.5944,price_proxy,,,,
2016-07-11,0.5108,0.0985,0,0.6967,price_proxy,,,,
2016-07-12,0.5086,0.0976,0,0.7929,price_proxy,,,,
2016-07-13,0.5992,0.1004,0,1.4656,price_proxy,,,,
2016-07-14,0.6009,0.0989,0,0.8829,price_proxy,,,,
2016-07-15,0.6372,0.099,0,1.5456,price_proxy,,,,
2016-07-18,0.5991,0.0951,0,0.5758,price_proxy,,,,
2016-07-19,0.571,0.0957,0,0.5747,price_proxy,,,,
2016-07-20,0.5798,0.0968,0,1.5897,price_proxy,,,,
2016-07-21,0.5877,0.0972,0,1.6794,price_proxy,,,,
2016-07-22,0.6014,0.0675,0,1.3012,price_proxy,,,,
2016-07-25,0.6253,0.0613,0,1.8363,price_proxy,,,,
2016-07-26,0.6703,0.0613,0,1.4592,price_proxy,,,,
2016-07-27,0.601,0.0612,0,1.5338,price_proxy,,,,
2016-07-28,0.53,0.0694,0,1.3223,price_proxy,,,,
2016-07-29,0.5493,0.0713,0,2.0211,price_proxy,,,,
2016-08-01,0.558,0.0724,0,1.6754,price_proxy,,,,
2016-08-02,0.4522,0.0895,0,1.5848,price_proxy,,,,
2016-08-03,0.4423,0.0866,0,1.0305,price_proxy,,,,
2016-08-04,0.5591,0.0919,0,1.0537,price_proxy,,,,
2016-08-05,0.5481,0.091,0,1.2422,price_proxy,,,,
2016-08-08,0.5,0.089,0,0.8262,price_proxy,,,,
2016-08-09,0.598,0.0889,0,0.7429,price_proxy,,,,
2016-08-10,0.6188,0.0873,0,0.9581,price_proxy,,,,
2016-08-11,0.5096,0.0911,0,0.7016,price_proxy,,,,
2016-08-12,0.4624,0.0916,0,1.5289,price_proxy,,,,
2016-08-16,0.4718,0.0914,0,0.7645,price_proxy,,,,
2016-08-17,0.4346,0.0921,0,0.8539,price_proxy,,,,
2016-08-18,0.4065,0.0898,0,0.8486,price_proxy,,,,
2016-08-19,0.4238,0.0901,0,0.4347,price_proxy,,,,
2016-08-22,0.4024,0.0902,0,0.6009,price_proxy,,,,
2016-08-23,0.4048,0.0877,0,0.297,price_proxy,,,,
2016-08-24,0.442,0.0871,0,0.3158,price_proxy,,,,
2016-08-25,0.4902,0.0879,0,0.5078,price_proxy,,,,
2016-08-26,0.4901,0.0848,0,0.4777,price_proxy,,,,
2016-08-29,0.5221,0.0801,0,0.7308,price_proxy,,,,
2016-08-30,0.53,0.076,0,0.4545,price_proxy,,,,
2016-08-31,0.51,0.0617,0,0.7366,price_proxy,,,,
2016-09-01,0.4901,0.0608,0,0.5503,price_proxy,,,,
2016-09-02,0.51,0.0471,0,0.6619,price_proxy,,,,
2016-09-05,0.5498,0.0474,0,1.0259,price_proxy,,,,
2016-09-06,0.5296,0.0474,0,0.5077,price_proxy,,,,
2016-09-07,0.5396,0.0469,0,1.034,price_proxy,,,,
2016-09-08,0.5396,0.0469,0,1.0418,price_proxy,,,,
2016-09-09,0.5396,0.043,0,0.9518,price_proxy,,,,
2016-09-12,0.4515,0.0496,0,1.2909,price_proxy,,,,
2016-09-13,0.4126,0.0524,0,1.4156,price_proxy,,,,
2016-09-19,0.432,0.0527,0,0.8295,price_proxy,,,,
2016-09-20,0.432,0.0508,0,0.7171,price_proxy,,,,
2016-09-21,0.4398,0.0501,0,0.5747,price_proxy,,,,
2016-09-22,0.5,0.0475,0,1.0168,price_proxy,,,,
2016-09-23,0.5406,0.0471,0,0.7595,price_proxy,,,,
2016-09-26,0.508,0.0473,0,0.6028,price_proxy,,,,
2016-09-27,0.5201,0.0464,0,0.5226,price_proxy,,,,
2016-09-28,0.492,0.0465,0,0.8872,price_proxy,,,,
2016-09-29,0.5,0.0478,0,0.931,price_proxy,,,,
2016-09-30,0.4841,0.0471,0,0.9833,price_proxy,,,,
2016-10-04,0.494,0.0469,0,0.769,price_proxy,,,,
2016-10-05,0.4582,0.0484,0,0.9467,price_proxy,,,,
2016-10-06,0.4698,0.0485,0,1.0189,price_proxy,,,,
2016-10-07,0.4741,0.0451,0,1.1227,price_proxy,,,,
2016-10-10,0.502,0.0459,0,0.8728,price_proxy,,,,
2016-10-11,0.5181,0.0468,0,0.7835,price_proxy,,,,
2016-10-12,0.5528,0.0472,0,1.0531,price_proxy,,,,
2016-10-13,0.5408,0.0481,0,1.3789,price_proxy,,,,
2016-10-14,0.5565,0.0461,0,1.221,price_proxy,,,,
2016-10-17,0.5441,0.04,0,1.2103,price_proxy,,,,
2016-10-18,0.5498,0.0399,0,1.2505,price_proxy,,,,
2016-10-19,0.5297,0.0405,0,1.3266,price_proxy,,,,
2016-10-20,0.58,0.0427,0,1.5554,price_proxy,,,,
2016-10-21,0.549,0.0426,0,1.6929,price_proxy,,,,
2016-10-24,0.5686,0.0433,0,0.9419,price_proxy,,,,
2016-10-25,0.5291,0.0442,0,0.8233,price_proxy,,,,
2016-10-26,0.5,0.0495,0,0.8753,price_proxy,,,,
2016-10-27,0.4712,0.048,0,0.6643,price_proxy,,,,
2016-10-28,0.4522,0.0474,0,0.5315,price_proxy,,,,
2016-10-31,0.4147,0.0479,0,0.6345,price_proxy,,,,
2016-11-01,0.4426,0.048,0,1.0508,price_proxy,,,,
2016-11-02,0.4337,0.0531,0,1.5918,price_proxy,,,,
2016-11-03,0.461,0.0547,0,0.9318,price_proxy,,,,
2016-11-04,0.4804,0.0536,0,0.7766,price_proxy,,,,
2016-11-07,0.5396,0.057,0,0.9269,price_proxy,,,,
2016-11-08,0.5493,0.0574,0,0.9245,price_proxy,,,,
2016-11-09,0.5283,0.0684,0,1.961,price_proxy,,,,
2016-11-10,0.5697,0.0768,0,2.178,price_proxy,,,,
2016-11-11,0.5396,0.075,0,1.2449,price_proxy,,,,
2016-11-14,0.5,0.075,0,0.949,price_proxy,,,,
2016-11-15,0.5,0.075,0,0.9554,price_proxy,,,,
2016-11-16,0.5697,0.0747,0,0.7387,price_proxy,,,,
2016-11-17,0.4615,0.076,0,0.7842,price_proxy,,,,
2016-11-18,0.4515,0.077,0,1.5818,price_proxy,,,,
2016-11-21,0.4146,0.078,0,1.0675,price_proxy,,,,
2016-11-22,0.3846,0.0777,0,1.2282,price_proxy,,,,
2016-11-23,0.4231,0.0794,0,1.2057,price_proxy,,,,
2016-11-24,0.4451,0.0797,0,0.5945,price_proxy,,,,
2016-11-25,0.4721,0.0796,0,0.4238,price_proxy,,,,
2016-11-28,0.5101,0.079,0,0.3969,price_proxy,,,,
2016-11-29,0.5347,0.0791,0,0.3682,price_proxy,,,,
2016-11-30,0.466,0.0765,0,0.7037,price_proxy,,,,
2016-12-01,0.4919,0.075,0,0.5765,price_proxy,,,,
2016-12-02,0.4879,0.0748,0,0.4279,price_proxy,,,,
2016-12-05,0.4435,0.0742,0,0.9972,price_proxy,,,,
2016-12-06,0.4478,0.0739,0,1.1237,price_proxy,,,,
2016-12-07,0.4532,0.0665,0,0.6235,price_proxy,,,,
2016-12-08,0.504,0.0642,0,1.2196,price_proxy,,,,
2016-12-09,0.5,0.0637,0,0.6702,price_proxy,,,,
2016-12-12,0.5644,0.0648,0,0.9281,price_proxy,,,,
2016-12-13,0.5556,0.0639,0,0.7697,price_proxy,,,,
2016-12-14,0.5729,0.0639,0,1.0434,price_proxy,,,,
2016-12-15,0.5606,0.0671,0,1.9907,price_proxy,,,,
2016-12-16,0.5305,0.0685,0,1.7913,price_proxy,,,,
2016-12-19,0.5221,0.0654,0,0.9573,price_proxy,,,,
2016-12-20,0.5341,0.0655,0,0.997,price_proxy,,,,
2016-12-21,0.5201,0.0632,0,1.0318,price_proxy,,,,
2016-12-22,0.4608,0.0628,0,1.1697,price_proxy,,,,
2016-12-23,0.496,0.0629,0,0.7535,price_proxy,,,,
2016-12-26,0.5,0.0632,0,1.0312,price_proxy,,,,
2016-12-27,0.4901,0.0631,0,2.6763,price_proxy,,,,
2016-12-28,0.4423,0.0715,0,1.7308,price_proxy,,,,
2016-12-29,0.43,0.0721,0,0.9442,price_proxy,,,,
2017-01-02,0.4379,0.0722,0,0.5804,price_proxy,,,,
2017-01-03,0.4363,0.0683,0,0.8836,price_proxy,,,,
2017-01-04,0.4703,0.0718,0,1.4256,price_proxy,,,,
2017-01-05,0.5492,0.0705,0,1.3907,price_proxy,,,,
2017-01-06,0.5829,0.0627,0,0.7482,price_proxy,,,,
2017-01-09,0.5786,0.0624,0,0.812,price_proxy,,,,
2017-01-10,0.5761,0.0619,0,0.8143,price_proxy,,,,
2017-01-11,0.6407,0.0841,0,3.6857,price_proxy,,,,
2017-01-12,0.62,0.0843,0,1.6631,price_proxy,,,,
2017-01-13,0.6493,0.0826,0,2.6337,price_proxy,,,,
2017-01-16,0.6592,0.0786,0,1.5395,price_proxy,,,,
2017-01-17,0.7475,0.0903,0,3.0517,price_proxy,,,,
2017-01-18,0.6127,0.0916,0,1.2349,price_proxy,,,,
2017-01-19,0.6132,0.0907,0,1.0902,price_proxy,,,,
2017-01-20,0.537,0.0935,0,0.9105,price_proxy,,,,
2017-01-23,0.5276,0.0933,0,0.5833,price_proxy,,,,
2017-01-24,0.4471,0.0933,0,0.5301,price_proxy,,,,
2017-01-25,0.4467,0.0945,0,0.7504,price_proxy,,,,
2017-01-26,0.5536,0.0965,0,2.0853,price_proxy,,,,
2017-01-31,0.5818,0.0951,0,0.9432,price_proxy,,,,
2017-02-01,0.5909,0.0949,0,0.7336,price_proxy,,,,
2017-02-02,0.5181,0.1037,0,1.0178,price_proxy,,,,
2017-02-03,0.5639,0.1025,0,0.5962,price_proxy,,,,
2017-02-06,0.5435,0.1084,0,1.5708,price_proxy,,,,
2017-02-07,0.5087,0.1128,0,0.6605,price_proxy,,,,
2017-02-08,0.4826,0.1138,0,0.6248,price_proxy,,,,
2017-02-09,0.5628,0.1138,0,0.5637,price_proxy,,,,
2017-02-10,0.5265,0.1011,0,0.4702,price_proxy,,,,
2017-02-13,0.466,0.1007,0,0.5315,price_proxy,,,,
2017-02-14,0.5174,0.0994,0,0.6191,price_proxy,,,,
2017-02-15,0.5439,0.0994,0,0.5391,price_proxy,,,,
2017-02-16,0.4913,0.0897,0,0.7134,price_proxy,,,,
2017-02-17,0.5,0.0891,0,0.6764,price_proxy,,,,
2017-02-20,0.4307,0.0936,0,1.3422,price_proxy,,,,
2017-02-21,0.5172,0.1049,0,1.9817,price_proxy,,,,
2017-02-22,0.5429,0.1058,0,1.1782,price_proxy,,,,
2017-02-23,0.5611,0.1066,0,0.8221,price_proxy,,,,
2017-02-24,0.5175,0.1091,0,0.8449,price_proxy,,,,
2017-02-27,0.5448,0.0965,0,0.5446,price_proxy,,,,
2017-02-28,0.4829,0.0982,0,0.6824,price_proxy,,,,
2017-03-02,0.4748,0.0989,0,1.3747,price_proxy,,,,
2017-03-03,0.4407,0.0972,0,1.0872,price_proxy,,,,
2017-03-06,0.4654,0.0968,0,0.9684,price_proxy,,,,
2017-03-07,0.5439,0.0913,0,0.7383,price_proxy,,,,
2017-03-08,0.4828,0.0894,0,0.4608,price_proxy,,,,
2017-03-09,0.483,0.0898,0,1.4434,price_proxy,,,,
2017-03-10,0.5786,0.092,0,1.2802,price_proxy,,,,
2017-03-13,0.6233,0.0924,0,1.5414,price_proxy,,,,
2017-03-14,0.5687,0.0922,0,1.0269,price_proxy,,,,
2017-03-15,0.6391,0.0943,0,1.156,price_proxy,,,,
2017-03-16,0.706,0.1041,0,1.9952,price_proxy,,,,
2017-03-17,0.6681,0.1011,0,0.9461,price_proxy,,,,
2017-03-20,0.6079,0.1035,0,0.6973,price_proxy,,,,
2017-03-21,0.6577,0.0989,0,1.2763,price_proxy,,,,
2017-03-22,0.5488,0.0956,0,1.2984,price_proxy,,,,
2017-03-23,0.4922,0.0954,0,0.8792,price_proxy,,,,
2017-03-24,0.5,0.0945,0,1.0005,price_proxy,,,,
2017-03-27,0.4685,0.0982,0,1.2317,price_proxy,,,,
2017-03-28,0.4308,0.0963,0,0.7191,price_proxy,,,,
2017-03-29,0.4921,0.0954,0,0.6718,price_proxy,,,,
2017-03-30,0.4297,0.0972,0,0.8564,price_proxy,,,,
2017-03-31,0.4457,0.0928,0,0.611,price_proxy,,,,
2017-04-03,0.5,0.0921,0,0.483,price_proxy,,,,
2017-04-04,0.4681,0.0905,0,0.4534,price_proxy,,,,
2017-04-05,0.4442,0.0904,0,1.041,price_proxy,,,,
2017-04-06,0.4919,0.0899,0,0.5592,price_proxy,,,,
2017-04-07,0.4283,0.0896,0,0.621,price_proxy,,,,
2017-04-10,0.404,0.0904,0,0.894,price_proxy,,,,
2017-04-11,0.4352,0.0906,0,0.8578,price_proxy,,,,
2017-04-12,0.4672,0.0877,0,0.6008,price_proxy,,,,
2017-04-13,0.5,0.0774,0,0.7888,price_proxy,,,,
2017-04-14,0.4835,0.0805,0,0.868,price_proxy,,,,
2017-04-17,0.5672,0.0847,0,0.6835,price_proxy,,,,
2017-04-18,0.5418,0.0802,0,0.6581,price_proxy,,,,
2017-04-19,0.4917,0.0766,0,1.3595,price_proxy,,,,
2017-04-20,0.4837,0.0782,0,1.2049,price_proxy,,,,
2017-04-21,0.5417,0.0778,0,0.7467,price_proxy,,,,
2017-04-24,0.5569,0.0794,0,1.7861,price_proxy,,,,
2017-04-25,0.6311,0.0843,0,2.7639,price_proxy,,,,
2017-04-26,0.7594,0.0928,0,2.6375,price_proxy,,,,
2017-04-27,0.7213,0.0901,0,1.0035,price_proxy,,,,
2017-04-28,0.6551,0.0947,0,1.0967,price_proxy,,,,
2017-05-02,0.6581,0.1,0,1.0151,price_proxy,,,,
2017-05-04,0.6077,0.0983,0,0.9054,price_proxy,,,,
2017-05-08,0.5667,0.0971,0,1.0626,price_proxy,,,,
2017-05-10,0.4852,0.1072,0,1.8099,price_proxy,,,,
2017-05-11,0.6061,0.1086,0,1.2318,price_proxy,,,,
2017-05-12,0.5513,0.1053,0,0.7857,price_proxy,,,,
2017-05-15,0.5292,0.1065,0,0.4178,price_proxy,,,,
2017-05-16,0.543,0.108,0,0.8688,price_proxy,,,,
2017-05-17,0.5818,0.1099,0,0.6977,price_proxy,,,,
2017-05-18,0.4856,0.107,0,1.0388,price_proxy,,,,
2017-05-19,0.5286,0.1078,0,0.7321,price_proxy,,,,
2017-05-22,0.536,0.1072,0,0.5703,price_proxy,,,,
2017-05-23,0.5,0.1025,0,0.7013,price_proxy,,,,
2017-05-24,0.5357,0.102,0,0.4467,price_proxy,,,,
2017-05-25,0.6304,0.1049,0,0.97,price_proxy,,,,
2017-05-26,0.5634,0.1023,0,0.7146,price_proxy,,,,
2017-05-29,0.5141,0.1061,0,1.2039,price_proxy,,,,
2017-05-30,0.5,0.0993,0,1.1595,price_proxy,,,,
2017-05-31,0.486,0.0999,0,0.7935,price_proxy,,,,
2017-06-01,0.3844,0.0984,0,1.2434,price_proxy,,,,
2017-06-02,0.4317,0.0945,0,1.0536,price_proxy,,,,
2017-06-05,0.4649,0.0954,0,0.7039,price_proxy,,,,
2017-06-07,0.514,0.0971,0,1.1286,price_proxy,,,,
2017-06-08,0.5353,0.0876,0,1.1065,price_proxy,,,,
2017-06-09,0.6588,0.0897,0,1.7637,price_proxy,,,,
2017-06-12,0.5707,0.093,0,1.1442,price_proxy,,,,
2017-06-13,0.5857,0.0927,0,1.036,price_proxy,,,,
2017-06-14,0.5209,0.0896,0,0.8397,price_proxy,,,,
2017-06-15,0.4722,0.0905,0,0.971,price_proxy,,,,
2017-06-16,0.413,0.089,0,0.6123,price_proxy,,,,
2017-06-19,0.4454,0.0839,0,0.5225,price_proxy,,,,
2017-06-20,0.4658,0.084,0,0.6391,price_proxy,,,,
2017-06-21,0.4241,0.089,0,0.6442,price_proxy,,,,
2017-06-22,0.5,0.0912,0,0.5283,price_proxy,,,,
2017-06-23,0.507,0.0851,0,0.8037,price_proxy,,,,
2017-06-26,0.5211,0.0852,0,0.5159,price_proxy,,,,
2017-06-27,0.5,0.08,0,0.6459,price_proxy,,,,
2017-06-28,0.5717,0.0803,0,0.8028,price_proxy,,,,
2017-06-29,0.6056,0.0873,0,1.9647,price_proxy,,,,
2017-06-30,0.5697,0.0838,0,0.93,price_proxy,,,,
2017-07-03,0.5278,0.084,0,0.7593,price_proxy,,,,
2017-07-04,0.507,0.0846,0,1.1961,price_proxy,,,,
2017-07-05,0.4931,0.0804,0,0.9613,price_proxy,,,,
2017-07-06,0.4064,0.0811,0,0.8981,price_proxy,,,,
2017-07-07,0.4125,0.0688,0,0.9422,price_proxy,,,,
2017-07-10,0.4384,0.0659,0,0.8618,price_proxy,,,,
2017-07-11,0.5417,0.0786,0,1.2782,price_proxy,,,,
2017-07-12,0.5139,0.0797,0,0.8641,price_proxy,,,,
2017-07-13,0.5702,0.0781,0,1.3274,price_proxy,,,,
2017-07-14,0.5704,0.0781,0,0.5685,price_proxy,,,,
2017-07-17,0.5777,0.0779,0,0.6614,price_proxy,,,,
2017-07-18,0.4592,0.081,0,1.0034,price_proxy,,,,
2017-07-19,0.5069,0.0752,0,0.7472,price_proxy,,,,
2017-07-20,0.5136,0.076,0,0.7932,price_proxy,,,,
2017-07-21,0.5204,0.0754,0,0.7912,price_proxy,,,,
2017-07-24,0.5204,0.0754,0,0.4736,price_proxy,,,,
2017-07-25,0.5625,0.0753,0,1.4015,price_proxy,,,,
2017-07-26,0.5687,0.0761,0,1.2112,price_proxy,,,,
2017-07-27,0.5067,0.0678,0,0.7186,price_proxy,,,,
2017-07-28,0.3788,0.0957,0,2.2696,price_proxy,,,,
2017-07-31,0.4057,0.096,0,1.1908,price_proxy,,,,
2017-08-01,0.4394,0.097,0,1.0113,price_proxy,,,,
2017-08-02,0.4203,0.0971,0,0.5139,price_proxy,,,,
2017-08-03,0.3322,0.1133,0,2.5259,price_proxy,,,,
2017-08-04,0.4498,0.1133,0,0.9941,price_proxy,,,,
2017-08-07,0.4223,0.1133,0,0.8039,price_proxy,,,,
2017-08-08,0.3889,0.104,0,0.5577,price_proxy,,,,
2017-08-09,0.3962,0.104,0,1.8698,price_proxy,,,,
2017-08-10,0.4707,0.1028,0,1.4376,price_proxy,,,,
2017-08-11,0.4485,0.1034,0,1.0904,price_proxy,,,,
2017-08-14,0.4706,0.1047,0,0.7595,price_proxy,,,,
2017-08-16,0.5,0.105,0,0.8454,price_proxy,,,,
2017-08-17,0.5073,0.1051,0,0.8728,price_proxy,,,,
2017-08-18,0.5743,0.1037,0,0.7319,price_proxy,,,,
2017-08-21,0.5755,0.1043,0,0.3794,price_proxy,,,,
2017-08-22,0.6194,0.1112,0,0.9197,price_proxy,,,,
2017-08-23,0.5515,0.1124,0,0.8098,price_proxy,,,,
2017-08-24,0.5436,0.1115,0,0.5707,price_proxy,,,,
2017-08-25,0.5143,0.1113,0,0.6576,price_proxy,,,,
2017-08-28,0.5218,0.0888,0,0.3617,price_proxy,,,,
2017-08-29,0.4648,0.0874,0,0.5619,price_proxy,,,,
2017-08-30,0.4785,0.0856,0,0.3761,price_proxy,,,,
2017-08-31,0.4644,0.0854,0,0.4406,price_proxy,,,,
2017-09-01,0.4359,0.0634,0,0.6835,price_proxy,,,,
2017-09-04,0.4281,0.0652,0,1.0998,price_proxy,,,,
2017-09-05,0.371,0.0706,0,1.31,price_proxy,,,,
2017-09-06,0.3551,0.0728,0,1.2388,price_proxy,,,,
2017-09-07,0.4493,0.0921,0,1.4593,price_proxy,,,,
2017-09-08,0.4853,0.0901,0,0.8089,price_proxy,,,,
2017-09-11,0.5075,0.0886,0,0.8573,price_proxy,,,,
2017-09-12,0.5536,0.0879,0,0.7266,price_proxy,,,,
2017-09-13,0.5859,0.0864,0,1.04,price_proxy,,,,
2017-09-14,0.5149,0.0872,0,0.9675,price_proxy,,,,
2017-09-15,0.5296,0.0865,0,1.1241,price_proxy,,,,
2017-09-18,0.6264,0.0971,0,2.6151,price_proxy,,,,
2017-09-19,0.6119,0.0916,0,1.0964,price_proxy,,,,
2017-09-20,0.6049,0.0899,0,0.8971,price_proxy,,,,
2017-09-21,0.5369,0.0916,0,0.7689,price_proxy,,,,
2017-09-22,0.4854,0.0927,0,1.2375,price_proxy,,,,
2017-09-25,0.3741,0.0933,0,0.5947,price_proxy,,,,
2017-09-26,0.394,0.0931,0,0.7938,price_proxy,,,,
2017-09-27,0.3932,0.0928,0,0.7148,price_proxy,,,,
2017-09-28,0.442,0.0933,0,0.8017,price_proxy,,,,
2017-09-29,0.5,0.0936,0,0.5214,price_proxy,,,,
2017-10-10,0.597,0.0982,0,1.7573,price_proxy,,,,
2017-10-11,0.5672,0.0949,0,1.4789,price_proxy,,,,
2017-10-12,0.7105,0.1097,0,3.2466,price_proxy,,,,
2017-10-13,0.7015,0.0983,0,1.7793,price_proxy,,,,
2017-10-16,0.6765,0.0983,0,1.1057,price_proxy,,,,
2017-10-17,0.6068,0.098,0,0.7346,price_proxy,,,,
2017-10-18,0.5794,0.1035,0,0.8847,price_proxy,,,,
2017-10-19,0.4524,0.1034,0,0.6835,price_proxy,,,,
2017-10-20,0.4525,0.1027,0,1.3734,price_proxy,,,,
2017-10-23,0.4392,0.1025,0,0.7788,price_proxy,,,,
2017-10-24,0.4189,0.0923,0,0.5802,price_proxy,,,,
2017-10-25,0.4792,0.0917,0,0.7022,price_proxy,,,,
2017-10-26,0.4652,0.0921,0,0.7708,price_proxy,,,,
2017-10-27,0.4861,0.0909,0,0.7717,price_proxy,,,,
2017-10-30,0.4373,0.0948,0,0.9378,price_proxy,,,,
2017-10-31,0.4789,0.0935,0,0.7886,price_proxy,,,,
2017-11-01,0.507,0.0949,0,1.4304,price_proxy,,,,
2017-11-02,0.4716,0.1,0,1.0731,price_proxy,,,,
2017-11-03,0.465,0.1003,0,0.482,price_proxy,,,,
2017-11-06,0.5144,0.0995,0,0.5855,price_proxy,,,,
2017-11-07,0.4858,0.0932,0,0.6766,price_proxy,,,,
2017-11-08,0.458,0.0919,0,0.5743,price_proxy,,,,
2017-11-09,0.5,0.0623,0,0.9454,price_proxy,,,,
2017-11-10,0.4715,0.0619,0,0.5826,price_proxy,,,,
2017-11-13,0.5357,0.0704,0,1.1222,price_proxy,,,,
2017-11-14,0.5287,0.0706,0,0.8494,price_proxy,,,,
2017-11-15,0.5643,0.069,0,1.419,price_proxy,,,,
2017-11-16,0.5935,0.0692,0,0.9775,price_proxy,,,,
2017-11-17,0.5794,0.0701,0,1.3206,price_proxy,,,,
2017-11-20,0.486,0.0724,0,0.8731,price_proxy,,,,
2017-11-21,0.4788,0.0725,0,0.9665,price_proxy,,,,
2017-11-22,0.5138,0.0839,0,2.0395,price_proxy,,,,
2017-11-23,0.5137,0.083,0,0.8524,price_proxy,,,,
2017-11-24,0.5347,0.0819,0,0.7198,price_proxy,,,,
2017-11-27,0.5141,0.0817,0,1.4441,price_proxy,,,,
2017-11-28,0.5,0.0833,0,1.1905,price_proxy,,,,
2017-11-29,0.4244,0.0809,0,0.8515,price_proxy,,,,
2017-11-30,0.3567,0.0811,0,1.7805,price_proxy,,,,
2017-12-01,0.3635,0.0803,0,0.5742,price_proxy,,,,
2017-12-04,0.4298,0.0807,0,0.7269,price_proxy,,,,
2017-12-05,0.5,0.0831,0,0.8152,price_proxy,,,,
2017-12-06,0.4786,0.0838,0,0.748,price_proxy,,,,
2017-12-07,0.5221,0.0838,0,0.6768,price_proxy,,,,
2017-12-08,0.5073,0.0838,0,0.4602,price_proxy,,,,
2017-12-11,0.5218,0.0792,0,0.3564,price_proxy,,,,
2017-12-12,0.4714,0.0792,0,0.5172,price_proxy,,,,
2017-12-13,0.5217,0.0772,0,0.6568,price_proxy,,,,
2017-12-14,0.5582,0.0778,0,1.5348,price_proxy,,,,
2017-12-15,0.5803,0.0776,0,0.8746,price_proxy,,,,
2017-12-18,0.5,0.0798,0,1.1759,price_proxy,,,,
2017-12-19,0.5507,0.0814,0,1.245,price_proxy,,,,
2017-12-20,0.5,0.0697,0,0.6603,price_proxy,,,,
2017-12-21,0.4647,0.0692,0,0.853,price_proxy,,,,
2017-12-22,0.4649,0.07,0,0.7951,price_proxy,,,,
2017-12-26,0.5504,0.0671,0,2.2392,price_proxy,,,,
2017-12-27,0.4576,0.0712,0,1.4996,price_proxy,,,,
2017-12-28,0.4857,0.0713,0,0.9264,price_proxy,,,,
2018-01-02,0.5144,0.0642,0,0.6972,price_proxy,,,,
2018-01-03,0.4929,0.0644,0,0.8159,price_proxy,,,,
2018-01-04,0.4579,0.064,0,0.7437,price_proxy,,,,
2018-01-05,0.5794,0.07,0,1.8262,price_proxy,,,,
2018-01-08,0.6942,0.0914,0,3.3317,price_proxy,,,,
2018-01-09,0.6714,0.0909,0,1.6483,price_proxy,,,,
2018-01-10,0.6864,0.0904,0,1.174,price_proxy,,,,
2018-01-11,0.6577,0.0919,0,1.0647,price_proxy,,,,
2018-01-12,0.7222,0.11,0,2.5997,price_proxy,,,,
2018-01-15,0.5852,0.1107,0,1.5574,price_proxy,,,,
2018-01-16,0.5855,0.1111,0,1.1113,price_proxy,,,,
2018-01-17,0.5721,0.1115,0,0.7638,price_proxy,,,,
2018-01-18,0.6063,0.1064,0,1.3287,price_proxy,,,,
2018-01-19,0.4625,0.107,0,0.6172,price_proxy,,,,
2018-01-22,0.4937,0.1055,0,0.7119,price_proxy,,,,
2018-01-23,0.6262,0.1201,0,1.7451,price_proxy,,,,
2018-01-24,0.6203,0.1213,0,0.9947,price_proxy,,,,
2018-01-25,0.6262,0.1209,0,0.7042,price_proxy,,,,
2018-01-26,0.6592,0.1138,0,0.7812,price_proxy,,,,
2018-01-29,0.6451,0.1139,0,1.3155,price_proxy,,,,
2018-01-30,0.5178,0.1144,0,0.909,price_proxy,,,,
2018-01-31,0.506,0.1159,0,1.1328,price_proxy,,,,
2018-02-01,0.4941,0.1159,0,0.6063,price_proxy,,,,
2018-02-02,0.3938,0.1263,0,1.158,price_proxy,,,,
2018-02-05,0.3412,0.1153,0,0.9692,price_proxy,,,,
2018-02-06,0.3118,0.1167,0,1.2485,price_proxy,,,,
2018-02-07,0.2857,0.1201,0,0.8297,price_proxy,,,,
2018-02-08,0.2917,0.1193,0,0.8436,price_proxy,,,,
2018-02-09,0.3006,0.1041,0,1.1142,price_proxy,,,,
2018-02-12,0.3978,0.1097,0,1.3951,price_proxy,,,,
2018-02-13,0.3961,0.1106,0,0.9013,price_proxy,,,,
2018-02-14,0.4533,0.1109,0,0.7787,price_proxy,,,,
2018-02-19,0.4867,0.1136,0,1.0004,price_proxy,,,,
2018-02-20,0.5138,0.1163,0,0.5832,price_proxy,,,,
2018-02-21,0.4798,0.1164,0,0.7312,price_proxy,,,,
2018-02-22,0.4521,0.093,0,0.9906,price_proxy,,,,
2018-02-23,0.5068,0.1021,0,0.9146,price_proxy,,,,
2018-02-26,0.4465,0.1013,0,0.6888,price_proxy,,,,
2018-02-27,0.4931,0.1003,0,0.4605,price_proxy,,,,
2018-02-28,0.4456,0.0998,0,1.0653,price_proxy,,,,
2018-03-02,0.5,0.0995,0,0.6797,price_proxy,,,,
2018-03-05,0.3776,0.1025,0,0.6155,price_proxy,,,,
2018-03-06,0.4588,0.1115,0,0.8318,price_proxy,,,,
2018-03-07,0.431,0.1044,0,0.6931,price_proxy,,,,
2018-03-08,0.486,0.1045,0,0.6899,price_proxy,,,,
2018-03-09,0.5842,0.1164,0,2.1243,price_proxy,,,,
2018-03-12,0.6739,0.1137,0,1.179,price_proxy,,,,
2018-03-13,0.5702,0.1151,0,0.9828,price_proxy,,,,
2018-03-14,0.5714,0.1082,0,0.6837,price_proxy,,,,
2018-03-15,0.5352,0.1039,0,0.5723,price_proxy,,,,
2018-03-16,0.4933,0.1056,0,0.7455,price_proxy,,,,
2018-03-19,0.4267,0.1087,0,0.6906,price_proxy,,,,
2018-03-20,0.4661,0.1063,0,0.9032,price_proxy,,,,
2018-03-21,0.4862,0.1027,0,0.4234,price_proxy,,,,
2018-03-22,0.5208,0.1032,0,1.5066,price_proxy,,,,
2018-03-23,0.3446,0.1203,0,2.2466,price_proxy,,,,
2018-03-26,0.4239,0.1167,0,0.7504,price_proxy,,,,
2018-03-27,0.4172,0.1164,0,0.8751,price_proxy,,,,
2018-03-28,0.3819,0.119,0,0.9297,price_proxy,,,,
2018-03-29,0.411,0.1232,0,0.7059,price_proxy,,,,
2018-03-30,0.5733,0.1242,0,0.7463,price_proxy,,,,
2018-04-02,0.5072,0.1203,0,0.9748,price_proxy,,,,
2018-04-03,0.4712,0.1163,0,1.022,price_proxy,,,,
2018-04-04,0.4705,0.1179,0,1.0685,price_proxy,,,,
2018-04-05,0.4498,0.1187,0,0.5179,price_proxy,,,,
2018-04-06,0.4364,0.1069,0,0.8687,price_proxy,,,,
2018-04-09,0.5072,0.1094,0,1.1058,price_proxy,,,,
2018-04-10,0.5438,0.1084,0,0.8496,price_proxy,,,,
2018-04-11,0.6124,0.1076,0,0.7587,price_proxy,,,,
2018-04-12,0.5441,0.1084,0,0.7107,price_proxy,,,,
2018-04-13,0.6314,0.1189,0,1.9746,price_proxy,,,,
2018-04-16,0.5643,0.1166,0,0.6958,price_proxy,,,,
2018-04-17,0.55,0.1168,0,0.7152,price_proxy,,,,
2018-04-18,0.5922,0.1202,0,1.3011,price_proxy,,,,
2018-04-19,0.6367,0.1196,0,1.0454,price_proxy,,,,
2018-04-20,0.5274,0.0944,0,0.6826,price_proxy,,,,
2018-04-23,0.5346,0.0937,0,1.0726,price_proxy,,,,
2018-04-24,0.6463,0.1048,0,1.9701,price_proxy,,,,
2018-04-25,0.5407,0.104,0,1.0038,price_proxy,,,,
2018-04-26,0.5337,0.1005,0,1.0317,price_proxy,,,,
2018-04-27,0.5878,0.102,0,1.2995,price_proxy,,,,
2018-04-30,0.6224,0.0999,0,0.7095,price_proxy,,,,
2018-05-02,0.4805,0.1013,0,0.7571,price_proxy,,,,
2018-05-03,0.5066,0.0968,0,0.6345,price_proxy,,,,
2018-05-04,0.5795,0.1024,0,1.4278,price_proxy,,,,
2018-05-08,0.5129,0.104,0,0.9116,price_proxy,,,,
2018-05-09,0.4679,0.1045,0,1.1139,price_proxy,,,,
2018-05-10,0.559,0.106,0,0.947,price_proxy,,,,
2018-05-11,0.6854,0.1163,0,1.9026,price_proxy,,,,
2018-05-14,0.6656,0.1157,0,0.9981,price_proxy,,,,
2018-05-15,0.6093,0.1163,0,1.2377,price_proxy,,,,
2018-05-16,0.6498,0.1149,0,0.6762,price_proxy,,,,
2018-05-17,0.5382,0.1207,0,0.9931,price_proxy,,,,
2018-05-18,0.4636,0.1185,0,0.5377,price_proxy,,,,
2018-05-21,0.4059,0.1186,0,0.5181,price_proxy,,,,
2018-05-23,0.4878,0.1183,0,0.7055,price_proxy,,,,
2018-05-24,0.5061,0.1179,0,0.9492,price_proxy,,,,
2018-05-25,0.5438,0.1099,0,0.6653,price_proxy,,,,
2018-05-28,0.6049,0.1134,0,1.2039,price_proxy,,,,
2018-05-29,0.5864,0.1146,0,0.4977,price_proxy,,,,
2018-05-30,0.4509,0.1319,0,2.2945,price_proxy,,,,
2018-05-31,0.4154,0.1317,0,1.5474,price_proxy,,,,
2018-06-01,0.4327,0.1291,0,0.5452,price_proxy,,,,
2018-06-04,0.371,0.1286,0,0.8013,price_proxy,,,,
2018-06-05,0.4172,0.1229,0,0.7095,price_proxy,,,,
2018-06-07,0.6195,0.1286,0,1.4663,price_proxy,,,,
2018-06-08,0.5694,0.1316,0,0.7202,price_proxy,,,,
2018-06-11,0.6329,0.1325,0,1.106,price_proxy,,,,
2018-06-12,0.6129,0.1217,0,0.7803,price_proxy,,,,
2018-06-14,0.4691,0.1302,0,2.1571,price_proxy,,,,
2018-06-15,0.3991,0.1251,0,1.1711,price_proxy,,,,
2018-06-18,0.378,0.1306,0,1.1844,price_proxy,,,,
2018-06-19,0.2685,0.1312,0,1.2188,price_proxy,,,,
2018-06-20,0.3101,0.1333,0,0.6853,price_proxy,,,,
2018-06-21,0.3997,0.1333,0,0.5676,price_proxy,,,,
2018-06-22,0.3687,0.1333,0,0.6119,price_proxy,,,,
2018-06-25,0.4935,0.1358,0,0.5312,price_proxy,,,,
2018-06-26,0.5134,0.1371,0,0.9516,price_proxy,,,,
2018-06-27,0.441,0.127,0,0.645,price_proxy,,,,
2018-06-28,0.4406,0.127,0,0.5168,price_proxy,,,,
2018-06-29,0.5,0.1147,0,0.7601,price_proxy,,,,
2018-07-02,0.3371,0.1283,0,1.3294,price_proxy,,,,
2018-07-03,0.3933,0.1289,0,0.6809,price_proxy,,,,
2018-07-04,0.3851,0.1285,0,0.5022,price_proxy,,,,
2018-07-05,0.4048,0.1267,0,0.4579,price_proxy,,,,
2018-07-06,0.4064,0.1189,0,0.9717,price_proxy,,,,
2018-07-09,0.4929,0.1173,0,0.8767,price_proxy,,,,
2018-07-10,0.4789,0.1111,0,1.419,price_proxy,,,,
2018-07-11,0.4642,0.1119,0,1.303,price_proxy,,,,
2018-07-12,0.45,0.1009,0,0.9602,price_proxy,,,,
2018-07-13,0.4719,0.1078,0,1.0837,price_proxy,,,,
2018-07-16,0.4644,0.103,0,0.6193,price_proxy,,,,
2018-07-17,0.4288,0.0995,0,0.9569,price_proxy,,,,
2018-07-18,0.4562,0.0946,0,1.0716,price_proxy,,,,
2018-07-19,0.4121,0.097,0,1.1774,price_proxy,,,,
2018-07-20,0.3648,0.0974,0,1.1893,price_proxy,,,,
2018-07-23,0.3696,0.0904,0,0.7081,price_proxy,,,,
2018-07-24,0.4262,0.0913,0,0.8098,price_proxy,,,,
2018-07-25,0.4552,0.0917,0,0.9372,price_proxy,,,,
2018-07-26,0.5307,0.0935,0,1.0324,price_proxy,,,,
2018-07-27,0.5,0.0904,0,0.6706,price_proxy,,,,
2018-07-30,0.5233,0.0707,0,0.7597,price_proxy,,,,
2018-07-31,0.4923,0.0696,0,0.7862,price_proxy,,,,
2018-08-01,0.5229,0.0722,0,0.8173,price_proxy,,,,
2018-08-02,0.4472,0.0762,0,1.0021,price_proxy,,,,
2018-08-03,0.4847,0.0734,0,0.5948,price_proxy,,,,
2018-08-06,0.5077,0.0737,0,0.9029,price_proxy,,,,
2018-08-07,0.4846,0.0746,0,1.037,price_proxy,,,,
2018-08-08,0.4472,0.071,0,0.8699,price_proxy,,,,
2018-08-09,0.438,0.077,0,2.527,price_proxy,,,,
2018-08-10,0.3769,0.0699,0,1.9118,price_proxy,,,,
2018-08-13,0.2939,0.0761,0,2.1484,price_proxy,,,,
2018-08-14,0.345,0.0782,0,1.0734,price_proxy,,,,
2018-08-16,0.3295,0.0781,0,1.0995,price_proxy,,,,
2018-08-17,0.428,0.0799,0,1.2393,price_proxy,,,,
2018-08-20,0.4836,0.0799,0,0.8238,price_proxy,,,,
2018-08-21,0.6617,0.0968,0,1.7083,price_proxy,,,,
2018-08-22,0.6345,0.0958,0,1.309,price_proxy,,,,
2018-08-23,0.6525,0.0957,0,0.533,price_proxy,,,,
2018-08-24,0.6162,0.0948,0,0.6741,price_proxy,,,,
2018-08-27,0.7066,0.1072,0,1.6608,price_proxy,,,,
2018-08-28,0.6024,0.1071,0,1.3079,price_proxy,,,,
2018-08-29,0.6102,0.1069,0,0.968,price_proxy,,,,
2018-08-30,0.6102,0.1051,0,0.9036,price_proxy,,,,
2018-08-31,0.6098,0.1007,0,0.5939,price_proxy,,,,
2018-09-03,0.53,0.1007,0,0.7164,price_proxy,,,,
2018-09-04,0.53,0.1005,0,0.6807,price_proxy,,,,
2018-09-05,0.4701,0.1032,0,0.5196,price_proxy,,,,
2018-09-06,0.4403,0.1047,0,0.6222,price_proxy,,,,
2018-09-07,0.4703,0.1002,0,0.5947,price_proxy,,,,
2018-09-10,0.4852,0.0962,0,0.5337,price_proxy,,,,
2018-09-11,0.4852,0.0843,0,0.6439,price_proxy,,,,
2018-09-12,0.5,0.0882,0,0.9264,price_proxy,,,,
2018-09-13,0.5462,0.0869,0,0.6099,price_proxy,,,,
2018-09-14,0.5755,0.0904,0,1.4256,price_proxy,,,,
2018-09-17,0.5074,0.0942,0,0.572,price_proxy,,,,
2018-09-18,0.4926,0.0813,0,0.5452,price_proxy,,,,
2018-09-19,0.5909,0.0861,0,1.16,price_proxy,,,,
2018-09-20,0.5827,0.086,0,1.3977,price_proxy,,,,
2018-09-21,0.5364,0.0862,0,1.4239,price_proxy,,,,
2018-09-27,0.6111,0.074,0,0.9295,price_proxy,,,,
2018-09-28,0.6343,0.0739,0,0.8186,price_proxy,,,,
2018-10-01,0.5725,0.074,0,0.8718,price_proxy,,,,
2018-10-02,0.5,0.0827,0,0.9294,price_proxy,,,,
2018-10-04,0.4286,0.0875,0,1.1167,price_proxy,,,,
2018-10-05,0.3877,0.0872,0,0.7708,price_proxy,,,,
2018-10-08,0.3741,0.0873,0,0.4895,price_proxy,,,,
2018-10-10,0.2762,0.1,0,1.9208,price_proxy,,,,
2018-10-11,0.2473,0.1103,0,1.6302,price_proxy,,,,
2018-10-12,0.3296,0.1107,0,1.222,price_proxy,,,,
2018-10-15,0.3067,0.1095,0,0.874,price_proxy,,,,
2018-10-16,0.3284,0.1103,0,0.597,price_proxy,,,,
2018-10-17,0.4606,0.1112,0,0.941,price_proxy,,,,
2018-10-18,0.5331,0.111,0,0.5114,price_proxy,,,,
2018-10-19,0.4676,0.103,0,1.1884,price_proxy,,,,
2018-10-22,0.5494,0.107,0,0.6903,price_proxy,,,,
2018-10-23,0.4755,0.11,0,1.0505,price_proxy,,,,
2018-10-24,0.4839,0.107,0,0.903,price_proxy,,,,
2018-10-25,0.4837,0.1067,0,1.3604,price_proxy,,,,
2018-10-26,0.5082,0.1053,0,1.642,price_proxy,,,,
2018-10-29,0.4357,0.1018,0,0.9733,price_proxy,,,,
2018-10-30,0.4669,0.101,0,1.2548,price_proxy,,,,
2018-10-31,0.4676,0.1056,0,1.0516,price_proxy,,,,
2018-11-01,0.5164,0.1042,0,1.3031,price_proxy,,,,
2018-11-02,0.7049,0.1457,0,2.4821,price_proxy,,,,
2018-11-05,0.6577,0.15,0,0.9429,price_proxy,,,,
2018-11-06,0.7521,0.1537,0,1.0216,price_proxy,,,,
2018-11-07,0.7058,0.142,0,1.5877,price_proxy,,,,
2018-11-08,0.7033,0.1306,0,1.1598,price_proxy,,,,
2018-11-09,0.4703,0.1328,0,0.8654,price_proxy,,,,
2018-11-12,0.5615,0.131,0,0.576,price_proxy,,,,
2018-11-13,0.4925,0.1313,0,0.8765,price_proxy,,,,
2018-11-14,0.4328,0.1356,0,0.7105,price_proxy,,,,
2018-11-15,0.4852,0.1398,0,0.6749,price_proxy,,,,
2018-11-16,0.5075,0.1396,0,0.465,price_proxy,,,,
2018-11-19,0.5373,0.1399,0,0.9101,price_proxy,,,,
2018-11-20,0.5449,0.1351,0,0.5667,price_proxy,,,,
2018-11-21,0.6081,0.1343,0,0.4887,price_proxy,,,,
2018-11-22,0.5297,0.1331,0,0.3492,price_proxy,,,,
2018-11-23,0.515,0.1354,0,0.461,price_proxy,,,,
2018-11-26,0.5073,0.1352,0,0.7163,price_proxy,,,,
2018-11-27,0.5293,0.1335,0,0.6259,price_proxy,,,,
2018-11-28,0.5073,0.1341,0,0.555,price_proxy,,,,
2018-11-29,0.522,0.1339,0,1.577,price_proxy,,,,
2018-11-30,0.5672,0.0918,0,0.9431,price_proxy,,,,
2018-12-03,0.5949,0.0899,0,1.0905,price_proxy,,,,
2018-12-04,0.5144,0.0916,0,1.4319,price_proxy,,,,
2018-12-05,0.4927,0.095,0,1.1644,price_proxy,,,,
2018-12-06,0.4493,0.0957,0,1.2702,price_proxy,,,,
2018-12-07,0.4711,0.0937,0,0.7511,price_proxy,,,,
2018-12-10,0.3885,0.0935,0,0.7808,price_proxy,,,,
2018-12-11,0.457,0.0936,0,0.7313,price_proxy,,,,
2018-12-12,0.522,0.0873,0,0.9138,price_proxy,,,,
2018-12-13,0.5743,0.0785,0,1.257,price_proxy,,,,
2018-12-14,0.5293,0.0778,0,0.7541,price_proxy,,,,
2018-12-17,0.5443,0.073,0,0.8377,price_proxy,,,,
2018-12-18,0.5366,0.0731,0,1.4467,price_proxy,,,,
2018-12-19,0.5435,0.0744,0,1.1001,price_proxy,,,,
2018-12-20,0.4498,0.0842,0,1.4775,price_proxy,,,,
2018-12-21,0.5,0.0838,0,0.8957,price_proxy,,,,
2018-12-24,0.4928,0.0807,0,0.5772,price_proxy,,,,
2018-12-26,0.4065,0.0903,0,1.7136,price_proxy,,,,
2018-12-27,0.3369,0.0926,0,1.2347,price_proxy,,,,
2018-12-28,0.4191,0.0926,0,0.8148,price_proxy,,,,
2019-01-02,0.2834,0.1069,0,1.3771,price_proxy,,,,
2019-01-03,0.2536,0.0972,0,1.1063,price_proxy,,,,
2019-01-04,0.3415,0.0961,0,1.2054,price_proxy,,,,
2019-01-07,0.4691,0.1089,0,1.5121,price_proxy,,,,
2019-01-08,0.4157,0.1096,0,0.8833,price_proxy,,,,
2019-01-09,0.5891,0.1144,0,1.5846,price_proxy,,,,
2019-01-10,0.624,0.1143,0,0.5251,price_proxy,,,,
2019-01-11,0.582,0.1142,0,0.7601,price_proxy,,,,
2019-01-14,0.4843,0.113,0,0.6081,price_proxy,,,,
2019-01-15,0.636,0.1287,0,1.5945,price_proxy,,,,
2019-01-16,0.6008,0.1298,0,1.2934,price_proxy,,,,
2019-01-17,0.6012,0.1298,0,0.725,price_proxy,,,,
2019-01-18,0.6575,0.1308,0,0.6238,price_proxy,,,,
2019-01-21,0.666,0.1298,0,0.4534,price_proxy,,,,
2019-01-22,0.53,0.1246,0,0.5619,price_proxy,,,,
2019-01-23,0.4852,0.1231,0,0.7548,price_proxy,,,,
2019-01-24,0.5444,0.1264,0,1.3203,price_proxy,,,,
2019-01-25,0.5146,0.1182,0,0.8056,price_proxy,,,,
2019-01-28,0.4927,0.1159,0,0.763,price_proxy,,,,
2019-01-29,0.5221,0.1158,0,0.7232,price_proxy,,,,
2019-01-30,0.5595,0.0973,0,0.7769,price_proxy,,,,
2019-01-31,0.5217,0.0928,0,1.9517,price_proxy,,,,
2019-02-01,0.5217,0.0932,0,0.5778,price_proxy,,,,
2019-02-07,0.5586,0.0829,0,0.8186,price_proxy,,,,
2019-02-08,0.4781,0.0899,0,1.0864,price_proxy,,,,
2019-02-11,0.4567,0.0844,0,0.6357,price_proxy,,,,
2019-02-12,0.4427,0.0842,0,0.7025,price_proxy,,,,
2019-02-13,0.4068,0.0859,0,1.5618,price_proxy,,,,
2019-02-14,0.4075,0.0857,0,0.8638,price_proxy,,,,
2019-02-15,0.4483,0.0648,0,0.7016,price_proxy,,,,
2019-02-18,0.4631,0.0632,0,0.6883,price_proxy,,,,
2019-02-19,0.4557,0.0632,0,0.4731,price_proxy,,,,
2019-02-20,0.4925,0.0607,0,1.2192,price_proxy,,,,
2019-02-21,0.4701,0.0607,0,0.9958,price_proxy,,,,
2019-02-22,0.5076,0.0601,0,0.5547,price_proxy,,,,
2019-02-25,0.4925,0.0597,0,0.9325,price_proxy,,,,
2019-02-26,0.5302,0.0548,0,1.1403,price_proxy,,,,
2019-02-27,0.5302,0.0548,0,0.7923,price_proxy,,,,
2019-02-28,0.4773,0.062,0,1.3222,price_proxy,,,,
2019-03-04,0.4774,0.062,0,0.9029,price_proxy,,,,
2019-03-05,0.4547,0.0609,0,1.0432,price_proxy,,,,
2019-03-06,0.4257,0.0599,0,0.8041,price_proxy,,,,
2019-03-07,0.4033,0.0603,0,0.9992,price_proxy,,,,
2019-03-08,0.431,0.0601,0,1.1262,price_proxy,,,,
2019-03-11,0.4313,0.0504,0,0.4836,price_proxy,,,,
2019-03-12,0.4691,0.0517,0,0.5221,price_proxy,,,,
2019-03-13,0.4614,0.0516,0,0.8289,price_proxy,,,,
2019-03-14,0.4922,0.0491,0,1.242,price_proxy,,,,
2019-03-15,0.5952,0.0626,0,1.7892,price_proxy,,,,
2019-03-18,0.6186,0.0626,0,1.1961,price_proxy,,,,
2019-03-19,0.5549,0.0667,0,0.9966,price_proxy,,,,
2019-03-20,0.5866,0.0678,0,0.7829,price_proxy,,,,
2019-03-21,0.5941,0.0682,0,1.3469,price_proxy,,,,
2019-03-22,0.5,0.0693,0,0.8987,price_proxy,,,,
2019-03-25,0.4403,0.0709,0,0.6657,price_proxy,,,,
2019-03-26,0.4924,0.0711,0,0.6828,price_proxy,,,,
2019-03-27,0.4472,0.0697,0,0.6514,price_proxy,,,,
2019-03-28,0.4251,0.0697,0,0.8559,price_proxy,,,,
2019-03-29,0.5379,0.0803,0,1.3749,price_proxy,,,,
2019-04-01,0.6,0.0815,0,2.413,price_proxy,,,,
2019-04-02,0.6226,0.081,0,1.3745,price_proxy,,,,
2019-04-03,0.7481,0.093,0,3.0181,price_proxy,,,,
2019-04-04,0.7257,0.0935,0,1.6185,price_proxy,,,,
2019-04-05,0.6636,0.0911,0,1.4038,price_proxy,,,,
2019-04-08,0.6172,0.0923,0,0.7312,price_proxy,,,,
2019-04-09,0.5722,0.0935,0,0.9793,price_proxy,,,,
2019-04-10,0.4931,0.0928,0,0.6292,price_proxy,,,,
2019-04-11,0.514,0.0934,0,1.3359,price_proxy,,,,
2019-04-12,0.4794,0.0877,0,0.6828,price_proxy,,,,
2019-04-15,0.5554,0.0916,0,1.4457,price_proxy,,,,
2019-04-16,0.5139,0.0933,0,1.2218,price_proxy,,,,
2019-04-17,0.5138,0.0931,0,0.6492,price_proxy,,,,
2019-04-18,0.4653,0.0991,0,0.9438,price_proxy,,,,
2019-04-19,0.4653,0.0979,0,0.4362,price_proxy,,,,
2019-04-22,0.4125,0.0956,0,0.4505,price_proxy,,,,
2019-04-23,0.4585,0.096,0,0.5653,price_proxy,,,,
2019-04-24,0.3969,0.0996,0,0.9267,price_proxy,,,,
2019-04-25,0.4717,0.0995,0,0.584,price_proxy,,,,
2019-04-26,0.4576,0.0881,0,0.786,price_proxy,,,,
2019-04-29,0.493,0.0895,0,0.4923,price_proxy,,,,
2019-04-30,0.4435,0.0938,0,1.2522,price_proxy,,,,
2019-05-02,0.5,0.078,0,0.7643,price_proxy,,,,
2019-05-03,0.4642,0.0771,0,0.8329,price_proxy,,,,
2019-05-07,0.435,0.0767,0,1.0295,price_proxy,,,,
2019-05-08,0.4152,0.0782,0,0.7778,price_proxy,,,,
2019-05-09,0.4055,0.0845,0,1.7187,price_proxy,,,,
2019-05-10,0.4058,0.084,0,1.0219,price_proxy,,,,
2019-05-13,0.3905,0.0848,0,0.8399,price_proxy,,,,
2019-05-14,0.4328,0.0848,0,1.2335,price_proxy,,,,
2019-05-15,0.4631,0.0827,0,0.9026,price_proxy,,,,
2019-05-16,0.5153,0.0792,0,0.8997,price_proxy,,,,
2019-05-17,0.5076,0.0784,0,0.9871,price_proxy,,,,
2019-05-20,0.5309,0.0742,0,0.8402,price_proxy,,,,
2019-05-21,0.5541,0.0758,0,0.679,price_proxy,,,,
2019-05-22,0.5226,0.077,0,0.7913,price_proxy,,,,
2019-05-23,0.5303,0.077,0,0.5108,price_proxy,,,,
2019-05-24,0.5379,0.0731,0,0.7321,price_proxy,,,,
2019-05-27,0.5228,0.0726,0,0.6569,price_proxy,,,,
2019-05-28,0.5075,0.0726,0,1.2929,price_proxy,,,,
2019-05-29,0.448,0.0698,0,0.8341,price_proxy,,,,
2019-05-30,0.4851,0.0669,0,0.6556,price_proxy,,,,
2019-05-31,0.5074,0.069,0,1.086,price_proxy,,,,
2019-06-03,0.5902,0.0758,0,1.6249,price_proxy,,,,
2019-06-04,0.5824,0.0714,0,0.7805,price_proxy,,,,
2019-06-05,0.6221,0.0707,0,0.9551,price_proxy,,,,
2019-06-07,0.5902,0.0593,0,0.6415,price_proxy,,,,
2019-06-10,0.5815,0.0599,0,0.4905,price_proxy,,,,
2019-06-11,0.5144,0.0568,0,0.7835,price_proxy,,,,
2019-06-12,0.5144,0.0568,0,0.9291,price_proxy,,,,
2019-06-13,0.536,0.0513,0,1.777,price_proxy,,,,
2019-06-14,0.5144,0.0522,0,0.9069,price_proxy,,,,
2019-06-17,0.5142,0.0527,0,1.0132,price_proxy,,,,
2019-06-18,0.5214,0.0522,0,0.7553,price_proxy,,,,
2019-06-19,0.5643,0.0549,0,1.1066,price_proxy,,,,
2019-06-20,0.5424,0.0545,0,0.6556,price_proxy,,,,
2019-06-21,0.5714,0.0539,0,1.6901,price_proxy,,,,
2019-06-24,0.5919,0.0567,0,1.7611,price_proxy,,,,
2019-06-25,0.5636,0.0575,0,1.7791,price_proxy,,,,
2019-06-26,0.5208,0.0577,0,1.251,price_proxy,,,,
2019-06-27,0.5415,0.0518,0,0.6159,price_proxy,,,,
2019-06-28,0.5,0.0561,0,0.8165,price_proxy,,,,
2019-07-01,0.4865,0.0558,0,0.6931,price_proxy,,,,
2019-07-02,0.5411,0.0494,0,1.2258,price_proxy,,,,
2019-07-03,0.4384,0.0756,0,1.7283,price_proxy,,,,
2019-07-04,0.4661,0.0796,0,1.2169,price_proxy,,,,
2019-07-05,0.4862,0.0802,0,0.5914,price_proxy,,,,
2019-07-08,0.4116,0.0841,0,0.8496,price_proxy,,,,
2019-07-09,0.3792,0.0841,0,0.6489,price_proxy,,,,
2019-07-10,0.5071,0.0855,0,0.866,price_proxy,,,,
2019-07-11,0.4724,0.085,0,1.0216,price_proxy,,,,
2019-07-12,0.4931,0.0841,0,0.8951,price_proxy,,,,
2019-07-15,0.5142,0.085,0,0.5903,price_proxy,,,,
2019-07-16,0.5357,0.0853,0,0.7753,price_proxy,,,,
2019-07-17,0.5211,0.0825,0,0.6484,price_proxy,,,,
2019-07-18,0.465,0.0854,0,0.7614,price_proxy,,,,
2019-07-19,0.5139,0.0909,0,0.9908,price_proxy,,,,
2019-07-22,0.5283,0.0882,0,0.5814,price_proxy,,,,
2019-07-23,0.5351,0.0879,0,0.8405,price_proxy,,,,
2019-07-24,0.5,0.0886,0,0.9459,price_proxy,,,,
2019-07-25,0.5142,0.0887,0,1.0499,price_proxy,,,,
2019-07-26,0.4031,0.0918,0,2.0448,price_proxy,,,,
2019-07-29,0.3397,0.098,0,2.3802,price_proxy,,,,
2019-07-30,0.3276,0.0963,0,1.0615,price_proxy,,,,
2019-07-31,0.3258,0.0828,0,1.4733,price_proxy,,,,
2019-08-01,0.3375,0.0766,0,1.0091,price_proxy,,,,
2019-08-02,0.3473,0.0788,0,1.5043,price_proxy,,,,
2019-08-05,0.3712,0.0798,0,1.2994,price_proxy,,,,
2019-08-06,0.334,0.0804,0,1.7369,price_proxy,,,,
2019-08-07,0.3321,0.077,0,1.012,price_proxy,,,,
2019-08-08,0.3769,0.0799,0,1.5194,price_proxy,,,,
2019-08-09,0.4449,0.0819,0,0.9248,price_proxy,,,,
2019-08-12,0.4757,0.0817,0,0.7991,price_proxy,,,,
2019-08-13,0.4918,0.0801,0,0.7859,price_proxy,,,,
2019-08-14,0.5167,0.0789,0,1.2433,price_proxy,,,,
2019-08-16,0.459,0.0778,0,0.9398,price_proxy,,,,
2019-08-19,0.4757,0.0739,0,0.6454,price_proxy,,,,
2019-08-20,0.5164,0.076,0,0.6725,price_proxy,,,,
2019-08-21,0.5331,0.0738,0,0.5375,price_proxy,,,,
2019-08-22,0.5083,0.0739,0,0.5151,price_proxy,,,,
2019-08-23,0.5418,0.0747,0,0.547,price_proxy,,,,
2019-08-26,0.459,0.0726,0,0.7332,price_proxy,,,,
2019-08-27,0.4268,0.0625,0,1.5531,price_proxy,,,,
2019-08-28,0.435,0.0626,0,0.4892,price_proxy,,,,
2019-08-29,0.4506,0.0623,0,0.8857,price_proxy,,,,
2019-08-30,0.5164,0.077,0,1.5511,price_proxy,,,,
2019-09-02,0.5669,0.0737,0,0.557,price_proxy,,,,
2019-09-03,0.5591,0.0689,0,0.8214,price_proxy,,,,
2019-09-04,0.5588,0.0668,0,0.7892,price_proxy,,,,
2019-09-05,0.5844,0.0656,0,1.2871,price_proxy,,,,
2019-09-06,0.5,0.0636,0,0.9798,price_proxy,,,,
2019-09-09,0.5,0.0624,0,0.9491,price_proxy,,,,
2019-09-10,0.5492,0.0621,0,0.8891,price_proxy,,,,
2019-09-11,0.549,0.0612,0,1.1608,price_proxy,,,,
2019-09-16,0.6215,0.0755,0,1.7318,price_proxy,,,,
2019-09-17,0.6138,0.0745,0,1.018,price_proxy,,,,
2019-09-18,0.6134,0.0721,0,0.6245,price_proxy,,,,
2019-09-19,0.548,0.0758,0,0.8517,price_proxy,,,,
2019-09-20,0.5637,0.0764,0,0.9045,price_proxy,,,,
2019-09-23,0.4542,0.0763,0,0.8075,price_proxy,,,,
2019-09-24,0.4769,0.0763,0,1.0664,price_proxy,,,,
2019-09-25,0.4234,0.0773,0,0.984,price_proxy,,,,
2019-09-26,0.4609,0.0764,0,0.8544,price_proxy,,,,
2019-09-27,0.4305,0.0768,0,0.7336,price_proxy,,,,
2019-09-30,0.4844,0.0776,0,0.7409,price_proxy,,,,
2019-10-01,0.4611,0.0683,0,0.7714,price_proxy,,,,
2019-10-02,0.4841,0.0696,0,1.6547,price_proxy,,,,
2019-10-04,0.4602,0.0696,0,0.8627,price_proxy,,,,
2019-10-07,0.46,0.0696,0,0.4367,price_proxy,,,,
2019-10-08,0.4528,0.0703,0,0.7225,price_proxy,,,,
2019-10-10,0.4524,0.0707,0,1.1134,price_proxy,,,,
2019-10-11,0.492,0.0711,0,0.7942,price_proxy,,,,
2019-10-14,0.5488,0.072,0,0.8471,price_proxy,,,,
2019-10-15,0.5653,0.072,0,0.6301,price_proxy,,,,
2019-10-16,0.5323,0.0534,0,0.9161,price_proxy,,,,
2019-10-17,0.5407,0.0531,0,0.7645,price_proxy,,,,
2019-10-18,0.4677,0.0595,0,1.3774,price_proxy,,,,
2019-10-21,0.4444,0.0572,0,0.5196,price_proxy,,,,
2019-10-22,0.4684,0.0587,0,0.76,price_proxy,,,,
2019-10-23,0.4524,0.0588,0,0.8464,price_proxy,,,,
2019-10-24,0.4522,0.0585,0,1.0901,price_proxy,,,,
2019-10-25,0.5164,0.0538,0,1.0117,price_proxy,,,,
2019-10-28,0.5,0.0539,0,1.2532,price_proxy,,,,
2019-10-29,0.4598,0.0539,0,0.6146,price_proxy,,,,
2019-10-30,0.4675,0.0508,0,1.6265,price_proxy,,,,
2019-10-31,0.4755,0.0505,0,0.7871,price_proxy,,,,
2019-11-01,0.4675,0.0493,0,0.6204,price_proxy,,,,
2019-11-04,0.598,0.082,0,3.954,price_proxy,,,,
2019-11-05,0.6148,0.0817,0,1.4112,price_proxy,,,,
2019-11-06,0.5744,0.0868,0,1.2508,price_proxy,,,,
2019-11-07,0.5826,0.0863,0,0.8467,price_proxy,,,,
2019-11-08,0.5909,0.086,0,0.8469,price_proxy,,,,
2019-11-11,0.4533,0.0848,0,0.5128,price_proxy,,,,
2019-11-12,0.4457,0.0847,0,0.9177,price_proxy,,,,
2019-11-13,0.4761,0.0855,0,0.964,price_proxy,,,,
2019-11-14,0.4841,0.0859,0,1.1961,price_proxy,,,,
2019-11-15,0.5158,0.0825,0,1.13,price_proxy,,,,
2019-11-18,0.508,0.0838,0,0.8567,price_proxy,,,,
2019-11-19,0.5,0.0823,0,0.5724,price_proxy,,,,
2019-11-20,0.5081,0.0817,0,0.5773,price_proxy,,,,
2019-11-21,0.468,0.0827,0,0.7851,price_proxy,,,,
2019-11-22,0.4451,0.083,0,0.5024,price_proxy,,,,
2019-11-25,0.4841,0.0832,0,0.5966,price_proxy,,,,
2019-11-26,0.5159,0.0837,0,1.4612,price_proxy,,,,
2019-11-27,0.5161,0.0837,0,1.0769,price_proxy,,,,
2019-11-28,0.5488,0.0837,0,0.7469,price_proxy,,,,
2019-11-29,0.5,0.0859,0,0.676,price_proxy,,,,
2019-12-02,0.484,0.0529,0,0.4368,price_proxy,,,,
2019-12-03,0.4842,0.0546,0,1.2786,price_proxy,,,,
2019-12-04,0.5,0.0464,0,1.1077,price_proxy,,,,
2019-12-05,0.4762,0.0469,0,0.639,price_proxy,,,,
2019-12-06,0.4758,0.0494,0,1.7423,price_proxy,,,,
2019-12-09,0.4758,0.0489,0,1.3757,price_proxy,,,,
2019-12-10,0.4681,0.0499,0,0.9523,price_proxy,,,,
2019-12-11,0.492,0.05,0,1.1879,price_proxy,,,,
2019-12-12,0.5482,0.0536,0,2.0377,price_proxy,,,,
2019-12-13,0.6224,0.0535,0,2.5084,price_proxy,,,,
2019-12-16,0.6143,0.0518,0,1.1812,price_proxy,,,,
2019-12-17,0.6215,0.0525,0,1.4701,price_proxy,,,,
2019-12-18,0.58,0.0525,0,0.8718,price_proxy,,,,
2019-12-19,0.5392,0.0501,0,0.8066,price_proxy,,,,
2019-12-20,0.5154,0.05,0,1.036,price_proxy,,,,
2019-12-23,0.5154,0.0502,0,0.8389,price_proxy,,,,
2019-12-24,0.5,0.049,0,1.1911,price_proxy,,,,
2019-12-26,0.5462,0.0497,0,2.1811,price_proxy,,,,
2019-12-27,0.4923,0.0586,0,1.7617,price_proxy,,,,
2019-12-30,0.4389,0.0599,0,1.2545,price_proxy,,,,
2020-01-02,0.4157,0.0625,0,0.4897,price_proxy,,,,
2020-01-03,0.4008,0.0613,0,0.8716,price_proxy,,,,
2020-01-06,0.3271,0.0663,0,0.9943,price_proxy,,,,
2020-01-07,0.3842,0.0661,0,0.7738,price_proxy,,,,
2020-01-08,0.3583,0.0727,0,1.5935,price_proxy,,,,
2020-01-09,0.404,0.0735,0,1.0296,price_proxy,,,,
2020-01-10,0.4197,0.073,0,1.1923,price_proxy,,,,
2020-01-13,0.4835,0.0723,0,0.874,price_proxy,,,,
2020-01-14,0.5164,0.0726,0,1.5321,price_proxy,,,,
2020-01-15,0.5763,0.0686,0,0.5816,price_proxy,,,,
2020-01-16,0.542,0.0688,0,0.66,price_proxy,,,,
2020-01-17,0.5335,0.067,0,0.6316,price_proxy,,,,
2020-01-20,0.5332,0.0679,0,0.7339,price_proxy,,,,
2020-01-21,0.4675,0.0686,0,0.414,price_proxy,,,,
2020-01-22,0.4918,0.0687,0,0.5168,price_proxy,,,,
2020-01-23,0.4671,0.071,0,0.8672,price_proxy,,,,
2020-01-28,0.3601,0.088,0,1.9697,price_proxy,,,,
2020-01-29,0.3531,0.0854,0,0.7879,price_proxy,,,,
2020-01-30,0.3843,0.0837,0,1.2059,price_proxy,,,,
2020-01-31,0.3115,0.0866,0,1.6484,price_proxy,,,,
2020-02-03,0.3494,0.0863,0,1.1015,price_proxy,,,,
2020-02-04,0.4646,0.087,0,1.3862,price_proxy,,,,
2020-02-05,0.4559,0.0847,0,0.819,price_proxy,,,,
2020-02-06,0.5088,0.0925,0,1.0776,price_proxy,,,,
2020-02-07,0.5452,0.0872,0,0.9241,price_proxy,,,,
2020-02-10,0.5181,0.0872,0,0.8053,price_proxy,,,,
2020-02-11,0.527,0.0878,0,0.7207,price_proxy,,,,
2020-02-12,0.518,0.0869,0,1.2062,price_proxy,,,,
2020-02-13,0.4476,0.0826,0,1.0482,price_proxy,,,,
2020-02-14,0.4912,0.0839,0,0.5557,price_proxy,,,,
2020-02-17,0.491,0.0843,0,0.7801,price_proxy,,,,
2020-02-18,0.4644,0.0842,0,0.6562,price_proxy,,,,
2020-02-19,0.4821,0.0836,0,0.5383,price_proxy,,,,
2020-02-20,0.4462,0.0854,0,1.0328,price_proxy,,,,
2020-02-21,0.4022,0.0845,0,0.9026,price_proxy,,,,
2020-02-24,0.3198,0.0987,0,1.5994,price_proxy,,,,
2020-02-25,0.3552,0.0869,0,1.4727,price_proxy,,,,
2020-02-26,0.3378,0.0863,0,1.1404,price_proxy,,,,
2020-02-27,0.3894,0.0864,0,0.7984,price_proxy,,,,
2020-02-28,0.3654,0.085,0,1.5482,price_proxy,,,,
2020-03-02,0.4564,0.085,0,1.1728,price_proxy,,,,
2020-03-03,0.4902,0.0935,0,1.6512,price_proxy,,,,
2020-03-04,0.549,0.0983,0,0.969,price_proxy,,,,
2020-03-05,0.578,0.0939,0,0.9668,price_proxy,,,,
2020-03-06,0.5741,0.0971,0,1.1022,price_proxy,,,,
2020-03-09,0.5061,0.105,0,1.2237,price_proxy,,,,
2020-03-10,0.451,0.1043,0,1.5203,price_proxy,,,,
2020-03-11,0.3565,0.1062,0,1.5956,price_proxy,,,,
2020-03-12,0.2221,0.1176,0,1.9678,price_proxy,,,,
2020-03-13,0.2024,0.1197,0,1.8591,price_proxy,,,,
2020-03-16,0.2114,0.1228,0,1.2075,price_proxy,,,,
2020-03-17,0.1442,0.1246,0,1.2238,price_proxy,,,,
2020-03-18,0.0835,0.1319,0,1.2806,price_proxy,,,,
2020-03-19,0.0,0.163,0,2.0109,price_proxy,,,,
2020-03-20,0.139,0.1819,0,1.8977,price_proxy,,,,
2020-03-23,0.0,0.2116,0,1.3949,price_proxy,,,,
2020-03-24,0.1993,0.2466,0,1.5551,price_proxy,,,,
2020-03-25,0.6458,0.3279,0,2.2034,price_proxy,,,,
2020-03-26,0.8766,0.3276,0,1.3851,price_proxy,,,,
2020-03-27,0.8352,0.3303,0,1.4042,price_proxy,,,,
2020-03-30,1.0,0.3323,0,0.9128,price_proxy,,,,
2020-03-31,1.0,0.3329,0,1.3299,price_proxy,,,,
2020-04-01,0.5413,0.3373,0,0.8472,price_proxy,,,,
2020-04-02,0.6229,0.3382,0,0.7997,price_proxy,,,,
2020-04-03,0.5,0.3379,0,0.8057,price_proxy,,,,
2020-04-06,0.5185,0.3389,0,0.8396,price_proxy,,,,
2020-04-07,0.48,0.3396,0,0.8241,price_proxy,,,,
2020-04-08,0.5523,0.34,0,0.9194,price_proxy,,,,
2020-04-09,0.5255,0.3355,0,0.6742,price_proxy,,,,
2020-04-10,0.5973,0.3328,0,0.7004,price_proxy,,,,
2020-04-13,0.4771,0.3309,0,0.5213,price_proxy,,,,
2020-04-14,0.4753,0.3283,0,0.5092,price_proxy,,,,
2020-04-16,0.4977,0.3211,0,0.5372,price_proxy,,,,
2020-04-17,0.5823,0.2974,0,1.4317,price_proxy,,,,
2020-04-20,0.5181,0.2967,0,0.802,price_proxy,,,,
2020-04-21,0.5162,0.2571,0,0.9383,price_proxy,,,,
2020-04-22,0.4932,0.2397,0,0.6153,price_proxy,,,,
2020-04-23,0.5325,0.1422,0,0.6379,price_proxy,,,,
2020-04-24,0.4056,0.1419,0,0.3907,price_proxy,,,,
2020-04-27,0.5157,0.1419,0,1.0854,price_proxy,,,,
2020-04-28,0.5757,0.1393,0,0.9353,price_proxy,,,,
2020-04-29,0.7123,0.1531,0,2.4004,price_proxy,,,,
2020-05-04,0.6416,0.139,0,1.0776,price_proxy,,,,
2020-05-06,0.7143,0.1385,0,0.9799,price_proxy,,,,
2020-05-07,0.6246,0.1352,0,0.6432,price_proxy,,,,
2020-05-08,0.6105,0.1307,0,0.6153,price_proxy,,,,
2020-05-11,0.4381,0.1318,0,0.6129,price_proxy,,,,
2020-05-12,0.4424,0.1316,0,0.9051,price_proxy,,,,
2020-05-13,0.4022,0.1311,0,0.5919,price_proxy,,,,
2020-05-14,0.4058,0.131,0,0.9162,price_proxy,,,,
2020-05-15,0.389,0.129,0,1.0104,price_proxy,,,,
2020-05-18,0.451,0.1289,0,0.6192,price_proxy,,,,
2020-05-19,0.6076,0.1351,0,1.4279,price_proxy,,,,
2020-05-20,0.6007,0.1225,0,0.6082,price_proxy,,,,
2020-05-21,0.6978,0.126,0,2.1699,price_proxy,,,,
2020-05-22,0.6463,0.129,0,1.0302,price_proxy,,,,
2020-05-25,0.6659,0.1306,0,0.6761,price_proxy,,,,
2020-05-26,0.625,0.1323,0,1.1345,price_proxy,,,,
2020-05-27,0.6146,0.1317,0,0.8211,price_proxy,,,,
2020-05-28,0.55,0.1281,0,1.7025,price_proxy,,,,
2020-05-29,0.5103,0.142,0,2.1491,price_proxy,,,,
2020-06-01,0.5363,0.1273,0,1.0019,price_proxy,,,,
2020-06-02,0.5294,0.1233,0,0.9823,price_proxy,,,,
2020-06-03,0.6478,0.132,0,2.5322,price_proxy,,,,
2020-06-04,0.578,0.1351,0,1.2572,price_proxy,,,,
2020-06-05,0.7199,0.1352,0,0.6713,price_proxy,,,,
2020-06-08,0.6089,0.1347,0,0.8363,price_proxy,,,,
2020-06-09,0.5097,0.1328,0,1.0158,price_proxy,,,,
2020-06-10,0.3991,0.1333,0,0.5124,price_proxy,,,,
2020-06-11,0.4061,0.1357,0,0.9225,price_proxy,,,,
2020-06-12,0.337,0.1382,0,0.7954,price_proxy,,,,
2020-06-15,0.3103,0.1421,0,0.938,price_proxy,,,,
2020-06-16,0.4,0.1354,0,0.8484,price_proxy,,,,
2020-06-17,0.3976,0.1356,0,0.5633,price_proxy,,,,
2020-06-18,0.4507,0.1283,0,0.8009,price_proxy,,,,
2020-06-19,0.4577,0.1253,0,1.2189,price_proxy,,,,
2020-06-22,0.4647,0.1249,0,1.0792,price_proxy,,,,
2020-06-23,0.3259,0.129,0,1.8706,price_proxy,,,,
2020-06-24,0.2963,0.1301,0,2.1932,price_proxy,,,,
2020-06-25,0.2051,0.1342,0,1.8213,price_proxy,,,,
2020-06-26,0.2467,0.1266,0,0.839,price_proxy,,,,
2020-06-29,0.2318,0.1192,0,0.9576,price_proxy,,,,
2020-06-30,0.3337,0.1148,0,0.6119,price_proxy,,,,
2020-07-01,0.407,0.0957,0,0.7737,price_proxy,,,,
2020-07-02,0.4834,0.0953,0,0.6568,price_proxy,,,,
2020-07-03,0.4741,0.0919,0,0.7118,price_proxy,,,,
2020-07-06,0.5683,0.0958,0,0.6295,price_proxy,,,,
2020-07-07,0.5193,0.095,0,0.816,price_proxy,,,,
2020-07-08,0.5024,0.0969,0,0.6206,price_proxy,,,,
2020-07-09,0.5167,0.0972,0,0.739,price_proxy,,,,
2020-07-10,0.457,0.0987,0,0.8816,price_proxy,,,,
2020-07-13,0.5307,0.1153,0,1.1186,price_proxy,,,,
2020-07-14,0.5407,0.1103,0,0.4193,price_proxy,,,,
2020-07-15,0.538,0.1113,0,0.8129,price_proxy,,,,
2020-07-16,0.5735,0.1138,0,1.1626,price_proxy,,,,
2020-07-17,0.6661,0.1146,0,0.7628,price_proxy,,,,
2020-07-20,0.5395,0.1125,0,0.7095,price_proxy,,,,
2020-07-21,0.5869,0.1022,0,1.0117,price_proxy,,,,
2020-07-22,0.6026,0.1004,0,1.298,price_proxy,,,,
2020-07-23,0.5114,0.0923,0,0.9347,price_proxy,,,,
2020-07-24,0.4459,0.095,0,0.7361,price_proxy,,,,
2020-07-27,0.5159,0.0903,0,1.1735,price_proxy,,,,
2020-07-28,0.4775,0.0908,0,0.8245,price_proxy,,,,
2020-07-29,0.4401,0.0899,0,0.6237,price_proxy,,,,
2020-07-30,0.5,0.0896,0,0.662,price_proxy,,,,
2020-07-31,0.5348,0.0897,0,0.675,price_proxy,,,,
2020-08-03,0.4661,0.0897,0,0.5608,price_proxy,,,,
2020-08-04,0.5751,0.1003,0,2.0777,price_proxy,,,,
2020-08-05,0.5937,0.1003,0,2.1916,price_proxy,,,,
2020-08-06,0.6182,0.1012,0,1.8362,price_proxy,,,,
2020-08-07,0.5774,0.0982,0,1.1362,price_proxy,,,,
2020-08-10,0.6793,0.0923,0,1.6005,price_proxy,,,,
2020-08-11,0.5921,0.0907,0,1.5411,price_proxy,,,,
2020-08-12,0.6288,0.0923,0,1.1391,price_proxy,,,,
2020-08-13,0.588,0.0915,0,1.065,price_proxy,,,,
2020-08-14,0.5877,0.0953,0,0.8282,price_proxy,,,,
2020-08-18,0.4578,0.0991,0,0.934,price_proxy,,,,
2020-08-19,0.4706,0.0992,0,0.4816,price_proxy,,,,
2020-08-20,0.3462,0.1093,0,1.0161,price_proxy,,,,
2020-08-21,0.3582,0.1058,0,0.6508,price_proxy,,,,
2020-08-24,0.3866,0.1037,0,0.5582,price_proxy,,,,
2020-08-25,0.5237,0.111,0,0.7584,price_proxy,,,,
2020-08-26,0.466,0.1124,0,0.5559,price_proxy,,,,
2020-08-27,0.5089,0.1152,0,0.5226,price_proxy,,,,
2020-08-28,0.5332,0.1162,0,0.4774,price_proxy,,,,
2020-08-31,0.4955,0.1197,0,0.8269,price_proxy,,,,
2020-09-01,0.4404,0.1202,0,0.4214,price_proxy,,,,
2020-09-02,0.5455,0.1157,0,1.3313,price_proxy,,,,
2020-09-03,0.5885,0.1158,0,0.6751,price_proxy,,,,
2020-09-04,0.5109,0.1168,0,0.723,price_proxy,,,,
2020-09-07,0.596,0.1155,0,0.7907,price_proxy,,,,
2020-09-08,0.5483,0.1077,0,0.8351,price_proxy,,,,
2020-09-09,0.445,0.1085,0,0.7034,price_proxy,,,,
2020-09-10,0.4661,0.1061,0,0.8358,price_proxy,,,,
2020-09-11,0.5065,0.1061,0,0.4693,price_proxy,,,,
2020-09-14,0.4957,0.1046,0,0.8525,price_proxy,,,,
2020-09-15,0.53,0.1015,0,0.9098,price_proxy,,,,
2020-09-16,0.574,0.1008,0,1.1305,price_proxy,,,,
2020-09-17,0.5086,0.0924,0,0.9183,price_proxy,,,,
2020-09-18,0.5108,0.0923,0,0.5157,price_proxy,,,,
2020-09-21,0.4637,0.0932,0,0.7,price_proxy,,,,
2020-09-22,0.4092,0.081,0,1.1103,price_proxy,,,,
2020-09-23,0.4014,0.0795,0,0.6805,price_proxy,,,,
2020-09-24,0.4185,0.0773,0,0.7188,price_proxy,,,,
2020-09-25,0.4464,0.0768,0,0.5308,price_proxy,,,,
2020-09-28,0.4739,0.0718,0,0.628,price_proxy,,,,
2020-09-29,0.5221,0.0699,0,0.8103,price_proxy,,,,
2020-10-05,0.5751,0.0648,0,1.0792,price_proxy,,,,
2020-10-06,0.5761,0.0662,0,0.6169,price_proxy,,,,
2020-10-07,0.5662,0.0629,0,0.5795,price_proxy,,,,
2020-10-08,0.5683,0.0605,0,1.0993,price_proxy,,,,
2020-10-12,0.581,0.0615,0,1.4364,price_proxy,,,,
2020-10-13,0.5106,0.0595,0,0.8708,price_proxy,,,,
2020-10-14,0.5151,0.06,0,0.7576,price_proxy,,,,
2020-10-15,0.4893,0.0601,0,0.6377,price_proxy,,,,
2020-10-16,0.4617,0.0603,0,0.8102,price_proxy,,,,
2020-10-19,0.4537,0.0599,0,1.0668,price_proxy,,,,
2020-10-20,0.4619,0.0593,0,0.7917,price_proxy,,,,
2020-10-21,0.515,0.0573,0,1.2331,price_proxy,,,,
2020-10-22,0.5429,0.0583,0,2.7017,price_proxy,,,,
2020-10-23,0.6933,0.0841,0,3.7718,price_proxy,,,,
2020-10-26,0.6055,0.0898,0,1.532,price_proxy,,,,
2020-10-27,0.5388,0.0983,0,1.6371,price_proxy,,,,
2020-10-28,0.6062,0.1087,0,1.5152,price_proxy,,,,
2020-10-29,0.5714,0.1088,0,0.9932,price_proxy,,,,
2020-10-30,0.3891,0.1157,0,0.7856,price_proxy,,,,
2020-11-02,0.5082,0.119,0,0.7009,price_proxy,,,,
2020-11-03,0.5825,0.1158,0,0.669,price_proxy,,,,
2020-11-04,0.4839,0.1146,0,0.6813,price_proxy,,,,
2020-11-05,0.5487,0.1171,0,1.0314,price_proxy,,,,
2020-11-06,0.5901,0.1184,0,0.6121,price_proxy,,,,
2020-11-09,0.5774,0.1199,0,1.0953,price_proxy,,,,
2020-11-10,0.5833,0.1194,0,0.9545,price_proxy,,,,
2020-11-11,0.6646,0.1235,0,1.5221,price_proxy,,,,
2020-11-12,0.5792,0.1251,0,0.8641,price_proxy,,,,
2020-11-13,0.5863,0.1248,0,0.9869,price_proxy,,,,
2020-11-16,0.6373,0.1324,0,1.7045,price_proxy,,,,
2020-11-17,0.6268,0.1322,0,1.2347,price_proxy,,,,
2020-11-18,0.5282,0.1332,0,0.7884,price_proxy,,,,
2020-11-19,0.5571,0.1333,0,0.656,price_proxy,,,,
2020-11-20,0.5769,0.1189,0,0.616,price_proxy,,,,
2020-11-23,0.555,0.117,0,1.2122,price_proxy,,,,
2020-11-24,0.5734,0.1078,0,1.0356,price_proxy,,,,
2020-11-25,0.5833,0.0986,0,1.5441,price_proxy,,,,
2020-11-26,0.6019,0.0976,0,0.6408,price_proxy,,,,
2020-11-27,0.5741,0.0902,0,0.8637,price_proxy,,,,
2020-11-30,0.4196,0.1004,0,1.474,price_proxy,,,,
2020-12-01,0.4912,0.1097,0,1.03,price_proxy,,,,
2020-12-02,0.4822,0.1107,0,0.8166,price_proxy,,,,
2020-12-03,0.5088,0.11,0,1.0351,price_proxy,,,,
2020-12-04,0.6071,0.1118,0,1.9345,price_proxy,,,,
2020-12-07,0.6674,0.1128,0,1.0397,price_proxy,,,,
2020-12-08,0.5622,0.1134,0,0.6282,price_proxy,,,,
2020-12-09,0.6076,0.1078,0,0.7929,price_proxy,,,,
2020-12-10,0.5789,0.1057,0,0.8766,price_proxy,,,,
2020-12-11,0.5678,0.1068,0,0.8654,price_proxy,,,,
2020-12-14,0.5429,0.1025,0,0.987,price_proxy,,,,
2020-12-15,0.5517,0.1025,0,0.8043,price_proxy,,,,
2020-12-16,0.5426,0.1014,0,0.707,price_proxy,,,,
2020-12-17,0.5,0.103,0,0.7196,price_proxy,,,,
2020-12-18,0.4426,0.103,0,0.6549,price_proxy,,,,
2020-12-21,0.4664,0.098,0,0.77,price_proxy,,,,
2020-12-22,0.4076,0.1034,0,1.1995,price_proxy,,,,
2020-12-23,0.4167,0.1042,0,0.7027,price_proxy,,,,
2020-12-24,0.4916,0.1072,0,0.9944,price_proxy,,,,
2020-12-28,0.4747,0.1065,0,1.4257,price_proxy,,,,
2020-12-29,0.406,0.1099,0,1.3681,price_proxy,,,,
2020-12-30,0.4912,0.0992,0,0.8732,price_proxy,,,,
2021-01-04,0.4478,0.0992,0,1.2734,price_proxy,,,,
2021-01-05,0.4661,0.1036,0,1.3774,price_proxy,,,,
2021-01-06,0.5598,0.1051,0,4.2425,price_proxy,,,,
2021-01-07,0.6794,0.1041,0,1.6824,price_proxy,,,,
2021-01-08,0.6504,0.1039,0,1.5541,price_proxy,,,,
2021-01-11,0.7143,0.1051,0,3.3298,price_proxy,,,,
2021-01-12,0.5603,0.1127,0,1.3466,price_proxy,,,,
2021-01-13,0.5083,0.109,0,0.7634,price_proxy,,,,
2021-01-14,0.4835,0.1057,0,0.4706,price_proxy,,,,
2021-01-15,0.4342,0.1091,0,0.8813,price_proxy,,,,
2021-01-18,0.3387,0.1129,0,0.6725,price_proxy,,,,
2021-01-19,0.4498,0.1151,0,0.461,price_proxy,,,,
2021-01-20,0.4256,0.1151,0,0.4823,price_proxy,,,,
2021-01-21,0.4336,0.1143,0,0.557,price_proxy,,,,
2021-01-22,0.4745,0.1095,0,0.7687,price_proxy,,,,
2021-01-25,0.5789,0.1109,0,0.5952,price_proxy,,,,
2021-01-26,0.4742,0.1122,0,0.5193,price_proxy,,,,
2021-01-27,0.4828,0.112,0,0.5039,price_proxy,,,,
2021-01-28,0.4313,0.1035,0,0.5419,price_proxy,,,,
2021-01-29,0.4052,0.1043,0,0.8879,price_proxy,,,,
2021-02-01,0.4916,0.1267,0,0.9427,price_proxy,,,,
2021-02-02,0.5261,0.1222,0,0.5381,price_proxy,,,,
2021-02-03,0.5087,0.1145,0,0.5771,price_proxy,,,,
2021-02-04,0.5889,0.1151,0,0.6983,price_proxy,,,,
2021-02-05,0.6448,0.1155,0,0.648,price_proxy,,,,
2021-02-08,0.5085,0.113,0,0.6383,price_proxy,,,,
2021-02-09,0.5172,0.1067,0,0.5553,price_proxy,,,,
2021-02-10,0.5259,0.1057,0,0.7773,price_proxy,,,,
2021-02-15,0.483,0.1059,0,0.7105,price_proxy,,,,
2021-02-16,0.4662,0.1027,0,0.5102,price_proxy,,,,
2021-02-17,0.4409,0.0984,0,0.7158,price_proxy,,,,
2021-02-18,0.4404,0.0959,0,0.6434,price_proxy,,,,
2021-02-19,0.4319,0.0959,0,0.7199,price_proxy,,,,
2021-02-22,0.4485,0.0959,0,0.7049,price_proxy,,,,
2021-02-23,0.4485,0.0959,0,0.6262,price_proxy,,,,
2021-02-24,0.4217,0.0961,0,1.5204,price_proxy,,,,
2021-02-25,0.4825,0.0951,0,0.9311,price_proxy,,,,
2021-02-26,0.4119,0.1035,0,1.3697,price_proxy,,,,
2021-03-02,0.4383,0.1016,0,0.7996,price_proxy,,,,
2021-03-03,0.5088,0.107,0,1.3465,price_proxy,,,,
2021-03-04,0.5362,0.0785,0,0.9288,price_proxy,,,,
2021-03-05,0.4558,0.0795,0,0.8116,price_proxy,,,,
2021-03-08,0.5369,0.0795,0,0.8103,price_proxy,,,,
2021-03-09,0.5182,0.0781,0,0.8881,price_proxy,,,,
2021-03-10,0.4561,0.0775,0,0.5355,price_proxy,,,,
2021-03-11,0.5,0.0785,0,1.0815,price_proxy,,,,
2021-03-12,0.5543,0.0791,0,0.7872,price_proxy,,,,
2021-03-15,0.5633,0.0793,0,0.7549,price_proxy,,,,
2021-03-16,0.5721,0.0796,0,0.832,price_proxy,,,,
2021-03-17,0.5717,0.0798,0,0.7618,price_proxy,,,,
2021-03-18,0.5444,0.0787,0,0.763,price_proxy,,,,
2021-03-19,0.5264,0.0781,0,0.8295,price_proxy,,,,
2021-03-22,0.5,0.0785,0,0.4593,price_proxy,,,,
2021-03-23,0.4652,0.0791,0,0.6425,price_proxy,,,,
2021-03-24,0.4481,0.0792,0,0.5592,price_proxy,,,,
2021-03-25,0.4826,0.0748,0,0.4682,price_proxy,,,,
2021-03-26,0.5,0.0716,0,1.0443,price_proxy,,,,
2021-03-29,0.5088,0.0558,0,0.7007,price_proxy,,,,
2021-03-30,0.5177,0.0549,0,0.813,price_proxy,,,,
2021-03-31,0.5711,0.0454,0,1.6148,price_proxy,,,,
2021-04-01,0.5175,0.0453,0,1.2709,price_proxy,,,,
2021-04-02,0.5087,0.0402,0,0.7964,price_proxy,,,,
2021-04-05,0.5,0.0418,0,1.0306,price_proxy,,,,
2021-04-06,0.5439,0.0449,0,1.9368,price_proxy,,,,
2021-04-07,0.5773,0.0591,0,4.8438,price_proxy,,,,
2021-04-08,0.6304,0.0595,0,1.8396,price_proxy,,,,
2021-04-09,0.5779,0.0648,0,1.0492,price_proxy,,,,
2021-04-12,0.5873,0.0651,0,1.1796,price_proxy,,,,
2021-04-13,0.5515,0.0648,0,0.7269,price_proxy,,,,
2021-04-14,0.4752,0.0648,0,0.7534,price_proxy,,,,
2021-04-15,0.4673,0.0648,0,0.7234,price_proxy,,,,
2021-04-16,0.5,0.0651,0,0.7168,price_proxy,,,,
2021-04-19,0.4833,0.066,0,0.8156,price_proxy,,,,
2021-04-20,0.5335,0.0692,0,1.0444,price_proxy,,,,
2021-04-21,0.5,0.072,0,0.6645,price_proxy,,,,
2021-04-22,0.4834,0.0711,0,0.6788,price_proxy,,,,
2021-04-23,0.5417,0.0749,0,1.34,price_proxy,,,,
2021-04-26,0.5928,0.0749,0,0.911,price_proxy,,,,
2021-04-27,0.5494,0.0743,0,0.7962,price_proxy,,,,
2021-04-28,0.5586,0.0736,0,0.916,price_proxy,,,,
2021-04-29,0.5502,0.072,0,0.7775,price_proxy,,,,
2021-04-30,0.598,0.0868,0,2.5402,price_proxy,,,,
2021-05-03,0.4919,0.0979,0,1.5473,price_proxy,,,,
2021-05-04,0.5161,0.0977,0,1.0235,price_proxy,,,,
2021-05-06,0.6463,0.104,0,2.049,price_proxy,,,,
2021-05-07,0.6551,0.1037,0,1.1626,price_proxy,,,,
2021-05-10,0.5934,0.1012,0,1.6657,price_proxy,,,,
2021-05-11,0.6619,0.1016,0,1.1176,price_proxy,,,,
2021-05-12,0.5797,0.1058,0,1.6083,price_proxy,,,,
2021-05-13,0.4697,0.1061,0,1.0059,price_proxy,,,,
2021-05-14,0.5152,0.1079,0,0.8683,price_proxy,,,,
2021-05-17,0.4331,0.1115,0,0.9172,price_proxy,,,,
2021-05-18,0.5075,0.1132,0,0.6853,price_proxy,,,,
2021-05-20,0.569,0.1112,0,0.6126,price_proxy,,,,
2021-05-21,0.5308,0.1127,0,0.6995,price_proxy,,,,
2021-05-24,0.5075,0.1128,0,0.5668,price_proxy,,,,
2021-05-25,0.5769,0.1109,0,0.3971,price_proxy,,,,
2021-05-26,0.4925,0.1119,0,0.5692,price_proxy,,,,
2021-05-27,0.4704,0.1122,0,1.1976,price_proxy,,,,
2021-05-28,0.5303,0.1109,0,0.4774,price_proxy,,,,
2021-05-31,0.47,0.1133,0,1.2784,price_proxy,,,,
2021-06-01,0.4481,0.1014,0,0.7162,price_proxy,,,,
2021-06-02,0.4775,0.0909,0,0.5518,price_proxy,,,,
2021-06-03,0.4774,0.0901,0,0.6148,price_proxy,,,,
2021-06-04,0.4478,0.0718,0,0.5026,price_proxy,,,,
2021-06-07,0.4848,0.0718,0,0.5101,price_proxy,,,,
2021-06-08,0.4848,0.0684,0,0.7167,price_proxy,,,,
2021-06-09,0.447,0.0698,0,0.7795,price_proxy,,,,
2021-06-10,0.462,0.066,0,1.1134,price_proxy,,,,
2021-06-11,0.4693,0.066,0,0.7406,price_proxy,,,,
2021-06-14,0.4387,0.0623,0,0.6329,price_proxy,,,,
2021-06-15,0.4617,0.0598,0,0.9584,price_proxy,,,,
2021-06-16,0.5156,0.0506,0,0.7462,price_proxy,,,,
2021-06-17,0.4845,0.0506,0,0.8244,price_proxy,,,,
2021-06-18,0.4922,0.0456,0,0.8591,price_proxy,,,,
2021-06-21,0.4921,0.0456,0,0.7817,price_proxy,,,,
2021-06-22,0.4688,0.043,0,0.5375,price_proxy,,,,
2021-06-23,0.4382,0.0421,0,0.5762,price_proxy,,,,
2021-06-24,0.5,0.0486,0,0.6255,price_proxy,,,,
2021-06-25,0.5312,0.0512,0,1.2511,price_proxy,,,,
2021-06-28,0.5794,0.0482,0,0.8315,price_proxy,,,,
2021-06-29,0.5476,0.0508,0,0.5166,price_proxy,,,,
2021-06-30,0.5558,0.0506,0,0.5573,price_proxy,,,,
2021-07-01,0.4766,0.0541,0,0.841,price_proxy,,,,
2021-07-02,0.4538,0.0541,0,0.4275,price_proxy,,,,
2021-07-05,0.4466,0.0544,0,0.2779,price_proxy,,,,
2021-07-06,0.4767,0.0544,0,0.3904,price_proxy,,,,
2021-07-07,0.4535,0.0534,0,0.8041,price_proxy,,,,
2021-07-08,0.4763,0.0536,0,0.768,price_proxy,,,,
2021-07-09,0.437,0.0557,0,1.4199,price_proxy,,,,
2021-07-12,0.4608,0.0568,0,0.609,price_proxy,,,,
2021-07-13,0.4686,0.0554,0,1.1378,price_proxy,,,,
2021-07-14,0.4762,0.054,0,0.6933,price_proxy,,,,
2021-07-15,0.532,0.0576,0,0.7072,price_proxy,,,,
2021-07-16,0.5569,0.0577,0,1.3891,price_proxy,,,,
2021-07-19,0.516,0.0554,0,1.0268,price_proxy,,,,
2021-07-20,0.4841,0.0568,0,0.8878,price_proxy,,,,
2021-07-21,0.4839,0.0573,0,0.9157,price_proxy,,,,
2021-07-22,0.5,0.0614,0,1.3891,price_proxy,,,,
2021-07-23,0.5553,0.0644,0,2.9782,price_proxy,,,,
2021-07-26,0.5079,0.0698,0,1.1826,price_proxy,,,,
2021-07-27,0.5321,0.0681,0,0.851,price_proxy,,,,
2021-07-28,0.581,0.0704,0,0.8906,price_proxy,,,,
2021-07-29,0.5157,0.0672,0,0.8726,price_proxy,,,,
2021-07-30,0.4538,0.0677,0,1.4058,price_proxy,,,,
2021-08-02,0.5395,0.0696,0,0.9561,price_proxy,,,,
2021-08-03,0.5395,0.0696,0,0.8873,price_proxy,,,,
2021-08-04,0.5156,0.0683,0,0.8685,price_proxy,,,,
2021-08-05,0.5234,0.0675,0,0.751,price_proxy,,,,
2021-08-06,0.5236,0.0654,0,0.7691,price_proxy,,,,
2021-08-09,0.4922,0.0636,0,0.6802,price_proxy,,,,
2021-08-10,0.4922,0.0635,0,0.6841,price_proxy,,,,
2021-08-11,0.5232,0.0654,0,1.9569,price_proxy,,,,
2021-08-12,0.5,0.064,0,1.1211,price_proxy,,,,
2021-08-13,0.4922,0.0652,0,1.15,price_proxy,,,,
2021-08-17,0.4844,0.0652,0,1.2246,price_proxy,,,,
2021-08-18,0.5,0.064,0,1.2271,price_proxy,,,,
2021-08-19,0.3855,0.0767,0,2.0087,price_proxy,,,,
2021-08-20,0.4073,0.07,0,1.4421,price_proxy,,,,
2021-08-23,0.4688,0.0686,0,1.2027,price_proxy,,,,
2021-08-24,0.5235,0.0674,0,0.8949,price_proxy,,,,
2021-08-25,0.5233,0.0678,0,1.0387,price_proxy,,,,
2021-08-26,0.6134,0.0659,0,0.7982,price_proxy,,,,
2021-08-27,0.6377,0.0666,0,1.1075,price_proxy,,,,
2021-08-30,0.5873,0.0661,0,0.8456,price_proxy,,,,
2021-08-31,0.5543,0.0646,0,1.5319,price_proxy,,,,
2021-09-01,0.5462,0.0646,0,0.9541,price_proxy,,,,
2021-09-02,0.5383,0.0646,0,1.4203,price_proxy,,,,
2021-09-03,0.5152,0.0646,0,0.7305,price_proxy,,,,
2021-09-06,0.5228,0.0638,0,0.4139,price_proxy,,,,
2021-09-07,0.4849,0.0653,0,0.4276,price_proxy,,,,
2021-09-08,0.4699,0.0655,0,0.811,price_proxy,,,,
2021-09-09,0.4699,0.0622,0,1.0879,price_proxy,,,,
2021-09-10,0.5301,0.0686,0,1.1643,price_proxy,,,,
2021-09-13,0.5,0.0694,0,0.6459,price_proxy,,,,
2021-09-14,0.5456,0.0698,0,0.9976,price_proxy,,,,
2021-09-15,0.5458,0.0699,0,0.587,price_proxy,,,,
2021-09-16,0.5229,0.0552,0,0.8395,price_proxy,,,,
2021-09-17,0.4852,0.0556,0,1.3151,price_proxy,,,,
2021-09-23,0.4925,0.0548,0,0.9525,price_proxy,,,,
2021-09-24,0.4554,0.0504,0,0.9119,price_proxy,,,,
2021-09-27,0.4552,0.05,0,0.5421,price_proxy,,,,
2021-09-28,0.4623,0.0506,0,0.9239,price_proxy,,,,
2021-09-29,0.403,0.0527,0,1.4507,price_proxy,,,,
2021-09-30,0.4472,0.0545,0,1.0317,price_proxy,,,,
2021-10-01,0.424,0.057,0,0.9256,price_proxy,,,,
2021-10-05,0.416,0.0568,0,1.3073,price_proxy,,,,
2021-10-06,0.4231,0.0568,0,1.1403,price_proxy,,,,
2021-10-07,0.5,0.0618,0,0.936,price_proxy,,,,
2021-10-08,0.4457,0.0634,0,0.7595,price_proxy,,,,
2021-10-12,0.4842,0.0627,0,0.9318,price_proxy,,,,
2021-10-13,0.5558,0.0703,0,0.9773,price_proxy,,,,
2021-10-14,0.572,0.0705,0,0.8738,price_proxy,,,,
2021-10-15,0.5392,0.0617,0,0.7711,price_proxy,,,,
2021-10-18,0.5797,0.0602,0,0.7529,price_proxy,,,,
2021-10-19,0.5956,0.0595,0,0.5862,price_proxy,,,,
2021-10-20,0.5388,0.0594,0,0.8308,price_proxy,,,,
2021-10-21,0.5463,0.0589,0,0.9831,price_proxy,,,,
2021-10-22,0.5154,0.0587,0,0.7179,price_proxy,,,,
2021-10-25,0.5307,0.059,0,1.4018,price_proxy,,,,
2021-10-26,0.5456,0.0604,0,1.1767,price_proxy,,,,
2021-10-27,0.5152,0.0626,0,1.7255,price_proxy,,,,
2021-10-28,0.4774,0.0633,0,1.3646,price_proxy,,,,
2021-10-29,0.5076,0.0594,0,1.2019,price_proxy,,,,
2021-11-01,0.4698,0.059,0,1.0882,price_proxy,,,,
2021-11-02,0.4405,0.0546,0,0.7984,price_proxy,,,,
2021-11-03,0.4472,0.0555,0,1.0407,price_proxy,,,,
2021-11-04,0.4847,0.0555,0,0.9485,price_proxy,,,,
2021-11-05,0.4696,0.052,0,0.7816,price_proxy,,,,
2021-11-08,0.4923,0.0487,0,0.6241,price_proxy,,,,
2021-11-09,0.4847,0.049,0,0.8391,price_proxy,,,,
2021-11-10,0.5,0.0396,0,0.7063,price_proxy,,,,
2021-11-11,0.4846,0.0393,0,0.8427,price_proxy,,,,
2021-11-12,0.5154,0.0411,0,0.7183,price_proxy,,,,
2021-11-15,0.5308,0.0427,0,0.6949,price_proxy,,,,
2021-11-16,0.5541,0.0426,0,1.0618,price_proxy,,,,
2021-11-17,0.531,0.0458,0,0.9149,price_proxy,,,,
2021-11-18,0.5233,0.0451,0,0.5735,price_proxy,,,,
2021-11-19,0.4923,0.0437,0,0.606,price_proxy,,,,
2021-11-22,0.4848,0.0426,0,1.1388,price_proxy,,,,
2021-11-23,0.4624,0.039,0,0.9902,price_proxy,,,,
2021-11-24,0.5,0.0363,0,0.8688,price_proxy,,,,
2021-11-25,0.4923,0.0352,0,0.6271,price_proxy,,,,
2021-11-26,0.4692,0.0383,0,1.0273,price_proxy,,,,
2021-11-29,0.4313,0.0393,0,1.3081,price_proxy,,,,
2021-11-30,0.3927,0.0458,0,2.3972,price_proxy,,,,
2021-12-01,0.4008,0.046,0,1.6925,price_proxy,,,,
2021-12-02,0.4308,0.0461,0,1.2257,price_proxy,,,,
2021-12-03,0.5078,0.0534,0,1.2796,price_proxy,,,,
2021-12-06,0.5711,0.0573,0,1.5473,price_proxy,,,,
2021-12-07,0.6377,0.0575,0,0.7487,price_proxy,,,,
2021-12-08,0.6285,0.0573,0,1.2176,price_proxy,,,,
2021-12-09,0.6355,0.0583,0,1.483,price_proxy,,,,
2021-12-10,0.5778,0.0575,0,1.0392,price_proxy,,,,
2021-12-13,0.5458,0.0564,0,1.1581,price_proxy,,,,
2021-12-14,0.5227,0.0561,0,1.4467,price_proxy,,,,
2021-12-15,0.5075,0.0537,0,0.7896,price_proxy,,,,
2021-12-16,0.4851,0.0535,0,0.7356,price_proxy,,,,
2021-12-17,0.515,0.0542,0,1.8557,price_proxy,,,,
2021-12-20,0.4925,0.0547,0,0.8723,price_proxy,,,,
2021-12-21,0.5075,0.0545,0,1.4099,price_proxy,,,,
2021-12-22,0.515,0.0544,0,0.984,price_proxy,,,,
2021-12-23,0.5075,0.0538,0,1.296,price_proxy,,,,
2021-12-24,0.4926,0.0505,0,1.6514,price_proxy,,,,
2021-12-27,0.5075,0.0481,0,1.5206,price_proxy,,,,
2021-12-28,0.5299,0.0394,0,4.1187,price_proxy,,,,
2021-12-29,0.3881,0.0883,0,2.5826,price_proxy,,,,
2021-12-30,0.3727,0.0889,0,0.7337,price_proxy,,,,
2022-01-03,0.3209,0.0881,0,1.0134,price_proxy,,,,
2022-01-04,0.3209,0.0848,0,0.7154,price_proxy,,,,
2022-01-05,0.2868,0.0839,0,0.6985,price_proxy,,,,
2022-01-06,0.3577,0.0887,0,1.3113,price_proxy,,,,
2022-01-07,0.412,0.0902,0,0.7044,price_proxy,,,,
2022-01-10,0.459,0.0904,0,0.6105,price_proxy,,,,
2022-01-11,0.4508,0.0899,0,0.7374,price_proxy,,,,
2022-01-12,0.4918,0.093,0,0.7624,price_proxy,,,,
2022-01-13,0.5766,0.094,0,0.8219,price_proxy,,,,
2022-01-14,0.5167,0.0943,0,0.3804,price_proxy,,,,
2022-01-17,0.5084,0.0926,0,0.3179,price_proxy,,,,
2022-01-18,0.5,0.0926,0,0.3512,price_proxy,,,,
2022-01-19,0.4504,0.0921,0,0.2966,price_proxy,,,,
2022-01-20,0.4344,0.0921,0,0.4106,price_proxy,,,,
2022-01-21,0.4336,0.0923,0,0.396,price_proxy,,,,
2022-01-24,0.425,0.0916,0,0.4236,price_proxy,,,,
2022-01-25,0.3992,0.0924,0,0.7581,price_proxy,,,,
2022-01-26,0.4407,0.0919,0,0.8936,price_proxy,,,,
2022-01-27,0.3983,0.0637,0,1.0107,price_proxy,,,,
2022-01-28,0.4571,0.0681,0,0.762,price_proxy,,,,
2022-02-03,0.5087,0.0682,0,0.838,price_proxy,,,,
2022-02-04,0.5708,0.0692,0,0.6613,price_proxy,,,,
2022-02-07,0.5437,0.0692,0,0.7823,price_proxy,,,,
2022-02-08,0.6071,0.0605,0,1.3063,price_proxy,,,,
2022-02-09,0.5877,0.0584,0,0.9104,price_proxy,,,,
2022-02-10,0.5431,0.0585,0,1.0787,price_proxy,,,,
2022-02-11,0.5342,0.0586,0,0.93,price_proxy,,,,
2022-02-14,0.5342,0.0555,0,0.8123,price_proxy,,,,
2022-02-15,0.4915,0.0559,0,0.5818,price_proxy,,,,
2022-02-16,0.4832,0.055,0,0.6621,price_proxy,,,,
2022-02-17,0.4916,0.0549,0,1.1619,price_proxy,,,,
2022-02-18,0.4832,0.0542,0,0.4624,price_proxy,,,,
2022-02-21,0.4748,0.0537,0,0.6026,price_proxy,,,,
2022-02-22,0.4915,0.0538,0,0.8211,price_proxy,,,,
2022-02-23,0.4915,0.0522,0,0.9777,price_proxy,,,,
2022-02-24,0.4492,0.0564,0,1.1406,price_proxy,,,,
2022-02-25,0.4746,0.0526,0,0.8163,price_proxy,,,,
2022-02-28,0.466,0.052,0,1.5421,price_proxy,,,,
2022-03-02,0.5171,0.0503,0,1.6959,price_proxy,,,,
2022-03-03,0.5255,0.0479,0,1.1745,price_proxy,,,,
2022-03-04,0.5435,0.0471,0,0.694,price_proxy,,,,
2022-03-07,0.4571,0.0562,0,1.2846,price_proxy,,,,
2022-03-08,0.4481,0.0575,0,1.0062,price_proxy,,,,
2022-03-10,0.4322,0.0588,0,1.2604,price_proxy,,,,
2022-03-11,0.4076,0.0577,0,1.0751,price_proxy,,,,
2022-03-14,0.4234,0.0577,0,1.2029,price_proxy,,,,
2022-03-15,0.4825,0.0573,0,1.2631,price_proxy,,,,
2022-03-16,0.5178,0.0578,0,2.1506,price_proxy,,,,
2022-03-17,0.5175,0.0588,0,2.2989,price_proxy,,,,
2022-03-18,0.5176,0.0586,0,3.2365,price_proxy,,,,
2022-03-21,0.5,0.0598,0,1.425,price_proxy,,,,
2022-03-22,0.5177,0.0609,0,0.5281,price_proxy,,,,
2022-03-23,0.5088,0.0609,0,0.9963,price_proxy,,,,
2022-03-24,0.4913,0.0611,0,0.7769,price_proxy,,,,
2022-03-25,0.4825,0.0613,0,0.6128,price_proxy,,,,
2022-03-28,0.5265,0.0581,0,0.5259,price_proxy,,,,
2022-03-29,0.5,0.0564,0,0.7863,price_proxy,,,,
2022-03-30,0.5,0.0557,0,0.8181,price_proxy,,,,
2022-03-31,0.4913,0.0499,0,0.8356,price_proxy,,,,
2022-04-01,0.5176,0.0491,0,0.9812,price_proxy,,,,
2022-04-04,0.5175,0.0488,0,0.5945,price_proxy,,,,
2022-04-05,0.5088,0.0379,0,0.6791,price_proxy,,,,
2022-04-06,0.4912,0.0363,0,0.9585,price_proxy,,,,
2022-04-07,0.4737,0.0346,0,1.0363,price_proxy,,,,
2022-04-08,0.4738,0.0347,0,0.598,price_proxy,,,,
2022-04-11,0.4654,0.0347,0,0.8256,price_proxy,,,,
2022-04-12,0.4651,0.036,0,0.685,price_proxy,,,,
2022-04-13,0.5088,0.0385,0,0.6923,price_proxy,,,,
2022-04-14,0.5,0.0382,0,2.0238,price_proxy,,,,
2022-04-15,0.4646,0.0402,0,1.7163,price_proxy,,,,
2022-04-18,0.4471,0.0383,0,1.2989,price_proxy,,,,
2022-04-19,0.4644,0.0367,0,1.3087,price_proxy,,,,
2022-04-20,0.4211,0.0375,0,1.5477,price_proxy,,,,
2022-04-21,0.4644,0.0387,0,1.2464,price_proxy,,,,
2022-04-22,0.464,0.0401,0,1.391,price_proxy,,,,
2022-04-25,0.4005,0.0527,0,1.9091,price_proxy,,,,
2022-04-26,0.4276,0.0562,0,0.7827,price_proxy,,,,
2022-04-27,0.3995,0.06,0,0.9554,price_proxy,,,,
2022-04-28,0.4095,0.0631,0,0.8705,price_proxy,,,,
2022-04-29,0.4908,0.0714,0,0.8841,price_proxy,,,,
2022-05-02,0.5571,0.0703,0,0.6559,price_proxy,,,,
2022-05-03,0.5,0.071,0,0.7417,price_proxy,,,,
2022-05-04,0.5385,0.0708,0,0.6163,price_proxy,,,,
2022-05-06,0.481,0.0715,0,0.8594,price_proxy,,,,
2022-05-09,0.4171,0.0709,0,0.7149,price_proxy,,,,
2022-05-10,0.3981,0.0711,0,1.3555,price_proxy,,,,
2022-05-11,0.4061,0.0711,0,0.5824,price_proxy,,,,
2022-05-12,0.3868,0.0688,0,1.3296,price_proxy,,,,
2022-05-13,0.4522,0.0737,0,0.716,price_proxy,,,,
2022-05-16,0.4423,0.0733,0,0.6968,price_proxy,,,,
2022-05-17,0.4805,0.074,0,0.8535,price_proxy,,,,
2022-05-18,0.5,0.074,0,0.7526,price_proxy,,,,
2022-05-19,0.51,0.0741,0,0.9348,price_proxy,,,,
2022-05-20,0.5,0.0756,0,0.6573,price_proxy,,,,
2022-05-23,0.5396,0.0761,0,0.5923,price_proxy,,,,
2022-05-24,0.5296,0.066,0,0.829,price_proxy,,,,
2022-05-25,0.5493,0.0649,0,0.856,price_proxy,,,,
2022-05-26,0.5796,0.0601,0,0.8371,price_proxy,,,,
2022-05-27,0.5686,0.0589,0,1.0678,price_proxy,,,,
2022-05-30,0.5777,0.0524,0,0.9359,price_proxy,,,,
2022-05-31,0.5971,0.0532,0,2.3372,price_proxy,,,,
2022-06-02,0.5192,0.0593,0,0.8791,price_proxy,,,,
2022-06-03,0.5096,0.0591,0,0.6538,price_proxy,,,,
2022-06-07,0.4526,0.0606,0,0.8337,price_proxy,,,,
2022-06-08,0.4159,0.0606,0,0.7198,price_proxy,,,,
2022-06-09,0.3981,0.0587,0,2.243,price_proxy,,,,
2022-06-10,0.4333,0.0587,0,0.9079,price_proxy,,,,
2022-06-13,0.3971,0.06,0,1.6276,price_proxy,,,,
2022-06-14,0.4515,0.0567,0,1.4213,price_proxy,,,,
2022-06-15,0.4141,0.0611,0,1.3076,price_proxy,,,,
2022-06-16,0.4161,0.0608,0,0.886,price_proxy,,,,
2022-06-17,0.4291,0.0608,0,1.4639,price_proxy,,,,
2022-06-20,0.4177,0.065,0,0.7419,price_proxy,,,,
2022-06-21,0.4164,0.0632,0,0.5203,price_proxy,,,,
2022-06-22,0.4021,0.0683,0,0.8261,price_proxy,,,,
2022-06-23,0.3737,0.0687,0,1.0275,price_proxy,,,,
2022-06-24,0.4183,0.0725,0,0.9398,price_proxy,,,,
2022-06-27,0.4644,0.0718,0,0.7577,price_proxy,,,,
2022-06-28,0.4315,0.0699,0,0.7948,price_proxy,,,,
2022-06-29,0.4721,0.0662,0,0.5287,price_proxy,,,,
2022-06-30,0.4674,0.0641,0,0.8291,price_proxy,,,,
2022-07-01,0.4489,0.0636,0,0.6213,price_proxy,,,,
2022-07-04,0.4701,0.0657,0,0.6304,price_proxy,,,,
2022-07-05,0.5108,0.0667,0,1.0439,price_proxy,,,,
2022-07-06,0.4739,0.0715,0,0.8348,price_proxy,,,,
2022-07-07,0.5044,0.0714,0,0.6014,price_proxy,,,,
2022-07-08,0.5175,0.0755,0,0.7583,price_proxy,,,,
2022-07-11,0.4632,0.0752,0,0.6786,price_proxy,,,,
2022-07-12,0.4209,0.0738,0,1.217,price_proxy,,,,
2022-07-13,0.4846,0.0714,0,1.3518,price_proxy,,,,
2022-07-14,0.4934,0.0716,0,1.2663,price_proxy,,,,
2022-07-15,0.4957,0.0756,0,1.4417,price_proxy,,,,
2022-07-18,0.5617,0.0739,0,1.3785,price_proxy,,,,
2022-07-19,0.569,0.0733,0,0.925,price_proxy,,,,
2022-07-20,0.5977,0.0681,0,1.3871,price_proxy,,,,
2022-07-21,0.6106,0.0666,0,0.802,price_proxy,,,,
2022-07-22,0.5456,0.0649,0,0.8496,price_proxy,,,,
2022-07-25,0.5406,0.0662,0,0.8399,price_proxy,,,,
2022-07-26,0.556,0.0653,0,0.608,price_proxy,,,,
2022-07-27,0.5508,0.0653,0,0.7345,price_proxy,,,,
2022-07-28,0.5356,0.0618,0,0.7178,price_proxy,,,,
2022-07-29,0.6125,0.0653,0,1.5918,price_proxy,,,,
2022-08-01,0.565,0.0667,0,0.7315,price_proxy,,,,
2022-08-02,0.544,0.0672,0,0.6621,price_proxy,,,,
2022-08-03,0.5289,0.0577,0,0.5147,price_proxy,,,,
2022-08-04,0.5391,0.0574,0,0.6869,price_proxy,,,,
2022-08-05,0.5101,0.0559,0,0.7002,price_proxy,,,,
2022-08-08,0.5305,0.0509,0,0.534,price_proxy,,,,
2022-08-09,0.5492,0.0485,0,0.6977,price_proxy,,,,
2022-08-10,0.5264,0.0495,0,0.7255,price_proxy,,,,
2022-08-11,0.5505,0.0516,0,1.0429,price_proxy,,,,
2022-08-12,0.54,0.0495,0,0.8124,price_proxy,,,,
2022-08-16,0.52,0.0506,0,0.7627,price_proxy,,,,
2022-08-17,0.55,0.0505,0,1.2762,price_proxy,,,,
2022-08-18,0.5181,0.0548,0,1.1657,price_proxy,,,,
2022-08-19,0.4685,0.0551,0,1.2617,price_proxy,,,,
2022-08-22,0.4412,0.0541,0,1.0232,price_proxy,,,,
2022-08-23,0.4386,0.0547,0,1.2172,price_proxy,,,,
2022-08-24,0.4102,0.0547,0,1.0336,price_proxy,,,,
2022-08-25,0.4682,0.0536,0,0.7455,price_proxy,,,,
2022-08-26,0.502,0.0546,0,0.7498,price_proxy,,,,
2022-08-29,0.4899,0.0508,0,0.8758,price_proxy,,,,
2022-08-30,0.5306,0.0506,0,0.8186,price_proxy,,,,
2022-08-31,0.5327,0.0494,0,1.315,price_proxy,,,,
2022-09-01,0.4798,0.0521,0,1.0038,price_proxy,,,,
2022-09-02,0.448,0.0517,0,0.8066,price_proxy,,,,
2022-09-05,0.4959,0.0515,0,0.6711,price_proxy,,,,
2022-09-06,0.4799,0.0515,0,0.3348,price_proxy,,,,
2022-09-07,0.4296,0.0572,0,1.0904,price_proxy,,,,
2022-09-08,0.4632,0.0573,0,1.3525,price_proxy,,,,
2022-09-13,0.5205,0.0596,0,1.3749,price_proxy,,,,
2022-09-14,0.502,0.0592,0,0.9674,price_proxy,,,,
2022-09-15,0.4715,0.0601,0,0.6755,price_proxy,,,,
2022-09-16,0.5208,0.0571,0,1.3542,price_proxy,,,,
2022-09-19,0.5125,0.054,0,0.8527,price_proxy,,,,
2022-09-20,0.4817,0.0548,0,0.5472,price_proxy,,,,
2022-09-21,0.4614,0.055,0,0.6142,price_proxy,,,,
2022-09-22,0.4588,0.0562,0,1.3474,price_proxy,,,,
2022-09-23,0.4381,0.0569,0,0.9136,price_proxy,,,,
2022-09-26,0.4069,0.058,0,1.2058,price_proxy,,,,
2022-09-27,0.3769,0.0558,0,1.3439,price_proxy,,,,
2022-09-28,0.3777,0.0549,0,1.3846,price_proxy,,,,
2022-09-29,0.3989,0.0529,0,1.0587,price_proxy,,,,
2022-09-30,0.4128,0.0525,0,1.2217,price_proxy,,,,
2022-10-04,0.4631,0.0524,0,0.9434,price_proxy,,,,
2022-10-05,0.4738,0.0524,0,1.0116,price_proxy,,,,
2022-10-06,0.4978,0.0508,0,0.6743,price_proxy,,,,
2022-10-07,0.5177,0.0516,0,0.8848,price_proxy,,,,
2022-10-11,0.4733,0.052,0,1.3769,price_proxy,,,,
2022-10-12,0.4713,0.0527,0,0.7001,price_proxy,,,,
2022-10-13,0.4601,0.0429,0,0.904,price_proxy,,,,
2022-10-14,0.4823,0.0471,0,0.7848,price_proxy,,,,
2022-10-17,0.467,0.0459,0,0.6389,price_proxy,,,,
2022-10-18,0.5586,0.0524,0,0.7854,price_proxy,,,,
2022-10-19,0.5359,0.0525,0,0.9141,price_proxy,,,,
2022-10-20,0.5045,0.055,0,1.6388,price_proxy,,,,
2022-10-21,0.4666,0.0546,0,1.0474,price_proxy,,,,
2022-10-24,0.4955,0.0559,0,0.8397,price_proxy,,,,
2022-10-25,0.4211,0.0576,0,1.1629,price_proxy,,,,
2022-10-26,0.4295,0.0549,0,1.1604,price_proxy,,,,
2022-10-27,0.5406,0.0662,0,1.2255,price_proxy,,,,
2022-10-28,0.5567,0.0654,0,1.1409,price_proxy,,,,
2022-10-31,0.509,0.0663,0,1.0098,price_proxy,,,,
2022-11-01,0.557,0.0665,0,0.446,price_proxy,,,,
2022-11-02,0.5639,0.0662,0,0.6725,price_proxy,,,,
2022-11-03,0.4669,0.0682,0,0.956,price_proxy,,,,
2022-11-04,0.4868,0.0695,0,0.6273,price_proxy,,,,
2022-11-07,0.529,0.0701,0,0.8962,price_proxy,,,,
2022-11-08,0.5576,0.067,0,1.5618,price_proxy,,,,
2022-11-09,0.5575,0.0669,0,1.1623,price_proxy,,,,
2022-11-10,0.5899,0.066,0,0.8997,price_proxy,,,,
2022-11-11,0.6243,0.0709,0,1.7806,price_proxy,,,,
2022-11-14,0.6099,0.0707,0,0.8271,price_proxy,,,,
2022-11-15,0.5582,0.0687,0,0.7645,price_proxy,,,,
2022-11-16,0.5602,0.0682,0,0.8971,price_proxy,,,,
2022-11-17,0.528,0.0652,0,0.7388,price_proxy,,,,
2022-11-18,0.4645,0.0649,0,0.6086,price_proxy,,,,
2022-11-21,0.4479,0.0646,0,0.8386,price_proxy,,,,
2022-11-22,0.4686,0.0606,0,0.4337,price_proxy,,,,
2022-11-23,0.4791,0.0605,0,0.8336,price_proxy,,,,
2022-11-24,0.5191,0.0511,0,0.5068,price_proxy,,,,
2022-11-25,0.5298,0.0511,0,0.5063,price_proxy,,,,
2022-11-28,0.5064,0.0533,0,0.9791,price_proxy,,,,
2022-11-29,0.5191,0.0541,0,0.7606,price_proxy,,,,
2022-11-30,0.5316,0.0556,0,1.9197,price_proxy,,,,
2022-12-01,0.5399,0.0517,0,1.3211,price_proxy,,,,
2022-12-02,0.5126,0.0535,0,0.7803,price_proxy,,,,
2022-12-05,0.5405,0.0533,0,0.6133,price_proxy,,,,
2022-12-06,0.4958,0.0514,0,0.7836,price_proxy,,,,
2022-12-07,0.4605,0.0516,0,0.8368,price_proxy,,,,
2022-12-08,0.4382,0.0517,0,1.2704,price_proxy,,,,
2022-12-09,0.5187,0.0522,0,1.8149,price_proxy,,,,
2022-12-12,0.5104,0.0528,0,0.8677,price_proxy,,,,
2022-12-13,0.5063,0.0542,0,1.792,price_proxy,,,,
2022-12-14,0.5275,0.0547,0,0.9682,price_proxy,,,,
2022-12-15,0.5234,0.0522,0,0.5677,price_proxy,,,,
2022-12-16,0.4546,0.0524,0,0.9801,price_proxy,,,,
2022-12-19,0.4896,0.0531,0,0.6995,price_proxy,,,,
2022-12-20,0.5,0.0536,0,0.7917,price_proxy,,,,
2022-12-21,0.4937,0.0531,0,0.7027,price_proxy,,,,
2022-12-22,0.5336,0.0551,0,1.3069,price_proxy,,,,
2022-12-23,0.5444,0.0551,0,1.204,price_proxy,,,,
2022-12-26,0.5439,0.0523,0,1.6742,price_proxy,,,,
2022-12-27,0.54,0.0524,0,2.742,price_proxy,,,,
2022-12-28,0.3826,0.0928,0,3.1061,price_proxy,,,,
2022-12-29,0.312,0.0942,0,1.2281,price_proxy,,,,
2023-01-02,0.2562,0.098,0,1.3203,price_proxy,,,,
2023-01-03,0.2648,0.1005,0,1.305,price_proxy,,,,
2023-01-04,0.3287,0.1057,0,1.3616,price_proxy,,,,
2023-01-05,0.5022,0.1073,0,1.2022,price_proxy,,,,
2023-01-06,0.5867,0.1094,0,1.2303,price_proxy,,,,
2023-01-09,0.6694,0.1044,0,0.773,price_proxy,,,,
2023-01-10,0.6298,0.1043,0,0.7554,price_proxy,,,,
2023-01-11,0.5722,0.1036,0,0.5025,price_proxy,,,,
2023-01-12,0.5311,0.1032,0,0.8256,price_proxy,,,,
2023-01-13,0.5372,0.1059,0,1.1001,price_proxy,,,,
2023-01-16,0.5325,0.106,0,0.6883,price_proxy,,,,
2023-01-17,0.5435,0.1054,0,0.728,price_proxy,,,,
2023-01-18,0.537,0.1052,0,0.6229,price_proxy,,,,
2023-01-19,0.5701,0.1057,0,0.6286,price_proxy,,,,
2023-01-20,0.5343,0.1045,0,0.6084,price_proxy,,,,
2023-01-25,0.5064,0.1048,0,0.6703,price_proxy,,,,
2023-01-26,0.5106,0.1042,0,0.715,price_proxy,,,,
2023-01-27,0.5406,0.1046,0,0.9847,price_proxy,,,,
2023-01-30,0.481,0.07,0,0.8475,price_proxy,,,,
2023-01-31,0.4409,0.0676,0,1.8879,price_proxy,,,,
2023-02-01,0.4872,0.0577,0,0.7033,price_proxy,,,,
2023-02-02,0.4661,0.0576,0,1.0526,price_proxy,,,,
2023-02-03,0.4811,0.0542,0,1.172,price_proxy,,,,
2023-02-06,0.5085,0.0534,0,1.0291,price_proxy,,,,
2023-02-07,0.5348,0.0509,0,1.1354,price_proxy,,,,
2023-02-08,0.5642,0.059,0,1.8195,price_proxy,,,,
2023-02-09,0.5582,0.0601,0,0.6837,price_proxy,,,,
2023-02-10,0.5339,0.0601,0,0.7017,price_proxy,,,,
2023-02-13,0.5383,0.0598,0,0.7177,price_proxy,,,,
2023-02-14,0.5534,0.0562,0,0.6628,price_proxy,,,,
2023-02-15,0.4627,0.0589,0,1.0307,price_proxy,,,,
2023-02-16,0.5021,0.0598,0,0.758,price_proxy,,,,
2023-02-17,0.4854,0.0597,0,0.7796,price_proxy,,,,
2023-02-20,0.4791,0.0591,0,0.6786,price_proxy,,,,
2023-02-21,0.4792,0.0591,0,0.4985,price_proxy,,,,
2023-02-22,0.4556,0.0655,0,1.2269,price_proxy,,,,
2023-02-23,0.4414,0.0654,0,0.6169,price_proxy,,,,
2023-02-24,0.4455,0.0642,0,0.495,price_proxy,,,,
2023-02-27,0.4283,0.0631,0,0.9834,price_proxy,,,,
2023-02-28,0.4979,0.0737,0,2.7923,price_proxy,,,,
2023-03-02,0.5238,0.074,0,0.866,price_proxy,,,,
2023-03-03,0.5,0.0743,0,0.6227,price_proxy,,,,
2023-03-06,0.5022,0.0715,0,0.707,price_proxy,,,,
2023-03-07,0.5131,0.0719,0,0.6486,price_proxy,,,,
2023-03-08,0.4242,0.0721,0,0.8121,price_proxy,,,,
2023-03-09,0.4487,0.0633,0,1.0481,price_proxy,,,,
2023-03-10,0.4763,0.0634,0,1.4601,price_proxy,,,,
2023-03-13,0.5474,0.0754,0,3.0804,price_proxy,,,,
2023-03-14,0.463,0.0922,0,2.5472,price_proxy,,,,
2023-03-15,0.43,0.0945,0,3.0134,price_proxy,,,,
2023-03-16,0.3838,0.0966,0,1.9372,price_proxy,,,,
2023-03-17,0.3626,0.0951,0,2.416,price_proxy,,,,
2023-03-20,0.296,0.0952,0,0.6371,price_proxy,,,,
2023-03-21,0.4092,0.0965,0,0.6416,price_proxy,,,,
2023-03-22,0.466,0.0968,0,0.4432,price_proxy,,,,
2023-03-23,0.5256,0.0936,0,0.5182,price_proxy,,,,
2023-03-24,0.5211,0.0935,0,0.4557,price_proxy,,,,
2023-03-27,0.5023,0.0936,0,0.7174,price_proxy,,,,
2023-03-28,0.507,0.0941,0,0.5016,price_proxy,,,,
2023-03-29,0.5069,0.0824,0,0.5928,price_proxy,,,,
2023-03-30,0.5115,0.0822,0,0.6234,price_proxy,,,,
2023-03-31,0.5394,0.0825,0,0.6944,price_proxy,,,,
2023-04-03,0.5655,0.0826,0,0.5498,price_proxy,,,,
2023-04-04,0.5486,0.0824,0,0.8687,price_proxy,,,,
2023-04-05,0.5322,0.0822,0,0.7827,price_proxy,,,,
2023-04-06,0.4909,0.0834,0,0.8198,price_proxy,,,,
2023-04-07,0.5045,0.0845,0,0.5146,price_proxy,,,,
2023-04-10,0.5045,0.073,0,0.7816,price_proxy,,,,
2023-04-11,0.5339,0.0546,0,0.9919,price_proxy,,,,
2023-04-12,0.5633,0.0495,0,0.865,price_proxy,,,,
2023-04-13,0.624,0.0403,0,1.1749,price_proxy,,,,
2023-04-14,0.6156,0.0391,0,1.1159,price_proxy,,,,
2023-04-17,0.613,0.0389,0,0.7869,price_proxy,,,,
2023-04-18,0.5799,0.0386,0,0.7473,price_proxy,,,,
2023-04-19,0.5658,0.0385,0,0.8831,price_proxy,,,,
2023-04-20,0.5368,0.0388,0,0.7144,price_proxy,,,,
2023-04-21,0.4957,0.0403,0,0.8316,price_proxy,,,,
2023-04-24,0.4679,0.0414,0,0.6955,price_proxy,,,,
2023-04-25,0.4616,0.0406,0,0.6119,price_proxy,,,,
2023-04-26,0.4299,0.0431,0,1.0032,price_proxy,,,,
2023-04-27,0.4002,0.0467,0,1.2405,price_proxy,,,,
2023-04-28,0.5086,0.0657,0,1.5449,price_proxy,,,,
2023-05-02,0.5174,0.0666,0,0.6403,price_proxy,,,,
2023-05-03,0.5087,0.0671,0,0.4551,price_proxy,,,,
2023-05-04,0.5308,0.067,0,0.5104,price_proxy,,,,
2023-05-08,0.5939,0.0655,0,0.7862,price_proxy,,,,
2023-05-09,0.5021,0.0649,0,0.8578,price_proxy,,,,
2023-05-10,0.5,0.0661,0,0.5576,price_proxy,,,,
2023-05-11,0.5173,0.0638,0,0.6107,price_proxy,,,,
2023-05-12,0.5628,0.0667,0,2.8388,price_proxy,,,,
2023-05-15,0.5064,0.067,0,0.8839,price_proxy,,,,
2023-05-16,0.4936,0.067,0,0.713,price_proxy,,,,
2023-05-17,0.5086,0.067,0,0.6155,price_proxy,,,,
2023-05-18,0.515,0.0673,0,0.6114,price_proxy,,,,
2023-05-19,0.4832,0.0674,0,0.865,price_proxy,,,,
2023-05-22,0.5404,0.0694,0,1.2785,price_proxy,,,,
2023-05-23,0.5622,0.068,0,0.9794,price_proxy,,,,
2023-05-24,0.5794,0.0665,0,1.6313,price_proxy,,,,
2023-05-25,0.5576,0.0667,0,0.9658,price_proxy,,,,
2023-05-26,0.5508,0.065,0,0.5582,price_proxy,,,,
2023-05-30,0.525,0.0616,0,1.3675,price_proxy,,,,
2023-05-31,0.5769,0.0506,0,5.3856,price_proxy,,,,
2023-06-01,0.4876,0.0649,0,1.4525,price_proxy,,,,
2023-06-02,0.5249,0.0657,0,0.9679,price_proxy,,,,
2023-06-05,0.5165,0.0657,0,0.5128,price_proxy,,,,
2023-06-07,0.5041,0.0645,0,0.8189,price_proxy,,,,
2023-06-08,0.452,0.0644,0,1.1147,price_proxy,,,,
2023-06-09,0.5374,0.0634,0,0.7364,price_proxy,,,,
2023-06-12,0.4939,0.0643,0,0.5489,price_proxy,,,,
2023-06-13,0.5102,0.0605,0,1.0144,price_proxy,,,,
2023-06-14,0.5041,0.0591,0,0.662,price_proxy,,,,
2023-06-15,0.4959,0.0584,0,0.5219,price_proxy,,,,
2023-06-16,0.4817,0.0584,0,0.9346,price_proxy,,,,
2023-06-19,0.4877,0.0585,0,0.4564,price_proxy,,,,
2023-06-20,0.4755,0.0583,0,0.4113,price_proxy,,,,
2023-06-21,0.4836,0.0561,0,0.3389,price_proxy,,,,
2023-06-22,0.4897,0.056,0,0.3496,price_proxy,,,,
2023-06-23,0.4527,0.0593,0,0.8786,price_proxy,,,,
2023-06-26,0.4835,0.0606,0,0.4362,price_proxy,,,,
2023-06-27,0.4752,0.0606,0,0.5722,price_proxy,,,,
2023-06-28,0.4855,0.0606,0,0.3086,price_proxy,,,,
2023-06-29,0.4545,0.0526,0,0.7938,price_proxy,,,,
2023-06-30,0.5126,0.0388,0,0.8347,price_proxy,,,,
2023-07-03,0.5167,0.0384,0,1.1982,price_proxy,,,,
2023-07-04,0.5084,0.0391,0,0.7533,price_proxy,,,,
2023-07-05,0.475,0.0413,0,0.9324,price_proxy,,,,
2023-07-06,0.5148,0.0418,0,2.2265,price_proxy,,,,
2023-07-07,0.4518,0.0464,0,1.8654,price_proxy,,,,
2023-07-10,0.4504,0.0488,0,1.2579,price_proxy,,,,
2023-07-11,0.475,0.0485,0,1.0865,price_proxy,,,,
2023-07-12,0.4768,0.0497,0,0.8731,price_proxy,,,,
2023-07-13,0.4979,0.0532,0,1.8255,price_proxy,,,,
2023-07-14,0.588,0.0586,0,1.6801,price_proxy,,,,
2023-07-17,0.5636,0.0584,0,1.1754,price_proxy,,,,
2023-07-18,0.54,0.0588,0,0.762,price_proxy,,,,
2023-07-19,0.5662,0.0587,0,0.7443,price_proxy,,,,
2023-07-20,0.5315,0.0587,0,0.9637,price_proxy,,,,
2023-07-21,0.4938,0.0545,0,0.8478,price_proxy,,,,
2023-07-24,0.4795,0.0537,0,0.8822,price_proxy,,,,
2023-07-25,0.4917,0.0536,0,0.9701,price_proxy,,,,
2023-07-26,0.4669,0.0552,0,1.7574,price_proxy,,,,
2023-07-27,0.5165,0.0586,0,1.2093,price_proxy,,,,
2023-07-28,0.5062,0.058,0,0.7799,price_proxy,,,,
2023-07-31,0.5539,0.0591,0,1.4751,price_proxy,,,,
2023-08-01,0.6141,0.0653,0,2.7651,price_proxy,,,,
2023-08-02,0.6282,0.0635,0,1.3297,price_proxy,,,,
2023-08-03,0.5944,0.0637,0,1.1059,price_proxy,,,,
2023-08-04,0.611,0.0569,0,0.9513,price_proxy,,,,
2023-08-07,0.601,0.0569,0,1.4584,price_proxy,,,,
2023-08-08,0.5432,0.057,0,1.3794,price_proxy,,,,
2023-08-09,0.5375,0.0557,0,0.683,price_proxy,,,,
2023-08-10,0.5118,0.0552,0,0.8098,price_proxy,,,,
2023-08-11,0.5253,0.0524,0,0.9785,price_proxy,,,,
2023-08-14,0.5019,0.0524,0,0.6876,price_proxy,,,,
2023-08-16,0.4942,0.0518,0,1.0362,price_proxy,,,,
2023-08-17,0.5,0.0526,0,0.9037,price_proxy,,,,
2023-08-18,0.5,0.0531,0,0.5885,price_proxy,,,,
2023-08-21,0.4654,0.0538,0,0.5857,price_proxy,,,,
2023-08-22,0.4846,0.0535,0,0.6294,price_proxy,,,,
2023-08-23,0.5135,0.054,0,1.048,price_proxy,,,,
2023-08-24,0.5097,0.0525,0,0.6631,price_proxy,,,,
2023-08-25,0.5136,0.048,0,0.3107,price_proxy,,,,
2023-08-28,0.5274,0.0477,0,0.2937,price_proxy,,,,
2023-08-29,0.5097,0.045,0,0.3601,price_proxy,,,,
2023-08-30,0.4943,0.0336,0,0.8876,price_proxy,,,,
2023-08-31,0.4865,0.0355,0,1.5791,price_proxy,,,,
2023-09-01,0.4942,0.0346,0,0.7705,price_proxy,,,,
2023-09-04,0.4942,0.0341,0,0.4008,price_proxy,,,,
2023-09-05,0.4653,0.0338,0,0.672,price_proxy,,,,
2023-09-06,0.4808,0.0364,0,0.9796,price_proxy,,,,
2023-09-07,0.5039,0.0352,0,0.7004,price_proxy,,,,
2023-09-08,0.4961,0.035,0,0.5762,price_proxy,,,,
2023-09-11,0.4768,0.0329,0,1.3048,price_proxy,,,,
2023-09-12,0.4922,0.0331,0,0.7712,price_proxy,,,,
2023-09-13,0.4942,0.0362,0,1.1512,price_proxy,,,,
2023-09-14,0.5058,0.0363,0,1.185,price_proxy,,,,
2023-09-15,0.5369,0.0381,0,2.1831,price_proxy,,,,
2023-09-18,0.5627,0.0377,0,1.4447,price_proxy,,,,
2023-09-19,0.5866,0.0367,0,1.427,price_proxy,,,,
2023-09-20,0.6011,0.0403,0,2.9022,price_proxy,,,,
2023-09-21,0.5251,0.0522,0,1.0293,price_proxy,,,,
2023-09-22,0.5038,0.052,0,0.5625,price_proxy,,,,
2023-09-25,0.4829,0.0525,0,0.6339,price_proxy,,,,
2023-09-26,0.4396,0.055,0,0.8618,price_proxy,,,,
2023-09-27,0.3908,0.0551,0,0.8542,price_proxy,,,,
2023-10-04,0.4447,0.0539,0,1.8173,price_proxy,,,,
2023-10-05,0.4219,0.0547,0,0.748,price_proxy,,,,
2023-10-06,0.4559,0.0564,0,0.4216,price_proxy,,,,
2023-10-10,0.5525,0.0651,0,1.8575,price_proxy,,,,
2023-10-11,0.5646,0.0641,0,1.5312,price_proxy,,,,
2023-10-12,0.5805,0.0642,0,1.1157,price_proxy,,,,
2023-10-13,0.5912,0.0644,0,0.7878,price_proxy,,,,
2023-10-16,0.5627,0.0637,0,0.7375,price_proxy,,,,
2023-10-17,0.4943,0.0634,0,0.6581,price_proxy,,,,
2023-10-18,0.4754,0.0632,0,3.0156,price_proxy,,,,
2023-10-19,0.434,0.0654,0,1.0772,price_proxy,,,,
2023-10-20,0.4204,0.0648,0,0.7568,price_proxy,,,,
2023-10-23,0.3689,0.0703,0,1.625,price_proxy,,,,
2023-10-24,0.3821,0.0702,0,0.4882,price_proxy,,,,
2023-10-25,0.4213,0.0674,0,0.449,price_proxy,,,,
2023-10-26,0.4337,0.0609,0,0.6709,price_proxy,,,,
2023-10-27,0.4427,0.0609,0,0.6695,price_proxy,,,,
2023-10-30,0.4797,0.0613,0,0.6532,price_proxy,,,,
2023-10-31,0.4556,0.0599,0,0.8713,price_proxy,,,,
2023-11-01,0.4461,0.0606,0,0.635,price_proxy,,,,
2023-11-02,0.4758,0.0611,0,0.6632,price_proxy,,,,
2023-11-03,0.5061,0.0613,0,0.5771,price_proxy,,,,
2023-11-06,0.6088,0.0745,0,1.4611,price_proxy,,,,
2023-11-07,0.6054,0.0652,0,0.7179,price_proxy,,,,
2023-11-08,0.5801,0.0654,0,0.5,price_proxy,,,,
2023-11-09,0.5981,0.0671,0,0.8082,price_proxy,,,,
2023-11-10,0.5588,0.0678,0,0.3412,price_proxy,,,,
2023-11-13,0.4942,0.0686,0,0.327,price_proxy,,,,
2023-11-14,0.5196,0.0689,0,0.634,price_proxy,,,,
2023-11-15,0.5592,0.0698,0,1.1737,price_proxy,,,,
2023-11-16,0.5312,0.0674,0,0.6715,price_proxy,,,,
2023-11-17,0.5472,0.0661,0,0.5388,price_proxy,,,,
2023-11-20,0.5195,0.0577,0,0.5467,price_proxy,,,,
2023-11-21,0.5175,0.0576,0,0.5557,price_proxy,,,,
2023-11-22,0.4923,0.0567,0,0.4286,price_proxy,,,,
2023-11-23,0.4981,0.0552,0,0.5948,price_proxy,,,,
2023-11-24,0.4885,0.0553,0,0.6128,price_proxy,,,,
2023-11-27,0.5174,0.0538,0,0.5779,price_proxy,,,,
2023-11-28,0.5116,0.0528,0,0.6872,price_proxy,,,,
2023-11-29,0.4788,0.0564,0,1.7929,price_proxy,,,,
2023-11-30,0.4693,0.0566,0,2.1141,price_proxy,,,,
2023-12-01,0.4826,0.0563,0,0.6849,price_proxy,,,,
2023-12-04,0.4751,0.0367,0,0.6406,price_proxy,,,,
2023-12-05,0.5019,0.0385,0,2.1304,price_proxy,,,,
2023-12-06,0.5467,0.0381,0,1.2044,price_proxy,,,,
2023-12-07,0.5507,0.0357,0,1.0799,price_proxy,,,,
2023-12-08,0.5468,0.0335,0,0.6256,price_proxy,,,,
2023-12-11,0.5427,0.0328,0,0.8695,price_proxy,,,,
2023-12-12,0.5268,0.0331,0,1.5918,price_proxy,,,,
2023-12-13,0.5038,0.0308,0,1.4265,price_proxy,,,,
2023-12-14,0.4544,0.0408,0,3.291,price_proxy,,,,
2023-12-15,0.4561,0.0407,0,1.9931,price_proxy,,,,
2023-12-18,0.4373,0.0409,0,1.3179,price_proxy,,,,
2023-12-19,0.4301,0.0408,0,1.1371,price_proxy,,,,
2023-12-20,0.4488,0.0412,0,1.2089,price_proxy,,,,
2023-12-21,0.4981,0.041,0,0.9674,price_proxy,,,,
2023-12-22,0.5058,0.0403,0,1.0848,price_proxy,,,,
2023-12-26,0.5098,0.0393,0,1.4018,price_proxy,,,,
2023-12-27,0.498,0.0393,0,1.6022,price_proxy,,,,
2023-12-28,0.5117,0.0382,0,1.5438,price_proxy,,,,
2024-01-02,0.4786,0.0421,0,1.2916,price_proxy,,,,
2024-01-03,0.4708,0.0421,0,0.895,price_proxy,,,,
2024-01-04,0.4707,0.0419,0,1.1343,price_proxy,,,,
2024-01-05,0.4706,0.0382,0,0.9973,price_proxy,,,,
2024-01-08,0.4419,0.037,0,0.8769,price_proxy,,,,
2024-01-09,0.4862,0.038,0,0.9099,price_proxy,,,,
2024-01-10,0.4684,0.0391,0,0.5259,price_proxy,,,,
2024-01-11,0.4782,0.0388,0,0.7094,price_proxy,,,,
2024-01-12,0.4702,0.0376,0,0.7484,price_proxy,,,,
2024-01-15,0.4761,0.0377,0,0.3604,price_proxy,,,,
2024-01-16,0.4504,0.0295,0,0.7251,price_proxy,,,,
2024-01-17,0.4559,0.0301,0,0.8367,price_proxy,,,,
2024-01-18,0.4499,0.0298,0,0.6997,price_proxy,,,,
2024-01-19,0.4778,0.031,0,0.6032,price_proxy,,,,
2024-01-22,0.4859,0.0308,0,0.639,price_proxy,,,,
2024-01-23,0.5203,0.0334,0,0.674,price_proxy,,,,
2024-01-24,0.5471,0.0339,0,0.8361,price_proxy,,,,
2024-01-25,0.5781,0.0365,0,0.8977,price_proxy,,,,
2024-01-26,0.5755,0.0371,0,0.9141,price_proxy,,,,
2024-01-29,0.6199,0.0445,0,2.1475,price_proxy,,,,
2024-01-30,0.6006,0.0402,0,1.4635,price_proxy,,,,
2024-01-31,0.6181,0.042,0,1.6132,price_proxy,,,,
2024-02-01,0.7018,0.0667,0,5.5275,price_proxy,,,,
2024-02-02,0.7203,0.0668,0,3.3101,price_proxy,,,,
2024-02-05,0.6246,0.0712,0,1.392,price_proxy,,,,
2024-02-06,0.6169,0.0716,0,1.1803,price_proxy,,,,
2024-02-07,0.621,0.0703,0,1.0895,price_proxy,,,,
2024-02-08,0.5305,0.07,0,1.2085,price_proxy,,,,
2024-02-13,0.5266,0.0686,0,1.4205,price_proxy,,,,
2024-02-14,0.5379,0.0716,0,0.7002,price_proxy,,,,
2024-02-15,0.5507,0.07,0,0.55,price_proxy,,,,
2024-02-16,0.5642,0.0696,0,1.3672,price_proxy,,,,
2024-02-19,0.5832,0.0687,0,1.2027,price_proxy,,,,
2024-02-20,0.5105,0.0769,0,0.9489,price_proxy,,,,
2024-02-21,0.539,0.0772,0,0.7671,price_proxy,,,,
2024-02-22,0.5124,0.0794,0,0.4871,price_proxy,,,,
2024-02-23,0.4983,0.0798,0,0.8486,price_proxy,,,,
2024-02-26,0.4405,0.0824,0,0.6255,price_proxy,,,,
2024-02-27,0.4896,0.0826,0,0.5241,price_proxy,,,,
2024-02-28,0.507,0.0798,0,0.3692,price_proxy,,,,
2024-02-29,0.5596,0.0805,0,0.837,price_proxy,,,,
2024-03-04,0.5657,0.0811,0,1.2002,price_proxy,,,,
2024-03-05,0.5823,0.0637,0,0.9411,price_proxy,,,,
2024-03-06,0.5629,0.0635,0,0.9797,price_proxy,,,,
2024-03-07,0.5658,0.0596,0,0.7825,price_proxy,,,,
2024-03-08,0.5409,0.0592,0,0.9371,price_proxy,,,,
2024-03-11,0.4598,0.0641,0,0.6718,price_proxy,,,,
2024-03-12,0.5269,0.07,0,2.0093,price_proxy,,,,
2024-03-13,0.6763,0.096,0,4.5883,price_proxy,,,,
2024-03-14,0.6894,0.0943,0,1.8944,price_proxy,,,,
2024-03-15,0.6519,0.0967,0,1.209,price_proxy,,,,
2024-03-18,0.7084,0.0952,0,1.0933,price_proxy,,,,
2024-03-19,0.6129,0.0969,0,1.1453,price_proxy,,,,
2024-03-20,0.4938,0.0921,0,1.2734,price_proxy,,,,
2024-03-21,0.4709,0.092,0,1.248,price_proxy,,,,
2024-03-22,0.5062,0.0904,0,1.1864,price_proxy,,,,
2024-03-25,0.4783,0.0917,0,0.8761,price_proxy,,,,
2024-03-26,0.5031,0.0899,0,0.8494,price_proxy,,,,
2024-03-27,0.4297,0.0981,0,1.2328,price_proxy,,,,
2024-03-28,0.3322,0.1109,0,1.5205,price_proxy,,,,
2024-03-29,0.3097,0.1099,0,0.6277,price_proxy,,,,
2024-04-01,0.2639,0.1143,0,1.4291,price_proxy,,,,
2024-04-02,0.3118,0.1177,0,1.0232,price_proxy,,,,
2024-04-03,0.3559,0.1177,0,0.6413,price_proxy,,,,
2024-04-04,0.4576,0.1173,0,0.3919,price_proxy,,,,
2024-04-05,0.4846,0.1174,0,0.4682,price_proxy,,,,
2024-04-08,0.5638,0.115,0,0.6741,price_proxy,,,,
2024-04-09,0.4792,0.1117,0,0.1967,price_proxy,,,,
2024-04-11,0.4564,0.0833,0,0.8993,price_proxy,,,,
2024-04-12,0.4133,0.0793,0,0.4409,price_proxy,,,,
2024-04-15,0.4156,0.0807,0,0.5031,price_proxy,,,,
2024-04-16,0.3883,0.08,0,0.3888,price_proxy,,,,
2024-04-17,0.423,0.08,0,0.3851,price_proxy,,,,
2024-04-18,0.5232,0.0893,0,0.7464,price_proxy,,,,
2024-04-19,0.5217,0.0889,0,0.62,price_proxy,,,,
2024-04-22,0.5899,0.1021,0,0.8397,price_proxy,,,,
2024-04-23,0.6237,0.1023,0,0.8797,price_proxy,,,,
2024-04-24,0.6328,0.1027,0,0.7006,price_proxy,,,,
2024-04-25,0.6005,0.1001,0,1.0147,price_proxy,,,,
2024-04-26,0.7079,0.0944,0,1.8059,price_proxy,,,,
2024-04-29,0.6343,0.0938,0,0.7621,price_proxy,,,,
2024-04-30,0.6405,0.0831,0,1.1424,price_proxy,,,,
2024-05-02,0.616,0.0814,0,0.7173,price_proxy,,,,
2024-05-03,0.5873,0.0804,0,0.5696,price_proxy,,,,
2024-05-07,0.5195,0.0804,0,1.0971,price_proxy,,,,
2024-05-08,0.5339,0.081,0,1.021,price_proxy,,,,
2024-05-09,0.4904,0.0834,0,0.9033,price_proxy,,,,
2024-05-10,0.5484,0.0819,0,1.263,price_proxy,,,,
2024-05-13,0.5483,0.0773,0,0.8534,price_proxy,,,,
2024-05-14,0.5418,0.0742,0,0.7314,price_proxy,,,,
2024-05-16,0.546,0.0747,0,1.3417,price_proxy,,,,
2024-05-17,0.5805,0.0719,0,1.003,price_proxy,,,,
2024-05-20,0.5189,0.0736,0,0.6367,price_proxy,,,,
2024-05-21,0.4921,0.071,0,0.7985,price_proxy,,,,
2024-05-22,0.4827,0.0684,0,0.7512,price_proxy,,,,
2024-05-23,0.4349,0.0578,0,0.5078,price_proxy,,,,
2024-05-24,0.3948,0.0623,0,0.7099,price_proxy,,,,
2024-05-27,0.4064,0.0625,0,0.6897,price_proxy,,,,
2024-05-28,0.429,0.0605,0,0.5624,price_proxy,,,,
2024-05-29,0.4365,0.0481,0,0.8909,price_proxy,,,,
2024-05-30,0.4712,0.0486,0,0.9572,price_proxy,,,,
2024-05-31,0.5049,0.0478,0,3.0555,price_proxy,,,,
2024-06-03,0.5,0.0475,0,0.665,price_proxy,,,,
2024-06-04,0.4526,0.0529,0,0.9571,price_proxy,,,,
2024-06-05,0.4573,0.0528,0,0.7401,price_proxy,,,,
2024-06-07,0.4561,0.0512,0,0.5775,price_proxy,,,,
2024-06-10,0.443,0.0499,0,0.3463,price_proxy,,,,
2024-06-11,0.4476,0.0423,0,0.4169,price_proxy,,,,
2024-06-12,0.4983,0.0424,0,0.4534,price_proxy,,,,
2024-06-13,0.4933,0.0423,0,1.2459,price_proxy,,,,
2024-06-14,0.4651,0.0367,0,0.7503,price_proxy,,,,
2024-06-17,0.4983,0.0385,0,0.898,price_proxy,,,,
2024-06-18,0.5723,0.0557,0,1.5886,price_proxy,,,,
2024-06-19,0.5687,0.0548,0,1.0216,price_proxy,,,,
2024-06-20,0.6177,0.0589,0,1.4459,price_proxy,,,,
2024-06-21,0.588,0.062,0,0.9519,price_proxy,,,,
2024-06-24,0.5856,0.0591,0,0.7344,price_proxy,,,,
2024-06-25,0.5487,0.0611,0,0.8267,price_proxy,,,,
2024-06-26,0.5292,0.0621,0,0.6942,price_proxy,,,,
2024-06-27,0.4825,0.0621,0,0.5588,price_proxy,,,,
2024-06-28,0.5567,0.0638,0,0.9639,price_proxy,,,,
2024-07-01,0.5113,0.0661,0,0.5526,price_proxy,,,,
2024-07-02,0.4857,0.0658,0,1.179,price_proxy,,,,
2024-07-03,0.5256,0.0607,0,1.585,price_proxy,,,,
2024-07-04,0.5849,0.0651,0,3.4763,price_proxy,,,,
2024-07-05,0.5394,0.0658,0,1.3598,price_proxy,,,,
2024-07-08,0.5896,0.0646,0,0.8823,price_proxy,,,,
2024-07-09,0.5447,0.0687,0,1.1875,price_proxy,,,,
2024-07-10,0.5126,0.0693,0,0.616,price_proxy,,,,
2024-07-11,0.5215,0.0745,0,1.98,price_proxy,,,,
2024-07-12,0.5201,0.0745,0,0.7465,price_proxy,,,,
2024-07-15,0.5276,0.0749,0,1.6053,price_proxy,,,,
2024-07-16,0.5983,0.0688,0,1.4029,price_proxy,,,,
2024-07-17,0.6254,0.0687,0,1.6512,price_proxy,,,,
2024-07-18,0.5624,0.0667,0,0.854,price_proxy,,,,
2024-07-19,0.5765,0.0614,0,0.7399,price_proxy,,,,
2024-07-22,0.5211,0.0645,0,0.6932,price_proxy,,,,
2024-07-23,0.5059,0.0632,0,0.5917,price_proxy,,,,
2024-07-24,0.4912,0.0618,0,0.4587,price_proxy,,,,
2024-07-25,0.4469,0.0675,0,0.5796,price_proxy,,,,
2024-07-26,0.4912,0.0694,0,0.7504,price_proxy,,,,
2024-07-29,0.5762,0.0711,0,1.7021,price_proxy,,,,
2024-07-30,0.5608,0.0712,0,0.9718,price_proxy,,,,
2024-07-31,0.5593,0.0711,0,0.7371,price_proxy,,,,
2024-08-01,0.647,0.0691,0,1.8263,price_proxy,,,,
2024-08-02,0.5089,0.0846,0,1.454,price_proxy,,,,
2024-08-05,0.3301,0.1093,0,1.9124,price_proxy,,,,
2024-08-06,0.3633,0.1094,0,1.7263,price_proxy,,,,
2024-08-07,0.4094,0.1121,0,0.7515,price_proxy,,,,
2024-08-08,0.3913,0.108,0,0.9362,price_proxy,,,,
2024-08-09,0.469,0.1078,0,0.7488,price_proxy,,,,
2024-08-12,0.5944,0.1071,0,0.5121,price_proxy,,,,
2024-08-13,0.5587,0.1057,0,0.9107,price_proxy,,,,
2024-08-14,0.5136,0.1054,0,0.8653,price_proxy,,,,
2024-08-16,0.5179,0.1062,0,1.0307,price_proxy,,,,
2024-08-19,0.5389,0.1065,0,0.6391,price_proxy,,,,
2024-08-20,0.5766,0.1062,0,1.0379,price_proxy,,,,
2024-08-21,0.584,0.1061,0,0.4382,price_proxy,,,,
2024-08-22,0.5749,0.1061,0,0.494,price_proxy,,,,
2024-08-23,0.5459,0.1029,0,0.5613,price_proxy,,,,
2024-08-26,0.5573,0.1009,0,1.455,price_proxy,,,,
2024-08-27,0.5029,0.0976,0,0.8645,price_proxy,,,,
2024-08-28,0.4582,0.0993,0,0.8068,price_proxy,,,,
2024-08-29,0.4582,0.0993,0,0.5263,price_proxy,,,,
2024-08-30,0.4754,0.0971,0,1.1404,price_proxy,,,,
2024-09-02,0.4686,0.0863,0,0.5724,price_proxy,,,,
2024-09-03,0.5173,0.0487,0,1.038,price_proxy,,,,
2024-09-04,0.5441,0.0469,0,1.7314,price_proxy,,,,
2024-09-05,0.5398,0.0411,0,0.788,price_proxy,,,,
2024-09-06,0.5161,0.0409,0,0.844,price_proxy,,,,
2024-09-09,0.4565,0.0468,0,0.9013,price_proxy,,,,
2024-09-10,0.4842,0.0541,0,0.9872,price_proxy,,,,
2024-09-11,0.4453,0.0606,0,1.0269,price_proxy,,,,
2024-09-12,0.4725,0.0614,0,0.9304,price_proxy,,,,
2024-09-13,0.5595,0.0726,0,1.9692,price_proxy,,,,
2024-09-19,0.5875,0.073,0,0.9768,price_proxy,,,,
2024-09-20,0.5505,0.072,0,1.3987,price_proxy,,,,
2024-09-23,0.5947,0.072,0,0.5531,price_proxy,,,,
2024-09-24,0.563,0.0723,0,0.7656,price_proxy,,,,
2024-09-25,0.3646,0.0978,0,2.9221,price_proxy,,,,
2024-09-26,0.4389,0.1034,0,1.0769,price_proxy,,,,
2024-09-27,0.4254,0.1026,0,0.6039,price_proxy,,,,
2024-09-30,0.3955,0.1028,0,1.0368,price_proxy,,,,
2024-10-02,0.4048,0.1028,0,0.4825,price_proxy,,,,
2024-10-04,0.5817,0.1064,0,0.7446,price_proxy,,,,
2024-10-07,0.5278,0.1061,0,0.8152,price_proxy,,,,
2024-10-08,0.5161,0.1054,0,0.5489,price_proxy,,,,
2024-10-10,0.5238,0.1064,0,0.9971,price_proxy,,,,
2024-10-11,0.5358,0.1065,0,0.4787,price_proxy,,,,
2024-10-14,0.4855,0.1063,0,1.2513,price_proxy,,,,
2024-10-15,0.474,0.1039,0,0.6741,price_proxy,,,,
2024-10-16,0.5058,0.1007,0,0.7045,price_proxy,,,,
2024-10-17,0.5118,0.0981,0,0.4692,price_proxy,,,,
2024-10-18,0.5308,0.0987,0,0.8961,price_proxy,,,,
2024-10-21,0.5249,0.0892,0,0.496,price_proxy,,,,
2024-10-22,0.5366,0.0893,0,0.6707,price_proxy,,,,
2024-10-23,0.4971,0.089,0,0.7126,price_proxy,,,,
2024-10-24,0.478,0.0914,0,1.3634,price_proxy,,,,
2024-10-25,0.4538,0.0915,0,0.7186,price_proxy,,,,
2024-10-28,0.4696,0.0633,0,0.8351,price_proxy,,,,
2024-10-29,0.4482,0.0533,0,0.9742,price_proxy,,,,
2024-10-30,0.5101,0.0591,0,1.3063,price_proxy,,,,
2024-10-31,0.4793,0.0682,0,1.6234,price_proxy,,,,
2024-11-01,0.4897,0.0686,0,1.1777,price_proxy,,,,
2024-11-04,0.4941,0.0631,0,0.9498,price_proxy,,,,
2024-11-05,0.5089,0.0627,0,0.6477,price_proxy,,,,
2024-11-06,0.4827,0.0637,0,0.7907,price_proxy,,,,
2024-11-07,0.5284,0.0635,0,0.8646,price_proxy,,,,
2024-11-08,0.5045,0.0634,0,0.4547,price_proxy,,,,
2024-11-11,0.5118,0.0647,0,0.5323,price_proxy,,,,
2024-11-12,0.4882,0.0655,0,1.0388,price_proxy,,,,
2024-11-13,0.42,0.0687,0,0.9179,price_proxy,,,,
2024-11-14,0.4322,0.0682,0,1.011,price_proxy,,,,
2024-11-15,0.4585,0.0668,0,0.6137,price_proxy,,,,
2024-11-18,0.4575,0.0684,0,0.828,price_proxy,,,,
2024-11-19,0.4645,0.068,0,0.5363,price_proxy,,,,
2024-11-20,0.5439,0.0701,0,0.8584,price_proxy,,,,
2024-11-21,0.5611,0.0664,0,0.7559,price_proxy,,,,
2024-11-22,0.5272,0.0668,0,1.1846,price_proxy,,,,
2024-11-25,0.5015,0.0665,0,1.9247,price_proxy,,,,
2024-11-26,0.506,0.0664,0,0.7156,price_proxy,,,,
2024-11-27,0.4852,0.0609,0,1.2211,price_proxy,,,,
2024-11-28,0.4911,0.0475,0,1.316,price_proxy,,,,
2024-11-29,0.4881,0.0478,0,0.896,price_proxy,,,,
2024-12-02,0.5658,0.0621,0,2.2428,price_proxy,,,,
2024-12-03,0.68,0.082,0,3.8914,price_proxy,,,,
2024-12-04,0.6195,0.0863,0,1.5723,price_proxy,,,,
2024-12-05,0.5789,0.0867,0,1.2105,price_proxy,,,,
2024-12-06,0.5871,0.0867,0,0.9368,price_proxy,,,,
2024-12-09,0.4479,0.0927,0,1.0945,price_proxy,,,,
2024-12-10,0.3747,0.093,0,0.8271,price_proxy,,,,
2024-12-11,0.4408,0.0893,0,0.4724,price_proxy,,,,
2024-12-12,0.4742,0.0887,0,1.2178,price_proxy,,,,
2024-12-13,0.4971,0.0885,0,0.7997,price_proxy,,,,
2024-12-16,0.5461,0.0886,0,0.5039,price_proxy,,,,
2024-12-17,0.525,0.0882,0,1.064,price_proxy,,,,
2024-12-18,0.5261,0.0876,0,0.6258,price_proxy,,,,
2024-12-19,0.5116,0.088,0,0.6925,price_proxy,,,,
2024-12-20,0.4669,0.0895,0,1.2752,price_proxy,,,,
2024-12-23,0.5654,0.0992,0,1.158,price_proxy,,,,
2024-12-24,0.5667,0.0989,0,0.5248,price_proxy,,,,
2024-12-26,0.5272,0.0996,0,0.8636,price_proxy,,,,
2024-12-27,0.5115,0.1011,0,0.6258,price_proxy,,,,
2024-12-30,0.544,0.1004,0,0.7658,price_proxy,,,,
2025-01-02,0.4677,0.0925,0,0.9303,price_proxy,,,,
2025-01-03,0.4074,0.0786,0,1.8212,price_proxy,,,,
2025-01-06,0.4052,0.0756,0,0.9055,price_proxy,,,,
2025-01-07,0.4283,0.0742,0,1.1144,price_proxy,,,,
2025-01-08,0.4355,0.0743,0,1.0066,price_proxy,,,,
2025-01-09,0.4299,0.0662,0,0.8178,price_proxy,,,,
2025-01-10,0.4882,0.0649,0,1.0096,price_proxy,,,,
2025-01-13,0.5059,0.0637,0,0.7464,price_proxy,,,,
2025-01-14,0.4941,0.064,0,0.8675,price_proxy,,,,
2025-01-15,0.5178,0.066,0,1.2414,price_proxy,,,,
2025-01-16,0.5459,0.0673,0,1.1435,price_proxy,,,,
2025-01-17,0.5592,0.0677,0,0.8928,price_proxy,,,,
2025-01-20,0.6036,0.0704,0,1.3712,price_proxy,,,,
2025-01-21,0.6178,0.07,0,0.7528,price_proxy,,,,
2025-01-22,0.5925,0.0674,0,0.8297,price_proxy,,,,
2025-01-23,0.5695,0.051,0,1.014,price_proxy,,,,
2025-01-24,0.5518,0.051,0,0.6665,price_proxy,,,,
2025-01-31,0.5324,0.0517,0,0.869,price_proxy,,,,
2025-02-03,0.5056,0.0518,0,1.164,price_proxy,,,,
2025-02-04,0.5028,0.0518,0,0.6354,price_proxy,,,,
2025-02-05,0.4874,0.0521,0,0.8735,price_proxy,,,,
2025-02-06,0.4636,0.0438,0,1.2758,price_proxy,,,,
2025-02-07,0.5125,0.0562,0,2.1782,price_proxy,,,,
2025-02-10,0.5421,0.0561,0,1.2963,price_proxy,,,,
2025-02-11,0.5364,0.0563,0,0.867,price_proxy,,,,
2025-02-12,0.5803,0.0577,0,1.0372,price_proxy,,,,
2025-02-13,0.5714,0.0622,0,1.2765,price_proxy,,,,
2025-02-14,0.5289,0.0634,0,0.9863,price_proxy,,,,
2025-02-17,0.5825,0.0663,0,1.0365,price_proxy,,,,
2025-02-18,0.573,0.0664,0,0.7424,price_proxy,,,,
2025-02-19,0.5528,0.0657,0,0.8411,price_proxy,,,,
2025-02-20,0.5882,0.0659,0,1.1441,price_proxy,,,,
2025-02-21,0.5475,0.0635,0,0.4946,price_proxy,,,,
2025-02-24,0.4841,0.064,0,0.4131,price_proxy,,,,
2025-02-25,0.5133,0.0643,0,0.9372,price_proxy,,,,
2025-02-26,0.5158,0.0645,0,0.81,price_proxy,,,,
2025-02-27,0.5224,0.0643,0,0.6513,price_proxy,,,,
2025-02-28,0.4735,0.0718,0,2.4234,price_proxy,,,,
2025-03-04,0.4867,0.0696,0,0.6691,price_proxy,,,,
2025-03-05,0.4367,0.0724,0,1.1072,price_proxy,,,,
2025-03-06,0.4555,0.0739,0,0.5392,price_proxy,,,,
2025-03-07,0.4386,0.0724,0,0.6897,price_proxy,,,,
2025-03-10,0.4624,0.0643,0,1.178,price_proxy,,,,
2025-03-11,0.4383,0.0653,0,0.9555,price_proxy,,,,
2025-03-12,0.4891,0.0661,0,1.066,price_proxy,,,,
2025-03-13,0.4719,0.0644,0,1.8413,price_proxy,,,,
2025-03-14,0.4515,0.064,0,0.7913,price_proxy,,,,
2025-03-17,0.5589,0.074,0,1.3173,price_proxy,,,,
2025-03-18,0.5954,0.0685,0,1.0843,price_proxy,,,,
2025-03-19,0.5562,0.069,0,0.9227,price_proxy,,,,
2025-03-20,0.5421,0.0687,0,0.6436,price_proxy,,,,
2025-03-21,0.5497,0.0699,0,1.4344,price_proxy,,,,
2025-03-24,0.4641,0.07,0,1.0785,price_proxy,,,,
2025-03-25,0.471,0.0709,0,0.7964,price_proxy,,,,
2025-03-26,0.4947,0.0702,0,1.1961,price_proxy,,,,
2025-03-27,0.4668,0.0706,0,0.8885,price_proxy,,,,
2025-03-28,0.4367,0.0756,0,1.3221,price_proxy,,,,
2025-03-31,0.3984,0.0745,0,0.9312,price_proxy,,,,
2025-04-01,0.3486,0.0755,0,1.1945,price_proxy,,,,
2025-04-02,0.3584,0.0751,0,1.135,price_proxy,,,,
2025-04-03,0.3188,0.0782,0,1.7365,price_proxy,,,,
2025-04-04,0.3665,0.0782,0,1.0123,price_proxy,,,,
2025-04-07,0.3117,0.0932,0,1.3877,price_proxy,,,,
2025-04-08,0.3449,0.0937,0,0.8739,price_proxy,,,,
2025-04-09,0.2541,0.099,0,1.0871,price_proxy,,,,
2025-04-10,0.4078,0.1168,0,1.1119,price_proxy,,,,
2025-04-11,0.4046,0.1163,0,0.6378,price_proxy,,,,
2025-04-14,0.5331,0.1073,0,0.5253,price_proxy,,,,
2025-04-15,0.5644,0.1095,0,0.8909,price_proxy,,,,
2025-04-16,0.6656,0.1103,0,0.4357,price_proxy,,,,
2025-04-17,0.5514,0.1099,0,0.4625,price_proxy,,,,
2025-04-18,0.5939,0.1123,0,0.4591,price_proxy,,,,
2025-04-21,0.6115,0.1151,0,0.6719,price_proxy,,,,
2025-04-22,0.6233,0.1177,0,1.0489,price_proxy,,,,
2025-04-23,0.6393,0.1188,0,0.7341,price_proxy,,,,
2025-04-24,0.6626,0.1187,0,0.6502,price_proxy,,,,
2025-04-25,0.6315,0.1151,0,0.8265,price_proxy,,,,
2025-04-28,0.6101,0.112,0,0.8011,price_proxy,,,,
2025-04-29,0.6219,0.1139,0,1.6636,price_proxy,,,,
2025-04-30,0.6727,0.1193,0,2.3522,price_proxy,,,,
2025-05-02,0.6363,0.1128,0,0.8019,price_proxy,,,,
2025-05-07,0.6417,0.1124,0,1.2369,price_proxy,,,,
2025-05-08,0.6321,0.0902,0,1.1539,price_proxy,,,,
2025-05-09,0.5703,0.0905,0,0.883,price_proxy,,,,
2025-05-12,0.556,0.0728,0,1.7625,price_proxy,,,,
2025-05-13,0.6303,0.0608,0,1.6662,price_proxy,,,,
2025-05-14,0.6323,0.0587,0,1.103,price_proxy,,,,
2025-05-15,0.5861,0.0668,0,0.9342,price_proxy,,,,
2025-05-16,0.5953,0.0667,0,0.7215,price_proxy,,,,
2025-05-19,0.4747,0.0787,0,0.7016,price_proxy,,,,
2025-05-20,0.4568,0.0779,0,0.5759,price_proxy,,,,
2025-05-21,0.4853,0.0784,0,0.7406,price_proxy,,,,
2025-05-22,0.4987,0.0807,0,0.8085,price_proxy,,,,
2025-05-23,0.5125,0.0789,0,0.6115,price_proxy,,,,
2025-05-26,0.586,0.0787,0,0.7546,price_proxy,,,,
2025-05-27,0.5543,0.0789,0,1.3759,price_proxy,,,,
2025-05-28,0.5087,0.0794,0,1.0824,price_proxy,,,,
2025-05-29,0.684,0.1077,0,2.5015,price_proxy,,,,
2025-05-30,0.635,0.1079,0,1.9668,price_proxy,,,,
2025-06-02,0.6182,0.1032,0,1.17,price_proxy,,,,
2025-06-04,0.7028,0.108,0,2.0648,price_proxy,,,,
2025-06-05,0.7009,0.1087,0,1.0983,price_proxy,,,,
2025-06-09,0.5688,0.1086,0,1.7108,price_proxy,,,,
2025-06-10,0.6172,0.1082,0,1.2919,price_proxy,,,,
2025-06-11,0.6174,0.1061,0,1.3512,price_proxy,,,,
2025-06-12,0.5268,0.1046,0,1.2513,price_proxy,,,,
2025-06-13,0.5448,0.1046,0,1.034,price_proxy,,,,
2025-06-16,0.5909,0.1049,0,1.0342,price_proxy,,,,
2025-06-17,0.5416,0.1072,0,1.8734,price_proxy,,,,
2025-06-18,0.635,0.1054,0,1.1771,price_proxy,,,,
2025-06-19,0.6145,0.1083,0,0.7463,price_proxy,,,,
2025-06-20,0.5997,0.1083,0,0.6678,price_proxy,,,,
2025-06-23,0.5583,0.106,0,0.914,price_proxy,,,,
2025-06-24,0.7115,0.1189,0,1.369,price_proxy,,,,
2025-06-25,0.6285,0.119,0,1.1574,price_proxy,,,,
2025-06-26,0.625,0.1219,0,1.0241,price_proxy,,,,
2025-06-27,0.5782,0.1267,0,0.882,price_proxy,,,,
2025-06-30,0.5587,0.1043,0,0.5642,price_proxy,,,,
2025-07-01,0.4515,0.1022,0,0.7815,price_proxy,,,,
2025-07-02,0.442,0.102,0,0.6635,price_proxy,,,,
2025-07-03,0.5,0.0954,0,0.8709,price_proxy,,,,
2025-07-04,0.498,0.1006,0,0.778,price_proxy,,,,
2025-07-07,0.521,0.1009,0,0.441,price_proxy,,,,
2025-07-08,0.5796,0.1054,0,1.0519,price_proxy,,,,
2025-07-09,0.6741,0.1124,0,1.3354,price_proxy,,,,
2025-07-10,0.6863,0.1121,0,1.035,price_proxy,,,,
2025-07-11,0.7764,0.112,0,1.0428,price_proxy,,,,
2025-07-14,0.8168,0.112,0,1.0631,price_proxy,,,,
2025-07-15,0.744,0.1093,0,0.9635,price_proxy,,,,
2025-07-16,0.5366,0.122,0,1.5235,price_proxy,,,,
2025-07-17,0.491,0.1205,0,0.6106,price_proxy,,,,
2025-07-18,0.4205,0.1237,0,0.8768,price_proxy,,,,
2025-07-21,0.3547,0.1239,0,0.4911,price_proxy,,,,
2025-07-22,0.3294,0.1087,0,0.827,price_proxy,,,,
2025-07-23,0.3966,0.1105,0,0.9459,price_proxy,,,,
2025-07-24,0.3559,0.1124,0,1.0004,price_proxy,,,,
2025-07-25,0.4034,0.1091,0,0.5342,price_proxy,,,,
2025-07-28,0.3525,0.114,0,1.2064,price_proxy,,,,
2025-07-29,0.3834,0.114,0,0.5741,price_proxy,,,,
2025-07-30,0.3957,0.1145,0,0.6343,price_proxy,,,,
2025-07-31,0.4612,0.1139,0,0.5472,price_proxy,,,,
2025-08-01,0.3029,0.1377,0,1.4694,price_proxy,,,,
2025-08-04,0.3985,0.139,0,0.7572,price_proxy,,,,
2025-08-05,0.4446,0.1375,0,1.2257,price_proxy,,,,
2025-08-06,0.457,0.1265,0,0.6331,price_proxy,,,,
2025-08-07,0.4406,0.1235,0,0.6205,price_proxy,,,,
2025-08-08,0.59,0.1211,0,0.4193,price_proxy,,,,
2025-08-11,0.5031,0.113,0,0.6861,price_proxy,,,,
2025-08-12,0.4827,0.1165,0,0.6828,price_proxy,,,,
2025-08-13,0.4928,0.1069,0,0.5944,price_proxy,,,,
2025-08-14,0.4735,0.1068,0,0.9272,price_proxy,,,,
2025-08-18,0.4682,0.1057,0,0.8793,price_proxy,,,,
2025-08-19,0.499,0.1056,0,0.6472,price_proxy,,,,
2025-08-20,0.4322,0.1059,0,0.9414,price_proxy,,,,
2025-08-21,0.4333,0.1057,0,0.54,price_proxy,,,,
2025-08-22,0.4772,0.1056,0,1.7679,price_proxy,,,,
2025-08-25,0.5271,0.1075,0,0.8608,price_proxy,,,,
2025-08-26,0.523,0.1036,0,1.5555,price_proxy,,,,
2025-08-27,0.5383,0.1035,0,0.7578,price_proxy,,,,
2025-08-28,0.5912,0.108,0,1.3733,price_proxy,,,,
2025-08-29,0.5324,0.1083,0,0.8818,price_proxy,,,,
2025-09-01,0.4661,0.072,0,0.7014,price_proxy,,,,
2025-09-02,0.4762,0.068,0,0.62,price_proxy,,,,
2025-09-03,0.5021,0.0601,0,0.7456,price_proxy,,,,
2025-09-04,0.4574,0.0604,0,0.8727,price_proxy,,,,
2025-09-05,0.4804,0.0603,0,0.5986,price_proxy,,,,
2025-09-08,0.5241,0.0605,0,0.6347,price_proxy,,,,
2025-09-09,0.6163,0.0727,0,2.4656,price_proxy,,,,
2025-09-10,0.6626,0.0753,0,1.3854,price_proxy,,,,
2025-09-11,0.641,0.0758,0,1.7535,price_proxy,,,,
2025-09-12,0.6362,0.0753,0,0.9851,price_proxy,,,,
2025-09-15,0.7377,0.0912,0,2.0202,price_proxy,,,,
2025-09-16,0.604,0.0942,0,1.0356,price_proxy,,,,
2025-09-17,0.4759,0.1016,0,1.1367,price_proxy,,,,
2025-09-18,0.5145,0.1021,0,1.01,price_proxy,,,,
2025-09-19,0.5049,0.1027,0,0.7183,price_proxy,,,,
2025-09-22,0.4076,0.1017,0,0.6562,price_proxy,,,,
2025-09-23,0.3965,0.1053,0,1.017,price_proxy,,,,
2025-09-24,0.4327,0.1068,0,1.1781,price_proxy,,,,
2025-09-25,0.3952,0.1028,0,0.7694,price_proxy,,,,
2025-09-26,0.3796,0.1035,0,1.0923,price_proxy,,,,
2025-09-29,0.3973,0.1026,0,0.9577,price_proxy,,,,
2025-09-30,0.4275,0.1031,0,0.5988,price_proxy,,,,
2025-10-01,0.4455,0.1034,0,0.5175,price_proxy,,,,
2025-10-02,0.4919,0.1051,0,1.084,price_proxy,,,,
2025-10-10,0.5,0.1063,0,1.3405,price_proxy,,,,
2025-10-13,0.4632,0.1064,0,0.71,price_proxy,,,,
2025-10-14,0.466,0.0945,0,0.9991,price_proxy,,,,
2025-10-15,0.5498,0.0975,0,1.6104,price_proxy,,,,
2025-10-16,0.5632,0.1017,0,1.4219,price_proxy,,,,
2025-10-17,0.5506,0.1036,0,0.7442,price_proxy,,,,
2025-10-20,0.7257,0.1209,0,1.9248,price_proxy,,,,
2025-10-21,0.6792,0.123,0,1.3546,price_proxy,,,,
2025-10-22,0.6013,0.1169,0,0.7169,price_proxy,,,,
2025-10-23,0.5099,0.1177,0,0.7771,price_proxy,,,,
2025-10-24,0.5705,0.1178,0,0.9267,price_proxy,,,,
2025-10-27,0.4346,0.118,0,1.3839,price_proxy,,,,
2025-10-28,0.4519,0.1169,0,1.4221,price_proxy,,,,
2025-10-29,0.4229,0.117,0,2.3181,price_proxy,,,,
2025-10-30,0.4754,0.117,0,1.0781,price_proxy,,,,
2025-10-31,0.4805,0.1156,0,1.4712,price_proxy,,,,
2025-11-03,0.5242,0.1187,0,1.1936,price_proxy,,,,
2025-11-04,0.4951,0.1245,0,1.3579,price_proxy,,,,
2025-11-05,0.5351,0.124,0,0.9256,price_proxy,,,,
2025-11-06,0.5498,0.1234,0,1.4417,price_proxy,,,,
2025-11-07,0.4587,0.1279,0,0.7834,price_proxy,,,,
2025-11-10,0.5955,0.1653,0,2.021,price_proxy,,,,
2025-11-11,0.6086,0.1687,0,0.8996,price_proxy,,,,
2025-11-12,0.7118,0.173,0,1.3693,price_proxy,,,,
2025-11-13,0.6602,0.1725,0,0.7913,price_proxy,,,,
2025-11-14,0.6475,0.1768,0,0.8136,price_proxy,,,,
2025-11-17,0.4317,0.1568,0,0.6521,price_proxy,,,,
2025-11-18,0.4251,0.1574,0,0.67,price_proxy,,,,
2025-11-19,0.3664,0.1587,0,0.7205,price_proxy,,,,
2025-11-20,0.3876,0.1571,0,0.701,price_proxy,,,,
2025-11-21,0.4206,0.1587,0,0.5119,price_proxy,,,,
2025-11-24,0.4387,0.1586,0,0.7176,price_proxy,,,,
2025-11-25,0.5,0.1571,0,0.5029,price_proxy,,,,
2025-11-26,0.5048,0.1571,0,0.5486,price_proxy,,,,
2025-11-27,0.4762,0.1578,0,0.5306,price_proxy,,,,
2025-11-28,0.5097,0.1576,0,0.5156,price_proxy,,,,
2025-12-01,0.5097,0.1544,0,0.368,price_proxy,,,,
2025-12-02,0.5584,0.1518,0,0.7329,price_proxy,,,,
2025-12-03,0.519,0.1518,0,0.6043,price_proxy,,,,
2025-12-04,0.5578,0.1513,0,0.5938,price_proxy,,,,
2025-12-05,0.5726,0.1462,0,0.8399,price_proxy,,,,
2025-12-08,0.5436,0.0988,0,0.7895,price_proxy,,,,
2025-12-09,0.4858,0.0947,0,0.8307,price_proxy,,,,
2025-12-10,0.4575,0.0752,0,0.6906,price_proxy,,,,
2025-12-11,0.4391,0.075,0,3.1458,price_proxy,,,,
2025-12-12,0.4907,0.0719,0,1.8615,price_proxy,,,,
2025-12-15,0.4858,0.0734,0,1.0048,price_proxy,,,,
2025-12-16,0.5143,0.0658,0,2.1693,price_proxy,,,,
2025-12-17,0.5,0.066,0,1.1287,price_proxy,,,,
2025-12-18,0.4903,0.0663,0,0.624,price_proxy,,,,
2025-12-19,0.4718,0.0655,0,1.1276,price_proxy,,,,
2025-12-22,0.5286,0.0664,0,0.7633,price_proxy,,,,
2025-12-23,0.5189,0.0665,0,1.1966,price_proxy,,,,
2025-12-24,0.553,0.0627,0,0.6269,price_proxy,,,,
2025-12-26,0.5485,0.0622,0,0.5391,price_proxy,,,,
2025-12-29,0.5333,0.0629,0,0.99,price_proxy,,,,
2025-12-30,0.4859,0.0645,0,0.5534,price_proxy,,,,
2026-01-02,0.4953,0.06,0,0.7218,price_proxy,,,,
2026-01-05,0.4765,0.0613,0,1.2596,price_proxy,,,,
2026-01-06,0.59,0.0794,0,1.8156,price_proxy,,,,
2026-01-07,0.4859,0.0901,0,1.183,price_proxy,,,,
2026-01-08,0.4716,0.0911,0,1.0948,price_proxy,,,,
2026-01-09,0.4577,0.0911,0,0.631,price_proxy,,,,
2026-01-12,0.5,0.0906,0,0.7003,price_proxy,,,,
2026-01-13,0.432,0.0913,0,1.221,price_proxy,,,,
2026-01-14,0.5377,0.0873,0,1.2593,price_proxy,,,,
2026-01-15,0.6394,0.0903,0,1.9501,price_proxy,,,,
2026-01-16,0.6727,0.0914,0,1.2482,price_proxy,,,,
2026-01-19,0.6378,0.0887,0,0.8374,price_proxy,,,,
2026-01-20,0.6502,0.0888,0,1.1986,price_proxy,,,,
2026-01-21,0.5833,0.0906,0,0.6716,price_proxy,,,,
2026-01-22,0.5539,0.0911,0,1.2554,price_proxy,,,,
2026-01-23,0.6192,0.1036,0,2.2448,price_proxy,,,,
2026-01-26,0.6156,0.1043,0,0.7815,price_proxy,,,,
2026-01-27,0.6485,0.1069,0,0.8986,price_proxy,,,,
2026-01-28,0.7133,0.1069,0,1.072,price_proxy,,,,
2026-01-29,0.7801,0.1118,0,1.5413,price_proxy,,,,
2026-01-30,0.7542,0.1155,0,1.647,price_proxy,,,,
2026-02-02,0.6134,0.1433,0,1.1229,price_proxy,,,,
2026-02-03,0.6992,0.1547,0,1.1318,price_proxy,,,,
2026-02-04,0.6767,0.1451,0,1.1587,price_proxy,,,,
2026-02-05,0.5192,0.1483,0,0.9091,price_proxy,,,,
2026-02-06,0.4187,0.1504,0,0.8184,price_proxy,,,,
2026-02-09,0.6272,0.1518,0,0.9468,price_proxy,,,,
2026-02-10,0.6035,0.1611,0,1.4186,price_proxy,,,,
2026-02-11,0.6402,0.1612,0,1.0795,price_proxy,,,,
2026-02-12,0.7167,0.1607,0,1.2047,price_proxy,,,,
2026-02-13,0.8815,0.1679,0,2.2494,price_proxy,,,,
2026-02-19,1.0,0.2465,0,2.3508,price_proxy,,,,
2026-02-20,1.0,0.25,0,3.04,price_proxy,,,,
2026-02-23,1.0,0.2509,0,1.6553,price_proxy,,,,
2026-02-24,0.9974,0.2644,0,1.5919,price_proxy,,,,
2026-02-25,0.856,0.2641,0,0.9367,price_proxy,,,,
2026-02-26,0.4864,0.2628,0,1.0179,price_proxy,,,,
2026-02-27,0.3112,0.2678,0,1.0938,price_proxy,,,,
2026-03-03,0.2366,0.2816,0,0.8968,price_proxy,,,,
2026-03-04,0.0824,0.3216,0,1.0469,price_proxy,,,,
2026-03-05,0.261,0.3393,0,0.7432,price_proxy,,,,
2026-03-06,0.2644,0.3272,0,0.526,price_proxy,,,,
2026-03-09,0.2211,0.3269,0,0.5077,price_proxy,,,,
2026-03-10,0.3859,0.3274,0,0.4891,price_proxy,,,,
2026-03-11,0.8125,0.3286,0,0.7742,price_proxy,,,,
2026-03-12,0.5312,0.3297,0,0.7193,price_proxy,,,,
2026-03-13,0.4689,0.3317,0,0.5676,price_proxy,,,,
2026-03-16,0.5786,0.3265,0,0.5984,price_proxy,,,,
2026-03-17,0.5637,0.3265,0,0.3105,price_proxy,,,,
2026-03-18,0.5541,0.3304,0,0.5569,price_proxy,,,,
2026-03-19,0.5522,0.3274,0,0.4078,price_proxy,,,,
2026-03-20,0.7461,0.266,0,0.9348,price_proxy,,,,
2026-03-23,0.5598,0.2684,0,0.8059,price_proxy,,,,
2026-03-24,0.534,0.2683,0,0.6383,price_proxy,,,,
2026-03-25,0.5058,0.2678,0,0.8017,price_proxy,,,,
2026-03-26,0.491,0.2696,0,0.6385,price_proxy,,,,
2026-03-27,0.4242,0.2718,0,0.9428,price_proxy,,,,
2026-03-30,0.393,0.2889,0,1.46,price_proxy,,,,
2026-03-31,0.2967,0.2853,0,1.371,price_proxy,,,,
2026-04-01,0.3571,0.2569,0,0.8377,price_proxy,,,,
2026-04-02,0.2895,0.2386,0,1.1206,price_proxy,,,,
2026-04-03,0.2489,0.2386,0,0.5134,price_proxy,,,,
2026-04-06,0.4677,0.233,0,0.8018,price_proxy,,,,
2026-04-07,0.5642,0.2311,0,0.7181,price_proxy,,,,
2026-04-08,0.6256,0.2506,0,1.2903,price_proxy,,,,
2026-04-09,0.7521,0.2495,0,1.0622,price_proxy,,,,
2026-04-10,0.7738,0.2477,0,0.7974,price_proxy,,,,
2026-04-12,0.0,0.0,70,,,0.0,0.0,0.5,0.0
2026-04-13,0.1064354838709677,0.242702475757435,124,,,49.0,8.0,0.8596491228070176,0.5139039089106111
2026-04-14,0.12262,0.2425721502580378,100,,,43.0,4.0,0.9148936170212766,0.5659060777750753
2026-04-15,0.0144950495049504,0.242429438136641,101,,,22.0,16.0,0.5789473684210527,0.0670392098876056
2026-04-16,0.0574117647058823,0.1905893596679446,102,,,28.0,9.0,0.7567567567567568,0.266087970147772
2026-04-17,0.0509191919191919,0.2163643316622841,99,,,31.0,15.0,0.6739130434782609,0.2344915445208684
2026-04-18,0.0373666666666666,0.1858635335598261,60,,,12.0,7.0,0.631578947368421,0.153609653391276
2026-04-19,0.0588999999999999,0.185913930284108,20,,,3.0,0.0,1.0,0.1793223715819095
2026-04-20,0.0442390243902439,0.179140011074218,205,,,42.0,12.0,0.7777777777777778,0.2357000437792815
2026-04-21,0.0349017857142857,0.2103711846049686,112,,,26.0,11.0,0.7027027027027027,0.1649942766370227
2026-04-22,0.1614537037037037,0.299479622955542,108,,,61.0,8.0,0.8840579710144928,0.757435490948422
2026-04-23,0.3136421052631579,0.3117105147677847,95,,,69.0,2.0,0.971830985915493,1.431571775926059
2026-04-24,0.1088571428571428,0.2880089284330311,7,,,2.0,0.0,1.0,0.2263620649657192
2026-04-26,0.1008311688311688,0.2231272590979489,77,,,21.0,1.0,0.9545454545454546,0.4392920432521817
2026-04-27,0.1207075471698113,0.2896942548202003,106,,,49.0,10.0,0.8305084745762712,0.564045706952265
2026-04-28,0.1651782178217822,0.2902035629016158,101,,,58.0,7.0,0.8923076923076924,0.76394476677249
2026-04-29,0.2446095238095238,0.2982805370026323,105,,,80.0,4.0,0.9523809523809524,1.14072161612547
2026-04-30,0.0473645833333333,0.1709280008345567,96,,,16.0,3.0,0.8421052631578947,0.2166792793672383
2026-05-01,-0.0027999999999999,0.1858271598376656,10,,,1.0,1.0,0.5,-0.0067141067638354
2026-05-02,0.0,0.0,17,,,0.0,0.0,0.5,0.0
2026-05-03,0.0308695652173913,0.2647155472802212,69,,,19.0,10.0,0.6551724137931034,0.1311492009502193
2026-05-04,0.1864571428571428,0.3314205026546064,35,,,28.0,4.0,0.875,0.6681727026389878
2026-05-05,0.0763972602739726,0.2118479367983624,73,,,24.0,7.0,0.7741935483870968,0.3288187811616391
2026-05-06,0.1152413793103448,0.2246734045964477,87,,,36.0,5.0,0.8780487804878049,0.515974470137454
2026-05-07,0.1018190476190476,0.2342523614917656,105,,,36.0,3.0,0.9230769230769232,0.4748269271919249
2026-05-08,0.1023333333333333,0.2049755343863498,12,,,4.0,0.0,1.0,0.2624798175802306
2026-05-10,-0.0008589743589743,0.0075862561287687,78,,,1.0,1.0,0.5,-0.0037532436681447
2026-05-11,0.1192095238095238,0.2345388558606546,105,,,48.0,9.0,0.8421052631578947,0.5559263537238166
2026-05-12,0.110314606741573,0.2462963659858889,89,,,40.0,7.0,0.851063829787234,0.4963947341944106
2026-05-13,0.0281081081081081,0.2297011636235754,111,,,26.0,15.0,0.6341463414634146,0.1326280763823486
2026-05-14,0.031595238095238,0.1026829391921922,84,,,8.0,0.0,1.0,0.1403666242229202
2026-05-15,0.0552413793103448,0.2325551632213026,29,,,9.0,4.0,0.6923076923076923,0.1878868346697507
2026-05-16,0.0580555555555555,0.1381774103535963,18,,,3.0,0.0,1.0,0.1709410407349405
2026-05-17,0.0237611940298507,0.2596509364017589,67,,,23.0,17.0,0.575,0.1002605412931397
2026-05-18,0.1046181818181818,0.2419714890255689,110,,,48.0,11.0,0.8135593220338984,0.4927024868791121
2026-05-19,0.0632183908045977,0.2312384968999391,87,,,24.0,7.0,0.7741935483870968,0.2830500285014958
2026-05-20,-0.0049803921568627,0.2407868282141464,102,,,19.0,17.0,0.5277777777777778,-0.0230827679021632
2026-05-21,0.03998,0.2008097737973061,100,,,29.0,13.0,0.6904761904761905,0.1845125182633135
2026-05-22,-0.1516875,0.3593883171445616,16,,,4.0,8.0,0.3333333333333333,-0.4297630491265273
2026-05-24,0.0219166666666666,0.14004820240183,84,,,10.0,3.0,0.7692307692307693,0.0973681067047461
2026-05-25,0.0789285714285714,0.1657321584715783,14,,,5.0,1.0,0.8333333333333334,0.213742533729853
2026-05-26,0.5031,0.1808,0,0.9394,price_proxy,,,,
2026-05-27,0.5064,0.1821,0,1.0479,price_proxy,,,,
2026-05-28,0.5,0.1827,0,0.9124,price_proxy,,,,
2026-05-29,0.3934,0.1827,0,1.8101,price_proxy,,,,
2026-06-01,0.3995,0.1873,0,0.8567,price_proxy,,,,
2026-06-02,0.4156,0.1862,0,1.0191,price_proxy,,,,
2026-06-04,0.5289,0.1642,0,0.8835,price_proxy,,,,
2026-06-05,0.5854,0.15,0,1.4916,price_proxy,,,,
2026-06-08,0.4503,0.1642,0,1.1651,price_proxy,,,,
2026-06-09,0.5032,0.18,0,0.6791,price_proxy,,,,
2026-06-10,0.4902,0.1807,0,0.6673,price_proxy,,,,
2026-06-11,0.4747,0.1747,0,1.3061,price_proxy,,,,
2026-06-12,0.5,0.1757,0,0.9074,price_proxy,,,,
2026-06-15,0.7207,0.1722,0,0.8849,price_proxy,,,,
2026-06-16,0.6024,0.155,0,0.8497,price_proxy,,,,
2026-06-17,0.6213,0.1546,0,0.6145,price_proxy,,,,
2026-06-18,0.516,0.1545,0,0.5659,price_proxy,,,,
2026-06-19,0.5157,0.1536,0,1.056,price_proxy,,,,
2026-06-22,0.3838,0.1509,0,0.7894,price_proxy,,,,
2026-06-23,0.2504,0.1616,0,0.6506,price_proxy,,,,
2026-06-24,0.2774,0.1602,0,0.5262,price_proxy,,,,
2026-06-25,0.3506,0.1592,0,0.5375,price_proxy,,,,
2026-06-26,0.2312,0.1652,0,0.791,price_proxy,,,,
2026-06-29,0.3929,0.1756,0,0.7107,price_proxy,,,,
2026-06-30,0.5452,0.1718,0,0.6683,price_proxy,,,,
2026-07-01,0.5557,0.1711,0,0.5794,price_proxy,,,,
2026-07-02,0.4897,0.1683,0,0.6226,price_proxy,,,,
2026-07-03,0.7671,0.1926,0,1.1202,price_proxy,,,,
