날짜,시가,고가,저가,종가,거래량
2016-05-17,8650.0,8756.0,8476.0,8544.0,129580
2016-05-18,8572.0,8881.0,8254.0,8660.0,195140
2016-05-19,8833.0,8833.0,8399.0,8496.0,127335
2016-05-20,8408.0,8746.0,8331.0,8718.0,151119
2016-05-23,8717.0,8872.0,8553.0,8785.0,237615
2016-05-24,8737.0,9374.0,8659.0,9085.0,568679
2016-05-25,9219.0,9219.0,8978.0,9036.0,271217
2016-05-26,9026.0,9084.0,8611.0,8689.0,206821
2016-05-27,8708.0,8833.0,8640.0,8747.0,105084
2016-05-30,8766.0,8785.0,8544.0,8650.0,121705
2016-05-31,8727.0,8727.0,8553.0,8631.0,117001
2016-06-01,8688.0,8939.0,8611.0,8872.0,226972
2016-06-02,8901.0,9268.0,8804.0,8921.0,430799
2016-06-03,8920.0,9017.0,8708.0,8785.0,225558
2016-06-07,8785.0,9075.0,8766.0,8930.0,191644
2016-06-08,8795.0,9586.0,8795.0,9587.0,1035422
2016-06-09,9895.0,11729.0,9654.0,10620.0,6221842
2016-06-10,11150.0,11295.0,10281.0,10861.0,2106398
2016-06-13,10474.0,11198.0,10330.0,11199.0,1049145
2016-06-14,11102.0,11440.0,10716.0,11151.0,1091597
2016-06-15,11102.0,11102.0,10474.0,10620.0,814568
2016-06-16,10571.0,10812.0,9799.0,9799.0,866785
2016-06-17,10088.0,10378.0,9799.0,9992.0,632470
2016-06-20,10233.0,10523.0,10040.0,10330.0,383912
2016-06-21,10330.0,10330.0,9943.0,10137.0,299526
2016-06-22,10281.0,10281.0,9799.0,9847.0,250098
2016-06-23,9750.0,10040.0,9393.0,9847.0,592139
2016-06-24,10088.0,10088.0,8399.0,8863.0,1036300
2016-06-27,8399.0,9103.0,8370.0,8892.0,514785
2016-06-28,8688.0,9605.0,8688.0,9509.0,942557
2016-06-29,9634.0,9895.0,9432.0,9654.0,473063
2016-06-30,9654.0,9799.0,9519.0,9654.0,354959
2016-07-01,9799.0,10330.0,9509.0,9751.0,711275
2016-07-04,9847.0,10378.0,9750.0,10234.0,749887
2016-07-05,10378.0,10523.0,10136.0,10330.0,564303
2016-07-06,10136.0,10330.0,9654.0,9896.0,500708
2016-07-07,10136.0,10957.0,9992.0,10813.0,1902793
2016-07-08,11054.0,11198.0,10474.0,10909.0,1328036
2016-07-11,10909.0,11488.0,10716.0,11392.0,1174268
2016-07-12,11198.0,11295.0,10861.0,11102.0,772989
2016-07-13,11198.0,11247.0,10281.0,10475.0,877422
2016-07-14,10426.0,10667.0,10233.0,10427.0,319409
2016-07-15,10378.0,10571.0,9992.0,10137.0,613230
2016-07-18,10040.0,10378.0,9847.0,10282.0,247994
2016-07-19,10233.0,10378.0,9992.0,10234.0,236097
2016-07-20,10185.0,10426.0,9992.0,10330.0,275099
2016-07-21,10378.0,10764.0,10281.0,10716.0,624470
2016-07-22,10571.0,10619.0,10136.0,10378.0,480873
2016-07-25,10233.0,10812.0,10233.0,10668.0,566800
2016-07-26,10667.0,10957.0,10523.0,10861.0,407249
2016-07-27,10957.0,10957.0,10426.0,10764.0,292044
2016-07-28,10812.0,12598.0,10474.0,12551.0,5311355
2016-07-29,12405.0,12791.0,12164.0,12502.0,1815556
2016-08-01,12598.0,12743.0,11826.0,12116.0,1256657
2016-08-02,12164.0,12309.0,11778.0,12164.0,698849
2016-08-03,12019.0,12067.0,11585.0,11778.0,851506
2016-08-04,11826.0,12405.0,11488.0,12068.0,1584985
2016-08-05,12019.0,12309.0,11729.0,11778.0,686430
2016-08-08,11826.0,12550.0,11633.0,12551.0,1133432
2016-08-09,12502.0,12840.0,12067.0,12164.0,1114873
2016-08-10,12212.0,12647.0,12116.0,12164.0,648660
2016-08-11,12260.0,12502.0,11826.0,11923.0,658205
2016-08-12,12019.0,12405.0,11826.0,12357.0,424527
2016-08-16,12212.0,12309.0,11874.0,11971.0,390287
2016-08-17,11971.0,12116.0,11295.0,11537.0,649410
2016-08-18,11585.0,11633.0,11054.0,11151.0,441918
2016-08-19,11295.0,11295.0,10812.0,11151.0,330454
2016-08-22,11488.0,11681.0,10812.0,10813.0,513761
2016-08-23,10861.0,11247.0,10667.0,10958.0,383817
2016-08-24,11005.0,11054.0,10523.0,10571.0,304830
2016-08-25,10571.0,10909.0,10330.0,10620.0,347977
2016-08-26,10571.0,10764.0,10378.0,10716.0,238242
2016-08-29,10619.0,10619.0,9799.0,9992.0,562442
2016-08-30,10088.0,10233.0,9702.0,9847.0,357838
2016-08-31,9750.0,9943.0,9075.0,9365.0,921346
2016-09-01,9277.0,9702.0,9277.0,9558.0,295171
2016-09-02,9557.0,9644.0,9335.0,9374.0,178410
2016-09-05,9412.0,9605.0,9258.0,9326.0,186588
2016-09-06,9335.0,9461.0,9075.0,9229.0,220802
2016-09-07,9190.0,9374.0,9036.0,9104.0,252548
2016-09-08,9046.0,9654.0,8881.0,9509.0,523372
2016-09-09,9354.0,9451.0,9113.0,9239.0,188603
2016-09-12,9229.0,9326.0,8804.0,8901.0,364393
2016-09-13,8978.0,9084.0,8901.0,9007.0,116941
2016-09-19,8978.0,9171.0,8978.0,9133.0,98929
2016-09-20,9055.0,9847.0,8988.0,9799.0,366456
2016-09-21,9654.0,9847.0,9480.0,9606.0,195718
2016-09-22,9750.0,10040.0,9557.0,9751.0,352033
2016-09-23,9895.0,10088.0,9615.0,9944.0,202200
2016-09-26,10040.0,10233.0,9799.0,10040.0,363725
2016-09-27,9943.0,10088.0,9702.0,9992.0,223720
2016-09-28,10040.0,10088.0,9654.0,9703.0,211315
2016-09-29,9702.0,9799.0,9605.0,9703.0,103981
2016-09-30,9992.0,9992.0,8997.0,9239.0,795957
2016-10-04,8968.0,9229.0,8408.0,8930.0,461551
2016-10-05,9065.0,9094.0,8746.0,8785.0,167465
2016-10-06,8785.0,8881.0,8486.0,8544.0,333775
2016-10-07,8582.0,8727.0,8138.0,8139.0,271468
2016-10-10,8148.0,8717.0,8138.0,8496.0,170216
2016-10-11,8688.0,8775.0,8408.0,8534.0,190524
2016-10-12,8534.0,8669.0,8418.0,8525.0,121968
2016-10-13,8534.0,9171.0,8321.0,8399.0,295708
2016-10-14,8437.0,8766.0,8360.0,8390.0,241212
2016-10-17,8399.0,8408.0,7694.0,7772.0,474626
2016-10-18,7626.0,7868.0,7105.0,7376.0,792583
2016-10-19,7375.0,7723.0,7375.0,7723.0,403052
2016-10-20,7752.0,7829.0,7462.0,7521.0,191577
2016-10-21,7520.0,7675.0,7337.0,7366.0,154151
2016-10-24,7366.0,7491.0,6931.0,7067.0,275448
2016-10-25,7066.0,7066.0,6468.0,6681.0,698239
2016-10-26,6680.0,6989.0,6593.0,6941.0,320906
2016-10-27,6941.0,7549.0,6941.0,7482.0,356149
2016-10-28,7433.0,7482.0,6806.0,6903.0,385217
2016-10-31,6854.0,6854.0,6275.0,6449.0,427356
2016-11-01,6333.0,6873.0,6333.0,6555.0,456641
2016-11-02,6526.0,6526.0,6062.0,6198.0,378168
2016-11-03,6091.0,6439.0,6091.0,6198.0,264796
2016-11-04,6198.0,6429.0,6033.0,6343.0,168328
2016-11-07,6410.0,6535.0,6352.0,6507.0,105054
2016-11-08,6661.0,6661.0,6371.0,6507.0,121601
2016-11-09,6506.0,6613.0,5599.0,6101.0,685484
2016-11-10,6439.0,7240.0,6429.0,7231.0,886786
2016-11-11,7182.0,7356.0,6999.0,7318.0,330489
2016-11-14,7337.0,7356.0,6922.0,6970.0,183800
2016-11-15,6922.0,6922.0,6381.0,6690.0,404681
2016-11-16,6748.0,6777.0,6613.0,6661.0,129005
2016-11-17,6584.0,6603.0,6362.0,6488.0,212913
2016-11-18,6497.0,6526.0,6284.0,6381.0,125649
2016-11-21,6275.0,6323.0,6053.0,6082.0,150144
2016-11-22,6120.0,6178.0,5966.0,6034.0,97010
2016-11-23,6072.0,6072.0,5705.0,5744.0,160654
2016-11-24,5744.0,5908.0,5657.0,5744.0,171366
2016-11-25,5676.0,6033.0,5676.0,5850.0,180868
2016-11-28,5879.0,5956.0,5715.0,5725.0,78848
2016-11-29,5782.0,5966.0,5724.0,5947.0,86605
2016-11-30,5947.0,6014.0,5763.0,6015.0,116027
2016-12-01,5956.0,6101.0,5821.0,5889.0,86528
2016-12-02,5879.0,5879.0,5724.0,5744.0,54366
2016-12-05,5773.0,5782.0,5502.0,5599.0,72699
2016-12-06,5647.0,5975.0,5647.0,5812.0,113241
2016-12-07,5985.0,6004.0,5638.0,5696.0,137827
2016-12-08,5840.0,5840.0,5435.0,5744.0,209787
2016-12-09,5696.0,5956.0,5618.0,5928.0,141136
2016-12-12,5985.0,6149.0,5975.0,6092.0,122940
2016-12-13,6111.0,6265.0,6004.0,6237.0,137236
2016-12-14,6236.0,6362.0,6101.0,6208.0,123662
2016-12-15,6130.0,6420.0,6120.0,6391.0,140229
2016-12-16,6371.0,6381.0,6236.0,6333.0,68847
2016-12-19,6265.0,6333.0,6149.0,6217.0,79612
2016-12-20,6217.0,6304.0,6159.0,6159.0,71743
2016-12-21,6159.0,6226.0,5995.0,6073.0,66847
2016-12-22,6072.0,6072.0,5889.0,5908.0,68956
2016-12-23,5860.0,6140.0,5821.0,6044.0,92343
2016-12-26,6111.0,6149.0,5966.0,6024.0,77060
2016-12-27,6082.0,6429.0,5985.0,6391.0,276926
2016-12-28,6362.0,7047.0,6188.0,6999.0,1092140
2016-12-29,6854.0,7134.0,6719.0,6903.0,544816
2017-01-02,6912.0,7173.0,6796.0,7134.0,249002
2017-01-03,7173.0,7211.0,6951.0,7096.0,207905
2017-01-04,7105.0,7733.0,7076.0,7646.0,588381
2017-01-05,7713.0,7713.0,7482.0,7550.0,223131
2017-01-06,7626.0,7626.0,7433.0,7482.0,128696
2017-01-09,7539.0,7539.0,6931.0,7106.0,326159
2017-01-10,7047.0,7066.0,6777.0,6855.0,297293
2017-01-11,6854.0,6980.0,6757.0,6874.0,114134
2017-01-12,6864.0,6864.0,6420.0,6497.0,364690
2017-01-13,6487.0,6700.0,6420.0,6584.0,135122
2017-01-16,6719.0,6719.0,6275.0,6314.0,154886
2017-01-17,6246.0,6468.0,6226.0,6401.0,134863
2017-01-18,6400.0,6458.0,6082.0,6208.0,208894
2017-01-19,6255.0,6255.0,6033.0,6101.0,105884
2017-01-20,6091.0,6169.0,6062.0,6101.0,90540
2017-01-23,6111.0,6169.0,5840.0,5850.0,133754
2017-01-24,5850.0,6140.0,5850.0,6034.0,149660
2017-01-25,6004.0,6207.0,5918.0,5928.0,66264
2017-01-26,5918.0,6101.0,5918.0,6082.0,68662
2017-01-31,6043.0,6120.0,5927.0,5966.0,51269
2017-02-01,5937.0,6226.0,5937.0,6198.0,94265
2017-02-02,6207.0,6449.0,6120.0,6130.0,175638
2017-02-03,6130.0,6178.0,5956.0,5966.0,73481
2017-02-06,5947.0,5947.0,5686.0,5793.0,180622
2017-02-07,5811.0,5937.0,5773.0,5937.0,57548
2017-02-08,5956.0,6004.0,5792.0,5841.0,52470
2017-02-09,5869.0,5869.0,5744.0,5812.0,42580
2017-02-10,5782.0,5918.0,5782.0,5822.0,56978
2017-02-13,5821.0,5947.0,5802.0,5879.0,71027
2017-02-14,5947.0,5947.0,5802.0,5860.0,60648
2017-02-15,5879.0,6159.0,5792.0,6121.0,154295
2017-02-16,6169.0,6178.0,6004.0,6140.0,62564
2017-02-17,6033.0,6313.0,6033.0,6314.0,111804
2017-02-20,6313.0,6468.0,6236.0,6237.0,79807
2017-02-21,6304.0,6304.0,6130.0,6198.0,66164
2017-02-22,6198.0,6555.0,6140.0,6372.0,190775
2017-02-23,6352.0,6516.0,6226.0,6256.0,58533
2017-02-24,6198.0,6391.0,6178.0,6208.0,80357
2017-02-27,6246.0,6352.0,6169.0,6179.0,61306
2017-02-28,6226.0,6226.0,6140.0,6217.0,37733
2017-03-02,6226.0,6246.0,6120.0,6227.0,55903
2017-03-03,6236.0,6236.0,5792.0,6121.0,107101
2017-03-06,5956.0,6120.0,5889.0,6015.0,24999
2017-03-07,6062.0,6062.0,5860.0,5860.0,71372
2017-03-08,5966.0,5966.0,5802.0,5812.0,76184
2017-03-09,5869.0,5879.0,5753.0,5793.0,71574
2017-03-10,5850.0,5869.0,5773.0,5841.0,63652
2017-03-13,5937.0,6439.0,5831.0,6401.0,343605
2017-03-14,6400.0,6439.0,6207.0,6217.0,152277
2017-03-15,6178.0,6246.0,6014.0,6015.0,129442
2017-03-16,6033.0,6053.0,5937.0,6034.0,87361
2017-03-17,6024.0,6033.0,5840.0,5918.0,172224
2017-03-20,5821.0,5918.0,5792.0,5841.0,100853
2017-03-21,5860.0,5889.0,5773.0,5783.0,114774
2017-03-22,5792.0,5956.0,5773.0,5937.0,156590
2017-03-23,5975.0,5975.0,5473.0,5503.0,258680
2017-03-24,5502.0,5696.0,5493.0,5513.0,84901
2017-03-27,5618.0,5676.0,5541.0,5609.0,56458
2017-03-28,5609.0,5879.0,5609.0,5879.0,93368
2017-03-29,5889.0,5927.0,5705.0,5754.0,86070
2017-03-30,5763.0,5782.0,5686.0,5725.0,54439
2017-03-31,5763.0,5937.0,5696.0,5899.0,113737
2017-04-03,5927.0,6323.0,5889.0,6295.0,350243
2017-04-04,6323.0,6429.0,6140.0,6304.0,217023
2017-04-05,6304.0,6410.0,6140.0,6198.0,151753
2017-04-06,6207.0,6275.0,6053.0,6275.0,89484
2017-04-07,6362.0,6642.0,6284.0,6613.0,335058
2017-04-10,6564.0,6622.0,6255.0,6333.0,180078
2017-04-11,6313.0,6516.0,6091.0,6295.0,108598
2017-04-12,6323.0,6371.0,6024.0,6092.0,155524
2017-04-13,6284.0,6429.0,6072.0,6111.0,272868
2017-04-14,6111.0,6236.0,6062.0,6092.0,96690
2017-04-17,6101.0,6207.0,6101.0,6198.0,69362
2017-04-18,6236.0,6246.0,6111.0,6150.0,96313
2017-04-19,6198.0,6420.0,6130.0,6372.0,243891
2017-04-20,6449.0,6449.0,6246.0,6343.0,102434
2017-04-21,6323.0,6371.0,6188.0,6256.0,108978
2017-04-24,6255.0,6255.0,6053.0,6101.0,86387
2017-04-25,6101.0,6207.0,6062.0,6159.0,54966
2017-04-26,6198.0,6198.0,6033.0,6082.0,91841
2017-04-27,6053.0,6149.0,5927.0,5966.0,95357
2017-04-28,5975.0,6082.0,5869.0,5918.0,98100
2017-05-02,5918.0,5975.0,5850.0,5879.0,86517
2017-05-04,5918.0,6053.0,5850.0,5908.0,60560
2017-05-08,5985.0,6313.0,5927.0,6256.0,254792
2017-05-10,6217.0,6333.0,6072.0,6121.0,144073
2017-05-11,6149.0,6255.0,6033.0,6111.0,200607
2017-05-12,6130.0,6178.0,6033.0,6101.0,105111
2017-05-15,6101.0,6458.0,6072.0,6304.0,498201
2017-05-16,6304.0,6323.0,6140.0,6179.0,156378
2017-05-17,6178.0,6255.0,6130.0,6256.0,167539
2017-05-18,6140.0,6420.0,6130.0,6391.0,226693
2017-05-19,6352.0,6420.0,6323.0,6353.0,133180
2017-05-22,6352.0,6400.0,6149.0,6208.0,144401
2017-05-23,6188.0,6593.0,6188.0,6507.0,489329
2017-05-24,6564.0,6999.0,6516.0,6999.0,901474
2017-05-25,7037.0,7153.0,6844.0,6883.0,449998
2017-05-26,6902.0,7202.0,6883.0,6999.0,358130
2017-05-29,7057.0,7057.0,6719.0,6719.0,317646
2017-05-30,6709.0,6922.0,6700.0,6912.0,236196
2017-05-31,6989.0,7482.0,6931.0,7279.0,1036951
2017-06-01,7337.0,7607.0,7260.0,7366.0,846474
2017-06-02,7482.0,7491.0,7192.0,7405.0,276774
2017-06-05,7404.0,7597.0,7337.0,7530.0,289508
2017-06-07,7530.0,7530.0,7221.0,7414.0,288819
2017-06-08,7385.0,7462.0,7288.0,7386.0,267904
2017-06-09,7530.0,8852.0,7424.0,8168.0,3354942
2017-06-12,8167.0,8524.0,7964.0,8225.0,1149605
2017-06-13,8273.0,8872.0,8177.0,8718.0,1473664
2017-06-14,8775.0,8795.0,8360.0,8612.0,687551
2017-06-15,8544.0,8553.0,8070.0,8235.0,557568
2017-06-16,8235.0,8785.0,8109.0,8670.0,843293
2017-06-19,8717.0,8968.0,8553.0,8650.0,801418
2017-06-20,8611.0,8727.0,8312.0,8496.0,445458
2017-06-21,8505.0,8544.0,8109.0,8187.0,371703
2017-06-22,8418.0,8881.0,8389.0,8621.0,1137643
2017-06-23,8785.0,8891.0,8466.0,8689.0,540902
2017-06-26,8737.0,8823.0,8399.0,8525.0,328511
2017-06-27,8524.0,8669.0,8399.0,8592.0,307815
2017-06-28,8669.0,8669.0,8360.0,8380.0,209606
2017-06-29,8408.0,8486.0,7906.0,7965.0,512303
2017-06-30,7916.0,8148.0,7723.0,7801.0,253912
2017-07-03,7800.0,7800.0,6980.0,7086.0,1354416
2017-07-04,7076.0,7240.0,6960.0,7154.0,513799
2017-07-05,7105.0,7202.0,7037.0,7173.0,234592
2017-07-06,7115.0,7288.0,6970.0,6999.0,222577
2017-07-07,6922.0,6989.0,6709.0,6903.0,276044
2017-07-10,6835.0,6931.0,6709.0,6768.0,178400
2017-07-11,6738.0,7008.0,6738.0,6855.0,197016
2017-07-12,6864.0,6931.0,6709.0,6806.0,145331
2017-07-13,6806.0,6893.0,6429.0,6536.0,435884
2017-07-14,6564.0,6786.0,6468.0,6690.0,201517
2017-07-17,6786.0,7008.0,6690.0,6932.0,245181
2017-07-18,6960.0,6999.0,6767.0,6874.0,156844
2017-07-19,6941.0,6999.0,6825.0,6970.0,571556
2017-07-20,6999.0,7308.0,6902.0,7106.0,680585
2017-07-21,7231.0,7404.0,7086.0,7192.0,713205
2017-07-24,7337.0,7472.0,7221.0,7231.0,321611
2017-07-25,7327.0,7327.0,7192.0,7231.0,119481
2017-07-26,7231.0,7443.0,7211.0,7328.0,180936
2017-07-27,7414.0,7414.0,7192.0,7250.0,157419
2017-07-28,7221.0,7356.0,6931.0,6970.0,183946
2017-07-31,6951.0,7086.0,6661.0,6990.0,82190
2017-08-01,7047.0,7124.0,6902.0,7106.0,70454
2017-08-02,7057.0,7182.0,7037.0,7038.0,40740
2017-08-03,7076.0,7076.0,6632.0,6845.0,322832
2017-08-04,6844.0,6951.0,6777.0,6912.0,55712
2017-08-07,6951.0,7153.0,6854.0,6999.0,54987
2017-08-08,7037.0,7144.0,6999.0,7048.0,89827
2017-08-09,6970.0,7124.0,6970.0,7038.0,174757
2017-08-10,6951.0,7250.0,6951.0,7125.0,172474
2017-08-11,6960.0,7095.0,6902.0,6941.0,147776
2017-08-14,6951.0,7018.0,6854.0,6941.0,76856
2017-08-16,6989.0,6989.0,6796.0,6864.0,61436
2017-08-17,6815.0,6941.0,6815.0,6874.0,71467
2017-08-18,6883.0,6883.0,6680.0,6768.0,153966
2017-08-21,6864.0,6864.0,6642.0,6690.0,68222
2017-08-22,6690.0,6757.0,6420.0,6507.0,167211
2017-08-23,6449.0,6632.0,6226.0,6227.0,322075
2017-08-24,6226.0,6420.0,6198.0,6391.0,68642
2017-08-25,6468.0,6497.0,6333.0,6430.0,62848
2017-08-28,6371.0,7076.0,6371.0,6961.0,346467
2017-08-29,6999.0,7192.0,6912.0,7086.0,221892
2017-08-30,7192.0,7260.0,7008.0,7028.0,160356
2017-08-31,7037.0,7192.0,6931.0,7086.0,121658
2017-09-01,7153.0,7752.0,7153.0,7675.0,912359
2017-09-04,7424.0,7646.0,7308.0,7414.0,331550
2017-09-05,7414.0,7530.0,6999.0,7067.0,279596
2017-09-06,6999.0,7240.0,6951.0,7048.0,96848
2017-09-07,7134.0,7539.0,7115.0,7482.0,242360
2017-09-08,7472.0,7578.0,7192.0,7318.0,199905
2017-09-11,7482.0,7781.0,7375.0,7617.0,392503
2017-09-12,7713.0,7723.0,7317.0,7530.0,287983
2017-09-13,7520.0,7626.0,7221.0,7221.0,184902
2017-09-14,7250.0,7356.0,7066.0,7221.0,188484
2017-09-15,7211.0,7530.0,7202.0,7386.0,247354
2017-09-18,7520.0,7704.0,7404.0,7559.0,200568
2017-09-19,7559.0,7945.0,7501.0,7791.0,354216
2017-09-20,7819.0,8090.0,7559.0,7569.0,435269
2017-09-21,7568.0,7762.0,7433.0,7472.0,212028
2017-09-22,7530.0,7568.0,7231.0,7260.0,165126
2017-09-25,7163.0,7404.0,6825.0,6980.0,171191
2017-09-26,6864.0,7202.0,6864.0,7183.0,115779
2017-09-27,7095.0,7346.0,7095.0,7308.0,55774
2017-09-28,7298.0,7433.0,7105.0,7163.0,79983
2017-09-29,7144.0,7221.0,7115.0,7202.0,67551
2017-10-10,7327.0,7327.0,6999.0,7009.0,103132
2017-10-11,7028.0,7182.0,6951.0,7106.0,107119
2017-10-12,7134.0,7395.0,7037.0,7395.0,101578
2017-10-13,7395.0,7462.0,7115.0,7163.0,447831
2017-10-16,7269.0,7269.0,7018.0,7048.0,76018
2017-10-17,7047.0,7211.0,7037.0,7192.0,64536
2017-10-18,7221.0,7385.0,7134.0,7328.0,137816
2017-10-19,7375.0,7375.0,7231.0,7289.0,144812
2017-10-20,7288.0,7317.0,7231.0,7270.0,72795
2017-10-23,7279.0,7588.0,7153.0,7550.0,290668
2017-10-24,7607.0,8476.0,7559.0,8419.0,1797634
2017-10-25,8321.0,8717.0,8177.0,8225.0,882872
2017-10-26,8273.0,8611.0,8013.0,8110.0,607851
2017-10-27,8109.0,8563.0,7984.0,8525.0,587627
2017-10-30,8592.0,9306.0,8505.0,9268.0,1265866
2017-10-31,9239.0,9605.0,8881.0,9500.0,1106992
2017-11-01,9605.0,9605.0,9075.0,9191.0,428033
2017-11-02,9123.0,9306.0,8910.0,9123.0,433777
2017-11-03,9123.0,9306.0,8881.0,9162.0,334337
2017-11-06,9094.0,9258.0,8881.0,9210.0,290474
2017-11-07,9161.0,9596.0,9084.0,9413.0,604597
2017-11-08,9412.0,9847.0,9287.0,9336.0,941003
2017-11-09,9480.0,9490.0,8862.0,9046.0,598799
2017-11-10,8939.0,9094.0,8572.0,8670.0,442662
2017-11-13,8688.0,9519.0,8640.0,9471.0,789005
2017-11-14,9750.0,11874.0,9654.0,10620.0,5485208
2017-11-15,10474.0,11536.0,10281.0,10958.0,2479124
2017-11-16,11150.0,11198.0,10426.0,10764.0,844709
2017-11-17,10764.0,10861.0,10233.0,10668.0,722536
2017-11-20,10764.0,11681.0,10716.0,11682.0,2265858
2017-11-21,11681.0,11778.0,10716.0,11151.0,1426544
2017-11-22,11392.0,11440.0,9847.0,10040.0,1517705
2017-11-23,9943.0,10716.0,9634.0,10668.0,1037949
2017-11-24,10716.0,10861.0,10233.0,10330.0,508615
2017-11-27,10378.0,10909.0,10136.0,10620.0,515187
2017-11-28,10571.0,11343.0,10088.0,10716.0,1042579
2017-11-29,10909.0,11536.0,10716.0,11295.0,1100497
2017-11-30,11150.0,12164.0,11005.0,11682.0,1547752
2017-12-01,11681.0,12067.0,11440.0,11682.0,687935
2017-12-04,11585.0,11778.0,11005.0,11778.0,802476
2017-12-05,11826.0,11874.0,11247.0,11295.0,562464
2017-12-06,11392.0,11440.0,10426.0,10861.0,812801
2017-12-07,10861.0,10909.0,9528.0,9896.0,1454335
2017-12-08,9799.0,10088.0,9557.0,9703.0,625003
2017-12-11,10281.0,10330.0,9799.0,9992.0,380255
2017-12-12,9992.0,9992.0,9200.0,9500.0,798949
2017-12-13,9654.0,10088.0,9605.0,9799.0,749934
2017-12-14,9750.0,10281.0,9432.0,10234.0,742736
2017-12-15,10233.0,10330.0,9992.0,10185.0,437572
2017-12-18,10185.0,10957.0,10136.0,10716.0,922557
2017-12-19,10861.0,11005.0,10088.0,10668.0,564047
2017-12-20,10667.0,11729.0,10523.0,11151.0,1316139
2017-12-21,11295.0,11585.0,10909.0,11392.0,920046
2017-12-22,11392.0,12405.0,11198.0,12406.0,2098400
2017-12-26,12212.0,14819.0,12164.0,13516.0,5365026
2017-12-27,13998.0,17377.0,13950.0,17136.0,5617093
2017-12-28,16798.0,16894.0,15157.0,15881.0,3111734
2018-01-02,16026.0,18729.0,15688.0,18440.0,2903600
2018-01-03,17956.0,17956.0,16798.0,17716.0,1376071
2018-01-04,17136.0,17619.0,15495.0,16026.0,1485536
2018-01-05,15832.0,16460.0,15446.0,15978.0,1478697
2018-01-08,16315.0,17377.0,15977.0,17329.0,1365200
2018-01-09,17329.0,18487.0,16508.0,17185.0,1298300
2018-01-10,17136.0,17619.0,15446.0,16364.0,1112059
2018-01-11,16122.0,16605.0,15736.0,16509.0,485712
2018-01-12,16894.0,17619.0,16074.0,16509.0,1033052
2018-01-15,16460.0,18053.0,16074.0,17909.0,1221909
2018-01-16,17908.0,19115.0,17474.0,18874.0,1547361
2018-01-17,18439.0,18487.0,17329.0,18343.0,980377
2018-01-18,18246.0,18487.0,17377.0,18343.0,727193
2018-01-19,18246.0,19839.0,16943.0,17571.0,1777483
2018-01-22,16894.0,17425.0,16219.0,16943.0,616446
2018-01-23,17281.0,17474.0,16701.0,17040.0,537128
2018-01-24,16846.0,18101.0,16750.0,18102.0,838343
2018-01-25,17763.0,18246.0,17281.0,17860.0,526190
2018-01-26,17908.0,18246.0,17570.0,17909.0,400822
2018-01-29,17956.0,18053.0,17136.0,17233.0,580977
2018-01-30,17184.0,18922.0,17088.0,18391.0,1753138
2018-01-31,17715.0,18680.0,17474.0,18440.0,691290
2018-02-01,18825.0,20080.0,17232.0,18005.0,1929779
2018-02-02,17956.0,17956.0,16991.0,17281.0,552625
2018-02-05,16412.0,16894.0,15301.0,15302.0,756999
2018-02-06,14095.0,16074.0,14046.0,15785.0,1118771
2018-02-07,16363.0,16557.0,14433.0,14433.0,728904
2018-02-08,14481.0,15639.0,14433.0,15447.0,557469
2018-02-09,14577.0,15591.0,14577.0,15109.0,562716
2018-02-12,15446.0,15543.0,14915.0,15109.0,348134
2018-02-13,15350.0,15398.0,14529.0,14578.0,282242
2018-02-14,14674.0,15350.0,14481.0,15061.0,277290
2018-02-19,15253.0,17039.0,15205.0,16991.0,855604
2018-02-20,16798.0,16991.0,16315.0,16557.0,407518
2018-02-21,16798.0,16846.0,16363.0,16509.0,210938
2018-02-22,16460.0,16508.0,15881.0,16509.0,288495
2018-02-23,16605.0,16991.0,16363.0,16412.0,365340
2018-02-26,16653.0,17860.0,16412.0,17571.0,1000186
2018-02-27,17763.0,18053.0,17281.0,17571.0,507189
2018-02-28,17184.0,18150.0,16991.0,18102.0,798063
2018-03-02,17715.0,18005.0,17039.0,17619.0,561977
2018-03-05,17860.0,18150.0,17377.0,17426.0,585018
2018-03-06,17763.0,17812.0,17281.0,17474.0,248927
2018-03-07,17184.0,17377.0,16122.0,16316.0,598983
2018-03-08,16508.0,16750.0,16170.0,16316.0,312548
2018-03-09,16219.0,17425.0,16219.0,17185.0,414334
2018-03-12,17329.0,18729.0,17232.0,18440.0,921168
2018-03-13,18536.0,19646.0,18246.0,19212.0,1140659
2018-03-14,19115.0,20998.0,19115.0,20708.0,1521680
2018-03-15,20804.0,23266.0,20563.0,21577.0,1579841
2018-03-16,22301.0,22735.0,21287.0,22060.0,792940
2018-03-19,21335.0,22349.0,20660.0,21722.0,2162600
2018-03-20,21480.0,22639.0,21335.0,22543.0,820092
2018-03-21,22446.0,24956.0,22108.0,24136.0,1525769
2018-03-22,24811.0,24907.0,21432.0,22157.0,1426378
2018-03-23,20563.0,21722.0,19501.0,20033.0,1589915
2018-03-26,20273.0,22494.0,19742.0,22494.0,1142438
2018-03-27,22977.0,24039.0,22542.0,23074.0,827370
2018-03-28,22590.0,23315.0,21142.0,22591.0,910370
2018-03-29,22639.0,23121.0,22108.0,22881.0,577215
2018-03-30,22928.0,26211.0,22542.0,25536.0,1931537
2018-04-02,25535.0,26694.0,24763.0,25873.0,1071398
2018-04-03,25197.0,26259.0,25004.0,25584.0,651708
2018-04-04,25776.0,32583.0,25438.0,30314.0,3929250
2018-04-05,30024.0,30748.0,28286.0,29928.0,1586927
2018-04-06,30169.0,33403.0,29445.0,32245.0,1600717
2018-04-09,32052.0,33017.0,31231.0,33018.0,1055341
2018-04-10,32824.0,32824.0,29928.0,30894.0,1445548
2018-04-11,30700.0,31134.0,28914.0,29832.0,1402248
2018-04-12,30073.0,30121.0,26452.0,27466.0,1873192
2018-04-13,25776.0,27900.0,23363.0,27708.0,3570294
2018-04-16,28383.0,28383.0,24135.0,24136.0,2077548
2018-04-17,24473.0,25632.0,23701.0,24956.0,1182009
2018-04-18,24859.0,24859.0,21866.0,22205.0,1586549
2018-04-19,22494.0,23266.0,21094.0,23267.0,1612681
2018-04-20,23025.0,24859.0,22639.0,24570.0,1121055
2018-04-23,23797.0,24376.0,22494.0,23701.0,687164
2018-04-24,23701.0,24570.0,23121.0,23170.0,414777
2018-04-25,22542.0,24521.0,22494.0,24280.0,726347
2018-04-26,24956.0,27224.0,24763.0,27032.0,1441727
2018-04-27,27514.0,27804.0,26114.0,27370.0,893755
2018-04-30,27031.0,27031.0,24714.0,25536.0,800005
2018-05-02,24039.0,25632.0,22687.0,24329.0,856447
2018-05-03,24907.0,25535.0,23315.0,23508.0,531691
2018-05-04,23604.0,25101.0,22977.0,24136.0,619219
2018-05-08,24763.0,26307.0,24087.0,24232.0,654762
2018-05-09,24811.0,26549.0,24039.0,26549.0,812411
2018-05-10,26790.0,27900.0,25873.0,27418.0,926833
2018-05-11,27080.0,28624.0,26404.0,27080.0,783948
2018-05-14,27080.0,27418.0,25680.0,26984.0,604209
2018-05-15,27514.0,28480.0,27031.0,27418.0,701126
2018-05-16,27900.0,28914.0,27369.0,28866.0,1111984
2018-05-17,29493.0,30024.0,24328.0,24329.0,1548550
2018-05-18,26018.0,27176.0,24328.0,25391.0,1588561
2018-05-21,25535.0,25825.0,24859.0,25342.0,473076
2018-05-23,25728.0,25776.0,24232.0,24715.0,478760
2018-05-24,24618.0,26259.0,24328.0,26018.0,461375
2018-05-25,26356.0,27997.0,26114.0,27322.0,994897
2018-05-28,26742.0,28335.0,26356.0,28239.0,649726
2018-05-29,28383.0,28721.0,25583.0,26404.0,920074
2018-05-30,26838.0,27369.0,26404.0,27225.0,608647
2018-05-31,27804.0,27804.0,26645.0,27708.0,722683
2018-06-01,27755.0,28721.0,27369.0,28577.0,695559
2018-06-04,28190.0,28383.0,25535.0,26742.0,1041769
2018-06-05,26790.0,26887.0,24714.0,25053.0,630940
2018-06-07,25197.0,25680.0,23990.0,25246.0,539017
2018-06-08,25149.0,25728.0,24811.0,25342.0,221741
2018-06-11,25487.0,25583.0,24183.0,24280.0,356744
2018-06-12,24376.0,25680.0,24376.0,25439.0,507360
2018-06-14,25438.0,26452.0,24328.0,25680.0,1293735
2018-06-15,25680.0,25921.0,24666.0,25439.0,209833
2018-06-18,25101.0,25535.0,23411.0,24136.0,311115
2018-06-19,24039.0,24473.0,21963.0,21963.0,447499
2018-06-20,22011.0,22928.0,22011.0,22881.0,354845
2018-06-21,22928.0,22977.0,21866.0,22108.0,212826
2018-06-22,22156.0,22687.0,21625.0,22688.0,230230
2018-06-25,22446.0,22832.0,22108.0,22688.0,141610
2018-06-26,22494.0,22832.0,21722.0,22398.0,178131
2018-06-27,22446.0,23073.0,22253.0,22253.0,153496
2018-06-28,22204.0,22494.0,19887.0,20177.0,423978
2018-06-29,20563.0,20660.0,18536.0,19502.0,717028
2018-07-02,19791.0,20080.0,18294.0,18729.0,354419
2018-07-03,19405.0,19791.0,18680.0,19598.0,256213
2018-07-04,19549.0,20901.0,19115.0,20467.0,279241
2018-07-05,20225.0,20660.0,19501.0,20322.0,152440
2018-07-06,20370.0,20708.0,18825.0,20467.0,279926
2018-07-09,20467.0,20708.0,19791.0,20419.0,181999
2018-07-10,20515.0,21094.0,20273.0,20467.0,153299
2018-07-11,20177.0,20273.0,19598.0,19598.0,141429
2018-07-12,19501.0,19936.0,19501.0,19888.0,140698
2018-07-13,19694.0,20611.0,19405.0,20564.0,172901
2018-07-16,20370.0,21335.0,20322.0,20564.0,145205
2018-07-17,20563.0,20901.0,19936.0,19936.0,113688
2018-07-18,19984.0,20225.0,19067.0,19260.0,207513
2018-07-19,19308.0,19356.0,18053.0,18826.0,262646
2018-07-20,18584.0,19018.0,17715.0,18247.0,174728
2018-07-23,17908.0,18246.0,16122.0,16509.0,518889
2018-07-24,16315.0,17522.0,16315.0,16702.0,256878
2018-07-25,16653.0,16991.0,15108.0,15785.0,1611665
2018-07-26,16026.0,17088.0,15495.0,16798.0,453495
2018-07-27,16846.0,17281.0,16412.0,16847.0,208869
2018-07-30,16508.0,16798.0,15205.0,15399.0,535024
2018-07-31,15543.0,16170.0,15350.0,16123.0,392887
2018-08-01,16122.0,17715.0,16074.0,17667.0,775925
2018-08-02,17425.0,17522.0,16557.0,16798.0,330271
2018-08-03,16798.0,17425.0,16653.0,16991.0,230045
2018-08-06,16991.0,17136.0,16315.0,16364.0,188161
2018-08-07,16701.0,17281.0,16219.0,17136.0,271403
2018-08-08,17281.0,18246.0,17039.0,17571.0,478092
2018-08-09,17474.0,18005.0,16991.0,18005.0,306453
2018-08-10,17763.0,18101.0,17088.0,17571.0,294066
2018-08-13,17329.0,17329.0,16122.0,16123.0,256035
2018-08-14,16170.0,16991.0,16170.0,16991.0,194157
2018-08-16,16315.0,19308.0,16170.0,19309.0,760607
2018-08-17,19308.0,20080.0,18729.0,19984.0,458827
2018-08-20,20611.0,20756.0,19791.0,19791.0,335099
2018-08-21,20273.0,21625.0,20273.0,21432.0,489383
2018-08-22,21335.0,21625.0,20804.0,21384.0,220414
2018-08-23,21287.0,21866.0,20998.0,21867.0,210498
2018-08-24,21915.0,22156.0,21239.0,22060.0,263872
2018-08-27,22204.0,22687.0,20708.0,21239.0,476412
2018-08-28,21287.0,22156.0,21191.0,21191.0,250232
2018-08-29,21335.0,22059.0,20756.0,21915.0,225299
2018-08-30,21915.0,22542.0,21480.0,21915.0,186047
2018-08-31,22204.0,24183.0,22204.0,24136.0,764266
2018-09-03,24232.0,26790.0,24183.0,26308.0,873898
2018-09-04,26356.0,27225.0,26114.0,26742.0,514895
2018-09-05,27031.0,27031.0,25101.0,25536.0,702732
2018-09-06,25342.0,26307.0,24473.0,25584.0,590791
2018-09-07,25101.0,25969.0,25052.0,25632.0,240726
2018-09-10,25101.0,25535.0,24618.0,25342.0,298010
2018-09-11,25101.0,26211.0,25101.0,25536.0,171098
2018-09-12,25969.0,26742.0,25583.0,26163.0,367230
2018-09-13,26452.0,26549.0,24618.0,25487.0,506907
2018-09-14,25632.0,26790.0,25245.0,26453.0,403642
2018-09-17,26452.0,26838.0,26114.0,26453.0,237779
2018-09-18,26066.0,27128.0,26018.0,26742.0,308339
2018-09-19,26790.0,27031.0,25776.0,25873.0,238104
2018-09-20,26452.0,27755.0,25680.0,26066.0,904026
2018-09-21,26549.0,26549.0,25390.0,26501.0,235089
2018-09-27,26163.0,26549.0,25969.0,26453.0,178256
2018-09-28,26452.0,27225.0,25245.0,25536.0,340422
2018-10-01,25873.0,25873.0,23315.0,23556.0,564147
2018-10-02,23508.0,24328.0,23266.0,23267.0,338409
2018-10-04,23315.0,24087.0,22446.0,23749.0,278336
2018-10-05,23459.0,23556.0,21866.0,22205.0,323446
2018-10-08,21915.0,24280.0,21915.0,22591.0,385433
2018-10-10,23121.0,23315.0,22349.0,22736.0,269958
2018-10-11,21915.0,23459.0,21722.0,22253.0,421888
2018-10-12,22687.0,24811.0,22494.0,24715.0,451694
2018-10-15,24763.0,25583.0,23990.0,24474.0,305661
2018-10-16,24859.0,25728.0,24473.0,24570.0,355232
2018-10-17,24956.0,25583.0,24570.0,24956.0,353245
2018-10-18,24956.0,27031.0,24907.0,25680.0,835151
2018-10-19,25487.0,25825.0,23942.0,25246.0,456788
2018-10-22,25149.0,25632.0,24521.0,25487.0,197050
2018-10-23,25149.0,25825.0,23652.0,23991.0,371680
2018-10-24,24521.0,24763.0,22446.0,22977.0,302454
2018-10-25,21963.0,23170.0,21818.0,22591.0,379790
2018-10-26,23170.0,23315.0,21770.0,22639.0,279670
2018-10-29,23073.0,23459.0,20804.0,20853.0,363025
2018-10-30,20515.0,21770.0,19791.0,21239.0,464902
2018-10-31,21528.0,23121.0,20853.0,22639.0,380426
2018-11-01,22832.0,24280.0,22735.0,23074.0,260161
2018-11-02,23508.0,24907.0,23508.0,24860.0,340095
2018-11-05,32293.0,32293.0,29107.0,31087.0,4103996
2018-11-06,30748.0,32438.0,26356.0,27273.0,3995299
2018-11-07,27755.0,28673.0,27031.0,28239.0,1880868
2018-11-08,28383.0,28624.0,26404.0,26984.0,1246294
2018-11-09,26597.0,27659.0,25776.0,26260.0,828665
2018-11-12,25680.0,27466.0,25632.0,26935.0,949625
2018-11-13,26259.0,27900.0,26018.0,27659.0,704358
2018-11-14,27418.0,27707.0,26066.0,26453.0,669090
2018-11-15,26452.0,26935.0,24714.0,25584.0,803256
2018-11-16,25680.0,26307.0,25245.0,25487.0,389033
2018-11-19,25921.0,26838.0,25487.0,26742.0,812964
2018-11-20,26452.0,27466.0,26259.0,27177.0,959962
2018-11-21,26645.0,27997.0,26307.0,27563.0,706158
2018-11-22,28576.0,28624.0,26645.0,26742.0,834985
2018-11-23,26790.0,27321.0,26163.0,26260.0,393007
2018-11-26,26549.0,26790.0,26114.0,26646.0,295092
2018-11-27,26838.0,26935.0,25535.0,25729.0,499164
2018-11-28,25776.0,26018.0,24376.0,24474.0,453742
2018-11-29,24956.0,25004.0,23266.0,23363.0,648524
2018-11-30,23652.0,23846.0,22977.0,23267.0,290765
2018-12-03,23508.0,23942.0,23363.0,23846.0,279608
2018-12-04,23942.0,24039.0,23266.0,23412.0,198613
2018-12-05,22735.0,22928.0,21915.0,22350.0,618054
2018-12-06,22397.0,22494.0,20998.0,21143.0,377070
2018-12-07,21432.0,21963.0,21287.0,21819.0,236984
2018-12-10,21142.0,21722.0,20756.0,21095.0,186669
2018-12-11,21528.0,21722.0,20660.0,20708.0,248727
2018-12-12,20708.0,21432.0,20660.0,21191.0,205029
2018-12-13,21335.0,21335.0,20370.0,21046.0,320221
2018-12-14,20756.0,20853.0,20032.0,20129.0,259494
2018-12-17,20129.0,20708.0,19405.0,20467.0,273528
2018-12-18,20080.0,21722.0,19887.0,21577.0,547482
2018-12-19,21528.0,22349.0,21142.0,22205.0,355760
2018-12-20,22011.0,22880.0,21770.0,22060.0,396962
2018-12-21,22494.0,22784.0,21770.0,22591.0,520009
2018-12-24,22446.0,22784.0,22011.0,22543.0,538749
2018-12-26,22156.0,23170.0,21191.0,23170.0,877451
2018-12-27,23701.0,23749.0,22832.0,23074.0,680340
2018-12-28,23170.0,23170.0,19791.0,21819.0,870475
2019-01-02,21432.0,21915.0,19887.0,20322.0,557415
2019-01-03,20418.0,20467.0,19067.0,19212.0,516469
2019-01-04,18825.0,20370.0,18729.0,20370.0,378316
2019-01-07,21239.0,21335.0,19791.0,19936.0,340471
2019-01-08,19984.0,20080.0,19211.0,19550.0,288980
2019-01-09,19598.0,19839.0,19260.0,19646.0,177769
2019-01-10,19453.0,20998.0,19308.0,20564.0,389860
2019-01-11,20370.0,20756.0,19501.0,19839.0,213165
2019-01-14,19791.0,19887.0,19260.0,19646.0,138708
2019-01-15,19646.0,20177.0,19453.0,19598.0,177179
2019-01-16,19646.0,19742.0,19211.0,19405.0,164016
2019-01-17,19549.0,19839.0,19308.0,19405.0,167069
2019-01-18,19501.0,19791.0,19260.0,19550.0,159043
2019-01-21,19598.0,19646.0,19018.0,19115.0,254799
2019-01-22,19115.0,19453.0,19018.0,19164.0,102117
2019-01-23,19211.0,19984.0,19018.0,19936.0,287570
2019-01-24,19887.0,21673.0,19742.0,21529.0,584777
2019-01-25,21770.0,21770.0,21094.0,21529.0,238634
2019-01-28,21287.0,22108.0,21239.0,21770.0,212387
2019-01-29,21480.0,21770.0,21094.0,21336.0,184716
2019-01-30,21191.0,22108.0,21191.0,22060.0,191582
2019-01-31,21866.0,23266.0,21866.0,23267.0,480065
2019-02-01,23363.0,24135.0,23025.0,23749.0,562633
2019-02-07,23556.0,24280.0,23121.0,24232.0,289111
2019-02-08,24135.0,25825.0,23894.0,25487.0,663210
2019-02-11,25680.0,26259.0,25197.0,25729.0,437577
2019-02-12,25728.0,26742.0,25390.0,26356.0,479949
2019-02-13,26694.0,27659.0,26356.0,27177.0,506294
2019-02-14,27369.0,27514.0,26597.0,27177.0,267968
2019-02-15,27225.0,27273.0,26838.0,26984.0,236776
2019-02-18,27031.0,28238.0,27031.0,27659.0,481593
2019-02-19,27852.0,27852.0,26549.0,27128.0,397753
2019-02-20,27031.0,27659.0,26549.0,27128.0,278420
2019-02-21,27128.0,27176.0,26259.0,26597.0,243197
2019-02-22,26163.0,27707.0,26163.0,26984.0,366473
2019-02-25,26838.0,27031.0,26356.0,26887.0,166908
2019-02-26,26935.0,27080.0,25583.0,26066.0,353275
2019-02-27,26259.0,28431.0,25969.0,28432.0,796689
2019-02-28,28576.0,29879.0,27080.0,27756.0,776943
2019-03-04,28480.0,29493.0,28383.0,28914.0,514202
2019-03-05,28914.0,29252.0,28286.0,28625.0,323564
2019-03-06,28624.0,28624.0,27031.0,27418.0,467581
2019-03-07,27031.0,27997.0,26018.0,26163.0,407926
2019-03-08,25776.0,27707.0,25776.0,27128.0,357320
2019-03-11,27418.0,27707.0,26549.0,27515.0,195455
2019-03-12,27659.0,28866.0,27659.0,28866.0,457046
2019-03-13,29107.0,29686.0,28335.0,29156.0,475177
2019-03-14,29348.0,29686.0,28286.0,28432.0,470480
2019-03-15,28624.0,28673.0,27418.0,27756.0,569070
2019-03-18,27852.0,28045.0,27225.0,27418.0,268092
2019-03-19,27418.0,28383.0,26935.0,27225.0,207415
2019-03-20,27273.0,27418.0,26597.0,27370.0,236493
2019-03-21,27562.0,27562.0,26211.0,26260.0,287381
2019-03-22,26404.0,26742.0,25873.0,26260.0,187331
2019-03-25,25583.0,26259.0,25487.0,25729.0,165755
2019-03-26,25632.0,26597.0,25583.0,26356.0,190763
2019-03-27,26597.0,26694.0,25487.0,25873.0,282852
2019-03-28,25680.0,27369.0,25680.0,26453.0,309808
2019-03-29,26597.0,26887.0,23701.0,25294.0,543345
2019-04-01,25004.0,25535.0,24618.0,25391.0,240970
2019-04-02,25825.0,25825.0,25101.0,25584.0,142986
2019-04-03,25487.0,26356.0,25294.0,26018.0,171734
2019-04-04,26066.0,26066.0,24907.0,25198.0,172125
2019-04-05,25149.0,25294.0,24183.0,24618.0,225039
2019-04-08,25149.0,25294.0,24473.0,24618.0,119996
2019-04-09,24907.0,25245.0,24570.0,24908.0,92155
2019-04-10,25004.0,25245.0,24666.0,25101.0,86412
2019-04-11,25101.0,25632.0,25052.0,25536.0,139825
2019-04-12,25487.0,25535.0,24763.0,24860.0,106059
2019-04-15,24859.0,25825.0,24714.0,25439.0,170669
2019-04-16,25583.0,25583.0,24521.0,25005.0,151276
2019-04-17,25101.0,25197.0,24473.0,24618.0,106183
2019-04-18,24521.0,24907.0,23990.0,24329.0,197494
2019-04-19,24328.0,25294.0,24328.0,25101.0,127072
2019-04-22,25535.0,25776.0,24859.0,25391.0,153489
2019-04-23,25535.0,25632.0,24328.0,24425.0,209410
2019-04-24,24473.0,24570.0,24039.0,24280.0,132129
2019-04-25,24328.0,24521.0,23846.0,24136.0,108351
2019-04-26,23990.0,24425.0,23556.0,23991.0,124323
2019-04-29,23990.0,24618.0,23652.0,24522.0,106280
2019-04-30,24328.0,26066.0,24087.0,26018.0,292509
2019-05-02,26742.0,27080.0,26307.0,26742.0,335462
2019-05-03,26935.0,26935.0,25873.0,26018.0,160225
2019-05-07,25583.0,25728.0,25004.0,25149.0,117744
2019-05-08,24521.0,25438.0,24521.0,24811.0,108168
2019-05-09,24811.0,24956.0,23266.0,23460.0,225217
2019-05-10,23170.0,24039.0,23025.0,23267.0,157326
2019-05-13,23266.0,23556.0,22156.0,22494.0,205605
2019-05-14,22156.0,23121.0,21915.0,22784.0,174607
2019-05-15,23170.0,24376.0,22687.0,24232.0,191511
2019-05-16,24280.0,24570.0,22928.0,23556.0,202665
2019-05-17,24087.0,25101.0,23652.0,23798.0,278014
2019-05-20,24039.0,24473.0,23170.0,23508.0,118465
2019-05-21,23894.0,24280.0,23508.0,23894.0,144856
2019-05-22,24473.0,26404.0,24425.0,26066.0,592393
2019-05-23,26404.0,26645.0,24811.0,25053.0,337689
2019-05-24,25004.0,26404.0,24328.0,25970.0,328713
2019-05-27,26066.0,26549.0,24907.0,25487.0,258522
2019-05-28,25728.0,25873.0,24859.0,25198.0,243831
2019-05-29,25149.0,25149.0,23266.0,23749.0,321141
2019-05-30,23749.0,24232.0,22446.0,22881.0,356865
2019-05-31,23170.0,23604.0,22928.0,23218.0,179140
2019-06-03,23218.0,23604.0,22784.0,23122.0,129588
2019-06-04,22977.0,23459.0,22977.0,23315.0,101389
2019-06-05,23652.0,23652.0,23073.0,23315.0,122043
2019-06-07,23508.0,23508.0,22590.0,22736.0,210047
2019-06-10,23411.0,24280.0,22880.0,24280.0,260397
2019-06-11,24232.0,24473.0,23797.0,24039.0,145413
2019-06-12,23942.0,24039.0,23218.0,23460.0,127345
2019-06-13,23266.0,23556.0,22880.0,22977.0,264817
2019-06-14,23170.0,23411.0,22832.0,22929.0,133097
2019-06-17,22928.0,23073.0,22446.0,22639.0,165414
2019-06-18,22639.0,22928.0,21915.0,22108.0,198151
2019-06-19,22204.0,22590.0,22059.0,22253.0,135603
2019-06-20,22446.0,22880.0,22204.0,22784.0,112398
2019-06-21,22784.0,22928.0,22349.0,22446.0,95247
2019-06-24,22397.0,22590.0,22108.0,22205.0,93231
2019-06-25,22301.0,22542.0,20949.0,21432.0,242588
2019-06-26,21528.0,21963.0,21480.0,21626.0,126037
2019-06-27,21625.0,21818.0,20080.0,20757.0,272447
2019-06-28,20370.0,20804.0,19936.0,20370.0,228558
2019-07-01,20756.0,21866.0,20611.0,21432.0,189537
2019-07-02,21432.0,21722.0,20611.0,20853.0,135073
2019-07-03,20853.0,21480.0,20467.0,20998.0,121562
2019-07-04,20708.0,20804.0,19405.0,20226.0,296248
2019-07-05,20273.0,20901.0,20129.0,20805.0,126080
2019-07-08,20660.0,21046.0,20322.0,20660.0,133436
2019-07-09,20804.0,20804.0,19646.0,19646.0,201047
2019-07-10,19984.0,20225.0,19598.0,19936.0,145488
2019-07-11,20225.0,20515.0,19742.0,20467.0,130395
2019-07-12,20370.0,20853.0,19887.0,20274.0,123953
2019-07-15,20273.0,20467.0,19694.0,19936.0,98041
2019-07-16,19791.0,20515.0,19791.0,20129.0,91364
2019-07-17,20129.0,20129.0,19549.0,19598.0,87013
2019-07-18,19501.0,19694.0,19115.0,19212.0,198914
2019-07-19,19067.0,21432.0,19067.0,21191.0,550690
2019-07-22,20998.0,20998.0,20177.0,20274.0,179219
2019-07-23,20273.0,20418.0,19646.0,19695.0,169094
2019-07-24,20032.0,20032.0,19260.0,19405.0,94467
2019-07-25,19646.0,19646.0,18825.0,18922.0,142131
2019-07-26,18922.0,19018.0,17860.0,18247.0,290139
2019-07-29,18101.0,18294.0,17281.0,17378.0,226495
2019-07-30,17619.0,18101.0,17377.0,17378.0,113692
2019-07-31,17522.0,18150.0,16798.0,18150.0,169324
2019-08-01,18053.0,18053.0,17329.0,17378.0,182590
2019-08-02,16460.0,17088.0,16363.0,16605.0,274047
2019-08-05,16605.0,16653.0,15446.0,15640.0,292025
2019-08-06,15350.0,16363.0,14964.0,15447.0,444197
2019-08-07,15495.0,16122.0,15157.0,16123.0,259032
2019-08-08,16122.0,16363.0,15639.0,16026.0,236398
2019-08-09,16219.0,16219.0,15591.0,15833.0,181416
2019-08-12,15736.0,16508.0,15446.0,16316.0,171542
2019-08-13,15929.0,16122.0,15350.0,15447.0,293512
2019-08-14,15688.0,16315.0,15639.0,15881.0,163971
2019-08-16,15495.0,15929.0,15446.0,15833.0,89061
2019-08-19,16026.0,16074.0,15398.0,15592.0,148215
2019-08-20,15736.0,16894.0,15639.0,16557.0,340119
2019-08-21,16508.0,17039.0,16170.0,16895.0,186215
2019-08-22,17088.0,17281.0,16412.0,16702.0,161091
2019-08-23,16315.0,16557.0,16074.0,16123.0,151367
2019-08-26,15591.0,15639.0,14384.0,14578.0,386595
2019-08-27,14867.0,15108.0,14433.0,14626.0,123780
2019-08-28,14674.0,16701.0,14577.0,16702.0,570005
2019-08-29,16701.0,17039.0,16170.0,16509.0,255546
2019-08-30,16846.0,17715.0,16701.0,17522.0,409180
2019-09-02,17522.0,17570.0,17184.0,17571.0,209991
2019-09-03,17570.0,17667.0,17088.0,17185.0,157460
2019-09-04,17184.0,17522.0,16750.0,17426.0,103054
2019-09-05,17570.0,17619.0,16605.0,16943.0,305086
2019-09-06,16991.0,17425.0,16846.0,17088.0,156618
2019-09-09,17667.0,18970.0,17667.0,17764.0,560858
2019-09-10,17763.0,17763.0,16798.0,16847.0,424054
2019-09-11,16798.0,17232.0,16557.0,17040.0,215547
2019-09-16,17329.0,18198.0,16894.0,18102.0,271194
2019-09-17,17908.0,18874.0,17619.0,18440.0,364182
2019-09-18,18439.0,19115.0,18439.0,18584.0,226331
2019-09-19,18632.0,19260.0,18536.0,18729.0,238560
2019-09-20,18729.0,18970.0,18294.0,18681.0,108277
2019-09-23,18391.0,18874.0,18294.0,18440.0,153058
2019-09-24,17522.0,18584.0,17377.0,18343.0,268248
2019-09-25,18343.0,18632.0,17860.0,17860.0,182588
2019-09-26,18005.0,18777.0,17908.0,18488.0,162436
2019-09-27,18632.0,18680.0,17956.0,18295.0,97560
2019-09-30,18729.0,18922.0,18198.0,18391.0,186224
2019-10-01,18487.0,18825.0,18053.0,18681.0,180141
2019-10-02,18343.0,18487.0,17908.0,17909.0,163744
2019-10-04,18101.0,18584.0,17522.0,18295.0,197022
2019-10-07,18680.0,19839.0,18439.0,19791.0,590323
2019-10-08,19549.0,19936.0,18825.0,19212.0,406397
2019-10-10,19067.0,19163.0,18584.0,19019.0,148883
2019-10-11,19018.0,19308.0,18680.0,18681.0,168577
2019-10-14,19211.0,19549.0,18825.0,19405.0,189261
2019-10-15,19453.0,19791.0,19211.0,19550.0,137063
2019-10-16,19356.0,20080.0,19308.0,19743.0,210101
2019-10-17,19742.0,20080.0,19211.0,19502.0,170650
2019-10-18,19694.0,19694.0,19067.0,19115.0,112537
2019-10-21,19115.0,19501.0,18825.0,19164.0,135293
2019-10-22,19115.0,19791.0,19067.0,19405.0,207286
2019-10-23,19501.0,20080.0,19356.0,19839.0,253440
2019-10-24,20129.0,20225.0,18825.0,19357.0,254838
2019-10-25,19211.0,19308.0,19018.0,19260.0,120032
2019-10-28,19356.0,20853.0,19356.0,20081.0,428382
2019-10-29,20080.0,20370.0,19549.0,19936.0,189642
2019-10-30,19742.0,20515.0,19453.0,20467.0,202624
2019-10-31,20563.0,21577.0,20370.0,20467.0,267564
2019-11-01,20467.0,20998.0,20032.0,20950.0,160669
2019-11-04,20853.0,22108.0,20853.0,21819.0,320243
2019-11-05,22108.0,24618.0,21770.0,23894.0,1065182
2019-11-06,23846.0,24232.0,22977.0,23025.0,404481
2019-11-07,22784.0,25921.0,22784.0,24329.0,798646
2019-11-08,24521.0,24714.0,23556.0,23846.0,261328
2019-11-11,23652.0,24135.0,23218.0,23218.0,214952
2019-11-12,23218.0,23846.0,23170.0,23846.0,118316
2019-11-13,23556.0,23701.0,22397.0,22639.0,279919
2019-11-14,22687.0,23459.0,22687.0,23122.0,123770
2019-11-15,23363.0,23604.0,22735.0,23605.0,132522
2019-11-18,23701.0,24328.0,23315.0,24039.0,277836
2019-11-19,23942.0,24039.0,23170.0,23218.0,184318
2019-11-20,23025.0,23459.0,22253.0,22543.0,162341
2019-11-21,22397.0,22687.0,21673.0,22108.0,221413
2019-11-22,22687.0,22687.0,21673.0,22108.0,117626
2019-11-25,22542.0,22977.0,21770.0,22301.0,170142
2019-11-26,22349.0,22494.0,21722.0,21722.0,160580
2019-11-27,21770.0,22397.0,21722.0,22060.0,136518
2019-11-28,21866.0,22590.0,21866.0,22108.0,134470
2019-11-29,21915.0,22301.0,21722.0,21915.0,78933
2019-12-02,22204.0,23121.0,22059.0,22639.0,328980
2019-12-03,22542.0,22542.0,21046.0,21722.0,308628
2019-12-04,21335.0,21818.0,21287.0,21674.0,99698
2019-12-05,21673.0,22253.0,21577.0,21819.0,189153
2019-12-06,21818.0,22156.0,21673.0,21963.0,162526
2019-12-09,22059.0,22059.0,21335.0,21432.0,117843
2019-12-10,21432.0,21673.0,20804.0,21432.0,157556
2019-12-11,21142.0,21673.0,21142.0,21336.0,114241
2019-12-12,21915.0,23266.0,21577.0,22736.0,814088
2019-12-13,22735.0,22735.0,21528.0,21722.0,433438
2019-12-16,21818.0,21818.0,20949.0,20998.0,232272
2019-12-17,20998.0,21577.0,20949.0,21143.0,247893
2019-12-18,21239.0,21287.0,20515.0,20853.0,212016
2019-12-19,21191.0,22156.0,20853.0,21046.0,523261
2019-12-20,21335.0,21335.0,20418.0,20708.0,274338
2019-12-23,20853.0,20901.0,19308.0,19888.0,413564
2019-12-24,19791.0,19984.0,18825.0,19212.0,457416
2019-12-26,19308.0,19936.0,19067.0,19888.0,615966
2019-12-27,20467.0,21432.0,20273.0,21336.0,531900
2019-12-30,21722.0,23266.0,21432.0,23267.0,711473
2020-01-02,23218.0,23218.0,22204.0,23025.0,369532
2020-01-03,22735.0,23170.0,22253.0,22253.0,270487
2020-01-06,21818.0,22156.0,21528.0,21722.0,281598
2020-01-07,21866.0,22880.0,21577.0,22301.0,290226
2020-01-08,21818.0,22108.0,21432.0,21529.0,293253
2020-01-09,22204.0,22494.0,21963.0,22350.0,171260
2020-01-10,22397.0,22639.0,21818.0,22157.0,205374
2020-01-13,22349.0,22735.0,21818.0,22494.0,241595
2020-01-14,22735.0,22735.0,21963.0,22060.0,234476
2020-01-15,22011.0,22108.0,21480.0,21529.0,171409
2020-01-16,21335.0,21866.0,21094.0,21336.0,183362
2020-01-17,21432.0,21480.0,21191.0,21239.0,117875
2020-01-20,21239.0,21673.0,20756.0,21191.0,196570
2020-01-21,21287.0,21432.0,20756.0,20853.0,148052
2020-01-22,20998.0,21287.0,20853.0,21239.0,106987
2020-01-23,21046.0,21046.0,20370.0,20564.0,217982
2020-01-28,19549.0,20080.0,19308.0,19598.0,254780
2020-01-29,19791.0,20225.0,19646.0,19984.0,154162
2020-01-30,19646.0,19984.0,18729.0,18826.0,301098
2020-01-31,18874.0,19356.0,18391.0,18488.0,188740
2020-02-03,18246.0,18922.0,17908.0,18584.0,165873
2020-02-04,18632.0,19501.0,18632.0,19453.0,162394
2020-02-05,19453.0,19936.0,19308.0,19646.0,128738
2020-02-06,19791.0,20177.0,19598.0,20081.0,110132
2020-02-07,19839.0,20129.0,19598.0,20033.0,75238
2020-02-10,19791.0,20225.0,19549.0,20033.0,130678
2020-02-11,20032.0,21142.0,20032.0,21143.0,259914
2020-02-12,21142.0,21142.0,20370.0,21046.0,185020
2020-02-13,21046.0,21094.0,20129.0,20322.0,185858
2020-02-14,20273.0,20467.0,20032.0,20226.0,100567
2020-02-17,20080.0,20273.0,19549.0,19743.0,160220
2020-02-18,19694.0,19694.0,19260.0,19405.0,139396
2020-02-19,19598.0,19694.0,19067.0,19598.0,167064
2020-02-20,19598.0,20225.0,19308.0,19550.0,172790
2020-02-21,19260.0,19405.0,18922.0,18922.0,157024
2020-02-24,18246.0,18777.0,18053.0,18247.0,224337
2020-02-25,18391.0,18970.0,18053.0,18874.0,162764
2020-02-26,18391.0,19356.0,18294.0,19260.0,231106
2020-02-27,19067.0,21094.0,19067.0,20901.0,947032
2020-02-28,20804.0,21094.0,18922.0,19550.0,1077619
2020-03-02,19791.0,21866.0,19742.0,21577.0,988084
2020-03-03,21625.0,21818.0,20998.0,21384.0,691793
2020-03-04,21142.0,23218.0,21094.0,22977.0,992071
2020-03-05,23315.0,24425.0,22928.0,24280.0,1310564
2020-03-06,24135.0,25149.0,23266.0,24232.0,1314342
2020-03-09,23556.0,24570.0,23315.0,23943.0,1078608
2020-03-10,23749.0,24521.0,22735.0,23653.0,1028467
2020-03-11,23749.0,23797.0,20080.0,20226.0,2406182
2020-03-12,20225.0,20804.0,19308.0,19984.0,885763
2020-03-13,18632.0,18825.0,16605.0,17812.0,1113075
2020-03-16,18439.0,19308.0,17619.0,18198.0,898493
2020-03-17,17474.0,19791.0,16798.0,19695.0,673197
2020-03-18,19694.0,20418.0,17763.0,17812.0,662180
2020-03-19,18536.0,18825.0,16750.0,17040.0,693963
2020-03-20,17763.0,18487.0,17522.0,18440.0,348107
2020-03-23,17570.0,17763.0,16750.0,16991.0,494366
2020-03-24,17474.0,18343.0,17377.0,18343.0,494635
2020-03-25,19018.0,19260.0,18294.0,19067.0,568037
2020-03-26,19211.0,20032.0,18680.0,18971.0,671807
2020-03-27,19742.0,20611.0,18680.0,19502.0,821693
2020-03-30,19115.0,20708.0,18922.0,20660.0,600903
2020-03-31,21577.0,21866.0,20273.0,21239.0,686722
2020-04-01,21335.0,21625.0,19887.0,19888.0,500399
2020-04-02,19791.0,20998.0,19501.0,20853.0,833034
2020-04-03,21432.0,21577.0,20563.0,21143.0,438418
2020-04-06,21142.0,21480.0,20853.0,21432.0,348796
2020-04-07,21770.0,21818.0,21046.0,21529.0,421802
2020-04-08,22542.0,22977.0,21239.0,21288.0,826914
2020-04-09,21673.0,21770.0,20804.0,21095.0,362068
2020-04-10,21335.0,21722.0,20467.0,21239.0,369021
2020-04-13,20998.0,21094.0,20080.0,20129.0,307009
2020-04-14,20273.0,20804.0,20080.0,20370.0,248800
2020-04-16,20225.0,22011.0,19984.0,21963.0,690447
2020-04-17,22494.0,22542.0,21673.0,22012.0,467768
2020-04-20,21963.0,21963.0,21239.0,21432.0,292756
2020-04-21,21046.0,21335.0,19984.0,20901.0,372714
2020-04-22,20322.0,21239.0,20322.0,21046.0,210751
2020-04-23,21239.0,21577.0,20804.0,21481.0,256961
2020-04-24,21142.0,21432.0,20563.0,20708.0,237705
2020-04-27,20804.0,22108.0,20660.0,22108.0,544119
2020-04-28,22301.0,22301.0,20998.0,21770.0,438975
2020-04-29,21722.0,21915.0,21335.0,21529.0,228000
2020-05-04,21239.0,22204.0,20998.0,22157.0,366611
2020-05-06,22494.0,22735.0,22011.0,22688.0,429482
2020-05-07,22784.0,23556.0,22542.0,23267.0,520724
2020-05-08,23556.0,23846.0,23121.0,23412.0,453733
2020-05-11,23363.0,25294.0,23025.0,25101.0,1292013
2020-05-12,25245.0,25438.0,23749.0,24136.0,767613
2020-05-13,24039.0,24763.0,23363.0,24570.0,438868
2020-05-14,24328.0,24521.0,22494.0,22688.0,743640
2020-05-15,22880.0,22880.0,21915.0,22591.0,420800
2020-05-18,22832.0,23508.0,22301.0,22543.0,343131
2020-05-19,22590.0,22832.0,21722.0,22205.0,420385
2020-05-20,22204.0,22639.0,22011.0,22639.0,267402
2020-05-21,22735.0,22735.0,22011.0,22205.0,273079
2020-05-22,22108.0,22397.0,21722.0,21963.0,256333
2020-05-25,22059.0,22253.0,21625.0,22012.0,200904
2020-05-26,21770.0,22253.0,21722.0,22157.0,191952
2020-05-27,22156.0,22349.0,21625.0,21770.0,270180
2020-05-28,21866.0,22156.0,20804.0,21095.0,389792
2020-05-29,21239.0,21384.0,20660.0,21095.0,179243
2020-06-01,21191.0,22301.0,21094.0,22253.0,483162
2020-06-02,22059.0,23942.0,21818.0,23218.0,1637481
2020-06-03,23894.0,25245.0,23556.0,24570.0,2773872
2020-06-04,24811.0,24956.0,23749.0,24232.0,787887
2020-06-05,23894.0,24907.0,23121.0,24860.0,750379
2020-06-08,25825.0,25825.0,24280.0,25053.0,898516
2020-06-09,25052.0,25873.0,24183.0,25729.0,548472
2020-06-10,25583.0,27611.0,25535.0,26646.0,1888988
2020-06-11,27225.0,30314.0,26790.0,28963.0,2847099
2020-06-12,27369.0,31328.0,27225.0,30604.0,1684338
2020-06-15,30652.0,31617.0,26066.0,26211.0,1843469
2020-06-16,27804.0,29300.0,27466.0,28963.0,1214873
2020-06-17,28769.0,29204.0,27031.0,27708.0,844168
2020-06-18,27707.0,28480.0,27225.0,27611.0,539857
2020-06-19,28142.0,28383.0,26742.0,27756.0,745059
2020-06-22,27755.0,27804.0,26307.0,26646.0,640823
2020-06-23,26694.0,27418.0,25969.0,27225.0,752665
2020-06-24,27176.0,27225.0,25969.0,26260.0,552575
2020-06-25,25728.0,26404.0,25342.0,25584.0,446142
2020-06-26,25776.0,26114.0,24956.0,25584.0,380684
2020-06-29,25101.0,25342.0,24039.0,24377.0,477412
2020-06-30,24618.0,24956.0,23556.0,23991.0,457805
2020-07-01,24039.0,24328.0,23073.0,23267.0,505656
2020-07-02,23652.0,23749.0,22832.0,23653.0,427193
2020-07-03,23652.0,23701.0,22977.0,23556.0,260412
2020-07-06,23411.0,24135.0,23266.0,23653.0,394681
2020-07-07,23508.0,23942.0,22928.0,23218.0,344772
2020-07-08,23073.0,23315.0,22494.0,22688.0,306970
2020-07-09,22687.0,23218.0,22446.0,22639.0,249840
2020-07-10,22349.0,23459.0,22349.0,23074.0,306307
2020-07-13,23170.0,25535.0,23170.0,25536.0,1020715
2020-07-14,25438.0,25728.0,24618.0,25342.0,334601
2020-07-15,25873.0,26066.0,25149.0,26066.0,496748
2020-07-16,26066.0,26356.0,24907.0,25439.0,505159
2020-07-17,25438.0,25825.0,24618.0,25536.0,218755
2020-07-20,25583.0,25632.0,24811.0,25487.0,190247
2020-07-21,25728.0,27128.0,25390.0,26791.0,853326
2020-07-22,27273.0,27755.0,26742.0,27515.0,694647
2020-07-23,27514.0,28431.0,27031.0,28046.0,702229
2020-07-24,27755.0,28914.0,27707.0,28190.0,650721
2020-07-27,28866.0,28962.0,27707.0,27804.0,470114
2020-07-28,27997.0,28093.0,27080.0,27756.0,422198
2020-07-29,27514.0,27949.0,25873.0,26163.0,885173
2020-07-30,25921.0,26259.0,24859.0,25101.0,705438
2020-07-31,25052.0,25776.0,25004.0,25149.0,342182
2020-08-03,26404.0,27369.0,25535.0,27032.0,750228
2020-08-04,27031.0,28624.0,26742.0,28577.0,730453
2020-08-05,28914.0,29928.0,27804.0,28963.0,1185501
2020-08-06,29493.0,30121.0,28528.0,29108.0,664866
2020-08-07,29348.0,30024.0,28528.0,29252.0,566726
2020-08-10,29735.0,29735.0,27997.0,28384.0,578662
2020-08-11,28238.0,32679.0,27804.0,31859.0,2838609
2020-08-12,32003.0,32824.0,29011.0,29783.0,1834961
2020-08-13,30121.0,30217.0,29011.0,29639.0,566827
2020-08-14,29590.0,29686.0,28093.0,28335.0,568623
2020-08-18,28383.0,29252.0,27031.0,27563.0,539089
2020-08-19,27418.0,28673.0,27418.0,28480.0,321465
2020-08-20,28576.0,29831.0,27369.0,27659.0,541284
2020-08-21,27707.0,28383.0,27128.0,27273.0,304581
2020-08-24,27224.0,28962.0,27031.0,28866.0,344933
2020-08-25,28866.0,29783.0,28431.0,29783.0,430313
2020-08-26,30507.0,30507.0,29107.0,29832.0,608264
2020-08-27,29879.0,30459.0,29445.0,29880.0,371307
2020-08-28,30169.0,32341.0,29976.0,31280.0,1236103
2020-08-31,32100.0,32100.0,30410.0,31714.0,576722
2020-09-01,31617.0,32438.0,30941.0,32004.0,542127
2020-09-02,32100.0,32148.0,30941.0,31183.0,391038
2020-09-03,31183.0,33886.0,30845.0,32583.0,1397923
2020-09-04,31134.0,35334.0,31134.0,34707.0,1289636
2020-09-07,34803.0,36589.0,33838.0,35383.0,821452
2020-09-08,35720.0,38375.0,35479.0,37700.0,1032112
2020-09-09,37072.0,38134.0,36734.0,37362.0,571900
2020-09-10,37796.0,37892.0,35624.0,36300.0,624080
2020-09-11,35865.0,40209.0,35141.0,39582.0,1409478
2020-09-14,40065.0,40065.0,38520.0,39100.0,499403
2020-09-15,38713.0,42575.0,38665.0,41513.0,855775
2020-09-16,41658.0,43202.0,40644.0,41320.0,627112
2020-09-17,41127.0,42237.0,40161.0,40596.0,376118
2020-09-18,40209.0,42768.0,40161.0,42720.0,595361
2020-09-21,50202.0,51650.0,44409.0,44410.0,1999288
2020-09-22,45375.0,48271.0,43782.0,47595.0,1811624
2020-09-23,49140.0,49236.0,42382.0,44120.0,1512595
2020-09-24,42961.0,43588.0,39244.0,40982.0,1151542
2020-09-25,40982.0,43492.0,39968.0,42575.0,595634
2020-09-28,43009.0,44409.0,41030.0,44216.0,429877
2020-09-29,44361.0,47016.0,43926.0,44410.0,601032
2020-10-05,43830.0,46099.0,43492.0,44796.0,344150
2020-10-06,45085.0,45809.0,44216.0,44361.0,342376
2020-10-07,43637.0,48174.0,43637.0,47982.0,1027198
2020-10-08,47836.0,50202.0,46823.0,49044.0,777310
2020-10-12,49622.0,50298.0,47595.0,47885.0,453564
2020-10-13,48367.0,48850.0,47498.0,47933.0,232218
2020-10-14,48126.0,48223.0,46243.0,46244.0,374772
2020-10-15,45471.0,47064.0,44602.0,45665.0,372255
2020-10-16,46050.0,46050.0,42333.0,44216.0,619363
2020-10-19,44216.0,44554.0,42382.0,42913.0,330038
2020-10-20,41899.0,43444.0,40692.0,43203.0,576931
2020-10-21,43154.0,43444.0,41658.0,41948.0,243295
2020-10-22,41513.0,42671.0,40547.0,40644.0,333986
2020-10-23,40644.0,41465.0,39389.0,40838.0,385341
2020-10-26,40547.0,40740.0,37410.0,37941.0,684533
2020-10-27,37361.0,40451.0,37265.0,39486.0,615868
2020-10-28,39003.0,40644.0,39003.0,40644.0,246765
2020-10-29,39872.0,41658.0,39437.0,41513.0,295882
2020-10-30,41223.0,41513.0,39437.0,39727.0,302466
2020-11-02,39148.0,41899.0,38810.0,41465.0,310750
2020-11-03,41899.0,43444.0,41609.0,42382.0,354450
2020-11-04,43154.0,49622.0,42526.0,49623.0,2135633
2020-11-05,49333.0,53388.0,48464.0,51747.0,1499319
2020-11-06,52132.0,54450.0,48223.0,49430.0,1212737
2020-11-09,49526.0,50781.0,48947.0,49719.0,425672
2020-11-10,49815.0,50491.0,47788.0,50202.0,509306
2020-11-11,49719.0,51650.0,48850.0,50588.0,397374
2020-11-12,50877.0,53774.0,50298.0,51071.0,542879
2020-11-13,51457.0,52422.0,49719.0,50685.0,305299
2020-11-16,50588.0,52326.0,49719.0,50588.0,292336
2020-11-17,50202.0,50395.0,48753.0,49719.0,353595
2020-11-18,50202.0,55608.0,49526.0,55512.0,1736842
2020-11-19,54739.0,55994.0,53291.0,55126.0,649082
2020-11-20,54932.0,57635.0,54739.0,55802.0,599652
2020-11-23,56380.0,58215.0,54836.0,57732.0,732458
2020-11-24,58311.0,62173.0,56573.0,57443.0,1092645
2020-11-25,57442.0,58022.0,54256.0,55319.0,792363
2020-11-26,54546.0,59566.0,54450.0,58891.0,639086
2020-11-27,58890.0,61111.0,58408.0,59374.0,494427
2020-11-30,59470.0,62366.0,58794.0,59084.0,692854
2020-12-01,59759.0,60918.0,58987.0,60146.0,659331
2020-12-02,60146.0,61207.0,58794.0,59953.0,426913
2020-12-03,60049.0,63138.0,59277.0,63042.0,1073838
2020-12-04,62945.0,64104.0,61883.0,62753.0,523576
2020-12-07,62559.0,68159.0,61980.0,67097.0,884728
2020-12-08,67676.0,69027.0,63718.0,63911.0,1003960
2020-12-09,64973.0,65648.0,61690.0,63622.0,522419
2020-12-10,62559.0,64104.0,61883.0,63332.0,460228
2020-12-11,63331.0,64780.0,56573.0,59663.0,1788643
2020-12-14,59663.0,59663.0,56670.0,56767.0,1046698
2020-12-15,56477.0,58311.0,56380.0,56960.0,557657
2020-12-16,57539.0,59373.0,57056.0,58408.0,515746
2020-12-17,58118.0,58311.0,54932.0,55415.0,664324
2020-12-18,55318.0,57346.0,54450.0,56767.0,535506
2020-12-21,57828.0,62173.0,56960.0,60532.0,1288954
2020-12-22,60628.0,61787.0,56960.0,57443.0,709559
2020-12-23,57828.0,58697.0,56380.0,56477.0,486461
2020-12-24,56670.0,57346.0,55222.0,55705.0,784778
2020-12-28,56187.0,60049.0,55705.0,59277.0,1440077
2020-12-29,61787.0,62752.0,59470.0,62366.0,1399091
2020-12-30,62269.0,64297.0,61207.0,63332.0,549383
2021-01-04,64200.0,66807.0,61980.0,66518.0,749315
2021-01-05,65455.0,67483.0,63814.0,66035.0,578626
2021-01-06,65938.0,66614.0,62366.0,62656.0,735190
2021-01-07,44602.0,52132.0,43926.0,49237.0,9324521
2021-01-08,47595.0,48560.0,45181.0,46292.0,2830061
2021-01-11,46292.0,47161.0,43685.0,44023.0,1590012
2021-01-12,43154.0,46292.0,42913.0,46147.0,1174158
2021-01-13,45616.0,46871.0,44844.0,46147.0,660098
2021-01-14,47209.0,49236.0,46292.0,49044.0,1227392
2021-01-15,50009.0,50684.0,47257.0,48851.0,974377
2021-01-18,47981.0,50009.0,43202.0,43589.0,2333588
2021-01-19,44795.0,44844.0,40354.0,41513.0,1621388
2021-01-20,41513.0,43395.0,40692.0,42044.0,684393
2021-01-21,42478.0,42478.0,40885.0,41320.0,606815
2021-01-22,41658.0,41658.0,39341.0,40548.0,744684
2021-01-25,40161.0,42816.0,39823.0,42382.0,584659
2021-01-26,42623.0,43154.0,40982.0,41320.0,562011
2021-01-27,41706.0,41996.0,40451.0,40500.0,384851
2021-01-28,39003.0,39678.0,38230.0,38955.0,585527
2021-01-29,38954.0,39534.0,36975.0,37700.0,672641
2021-02-01,36927.0,39099.0,36637.0,38472.0,424359
2021-02-02,38713.0,39196.0,37796.0,39003.0,315432
2021-02-03,39437.0,39437.0,37410.0,37941.0,511510
2021-02-04,37748.0,37844.0,37024.0,37362.0,342194
2021-02-05,37410.0,37941.0,36493.0,37121.0,307848
2021-02-08,37217.0,37313.0,36203.0,36348.0,309972
2021-02-09,36203.0,37651.0,36010.0,37265.0,319767
2021-02-10,37120.0,37651.0,36348.0,36445.0,205027
2021-02-15,36541.0,37024.0,35044.0,36783.0,479404
2021-02-16,36927.0,37699.0,35672.0,35721.0,418577
2021-02-17,35720.0,35720.0,34562.0,34852.0,356935
2021-02-18,34948.0,35479.0,34031.0,34128.0,304565
2021-02-19,34127.0,34176.0,32824.0,33886.0,500832
2021-02-22,33934.0,34176.0,33162.0,33259.0,335839
2021-02-23,33017.0,33789.0,31665.0,32921.0,501557
2021-02-24,33114.0,36348.0,32583.0,33790.0,1285817
2021-02-25,34948.0,35238.0,32776.0,34417.0,590111
2021-02-26,33403.0,34948.0,33307.0,33838.0,385690
2021-03-02,33886.0,36830.0,33886.0,36397.0,728691
2021-03-03,35962.0,36203.0,34562.0,34755.0,528966
2021-03-04,34079.0,34224.0,32824.0,33018.0,341384
2021-03-05,32438.0,33934.0,32100.0,33211.0,268573
2021-03-08,33258.0,33451.0,31472.0,31521.0,371251
2021-03-09,31231.0,31521.0,29976.0,30507.0,481011
2021-03-10,30990.0,32100.0,30169.0,30459.0,239400
2021-03-11,30603.0,31859.0,30603.0,31763.0,213377
2021-03-12,31859.0,32293.0,31424.0,31811.0,170446
2021-03-15,31617.0,31810.0,31086.0,31425.0,132856
2021-03-16,31810.0,32824.0,31521.0,32776.0,245725
2021-03-17,32824.0,34465.0,32341.0,34080.0,439559
2021-03-18,34272.0,35286.0,33307.0,33500.0,357984
2021-03-19,32921.0,33982.0,32727.0,33259.0,154178
2021-03-22,33355.0,33451.0,32245.0,32438.0,222065
2021-03-23,32486.0,34948.0,32486.0,34080.0,642610
2021-03-24,33934.0,35720.0,33886.0,34948.0,621305
2021-03-25,34948.0,35720.0,33596.0,33693.0,311804
2021-03-26,34658.0,36348.0,34079.0,35721.0,535464
2021-03-29,36058.0,36155.0,34996.0,35045.0,322016
2021-03-30,35141.0,38182.0,35141.0,37121.0,770976
2021-03-31,36830.0,38858.0,36782.0,38569.0,602337
2021-04-01,39968.0,39968.0,38134.0,39245.0,480478
2021-04-02,39389.0,39872.0,38472.0,39245.0,218226
2021-04-05,39148.0,39148.0,37699.0,38231.0,279640
2021-04-06,38279.0,38279.0,35913.0,35962.0,515434
2021-04-07,35672.0,36927.0,35334.0,35866.0,199528
2021-04-08,36106.0,37265.0,35238.0,36831.0,286359
2021-04-09,37024.0,40065.0,36927.0,39196.0,813651
2021-04-12,39485.0,41802.0,38665.0,41610.0,703599
2021-04-13,41996.0,42671.0,40837.0,42382.0,680010
2021-04-14,41899.0,43347.0,37748.0,40162.0,1028084
2021-04-15,40306.0,40547.0,38327.0,40017.0,625628
2021-04-16,40016.0,40499.0,39148.0,40113.0,260185
2021-04-19,40161.0,42237.0,39389.0,41948.0,486272
2021-04-20,41996.0,43299.0,41223.0,42382.0,466797
2021-04-21,42382.0,43106.0,41947.0,42093.0,338065
2021-04-22,42382.0,42575.0,41127.0,42093.0,230435
2021-04-23,41996.0,43347.0,41223.0,42430.0,433103
2021-04-26,42623.0,42768.0,41465.0,41562.0,245992
2021-04-27,41320.0,41416.0,39051.0,40113.0,538096
2021-04-28,39968.0,39968.0,38134.0,38231.0,366282
2021-04-29,38134.0,38761.0,36734.0,37121.0,328350
2021-04-30,36541.0,37024.0,35044.0,35576.0,621313
2021-05-03,34803.0,35865.0,34127.0,34224.0,318085
2021-05-04,33886.0,35334.0,33210.0,34466.0,385536
2021-05-06,34224.0,34851.0,33355.0,33983.0,266070
2021-05-07,33982.0,37120.0,33982.0,36203.0,529543
2021-05-10,36106.0,37072.0,35769.0,36493.0,313272
2021-05-11,35817.0,36106.0,34610.0,35045.0,364366
2021-05-12,35286.0,36637.0,34900.0,36203.0,281289
2021-05-13,35769.0,36010.0,34851.0,35141.0,208774
2021-05-14,35238.0,36058.0,34851.0,35721.0,1439828
2021-05-17,35720.0,38086.0,35238.0,36783.0,446130
2021-05-18,36444.0,37892.0,36444.0,37652.0,282295
2021-05-20,37506.0,37699.0,35189.0,35817.0,555110
2021-05-21,36010.0,36493.0,35238.0,35817.0,231731
2021-05-24,36106.0,36300.0,34755.0,34755.0,251170
2021-05-25,35044.0,35479.0,34417.0,34997.0,183465
2021-05-26,35238.0,35431.0,34851.0,35190.0,103504
2021-05-27,35286.0,35479.0,34513.0,35479.0,174997
2021-05-28,35479.0,36782.0,35238.0,35914.0,187537
2021-05-31,36155.0,37651.0,35720.0,37507.0,278383
2021-06-01,37361.0,37361.0,35817.0,36155.0,251564
2021-06-02,36203.0,36637.0,35238.0,35431.0,235944
2021-06-03,35286.0,36396.0,35238.0,35383.0,214698
2021-06-04,35431.0,35575.0,34272.0,34514.0,352692
2021-06-07,34755.0,34900.0,32679.0,33307.0,447951
2021-06-08,33403.0,33886.0,33162.0,33645.0,142438
2021-06-09,33645.0,33645.0,32583.0,32583.0,244497
2021-06-10,32245.0,33645.0,32196.0,33211.0,253714
2021-06-11,33500.0,34513.0,33307.0,34128.0,217732
2021-06-14,34176.0,34369.0,33789.0,34273.0,104028
2021-06-15,34031.0,34272.0,33500.0,33742.0,132276
2021-06-16,33789.0,33789.0,33355.0,33500.0,86749
2021-06-17,33500.0,34272.0,32921.0,34080.0,155691
2021-06-18,34272.0,35431.0,34031.0,35431.0,333588
2021-06-21,35093.0,35189.0,34513.0,34948.0,147907
2021-06-22,35189.0,37024.0,34562.0,34562.0,586177
2021-06-23,34755.0,35575.0,34658.0,35383.0,215377
2021-06-24,35093.0,35141.0,34224.0,34369.0,189445
2021-06-25,34369.0,34562.0,33982.0,34080.0,140818
2021-06-28,33886.0,36541.0,33789.0,36059.0,516433
2021-06-29,36058.0,37072.0,35769.0,36155.0,303631
2021-06-30,35913.0,38086.0,35817.0,37700.0,526989
2021-07-01,37410.0,40740.0,36927.0,40307.0,1068250
2021-07-02,40644.0,41078.0,39485.0,39872.0,606027
2021-07-05,39823.0,40982.0,39437.0,40838.0,560483
2021-07-06,40354.0,40354.0,37748.0,38472.0,874077
2021-07-07,38423.0,39196.0,37603.0,37603.0,322614
2021-07-08,37410.0,37506.0,35334.0,35528.0,565257
2021-07-09,34755.0,35865.0,34562.0,35238.0,326948
2021-07-12,35141.0,35720.0,34610.0,34755.0,183973
2021-07-13,34562.0,35141.0,33838.0,34080.0,475949
2021-07-14,34031.0,34272.0,33548.0,34176.0,176255
2021-07-15,34176.0,34176.0,33789.0,33935.0,170613
2021-07-16,33934.0,33934.0,33403.0,33404.0,215230
2021-07-19,33210.0,33982.0,32872.0,33259.0,189508
2021-07-20,32824.0,33355.0,32390.0,32776.0,276769
2021-07-21,32921.0,34127.0,32679.0,33693.0,206672
2021-07-22,33693.0,33982.0,33355.0,33742.0,146222
2021-07-23,33693.0,34320.0,33403.0,33404.0,171113
2021-07-26,33548.0,33548.0,32679.0,32824.0,217607
2021-07-27,32583.0,33065.0,32583.0,32680.0,109556
2021-07-28,32727.0,32921.0,32534.0,32728.0,128548
2021-07-29,32776.0,33548.0,32727.0,32776.0,142145
2021-07-30,33500.0,33500.0,32583.0,32776.0,139281
2021-08-02,32776.0,33017.0,32486.0,32824.0,103134
2021-08-03,32679.0,32824.0,32245.0,32535.0,159680
2021-08-04,32438.0,32824.0,32245.0,32487.0,203525
2021-08-05,32293.0,33789.0,32293.0,32824.0,251596
2021-08-06,32872.0,33017.0,32583.0,32969.0,122947
2021-08-09,32727.0,32727.0,31907.0,32100.0,272652
2021-08-10,31955.0,32196.0,30652.0,31038.0,379657
2021-08-11,30748.0,33451.0,30652.0,33307.0,446482
2021-08-12,33162.0,35865.0,33017.0,34948.0,851314
2021-08-13,34707.0,36010.0,34272.0,35141.0,434927
2021-08-17,34707.0,36541.0,34707.0,35141.0,409947
2021-08-18,35334.0,36203.0,34272.0,35866.0,287934
2021-08-19,35769.0,36300.0,34755.0,35238.0,287980
2021-08-20,35238.0,37168.0,35238.0,36155.0,727479
2021-08-23,36686.0,37168.0,36106.0,36928.0,381455
2021-08-24,37555.0,37555.0,31665.0,35866.0,1889523
2021-08-25,35575.0,36010.0,33500.0,34224.0,386595
2021-08-26,34369.0,34417.0,32679.0,32824.0,379063
2021-08-27,32631.0,33451.0,32583.0,33018.0,265523
2021-08-30,33548.0,33548.0,32824.0,33307.0,160638
2021-08-31,33500.0,37024.0,33403.0,36831.0,750473
2021-09-01,36541.0,37313.0,35962.0,37072.0,338855
2021-09-02,37072.0,38472.0,36637.0,37459.0,542790
2021-09-03,37892.0,39244.0,37024.0,37555.0,789707
2021-09-06,37603.0,37651.0,36396.0,36445.0,266221
2021-09-07,36444.0,36734.0,35382.0,36638.0,228918
2021-09-08,36251.0,36251.0,34755.0,34948.0,381438
2021-09-09,34900.0,35189.0,34224.0,34707.0,182735
2021-09-10,34610.0,34996.0,33838.0,34321.0,189806
2021-09-13,33982.0,35672.0,33982.0,35045.0,212783
2021-09-14,35044.0,35238.0,34513.0,34900.0,136662
2021-09-15,35044.0,37313.0,34658.0,37217.0,448051
2021-09-16,36879.0,37651.0,36444.0,37410.0,294639
2021-09-17,37410.0,38086.0,34803.0,35479.0,584842
2021-09-23,35479.0,35913.0,34417.0,34611.0,183252
2021-09-24,34610.0,34755.0,33114.0,33500.0,335409
2021-09-27,32824.0,33500.0,32341.0,32680.0,309019
2021-09-28,32727.0,32824.0,31569.0,32245.0,228597
2021-09-29,30990.0,32003.0,30990.0,31714.0,170255
2021-09-30,31907.0,32245.0,31279.0,31666.0,136190
2021-10-01,31376.0,31569.0,30121.0,30121.0,323048
2021-10-05,30121.0,30700.0,29397.0,29639.0,207746
2021-10-06,29831.0,30507.0,28817.0,29059.0,251595
2021-10-07,29204.0,30024.0,28866.0,29349.0,225090
2021-10-08,29831.0,30893.0,29300.0,29301.0,220093
2021-10-12,29300.0,29300.0,27466.0,28046.0,335075
2021-10-13,27611.0,28431.0,26645.0,27997.0,125732
2021-10-14,28238.0,30121.0,28093.0,29976.0,214308
2021-10-15,30314.0,30845.0,29928.0,30121.0,171640
2021-10-18,30024.0,30700.0,29252.0,30507.0,167490
2021-10-19,30217.0,31376.0,30217.0,30556.0,130261
2021-10-20,30652.0,31183.0,30266.0,30314.0,125137
2021-10-21,30314.0,31183.0,29976.0,30025.0,105511
2021-10-22,30121.0,30555.0,29735.0,30073.0,67977
2021-10-25,29879.0,30217.0,29542.0,29880.0,74862
2021-10-26,29783.0,30941.0,29686.0,30459.0,97330
2021-10-27,30410.0,30555.0,29928.0,29976.0,77597
2021-10-28,29928.0,30266.0,29542.0,29590.0,70765
2021-10-29,29445.0,29735.0,28817.0,28914.0,109767
2021-11-01,29011.0,29686.0,28866.0,29011.0,90708
2021-11-02,29107.0,30652.0,29107.0,30266.0,154982
2021-11-03,30410.0,30797.0,29879.0,30363.0,95804
2021-11-04,30217.0,31521.0,30169.0,30652.0,219414
2021-11-05,30652.0,31665.0,30217.0,31473.0,191526
2021-11-08,31279.0,32293.0,30603.0,30942.0,184561
2021-11-09,30652.0,31328.0,29976.0,30025.0,109986
2021-11-10,29928.0,30266.0,28673.0,28963.0,128351
2021-11-11,28962.0,29252.0,28383.0,28770.0,102440
2021-11-12,29204.0,29445.0,28769.0,28963.0,92054
2021-11-15,29011.0,30555.0,29011.0,30556.0,160013
2021-11-16,30555.0,30603.0,29686.0,29832.0,98346
2021-11-17,29879.0,29928.0,28480.0,28914.0,173161
2021-11-18,28914.0,29059.0,28335.0,28528.0,100933
2021-11-19,28962.0,29155.0,28335.0,28866.0,98736
2021-11-22,28914.0,29493.0,28673.0,28914.0,133728
2021-11-23,28673.0,28962.0,27997.0,28673.0,155872
2021-11-24,28335.0,29300.0,28286.0,28577.0,109913
2021-11-25,28673.0,28721.0,27611.0,27659.0,149575
2021-11-26,27707.0,28431.0,27562.0,27804.0,117350
2021-11-29,26597.0,27659.0,26597.0,27032.0,163131
2021-11-30,27080.0,27611.0,25535.0,25825.0,133059
2021-12-01,25921.0,26742.0,25583.0,26646.0,112252
2021-12-02,26211.0,28045.0,26018.0,27804.0,162289
2021-12-03,27514.0,28576.0,27369.0,28577.0,116535
2021-12-06,28528.0,29735.0,27707.0,29590.0,196442
2021-12-07,29735.0,30603.0,29059.0,30604.0,266637
2021-12-08,30893.0,31569.0,30700.0,31135.0,318879
2021-12-09,31376.0,34948.0,31086.0,34948.0,1164399
2021-12-10,34996.0,36541.0,34755.0,35479.0,727153
2021-12-13,35720.0,36106.0,34562.0,34562.0,321596
2021-12-14,34562.0,37410.0,34320.0,36783.0,919468
2021-12-15,36541.0,37168.0,35575.0,36445.0,430494
2021-12-16,36300.0,37072.0,35913.0,36397.0,298880
2021-12-17,36203.0,36734.0,34658.0,35914.0,447429
2021-12-20,35479.0,37313.0,35238.0,36928.0,463091
2021-12-21,36927.0,37265.0,36155.0,36348.0,299234
2021-12-22,36203.0,36830.0,36010.0,36590.0,230342
2021-12-23,37168.0,37361.0,33838.0,35672.0,667148
2021-12-24,35431.0,35865.0,34562.0,34755.0,335196
2021-12-27,34369.0,36589.0,34369.0,36348.0,536768
2021-12-28,36396.0,37024.0,36106.0,36493.0,666895
2021-12-29,36348.0,38568.0,36203.0,36783.0,715777
2021-12-30,36830.0,36879.0,34610.0,35335.0,666002
2022-01-03,35527.0,35575.0,32776.0,33211.0,647826
2022-01-04,33258.0,33307.0,32196.0,32873.0,281692
2022-01-05,32631.0,33065.0,31859.0,31907.0,233488
2022-01-06,31376.0,32727.0,31279.0,31473.0,197495
2022-01-07,31907.0,34079.0,31665.0,32100.0,377897
2022-01-10,31955.0,32245.0,30941.0,31328.0,166690
2022-01-11,31328.0,32003.0,31134.0,31956.0,157951
2022-01-12,32390.0,34079.0,32293.0,33355.0,316284
2022-01-13,33355.0,33355.0,31810.0,32149.0,241968
2022-01-14,31665.0,32776.0,31472.0,32245.0,135595
2022-01-17,32245.0,32872.0,31810.0,32824.0,108831
2022-01-18,32727.0,33307.0,32052.0,32149.0,91587
2022-01-19,32100.0,32438.0,31279.0,32052.0,100827
2022-01-20,32148.0,33500.0,32148.0,33307.0,167619
2022-01-21,32390.0,33258.0,32390.0,32824.0,112030
2022-01-24,32872.0,33210.0,32245.0,32631.0,130355
2022-01-25,32727.0,32824.0,30797.0,30990.0,218166
2022-01-26,30507.0,32100.0,30507.0,32100.0,156211
2022-01-27,31569.0,31810.0,29638.0,30121.0,271615
2022-01-28,29445.0,31328.0,29445.0,31280.0,135846
2022-02-03,31569.0,33017.0,31569.0,32293.0,134706
2022-02-04,31955.0,32583.0,30748.0,32052.0,133308
2022-02-07,32052.0,32245.0,30748.0,30845.0,149692
2022-02-08,31134.0,31617.0,30652.0,31280.0,103920
2022-02-09,31376.0,31521.0,30700.0,31280.0,77142
2022-02-10,31279.0,31714.0,29976.0,30121.0,156562
2022-02-11,29783.0,30121.0,28914.0,29059.0,158630
2022-02-14,28335.0,29397.0,28286.0,29108.0,109551
2022-02-15,28721.0,29155.0,27997.0,28094.0,116751
2022-02-16,28576.0,30700.0,28480.0,30604.0,179399
2022-02-17,30314.0,30748.0,29590.0,29976.0,124193
2022-02-18,29059.0,30314.0,29059.0,29928.0,122605
2022-02-21,29542.0,29686.0,28383.0,29397.0,205654
2022-02-22,28914.0,28914.0,28480.0,28625.0,136220
2022-02-23,28721.0,29638.0,28721.0,28818.0,98563
2022-02-24,28914.0,28914.0,27755.0,28142.0,132185
2022-02-25,29348.0,29735.0,28528.0,29252.0,132842
2022-02-28,29059.0,29155.0,28431.0,28818.0,99356
2022-03-02,28769.0,29252.0,28673.0,28818.0,77509
2022-03-03,28866.0,29928.0,28721.0,29928.0,174663
2022-03-04,29735.0,29879.0,28673.0,28770.0,152455
2022-03-07,28480.0,28769.0,27804.0,27901.0,132560
2022-03-08,27369.0,28286.0,27176.0,27853.0,126653
2022-03-10,28673.0,29493.0,28383.0,29494.0,246799
2022-03-11,29204.0,29638.0,28817.0,29301.0,104477
2022-03-14,29155.0,29590.0,28142.0,28190.0,128445
2022-03-15,28383.0,29059.0,27852.0,28721.0,90196
2022-03-16,29011.0,29590.0,28962.0,29397.0,136723
2022-03-17,29783.0,29783.0,29252.0,29687.0,149360
2022-03-18,29204.0,29348.0,28093.0,28577.0,335164
2022-03-21,28721.0,28721.0,27852.0,27949.0,152407
2022-03-22,27900.0,28093.0,27659.0,27901.0,152499
2022-03-23,27949.0,28238.0,27369.0,27466.0,178565
2022-03-24,27514.0,27707.0,27031.0,27466.0,151419
2022-03-25,27514.0,28673.0,27514.0,27853.0,151965
2022-03-28,28142.0,28142.0,26983.0,27080.0,182302
2022-03-29,27176.0,27755.0,27031.0,27418.0,110288
2022-03-30,27466.0,27900.0,27225.0,27322.0,108292
2022-03-31,27369.0,27514.0,27031.0,27080.0,127139
2022-04-01,27031.0,27031.0,25969.0,26453.0,308214
2022-04-04,27128.0,27225.0,26452.0,26791.0,188083
2022-04-05,26790.0,27080.0,26500.0,26549.0,87263
2022-04-06,26597.0,26597.0,25873.0,26018.0,157771
2022-04-07,25680.0,25921.0,25294.0,25584.0,161654
2022-04-08,25632.0,26259.0,25535.0,26260.0,134397
2022-04-11,26114.0,26114.0,25197.0,25246.0,151840
2022-04-12,25004.0,25245.0,24183.0,24474.0,203530
2022-04-13,24328.0,25294.0,24328.0,25294.0,131811
2022-04-14,25342.0,25921.0,25101.0,25439.0,91533
2022-04-15,25101.0,25680.0,24666.0,25198.0,102585
2022-04-18,25197.0,25438.0,24666.0,25198.0,64641
2022-04-19,25245.0,26211.0,25197.0,25970.0,129484
2022-04-20,26018.0,26500.0,25487.0,26066.0,114506
2022-04-21,25873.0,26404.0,25294.0,25342.0,93823
2022-04-22,25101.0,25294.0,24714.0,24860.0,84086
2022-04-25,24618.0,24763.0,24039.0,24329.0,184022
2022-04-26,24521.0,25776.0,24280.0,25439.0,164881
2022-04-27,24618.0,26307.0,24618.0,25632.0,165484
2022-04-28,25825.0,26018.0,25390.0,25873.0,84463
2022-04-29,25583.0,26307.0,25487.0,26308.0,92090
2022-05-02,25969.0,26356.0,25632.0,26066.0,92261
2022-05-03,25825.0,26356.0,25535.0,25970.0,79465
2022-05-04,26018.0,26018.0,25197.0,25246.0,95485
2022-05-06,24666.0,25052.0,24425.0,24763.0,106525
2022-05-09,24473.0,24714.0,24232.0,24329.0,132293
2022-05-10,24039.0,24135.0,22977.0,23991.0,239587
2022-05-11,23411.0,24618.0,23266.0,24474.0,112193
2022-05-12,23652.0,24183.0,23604.0,24136.0,150647
2022-05-13,24232.0,24473.0,23942.0,24474.0,108472
2022-05-16,24280.0,24714.0,23942.0,24232.0,101172
2022-05-17,24087.0,24618.0,23652.0,24087.0,119383
2022-05-18,23990.0,24859.0,23846.0,24860.0,120836
2022-05-19,24087.0,25294.0,24039.0,24618.0,110198
2022-05-20,24473.0,27224.0,24473.0,27032.0,582429
2022-05-23,26838.0,28673.0,26694.0,28287.0,473847
2022-05-24,28045.0,28721.0,27900.0,27901.0,215367
2022-05-25,27804.0,28480.0,27707.0,28094.0,157017
2022-05-26,28093.0,28335.0,27128.0,27418.0,135383
2022-05-27,27562.0,27852.0,26790.0,27128.0,166187
2022-05-30,27176.0,28962.0,27176.0,28625.0,241264
2022-05-31,28673.0,28673.0,27949.0,28335.0,167727
2022-06-02,28142.0,28335.0,27128.0,27853.0,142054
2022-06-03,27949.0,28576.0,27225.0,27853.0,217990
2022-06-07,27466.0,27900.0,26452.0,26646.0,154931
2022-06-08,26790.0,27611.0,26549.0,27128.0,146719
2022-06-09,27176.0,27176.0,26452.0,26887.0,110779
2022-06-10,26838.0,27031.0,26259.0,26597.0,91731
2022-06-13,25825.0,26114.0,25101.0,25198.0,154527
2022-06-14,24280.0,25390.0,24280.0,25149.0,176765
2022-06-15,25004.0,25197.0,23652.0,23894.0,150780
2022-06-16,24135.0,25004.0,23556.0,24136.0,140793
2022-06-17,24087.0,24232.0,23170.0,23894.0,267818
2022-06-20,24087.0,24232.0,23025.0,24039.0,170817
2022-06-21,23701.0,23990.0,23218.0,23605.0,177664
2022-06-22,23652.0,23652.0,22446.0,23460.0,248302
2022-06-23,23025.0,24087.0,22397.0,22977.0,245215
2022-06-24,23218.0,24425.0,22784.0,24184.0,196249
2022-06-27,23990.0,24956.0,23604.0,24522.0,139831
2022-06-28,24618.0,24811.0,24183.0,24618.0,51538
2022-06-29,24232.0,25776.0,24039.0,25294.0,137769
2022-06-30,25101.0,27369.0,24811.0,26791.0,344489
2022-07-01,26790.0,27128.0,25921.0,25970.0,144730
2022-07-04,25921.0,26018.0,25004.0,25391.0,125406
2022-07-05,25873.0,26645.0,25438.0,26549.0,115552
2022-07-06,25921.0,27321.0,25921.0,26597.0,117881
2022-07-07,26307.0,27369.0,26307.0,27225.0,101037
2022-07-08,27225.0,27466.0,26597.0,27177.0,108598
2022-07-11,27080.0,28576.0,26983.0,27322.0,222879
2022-07-12,26983.0,27804.0,26742.0,27080.0,118693
2022-07-13,27418.0,28190.0,26935.0,27466.0,159453
2022-07-14,27080.0,27321.0,26549.0,26791.0,156246
2022-07-15,26935.0,27562.0,26404.0,27032.0,103518
2022-07-18,27707.0,27755.0,26935.0,27128.0,72851
2022-07-19,26935.0,27900.0,26935.0,27611.0,78273
2022-07-20,27755.0,27755.0,26887.0,27032.0,66045
2022-07-21,27080.0,27321.0,26694.0,26839.0,67823
2022-07-22,26597.0,26887.0,26404.0,26404.0,68226
2022-07-25,26163.0,26645.0,26114.0,26308.0,47947
2022-07-26,26066.0,26549.0,25969.0,26356.0,54941
2022-07-27,26404.0,26983.0,26163.0,26646.0,38820
2022-07-28,26838.0,27176.0,26645.0,26935.0,65320
2022-07-29,27080.0,27466.0,26838.0,27370.0,80034
2022-08-01,27176.0,27224.0,26500.0,26597.0,60485
2022-08-02,26356.0,26549.0,25487.0,26066.0,144078
2022-08-03,25632.0,26597.0,25583.0,26356.0,72981
2022-08-04,26549.0,28673.0,26356.0,28673.0,473868
2022-08-05,28624.0,29397.0,28238.0,29108.0,331736
2022-08-08,29300.0,29590.0,27755.0,27949.0,318258
2022-08-09,27611.0,27997.0,27321.0,27611.0,139101
2022-08-10,27321.0,27804.0,26645.0,26646.0,154994
2022-08-11,26983.0,27562.0,26645.0,27273.0,176218
2022-08-12,27031.0,27369.0,26645.0,26646.0,131815
2022-08-16,26645.0,26983.0,25680.0,25922.0,204478
2022-08-17,25921.0,25969.0,25052.0,25391.0,181480
2022-08-18,25149.0,25197.0,24618.0,24763.0,152340
2022-08-19,24763.0,25052.0,24328.0,24618.0,156125
2022-08-22,24376.0,24570.0,23942.0,23943.0,137974
2022-08-23,23942.0,24521.0,23846.0,23894.0,156537
2022-08-24,23990.0,24135.0,23121.0,23315.0,227138
2022-08-25,23411.0,23894.0,23266.0,23508.0,123013
2022-08-26,23556.0,23846.0,23170.0,23170.0,292041
2022-08-29,18825.0,20032.0,16991.0,17378.0,1783749
2022-08-30,17570.0,18825.0,17232.0,18729.0,644171
2022-08-31,18487.0,19887.0,18246.0,19598.0,292777
2022-09-01,19163.0,19598.0,18825.0,18971.0,206426
2022-09-02,19163.0,19405.0,18777.0,18971.0,144241
2022-09-05,18825.0,19356.0,18391.0,18729.0,149191
2022-09-06,18825.0,19115.0,18439.0,18536.0,129977
2022-09-07,18536.0,18536.0,17812.0,18053.0,166244
2022-09-08,18343.0,18680.0,18198.0,18343.0,135086
2022-09-13,18632.0,19260.0,18487.0,18778.0,101950
2022-09-14,18150.0,18825.0,17860.0,18295.0,112877
2022-09-15,18825.0,18825.0,18053.0,18053.0,74295
2022-09-16,17812.0,18391.0,17763.0,18053.0,75028
2022-09-19,18053.0,18294.0,17715.0,17812.0,111363
2022-09-20,18246.0,18536.0,17812.0,18053.0,79000
2022-09-21,17812.0,18391.0,17763.0,18198.0,103551
2022-09-22,17763.0,18874.0,17763.0,18633.0,155264
2022-09-23,18680.0,18680.0,18149.0,18488.0,180145
2022-09-26,17956.0,18777.0,17812.0,18150.0,289335
2022-09-27,17700.0,18700.0,17700.0,18700.0,129523
2022-09-28,18300.0,19000.0,17950.0,18650.0,151655
2022-09-29,18850.0,19700.0,18700.0,19100.0,166345
2022-09-30,18950.0,19050.0,18250.0,18500.0,129280
2022-10-04,18700.0,19150.0,18550.0,18650.0,79904
2022-10-05,18750.0,18950.0,18450.0,18600.0,117676
2022-10-06,18750.0,19350.0,18550.0,19000.0,128312
2022-10-07,18850.0,19800.0,18750.0,19500.0,194695
2022-10-11,19200.0,20700.0,19200.0,20450.0,305598
2022-10-12,20550.0,22250.0,20150.0,21750.0,417093
2022-10-13,21350.0,22100.0,20900.0,21750.0,322160
2022-10-14,22450.0,22700.0,19700.0,19850.0,529001
2022-10-17,19650.0,19750.0,18000.0,18950.0,375943
2022-10-18,18900.0,18900.0,18300.0,18700.0,166370
2022-10-19,18650.0,18650.0,18000.0,18200.0,131882
2022-10-20,18000.0,18550.0,17900.0,18300.0,131964
2022-10-21,18100.0,18200.0,16800.0,17200.0,237232
2022-10-24,17500.0,18000.0,17400.0,17900.0,171388
2022-10-25,17600.0,18100.0,17350.0,17400.0,70655
2022-10-26,17400.0,17750.0,17200.0,17400.0,84708
2022-10-27,17550.0,18100.0,17450.0,17800.0,112732
2022-10-28,17600.0,18350.0,17600.0,17800.0,101840
2022-10-31,17850.0,18250.0,17650.0,18200.0,81624
2022-11-01,18200.0,18300.0,17850.0,17950.0,96248
2022-11-02,17900.0,18250.0,17300.0,17300.0,268850
2022-11-03,17200.0,17300.0,16250.0,16300.0,207020
2022-11-04,16150.0,16650.0,15850.0,16150.0,136859
2022-11-07,16350.0,16800.0,16200.0,16250.0,239995
2022-11-08,16300.0,17200.0,16250.0,16900.0,136896
2022-11-09,17050.0,17050.0,16050.0,16450.0,221771
2022-11-10,16150.0,16650.0,16050.0,16300.0,117472
2022-11-11,16900.0,17700.0,16850.0,17600.0,274998
2022-11-14,17550.0,17850.0,17300.0,17500.0,133968
2022-11-15,17500.0,20850.0,17500.0,20500.0,793300
2022-11-16,20250.0,21400.0,20050.0,20400.0,273277
2022-11-17,20200.0,20600.0,19400.0,19500.0,187506
2022-11-18,19500.0,20100.0,19250.0,19450.0,82352
2022-11-21,19450.0,19950.0,18450.0,18500.0,159182
2022-11-22,18250.0,18700.0,18100.0,18300.0,103502
2022-11-23,18300.0,18650.0,18200.0,18450.0,77018
2022-11-24,18300.0,18700.0,18050.0,18400.0,141559
2022-11-25,18450.0,18450.0,17500.0,17500.0,169878
2022-11-28,17450.0,18450.0,17400.0,18300.0,321251
2022-11-29,18100.0,20150.0,17950.0,19500.0,270957
2022-11-30,19250.0,20300.0,18500.0,20050.0,408240
2022-12-01,20450.0,21900.0,19200.0,19400.0,686990
2022-12-02,19400.0,19550.0,18450.0,19150.0,317818
2022-12-05,19600.0,21200.0,19250.0,20700.0,625201
2022-12-06,20350.0,20550.0,19200.0,19250.0,331286
2022-12-07,19100.0,20400.0,19050.0,19550.0,221416
2022-12-08,20150.0,20200.0,19150.0,19200.0,235265
2022-12-09,19300.0,20100.0,19150.0,19750.0,203557
2022-12-12,19700.0,19850.0,18800.0,18900.0,190317
2022-12-13,19050.0,19300.0,18500.0,18700.0,104121
2022-12-14,18600.0,19300.0,18600.0,18950.0,148187
2022-12-15,18550.0,18900.0,18350.0,18550.0,114834
2022-12-16,18150.0,18500.0,18050.0,18150.0,121136
2022-12-19,18150.0,18350.0,17800.0,18150.0,87546
2022-12-20,18200.0,18250.0,16950.0,17200.0,210939
2022-12-21,17500.0,17850.0,17300.0,17550.0,120254
2022-12-22,17700.0,18350.0,17700.0,18150.0,145404
2022-12-23,17750.0,17750.0,16900.0,17300.0,275263
2022-12-26,17400.0,17950.0,17150.0,17800.0,216790
2022-12-27,17950.0,18650.0,17700.0,17950.0,385387
2022-12-28,17700.0,17900.0,17350.0,17400.0,251369
2022-12-29,17250.0,17600.0,16800.0,17300.0,235149
2023-01-02,17700.0,18250.0,17200.0,17350.0,312530
2023-01-03,17150.0,17550.0,16750.0,16800.0,166349
2023-01-04,16500.0,16850.0,16100.0,16500.0,286102
2023-01-05,16450.0,16800.0,16300.0,16500.0,152155
2023-01-06,16450.0,16850.0,16100.0,16550.0,157644
2023-01-09,16600.0,17400.0,16600.0,17200.0,168424
2023-01-10,17200.0,17450.0,16650.0,16700.0,153429
2023-01-11,16950.0,17600.0,16850.0,17450.0,191186
2023-01-12,17550.0,18250.0,17100.0,18000.0,223435
2023-01-13,17900.0,18600.0,17750.0,17950.0,186061
2023-01-16,18250.0,18350.0,17700.0,18350.0,192112
2023-01-17,18350.0,18350.0,17400.0,17400.0,182818
2023-01-18,17400.0,17850.0,17300.0,17500.0,143294
2023-01-19,17100.0,17600.0,17050.0,17500.0,64963
2023-01-20,17250.0,18050.0,17250.0,17950.0,117607
2023-01-25,18050.0,18600.0,17780.0,18160.0,106100
2023-01-26,18170.0,18870.0,18050.0,18470.0,265544
2023-01-27,18480.0,19200.0,18280.0,18810.0,220843
2023-01-30,18780.0,18900.0,18060.0,18380.0,164749
2023-01-31,18380.0,19300.0,18290.0,19150.0,511523
2023-02-01,19150.0,20400.0,18970.0,19760.0,375863
2023-02-02,19730.0,20100.0,19530.0,19690.0,188603
2023-02-03,19690.0,21150.0,19500.0,20850.0,432371
2023-02-06,20650.0,20650.0,19550.0,19900.0,425043
2023-02-07,20050.0,21200.0,19820.0,20950.0,345006
2023-02-08,21100.0,22150.0,21000.0,21950.0,536291
2023-02-09,21500.0,22100.0,21200.0,21800.0,228637
2023-02-10,21650.0,21650.0,20950.0,21500.0,238710
2023-02-13,21400.0,21600.0,20700.0,21000.0,157148
2023-02-14,21500.0,21700.0,21150.0,21550.0,139771
2023-02-15,21450.0,21600.0,20850.0,20850.0,172289
2023-02-16,20900.0,21950.0,20900.0,21200.0,260732
2023-02-17,20850.0,21050.0,20400.0,20700.0,146407
2023-02-20,20700.0,22650.0,20450.0,22300.0,340430
2023-02-21,22150.0,22150.0,21100.0,21350.0,231844
2023-02-22,21350.0,21350.0,20400.0,20650.0,235980
2023-02-23,20750.0,21300.0,20650.0,20950.0,136645
2023-02-24,19600.0,19800.0,16800.0,18220.0,1767875
2023-02-27,18020.0,18370.0,17560.0,18170.0,256113
2023-02-28,18110.0,18290.0,17620.0,17960.0,343194
2023-03-02,18000.0,18130.0,17580.0,17620.0,168421
2023-03-03,17730.0,18160.0,17730.0,18100.0,211405
2023-03-06,18100.0,18130.0,17670.0,17780.0,164214
2023-03-07,17940.0,18750.0,17660.0,18600.0,335699
2023-03-08,18470.0,18480.0,18030.0,18230.0,186537
2023-03-09,18260.0,19270.0,18230.0,19270.0,288225
2023-03-10,19120.0,19120.0,18680.0,18860.0,208343
2023-03-13,18860.0,19030.0,18220.0,18770.0,132141
2023-03-14,18400.0,18770.0,18010.0,18040.0,153194
2023-03-15,18300.0,18560.0,18010.0,18320.0,118615
2023-03-16,18010.0,19810.0,18000.0,18550.0,574271
2023-03-17,18430.0,18980.0,18120.0,18960.0,251583
2023-03-20,18960.0,19200.0,18750.0,18950.0,152614
2023-03-21,18980.0,19460.0,18600.0,18980.0,163081
2023-03-22,19050.0,19340.0,18840.0,19090.0,86178
2023-03-23,18980.0,18990.0,18320.0,18460.0,193051
2023-03-24,18500.0,18720.0,17710.0,17990.0,205314
2023-03-27,18080.0,18300.0,17390.0,18200.0,178605
2023-03-28,18220.0,18440.0,17770.0,17840.0,143916
2023-03-29,17840.0,18040.0,17650.0,17680.0,138111
2023-03-30,17690.0,18150.0,17300.0,17900.0,210861
2023-03-31,17950.0,18170.0,17660.0,18130.0,102199
2023-04-03,17910.0,18370.0,17000.0,17440.0,351325
2023-04-04,17440.0,18300.0,17220.0,18300.0,310629
2023-04-05,18300.0,19650.0,17960.0,19190.0,453003
2023-04-06,19190.0,19410.0,18650.0,18790.0,241414
2023-04-07,18790.0,21200.0,18380.0,21000.0,679753
2023-04-10,22000.0,24150.0,21000.0,24150.0,1418766
2023-04-11,24300.0,25650.0,23750.0,25400.0,970392
2023-04-12,25300.0,26100.0,25000.0,25850.0,652078
2023-04-13,25650.0,27250.0,24900.0,25750.0,713273
2023-04-14,25900.0,25900.0,23250.0,23600.0,1305752
2023-04-17,24550.0,24800.0,23400.0,24450.0,926910
2023-04-18,24700.0,25400.0,24200.0,24750.0,579519
2023-04-19,24100.0,24200.0,21500.0,22750.0,1245440
2023-04-20,22450.0,23050.0,22150.0,22600.0,433570
2023-04-21,22400.0,22750.0,22100.0,22350.0,166940
2023-04-24,22350.0,22850.0,21850.0,22650.0,168527
2023-04-25,22600.0,22750.0,22100.0,22450.0,211254
2023-04-26,22200.0,23050.0,22050.0,22600.0,209159
2023-04-27,22500.0,22700.0,21400.0,21950.0,272414
2023-04-28,21850.0,21900.0,20750.0,21200.0,475017
2023-05-02,21450.0,21850.0,21100.0,21800.0,150298
2023-05-03,21550.0,21750.0,21050.0,21150.0,135469
2023-05-04,21250.0,22600.0,21250.0,22200.0,238027
2023-05-08,22550.0,22900.0,21800.0,22200.0,219801
2023-05-09,22500.0,22900.0,21950.0,22000.0,1076640
2023-05-10,22150.0,22150.0,21450.0,21750.0,1618842
2023-05-11,22150.0,22350.0,21800.0,22200.0,166396
2023-05-12,22050.0,22050.0,20750.0,21900.0,261780
2023-05-15,21850.0,22600.0,21450.0,22250.0,169597
2023-05-16,22550.0,22750.0,21900.0,22400.0,165391
2023-05-17,22700.0,24550.0,22200.0,24500.0,473550
2023-05-18,24450.0,24750.0,23450.0,23700.0,265548
2023-05-19,23500.0,24300.0,23400.0,24200.0,140386
2023-05-22,24200.0,25400.0,23950.0,25350.0,311522
2023-05-23,25250.0,25550.0,24500.0,25400.0,345658
2023-05-24,24900.0,24900.0,24150.0,24650.0,189847
2023-05-25,24650.0,25650.0,24600.0,24900.0,281566
2023-05-26,25500.0,26000.0,24300.0,24500.0,435692
2023-05-30,24800.0,25150.0,24250.0,24600.0,186383
2023-05-31,24600.0,24600.0,23300.0,23600.0,361354
2023-06-01,23600.0,24750.0,23500.0,24350.0,242311
2023-06-02,24500.0,24850.0,24100.0,24550.0,128952
2023-06-05,24600.0,24700.0,23600.0,24200.0,179513
2023-06-07,24200.0,24650.0,23650.0,23700.0,168978
2023-06-08,24050.0,24050.0,23400.0,23800.0,195201
2023-06-09,23800.0,23950.0,22950.0,23650.0,183229
2023-06-12,23600.0,23600.0,22950.0,23600.0,152109
2023-06-13,23700.0,24050.0,23200.0,23750.0,176013
2023-06-14,23650.0,23750.0,22400.0,22650.0,302346
2023-06-15,22600.0,22900.0,22050.0,22200.0,160628
2023-06-16,22600.0,23400.0,22550.0,22950.0,170929
2023-06-19,22900.0,22900.0,22200.0,22400.0,87103
2023-06-20,22200.0,22600.0,21000.0,22250.0,235296
2023-06-21,22050.0,22550.0,21750.0,22150.0,131669
2023-06-22,22000.0,22250.0,21600.0,21700.0,65657
2023-06-23,21700.0,22150.0,21600.0,21650.0,91820
2023-06-26,21550.0,21950.0,21350.0,21450.0,92568
2023-06-27,21350.0,22500.0,21300.0,22050.0,150896
2023-06-28,22050.0,23250.0,21900.0,22500.0,186101
2023-06-29,22650.0,23200.0,22500.0,23100.0,217533
2023-06-30,23150.0,24250.0,22150.0,23200.0,396714
2023-07-03,23450.0,23550.0,22150.0,22550.0,253154
2023-07-04,22100.0,22550.0,21700.0,22050.0,142822
2023-07-05,21850.0,22400.0,21650.0,21650.0,132357
2023-07-06,21650.0,21750.0,19870.0,20950.0,355143
2023-07-07,20900.0,20950.0,20000.0,20750.0,163808
2023-07-10,20550.0,20600.0,20050.0,20350.0,173040
2023-07-11,20350.0,20950.0,20200.0,20650.0,172720
2023-07-12,20450.0,20900.0,20100.0,20800.0,146548
2023-07-13,21250.0,21450.0,20800.0,20850.0,128690
2023-07-14,20650.0,20950.0,20200.0,20350.0,184621
2023-07-17,20200.0,20750.0,20000.0,20400.0,152949
2023-07-18,20400.0,21100.0,19980.0,20150.0,172786
2023-07-19,20350.0,20950.0,20100.0,20950.0,166992
2023-07-20,20900.0,21750.0,20650.0,21200.0,176491
2023-07-21,20900.0,27050.0,20850.0,26050.0,2886493
2023-07-24,26200.0,28100.0,26100.0,27900.0,1538122
2023-07-25,27950.0,29450.0,26950.0,27150.0,1088745
2023-07-26,26800.0,29050.0,26300.0,27600.0,1146087
2023-07-27,27500.0,31350.0,27400.0,31300.0,1790408
2023-07-28,31100.0,32250.0,30600.0,31950.0,833153
2023-07-31,33250.0,35300.0,32800.0,34650.0,1347503
2023-08-01,34700.0,36000.0,34000.0,35000.0,843434
2023-08-02,34700.0,35300.0,32400.0,33700.0,769012
2023-08-03,33450.0,35600.0,30000.0,32100.0,1487978
2023-08-04,32350.0,33250.0,31550.0,32250.0,447128
2023-08-07,32350.0,33600.0,31500.0,31950.0,447171
2023-08-08,32000.0,34900.0,31650.0,33900.0,763359
2023-08-09,33800.0,34850.0,33150.0,33950.0,533180
2023-08-10,34000.0,34700.0,33200.0,33550.0,399979
2023-08-11,33550.0,33750.0,32550.0,33300.0,384914
2023-08-14,33450.0,33950.0,32250.0,32600.0,390152
2023-08-16,32250.0,32900.0,31800.0,32600.0,340094
2023-08-17,32400.0,32400.0,28250.0,30050.0,1012210
2023-08-18,29900.0,31500.0,29500.0,30600.0,257061
2023-08-21,30550.0,32050.0,30550.0,31150.0,274948
2023-08-22,31650.0,31800.0,30100.0,30700.0,283634
2023-08-23,30200.0,31300.0,30200.0,30550.0,245528
2023-08-24,30950.0,31400.0,30000.0,30900.0,243793
2023-08-25,30300.0,30700.0,29700.0,30450.0,223878
2023-08-28,30800.0,30800.0,27350.0,28800.0,761996
2023-08-29,28800.0,29250.0,28400.0,29100.0,243853
2023-08-30,29600.0,29600.0,29050.0,29400.0,170280
2023-08-31,31000.0,31500.0,27450.0,28000.0,972425
2023-09-01,27800.0,28300.0,26700.0,26800.0,593007
2023-09-04,27000.0,28200.0,26900.0,27650.0,254897
2023-09-05,27600.0,27600.0,26700.0,27150.0,242672
2023-09-06,27100.0,29450.0,26800.0,28550.0,508468
2023-09-07,29400.0,30450.0,26900.0,27200.0,636096
2023-09-08,27800.0,29300.0,27450.0,29200.0,546067
2023-09-11,30000.0,33550.0,28150.0,31400.0,1977207
2023-09-12,32450.0,34200.0,30000.0,30350.0,1446998
2023-09-13,30650.0,30650.0,28100.0,28300.0,708398
2023-09-14,28850.0,29000.0,28100.0,28350.0,395286
2023-09-15,29050.0,29450.0,28150.0,28850.0,413723
2023-09-18,28500.0,29650.0,28050.0,28200.0,334753
2023-09-19,28700.0,29550.0,28200.0,28500.0,321964
2023-09-20,28700.0,28700.0,27150.0,28000.0,300139
2023-09-21,27800.0,27900.0,26900.0,27300.0,254760
2023-09-22,26700.0,27200.0,26300.0,26800.0,305213
2023-09-25,26900.0,27950.0,26900.0,27200.0,209226
2023-09-26,27350.0,27600.0,26500.0,27300.0,179956
2023-09-27,27300.0,29500.0,27150.0,29200.0,587778
2023-10-04,32000.0,32800.0,28900.0,29350.0,1301761
2023-10-05,30100.0,30450.0,27750.0,27850.0,598074
2023-10-06,28300.0,30150.0,27950.0,29750.0,520303
2023-10-10,30300.0,30700.0,28750.0,28900.0,418644
2023-10-11,29500.0,29900.0,28800.0,29450.0,251702
2023-10-12,30150.0,30500.0,27700.0,29000.0,644501
2023-10-13,30850.0,31300.0,26550.0,27100.0,1810931
2023-10-16,26850.0,27400.0,25600.0,26650.0,526016
2023-10-17,26900.0,27000.0,25650.0,25900.0,500213
2023-10-18,23550.0,23650.0,18150.0,20500.0,2506139
2023-10-19,20750.0,22200.0,20550.0,20800.0,1067080
2023-10-20,20250.0,23100.0,20250.0,21850.0,1100143
2023-10-23,22100.0,22300.0,20700.0,21850.0,622220
2023-10-24,21050.0,21150.0,18300.0,19670.0,1715984
2023-10-25,19500.0,19940.0,19030.0,19250.0,567913
2023-10-26,18670.0,19220.0,18350.0,19030.0,744305
2023-10-27,19230.0,19510.0,18650.0,19060.0,345627
2023-10-30,19030.0,19180.0,18540.0,19100.0,263418
2023-10-31,19110.0,19350.0,18330.0,19000.0,364844
2023-11-01,18800.0,19140.0,18430.0,18980.0,292567
2023-11-02,19190.0,19850.0,19020.0,19710.0,368070
2023-11-03,19720.0,19730.0,19130.0,19400.0,217863
2023-11-06,19720.0,21350.0,19660.0,21100.0,501307
2023-11-07,21100.0,21600.0,20700.0,20900.0,408733
2023-11-08,21050.0,21500.0,20800.0,21150.0,198201
2023-11-09,21050.0,21300.0,20300.0,20500.0,210567
2023-11-10,20050.0,20450.0,19910.0,20150.0,125858
2023-11-13,20650.0,20650.0,19490.0,19520.0,159970
2023-11-14,19680.0,19910.0,19500.0,19670.0,98720
2023-11-15,19920.0,20350.0,19820.0,20350.0,151603
2023-11-16,20350.0,20700.0,20000.0,20300.0,138403
2023-11-17,20250.0,20250.0,19640.0,19700.0,134797
2023-11-20,19630.0,19900.0,19170.0,19760.0,147830
2023-11-21,19810.0,19820.0,19220.0,19590.0,189131
2023-11-22,19390.0,19610.0,19060.0,19220.0,172929
2023-11-23,19250.0,19430.0,19050.0,19370.0,88407
2023-11-24,19370.0,19450.0,19140.0,19150.0,83777
2023-11-27,19310.0,19340.0,18750.0,19080.0,129552
2023-11-28,19040.0,19290.0,18990.0,19200.0,93450
2023-11-29,19140.0,19190.0,18830.0,19120.0,110516
2023-11-30,19100.0,19240.0,18800.0,19100.0,156929
2023-12-01,19000.0,19190.0,18700.0,19030.0,175668
2023-12-04,19180.0,19180.0,18000.0,18750.0,311765
2023-12-05,18740.0,19820.0,18330.0,19400.0,323165
2023-12-06,19300.0,20650.0,18930.0,20150.0,283585
2023-12-07,20150.0,20700.0,19850.0,20000.0,266436
2023-12-08,20200.0,20350.0,19820.0,20150.0,108379
2023-12-11,20300.0,20350.0,19990.0,20150.0,108547
2023-12-12,20150.0,20450.0,19980.0,20150.0,118799
2023-12-13,20150.0,20400.0,19710.0,19710.0,141175
2023-12-14,19930.0,20550.0,19930.0,20550.0,302867
2023-12-15,20700.0,21200.0,20350.0,20650.0,219393
2023-12-18,20950.0,21550.0,20600.0,20800.0,163534
2023-12-19,20500.0,21550.0,20450.0,21300.0,212286
2023-12-20,21500.0,22150.0,21350.0,22050.0,270636
2023-12-21,22000.0,23300.0,21700.0,22300.0,453653
2023-12-22,22800.0,23200.0,22000.0,22400.0,284515
2023-12-26,22950.0,23000.0,21100.0,22100.0,352242
2023-12-27,22100.0,24000.0,22000.0,23700.0,527003
2023-12-28,23650.0,23650.0,23000.0,23050.0,212247
2024-01-02,22900.0,23300.0,22400.0,23000.0,178491
2024-01-03,22750.0,23100.0,22400.0,22550.0,208864
2024-01-04,22550.0,22550.0,21400.0,21450.0,212781
2024-01-05,21500.0,21850.0,21150.0,21550.0,123345
2024-01-08,21450.0,21450.0,20850.0,21200.0,183907
2024-01-09,21350.0,22000.0,21350.0,21600.0,122911
2024-01-10,21750.0,21800.0,21000.0,21050.0,105921
2024-01-11,21250.0,21600.0,20950.0,21350.0,78087
2024-01-12,21500.0,21550.0,20650.0,20750.0,138010
2024-01-15,20700.0,21000.0,20300.0,20800.0,74471
2024-01-16,20750.0,20950.0,20100.0,20200.0,87402
2024-01-17,20400.0,20450.0,19880.0,20200.0,98233
2024-01-18,20500.0,20500.0,19810.0,20200.0,92524
2024-01-19,20400.0,20700.0,19960.0,20100.0,102564
2024-01-22,20300.0,20550.0,19960.0,20050.0,110528
2024-01-23,20200.0,20800.0,20000.0,20100.0,101541
2024-01-24,20150.0,20200.0,19880.0,19950.0,96142
2024-01-25,19870.0,20300.0,19410.0,20100.0,112927
2024-01-26,20100.0,20150.0,19810.0,19990.0,101662
2024-01-29,20050.0,20200.0,18980.0,19520.0,209072
2024-01-30,19520.0,19560.0,19000.0,19320.0,112263
2024-01-31,19290.0,19290.0,18810.0,19100.0,108016
2024-02-01,19080.0,19150.0,18540.0,19100.0,132792
2024-02-02,19250.0,19910.0,19100.0,19660.0,156944
2024-02-05,19600.0,19650.0,19060.0,19060.0,67749
2024-02-06,19060.0,19060.0,18600.0,18830.0,139880
2024-02-07,19010.0,19180.0,18610.0,19180.0,83926
2024-02-08,19160.0,19160.0,18730.0,19110.0,99098
2024-02-13,19020.0,19570.0,18990.0,19570.0,114197
2024-02-14,19340.0,19410.0,18960.0,19130.0,127889
2024-02-15,19150.0,19210.0,18750.0,18980.0,137262
2024-02-16,18980.0,19230.0,18780.0,19040.0,105222
2024-02-19,19150.0,20500.0,19150.0,20200.0,409640
2024-02-20,20150.0,22950.0,19920.0,22050.0,1086908
2024-02-21,21700.0,23650.0,21350.0,21850.0,1022076
2024-02-22,22000.0,22800.0,21200.0,21500.0,331882
2024-02-23,21450.0,24350.0,21200.0,22850.0,1448718
2024-02-26,23650.0,24700.0,23200.0,23900.0,1210319
2024-02-27,24500.0,24500.0,22950.0,23100.0,631231
2024-02-28,23250.0,23350.0,22100.0,22850.0,475849
2024-02-29,22550.0,23000.0,21950.0,22150.0,347625
2024-03-04,22300.0,23900.0,22300.0,23750.0,469991
2024-03-05,23900.0,24750.0,22950.0,24000.0,659376
2024-03-06,23900.0,25850.0,23350.0,25100.0,1132095
2024-03-07,25500.0,25600.0,24050.0,24050.0,579516
2024-03-08,24100.0,26700.0,24000.0,26000.0,1021751
2024-03-11,27750.0,28800.0,26950.0,27850.0,1800211
2024-03-12,27650.0,30000.0,27300.0,28900.0,1366434
2024-03-13,29300.0,29900.0,27600.0,28450.0,904085
2024-03-14,27950.0,29450.0,27750.0,28000.0,493511
2024-03-15,27900.0,28600.0,26800.0,27250.0,549468
2024-03-18,27250.0,28400.0,27000.0,27950.0,425232
2024-03-19,27800.0,29150.0,27300.0,28000.0,449143
2024-03-20,28000.0,28200.0,26400.0,27200.0,422327
2024-03-21,28050.0,29300.0,27600.0,28600.0,918576
2024-03-22,29600.0,29600.0,28000.0,28100.0,523023
2024-03-25,28650.0,29800.0,28350.0,29450.0,749971
2024-03-26,29050.0,29150.0,27900.0,28300.0,610934
2024-03-27,28050.0,28250.0,26800.0,27900.0,502050
2024-03-28,27650.0,28550.0,27350.0,28150.0,224141
2024-03-29,28050.0,28350.0,27400.0,27600.0,235061
2024-04-01,27850.0,29800.0,27600.0,29050.0,701444
2024-04-02,29250.0,29300.0,27600.0,28050.0,509770
2024-04-03,27350.0,28000.0,26850.0,27400.0,398635
2024-04-04,27950.0,29000.0,27300.0,28350.0,374768
2024-04-05,27500.0,28550.0,27300.0,28250.0,227080
2024-04-08,28350.0,28350.0,25100.0,26500.0,666948
2024-04-09,26250.0,27600.0,26250.0,26650.0,257217
2024-04-11,25900.0,27150.0,25850.0,27150.0,169624
2024-04-12,27150.0,28500.0,26850.0,28350.0,297695
2024-04-15,28150.0,28500.0,27500.0,28150.0,242042
2024-04-16,27900.0,28500.0,27650.0,27850.0,255308
2024-04-17,28050.0,29400.0,27650.0,28500.0,416437
2024-04-18,28700.0,29100.0,28200.0,28750.0,246426
2024-04-19,28500.0,28750.0,27500.0,28050.0,214497
2024-04-22,28200.0,29950.0,28200.0,29500.0,548457
2024-04-23,29550.0,31400.0,29250.0,31200.0,789780
2024-04-24,31200.0,31500.0,30400.0,31050.0,426083
2024-04-25,30650.0,31100.0,29900.0,30200.0,291038
2024-04-26,30150.0,30600.0,29900.0,30200.0,216246
2024-04-29,30200.0,30900.0,30200.0,30850.0,168689
2024-04-30,30950.0,31750.0,30250.0,30650.0,298935
2024-05-02,30450.0,31150.0,29900.0,30650.0,259135
2024-05-03,30800.0,31400.0,30500.0,31150.0,206115
2024-05-07,31600.0,31650.0,29100.0,29400.0,440713
2024-05-08,29450.0,29950.0,28000.0,28900.0,502110
2024-05-09,28500.0,28850.0,28000.0,28500.0,241692
2024-05-10,28550.0,29300.0,28400.0,28950.0,215052
2024-05-13,29200.0,29250.0,28350.0,28500.0,148579
2024-05-14,28850.0,30700.0,28550.0,30200.0,343178
2024-05-16,30400.0,31500.0,30250.0,30900.0,342630
2024-05-17,30000.0,33800.0,29950.0,32800.0,1150562
2024-05-20,33400.0,33750.0,31000.0,33150.0,858912
2024-05-21,32900.0,35000.0,32900.0,34600.0,763718
2024-05-22,34800.0,35200.0,31200.0,32650.0,1064423
2024-05-23,32750.0,33850.0,32450.0,32600.0,409215
2024-05-24,32000.0,33550.0,31100.0,31200.0,468143
2024-05-27,32000.0,32000.0,30150.0,30700.0,303174
2024-05-28,30900.0,31850.0,30550.0,31050.0,208903
2024-05-29,31050.0,31050.0,30100.0,30300.0,201383
2024-05-30,30400.0,32050.0,29500.0,31300.0,215516
2024-05-31,31450.0,31600.0,29600.0,30600.0,381626
2024-06-03,31500.0,38600.0,31000.0,37300.0,3103828
2024-06-04,37500.0,37950.0,36300.0,36600.0,945594
2024-06-05,37000.0,38000.0,34900.0,37400.0,1179769
2024-06-07,37400.0,38350.0,36400.0,37500.0,577081
2024-06-10,37850.0,38500.0,34900.0,36000.0,813464
2024-06-11,36000.0,36150.0,34450.0,34450.0,554774
2024-06-12,35000.0,35000.0,33400.0,33400.0,397677
2024-06-13,34000.0,34400.0,33200.0,33350.0,371834
2024-06-14,33450.0,34550.0,32950.0,33050.0,361382
2024-06-17,33050.0,33400.0,32050.0,32900.0,300845
2024-06-18,32900.0,33650.0,32550.0,33200.0,243752
2024-06-19,33450.0,33700.0,32650.0,33400.0,337429
2024-06-20,33550.0,35200.0,33350.0,35050.0,527581
2024-06-21,35150.0,35300.0,34200.0,34650.0,312452
2024-06-24,34650.0,36300.0,34000.0,35450.0,413614
2024-06-25,35500.0,36300.0,34650.0,35150.0,359623
2024-06-26,35250.0,35700.0,34500.0,34500.0,262128
2024-06-27,34200.0,35700.0,34100.0,35450.0,269045
2024-06-28,35550.0,37950.0,35150.0,37550.0,600885
2024-07-01,37550.0,41800.0,37400.0,41400.0,1812886
2024-07-02,40950.0,41150.0,36400.0,36450.0,1405748
2024-07-03,37700.0,40550.0,36550.0,39750.0,1089160
2024-07-04,39200.0,42350.0,39000.0,42000.0,884959
2024-07-05,42000.0,44450.0,41100.0,42900.0,1178123
2024-07-08,43750.0,43750.0,40950.0,42000.0,555602
2024-07-09,41650.0,44250.0,41300.0,43100.0,496001
2024-07-10,43050.0,44600.0,41300.0,42900.0,772106
2024-07-11,42850.0,43350.0,41150.0,42350.0,395444
2024-07-12,41900.0,43950.0,41850.0,43650.0,687079
2024-07-15,43900.0,44600.0,43450.0,44100.0,463713
2024-07-16,44300.0,44900.0,43050.0,43400.0,444115
2024-07-17,43700.0,44600.0,41200.0,42600.0,492326
2024-07-18,42950.0,43300.0,41650.0,43100.0,499584
2024-07-19,42600.0,43100.0,41400.0,42000.0,255452
2024-07-22,41750.0,43250.0,41050.0,42350.0,315159
2024-07-23,42550.0,43050.0,41800.0,42050.0,241685
2024-07-24,41900.0,43300.0,41800.0,43200.0,217180
2024-07-25,42700.0,43600.0,40250.0,41200.0,464196
2024-07-26,41000.0,42050.0,40650.0,41250.0,225892
2024-07-29,41250.0,42150.0,40950.0,41700.0,170277
2024-07-30,41600.0,43850.0,41000.0,43450.0,415682
2024-07-31,43200.0,43550.0,39550.0,41450.0,633490
2024-08-01,41450.0,42650.0,40650.0,41450.0,199744
2024-08-02,41250.0,42000.0,40100.0,40350.0,254495
2024-08-05,39700.0,40200.0,34250.0,36550.0,571482
2024-08-06,38250.0,39800.0,37350.0,38800.0,349406
2024-08-07,38500.0,42000.0,38400.0,41350.0,398336
2024-08-08,40900.0,41700.0,40600.0,41100.0,170013
2024-08-09,42000.0,42000.0,40700.0,41550.0,171385
2024-08-12,41600.0,41850.0,37800.0,39050.0,720624
2024-08-13,39600.0,39750.0,37200.0,38300.0,402926
2024-08-14,38300.0,40300.0,37450.0,40250.0,568996
2024-08-16,41100.0,43700.0,40500.0,42950.0,806904
2024-08-19,42750.0,43300.0,41700.0,42200.0,474847
2024-08-20,42200.0,42200.0,39450.0,41450.0,942277
2024-08-21,44000.0,45850.0,36350.0,36900.0,4999424
2024-08-22,37400.0,38050.0,35550.0,35700.0,1862298
2024-08-23,35750.0,40500.0,35550.0,39950.0,3102201
2024-08-26,41500.0,41850.0,39100.0,40150.0,1719100
2024-08-27,39500.0,40350.0,37850.0,38250.0,952120
2024-08-28,38500.0,43200.0,37400.0,41350.0,5138922
2024-08-29,42550.0,43700.0,40800.0,40950.0,2521233
2024-08-30,40300.0,42200.0,39650.0,41950.0,1300481
2024-09-02,42700.0,42950.0,40500.0,41300.0,816124
2024-09-03,40700.0,42350.0,39700.0,39850.0,1273338
2024-09-04,38600.0,39500.0,37550.0,38050.0,675699
2024-09-05,38400.0,38500.0,35200.0,35550.0,843078
2024-09-06,34900.0,35650.0,32850.0,33900.0,913270
2024-09-09,33000.0,34900.0,32900.0,34650.0,467983
2024-09-10,34850.0,35600.0,33850.0,34350.0,364516
2024-09-11,34400.0,38200.0,34350.0,35600.0,915260
2024-09-12,36300.0,37300.0,35850.0,36250.0,392879
2024-09-13,36700.0,36900.0,35600.0,35700.0,247609
2024-09-19,36300.0,36650.0,35250.0,35750.0,351914
2024-09-20,35850.0,39450.0,35450.0,37600.0,1368946
2024-09-23,38000.0,38250.0,36700.0,37100.0,386311
2024-09-24,37350.0,38100.0,35650.0,36000.0,671393
2024-09-25,36050.0,36550.0,34000.0,34150.0,511265
2024-09-26,34150.0,34900.0,33900.0,34300.0,314177
2024-09-27,34000.0,34150.0,32700.0,32850.0,522487
2024-09-30,33850.0,35800.0,33850.0,34700.0,776629
2024-10-02,34400.0,34800.0,33900.0,33950.0,246336
2024-10-04,34000.0,38700.0,34000.0,38050.0,1440204
2024-10-07,39300.0,39300.0,37750.0,38200.0,693818
2024-10-08,37750.0,38550.0,37350.0,37450.0,375103
2024-10-10,37800.0,39100.0,37450.0,38950.0,867865
2024-10-11,38550.0,40000.0,38150.0,39800.0,684158
2024-10-14,40500.0,40500.0,38200.0,38700.0,577789
2024-10-15,38700.0,43600.0,38250.0,42250.0,2466933
2024-10-16,41850.0,42700.0,40800.0,42150.0,953230
2024-10-17,42150.0,42600.0,38100.0,39950.0,948832
2024-10-18,40150.0,40550.0,38750.0,40100.0,464345
2024-10-21,40050.0,40300.0,38500.0,39600.0,486764
2024-10-22,39250.0,39350.0,38050.0,38100.0,374408
2024-10-23,37600.0,38150.0,32500.0,33700.0,1800088
2024-10-24,31700.0,33150.0,31500.0,31550.0,1309197
2024-10-25,31150.0,31300.0,28450.0,28700.0,1508371
2024-10-28,29350.0,29900.0,28100.0,29200.0,598267
2024-10-29,29200.0,29300.0,27850.0,28950.0,449474
2024-10-30,28950.0,28950.0,28150.0,28400.0,237413
2024-10-31,28100.0,28450.0,27350.0,28300.0,350714
2024-11-01,27800.0,28000.0,27100.0,27500.0,288788
2024-11-04,27550.0,29050.0,27300.0,28250.0,389273
2024-11-05,28450.0,28450.0,27100.0,27200.0,217691
2024-11-06,27450.0,27550.0,26000.0,26800.0,391483
2024-11-07,26850.0,26850.0,25400.0,26150.0,341138
2024-11-08,26350.0,26850.0,25500.0,25950.0,305295
2024-11-11,25650.0,25700.0,24900.0,25650.0,305746
2024-11-12,25900.0,25900.0,24150.0,24300.0,364017
2024-11-13,24000.0,25100.0,24000.0,24400.0,378399
2024-11-14,25100.0,25750.0,23600.0,23600.0,302296
2024-11-15,23200.0,24000.0,23150.0,23850.0,219543
2024-11-18,23800.0,25150.0,23400.0,24350.0,270936
2024-11-19,24100.0,25050.0,24100.0,24450.0,140750
2024-11-20,24650.0,25350.0,23900.0,24550.0,228625
2024-11-21,24550.0,25000.0,24000.0,24450.0,180346
2024-11-22,24450.0,24950.0,23950.0,24050.0,195560
2024-11-25,24050.0,25000.0,24050.0,24800.0,177100
2024-11-26,24800.0,24800.0,23750.0,24100.0,167657
2024-11-27,24150.0,24750.0,23800.0,24600.0,114687
2024-11-28,25000.0,25200.0,24350.0,24350.0,124799
2024-11-29,24300.0,24400.0,23500.0,24000.0,159386
2024-12-02,24200.0,24550.0,22550.0,23350.0,165985
2024-12-03,23600.0,24000.0,23200.0,23800.0,213988
2024-12-04,23500.0,23550.0,22700.0,23250.0,182936
2024-12-05,23050.0,23850.0,22950.0,23400.0,108874
2024-12-06,23600.0,23600.0,21600.0,23050.0,222692
2024-12-09,22650.0,22700.0,21700.0,21700.0,236115
2024-12-10,21850.0,22600.0,21850.0,22450.0,196908
2024-12-11,22500.0,23150.0,22250.0,22400.0,186198
2024-12-12,22550.0,23250.0,22100.0,22900.0,306918
2024-12-13,22850.0,23650.0,22650.0,23300.0,178468
2024-12-16,23600.0,24600.0,23300.0,24350.0,304267
2024-12-17,24350.0,24450.0,23450.0,24400.0,256047
2024-12-18,24750.0,25300.0,24150.0,25050.0,243747
2024-12-19,24750.0,25000.0,24350.0,24350.0,174411
2024-12-20,24100.0,24850.0,23650.0,23850.0,180177
2024-12-23,24950.0,25700.0,23900.0,24450.0,312199
2024-12-24,24500.0,24800.0,24000.0,24300.0,154826
2024-12-26,24300.0,24850.0,23400.0,23650.0,350309
2024-12-27,23500.0,23600.0,22800.0,23450.0,186063
2024-12-30,23450.0,24850.0,23200.0,24350.0,159740
2025-01-02,24850.0,25050.0,24250.0,24400.0,140064
2025-01-03,24200.0,24750.0,24200.0,24500.0,118695
2025-01-06,24300.0,24450.0,24100.0,24300.0,121156
2025-01-07,24300.0,24550.0,23950.0,24000.0,149239
2025-01-08,24950.0,26350.0,24500.0,25200.0,889864
2025-01-09,25300.0,26300.0,25100.0,26050.0,302323
2025-01-10,25850.0,26850.0,25550.0,25750.0,301644
2025-01-13,25600.0,25900.0,24850.0,25300.0,185720
2025-01-14,25500.0,25550.0,24900.0,25300.0,167632
2025-01-15,25200.0,25850.0,24700.0,25850.0,207213
2025-01-16,26200.0,27300.0,25700.0,26700.0,351191
2025-01-17,26600.0,27650.0,26300.0,27200.0,325404
2025-01-20,27500.0,27500.0,26100.0,26550.0,231467
2025-01-21,26950.0,27550.0,26700.0,27050.0,217277
2025-01-22,27050.0,27300.0,26650.0,26700.0,150334
2025-01-23,26700.0,27050.0,26350.0,26500.0,99314
2025-01-24,26750.0,27700.0,26750.0,27450.0,196077
2025-01-31,27450.0,27600.0,26700.0,26700.0,105625
2025-02-03,26150.0,26550.0,25750.0,26250.0,135928
2025-02-04,26950.0,27350.0,26350.0,27350.0,145319
2025-02-05,27550.0,30700.0,26850.0,30250.0,863397
2025-02-06,30350.0,30400.0,29100.0,29400.0,478804
2025-02-07,29500.0,29700.0,28850.0,29000.0,168154
2025-02-10,29000.0,29350.0,27700.0,28550.0,171417
2025-02-11,28700.0,28750.0,28000.0,28050.0,143664
2025-02-12,28200.0,28200.0,27200.0,27450.0,185123
2025-02-13,27400.0,27700.0,26100.0,26500.0,278018
2025-02-14,26600.0,27250.0,26400.0,27000.0,121129
2025-02-17,27100.0,27200.0,26650.0,27000.0,124640
2025-02-18,26950.0,26950.0,25850.0,26100.0,268031
2025-02-19,26100.0,26400.0,25800.0,26250.0,125215
2025-02-20,26250.0,26800.0,25550.0,25600.0,147765
2025-02-21,25600.0,27000.0,25600.0,26500.0,179686
2025-02-24,26400.0,26450.0,25100.0,25200.0,155488
2025-02-25,25100.0,25850.0,24500.0,25750.0,155013
2025-02-26,25450.0,26700.0,25250.0,26600.0,130519
2025-02-27,26250.0,29750.0,26200.0,29700.0,831367
2025-02-28,29250.0,29650.0,28850.0,29250.0,352555
2025-03-04,29000.0,31750.0,28800.0,31200.0,619901
2025-03-05,31200.0,31850.0,30000.0,31100.0,354648
2025-03-06,31350.0,31400.0,28550.0,29300.0,424215
2025-03-07,29900.0,32600.0,29100.0,31850.0,1176374
2025-03-10,31400.0,31650.0,30600.0,30900.0,310317
2025-03-11,30000.0,32850.0,29900.0,32350.0,657255
2025-03-12,32350.0,33400.0,31400.0,32000.0,419794
2025-03-13,31550.0,33350.0,31500.0,32150.0,466781
2025-03-14,32150.0,32600.0,31150.0,31700.0,263891
2025-03-17,31700.0,31850.0,30900.0,31050.0,215358
2025-03-18,31350.0,32150.0,31050.0,31650.0,170390
2025-03-19,31750.0,31950.0,31050.0,31750.0,132767
2025-03-20,31750.0,33050.0,30500.0,30800.0,484663
2025-03-21,30300.0,31400.0,29400.0,29800.0,294723
2025-03-24,30000.0,31750.0,29800.0,30550.0,171543
2025-03-25,30250.0,32000.0,30250.0,31250.0,210942
2025-03-26,31850.0,31900.0,30950.0,31650.0,170527
2025-03-27,31850.0,32900.0,30500.0,31200.0,467119
2025-03-28,30900.0,31250.0,28650.0,29100.0,365847
2025-03-31,28500.0,30250.0,28350.0,30050.0,231483
2025-04-01,30550.0,31550.0,30050.0,31150.0,183879
2025-04-02,31150.0,31250.0,28900.0,29400.0,173443
2025-04-03,28800.0,30400.0,28650.0,28900.0,188768
2025-04-04,28650.0,29650.0,28000.0,29500.0,221196
2025-04-07,28150.0,29300.0,28050.0,28450.0,193348
2025-04-08,29000.0,30100.0,28800.0,29250.0,149351
2025-04-09,29850.0,29850.0,28050.0,28550.0,172811
2025-04-10,29600.0,30700.0,29500.0,30650.0,238709
2025-04-11,30300.0,32350.0,30000.0,31700.0,230767
2025-04-14,32550.0,33850.0,30050.0,33500.0,648177
2025-04-15,33150.0,33650.0,32700.0,33050.0,155834
2025-04-16,32750.0,33550.0,31850.0,32550.0,217896
2025-04-17,32800.0,32950.0,30450.0,30750.0,270838
2025-04-18,30700.0,30900.0,30200.0,30400.0,123483
2025-04-21,30300.0,30750.0,30100.0,30550.0,84239
2025-04-22,31400.0,31450.0,30250.0,30900.0,188311
2025-04-23,31000.0,31100.0,30250.0,30450.0,98451
2025-04-24,30200.0,30600.0,29900.0,30200.0,132937
2025-04-25,30350.0,30350.0,29050.0,29100.0,150219
2025-04-28,29050.0,29050.0,27600.0,27700.0,220127
2025-04-29,27600.0,28300.0,27600.0,27800.0,135824
2025-04-30,27700.0,28300.0,27200.0,27550.0,156806
2025-05-02,27450.0,27750.0,27100.0,27350.0,121940
2025-05-07,28050.0,28050.0,25900.0,26500.0,224960
2025-05-08,27100.0,27450.0,26750.0,26900.0,117476
2025-05-09,27150.0,27350.0,26400.0,26550.0,121997
2025-05-12,26550.0,26550.0,25000.0,25450.0,274053
2025-05-13,25550.0,26850.0,25550.0,26500.0,108923
2025-05-14,26750.0,26800.0,26000.0,26550.0,94198
2025-05-15,26300.0,27550.0,25700.0,27000.0,152786
2025-05-16,26750.0,27050.0,26200.0,26500.0,60919
2025-05-19,26250.0,26950.0,26050.0,26800.0,89268
2025-05-20,27300.0,27300.0,26050.0,26500.0,83412
2025-05-21,26950.0,27700.0,26600.0,27050.0,137255
2025-05-22,27150.0,27400.0,26600.0,26800.0,57772
2025-05-23,26900.0,27000.0,26300.0,26600.0,63188
2025-05-26,27000.0,27000.0,25850.0,26400.0,102962
2025-05-27,26150.0,28850.0,26150.0,28550.0,242562
2025-05-28,29000.0,29100.0,28450.0,28800.0,136035
2025-05-29,29350.0,29550.0,28750.0,29150.0,110875
2025-05-30,28900.0,30200.0,28900.0,29500.0,200303
2025-06-02,29100.0,29250.0,28550.0,28800.0,95704
2025-06-04,29300.0,29650.0,27950.0,28150.0,169624
2025-06-05,28150.0,28900.0,27900.0,28100.0,110043
2025-06-09,28100.0,28750.0,27800.0,28400.0,90891
2025-06-10,28200.0,28650.0,27950.0,28150.0,77310
2025-06-11,28200.0,28550.0,27550.0,27700.0,112562
2025-06-12,28000.0,28800.0,27650.0,28250.0,216581
2025-06-13,28200.0,28650.0,27300.0,28050.0,176386
2025-06-16,28350.0,29150.0,27550.0,27700.0,246269
2025-06-17,27800.0,28000.0,27400.0,27400.0,104504
2025-06-18,27000.0,27800.0,27000.0,27350.0,86475
2025-06-19,27700.0,27700.0,26550.0,27250.0,139738
2025-06-20,27300.0,28700.0,27300.0,28300.0,292564
2025-06-23,27850.0,28150.0,27300.0,27450.0,145584
2025-06-24,27950.0,28150.0,27350.0,27900.0,119776
2025-06-25,28300.0,29500.0,28200.0,28600.0,199089
2025-06-26,28400.0,28950.0,27950.0,28150.0,111879
2025-06-27,28150.0,30000.0,28150.0,29750.0,272411
2025-06-30,29800.0,29800.0,28500.0,28650.0,138280
2025-07-01,28750.0,29500.0,28750.0,29000.0,116302
2025-07-02,29000.0,29850.0,28600.0,29250.0,119374
2025-07-03,29600.0,30300.0,29250.0,30000.0,142832
2025-07-04,29750.0,30000.0,29200.0,29400.0,98764
2025-07-07,29400.0,30100.0,29300.0,30050.0,99205
2025-07-08,30750.0,30750.0,29400.0,29550.0,113106
2025-07-09,29450.0,31500.0,29450.0,30800.0,172657
2025-07-10,30750.0,31500.0,30500.0,31250.0,133298
2025-07-11,32400.0,32700.0,31400.0,31600.0,214277
2025-07-14,31500.0,31600.0,30750.0,30750.0,84888
2025-07-15,30900.0,32550.0,30750.0,32300.0,189657
2025-07-16,31600.0,32500.0,31500.0,32300.0,90411
2025-07-17,33000.0,34700.0,33000.0,34650.0,528828
2025-07-18,34800.0,34800.0,34000.0,34400.0,197338
2025-07-21,35050.0,35200.0,33600.0,34300.0,144093
2025-07-22,34300.0,34650.0,33550.0,34050.0,143215
2025-07-23,34150.0,34550.0,33700.0,34050.0,93365
2025-07-24,33950.0,35250.0,33950.0,34150.0,104920
2025-07-25,34000.0,34150.0,33650.0,34100.0,88302
2025-07-28,33550.0,33800.0,32500.0,32500.0,150888
2025-07-29,32200.0,32450.0,31900.0,32050.0,85829
2025-07-30,31850.0,32400.0,31350.0,31500.0,69371
2025-07-31,31200.0,31800.0,30900.0,31600.0,118808
2025-08-01,31200.0,31400.0,30350.0,30600.0,93075
2025-08-04,30700.0,31100.0,30450.0,30750.0,58294
2025-08-05,30850.0,31475.0,30700.0,31000.0,57345
2025-08-06,31100.0,32100.0,30500.0,31550.0,107570
2025-08-07,31250.0,31650.0,30550.0,31200.0,82812
2025-08-08,31000.0,31600.0,30750.0,31250.0,59846
2025-08-11,30750.0,31500.0,30400.0,31250.0,71875
2025-08-12,31350.0,32200.0,31300.0,31500.0,62884
2025-08-13,32250.0,34300.0,31550.0,33750.0,193245
2025-08-14,33750.0,34550.0,33650.0,34500.0,108163
2025-08-18,33800.0,34500.0,33650.0,33650.0,69689
2025-08-19,33650.0,34350.0,33350.0,33700.0,96366
2025-08-20,33850.0,34000.0,32000.0,32950.0,132129
2025-08-21,32700.0,33400.0,31700.0,31850.0,66385
2025-08-22,32100.0,32800.0,31850.0,32600.0,45523
2025-08-25,33050.0,33900.0,32750.0,33200.0,71635
2025-08-26,32850.0,34100.0,32800.0,33700.0,98832
2025-08-27,33400.0,37350.0,33400.0,37000.0,412049
2025-08-28,36750.0,38250.0,36550.0,37500.0,243114
2025-08-29,37400.0,38000.0,36650.0,36750.0,107131
2025-09-01,36600.0,37150.0,36200.0,36750.0,92120
2025-09-02,37400.0,39100.0,36950.0,38200.0,255519
2025-09-03,38000.0,39300.0,37650.0,39050.0,188463
2025-09-04,39000.0,39850.0,38400.0,39300.0,180833
2025-09-05,39900.0,42200.0,39550.0,42100.0,540684
2025-09-08,43500.0,43600.0,42000.0,43000.0,436626
2025-09-09,43500.0,43550.0,42300.0,42950.0,240434
2025-09-10,42950.0,44500.0,42650.0,44300.0,339239
2025-09-11,43650.0,44800.0,42700.0,44150.0,280017
2025-09-12,43900.0,44050.0,42750.0,43500.0,265946
2025-09-15,43050.0,43450.0,42300.0,42850.0,172791
2025-09-16,42500.0,42550.0,41400.0,41600.0,250213
2025-09-17,41900.0,41950.0,37750.0,39650.0,305592
2025-09-18,40400.0,41900.0,40100.0,41450.0,269248
2025-09-19,41150.0,43400.0,41150.0,43400.0,322267
2025-09-22,44200.0,44200.0,42250.0,43800.0,163144
2025-09-23,43400.0,47950.0,43150.0,47800.0,669066
2025-09-24,47250.0,47700.0,44450.0,44900.0,300364
2025-09-25,44950.0,46400.0,44300.0,44400.0,304225
2025-09-26,44650.0,44950.0,43550.0,44500.0,192671
2025-09-29,42700.0,43500.0,41150.0,42950.0,291568
2025-09-30,43600.0,47650.0,43600.0,46850.0,515464
2025-10-01,45950.0,47250.0,45350.0,46200.0,239459
2025-10-02,46750.0,46750.0,44750.0,45400.0,223386
2025-10-10,45400.0,45600.0,43850.0,45300.0,160106
2025-10-13,44300.0,45250.0,43750.0,44200.0,135984
2025-10-14,44350.0,46250.0,43600.0,44650.0,188074
2025-10-15,45150.0,45150.0,41550.0,41600.0,350026
2025-10-16,42050.0,42200.0,40500.0,40750.0,180258
2025-10-17,40300.0,42000.0,39850.0,39950.0,209249
2025-10-20,40050.0,40500.0,39500.0,39700.0,111848
2025-10-21,40000.0,40350.0,38050.0,39300.0,324838
2025-10-22,39100.0,39850.0,38300.0,39000.0,117856
2025-10-23,38900.0,39200.0,37550.0,38050.0,147361
2025-10-24,38000.0,38450.0,37150.0,37900.0,168054
2025-10-27,37550.0,40700.0,37400.0,40350.0,286217
2025-10-28,41000.0,42950.0,40150.0,42100.0,270373
2025-10-29,42300.0,42300.0,40050.0,40800.0,159434
2025-10-30,41100.0,41600.0,39550.0,40000.0,147401
2025-10-31,40250.0,41400.0,39800.0,41000.0,217096
2025-11-03,41500.0,42150.0,40050.0,41750.0,337476
2025-11-04,40950.0,48300.0,40800.0,47050.0,1021087
2025-11-05,48550.0,48700.0,45400.0,46700.0,580469
2025-11-06,47350.0,49200.0,46100.0,48150.0,491451
2025-11-07,47700.0,48200.0,46150.0,46600.0,267584
2025-11-10,47300.0,47650.0,45250.0,45500.0,225122
2025-11-11,45450.0,46250.0,43850.0,44150.0,226702
2025-11-12,45800.0,50500.0,45600.0,50000.0,1007724
2025-11-13,50200.0,52900.0,49500.0,52300.0,855227
2025-11-14,51100.0,53200.0,50600.0,52400.0,573687
2025-11-17,52500.0,55900.0,51800.0,53700.0,543696
2025-11-18,54300.0,55000.0,52300.0,53000.0,372432
2025-11-19,52300.0,52400.0,49000.0,49300.0,509710
2025-11-20,50400.0,55500.0,48200.0,54300.0,678599
2025-11-21,52000.0,55600.0,51800.0,54700.0,579882
2025-11-24,56100.0,56300.0,54100.0,55000.0,458131
2025-11-25,54500.0,55800.0,52600.0,53200.0,608578
2025-11-26,55200.0,59500.0,55100.0,58700.0,1047615
2025-11-27,59300.0,61700.0,57900.0,59500.0,709504
2025-11-28,61400.0,62900.0,59900.0,62000.0,636151
2025-12-01,65000.0,65000.0,59600.0,60600.0,525006
2025-12-02,60600.0,61900.0,58900.0,61000.0,667126
2025-12-03,63300.0,63800.0,60100.0,61300.0,438034
2025-12-04,60200.0,62800.0,59800.0,61300.0,429512
2025-12-05,60500.0,60700.0,55100.0,56900.0,838318
2025-12-08,57600.0,57900.0,51200.0,53300.0,1198598
2025-12-09,54100.0,56600.0,52900.0,55300.0,366867
2025-12-10,56800.0,60500.0,56500.0,59600.0,556362
2025-12-11,60300.0,61600.0,58600.0,59900.0,474586
2025-12-12,60600.0,61100.0,58900.0,60100.0,429005
2025-12-15,59500.0,63100.0,58700.0,61300.0,504863
2025-12-16,66000.0,66000.0,53900.0,54300.0,3438535
2025-12-17,56000.0,56200.0,51300.0,51600.0,956985
2025-12-18,50300.0,53300.0,49950.0,50400.0,740957
2025-12-19,50700.0,51500.0,48550.0,49050.0,1087146
2025-12-22,48900.0,49050.0,45600.0,46500.0,1321762
2025-12-23,46500.0,46500.0,43250.0,43900.0,978137
2025-12-24,44400.0,44850.0,43700.0,44200.0,535508
2025-12-26,44450.0,44750.0,43200.0,43600.0,472515
2025-12-29,43250.0,45300.0,42700.0,45300.0,521804
2025-12-30,45300.0,45500.0,44500.0,45200.0,250452
2026-01-02,45550.0,45550.0,43100.0,43300.0,376748
2026-01-05,43300.0,45500.0,43000.0,45150.0,412986
2026-01-06,45000.0,47500.0,44800.0,46150.0,739905
2026-01-07,46200.0,46550.0,44950.0,45600.0,351044
2026-01-08,46850.0,47650.0,45900.0,47500.0,472622
2026-01-09,47550.0,47650.0,45250.0,45750.0,378241
2026-01-12,45800.0,45800.0,44150.0,45150.0,233618
2026-01-13,44800.0,45600.0,43850.0,43950.0,308594
2026-01-14,44200.0,45000.0,43650.0,44050.0,269866
2026-01-15,44200.0,44350.0,43100.0,43850.0,271751
2026-01-16,43450.0,44550.0,42250.0,43950.0,430607
2026-01-19,43800.0,44800.0,43050.0,43200.0,294678
2026-01-20,43200.0,46200.0,43050.0,44500.0,550066
2026-01-21,43500.0,45100.0,43050.0,43900.0,684106
2026-01-22,44000.0,44400.0,39650.0,40850.0,599331
2026-01-23,41100.0,44000.0,40900.0,43950.0,392595
2026-01-26,44900.0,49300.0,44400.0,49300.0,1059090
2026-01-27,48600.0,50200.0,47950.0,49250.0,606941
2026-01-28,49500.0,52500.0,49350.0,52300.0,663585
2026-01-29,52900.0,55700.0,52500.0,55600.0,899272
2026-01-30,56400.0,59200.0,53000.0,55600.0,779462
2026-02-02,52800.0,55800.0,50500.0,51000.0,513044
2026-02-03,53000.0,53100.0,50700.0,52000.0,346058
2026-02-04,51700.0,52500.0,49900.0,50500.0,280807
2026-02-05,50500.0,51900.0,49650.0,50400.0,337900
2026-02-06,54000.0,54300.0,49850.0,52300.0,710442
2026-02-09,51800.0,52000.0,48750.0,50300.0,555211
2026-02-10,49950.0,52000.0,49850.0,50600.0,227467
2026-02-11,50900.0,52100.0,50000.0,51000.0,183924
2026-02-12,50500.0,53400.0,50500.0,52000.0,265275
2026-02-13,51900.0,51900.0,49650.0,50400.0,278394
2026-02-19,51100.0,57300.0,51000.0,56600.0,620613
2026-02-20,56200.0,56500.0,54100.0,54300.0,218339
2026-02-23,54900.0,55800.0,53100.0,54400.0,180355
2026-02-24,54900.0,57500.0,53800.0,54300.0,208000
2026-02-25,54800.0,55000.0,52900.0,53300.0,151576
2026-02-26,49550.0,51900.0,49550.0,51200.0,510746
2026-02-27,49900.0,53000.0,49600.0,52300.0,275028
2026-03-03,53100.0,58500.0,52400.0,55700.0,767430
2026-03-04,54000.0,54500.0,46000.0,46500.0,559001
2026-03-05,49850.0,53400.0,47550.0,50600.0,429911
2026-03-06,49550.0,53700.0,49000.0,51400.0,242092
2026-03-09,48000.0,51100.0,47500.0,50500.0,250900
2026-03-10,52300.0,52800.0,49750.0,49850.0,227592
2026-03-11,50000.0,50400.0,47850.0,47900.0,248297
2026-03-12,48350.0,49150.0,46600.0,48050.0,319497
2026-03-13,47800.0,58500.0,47800.0,56100.0,1034198
2026-03-16,60200.0,60200.0,56500.0,59300.0,631874
2026-03-17,58700.0,58900.0,54900.0,54900.0,570779
2026-03-18,56400.0,59100.0,55700.0,58400.0,317275
2026-03-19,56100.0,58600.0,56000.0,57500.0,240624
2026-03-20,58500.0,59000.0,55100.0,56000.0,473015
2026-03-23,53000.0,54400.0,51800.0,52500.0,443511
2026-03-24,53900.0,54000.0,50700.0,52400.0,298403
2026-03-25,53200.0,54200.0,52000.0,53700.0,204648
2026-03-26,54200.0,56000.0,53700.0,54300.0,314799
2026-03-27,53300.0,54900.0,53000.0,54300.0,270080
2026-03-30,51800.0,54200.0,51500.0,52100.0,197760
2026-03-31,51800.0,52800.0,50000.0,50600.0,215620
2026-04-01,51700.0,53800.0,51600.0,53100.0,295892
2026-04-02,52900.0,53700.0,48100.0,48800.0,314129
2026-04-03,49250.0,49800.0,47750.0,48950.0,215146
2026-04-06,48500.0,49750.0,47250.0,47500.0,189461
2026-04-07,47850.0,49450.0,47150.0,47300.0,133319
2026-04-08,49950.0,50600.0,47200.0,48700.0,336054
2026-04-09,48550.0,53000.0,48400.0,52400.0,405475
2026-04-10,52400.0,54200.0,51300.0,53000.0,205409
2026-04-14,53800.0,53800.0,53800.0,53800.0,0
2026-04-15,54000.0,58000.0,54000.0,57200.0,386900
2026-04-16,56900.0,57700.0,56100.0,56600.0,185055
2026-04-17,56000.0,56400.0,54600.0,54700.0,155596
2026-04-20,54700.0,54800.0,52600.0,53000.0,180534
2026-04-21,53600.0,53600.0,52300.0,52600.0,134421
2026-04-22,52600.0,53400.0,50500.0,50900.0,225177
2026-04-23,51400.0,51400.0,49550.0,50200.0,224115
2026-04-24,50300.0,51500.0,49700.0,50900.0,167358
2026-04-27,51700.0,56300.0,50700.0,55400.0,418344
2026-04-28,54200.0,54500.0,52800.0,53900.0,215472
2026-04-29,54900.0,55500.0,53100.0,53500.0,130019
2026-04-30,53000.0,53500.0,51600.0,52000.0,215930
2026-05-04,52700.0,53900.0,50200.0,51400.0,225672
2026-05-06,50400.0,51000.0,49150.0,49700.0,245946
2026-05-07,49750.0,52100.0,49000.0,49100.0,191715
2026-05-08,49900.0,51700.0,48800.0,51000.0,269547
2026-05-11,50200.0,50500.0,47350.0,47700.0,290707
2026-05-12,48150.0,51300.0,47900.0,49550.0,438064
2026-05-13,50900.0,51100.0,47100.0,47650.0,260714
