date,news_sentiment_mean,news_sentiment_std,news_count,volume_ratio,source,news_positive_total,news_negative_total,news_pos_ratio,news_intensity
2016-08-23,0.6351,0.1486,0,0.7259,price_proxy,,,,
2016-08-24,0.6958,0.149,0,0.4874,price_proxy,,,,
2016-08-25,0.4935,0.1443,0,0.6511,price_proxy,,,,
2016-08-26,0.5,0.1347,0,0.3495,price_proxy,,,,
2016-08-29,0.4474,0.1384,0,0.6426,price_proxy,,,,
2016-08-30,0.3734,0.1296,0,0.5103,price_proxy,,,,
2016-08-31,0.379,0.1285,0,1.0848,price_proxy,,,,
2016-09-01,0.3958,0.1287,0,0.6512,price_proxy,,,,
2016-09-02,0.3645,0.1277,0,1.0875,price_proxy,,,,
2016-09-05,0.4662,0.127,0,0.5763,price_proxy,,,,
2016-09-06,0.4595,0.127,0,0.7243,price_proxy,,,,
2016-09-07,0.4525,0.1232,0,0.6796,price_proxy,,,,
2016-09-08,0.445,0.1237,0,0.7976,price_proxy,,,,
2016-09-09,0.4308,0.1216,0,0.5394,price_proxy,,,,
2016-09-12,0.3969,0.1219,0,0.412,price_proxy,,,,
2016-09-13,0.3897,0.1215,0,0.6857,price_proxy,,,,
2016-09-19,0.5069,0.1313,0,1.1844,price_proxy,,,,
2016-09-20,0.5565,0.1008,0,0.6075,price_proxy,,,,
2016-09-21,0.5573,0.1009,0,0.6585,price_proxy,,,,
2016-09-22,0.6159,0.1016,0,0.4388,price_proxy,,,,
2016-09-23,0.6387,0.0909,0,0.6528,price_proxy,,,,
2016-09-26,0.5069,0.0911,0,0.6529,price_proxy,,,,
2016-09-27,0.4588,0.0901,0,0.7372,price_proxy,,,,
2016-09-28,0.4443,0.0906,0,1.4131,price_proxy,,,,
2016-09-29,0.3973,0.0789,0,0.8931,price_proxy,,,,
2016-09-30,0.3908,0.0789,0,1.1879,price_proxy,,,,
2016-10-04,0.4241,0.0797,0,0.7217,price_proxy,,,,
2016-10-05,0.4439,0.0789,0,0.8067,price_proxy,,,,
2016-10-06,0.5072,0.08,0,1.6212,price_proxy,,,,
2016-10-07,0.5,0.08,0,1.095,price_proxy,,,,
2016-10-10,0.4639,0.0817,0,0.8466,price_proxy,,,,
2016-10-11,0.4785,0.0837,0,0.7205,price_proxy,,,,
2016-10-12,0.4928,0.0819,0,0.6349,price_proxy,,,,
2016-10-13,0.45,0.0814,0,1.0875,price_proxy,,,,
2016-10-14,0.4928,0.0815,0,0.7886,price_proxy,,,,
2016-10-17,0.5294,0.0811,0,0.7481,price_proxy,,,,
2016-10-18,0.5217,0.0558,0,0.8855,price_proxy,,,,
2016-10-19,0.5797,0.0639,0,2.2728,price_proxy,,,,
2016-10-20,0.6026,0.0622,0,0.9986,price_proxy,,,,
2016-10-21,0.6739,0.0767,0,2.1419,price_proxy,,,,
2016-10-24,0.6087,0.0836,0,1.5091,price_proxy,,,,
2016-10-25,0.5573,0.0842,0,0.6188,price_proxy,,,,
2016-10-26,0.4652,0.0842,0,0.9453,price_proxy,,,,
2016-10-27,0.5,0.083,0,0.8316,price_proxy,,,,
2016-10-28,0.3533,0.0897,0,0.8292,price_proxy,,,,
2016-10-31,0.4038,0.0898,0,0.7975,price_proxy,,,,
2016-11-01,0.493,0.0959,0,0.8901,price_proxy,,,,
2016-11-02,0.4929,0.0976,0,0.8697,price_proxy,,,,
2016-11-03,0.4791,0.0976,0,0.5969,price_proxy,,,,
2016-11-04,0.5144,0.0982,0,0.767,price_proxy,,,,
2016-11-07,0.5433,0.0964,0,0.4613,price_proxy,,,,
2016-11-08,0.472,0.0955,0,0.3585,price_proxy,,,,
2016-11-09,0.4004,0.1116,0,2.3149,price_proxy,,,,
2016-11-10,0.4577,0.1198,0,0.957,price_proxy,,,,
2016-11-11,0.5571,0.125,0,1.1797,price_proxy,,,,
2016-11-14,0.5,0.1267,0,2.5375,price_proxy,,,,
2016-11-15,0.4574,0.1293,0,1.1013,price_proxy,,,,
2016-11-16,0.6273,0.1293,0,1.4156,price_proxy,,,,
2016-11-17,0.5432,0.1293,0,0.4322,price_proxy,,,,
2016-11-18,0.4167,0.122,0,1.8418,price_proxy,,,,
2016-11-21,0.4293,0.1188,0,0.5545,price_proxy,,,,
2016-11-22,0.4783,0.1182,0,0.4464,price_proxy,,,,
2016-11-23,0.4577,0.1188,0,0.789,price_proxy,,,,
2016-11-24,0.4577,0.1171,0,0.763,price_proxy,,,,
2016-11-25,0.5217,0.1123,0,0.4378,price_proxy,,,,
2016-11-28,0.4853,0.1164,0,0.8395,price_proxy,,,,
2016-11-29,0.4414,0.1122,0,1.507,price_proxy,,,,
2016-11-30,0.3849,0.1115,0,0.7492,price_proxy,,,,
2016-12-01,0.3705,0.1105,0,1.1417,price_proxy,,,,
2016-12-02,0.3065,0.1137,0,0.9605,price_proxy,,,,
2016-12-05,0.3376,0.1125,0,0.9066,price_proxy,,,,
2016-12-06,0.4094,0.1149,0,0.7833,price_proxy,,,,
2016-12-07,0.3855,0.1041,0,0.9433,price_proxy,,,,
2016-12-08,0.5,0.1104,0,1.2791,price_proxy,,,,
2016-12-09,0.5873,0.103,0,1.7287,price_proxy,,,,
2016-12-12,0.6124,0.102,0,0.5595,price_proxy,,,,
2016-12-13,0.6028,0.1002,0,0.8673,price_proxy,,,,
2016-12-14,0.6538,0.0943,0,1.3305,price_proxy,,,,
2016-12-15,0.5615,0.0949,0,1.6572,price_proxy,,,,
2016-12-16,0.6445,0.1069,0,2.2363,price_proxy,,,,
2016-12-19,0.6673,0.1065,0,1.2671,price_proxy,,,,
2016-12-20,0.688,0.1082,0,1.5298,price_proxy,,,,
2016-12-21,0.6729,0.1074,0,0.8068,price_proxy,,,,
2016-12-22,0.6418,0.1078,0,0.8243,price_proxy,,,,
2016-12-23,0.5567,0.1082,0,0.6381,price_proxy,,,,
2016-12-26,0.6193,0.1101,0,1.9807,price_proxy,,,,
2016-12-27,0.5619,0.1066,0,1.5597,price_proxy,,,,
2016-12-28,0.6384,0.1074,0,2.3383,price_proxy,,,,
2016-12-29,0.6533,0.1064,0,0.8865,price_proxy,,,,
2017-01-02,0.6172,0.0985,0,1.7256,price_proxy,,,,
2017-01-03,0.5397,0.0957,0,0.9388,price_proxy,,,,
2017-01-04,0.5,0.1031,0,0.9652,price_proxy,,,,
2017-01-05,0.4288,0.0982,0,1.4475,price_proxy,,,,
2017-01-06,0.4029,0.0885,0,0.7246,price_proxy,,,,
2017-01-09,0.4349,0.0884,0,1.0024,price_proxy,,,,
2017-01-10,0.3701,0.0964,0,0.8823,price_proxy,,,,
2017-01-11,0.46,0.0977,0,0.661,price_proxy,,,,
2017-01-12,0.4262,0.1024,0,1.0357,price_proxy,,,,
2017-01-13,0.5884,0.1239,0,3.4859,price_proxy,,,,
2017-01-16,0.5404,0.1147,0,1.9996,price_proxy,,,,
2017-01-17,0.625,0.1147,0,0.8386,price_proxy,,,,
2017-01-18,0.5816,0.1131,0,0.8695,price_proxy,,,,
2017-01-19,0.6045,0.1139,0,0.6855,price_proxy,,,,
2017-01-20,0.4153,0.1177,0,0.7554,price_proxy,,,,
2017-01-23,0.5066,0.1223,0,0.7819,price_proxy,,,,
2017-01-24,0.5065,0.1149,0,0.8584,price_proxy,,,,
2017-01-25,0.5392,0.1156,0,1.0992,price_proxy,,,,
2017-01-26,0.5397,0.1123,0,0.7872,price_proxy,,,,
2017-01-31,0.6565,0.1165,0,1.1936,price_proxy,,,,
2017-02-01,0.5789,0.1163,0,0.8775,price_proxy,,,,
2017-02-02,0.4805,0.1236,0,0.8816,price_proxy,,,,
2017-02-03,0.4167,0.1217,0,0.7776,price_proxy,,,,
2017-02-06,0.461,0.1219,0,0.5518,price_proxy,,,,
2017-02-07,0.3675,0.1229,0,0.7746,price_proxy,,,,
2017-02-08,0.4367,0.1276,0,0.5539,price_proxy,,,,
2017-02-09,0.5592,0.1241,0,0.942,price_proxy,,,,
2017-02-10,0.5803,0.1232,0,0.678,price_proxy,,,,
2017-02-13,0.6325,0.1239,0,2.1105,price_proxy,,,,
2017-02-14,0.5946,0.1101,0,1.9704,price_proxy,,,,
2017-02-15,0.5327,0.109,0,1.3149,price_proxy,,,,
2017-02-16,0.4872,0.1086,0,0.8974,price_proxy,,,,
2017-02-17,0.4936,0.1087,0,0.8023,price_proxy,,,,
2017-02-20,0.4565,0.1087,0,0.516,price_proxy,,,,
2017-02-21,0.5516,0.104,0,0.8233,price_proxy,,,,
2017-02-22,0.545,0.0985,0,0.4333,price_proxy,,,,
2017-02-23,0.5193,0.0994,0,0.437,price_proxy,,,,
2017-02-24,0.5129,0.0982,0,0.5008,price_proxy,,,,
2017-02-27,0.5063,0.098,0,0.4416,price_proxy,,,,
2017-02-28,0.4874,0.093,0,0.5016,price_proxy,,,,
2017-03-02,0.4245,0.0988,0,0.7821,price_proxy,,,,
2017-03-03,0.4554,0.0901,0,0.6851,price_proxy,,,,
2017-03-06,0.4615,0.0882,0,0.6025,price_proxy,,,,
2017-03-07,0.4557,0.0881,0,0.4133,price_proxy,,,,
2017-03-08,0.462,0.0849,0,0.5555,price_proxy,,,,
2017-03-09,0.5131,0.0777,0,0.6265,price_proxy,,,,
2017-03-10,0.5326,0.075,0,0.5056,price_proxy,,,,
2017-03-13,0.5654,0.0759,0,0.6156,price_proxy,,,,
2017-03-14,0.5647,0.0663,0,0.9448,price_proxy,,,,
2017-03-15,0.5516,0.0522,0,0.6797,price_proxy,,,,
2017-03-16,0.5909,0.0535,0,1.1129,price_proxy,,,,
2017-03-17,0.5705,0.0535,0,0.632,price_proxy,,,,
2017-03-20,0.5443,0.0533,0,0.8131,price_proxy,,,,
2017-03-21,0.4875,0.0551,0,1.051,price_proxy,,,,
2017-03-22,0.5126,0.0551,0,0.8005,price_proxy,,,,
2017-03-23,0.4689,0.0561,0,0.6653,price_proxy,,,,
2017-03-24,0.4567,0.0545,0,1.2725,price_proxy,,,,
2017-03-27,0.5124,0.0615,0,1.6353,price_proxy,,,,
2017-03-28,0.5694,0.0608,0,1.4498,price_proxy,,,,
2017-03-29,0.5562,0.0608,0,2.0677,price_proxy,,,,
2017-03-30,0.6388,0.0554,0,1.9275,price_proxy,,,,
2017-03-31,0.6329,0.0566,0,1.0812,price_proxy,,,,
2017-04-03,0.6662,0.0698,0,1.6366,price_proxy,,,,
2017-04-04,0.6463,0.0701,0,1.0183,price_proxy,,,,
2017-04-05,0.5973,0.0755,0,1.3174,price_proxy,,,,
2017-04-06,0.5413,0.0744,0,0.9269,price_proxy,,,,
2017-04-07,0.6306,0.0814,0,1.6384,price_proxy,,,,
2017-04-10,0.5398,0.0815,0,1.3929,price_proxy,,,,
2017-04-11,0.625,0.0896,0,2.3331,price_proxy,,,,
2017-04-12,0.6681,0.0892,0,0.0,price_proxy,,,,
2017-04-13,0.6618,0.0895,0,0.0,price_proxy,,,,
2017-04-14,0.5836,0.0898,0,0.0,price_proxy,,,,
2017-04-17,0.5836,0.0898,0,0.0,price_proxy,,,,
2017-04-18,0.5,0.0854,0,0.0,price_proxy,,,,
2017-04-19,0.5,0.0859,0,0.0,price_proxy,,,,
2017-04-20,0.5,0.0842,0,0.0,price_proxy,,,,
2017-04-21,0.5,0.0838,0,0.0,price_proxy,,,,
2017-04-24,0.5,0.0812,0,0.0,price_proxy,,,,
2017-04-25,0.5,0.0815,0,0.0,price_proxy,,,,
2017-04-26,0.5,0.0817,0,0.0,price_proxy,,,,
2017-04-27,0.5,0.0775,0,0.0,price_proxy,,,,
2017-04-28,0.5,0.0767,0,0.0,price_proxy,,,,
2017-05-02,0.5,0.0631,0,0.0,price_proxy,,,,
2017-05-04,0.5,0.0631,0,0.0,price_proxy,,,,
2017-05-08,0.5,0.0579,0,0.0,price_proxy,,,,
2017-05-10,0.5,0.058,0,0.0,price_proxy,,,,
2017-05-11,0.5802,0.0598,0,10.0,price_proxy,,,,
2017-05-12,0.5267,0.0676,0,2.7681,price_proxy,,,,
2017-05-15,0.6123,0.0679,0,2.854,price_proxy,,,,
2017-05-16,0.6497,0.0696,0,2.7015,price_proxy,,,,
2017-05-17,0.6257,0.0713,0,1.1397,price_proxy,,,,
2017-05-18,0.4846,0.079,0,0.8956,price_proxy,,,,
2017-05-19,0.5026,0.0814,0,1.0572,price_proxy,,,,
2017-05-22,0.4266,0.0814,0,0.8758,price_proxy,,,,
2017-05-23,0.4179,0.0824,0,0.9106,price_proxy,,,,
2017-05-24,0.5151,0.0913,0,1.8619,price_proxy,,,,
2017-05-25,0.5233,0.0962,0,1.1025,price_proxy,,,,
2017-05-26,0.5738,0.0963,0,0.7158,price_proxy,,,,
2017-05-29,0.5447,0.0975,0,0.5428,price_proxy,,,,
2017-05-30,0.5493,0.0984,0,0.3828,price_proxy,,,,
2017-05-31,0.46,0.0989,0,0.8316,price_proxy,,,,
2017-06-01,0.4974,0.0993,0,0.302,price_proxy,,,,
2017-06-02,0.5483,0.1046,0,0.71,price_proxy,,,,
2017-06-05,0.5334,0.1072,0,0.533,price_proxy,,,,
2017-06-07,0.4696,0.1092,0,0.5328,price_proxy,,,,
2017-06-08,0.8032,0.2014,0,7.1193,price_proxy,,,,
2017-06-09,0.7692,0.2011,0,2.4567,price_proxy,,,,
2017-06-12,0.7035,0.1978,0,1.0142,price_proxy,,,,
2017-06-13,0.7351,0.1947,0,1.0042,price_proxy,,,,
2017-06-14,0.6491,0.2044,0,1.9366,price_proxy,,,,
2017-06-15,0.3695,0.204,0,0.5596,price_proxy,,,,
2017-06-16,0.3938,0.2012,0,0.4234,price_proxy,,,,
2017-06-19,0.4099,0.1998,0,0.3027,price_proxy,,,,
2017-06-20,0.3778,0.2019,0,0.3474,price_proxy,,,,
2017-06-21,0.5407,0.2032,0,0.6395,price_proxy,,,,
2017-06-22,0.5166,0.1999,0,0.3619,price_proxy,,,,
2017-06-23,0.5239,0.1976,0,0.2711,price_proxy,,,,
2017-06-26,0.5094,0.1976,0,0.3501,price_proxy,,,,
2017-06-27,0.6373,0.2003,0,1.9,price_proxy,,,,
2017-06-28,0.5094,0.2047,0,0.5693,price_proxy,,,,
2017-06-29,0.5047,0.2046,0,0.1862,price_proxy,,,,
2017-06-30,0.4835,0.2054,0,0.2905,price_proxy,,,,
2017-07-03,0.446,0.2037,0,0.2685,price_proxy,,,,
2017-07-04,0.4572,0.2076,0,0.8274,price_proxy,,,,
2017-07-05,0.4883,0.2079,0,0.3698,price_proxy,,,,
2017-07-06,0.4672,0.1131,0,0.3867,price_proxy,,,,
2017-07-07,0.4905,0.1114,0,0.2261,price_proxy,,,,
2017-07-10,0.4662,0.114,0,0.6586,price_proxy,,,,
2017-07-11,0.3871,0.1144,0,0.1758,price_proxy,,,,
2017-07-12,0.4366,0.0997,0,0.466,price_proxy,,,,
2017-07-13,0.4833,0.0996,0,0.5079,price_proxy,,,,
2017-07-14,0.5335,0.1018,0,0.9424,price_proxy,,,,
2017-07-17,0.6104,0.1017,0,1.4768,price_proxy,,,,
2017-07-18,0.6099,0.0987,0,0.9739,price_proxy,,,,
2017-07-19,0.6018,0.0945,0,0.9531,price_proxy,,,,
2017-07-20,0.5552,0.0956,0,0.5874,price_proxy,,,,
2017-07-21,0.594,0.1045,0,3.7875,price_proxy,,,,
2017-07-24,0.7,0.1219,0,5.488,price_proxy,,,,
2017-07-25,0.625,0.1205,0,1.8549,price_proxy,,,,
2017-07-26,0.5738,0.1166,0,1.5684,price_proxy,,,,
2017-07-27,0.5537,0.1195,0,0.9177,price_proxy,,,,
2017-07-28,0.3967,0.1258,0,1.2489,price_proxy,,,,
2017-07-31,0.2865,0.1248,0,0.4515,price_proxy,,,,
2017-08-01,0.341,0.1138,0,0.4811,price_proxy,,,,
2017-08-02,0.3754,0.1122,0,0.4662,price_proxy,,,,
2017-08-03,0.3316,0.1212,0,0.9404,price_proxy,,,,
2017-08-04,0.3817,0.1217,0,0.4485,price_proxy,,,,
2017-08-07,0.3982,0.1191,0,0.6603,price_proxy,,,,
2017-08-08,0.3817,0.1193,0,0.3341,price_proxy,,,,
2017-08-09,0.3363,0.1218,0,0.4017,price_proxy,,,,
2017-08-10,0.4056,0.1211,0,0.3843,price_proxy,,,,
2017-08-11,0.3943,0.1185,0,0.4197,price_proxy,,,,
2017-08-14,0.4002,0.1188,0,0.1982,price_proxy,,,,
2017-08-16,0.3969,0.1183,0,0.3288,price_proxy,,,,
2017-08-17,0.4173,0.1181,0,0.8567,price_proxy,,,,
2017-08-18,0.4609,0.12,0,0.2874,price_proxy,,,,
2017-08-21,0.5292,0.111,0,0.3618,price_proxy,,,,
2017-08-22,0.5026,0.0805,0,0.2755,price_proxy,,,,
2017-08-23,0.5239,0.0783,0,0.5055,price_proxy,,,,
2017-08-24,0.5593,0.0779,0,0.356,price_proxy,,,,
2017-08-25,0.5106,0.0763,0,0.5679,price_proxy,,,,
2017-08-28,0.4398,0.0695,0,0.7186,price_proxy,,,,
2017-08-29,0.4266,0.0691,0,1.1445,price_proxy,,,,
2017-08-30,0.5446,0.0999,0,1.5542,price_proxy,,,,
2017-08-31,0.5916,0.1043,0,1.9404,price_proxy,,,,
2017-09-01,0.6243,0.093,0,0.968,price_proxy,,,,
2017-09-04,0.6538,0.0922,0,1.3651,price_proxy,,,,
2017-09-05,0.6605,0.0919,0,0.5174,price_proxy,,,,
2017-09-06,0.5641,0.0926,0,0.8943,price_proxy,,,,
2017-09-07,0.6151,0.1009,0,2.4525,price_proxy,,,,
2017-09-08,0.5374,0.1073,0,1.4366,price_proxy,,,,
2017-09-11,0.5752,0.1048,0,0.9153,price_proxy,,,,
2017-09-12,0.5403,0.1082,0,1.2116,price_proxy,,,,
2017-09-13,0.5497,0.1082,0,1.0697,price_proxy,,,,
2017-09-14,0.4432,0.1063,0,0.793,price_proxy,,,,
2017-09-15,0.5416,0.1067,0,0.7259,price_proxy,,,,
2017-09-18,0.5121,0.1064,0,0.7989,price_proxy,,,,
2017-09-19,0.5,0.1116,0,0.8056,price_proxy,,,,
2017-09-20,0.4564,0.1118,0,0.5705,price_proxy,,,,
2017-09-21,0.4464,0.1126,0,0.4396,price_proxy,,,,
2017-09-22,0.3946,0.1126,0,0.5265,price_proxy,,,,
2017-09-25,0.488,0.1189,0,0.9571,price_proxy,,,,
2017-09-26,0.4975,0.122,0,1.0309,price_proxy,,,,
2017-09-27,0.5595,0.108,0,0.9857,price_proxy,,,,
2017-09-28,0.7378,0.1311,0,5.1963,price_proxy,,,,
2017-09-29,0.7351,0.1324,0,1.6144,price_proxy,,,,
2017-10-10,0.6618,0.1319,0,1.4774,price_proxy,,,,
2017-10-11,0.7373,0.1314,0,2.0647,price_proxy,,,,
2017-10-12,0.6348,0.1342,0,1.0772,price_proxy,,,,
2017-10-13,0.4709,0.1251,0,1.1265,price_proxy,,,,
2017-10-16,0.4615,0.1209,0,0.8084,price_proxy,,,,
2017-10-17,0.5335,0.1304,0,4.1823,price_proxy,,,,
2017-10-18,0.5552,0.1279,0,2.403,price_proxy,,,,
2017-10-19,0.5699,0.129,0,0.8183,price_proxy,,,,
2017-10-20,0.668,0.1334,0,1.9072,price_proxy,,,,
2017-10-23,0.703,0.1333,0,0.904,price_proxy,,,,
2017-10-24,0.6143,0.1329,0,0.8116,price_proxy,,,,
2017-10-25,0.5667,0.1274,0,0.459,price_proxy,,,,
2017-10-26,0.524,0.1345,0,0.6729,price_proxy,,,,
2017-10-27,0.5503,0.1416,0,1.0807,price_proxy,,,,
2017-10-30,0.5398,0.1409,0,0.8321,price_proxy,,,,
2017-10-31,0.5894,0.1372,0,0.9072,price_proxy,,,,
2017-11-01,0.5479,0.1366,0,0.5073,price_proxy,,,,
2017-11-02,0.5861,0.1378,0,0.5107,price_proxy,,,,
2017-11-03,0.4816,0.1153,0,0.4956,price_proxy,,,,
2017-11-06,0.4815,0.1145,0,0.3965,price_proxy,,,,
2017-11-07,0.3846,0.1167,0,0.5275,price_proxy,,,,
2017-11-08,0.5325,0.1294,0,1.1258,price_proxy,,,,
2017-11-09,0.469,0.1381,0,1.0831,price_proxy,,,,
2017-11-10,0.5619,0.1451,0,1.092,price_proxy,,,,
2017-11-13,0.6244,0.144,0,1.2978,price_proxy,,,,
2017-11-14,0.7492,0.1409,0,1.2348,price_proxy,,,,
2017-11-15,0.58,0.1439,0,1.3651,price_proxy,,,,
2017-11-16,0.7327,0.1434,0,0.7448,price_proxy,,,,
2017-11-17,0.68,0.14,0,1.1314,price_proxy,,,,
2017-11-20,0.578,0.1434,0,0.6001,price_proxy,,,,
2017-11-21,0.6315,0.1569,0,1.6372,price_proxy,,,,
2017-11-22,0.9712,0.2036,0,5.8296,price_proxy,,,,
2017-11-23,0.9319,0.1965,0,1.0605,price_proxy,,,,
2017-11-24,0.867,0.1934,0,1.5541,price_proxy,,,,
2017-11-27,0.8944,0.1943,0,0.9306,price_proxy,,,,
2017-11-28,0.6674,0.2001,0,0.7075,price_proxy,,,,
2017-11-29,0.4144,0.1973,0,0.8539,price_proxy,,,,
2017-11-30,0.3301,0.2021,0,0.7753,price_proxy,,,,
2017-12-01,0.3527,0.2018,0,0.4034,price_proxy,,,,
2017-12-04,0.3431,0.2033,0,0.5993,price_proxy,,,,
2017-12-05,0.3455,0.2065,0,0.8243,price_proxy,,,,
2017-12-06,0.3293,0.2008,0,0.6514,price_proxy,,,,
2017-12-07,0.365,0.1942,0,0.5207,price_proxy,,,,
2017-12-08,0.3243,0.1901,0,0.2144,price_proxy,,,,
2017-12-11,0.4319,0.1929,0,0.5228,price_proxy,,,,
2017-12-12,0.5176,0.1893,0,0.3974,price_proxy,,,,
2017-12-13,0.5533,0.1868,0,0.2871,price_proxy,,,,
2017-12-14,0.5543,0.1872,0,0.4362,price_proxy,,,,
2017-12-15,0.6101,0.1863,0,0.3309,price_proxy,,,,
2017-12-18,0.5441,0.184,0,0.3482,price_proxy,,,,
2017-12-19,0.6223,0.1777,0,0.8487,price_proxy,,,,
2017-12-20,0.5952,0.1055,0,0.5429,price_proxy,,,,
2017-12-21,0.5176,0.1177,0,0.6409,price_proxy,,,,
2017-12-22,0.5435,0.1225,0,0.6784,price_proxy,,,,
2017-12-26,0.4741,0.1244,0,0.8553,price_proxy,,,,
2017-12-27,0.4588,0.128,0,0.6894,price_proxy,,,,
2017-12-28,0.4587,0.128,0,0.6265,price_proxy,,,,
2018-01-02,0.4913,0.1285,0,0.7418,price_proxy,,,,
2018-01-03,0.4574,0.1285,0,1.302,price_proxy,,,,
2018-01-04,0.5524,0.1296,0,2.3495,price_proxy,,,,
2018-01-05,0.4916,0.124,0,2.4001,price_proxy,,,,
2018-01-08,0.4241,0.1308,0,1.4357,price_proxy,,,,
2018-01-09,0.5,0.1291,0,0.7287,price_proxy,,,,
2018-01-10,0.5,0.1281,0,1.0041,price_proxy,,,,
2018-01-11,0.4489,0.1209,0,0.5518,price_proxy,,,,
2018-01-12,0.3903,0.1228,0,0.7415,price_proxy,,,,
2018-01-15,0.4386,0.123,0,0.5337,price_proxy,,,,
2018-01-16,0.5175,0.1297,0,0.9625,price_proxy,,,,
2018-01-17,0.5174,0.1292,0,0.5331,price_proxy,,,,
2018-01-18,0.5611,0.1302,0,2.4069,price_proxy,,,,
2018-01-19,0.5536,0.1222,0,0.8602,price_proxy,,,,
2018-01-22,0.6176,0.124,0,0.8601,price_proxy,,,,
2018-01-23,0.5957,0.1135,0,1.1778,price_proxy,,,,
2018-01-24,0.6466,0.1154,0,2.3499,price_proxy,,,,
2018-01-25,0.6356,0.1111,0,0.9391,price_proxy,,,,
2018-01-26,0.6043,0.1139,0,1.0208,price_proxy,,,,
2018-01-29,0.6111,0.1155,0,0.5912,price_proxy,,,,
2018-01-30,0.5166,0.1086,0,0.988,price_proxy,,,,
2018-01-31,0.4036,0.1124,0,0.6027,price_proxy,,,,
2018-02-01,0.3492,0.1117,0,0.4504,price_proxy,,,,
2018-02-02,0.3926,0.1127,0,0.6988,price_proxy,,,,
2018-02-05,0.2976,0.1101,0,0.8915,price_proxy,,,,
2018-02-06,0.3272,0.1101,0,1.3677,price_proxy,,,,
2018-02-07,0.2722,0.1229,0,1.3529,price_proxy,,,,
2018-02-08,0.5515,0.1946,0,1.9741,price_proxy,,,,
2018-02-09,0.5786,0.1929,0,5.3175,price_proxy,,,,
2018-02-12,0.5901,0.1945,0,0.5075,price_proxy,,,,
2018-02-13,0.527,0.1928,0,0.3076,price_proxy,,,,
2018-02-14,0.7476,0.1997,0,0.3882,price_proxy,,,,
2018-02-19,0.4665,0.199,0,0.3555,price_proxy,,,,
2018-02-20,0.4076,0.2005,0,1.5902,price_proxy,,,,
2018-02-21,0.5,0.201,0,0.4601,price_proxy,,,,
2018-02-22,0.5444,0.1985,0,0.2824,price_proxy,,,,
2018-02-23,0.4831,0.1959,0,0.3703,price_proxy,,,,
2018-02-26,0.5085,0.1956,0,0.4034,price_proxy,,,,
2018-02-27,0.5881,0.1912,0,0.5383,price_proxy,,,,
2018-02-28,0.5345,0.1898,0,0.5044,price_proxy,,,,
2018-03-02,0.5174,0.1899,0,0.3067,price_proxy,,,,
2018-03-05,0.3803,0.1959,0,0.9198,price_proxy,,,,
2018-03-06,0.3814,0.1956,0,0.5415,price_proxy,,,,
2018-03-07,0.2722,0.2028,0,0.7586,price_proxy,,,,
2018-03-08,0.2627,0.2007,0,0.8252,price_proxy,,,,
2018-03-09,0.3621,0.2054,0,0.5833,price_proxy,,,,
2018-03-12,0.5,0.1972,0,0.3999,price_proxy,,,,
2018-03-13,0.509,0.1286,0,0.3535,price_proxy,,,,
2018-03-14,0.6238,0.1287,0,0.6074,price_proxy,,,,
2018-03-15,0.5769,0.1301,0,1.1497,price_proxy,,,,
2018-03-16,0.5093,0.1267,0,1.4106,price_proxy,,,,
2018-03-19,0.4727,0.1137,0,0.4868,price_proxy,,,,
2018-03-20,0.4462,0.1138,0,0.774,price_proxy,,,,
2018-03-21,0.4283,0.1089,0,0.9534,price_proxy,,,,
2018-03-22,0.5741,0.1159,0,1.618,price_proxy,,,,
2018-03-23,0.4908,0.1214,0,1.4042,price_proxy,,,,
2018-03-26,0.5922,0.1327,0,1.1581,price_proxy,,,,
2018-03-27,0.5829,0.1322,0,1.2091,price_proxy,,,,
2018-03-28,0.5651,0.1331,0,0.746,price_proxy,,,,
2018-03-29,0.4821,0.1331,0,0.4299,price_proxy,,,,
2018-03-30,0.5833,0.1332,0,0.729,price_proxy,,,,
2018-04-02,0.3855,0.1319,0,1.256,price_proxy,,,,
2018-04-03,0.3584,0.1327,0,1.011,price_proxy,,,,
2018-04-04,0.3108,0.128,0,1.6875,price_proxy,,,,
2018-04-05,0.3649,0.1319,0,0.7703,price_proxy,,,,
2018-04-06,0.3311,0.1248,0,0.7827,price_proxy,,,,
2018-04-09,0.4439,0.1235,0,0.6623,price_proxy,,,,
2018-04-10,0.4905,0.1225,0,0.68,price_proxy,,,,
2018-04-11,0.6393,0.127,0,1.082,price_proxy,,,,
2018-04-12,0.587,0.1226,0,1.5562,price_proxy,,,,
2018-04-13,0.6262,0.1234,0,0.7706,price_proxy,,,,
2018-04-16,0.6154,0.1234,0,0.6506,price_proxy,,,,
2018-04-17,0.6053,0.1234,0,0.537,price_proxy,,,,
2018-04-18,0.5186,0.124,0,0.5281,price_proxy,,,,
2018-04-19,0.5278,0.1157,0,0.7729,price_proxy,,,,
2018-04-20,0.4543,0.1119,0,0.7206,price_proxy,,,,
2018-04-23,0.4273,0.0964,0,0.5928,price_proxy,,,,
2018-04-24,0.4182,0.0964,0,0.6797,price_proxy,,,,
2018-04-25,0.4447,0.0951,0,0.5401,price_proxy,,,,
2018-04-26,0.4635,0.0978,0,0.7602,price_proxy,,,,
2018-04-27,0.5374,0.0978,0,0.7394,price_proxy,,,,
2018-04-30,0.4811,0.0915,0,1.2654,price_proxy,,,,
2018-05-02,0.5095,0.0898,0,1.1238,price_proxy,,,,
2018-05-03,0.5284,0.0759,0,0.602,price_proxy,,,,
2018-05-04,0.4535,0.0731,0,0.7271,price_proxy,,,,
2018-05-08,0.3899,0.0759,0,1.2285,price_proxy,,,,
2018-05-09,0.4429,0.0758,0,1.25,price_proxy,,,,
2018-05-10,0.4717,0.0803,0,1.0738,price_proxy,,,,
2018-05-11,0.4439,0.0738,0,1.2088,price_proxy,,,,
2018-05-14,0.4524,0.0747,0,1.272,price_proxy,,,,
2018-05-15,0.5,0.0729,0,1.4897,price_proxy,,,,
2018-05-16,0.5,0.0728,0,1.2988,price_proxy,,,,
2018-05-17,0.4426,0.0727,0,0.8006,price_proxy,,,,
2018-05-18,0.4712,0.0732,0,0.663,price_proxy,,,,
2018-05-21,0.4707,0.073,0,1.2431,price_proxy,,,,
2018-05-23,0.4398,0.0703,0,1.6648,price_proxy,,,,
2018-05-24,0.4608,0.0702,0,1.7219,price_proxy,,,,
2018-05-25,0.4704,0.0702,0,0.7636,price_proxy,,,,
2018-05-28,0.4317,0.0705,0,1.8805,price_proxy,,,,
2018-05-29,0.3812,0.0764,0,1.4467,price_proxy,,,,
2018-05-30,0.3559,0.0753,0,1.4179,price_proxy,,,,
2018-05-31,0.388,0.073,0,0.9818,price_proxy,,,,
2018-06-01,0.45,0.0822,0,0.6046,price_proxy,,,,
2018-06-04,0.4899,0.0824,0,0.4272,price_proxy,,,,
2018-06-05,0.5737,0.0808,0,0.523,price_proxy,,,,
2018-06-07,0.6899,0.0861,0,0.9385,price_proxy,,,,
2018-06-08,0.6038,0.0885,0,0.6449,price_proxy,,,,
2018-06-11,0.5472,0.0841,0,0.491,price_proxy,,,,
2018-06-12,0.5244,0.084,0,0.4864,price_proxy,,,,
2018-06-14,0.4635,0.0883,0,2.3849,price_proxy,,,,
2018-06-15,0.3581,0.0909,0,1.0383,price_proxy,,,,
2018-06-18,0.3651,0.0919,0,0.5071,price_proxy,,,,
2018-06-19,0.3477,0.0919,0,0.8802,price_proxy,,,,
2018-06-20,0.3736,0.0925,0,0.6062,price_proxy,,,,
2018-06-21,0.44,0.0923,0,0.5665,price_proxy,,,,
2018-06-22,0.4555,0.0931,0,0.9642,price_proxy,,,,
2018-06-25,0.4654,0.0934,0,0.6748,price_proxy,,,,
2018-06-26,0.4479,0.0937,0,1.2393,price_proxy,,,,
2018-06-27,0.3737,0.0961,0,0.8075,price_proxy,,,,
2018-06-28,0.2569,0.1051,0,1.2625,price_proxy,,,,
2018-06-29,0.3308,0.1082,0,1.2391,price_proxy,,,,
2018-07-02,0.4011,0.11,0,1.5349,price_proxy,,,,
2018-07-03,0.4399,0.1029,0,0.7864,price_proxy,,,,
2018-07-04,0.4269,0.1051,0,0.959,price_proxy,,,,
2018-07-05,0.4903,0.1067,0,0.5326,price_proxy,,,,
2018-07-06,0.4716,0.101,0,0.573,price_proxy,,,,
2018-07-09,0.4329,0.1012,0,0.3812,price_proxy,,,,
2018-07-10,0.5299,0.1224,0,0.9827,price_proxy,,,,
2018-07-11,0.5878,0.1223,0,0.9267,price_proxy,,,,
2018-07-12,0.6683,0.1203,0,0.657,price_proxy,,,,
2018-07-13,0.8005,0.1449,0,2.0279,price_proxy,,,,
2018-07-16,0.8589,0.1464,0,1.7749,price_proxy,,,,
2018-07-17,0.7579,0.1464,0,1.6746,price_proxy,,,,
2018-07-18,0.7841,0.1461,0,1.1037,price_proxy,,,,
2018-07-19,0.7497,0.1464,0,0.6122,price_proxy,,,,
2018-07-20,0.5209,0.15,0,1.0073,price_proxy,,,,
2018-07-23,0.4148,0.1518,0,0.6869,price_proxy,,,,
2018-07-24,0.4158,0.1511,0,0.3508,price_proxy,,,,
2018-07-25,0.4184,0.1476,0,0.6402,price_proxy,,,,
2018-07-26,0.494,0.1322,0,0.8507,price_proxy,,,,
2018-07-27,0.5889,0.1313,0,1.53,price_proxy,,,,
2018-07-30,0.6504,0.1302,0,0.7115,price_proxy,,,,
2018-07-31,0.728,0.1372,0,2.4575,price_proxy,,,,
2018-08-01,0.7614,0.1292,0,2.3293,price_proxy,,,,
2018-08-02,0.6364,0.1277,0,1.0143,price_proxy,,,,
2018-08-03,0.5693,0.1321,0,0.8293,price_proxy,,,,
2018-08-06,0.4803,0.1424,0,1.2277,price_proxy,,,,
2018-08-07,0.3873,0.1322,0,1.2389,price_proxy,,,,
2018-08-08,0.3147,0.1339,0,1.331,price_proxy,,,,
2018-08-09,0.3404,0.1348,0,0.8504,price_proxy,,,,
2018-08-10,0.3909,0.1091,0,0.6351,price_proxy,,,,
2018-08-13,0.3985,0.1107,0,0.6787,price_proxy,,,,
2018-08-14,0.4701,0.1175,0,0.7107,price_proxy,,,,
2018-08-16,0.4757,0.118,0,0.7147,price_proxy,,,,
2018-08-17,0.4592,0.1192,0,0.4193,price_proxy,,,,
2018-08-20,0.4372,0.114,0,0.4851,price_proxy,,,,
2018-08-21,0.5755,0.1165,0,0.4878,price_proxy,,,,
2018-08-22,0.7222,0.1637,0,4.8589,price_proxy,,,,
2018-08-23,0.7416,0.1642,0,1.4563,price_proxy,,,,
2018-08-24,0.875,0.1657,0,3.1448,price_proxy,,,,
2018-08-27,0.9974,0.1713,0,2.1274,price_proxy,,,,
2018-08-28,0.8939,0.1722,0,1.1784,price_proxy,,,,
2018-08-29,0.6545,0.1662,0,1.5763,price_proxy,,,,
2018-08-30,0.7009,0.1655,0,1.0639,price_proxy,,,,
2018-08-31,0.6404,0.1625,0,0.7257,price_proxy,,,,
2018-09-03,0.5167,0.1614,0,0.484,price_proxy,,,,
2018-09-04,0.5084,0.1549,0,0.5834,price_proxy,,,,
2018-09-05,0.5169,0.1547,0,0.5239,price_proxy,,,,
2018-09-06,0.4502,0.1549,0,0.5041,price_proxy,,,,
2018-09-07,0.4016,0.1554,0,1.2024,price_proxy,,,,
2018-09-10,0.3921,0.1579,0,0.372,price_proxy,,,,
2018-09-11,0.4076,0.1515,0,0.4262,price_proxy,,,,
2018-09-12,0.3243,0.1564,0,1.3885,price_proxy,,,,
2018-09-13,0.2872,0.1616,0,1.3536,price_proxy,,,,
2018-09-14,0.3276,0.1599,0,0.8885,price_proxy,,,,
2018-09-17,0.3509,0.16,0,0.4992,price_proxy,,,,
2018-09-18,0.3238,0.1585,0,0.4986,price_proxy,,,,
2018-09-19,0.555,0.1365,0,4.9297,price_proxy,,,,
2018-09-20,0.5952,0.1379,0,1.0826,price_proxy,,,,
2018-09-21,0.5094,0.1342,0,0.745,price_proxy,,,,
2018-09-27,0.5284,0.1219,0,0.4771,price_proxy,,,,
2018-09-28,0.5,0.1253,0,0.6812,price_proxy,,,,
2018-10-01,0.3304,0.1251,0,0.2732,price_proxy,,,,
2018-10-02,0.2727,0.1296,0,0.6469,price_proxy,,,,
2018-10-04,0.3404,0.1284,0,0.3329,price_proxy,,,,
2018-10-05,0.3187,0.1284,0,0.4759,price_proxy,,,,
2018-10-08,0.328,0.1297,0,0.4405,price_proxy,,,,
2018-10-10,0.3146,0.1287,0,0.601,price_proxy,,,,
2018-10-11,0.2662,0.1446,0,0.6388,price_proxy,,,,
2018-10-12,0.3592,0.1641,0,0.4862,price_proxy,,,,
2018-10-15,0.4527,0.1737,0,0.6446,price_proxy,,,,
2018-10-16,0.5233,0.1744,0,0.351,price_proxy,,,,
2018-10-17,0.543,0.1708,0,0.4348,price_proxy,,,,
2018-10-18,0.7369,0.1685,0,0.3804,price_proxy,,,,
2018-10-19,0.5966,0.1679,0,0.4094,price_proxy,,,,
2018-10-22,0.5232,0.1683,0,0.3534,price_proxy,,,,
2018-10-23,0.4394,0.1707,0,0.3544,price_proxy,,,,
2018-10-24,0.4389,0.1404,0,0.481,price_proxy,,,,
2018-10-25,0.3754,0.1405,0,0.4951,price_proxy,,,,
2018-10-26,0.3262,0.141,0,0.5497,price_proxy,,,,
2018-10-29,0.3002,0.1401,0,0.8416,price_proxy,,,,
2018-10-30,0.4138,0.1429,0,1.0429,price_proxy,,,,
2018-10-31,0.4957,0.1497,0,0.8023,price_proxy,,,,
2018-11-01,0.5819,0.144,0,1.0805,price_proxy,,,,
2018-11-02,0.672,0.1442,0,0.9624,price_proxy,,,,
2018-11-05,0.604,0.1496,0,1.0282,price_proxy,,,,
2018-11-06,0.545,0.147,0,0.7692,price_proxy,,,,
2018-11-07,0.3868,0.1534,0,1.7167,price_proxy,,,,
2018-11-08,0.3872,0.1333,0,1.4915,price_proxy,,,,
2018-11-09,0.3754,0.1176,0,0.9962,price_proxy,,,,
2018-11-12,0.4187,0.1079,0,0.7732,price_proxy,,,,
2018-11-13,0.4207,0.1073,0,1.0299,price_proxy,,,,
2018-11-14,0.4493,0.1109,0,1.2067,price_proxy,,,,
2018-11-15,0.4301,0.1108,0,0.6525,price_proxy,,,,
2018-11-16,0.4595,0.1131,0,0.8319,price_proxy,,,,
2018-11-19,0.5023,0.1129,0,0.4953,price_proxy,,,,
2018-11-20,0.3532,0.1326,0,3.8927,price_proxy,,,,
2018-11-21,0.3485,0.1356,0,3.7438,price_proxy,,,,
2018-11-22,0.3551,0.1373,0,1.1785,price_proxy,,,,
2018-11-23,0.2862,0.1348,0,0.7447,price_proxy,,,,
2018-11-26,0.3238,0.1387,0,1.535,price_proxy,,,,
2018-11-27,0.4703,0.1346,0,0.728,price_proxy,,,,
2018-11-28,0.6229,0.1371,0,1.0821,price_proxy,,,,
2018-11-29,0.6108,0.1348,0,0.9126,price_proxy,,,,
2018-11-30,0.6158,0.1348,0,1.0583,price_proxy,,,,
2018-12-03,0.7284,0.1582,0,1.8913,price_proxy,,,,
2018-12-04,0.6834,0.1597,0,0.9544,price_proxy,,,,
2018-12-05,0.5989,0.1522,0,0.788,price_proxy,,,,
2018-12-06,0.5048,0.1543,0,0.6531,price_proxy,,,,
2018-12-07,0.6314,0.1616,0,0.8787,price_proxy,,,,
2018-12-10,0.3671,0.1706,0,1.3424,price_proxy,,,,
2018-12-11,0.3941,0.1707,0,0.8077,price_proxy,,,,
2018-12-12,0.4218,0.1685,0,0.3261,price_proxy,,,,
2018-12-13,0.5333,0.1695,0,0.4495,price_proxy,,,,
2018-12-14,0.3767,0.1732,0,0.6976,price_proxy,,,,
2018-12-17,0.4131,0.1764,0,1.1765,price_proxy,,,,
2018-12-18,0.3809,0.1594,0,1.0609,price_proxy,,,,
2018-12-19,0.3756,0.156,0,0.9552,price_proxy,,,,
2018-12-20,0.3009,0.1563,0,1.0686,price_proxy,,,,
2018-12-21,0.4075,0.156,0,0.9155,price_proxy,,,,
2018-12-24,0.4849,0.1536,0,0.362,price_proxy,,,,
2018-12-26,0.5413,0.1537,0,0.9543,price_proxy,,,,
2018-12-27,0.477,0.1477,0,0.6407,price_proxy,,,,
2018-12-28,0.5234,0.1471,0,0.3512,price_proxy,,,,
2019-01-02,0.4158,0.15,0,0.9544,price_proxy,,,,
2019-01-03,0.2713,0.1347,0,1.7794,price_proxy,,,,
2019-01-04,0.2468,0.1343,0,2.6321,price_proxy,,,,
2019-01-07,0.3477,0.1435,0,0.9504,price_proxy,,,,
2019-01-08,0.374,0.1434,0,1.6292,price_proxy,,,,
2019-01-09,0.4441,0.1328,0,1.0438,price_proxy,,,,
2019-01-10,0.6234,0.1248,0,0.589,price_proxy,,,,
2019-01-11,0.6333,0.1248,0,0.3928,price_proxy,,,,
2019-01-14,0.5196,0.1231,0,0.3355,price_proxy,,,,
2019-01-15,0.5,0.1203,0,0.7383,price_proxy,,,,
2019-01-16,0.5,0.1158,0,0.6579,price_proxy,,,,
2019-01-17,0.4351,0.1121,0,0.5005,price_proxy,,,,
2019-01-18,0.4728,0.1117,0,0.4348,price_proxy,,,,
2019-01-21,0.5664,0.1156,0,0.8537,price_proxy,,,,
2019-01-22,0.5165,0.1151,0,0.9154,price_proxy,,,,
2019-01-23,0.5,0.1127,0,0.8638,price_proxy,,,,
2019-01-24,0.5251,0.1124,0,1.0016,price_proxy,,,,
2019-01-25,0.5358,0.1148,0,2.162,price_proxy,,,,
2019-01-28,0.5402,0.1188,0,2.5639,price_proxy,,,,
2019-01-29,0.5299,0.1207,0,1.1003,price_proxy,,,,
2019-01-30,0.5986,0.1184,0,1.2233,price_proxy,,,,
2019-01-31,0.7014,0.0941,0,4.1392,price_proxy,,,,
2019-02-01,0.7111,0.0937,0,2.1539,price_proxy,,,,
2019-02-07,0.6312,0.089,0,0.6926,price_proxy,,,,
2019-02-08,0.6528,0.0899,0,0.694,price_proxy,,,,
2019-02-11,0.5444,0.0953,0,1.5413,price_proxy,,,,
2019-02-12,0.6328,0.1297,0,1.8455,price_proxy,,,,
2019-02-13,0.6616,0.1327,0,2.1993,price_proxy,,,,
2019-02-14,0.697,0.1292,0,0.9269,price_proxy,,,,
2019-02-15,0.6743,0.1336,0,0.514,price_proxy,,,,
2019-02-18,0.7375,0.1335,0,0.4951,price_proxy,,,,
2019-02-19,0.5024,0.1359,0,0.9641,price_proxy,,,,
2019-02-20,0.4638,0.1361,0,0.4748,price_proxy,,,,
2019-02-21,0.4507,0.1344,0,0.2692,price_proxy,,,,
2019-02-22,0.4679,0.1337,0,0.2759,price_proxy,,,,
2019-02-25,0.516,0.1342,0,0.7504,price_proxy,,,,
2019-02-26,0.5469,0.1351,0,0.4343,price_proxy,,,,
2019-02-27,0.4977,0.1358,0,0.4552,price_proxy,,,,
2019-02-28,0.4034,0.1439,0,1.0486,price_proxy,,,,
2019-03-04,0.4022,0.1425,0,0.5347,price_proxy,,,,
2019-03-05,0.3324,0.1412,0,0.3898,price_proxy,,,,
2019-03-06,0.3601,0.1344,0,0.3974,price_proxy,,,,
2019-03-07,0.373,0.132,0,0.6496,price_proxy,,,,
2019-03-08,0.4034,0.1353,0,0.8852,price_proxy,,,,
2019-03-11,0.4535,0.1356,0,0.337,price_proxy,,,,
2019-03-12,0.5025,0.1335,0,0.5059,price_proxy,,,,
2019-03-13,0.4901,0.0942,0,0.4632,price_proxy,,,,
2019-03-14,0.6776,0.1335,0,3.4691,price_proxy,,,,
2019-03-15,0.6091,0.1469,0,1.8827,price_proxy,,,,
2019-03-18,0.5777,0.1455,0,0.8364,price_proxy,,,,
2019-03-19,0.5148,0.1461,0,0.6772,price_proxy,,,,
2019-03-20,0.5248,0.1436,0,0.5927,price_proxy,,,,
2019-03-21,0.4139,0.1473,0,2.0067,price_proxy,,,,
2019-03-22,0.5505,0.1475,0,1.4771,price_proxy,,,,
2019-03-25,0.471,0.1532,0,0.6494,price_proxy,,,,
2019-03-26,0.4877,0.1496,0,0.3963,price_proxy,,,,
2019-03-27,0.5049,0.1499,0,0.7075,price_proxy,,,,
2019-03-28,0.3935,0.1515,0,0.6202,price_proxy,,,,
2019-03-29,0.3803,0.1446,0,0.3684,price_proxy,,,,
2019-04-01,0.5343,0.1495,0,0.6208,price_proxy,,,,
2019-04-02,0.5321,0.1494,0,0.443,price_proxy,,,,
2019-04-03,0.5,0.1496,0,1.1075,price_proxy,,,,
2019-04-04,0.5975,0.1517,0,3.2415,price_proxy,,,,
2019-04-05,0.5974,0.1478,0,1.44,price_proxy,,,,
2019-04-08,0.5265,0.1475,0,0.6373,price_proxy,,,,
2019-04-09,0.5388,0.147,0,1.306,price_proxy,,,,
2019-04-10,0.5928,0.148,0,1.1903,price_proxy,,,,
2019-04-11,0.5429,0.1079,0,0.7513,price_proxy,,,,
2019-04-12,0.519,0.0876,0,0.8235,price_proxy,,,,
2019-04-15,0.519,0.0876,0,0.5631,price_proxy,,,,
2019-04-16,0.4786,0.0894,0,1.022,price_proxy,,,,
2019-04-17,0.5723,0.1145,0,4.4883,price_proxy,,,,
2019-04-18,0.5117,0.1148,0,2.1218,price_proxy,,,,
2019-04-19,0.5354,0.1145,0,0.9448,price_proxy,,,,
2019-04-22,0.5071,0.1056,0,0.776,price_proxy,,,,
2019-04-23,0.7022,0.1285,0,4.0052,price_proxy,,,,
2019-04-24,0.527,0.1307,0,2.0039,price_proxy,,,,
2019-04-25,0.6531,0.1294,0,3.4037,price_proxy,,,,
2019-04-26,0.6321,0.1304,0,1.635,price_proxy,,,,
2019-04-29,0.704,0.1272,0,1.0359,price_proxy,,,,
2019-04-30,0.524,0.1282,0,0.5753,price_proxy,,,,
2019-05-02,0.5911,0.1279,0,0.8376,price_proxy,,,,
2019-05-03,0.5022,0.1281,0,0.6063,price_proxy,,,,
2019-05-07,0.4413,0.1364,0,0.8591,price_proxy,,,,
2019-05-08,0.3362,0.1419,0,0.9294,price_proxy,,,,
2019-05-09,0.2711,0.1521,0,1.0269,price_proxy,,,,
2019-05-10,0.2322,0.1504,0,0.5462,price_proxy,,,,
2019-05-13,0.2072,0.1526,0,0.3462,price_proxy,,,,
2019-05-14,0.2671,0.1524,0,0.3949,price_proxy,,,,
2019-05-15,0.3818,0.1562,0,0.361,price_proxy,,,,
2019-05-16,0.4122,0.1586,0,0.52,price_proxy,,,,
2019-05-17,0.3528,0.1412,0,0.5723,price_proxy,,,,
2019-05-20,0.3638,0.14,0,0.5402,price_proxy,,,,
2019-05-21,0.3327,0.1405,0,0.6615,price_proxy,,,,
2019-05-22,0.2611,0.1405,0,0.4807,price_proxy,,,,
2019-05-23,0.3087,0.1075,0,0.4115,price_proxy,,,,
2019-05-24,0.3543,0.1074,0,0.7067,price_proxy,,,,
2019-05-27,0.4107,0.099,0,0.2578,price_proxy,,,,
2019-05-28,0.5083,0.1084,0,0.6768,price_proxy,,,,
2019-05-29,0.4524,0.1053,0,0.7928,price_proxy,,,,
2019-05-30,0.4972,0.1097,0,0.703,price_proxy,,,,
2019-05-31,0.5143,0.1053,0,0.4782,price_proxy,,,,
2019-06-03,0.4632,0.1053,0,0.8436,price_proxy,,,,
2019-06-04,0.4284,0.1046,0,0.685,price_proxy,,,,
2019-06-05,0.543,0.1064,0,1.4634,price_proxy,,,,
2019-06-07,0.5565,0.1008,0,1.0647,price_proxy,,,,
2019-06-10,0.5993,0.1035,0,1.0009,price_proxy,,,,
2019-06-11,0.6385,0.1006,0,0.8242,price_proxy,,,,
2019-06-12,0.6171,0.1006,0,0.5586,price_proxy,,,,
2019-06-13,0.5926,0.0948,0,0.7997,price_proxy,,,,
2019-06-14,0.5055,0.0907,0,0.525,price_proxy,,,,
2019-06-17,0.4243,0.0862,0,0.8545,price_proxy,,,,
2019-06-18,0.4244,0.0837,0,0.6137,price_proxy,,,,
2019-06-19,0.5189,0.0964,0,2.1565,price_proxy,,,,
2019-06-20,0.5402,0.0966,0,1.071,price_proxy,,,,
2019-06-21,0.5795,0.0959,0,0.8574,price_proxy,,,,
2019-06-24,0.6292,0.0944,0,0.8428,price_proxy,,,,
2019-06-25,0.5982,0.096,0,0.541,price_proxy,,,,
2019-06-26,0.5107,0.0919,0,0.772,price_proxy,,,,
2019-06-27,0.4921,0.0801,0,0.817,price_proxy,,,,
2019-06-28,0.4921,0.0796,0,0.8169,price_proxy,,,,
2019-07-01,0.4657,0.0815,0,0.8465,price_proxy,,,,
2019-07-02,0.5374,0.0809,0,0.7125,price_proxy,,,,
2019-07-03,0.5106,0.0818,0,0.5217,price_proxy,,,,
2019-07-04,0.5528,0.0847,0,1.0236,price_proxy,,,,
2019-07-05,0.4841,0.0927,0,0.8062,price_proxy,,,,
2019-07-08,0.3362,0.1312,0,2.8575,price_proxy,,,,
2019-07-09,0.2769,0.1313,0,0.8339,price_proxy,,,,
2019-07-10,0.3201,0.133,0,0.5405,price_proxy,,,,
2019-07-11,0.3329,0.1392,0,0.7369,price_proxy,,,,
2019-07-12,0.4013,0.1375,0,0.2208,price_proxy,,,,
2019-07-15,0.5906,0.1349,0,0.3702,price_proxy,,,,
2019-07-16,0.6004,0.135,0,0.2914,price_proxy,,,,
2019-07-17,0.5233,0.1251,0,0.4767,price_proxy,,,,
2019-07-18,0.4804,0.1246,0,0.9023,price_proxy,,,,
2019-07-19,0.4944,0.1251,0,0.2919,price_proxy,,,,
2019-07-22,0.5084,0.1258,0,0.4654,price_proxy,,,,
2019-07-23,0.5225,0.1253,0,1.0048,price_proxy,,,,
2019-07-24,0.5402,0.1255,0,0.6111,price_proxy,,,,
2019-07-25,0.4887,0.1253,0,0.6042,price_proxy,,,,
2019-07-26,0.4072,0.1294,0,1.2539,price_proxy,,,,
2019-07-29,0.2827,0.1401,0,1.3292,price_proxy,,,,
2019-07-30,0.322,0.1402,0,0.7791,price_proxy,,,,
2019-07-31,0.3479,0.1405,0,1.204,price_proxy,,,,
2019-08-01,0.349,0.1348,0,0.4074,price_proxy,,,,
2019-08-02,0.4263,0.132,0,0.6672,price_proxy,,,,
2019-08-05,0.3906,0.1219,0,2.1452,price_proxy,,,,
2019-08-06,0.1794,0.1518,0,3.0111,price_proxy,,,,
2019-08-07,0.2195,0.1539,0,2.0338,price_proxy,,,,
2019-08-08,0.2658,0.1482,0,2.902,price_proxy,,,,
2019-08-09,0.2887,0.1512,0,0.672,price_proxy,,,,
2019-08-12,0.4372,0.1512,0,0.4993,price_proxy,,,,
2019-08-13,0.7255,0.1616,0,1.1622,price_proxy,,,,
2019-08-14,0.6489,0.1609,0,0.949,price_proxy,,,,
2019-08-16,0.5593,0.1605,0,0.6813,price_proxy,,,,
2019-08-19,0.5137,0.1597,0,0.4009,price_proxy,,,,
2019-08-20,0.5239,0.1595,0,0.5959,price_proxy,,,,
2019-08-21,0.4412,0.1595,0,1.1967,price_proxy,,,,
2019-08-22,0.4274,0.1597,0,0.6135,price_proxy,,,,
2019-08-23,0.422,0.1611,0,1.277,price_proxy,,,,
2019-08-26,0.3197,0.1667,0,1.2581,price_proxy,,,,
2019-08-27,0.2841,0.159,0,1.467,price_proxy,,,,
2019-08-28,0.3418,0.1619,0,0.6145,price_proxy,,,,
2019-08-29,0.3699,0.1617,0,0.3413,price_proxy,,,,
2019-08-30,0.5247,0.1737,0,0.9095,price_proxy,,,,
2019-09-02,0.6458,0.1733,0,0.37,price_proxy,,,,
2019-09-03,0.7268,0.1588,0,0.8767,price_proxy,,,,
2019-09-04,0.7486,0.1301,0,1.6545,price_proxy,,,,
2019-09-05,0.8919,0.1417,0,2.9384,price_proxy,,,,
2019-09-06,0.7648,0.142,0,1.4309,price_proxy,,,,
2019-09-09,0.6533,0.153,0,1.6017,price_proxy,,,,
2019-09-10,0.6053,0.153,0,0.7653,price_proxy,,,,
2019-09-11,0.5618,0.1477,0,0.8197,price_proxy,,,,
2019-09-16,0.4326,0.1473,0,0.3847,price_proxy,,,,
2019-09-17,0.4292,0.1442,0,0.6413,price_proxy,,,,
2019-09-18,0.5259,0.1441,0,0.5938,price_proxy,,,,
2019-09-19,0.5258,0.144,0,0.6563,price_proxy,,,,
2019-09-20,0.5568,0.1486,0,1.5888,price_proxy,,,,
2019-09-23,0.5602,0.1469,0,0.593,price_proxy,,,,
2019-09-24,0.6148,0.1423,0,1.1237,price_proxy,,,,
2019-09-25,0.6629,0.1229,0,1.0727,price_proxy,,,,
2019-09-26,0.6975,0.1203,0,1.9886,price_proxy,,,,
2019-09-27,0.5583,0.1256,0,0.6621,price_proxy,,,,
2019-09-30,0.5338,0.1279,0,0.4748,price_proxy,,,,
2019-10-01,0.5603,0.1223,0,0.9074,price_proxy,,,,
2019-10-02,0.4734,0.1263,0,0.5259,price_proxy,,,,
2019-10-04,0.4362,0.1249,0,0.2223,price_proxy,,,,
2019-10-07,0.4672,0.119,0,0.3038,price_proxy,,,,
2019-10-08,0.4939,0.0999,0,0.7619,price_proxy,,,,
2019-10-10,0.4151,0.1002,0,0.3132,price_proxy,,,,
2019-10-11,0.4401,0.0844,0,0.6242,price_proxy,,,,
2019-10-14,0.5359,0.0979,0,1.3694,price_proxy,,,,
2019-10-15,0.5788,0.096,0,1.5873,price_proxy,,,,
2019-10-16,0.5728,0.096,0,0.8075,price_proxy,,,,
2019-10-17,0.6131,0.0956,0,0.6274,price_proxy,,,,
2019-10-18,0.6574,0.0955,0,0.6856,price_proxy,,,,
2019-10-21,0.5324,0.0972,0,1.0315,price_proxy,,,,
2019-10-22,0.535,0.0902,0,0.5526,price_proxy,,,,
2019-10-23,0.4971,0.0943,0,0.4858,price_proxy,,,,
2019-10-24,0.474,0.0923,0,0.3213,price_proxy,,,,
2019-10-25,0.4714,0.0902,0,1.0943,price_proxy,,,,
2019-10-28,0.5203,0.089,0,1.0903,price_proxy,,,,
2019-10-29,0.5,0.0832,0,0.8935,price_proxy,,,,
2019-10-30,0.4883,0.0877,0,1.1569,price_proxy,,,,
2019-10-31,0.4971,0.0803,0,0.8952,price_proxy,,,,
2019-11-01,0.4594,0.0772,0,0.7411,price_proxy,,,,
2019-11-04,0.4484,0.0776,0,1.7323,price_proxy,,,,
2019-11-05,0.4456,0.0763,0,0.9257,price_proxy,,,,
2019-11-06,0.4912,0.0766,0,0.7642,price_proxy,,,,
2019-11-07,0.453,0.078,0,0.9015,price_proxy,,,,
2019-11-08,0.4081,0.0848,0,1.7617,price_proxy,,,,
2019-11-11,0.3971,0.0644,0,1.3052,price_proxy,,,,
2019-11-12,0.3645,0.0652,0,1.8136,price_proxy,,,,
2019-11-13,0.3815,0.0656,0,0.701,price_proxy,,,,
2019-11-14,0.4188,0.0641,0,0.7691,price_proxy,,,,
2019-11-15,0.4814,0.062,0,0.8185,price_proxy,,,,
2019-11-18,0.4938,0.0628,0,0.5722,price_proxy,,,,
2019-11-19,0.6106,0.0761,0,1.9968,price_proxy,,,,
2019-11-20,0.4969,0.0898,0,2.607,price_proxy,,,,
2019-11-21,0.4091,0.0974,0,1.4662,price_proxy,,,,
2019-11-22,0.4122,0.0962,0,0.5076,price_proxy,,,,
2019-11-25,0.4782,0.1075,0,0.7069,price_proxy,,,,
2019-11-26,0.4162,0.108,0,0.822,price_proxy,,,,
2019-11-27,0.5315,0.1049,0,0.3871,price_proxy,,,,
2019-11-28,0.569,0.1066,0,0.2414,price_proxy,,,,
2019-11-29,0.5459,0.1066,0,0.8173,price_proxy,,,,
2019-12-02,0.4277,0.1068,0,0.6657,price_proxy,,,,
2019-12-03,0.3938,0.107,0,1.6732,price_proxy,,,,
2019-12-04,0.3354,0.1089,0,1.134,price_proxy,,,,
2019-12-05,0.4048,0.1108,0,1.0105,price_proxy,,,,
2019-12-06,0.4391,0.1074,0,0.6585,price_proxy,,,,
2019-12-09,0.5098,0.1097,0,1.039,price_proxy,,,,
2019-12-10,0.533,0.1081,0,1.63,price_proxy,,,,
2019-12-11,0.588,0.1081,0,0.45,price_proxy,,,,
2019-12-12,0.6,0.1105,0,1.2196,price_proxy,,,,
2019-12-13,0.7909,0.1534,0,10.0,price_proxy,,,,
2019-12-16,0.8929,0.1657,0,3.8384,price_proxy,,,,
2019-12-17,1.0,0.1737,0,3.2217,price_proxy,,,,
2019-12-18,1.0,0.1605,0,2.1436,price_proxy,,,,
2019-12-19,1.0,0.1505,0,1.1903,price_proxy,,,,
2019-12-20,0.8175,0.1499,0,0.7818,price_proxy,,,,
2019-12-23,0.6601,0.1483,0,0.655,price_proxy,,,,
2019-12-24,0.4796,0.153,0,0.4599,price_proxy,,,,
2019-12-26,0.5379,0.1556,0,0.6687,price_proxy,,,,
2019-12-27,0.5605,0.151,0,0.7285,price_proxy,,,,
2019-12-30,0.5174,0.151,0,0.2087,price_proxy,,,,
2020-01-02,0.5,0.151,0,0.3504,price_proxy,,,,
2020-01-03,0.5515,0.1491,0,0.673,price_proxy,,,,
2020-01-06,0.4454,0.1467,0,0.3698,price_proxy,,,,
2020-01-07,0.4193,0.1474,0,0.2489,price_proxy,,,,
2020-01-08,0.4383,0.148,0,0.8026,price_proxy,,,,
2020-01-09,0.598,0.1573,0,1.0621,price_proxy,,,,
2020-01-10,0.6681,0.1574,0,0.736,price_proxy,,,,
2020-01-13,0.6837,0.1592,0,0.4584,price_proxy,,,,
2020-01-14,0.7115,0.1591,0,1.7054,price_proxy,,,,
2020-01-15,0.6503,0.1359,0,0.6261,price_proxy,,,,
2020-01-16,0.6461,0.135,0,1.4542,price_proxy,,,,
2020-01-17,0.6134,0.1209,0,1.2742,price_proxy,,,,
2020-01-20,0.6121,0.1224,0,0.7313,price_proxy,,,,
2020-01-21,0.5783,0.1227,0,0.8346,price_proxy,,,,
2020-01-22,0.7536,0.1327,0,7.0947,price_proxy,,,,
2020-01-23,0.7143,0.1359,0,2.2681,price_proxy,,,,
2020-01-28,0.5832,0.1424,0,1.2752,price_proxy,,,,
2020-01-29,0.5863,0.1405,0,0.871,price_proxy,,,,
2020-01-30,0.5222,0.1468,0,0.8496,price_proxy,,,,
2020-01-31,0.3297,0.1561,0,1.1642,price_proxy,,,,
2020-02-03,0.2641,0.1543,0,0.7198,price_proxy,,,,
2020-02-04,0.3927,0.1562,0,0.5567,price_proxy,,,,
2020-02-05,0.4173,0.1541,0,0.9475,price_proxy,,,,
2020-02-06,0.5329,0.1551,0,0.2617,price_proxy,,,,
2020-02-07,0.6563,0.1548,0,0.3664,price_proxy,,,,
2020-02-10,0.6554,0.1424,0,0.5593,price_proxy,,,,
2020-02-11,0.5889,0.1392,0,0.2434,price_proxy,,,,
2020-02-12,0.5642,0.139,0,0.3353,price_proxy,,,,
2020-02-13,0.6338,0.1507,0,1.9148,price_proxy,,,,
2020-02-14,0.6023,0.1462,0,0.7035,price_proxy,,,,
2020-02-17,0.6082,0.1335,0,0.6088,price_proxy,,,,
2020-02-18,0.5617,0.1365,0,0.5111,price_proxy,,,,
2020-02-19,0.6008,0.1359,0,0.5214,price_proxy,,,,
2020-02-20,0.4757,0.1359,0,0.9805,price_proxy,,,,
2020-02-21,0.4391,0.1264,0,0.508,price_proxy,,,,
2020-02-24,0.3491,0.1236,0,0.5966,price_proxy,,,,
2020-02-25,0.4959,0.1294,0,0.648,price_proxy,,,,
2020-02-26,0.4755,0.1289,0,0.6128,price_proxy,,,,
2020-02-27,0.3649,0.1397,0,0.7731,price_proxy,,,,
2020-02-28,0.3117,0.141,0,0.9903,price_proxy,,,,
2020-03-02,0.4848,0.1518,0,0.714,price_proxy,,,,
2020-03-03,0.3759,0.1491,0,0.5701,price_proxy,,,,
2020-03-04,0.4112,0.1505,0,0.632,price_proxy,,,,
2020-03-05,0.5988,0.1522,0,0.8252,price_proxy,,,,
2020-03-06,0.6293,0.1568,0,0.5402,price_proxy,,,,
2020-03-09,0.432,0.1634,0,0.6114,price_proxy,,,,
2020-03-10,0.4824,0.1653,0,0.6987,price_proxy,,,,
2020-03-11,0.3486,0.1727,0,0.5843,price_proxy,,,,
2020-03-12,0.1569,0.1725,0,1.2612,price_proxy,,,,
2020-03-13,0.1377,0.1764,0,1.7589,price_proxy,,,,
2020-03-16,0.1277,0.1792,0,0.7742,price_proxy,,,,
2020-03-17,0.0484,0.1795,0,1.2529,price_proxy,,,,
2020-03-18,0.0228,0.184,0,0.7034,price_proxy,,,,
2020-03-19,0.0,0.257,0,1.3784,price_proxy,,,,
2020-03-20,0.1079,0.3207,0,1.8667,price_proxy,,,,
2020-03-23,0.0649,0.3256,0,0.9334,price_proxy,,,,
2020-03-24,0.25,0.3364,0,1.1906,price_proxy,,,,
2020-03-25,0.5983,0.3682,0,1.305,price_proxy,,,,
2020-03-26,1.0,0.3656,0,0.7924,price_proxy,,,,
2020-03-27,0.7339,0.3632,0,0.9698,price_proxy,,,,
2020-03-30,0.9955,0.3597,0,0.5825,price_proxy,,,,
2020-03-31,0.7562,0.3597,0,0.8889,price_proxy,,,,
2020-04-01,0.4561,0.3584,0,0.4478,price_proxy,,,,
2020-04-02,0.4536,0.3555,0,0.6263,price_proxy,,,,
2020-04-03,0.4971,0.3553,0,0.3788,price_proxy,,,,
2020-04-06,0.5086,0.3574,0,0.8133,price_proxy,,,,
2020-04-07,0.6805,0.3648,0,1.4683,price_proxy,,,,
2020-04-08,0.7156,0.3617,0,0.9283,price_proxy,,,,
2020-04-09,0.681,0.3534,0,0.7274,price_proxy,,,,
2020-04-10,0.6152,0.3509,0,0.8809,price_proxy,,,,
2020-04-13,0.5057,0.3469,0,0.6393,price_proxy,,,,
2020-04-14,0.4359,0.3462,0,0.8224,price_proxy,,,,
2020-04-16,0.4838,0.3375,0,0.7179,price_proxy,,,,
2020-04-17,0.6224,0.2583,0,1.6305,price_proxy,,,,
2020-04-20,0.7039,0.2132,0,0.7173,price_proxy,,,,
2020-04-21,0.7128,0.1908,0,0.8855,price_proxy,,,,
2020-04-22,0.6793,0.1749,0,0.6113,price_proxy,,,,
2020-04-23,0.6608,0.127,0,0.5956,price_proxy,,,,
2020-04-24,0.4744,0.1328,0,0.5861,price_proxy,,,,
2020-04-27,0.4899,0.1309,0,0.4209,price_proxy,,,,
2020-04-28,0.5026,0.1285,0,0.5744,price_proxy,,,,
2020-04-29,0.4823,0.1257,0,1.2893,price_proxy,,,,
2020-05-04,0.4344,0.1236,0,0.5243,price_proxy,,,,
2020-05-06,0.5701,0.1281,0,0.7494,price_proxy,,,,
2020-05-07,0.635,0.1357,0,1.3129,price_proxy,,,,
2020-05-08,0.7407,0.1372,0,1.9278,price_proxy,,,,
2020-05-11,0.7912,0.1245,0,1.0705,price_proxy,,,,
2020-05-12,0.7947,0.1261,0,0.9177,price_proxy,,,,
2020-05-13,0.6305,0.1337,0,1.0202,price_proxy,,,,
2020-05-14,0.4666,0.1348,0,0.8596,price_proxy,,,,
2020-05-15,0.4406,0.1344,0,1.111,price_proxy,,,,
2020-05-18,0.4309,0.1333,0,1.0755,price_proxy,,,,
2020-05-19,0.45,0.1347,0,1.0941,price_proxy,,,,
2020-05-20,0.7615,0.1701,0,10.0,price_proxy,,,,
2020-05-21,0.8058,0.1716,0,1.655,price_proxy,,,,
2020-05-22,0.6837,0.174,0,1.2966,price_proxy,,,,
2020-05-25,0.8072,0.1886,0,2.3754,price_proxy,,,,
2020-05-26,0.7844,0.1914,0,1.3527,price_proxy,,,,
2020-05-27,0.4583,0.1947,0,0.9451,price_proxy,,,,
2020-05-28,0.3947,0.2024,0,0.8885,price_proxy,,,,
2020-05-29,0.4914,0.2027,0,0.4673,price_proxy,,,,
2020-06-01,0.3418,0.203,0,0.7723,price_proxy,,,,
2020-06-02,0.3694,0.201,0,0.4344,price_proxy,,,,
2020-06-03,0.3979,0.2016,0,0.7514,price_proxy,,,,
2020-06-04,0.4644,0.1958,0,0.6802,price_proxy,,,,
2020-06-05,0.4025,0.1906,0,0.414,price_proxy,,,,
2020-06-08,0.3826,0.1892,0,0.7641,price_proxy,,,,
2020-06-09,0.345,0.1899,0,1.0511,price_proxy,,,,
2020-06-10,0.4327,0.1872,0,0.5372,price_proxy,,,,
2020-06-11,0.4118,0.1856,0,0.4844,price_proxy,,,,
2020-06-12,0.3497,0.1876,0,0.6179,price_proxy,,,,
2020-06-15,0.2552,0.1971,0,0.8014,price_proxy,,,,
2020-06-16,0.3391,0.1993,0,0.4739,price_proxy,,,,
2020-06-17,0.3051,0.145,0,0.5049,price_proxy,,,,
2020-06-18,0.3604,0.1466,0,0.4557,price_proxy,,,,
2020-06-19,0.4901,0.1505,0,0.52,price_proxy,,,,
2020-06-22,0.6079,0.1178,0,0.4172,price_proxy,,,,
2020-06-23,0.5257,0.1176,0,0.6366,price_proxy,,,,
2020-06-24,0.536,0.1139,0,0.6953,price_proxy,,,,
2020-06-25,0.4644,0.1091,0,0.8477,price_proxy,,,,
2020-06-26,0.4035,0.1028,0,0.5523,price_proxy,,,,
2020-06-29,0.3527,0.1063,0,0.8316,price_proxy,,,,
2020-06-30,0.3983,0.1077,0,1.0209,price_proxy,,,,
2020-07-01,0.3763,0.1062,0,1.0364,price_proxy,,,,
2020-07-02,0.4067,0.1062,0,1.0169,price_proxy,,,,
2020-07-03,0.5494,0.1357,0,1.801,price_proxy,,,,
2020-07-06,0.6806,0.1393,0,1.8625,price_proxy,,,,
2020-07-07,0.6205,0.1388,0,1.1758,price_proxy,,,,
2020-07-08,0.753,0.1509,0,2.9355,price_proxy,,,,
2020-07-09,0.8152,0.1506,0,1.8157,price_proxy,,,,
2020-07-10,0.703,0.1449,0,1.4447,price_proxy,,,,
2020-07-13,0.7077,0.1256,0,1.779,price_proxy,,,,
2020-07-14,0.8333,0.1279,0,1.9625,price_proxy,,,,
2020-07-15,0.684,0.1294,0,1.4057,price_proxy,,,,
2020-07-16,0.5915,0.1341,0,0.9942,price_proxy,,,,
2020-07-17,0.7604,0.1664,0,6.4124,price_proxy,,,,
2020-07-20,0.6523,0.1684,0,1.4466,price_proxy,,,,
2020-07-21,0.9134,0.229,0,7.7554,price_proxy,,,,
2020-07-22,1.0,0.2287,0,4.4787,price_proxy,,,,
2020-07-23,1.0,0.2234,0,2.2574,price_proxy,,,,
2020-07-24,0.9261,0.222,0,1.3212,price_proxy,,,,
2020-07-27,1.0,0.2123,0,0.9606,price_proxy,,,,
2020-07-28,0.6973,0.2126,0,0.7581,price_proxy,,,,
2020-07-29,0.6572,0.2107,0,0.5172,price_proxy,,,,
2020-07-30,0.5847,0.2097,0,0.3913,price_proxy,,,,
2020-07-31,0.4916,0.214,0,0.8037,price_proxy,,,,
2020-08-03,0.5,0.2141,0,0.5123,price_proxy,,,,
2020-08-04,0.4837,0.2108,0,0.3725,price_proxy,,,,
2020-08-05,0.4271,0.2119,0,0.3956,price_proxy,,,,
2020-08-06,0.4024,0.2152,0,0.3531,price_proxy,,,,
2020-08-07,0.4831,0.2156,0,0.2587,price_proxy,,,,
2020-08-10,0.4344,0.2155,0,0.2363,price_proxy,,,,
2020-08-11,0.5082,0.2154,0,0.5558,price_proxy,,,,
2020-08-12,0.4664,0.2219,0,2.2637,price_proxy,,,,
2020-08-13,0.4487,0.222,0,0.3645,price_proxy,,,,
2020-08-14,0.3723,0.2047,0,0.5,price_proxy,,,,
2020-08-18,0.2712,0.2116,0,0.347,price_proxy,,,,
2020-08-19,0.2705,0.1276,0,0.2458,price_proxy,,,,
2020-08-20,0.194,0.1498,0,0.7896,price_proxy,,,,
2020-08-21,0.2509,0.1448,0,0.4748,price_proxy,,,,
2020-08-24,0.3182,0.1441,0,0.399,price_proxy,,,,
2020-08-25,0.4713,0.1455,0,0.3866,price_proxy,,,,
2020-08-26,0.3704,0.1453,0,0.3669,price_proxy,,,,
2020-08-27,0.4778,0.1455,0,0.4444,price_proxy,,,,
2020-08-28,0.498,0.1485,0,0.5761,price_proxy,,,,
2020-08-31,0.52,0.1473,0,0.376,price_proxy,,,,
2020-09-01,0.4903,0.1437,0,0.602,price_proxy,,,,
2020-09-02,0.5396,0.1443,0,0.6139,price_proxy,,,,
2020-09-03,0.6837,0.1517,0,1.0554,price_proxy,,,,
2020-09-04,0.6063,0.1518,0,0.6235,price_proxy,,,,
2020-09-07,0.5792,0.1516,0,0.5938,price_proxy,,,,
2020-09-08,0.7049,0.1744,0,2.3808,price_proxy,,,,
2020-09-09,0.733,0.1713,0,1.4624,price_proxy,,,,
2020-09-10,0.6495,0.1658,0,1.2147,price_proxy,,,,
2020-09-11,0.6238,0.1667,0,0.8722,price_proxy,,,,
2020-09-14,0.6524,0.1627,0,0.4659,price_proxy,,,,
2020-09-15,0.4558,0.1546,0,0.7732,price_proxy,,,,
2020-09-16,0.3783,0.1531,0,0.7881,price_proxy,,,,
2020-09-17,0.3261,0.1268,0,0.9842,price_proxy,,,,
2020-09-18,0.3834,0.1268,0,0.3143,price_proxy,,,,
2020-09-21,0.3142,0.1299,0,0.4273,price_proxy,,,,
2020-09-22,0.3281,0.1269,0,0.5004,price_proxy,,,,
2020-09-23,0.4074,0.1269,0,0.4721,price_proxy,,,,
2020-09-24,0.4048,0.1267,0,0.5646,price_proxy,,,,
2020-09-25,0.3857,0.1259,0,0.3734,price_proxy,,,,
2020-09-28,0.5195,0.1343,0,0.3923,price_proxy,,,,
2020-09-29,0.5693,0.1338,0,0.5659,price_proxy,,,,
2020-10-05,0.5485,0.1341,0,0.3414,price_proxy,,,,
2020-10-06,0.6,0.1275,0,0.4261,price_proxy,,,,
2020-10-07,0.6313,0.126,0,0.2415,price_proxy,,,,
2020-10-08,0.529,0.1261,0,0.4845,price_proxy,,,,
2020-10-12,0.6244,0.1136,0,1.7923,price_proxy,,,,
2020-10-13,0.6611,0.1157,0,2.2361,price_proxy,,,,
2020-10-14,0.6333,0.1172,0,1.0304,price_proxy,,,,
2020-10-15,0.5853,0.1142,0,1.1358,price_proxy,,,,
2020-10-16,0.6524,0.1171,0,2.5672,price_proxy,,,,
2020-10-19,0.5541,0.1146,0,3.3927,price_proxy,,,,
2020-10-20,0.4386,0.117,0,1.6437,price_proxy,,,,
2020-10-21,0.4732,0.1124,0,0.7985,price_proxy,,,,
2020-10-22,0.4636,0.1156,0,0.8022,price_proxy,,,,
2020-10-23,0.3142,0.1258,0,1.2485,price_proxy,,,,
2020-10-26,0.2632,0.1266,0,0.7861,price_proxy,,,,
2020-10-27,0.3281,0.1248,0,0.5077,price_proxy,,,,
2020-10-28,0.3733,0.1233,0,0.4103,price_proxy,,,,
2020-10-29,0.5093,0.1318,0,1.0939,price_proxy,,,,
2020-10-30,0.6171,0.1238,0,1.9466,price_proxy,,,,
2020-11-02,0.6791,0.1238,0,0.3938,price_proxy,,,,
2020-11-03,0.6881,0.1238,0,0.7467,price_proxy,,,,
2020-11-04,0.6739,0.1245,0,0.6742,price_proxy,,,,
2020-11-05,0.5922,0.1247,0,0.7817,price_proxy,,,,
2020-11-06,0.6382,0.1257,0,1.6318,price_proxy,,,,
2020-11-09,0.6005,0.1122,0,0.7195,price_proxy,,,,
2020-11-10,0.5814,0.1087,0,0.5919,price_proxy,,,,
2020-11-11,0.4911,0.1107,0,0.8653,price_proxy,,,,
2020-11-12,0.4559,0.1094,0,0.3693,price_proxy,,,,
2020-11-13,0.5,0.1159,0,1.1509,price_proxy,,,,
2020-11-16,0.6826,0.1439,0,4.4833,price_proxy,,,,
2020-11-17,0.7087,0.1382,0,1.8845,price_proxy,,,,
2020-11-18,0.6964,0.1441,0,1.1501,price_proxy,,,,
2020-11-19,0.8153,0.1461,0,1.7743,price_proxy,,,,
2020-11-20,0.6724,0.1341,0,0.8368,price_proxy,,,,
2020-11-23,0.5398,0.1298,0,1.289,price_proxy,,,,
2020-11-24,0.5157,0.1303,0,0.6552,price_proxy,,,,
2020-11-25,0.5081,0.1387,0,0.9459,price_proxy,,,,
2020-11-26,0.4455,0.1318,0,0.5853,price_proxy,,,,
2020-11-27,0.4762,0.1321,0,0.3338,price_proxy,,,,
2020-11-30,0.4062,0.1352,0,0.4487,price_proxy,,,,
2020-12-01,0.4531,0.1366,0,0.6104,price_proxy,,,,
2020-12-02,0.5648,0.1369,0,1.0964,price_proxy,,,,
2020-12-03,0.492,0.1405,0,0.6523,price_proxy,,,,
2020-12-04,0.492,0.1395,0,0.6305,price_proxy,,,,
2020-12-07,0.5656,0.1394,0,0.8169,price_proxy,,,,
2020-12-08,0.652,0.1541,0,3.4365,price_proxy,,,,
2020-12-09,0.649,0.1495,0,1.1884,price_proxy,,,,
2020-12-10,0.7008,0.1484,0,1.2482,price_proxy,,,,
2020-12-11,0.7661,0.1445,0,0.9409,price_proxy,,,,
2020-12-14,0.6825,0.1237,0,0.6273,price_proxy,,,,
2020-12-15,0.6115,0.127,0,0.7659,price_proxy,,,,
2020-12-16,0.8212,0.1687,0,3.4268,price_proxy,,,,
2020-12-17,0.9453,0.1708,0,2.9226,price_proxy,,,,
2020-12-18,0.8203,0.1727,0,0.9183,price_proxy,,,,
2020-12-21,0.98,0.1761,0,1.054,price_proxy,,,,
2020-12-22,0.8873,0.1768,0,1.0559,price_proxy,,,,
2020-12-23,0.6258,0.1692,0,0.7936,price_proxy,,,,
2020-12-24,0.5179,0.17,0,0.6126,price_proxy,,,,
2020-12-28,0.5245,0.174,0,0.7675,price_proxy,,,,
2020-12-29,0.5997,0.1844,0,1.2949,price_proxy,,,,
2020-12-30,0.6357,0.1845,0,0.6857,price_proxy,,,,
2021-01-04,0.6598,0.1849,0,0.5467,price_proxy,,,,
2021-01-05,0.6183,0.1838,0,0.5868,price_proxy,,,,
2021-01-06,0.6333,0.1861,0,0.5213,price_proxy,,,,
2021-01-07,0.4553,0.1879,0,0.5721,price_proxy,,,,
2021-01-08,0.4337,0.18,0,0.868,price_proxy,,,,
2021-01-11,0.3849,0.1829,0,0.9084,price_proxy,,,,
2021-01-12,0.4441,0.1824,0,0.6345,price_proxy,,,,
2021-01-13,0.5511,0.1838,0,0.8891,price_proxy,,,,
2021-01-14,0.5229,0.1834,0,0.5372,price_proxy,,,,
2021-01-15,0.6543,0.1904,0,5.6335,price_proxy,,,,
2021-01-18,0.8256,0.1599,0,2.1792,price_proxy,,,,
2021-01-19,0.8276,0.1532,0,1.1093,price_proxy,,,,
2021-01-20,0.7438,0.1481,0,0.6787,price_proxy,,,,
2021-01-21,0.822,0.143,0,1.388,price_proxy,,,,
2021-01-22,0.6963,0.142,0,0.7979,price_proxy,,,,
2021-01-25,0.575,0.1415,0,0.4559,price_proxy,,,,
2021-01-26,0.579,0.141,0,0.5248,price_proxy,,,,
2021-01-27,0.4753,0.1511,0,0.6448,price_proxy,,,,
2021-01-28,0.427,0.1272,0,0.4227,price_proxy,,,,
2021-01-29,0.3261,0.1379,0,0.5811,price_proxy,,,,
2021-02-01,0.447,0.1548,0,0.6411,price_proxy,,,,
2021-02-02,0.4192,0.1525,0,0.7129,price_proxy,,,,
2021-02-03,0.51,0.1508,0,0.3557,price_proxy,,,,
2021-02-04,0.4798,0.1541,0,0.3453,price_proxy,,,,
2021-02-05,0.5635,0.1544,0,0.2983,price_proxy,,,,
2021-02-08,0.4109,0.1534,0,0.2435,price_proxy,,,,
2021-02-09,0.4109,0.1534,0,0.2596,price_proxy,,,,
2021-02-10,0.4254,0.1493,0,0.2125,price_proxy,,,,
2021-02-15,0.5969,0.1589,0,0.8957,price_proxy,,,,
2021-02-16,0.6128,0.1456,0,0.8384,price_proxy,,,,
2021-02-17,0.7176,0.1371,0,1.4796,price_proxy,,,,
2021-02-18,0.7383,0.1369,0,1.6192,price_proxy,,,,
2021-02-19,1.0,0.1861,0,8.1249,price_proxy,,,,
2021-02-22,0.8455,0.1867,0,1.7572,price_proxy,,,,
2021-02-23,0.7039,0.1998,0,1.0591,price_proxy,,,,
2021-02-24,0.5093,0.2091,0,0.9827,price_proxy,,,,
2021-02-25,0.5648,0.212,0,0.5883,price_proxy,,,,
2021-02-26,0.3268,0.2039,0,0.5099,price_proxy,,,,
2021-03-02,0.3589,0.2031,0,0.5123,price_proxy,,,,
2021-03-03,0.5,0.1945,0,0.3682,price_proxy,,,,
2021-03-04,0.607,0.1834,0,0.3594,price_proxy,,,,
2021-03-05,0.4955,0.1851,0,0.7105,price_proxy,,,,
2021-03-08,0.4503,0.1885,0,0.3117,price_proxy,,,,
2021-03-09,0.3571,0.1911,0,0.5014,price_proxy,,,,
2021-03-10,0.2797,0.194,0,0.3434,price_proxy,,,,
2021-03-11,0.4382,0.2128,0,0.6455,price_proxy,,,,
2021-03-12,0.5404,0.2145,0,0.7925,price_proxy,,,,
2021-03-15,0.6944,0.2175,0,0.7461,price_proxy,,,,
2021-03-16,0.7452,0.2114,0,0.5701,price_proxy,,,,
2021-03-17,0.8416,0.2114,0,0.3766,price_proxy,,,,
2021-03-18,0.7506,0.2124,0,0.8045,price_proxy,,,,
2021-03-19,0.7467,0.214,0,1.5162,price_proxy,,,,
2021-03-22,0.7068,0.1741,0,1.0706,price_proxy,,,,
2021-03-23,0.6456,0.1807,0,1.0401,price_proxy,,,,
2021-03-24,0.5973,0.1683,0,1.0902,price_proxy,,,,
2021-03-25,0.4676,0.1583,0,0.5458,price_proxy,,,,
2021-03-26,0.3902,0.1552,0,0.6453,price_proxy,,,,
2021-03-29,0.3509,0.1547,0,0.5079,price_proxy,,,,
2021-03-30,0.4521,0.1547,0,0.4116,price_proxy,,,,
2021-03-31,0.4677,0.1546,0,0.3703,price_proxy,,,,
2021-04-01,0.644,0.1683,0,2.1386,price_proxy,,,,
2021-04-02,0.6992,0.1662,0,1.8443,price_proxy,,,,
2021-04-05,0.9463,0.1957,0,5.1043,price_proxy,,,,
2021-04-06,1.0,0.1872,0,2.5392,price_proxy,,,,
2021-04-07,1.0,0.1798,0,1.0836,price_proxy,,,,
2021-04-08,0.9415,0.1652,0,1.378,price_proxy,,,,
2021-04-09,0.9792,0.165,0,0.9613,price_proxy,,,,
2021-04-12,0.7297,0.1633,0,0.664,price_proxy,,,,
2021-04-13,0.5684,0.1704,0,0.8996,price_proxy,,,,
2021-04-14,0.555,0.1712,0,0.6213,price_proxy,,,,
2021-04-15,0.4623,0.1713,0,0.4042,price_proxy,,,,
2021-04-16,0.4178,0.1699,0,0.4072,price_proxy,,,,
2021-04-19,0.4545,0.1697,0,1.1312,price_proxy,,,,
2021-04-20,0.5724,0.1591,0,0.5108,price_proxy,,,,
2021-04-21,0.5819,0.1573,0,0.4981,price_proxy,,,,
2021-04-22,0.6795,0.1528,0,1.5552,price_proxy,,,,
2021-04-23,0.7698,0.1541,0,1.0891,price_proxy,,,,
2021-04-26,0.8597,0.1597,0,1.0826,price_proxy,,,,
2021-04-27,0.8191,0.1606,0,0.8496,price_proxy,,,,
2021-04-28,0.618,0.1946,0,1.26,price_proxy,,,,
2021-04-29,0.4765,0.1962,0,1.2113,price_proxy,,,,
2021-04-30,0.4273,0.1966,0,0.9359,price_proxy,,,,
2021-05-03,0.2766,0.1621,0,0.489,price_proxy,,,,
2021-05-04,0.2562,0.1594,0,1.0684,price_proxy,,,,
2021-05-06,0.36,0.1632,0,0.6407,price_proxy,,,,
2021-05-07,0.4464,0.1606,0,0.6554,price_proxy,,,,
2021-05-10,0.3694,0.1577,0,0.7957,price_proxy,,,,
2021-05-11,0.3402,0.1616,0,0.9002,price_proxy,,,,
2021-05-12,0.3925,0.158,0,0.9138,price_proxy,,,,
2021-05-13,0.3433,0.1681,0,1.0425,price_proxy,,,,
2021-05-14,0.5092,0.1961,0,1.5994,price_proxy,,,,
2021-05-17,0.5311,0.1961,0,1.1577,price_proxy,,,,
2021-05-18,0.6994,0.2003,0,0.9786,price_proxy,,,,
2021-05-20,0.6609,0.1995,0,0.9532,price_proxy,,,,
2021-05-21,0.7833,0.1995,0,0.7377,price_proxy,,,,
2021-05-24,0.4817,0.2046,0,0.7119,price_proxy,,,,
2021-05-25,0.4725,0.196,0,0.528,price_proxy,,,,
2021-05-26,0.3596,0.1805,0,0.4855,price_proxy,,,,
2021-05-27,0.4679,0.1942,0,0.8247,price_proxy,,,,
2021-05-28,0.4445,0.1744,0,0.5607,price_proxy,,,,
2021-05-31,0.5031,0.1706,0,0.5875,price_proxy,,,,
2021-06-01,0.4969,0.1684,0,0.4679,price_proxy,,,,
2021-06-02,0.5755,0.1698,0,0.7122,price_proxy,,,,
2021-06-03,0.5712,0.1803,0,2.2492,price_proxy,,,,
2021-06-04,0.539,0.1801,0,1.0856,price_proxy,,,,
2021-06-07,0.5982,0.1801,0,0.6662,price_proxy,,,,
2021-06-08,0.587,0.1804,0,0.4359,price_proxy,,,,
2021-06-09,0.4939,0.1777,0,0.498,price_proxy,,,,
2021-06-10,0.4169,0.1775,0,0.3351,price_proxy,,,,
2021-06-11,0.4617,0.1661,0,0.3861,price_proxy,,,,
2021-06-14,0.4269,0.1335,0,0.3988,price_proxy,,,,
2021-06-15,0.4851,0.1339,0,0.7493,price_proxy,,,,
2021-06-16,0.5426,0.1247,0,0.4519,price_proxy,,,,
2021-06-17,0.512,0.1247,0,0.7343,price_proxy,,,,
2021-06-18,0.524,0.1247,0,1.489,price_proxy,,,,
2021-06-21,0.4848,0.1169,0,0.7772,price_proxy,,,,
2021-06-22,0.47,0.1165,0,0.3409,price_proxy,,,,
2021-06-23,0.4226,0.1169,0,0.6766,price_proxy,,,,
2021-06-24,0.4435,0.0981,0,0.6365,price_proxy,,,,
2021-06-25,0.4407,0.0974,0,0.5125,price_proxy,,,,
2021-06-28,0.5031,0.0947,0,0.4143,price_proxy,,,,
2021-06-29,0.5122,0.094,0,0.8635,price_proxy,,,,
2021-06-30,0.596,0.0938,0,1.0498,price_proxy,,,,
2021-07-01,0.5856,0.0705,0,2.1967,price_proxy,,,,
2021-07-02,0.6927,0.0839,0,4.0752,price_proxy,,,,
2021-07-05,0.6405,0.0878,0,1.878,price_proxy,,,,
2021-07-06,0.6241,0.0853,0,0.8939,price_proxy,,,,
2021-07-07,0.5827,0.0812,0,0.7297,price_proxy,,,,
2021-07-08,0.5029,0.0877,0,0.7616,price_proxy,,,,
2021-07-09,0.4107,0.0875,0,0.7924,price_proxy,,,,
2021-07-12,0.4315,0.0877,0,0.4866,price_proxy,,,,
2021-07-13,0.4345,0.0869,0,0.4352,price_proxy,,,,
2021-07-14,0.4064,0.0874,0,0.516,price_proxy,,,,
2021-07-15,0.5059,0.0897,0,0.812,price_proxy,,,,
2021-07-16,0.4825,0.0903,0,1.4104,price_proxy,,,,
2021-07-19,0.6595,0.1151,0,5.6781,price_proxy,,,,
2021-07-20,0.7091,0.1171,0,2.9285,price_proxy,,,,
2021-07-21,0.7202,0.115,0,1.0922,price_proxy,,,,
2021-07-22,0.7891,0.1238,0,3.4729,price_proxy,,,,
2021-07-23,0.8741,0.1249,0,1.5318,price_proxy,,,,
2021-07-26,0.5958,0.1402,0,0.946,price_proxy,,,,
2021-07-27,0.532,0.1409,0,0.4565,price_proxy,,,,
2021-07-28,0.5509,0.1397,0,0.4749,price_proxy,,,,
2021-07-29,0.3827,0.1466,0,0.6188,price_proxy,,,,
2021-07-30,0.3189,0.1372,0,0.5682,price_proxy,,,,
2021-08-02,0.4556,0.1361,0,0.4116,price_proxy,,,,
2021-08-03,0.4685,0.1362,0,0.6041,price_proxy,,,,
2021-08-04,0.4451,0.1367,0,0.3735,price_proxy,,,,
2021-08-05,0.519,0.1313,0,0.3106,price_proxy,,,,
2021-08-06,0.5109,0.1323,0,0.2866,price_proxy,,,,
2021-08-09,0.5027,0.1318,0,0.4134,price_proxy,,,,
2021-08-10,0.444,0.1366,0,0.4055,price_proxy,,,,
2021-08-11,0.4032,0.1402,0,0.5455,price_proxy,,,,
2021-08-12,0.4275,0.1396,0,0.4765,price_proxy,,,,
2021-08-13,0.3562,0.149,0,0.6753,price_proxy,,,,
2021-08-17,0.276,0.1252,0,0.5573,price_proxy,,,,
2021-08-18,0.3491,0.122,0,0.5273,price_proxy,,,,
2021-08-19,0.291,0.1349,0,0.7371,price_proxy,,,,
2021-08-20,0.2883,0.1206,0,0.8765,price_proxy,,,,
2021-08-23,0.4415,0.123,0,0.8302,price_proxy,,,,
2021-08-24,0.5661,0.1234,0,0.7837,price_proxy,,,,
2021-08-25,0.5682,0.1248,0,1.1988,price_proxy,,,,
2021-08-26,0.6987,0.1246,0,0.4973,price_proxy,,,,
2021-08-27,0.6495,0.12,0,0.4138,price_proxy,,,,
2021-08-30,0.5693,0.1199,0,0.3928,price_proxy,,,,
2021-08-31,0.5087,0.1172,0,0.5057,price_proxy,,,,
2021-09-01,0.4627,0.1172,0,0.3738,price_proxy,,,,
2021-09-02,0.4512,0.1172,0,0.3351,price_proxy,,,,
2021-09-03,0.4739,0.1172,0,0.6271,price_proxy,,,,
2021-09-06,0.4389,0.1185,0,1.2196,price_proxy,,,,
2021-09-07,0.3958,0.1164,0,0.8605,price_proxy,,,,
2021-09-08,0.4035,0.1139,0,0.7882,price_proxy,,,,
2021-09-09,0.3882,0.1113,0,0.6502,price_proxy,,,,
2021-09-10,0.3943,0.1099,0,0.589,price_proxy,,,,
2021-09-13,0.4189,0.0995,0,0.6503,price_proxy,,,,
2021-09-14,0.4573,0.0962,0,0.5324,price_proxy,,,,
2021-09-15,0.4785,0.0953,0,0.5671,price_proxy,,,,
2021-09-16,0.4844,0.0717,0,0.5519,price_proxy,,,,
2021-09-17,0.5155,0.0738,0,0.9619,price_proxy,,,,
2021-09-23,0.5313,0.0636,0,0.6944,price_proxy,,,,
2021-09-24,0.5218,0.0481,0,0.7591,price_proxy,,,,
2021-09-27,0.5497,0.0506,0,1.7569,price_proxy,,,,
2021-09-28,0.522,0.0554,0,1.0037,price_proxy,,,,
2021-09-29,0.4015,0.0674,0,1.6804,price_proxy,,,,
2021-09-30,0.4168,0.0686,0,0.8232,price_proxy,,,,
2021-10-01,0.3827,0.0691,0,0.8341,price_proxy,,,,
2021-10-05,0.2576,0.0828,0,1.425,price_proxy,,,,
2021-10-06,0.2081,0.0948,0,1.751,price_proxy,,,,
2021-10-07,0.4547,0.1491,0,1.8738,price_proxy,,,,
2021-10-08,0.3907,0.1497,0,0.9832,price_proxy,,,,
2021-10-12,0.3426,0.1549,0,1.0969,price_proxy,,,,
2021-10-13,0.4379,0.155,0,0.6375,price_proxy,,,,
2021-10-14,0.6236,0.1622,0,0.7482,price_proxy,,,,
2021-10-15,0.5795,0.1828,0,2.6603,price_proxy,,,,
2021-10-18,0.619,0.1827,0,0.9019,price_proxy,,,,
2021-10-19,0.6815,0.1834,0,0.6797,price_proxy,,,,
2021-10-20,0.6566,0.1836,0,0.4954,price_proxy,,,,
2021-10-21,0.5651,0.1833,0,0.7753,price_proxy,,,,
2021-10-22,0.4459,0.1825,0,0.6316,price_proxy,,,,
2021-10-25,0.4679,0.1826,0,0.5268,price_proxy,,,,
2021-10-26,0.5653,0.1862,0,1.1067,price_proxy,,,,
2021-10-27,0.5825,0.185,0,0.6963,price_proxy,,,,
2021-10-28,0.6592,0.1864,0,1.8571,price_proxy,,,,
2021-10-29,0.6047,0.1813,0,1.2382,price_proxy,,,,
2021-11-01,0.5489,0.1833,0,0.6388,price_proxy,,,,
2021-11-02,0.5,0.182,0,0.5313,price_proxy,,,,
2021-11-03,0.4651,0.1747,0,0.5849,price_proxy,,,,
2021-11-04,0.4293,0.1634,0,0.5232,price_proxy,,,,
2021-11-05,0.5093,0.131,0,1.8082,price_proxy,,,,
2021-11-08,0.5573,0.1267,0,1.0609,price_proxy,,,,
2021-11-09,0.5442,0.1144,0,0.7015,price_proxy,,,,
2021-11-10,0.529,0.1201,0,0.7914,price_proxy,,,,
2021-11-11,0.4809,0.1154,0,0.5816,price_proxy,,,,
2021-11-12,0.4938,0.0912,0,0.9961,price_proxy,,,,
2021-11-15,0.6331,0.1157,0,4.5638,price_proxy,,,,
2021-11-16,0.6422,0.1133,0,2.4261,price_proxy,,,,
2021-11-17,0.7003,0.1119,0,1.4327,price_proxy,,,,
2021-11-18,0.7669,0.1117,0,1.2233,price_proxy,,,,
2021-11-19,0.7236,0.1119,0,1.8039,price_proxy,,,,
2021-11-22,0.7409,0.134,0,5.2827,price_proxy,,,,
2021-11-23,0.653,0.1402,0,1.3359,price_proxy,,,,
2021-11-24,0.5636,0.1502,0,1.7287,price_proxy,,,,
2021-11-25,0.4631,0.1524,0,0.818,price_proxy,,,,
2021-11-26,0.3911,0.1539,0,0.7214,price_proxy,,,,
2021-11-29,0.2202,0.1531,0,0.9799,price_proxy,,,,
2021-11-30,0.248,0.1547,0,0.8847,price_proxy,,,,
2021-12-01,0.444,0.1659,0,0.867,price_proxy,,,,
2021-12-02,0.6098,0.1727,0,2.1992,price_proxy,,,,
2021-12-03,0.6713,0.1712,0,0.8319,price_proxy,,,,
2021-12-06,0.7681,0.172,0,1.1498,price_proxy,,,,
2021-12-07,0.8098,0.1721,0,0.5912,price_proxy,,,,
2021-12-08,0.5922,0.1742,0,1.0802,price_proxy,,,,
2021-12-09,0.489,0.1732,0,0.4115,price_proxy,,,,
2021-12-10,0.4537,0.1716,0,0.2911,price_proxy,,,,
2021-12-13,0.4734,0.1598,0,0.7147,price_proxy,,,,
2021-12-14,0.4708,0.1599,0,0.3952,price_proxy,,,,
2021-12-15,0.522,0.1606,0,0.291,price_proxy,,,,
2021-12-16,0.5,0.1603,0,0.3558,price_proxy,,,,
2021-12-17,0.4666,0.1625,0,0.525,price_proxy,,,,
2021-12-20,0.3869,0.137,0,0.3719,price_proxy,,,,
2021-12-21,0.4326,0.1358,0,0.4442,price_proxy,,,,
2021-12-22,0.4482,0.1278,0,0.963,price_proxy,,,,
2021-12-23,0.489,0.1232,0,0.8637,price_proxy,,,,
2021-12-24,0.5453,0.1203,0,0.5695,price_proxy,,,,
2021-12-27,0.5884,0.118,0,0.9874,price_proxy,,,,
2021-12-28,0.5558,0.1151,0,0.8667,price_proxy,,,,
2021-12-29,0.5699,0.0952,0,0.7033,price_proxy,,,,
2021-12-30,0.597,0.0817,0,1.4502,price_proxy,,,,
2022-01-03,0.6136,0.0818,0,0.9906,price_proxy,,,,
2022-01-04,0.5355,0.0821,0,1.0193,price_proxy,,,,
2022-01-05,0.4539,0.0893,0,0.9867,price_proxy,,,,
2022-01-06,0.3919,0.086,0,0.8896,price_proxy,,,,
2022-01-07,0.4022,0.0918,0,0.6226,price_proxy,,,,
2022-01-10,0.348,0.0937,0,0.4955,price_proxy,,,,
2022-01-11,0.3497,0.0876,0,0.7648,price_proxy,,,,
2022-01-12,0.4611,0.0926,0,0.6288,price_proxy,,,,
2022-01-13,0.5543,0.0946,0,0.5992,price_proxy,,,,
2022-01-14,0.5639,0.1005,0,3.0029,price_proxy,,,,
2022-01-17,0.6135,0.0951,0,1.1997,price_proxy,,,,
2022-01-18,0.6248,0.097,0,1.4675,price_proxy,,,,
2022-01-19,0.517,0.0991,0,1.0347,price_proxy,,,,
2022-01-20,0.564,0.1086,0,0.9756,price_proxy,,,,
2022-01-21,0.4462,0.1121,0,1.0483,price_proxy,,,,
2022-01-24,0.4517,0.1122,0,0.7712,price_proxy,,,,
2022-01-25,0.4781,0.1113,0,1.1717,price_proxy,,,,
2022-01-26,0.5281,0.1111,0,0.7385,price_proxy,,,,
2022-01-27,0.4272,0.1113,0,1.0393,price_proxy,,,,
2022-01-28,0.5415,0.1141,0,1.3159,price_proxy,,,,
2022-02-03,0.522,0.1137,0,0.9367,price_proxy,,,,
2022-02-04,0.5829,0.1145,0,1.2766,price_proxy,,,,
2022-02-07,0.6108,0.1082,0,1.2144,price_proxy,,,,
2022-02-08,0.5392,0.1145,0,1.3459,price_proxy,,,,
2022-02-09,0.4702,0.1107,0,0.6943,price_proxy,,,,
2022-02-10,0.481,0.1081,0,0.58,price_proxy,,,,
2022-02-11,0.3621,0.1124,0,0.8168,price_proxy,,,,
2022-02-14,0.2323,0.1263,0,1.2505,price_proxy,,,,
2022-02-15,0.2613,0.1265,0,0.7558,price_proxy,,,,
2022-02-16,0.3487,0.132,0,0.7704,price_proxy,,,,
2022-02-17,0.3434,0.1318,0,0.8609,price_proxy,,,,
2022-02-18,0.4231,0.1314,0,0.502,price_proxy,,,,
2022-02-21,0.5424,0.1288,0,0.3851,price_proxy,,,,
2022-02-22,0.5748,0.119,0,0.4055,price_proxy,,,,
2022-02-23,0.5476,0.1232,0,0.9138,price_proxy,,,,
2022-02-24,0.4791,0.1276,0,0.8757,price_proxy,,,,
2022-02-25,0.4763,0.128,0,0.6261,price_proxy,,,,
2022-02-28,0.4822,0.1281,0,0.4474,price_proxy,,,,
2022-03-02,0.497,0.1279,0,0.6263,price_proxy,,,,
2022-03-03,0.4738,0.1248,0,0.6372,price_proxy,,,,
2022-03-04,0.5301,0.1248,0,0.6346,price_proxy,,,,
2022-03-07,0.476,0.1216,0,0.5663,price_proxy,,,,
2022-03-08,0.4251,0.1214,0,0.5096,price_proxy,,,,
2022-03-10,0.491,0.121,0,0.4634,price_proxy,,,,
2022-03-11,0.4264,0.1213,0,0.623,price_proxy,,,,
2022-03-14,0.3872,0.1234,0,1.0776,price_proxy,,,,
2022-03-15,0.3847,0.1206,0,0.7397,price_proxy,,,,
2022-03-16,0.4502,0.1053,0,0.688,price_proxy,,,,
2022-03-17,0.4456,0.1058,0,1.0308,price_proxy,,,,
2022-03-18,0.5183,0.0966,0,0.9079,price_proxy,,,,
2022-03-21,0.5755,0.0966,0,1.2142,price_proxy,,,,
2022-03-22,0.6288,0.0964,0,0.6257,price_proxy,,,,
2022-03-23,0.6085,0.0964,0,0.6651,price_proxy,,,,
2022-03-24,0.5683,0.0959,0,0.6664,price_proxy,,,,
2022-03-25,0.5818,0.0953,0,1.9702,price_proxy,,,,
2022-03-28,0.5879,0.0869,0,1.0371,price_proxy,,,,
2022-03-29,0.6271,0.0891,0,1.2987,price_proxy,,,,
2022-03-30,0.5998,0.0906,0,1.2641,price_proxy,,,,
2022-03-31,0.6021,0.0905,0,0.9243,price_proxy,,,,
2022-04-01,0.5378,0.0882,0,0.0,price_proxy,,,,
2022-04-04,0.5319,0.0877,0,0.0,price_proxy,,,,
2022-04-05,0.4915,0.0834,0,0.0,price_proxy,,,,
2022-04-06,0.4424,0.0894,0,1.4749,price_proxy,,,,
2022-04-07,0.4429,0.0845,0,0.7869,price_proxy,,,,
2022-04-08,0.4429,0.0832,0,0.5265,price_proxy,,,,
2022-04-11,0.3857,0.084,0,0.7627,price_proxy,,,,
2022-04-12,0.3171,0.0895,0,1.6509,price_proxy,,,,
2022-04-13,0.4466,0.0947,0,1.0256,price_proxy,,,,
2022-04-14,0.5294,0.1054,0,3.3421,price_proxy,,,,
2022-04-15,0.4941,0.1049,0,1.1372,price_proxy,,,,
2022-04-18,0.5424,0.1052,0,0.7411,price_proxy,,,,
2022-04-19,0.6447,0.1058,0,1.1168,price_proxy,,,,
2022-04-20,0.561,0.1063,0,0.8418,price_proxy,,,,
2022-04-21,0.4652,0.1061,0,0.7819,price_proxy,,,,
2022-04-22,0.4528,0.1035,0,1.2705,price_proxy,,,,
2022-04-25,0.3872,0.1107,0,1.7725,price_proxy,,,,
2022-04-26,0.3475,0.1075,0,1.3838,price_proxy,,,,
2022-04-27,0.3343,0.1078,0,1.206,price_proxy,,,,
2022-04-28,0.2876,0.1081,0,1.3693,price_proxy,,,,
2022-04-29,0.3489,0.1094,0,1.0484,price_proxy,,,,
2022-05-02,0.3868,0.11,0,1.475,price_proxy,,,,
2022-05-03,0.4111,0.1103,0,0.9042,price_proxy,,,,
2022-05-04,0.429,0.1051,0,0.9253,price_proxy,,,,
2022-05-06,0.4142,0.1068,0,1.7588,price_proxy,,,,
2022-05-09,0.3235,0.1111,0,1.3679,price_proxy,,,,
2022-05-10,0.4067,0.1146,0,1.4735,price_proxy,,,,
2022-05-11,0.4203,0.111,0,0.8506,price_proxy,,,,
2022-05-12,0.3662,0.1077,0,0.6472,price_proxy,,,,
2022-05-13,0.4448,0.0877,0,0.5625,price_proxy,,,,
2022-05-16,0.5502,0.0909,0,0.7054,price_proxy,,,,
2022-05-17,0.528,0.0939,0,0.7705,price_proxy,,,,
2022-05-18,0.583,0.1037,0,1.4474,price_proxy,,,,
2022-05-19,0.6219,0.1043,0,0.5873,price_proxy,,,,
2022-05-20,0.5922,0.1039,0,0.5934,price_proxy,,,,
2022-05-23,0.5979,0.1049,0,0.6551,price_proxy,,,,
2022-05-24,0.5138,0.1008,0,0.7525,price_proxy,,,,
2022-05-25,0.4336,0.1006,0,0.5471,price_proxy,,,,
2022-05-26,0.4392,0.1003,0,0.482,price_proxy,,,,
2022-05-27,0.4458,0.0981,0,0.5074,price_proxy,,,,
2022-05-30,0.4267,0.0977,0,0.3593,price_proxy,,,,
2022-05-31,0.4726,0.0959,0,0.7078,price_proxy,,,,
2022-06-02,0.4656,0.0959,0,0.6519,price_proxy,,,,
2022-06-03,0.5697,0.105,0,1.5975,price_proxy,,,,
2022-06-07,0.5488,0.1002,0,0.8401,price_proxy,,,,
2022-06-08,0.5138,0.0915,0,0.6964,price_proxy,,,,
2022-06-09,0.5486,0.0889,0,0.6366,price_proxy,,,,
2022-06-10,0.521,0.0912,0,0.6445,price_proxy,,,,
2022-06-13,0.3316,0.1048,0,1.2966,price_proxy,,,,
2022-06-14,0.3027,0.107,0,1.3691,price_proxy,,,,
2022-06-15,0.3419,0.1065,0,1.2257,price_proxy,,,,
2022-06-16,0.3034,0.1049,0,0.802,price_proxy,,,,
2022-06-17,0.3478,0.0945,0,0.7308,price_proxy,,,,
2022-06-20,0.3235,0.1169,0,1.5642,price_proxy,,,,
2022-06-21,0.417,0.1219,0,1.0809,price_proxy,,,,
2022-06-22,0.2388,0.1426,0,2.1163,price_proxy,,,,
2022-06-23,0.2519,0.1422,0,2.1063,price_proxy,,,,
2022-06-24,0.2978,0.1485,0,1.1415,price_proxy,,,,
2022-06-27,0.5887,0.1754,0,1.6657,price_proxy,,,,
2022-06-28,0.5787,0.1771,0,1.0304,price_proxy,,,,
2022-06-29,0.7489,0.1768,0,0.4972,price_proxy,,,,
2022-06-30,0.6545,0.1813,0,0.625,price_proxy,,,,
2022-07-01,0.55,0.1818,0,0.6359,price_proxy,,,,
2022-07-04,0.3919,0.1748,0,0.6885,price_proxy,,,,
2022-07-05,0.4394,0.1838,0,0.7267,price_proxy,,,,
2022-07-06,0.3855,0.1864,0,0.4974,price_proxy,,,,
2022-07-07,0.5319,0.1899,0,0.771,price_proxy,,,,
2022-07-08,0.5894,0.1898,0,0.6428,price_proxy,,,,
2022-07-11,0.7531,0.1974,0,2.1923,price_proxy,,,,
2022-07-12,0.5859,0.1986,0,0.8491,price_proxy,,,,
2022-07-13,0.751,0.2029,0,0.8339,price_proxy,,,,
2022-07-14,0.6882,0.2026,0,0.9344,price_proxy,,,,
2022-07-15,0.6012,0.2061,0,1.5631,price_proxy,,,,
2022-07-18,0.4783,0.1895,0,0.8441,price_proxy,,,,
2022-07-19,0.5225,0.1891,0,0.6824,price_proxy,,,,
2022-07-20,0.4568,0.1626,0,0.9137,price_proxy,,,,
2022-07-21,0.5215,0.165,0,1.699,price_proxy,,,,
2022-07-22,0.6333,0.1641,0,2.7331,price_proxy,,,,
2022-07-25,0.5586,0.1481,0,0.7407,price_proxy,,,,
2022-07-26,0.5519,0.1484,0,0.4824,price_proxy,,,,
2022-07-27,0.5441,0.148,0,0.4566,price_proxy,,,,
2022-07-28,0.4433,0.1407,0,0.8825,price_proxy,,,,
2022-07-29,0.375,0.1397,0,0.8251,price_proxy,,,,
2022-08-01,0.4075,0.14,0,0.4124,price_proxy,,,,
2022-08-02,0.4061,0.134,0,1.1496,price_proxy,,,,
2022-08-03,0.4281,0.128,0,0.5657,price_proxy,,,,
2022-08-04,0.4489,0.1243,0,0.8212,price_proxy,,,,
2022-08-05,0.5222,0.126,0,0.846,price_proxy,,,,
2022-08-08,0.5,0.1002,0,0.4463,price_proxy,,,,
2022-08-09,0.4621,0.1005,0,1.3832,price_proxy,,,,
2022-08-10,0.3507,0.0978,0,1.4353,price_proxy,,,,
2022-08-11,0.3801,0.0991,0,1.0087,price_proxy,,,,
2022-08-12,0.3755,0.0976,0,0.8246,price_proxy,,,,
2022-08-16,0.4403,0.0985,0,1.0654,price_proxy,,,,
2022-08-17,0.4923,0.0982,0,0.535,price_proxy,,,,
2022-08-18,0.5806,0.0976,0,0.4309,price_proxy,,,,
2022-08-19,0.5159,0.0887,0,0.5153,price_proxy,,,,
2022-08-22,0.4219,0.0865,0,0.9299,price_proxy,,,,
2022-08-23,0.3692,0.0847,0,1.0351,price_proxy,,,,
2022-08-24,0.3682,0.0844,0,0.6531,price_proxy,,,,
2022-08-25,0.3915,0.0861,0,0.9389,price_proxy,,,,
2022-08-26,0.4368,0.0863,0,0.9361,price_proxy,,,,
2022-08-29,0.3943,0.0976,0,1.2341,price_proxy,,,,
2022-08-30,0.4588,0.1022,0,0.9512,price_proxy,,,,
2022-08-31,0.5,0.1034,0,0.9467,price_proxy,,,,
2022-09-01,0.418,0.1042,0,1.146,price_proxy,,,,
2022-09-02,0.4429,0.1072,0,1.0656,price_proxy,,,,
2022-09-05,0.5086,0.1031,0,0.9049,price_proxy,,,,
2022-09-06,0.5168,0.108,0,0.7876,price_proxy,,,,
2022-09-07,0.5083,0.104,0,1.4165,price_proxy,,,,
2022-09-08,0.5769,0.0945,0,1.1439,price_proxy,,,,
2022-09-13,0.6176,0.1019,0,1.6026,price_proxy,,,,
2022-09-14,0.5855,0.1049,0,0.8099,price_proxy,,,,
2022-09-15,0.5833,0.1071,0,1.5722,price_proxy,,,,
2022-09-16,0.5661,0.1069,0,0.9899,price_proxy,,,,
2022-09-19,0.6399,0.1156,0,2.9232,price_proxy,,,,
2022-09-20,0.5714,0.1134,0,1.6291,price_proxy,,,,
2022-09-21,0.582,0.1132,0,0.8585,price_proxy,,,,
2022-09-22,0.54,0.1121,0,0.7048,price_proxy,,,,
2022-09-23,0.564,0.1118,0,0.8999,price_proxy,,,,
2022-09-26,0.3462,0.1356,0,1.1279,price_proxy,,,,
2022-09-27,0.3314,0.1356,0,1.0182,price_proxy,,,,
2022-09-28,0.311,0.1313,0,0.8732,price_proxy,,,,
2022-09-29,0.2647,0.1308,0,0.7341,price_proxy,,,,
2022-09-30,0.1744,0.1355,0,1.642,price_proxy,,,,
2022-10-04,0.525,0.1905,0,1.5719,price_proxy,,,,
2022-10-05,0.4916,0.1913,0,1.0419,price_proxy,,,,
2022-10-06,0.6739,0.1972,0,0.8408,price_proxy,,,,
2022-10-07,0.6778,0.1972,0,0.7603,price_proxy,,,,
2022-10-11,0.713,0.199,0,0.6643,price_proxy,,,,
2022-10-12,0.4671,0.199,0,0.5461,price_proxy,,,,
2022-10-13,0.4244,0.1992,0,0.7041,price_proxy,,,,
2022-10-14,0.444,0.208,0,0.8735,price_proxy,,,,
2022-10-17,0.5082,0.2067,0,0.5778,price_proxy,,,,
2022-10-18,0.5335,0.2071,0,0.7719,price_proxy,,,,
2022-10-19,0.4582,0.2054,0,1.0645,price_proxy,,,,
2022-10-20,0.4651,0.2083,0,1.2522,price_proxy,,,,
2022-10-21,0.3519,0.2071,0,0.5188,price_proxy,,,,
2022-10-24,0.4431,0.219,0,1.3303,price_proxy,,,,
2022-10-25,0.5247,0.2211,0,1.6712,price_proxy,,,,
2022-10-26,0.5598,0.2089,0,0.7586,price_proxy,,,,
2022-10-27,0.6422,0.2088,0,0.6132,price_proxy,,,,
2022-10-28,0.5622,0.2088,0,0.8235,price_proxy,,,,
2022-10-31,0.4749,0.2077,0,0.4521,price_proxy,,,,
2022-11-01,0.4268,0.2021,0,0.4407,price_proxy,,,,
2022-11-02,0.4336,0.1527,0,0.5199,price_proxy,,,,
2022-11-03,0.4336,0.1512,0,0.5296,price_proxy,,,,
2022-11-04,0.4914,0.1402,0,0.4822,price_proxy,,,,
2022-11-07,0.4915,0.1406,0,0.6322,price_proxy,,,,
2022-11-08,0.5338,0.141,0,1.2832,price_proxy,,,,
2022-11-09,0.5773,0.141,0,0.8063,price_proxy,,,,
2022-11-10,0.5343,0.1351,0,0.5977,price_proxy,,,,
2022-11-11,0.6299,0.1249,0,1.7289,price_proxy,,,,
2022-11-14,0.6362,0.1261,0,2.2988,price_proxy,,,,
2022-11-15,0.666,0.1314,0,1.8746,price_proxy,,,,
2022-11-16,0.6736,0.1232,0,2.1674,price_proxy,,,,
2022-11-17,0.6772,0.1164,0,0.7366,price_proxy,,,,
2022-11-18,0.6138,0.1161,0,1.6722,price_proxy,,,,
2022-11-21,0.5876,0.0989,0,1.1382,price_proxy,,,,
2022-11-22,0.454,0.1003,0,0.6515,price_proxy,,,,
2022-11-23,0.4544,0.0972,0,0.4764,price_proxy,,,,
2022-11-24,0.5388,0.0994,0,0.881,price_proxy,,,,
2022-11-25,0.5,0.0898,0,0.52,price_proxy,,,,
2022-11-28,0.4695,0.09,0,0.7417,price_proxy,,,,
2022-11-29,0.6333,0.1042,0,3.4621,price_proxy,,,,
2022-11-30,0.5856,0.1036,0,1.0985,price_proxy,,,,
2022-12-01,0.5304,0.104,0,1.0728,price_proxy,,,,
2022-12-02,0.5231,0.1054,0,0.5597,price_proxy,,,,
2022-12-05,0.5465,0.1047,0,0.4696,price_proxy,,,,
2022-12-06,0.3676,0.1121,0,0.7856,price_proxy,,,,
2022-12-07,0.3731,0.1132,0,0.6165,price_proxy,,,,
2022-12-08,0.3577,0.1115,0,0.3591,price_proxy,,,,
2022-12-09,0.462,0.1124,0,0.8966,price_proxy,,,,
2022-12-12,0.4091,0.1138,0,0.6038,price_proxy,,,,
2022-12-13,0.5,0.1054,0,0.5772,price_proxy,,,,
2022-12-14,0.5797,0.1094,0,1.4518,price_proxy,,,,
2022-12-15,0.5887,0.1077,0,0.5552,price_proxy,,,,
2022-12-16,0.5,0.1075,0,0.5419,price_proxy,,,,
2022-12-19,0.5397,0.1072,0,0.5152,price_proxy,,,,
2022-12-20,0.4764,0.1063,0,0.6531,price_proxy,,,,
2022-12-21,0.4157,0.1059,0,0.3605,price_proxy,,,,
2022-12-22,0.4537,0.1035,0,0.5787,price_proxy,,,,
2022-12-23,0.3915,0.1092,0,0.8961,price_proxy,,,,
2022-12-26,0.3911,0.1091,0,0.8267,price_proxy,,,,
2022-12-27,0.4522,0.0898,0,1.132,price_proxy,,,,
2022-12-28,0.404,0.0927,0,1.07,price_proxy,,,,
2022-12-29,0.3182,0.0973,0,1.044,price_proxy,,,,
2023-01-02,0.3525,0.0975,0,0.709,price_proxy,,,,
2023-01-03,0.4342,0.1092,0,1.2978,price_proxy,,,,
2023-01-04,0.5653,0.1338,0,2.9832,price_proxy,,,,
2023-01-05,0.5756,0.1356,0,1.4607,price_proxy,,,,
2023-01-06,0.7,0.1374,0,1.3813,price_proxy,,,,
2023-01-09,0.7566,0.1307,0,1.0294,price_proxy,,,,
2023-01-10,0.7298,0.1312,0,2.1725,price_proxy,,,,
2023-01-11,0.5711,0.131,0,1.0032,price_proxy,,,,
2023-01-12,0.6134,0.1279,0,1.0226,price_proxy,,,,
2023-01-13,0.5711,0.1277,0,0.8106,price_proxy,,,,
2023-01-16,0.5706,0.1277,0,0.7456,price_proxy,,,,
2023-01-17,0.5153,0.1276,0,0.6606,price_proxy,,,,
2023-01-18,0.5305,0.1246,0,0.5825,price_proxy,,,,
2023-01-19,0.5383,0.1244,0,0.6374,price_proxy,,,,
2023-01-20,0.5,0.1255,0,0.7532,price_proxy,,,,
2023-01-25,0.5788,0.1269,0,2.2826,price_proxy,,,,
2023-01-26,0.5924,0.1263,0,1.1286,price_proxy,,,,
2023-01-27,0.5797,0.1264,0,1.0515,price_proxy,,,,
2023-01-30,0.5902,0.1203,0,1.0561,price_proxy,,,,
2023-01-31,0.6695,0.1117,0,1.9687,price_proxy,,,,
2023-02-01,0.57,0.108,0,1.1421,price_proxy,,,,
2023-02-02,0.5927,0.1036,0,1.6347,price_proxy,,,,
2023-02-03,0.6027,0.0729,0,1.1395,price_proxy,,,,
2023-02-06,0.6482,0.0671,0,2.2657,price_proxy,,,,
2023-02-07,0.6661,0.0691,0,2.8499,price_proxy,,,,
2023-02-08,0.662,0.0704,0,2.2771,price_proxy,,,,
2023-02-09,0.6481,0.0675,0,1.269,price_proxy,,,,
2023-02-10,0.6554,0.0668,0,1.3516,price_proxy,,,,
2023-02-13,0.6139,0.0653,0,1.0854,price_proxy,,,,
2023-02-14,0.5273,0.0688,0,3.6239,price_proxy,,,,
2023-02-15,0.5834,0.0709,0,2.0275,price_proxy,,,,
2023-02-16,0.5412,0.073,0,1.5381,price_proxy,,,,
2023-02-17,0.4426,0.0893,0,1.6266,price_proxy,,,,
2023-02-20,0.4379,0.089,0,0.8404,price_proxy,,,,
2023-02-21,0.4744,0.0855,0,0.6326,price_proxy,,,,
2023-02-22,0.435,0.0736,0,0.7938,price_proxy,,,,
2023-02-23,0.4874,0.0746,0,0.9081,price_proxy,,,,
2023-02-24,0.5828,0.0743,0,1.0199,price_proxy,,,,
2023-02-27,0.5994,0.0745,0,0.5864,price_proxy,,,,
2023-02-28,0.5727,0.0738,0,0.5105,price_proxy,,,,
2023-03-02,0.5284,0.0774,0,0.785,price_proxy,,,,
2023-03-03,0.4784,0.0772,0,0.4811,price_proxy,,,,
2023-03-06,0.5013,0.0788,0,0.7651,price_proxy,,,,
2023-03-07,0.5224,0.0777,0,1.0807,price_proxy,,,,
2023-03-08,0.5263,0.0722,0,0.581,price_proxy,,,,
2023-03-09,0.514,0.077,0,0.8338,price_proxy,,,,
2023-03-10,0.4486,0.0877,0,0.9671,price_proxy,,,,
2023-03-13,0.4042,0.087,0,0.5768,price_proxy,,,,
2023-03-14,0.2646,0.1011,0,0.8289,price_proxy,,,,
2023-03-15,0.26,0.1009,0,0.8056,price_proxy,,,,
2023-03-16,0.3696,0.1061,0,1.0184,price_proxy,,,,
2023-03-17,0.6107,0.1408,0,2.2872,price_proxy,,,,
2023-03-20,0.6285,0.1334,0,1.0167,price_proxy,,,,
2023-03-21,0.7011,0.1355,0,0.6072,price_proxy,,,,
2023-03-22,0.7727,0.1378,0,0.9574,price_proxy,,,,
2023-03-23,0.7153,0.1382,0,1.3917,price_proxy,,,,
2023-03-24,0.9909,0.2674,0,10.0,price_proxy,,,,
2023-03-27,1.0,0.2683,0,4.402,price_proxy,,,,
2023-03-28,1.0,0.2684,0,2.2582,price_proxy,,,,
2023-03-29,1.0,0.2681,0,2.3502,price_proxy,,,,
2023-03-30,1.0,0.2658,0,3.0515,price_proxy,,,,
2023-03-31,0.5762,0.2689,0,1.9538,price_proxy,,,,
2023-04-03,0.5048,0.2694,0,0.941,price_proxy,,,,
2023-04-04,0.3085,0.2865,0,1.1687,price_proxy,,,,
2023-04-05,0.3508,0.2864,0,0.8217,price_proxy,,,,
2023-04-06,0.3432,0.2839,0,0.6188,price_proxy,,,,
2023-04-07,0.4758,0.2793,0,1.5593,price_proxy,,,,
2023-04-10,0.4314,0.2815,0,0.4164,price_proxy,,,,
2023-04-11,0.7275,0.2752,0,1.7344,price_proxy,,,,
2023-04-12,0.5893,0.2821,0,0.4212,price_proxy,,,,
2023-04-13,0.5683,0.2822,0,0.3173,price_proxy,,,,
2023-04-14,0.4443,0.2748,0,0.2729,price_proxy,,,,
2023-04-17,0.511,0.2747,0,0.2887,price_proxy,,,,
2023-04-18,0.3824,0.2731,0,0.309,price_proxy,,,,
2023-04-19,0.5,0.2728,0,0.5534,price_proxy,,,,
2023-04-20,0.5837,0.2742,0,1.1145,price_proxy,,,,
2023-04-21,0.673,0.1531,0,1.4042,price_proxy,,,,
2023-04-24,0.5199,0.1634,0,0.715,price_proxy,,,,
2023-04-25,0.545,0.1618,0,0.4948,price_proxy,,,,
2023-04-26,0.6179,0.1719,0,1.403,price_proxy,,,,
2023-04-27,0.5331,0.1716,0,0.5823,price_proxy,,,,
2023-04-28,0.4028,0.1756,0,0.5013,price_proxy,,,,
2023-05-02,0.6034,0.1803,0,0.4339,price_proxy,,,,
2023-05-03,0.7689,0.178,0,1.76,price_proxy,,,,
2023-05-04,0.5139,0.1944,0,0.8617,price_proxy,,,,
2023-05-08,0.5,0.1951,0,0.6447,price_proxy,,,,
2023-05-09,0.5876,0.1909,0,0.4109,price_proxy,,,,
2023-05-10,0.4672,0.1907,0,0.3322,price_proxy,,,,
2023-05-11,0.2629,0.1808,0,0.5388,price_proxy,,,,
2023-05-12,0.3756,0.1749,0,0.3245,price_proxy,,,,
2023-05-15,0.3233,0.1794,0,0.486,price_proxy,,,,
2023-05-16,0.3471,0.1784,0,0.4777,price_proxy,,,,
2023-05-17,0.4286,0.1796,0,0.2895,price_proxy,,,,
2023-05-18,0.588,0.1881,0,0.773,price_proxy,,,,
2023-05-19,1.0,0.2929,0,5.8494,price_proxy,,,,
2023-05-22,1.0,0.2915,0,2.2618,price_proxy,,,,
2023-05-23,1.0,0.2914,0,1.2823,price_proxy,,,,
2023-05-24,1.0,0.2806,0,1.1503,price_proxy,,,,
2023-05-25,1.0,0.2808,0,2.1698,price_proxy,,,,
2023-05-26,0.5925,0.2784,0,1.9048,price_proxy,,,,
2023-05-30,0.5803,0.2782,0,1.3156,price_proxy,,,,
2023-05-31,0.4962,0.274,0,0.9744,price_proxy,,,,
2023-06-01,0.4849,0.2735,0,0.5427,price_proxy,,,,
2023-06-02,0.3828,0.2628,0,0.6145,price_proxy,,,,
2023-06-05,0.3527,0.2528,0,0.435,price_proxy,,,,
2023-06-07,0.3382,0.2526,0,0.3374,price_proxy,,,,
2023-06-08,0.4322,0.2529,0,0.5295,price_proxy,,,,
2023-06-09,0.519,0.2519,0,0.8284,price_proxy,,,,
2023-06-12,0.5623,0.2488,0,0.3084,price_proxy,,,,
2023-06-13,0.6153,0.2482,0,0.7141,price_proxy,,,,
2023-06-14,0.608,0.2431,0,0.6231,price_proxy,,,,
2023-06-15,0.7729,0.2611,0,2.3148,price_proxy,,,,
2023-06-16,0.688,0.2622,0,0.9417,price_proxy,,,,
2023-06-19,0.7113,0.2596,0,0.6175,price_proxy,,,,
2023-06-20,0.8233,0.1448,0,0.8994,price_proxy,,,,
2023-06-21,0.7163,0.1601,0,0.9136,price_proxy,,,,
2023-06-22,0.4931,0.16,0,0.4533,price_proxy,,,,
2023-06-23,0.5859,0.1652,0,1.2329,price_proxy,,,,
2023-06-26,0.5922,0.1636,0,0.5068,price_proxy,,,,
2023-06-27,0.4482,0.1652,0,0.4596,price_proxy,,,,
2023-06-28,0.5411,0.166,0,0.6162,price_proxy,,,,
2023-06-29,0.5792,0.1629,0,1.0016,price_proxy,,,,
2023-06-30,0.4868,0.1624,0,0.5524,price_proxy,,,,
2023-07-03,0.5359,0.1608,0,1.0817,price_proxy,,,,
2023-07-04,0.593,0.1569,0,0.5562,price_proxy,,,,
2023-07-05,0.5638,0.1604,0,0.5035,price_proxy,,,,
2023-07-06,0.4371,0.1713,0,0.5985,price_proxy,,,,
2023-07-07,0.4469,0.1681,0,0.7614,price_proxy,,,,
2023-07-10,0.3526,0.1693,0,0.5808,price_proxy,,,,
2023-07-11,0.4365,0.1775,0,0.5056,price_proxy,,,,
2023-07-12,0.5618,0.1795,0,0.7039,price_proxy,,,,
2023-07-13,1.0,0.3441,0,4.9682,price_proxy,,,,
2023-07-14,1.0,0.3644,0,4.3754,price_proxy,,,,
2023-07-17,1.0,0.3651,0,1.467,price_proxy,,,,
2023-07-18,1.0,0.3651,0,0.9832,price_proxy,,,,
2023-07-19,1.0,0.389,0,1.4884,price_proxy,,,,
2023-07-20,0.7306,0.3892,0,0.8423,price_proxy,,,,
2023-07-21,0.4231,0.3916,0,0.3451,price_proxy,,,,
2023-07-24,0.4071,0.3923,0,1.2146,price_proxy,,,,
2023-07-25,0.3688,0.3924,0,0.7057,price_proxy,,,,
2023-07-26,0.5138,0.3997,0,0.8585,price_proxy,,,,
2023-07-27,0.4978,0.4005,0,0.6976,price_proxy,,,,
2023-07-28,0.5956,0.3994,0,0.4294,price_proxy,,,,
2023-07-31,0.5551,0.3993,0,0.6607,price_proxy,,,,
2023-08-01,0.8067,0.4068,0,0.8199,price_proxy,,,,
2023-08-02,0.7489,0.419,0,0.6452,price_proxy,,,,
2023-08-03,0.6481,0.4116,0,0.8782,price_proxy,,,,
2023-08-04,0.4915,0.419,0,0.6483,price_proxy,,,,
2023-08-07,0.4464,0.417,0,0.6057,price_proxy,,,,
2023-08-08,0.2865,0.4163,0,1.0104,price_proxy,,,,
2023-08-09,0.3985,0.4188,0,0.3239,price_proxy,,,,
2023-08-10,0.3986,0.2829,0,0.4662,price_proxy,,,,
2023-08-11,0.5383,0.2453,0,0.9103,price_proxy,,,,
2023-08-14,0.4322,0.2425,0,0.3994,price_proxy,,,,
2023-08-16,0.5189,0.2504,0,1.2225,price_proxy,,,,
2023-08-17,0.5856,0.2102,0,0.9442,price_proxy,,,,
2023-08-18,0.9701,0.2796,0,3.7766,price_proxy,,,,
2023-08-21,0.9953,0.2777,0,1.5871,price_proxy,,,,
2023-08-22,0.9474,0.2878,0,1.5101,price_proxy,,,,
2023-08-23,0.8676,0.2862,0,1.2505,price_proxy,,,,
2023-08-24,0.7769,0.2801,0,1.2203,price_proxy,,,,
2023-08-25,0.3824,0.2794,0,0.5196,price_proxy,,,,
2023-08-28,0.3425,0.2788,0,0.3408,price_proxy,,,,
2023-08-29,0.4821,0.2779,0,0.511,price_proxy,,,,
2023-08-30,0.5035,0.2597,0,0.7054,price_proxy,,,,
2023-08-31,0.655,0.2462,0,1.4255,price_proxy,,,,
2023-09-01,0.6507,0.2485,0,0.6974,price_proxy,,,,
2023-09-04,0.6164,0.2408,0,0.4024,price_proxy,,,,
2023-09-05,0.6266,0.2407,0,0.445,price_proxy,,,,
2023-09-06,0.514,0.2435,0,0.3029,price_proxy,,,,
2023-09-07,0.4164,0.2416,0,0.2621,price_proxy,,,,
2023-09-08,0.353,0.2513,0,0.5918,price_proxy,,,,
2023-09-11,0.3316,0.2522,0,0.4073,price_proxy,,,,
2023-09-12,0.2959,0.2458,0,0.3244,price_proxy,,,,
2023-09-13,0.347,0.24,0,0.7839,price_proxy,,,,
2023-09-14,0.3778,0.2401,0,0.4384,price_proxy,,,,
2023-09-15,0.4963,0.1324,0,0.3872,price_proxy,,,,
2023-09-18,0.3874,0.144,0,0.6253,price_proxy,,,,
2023-09-19,0.3769,0.1295,0,0.3962,price_proxy,,,,
2023-09-20,0.3719,0.1264,0,0.3501,price_proxy,,,,
2023-09-21,0.3011,0.1262,0,0.4803,price_proxy,,,,
2023-09-22,0.341,0.1302,0,0.7433,price_proxy,,,,
2023-09-25,0.4801,0.1293,0,0.3469,price_proxy,,,,
2023-09-26,0.5343,0.1301,0,0.5073,price_proxy,,,,
2023-09-27,0.6207,0.1351,0,0.743,price_proxy,,,,
2023-10-04,0.7374,0.128,0,1.508,price_proxy,,,,
2023-10-05,0.6325,0.1277,0,0.9503,price_proxy,,,,
2023-10-06,0.6325,0.1278,0,0.5733,price_proxy,,,,
2023-10-10,0.4742,0.141,0,1.0591,price_proxy,,,,
2023-10-11,0.4545,0.1471,0,0.9383,price_proxy,,,,
2023-10-12,0.5554,0.1734,0,1.6137,price_proxy,,,,
2023-10-13,0.6582,0.1654,0,2.3355,price_proxy,,,,
2023-10-16,0.6996,0.1646,0,1.2413,price_proxy,,,,
2023-10-17,0.8678,0.1638,0,1.2654,price_proxy,,,,
2023-10-18,0.7718,0.1644,0,0.8307,price_proxy,,,,
2023-10-19,0.6077,0.1642,0,1.8466,price_proxy,,,,
2023-10-20,0.5419,0.1644,0,1.186,price_proxy,,,,
2023-10-23,0.3973,0.1559,0,0.8543,price_proxy,,,,
2023-10-24,0.4898,0.1636,0,0.7877,price_proxy,,,,
2023-10-25,0.5342,0.1636,0,1.228,price_proxy,,,,
2023-10-26,0.4796,0.1632,0,0.8191,price_proxy,,,,
2023-10-27,0.4556,0.1639,0,0.5853,price_proxy,,,,
2023-10-30,0.5578,0.1642,0,0.3607,price_proxy,,,,
2023-10-31,0.2918,0.1878,0,1.1437,price_proxy,,,,
2023-11-01,0.2714,0.1816,0,0.5345,price_proxy,,,,
2023-11-02,0.4759,0.2028,0,0.8672,price_proxy,,,,
2023-11-03,0.4755,0.2022,0,0.6024,price_proxy,,,,
2023-11-06,0.5526,0.2048,0,0.912,price_proxy,,,,
2023-11-07,0.8848,0.2005,0,3.109,price_proxy,,,,
2023-11-08,0.8074,0.2033,0,1.2221,price_proxy,,,,
2023-11-09,0.6429,0.1867,0,0.6447,price_proxy,,,,
2023-11-10,0.8469,0.2007,0,1.9793,price_proxy,,,,
2023-11-13,0.4761,0.2467,0,3.0819,price_proxy,,,,
2023-11-14,0.401,0.2485,0,0.9723,price_proxy,,,,
2023-11-15,0.5493,0.2528,0,1.1462,price_proxy,,,,
2023-11-16,0.5293,0.2528,0,0.6648,price_proxy,,,,
2023-11-17,0.3944,0.2527,0,0.6564,price_proxy,,,,
2023-11-20,0.6453,0.2452,0,0.5526,price_proxy,,,,
2023-11-21,0.5672,0.239,0,0.5617,price_proxy,,,,
2023-11-22,0.4807,0.2386,0,0.5532,price_proxy,,,,
2023-11-23,0.4135,0.24,0,0.5382,price_proxy,,,,
2023-11-24,0.4363,0.2396,0,0.3278,price_proxy,,,,
2023-11-27,0.4258,0.2407,0,0.358,price_proxy,,,,
2023-11-28,0.5033,0.2238,0,0.5078,price_proxy,,,,
2023-11-29,0.4806,0.2245,0,0.3898,price_proxy,,,,
2023-11-30,0.6307,0.2093,0,0.7693,price_proxy,,,,
2023-12-01,0.5395,0.2107,0,0.3585,price_proxy,,,,
2023-12-04,0.5034,0.2122,0,0.5286,price_proxy,,,,
2023-12-05,0.3766,0.201,0,0.6242,price_proxy,,,,
2023-12-06,0.3953,0.199,0,0.3512,price_proxy,,,,
2023-12-07,0.3522,0.1996,0,0.408,price_proxy,,,,
2023-12-08,0.4452,0.1815,0,0.4883,price_proxy,,,,
2023-12-11,0.4699,0.1203,0,0.4289,price_proxy,,,,
2023-12-12,0.5381,0.1161,0,0.4751,price_proxy,,,,
2023-12-13,0.5242,0.1034,0,0.5217,price_proxy,,,,
2023-12-14,0.5102,0.1043,0,1.1738,price_proxy,,,,
2023-12-15,0.4337,0.1046,0,1.1673,price_proxy,,,,
2023-12-18,0.4796,0.1042,0,0.78,price_proxy,,,,
2023-12-19,0.5,0.1049,0,0.6754,price_proxy,,,,
2023-12-20,0.5034,0.1047,0,0.7323,price_proxy,,,,
2023-12-21,0.5,0.0996,0,0.6531,price_proxy,,,,
2023-12-22,0.5103,0.0979,0,0.7405,price_proxy,,,,
2023-12-26,0.476,0.0977,0,1.0175,price_proxy,,,,
2023-12-27,0.5883,0.1176,0,2.5915,price_proxy,,,,
2023-12-28,0.6022,0.1173,0,1.848,price_proxy,,,,
2024-01-02,0.5541,0.1093,0,1.4982,price_proxy,,,,
2024-01-03,0.5307,0.1084,0,0.8096,price_proxy,,,,
2024-01-04,0.5486,0.1021,0,0.7547,price_proxy,,,,
2024-01-05,0.4122,0.0953,0,0.6802,price_proxy,,,,
2024-01-08,0.3833,0.0963,0,0.4634,price_proxy,,,,
2024-01-09,0.4309,0.0951,0,1.0777,price_proxy,,,,
2024-01-10,0.463,0.0915,0,0.6501,price_proxy,,,,
2024-01-11,0.5,0.0889,0,0.4676,price_proxy,,,,
2024-01-12,0.4422,0.0953,0,0.6405,price_proxy,,,,
2024-01-15,0.4346,0.0965,0,0.6531,price_proxy,,,,
2024-01-16,0.2956,0.1146,0,2.4186,price_proxy,,,,
2024-01-17,0.2945,0.1141,0,0.8751,price_proxy,,,,
2024-01-18,0.4051,0.1407,0,1.5214,price_proxy,,,,
2024-01-19,0.521,0.1434,0,1.3737,price_proxy,,,,
2024-01-22,0.5534,0.1434,0,1.3191,price_proxy,,,,
2024-01-23,0.6898,0.143,0,1.1868,price_proxy,,,,
2024-01-24,0.7595,0.1454,0,1.2839,price_proxy,,,,
2024-01-25,0.5534,0.1468,0,0.9753,price_proxy,,,,
2024-01-26,0.5347,0.1281,0,0.8581,price_proxy,,,,
2024-01-29,0.5728,0.1298,0,1.9227,price_proxy,,,,
2024-01-30,0.5624,0.1291,0,0.5662,price_proxy,,,,
2024-01-31,0.4831,0.1278,0,0.5939,price_proxy,,,,
2024-02-01,0.4896,0.1297,0,1.0735,price_proxy,,,,
2024-02-02,0.5239,0.1351,0,1.3894,price_proxy,,,,
2024-02-05,0.4666,0.1349,0,0.5337,price_proxy,,,,
2024-02-06,0.5504,0.1401,0,1.0906,price_proxy,,,,
2024-02-07,0.5579,0.1405,0,0.687,price_proxy,,,,
2024-02-08,1.0,0.3457,0,7.6678,price_proxy,,,,
2024-02-13,1.0,0.3417,0,4.1113,price_proxy,,,,
2024-02-14,1.0,0.3429,0,1.4823,price_proxy,,,,
2024-02-15,0.9754,0.3384,0,1.314,price_proxy,,,,
2024-02-16,0.9967,0.338,0,1.0173,price_proxy,,,,
2024-02-19,0.3981,0.3344,0,0.6434,price_proxy,,,,
2024-02-20,0.3395,0.3346,0,0.7117,price_proxy,,,,
2024-02-21,0.3127,0.3392,0,0.6477,price_proxy,,,,
2024-02-22,0.5238,0.3436,0,1.2381,price_proxy,,,,
2024-02-23,0.4576,0.3475,0,0.9262,price_proxy,,,,
2024-02-26,0.5859,0.3471,0,2.7378,price_proxy,,,,
2024-02-27,0.7201,0.3507,0,1.7858,price_proxy,,,,
2024-02-28,1.0,0.3584,0,1.8317,price_proxy,,,,
2024-02-29,0.7199,0.3678,0,0.8116,price_proxy,,,,
2024-03-04,1.0,0.3818,0,2.5405,price_proxy,,,,
2024-03-05,0.9402,0.3797,0,0.6756,price_proxy,,,,
2024-03-06,0.9522,0.3822,0,0.9192,price_proxy,,,,
2024-03-07,0.6909,0.3847,0,0.8505,price_proxy,,,,
2024-03-08,0.8608,0.3849,0,0.7479,price_proxy,,,,
2024-03-11,0.5419,0.3873,0,0.5541,price_proxy,,,,
2024-03-12,0.5696,0.2395,0,0.3382,price_proxy,,,,
2024-03-13,0.4744,0.2387,0,0.592,price_proxy,,,,
2024-03-14,0.5041,0.2367,0,0.2722,price_proxy,,,,
2024-03-15,0.4221,0.2326,0,0.5357,price_proxy,,,,
2024-03-18,0.5185,0.2321,0,0.2462,price_proxy,,,,
2024-03-19,0.4042,0.2406,0,0.4133,price_proxy,,,,
2024-03-20,0.3601,0.2408,0,0.2861,price_proxy,,,,
2024-03-21,0.3969,0.234,0,0.392,price_proxy,,,,
2024-03-22,0.4501,0.227,0,0.5902,price_proxy,,,,
2024-03-25,0.4817,0.2228,0,1.2598,price_proxy,,,,
2024-03-26,0.909,0.2656,0,2.4115,price_proxy,,,,
2024-03-27,0.9576,0.2609,0,1.4461,price_proxy,,,,
2024-03-28,1.0,0.2992,0,3.1256,price_proxy,,,,
2024-03-29,1.0,0.2869,0,1.2758,price_proxy,,,,
2024-04-01,1.0,0.2684,0,1.601,price_proxy,,,,
2024-04-02,1.0,0.2666,0,1.5405,price_proxy,,,,
2024-04-03,1.0,0.2628,0,0.9016,price_proxy,,,,
2024-04-04,0.5493,0.2695,0,1.2187,price_proxy,,,,
2024-04-05,0.5299,0.2713,0,0.9752,price_proxy,,,,
2024-04-08,0.3623,0.2707,0,0.5615,price_proxy,,,,
2024-04-09,0.3268,0.2709,0,0.5136,price_proxy,,,,
2024-04-11,0.4558,0.276,0,1.4271,price_proxy,,,,
2024-04-12,0.6194,0.2739,0,1.2542,price_proxy,,,,
2024-04-15,0.6562,0.2692,0,0.6282,price_proxy,,,,
2024-04-16,0.6177,0.2775,0,0.6099,price_proxy,,,,
2024-04-17,0.5512,0.2721,0,0.546,price_proxy,,,,
2024-04-18,0.5127,0.272,0,0.603,price_proxy,,,,
2024-04-19,0.3749,0.2807,0,0.6472,price_proxy,,,,
2024-04-22,0.2375,0.2955,0,0.7172,price_proxy,,,,
2024-04-23,0.3731,0.2952,0,0.5511,price_proxy,,,,
2024-04-24,0.5924,0.2641,0,1.1645,price_proxy,,,,
2024-04-25,0.4144,0.2707,0,0.5375,price_proxy,,,,
2024-04-26,0.5117,0.2024,0,0.5027,price_proxy,,,,
2024-04-29,0.6574,0.2024,0,0.4701,price_proxy,,,,
2024-04-30,0.5548,0.1907,0,0.4162,price_proxy,,,,
2024-05-02,0.3654,0.1891,0,0.3985,price_proxy,,,,
2024-05-03,0.4048,0.1902,0,0.4168,price_proxy,,,,
2024-05-07,0.4898,0.1907,0,0.838,price_proxy,,,,
2024-05-08,0.554,0.193,0,0.6427,price_proxy,,,,
2024-05-09,0.5978,0.1908,0,0.5644,price_proxy,,,,
2024-05-10,0.5917,0.1921,0,0.5004,price_proxy,,,,
2024-05-13,0.6492,0.1788,0,0.4484,price_proxy,,,,
2024-05-14,0.5777,0.1771,0,0.686,price_proxy,,,,
2024-05-16,0.5469,0.1779,0,1.5508,price_proxy,,,,
2024-05-17,0.476,0.1751,0,0.5406,price_proxy,,,,
2024-05-20,0.5316,0.1723,0,0.4499,price_proxy,,,,
2024-05-21,0.5072,0.1655,0,0.4954,price_proxy,,,,
2024-05-22,0.5776,0.1665,0,1.7062,price_proxy,,,,
2024-05-23,0.5319,0.1462,0,1.9576,price_proxy,,,,
2024-05-24,0.6115,0.1432,0,1.6321,price_proxy,,,,
2024-05-27,0.6543,0.1168,0,3.1333,price_proxy,,,,
2024-05-28,0.8252,0.1254,0,2.0329,price_proxy,,,,
2024-05-29,0.7974,0.1289,0,1.7704,price_proxy,,,,
2024-05-30,0.7582,0.1334,0,1.0138,price_proxy,,,,
2024-05-31,0.6896,0.135,0,0.7463,price_proxy,,,,
2024-06-03,0.4277,0.1719,0,3.1821,price_proxy,,,,
2024-06-04,0.3233,0.1691,0,1.0507,price_proxy,,,,
2024-06-05,0.3416,0.1686,0,1.4273,price_proxy,,,,
2024-06-07,0.3972,0.1665,0,1.1037,price_proxy,,,,
2024-06-10,0.479,0.1672,0,0.4933,price_proxy,,,,
2024-06-11,0.6718,0.1655,0,0.3532,price_proxy,,,,
2024-06-12,0.8405,0.1879,0,1.6959,price_proxy,,,,
2024-06-13,0.9262,0.2041,0,1.9503,price_proxy,,,,
2024-06-14,0.7946,0.2149,0,1.1257,price_proxy,,,,
2024-06-17,0.7513,0.2104,0,0.4194,price_proxy,,,,
2024-06-18,0.7536,0.2112,0,0.3323,price_proxy,,,,
2024-06-19,0.5357,0.212,0,0.4915,price_proxy,,,,
2024-06-20,0.3974,0.2077,0,0.3592,price_proxy,,,,
2024-06-21,0.5044,0.2069,0,0.3146,price_proxy,,,,
2024-06-24,0.4478,0.211,0,0.3096,price_proxy,,,,
2024-06-25,0.4265,0.211,0,0.4946,price_proxy,,,,
2024-06-26,0.5316,0.2023,0,0.5767,price_proxy,,,,
2024-06-27,0.4375,0.2032,0,0.4231,price_proxy,,,,
2024-06-28,0.4113,0.2016,0,0.3282,price_proxy,,,,
2024-07-01,0.4475,0.2001,0,0.2738,price_proxy,,,,
2024-07-02,0.4503,0.1703,0,0.4713,price_proxy,,,,
2024-07-03,0.3554,0.1713,0,0.6273,price_proxy,,,,
2024-07-04,0.3446,0.1711,0,1.4829,price_proxy,,,,
2024-07-05,0.4199,0.1741,0,1.1906,price_proxy,,,,
2024-07-08,0.4028,0.1744,0,0.4765,price_proxy,,,,
2024-07-09,0.4466,0.1745,0,0.517,price_proxy,,,,
2024-07-10,0.4472,0.1432,0,0.4729,price_proxy,,,,
2024-07-11,0.51,0.1023,0,0.813,price_proxy,,,,
2024-07-12,0.4407,0.0918,0,0.8705,price_proxy,,,,
2024-07-15,0.4434,0.0922,0,0.6195,price_proxy,,,,
2024-07-16,0.5488,0.1191,0,1.8586,price_proxy,,,,
2024-07-17,0.4631,0.1295,0,1.3696,price_proxy,,,,
2024-07-18,0.4068,0.1321,0,1.1496,price_proxy,,,,
2024-07-19,0.3816,0.1316,0,0.5677,price_proxy,,,,
2024-07-22,0.3417,0.1337,0,1.0995,price_proxy,,,,
2024-07-23,0.2311,0.134,0,1.0335,price_proxy,,,,
2024-07-24,0.2992,0.1228,0,0.9712,price_proxy,,,,
2024-07-25,0.2655,0.1293,0,1.3845,price_proxy,,,,
2024-07-26,0.3212,0.1324,0,1.0454,price_proxy,,,,
2024-07-29,0.39,0.1328,0,0.5513,price_proxy,,,,
2024-07-30,0.2691,0.1442,0,1.4231,price_proxy,,,,
2024-07-31,0.3298,0.1482,0,1.629,price_proxy,,,,
2024-08-01,0.379,0.1464,0,1.5065,price_proxy,,,,
2024-08-02,0.1785,0.1622,0,1.6074,price_proxy,,,,
2024-08-05,0.0,0.1902,0,1.7922,price_proxy,,,,
2024-08-06,0.1721,0.202,0,1.4577,price_proxy,,,,
2024-08-07,0.1448,0.2032,0,1.3209,price_proxy,,,,
2024-08-08,0.1481,0.2031,0,0.6771,price_proxy,,,,
2024-08-09,0.3804,0.2105,0,1.081,price_proxy,,,,
2024-08-12,0.7261,0.2236,0,1.3917,price_proxy,,,,
2024-08-13,0.6041,0.2055,0,0.7085,price_proxy,,,,
2024-08-14,0.6965,0.2132,0,1.116,price_proxy,,,,
2024-08-16,0.9347,0.2322,0,1.326,price_proxy,,,,
2024-08-19,0.8023,0.2325,0,0.5619,price_proxy,,,,
2024-08-20,0.6979,0.2306,0,0.5374,price_proxy,,,,
2024-08-21,0.7049,0.2304,0,0.3982,price_proxy,,,,
2024-08-22,0.5371,0.232,0,0.5844,price_proxy,,,,
2024-08-23,0.3449,0.2267,0,0.4423,price_proxy,,,,
2024-08-26,0.3479,0.226,0,0.4289,price_proxy,,,,
2024-08-27,0.3343,0.226,0,0.3611,price_proxy,,,,
2024-08-28,0.4679,0.2302,0,0.9959,price_proxy,,,,
2024-08-29,0.3426,0.249,0,1.3708,price_proxy,,,,
2024-08-30,0.444,0.2505,0,0.7692,price_proxy,,,,
2024-09-02,0.4307,0.2316,0,0.5601,price_proxy,,,,
2024-09-03,0.3871,0.1988,0,0.5315,price_proxy,,,,
2024-09-04,0.145,0.2067,0,1.0233,price_proxy,,,,
2024-09-05,0.295,0.2068,0,0.7937,price_proxy,,,,
2024-09-06,0.1856,0.2076,0,0.8561,price_proxy,,,,
2024-09-09,0.2522,0.2041,0,0.7202,price_proxy,,,,
2024-09-10,0.2753,0.194,0,0.8828,price_proxy,,,,
2024-09-11,0.4069,0.1942,0,0.5436,price_proxy,,,,
2024-09-12,0.5321,0.1963,0,1.081,price_proxy,,,,
2024-09-13,0.5622,0.1723,0,0.6978,price_proxy,,,,
2024-09-19,0.4713,0.1734,0,1.3477,price_proxy,,,,
2024-09-20,0.5809,0.1823,0,1.0318,price_proxy,,,,
2024-09-23,0.6059,0.1836,0,0.7065,price_proxy,,,,
2024-09-24,0.5828,0.1893,0,0.9619,price_proxy,,,,
2024-09-25,0.6427,0.1888,0,1.1517,price_proxy,,,,
2024-09-26,0.8742,0.204,0,2.4449,price_proxy,,,,
2024-09-27,0.7532,0.2043,0,1.1533,price_proxy,,,,
2024-09-30,0.6361,0.1944,0,0.7007,price_proxy,,,,
2024-10-02,0.5436,0.1671,0,0.5518,price_proxy,,,,
2024-10-04,0.515,0.1636,0,0.4861,price_proxy,,,,
2024-10-07,0.4405,0.165,0,0.56,price_proxy,,,,
2024-10-08,0.4009,0.1661,0,0.4588,price_proxy,,,,
2024-10-10,0.5443,0.1494,0,1.0236,price_proxy,,,,
2024-10-11,0.5297,0.1493,0,0.5536,price_proxy,,,,
2024-10-14,0.6136,0.1464,0,1.0418,price_proxy,,,,
2024-10-15,0.5217,0.1482,0,0.9527,price_proxy,,,,
2024-10-16,0.5242,0.1519,0,1.004,price_proxy,,,,
2024-10-17,0.6012,0.1658,0,2.4682,price_proxy,,,,
2024-10-18,0.4032,0.1981,0,3.0385,price_proxy,,,,
2024-10-21,0.2885,0.1992,0,1.1102,price_proxy,,,,
2024-10-22,0.2643,0.1979,0,0.9813,price_proxy,,,,
2024-10-23,0.3675,0.1948,0,0.844,price_proxy,,,,
2024-10-24,0.1887,0.1978,0,0.7422,price_proxy,,,,
2024-10-25,0.3772,0.1921,0,0.6863,price_proxy,,,,
2024-10-28,0.3818,0.1927,0,0.7546,price_proxy,,,,
2024-10-29,0.3745,0.1746,0,1.1592,price_proxy,,,,
2024-10-30,0.3975,0.1823,0,1.8505,price_proxy,,,,
2024-10-31,0.3737,0.183,0,0.8724,price_proxy,,,,
2024-11-01,0.3978,0.1838,0,0.5865,price_proxy,,,,
2024-11-04,0.5021,0.188,0,0.6796,price_proxy,,,,
2024-11-05,0.5626,0.1835,0,0.7522,price_proxy,,,,
2024-11-06,0.4335,0.1828,0,0.7194,price_proxy,,,,
2024-11-07,0.5109,0.178,0,0.5181,price_proxy,,,,
2024-11-08,0.5302,0.1802,0,0.6207,price_proxy,,,,
2024-11-11,0.3431,0.1834,0,0.7994,price_proxy,,,,
2024-11-12,0.2738,0.1855,0,1.187,price_proxy,,,,
2024-11-13,0.2637,0.1857,0,0.6299,price_proxy,,,,
2024-11-14,0.2535,0.1609,0,0.6473,price_proxy,,,,
2024-11-15,0.2346,0.1303,0,0.7306,price_proxy,,,,
2024-11-18,0.3297,0.1294,0,0.5957,price_proxy,,,,
2024-11-19,0.4079,0.1289,0,0.4322,price_proxy,,,,
2024-11-20,0.4903,0.1245,0,0.5926,price_proxy,,,,
2024-11-21,0.4901,0.1221,0,0.4809,price_proxy,,,,
2024-11-22,0.5416,0.1302,0,0.7982,price_proxy,,,,
2024-11-25,0.5893,0.1302,0,0.6391,price_proxy,,,,
2024-11-26,0.4975,0.1332,0,0.7395,price_proxy,,,,
2024-11-27,0.3752,0.1305,0,1.3302,price_proxy,,,,
2024-11-28,0.4058,0.1257,0,0.5318,price_proxy,,,,
2024-11-29,0.289,0.1261,0,0.9425,price_proxy,,,,
2024-12-02,0.2173,0.1192,0,0.7463,price_proxy,,,,
2024-12-03,0.3563,0.1298,0,0.8538,price_proxy,,,,
2024-12-04,0.4347,0.1289,0,0.7741,price_proxy,,,,
2024-12-05,0.435,0.1298,0,1.0458,price_proxy,,,,
2024-12-06,0.4383,0.127,0,0.819,price_proxy,,,,
2024-12-09,0.4391,0.115,0,0.8111,price_proxy,,,,
2024-12-10,0.3959,0.1133,0,0.824,price_proxy,,,,
2024-12-11,0.6835,0.191,0,3.0368,price_proxy,,,,
2024-12-12,0.7527,0.1941,0,2.9093,price_proxy,,,,
2024-12-13,0.796,0.1944,0,1.119,price_proxy,,,,
2024-12-16,0.8909,0.1938,0,0.8417,price_proxy,,,,
2024-12-17,0.9423,0.1968,0,1.7849,price_proxy,,,,
2024-12-18,0.6483,0.1966,0,0.828,price_proxy,,,,
2024-12-19,0.5263,0.198,0,0.9392,price_proxy,,,,
2024-12-20,0.4229,0.2059,0,0.8731,price_proxy,,,,
2024-12-23,0.5692,0.2259,0,1.2846,price_proxy,,,,
2024-12-24,0.4539,0.2224,0,0.9038,price_proxy,,,,
2024-12-26,0.3987,0.2167,0,0.6065,price_proxy,,,,
2024-12-27,0.46,0.2168,0,0.8539,price_proxy,,,,
2024-12-30,0.5677,0.2139,0,0.4565,price_proxy,,,,
2025-01-02,0.5092,0.2159,0,1.0282,price_proxy,,,,
2025-01-03,0.7031,0.224,0,1.8174,price_proxy,,,,
2025-01-06,0.9121,0.2296,0,1.9419,price_proxy,,,,
2025-01-07,0.9351,0.2292,0,2.6358,price_proxy,,,,
2025-01-08,1.0,0.2595,0,3.1674,price_proxy,,,,
2025-01-09,1.0,0.2541,0,1.9198,price_proxy,,,,
2025-01-10,0.9202,0.2591,0,0.9666,price_proxy,,,,
2025-01-13,0.6487,0.2378,0,0.9251,price_proxy,,,,
2025-01-14,0.6027,0.2375,0,0.9426,price_proxy,,,,
2025-01-15,0.3204,0.2376,0,0.7739,price_proxy,,,,
2025-01-16,0.3442,0.2375,0,1.0205,price_proxy,,,,
2025-01-17,0.4929,0.241,0,1.3668,price_proxy,,,,
2025-01-20,0.5225,0.2473,0,0.7551,price_proxy,,,,
2025-01-21,0.6333,0.2473,0,0.9626,price_proxy,,,,
2025-01-22,0.8928,0.2512,0,2.3613,price_proxy,,,,
2025-01-23,0.7892,0.2482,0,1.0605,price_proxy,,,,
2025-01-24,0.644,0.2461,0,0.6885,price_proxy,,,,
2025-01-31,0.5944,0.2564,0,1.0522,price_proxy,,,,
2025-02-03,0.3662,0.2704,0,0.8482,price_proxy,,,,
2025-02-04,0.1828,0.2696,0,0.7256,price_proxy,,,,
2025-02-05,0.2884,0.2661,0,0.4846,price_proxy,,,,
2025-02-06,0.296,0.2585,0,0.5577,price_proxy,,,,
2025-02-07,0.3728,0.2521,0,0.5001,price_proxy,,,,
2025-02-10,0.3792,0.2606,0,1.1854,price_proxy,,,,
2025-02-11,0.3794,0.2065,0,0.6511,price_proxy,,,,
2025-02-12,0.3092,0.2065,0,0.5244,price_proxy,,,,
2025-02-13,0.3412,0.2066,0,0.9224,price_proxy,,,,
2025-02-14,0.3962,0.1999,0,0.6845,price_proxy,,,,
2025-02-17,0.5261,0.2,0,0.6263,price_proxy,,,,
2025-02-18,0.4739,0.2013,0,0.7025,price_proxy,,,,
2025-02-19,0.6704,0.2226,0,2.9255,price_proxy,,,,
2025-02-20,0.6645,0.2143,0,1.0146,price_proxy,,,,
2025-02-21,0.6075,0.211,0,0.5173,price_proxy,,,,
2025-02-24,0.5,0.2086,0,0.7629,price_proxy,,,,
2025-02-25,0.5366,0.1644,0,0.4173,price_proxy,,,,
2025-02-26,0.3766,0.163,0,0.68,price_proxy,,,,
2025-02-27,0.3536,0.163,0,0.6918,price_proxy,,,,
2025-02-28,0.2658,0.1645,0,1.2268,price_proxy,,,,
2025-03-04,0.2879,0.1558,0,0.7238,price_proxy,,,,
2025-03-05,0.3164,0.1566,0,0.6243,price_proxy,,,,
2025-03-06,0.239,0.1555,0,0.8233,price_proxy,,,,
2025-03-07,0.248,0.1559,0,0.6282,price_proxy,,,,
2025-03-10,0.3695,0.1557,0,0.4705,price_proxy,,,,
2025-03-11,0.4091,0.1451,0,0.6677,price_proxy,,,,
2025-03-12,0.4868,0.157,0,0.7573,price_proxy,,,,
2025-03-13,0.5848,0.1573,0,0.9652,price_proxy,,,,
2025-03-14,0.5092,0.1598,0,0.8727,price_proxy,,,,
2025-03-17,0.4931,0.1591,0,0.8165,price_proxy,,,,
2025-03-18,0.5534,0.1604,0,1.0796,price_proxy,,,,
2025-03-19,0.458,0.1591,0,0.6051,price_proxy,,,,
2025-03-20,0.4868,0.1258,0,0.9753,price_proxy,,,,
2025-03-21,0.5569,0.1247,0,1.2406,price_proxy,,,,
2025-03-24,0.4977,0.1278,0,0.5361,price_proxy,,,,
2025-03-25,0.4276,0.1215,0,0.4518,price_proxy,,,,
2025-03-26,0.4209,0.1216,0,0.3328,price_proxy,,,,
2025-03-27,0.2677,0.1329,0,0.9407,price_proxy,,,,
2025-03-28,0.1944,0.1368,0,0.6727,price_proxy,,,,
2025-03-31,0.0678,0.1619,0,3.1202,price_proxy,,,,
2025-04-01,0.1362,0.1648,0,0.863,price_proxy,,,,
2025-04-02,0.0765,0.1653,0,1.0935,price_proxy,,,,
2025-04-03,0.1821,0.1636,0,0.6208,price_proxy,,,,
2025-04-04,0.2124,0.1634,0,1.5924,price_proxy,,,,
2025-04-07,0.2654,0.1773,0,1.1939,price_proxy,,,,
2025-04-08,0.2561,0.181,0,0.6005,price_proxy,,,,
2025-04-09,0.2761,0.1655,0,1.1785,price_proxy,,,,
2025-04-10,0.4583,0.2116,0,1.947,price_proxy,,,,
2025-04-11,0.5977,0.2192,0,2.9895,price_proxy,,,,
2025-04-14,0.7558,0.2192,0,1.1533,price_proxy,,,,
2025-04-15,0.7092,0.2174,0,0.5899,price_proxy,,,,
2025-04-16,0.6748,0.2192,0,0.7,price_proxy,,,,
2025-04-17,0.5669,0.227,0,2.0912,price_proxy,,,,
2025-04-18,0.631,0.246,0,2.1879,price_proxy,,,,
2025-04-21,0.7121,0.2467,0,1.2979,price_proxy,,,,
2025-04-22,0.716,0.2461,0,1.1871,price_proxy,,,,
2025-04-23,1.0,0.292,0,3.2078,price_proxy,,,,
2025-04-24,0.95,0.2857,0,1.6293,price_proxy,,,,
2025-04-25,0.7541,0.2815,0,1.03,price_proxy,,,,
2025-04-28,0.5213,0.2692,0,1.1786,price_proxy,,,,
2025-04-29,0.5614,0.2689,0,0.78,price_proxy,,,,
2025-04-30,0.278,0.2652,0,0.4742,price_proxy,,,,
2025-05-02,0.3319,0.2652,0,0.3409,price_proxy,,,,
2025-05-07,0.3836,0.2628,0,0.4514,price_proxy,,,,
2025-05-08,0.5685,0.2425,0,0.9673,price_proxy,,,,
2025-05-09,0.5052,0.2443,0,0.2877,price_proxy,,,,
2025-05-12,0.6813,0.2476,0,1.2534,price_proxy,,,,
2025-05-13,0.6232,0.2308,0,0.9059,price_proxy,,,,
2025-05-14,0.657,0.2294,0,0.9482,price_proxy,,,,
2025-05-15,0.5866,0.231,0,0.6114,price_proxy,,,,
2025-05-16,0.8643,0.2563,0,2.3929,price_proxy,,,,
2025-05-19,0.5651,0.2628,0,1.1483,price_proxy,,,,
2025-05-20,0.6086,0.2604,0,0.5525,price_proxy,,,,
2025-05-21,0.5095,0.2518,0,0.398,price_proxy,,,,
2025-05-22,0.4829,0.2552,0,0.4468,price_proxy,,,,
2025-05-23,0.2137,0.2585,0,0.4814,price_proxy,,,,
2025-05-26,0.4557,0.2205,0,0.6981,price_proxy,,,,
2025-05-27,0.4274,0.2194,0,0.3994,price_proxy,,,,
2025-05-28,0.5048,0.2206,0,0.6343,price_proxy,,,,
2025-05-29,0.5517,0.2017,0,0.9075,price_proxy,,,,
2025-05-30,0.551,0.2057,0,0.661,price_proxy,,,,
2025-06-02,0.4093,0.205,0,0.3857,price_proxy,,,,
2025-06-04,0.5122,0.2077,0,0.7096,price_proxy,,,,
2025-06-05,0.4597,0.2073,0,0.9782,price_proxy,,,,
2025-06-09,0.5048,0.2072,0,0.6223,price_proxy,,,,
2025-06-10,0.5622,0.2067,0,0.712,price_proxy,,,,
2025-06-11,0.645,0.1956,0,1.5486,price_proxy,,,,
2025-06-12,0.6256,0.1947,0,1.511,price_proxy,,,,
2025-06-13,0.5992,0.1927,0,1.2537,price_proxy,,,,
2025-06-16,0.5958,0.1907,0,0.5901,price_proxy,,,,
2025-06-17,0.5989,0.1429,0,1.6583,price_proxy,,,,
2025-06-18,0.5396,0.1256,0,0.5414,price_proxy,,,,
2025-06-19,0.6023,0.1386,0,4.5446,price_proxy,,,,
2025-06-20,0.6429,0.1371,0,1.0511,price_proxy,,,,
2025-06-23,0.5663,0.1346,0,1.064,price_proxy,,,,
2025-06-24,0.6333,0.1284,0,0.9759,price_proxy,,,,
2025-06-25,0.7286,0.1194,0,1.7435,price_proxy,,,,
2025-06-26,0.7422,0.1294,0,3.2192,price_proxy,,,,
2025-06-27,0.7129,0.1301,0,0.8028,price_proxy,,,,
2025-06-30,0.7566,0.1293,0,0.6034,price_proxy,,,,
2025-07-01,0.5841,0.1374,0,0.9436,price_proxy,,,,
2025-07-02,0.4262,0.1427,0,0.5384,price_proxy,,,,
2025-07-03,0.338,0.1398,0,0.4024,price_proxy,,,,
2025-07-04,0.3328,0.1409,0,0.31,price_proxy,,,,
2025-07-07,0.349,0.141,0,0.2194,price_proxy,,,,
2025-07-08,0.4855,0.1407,0,0.3856,price_proxy,,,,
2025-07-09,0.5149,0.1391,0,0.2579,price_proxy,,,,
2025-07-10,0.5462,0.1401,0,0.5449,price_proxy,,,,
2025-07-11,0.5233,0.1416,0,0.4773,price_proxy,,,,
2025-07-14,0.4003,0.1578,0,0.8191,price_proxy,,,,
2025-07-15,0.4021,0.1586,0,0.3907,price_proxy,,,,
2025-07-16,0.426,0.1587,0,0.316,price_proxy,,,,
2025-07-17,0.3113,0.15,0,0.6471,price_proxy,,,,
2025-07-18,0.3407,0.1499,0,0.3179,price_proxy,,,,
2025-07-21,0.4799,0.1476,0,0.2358,price_proxy,,,,
2025-07-22,0.397,0.1463,0,0.397,price_proxy,,,,
2025-07-23,0.3902,0.1335,0,0.3803,price_proxy,,,,
2025-07-24,0.4162,0.109,0,0.9376,price_proxy,,,,
2025-07-25,0.4522,0.1117,0,0.6307,price_proxy,,,,
2025-07-28,0.4211,0.1117,0,0.6181,price_proxy,,,,
2025-07-29,0.4492,0.1008,0,0.7221,price_proxy,,,,
2025-07-30,0.4954,0.1007,0,1.4182,price_proxy,,,,
2025-07-31,0.6726,0.1266,0,3.5745,price_proxy,,,,
2025-08-01,0.5257,0.1388,0,1.1326,price_proxy,,,,
2025-08-04,0.5376,0.1388,0,0.5277,price_proxy,,,,
2025-08-05,0.5829,0.1379,0,0.6989,price_proxy,,,,
2025-08-06,0.5582,0.1377,0,0.6569,price_proxy,,,,
2025-08-07,0.4042,0.1327,0,0.6149,price_proxy,,,,
2025-08-08,0.5046,0.1314,0,0.7808,price_proxy,,,,
2025-08-11,0.5876,0.1238,0,1.697,price_proxy,,,,
2025-08-12,0.5364,0.1228,0,0.8894,price_proxy,,,,
2025-08-13,0.5701,0.1251,0,1.4666,price_proxy,,,,
2025-08-14,0.6257,0.1211,0,0.8183,price_proxy,,,,
2025-08-18,0.5414,0.1312,0,1.057,price_proxy,,,,
2025-08-19,0.4845,0.1314,0,1.2894,price_proxy,,,,
2025-08-20,0.4464,0.1333,0,0.8388,price_proxy,,,,
2025-08-21,0.3995,0.1332,0,0.5441,price_proxy,,,,
2025-08-22,0.3667,0.1316,0,0.5875,price_proxy,,,,
2025-08-25,0.5045,0.1335,0,0.6597,price_proxy,,,,
2025-08-26,0.4844,0.1332,0,0.6926,price_proxy,,,,
2025-08-27,0.5459,0.1326,0,0.4326,price_proxy,,,,
2025-08-28,0.5345,0.1321,0,0.5049,price_proxy,,,,
2025-08-29,0.5046,0.1091,0,0.9354,price_proxy,,,,
2025-09-01,0.3315,0.1137,0,1.637,price_proxy,,,,
2025-09-02,0.3587,0.1157,0,0.4462,price_proxy,,,,
2025-09-03,0.3765,0.1151,0,0.5536,price_proxy,,,,
2025-09-04,0.3688,0.1152,0,0.9865,price_proxy,,,,
2025-09-05,0.4057,0.1151,0,0.5581,price_proxy,,,,
2025-09-08,0.5319,0.1151,0,0.3849,price_proxy,,,,
2025-09-09,0.5265,0.1062,0,1.0487,price_proxy,,,,
2025-09-10,0.5885,0.1149,0,2.0237,price_proxy,,,,
2025-09-11,0.6792,0.1173,0,2.0144,price_proxy,,,,
2025-09-12,0.693,0.1164,0,3.3748,price_proxy,,,,
2025-09-15,0.7005,0.1054,0,1.1778,price_proxy,,,,
2025-09-16,0.7214,0.1075,0,1.9264,price_proxy,,,,
2025-09-17,0.5848,0.1054,0,0.9139,price_proxy,,,,
2025-09-18,0.5956,0.1111,0,1.9396,price_proxy,,,,
2025-09-19,0.5528,0.1121,0,1.6332,price_proxy,,,,
2025-09-22,0.5461,0.1096,0,0.9432,price_proxy,,,,
2025-09-23,0.5579,0.1134,0,1.6086,price_proxy,,,,
2025-09-24,0.6143,0.1133,0,1.1364,price_proxy,,,,
2025-09-25,0.4958,0.116,0,0.8721,price_proxy,,,,
2025-09-26,0.425,0.1257,0,0.9582,price_proxy,,,,
2025-09-29,0.4635,0.1036,0,0.8646,price_proxy,,,,
2025-09-30,0.5104,0.1153,0,2.5051,price_proxy,,,,
2025-10-01,0.473,0.1182,0,1.136,price_proxy,,,,
2025-10-02,0.6382,0.129,0,3.5506,price_proxy,,,,
2025-10-10,1.0,0.2244,0,4.0088,price_proxy,,,,
2025-10-13,1.0,0.2306,0,3.0575,price_proxy,,,,
2025-10-14,1.0,0.2312,0,2.0925,price_proxy,,,,
2025-10-15,1.0,0.2461,0,1.9798,price_proxy,,,,
2025-10-16,1.0,0.2461,0,1.422,price_proxy,,,,
2025-10-17,0.8896,0.2524,0,0.9895,price_proxy,,,,
2025-10-20,0.8328,0.2526,0,1.2468,price_proxy,,,,
2025-10-21,0.8248,0.2539,0,1.5004,price_proxy,,,,
2025-10-22,0.6338,0.2482,0,0.7343,price_proxy,,,,
2025-10-23,0.541,0.2516,0,0.5053,price_proxy,,,,
2025-10-24,0.604,0.2499,0,0.7951,price_proxy,,,,
2025-10-27,0.504,0.2498,0,0.6117,price_proxy,,,,
2025-10-28,0.4131,0.2601,0,0.7565,price_proxy,,,,
2025-10-29,0.3244,0.2661,0,1.5334,price_proxy,,,,
2025-10-30,0.4197,0.2626,0,0.9872,price_proxy,,,,
2025-10-31,0.4198,0.2527,0,0.4391,price_proxy,,,,
2025-11-03,0.393,0.2561,0,0.5797,price_proxy,,,,
2025-11-04,0.4525,0.2564,0,0.6118,price_proxy,,,,
2025-11-05,0.4262,0.2636,0,1.3061,price_proxy,,,,
2025-11-06,0.2979,0.2642,0,0.8297,price_proxy,,,,
2025-11-07,0.2704,0.1849,0,0.7522,price_proxy,,,,
2025-11-10,0.3305,0.1683,0,0.639,price_proxy,,,,
2025-11-11,0.3568,0.1682,0,0.6551,price_proxy,,,,
2025-11-12,0.4699,0.1245,0,0.6228,price_proxy,,,,
2025-11-13,0.5698,0.1208,0,0.583,price_proxy,,,,
2025-11-14,0.4748,0.1319,0,0.6566,price_proxy,,,,
2025-11-17,0.5417,0.134,0,1.0403,price_proxy,,,,
2025-11-18,0.3766,0.1551,0,1.0069,price_proxy,,,,
2025-11-19,0.3413,0.1531,0,0.8108,price_proxy,,,,
2025-11-20,0.3502,0.1572,0,0.499,price_proxy,,,,
2025-11-21,0.4124,0.1579,0,0.6374,price_proxy,,,,
2025-11-24,0.308,0.1577,0,0.5358,price_proxy,,,,
2025-11-25,0.4737,0.154,0,0.6626,price_proxy,,,,
2025-11-26,0.6292,0.1718,0,1.1186,price_proxy,,,,
2025-11-27,0.513,0.168,0,0.6988,price_proxy,,,,
2025-11-28,0.5583,0.1678,0,0.4316,price_proxy,,,,
2025-12-01,0.5351,0.1678,0,0.621,price_proxy,,,,
2025-12-02,0.5067,0.1677,0,0.6655,price_proxy,,,,
2025-12-03,0.3911,0.1621,0,0.7354,price_proxy,,,,
2025-12-04,0.3681,0.1654,0,1.1408,price_proxy,,,,
2025-12-05,0.4272,0.1681,0,0.8031,price_proxy,,,,
2025-12-08,0.4951,0.1682,0,0.7366,price_proxy,,,,
2025-12-09,0.5133,0.1681,0,0.5895,price_proxy,,,,
2025-12-10,0.4934,0.1675,0,0.7863,price_proxy,,,,
2025-12-11,0.5844,0.1658,0,1.566,price_proxy,,,,
2025-12-12,0.5185,0.1541,0,0.7855,price_proxy,,,,
2025-12-15,0.4522,0.1417,0,0.5616,price_proxy,,,,
2025-12-16,0.4176,0.1158,0,0.6823,price_proxy,,,,
2025-12-17,0.4802,0.1206,0,0.6609,price_proxy,,,,
2025-12-18,0.424,0.1215,0,0.6738,price_proxy,,,,
2025-12-19,0.4368,0.1183,0,0.6155,price_proxy,,,,
2025-12-22,0.6435,0.1534,0,2.6452,price_proxy,,,,
2025-12-23,0.684,0.1535,0,1.5507,price_proxy,,,,
2025-12-24,0.5784,0.1357,0,1.2291,price_proxy,,,,
2025-12-26,0.7784,0.1474,0,3.4081,price_proxy,,,,
2025-12-29,0.7405,0.1487,0,1.7151,price_proxy,,,,
2025-12-30,0.5063,0.15,0,1.3447,price_proxy,,,,
2026-01-02,0.7756,0.2039,0,2.5672,price_proxy,,,,
2026-01-05,1.0,0.2571,0,4.077,price_proxy,,,,
2026-01-06,1.0,0.2609,0,3.3206,price_proxy,,,,
2026-01-07,1.0,0.2611,0,2.3704,price_proxy,,,,
2026-01-08,1.0,0.2628,0,2.4446,price_proxy,,,,
2026-01-09,0.9401,0.2732,0,1.1092,price_proxy,,,,
2026-01-12,0.5036,0.2823,0,0.9961,price_proxy,,,,
2026-01-13,0.3857,0.2819,0,0.5721,price_proxy,,,,
2026-01-14,0.4067,0.2804,0,1.2843,price_proxy,,,,
2026-01-15,0.4386,0.2778,0,0.4882,price_proxy,,,,
2026-01-16,0.525,0.2763,0,0.4883,price_proxy,,,,
2026-01-19,0.6181,0.2778,0,0.3658,price_proxy,,,,
2026-01-20,0.4873,0.278,0,0.3655,price_proxy,,,,
2026-01-21,0.437,0.278,0,0.3765,price_proxy,,,,
2026-01-22,0.3933,0.2685,0,0.3952,price_proxy,,,,
2026-01-23,0.4171,0.2682,0,0.2502,price_proxy,,,,
2026-01-26,0.4099,0.2669,0,0.2947,price_proxy,,,,
2026-01-27,0.5314,0.2623,0,0.6604,price_proxy,,,,
2026-01-28,0.6138,0.2611,0,0.9,price_proxy,,,,
2026-01-29,0.8885,0.2772,0,2.6074,price_proxy,,,,
2026-01-30,0.9664,0.2497,0,1.5609,price_proxy,,,,
2026-02-02,0.7077,0.2383,0,1.0746,price_proxy,,,,
2026-02-03,0.7803,0.2256,0,0.7668,price_proxy,,,,
2026-02-04,0.7253,0.2257,0,0.6654,price_proxy,,,,
2026-02-05,0.4017,0.2316,0,0.5997,price_proxy,,,,
2026-02-06,0.3578,0.2238,0,0.7495,price_proxy,,,,
2026-02-09,0.6144,0.215,0,0.7158,price_proxy,,,,
2026-02-10,0.4558,0.2147,0,0.4389,price_proxy,,,,
2026-02-11,0.3815,0.2157,0,0.3835,price_proxy,,,,
2026-02-12,0.6654,0.2382,0,2.9314,price_proxy,,,,
2026-02-13,0.5663,0.2418,0,0.5564,price_proxy,,,,
2026-02-19,0.5374,0.2417,0,0.4172,price_proxy,,,,
2026-02-20,0.5575,0.2385,0,0.4285,price_proxy,,,,
2026-02-23,0.6417,0.2385,0,0.4825,price_proxy,,,,
2026-02-24,0.5048,0.2382,0,0.8319,price_proxy,,,,
2026-02-25,0.6185,0.2383,0,0.5326,price_proxy,,,,
2026-02-26,1.0,0.3723,0,2.6537,price_proxy,,,,
2026-02-27,1.0,0.4036,0,2.6637,price_proxy,,,,
2026-03-03,1.0,0.4388,0,0.9126,price_proxy,,,,
2026-03-04,0.9667,0.4402,0,1.9971,price_proxy,,,,
2026-03-05,1.0,0.4887,0,1.3216,price_proxy,,,,
2026-03-06,0.9211,0.4646,0,0.9667,price_proxy,,,,
2026-03-09,0.3856,0.4796,0,0.6629,price_proxy,,,,
2026-03-10,0.7979,0.481,0,0.6969,price_proxy,,,,
2026-03-11,0.9131,0.4795,0,0.4761,price_proxy,,,,
2026-03-12,0.5127,0.4794,0,0.3501,price_proxy,,,,
2026-03-13,0.3321,0.484,0,0.372,price_proxy,,,,
2026-03-16,0.4672,0.4844,0,0.3934,price_proxy,,,,
2026-03-17,0.358,0.4821,0,0.294,price_proxy,,,,
2026-03-18,0.4904,0.4754,0,0.4624,price_proxy,,,,
2026-03-19,0.4369,0.4729,0,0.3991,price_proxy,,,,
2026-03-20,0.5262,0.4722,0,0.3456,price_proxy,,,,
2026-03-21,0.1305,0.1429555875088483,6,,,3.0,0.0,1.0,0.2539412744517184
2026-03-22,0.22625,0.1535499375881779,4,,,3.0,0.0,1.0,0.3641353276882152
2026-03-23,-0.0058461538461538,0.3052382272662049,26,,,14.0,13.0,0.5185185185185185,-0.0192679693704868
2026-03-24,0.08025,0.3165509645505676,20,,,13.0,7.0,0.65,0.2443229256273047
2026-03-25,0.1732127659574468,0.2400288874073478,47,,,28.0,3.0,0.9032258064516128,0.6705414346766201
2026-03-26,-0.0787096774193548,0.3008132525392221,31,,,13.0,19.0,0.40625,-0.2727869549300429
2026-03-27,0.0,0.0,2,,,0.0,0.0,0.5,0.0
2026-03-28,0.0121999999999999,0.2771744937760327,5,,,2.0,2.0,0.5,0.0218594655245822
2026-03-29,0.2719999999999999,0.2355589098293673,3,,,2.0,0.0,1.0,0.3770720662246102
2026-03-30,-0.0261791044776119,0.3175723694841728,67,,,27.0,31.0,0.4655172413793103,-0.1104629330578939
2026-03-31,-0.0796904761904761,0.3228573261950493,42,,,10.0,20.0,0.3333333333333333,-0.2997318282672941
2026-04-01,0.2998260869565217,0.3391951238090109,23,,,26.0,3.0,0.896551724137931,0.95286344409041
2026-04-02,-0.0163529411764705,0.393992693646797,17,,,10.0,11.0,0.4761904761904761,-0.0472660793350078
2026-04-03,0.0542857142857142,0.1436264997435063,7,,,2.0,1.0,0.6666666666666666,0.1128839694054767
2026-04-04,0.1319999999999999,0.1918289168330295,7,,,4.0,1.0,0.8,0.2744862835017382
2026-04-05,0.1187777777777777,0.2187246835167151,27,,,12.0,2.0,0.8571428571428571,0.3957918468196992
2026-04-06,0.1105999999999999,0.3029112081122123,20,,,14.0,10.0,0.5833333333333334,0.3367241816122105
2026-04-07,0.2200655737704918,0.2318384400721372,61,,,52.0,5.0,0.912280701754386,0.908240196472874
2026-04-08,0.3493,0.3228242516229186,40,,,52.0,4.0,0.9285714285714286,1.2971507228998147
2026-04-09,0.2720344827586207,0.2508059965648462,58,,,50.0,12.0,0.8064516129032258,1.1092307894818008
2026-04-10,0.1941428571428571,0.3408005514564433,28,,,26.0,10.0,0.7222222222222222,0.6537364332788026
2026-04-11,-0.0255555555555555,0.3042450127410107,9,,,5.0,4.0,0.5555555555555556,-0.0588438412654034
2026-04-12,0.2835555555555555,0.4251582385157058,9,,,9.0,2.0,0.8181818181818182,0.6529107952578672
2026-04-13,-0.140859649122807,0.3167160421867609,57,,,25.0,51.0,0.3289473684210526,-0.5719525777487228
2026-04-14,0.1021071428571428,0.2492185370729457,56,,,24.0,9.0,0.7272727272727273,0.412824413383535
2026-04-15,0.26,0.3970935028428443,25,,,27.0,3.0,0.9,0.8471050998855854
2026-04-16,0.0758636363636363,0.3177236438366113,22,,,16.0,11.0,0.5925925925925926,0.2378699930175341
2026-04-17,0.1848372093023255,0.3288767268136278,43,,,31.0,13.0,0.7045454545454546,0.6994590514042405
2026-04-18,0.134625,0.2367336885314683,8,,,4.0,1.0,0.8,0.2958013587238886
2026-04-19,0.26,0.2672501948861154,7,,,6.0,1.0,0.8571428571428571,0.5406548008367573
2026-04-20,0.1452,0.2697747208320305,10,,,6.0,1.0,0.8571428571428571,0.3481743936103234
2026-04-21,0.3046,0.3107397625023228,20,,,24.0,2.0,0.9230769230769232,0.9273615345305546
2026-04-22,-0.0328181818181818,0.2341561620481259,22,,,6.0,7.0,0.4615384615384615,-0.1029012192682202
2026-04-23,0.0823749999999999,0.3343515219307238,24,,,18.0,12.0,0.6,0.265154896073518
2026-04-24,0.161,0.2276883835420683,2,,,1.0,0.0,1.0,0.1768765784755656
2026-04-26,0.0,0.0,2,,,0.0,0.0,0.5,0.0
2026-04-27,0.4005416666666666,0.3367259049846317,96,,,136.0,6.0,0.9577464788732394,1.8323623598480423
2026-04-28,0.2252799999999999,0.2860835499482981,50,,,44.0,8.0,0.8461538461538461,0.885761678540136
2026-04-29,0.0557560975609756,0.2529624261118443,41,,,17.0,11.0,0.6071428571428571,0.2083978718877019
2026-04-30,0.2470833333333333,0.3499160044138129,24,,,27.0,7.0,0.7941176470588235,0.7953305683945179
2026-05-01,0.0,0.0,1,,,0.0,0.0,0.5,0.0
2026-05-02,0.1305,0.1845548698896889,2,,,1.0,0.0,1.0,0.1433689036711883
2026-05-03,0.2867,0.3435611056760257,10,,,9.0,0.0,1.0,0.6874765747112929
2026-05-04,0.0774032258064516,0.2755054050035042,62,,,46.0,23.0,0.6666666666666666,0.3206919927734349
2026-05-05,0.1523749999999999,0.5171982039246242,8,,,10.0,4.0,0.7142857142857143,0.3348020949716064
2026-05-06,0.2336571428571428,0.3278417788091888,35,,,39.0,8.0,0.8297872340425532,0.8373147965341162
2026-05-07,0.0548235294117647,0.2766721580968235,34,,,15.0,8.0,0.6521739130434783,0.1949167290181254
2026-05-08,0.4835,0.2283954903232548,2,,,3.0,0.0,1.0,0.5311790415710311
2026-05-09,0.1793333333333333,0.4008808634328492,6,,,4.0,1.0,0.8,0.3489665533972528
2026-05-10,-0.03075,0.4275842022338992,4,,,2.0,2.0,0.5,-0.0494902158073485
2026-05-11,0.0666145833333333,0.1603978192391238,96,,,24.0,2.0,0.9230769230769232,0.3047424657034284
2026-05-12,0.0703235294117646,0.3594542766546916,34,,,18.0,12.0,0.6,0.2500246239712113
2026-05-13,0.092,0.253461544848486,54,,,24.0,7.0,0.7741935483870968,0.3686746530413873
2026-05-14,0.18805,0.3436270124483966,20,,,15.0,3.0,0.8333333333333334,0.5725224444138897
2026-05-15,0.0,0.0,1,,,0.0,0.0,0.5,0.0
2026-05-16,-0.0461111111111111,0.3968694509673314,9,,,4.0,4.0,0.5,-0.1061747570658365
2026-05-17,0.1995555555555555,0.2797874689434425,9,,,6.0,1.0,0.8571428571428571,0.4594936474463674
2026-05-18,-0.13903,0.3610966589027197,100,,,37.0,73.0,0.3363636363636363,-0.6416402054564404
2026-05-19,-0.057484375,0.4291350101015312,64,,,39.0,47.0,0.4534883720930232,-0.239962043217907
2026-05-20,-0.0608461538461538,0.408256261904965,26,,,17.0,20.0,0.4594594594594595,-0.2005389970007249
2026-05-21,0.3920294117647059,0.3929367660820726,34,,,59.0,9.0,0.8676470588235294,1.393801009164482
2026-05-22,0.499,0.4149321229631018,4,,,8.0,0.0,1.0,0.8031095183046161
2026-05-23,0.2928888888888889,0.4017217458778042,9,,,10.0,4.0,0.7142857142857143,0.6744015894591451
2026-05-24,0.1503333333333333,0.3928870914991565,6,,,4.0,1.0,0.8,0.2925351590746487
2026-05-25,0.408,0.0,1,,,1.0,0.0,1.0,0.2828040496684577
2026-05-26,0.5757,0.4146,0,0.6667,price_proxy,,,,
2026-05-27,0.7153,0.4167,0,1.1868,price_proxy,,,,
2026-05-28,0.5348,0.3133,0,1.0162,price_proxy,,,,
2026-05-29,0.1962,0.3144,0,1.1751,price_proxy,,,,
2026-06-01,0.3284,0.3183,0,0.8873,price_proxy,,,,
2026-06-02,0.1748,0.32,0,0.8249,price_proxy,,,,
2026-06-04,0.406,0.3407,0,1.7446,price_proxy,,,,
2026-06-05,0.435,0.3413,0,0.7173,price_proxy,,,,
2026-06-08,0.2979,0.3541,0,0.7147,price_proxy,,,,
2026-06-09,0.3874,0.3727,0,0.6339,price_proxy,,,,
2026-06-10,0.4601,0.3702,0,0.7645,price_proxy,,,,
2026-06-11,0.4145,0.3803,0,1.0674,price_proxy,,,,
2026-06-12,1.0,0.4594,0,3.9021,price_proxy,,,,
2026-06-15,1.0,0.4603,0,0.8077,price_proxy,,,,
2026-06-16,0.8761,0.4516,0,0.6979,price_proxy,,,,
2026-06-17,0.8667,0.4255,0,0.5115,price_proxy,,,,
2026-06-18,0.6684,0.4125,0,0.5071,price_proxy,,,,
2026-06-19,0.1343,0.4197,0,2.6022,price_proxy,,,,
2026-06-22,0.2378,0.3849,0,0.5646,price_proxy,,,,
2026-06-23,0.0708,0.4124,0,0.778,price_proxy,,,,
2026-06-24,0.1901,0.4149,0,0.6083,price_proxy,,,,
2026-06-25,0.2306,0.4144,0,0.5271,price_proxy,,,,
2026-06-26,0.2458,0.4094,0,0.5639,price_proxy,,,,
2026-06-29,0.2114,0.4077,0,0.6354,price_proxy,,,,
2026-06-30,0.4884,0.4053,0,0.5492,price_proxy,,,,
2026-07-01,0.3259,0.4024,0,1.0283,price_proxy,,,,
2026-07-02,0.1081,0.3996,0,1.0146,price_proxy,,,,
2026-07-03,0.3058,0.4014,0,0.5798,price_proxy,,,,
2026-07-06,0.2558,0.3871,0,0.4422,price_proxy,,,,
2026-07-07,0.1413,0.3788,0,0.4123,price_proxy,,,,
2026-07-08,0.1162,0.3814,0,0.5762,price_proxy,,,,
2026-07-09,0.4636,0.3825,0,0.9868,price_proxy,,,,
2026-07-10,0.4097,0.2652,0,0.7095,price_proxy,,,,
2026-07-13,0.3146,0.2704,0,0.5832,price_proxy,,,,
2026-07-14,0.4715,0.2706,0,0.8768,price_proxy,,,,
2026-07-15,1.0,0.4337,0,2.029,price_proxy,,,,
2026-07-16,0.7506,0.4453,0,1.2377,price_proxy,,,,
2026-07-20,0.5,0.4487,0,0.7667,price_proxy,,,,
2026-07-21,0.68,0.4478,0,0.7237,price_proxy,,,,
2026-07-22,0.5723,0.424,0,0.9077,price_proxy,,,,
2026-07-23,0.103,0.4203,0,1.0945,price_proxy,,,,
