date,news_sentiment_mean,news_sentiment_std,news_count,volume_ratio,source,news_positive_total,news_negative_total,news_pos_ratio,news_intensity
2016-02-01,0.4928,0.1317,0,1.8036,price_proxy,,,,
2016-02-02,0.5515,0.1293,0,1.1008,price_proxy,,,,
2016-02-03,0.5746,0.1284,0,0.6938,price_proxy,,,,
2016-02-04,0.6504,0.1308,0,1.2953,price_proxy,,,,
2016-02-05,0.5,0.132,0,0.5123,price_proxy,,,,
2016-02-11,0.4134,0.1447,0,0.6842,price_proxy,,,,
2016-02-12,0.4713,0.1472,0,1.2008,price_proxy,,,,
2016-02-15,0.4928,0.147,0,0.4657,price_proxy,,,,
2016-02-16,0.4441,0.1358,0,0.5177,price_proxy,,,,
2016-02-17,0.4714,0.1305,0,1.3125,price_proxy,,,,
2016-02-18,0.7113,0.1447,0,1.9717,price_proxy,,,,
2016-02-19,0.6164,0.1452,0,0.938,price_proxy,,,,
2016-02-22,0.5433,0.1482,0,1.0214,price_proxy,,,,
2016-02-23,0.5432,0.138,0,0.7197,price_proxy,,,,
2016-02-24,0.5725,0.1286,0,0.5595,price_proxy,,,,
2016-02-25,0.4317,0.1292,0,0.3543,price_proxy,,,,
2016-02-26,0.4931,0.1289,0,0.7006,price_proxy,,,,
2016-02-29,0.5,0.1308,0,0.5828,price_proxy,,,,
2016-03-02,0.5141,0.1305,0,0.7177,price_proxy,,,,
2016-03-03,0.458,0.121,0,0.6919,price_proxy,,,,
2016-03-04,0.5283,0.1231,0,1.128,price_proxy,,,,
2016-03-07,0.3897,0.1327,0,1.0607,price_proxy,,,,
2016-03-08,0.4788,0.1348,0,0.6952,price_proxy,,,,
2016-03-09,0.458,0.1311,0,0.9921,price_proxy,,,,
2016-03-10,0.5,0.1291,0,0.4767,price_proxy,,,,
2016-03-11,0.493,0.1159,0,0.7375,price_proxy,,,,
2016-03-14,0.5803,0.1098,0,0.6531,price_proxy,,,,
2016-03-15,0.5571,0.11,0,0.7852,price_proxy,,,,
2016-03-16,0.55,0.1102,0,0.4029,price_proxy,,,,
2016-03-17,0.5571,0.1097,0,0.7082,price_proxy,,,,
2016-03-18,0.521,0.0877,0,0.4939,price_proxy,,,,
2016-03-21,0.486,0.0901,0,0.5924,price_proxy,,,,
2016-03-22,0.5278,0.0915,0,0.859,price_proxy,,,,
2016-03-23,0.493,0.0945,0,0.5897,price_proxy,,,,
2016-03-24,0.4514,0.0961,0,0.8764,price_proxy,,,,
2016-03-25,0.4516,0.0955,0,0.2963,price_proxy,,,,
2016-03-28,0.5,0.0916,0,0.5041,price_proxy,,,,
2016-03-29,0.4178,0.0886,0,0.5247,price_proxy,,,,
2016-03-30,0.451,0.0878,0,0.8046,price_proxy,,,,
2016-03-31,0.5,0.0853,0,0.8154,price_proxy,,,,
2016-04-01,0.5355,0.0841,0,1.3056,price_proxy,,,,
2016-04-04,0.5424,0.0673,0,0.783,price_proxy,,,,
2016-04-05,0.55,0.0644,0,0.4335,price_proxy,,,,
2016-04-06,0.5645,0.0645,0,0.5901,price_proxy,,,,
2016-04-07,0.6281,0.0752,0,4.2038,price_proxy,,,,
2016-04-08,0.6533,0.0796,0,2.8034,price_proxy,,,,
2016-04-11,0.6246,0.08,0,0.8741,price_proxy,,,,
2016-04-12,0.6533,0.0797,0,0.8566,price_proxy,,,,
2016-04-14,0.6111,0.0822,0,0.7659,price_proxy,,,,
2016-04-15,0.5,0.0847,0,0.6223,price_proxy,,,,
2016-04-18,0.4353,0.0847,0,0.6569,price_proxy,,,,
2016-04-19,0.4609,0.081,0,0.5975,price_proxy,,,,
2016-04-20,0.4806,0.0761,0,1.1378,price_proxy,,,,
2016-04-21,0.4671,0.0769,0,0.8867,price_proxy,,,,
2016-04-22,0.4799,0.075,0,0.6652,price_proxy,,,,
2016-04-25,0.4666,0.0757,0,0.6456,price_proxy,,,,
2016-04-26,0.4203,0.0784,0,0.8942,price_proxy,,,,
2016-04-27,0.3954,0.0773,0,1.0755,price_proxy,,,,
2016-04-28,0.4398,0.0771,0,0.7973,price_proxy,,,,
2016-04-29,0.4392,0.0779,0,1.0165,price_proxy,,,,
2016-05-02,0.3844,0.0833,0,4.1084,price_proxy,,,,
2016-05-03,0.4239,0.083,0,1.12,price_proxy,,,,
2016-05-04,0.4655,0.0875,0,0.6806,price_proxy,,,,
2016-05-09,0.4034,0.0934,0,0.9722,price_proxy,,,,
2016-05-10,0.4652,0.0864,0,0.6606,price_proxy,,,,
2016-05-11,0.5072,0.0771,0,0.7062,price_proxy,,,,
2016-05-12,0.5288,0.0798,0,0.3962,price_proxy,,,,
2016-05-13,0.493,0.0799,0,0.6247,price_proxy,,,,
2016-05-16,0.5725,0.0795,0,0.6878,price_proxy,,,,
2016-05-17,0.4787,0.0816,0,0.5886,price_proxy,,,,
2016-05-18,0.4928,0.0816,0,0.9666,price_proxy,,,,
2016-05-19,0.4858,0.0823,0,0.4783,price_proxy,,,,
2016-05-20,0.4648,0.0792,0,0.3092,price_proxy,,,,
2016-05-23,0.472,0.078,0,0.7235,price_proxy,,,,
2016-05-24,0.5573,0.0804,0,1.1213,price_proxy,,,,
2016-05-25,0.63,0.0859,0,2.3974,price_proxy,,,,
2016-05-26,0.6,0.0838,0,0.7065,price_proxy,,,,
2016-05-27,0.5932,0.0842,0,0.3214,price_proxy,,,,
2016-05-30,0.5355,0.0862,0,0.3892,price_proxy,,,,
2016-05-31,0.4512,0.0894,0,0.8696,price_proxy,,,,
2016-06-01,0.4661,0.0891,0,1.1706,price_proxy,,,,
2016-06-02,0.5408,0.0954,0,3.0063,price_proxy,,,,
2016-06-03,0.6507,0.1034,0,3.5321,price_proxy,,,,
2016-06-07,0.7091,0.095,0,1.8267,price_proxy,,,,
2016-06-08,0.8214,0.0957,0,2.6844,price_proxy,,,,
2016-06-09,0.7483,0.0929,0,1.4126,price_proxy,,,,
2016-06-10,0.6467,0.095,0,1.0511,price_proxy,,,,
2016-06-13,0.5127,0.0988,0,1.0264,price_proxy,,,,
2016-06-14,0.582,0.107,0,1.463,price_proxy,,,,
2016-06-15,0.5431,0.101,0,1.2811,price_proxy,,,,
2016-06-16,0.4632,0.1107,0,0.7116,price_proxy,,,,
2016-06-17,0.4876,0.1109,0,0.8728,price_proxy,,,,
2016-06-20,0.5253,0.1105,0,0.5777,price_proxy,,,,
2016-06-21,0.5121,0.1151,0,0.7136,price_proxy,,,,
2016-06-22,0.4639,0.1179,0,0.6849,price_proxy,,,,
2016-06-23,0.5,0.1183,0,0.7107,price_proxy,,,,
2016-06-24,0.4625,0.1206,0,1.6584,price_proxy,,,,
2016-06-27,0.4562,0.1203,0,0.9662,price_proxy,,,,
2016-06-28,0.4337,0.12,0,0.6795,price_proxy,,,,
2016-06-29,0.4632,0.1157,0,0.6149,price_proxy,,,,
2016-06-30,0.5438,0.1125,0,0.6227,price_proxy,,,,
2016-07-01,0.6592,0.1132,0,1.2778,price_proxy,,,,
2016-07-04,0.6597,0.1042,0,0.531,price_proxy,,,,
2016-07-05,0.5872,0.1048,0,0.5115,price_proxy,,,,
2016-07-06,0.6063,0.1019,0,0.7322,price_proxy,,,,
2016-07-07,0.6284,0.107,0,1.5458,price_proxy,,,,
2016-07-08,0.5649,0.1055,0,1.0027,price_proxy,,,,
2016-07-11,0.5828,0.1024,0,0.8763,price_proxy,,,,
2016-07-12,0.6313,0.0935,0,1.3149,price_proxy,,,,
2016-07-13,0.6484,0.0941,0,0.9748,price_proxy,,,,
2016-07-14,0.5805,0.0827,0,0.6448,price_proxy,,,,
2016-07-15,0.58,0.0824,0,1.1898,price_proxy,,,,
2016-07-18,0.5284,0.0866,0,0.7678,price_proxy,,,,
2016-07-19,0.4832,0.0801,0,0.8036,price_proxy,,,,
2016-07-20,0.5442,0.0878,0,1.3282,price_proxy,,,,
2016-07-21,0.5552,0.0833,0,0.9253,price_proxy,,,,
2016-07-22,0.5385,0.0789,0,0.6043,price_proxy,,,,
2016-07-25,0.5952,0.0778,0,0.652,price_proxy,,,,
2016-07-26,0.596,0.0775,0,0.7202,price_proxy,,,,
2016-07-27,0.4622,0.0828,0,0.606,price_proxy,,,,
2016-07-28,0.457,0.081,0,0.6841,price_proxy,,,,
2016-07-29,0.5593,0.0877,0,1.7405,price_proxy,,,,
2016-08-01,0.5428,0.0874,0,1.1571,price_proxy,,,,
2016-08-02,0.5916,0.0862,0,1.0561,price_proxy,,,,
2016-08-03,0.7039,0.0897,0,3.8612,price_proxy,,,,
2016-08-04,0.7033,0.0858,0,0.9617,price_proxy,,,,
2016-08-05,0.6466,0.0872,0,1.3999,price_proxy,,,,
2016-08-08,0.6623,0.0872,0,1.1778,price_proxy,,,,
2016-08-09,0.5876,0.0916,0,1.3774,price_proxy,,,,
2016-08-10,0.55,0.0915,0,1.1155,price_proxy,,,,
2016-08-11,0.5798,0.0919,0,0.6415,price_proxy,,,,
2016-08-12,0.5293,0.0924,0,0.9223,price_proxy,,,,
2016-08-16,0.4758,0.0924,0,0.736,price_proxy,,,,
2016-08-17,0.5691,0.0931,0,0.7414,price_proxy,,,,
2016-08-18,0.6659,0.1008,0,2.0788,price_proxy,,,,
2016-08-19,0.6295,0.1012,0,0.9961,price_proxy,,,,
2016-08-22,0.625,0.1015,0,0.8503,price_proxy,,,,
2016-08-23,0.6765,0.1016,0,0.5554,price_proxy,,,,
2016-08-24,0.5716,0.1055,0,0.8228,price_proxy,,,,
2016-08-25,0.4505,0.101,0,0.5226,price_proxy,,,,
2016-08-26,0.473,0.1007,0,0.612,price_proxy,,,,
2016-08-29,0.319,0.1311,0,1.551,price_proxy,,,,
2016-08-30,0.3649,0.1341,0,0.7989,price_proxy,,,,
2016-08-31,0.4447,0.1345,0,1.0473,price_proxy,,,,
2016-09-01,0.5231,0.1363,0,0.9468,price_proxy,,,,
2016-09-02,0.5,0.1364,0,0.6845,price_proxy,,,,
2016-09-05,0.6592,0.1357,0,0.5479,price_proxy,,,,
2016-09-06,0.5725,0.1365,0,0.4304,price_proxy,,,,
2016-09-07,0.4716,0.139,0,0.848,price_proxy,,,,
2016-09-08,0.4224,0.139,0,0.7097,price_proxy,,,,
2016-09-09,0.3584,0.1426,0,1.0622,price_proxy,,,,
2016-09-12,0.2604,0.1565,0,1.5244,price_proxy,,,,
2016-09-13,0.3648,0.1643,0,2.0964,price_proxy,,,,
2016-09-19,0.5192,0.1706,0,1.9872,price_proxy,,,,
2016-09-20,0.5238,0.1584,0,1.242,price_proxy,,,,
2016-09-21,0.559,0.1591,0,0.3874,price_proxy,,,,
2016-09-22,0.7723,0.1641,0,1.0852,price_proxy,,,,
2016-09-23,0.605,0.167,0,0.8575,price_proxy,,,,
2016-09-26,0.5619,0.1683,0,1.9479,price_proxy,,,,
2016-09-27,0.5704,0.1694,0,1.2186,price_proxy,,,,
2016-09-28,0.3329,0.2183,0,3.8073,price_proxy,,,,
2016-09-29,0.3571,0.2079,0,1.9796,price_proxy,,,,
2016-09-30,0.329,0.2107,0,1.3354,price_proxy,,,,
2016-10-04,0.2044,0.2131,0,1.3729,price_proxy,,,,
2016-10-05,0.1916,0.2084,0,0.5063,price_proxy,,,,
2016-10-06,0.4323,0.2083,0,0.466,price_proxy,,,,
2016-10-07,0.3759,0.2101,0,0.6756,price_proxy,,,,
2016-10-10,0.3961,0.2122,0,0.492,price_proxy,,,,
2016-10-11,0.4729,0.2106,0,0.2917,price_proxy,,,,
2016-10-12,0.4303,0.2098,0,0.5235,price_proxy,,,,
2016-10-13,0.4191,0.2078,0,0.2849,price_proxy,,,,
2016-10-14,0.4471,0.202,0,0.35,price_proxy,,,,
2016-10-17,0.489,0.195,0,0.3102,price_proxy,,,,
2016-10-18,0.5604,0.1902,0,0.6847,price_proxy,,,,
2016-10-19,0.5167,0.191,0,0.7004,price_proxy,,,,
2016-10-20,0.5337,0.1908,0,0.3204,price_proxy,,,,
2016-10-21,0.3641,0.1906,0,1.2093,price_proxy,,,,
2016-10-24,0.4118,0.1908,0,0.5364,price_proxy,,,,
2016-10-25,0.2973,0.1872,0,0.5619,price_proxy,,,,
2016-10-26,0.4835,0.2034,0,1.4776,price_proxy,,,,
2016-10-27,0.5718,0.1601,0,0.8823,price_proxy,,,,
2016-10-28,0.7566,0.1546,0,1.0443,price_proxy,,,,
2016-10-31,0.7421,0.147,0,0.7496,price_proxy,,,,
2016-11-01,0.7849,0.1399,0,0.4954,price_proxy,,,,
2016-11-02,0.5333,0.1499,0,0.9377,price_proxy,,,,
2016-11-03,0.3987,0.1525,0,0.6544,price_proxy,,,,
2016-11-04,0.3863,0.1537,0,0.5601,price_proxy,,,,
2016-11-07,0.392,0.1494,0,0.9002,price_proxy,,,,
2016-11-08,0.3701,0.1513,0,1.0773,price_proxy,,,,
2016-11-09,0.3907,0.1564,0,1.7221,price_proxy,,,,
2016-11-10,0.4438,0.1561,0,1.1656,price_proxy,,,,
2016-11-11,0.3301,0.155,0,1.1244,price_proxy,,,,
2016-11-14,0.2826,0.1553,0,1.0619,price_proxy,,,,
2016-11-15,0.3,0.1497,0,0.748,price_proxy,,,,
2016-11-16,0.4595,0.1569,0,0.8809,price_proxy,,,,
2016-11-17,0.3844,0.1614,0,0.9636,price_proxy,,,,
2016-11-18,0.4461,0.1523,0,0.5749,price_proxy,,,,
2016-11-21,0.4329,0.1532,0,0.9029,price_proxy,,,,
2016-11-22,0.463,0.1509,0,1.118,price_proxy,,,,
2016-11-23,0.3525,0.1288,0,1.0039,price_proxy,,,,
2016-11-24,0.4509,0.1193,0,0.5278,price_proxy,,,,
2016-11-25,0.4508,0.1109,0,0.3404,price_proxy,,,,
2016-11-28,0.4495,0.1107,0,0.5118,price_proxy,,,,
2016-11-29,0.456,0.1123,0,0.4934,price_proxy,,,,
2016-11-30,0.4299,0.1052,0,0.62,price_proxy,,,,
2016-12-01,0.3868,0.1032,0,0.8491,price_proxy,,,,
2016-12-02,0.3486,0.0972,0,1.1584,price_proxy,,,,
2016-12-05,0.4288,0.0997,0,0.5766,price_proxy,,,,
2016-12-06,0.4421,0.1018,0,0.7444,price_proxy,,,,
2016-12-07,0.4934,0.0963,0,0.8447,price_proxy,,,,
2016-12-08,0.5667,0.1023,0,0.9988,price_proxy,,,,
2016-12-09,0.6638,0.1009,0,0.8746,price_proxy,,,,
2016-12-12,0.6477,0.1,0,2.1542,price_proxy,,,,
2016-12-13,0.7848,0.1296,0,2.7513,price_proxy,,,,
2016-12-14,0.7715,0.1207,0,1.3811,price_proxy,,,,
2016-12-15,0.7258,0.1125,0,1.6649,price_proxy,,,,
2016-12-16,0.7145,0.1133,0,0.7527,price_proxy,,,,
2016-12-19,0.6437,0.1127,0,0.8337,price_proxy,,,,
2016-12-20,0.4942,0.1127,0,0.5827,price_proxy,,,,
2016-12-21,0.5466,0.1123,0,1.1769,price_proxy,,,,
2016-12-22,0.529,0.1124,0,1.8012,price_proxy,,,,
2016-12-23,0.5171,0.1122,0,0.6985,price_proxy,,,,
2016-12-26,0.5408,0.1086,0,0.4962,price_proxy,,,,
2016-12-27,0.5814,0.11,0,0.8169,price_proxy,,,,
2016-12-28,0.5057,0.1071,0,0.7181,price_proxy,,,,
2016-12-29,0.5286,0.1053,0,0.5851,price_proxy,,,,
2017-01-02,0.4718,0.1032,0,0.7529,price_proxy,,,,
2017-01-03,0.5114,0.1028,0,0.6909,price_proxy,,,,
2017-01-04,0.3939,0.1133,0,1.0153,price_proxy,,,,
2017-01-05,0.3807,0.1175,0,1.2282,price_proxy,,,,
2017-01-06,0.3704,0.115,0,0.7032,price_proxy,,,,
2017-01-09,0.414,0.1131,0,0.7437,price_proxy,,,,
2017-01-10,0.3636,0.115,0,0.7631,price_proxy,,,,
2017-01-11,0.4528,0.0778,0,1.5309,price_proxy,,,,
2017-01-12,0.4396,0.0833,0,1.4269,price_proxy,,,,
2017-01-13,0.4699,0.0861,0,0.7759,price_proxy,,,,
2017-01-16,0.4162,0.0853,0,0.9842,price_proxy,,,,
2017-01-17,0.4573,0.0831,0,0.81,price_proxy,,,,
2017-01-18,0.4758,0.0861,0,0.5933,price_proxy,,,,
2017-01-19,0.4938,0.0844,0,0.7721,price_proxy,,,,
2017-01-20,0.4388,0.0845,0,0.5021,price_proxy,,,,
2017-01-23,0.4625,0.0827,0,0.6095,price_proxy,,,,
2017-01-24,0.4875,0.0855,0,0.5542,price_proxy,,,,
2017-01-25,0.4939,0.0852,0,0.9152,price_proxy,,,,
2017-01-26,0.5562,0.0852,0,0.754,price_proxy,,,,
2017-01-31,0.5694,0.0842,0,0.6352,price_proxy,,,,
2017-02-01,0.672,0.0945,0,1.5171,price_proxy,,,,
2017-02-02,0.594,0.096,0,1.0503,price_proxy,,,,
2017-02-03,0.5245,0.0888,0,0.8649,price_proxy,,,,
2017-02-06,0.4818,0.0862,0,0.66,price_proxy,,,,
2017-02-07,0.4695,0.0865,0,0.8674,price_proxy,,,,
2017-02-08,0.4824,0.1001,0,1.8448,price_proxy,,,,
2017-02-09,0.5359,0.098,0,1.0782,price_proxy,,,,
2017-02-10,0.5424,0.0983,0,0.9153,price_proxy,,,,
2017-02-13,0.5982,0.0927,0,0.9907,price_proxy,,,,
2017-02-14,0.5867,0.0929,0,1.2004,price_proxy,,,,
2017-02-15,0.4822,0.0898,0,0.6752,price_proxy,,,,
2017-02-16,0.4941,0.0903,0,0.7971,price_proxy,,,,
2017-02-17,0.5475,0.0901,0,1.856,price_proxy,,,,
2017-02-20,0.5292,0.086,0,1.1859,price_proxy,,,,
2017-02-21,0.5772,0.0847,0,0.8974,price_proxy,,,,
2017-02-22,0.5179,0.0934,0,1.1149,price_proxy,,,,
2017-02-23,0.4941,0.0925,0,1.5338,price_proxy,,,,
2017-02-24,0.3899,0.0985,0,0.9689,price_proxy,,,,
2017-02-27,0.3501,0.0993,0,0.9187,price_proxy,,,,
2017-02-28,0.3457,0.0996,0,0.4878,price_proxy,,,,
2017-03-02,0.3994,0.089,0,0.7529,price_proxy,,,,
2017-03-03,0.3521,0.0901,0,0.671,price_proxy,,,,
2017-03-06,0.4693,0.0944,0,0.6845,price_proxy,,,,
2017-03-07,0.4938,0.0937,0,0.4596,price_proxy,,,,
2017-03-08,0.5372,0.0979,0,0.7478,price_proxy,,,,
2017-03-09,0.5187,0.0852,0,0.8455,price_proxy,,,,
2017-03-10,0.6022,0.0868,0,0.6111,price_proxy,,,,
2017-03-13,0.5623,0.0867,0,1.1097,price_proxy,,,,
2017-03-14,0.5625,0.085,0,0.4653,price_proxy,,,,
2017-03-15,0.5426,0.0862,0,2.2397,price_proxy,,,,
2017-03-16,0.5185,0.0906,0,1.5915,price_proxy,,,,
2017-03-17,0.4453,0.0918,0,1.646,price_proxy,,,,
2017-03-20,0.4335,0.089,0,0.7006,price_proxy,,,,
2017-03-21,0.4394,0.0885,0,0.7807,price_proxy,,,,
2017-03-22,0.4107,0.0878,0,0.5888,price_proxy,,,,
2017-03-23,0.445,0.0814,0,0.6017,price_proxy,,,,
2017-03-24,0.5125,0.083,0,0.5832,price_proxy,,,,
2017-03-27,0.5125,0.0743,0,0.4817,price_proxy,,,,
2017-03-28,0.5187,0.0725,0,0.5169,price_proxy,,,,
2017-03-29,0.5312,0.0728,0,0.8001,price_proxy,,,,
2017-03-30,0.5881,0.0748,0,0.869,price_proxy,,,,
2017-03-31,0.5248,0.0722,0,0.75,price_proxy,,,,
2017-04-03,0.6366,0.0886,0,2.6296,price_proxy,,,,
2017-04-04,0.6672,0.0894,0,2.4974,price_proxy,,,,
2017-04-05,0.6718,0.0859,0,1.1591,price_proxy,,,,
2017-04-06,0.6386,0.0832,0,0.6665,price_proxy,,,,
2017-04-07,0.6595,0.0835,0,0.7091,price_proxy,,,,
2017-04-10,0.4942,0.0889,0,0.7169,price_proxy,,,,
2017-04-11,0.5114,0.0923,0,1.0073,price_proxy,,,,
2017-04-12,0.4774,0.0912,0,0.3995,price_proxy,,,,
2017-04-13,0.4662,0.0856,0,0.7449,price_proxy,,,,
2017-04-14,0.4659,0.0822,0,0.4516,price_proxy,,,,
2017-04-17,0.5641,0.0845,0,0.8717,price_proxy,,,,
2017-04-18,0.5625,0.0869,0,2.2843,price_proxy,,,,
2017-04-19,0.5686,0.0874,0,1.5012,price_proxy,,,,
2017-04-20,0.5344,0.0901,0,1.4611,price_proxy,,,,
2017-04-21,0.5289,0.0915,0,0.7144,price_proxy,,,,
2017-04-24,0.4435,0.095,0,0.7483,price_proxy,,,,
2017-04-25,0.4394,0.0973,0,0.6749,price_proxy,,,,
2017-04-26,0.4448,0.0972,0,0.6134,price_proxy,,,,
2017-04-27,0.438,0.0998,0,0.7089,price_proxy,,,,
2017-04-28,0.443,0.0981,0,0.7471,price_proxy,,,,
2017-05-02,0.4767,0.0784,0,0.5785,price_proxy,,,,
2017-05-04,0.5057,0.0867,0,1.8425,price_proxy,,,,
2017-05-08,0.4886,0.0863,0,0.9968,price_proxy,,,,
2017-05-10,0.4709,0.0923,0,2.2718,price_proxy,,,,
2017-05-11,0.5117,0.0931,0,1.3348,price_proxy,,,,
2017-05-12,0.5059,0.0892,0,1.3987,price_proxy,,,,
2017-05-15,0.4603,0.086,0,1.0447,price_proxy,,,,
2017-05-16,0.46,0.0862,0,0.6697,price_proxy,,,,
2017-05-17,0.5,0.087,0,0.875,price_proxy,,,,
2017-05-18,0.4417,0.0884,0,1.2695,price_proxy,,,,
2017-05-19,0.4355,0.0842,0,0.668,price_proxy,,,,
2017-05-22,0.5231,0.1043,0,1.8625,price_proxy,,,,
2017-05-23,0.5525,0.1046,0,1.6926,price_proxy,,,,
2017-05-24,0.559,0.103,0,0.9343,price_proxy,,,,
2017-05-25,0.5781,0.1027,0,0.6465,price_proxy,,,,
2017-05-26,0.797,0.1421,0,8.174,price_proxy,,,,
2017-05-29,0.66,0.1409,0,2.0747,price_proxy,,,,
2017-05-30,0.6989,0.1423,0,3.5286,price_proxy,,,,
2017-05-31,0.6662,0.1424,0,1.0839,price_proxy,,,,
2017-06-01,0.6908,0.1416,0,0.6373,price_proxy,,,,
2017-06-02,0.5633,0.1439,0,0.751,price_proxy,,,,
2017-06-05,0.5952,0.1399,0,0.863,price_proxy,,,,
2017-06-07,0.5465,0.1391,0,0.6253,price_proxy,,,,
2017-06-08,0.5635,0.1349,0,0.6798,price_proxy,,,,
2017-06-09,0.5792,0.1348,0,0.6372,price_proxy,,,,
2017-06-12,0.4284,0.1446,0,0.6067,price_proxy,,,,
2017-06-13,0.3939,0.1446,0,0.4432,price_proxy,,,,
2017-06-14,0.3838,0.1443,0,0.5118,price_proxy,,,,
2017-06-15,0.3769,0.1455,0,0.7313,price_proxy,,,,
2017-06-16,0.368,0.1434,0,0.3095,price_proxy,,,,
2017-06-19,0.4629,0.1425,0,0.4367,price_proxy,,,,
2017-06-20,0.404,0.1351,0,0.6352,price_proxy,,,,
2017-06-21,0.4088,0.1351,0,0.338,price_proxy,,,,
2017-06-22,0.4344,0.1349,0,0.5128,price_proxy,,,,
2017-06-23,0.4348,0.1345,0,0.2238,price_proxy,,,,
2017-06-26,0.5811,0.1234,0,1.8125,price_proxy,,,,
2017-06-27,0.6625,0.1234,0,1.2812,price_proxy,,,,
2017-06-28,0.573,0.1296,0,1.149,price_proxy,,,,
2017-06-29,0.5565,0.1281,0,0.6804,price_proxy,,,,
2017-06-30,0.5449,0.128,0,0.5903,price_proxy,,,,
2017-07-03,0.339,0.1251,0,0.9765,price_proxy,,,,
2017-07-04,0.3394,0.1239,0,0.6131,price_proxy,,,,
2017-07-05,0.4566,0.126,0,0.9182,price_proxy,,,,
2017-07-06,0.456,0.1259,0,0.3977,price_proxy,,,,
2017-07-07,0.5055,0.1289,0,0.8687,price_proxy,,,,
2017-07-10,0.5452,0.1213,0,0.3634,price_proxy,,,,
2017-07-11,0.5507,0.1215,0,0.6932,price_proxy,,,,
2017-07-12,0.4945,0.1218,0,0.5029,price_proxy,,,,
2017-07-13,0.5787,0.124,0,1.1973,price_proxy,,,,
2017-07-14,0.511,0.1242,0,0.7185,price_proxy,,,,
2017-07-17,0.5331,0.1241,0,0.5156,price_proxy,,,,
2017-07-18,0.5549,0.1187,0,1.0991,price_proxy,,,,
2017-07-19,0.5722,0.1187,0,1.2085,price_proxy,,,,
2017-07-20,0.527,0.1184,0,1.1026,price_proxy,,,,
2017-07-21,0.5,0.1212,0,0.899,price_proxy,,,,
2017-07-24,0.5163,0.0835,0,1.5743,price_proxy,,,,
2017-07-25,0.4251,0.0884,0,3.2942,price_proxy,,,,
2017-07-26,0.366,0.0831,0,2.4488,price_proxy,,,,
2017-07-27,0.3667,0.0827,0,0.9069,price_proxy,,,,
2017-07-28,0.3583,0.0864,0,0.865,price_proxy,,,,
2017-07-31,0.3491,0.0825,0,0.5596,price_proxy,,,,
2017-08-01,0.4111,0.0825,0,1.0358,price_proxy,,,,
2017-08-02,0.4885,0.0803,0,0.5222,price_proxy,,,,
2017-08-03,0.3857,0.0924,0,1.0017,price_proxy,,,,
2017-08-04,0.4648,0.0893,0,0.8391,price_proxy,,,,
2017-08-07,0.4184,0.0904,0,0.5943,price_proxy,,,,
2017-08-08,0.4767,0.0986,0,0.6476,price_proxy,,,,
2017-08-09,0.4595,0.0982,0,0.447,price_proxy,,,,
2017-08-10,0.5545,0.0922,0,0.4725,price_proxy,,,,
2017-08-11,0.4701,0.0951,0,0.4794,price_proxy,,,,
2017-08-14,0.5182,0.0955,0,0.4239,price_proxy,,,,
2017-08-16,0.4588,0.093,0,0.7834,price_proxy,,,,
2017-08-17,0.4823,0.0943,0,0.557,price_proxy,,,,
2017-08-18,0.5649,0.1061,0,1.5157,price_proxy,,,,
2017-08-21,0.597,0.1046,0,0.59,price_proxy,,,,
2017-08-22,0.5783,0.1035,0,0.711,price_proxy,,,,
2017-08-23,0.6201,0.1028,0,1.2988,price_proxy,,,,
2017-08-24,0.6488,0.0989,0,2.5457,price_proxy,,,,
2017-08-25,0.5457,0.0994,0,0.8073,price_proxy,,,,
2017-08-28,0.552,0.0954,0,0.6902,price_proxy,,,,
2017-08-29,0.529,0.0969,0,0.9604,price_proxy,,,,
2017-08-30,0.585,0.1106,0,1.7693,price_proxy,,,,
2017-08-31,0.5388,0.1106,0,1.2086,price_proxy,,,,
2017-09-01,0.5726,0.0958,0,1.2565,price_proxy,,,,
2017-09-04,0.5282,0.1023,0,1.2843,price_proxy,,,,
2017-09-05,0.5971,0.1006,0,0.8538,price_proxy,,,,
2017-09-06,0.5707,0.1022,0,3.0872,price_proxy,,,,
2017-09-07,0.6359,0.1052,0,3.3603,price_proxy,,,,
2017-09-08,0.6941,0.1088,0,4.2503,price_proxy,,,,
2017-09-11,0.7556,0.1022,0,1.4831,price_proxy,,,,
2017-09-12,0.718,0.1025,0,1.2678,price_proxy,,,,
2017-09-13,0.5682,0.1117,0,1.5925,price_proxy,,,,
2017-09-14,0.5153,0.1118,0,1.0355,price_proxy,,,,
2017-09-15,0.5393,0.1142,0,2.1182,price_proxy,,,,
2017-09-18,0.6182,0.1153,0,1.4211,price_proxy,,,,
2017-09-19,0.5786,0.1181,0,0.9722,price_proxy,,,,
2017-09-20,0.6218,0.1195,0,0.5444,price_proxy,,,,
2017-09-21,0.6111,0.1188,0,0.6977,price_proxy,,,,
2017-09-22,0.5,0.1186,0,0.5697,price_proxy,,,,
2017-09-25,0.4395,0.1173,0,0.4285,price_proxy,,,,
2017-09-26,0.4433,0.1174,0,0.9778,price_proxy,,,,
2017-09-27,0.5096,0.1084,0,0.5508,price_proxy,,,,
2017-09-28,0.5287,0.1082,0,0.5344,price_proxy,,,,
2017-09-29,0.5241,0.1096,0,0.3685,price_proxy,,,,
2017-10-10,0.5288,0.1019,0,1.0561,price_proxy,,,,
2017-10-11,0.5292,0.1038,0,0.7793,price_proxy,,,,
2017-10-12,0.4619,0.0993,0,0.5103,price_proxy,,,,
2017-10-13,0.4009,0.098,0,0.9028,price_proxy,,,,
2017-10-16,0.4048,0.0906,0,1.0033,price_proxy,,,,
2017-10-17,0.3865,0.0906,0,0.49,price_proxy,,,,
2017-10-18,0.3801,0.0922,0,0.2774,price_proxy,,,,
2017-10-19,0.4951,0.1001,0,0.9597,price_proxy,,,,
2017-10-20,0.6489,0.1139,0,2.0139,price_proxy,,,,
2017-10-23,0.66,0.1033,0,0.7654,price_proxy,,,,
2017-10-24,0.6905,0.0968,0,0.8522,price_proxy,,,,
2017-10-25,0.7755,0.097,0,1.0827,price_proxy,,,,
2017-10-26,0.573,0.1085,0,1.5943,price_proxy,,,,
2017-10-27,0.5,0.1097,0,0.7858,price_proxy,,,,
2017-10-30,0.4213,0.1188,0,0.6551,price_proxy,,,,
2017-10-31,0.4405,0.1209,0,0.8205,price_proxy,,,,
2017-11-01,0.4058,0.1196,0,0.7094,price_proxy,,,,
2017-11-02,0.5329,0.1191,0,0.9007,price_proxy,,,,
2017-11-03,0.5046,0.1188,0,0.3719,price_proxy,,,,
2017-11-06,0.659,0.1224,0,1.1788,price_proxy,,,,
2017-11-07,0.5755,0.1244,0,0.6772,price_proxy,,,,
2017-11-08,0.5894,0.1232,0,0.5309,price_proxy,,,,
2017-11-09,0.5139,0.1242,0,0.6195,price_proxy,,,,
2017-11-10,0.5691,0.124,0,0.6188,price_proxy,,,,
2017-11-13,0.5491,0.1243,0,1.0206,price_proxy,,,,
2017-11-14,0.5773,0.1245,0,1.4418,price_proxy,,,,
2017-11-15,0.6532,0.1277,0,3.7579,price_proxy,,,,
2017-11-16,0.7339,0.1209,0,1.2562,price_proxy,,,,
2017-11-17,0.6604,0.1107,0,1.0038,price_proxy,,,,
2017-11-20,0.5566,0.1158,0,0.8714,price_proxy,,,,
2017-11-21,0.5306,0.1178,0,0.9494,price_proxy,,,,
2017-11-22,0.5586,0.1314,0,1.6019,price_proxy,,,,
2017-11-23,0.5411,0.1189,0,1.3684,price_proxy,,,,
2017-11-24,0.5289,0.12,0,0.8282,price_proxy,,,,
2017-11-27,0.5932,0.1074,0,0.7065,price_proxy,,,,
2017-11-28,0.5086,0.1268,0,0.795,price_proxy,,,,
2017-11-29,0.3984,0.1268,0,0.5415,price_proxy,,,,
2017-11-30,0.2706,0.1421,0,1.868,price_proxy,,,,
2017-12-01,0.3659,0.1489,0,1.2257,price_proxy,,,,
2017-12-04,0.3097,0.1483,0,0.6837,price_proxy,,,,
2017-12-05,0.4142,0.147,0,0.5219,price_proxy,,,,
2017-12-06,0.3672,0.1488,0,0.5718,price_proxy,,,,
2017-12-07,0.4727,0.1476,0,0.5191,price_proxy,,,,
2017-12-08,0.378,0.1439,0,0.3109,price_proxy,,,,
2017-12-11,0.4955,0.147,0,0.4694,price_proxy,,,,
2017-12-12,0.4238,0.1522,0,0.3525,price_proxy,,,,
2017-12-13,0.3991,0.1456,0,1.0151,price_proxy,,,,
2017-12-14,0.4078,0.1431,0,0.9345,price_proxy,,,,
2017-12-15,0.4397,0.1442,0,0.4937,price_proxy,,,,
2017-12-18,0.361,0.1425,0,0.5422,price_proxy,,,,
2017-12-19,0.5373,0.1549,0,1.2719,price_proxy,,,,
2017-12-20,0.6159,0.1384,0,0.5439,price_proxy,,,,
2017-12-21,0.471,0.1523,0,1.1087,price_proxy,,,,
2017-12-22,0.5144,0.1585,0,0.7241,price_proxy,,,,
2017-12-26,0.553,0.1593,0,0.5979,price_proxy,,,,
2017-12-27,0.4176,0.1499,0,1.0762,price_proxy,,,,
2017-12-28,0.4269,0.1502,0,0.7413,price_proxy,,,,
2018-01-02,0.4902,0.1432,0,0.9815,price_proxy,,,,
2018-01-03,0.443,0.1341,0,1.1571,price_proxy,,,,
2018-01-04,0.2887,0.1486,0,1.8154,price_proxy,,,,
2018-01-05,0.3234,0.1489,0,2.1949,price_proxy,,,,
2018-01-08,0.3294,0.149,0,2.4116,price_proxy,,,,
2018-01-09,0.4901,0.159,0,1.9881,price_proxy,,,,
2018-01-10,0.4853,0.1591,0,1.2711,price_proxy,,,,
2018-01-11,0.6312,0.1537,0,0.8116,price_proxy,,,,
2018-01-12,0.699,0.154,0,1.6125,price_proxy,,,,
2018-01-15,0.728,0.151,0,1.1683,price_proxy,,,,
2018-01-16,0.703,0.1549,0,1.5511,price_proxy,,,,
2018-01-17,0.7906,0.1608,0,1.6618,price_proxy,,,,
2018-01-18,0.7906,0.1603,0,0.7553,price_proxy,,,,
2018-01-19,0.7714,0.1533,0,0.9129,price_proxy,,,,
2018-01-22,0.6349,0.1598,0,0.9488,price_proxy,,,,
2018-01-23,0.6079,0.1395,0,1.2191,price_proxy,,,,
2018-01-24,0.5,0.1377,0,0.4722,price_proxy,,,,
2018-01-25,0.5,0.1376,0,0.4835,price_proxy,,,,
2018-01-26,0.4665,0.1356,0,0.4233,price_proxy,,,,
2018-01-29,0.5218,0.1367,0,0.5274,price_proxy,,,,
2018-01-30,0.4232,0.1334,0,0.7366,price_proxy,,,,
2018-01-31,0.4183,0.1345,0,0.4598,price_proxy,,,,
2018-02-01,0.4011,0.1085,0,0.6978,price_proxy,,,,
2018-02-02,0.3507,0.1118,0,0.8148,price_proxy,,,,
2018-02-05,0.2888,0.1238,0,0.6921,price_proxy,,,,
2018-02-06,0.3891,0.1172,0,2.16,price_proxy,,,,
2018-02-07,0.4641,0.1202,0,1.8971,price_proxy,,,,
2018-02-08,0.5543,0.1249,0,1.5022,price_proxy,,,,
2018-02-09,0.5276,0.1264,0,0.6014,price_proxy,,,,
2018-02-12,0.7169,0.1326,0,0.7263,price_proxy,,,,
2018-02-13,0.5704,0.136,0,0.8114,price_proxy,,,,
2018-02-14,0.5822,0.1322,0,0.6083,price_proxy,,,,
2018-02-19,0.5352,0.133,0,0.7515,price_proxy,,,,
2018-02-20,0.5227,0.1352,0,0.447,price_proxy,,,,
2018-02-21,0.4478,0.1298,0,0.4738,price_proxy,,,,
2018-02-22,0.5272,0.1273,0,0.5105,price_proxy,,,,
2018-02-23,0.4649,0.1272,0,0.3813,price_proxy,,,,
2018-02-26,0.4351,0.1272,0,0.5141,price_proxy,,,,
2018-02-27,0.5045,0.1267,0,0.3499,price_proxy,,,,
2018-02-28,0.4464,0.1282,0,0.3968,price_proxy,,,,
2018-03-02,0.4553,0.1251,0,0.301,price_proxy,,,,
2018-03-05,0.3973,0.1278,0,0.4118,price_proxy,,,,
2018-03-06,0.4553,0.1315,0,0.3292,price_proxy,,,,
2018-03-07,0.4013,0.1339,0,0.4972,price_proxy,,,,
2018-03-08,0.422,0.1258,0,0.5484,price_proxy,,,,
2018-03-09,0.4588,0.1247,0,0.6614,price_proxy,,,,
2018-03-12,0.5518,0.1226,0,0.5766,price_proxy,,,,
2018-03-13,0.5549,0.1205,0,0.9213,price_proxy,,,,
2018-03-14,0.5708,0.1182,0,1.1582,price_proxy,,,,
2018-03-15,0.5573,0.1082,0,1.1363,price_proxy,,,,
2018-03-16,0.4626,0.1027,0,1.2565,price_proxy,,,,
2018-03-19,0.3807,0.0967,0,1.7116,price_proxy,,,,
2018-03-20,0.3263,0.0948,0,1.9852,price_proxy,,,,
2018-03-21,0.3405,0.0889,0,1.3221,price_proxy,,,,
2018-03-22,0.3469,0.0886,0,1.4809,price_proxy,,,,
2018-03-23,0.2857,0.1042,0,2.3863,price_proxy,,,,
2018-03-26,0.3634,0.1076,0,1.4939,price_proxy,,,,
2018-03-27,0.3098,0.1097,0,1.8289,price_proxy,,,,
2018-03-28,0.2921,0.1105,0,1.2627,price_proxy,,,,
2018-03-29,0.3794,0.1186,0,1.01,price_proxy,,,,
2018-03-30,0.4787,0.1182,0,0.5439,price_proxy,,,,
2018-04-02,0.3953,0.1176,0,0.8589,price_proxy,,,,
2018-04-03,0.4838,0.1139,0,0.7455,price_proxy,,,,
2018-04-04,0.4448,0.1179,0,1.6666,price_proxy,,,,
2018-04-05,0.4412,0.1253,0,1.0508,price_proxy,,,,
2018-04-06,0.3598,0.1289,0,1.9184,price_proxy,,,,
2018-04-09,0.4282,0.1272,0,0.8375,price_proxy,,,,
2018-04-10,0.5598,0.1585,0,2.8618,price_proxy,,,,
2018-04-11,0.6591,0.158,0,1.5493,price_proxy,,,,
2018-04-12,0.6763,0.1647,0,2.1207,price_proxy,,,,
2018-04-13,0.7609,0.1633,0,1.5129,price_proxy,,,,
2018-04-16,0.7521,0.1619,0,0.9014,price_proxy,,,,
2018-04-17,0.5369,0.1628,0,1.0534,price_proxy,,,,
2018-04-18,0.5105,0.1625,0,0.7088,price_proxy,,,,
2018-04-19,0.4646,0.163,0,0.9297,price_proxy,,,,
2018-04-20,0.5154,0.1504,0,0.5744,price_proxy,,,,
2018-04-23,0.4491,0.1522,0,0.6484,price_proxy,,,,
2018-04-24,0.4275,0.1521,0,0.8902,price_proxy,,,,
2018-04-25,0.4058,0.1516,0,1.0235,price_proxy,,,,
2018-04-26,0.4433,0.1523,0,0.8443,price_proxy,,,,
2018-04-27,0.4644,0.1539,0,0.8278,price_proxy,,,,
2018-04-30,0.3956,0.1653,0,1.2476,price_proxy,,,,
2018-05-02,0.4355,0.1645,0,1.2373,price_proxy,,,,
2018-05-03,0.489,0.1574,0,0.5553,price_proxy,,,,
2018-05-04,0.4045,0.1543,0,0.578,price_proxy,,,,
2018-05-08,0.3601,0.1441,0,1.1568,price_proxy,,,,
2018-05-09,0.5826,0.1535,0,1.3239,price_proxy,,,,
2018-05-10,0.5889,0.1238,0,2.1091,price_proxy,,,,
2018-05-11,0.5773,0.1238,0,0.8534,price_proxy,,,,
2018-05-14,0.5279,0.1198,0,0.932,price_proxy,,,,
2018-05-15,0.5111,0.1195,0,1.0387,price_proxy,,,,
2018-05-16,0.4048,0.1188,0,0.7917,price_proxy,,,,
2018-05-17,0.4468,0.1197,0,0.7704,price_proxy,,,,
2018-05-18,0.4574,0.1197,0,1.087,price_proxy,,,,
2018-05-21,0.4615,0.1216,0,1.6091,price_proxy,,,,
2018-05-23,0.5388,0.126,0,2.6188,price_proxy,,,,
2018-05-24,0.6444,0.1346,0,2.6223,price_proxy,,,,
2018-05-25,0.6093,0.1306,0,1.2081,price_proxy,,,,
2018-05-28,0.538,0.1323,0,0.9272,price_proxy,,,,
2018-05-29,0.5504,0.1293,0,0.7668,price_proxy,,,,
2018-05-30,0.4728,0.1264,0,0.6029,price_proxy,,,,
2018-05-31,0.4067,0.1102,0,0.4669,price_proxy,,,,
2018-06-01,0.4326,0.1105,0,0.6345,price_proxy,,,,
2018-06-04,0.468,0.1112,0,0.3229,price_proxy,,,,
2018-06-05,0.5656,0.1133,0,0.4919,price_proxy,,,,
2018-06-07,0.5716,0.1136,0,0.7165,price_proxy,,,,
2018-06-08,0.5217,0.0994,0,0.4164,price_proxy,,,,
2018-06-11,0.4571,0.1011,0,0.5458,price_proxy,,,,
2018-06-12,0.5271,0.1048,0,0.572,price_proxy,,,,
2018-06-14,0.4153,0.1049,0,1.1538,price_proxy,,,,
2018-06-15,0.383,0.1072,0,0.7587,price_proxy,,,,
2018-06-18,0.3333,0.1138,0,0.9902,price_proxy,,,,
2018-06-19,0.2918,0.1187,0,0.7966,price_proxy,,,,
2018-06-20,0.2968,0.1233,0,0.5117,price_proxy,,,,
2018-06-21,0.3343,0.1203,0,1.0716,price_proxy,,,,
2018-06-22,0.3362,0.1153,0,1.4211,price_proxy,,,,
2018-06-25,0.3768,0.098,0,0.734,price_proxy,,,,
2018-06-26,0.4817,0.1002,0,0.7476,price_proxy,,,,
2018-06-27,0.4286,0.098,0,0.8805,price_proxy,,,,
2018-06-28,0.3795,0.1016,0,0.8501,price_proxy,,,,
2018-06-29,0.4385,0.1033,0,0.52,price_proxy,,,,
2018-07-02,0.4,0.1047,0,1.201,price_proxy,,,,
2018-07-03,0.4259,0.1087,0,0.5948,price_proxy,,,,
2018-07-04,0.4136,0.1087,0,0.2696,price_proxy,,,,
2018-07-05,0.5064,0.1045,0,0.6883,price_proxy,,,,
2018-07-06,0.519,0.1078,0,0.4961,price_proxy,,,,
2018-07-09,0.6316,0.1115,0,0.625,price_proxy,,,,
2018-07-10,0.5897,0.1114,0,0.4692,price_proxy,,,,
2018-07-11,0.5839,0.1063,0,0.748,price_proxy,,,,
2018-07-12,0.5575,0.1026,0,0.4356,price_proxy,,,,
2018-07-13,0.5377,0.1016,0,0.6298,price_proxy,,,,
2018-07-16,0.4691,0.0958,0,0.8348,price_proxy,,,,
2018-07-17,0.5859,0.1115,0,2.3836,price_proxy,,,,
2018-07-18,0.5681,0.1097,0,0.8597,price_proxy,,,,
2018-07-19,0.5373,0.1106,0,0.8078,price_proxy,,,,
2018-07-20,0.5062,0.1087,0,0.6689,price_proxy,,,,
2018-07-23,0.431,0.1213,0,1.1592,price_proxy,,,,
2018-07-24,0.3235,0.1206,0,0.7065,price_proxy,,,,
2018-07-25,0.2006,0.1486,0,2.7717,price_proxy,,,,
2018-07-26,0.2561,0.1459,0,1.2353,price_proxy,,,,
2018-07-27,0.4138,0.1703,0,2.0648,price_proxy,,,,
2018-07-30,0.5909,0.1696,0,1.9536,price_proxy,,,,
2018-07-31,0.5645,0.1679,0,1.2229,price_proxy,,,,
2018-08-01,0.8521,0.1733,0,0.9716,price_proxy,,,,
2018-08-02,0.7292,0.1791,0,1.3201,price_proxy,,,,
2018-08-03,0.4936,0.1824,0,1.5777,price_proxy,,,,
2018-08-06,0.4689,0.1829,0,1.1071,price_proxy,,,,
2018-08-07,0.5312,0.1848,0,0.6484,price_proxy,,,,
2018-08-08,0.4401,0.1845,0,0.5721,price_proxy,,,,
2018-08-09,0.5436,0.1849,0,0.7935,price_proxy,,,,
2018-08-10,0.5839,0.1856,0,0.8964,price_proxy,,,,
2018-08-13,0.4495,0.1908,0,0.8238,price_proxy,,,,
2018-08-14,0.3831,0.1758,0,0.7263,price_proxy,,,,
2018-08-16,0.4321,0.1774,0,0.6554,price_proxy,,,,
2018-08-17,0.3598,0.1784,0,0.6605,price_proxy,,,,
2018-08-20,0.3638,0.1786,0,0.4931,price_proxy,,,,
2018-08-21,0.5065,0.173,0,0.4974,price_proxy,,,,
2018-08-22,0.4804,0.1747,0,0.5783,price_proxy,,,,
2018-08-23,0.4233,0.1482,0,0.5381,price_proxy,,,,
2018-08-24,0.4738,0.1478,0,0.4878,price_proxy,,,,
2018-08-27,0.5399,0.1221,0,0.4312,price_proxy,,,,
2018-08-28,0.5452,0.1212,0,1.1344,price_proxy,,,,
2018-08-29,0.566,0.1217,0,1.0307,price_proxy,,,,
2018-08-30,0.5864,0.1113,0,0.6453,price_proxy,,,,
2018-08-31,0.6196,0.1053,0,1.1224,price_proxy,,,,
2018-09-03,0.5326,0.1013,0,0.6268,price_proxy,,,,
2018-09-04,0.4748,0.0984,0,0.7036,price_proxy,,,,
2018-09-05,0.4744,0.0948,0,0.8764,price_proxy,,,,
2018-09-06,0.4236,0.0972,0,1.3712,price_proxy,,,,
2018-09-07,0.3433,0.0985,0,2.1443,price_proxy,,,,
2018-09-10,0.3397,0.1,0,1.3603,price_proxy,,,,
2018-09-11,0.3466,0.0914,0,0.9405,price_proxy,,,,
2018-09-12,0.3511,0.0915,0,1.0437,price_proxy,,,,
2018-09-13,0.4073,0.0876,0,0.9712,price_proxy,,,,
2018-09-14,0.4524,0.0842,0,1.2519,price_proxy,,,,
2018-09-17,0.5627,0.0908,0,1.3816,price_proxy,,,,
2018-09-18,0.5069,0.0862,0,1.5536,price_proxy,,,,
2018-09-19,0.535,0.0837,0,1.0022,price_proxy,,,,
2018-09-20,0.4514,0.0905,0,2.0287,price_proxy,,,,
2018-09-21,0.4582,0.0905,0,0.9369,price_proxy,,,,
2018-09-27,0.3851,0.0867,0,0.728,price_proxy,,,,
2018-09-28,0.4517,0.0793,0,1.0642,price_proxy,,,,
2018-10-01,0.4313,0.0789,0,0.5874,price_proxy,,,,
2018-10-02,0.4288,0.0845,0,1.0786,price_proxy,,,,
2018-10-04,0.3363,0.0908,0,1.1863,price_proxy,,,,
2018-10-05,0.328,0.0899,0,1.0127,price_proxy,,,,
2018-10-08,0.288,0.0887,0,0.9834,price_proxy,,,,
2018-10-10,0.2153,0.097,0,1.1731,price_proxy,,,,
2018-10-11,0.1605,0.1125,0,1.9528,price_proxy,,,,
2018-10-12,0.3527,0.1377,0,1.1013,price_proxy,,,,
2018-10-15,0.2961,0.1411,0,1.1058,price_proxy,,,,
2018-10-16,0.3024,0.1399,0,1.188,price_proxy,,,,
2018-10-17,0.5,0.1576,0,1.3416,price_proxy,,,,
2018-10-18,0.6778,0.159,0,0.6716,price_proxy,,,,
2018-10-19,0.5753,0.1604,0,0.6659,price_proxy,,,,
2018-10-22,0.6397,0.1547,0,0.6267,price_proxy,,,,
2018-10-23,0.5789,0.1563,0,0.6157,price_proxy,,,,
2018-10-24,0.4502,0.1557,0,0.5953,price_proxy,,,,
2018-10-25,0.5408,0.1716,0,3.299,price_proxy,,,,
2018-10-26,0.5242,0.1718,0,1.5065,price_proxy,,,,
2018-10-29,0.5327,0.1718,0,1.4391,price_proxy,,,,
2018-10-30,0.6688,0.1752,0,1.2873,price_proxy,,,,
2018-10-31,0.6872,0.1752,0,0.731,price_proxy,,,,
2018-11-01,0.492,0.1743,0,0.8881,price_proxy,,,,
2018-11-02,0.5637,0.1728,0,1.0992,price_proxy,,,,
2018-11-05,0.5321,0.1742,0,0.5848,price_proxy,,,,
2018-11-06,0.4533,0.1742,0,0.5018,price_proxy,,,,
2018-11-07,0.3833,0.1708,0,0.8612,price_proxy,,,,
2018-11-08,0.4438,0.1535,0,0.7463,price_proxy,,,,
2018-11-09,0.4614,0.1484,0,0.9954,price_proxy,,,,
2018-11-12,0.5791,0.143,0,1.097,price_proxy,,,,
2018-11-13,0.5876,0.1429,0,0.6388,price_proxy,,,,
2018-11-14,0.5826,0.1394,0,0.9131,price_proxy,,,,
2018-11-15,0.6074,0.1389,0,0.6079,price_proxy,,,,
2018-11-16,0.4528,0.1419,0,0.923,price_proxy,,,,
2018-11-19,0.4011,0.1414,0,0.6895,price_proxy,,,,
2018-11-20,0.2939,0.1518,0,1.245,price_proxy,,,,
2018-11-21,0.3889,0.1521,0,0.5455,price_proxy,,,,
2018-11-22,0.3588,0.135,0,0.627,price_proxy,,,,
2018-11-23,0.3548,0.1378,0,0.5256,price_proxy,,,,
2018-11-26,0.356,0.1384,0,0.4965,price_proxy,,,,
2018-11-27,0.5085,0.1348,0,0.6318,price_proxy,,,,
2018-11-28,0.5168,0.1365,0,0.478,price_proxy,,,,
2018-11-29,0.5169,0.1329,0,0.9113,price_proxy,,,,
2018-11-30,0.6217,0.1272,0,1.4256,price_proxy,,,,
2018-12-03,0.6638,0.1291,0,0.828,price_proxy,,,,
2018-12-04,0.5678,0.1323,0,0.7389,price_proxy,,,,
2018-12-05,0.4917,0.1284,0,0.5543,price_proxy,,,,
2018-12-06,0.4833,0.1287,0,0.6261,price_proxy,,,,
2018-12-07,0.4508,0.1161,0,0.4053,price_proxy,,,,
2018-12-10,0.2769,0.1242,0,1.2993,price_proxy,,,,
2018-12-11,0.2869,0.1251,0,0.8554,price_proxy,,,,
2018-12-12,0.3996,0.1312,0,0.5694,price_proxy,,,,
2018-12-13,0.4241,0.1303,0,1.3324,price_proxy,,,,
2018-12-14,0.3487,0.1321,0,0.8379,price_proxy,,,,
2018-12-17,0.4552,0.1313,0,0.9707,price_proxy,,,,
2018-12-18,0.4541,0.1187,0,1.313,price_proxy,,,,
2018-12-19,0.4031,0.1189,0,1.1243,price_proxy,,,,
2018-12-20,0.3596,0.1198,0,0.6001,price_proxy,,,,
2018-12-21,0.4,0.1172,0,0.5571,price_proxy,,,,
2018-12-24,0.4725,0.1217,0,1.0065,price_proxy,,,,
2018-12-26,0.5469,0.1211,0,1.0914,price_proxy,,,,
2018-12-27,0.5,0.119,0,0.7294,price_proxy,,,,
2018-12-28,0.5189,0.1191,0,0.6339,price_proxy,,,,
2019-01-02,0.5383,0.1155,0,1.2922,price_proxy,,,,
2019-01-03,0.3884,0.116,0,1.0708,price_proxy,,,,
2019-01-04,0.3257,0.1149,0,1.7256,price_proxy,,,,
2019-01-07,0.3704,0.1172,0,0.8906,price_proxy,,,,
2019-01-08,0.3879,0.1175,0,0.6548,price_proxy,,,,
2019-01-09,0.5282,0.1428,0,1.8733,price_proxy,,,,
2019-01-10,0.6675,0.1287,0,1.3476,price_proxy,,,,
2019-01-11,0.6709,0.1279,0,0.7761,price_proxy,,,,
2019-01-14,0.6287,0.1193,0,0.4292,price_proxy,,,,
2019-01-15,0.6881,0.1234,0,0.8986,price_proxy,,,,
2019-01-16,0.5741,0.1183,0,0.9884,price_proxy,,,,
2019-01-17,0.5091,0.1188,0,0.7479,price_proxy,,,,
2019-01-18,0.5648,0.116,0,0.5845,price_proxy,,,,
2019-01-21,0.6395,0.1194,0,1.67,price_proxy,,,,
2019-01-22,0.5362,0.1202,0,0.772,price_proxy,,,,
2019-01-23,0.4911,0.1194,0,0.6683,price_proxy,,,,
2019-01-24,0.5452,0.1166,0,0.5909,price_proxy,,,,
2019-01-25,0.5628,0.1171,0,0.932,price_proxy,,,,
2019-01-28,0.5174,0.1165,0,0.8536,price_proxy,,,,
2019-01-29,0.6067,0.1169,0,1.1123,price_proxy,,,,
2019-01-30,0.6525,0.1166,0,1.606,price_proxy,,,,
2019-01-31,0.5973,0.1029,0,1.2618,price_proxy,,,,
2019-02-01,0.6304,0.1015,0,2.0651,price_proxy,,,,
2019-02-07,0.6552,0.1019,0,1.3955,price_proxy,,,,
2019-02-08,0.5084,0.1193,0,1.6277,price_proxy,,,,
2019-02-11,0.4667,0.0992,0,1.3322,price_proxy,,,,
2019-02-12,0.5253,0.0989,0,1.6165,price_proxy,,,,
2019-02-13,0.7286,0.1693,0,6.5584,price_proxy,,,,
2019-02-14,0.692,0.1685,0,2.1869,price_proxy,,,,
2019-02-15,0.6765,0.182,0,1.9359,price_proxy,,,,
2019-02-18,0.7119,0.1819,0,0.9266,price_proxy,,,,
2019-02-19,0.6583,0.1812,0,0.8208,price_proxy,,,,
2019-02-20,0.4194,0.1812,0,1.1339,price_proxy,,,,
2019-02-21,0.3759,0.1817,0,0.713,price_proxy,,,,
2019-02-22,0.4614,0.1801,0,0.7587,price_proxy,,,,
2019-02-25,0.4234,0.1805,0,1.1646,price_proxy,,,,
2019-02-26,0.4382,0.1804,0,0.668,price_proxy,,,,
2019-02-27,0.416,0.18,0,0.4602,price_proxy,,,,
2019-02-28,0.3911,0.1842,0,1.2229,price_proxy,,,,
2019-03-04,0.374,0.1846,0,0.9183,price_proxy,,,,
2019-03-05,0.3406,0.1868,0,0.7306,price_proxy,,,,
2019-03-06,0.3167,0.1868,0,0.5719,price_proxy,,,,
2019-03-07,0.2769,0.1838,0,1.1755,price_proxy,,,,
2019-03-08,0.3683,0.1834,0,0.5327,price_proxy,,,,
2019-03-11,0.4076,0.1767,0,0.6303,price_proxy,,,,
2019-03-12,0.526,0.1799,0,1.9039,price_proxy,,,,
2019-03-13,0.5789,0.1795,0,1.1335,price_proxy,,,,
2019-03-14,0.7511,0.1166,0,5.5101,price_proxy,,,,
2019-03-15,0.6322,0.121,0,2.0693,price_proxy,,,,
2019-03-18,0.641,0.1083,0,0.8919,price_proxy,,,,
2019-03-19,0.5769,0.1077,0,1.2283,price_proxy,,,,
2019-03-20,0.6688,0.1254,0,1.8475,price_proxy,,,,
2019-03-21,0.5319,0.1249,0,1.9975,price_proxy,,,,
2019-03-22,0.5826,0.1239,0,0.7445,price_proxy,,,,
2019-03-25,0.4753,0.1332,0,0.9718,price_proxy,,,,
2019-03-26,0.5494,0.1392,0,0.5097,price_proxy,,,,
2019-03-27,0.4455,0.1393,0,0.4237,price_proxy,,,,
2019-03-28,0.3902,0.1445,0,0.4637,price_proxy,,,,
2019-03-29,0.4127,0.1405,0,0.5003,price_proxy,,,,
2019-04-01,0.625,0.1512,0,0.9893,price_proxy,,,,
2019-04-02,0.5643,0.1466,0,0.7586,price_proxy,,,,
2019-04-03,0.676,0.155,0,2.5854,price_proxy,,,,
2019-04-04,0.9481,0.17,0,3.6162,price_proxy,,,,
2019-04-05,0.973,0.17,0,1.3735,price_proxy,,,,
2019-04-08,0.7902,0.1733,0,0.7327,price_proxy,,,,
2019-04-09,0.8113,0.1723,0,0.5603,price_proxy,,,,
2019-04-10,0.6691,0.1735,0,0.426,price_proxy,,,,
2019-04-11,0.5,0.1655,0,0.5287,price_proxy,,,,
2019-04-12,0.547,0.1597,0,1.1028,price_proxy,,,,
2019-04-15,0.5479,0.1631,0,0.516,price_proxy,,,,
2019-04-16,0.4663,0.1668,0,0.6244,price_proxy,,,,
2019-04-17,0.5,0.1581,0,0.524,price_proxy,,,,
2019-04-18,0.4186,0.1655,0,0.6808,price_proxy,,,,
2019-04-19,0.3951,0.1651,0,0.324,price_proxy,,,,
2019-04-22,0.413,0.1548,0,0.4301,price_proxy,,,,
2019-04-23,0.4658,0.1516,0,0.2846,price_proxy,,,,
2019-04-24,0.4186,0.1533,0,0.408,price_proxy,,,,
2019-04-25,0.5707,0.1483,0,1.7905,price_proxy,,,,
2019-04-26,0.4516,0.1565,0,0.7677,price_proxy,,,,
2019-04-29,0.4371,0.1485,0,0.5769,price_proxy,,,,
2019-04-30,0.4443,0.1485,0,0.4794,price_proxy,,,,
2019-05-02,0.5707,0.1452,0,0.8206,price_proxy,,,,
2019-05-03,0.5478,0.1169,0,1.0742,price_proxy,,,,
2019-05-07,0.5993,0.1174,0,0.6036,price_proxy,,,,
2019-05-08,0.565,0.121,0,0.8227,price_proxy,,,,
2019-05-09,0.4283,0.1342,0,0.9912,price_proxy,,,,
2019-05-10,0.3089,0.1346,0,0.7935,price_proxy,,,,
2019-05-13,0.2067,0.1379,0,0.4205,price_proxy,,,,
2019-05-14,0.2297,0.1306,0,0.7137,price_proxy,,,,
2019-05-15,0.3462,0.1364,0,0.6013,price_proxy,,,,
2019-05-16,0.329,0.1507,0,1.3365,price_proxy,,,,
2019-05-17,0.4245,0.157,0,1.0108,price_proxy,,,,
2019-05-20,0.4375,0.1542,0,0.5101,price_proxy,,,,
2019-05-21,0.4453,0.1517,0,0.6711,price_proxy,,,,
2019-05-22,0.3106,0.1557,0,1.5161,price_proxy,,,,
2019-05-23,0.4268,0.1551,0,0.4718,price_proxy,,,,
2019-05-24,0.2804,0.159,0,1.0757,price_proxy,,,,
2019-05-27,0.3548,0.1531,0,1.0315,price_proxy,,,,
2019-05-28,0.3635,0.1517,0,1.7409,price_proxy,,,,
2019-05-29,0.3661,0.1547,0,1.542,price_proxy,,,,
2019-05-30,0.4409,0.16,0,1.3331,price_proxy,,,,
2019-05-31,0.5088,0.1457,0,0.7552,price_proxy,,,,
2019-06-03,0.5174,0.144,0,0.6982,price_proxy,,,,
2019-06-04,0.4741,0.144,0,0.5931,price_proxy,,,,
2019-06-05,0.6166,0.1487,0,0.9005,price_proxy,,,,
2019-06-07,0.5435,0.1377,0,0.7585,price_proxy,,,,
2019-06-10,0.5702,0.1378,0,0.5185,price_proxy,,,,
2019-06-11,0.5603,0.1352,0,1.7441,price_proxy,,,,
2019-06-12,0.5349,0.1371,0,1.0932,price_proxy,,,,
2019-06-13,0.4661,0.1313,0,3.5538,price_proxy,,,,
2019-06-14,0.4915,0.1121,0,0.9108,price_proxy,,,,
2019-06-17,0.4576,0.1038,0,0.6224,price_proxy,,,,
2019-06-18,0.4331,0.1007,0,0.4083,price_proxy,,,,
2019-06-19,0.4914,0.1007,0,0.7904,price_proxy,,,,
2019-06-20,0.5517,0.0964,0,0.4568,price_proxy,,,,
2019-06-21,0.5085,0.0969,0,0.3822,price_proxy,,,,
2019-06-24,0.5433,0.0849,0,0.3163,price_proxy,,,,
2019-06-25,0.4913,0.0887,0,0.4595,price_proxy,,,,
2019-06-26,0.4741,0.0883,0,0.6867,price_proxy,,,,
2019-06-27,0.4412,0.0776,0,0.9944,price_proxy,,,,
2019-06-28,0.4489,0.0709,0,0.7435,price_proxy,,,,
2019-07-01,0.5593,0.0954,0,2.3783,price_proxy,,,,
2019-07-02,0.5522,0.0998,0,0.8349,price_proxy,,,,
2019-07-03,0.5611,0.0986,0,0.8103,price_proxy,,,,
2019-07-04,0.5606,0.0936,0,1.2508,price_proxy,,,,
2019-07-05,0.5175,0.0988,0,0.8108,price_proxy,,,,
2019-07-08,0.2613,0.1252,0,1.7099,price_proxy,,,,
2019-07-09,0.2797,0.1245,0,0.8122,price_proxy,,,,
2019-07-10,0.339,0.1293,0,0.777,price_proxy,,,,
2019-07-11,0.4244,0.1434,0,1.0168,price_proxy,,,,
2019-07-12,0.4913,0.1431,0,0.6059,price_proxy,,,,
2019-07-15,0.6402,0.1425,0,0.5872,price_proxy,,,,
2019-07-16,0.7381,0.1452,0,2.7413,price_proxy,,,,
2019-07-17,0.5829,0.1511,0,0.9129,price_proxy,,,,
2019-07-18,0.6135,0.1671,0,3.0523,price_proxy,,,,
2019-07-19,0.5609,0.1682,0,0.7482,price_proxy,,,,
2019-07-22,0.5699,0.1681,0,0.4524,price_proxy,,,,
2019-07-23,0.5255,0.1656,0,1.9364,price_proxy,,,,
2019-07-24,0.615,0.1654,0,1.0556,price_proxy,,,,
2019-07-25,0.4917,0.1654,0,1.0158,price_proxy,,,,
2019-07-26,0.4916,0.1669,0,0.5827,price_proxy,,,,
2019-07-29,0.365,0.167,0,0.6499,price_proxy,,,,
2019-07-30,0.3992,0.1669,0,0.5045,price_proxy,,,,
2019-07-31,0.3661,0.1674,0,0.5622,price_proxy,,,,
2019-08-01,0.2759,0.1717,0,0.745,price_proxy,,,,
2019-08-02,0.322,0.1696,0,0.4895,price_proxy,,,,
2019-08-05,0.3371,0.1617,0,0.9006,price_proxy,,,,
2019-08-06,0.1903,0.172,0,1.2062,price_proxy,,,,
2019-08-07,0.2848,0.1744,0,0.8145,price_proxy,,,,
2019-08-08,0.472,0.1765,0,0.9341,price_proxy,,,,
2019-08-09,0.4907,0.1773,0,0.6224,price_proxy,,,,
2019-08-12,0.6872,0.1824,0,0.6832,price_proxy,,,,
2019-08-13,0.8665,0.1811,0,0.5644,price_proxy,,,,
2019-08-14,0.8216,0.1778,0,0.8639,price_proxy,,,,
2019-08-16,0.6896,0.1603,0,0.7602,price_proxy,,,,
2019-08-19,0.7523,0.1656,0,1.2495,price_proxy,,,,
2019-08-20,0.8514,0.1868,0,2.8124,price_proxy,,,,
2019-08-21,0.792,0.1873,0,0.7789,price_proxy,,,,
2019-08-22,0.6558,0.1929,0,1.3524,price_proxy,,,,
2019-08-23,0.6991,0.1937,0,1.1038,price_proxy,,,,
2019-08-26,0.5,0.2008,0,0.868,price_proxy,,,,
2019-08-27,0.408,0.1893,0,1.4729,price_proxy,,,,
2019-08-28,0.4151,0.1888,0,0.6943,price_proxy,,,,
2019-08-29,0.4197,0.193,0,0.9188,price_proxy,,,,
2019-08-30,0.437,0.188,0,0.8002,price_proxy,,,,
2019-09-02,0.5747,0.1882,0,0.6519,price_proxy,,,,
2019-09-03,0.5,0.1749,0,0.4048,price_proxy,,,,
2019-09-04,0.629,0.1637,0,1.8765,price_proxy,,,,
2019-09-05,0.8264,0.1662,0,2.8118,price_proxy,,,,
2019-09-06,0.7764,0.1593,0,0.9302,price_proxy,,,,
2019-09-09,0.692,0.1639,0,0.6527,price_proxy,,,,
2019-09-10,0.7892,0.1644,0,1.2566,price_proxy,,,,
2019-09-11,0.5682,0.1744,0,0.9323,price_proxy,,,,
2019-09-16,0.4496,0.1748,0,0.3899,price_proxy,,,,
2019-09-17,0.4286,0.175,0,0.4036,price_proxy,,,,
2019-09-18,0.5365,0.173,0,0.6817,price_proxy,,,,
2019-09-19,0.514,0.1536,0,1.4858,price_proxy,,,,
2019-09-20,0.6026,0.1531,0,0.7893,price_proxy,,,,
2019-09-23,0.5738,0.1481,0,0.7151,price_proxy,,,,
2019-09-24,0.5593,0.1483,0,0.9336,price_proxy,,,,
2019-09-25,0.5287,0.1348,0,0.929,price_proxy,,,,
2019-09-26,0.4443,0.1339,0,1.0212,price_proxy,,,,
2019-09-27,0.4443,0.1336,0,0.6225,price_proxy,,,,
2019-09-30,0.4644,0.1265,0,0.4322,price_proxy,,,,
2019-10-01,0.5,0.1242,0,0.6456,price_proxy,,,,
2019-10-02,0.4788,0.1237,0,0.3204,price_proxy,,,,
2019-10-04,0.4928,0.1241,0,0.4408,price_proxy,,,,
2019-10-07,0.4713,0.1092,0,0.6254,price_proxy,,,,
2019-10-08,0.5507,0.0984,0,0.8529,price_proxy,,,,
2019-10-10,0.4856,0.1018,0,0.7044,price_proxy,,,,
2019-10-11,0.4643,0.0992,0,0.7488,price_proxy,,,,
2019-10-14,0.5863,0.1069,0,1.8972,price_proxy,,,,
2019-10-15,0.6891,0.1022,0,2.4688,price_proxy,,,,
2019-10-16,0.6555,0.1016,0,1.1203,price_proxy,,,,
2019-10-17,0.7319,0.101,0,1.3919,price_proxy,,,,
2019-10-18,0.7109,0.0986,0,0.6655,price_proxy,,,,
2019-10-21,0.6655,0.0999,0,1.1697,price_proxy,,,,
2019-10-22,0.5864,0.0999,0,1.0059,price_proxy,,,,
2019-10-23,0.5328,0.0978,0,0.5935,price_proxy,,,,
2019-10-24,0.4935,0.0976,0,0.8608,price_proxy,,,,
2019-10-25,0.5789,0.1,0,1.518,price_proxy,,,,
2019-10-28,0.5127,0.0978,0,1.4591,price_proxy,,,,
2019-10-29,0.5382,0.0978,0,0.9565,price_proxy,,,,
2019-10-30,0.4871,0.1072,0,1.287,price_proxy,,,,
2019-10-31,0.4935,0.1079,0,1.0223,price_proxy,,,,
2019-11-01,0.4304,0.1083,0,1.0797,price_proxy,,,,
2019-11-04,0.4304,0.1076,0,0.6336,price_proxy,,,,
2019-11-05,0.4,0.1066,0,0.5362,price_proxy,,,,
2019-11-06,0.4675,0.1035,0,0.2813,price_proxy,,,,
2019-11-07,0.4281,0.1041,0,0.472,price_proxy,,,,
2019-11-08,0.4148,0.1049,0,0.9075,price_proxy,,,,
2019-11-11,0.3623,0.0927,0,0.5264,price_proxy,,,,
2019-11-12,0.4145,0.087,0,0.5194,price_proxy,,,,
2019-11-13,0.4076,0.0855,0,0.6156,price_proxy,,,,
2019-11-14,0.4525,0.0844,0,0.817,price_proxy,,,,
2019-11-15,0.5,0.0855,0,1.2572,price_proxy,,,,
2019-11-18,0.5986,0.0805,0,0.8828,price_proxy,,,,
2019-11-19,0.5893,0.0839,0,1.3456,price_proxy,,,,
2019-11-20,0.4931,0.0995,0,1.3017,price_proxy,,,,
2019-11-21,0.4653,0.1004,0,0.7664,price_proxy,,,,
2019-11-22,0.4315,0.0934,0,0.7271,price_proxy,,,,
2019-11-25,0.4262,0.0964,0,0.3895,price_proxy,,,,
2019-11-26,0.3882,0.0947,0,0.8025,price_proxy,,,,
2019-11-27,0.4931,0.0876,0,0.6611,price_proxy,,,,
2019-11-28,0.5212,0.0876,0,0.6022,price_proxy,,,,
2019-11-29,0.4787,0.0904,0,0.5739,price_proxy,,,,
2019-12-02,0.4373,0.0903,0,0.4896,price_proxy,,,,
2019-12-03,0.4303,0.0903,0,0.9081,price_proxy,,,,
2019-12-04,0.3885,0.0921,0,1.0662,price_proxy,,,,
2019-12-05,0.3951,0.0892,0,0.5323,price_proxy,,,,
2019-12-06,0.4283,0.089,0,1.7976,price_proxy,,,,
2019-12-09,0.4568,0.0863,0,0.5906,price_proxy,,,,
2019-12-10,0.4567,0.081,0,0.7843,price_proxy,,,,
2019-12-11,0.5443,0.0853,0,0.6192,price_proxy,,,,
2019-12-12,0.5886,0.0888,0,1.2152,price_proxy,,,,
2019-12-13,0.7825,0.1265,0,3.2127,price_proxy,,,,
2019-12-16,0.7574,0.125,0,0.8033,price_proxy,,,,
2019-12-17,0.8395,0.1278,0,1.8033,price_proxy,,,,
2019-12-18,0.796,0.112,0,2.1926,price_proxy,,,,
2019-12-19,0.7332,0.11,0,4.5144,price_proxy,,,,
2019-12-20,0.5391,0.1108,0,1.6387,price_proxy,,,,
2019-12-23,0.5261,0.1106,0,1.3537,price_proxy,,,,
2019-12-24,0.4621,0.1106,0,0.6442,price_proxy,,,,
2019-12-26,0.5566,0.1212,0,1.8149,price_proxy,,,,
2019-12-27,0.5886,0.1206,0,1.5176,price_proxy,,,,
2019-12-30,0.6086,0.1157,0,0.834,price_proxy,,,,
2020-01-02,0.6286,0.115,0,0.8653,price_proxy,,,,
2020-01-03,0.6286,0.1146,0,1.0821,price_proxy,,,,
2020-01-06,0.5367,0.1094,0,0.9688,price_proxy,,,,
2020-01-07,0.5061,0.1103,0,0.7362,price_proxy,,,,
2020-01-08,0.5182,0.1087,0,2.6161,price_proxy,,,,
2020-01-09,0.6511,0.1249,0,2.3128,price_proxy,,,,
2020-01-10,0.5785,0.1337,0,1.508,price_proxy,,,,
2020-01-13,0.5721,0.1336,0,0.803,price_proxy,,,,
2020-01-14,0.6752,0.1375,0,2.3681,price_proxy,,,,
2020-01-15,0.6802,0.1113,0,0.7775,price_proxy,,,,
2020-01-16,0.618,0.1152,0,1.3601,price_proxy,,,,
2020-01-17,0.6802,0.1136,0,0.6568,price_proxy,,,,
2020-01-20,0.6913,0.1135,0,0.5699,price_proxy,,,,
2020-01-21,0.5444,0.1186,0,0.9594,price_proxy,,,,
2020-01-22,0.5496,0.117,0,0.6326,price_proxy,,,,
2020-01-23,0.4151,0.123,0,0.804,price_proxy,,,,
2020-01-28,0.3613,0.1303,0,1.1207,price_proxy,,,,
2020-01-29,0.4153,0.1253,0,1.2198,price_proxy,,,,
2020-01-30,0.3859,0.1346,0,1.1954,price_proxy,,,,
2020-01-31,0.3387,0.1359,0,0.8397,price_proxy,,,,
2020-02-03,0.4557,0.1395,0,1.0268,price_proxy,,,,
2020-02-04,0.6146,0.1463,0,1.0952,price_proxy,,,,
2020-02-05,0.6271,0.1516,0,1.9581,price_proxy,,,,
2020-02-06,0.7017,0.1518,0,1.0763,price_proxy,,,,
2020-02-07,0.6988,0.1538,0,0.6574,price_proxy,,,,
2020-02-10,0.6133,0.1376,0,0.4474,price_proxy,,,,
2020-02-11,0.5271,0.1314,0,0.5481,price_proxy,,,,
2020-02-12,0.5623,0.1446,0,1.4635,price_proxy,,,,
2020-02-13,0.5838,0.1389,0,0.8416,price_proxy,,,,
2020-02-14,0.6223,0.1389,0,0.4302,price_proxy,,,,
2020-02-17,0.6448,0.1338,0,0.3728,price_proxy,,,,
2020-02-18,0.5588,0.1405,0,0.9009,price_proxy,,,,
2020-02-19,0.5806,0.1594,0,1.7539,price_proxy,,,,
2020-02-20,0.5905,0.1555,0,0.8059,price_proxy,,,,
2020-02-21,0.5401,0.1582,0,0.905,price_proxy,,,,
2020-02-24,0.445,0.1627,0,0.754,price_proxy,,,,
2020-02-25,0.5364,0.1573,0,0.916,price_proxy,,,,
2020-02-26,0.4225,0.1537,0,0.6777,price_proxy,,,,
2020-02-27,0.3846,0.1462,0,1.0536,price_proxy,,,,
2020-02-28,0.3231,0.1582,0,1.4012,price_proxy,,,,
2020-03-02,0.5566,0.1744,0,1.0773,price_proxy,,,,
2020-03-03,0.5,0.1711,0,1.4585,price_proxy,,,,
2020-03-04,0.5151,0.1665,0,1.0879,price_proxy,,,,
2020-03-05,0.5255,0.1664,0,0.887,price_proxy,,,,
2020-03-06,0.597,0.1671,0,0.4663,price_proxy,,,,
2020-03-09,0.335,0.1782,0,0.8919,price_proxy,,,,
2020-03-10,0.4898,0.1903,0,1.0058,price_proxy,,,,
2020-03-11,0.32,0.192,0,1.0513,price_proxy,,,,
2020-03-12,0.238,0.1986,0,1.4816,price_proxy,,,,
2020-03-13,0.2224,0.1998,0,1.4362,price_proxy,,,,
2020-03-16,0.2493,0.2026,0,0.9024,price_proxy,,,,
2020-03-17,0.1256,0.2003,0,1.1379,price_proxy,,,,
2020-03-18,0.1319,0.1861,0,1.1812,price_proxy,,,,
2020-03-19,0.0,0.2517,0,1.4197,price_proxy,,,,
2020-03-20,0.1119,0.2878,0,1.3769,price_proxy,,,,
2020-03-23,0.1199,0.2872,0,0.6624,price_proxy,,,,
2020-03-24,0.2666,0.3035,0,1.0161,price_proxy,,,,
2020-03-25,0.5,0.3127,0,1.1,price_proxy,,,,
2020-03-26,1.0,0.3183,0,1.0114,price_proxy,,,,
2020-03-27,0.8037,0.3147,0,0.6534,price_proxy,,,,
2020-03-30,0.9462,0.3022,0,0.4769,price_proxy,,,,
2020-03-31,0.7857,0.3024,0,0.7201,price_proxy,,,,
2020-04-01,0.5135,0.3065,0,0.9488,price_proxy,,,,
2020-04-02,0.429,0.3068,0,1.1083,price_proxy,,,,
2020-04-03,0.3842,0.3068,0,0.6683,price_proxy,,,,
2020-04-06,0.5377,0.3266,0,1.2876,price_proxy,,,,
2020-04-07,0.7,0.3332,0,1.9204,price_proxy,,,,
2020-04-08,0.9013,0.3261,0,0.8474,price_proxy,,,,
2020-04-09,0.8278,0.3227,0,1.0988,price_proxy,,,,
2020-04-10,0.8345,0.3215,0,0.4678,price_proxy,,,,
2020-04-13,0.4938,0.3241,0,0.669,price_proxy,,,,
2020-04-14,0.3352,0.3237,0,0.8536,price_proxy,,,,
2020-04-16,0.3719,0.3171,0,0.7336,price_proxy,,,,
2020-04-17,0.4598,0.2389,0,0.9637,price_proxy,,,,
2020-04-20,0.4766,0.2188,0,0.3624,price_proxy,,,,
2020-04-21,0.5619,0.2141,0,0.6851,price_proxy,,,,
2020-04-22,0.5557,0.2025,0,0.8046,price_proxy,,,,
2020-04-23,0.5298,0.1954,0,0.9548,price_proxy,,,,
2020-04-24,0.4824,0.1919,0,0.9101,price_proxy,,,,
2020-04-27,0.5769,0.1951,0,0.7892,price_proxy,,,,
2020-04-28,0.5661,0.1962,0,0.5901,price_proxy,,,,
2020-04-29,0.6205,0.1972,0,0.9672,price_proxy,,,,
2020-05-04,0.5117,0.1842,0,0.5054,price_proxy,,,,
2020-05-06,0.6302,0.1892,0,0.9074,price_proxy,,,,
2020-05-07,0.6083,0.187,0,0.9217,price_proxy,,,,
2020-05-08,0.6279,0.1565,0,1.1351,price_proxy,,,,
2020-05-11,0.5455,0.1302,0,0.506,price_proxy,,,,
2020-05-12,0.6283,0.1294,0,0.6341,price_proxy,,,,
2020-05-13,0.4944,0.126,0,0.6169,price_proxy,,,,
2020-05-14,0.3757,0.1301,0,0.6867,price_proxy,,,,
2020-05-15,0.4563,0.1174,0,0.8805,price_proxy,,,,
2020-05-18,0.4389,0.1217,0,0.7046,price_proxy,,,,
2020-05-19,0.5384,0.1332,0,1.3097,price_proxy,,,,
2020-05-20,0.6504,0.1372,0,1.6533,price_proxy,,,,
2020-05-21,0.9323,0.1638,0,4.6127,price_proxy,,,,
2020-05-22,0.8296,0.1633,0,1.4602,price_proxy,,,,
2020-05-25,1.0,0.1667,0,1.7249,price_proxy,,,,
2020-05-26,0.8978,0.1662,0,1.9246,price_proxy,,,,
2020-05-27,0.6658,0.1839,0,1.18,price_proxy,,,,
2020-05-28,0.5237,0.1819,0,1.9744,price_proxy,,,,
2020-05-29,0.5576,0.1788,0,0.7102,price_proxy,,,,
2020-06-01,0.5732,0.1846,0,1.4539,price_proxy,,,,
2020-06-02,0.491,0.1832,0,0.9563,price_proxy,,,,
2020-06-03,0.5526,0.1852,0,1.3012,price_proxy,,,,
2020-06-04,0.6546,0.1961,0,1.9789,price_proxy,,,,
2020-06-05,0.6026,0.1975,0,0.9681,price_proxy,,,,
2020-06-08,0.4338,0.2,0,1.0798,price_proxy,,,,
2020-06-09,0.5,0.2,0,0.7749,price_proxy,,,,
2020-06-10,0.6259,0.1983,0,0.7788,price_proxy,,,,
2020-06-11,0.5478,0.1924,0,1.9866,price_proxy,,,,
2020-06-12,0.6729,0.1934,0,1.3924,price_proxy,,,,
2020-06-15,0.5457,0.218,0,0.991,price_proxy,,,,
2020-06-16,0.6216,0.2144,0,0.5797,price_proxy,,,,
2020-06-17,0.6404,0.2142,0,0.9031,price_proxy,,,,
2020-06-18,0.7123,0.2043,0,1.7246,price_proxy,,,,
2020-06-19,0.6061,0.204,0,0.7231,price_proxy,,,,
2020-06-22,1.0,0.2211,0,1.6619,price_proxy,,,,
2020-06-23,0.827,0.2266,0,0.898,price_proxy,,,,
2020-06-24,0.7869,0.211,0,0.54,price_proxy,,,,
2020-06-25,0.5998,0.2141,0,0.5259,price_proxy,,,,
2020-06-26,0.5891,0.216,0,0.672,price_proxy,,,,
2020-06-29,0.4295,0.2105,0,0.8851,price_proxy,,,,
2020-06-30,0.4927,0.2083,0,0.6211,price_proxy,,,,
2020-07-01,0.5287,0.2036,0,1.5156,price_proxy,,,,
2020-07-02,0.6097,0.1934,0,0.7945,price_proxy,,,,
2020-07-03,0.6447,0.1906,0,0.459,price_proxy,,,,
2020-07-06,0.6572,0.1848,0,0.5208,price_proxy,,,,
2020-07-07,0.6172,0.1887,0,0.4388,price_proxy,,,,
2020-07-08,0.5459,0.1885,0,0.3547,price_proxy,,,,
2020-07-09,0.5035,0.1877,0,0.7196,price_proxy,,,,
2020-07-10,0.5104,0.1849,0,0.8343,price_proxy,,,,
2020-07-13,0.4898,0.1516,0,0.5797,price_proxy,,,,
2020-07-14,0.5208,0.1469,0,0.549,price_proxy,,,,
2020-07-15,0.4827,0.1471,0,0.891,price_proxy,,,,
2020-07-16,0.4308,0.1361,0,1.5913,price_proxy,,,,
2020-07-17,0.6239,0.1727,0,2.2375,price_proxy,,,,
2020-07-20,0.5375,0.1461,0,0.9933,price_proxy,,,,
2020-07-21,0.589,0.1411,0,0.8846,price_proxy,,,,
2020-07-22,0.6498,0.1406,0,0.6302,price_proxy,,,,
2020-07-23,0.7796,0.1401,0,0.8558,price_proxy,,,,
2020-07-24,0.4773,0.1477,0,0.7392,price_proxy,,,,
2020-07-27,0.5535,0.1474,0,0.5679,price_proxy,,,,
2020-07-28,0.4967,0.148,0,0.7398,price_proxy,,,,
2020-07-29,0.594,0.1559,0,2.0493,price_proxy,,,,
2020-07-30,0.6541,0.1655,0,1.6421,price_proxy,,,,
2020-07-31,0.7066,0.1677,0,0.8476,price_proxy,,,,
2020-08-03,0.6857,0.1675,0,0.6921,price_proxy,,,,
2020-08-04,0.7003,0.1651,0,0.6773,price_proxy,,,,
2020-08-05,0.5433,0.1667,0,0.5951,price_proxy,,,,
2020-08-06,0.4212,0.1668,0,0.5869,price_proxy,,,,
2020-08-07,0.4525,0.1671,0,0.8433,price_proxy,,,,
2020-08-10,0.4463,0.1676,0,0.5534,price_proxy,,,,
2020-08-11,0.5119,0.1693,0,0.9332,price_proxy,,,,
2020-08-12,0.4606,0.175,0,0.8943,price_proxy,,,,
2020-08-13,0.4271,0.1733,0,0.66,price_proxy,,,,
2020-08-14,0.3843,0.1365,0,1.6756,price_proxy,,,,
2020-08-18,0.2917,0.1452,0,0.9678,price_proxy,,,,
2020-08-19,0.3665,0.1649,0,0.9644,price_proxy,,,,
2020-08-20,0.2465,0.1978,0,1.748,price_proxy,,,,
2020-08-21,0.2981,0.1946,0,0.9638,price_proxy,,,,
2020-08-24,0.3514,0.1905,0,0.9348,price_proxy,,,,
2020-08-25,0.4556,0.1903,0,1.3225,price_proxy,,,,
2020-08-26,0.2552,0.1933,0,1.556,price_proxy,,,,
2020-08-27,0.5142,0.1837,0,1.7059,price_proxy,,,,
2020-08-28,0.4123,0.172,0,1.2633,price_proxy,,,,
2020-08-31,0.4023,0.1721,0,0.6076,price_proxy,,,,
2020-09-01,0.4441,0.175,0,0.5891,price_proxy,,,,
2020-09-02,0.5688,0.1789,0,0.9332,price_proxy,,,,
2020-09-03,0.6547,0.198,0,2.0833,price_proxy,,,,
2020-09-04,0.6431,0.2036,0,1.175,price_proxy,,,,
2020-09-07,0.6358,0.2035,0,1.2641,price_proxy,,,,
2020-09-08,0.5863,0.2035,0,0.8744,price_proxy,,,,
2020-09-09,0.5,0.1995,0,0.4845,price_proxy,,,,
2020-09-10,0.3825,0.1969,0,0.552,price_proxy,,,,
2020-09-11,0.4418,0.1966,0,0.4066,price_proxy,,,,
2020-09-14,0.5412,0.2029,0,0.7432,price_proxy,,,,
2020-09-15,0.5517,0.1939,0,0.6184,price_proxy,,,,
2020-09-16,0.5455,0.1765,0,0.7006,price_proxy,,,,
2020-09-17,0.5035,0.1384,0,0.3962,price_proxy,,,,
2020-09-18,0.6023,0.1418,0,1.5681,price_proxy,,,,
2020-09-21,0.4495,0.1456,0,0.7882,price_proxy,,,,
2020-09-22,0.3756,0.1508,0,0.7218,price_proxy,,,,
2020-09-23,0.4555,0.1478,0,0.7508,price_proxy,,,,
2020-09-24,0.3962,0.1507,0,0.471,price_proxy,,,,
2020-09-25,0.3154,0.1444,0,0.4182,price_proxy,,,,
2020-09-28,0.4136,0.1466,0,0.3046,price_proxy,,,,
2020-09-29,0.5143,0.1458,0,0.599,price_proxy,,,,
2020-10-05,0.444,0.1435,0,0.396,price_proxy,,,,
2020-10-06,0.5693,0.1202,0,1.0118,price_proxy,,,,
2020-10-07,0.585,0.11,0,0.4776,price_proxy,,,,
2020-10-08,0.5289,0.11,0,0.6121,price_proxy,,,,
2020-10-12,0.4893,0.11,0,0.6583,price_proxy,,,,
2020-10-13,0.518,0.109,0,0.5747,price_proxy,,,,
2020-10-14,0.4189,0.112,0,0.9661,price_proxy,,,,
2020-10-15,0.4007,0.1117,0,0.7849,price_proxy,,,,
2020-10-16,0.3292,0.1038,0,0.954,price_proxy,,,,
2020-10-19,0.2889,0.1055,0,1.3552,price_proxy,,,,
2020-10-20,0.3643,0.1184,0,1.4369,price_proxy,,,,
2020-10-21,0.4632,0.122,0,0.7923,price_proxy,,,,
2020-10-22,0.4366,0.1181,0,0.5932,price_proxy,,,,
2020-10-23,0.4455,0.1202,0,0.8096,price_proxy,,,,
2020-10-26,0.432,0.1195,0,1.0535,price_proxy,,,,
2020-10-27,0.4885,0.1446,0,1.7518,price_proxy,,,,
2020-10-28,0.47,0.1399,0,1.1292,price_proxy,,,,
2020-10-29,0.5539,0.1402,0,0.8744,price_proxy,,,,
2020-10-30,0.656,0.1382,0,2.1564,price_proxy,,,,
2020-11-02,0.7443,0.1374,0,0.5878,price_proxy,,,,
2020-11-03,0.5925,0.1368,0,0.8838,price_proxy,,,,
2020-11-04,0.6863,0.1492,0,2.0099,price_proxy,,,,
2020-11-05,0.6689,0.1491,0,1.0043,price_proxy,,,,
2020-11-06,0.6596,0.1491,0,0.9327,price_proxy,,,,
2020-11-09,0.5923,0.1518,0,1.3736,price_proxy,,,,
2020-11-10,0.5479,0.1534,0,0.6004,price_proxy,,,,
2020-11-11,0.4061,0.151,0,0.5975,price_proxy,,,,
2020-11-12,0.3927,0.15,0,1.3418,price_proxy,,,,
2020-11-13,0.5275,0.163,0,2.9145,price_proxy,,,,
2020-11-16,0.754,0.1766,0,3.1301,price_proxy,,,,
2020-11-17,0.795,0.1737,0,1.2368,price_proxy,,,,
2020-11-18,0.854,0.1731,0,1.4979,price_proxy,,,,
2020-11-19,1.0,0.176,0,2.567,price_proxy,,,,
2020-11-20,0.822,0.1674,0,1.1559,price_proxy,,,,
2020-11-23,0.597,0.1635,0,1.1026,price_proxy,,,,
2020-11-24,0.6505,0.1508,0,1.2196,price_proxy,,,,
2020-11-25,0.5465,0.1607,0,1.5313,price_proxy,,,,
2020-11-26,0.4416,0.1608,0,0.7044,price_proxy,,,,
2020-11-27,0.4358,0.1615,0,0.5393,price_proxy,,,,
2020-11-30,0.5,0.1614,0,1.1884,price_proxy,,,,
2020-12-01,0.3542,0.1742,0,1.5486,price_proxy,,,,
2020-12-02,0.4788,0.1663,0,1.1,price_proxy,,,,
2020-12-03,0.4188,0.1693,0,0.6013,price_proxy,,,,
2020-12-04,0.4125,0.1698,0,0.6184,price_proxy,,,,
2020-12-07,0.3925,0.1664,0,0.5437,price_proxy,,,,
2020-12-08,0.5126,0.164,0,0.9023,price_proxy,,,,
2020-12-09,0.4326,0.1639,0,0.8741,price_proxy,,,,
2020-12-10,0.5157,0.164,0,0.7009,price_proxy,,,,
2020-12-11,0.5032,0.1454,0,0.4806,price_proxy,,,,
2020-12-14,0.4621,0.1176,0,0.4887,price_proxy,,,,
2020-12-15,0.5125,0.1238,0,0.7739,price_proxy,,,,
2020-12-16,0.5729,0.1244,0,0.8568,price_proxy,,,,
2020-12-17,0.5529,0.1047,0,1.0872,price_proxy,,,,
2020-12-18,0.5283,0.1074,0,0.6549,price_proxy,,,,
2020-12-21,0.5547,0.1055,0,0.3863,price_proxy,,,,
2020-12-22,0.4255,0.1052,0,0.7052,price_proxy,,,,
2020-12-23,0.445,0.1031,0,0.7589,price_proxy,,,,
2020-12-24,0.4364,0.1028,0,0.7179,price_proxy,,,,
2020-12-28,0.5248,0.1055,0,0.8886,price_proxy,,,,
2020-12-29,0.5438,0.1048,0,0.8638,price_proxy,,,,
2020-12-30,0.6516,0.0913,0,1.1381,price_proxy,,,,
2021-01-04,0.6289,0.0885,0,1.2451,price_proxy,,,,
2021-01-05,0.6346,0.0841,0,2.269,price_proxy,,,,
2021-01-06,0.5951,0.0834,0,1.2645,price_proxy,,,,
2021-01-07,0.5613,0.0856,0,1.0154,price_proxy,,,,
2021-01-08,0.548,0.0863,0,1.2446,price_proxy,,,,
2021-01-11,0.4675,0.0896,0,2.1063,price_proxy,,,,
2021-01-12,0.5762,0.1091,0,2.6857,price_proxy,,,,
2021-01-13,0.6406,0.1109,0,2.0213,price_proxy,,,,
2021-01-14,0.6545,0.108,0,2.0831,price_proxy,,,,
2021-01-15,0.5908,0.1061,0,0.8665,price_proxy,,,,
2021-01-18,0.7042,0.1083,0,1.2371,price_proxy,,,,
2021-01-19,0.5452,0.1102,0,0.8089,price_proxy,,,,
2021-01-20,0.6176,0.1245,0,1.5932,price_proxy,,,,
2021-01-21,0.6269,0.1239,0,0.919,price_proxy,,,,
2021-01-22,0.7717,0.1233,0,1.2142,price_proxy,,,,
2021-01-25,0.7425,0.1226,0,0.8384,price_proxy,,,,
2021-01-26,0.6961,0.1323,0,0.5378,price_proxy,,,,
2021-01-27,0.5181,0.1354,0,0.5335,price_proxy,,,,
2021-01-28,0.4585,0.1426,0,0.4413,price_proxy,,,,
2021-01-29,0.3422,0.143,0,0.5695,price_proxy,,,,
2021-02-01,0.342,0.143,0,0.4105,price_proxy,,,,
2021-02-02,0.4119,0.143,0,0.6885,price_proxy,,,,
2021-02-03,0.5384,0.1495,0,0.7788,price_proxy,,,,
2021-02-04,0.6192,0.1474,0,0.4544,price_proxy,,,,
2021-02-05,0.666,0.1473,0,0.4609,price_proxy,,,,
2021-02-08,0.6478,0.1424,0,0.3847,price_proxy,,,,
2021-02-09,0.5842,0.1349,0,0.4679,price_proxy,,,,
2021-02-10,0.4598,0.1333,0,0.43,price_proxy,,,,
2021-02-15,0.55,0.1417,0,1.0094,price_proxy,,,,
2021-02-16,0.5321,0.1397,0,0.5029,price_proxy,,,,
2021-02-17,0.4705,0.1416,0,0.5328,price_proxy,,,,
2021-02-18,0.5126,0.1407,0,0.4654,price_proxy,,,,
2021-02-19,0.5179,0.1223,0,0.7292,price_proxy,,,,
2021-02-22,0.4171,0.1222,0,0.575,price_proxy,,,,
2021-02-23,0.354,0.1127,0,1.0939,price_proxy,,,,
2021-02-24,0.3703,0.1117,0,1.1211,price_proxy,,,,
2021-02-25,0.5652,0.1505,0,2.1927,price_proxy,,,,
2021-02-26,0.5712,0.1495,0,1.3786,price_proxy,,,,
2021-03-02,0.6145,0.1449,0,1.5468,price_proxy,,,,
2021-03-03,0.7283,0.1448,0,0.73,price_proxy,,,,
2021-03-04,0.7,0.1491,0,0.9529,price_proxy,,,,
2021-03-05,0.4295,0.1558,0,0.9411,price_proxy,,,,
2021-03-08,0.4313,0.1479,0,0.6473,price_proxy,,,,
2021-03-09,0.358,0.1491,0,1.0217,price_proxy,,,,
2021-03-10,0.2527,0.1528,0,0.6413,price_proxy,,,,
2021-03-11,0.3739,0.1591,0,0.6955,price_proxy,,,,
2021-03-12,0.4849,0.1581,0,0.3814,price_proxy,,,,
2021-03-15,0.4771,0.1579,0,0.2404,price_proxy,,,,
2021-03-16,0.6373,0.1616,0,1.2591,price_proxy,,,,
2021-03-17,0.7231,0.1616,0,0.6849,price_proxy,,,,
2021-03-18,0.6682,0.1596,0,1.1035,price_proxy,,,,
2021-03-19,0.5711,0.1623,0,0.5002,price_proxy,,,,
2021-03-22,0.6183,0.1617,0,0.6804,price_proxy,,,,
2021-03-23,0.5194,0.1619,0,0.9383,price_proxy,,,,
2021-03-24,0.6959,0.1812,0,3.1009,price_proxy,,,,
2021-03-25,0.6313,0.1814,0,1.417,price_proxy,,,,
2021-03-26,0.6814,0.1528,0,1.6164,price_proxy,,,,
2021-03-29,0.6699,0.152,0,0.9736,price_proxy,,,,
2021-03-30,0.6176,0.1523,0,0.7406,price_proxy,,,,
2021-03-31,0.4626,0.1511,0,0.5341,price_proxy,,,,
2021-04-01,0.5963,0.1549,0,1.1763,price_proxy,,,,
2021-04-02,0.691,0.1508,0,1.6341,price_proxy,,,,
2021-04-05,0.6969,0.1493,0,1.0174,price_proxy,,,,
2021-04-06,0.7449,0.1454,0,1.0293,price_proxy,,,,
2021-04-07,0.7312,0.1352,0,2.0471,price_proxy,,,,
2021-04-08,0.5962,0.1355,0,1.0306,price_proxy,,,,
2021-04-09,0.5062,0.1362,0,0.8491,price_proxy,,,,
2021-04-12,0.5733,0.1369,0,0.7495,price_proxy,,,,
2021-04-13,0.504,0.1326,0,0.9639,price_proxy,,,,
2021-04-14,0.5121,0.1324,0,0.65,price_proxy,,,,
2021-04-15,0.5102,0.1347,0,0.494,price_proxy,,,,
2021-04-16,0.6268,0.1373,0,0.8762,price_proxy,,,,
2021-04-19,0.6139,0.1392,0,1.1302,price_proxy,,,,
2021-04-20,0.6532,0.141,0,0.642,price_proxy,,,,
2021-04-21,0.576,0.1184,0,0.8757,price_proxy,,,,
2021-04-22,0.5852,0.117,0,0.8425,price_proxy,,,,
2021-04-23,0.4808,0.1165,0,0.9634,price_proxy,,,,
2021-04-26,0.4442,0.1168,0,0.6569,price_proxy,,,,
2021-04-27,0.4064,0.1205,0,0.7463,price_proxy,,,,
2021-04-28,0.3497,0.1384,0,1.3861,price_proxy,,,,
2021-04-29,0.3638,0.1285,0,0.9303,price_proxy,,,,
2021-04-30,0.3641,0.1204,0,1.1542,price_proxy,,,,
2021-05-03,0.3011,0.1216,0,0.9274,price_proxy,,,,
2021-05-04,0.3821,0.1228,0,0.66,price_proxy,,,,
2021-05-06,0.5083,0.123,0,0.6859,price_proxy,,,,
2021-05-07,0.5042,0.1223,0,0.5193,price_proxy,,,,
2021-05-10,0.5083,0.1224,0,0.7007,price_proxy,,,,
2021-05-11,0.4469,0.1235,0,1.519,price_proxy,,,,
2021-05-12,0.4541,0.1241,0,1.547,price_proxy,,,,
2021-05-13,0.3444,0.1332,0,1.542,price_proxy,,,,
2021-05-14,0.5167,0.166,0,1.9263,price_proxy,,,,
2021-05-17,0.4046,0.1625,0,1.8151,price_proxy,,,,
2021-05-18,0.5218,0.1573,0,0.8012,price_proxy,,,,
2021-05-20,0.5962,0.1718,0,2.1945,price_proxy,,,,
2021-05-21,0.6687,0.1704,0,0.8065,price_proxy,,,,
2021-05-24,0.4091,0.1751,0,0.9233,price_proxy,,,,
2021-05-25,0.5153,0.1751,0,0.7821,price_proxy,,,,
2021-05-26,0.4849,0.1736,0,0.7478,price_proxy,,,,
2021-05-27,0.4286,0.1755,0,1.3272,price_proxy,,,,
2021-05-28,0.4481,0.165,0,0.8471,price_proxy,,,,
2021-05-31,0.513,0.1653,0,0.6042,price_proxy,,,,
2021-06-01,0.513,0.1653,0,0.4135,price_proxy,,,,
2021-06-02,0.5848,0.1672,0,1.2539,price_proxy,,,,
2021-06-03,0.5719,0.1678,0,1.4437,price_proxy,,,,
2021-06-04,0.566,0.1682,0,0.5809,price_proxy,,,,
2021-06-07,0.5753,0.1682,0,0.6537,price_proxy,,,,
2021-06-08,0.5387,0.1692,0,0.4632,price_proxy,,,,
2021-06-09,0.4729,0.1603,0,0.4856,price_proxy,,,,
2021-06-10,0.402,0.1599,0,0.7122,price_proxy,,,,
2021-06-11,0.4216,0.1496,0,0.3932,price_proxy,,,,
2021-06-14,0.3902,0.1166,0,0.8217,price_proxy,,,,
2021-06-15,0.4389,0.1035,0,0.6475,price_proxy,,,,
2021-06-16,0.4302,0.1032,0,0.476,price_proxy,,,,
2021-06-17,0.4764,0.0808,0,1.0009,price_proxy,,,,
2021-06-18,0.4979,0.0804,0,1.3264,price_proxy,,,,
2021-06-21,0.4846,0.0734,0,0.7633,price_proxy,,,,
2021-06-22,0.4413,0.0745,0,0.9153,price_proxy,,,,
2021-06-23,0.4168,0.077,0,1.5879,price_proxy,,,,
2021-06-24,0.3871,0.069,0,1.151,price_proxy,,,,
2021-06-25,0.4119,0.0751,0,1.1767,price_proxy,,,,
2021-06-28,0.4691,0.0748,0,0.5132,price_proxy,,,,
2021-06-29,0.509,0.0753,0,0.9443,price_proxy,,,,
2021-06-30,0.5709,0.0679,0,0.6593,price_proxy,,,,
2021-07-01,0.5552,0.063,0,0.5264,price_proxy,,,,
2021-07-02,0.4798,0.0635,0,0.9687,price_proxy,,,,
2021-07-05,0.4865,0.0642,0,1.139,price_proxy,,,,
2021-07-06,0.4822,0.0633,0,1.3099,price_proxy,,,,
2021-07-07,0.4647,0.0635,0,0.6857,price_proxy,,,,
2021-07-08,0.4574,0.0643,0,1.211,price_proxy,,,,
2021-07-09,0.4387,0.0674,0,1.3526,price_proxy,,,,
2021-07-12,0.4299,0.0648,0,0.5452,price_proxy,,,,
2021-07-13,0.4325,0.0642,0,0.4484,price_proxy,,,,
2021-07-14,0.4258,0.064,0,0.8168,price_proxy,,,,
2021-07-15,0.5114,0.07,0,0.9559,price_proxy,,,,
2021-07-16,0.5375,0.0689,0,0.7941,price_proxy,,,,
2021-07-19,0.5094,0.0643,0,0.7352,price_proxy,,,,
2021-07-20,0.4907,0.0633,0,0.8445,price_proxy,,,,
2021-07-21,0.5163,0.0612,0,1.0652,price_proxy,,,,
2021-07-22,0.6024,0.0957,0,4.0456,price_proxy,,,,
2021-07-23,0.6678,0.0948,0,3.0554,price_proxy,,,,
2021-07-26,0.6981,0.0949,0,1.2967,price_proxy,,,,
2021-07-27,0.7222,0.0949,0,0.9797,price_proxy,,,,
2021-07-28,0.6528,0.0979,0,0.9685,price_proxy,,,,
2021-07-29,0.5173,0.0963,0,0.6478,price_proxy,,,,
2021-07-30,0.4343,0.0982,0,0.648,price_proxy,,,,
2021-08-02,0.4724,0.1,0,0.5602,price_proxy,,,,
2021-08-03,0.5632,0.1137,0,2.4519,price_proxy,,,,
2021-08-04,0.6226,0.1136,0,1.0645,price_proxy,,,,
2021-08-05,0.6052,0.1114,0,0.8452,price_proxy,,,,
2021-08-06,0.6491,0.107,0,0.5742,price_proxy,,,,
2021-08-09,0.6441,0.1072,0,0.7407,price_proxy,,,,
2021-08-10,0.5061,0.1098,0,0.8606,price_proxy,,,,
2021-08-11,0.3906,0.1256,0,1.2912,price_proxy,,,,
2021-08-12,0.292,0.1395,0,2.4293,price_proxy,,,,
2021-08-13,0.3082,0.1392,0,1.4261,price_proxy,,,,
2021-08-17,0.2653,0.1385,0,0.7862,price_proxy,,,,
2021-08-18,0.2925,0.1383,0,0.9755,price_proxy,,,,
2021-08-19,0.2899,0.1493,0,1.0274,price_proxy,,,,
2021-08-20,0.368,0.1273,0,0.9205,price_proxy,,,,
2021-08-23,0.3826,0.1263,0,0.5529,price_proxy,,,,
2021-08-24,0.4818,0.1375,0,0.8456,price_proxy,,,,
2021-08-25,0.4841,0.1371,0,0.8759,price_proxy,,,,
2021-08-26,0.591,0.1358,0,0.7255,price_proxy,,,,
2021-08-27,0.6291,0.1357,0,0.5777,price_proxy,,,,
2021-08-30,0.6007,0.1342,0,0.5518,price_proxy,,,,
2021-08-31,0.5206,0.1324,0,0.4681,price_proxy,,,,
2021-09-01,0.5572,0.1198,0,0.7041,price_proxy,,,,
2021-09-02,0.5367,0.1193,0,0.2978,price_proxy,,,,
2021-09-03,0.5435,0.1197,0,0.3815,price_proxy,,,,
2021-09-06,0.5662,0.1212,0,0.4831,price_proxy,,,,
2021-09-07,0.5023,0.1209,0,0.4524,price_proxy,,,,
2021-09-08,0.4711,0.121,0,0.4087,price_proxy,,,,
2021-09-09,0.464,0.1103,0,0.7844,price_proxy,,,,
2021-09-10,0.5,0.095,0,0.593,price_proxy,,,,
2021-09-13,0.458,0.0951,0,0.5315,price_proxy,,,,
2021-09-14,0.5794,0.1016,0,1.1024,price_proxy,,,,
2021-09-15,0.5835,0.1016,0,0.937,price_proxy,,,,
2021-09-16,0.5321,0.0939,0,0.9371,price_proxy,,,,
2021-09-17,0.5582,0.0972,0,1.3344,price_proxy,,,,
2021-09-23,0.5068,0.1047,0,1.569,price_proxy,,,,
2021-09-24,0.4237,0.094,0,1.1851,price_proxy,,,,
2021-09-27,0.383,0.0954,0,0.8024,price_proxy,,,,
2021-09-28,0.385,0.1035,0,1.1583,price_proxy,,,,
2021-09-29,0.2802,0.1055,0,1.0809,price_proxy,,,,
2021-09-30,0.302,0.1069,0,1.208,price_proxy,,,,
2021-10-01,0.271,0.1085,0,0.7014,price_proxy,,,,
2021-10-05,0.3067,0.1053,0,1.2132,price_proxy,,,,
2021-10-06,0.3086,0.1101,0,1.1297,price_proxy,,,,
2021-10-07,0.3582,0.1102,0,2.0098,price_proxy,,,,
2021-10-08,0.4376,0.1122,0,1.1533,price_proxy,,,,
2021-10-12,0.436,0.1123,0,0.4925,price_proxy,,,,
2021-10-13,0.421,0.1116,0,0.3228,price_proxy,,,,
2021-10-14,0.5661,0.1204,0,0.8467,price_proxy,,,,
2021-10-15,0.5921,0.1191,0,0.5608,price_proxy,,,,
2021-10-18,0.567,0.1201,0,0.739,price_proxy,,,,
2021-10-19,0.6217,0.1118,0,0.4024,price_proxy,,,,
2021-10-20,0.6194,0.111,0,0.2777,price_proxy,,,,
2021-10-21,0.5128,0.1057,0,0.546,price_proxy,,,,
2021-10-22,0.4975,0.0967,0,0.3393,price_proxy,,,,
2021-10-25,0.5574,0.1039,0,1.0951,price_proxy,,,,
2021-10-26,0.5898,0.1057,0,0.7022,price_proxy,,,,
2021-10-27,0.5776,0.1051,0,0.5419,price_proxy,,,,
2021-10-28,0.7316,0.1143,0,2.1701,price_proxy,,,,
2021-10-29,0.7443,0.1118,0,1.4635,price_proxy,,,,
2021-11-01,0.6673,0.1082,0,0.6995,price_proxy,,,,
2021-11-02,0.6337,0.103,0,1.1625,price_proxy,,,,
2021-11-03,0.5699,0.114,0,1.2961,price_proxy,,,,
2021-11-04,0.4612,0.1043,0,0.4547,price_proxy,,,,
2021-11-05,0.4214,0.1049,0,0.6397,price_proxy,,,,
2021-11-08,0.4083,0.1041,0,0.8305,price_proxy,,,,
2021-11-09,0.4284,0.0983,0,0.7986,price_proxy,,,,
2021-11-10,0.4418,0.1065,0,0.7877,price_proxy,,,,
2021-11-11,0.4395,0.1009,0,0.6339,price_proxy,,,,
2021-11-12,0.5444,0.1112,0,1.6956,price_proxy,,,,
2021-11-15,0.6805,0.127,0,2.985,price_proxy,,,,
2021-11-16,0.6856,0.1268,0,1.5722,price_proxy,,,,
2021-11-17,0.807,0.1267,0,1.4915,price_proxy,,,,
2021-11-18,0.7854,0.1252,0,1.1181,price_proxy,,,,
2021-11-19,0.692,0.1253,0,1.2457,price_proxy,,,,
2021-11-22,0.857,0.1871,0,7.2058,price_proxy,,,,
2021-11-23,0.6868,0.2034,0,3.3465,price_proxy,,,,
2021-11-24,0.6331,0.2028,0,1.4236,price_proxy,,,,
2021-11-25,0.5881,0.2008,0,1.6867,price_proxy,,,,
2021-11-26,0.5626,0.201,0,1.3358,price_proxy,,,,
2021-11-29,0.2847,0.2018,0,0.7044,price_proxy,,,,
2021-11-30,0.3602,0.2036,0,1.0964,price_proxy,,,,
2021-12-01,0.383,0.1978,0,0.9544,price_proxy,,,,
2021-12-02,0.496,0.1989,0,1.6745,price_proxy,,,,
2021-12-03,0.502,0.1988,0,0.6139,price_proxy,,,,
2021-12-06,0.5409,0.1984,0,0.7374,price_proxy,,,,
2021-12-07,0.6002,0.1984,0,0.3852,price_proxy,,,,
2021-12-08,0.5828,0.1933,0,0.9417,price_proxy,,,,
2021-12-09,0.5101,0.194,0,0.535,price_proxy,,,,
2021-12-10,0.4293,0.1965,0,0.8471,price_proxy,,,,
2021-12-13,0.3918,0.1862,0,0.422,price_proxy,,,,
2021-12-14,0.3867,0.1858,0,0.2941,price_proxy,,,,
2021-12-15,0.4225,0.1856,0,0.2835,price_proxy,,,,
2021-12-16,0.4299,0.1853,0,0.334,price_proxy,,,,
2021-12-17,0.4812,0.1863,0,0.4053,price_proxy,,,,
2021-12-20,0.4725,0.0966,0,0.341,price_proxy,,,,
2021-12-21,0.5738,0.1013,0,1.4894,price_proxy,,,,
2021-12-22,0.5228,0.1014,0,0.8898,price_proxy,,,,
2021-12-23,0.5852,0.1007,0,1.2767,price_proxy,,,,
2021-12-24,0.5803,0.1028,0,0.9123,price_proxy,,,,
2021-12-27,0.6353,0.1026,0,0.6758,price_proxy,,,,
2021-12-28,0.5732,0.103,0,1.2909,price_proxy,,,,
2021-12-29,0.5695,0.1035,0,1.0821,price_proxy,,,,
2021-12-30,0.5598,0.1019,0,1.1439,price_proxy,,,,
2022-01-03,0.6463,0.1036,0,0.9667,price_proxy,,,,
2022-01-04,0.6247,0.1035,0,0.7198,price_proxy,,,,
2022-01-05,0.5235,0.1069,0,1.1206,price_proxy,,,,
2022-01-06,0.4486,0.1175,0,1.038,price_proxy,,,,
2022-01-07,0.4536,0.1201,0,0.4805,price_proxy,,,,
2022-01-10,0.3277,0.1208,0,1.4543,price_proxy,,,,
2022-01-11,0.3371,0.1201,0,0.698,price_proxy,,,,
2022-01-12,0.4089,0.1209,0,0.4449,price_proxy,,,,
2022-01-13,0.4878,0.1196,0,0.5338,price_proxy,,,,
2022-01-14,0.6069,0.1494,0,3.0133,price_proxy,,,,
2022-01-17,0.7052,0.1473,0,1.2285,price_proxy,,,,
2022-01-18,0.7103,0.1452,0,0.9035,price_proxy,,,,
2022-01-19,0.6117,0.1393,0,0.8542,price_proxy,,,,
2022-01-20,0.6265,0.1389,0,0.947,price_proxy,,,,
2022-01-21,0.3496,0.1497,0,1.1332,price_proxy,,,,
2022-01-24,0.3609,0.1483,0,0.6879,price_proxy,,,,
2022-01-25,0.3116,0.1493,0,1.092,price_proxy,,,,
2022-01-26,0.3423,0.1468,0,1.0031,price_proxy,,,,
2022-01-27,0.2351,0.1574,0,1.2642,price_proxy,,,,
2022-01-28,0.435,0.167,0,0.8203,price_proxy,,,,
2022-02-03,0.3949,0.165,0,0.6878,price_proxy,,,,
2022-02-04,0.4609,0.1663,0,0.4242,price_proxy,,,,
2022-02-07,0.4144,0.1688,0,0.6752,price_proxy,,,,
2022-02-08,0.5022,0.1633,0,0.7785,price_proxy,,,,
2022-02-09,0.4349,0.1621,0,0.5298,price_proxy,,,,
2022-02-10,0.451,0.1558,0,0.7929,price_proxy,,,,
2022-02-11,0.3571,0.1591,0,0.8503,price_proxy,,,,
2022-02-14,0.3844,0.1587,0,0.5925,price_proxy,,,,
2022-02-15,0.3895,0.1587,0,0.5688,price_proxy,,,,
2022-02-16,0.4175,0.1296,0,0.7227,price_proxy,,,,
2022-02-17,0.4475,0.1307,0,0.9064,price_proxy,,,,
2022-02-18,0.5588,0.1335,0,0.8428,price_proxy,,,,
2022-02-21,0.5718,0.1316,0,0.4168,price_proxy,,,,
2022-02-22,0.5608,0.1315,0,0.6083,price_proxy,,,,
2022-02-23,0.5181,0.1216,0,0.5306,price_proxy,,,,
2022-02-24,0.4147,0.1274,0,0.7646,price_proxy,,,,
2022-02-25,0.4319,0.1326,0,0.6323,price_proxy,,,,
2022-02-28,0.4374,0.1326,0,0.5759,price_proxy,,,,
2022-03-02,0.4932,0.1203,0,0.7262,price_proxy,,,,
2022-03-03,0.5471,0.1134,0,1.3089,price_proxy,,,,
2022-03-04,0.5961,0.1142,0,0.9401,price_proxy,,,,
2022-03-07,0.4772,0.1157,0,0.8444,price_proxy,,,,
2022-03-08,0.5023,0.1099,0,1.031,price_proxy,,,,
2022-03-10,0.5273,0.113,0,1.0583,price_proxy,,,,
2022-03-11,0.4145,0.1127,0,1.2047,price_proxy,,,,
2022-03-14,0.3501,0.1247,0,1.2262,price_proxy,,,,
2022-03-15,0.3987,0.1204,0,1.5442,price_proxy,,,,
2022-03-16,0.4677,0.1248,0,1.6447,price_proxy,,,,
2022-03-17,0.536,0.1399,0,2.3188,price_proxy,,,,
2022-03-18,0.6466,0.1403,0,1.1265,price_proxy,,,,
2022-03-21,0.7539,0.1404,0,0.5669,price_proxy,,,,
2022-03-22,0.7739,0.139,0,0.5044,price_proxy,,,,
2022-03-23,0.6874,0.1377,0,0.4459,price_proxy,,,,
2022-03-24,0.5662,0.1362,0,0.4501,price_proxy,,,,
2022-03-25,0.4765,0.1366,0,0.5998,price_proxy,,,,
2022-03-28,0.4785,0.1274,0,0.4352,price_proxy,,,,
2022-03-29,0.4851,0.1243,0,0.631,price_proxy,,,,
2022-03-30,0.5407,0.1246,0,1.335,price_proxy,,,,
2022-03-31,0.5684,0.1248,0,1.3442,price_proxy,,,,
2022-04-01,0.5043,0.1282,0,1.4894,price_proxy,,,,
2022-04-04,0.5195,0.1261,0,0.4235,price_proxy,,,,
2022-04-05,0.5193,0.1216,0,0.5746,price_proxy,,,,
2022-04-06,0.351,0.1403,0,2.1218,price_proxy,,,,
2022-04-07,0.3306,0.1378,0,0.6366,price_proxy,,,,
2022-04-08,0.4397,0.1369,0,0.9036,price_proxy,,,,
2022-04-11,0.3797,0.1274,0,0.9264,price_proxy,,,,
2022-04-12,0.3553,0.1274,0,0.7048,price_proxy,,,,
2022-04-13,0.5522,0.1283,0,0.9869,price_proxy,,,,
2022-04-14,0.5384,0.111,0,0.5819,price_proxy,,,,
2022-04-15,0.44,0.1095,0,1.3513,price_proxy,,,,
2022-04-18,0.516,0.1104,0,0.8468,price_proxy,,,,
2022-04-19,0.6583,0.1326,0,2.4963,price_proxy,,,,
2022-04-20,0.5398,0.1341,0,0.8806,price_proxy,,,,
2022-04-21,0.5753,0.1351,0,0.566,price_proxy,,,,
2022-04-22,0.5939,0.1373,0,0.7858,price_proxy,,,,
2022-04-25,0.5317,0.1388,0,0.6392,price_proxy,,,,
2022-04-26,0.4001,0.1382,0,0.8181,price_proxy,,,,
2022-04-27,0.4198,0.1355,0,0.8738,price_proxy,,,,
2022-04-28,0.3186,0.1386,0,1.7218,price_proxy,,,,
2022-04-29,0.3906,0.1343,0,1.1283,price_proxy,,,,
2022-05-02,0.4129,0.1342,0,0.9726,price_proxy,,,,
2022-05-03,0.4418,0.1346,0,0.8316,price_proxy,,,,
2022-05-04,0.4187,0.1198,0,0.7933,price_proxy,,,,
2022-05-06,0.4624,0.1206,0,0.6709,price_proxy,,,,
2022-05-09,0.3819,0.1216,0,0.9431,price_proxy,,,,
2022-05-10,0.3996,0.1189,0,1.1579,price_proxy,,,,
2022-05-11,0.4424,0.1259,0,0.7944,price_proxy,,,,
2022-05-12,0.4059,0.124,0,0.9465,price_proxy,,,,
2022-05-13,0.5455,0.1398,0,1.2335,price_proxy,,,,
2022-05-16,0.5492,0.138,0,1.0438,price_proxy,,,,
2022-05-17,0.5541,0.1375,0,0.4875,price_proxy,,,,
2022-05-18,0.538,0.1192,0,1.3952,price_proxy,,,,
2022-05-19,0.6432,0.1189,0,1.505,price_proxy,,,,
2022-05-20,0.507,0.1175,0,0.9429,price_proxy,,,,
2022-05-23,0.5768,0.1159,0,0.6992,price_proxy,,,,
2022-05-24,0.4761,0.1232,0,1.1088,price_proxy,,,,
2022-05-25,0.3976,0.1236,0,1.0552,price_proxy,,,,
2022-05-26,0.3387,0.1248,0,0.8015,price_proxy,,,,
2022-05-27,0.3718,0.1195,0,0.5584,price_proxy,,,,
2022-05-30,0.3936,0.1206,0,0.5823,price_proxy,,,,
2022-05-31,0.4734,0.1205,0,0.6487,price_proxy,,,,
2022-06-02,0.4975,0.1193,0,0.6177,price_proxy,,,,
2022-06-03,0.5426,0.1177,0,0.53,price_proxy,,,,
2022-06-07,0.4552,0.1226,0,1.5288,price_proxy,,,,
2022-06-08,0.395,0.1199,0,1.0412,price_proxy,,,,
2022-06-09,0.4141,0.1201,0,1.4595,price_proxy,,,,
2022-06-10,0.3526,0.1169,0,1.6264,price_proxy,,,,
2022-06-13,0.2546,0.1218,0,1.3571,price_proxy,,,,
2022-06-14,0.3064,0.1007,0,1.6154,price_proxy,,,,
2022-06-15,0.2655,0.1026,0,1.531,price_proxy,,,,
2022-06-16,0.3051,0.1093,0,1.0804,price_proxy,,,,
2022-06-17,0.2692,0.1112,0,1.7618,price_proxy,,,,
2022-06-20,0.307,0.1099,0,1.3192,price_proxy,,,,
2022-06-21,0.3082,0.1101,0,1.2725,price_proxy,,,,
2022-06-22,0.2664,0.1156,0,1.3061,price_proxy,,,,
2022-06-23,0.2045,0.1117,0,2.0042,price_proxy,,,,
2022-06-24,0.3741,0.1272,0,1.0301,price_proxy,,,,
2022-06-27,0.4536,0.129,0,1.0549,price_proxy,,,,
2022-06-28,0.4376,0.1275,0,0.6992,price_proxy,,,,
2022-06-29,0.543,0.1227,0,1.24,price_proxy,,,,
2022-06-30,0.4567,0.1282,0,1.2667,price_proxy,,,,
2022-07-01,0.3048,0.1293,0,1.0136,price_proxy,,,,
2022-07-04,0.2718,0.128,0,0.6886,price_proxy,,,,
2022-07-05,0.3486,0.1347,0,0.7412,price_proxy,,,,
2022-07-06,0.3382,0.1348,0,0.7151,price_proxy,,,,
2022-07-07,0.4898,0.1409,0,0.5624,price_proxy,,,,
2022-07-08,0.6028,0.1425,0,0.903,price_proxy,,,,
2022-07-11,0.6109,0.1353,0,0.5702,price_proxy,,,,
2022-07-12,0.4861,0.1378,0,1.0109,price_proxy,,,,
2022-07-13,0.5352,0.1375,0,0.9203,price_proxy,,,,
2022-07-14,0.524,0.136,0,0.7841,price_proxy,,,,
2022-07-15,0.4899,0.1268,0,0.6774,price_proxy,,,,
2022-07-18,0.5814,0.1325,0,0.9315,price_proxy,,,,
2022-07-19,0.6439,0.1323,0,0.7204,price_proxy,,,,
2022-07-20,0.6522,0.1191,0,0.9625,price_proxy,,,,
2022-07-21,0.6252,0.1189,0,0.4814,price_proxy,,,,
2022-07-22,0.561,0.1158,0,0.6908,price_proxy,,,,
2022-07-25,0.5033,0.116,0,0.4487,price_proxy,,,,
2022-07-26,0.5131,0.1148,0,0.255,price_proxy,,,,
2022-07-27,0.4904,0.1149,0,0.3747,price_proxy,,,,
2022-07-28,0.4682,0.1002,0,0.9485,price_proxy,,,,
2022-07-29,0.5395,0.0886,0,0.9076,price_proxy,,,,
2022-08-01,0.5,0.0885,0,1.0933,price_proxy,,,,
2022-08-02,0.4837,0.086,0,0.8466,price_proxy,,,,
2022-08-03,0.4742,0.0847,0,0.5116,price_proxy,,,,
2022-08-04,0.4935,0.0804,0,1.0065,price_proxy,,,,
2022-08-05,0.4839,0.0793,0,1.2111,price_proxy,,,,
2022-08-08,0.4707,0.0809,0,1.1217,price_proxy,,,,
2022-08-09,0.4475,0.0747,0,1.2081,price_proxy,,,,
2022-08-10,0.3494,0.0909,0,3.2698,price_proxy,,,,
2022-08-11,0.3247,0.0871,0,3.3195,price_proxy,,,,
2022-08-12,0.3341,0.0874,0,2.1272,price_proxy,,,,
2022-08-16,0.4373,0.0874,0,2.0879,price_proxy,,,,
2022-08-17,0.4731,0.0874,0,0.6922,price_proxy,,,,
2022-08-18,0.5708,0.0845,0,0.8523,price_proxy,,,,
2022-08-19,0.5249,0.087,0,1.2606,price_proxy,,,,
2022-08-22,0.4255,0.0932,0,1.8276,price_proxy,,,,
2022-08-23,0.3365,0.0912,0,1.05,price_proxy,,,,
2022-08-24,0.2747,0.0959,0,1.8093,price_proxy,,,,
2022-08-25,0.312,0.0991,0,1.7878,price_proxy,,,,
2022-08-26,0.384,0.1009,0,1.3656,price_proxy,,,,
2022-08-29,0.3821,0.1086,0,1.0042,price_proxy,,,,
2022-08-30,0.474,0.1211,0,1.067,price_proxy,,,,
2022-08-31,0.6115,0.1279,0,1.0799,price_proxy,,,,
2022-09-01,0.5264,0.1289,0,0.6541,price_proxy,,,,
2022-09-02,0.3806,0.1404,0,1.5799,price_proxy,,,,
2022-09-05,0.4687,0.1404,0,1.1138,price_proxy,,,,
2022-09-06,0.3947,0.1408,0,0.656,price_proxy,,,,
2022-09-07,0.3616,0.1421,0,1.2643,price_proxy,,,,
2022-09-08,0.4143,0.1348,0,0.9347,price_proxy,,,,
2022-09-13,0.5992,0.1394,0,0.7118,price_proxy,,,,
2022-09-14,0.5676,0.14,0,0.9026,price_proxy,,,,
2022-09-15,0.5516,0.1309,0,0.4239,price_proxy,,,,
2022-09-16,0.4804,0.1318,0,0.4846,price_proxy,,,,
2022-09-19,0.4377,0.132,0,0.5302,price_proxy,,,,
2022-09-20,0.3715,0.1301,0,0.464,price_proxy,,,,
2022-09-21,0.3231,0.129,0,1.4327,price_proxy,,,,
2022-09-22,0.2756,0.1318,0,1.5595,price_proxy,,,,
2022-09-23,0.2905,0.1283,0,0.788,price_proxy,,,,
2022-09-26,0.2791,0.126,0,0.912,price_proxy,,,,
2022-09-27,0.3061,0.1256,0,0.7888,price_proxy,,,,
2022-09-28,0.2679,0.1322,0,1.0849,price_proxy,,,,
2022-09-29,0.2821,0.1202,0,1.1023,price_proxy,,,,
2022-09-30,0.2748,0.1094,0,1.2956,price_proxy,,,,
2022-10-04,0.4097,0.1303,0,1.7531,price_proxy,,,,
2022-10-05,0.4105,0.1193,0,1.1114,price_proxy,,,,
2022-10-06,0.6337,0.1327,0,0.7724,price_proxy,,,,
2022-10-07,0.6418,0.1333,0,0.4562,price_proxy,,,,
2022-10-11,0.5846,0.1367,0,0.8281,price_proxy,,,,
2022-10-12,0.4811,0.136,0,0.4733,price_proxy,,,,
2022-10-13,0.4063,0.1301,0,0.2328,price_proxy,,,,
2022-10-14,0.406,0.1444,0,0.8832,price_proxy,,,,
2022-10-17,0.4087,0.1446,0,0.3862,price_proxy,,,,
2022-10-18,0.5907,0.1564,0,1.0383,price_proxy,,,,
2022-10-19,0.4952,0.1616,0,1.0018,price_proxy,,,,
2022-10-20,0.5098,0.1622,0,0.5364,price_proxy,,,,
2022-10-21,0.392,0.158,0,0.4336,price_proxy,,,,
2022-10-24,0.5718,0.1777,0,1.2456,price_proxy,,,,
2022-10-25,0.637,0.1977,0,2.7449,price_proxy,,,,
2022-10-26,0.7392,0.1958,0,2.0252,price_proxy,,,,
2022-10-27,0.7152,0.1993,0,1.5288,price_proxy,,,,
2022-10-28,0.6141,0.1982,0,1.1074,price_proxy,,,,
2022-10-31,0.4908,0.1963,0,1.3425,price_proxy,,,,
2022-11-01,0.3291,0.1954,0,0.5523,price_proxy,,,,
2022-11-02,0.312,0.1881,0,0.6083,price_proxy,,,,
2022-11-03,0.3278,0.1896,0,0.7821,price_proxy,,,,
2022-11-04,0.4343,0.182,0,1.0026,price_proxy,,,,
2022-11-07,0.5696,0.2022,0,1.8425,price_proxy,,,,
2022-11-08,0.743,0.2103,0,2.0886,price_proxy,,,,
2022-11-09,0.7311,0.2115,0,1.0734,price_proxy,,,,
2022-11-10,0.7271,0.2108,0,0.5917,price_proxy,,,,
2022-11-11,0.9806,0.2335,0,2.2395,price_proxy,,,,
2022-11-14,0.6883,0.239,0,1.0155,price_proxy,,,,
2022-11-15,0.6625,0.2425,0,1.267,price_proxy,,,,
2022-11-16,0.6945,0.2349,0,1.207,price_proxy,,,,
2022-11-17,0.7082,0.2345,0,0.6281,price_proxy,,,,
2022-11-18,0.5157,0.2326,0,0.8369,price_proxy,,,,
2022-11-21,0.5697,0.2246,0,0.6553,price_proxy,,,,
2022-11-22,0.4114,0.2111,0,0.6158,price_proxy,,,,
2022-11-23,0.4615,0.2124,0,0.7985,price_proxy,,,,
2022-11-24,0.5589,0.2096,0,0.6523,price_proxy,,,,
2022-11-25,0.4961,0.1982,0,0.4937,price_proxy,,,,
2022-11-28,0.5,0.2004,0,0.5763,price_proxy,,,,
2022-11-29,0.5403,0.1998,0,0.4526,price_proxy,,,,
2022-11-30,0.5039,0.1987,0,0.5856,price_proxy,,,,
2022-12-01,0.4275,0.1965,0,1.1769,price_proxy,,,,
2022-12-02,0.4416,0.1973,0,0.5104,price_proxy,,,,
2022-12-05,0.496,0.1801,0,0.2454,price_proxy,,,,
2022-12-06,0.4407,0.1655,0,0.2949,price_proxy,,,,
2022-12-07,0.4176,0.1646,0,0.465,price_proxy,,,,
2022-12-08,0.4208,0.1622,0,0.5178,price_proxy,,,,
2022-12-09,0.488,0.1148,0,0.4695,price_proxy,,,,
2022-12-12,0.4246,0.1068,0,0.4732,price_proxy,,,,
2022-12-13,0.5407,0.0886,0,2.0566,price_proxy,,,,
2022-12-14,0.5982,0.0926,0,1.0181,price_proxy,,,,
2022-12-15,0.5742,0.0927,0,1.0329,price_proxy,,,,
2022-12-16,0.4718,0.096,0,0.7532,price_proxy,,,,
2022-12-19,0.5371,0.0949,0,0.3927,price_proxy,,,,
2022-12-20,0.4561,0.0934,0,0.5103,price_proxy,,,,
2022-12-21,0.3519,0.0937,0,1.253,price_proxy,,,,
2022-12-22,0.4364,0.092,0,1.1255,price_proxy,,,,
2022-12-23,0.4468,0.0928,0,0.7386,price_proxy,,,,
2022-12-26,0.4676,0.0949,0,0.6862,price_proxy,,,,
2022-12-27,0.4918,0.0951,0,1.0587,price_proxy,,,,
2022-12-28,0.4453,0.1089,0,1.1251,price_proxy,,,,
2022-12-29,0.3193,0.1156,0,1.3569,price_proxy,,,,
2023-01-02,0.3655,0.1157,0,0.8393,price_proxy,,,,
2023-01-03,0.356,0.1168,0,0.7509,price_proxy,,,,
2023-01-04,0.4508,0.1308,0,2.0176,price_proxy,,,,
2023-01-05,0.5346,0.1313,0,0.8757,price_proxy,,,,
2023-01-06,0.6806,0.1347,0,1.2452,price_proxy,,,,
2023-01-09,0.6577,0.1325,0,1.1581,price_proxy,,,,
2023-01-10,0.6463,0.131,0,1.3737,price_proxy,,,,
2023-01-11,0.563,0.1269,0,1.3495,price_proxy,,,,
2023-01-12,0.6277,0.1257,0,1.0283,price_proxy,,,,
2023-01-13,0.5828,0.1242,0,1.1522,price_proxy,,,,
2023-01-16,0.6002,0.1202,0,1.1371,price_proxy,,,,
2023-01-17,0.5702,0.1199,0,1.0396,price_proxy,,,,
2023-01-18,0.557,0.1197,0,0.7609,price_proxy,,,,
2023-01-19,0.528,0.1141,0,0.5801,price_proxy,,,,
2023-01-20,0.5477,0.1124,0,1.3385,price_proxy,,,,
2023-01-25,0.6471,0.1183,0,1.9093,price_proxy,,,,
2023-01-26,0.6557,0.1174,0,1.2877,price_proxy,,,,
2023-01-27,0.6267,0.118,0,0.6506,price_proxy,,,,
2023-01-30,0.5789,0.1024,0,1.1897,price_proxy,,,,
2023-01-31,0.5078,0.0923,0,1.041,price_proxy,,,,
2023-02-01,0.4333,0.0921,0,0.9316,price_proxy,,,,
2023-02-02,0.5259,0.101,0,1.7974,price_proxy,,,,
2023-02-03,0.5708,0.0878,0,1.5872,price_proxy,,,,
2023-02-06,0.5721,0.0895,0,0.7713,price_proxy,,,,
2023-02-07,0.7669,0.1118,0,2.5678,price_proxy,,,,
2023-02-08,0.7299,0.1115,0,0.9348,price_proxy,,,,
2023-02-09,0.5804,0.1167,0,1.3729,price_proxy,,,,
2023-02-10,0.5,0.121,0,0.7582,price_proxy,,,,
2023-02-13,0.5586,0.1204,0,0.691,price_proxy,,,,
2023-02-14,0.3908,0.1224,0,1.1397,price_proxy,,,,
2023-02-15,0.3557,0.1265,0,1.0913,price_proxy,,,,
2023-02-16,0.4649,0.1304,0,1.405,price_proxy,,,,
2023-02-17,0.4712,0.1331,0,0.6501,price_proxy,,,,
2023-02-20,0.4609,0.1331,0,0.4441,price_proxy,,,,
2023-02-21,0.4458,0.1353,0,0.4463,price_proxy,,,,
2023-02-22,0.4444,0.1283,0,0.9316,price_proxy,,,,
2023-02-23,0.4284,0.1316,0,0.651,price_proxy,,,,
2023-02-24,0.4672,0.1314,0,0.6494,price_proxy,,,,
2023-02-27,0.4274,0.1308,0,0.4039,price_proxy,,,,
2023-02-28,0.4666,0.129,0,0.509,price_proxy,,,,
2023-03-02,0.4924,0.1296,0,0.4788,price_proxy,,,,
2023-03-03,0.4592,0.1189,0,0.6637,price_proxy,,,,
2023-03-06,0.4889,0.1187,0,0.9869,price_proxy,,,,
2023-03-07,0.4962,0.1178,0,0.5284,price_proxy,,,,
2023-03-08,0.4623,0.0848,0,0.9564,price_proxy,,,,
2023-03-09,0.4847,0.0848,0,0.7472,price_proxy,,,,
2023-03-10,0.4167,0.0855,0,0.9891,price_proxy,,,,
2023-03-13,0.4328,0.0887,0,0.9577,price_proxy,,,,
2023-03-14,0.3679,0.0971,0,0.9653,price_proxy,,,,
2023-03-15,0.3885,0.0968,0,1.1432,price_proxy,,,,
2023-03-16,0.4923,0.1124,0,1.4592,price_proxy,,,,
2023-03-17,0.6937,0.1329,0,3.0273,price_proxy,,,,
2023-03-20,0.639,0.1311,0,1.0484,price_proxy,,,,
2023-03-21,0.6576,0.1367,0,0.9751,price_proxy,,,,
2023-03-22,0.7974,0.1473,0,1.1711,price_proxy,,,,
2023-03-23,0.6547,0.1449,0,1.104,price_proxy,,,,
2023-03-24,0.7198,0.1801,0,5.3141,price_proxy,,,,
2023-03-27,0.6661,0.1834,0,1.3861,price_proxy,,,,
2023-03-28,0.7659,0.1819,0,1.5826,price_proxy,,,,
2023-03-29,0.6667,0.1817,0,1.3776,price_proxy,,,,
2023-03-30,0.798,0.1847,0,3.1824,price_proxy,,,,
2023-03-31,0.5584,0.186,0,1.16,price_proxy,,,,
2023-04-03,0.5533,0.1902,0,1.1938,price_proxy,,,,
2023-04-04,0.4736,0.1936,0,0.9469,price_proxy,,,,
2023-04-05,0.428,0.1928,0,0.8576,price_proxy,,,,
2023-04-06,0.3125,0.1941,0,0.5792,price_proxy,,,,
2023-04-07,0.4495,0.2004,0,1.3188,price_proxy,,,,
2023-04-10,0.4805,0.2014,0,0.9648,price_proxy,,,,
2023-04-11,0.6273,0.1948,0,1.4679,price_proxy,,,,
2023-04-12,0.5747,0.2011,0,0.6487,price_proxy,,,,
2023-04-13,0.5966,0.1964,0,0.3779,price_proxy,,,,
2023-04-14,0.4385,0.184,0,0.7104,price_proxy,,,,
2023-04-17,0.4475,0.1844,0,0.6792,price_proxy,,,,
2023-04-18,0.3425,0.1803,0,0.4896,price_proxy,,,,
2023-04-19,0.4018,0.1714,0,0.7355,price_proxy,,,,
2023-04-20,0.3586,0.1736,0,0.7144,price_proxy,,,,
2023-04-21,0.4165,0.1302,0,0.7025,price_proxy,,,,
2023-04-24,0.4293,0.1277,0,0.284,price_proxy,,,,
2023-04-25,0.459,0.1272,0,0.4948,price_proxy,,,,
2023-04-26,0.4897,0.1271,0,1.0715,price_proxy,,,,
2023-04-27,0.546,0.1144,0,0.8573,price_proxy,,,,
2023-04-28,0.5105,0.1143,0,0.6123,price_proxy,,,,
2023-05-02,0.5314,0.1118,0,0.3817,price_proxy,,,,
2023-05-03,0.5489,0.1078,0,0.648,price_proxy,,,,
2023-05-04,0.4585,0.1134,0,0.8165,price_proxy,,,,
2023-05-08,0.5035,0.1152,0,0.5396,price_proxy,,,,
2023-05-09,0.4792,0.0899,0,0.6332,price_proxy,,,,
2023-05-10,0.445,0.0895,0,0.5892,price_proxy,,,,
2023-05-11,0.391,0.0757,0,0.9172,price_proxy,,,,
2023-05-12,0.4435,0.0674,0,0.9971,price_proxy,,,,
2023-05-15,0.3964,0.0675,0,1.2542,price_proxy,,,,
2023-05-16,0.4685,0.073,0,1.4989,price_proxy,,,,
2023-05-17,0.5212,0.0759,0,0.7765,price_proxy,,,,
2023-05-18,0.6153,0.0799,0,1.3045,price_proxy,,,,
2023-05-19,0.7291,0.092,0,2.2039,price_proxy,,,,
2023-05-22,0.7404,0.0855,0,1.2711,price_proxy,,,,
2023-05-23,0.7135,0.0849,0,0.7655,price_proxy,,,,
2023-05-24,0.6573,0.0857,0,0.6379,price_proxy,,,,
2023-05-25,0.5852,0.0865,0,1.4773,price_proxy,,,,
2023-05-26,0.5098,0.0864,0,1.1568,price_proxy,,,,
2023-05-30,0.5065,0.0863,0,1.7682,price_proxy,,,,
2023-05-31,0.5,0.0863,0,1.2335,price_proxy,,,,
2023-06-01,0.5421,0.0867,0,0.7783,price_proxy,,,,
2023-06-02,0.5621,0.0866,0,1.2078,price_proxy,,,,
2023-06-05,0.4805,0.0852,0,1.2092,price_proxy,,,,
2023-06-07,0.4838,0.0825,0,1.1645,price_proxy,,,,
2023-06-08,0.4904,0.0808,0,1.128,price_proxy,,,,
2023-06-09,0.4937,0.0802,0,1.0285,price_proxy,,,,
2023-06-12,0.5158,0.0755,0,0.7977,price_proxy,,,,
2023-06-13,0.6639,0.08,0,1.8754,price_proxy,,,,
2023-06-14,0.5948,0.089,0,1.0615,price_proxy,,,,
2023-06-15,0.6325,0.0905,0,1.3126,price_proxy,,,,
2023-06-16,0.6019,0.0902,0,0.9222,price_proxy,,,,
2023-06-19,0.5377,0.0915,0,0.8319,price_proxy,,,,
2023-06-20,0.5091,0.0831,0,1.075,price_proxy,,,,
2023-06-21,0.553,0.084,0,0.845,price_proxy,,,,
2023-06-22,0.4364,0.0902,0,0.6917,price_proxy,,,,
2023-06-23,0.4303,0.0898,0,0.657,price_proxy,,,,
2023-06-26,0.5185,0.0928,0,0.9073,price_proxy,,,,
2023-06-27,0.4849,0.0927,0,0.4635,price_proxy,,,,
2023-06-28,0.5608,0.097,0,1.3888,price_proxy,,,,
2023-06-29,0.6628,0.0981,0,1.2752,price_proxy,,,,
2023-06-30,0.635,0.1003,0,0.8062,price_proxy,,,,
2023-07-03,0.5642,0.101,0,0.9488,price_proxy,,,,
2023-07-04,0.5608,0.0922,0,0.6927,price_proxy,,,,
2023-07-05,0.4794,0.0937,0,0.8417,price_proxy,,,,
2023-07-06,0.3032,0.1234,0,2.0974,price_proxy,,,,
2023-07-07,0.2912,0.1247,0,1.3468,price_proxy,,,,
2023-07-10,0.2778,0.1245,0,0.6369,price_proxy,,,,
2023-07-11,0.3112,0.1198,0,0.5673,price_proxy,,,,
2023-07-12,0.3718,0.1193,0,0.6644,price_proxy,,,,
2023-07-13,0.5257,0.1146,0,1.0569,price_proxy,,,,
2023-07-14,0.5657,0.1146,0,1.5993,price_proxy,,,,
2023-07-17,0.7533,0.1389,0,3.5956,price_proxy,,,,
2023-07-18,0.6792,0.1376,0,1.0906,price_proxy,,,,
2023-07-19,0.6178,0.1375,0,1.0494,price_proxy,,,,
2023-07-20,0.6204,0.1335,0,0.7559,price_proxy,,,,
2023-07-21,0.5477,0.14,0,0.8326,price_proxy,,,,
2023-07-24,0.4053,0.137,0,0.7561,price_proxy,,,,
2023-07-25,0.4641,0.1386,0,0.934,price_proxy,,,,
2023-07-26,0.3947,0.141,0,1.3621,price_proxy,,,,
2023-07-27,0.5688,0.1765,0,1.631,price_proxy,,,,
2023-07-28,0.7764,0.1858,0,2.4893,price_proxy,,,,
2023-07-31,0.7764,0.1854,0,1.2787,price_proxy,,,,
2023-08-01,0.6918,0.187,0,1.0539,price_proxy,,,,
2023-08-02,0.6143,0.2045,0,1.4819,price_proxy,,,,
2023-08-03,0.396,0.1891,0,1.1048,price_proxy,,,,
2023-08-04,0.2817,0.1872,0,0.3856,price_proxy,,,,
2023-08-07,0.2899,0.186,0,0.4757,price_proxy,,,,
2023-08-08,0.2944,0.186,0,0.5815,price_proxy,,,,
2023-08-09,0.4249,0.1851,0,0.5329,price_proxy,,,,
2023-08-10,0.378,0.19,0,0.7822,price_proxy,,,,
2023-08-11,0.3836,0.1899,0,0.3641,price_proxy,,,,
2023-08-14,0.3659,0.1704,0,0.6295,price_proxy,,,,
2023-08-16,0.5155,0.1849,0,1.1789,price_proxy,,,,
2023-08-17,0.5655,0.1857,0,0.9241,price_proxy,,,,
2023-08-18,0.7013,0.1873,0,0.8783,price_proxy,,,,
2023-08-21,0.7179,0.1822,0,0.7238,price_proxy,,,,
2023-08-22,0.6699,0.185,0,0.6073,price_proxy,,,,
2023-08-23,0.5399,0.1839,0,0.5428,price_proxy,,,,
2023-08-24,0.5514,0.1789,0,0.8057,price_proxy,,,,
2023-08-25,0.382,0.1582,0,0.7395,price_proxy,,,,
2023-08-28,0.3798,0.1423,0,0.5137,price_proxy,,,,
2023-08-29,0.4639,0.1444,0,0.5448,price_proxy,,,,
2023-08-30,0.5181,0.1477,0,0.7628,price_proxy,,,,
2023-08-31,0.5265,0.1271,0,1.0119,price_proxy,,,,
2023-09-01,0.9451,0.1872,0,5.3188,price_proxy,,,,
2023-09-04,0.9119,0.1877,0,1.6469,price_proxy,,,,
2023-09-05,0.8037,0.1919,0,1.5348,price_proxy,,,,
2023-09-06,0.6761,0.1944,0,0.9497,price_proxy,,,,
2023-09-07,0.6483,0.1938,0,0.7043,price_proxy,,,,
2023-09-08,0.3769,0.1878,0,0.8311,price_proxy,,,,
2023-09-11,0.3862,0.188,0,0.6427,price_proxy,,,,
2023-09-12,0.5053,0.1889,0,1.2115,price_proxy,,,,
2023-09-13,0.5988,0.1797,0,1.8097,price_proxy,,,,
2023-09-14,0.7923,0.2079,0,3.3085,price_proxy,,,,
2023-09-15,0.8989,0.2091,0,1.9042,price_proxy,,,,
2023-09-18,0.906,0.2095,0,1.1159,price_proxy,,,,
2023-09-19,0.739,0.2127,0,0.7494,price_proxy,,,,
2023-09-20,0.6621,0.215,0,0.6044,price_proxy,,,,
2023-09-21,0.4055,0.218,0,0.6668,price_proxy,,,,
2023-09-22,0.3497,0.2036,0,0.7397,price_proxy,,,,
2023-09-25,0.4133,0.2045,0,0.776,price_proxy,,,,
2023-09-26,0.4953,0.2049,0,0.4458,price_proxy,,,,
2023-09-27,0.3646,0.2283,0,2.8956,price_proxy,,,,
2023-10-04,0.443,0.2276,0,0.9246,price_proxy,,,,
2023-10-05,0.4409,0.1789,0,0.5707,price_proxy,,,,
2023-10-06,0.388,0.1785,0,0.4181,price_proxy,,,,
2023-10-10,0.374,0.1755,0,0.4269,price_proxy,,,,
2023-10-11,0.6167,0.1748,0,0.6525,price_proxy,,,,
2023-10-12,0.648,0.1768,0,0.7446,price_proxy,,,,
2023-10-13,0.6371,0.176,0,0.6958,price_proxy,,,,
2023-10-16,0.5505,0.1816,0,0.5256,price_proxy,,,,
2023-10-17,0.6447,0.1831,0,0.5898,price_proxy,,,,
2023-10-18,0.5417,0.1841,0,0.3672,price_proxy,,,,
2023-10-19,0.3931,0.1514,0,0.7062,price_proxy,,,,
2023-10-20,0.4501,0.1496,0,0.8103,price_proxy,,,,
2023-10-23,0.4926,0.1501,0,0.5543,price_proxy,,,,
2023-10-24,0.4479,0.1462,0,0.6151,price_proxy,,,,
2023-10-25,0.5192,0.1466,0,0.904,price_proxy,,,,
2023-10-26,0.5151,0.1525,0,0.687,price_proxy,,,,
2023-10-27,0.405,0.1549,0,0.5923,price_proxy,,,,
2023-10-30,0.5,0.1552,0,0.4866,price_proxy,,,,
2023-10-31,0.3493,0.1668,0,1.0604,price_proxy,,,,
2023-11-01,0.4215,0.1562,0,0.9689,price_proxy,,,,
2023-11-02,0.6494,0.1705,0,1.6906,price_proxy,,,,
2023-11-03,0.7148,0.1705,0,0.7642,price_proxy,,,,
2023-11-06,0.7101,0.1729,0,1.3372,price_proxy,,,,
2023-11-07,0.8811,0.1725,0,1.1035,price_proxy,,,,
2023-11-08,0.7079,0.1712,0,1.2694,price_proxy,,,,
2023-11-09,0.5695,0.1686,0,0.4287,price_proxy,,,,
2023-11-10,0.5647,0.1686,0,0.665,price_proxy,,,,
2023-11-13,0.4687,0.1643,0,0.6477,price_proxy,,,,
2023-11-14,0.4205,0.16,0,0.4422,price_proxy,,,,
2023-11-15,0.5762,0.1719,0,1.7572,price_proxy,,,,
2023-11-16,0.5336,0.1655,0,0.6099,price_proxy,,,,
2023-11-17,0.5559,0.1637,0,1.4637,price_proxy,,,,
2023-11-20,0.5364,0.1656,0,0.7159,price_proxy,,,,
2023-11-21,0.4563,0.1752,0,2.0041,price_proxy,,,,
2023-11-22,0.3683,0.1746,0,0.8837,price_proxy,,,,
2023-11-23,0.3524,0.1699,0,0.9338,price_proxy,,,,
2023-11-24,0.3281,0.1669,0,0.5248,price_proxy,,,,
2023-11-27,0.375,0.1634,0,0.5618,price_proxy,,,,
2023-11-28,0.5212,0.1494,0,1.1403,price_proxy,,,,
2023-11-29,0.4838,0.1363,0,0.4341,price_proxy,,,,
2023-11-30,0.5571,0.1159,0,0.6106,price_proxy,,,,
2023-12-01,0.5857,0.1166,0,1.2761,price_proxy,,,,
2023-12-04,0.5333,0.1141,0,0.9911,price_proxy,,,,
2023-12-05,0.314,0.1437,0,3.0035,price_proxy,,,,
2023-12-06,0.3508,0.1457,0,0.9484,price_proxy,,,,
2023-12-07,0.3312,0.1455,0,0.6963,price_proxy,,,,
2023-12-08,0.3151,0.1457,0,1.1904,price_proxy,,,,
2023-12-11,0.3642,0.1454,0,1.0239,price_proxy,,,,
2023-12-12,0.5385,0.1452,0,0.9626,price_proxy,,,,
2023-12-13,0.5252,0.1252,0,0.7972,price_proxy,,,,
2023-12-14,0.5707,0.1274,0,0.8291,price_proxy,,,,
2023-12-15,0.5528,0.126,0,1.4787,price_proxy,,,,
2023-12-18,0.5101,0.1251,0,1.1333,price_proxy,,,,
2023-12-19,0.5,0.1147,0,0.7535,price_proxy,,,,
2023-12-20,0.4826,0.1128,0,0.6748,price_proxy,,,,
2023-12-21,0.422,0.11,0,0.6982,price_proxy,,,,
2023-12-22,0.4338,0.1101,0,0.6312,price_proxy,,,,
2023-12-26,0.4375,0.1111,0,0.6867,price_proxy,,,,
2023-12-27,0.5403,0.12,0,1.447,price_proxy,,,,
2023-12-28,0.5477,0.1204,0,0.6963,price_proxy,,,,
2024-01-02,0.5939,0.1207,0,0.7415,price_proxy,,,,
2024-01-03,0.5583,0.1203,0,0.6899,price_proxy,,,,
2024-01-04,0.5852,0.1179,0,0.4869,price_proxy,,,,
2024-01-05,0.5049,0.0714,0,0.7592,price_proxy,,,,
2024-01-08,0.4902,0.0692,0,0.5273,price_proxy,,,,
2024-01-09,0.4733,0.0691,0,1.0415,price_proxy,,,,
2024-01-10,0.4828,0.0703,0,0.6384,price_proxy,,,,
2024-01-11,0.5743,0.0823,0,1.3845,price_proxy,,,,
2024-01-12,0.5886,0.0828,0,1.8973,price_proxy,,,,
2024-01-15,0.5936,0.0824,0,1.0081,price_proxy,,,,
2024-01-16,0.5,0.093,0,1.0812,price_proxy,,,,
2024-01-17,0.5472,0.0937,0,0.9873,price_proxy,,,,
2024-01-18,0.4761,0.091,0,0.7919,price_proxy,,,,
2024-01-19,0.5565,0.1061,0,1.5503,price_proxy,,,,
2024-01-22,0.5847,0.1065,0,1.4428,price_proxy,,,,
2024-01-23,0.6278,0.1093,0,0.748,price_proxy,,,,
2024-01-24,0.5825,0.1103,0,0.6611,price_proxy,,,,
2024-01-25,0.7512,0.1373,0,3.4872,price_proxy,,,,
2024-01-26,0.484,0.1553,0,1.3425,price_proxy,,,,
2024-01-29,0.4684,0.1553,0,0.875,price_proxy,,,,
2024-01-30,0.5092,0.1552,0,1.0983,price_proxy,,,,
2024-01-31,0.4674,0.1579,0,0.5418,price_proxy,,,,
2024-02-01,0.1974,0.1724,0,1.287,price_proxy,,,,
2024-02-02,0.2714,0.1751,0,1.5178,price_proxy,,,,
2024-02-05,0.0,0.2349,0,4.4075,price_proxy,,,,
2024-02-06,0.0839,0.245,0,2.1588,price_proxy,,,,
2024-02-07,0.1161,0.245,0,0.5663,price_proxy,,,,
2024-02-08,0.2522,0.2406,0,0.7988,price_proxy,,,,
2024-02-13,0.3331,0.2408,0,0.8511,price_proxy,,,,
2024-02-14,0.7055,0.2428,0,0.7091,price_proxy,,,,
2024-02-15,0.5493,0.24,0,0.6231,price_proxy,,,,
2024-02-16,0.5147,0.2401,0,0.7829,price_proxy,,,,
2024-02-19,0.474,0.2397,0,0.3772,price_proxy,,,,
2024-02-20,0.5882,0.2463,0,2.2365,price_proxy,,,,
2024-02-21,0.5362,0.2451,0,0.5505,price_proxy,,,,
2024-02-22,0.6246,0.2469,0,0.5393,price_proxy,,,,
2024-02-23,0.7445,0.2494,0,1.3044,price_proxy,,,,
2024-02-26,0.693,0.229,0,0.3085,price_proxy,,,,
2024-02-27,0.4728,0.2207,0,0.4364,price_proxy,,,,
2024-02-28,0.571,0.2278,0,0.8515,price_proxy,,,,
2024-02-29,0.508,0.2278,0,0.5834,price_proxy,,,,
2024-03-04,0.4844,0.2273,0,0.5455,price_proxy,,,,
2024-03-05,0.404,0.2285,0,1.046,price_proxy,,,,
2024-03-06,0.5028,0.2274,0,0.5971,price_proxy,,,,
2024-03-07,0.4525,0.1567,0,1.1404,price_proxy,,,,
2024-03-08,0.4389,0.1477,0,0.7227,price_proxy,,,,
2024-03-11,0.3876,0.1477,0,0.5081,price_proxy,,,,
2024-03-12,0.5448,0.1473,0,0.4644,price_proxy,,,,
2024-03-13,0.4945,0.1473,0,0.5924,price_proxy,,,,
2024-03-14,0.4189,0.1468,0,0.7078,price_proxy,,,,
2024-03-15,0.4123,0.1467,0,0.9677,price_proxy,,,,
2024-03-18,0.4335,0.1436,0,0.7128,price_proxy,,,,
2024-03-19,0.4534,0.145,0,0.5819,price_proxy,,,,
2024-03-20,0.5111,0.1237,0,1.0602,price_proxy,,,,
2024-03-21,0.8352,0.1935,0,5.4669,price_proxy,,,,
2024-03-22,0.7923,0.1974,0,1.4556,price_proxy,,,,
2024-03-25,0.7292,0.1982,0,0.6684,price_proxy,,,,
2024-03-26,0.716,0.1961,0,0.8341,price_proxy,,,,
2024-03-27,0.8356,0.205,0,2.5611,price_proxy,,,,
2024-03-28,0.5555,0.2006,0,1.0632,price_proxy,,,,
2024-03-29,0.7,0.2019,0,1.0244,price_proxy,,,,
2024-04-01,0.6671,0.2086,0,1.0278,price_proxy,,,,
2024-04-02,0.6392,0.1925,0,0.7954,price_proxy,,,,
2024-04-03,0.4741,0.1932,0,0.6978,price_proxy,,,,
2024-04-04,0.6831,0.2212,0,2.0182,price_proxy,,,,
2024-04-05,0.7705,0.2285,0,2.7836,price_proxy,,,,
2024-04-08,0.882,0.2268,0,1.4742,price_proxy,,,,
2024-04-09,0.7959,0.2332,0,0.673,price_proxy,,,,
2024-04-11,0.8437,0.2316,0,0.5273,price_proxy,,,,
2024-04-12,0.5774,0.2313,0,0.5242,price_proxy,,,,
2024-04-15,0.5701,0.2349,0,1.0902,price_proxy,,,,
2024-04-16,0.5518,0.2353,0,0.9816,price_proxy,,,,
2024-04-17,0.6485,0.2355,0,0.7641,price_proxy,,,,
2024-04-18,0.5855,0.2388,0,0.4943,price_proxy,,,,
2024-04-19,0.5166,0.2066,0,0.6934,price_proxy,,,,
2024-04-22,0.413,0.2008,0,0.751,price_proxy,,,,
2024-04-23,0.4068,0.1972,0,0.3492,price_proxy,,,,
2024-04-24,0.5345,0.2096,0,1.5444,price_proxy,,,,
2024-04-25,0.5625,0.1998,0,0.6606,price_proxy,,,,
2024-04-26,0.7094,0.1997,0,0.6984,price_proxy,,,,
2024-04-29,0.7042,0.1984,0,0.7391,price_proxy,,,,
2024-04-30,0.6833,0.192,0,0.5698,price_proxy,,,,
2024-05-02,0.5075,0.1929,0,0.4612,price_proxy,,,,
2024-05-03,0.5985,0.1938,0,0.619,price_proxy,,,,
2024-05-07,0.6413,0.1653,0,0.6434,price_proxy,,,,
2024-05-08,0.4596,0.1725,0,1.1343,price_proxy,,,,
2024-05-09,0.4739,0.1731,0,0.83,price_proxy,,,,
2024-05-10,0.3553,0.1847,0,0.9345,price_proxy,,,,
2024-05-13,0.3032,0.1847,0,0.4089,price_proxy,,,,
2024-05-14,0.1493,0.1916,0,0.9398,price_proxy,,,,
2024-05-16,0.2697,0.1747,0,1.0901,price_proxy,,,,
2024-05-17,0.2902,0.1748,0,0.5943,price_proxy,,,,
2024-05-20,0.4838,0.1786,0,0.5274,price_proxy,,,,
2024-05-21,0.4399,0.1781,0,0.6507,price_proxy,,,,
2024-05-22,0.5337,0.1703,0,0.412,price_proxy,,,,
2024-05-23,0.5868,0.171,0,0.5942,price_proxy,,,,
2024-05-24,0.6162,0.1715,0,0.9191,price_proxy,,,,
2024-05-27,0.6614,0.1604,0,1.1877,price_proxy,,,,
2024-05-28,0.8323,0.1755,0,3.4712,price_proxy,,,,
2024-05-29,0.8768,0.1752,0,1.4383,price_proxy,,,,
2024-05-30,0.7718,0.1774,0,0.8767,price_proxy,,,,
2024-05-31,0.5319,0.2025,0,1.2145,price_proxy,,,,
2024-06-03,0.3715,0.2043,0,0.6641,price_proxy,,,,
2024-06-04,0.2735,0.1991,0,0.4864,price_proxy,,,,
2024-06-05,0.2073,0.1937,0,0.65,price_proxy,,,,
2024-06-07,0.325,0.1859,0,0.8837,price_proxy,,,,
2024-06-10,0.5039,0.1857,0,0.3923,price_proxy,,,,
2024-06-11,0.5202,0.1721,0,0.4557,price_proxy,,,,
2024-06-12,0.5599,0.1748,0,0.6564,price_proxy,,,,
2024-06-13,0.6429,0.1657,0,1.5519,price_proxy,,,,
2024-06-14,0.4883,0.1702,0,0.7117,price_proxy,,,,
2024-06-17,0.4529,0.1721,0,0.4087,price_proxy,,,,
2024-06-18,0.664,0.1912,0,1.0632,price_proxy,,,,
2024-06-19,0.6202,0.1904,0,0.7828,price_proxy,,,,
2024-06-20,0.5571,0.1913,0,0.9448,price_proxy,,,,
2024-06-21,0.5709,0.1935,0,0.571,price_proxy,,,,
2024-06-24,0.6245,0.193,0,0.4089,price_proxy,,,,
2024-06-25,0.3965,0.1869,0,0.4918,price_proxy,,,,
2024-06-26,0.4269,0.1736,0,0.9119,price_proxy,,,,
2024-06-27,0.4333,0.1725,0,0.479,price_proxy,,,,
2024-06-28,0.3878,0.1777,0,1.0355,price_proxy,,,,
2024-07-01,0.4282,0.1527,0,0.7957,price_proxy,,,,
2024-07-02,0.4766,0.1497,0,0.619,price_proxy,,,,
2024-07-03,0.3083,0.1627,0,1.6523,price_proxy,,,,
2024-07-04,0.4157,0.1698,0,1.3715,price_proxy,,,,
2024-07-05,0.5423,0.1641,0,1.2542,price_proxy,,,,
2024-07-08,0.4765,0.1643,0,0.525,price_proxy,,,,
2024-07-09,0.4546,0.1639,0,1.0595,price_proxy,,,,
2024-07-10,0.5231,0.1623,0,1.082,price_proxy,,,,
2024-07-11,0.432,0.1608,0,0.8552,price_proxy,,,,
2024-07-12,0.4487,0.1598,0,1.1274,price_proxy,,,,
2024-07-15,0.4127,0.1605,0,0.7102,price_proxy,,,,
2024-07-16,0.5505,0.1422,0,1.7702,price_proxy,,,,
2024-07-17,0.4461,0.1614,0,1.9719,price_proxy,,,,
2024-07-18,0.4731,0.163,0,1.4244,price_proxy,,,,
2024-07-19,0.3907,0.1623,0,0.4261,price_proxy,,,,
2024-07-22,0.3402,0.1685,0,1.0353,price_proxy,,,,
2024-07-23,0.252,0.1671,0,0.6934,price_proxy,,,,
2024-07-24,0.4062,0.1633,0,0.4749,price_proxy,,,,
2024-07-25,0.2775,0.1702,0,1.0997,price_proxy,,,,
2024-07-26,0.3158,0.1647,0,0.504,price_proxy,,,,
2024-07-29,0.4797,0.167,0,0.7548,price_proxy,,,,
2024-07-30,0.4528,0.167,0,0.8171,price_proxy,,,,
2024-07-31,0.5492,0.168,0,1.3268,price_proxy,,,,
2024-08-01,0.7243,0.1619,0,1.1434,price_proxy,,,,
2024-08-02,0.5991,0.17,0,1.4278,price_proxy,,,,
2024-08-05,0.2677,0.2138,0,1.7328,price_proxy,,,,
2024-08-06,0.2814,0.2139,0,1.9922,price_proxy,,,,
2024-08-07,0.3013,0.228,0,1.3423,price_proxy,,,,
2024-08-08,0.1773,0.2309,0,0.9545,price_proxy,,,,
2024-08-09,0.4528,0.2565,0,1.7263,price_proxy,,,,
2024-08-12,0.75,0.2558,0,0.66,price_proxy,,,,
2024-08-13,0.7636,0.2478,0,0.4055,price_proxy,,,,
2024-08-14,0.8273,0.257,0,2.1199,price_proxy,,,,
2024-08-16,1.0,0.268,0,1.8461,price_proxy,,,,
2024-08-19,0.8383,0.2675,0,0.433,price_proxy,,,,
2024-08-20,0.7635,0.2629,0,0.5881,price_proxy,,,,
2024-08-21,0.7671,0.2629,0,0.577,price_proxy,,,,
2024-08-22,0.575,0.2629,0,0.5014,price_proxy,,,,
2024-08-23,0.407,0.2555,0,0.3521,price_proxy,,,,
2024-08-26,0.437,0.2555,0,0.5389,price_proxy,,,,
2024-08-27,0.4433,0.2561,0,0.5521,price_proxy,,,,
2024-08-28,0.5463,0.2612,0,0.8548,price_proxy,,,,
2024-08-29,0.3253,0.2827,0,1.5431,price_proxy,,,,
2024-08-30,0.3659,0.2813,0,0.7567,price_proxy,,,,
2024-09-02,0.2846,0.2788,0,0.6803,price_proxy,,,,
2024-09-03,0.2375,0.2465,0,0.6791,price_proxy,,,,
2024-09-04,0.0098,0.2625,0,1.6531,price_proxy,,,,
2024-09-05,0.1524,0.2531,0,1.0725,price_proxy,,,,
2024-09-06,0.1362,0.2493,0,0.5626,price_proxy,,,,
2024-09-09,0.1948,0.2222,0,0.7723,price_proxy,,,,
2024-09-10,0.2458,0.2224,0,0.858,price_proxy,,,,
2024-09-11,0.3514,0.2227,0,1.0325,price_proxy,,,,
2024-09-12,0.5559,0.218,0,2.1935,price_proxy,,,,
2024-09-13,0.516,0.1964,0,0.928,price_proxy,,,,
2024-09-19,0.4543,0.1982,0,0.8393,price_proxy,,,,
2024-09-20,0.5412,0.2017,0,0.9339,price_proxy,,,,
2024-09-23,0.6549,0.206,0,0.8428,price_proxy,,,,
2024-09-24,0.5648,0.2133,0,0.9431,price_proxy,,,,
2024-09-25,0.5317,0.215,0,0.8285,price_proxy,,,,
2024-09-26,0.6623,0.2176,0,1.1478,price_proxy,,,,
2024-09-27,0.5781,0.2172,0,0.7893,price_proxy,,,,
2024-09-30,0.4843,0.2035,0,0.7117,price_proxy,,,,
2024-10-02,0.362,0.1764,0,1.0164,price_proxy,,,,
2024-10-04,0.461,0.1773,0,0.8214,price_proxy,,,,
2024-10-07,0.4618,0.176,0,0.6798,price_proxy,,,,
2024-10-08,0.4767,0.1691,0,0.4274,price_proxy,,,,
2024-10-10,0.4605,0.1483,0,0.8201,price_proxy,,,,
2024-10-11,0.535,0.1475,0,0.7683,price_proxy,,,,
2024-10-14,0.5531,0.1498,0,0.7271,price_proxy,,,,
2024-10-15,0.5233,0.1493,0,0.7479,price_proxy,,,,
2024-10-16,0.3768,0.1729,0,2.9039,price_proxy,,,,
2024-10-17,0.4301,0.1708,0,1.3218,price_proxy,,,,
2024-10-18,0.3331,0.1454,0,1.5506,price_proxy,,,,
2024-10-21,0.3217,0.1465,0,0.8653,price_proxy,,,,
2024-10-22,0.2718,0.1421,0,0.8364,price_proxy,,,,
2024-10-23,0.5251,0.1503,0,1.4779,price_proxy,,,,
2024-10-24,0.4916,0.1469,0,0.7577,price_proxy,,,,
2024-10-25,0.526,0.139,0,0.818,price_proxy,,,,
2024-10-28,0.5369,0.1385,0,0.5359,price_proxy,,,,
2024-10-29,0.5608,0.1357,0,0.6499,price_proxy,,,,
2024-10-30,0.4724,0.1352,0,0.4931,price_proxy,,,,
2024-10-31,0.5923,0.144,0,1.2345,price_proxy,,,,
2024-11-01,0.6312,0.1419,0,1.0705,price_proxy,,,,
2024-11-04,0.578,0.1408,0,0.8203,price_proxy,,,,
2024-11-05,0.5478,0.1404,0,0.5325,price_proxy,,,,
2024-11-06,0.5587,0.1407,0,0.572,price_proxy,,,,
2024-11-07,0.4679,0.1382,0,0.6496,price_proxy,,,,
2024-11-08,0.5054,0.1386,0,0.9074,price_proxy,,,,
2024-11-11,0.4276,0.1418,0,0.6029,price_proxy,,,,
2024-11-12,0.4534,0.1414,0,0.6447,price_proxy,,,,
2024-11-13,0.4293,0.1115,0,1.2062,price_proxy,,,,
2024-11-14,0.4049,0.1122,0,1.1241,price_proxy,,,,
2024-11-15,0.3718,0.1051,0,1.6978,price_proxy,,,,
2024-11-18,0.3526,0.1159,0,1.3849,price_proxy,,,,
2024-11-19,0.368,0.1143,0,0.75,price_proxy,,,,
2024-11-20,0.3761,0.0994,0,0.5723,price_proxy,,,,
2024-11-21,0.4087,0.0992,0,0.7466,price_proxy,,,,
2024-11-22,0.5171,0.1158,0,1.4657,price_proxy,,,,
2024-11-25,0.6532,0.1139,0,1.3029,price_proxy,,,,
2024-11-26,0.6895,0.1146,0,1.0219,price_proxy,,,,
2024-11-27,0.6141,0.1201,0,0.7273,price_proxy,,,,
2024-11-28,0.5389,0.1123,0,1.0218,price_proxy,,,,
2024-11-29,0.3897,0.1136,0,0.8146,price_proxy,,,,
2024-12-02,0.2768,0.1215,0,0.9347,price_proxy,,,,
2024-12-03,0.3736,0.1456,0,1.1447,price_proxy,,,,
2024-12-04,0.4858,0.1481,0,0.9516,price_proxy,,,,
2024-12-05,0.676,0.1628,0,1.6238,price_proxy,,,,
2024-12-06,0.6257,0.1681,0,1.6049,price_proxy,,,,
2024-12-09,0.6476,0.1672,0,1.1033,price_proxy,,,,
2024-12-10,0.4824,0.1673,0,1.3746,price_proxy,,,,
2024-12-11,0.4285,0.1673,0,0.7597,price_proxy,,,,
2024-12-12,0.3302,0.1671,0,1.9167,price_proxy,,,,
2024-12-13,0.4099,0.1671,0,0.9533,price_proxy,,,,
2024-12-16,0.4883,0.158,0,0.7648,price_proxy,,,,
2024-12-17,0.5503,0.159,0,1.2089,price_proxy,,,,
2024-12-18,0.5178,0.1606,0,2.4145,price_proxy,,,,
2024-12-19,0.3733,0.1753,0,1.2736,price_proxy,,,,
2024-12-20,0.2935,0.1677,0,1.0551,price_proxy,,,,
2024-12-23,0.3618,0.1741,0,0.7501,price_proxy,,,,
2024-12-24,0.3442,0.1734,0,1.1388,price_proxy,,,,
2024-12-26,0.3147,0.1736,0,0.5943,price_proxy,,,,
2024-12-27,0.456,0.1718,0,0.6881,price_proxy,,,,
2024-12-30,0.5592,0.1711,0,0.842,price_proxy,,,,
2025-01-02,0.4684,0.1641,0,0.3712,price_proxy,,,,
2025-01-03,0.5313,0.1516,0,1.2836,price_proxy,,,,
2025-01-06,0.8112,0.1838,0,1.518,price_proxy,,,,
2025-01-07,0.8119,0.1716,0,1.4125,price_proxy,,,,
2025-01-08,0.9249,0.1748,0,1.409,price_proxy,,,,
2025-01-09,0.9141,0.1696,0,0.5945,price_proxy,,,,
2025-01-10,0.7958,0.1693,0,0.5141,price_proxy,,,,
2025-01-13,0.5449,0.1716,0,0.4028,price_proxy,,,,
2025-01-14,0.5334,0.1715,0,0.3496,price_proxy,,,,
2025-01-15,0.3867,0.1735,0,0.7141,price_proxy,,,,
2025-01-16,0.4255,0.1737,0,0.3946,price_proxy,,,,
2025-01-17,0.5349,0.179,0,1.0674,price_proxy,,,,
2025-01-20,0.5357,0.1794,0,0.4966,price_proxy,,,,
2025-01-21,0.5958,0.1636,0,0.7606,price_proxy,,,,
2025-01-22,0.6508,0.1523,0,1.2012,price_proxy,,,,
2025-01-23,0.6796,0.1496,0,1.2817,price_proxy,,,,
2025-01-24,0.5871,0.1499,0,0.9518,price_proxy,,,,
2025-01-31,0.4892,0.1648,0,0.9455,price_proxy,,,,
2025-02-03,0.312,0.1805,0,0.7597,price_proxy,,,,
2025-02-04,0.3208,0.1805,0,0.7728,price_proxy,,,,
2025-02-05,0.3175,0.1809,0,0.4973,price_proxy,,,,
2025-02-06,0.409,0.1837,0,0.8093,price_proxy,,,,
2025-02-07,0.5867,0.1546,0,0.7631,price_proxy,,,,
2025-02-10,0.8141,0.1599,0,1.2588,price_proxy,,,,
2025-02-11,0.7282,0.1535,0,0.6622,price_proxy,,,,
2025-02-12,0.7064,0.1534,0,0.5717,price_proxy,,,,
2025-02-13,0.5848,0.1531,0,0.8178,price_proxy,,,,
2025-02-14,0.5675,0.1507,0,0.8611,price_proxy,,,,
2025-02-17,0.5548,0.1544,0,1.3225,price_proxy,,,,
2025-02-18,0.733,0.16,0,2.8498,price_proxy,,,,
2025-02-19,0.8085,0.1647,0,3.6729,price_proxy,,,,
2025-02-20,0.8177,0.1605,0,0.8813,price_proxy,,,,
2025-02-21,0.7387,0.161,0,1.0735,price_proxy,,,,
2025-02-24,0.6673,0.1591,0,0.9742,price_proxy,,,,
2025-02-25,0.5711,0.159,0,0.5558,price_proxy,,,,
2025-02-26,0.4452,0.1601,0,0.4835,price_proxy,,,,
2025-02-27,0.4737,0.1602,0,0.822,price_proxy,,,,
2025-02-28,0.3855,0.16,0,1.2698,price_proxy,,,,
2025-03-04,0.3523,0.1441,0,0.51,price_proxy,,,,
2025-03-05,0.3826,0.1453,0,0.6847,price_proxy,,,,
2025-03-06,0.3108,0.1595,0,0.8242,price_proxy,,,,
2025-03-07,0.3044,0.1509,0,0.8764,price_proxy,,,,
2025-03-10,0.4,0.1514,0,0.521,price_proxy,,,,
2025-03-11,0.413,0.1447,0,0.7806,price_proxy,,,,
2025-03-12,0.4035,0.1431,0,0.8489,price_proxy,,,,
2025-03-13,0.5299,0.1429,0,1.5425,price_proxy,,,,
2025-03-14,0.6108,0.1514,0,1.0268,price_proxy,,,,
2025-03-17,0.6529,0.1512,0,0.7014,price_proxy,,,,
2025-03-18,0.6212,0.1492,0,0.5264,price_proxy,,,,
2025-03-19,0.636,0.1394,0,0.6835,price_proxy,,,,
2025-03-20,0.6397,0.1299,0,0.7732,price_proxy,,,,
2025-03-21,0.6004,0.1345,0,1.2402,price_proxy,,,,
2025-03-24,0.5442,0.1348,0,0.3927,price_proxy,,,,
2025-03-25,0.5,0.1421,0,1.0481,price_proxy,,,,
2025-03-26,0.3843,0.1444,0,1.3941,price_proxy,,,,
2025-03-27,0.319,0.1454,0,0.4881,price_proxy,,,,
2025-03-28,0.2422,0.1441,0,0.5022,price_proxy,,,,
2025-03-31,0.238,0.1299,0,0.9213,price_proxy,,,,
2025-04-01,0.3833,0.1364,0,0.5402,price_proxy,,,,
2025-04-02,0.4091,0.1335,0,0.6429,price_proxy,,,,
2025-04-03,0.427,0.1222,0,0.7005,price_proxy,,,,
2025-04-04,0.2577,0.1588,0,2.798,price_proxy,,,,
2025-04-07,0.2012,0.1674,0,1.3163,price_proxy,,,,
2025-04-08,0.1485,0.1681,0,0.5607,price_proxy,,,,
2025-04-09,0.1577,0.1646,0,0.5126,price_proxy,,,,
2025-04-10,0.3458,0.1994,0,1.252,price_proxy,,,,
2025-04-11,0.4826,0.1907,0,1.4638,price_proxy,,,,
2025-04-14,0.6171,0.191,0,0.4775,price_proxy,,,,
2025-04-15,0.6227,0.1914,0,0.5661,price_proxy,,,,
2025-04-16,0.559,0.1897,0,0.5847,price_proxy,,,,
2025-04-17,0.3924,0.1893,0,0.4163,price_proxy,,,,
2025-04-18,0.4619,0.1839,0,0.4635,price_proxy,,,,
2025-04-21,0.4476,0.184,0,0.6453,price_proxy,,,,
2025-04-22,0.3699,0.1823,0,1.0069,price_proxy,,,,
2025-04-23,0.5875,0.2003,0,1.1504,price_proxy,,,,
2025-04-24,0.5629,0.1994,0,0.7575,price_proxy,,,,
2025-04-25,0.5955,0.201,0,0.808,price_proxy,,,,
2025-04-28,0.5299,0.2019,0,1.054,price_proxy,,,,
2025-04-29,0.6144,0.1971,0,0.6477,price_proxy,,,,
2025-04-30,0.4653,0.1967,0,0.67,price_proxy,,,,
2025-05-02,0.4855,0.1967,0,0.5416,price_proxy,,,,
2025-05-07,0.4544,0.166,0,0.7217,price_proxy,,,,
2025-05-08,0.5029,0.1532,0,1.0268,price_proxy,,,,
2025-05-09,0.4708,0.1537,0,0.6556,price_proxy,,,,
2025-05-12,0.6147,0.1672,0,1.7033,price_proxy,,,,
2025-05-13,0.6199,0.1337,0,1.935,price_proxy,,,,
2025-05-14,0.6662,0.1301,0,1.1419,price_proxy,,,,
2025-05-15,0.4618,0.1725,0,5.4062,price_proxy,,,,
2025-05-16,0.4941,0.1725,0,1.0413,price_proxy,,,,
2025-05-19,0.2803,0.1742,0,1.8645,price_proxy,,,,
2025-05-20,0.2628,0.1739,0,0.8425,price_proxy,,,,
2025-05-21,0.2281,0.174,0,0.8986,price_proxy,,,,
2025-05-22,0.3921,0.1748,0,0.7374,price_proxy,,,,
2025-05-23,0.3542,0.1719,0,0.7103,price_proxy,,,,
2025-05-26,0.5063,0.1572,0,0.6101,price_proxy,,,,
2025-05-27,0.5031,0.1572,0,0.3791,price_proxy,,,,
2025-05-28,0.5093,0.1558,0,0.904,price_proxy,,,,
2025-05-29,0.6141,0.1571,0,1.447,price_proxy,,,,
2025-05-30,0.5835,0.1594,0,0.9065,price_proxy,,,,
2025-06-02,0.5343,0.1595,0,0.4965,price_proxy,,,,
2025-06-04,0.5594,0.1597,0,0.8958,price_proxy,,,,
2025-06-05,0.6085,0.1636,0,1.3163,price_proxy,,,,
2025-06-09,0.557,0.1635,0,0.9658,price_proxy,,,,
2025-06-10,0.6294,0.1632,0,0.6729,price_proxy,,,,
2025-06-11,0.7787,0.1682,0,2.1926,price_proxy,,,,
2025-06-12,0.7307,0.1687,0,1.0966,price_proxy,,,,
2025-06-13,0.6029,0.1691,0,0.8548,price_proxy,,,,
2025-06-16,0.57,0.1266,0,0.5664,price_proxy,,,,
2025-06-17,0.6042,0.1284,0,1.252,price_proxy,,,,
2025-06-18,0.5161,0.1176,0,1.1875,price_proxy,,,,
2025-06-19,0.5354,0.1177,0,0.7023,price_proxy,,,,
2025-06-20,0.6594,0.1203,0,1.4546,price_proxy,,,,
2025-06-23,0.6155,0.1233,0,0.6829,price_proxy,,,,
2025-06-24,0.6513,0.1253,0,0.8287,price_proxy,,,,
2025-06-25,0.6173,0.1237,0,1.2506,price_proxy,,,,
2025-06-26,0.6203,0.1235,0,0.9142,price_proxy,,,,
2025-06-27,0.5259,0.1262,0,0.7734,price_proxy,,,,
2025-06-30,0.5826,0.1237,0,0.4765,price_proxy,,,,
2025-07-01,0.4795,0.1192,0,0.8396,price_proxy,,,,
2025-07-02,0.4043,0.1241,0,0.8822,price_proxy,,,,
2025-07-03,0.6715,0.1865,0,3.3208,price_proxy,,,,
2025-07-04,0.702,0.186,0,1.1516,price_proxy,,,,
2025-07-07,0.6765,0.1877,0,0.5008,price_proxy,,,,
2025-07-08,0.7119,0.1878,0,0.8068,price_proxy,,,,
2025-07-09,0.6931,0.1781,0,0.7904,price_proxy,,,,
2025-07-10,0.3815,0.1798,0,0.73,price_proxy,,,,
2025-07-11,0.4512,0.1788,0,1.1645,price_proxy,,,,
2025-07-14,0.4483,0.1796,0,0.4593,price_proxy,,,,
2025-07-15,0.5,0.1807,0,1.2677,price_proxy,,,,
2025-07-16,0.6954,0.1883,0,3.1541,price_proxy,,,,
2025-07-17,0.779,0.1878,0,1.8227,price_proxy,,,,
2025-07-18,0.6881,0.1869,0,1.2025,price_proxy,,,,
2025-07-21,0.7316,0.1825,0,0.6328,price_proxy,,,,
2025-07-22,0.5607,0.1889,0,1.0152,price_proxy,,,,
2025-07-23,0.4055,0.1903,0,0.8794,price_proxy,,,,
2025-07-24,0.3397,0.1922,0,0.4098,price_proxy,,,,
2025-07-25,0.3303,0.1918,0,0.2177,price_proxy,,,,
2025-07-28,0.3768,0.1939,0,0.9412,price_proxy,,,,
2025-07-29,0.4932,0.1932,0,0.6726,price_proxy,,,,
2025-07-30,0.6292,0.1951,0,1.8564,price_proxy,,,,
2025-07-31,0.6084,0.1377,0,0.7003,price_proxy,,,,
2025-08-01,0.4952,0.154,0,0.7482,price_proxy,,,,
2025-08-04,0.424,0.1536,0,0.6433,price_proxy,,,,
2025-08-05,0.4181,0.1538,0,0.3504,price_proxy,,,,
2025-08-06,0.305,0.1505,0,1.0468,price_proxy,,,,
2025-08-07,0.3905,0.1488,0,0.4848,price_proxy,,,,
2025-08-08,0.5954,0.1494,0,1.1294,price_proxy,,,,
2025-08-11,0.7156,0.1571,0,1.0451,price_proxy,,,,
2025-08-12,0.7776,0.1582,0,1.6998,price_proxy,,,,
2025-08-13,0.8914,0.1495,0,1.7891,price_proxy,,,,
2025-08-14,0.9019,0.15,0,1.2287,price_proxy,,,,
2025-08-18,0.748,0.1537,0,0.8583,price_proxy,,,,
2025-08-19,0.6297,0.1539,0,0.7586,price_proxy,,,,
2025-08-20,0.5521,0.1435,0,0.8369,price_proxy,,,,
2025-08-21,0.4839,0.1413,0,0.9035,price_proxy,,,,
2025-08-22,0.3898,0.1433,0,0.9703,price_proxy,,,,
2025-08-25,0.4838,0.1428,0,0.5457,price_proxy,,,,
2025-08-26,0.4675,0.1416,0,0.4425,price_proxy,,,,
2025-08-27,0.4614,0.1417,0,0.4623,price_proxy,,,,
2025-08-28,0.4332,0.1334,0,0.8113,price_proxy,,,,
2025-08-29,0.4979,0.1284,0,0.7546,price_proxy,,,,
2025-09-01,0.3633,0.1201,0,1.1378,price_proxy,,,,
2025-09-02,0.3762,0.1201,0,0.8815,price_proxy,,,,
2025-09-03,0.4172,0.1209,0,0.7052,price_proxy,,,,
2025-09-04,0.4246,0.1203,0,0.7668,price_proxy,,,,
2025-09-05,0.3957,0.1209,0,0.7981,price_proxy,,,,
2025-09-08,0.5372,0.1165,0,0.7664,price_proxy,,,,
2025-09-09,0.6606,0.1183,0,1.839,price_proxy,,,,
2025-09-10,0.6512,0.1127,0,1.1854,price_proxy,,,,
2025-09-11,0.7242,0.1091,0,1.5585,price_proxy,,,,
2025-09-12,0.907,0.1302,0,2.9724,price_proxy,,,,
2025-09-15,0.986,0.1365,0,2.2588,price_proxy,,,,
2025-09-16,0.8625,0.136,0,1.0097,price_proxy,,,,
2025-09-17,0.9819,0.1483,0,2.1001,price_proxy,,,,
2025-09-18,0.9344,0.1481,0,1.7135,price_proxy,,,,
2025-09-19,0.8656,0.1438,0,1.0755,price_proxy,,,,
2025-09-22,0.8426,0.1474,0,1.5135,price_proxy,,,,
2025-09-23,0.9414,0.147,0,1.768,price_proxy,,,,
2025-09-24,0.7524,0.1502,0,1.6433,price_proxy,,,,
2025-09-25,0.7154,0.1499,0,0.61,price_proxy,,,,
2025-09-26,0.5618,0.1588,0,0.7531,price_proxy,,,,
2025-09-29,0.5502,0.1427,0,0.726,price_proxy,,,,
2025-09-30,0.4746,0.1407,0,0.5276,price_proxy,,,,
2025-10-01,0.5833,0.1416,0,0.9,price_proxy,,,,
2025-10-02,0.7409,0.1438,0,1.656,price_proxy,,,,
2025-10-10,0.8868,0.1376,0,1.0241,price_proxy,,,,
2025-10-13,0.7622,0.1448,0,0.663,price_proxy,,,,
2025-10-14,0.6974,0.1497,0,1.0697,price_proxy,,,,
2025-10-15,0.6876,0.1497,0,0.6809,price_proxy,,,,
2025-10-16,0.5622,0.1512,0,0.5609,price_proxy,,,,
2025-10-17,0.5402,0.1415,0,1.1789,price_proxy,,,,
2025-10-20,0.742,0.1522,0,1.3937,price_proxy,,,,
2025-10-21,0.8333,0.151,0,1.3875,price_proxy,,,,
2025-10-22,0.7497,0.1455,0,1.0523,price_proxy,,,,
2025-10-23,0.7864,0.1448,0,0.5691,price_proxy,,,,
2025-10-24,0.7635,0.1433,0,1.022,price_proxy,,,,
2025-10-27,0.6023,0.1402,0,1.0811,price_proxy,,,,
2025-10-28,0.4866,0.1471,0,0.6686,price_proxy,,,,
2025-10-29,0.7018,0.1723,0,1.4713,price_proxy,,,,
2025-10-30,0.6495,0.1713,0,0.8329,price_proxy,,,,
2025-10-31,0.5653,0.1705,0,0.5297,price_proxy,,,,
2025-11-03,0.5346,0.1709,0,0.7301,price_proxy,,,,
2025-11-04,0.7876,0.1842,0,1.5808,price_proxy,,,,
2025-11-05,0.6263,0.1833,0,1.5307,price_proxy,,,,
2025-11-06,0.6616,0.1761,0,0.8814,price_proxy,,,,
2025-11-07,0.6222,0.1876,0,0.89,price_proxy,,,,
2025-11-10,0.636,0.186,0,1.6005,price_proxy,,,,
2025-11-11,0.4293,0.1863,0,1.2627,price_proxy,,,,
2025-11-12,0.3678,0.1862,0,0.752,price_proxy,,,,
2025-11-13,0.3505,0.1862,0,0.4997,price_proxy,,,,
2025-11-14,0.2656,0.2149,0,1.7031,price_proxy,,,,
2025-11-17,0.2891,0.1966,0,1.9586,price_proxy,,,,
2025-11-18,0.2312,0.2044,0,1.104,price_proxy,,,,
2025-11-19,0.2826,0.206,0,1.4565,price_proxy,,,,
2025-11-20,0.2014,0.2093,0,1.0724,price_proxy,,,,
2025-11-21,0.239,0.2204,0,1.1551,price_proxy,,,,
2025-11-24,0.2152,0.2199,0,0.6146,price_proxy,,,,
2025-11-25,0.3165,0.2175,0,0.8031,price_proxy,,,,
2025-11-26,0.3205,0.1841,0,0.6719,price_proxy,,,,
2025-11-27,0.4111,0.1847,0,0.4162,price_proxy,,,,
2025-11-28,0.5647,0.1838,0,0.6225,price_proxy,,,,
2025-12-01,0.583,0.1844,0,0.8074,price_proxy,,,,
2025-12-02,0.5777,0.1557,0,0.6133,price_proxy,,,,
2025-12-03,0.5405,0.1516,0,0.7401,price_proxy,,,,
2025-12-04,0.4321,0.1536,0,0.9253,price_proxy,,,,
2025-12-05,0.4298,0.1503,0,0.5213,price_proxy,,,,
2025-12-08,0.4402,0.1522,0,0.379,price_proxy,,,,
2025-12-09,0.3953,0.1523,0,0.4478,price_proxy,,,,
2025-12-10,0.4232,0.1563,0,0.683,price_proxy,,,,
2025-12-11,0.5078,0.1557,0,0.6382,price_proxy,,,,
2025-12-12,0.4481,0.1295,0,3.2245,price_proxy,,,,
2025-12-15,0.3691,0.1295,0,0.7476,price_proxy,,,,
2025-12-16,0.3895,0.1198,0,0.7203,price_proxy,,,,
2025-12-17,0.4072,0.1225,0,1.0897,price_proxy,,,,
2025-12-18,0.3625,0.1189,0,1.1237,price_proxy,,,,
2025-12-19,0.4573,0.0991,0,1.1137,price_proxy,,,,
2025-12-22,0.6044,0.1104,0,1.1331,price_proxy,,,,
2025-12-23,0.6337,0.1104,0,1.033,price_proxy,,,,
2025-12-24,0.4973,0.1127,0,0.7591,price_proxy,,,,
2025-12-26,0.6058,0.1159,0,0.967,price_proxy,,,,
2025-12-29,0.5436,0.1158,0,0.8283,price_proxy,,,,
2025-12-30,0.4582,0.1154,0,0.8309,price_proxy,,,,
2026-01-02,0.735,0.1919,0,2.3728,price_proxy,,,,
2026-01-05,0.9222,0.1969,0,2.2739,price_proxy,,,,
2026-01-06,0.9233,0.188,0,1.85,price_proxy,,,,
2026-01-07,0.8707,0.1924,0,1.467,price_proxy,,,,
2026-01-08,0.8093,0.1956,0,1.2487,price_proxy,,,,
2026-01-09,0.4229,0.202,0,0.8298,price_proxy,,,,
2026-01-12,0.3391,0.2013,0,0.4825,price_proxy,,,,
2026-01-13,0.3384,0.2019,0,0.5029,price_proxy,,,,
2026-01-14,0.392,0.1988,0,0.6263,price_proxy,,,,
2026-01-15,0.4007,0.1973,0,0.6912,price_proxy,,,,
2026-01-16,0.4927,0.1963,0,0.6653,price_proxy,,,,
2026-01-19,0.5,0.1946,0,0.5065,price_proxy,,,,
2026-01-20,0.386,0.1959,0,0.6301,price_proxy,,,,
2026-01-21,0.3526,0.1967,0,0.7531,price_proxy,,,,
2026-01-22,0.3469,0.1936,0,1.2921,price_proxy,,,,
2026-01-23,0.3415,0.1937,0,1.0658,price_proxy,,,,
2026-01-26,0.5316,0.2202,0,1.9432,price_proxy,,,,
2026-01-27,0.8123,0.2401,0,1.7543,price_proxy,,,,
2026-01-28,1.0,0.2622,0,2.1809,price_proxy,,,,
2026-01-29,1.0,0.264,0,1.9994,price_proxy,,,,
2026-01-30,1.0,0.2272,0,1.7184,price_proxy,,,,
2026-02-02,0.878,0.2565,0,1.2862,price_proxy,,,,
2026-02-03,0.7702,0.2598,0,0.8595,price_proxy,,,,
2026-02-04,0.5568,0.2564,0,0.6898,price_proxy,,,,
2026-02-05,0.2953,0.272,0,1.0276,price_proxy,,,,
2026-02-06,0.3342,0.2688,0,0.8117,price_proxy,,,,
2026-02-09,0.6408,0.2707,0,0.4907,price_proxy,,,,
2026-02-10,0.3944,0.2856,0,0.8396,price_proxy,,,,
2026-02-11,0.3592,0.2861,0,0.3928,price_proxy,,,,
2026-02-12,0.5974,0.2853,0,0.5745,price_proxy,,,,
2026-02-13,0.7004,0.3016,0,1.6111,price_proxy,,,,
2026-02-19,1.0,0.3506,0,1.652,price_proxy,,,,
2026-02-20,1.0,0.3439,0,0.657,price_proxy,,,,
2026-02-23,1.0,0.3533,0,0.7436,price_proxy,,,,
2026-02-24,0.9822,0.3517,0,0.5561,price_proxy,,,,
2026-02-25,0.6893,0.3542,0,0.568,price_proxy,,,,
2026-02-26,0.5707,0.3588,0,1.123,price_proxy,,,,
2026-02-27,0.4779,0.3543,0,0.7107,price_proxy,,,,
2026-03-03,0.5361,0.3432,0,0.9747,price_proxy,,,,
2026-03-04,0.3774,0.3578,0,1.3675,price_proxy,,,,
2026-03-05,0.8638,0.4281,0,1.2754,price_proxy,,,,
2026-03-06,0.6496,0.406,0,0.934,price_proxy,,,,
2026-03-09,0.4985,0.4237,0,0.6437,price_proxy,,,,
2026-03-10,0.4938,0.4271,0,0.734,price_proxy,,,,
2026-03-11,0.6069,0.4181,0,0.9337,price_proxy,,,,
2026-03-12,0.2585,0.416,0,0.5767,price_proxy,,,,
2026-03-13,0.1419,0.4194,0,0.6847,price_proxy,,,,
2026-03-16,0.3193,0.4093,0,0.5084,price_proxy,,,,
2026-03-17,0.3778,0.4089,0,0.4696,price_proxy,,,,
2026-03-18,0.5821,0.4119,0,0.7861,price_proxy,,,,
2026-03-19,0.5706,0.3993,0,0.756,price_proxy,,,,
2026-03-20,0.63,0.3482,0,0.4849,price_proxy,,,,
2026-03-23,0.5542,0.3494,0,0.5362,price_proxy,,,,
2026-03-24,0.617,0.3444,0,0.6911,price_proxy,,,,
2026-03-25,0.6021,0.3486,0,0.7425,price_proxy,,,,
2026-03-26,0.3817,0.3613,0,0.698,price_proxy,,,,
2026-03-27,0.3053,0.3407,0,0.7994,price_proxy,,,,
2026-03-30,0.2794,0.3428,0,0.6132,price_proxy,,,,
2026-03-31,0.223,0.3417,0,0.8634,price_proxy,,,,
2026-04-01,0.3205,0.3514,0,0.8087,price_proxy,,,,
2026-04-02,0.5226,0.2477,0,1.3275,price_proxy,,,,
2026-04-03,0.5514,0.2491,0,0.5537,price_proxy,,,,
2026-04-06,0.6276,0.23,0,0.3909,price_proxy,,,,
2026-04-07,0.6698,0.2284,0,0.3836,price_proxy,,,,
2026-04-08,0.6601,0.2547,0,1.29,price_proxy,,,,
2026-04-09,0.5239,0.2598,0,1.267,price_proxy,,,,
2026-04-10,0.6102,0.2545,0,0.7777,price_proxy,,,,
2026-04-14,0.6453,0.2545,0,0.0,price_proxy,,,,
2026-04-15,0.6465,0.2547,0,1.0067,price_proxy,,,,
2026-04-16,0.5195,0.2502,0,1.0611,price_proxy,,,,
2026-04-17,0.5882,0.2503,0,0.6207,price_proxy,,,,
2026-04-20,0.5459,0.251,0,1.0684,price_proxy,,,,
2026-04-21,0.522,0.2482,0,1.2635,price_proxy,,,,
2026-04-22,0.5884,0.2517,0,1.2449,price_proxy,,,,
2026-04-23,0.4837,0.2445,0,1.1539,price_proxy,,,,
2026-04-24,0.5437,0.2244,0,1.0715,price_proxy,,,,
2026-04-27,0.6036,0.2127,0,0.9129,price_proxy,,,,
2026-04-28,0.7118,0.2063,0,1.9283,price_proxy,,,,
2026-04-29,0.5802,0.2074,0,0.9317,price_proxy,,,,
2026-04-30,0.4432,0.1905,0,2.2983,price_proxy,,,,
2026-05-04,0.4483,0.1906,0,0.9148,price_proxy,,,,
2026-05-06,0.5397,0.1888,0,2.1119,price_proxy,,,,
2026-05-07,0.569,0.1949,0,1.6557,price_proxy,,,,
2026-05-08,0.6229,0.1948,0,1.1388,price_proxy,,,,
2026-05-11,0.8123,0.1591,0,1.1526,price_proxy,,,,
2026-05-12,0.5167,0.1966,0,1.4985,price_proxy,,,,
2026-05-13,0.4265,0.1964,0,1.2298,price_proxy,,,,
2026-05-14,0.4769,0.2153,0,0.7849,price_proxy,,,,
2026-05-15,0.0801,0.3013,0,0.9225,price_proxy,,,,
2026-05-18,0.0422,0.2963,0,1.0467,price_proxy,,,,
2026-05-19,0.2265,0.2961,0,0.7174,price_proxy,,,,
2026-05-20,0.3293,0.3039,0,0.7008,price_proxy,,,,
2026-05-21,0.2837,0.3104,0,0.4906,price_proxy,,,,
2026-05-22,0.8629,0.3153,0,0.6048,price_proxy,,,,
2026-05-26,0.8934,0.3151,0,1.0148,price_proxy,,,,
2026-05-27,0.7924,0.3201,0,1.1056,price_proxy,,,,
2026-05-28,0.6227,0.3206,0,1.2446,price_proxy,,,,
2026-05-29,0.4151,0.3198,0,0.9692,price_proxy,,,,
2026-06-01,0.301,0.3198,0,0.8925,price_proxy,,,,
2026-06-02,0.2275,0.3137,0,0.9639,price_proxy,,,,
2026-06-04,0.8645,0.4483,0,2.14,price_proxy,,,,
2026-06-05,0.9194,0.4462,0,1.8389,price_proxy,,,,
2026-06-08,0.5887,0.4832,0,1.0248,price_proxy,,,,
2026-06-09,0.8603,0.5,0,1.9279,price_proxy,,,,
2026-06-10,1.0,0.5,0,1.466,price_proxy,,,,
2026-06-11,0.7903,0.5,0,2.4253,price_proxy,,,,
2026-06-12,0.9997,0.5,0,1.8312,price_proxy,,,,
2026-06-15,1.0,0.5,0,0.8506,price_proxy,,,,
2026-06-16,0.8976,0.4704,0,0.9327,price_proxy,,,,
2026-06-17,0.7608,0.4701,0,0.8026,price_proxy,,,,
2026-06-18,0.4821,0.469,0,0.6078,price_proxy,,,,
2026-06-19,0.2093,0.4739,0,0.6969,price_proxy,,,,
2026-06-22,0.4926,0.4835,0,0.8779,price_proxy,,,,
2026-06-23,0.3336,0.5,0,0.6055,price_proxy,,,,
2026-06-24,0.3481,0.5,0,0.5606,price_proxy,,,,
2026-06-25,0.3404,0.5,0,0.4836,price_proxy,,,,
2026-06-26,0.5597,0.5,0,1.0309,price_proxy,,,,
2026-06-29,0.2597,0.5,0,1.0148,price_proxy,,,,
2026-06-30,0.7926,0.5,0,1.0945,price_proxy,,,,
2026-07-01,1.0,0.5,0,1.7646,price_proxy,,,,
2026-07-02,0.6562,0.4621,0,1.2838,price_proxy,,,,
2026-07-03,0.4884,0.4633,0,0.8564,price_proxy,,,,
