date,news_sentiment_mean,news_sentiment_std,news_count,volume_ratio,source,news_positive_total,news_negative_total,news_pos_ratio,news_intensity
2016-08-23,0.5,0.091,0,0.5227,price_proxy,,,,
2016-08-24,0.4765,0.0854,0,0.3672,price_proxy,,,,
2016-08-25,0.4724,0.0855,0,0.379,price_proxy,,,,
2016-08-26,0.4724,0.0849,0,0.5877,price_proxy,,,,
2016-08-29,0.383,0.0898,0,0.5906,price_proxy,,,,
2016-08-30,0.3425,0.0925,0,1.4574,price_proxy,,,,
2016-08-31,0.2865,0.0947,0,0.9985,price_proxy,,,,
2016-09-01,0.3242,0.0929,0,0.6166,price_proxy,,,,
2016-09-02,0.3202,0.0925,0,0.4156,price_proxy,,,,
2016-09-05,0.3302,0.0947,0,0.9325,price_proxy,,,,
2016-09-06,0.389,0.095,0,0.54,price_proxy,,,,
2016-09-07,0.3982,0.0974,0,0.6711,price_proxy,,,,
2016-09-08,0.2983,0.103,0,1.5551,price_proxy,,,,
2016-09-09,0.2582,0.1031,0,1.7612,price_proxy,,,,
2016-09-12,0.2873,0.0795,0,0.535,price_proxy,,,,
2016-09-13,0.3597,0.0962,0,0.8267,price_proxy,,,,
2016-09-19,0.4161,0.0948,0,1.0514,price_proxy,,,,
2016-09-20,0.5438,0.1001,0,0.3656,price_proxy,,,,
2016-09-21,0.5549,0.1,0,1.035,price_proxy,,,,
2016-09-22,0.581,0.0977,0,1.0917,price_proxy,,,,
2016-09-23,0.5974,0.1163,0,1.2077,price_proxy,,,,
2016-09-26,0.6119,0.1173,0,0.9171,price_proxy,,,,
2016-09-27,0.5668,0.1173,0,0.9878,price_proxy,,,,
2016-09-28,0.6655,0.1228,0,1.4728,price_proxy,,,,
2016-09-29,0.6605,0.1187,0,0.9499,price_proxy,,,,
2016-09-30,0.5045,0.1176,0,0.91,price_proxy,,,,
2016-10-04,0.5,0.1128,0,0.9634,price_proxy,,,,
2016-10-05,0.4815,0.1126,0,1.1189,price_proxy,,,,
2016-10-06,0.3696,0.1163,0,0.7479,price_proxy,,,,
2016-10-07,0.2974,0.12,0,1.48,price_proxy,,,,
2016-10-10,0.4028,0.1256,0,0.786,price_proxy,,,,
2016-10-11,0.3709,0.1226,0,0.597,price_proxy,,,,
2016-10-12,0.3695,0.1141,0,0.9253,price_proxy,,,,
2016-10-13,0.3846,0.1136,0,0.7821,price_proxy,,,,
2016-10-14,0.4749,0.113,0,0.3945,price_proxy,,,,
2016-10-17,0.3541,0.1087,0,0.9966,price_proxy,,,,
2016-10-18,0.2931,0.117,0,2.0914,price_proxy,,,,
2016-10-19,0.2656,0.1156,0,2.8002,price_proxy,,,,
2016-10-20,0.3164,0.1158,0,0.9188,price_proxy,,,,
2016-10-21,0.2055,0.1267,0,1.8089,price_proxy,,,,
2016-10-24,0.3005,0.1143,0,1.2988,price_proxy,,,,
2016-10-25,0.3461,0.1129,0,0.7379,price_proxy,,,,
2016-10-26,0.4435,0.1189,0,0.9398,price_proxy,,,,
2016-10-27,0.5222,0.1275,0,1.1569,price_proxy,,,,
2016-10-28,0.6072,0.1273,0,0.4903,price_proxy,,,,
2016-10-31,0.5525,0.1262,0,0.7287,price_proxy,,,,
2016-11-01,0.5536,0.1255,0,0.5517,price_proxy,,,,
2016-11-02,0.3488,0.1443,0,1.831,price_proxy,,,,
2016-11-03,0.2113,0.1445,0,1.8398,price_proxy,,,,
2016-11-04,0.2345,0.1418,0,1.3804,price_proxy,,,,
2016-11-07,0.125,0.1452,0,3.3662,price_proxy,,,,
2016-11-08,0.2159,0.1555,0,1.4526,price_proxy,,,,
2016-11-09,0.2924,0.1572,0,3.4365,price_proxy,,,,
2016-11-10,0.3895,0.1619,0,1.4398,price_proxy,,,,
2016-11-11,0.3697,0.1605,0,1.0669,price_proxy,,,,
2016-11-14,0.4788,0.1592,0,0.5729,price_proxy,,,,
2016-11-15,0.4934,0.1662,0,1.4602,price_proxy,,,,
2016-11-16,0.5773,0.1655,0,0.5694,price_proxy,,,,
2016-11-17,0.5206,0.1648,0,0.6945,price_proxy,,,,
2016-11-18,0.5417,0.1562,0,0.7706,price_proxy,,,,
2016-11-21,0.5,0.1557,0,0.3039,price_proxy,,,,
2016-11-22,0.4727,0.16,0,0.5335,price_proxy,,,,
2016-11-23,0.4729,0.1569,0,0.3797,price_proxy,,,,
2016-11-24,0.4387,0.1455,0,0.409,price_proxy,,,,
2016-11-25,0.377,0.1476,0,1.0786,price_proxy,,,,
2016-11-28,0.4083,0.1476,0,0.2821,price_proxy,,,,
2016-11-29,0.4314,0.1577,0,0.5385,price_proxy,,,,
2016-11-30,0.4247,0.138,0,0.927,price_proxy,,,,
2016-12-01,0.451,0.1352,0,0.2978,price_proxy,,,,
2016-12-02,0.5074,0.1352,0,0.518,price_proxy,,,,
2016-12-05,0.4702,0.1209,0,0.4279,price_proxy,,,,
2016-12-06,0.4003,0.1135,0,0.5169,price_proxy,,,,
2016-12-07,0.3719,0.1083,0,1.6935,price_proxy,,,,
2016-12-08,0.3777,0.1048,0,1.0851,price_proxy,,,,
2016-12-09,0.3696,0.1046,0,0.8875,price_proxy,,,,
2016-12-12,0.5303,0.1174,0,1.3802,price_proxy,,,,
2016-12-13,0.7248,0.1534,0,2.1526,price_proxy,,,,
2016-12-14,0.7585,0.1534,0,0.9453,price_proxy,,,,
2016-12-15,0.8216,0.1545,0,1.0502,price_proxy,,,,
2016-12-16,0.934,0.1586,0,2.7983,price_proxy,,,,
2016-12-19,0.7666,0.1564,0,0.8602,price_proxy,,,,
2016-12-20,0.6281,0.1572,0,0.8438,price_proxy,,,,
2016-12-21,0.6281,0.1573,0,0.7112,price_proxy,,,,
2016-12-22,0.7313,0.1682,0,5.4215,price_proxy,,,,
2016-12-23,0.7039,0.1613,0,1.3745,price_proxy,,,,
2016-12-26,0.794,0.1577,0,1.1554,price_proxy,,,,
2016-12-27,0.7213,0.1554,0,0.739,price_proxy,,,,
2016-12-28,0.6352,0.164,0,1.2545,price_proxy,,,,
2016-12-29,0.5644,0.1643,0,0.687,price_proxy,,,,
2017-01-02,0.5288,0.1631,0,1.0548,price_proxy,,,,
2017-01-03,0.4583,0.1583,0,0.6322,price_proxy,,,,
2017-01-04,0.4762,0.1581,0,0.9373,price_proxy,,,,
2017-01-05,0.562,0.1553,0,0.5332,price_proxy,,,,
2017-01-06,0.596,0.1579,0,1.1772,price_proxy,,,,
2017-01-09,0.5657,0.1573,0,0.5093,price_proxy,,,,
2017-01-10,0.6341,0.154,0,0.7515,price_proxy,,,,
2017-01-11,0.639,0.1221,0,0.5528,price_proxy,,,,
2017-01-12,0.7109,0.1243,0,1.1342,price_proxy,,,,
2017-01-13,0.5574,0.1294,0,0.62,price_proxy,,,,
2017-01-16,0.5579,0.1278,0,0.6405,price_proxy,,,,
2017-01-17,0.4828,0.1278,0,0.4441,price_proxy,,,,
2017-01-18,0.466,0.1251,0,0.2906,price_proxy,,,,
2017-01-19,0.3583,0.1283,0,0.5659,price_proxy,,,,
2017-01-20,0.3106,0.1197,0,1.1213,price_proxy,,,,
2017-01-23,0.2921,0.1184,0,0.6833,price_proxy,,,,
2017-01-24,0.3386,0.1171,0,0.3454,price_proxy,,,,
2017-01-25,0.3564,0.1181,0,0.518,price_proxy,,,,
2017-01-26,0.4061,0.1108,0,0.5414,price_proxy,,,,
2017-01-31,0.5,0.1043,0,0.2217,price_proxy,,,,
2017-02-01,0.5314,0.104,0,0.8969,price_proxy,,,,
2017-02-02,0.5439,0.102,0,2.1796,price_proxy,,,,
2017-02-03,0.4257,0.1123,0,1.7889,price_proxy,,,,
2017-02-06,0.3339,0.1194,0,1.2891,price_proxy,,,,
2017-02-07,0.2969,0.1023,0,1.25,price_proxy,,,,
2017-02-08,0.321,0.1043,0,1.6247,price_proxy,,,,
2017-02-09,0.3038,0.1022,0,0.6641,price_proxy,,,,
2017-02-10,0.3714,0.0998,0,0.5679,price_proxy,,,,
2017-02-13,0.4597,0.0869,0,0.4362,price_proxy,,,,
2017-02-14,0.5343,0.091,0,0.5545,price_proxy,,,,
2017-02-15,0.6017,0.107,0,1.0419,price_proxy,,,,
2017-02-16,0.6837,0.1137,0,0.9519,price_proxy,,,,
2017-02-17,0.8023,0.1241,0,1.2759,price_proxy,,,,
2017-02-20,0.7945,0.1224,0,0.4922,price_proxy,,,,
2017-02-21,0.7021,0.1142,0,0.823,price_proxy,,,,
2017-02-22,0.6872,0.1182,0,1.7786,price_proxy,,,,
2017-02-23,0.5436,0.1242,0,0.9002,price_proxy,,,,
2017-02-24,0.494,0.1249,0,0.9677,price_proxy,,,,
2017-02-27,0.5241,0.1256,0,0.8876,price_proxy,,,,
2017-02-28,0.5244,0.1286,0,0.599,price_proxy,,,,
2017-03-02,0.5059,0.1314,0,1.5929,price_proxy,,,,
2017-03-03,0.5914,0.1315,0,0.9627,price_proxy,,,,
2017-03-06,0.5779,0.1198,0,0.9745,price_proxy,,,,
2017-03-07,0.6356,0.1136,0,2.7742,price_proxy,,,,
2017-03-08,0.6631,0.1111,0,1.1299,price_proxy,,,,
2017-03-09,0.5941,0.1124,0,1.2894,price_proxy,,,,
2017-03-10,0.675,0.1183,0,2.2507,price_proxy,,,,
2017-03-13,0.6787,0.1156,0,1.3809,price_proxy,,,,
2017-03-14,0.5552,0.1194,0,1.2884,price_proxy,,,,
2017-03-15,0.6621,0.1229,0,2.9951,price_proxy,,,,
2017-03-16,0.6292,0.1232,0,1.8624,price_proxy,,,,
2017-03-17,0.5214,0.121,0,2.222,price_proxy,,,,
2017-03-20,0.4207,0.1234,0,1.5217,price_proxy,,,,
2017-03-21,0.4247,0.1249,0,1.2358,price_proxy,,,,
2017-03-22,0.3966,0.1229,0,1.137,price_proxy,,,,
2017-03-23,0.5159,0.1242,0,1.7518,price_proxy,,,,
2017-03-24,0.5425,0.1164,0,0.5198,price_proxy,,,,
2017-03-27,0.6213,0.1162,0,0.9599,price_proxy,,,,
2017-03-28,0.757,0.1242,0,1.2968,price_proxy,,,,
2017-03-29,0.7888,0.1226,0,1.744,price_proxy,,,,
2017-03-30,0.7984,0.1266,0,3.9586,price_proxy,,,,
2017-03-31,0.7285,0.1322,0,1.3017,price_proxy,,,,
2017-04-03,0.8687,0.143,0,0.9849,price_proxy,,,,
2017-04-04,0.7277,0.1419,0,0.7623,price_proxy,,,,
2017-04-05,0.5714,0.1479,0,1.0254,price_proxy,,,,
2017-04-06,0.4818,0.1473,0,0.5531,price_proxy,,,,
2017-04-07,0.5653,0.1417,0,0.5005,price_proxy,,,,
2017-04-10,0.3816,0.148,0,0.5365,price_proxy,,,,
2017-04-11,0.4245,0.1458,0,0.3751,price_proxy,,,,
2017-04-12,0.4908,0.1414,0,0.3347,price_proxy,,,,
2017-04-13,0.4402,0.1425,0,0.6774,price_proxy,,,,
2017-04-14,0.4097,0.1421,0,0.4267,price_proxy,,,,
2017-04-17,0.5512,0.1377,0,0.8028,price_proxy,,,,
2017-04-18,0.5647,0.1352,0,0.566,price_proxy,,,,
2017-04-19,0.5322,0.1373,0,0.7627,price_proxy,,,,
2017-04-20,0.4953,0.1434,0,0.8976,price_proxy,,,,
2017-04-21,0.4432,0.1466,0,0.6807,price_proxy,,,,
2017-04-24,0.3319,0.1486,0,0.7038,price_proxy,,,,
2017-04-25,0.3702,0.1446,0,0.6597,price_proxy,,,,
2017-04-26,0.4092,0.1385,0,0.3212,price_proxy,,,,
2017-04-27,0.4762,0.1294,0,0.3937,price_proxy,,,,
2017-04-28,0.4756,0.1297,0,1.5137,price_proxy,,,,
2017-05-02,0.5347,0.1085,0,0.6861,price_proxy,,,,
2017-05-04,0.6579,0.1549,0,2.3093,price_proxy,,,,
2017-05-08,0.657,0.1502,0,1.3763,price_proxy,,,,
2017-05-10,0.6539,0.1509,0,0.7923,price_proxy,,,,
2017-05-11,0.7957,0.1554,0,2.5036,price_proxy,,,,
2017-05-12,0.817,0.1513,0,1.5751,price_proxy,,,,
2017-05-15,0.6287,0.1514,0,1.567,price_proxy,,,,
2017-05-16,0.6149,0.1515,0,0.8563,price_proxy,,,,
2017-05-17,0.6562,0.1475,0,0.6159,price_proxy,,,,
2017-05-18,0.5601,0.1481,0,0.8302,price_proxy,,,,
2017-05-19,0.5843,0.146,0,1.0904,price_proxy,,,,
2017-05-22,0.5666,0.1456,0,0.5168,price_proxy,,,,
2017-05-23,0.5709,0.1439,0,1.3882,price_proxy,,,,
2017-05-24,0.5165,0.1359,0,0.6558,price_proxy,,,,
2017-05-25,0.5416,0.1313,0,0.7256,price_proxy,,,,
2017-05-26,0.5121,0.1275,0,0.6215,price_proxy,,,,
2017-05-29,0.504,0.1247,0,0.7006,price_proxy,,,,
2017-05-30,0.5484,0.1254,0,0.8171,price_proxy,,,,
2017-05-31,0.5699,0.1251,0,0.4625,price_proxy,,,,
2017-06-01,0.5776,0.1192,0,0.3639,price_proxy,,,,
2017-06-02,0.5523,0.1195,0,0.4982,price_proxy,,,,
2017-06-05,0.5121,0.0733,0,0.8567,price_proxy,,,,
2017-06-07,0.437,0.0767,0,1.1092,price_proxy,,,,
2017-06-08,0.4524,0.075,0,1.7106,price_proxy,,,,
2017-06-09,0.4568,0.0645,0,0.7084,price_proxy,,,,
2017-06-12,0.3317,0.091,0,1.4613,price_proxy,,,,
2017-06-13,0.368,0.0902,0,1.1664,price_proxy,,,,
2017-06-14,0.4431,0.0939,0,0.6456,price_proxy,,,,
2017-06-15,0.4065,0.0955,0,0.6281,price_proxy,,,,
2017-06-16,0.3916,0.0955,0,1.0477,price_proxy,,,,
2017-06-19,0.5513,0.0915,0,1.0189,price_proxy,,,,
2017-06-20,0.4957,0.096,0,1.2509,price_proxy,,,,
2017-06-21,0.4665,0.0967,0,0.5893,price_proxy,,,,
2017-06-22,0.5085,0.0952,0,0.5902,price_proxy,,,,
2017-06-23,0.5594,0.1006,0,0.8929,price_proxy,,,,
2017-06-26,0.5375,0.0993,0,0.6565,price_proxy,,,,
2017-06-27,0.6287,0.1006,0,1.5534,price_proxy,,,,
2017-06-28,0.5341,0.1044,0,1.0549,price_proxy,,,,
2017-06-29,0.5298,0.1043,0,0.718,price_proxy,,,,
2017-06-30,0.4753,0.1035,0,0.402,price_proxy,,,,
2017-07-03,0.3732,0.1119,0,1.1251,price_proxy,,,,
2017-07-04,0.3025,0.1124,0,0.8028,price_proxy,,,,
2017-07-05,0.4372,0.1197,0,0.6012,price_proxy,,,,
2017-07-06,0.4748,0.122,0,0.5112,price_proxy,,,,
2017-07-07,0.4207,0.1234,0,0.5362,price_proxy,,,,
2017-07-10,0.5307,0.1067,0,0.5697,price_proxy,,,,
2017-07-11,0.5671,0.1069,0,0.5039,price_proxy,,,,
2017-07-12,0.4655,0.1046,0,0.7069,price_proxy,,,,
2017-07-13,0.4747,0.1064,0,0.8934,price_proxy,,,,
2017-07-14,0.6086,0.1149,0,2.2192,price_proxy,,,,
2017-07-17,0.5816,0.1133,0,1.0897,price_proxy,,,,
2017-07-18,0.6299,0.1093,0,1.4297,price_proxy,,,,
2017-07-19,0.6846,0.1094,0,1.5853,price_proxy,,,,
2017-07-20,0.633,0.1095,0,0.878,price_proxy,,,,
2017-07-21,0.7186,0.1359,0,3.2609,price_proxy,,,,
2017-07-24,0.7273,0.1359,0,1.7717,price_proxy,,,,
2017-07-25,0.6382,0.139,0,1.6307,price_proxy,,,,
2017-07-26,0.5725,0.1347,0,1.0068,price_proxy,,,,
2017-07-27,0.7093,0.1497,0,1.6645,price_proxy,,,,
2017-07-28,0.3959,0.1713,0,1.9161,price_proxy,,,,
2017-07-31,0.4035,0.1628,0,0.8932,price_proxy,,,,
2017-08-01,0.4924,0.1599,0,1.0732,price_proxy,,,,
2017-08-02,0.5698,0.1574,0,0.8914,price_proxy,,,,
2017-08-03,0.3433,0.1683,0,0.9314,price_proxy,,,,
2017-08-04,0.449,0.1669,0,0.5419,price_proxy,,,,
2017-08-07,0.4883,0.1684,0,0.4542,price_proxy,,,,
2017-08-08,0.4465,0.168,0,0.8119,price_proxy,,,,
2017-08-09,0.35,0.1717,0,0.7892,price_proxy,,,,
2017-08-10,0.4921,0.1714,0,1.0636,price_proxy,,,,
2017-08-11,0.5282,0.1666,0,0.9951,price_proxy,,,,
2017-08-14,0.2804,0.1986,0,2.5303,price_proxy,,,,
2017-08-16,0.3314,0.2003,0,1.2866,price_proxy,,,,
2017-08-17,0.4147,0.2004,0,0.3951,price_proxy,,,,
2017-08-18,0.377,0.2004,0,0.3631,price_proxy,,,,
2017-08-21,0.3572,0.1771,0,0.3213,price_proxy,,,,
2017-08-22,0.5836,0.1778,0,0.6046,price_proxy,,,,
2017-08-23,0.5342,0.1769,0,0.7409,price_proxy,,,,
2017-08-24,0.5975,0.1825,0,0.8565,price_proxy,,,,
2017-08-25,0.5931,0.1664,0,0.4701,price_proxy,,,,
2017-08-28,0.5769,0.15,0,0.5797,price_proxy,,,,
2017-08-29,0.5508,0.1498,0,1.3392,price_proxy,,,,
2017-08-30,0.5548,0.1478,0,0.6961,price_proxy,,,,
2017-08-31,0.4798,0.1463,0,0.3234,price_proxy,,,,
2017-09-01,0.4839,0.1367,0,0.5738,price_proxy,,,,
2017-09-04,0.4424,0.1414,0,0.6593,price_proxy,,,,
2017-09-05,0.4299,0.1379,0,0.5875,price_proxy,,,,
2017-09-06,0.4099,0.1379,0,0.4982,price_proxy,,,,
2017-09-07,0.4674,0.1395,0,0.5002,price_proxy,,,,
2017-09-08,0.5203,0.141,0,1.4289,price_proxy,,,,
2017-09-11,0.606,0.1411,0,1.0291,price_proxy,,,,
2017-09-12,0.6923,0.0924,0,2.4031,price_proxy,,,,
2017-09-13,0.7231,0.0891,0,1.2333,price_proxy,,,,
2017-09-14,0.6702,0.089,0,0.8948,price_proxy,,,,
2017-09-15,0.6734,0.0929,0,2.0278,price_proxy,,,,
2017-09-18,0.6932,0.0909,0,1.3216,price_proxy,,,,
2017-09-19,0.574,0.0968,0,1.0896,price_proxy,,,,
2017-09-20,0.5155,0.1004,0,1.7811,price_proxy,,,,
2017-09-21,0.5191,0.0918,0,1.1699,price_proxy,,,,
2017-09-22,0.4555,0.0919,0,1.7369,price_proxy,,,,
2017-09-25,0.3642,0.0986,0,1.1445,price_proxy,,,,
2017-09-26,0.4098,0.0985,0,0.7632,price_proxy,,,,
2017-09-27,0.4502,0.0984,0,0.4714,price_proxy,,,,
2017-09-28,0.3863,0.1016,0,0.5666,price_proxy,,,,
2017-09-29,0.4887,0.1152,0,1.2777,price_proxy,,,,
2017-10-10,0.563,0.1053,0,0.753,price_proxy,,,,
2017-10-11,0.5866,0.1043,0,0.8673,price_proxy,,,,
2017-10-12,0.5511,0.1062,0,1.4297,price_proxy,,,,
2017-10-13,0.48,0.1197,0,1.3116,price_proxy,,,,
2017-10-16,0.2328,0.1429,0,1.6568,price_proxy,,,,
2017-10-17,0.2328,0.1428,0,0.7012,price_proxy,,,,
2017-10-18,0.1453,0.1415,0,0.9448,price_proxy,,,,
2017-10-19,0.2279,0.1474,0,0.8366,price_proxy,,,,
2017-10-20,0.3134,0.1463,0,0.4293,price_proxy,,,,
2017-10-23,0.4823,0.141,0,0.5089,price_proxy,,,,
2017-10-24,0.4382,0.14,0,0.8279,price_proxy,,,,
2017-10-25,0.4771,0.1396,0,0.8678,price_proxy,,,,
2017-10-26,0.4069,0.1395,0,0.8089,price_proxy,,,,
2017-10-27,0.4374,0.1388,0,0.5195,price_proxy,,,,
2017-10-30,0.3756,0.1395,0,0.8678,price_proxy,,,,
2017-10-31,0.4273,0.1374,0,0.8817,price_proxy,,,,
2017-11-01,0.4025,0.1394,0,1.464,price_proxy,,,,
2017-11-02,0.5326,0.1608,0,2.3077,price_proxy,,,,
2017-11-03,0.269,0.2027,0,4.561,price_proxy,,,,
2017-11-06,0.3104,0.19,0,1.582,price_proxy,,,,
2017-11-07,0.3161,0.1909,0,0.8776,price_proxy,,,,
2017-11-08,0.3683,0.189,0,0.705,price_proxy,,,,
2017-11-09,0.3124,0.1961,0,0.8419,price_proxy,,,,
2017-11-10,0.5626,0.1904,0,0.5934,price_proxy,,,,
2017-11-13,0.5419,0.1743,0,1.21,price_proxy,,,,
2017-11-14,0.6558,0.1899,0,2.0088,price_proxy,,,,
2017-11-15,0.6096,0.1874,0,0.9235,price_proxy,,,,
2017-11-16,0.505,0.1832,0,1.0711,price_proxy,,,,
2017-11-17,0.4697,0.1838,0,1.1632,price_proxy,,,,
2017-11-20,0.5667,0.1888,0,0.6278,price_proxy,,,,
2017-11-21,0.447,0.1879,0,0.8224,price_proxy,,,,
2017-11-22,0.5793,0.1923,0,1.1016,price_proxy,,,,
2017-11-23,0.636,0.1925,0,0.9455,price_proxy,,,,
2017-11-24,0.757,0.1961,0,1.5746,price_proxy,,,,
2017-11-27,0.6638,0.194,0,1.056,price_proxy,,,,
2017-11-28,0.6039,0.1962,0,0.8679,price_proxy,,,,
2017-11-29,0.5476,0.1927,0,0.3878,price_proxy,,,,
2017-11-30,0.3396,0.2048,0,2.3862,price_proxy,,,,
2017-12-01,0.2904,0.1562,0,0.6632,price_proxy,,,,
2017-12-04,0.2753,0.1572,0,1.1004,price_proxy,,,,
2017-12-05,0.3636,0.1588,0,0.6739,price_proxy,,,,
2017-12-06,0.314,0.1597,0,0.5011,price_proxy,,,,
2017-12-07,0.4898,0.1556,0,0.4406,price_proxy,,,,
2017-12-08,0.4797,0.1556,0,0.3656,price_proxy,,,,
2017-12-11,0.5258,0.1552,0,0.3104,price_proxy,,,,
2017-12-12,0.4343,0.1399,0,0.4214,price_proxy,,,,
2017-12-13,0.5,0.1392,0,0.4703,price_proxy,,,,
2017-12-14,0.5567,0.1403,0,0.4729,price_proxy,,,,
2017-12-15,0.5051,0.1408,0,0.5068,price_proxy,,,,
2017-12-18,0.4388,0.1376,0,0.6981,price_proxy,,,,
2017-12-19,0.4425,0.1388,0,0.7531,price_proxy,,,,
2017-12-20,0.3872,0.1302,0,0.476,price_proxy,,,,
2017-12-21,0.3295,0.129,0,0.7249,price_proxy,,,,
2017-12-22,0.4231,0.1262,0,0.6946,price_proxy,,,,
2017-12-26,0.4685,0.1263,0,1.0494,price_proxy,,,,
2017-12-27,0.6423,0.146,0,0.9561,price_proxy,,,,
2017-12-28,0.671,0.1453,0,0.5592,price_proxy,,,,
2018-01-02,0.6554,0.1066,0,0.5836,price_proxy,,,,
2018-01-03,0.6577,0.1105,0,0.9706,price_proxy,,,,
2018-01-04,0.707,0.1104,0,1.7186,price_proxy,,,,
2018-01-05,0.5614,0.1085,0,1.2693,price_proxy,,,,
2018-01-08,0.4949,0.1123,0,1.225,price_proxy,,,,
2018-01-09,0.5155,0.1123,0,0.9856,price_proxy,,,,
2018-01-10,0.3942,0.1181,0,1.7069,price_proxy,,,,
2018-01-11,0.3469,0.1179,0,1.4125,price_proxy,,,,
2018-01-12,0.3313,0.1162,0,1.3714,price_proxy,,,,
2018-01-15,0.3568,0.1153,0,1.0507,price_proxy,,,,
2018-01-16,0.4486,0.1227,0,1.8553,price_proxy,,,,
2018-01-17,0.4894,0.1212,0,0.7697,price_proxy,,,,
2018-01-18,0.5535,0.1212,0,0.9227,price_proxy,,,,
2018-01-19,0.5487,0.1201,0,1.2642,price_proxy,,,,
2018-01-22,0.5166,0.1247,0,1.0916,price_proxy,,,,
2018-01-23,0.4473,0.1245,0,0.8401,price_proxy,,,,
2018-01-24,0.516,0.1233,0,0.7631,price_proxy,,,,
2018-01-25,0.4896,0.1238,0,1.1203,price_proxy,,,,
2018-01-26,0.5265,0.1019,0,1.0844,price_proxy,,,,
2018-01-29,0.5983,0.1019,0,1.1466,price_proxy,,,,
2018-01-30,0.5271,0.1043,0,1.4275,price_proxy,,,,
2018-01-31,0.4523,0.0998,0,1.2907,price_proxy,,,,
2018-02-01,0.4319,0.0966,0,0.9363,price_proxy,,,,
2018-02-02,0.4112,0.0967,0,0.6232,price_proxy,,,,
2018-02-05,0.2968,0.1089,0,1.6276,price_proxy,,,,
2018-02-06,0.3182,0.1092,0,1.2718,price_proxy,,,,
2018-02-07,0.3804,0.1077,0,1.3504,price_proxy,,,,
2018-02-08,0.4404,0.1152,0,0.6584,price_proxy,,,,
2018-02-09,0.3906,0.1195,0,0.5068,price_proxy,,,,
2018-02-12,0.4826,0.1189,0,0.445,price_proxy,,,,
2018-02-13,0.5294,0.1079,0,0.6678,price_proxy,,,,
2018-02-14,0.5173,0.1087,0,0.4916,price_proxy,,,,
2018-02-19,0.4665,0.1044,0,0.3637,price_proxy,,,,
2018-02-20,0.5348,0.1037,0,0.4472,price_proxy,,,,
2018-02-21,0.5702,0.0991,0,0.9585,price_proxy,,,,
2018-02-22,0.5174,0.0997,0,0.6568,price_proxy,,,,
2018-02-23,0.5173,0.0974,0,0.5254,price_proxy,,,,
2018-02-26,0.5624,0.1027,0,2.1181,price_proxy,,,,
2018-02-27,0.6193,0.1074,0,1.2684,price_proxy,,,,
2018-02-28,0.596,0.1074,0,1.401,price_proxy,,,,
2018-03-02,0.5805,0.1069,0,0.7762,price_proxy,,,,
2018-03-05,0.5,0.1095,0,0.7698,price_proxy,,,,
2018-03-06,0.456,0.11,0,0.6745,price_proxy,,,,
2018-03-07,0.3606,0.112,0,0.5953,price_proxy,,,,
2018-03-08,0.3814,0.0938,0,0.4917,price_proxy,,,,
2018-03-09,0.4669,0.0943,0,0.8734,price_proxy,,,,
2018-03-12,0.5738,0.0961,0,0.594,price_proxy,,,,
2018-03-13,0.5901,0.0908,0,0.7919,price_proxy,,,,
2018-03-14,0.6787,0.0832,0,1.3638,price_proxy,,,,
2018-03-15,0.6605,0.0817,0,0.6665,price_proxy,,,,
2018-03-16,0.6011,0.0827,0,0.4372,price_proxy,,,,
2018-03-19,0.5384,0.0829,0,0.7332,price_proxy,,,,
2018-03-20,0.4785,0.0845,0,0.4624,price_proxy,,,,
2018-03-21,0.4154,0.0861,0,0.4732,price_proxy,,,,
2018-03-22,0.3992,0.087,0,0.4303,price_proxy,,,,
2018-03-23,0.3075,0.1044,0,1.2037,price_proxy,,,,
2018-03-26,0.3226,0.1035,0,0.8739,price_proxy,,,,
2018-03-27,0.3201,0.0976,0,1.7199,price_proxy,,,,
2018-03-28,0.3012,0.0931,0,1.019,price_proxy,,,,
2018-03-29,0.338,0.0945,0,0.5202,price_proxy,,,,
2018-03-30,0.4941,0.0973,0,0.6126,price_proxy,,,,
2018-04-02,0.4233,0.0989,0,1.0986,price_proxy,,,,
2018-04-03,0.3982,0.1011,0,1.3902,price_proxy,,,,
2018-04-04,0.3957,0.1017,0,1.1915,price_proxy,,,,
2018-04-05,0.421,0.1054,0,0.793,price_proxy,,,,
2018-04-06,0.3694,0.1017,0,0.8024,price_proxy,,,,
2018-04-09,0.549,0.1196,0,1.4065,price_proxy,,,,
2018-04-10,0.6578,0.1214,0,1.2442,price_proxy,,,,
2018-04-11,0.7459,0.1206,0,1.5435,price_proxy,,,,
2018-04-12,0.7088,0.121,0,0.9469,price_proxy,,,,
2018-04-13,0.7031,0.1209,0,0.5568,price_proxy,,,,
2018-04-16,0.5599,0.121,0,0.4759,price_proxy,,,,
2018-04-17,0.5117,0.1206,0,0.6965,price_proxy,,,,
2018-04-18,0.4942,0.1203,0,0.7981,price_proxy,,,,
2018-04-19,0.4542,0.1207,0,0.8151,price_proxy,,,,
2018-04-20,0.4597,0.1048,0,0.6394,price_proxy,,,,
2018-04-23,0.4244,0.1086,0,0.8149,price_proxy,,,,
2018-04-24,0.4012,0.1082,0,0.5801,price_proxy,,,,
2018-04-25,0.3324,0.1101,0,1.379,price_proxy,,,,
2018-04-26,0.3826,0.1105,0,0.6609,price_proxy,,,,
2018-04-27,0.3823,0.1069,0,0.6305,price_proxy,,,,
2018-04-30,0.3732,0.1064,0,1.4779,price_proxy,,,,
2018-05-02,0.4266,0.1041,0,1.1245,price_proxy,,,,
2018-05-03,0.5315,0.1027,0,0.6235,price_proxy,,,,
2018-05-04,0.4564,0.1039,0,0.7407,price_proxy,,,,
2018-05-08,0.3938,0.1103,0,1.4822,price_proxy,,,,
2018-05-09,0.4483,0.0859,0,1.4241,price_proxy,,,,
2018-05-10,0.3984,0.0798,0,0.8878,price_proxy,,,,
2018-05-11,0.4318,0.0915,0,0.8279,price_proxy,,,,
2018-05-14,0.4873,0.0912,0,0.9539,price_proxy,,,,
2018-05-15,0.599,0.0949,0,1.4416,price_proxy,,,,
2018-05-16,0.5663,0.096,0,1.0462,price_proxy,,,,
2018-05-17,0.5936,0.0963,0,1.1371,price_proxy,,,,
2018-05-18,0.6607,0.1268,0,2.3635,price_proxy,,,,
2018-05-21,0.6282,0.1265,0,1.3488,price_proxy,,,,
2018-05-23,0.5943,0.1265,0,0.9202,price_proxy,,,,
2018-05-24,0.564,0.1283,0,1.166,price_proxy,,,,
2018-05-25,0.5447,0.1278,0,1.2929,price_proxy,,,,
2018-05-28,0.4346,0.1244,0,1.2999,price_proxy,,,,
2018-05-29,0.482,0.1244,0,1.0027,price_proxy,,,,
2018-05-30,0.4339,0.1267,0,0.7688,price_proxy,,,,
2018-05-31,0.5497,0.1239,0,0.6336,price_proxy,,,,
2018-06-01,0.5937,0.1238,0,0.8664,price_proxy,,,,
2018-06-04,0.5492,0.1223,0,0.6638,price_proxy,,,,
2018-06-05,0.5608,0.1196,0,1.2346,price_proxy,,,,
2018-06-07,0.6181,0.1113,0,1.2194,price_proxy,,,,
2018-06-08,0.5121,0.1163,0,1.0659,price_proxy,,,,
2018-06-11,0.5478,0.1187,0,0.9699,price_proxy,,,,
2018-06-12,0.5541,0.1131,0,0.546,price_proxy,,,,
2018-06-14,0.5118,0.1135,0,0.6732,price_proxy,,,,
2018-06-15,0.5059,0.1123,0,0.7796,price_proxy,,,,
2018-06-18,0.4699,0.1211,0,1.4896,price_proxy,,,,
2018-06-19,0.3309,0.1292,0,1.0601,price_proxy,,,,
2018-06-20,0.4532,0.1229,0,0.877,price_proxy,,,,
2018-06-21,0.5176,0.1261,0,1.49,price_proxy,,,,
2018-06-22,0.6169,0.1369,0,3.7227,price_proxy,,,,
2018-06-25,0.7079,0.1306,0,2.2016,price_proxy,,,,
2018-06-26,0.7102,0.1386,0,1.9999,price_proxy,,,,
2018-06-27,0.542,0.1398,0,0.8384,price_proxy,,,,
2018-06-28,0.4302,0.1427,0,0.7368,price_proxy,,,,
2018-06-29,0.3343,0.1406,0,0.5927,price_proxy,,,,
2018-07-02,0.2618,0.1455,0,0.9545,price_proxy,,,,
2018-07-03,0.4135,0.1525,0,0.906,price_proxy,,,,
2018-07-04,0.412,0.1536,0,0.3709,price_proxy,,,,
2018-07-05,0.4759,0.1524,0,0.5077,price_proxy,,,,
2018-07-06,0.4579,0.1524,0,0.3906,price_proxy,,,,
2018-07-09,0.5,0.1515,0,0.6822,price_proxy,,,,
2018-07-10,0.4759,0.1511,0,0.7442,price_proxy,,,,
2018-07-11,0.4631,0.153,0,0.6439,price_proxy,,,,
2018-07-12,0.4878,0.1547,0,0.382,price_proxy,,,,
2018-07-13,0.5307,0.1554,0,0.4369,price_proxy,,,,
2018-07-16,0.5692,0.148,0,0.3546,price_proxy,,,,
2018-07-17,0.4573,0.1438,0,0.6355,price_proxy,,,,
2018-07-18,0.5251,0.1265,0,0.4728,price_proxy,,,,
2018-07-19,0.4509,0.1228,0,0.6565,price_proxy,,,,
2018-07-20,0.403,0.1059,0,0.8042,price_proxy,,,,
2018-07-23,0.3723,0.1066,0,1.235,price_proxy,,,,
2018-07-24,0.3941,0.1011,0,0.7269,price_proxy,,,,
2018-07-25,0.3024,0.1065,0,1.4984,price_proxy,,,,
2018-07-26,0.3743,0.1083,0,0.6057,price_proxy,,,,
2018-07-27,0.4235,0.1099,0,0.5452,price_proxy,,,,
2018-07-30,0.4222,0.1032,0,0.5416,price_proxy,,,,
2018-07-31,0.4474,0.0889,0,1.0692,price_proxy,,,,
2018-08-01,0.5891,0.0954,0,0.7726,price_proxy,,,,
2018-08-02,0.5134,0.0958,0,0.6813,price_proxy,,,,
2018-08-03,0.4802,0.0956,0,0.4916,price_proxy,,,,
2018-08-06,0.5202,0.0936,0,0.6862,price_proxy,,,,
2018-08-07,0.5135,0.0854,0,0.712,price_proxy,,,,
2018-08-08,0.4607,0.0829,0,0.8855,price_proxy,,,,
2018-08-09,0.5399,0.0844,0,1.4291,price_proxy,,,,
2018-08-10,0.48,0.0882,0,1.0857,price_proxy,,,,
2018-08-13,0.3796,0.1004,0,1.7578,price_proxy,,,,
2018-08-14,0.3054,0.1057,0,2.6376,price_proxy,,,,
2018-08-16,0.2458,0.106,0,1.7483,price_proxy,,,,
2018-08-17,0.1928,0.1057,0,0.8183,price_proxy,,,,
2018-08-20,0.2567,0.1066,0,0.8659,price_proxy,,,,
2018-08-21,0.386,0.1101,0,0.6721,price_proxy,,,,
2018-08-22,0.5148,0.1143,0,0.7437,price_proxy,,,,
2018-08-23,0.523,0.1103,0,1.495,price_proxy,,,,
2018-08-24,0.5077,0.1071,0,1.1504,price_proxy,,,,
2018-08-27,0.5616,0.1124,0,1.1705,price_proxy,,,,
2018-08-28,0.5228,0.1114,0,0.6795,price_proxy,,,,
2018-08-29,0.4853,0.1116,0,0.85,price_proxy,,,,
2018-08-30,0.5076,0.105,0,1.0393,price_proxy,,,,
2018-08-31,0.5154,0.1046,0,1.5092,price_proxy,,,,
2018-09-03,0.4851,0.1071,0,1.5306,price_proxy,,,,
2018-09-04,0.47,0.107,0,0.5763,price_proxy,,,,
2018-09-05,0.5,0.1102,0,1.1417,price_proxy,,,,
2018-09-06,0.4774,0.112,0,0.7078,price_proxy,,,,
2018-09-07,0.4084,0.1143,0,2.1208,price_proxy,,,,
2018-09-10,0.357,0.1115,0,1.0485,price_proxy,,,,
2018-09-11,0.3637,0.1012,0,0.7516,price_proxy,,,,
2018-09-12,0.3141,0.0928,0,1.1491,price_proxy,,,,
2018-09-13,0.3626,0.0885,0,1.583,price_proxy,,,,
2018-09-14,0.6521,0.1425,0,5.0479,price_proxy,,,,
2018-09-17,0.6295,0.1449,0,1.2361,price_proxy,,,,
2018-09-18,0.5814,0.1462,0,1.0405,price_proxy,,,,
2018-09-19,0.5491,0.1455,0,0.9262,price_proxy,,,,
2018-09-20,0.5246,0.1437,0,0.8911,price_proxy,,,,
2018-09-21,0.3364,0.143,0,1.057,price_proxy,,,,
2018-09-27,0.348,0.1388,0,1.3684,price_proxy,,,,
2018-09-28,0.3672,0.1393,0,0.717,price_proxy,,,,
2018-10-01,0.3081,0.1482,0,1.7602,price_proxy,,,,
2018-10-02,0.249,0.153,0,1.3223,price_proxy,,,,
2018-10-04,0.2409,0.153,0,1.2471,price_proxy,,,,
2018-10-05,0.3189,0.156,0,1.0709,price_proxy,,,,
2018-10-08,0.2991,0.1572,0,0.9103,price_proxy,,,,
2018-10-10,0.3317,0.1563,0,0.7669,price_proxy,,,,
2018-10-11,0.3092,0.1625,0,1.319,price_proxy,,,,
2018-10-12,0.3976,0.1695,0,0.7744,price_proxy,,,,
2018-10-15,0.3028,0.1701,0,0.5126,price_proxy,,,,
2018-10-16,0.3976,0.1739,0,0.3846,price_proxy,,,,
2018-10-17,0.4035,0.176,0,1.3928,price_proxy,,,,
2018-10-18,0.5982,0.1838,0,1.3373,price_proxy,,,,
2018-10-19,0.5,0.1366,0,0.518,price_proxy,,,,
2018-10-22,0.5039,0.1365,0,0.891,price_proxy,,,,
2018-10-23,0.3843,0.1382,0,0.5703,price_proxy,,,,
2018-10-24,0.4086,0.1381,0,0.6511,price_proxy,,,,
2018-10-25,0.2562,0.1414,0,0.9642,price_proxy,,,,
2018-10-26,0.2021,0.1418,0,1.0105,price_proxy,,,,
2018-10-29,0.1535,0.1459,0,0.8702,price_proxy,,,,
2018-10-30,0.2981,0.1619,0,1.2978,price_proxy,,,,
2018-10-31,0.4319,0.1702,0,0.7272,price_proxy,,,,
2018-11-01,0.5222,0.1664,0,0.4545,price_proxy,,,,
2018-11-02,0.6704,0.1725,0,0.356,price_proxy,,,,
2018-11-05,0.786,0.1686,0,0.1325,price_proxy,,,,
2018-11-06,0.683,0.1673,0,0.2152,price_proxy,,,,
2018-11-07,0.5682,0.1636,0,0.5319,price_proxy,,,,
2018-11-08,0.5878,0.1537,0,0.6621,price_proxy,,,,
2018-11-09,0.5595,0.1476,0,0.4815,price_proxy,,,,
2018-11-12,0.5296,0.1462,0,0.9853,price_proxy,,,,
2018-11-13,0.5784,0.1462,0,0.8014,price_proxy,,,,
2018-11-14,0.5853,0.1416,0,0.8913,price_proxy,,,,
2018-11-15,0.2896,0.1922,0,4.7446,price_proxy,,,,
2018-11-16,0.3288,0.2,0,2.4921,price_proxy,,,,
2018-11-19,0.385,0.2006,0,0.6367,price_proxy,,,,
2018-11-20,0.3347,0.1972,0,0.6062,price_proxy,,,,
2018-11-21,0.3324,0.1961,0,0.279,price_proxy,,,,
2018-11-22,0.6199,0.1907,0,0.2402,price_proxy,,,,
2018-11-23,0.491,0.1878,0,0.5088,price_proxy,,,,
2018-11-26,0.5068,0.1803,0,0.5743,price_proxy,,,,
2018-11-27,0.5154,0.1741,0,0.2102,price_proxy,,,,
2018-11-28,0.5334,0.1658,0,0.3909,price_proxy,,,,
2018-11-29,0.5534,0.1665,0,0.6465,price_proxy,,,,
2018-11-30,0.5542,0.1634,0,0.2895,price_proxy,,,,
2018-12-03,0.5221,0.1638,0,0.3958,price_proxy,,,,
2018-12-04,0.489,0.1645,0,0.353,price_proxy,,,,
2018-12-05,0.4627,0.1645,0,0.2407,price_proxy,,,,
2018-12-06,0.407,0.1643,0,0.8786,price_proxy,,,,
2018-12-07,0.4847,0.1642,0,0.4144,price_proxy,,,,
2018-12-10,0.4388,0.1643,0,0.6533,price_proxy,,,,
2018-12-11,0.4557,0.1615,0,0.5705,price_proxy,,,,
2018-12-12,0.4353,0.1619,0,1.3728,price_proxy,,,,
2018-12-13,0.4954,0.0813,0,0.4253,price_proxy,,,,
2018-12-14,0.3777,0.0787,0,1.4012,price_proxy,,,,
2018-12-17,0.3399,0.0826,0,1.1609,price_proxy,,,,
2018-12-18,0.416,0.0925,0,1.6145,price_proxy,,,,
2018-12-19,0.4793,0.0945,0,0.5851,price_proxy,,,,
2018-12-20,0.4479,0.0943,0,0.5639,price_proxy,,,,
2018-12-21,0.5212,0.0922,0,0.2198,price_proxy,,,,
2018-12-24,0.6151,0.0886,0,1.0511,price_proxy,,,,
2018-12-26,0.5379,0.0885,0,0.7427,price_proxy,,,,
2018-12-27,0.4736,0.0891,0,0.6474,price_proxy,,,,
2018-12-28,0.5497,0.0981,0,1.102,price_proxy,,,,
2019-01-02,0.5499,0.0963,0,0.8764,price_proxy,,,,
2019-01-03,0.4081,0.1132,0,1.8644,price_proxy,,,,
2019-01-04,0.3768,0.1138,0,1.7148,price_proxy,,,,
2019-01-07,0.4108,0.114,0,0.6026,price_proxy,,,,
2019-01-08,0.3144,0.1139,0,0.777,price_proxy,,,,
2019-01-09,0.3393,0.1117,0,0.7171,price_proxy,,,,
2019-01-10,0.4975,0.1147,0,0.4334,price_proxy,,,,
2019-01-11,0.5682,0.1163,0,0.2964,price_proxy,,,,
2019-01-14,0.5555,0.1152,0,0.8052,price_proxy,,,,
2019-01-15,0.6023,0.1141,0,0.469,price_proxy,,,,
2019-01-16,0.5911,0.1062,0,0.3629,price_proxy,,,,
2019-01-17,0.5595,0.0991,0,0.7844,price_proxy,,,,
2019-01-18,0.6001,0.0993,0,1.4595,price_proxy,,,,
2019-01-21,0.6104,0.0982,0,1.0171,price_proxy,,,,
2019-01-22,0.5633,0.0996,0,1.5542,price_proxy,,,,
2019-01-23,0.5581,0.0995,0,0.2711,price_proxy,,,,
2019-01-24,0.589,0.1013,0,0.9719,price_proxy,,,,
2019-01-25,0.593,0.1078,0,2.8986,price_proxy,,,,
2019-01-28,0.5814,0.106,0,1.3058,price_proxy,,,,
2019-01-29,0.6156,0.0987,0,0.7212,price_proxy,,,,
2019-01-30,0.6176,0.0985,0,1.0864,price_proxy,,,,
2019-01-31,0.5853,0.0702,0,0.9655,price_proxy,,,,
2019-02-01,0.4889,0.067,0,0.644,price_proxy,,,,
2019-02-07,0.5514,0.0698,0,2.2925,price_proxy,,,,
2019-02-08,0.529,0.0681,0,0.8666,price_proxy,,,,
2019-02-11,0.5222,0.0686,0,0.7425,price_proxy,,,,
2019-02-12,0.511,0.067,0,2.1873,price_proxy,,,,
2019-02-13,0.6162,0.076,0,3.2384,price_proxy,,,,
2019-02-14,0.5915,0.075,0,3.5523,price_proxy,,,,
2019-02-15,0.6099,0.0755,0,1.3656,price_proxy,,,,
2019-02-18,0.5549,0.0836,0,1.9753,price_proxy,,,,
2019-02-19,0.5879,0.0843,0,0.9945,price_proxy,,,,
2019-02-20,0.5,0.0788,0,1.5712,price_proxy,,,,
2019-02-21,0.5812,0.0946,0,7.3914,price_proxy,,,,
2019-02-22,0.5688,0.0928,0,1.1622,price_proxy,,,,
2019-02-25,0.6711,0.0937,0,1.7907,price_proxy,,,,
2019-02-26,0.5821,0.0995,0,1.1634,price_proxy,,,,
2019-02-27,0.5697,0.0949,0,0.7674,price_proxy,,,,
2019-02-28,0.3699,0.1092,0,1.3779,price_proxy,,,,
2019-03-04,0.3792,0.1092,0,0.4517,price_proxy,,,,
2019-03-05,0.2773,0.1155,0,0.6048,price_proxy,,,,
2019-03-06,0.3443,0.1159,0,0.4089,price_proxy,,,,
2019-03-07,0.3592,0.1152,0,0.4304,price_proxy,,,,
2019-03-08,0.4143,0.1136,0,0.3286,price_proxy,,,,
2019-03-11,0.4078,0.1134,0,0.2719,price_proxy,,,,
2019-03-12,0.5133,0.1156,0,0.3559,price_proxy,,,,
2019-03-13,0.5504,0.1197,0,0.5965,price_proxy,,,,
2019-03-14,0.579,0.1124,0,0.7702,price_proxy,,,,
2019-03-15,0.5895,0.1123,0,0.4119,price_proxy,,,,
2019-03-18,0.6416,0.1146,0,0.3621,price_proxy,,,,
2019-03-19,0.5815,0.1113,0,0.3088,price_proxy,,,,
2019-03-20,0.5193,0.11,0,0.2856,price_proxy,,,,
2019-03-21,0.5465,0.1135,0,0.9671,price_proxy,,,,
2019-03-22,0.5728,0.0965,0,1.0609,price_proxy,,,,
2019-03-25,0.437,0.1077,0,0.8098,price_proxy,,,,
2019-03-26,0.4704,0.1048,0,0.6867,price_proxy,,,,
2019-03-27,0.464,0.102,0,0.5245,price_proxy,,,,
2019-03-28,0.3803,0.103,0,0.345,price_proxy,,,,
2019-03-29,0.3781,0.0908,0,0.6102,price_proxy,,,,
2019-04-01,0.526,0.0961,0,0.7235,price_proxy,,,,
2019-04-02,0.5107,0.0885,0,0.4722,price_proxy,,,,
2019-04-03,0.5669,0.091,0,1.9651,price_proxy,,,,
2019-04-04,0.7942,0.1303,0,6.3796,price_proxy,,,,
2019-04-05,0.9092,0.1337,0,4.9282,price_proxy,,,,
2019-04-08,0.7781,0.1388,0,1.5266,price_proxy,,,,
2019-04-09,0.8077,0.1384,0,1.1812,price_proxy,,,,
2019-04-10,0.7547,0.1367,0,1.4732,price_proxy,,,,
2019-04-11,0.6435,0.1402,0,2.2662,price_proxy,,,,
2019-04-12,0.5091,0.1411,0,1.1175,price_proxy,,,,
2019-04-15,0.5376,0.1423,0,0.5744,price_proxy,,,,
2019-04-16,0.5,0.1419,0,1.0644,price_proxy,,,,
2019-04-17,0.6111,0.1505,0,2.0486,price_proxy,,,,
2019-04-18,0.4643,0.1565,0,1.0502,price_proxy,,,,
2019-04-19,0.5364,0.1567,0,0.4461,price_proxy,,,,
2019-04-22,0.6014,0.1447,0,0.6007,price_proxy,,,,
2019-04-23,0.6111,0.1451,0,0.6675,price_proxy,,,,
2019-04-24,0.4474,0.1496,0,0.5372,price_proxy,,,,
2019-04-25,0.5273,0.1468,0,0.956,price_proxy,,,,
2019-04-26,0.4196,0.1544,0,0.4956,price_proxy,,,,
2019-04-29,0.4912,0.1611,0,0.6774,price_proxy,,,,
2019-04-30,0.5263,0.1609,0,2.4016,price_proxy,,,,
2019-05-02,0.6351,0.1611,0,1.2565,price_proxy,,,,
2019-05-03,0.6076,0.1354,0,0.6001,price_proxy,,,,
2019-05-07,0.5837,0.1382,0,0.9534,price_proxy,,,,
2019-05-08,0.3943,0.142,0,0.8116,price_proxy,,,,
2019-05-09,0.2749,0.1496,0,1.0095,price_proxy,,,,
2019-05-10,0.2215,0.1497,0,0.6588,price_proxy,,,,
2019-05-13,0.2106,0.1434,0,0.6468,price_proxy,,,,
2019-05-14,0.2696,0.1431,0,0.554,price_proxy,,,,
2019-05-15,0.3791,0.1449,0,0.4829,price_proxy,,,,
2019-05-16,0.2561,0.1833,0,2.2139,price_proxy,,,,
2019-05-17,0.1863,0.1724,0,0.9875,price_proxy,,,,
2019-05-20,0.1239,0.1756,0,1.1417,price_proxy,,,,
2019-05-21,0.1751,0.1754,0,0.7322,price_proxy,,,,
2019-05-22,0.098,0.1721,0,0.5401,price_proxy,,,,
2019-05-23,0.2289,0.1723,0,1.0216,price_proxy,,,,
2019-05-24,0.2884,0.1722,0,0.3413,price_proxy,,,,
2019-05-27,0.3922,0.1721,0,0.2854,price_proxy,,,,
2019-05-28,0.3627,0.1719,0,0.6542,price_proxy,,,,
2019-05-29,0.386,0.1523,0,0.4496,price_proxy,,,,
2019-05-30,0.4871,0.1518,0,0.2917,price_proxy,,,,
2019-05-31,0.513,0.1452,0,0.3219,price_proxy,,,,
2019-06-03,0.5078,0.1465,0,0.5498,price_proxy,,,,
2019-06-04,0.531,0.1473,0,0.6106,price_proxy,,,,
2019-06-05,0.6156,0.1515,0,0.4775,price_proxy,,,,
2019-06-07,0.5776,0.1474,0,0.3338,price_proxy,,,,
2019-06-10,0.5879,0.1485,0,0.2525,price_proxy,,,,
2019-06-11,0.5981,0.1496,0,0.3457,price_proxy,,,,
2019-06-12,0.5662,0.1497,0,0.3013,price_proxy,,,,
2019-06-13,0.4975,0.1463,0,0.5364,price_proxy,,,,
2019-06-14,0.4577,0.0986,0,0.8983,price_proxy,,,,
2019-06-17,0.4307,0.0891,0,0.5655,price_proxy,,,,
2019-06-18,0.4139,0.0725,0,0.7536,price_proxy,,,,
2019-06-19,0.4679,0.0757,0,1.863,price_proxy,,,,
2019-06-20,0.5299,0.0741,0,0.9823,price_proxy,,,,
2019-06-21,0.5687,0.0622,0,0.5679,price_proxy,,,,
2019-06-24,0.5513,0.0635,0,0.7967,price_proxy,,,,
2019-06-25,0.5566,0.0635,0,0.9356,price_proxy,,,,
2019-06-26,0.5075,0.0635,0,0.9924,price_proxy,,,,
2019-06-27,0.4681,0.0605,0,0.8117,price_proxy,,,,
2019-06-28,0.4902,0.059,0,0.5418,price_proxy,,,,
2019-07-01,0.5025,0.0604,0,0.8733,price_proxy,,,,
2019-07-02,0.5,0.0605,0,0.5779,price_proxy,,,,
2019-07-03,0.872,0.2064,0,10.0,price_proxy,,,,
2019-07-04,0.9085,0.2059,0,4.7592,price_proxy,,,,
2019-07-05,0.8758,0.2062,0,1.8663,price_proxy,,,,
2019-07-08,0.7122,0.2263,0,1.3235,price_proxy,,,,
2019-07-09,0.6,0.2344,0,0.8863,price_proxy,,,,
2019-07-10,0.3358,0.2373,0,0.4557,price_proxy,,,,
2019-07-11,0.3139,0.2368,0,0.5096,price_proxy,,,,
2019-07-12,0.4147,0.239,0,0.375,price_proxy,,,,
2019-07-15,0.64,0.2392,0,0.7529,price_proxy,,,,
2019-07-16,0.7095,0.2413,0,2.3418,price_proxy,,,,
2019-07-17,0.5321,0.2475,0,0.4764,price_proxy,,,,
2019-07-18,0.6209,0.2512,0,0.5174,price_proxy,,,,
2019-07-19,0.5217,0.251,0,0.5412,price_proxy,,,,
2019-07-22,0.6519,0.2663,0,1.8969,price_proxy,,,,
2019-07-23,0.5603,0.2781,0,0.8472,price_proxy,,,,
2019-07-24,0.5609,0.2842,0,0.3501,price_proxy,,,,
2019-07-25,0.4613,0.2843,0,0.2264,price_proxy,,,,
2019-07-26,0.4032,0.2871,0,0.3206,price_proxy,,,,
2019-07-29,0.1098,0.2986,0,0.2393,price_proxy,,,,
2019-07-30,0.2824,0.3008,0,0.1351,price_proxy,,,,
2019-07-31,0.3773,0.2216,0,0.2143,price_proxy,,,,
2019-08-01,0.3202,0.222,0,0.2272,price_proxy,,,,
2019-08-02,0.3983,0.2229,0,0.1804,price_proxy,,,,
2019-08-05,0.3441,0.2318,0,0.5525,price_proxy,,,,
2019-08-06,0.2371,0.227,0,0.5885,price_proxy,,,,
2019-08-07,0.3086,0.2293,0,0.4196,price_proxy,,,,
2019-08-08,0.4711,0.2379,0,1.0283,price_proxy,,,,
2019-08-09,0.4476,0.231,0,0.2827,price_proxy,,,,
2019-08-12,0.6876,0.2285,0,0.2136,price_proxy,,,,
2019-08-13,0.7703,0.2287,0,0.8558,price_proxy,,,,
2019-08-14,0.6677,0.224,0,0.5169,price_proxy,,,,
2019-08-16,0.5073,0.2175,0,0.2096,price_proxy,,,,
2019-08-19,0.5098,0.2175,0,0.2219,price_proxy,,,,
2019-08-20,0.5676,0.1934,0,0.7045,price_proxy,,,,
2019-08-21,0.5619,0.1843,0,0.6632,price_proxy,,,,
2019-08-22,0.5714,0.1787,0,0.5002,price_proxy,,,,
2019-08-23,0.5633,0.1806,0,0.5694,price_proxy,,,,
2019-08-26,0.4732,0.1834,0,0.8218,price_proxy,,,,
2019-08-27,0.4346,0.168,0,0.3993,price_proxy,,,,
2019-08-28,0.4423,0.1639,0,0.2429,price_proxy,,,,
2019-08-29,0.4172,0.164,0,0.3525,price_proxy,,,,
2019-08-30,0.5165,0.1622,0,0.3765,price_proxy,,,,
2019-09-02,0.6381,0.1625,0,0.4102,price_proxy,,,,
2019-09-03,0.5942,0.1173,0,0.2378,price_proxy,,,,
2019-09-04,0.5809,0.1126,0,0.5306,price_proxy,,,,
2019-09-05,0.6511,0.1058,0,1.0343,price_proxy,,,,
2019-09-06,0.589,0.092,0,0.5463,price_proxy,,,,
2019-09-09,0.5115,0.0963,0,0.5544,price_proxy,,,,
2019-09-10,0.5277,0.0959,0,0.5107,price_proxy,,,,
2019-09-11,0.5411,0.0961,0,0.6428,price_proxy,,,,
2019-09-16,0.6851,0.1384,0,10.0,price_proxy,,,,
2019-09-17,0.6121,0.1437,0,1.9751,price_proxy,,,,
2019-09-18,0.6674,0.1436,0,1.0717,price_proxy,,,,
2019-09-19,0.7025,0.1399,0,0.7294,price_proxy,,,,
2019-09-20,0.6277,0.1422,0,0.7132,price_proxy,,,,
2019-09-23,0.4837,0.1435,0,2.363,price_proxy,,,,
2019-09-24,0.5807,0.1389,0,0.7801,price_proxy,,,,
2019-09-25,0.5042,0.1354,0,0.8221,price_proxy,,,,
2019-09-26,0.4566,0.1349,0,0.4449,price_proxy,,,,
2019-09-27,0.5084,0.1345,0,0.2528,price_proxy,,,,
2019-09-30,0.393,0.1411,0,0.8897,price_proxy,,,,
2019-10-01,0.3306,0.143,0,0.4588,price_proxy,,,,
2019-10-02,0.4092,0.1424,0,0.2818,price_proxy,,,,
2019-10-04,0.4007,0.1426,0,0.2834,price_proxy,,,,
2019-10-07,0.3763,0.1426,0,0.2899,price_proxy,,,,
2019-10-08,0.4717,0.1408,0,0.3406,price_proxy,,,,
2019-10-10,0.5535,0.1415,0,0.261,price_proxy,,,,
2019-10-11,0.646,0.1486,0,1.822,price_proxy,,,,
2019-10-14,0.7667,0.1563,0,2.751,price_proxy,,,,
2019-10-15,0.7905,0.1561,0,0.8377,price_proxy,,,,
2019-10-16,0.7051,0.1228,0,0.9648,price_proxy,,,,
2019-10-17,0.6694,0.1145,0,0.781,price_proxy,,,,
2019-10-18,0.5825,0.1148,0,0.642,price_proxy,,,,
2019-10-21,0.4529,0.1137,0,0.721,price_proxy,,,,
2019-10-22,0.578,0.1319,0,2.1469,price_proxy,,,,
2019-10-23,0.58,0.134,0,3.4008,price_proxy,,,,
2019-10-24,0.542,0.1361,0,1.6115,price_proxy,,,,
2019-10-25,0.4604,0.1348,0,2.0041,price_proxy,,,,
2019-10-28,0.5482,0.1379,0,1.2626,price_proxy,,,,
2019-10-29,0.5,0.1443,0,1.5848,price_proxy,,,,
2019-10-30,0.5192,0.1386,0,0.6201,price_proxy,,,,
2019-10-31,0.5588,0.1343,0,0.513,price_proxy,,,,
2019-11-01,0.6919,0.1369,0,0.5758,price_proxy,,,,
2019-11-04,0.598,0.1384,0,0.7442,price_proxy,,,,
2019-11-05,0.5845,0.1405,0,1.8614,price_proxy,,,,
2019-11-06,0.6143,0.1409,0,1.0829,price_proxy,,,,
2019-11-07,0.6048,0.1417,0,0.3765,price_proxy,,,,
2019-11-08,0.5092,0.1349,0,0.3528,price_proxy,,,,
2019-11-11,0.4439,0.1357,0,0.4305,price_proxy,,,,
2019-11-12,0.4369,0.14,0,0.4296,price_proxy,,,,
2019-11-13,0.4009,0.1388,0,0.2551,price_proxy,,,,
2019-11-14,0.31,0.1506,0,2.2251,price_proxy,,,,
2019-11-15,0.3807,0.1525,0,0.6101,price_proxy,,,,
2019-11-18,0.5288,0.1543,0,0.5993,price_proxy,,,,
2019-11-19,0.4256,0.1371,0,0.3262,price_proxy,,,,
2019-11-20,0.3787,0.1422,0,0.6638,price_proxy,,,,
2019-11-21,0.476,0.1409,0,0.2521,price_proxy,,,,
2019-11-22,0.3732,0.1406,0,0.3921,price_proxy,,,,
2019-11-25,0.3483,0.1376,0,0.1966,price_proxy,,,,
2019-11-26,0.413,0.1293,0,0.2664,price_proxy,,,,
2019-11-27,0.4717,0.1292,0,0.2341,price_proxy,,,,
2019-11-28,0.4534,0.1295,0,0.2564,price_proxy,,,,
2019-11-29,0.4458,0.1258,0,0.709,price_proxy,,,,
2019-12-02,0.4221,0.1261,0,0.186,price_proxy,,,,
2019-12-03,0.3667,0.1164,0,0.2499,price_proxy,,,,
2019-12-04,0.3444,0.1171,0,0.4574,price_proxy,,,,
2019-12-05,0.3819,0.1186,0,0.5832,price_proxy,,,,
2019-12-06,0.4936,0.124,0,0.4381,price_proxy,,,,
2019-12-09,0.468,0.1165,0,0.4602,price_proxy,,,,
2019-12-10,0.4827,0.1079,0,0.4512,price_proxy,,,,
2019-12-11,0.5466,0.1082,0,0.279,price_proxy,,,,
2019-12-12,0.5551,0.0969,0,0.6441,price_proxy,,,,
2019-12-13,0.6267,0.1152,0,2.7028,price_proxy,,,,
2019-12-16,0.6692,0.1109,0,2.234,price_proxy,,,,
2019-12-17,0.6834,0.1093,0,2.3608,price_proxy,,,,
2019-12-18,0.6345,0.1008,0,2.3386,price_proxy,,,,
2019-12-19,0.5815,0.1017,0,1.779,price_proxy,,,,
2019-12-20,0.4273,0.0988,0,2.9298,price_proxy,,,,
2019-12-23,0.364,0.1001,0,1.7013,price_proxy,,,,
2019-12-24,0.346,0.0984,0,1.3859,price_proxy,,,,
2019-12-26,0.4451,0.1064,0,2.0504,price_proxy,,,,
2019-12-27,0.4629,0.1058,0,1.019,price_proxy,,,,
2019-12-30,0.544,0.1023,0,2.0826,price_proxy,,,,
2020-01-02,0.6781,0.1102,0,2.135,price_proxy,,,,
2020-01-03,0.6885,0.1089,0,1.4296,price_proxy,,,,
2020-01-06,0.5731,0.1068,0,1.2412,price_proxy,,,,
2020-01-07,0.6091,0.1071,0,1.9932,price_proxy,,,,
2020-01-08,0.4774,0.1152,0,1.3601,price_proxy,,,,
2020-01-09,0.6281,0.1693,0,3.5905,price_proxy,,,,
2020-01-10,0.6683,0.1686,0,2.2951,price_proxy,,,,
2020-01-13,0.7984,0.1718,0,2.0102,price_proxy,,,,
2020-01-14,0.6493,0.1847,0,3.2739,price_proxy,,,,
2020-01-15,0.7822,0.1755,0,1.2696,price_proxy,,,,
2020-01-16,0.8241,0.2266,0,5.4987,price_proxy,,,,
2020-01-17,0.9475,0.2335,0,4.5986,price_proxy,,,,
2020-01-20,0.7719,0.237,0,2.1052,price_proxy,,,,
2020-01-21,0.9259,0.235,0,1.1617,price_proxy,,,,
2020-01-22,0.8727,0.2331,0,1.3085,price_proxy,,,,
2020-01-23,0.6355,0.2289,0,1.3322,price_proxy,,,,
2020-01-28,0.403,0.2383,0,1.688,price_proxy,,,,
2020-01-29,0.4459,0.2392,0,0.749,price_proxy,,,,
2020-01-30,0.3626,0.2435,0,0.7454,price_proxy,,,,
2020-01-31,0.3238,0.2466,0,0.5816,price_proxy,,,,
2020-02-03,0.3134,0.2446,0,0.7068,price_proxy,,,,
2020-02-04,0.398,0.2446,0,0.5076,price_proxy,,,,
2020-02-05,0.4365,0.2426,0,0.7694,price_proxy,,,,
2020-02-06,0.5164,0.2426,0,0.5348,price_proxy,,,,
2020-02-07,0.4832,0.2426,0,0.4568,price_proxy,,,,
2020-02-10,0.4424,0.2099,0,0.2044,price_proxy,,,,
2020-02-11,0.5992,0.2229,0,0.8581,price_proxy,,,,
2020-02-12,0.6475,0.2215,0,0.6915,price_proxy,,,,
2020-02-13,0.687,0.2116,0,1.0601,price_proxy,,,,
2020-02-14,0.9915,0.2284,0,1.7352,price_proxy,,,,
2020-02-17,0.9407,0.1832,0,1.6573,price_proxy,,,,
2020-02-18,0.7047,0.1739,0,0.8974,price_proxy,,,,
2020-02-19,0.6832,0.17,0,1.0185,price_proxy,,,,
2020-02-20,0.6338,0.1699,0,0.9101,price_proxy,,,,
2020-02-21,0.4184,0.1713,0,0.7849,price_proxy,,,,
2020-02-24,0.3889,0.1744,0,0.811,price_proxy,,,,
2020-02-25,0.5286,0.1707,0,0.9306,price_proxy,,,,
2020-02-26,0.4091,0.1763,0,0.9673,price_proxy,,,,
2020-02-27,0.27,0.1896,0,0.8218,price_proxy,,,,
2020-02-28,0.2234,0.1938,0,1.0441,price_proxy,,,,
2020-03-02,0.3603,0.1973,0,0.8712,price_proxy,,,,
2020-03-03,0.2746,0.1973,0,0.867,price_proxy,,,,
2020-03-04,0.478,0.2103,0,0.9258,price_proxy,,,,
2020-03-05,0.6575,0.2105,0,0.6362,price_proxy,,,,
2020-03-06,0.7058,0.2065,0,0.5647,price_proxy,,,,
2020-03-09,0.4605,0.224,0,0.8146,price_proxy,,,,
2020-03-10,0.5476,0.2132,0,0.6592,price_proxy,,,,
2020-03-11,0.2926,0.2206,0,0.8421,price_proxy,,,,
2020-03-12,0.0693,0.2459,0,1.7474,price_proxy,,,,
2020-03-13,0.0,0.2316,0,1.9857,price_proxy,,,,
2020-03-16,0.0,0.2528,0,1.7627,price_proxy,,,,
2020-03-17,0.0,0.2528,0,1.2029,price_proxy,,,,
2020-03-18,0.0,0.2679,0,1.2517,price_proxy,,,,
2020-03-19,0.0,0.3191,0,1.1665,price_proxy,,,,
2020-03-20,0.0,0.4061,0,1.3945,price_proxy,,,,
2020-03-23,0.0358,0.4074,0,0.6815,price_proxy,,,,
2020-03-24,0.1679,0.4105,0,0.8799,price_proxy,,,,
2020-03-25,0.4865,0.4182,0,1.0471,price_proxy,,,,
2020-03-26,0.9662,0.4159,0,1.1042,price_proxy,,,,
2020-03-27,0.774,0.4361,0,1.1437,price_proxy,,,,
2020-03-30,1.0,0.4382,0,0.9753,price_proxy,,,,
2020-03-31,1.0,0.4541,0,0.9992,price_proxy,,,,
2020-04-01,1.0,0.4449,0,1.3305,price_proxy,,,,
2020-04-02,1.0,0.4458,0,1.0458,price_proxy,,,,
2020-04-03,0.813,0.4457,0,0.4616,price_proxy,,,,
2020-04-06,0.7948,0.4445,0,0.7699,price_proxy,,,,
2020-04-07,0.7258,0.4481,0,1.1571,price_proxy,,,,
2020-04-08,0.6922,0.4442,0,0.7174,price_proxy,,,,
2020-04-09,0.7023,0.4288,0,0.7284,price_proxy,,,,
2020-04-10,0.6182,0.4216,0,0.8593,price_proxy,,,,
2020-04-13,0.3191,0.4178,0,1.0818,price_proxy,,,,
2020-04-14,0.272,0.4175,0,0.6266,price_proxy,,,,
2020-04-16,0.3621,0.3917,0,0.3873,price_proxy,,,,
2020-04-17,0.389,0.3096,0,0.9379,price_proxy,,,,
2020-04-20,0.502,0.2471,0,0.6048,price_proxy,,,,
2020-04-21,0.7418,0.2316,0,1.0466,price_proxy,,,,
2020-04-22,0.6374,0.2306,0,0.5283,price_proxy,,,,
2020-04-23,0.6693,0.2306,0,0.9178,price_proxy,,,,
2020-04-24,0.5061,0.2358,0,0.6651,price_proxy,,,,
2020-04-27,0.5263,0.2153,0,0.4924,price_proxy,,,,
2020-04-28,0.4919,0.2115,0,0.4435,price_proxy,,,,
2020-04-29,0.5816,0.1897,0,0.8875,price_proxy,,,,
2020-05-04,0.4805,0.1897,0,0.7631,price_proxy,,,,
2020-05-06,0.6919,0.2006,0,2.369,price_proxy,,,,
2020-05-07,0.8,0.2056,0,2.9375,price_proxy,,,,
2020-05-08,0.8684,0.2023,0,0.9403,price_proxy,,,,
2020-05-11,0.8235,0.1933,0,1.1119,price_proxy,,,,
2020-05-12,0.7562,0.1963,0,1.1031,price_proxy,,,,
2020-05-13,0.6014,0.1949,0,0.6618,price_proxy,,,,
2020-05-14,0.4043,0.1893,0,0.9435,price_proxy,,,,
2020-05-15,0.4744,0.1525,0,1.3159,price_proxy,,,,
2020-05-18,0.8629,0.2596,0,7.6096,price_proxy,,,,
2020-05-19,0.9629,0.2599,0,2.3808,price_proxy,,,,
2020-05-20,1.0,0.2587,0,1.3607,price_proxy,,,,
2020-05-21,1.0,0.2699,0,3.7358,price_proxy,,,,
2020-05-22,1.0,0.2905,0,4.8724,price_proxy,,,,
2020-05-25,1.0,0.2866,0,1.7438,price_proxy,,,,
2020-05-26,1.0,0.2928,0,1.2282,price_proxy,,,,
2020-05-27,0.875,0.301,0,0.8425,price_proxy,,,,
2020-05-28,0.6899,0.3008,0,1.1386,price_proxy,,,,
2020-05-29,0.3599,0.3069,0,0.5559,price_proxy,,,,
2020-06-01,0.3177,0.307,0,0.5873,price_proxy,,,,
2020-06-02,0.3791,0.3056,0,0.4804,price_proxy,,,,
2020-06-03,0.424,0.3098,0,0.4162,price_proxy,,,,
2020-06-04,0.5173,0.3099,0,0.5823,price_proxy,,,,
2020-06-05,0.5241,0.3164,0,0.368,price_proxy,,,,
2020-06-08,0.5295,0.3163,0,0.3473,price_proxy,,,,
2020-06-09,0.4649,0.3144,0,0.2935,price_proxy,,,,
2020-06-10,0.5061,0.316,0,0.2813,price_proxy,,,,
2020-06-11,0.3567,0.312,0,0.3521,price_proxy,,,,
2020-06-12,0.4405,0.3101,0,0.4541,price_proxy,,,,
2020-06-15,0.1802,0.2583,0,0.5926,price_proxy,,,,
2020-06-16,0.2917,0.2615,0,0.5494,price_proxy,,,,
2020-06-17,0.4152,0.2654,0,0.559,price_proxy,,,,
2020-06-18,0.4321,0.2454,0,0.3084,price_proxy,,,,
2020-06-19,0.5061,0.2059,0,0.6845,price_proxy,,,,
2020-06-22,0.7422,0.1987,0,0.4614,price_proxy,,,,
2020-06-23,0.8056,0.2136,0,1.9536,price_proxy,,,,
2020-06-24,0.7089,0.2032,0,2.1797,price_proxy,,,,
2020-06-25,0.73,0.2029,0,0.9591,price_proxy,,,,
2020-06-26,0.5673,0.201,0,1.0927,price_proxy,,,,
2020-06-29,0.5309,0.2019,0,0.6919,price_proxy,,,,
2020-06-30,0.4135,0.2019,0,0.6532,price_proxy,,,,
2020-07-01,0.414,0.1976,0,1.4362,price_proxy,,,,
2020-07-02,0.5802,0.2085,0,1.7613,price_proxy,,,,
2020-07-03,0.6302,0.2041,0,1.3524,price_proxy,,,,
2020-07-06,0.81,0.2104,0,2.0656,price_proxy,,,,
2020-07-07,0.7349,0.2104,0,1.1346,price_proxy,,,,
2020-07-08,0.6916,0.2099,0,0.5562,price_proxy,,,,
2020-07-09,0.5386,0.2082,0,0.7742,price_proxy,,,,
2020-07-10,0.5222,0.2097,0,1.063,price_proxy,,,,
2020-07-13,0.3947,0.1633,0,0.4809,price_proxy,,,,
2020-07-14,0.5108,0.1622,0,0.9283,price_proxy,,,,
2020-07-15,0.7732,0.1926,0,3.6073,price_proxy,,,,
2020-07-16,0.7,0.1949,0,1.1008,price_proxy,,,,
2020-07-17,0.7967,0.1924,0,0.869,price_proxy,,,,
2020-07-20,0.7778,0.1941,0,0.5712,price_proxy,,,,
2020-07-21,0.9075,0.2041,0,1.7722,price_proxy,,,,
2020-07-22,0.5433,0.2162,0,2.0311,price_proxy,,,,
2020-07-23,0.4951,0.2239,0,1.19,price_proxy,,,,
2020-07-24,0.4091,0.2214,0,0.6328,price_proxy,,,,
2020-07-27,0.5829,0.2265,0,0.9007,price_proxy,,,,
2020-07-28,0.3842,0.2278,0,0.7618,price_proxy,,,,
2020-07-29,0.4953,0.228,0,0.4816,price_proxy,,,,
2020-07-30,0.7266,0.221,0,1.7653,price_proxy,,,,
2020-07-31,0.7306,0.2219,0,0.4775,price_proxy,,,,
2020-08-03,0.5984,0.2165,0,0.4784,price_proxy,,,,
2020-08-04,0.5567,0.2175,0,0.4108,price_proxy,,,,
2020-08-05,0.5613,0.2161,0,0.4835,price_proxy,,,,
2020-08-06,0.385,0.2193,0,0.4523,price_proxy,,,,
2020-08-07,0.3787,0.2196,0,0.6464,price_proxy,,,,
2020-08-10,0.4286,0.2202,0,0.4662,price_proxy,,,,
2020-08-11,0.4264,0.2221,0,0.5219,price_proxy,,,,
2020-08-12,0.4085,0.1863,0,0.5701,price_proxy,,,,
2020-08-13,0.4202,0.186,0,0.3971,price_proxy,,,,
2020-08-14,0.4474,0.1837,0,0.6784,price_proxy,,,,
2020-08-18,0.2685,0.194,0,0.6185,price_proxy,,,,
2020-08-19,0.4045,0.1696,0,0.6299,price_proxy,,,,
2020-08-20,0.2362,0.1871,0,1.2285,price_proxy,,,,
2020-08-21,0.2408,0.1827,0,0.8688,price_proxy,,,,
2020-08-24,0.2543,0.1825,0,0.601,price_proxy,,,,
2020-08-25,0.4215,0.1668,0,0.821,price_proxy,,,,
2020-08-26,0.2945,0.1678,0,0.6352,price_proxy,,,,
2020-08-27,0.4227,0.1687,0,0.4839,price_proxy,,,,
2020-08-28,0.4831,0.1492,0,0.5654,price_proxy,,,,
2020-08-31,0.5,0.1511,0,0.666,price_proxy,,,,
2020-09-01,0.6144,0.1825,0,1.3575,price_proxy,,,,
2020-09-02,0.7402,0.1854,0,1.0083,price_proxy,,,,
2020-09-03,0.8046,0.1852,0,0.8017,price_proxy,,,,
2020-09-04,0.6983,0.1864,0,0.7662,price_proxy,,,,
2020-09-07,0.6849,0.1858,0,0.6772,price_proxy,,,,
2020-09-08,0.5258,0.1819,0,0.7843,price_proxy,,,,
2020-09-09,0.4002,0.1819,0,0.652,price_proxy,,,,
2020-09-10,0.3853,0.182,0,0.993,price_proxy,,,,
2020-09-11,0.4433,0.1812,0,0.4259,price_proxy,,,,
2020-09-14,0.5923,0.2026,0,2.1299,price_proxy,,,,
2020-09-15,0.5458,0.1913,0,1.145,price_proxy,,,,
2020-09-16,0.5315,0.1902,0,0.73,price_proxy,,,,
2020-09-17,0.4894,0.1637,0,0.5651,price_proxy,,,,
2020-09-18,0.5477,0.1642,0,0.4362,price_proxy,,,,
2020-09-21,0.2941,0.1748,0,0.6527,price_proxy,,,,
2020-09-22,0.2711,0.1748,0,0.8294,price_proxy,,,,
2020-09-23,0.4638,0.1869,0,1.3149,price_proxy,,,,
2020-09-24,0.3883,0.1984,0,1.0468,price_proxy,,,,
2020-09-25,0.3394,0.198,0,0.6198,price_proxy,,,,
2020-09-28,0.5328,0.2039,0,0.4218,price_proxy,,,,
2020-09-29,0.5899,0.1811,0,0.4739,price_proxy,,,,
2020-10-05,0.4895,0.1781,0,0.751,price_proxy,,,,
2020-10-06,0.6408,0.1782,0,0.6191,price_proxy,,,,
2020-10-07,0.7648,0.1856,0,2.4031,price_proxy,,,,
2020-10-08,0.7849,0.1945,0,3.7962,price_proxy,,,,
2020-10-12,0.7151,0.1981,0,1.4583,price_proxy,,,,
2020-10-13,0.7011,0.1945,0,0.9573,price_proxy,,,,
2020-10-14,0.7105,0.194,0,2.6371,price_proxy,,,,
2020-10-15,0.51,0.1995,0,1.0241,price_proxy,,,,
2020-10-16,0.4294,0.1802,0,1.0199,price_proxy,,,,
2020-10-19,0.5049,0.1794,0,0.9563,price_proxy,,,,
2020-10-20,0.4471,0.1757,0,1.0396,price_proxy,,,,
2020-10-21,0.381,0.175,0,0.6779,price_proxy,,,,
2020-10-22,0.3465,0.1835,0,0.8924,price_proxy,,,,
2020-10-23,0.3049,0.1748,0,0.3652,price_proxy,,,,
2020-10-26,0.1755,0.1862,0,1.2563,price_proxy,,,,
2020-10-27,0.1988,0.17,0,1.4978,price_proxy,,,,
2020-10-28,0.3532,0.1701,0,0.9649,price_proxy,,,,
2020-10-29,0.4946,0.1708,0,0.6795,price_proxy,,,,
2020-10-30,0.4297,0.1689,0,0.5365,price_proxy,,,,
2020-11-02,0.5983,0.17,0,0.2913,price_proxy,,,,
2020-11-03,0.7326,0.1803,0,0.7668,price_proxy,,,,
2020-11-04,0.6311,0.1809,0,0.4557,price_proxy,,,,
2020-11-05,0.5968,0.1698,0,0.5338,price_proxy,,,,
2020-11-06,0.6176,0.1595,0,0.6441,price_proxy,,,,
2020-11-09,0.5882,0.1571,0,0.689,price_proxy,,,,
2020-11-10,0.4792,0.1566,0,0.5176,price_proxy,,,,
2020-11-11,0.4282,0.156,0,0.6586,price_proxy,,,,
2020-11-12,0.4487,0.1522,0,0.5317,price_proxy,,,,
2020-11-13,0.5317,0.1517,0,0.8892,price_proxy,,,,
2020-11-16,0.5369,0.1516,0,3.3312,price_proxy,,,,
2020-11-17,0.4474,0.1562,0,1.9174,price_proxy,,,,
2020-11-18,0.4415,0.1549,0,0.6054,price_proxy,,,,
2020-11-19,0.4684,0.1459,0,0.5852,price_proxy,,,,
2020-11-20,0.5104,0.1493,0,0.9597,price_proxy,,,,
2020-11-23,0.5052,0.129,0,0.9502,price_proxy,,,,
2020-11-24,0.5919,0.1285,0,1.1383,price_proxy,,,,
2020-11-25,0.5658,0.1154,0,1.2073,price_proxy,,,,
2020-11-26,0.5695,0.1174,0,0.8527,price_proxy,,,,
2020-11-27,0.5725,0.1117,0,2.341,price_proxy,,,,
2020-11-30,0.5413,0.1126,0,1.099,price_proxy,,,,
2020-12-01,0.5052,0.0978,0,0.5863,price_proxy,,,,
2020-12-02,0.6273,0.1027,0,1.7074,price_proxy,,,,
2020-12-03,0.5568,0.1031,0,0.8637,price_proxy,,,,
2020-12-04,0.45,0.0998,0,0.7344,price_proxy,,,,
2020-12-07,0.4443,0.1014,0,0.5978,price_proxy,,,,
2020-12-08,0.4845,0.1014,0,0.6618,price_proxy,,,,
2020-12-09,0.5948,0.1383,0,3.9429,price_proxy,,,,
2020-12-10,0.8417,0.1767,0,4.3869,price_proxy,,,,
2020-12-11,1.0,0.1863,0,2.3659,price_proxy,,,,
2020-12-14,1.0,0.1924,0,1.5882,price_proxy,,,,
2020-12-15,1.0,0.1831,0,0.7965,price_proxy,,,,
2020-12-16,1.0,0.1955,0,1.6441,price_proxy,,,,
2020-12-17,0.7232,0.2024,0,0.8783,price_proxy,,,,
2020-12-18,0.6328,0.2019,0,0.6406,price_proxy,,,,
2020-12-21,0.6164,0.2102,0,1.4999,price_proxy,,,,
2020-12-22,0.4756,0.2198,0,0.8541,price_proxy,,,,
2020-12-23,0.3352,0.2157,0,0.5641,price_proxy,,,,
2020-12-24,0.4807,0.2181,0,0.6922,price_proxy,,,,
2020-12-28,0.4094,0.2192,0,0.8306,price_proxy,,,,
2020-12-29,0.4882,0.2178,0,0.408,price_proxy,,,,
2020-12-30,0.7268,0.222,0,0.9083,price_proxy,,,,
2021-01-04,0.7612,0.2215,0,0.7145,price_proxy,,,,
2021-01-05,0.5897,0.2264,0,0.5764,price_proxy,,,,
2021-01-06,0.5198,0.2331,0,0.6007,price_proxy,,,,
2021-01-07,0.496,0.2325,0,0.5375,price_proxy,,,,
2021-01-08,0.3037,0.2384,0,0.7885,price_proxy,,,,
2021-01-11,0.269,0.222,0,0.668,price_proxy,,,,
2021-01-12,0.403,0.1954,0,0.848,price_proxy,,,,
2021-01-13,0.5313,0.1838,0,0.9253,price_proxy,,,,
2021-01-14,0.5871,0.18,0,0.958,price_proxy,,,,
2021-01-15,0.6602,0.1792,0,1.4418,price_proxy,,,,
2021-01-18,0.6592,0.1533,0,1.0431,price_proxy,,,,
2021-01-19,0.5667,0.1497,0,0.69,price_proxy,,,,
2021-01-20,0.6541,0.161,0,1.8864,price_proxy,,,,
2021-01-21,0.6404,0.1538,0,1.1997,price_proxy,,,,
2021-01-22,0.5418,0.1541,0,1.2965,price_proxy,,,,
2021-01-25,0.4773,0.1576,0,1.1049,price_proxy,,,,
2021-01-26,0.4469,0.1516,0,0.656,price_proxy,,,,
2021-01-27,0.203,0.1697,0,5.4343,price_proxy,,,,
2021-01-28,0.1099,0.1759,0,1.1944,price_proxy,,,,
2021-01-29,0.1648,0.1566,0,1.42,price_proxy,,,,
2021-02-01,0.2667,0.1588,0,0.5376,price_proxy,,,,
2021-02-02,0.348,0.1605,0,0.9553,price_proxy,,,,
2021-02-03,0.5168,0.1547,0,0.4508,price_proxy,,,,
2021-02-04,0.5529,0.157,0,0.3431,price_proxy,,,,
2021-02-05,0.5447,0.154,0,0.3866,price_proxy,,,,
2021-02-08,0.4307,0.1553,0,0.2383,price_proxy,,,,
2021-02-09,0.4325,0.1511,0,0.2733,price_proxy,,,,
2021-02-10,0.4292,0.1501,0,0.2151,price_proxy,,,,
2021-02-15,0.4871,0.1485,0,0.5179,price_proxy,,,,
2021-02-16,0.535,0.1488,0,0.241,price_proxy,,,,
2021-02-17,0.5673,0.1483,0,0.2732,price_proxy,,,,
2021-02-18,0.4694,0.1492,0,0.2755,price_proxy,,,,
2021-02-19,0.4179,0.1285,0,0.3974,price_proxy,,,,
2021-02-22,0.4093,0.1268,0,0.2901,price_proxy,,,,
2021-02-23,0.4054,0.1209,0,0.5674,price_proxy,,,,
2021-02-24,0.2787,0.1385,0,0.793,price_proxy,,,,
2021-02-25,0.4335,0.1593,0,0.5284,price_proxy,,,,
2021-02-26,0.3694,0.1496,0,0.673,price_proxy,,,,
2021-03-02,0.3733,0.1428,0,0.4543,price_proxy,,,,
2021-03-03,0.3284,0.1435,0,0.8561,price_proxy,,,,
2021-03-04,0.3732,0.1453,0,2.1031,price_proxy,,,,
2021-03-05,0.2523,0.1402,0,0.8171,price_proxy,,,,
2021-03-08,0.2831,0.1394,0,0.9223,price_proxy,,,,
2021-03-09,0.2971,0.1393,0,0.7553,price_proxy,,,,
2021-03-10,0.2827,0.1405,0,1.0352,price_proxy,,,,
2021-03-11,0.4479,0.1483,0,0.7367,price_proxy,,,,
2021-03-12,0.4738,0.1443,0,1.2512,price_proxy,,,,
2021-03-15,0.6297,0.1541,0,1.0716,price_proxy,,,,
2021-03-16,0.7742,0.1765,0,1.3852,price_proxy,,,,
2021-03-17,0.8269,0.1763,0,0.8934,price_proxy,,,,
2021-03-18,0.7567,0.1765,0,0.7243,price_proxy,,,,
2021-03-19,0.7016,0.176,0,0.5315,price_proxy,,,,
2021-03-22,0.6218,0.1758,0,0.5715,price_proxy,,,,
2021-03-23,0.4622,0.1759,0,0.702,price_proxy,,,,
2021-03-24,0.5952,0.188,0,1.7133,price_proxy,,,,
2021-03-25,0.6232,0.1691,0,1.3154,price_proxy,,,,
2021-03-26,0.6253,0.1571,0,0.6758,price_proxy,,,,
2021-03-29,0.5766,0.1486,0,0.7335,price_proxy,,,,
2021-03-30,0.6349,0.1497,0,0.4445,price_proxy,,,,
2021-03-31,0.4773,0.149,0,0.6358,price_proxy,,,,
2021-04-01,0.433,0.1359,0,0.8591,price_proxy,,,,
2021-04-02,0.5408,0.1395,0,1.3439,price_proxy,,,,
2021-04-05,0.6244,0.133,0,1.5661,price_proxy,,,,
2021-04-06,0.509,0.1416,0,2.2294,price_proxy,,,,
2021-04-07,0.5414,0.1356,0,0.6535,price_proxy,,,,
2021-04-08,0.5,0.1375,0,1.459,price_proxy,,,,
2021-04-09,0.5178,0.1441,0,1.7548,price_proxy,,,,
2021-04-12,0.539,0.1416,0,1.3273,price_proxy,,,,
2021-04-13,0.5854,0.1237,0,1.3456,price_proxy,,,,
2021-04-14,0.5946,0.123,0,1.0473,price_proxy,,,,
2021-04-15,0.7079,0.1253,0,1.4656,price_proxy,,,,
2021-04-16,0.6057,0.1228,0,1.3297,price_proxy,,,,
2021-04-19,0.6106,0.127,0,1.8773,price_proxy,,,,
2021-04-20,0.6336,0.1263,0,1.1665,price_proxy,,,,
2021-04-21,0.6118,0.1138,0,0.9048,price_proxy,,,,
2021-04-22,0.5544,0.113,0,1.3636,price_proxy,,,,
2021-04-23,0.5502,0.111,0,0.747,price_proxy,,,,
2021-04-26,0.5161,0.1094,0,1.1289,price_proxy,,,,
2021-04-27,0.5323,0.1084,0,0.9042,price_proxy,,,,
2021-04-28,0.4185,0.1294,0,1.3919,price_proxy,,,,
2021-04-29,0.3411,0.1376,0,1.141,price_proxy,,,,
2021-04-30,0.3571,0.1315,0,0.6659,price_proxy,,,,
2021-05-03,0.276,0.1313,0,0.4199,price_proxy,,,,
2021-05-04,0.2853,0.1265,0,0.5962,price_proxy,,,,
2021-05-06,0.4236,0.1268,0,0.3314,price_proxy,,,,
2021-05-07,0.4912,0.1238,0,0.4067,price_proxy,,,,
2021-05-10,0.4516,0.1134,0,0.7002,price_proxy,,,,
2021-05-11,0.3919,0.1191,0,1.213,price_proxy,,,,
2021-05-12,0.3664,0.1189,0,0.64,price_proxy,,,,
2021-05-13,0.3013,0.1207,0,0.5161,price_proxy,,,,
2021-05-14,0.4111,0.132,0,0.6173,price_proxy,,,,
2021-05-17,0.4595,0.1331,0,0.8433,price_proxy,,,,
2021-05-18,0.5667,0.1246,0,0.4952,price_proxy,,,,
2021-05-20,0.6098,0.1273,0,0.5944,price_proxy,,,,
2021-05-21,0.6569,0.1273,0,0.7388,price_proxy,,,,
2021-05-24,0.5512,0.1274,0,0.9093,price_proxy,,,,
2021-05-25,0.4448,0.1329,0,2.162,price_proxy,,,,
2021-05-26,0.4447,0.1295,0,0.5236,price_proxy,,,,
2021-05-27,0.3914,0.1285,0,0.627,price_proxy,,,,
2021-05-28,0.3955,0.1131,0,0.6984,price_proxy,,,,
2021-05-31,0.3458,0.1084,0,0.9863,price_proxy,,,,
2021-06-01,0.448,0.1093,0,0.4512,price_proxy,,,,
2021-06-02,0.4479,0.1071,0,0.6008,price_proxy,,,,
2021-06-03,0.5526,0.1175,0,1.5788,price_proxy,,,,
2021-06-04,0.5528,0.1169,0,0.5889,price_proxy,,,,
2021-06-07,0.5835,0.1171,0,0.641,price_proxy,,,,
2021-06-08,0.5291,0.1172,0,0.5768,price_proxy,,,,
2021-06-09,0.5,0.1037,0,0.6908,price_proxy,,,,
2021-06-10,0.4394,0.1046,0,0.4727,price_proxy,,,,
2021-06-11,0.4486,0.1005,0,0.4237,price_proxy,,,,
2021-06-14,0.4717,0.0816,0,0.276,price_proxy,,,,
2021-06-15,0.4904,0.0804,0,0.4851,price_proxy,,,,
2021-06-16,0.5389,0.081,0,0.3258,price_proxy,,,,
2021-06-17,0.6346,0.1021,0,2.8955,price_proxy,,,,
2021-06-18,0.6439,0.1022,0,1.9698,price_proxy,,,,
2021-06-21,0.8445,0.1437,0,6.4652,price_proxy,,,,
2021-06-22,0.851,0.1344,0,2.003,price_proxy,,,,
2021-06-23,0.8007,0.136,0,1.3235,price_proxy,,,,
2021-06-24,0.6622,0.1354,0,0.822,price_proxy,,,,
2021-06-25,0.6208,0.1367,0,1.031,price_proxy,,,,
2021-06-28,0.4673,0.1326,0,0.8665,price_proxy,,,,
2021-06-29,0.4796,0.1326,0,0.55,price_proxy,,,,
2021-06-30,0.5166,0.1321,0,0.5531,price_proxy,,,,
2021-07-01,0.5375,0.1262,0,1.0001,price_proxy,,,,
2021-07-02,0.5844,0.1258,0,1.2443,price_proxy,,,,
2021-07-05,0.4876,0.131,0,0.8567,price_proxy,,,,
2021-07-06,0.4917,0.129,0,0.5598,price_proxy,,,,
2021-07-07,0.4671,0.1274,0,0.3595,price_proxy,,,,
2021-07-08,0.4059,0.132,0,0.638,price_proxy,,,,
2021-07-09,0.3826,0.1323,0,0.7706,price_proxy,,,,
2021-07-12,0.5501,0.1424,0,1.6497,price_proxy,,,,
2021-07-13,0.6618,0.152,0,3.542,price_proxy,,,,
2021-07-14,0.6757,0.1526,0,1.338,price_proxy,,,,
2021-07-15,0.7103,0.1441,0,0.8131,price_proxy,,,,
2021-07-16,0.5688,0.164,0,1.7715,price_proxy,,,,
2021-07-19,0.4796,0.1284,0,0.5596,price_proxy,,,,
2021-07-20,0.3196,0.1311,0,0.8632,price_proxy,,,,
2021-07-21,0.3346,0.1304,0,0.3391,price_proxy,,,,
2021-07-22,0.4728,0.1474,0,2.1647,price_proxy,,,,
2021-07-23,0.5541,0.1502,0,1.0566,price_proxy,,,,
2021-07-26,0.5123,0.1499,0,0.7662,price_proxy,,,,
2021-07-27,0.6646,0.1583,0,1.8396,price_proxy,,,,
2021-07-28,0.6342,0.1587,0,0.8968,price_proxy,,,,
2021-07-29,0.5394,0.1595,0,1.3184,price_proxy,,,,
2021-07-30,0.6053,0.1593,0,0.6741,price_proxy,,,,
2021-08-02,0.6554,0.1551,0,0.711,price_proxy,,,,
2021-08-03,0.6404,0.1599,0,1.9098,price_proxy,,,,
2021-08-04,0.6375,0.16,0,0.8255,price_proxy,,,,
2021-08-05,0.6892,0.1599,0,1.8384,price_proxy,,,,
2021-08-06,0.7192,0.1594,0,1.3732,price_proxy,,,,
2021-08-09,0.7657,0.1539,0,1.3671,price_proxy,,,,
2021-08-10,0.5984,0.1501,0,1.3128,price_proxy,,,,
2021-08-11,0.5074,0.162,0,1.4398,price_proxy,,,,
2021-08-12,0.433,0.1614,0,0.8122,price_proxy,,,,
2021-08-13,0.3718,0.1433,0,1.2524,price_proxy,,,,
2021-08-17,0.3157,0.1433,0,1.0017,price_proxy,,,,
2021-08-18,0.434,0.1408,0,1.0824,price_proxy,,,,
2021-08-19,0.4634,0.1491,0,0.9797,price_proxy,,,,
2021-08-20,0.4708,0.134,0,0.8916,price_proxy,,,,
2021-08-23,0.5296,0.1299,0,0.4056,price_proxy,,,,
2021-08-24,0.5369,0.1287,0,0.75,price_proxy,,,,
2021-08-25,0.4138,0.1264,0,0.6013,price_proxy,,,,
2021-08-26,0.4142,0.1329,0,0.7932,price_proxy,,,,
2021-08-27,0.4,0.1316,0,0.432,price_proxy,,,,
2021-08-30,0.3613,0.1316,0,0.3547,price_proxy,,,,
2021-08-31,0.3732,0.1317,0,0.4593,price_proxy,,,,
2021-09-01,0.4287,0.1229,0,0.2994,price_proxy,,,,
2021-09-02,0.5702,0.1284,0,1.0332,price_proxy,,,,
2021-09-03,0.6092,0.1213,0,0.5969,price_proxy,,,,
2021-09-06,0.6569,0.1211,0,0.7945,price_proxy,,,,
2021-09-07,0.6702,0.1168,0,0.7664,price_proxy,,,,
2021-09-08,0.6245,0.1143,0,0.5207,price_proxy,,,,
2021-09-09,0.5188,0.1019,0,0.5001,price_proxy,,,,
2021-09-10,0.4445,0.1035,0,0.4041,price_proxy,,,,
2021-09-13,0.4491,0.1047,0,1.0017,price_proxy,,,,
2021-09-14,0.4394,0.1059,0,0.737,price_proxy,,,,
2021-09-15,0.5037,0.1017,0,1.223,price_proxy,,,,
2021-09-16,0.5,0.0956,0,0.5942,price_proxy,,,,
2021-09-17,0.5532,0.0956,0,0.6028,price_proxy,,,,
2021-09-23,0.4627,0.098,0,0.5031,price_proxy,,,,
2021-09-24,0.4044,0.0984,0,0.5438,price_proxy,,,,
2021-09-27,0.3684,0.0928,0,0.5908,price_proxy,,,,
2021-09-28,0.2873,0.1069,0,1.7271,price_proxy,,,,
2021-09-29,0.2481,0.1076,0,2.0707,price_proxy,,,,
2021-09-30,0.2643,0.1084,0,0.7145,price_proxy,,,,
2021-10-01,0.2954,0.1068,0,0.7253,price_proxy,,,,
2021-10-05,0.363,0.1111,0,1.0398,price_proxy,,,,
2021-10-06,0.4541,0.1039,0,0.6572,price_proxy,,,,
2021-10-07,0.5508,0.1094,0,0.5481,price_proxy,,,,
2021-10-08,0.5216,0.1098,0,0.596,price_proxy,,,,
2021-10-12,0.4484,0.1086,0,0.6605,price_proxy,,,,
2021-10-13,0.4202,0.1088,0,0.3126,price_proxy,,,,
2021-10-14,0.5085,0.115,0,0.4135,price_proxy,,,,
2021-10-15,0.4752,0.1167,0,0.4825,price_proxy,,,,
2021-10-18,0.5725,0.1162,0,0.7138,price_proxy,,,,
2021-10-19,0.6369,0.1141,0,0.39,price_proxy,,,,
2021-10-20,0.6357,0.1145,0,0.8012,price_proxy,,,,
2021-10-21,0.5213,0.1157,0,0.572,price_proxy,,,,
2021-10-22,0.5837,0.1286,0,1.2716,price_proxy,,,,
2021-10-25,0.5412,0.1262,0,0.4576,price_proxy,,,,
2021-10-26,0.6074,0.1294,0,0.9634,price_proxy,,,,
2021-10-27,0.5984,0.1287,0,0.8686,price_proxy,,,,
2021-10-28,0.7442,0.1147,0,3.3609,price_proxy,,,,
2021-10-29,0.6165,0.1141,0,2.1903,price_proxy,,,,
2021-11-01,0.5645,0.1174,0,0.8616,price_proxy,,,,
2021-11-02,0.5314,0.1175,0,1.0678,price_proxy,,,,
2021-11-03,0.4844,0.1186,0,0.6003,price_proxy,,,,
2021-11-04,0.4437,0.1175,0,1.1295,price_proxy,,,,
2021-11-05,0.4886,0.1133,0,1.0914,price_proxy,,,,
2021-11-08,0.5977,0.1081,0,1.1038,price_proxy,,,,
2021-11-09,0.527,0.1034,0,1.0214,price_proxy,,,,
2021-11-10,0.5236,0.1077,0,1.1723,price_proxy,,,,
2021-11-11,0.473,0.1054,0,0.9175,price_proxy,,,,
2021-11-12,0.5534,0.1167,0,2.2959,price_proxy,,,,
2021-11-15,0.5074,0.1162,0,1.9143,price_proxy,,,,
2021-11-16,0.561,0.1157,0,1.4554,price_proxy,,,,
2021-11-17,0.5272,0.1242,0,1.2408,price_proxy,,,,
2021-11-18,0.5626,0.1198,0,0.7316,price_proxy,,,,
2021-11-19,0.671,0.1563,0,4.9783,price_proxy,,,,
2021-11-22,0.7041,0.1559,0,4.1047,price_proxy,,,,
2021-11-23,0.6146,0.1619,0,1.2296,price_proxy,,,,
2021-11-24,0.6574,0.1638,0,1.3002,price_proxy,,,,
2021-11-25,0.5949,0.1605,0,0.6432,price_proxy,,,,
2021-11-26,0.3973,0.1598,0,1.4598,price_proxy,,,,
2021-11-29,0.3384,0.1571,0,0.9702,price_proxy,,,,
2021-11-30,0.3147,0.1666,0,1.0513,price_proxy,,,,
2021-12-01,0.4466,0.1741,0,0.7079,price_proxy,,,,
2021-12-02,0.6703,0.1986,0,2.2885,price_proxy,,,,
2021-12-03,0.7888,0.2057,0,2.2422,price_proxy,,,,
2021-12-06,0.837,0.2051,0,1.4581,price_proxy,,,,
2021-12-07,0.9432,0.2028,0,0.8306,price_proxy,,,,
2021-12-08,0.7486,0.2047,0,1.7623,price_proxy,,,,
2021-12-09,0.5835,0.204,0,0.5957,price_proxy,,,,
2021-12-10,0.4748,0.1986,0,0.6777,price_proxy,,,,
2021-12-13,0.4342,0.2,0,0.4111,price_proxy,,,,
2021-12-14,0.418,0.2014,0,0.3244,price_proxy,,,,
2021-12-15,0.474,0.1957,0,0.6668,price_proxy,,,,
2021-12-16,0.4295,0.1964,0,0.5019,price_proxy,,,,
2021-12-17,0.369,0.1643,0,0.3946,price_proxy,,,,
2021-12-20,0.3379,0.1664,0,0.3981,price_proxy,,,,
2021-12-21,0.4934,0.1774,0,0.9485,price_proxy,,,,
2021-12-22,0.5132,0.1758,0,0.5926,price_proxy,,,,
2021-12-23,0.5731,0.1748,0,0.5988,price_proxy,,,,
2021-12-24,0.6333,0.1749,0,0.3754,price_proxy,,,,
2021-12-27,0.7187,0.1733,0,0.4049,price_proxy,,,,
2021-12-28,0.5891,0.1612,0,0.7031,price_proxy,,,,
2021-12-29,0.5687,0.1541,0,0.5709,price_proxy,,,,
2021-12-30,0.766,0.171,0,2.7536,price_proxy,,,,
2022-01-03,0.7917,0.1619,0,1.0315,price_proxy,,,,
2022-01-04,0.713,0.1657,0,1.1994,price_proxy,,,,
2022-01-05,0.6485,0.168,0,0.7109,price_proxy,,,,
2022-01-06,0.5728,0.1697,0,1.1509,price_proxy,,,,
2022-01-07,0.4066,0.1715,0,0.9379,price_proxy,,,,
2022-01-10,0.3462,0.1736,0,0.719,price_proxy,,,,
2022-01-11,0.3793,0.173,0,0.713,price_proxy,,,,
2022-01-12,0.5118,0.1774,0,0.9252,price_proxy,,,,
2022-01-13,0.5611,0.1784,0,0.5842,price_proxy,,,,
2022-01-14,0.6187,0.1858,0,1.6211,price_proxy,,,,
2022-01-17,0.603,0.1857,0,0.6733,price_proxy,,,,
2022-01-18,0.7018,0.1824,0,1.3887,price_proxy,,,,
2022-01-19,0.5234,0.1789,0,0.9074,price_proxy,,,,
2022-01-20,0.5652,0.1789,0,0.4526,price_proxy,,,,
2022-01-21,0.3263,0.1935,0,1.2525,price_proxy,,,,
2022-01-24,0.3444,0.1948,0,0.7255,price_proxy,,,,
2022-01-25,0.2639,0.195,0,0.5414,price_proxy,,,,
2022-01-26,0.2803,0.1976,0,0.4862,price_proxy,,,,
2022-01-27,0.2905,0.1981,0,0.67,price_proxy,,,,
2022-01-28,0.4509,0.1499,0,1.0503,price_proxy,,,,
2022-02-03,0.4875,0.1489,0,0.4887,price_proxy,,,,
2022-02-04,0.5535,0.1503,0,0.4615,price_proxy,,,,
2022-02-07,0.5877,0.1492,0,0.3714,price_proxy,,,,
2022-02-08,0.4551,0.1539,0,1.0093,price_proxy,,,,
2022-02-09,0.4151,0.1497,0,0.9683,price_proxy,,,,
2022-02-10,0.4308,0.1491,0,0.5258,price_proxy,,,,
2022-02-11,0.316,0.153,0,0.6199,price_proxy,,,,
2022-02-14,0.3009,0.1432,0,0.7144,price_proxy,,,,
2022-02-15,0.3984,0.1433,0,0.3933,price_proxy,,,,
2022-02-16,0.4967,0.1394,0,0.7623,price_proxy,,,,
2022-02-17,0.4511,0.1378,0,0.709,price_proxy,,,,
2022-02-18,0.5203,0.1288,0,0.5138,price_proxy,,,,
2022-02-21,0.5622,0.1245,0,0.5648,price_proxy,,,,
2022-02-22,0.5207,0.1242,0,0.6151,price_proxy,,,,
2022-02-23,0.5329,0.1257,0,1.3523,price_proxy,,,,
2022-02-24,0.5301,0.1253,0,0.9727,price_proxy,,,,
2022-02-25,0.5803,0.128,0,0.8766,price_proxy,,,,
2022-02-28,0.6106,0.1244,0,0.5618,price_proxy,,,,
2022-03-02,0.6402,0.1239,0,0.5246,price_proxy,,,,
2022-03-03,0.5162,0.1223,0,2.184,price_proxy,,,,
2022-03-04,0.523,0.1229,0,1.3968,price_proxy,,,,
2022-03-07,0.365,0.1324,0,1.2417,price_proxy,,,,
2022-03-08,0.2968,0.1336,0,0.6934,price_proxy,,,,
2022-03-10,0.3626,0.1287,0,0.667,price_proxy,,,,
2022-03-11,0.3266,0.1308,0,0.799,price_proxy,,,,
2022-03-14,0.2626,0.1383,0,1.2768,price_proxy,,,,
2022-03-15,0.369,0.1342,0,0.8386,price_proxy,,,,
2022-03-16,0.4541,0.135,0,0.9051,price_proxy,,,,
2022-03-17,0.5,0.1476,0,1.5063,price_proxy,,,,
2022-03-18,0.5387,0.137,0,0.6409,price_proxy,,,,
2022-03-21,0.6587,0.1367,0,0.646,price_proxy,,,,
2022-03-22,0.6845,0.1373,0,0.5702,price_proxy,,,,
2022-03-23,0.6374,0.1373,0,0.8236,price_proxy,,,,
2022-03-24,0.5652,0.1368,0,0.6521,price_proxy,,,,
2022-03-25,0.5552,0.1228,0,0.7417,price_proxy,,,,
2022-03-28,0.541,0.1217,0,0.8389,price_proxy,,,,
2022-03-29,0.5236,0.119,0,0.5433,price_proxy,,,,
2022-03-30,0.4932,0.1189,0,0.6154,price_proxy,,,,
2022-03-31,0.4767,0.1196,0,0.4809,price_proxy,,,,
2022-04-01,0.4228,0.1252,0,2.0594,price_proxy,,,,
2022-04-04,0.3995,0.125,0,1.3049,price_proxy,,,,
2022-04-05,0.4098,0.1105,0,0.9342,price_proxy,,,,
2022-04-06,0.4389,0.1073,0,0.988,price_proxy,,,,
2022-04-07,0.5672,0.1314,0,4.4902,price_proxy,,,,
2022-04-08,0.6222,0.129,0,1.7853,price_proxy,,,,
2022-04-11,0.8139,0.139,0,4.1905,price_proxy,,,,
2022-04-12,0.8776,0.1412,0,4.106,price_proxy,,,,
2022-04-13,0.8853,0.1413,0,0.9432,price_proxy,,,,
2022-04-14,0.6886,0.1345,0,1.0162,price_proxy,,,,
2022-04-15,0.7007,0.1346,0,1.2557,price_proxy,,,,
2022-04-18,0.5518,0.1346,0,0.6744,price_proxy,,,,
2022-04-19,0.5382,0.1366,0,1.0127,price_proxy,,,,
2022-04-20,0.5264,0.1369,0,0.3784,price_proxy,,,,
2022-04-21,0.6248,0.1397,0,1.1994,price_proxy,,,,
2022-04-22,0.7302,0.1425,0,1.6047,price_proxy,,,,
2022-04-25,0.6753,0.1458,0,1.1439,price_proxy,,,,
2022-04-26,0.7049,0.1497,0,1.0831,price_proxy,,,,
2022-04-27,0.642,0.1543,0,0.7817,price_proxy,,,,
2022-04-28,0.5,0.1613,0,0.7437,price_proxy,,,,
2022-04-29,0.4249,0.1529,0,0.4853,price_proxy,,,,
2022-05-02,0.4918,0.1509,0,0.7012,price_proxy,,,,
2022-05-03,0.5157,0.1575,0,1.7317,price_proxy,,,,
2022-05-04,0.5081,0.166,0,0.762,price_proxy,,,,
2022-05-06,0.5056,0.1574,0,0.5673,price_proxy,,,,
2022-05-09,0.4666,0.158,0,0.3933,price_proxy,,,,
2022-05-10,0.4835,0.1383,0,0.9152,price_proxy,,,,
2022-05-11,0.3883,0.1339,0,0.578,price_proxy,,,,
2022-05-12,0.4111,0.1372,0,0.4919,price_proxy,,,,
2022-05-13,0.5697,0.1439,0,0.8085,price_proxy,,,,
2022-05-16,0.6076,0.1434,0,0.4682,price_proxy,,,,
2022-05-17,0.5498,0.1437,0,0.7203,price_proxy,,,,
2022-05-18,0.4587,0.1483,0,1.1083,price_proxy,,,,
2022-05-19,0.5141,0.1482,0,0.5425,price_proxy,,,,
2022-05-20,0.4461,0.1437,0,0.6936,price_proxy,,,,
2022-05-23,0.4946,0.1391,0,0.7075,price_proxy,,,,
2022-05-24,0.4703,0.1387,0,1.1656,price_proxy,,,,
2022-05-25,0.6685,0.1445,0,1.8381,price_proxy,,,,
2022-05-26,0.7017,0.1405,0,2.1081,price_proxy,,,,
2022-05-27,0.6773,0.1347,0,0.6445,price_proxy,,,,
2022-05-30,0.5997,0.1355,0,0.6436,price_proxy,,,,
2022-05-31,0.6753,0.136,0,0.6145,price_proxy,,,,
2022-06-02,0.6373,0.1293,0,1.2955,price_proxy,,,,
2022-06-03,0.5356,0.1272,0,1.7997,price_proxy,,,,
2022-06-07,0.4466,0.1312,0,1.394,price_proxy,,,,
2022-06-08,0.5282,0.1328,0,0.767,price_proxy,,,,
2022-06-09,0.4647,0.1326,0,0.5352,price_proxy,,,,
2022-06-10,0.3594,0.1344,0,0.4598,price_proxy,,,,
2022-06-13,0.35,0.1374,0,1.0375,price_proxy,,,,
2022-06-14,0.4373,0.1283,0,0.585,price_proxy,,,,
2022-06-15,0.3456,0.1295,0,0.7188,price_proxy,,,,
2022-06-16,0.3205,0.1322,0,0.604,price_proxy,,,,
2022-06-17,0.2731,0.1333,0,0.6851,price_proxy,,,,
2022-06-20,0.3297,0.1332,0,0.7788,price_proxy,,,,
2022-06-21,0.3138,0.1324,0,0.6617,price_proxy,,,,
2022-06-22,0.2284,0.1417,0,1.7604,price_proxy,,,,
2022-06-23,0.2493,0.1416,0,0.7803,price_proxy,,,,
2022-06-24,0.4529,0.1484,0,1.3908,price_proxy,,,,
2022-06-27,0.5118,0.1501,0,0.7805,price_proxy,,,,
2022-06-28,0.4851,0.1506,0,0.6724,price_proxy,,,,
2022-06-29,0.5825,0.1509,0,0.6913,price_proxy,,,,
2022-06-30,0.5097,0.1535,0,0.8617,price_proxy,,,,
2022-07-01,0.3163,0.1443,0,0.8127,price_proxy,,,,
2022-07-04,0.2533,0.1433,0,0.6816,price_proxy,,,,
2022-07-05,0.3291,0.1441,0,1.0049,price_proxy,,,,
2022-07-06,0.3689,0.137,0,1.0017,price_proxy,,,,
2022-07-07,0.5673,0.1531,0,1.2935,price_proxy,,,,
2022-07-08,0.6592,0.154,0,0.787,price_proxy,,,,
2022-07-11,0.7111,0.1524,0,0.7225,price_proxy,,,,
2022-07-12,0.5885,0.1554,0,0.7175,price_proxy,,,,
2022-07-13,0.5881,0.1555,0,0.6044,price_proxy,,,,
2022-07-14,0.4566,0.1542,0,1.1249,price_proxy,,,,
2022-07-15,0.5031,0.1536,0,1.0373,price_proxy,,,,
2022-07-18,0.5667,0.1616,0,2.225,price_proxy,,,,
2022-07-19,0.6036,0.1626,0,0.9623,price_proxy,,,,
2022-07-20,0.6156,0.1468,0,0.786,price_proxy,,,,
2022-07-21,0.687,0.1462,0,0.9534,price_proxy,,,,
2022-07-22,0.6012,0.1282,0,0.6507,price_proxy,,,,
2022-07-25,0.5117,0.1255,0,0.3942,price_proxy,,,,
2022-07-26,0.5657,0.1234,0,0.4963,price_proxy,,,,
2022-07-27,0.5768,0.1224,0,0.5959,price_proxy,,,,
2022-07-28,0.529,0.108,0,0.505,price_proxy,,,,
2022-07-29,0.5175,0.101,0,0.838,price_proxy,,,,
2022-08-01,0.4825,0.1024,0,1.0454,price_proxy,,,,
2022-08-02,0.4335,0.1037,0,0.6198,price_proxy,,,,
2022-08-03,0.3805,0.1052,0,0.8635,price_proxy,,,,
2022-08-04,0.3857,0.0905,0,0.5625,price_proxy,,,,
2022-08-05,0.3871,0.0911,0,0.4699,price_proxy,,,,
2022-08-08,0.4235,0.0899,0,1.182,price_proxy,,,,
2022-08-09,0.3655,0.0955,0,1.8874,price_proxy,,,,
2022-08-10,0.3396,0.0988,0,1.3323,price_proxy,,,,
2022-08-11,0.3818,0.101,0,1.0206,price_proxy,,,,
2022-08-12,0.4264,0.0947,0,0.8133,price_proxy,,,,
2022-08-16,0.5336,0.103,0,2.3585,price_proxy,,,,
2022-08-17,0.6122,0.1018,0,0.9462,price_proxy,,,,
2022-08-18,0.8487,0.1352,0,2.7409,price_proxy,,,,
2022-08-19,0.8478,0.1354,0,2.1405,price_proxy,,,,
2022-08-22,0.758,0.1389,0,1.0058,price_proxy,,,,
2022-08-23,0.6083,0.1396,0,1.283,price_proxy,,,,
2022-08-24,0.6366,0.1395,0,0.9538,price_proxy,,,,
2022-08-25,0.5812,0.1502,0,1.5832,price_proxy,,,,
2022-08-26,0.5,0.1519,0,1.0461,price_proxy,,,,
2022-08-29,0.5169,0.1528,0,0.9068,price_proxy,,,,
2022-08-30,0.6655,0.1636,0,1.192,price_proxy,,,,
2022-08-31,0.7045,0.1625,0,0.8706,price_proxy,,,,
2022-09-01,0.57,0.1621,0,0.9065,price_proxy,,,,
2022-09-02,0.607,0.1621,0,0.7464,price_proxy,,,,
2022-09-05,0.6231,0.1621,0,0.625,price_proxy,,,,
2022-09-06,0.4605,0.1647,0,1.006,price_proxy,,,,
2022-09-07,0.3789,0.157,0,0.6635,price_proxy,,,,
2022-09-08,0.396,0.1527,0,1.1353,price_proxy,,,,
2022-09-13,0.5339,0.1659,0,1.6873,price_proxy,,,,
2022-09-14,0.5237,0.1687,0,0.6859,price_proxy,,,,
2022-09-15,0.5968,0.1601,0,0.6106,price_proxy,,,,
2022-09-16,0.5686,0.1652,0,0.6208,price_proxy,,,,
2022-09-19,0.5713,0.1417,0,0.6446,price_proxy,,,,
2022-09-20,0.4129,0.1409,0,0.6391,price_proxy,,,,
2022-09-21,0.4193,0.1383,0,0.5909,price_proxy,,,,
2022-09-22,0.3667,0.1384,0,0.6002,price_proxy,,,,
2022-09-23,0.3727,0.1426,0,0.6618,price_proxy,,,,
2022-09-26,0.2695,0.1399,0,1.1057,price_proxy,,,,
2022-09-27,0.3286,0.1418,0,0.6697,price_proxy,,,,
2022-09-28,0.2802,0.1462,0,0.8174,price_proxy,,,,
2022-09-29,0.2802,0.1268,0,0.7358,price_proxy,,,,
2022-09-30,0.3244,0.1223,0,1.629,price_proxy,,,,
2022-10-04,0.5299,0.1387,0,1.0034,price_proxy,,,,
2022-10-05,0.4824,0.1387,0,0.7157,price_proxy,,,,
2022-10-06,0.6951,0.1568,0,0.8241,price_proxy,,,,
2022-10-07,0.7099,0.1556,0,0.6897,price_proxy,,,,
2022-10-11,0.6335,0.1599,0,0.7139,price_proxy,,,,
2022-10-12,0.5472,0.1605,0,0.6816,price_proxy,,,,
2022-10-13,0.497,0.1397,0,0.6894,price_proxy,,,,
2022-10-14,0.4306,0.144,0,0.7435,price_proxy,,,,
2022-10-17,0.3212,0.1542,0,2.5879,price_proxy,,,,
2022-10-18,0.27,0.1647,0,3.3841,price_proxy,,,,
2022-10-19,0.2406,0.1642,0,1.2692,price_proxy,,,,
2022-10-20,0.2574,0.1643,0,1.1939,price_proxy,,,,
2022-10-21,0.2007,0.1644,0,0.6429,price_proxy,,,,
2022-10-24,0.3405,0.1666,0,0.9673,price_proxy,,,,
2022-10-25,0.5724,0.176,0,1.3049,price_proxy,,,,
2022-10-26,0.5397,0.1687,0,0.6816,price_proxy,,,,
2022-10-27,0.5707,0.1662,0,0.6718,price_proxy,,,,
2022-10-28,0.5406,0.1626,0,0.5107,price_proxy,,,,
2022-10-31,0.5233,0.1626,0,0.4631,price_proxy,,,,
2022-11-01,0.4079,0.1627,0,0.6121,price_proxy,,,,
2022-11-02,0.4708,0.1513,0,0.6521,price_proxy,,,,
2022-11-03,0.5,0.1525,0,0.9527,price_proxy,,,,
2022-11-04,0.5066,0.1327,0,0.6562,price_proxy,,,,
2022-11-07,0.5132,0.1341,0,0.6251,price_proxy,,,,
2022-11-08,0.5932,0.1343,0,1.4332,price_proxy,,,,
2022-11-09,0.5626,0.1333,0,0.6408,price_proxy,,,,
2022-11-10,0.552,0.1318,0,0.5874,price_proxy,,,,
2022-11-11,0.6587,0.1339,0,1.0919,price_proxy,,,,
2022-11-14,0.5786,0.1202,0,0.5796,price_proxy,,,,
2022-11-15,0.7067,0.1346,0,2.331,price_proxy,,,,
2022-11-16,0.73,0.1338,0,1.1751,price_proxy,,,,
2022-11-17,0.6807,0.1333,0,0.8834,price_proxy,,,,
2022-11-18,0.6317,0.1326,0,1.7551,price_proxy,,,,
2022-11-21,0.6732,0.1336,0,0.9007,price_proxy,,,,
2022-11-22,0.4395,0.1288,0,0.7673,price_proxy,,,,
2022-11-23,0.4885,0.1285,0,0.7366,price_proxy,,,,
2022-11-24,0.5669,0.1296,0,0.7926,price_proxy,,,,
2022-11-25,0.5172,0.1281,0,0.7583,price_proxy,,,,
2022-11-28,0.4913,0.1318,0,0.7122,price_proxy,,,,
2022-11-29,0.5921,0.1318,0,0.6338,price_proxy,,,,
2022-11-30,0.5288,0.1321,0,0.6809,price_proxy,,,,
2022-12-01,0.5113,0.1323,0,0.6847,price_proxy,,,,
2022-12-02,0.5142,0.1313,0,0.367,price_proxy,,,,
2022-12-05,0.532,0.1331,0,0.6072,price_proxy,,,,
2022-12-06,0.4602,0.132,0,0.589,price_proxy,,,,
2022-12-07,0.4006,0.137,0,1.1543,price_proxy,,,,
2022-12-08,0.3573,0.1374,0,1.4632,price_proxy,,,,
2022-12-09,0.3868,0.1327,0,1.5325,price_proxy,,,,
2022-12-12,0.3338,0.1367,0,1.1168,price_proxy,,,,
2022-12-13,0.4014,0.0952,0,0.5823,price_proxy,,,,
2022-12-14,0.497,0.0974,0,0.506,price_proxy,,,,
2022-12-15,0.4699,0.0986,0,0.657,price_proxy,,,,
2022-12-16,0.458,0.0974,0,0.6756,price_proxy,,,,
2022-12-19,0.5656,0.0985,0,0.6292,price_proxy,,,,
2022-12-20,0.4756,0.0972,0,0.677,price_proxy,,,,
2022-12-21,0.4401,0.0901,0,0.4739,price_proxy,,,,
2022-12-22,0.5275,0.0896,0,0.8409,price_proxy,,,,
2022-12-23,0.4663,0.0941,0,0.9944,price_proxy,,,,
2022-12-26,0.4546,0.0927,0,0.8698,price_proxy,,,,
2022-12-27,0.4969,0.0877,0,1.5476,price_proxy,,,,
2022-12-28,0.4846,0.0876,0,1.2218,price_proxy,,,,
2022-12-29,0.3914,0.0872,0,0.968,price_proxy,,,,
2023-01-02,0.4003,0.0898,0,0.8328,price_proxy,,,,
2023-01-03,0.4598,0.1013,0,0.8711,price_proxy,,,,
2023-01-04,0.5866,0.1258,0,1.8431,price_proxy,,,,
2023-01-05,0.528,0.1269,0,1.2023,price_proxy,,,,
2023-01-06,0.6499,0.1318,0,1.553,price_proxy,,,,
2023-01-09,0.7492,0.1329,0,1.5937,price_proxy,,,,
2023-01-10,0.6422,0.1254,0,0.9222,price_proxy,,,,
2023-01-11,0.5978,0.1309,0,2.1968,price_proxy,,,,
2023-01-12,0.6442,0.1311,0,1.4521,price_proxy,,,,
2023-01-13,0.6068,0.129,0,1.2921,price_proxy,,,,
2023-01-16,0.5641,0.1291,0,0.8842,price_proxy,,,,
2023-01-17,0.5944,0.1288,0,1.1598,price_proxy,,,,
2023-01-18,0.5282,0.1262,0,0.6978,price_proxy,,,,
2023-01-19,0.5572,0.1262,0,0.618,price_proxy,,,,
2023-01-20,0.5197,0.1249,0,0.8471,price_proxy,,,,
2023-01-25,0.5565,0.1187,0,1.5491,price_proxy,,,,
2023-01-26,0.531,0.1199,0,0.7794,price_proxy,,,,
2023-01-27,0.5056,0.1201,0,0.6188,price_proxy,,,,
2023-01-30,0.5083,0.1194,0,0.8876,price_proxy,,,,
2023-01-31,0.4888,0.1163,0,1.1457,price_proxy,,,,
2023-02-01,0.456,0.1105,0,0.6055,price_proxy,,,,
2023-02-02,0.5055,0.1058,0,1.0535,price_proxy,,,,
2023-02-03,0.5222,0.0825,0,0.6439,price_proxy,,,,
2023-02-06,0.4612,0.0791,0,0.5488,price_proxy,,,,
2023-02-07,0.5056,0.0723,0,0.6818,price_proxy,,,,
2023-02-08,0.5365,0.0715,0,0.995,price_proxy,,,,
2023-02-09,0.5249,0.0699,0,0.8141,price_proxy,,,,
2023-02-10,0.5797,0.0636,0,1.5921,price_proxy,,,,
2023-02-13,0.6215,0.0623,0,0.8978,price_proxy,,,,
2023-02-14,0.6147,0.061,0,1.5737,price_proxy,,,,
2023-02-15,0.5745,0.0613,0,1.0213,price_proxy,,,,
2023-02-16,0.6066,0.0657,0,0.9145,price_proxy,,,,
2023-02-17,0.5185,0.0666,0,0.6604,price_proxy,,,,
2023-02-20,0.5053,0.0692,0,0.8899,price_proxy,,,,
2023-02-21,0.4418,0.075,0,0.9499,price_proxy,,,,
2023-02-22,0.4388,0.0738,0,0.6906,price_proxy,,,,
2023-02-23,0.4403,0.0778,0,0.5933,price_proxy,,,,
2023-02-24,0.4293,0.0797,0,1.0926,price_proxy,,,,
2023-02-27,0.4495,0.0799,0,0.8689,price_proxy,,,,
2023-02-28,0.3937,0.0977,0,5.1941,price_proxy,,,,
2023-03-02,0.4067,0.0977,0,1.1346,price_proxy,,,,
2023-03-03,0.3075,0.0996,0,1.6524,price_proxy,,,,
2023-03-06,0.3725,0.1023,0,0.9557,price_proxy,,,,
2023-03-07,0.3174,0.1042,0,1.1807,price_proxy,,,,
2023-03-08,0.3993,0.1035,0,0.931,price_proxy,,,,
2023-03-09,0.4252,0.1034,0,0.6411,price_proxy,,,,
2023-03-10,0.4615,0.1025,0,0.627,price_proxy,,,,
2023-03-13,0.4362,0.0941,0,0.7046,price_proxy,,,,
2023-03-14,0.428,0.0998,0,0.9144,price_proxy,,,,
2023-03-15,0.4667,0.1003,0,0.5704,price_proxy,,,,
2023-03-16,0.4851,0.1054,0,0.8493,price_proxy,,,,
2023-03-17,0.5875,0.1126,0,1.4811,price_proxy,,,,
2023-03-20,0.5689,0.1126,0,0.7792,price_proxy,,,,
2023-03-21,0.6524,0.1122,0,0.541,price_proxy,,,,
2023-03-22,0.6387,0.1098,0,0.649,price_proxy,,,,
2023-03-23,0.5964,0.1099,0,0.5668,price_proxy,,,,
2023-03-24,0.6387,0.1269,0,2.5966,price_proxy,,,,
2023-03-27,0.6447,0.1258,0,1.014,price_proxy,,,,
2023-03-28,0.7081,0.1297,0,1.0498,price_proxy,,,,
2023-03-29,0.6931,0.1144,0,1.3219,price_proxy,,,,
2023-03-30,0.8276,0.1304,0,2.793,price_proxy,,,,
2023-03-31,0.6622,0.1265,0,1.8662,price_proxy,,,,
2023-04-03,0.6457,0.1268,0,1.5939,price_proxy,,,,
2023-04-04,0.5052,0.128,0,0.9502,price_proxy,,,,
2023-04-05,0.5,0.1274,0,0.7592,price_proxy,,,,
2023-04-06,0.3469,0.1298,0,0.8929,price_proxy,,,,
2023-04-07,0.515,0.149,0,2.064,price_proxy,,,,
2023-04-10,0.5252,0.1495,0,0.8999,price_proxy,,,,
2023-04-11,0.6384,0.14,0,1.1204,price_proxy,,,,
2023-04-12,0.6025,0.1451,0,0.7337,price_proxy,,,,
2023-04-13,0.6257,0.1455,0,0.6235,price_proxy,,,,
2023-04-14,0.4553,0.1419,0,0.53,price_proxy,,,,
2023-04-17,0.4602,0.1418,0,0.4532,price_proxy,,,,
2023-04-18,0.3803,0.1455,0,0.5842,price_proxy,,,,
2023-04-19,0.45,0.1457,0,0.4803,price_proxy,,,,
2023-04-20,0.3918,0.1524,0,0.858,price_proxy,,,,
2023-04-21,0.4492,0.1391,0,0.778,price_proxy,,,,
2023-04-24,0.3986,0.142,0,0.3676,price_proxy,,,,
2023-04-25,0.4506,0.138,0,0.7801,price_proxy,,,,
2023-04-26,0.4821,0.1415,0,0.9387,price_proxy,,,,
2023-04-27,0.5904,0.1243,0,0.5517,price_proxy,,,,
2023-04-28,0.5469,0.1237,0,0.717,price_proxy,,,,
2023-05-02,0.5828,0.1238,0,0.5601,price_proxy,,,,
2023-05-03,0.6332,0.1202,0,0.904,price_proxy,,,,
2023-05-04,0.5336,0.122,0,0.663,price_proxy,,,,
2023-05-08,0.4695,0.1217,0,0.6712,price_proxy,,,,
2023-05-09,0.4262,0.0903,0,0.9125,price_proxy,,,,
2023-05-10,0.4077,0.0915,0,0.6355,price_proxy,,,,
2023-05-11,0.3127,0.0907,0,1.0267,price_proxy,,,,
2023-05-12,0.3499,0.0889,0,0.7268,price_proxy,,,,
2023-05-15,0.3941,0.0899,0,1.004,price_proxy,,,,
2023-05-16,0.4974,0.0971,0,1.5125,price_proxy,,,,
2023-05-17,0.5941,0.103,0,0.9496,price_proxy,,,,
2023-05-18,0.7893,0.1216,0,2.5204,price_proxy,,,,
2023-05-19,1.0,0.1864,0,9.6488,price_proxy,,,,
2023-05-22,1.0,0.1811,0,3.824,price_proxy,,,,
2023-05-23,0.9286,0.1831,0,1.3865,price_proxy,,,,
2023-05-24,0.9185,0.1797,0,1.3796,price_proxy,,,,
2023-05-25,0.9164,0.188,0,3.528,price_proxy,,,,
2023-05-26,0.6503,0.1874,0,1.9278,price_proxy,,,,
2023-05-30,0.6565,0.1891,0,1.1792,price_proxy,,,,
2023-05-31,0.7222,0.1886,0,0.8007,price_proxy,,,,
2023-06-01,0.6529,0.1883,0,0.5983,price_proxy,,,,
2023-06-02,0.5159,0.1885,0,0.7939,price_proxy,,,,
2023-06-05,0.4961,0.1857,0,0.3484,price_proxy,,,,
2023-06-07,0.5358,0.1829,0,0.3492,price_proxy,,,,
2023-06-08,0.5235,0.1785,0,0.4738,price_proxy,,,,
2023-06-09,0.571,0.1746,0,0.6045,price_proxy,,,,
2023-06-12,0.5751,0.1695,0,0.4485,price_proxy,,,,
2023-06-13,0.7091,0.1754,0,1.2253,price_proxy,,,,
2023-06-14,0.543,0.1987,0,0.8558,price_proxy,,,,
2023-06-15,0.5504,0.1983,0,0.4914,price_proxy,,,,
2023-06-16,0.5,0.1995,0,0.3556,price_proxy,,,,
2023-06-19,0.5267,0.1913,0,0.2713,price_proxy,,,,
2023-06-20,0.4,0.1322,0,0.3651,price_proxy,,,,
2023-06-21,0.4885,0.1342,0,0.6566,price_proxy,,,,
2023-06-22,0.4471,0.1332,0,0.4302,price_proxy,,,,
2023-06-23,0.4429,0.1322,0,0.4348,price_proxy,,,,
2023-06-26,0.4662,0.1159,0,0.5004,price_proxy,,,,
2023-06-27,0.4549,0.1157,0,0.3006,price_proxy,,,,
2023-06-28,0.5231,0.1155,0,0.5081,price_proxy,,,,
2023-06-29,0.6049,0.1187,0,1.4638,price_proxy,,,,
2023-06-30,0.6647,0.1192,0,1.0001,price_proxy,,,,
2023-07-03,0.7868,0.1452,0,3.0591,price_proxy,,,,
2023-07-04,0.8962,0.1491,0,1.3526,price_proxy,,,,
2023-07-05,0.8536,0.1502,0,1.122,price_proxy,,,,
2023-07-06,0.6697,0.1632,0,1.1963,price_proxy,,,,
2023-07-07,0.5761,0.1663,0,1.0578,price_proxy,,,,
2023-07-10,0.1555,0.2238,0,4.6074,price_proxy,,,,
2023-07-11,0.1372,0.2137,0,1.0979,price_proxy,,,,
2023-07-12,0.5258,0.3166,0,4.1744,price_proxy,,,,
2023-07-13,0.8741,0.3346,0,2.939,price_proxy,,,,
2023-07-14,1.0,0.4135,0,4.4185,price_proxy,,,,
2023-07-17,1.0,0.4142,0,0.9938,price_proxy,,,,
2023-07-18,1.0,0.4142,0,0.5625,price_proxy,,,,
2023-07-19,1.0,0.4111,0,1.1146,price_proxy,,,,
2023-07-20,1.0,0.4088,0,0.7324,price_proxy,,,,
2023-07-21,0.3944,0.4241,0,0.9171,price_proxy,,,,
2023-07-24,0.5986,0.4328,0,1.209,price_proxy,,,,
2023-07-25,0.6835,0.4308,0,1.5295,price_proxy,,,,
2023-07-26,0.5934,0.4364,0,1.9107,price_proxy,,,,
2023-07-27,0.8898,0.4594,0,1.6545,price_proxy,,,,
2023-07-28,1.0,0.4639,0,0.7157,price_proxy,,,,
2023-07-31,0.7492,0.4642,0,0.4674,price_proxy,,,,
2023-08-01,0.7122,0.4641,0,0.4714,price_proxy,,,,
2023-08-02,0.4956,0.4931,0,0.6912,price_proxy,,,,
2023-08-03,0.2614,0.486,0,0.6103,price_proxy,,,,
2023-08-04,0.2708,0.4852,0,0.3554,price_proxy,,,,
2023-08-07,0.2668,0.4529,0,0.3363,price_proxy,,,,
2023-08-08,0.2208,0.4547,0,0.5627,price_proxy,,,,
2023-08-09,0.4804,0.3991,0,0.3773,price_proxy,,,,
2023-08-10,0.4217,0.3862,0,0.5498,price_proxy,,,,
2023-08-11,0.5712,0.2923,0,0.5828,price_proxy,,,,
2023-08-14,0.4362,0.3076,0,0.77,price_proxy,,,,
2023-08-16,0.5993,0.3185,0,0.852,price_proxy,,,,
2023-08-17,0.707,0.3224,0,0.9559,price_proxy,,,,
2023-08-18,0.7665,0.3227,0,0.734,price_proxy,,,,
2023-08-21,0.5854,0.3096,0,0.6071,price_proxy,,,,
2023-08-22,0.7205,0.2917,0,0.6993,price_proxy,,,,
2023-08-23,0.5231,0.2897,0,0.4497,price_proxy,,,,
2023-08-24,0.5399,0.2933,0,2.694,price_proxy,,,,
2023-08-25,0.294,0.2533,0,1.2344,price_proxy,,,,
2023-08-28,0.3262,0.2526,0,0.4725,price_proxy,,,,
2023-08-29,0.4509,0.2572,0,0.7719,price_proxy,,,,
2023-08-30,0.5707,0.2608,0,0.7482,price_proxy,,,,
2023-08-31,0.455,0.2183,0,0.486,price_proxy,,,,
2023-09-01,0.6062,0.2189,0,0.6028,price_proxy,,,,
2023-09-04,0.5394,0.2227,0,0.6199,price_proxy,,,,
2023-09-05,0.5105,0.2232,0,0.4157,price_proxy,,,,
2023-09-06,0.3855,0.2245,0,0.289,price_proxy,,,,
2023-09-07,0.3599,0.2249,0,0.3631,price_proxy,,,,
2023-09-08,0.3107,0.2324,0,0.6987,price_proxy,,,,
2023-09-11,0.3841,0.2233,0,0.5538,price_proxy,,,,
2023-09-12,0.381,0.2064,0,0.601,price_proxy,,,,
2023-09-13,0.2849,0.2002,0,1.2736,price_proxy,,,,
2023-09-14,0.3794,0.1965,0,0.6242,price_proxy,,,,
2023-09-15,0.4341,0.1939,0,0.9321,price_proxy,,,,
2023-09-18,0.2973,0.2048,0,1.3664,price_proxy,,,,
2023-09-19,0.2203,0.2044,0,0.4756,price_proxy,,,,
2023-09-20,0.3377,0.2044,0,0.315,price_proxy,,,,
2023-09-21,0.1976,0.1893,0,1.0592,price_proxy,,,,
2023-09-22,0.2485,0.1667,0,0.6678,price_proxy,,,,
2023-09-25,0.3834,0.1669,0,0.396,price_proxy,,,,
2023-09-26,0.4355,0.1581,0,0.4556,price_proxy,,,,
2023-09-27,0.5468,0.1605,0,0.829,price_proxy,,,,
2023-10-04,0.5729,0.1604,0,0.589,price_proxy,,,,
2023-10-05,0.5591,0.1598,0,0.6557,price_proxy,,,,
2023-10-06,0.535,0.1564,0,0.4097,price_proxy,,,,
2023-10-10,0.4867,0.1506,0,0.5959,price_proxy,,,,
2023-10-11,0.4569,0.1582,0,0.9704,price_proxy,,,,
2023-10-12,0.7266,0.2018,0,1.623,price_proxy,,,,
2023-10-13,0.7324,0.1941,0,1.3183,price_proxy,,,,
2023-10-16,0.7381,0.1944,0,1.0812,price_proxy,,,,
2023-10-17,0.7738,0.192,0,1.035,price_proxy,,,,
2023-10-18,0.5934,0.1839,0,1.0428,price_proxy,,,,
2023-10-19,0.2216,0.1989,0,1.6342,price_proxy,,,,
2023-10-20,0.224,0.1981,0,1.2855,price_proxy,,,,
2023-10-23,0.2329,0.1837,0,0.6639,price_proxy,,,,
2023-10-24,0.3819,0.2061,0,1.061,price_proxy,,,,
2023-10-25,0.4009,0.2103,0,1.0349,price_proxy,,,,
2023-10-26,0.5625,0.2064,0,0.971,price_proxy,,,,
2023-10-27,0.4837,0.2104,0,0.7363,price_proxy,,,,
2023-10-30,0.5109,0.2106,0,0.3425,price_proxy,,,,
2023-10-31,0.2365,0.2201,0,1.0284,price_proxy,,,,
2023-11-01,0.2914,0.2118,0,0.8854,price_proxy,,,,
2023-11-02,0.6028,0.2749,0,1.9023,price_proxy,,,,
2023-11-03,0.6915,0.2748,0,1.0256,price_proxy,,,,
2023-11-06,0.8935,0.2926,0,1.7114,price_proxy,,,,
2023-11-07,1.0,0.2914,0,1.3049,price_proxy,,,,
2023-11-08,1.0,0.2937,0,0.587,price_proxy,,,,
2023-11-09,0.6053,0.2722,0,0.5881,price_proxy,,,,
2023-11-10,0.6823,0.2754,0,1.0396,price_proxy,,,,
2023-11-13,0.2188,0.3106,0,1.8804,price_proxy,,,,
2023-11-14,0.4213,0.3405,0,1.5926,price_proxy,,,,
2023-11-15,0.5488,0.3369,0,1.1474,price_proxy,,,,
2023-11-16,0.681,0.3213,0,0.9521,price_proxy,,,,
2023-11-17,0.587,0.3216,0,0.7817,price_proxy,,,,
2023-11-20,0.8377,0.3241,0,0.709,price_proxy,,,,
2023-11-21,0.5982,0.3129,0,0.7727,price_proxy,,,,
2023-11-22,0.4977,0.3103,0,0.8019,price_proxy,,,,
2023-11-23,0.2817,0.3217,0,1.4351,price_proxy,,,,
2023-11-24,0.2917,0.3183,0,0.4379,price_proxy,,,,
2023-11-27,0.3059,0.3197,0,0.7428,price_proxy,,,,
2023-11-28,0.3172,0.3109,0,0.5926,price_proxy,,,,
2023-11-29,0.4091,0.311,0,0.7992,price_proxy,,,,
2023-11-30,0.6593,0.2666,0,1.2399,price_proxy,,,,
2023-12-01,0.6371,0.2671,0,0.5561,price_proxy,,,,
2023-12-04,0.605,0.248,0,0.6645,price_proxy,,,,
2023-12-05,0.4288,0.2572,0,0.9949,price_proxy,,,,
2023-12-06,0.5,0.2663,0,0.7746,price_proxy,,,,
2023-12-07,0.3706,0.2659,0,0.4223,price_proxy,,,,
2023-12-08,0.4794,0.2675,0,1.1662,price_proxy,,,,
2023-12-11,0.5119,0.2239,0,0.4497,price_proxy,,,,
2023-12-12,0.7214,0.1812,0,0.9848,price_proxy,,,,
2023-12-13,0.5429,0.1793,0,0.6566,price_proxy,,,,
2023-12-14,0.6238,0.1752,0,1.0464,price_proxy,,,,
2023-12-15,0.4954,0.1757,0,0.8971,price_proxy,,,,
2023-12-18,0.6063,0.1773,0,0.9861,price_proxy,,,,
2023-12-19,0.5,0.1783,0,0.7662,price_proxy,,,,
2023-12-20,0.528,0.1772,0,0.642,price_proxy,,,,
2023-12-21,0.5023,0.1575,0,0.6779,price_proxy,,,,
2023-12-22,0.4954,0.1592,0,0.8545,price_proxy,,,,
2023-12-26,0.3655,0.1618,0,0.9503,price_proxy,,,,
2023-12-27,0.4198,0.1609,0,0.823,price_proxy,,,,
2023-12-28,0.346,0.1639,0,1.413,price_proxy,,,,
2024-01-02,0.395,0.1591,0,1.2979,price_proxy,,,,
2024-01-03,0.3465,0.1648,0,1.1447,price_proxy,,,,
2024-01-04,0.3966,0.1611,0,0.5795,price_proxy,,,,
2024-01-05,0.4021,0.1448,0,0.5131,price_proxy,,,,
2024-01-08,0.4452,0.1251,0,0.5054,price_proxy,,,,
2024-01-09,0.4663,0.1336,0,2.6399,price_proxy,,,,
2024-01-10,0.5227,0.1229,0,0.7477,price_proxy,,,,
2024-01-11,0.5558,0.1222,0,0.844,price_proxy,,,,
2024-01-12,0.5151,0.1169,0,0.6995,price_proxy,,,,
2024-01-15,0.5819,0.1171,0,0.5805,price_proxy,,,,
2024-01-16,0.3775,0.1281,0,1.4501,price_proxy,,,,
2024-01-17,0.4278,0.1289,0,0.8136,price_proxy,,,,
2024-01-18,0.5,0.1343,0,0.7944,price_proxy,,,,
2024-01-19,0.5946,0.1397,0,1.5201,price_proxy,,,,
2024-01-22,0.6943,0.1544,0,2.5443,price_proxy,,,,
2024-01-23,0.6775,0.1696,0,1.6527,price_proxy,,,,
2024-01-24,0.7429,0.1744,0,0.9698,price_proxy,,,,
2024-01-25,0.6529,0.1703,0,1.4388,price_proxy,,,,
2024-01-26,0.462,0.1809,0,1.1187,price_proxy,,,,
2024-01-29,0.3274,0.1755,0,0.6939,price_proxy,,,,
2024-01-30,0.4424,0.1719,0,0.6044,price_proxy,,,,
2024-01-31,0.2742,0.1737,0,0.896,price_proxy,,,,
2024-02-01,0.1403,0.1886,0,1.5286,price_proxy,,,,
2024-02-02,0.3182,0.196,0,0.8804,price_proxy,,,,
2024-02-05,0.3307,0.195,0,0.5673,price_proxy,,,,
2024-02-06,0.4778,0.2053,0,1.304,price_proxy,,,,
2024-02-07,0.3675,0.232,0,2.5188,price_proxy,,,,
2024-02-08,0.486,0.2315,0,1.4805,price_proxy,,,,
2024-02-13,0.4413,0.2335,0,1.9079,price_proxy,,,,
2024-02-14,0.4973,0.2347,0,0.8207,price_proxy,,,,
2024-02-15,0.4076,0.2282,0,1.5974,price_proxy,,,,
2024-02-16,0.5862,0.2289,0,0.5524,price_proxy,,,,
2024-02-19,0.6069,0.2224,0,0.4643,price_proxy,,,,
2024-02-20,0.5467,0.2179,0,0.3585,price_proxy,,,,
2024-02-21,0.4651,0.2055,0,0.4101,price_proxy,,,,
2024-02-22,0.4634,0.1984,0,0.941,price_proxy,,,,
2024-02-23,0.4547,0.1926,0,0.7795,price_proxy,,,,
2024-02-26,0.4466,0.192,0,0.3595,price_proxy,,,,
2024-02-27,0.3765,0.1885,0,1.1459,price_proxy,,,,
2024-02-28,0.4235,0.1891,0,0.6833,price_proxy,,,,
2024-02-29,0.4173,0.1914,0,0.8988,price_proxy,,,,
2024-03-04,0.5464,0.1912,0,1.8173,price_proxy,,,,
2024-03-05,0.585,0.175,0,1.6999,price_proxy,,,,
2024-03-06,0.7604,0.1729,0,1.0813,price_proxy,,,,
2024-03-07,0.7784,0.173,0,1.4471,price_proxy,,,,
2024-03-08,1.0,0.2489,0,6.1124,price_proxy,,,,
2024-03-11,0.9987,0.2174,0,1.8253,price_proxy,,,,
2024-03-12,1.0,0.2169,0,1.3796,price_proxy,,,,
2024-03-13,0.7987,0.234,0,1.2171,price_proxy,,,,
2024-03-14,0.6995,0.2375,0,0.9183,price_proxy,,,,
2024-03-15,0.3968,0.2373,0,0.9165,price_proxy,,,,
2024-03-18,0.4488,0.2352,0,0.485,price_proxy,,,,
2024-03-19,0.3541,0.2362,0,0.5797,price_proxy,,,,
2024-03-20,0.4648,0.2367,0,0.5996,price_proxy,,,,
2024-03-21,0.4887,0.2366,0,0.4626,price_proxy,,,,
2024-03-22,0.4378,0.2365,0,0.4287,price_proxy,,,,
2024-03-25,0.4387,0.234,0,0.5036,price_proxy,,,,
2024-03-26,0.5909,0.2402,0,1.399,price_proxy,,,,
2024-03-27,0.6928,0.2332,0,0.9265,price_proxy,,,,
2024-03-28,0.7668,0.2329,0,2.1504,price_proxy,,,,
2024-03-29,0.7451,0.2354,0,0.6118,price_proxy,,,,
2024-04-01,0.6492,0.2383,0,0.5092,price_proxy,,,,
2024-04-02,0.5636,0.2386,0,0.8262,price_proxy,,,,
2024-04-03,0.4223,0.2418,0,0.4957,price_proxy,,,,
2024-04-04,0.4819,0.2451,0,0.836,price_proxy,,,,
2024-04-05,0.5469,0.1518,0,0.916,price_proxy,,,,
2024-04-08,0.4916,0.1635,0,0.7338,price_proxy,,,,
2024-04-09,0.3952,0.1604,0,0.5417,price_proxy,,,,
2024-04-11,0.5489,0.1504,0,0.6719,price_proxy,,,,
2024-04-12,0.4635,0.1461,0,1.4106,price_proxy,,,,
2024-04-15,0.4342,0.1449,0,0.9754,price_proxy,,,,
2024-04-16,0.4493,0.1548,0,0.7174,price_proxy,,,,
2024-04-17,0.4805,0.1547,0,0.4248,price_proxy,,,,
2024-04-18,0.4169,0.1544,0,0.6506,price_proxy,,,,
2024-04-19,0.2704,0.1727,0,0.9547,price_proxy,,,,
2024-04-22,0.1722,0.1813,0,0.9261,price_proxy,,,,
2024-04-23,0.1901,0.184,0,0.7473,price_proxy,,,,
2024-04-24,0.2459,0.1693,0,0.8237,price_proxy,,,,
2024-04-25,0.1945,0.1619,0,0.4823,price_proxy,,,,
2024-04-26,0.3738,0.164,0,0.506,price_proxy,,,,
2024-04-29,0.5,0.1655,0,0.5166,price_proxy,,,,
2024-04-30,0.4,0.1838,0,2.0175,price_proxy,,,,
2024-05-02,0.3394,0.1797,0,1.0569,price_proxy,,,,
2024-05-03,0.5179,0.2015,0,2.2225,price_proxy,,,,
2024-05-07,0.5075,0.1945,0,1.0537,price_proxy,,,,
2024-05-08,0.5049,0.1933,0,0.8387,price_proxy,,,,
2024-05-09,0.6619,0.1865,0,0.5653,price_proxy,,,,
2024-05-10,0.6173,0.1871,0,0.7075,price_proxy,,,,
2024-05-13,0.4721,0.1783,0,0.383,price_proxy,,,,
2024-05-14,0.4354,0.1781,0,0.5406,price_proxy,,,,
2024-05-16,0.4631,0.1813,0,0.718,price_proxy,,,,
2024-05-17,0.4326,0.1776,0,0.423,price_proxy,,,,
2024-05-20,0.5619,0.183,0,0.3873,price_proxy,,,,
2024-05-21,0.5617,0.1823,0,0.4969,price_proxy,,,,
2024-05-22,0.5539,0.1666,0,0.4841,price_proxy,,,,
2024-05-23,0.5025,0.157,0,0.5958,price_proxy,,,,
2024-05-24,0.4871,0.1568,0,0.8151,price_proxy,,,,
2024-05-27,0.42,0.1549,0,0.5704,price_proxy,,,,
2024-05-28,0.3903,0.1542,0,0.6913,price_proxy,,,,
2024-05-29,0.41,0.1518,0,0.6581,price_proxy,,,,
2024-05-30,0.3398,0.1556,0,0.5564,price_proxy,,,,
2024-05-31,0.4766,0.131,0,0.6417,price_proxy,,,,
2024-06-03,0.4557,0.1311,0,0.3885,price_proxy,,,,
2024-06-04,0.4024,0.1086,0,0.8412,price_proxy,,,,
2024-06-05,0.3874,0.1053,0,0.6983,price_proxy,,,,
2024-06-07,0.4592,0.104,0,0.8562,price_proxy,,,,
2024-06-10,0.4026,0.1041,0,0.4867,price_proxy,,,,
2024-06-11,0.3722,0.1031,0,1.4363,price_proxy,,,,
2024-06-12,0.4834,0.1054,0,0.7493,price_proxy,,,,
2024-06-13,0.4639,0.1054,0,1.4372,price_proxy,,,,
2024-06-14,0.475,0.1009,0,3.222,price_proxy,,,,
2024-06-17,0.3976,0.1025,0,0.8719,price_proxy,,,,
2024-06-18,0.4403,0.0926,0,1.2459,price_proxy,,,,
2024-06-19,0.4049,0.0922,0,1.585,price_proxy,,,,
2024-06-20,0.387,0.0927,0,0.9287,price_proxy,,,,
2024-06-21,0.3284,0.0942,0,1.3743,price_proxy,,,,
2024-06-24,0.3863,0.0892,0,1.0132,price_proxy,,,,
2024-06-25,0.4267,0.0925,0,0.9005,price_proxy,,,,
2024-06-26,0.4178,0.0923,0,0.8417,price_proxy,,,,
2024-06-27,0.4072,0.0924,0,0.9246,price_proxy,,,,
2024-06-28,0.5154,0.0944,0,1.5523,price_proxy,,,,
2024-07-01,0.4907,0.084,0,0.7899,price_proxy,,,,
2024-07-02,0.3935,0.0884,0,1.2813,price_proxy,,,,
2024-07-03,0.356,0.0837,0,1.3,price_proxy,,,,
2024-07-04,0.4215,0.0855,0,1.3055,price_proxy,,,,
2024-07-05,0.3443,0.0853,0,0.968,price_proxy,,,,
2024-07-08,0.3789,0.0849,0,0.7984,price_proxy,,,,
2024-07-09,0.5257,0.0973,0,1.347,price_proxy,,,,
2024-07-10,0.5528,0.0943,0,0.8452,price_proxy,,,,
2024-07-11,0.5359,0.0946,0,0.87,price_proxy,,,,
2024-07-12,0.4934,0.0982,0,0.9804,price_proxy,,,,
2024-07-15,0.4504,0.0945,0,1.1505,price_proxy,,,,
2024-07-16,0.3984,0.097,0,0.6016,price_proxy,,,,
2024-07-17,0.3039,0.1132,0,1.5512,price_proxy,,,,
2024-07-18,0.3042,0.1133,0,1.2578,price_proxy,,,,
2024-07-19,0.3339,0.1119,0,0.4491,price_proxy,,,,
2024-07-22,0.3169,0.114,0,1.0139,price_proxy,,,,
2024-07-23,0.2625,0.1109,0,0.8323,price_proxy,,,,
2024-07-24,0.3788,0.1114,0,0.4759,price_proxy,,,,
2024-07-25,0.2865,0.1173,0,1.1222,price_proxy,,,,
2024-07-26,0.3152,0.1093,0,0.6257,price_proxy,,,,
2024-07-29,0.3284,0.1096,0,1.1208,price_proxy,,,,
2024-07-30,0.3558,0.1077,0,0.4599,price_proxy,,,,
2024-07-31,0.371,0.1084,0,0.7035,price_proxy,,,,
2024-08-01,0.5478,0.1204,0,1.7026,price_proxy,,,,
2024-08-02,0.4581,0.1268,0,1.1675,price_proxy,,,,
2024-08-05,0.2367,0.1806,0,2.024,price_proxy,,,,
2024-08-06,0.453,0.226,0,1.4568,price_proxy,,,,
2024-08-07,0.5101,0.2322,0,1.2601,price_proxy,,,,
2024-08-08,0.5895,0.2526,0,2.2676,price_proxy,,,,
2024-08-09,0.7508,0.2531,0,1.5011,price_proxy,,,,
2024-08-12,1.0,0.2524,0,1.1084,price_proxy,,,,
2024-08-13,0.7241,0.2546,0,0.824,price_proxy,,,,
2024-08-14,0.7967,0.2583,0,1.1781,price_proxy,,,,
2024-08-16,0.649,0.2586,0,0.6613,price_proxy,,,,
2024-08-19,0.587,0.2576,0,0.606,price_proxy,,,,
2024-08-20,0.6377,0.2559,0,0.7351,price_proxy,,,,
2024-08-21,0.6507,0.258,0,0.6902,price_proxy,,,,
2024-08-22,0.4789,0.2588,0,0.5077,price_proxy,,,,
2024-08-23,0.4307,0.2529,0,0.5064,price_proxy,,,,
2024-08-26,0.3785,0.2555,0,0.3815,price_proxy,,,,
2024-08-27,0.2864,0.2561,0,0.5052,price_proxy,,,,
2024-08-28,0.437,0.2602,0,0.5892,price_proxy,,,,
2024-08-29,0.4503,0.2606,0,1.1664,price_proxy,,,,
2024-08-30,0.4461,0.2582,0,0.6167,price_proxy,,,,
2024-09-02,0.5074,0.2522,0,0.32,price_proxy,,,,
2024-09-03,0.5152,0.2025,0,0.3217,price_proxy,,,,
2024-09-04,0.2848,0.1802,0,0.9883,price_proxy,,,,
2024-09-05,0.2741,0.1765,0,0.6438,price_proxy,,,,
2024-09-06,0.2269,0.1539,0,0.5872,price_proxy,,,,
2024-09-09,0.2587,0.1521,0,0.7023,price_proxy,,,,
2024-09-10,0.3079,0.1524,0,0.4896,price_proxy,,,,
2024-09-11,0.4656,0.1492,0,0.5088,price_proxy,,,,
2024-09-12,0.5903,0.1373,0,1.0547,price_proxy,,,,
2024-09-13,0.6667,0.1356,0,0.6766,price_proxy,,,,
2024-09-19,0.6822,0.1402,0,0.7404,price_proxy,,,,
2024-09-20,0.7542,0.1444,0,1.4625,price_proxy,,,,
2024-09-23,0.8052,0.1459,0,0.898,price_proxy,,,,
2024-09-24,0.7397,0.1466,0,0.6093,price_proxy,,,,
2024-09-25,0.6815,0.1498,0,0.9412,price_proxy,,,,
2024-09-26,0.7073,0.1518,0,0.8904,price_proxy,,,,
2024-09-27,0.6738,0.1493,0,1.404,price_proxy,,,,
2024-09-30,0.5716,0.1427,0,0.8071,price_proxy,,,,
2024-10-02,0.5035,0.1434,0,0.996,price_proxy,,,,
2024-10-04,0.623,0.1448,0,0.7608,price_proxy,,,,
2024-10-07,0.6148,0.1485,0,1.0957,price_proxy,,,,
2024-10-08,0.5816,0.1452,0,0.7908,price_proxy,,,,
2024-10-10,0.6209,0.1163,0,0.5913,price_proxy,,,,
2024-10-11,0.6016,0.1191,0,4.492,price_proxy,,,,
2024-10-14,0.5102,0.1101,0,1.6375,price_proxy,,,,
2024-10-15,0.4737,0.1098,0,1.0874,price_proxy,,,,
2024-10-16,0.451,0.1111,0,0.7834,price_proxy,,,,
2024-10-17,0.4935,0.112,0,0.7575,price_proxy,,,,
2024-10-18,0.4533,0.1179,0,0.7206,price_proxy,,,,
2024-10-21,0.4797,0.1178,0,0.6438,price_proxy,,,,
2024-10-22,0.43,0.1167,0,0.4983,price_proxy,,,,
2024-10-23,0.5704,0.1297,0,1.4652,price_proxy,,,,
2024-10-24,0.4902,0.1281,0,0.5814,price_proxy,,,,
2024-10-25,0.6809,0.1358,0,1.476,price_proxy,,,,
2024-10-28,0.7192,0.1299,0,0.9528,price_proxy,,,,
2024-10-29,0.6831,0.1294,0,0.6127,price_proxy,,,,
2024-10-30,0.5777,0.1286,0,1.1288,price_proxy,,,,
2024-10-31,0.6445,0.1272,0,0.6695,price_proxy,,,,
2024-11-01,0.5125,0.1275,0,0.402,price_proxy,,,,
2024-11-04,0.5062,0.1253,0,0.5778,price_proxy,,,,
2024-11-05,0.3228,0.1736,0,1.9449,price_proxy,,,,
2024-11-06,0.204,0.1806,0,1.6202,price_proxy,,,,
2024-11-07,0.1478,0.1807,0,0.6992,price_proxy,,,,
2024-11-08,0.1205,0.1819,0,1.0531,price_proxy,,,,
2024-11-11,0.0631,0.1827,0,0.6901,price_proxy,,,,
2024-11-12,0.1997,0.1833,0,0.8535,price_proxy,,,,
2024-11-13,0.2532,0.1836,0,0.6408,price_proxy,,,,
2024-11-14,0.2305,0.1802,0,0.6753,price_proxy,,,,
2024-11-15,0.2601,0.1772,0,1.3293,price_proxy,,,,
2024-11-18,0.2933,0.1771,0,0.7872,price_proxy,,,,
2024-11-19,0.406,0.1811,0,1.426,price_proxy,,,,
2024-11-20,0.3957,0.1596,0,1.0916,price_proxy,,,,
2024-11-21,0.6482,0.2008,0,2.0306,price_proxy,,,,
2024-11-22,0.8075,0.204,0,1.733,price_proxy,,,,
2024-11-25,0.9325,0.2112,0,0.946,price_proxy,,,,
2024-11-26,0.858,0.2103,0,0.617,price_proxy,,,,
2024-11-27,0.7222,0.2234,0,1.0552,price_proxy,,,,
2024-11-28,0.592,0.227,0,0.5479,price_proxy,,,,
2024-11-29,0.4357,0.2272,0,0.4683,price_proxy,,,,
2024-12-02,0.3123,0.2262,0,0.3879,price_proxy,,,,
2024-12-03,0.3582,0.197,0,0.4638,price_proxy,,,,
2024-12-04,0.5079,0.1905,0,0.5813,price_proxy,,,,
2024-12-05,0.6721,0.2302,0,2.2621,price_proxy,,,,
2024-12-06,0.6484,0.2302,0,0.9082,price_proxy,,,,
2024-12-09,0.6554,0.2291,0,0.9622,price_proxy,,,,
2024-12-10,0.6292,0.2246,0,0.989,price_proxy,,,,
2024-12-11,0.7091,0.2238,0,0.631,price_proxy,,,,
2024-12-12,0.5704,0.2236,0,1.8229,price_proxy,,,,
2024-12-13,0.7255,0.2232,0,1.653,price_proxy,,,,
2024-12-16,0.951,0.2328,0,3.007,price_proxy,,,,
2024-12-17,0.9779,0.2328,0,1.8166,price_proxy,,,,
2024-12-18,0.925,0.2278,0,2.043,price_proxy,,,,
2024-12-19,0.6735,0.2251,0,1.3932,price_proxy,,,,
2024-12-20,0.5915,0.2197,0,1.1248,price_proxy,,,,
2024-12-23,0.5905,0.2298,0,1.9304,price_proxy,,,,
2024-12-24,0.6365,0.2303,0,1.7269,price_proxy,,,,
2024-12-26,0.5118,0.2171,0,1.0553,price_proxy,,,,
2024-12-27,0.7128,0.2171,0,1.3554,price_proxy,,,,
2024-12-30,0.7531,0.2131,0,0.5558,price_proxy,,,,
2025-01-02,0.5202,0.2153,0,0.8373,price_proxy,,,,
2025-01-03,0.4722,0.2153,0,1.4751,price_proxy,,,,
2025-01-06,0.7489,0.2236,0,1.5089,price_proxy,,,,
2025-01-07,0.5311,0.2133,0,1.478,price_proxy,,,,
2025-01-08,0.561,0.2086,0,0.7435,price_proxy,,,,
2025-01-09,0.6143,0.2067,0,1.9762,price_proxy,,,,
2025-01-10,0.5254,0.2119,0,0.769,price_proxy,,,,
2025-01-13,0.3255,0.2154,0,0.5584,price_proxy,,,,
2025-01-14,0.4694,0.2112,0,0.5848,price_proxy,,,,
2025-01-15,0.4892,0.212,0,0.8156,price_proxy,,,,
2025-01-16,0.4757,0.1966,0,0.7017,price_proxy,,,,
2025-01-17,0.5668,0.1966,0,0.6592,price_proxy,,,,
2025-01-20,0.5628,0.1996,0,0.4965,price_proxy,,,,
2025-01-21,0.6188,0.1893,0,0.8376,price_proxy,,,,
2025-01-22,0.5704,0.1896,0,0.8475,price_proxy,,,,
2025-01-23,0.5219,0.1763,0,0.7942,price_proxy,,,,
2025-01-24,0.4623,0.1727,0,0.5145,price_proxy,,,,
2025-01-31,0.3534,0.1857,0,1.2756,price_proxy,,,,
2025-02-03,0.1155,0.2075,0,1.7615,price_proxy,,,,
2025-02-04,0.0843,0.2056,0,0.8119,price_proxy,,,,
2025-02-05,0.2889,0.2289,0,1.3191,price_proxy,,,,
2025-02-06,0.4835,0.25,0,1.2716,price_proxy,,,,
2025-02-07,0.5866,0.2361,0,1.0362,price_proxy,,,,
2025-02-10,0.824,0.2259,0,0.5797,price_proxy,,,,
2025-02-11,0.9356,0.2292,0,1.8565,price_proxy,,,,
2025-02-12,0.73,0.2292,0,0.807,price_proxy,,,,
2025-02-13,0.6217,0.2304,0,1.2782,price_proxy,,,,
2025-02-14,0.6288,0.2312,0,0.7303,price_proxy,,,,
2025-02-17,0.6479,0.2315,0,0.6245,price_proxy,,,,
2025-02-18,0.5623,0.227,0,0.7405,price_proxy,,,,
2025-02-19,0.5461,0.2269,0,0.9022,price_proxy,,,,
2025-02-20,0.3879,0.2307,0,0.7476,price_proxy,,,,
2025-02-21,0.5134,0.2314,0,0.4446,price_proxy,,,,
2025-02-24,0.3649,0.2375,0,1.0377,price_proxy,,,,
2025-02-25,0.3187,0.2365,0,0.5597,price_proxy,,,,
2025-02-26,0.317,0.2343,0,0.5732,price_proxy,,,,
2025-02-27,0.3674,0.2343,0,0.6329,price_proxy,,,,
2025-02-28,0.2196,0.2234,0,0.9216,price_proxy,,,,
2025-03-04,0.3068,0.1968,0,0.7827,price_proxy,,,,
2025-03-05,0.3642,0.1971,0,0.4496,price_proxy,,,,
2025-03-06,0.2956,0.1784,0,0.9856,price_proxy,,,,
2025-03-07,0.3698,0.1469,0,0.6976,price_proxy,,,,
2025-03-10,0.4006,0.1466,0,0.6904,price_proxy,,,,
2025-03-11,0.3836,0.1468,0,1.0442,price_proxy,,,,
2025-03-12,0.4101,0.1384,0,0.9588,price_proxy,,,,
2025-03-13,0.4447,0.1398,0,1.4531,price_proxy,,,,
2025-03-14,0.4525,0.1363,0,0.8061,price_proxy,,,,
2025-03-17,0.5621,0.1388,0,1.0219,price_proxy,,,,
2025-03-18,0.5868,0.1365,0,0.5952,price_proxy,,,,
2025-03-19,0.5325,0.1357,0,0.711,price_proxy,,,,
2025-03-20,0.5736,0.1357,0,0.5901,price_proxy,,,,
2025-03-21,0.581,0.1391,0,1.6039,price_proxy,,,,
2025-03-24,0.4778,0.1335,0,0.4846,price_proxy,,,,
2025-03-25,0.4296,0.124,0,0.5785,price_proxy,,,,
2025-03-26,0.4521,0.1254,0,0.4394,price_proxy,,,,
2025-03-27,0.3806,0.1324,0,0.8536,price_proxy,,,,
2025-03-28,0.2227,0.1402,0,1.1665,price_proxy,,,,
2025-03-31,0.1603,0.1462,0,1.2764,price_proxy,,,,
2025-04-01,0.2479,0.1491,0,0.9557,price_proxy,,,,
2025-04-02,0.2578,0.1501,0,0.5774,price_proxy,,,,
2025-04-03,0.2599,0.1496,0,1.2458,price_proxy,,,,
2025-04-04,0.3047,0.1451,0,1.5351,price_proxy,,,,
2025-04-07,0.2452,0.1687,0,1.244,price_proxy,,,,
2025-04-08,0.2287,0.1701,0,1.0108,price_proxy,,,,
2025-04-09,0.1238,0.1664,0,1.5675,price_proxy,,,,
2025-04-10,0.3694,0.2062,0,1.2533,price_proxy,,,,
2025-04-11,0.4659,0.2043,0,0.8283,price_proxy,,,,
2025-04-14,0.6637,0.2011,0,0.7829,price_proxy,,,,
2025-04-15,0.6844,0.2035,0,0.8133,price_proxy,,,,
2025-04-16,0.6789,0.2062,0,1.0745,price_proxy,,,,
2025-04-17,0.5083,0.2081,0,0.6721,price_proxy,,,,
2025-04-18,0.4898,0.2035,0,0.4254,price_proxy,,,,
2025-04-21,0.5245,0.2047,0,0.8547,price_proxy,,,,
2025-04-22,0.4598,0.2032,0,0.5829,price_proxy,,,,
2025-04-23,0.6768,0.2153,0,1.1583,price_proxy,,,,
2025-04-24,0.635,0.211,0,0.6074,price_proxy,,,,
2025-04-25,0.668,0.2074,0,0.9096,price_proxy,,,,
2025-04-28,0.5485,0.2009,0,0.7908,price_proxy,,,,
2025-04-29,0.5841,0.2,0,0.6365,price_proxy,,,,
2025-04-30,0.4168,0.2001,0,0.5582,price_proxy,,,,
2025-05-02,0.5156,0.2008,0,0.9663,price_proxy,,,,
2025-05-07,0.4811,0.1985,0,0.7424,price_proxy,,,,
2025-05-08,0.6341,0.1679,0,1.1796,price_proxy,,,,
2025-05-09,0.6102,0.1691,0,0.5515,price_proxy,,,,
2025-05-12,0.7159,0.1596,0,0.6999,price_proxy,,,,
2025-05-13,0.6544,0.1264,0,1.1803,price_proxy,,,,
2025-05-14,0.6756,0.1262,0,1.0494,price_proxy,,,,
2025-05-15,0.4593,0.1508,0,1.7642,price_proxy,,,,
2025-05-16,0.4552,0.151,0,1.0274,price_proxy,,,,
2025-05-19,0.3251,0.1505,0,1.5345,price_proxy,,,,
2025-05-20,0.2993,0.15,0,0.5246,price_proxy,,,,
2025-05-21,0.2825,0.1499,0,0.4318,price_proxy,,,,
2025-05-22,0.3547,0.1537,0,1.1698,price_proxy,,,,
2025-05-23,0.3893,0.1529,0,0.3225,price_proxy,,,,
2025-05-26,0.5479,0.1437,0,0.9167,price_proxy,,,,
2025-05-27,0.512,0.1445,0,0.5236,price_proxy,,,,
2025-05-28,0.5197,0.1419,0,0.6448,price_proxy,,,,
2025-05-29,0.5916,0.1346,0,0.996,price_proxy,,,,
2025-05-30,0.5525,0.1352,0,1.0774,price_proxy,,,,
2025-06-02,0.4474,0.1338,0,0.6636,price_proxy,,,,
2025-06-04,0.5436,0.1294,0,1.2695,price_proxy,,,,
2025-06-05,0.652,0.1488,0,2.1652,price_proxy,,,,
2025-06-09,0.6051,0.1469,0,1.8439,price_proxy,,,,
2025-06-10,0.5945,0.1477,0,1.0247,price_proxy,,,,
2025-06-11,0.7703,0.1616,0,2.546,price_proxy,,,,
2025-06-12,0.6357,0.1639,0,1.1193,price_proxy,,,,
2025-06-13,0.4203,0.1668,0,1.2754,price_proxy,,,,
2025-06-16,0.4593,0.149,0,0.6523,price_proxy,,,,
2025-06-17,0.5,0.1484,0,1.205,price_proxy,,,,
2025-06-18,0.3765,0.1397,0,0.6775,price_proxy,,,,
2025-06-19,0.4419,0.1397,0,0.7463,price_proxy,,,,
2025-06-20,0.5151,0.1395,0,0.8133,price_proxy,,,,
2025-06-23,0.4358,0.1417,0,1.0198,price_proxy,,,,
2025-06-24,0.5075,0.1474,0,0.8052,price_proxy,,,,
2025-06-25,0.8308,0.2207,0,4.6056,price_proxy,,,,
2025-06-26,0.8178,0.2191,0,1.8672,price_proxy,,,,
2025-06-27,0.7247,0.2261,0,1.0152,price_proxy,,,,
2025-06-30,0.8314,0.226,0,0.7803,price_proxy,,,,
2025-07-01,0.6985,0.2269,0,0.9412,price_proxy,,,,
2025-07-02,0.3645,0.2267,0,0.6525,price_proxy,,,,
2025-07-03,0.4774,0.2321,0,1.0491,price_proxy,,,,
2025-07-04,0.5404,0.223,0,0.7299,price_proxy,,,,
2025-07-07,0.5435,0.2211,0,0.7571,price_proxy,,,,
2025-07-08,0.5613,0.2204,0,0.5704,price_proxy,,,,
2025-07-09,0.583,0.2108,0,0.6814,price_proxy,,,,
2025-07-10,0.4445,0.2084,0,1.2293,price_proxy,,,,
2025-07-11,0.5066,0.2032,0,0.9597,price_proxy,,,,
2025-07-14,0.5622,0.2052,0,1.0389,price_proxy,,,,
2025-07-15,0.6719,0.2081,0,1.2724,price_proxy,,,,
2025-07-16,0.6429,0.2102,0,0.786,price_proxy,,,,
2025-07-17,0.5067,0.2281,0,1.6647,price_proxy,,,,
2025-07-18,0.523,0.229,0,0.6163,price_proxy,,,,
2025-07-21,0.4397,0.2235,0,0.3843,price_proxy,,,,
2025-07-22,0.293,0.2257,0,0.7349,price_proxy,,,,
2025-07-23,0.314,0.1449,0,0.7634,price_proxy,,,,
2025-07-24,0.4699,0.1452,0,0.5557,price_proxy,,,,
2025-07-25,0.3959,0.1387,0,0.4534,price_proxy,,,,
2025-07-28,0.5065,0.1491,0,1.7282,price_proxy,,,,
2025-07-29,0.5204,0.1513,0,0.7646,price_proxy,,,,
2025-07-30,0.4761,0.1537,0,1.6682,price_proxy,,,,
2025-07-31,0.5543,0.1479,0,1.2843,price_proxy,,,,
2025-08-01,0.4966,0.1529,0,0.7627,price_proxy,,,,
2025-08-04,0.3923,0.1525,0,0.3623,price_proxy,,,,
2025-08-05,0.4966,0.1547,0,0.5727,price_proxy,,,,
2025-08-06,0.5208,0.1556,0,0.3342,price_proxy,,,,
2025-08-07,0.4636,0.1564,0,0.4954,price_proxy,,,,
2025-08-08,0.5447,0.1549,0,0.9022,price_proxy,,,,
2025-08-11,0.5724,0.1499,0,0.3895,price_proxy,,,,
2025-08-12,0.4663,0.1436,0,0.6562,price_proxy,,,,
2025-08-13,0.7055,0.1828,0,4.1767,price_proxy,,,,
2025-08-14,0.6684,0.1635,0,0.8662,price_proxy,,,,
2025-08-18,0.5538,0.1712,0,0.7328,price_proxy,,,,
2025-08-19,0.53,0.171,0,0.505,price_proxy,,,,
2025-08-20,0.5103,0.1715,0,0.731,price_proxy,,,,
2025-08-21,0.2764,0.1735,0,0.8433,price_proxy,,,,
2025-08-22,0.2795,0.1734,0,0.3154,price_proxy,,,,
2025-08-25,0.3953,0.1734,0,0.4144,price_proxy,,,,
2025-08-26,0.4148,0.1642,0,0.4399,price_proxy,,,,
2025-08-27,0.4727,0.1615,0,0.61,price_proxy,,,,
2025-08-28,0.5315,0.1585,0,0.6699,price_proxy,,,,
2025-08-29,0.5314,0.15,0,0.6629,price_proxy,,,,
2025-09-01,0.4551,0.1474,0,0.8964,price_proxy,,,,
2025-09-02,0.4007,0.1487,0,0.7579,price_proxy,,,,
2025-09-03,0.4931,0.1527,0,0.5822,price_proxy,,,,
2025-09-04,0.679,0.1834,0,3.8765,price_proxy,,,,
2025-09-05,0.7199,0.1837,0,1.7674,price_proxy,,,,
2025-09-08,0.8816,0.1881,0,1.5239,price_proxy,,,,
2025-09-09,0.9396,0.1881,0,0.7099,price_proxy,,,,
2025-09-10,0.8744,0.184,0,0.9495,price_proxy,,,,
2025-09-11,0.6801,0.1512,0,1.2637,price_proxy,,,,
2025-09-12,0.6238,0.1515,0,1.1431,price_proxy,,,,
2025-09-15,0.595,0.1406,0,1.3873,price_proxy,,,,
2025-09-16,0.7186,0.1521,0,2.4561,price_proxy,,,,
2025-09-17,0.6518,0.1461,0,1.0288,price_proxy,,,,
2025-09-18,0.6681,0.14,0,1.5186,price_proxy,,,,
2025-09-19,0.7362,0.1399,0,1.3482,price_proxy,,,,
2025-09-22,0.7295,0.1402,0,1.1707,price_proxy,,,,
2025-09-23,0.6172,0.1401,0,0.9312,price_proxy,,,,
2025-09-24,0.6791,0.1377,0,0.9293,price_proxy,,,,
2025-09-25,0.5936,0.1441,0,0.9069,price_proxy,,,,
2025-09-26,0.5078,0.1474,0,0.7237,price_proxy,,,,
2025-09-29,0.5076,0.1401,0,0.9141,price_proxy,,,,
2025-09-30,0.4572,0.1388,0,0.5228,price_proxy,,,,
2025-10-01,0.49,0.1371,0,0.7479,price_proxy,,,,
2025-10-02,0.569,0.1037,0,1.1769,price_proxy,,,,
2025-10-10,0.5961,0.1047,0,1.2269,price_proxy,,,,
2025-10-13,0.5557,0.0986,0,0.9175,price_proxy,,,,
2025-10-14,0.536,0.105,0,1.2039,price_proxy,,,,
2025-10-15,0.5175,0.1054,0,0.6296,price_proxy,,,,
2025-10-16,0.5889,0.1141,0,1.3908,price_proxy,,,,
2025-10-17,0.4579,0.1395,0,1.3452,price_proxy,,,,
2025-10-20,0.4606,0.1373,0,0.9047,price_proxy,,,,
2025-10-21,0.4419,0.1278,0,0.9989,price_proxy,,,,
2025-10-22,0.4404,0.1267,0,0.688,price_proxy,,,,
2025-10-23,0.3487,0.1261,0,0.4832,price_proxy,,,,
2025-10-24,0.5329,0.1264,0,0.7068,price_proxy,,,,
2025-10-27,0.5101,0.1238,0,1.1046,price_proxy,,,,
2025-10-28,0.5676,0.1236,0,0.6332,price_proxy,,,,
2025-10-29,0.5332,0.1231,0,0.6608,price_proxy,,,,
2025-10-30,0.5435,0.1201,0,0.8421,price_proxy,,,,
2025-10-31,0.4851,0.1185,0,0.508,price_proxy,,,,
2025-11-03,0.515,0.116,0,1.1048,price_proxy,,,,
2025-11-04,0.5503,0.1149,0,1.3347,price_proxy,,,,
2025-11-05,0.3616,0.1492,0,2.6453,price_proxy,,,,
2025-11-06,0.5025,0.1735,0,2.1738,price_proxy,,,,
2025-11-07,0.4197,0.1796,0,0.8306,price_proxy,,,,
2025-11-10,0.4777,0.1854,0,1.1007,price_proxy,,,,
2025-11-11,0.4411,0.1836,0,0.9027,price_proxy,,,,
2025-11-12,0.6297,0.1826,0,0.6696,price_proxy,,,,
2025-11-13,0.4325,0.1747,0,0.7955,price_proxy,,,,
2025-11-14,0.4346,0.1663,0,0.9236,price_proxy,,,,
2025-11-17,0.5878,0.2141,0,1.8071,price_proxy,,,,
2025-11-18,0.7276,0.2177,0,3.6596,price_proxy,,,,
2025-11-19,0.7411,0.2175,0,1.6343,price_proxy,,,,
2025-11-20,0.7768,0.2176,0,0.7921,price_proxy,,,,
2025-11-21,0.6703,0.2381,0,0.778,price_proxy,,,,
2025-11-24,0.6202,0.2593,0,1.2753,price_proxy,,,,
2025-11-25,0.8292,0.3074,0,4.2138,price_proxy,,,,
2025-11-26,0.8624,0.307,0,1.4232,price_proxy,,,,
2025-11-27,0.8409,0.3082,0,0.6837,price_proxy,,,,
2025-11-28,1.0,0.3167,0,1.2543,price_proxy,,,,
2025-12-01,1.0,0.3178,0,1.3134,price_proxy,,,,
2025-12-02,0.6598,0.3185,0,0.5402,price_proxy,,,,
2025-12-03,0.686,0.2942,0,0.7028,price_proxy,,,,
2025-12-04,0.6417,0.2925,0,0.7445,price_proxy,,,,
2025-12-05,0.4571,0.2859,0,0.4739,price_proxy,,,,
2025-12-08,0.482,0.2852,0,0.5951,price_proxy,,,,
2025-12-09,0.4801,0.2848,0,0.2844,price_proxy,,,,
2025-12-10,0.393,0.2863,0,0.3521,price_proxy,,,,
2025-12-11,0.4728,0.2836,0,0.3812,price_proxy,,,,
2025-12-12,0.4434,0.2791,0,0.4981,price_proxy,,,,
2025-12-15,0.371,0.2583,0,0.5275,price_proxy,,,,
2025-12-16,0.2958,0.2592,0,0.5122,price_proxy,,,,
2025-12-17,0.3536,0.2593,0,0.3158,price_proxy,,,,
2025-12-18,0.3051,0.2605,0,0.3561,price_proxy,,,,
2025-12-19,0.406,0.2392,0,0.619,price_proxy,,,,
2025-12-22,0.5718,0.2242,0,0.6584,price_proxy,,,,
2025-12-23,0.6787,0.1457,0,0.5526,price_proxy,,,,
2025-12-24,0.61,0.1462,0,0.5493,price_proxy,,,,
2025-12-26,0.6405,0.1456,0,0.6274,price_proxy,,,,
2025-12-29,0.6499,0.1184,0,0.7977,price_proxy,,,,
2025-12-30,0.5825,0.12,0,1.1735,price_proxy,,,,
2026-01-02,0.7367,0.1467,0,1.7403,price_proxy,,,,
2026-01-05,0.627,0.1613,0,2.5344,price_proxy,,,,
2026-01-06,0.7188,0.1623,0,1.384,price_proxy,,,,
2026-01-07,0.511,0.1754,0,1.1981,price_proxy,,,,
2026-01-08,0.5,0.1759,0,0.9403,price_proxy,,,,
2026-01-09,0.325,0.1766,0,0.7335,price_proxy,,,,
2026-01-12,0.4447,0.1757,0,0.7426,price_proxy,,,,
2026-01-13,0.3679,0.1755,0,0.5063,price_proxy,,,,
2026-01-14,0.4562,0.1747,0,0.6487,price_proxy,,,,
2026-01-15,0.3992,0.1719,0,1.1044,price_proxy,,,,
2026-01-16,0.4233,0.1644,0,0.9669,price_proxy,,,,
2026-01-19,0.3827,0.1665,0,0.9185,price_proxy,,,,
2026-01-20,0.3237,0.1694,0,1.2678,price_proxy,,,,
2026-01-21,0.3619,0.1659,0,1.0259,price_proxy,,,,
2026-01-22,0.5152,0.1711,0,1.7031,price_proxy,,,,
2026-01-23,0.481,0.1722,0,1.3975,price_proxy,,,,
2026-01-26,0.6986,0.1923,0,1.7933,price_proxy,,,,
2026-01-27,0.8746,0.1967,0,1.3576,price_proxy,,,,
2026-01-28,1.0,0.2268,0,1.9474,price_proxy,,,,
2026-01-29,1.0,0.2313,0,1.8657,price_proxy,,,,
2026-01-30,1.0,0.2336,0,1.4767,price_proxy,,,,
2026-02-02,0.9305,0.2445,0,1.0872,price_proxy,,,,
2026-02-03,1.0,0.2573,0,1.0721,price_proxy,,,,
2026-02-04,0.6748,0.2524,0,1.2804,price_proxy,,,,
2026-02-05,0.6456,0.2538,0,1.7816,price_proxy,,,,
2026-02-06,0.6699,0.2658,0,1.664,price_proxy,,,,
2026-02-09,1.0,0.2701,0,1.2172,price_proxy,,,,
2026-02-10,0.7565,0.2774,0,0.547,price_proxy,,,,
2026-02-11,0.8704,0.2748,0,0.7616,price_proxy,,,,
2026-02-12,0.8602,0.2712,0,0.6633,price_proxy,,,,
2026-02-13,0.5881,0.2759,0,0.346,price_proxy,,,,
2026-02-19,0.6502,0.2826,0,0.8211,price_proxy,,,,
2026-02-20,0.7143,0.2773,0,0.6038,price_proxy,,,,
2026-02-23,0.6085,0.288,0,0.9684,price_proxy,,,,
2026-02-24,0.5786,0.2856,0,0.5472,price_proxy,,,,
2026-02-25,0.6371,0.2827,0,0.5145,price_proxy,,,,
2026-02-26,0.5392,0.2783,0,0.7652,price_proxy,,,,
2026-02-27,0.562,0.2792,0,0.6851,price_proxy,,,,
2026-03-03,0.519,0.276,0,0.8123,price_proxy,,,,
2026-03-04,0.2962,0.2959,0,1.1767,price_proxy,,,,
2026-03-05,0.7149,0.3713,0,1.6012,price_proxy,,,,
2026-03-06,0.6951,0.3524,0,1.2151,price_proxy,,,,
2026-03-09,0.4865,0.3656,0,1.1234,price_proxy,,,,
2026-03-10,0.5565,0.3633,0,0.8122,price_proxy,,,,
2026-03-11,0.6281,0.3709,0,1.3382,price_proxy,,,,
2026-03-12,0.2634,0.358,0,0.7504,price_proxy,,,,
2026-03-13,0.2532,0.352,0,0.9042,price_proxy,,,,
2026-03-16,0.7977,0.3969,0,2.1474,price_proxy,,,,
2026-03-17,0.7737,0.4014,0,0.9256,price_proxy,,,,
2026-03-18,1.0,0.409,0,1.2074,price_proxy,,,,
2026-03-19,1.0,0.4085,0,1.2036,price_proxy,,,,
2026-03-20,1.0,0.3972,0,0.7557,price_proxy,,,,
2026-03-23,0.6636,0.4003,0,0.9336,price_proxy,,,,
2026-03-24,0.7607,0.3952,0,0.6397,price_proxy,,,,
2026-03-25,0.6739,0.3965,0,0.6899,price_proxy,,,,
2026-03-26,0.4632,0.401,0,0.7215,price_proxy,,,,
2026-03-27,0.5243,0.3996,0,0.7394,price_proxy,,,,
2026-03-30,0.5798,0.4002,0,0.7561,price_proxy,,,,
2026-03-31,0.4539,0.399,0,0.7821,price_proxy,,,,
2026-04-01,0.612,0.3983,0,0.9072,price_proxy,,,,
2026-04-02,0.4667,0.3508,0,1.2047,price_proxy,,,,
2026-04-03,0.396,0.3484,0,0.6519,price_proxy,,,,
2026-04-06,0.4394,0.329,0,2.9768,price_proxy,,,,
2026-04-07,0.5515,0.3259,0,1.2278,price_proxy,,,,
2026-04-08,0.447,0.3205,0,1.56,price_proxy,,,,
2026-04-09,0.7966,0.3224,0,1.8694,price_proxy,,,,
2026-04-10,0.673,0.3308,0,5.0546,price_proxy,,,,
2026-04-13,0.3042,0.3264,0,1.7769,price_proxy,,,,
2026-04-14,0.3661,0.3241,0,0.9274,price_proxy,,,,
2026-04-15,0.2471,0.31,0,0.7037,price_proxy,,,,
2026-04-16,0.1384,0.3023,0,0.5984,price_proxy,,,,
2026-04-17,0.2786,0.3042,0,0.4568,price_proxy,,,,
2026-04-20,0.6247,0.3017,0,0.3938,price_proxy,,,,
2026-04-21,0.6345,0.304,0,0.6467,price_proxy,,,,
2026-04-22,0.6336,0.2996,0,0.4284,price_proxy,,,,
2026-04-23,0.5631,0.3003,0,0.7919,price_proxy,,,,
2026-04-24,0.5524,0.2981,0,0.4252,price_proxy,,,,
2026-04-27,0.5913,0.2991,0,0.6755,price_proxy,,,,
2026-04-28,0.4958,0.2922,0,0.6353,price_proxy,,,,
2026-04-29,0.5376,0.2556,0,0.5112,price_proxy,,,,
2026-04-30,0.6179,0.2282,0,0.4634,price_proxy,,,,
2026-05-04,0.6064,0.229,0,0.5122,price_proxy,,,,
2026-05-06,0.6289,0.2312,0,0.8399,price_proxy,,,,
2026-05-07,0.58,0.2348,0,0.5472,price_proxy,,,,
2026-05-08,0.5779,0.2224,0,0.4519,price_proxy,,,,
2026-05-11,0.5082,0.2176,0,0.8588,price_proxy,,,,
2026-05-12,0.5081,0.2129,0,1.3782,price_proxy,,,,
2026-05-13,0.4062,0.1215,0,0.6137,price_proxy,,,,
2026-05-14,0.504,0.119,0,0.8659,price_proxy,,,,
2026-05-15,0.2712,0.1583,0,1.0132,price_proxy,,,,
2026-05-18,0.2166,0.1744,0,0.9664,price_proxy,,,,
2026-05-19,0.0879,0.1789,0,0.8704,price_proxy,,,,
2026-05-20,0.0934,0.1787,0,0.6319,price_proxy,,,,
2026-05-21,0.2737,0.2268,0,0.8428,price_proxy,,,,
2026-05-22,0.3708,0.2304,0,0.5768,price_proxy,,,,
2026-05-26,0.7967,0.2745,0,1.4813,price_proxy,,,,
2026-05-27,0.8517,0.276,0,1.1655,price_proxy,,,,
2026-05-28,0.6914,0.2882,0,1.0647,price_proxy,,,,
2026-05-29,0.3451,0.292,0,1.1592,price_proxy,,,,
2026-06-01,0.4952,0.2931,0,0.9026,price_proxy,,,,
2026-06-02,0.2625,0.2935,0,1.1111,price_proxy,,,,
2026-06-04,0.3448,0.2928,0,1.127,price_proxy,,,,
2026-06-05,0.3967,0.2939,0,1.0439,price_proxy,,,,
2026-06-08,0.2274,0.3214,0,0.9769,price_proxy,,,,
2026-06-09,0.2394,0.3242,0,1.1361,price_proxy,,,,
2026-06-10,0.2078,0.323,0,0.8821,price_proxy,,,,
2026-06-11,0.2804,0.3291,0,2.2229,price_proxy,,,,
2026-06-12,0.7772,0.4021,0,4.5518,price_proxy,,,,
2026-06-15,0.8957,0.4126,0,0.7848,price_proxy,,,,
2026-06-16,0.6899,0.4039,0,0.5385,price_proxy,,,,
2026-06-17,0.6561,0.3979,0,0.7236,price_proxy,,,,
2026-06-18,0.5262,0.3932,0,0.5391,price_proxy,,,,
2026-06-19,0.1174,0.395,0,1.7255,price_proxy,,,,
2026-06-22,0.3921,0.3759,0,0.8392,price_proxy,,,,
2026-06-23,0.4088,0.3754,0,1.3809,price_proxy,,,,
2026-06-24,0.4569,0.3389,0,0.8998,price_proxy,,,,
2026-06-25,0.4813,0.338,0,0.5878,price_proxy,,,,
2026-06-26,0.4785,0.3296,0,0.6102,price_proxy,,,,
2026-06-29,0.3759,0.3262,0,0.9409,price_proxy,,,,
2026-06-30,0.4065,0.3243,0,1.3106,price_proxy,,,,
2026-07-01,0.2921,0.3289,0,2.7103,price_proxy,,,,
2026-07-02,0.1119,0.341,0,1.4174,price_proxy,,,,
2026-07-03,0.3152,0.3526,0,0.7323,price_proxy,,,,
2026-07-06,0.1428,0.3352,0,0.5247,price_proxy,,,,
2026-07-07,0.154,0.3314,0,0.8298,price_proxy,,,,
2026-07-08,0.1098,0.3413,0,0.6541,price_proxy,,,,
2026-07-09,0.3404,0.3369,0,0.8505,price_proxy,,,,
2026-07-10,0.3108,0.25,0,1.203,price_proxy,,,,
2026-07-13,0.5105,0.2399,0,0.863,price_proxy,,,,
2026-07-14,0.4987,0.2372,0,0.8583,price_proxy,,,,
2026-07-15,0.8071,0.2479,0,0.4327,price_proxy,,,,
2026-07-16,0.5451,0.2608,0,0.3538,price_proxy,,,,
2026-07-20,0.2937,0.2655,0,0.7082,price_proxy,,,,
2026-07-21,0.3137,0.2547,0,0.4439,price_proxy,,,,
2026-07-22,0.3733,0.2546,0,0.5137,price_proxy,,,,
2026-07-23,0.3574,0.2626,0,0.305,price_proxy,,,,
