date,title,sentiment_score,positive_count,negative_count,source
2026-03-23,서울 거쳐 부산서 크루즈…부산항 국내 첫 '항공·철도 연계' 모항 크루...,0.0,0,0,https://www.nocutnews.co.kr/news/6488859?utm_source=naver&utm_medium=article&utm_campaign=20260323060102
2026-03-23,미래환경산업투자펀드 810억 조성해 기후테크·녹색산업 육성,0.0,0,0,https://www.nocutnews.co.kr/news/6488702?utm_source=naver&utm_medium=article&utm_campaign=20260323060101
2026-03-23,"[칼럼]'두 얼굴'의 검찰, 심판대에 서다",0.0,0,0,https://www.nocutnews.co.kr/news/6489030?utm_source=naver&utm_medium=article&utm_campaign=20260323060104
2026-03-23,'74명 사상' 대전 안전공업 화재…14명 숨진 대형 참사[영상],0.0,0,0,https://www.nocutnews.co.kr/news/6488999?utm_source=naver&utm_medium=article&utm_campaign=20260323060103
2026-03-23,인천으로 입국해 부산에서 크루즈 탄다…Fly·Rail&Cruise 운영,0.0,0,0,https://www.nocutnews.co.kr/news/6489024?utm_source=naver&utm_medium=article&utm_campaign=20260323060103
2026-03-23,작년 새희망홀씨 공급 14% 늘어…올해 목표 5조1천억,0.0,0,0,https://www.asiatime.co.kr/article/20260322500097
2026-03-23,"""내 아이디어가 정책이 된다""…국토교통분야 국민제안 공모전",0.0,0,0,https://www.nocutnews.co.kr/news/6488903?utm_source=naver&utm_medium=article&utm_campaign=20260323060102
2026-03-23,AI '총력 투자' 나선 네카오…작년 R&D '조단위' 역대 최대,0.261,1,0,https://www.news1.kr/it-science/general-it/6108177
2026-03-23,올해 첫 전국연합학력평가 내일 시행…고교생 122만명 응시,0.0,0,0,https://www.nocutnews.co.kr/news/6488495?utm_source=naver&utm_medium=article&utm_campaign=20260323060100
2026-03-23,"금감원 ""올해 銀 새희망홀씨 대출 5.1兆 공급"" 적극 지원",-0.408,0,1,http://www.fnnews.com/news/202603230055110736
2026-03-23,"[창간 26주년] AI 성패 가르는 'AI 데이터센터'…""전력 확보가 관건""",0.0,0,0,http://www.inews24.com/view/1951213
2026-03-23,"폐업 직전 골목 사장님 ""살았다""…서민 무보증 신용대출 5조 푼다",0.0,0,0,https://www.mt.co.kr/finance/2026/03/23/2026032210523292830
2026-03-23,"[오늘(23일)의 경제·산업 주요 일정·행사] 'LG전자, 주주총회' 등",0.0,0,0,http://www.popcornnews.net/news/articleView.html?idxno=115734
2026-03-23,"금감원, 가상자산·인뱅 금융사고에 칼 빼들었다…""확실한 금전적 페널...",-0.408,0,1,https://www.news1.kr/finance/general-finance/6109678
2026-03-23,빅테크 주총 줄줄이…'집중투표제 무력화 꼼수'에 국민연금 제동,0.0,0,0,https://www.news1.kr/it-science/general-it/6109694
2026-03-23,"‘견제하는 주주’로 나선 국민연금… 신한지주 반대, 우리금융엔 찬성",0.0,0,0,https://www.seoul.co.kr/news/economy/2026/03/23/20260323030005?wlog_tag3=naver
2026-03-23,"이승건 토스 대표, 페이스페이부터 증권까지...금융 '슈퍼앱’ 실현 [네...",0.0,0,0,http://www.fntimes.com/html/view.php?ud=202603191758216272957e88cdd5_18
2026-03-23,"카카오페이, 결제·데이터·플랫폼 결합전략으로 성장 가속 [페이·핀테...",0.322,1,0,http://www.fntimes.com/html/view.php?ud=202603230142289226dd55077bc2_18
2026-03-23,"개발자의, 개발자에 의한, 개발자를 위한 ‘라이온하트’",0.0,0,0,http://www.fntimes.com/html/view.php?ud=202603230209463519dd55077bc2_18
2026-03-23,끝까지 청소하고 떠난 ‘아미’의 품격,0.0,0,0,https://www.seoul.co.kr/news/society/2026/03/23/20260323014006?wlog_tag3=naver
2026-03-23,"운명처럼 서로 만난 오위스, 그들이 전해온 26nn년의 아르켈[EN:터뷰]",0.0,0,0,https://www.nocutnews.co.kr/news/6489032?utm_source=naver&utm_medium=article&utm_campaign=20260323060300
2026-03-23,"종합특검, '계엄 모의 시점' 정조준…""尹 일반이적죄 입증과 연동""",0.0,0,0,https://www.nocutnews.co.kr/news/6489026?utm_source=naver&utm_medium=article&utm_campaign=20260323050104
2026-03-23,"윤호영號 카카오뱅크, 소상공인 대출 선순환 구조 완성 [은행, 생산적 금...",0.0,0,0,http://www.fntimes.com/html/view.php?ud=202603230005163838dd55077bc2_18
2026-03-23,"李 콕 집은 '결제일 단축'…美도 2년, 韓 얼마나 걸릴까",0.0,0,0,https://www.nocutnews.co.kr/news/6488673?utm_source=naver&utm_medium=article&utm_campaign=20260323050100
2026-03-23,"정관장, 순위 판 흔들다…kt 제압 '단독 2위', 선두 LG 압박",0.0,0,0,https://www.nocutnews.co.kr/news/6489029?utm_source=naver&utm_medium=article&utm_campaign=20260323050105
2026-03-23,"최우형號 케이뱅크, SME 진출·디지털자산 사업으로 성장 모색 [은행,생...",0.537,2,0,http://www.fntimes.com/html/view.php?ud=20260323000841168dd55077bc2_18
2026-03-23,"오늘 청문회 서는 박홍근…""지금은 추경할 때"" 적극재정 강조",0.0,0,0,https://www.nocutnews.co.kr/news/6488918?utm_source=naver&utm_medium=article&utm_campaign=20260323050102
2026-03-23,건보료 국고지원 늘리면 성장·후생↑…재원 따라 '세대 갈등',0.322,1,0,https://www.nocutnews.co.kr/news/6488997?utm_source=naver&utm_medium=article&utm_campaign=20260323050102
2026-03-23,"[단독]주식 양도 막히자 CB로…검찰, 삼성 로봇단장도 수사",0.0,0,0,https://www.nocutnews.co.kr/news/6489016?utm_source=naver&utm_medium=article&utm_campaign=20260323050103
2026-03-23,이정현 칼질에 주호영 불복…공천 갈등 점입가경,0.0,0,0,https://www.nocutnews.co.kr/news/6489025?utm_source=naver&utm_medium=article&utm_campaign=20260323050104
2026-03-23,"[노트북너머] 인뱅의 설명 없는 이사보수 상향, 근거부터 밝혀야",0.0,0,0,https://www.etoday.co.kr/news/view/2567598
2026-03-23,찰칵! 30초 만에 수행평가 '고득점 로드맵' 얻는 방법 [팩플],0.0,0,0,https://www.joongang.co.kr/article/25413881
2026-03-23,"中, 오픈소스 AI '오픈클로' 일상 업무 사용 자제 권고",0.0,0,0,https://www.cbci.co.kr/news/articleView.html?idxno=562455
2026-03-23,"[글로벌 비즈 브리핑] ""해외로 가던 투자자금, 중동 여파로 미국으로 유...",0.0,0,0,https://biz.sbs.co.kr/article_hub/20000299051?division=NAVER
2026-03-23,"'오픈클로' 열풍 급제동…中 ""일상 사무용 컴퓨터서 금지""",0.0,0,0,https://biz.sbs.co.kr/article_hub/20000299045?division=NAVER
2026-03-23,韓 찾은 아미들 '네카오 안내'에 반했다,0.0,0,0,https://www.mt.co.kr/tech/2026/03/23/2026032220065935434
2026-03-23,"中, AI 비서 ‘오픈클로’ 데이터 유출 위험에… “일상 사무용 설치 금...",0.0,0,0,https://www.dt.co.kr/article/12053117?ref=naver
2026-03-23,[재계 인사이드] 유통업 넘어서는 야망? 신세계 정용진 회장의 ‘이마트...,0.0,0,0,https://www.news2day.co.kr/article/20260322500056
2026-03-23,"[단독] 중소 여행사 배제된 '숙박세일 페스타'…""대형 플랫폼 지배력만...",0.0,0,0,https://www.traveltimes.co.kr/news/articleView.html?idxno=415486
2026-03-23,유대균·강삼영 도교육감 예비후보 소통 행보 활발,0.0,0,0,https://www.kado.net/news/articleView.html?idxno=2040211
2026-03-23,이양수 “인터넷은행 전산사고 5년간 163건…시스템 재점검 필요” 지적,0.0,0,0,https://www.kwnews.co.kr/page/view/2026032211473388381
2026-03-23,[주식 열풍의 그림자]‘학자금 빚투’에 빠진 대학생들,0.0,0,0,https://www.kwnews.co.kr/page/view/2026032211220997387
2026-03-23,"경기도, 오픈이노베이션 참여 스타트업 모집… 대·중견기업 협업 지원...",0.0,0,0,https://www.newscj.com/news/articleView.html?idxno=3387129
2026-03-23,"[Biz Inside] ""보험의 본질은 상부상조… GA 자율 정화로 신뢰 되찾아야...",0.0,0,0,https://www.insnews.co.kr/news/articleView.html?idxno=89740
2026-03-23,"[7] 그곳엔 아내도 자식도 없었다, 디지털 간통의 민낯 [이수진의 이혼...",0.0,0,0,https://www.namdonews.com/news/articleView.html?idxno=904752
2026-03-22,"서대문구, 취약계층 아동 치과 치료비 최대 40만원 지원",0.0,0,0,https://www.sedaily.com/article/20022577?ref=naver
2026-03-22,[역사속 오늘·3.23·세계기상의날] 美 첫 여성 국무장관 올브라이트 별...,0.0,0,0,http://kor.theasian.asia/archives/402043
2026-03-22,"도박 악재, 연료됐나?…롯데, '홈런 쇼' 대승으로 선두 질주",0.0,0,0,https://www.nocutnews.co.kr/news/6489028?utm_source=naver&utm_medium=article&utm_campaign=20260322105459
2026-03-22,"주호영 ""마지막까지 물러나지 않겠다""…컷오프 불복",0.0,0,0,https://www.nocutnews.co.kr/news/6489027?utm_source=naver&utm_medium=article&utm_campaign=20260322105459
2026-03-22,"소상공인을 돕는 일, 중장년의 새로운 일자리가 되다 [신철호의 실전 인...",0.0,0,0,https://www.mk.co.kr/article/11995094
2026-03-22,"중기부, '지역제조 혁신바우처 시범사업'...스타트업·소공인 시제품 개...",0.0,0,0,http://www.econonews.co.kr/news/articleView.html?idxno=432123
2026-03-22,양산사랑카드 '카카오페이 간편결제' 도입,0.0,0,0,http://www.gnmaeil.com/news/articleView.html?idxno=582949
2026-03-22,"부산박물관, 개항 150주년 특별전시회",0.0,0,0,http://www.gnmaeil.com/news/articleView.html?idxno=582963
2026-03-22,출시 첫날 200만장 팔았다…7년의 기다림 끝에 새역사 쓴 K게임,0.0,0,0,https://www.mk.co.kr/article/11995091
2026-03-22,"창원시, 시민 대상 공공디자인 만족도 설문조사",0.0,0,0,https://www.nocutnews.co.kr/news/6489017?utm_source=naver&utm_medium=article&utm_campaign=20260322095758
2026-03-22,"""군항제-야구 함께 즐기자"" 창원관광 올인원 투어패스 출시",0.0,0,0,https://www.nocutnews.co.kr/news/6489018?utm_source=naver&utm_medium=article&utm_campaign=20260322095658
2026-03-22,"진해구, 웅동수원지 '걷기 좋은 벚꽃길'로 새단장 완료",0.0,0,0,https://www.nocutnews.co.kr/news/6489020?utm_source=naver&utm_medium=article&utm_campaign=20260322095558
2026-03-22,"경남농협-밀양시, '농촌 왕진버스' 운영…의료 사각지대 해소",0.0,0,0,https://www.nocutnews.co.kr/news/6489019?utm_source=naver&utm_medium=article&utm_campaign=20260322095559
2026-03-22,상장사 주주 '역대 최대'…삼성전자 1위,0.0,0,0,https://www.idaegu.co.kr/news/articleView.html?idxno=542505
2026-03-22,밀양사랑카드 카카오페이 간편결제 도입,0.0,0,0,https://www.nocutnews.co.kr/news/6489022?utm_source=naver&utm_medium=article&utm_campaign=20260322095258
2026-03-22,"창원시, 국어진흥위원회 정기회의 개최…""우리말 쓰기 장려""",0.0,0,0,https://www.nocutnews.co.kr/news/6489021?utm_source=naver&utm_medium=article&utm_campaign=20260322095258
2026-03-22,"과제 산적한 신현송 한은 총재 후보자…""균형있는 통화정책 고민""(종합...",0.0,0,0,https://www.nocutnews.co.kr/news/6489015?utm_source=naver&utm_medium=article&utm_campaign=20260322094658
2026-03-22,"양산사랑카드, 23일부터 '카카오페이 간편결제' 도입",0.0,0,0,https://www.ulsanpress.net/news/articleView.html?idxno=571432
2026-03-22,"경산사랑카드, 카카오페이 간편결제 서비스 도입",0.0,0,0,https://www.idaegu.co.kr/news/articleView.html?idxno=542482
2026-03-22,"카카오모빌리티, 차세대 자율주행 R&D 인재 영입",0.0,0,0,https://www.m-economynews.com/news/article.html?no=65687
2026-03-22,"'오픈클로' 열풍 급제동…中, 오픈클로 금지령 내렸다",0.0,0,0,https://www.ajunews.com/view/20260322211822967
2026-03-22,"“대구로 미술여행”…간송미술관, 봄 맞이 혜택이 넘쳐요",0.0,0,0,https://www.ksmnews.co.kr/news/view.php?idx=596176
2026-03-22,[미리보는 이데일리 신문]전폭 지원 정부·통신…수익만 빼먹은 넷플,0.322,1,0,http://www.edaily.co.kr/news/newspath.asp?newsid=02679766645385944
2026-03-22,"기술과 인프라의 맞선…경기도, 오픈이노베이션 스타트업 공모",0.0,0,0,https://www.etnews.com/20260322000184
2026-03-22,"中, 오픈클로 가이드라인 발표…""일상 사무용 컴퓨터서 금지""",0.0,0,0,https://www.yna.co.kr/view/AKR20260322062000083?input=1195m
2026-03-22,與 전남광주특별시장 경선 '허위 득표율 문자' 파장 확산(종합2보),0.0,0,0,https://www.yna.co.kr/view/AKR20260322037252054?input=1195m
2026-03-22,"카카오, '일상혁신 컨퍼런스' 개최...카카오톡 이모티콘, 세대 간 장벽 ...",0.0,0,0,https://news.bbsi.co.kr/news/articleView.html?idxno=4073485
2026-03-22,"AI·망증설·비상인력, 내 돈 들인 K이통사…‘무임승차 라방’한 넷플",0.0,0,0,http://www.edaily.co.kr/news/newspath.asp?newsid=02660086645385944
2026-03-22,"“그 돈 언제 다 써요?” 연봉 말고 월급이 7억원…낯익은 ‘얼굴’, 연...",-0.462,0,1,https://biz.heraldcorp.com/article/10699927?ref=naver
2026-03-22,"[Digital & Now] ""이모티콘이 관계를 바꿨다""…카카오, '일상혁신' 연구 ...",0.0,0,0,https://www.ebn.co.kr/news/articleView.html?idxno=1703032
2026-03-22,경남은행-경남경찰청-금융감독원 '피싱범죄 예방' 협약 체결,0.0,0,0,https://www.nocutnews.co.kr/news/6488989?utm_source=naver&utm_medium=article&utm_campaign=20260322082557
2026-03-22,"민형배 ""허위 득표율 문자, 조직적 유포 정황 확보""…전원 고발 방침",0.0,0,0,https://daily.hankooki.com/news/articleView.html?idxno=1350063
2026-03-22,"""적당히 믿지 말라…확신으로 살아가라"" 故 정필도 목사 4주기 되새겨",0.0,0,0,https://www.nocutnews.co.kr/news/6488993?utm_source=naver&utm_medium=article&utm_campaign=20260322082457
2026-03-22,군산 한 도로서 승합차와 SUV 충돌…4명 부상,0.0,0,0,https://www.nocutnews.co.kr/news/6488996?utm_source=naver&utm_medium=article&utm_campaign=20260322082257
2026-03-22,"차영수 전남도의원, 강진군수 예비후보 등록",0.0,0,0,https://www.nocutnews.co.kr/news/6489003?utm_source=naver&utm_medium=article&utm_campaign=20260322082157
2026-03-22,박형준 '청년 선대위' vs 주진우 '비공개 전략'…부산시장 경선 체제 본...,0.0,0,0,https://www.nocutnews.co.kr/news/6489014?utm_source=naver&utm_medium=article&utm_campaign=20260322081957
2026-03-22,주호영·이진숙 컷오프…국힘 대구시장 6자 경선으로,0.0,0,0,https://www.nocutnews.co.kr/news/6489012?utm_source=naver&utm_medium=article&utm_campaign=20260322081757
2026-03-22,BTS 공연에 편의점 매출 최대 3배 ↑…백화·면세점도 '특수',0.0,0,0,https://www.nocutnews.co.kr/news/6488995?utm_source=naver&utm_medium=article&utm_campaign=20260322081057
2026-03-22,"민형배 “허위 득표율 문자, 조직적 유포 정황 확보”…전원 고발 방침",0.0,0,0,https://www.cnbnews.com/news/article.html?no=784924
2026-03-22,민주당 전남광주특별시장 경선 허위 득표율 문자 논란…결국 고발전 확...,0.0,0,0,https://www.nocutnews.co.kr/news/6489005?utm_source=naver&utm_medium=article&utm_campaign=20260322080457
2026-03-22,"43년 만의 괴물 출발…서울, 창단 첫 개막 4연승 '선두 우뚝'",0.0,0,0,https://www.nocutnews.co.kr/news/6489011?utm_source=naver&utm_medium=article&utm_campaign=20260322080457
2026-03-22,"와이즈레이크, AI 양돈 경영 리포트 서비스 ‘인사이트 피그플랜’ 정식...",0.0,0,0,https://www.livesnews.com/news/article.html?no=60312
2026-03-22,"대전 공장 화재 사망자 12명 신원, 이르면 내일 확인",0.0,0,0,https://www.nocutnews.co.kr/news/6489002?utm_source=naver&utm_medium=article&utm_campaign=20260322080057
2026-03-22,與 경기지사 한준호·추미애·김동연 3인 경선으로,0.0,0,0,https://www.nocutnews.co.kr/news/6489000?utm_source=naver&utm_medium=article&utm_campaign=20260322075957
2026-03-22,[투어코리아_뉴스룸] 장애보다 더 큰 문제는 대응... 카카오뱅크 '이중...,0.0,0,0,https://www.tournews21.com/news/articleView.html?idxno=132218
2026-03-22,광화문에 '국뽕 차 올랐다'…공연 끝나고 청소한 아미들[노컷브이],0.0,0,0,https://www.nocutnews.co.kr/news/6489007?utm_source=naver&utm_medium=article&utm_campaign=20260322075757
2026-03-22,"당정, 중동 전쟁에 '25조 추경' 속도전…초과세수 활용",0.0,0,0,https://www.nocutnews.co.kr/news/6489008?utm_source=naver&utm_medium=article&utm_campaign=20260322075657
2026-03-22,강기정·신정훈 단일화하나?…23일 옥현진 대주교 공동 예방,0.0,0,0,https://www.nocutnews.co.kr/news/6489009?utm_source=naver&utm_medium=article&utm_campaign=20260322075557
2026-03-22,"카카오가 입증한 플랫폼의 힘…""이모티콘 쓰니 호감도 15% 상승""",0.537,2,0,http://www.ftoday.co.kr/news/articleView.html?idxno=356737
2026-03-22,"""누가 뿌렸나""…民 통합시장 경선 조작 결과에 '발칵'",0.0,0,0,https://www.namdonews.com/news/articleView.html?idxno=904847
2026-03-22,차라리 ‘세바시’를 틀어라 [아침햇발],0.0,0,0,https://www.hani.co.kr/arti/opinion/column/1250544.html
2026-03-22,"[속보]주호영·이진숙 컷오프…국힘 공관위 ""대구 6인 경선""",0.0,0,0,https://www.nocutnews.co.kr/news/6489004?utm_source=naver&utm_medium=article&utm_campaign=20260322075157
2026-03-22,"일본 골프장 운영사 아코디아·PGM, 서울서 비즈니스 상담회 개최",0.0,0,0,https://www.discoverynews.kr/news/articleView.html?idxno=1087410
2026-03-22,"[게임 브리핑] '오딘: 발할라 라이징', 2분기 업데이트 공개 外",0.322,1,0,http://www.worktoday.co.kr/news/articleView.html?idxno=82819
2026-03-22,초량왜관 지나 개항 150주년…'국제도시 부산' 특별전,0.0,0,0,http://www.fnnews.com/news/202603221851519780
2026-03-24,"다시 불뿜는 대통령의 SNS, 관건은 디테일[기자수첩]",0.0,0,0,https://www.nocutnews.co.kr/news/6489728?utm_source=naver&utm_medium=article&utm_campaign=20260324060912
2026-03-24,게임사 전문경영인 보수 극과극...80억 '잭팟' 김창한 vs 5억 미만 정우...,0.0,0,0,http://www.consumernews.co.kr/news/articleView.html?idxno=752559
2026-03-24,"마지막 기회 남은 한상우 카카오게임즈 대표, 체질 개선 '가시밭길'",0.0,0,0,https://www.sidae.com/article/2026032310341273569
2026-03-24,장동혁-이정현 역할분담?…주호영 불복 수습할까,0.0,0,0,https://www.nocutnews.co.kr/news/6489727?utm_source=naver&utm_medium=article&utm_campaign=20260324060712
2026-03-24,"롯데百, 잠실에 '반클리프 아펠' 전시형 팝업 연다",0.0,0,0,http://www.edaily.co.kr/news/newspath.asp?newsid=02020486645386600
2026-03-24,2월 생산자물가 또 올라…주가 상승에 금융보험서비스 급등,0.604,2,0,https://www.nocutnews.co.kr/news/6489621?utm_source=naver&utm_medium=article&utm_campaign=20260324060013
2026-03-24,"美 여아 사망사고 난 팰리세이드 전동시트, 국내 차량 리콜",0.0,0,0,https://www.nocutnews.co.kr/news/6489480?utm_source=naver&utm_medium=article&utm_campaign=20260324060012
2026-03-24,게임하며 아이돌 덕질···최애로운 ‘SMiniz’ 세상속으로,0.0,0,0,https://sports.khan.co.kr/article/202603240600003?pt=nv
2026-03-24,생물다양성 위기 대응할 현장실무 교육과정 참가자 모집,0.0,0,0,https://www.nocutnews.co.kr/news/6489618?utm_source=naver&utm_medium=article&utm_campaign=20260324060012
2026-03-24,"‘로톡사태’ 진통 겪은 K-리걸테크, 클로드 코워크에 또 '흔들' [팩플]",0.0,0,0,https://www.joongang.co.kr/article/25414244
2026-03-24,[헬스테크로그] 평범한 식사에도 ‘혈당 스파이크’…CGM 열흘 착용기,0.0,0,0,http://digitalchosun.dizzo.com/site/data/html_dir/2026/03/23/2026032380217.html
2026-03-24,"롯데百, '반클리프 아펠' 전시형 팝업 단독 개최",0.0,0,0,https://view.asiae.co.kr/article/2026032323050573255
2026-03-24,"롯데백화점, 반클리프 아펠 ‘봄 정원’ 연다 … 잠실에 360평 야외 전시",0.0,0,0,https://biz.newdaily.co.kr/site/data/html/2026/03/23/2026032300349.html
2026-03-24,최대 4000만원 카카오 펫보험에 붙는 아쉬움,0.0,0,0,https://www.ngetnews.com/news/articleView.html?idxno=549385
2026-03-24,ICT 기업 ‘군살’ 빼고 AI 신사업 뛰어든다,0.0,0,0,https://www.seoul.co.kr/news/economy/industry/2026/03/24/20260324030002?wlog_tag3=naver
2026-03-24,뉴욕 라과디아 공항 여객기·소방차 충돌…조종사 2명 사망,0.0,0,0,https://www.nocutnews.co.kr/news/6489730?utm_source=naver&utm_medium=article&utm_campaign=20260324050911
2026-03-24,"[경제 단신] 삼성SDS, 국내 첫 B300 GPU 서비스 외",0.0,0,0,https://www.segye.com/newsView/20260323515939?OutUrl=naver
2026-03-24,“위기는 기회다…年 87조 스테이블코인 시장 잡을 것”,0.0,0,0,http://www.edaily.co.kr/news/newspath.asp?newsid=01646566645386600
2026-03-24,손해사정 대신 데이터 기반 보험금 지급… 항공·날씨 ‘지수형 보험’...,0.0,0,0,https://www.g-enews.com/view.php?ud=202603231527335314a6e8311f64_1
2026-03-24,"'A급' 훈장 단 BIFF, 시민 예산 '제자리' 수뇌부 연봉은 '상향'",0.0,0,0,https://www.nocutnews.co.kr/news/6489637?utm_source=naver&utm_medium=article&utm_campaign=20260324050014
2026-03-24,고려아연 정기주총 D-DAY…경영권 공방 심화 속 주총 쟁점은,0.0,0,0,https://www.nocutnews.co.kr/news/6489691?utm_source=naver&utm_medium=article&utm_campaign=20260324050014
2026-03-24,아리셀 판박이…'74명 사상' 안전공업 수사 쟁점은?,0.0,0,0,https://www.nocutnews.co.kr/news/6489622?utm_source=naver&utm_medium=article&utm_campaign=20260324050012
2026-03-24,[단독]미공개정보 흘러 지인의 사돈까지…檢 칼날 어디까지,0.0,0,0,https://www.nocutnews.co.kr/news/6489630?utm_source=naver&utm_medium=article&utm_campaign=20260324050013
2026-03-24,스트레스에 시달리는 사람 꼭 먹어라… 코르티솔 줄이는 음식 5가지,0.0,0,0,https://health.chosun.com/site/data/html_dir/2026/03/23/2026032302427.html
2026-03-24,"환율 1500원 시대의 'RIA', 서학개미 돌아와 환율 잡을까",0.0,0,0,https://www.nocutnews.co.kr/news/6489534?utm_source=naver&utm_medium=article&utm_campaign=20260324050012
2026-03-24,"'정책' 중심 인청…박홍근, 정치인 출신 첫 기획처 장관 되나",0.0,0,0,https://www.nocutnews.co.kr/news/6489714?utm_source=naver&utm_medium=article&utm_campaign=20260324050015
2026-03-24,[단독]'혐의없음' 뒤집힌 성폭력 사건…법정서 쓰러진 피해자,0.0,0,0,https://www.nocutnews.co.kr/news/6489725?utm_source=naver&utm_medium=article&utm_campaign=20260324050016
2026-03-24,"""환율 1600원 가능성도""…중동전쟁, 금융위기 악몽 깨웠다",0.0,0,0,https://www.nocutnews.co.kr/news/6489544?utm_source=naver&utm_medium=article&utm_campaign=20260324050015
2026-03-24,"사드 반출, 파병 압박…이쯤 되면 '전략적 전횡' 아닌가[기자수첩]",0.0,0,0,https://www.nocutnews.co.kr/news/6489722?utm_source=naver&utm_medium=article&utm_campaign=20260324050015
2026-03-24,"사라진 삼촌 찾아 러시아로…'헤요카' 감독 ""징집한 모습도 봤죠""[왓더...",0.0,0,0,https://www.nocutnews.co.kr/news/6489721?utm_source=naver&utm_medium=article&utm_campaign=20260324050016
2026-03-24,"""100만원 팔면 73만원 뜯겨""…쿠팡 '라방' 웃을 때 홈쇼핑은 통곡",0.322,1,0,https://www.joongang.co.kr/article/25414208
2026-03-24,"카카오페이 신원근, '흑자 전환'에 3연임…'넥스트 파이낸스' 속도 낸다",0.583,1,0,https://www.apnews.kr/news/articleView.html?idxno=3047043
2026-03-24,"[2026 대한민국 소비자선호도 1위] 173달톤 최저분자 콜라겐 브랜드, 라...",0.0,0,0,https://magazine.hankyung.com/business/article/202603163958b
2026-03-24,"""카드 안 만들어요""…혜자카드 멸종, 계산대 앞 페이 내민다",0.322,1,0,https://www.mt.co.kr/finance/2026/03/24/2026032319522772353
2026-03-24,머니투데이 오프라인 헤드라인-23일,0.0,0,0,https://www.mt.co.kr/society/2026/03/24/2026032322050659241
2026-03-24,"""학생증 하나로 끝!""... 개강 맞이 대학생이라면 꼭 챙겨야 할 할인 혜택...",0.0,0,0,https://www.insight.co.kr/news/547191
2026-03-24,"트럼프 ""생산적 대화, 5일간 공격 유예""…전쟁 최대 분수령",0.0,0,0,https://www.nocutnews.co.kr/news/6489729?utm_source=naver&utm_medium=article&utm_campaign=20260324061112
2026-03-24,"프라이머, 크리에이터기업가 투자 전용 펀드 결성…1호 투자는 '조코딩...",0.0,0,0,https://platum.kr/archives/283995
2026-03-24,"“비싼 GPU, 이젠 빌려쓴다”… AI 추론 시대 ‘구독형 GPU’ 경쟁 본격...",0.0,0,0,https://www.kmib.co.kr/article/view.asp?arcid=1774251152&code=11151400&cp=nv
2026-03-24,"[단독]토뱅 ‘환전 사고’ 뒤엔… 곱하기 빼먹고, ‘이상’ 알림 시스템...",0.0,0,0,https://www.donga.com/news/Economy/article/all/20260323/133590037/2
2026-03-24,가계대출 막자 개인사업자로 눈 돌리는 인터넷은행,0.0,0,0,https://www.kmib.co.kr/article/view.asp?arcid=1774254497&code=11151300&cp=nv
2026-03-24,"강릉페이 앱, ‘디지털 가교’로 진화…4월 1일 리뉴얼 서비스 개시",0.0,0,0,https://www.kwnews.co.kr/page/view/2026032310282911758
2026-03-24,세계 3대 박물관 ‘에르미타주’ 공식 디지털 특별展 ‘찬란한 에르미타...,0.0,0,0,https://sports.khan.co.kr/article/202603240009003?pt=nv
2026-03-24,내달부터 강릉페이·카카오페이 결제 연동,0.0,0,0,https://www.kado.net/news/articleView.html?idxno=2040381
2026-03-24,"'재판거래 의혹' 부장판사 구속영장 기각…""소명 부족""",0.0,0,0,https://www.nocutnews.co.kr/news/6489726?utm_source=naver&utm_medium=article&utm_campaign=20260324061012
2026-03-24,"715km 달리는 하이테크 SUV…벤츠 GLC, 공간·기술 다 챙겼다",0.0,0,0,https://www.nocutnews.co.kr/news/6488173?utm_source=naver&utm_medium=article&utm_campaign=20260324120111
2026-03-23,"무주군, 농협네트웍스와 농촌 체험·관광 활성화 맞손",0.0,0,0,https://www.newscj.com/news/articleView.html?idxno=3387599
2026-03-23,"카카오페이, 신원근 대표 재선임으로 AI 금융 혁신 가속화",0.0,0,0,https://www.tokenpost.kr/news/tech/342446
2026-03-23,"AI 헬스케어 대전환, 역대 최대 KIMES… '디지털 병원' 시대 성큼",0.0,0,0,http://www.bokuennews.com/news/article.html?no=275590
2026-03-23,"[속보]법원, '재판거래·뇌물' 부장판사·변호사 구속영장 기각",0.0,0,0,https://www.nocutnews.co.kr/news/6489723?utm_source=naver&utm_medium=article&utm_campaign=20260323111210
2026-03-23,"삼척사랑카드, 카카오페이 연동 간편결제 서비스 개시",0.0,0,0,https://www.kwnews.co.kr/page/view/2026032309485281252
2026-03-23,"경주시, 경주페이 카카오페이 연동 모바일 결제 확대",0.0,0,0,https://www.ksmnews.co.kr/news/view.php?idx=596321
2026-03-23,"뭘 좋아할지 몰라 다 준비했어! 삼성, 개막 2연전 팬 이벤트…프미나 이...",0.0,0,0,https://www.sportsseoul.com/news/read/1596393?ref=naver
2026-03-23,국립민속국악원 '다담' 첫 무대…차·이야기·국악의 만남,0.0,0,0,http://www.jeonmin.co.kr/news/articleView.html?idxno=436372
2026-03-23,화성특례시 'MARS 2026' 개막… AI 산업 생태계 구축 시동,0.0,0,0,https://www.newscj.com/news/articleView.html?idxno=3387569
2026-03-23,"이란 ""미국과 대화 없다""…트럼프 ""생산적 대화"" 주장 일축",0.0,0,0,https://www.nocutnews.co.kr/news/6489720?utm_source=naver&utm_medium=article&utm_campaign=20260323102410
2026-03-23,"기하성, 교단 통합 8년 만 '전국장로회연합회' 통합 마무리",0.0,0,0,https://www.nocutnews.co.kr/news/6489685?utm_source=naver&utm_medium=article&utm_campaign=20260323100110
2026-03-23,"교회협의회 ""대전 안전공업 화재 참사 희생자 애도""",0.0,0,0,https://www.nocutnews.co.kr/news/6489686?utm_source=naver&utm_medium=article&utm_campaign=20260323100110
2026-03-23,"경주페이, 카카오페이 연동…모바일 결제 확대",0.0,0,0,https://www.sentv.co.kr/article/view/sentv202603230248
2026-03-23,"경주페이, 카카오페이와 손잡았다…스마트폰 하나로 '간편 결제'",0.0,0,0,https://www.gukjenews.com/news/articleView.html?idxno=3537269
2026-03-23,홍대입구역 인근서 인도로 음주운전 SUV 돌진…4명 부상,0.0,0,0,https://www.nocutnews.co.kr/news/6489719?utm_source=naver&utm_medium=article&utm_campaign=20260323094510
2026-03-23,"카카오페이, 신원근 대표 3연임 확정",0.0,0,0,https://it.chosun.com/news/articleView.html?idxno=2023092159092
2026-03-23,"장유출장소, 전자 문서 발송... 주차구역 위반 등 3종 과태료",0.0,0,0,http://www.gnmaeil.com/news/articleView.html?idxno=583056
2026-03-23,"최은석 ""주호영·이진숙 컷오프 안타깝다···당 공천 결정 100% 수용""",0.0,0,0,https://www.nocutnews.co.kr/news/6489718?utm_source=naver&utm_medium=article&utm_campaign=20260323100610
2026-03-23,"제니·로제도 입고 등장하더니…""20년 만에 돌아왔다"" 난리 [트렌드+]",0.0,0,0,https://www.hankyung.com/article/202603230450g
2026-03-23,"넥슨, 'K-브랜드지수' 게임사 부문 1위",0.0,0,0,https://www.s-journal.co.kr/news/articleView.html?idxno=39652
2026-03-23,"프로미스나인 이채영, 라팍 개막전 시구",0.0,0,0,https://www.idaegu.co.kr/news/articleView.html?idxno=542623
2026-03-23,괴문자 유포에 고발전까지…혼탁해진 통합시장 경선,0.0,0,0,https://mpmbc.co.kr/NewsArticle/1510580
2026-03-23,"5년 연속 꼴찌? 삼성, 최하위 탈출 희망 살려…9위와 1경기 차",0.0,0,0,https://www.nocutnews.co.kr/news/6489713?utm_source=naver&utm_medium=article&utm_campaign=20260323091009
2026-03-23,"구로구청노조, 딥페이크 관련 구청장 SNS 사과에 '면피성 사과'… 책임자...",0.0,0,0,https://www.public25.com/news/articleView.html?idxno=42442
2026-03-23,[인사]금융위원회,0.0,0,0,https://www.nocutnews.co.kr/news/6489711?utm_source=naver&utm_medium=article&utm_campaign=20260323090109
2026-03-23,외국인 지방세 체납 해마다 증가,0.0,0,0,http://www.cctimes.kr/news/articleView.html?idxno=897953
2026-03-23,"명태균 ""여론조작은 허위""… 신용한 고소",0.0,0,0,http://www.cctimes.kr/news/articleView.html?idxno=897960
2026-03-23,국힘 '백지신탁 논란' 박강수 단수공천…징계 정지 뒤 강행,0.0,0,0,https://www.nocutnews.co.kr/news/6489710?utm_source=naver&utm_medium=article&utm_campaign=20260323104010
2026-03-23,"희망브리지 전국재해구호협회, 대전 공장 화재 진화 소방대원 긴급 지원",0.0,0,0,http://www.bizwnews.com/news/articleView.html?idxno=130337
2026-03-23,"대구 수성구, AI 챗봇 서비스로 응대 효율 높이기",0.0,0,0,https://www.ksmnews.co.kr/news/view.php?idx=596402
2026-03-23,"조현, 이란 외교장관과 통화…""호르무즈 항행 안전 보장"" 촉구",0.0,0,0,https://www.nocutnews.co.kr/news/6489709?utm_source=naver&utm_medium=article&utm_campaign=20260323084609
2026-03-23,"[여기는 강릉] 강원, 속초의료원 20억 원 융자 지원 외",0.0,0,0,https://news.kbs.co.kr/news/pc/view/view.do?ncd=8515961&ref=A
2026-03-23,"트럼프 ""모든 군사 공격 5일간 유예…생산적 대화 나눴다""",0.0,0,0,https://www.nocutnews.co.kr/news/6489708?utm_source=naver&utm_medium=article&utm_campaign=20260323084009
2026-03-23,괴문자 유포에 고발전까지… 혼탁해진 통합시장 경선,0.0,0,0,https://kjmbc.co.kr/NewsArticle/1510603
2026-03-23,"경산시, 경산사랑카드에 카카오페이 결제 서비스 도입",0.0,0,0,https://www.dkilbo.com/news/articleView.html?idxno=538207
2026-03-23,"신원근 연임 확정…카카오페이, ‘UX 혁신·AI 금융 전환’ 드라이브",0.0,0,0,https://www.ekn.kr/web/view.php?key=20260323024100323
2026-03-23,"AI로 문서 위조 잡는다…샌드버그, 금융권 공략 본격화",0.0,0,0,https://www.viva100.com/article/20260323501527
2026-03-23,"'링크반도체' 개발 파네시아, 카이스트와 AX기술개발 협력",0.0,0,0,https://www.mt.co.kr/future/2026/03/23/2026032315383788925
2026-03-23,"김여정, 다카이치 일축 ""日수상 평양에 오는 거 보고 싶지 않아""",0.0,0,0,https://www.nocutnews.co.kr/news/6489706?utm_source=naver&utm_medium=article&utm_campaign=20260323082809
2026-03-23,일산동부경찰서 유치장서 마약봉지 발견…경기북부청 감찰,0.0,0,0,https://www.nocutnews.co.kr/news/6489705?utm_source=naver&utm_medium=article&utm_campaign=20260323082509
2026-03-23,서울시교육청-한국세무사회 '학교세무사' 출범…학교세무사 배치,0.0,0,0,https://www.nocutnews.co.kr/news/6489704?utm_source=naver&utm_medium=article&utm_campaign=20260323082110
2026-03-23,"경주페이, 카카오페이 연동 서비스",0.0,0,0,http://www.ujeil.com/news/articleView.html?idxno=383008
2026-03-23,"KAIST, 중부권·3특에 글로벌 메가밸리 육성",0.0,0,0,https://zdnet.co.kr/view/?no=20260323200314
2026-03-23,"코나아이, 지역사랑상품권 카카오페이 결제 전국 확대",0.0,0,0,http://www.lawissue.co.kr/view.php?ud=20260323200205199204ead0791_12
2026-03-23,"KT 김영섭 대표, 지난해 보수 17억 1800만 원…직원 평균 급여 800만 원↑",0.0,0,0,https://www.nocutnews.co.kr/news/6489702?utm_source=naver&utm_medium=article&utm_campaign=20260323080309
2026-03-23,"가상자산 코인 리딩방 사기, 단계적 유도 수법 확산",0.0,0,0,https://www.gnnews.co.kr/news/articleView.html?idxno=633237
2026-03-23,"윤건영 충북교육감, 학기초 생활지도·독서교육 강조",0.0,0,0,https://www.nocutnews.co.kr/news/6489701?utm_source=naver&utm_medium=article&utm_campaign=20260323075709
2026-03-23,"프로야구 삼성, 개막 2연전서 이채영·안지영 시구",0.0,0,0,http://www.hansbiz.co.kr/news/articleView.html?idxno=826775
2026-03-23,[미리보는 이데일리 신문] '아틀라스' 도입 거부 노조에 면죄부 준 법,0.0,0,0,http://www.edaily.co.kr/news/newspath.asp?newsid=04805206645386272
2026-03-23,"강릉페이, 앱 리뉴얼 본격 개시…결제편의성 대폭 향상",0.0,0,0,https://www.cnbnews.com/news/article.html?no=785185
2026-03-23,"""일본서는 되던데…"" 쓱 내민 계좌번호에 멘붕 온 외국인들 [현장+]",0.0,0,0,https://www.hankyung.com/article/2026032301137
2026-03-23,"[CEO+] '연임 확정' 신원근 카카오페이 대표이사, ""'넥스트 파이낸스'로...",0.0,0,0,http://www.bizwnews.com/news/articleView.html?idxno=130358
2026-03-23,"갤럭시 이젠 ‘왕따 폰’ 아니네…아이폰만 되던 ‘에어드롭’, 삼성폰...",0.0,0,0,https://www.sedaily.com/article/20023060?ref=naver
2026-03-24,"럭셔리도 경험 경쟁..롯데백화점, 반클리프 아펠 전시형 팝업 개최",0.0,0,0,https://kpenews.com/View.aspx?No=4014511
2026-03-24,"'11년 만의 파운더스컵 우승' 김효주, 세계랭킹도 11년 만에 4위로",0.0,0,0,https://www.nocutnews.co.kr/news/6489732?utm_source=naver&utm_medium=article&utm_campaign=20260324073113
2026-03-24,"노영희 ""SBS 사과, 사측과 노측 말 달라 역할분담 인식 줘""[한판승부]",0.0,0,0,https://www.nocutnews.co.kr/news/6489712?utm_source=naver&utm_medium=article&utm_campaign=20260324073013
2026-03-24,[핀테크핫이슈] 고유가·고환율에 금융 시장 '출렁'…대환대출 전쟁 발...,0.0,0,0,https://www.digitaltoday.co.kr/news/articleView.html?idxno=644302
2026-03-24,오늘도 포근한 봄기운 가득…공기질은 심술,0.0,0,0,https://www.nocutnews.co.kr/news/6489731?utm_source=naver&utm_medium=article&utm_campaign=20260324072513
2026-03-24,"[인사이드 스토리]정용진, 온라인 대신 ‘AI’로 가는 까닭은",0.0,0,0,https://news.bizwatch.co.kr/article/consumer/2026/03/23/0038
2026-03-24,"SKT, '조비 지분' 3년 만에 매각…통신사, UAM 투자 '숨고르기'[NW리포트...",0.0,0,0,https://www.newsway.co.kr/news/view?ud=2026032316503218352
2026-03-24,[카카오뱅크 ROE 전략] 최대 실적에도 7%대...남은 5년이 승부처,0.322,1,0,https://news.dealsitetv.com/articles/167076
2026-03-24,[카카오뱅크 ROE 전략] M&A 카드 꺼낸 카뱅…비은행 확장 승부수,0.0,0,0,https://news.dealsitetv.com/articles/167170
2026-03-24,[카카오뱅크 ROE 전략] 슈퍼뱅크에서 태국까지… 글로벌 사업 수익성 시...,0.0,0,0,https://news.dealsitetv.com/articles/167236
2026-03-24,[카카오뱅크 ROE 전략] 윤호영式 밸류업…ROE 15% 승부수,0.0,0,0,https://news.dealsitetv.com/articles/167014
2026-03-24,"카카오·케이뱅크, 집중투표제 배제 조항 삭제…주주친화 행보 펼친다",0.0,0,0,https://www.news2day.co.kr/article/20260324500018
2026-03-24,"‘모회사에 교섭 요구’ 자회사 노조, 원청 사용자성 인정 ‘더’ 쉬울...",0.0,0,0,http://www.worklaw.co.kr/view/view.asp?accessSite=Naver&accessMethod=Search&accessMenu=News&in_cate=124&in_cate2=0&gopage=1&bi_pidx=38973
2026-03-24,“금리 낮추자” 개인사업자 대환 수요 꿈틀…인뱅·핀테크 ‘저금리·...,0.0,0,0,https://www.dailian.co.kr/news/view/1624432/?sc=Naver
2026-03-24,"[더벨]김범수·카카오 항소심, 연내 마무리 전망 '4회 내 결판'",0.0,0,0,https://www.thebell.co.kr/free/content/ArticleView.asp?key=202603201356137720108892
2026-03-24,"[더벨][Company Watch] '유럽사업 참패' 카카오, 해외 매출비중 30% 미션 ...",0.0,0,0,https://www.thebell.co.kr/free/content/ArticleView.asp?key=202603191429129360104837
2026-03-24,"장성철 ""주호영 컷오프, 이정현 사감 들어간 보복 공천""[한판승부]",0.0,0,0,https://www.nocutnews.co.kr/news/6489707?utm_source=naver&utm_medium=article&utm_campaign=20260324070012
2026-03-24,쓰레기 줄이고 분리배출 늘린다... 종로구 ‘폐기물 감량 실천단’ 출범,0.0,0,0,https://biz.heraldcorp.com/article/10700911?ref=naver
2026-03-24,"카카오페이 신원근 대표, 2028년까지 연임…AI·디지털 자산 '넥스트 파...",0.0,0,0,http://www.newsroad.co.kr/news/articleView.html?idxno=56572
2026-03-24,신원근 카카오페이 대표 3연임 확정···AI·디지털자산이 미래 양 축,0.0,0,0,https://www.newsfreezone.co.kr/news/articleView.html?idxno=681289
2026-03-24,"VHL, 희귀하나 희귀하지 않은 병…月 2261만원 약값에 환자들 '한숨'",0.0,0,0,https://www.news1.kr/bio/welfare-medical/6110689
2026-03-24,"715㎞ 달리는 하이테크 SUV…벤츠 GLC, 공간·기술 다 챙겼다",0.0,0,0,https://www.nocutnews.co.kr/news/6488173?utm_source=naver&utm_medium=article&utm_campaign=20260324063512
2026-03-23,"최은석 ""주호영·이진숙 컷오프 안타깝다…당 공천 결정 100% 수용""",0.0,0,0,https://www.nocutnews.co.kr/news/6489718?utm_source=naver&utm_medium=article&utm_campaign=20260324065412
2026-03-25,"무관심이 키우는 마음의 병…""몸만 치료한다고 끝나지 않죠""",0.0,0,0,http://www.edaily.co.kr/news/newspath.asp?newsid=02125446645386928
2026-03-25,"서울시교육청, 수능 이후 고3 노동권 교육 강화",0.0,0,0,https://www.nocutnews.co.kr/news/6490240?utm_source=naver&utm_medium=article&utm_campaign=20260325060026
2026-03-25,인천공항 2터미널 설계 HK건축사사무소 금탑산업훈장 수훈,0.0,0,0,https://www.nocutnews.co.kr/news/6490070?utm_source=naver&utm_medium=article&utm_campaign=20260325060024
2026-03-25,양재대로 수서IC~양재IC 자동차전용도로 해제,0.0,0,0,https://www.nocutnews.co.kr/news/6490231?utm_source=naver&utm_medium=article&utm_campaign=20260325060025
2026-03-25,산란계 농가 40% 관행 사육…사육밀도 개선 위해 적극 지원,0.0,0,0,https://www.nocutnews.co.kr/news/6490169?utm_source=naver&utm_medium=article&utm_campaign=20260325060025
2026-03-25,"""당연히 적용""…'74명 사상' 안전공업 화재, 중대재해법 처벌 어디까지",0.0,0,0,https://www.nocutnews.co.kr/news/6490272?utm_source=naver&utm_medium=article&utm_campaign=20260325060026
2026-03-25,"중동전쟁 충격파…소비심리, 비상계엄 이후 최대폭 하락",-0.261,0,1,https://www.nocutnews.co.kr/news/6490304?utm_source=naver&utm_medium=article&utm_campaign=20260325060027
2026-03-25,"낡은 골목 전체가 ‘선물 상자’로 변신, 달콤한 초콜릿 향에 상권도 다...",0.0,0,0,https://www.khan.co.kr/article/202603250600025
2026-03-25,"'26주 적금 신화' 고정희, 이번엔 'K-엔터' 설계한다",0.0,0,0,https://www.newsis.com/view/NISX20260324_0003561687
2026-03-25,"‘스튜어드십 코드’ 앞세워 달라진 국민연금, 상법개정 무력화하는 주...",0.0,0,0,https://www.khan.co.kr/article/202603250600101
2026-03-25,[단독]“인원 동원 부탁드립니다” 부산 시정보고회에 주민 동원 논란·...,0.0,0,0,https://www.khan.co.kr/article/202603250600091
2026-03-25,지방선거 코앞…인천 후보 단톡방 ‘묻지마 초대’ 기승,0.0,0,0,https://www.kyeonggi.com/article/20260324580524
2026-03-25,지지층·조직·가점·결선투표 등…민주 경기지사 경선 변수속 '혼돈',0.0,0,0,https://www.nocutnews.co.kr/news/6489789?utm_source=naver&utm_medium=article&utm_campaign=20260325053024
2026-03-25,“AI 에이전트 열풍에 美까지”... 카카오·네이버 후원나선 ‘랄프톤’,0.0,0,0,https://www.sedaily.com/article/20023587?ref=naver
2026-03-25,[교육이 미래다] AX 혁신 선도하는 연구 중심 대학으로 도약,0.0,0,0,https://www.joongang.co.kr/article/25414566
2026-03-25,'관악산 챌린지'에 아웃도어 수요↑…바람막이·레깅스 매출 '쑥',0.0,0,0,https://www.newsis.com/view/NISX20260324_0003561973
2026-03-25,"""불똥 튀는 작업 없었어""…영덕 풍력발전기 화재원인 '오리무중'",0.0,0,0,https://news.sbs.co.kr/news/endPage.do?news_id=N1008490722&plink=ORI&cooper=NAVER
2026-03-25,"알리바바, 美 기업 겨냥 ‘AI 에이전트’ 출시… ‘수천만 명’ 사용자...",0.0,0,0,https://www.g-enews.com/view.php?ud=2026032417360460580c8c1c064d_1
2026-03-25,[르포]불황·중동 사태 '이중고' 여수산단…구조개편에도 한숨만,0.0,0,0,https://www.nocutnews.co.kr/news/6490428?utm_source=naver&utm_medium=article&utm_campaign=20260325051024
2026-03-25,"[단독]포털 다음, 'K트위터' 만든다…4월 텍스트 숏폼 출시",0.0,0,0,https://www.news1.kr/it-science/general-it/6112250
2026-03-25,"경찰대 '치안감 연구위원', 유배지 우려에 경찰위서 제동",0.0,0,0,https://www.nocutnews.co.kr/news/6490201?utm_source=naver&utm_medium=article&utm_campaign=20260325050025
2026-03-25,"[축산업계 브리핑] ‘저탄소 농업’ 참여자 모집, ‘축산 혜택알리미’...",0.0,0,0,https://www.nongmin.com/article/20260323500766
2026-03-25,재판소원 문턱 높았다…'명확한 기준' 속 권리 구제 관건,0.0,0,0,https://www.nocutnews.co.kr/news/6490444?utm_source=naver&utm_medium=article&utm_campaign=20260325050028
2026-03-25,"""차량 5부제, 민간 동참시 한 달이면 하루치 석유 절감""",0.0,0,0,https://www.nocutnews.co.kr/news/6490429?utm_source=naver&utm_medium=article&utm_campaign=20260325050026
2026-03-25,재개장 6년 기다렸는데 기간제 채용? 더파크 사육사들 '허탈',0.0,0,0,https://www.nocutnews.co.kr/news/6490222?utm_source=naver&utm_medium=article&utm_campaign=20260325050024
2026-03-25,[칼럼]전쟁통에 후순위로 밀렸다고? 더 큰 게 온다,0.0,0,0,https://www.nocutnews.co.kr/news/6490322?utm_source=naver&utm_medium=article&utm_campaign=20260325050025
2026-03-25,"尹의 변호사가 충북 경선에…국힘, '도로 윤어게인'",0.0,0,0,https://www.nocutnews.co.kr/news/6490433?utm_source=naver&utm_medium=article&utm_campaign=20260325050027
2026-03-25,"[르포]경합지 인천 연수갑, '송영길 카드' 통할까",0.0,0,0,https://www.nocutnews.co.kr/news/6490436?utm_source=naver&utm_medium=article&utm_campaign=20260325050027
2026-03-25,"확전 문턱서 속도조절…정부, 파병카드 미뤄두고 '투트랙'",0.0,0,0,https://www.nocutnews.co.kr/news/6490437?utm_source=naver&utm_medium=article&utm_campaign=20260325050028
2026-03-25,전쟁에도 꽃핀 코스닥 액티브 ETF…3천스닥 이끌까,0.0,0,0,https://www.nocutnews.co.kr/news/6490236?utm_source=naver&utm_medium=article&utm_campaign=20260325050024
2026-03-25,"값싼 카피캣 등장에도 '걱정NO'…모두싸인, 자신감 원천은 '이것'",0.0,0,0,https://www.mt.co.kr/future/2026/03/25/2026032318374995030
2026-03-25,비닐봉투 사재기까지…중동發 석유화학 불안심리 확산,0.0,0,0,https://www.nocutnews.co.kr/news/6490335?utm_source=naver&utm_medium=article&utm_campaign=20260325045023
2026-03-25,"""트럼프 지지율 36%로 역대 최저…이란전과 유가 상승 탓""",0.261,1,0,https://www.nocutnews.co.kr/news/6490454?utm_source=naver&utm_medium=article&utm_campaign=20260325044323
2026-03-25,"""빈 살만, 트럼프에 '전쟁 계속' 촉구…지상군 투입도 옹호""",0.0,0,0,https://www.nocutnews.co.kr/news/6490453?utm_source=naver&utm_medium=article&utm_campaign=20260325042923
2026-03-25,여유로운 'AI기사님' 강남의 밤 누볐다,0.0,0,0,https://www.mt.co.kr/tech/2026/03/25/2026032420142167647
2026-03-25,'부상 복귀' LG 손주영 1⅔이닝 3실점…최고 구속 147km,0.0,0,0,https://www.nocutnews.co.kr/news/6490447?utm_source=naver&utm_medium=article&utm_campaign=20260325041023
2026-03-25,"""美국방부, 공수 3천명 중동 배치 계획""…2가지 의도 담겨",0.0,0,0,https://www.nocutnews.co.kr/news/6490450?utm_source=naver&utm_medium=article&utm_campaign=20260325034823
2026-03-25,"'마약왕' 박왕열 국내로 임시인도…""철저한 수사로 엄정 사법처리""",0.0,0,0,https://www.nocutnews.co.kr/news/6490207?utm_source=naver&utm_medium=article&utm_campaign=20260325023522
2026-03-25,필리핀서 3명 살해 '마약왕' 박왕열은 누구…수사 향방은,0.0,0,0,https://www.nocutnews.co.kr/news/6490342?utm_source=naver&utm_medium=article&utm_campaign=20260325023523
2026-03-25,[MT시평] 데이터 주권과 스테이블코인,0.0,0,0,https://www.mt.co.kr/opinion/2026/03/25/2026031610300131706
2026-03-25,"정명근 “AI·의료·교통 ‘삼각 도약’ 선언...화성, 미래도시 표준 만...",0.0,0,0,https://www.ekn.kr/web/view.php?key=20260324029150741
2026-03-25,"수원문화재단, 정조테마공연장 상반기 '기획공연 4편' 공개",0.0,0,0,https://www.cstimes.com/news/articleView.html?idxno=699126
2026-03-25,"수성구, 대구 최초 'AI 민원 챗봇' 도입",0.0,0,0,http://news.lghellovision.net/news/articleView.html?idxno=538204
2026-03-25,"""망치로 때리고 요강 쓰라고""…짬뽕집서 5년 감금·착취 의혹 확산",0.0,0,0,http://weekly.chosun.com/news/articleView.html?idxno=49984
2026-03-25,‘우버·리비안’ ‘현대차·엔비디아’… 로보택시 경쟁 본격화,0.0,0,0,https://www.kmib.co.kr/article/view.asp?arcid=1774341520&code=11151400&cp=nv
2026-03-25,차선 변경 척척-제동도 즉각… 판 커진 K-자율주행,0.0,0,0,https://www.donga.com/news/Economy/article/all/20260324/133599011/2
2026-03-25,"안성시, 통학버스 '안녕버스' 도입으로 등하교 환경 조성",0.0,0,0,http://www.hansbiz.co.kr/news/articleView.html?idxno=827175
2026-03-25,태백 '탄탄페이' 카카오페이 연동 간편결제 본격 시행,0.0,0,0,https://www.kado.net/news/articleView.html?idxno=2040627
2026-03-25,횡성사랑카드 지갑 없이 결제하세요,0.0,0,0,https://www.kwnews.co.kr/page/view/2026032409264993018
2026-03-24,"‘4월 8일 데뷔’ hrtz.wav (하츠웨이브), 비주얼로 완성한 청춘 밴드 서...",0.0,0,0,https://sports.khan.co.kr/article/202603242355003?pt=nv
2026-03-24,"카타르, 한국행 LNG 공급 중단 선언…""미사일 피격에 계약 이행 불능""",0.0,0,0,https://www.nocutnews.co.kr/news/6490446?utm_source=naver&utm_medium=article&utm_campaign=20260324114921
2026-03-24,트럼프 협상 언급에 이란 '호르무즈 통제·배상' 파격 조건 응수?,0.0,0,0,https://www.nocutnews.co.kr/news/6490445?utm_source=naver&utm_medium=article&utm_campaign=20260324113821
2026-03-24,[데스크에서] 택시업계가 잠근 로보택시의 미래,0.0,0,0,https://www.chosun.com/opinion/desk/2026/03/24/CX4RVLVHWZERBAWKGZ3SG7CKC4/?utm_source=naver&utm_medium=referral&utm_campaign=naver-news
2026-03-24,카카오페이 신원근 대표이사 연임 확정,0.0,0,0,http://www.technoa.co.kr/news/articleView.html?idxno=100701
2026-03-24,"신송식품, 창립 48주년 기념 JB주식회사와 SNS 이벤트 진행",0.0,0,0,https://www.onews.tv/news/articleView.html?idxno=277277
2026-03-24,"[속보]카타르, 한국 등에 LNG 장기계약 불가항력 선언",0.0,0,0,https://www.nocutnews.co.kr/news/6490443?utm_source=naver&utm_medium=article&utm_campaign=20260324110820
2026-03-24,[안보윤의어느날] 이상한 세계의 노인,0.0,0,0,https://www.segye.com/newsView/20260324515683?OutUrl=naver
2026-03-24,"명태균 고소는 음습한 정치공작""…신용한·공익제보자 3인, 배후세력까...",0.0,0,0,https://www.ppss.kr/news/articleView.html?idxno=289516
2026-03-24,김제서 잇따른 임야화재…2명 다쳐,0.0,0,0,https://www.nocutnews.co.kr/news/6490441?utm_source=naver&utm_medium=article&utm_campaign=20260324104920
2026-03-24,"""세계 3대 박물관 '에르미타주' 공식 디지털 특별展 '찬란한 에르미타주...",0.0,0,0,http://www.bizwnews.com/news/articleView.html?idxno=130525
2026-03-24,"경남도, 육상운송업 소상공인 대상 유가 급등 대응 긴급경영안정자금 5...",0.604,2,0,https://www.viva100.com/article/20260324501608
2026-03-24,"장원영, 봄 햇살보다 눈부신 '넘사벽 비주얼'",0.0,0,0,https://www.ggilbo.com/news/articleView.html?idxno=1148658
2026-03-24,"경남도, 유가 급등 대비 '경영자금' 50억원 지원",0.408,1,0,http://www.gnmaeil.com/news/articleView.html?idxno=583101
2026-03-24,"안산도시공사, 거주자우선주차 시스템 전면 개편",0.0,0,0,https://www.ajunews.com/view/20260324221000810
2026-03-24,잠실 롯데에 '반클리프 아펠'이 꽃피우다…럭셔리도 '경험 경쟁',0.0,0,0,https://www.nocutnews.co.kr/news/6490434?utm_source=naver&utm_medium=article&utm_campaign=20260324101420
2026-03-24,[부고]김영일(현대로템 커뮤니케이션실장)씨 부친상,0.0,0,0,https://www.nocutnews.co.kr/news/6490435?utm_source=naver&utm_medium=article&utm_campaign=20260324101320
2026-03-24,"정명근 시장 ""지방정부가 AI 전환 주도해야...화성특례시가 가장 먼저 미...",0.0,0,0,https://www.ajunews.com/view/20260324212829801
2026-03-24,"안성시, 학생 전용 통학버스 '안녕버스' 운행…등·하교 안전 강화",0.0,0,0,http://www.bizwnews.com/news/articleView.html?idxno=130605
2026-03-24,"롯데백화점, 반클리프 아펠 ‘스프링 이즈 블루밍’ 야외 전시 독점 공...",0.0,0,0,https://www.geconomy.co.kr/news/article.html?no=318071
2026-03-24,[ICT 종합] 네이버 및 한국레노버 소식 외,0.0,0,0,https://www.gamevu.co.kr/news/articleView.html?idxno=56741
2026-03-24,"태백 ‘탄탄페이’, 카카오페이 연동 간편결제 서비스 본격 시행",0.0,0,0,http://www.cfnews.kr/news/view.php?no=106265
2026-03-24,일터 덮친 불길…대전 지역사회 '애도 물결',0.0,0,0,https://www.nocutnews.co.kr/news/6490410?utm_source=naver&utm_medium=article&utm_campaign=20260324100020
2026-03-24,"합수본, ""이만희 위해 목숨바치겠다"" 근우회 이희자 압수수색",0.0,0,0,https://www.nocutnews.co.kr/news/6490370?utm_source=naver&utm_medium=article&utm_campaign=20260324100020
2026-03-24,"[단독]결심 선 김부겸, 30일 서울·대구서 대구시장 출마 선언 예정",0.0,0,0,https://www.nocutnews.co.kr/news/6490432?utm_source=naver&utm_medium=article&utm_campaign=20260324095320
2026-03-24,"화성특례시, 'MARS 2026 AI 투자유치 & 컨퍼런스' 개최…전국 최초 지방...",0.0,0,0,https://www.cnbnews.com/news/article.html?no=785529
2026-03-24,"이란, 안보수장 후임에 혁명수비대 장성 출신 강경파 임명",0.0,0,0,https://www.nocutnews.co.kr/news/6490430?utm_source=naver&utm_medium=article&utm_campaign=20260324094920
2026-03-24,자율주행 기업 한국으로 ‘집결’…왜?,0.0,0,0,https://news.kbs.co.kr/news/pc/view/view.do?ncd=8517190&ref=A
2026-03-24,"카카오모빌리티, 자율주행 R&D 경력직 채용",0.0,0,0,https://www.idaegu.co.kr/news/articleView.html?idxno=542796
2026-03-24,AI 활용 행정 업무 효율 증대 서비스 구축,0.0,0,0,https://www.idaegu.co.kr/news/articleView.html?idxno=542758
2026-03-24,"""야구는 물론 공연·축제까지, 충북형 다목적 돔구장 추진""[충북, 중심에...",0.0,0,0,https://www.nocutnews.co.kr/news/6490427?utm_source=naver&utm_medium=article&utm_campaign=20260324092319
2026-03-24,"화성특례시, 'MARS 2026 AI 투자유치 & 컨퍼런스' 개최",0.0,0,0,http://www.suwonilbo.kr/news/articleView.html?idxno=315170
2026-03-24,히야신스의 AI 감식반: AI가 진짜로 일하게 하려면?,0.0,0,0,http://www.ddanzi.com/876982865
2026-03-24,"안산도시공사, 거주자우선주차 순환배정 실시… 디지털 서비스 고도화",0.0,0,0,https://www.newscj.com/news/articleView.html?idxno=3387968
2026-03-24,"경남농협, '농심천심 생명나눔'헌혈 캠페인 실시",0.0,0,0,https://www.nocutnews.co.kr/news/6490418?utm_source=naver&utm_medium=article&utm_campaign=20260324091420
2026-03-24,"국힘 창원시장 후보들, 재심 신청·무소속 출마…내홍 격화",0.0,0,0,https://www.nocutnews.co.kr/news/6490419?utm_source=naver&utm_medium=article&utm_campaign=20260324091419
2026-03-24,쓰레기 줄이고 분리배출 늘린다···'가뿐한 종로' 출발,0.0,0,0,http://www.enewstoday.co.kr/news/articleView.html?idxno=2409847
2026-03-24,"창원시 전직구청장 23명, 김석기 예비후보 지지 선언",0.0,0,0,https://www.nocutnews.co.kr/news/6490420?utm_source=naver&utm_medium=article&utm_campaign=20260324091320
2026-03-24,"고려아연 최윤범 회장, 경영권 수성…이사회 11대 4→9대 5로 재편",0.0,0,0,https://www.nocutnews.co.kr/news/6490424?utm_source=naver&utm_medium=article&utm_campaign=20260324091319
2026-03-24,"창원시정연구원, '근대지도로 보는 창원의 옛 모습' 발간",0.0,0,0,https://www.nocutnews.co.kr/news/6490421?utm_source=naver&utm_medium=article&utm_campaign=20260324091220
2026-03-24,"밀양시, 국보 영남루에서 무형유산 상설공연…4월 4일 개막",0.0,0,0,https://www.nocutnews.co.kr/news/6490422?utm_source=naver&utm_medium=article&utm_campaign=20260324091219
2026-03-24,"""진해신항 생계대책 마련하라""…진해수협 어업인 250명 총궐기",0.0,0,0,https://www.nocutnews.co.kr/news/6490423?utm_source=naver&utm_medium=article&utm_campaign=20260324090919
2026-03-24,"이주호, 또! 정상…11년 간 '男 배영 국대 선발전' 모두 우승",0.0,0,0,https://www.nocutnews.co.kr/news/6490417?utm_source=naver&utm_medium=article&utm_campaign=20260324090719
2026-03-24,자율주행 택시 본격 운행…'완전 무인화'는?,0.0,0,0,https://news.sbs.co.kr/news/endPage.do?news_id=N1008490510&plink=ORI&cooper=NAVER
2026-03-24,황종우 해양수산부 장관 임명…25일 취임식,0.0,0,0,https://www.nocutnews.co.kr/news/6490416?utm_source=naver&utm_medium=article&utm_campaign=20260324090619
2026-03-24,카톡서 챗GPT와 함께 올영·무신사 쇼핑한다,0.0,0,0,https://www.khan.co.kr/article/202603242053005
2026-03-24,"울진군, 카카오 알림톡으로 지방세 체납 안내",0.0,0,0,https://www.ksmnews.co.kr/news/view.php?idx=596603
2026-03-24,[RE] ‘MARS 2026 투자유치&컨퍼런스’ 개최,0.0,0,0,https://www.sentv.co.kr/article/view/sentv202603240113
2026-03-24,GPS 끊긴 터널서도… 유턴도 매끄러운 주행 ‘숙련된 운전자’,0.0,0,0,https://www.segye.com/newsView/20260324516802?OutUrl=naver
2026-03-24,"[우리동네사용설명서]화성시, MARS 2026 열고 AI 생태계 구축 선포",0.0,0,0,https://www.nspna.com/news/?mode=view&newsid=807477
2026-03-24,[르포] 투숙객 95%가 한국인… 사이판 '라오라오베이'가 30년 넘게 사랑...,0.0,0,0,https://www.onews.tv/news/articleView.html?idxno=277185
2026-03-26,"""매우 뜻깊다"" 울산 웨일즈 역사적 첫 승리…김수인, 구단 첫 홈런",0.0,0,0,https://www.nocutnews.co.kr/news/6491206?utm_source=naver&utm_medium=article&utm_campaign=20260326073736
2026-03-26,"[캐시워크 돈버는퀴즈 종합]""우리은행,블루투스 이어폰,국민건강보험"" ...",0.0,0,0,http://www.economytalk.kr/news/articleView.html?idxno=419540
2026-03-26,"김남국 ""유시민, 소강국면에 휘발유 부어""[한판승부]",0.0,0,0,https://www.nocutnews.co.kr/news/6491165?utm_source=naver&utm_medium=article&utm_campaign=20260326073036
2026-03-26,"""사고 나면 AI 탓인가""… 자율주행 'E2E', 규제 앞 멈칫",0.0,0,0,https://www.newsway.co.kr/news/view?ud=2026032516595366077
2026-03-26,국민연금 '주총 보이콧' 강화…이사 축소·자사주·보수 줄줄이 반대,0.0,0,0,https://www.econovill.com/news/articleView.html?idxno=734824
2026-03-26,원주시 “개별주택가격 카카오톡 알리미 신청하세요!”,0.0,0,0,https://www.sportsseoul.com/news/read/1597140?ref=naver
2026-03-26,울산시. 위기가구 지원 행정력 집중…신청→발견 중심 전환,0.0,0,0,https://www.newsis.com/view/NISX20260325_0003564045
2026-03-26,현금 고집은 옛말…인구 절반 간편결제앱 사용,0.0,0,0,http://www.edaily.co.kr/news/newspath.asp?newsid=02637126645387256
2026-03-26,"'AI 물결' 대비하는 네카오, 방향성은 정반대[NW리포트]",0.322,1,0,https://www.newsway.co.kr/news/view?ud=2026032516145979683
2026-03-26,"AI가 흔드는 금융 지형도…한·일, 미래 협력길 찾는다",0.0,0,0,http://www.edaily.co.kr/news/newspath.asp?newsid=02594486645387256
2026-03-26,"카카오, 포털·헬스케어 이어 게임까지 ‘매각’…‘김범수식 다이어트...",0.0,0,0,https://www.ceoscoredaily.com/page/view/2026032513114385571
2026-03-26,증시 호황에 증권사 ROE ‘껑충’…키움증권 19.9%로 가장 높아,0.0,0,0,https://www.ceoscoredaily.com/page/view/2026032515122783556
2026-03-26,"김종혁 ""이진숙, 수갑 한 번 찼더니 보수 아이콘?""[한판승부]",0.0,0,0,https://www.nocutnews.co.kr/news/6491166?utm_source=naver&utm_medium=article&utm_campaign=20260326070037
2026-03-26,"'외화내빈' BIFF, 30년 지나도 '천수답' 보조금 의존 언제 탈피?",0.0,0,0,https://www.nocutnews.co.kr/news/6491205?utm_source=naver&utm_medium=article&utm_campaign=20260326070037
2026-03-26,"매경이 전하는 세상의 지식 (매-세-지, 3월 26일)",0.0,0,0,https://www.mk.co.kr/article/11998254
2026-03-26,"카카오페이증권, 연내 국내주식 소수점 거래 도입…토스證도 “검토 중...",0.0,0,0,https://www.dnews.co.kr/uhtml/view.jsp?idxno=202603251615351810671
2026-03-26,신원근 카카오페이 대표 '3연임' 성공…'주주 신뢰회복' 과제,0.645,2,0,https://www.news2day.co.kr/article/20260325500264
2026-03-26,"HMM, 사외이사 안건 찬성률 줄어…경영진 감시·견제 양호",0.0,0,0,https://www.ceoscoredaily.com/page/view/2026032515015113229
2026-03-26,"[업뎃 투데이] 검은사막, 13번째 클래스 '다크나이트' 공개 外",0.0,0,0,http://www.worktoday.co.kr/news/articleView.html?idxno=83016
2026-03-26,"[AI 비서 시대]①카카오툴즈, 대화로 추천까지 OK…결제까지 원스톱은 ...",0.0,0,0,https://view.asiae.co.kr/article/2026032416502272859
2026-03-26,"이란사태와 사모대출 불안까지...“예보법 정비, 지금이 적기”",0.0,0,0,https://www.sedaily.com/article/20024210?ref=naver
2026-03-26,"코스피·코스닥 전 거래일(25일) 주요공시는?...에이전트AI, 187억4천만원...",0.261,1,0,https://www.pinpointnews.co.kr/news/articleView.html?idxno=439999
2026-03-26,"구글, 제미나이 생태계 확장...네카오 감당할 수 있나",0.0,0,0,https://news.mtn.co.kr/news-detail/2026032515195715159
2026-03-26,[이용우의 공정경제] 급팽창한 사모신용시장이 보내는 위험 신호…안전...,0.0,0,0,https://www.ajunews.com/view/20260323205440863
2026-03-26,"'솔로' 강민 ""이 일을 하면서 조금의 불안은 계속되지 않을까요""[EN:터뷰...",0.0,0,0,https://www.nocutnews.co.kr/news/6491200?utm_source=naver&utm_medium=article&utm_campaign=20260326060039
2026-03-26,"국건위 ""건축·도시 R&D, 현장에 바로 적용토록 전면 개편""",0.0,0,0,https://www.nocutnews.co.kr/news/6490894?utm_source=naver&utm_medium=article&utm_campaign=20260326060036
2026-03-26,증시 호황에 작년 증권사 순익 40% 늘어…'10조' 육박,0.0,0,0,https://www.nocutnews.co.kr/news/6490931?utm_source=naver&utm_medium=article&utm_campaign=20260326060938
2026-03-26,중동 사태에 기업 경기 전망 급속 악화,0.0,0,0,https://www.nocutnews.co.kr/news/6491056?utm_source=naver&utm_medium=article&utm_campaign=20260326060938
2026-03-26,4호선 '숙대입구역'에 서울시교육청 역명 병기,0.0,0,0,https://www.nocutnews.co.kr/news/6491035?utm_source=naver&utm_medium=article&utm_campaign=20260326061036
2026-03-26,대구시 고위 공무원·의원·단체장 재산 내역 공개,0.0,0,0,https://www.nocutnews.co.kr/news/6490922?utm_source=naver&utm_medium=article&utm_campaign=20260326060036
2026-03-26,부진 자회사 경영권 외부에 넘긴 카카오…2대 주주로 남는 속셈은,0.322,1,0,https://it.chosun.com/news/articleView.html?idxno=2023092159233
2026-03-26,"[오늘(26일)의 경제·산업 주요 일정·행사] 'LG, 주주총회' 등",0.0,0,0,http://www.popcornnews.net/news/articleView.html?idxno=116229
2026-03-26,"""개발은 AI가, 인간은 설계만""…네카오·오픈AI도 주목한 '랄프톤' 뭐길...",0.0,0,0,https://www.newsis.com/view/NISX20260325_0003563813
2026-03-26,"""코리아 프리미엄 체감? 국회가 정성껏 일하면 됩니다""",0.0,0,0,https://www.fortunekorea.co.kr/news/articleView.html?idxno=51972
2026-03-26,[CFO 리포트] 중복상장 전면 금지의 역설,0.0,0,0,https://www.bloter.net/news/articleView.html?idxno=657726
2026-03-26,[뮤:터뷰③]강민 “‘보플2’ 파생그룹 합류 바라는 팬들 많았지만 제안...,0.0,0,0,https://www.heraldmuse.com/article/10702687?ref=naver
2026-03-26,"AI·알고리즘이 가격 결정 하면, 담합일까 아닐까 [뉴스분석]",0.0,0,0,https://www.khan.co.kr/article/202603260600011
2026-03-26,"울산시, '위기가구 선제 발굴·신속 지원' 통합 대응체계 가동",0.0,0,0,https://www.yna.co.kr/view/AKR20260325174900057?input=1195m
2026-03-26,'충남·대전 행정통합 보류' 여진…무산 책임 두고 여야 설전,0.0,0,0,https://www.nocutnews.co.kr/news/6491199?utm_source=naver&utm_medium=article&utm_campaign=20260326054435
2026-03-26,"카카오, 카카오게임즈 지분 팔았다…AI 재편 속 '라인야후' 변수 커져",0.322,1,0,http://www.edaily.co.kr/news/newspath.asp?newsid=01879446645387256
2026-03-26,"[브랜드평판] 미래에셋증권, 채권 브랜드평판 3월 1위... 신한은행, 한국...",0.0,0,0,https://www.enetnews.co.kr/news/articleView.html?idxno=48133
2026-03-26,[단독]유명 냉면집 2세도 '그방'에…불법 줄기세포 시술 영업 의혹,0.0,0,0,https://www.nocutnews.co.kr/news/6491075?utm_source=naver&utm_medium=article&utm_campaign=20260326060937
2026-03-26,"[단독]육사 총동창회, 정부에 반기…'사관학교 통합 반대' 집단행동",0.0,0,0,https://www.nocutnews.co.kr/news/6491029?utm_source=naver&utm_medium=article&utm_campaign=20260326060836
2026-03-26,양평군수 선거 '고속도로 책임론' 격돌…보수 텃밭서 박빙 승부,0.0,0,0,https://www.nocutnews.co.kr/news/6490795?utm_source=naver&utm_medium=article&utm_campaign=20260326061036
2026-03-26,"[르포]""국힘은 아이다""…싸늘한 북갑, 한동훈 등판설 반응은",0.0,0,0,https://www.nocutnews.co.kr/news/6491167?utm_source=naver&utm_medium=article&utm_campaign=20260326054736
2026-03-26,[칼럼]'방탄보유국'의 자격,0.0,0,0,https://www.nocutnews.co.kr/news/6491157?utm_source=naver&utm_medium=article&utm_campaign=20260326060536
2026-03-26,"[단독]""나 돈 잘 번다"" 경찰 농락한 사기꾼…6년차 검사에 덜미",0.0,0,0,https://www.nocutnews.co.kr/news/6491188?utm_source=naver&utm_medium=article&utm_campaign=20260326060836
2026-03-26,[기고]중동 위기로 본 에너지 안보: 리스크 분산과 구조 전환,0.0,0,0,https://www.nocutnews.co.kr/news/6490686?utm_source=naver&utm_medium=article&utm_campaign=20260326061037
2026-03-26,보유세 '최후 카드'라지만…양도세 이후 '다음 수' 되나,0.0,0,0,https://www.nocutnews.co.kr/news/6491191?utm_source=naver&utm_medium=article&utm_campaign=20260326060737
2026-03-26,"SK하이닉스, 미국 증시 상장 추진…기대 효과는?",0.0,0,0,https://www.nocutnews.co.kr/news/6491196?utm_source=naver&utm_medium=article&utm_campaign=20260326060636
2026-03-26,코너 몰리는 '빚투'…증시·환율 파도에 리스크 커진다,0.0,0,0,https://www.nocutnews.co.kr/news/6491092?utm_source=naver&utm_medium=article&utm_campaign=20260326060936
2026-03-26,'삭발 투쟁' 배수진까지…지선 앞두고 부산 현안 물꼬 트일까,0.0,0,0,https://www.nocutnews.co.kr/news/6490924?utm_source=naver&utm_medium=article&utm_campaign=20260326050035
2026-03-26,내일부터 휘발유값 2천원 넘나…정부 2차 최고가격 '고심',0.0,0,0,https://www.nocutnews.co.kr/news/6491123?utm_source=naver&utm_medium=article&utm_campaign=20260326060936
2026-03-26,"미국·이란, '종전 조건' 간극 커…협상 순조롭게 타결 될까",0.0,0,0,https://www.nocutnews.co.kr/news/6491203?utm_source=naver&utm_medium=article&utm_campaign=20260326061236
2026-03-26,“왕숙 도시첨단산단 교통 강점” 투자유치 설명회,0.0,0,0,https://www.donga.com/news/Society/article/all/20260326/133610097/2
2026-03-26,머니투데이 오프라인 헤드라인-26일,0.0,0,0,https://www.mt.co.kr/economy/2026/03/26/2026032522194070758
2026-03-26,"인천시, 2단계 희망인천 소상공인 경영안정자금 1145억 지원",0.0,0,0,http://www.bizwnews.com/news/articleView.html?idxno=130832
2026-03-26,"시장 위축 속 최고보장 '승부수'… 카카오손보, 펫보험 합류",0.0,0,0,https://www.mt.co.kr/finance/2026/03/26/2026032519360585659
2026-03-26,"美 '청소년 SNS 중독' 소송…""메타·구글, 45억원 배상하라""",-0.38,0,1,https://www.nocutnews.co.kr/news/6491202?utm_source=naver&utm_medium=article&utm_campaign=20260326061336
2026-03-26,"챗GPT 쇼핑 시대, 결제 버튼은 누가 쥐나 [AI 이커머스 전략]",0.0,0,0,https://www.g-enews.com/view.php?ud=202603251435296779fbbec65dfb_1
2026-03-26,"트럼프, 5월 중순 중국 방문…이란전 여파로 한달 반 늦춰져",0.0,0,0,https://www.nocutnews.co.kr/news/6491201?utm_source=naver&utm_medium=article&utm_campaign=20260326061436
2026-03-26,"인천시, 소상공인 경영자금 1145억 투입…2단계 금융지원 개시",0.0,0,0,https://www.cstimes.com/news/articleView.html?idxno=699361
2026-03-26,"남양주시, 왕숙 도시첨단산업단지 기업 투자유치설명회 개최",0.0,0,0,https://www.newscj.com/news/articleView.html?idxno=3388422
2026-03-26,[핫게임] 판타스틱 베이스볼 사사키 로키 선정 / 메이플스토리 월드 픽...,0.0,0,0,https://www.webeconomy.co.kr/news/articleView.html?idxno=2118955
2026-03-26,"카카오게임즈, 라인야후 계열에 최대주주 넘기고 3000억 유치",0.0,0,0,https://www.webeconomy.co.kr/news/articleView.html?idxno=2118951
2026-03-26,"카카오엔터 ""출시 1년 베리즈, 202개국 팬 플랫폼 자리매김""",0.0,0,0,https://www.webeconomy.co.kr/news/articleView.html?idxno=2118367
2026-03-26,"카카오게임즈, 日 라인야후에 경영권 매각",-0.462,0,1,https://www.chosun.com/economy/tech_it/2026/03/26/4EFYD7ESAZG3NJVV7EXL5W3LPA/?utm_source=naver&utm_medium=referral&utm_campaign=naver-news
2026-03-26,AI가 알아서 쇼핑하고 결제하는 ‘에이전트’ 커머스 시대,0.0,0,0,https://www.donga.com/news/Economy/article/all/20260325/133607900/2
2026-03-26,"이서진, 축의금 문화 소신 발언...“결혼식 안 가면 돈 안 보내”",0.261,1,0,https://www.chosun.com/national/people/2026/03/26/LZJBNROAXVEBRC3UVTK7LIR3NI/?utm_source=naver&utm_medium=referral&utm_campaign=naver-news
2026-03-26,트럼프 거주 지역구에서도 '민주당 승리'…유권자 등 돌렸나,0.0,0,0,https://www.nocutnews.co.kr/news/6491195?utm_source=naver&utm_medium=article&utm_campaign=20260326122433
2026-03-26,"컴투스 '컴프매 LIVE 2026', 개막 업데이트…실시간 '시즌모드' 추가",0.0,0,0,https://www.thedailypost.kr/news/articleView.html?idxno=113617
2026-03-26,‘다음’ 이어 ‘게임’도 떼내는 카카오… 정신아 체제 ‘선택과 집중...,0.0,0,0,https://www.kmib.co.kr/article/view.asp?arcid=1774430774&code=11151400&cp=nv
2026-03-26,"농업인에 전하는 한 끼의 응원…SG한국삼공, 새참 캠페인 참여 접수 시...",0.0,0,0,http://www.youngnong.co.kr/news/articleView.html?idxno=58296
2026-03-26,"[심동규의 마켓 나우] ‘컨시어지 금융’, 돈보다 사람을 움직인다",0.0,0,0,https://www.joongang.co.kr/article/25414862
2026-03-26,"주병기 공정위원장, 재산 26.3억…예금만 13억[재산공개]",0.261,1,0,http://www.edaily.co.kr/news/newspath.asp?newsid=01138166645387256
2026-03-26,초록빛 메타길서 찾은 '청소년 기후 해답',0.0,0,0,http://www.gjdream.com/news/articleView.html?idxno=668112
2026-03-26,오세훈 서울시장 재산 약 73억원…광역단체장 중 1위,0.0,0,0,https://www.nocutnews.co.kr/news/6491101?utm_source=naver&utm_medium=article&utm_campaign=20260326060736
2026-03-26,"강기정 광주시장, 11억여 원…전년 대비 800여만 원 ↑",0.0,0,0,https://www.nocutnews.co.kr/news/6491132?utm_source=naver&utm_medium=article&utm_campaign=20260326120041
2026-03-26,전남 시장·군수 재산 대부분 증가…예금이 상승 견인,0.261,1,0,https://www.nocutnews.co.kr/news/6491133?utm_source=naver&utm_medium=article&utm_campaign=20260326120038
2026-03-26,광주 5개 자치구 청장 재산 일제히↑…증감 요인은 '제각각',0.0,0,0,https://www.nocutnews.co.kr/news/6491134?utm_source=naver&utm_medium=article&utm_campaign=20260326120039
2026-03-26,기초의원 등 전남 전체 재산공개 대상자의 65% 지난해 대비 재산↑,0.0,0,0,https://www.nocutnews.co.kr/news/6491145?utm_source=naver&utm_medium=article&utm_campaign=20260326120040
2026-03-26,"아파트 판 돈으로 ETF 산 금감원장, 재산 또 늘어 407억원",-0.408,0,1,https://www.nocutnews.co.kr/news/6491066?utm_source=naver&utm_medium=article&utm_campaign=20260326120043
2026-03-26,"[2026 재산공개] 김정관 산업장관, 78억 신고…12억 넘게 늘어",0.0,0,0,https://view.asiae.co.kr/article/2026032517010928289
2026-03-26,"박형준 부산시장, 재산 55억원 신고…투기 논란 부동산 공익재단에 기부",0.0,0,0,https://www.nocutnews.co.kr/news/6491147?utm_source=naver&utm_medium=article&utm_campaign=20260326120040
2026-03-26,정성호 법무장관 48억원…구자현 검찰총장 대행 28억원 신고,0.0,0,0,https://www.nocutnews.co.kr/news/6491185?utm_source=naver&utm_medium=article&utm_campaign=20260326120042
2026-03-26,양오봉 전북대 총장 재산 5억 5393만 원,0.0,0,0,https://www.nocutnews.co.kr/news/6490997?utm_source=naver&utm_medium=article&utm_campaign=20260326120036
2026-03-26,이장우 29억·최민호 19억·김태흠 15억…공직자 재산 공개,0.0,0,0,https://www.nocutnews.co.kr/news/6491084?utm_source=naver&utm_medium=article&utm_campaign=20260326120038
2026-03-26,조희대 대법원장 18억2천만원 신고…고위법관 평균 44억원,0.0,0,0,https://www.nocutnews.co.kr/news/6491186?utm_source=naver&utm_medium=article&utm_campaign=20260326120044
2026-03-26,"이정선 광주교육감 16억여 원·김대중 전남교육감, -1900만 원",0.0,0,0,https://www.nocutnews.co.kr/news/6491149?utm_source=naver&utm_medium=article&utm_campaign=20260326120041
2026-03-26,광주시 공직자 재산 평균 11억…75명 중 61% 증가,0.0,0,0,https://www.nocutnews.co.kr/news/6491135?utm_source=naver&utm_medium=article&utm_campaign=20260326120039
2026-03-26,"고위공직자 재산, 평균 21억…이세웅 평북지사 1587억으로 최다",0.0,0,0,https://www.nocutnews.co.kr/news/6491173?utm_source=naver&utm_medium=article&utm_campaign=20260326120043
2026-03-26,안철수·박덕흠 제외해도…국회의원 평균 재산 29억원,0.0,0,0,https://www.nocutnews.co.kr/news/6491183?utm_source=naver&utm_medium=article&utm_campaign=20260326060736
2026-03-26,김관영 전북지사 재산 26억 2370만 원…최경식 남원시장 186억,0.0,0,0,https://www.nocutnews.co.kr/news/6490996?utm_source=naver&utm_medium=article&utm_campaign=20260326120037
2026-03-26,박완수 경남지사 재산 19억 8700만 원…나동연 양산시장 74억 원,0.0,0,0,https://www.nocutnews.co.kr/news/6491071?utm_source=naver&utm_medium=article&utm_campaign=20260326120037
2026-03-26,"‘AI 집중’ 카카오, 카카오게임즈까지 판다",0.0,0,0,https://www.joongang.co.kr/article/25414844
2026-03-26,김상환 헌재소장 21억9천만원 신고…재판관 9인 평균 24억원,0.0,0,0,https://www.nocutnews.co.kr/news/6491187?utm_source=naver&utm_medium=article&utm_campaign=20260326120045
2026-03-26,송미령 농식품부 장관 재산 20억2300만원…청담동 등 아파트 3채 보유 [...,0.0,0,0,https://www.etoday.co.kr/news/view/2569377
2026-03-26,"李대통령, 취임 후 첫 재산공개 '50억' 신고…강훈식 실장 '무주택'",0.0,0,0,https://www.mt.co.kr/politics/2026/03/26/2026032513533119398
2026-03-26,"[재산공개] 김종호 기술보증기금 이사장, 재산 16억 5094만원 신고",0.0,0,0,https://www.news1.kr/industry/sb-founded/6113966
2026-03-26,임광현 국세청장 재산 25억1200만원…문정동 아파트 공동보유 [재산공개...,0.0,0,0,https://www.etoday.co.kr/news/view/2569379
2026-03-27,카톡 중심 일상에 스며드는 AI 구현 박차,0.0,0,0,https://www.segye.com/newsView/20260326518112?OutUrl=naver
2026-03-27,평균 연령 39.5세… 경제·문화·복지 ‘삼박자’ 갖춘 자족도시 화성 [...,0.0,0,0,https://www.segye.com/newsView/20260323520408?OutUrl=naver
2026-03-27,(단독)전세사기 피크 때 우리·신한은행 전세대출 이익 상승폭 최대,0.261,1,0,http://www.newstomato.com/ReadNews.aspx?no=1295643&inflow=N
2026-03-27,"한투 ""증권앱 AI 경쟁, 투자성과로 증명"" [증시 MTS 열전 ①]",0.0,0,0,https://it.chosun.com/news/articleView.html?idxno=2023092158988
2026-03-27,카카오엔터 고정희·장윤중 …공동대표 체제 공식 출범,0.0,0,0,https://www.segye.com/newsView/20260326518057?OutUrl=naver
2026-03-27,"[단독]""압수수색 전 빨리 청소""…'74명 사상' 안전공업, 증거인멸 의혹",0.0,0,0,https://www.nocutnews.co.kr/news/6492001?utm_source=naver&utm_medium=article&utm_campaign=20260327060026
2026-03-27,"[삶] ""北핵엔 한마디 안하면서 원자력연구소장 책상위 걸터앉아 고성""",0.0,0,0,https://www.yna.co.kr/view/AKR20260326101800546?input=1195m
2026-03-27,프로펠러 고장나도 끄떡없는 UAM…車 넘어 판 커진 자율주행,0.0,0,0,https://www.sedaily.com/article/20024747?ref=naver
2026-03-27,“이웃 농부들과 함께하는 삶”…지역 농산물로 반려동물 간식 만드는 ...,0.0,0,0,https://www.nongmin.com/article/20260326500248
2026-03-27,한옥 건축 전문가 양성…국비 지원 수강생 모집,0.0,0,0,https://www.nocutnews.co.kr/news/6491644?utm_source=naver&utm_medium=article&utm_campaign=20260327060025
2026-03-27,기업 체감경기 '꽁꽁' 얼어붙었다…비제조업 악화,0.0,0,0,https://www.nocutnews.co.kr/news/6491862?utm_source=naver&utm_medium=article&utm_campaign=20260327060026
2026-03-27,게임업계 ‘보릿고개’에도 연봉 1억 눈앞… 대기업 수준 육박,0.0,0,0,https://biz.chosun.com/it-science/ict/2026/03/27/52LPCNTPDZFKDLPJE2LRL7OC7Y/?utm_source=naver&utm_medium=original&utm_campaign=biz
2026-03-27,은행권 역할 바뀌나…시중은행은 대출 줄이고 인터넷은행은 늘린다,0.0,0,0,https://www.lcnews.co.kr/news/articleView.html?idxno=126208
2026-03-27,"벤츠코리아, '액세서리 및 컬렉션'으로 고객 브랜드 접점 강화",0.0,0,0,https://www.sidae.com/article/2026032616550967906
2026-03-27,"""지배구조 다이어트""…카카오, 카톡·AI 집중 체질 전환",0.0,0,0,https://www.ebn.co.kr/news/articleView.html?idxno=1703498
2026-03-27,"[한국투자증권, IPO피플 시대] 금감원 지적도 뭉갠 책무구조도 위반 1호...",-0.408,0,1,https://www.financialpost.co.kr/news/articleView.html?idxno=253187
2026-03-27,제 59회 단종문화제 '왕의 귀환과 희망의 서막' 박상헌 영월문화관광재...,0.0,0,0,http://news.lghellovision.net/news/articleView.html?idxno=538603
2026-03-27,"롯데이노베이트, 자체 AI 고도화... 동일 장비로 추론 속도 '3배'↑",0.0,0,0,http://www.newslock.co.kr/news/articleView.html?idxno=127622
2026-03-27,"""저도 궁금해요"" 안현민이 한 시즌 풀타임 뛰면 얼마나 다를까",0.0,0,0,https://www.nocutnews.co.kr/news/6491999?utm_source=naver&utm_medium=article&utm_campaign=20260327053525
2026-03-27,"[한국투자증권, IPO피플 시대] 2년 기다린 '왕의 귀환', 김광옥 야전사령...",0.0,0,0,https://www.financialpost.co.kr/news/articleView.html?idxno=253185
2026-03-27,"중동 사태, 식품업계 '비상'…""가격 압박에 원자재값 상승 '이중고'""",0.261,1,0,https://www.nocutnews.co.kr/news/6492022?utm_source=naver&utm_medium=article&utm_campaign=20260327053025
2026-03-27,[칼럼]이란 전쟁과 미국의 패권 위기,0.0,0,0,https://www.nocutnews.co.kr/news/6491884?utm_source=naver&utm_medium=article&utm_campaign=20260327052525
2026-03-27,李대통령 경고에…금감원·국세청 '사업자 대출 유용' 포위,-0.408,0,1,https://www.nocutnews.co.kr/news/6491973?utm_source=naver&utm_medium=article&utm_campaign=20260327050026
2026-03-27,기름값 누르고 나프타 묶었다…에너지 쇼크에 정부 '배수진',0.0,0,0,https://www.nocutnews.co.kr/news/6491996?utm_source=naver&utm_medium=article&utm_campaign=20260327050026
2026-03-27,靑은 배제했는데…'부동산 상임위'엔 다주택 의원들 포진,0.0,0,0,https://www.nocutnews.co.kr/news/6492010?utm_source=naver&utm_medium=article&utm_campaign=20260327050027
2026-03-27,호르무즈 위기에 더 중요해진 북극항로…한러관계는 뒷걸음,0.0,0,0,https://www.nocutnews.co.kr/news/6492011?utm_source=naver&utm_medium=article&utm_campaign=20260327050028
2026-03-27,유가·환율 고공행진 언제까지…韓경제 '2% 성장' 관건은,0.322,1,0,https://www.nocutnews.co.kr/news/6491876?utm_source=naver&utm_medium=article&utm_campaign=20260327050025
2026-03-27,"[단독]종합특검, '계엄용 軍인사' 의혹도 본다…방첩사 수사 속도",0.0,0,0,https://www.nocutnews.co.kr/news/6492016?utm_source=naver&utm_medium=article&utm_campaign=20260327050028
2026-03-27,"13개 의혹 김병기 돌연 입원…""일반인이면 진작 강제수사""",0.0,0,0,https://www.nocutnews.co.kr/news/6491903?utm_source=naver&utm_medium=article&utm_campaign=20260327050026
2026-03-27,도지사인데 자가는 서울에…도백들 해명은?,0.0,0,0,https://www.nocutnews.co.kr/news/6491898?utm_source=naver&utm_medium=article&utm_campaign=20260327050025
2026-03-27,"[포커스] 시중은행도 편리해졌다…희석된 인뱅 경쟁력, '수익'만이 살 길",0.0,0,0,https://www.startuptoday.co.kr/news/articleView.html?idxno=605133
2026-03-27,사외이사가 의장 맡은 기업 이사회에서 이견 더 많이 나왔다,0.0,0,0,https://www.hankookilbo.com/news/article/A2026032614140002678?did=NA
2026-03-27,[시론] 자율주행이 바꿀 도시의 지도,0.0,0,0,https://www.dnews.co.kr/uhtml/view.jsp?idxno=202603181438381480677
2026-03-27,李가 되살린 양평道…尹 때 무시된 '춘천선' 연결 가능할까,0.0,0,0,https://www.nocutnews.co.kr/news/6491962?utm_source=naver&utm_medium=article&utm_campaign=20260327040024
2026-03-27,"트럼프 ""이란, 합의 간절히 원해…합의에 호르무즈 포함""",0.0,0,0,https://www.nocutnews.co.kr/news/6492025?utm_source=naver&utm_medium=article&utm_campaign=20260327054725
2026-03-27,[지지대] 흰우유의 쇠락사,0.0,0,0,https://www.kyeonggi.com/article/20260326580603
2026-03-27,"""물의 최대 미스터리가 풀렸다""…영하 60도서 임계점 첫 관측",0.0,0,0,https://www.nocutnews.co.kr/news/6490235?utm_source=naver&utm_medium=article&utm_campaign=20260327030026
2026-03-27,"알파드라이브원, 찬란한 청춘[화보]",0.0,0,0,https://sports.khan.co.kr/article/202603270243003?pt=nv
2026-03-27,"[위클리오늘] 홍성주, 이미 사퇴 수순 밟아놓고 다시 완주 선언…경선 ...",0.0,0,0,http://www.weeklytoday.com/news/articleView.html?idxno=767684
2026-03-27,"‘중복 상장 금지’ 규제에… 넷마블네오, IPO 철회",0.0,0,0,https://www.chosun.com/economy/tech_it/2026/03/27/5CFBXKPMEZHQPJNZ2CBSIP2MJU/?utm_source=naver&utm_medium=referral&utm_campaign=naver-news
2026-03-27,평창지속가능발전협의회 지구사랑 온라인 사진 공모전 개최,0.0,0,0,https://www.kwnews.co.kr/page/view/2026032611331729658
2026-03-27,‘브라이언’ 공백 메우는 ‘시나’… ‘AI 대표 기업’ 진짜 시험대,0.0,0,0,https://www.kmib.co.kr/article/view.asp?arcid=1774512930&code=11151100&cp=nv
2026-03-27,"[경상시론]제주 관광의 지혜, 태화강 국가정원 등에 담는다면",0.0,0,0,https://www.ksilbo.co.kr/news/articleView.html?idxno=1052396
2026-03-27,'산업의 쌀' 나프타 묶었다…수출 전면 통제·매점매석 금지,0.0,0,0,https://www.nocutnews.co.kr/news/6491888?utm_source=naver&utm_medium=article&utm_campaign=20260327120022
2026-03-26,민주당 광주 구청장 3곳 경선 현역 전원 승리(종합),0.0,0,0,https://www.nocutnews.co.kr/news/6492023?utm_source=naver&utm_medium=article&utm_campaign=20260326115222
2026-03-26,"카카오, '카카오툴즈' 전면 개편…올리브영·무신사·현대백화점·삼쩜...",0.0,0,0,http://www.econonews.co.kr/news/articleView.html?idxno=432846
2026-03-26,네이버와 카카오의 ‘AI 에이전트’ 전략 차이,0.0,0,0,https://byline.network/?p=9004111222596463
2026-03-26,민주당 광주 구청장 3곳 경선서 현역 구청장 승리,0.0,0,0,https://www.nocutnews.co.kr/news/6492020?utm_source=naver&utm_medium=article&utm_campaign=20260326113544
2026-03-26,"정신아 연임 확정한 카카오 ""AI·카카오톡으로 성장 .... 올해 매출 10% ...",0.322,1,0,http://www.worktoday.co.kr/news/articleView.html?idxno=83056
2026-03-26,"코레일, “열차 출발 전까지 어디서든 예매 가능”…20분 전 제한 없애",0.0,0,0,http://www.beyondpost.co.kr/view.php?ud=202603262329033910be44c0aacd_30
2026-03-26,"이란, '美종전안' 답변 전달…""침략 중단·배상 보장"" 요구",0.0,0,0,https://www.nocutnews.co.kr/news/6492019?utm_source=naver&utm_medium=article&utm_campaign=20260326112244
2026-03-26,"카카오페이증권, ‘국내시장 복귀계좌’ 프로모션…투자자 관심도↑",0.0,0,0,http://www.thebigdata.co.kr/view.php?ud=20260326222936150fdcde0ec8c_23
2026-03-26,"학교 밖 청소년도 학력평가 응시 가능…법원 ""기회줘야""",0.0,0,0,https://www.nocutnews.co.kr/news/6492017?utm_source=naver&utm_medium=article&utm_campaign=20260326110544
2026-03-26,대구 조명 자재 공장 화재 1시간 40분 만에 주불 진화,0.0,0,0,https://www.nocutnews.co.kr/news/6492015?utm_source=naver&utm_medium=article&utm_campaign=20260326105444
2026-03-26,"파키스탄 외무 ""美·이란 간접 대화, 우리 중재로 진행 중""",0.0,0,0,https://www.nocutnews.co.kr/news/6492013?utm_source=naver&utm_medium=article&utm_campaign=20260326104644
2026-03-26,"롯데이노베이트 AI플랫폼 아이멤버, 언어모델 '120B급'으로 업그레이드",0.0,0,0,http://www.newsbrite.net/news/articleView.html?idxno=197165
2026-03-26,"法, 차가원·MC몽 불륜 기사 삭제 명령…“조작된 내용 주장·배란주사...",0.0,0,0,https://www.munhwa.com/article/11577659?ref=naver
2026-03-26,"김정은, 돌격소총 들고 미소…루카셴코 선물에 '흡족'",0.0,0,0,https://www.nocutnews.co.kr/news/6492012?utm_source=naver&utm_medium=article&utm_campaign=20260326101743
2026-03-26,"하우스 뷰티 브랜드 몽클로스, 임상 기반 고기능성 헤어·바디 케어 신제...",0.0,0,0,https://sports.khan.co.kr/article/202603262210003?pt=nv
2026-03-26,"[Oh!쎈 초점] 출시 3주년 ‘아키에이지 워’, 국내-글로벌 묶은 통합 콘...",0.0,0,0,http://www.osen.co.kr/article/G1112768042
2026-03-26,"김병욱 성남시장 예비후보, 허위사실 유포 이준우 국민의힘 대변인 고발",0.0,0,0,http://www.inews24.com/view/1953985
2026-03-26,음성 필름 제조 공장서 불…대응 1단계 발령,0.0,0,0,https://www.nocutnews.co.kr/news/6492009?utm_source=naver&utm_medium=article&utm_campaign=20260326100443
2026-03-26,"계룡대 육·해·공군본부교회 30주년 예배…""미래세대 복음의 등불 되기...",0.0,0,0,https://www.nocutnews.co.kr/news/6491887?utm_source=naver&utm_medium=article&utm_campaign=20260326100044
2026-03-26,홍해도 안보위기…일상의 평화 사라진 이집트,0.0,0,0,https://www.nocutnews.co.kr/news/6491324?utm_source=naver&utm_medium=article&utm_campaign=20260326100043
2026-03-26,대구 동구 조명 제작 공장서 불…대응 1단계,0.0,0,0,https://www.nocutnews.co.kr/news/6492007?utm_source=naver&utm_medium=article&utm_campaign=20260326095643
2026-03-26,"'금쪽이 맞네' 가르나초, 맨유 떠나기 전 과속딱지 남겼다",0.0,0,0,https://www.nocutnews.co.kr/news/6492005?utm_source=naver&utm_medium=article&utm_campaign=20260326095544
2026-03-26,"지난해 최대 실적 삼양식품 ""생산효율·브랜드 다변화로 지속성장""",0.322,1,0,https://www.nocutnews.co.kr/news/6492004?utm_source=naver&utm_medium=article&utm_campaign=20260326095543
2026-03-26,"아모레퍼시픽 ""북미·유럽 등 글로벌 주요시장서 사업확장 속도""",0.0,0,0,https://www.nocutnews.co.kr/news/6492002?utm_source=naver&utm_medium=article&utm_campaign=20260326094343
2026-03-26,위기가구 발굴시 '선지원 후조사' 통합 대응체계 운영,0.0,0,0,https://www.ulsanpress.net/news/articleView.html?idxno=571935
2026-03-26,"[미리보는 이데일리 신문]원료 없어 기계 16대중 13대 멈춰, 공장 돌릴수...",0.0,0,0,http://www.edaily.co.kr/news/newspath.asp?newsid=06504246645387256
2026-03-26,"[조이人]① ""'샤이닝'의 중요 키워드는 기억⋯서로를 아꼈던 박진영x김...",0.0,0,0,http://www.joynews24.com/view/1953848
2026-03-26,"[금융 브리핑] 금융권, 포용금융·투자유입·생활혜택 강화 총력",0.0,0,0,https://www.seoultimes.news/news/article.html?no=2000094360
2026-03-26,"트럼프 ""이란, 합의 구걸하면서 시간 끌어""…협상 압박",0.0,0,0,https://www.nocutnews.co.kr/news/6491998?utm_source=naver&utm_medium=article&utm_campaign=20260326092943
2026-03-26,"코레일, '웹 티켓'으로 출발 직전까지 예매 가능",0.0,0,0,http://www.ikld.kr/news/articleView.html?idxno=331676
2026-03-26,"카카오, 정신아 대표이사 연임 확정",0.322,1,0,https://www.webeconomy.co.kr/news/articleView.html?idxno=2120076
2026-03-26,"'레전드 GK의 DNA' 김병지 아들 김태산, 골키퍼로 서울 이랜드 입단",0.0,0,0,https://www.nocutnews.co.kr/news/6491997?utm_source=naver&utm_medium=article&utm_campaign=20260326092143
2026-03-26,"국힘 창원시장 공천 갈등 폭발…김석기 ""도덕성 흠결""·강기윤 ""허위사...",0.0,0,0,https://www.nocutnews.co.kr/news/6491994?utm_source=naver&utm_medium=article&utm_campaign=20260326092043
2026-03-26,"""응급의료 대응 강화"" 창원시, 소방·병원 협력체계 구축",0.0,0,0,https://www.nocutnews.co.kr/news/6491995?utm_source=naver&utm_medium=article&utm_campaign=20260326091943
2026-03-26,"[데일리안 오늘뉴스 종합] [주총] 카카오에 97분간 쏟아진 주주 질타, 장...",0.261,1,0,https://www.dailian.co.kr/news/view/1626160/?sc=Naver
2026-03-26,"이스라엘 ""호르무즈 봉쇄 지휘 이란 혁명수비대 해군사령관 제거""",0.0,0,0,https://www.nocutnews.co.kr/news/6491992?utm_source=naver&utm_medium=article&utm_campaign=20260326091043
2026-03-26,"쏘카, 사외이사 2명 신규 선임",0.0,0,0,https://www.digitaltoday.co.kr/news/articleView.html?idxno=646637
2026-03-26,금융 CEO 베스트 50…김남구 한투금융지주 회장 첫 1위,-0.261,0,1,https://www.mk.co.kr/article/11993748
2026-03-26,"AXZ, 다음(Daum) 스포츠 '비더레전드' 서비스 개편",0.0,0,0,https://gamefocus.co.kr/detail.php?number=174710
2026-03-26,"중대재해 송치 창원시설공단 ""일부 수사결과 유감…소명할 것""",0.0,0,0,https://www.nocutnews.co.kr/news/6491990?utm_source=naver&utm_medium=article&utm_campaign=20260326085743
2026-03-26,"[인사] 카카오, 정신아 대표이사 연임 확정",0.0,0,0,https://gamefocus.co.kr/detail.php?number=174706
2026-03-26,"박완수 지사, 산불 '경계'에 비상 대응 지시…공무원 1/6 비상대기",0.0,0,0,https://www.nocutnews.co.kr/news/6491989?utm_source=naver&utm_medium=article&utm_campaign=20260326085644
2026-03-26,"경남은행, 케이파이브이앤지㈜ 'BNK 파트너기업' 선정",0.0,0,0,https://www.nocutnews.co.kr/news/6491991?utm_source=naver&utm_medium=article&utm_campaign=20260326085643
2026-03-26,"창원시, '나라 위한 희생' 故 한주호 준위 추모행사 개최",0.0,0,0,https://www.nocutnews.co.kr/news/6491988?utm_source=naver&utm_medium=article&utm_campaign=20260326085643
2026-03-26,"창원상의, 마산경제살리기 추진위원회' 제5차 회의 개최",0.0,0,0,https://www.nocutnews.co.kr/news/6491987?utm_source=naver&utm_medium=article&utm_campaign=20260326085543
2026-03-26,"윤건영 충북교육감, 충주에서 고1·중학교 학부모 소통 간담회",0.0,0,0,https://www.nocutnews.co.kr/news/6491985?utm_source=naver&utm_medium=article&utm_campaign=20260326085143
2026-03-26,‘전국민 AI 경진대회’ 개막…“모두의 AI 축제”,0.0,0,0,https://www.dt.co.kr/article/12054196?ref=naver
2026-03-26,"음성고등학교, '특수체육 입시반' 신설…특수교육 새모델 주목",0.0,0,0,https://www.nocutnews.co.kr/news/6491983?utm_source=naver&utm_medium=article&utm_campaign=20260326084043
2026-03-26,"""중동 정세로 한반도 긴장 심화…평화 우선전략으로 전환해야""",0.0,0,0,https://www.nocutnews.co.kr/news/6491981?utm_source=naver&utm_medium=article&utm_campaign=20260326083843
2026-03-26,[공시] 카카오게임즈·SK오션플랜트 등 41개 종목 '투자유의',0.0,0,0,http://www.newstnt.com/news/articleView.html?idxno=600652
2026-03-26,"카카오게임즈, 공매도 과열종목 지정 연장→공매도 거래 하루 추가 금지",-0.462,0,1,https://www.topstarnews.net/news/articleView.html?idxno=16017138
2026-03-26,우연히 1500억 금괴가 손에 들어온다면…박보영·김성철 '골드랜드',0.0,0,0,https://www.nocutnews.co.kr/news/6491978?utm_source=naver&utm_medium=article&utm_campaign=20260326081542
2026-03-26,"롯데이노베이트, AI플랫폼 ‘아이멤버’ 언어모델 업그레이드",0.0,0,0,https://www.dt.co.kr/article/12054193?ref=naver
2026-03-26,'위기가구' 신청주의→발견 중심 체계로,0.0,0,0,http://www.ujeil.com/news/articleView.html?idxno=383273
2026-03-26,카카오 매각 추진에 노조 반발 확산,0.0,0,0,https://www.jemin.com/news/articleView.html?idxno=835221
2026-03-26,朴시장 잇단 시정행사 “선거용” vs “정당한 소통”,0.0,0,0,http://www.kookje.co.kr/news2011/asp/newsbody.asp?code=0300&key=20260327.22002008489
2026-03-30,카카오페이 신원근號 흑자전환 성공했지만...신뢰 회복·플랫폼 경쟁력...,0.0,0,0,http://www.consumernews.co.kr/news/articleView.html?idxno=752847
2026-03-30,김해시장 가상대결…정영두 45.9% 홍태용 34.0% 오차범위 밖,0.0,0,0,https://www.nocutnews.co.kr/news/6492872?utm_source=naver&utm_medium=article&utm_campaign=20260330060105
2026-03-30,"서울시교육청, 대안교육기관 신입생 입학준비금 지원",0.0,0,0,https://www.nocutnews.co.kr/news/6492757?utm_source=naver&utm_medium=article&utm_campaign=20260330060103
2026-03-30,"이동환 고양시장 ""BTS 공연 열기를 지역경제 활성화로 시너지""",0.0,0,0,https://www.nocutnews.co.kr/news/6492485?utm_source=naver&utm_medium=article&utm_campaign=20260330060101
2026-03-30,"4대 과기원생 90% ""창업 필요""…""창업 선택""은 11%",0.0,0,0,https://www.nocutnews.co.kr/news/6492838?utm_source=naver&utm_medium=article&utm_campaign=20260330060104
2026-03-30,"부산교육감 선거, 김석준 독주 속 보수 진영 후보들 각축",0.0,0,0,https://www.nocutnews.co.kr/news/6492916?utm_source=naver&utm_medium=article&utm_campaign=20260330060106
2026-03-30,"한국고용노동교육원, 이종선 신임 원장 취임",0.0,0,0,https://www.nocutnews.co.kr/news/6492806?utm_source=naver&utm_medium=article&utm_campaign=20260330060104
2026-03-30,건설 일용직 노후자금 '퇴직공제부금' 8700원으로 상향,0.0,0,0,https://www.nocutnews.co.kr/news/6492887?utm_source=naver&utm_medium=article&utm_campaign=20260330060106
2026-03-30,"'위상 커진' 개인정보위, 퇴직자 로펌행 지속…이해충돌 우려도",-0.682,0,2,https://www.yna.co.kr/view/AKR20260329029100530?input=1195m
2026-03-30,"카카오페이, 스테이블코인 기획 인력 채용...로드맵 설계 나선다",0.0,0,0,https://www.sedaily.com/article/20025435?ref=naver
2026-03-30,'돈 되는 AI' 올인하는 네카오…'나만의 비서' 에이전트에 총력,0.0,0,0,https://www.news1.kr/it-science/general-it/6116803
2026-03-30,카카오게임즈 최대주주 변경… 시너지 아닌 이해관계,0.0,0,0,https://it.chosun.com/news/articleView.html?idxno=2023092159426
2026-03-30,금융권 '슈퍼 주총데이' 이후 리더십 경쟁 벗어나나,0.0,0,0,https://www.lcnews.co.kr/news/articleView.html?idxno=126257
2026-03-30,[오늘(30일)의 경제·산업 주요 일정·행사] '중동상황 관련 금융권 간담...,0.0,0,0,http://www.popcornnews.net/news/articleView.html?idxno=116639
2026-03-30,"“고령층 이동 지원”…카카오모빌, 분당서울대병원에 ‘택시 불러주기...",0.0,0,0,https://www.sedaily.com/article/20025410?ref=naver
2026-03-30,"'영호 잡도리' 30기 영숙, 남친 대신 ♥여자친구 생겼다…""할머니 될 때...",0.0,0,0,https://www.xportsnews.com/article/2129401
2026-03-30,"""절대 단톡방 들어가지 마라""…학폭으로 대입 불합격도",0.0,0,0,https://news.sbs.co.kr/news/endPage.do?news_id=N1008496613&plink=ORI&cooper=NAVER
2026-03-30,5부제 확대·운항 축소… 산업계 ‘에너지 비상경영’,0.0,0,0,https://www.seoul.co.kr/news/economy/industry/2026/03/30/20260330030006?wlog_tag3=naver
2026-03-30,개미 울리는 내부자거래 왜…구멍 숭숭 규제에 처벌은 솜방망이,0.0,0,0,https://www.nocutnews.co.kr/news/6492912?utm_source=naver&utm_medium=article&utm_campaign=20260330050106
2026-03-30,"""같은 1500원, 다른 위기""…1월과 질적으로 달라진 환율 비상",0.0,0,0,https://www.nocutnews.co.kr/news/6492668?utm_source=naver&utm_medium=article&utm_campaign=20260330050101
2026-03-30,"""中당국에 노출시키라고요?""…한글학당, '지출 공시'에 혼란",0.0,0,0,https://www.nocutnews.co.kr/news/6492893?utm_source=naver&utm_medium=article&utm_campaign=20260330050103
2026-03-30,"공공 넘어 민간도 5부제?…정부, '중동전쟁' 대응 수위 고심",0.0,0,0,https://www.nocutnews.co.kr/news/6492902?utm_source=naver&utm_medium=article&utm_campaign=20260330050104
2026-03-30,'회유 없었다'던 박상용…녹취 공개로 논란의 중심에,0.0,0,0,https://www.nocutnews.co.kr/news/6492914?utm_source=naver&utm_medium=article&utm_campaign=20260330050105
2026-03-30,"""윈도 95처럼 버퍼링이""…일할수록 밀려난 청년",0.0,0,0,https://www.nocutnews.co.kr/news/6492862?utm_source=naver&utm_medium=article&utm_campaign=20260330050102
2026-03-30,'중동 전쟁' 속 내년 최저임금 논의 시동…올해도 '험로',0.0,0,0,https://www.nocutnews.co.kr/news/6492857?utm_source=naver&utm_medium=article&utm_campaign=20260330050102
2026-03-30,[기고]윤리보다 먼저 전장에 선 AI,0.0,0,0,https://www.nocutnews.co.kr/news/6492864?utm_source=naver&utm_medium=article&utm_campaign=20260330050102
2026-03-30,"지방선거까지 두 달…여야 겨눈 합수본, 숨고르기? 수사 속도?",0.0,0,0,https://www.nocutnews.co.kr/news/6492919?utm_source=naver&utm_medium=article&utm_campaign=20260330050105
2026-03-30,디지털 시대의 소년범 [전국 프리즘],0.0,0,0,https://www.hani.co.kr/arti/opinion/column/1251659.html
2026-03-30,"[단독]비엔날레 감독 출신 미술평론가, 억대 사기 혐의로 재판",0.0,0,0,https://www.nocutnews.co.kr/news/6492911?utm_source=naver&utm_medium=article&utm_campaign=20260330050104
2026-03-30,'美정책 악재' 스테이블코인주 내달 분수령,0.0,0,0,https://www.mt.co.kr/stock/2026/03/30/2026032920054228344
2026-03-30,“시원한 술 있나” 묻자 “입 돌아갈 정도”… 클럽엔 각성제 껍질 뒹...,0.0,0,0,https://www.chosun.com/national/court_law/2026/03/30/AXBKH7Q6GFAT3L4NMTP7Q2BQ3E/?utm_source=naver&utm_medium=referral&utm_campaign=naver-news
2026-03-30,"高물가에… 5060 여성들, 금융 앱으로 ‘손품’ 판다",0.0,0,0,https://www.chosun.com/economy/money/2026/03/30/FHMPRGXU5RGB5F2NJ2NLKGDGMM/?utm_source=naver&utm_medium=referral&utm_campaign=naver-news
2026-03-30,"마틴 쇼트, 사랑하는 딸 잃고 첫 외출.. ""감출 수 없는 슬픔"" [할리웃통...",0.0,0,0,https://www.tvreport.co.kr/world/article/1021235/
2026-03-30,"LG전자, 시니어 맞춤 TV 서비스 확대",0.0,0,0,https://www.webeconomy.co.kr/news/articleView.html?idxno=2122632
2026-03-30,"구파발~양재역 전 구간 자율주행 버스, 오늘 첫 주행",0.0,0,0,https://www.joongang.co.kr/article/25415750
2026-03-30,"펫보험 시장, 고령 반려동물까지 가입 확산",0.0,0,0,https://www.insnews.co.kr/news/articleView.html?idxno=89863
2026-03-29,남원서 열차 선로에 떨어진 90대 숨져,0.0,0,0,https://www.nocutnews.co.kr/news/6492918?utm_source=naver&utm_medium=article&utm_campaign=20260330055301
2026-03-29,완연한 봄~고물가·중동 불안에도 '스마트 투어' 대세,0.0,0,0,https://www.slist.kr/news/articleView.html?idxno=727599
2026-03-29,"음성군, 반기문마라톤대회 '삼행시 이벤트' 진행",0.0,0,0,https://www.ccdailynews.com/news/articleView.html?idxno=2406307
2026-03-29,"신세계사이먼 시흥 아울렛, 9주년 메가세일…나이키 아디다스 언더아머...",0.0,0,0,http://www.econonews.co.kr/news/articleView.html?idxno=433271
2026-03-29,"6조 모바일 라이브커머스, 차세대 쇼핑 채널 될까",0.0,0,0,http://www.apparelnews.co.kr/news/news_view/?idx=224212
2026-03-29,"민형배 캠프, 강·신 단일화 여론조사 ‘역선택 유도’…“결·본선 승...",0.0,0,0,https://www.ekn.kr/web/view.php?key=20260329023032181
2026-03-29,[미리보는 이데일리신문]회사채 투심 싸늘… 당장 내달 10조 차환대란,-0.067,1,1,http://www.edaily.co.kr/news/newspath.asp?newsid=01977846645388240
2026-03-29,"경북도, 필리핀 잠보앙가와 경제협력 본격화",0.0,0,0,https://www.idaegu.co.kr/news/articleView.html?idxno=543244
2026-03-29,"창원교육지원청, '3.15 마라톤' 사제동행 참여",0.0,0,0,https://www.nocutnews.co.kr/news/6492909?utm_source=naver&utm_medium=article&utm_campaign=20260329091956
2026-03-29,"""벚꽃 어디서 볼까?""...지도 앱으로 꽃놀이 계획하는 시대",0.0,0,0,http://www.civicnews.com/news/articleView.html?idxno=39510
2026-03-29,민형배 측근 과거 뇌물 구속·여론조사 개입 논란 확대,0.0,0,0,https://www.kmib.co.kr/article/view.asp?arcid=0029600018&code=61111711&cp=nv
2026-03-29,"할머니, TV로 키오스크 연습해 보세요",0.0,0,0,https://www.khan.co.kr/article/202603292103005
2026-03-29,"경북도, 필리핀 잠보앙가 델 수르 주지사 방문",0.0,0,0,https://www.ksmnews.co.kr/news/view.php?idx=597328
2026-03-29,"김철우 보성군수 예비후보, 개소식 열고 3선 도전 공식 선언",0.0,0,0,https://www.nocutnews.co.kr/news/6492908?utm_source=naver&utm_medium=article&utm_campaign=20260329084356
2026-03-29,"순천로봇교육과학관, 어린이 대상 로봇교육·드론체험 본격 운영",0.0,0,0,https://www.nocutnews.co.kr/news/6492904?utm_source=naver&utm_medium=article&utm_campaign=20260329082956
2026-03-29,"여수해경, 중동발 원유 수급 불안 대비 '안전항로 호송' 시행",0.0,0,0,https://www.nocutnews.co.kr/news/6492905?utm_source=naver&utm_medium=article&utm_campaign=20260329082756
2026-03-29,"국힘 창원시장 후보 김석기-강기윤, 공약 현실성 두고 날선 공방",0.0,0,0,https://www.nocutnews.co.kr/news/6492897?utm_source=naver&utm_medium=article&utm_campaign=20260329081756
2026-03-29,"창원시, 가족끼리 행복캠프 '허브데이트' 운영",0.0,0,0,https://www.nocutnews.co.kr/news/6492901?utm_source=naver&utm_medium=article&utm_campaign=20260329081656
2026-03-29,민주당 광주 남구청장 경선 공정성 논란…허위사실 캠프 경고,0.0,0,0,https://www.nocutnews.co.kr/news/6492891?utm_source=naver&utm_medium=article&utm_campaign=20260329081656
2026-03-29,"순영종합건설, 공동주택 하자 판정 '최다'",0.0,0,0,https://www.nocutnews.co.kr/news/6492890?utm_source=naver&utm_medium=article&utm_campaign=20260329081556
2026-03-29,신수정-조호권 단일화…광주 북구청장 경선 4파전 재편,0.0,0,0,https://www.nocutnews.co.kr/news/6492888?utm_source=naver&utm_medium=article&utm_campaign=20260329081356
2026-03-29,"홍콩, 폰비번 제공 법제화…베이징, '드론 비행·판매 금지'",0.0,0,0,https://www.nocutnews.co.kr/news/6492883?utm_source=naver&utm_medium=article&utm_campaign=20260329080456
2026-03-29,같은당 맞아?…민주당 제주지사 경선 연일 난타전,0.0,0,0,https://www.nocutnews.co.kr/news/6492881?utm_source=naver&utm_medium=article&utm_campaign=20260329080256
2026-03-29,무면허 운전 중 승용차와 충돌한 트럭…4명 부상,0.0,0,0,https://www.nocutnews.co.kr/news/6492885?utm_source=naver&utm_medium=article&utm_campaign=20260329080056
2026-03-29,제주 로컬크리에이터 지역경제 활성화 이해 교육 마무리,0.0,0,0,https://www.jemin.com/news/articleView.html?idxno=835271
2026-03-29,"""오늘과 내일만 신정훈 지지"" 민형배 캠프, 강·신 단일화 개입 의혹",0.0,0,0,http://www.mdilbo.com/detail/0kIA7d/754286
2026-03-29,"경북도, 필리핀 잠보앙가 델 수르 주지사 방문, 경제협력 본격화",0.0,0,0,https://www.dkilbo.com/news/articleView.html?idxno=538991
2026-03-29,"소노인터내셔널 '소노펠리체 CC', 2026 골프 시즌 본격 시작",0.0,0,0,http://www.bizwnews.com/news/articleView.html?idxno=131302
2026-03-29,"“대통령 구상 실현 적임자, 김영록”…개소식에 수천 인파 몰려",0.0,0,0,https://news.mtn.co.kr/news-detail/2026032915250756710
2026-03-29,봄바람 타고 퍼지는 전통문화의 향기,0.0,0,0,http://www.ikoreanspirit.com/news/articleView.html?idxno=84536
2026-03-29,민형배 캠프 ‘신정훈 역선택’ 논란…단일화 여론조사 개입 의혹 확산...,0.0,0,0,https://www.segye.com/newsView/20260329509609?OutUrl=naver
2026-03-29,한국은 10명 중 6명이 있는데 일본은 17%…여권 보유 차이점은 이것 [호...,0.0,0,0,https://www.mk.co.kr/article/12001821
2026-03-29,강기정·신정훈 단일화 여론조사 중 '역선택 유도' 논란,0.0,0,0,https://www.jnilbo.com/news/articleView.html?idxno=90000028207
2026-03-29,'李 주범 자백' 육성 파장…대북송금 사건 거래설 재구성,0.0,0,0,https://www.nocutnews.co.kr/news/6492882?utm_source=naver&utm_medium=article&utm_campaign=20260330060201
2026-03-29,"완주군 마을버스, ‘카카오맵’ 실시간 이동 정보 제공",0.0,0,0,http://sjbnews.com/news/news.php?number=874918
2026-03-29,"산청군, 자살예방 집중홍보 기간 운영",0.0,0,0,http://www.gndomin.com/news/articleView.html?idxno=470234
2026-03-29,'급행'으로 더 빠르게…새벽동행 자율주행버스 'A741' 30일부터 운행,0.0,0,0,https://news.tf.co.kr/read/life/2307144.htm
2026-03-29,“냉동새우 익히니 절반으로 쪼그라들어”… ‘이 성분’ 확인하면 안 ...,0.0,0,0,https://health.chosun.com/site/data/html_dir/2026/03/27/2026032703201.html
2026-03-29,"전북CBS 십자가 전시회, 농아인 발걸음…손끝으로 전한 감동",0.0,0,0,https://www.nocutnews.co.kr/news/6492879?utm_source=naver&utm_medium=article&utm_campaign=20260329054155
2026-03-29,경남 크리에이터 육성 '흥행'…경쟁률 6대1에 절반은 '3·40대',0.0,0,0,https://www.nocutnews.co.kr/news/6492877?utm_source=naver&utm_medium=article&utm_campaign=20260329053855
2026-03-29,"""마지막이라 생각하면 슬프다""…거장 사카모토의 마지막 기록",0.0,0,0,https://www.nocutnews.co.kr/news/6492875?utm_source=naver&utm_medium=article&utm_campaign=20260329053554
2026-03-29,"LG전자, 시니어 맞춤 TV 서비스 확대…키오스크 연습 기능 도입",0.0,0,0,https://www.nspna.com/news/?mode=view&newsid=808010
2026-03-29,'봄의 시작' 서울 벚꽃 개화…평년보다 열흘 빨라,0.0,0,0,https://www.nocutnews.co.kr/news/6492874?utm_source=naver&utm_medium=article&utm_campaign=20260329053454
2026-03-29,"[6.3 지방선거 이모저모] 평택시선관위, '단수 선정' 허위사실 유포 예비...",0.0,0,0,https://www.joongboo.com/news/articleView.html?idxno=363721169
2026-03-29,"대북송금 수사 검사들 ""이화영에 허위 진술 요구한 적 없어""",0.0,0,0,https://www.nocutnews.co.kr/news/6492871?utm_source=naver&utm_medium=article&utm_campaign=20260329052554
2026-03-29,올해 신사업 키워드는 '에너지·AI·헬스케어',0.0,0,0,https://www.hankyung.com/article/2026032939911
2026-03-29,"카카오, 분당서울대병원에 택시 대신 불러주기 서비스",0.0,0,0,https://www.mk.co.kr/article/12001718
2026-03-29,"""말 한마디 안 했는데 학폭 가해자?""...자녀 '단톡방' 주의보",0.0,0,0,https://www.jnilbo.com/news/articleView.html?idxno=90000028187
2026-03-29,"창원시설공단 노조 ""NC파크 사고 책임, 현장 노동자에 떠넘겨""",0.0,0,0,https://www.nocutnews.co.kr/news/6492867?utm_source=naver&utm_medium=article&utm_campaign=20260329051954
2026-03-29,진해군항제서 '창원생산품 팝업스토어'…지역 우수제품 홍보,0.0,0,0,https://www.nocutnews.co.kr/news/6492868?utm_source=naver&utm_medium=article&utm_campaign=20260329051854
2026-03-29,"김경수 ""정치 출발점은 현장""…'경남대전환' 광폭 행보",0.0,0,0,https://www.nocutnews.co.kr/news/6492870?utm_source=naver&utm_medium=article&utm_campaign=20260329051754
2026-03-29,"전북 소방시설 불법행위 신고 조례, 전면 개정 추진",0.0,0,0,https://www.nocutnews.co.kr/news/6492866?utm_source=naver&utm_medium=article&utm_campaign=20260329051654
2026-03-29,달리면 돈 꽂힌다…봄 날씨에 러너 폭증하더니 '뜻밖의 열풍' [금융꿀팁...,0.0,0,0,https://www.hankyung.com/article/202603293670i
2026-03-29,"보훈차관, 천안함 46용사 첫 해상헌화…""헌신 헛되지 않을 것""",0.0,0,0,https://www.nocutnews.co.kr/news/6492863?utm_source=naver&utm_medium=article&utm_campaign=20260329045954
2026-03-29,“캠핑 갈때 이거 챙기면 끝”…대용량 음료·간편식·디저트까지 ‘피...,0.0,0,0,https://www.mk.co.kr/article/12001649
2026-03-29,"마산만을 가른 1만 개의 발걸음…""3·15정신으로 공공기관 유치까지""",0.0,0,0,https://www.nocutnews.co.kr/news/6492861?utm_source=naver&utm_medium=article&utm_campaign=20260329045154
2026-03-29,"이민우, 재일교포 11세 연하와 결혼…'두 딸 아빠'로 새 출발",0.0,0,0,https://www.nocutnews.co.kr/news/6492859?utm_source=naver&utm_medium=article&utm_campaign=20260329044954
2026-03-29,"4.3 유족 만난 李 ""국가폭력 범죄, 나치 전범처럼 영구 책임""",0.0,0,0,https://www.nocutnews.co.kr/news/6492858?utm_source=naver&utm_medium=article&utm_campaign=20260329044955
2026-03-29,"LG전자, 시니어 맞춤 TV 서비스 확대",0.0,0,0,http://www.sisafocus.co.kr/news/articleView.html?idxno=357916
2026-03-29,BTS 다큐 '더 리턴' 글로벌 3위…컴백 신드롬 확산,0.0,0,0,https://www.nocutnews.co.kr/news/6492856?utm_source=naver&utm_medium=article&utm_campaign=20260329044454
2026-03-29,"""삼행시로 먼저 뛴다""…음성군, 제20회 반기문 마라톤 '댓글 레이스'",0.0,0,0,https://www.ccdn.co.kr/news/articleView.html?idxno=1070252
2026-03-29,"""더이상 사고 없도록"" 창원NC파크 사고 희생자 1주기 추모식",0.0,0,0,https://www.nocutnews.co.kr/news/6492853?utm_source=naver&utm_medium=article&utm_campaign=20260329043754
2026-03-31,"책임경영 외치는 카카오 정신아, 표류하는 노사관계",0.0,0,0,https://www.sidae.com/article/2026033014334840816
2026-03-31,"붉은사막 성공으로 달아오른 '콘솔' 시장, 다음 주자는?...넷마블 이블베...",0.0,0,0,http://www.consumernews.co.kr/news/articleView.html?idxno=753068
2026-03-31,"베리즈 1년, 디어유 위버스와 무엇이 달랐나 [엔터코노미]",0.322,1,0,https://news.mtn.co.kr/news-detail/2026033010451588149
2026-03-31,은행 지난해 BIS 비율 15.83%…결산배당·고환율에 0.09%P ↓,0.0,0,0,https://view.asiae.co.kr/article/2026033106071223593
2026-03-31,"작년 말 은행권 BIS비율 15.83%, 소폭 하락…CET1비율 13.51%",-0.261,0,1,https://news.einfomax.co.kr/news/articleView.html?idxno=4406749
2026-03-31,'낙동강벨트' 김해·양산 민주당 상승세…'대통령 잘 하고 국힘 못 해서...,0.261,1,0,https://www.nocutnews.co.kr/news/6493592?utm_source=naver&utm_medium=article&utm_campaign=20260331060513
2026-03-31,"‘라인 버프’ 받은 카카오게임즈, 다시 날아오를까",0.0,0,0,https://sports.khan.co.kr/article/202603310600013?pt=nv
2026-03-31,작년 말 국내은행 BIS 15.83%…전분기 比 0.09%p↓,-0.261,0,1,http://www.metroseoul.co.kr/article/20260330500613
2026-03-31,"""불법 증축 공간이 복지시설?""…화재 참사 대전 안전공업 논란",0.0,0,0,https://www.nocutnews.co.kr/news/6493499?utm_source=naver&utm_medium=article&utm_campaign=20260331060016
2026-03-31,"금감원, 은행권 자본여력 점검 강화…중동 리스크 최소화",-0.408,0,1,http://www.inews24.com/view/1954986
2026-03-31,"서울시교육청, 올해 교육급여 바우처 내일부터 신청",0.0,0,0,https://www.nocutnews.co.kr/news/6493377?utm_source=naver&utm_medium=article&utm_campaign=20260331060015
2026-03-31,작년 말 은행 보통주 자본비율 13.51%… 전 분기 대비 0.12%p 하락,-0.261,0,1,https://biz.chosun.com/stock/finance/2026/03/31/2IEJNK5FHVCS7C6XA6RWP7HWRE/?utm_source=naver&utm_medium=original&utm_campaign=biz
2026-03-31,"노동부, 1분기 신규 화학물질 중 26종서 급성 독성 등 확인",0.0,0,0,https://www.nocutnews.co.kr/news/6493435?utm_source=naver&utm_medium=article&utm_campaign=20260331060015
2026-03-31,"고환율에 은행 보통주자본비율 하락…""양호한 수준""",0.0,1,1,http://www.edaily.co.kr/news/newspath.asp?newsid=01807286645388896
2026-03-31,서울 주택 인허가 '반토막'…3년 뒤 '공급 절벽' 현실화 우려,0.0,0,0,https://www.nocutnews.co.kr/news/6493375?utm_source=naver&utm_medium=article&utm_campaign=20260331060014
2026-03-31,고환율 여파에 은행 건전성 지표 3개월새 0.12%P 하락,-0.261,0,1,https://biz.heraldcorp.com/article/10705822?ref=naver
2026-03-31,"지나치게 눈부신 전광판, 주·야간 밝기 기준 마련",0.0,0,0,https://www.nocutnews.co.kr/news/6493557?utm_source=naver&utm_medium=article&utm_campaign=20260331060017
2026-03-31,"강수현 시장 ""양주시 광석지구, 경마공원 유치에 최적지""",0.0,0,0,https://www.nocutnews.co.kr/news/6493484?utm_source=naver&utm_medium=article&utm_campaign=20260331060016
2026-03-31,주주환원 확대·환율 상승…작년 말 은행·지주 건선성지표 소폭 하락,0.0,1,1,https://www.news1.kr/finance/general-finance/6118708
2026-03-31,은행 BIS 비율 15.83%…배당 확대·환율 상승에 소폭 하락,0.0,1,1,https://www.etoday.co.kr/news/view/2570864
2026-03-31,은행 BIS 자본비율 소폭 하락…건전성은 양호,-0.261,0,1,https://m.skyedaily.com/news_view.html?ID=301382
2026-03-31,은행 BIS비율 소폭 하락…배당·환율 영향에도 '규제 상회' 유지,-0.261,0,1,https://www.newsworks.co.kr/news/articleView.html?idxno=835985
2026-03-31,"""5000원 점심 먹자"" 거지맵 인기…'거지방' 30대 청년이 만들었다",0.0,0,0,https://www.news1.kr/society/incident-accident/6118856
2026-03-31,은행 작년 말 보통주자본비율 0.12%p 하락…주주환원 확대 영향,-0.604,0,2,https://biz.sbs.co.kr/article_hub/20000300847?division=NAVER
2026-03-31,"작년 말 국내은행 자본비율 0.09%p↓…""배당 확대·고환율""",0.0,0,0,https://www.yna.co.kr/view/AKR20260330123900002?input=1195m
2026-03-31,은행 자기자본 비율 소폭 하락…“배당 확대·환율 영향”,-0.261,0,1,https://news.kbs.co.kr/news/pc/view/view.do?ncd=8522512&ref=A
2026-03-31,국내은행 자본비율 소폭 하락…주주환원·환율 영향,-0.261,0,1,https://www.mt.co.kr/finance/2026/03/31/2026033016240284328
2026-03-31,국내은행 BIS 자본비율 소폭 하락…규제비율은 웃돌아,-0.261,0,1,https://www.ebn.co.kr/news/articleView.html?idxno=1703925
2026-03-31,"주담대 금리 7% 시대, ""대출이자 줄여주세요"" 신청 늘지만…",0.0,0,0,https://it.chosun.com/news/articleView.html?idxno=2023092159524
2026-03-31,은행 자본건전성 '주춤'…결산배당·환율 오르며 CET1 소폭 하락,-0.261,0,1,https://www.financialpost.co.kr/news/articleView.html?idxno=253524
2026-03-31,"메리츠 ""투자 도구 아닌, 차세대 AI 플랫폼 구축이 목표"" [증시 MTS 열전...",0.0,0,0,https://it.chosun.com/news/articleView.html?idxno=2023092159081
2026-03-31,"국내 은행, 2025년 말 보통주자본비율 13.51%…전 분기 대비 0.12%p 하락",-0.261,0,1,https://www.newspim.com/news/view/20260330000902
2026-03-31,배당 확대·환율 상승에 지난해 은행 BIS자본비율 하락,0.0,1,1,https://news.mtn.co.kr/news-detail/2026033014123666904
2026-03-31,은행 BIS 보통주자본비율 13.51%…전년比 0.12%p 하락,-0.261,0,1,https://www.newsis.com/view/NISX20260330_0003569804
2026-03-31,배당 확대에 작년말 은행 BIS비율 13.63%…0.12%p 하락,-0.261,0,1,https://www.dt.co.kr/article/12054728?ref=naver
2026-03-31,사기꾼이 웃으며 한 말 “더 세게 나가세요”···은행원·경찰이 말려...,0.0,0,0,https://www.khan.co.kr/article/202603310600031
2026-03-31,"NH투자증권, SSG랜더스와 프로야구 관람 이벤트",0.261,1,0,http://www.bizwnews.com/news/articleView.html?idxno=131555
2026-03-31,[로펌] 카카오 과징금 취소 이끌어낸 공정거래 소송 강자,-0.682,0,2,https://www.joongang.co.kr/article/25416188
2026-03-31,[로펌] 다양한 분야 우수한 인재 영입…격변하는 법률시장 선점 나서,-0.38,0,1,https://www.joongang.co.kr/article/25416200
2026-03-31,"씨야 ""'클래스는 영원하다'라는 평 들을 수 있도록…""[EN:터뷰]",0.0,0,0,https://www.nocutnews.co.kr/news/6493577?utm_source=naver&utm_medium=article&utm_campaign=20260331050512
2026-03-31,"금천 적극행정, 3년 연속 빛났다",0.0,0,0,https://www.seoul.co.kr/news/publicnews/seoul_local/news_seoul/2026/03/31/20260331021001?wlog_tag3=naver
2026-03-31,"'구리시 엘마트' 납품업체 수십억 피해…""신고도 못 했다""",0.0,0,0,https://www.nocutnews.co.kr/news/6493596?utm_source=naver&utm_medium=article&utm_campaign=20260331050018
2026-03-31,[단독]檢 수사팀 변경에도 유지된 '김건희 불기소'…무마혐의 성립 조건...,0.0,0,0,https://www.nocutnews.co.kr/news/6493603?utm_source=naver&utm_medium=article&utm_campaign=20260331050019
2026-03-31,李 “미래 에너지 수급 더 불안해… 재생에너지로 신속 전환을”,0.0,0,0,https://www.seoul.co.kr/news/politics/president/2026/03/31/20260331006004?wlog_tag3=naver
2026-03-31,오늘 KT 박윤영號 출범…대규모 조직 개편·인적 쇄신 전망,0.0,0,0,https://www.nocutnews.co.kr/news/6493504?utm_source=naver&utm_medium=article&utm_campaign=20260331050016
2026-03-31,전쟁 한 달…'고유가+고환율'→스태그플레이션 우려↑,0.0,0,0,https://www.nocutnews.co.kr/news/6493483?utm_source=naver&utm_medium=article&utm_campaign=20260331050014
2026-03-31,AX·로봇·TK통합까지?…김부겸에 쥐어줄 與 선물보따리,0.0,0,0,https://www.nocutnews.co.kr/news/6493585?utm_source=naver&utm_medium=article&utm_campaign=20260331050017
2026-03-31,"[사설] 대구에도 자율주행 택시 시대 오나, 운영 주체·면허가 관건",0.0,0,0,https://www.imaeil.com/page/view/2026033017445139618
2026-03-31,"광주에서 제주까지…李 12회 타운홀미팅, 뭘 남겼나",0.0,0,0,https://www.nocutnews.co.kr/news/6493594?utm_source=naver&utm_medium=article&utm_campaign=20260331050018
2026-03-31,"[기고]美-이란 전쟁 한 달, 중국이 잘 버티는 이유",0.0,0,0,https://www.nocutnews.co.kr/news/6493500?utm_source=naver&utm_medium=article&utm_campaign=20260331050015
2026-03-31,"""멀쩡한데요""…서류와 눈앞이 다른 아이의 엄마",0.0,0,0,https://www.nocutnews.co.kr/news/6493488?utm_source=naver&utm_medium=article&utm_campaign=20260331050015
2026-03-31,"박상인 ""주가조작 패가망신? 처벌수위 높이고 규제 정비해야""",0.0,0,0,https://www.nocutnews.co.kr/news/6493474?utm_source=naver&utm_medium=article&utm_campaign=20260331050014
2026-03-31,"""4세대 실손 막차 타라"" 공포마케팅에 당국 경고장 효과는",0.0,0,0,https://www.nocutnews.co.kr/news/6493517?utm_source=naver&utm_medium=article&utm_campaign=20260331050016
2026-03-31,[칼럼]완벽할 수 없는 완벽한 날들,0.0,0,0,https://www.nocutnews.co.kr/news/6493011?utm_source=naver&utm_medium=article&utm_campaign=20260331050013
2026-03-31,"'재결합' 씨야 ""팬들 없다면 저희는 노래 좋아하는 한낱 사람들일 뿐""[E...",0.0,0,0,https://www.nocutnews.co.kr/news/6493576?utm_source=naver&utm_medium=article&utm_campaign=20260331050017
2026-03-31,[오늘의 주요일정]국회(3월31일 화요일),0.0,0,0,https://www.newsis.com/view/NISX20260330_0003570345
2026-03-31,"상품비교는 1초, 선택은 버퍼링... 정보 홍수에 갇힌 플랫폼 금융 [플랫...",0.0,0,0,https://www.etoday.co.kr/news/view/2570750
2026-03-31,李 “에너지 문제에 잠이 잘 안와… 화석 의존하면 미래 매우 위험”,0.0,0,0,https://www.donga.com/news/Politics/article/all/20260331/133641579/2
2026-03-31,‘AX 혁신’ 연구중심 대학 도약…AI-딥테크 ‘아기 유니콘’ 거점,0.0,0,0,https://www.donga.com/news/Society/article/all/20260330/133624509/2
2026-03-31,"""공무원 된다니 혼낸 교수님도 있었는데…"" AI 해결사 된 카이스트 동문...",0.0,0,0,https://www.hankookilbo.com/news/article/A2026033012140003625?did=NA
2026-03-31,"파월 연준 의장 ""미·이란 전쟁의 영향 판단하기 아직 일러""",0.0,0,0,https://www.nocutnews.co.kr/news/6493605?utm_source=naver&utm_medium=article&utm_campaign=20260331042312
2026-03-31,불법웹툰 대응 '묘수' 찾았다,-0.38,0,1,https://www.mt.co.kr/tech/2026/03/31/2026033019592619865
2026-03-31,"성범죄 의혹 황석희, “인지도 높아지는 것 두려워” 고백했었다! 공감...",0.0,0,0,https://www.sportsseoul.com/news/read/1598383?ref=naver
2026-03-31,"트럼프 ""이란 새정권과 논의 진전…결렬시 발전소 등 초토화""",0.0,0,0,https://www.nocutnews.co.kr/news/6493604?utm_source=naver&utm_medium=article&utm_campaign=20260331035412
2026-03-31,“ 2.7조 지원 외친 DDP…그 자리서 소상공인은 무너졌다”,0.0,0,0,https://wemakenews.co.kr/news/view.php?no=24963
2026-03-31,"고추장의 세계화 ‘케이첩’ 소스, 아마존서도 인기",0.0,0,0,https://www.hankookilbo.com/news/article/A2026033016510003668?did=NA
2026-03-31,과열 치닫는 특별시장 경선 후유증 남길라,0.0,0,0,http://www.kwangju.co.kr/article.php?aid=1774884000797270074
2026-03-31,"강릉시선관위, 기프티콘·찬조금 제공 시의원 예비후보자 검찰 고발",0.0,0,0,https://www.kwnews.co.kr/page/view/2026033017401355411
2026-03-31,'배스킨라빈스 31데이 왔다'...사이즈업+31% 할인 누리는 법,0.0,0,0,https://www.gukjenews.com/news/articleView.html?idxno=3543961
2026-03-31,선거구민에 기프티콘 제공…강릉시의원 예비후보 고발,0.0,0,0,https://www.kado.net/news/articleView.html?idxno=2041721
2026-03-31,삼척사랑카드 이달부터 휴대폰 간편 결제 서비스 가동,0.0,0,0,https://www.kado.net/news/articleView.html?idxno=2041652
2026-03-30,"문대림, 타운홀미팅 ‘과기원 연합 캠퍼스’ 이재명 대통령 약속 환영....",0.0,0,0,https://weeklytrade.co.kr/news/view.html?section=1&category=160&item=&no=99114
2026-03-30,[#시큐리티 포커스] 에스원 '무인매장 AI 보안' 확산·파수AI '사명 변경...,0.0,0,0,https://www.newsworks.co.kr/news/articleView.html?idxno=835994
2026-03-30,국중박 유료 입장으로 전환![어텐션 뉴스],0.0,0,0,https://www.nocutnews.co.kr/news/6493423?utm_source=naver&utm_medium=article&utm_campaign=20260330112512
2026-03-30,"""HMM 본사 부산으로"" 이사회 의결…노조는 즉각 반발",0.0,0,0,https://www.nocutnews.co.kr/news/6493602?utm_source=naver&utm_medium=article&utm_campaign=20260330111412
2026-03-30,"이재명 정부, 제주에 4대 과기원 연합 캠퍼스 조성",0.0,0,0,https://www.pressian.com/pages/articles/2026033022550810295?utm_source=naver&utm_medium=search
2026-03-30,"[증권 뉴스브리핑] 작년 자산운용사 순익 67% 늘어 3조 돌파/미래에셋 ""...",0.261,1,0,https://www.asiatime.co.kr/article/20260330500430
2026-03-30,"이명박 ""참패하고도 반성 없다""…국힘 ""뼈아픈 지적""",0.0,0,0,https://www.nocutnews.co.kr/news/6493595?utm_source=naver&utm_medium=article&utm_campaign=20260330103611
2026-03-30,국힘 대구시장 경선 첫 토론…김부겸 대항마는 누구?,0.0,0,0,https://www.nocutnews.co.kr/news/6493591?utm_source=naver&utm_medium=article&utm_campaign=20260330102311
2026-03-30,“너무 아파서 눈물 나”…40도 고열에 일한 유치원 교사 마지막 메시지,0.0,0,0,https://www.mk.co.kr/article/12002919
2026-03-30,"""봄바람에 실린 피리의 울림""…국립민속국악원 '봄맞이 피리소리'",0.0,0,0,http://www.jeonmin.co.kr/news/articleView.html?idxno=436871
2026-03-30,'대량해고 위기' 석탄발전소 비정규직 노동자들과 함께 한 사순절 예배,0.0,0,0,https://www.nocutnews.co.kr/news/6493589?utm_source=naver&utm_medium=article&utm_campaign=20260330100911
2026-03-30,"NCCK, 고난주간 매일기도·부활절 공동예배문 배포",0.0,0,0,https://www.nocutnews.co.kr/news/6493587?utm_source=naver&utm_medium=article&utm_campaign=20260330100512
2026-03-30,"""공간 바뀌자 아동 삶 달라져""…구세군, 지역아동센터 환경개선 사업 보...",0.0,0,0,https://www.nocutnews.co.kr/news/6493586?utm_source=naver&utm_medium=article&utm_campaign=20260330100512
2026-03-30,교회 성폭력 가해자 53% '목회자'…피해자는 '20대 여성'에 집중,0.0,0,0,https://www.nocutnews.co.kr/news/6493545?utm_source=naver&utm_medium=article&utm_campaign=20260330100111
2026-03-30,"이단대책위원장협의회, 이단 사안 아닌 '특정 법안' 으로 갈등",0.0,0,0,https://www.nocutnews.co.kr/news/6493544?utm_source=naver&utm_medium=article&utm_campaign=20260330100111
2026-03-30,"카카오모빌리티, 병원서 택시 대신 호출…전용 시스템 활용, 취약계층 ...",0.0,0,0,http://www.econonews.co.kr/news/articleView.html?idxno=433443
2026-03-30,"김용건, 럭셔리 한강뷰 아파트 공개.. '하정우 갤러리' 인 줄 알았네 ('...",0.0,0,0,https://www.tvreport.co.kr/broadcast/article/1021908/
2026-03-30,"조국 ""유시민 ABC론, 대통령 참칭 갈라치기에 개탄한 것""",0.0,0,0,https://www.nocutnews.co.kr/news/6493584?utm_source=naver&utm_medium=article&utm_campaign=20260330093211
2026-03-30,"""너무 아파서 눈물 나"" ""어지러워""…부천 유치원 교사 사망 전 메시지",0.0,0,0,https://www.kyeonggi.com/article/20260330580678
2026-03-30,"변동성 큰 투자시장, 투자자 심리 악용한 불공정거래 차단 나선 금융당...",0.0,0,0,https://it.donga.com/108647/
2026-03-30,"[속보]트럼프 ""협상 결렬되면 하르그섬과 모든 발전소 완전 파괴""",0.0,0,0,https://www.nocutnews.co.kr/news/6493579?utm_source=naver&utm_medium=article&utm_campaign=20260330090411
2026-03-30,대전예술의전당 관장에 이영신 교수 임명,0.0,0,0,https://www.nocutnews.co.kr/news/6493582?utm_source=naver&utm_medium=article&utm_campaign=20260330090011
2026-03-30,39.8도 고열 출근·과로 유치원 교사… “너무 아파 눈물 나” 사망 전 ...,0.0,0,0,https://www.khan.co.kr/article/202603302053005
2026-03-30,네이버-두나무 '20조 빅딜' 3개월 밀린 이유는? 그리고 전망은?,0.0,0,0,https://www.econovill.com/news/articleView.html?idxno=735376
2026-03-30,"“상하수도 요금 온라인으로” 경산시, 전용 홈페이지 개설",0.0,0,0,https://www.ksmnews.co.kr/news/view.php?idx=597633
2026-03-30,李 “화석에너지 의존하면 위험…재생에너지로 빨리 전환해야”,0.0,0,0,https://www.donga.com/news/Politics/article/all/20260330/133640464/1
2026-03-30,"""고수익 보장"" … 투자 리딩방 사기 기승",0.0,0,0,http://www.cctimes.kr/news/articleView.html?idxno=899220
2026-03-30,무분별 SNS 초대 … `정치 공해' 호소,0.0,0,0,http://www.cctimes.kr/news/articleView.html?idxno=899196
2026-03-30,"주호영 ""컷오프, 개인 피해 아냐…장동혁 비판 괘씸죄·라이벌 견제 원...",0.0,0,0,https://www.nocutnews.co.kr/news/6493573?utm_source=naver&utm_medium=article&utm_campaign=20260330081110
2026-04-01,"'제2의 카카오프렌즈' 만든다…포털 다음, 캐릭터 상표권 출원",0.0,0,0,https://www.news1.kr/it-science/internet-platform/6120421
2026-04-01,"실적 엇갈린 인뱅 3사, 성장 전략 3色...카뱅-글로벌, 토뱅-주담대, 케뱅...",0.322,1,0,http://www.consumernews.co.kr/news/articleView.html?idxno=753067
2026-04-01,"네이버, 키우는 사업마다 외풍에 흔들",0.0,0,0,https://it.chosun.com/news/articleView.html?idxno=2023092159607
2026-04-01,"대법원, 미국 명문대 입학 빙자 거액 편취·위증교사 유죄 원심 확정",0.0,0,0,http://www.lawissue.co.kr/view.php?ud=2026033122244849069a8c8bf58f_12
2026-04-01,외국인 유학생을 위한 '성희롱·성폭력 SOS 가이드' 개발,0.0,0,0,https://www.nocutnews.co.kr/news/6494144?utm_source=naver&utm_medium=article&utm_campaign=20260401060026
2026-04-01,"서울교육청, 영구기록물 관리기관 '서울교육기록원' 설립 추진",0.0,0,0,https://www.nocutnews.co.kr/news/6494111?utm_source=naver&utm_medium=article&utm_campaign=20260401060025
2026-04-01,"중동전쟁 장기화에 유류할증료 한 달 전 2~3배↑, 항공사 비상",0.0,0,0,https://www.nocutnews.co.kr/news/6494209?utm_source=naver&utm_medium=article&utm_campaign=20260401060925
2026-04-01,[칼럼]전쟁통에 드러난 韓경제 취약성,0.0,0,0,https://www.nocutnews.co.kr/news/6494251?utm_source=naver&utm_medium=article&utm_campaign=20260401060027
2026-04-01,"디지털 성범죄, AI로 24시간 자동 탐지·분석·신고한다",0.0,0,0,https://www.nocutnews.co.kr/news/6494327?utm_source=naver&utm_medium=article&utm_campaign=20260401060026
2026-04-01,"""부장님 소식 또 봐야하나""...카카오톡, '친구 소식' 실험중[1일IT템]",0.0,0,0,http://www.fnnews.com/news/202603311610010484
2026-04-01,"봄이 오면 그가 온다…故 장국영, 23년이 지나도 꺼지지 않는 '추모 물결...",0.0,0,0,https://www.tvreport.co.kr/world/article/1022802/
2026-04-01,“美 명문대 기부 편입시켜주겠다” 8억 받아… 징역형 확정,0.0,0,0,https://biz.chosun.com/topics/law_firm/2026/04/01/TRXPSBL5ZNEFPBQKNPZ7SEP4E4/?utm_source=naver&utm_medium=original&utm_campaign=biz
2026-04-01,"""美명문대 편입시켜줄게"" 속이고 8억 '꿀꺽'…입시 컨설턴트 실형 확정",0.0,0,0,https://view.asiae.co.kr/article/2026033116104050040
2026-04-01,창립 10주년 카카오게임즈 '제2의 도약' 시동…대형 신작 준비,0.322,1,0,https://www.sidae.com/article/2026033115041183171
2026-04-01,"""내 뇌 해킹했지""…망상 끝에 총기 제작한 20대[사건의재구성]",0.0,0,0,https://www.news1.kr/society/incident-accident/6120272
2026-04-01,[리브랜딩 혁신] '국민·하나·카카오'…이름에 전략 담겼다,0.0,0,0,http://www.seoulwire.com/news/articleView.html?idxno=714242
2026-04-01,"[기자시각] ""당첨됐다고?""…토스 '지원금' 마케팅의 착시",0.0,0,0,http://www.newswatch.kr/news/articleView.html?idxno=78832
2026-04-01,[CFO 리포트] 뭉쳐서 강한 네이버,0.322,1,0,https://www.bloter.net/news/articleView.html?idxno=658287
2026-04-01,강등 위기 토트넘의 소방수될까? 데 제르비 감독 선임,0.0,0,0,https://www.nocutnews.co.kr/news/6494427?utm_source=naver&utm_medium=article&utm_campaign=20260401055525
2026-04-01,단종 카드 쏟아지자…BC카드 '환승 고객' 공략 [이슈 더보기],0.0,0,0,https://www.ngetnews.com/news/articleView.html?idxno=549621
2026-04-01,"'2경기 0골' 무기력했던 홍명보호, 오스트리아전도 0-1 패",0.0,0,0,https://www.nocutnews.co.kr/news/6494426?utm_source=naver&utm_medium=article&utm_campaign=20260401054025
2026-04-01,"'전분·당류 가격 담합 의혹' 대상 임원 구속…""증거인멸·도망 염려""",0.0,0,0,https://www.nocutnews.co.kr/news/6494425?utm_source=naver&utm_medium=article&utm_campaign=20260401050524
2026-04-01,"[아주 탐사기획] ""앱에서 본 그 방은 없었다""…허위매물 늪에 빠진 청년...",0.0,0,0,https://www.ajunews.com/view/20260329174538661
2026-04-01,통계에 새로 잡힌 '137명 사망'…'산재와의 전쟁' 새 변수,0.0,0,0,https://www.nocutnews.co.kr/news/6494333?utm_source=naver&utm_medium=article&utm_campaign=20260401050028
2026-04-01,국힘 안에서도 공감 얻는 '보수 회초리론',0.0,0,0,https://www.nocutnews.co.kr/news/6494407?utm_source=naver&utm_medium=article&utm_campaign=20260401050028
2026-04-01,"4월 '과학의 달'인데 호남만 10월…전남 빠진 축제, 왜?",0.0,0,0,https://www.nocutnews.co.kr/news/6494287?utm_source=naver&utm_medium=article&utm_campaign=20260401050025
2026-04-01,"인천 vs 김포, 수도권 매립지 사용법 '충돌' 조짐[영상]",0.0,0,0,https://www.nocutnews.co.kr/news/6494185?utm_source=naver&utm_medium=article&utm_campaign=20260401050029
2026-04-01,[업계는 지금] ‘사랑의 새참’ 행사,0.0,0,0,https://www.nongmin.com/article/20260330500782
2026-04-01,"[기고]한불 수교 140주년, 문화·기술·산업 전략적 파트너십",0.0,0,0,https://www.nocutnews.co.kr/news/6493794?utm_source=naver&utm_medium=article&utm_campaign=20260401050025
2026-04-01,[단독]푸시업에 깜지…갑질 시달린 약손명가 점주들 소송전까지,-0.38,0,1,https://www.nocutnews.co.kr/news/6494412?utm_source=naver&utm_medium=article&utm_campaign=20260401050027
2026-04-01,"[단독]약손명가 가맹점주 수십명, 부당계약·갑질 주장 소송전",-0.38,0,1,https://www.nocutnews.co.kr/news/6494411?utm_source=naver&utm_medium=article&utm_campaign=20260401050027
2026-04-01,"[칼럼]'3高'의 공포, 車들이 사라진다",0.0,0,0,https://www.nocutnews.co.kr/news/6493935?utm_source=naver&utm_medium=article&utm_campaign=20260401050026
2026-04-01,"""잠든 척 플레이?""…허술한 사건 종결, 성범죄 피해자들은 '고통'",0.0,0,0,https://www.nocutnews.co.kr/news/6494413?utm_source=naver&utm_medium=article&utm_campaign=20260401050026
2026-04-01,"""장애인 등록증 있어요?""…범죄 사각지대 놓인 사람들",0.0,0,0,https://www.nocutnews.co.kr/news/6494321?utm_source=naver&utm_medium=article&utm_campaign=20260401050029
2026-04-01,"만우절에 전해진 비보…장국영, 호텔서 추락해 사망→벌써 23년 지났다",0.0,0,0,https://www.mhnse.com/news/articleView.html?idxno=521892
2026-04-01,"美국방 ""향후 며칠이 결정적…협상 결렬시 고강도 공격""",0.0,0,0,https://www.nocutnews.co.kr/news/6494424?utm_source=naver&utm_medium=article&utm_campaign=20260401045424
2026-04-01,'가뭄에 단비' 러시아산 나프타 도입…5월 셧다운 공포는 여전,0.0,0,0,https://www.nocutnews.co.kr/news/6494318?utm_source=naver&utm_medium=article&utm_campaign=20260401044524
2026-04-01,"트럼프 ""전쟁 오래 안 간다…호르무즈는 이용국이 열면 돼""",0.0,0,0,https://www.nocutnews.co.kr/news/6494423?utm_source=naver&utm_medium=article&utm_campaign=20260401042324
2026-04-01,코인거래소 '규제 공백' 불가피…가상자산 2단계법 하반기로,0.0,0,0,https://www.nocutnews.co.kr/news/6494175?utm_source=naver&utm_medium=article&utm_campaign=20260401040024
2026-04-01,"'부정선거 프레임' 논란 휩싸인 과천시의회…선관위 ""근거 無""",0.0,0,0,https://www.nocutnews.co.kr/news/6494211?utm_source=naver&utm_medium=article&utm_campaign=20260401040025
2026-04-01,"'쓰봉' 재고 많다는데...""편의점 가보면 품절"" 불안이 키웠다",0.0,0,0,https://www.mt.co.kr/society/2026/04/01/2026033120030731803
2026-04-01,"'손톱' 꺼내고, 이강인·이재성도 선발…홍명보호, 정예 멤버로 오스트...",0.0,0,0,https://www.nocutnews.co.kr/news/6494422?utm_source=naver&utm_medium=article&utm_campaign=20260401034125
2026-04-01,'로코 왕자' 박서준은 잊어라… 디즈니+ '내가 죄인이오'서 희대의 빌런...,0.0,0,0,https://sports.hankooki.com/news/articleView.html?idxno=6929746
2026-04-01,"국민연금공단, 공공기관 최초 카카오와 'AI 혁신' 맞손…양해각서 체결",0.0,0,0,https://www.cstimes.com/news/articleView.html?idxno=700285
2026-04-01,"인천항만공사, 국민소통플랫폼 '모두의 인천항' 활성화·이벤트 개최",0.0,0,0,https://www.cstimes.com/news/articleView.html?idxno=700276
2026-04-01,포켓몬부터 먼작귀까지... KBO 역대급 콜라보 줄이어,0.0,0,0,https://www.ggilbo.com/news/articleView.html?idxno=1149664
2026-04-01,[증권 뉴스브리핑] 지난달 케이뱅크 IPO에 주식발행 3배로↑/1분기 신규...,0.0,0,0,https://www.asiatime.co.kr/article/20260401500002
2026-04-01,땅집고옥션 ‘경매 전자책’… 카톡방 가입하면 무료 제공,0.0,0,0,https://www.chosun.com/economy/realty/2026/04/01/XGLJCBK2LZEMTN5TQMPFJWGQEA/?utm_source=naver&utm_medium=referral&utm_campaign=naver-news
2026-04-01,“카톡 소식·숏폼 자꾸 떠요” 이용자 분통,0.0,0,0,https://www.chosun.com/economy/tech_it/2026/04/01/A2J4FRLQANE5RBVBAYWX2BBADY/?utm_source=naver&utm_medium=referral&utm_campaign=naver-news
2026-04-01,[카카오소식] 카카오 텍스트힙 기획전 / 카카오창작재단 대학생 서포터...,0.0,0,0,https://www.webeconomy.co.kr/news/articleView.html?idxno=2125363
2026-04-01,"리튬 관련주, '봄꽃만개' 리튬포어스·강원에너지·하이드로리튬... '시...",0.0,0,0,http://www.finomy.com/news/articleView.html?idxno=252387
2026-04-01,발굴부터 관리까지 '중구형 복지 안전망' 가동,0.0,0,0,https://www.ksilbo.co.kr/news/articleView.html?idxno=1052836
2026-04-01,[경상시론]벚꽃지도를 보면서,0.0,0,0,https://www.ksilbo.co.kr/news/articleView.html?idxno=1052774
2026-04-01,"'희비 교차'…SSG·kt, 3연승 질주 vs LG·키움, 3연패 부진",0.0,0,0,https://www.nocutnews.co.kr/news/6494417?utm_source=naver&utm_medium=article&utm_campaign=20260401121022
2026-04-01,"헌신으로 함께한 3년, 나눔으로… 경기항공고 강문종 학운위원장 이임",0.0,0,0,http://www.joygm.com/news/articleView.html?idxno=215090
2026-04-01,이름 잘못 쓰면 뭐 어떻습니까…외국 선수 따스한 세리머니,0.0,0,0,https://www.joongang.co.kr/article/25416492
2026-04-01,"가짜 상호 등유 판매…경기도 특사경, 불법 석유업소 3곳 적발",0.0,0,0,https://www.newscj.com/news/articleView.html?idxno=3390366
2026-03-31,"로켓배송→이츠까지…쿠팡, 세븐일레븐서 '실물 기프트카드' 판매",0.0,0,0,https://www.thedailypost.kr/news/articleView.html?idxno=113704
2026-03-31,"서울교통공사, 공공데이터·데이터행정 평가 4년 연속 '최우수'",0.0,0,0,http://www.ikld.kr/news/articleView.html?idxno=331939
2026-03-31,"국민연금공단·카카오 'AI 기술협력, AI 기반 공공서비스 혁신' MOU",0.0,0,0,http://www.seoulwire.com/news/articleView.html?idxno=714380
2026-03-31,"서울교통공사, 공공데이터·데이터행정 평가 4년 연속 ‘최우수’",0.0,0,0,https://www.sedaily.com/article/20026692?ref=naver
2026-03-31,"“생일 축하 노래에 눈물 났어요”…‘외로움안녕120’ 1년, 상담 4만건...",0.0,0,0,https://www.sedaily.com/article/20026688?ref=naver
2026-03-31,'유튜버 쯔양 스토킹·협박 혐의' 가세연 김세의 불구속기소,0.0,0,0,https://www.nocutnews.co.kr/news/6494416?utm_source=naver&utm_medium=article&utm_campaign=20260401122023
2026-03-31,"카카오, 국민연금공단과 AI 기반 공공서비스 혁신 MOU 체결",0.0,0,0,http://www.worktoday.co.kr/news/articleView.html?idxno=83246
2026-03-31,"카카오페이증권, 2027년 3월까지 신호철 대표 체제 유지",0.322,1,0,http://www.technoa.co.kr/news/articleView.html?idxno=100742
2026-03-31,"권성동 ""표 얻으려 한학자에 큰절했다""…'1억 수수'는 증언 거부",0.0,0,0,https://www.nocutnews.co.kr/news/6494415?utm_source=naver&utm_medium=article&utm_campaign=20260401121922
2026-03-31,"'이종섭 호주 도피 의혹' 첫 공판…尹 ""방산수출 이점 많겠다 싶어""",0.0,0,0,https://www.nocutnews.co.kr/news/6494414?utm_source=naver&utm_medium=article&utm_campaign=20260331110421
2026-03-31,"인천항만공사, 국민소통플랫폼 '모두의 인천항' 이벤트",0.0,0,0,https://www.gukjenews.com/news/articleView.html?idxno=3545378
2026-03-31,"李대통령, 방미통위 위원 4명 임명·위촉 재가",0.0,0,0,https://www.nocutnews.co.kr/news/6494410?utm_source=naver&utm_medium=article&utm_campaign=20260331104521
2026-03-31,"""선율로 그린 봄의 풍경"" 충북CBS 새봄맞이 음악회 성황리에 마쳐",0.0,0,0,https://www.nocutnews.co.kr/news/6494409?utm_source=naver&utm_medium=article&utm_campaign=20260331103721
2026-03-31,"정읍시, 차향문화관 체험 프로그램 상시 운영",0.0,0,0,http://www.jeonmin.co.kr/news/articleView.html?idxno=436970
2026-03-31,"이스라엘 나포됐던 한국인, 다시 가자지구行 시도…""극도로 위험""",0.0,0,0,https://www.nocutnews.co.kr/news/6494404?utm_source=naver&utm_medium=article&utm_campaign=20260401122022
2026-03-31,"""8년간 뭐했냐"" vs ""모르면서 비판만 한다""…맹공 오간 국힘 경북지사 토...",0.0,0,0,https://www.nocutnews.co.kr/news/6494406?utm_source=naver&utm_medium=article&utm_campaign=20260331103421
2026-03-31,"트럼프 ""호르무즈 가서 석유 확보하라""…동맹국 압박",0.0,0,0,https://www.nocutnews.co.kr/news/6494401?utm_source=naver&utm_medium=article&utm_campaign=20260401121923
2026-03-31,캐리어 시신 유기 피의자 검거…20대 친딸 부부였다,0.0,0,0,https://www.nocutnews.co.kr/news/6494403?utm_source=naver&utm_medium=article&utm_campaign=20260401122024
2026-03-31,김해 가야테마파크 굿네이버스 협약 관광 활성화,0.0,0,0,http://www.newstown.co.kr/news/articleView.html?idxno=698948
2026-03-31,"카카오, 국민연금공단과 AI 공공서비스 혁신…서비스 접근성 높인다",0.0,0,0,https://www.webeconomy.co.kr/news/articleView.html?idxno=2125269
2026-03-31,'채용 비리 의혹' 강서구의회 의장·운영위원장 구속,0.0,0,0,https://www.nocutnews.co.kr/news/6494400?utm_source=naver&utm_medium=article&utm_campaign=20260331100521
2026-03-31,"예장 통합, 제주4.3 추념일 담화문 발표…""4.3 상처 치유 나서자""",0.0,0,0,https://www.nocutnews.co.kr/news/6494355?utm_source=naver&utm_medium=article&utm_campaign=20260331100022
2026-03-31,"""이단·사이비 불법 행위 근절"" 공감대…""민법보단 특별법""",0.0,0,0,https://www.nocutnews.co.kr/news/6494305?utm_source=naver&utm_medium=article&utm_campaign=20260331100021
2026-03-31,신호철 카카오페이증권 대표 연임…“AI 활용해 사용자 경험 혁신”,0.0,0,0,https://biz.heraldcorp.com/article/10707019?ref=naver
2026-03-31,"양주시, '2026년 민방위대원 기본교육' 실시",0.0,0,0,http://www.enewstoday.co.kr/news/articleView.html?idxno=2413187
2026-03-31,"카카오페이증권 신호철 대표 연임…""AI 전환·사용자 혁신 속도""",0.0,0,0,https://www.econovill.com/news/articleView.html?idxno=735536
2026-03-31,"경기도 특사경, 유가 급등 틈탄 불법 영업… 가짜 등유 판매점 운영 업...",0.408,1,0,http://www.newstown.co.kr/news/articleView.html?idxno=698933
2026-03-31,울산 중구 사회적 고립 위기가구 조기 발굴 맞춤 관리,0.0,0,0,https://www.ulsanpress.net/news/articleView.html?idxno=572259
2026-03-31,"산업장관, '석유 北 반출설' 전한길 등 유튜브 운영자 고발",0.0,0,0,https://www.nocutnews.co.kr/news/6494399?utm_source=naver&utm_medium=article&utm_campaign=20260331093621
2026-03-31,[브리프] 하이브 롯데시네마 카카오엔터 네이버툰 CJCGV,0.0,0,0,http://www.biztribune.co.kr/news/articleView.html?idxno=351519
2026-03-31,[브리프]롯데백화점 현대백화점 이마트 롯데마트 롯데월드 外,0.0,0,0,http://www.biztribune.co.kr/news/articleView.html?idxno=351518
2026-03-31,"울산 중구, 현장 중심 촘촘한 복지안전망 가동",0.0,0,0,http://www.ujeil.com/news/articleView.html?idxno=383478
2026-03-31,[브리프] 삼성전자 효성 LGU+ 네이버 카카오 SKT 카이 애경케미칼 영풍,0.0,0,0,http://www.biztribune.co.kr/news/articleView.html?idxno=351577
2026-03-31,카카오페이증권 신호철 대표 연임…“AI·사용자 경험이 핵심”,0.0,0,0,https://www.sedaily.com/article/20026665?ref=naver
2026-03-31,"주담대 금리는 번갯불, 예금 금리는 만만디…은행들 “올릴 이유가?”",0.0,0,0,https://www.mk.co.kr/article/12004146
2026-03-31,신호철 카카오페이증권 대표 연임…“질적 성장에 방점”,0.322,1,0,https://www.dailian.co.kr/news/view/1627966/?sc=Naver
2026-03-31,민주당 충북지사 결선 앞두고 노영민·신용한 신경전 고조,0.0,0,0,https://www.nocutnews.co.kr/news/6494398?utm_source=naver&utm_medium=article&utm_campaign=20260331091320
2026-03-31,"카카오페이證 신호철 대표 연임 확정…""AI·사용자 경험이 핵심""",0.0,0,0,https://www.yna.co.kr/view/AKR20260331200700008?input=1195m
2026-03-31,신호철 카카오페이증권 대표 연임…“꾸준한 자산 형성 플랫폼으로 발전...,0.0,0,0,http://www.fntimes.com/html/view.php?ud=2026033119253452040f4390e77d_18
2026-03-31,"쿠팡, 세븐일레븐 통해 실물 기프트카드 출시",0.0,0,0,https://www.newswhoplus.com/news/articleView.html?idxno=57830
2026-03-31,밀양서 미디어아트 전시 '빛으로 확장되는 감각의 세계' 개최,0.0,0,0,https://www.nocutnews.co.kr/news/6494396?utm_source=naver&utm_medium=article&utm_campaign=20260331085320
2026-03-31,"창원 의창구, 신규공무원에 '청렴 웰컴키트' 전달",0.0,0,0,https://www.nocutnews.co.kr/news/6494395?utm_source=naver&utm_medium=article&utm_campaign=20260331085220
2026-03-31,"창원시 ""자원안보위기 극복 위해 에너지절약 함께 해요""",0.0,0,0,https://www.nocutnews.co.kr/news/6494394?utm_source=naver&utm_medium=article&utm_campaign=20260331085120
2026-04-02,"[브랜드평판] 하이브, 엔터테인먼트 상장기업 4월 1위... JYP, 카카오 상...",0.0,0,0,https://www.enetnews.co.kr/news/articleView.html?idxno=48344
2026-04-02,AI기본법 ‘고영향 AI’ 모호한 경계…스타트업 “규제 리스크 커졌다”,0.0,0,0,https://www.kukinews.com/article/view/kuk202603220037
2026-04-02,"“소상공인 디지털 전환·상생 협력 기여”…카카오, 대통령 표창 수상",0.0,0,0,https://www.sedaily.com/article/20027129?ref=naver
2026-04-02,“케이크 찍었더니 ‘소형차 배송 추천’”…퀵도 이제 ‘찍으면 끝’[...,0.0,0,0,http://www.fnnews.com/news/202604011722379088
2026-04-02,이광재 “중소·벤처 모래주머니 떼고 新경제 질서 필요”,0.0,0,0,https://www.sedaily.com/article/20027214?ref=naver
2026-04-02,라인게임즈 ‘물타기’ 거부한 FI들... 카겜 인수에도 엑시트 기회 못찾...,0.0,0,0,https://biz.chosun.com/stock/market_trend/2026/04/02/ODU3QP3R2JGABBWUCYMYUBOV2E/?utm_source=naver&utm_medium=original&utm_campaign=biz
2026-04-02,원재료 가격 상승 떠넘기기 차단…정부 연동제 직권조사,0.261,1,0,https://www.nocutnews.co.kr/news/6494943?utm_source=naver&utm_medium=article&utm_campaign=20260402060037
2026-04-02,서울시교육청 '올해 제1회 검정고시 시행'…총 4954명 지원,0.0,0,0,https://www.nocutnews.co.kr/news/6494955?utm_source=naver&utm_medium=article&utm_campaign=20260402060039
2026-04-02,부활절 퍼레이드 4일 광화문 일대 도로교통 통제,0.0,0,0,https://www.nocutnews.co.kr/news/6494953?utm_source=naver&utm_medium=article&utm_campaign=20260402060038
2026-04-02,"[초점] 인뱅 순익 성적표, 카뱅·토뱅 늘고 케뱅 줄었다 왜",0.0,0,0,http://www.newswatch.kr/news/articleView.html?idxno=78883
2026-04-02,"""야구장 날씨 5분 단위 중계""…KBO 개막에 IT 기업들 '올인'",0.0,0,0,https://www.mt.co.kr/tech/2026/04/02/2026040114240699785
2026-04-02,"이란 대통령, 미국인들에 편지…""대립 지속은 무의미""",0.0,0,0,https://www.nocutnews.co.kr/news/6495175?utm_source=naver&utm_medium=article&utm_campaign=20260402053237
2026-04-02,[K-주총: 말보다 ACTION] ②‘방어에서 공격으로’…AI·거버넌스·환원...,0.0,0,0,https://www.dnews.co.kr/uhtml/view.jsp?idxno=202604011350582230549
2026-04-02,영수증 필요 없는 '전도비'…좁혀오는 신천지 '정치권 로비' 의혹,0.0,0,0,https://www.nocutnews.co.kr/news/6495065?utm_source=naver&utm_medium=article&utm_campaign=20260402051037
2026-04-02,"NCT '일곱 번째 감각', 잊을 수 없는 시청각의 동시 충격",0.0,0,0,https://www.nocutnews.co.kr/news/6495174?utm_source=naver&utm_medium=article&utm_campaign=20260402054637
2026-04-02,"NCT의 '네오'한 음악은, 관습에 안주하지 않는 과감함[파고들기]",0.0,0,0,https://www.nocutnews.co.kr/news/6495173?utm_source=naver&utm_medium=article&utm_campaign=20260402054537
2026-04-02,"“수술비 안 나오면 보험 무의미”… 1만원 펫보험, 이유 있는 자신감",0.0,0,0,https://www.seoul.co.kr/news/economy/finance/2026/04/02/20260402032002?wlog_tag3=naver
2026-04-02,장애도 비장애도 아닌 '700만'…'경계선 지능인'의 공백,0.0,0,0,https://www.nocutnews.co.kr/news/6495081?utm_source=naver&utm_medium=article&utm_campaign=20260402050039
2026-04-02,"NCT, SM의 기획력 축적된 브랜드이자 플랫폼[파고들기]",0.0,0,0,https://www.nocutnews.co.kr/news/6495171?utm_source=naver&utm_medium=article&utm_campaign=20260402054137
2026-04-02,"서학개미 복귀 위한 RIA 일주일, 환율이 발목잡는다",0.0,0,0,https://www.nocutnews.co.kr/news/6495057?utm_source=naver&utm_medium=article&utm_campaign=20260402050038
2026-04-02,"흥미로운 기획, 불안과 불균형…NCT라는 실험의 명암[파고들기]",0.0,0,0,https://www.nocutnews.co.kr/news/6495172?utm_source=naver&utm_medium=article&utm_campaign=20260402054237
2026-04-02,에너지 수요 옥죈다면서…내주부터 '또 공공만' 2부제 의무,0.0,0,0,https://www.nocutnews.co.kr/news/6495139?utm_source=naver&utm_medium=article&utm_campaign=20260402050039
2026-04-02,"""美, 전쟁할 결심하면 동맹국 반대도 무시…이란전 교훈""",0.0,0,0,https://www.nocutnews.co.kr/news/6495049?utm_source=naver&utm_medium=article&utm_campaign=20260402050038
2026-04-02,야채보다 싼 돼지…'中 국민의 고기'에 무슨 일이[베이징 노트],0.0,0,0,https://www.nocutnews.co.kr/news/6495140?utm_source=naver&utm_medium=article&utm_campaign=20260402050040
2026-04-02,지방 시장·군수인데 집은 서울에…관외 자가 8명 누구?,0.0,0,0,https://www.nocutnews.co.kr/news/6495046?utm_source=naver&utm_medium=article&utm_campaign=20260402050037
2026-04-02,"[단독]""매출 30% 수수료 갑질"" 약손명가 점주 극단선택 시도까지",0.0,0,0,https://www.nocutnews.co.kr/news/6495156?utm_source=naver&utm_medium=article&utm_campaign=20260402050040
2026-04-02,"우버, 카카오모빌리티 경영권 인수?",0.0,0,0,https://www.digitaltoday.co.kr/news/articleView.html?idxno=652349
2026-04-02,민간차량 8일부터 ‘공영주차장 5부제’… 홍해로 원유수송 검토,0.0,0,0,https://www.donga.com/news/Economy/article/all/20260402/133657963/2
2026-04-02,"공간 구성부터 식사 메뉴까지… 머큐어 서울 마곡, 12일 돌페어 개최",0.0,0,0,https://www.onews.tv/news/articleView.html?idxno=277762
2026-04-02,챗봇-자동화 도입… ‘스마트 물류’ 선도,0.0,0,0,https://www.donga.com/news/Economy/article/all/20260401/133648622/2
2026-04-02,"금융위, 가계부채 잡는다… 대출 관리 월·분기 단위 세분화",0.0,0,0,https://www.mt.co.kr/finance/2026/04/02/2026040120073868891
2026-04-02,"한국해양교통안전공단, '행안부 공공데이터 제공‧운영 실태평가' 2년 연...",0.0,0,0,https://www.cstimes.com/news/articleView.html?idxno=700481
2026-04-02,"트럼프, '출생시민권' 대법원 심리에 출석…'압박' 통할까",0.0,0,0,https://www.nocutnews.co.kr/news/6495170?utm_source=naver&utm_medium=article&utm_campaign=20260402021635
2026-04-02,"“자기야, 우리도 300만원 아껴볼까”…예비부부 사이서 유행 중인 ‘이...",0.0,0,0,https://www.sedaily.com/article/20027233?ref=naver
2026-04-02,"""우리 아이 첫돌 준비의 모든 것, 머큐어 마곡에서 확인하세요""",0.0,0,0,http://www.newsbrite.net/news/articleView.html?idxno=197277
2026-04-02,"이란 ""미국에 휴전 요청 안했다""…트럼프 주장 일축",0.0,0,0,https://www.nocutnews.co.kr/news/6495169?utm_source=naver&utm_medium=article&utm_campaign=20260402124034
2026-04-02,"하이원CC, 봄 시즌 전격 오픈...‘청정 고원 라운드’ 본격 시작",0.0,0,0,https://www.kwnews.co.kr/page/view/2026040110191973015
2026-04-02,SNS 없으면 불안? 주 평균 75분 '전국 3위',0.0,0,0,https://www.kado.net/news/articleView.html?idxno=2042233
2026-04-02,“대환대출 금리는 못내리고 샌드박스 성과만 훼손하나”,0.0,0,0,https://www.joongang.co.kr/article/25416840
2026-04-01,"[속보]이란 ""우리가 휴전 요청했다는 트럼프 말은 거짓""",0.0,0,0,https://www.nocutnews.co.kr/news/6495165?utm_source=naver&utm_medium=article&utm_campaign=20260401113234
2026-04-01,"이란 혁명수비대 ""호르무즈, 적에 열릴 일 없다""",0.0,0,0,https://www.nocutnews.co.kr/news/6495164?utm_source=naver&utm_medium=article&utm_campaign=20260401113134
2026-04-01,[위클리오늘] 경주시 소식(4. 1),0.0,0,0,http://www.weeklytoday.com/news/articleView.html?idxno=768804
2026-04-01,에이젠틱 AI 얼라이언스 출범식날 신임 NIA 원장 취임...상징성 더해,0.0,0,0,https://daily.hankooki.com/news/articleView.html?idxno=1354238
2026-04-01,"곡성군, 새내기 귀농인을 위한 농기계 실습교육 본격 추진",0.0,0,0,https://www.dailysportshankook.co.kr/news/articleView.html?idxno=426833
2026-04-01,"충북교육청, 공약이행 및 정보공개 평가 SA등급",0.0,0,0,https://www.nocutnews.co.kr/news/6495163?utm_source=naver&utm_medium=article&utm_campaign=20260401104833
2026-04-01,'돈봉투 의혹' 김관영 전북지사 제명…경선 자격 박탈,0.0,0,0,https://www.nocutnews.co.kr/news/6495160?utm_source=naver&utm_medium=article&utm_campaign=20260401104733
2026-04-01,"카카오헬스케어 '파스타', ""AI로 매 시간 혈압관리 기능 출시요!""",0.0,0,0,https://www.gametoc.co.kr/news/articleView.html?idxno=107545
2026-04-01,"[게시판] SKT, 'T멤버십 새단장' 고객 혜택 강화 ....LG유플러스, 유플투...",0.0,0,0,http://www.worktoday.co.kr/news/articleView.html?idxno=83302
2026-04-01,"트럼프 ""이란이 방금 휴전 요청…호르무즈 열리는지 볼 것""(종합)",0.0,0,0,https://www.nocutnews.co.kr/news/6495159?utm_source=naver&utm_medium=article&utm_campaign=20260401104233
2026-04-01,"고광헌 ""20만건 심의 적체, 신속 심의·플랫폼 협력으로 돌파""",0.261,1,0,https://zdnet.co.kr/view/?no=20260401183211
2026-04-01,"[리포트] 인터넷은행 3사, 지난해 엇갈린 성적표...""비이자수익 확대 시...",0.462,1,0,http://www.paxetv.com/news/articleView.html?idxno=267965
2026-04-01,서울정원박람회 5월 개막… 서울숲에 ‘기부정원’ 1만평,0.0,0,0,https://www.kmib.co.kr/article/view.asp?arcid=0029617965&code=61121111&cp=nv
2026-04-01,"트럼프 ""이란이 방금 휴전 요청…호르무즈 열리는지 볼 것""",0.0,0,0,https://www.nocutnews.co.kr/news/6495157?utm_source=naver&utm_medium=article&utm_campaign=20260401102033
2026-04-01,"경찰, '대구 캐리어 살인 사건' 딸·사위 구속영장 신청",0.0,0,0,https://www.nocutnews.co.kr/news/6495155?utm_source=naver&utm_medium=article&utm_campaign=20260401101633
2026-04-01,"[후보현안분석]이철우 경북지사 예비후보측, 허위정보 유포 고발…경선...",0.0,0,0,https://www.nspna.com/news/?mode=view&newsid=808426
2026-04-01,"브리타, 환불 보장 캠페인 ‘기술의 수준이 다르다’",0.0,0,0,https://sports.khan.co.kr/article/202604012208003?pt=nv
2026-04-01,"우버, 카카오모빌리티 인수 추진… IPO 막히더니 M&A도 '규제 벽'",0.0,0,0,https://www.greened.kr/news/articleView.html?idxno=338757
2026-04-01,"청와대 ""종량제봉투 구매 제한 없다…李대통령 지시""",0.0,0,0,https://www.nocutnews.co.kr/news/6495153?utm_source=naver&utm_medium=article&utm_campaign=20260401100333
2026-04-01,"제주항공·이태원·세월호 참사 유족들 ""사회적 재난 반복되지 않길""",0.0,0,0,https://www.nocutnews.co.kr/news/6495126?utm_source=naver&utm_medium=article&utm_campaign=20260401100034
2026-04-01,"고난받는 창조세계…""숲 훼손 미래가치 없애는 범죄""",0.0,0,0,https://www.nocutnews.co.kr/news/6495107?utm_source=naver&utm_medium=article&utm_campaign=20260401100033
2026-04-01,수용자 자녀들의 '부모를 만나러 가는 길',0.0,0,0,https://www.nocutnews.co.kr/news/6495124?utm_source=naver&utm_medium=article&utm_campaign=20260401100034
2026-04-01,"[속보]민주당, '현금 살포 의혹' 김관영 전북지사 전격 제명",0.0,0,0,https://www.nocutnews.co.kr/news/6495152?utm_source=naver&utm_medium=article&utm_campaign=20260401095933
2026-04-01,‘공정거래의 날’ 유공자 29명에 정부 포상,0.0,0,0,https://www.segye.com/newsView/20260401518987?OutUrl=naver
2026-04-01,"""父 조의금 계산 장면, 손까지 떨리더라"" 이희준, '악연' 회상",0.0,0,0,https://www.nocutnews.co.kr/news/6495151?utm_source=naver&utm_medium=article&utm_campaign=20260401094133
2026-04-01,"이철우 측 ""가짜뉴스 유포 엄정 대응""…허위사실 공표 혐의 고발",0.0,0,0,http://www.inews24.com/view/1956095
2026-04-01,민주당 대전시장 경선 토론회…부동산·트램 두고 충돌,0.0,0,0,https://www.nocutnews.co.kr/news/6495150?utm_source=naver&utm_medium=article&utm_campaign=20260401093433
2026-04-01,"출하량 많은데 품귀?…정부, 엔진오일 등 유통 범부처 점검",0.0,0,0,https://www.nocutnews.co.kr/news/6495148?utm_source=naver&utm_medium=article&utm_campaign=20260401092933
2026-04-01,[뱀피르 꿀팁] 대홍마 리전 '영역 침공' 개최 시간을 확인하세요,0.0,0,0,https://www.gamemeca.com/mv.php?inflow=naver_s&gid=1773534
2026-04-01,8일부터 민간차량 ‘공영주차장 5부제’…공공은 ‘홀짝제’로 강화,0.0,0,0,https://www.donga.com/news/Society/article/all/20260401/133655153/1
2026-04-01,"이철우 캠프, 가짜뉴스 유포자 2명 고발",0.0,0,0,https://www.idaegu.co.kr/news/articleView.html?idxno=543678
2026-04-01,"프로-스펙스, 축구화 헤리티지 담은 '노바' 출시",0.0,0,0,https://www.nocutnews.co.kr/news/6495147?utm_source=naver&utm_medium=article&utm_campaign=20260401092233
2026-04-01,김동연·한준호 '송곳 검증'…추미애 '방어·반격'이 교차한 2차 TV토론,0.0,0,0,https://www.nocutnews.co.kr/news/6495145?utm_source=naver&utm_medium=article&utm_campaign=20260401091833
2026-04-01,"'親트럼프' 르펜도 손절?…""트럼프, 이란전 후폭풍 몰랐나""",0.0,0,0,https://www.nocutnews.co.kr/news/6495146?utm_source=naver&utm_medium=article&utm_campaign=20260401091633
2026-04-01,"대웅제약, 이상지질혈증 복합제 '바로에젯정' 출시 外",0.0,0,0,http://www.newsmp.com/news/articleView.html?idxno=252474
2026-04-01,"""사진 한 장이면 끝""… 카카오모빌리티, 퀵·배송도 AI가 대신 접수",0.0,0,0,http://digitalchosun.dizzo.com/site/data/html_dir/2026/04/01/2026040180213.html
2026-04-01,"'학교급식 SNS로 알린다'…충북교육청, 맛집소개 크리에이터와 업무협약",0.0,0,0,https://www.nocutnews.co.kr/news/6495142?utm_source=naver&utm_medium=article&utm_campaign=20260401090333
2026-04-01,"보테가 베네타, 베니스서 로나 심슨 개인전 단독 후원",0.0,0,0,https://www.nocutnews.co.kr/news/6495143?utm_source=naver&utm_medium=article&utm_campaign=20260401090332
2026-04-01,"KOMSA, ‘공공데이터 제공·운영 실태평가’ 2년 연속 최고등급",0.0,0,0,https://www.busan.com/view/busan/view.php?code=2026040120555976845
2026-04-01,"이철우 경북도지사 예비후보, 가짜뉴스 유포자 경북경찰청에 고발",0.0,0,0,https://www.ksmnews.co.kr/news/view.php?idx=598179
2026-04-01,'전화 한 통으로 치매 예방'...달서구 ‘AI 기억콜’ 서비스 시작,0.0,0,0,https://www.ksmnews.co.kr/news/view.php?idx=598249
2026-04-01,서청주청소년상담복지센터 청소년복지실무위원회 분과위원회 개최,0.0,0,0,http://www.cctimes.kr/news/articleView.html?idxno=899772
2026-04-01,국힘 공천결과에 또 가처분 신청…이번엔 吳 추가접수 문제삼아,0.0,0,0,https://www.nocutnews.co.kr/news/6495138?utm_source=naver&utm_medium=article&utm_campaign=20260401083932
2026-04-01,서울에서 살해 후 충북에 시신유기 시도한 60대 전남편 구속,0.0,0,0,https://www.nocutnews.co.kr/news/6495137?utm_source=naver&utm_medium=article&utm_campaign=20260401083333
2026-04-01,"한국음악콘텐츠협회, 한국대중음악산업협회(KPIA)로 협회명 개칭",0.0,0,0,https://www.gukjenews.com/news/articleView.html?idxno=3546525
2026-04-01,"카카오, 지역 인재 양성 '카카오테크 캠퍼스 4기' 모집 … AI 중심으로 ...",0.0,0,0,http://www.worktoday.co.kr/news/articleView.html?idxno=83297
2026-04-01,"[농업이야기]'에즈티스', 농업을 바꾸는 플랫폼",0.0,0,0,https://www.gnnews.co.kr/news/articleView.html?idxno=633979
2026-04-01,"'똑소리' 이소영 ""李정부서 GTX-C 공사비 문제 풀었다""",0.0,0,0,https://www.nocutnews.co.kr/news/6495136?utm_source=naver&utm_medium=article&utm_campaign=20260401081032
2026-04-01,"경주 청년감성상점, 여행객 겨냥 특별 이벤트 선보인다",0.0,0,0,https://www.dkilbo.com/news/articleView.html?idxno=539483
2026-04-01,"무신사, 지난해 영업이익 1405억원…사상 최대",0.583,1,0,https://www.nocutnews.co.kr/news/6495135?utm_source=naver&utm_medium=article&utm_campaign=20260401080632
2026-04-01,'샤이닝' 작·감·배 PICK 명장면·명대사 공개,0.0,0,0,http://enews.imbc.com/News/RetrieveNewsInfo/500099
2026-04-01,"""이 글은 제목만 잘 잡으면"" 아부쟁이 챗GPT의 설레발",0.0,0,0,https://www.ohmynews.com/NWS_Web/View/at_pg.aspx?CNTN_CD=A0003216973&CMPT_CD=P0010&utm_source=naver&utm_medium=newsearch&utm_campaign=naver_news
2026-04-01,"정동영, 'EU 중재 2+1 남북정치대화 구상' 제안(종합)",0.0,0,0,https://www.nocutnews.co.kr/news/6495134?utm_source=naver&utm_medium=article&utm_campaign=20260401080332
2026-04-01,"안호영 ""상임위원장 사임계 제출""…단일화에 힘 쏟나",0.0,0,0,https://www.nocutnews.co.kr/news/6495133?utm_source=naver&utm_medium=article&utm_campaign=20260401080032
2026-04-01,"곡성군, 새내기 귀농인을 위한 농기계 실습교육 본격 추진 - 직접 체험 ...",0.0,0,0,http://www.paxetv.com/news/articleView.html?idxno=267857
2026-04-01,"신곡 ‘애증’ 발매 D-1 한로로, ‘그린캠프페스티벌 2026’ 데뷔 후 첫...",0.0,0,0,https://sports.khan.co.kr/article/202604011954003?pt=nv
2026-04-01,"족집게 기상학자 김해동 ""올여름 굉장히 고온다습…연말엔 슈퍼 엘리뇨...",0.0,0,0,https://www.nocutnews.co.kr/news/6495130?utm_source=naver&utm_medium=article&utm_campaign=20260401075232
2026-04-01,자원위기 '경계' 격상…공공 '2부제'·공영주차 '5부제' 시행,0.322,1,0,http://www.newstomato.com/ReadNews.aspx?no=1296462&inflow=N
2026-04-01,"게임의 즐거움 전한다, 카카오게임즈·세이브더칠드런 맞손",0.0,0,0,https://www.gamemeca.com/mv.php?inflow=naver&gid=1773557
2026-04-01,"최경환 선거캠프, 이철우 경북도지사 예비후보 지지선언",0.0,0,0,https://www.nocutnews.co.kr/news/6495128?utm_source=naver&utm_medium=article&utm_campaign=20260401074732
2026-04-01,"‘첫 흑자’ 카카오페이, 신원근號 AI 전략 본격화…과제는 금융소비자...",0.762,2,0,https://sateconomy.co.kr/news/view/1065607926362947
2026-04-03,"""수십 년 참았는데 '또'…지방이 전력 식민지냐""",0.0,0,0,https://www.nocutnews.co.kr/news/6495947?utm_source=naver&utm_medium=article&utm_campaign=20260403060549
2026-04-03,이재용 주식재산 31조… 1분기에만 5조 ↑,0.0,0,0,https://www.segye.com/newsView/20260402517589?OutUrl=naver
2026-04-03,‘붉은사막’이 쏘아올린 K-게임 지각변동… 콘솔 시대 열리나,0.0,0,0,https://www.dnews.co.kr/uhtml/view.jsp?idxno=202604021448356460767
2026-04-03,"""분양 광고와 달라도 입주 못할 정도 아니면 계약 못 깬다""",0.0,0,0,https://www.nocutnews.co.kr/news/6495572?utm_source=naver&utm_medium=article&utm_campaign=20260403060049
2026-04-03,올해 1분기 케이-푸드 플러스 수출 33.5억 달러…전년 대비 3.5% 증가,0.0,0,0,https://www.nocutnews.co.kr/news/6495616?utm_source=naver&utm_medium=article&utm_campaign=20260403060050
2026-04-03,공공부문 성희롱·성폭력 사건처리 매뉴얼 개정·배포,0.0,0,0,https://www.nocutnews.co.kr/news/6495718?utm_source=naver&utm_medium=article&utm_campaign=20260403060051
2026-04-03,'1520원 육박' 치솟는 환율에 불안감 커져..당국 대응은,0.0,0,0,https://www.nocutnews.co.kr/news/6495769?utm_source=naver&utm_medium=article&utm_campaign=20260403060052
2026-04-03,"'아빠! 어디가?' 송종국 딸 송지아의 첫 KLPGA 출전 ""LPGA 투어가 목표예...",0.0,0,0,https://www.nocutnews.co.kr/news/6495918?utm_source=naver&utm_medium=article&utm_campaign=20260403060052
2026-04-03,"서울교육청, '영유아 교육·보육 통합 기반 조성' 본격 추진",0.0,0,0,https://www.nocutnews.co.kr/news/6495702?utm_source=naver&utm_medium=article&utm_campaign=20260403060051
2026-04-03,"""계열사 기술 역량 결집""…정신아 2기 카카오, 글로벌서 판 키운다",0.0,0,0,https://www.dailian.co.kr/news/view/1629018/?sc=Naver
2026-04-03,"'김건희 집사' 김예성 2심, 오늘 첫 공판…변론 종결 예정",0.0,0,0,https://www.newsis.com/view/NISX20260402_0003575842
2026-04-03,"삼성 ""자산관리 최강자 노하우, 끊김없는 투자로 연결"" [증시 MTS 열전 ③...",0.0,0,0,https://it.chosun.com/news/articleView.html?idxno=2023092159474
2026-04-03,카톡 'SNS형 친구탭' 다시 띄웠다…이용자·카톡 '동상이몽',0.0,0,0,https://www.ebn.co.kr/news/articleView.html?idxno=1704228
2026-04-03,새 사령탑 맞은 카카오엔터…'플랫폼 X IP'로 글로벌 '정조준',0.0,0,0,https://www.dailian.co.kr/news/view/1628995/?sc=Naver
2026-04-03,"트럼프, 팸 본디 경질…정적 수사와 엡스타인 건 불만인 듯",0.0,0,0,https://www.nocutnews.co.kr/news/6495950?utm_source=naver&utm_medium=article&utm_campaign=20260403060849
2026-04-03,접경지 경제 및 SOC 사업 한기호 국회의원 ｜#헬로이슈토크 #헬로tv뉴스,0.0,0,0,http://news.lghellovision.net/news/articleView.html?idxno=539111
2026-04-03,與 초대 전남광주특별시장 후보는 누구?…3∼5일 본경선,0.0,0,0,https://www.news1.kr/local/gwangju-jeonnam/6123406
2026-04-03,[칼럼]호르무즈 판 '마스가' 프로젝트 짜내야,0.0,0,0,https://www.nocutnews.co.kr/news/6495604?utm_source=naver&utm_medium=article&utm_campaign=20260403052049
2026-04-03,"15년 전세 끝낸 유재석, ‘285억 현금’으로 ‘논현동 펜트하우스 벨트...",0.0,0,0,https://www.segye.com/newsView/20260331519748?OutUrl=naver
2026-04-03,"""문화 소외계층 없앤다"" 경기문화재단, 31개 시·군과 '문화누리카드 활...",0.0,0,0,https://www.cstimes.com/news/articleView.html?idxno=700660
2026-04-03,"트럼프 ""이란, 너무 늦기 전에 합의해야""…연일 압박 계속",0.0,0,0,https://www.nocutnews.co.kr/news/6495949?utm_source=naver&utm_medium=article&utm_campaign=20260403060749
2026-04-03,[단독] 법정시간 초과해 일 시키고…카카오 ‘이중장부’로 숨겼다,0.0,0,0,https://www.hani.co.kr/arti/economy/it/1252463.html
2026-04-03,동대문 상권 ‘코스’로 즐기는 ‘슈퍼패스’,0.0,0,0,https://www.seoul.co.kr/news/publicnews/local_govern/news_local/2026/04/03/20260403019001?wlog_tag3=naver
2026-04-03,정박 내내 매연 내뿜는 크루즈…대기오염 대책 없다,0.0,0,0,https://www.nocutnews.co.kr/news/6495487?utm_source=naver&utm_medium=article&utm_campaign=20260403050049
2026-04-03,"""느리면 좀 어때?""…정부 비어 있는 자리, 부모들이 채웠다",0.0,0,0,https://www.nocutnews.co.kr/news/6495801?utm_source=naver&utm_medium=article&utm_campaign=20260403050050
2026-04-03,"뒤집힌 성범죄 수사…""보완수사, 피해자 보호 최소 장치""",0.0,0,0,https://www.nocutnews.co.kr/news/6495934?utm_source=naver&utm_medium=article&utm_campaign=20260403050054
2026-04-03,"[단독]방첩사, 소송 참여 이유로 군법무관에 ""인사 부적격""",-0.38,0,1,https://www.nocutnews.co.kr/news/6495930?utm_source=naver&utm_medium=article&utm_campaign=20260403050053
2026-04-03,"트럼프 '총공세' 선언…韓정부, 전쟁 장기화 본격 대비",0.0,0,0,https://www.nocutnews.co.kr/news/6495784?utm_source=naver&utm_medium=article&utm_campaign=20260403050050
2026-04-03,"""얌마"" ""행님""…정파 넘어선 김부겸-홍준표 30년 인연",0.0,0,0,https://www.nocutnews.co.kr/news/6495849?utm_source=naver&utm_medium=article&utm_campaign=20260403050051
2026-04-03,"""생계에 직격탄""…차량5부제 확대 논의에 시민들 발동동",0.0,0,0,https://www.nocutnews.co.kr/news/6495915?utm_source=naver&utm_medium=article&utm_campaign=20260403050051
2026-04-03,"국힘, 서울시장 공천도 당규 위반 논란…차질 빚나",0.0,0,0,https://www.nocutnews.co.kr/news/6495927?utm_source=naver&utm_medium=article&utm_campaign=20260403050052
2026-04-03,호르무즈 각자도생하라는 美…고립된 韓선박 26척은?,0.0,0,0,https://www.nocutnews.co.kr/news/6495928?utm_source=naver&utm_medium=article&utm_campaign=20260403050052
2026-04-03,트럼프 배신에 '기름 절벽'…산업계에 번지는 '5월 위기설',0.0,0,0,https://www.nocutnews.co.kr/news/6495873?utm_source=naver&utm_medium=article&utm_campaign=20260403045049
2026-04-03,"인천경제청, ‘아기유니콘’ 20곳 더 키운다",0.0,0,0,https://www.donga.com/news/Society/article/all/20260403/133665282/2
2026-04-03,"[따뜻한 동행④] 토스뱅크, '포용'이 곧 '수익'…이은미 대표 연임으로...",0.0,0,0,https://www.pointdaily.co.kr/news/articleView.html?idxno=299501
2026-04-03,"IT·게임업계 ""야구 '팬덤' 우리가 잡는다""",0.0,0,0,https://www.mt.co.kr/tech/2026/04/03/2026040219291731189
2026-04-03,"출시 1년 베리즈, 예능·드라마·스포츠까지 담았다",0.0,0,0,https://www.kmib.co.kr/article/view.asp?arcid=1775112844&code=13180000&cp=nv
2026-04-03,"정읍시, 5월 31일까지 '지방세 체납액 특별 징수' 돌입",0.0,0,0,http://www.jeonmin.co.kr/news/articleView.html?idxno=437176
2026-04-03,골목이 떠야 지역상권이 큰다[기고/이병선],0.0,0,0,https://www.donga.com/news/Economy/article/all/20260402/133665074/2
2026-04-03,[데스크 칼럼] 또 '외부 개혁' 앞둔 통신3사,0.0,0,0,https://www.hankyung.com/article/2026040253451
2026-04-03,중동전쟁 불똥 튄 울산 선거판…선거용품 확보 비상,0.0,0,0,https://www.ksilbo.co.kr/news/articleView.html?idxno=1053066
2026-04-03,"테슬라보다 정교하게…벤츠, 신형EQS에 '디지털 핸들' 달다",0.0,0,0,https://www.nocutnews.co.kr/news/6495890?utm_source=naver&utm_medium=article&utm_campaign=20260403120048
2026-04-02,"중동전 장기화…충남도, 정부 추경 전 중소기업·소상공인 지원",0.0,0,0,https://www.nocutnews.co.kr/news/6495945?utm_source=naver&utm_medium=article&utm_campaign=20260402115848
2026-04-02,"[기업공시] 현대로템, 고려아연, GS건설, 오르비텍, 카카오게임즈, 한화...",0.0,0,0,https://www.kdpress.co.kr/news/articleView.html?idxno=203937
2026-04-02,스테이블코인 결제 x402재단 출범...카카오페이 합류,0.0,0,0,https://www.mk.co.kr/article/12006784
2026-04-02,"""경험 부족해""vs""아는 게 병""…박형준-주진우 2차 토론서 격론",0.0,0,0,https://www.nocutnews.co.kr/news/6495940?utm_source=naver&utm_medium=article&utm_campaign=20260402115048
2026-04-02,"관광객 북적이는 DDP·동대문, ‘슈퍼패스’로 오래 머무는 ‘핫플’ 등...",0.0,0,0,https://www.sedaily.com/article/20027795?ref=naver
2026-04-02,'검증'으로 포장된 '네거티브' 공방…민주당 충남지사 경선 토론회,0.0,0,0,https://www.nocutnews.co.kr/news/6495937?utm_source=naver&utm_medium=article&utm_campaign=20260402112848
2026-04-02,민주당 광주 남구청장 경선 김병내 승리…북구는 신수정·정다은 결선으...,0.0,0,0,https://www.nocutnews.co.kr/news/6495938?utm_source=naver&utm_medium=article&utm_campaign=20260402112748
2026-04-02,그룹 총수 1분기 주식재산 10조↑…이재용 '미소'·김범수 '울상',-0.462,0,1,https://www.goodkyung.com/news/articleView.html?idxno=285355
2026-04-02,"국민의힘 김영환·이범석 '컷오프' 철회…""상처만 남은 원점""",0.0,0,0,https://www.nocutnews.co.kr/news/6495933?utm_source=naver&utm_medium=article&utm_campaign=20260402111748
2026-04-02,'농지은행 편해졌다'… 농지은행 디지털 서비스 개편,0.0,0,0,http://www.youngnong.co.kr/news/articleView.html?idxno=58453
2026-04-02,"루이비통, 신세계 더 리저브에 '워치 & 주얼리' 매장 열어",0.0,0,0,https://www.nocutnews.co.kr/news/6495929?utm_source=naver&utm_medium=article&utm_campaign=20260402104847
2026-04-02,"골든구스, '마라톤 스피드' 아시아 선공개... 컬러로 승부수",0.0,0,0,https://www.stnsports.co.kr/news/articleView.html?idxno=314912
2026-04-02,"김병기, 수사 지연 논란에 ""무슨 말씀을""…추가 조사 방침(종합)",0.0,0,0,https://www.nocutnews.co.kr/news/6495925?utm_source=naver&utm_medium=article&utm_campaign=20260402102247
2026-04-02,"프로야구 SSG, '가나디'와 컬래버 MD 출시",0.0,0,0,http://www.hansbiz.co.kr/news/articleView.html?idxno=830010
2026-04-02,[보험 뉴스브리핑] KB라이프 '골든라이프 딱좋은 간병보험' 출시,0.0,0,0,https://www.asiatime.co.kr/article/20260402500424
2026-04-02,"내란특검, '비화폰 삭제 혐의' 前경호처장에 징역 3년 구형",0.0,0,0,https://www.nocutnews.co.kr/news/6495924?utm_source=naver&utm_medium=article&utm_campaign=20260402100747
2026-04-02,"""호르무즈 봉쇄로 세계 석유 공급, 수요 대비 10% 차단""",0.0,0,0,https://www.nocutnews.co.kr/news/6495923?utm_source=naver&utm_medium=article&utm_campaign=20260402100547
2026-04-02,"충남신용보증재단, 6개 시중은행과 충남 중소기업 성장지원을 위한 협약...",0.322,1,0,https://www.ccdailynews.com/news/articleView.html?idxno=2407787
2026-04-02,"가평군, 음악역1939서 '봄밤 피크닉' 첫 콘서트 개최",0.0,0,0,https://www.cnbnews.com/news/article.html?no=787329
2026-04-02,새학기 '단체 채팅방' 주의보 왜?,0.0,0,0,http://www.cctimes.kr/news/articleView.html?idxno=900013
2026-04-02,'다윗과 골리앗' 싸움 홍천 풍천리 주민들…양수발전소 반대 8년 투쟁,0.0,0,0,https://www.nocutnews.co.kr/news/6495894?utm_source=naver&utm_medium=article&utm_campaign=20260402100047
2026-04-02,"법무부 ""박상용 검사 진상조사 진행 중…징계시효 전 결론""",0.0,0,0,https://www.nocutnews.co.kr/news/6495922?utm_source=naver&utm_medium=article&utm_campaign=20260402095747
2026-04-02,"유은혜·안민석·성기선·박효진 '첫 격돌'…토론회, 4·5일 유튜브 공개",0.0,0,0,https://www.kpinews.kr/newsView/1065616633930701
2026-04-02,'비전 없는' 국힘 경북지사 비전토론?…흠집내기 네거티브 일관,0.0,0,0,https://www.nocutnews.co.kr/news/6495921?utm_source=naver&utm_medium=article&utm_campaign=20260402094547
2026-04-02,"KB국민은행, 국내 최초 한국-인도네시아 간 QR결제 서비스 출시 外",0.261,1,0,https://www.rcast.co.kr/news/articleView.html?idxno=30435
2026-04-02,군위문화관광재단 전국 어린이 그림대회 개최,0.0,0,0,http://www.hansbiz.co.kr/news/articleView.html?idxno=830013
2026-04-02,"경기남부청, '정부 달러 강제매각' 가짜뉴스 엄정 대응 예고",0.0,0,0,https://www.nocutnews.co.kr/news/6495916?utm_source=naver&utm_medium=article&utm_campaign=20260402092147
2026-04-02,"티오더, 업계 최대 규모 빅데이터 학습한 소상공인 AI ‘티오더GPT’ 베...",0.0,0,0,https://sports.khan.co.kr/article/202604022113003?pt=nv
2026-04-02,"이재명 대통령, 미국 상원의원단 접견‥'빵' 터진 직후 '전작권 환수' 언...",0.0,0,0,https://www.nocutnews.co.kr/news/6495914?utm_source=naver&utm_medium=article&utm_campaign=20260402090847
2026-04-02,"대전시, ""시민 안전이 최우선""···천변도로 통제 따른 '교통 소통 추가...",0.0,0,0,http://www.paxetv.com/news/articleView.html?idxno=268192
2026-04-02,"충남지노위, 자산관리공사 등 4개 공공기관에 ""노봉법상 사용자 맞다""",0.0,0,0,https://www.nocutnews.co.kr/news/6495907?utm_source=naver&utm_medium=article&utm_campaign=20260402084746
2026-04-02,"멜론 트랙제로, ‘4월의 아티스트’로 인디 씬 다층적 소리꾼 ‘놀이도...",0.0,0,0,https://sports.khan.co.kr/article/202604022046003?pt=nv
2026-04-02,"제4회 3964 전국 어린이 그림대회, ‘봄의 축제’로 새 단장",0.0,0,0,https://www.ksmnews.co.kr/news/view.php?idx=598428
2026-04-02,"[속보]노동위, 노봉법 이후 공공기관 원청 사용자성 첫 인정",0.0,0,0,https://www.nocutnews.co.kr/news/6495906?utm_source=naver&utm_medium=article&utm_campaign=20260402083546
2026-04-02,"대전시, 천변 도시고속화 도로 교통 대책 발표",0.0,0,0,https://www.kukinews.com/article/view/kuk202604020219
2026-04-02,"안산시, 생계형 체납자 ‘분할 납부·처분 유예’ 등 맞춤형 지원 전개",0.0,0,0,https://www.nspna.com/news/?mode=view&newsid=808573
2026-04-02,"현대차그룹, 뉴욕 오토쇼서 SUV 야심작 3종 공개…美시장 공략 가속",0.0,0,0,https://www.nocutnews.co.kr/news/6495905?utm_source=naver&utm_medium=article&utm_campaign=20260402083047
2026-04-02,"국힘 ""충북지사 공천 원점으로…김영환 포함 경선""",0.0,0,0,https://www.nocutnews.co.kr/news/6495904?utm_source=naver&utm_medium=article&utm_campaign=20260402082646
2026-04-02,"오중기 ""대통령 등 정부와 소통 가능…김부겸과도 소통 중""",0.0,0,0,https://www.nocutnews.co.kr/news/6495903?utm_source=naver&utm_medium=article&utm_campaign=20260402082247
2026-04-02,"조현, 日외무상과 통화…""호르무즈 항행·안전 보장 중요""",0.0,0,0,https://www.nocutnews.co.kr/news/6495901?utm_source=naver&utm_medium=article&utm_campaign=20260402080747
2026-04-02,"""원화 스테이블코인의 승부처는 결제가 아닌 트레이딩""…KRWQ COO 데이브...",0.322,1,0,https://www.tokenpost.kr/news/insights/345739
2026-04-02,"""매장운영 효율↑"" 자영업자 위한 AI 비서…'티오더GPT' 출시",0.0,0,0,https://www.mt.co.kr/future/2026/04/02/2026040215360025281
2026-04-02,"""지도 경계 왜 어긋났나"" 의성군, 연속지적도 전면 정비 착수",0.0,0,0,https://www.kyongbuk.co.kr/news/articleView.html?idxno=4068967
2026-04-02,"카카오페이손보, 봄 골프 시즌 맞아 '보험료 10% 환급' 이벤트 재개",0.0,0,0,https://www.insnews.co.kr/news/articleView.html?idxno=90029
2026-04-02,"“전 세계 밍들레와 더 가까이” 라이징 스타 김민주, 베리즈서 첫 공식...",0.0,0,0,https://sports.khan.co.kr/article/202604021951003?pt=nv
2026-04-02,AI 조작 이미지까지 등장…민주당 나주시장 경선 앞두고 '혼탁' 양상,0.0,0,0,https://www.pressian.com/pages/articles/2026040219283888437?utm_source=naver&utm_medium=search
2026-04-02,"김진균 충북교육감 예비후보 ""유아교육부터 AI교육 출발점 되도록""",0.0,0,0,https://www.nocutnews.co.kr/news/6495900?utm_source=naver&utm_medium=article&utm_campaign=20260402074446
2026-04-02,"어느 AI가 '쇼핑 똑똑이'냐...롯데는 제미나이, 아모레·올영은 GPT 손잡...",0.0,0,0,https://www.hankyung.com/article/202604024285i
2026-04-02,"박형준 ""전재수, 부끄러움 없는 모습으로 나서야…리스크 안고 시정할 ...",0.0,0,0,https://www.nocutnews.co.kr/news/6495898?utm_source=naver&utm_medium=article&utm_campaign=20260402073946
2026-04-02,[브리프] 하나금융 국민은행 신한은행 농협은행 기업은행 外,0.261,1,0,http://www.biztribune.co.kr/news/articleView.html?idxno=351753
2026-04-02,"박지원 ""국힘 할 일 없는 두 사람, 장동혁·한동훈...이상하게 망가져, ...",0.0,0,0,https://www.ikbc.co.kr/article/view/kbc202604020062
2026-04-02,"때 아닌 카카오모빌리티 매각설?…우버 ""확인 불가""",0.0,0,0,https://www.ddaily.co.kr/page/view/2026040215362511385
2026-04-02,"""본선보다 치열"" 민주당 충북지사 최종 후보는…부동층 결집 올인",0.0,0,0,https://www.nocutnews.co.kr/news/6495896?utm_source=naver&utm_medium=article&utm_campaign=20260402072745
2026-04-02,"서울시교육청, '청렴 문화 원년' 선포…종합청렴도 1등급 목표",0.0,0,0,http://www.inews24.com/view/1956391
2026-04-02,[브리프] 현대차 기아 제네시스 현대차 르노코리아 한국타이어 카카오모...,0.0,0,0,http://www.biztribune.co.kr/news/articleView.html?idxno=351745
2026-04-02,호르무즈 통항 재개돼도 정상화 최대 2년…유조선 병목 우려,0.0,0,0,https://www.news1.kr/local/busan-gyeongnam/6123848
2026-04-02,단 하루 남았다…시청률 0%대→연출 논란 후 끝내 종영하는 韓 드라마 ...,0.0,0,0,https://www.tvreport.co.kr/broadcast/article/1024301/
2026-04-02,"김성근 충북교육감 예비후보 ""세계가 찾는 글로벌 AI 교육수도로""",0.0,0,0,https://www.nocutnews.co.kr/news/6495893?utm_source=naver&utm_medium=article&utm_campaign=20260402072044
2026-04-03,다리잃는 사고뒤 제2의 삶… “‘주되 잊어라’ 새기며 1년내내 의료봉...,0.0,0,0,https://www.munhwa.com/article/11579544?ref=naver
2026-04-03,"중동전쟁 장기화에 공급망 비상…구윤철 ""규제 풀어 신속 대응""",0.0,0,0,https://www.nocutnews.co.kr/news/6495999?utm_source=naver&utm_medium=article&utm_campaign=20260403091651
2026-04-03,"강원교육청, 테마학습여행 지원단 역량 강화 연수",0.0,0,0,https://www.nocutnews.co.kr/news/6496001?utm_source=naver&utm_medium=article&utm_campaign=20260403091653
2026-04-03,"""방금 대통령과 통화했어요"" 우즈, 체포 당시 경찰 보디캠 영상 공개",0.0,0,0,https://www.nocutnews.co.kr/news/6495998?utm_source=naver&utm_medium=article&utm_campaign=20260403091551
2026-04-03,"웍스피어, 무료 온라인 컨퍼런스 'JOBKOREA DEVCON' 개최...""AI시대 개발...",0.0,0,0,http://www.paxetv.com/news/articleView.html?idxno=268206
2026-04-03,"""금융의 모든 질문에 답하다""…카카오뱅크, 공식 블로그 'answer' 개설",0.0,0,0,https://www.thefairnews.co.kr/news/articleView.html?idxno=73331
2026-04-03,"부산교육청, 데이터라벨러 양성 등 장애학생 맞춤형 직업교육 강화",0.0,0,0,https://www.nocutnews.co.kr/news/6495997?utm_source=naver&utm_medium=article&utm_campaign=20260403091350
2026-04-03,"경기문화재단, 문화누리카드 활성화 논의…시·군 정담회 개최",0.0,0,0,http://www.metroseoul.co.kr/article/20260402500763
2026-04-03,"""시끄럽고, 위험하고, 사람 못 구해""…'모듈러 공법' 활성화되나?",0.0,0,0,https://www.nocutnews.co.kr/news/6495995?utm_source=naver&utm_medium=article&utm_campaign=20260403091251
2026-04-03,"경남도, 중국서 150억 외자 유치…올해 첫 중국 기업 투자 물꼬",0.0,0,0,https://www.nocutnews.co.kr/news/6495992?utm_source=naver&utm_medium=article&utm_campaign=20260403090751
2026-04-03,"경북도, 신규 상품개발 지원 사업 참여 기업 모집",0.0,0,0,https://www.nocutnews.co.kr/news/6495988?utm_source=naver&utm_medium=article&utm_campaign=20260403090750
2026-04-03,"새벽청소하던 환경미화원, 음주운전 차량에 치여 숨져",0.0,0,0,https://www.nocutnews.co.kr/news/6495985?utm_source=naver&utm_medium=article&utm_campaign=20260403090651
2026-04-03,"차로 달리던 자전거, 트럭과 충돌…60대 운전자 사망",0.0,0,0,https://www.nocutnews.co.kr/news/6495989?utm_source=naver&utm_medium=article&utm_campaign=20260403090651
2026-04-03,골프연습장협회-스마틱스 연습장산업 활성화 MOU,0.0,0,0,http://www.golfin.co.kr/news/articleView.html?idxno=7643
2026-04-03,"빅테크는 '기본', 카드사는 '선택'…유연근무 격차 확연",0.0,0,0,http://www.hansbiz.co.kr/news/articleView.html?idxno=829754
2026-04-03,"덴마크가 선택한 K유산균 듀오락, 판매 ‘1위 기념 감사제’ 연다",0.0,0,0,http://www.fnnews.com/news/202604030856248091
2026-04-03,"부울경, 정부 균형발전 전략 대응 첫발…초광역 협력사업 발굴 TF 가동",0.0,0,0,https://www.nocutnews.co.kr/news/6495983?utm_source=naver&utm_medium=article&utm_campaign=20260403085850
2026-04-03,"울산시 상수도요금, 전자고지 신청하면 매달 200원 할인",0.0,0,0,http://www.hansbiz.co.kr/news/articleView.html?idxno=830108
2026-04-03,대전시 “천변도시고속화도로 전면 통제… ‘교통대란 차단’ 총력전”,0.0,0,0,https://cc.newdaily.co.kr/site/data/html/2026/04/03/2026040300048.html
2026-04-03,"이상근 고성군수 재선 도전 선언 ""행복도시 고성 완성""",0.0,0,0,https://www.nocutnews.co.kr/news/6495975?utm_source=naver&utm_medium=article&utm_campaign=20260403085250
2026-04-03,"1만원으로 11만원 문화 혜택…부산청년문화패스, 전시까지 품었다",0.0,0,0,https://www.nocutnews.co.kr/news/6495979?utm_source=naver&utm_medium=article&utm_campaign=20260403085252
2026-04-03,"중기 대구본부, 차세대 CEO스쿨 입문과정 참가자 모집",0.0,0,0,https://www.nocutnews.co.kr/news/6495978?utm_source=naver&utm_medium=article&utm_campaign=20260403085251
2026-04-03,"케이뱅크 주가, 카카오뱅크 전철 밟나",-0.38,0,1,http://www.globalepic.co.kr/view.php?ud=2026040308423766777cc35ccc5c_29
2026-04-03,"하츠웨이브, 데뷔곡 'NINETEEN' 티저 공개…'유스 팝-록' 질주 초읽기",0.0,0,0,https://www.nc.press/news/articleView.html?idxno=611787
2026-04-03,"봄, 드라마 판이 다시 움직인다! 4월 기대작 3",0.0,0,0,http://www.movist.com/movist3d/view.asp?type=13&id=atc000000012799
2026-04-03,"'현금 살포' 김관영 전북지사, 민주당 제명 반발…가처분 신청",0.0,0,0,https://www.nocutnews.co.kr/news/6495971?utm_source=naver&utm_medium=article&utm_campaign=20260403084550
2026-04-03,'비거리 승부' 골프 새 트렌드… 'KLD X 삼대오백 장타대회' 개최,0.0,0,0,https://www.bzeronews.com/news/articleView.html?idxno=815413
2026-04-03,"HS화성, 울산신정 공공지원 민간임대주택 개발 사업 참여",0.0,0,0,https://www.nocutnews.co.kr/news/6495970?utm_source=naver&utm_medium=article&utm_campaign=20260403084350
2026-04-03,"""허위사실 유포·공익제보자 징계 중단하라""",0.0,0,0,http://www.ikpnews.net/news/articleView.html?idxno=70057
2026-04-03,"[부산 브리핑 모음(4월3일)] 부산항만공사, 중동 전쟁 장기화 대비 부산...",0.0,0,0,https://www.dnews.co.kr/uhtml/view.jsp?idxno=202604022140170100826
2026-04-03,"""장애인에게 양질의 일자리를""…부산시, 'B-일사천리 프로젝트' 시동",0.0,0,0,https://www.nocutnews.co.kr/news/6495968?utm_source=naver&utm_medium=article&utm_campaign=20260403083751
2026-04-03,"울산시, 상수도요금 전자고지 신청 시 매월 200원 할인",0.0,0,0,https://www.pinpointnews.co.kr/news/articleView.html?idxno=442438
2026-04-03,고환율에 3월 외환보유액 40억달러…11개월만에 최대폭,0.0,0,0,https://www.nocutnews.co.kr/news/6495966?utm_source=naver&utm_medium=article&utm_campaign=20260403083750
2026-04-03,"[오늘종영] '샤이닝' 박진영x김민주 ""사람 사이 '좋은 결말', 닿을 수 있...",0.0,0,0,http://www.joynews24.com/view/1956600
2026-04-03,"박진영 ""좋은 결말, 여러분께도 닿기를""…'샤이닝' 마지막 관전 포인트",0.0,0,0,https://www.topstarnews.net/news/articleView.html?idxno=16024346
2026-04-03,"중진공, 기술력 뛰어난 유망 中企 민간 투자 유치 지원",0.0,0,0,https://www.nocutnews.co.kr/news/6495965?utm_source=naver&utm_medium=article&utm_campaign=20260403083050
2026-04-03,'샤이닝' OST 전곡 앨범 발매…정세운·수빈 등 가창곡 10곡+스코어 31곡,0.0,0,0,https://www.slist.kr/news/articleView.html?idxno=728870
2026-04-03,"'글로벌 밴드' 하츠웨이브, 타이틀곡 '나인틴' 뮤비 티저 공개",0.0,0,0,https://www.newspim.com/news/view/20260403000061
2026-04-03,"박진영X김민주 주연 '샤이닝', 오늘(3일) 정오 OST 앨범 전곡 발매…청춘...",0.0,0,0,https://www.stardailynews.co.kr/news/articleView.html?idxno=530303
2026-04-03,"인천세종병원, 건강·안전망 강화 위해 단체들과 '맞손'",0.0,0,0,https://www.nocutnews.co.kr/news/6495964?utm_source=naver&utm_medium=article&utm_campaign=20260403082351
2026-04-03,"푸마, 성수에 국내 첫 스니커즈 특화매장 '스니커 박스' 오픈",0.0,0,0,https://www.slist.kr/news/articleView.html?idxno=728859
2026-04-03,"부산시, 서부산스마트밸리서 제6차 혁신성장 릴레이 간담회",0.322,1,0,https://www.nocutnews.co.kr/news/6495963?utm_source=naver&utm_medium=article&utm_campaign=20260403082350
2026-04-03,"“카카오, AI 수익화 시간 필요하지만 가능성 보여” 목표가↓",-0.322,0,1,https://www.mk.co.kr/article/12006911
2026-04-03,"'소통마루' 출범 소진공 ""소상공인 협·단체와 소통 강화""",0.0,0,0,https://www.nocutnews.co.kr/news/6495961?utm_source=naver&utm_medium=article&utm_campaign=20260403082251
2026-04-03,해경이 미성년자 성매매 시도…함정 수사에 딱 걸렸다,0.0,0,0,https://www.nocutnews.co.kr/news/6495960?utm_source=naver&utm_medium=article&utm_campaign=20260403082250
2026-04-03,"하츠웨이브, 타이틀 '나인틴' 뮤비 티저 공개…팬 쇼케이스로 데뷔 '시...",0.0,0,0,https://www.slist.kr/news/articleView.html?idxno=728857
2026-04-03,"푸마, 성수동에 국내 첫 스니커즈 특화 매장",0.0,0,0,https://www.pinpointnews.co.kr/news/articleView.html?idxno=442431
2026-04-03,'독감 사망 교사' 사직서 위조했나…부천 유치원 압수수색,0.0,0,0,https://www.nocutnews.co.kr/news/6495958?utm_source=naver&utm_medium=article&utm_campaign=20260403081250
2026-04-03,"hrtz.wav, 데뷔 타이틀 'NINETEEN' 티저로 청춘 밴드 사운드 예고",0.0,0,0,https://www.topstarnews.net/news/articleView.html?idxno=16024316
2026-04-03,"하츠웨이브, ‘NINETEEN’ M/V 티저 공개…쾌속 질주 밴드 사운드",0.0,0,0,https://enter.etoday.co.kr/news/view/295654
2026-04-03,"우즈 이어 미컬슨도 마스터스 불참 ""가족의 건강 문제로…""",0.0,0,0,https://www.nocutnews.co.kr/news/6495959?utm_source=naver&utm_medium=article&utm_campaign=20260403081050
2026-04-03,"카카오엔터 글로벌 밴드 hrtz.wav (하츠웨이브), 데뷔 타이틀곡 'NINETEEN'...",0.0,0,0,https://www.stardailynews.co.kr/news/articleView.html?idxno=530298
2026-04-03,"성폭행 제자 감싸던 토트넘 감독, 사과 ""내게도 딸이…""",0.0,0,0,https://www.nocutnews.co.kr/news/6495957?utm_source=naver&utm_medium=article&utm_campaign=20260403080650
2026-04-03,"카카오, 목표가 6.7% 낮춰 '7만'…섹터 투심약화-한국투자",-0.537,0,2,https://www.mt.co.kr/stock/2026/04/03/2026040308020677018
2026-04-03,"카카오엔터, 장윤중·고정희 공동대표 출격…“팬덤 사업 강화”",0.0,0,0,https://www.sentv.co.kr/article/view/sentv202604020208
2026-04-03,[Weekly New뷰티] 따가워진 햇살 막아줄 요즘 선크림 트렌드는,0.0,0,0,https://biz.newdaily.co.kr/site/data/html/2026/04/02/2026040200133.html
2026-04-03,"김상욱 ""검사가 변호사에 솔루션 달라? 박상용 수사 대상""[한판승부]",0.0,0,0,https://www.nocutnews.co.kr/news/6495941?utm_source=naver&utm_medium=article&utm_campaign=20260403085952
2026-04-03,공공기관 '숨은 규제' 251건 정비…기업 부담 낮춘다,0.0,0,0,https://www.nocutnews.co.kr/news/6495955?utm_source=naver&utm_medium=article&utm_campaign=20260403080051
2026-04-03,"[2026 1Q IPO 리그테이블] 한국투자증권, '내용' 가장 좋았다",0.0,0,0,https://www.the-stock.kr/news/articleView.html?idxno=32297
2026-04-03,"[인터뷰] INFP의 메소드 연기, 이동휘",0.0,0,0,http://woman.chosun.com/news/articleView.html?idxno=125395
2026-04-03,"월드컵이 다가온다…메시·호날두, 레고 제품으로 출시",0.0,0,0,https://www.nocutnews.co.kr/news/6495956?utm_source=naver&utm_medium=article&utm_campaign=20260403075450
2026-04-03,울산 상수도 요금 전자고지·자동납부 신청 시 5000원 할인,0.0,0,0,http://www.fnnews.com/news/202604030740156456
2026-04-03,"울산 상수도요금, 전자고지·자동납부 신청하면 할인",0.0,0,0,https://www.yna.co.kr/view/AKR20260402175400057?input=1195m
2026-04-03,"윤희석 ""한동훈 보궐 출마? 대구보다는 부산이 유력""[한판승부]",0.0,0,0,https://www.nocutnews.co.kr/news/6495942?utm_source=naver&utm_medium=article&utm_campaign=20260403073050
2026-04-03,"카카오뱅크, 대출 성장 지속…""마진 개선 흐름 기대""",0.322,1,0,http://www.newsprime.co.kr/news/article.html?no=729100
2026-04-03,"""봄나들이 겨냥"" 롯데百 부산, '액티브 위크' 개최",0.0,0,0,https://www.nocutnews.co.kr/news/6495954?utm_source=naver&utm_medium=article&utm_campaign=20260403072750
2026-04-03,"포근하지만 큰 일교차, 미세먼지 '나쁨'…밤부터 전국 봄비",0.0,0,0,https://www.nocutnews.co.kr/news/6495952?utm_source=naver&utm_medium=article&utm_campaign=20260403072650
2026-04-03,"부산시 ""30일까지 법인지방소득세 신고·납부해야""",0.0,0,0,https://www.newsis.com/view/NISX20260403_0003576190
2026-04-03,[Who Is ?] 김병훈 에이피알 대표이사,0.0,0,0,https://www.businesspost.co.kr/BP?command=article_view&num=434869
2026-04-03,"카카오모빌리티, '택시 의존도' 낮췄다…미래 모빌리티에 집중",0.0,0,0,https://www.newsway.co.kr/news/view?ud=2026040216383629873
2026-04-03,핀테크 ‘빅3’ 순익 4000억 육박…성장 넘어 수익화 궤도 진입,0.322,1,0,https://www.dailian.co.kr/news/view/1629003/?sc=Naver
2026-04-03,"1분기 주식재산 증감 분석, 이재용·정의선·정몽준 '방긋' vs 이용한·김...",0.0,0,0,https://www.greened.kr/news/articleView.html?idxno=338820
2026-04-03,빗썸 사태 그 후…은행-거래소 '거리두기 속 밀착',0.0,0,0,https://dealsite.co.kr/articles/159505
2026-04-03,"[더벨][요즘 밸류업 스토리] 정통 제조 기반 브랜드 차별화, 외부투자로...",0.0,0,0,https://www.thebell.co.kr/free/content/ArticleView.asp?key=202604011408240800106933
2026-04-03,"장현주 ""김재섭 공격 헛발질, 정원오측 조작 동기 없어""[한판승부]",0.0,0,0,https://www.nocutnews.co.kr/news/6495943?utm_source=naver&utm_medium=article&utm_campaign=20260403085952
2026-04-03,쿠팡 DNA 심은 무신사…챗봇 너머 '패션판 OS' 노린다 [IT클로즈업],0.0,0,0,https://www.ddaily.co.kr/page/view/2026040216222399978
2026-04-03,[일간보사 36주년 특집] 식품분야 규제 혁신 어디까지 왔나?,0.0,0,0,https://www.bosa.co.kr/news/articleView.html?idxno=3002334
2026-04-03,‘사랑하기에 잡을 수 없었던 이들’ 박진영-김민주의 결말은? (샤이닝...,0.0,0,0,https://sports.donga.com/ent/article/all/20260403/133667219/1
2026-04-03,코코아·환율 부담 롯데웰푸드…가나·몽쉘 '고급화'로 수익성 방어,0.0,0,0,https://daily.hankooki.com/news/articleView.html?idxno=1354594
2026-04-03,"인터넷은행 3사, 실적은 달라도…수익구조 전환 부각",0.0,0,0,https://www.dnews.co.kr/uhtml/view.jsp?idxno=202604021500110010770
2026-04-03,'인뱅 3사' 카카오뱅크 1위 굳건…케이뱅크 주춤·토스뱅크 추격,0.322,1,0,https://www.news1.kr/finance/general-finance/6123637
2026-04-03,"美, 세탁기 등 철강 파생 상품에 '25% 관세' 일률적 부과",-0.38,0,1,https://www.nocutnews.co.kr/news/6495951?utm_source=naver&utm_medium=article&utm_campaign=20260403062149
2026-04-03,"[굿모닝금융] 하나금융그룹, 신한은행, 카카오뱅크 등",0.261,1,0,http://www.bizwnews.com/news/articleView.html?idxno=132213
2026-04-03,"울산 수도요금, 종이 고지서 없애면 매달 200원 깎아준다",0.0,0,0,https://www.news1.kr/local/ulsan/6123963
2026-04-03,'1520원 육박' 치솟는 환율에 불안감 커져…당국 대응은,0.0,0,0,https://www.nocutnews.co.kr/news/6495769?utm_source=naver&utm_medium=article&utm_campaign=20260403063649
2026-04-06,"[브랜드평판] 삼성, 대기업집단 4월 1위... 한화, SK 뒤이어",0.0,0,0,https://www.enetnews.co.kr/news/articleView.html?idxno=48525
2026-04-06,'밀양 송전탑' 이후 10여 년…갈등은 왜 반복되나,0.0,0,0,https://www.nocutnews.co.kr/news/6496460?utm_source=naver&utm_medium=article&utm_campaign=20260406060525
2026-04-06,독립보다 효율 추구?…절반 이상은 내부 의장 체제 [30대 그룹 이사회 대...,0.0,0,0,https://www.kukinews.com/article/view/kuk202604030142
2026-04-06,미래 기술인재 양성 본격화…'서울 학생 직업교육 종합계획' 수립,0.0,0,0,https://www.nocutnews.co.kr/news/6496458?utm_source=naver&utm_medium=article&utm_campaign=20260406060426
2026-04-06,"지반침하, 사회 재난으로 관리…범정부 대응 매뉴얼 마련",0.0,0,0,https://www.nocutnews.co.kr/news/6496436?utm_source=naver&utm_medium=article&utm_campaign=20260406060425
2026-04-06,수도요금 전자고지 '플러스' 자동납부면 최대 9000원 감면,0.0,0,0,https://news.tf.co.kr/read/life/2309617.htm
2026-04-06,참사 난 안전공업…다른 공장도 '불법 증축' 정황,0.0,0,0,https://www.nocutnews.co.kr/news/6496483?utm_source=naver&utm_medium=article&utm_campaign=20260406060427
2026-04-06,"'파주형 지역공공은행' 설립 본격화…""지역경제 살리는 마중물""",0.0,0,0,https://www.nocutnews.co.kr/news/6496739?utm_source=naver&utm_medium=article&utm_campaign=20260406060026
2026-04-06,수도요금 전자고지 신청하면 최대 9000원 깎아준다,0.0,0,0,https://www.sedaily.com/article/20028535?ref=naver
2026-04-06,4월 공모주 ‘보릿고개’… 기존 상장사 물량출회 유의 [이번주 증시 캘...,0.0,0,0,https://www.sedaily.com/article/20028378?ref=naver
2026-04-06,"KNN, 해외 지상파 진출…""해외에 한국 콘텐츠 직접 송출""",0.0,0,0,https://www.nocutnews.co.kr/news/6496860?utm_source=naver&utm_medium=article&utm_campaign=20260406060429
2026-04-06,울산CBS 창립 22주년 기념…뮤지컬 갈라콘서트 '아름다운 봄',0.0,0,0,https://www.nocutnews.co.kr/news/6495598?utm_source=naver&utm_medium=article&utm_campaign=20260406060025
2026-04-06,DDP·카카오 손잡았다…'서울라이트 DDP' 등 공동 제작,0.0,0,0,https://www.newsis.com/view/NISX20260403_0003577567
2026-04-06,"서울시, 수도요금 전자고지 최대 9000원 감면…10만 신규가입 추진",0.0,0,0,https://www.news1.kr/local/moi/6125764
2026-04-06,"'공영주차장 5부제' 네이버지도·카카오맵서 확인 추진…""논의 진행 중...",0.0,0,0,https://www.news1.kr/it-science/internet-platform/6125691
2026-04-06,"서울디자인재단-카카오, DDP 콘텐츠 협력 강화…""빛의 무대 밝힌다""",0.0,0,0,https://www.news1.kr/local/moi/6125292
2026-04-06,"[게시판] 서울디자인재단-카카오, DDP 미디어파사드 공동제작 MOU",0.0,0,0,https://www.yna.co.kr/view/AKR20260404021200004?input=1195m
2026-04-06,"수도요금 '전자고지' 연 최대 9000원 감면…서울시, 10만 명 가입 추진",0.0,0,0,https://www.mt.co.kr/policy/2026/04/06/2026040516384322926
2026-04-06,"게임하다 욕하면 ""너 고소""…'기분상해죄' 남발에 수사력 낭비",0.0,0,0,http://www.edaily.co.kr/news/newspath.asp?newsid=01558006645413496
2026-04-06,덜 민감한 데이터는 개방…안보 직결 정보는 끝까지 지켜야,0.0,0,0,http://www.edaily.co.kr/news/newspath.asp?newsid=01498966645413496
2026-04-06,"[현장 칼럼] 색깔 다른 미래-한투, '두 공룡'의 반가운 결실",0.0,0,0,http://www.fntimes.com/html/view.php?ud=20260404024332448dd55077bc2_18
2026-04-06,의약품까지 '사재기' 번지나…중동전쟁에 의료현장 '비상',0.0,0,0,https://www.nocutnews.co.kr/news/6496761?utm_source=naver&utm_medium=article&utm_campaign=20260406060428
2026-04-06,기름값이 밀어 올린 물가…중동 전쟁發 '연쇄 인상' 온다,0.0,0,0,https://www.nocutnews.co.kr/news/6496763?utm_source=naver&utm_medium=article&utm_campaign=20260406060427
2026-04-06,"민주 ""대북송금 사건, 국정원이 총괄""…'조작기소' 새국면",0.0,0,0,https://www.nocutnews.co.kr/news/6496822?utm_source=naver&utm_medium=article&utm_campaign=20260406060430
2026-04-06,삼성·하이닉스 1분기 영업익 70조 돌파하나…'역대급' 실적전망,0.261,1,0,https://www.nocutnews.co.kr/news/6496800?utm_source=naver&utm_medium=article&utm_campaign=20260406060325
2026-04-06,"""절대 안 걸려"" 경찰 수사 비웃는 보복 대행 업체들",0.0,0,0,https://www.nocutnews.co.kr/news/6496826?utm_source=naver&utm_medium=article&utm_campaign=20260406060429
2026-04-06,'작은 이승만'이 삼킨 학교…'학살의 역사' 대물림[영화한끼],0.0,0,0,https://www.nocutnews.co.kr/news/6496864?utm_source=naver&utm_medium=article&utm_campaign=20260406050029
2026-04-06,"민주당, '李 취임 전 사진 사용 금지' 지침에 갑론을박",0.0,0,0,https://www.nocutnews.co.kr/news/6496762?utm_source=naver&utm_medium=article&utm_campaign=20260406060426
2026-04-06,"""이우환 그림, 진짜? 가짜?""…법정서 드러난 특검 입증 공백",0.0,0,0,https://www.nocutnews.co.kr/news/6496825?utm_source=naver&utm_medium=article&utm_campaign=20260406060430
2026-04-06,"""무리한 영끌 끝장 낸다""…투기성 '비거주 1주택자'도 조준",0.0,0,0,https://www.nocutnews.co.kr/news/6496843?utm_source=naver&utm_medium=article&utm_campaign=20260406060325
2026-04-06,포춘 10대 기업 중 8곳 쓴다…챗GPT보다 안전한 ‘AI’ 뭐길래,0.0,0,0,https://www.joongang.co.kr/article/25417728
2026-04-06,"""실적 과실은 박기석 일가에""…아이스크림미디어, 소액주주들이 투자할...",0.322,1,0,https://www.ddaily.co.kr/page/view/2026040314143762641
2026-04-06,"""빌렸으면 갚아야"" 하지만… 이자만 730%인데도 갚아야 할까? [중·꺾·마...",0.0,0,0,https://www.hankookilbo.com/news/article/A2026040215490005203?did=NA
2026-04-06,"트럼프 ""美동부시간 7일 오후 8시""…협상시한 '하루' 연기",0.0,0,0,https://www.nocutnews.co.kr/news/6496867?utm_source=naver&utm_medium=article&utm_campaign=20260406060525
2026-04-06,반포서 거액 가입비 받고 부동산 중개 담합,0.0,0,0,https://www.chosun.com/national/national_general/2026/04/06/PCXBMPWNSVBU5JVWVQTGUMEW6Q/?utm_source=naver&utm_medium=referral&utm_campaign=naver-news
2026-04-06,'2026 숙박세일페스타' 쿠폰 발급일 떴다...예약 일정 언제일까?,0.0,0,0,https://www.gukjenews.com/news/articleView.html?idxno=3549298
2026-04-06,"[AI 대전환, 강원의 시간이 온다] 1. 임문영 국가AI전략위원회 상근부위...",0.0,0,0,https://www.kado.net/news/articleView.html?idxno=2042816
2026-04-06,"울산 상수도요금, 전자고지 신청하면 매월 200원 할인",0.0,0,0,https://www.getnews.co.kr/news/articleView.html?idxno=867035
2026-04-06,"사령탑 정비한 네이버웹툰·카카오엔터, 글로벌 시장 '정조준'",0.0,0,0,https://news.tf.co.kr/read/economy/2309560.htm
2026-04-06,"[연중기획-새로운 리스크, 새로운 규제 ③-2] 금융교육 공백 메우기… ...",0.0,0,0,https://www.insnews.co.kr/news/articleView.html?idxno=89998
2026-04-05,"[속보]기상청 ""전남 화순 동북동쪽서 규모 2.4 지진 발생""",0.0,0,0,https://www.nocutnews.co.kr/news/6496861?utm_source=naver&utm_medium=article&utm_campaign=20260405105221
2026-04-05,출근길 지옥 끝나나… 대전 천변고속도로 일부 조기 개방,0.0,0,0,https://www.ggilbo.com/news/articleView.html?idxno=1150541
2026-04-05,민주당 광양시장 경선 2인으로 변경…박성현 자격 박탈,0.0,0,0,https://www.nocutnews.co.kr/news/6496859?utm_source=naver&utm_medium=article&utm_campaign=20260405110621
2026-04-05,청주 상당교회 창립 50주년 감사예배…'헌신과 연합으로 이어온 반세기...,0.0,0,0,https://www.nocutnews.co.kr/news/6496857?utm_source=naver&utm_medium=article&utm_campaign=20260405103621
2026-04-05,"'생명의 부활, 세상의 희망'…2026 충북·청주 부활절 연합예배 개최",0.0,0,0,https://www.nocutnews.co.kr/news/6496855?utm_source=naver&utm_medium=article&utm_campaign=20260405101321
2026-04-05,상수도요금 전자고지·자동납부 신청하면 할인,0.0,0,0,https://news.kbs.co.kr/news/pc/view/view.do?ncd=8527369&ref=A
2026-04-05,"이주민의 고난 품은 부활절…""이주민의 얼굴로 찾아오시는 주님""",0.0,0,0,https://www.nocutnews.co.kr/news/6496853?utm_source=naver&utm_medium=article&utm_campaign=20260405100920
2026-04-05,"다급한 트럼프? '7일 공격' 예고하며 ""호르무즈 열어라""",0.0,0,0,https://www.nocutnews.co.kr/news/6496852?utm_source=naver&utm_medium=article&utm_campaign=20260405100820
2026-04-05,4월이면 매년 300만명 온다…2월부터 일본 기상청까지 참고하는 벚꽃축...,0.0,0,0,https://www.mk.co.kr/article/12008538
2026-04-05,"대구간송미술관, 대구 관광 콘텐츠 지형 바꾸다",0.0,0,0,https://www.idaegu.co.kr/news/articleView.html?idxno=544041
2026-04-05,"[단독] “막 나가는 송치영”… 소공연, 언중위 조정내용 왜곡·홍보",0.0,0,0,https://m.skyedaily.com/news_view.html?ID=301728
2026-04-05,"공영민 고흥군수 ""경선 앞둔 터무니없는 의혹 보도, 법적 대응 시작""",0.0,0,0,https://www.nocutnews.co.kr/news/6496849?utm_source=naver&utm_medium=article&utm_campaign=20260405095921
2026-04-05,"순천소방서, 2026년 의용소방대 소방기술경연대회 개최",0.0,0,0,https://www.nocutnews.co.kr/news/6496844?utm_source=naver&utm_medium=article&utm_campaign=20260405094720
2026-04-05,"'숙박 최대 7만원 파격 할인'…충남, 봄 관광 수요 '본격 견인'",0.0,0,0,https://www.bzeronews.com/news/articleView.html?idxno=815532
2026-04-05,"김철우 보성군수 예비후보 ""비방 대신 민생, 네거티브엔 정면 돌파""",0.261,1,0,https://www.nocutnews.co.kr/news/6496842?utm_source=naver&utm_medium=article&utm_campaign=20260405093920
2026-04-05,"""봄 여행은 충남에서""… 숙박 할인 혜택까지!",0.0,0,0,https://www.gukjenews.com/news/articleView.html?idxno=3549299
2026-04-05,"순천상공회의소, 철강산업 위기극복 근로자 고용안정 장려금 지원",0.0,0,0,https://www.nocutnews.co.kr/news/6496841?utm_source=naver&utm_medium=article&utm_campaign=20260405093220
2026-04-05,"충북 음성군 기독교연합회, 무극장로교회에서 부활절 연합예배 개최",0.0,0,0,https://www.nocutnews.co.kr/news/6496840?utm_source=naver&utm_medium=article&utm_campaign=20260405092620
2026-04-05,"서동욱 순천시장 예비후보 ""신대지구 개발이익 환수로 시민 배당""",0.0,0,0,https://www.nocutnews.co.kr/news/6496835?utm_source=naver&utm_medium=article&utm_campaign=20260405092120
2026-04-05,전남 동부권 부활주일 연합예배,0.0,0,0,https://www.nocutnews.co.kr/news/6496836?utm_source=naver&utm_medium=article&utm_campaign=20260405092021
2026-04-05,손훈모 순천시장 예비후보 '의료·돌봄 통합 공약' 발표,0.0,0,0,https://www.nocutnews.co.kr/news/6496834?utm_source=naver&utm_medium=article&utm_campaign=20260405092020
2026-04-05,"‘천년한지’의 우수성 입증…완주 대승한지, 덕수궁 창호지 채택",0.0,0,0,https://news.kbs.co.kr/news/pc/view/view.do?ncd=8527292&ref=A
2026-04-05,"방송사 기자, 음주운전하다 주차된 차량 들이받아",0.0,0,0,https://www.nocutnews.co.kr/news/6496833?utm_source=naver&utm_medium=article&utm_campaign=20260405091720
2026-04-05,"마산로봇랜드, 봄시즌 특별 할인 진행…일요일 연장 운영도",0.0,0,0,https://www.nocutnews.co.kr/news/6496830?utm_source=naver&utm_medium=article&utm_campaign=20260405090921
2026-04-05,"""야간⋅휴일 당직 전화, AI가 처리"" 창원시, AI 당직 시스템 구축",0.0,0,0,https://www.nocutnews.co.kr/news/6496831?utm_source=naver&utm_medium=article&utm_campaign=20260405090920
2026-04-05,"창원보건소, 창원대와 '아침밥 먹고 함께 걷기' 캠페인",0.0,0,0,https://www.nocutnews.co.kr/news/6496832?utm_source=naver&utm_medium=article&utm_campaign=20260405090720
2026-04-05,"2026 이순신방위산업전, 3일간 일정 마무리…K-방산 비전 제시",0.0,0,0,https://www.nocutnews.co.kr/news/6496829?utm_source=naver&utm_medium=article&utm_campaign=20260405090620
2026-04-05,강남서 자율주행택시 타보니... ‘사람이 운전하듯’ 우회전 앞두고 멈...,0.0,0,0,https://www.hankookilbo.com/news/article/A2026040100540002364?did=NA
2026-04-05,"공영민 고흥군수 ""왜 아직 예비후보 등록 않나""에 ""현안 챙겨 본분 집중...",0.0,0,0,https://www.nocutnews.co.kr/news/6496824?utm_source=naver&utm_medium=article&utm_campaign=20260405085220
2026-04-05,[미리보는 이데일리 신문]반도체 대호황…소부장 업계도 동반질주,0.322,1,0,http://www.edaily.co.kr/news/newspath.asp?newsid=01990966645413168
2026-04-05,"울산, 상수도요금 전자고지 신청땐 월 200원 할인",0.0,0,0,http://www.ujeil.com/news/articleView.html?idxno=383725
2026-04-05,"美법원, 트럼프 '백인 역차별 점검'에 제동…""대학 자료제출 강제 안돼...",0.0,0,0,https://www.nocutnews.co.kr/news/6496823?utm_source=naver&utm_medium=article&utm_campaign=20260405084020
2026-04-05,청주 묘지서 비석 설치 중 사고…60대 작업자 숨져,0.0,0,0,https://www.nocutnews.co.kr/news/6496821?utm_source=naver&utm_medium=article&utm_campaign=20260405082520
2026-04-05,부활절에 울려 퍼진 헨델의 '메시아'…내리교회 선교 141주년 기념연주...,0.0,0,0,https://www.nocutnews.co.kr/news/6496818?utm_source=naver&utm_medium=article&utm_campaign=20260405081119
2026-04-05,"밥퍼, 노숙인·쪽방촌 주민과 함께한 부활절…""절망을 희망으로""",0.0,0,0,https://www.nocutnews.co.kr/news/6496819?utm_source=naver&utm_medium=article&utm_campaign=20260405081020
2026-04-05,"""존엄을 위한 연대""…세종호텔 해고노동자와 함께 한 부활절 연합예배",0.0,0,0,https://www.nocutnews.co.kr/news/6496817?utm_source=naver&utm_medium=article&utm_campaign=20260405081019
2026-04-05,전국 최초 불법 경선운동 전화방 적발…돈봉투·불법자료 등 '압수',0.0,0,0,https://www.nocutnews.co.kr/news/6496804?utm_source=naver&utm_medium=article&utm_campaign=20260405080519
2026-04-05,민형배 캠프 “오픈채팅방 허위사실 유포 고발”,0.0,0,0,http://www.kjdaily.com/article.php?aid=1775386446676298002
2026-04-05,"홍익표 ""중동 장기화되면 하반기 추가 추경 필요할 수도""",0.0,0,0,https://www.nocutnews.co.kr/news/6496810?utm_source=naver&utm_medium=article&utm_campaign=20260405075719
2026-04-05,"민형배 통합시장 예비후보 ""결선서 더 낮게, 더 치열하게 뛰겠다""",0.0,0,0,https://www.nocutnews.co.kr/news/6496811?utm_source=naver&utm_medium=article&utm_campaign=20260405075621
2026-04-05,"김영록 통합시장 예비후보, 결선 진출…압도적 지지·성원 감사",0.0,0,0,https://www.nocutnews.co.kr/news/6496809?utm_source=naver&utm_medium=article&utm_campaign=20260405075620
2026-04-05,"이정선 교육감 후보, 선거사무소 개소식 '성료'",0.0,0,0,https://www.nocutnews.co.kr/news/6496807?utm_source=naver&utm_medium=article&utm_campaign=20260405075620
2026-04-05,"전남교육청, AI 기반 미래 진로교육 전환 속도",0.0,0,0,https://www.nocutnews.co.kr/news/6496803?utm_source=naver&utm_medium=article&utm_campaign=20260405075519
2026-04-05,"구례군, 재생에너지로 '군민 기본소득' 모델 구축",0.0,0,0,https://www.nocutnews.co.kr/news/6496801?utm_source=naver&utm_medium=article&utm_campaign=20260405075419
2026-04-05,"여수시, 세계섬박람회 대비 도서지역 생활폐기물 관리 강화",0.0,0,0,https://www.nocutnews.co.kr/news/6496802?utm_source=naver&utm_medium=article&utm_campaign=20260405075420
2026-04-05,"신수정, 북구 대도약 8대 프로젝트 발표…""도시 대전환 설계도 제시""",0.0,0,0,https://www.nocutnews.co.kr/news/6496796?utm_source=naver&utm_medium=article&utm_campaign=20260405075319
2026-04-05,그물에 걸려 질식해도… ‘실효성 못 건지는’ 상괭이 보전대책 [상괭이...,0.0,0,0,https://www.kyeongin.com/article/1761396
2026-04-05,"전북 곳곳 부활절 연합예배 잇따라…""부활의 소망 선포""",0.0,0,0,https://www.nocutnews.co.kr/news/6496799?utm_source=naver&utm_medium=article&utm_campaign=20260405075320
2026-04-05,"민형배 ""영산강 국가정원 조성 본격 추진""",0.0,0,0,https://www.nocutnews.co.kr/news/6496793?utm_source=naver&utm_medium=article&utm_campaign=20260405075121
2026-04-05,민주당 전남광주특별시장 본경선 민형배·김영록 결선행,0.0,0,0,https://www.nocutnews.co.kr/news/6496791?utm_source=naver&utm_medium=article&utm_campaign=20260405075120
2026-04-05,"中 좌파매체 운영자, '사기혐의' 체포…""함정 팠다""하는 이유는?",0.0,0,0,https://www.nocutnews.co.kr/news/6496790?utm_source=naver&utm_medium=article&utm_campaign=20260405075120
2026-04-05,"李대통령, 부활절 예배 ""중동위기 극복에 온 힘, 모든 수단 대응""",0.0,0,0,https://www.nocutnews.co.kr/news/6496789?utm_source=naver&utm_medium=article&utm_campaign=20260405075019
2026-04-05,"“30억→300억 될 줄 알았다?” 유재석 있는데, 어떻게 이런 일이…충격...",0.0,0,0,https://biz.heraldcorp.com/article/10710260?ref=naver
2026-04-05,"‘에이전틱 AI’ 중동전쟁서도 활약…韓, 국가생태계 조성 팔걷어",0.0,0,0,http://www.kookje.co.kr/news2011/asp/newsbody.asp?code=0200&key=20260406.22016001251
2026-04-05,"영광군, 초등학생 대상 '어린이 안전 히어로즈' 모집",0.0,0,0,https://www.newsclaim.co.kr/news/articleView.html?idxno=3059884
2026-04-05,"2026 숙박세일 페스타, 오는 8일 오픈...""최대 7만원 할인""",0.0,0,0,https://www.ggilbo.com/news/articleView.html?idxno=1150588
2026-04-05,후보 지지 단톡방 기승…유권자는 괴롭다,0.0,0,0,https://www.ccdn.co.kr/news/articleView.html?idxno=1071678
2026-04-05,"성동구, 장애인주차구역 위반 과태료 고지 카카오톡으로 전환",0.0,0,0,https://view.asiae.co.kr/article/2026040518444103338
2026-04-05,"대구·경북 SNS 이용률 75%대…""일상 넘어 생활 플랫폼으로""",0.0,0,0,https://www.kyongbuk.co.kr/news/articleView.html?idxno=4069126
2026-04-05,‘아틀리에 드 루멘’ 신세계 센텀 오픈,0.0,0,0,http://www.kookje.co.kr/news2011/asp/newsbody.asp?code=0200&key=20260406.22013001244
2026-04-07,상법 개정 이후 첫 주총…이사 인원 줄이고 정관 손질,0.0,0,0,https://biz.sbs.co.kr/article_hub/20000302435?division=NAVER
2026-04-07,"카카오가 밀어붙인 브랜드 메시지, 광고주 '과징금 폭탄' 떠안나",-0.408,0,1,https://www.sidae.com/article/2026040610121059409
2026-04-07,일상 속으로 파고든 자율주행…사고‧책임 기준은 제자리걸음,0.0,0,0,https://www.kukinews.com/article/view/kuk202604020170
2026-04-07,"서울교육청, 이주배경학생 한국어학급 33개→47개 확대",0.0,0,0,https://www.nocutnews.co.kr/news/6497435?utm_source=naver&utm_medium=article&utm_campaign=20260407060038
2026-04-07,"""에너지 절감목표 달성 기업, 절약시설 설치자금 우선 지원""",0.0,0,0,https://www.nocutnews.co.kr/news/6497592?utm_source=naver&utm_medium=article&utm_campaign=20260407060038
2026-04-07,서울 공영주차장 내일부터 승용차 5부제 실시,0.0,0,0,https://www.nocutnews.co.kr/news/6497601?utm_source=naver&utm_medium=article&utm_campaign=20260407060039
2026-04-07,중동전쟁 따른 농업용 필름·비료 등 농자재 동향 현장점검 실시,0.0,0,0,https://www.nocutnews.co.kr/news/6497300?utm_source=naver&utm_medium=article&utm_campaign=20260407060037
2026-04-07,"""자율차 사고, 누구 책임?""…연말까지 가이드라인 마련",0.0,0,0,https://www.nocutnews.co.kr/news/6497288?utm_source=naver&utm_medium=article&utm_campaign=20260407060037
2026-04-07,"프리랜서도 ‘무료 법률 상담’ 받는다…노사발전재단, 온라인 창구 개...",0.0,0,0,https://biz.heraldcorp.com/article/10711198?ref=naver
2026-04-07,"[Why] 다들 어렵다더니 매출 50%, 영업이익 80% 증가한 中 훠궈집 하이디...",0.0,0,0,https://biz.chosun.com/distribution/channel/2026/04/07/DCDYUBMDCREFPJPYJ33YMITJQY/?utm_source=naver&utm_medium=original&utm_campaign=biz
2026-04-07,[칼럼]윤석열에 빠진 국민의힘 선거 왜?,0.0,0,0,https://www.nocutnews.co.kr/news/6497639?utm_source=naver&utm_medium=article&utm_campaign=20260407060039
2026-04-07,"상법 개정 이후 첫 주총…대기업, 이사회 축소·정관 변경 '선제 대응'",0.0,0,0,https://www.news1.kr/industry/general-industry/6126937
2026-04-07,"노사발전재단, 노무제공자에 온라인 무료법률상담 지원",0.0,0,0,https://www.newsis.com/view/NISX20260406_0003579558
2026-04-07,"노사발전재단, 취약노동자 법률 지원 확대…프리랜서SOS 개설",0.0,0,0,https://www.dailian.co.kr/news/view/1630273/?sc=Naver
2026-04-07,두 여성 공무원의 노동권을 생각한다 [이슬기의 무기가 되는 글들],0.0,0,0,https://www.womennews.co.kr/news/articleView.html?idxno=275939
2026-04-07,상법 개정 첫 주총…이사 인원 줄이고 정관 손질 '선제 대응',0.0,0,0,https://www.yna.co.kr/view/AKR20260406133600003?input=1195m
2026-04-07,"노사발전재단, 프리랜서 대상 무료 온라인 법률상담 서비스 개설",0.0,0,0,https://www.newspim.com/news/view/20260406000808
2026-04-07,"노사발전재단, '프리랜서 SOS' 개설…법률상담 온라인 확대",0.0,0,0,https://www.news1.kr/economy/employment-labor/6127217
2026-04-07,"美은 압박, 국내선 반발…온라인플랫폼법 '사면초가'",0.0,0,0,https://it.chosun.com/news/articleView.html?idxno=2023092159841
2026-04-07,[오늘의 주요일정]법조(4월7일 화요일),0.0,0,0,https://www.newsis.com/view/NISX20260406_0003579916
2026-04-07,"디지털보험사, 작년 적자만 1500억… 언제 볕드나",0.0,0,0,https://it.chosun.com/news/articleView.html?idxno=2023092159899
2026-04-07,민주당 제주지사 경선 후보들…에너지·대중교통 정책 대결,0.0,0,0,https://www.nocutnews.co.kr/news/6497656?utm_source=naver&utm_medium=article&utm_campaign=20260407055336
2026-04-07,"트럼프, 또 다시 韓 언급하며 ""한국도 우리를 돕지 않았다""",0.0,0,0,https://www.nocutnews.co.kr/news/6497657?utm_source=naver&utm_medium=article&utm_campaign=20260407055436
2026-04-07,"차우철號 롯데마트, ‘제타 스마트센터·해외 확장’으로 돌파구 찾는다...",0.853,3,0,https://www.etoday.co.kr/news/view/2573142
2026-04-07,"카카오헬스케어-사노피, AI 솔루션 개발 위한 MOU 체결",0.0,0,0,https://www.sedaily.com/article/20029031?ref=naver
2026-04-07,[칼럼]계엄요건 강화 개헌 절실하다,0.0,0,0,https://www.nocutnews.co.kr/news/6497126?utm_source=naver&utm_medium=article&utm_campaign=20260407052036
2026-04-07,"트럼프 ""합의 불발시, 7일 밤 12시까지 교량·발전소 폭격""",0.0,0,0,https://www.nocutnews.co.kr/news/6497655?utm_source=naver&utm_medium=article&utm_campaign=20260407055437
2026-04-07,붕 떠버린 주호영·이진숙과 한동훈…그들의 선택지는?,0.0,0,0,https://www.nocutnews.co.kr/news/6497646?utm_source=naver&utm_medium=article&utm_campaign=20260407050041
2026-04-07,[칼럼]'연오랑·세오녀'를 꿈꾸며,0.0,0,0,https://www.nocutnews.co.kr/news/6497508?utm_source=naver&utm_medium=article&utm_campaign=20260407050038
2026-04-07,단일종목 레버리지 ETF 출시 임박인데…임원 거래 '사각지대',0.0,0,0,https://www.nocutnews.co.kr/news/6497391?utm_source=naver&utm_medium=article&utm_campaign=20260407050037
2026-04-07,韓 선박 26척 탈출구 있나…호르무즈 선별통행 '난제',0.0,0,0,https://www.nocutnews.co.kr/news/6497590?utm_source=naver&utm_medium=article&utm_campaign=20260407050039
2026-04-07,'尹정부-검찰' 결탁 의혹 겨눈 종합특검…'하명수사' 여부 살핀다,0.0,0,0,https://www.nocutnews.co.kr/news/6497641?utm_source=naver&utm_medium=article&utm_campaign=20260407050041
2026-04-07,"'AX' 시대, 부산의 미래지도는 '사람'과 '연결'에 있는가",0.0,0,0,https://www.nocutnews.co.kr/news/6497549?utm_source=naver&utm_medium=article&utm_campaign=20260407050039
2026-04-07,"李 특급칭찬 권대영, 국회 돌며 '서민금융법' 통과 호소",0.0,0,0,https://www.nocutnews.co.kr/news/6497640?utm_source=naver&utm_medium=article&utm_campaign=20260407050040
2026-04-07,"보복 처벌 못하는 '보복 대행'?…경찰, 범죄단체죄 적용",0.0,0,0,https://www.nocutnews.co.kr/news/6497541?utm_source=naver&utm_medium=article&utm_campaign=20260407050038
2026-04-07,"""이재명 방북비용"" 법원 판결문 보니",0.0,0,0,https://www.nocutnews.co.kr/news/6497637?utm_source=naver&utm_medium=article&utm_campaign=20260407050040
2026-04-07,[르포]휠체어 타고 벚꽃 보러 왔는데 화장실도 못 가다니…,0.0,0,0,https://www.nocutnews.co.kr/news/6497396?utm_source=naver&utm_medium=article&utm_campaign=20260407050037
2026-04-07,"[르포]""돈만 주면 뭐든지 합니다""…난무하는 '범죄 대행' 직접 접촉해보...",0.0,0,0,https://www.asiatoday.co.kr/view.php?key=20260406010001540
2026-04-07,[이승환 경감의 사기(詐欺) 심리학] 사기의 사회적 확산과 대응,0.0,0,0,https://www.pointdaily.co.kr/news/articleView.html?idxno=299848
2026-04-07,디지털 헬스케어 ‘성장 가도’…AI 진단보조 기술 민·관·학 집중[의료...,0.322,1,0,https://www.etoday.co.kr/news/view/2571814
2026-04-07,한화솔루션 유상증자 후폭풍…김동관 '책임 경영' 시험대,0.0,0,0,https://www.nocutnews.co.kr/news/6497462?utm_source=naver&utm_medium=article&utm_campaign=20260407044536
2026-04-07,카드 할인에 상품권까지… 4월 '동행축제' 혜택 총정리,0.0,0,0,https://www.ggilbo.com/news/articleView.html?idxno=1151059
2026-04-07,서산시 '초록광장' 여론전 점입가경… '설문조사'가 '민의'로 둔갑,0.0,0,0,http://www.dtnews24.com/news/articleView.html?idxno=809935
2026-04-07,[ESG소식] HD건설기계 베트남 기능올림픽 지원 / NHN·카카오헬스케어 A...,0.0,0,0,https://www.webeconomy.co.kr/news/articleView.html?idxno=2132502
2026-04-07,카카오맵에 '친구 위치' 뜨고 알림까지?…공유시간도 무제한,0.0,0,0,https://www.news1.kr/it-science/general-it/6126977
2026-04-07,"트럼프 ""'45일 휴전안', 충분치는 않지만 중요한 진전""",0.0,0,0,https://www.nocutnews.co.kr/news/6497654?utm_source=naver&utm_medium=article&utm_campaign=20260407055536
2026-04-07,"카카오페이, 'x402 재단' 창립 멤버 합류…AI 결제 글로벌 표준 참여",0.0,0,0,https://www.webeconomy.co.kr/news/articleView.html?idxno=2131750
2026-04-07,"전한길, 국힘 탈당…""진짜 보수정당인지 깊은 의구심""",0.0,0,0,https://www.nocutnews.co.kr/news/6497651?utm_source=naver&utm_medium=article&utm_campaign=20260407122434
2026-04-07,[기고] 저성장 극복을 위한 세가지 방안,0.322,1,0,https://www.hankyung.com/article/2026040624431
2026-04-07,"전남선관위, 금품제공·허위사실 유포 3명 고발",0.0,0,0,https://www.jnilbo.com/news/articleView.html?idxno=90000029253
2026-04-07,성북구 '2026 청년도전지원사업' 참여자 모집,0.0,0,0,http://www.lawissue.co.kr/view.php?ud=202604061122358786edd30pn2gj_12
2026-04-07,['떡지순례' 광주 들썩] 복합형 체류 관광 뜬다,0.0,0,0,http://www.gjdream.com/news/articleView.html?idxno=668464
2026-04-07,영화 투자사가 IP 공동 보유…봉준호 ‘앨리’ 영화판 키울까,0.0,0,0,https://www.joongang.co.kr/article/25418018
2026-04-07,코스피 대상승 물결 타고…증권사 6곳이 100대 브랜드 안착,0.0,1,1,https://www.joongang.co.kr/article/25418014
2026-04-06,"에뛰드, 지그재그 단독 ‘딸기가 추구미’ 컬렉션 7일 런칭… “뽀용 메...",0.0,0,0,https://www.geconomy.co.kr/news/article.html?no=318842
2026-04-06,"김해시, '농장 맞춤형 조기경보 서비스' 적극 지원",0.0,0,0,http://www.gnmaeil.com/news/articleView.html?idxno=584030
2026-04-06,"경북관광公 '스포츠+여행' 마케팅 결실…""대만 관광객 몰렸다""",0.0,0,0,https://www.nocutnews.co.kr/news/6497648?utm_source=naver&utm_medium=article&utm_campaign=20260406112633
2026-04-06,"""유죄 인정 속 '양형 다툼'""… 최윤홍, 항소로 교육감 선거 정면 돌파",0.261,1,0,https://www.mhns.co.kr/news/articleView.html?idxno=743946
2026-04-06,"카카오페이, 'x402 재단' 창립 합류…에이전틱 AI 결제 인프라 구축",0.0,0,0,https://www.startuptoday.co.kr/news/articleView.html?idxno=608882
2026-04-06,"CBS 대한민국 성경필사전 개관, ""기록된 말씀, 이어지는 신앙""",0.0,0,0,https://www.nocutnews.co.kr/news/6497647?utm_source=naver&utm_medium=article&utm_campaign=20260406104933
2026-04-06,[유통가 뉴스픽] CJ대한통운·무신사·CU·GS25,0.0,0,0,https://www.ajunews.com/view/20260406170438198
2026-04-06,"TS 자동차안전연구원, 'K-City' 온라인 원스톱 예약 서비스 개시",0.0,0,0,http://www.ikld.kr/news/articleView.html?idxno=332333
2026-04-06,"[주목, 이 상품] 롯데웰푸드·CJ웰케어·일동제약",0.0,0,0,http://www.ttlnews.com/news/articleView.html?idxno=3096514
2026-04-06,"이스라엘, 이란 최대 석유화학단지 공습…""수출 85% 마비""",0.0,0,0,https://www.nocutnews.co.kr/news/6497645?utm_source=naver&utm_medium=article&utm_campaign=20260406100733
2026-04-06,[브리프]현대백화점 쿠팡 롯데온 SSG닷컴 11번가 GS25 BGF,0.0,0,0,http://www.biztribune.co.kr/news/articleView.html?idxno=351913
2026-04-06,거리로 나온 교회…고난의 자리에서 되새긴 '부활의 의미',0.0,0,0,https://www.nocutnews.co.kr/news/6497526?utm_source=naver&utm_medium=article&utm_campaign=20260406100032
2026-04-06,"“검색창이 대화창으로 바뀐다”…플랫폼 업계, AI 쇼핑 전면전 ‘가속...",0.0,0,0,https://www.ceoscoredaily.com/page/view/2026040616531873531
2026-04-06,[브리프] LG전자 카카오 한컴 현대차 제네시스 한국앤컴퍼니 外,0.0,0,0,http://www.biztribune.co.kr/news/articleView.html?idxno=351942
2026-04-06,"北 김여정, '무인기 유감' 李 대통령에 ""솔직하고 대범해""",0.0,0,0,https://www.nocutnews.co.kr/news/6497642?utm_source=naver&utm_medium=article&utm_campaign=20260406095232
2026-04-06,"코레일, '정부통합인증(Any-ID)' 서비스 도입",0.0,0,0,http://www.ikld.kr/news/articleView.html?idxno=332330
2026-04-06,"""이 몇 개 나가더라도 병원 갈 생각으로…"" 최종전 앞둔 이관희의 각오",0.0,0,0,https://www.nocutnews.co.kr/news/6497638?utm_source=naver&utm_medium=article&utm_campaign=20260406093232
2026-04-06,"코레일, 홈페이지·모바일앱에 범정부 통합인증 체계 '애니-ID' 도입",0.0,0,0,http://www.seoulwire.com/news/articleView.html?idxno=715461
2026-04-06,2026 대한민국 숙박 세일 페스타 대구편,0.0,0,0,https://www.ksmnews.co.kr/news/view.php?idx=599027
2026-04-06,"""바쁜 일상은 잠시 멈춤""…청산도 슬로걷기 축제 '개막'",0.0,0,0,https://view.asiae.co.kr/article/2026040620024147035
2026-04-06,"“물류비 부담 덜었다” 포항시, 종합 기업지원책 가동",0.0,0,0,https://www.ksmnews.co.kr/news/view.php?idx=599035
2026-04-06,[업앤다운]게임주 하락…모비릭스 상한가·펄어비스↓,0.229,1,1,https://www.nspna.com/news/?mode=view&newsid=808875
2026-04-06,"윤건영 충북교육감, 경제위기 극복 동참 당부",0.0,0,0,https://www.nocutnews.co.kr/news/6497634?utm_source=naver&utm_medium=article&utm_campaign=20260406091132
2026-04-06,"'2026 대한민국 숙박 세일 페스타 대구편'운영...""봄 여행의 설렘, 대구...",0.0,0,0,https://www.dkilbo.com/news/articleView.html?idxno=540074
2026-04-06,"민주당, '성비위 의혹' 장경태에 ""제명 해당 징계""",0.0,0,0,https://www.nocutnews.co.kr/news/6497632?utm_source=naver&utm_medium=article&utm_campaign=20260406090332
2026-04-06,"충북교육청·학교비정규직, 단체협약 체결…156개 안건 최종 합의",0.0,0,0,https://www.nocutnews.co.kr/news/6497630?utm_source=naver&utm_medium=article&utm_campaign=20260406090233
2026-04-06,친구 소식·숏폼이 자꾸…카카오톡 강제 노출 시끌 [재계톡톡],0.0,0,0,https://www.mk.co.kr/article/12007350
2026-04-06,"하정우 ""부산 북구갑, 태어나고 매일 놀던 곳...출마? 인사권자 결정 따...",0.0,0,0,https://radio.ytn.co.kr/program/?f=2&id=108189&s_mcd=0263&s_hcd=01
2026-04-06,"'3점 16개' SK에 제대로 고춧가루 뿌린 삼성…정관장, 2위 확정",0.0,0,0,https://www.nocutnews.co.kr/news/6497631?utm_source=naver&utm_medium=article&utm_campaign=20260406085632
2026-04-06,"카카오페이, x402 재단 합류",0.0,0,0,http://www.technoa.co.kr/news/articleView.html?idxno=100758
2026-04-06,"일상 속 통증, 언제 어디서나 신속 대처…'타이레놀RUN'이 말한다",0.0,0,0,http://www.k-health.com/news/articleView.html?idxno=91366
2026-04-06,[미리보는 이데일리 신문]솜방망이 징수 권한 비웃는 고액 체납자,0.0,0,0,http://www.edaily.co.kr/news/newspath.asp?newsid=05684246645413496
2026-04-06,무대로 이어진 기회소득…'온 스테이지: 경기' 참여 예술인 공모,0.0,0,0,https://www.nocutnews.co.kr/news/6497627?utm_source=naver&utm_medium=article&utm_campaign=20260406084432
2026-04-06,"천창수 울산교육감 ""재선 나갔으면 당선?…내려 놓는 게 더 쉬워""",0.0,0,0,https://www.nocutnews.co.kr/news/6497625?utm_source=naver&utm_medium=article&utm_campaign=20260406084332
2026-04-06,"[금융 브리핑] ""시니어·소상공인·디지털 혁신까지""…고객 맞춤형 서비...",0.0,0,0,https://www.seoultimes.news/news/article.html?no=2000094885
2026-04-06,제주교육감 지지도 김광수 35%-고의숙 20%-송문석 5%,0.0,0,0,https://www.nocutnews.co.kr/news/6497524?utm_source=naver&utm_medium=article&utm_campaign=20260406083032
2026-04-06,제주도민 '이재명 대통령 잘한다' 80%…역대급 긍정평가,0.0,0,0,https://www.nocutnews.co.kr/news/6497523?utm_source=naver&utm_medium=article&utm_campaign=20260406083032
2026-04-06,문대림 '33%'·오영훈 '21%'·위성곤 '20%' …김광수 선두,0.0,0,0,https://www.nocutnews.co.kr/news/6497544?utm_source=naver&utm_medium=article&utm_campaign=20260406083033
2026-04-06,감점 적용했더니…민주당 제주지사 후보들 오차범위 접전,0.0,0,0,https://www.nocutnews.co.kr/news/6497545?utm_source=naver&utm_medium=article&utm_campaign=20260406083033
2026-04-06,[증권가 중계] 한국투자증권·NH투자증권·삼성증권·우리투자증권·신...,0.0,0,0,http://www.bizwnews.com/news/articleView.html?idxno=132612
2026-04-06,"특검, 尹 체포방해 항소심도 징역 10년 구형…""전혀 반성 안해""",0.0,0,0,https://www.nocutnews.co.kr/news/6497622?utm_source=naver&utm_medium=article&utm_campaign=20260406082632
2026-04-06,“수도요금 전자고지·자동납부 신청하면 연 최대 9천 원 할인혜택”,0.0,0,0,https://www.ichannela.com/news/main/news_detailPage.do?publishId=000000522688
2026-04-06,"하정우, 북갑 출마설에 ""태어나고 매일 놀던 곳…가족 반대? 걱정 많지...",0.0,0,0,https://www.ytn.co.kr/_ln/0101_202604061956515566
2026-04-06,"이철우 ""3선하면 신공항 우선 추진…당 대구시장 공천 잘못돼 안타깝다...",0.0,0,0,https://www.nocutnews.co.kr/news/6497621?utm_source=naver&utm_medium=article&utm_campaign=20260406074731
2026-04-06,사노피-카카오헬스케어 '의료 AI' MOU 체결,0.0,0,0,https://www.dailymedi.com/news/news_view.php?wr_id=935366
2026-04-06,민주 전북지사 경선 후보 합동토론회…정책 검증 치열,0.0,0,0,https://www.nocutnews.co.kr/news/6497619?utm_source=naver&utm_medium=article&utm_campaign=20260406074131
2026-04-08,"""韓은 우릴 돕지 않는다""는 트럼프, 실제 청구서로 이어질까",0.0,0,0,https://www.nocutnews.co.kr/news/6498418?utm_source=naver&utm_medium=article&utm_campaign=20260408061048
2026-04-08,"인력 늘린 인뱅 3사 1인당 생산성 '뚝'...토스뱅크 7.7억원 최고, 카카오...",0.0,0,0,http://www.consumernews.co.kr/news/articleView.html?idxno=753555
2026-04-08,고환율에 웃는 게임사…해외 매출 비중 따라 실적 갈렸다,0.261,1,0,https://www.ngetnews.com/news/articleView.html?idxno=549769
2026-04-08,전력 식민지 막을 해법은…지방선거 뇌관 되나,0.0,0,0,https://www.nocutnews.co.kr/news/6498401?utm_source=naver&utm_medium=article&utm_campaign=20260408060549
2026-04-08,"""절약도 놀이처럼""…92만 명 사로잡은 '거지맵'의 해학",0.0,0,0,https://news.mtn.co.kr/news-detail/2026040713461011499
2026-04-08,"“돈 되는 게임만 남긴다”…K-게임, 수익성 중심 구조 재편",0.0,0,0,https://www.kukinews.com/article/view/kuk202604070156
2026-04-08,“유망 창업가 키운다”…’2026 학생 창업유망팀 300+’ 모집,0.0,0,0,http://www.edaily.co.kr/news/newspath.asp?newsid=01990966645414152
2026-04-08,‘일하는 AI’ 클로드…소프트웨어를 삼키다,-0.537,0,2,https://magazine.hankyung.com/money/article/202603180484c
2026-04-08,"""위기시 골든타임 사수"" … 강서양천교육지원청, 학생맞춤지원 24시간 카...",0.0,0,0,https://biz.newdaily.co.kr/site/data/html/2026/04/08/2026040800010.html
2026-04-08,‘잠만 자던 도시’에서 ‘일자리·문화 도시’로⋯창동·상계 대전환 ...,0.0,0,0,https://www.etoday.co.kr/news/view/2573515
2026-04-08,독립성만 위한 게 아니었다…사외이사 의장 느는 이유는 [30대 그룹 이사...,0.0,0,0,https://www.kukinews.com/article/view/kuk202604070201
2026-04-08,'지면 꼴찌' 삼성과 한국가스공사의 프로농구 멸망전,0.0,0,0,https://www.nocutnews.co.kr/news/6498406?utm_source=naver&utm_medium=article&utm_campaign=20260408060049
2026-04-08,"코인으로 빠져나간 보이스피싱 돈, 이제 쉽게 못 뺀다",0.0,0,0,https://www.nocutnews.co.kr/news/6498284?utm_source=naver&utm_medium=article&utm_campaign=20260408060048
2026-04-08,SRT 동탄역서 무료 네일케어…장애인 일자리 ‘섬섬옥수’ 매장 오픈,0.0,0,0,https://biz.heraldcorp.com/article/10712031?ref=naver
2026-04-08,"강서양천교육지원청, 학맞통 카톡 채널 '강서양천학맞통서포터' 오픈",0.0,0,0,https://www.news1.kr/society/education/6128358
2026-04-08,"[게시판] 강서양천교육지원청, '학맞통' 카톡 채널 오픈",0.0,0,0,https://www.yna.co.kr/view/AKR20260407113300530?input=1195m
2026-04-08,"""길 찾기는 기본, 이제는 경험을 판다""…구글맵 공습 앞두고 네카오 지...",0.0,0,0,https://www.newsis.com/view/NISX20260407_0003580979
2026-04-08,[Q&A]'교체 문자' 받았는데 LG유플러스 유심 바꿔야 하나요,0.0,0,0,https://www.news1.kr/it-science/cc-newmedia/6128457
2026-04-08,"강서양천교육지원청, '학생맞춤통합지원' 카카오톡 채널 개설",0.0,0,0,https://view.asiae.co.kr/article/2026040721161202474
2026-04-08,"강서양천교육지원청, 학맞통 전용 카카오톡 채널 '학맞통서포터' 개설",0.0,0,0,https://www.newspim.com/news/view/20260407000893
2026-04-08,병원 잡는 네이버 vs 사용자 겨냥 카카오…'AI 헬스케어' 경쟁 치열,0.0,0,0,https://www.ebn.co.kr/news/articleView.html?idxno=1704627
2026-04-08,"미래 유니콘 등용문…교육부, 학생 창업유망팀 400팀 선발",0.0,0,0,https://www.news1.kr/society/education/6128390
2026-04-08,"교육부, 창업 희망 학생 400팀 선발…'미래 창업가' 양성",0.0,0,0,https://view.asiae.co.kr/article/2026040721051192690
2026-04-08,동탄역 네일 케어 매장 '섬섬옥수' 개소…여성 중증장애인 일자리 확대,0.0,0,0,https://www.newspim.com/news/view/20260407000896
2026-04-08,1인 기업이 수조 원 매출 올리는 시대…AI가 바꾼 부의 지도,0.0,0,0,https://www.mt.co.kr/culture/2026/04/08/2026040723371028555
2026-04-08,"""미래 창업가 400팀 키운다""...전국 학생 창업유망팀 모집",0.0,0,0,https://www.newspim.com/news/view/20260407000970
2026-04-08,"장애인고용공단, 여성장애인 일자리 확대…‘섬섬옥수’ 동탄역점 개소",0.322,1,0,https://www.dailian.co.kr/news/view/1630696/?sc=Naver
2026-04-08,미래창업가 400팀 키운다…'학생 창업유망팀 300+' 모집 개시,0.0,0,0,https://www.yna.co.kr/view/AKR20260407128500530?input=1195m
2026-04-08,"'김지영 ♥' 윤수영, 다음·카카오 출신…정글서 생존 'CEO 로봇 남편' [...",0.0,0,0,https://www.mydaily.co.kr/page/view/2026040805144447714
2026-04-08,"서경대, 진로설계 워크숍 ‘커리어 피팅 데이’ 운영",0.0,0,0,https://www.naeil.com/news/read/584399?ref=naver
2026-04-08,"""이란, 파키스탄의 '2주 휴전안' 긍정 검토""…美도 검토 시사",0.0,0,0,https://www.nocutnews.co.kr/news/6498417?utm_source=naver&utm_medium=article&utm_campaign=20260408054648
2026-04-08,[스타트업 리포트]국내에서 로보택시 상용화한 김기혁 SWM 대표,0.0,0,0,https://www.hankookilbo.com/news/article/A2026040714230002941?did=NA
2026-04-08,"'문명 소멸', '지금껏 사용 안한 수단'…'핵무기' 우려 목소리도",0.0,0,0,https://www.nocutnews.co.kr/news/6498416?utm_source=naver&utm_medium=article&utm_campaign=20260408054748
2026-04-08,오늘부터 공영주차장 5부제 시행…'상세 안내'는 미흡,0.0,0,0,http://www.yonhapnewstv.co.kr/MYH20260408051414Fbt
2026-04-08,"""초토화""·""보복"" 고조되는 중동 전운…2주 시한 연장 호소도",0.0,0,0,https://www.nocutnews.co.kr/news/6498415?utm_source=naver&utm_medium=article&utm_campaign=20260408054848
2026-04-08,[단독] “육아휴직자는 ‘폐차’?”…카카오 CPO 조직서 ‘엄마 직원’...,0.0,0,0,https://www.hani.co.kr/arti/economy/it/1253142.html
2026-04-08,"""금전 거래 관련 증인 신문 해야""… 카카오엔터 항소심 공판 28일로",0.0,0,0,https://www.lawtimes.co.kr/news/articleView.html?idxno=219027
2026-04-08,[단독]'서부지법 폭동' 수사 마무리…전광훈 측근 무더기 송치,0.0,0,0,https://www.nocutnews.co.kr/news/6498200?utm_source=naver&utm_medium=article&utm_campaign=20260408050049
2026-04-08,[기고]중동전쟁과 에너지 전환의 과제,0.0,0,0,https://www.nocutnews.co.kr/news/6497877?utm_source=naver&utm_medium=article&utm_campaign=20260408050049
2026-04-08,"[단독]'새우꺾기' 그 화성보호소서 또 폭행…외국인 ""국가 손배소""",0.0,0,0,https://www.nocutnews.co.kr/news/6498399?utm_source=naver&utm_medium=article&utm_campaign=20260408050051
2026-04-08,[칼럼]청춘의 시험지 앞에 기성세대의 답안을 묻다,0.0,0,0,https://www.nocutnews.co.kr/news/6497535?utm_source=naver&utm_medium=article&utm_campaign=20260408050048
2026-04-08,"與, 대북송금 이어 '대장동 수사' 겨냥…조작기소 굳히기",0.0,0,0,https://www.nocutnews.co.kr/news/6498327?utm_source=naver&utm_medium=article&utm_campaign=20260408050051
2026-04-08,"서민금융 출연 대상 넓히나…서금원장, 증권·가상자산 정조준",0.0,0,0,https://www.nocutnews.co.kr/news/6498356?utm_source=naver&utm_medium=article&utm_campaign=20260408050050
2026-04-08,2주 만에 '차량 5부제→2부제'…다음은 민간 확대?,0.0,0,0,https://www.nocutnews.co.kr/news/6498300?utm_source=naver&utm_medium=article&utm_campaign=20260408050050
2026-04-08,"끝자리 3·8 차량, 오늘 공영주차장 못댄다…단 이 경우는 예외",0.0,0,0,https://www.joongang.co.kr/article/25418365
2026-04-08,"몽클레르, 패딩 대신 산뜻한 '바람막이'…2026 봄 여성 컬렉션",0.0,0,0,https://www.nocutnews.co.kr/news/6498396?utm_source=naver&utm_medium=article&utm_campaign=20260408045548
2026-04-08,구글 제친 삼전…AI가 밀어올린 1분기 영업이익 57.2조,0.0,0,0,https://www.nocutnews.co.kr/news/6498242?utm_source=naver&utm_medium=article&utm_campaign=20260408044548
2026-04-08,"LH, 올해 첫 3647세대 공공분양... 3기 신도시 공급 속도전",0.0,0,0,https://www.hankookilbo.com/news/article/A2026040109520000200?did=NA
2026-04-08,고물가에 불붙은 '삼각김밥 대전'… 밥알 혁명에 재료도 꽉꽉,0.0,0,0,https://www.hankookilbo.com/news/article/A2026040713510001343?did=NA
2026-04-08,"'혼전 임신' 김지영, 남편 윤수영 최초 공개 ""고려대 출신 CEO""",0.0,0,0,https://www.mt.co.kr/entertainment/2026/04/08/2026040804044924636
2026-04-08,"더현대 하이, 카카오툴즈 '프리미엄 e커머스' 파트너사로 합류한다",0.0,0,0,https://www.apnews.kr/news/articleView.html?idxno=3047566
2026-04-08,밀양아리랑대축제 사전 홍보 '온라인 리듬 게임 챌린지',0.0,0,0,http://www.gnmaeil.com/news/articleView.html?idxno=584142
2026-04-08,"""이란, '문명 소멸 위협' 이후 미국과 직접 소통 채널 끊어""",0.0,0,0,https://www.nocutnews.co.kr/news/6498414?utm_source=naver&utm_medium=article&utm_campaign=20260408054849
2026-04-08,오늘부터 '5부제' 아셨나요?‥공영주차장 가보니,0.0,0,0,https://imnews.imbc.com/replay/2026/nw2500/article/6813428_36989.html
2026-04-08,"'동상이몽2' 김지영 ""윤수영과 같이 샤워…한시도 떨어지고 싶지 않아""...",0.0,0,0,http://www.stoo.com/article.php?aid=106019293641
2026-04-08,"수강생엔 강의 녹화본, 땅집고옥션 3개월 이용권 무료 제공",0.0,0,0,https://www.chosun.com/economy/realty/2026/04/08/OGPEYZTHVFB3DHVJMPP4H3MOHQ/?utm_source=naver&utm_medium=referral&utm_campaign=naver-news
2026-04-08,"상법 개정 후… 이사들, 오너 복귀에도 반대표",0.0,0,0,https://www.chosun.com/economy/industry-company/2026/04/08/GYLEDFRV7FEF7IO2RLGOGFTXRA/?utm_source=naver&utm_medium=referral&utm_campaign=naver-news
2026-04-08,"MG새마을금고, 대출 4배 초과… 당국, 이례적 ‘공개 경고’",0.0,0,0,https://www.kmib.co.kr/article/view.asp?arcid=1775548964&code=11151300&cp=nv
2026-04-08,"英 더타임스 ""이란 최고지도자, 의식불명으로 치료 중""",0.0,0,0,https://www.nocutnews.co.kr/news/6498413?utm_source=naver&utm_medium=article&utm_campaign=20260408054948
2026-04-08,"대전, 8일 오전 10시부터 '대한민국 숙박 세일 페스타' 할인권 선착순 발...",0.0,0,0,https://www.newscj.com/news/articleView.html?idxno=3392138
2026-04-08,2026 숙박세일 페스타 쿠폰 발급 일정 시작,0.0,0,0,https://www.bntnews.co.kr/article/view/bnt202604060003
2026-04-08,"강세장 힘 못 쓴 '네카오', 눈높이도 '싹둑'…주주 고심",0.583,2,0,https://news.tf.co.kr/read/economy/2310615.htm
2026-04-08,"오픈AI와 '쇼핑 동맹' 이마트, '한국형 아마존' 대전환 속도",0.0,0,0,https://www.ziksir.com/news/articleView.html?idxno=129987
2026-04-07,"김지영 CEO 남편 윤수영, 고려대 출신 “다음 입사해 카카오 퇴사” (동...",0.0,0,0,https://www.newsen.com/news_view.php?uid=202604072342361710
2026-04-07,이란 발전소·다리 앞 '인간 사슬' 등장…트럼프 폭격 대비,0.0,0,0,https://www.nocutnews.co.kr/news/6498409?utm_source=naver&utm_medium=article&utm_campaign=20260407113145
2026-04-07,"김지영, '110억 투자 유치' CEO 남편♥ 첫 공개...강남 558평 사옥 자랑 ...",0.0,0,0,https://www.sportschosun.com/entertainment/2026-04-07/202604070100052300003344
2026-04-07,[브리프]신세계백화점 현대백화점 쿠팡 이마트 홈플러스 GS샵 서울스카...,0.0,0,0,http://www.biztribune.co.kr/news/articleView.html?idxno=351988
2026-04-07,"경주시, 택시요금 '경주페이' 결제 도입…10% 캐시백 혜택",0.0,0,0,http://www.inews24.com/view/1958015
2026-04-07,"[TVis] ‘김지영♥’윤수영, 558평 강남 사옥 공개…“다음→카카오 출...",0.0,0,0,https://isplus.com/article/view/isp202604070212
2026-04-07,"'혼전 임신' 김지영, 남편 ♥윤수영 최초 공개.. 고려대 출신 CEO [동상이...",0.0,0,0,https://www.starnewskorea.com/broadcast-show/2026/04/07/2026040722383049390
2026-04-07,"민형배 ""가짜뉴스 , 끝까지 책임 묻는다""… 전담 대응본부 출범",0.0,0,0,http://www.newsworker.co.kr/news/articleView.html?idxno=420994
2026-04-07,"CU, 간편식 아침·주말 50% 할인 프로모션",0.0,0,0,http://www.econonews.co.kr/news/articleView.html?idxno=434575
2026-04-07,눈만 깜빡했을 뿐인데 완판이라니…,0.0,0,0,https://wemakenews.co.kr/news/view.php?no=25021
2026-04-07,내일부터 공영주차장 5부제 시행…'상세 안내'는 미흡,0.0,0,0,http://www.yonhapnewstv.co.kr/MYH202604072254282wB
2026-04-07,'이주노동자 에어건 분사 사건' 경찰·노동부·법무부 전방위 조사,0.0,0,0,https://www.nocutnews.co.kr/news/6498405?utm_source=naver&utm_medium=article&utm_campaign=20260407103644
2026-04-07,"[종합] ""아이를 트로피로 여기면 안 돼요""…'이호선 상담소', 왜곡된 가...",0.0,0,0,https://www.topstarnews.net/news/articleView.html?idxno=16028187
2026-04-07,"대전 동구, '지방세 감면 알림톡' 운영",0.0,0,0,http://www.newstnt.com/news/articleView.html?idxno=604935
2026-04-07,내리교회 선교 141주년 기념 헨델의 '메시아' 연주회,0.0,0,0,https://www.nocutnews.co.kr/news/6498369?utm_source=naver&utm_medium=article&utm_campaign=20260407102744
2026-04-07,2026 교계 부활절 메시지 키워드 '평화'와 '생명',0.0,0,0,https://www.nocutnews.co.kr/news/6498351?utm_source=naver&utm_medium=article&utm_campaign=20260407102745
2026-04-07,"카카오창작재단, 홍대 라이브클럽데이 후원 통해 평균 관객 65% 증가··...",0.0,0,0,https://sports.khan.co.kr/article/202604072225003?pt=nv
2026-04-07,"삼성서울병원 암병원, ICHOM 유방암 1단계 인증 획득",0.0,0,0,http://www.lawissue.co.kr/view.php?ud=202604072222152167f4ab64559d_12
2026-04-07,"트럼프 ""오늘 밤 한 문명 사라질 것…다신 되돌릴 수 없어""(종합)",0.0,0,0,https://www.nocutnews.co.kr/news/6498404?utm_source=naver&utm_medium=article&utm_campaign=20260407102144
2026-04-07,재판소원 세번째 사전심사도 전원부 회부 '0건'…194건 각하,0.0,0,0,https://www.nocutnews.co.kr/news/6498403?utm_source=naver&utm_medium=article&utm_campaign=20260407101744
2026-04-07,"서울지노위 ""한국공항공사·인덕·성공회대 하청노조와 교섭해야""",0.0,0,0,https://www.nocutnews.co.kr/news/6498402?utm_source=naver&utm_medium=article&utm_campaign=20260407100344
2026-04-07,"악시오스 ""미군, 이란 하르그섬 군시설 공격""…이란도 보복 경고",0.0,0,0,https://www.nocutnews.co.kr/news/6498398?utm_source=naver&utm_medium=article&utm_campaign=20260407100044
2026-04-07,"""셋이 연애하는 기분""…'이호선 상담소', 결혼 앞둔 모녀 '간섭 전쟁' 폭...",0.0,0,0,https://www.topstarnews.net/news/articleView.html?idxno=16028168
2026-04-07,"포스코, 협력사 직원 7천 명 직접 고용…'위험의 외주화' 근절",0.0,0,0,https://www.nocutnews.co.kr/news/6498397?utm_source=naver&utm_medium=article&utm_campaign=20260407095244
2026-04-07,"트럼프 ""오늘밤 한 문명 사라질 것""…·시한 앞두고 이란 압박",0.0,0,0,https://www.nocutnews.co.kr/news/6498395?utm_source=naver&utm_medium=article&utm_campaign=20260407094844
2026-04-07,"상법 개정 후 …대기업들, 이사회 줄이고 정관 변경",0.0,0,0,https://www.idaegu.co.kr/news/articleView.html?idxno=544339
2026-04-07,"밀양아리랑대축제, 13일~5월6일 전국민 참여 이벤트 리듬게임 챌린지",0.0,0,0,https://www.ulsanpress.net/news/articleView.html?idxno=572686
2026-04-07,"세븐일레븐, ‘데우지 않아도 완성되는 밥’…올 뉴 삼각김밥으로 간편...",0.0,0,0,https://cooknchefnews.com/news/view/1065588932864727
2026-04-07,"“검색 쇼핑 넘어, 나만의 취향 발견하세요”",0.0,0,0,https://sports.donga.com/economy/article/all/20260407/133688442/1
2026-04-07,김치찌개가 3000원?… 고물가에 ‘가성비 식당’ 뜬다,0.0,0,0,http://www.knnews.co.kr/news/articleView.php?idxno=1538837
2026-04-07,경주 택시요금도 지역화폐 결제…10% 캐시백,0.0,0,0,https://www.ksmnews.co.kr/news/view.php?idx=599109
2026-04-07,"[모빌리티핫이슈] 우버, 카카오모빌리티 인수?…테슬라 6인승 모델Y L 출...",0.537,1,0,https://www.digitaltoday.co.kr/news/articleView.html?idxno=654405
2026-04-07,"대신증권, '마켓 인사이트 라이브' 개최…글로벌 변수 투자 전략 제시",0.0,0,0,https://www.newspim.com/news/view/20260407001187
2026-04-07,"끝내 좁혀지지 않은 해법…'관광 충돌, 복지 갈림' 박형준·주진우 마지...",0.0,0,0,https://www.nocutnews.co.kr/news/6498393?utm_source=naver&utm_medium=article&utm_campaign=20260407084544
2026-04-07,민형배 캠프 “허위사실 고발”…정작 ‘무엇이 허위’인지는 없다,0.0,0,0,https://www.ekn.kr/web/view.php?key=20260407023595115
2026-04-07,"배우 현빈, 실제 국정원 방첩요원됐다",0.0,0,0,https://www.nocutnews.co.kr/news/6498391?utm_source=naver&utm_medium=article&utm_campaign=20260407083444
2026-04-07,"김용판 ""공직, 구청장으로 마무리""…李대통령 조폭 연루설 제기 ""사과""",0.0,0,0,https://www.nocutnews.co.kr/news/6498390?utm_source=naver&utm_medium=article&utm_campaign=20260407083244
2026-04-09,"카카오뱅크, 인니·태국 넘어 몽골까지…‘글로벌 디지털은행’ 확장",0.0,0,0,https://www.dailian.co.kr/news/view/1631176/?sc=Naver
2026-04-09,전쟁이 부른 소모품 수급 불안…개원·약국가 동병상련,0.0,0,0,https://www.dailypharm.com/user/news/337312?REFERER=NP
2026-04-09,"'몽골'로 글로벌 영토 확장···""시작은 CSS 전수"" [2026 카카오뱅크 성...",0.0,0,0,http://www.fntimes.com/html/view.php?ud=202604081950519598b4a7c6999c_18
2026-04-09,"복잡한 금융, '대화'로 해결···윤호영 대표, 'AI Native Bank' 선언 [20...",0.0,0,0,http://www.fntimes.com/html/view.php?ud=202604090137117170b4a7c6999c_18
2026-04-09,"윤호영號 카뱅, 은행 넘어 결제·투자 플랫폼으로 '진화' [2026 카카오뱅...",0.0,0,0,http://www.fntimes.com/html/view.php?ud=202604090146224809b4a7c6999c_18
2026-04-09,"포천시, 미래성장도시 대전환 본격화…국방·교육·경제 결합",0.322,1,0,https://www.nocutnews.co.kr/news/6499099?utm_source=naver&utm_medium=article&utm_campaign=20260409060101
2026-04-09,전자담배도 금연구역에서 사용하면 과태료 부과,0.0,0,0,https://www.nocutnews.co.kr/news/6499159?utm_source=naver&utm_medium=article&utm_campaign=20260409060101
2026-04-09,"""9호선 정차"" 남양주 왕숙 신도시, '국평 6억' LH 청약 접수한다",0.0,0,0,https://realty.chosun.com/site/data/html_dir/2026/04/08/2026040803388.html
2026-04-09,1분기 증시 '불장'에 국민연금 주식 평가액 78.5조원 급증,0.0,0,0,https://www.yna.co.kr/view/AKR20260408157800008?input=1195m
2026-04-09,"""AI가 만든 광고입니다""…워터마크 의무화 속도 내는 플랫폼",0.0,0,0,https://www.news1.kr/it-science/general-it/6129734
2026-04-09,오차 60cm 이내 '고정밀 전자지도' 기반 신산업 키운다,0.0,0,0,https://www.nocutnews.co.kr/news/6498799?utm_source=naver&utm_medium=article&utm_campaign=20260409060100
2026-04-09,"[AI커머스, 新 주도권 싸움] ③ 네이버 AI쇼핑 VS 챗GPT 포 카카오, 같은...",0.0,0,0,https://www.dnews.co.kr/uhtml/view.jsp?idxno=202604081117344660435
2026-04-09,카카오의 메타식 AI 사업전략… 메타식 생태계 기반은 부족,0.0,0,0,https://it.chosun.com/news/articleView.html?idxno=2023092160048
2026-04-09,넥슨·크래프톤 질주 뒤에...중견·중소 '생존 위기' 깊어진다,0.0,0,0,https://www.dailian.co.kr/news/view/1631130/?sc=Naver
2026-04-09,"펫보험, 1500만 시대에도 '1%대'… 왜 못 크나",0.0,0,0,https://www.lcnews.co.kr/news/articleView.html?idxno=200443
2026-04-09,제4인뱅 재추진설 솔솔… 예전같지 않은 눈높이에 허들 높아질 듯,0.0,0,0,https://it.chosun.com/news/articleView.html?idxno=2023092160038
2026-04-09,"[AI커머스, 新 주도권 싸움] ① 유통업계, AI 플랫폼에 고객 접점 내줄 ...",0.0,0,0,https://www.dnews.co.kr/uhtml/view.jsp?idxno=202604081105040160430
2026-04-09,"윤호영 카뱅 대표 ""슈퍼앱 모순 풀 열쇠는 AI…새 글로벌 진출지 몽골""",0.0,0,0,https://www.getnews.co.kr/news/articleView.html?idxno=867329
2026-04-09,"아르테미스 2호, 달 비행 임무 마무리…이제 남은 건 '무사 귀환'",0.0,0,0,https://www.nocutnews.co.kr/news/6499189?utm_source=naver&utm_medium=article&utm_campaign=20260409052500
2026-04-09,김연아가 발레를?… '피겨 퀸'의 파격 변신 공개,0.0,0,0,https://www.ggilbo.com/news/articleView.html?idxno=1151064
2026-04-09,"식약처-㈜카카오, 화장품 모바일 전자문서 서비스 시행",0.0,0,0,https://medicalworldnews.co.kr/news/view.php?idx=1510973991
2026-04-09,"미·이란 첫 종전 협상 11일 개최…백악관 ""부통령이 대표단 이끈다""",0.0,0,0,https://www.nocutnews.co.kr/news/6499188?utm_source=naver&utm_medium=article&utm_campaign=20260409061000
2026-04-09,[이코노 브리핑] 이윤수 예탁원 사장 취임 “서비스 고도화” 외,0.0,0,0,https://www.segye.com/newsView/20260408517047?OutUrl=naver
2026-04-09,'李사진 불가'에 또 명·청 갈등…靑 '부글부글',0.0,0,0,https://www.nocutnews.co.kr/news/6499150?utm_source=naver&utm_medium=article&utm_campaign=20260409050107
2026-04-09,아르테미스 '라드큐브' 교신 실패 후…우주항공청 구상은?,0.0,0,0,https://www.nocutnews.co.kr/news/6499072?utm_source=naver&utm_medium=article&utm_campaign=20260409050103
2026-04-09,"포스코 하청 '직고용'…노봉법 시대, 모범인가 꼼수인가",0.0,0,0,https://www.nocutnews.co.kr/news/6499136?utm_source=naver&utm_medium=article&utm_campaign=20260409050104
2026-04-09,순직해병 이어 대북송금 사건서 '키맨'으로 떠오른 이시원,0.0,0,0,https://www.nocutnews.co.kr/news/6499182?utm_source=naver&utm_medium=article&utm_campaign=20260409050107
2026-04-09,"정원오 ""원팀 위해 참는 것…국힘 상대론 다를 것""[이정주의 질문하는 ...",0.0,0,0,https://www.nocutnews.co.kr/news/6499184?utm_source=naver&utm_medium=article&utm_campaign=20260409050108
2026-04-09,"""구속 신청할 리가…"" 여유 넘치는 김병기, 자초한 경찰",0.0,0,0,https://www.nocutnews.co.kr/news/6499169?utm_source=naver&utm_medium=article&utm_campaign=20260409050107
2026-04-09,"이창용 마지막 금통위, 7연속 동결 유력…'연내 인상' 관측도",0.0,0,0,https://www.nocutnews.co.kr/news/6499014?utm_source=naver&utm_medium=article&utm_campaign=20260409050101
2026-04-09,"네이버 손잡은 ‘컬리’ 효과 벤치마킹⋯유통가, ‘IT 동맹’ 가속페달",0.0,0,0,https://www.etoday.co.kr/news/view/2573997
2026-04-09,"추미애 완승 與내부 평가…""내란불씨에 개혁표심 결집""",0.0,0,0,https://www.nocutnews.co.kr/news/6499138?utm_source=naver&utm_medium=article&utm_campaign=20260409050106
2026-04-09,“뱅킹~투자 AI비서 제공 …몽골시장 진출도 본격화” [비즈 Who],0.0,0,0,https://www.segye.com/newsView/20260408517054?OutUrl=naver
2026-04-09,"원유 숨통 트일까…정부, '최고가격제·차량 부제' 카드 고심",0.0,0,0,https://www.nocutnews.co.kr/news/6499140?utm_source=naver&utm_medium=article&utm_campaign=20260409050105
2026-04-09,"'공천 갈등' 민주당, '바람 약한' 국힘…오산시장 선거판",0.0,0,0,https://www.nocutnews.co.kr/news/6499101?utm_source=naver&utm_medium=article&utm_campaign=20260409050104
2026-04-09,"""평발에 아치 무너져도 뜁니다"" 59년생 정형외과 전문의 김학윤의 '멈추...",0.0,0,0,https://www.nocutnews.co.kr/news/6498741?utm_source=naver&utm_medium=article&utm_campaign=20260409050100
2026-04-09,"靑, 장동혁 '李 연임' 도발에 침착…이유는?",0.0,0,0,https://www.nocutnews.co.kr/news/6499135?utm_source=naver&utm_medium=article&utm_campaign=20260409045559
2026-04-09,이란戰 파국 피했다지만…시한부 휴전에 산업계 '살얼음판',0.0,0,0,https://www.nocutnews.co.kr/news/6499083?utm_source=naver&utm_medium=article&utm_campaign=20260409044600
2026-04-09,[굿모닝금융] 우리금융·새마을금고중앙회·토스뱅크카카오페이·NH농협...,0.0,0,0,http://www.bizwnews.com/news/articleView.html?idxno=132988
2026-04-09,"""아, 삼전 샀어야 돼"" 네카오 개미들 '비명'...코스피 오르는데 뒷걸음...",-0.322,0,1,https://www.mt.co.kr/stock/2026/04/09/2026040820021330852
2026-04-09,"한국장애인고용공단, '섬섬옥수' 동탄역점 정식 개소",0.0,0,0,https://www.cstimes.com/news/articleView.html?idxno=701339
2026-04-09,"""원화 스테이블코인 주도를""… 카뱅, 결제·투자 혁신 노린다",0.0,0,0,https://www.mt.co.kr/finance/2026/04/09/2026040819530273656
2026-04-09,'의료 AI 파운데이션' 모델 개발 경쟁 치열…루닛에 딥노이드 속도전으...,0.0,0,0,https://www.ddaily.co.kr/page/view/2026040816592279803
2026-04-09,'K-패스' 진화한다…교통비 절감 넘어 '생활경제 플랫폼'으로 진화,0.261,1,0,https://www.lcnews.co.kr/news/articleView.html?idxno=200461
2026-04-09,국립민속국악원 대표창극 '춘향' 남원서 3회 공연,0.0,0,0,https://www.sentv.co.kr/article/view/sentv202604080177
2026-04-09,예금보다 높은 수익… IMA·발행어음 투자해볼까,0.261,1,0,https://www.chosun.com/economy/money/2026/04/09/RAMXPBYF5VAELLRIP4QX5PGMYA/?utm_source=naver&utm_medium=referral&utm_campaign=naver-news
2026-04-09,"제일기획, AI 배너 변형 서비스 ‘베리에이드’ 도입",0.0,0,0,https://www.donga.com/news/Economy/article/all/20260408/133701431/2
2026-04-09,"몽골 공략 카뱅, 태국 손잡는 케뱅… 인터넷은행, 세계로 눈돌린다",0.0,0,0,https://www.donga.com/news/Economy/article/all/20260408/133702056/2
2026-04-09,"파주시, 4년 연속 경기도 세외수입운영 종합평가 ‘우수기관’ 선정",0.0,0,0,http://www.globalepic.co.kr/view.php?ud=202604081407458285f69d33b22_29
2026-04-09,“국내 대출 대신 해외 수출” 눈 돌리는 인터넷은행,0.0,0,0,https://www.joongang.co.kr/article/25418685
2026-04-09,"""말로 묻고 바로 답한다""…플랫폼, 음성 AI 주도권 경쟁 확대",0.0,0,0,https://www.ziksir.com/news/articleView.html?idxno=130142
2026-04-09,'2주간의 숨 고르기'…증시의 눈은 다시 '실적'과 '성장'으로,0.38,2,1,https://www.thefairnews.co.kr/news/articleView.html?idxno=73834
2026-04-08,"카카오스타일 '지그재그', 직잭뷰티 페스타 진행....에뛰드, 메디힐, 힌...",0.0,0,0,http://www.econonews.co.kr/news/articleView.html?idxno=434783
2026-04-08,"박성웅 ""이종호, '우리 사단장' 하며 허그…꽤 친했던 것 같다""",0.0,0,0,https://www.nocutnews.co.kr/news/6499183?utm_source=naver&utm_medium=article&utm_campaign=20260408114057
2026-04-08,"KB증권, '섬섬옥수' 3호점 동탄역에 개소""중증장애인 일자리 창출""",0.0,0,0,http://www.newsroad.co.kr/news/articleView.html?idxno=57565
2026-04-08,"하츠웨이브(hrtz.wav), 2022년 멤버의 등장...'카카오 엔터 밴드가 왔다...",0.0,0,0,https://www.mydaily.co.kr/page/view/2026040820543124700
2026-04-08,"'쿠키런: 킹덤', '케이팝 데몬 헌터스' 컬래버 진행…헌트릭스·사자보...",0.0,0,0,https://www.xportsnews.com/article/2134018
2026-04-08,"글로벌 CRM 플랫폼 브레이즈, 한국 데이터센터 오픈 및 카카오톡 메시징...",0.0,0,0,https://byline.network/?p=9004111222598706
2026-04-08,"KB證, '섬섬옥수' 3호점 동탄역에 개소 外",0.0,0,0,https://www.rcast.co.kr/news/articleView.html?idxno=30471
2026-04-08,"횡단보도서 승용차가 보행자 덮쳐 3명 중경상…""페달 잘못 밟아""",0.0,0,0,https://www.nocutnews.co.kr/news/6499178?utm_source=naver&utm_medium=article&utm_campaign=20260408105557
2026-04-08,"브레이즈, 한국에 데이터센터 카카오톡 채널 동시 개설, 현지화 글로벌...",0.0,0,0,http://www.technoa.co.kr/news/articleView.html?idxno=100764
2026-04-08,"카카오페이, 전사 에너지 절감 모드 가동, 차량 5부제 전력관리 강화",0.0,0,0,http://www.technoa.co.kr/news/articleView.html?idxno=100765
2026-04-08,"한진, 국가브랜드 물류산업 부문 '대상'",0.0,0,0,http://www.hansbiz.co.kr/news/articleView.html?idxno=831622
2026-04-08,"토스뱅크 K-패스 체크카드, 출시 한 달 만에 13만 장 기록 外",0.322,1,0,https://www.rcast.co.kr/news/articleView.html?idxno=30470
2026-04-08,"한국공항공사, 기내반입금지물품 안내 강화 '항공보안 캠페인' 실시",0.0,0,0,http://www.seoulwire.com/news/articleView.html?idxno=715957
2026-04-08,"제너시스BBQ, 닭갈비 밀키트로 HMR 시장 공략",0.0,0,0,https://cooknchefnews.com/news/view/1065609961709676
2026-04-08,"李대통령이 엄지척 한 '불금정치'…""정치는 국민이 한다""",0.0,0,0,https://www.nocutnews.co.kr/news/6499174?utm_source=naver&utm_medium=article&utm_campaign=20260408101456
2026-04-08,"전북 민주당, 이틀 앞둔 기초단체장 경선 연기",0.0,0,0,https://www.nocutnews.co.kr/news/6499176?utm_source=naver&utm_medium=article&utm_campaign=20260408101156
2026-04-08,"美국방 ""'결정적 승리' 거뒀다…휴전 흔들릴 경우 공격 재개""",0.0,0,0,https://www.nocutnews.co.kr/news/6499173?utm_source=naver&utm_medium=article&utm_campaign=20260408100356
2026-04-08,"[엄지용] 단말기 보급 경쟁의 진짜 이유, 토스와 네이버가 노리는 것",0.0,0,0,http://www.apparelnews.co.kr/news/news_view/?idx=224500
2026-04-08,생각도 감정도 자원화…AI 안으로 빨려 드는 노동의 현장,0.0,0,0,https://www.nocutnews.co.kr/news/6499025?utm_source=naver&utm_medium=article&utm_campaign=20260408100056
2026-04-08,충북 음성군 생극 생활체육공원 오는 12월 준공,0.0,0,0,https://www.nocutnews.co.kr/news/6499171?utm_source=naver&utm_medium=article&utm_campaign=20260408093956
2026-04-08,"중기부,   '4월 동행축제'...카카오 지마켓 컬리 등 참여 내수 살리기 총...",0.0,0,0,http://www.econonews.co.kr/news/articleView.html?idxno=434748
2026-04-08,[EBN 오늘(8일) 이슈 종합] 중동 재무장 물결 K-방산 정조준…금융권 중...,0.462,1,0,https://www.ebn.co.kr/news/articleView.html?idxno=1704835
2026-04-08,"차은우, 납세 논란 재차 사과…""관련 세금 모두 납부""",0.0,0,0,https://www.nocutnews.co.kr/news/6499167?utm_source=naver&utm_medium=article&utm_campaign=20260408105457
2026-04-08,역대급 실적에도 주가 부진…커머스주 전락한 네이버,0.0,0,0,https://www.mk.co.kr/article/12007256
2026-04-08,카뱅 “AI 금융비서 시대 열겠다”,0.0,0,0,https://www.khan.co.kr/article/202604082101015
2026-04-08,"'허강박 트리오' 49점 합작…KB스타즈, PO 먼저 1승",0.0,0,0,https://www.nocutnews.co.kr/news/6499166?utm_source=naver&utm_medium=article&utm_campaign=20260408085956
2026-04-08,"평택시, 체납 차량 대상 번호판 영치 단속 실시",0.0,0,0,http://www.lawissue.co.kr/view.php?ud=202604081412203334edd30pn2gj_12
2026-04-08,"충북교육청, 산업재해 예방체계 강화",0.0,0,0,https://www.nocutnews.co.kr/news/6499165?utm_source=naver&utm_medium=article&utm_campaign=20260408085656
2026-04-08,"경산시, 취득세 사후관리 대상자에 카카오톡 알림서비스",0.0,0,0,https://www.ksmnews.co.kr/news/view.php?idx=599368
2026-04-08,"탈출 11시간째, 늑대는 어디에…""48시간 골든타임 내 포획 총력""",0.0,0,0,https://www.nocutnews.co.kr/news/6499161?utm_source=naver&utm_medium=article&utm_campaign=20260408105557
2026-04-08,세계 정원문화의 수도…'2026 서울국제정원박람회' 1일 개막,0.0,0,0,https://www.dongponews.net/news/articleView.html?idxno=57258
2026-04-08,"트럼프 ""이란과 긴밀히 협력…핵 잔해 제거·제재 완화도 논의""",-0.462,0,1,https://www.nocutnews.co.kr/news/6499162?utm_source=naver&utm_medium=article&utm_campaign=20260408085356
2026-04-08,"﻿티웨이항공, ‘출발 임박 특가’ 프로모션 진행",0.0,0,0,https://www.ksmnews.co.kr/news/view.php?idx=599532
2026-04-08,[4월9일자] 비즈니스포스트 아침의 주요기사,0.322,1,0,https://www.businesspost.co.kr/BP?command=article_view&num=435277
2026-04-08,아이들 빈틈 파고드는 ‘그루밍 성범죄’ 급증,0.0,0,0,http://www.kwangju.co.kr/article.php?aid=1775648400797581006
2026-04-08,"양주시, '2026년 도시농업 상자텃밭 새활용 보급사업' 실시",0.0,0,0,http://www.enewstoday.co.kr/news/articleView.html?idxno=2416254
2026-04-08,"인천지노위 ""인천공항공사, 안전 관련 하청노조 사용자 맞다""",0.0,0,0,https://www.nocutnews.co.kr/news/6499158?utm_source=naver&utm_medium=article&utm_campaign=20260408083455
2026-04-08,휴전 첫날 호르무즈 해협 선박 2척 통과…미·이란 해석은 엇갈려,0.0,0,0,https://www.nocutnews.co.kr/news/6499157?utm_source=naver&utm_medium=article&utm_campaign=20260408083155
2026-04-08,"한신대, 융복합 인재 양성 위한 '2026학년도 전공탐색박람회' 성황리 개...",0.0,0,0,https://www.kyosu.net/news/articleView.html?idxno=203162
2026-04-08,"항공·로봇·목공까지...경기항공고, 중3 대상 실습형 학과체험 '성황'",0.0,0,0,http://www.joygm.com/news/articleView.html?idxno=215109
2026-04-08,민주당 충북 기초단체장 경선 결과 발표…6곳 결선·4곳 확정,0.0,0,0,https://www.nocutnews.co.kr/news/6499156?utm_source=naver&utm_medium=article&utm_campaign=20260408081055
2026-04-08,공영주차장 5부제 시행 첫날…곳곳에서 혼선,0.0,0,0,https://www.obsnews.co.kr/news/articleView.html?idxno=1520270
2026-04-08,[비즈투데이] 카카오뱅크 서비스 개편…AI 기술 최적화,0.0,0,0,https://www.obsnews.co.kr/news/articleView.html?idxno=1520263
2026-04-08,"""오월드 탈출 늑대, 생포 원칙…사살은 최후 수단으로 제한해야""",0.0,0,0,https://www.nocutnews.co.kr/news/6499154?utm_source=naver&utm_medium=article&utm_campaign=20260408080655
2026-04-08,"강서양천교육지원청, 카카오톡 기반 학생맞춤통합지원 창구 개설",0.0,0,0,https://www.eroun.net/news/articleView.html?idxno=77698
2026-04-08,"김관영 전북지사, 가처분 기각 수용…""주어진 길 걷겠다""",0.0,0,0,https://www.nocutnews.co.kr/news/6499152?utm_source=naver&utm_medium=article&utm_campaign=20260408080055
2026-04-08,"김성태 ""어느 지방선거보다 민주당 열의 뜨거워…집권당 후보, 장점""",0.0,0,0,https://www.nocutnews.co.kr/news/6499149?utm_source=naver&utm_medium=article&utm_campaign=20260408074855
2026-04-08,민주당 충북지사 공천 파열음 '일파만파'…후폭풍 계속되나,0.0,0,0,https://www.nocutnews.co.kr/news/6499147?utm_source=naver&utm_medium=article&utm_campaign=20260408074555
2026-04-09,"코스피·코스닥 전 거래일(8일) 주요공시...RF머트리얼즈, 280억원 주주배...",0.322,1,0,https://www.pinpointnews.co.kr/news/articleView.html?idxno=443986
2026-04-10,스마트농업 우수기업 15개사 최초 선정…기술 혁신·현장 확산 선도,0.0,0,0,https://www.nocutnews.co.kr/news/6499730?utm_source=naver&utm_medium=article&utm_campaign=20260410060012
2026-04-10,"교육부, 시도교육청에 추경 신속 편성·집행 촉구",0.0,0,0,https://www.nocutnews.co.kr/news/6499806?utm_source=naver&utm_medium=article&utm_campaign=20260410060013
2026-04-10,지방 미분양 아파트 5천호 매입…노동자에게 공공임대,0.0,0,0,https://www.nocutnews.co.kr/news/6499760?utm_source=naver&utm_medium=article&utm_campaign=20260410060012
2026-04-10,몸집 키운 인뱅 3사...개인사업자 대출·수신이 해법,0.0,0,0,http://www.fnnews.com/news/202604010616476731
2026-04-10,"미래에셋 ""투자성공 돕는 자산관리 플랫폼 진화"" [증시 MTS 열전 ⑤]",0.322,1,0,https://it.chosun.com/news/articleView.html?idxno=2023092159889
2026-04-10,아이유♥변우석 ‘21세기 대군부인’ 방송 전부터 1위 찍은 조합 어떨까...,0.0,0,0,https://www.newsen.com/news_view.php?uid=202604061750120310
2026-04-10,작년 '학교 안 다니는 청소년' 약 6000명 무료 건강검진 받아,0.0,0,0,https://www.news1.kr/society/women-family/6131488
2026-04-10,"멜라니아 '깜짝 발표'…""나를 엡스타인과 엮는 거짓말 끝내야""",0.0,0,0,https://www.nocutnews.co.kr/news/6499964?utm_source=naver&utm_medium=article&utm_campaign=20260410055812
2026-04-10,"천안시티FC, 홈에서 충청더비 승리 도전…연승 흐름 만든다",0.0,0,0,https://www.fourfourtwo.co.kr/news/articleView.html?idxno=90302
2026-04-10,"사북 유도부, 지역희망의 시작 임흥수 사북고등학교 교장 ｜#헬로이슈토...",0.0,0,0,http://news.lghellovision.net/news/articleView.html?idxno=540020
2026-04-10,[시니어 마음건강 처방전] 시니어 불안의 진짜 원인,0.0,0,0,https://www.pharmnews.com/news/articleView.html?idxno=302750
2026-04-10,"‘왕사남’ 김수진, ‘21세기 대군부인’ 제조상궁 정미희 役 낙점",0.0,0,0,https://sports.khan.co.kr/article/202604100544003?pt=nv
2026-04-10,"""아이 키우기 좋은 광주, '똑순이' 이자형이 만든다""[영상]",0.0,0,0,https://www.nocutnews.co.kr/news/6499564?utm_source=naver&utm_medium=article&utm_campaign=20260410053012
2026-04-10,"나토 사무총장 ""해협 안전 확보에 역할 할 것…韓·日도 필요""",0.0,0,0,https://www.nocutnews.co.kr/news/6499963?utm_source=naver&utm_medium=article&utm_campaign=20260410050611
2026-04-10,"오리온, '초코송이 말차' 상시 판매로 전환…'100만개' 성원 화답",0.0,0,0,https://www.apnews.kr/news/articleView.html?idxno=3047697
2026-04-10,‘맞춤법 천재’의 비결은 사전 찾기 [.txt],0.0,0,0,https://www.hani.co.kr/arti/culture/book/1253558.html
2026-04-10,불확실성에 최고가격 '동결'…기름값 2천원 초반서 멈추나,0.0,0,0,https://www.nocutnews.co.kr/news/6499941?utm_source=naver&utm_medium=article&utm_campaign=20260410050014
2026-04-10,"""팔 사람은 다 팔았는데""…'매물 쥐어짜기' 얼마나 더 나올까?",0.0,0,0,https://www.nocutnews.co.kr/news/6499715?utm_source=naver&utm_medium=article&utm_campaign=20260410050011
2026-04-10,"마크 탈퇴 후 재정비…새 변화 맞은 NCT, 2026년에도 달린다",0.0,0,0,https://www.nocutnews.co.kr/news/6499946?utm_source=naver&utm_medium=article&utm_campaign=20260410050015
2026-04-10,지방선거 두 달 앞인데 장동혁 미국행…이 시점에 왜?,0.0,0,0,https://www.nocutnews.co.kr/news/6499939?utm_source=naver&utm_medium=article&utm_campaign=20260410050013
2026-04-10,"[단독]'내부자거래 의혹' 레인보우 임원 ""절세 목적"" ""실수"" 황당 변론",0.0,0,0,https://www.nocutnews.co.kr/news/6499866?utm_source=naver&utm_medium=article&utm_campaign=20260410050012
2026-04-10,[단독] 카카오 김범수 지분 100% ‘케이큐브’… 투자 실패·무리한 배당...,0.0,0,0,https://www.chosun.com/economy/tech_it/2026/04/10/NTQY4YQEDNBH7CQ73SU3B45BUM/?utm_source=naver&utm_medium=referral&utm_campaign=naver-news
2026-04-10,"윤희숙 ""껍데기에 치중한 오세훈…영혼없는 서울시정 바꿔야""",0.0,0,0,https://www.nocutnews.co.kr/news/6499942?utm_source=naver&utm_medium=article&utm_campaign=20260410050015
2026-04-10,"""팔자→사자→다시 팔자""…4월 코스피, 외인 귀환의 조건",0.0,0,0,https://www.nocutnews.co.kr/news/6499829?utm_source=naver&utm_medium=article&utm_campaign=20260410050012
2026-04-10,"피의자 입건된 박상용, 수사·감찰 확대…'대북송금' 실체 나올까",0.0,0,0,https://www.nocutnews.co.kr/news/6499959?utm_source=naver&utm_medium=article&utm_campaign=20260410050015
2026-04-10,휴전 하루만에 닫힌 호르무즈…韓 선박 탈출 여전히 첩첩산중,0.0,0,0,https://www.nocutnews.co.kr/news/6499943?utm_source=naver&utm_medium=article&utm_campaign=20260410050014
2026-04-10,'2주 휴전'에도 곳곳 '살얼음판'…헤즈볼라·해협통제 '변수',0.0,0,0,https://www.nocutnews.co.kr/news/6499962?utm_source=naver&utm_medium=article&utm_campaign=20260410044211
2026-04-10,2만원대 5G 요금제 상반기 나온다,0.0,0,0,https://www.donga.com/news/Society/article/all/20260410/133710946/2
2026-04-10,"[단독]“사장이 성폭행” 경찰 신고한 20대 주점 알바, 무혐의 처리에 ...",0.0,0,0,https://www.donga.com/news/Society/article/all/20260410/133710972/2
2026-04-10,[단독]인허가 없이 개장부터 한 의왕무민공원…왜 서둘렀나,0.0,0,0,https://www.nocutnews.co.kr/news/6499955?utm_source=naver&utm_medium=article&utm_campaign=20260410040011
2026-04-10,"경기문화재단 경기창작캠퍼스, 선감도서 '캠크닉+갯벌체험' 연계 할인 ...",0.0,0,0,https://www.cstimes.com/news/articleView.html?idxno=701490
2026-04-10,"LH, 5·6급 신입사원 262명 공채…16∼23일 지원서 접수",0.0,0,0,https://www.tfmedia.co.kr/news/article.html?no=203570
2026-04-10,“이젠 AI 못 쓰면 탈락”… 1년 새 확 바뀐 기업 채용,0.0,0,0,https://www.chosun.com/economy/industry-company/2026/04/10/BNMKIE5WUZHOJHU6E6PXF6X72U/?utm_source=naver&utm_medium=referral&utm_campaign=naver-news
2026-04-10,AI '환각'과 '권한 탈취'로부터 자산지키는 방패는,0.0,0,0,https://www.junggi.co.kr/news/articleView.html?idxno=36016
2026-04-09,"쿠팡CLS, 스스로 사용자성 인정…교섭단위 분리는 첫 기각",0.0,0,0,https://www.nocutnews.co.kr/news/6499961?utm_source=naver&utm_medium=article&utm_campaign=20260409113108
2026-04-09,"윤석열, 이상민 2심서 ""언론사 단전·단수 시도 안 해""",0.0,0,0,https://www.nocutnews.co.kr/news/6499960?utm_source=naver&utm_medium=article&utm_campaign=20260409110808
2026-04-09,"발렌시아가 x 이소라 라이브 청음회, ‘In My Memories’",0.0,0,0,https://www.marieclairekorea.com/culture/2026/04/balenciaga-music/?utm_source=naver&utm_medium=partnership
2026-04-09,"[공시] 광전자 '매매 정지', ISC '공매도 금지' 등...43건",-0.462,0,1,http://www.newstnt.com/news/articleView.html?idxno=606182
2026-04-09,"中 왕이 北 최선희, 양국 관계 강화 입장 거듭 확인",0.0,0,0,https://www.nocutnews.co.kr/news/6499958?utm_source=naver&utm_medium=article&utm_campaign=20260409105908
2026-04-09,강철호·오태원 단수 추천…국힘 부산 기초단체장 공천 윤곽,0.0,0,0,https://www.nocutnews.co.kr/news/6499957?utm_source=naver&utm_medium=article&utm_campaign=20260409105608
2026-04-09,이준석 3번째 부산행…국힘 공천 탈락자 영입 속 정이한 완주 힘싣기,0.0,0,0,https://www.nocutnews.co.kr/news/6499954?utm_source=naver&utm_medium=article&utm_campaign=20260409104208
2026-04-09,[은행 뉴스브리핑] 강태영 농협은행장 농식품 펀드 투자기업 현장 방문,0.0,0,0,https://www.asiatime.co.kr/article/20260409500384
2026-04-09,서울을 대표하는 선물용 디저트 '브릭샌드',0.0,0,0,http://www.ttlnews.com/news/articleView.html?idxno=3097719
2026-04-09,“심장에 가장 좋은 과일” 의사가 꼽은 의외의 1위,0.0,0,0,https://health.chosun.com/site/data/html_dir/2026/04/09/2026040902415.html
2026-04-09,"""공천 포기 대가 자리 제안?""…윤종서, 조승환 고소…국힘 부산 중구청...",0.0,0,0,https://www.nocutnews.co.kr/news/6499952?utm_source=naver&utm_medium=article&utm_campaign=20260409101708
2026-04-09,中 베이징서 '한국미의 레이어' 전시회,0.0,0,0,https://www.nocutnews.co.kr/news/6499950?utm_source=naver&utm_medium=article&utm_campaign=20260409101508
2026-04-09,[업앤다운]게임주 상승…썸에이지↑·데브시스터즈↓,0.261,1,0,https://www.nspna.com/news/?mode=view&newsid=809320
2026-04-09,"이란 ""레바논 타격, 미국 이란 휴전 합의 정면 위반 행위""",0.0,0,0,https://www.nocutnews.co.kr/news/6499947?utm_source=naver&utm_medium=article&utm_campaign=20260409100508
2026-04-09,"예장고신, 9월 총회서 총회장·부총회장 동시 선출하기로",0.0,0,0,https://www.nocutnews.co.kr/news/6499783?utm_source=naver&utm_medium=article&utm_campaign=20260409100108
2026-04-09,"추미애, 김동연·한준호와 잇단 회동…""원팀 완성""",0.0,0,0,https://www.nocutnews.co.kr/news/6499945?utm_source=naver&utm_medium=article&utm_campaign=20260409093508
2026-04-09,[브리프]스마일게이트 크래프톤 엔씨 컴투스 카카오엔터 外,0.0,0,0,http://www.biztribune.co.kr/news/articleView.html?idxno=352097
2026-04-09,김해 ‘현장복지 시스템’ 효과… 위기가구 1만2662건 발굴,0.0,0,0,http://www.knnews.co.kr/news/articleView.php?idxno=1539078
2026-04-09,[브리프]KB금융 국민은행 신한은행 농협은행 수협은행 外,0.0,0,0,http://www.biztribune.co.kr/news/articleView.html?idxno=352163
2026-04-09,"홍진경, ""전지현은 톡, GD는 DM""…연예계 인맥 끝판왕 인증 [옥문아]",0.0,0,0,https://www.mydaily.co.kr/page/view/2026040921003109357
2026-04-09,부부싸움 하다 택시 기사 폭행까지…40대 경찰 조사,0.0,0,0,https://www.nocutnews.co.kr/news/6499940?utm_source=naver&utm_medium=article&utm_campaign=20260409092508
2026-04-09,"역대급 불장에… 국민연금, 1분기 평가액 78.5조 ‘잭팟’",0.0,0,0,https://www.segye.com/newsView/20260409516392?OutUrl=naver
2026-04-09,90대 노인 학대한 요양원 직원들…경찰 14명 입건 조사,0.0,0,0,https://www.nocutnews.co.kr/news/6499937?utm_source=naver&utm_medium=article&utm_campaign=20260409090107
2026-04-09,[4월10일자] 비즈니스포스트 아침의 주요기사,0.0,0,0,https://www.businesspost.co.kr/BP?command=article_view&num=435386
2026-04-09,"LH, 16~23일 '신입사원(5·6급)' 채용 원서접수…신입 235명 등 총 262명",0.0,0,0,http://www.issuenbiz.com/news/articleView.html?idxno=75418
2026-04-09,[Opinion] OUR QUEEN IS BACK! - 구글과 신우석 감독이 보여준 새로운 협업...,0.0,0,0,https://www.artinsight.co.kr/news/view.php?no=80451
2026-04-09,"하츠웨이브, 첫 앨범 전곡 차트인… 역대급 데뷔 신고식",0.0,0,0,http://www.edaily.co.kr/news/newspath.asp?newsid=05799046645414480
2026-04-09,"코트라, 핀란드와 9천억 'K9 자주포' 수출 계약 체결",0.0,0,0,https://www.nocutnews.co.kr/news/6499335?utm_source=naver&utm_medium=article&utm_campaign=20260409083107
2026-04-09,[금융 브리핑] AI·ESG·포용금융 전방위 확장…산업·공공·생활까지 경...,0.0,0,0,https://www.seoultimes.news/news/article.html?no=2000095007
2026-04-09,"'지지한다'는 해병대 간부에 쓴소리 한 박정훈 준장, 왜?",0.0,0,0,https://www.mediatoday.co.kr/news/articleView.html?idxno=333677
2026-04-09,"[2026 금융포럼] 김진호 카뱅 팀장 ""개인사업자 금융, 업종별 정교화 필...",0.0,0,0,https://www.insightkorea.co.kr/news/articleView.html?idxno=244420
2026-04-09,"오리온, '100만개 완판' 초코송이 '말차' 정식 출시",0.0,0,0,https://www.nocutnews.co.kr/news/6499935?utm_source=naver&utm_medium=article&utm_campaign=20260409082207
2026-04-09,"카카오게임즈, 투자주의종목 지정→주가 변동성 주목",0.0,0,0,https://www.topstarnews.net/news/articleView.html?idxno=16030337
2026-04-09,"조현, 이란 외교장관과 통화 ""호르무즈 항행 논의…특사 파견""",0.0,0,0,https://www.nocutnews.co.kr/news/6499934?utm_source=naver&utm_medium=article&utm_campaign=20260409081607
2026-04-09,"프로-스펙스, 운동·일상 넘나드는 '러닝 아우터' 선보여",0.0,0,0,https://www.nocutnews.co.kr/news/6499933?utm_source=naver&utm_medium=article&utm_campaign=20260409081007
2026-04-09,"마크, 떠났지만 NCT 10주년 축하…""열심히 준비해 돌아올게요"" 근황",0.0,0,0,https://www.nocutnews.co.kr/news/6499932?utm_source=naver&utm_medium=article&utm_campaign=20260409080507
2026-04-09,나홍진 '호프' 칸영화제 경쟁부문 진출…첫 4연속 칸行 새 역사,0.0,0,0,https://www.nocutnews.co.kr/news/6499929?utm_source=naver&utm_medium=article&utm_campaign=20260409080107
2026-04-09,"오영준 ""젊은 구민 언어 아는 정치 필요…기업은행 유치 자신있다""",0.0,0,0,https://www.nocutnews.co.kr/news/6499931?utm_source=naver&utm_medium=article&utm_campaign=20260409080007
2026-04-09,"""배너 제작도 자동화""…제일기획, AI 솔루션 '베리에이드' 도입",0.0,0,0,https://www.the-pr.co.kr/news/articleView.html?idxno=61080
2026-04-09,"[단독]김훈, 스토킹 살인 전 AI로 피해자 대화 녹음 복원 시도",0.0,0,0,https://www.ichannela.com/news/main/news_detailPage.do?publishId=000000523281
2026-04-09,'통신비 잡기' 칼 빼든 정부…2만원대 5G 요금제 나온다,0.0,0,0,http://www.newsprime.co.kr/news/article.html?no=729831
2026-04-09,"민주당 불법 선거운동 논란 연일 계속…이강일 ""전혀 무관""",0.0,0,0,https://www.nocutnews.co.kr/news/6499928?utm_source=naver&utm_medium=article&utm_campaign=20260409074107
2026-04-09,"금성개발㈜, 학교법인 우석학원에 1억원 기부",0.0,0,0,https://www.nocutnews.co.kr/news/6499926?utm_source=naver&utm_medium=article&utm_campaign=20260409073907
2026-04-09,[유통가 브리프] 롯데백화점 신세계백화점 현대백화점 이마트 쿠팡 이랜...,0.0,0,0,https://www.s-journal.co.kr/news/articleView.html?idxno=40364
2026-04-09,HD현대重 울산조선소 완진…실종자 발견했지만 구조 '난항',0.0,0,0,https://www.nocutnews.co.kr/news/6499924?utm_source=naver&utm_medium=article&utm_campaign=20260409073107
2026-04-09,"카카오뱅크, 몽골 디지털은행 ‘M Bank’ 지분투자 논의… 중앙아시아 ...",0.0,0,0,https://weekly.cnbnews.com/news/article.html?no=211601
2026-04-09,"충북 보은~대전 시외버스, '대전역' 경유",0.0,0,0,https://www.nocutnews.co.kr/news/6499922?utm_source=naver&utm_medium=article&utm_campaign=20260409072507
2026-04-09,"정원오, 서울시장 후보 확정…""오세훈 10년 무능 심판할 것""",0.0,0,0,https://www.nocutnews.co.kr/news/6499919?utm_source=naver&utm_medium=article&utm_campaign=20260409072006
2026-04-09,LH 사장 재공모·신입사원 채용 절차 돌입,0.0,0,0,https://www.gnnews.co.kr/news/articleView.html?idxno=634618
2026-04-09,"국교위, 문해력 특위 가동…'한자교육 강화 방안' 논의 전망",0.0,0,0,https://www.nocutnews.co.kr/news/6499916?utm_source=naver&utm_medium=article&utm_campaign=20260409071407
2026-04-09,"'경청하고 질문한다'…울산교육청, 학생 토론한 데이(Day) 선포",0.0,0,0,https://www.nocutnews.co.kr/news/6499913?utm_source=naver&utm_medium=article&utm_campaign=20260409071407
2026-04-09,"전국혁신도시, 충북 음성군에서 '공공기관 2차 이전' 공동대응 모색",0.0,0,0,https://www.nocutnews.co.kr/news/6499918?utm_source=naver&utm_medium=article&utm_campaign=20260409071306
2026-04-09,"[CEO IN&OUT] '카뱅 아버지' 윤호영, AI로 돌파구 찾는다…성장모델 한계...",0.537,2,0,https://www.pinpointnews.co.kr/news/articleView.html?idxno=444255
2026-04-09,"""업적 사실?""vs""공약 현실성 없다""…수원시장 예비후보 권혁우·이재준...",0.0,0,0,https://news.tf.co.kr/read/national/2311622.htm
2026-04-09,"李대통령, '초인공지능'에 방점…""파격대책 마련"" 주문",0.0,0,0,https://www.nocutnews.co.kr/news/6499915?utm_source=naver&utm_medium=article&utm_campaign=20260409071106
2026-04-09,"아산시기독교연합회, '2026 부활절연합예배' 개최",0.0,0,0,https://www.nocutnews.co.kr/news/6499914?utm_source=naver&utm_medium=article&utm_campaign=20260409070806
2026-04-09,[속보]민주당 서울 정원오·부산 전재수 후보 확정,0.0,0,0,https://www.nocutnews.co.kr/news/6499911?utm_source=naver&utm_medium=article&utm_campaign=20260409070206
2026-04-09,"3차 석유 최고가격 '동결'한다…""민생 안정 취지""",0.0,0,0,https://www.nocutnews.co.kr/news/6499833?utm_source=naver&utm_medium=article&utm_campaign=20260409070106
2026-04-09,'프로야구 창단' 도전하는 충북도…돔구장 유치까지 박차,0.0,0,0,https://www.nocutnews.co.kr/news/6499910?utm_source=naver&utm_medium=article&utm_campaign=20260409065706
2026-04-09,"""위기가구 조기 발굴"" 김해시, 현장 중심 복지 안전망 구축",0.0,0,0,https://www.cnbnews.com/news/article.html?no=788514
2026-04-09,"“박물관 낮은 문턱, 깊은 학술연구로 자부심 높여”",0.0,0,0,http://www.kookje.co.kr/news2011/asp/newsbody.asp?code=0500&key=20260410.22017002857
2026-04-09,6·3지선 당내 경선 과열…고소·고발 난무 혼탁 조짐,0.0,0,0,https://www.nocutnews.co.kr/news/6499908?utm_source=naver&utm_medium=article&utm_campaign=20260409064506
2026-04-09,"스마트폰에 잠식된 우리 아이, 긴 글 끝까지 읽지 못한다?[영상]",0.0,0,0,https://www.nocutnews.co.kr/news/6499904?utm_source=naver&utm_medium=article&utm_campaign=20260409064406
2026-04-09,'부하 장교 성범죄 혐의' 공군 대령 항소심서도 징역 5년,0.0,0,0,https://www.nocutnews.co.kr/news/6499906?utm_source=naver&utm_medium=article&utm_campaign=20260409064407
2026-04-09,"박건용 한돈연구소장 ""현장에 답이 있다, 농가 수익 직결되는 실천적 연...",0.0,0,0,https://www.farminsight.net/news/articleView.html?idxno=16245
2026-04-09,[상품 브리핑] 말차·저당·프리미엄…식품업계 ‘헬시·고급화’ 트렌...,0.0,0,0,https://www.seoultimes.news/news/article.html?no=2000095001
2026-04-11,이번 주말도 도심 곳곳서 집회·마라톤으로 '혼잡' 예상[사회in],0.0,0,0,http://www.edaily.co.kr/news/newspath.asp?newsid=01705606645415136
2026-04-11,[김정유의 웹툰파헤치기]소재의 변주…'뱀파이어 로드로 사는 법',0.0,0,0,http://www.edaily.co.kr/news/newspath.asp?newsid=01692486645415136
2026-04-11,“AI 에이전트로 IT 문제 해결 역량 겨룬다”…AWS 게임데이 개최,0.0,0,0,https://www.ddaily.co.kr/page/view/2026041018294127115
2026-04-11,"이란 협상 대표단, 파키스탄 도착…""선결조건 수용해야 회담""",0.0,0,0,https://www.nocutnews.co.kr/news/6500634?utm_source=naver&utm_medium=article&utm_campaign=20260411055724
2026-04-11,"파키스탄 총리, 美-이란 회담 ""평화 찾아오길 기도 요청…성공 위해 최...",0.0,0,0,https://www.nocutnews.co.kr/news/6500635?utm_source=naver&utm_medium=article&utm_campaign=20260411055724
2026-04-11,전기차로 부활한 로터스…핸들링까지 잡은 하이퍼 SUV 엘레트라,0.322,1,0,https://www.nocutnews.co.kr/news/6500492?utm_source=naver&utm_medium=article&utm_campaign=20260411055524
2026-04-11,"토스·네이버페이, 이번엔 단말기···간편결제 경쟁, 이제는 앱 밖으로",0.0,0,0,https://www.womaneconomy.co.kr/news/articleView.html?idxno=252336
2026-04-11,상장 리츠 시총 10조 돌파…도입 25년 만의 이정표,0.583,2,0,https://www.sedaily.com/article/20031199?ref=naver
2026-04-11,앤스로픽도 ‘자체 칩’ 검토…AI 반도체 전쟁 격화,0.0,0,0,https://www.sedaily.com/article/20031193?ref=naver
2026-04-11,글로벌 격전 예고하는 국내 로보택시[최연진의 IT 프리즘],0.0,0,0,https://www.hankookilbo.com/news/article/A2026041010210004687?did=NA
2026-04-11,"미국·이란, 첫 대면 회담 앞두고 주도권 잡기 위한 '신경전'",0.0,0,0,https://www.nocutnews.co.kr/news/6500633?utm_source=naver&utm_medium=article&utm_campaign=20260411051223
2026-04-11,'한방'에 확정된 추미애·정원오…비슷한 듯 다른 이유는,0.0,0,0,https://www.nocutnews.co.kr/news/6500612?utm_source=naver&utm_medium=article&utm_campaign=20260411050026
2026-04-11,"호르무즈 통행료, 비트코인 결제…기회일까 독일까[계좌부활전]",0.0,0,0,https://www.nocutnews.co.kr/news/6500452?utm_source=naver&utm_medium=article&utm_campaign=20260411050023
2026-04-11,"李 ""기간제법, 사실상 고용금지법""…20년 된 '2년 제한' 풀리나",0.0,0,0,https://www.nocutnews.co.kr/news/6500600?utm_source=naver&utm_medium=article&utm_campaign=20260411050025
2026-04-11,"전쟁 변수에 덜 흔들리는 비트코인, 최악 시나리오는 따로 있다[경제적...",0.0,0,0,https://www.nocutnews.co.kr/news/6500557?utm_source=naver&utm_medium=article&utm_campaign=20260411050024
2026-04-11,가족사진 꺼내고 수행원 봐주고…검사가 정말 이렇게 수사해요?,0.0,0,0,https://www.nocutnews.co.kr/news/6500632?utm_source=naver&utm_medium=article&utm_campaign=20260411050028
2026-04-11,기후위기로 침엽수 떼죽음…한국 유독 걱정되는 이유[기후로운 경제생...,0.0,0,0,https://www.nocutnews.co.kr/news/6500573?utm_source=naver&utm_medium=article&utm_campaign=20260411050025
2026-04-11,프랑스 동화책 작가에게 잠실을 꾸며달라고 했더니 벌어진 일,0.0,0,0,https://www.elle.co.kr/article/1900623
2026-04-11,"삼척시, ‘2026 한마음 치매극복 걷기 챌린지’ 운영",0.0,0,0,http://www.cfnews.kr/news/view.php?no=106808
2026-04-11,"‘21세기 대군부인’, 베리즈에서 전 세계 팬 만난다",0.0,0,0,https://sports.khan.co.kr/article/202604110203003?pt=nv
2026-04-11,"빨간 원두, 초록 야자수, 노란귀앵무새… “돈 워리, 비 해피”[김선미...",0.0,0,0,https://www.donga.com/news/Culture/article/all/20260410/133717705/2
2026-04-11,"‘21세기 대군부인’ 평민 아이유, 왕족 변우석에 청혼 “저와 혼인하시...",0.0,0,0,http://enews.imbc.com/News/RetrieveNewsInfo/501274
2026-04-11,"카카오, '카카오비즈니스 사장님 커뮤니티' 4기 모집",0.0,0,0,http://www.worktoday.co.kr/news/articleView.html?idxno=83653
2026-04-11,美3월 소비자물가지수 급등…이란전쟁이 美물가에 '영향',0.408,1,0,https://www.nocutnews.co.kr/news/6500631?utm_source=naver&utm_medium=article&utm_campaign=20260411123121
2026-04-11,"""먹어야 힘내서 일어나지"" … '마녀배달부 키키' 테마 음식 6선 [푸드PIC...",0.0,0,0,https://www.econovill.com/news/articleView.html?idxno=735116
2026-04-11,＂무적의 최강 게이머 '은랑'부터 마파 스튜디오 통한 '애니화'까지＂ ...,0.0,0,0,https://www.gamechosun.co.kr/webzine/article/view.php?no=221320
2026-04-11,"서브컬처 〈붕괴: 스타레일〉 3주년, '한국' 게이머 전용 이벤트 마련",0.0,0,0,https://www.globale.co.kr/news/articleView.html?idxno=37558
2026-04-11,"트럼프, 종전회담에 기대감 ""세상에서 가장 강력한 '재설정'""",0.0,0,0,https://www.nocutnews.co.kr/news/6500630?utm_source=naver&utm_medium=article&utm_campaign=20260411120521
2026-04-10,민주당 광주 5개 구청장 경선 마무리,0.0,0,0,https://www.nocutnews.co.kr/news/6500626?utm_source=naver&utm_medium=article&utm_campaign=20260410114821
2026-04-10,'전쟁추경안' 국회 통과…소득하위 70%에 '피해지원금',0.0,0,0,https://www.nocutnews.co.kr/news/6500624?utm_source=naver&utm_medium=article&utm_campaign=20260410114521
2026-04-10,"40일 만에 파산, 7년 만에 폐쇄…중소 게임사 줄도산 경고",-0.462,0,1,https://www.pointdaily.co.kr/news/articleView.html?idxno=300694
2026-04-10,[광화문·뷰] ’3000원짜리 폭군들’이 만드는 지옥,0.0,0,0,https://www.chosun.com/opinion/2026/04/10/5CZBDI2EHBGB3E7EK3LRL4ZHUM/?utm_source=naver&utm_medium=referral&utm_campaign=naver-news
2026-04-10,"부산진구, 지방세 모바일 전자고지...납세 편의 획기적 개선",0.0,0,0,https://www.joongdo.co.kr/web/view.php?key=20260410010003221
2026-04-10,"신수정, 민주당 광주 북구청장 경선 승리",0.0,0,0,https://www.nocutnews.co.kr/news/6500621?utm_source=naver&utm_medium=article&utm_campaign=20260410113120
2026-04-10,트럼프 '자제' 요구했지만…이스라엘·헤즈볼라 무력 공방,0.0,0,0,https://www.nocutnews.co.kr/news/6500618?utm_source=naver&utm_medium=article&utm_campaign=20260410105220
2026-04-10,"부산관광공사, 숙박세일 페스타 참여…최대 7만원 할인 혜택",0.0,0,0,http://www.newstown.co.kr/news/articleView.html?idxno=700075
2026-04-10,"경찰, '李대통령 명예훼손 혐의' 전한길 구속영장 신청",0.0,0,0,https://www.nocutnews.co.kr/news/6500614?utm_source=naver&utm_medium=article&utm_campaign=20260410104520
2026-04-10,[속보]중동전쟁 위기 극복 위한 2026년도 추가경정예산 26조 2천억 확정,0.0,0,0,https://www.nocutnews.co.kr/news/6500613?utm_source=naver&utm_medium=article&utm_campaign=20260410104120
2026-04-10,"NCCK ""이스라엘은 레바논을 향한 집단 학살을 멈춰라""",0.0,0,0,https://www.nocutnews.co.kr/news/6500610?utm_source=naver&utm_medium=article&utm_campaign=20260410103620
2026-04-10,"왕이, 시진핑 메시지 전달했나…김정은 ""中과 교류·소통 강화""",0.0,0,0,https://www.nocutnews.co.kr/news/6500609?utm_source=naver&utm_medium=article&utm_campaign=20260410110620
2026-04-10,노동을 빼앗는 AI 시대의 기독교적 모색,0.0,0,0,https://www.nocutnews.co.kr/news/6500441?utm_source=naver&utm_medium=article&utm_campaign=20260410100020
2026-04-10,"나부터포럼 ""정교유착의 악습 끊고 신앙의 공적 책임 다하자""",0.0,0,0,https://www.nocutnews.co.kr/news/6500565?utm_source=naver&utm_medium=article&utm_campaign=20260410100021
2026-04-10,반복되는 목회자 논란…사각지대에 놓인 '목회자 심리',0.0,0,0,https://www.nocutnews.co.kr/news/6500560?utm_source=naver&utm_medium=article&utm_campaign=20260410100020
2026-04-10,"잠수함 화재 구조자 '부상'에서…HD현대重, '사망'으로 정정 공시",0.0,0,0,https://www.nocutnews.co.kr/news/6500606?utm_source=naver&utm_medium=article&utm_campaign=20260410095320
2026-04-10,"안호영, 민주 전북지사 경선 불복…""불공정, 재심 심청""",0.0,0,0,https://www.nocutnews.co.kr/news/6500602?utm_source=naver&utm_medium=article&utm_campaign=20260410093720
2026-04-10,'미국·이란 협상' 파키스탄 긴장 고조…'철통 경계',0.0,0,0,https://www.nocutnews.co.kr/news/6500603?utm_source=naver&utm_medium=article&utm_campaign=20260410093419
2026-04-10,'단톡방'서 다른 학부모 거짓 뒷담화한 40대 벌금형,0.0,0,0,https://www.ikbc.co.kr/article/view/kbc202604100079
2026-04-10,"인천 미추홀구, 자동차 과태료 ‘카카오톡 고지·납부 서비스’ 도입",0.0,0,0,http://www.inews24.com/view/1959265
2026-04-10,"김영훈 장관 ""SPC삼립 시화공장 절단 사고 엄중 대응"" 지시",0.0,0,0,https://www.nocutnews.co.kr/news/6500598?utm_source=naver&utm_medium=article&utm_campaign=20260410092219
2026-04-10,"“대상의 맛, 반값에 즐기세요”... 매드포갈릭, 모든 파스타 50% 할인 ‘...",0.0,0,0,https://www.geconomy.co.kr/news/article.html?no=319096
2026-04-10,[단독추적] 국민의힘 경기도당 지방선거 정치아카데미 고액수강료 공천...,0.0,0,0,https://www.ilyoseoul.co.kr/news/articleView.html?idxno=515479
2026-04-10,'김단비 혼자는 힘들다' KB스타즈의 압도적 체급…챔프전 눈앞,0.0,0,0,https://www.nocutnews.co.kr/news/6500596?utm_source=naver&utm_medium=article&utm_campaign=20260410090319
2026-04-10,"김봉균 ""늑구, 10일내 못 찾으면, 심각한 탈진""[한판승부]",0.0,0,0,https://www.nocutnews.co.kr/news/6500594?utm_source=naver&utm_medium=article&utm_campaign=20260410090019
2026-04-10,"'김은희♥' 장항준, 1600만 찍고 달라졌다…""하루 전화 300통, 밖을 못 나...",0.0,0,0,https://www.tenasia.co.kr/article/2026041033054
2026-04-10,"경주시, 택시요금 '경주페이' 결제 도입",0.0,0,0,https://www.getnews.co.kr/news/articleView.html?idxno=867493
2026-04-10,"LGU+, AWS 손잡고 AI 운영 자동화 플랫폼 구축",0.0,0,0,https://www.nocutnews.co.kr/news/6500593?utm_source=naver&utm_medium=article&utm_campaign=20260410082219
2026-04-10,"[건강뉴스] 환경재단, '기후위기 시대의 천식 아동 건강권 보장을 위한...",0.0,0,0,https://www.ibabynews.com/news/articleView.html?idxno=150449
2026-04-10,스테이블코인 논쟁 격화…“금융과 충돌” Vs “전통 금융 대안”,0.0,0,0,http://www.edaily.co.kr/news/newspath.asp?newsid=05103686645414808
2026-04-10,"서인국, 멕시코·칠레·브라질 3500명 팬 만났다",0.0,0,0,https://news.jtbc.co.kr/article/NB12293739?influxDiv=NAVER
2026-04-10,"양부남 ""박상용, 무슨 검사가...비루해” vs 호준석 ""이재명 살리자고 이...",0.0,0,0,https://www.ikbc.co.kr/article/view/kbc202604100057
2026-04-10,"[푸드 트렌드] 일동후디스 하이뮨, '2026 MBN 선셋 마라톤' 공식 에너지...",0.0,0,0,https://www.ibabynews.com/news/articleView.html?idxno=150456
2026-04-10,민주당 제주지사 후보 결선에 위성곤·문대림 후보 진출,0.0,0,0,https://www.nocutnews.co.kr/news/6500592?utm_source=naver&utm_medium=article&utm_campaign=20260410080519
2026-04-10,"김병기, 7차 조사 약 6시간만에 종료…나가면서도 묵묵부답",0.0,0,0,https://www.nocutnews.co.kr/news/6500589?utm_source=naver&utm_medium=article&utm_campaign=20260410080419
2026-04-10,"하이브에서 '근면함' 배운 산토스 브라보스, 최고의 순간은 아직 오지 ...",0.0,0,0,https://www.nocutnews.co.kr/news/6500588?utm_source=naver&utm_medium=article&utm_campaign=20260410080019
2026-04-10,"'세월호 7시간' 비밀 풀리나…고법 ""참사 당일 청와대 문건 공개""",0.0,0,0,https://www.nocutnews.co.kr/news/6500587?utm_source=naver&utm_medium=article&utm_campaign=20260410075619
2026-04-10,"이용기 ""민주 진보 교육감이라 소개하면 이전보다 분위기 좋아""",0.0,0,0,https://www.nocutnews.co.kr/news/6500586?utm_source=naver&utm_medium=article&utm_campaign=20260410075419
2026-04-10,"AWS, 에이전틱 AI로 금융 개발 패러다임 전환…게임대회 개최",0.0,0,0,https://www.yna.co.kr/view/AKR20260410166300017?input=1195m
2026-04-10,부산서 음주 차량이 신호대기 중인 앞 차 들이받아…1명 중태,0.0,0,0,https://www.nocutnews.co.kr/news/6500584?utm_source=naver&utm_medium=article&utm_campaign=20260410073719
2026-04-10,경산서 트럭이 상가 건물로 돌진…2명 사상,0.0,0,0,https://www.nocutnews.co.kr/news/6500582?utm_source=naver&utm_medium=article&utm_campaign=20260410073119
2026-04-10,"SKT, 'CPU+NPU' AI 서버 설루션 개발…데이터센터 경쟁력 강화",0.0,0,0,https://www.nocutnews.co.kr/news/6500580?utm_source=naver&utm_medium=article&utm_campaign=20260410072518
2026-04-10,"민주당 충북지사 경선 탈락 노영민 ""재심 신청 기각 존중""",0.0,0,0,https://www.nocutnews.co.kr/news/6500575?utm_source=naver&utm_medium=article&utm_campaign=20260410071218
2026-04-10,[현장리뷰] 마이아트뮤지엄 '마리 로랑생 회고전…소녀 감성으로 그려낸...,0.0,0,0,http://www.financialreview.co.kr/news/articleView.html?idxno=41584
2026-04-10,"YBM어학원 강남센터, 5월 토익스피킹 대비 취업패키지 할인 이벤트 전개",0.0,0,0,https://www.gokorea.kr/news/articleView.html?idxno=863244
2026-04-10,"'불성실한 경기 논란' SK 전희철 감독, 제제금 500만원 징계",0.0,0,0,https://www.nocutnews.co.kr/news/6500571?utm_source=naver&utm_medium=article&utm_campaign=20260410070418
2026-04-10,"""SDD로 설계 이유 자산화 ··· 금융권 'AI-DLC' 시대 개막""",0.0,0,0,https://www.datanet.co.kr/news/articleView.html?idxno=210865
2026-04-10,中 공략 나서는 현대차…아이오닉 콘셉트카 2종 공개,0.0,0,0,https://www.nocutnews.co.kr/news/6500569?utm_source=naver&utm_medium=article&utm_campaign=20260410065218
2026-04-10,"네이버, 포털 서비스 'AI 에이전트'판으로 재편",0.0,0,0,https://www.newswhoplus.com/news/articleView.html?idxno=58564
2026-04-10,"지선 D-54일, 충북 현직 시장·군수 생환 촉각…조기 등판 이어져",0.0,0,0,https://www.nocutnews.co.kr/news/6500568?utm_source=naver&utm_medium=article&utm_campaign=20260410064218
2026-04-10,"[AWS 게임데이 2026] ""2연패! 윤호영 카카오뱅크 대표님 리인벤트 보내주...",0.0,0,0,https://www.econovill.com/news/articleView.html?idxno=736905
2026-04-10,"민주당 전북지사 후보 이원택 ""가장 강력한 전북, 본선 압승""",0.0,0,0,https://www.nocutnews.co.kr/news/6500563?utm_source=naver&utm_medium=article&utm_campaign=20260410063518
2026-04-10,"""일자리가 최고의 복지"" 동작구, 취업 지원 패러다임 바꿨다",0.0,0,0,https://www.ohmynews.com/NWS_Web/View/at_pg.aspx?CNTN_CD=A0003223320&CMPT_CD=P0010&utm_source=naver&utm_medium=newsearch&utm_campaign=naver_news
2026-04-10,[업앤다운]게임주 상승…썸에이지↑·카카오게임즈↓,-0.067,1,1,https://www.nspna.com/news/?mode=view&newsid=809426
2026-04-10,"카카오 VX, 아워홈과 F&B 사업 활성화 위한 업무협약 [골프브리핑]",0.0,0,0,https://www.hankyung.com/article/202604103194i
2026-04-10,"쿠쿠 에코웨일 큐브 음식물처리기, 라방 1시간 만에 11억 완판",0.0,0,0,http://www.lawissue.co.kr/view.php?ud=202604101815492877204ead0791_12
2026-04-10,"""빚 갚으며 생활고""…'낭랑 18세' 한서경, 사기 피해 근황",0.0,0,0,https://www.nocutnews.co.kr/news/6500555?utm_source=naver&utm_medium=article&utm_campaign=20260410061518
2026-04-10,"'날개' 단 전재수…선수 없는 국힘, 집안 싸움만[박지환의 뉴스톡]",0.0,0,0,https://www.nocutnews.co.kr/news/6500556?utm_source=naver&utm_medium=article&utm_campaign=20260410061318
2026-04-10,"'9언더파 코스 레코드' 김민선, iM금융오픈 공동 선두 점프",0.0,0,0,https://www.nocutnews.co.kr/news/6500554?utm_source=naver&utm_medium=article&utm_campaign=20260410061018
2026-04-10,모처럼 '완연한 봄' 돌아온 주말…큰 일교차 주의,0.0,0,0,https://www.nocutnews.co.kr/news/6500552?utm_source=naver&utm_medium=article&utm_campaign=20260410061018
2026-04-10,"민주당, 광주 구의원 공천자 사퇴 파문…의혹 쏟아지는데 '모르쇠'",0.0,0,0,https://www.nocutnews.co.kr/news/6500551?utm_source=naver&utm_medium=article&utm_campaign=20260410070618
2026-04-10,"[현장] ""코딩은 AI가 맡는다""···AWS, 금융 개발 '의사결정 중심' 전환...",0.0,0,0,http://www.enewstoday.co.kr/news/articleView.html?idxno=2417583
2026-04-10,"내란특검, '평양 무인기 의혹' 여인형에 징역 20년 구형",0.0,0,0,https://www.nocutnews.co.kr/news/6500550?utm_source=naver&utm_medium=article&utm_campaign=20260410060318
2026-04-10,오리온 '초코송이 말차' 상시 판매,0.0,0,0,https://www.consumuch.com/news/articleView.html?idxno=77794
2026-04-10,"민주당 순천시장 경선 결선행 손훈모·오하근…서동욱·허석 ""겸허히 수...",0.0,0,0,https://www.nocutnews.co.kr/news/6500549?utm_source=naver&utm_medium=article&utm_campaign=20260410060018
2026-04-10,민주당 충북 기초단체장 결선 투표 앞두고 '합종연횡' 잇따라,0.0,0,0,https://www.nocutnews.co.kr/news/6500548?utm_source=naver&utm_medium=article&utm_campaign=20260410055818
2026-04-10,"증평군, 권한대행 체제 전환…김두환 부군수 ""군정 공백 없다""",0.0,0,0,https://www.nocutnews.co.kr/news/6500545?utm_source=naver&utm_medium=article&utm_campaign=20260410055618
2026-04-10,"""혁신 절실"" 바둑 교육, 대수술 예고…바둑교육연구회 출범",0.0,0,0,https://www.nocutnews.co.kr/news/6500546?utm_source=naver&utm_medium=article&utm_campaign=20260410060118
2026-04-10,"서울↔도라산 열차 운행 재개…정동영 ""철도 잇는 평화적 두 국가가 이...",0.0,0,0,https://www.nocutnews.co.kr/news/6500531?utm_source=naver&utm_medium=article&utm_campaign=20260410055619
2026-04-10,부천시장 선거 관련 여론조사 자료…선관위 조사 착수,0.0,0,0,http://www.jeonmin.co.kr/news/articleView.html?idxno=437664
2026-04-10,"괴산군, 2025 회계연도 세입·세출 결산검사 시작",0.0,0,0,https://www.nocutnews.co.kr/news/6500544?utm_source=naver&utm_medium=article&utm_campaign=20260410055518
2026-04-10,중동 전쟁 여파…충북 경제계 휘청,0.0,0,0,https://www.nocutnews.co.kr/news/6500539?utm_source=naver&utm_medium=article&utm_campaign=20260410055218
2026-04-13,"[속보] 미군 ""미 동부시간 13일 오전10시부터 이란 출입 해상교통 봉쇄...",0.0,0,0,https://imnews.imbc.com/news/2026/world/article/6814661_36925.html
2026-04-13,"인제 지역화폐 앱, 간편결제 확대",0.0,0,0,https://www.segye.com/newsView/20260412510418?OutUrl=naver
2026-04-13,"카카오모빌리티, 자율주행·로봇 사업 가속도",0.0,0,0,https://www.segye.com/newsView/20260412508056?OutUrl=naver
2026-04-13,“임영웅은 인생 후반전의 엔도르핀”,0.0,0,0,https://bravo.etoday.co.kr/view/atc_view/18881
2026-04-13,'서울교육감 선거' 공직기강 감사…적발시 엄중 문책,0.0,0,0,https://www.nocutnews.co.kr/news/6500408?utm_source=naver&utm_medium=article&utm_campaign=20260413060048
2026-04-13,"""전역 때 목돈 만들려면""…금감원, 군장병 맞춤 재무설계 선착순 모집",-0.408,0,1,http://www.edaily.co.kr/news/newspath.asp?newsid=01571126645415792
2026-04-13,"""4000원짜리 돈가스 찾아라""…고물가에 '거지맵' 인기",0.0,0,0,https://www.hankyung.com/article/2026041251461
2026-04-13,"금감원, 군장병 대상 1대 1 재무설계 지원…13일부터 신청 접수",-0.408,0,1,https://www.dailian.co.kr/news/view/1632540/?sc=Naver
2026-04-13,"""전역 후 목돈 마련 돕는다""…금감원, 군 장병 재무플랜 지원",-0.408,0,1,https://www.sidae.com/article/2026041017312721851
2026-04-13,"""월급관리부터 투자까지""… 군장병 재무설계 지원하고 3만원 받자",-0.408,0,1,https://www.mt.co.kr/finance/2026/04/13/2026041214102284059
2026-04-13,"금감원, 군 장병 대상 1대 1 무료 재무설계 서비스 제공",-0.408,0,1,https://view.asiae.co.kr/article/2026041220465448205
2026-04-13,"[단독]서울사랑상품권 사용기한 지나도 환급해준다···서울시, 조례개...",0.0,0,0,https://www.khan.co.kr/article/202604130600091
2026-04-13,"금감원, 군 장병 맞춤형 재무설계 서비스 신청 접수",-0.408,0,1,https://www.newsis.com/view/NISX20260412_0003587650
2026-04-13,"[게시판] 금감원, 군 장병 대상 재무설계 신청자 접수",-0.408,0,1,https://www.yna.co.kr/view/AKR20260412006600002?input=1195m
2026-04-13,"군장병 재무설계 무료로 받는다…금감원, 1:1 비대면 상담 서비스 운영",-0.408,0,1,https://www.newspim.com/news/view/20260410001185
2026-04-13,"금융감독원, '군 장병 재무설계' 신청자 선착순 120명 모집",0.0,0,0,https://www.insnews.co.kr/news/articleView.html?idxno=90205
2026-04-13,"""군 복무 중 목돈 마련""…금감원, 군장병 1대1 재무설계 서비스",-0.408,0,1,https://www.newsworks.co.kr/news/articleView.html?idxno=837451
2026-04-13,[오늘(13일)의 경제·산업 주요 일정·행사] '중동 전쟁 관련 K-뷰티 중소...,0.0,0,0,http://www.popcornnews.net/news/articleView.html?idxno=118009
2026-04-13,군장병 복무주기 맞춰 1:1 재무설계 지원…29일부터 선착순 신청,0.0,0,0,https://www.news1.kr/finance/general-finance/6133447
2026-04-13,“1%만 받겠다” 가계대출 빗장 걸어 잠근 은행권,0.0,0,0,http://www.edaily.co.kr/news/newspath.asp?newsid=01515366645415792
2026-04-13,"홍승권 변호사 칼럼 | 불법 대부 피해, 어디까지 갚아야 하나… 원금 반...",0.0,0,0,https://www.koreaittimes.com/news/articleView.html?idxno=152910
2026-04-13,"네타냐후, 레바논 남부 지상전 현장 방문…""전쟁 안 끝나""",0.0,0,0,https://www.nocutnews.co.kr/news/6500928?utm_source=naver&utm_medium=article&utm_campaign=20260413052448
2026-04-13,집 근처 어디서나 ‘동행축제’… 편의점·마트 협업 강화,0.0,0,0,https://www.seoul.co.kr/news/economy/distribution/2026/04/13/20260413032002?wlog_tag3=naver
2026-04-13,"대출 빗장 건 시중은행, 대출자 몰려드는 인뱅",0.0,0,0,https://www.seoul.co.kr/news/economy/finance/2026/04/13/20260413030003?wlog_tag3=naver
2026-04-13,'1주택자 대출 14조' 제한 만지작…영끌 갭투자자 '직격탄',0.0,0,0,https://www.nocutnews.co.kr/news/6500910?utm_source=naver&utm_medium=article&utm_campaign=20260413050051
2026-04-13,진보진영 서울교육감 후보 단일화 박차…보수진영은 확정,0.0,0,0,https://www.nocutnews.co.kr/news/6500899?utm_source=naver&utm_medium=article&utm_campaign=20260413050050
2026-04-13,보수 결집 카드라지만…총선 앞 장동혁 방미에 당내 '곤혹',0.0,0,0,https://www.nocutnews.co.kr/news/6500906?utm_source=naver&utm_medium=article&utm_campaign=20260413050051
2026-04-13,"[기고]BTS, 힙합 아이돌의 귀환",0.0,0,0,https://www.nocutnews.co.kr/news/6500884?utm_source=naver&utm_medium=article&utm_campaign=20260413050048
2026-04-13,촉법소년 연령 하향 '분수령'…시민참여단 숙의토론 돌입,-0.322,0,1,https://www.nocutnews.co.kr/news/6500898?utm_source=naver&utm_medium=article&utm_campaign=20260413050049
2026-04-13,2020년 박사방 닮은꼴 보복대행 조직…경찰 수사망 확대,0.0,0,0,https://www.nocutnews.co.kr/news/6500897?utm_source=naver&utm_medium=article&utm_campaign=20260413050049
2026-04-13,조국 하남·평택 출격 무게…민주당과도 정면대결,0.0,0,0,https://www.nocutnews.co.kr/news/6500911?utm_source=naver&utm_medium=article&utm_campaign=20260413050053
2026-04-13,"재판소원 한 달, 본안 심사는 언제?…법조계 ""기준 만드는 단계""",0.0,0,0,https://www.nocutnews.co.kr/news/6500914?utm_source=naver&utm_medium=article&utm_campaign=20260413050053
2026-04-13,"""IKFC, 치킨집?"" 이상이 애드리브…'사냥개들2' 하영 깜짝 등장 비화[왓...",0.0,0,0,https://www.nocutnews.co.kr/news/6500919?utm_source=naver&utm_medium=article&utm_campaign=20260413050054
2026-04-13,"삼전, 호실적에도 속앓이…'40조 성과급' 요구 노조 ""파업시 30조 타격""",0.583,1,0,https://www.nocutnews.co.kr/news/6500885?utm_source=naver&utm_medium=article&utm_campaign=20260413050052
2026-04-13,李대통령 X로 촉발된 이스라엘과 갈등…무얼 남겼나,0.0,0,0,https://www.nocutnews.co.kr/news/6500905?utm_source=naver&utm_medium=article&utm_campaign=20260413050050
2026-04-13,"[기고]李대통령의 '이스라엘 전시 살해' 발언, 국제적 맥락에서 보면",0.0,0,0,https://www.nocutnews.co.kr/news/6500909?utm_source=naver&utm_medium=article&utm_campaign=20260413050052
2026-04-13,“성과급 13억” “5년 뒤 파이어”…삼성·SK하닉 ‘입사 고시’ 열풍,0.0,0,0,https://www.joongang.co.kr/article/25419576
2026-04-13,수도권 기초수급자 이달 55만원… 나머지 하위 70%는 내달 신청,0.0,0,0,https://www.donga.com/news/Society/article/all/20260413/133723869/2
2026-04-13,1인당 10만~60만원… 연 매출 30억 넘는 주유소선 못 쓴다,0.0,0,0,https://www.kmib.co.kr/article/view.asp?arcid=1775986267&code=11151100&cp=nv
2026-04-13,온라인 쇼핑몰선 사용 못해… 주유소 중에 30%만 가능,0.0,0,0,https://www.chosun.com/economy/economy_general/2026/04/13/DQLIOZ25TBDNZHWNXOGRTXKHDA/?utm_source=naver&utm_medium=referral&utm_campaign=naver-news
2026-04-13,하위 70% 기준은… 기획처 “1인 가구 월 385만원 이하”,0.0,0,0,https://www.chosun.com/economy/economy_general/2026/04/13/GEVSU5RKCFGTTPE4APKWOBZGKA/?utm_source=naver&utm_medium=referral&utm_campaign=naver-news
2026-04-13,"‘카톡 천하’ 흔드나… 머스크, 메신저앱 ‘X챗’ 17일 출시",0.0,0,0,https://www.kmib.co.kr/article/view.asp?arcid=1775979206&code=11151100&cp=nv
2026-04-13,"5대 은행, 올해 가계대출 더 조여… “인터넷은행으로 풍선효과”",0.0,0,0,https://www.donga.com/news/Economy/article/all/20260412/133723102/2
2026-04-13,"이란 혁명수비대 ""호르무즈 완전 통제…오판시 죽음의 소용돌이""",0.0,0,0,https://www.nocutnews.co.kr/news/6500927?utm_source=naver&utm_medium=article&utm_campaign=20260413122545
2026-04-13,[알림] 강원도민일보 수습·경력기자 모집,0.0,0,0,https://www.kado.net/news/articleView.html?idxno=2044220
2026-04-13,평창사랑상품권 착한가격업소에서 결재하면 5% 캐시백,0.0,0,0,https://www.kwnews.co.kr/page/view/2026041017102591931
2026-04-13,현관문부터 주인 알아본 AI… 가전들도 알아서 움직였다,0.0,0,0,https://www.kmib.co.kr/article/view.asp?arcid=1775718339&code=11151400&cp=nv
2026-04-13,인제군 ‘그리고 앱’ 리뉴얼… 지역화폐 편의 높인다,0.0,0,0,https://www.kwnews.co.kr/page/view/2026041019233338111
2026-04-13,보험금 '기다림' 줄인다… 신속지급 서비스 확대,0.0,0,0,https://www.insnews.co.kr/news/articleView.html?idxno=90144
2026-04-12,"트럼프, 호르무즈 '역(逆)봉쇄' 시사…""다른 나라들도 동참""",0.0,0,0,https://www.nocutnews.co.kr/news/6500925?utm_source=naver&utm_medium=article&utm_campaign=20260412114945
2026-04-12,"김해시, 현장 중심 복지로 은둔 청년 살렸다",0.0,0,0,http://www.gnmaeil.com/news/articleView.html?idxno=584376
2026-04-12,“페이로 할게요” 한마디에 심장 철렁…회원수 쭉쭉 빠진다는 카드업...,0.0,0,0,https://www.mk.co.kr/article/12014918
2026-04-12,"LG, 벌써 최강 전력 본색 드러냈다…'파죽 7연승·공동 1위'",0.0,0,0,https://www.nocutnews.co.kr/news/6500921?utm_source=naver&utm_medium=article&utm_campaign=20260412111044
2026-04-12,"""벌집 건드렸다"" 현실로…소노, '고의 敗 의혹' SK에 압승",0.0,0,0,https://www.nocutnews.co.kr/news/6500920?utm_source=naver&utm_medium=article&utm_campaign=20260412103144
2026-04-12,"트럼프 ""이란에 통행료 낸 모든 선박 차단 지시…봉쇄 시작""",0.0,0,0,https://www.nocutnews.co.kr/news/6500918?utm_source=naver&utm_medium=article&utm_campaign=20260412110744
2026-04-12,"[속보]트럼프 ""불법통행료 내면 안전 항해 못할 것""",0.0,0,0,https://www.nocutnews.co.kr/news/6500917?utm_source=naver&utm_medium=article&utm_campaign=20260412101244
2026-04-12,"[속보]트럼프 ""美해군, 호르무즈 모든 선박에 봉쇄조치 시작""",0.0,0,0,https://www.nocutnews.co.kr/news/6500916?utm_source=naver&utm_medium=article&utm_campaign=20260412101144
2026-04-12,"평창군, 지역상품권 착한가격업소 결제 시 '5% 캐시백' 혜택",0.0,0,0,https://www.smartbizn.com/news/articleView.html?idxno=141709
2026-04-12,"여자농구 KB, 압승X3으로 챔프전 선착 '박지수, 23점 맹폭'",0.0,0,0,https://www.nocutnews.co.kr/news/6500915?utm_source=naver&utm_medium=article&utm_campaign=20260412095844
2026-04-12,"한국중소벤처기업유통원, 4월 동행축제 온·오프라인 연계 판촉 행사 주...",0.0,0,0,http://www.econonews.co.kr/news/articleView.html?idxno=435225
2026-04-12,오리온 '초코송이 말차' 상시 판매 전환... 100만개 완판 제품,0.0,0,0,https://www.ggilbo.com/news/articleView.html?idxno=1151963
2026-04-12,'고유가 피해지원금' 27일부터 지급,0.0,0,0,https://www.idaegu.co.kr/news/articleView.html?idxno=544790
2026-04-12,"한국공항공사-국토교통부,  '항공보안 캠페인' 진행…보조배터리·전자...",0.0,0,0,http://www.econonews.co.kr/news/articleView.html?idxno=435219
2026-04-12,"K1리그, 순위 판도 요동…'강원, 2연승' 8→4위로 급상승",0.261,1,0,https://www.nocutnews.co.kr/news/6500913?utm_source=naver&utm_medium=article&utm_campaign=20260412093343
2026-04-12,"이란 ""전쟁 희생자 3375명…어린이·외국인도 다수""",0.0,0,0,https://www.nocutnews.co.kr/news/6500912?utm_source=naver&utm_medium=article&utm_campaign=20260412093143
2026-04-12,"[유통업계 이모저모] CU, 파리바게뜨, 크라운해태제과, 스타벅스",0.0,0,0,http://www.bizwnews.com/news/articleView.html?idxno=133455
2026-04-12,[카카오소식] 카카오 계열사 대상 클라우드 보안 세미나,0.0,0,0,https://www.webeconomy.co.kr/news/articleView.html?idxno=2138071
2026-04-12,"인제군, 지역화폐 앱 개편·간편결제 확대 추진",0.0,0,0,http://www.newstown.co.kr/news/articleView.html?idxno=700121
2026-04-12,"강기윤 ""진해도심 가로막던 군사철도 '사비선' 전면 철거하겠다""",0.0,0,0,https://www.nocutnews.co.kr/news/6500908?utm_source=naver&utm_medium=article&utm_campaign=20260412083944
2026-04-12,"토스, 네카오 다음 혁신이 될까 [김현아의 IT세상읽기]",0.0,0,0,http://www.edaily.co.kr/news/newspath.asp?newsid=02597766645415464
2026-04-12,"원티드랩 ""HR 넘어 전 분야 AX 지원...'자기개선 루프'로 가능""",0.0,0,0,https://www.aitimes.com/news/articleView.html?idxno=209129
2026-04-12,"창원시설공단, '제2회 커플캐처 인 창원' 참가자 모집",0.0,0,0,https://www.nocutnews.co.kr/news/6500907?utm_source=naver&utm_medium=article&utm_campaign=20260412083043
2026-04-12,민주당 제주지사 후보 결선 앞두고 '위오 연대'…문 반발,0.0,0,0,https://www.nocutnews.co.kr/news/6500903?utm_source=naver&utm_medium=article&utm_campaign=20260412080943
2026-04-12,중앙분리대 받고 전도된 SUV…70대 중상,0.0,0,0,https://www.nocutnews.co.kr/news/6500901?utm_source=naver&utm_medium=article&utm_campaign=20260412080743
2026-04-12,호르무즈·농축우라늄·제재해제가 종전협상 발목 잡았다,-0.462,0,1,https://www.nocutnews.co.kr/news/6500896?utm_source=naver&utm_medium=article&utm_campaign=20260412082145
2026-04-12,학부모 단톡방서 ‘악의적 뒷담화’ 40대 벌금형,0.0,0,0,http://www.kjdaily.com/article.php?aid=1775991566676673005
2026-04-12,충북교육 홍보 모니터링단 100명 모집,0.0,0,0,http://www.dynews.co.kr/news/articleView.html?idxno=846310
2026-04-12,이란 전쟁 중 이스라엘 극우장관 또 '성지 도발',0.0,0,0,https://www.nocutnews.co.kr/news/6500893?utm_source=naver&utm_medium=article&utm_campaign=20260412110745
2026-04-12,"이란 협상단장 ""168개 이니셔티브 제시, 美 신뢰구축 기회 날려""",0.0,0,0,https://www.nocutnews.co.kr/news/6500892?utm_source=naver&utm_medium=article&utm_campaign=20260412080143
2026-04-12,"창원한마음병원, 아이들 놀이동산 체험행사 32년째 이어간다",0.0,0,0,https://www.nocutnews.co.kr/news/6500891?utm_source=naver&utm_medium=article&utm_campaign=20260412075943
2026-04-12,"농협 경남본부, 봄맞이 한돈 소비촉진 나눔행사 개최",0.0,0,0,https://www.nocutnews.co.kr/news/6500889?utm_source=naver&utm_medium=article&utm_campaign=20260412075843
2026-04-12,"진보당 경남도당 지방선거 승리 출정식 개최…""출마자 승리 다짐""",0.0,0,0,https://www.nocutnews.co.kr/news/6500890?utm_source=naver&utm_medium=article&utm_campaign=20260412075843
2026-04-12,전주완산교회 100주년 음악회…과거부터 오늘까지 담아,0.0,0,0,https://www.nocutnews.co.kr/news/6500888?utm_source=naver&utm_medium=article&utm_campaign=20260412075743
2026-04-12,"""완도 화재 냉동시설 강한 화염…순직대원 시야확보 어려웠을 것""",0.0,0,0,https://www.nocutnews.co.kr/news/6500886?utm_source=naver&utm_medium=article&utm_campaign=20260412110646
2026-04-12,미-이란 종전 선언까지 비상대응체계…공공 2부제 유지,0.0,0,0,https://www.nocutnews.co.kr/news/6500879?utm_source=naver&utm_medium=article&utm_campaign=20260412082144
2026-04-12,"창원상의, 회원사 임직원 대상 온라인 교육 플랫폼 운영",0.0,0,0,https://www.nocutnews.co.kr/news/6500880?utm_source=naver&utm_medium=article&utm_campaign=20260412075343
2026-04-12,닫힌 지갑 열어라…전국 소비 대축제,0.0,0,0,http://www.kookje.co.kr/news2011/asp/newsbody.asp?code=0200&key=20260413.22012003378
2026-04-12,"창원시, 창원야철마라톤서 '공공기관 유치' 알렸다",0.0,0,0,https://www.nocutnews.co.kr/news/6500878?utm_source=naver&utm_medium=article&utm_campaign=20260412075143
2026-04-12,"시중銀 가계대출 증가율 줄이고, 상호금융은 빗장",0.0,0,0,http://www.kookje.co.kr/news2011/asp/newsbody.asp?code=0200&key=20260413.22012003379
2026-04-12,"밀양시, 세계적 산악인 엄홍길 홍보대사 위촉",0.0,0,0,https://www.nocutnews.co.kr/news/6500877?utm_source=naver&utm_medium=article&utm_campaign=20260412075143
2026-04-12,'고향의 봄' 배경 천주산 물들인 봄내음…천주산진달래축제 성료,0.0,0,0,https://www.nocutnews.co.kr/news/6500876?utm_source=naver&utm_medium=article&utm_campaign=20260412075042
2026-04-12,완도 냉동창고 화재 순직 소방대원 2명…전리남도지사장 추진,0.0,0,0,https://www.nocutnews.co.kr/news/6500875?utm_source=naver&utm_medium=article&utm_campaign=20260412083843
2026-04-12,학부모 단톡방서 허위사실 유포 벌금형,0.0,0,0,https://www.namdonews.com/news/articleView.html?idxno=907211
2026-04-12,"익산시 ""지방세 환급금 확인 스마트폰으로 간편하게""",0.0,0,0,https://sjbnews.com/news/news.php?number=876053
2026-04-12,"‘나도 70%에 들까?’…건보료로 가르는 60만 지원금, ‘요일제’ 확인...",0.0,0,0,https://www.segye.com/newsView/20260412508990?OutUrl=naver
2026-04-12,"[단독]더현대 품절대란 스킨케어 ‘휩드’, 토종PEF 케이스톤 품으로 [시...",0.322,1,0,https://www.sedaily.com/article/20031379?ref=naver
2026-04-12,"""샷 감 50%""라며 1위…'무서운 신인' 김민솔, 4타 차 우승",0.0,0,0,https://www.nocutnews.co.kr/news/6500895?utm_source=naver&utm_medium=article&utm_campaign=20260412070442
2026-04-12,공공기관 민원인에 공영주차장까지.. 차량 5부제가 부른 '주차장 뺑뺑이...,0.0,0,0,http://www.fnnews.com/news/202604121851498141
2026-04-12,"'올림픽 金' 최민정·심석희·김길리, 또 다시 태극마크 확정",0.0,0,0,https://www.nocutnews.co.kr/news/6500883?utm_source=naver&utm_medium=article&utm_campaign=20260412063842
2026-04-12,"포털, 대화형 AI로 검색 재편",0.0,0,0,https://www.hankyung.com/article/2026041252191
2026-04-13,골드바에 수수료 면제까지…'돌아온 서학개미' 관리 총력전,0.0,0,0,https://www.sidae.com/article/2026041015313419979
2026-04-13,"[속보]미군 ""美동부시간 13일 오전10시부터 이란 출입 해상교통 봉쇄""",0.0,0,0,https://www.nocutnews.co.kr/news/6500929?utm_source=naver&utm_medium=article&utm_campaign=20260413061448
2026-04-14,“요즘 누가 밥 해먹나요”…치킨집도 참전한 ‘7조 육박’ 가정간편식,0.322,1,0,https://www.mk.co.kr/article/12016006
2026-04-14,이광재 중소·벤처 민관협의회 공동위원장 “AI·국부펀드 기반 경제 대...,0.0,0,0,https://www.segye.com/newsView/20260413515430?OutUrl=naver
2026-04-14,[단독]'14명 사망' 안전공업…대화동 공장서 위반사항 줄줄이,0.0,0,0,https://www.nocutnews.co.kr/news/6501649?utm_source=naver&utm_medium=article&utm_campaign=20260414060101
2026-04-14,운항축소에 무급휴직까지…항공사들 전시 '생존대책' 돌입,0.0,0,0,https://www.nocutnews.co.kr/news/6501498?utm_source=naver&utm_medium=article&utm_campaign=20260414060101
2026-04-14,"대신 ""배당·금리투자 전문 플랫폼으로 차별화"" [증시 MTS 열전 ⑥]",0.0,0,0,https://it.chosun.com/news/articleView.html?idxno=2023092160220
2026-04-14,'21세기 대군부인' 숨은 이야기 푼다…비하인드 웹소설 출격,0.0,0,0,http://www.fnnews.com/news/202604131613314726
2026-04-14,수입 국화 5월부터 유통이력 신고의무 대상에 포함,0.0,0,0,https://www.nocutnews.co.kr/news/6501477?utm_source=naver&utm_medium=article&utm_campaign=20260414060100
2026-04-14,"연예인 광고 없이 ‘팬덤’으로 화장품 성공…‘디마프’, 창업 3년 만에...",0.0,0,0,https://www.chosun.com/economy/tech_it/2026/04/14/Y7N3XYH7SJDZNMNZZLQCQBFIOU/?utm_source=naver&utm_medium=referral&utm_campaign=naver-news
2026-04-14,"전역할 때 2천만원 모을 수 있는 군 장병, 금감원이 ‘돈 관리’방법 알...",-0.408,0,1,https://www.khan.co.kr/article/202604140600031
2026-04-14,"트럼프가 전쟁 일으키고 콕 찍었던 이 주식, 얼마나 올랐나",0.0,0,0,https://www.chosun.com/economy/money/2026/04/14/GFGNUJOGGVCE7FNZIPIVYUAOYQ/?utm_source=naver&utm_medium=referral&utm_campaign=naver-news
2026-04-14,[이슈+] 불황 속 패션 플랫폼은 성장…무·에·카 2조 열었다,-0.165,1,1,https://www.shinailbo.co.kr/news/articleView.html?idxno=5010818
2026-04-14,제 색깔 찾은 패션 플랫폼...외형 성장 넘어 ‘돈 버는 경영’ 본궤도,0.322,1,0,https://www.etoday.co.kr/news/view/2575275
2026-04-14,"케이뱅크, 기업금융 드라이브…대출 늘고·건전성 개선",0.322,1,0,http://www.hansbiz.co.kr/news/articleView.html?idxno=832433
2026-04-14,"우도환 ""뛰다가 다리 풀리기도…'사냥개들2' 감독 눈물? 웃겼죠""[왓더OT...",0.0,0,0,https://www.nocutnews.co.kr/news/6501661?utm_source=naver&utm_medium=article&utm_campaign=20260414050104
2026-04-14,"'尹부부' 법정서 첫 대면한다…김건희, '명태균 재판' 증인 출석",0.0,0,0,https://www.nocutnews.co.kr/news/6501654?utm_source=naver&utm_medium=article&utm_campaign=20260414050103
2026-04-14,[기고]美 호르무즈 봉쇄는 '중국이 표적'…왜?,0.0,0,0,https://www.nocutnews.co.kr/news/6501645?utm_source=naver&utm_medium=article&utm_campaign=20260414050102
2026-04-14,李대통령 X글과 이스라엘 결의안 기권…모순인가?,0.0,0,0,https://www.nocutnews.co.kr/news/6501644?utm_source=naver&utm_medium=article&utm_campaign=20260414050102
2026-04-14,[단독]강서구의회 부의장 '성희롱' 의혹 권익위 신고…징계 요구,0.0,0,0,https://www.nocutnews.co.kr/news/6501640?utm_source=naver&utm_medium=article&utm_campaign=20260414050101
2026-04-14,"한동훈, 장고끝에 부산 선택…배경과 전망",0.0,0,0,https://www.nocutnews.co.kr/news/6501589?utm_source=naver&utm_medium=article&utm_campaign=20260414050100
2026-04-14,강남 누비는 ‘AI택시’…기사들은 “퇴출 걱정”,0.0,0,0,https://www.hani.co.kr/arti/economy/it/1254052.html
2026-04-14,민주당 또 당원명부 유출 의혹…이번엔 '경선 앱'이 통로,0.0,0,0,https://www.nocutnews.co.kr/news/6501655?utm_source=naver&utm_medium=article&utm_campaign=20260414050103
2026-04-14,"[단독]금감원, 카카오증권 현장점검 중…올해 MTS장애 '최다'",-0.408,0,1,https://www.nocutnews.co.kr/news/6501595?utm_source=naver&utm_medium=article&utm_campaign=20260414050104
2026-04-14,"[단독]190억 건물 계약 먼저…수지신협, 1년 뒤에 '사후 협의'",0.0,0,0,https://www.nocutnews.co.kr/news/6501597?utm_source=naver&utm_medium=article&utm_campaign=20260414050100
2026-04-14,"'비쵸비' 누적 매출 550억…오리온, 글로벌 수요 대응력 2배 강화한다",0.0,0,0,https://www.apnews.kr/news/articleView.html?idxno=3047760
2026-04-14,"트럼프, 예수 빗댄 이미지 결국 삭제…""의사 역할 묘사한 것""",0.0,0,0,https://www.nocutnews.co.kr/news/6501665?utm_source=naver&utm_medium=article&utm_campaign=20260414060700
2026-04-14,"신한카드, 메르세데스-벤츠와 '프리미엄 PLCC' 3종 선봬",0.0,0,0,https://www.apnews.kr/news/articleView.html?idxno=3047800
2026-04-14,"LG유플러스 ""매장 방문없이… 유심 '원격 업데이트'도 가능""",0.0,0,0,https://www.mt.co.kr/tech/2026/04/14/2026041319563037511
2026-04-14,"美법원 ""WSJ '트럼프 외설 편지 보도'…명예훼손 아냐""",0.0,0,0,https://www.nocutnews.co.kr/news/6501664?utm_source=naver&utm_medium=article&utm_campaign=20260414035858
2026-04-14,"트럼프 ""역(逆)봉쇄 시작…이란측, 협상 매우 간절히 원해""",0.0,0,0,https://www.nocutnews.co.kr/news/6501663?utm_source=naver&utm_medium=article&utm_campaign=20260414060600
2026-04-14,"울진군, 지방세 체납액 일제정리 돌입",0.0,0,0,http://www.cfnews.kr/news/view.php?no=106877
2026-04-14,올해 화제 모은 드라마들 공통점… ‘파격적 신인 작가+베테랑 제작진’,0.0,0,0,https://www.chosun.com/culture-life/k-culture/2026/04/14/QERYPZ6JKNETTJXGBSLKSOHBGY/?utm_source=naver&utm_medium=referral&utm_campaign=naver-news
2026-04-14,"문대림 캠프, ""위성곤 캠프, 1인 1표 원칙 정면 위반… 즉각 사퇴·경찰...",0.0,0,0,https://weeklytrade.co.kr/news/view.html?section=1&category=160&item=&no=99338
2026-04-14,후보 이름·얼굴 도용 투자 유도… 선거철 사칭범죄 활개,0.0,0,0,https://www.kado.net/news/articleView.html?idxno=2044436
2026-04-14,“친구목록부터 왜 안 뜨나” 카톡 또 시끌,0.0,0,0,https://www.joongang.co.kr/article/25419834
2026-04-14,"봉쇄 24분 만에…트럼프 ""이란 선박 접근 시 마약범처럼 즉각 제거""",0.0,0,0,https://www.nocutnews.co.kr/news/6501662?utm_source=naver&utm_medium=article&utm_campaign=20260414120057
2026-04-14,"'불법 웹툰' 칼빼든 네이버웹툰·카카오엔터, 수익성·IP 보호 나선다",0.0,0,0,https://news.tf.co.kr/read/economy/2312595.htm
2026-04-13,"美 호르무즈 봉쇄에 전운 고조…이란 ""우리도 싸울 것""",0.0,0,0,https://www.nocutnews.co.kr/news/6501660?utm_source=naver&utm_medium=article&utm_campaign=20260413115457
2026-04-13,"LH, 신입 262명 뽑는다…4월 16일부터 접수 시작",0.0,0,0,https://www.wikitree.co.kr/articles/1131293
2026-04-13,"[속보]미국, 해상 봉쇄 시작…호르무즈 통제",0.0,0,0,https://www.nocutnews.co.kr/news/6501659?utm_source=naver&utm_medium=article&utm_campaign=20260413113856
2026-04-13,"카카오엔터, ‘21세기 대군부인’ 프리퀄 웹소설 5월 공개",0.0,0,0,https://www.sedaily.com/article/20031642?ref=naver
2026-04-13,"호요버스, '붕괴: 스타레일' 4.2 버전 22일 업데이트 진행…DDP 오프라인...",0.0,0,0,https://www.xportsnews.com/article/2136146
2026-04-13,"마산해양신도시 비판 창원시의원들, 경찰수사서 '무혐의'",0.0,0,0,https://www.nocutnews.co.kr/news/6501657?utm_source=naver&utm_medium=article&utm_campaign=20260413105056
2026-04-13,"농협, 영농철 전국 동시 일손돕기 돌입…올해 260만 명 공급",0.0,0,0,https://www.nocutnews.co.kr/news/6501658?utm_source=naver&utm_medium=article&utm_campaign=20260413105057
2026-04-13,"21그램 전 직원 ""김건희 요구로 尹관저에 다다미방 설치""",0.0,0,0,https://www.nocutnews.co.kr/news/6501656?utm_source=naver&utm_medium=article&utm_campaign=20260413104956
2026-04-13,"미군 ""허가없이 봉쇄구역 진입 선박, 차단·회항·나포 조치""",0.0,0,0,https://www.nocutnews.co.kr/news/6501653?utm_source=naver&utm_medium=article&utm_campaign=20260413104456
2026-04-13,"카카오엔터, 웹소설 ‘21세기 대군부인 in 왕립학교’ 공개",0.0,0,0,https://zdnet.co.kr/view/?no=20260413185732
2026-04-13,"종합특검, '김건희 수사 무마 의혹' 이원석·송경호 출국금지",0.0,0,0,https://www.nocutnews.co.kr/news/6501652?utm_source=naver&utm_medium=article&utm_campaign=20260413103356
2026-04-13,"카카오엔터, 내달 ‘21세기 대군부인’ 비하인드 다룬 웹소설 공개",0.0,0,0,https://www.mk.co.kr/article/12015914
2026-04-13,"아워홈, 카카오 VX와 스크린골프장 식음 사업 활성화 업무협약",0.0,0,0,http://www.econonews.co.kr/news/articleView.html?idxno=435410
2026-04-13,"창원시-전기연, '개방형 제2캠퍼스' 조성…국가 전략기술 공동연구",0.0,0,0,https://www.nocutnews.co.kr/news/6501650?utm_source=naver&utm_medium=article&utm_campaign=20260413100356
2026-04-13,"창원시, 2026년 '여성안전귀가 안심거리' 5곳 조성",0.0,0,0,https://www.nocutnews.co.kr/news/6501651?utm_source=naver&utm_medium=article&utm_campaign=20260413100356
2026-04-13,창원소방본부-지역 의료기관 협력에 이송병원 선정 요청 줄었다,0.0,0,0,https://www.nocutnews.co.kr/news/6501648?utm_source=naver&utm_medium=article&utm_campaign=20260413100256
2026-04-13,"창원시, 외국인 대상 환경교육 첫 시행…쓰레기 분리배출부터",0.0,0,0,https://www.nocutnews.co.kr/news/6501647?utm_source=naver&utm_medium=article&utm_campaign=20260413100156
2026-04-13,"세월호참사 12주기 기억예배…""국민 생명·안전위한 세월호 행전 계속""",0.0,0,0,https://www.nocutnews.co.kr/news/6501463?utm_source=naver&utm_medium=article&utm_campaign=20260413100056
2026-04-13,[브리프] GC GC녹십자 휴온스메디텍 에스티팜 유유제약 外,0.0,0,0,http://www.biztribune.co.kr/news/articleView.html?idxno=352323
2026-04-13,[브리프]오뚜기 풀무원 CJ제일제당 오리온 동서식품 롯데웰푸드 外,0.0,0,0,http://www.biztribune.co.kr/news/articleView.html?idxno=352331
2026-04-13,"'베테랑의 힘' 배혜윤이 끝냈다…삼성생명, PO 1패 후 2연승",0.0,0,0,https://www.nocutnews.co.kr/news/6501643?utm_source=naver&utm_medium=article&utm_campaign=20260413092856
2026-04-13,"경주페이, 네이버페이 결제 서비스 도입",0.0,0,0,https://www.idaegu.co.kr/news/articleView.html?idxno=544853
2026-04-13,[4월14일자] 비즈니스포스트 아침의 주요기사,0.261,1,0,https://www.businesspost.co.kr/BP?command=article_view&num=435623
2026-04-13,"부산 동구 e바구페이, 네이버페이 도입...모바일 편의성 강화",0.0,0,0,https://www.joongdo.co.kr/web/view.php?key=20260413010003981
2026-04-13,"네타냐후 이스라엘 총리 ""트럼프 해상 봉쇄 전폭 지지""",0.0,0,0,https://www.nocutnews.co.kr/news/6501642?utm_source=naver&utm_medium=article&utm_campaign=20260413091955
2026-04-13,[브리프] 교원 네이버웹툰 카카오엔터 하이브,0.0,0,0,http://www.biztribune.co.kr/news/articleView.html?idxno=352306
2026-04-13,"부상자 없는 슈퍼 팀은 강했다…KCC, 0% 확률 향해 시동",0.0,0,0,https://www.nocutnews.co.kr/news/6501641?utm_source=naver&utm_medium=article&utm_campaign=20260413091455
2026-04-13,"카카오뱅크, 예적금 금리 0.10%p 인상…은행권 긴장",0.0,0,0,https://www.tokenpost.kr/news/economy/348823
2026-04-13,길 넓혀가는 구글...길 잃어가는 네카오,0.0,0,0,https://www.ajunews.com/view/20260413135914610
2026-04-13,"브리타의 첫 번째 냉온정수기, 무타공·자가관리형 ‘큐브 쿨’ 출시",0.0,0,0,https://sports.khan.co.kr/article/202604132106003?pt=nv
2026-04-13,"경주시, 경주페이 네이버페이 결제 도입… 간편 결제 확대",0.0,0,0,https://www.ksmnews.co.kr/news/view.php?idx=600066
2026-04-13,"울진군, 지방세 체납액 일제정리 돌입",0.0,0,0,https://www.ksmnews.co.kr/news/view.php?idx=600155
2026-04-13,"윤건영 충북교육감 ""안전은 공교육의 출발이자 핵심 가치""",0.0,0,0,https://www.nocutnews.co.kr/news/6501637?utm_source=naver&utm_medium=article&utm_campaign=20260413090355
2026-04-13,"'38세' 서인국, 뼈말라 됐다…서강준과 같은 작품 출연하더니 금세 아이...",0.0,0,0,https://www.tenasia.co.kr/article/2026041020374
2026-04-13,"'反EU 기수' 오르반 퇴장에 EU 환호…""헝가리, 유럽 선택했다""",0.0,0,0,https://www.nocutnews.co.kr/news/6501634?utm_source=naver&utm_medium=article&utm_campaign=20260413085655
2026-04-13,[패트롤] 경주시-달서구-칠곡군-청도군-대구대-영남대,0.0,0,0,https://www.ekn.kr/web/view.php?key=20260413026356541
2026-04-13,"박권현 청도군수 예비후보, 20분 생활권·24시간 응급체계 추진",0.0,0,0,https://www.ksmnews.co.kr/news/view.php?idx=599591
2026-04-13,"정부 2조 규모 GPU사업 공모, 네이버클라우드 KT클라우드 삼성SDS 포함 5...",0.0,0,0,https://www.businesspost.co.kr/BP?command=article_view&num=435621
2026-04-13,"달서구, 저탄소 스마트 행정 실천…복지 부정수급 예방 서포터즈 본격 ...",0.0,0,0,https://www.dkilbo.com/news/articleView.html?idxno=540953
2026-04-13,"팔공메아리 어린이 신문, 모바일로 본다",0.0,0,0,https://www.ksmnews.co.kr/news/view.php?idx=600139
2026-04-13,"달서구, 오픈채팅으로 뭉쳤다…복지 부정수급 예방 서포터즈 출범",0.0,0,0,https://www.ksmnews.co.kr/news/view.php?idx=600207
2026-04-13,"대구 동구 ‘팔공메아리 어린이 신문’, 이제 모바일로 만난다",0.0,0,0,https://tk.newdaily.co.kr/site/data/html/2026/04/13/2026041300385.html
2026-04-13,"농식품부, 아일랜드산 쇠고기 검역 중단 조치",0.0,0,0,https://www.nocutnews.co.kr/news/6501633?utm_source=naver&utm_medium=article&utm_campaign=20260413084355
2026-04-13,[위클리오늘] 울진군 오늘(4. 13),0.0,0,0,http://www.weeklytoday.com/news/articleView.html?idxno=770787
2026-04-13,"[기자수첩] 가계대출은 줄지 않았다, 이동만 하고 있다",0.0,0,0,http://www.bizwnews.com/news/articleView.html?idxno=133587
2026-04-13,"""이 난장판에 끝판왕 차례""…빅뱅, 코첼라에서 힙합→트로트 히트곡 연...",0.0,0,0,https://www.nocutnews.co.kr/news/6501631?utm_source=naver&utm_medium=article&utm_campaign=20260413084755
2026-04-13,"경주페이, 네이버페이 연동… 간편결제 서비스 확대",0.0,0,0,http://www.ujeil.com/news/articleView.html?idxno=384172
2026-04-13,"'위안부 피해자 모욕' 단체 대표 기소…""日자금으로 지속 범행""",0.0,0,0,https://www.nocutnews.co.kr/news/6501630?utm_source=naver&utm_medium=article&utm_campaign=20260413081655
2026-04-13,"인권위, '우크라 北 포로, 빠르게 송환' 외교부에 의견 표명키로",0.0,0,0,https://www.nocutnews.co.kr/news/6501629?utm_source=naver&utm_medium=article&utm_campaign=20260413081555
2026-04-13,"법관 대표들 ""사법개혁 3법, 충분한 논의 없이 개정돼 유감""",0.0,0,0,https://www.nocutnews.co.kr/news/6501628?utm_source=naver&utm_medium=article&utm_campaign=20260413081455
2026-04-13,영천시장 예비후보자 전과 기록 허위 공표 30대 남성 고발,0.0,0,0,https://www.nocutnews.co.kr/news/6501627?utm_source=naver&utm_medium=article&utm_campaign=20260413080255
2026-04-13,“유효기간 지나 사라지는 페이·머니 수백억…이용자 보호 재정비해야...,0.0,0,0,https://www.segye.com/newsView/20260413519313?OutUrl=naver
2026-04-13,"경주페이, 네이버페이 결제 도입…간편결제 확대",0.0,0,0,http://www.newstown.co.kr/news/articleView.html?idxno=700303
2026-04-13,김부겸 견제 쏟아진 국힘 대구시장 경선 2차 토론,0.0,0,0,https://www.nocutnews.co.kr/news/6501626?utm_source=naver&utm_medium=article&utm_campaign=20260413080055
2026-04-13,"경주페이, 네이버페이와 손잡아…간편결제 확대",0.0,0,0,http://www.dtnews24.com/news/articleView.html?idxno=810361
2026-04-13,"김부겸 ""민주당, TK행정통합 지원 얄팍하지 않아…저 뽑으면 해결""",0.0,0,0,https://www.nocutnews.co.kr/news/6501623?utm_source=naver&utm_medium=article&utm_campaign=20260413074955
2026-04-13,"김영록 통합시장 경선 후보, 순천 케나즈 방문…웹툰 지원 강조",0.0,0,0,https://www.nocutnews.co.kr/news/6501621?utm_source=naver&utm_medium=article&utm_campaign=20260413074555
2026-04-13,민주당 대전시장 후보에 허태정…이장우와 4년 만 맞대결,0.0,0,0,https://www.nocutnews.co.kr/news/6501620?utm_source=naver&utm_medium=article&utm_campaign=20260413073955
2026-04-13,"한-폴란드 정상회담…李대통령 ""중동위기 공급망 협력""",0.0,0,0,https://www.nocutnews.co.kr/news/6501618?utm_source=naver&utm_medium=article&utm_campaign=20260413073855
2026-04-13,정부 GPU 사업에 삼성·네이버·KT·쿠팡·엘리스 도전장,0.0,0,0,http://www.newsprime.co.kr/news/article.html?no=730112
2026-04-13,"""인감도장 없어도 OK""…경주시, 본인서명사실확인서 홍보 강화",0.0,0,0,https://www.nocutnews.co.kr/news/6501617?utm_source=naver&utm_medium=article&utm_campaign=20260413073155
2026-04-13,"위성곤-오영훈 ""연대설""...문대림 ""공직자 중립 위반""",0.0,0,0,http://www.jejunews.com/news/articleView.html?idxno=2224802
2026-04-13,"위성곤, 1인 2표 행사 유도 의혹...""도민에 공식 사과""",0.0,0,0,http://www.jejunews.com/news/articleView.html?idxno=2224799
2026-04-15,"트럼프 ""이틀 안에 뭔가 일어날 수도""…'종전 재협상' 시사",0.0,0,0,https://www.nocutnews.co.kr/news/6502414?utm_source=naver&utm_medium=article&utm_campaign=20260415010509
2026-04-15,"[속보]트럼프 ""이란 관련, 이틀 안에 뭔가 일어날 수도""",0.0,0,0,https://www.nocutnews.co.kr/news/6502413?utm_source=naver&utm_medium=article&utm_campaign=20260415123909
2026-04-15,초보자·소액 경매 도전자·자산가… 3개 과정 동시에 운영,0.0,0,0,https://www.chosun.com/economy/realty/2026/04/15/7I54GKNNHFCP7C5TH2D3SWAWCI/?utm_source=naver&utm_medium=referral&utm_campaign=naver-news
2026-04-15,"법정 첫 대면…미소 지으며 바라본 윤석열, 내내 무표정한 김건희",0.0,0,0,https://www.joongang.co.kr/article/25420216
2026-04-15,연예인 광고 없이도… 피부 관리 ‘고품질 콘텐츠’로 성공,0.0,0,0,https://www.chosun.com/economy/tech_it/2026/04/15/TJQYMM3EDFHJDC7N6VJ75JV2AI/?utm_source=naver&utm_medium=referral&utm_campaign=naver-news
2026-04-15,“종전은 예측 불가… 지금은 현금 확보해야 할 때”,0.0,0,0,https://www.kmib.co.kr/article/view.asp?arcid=1776079381&code=11151300&cp=nv
2026-04-14,"[금융 이모저모] KB국민은행, BNK부산은행, 하나은행, 한국씨티은행, 애...",0.0,0,0,http://www.worktoday.co.kr/news/articleView.html?idxno=83717
2026-04-14,"정부, 이란에 50만 달러 규모 인도적 지원 결정",0.0,0,0,https://www.nocutnews.co.kr/news/6502410?utm_source=naver&utm_medium=article&utm_campaign=20260414113008
2026-04-14,"OVLR, 자사몰 오픈···브랜드 가치·고객 경험 강화",0.0,0,0,https://sports.khan.co.kr/article/202604142327003?pt=nv
2026-04-14,[AWS 게임데이]개발·운영 역할분담이 승부 갈랐다…카카오뱅크 2연패,0.0,0,0,https://www.bloter.net/news/articleView.html?idxno=659275
2026-04-14,"[횡설수설/우경임]‘학폭 변호사’, ‘학폭 보험’",0.0,0,0,https://www.donga.com/news/Opinion/article/all/20260414/133739989/2
2026-04-14,"호르무즈 막히자…이란, 인접국으로 '우회 무역' 주문",0.0,0,0,https://www.nocutnews.co.kr/news/6502408?utm_source=naver&utm_medium=article&utm_campaign=20260414110708
2026-04-14,"튀르키예 학교서 총기 난사…16명 부상, 범인은 사망",0.0,0,0,https://www.nocutnews.co.kr/news/6502407?utm_source=naver&utm_medium=article&utm_campaign=20260414105008
2026-04-14,"코레일·카카오모빌리티, 'AI 철도' 위해 맞손… AX 혁신 가속",0.0,0,0,https://www.thedailypost.kr/news/articleView.html?idxno=113863
2026-04-14,"추신수, 악성 댓글 누리꾼들 고소…""가족 향해 욕설·패륜 발언""",0.0,0,0,https://www.nocutnews.co.kr/news/6502400?utm_source=naver&utm_medium=article&utm_campaign=20260414101808
2026-04-14,"카카오모빌리티-코레일, 철도 모빌리티 AX 추진 시동",0.0,0,0,http://www.worktoday.co.kr/news/articleView.html?idxno=83714
2026-04-14,완도 냉동창고 화재…30대 중국인 노동자 구속,0.0,0,0,https://www.nocutnews.co.kr/news/6502399?utm_source=naver&utm_medium=article&utm_campaign=20260414101208
2026-04-14,"모사드 수장 ""이란 정권교체가 목표…위협 방관 않을 것""",0.0,0,0,https://www.nocutnews.co.kr/news/6502397?utm_source=naver&utm_medium=article&utm_campaign=20260414100808
2026-04-14,"대법 ""국정농단 증거 태블릿PC, 최서원에 돌려줘야""",0.0,0,0,https://www.nocutnews.co.kr/news/6502396?utm_source=naver&utm_medium=article&utm_campaign=20260414100708
2026-04-14,"예장 통합, '5.18 최후 희생자' 문용동 신앙 조명…""복음의 공공성 증언...",0.0,0,0,https://www.nocutnews.co.kr/news/6502369?utm_source=naver&utm_medium=article&utm_campaign=20260414100108
2026-04-14,"싸다고 사면 낭패! 진짜 초콜릿, 진짜 꿀을 사고 싶다면 ‘이것’ 확인",0.0,0,0,https://www.gqkorea.co.kr/2026/04/14/%ec%8b%b8%eb%8b%a4%ea%b3%a0-%ec%82%ac%eb%a9%b4-%eb%82%ad%ed%8c%a8-%ec%a7%84%ec%a7%9c-%ec%b4%88%ec%bd%9c%eb%a6%bf-%ec%a7%84%ec%a7%9c-%ea%bf%80%ec%9d%84-%ec%82%ac%ea%b3%a0-%ec%8b%b6%eb%8b%a4%eb%a9%b4/?utm_source=naver&utm_medium=partnership
2026-04-14,"IMF ""올해 한국 성장률 1.9%""…세계경제 둔화 속 선진국 평균 상회",0.322,1,0,https://www.nocutnews.co.kr/news/6502226?utm_source=naver&utm_medium=article&utm_campaign=20260414100108
2026-04-14,"""MVP는 MVP네요"" 생일에 22점 폭발…2연승 이끈 에이스 이정현",0.0,0,0,https://www.nocutnews.co.kr/news/6502395?utm_source=naver&utm_medium=article&utm_campaign=20260414095107
2026-04-14,붉은 벽돌만큼 오래된 사람들,0.0,0,0,https://www.danbinews.com/news/articleView.html?idxno=32811
2026-04-14,비행기서 컵으로 다른 승객 폭행한 20대…검찰 송치,0.0,0,0,https://www.nocutnews.co.kr/news/6502394?utm_source=naver&utm_medium=article&utm_campaign=20260414094107
2026-04-14,"이재준, 민주당 수원시장 후보 확정…""대전환 완수"" 승부수",0.0,0,0,https://www.nocutnews.co.kr/news/6502393?utm_source=naver&utm_medium=article&utm_campaign=20260414093107
2026-04-14,BTS급 예약·'트럼프 왕관'까지…전국 난임 부부가 찾는 한의사,0.0,0,0,https://www.nocutnews.co.kr/news/6502392?utm_source=naver&utm_medium=article&utm_campaign=20260414092507
2026-04-14,"[속보]李대통령, 고광헌 방미심위 위원장 임명안 재가",0.0,0,0,https://www.nocutnews.co.kr/news/6502391?utm_source=naver&utm_medium=article&utm_campaign=20260414092107
2026-04-14,"'3쿼터 17-0 런' 소노, 2차전은 역전승…2연승과 함께 고양으로",0.0,0,0,https://www.nocutnews.co.kr/news/6502388?utm_source=naver&utm_medium=article&utm_campaign=20260414090207
2026-04-14,[야식 뭐 먹지?] 한국에서만 한정으로 선보이는 쉐이크쉑 '쉬림프 쉑',0.0,0,0,https://www.econovill.com/news/articleView.html?idxno=737166
2026-04-14,식사 제공 등 선거법위반 혐의 3명 '검찰 고발',0.0,0,0,https://ysmbc.co.kr/NewsArticle/1514121
2026-04-14,"[헬로스톡 - 4/14] 네이버·카카오, 나란히 목표가 하향…AI 시대 양대 플...",-0.892,0,3,https://www.hellot.net/news/article.html?no=112080
2026-04-14,"경산시, 체납 안내도 ‘맞춤형 시대’",0.0,0,0,https://www.ksmnews.co.kr/news/view.php?idx=600453
2026-04-14,민주 충북 기초단체장 경선 돌입 … 표심 선점 `총력전',0.0,0,0,http://www.cctimes.kr/news/articleView.html?idxno=901986
2026-04-14,충북교육 홍보 모니터링단 모집,0.0,0,0,http://www.cctimes.kr/news/articleView.html?idxno=901963
2026-04-14,"코레일·카카오모빌리티, 철도 모빌리티 AX 추진",0.0,0,0,https://www.datanet.co.kr/news/articleView.html?idxno=210925
2026-04-14,[브리프]LF 디스커버리 신세계인터내셔날 코오롱FnC 애경산업 外,0.0,0,0,http://www.biztribune.co.kr/news/articleView.html?idxno=352393
2026-04-14,[브리프] 대교 CJ CGV 미래엔 롯데컬처웍스 kt밀리의서재 카카오엔터,0.0,0,0,http://www.biztribune.co.kr/news/articleView.html?idxno=352354
2026-04-14,"이란, 美협상 결렬 후에도 파키스탄과 소통…""차기회담은 미정""",0.0,0,0,https://www.nocutnews.co.kr/news/6502384?utm_source=naver&utm_medium=article&utm_campaign=20260414083307
2026-04-14,"국민연금, 해외투자 환헤지 비율 15%로 확대…환율 변동성 대응",0.0,0,0,https://www.nocutnews.co.kr/news/6502383?utm_source=naver&utm_medium=article&utm_campaign=20260414083107
2026-04-14,"광주노동청, 취업지원수당 부정수급 17명 적발",0.0,0,0,http://www.kjdaily.com/article.php?aid=1776165240676855005
2026-04-14,‘쉐이크쉑’ 버전 새우버거 나왔다… ‘쉬림프 쉑’ 한정 출시,0.0,0,0,https://www.sportsworldi.com/newsView/20260414523771
2026-04-14,"[미토스 충격] 앤트로픽과 오픈AI 프로젝트 양날의 검? 정부, 사이버보...",0.0,0,0,http://www.boannews.com/media/view.asp?idx=143162&kind=2
2026-04-14,"리호남 필리핀 입국설... 방용철vs국정원, 누가 거짓말인가?",0.0,0,0,https://www.ohmynews.com/NWS_Web/View/at_pg.aspx?CNTN_CD=A0003224558&CMPT_CD=P0010&utm_source=naver&utm_medium=newsearch&utm_campaign=naver_news
2026-04-14,"'노인을 위한 도시' 김포시, 경로당 88곳 환경 개선 총력",0.0,0,0,https://www.nocutnews.co.kr/news/6502382?utm_source=naver&utm_medium=article&utm_campaign=20260414080907
2026-04-14,"""교황 비판은 용납 못해""…이탈리아 총리, 트럼프 비판",0.0,0,0,https://www.nocutnews.co.kr/news/6502381?utm_source=naver&utm_medium=article&utm_campaign=20260414080607
2026-04-14,"""이젠 기대도 없다""…올라도 '반토막' 목표가 '줄줄이 하향'",-0.322,0,1,https://www.hankyung.com/article/2026041405611
2026-04-14,"앤스로픽 '미토스' 파장…정부, 통신3사·네카오 긴급 소집해 사이버보...",0.0,0,0,https://www.etoday.co.kr/news/view/2575745
2026-04-14,"김승수 ""국힘 대구 최종 후보 결정 감동必…김부겸, 훌륭하지만 편향적...",0.0,0,0,https://www.nocutnews.co.kr/news/6502380?utm_source=naver&utm_medium=article&utm_campaign=20260414075607
2026-04-14,"[토큰주식] 카카오, 원화 스테이블코인 제도화 기대에 강세",0.322,1,0,https://www.tokenpost.kr/news/economy/349303
2026-04-14,“구형폰에선 카톡 안 돼요”…카톡 옛 운영체제 지원 종료,0.0,0,0,https://www.segye.com/newsView/20260414523132?OutUrl=naver
2026-04-14,"""위험하고 무책임""…중국, '美 호르무즈 역봉쇄'에 비난",0.0,0,0,https://www.nocutnews.co.kr/news/6502378?utm_source=naver&utm_medium=article&utm_campaign=20260414074506
2026-04-14,‘데뷔 일주일’ hrtz.wav (하츠웨이브) “프로의 세계 하루하루 적응 중...,0.0,0,0,https://sports.khan.co.kr/article/202604141940003?pt=nv
2026-04-14,"카뱅, 부산은행과 ‘법인 대출’ 출사표…공동대출로 진입",0.0,0,0,https://www.ekn.kr/web/view.php?key=20260414020096985
2026-04-14,“카톡이 갑자기 안 돼요”…구형폰 카카오톡 지원 종료로 ‘혼란’,0.0,0,0,https://news.kbs.co.kr/news/pc/view/view.do?ncd=8535663&ref=A
2026-04-14,"'전략통' 김영진 ""'간잽이' 한동훈, 부산이 만만해 보이나...3등 탈락, 낙...",0.0,0,0,https://www.ikbc.co.kr/article/view/kbc202604140053
2026-04-14,"[토큰주식] 카카오, AI 결제 인프라 부각에 강세…원화 스테이블코인 공...",0.322,1,0,https://www.tokenpost.kr/news/economy/349294
2026-04-14,"신한카드, '벤츠' 전용 프리미엄 카드 출시… 최대 3% 할인·마일리지 혜...",0.0,0,0,https://www.pinpointnews.co.kr/news/articleView.html?idxno=445480
2026-04-14,"윤갑근 ""도민 자부심 갖는 강한 충북 만들려 출마""",0.0,0,0,https://www.nocutnews.co.kr/news/6502377?utm_source=naver&utm_medium=article&utm_campaign=20260414072806
2026-04-14,석유화학 공급망 긴급관리 시행…매점매석 금지·수급조정 도입,0.0,0,0,https://www.nocutnews.co.kr/news/6502373?utm_source=naver&utm_medium=article&utm_campaign=20260414072506
2026-04-14,"한화투자증권, 2026년 상반기 신입사원 채용 진행 外",0.0,0,0,https://www.rcast.co.kr/news/articleView.html?idxno=30523
2026-04-14,"""없어서 못 산다"" 구매 제한까지…2030 꽂힌 바지 뭐길래 [트렌드+]",0.0,0,0,https://www.hankyung.com/article/2026041401667
2026-04-14,"""이러다 달러에 다 먹혀…韓 입법 골든타임 놓쳐선 안돼""",0.0,0,0,http://www.edaily.co.kr/news/newspath.asp?newsid=04887206645416120
2026-04-14,"인터넷銀과 협업, 해상풍력 투자…BNK, 지역은행 틀 깬다",0.0,0,0,http://www.kookje.co.kr/news2011/asp/newsbody.asp?code=0200&key=20260415.22011004001
2026-04-14,부산 중견기업·스타트업 연결…전국구로 키운다,0.0,0,0,http://www.kookje.co.kr/news2011/asp/newsbody.asp?code=0200&key=20260415.22012003651
2026-04-14,카톡 스테이블코인 AI결제 ‘규제 허들’ 산적…당국 고심,0.0,0,0,http://www.edaily.co.kr/news/newspath.asp?newsid=04874086645416120
2026-04-14,"카카오모빌리티, 코레일과 맞손… ""AI 기반 철도 안전 서비스 개발""",0.0,0,0,http://digitalchosun.dizzo.com/site/data/html_dir/2026/04/14/2026041480185.html
2026-04-14,"카카오뱅크·부산은행, 중소기업 공동대출 '맞손'",0.0,0,0,https://weekly.hankooki.com/news/articleView.html?idxno=7159864
2026-04-14,(서초동 파노라마)합수본이 뭉갰다?…문제는 ‘윤영호 말’로 시작된 수...,0.0,0,0,http://www.newstomato.com/ReadNews.aspx?no=1297842&inflow=N
2026-04-14,코인베이스·스트라이프 ‘AI 에이전트 결제’ 경쟁 본격화…韓도 참전,0.0,0,0,http://www.edaily.co.kr/news/newspath.asp?newsid=04864246645416120
2026-04-14,"부산 온 우원식 의장 ""개헌 위해 부산 국힘 의원 지지 필요""",0.0,0,0,https://www.nocutnews.co.kr/news/6502371?utm_source=naver&utm_medium=article&utm_campaign=20260414070306
2026-04-14,'AI가 돈 쓰는 시대' 준비 한창인데…원화 스테이블코인은 감감무소식,0.0,0,0,http://www.edaily.co.kr/news/newspath.asp?newsid=04847846645416120
2026-04-14,"李 ""다주택자, 서류 복사 직원도 빼야""…부동산 드라이브",0.0,0,0,https://www.nocutnews.co.kr/news/6502368?utm_source=naver&utm_medium=article&utm_campaign=20260414070106
2026-04-14,정보라 '붉은 칼' 등 한국-SF 4편 로커스상 최종후보,0.0,0,0,https://www.nocutnews.co.kr/news/6502366?utm_source=naver&utm_medium=article&utm_campaign=20260414065606
2026-04-14,"민형배 ""시민명령 겸허히 받들어 시민주권정부 완성할 것""",0.0,0,0,https://www.nocutnews.co.kr/news/6502364?utm_source=naver&utm_medium=article&utm_campaign=20260414065506
2026-04-14,"퇴직자 재취업 특혜 막는다…코레일, 전관예우 근절 대책 시행 본격화",0.0,0,0,http://www.sisacast.kr/news/articleView.html?idxno=95048
2026-04-14,학생·학부모·도민 참여로 공감도 높인다,0.0,0,0,https://www.ccdn.co.kr/news/articleView.html?idxno=1073519
2026-04-14,"금산인삼농협, 원료값 상승·소비 부진 '이중고'…온라인 확대·수출로...",0.261,1,0,https://www.agrinet.co.kr/news/articleView.html?idxno=403381
2026-04-14,"경산시, 체납 안내도 '스마트하게'···맞춤형 징수 총력",0.0,0,0,http://www.dtnews24.com/news/articleView.html?idxno=810447
2026-04-14,"“AI 철도 서비스 구현”…카카오모빌리티, 코레일과 업무협약 체결",0.0,0,0,https://www.sedaily.com/article/20032502?ref=naver
2026-04-14,한울본부 '다누림 무비데이' 개최…환경 주제 ESG 영화 상영,0.0,0,0,https://www.nocutnews.co.kr/news/6502360?utm_source=naver&utm_medium=article&utm_campaign=20260414064607
2026-04-14,울진군 '농업 대전환' 본격화…소득·인력·산업화 3축 강화,0.0,0,0,https://www.nocutnews.co.kr/news/6502362?utm_source=naver&utm_medium=article&utm_campaign=20260414064607
2026-04-14,"""K-문화로 세계와 소통""…한수원, 체코 봉사단원 15명 모집",0.0,0,0,https://www.nocutnews.co.kr/news/6502361?utm_source=naver&utm_medium=article&utm_campaign=20260414064606
2026-04-14,"KB국민은행, 'KB Star 지수연동예금 26-3호' 출시 外",0.0,0,0,https://www.rcast.co.kr/news/articleView.html?idxno=30522
2026-04-14,"""어디서 일하고 싶나""…포스코그룹, 대학생 취업 선호도 조사 9위",0.0,0,0,https://www.kyongbuk.co.kr/news/articleView.html?idxno=4070047
2026-04-14,노봉법 후폭풍 ‘판교’ 덮치나… 계열사·외주 많은 IT·플랫폼 긴장,0.0,0,0,http://www.fnnews.com/news/202604141844289315
2026-04-14,경찰이 재테크 방법을 하나 알려드리겠습니다,0.0,0,0,https://www.hidomin.com/news/articleView.html?idxno=701398
2026-04-14,"코레일, 카카오모빌리티와 AI 철도 서비스 협력",0.0,0,0,https://www.thelec.kr/news/articleView.html?idxno=55085
2026-04-14,"""AI가 세계 최고 해커 될 수도"" 정부, 통신·플랫폼 긴급 소집",0.0,0,0,http://www.fnnews.com/news/202604141733169111
2026-04-14,"카카오뱅크, 부산은행과 중소기업 공동대출 협력…생산적금융 강화",0.0,0,0,https://www.thepublic.kr/news/articleView.html?idxno=301118
2026-04-14,'청주 가스 폭발 사고' 피해 눈덩이…트라우마 호소까지,0.0,0,0,https://www.nocutnews.co.kr/news/6502355?utm_source=naver&utm_medium=article&utm_campaign=20260414063806
2026-04-14,"충북교육청, 만취운전 교사 '정직' 중징계…숙취 적발 교사는 감봉",0.0,0,0,https://www.nocutnews.co.kr/news/6502356?utm_source=naver&utm_medium=article&utm_campaign=20260414063807
2026-04-14,"日 국민 밴드 백넘버, 9월 킨텍스에서 첫 내한 공연…22일 예매 시작",0.0,0,0,https://www.nocutnews.co.kr/news/6502357?utm_source=naver&utm_medium=article&utm_campaign=20260414063806
2026-04-14,"검찰, '李 대통령 명예훼손 혐의' 전한길에 구속영장 청구",0.0,0,0,https://www.nocutnews.co.kr/news/6502349?utm_source=naver&utm_medium=article&utm_campaign=20260414063706
2026-04-14,[민형배 민주당 특별시장 후보 확정]'과열' 경선 끝났지만 앙금 여전…...,0.0,0,0,https://www.namdonews.com/news/articleView.html?idxno=907496
2026-04-14,'1조 매물' 애큐온캐피탈 인수전...메리츠·BNK·한화 등 각축,0.0,0,0,https://www.thepublic.kr/news/articleView.html?idxno=301129
2026-04-14,제천 청풍랜드서 80대 2명 버스에 치여…1명 헬기 이송,0.0,0,0,https://www.nocutnews.co.kr/news/6502354?utm_source=naver&utm_medium=article&utm_campaign=20260414063707
2026-04-14,"김민석 ""6·3 지방선거 엄격 관리…AI 통한 가짜뉴스 엄중 처벌""[노컷브...",0.0,0,0,https://www.nocutnews.co.kr/news/6502353?utm_source=naver&utm_medium=article&utm_campaign=20260414063707
2026-04-14,"50일 앞둔 지방선거…金총리 ""AI 가짜뉴스엔 일벌백계""",0.0,0,0,https://www.nocutnews.co.kr/news/6502348?utm_source=naver&utm_medium=article&utm_campaign=20260414071006
2026-04-14,"에스알·코레일, ""브랜드 통합보다 이용자 편의 먼저""...중련 운행 '시동...",0.0,0,0,https://daily.hankooki.com/news/articleView.html?idxno=1358194
2026-04-15,작년 개인정보 유출 과징금 1천580억원…4년 만에 100배로 폭증,-0.408,0,1,https://www.yna.co.kr/view/AKR20260414141100530?input=1195m
2026-04-15,"동탄서 아파트값 담합 논란…""최고가 대비 회복률 85%"" 안내문 턱",0.0,0,0,https://realty.chosun.com/site/data/html_dir/2026/04/14/2026041403474.html
2026-04-15,"롯데마트 제타, KT 멤버십 회원에 할인 쿠폰 준다",0.0,0,0,http://www.edaily.co.kr/news/newspath.asp?newsid=02007366645416448
2026-04-15,"새벽 자율주행버스 'A148' 달린다…서울시, 노선 확대",0.0,0,0,https://news.tf.co.kr/read/life/2313231.htm
2026-04-15,"증시 반등에도 부진한 ' K콘텐츠'…증권가 ""하반기 모멘텀 기대""",0.067,1,1,http://www.fnnews.com/news/202604141706276143
2026-04-15,"'전쟁·유가 급등'에 중기부, 수출바우처 1300억 긴급 투입",0.408,1,0,https://www.nocutnews.co.kr/news/6502374?utm_source=naver&utm_medium=article&utm_campaign=20260415060022
2026-04-15,높은 국정지지율 여당 유리…충청권 경선 후유증 봉합 변수,0.0,0,0,https://www.nocutnews.co.kr/news/6502406?utm_source=naver&utm_medium=article&utm_campaign=20260415060412
2026-04-15,"서울교육청, '칸막이 행정' 줄이고 민원·업무 처리에 속도",0.0,0,0,https://www.nocutnews.co.kr/news/6502167?utm_source=naver&utm_medium=article&utm_campaign=20260415060021
2026-04-15,"교육부-발행사, '점자교과서 적기 보급' 업무협약 체결",0.0,0,0,https://www.nocutnews.co.kr/news/6502122?utm_source=naver&utm_medium=article&utm_campaign=20260415060012
2026-04-15,수출입물가 28년 만에 가장 많이 올랐다…중동전쟁 여파,0.261,1,0,https://www.nocutnews.co.kr/news/6502268?utm_source=naver&utm_medium=article&utm_campaign=20260415060022
2026-04-15,"상계~고속터미널 '새벽 자율주행버스' 달린다…""'A148' 운행 개시""",0.0,0,0,https://www.news1.kr/local/moi/6136438
2026-04-15,"""KT 멤버십으로 장볼까""…롯데마트 제타, 4000원 할인 '달달혜택'",0.0,0,0,https://www.newsis.com/view/NISX20260414_0003591051
2026-04-15,"[클릭 e종목]""터보퀀트 이슈에도 수혜주로 떠오른 ○○종목""",0.322,1,0,https://view.asiae.co.kr/article/2026041416020894247
2026-04-15,"'새벽동행 자율주행버스' 노선, 상계역~고속터미널 추가",0.0,0,0,https://www.newsis.com/view/NISX20260414_0003591286
2026-04-15,손해 보는 GPU 공급 사업에 네이버·쿠팡이 다시 뛰어든 이유는,0.0,0,0,https://it.chosun.com/news/articleView.html?idxno=2023092160372
2026-04-15,"롯데마트 제타, KT 멤버십 고객 대상 4000원 할인 프로모션",0.0,0,0,https://view.asiae.co.kr/article/2026041423422097926
2026-04-15,"과기부, '미소스' 사이버보안 회의 소집...통신 3사·네이버 등 참여",0.0,0,0,https://www.aitimes.com/news/articleView.html?idxno=209251
2026-04-15,[이 시각 핫뉴스] '카톡이 안 돼요'…구형폰서 옛 버전 지원 종료 外,0.0,0,0,http://www.yonhapnewstv.co.kr/MYH20260415054256qq5
2026-04-15,[SWOT] 2조 ‘GPU 고속도로’ 티켓 5파전…‘인프라 체력’이 당락 가른...,0.0,0,0,https://www.dnews.co.kr/uhtml/view.jsp?idxno=202604141241044390167
2026-04-15,"美, 한달 면제했던 '이란산 원유' 다시 묶는다…전면적 압박",0.0,0,0,https://www.nocutnews.co.kr/news/6502416?utm_source=naver&utm_medium=article&utm_campaign=20260415060312
2026-04-15,숏폼에 빠진 우리 아이… 카톡 기능 부모가 관리,0.261,1,0,https://www.seoul.co.kr/news/economy/industry/2026/04/15/20260415032001?wlog_tag3=naver
2026-04-15,[경제 단신] 5월 15일 KTX·SRT 연결 중련열차 운행 외,0.0,0,0,https://www.segye.com/newsView/20260414520271?OutUrl=naver
2026-04-15,골리앗에 맞서는 다윗 로펌들,0.0,0,0,https://www.lawtimes.co.kr/news/articleView.html?idxno=219358
2026-04-15,"""다 계획 있다""던 장동혁…지선보다 당권에 마음 가있나",0.0,0,0,https://www.nocutnews.co.kr/news/6502387?utm_source=naver&utm_medium=article&utm_campaign=20260415050017
2026-04-15,여전히 비싼데 예산 삭감…역주행하는 부산시 HPV 지원책,0.0,0,0,https://www.nocutnews.co.kr/news/6502324?utm_source=naver&utm_medium=article&utm_campaign=20260415050013
2026-04-15,"안산갑 보궐, 민주·국힘 '정리 중'…내부 경쟁 속 판세 요동",0.0,0,0,https://www.nocutnews.co.kr/news/6502155?utm_source=naver&utm_medium=article&utm_campaign=20260415050012
2026-04-15,최고가격제 한 달…기름값 잡았지만 '재정 부담·판매량'↑,0.0,0,0,https://www.nocutnews.co.kr/news/6502385?utm_source=naver&utm_medium=article&utm_campaign=20260415050016
2026-04-15,부산시장 판 커졌다…전재수·박형준 맞대결에 '한동훈 변수' 급부상[영...,0.0,0,0,https://www.nocutnews.co.kr/news/6502359?utm_source=naver&utm_medium=article&utm_campaign=20260415060313
2026-04-15,"늘어진 총경 인사에 활기 잃은 경찰…실무자들 ""의지 바닥""",0.0,0,0,https://www.nocutnews.co.kr/news/6502372?utm_source=naver&utm_medium=article&utm_campaign=20260415050015
2026-04-15,[칼럼]뱅크시와 사토시가 쫓기고 있습니다,0.0,0,0,https://www.nocutnews.co.kr/news/6502195?utm_source=naver&utm_medium=article&utm_campaign=20260415050017
2026-04-15,[기고]AI가 학습할 수 있는 데이터를 만드는 사람들,0.0,0,0,https://www.nocutnews.co.kr/news/6501998?utm_source=naver&utm_medium=article&utm_campaign=20260415050012
2026-04-15,이란특사 앞세워 '탈출외교'…겹봉쇄에 해법은 안갯속,0.0,0,0,https://www.nocutnews.co.kr/news/6502398?utm_source=naver&utm_medium=article&utm_campaign=20260415050017
2026-04-15,"'진품' vs '위작' 법정서 맞붙는다…이우환 그림, 감정기관 정면충돌",0.0,0,0,https://www.nocutnews.co.kr/news/6502409?utm_source=naver&utm_medium=article&utm_campaign=20260415060313
2026-04-15,조국 평택을 출마…최대 변수는 울산,0.0,0,0,https://www.nocutnews.co.kr/news/6502386?utm_source=naver&utm_medium=article&utm_campaign=20260415050016
2026-04-15,전쟁통에 금 간 '금값' 10% 빠졌다…종전 후 다시 빛날까,0.0,0,0,https://www.nocutnews.co.kr/news/6502227?utm_source=naver&utm_medium=article&utm_campaign=20260415050013
2026-04-15,기업들 줄줄이 구독하는 'AI 책사'…정책변화 챙기고 대응책 제공,0.0,0,0,https://www.mt.co.kr/future/2026/04/15/2026033008040475548
2026-04-15,"[시대데스크] 유통가의 AI 파도, 바람을 읽고 있는가",0.322,1,0,https://www.sidae.com/article/2026041408292788518
2026-04-15,"식품·유통업계, 포장지 등 원자재값 상승으로 '초비상'",0.261,1,0,https://www.nocutnews.co.kr/news/6502404?utm_source=naver&utm_medium=article&utm_campaign=20260415060512
2026-04-15,"美재무 ""中, 이란전 와중에 오히려 석유 비축…신뢰 못해""",0.0,0,0,https://www.nocutnews.co.kr/news/6502415?utm_source=naver&utm_medium=article&utm_campaign=20260415060212
2026-04-15,279일 만에 법정대면… 尹 '미소' 金 '외면',0.0,0,0,https://www.mt.co.kr/society/2026/04/15/2026041419133165136
2026-04-15,"[HR 게시판] 대학생이 가장 일하고 싶은 그룹 '삼성' .... 잡플래닛, 웍...",0.0,0,0,http://www.worktoday.co.kr/news/articleView.html?idxno=83723
2026-04-15,"‘DMZ 피스트레인 뮤직 페스티벌’···인순이, 더 발룬티어스, Batavia ...",0.0,0,0,https://sports.khan.co.kr/article/202604150122003?pt=nv
2026-04-14,"리호남 필리핀 입국설...방용철 vs.국정원, 누가 거짓말을 하나",0.0,0,0,https://www.ohmynews.com/NWS_Web/View/at_pg.aspx?CNTN_CD=A0003224558&CMPT_CD=P0010&utm_source=naver&utm_medium=newsearch&utm_campaign=naver_news
2026-04-15,직접 심사는 막았지만...ISMS-P '심사 구조' 허점 논란,0.0,0,0,https://news.mtn.co.kr/news-detail/2026041414002367556
2026-04-16,"“고독사 막자”… 종로, 1인 가구 ‘1촌 맺기’",0.0,0,0,https://www.segye.com/newsView/20260415526677?OutUrl=naver
2026-04-16,[독자투고] 경유차는 줄이고 공기는 살리고…조기 폐차 지원사업,0.0,0,0,https://www.cctoday.co.kr/news/articleView.html?idxno=2228685
2026-04-16,신용 940점 넘어야 ‘대출’…고신용자 쏠린 배경은,0.0,0,0,https://www.kukinews.com/article/view/kuk202604150143
2026-04-16,"한은 새 수장 신현송, 高물가 시대 '경제 처방전' 내놓을까",0.0,0,0,https://www.nocutnews.co.kr/news/6503038?utm_source=naver&utm_medium=article&utm_campaign=20260416060025
2026-04-16,국정자원 화재가 바꾼 공공 DR…2030년까지 6조 시장 열린다,0.0,0,0,https://www.ddaily.co.kr/page/view/2026041513341503597
2026-04-16,"소노의 6강 PO 2연승 숨은 주역, 나이트의 헌신적인 워니 수비",0.0,0,0,https://www.nocutnews.co.kr/news/6503122?utm_source=naver&utm_medium=article&utm_campaign=20260416060025
2026-04-16,"자율주행 트럭, 고속도로 택배 운송 첫 허가",0.0,0,0,https://www.nocutnews.co.kr/news/6502765?utm_source=naver&utm_medium=article&utm_campaign=20260416060024
2026-04-16,"""자궁경부암 백신, 남학생도 맞으세요""…5월부터 무료접종",0.0,0,0,https://www.nocutnews.co.kr/news/6502971?utm_source=naver&utm_medium=article&utm_campaign=20260416060024
2026-04-16,유튜브 이용자 4800만인데 구글 법인세 283억…네이버의 5% 그쳐,0.0,0,0,https://www.news1.kr/it-science/general-it/6137834
2026-04-16,"與 “이커머스 보안 사고, 금융위에 보고”… 당사자들은 ‘난색’",-0.408,0,1,https://biz.chosun.com/stock/finance/2026/04/15/QHHRHJABKVF6VH3ZMIMZDLFGN4/?utm_source=naver&utm_medium=original&utm_campaign=biz
2026-04-16,빨라진 패션업계 '여름 시계'...4월부터 반팔 경쟁,0.0,0,0,https://www.ebn.co.kr/news/articleView.html?idxno=1705474
2026-04-16,"[클릭 e종목]""카카오, 새 성장동력 필요...목표주가 하향""",0.322,2,1,https://view.asiae.co.kr/article/2026041518000345779
2026-04-16,"“아들, 누구랑 톡하고 있는 거니?”…부모가 허락 안 하면 ‘오픈채팅...",0.0,0,0,https://www.sedaily.com/article/20033076?ref=naver
2026-04-16,"""美항모 조지 부시호도 곧 중동에…3척의 항공모함 모인다""",0.0,0,0,https://www.nocutnews.co.kr/news/6503157?utm_source=naver&utm_medium=article&utm_campaign=20260416051923
2026-04-16,청년 목소리 직접 들어야 ‘청년정책’ 진화한다 [전경하의 집중],0.0,0,0,https://www.seoul.co.kr/news/editOpinion/column/company-management-jgh/2026/04/16/20260416025001?wlog_tag3=naver
2026-04-16,명령어 한줄에 27년 보안 뚫렸다…'미토스 쇼크'에 靑도 비상,0.0,0,0,https://www.news1.kr/it-science/security-hacking/6137722
2026-04-16,"신천지 수사 속도 내는 합수본…전재수 불기소, 야권 인사는?",0.0,0,0,https://www.nocutnews.co.kr/news/6503127?utm_source=naver&utm_medium=article&utm_campaign=20260416050024
2026-04-16,'이란 전쟁' 충격파 일상까지 확산…산업계 곳곳 '위기 경보음',0.0,0,0,https://www.nocutnews.co.kr/news/6503112?utm_source=naver&utm_medium=article&utm_campaign=20260416050025
2026-04-16,세월호 유족 숙원 생명안전법…국회선 5년 넘게 '후순위',0.0,0,0,https://www.nocutnews.co.kr/news/6503132?utm_source=naver&utm_medium=article&utm_campaign=20260416050027
2026-04-16,"전기차 ""낮에, 직장에서 충전하세요""…요금 낮엔↓·저녁엔↑",0.322,1,0,https://www.nocutnews.co.kr/news/6502846?utm_source=naver&utm_medium=article&utm_campaign=20260416050024
2026-04-16,"[단독]약손명가 전 대표, '강매 의혹' 화장품 회사 배당금만 수십억",0.0,0,0,https://www.nocutnews.co.kr/news/6503091?utm_source=naver&utm_medium=article&utm_campaign=20260416050026
2026-04-16,"박수민 ""장동혁 지원유세? 이념 얘기는 금지해야""[질문하는 기자들]",0.0,0,0,https://www.nocutnews.co.kr/news/6503139?utm_source=naver&utm_medium=article&utm_campaign=20260416050028
2026-04-16,잇단 일가족 비극에…위기가구 생계급여 '직권 신청' 허용,0.0,0,0,https://www.nocutnews.co.kr/news/6502998?utm_source=naver&utm_medium=article&utm_campaign=20260416050026
2026-04-16,"""12년 지나도 이렇게 살 줄은 몰랐어요"" 트라우마 시달리는 생존자들",0.0,0,0,https://www.nocutnews.co.kr/news/6503114?utm_source=naver&utm_medium=article&utm_campaign=20260416050025
2026-04-16,"[단독] ‘사기 무마’ 청탁 받은 경찰, 수사팀장 끌어들여… 룸살롱·금...",0.0,0,0,https://www.chosun.com/national/incident/2026/04/16/5C3VI7ZFTRCH3AWBFRLZFC7X7Q/?utm_source=naver&utm_medium=referral&utm_campaign=naver-news
2026-04-16,스마트폰으로 얼굴 찍으니 ‘당신의 스트레스 지수는 45등’ 세상 놀라...,0.0,0,0,https://www.chosun.com/economy/startup_story/2026/04/16/EDRE6R5RSBCM5LIIVGMG3OPFFM/?utm_source=naver&utm_medium=referral&utm_campaign=naver-news
2026-04-16,"백악관 ""휴전 연장 요청한 바 없어…합의 전망 긍정적""",0.0,0,0,https://www.nocutnews.co.kr/news/6503156?utm_source=naver&utm_medium=article&utm_campaign=20260416045223
2026-04-16,“유튜브선 돈 준다던데요”…가짜 복지뉴스에 골병드는 행정복지센터,0.0,0,0,https://www.kyeonggi.com/article/20260415580515
2026-04-16,"미토스 등장에 '화들짝'…정부, 보안·IT 기업 불러 '비상대책' 마련",0.0,0,0,https://www.mt.co.kr/tech/2026/04/16/2026041514373236286
2026-04-16,"""美·이란 '2주 휴전' 추가 연장 검토중""…'실무회담' 열리나",0.0,0,0,https://www.nocutnews.co.kr/news/6503155?utm_source=naver&utm_medium=article&utm_campaign=20260416021022
2026-04-16,中企-소상공인 대표상품 모아 온오프 200개 채널 ‘동행축제’,0.0,0,0,https://www.donga.com/news/Economy/article/all/20260415/133747381/2
2026-04-16,"""미·이란, 2차 종전 협상 진행키로""…이르면 다음주 전망",0.0,0,0,https://www.nocutnews.co.kr/news/6503150?utm_source=naver&utm_medium=article&utm_campaign=20260416122721
2026-04-16,"민주당 무안군수 결선 후보, 현직 김산·나광국 후보로 압축",0.0,0,0,https://www.nocutnews.co.kr/news/6503142?utm_source=naver&utm_medium=article&utm_campaign=20260416122622
2026-04-16,"민주당 완도군수 결선 후보, 우홍섭·지영배 후보로 압축",0.0,0,0,https://www.nocutnews.co.kr/news/6503143?utm_source=naver&utm_medium=article&utm_campaign=20260416122621
2026-04-16,"민주당 구례군수 후보, 현직 꺾고 장길선 후보 선출 '이변'",0.0,0,0,https://www.nocutnews.co.kr/news/6503141?utm_source=naver&utm_medium=article&utm_campaign=20260416121721
2026-04-16,"민주당 영광군수 후보, 현직 장세일 후보 선출",0.0,0,0,https://www.nocutnews.co.kr/news/6503140?utm_source=naver&utm_medium=article&utm_campaign=20260416121621
2026-04-16,'민생지원금 3차' 1~2차 중복 신청될까? 지급액 미리 확인하자,0.0,0,0,https://www.gukjenews.com/news/articleView.html?idxno=3558103
2026-04-16,"민주당 순천시장 후보, 손훈모 변호사 선출",0.0,0,0,https://www.nocutnews.co.kr/news/6503137?utm_source=naver&utm_medium=article&utm_campaign=20260416120321
2026-04-16,"민주당 담양군수 후보, 박종원 전남도의원 선출",0.0,0,0,https://www.nocutnews.co.kr/news/6503138?utm_source=naver&utm_medium=article&utm_campaign=20260416120321
2026-04-16,"민주당 장흥군수 후보, 현직인 김성 후보 선출",0.0,0,0,https://www.nocutnews.co.kr/news/6503136?utm_source=naver&utm_medium=article&utm_campaign=20260416120321
2026-04-16,‘미토스 충격’에 정부 연이은 긴급회의…제로트러스트·공급망 보안 ...,0.0,0,0,https://www.munhwa.com/article/11582593?ref=naver
2026-04-16,TV홈쇼핑 5년째 '역성장'..방송매출 73%가 송출수수료,0.322,1,0,http://www.4th.kr/news/articleView.html?idxno=2110457
2026-04-15,"국민의힘, 진주시장·합천군수·하동군수 본경선 후보 확정",0.0,0,0,https://www.nocutnews.co.kr/news/6503133?utm_source=naver&utm_medium=article&utm_campaign=20260415115821
2026-04-15,"강훈식 ""올해 말까지 원유 2억7300만 배럴 도입 확정""",0.0,0,0,https://www.nocutnews.co.kr/news/6503131?utm_source=naver&utm_medium=article&utm_campaign=20260415113720
2026-04-15,"트럼프 ""곧 끝난다, 유가 크게 떨어질 것""…이달 말 종전 전망",0.0,0,0,https://www.nocutnews.co.kr/news/6503129?utm_source=naver&utm_medium=article&utm_campaign=20260415113220
2026-04-15,[W 언박싱] ‘AI 괴물’ 결국 태어났다…방위군 꾸린 백악관,0.0,0,0,https://news.kbs.co.kr/news/pc/view/view.do?ncd=8537171&ref=A
2026-04-15,문대림 측도 '1인 2투표' 유도했다,0.0,0,0,https://www.pressian.com/pages/articles/2026041523184371538?utm_source=naver&utm_medium=search
2026-04-15,"인천광역시교육청, 학교 관리자 대상 갑질인식제고 연수 실시",0.0,0,0,https://www.cnbnews.com/news/article.html?no=789451
2026-04-15,"이란 ""파키스탄 통해 美와 메시지 교환…2차 협상 날짜 미정""",0.0,0,0,https://www.nocutnews.co.kr/news/6503125?utm_source=naver&utm_medium=article&utm_campaign=20260415102320
2026-04-15,"금천구, 생애주기별 복지서비스 안내책자 배부",0.0,0,0,https://www.siminilbo.co.kr/news/newsview.php?ncode=1160289198101502
2026-04-15,고난 속에 써 내려간 희망…암 환우의 성경 필사,0.0,0,0,https://www.nocutnews.co.kr/news/6503072?utm_source=naver&utm_medium=article&utm_campaign=20260415100020
2026-04-15,"""처음 설렌 배우 권상우"" 문채원 발언에 '예비신랑' 정체도 관심UP [핫피...",0.0,0,0,http://www.osen.co.kr/article/G1112782299
2026-04-15,영주 ‘1분 설문’에 걸린 부동산 수수료…“93만원 외 50만원 더 내라 ...,0.0,0,0,https://www.yeongnam.com/web/view.php?key=20260415021338060
2026-04-15,네이버 12조인데 구글이 6800억?…매출 줄여 법인세 피하나,0.0,0,0,https://news.tvchosun.com/site/data/html_dir/2026/04/15/2026041590317.html
2026-04-15,"더핑크퐁컴퍼니, 전 세계 최초 ‘아기상어’ AI 인터랙티브 전시 6월 18...",0.0,0,0,https://sports.khan.co.kr/article/202604152136003?pt=nv
2026-04-15,"""싼 주유소 찾아라"" 오피넷, 일평균 200만명 방문",0.0,0,0,http://www.ujeil.com/news/articleView.html?idxno=384316
2026-04-15,"롯데마트 제타, KT와 손잡고 장보기 혜택 넓힌다… ‘달달혜택’ 프로모...",0.0,0,0,https://www.geconomy.co.kr/news/article.html?no=319325
2026-04-15,"1차전은 송교창, 2차전은 최준용…'슈퍼 팀' KCC, 6강 PO 2연승",0.0,0,0,https://www.nocutnews.co.kr/news/6503121?utm_source=naver&utm_medium=article&utm_campaign=20260415092219
2026-04-15,갈상돈 진주시장 후보 '여론조작' 고발 당해,0.0,0,0,http://www.gnmaeil.com/news/articleView.html?idxno=584675
2026-04-15,"경찰, 전한길 '李대통령·이준석 가짜뉴스'로 3천만원 수익 추정",0.0,0,0,https://www.nocutnews.co.kr/news/6503120?utm_source=naver&utm_medium=article&utm_campaign=20260415091619
2026-04-15,"'피아노 영재' 한노엘, 12살에 독일 국립음대 입학한 사연",0.0,0,0,https://www.nocutnews.co.kr/news/6503118?utm_source=naver&utm_medium=article&utm_campaign=20260415091220
2026-04-15,'1차전 패배 후 3연승' 삼성생명의 업셋 완성…KB와 챔프전 격돌,0.0,0,0,https://www.nocutnews.co.kr/news/6503119?utm_source=naver&utm_medium=article&utm_campaign=20260415091219
2026-04-15,"영주시, 부동산 거래 설문 창구로 위법 사례 적발",0.0,0,0,http://andongmbc.co.kr/adboard/NewsView81946
2026-04-15,"이란군 ""美해상봉쇄 불법적""…'홍해 봉쇄' 맞불",0.0,0,0,https://www.nocutnews.co.kr/news/6503117?utm_source=naver&utm_medium=article&utm_campaign=20260415085719
2026-04-15,"업스테이지, 기업가치 1조 ‘유니콘’ 합류",0.0,0,0,https://www.khan.co.kr/article/202604152051015
2026-04-15,해킹 AI ‘미토스’ 등장에 한국도 ‘화들짝’,0.0,0,0,https://www.khan.co.kr/article/202604152051025
2026-04-15,"영주시, 1분 설문으로 부동산 불법거래 단속",0.0,0,0,https://www.ksmnews.co.kr/news/view.php?idx=600639
2026-04-15,"한국에서만 나온 이유가 있다…쉐이크쉑, 한정 ‘쉬림프 쉑’이 던지는...",0.0,0,0,https://cooknchefnews.com/news/view/1065599257409114
2026-04-15,[브리프]롯데백화점 현대백화점 이마트 롯데마트 이랜드킴스클럽 홈플...,0.0,0,0,http://www.biztribune.co.kr/news/articleView.html?idxno=352475
2026-04-15,"클라우드클론, 멀티플렉스 분석 기술로 한국 정밀의학 시장 사이토카인...",0.0,0,0,https://hbnpress.com/news/view/1065613536356916
2026-04-15,"하나은행, 2026년 1분기 은행권 퇴직연금 적립금 증가 1위 달성",0.0,0,0,https://www.siminilbo.co.kr/news/newsview.php?ncode=1160291060032708
2026-04-15,"엔씨, ‘리니지 클래식’ 신규 에프소드 사전예약 시작",0.0,0,0,https://www.socialvalue.kr/news/view/1065613206159761
2026-04-15,"박성재 ""계엄 인지 못해…尹 당일 '소주 한잔' 하자고 부른 줄""",0.0,0,0,https://www.nocutnews.co.kr/news/6503116?utm_source=naver&utm_medium=article&utm_campaign=20260415083919
2026-04-15,"종합특검, '김건희 수사 무마 의혹' 심우정 전 총장 PC 압수수색",0.0,0,0,https://www.nocutnews.co.kr/news/6503115?utm_source=naver&utm_medium=article&utm_campaign=20260415083619
2026-04-15,"롯데마트 '제타', KT 멤버십 연계 프로모션…온라인 장보기 유입 확대",0.0,0,0,https://www.job-post.co.kr/news/articleView.html?idxno=213661
2026-04-15,"경산시, 모바일 체납 안내... 납세 편의성·징수율 제고",0.0,0,0,https://www.hidomin.com/news/articleView.html?idxno=701594
2026-04-15,코스피 6천 회복에 ETF 시총도 사상 첫 400조 돌파,0.261,1,0,https://www.nocutnews.co.kr/news/6503110?utm_source=naver&utm_medium=article&utm_campaign=20260415080719
2026-04-15,"'너무 높은 북한의 벽' 女 U-20 축구, 슈팅 1개 때리고 0-3 패배",0.0,0,0,https://www.nocutnews.co.kr/news/6503111?utm_source=naver&utm_medium=article&utm_campaign=20260415080519
2026-04-15,"[마켓인]더벤처스, 모태 이어 글로벌펀드 도전...외형 확대 승부수",0.0,0,0,http://www.edaily.co.kr/news/newspath.asp?newsid=05448086645416448
2026-04-15,"석유공사 오피넷, 고유가 시대 ‘물가 파수꾼’ 역할 ‘톡톡’…일일 이...",0.0,0,0,https://www.busan.com/view/busan/view.php?code=2026041519554038804
2026-04-15,"영주시, 시민 피해 예방하는 적극행정 부동산 거래 후 '1분 설문창구'",0.0,0,0,https://www.dkilbo.com/news/articleView.html?idxno=541267
2026-04-15,"박주리 ""선거 쓰레기 퇴출""…친환경 정치인들이 뭉친 까닭",0.0,0,0,https://www.nocutnews.co.kr/news/6503109?utm_source=naver&utm_medium=article&utm_campaign=20260415075420
2026-04-15,"박정권 ""수성구 발전 공약, 샤우팅…대구서 당선되면 대통령 전화올 것...",0.0,0,0,https://www.nocutnews.co.kr/news/6503108?utm_source=naver&utm_medium=article&utm_campaign=20260415075419
2026-04-15,"광주 동구, 기후변화주간 맞아 탄소중립 실천 본격화",0.0,0,0,https://www.geconomy.co.kr/news/article.html?no=319277
2026-04-15,더보이즈 콘서트 송출권 공방 격화…원헌드레드 “노머스 계약 불이행이...,0.0,0,0,https://www.dailian.co.kr/news/view/1634064/?sc=Naver
2026-04-15,"삼성생명, 4월 다이렉트 보험 이벤트",0.0,0,0,http://www.hansbiz.co.kr/news/articleView.html?idxno=833069
2026-04-15,솜방망이 처벌로 '데이터 주권' 못 지켜,-0.408,0,1,https://www.hidomin.com/news/articleView.html?idxno=701566
2026-04-15,"카카오, 보이스피싱 근절 위해 대검찰청과 협력 강화",0.0,0,0,https://www.nocutnews.co.kr/news/6503104?utm_source=naver&utm_medium=article&utm_campaign=20260415071418
2026-04-15,"KVIC, 모태펀드가 투자한 리벨리온 기업가치 3兆 달성 기념식",0.0,0,0,https://www.hankyung.com/article/202604153691r
2026-04-15,"전국 자전거 동호인 2800명, 백두대간 봄을 달린다",0.0,0,0,https://www.hidomin.com/news/articleView.html?idxno=701563
2026-04-15,"우리銀, '청소년 마이데이터' 출시 外",0.0,0,0,https://www.rcast.co.kr/news/articleView.html?idxno=30534
2026-04-15,"“보이스피싱 철컹철컹”… 카카오, 대검찰청과 협력 강화",0.0,0,0,http://www.segyebiz.com/newsView/20260415521556?OutUrl=naver
2026-04-15,"8명 출발 전남광주특별교육감 선거, 결국 '3파전' 가나(종합)",0.0,0,0,https://www.nocutnews.co.kr/news/6503099?utm_source=naver&utm_medium=article&utm_campaign=20260415070818
2026-04-15,민주당 충남지사 후보에 박수현…김태흠 현 지사와 대결,0.0,0,0,https://www.nocutnews.co.kr/news/6503100?utm_source=naver&utm_medium=article&utm_campaign=20260415070819
2026-04-15,아산서 부부싸움 도중 아내에 흉기 휘두른 60대 체포,0.0,0,0,https://www.nocutnews.co.kr/news/6503103?utm_source=naver&utm_medium=article&utm_campaign=20260415070819
2026-04-15,[금융 이모저모] BNK금융·하나은행·기업은행 등,0.0,0,0,http://www.bizwnews.com/news/articleView.html?idxno=133885
2026-04-15,"김영록, 경선 재심 신청 철회…""민형배 성공 위해 힘 보탤 것""",0.0,0,0,https://www.nocutnews.co.kr/news/6503097?utm_source=naver&utm_medium=article&utm_campaign=20260415070318
2026-04-15,40세 언니 첫 남친 생겼다…“30만원만” 그 뒤 끔찍한 최후,0.0,0,0,https://www.joongang.co.kr/article/25420460
2026-04-15,"삼성생명, 4월 다이렉트 보험 가입 이벤트…포인트·커피 증정",0.0,0,0,https://www.thepublic.kr/news/articleView.html?idxno=301308
2026-04-15,"하나은행, 1분기 은행권 퇴직연금 적립금 증가 1위…9224억↑",0.0,0,0,https://www.thepublic.kr/news/articleView.html?idxno=301312
2026-04-16,[부산 전시] 이번주에뭐볼까 [2026년 4월 15일~ ],0.0,0,0,https://www.busan.com/view/busan/view.php?code=2026031712202381225
2026-04-16,민주당 구례군수 후보 장길선 확정…현직 김순호 꺾는 이변,0.0,0,0,https://www.nocutnews.co.kr/news/6503152?utm_source=naver&utm_medium=article&utm_campaign=20260416060825
2026-04-16,민주당 순천시장 후보 손훈모 확정… 6·3 지방선거 본선행,0.0,0,0,https://www.nocutnews.co.kr/news/6503151?utm_source=naver&utm_medium=article&utm_campaign=20260416060824
2026-04-16,"민주당 전남 7곳 시장·군수 경선 결과 구례군의장, 현직 꺾고 선출 '이...",0.0,0,0,https://www.nocutnews.co.kr/news/6503153?utm_source=naver&utm_medium=article&utm_campaign=20260416060825
2026-04-17,'누가 더 유능한 영업사원인가'…충남지사 선거 관전 포인트는,0.0,0,0,https://www.nocutnews.co.kr/news/6503880?utm_source=naver&utm_medium=article&utm_campaign=20260417060536
2026-04-17,[시론] 가짜는 결코 향기를 품을 수 없다,-0.38,0,1,https://www.cctoday.co.kr/news/articleView.html?idxno=2228731
2026-04-17,보안판 흔드는 '미토스'… 진짜 문제는 폐쇄형 연합 '글래스윙' [미토스...,0.0,0,0,https://it.chosun.com/news/articleView.html?idxno=2023092160506
2026-04-17,'첨단산업 특성화대학 성과교류회'에서 우수 성과 공유,0.0,0,0,https://www.nocutnews.co.kr/news/6503672?utm_source=naver&utm_medium=article&utm_campaign=20260417060136
2026-04-17,대한항공·아시아나 '최상위'…김포·김해·인천공항 '우수',0.0,0,0,https://www.nocutnews.co.kr/news/6503481?utm_source=naver&utm_medium=article&utm_campaign=20260417060136
2026-04-17,"괴물 해킹무기 탄생, 속수무책 뚫린다…""이전에 없던 위기"" 경고",0.0,0,0,https://www.mt.co.kr/tech/2026/04/17/2026041622440095679
2026-04-17,[THE Biz Original] K-브랜드를 지켜라③ '안전 리스크'에 칼 빼든 현대차,-0.38,0,1,http://www.seoulwire.com/news/articleView.html?idxno=717294
2026-04-17,"한화생명·메리츠금융, 1조원대 애큐온캐피탈 인수전 '격돌'",0.0,0,0,https://daily.hankooki.com/news/articleView.html?idxno=1358986
2026-04-17,"'동반성장·자원순환·상생소비'...4월 동행축제, 가치소비로 상권 활력",0.322,1,0,https://www.etoday.co.kr/news/view/2576460
2026-04-17,"""지드래곤이 왜 여기?""…신생 IT기업, 광고에 294억원 태운 이유는",0.0,0,0,https://www.mt.co.kr/tech/2026/04/17/2026041417273967181
2026-04-17,"링크알파 ""AI로 주식·채권·외환 통합 리서치…투자결정 필수 인프라 될...",0.0,0,0,https://view.asiae.co.kr/article/2026041516274904947
2026-04-17,치솟는 카카오 가격…실험실 배양 초콜릿바 나왔다,0.0,0,0,https://news.sbs.co.kr/news/endPage.do?news_id=N1008521636&plink=ORI&cooper=NAVER
2026-04-17,'미토스' 충격에 통신사·플랫폼 보안 강화,0.0,0,0,http://www.yonhapnewstv.co.kr/MYH20260417054600NeI
2026-04-17,"""세계를 품은 한지""…원주가 주목하는 축제 이선경 원주한지문화제위원...",0.0,0,0,http://news.lghellovision.net/news/articleView.html?idxno=540506
2026-04-17,"여직원 목덜미 잡아 올린 40대 재판서 ""친근한 표현이라 착각""",0.0,0,0,https://news.sbs.co.kr/news/endPage.do?news_id=N1008521634&plink=ORI&cooper=NAVER
2026-04-17,"""아내를 살리려 내 삶을 포기했다""…간병의 늪에 빠진 사람들[영상]",0.0,0,0,https://www.nocutnews.co.kr/news/6503522?utm_source=naver&utm_medium=article&utm_campaign=20260417053035
2026-04-17,"구윤철 ""韓, 글로벌 AI 허브로 도약…'대미투자'엔 이견 없어""",0.0,0,0,https://www.nocutnews.co.kr/news/6503886?utm_source=naver&utm_medium=article&utm_campaign=20260417050635
2026-04-17,"네카오, 1분기 실적은 ‘역대 최대’⋯ AI 수익화는 ‘갈 길 멀어’",0.0,0,0,https://www.viva100.com/article/20260416501116
2026-04-17,"'무소속' 한동훈과 '국힘' 박형준, 보수연대 나설까",0.0,0,0,https://www.nocutnews.co.kr/news/6503837?utm_source=naver&utm_medium=article&utm_campaign=20260417060336
2026-04-17,"'유효기간' 없는 1천개의 트라우마…""시한부 지원 연장해야""",0.0,0,0,https://www.nocutnews.co.kr/news/6503770?utm_source=naver&utm_medium=article&utm_campaign=20260417060337
2026-04-17,달라진 신현송 '코인' 언급…증권사들 '코인 품기' 속도 내나,0.0,0,0,https://www.nocutnews.co.kr/news/6503864?utm_source=naver&utm_medium=article&utm_campaign=20260417060236
2026-04-17,수사기관이 수사 대상…합수본·종합특검 '공정성' 도마 위,0.0,0,0,https://www.nocutnews.co.kr/news/6503875?utm_source=naver&utm_medium=article&utm_campaign=20260417060236
2026-04-17,[칼럼]방탄과 테일러,0.0,0,0,https://www.nocutnews.co.kr/news/6503771?utm_source=naver&utm_medium=article&utm_campaign=20260417060436
2026-04-17,'현역 전패'로 드러난 당심…與 당권 판도 흔드나,0.0,0,0,https://www.nocutnews.co.kr/news/6503836?utm_source=naver&utm_medium=article&utm_campaign=20260417060336
2026-04-17,10대 이용자 159% ‘쑥’…카카오페이 몰려든 이유는,0.0,0,0,https://www.sedaily.com/article/20033576?ref=naver
2026-04-17,정부·빅테크 총동원령 내렸다… 보안 생태계 뒤흔드는 '미토스 쇼크',0.0,0,0,https://www.joongang.co.kr/article/25420943
2026-04-17,대장주마저 ‘상법 개정’ 꼼수 부렸다…코스피200 기업 전수조사,0.0,0,0,https://www.joongang.co.kr/article/25420932
2026-04-17,"진보 텃밭 광명시장 선거, 박승원 수성 vs 김정호 이변 '격돌'",0.0,0,0,https://www.nocutnews.co.kr/news/6503852?utm_source=naver&utm_medium=article&utm_campaign=20260417060237
2026-04-17,[굿모닝금융] 농협금융·국민은행·카카오뱅크·애큐온캐피탈 등,0.0,0,0,http://www.bizwnews.com/news/articleView.html?idxno=134014
2026-04-17,"트럼프 ""이란과 이번 주말 회담할 수도…합의에 매우 근접""",0.0,0,0,https://www.nocutnews.co.kr/news/6503885?utm_source=naver&utm_medium=article&utm_campaign=20260417060635
2026-04-17,'늑구' 포획 그 순간[컷!노컷잇슈],0.0,0,0,https://www.nocutnews.co.kr/news/6503884?utm_source=naver&utm_medium=article&utm_campaign=20260417032334
2026-04-17,"대전 탈출 늑대 '늑구', 탈출 9일만에 포획…""체온, 맥박 모두 정상""[영...",0.0,0,0,https://www.nocutnews.co.kr/news/6503882?utm_source=naver&utm_medium=article&utm_campaign=20260417060137
2026-04-17,대전 오월드 탈출 늑대 늑구…9일 만에 포획,0.0,0,0,https://www.nocutnews.co.kr/news/6503878?utm_source=naver&utm_medium=article&utm_campaign=20260417032134
2026-04-17,"트럼프 ""이스라엘·레바논, '열흘 휴전' 합의…백악관 초청""",0.0,0,0,https://www.nocutnews.co.kr/news/6503876?utm_source=naver&utm_medium=article&utm_campaign=20260417060536
2026-04-17,맞춤법에 주눅 들지 말자…우리말 자신 있게,0.0,0,0,http://www.kwangju.co.kr/article.php?aid=1776352800797915026
2026-04-17,"계단·문턱·시선에 막혔던 여행의 꿈, 이제 '열린 길' 따라 대한민국 누...",0.0,0,0,https://www.ajunews.com/view/20260416091902894
2026-04-17,'민생지원금 3차 지급일 D-10' 지역별 지급액과 이의 신청 방법,0.0,0,0,https://www.gukjenews.com/news/articleView.html?idxno=3559144
2026-04-16,"안랩, “1분기 피싱 문자 1위는 금융 사칭”... 대출 사기 205% 폭증",0.0,0,0,https://www.geconomy.co.kr/news/article.html?no=319412
2026-04-16,창원 재생원료 100%사용 종량제봉투 생산 업체 '관심',0.0,0,0,https://www.nocutnews.co.kr/news/6503873?utm_source=naver&utm_medium=article&utm_campaign=20260416113733
2026-04-16,"창원회산라이온스클럽, 창원한마음병원에 '헌혈증 111장' 기증",0.0,0,0,https://www.nocutnews.co.kr/news/6503872?utm_source=naver&utm_medium=article&utm_campaign=20260416113732
2026-04-16,다목적 어업지도선 '창원바다' 취항…해양재난 등 현장대응,0.0,0,0,https://www.nocutnews.co.kr/news/6503874?utm_source=naver&utm_medium=article&utm_campaign=20260416113634
2026-04-16,"안병구 밀양시장 출마 선언 ""밀양의 미래 완성할 것""",0.0,0,0,https://www.nocutnews.co.kr/news/6503871?utm_source=naver&utm_medium=article&utm_campaign=20260416113532
2026-04-16,"남이섬, 안데르센상 18년 단독 후원…세계 아동문학 중심 우뚝",0.0,0,0,https://www.nocutnews.co.kr/news/6503870?utm_source=naver&utm_medium=article&utm_campaign=20260416113232
2026-04-16,"카카오엔터 ""판타지 '룬의 아이들: 블러디드' 최종 완결""",0.0,0,0,https://www.webeconomy.co.kr/news/articleView.html?idxno=2142027
2026-04-16,"서울 남대문경찰서 간부, 성 비위 의혹으로 대기발령",0.0,0,0,https://www.nocutnews.co.kr/news/6503868?utm_source=naver&utm_medium=article&utm_campaign=20260416111232
2026-04-16,"[속보]법원, '李대통령·이준석 명예훼손' 전한길 구속영장 기각",0.0,0,0,https://www.nocutnews.co.kr/news/6503867?utm_source=naver&utm_medium=article&utm_campaign=20260416111032
2026-04-16,"정성호 ""尹, 하루종일 변호사 접견…다른 사람들에게 피해""",0.0,0,0,https://www.nocutnews.co.kr/news/6503866?utm_source=naver&utm_medium=article&utm_campaign=20260416110132
2026-04-16,"정부 ""국제기구통한 이란 인도적 지원, 전용 가능성 없다""",0.0,0,0,https://www.nocutnews.co.kr/news/6503865?utm_source=naver&utm_medium=article&utm_campaign=20260416105632
2026-04-16,이스라엘·레바논 정상접촉 무산된 듯…美 루비오 전화 설득 실패,0.0,0,0,https://www.nocutnews.co.kr/news/6503863?utm_source=naver&utm_medium=article&utm_campaign=20260416103732
2026-04-16,"김윤덕 국토부 장관 ""가덕도신공항, 대우건설의 기술력 증명 무대""",0.0,0,0,https://www.nocutnews.co.kr/news/6503861?utm_source=naver&utm_medium=article&utm_campaign=20260416102832
2026-04-16,신반포19·25차 재건축 카톡방 잠입 '포스코'…정보수집·사찰 의혹 확산,0.0,0,0,http://www.babytimes.co.kr/news/articleView.html?idxno=72693
2026-04-16,대중교통비 최대 50% 환급…'반값 모두의카드' 6개월 시행,0.0,0,0,https://www.nocutnews.co.kr/news/6503860?utm_source=naver&utm_medium=article&utm_campaign=20260416102132
2026-04-16,"애니펜, kt wiz 구장에 야구 팬덤 특화 AI 포토 키오스크 ‘코어 필름’...",0.0,0,0,https://sports.khan.co.kr/article/202604162220003?pt=nv
2026-04-16,"美국방 ""이란, 현명한 선택해야…미군 공격 직면"" 압박",0.0,0,0,https://www.nocutnews.co.kr/news/6503859?utm_source=naver&utm_medium=article&utm_campaign=20260416101732
2026-04-16,퇴근 후 '제2의 라이프' 즐기기 좋은 오픈월드 신작들,0.0,0,0,https://www.wolyo.co.kr/news/articleView.html?idxno=310763
2026-04-16,"한국교회 신학자들 ""이재명 대통령 민간인 학살 비판은 당연한 책무""",0.0,0,0,https://www.nocutnews.co.kr/news/6503858?utm_source=naver&utm_medium=article&utm_campaign=20260416101032
2026-04-16,중복상장 '원칙 금지'…이르면 7월부터 모회사 주주 동의 의무화,0.0,0,0,https://www.econovill.com/news/articleView.html?idxno=737649
2026-04-16,"CBS, 부활절예배 헌금 제주항공 여객기참사 유가족 전달",0.0,0,0,https://www.nocutnews.co.kr/news/6503827?utm_source=naver&utm_medium=article&utm_campaign=20260416100032
2026-04-16,"[단독]""尹사랑"" 노래하던 '정교유착' 교회…관계자 21명 무더기 고발",0.0,0,0,https://www.nocutnews.co.kr/news/6503826?utm_source=naver&utm_medium=article&utm_campaign=20260416100032
2026-04-16,"[현장] 이더리움 코리아 컨소시엄 공식 출범…""소비 시장에서 기여 생태...",0.0,0,0,https://www.tokenpost.kr/news/insights/350271
2026-04-16,"""무소속 출마 응원"" 김관영 지사 지지 화환 훼손…경찰 수사",0.0,0,0,https://www.nocutnews.co.kr/news/6503856?utm_source=naver&utm_medium=article&utm_campaign=20260416095632
2026-04-16,시청자 제보로 만들어지는 뉴스,0.0,0,0,https://news.kbs.co.kr/news/pc/view/view.do?ncd=8538243&ref=A
2026-04-16,'전세사기 고소' 위기에 해외도피한 檢수사관…필리핀서 검거,0.0,0,0,https://www.nocutnews.co.kr/news/6503851?utm_source=naver&utm_medium=article&utm_campaign=20260416095232
2026-04-16,"""직원들의 선 넘은 영업활동으로 정비사업서 이미지 까먹는 DL이앤씨""",0.38,1,0,https://www.ngonews.kr/news/articleView.html?idxno=227154
2026-04-16,"도성훈 교육감, 세월호 12주기에 ""안전 실천"" 인천교육 다짐",0.0,0,0,https://www.nocutnews.co.kr/news/6503850?utm_source=naver&utm_medium=article&utm_campaign=20260416094531
2026-04-16,"“분명 안 뜬다고 했는데” 카톡, 보기 싫은 ‘소식창’ 또다시 슬그머...",0.0,0,0,https://biz.heraldcorp.com/article/10719015?ref=naver
2026-04-16,"민주당 광주시당, 광역의원 장애인 비례 후보에 이순화 선출",0.0,0,0,https://www.nocutnews.co.kr/news/6503846?utm_source=naver&utm_medium=article&utm_campaign=20260416093531
2026-04-16,"창단 첫 4강 진출에도…소노 손창환 감독은 담담 ""아무런 감정이 없네요...",0.0,0,0,https://www.nocutnews.co.kr/news/6503849?utm_source=naver&utm_medium=article&utm_campaign=20260416093532
2026-04-16,[브리프]LG생활건강 삼성물산패션 LF 미스토홀딩스 코오롱스포츠 外,0.0,0,0,http://www.biztribune.co.kr/news/articleView.html?idxno=352552
2026-04-16,[브리프]동아제약 유한양행 휴온스 휴젤 코스맥스바이오 JW신약 外,0.0,0,0,http://www.biztribune.co.kr/news/articleView.html?idxno=352555
2026-04-16,"이상길 ""국회의원, 북구청장 경선 개입 중단하라""",0.0,0,0,https://www.idaegu.co.kr/news/articleView.html?idxno=545364
2026-04-16,"카카오엔터, 4월 신작 웹툰 4종 공개…노블코믹스·인스타툰 후속작",0.0,0,0,https://www.webeconomy.co.kr/news/articleView.html?idxno=2144399
2026-04-16,[브리프] 대교 롯데컬처웍스 카카오엔터,0.0,0,0,http://www.biztribune.co.kr/news/articleView.html?idxno=352498
2026-04-16,국내 첫 '촉각 순례'…CBS 장애인의 날 특집 다큐 '손끝의 예수',0.0,0,0,https://www.nocutnews.co.kr/news/6503843?utm_source=naver&utm_medium=article&utm_campaign=20260416090331
2026-04-16,세계 3대 박물관 에르미타주가 서울에,0.0,0,0,https://www.mk.co.kr/article/12013720
2026-04-16,"고양에 찾아온 봄…소노, 만원 관중 앞 창단 첫 4강 플레이오프 진출",0.0,0,0,https://www.nocutnews.co.kr/news/6503841?utm_source=naver&utm_medium=article&utm_campaign=20260416085831
2026-04-16,물어본다 9: 자식 잃은 슬픔도 예쁜 돌이 될 수 있어?,0.0,0,0,http://www.ddanzi.com/879044028
2026-04-16,"[지원금 100%활용법]군산시, 고유가 피해지원금 접수 준비…TF·콜센터 ...",0.0,0,0,https://www.nspna.com/news/?mode=view&newsid=809984
2026-04-16,[마켓인] ‘K-엔비디아’ 리벨리온 상장 시동…선견지명 빛난 투자사들,0.0,0,0,http://www.edaily.co.kr/news/newspath.asp?newsid=05956486645416776
2026-04-16,"크리스챤 디올 뷰티, 센티폴리아 로즈 워터 함유 핸드크림·바디크림 2종...",0.0,0,0,http://www.lawissue.co.kr/view.php?ud=202604162008033966204ead0791_12
2026-04-16,"매드포갈릭, ‘2026 대한민국 대표브랜드 대상’ 수상…파스타 50% 할인...",0.0,0,0,http://www.lawissue.co.kr/view.php?ud=202604162009244374204ead0791_12
2026-04-16,광진구 어린이대공원 등 주말 아이들 놀이터 된다,0.0,0,0,https://biz.heraldcorp.com/article/10719148?ref=naver
2026-04-16,"영동 학산농협, 연속 명예의 전당으로 ‘일류농협’ 도약",0.0,0,0,https://www.nongmin.com/article/20260416500353
2026-04-16,"이진숙, 탈당 질문에 ""시민 선택에 맡기겠다""…""김부겸 이길 후보는 나...",0.0,0,0,https://www.nocutnews.co.kr/news/6503835?utm_source=naver&utm_medium=article&utm_campaign=20260416075731
2026-04-16,김원희 “SNS 계정 다 털더니 돈 요구했다”…충격에 활동까지 중단,0.0,0,0,https://biz.heraldcorp.com/article/10719144?ref=naver
2026-04-16,"레드랩게임즈, MMORPG '롬' 자체 서비스로 전환... 5월 28일 서비스 이관...",0.0,0,0,https://gamefocus.co.kr/detail.php?number=175189
2026-04-16,[#클라우드 월드] 이노그리드 'GPU 공유 국책과제' 선정·노르마 '양자 ...,0.0,0,0,https://www.newsworks.co.kr/news/articleView.html?idxno=838070
2026-04-16,"키스오브라이프, 목 조르는 춤 챌린지 비판받자 ""속상하지만 리스펙트""",0.0,0,0,https://www.nocutnews.co.kr/news/6503832?utm_source=naver&utm_medium=article&utm_campaign=20260416071630
2026-04-16,이원택 추가 고발돼…예술인 모임 식사비 대납 의혹,0.0,0,0,https://www.nocutnews.co.kr/news/6503831?utm_source=naver&utm_medium=article&utm_campaign=20260416071230
2026-04-16,"울진군, 악성 민원 강경 대응…출입 제한·퇴거 조치 시행",0.0,0,0,https://www.nocutnews.co.kr/news/6503829?utm_source=naver&utm_medium=article&utm_campaign=20260416071231
2026-04-16,"동국대 WISE, 베트남 고교와 AI 교육 협력…글로벌 인재 양성",0.0,0,0,https://www.nocutnews.co.kr/news/6503828?utm_source=naver&utm_medium=article&utm_campaign=20260416071030
2026-04-16,"깊어진 적자와 폐업 릴레이, 숫자로 본 중소 게임사 위기",0.0,0,0,https://www.gamemeca.com/mv.php?inflow=naver_s&gid=1774145
2026-04-16,"김성현, 아시안게임 목표로 다시 뛴다…프로미 오픈 공동 5위",0.0,0,0,https://www.nocutnews.co.kr/news/6503824?utm_source=naver&utm_medium=article&utm_campaign=20260416065730
2026-04-16,광진구 '여기저기 서울형 키즈카페' 운영 개시,0.0,0,0,http://www.lawissue.co.kr/view.php?ud=202604161736507350edd30pn2gj_12
2026-04-16,봄철 안전위험 집중신고 운영,0.0,0,0,https://www.jemin.com/news/articleView.html?idxno=836319
2026-04-16,"엔씨서비스, '2026 장애인 고용촉진대회'서 국무총리 표창 수상",0.0,0,0,https://www.nocutnews.co.kr/news/6503818?utm_source=naver&utm_medium=article&utm_campaign=20260416065430
2026-04-16,민주당 세종시장 후보로 조상호 전 부시장 선출,0.0,0,0,https://www.nocutnews.co.kr/news/6503820?utm_source=naver&utm_medium=article&utm_campaign=20260416065330
2026-04-16,[ICT 종합] 엔비디아 및 NHN KCP 소식 외,0.0,0,0,https://www.gamevu.co.kr/news/articleView.html?idxno=57272
2026-04-16,규제에 백기 든 혁신...원격진료 접고 염색미용실 사업 하기도 [only이데...,0.322,1,0,http://www.edaily.co.kr/news/newspath.asp?newsid=05330006645416776
2026-04-17,"""40분 걸어서 회사로""…고유가에 '뚜벅이 출근' 자처한 금융 CEO",0.0,0,0,https://www.mt.co.kr/finance/2026/04/17/2026041615385358496
2026-04-18,퇴직하고 로펌 간 선배 잘못 만났다간…공정위 ‘투스트라이크 아웃’...,0.0,0,0,https://www.mk.co.kr/article/12020571
2026-04-18,"명문제약, '로젯' 성장세에 골프장 매각도…체질 개선 기대",0.322,1,0,https://www.medipana.com/news/articleView.html?idxno=409962
2026-04-18,"김승기 전 감독, 2년 징계 재심 요청…KBL은 검토 중",0.0,0,0,https://www.nocutnews.co.kr/news/6504409?utm_source=naver&utm_medium=article&utm_campaign=20260418060048
2026-04-18,“전역 명받았다멍” 8년 임무 마친 군견 두희의 견생2막 [개st하우스],0.0,0,0,https://www.kmib.co.kr/article/view.asp?arcid=0029695816&code=61171811&cp=nv
2026-04-18,"성실했던 60대 돌싱남 죽음…동거녀, 돌연 저주 퍼부은 이유",0.0,0,0,https://www.joongang.co.kr/article/25421227
2026-04-18,4·19혁명 기념일 앞두고 도심 곳곳 기념행사·집회로 '북적'[사회in],0.0,0,0,http://www.edaily.co.kr/news/newspath.asp?newsid=01351366645417432
2026-04-18,4·17 대출 규제 시행…'전세 대신 월세' 고착화 우려,0.0,0,0,https://www.nocutnews.co.kr/news/6504213?utm_source=naver&utm_medium=article&utm_campaign=20260418050053
2026-04-18,가축전염병에 중동 변수까지…축산물 가격 '이중 압력',0.0,0,0,https://www.nocutnews.co.kr/news/6504149?utm_source=naver&utm_medium=article&utm_campaign=20260418050051
2026-04-18,월가가 파종시기에 기후변화까지 분석하는 이유는[계좌부활전],0.0,0,0,https://www.nocutnews.co.kr/news/6504354?utm_source=naver&utm_medium=article&utm_campaign=20260418050050
2026-04-18,"""왜 구명조끼 안입혔냐"" 유족 외침에 '책임 없다' 답한 지휘관[법정B컷...",0.0,0,0,https://www.nocutnews.co.kr/news/6504417?utm_source=naver&utm_medium=article&utm_campaign=20260418050052
2026-04-18,[기고]체육관에 AI 코치가 등장한 이유,0.0,0,0,https://www.nocutnews.co.kr/news/6504350?utm_source=naver&utm_medium=article&utm_campaign=20260418050050
2026-04-18,"장동혁, 왜 미국서 민주당 빼고 공화당만 접촉했을까",0.0,0,0,https://www.nocutnews.co.kr/news/6504342?utm_source=naver&utm_medium=article&utm_campaign=20260418050049
2026-04-18,미국이 일으킨 전쟁인데…美 '高유가 부메랑' 직격탄,0.0,0,0,https://www.nocutnews.co.kr/news/6504403?utm_source=naver&utm_medium=article&utm_campaign=20260418050051
2026-04-18,"전기차 충전, 이제 퇴근하고 하면 비싸진다[기후로운 경제생활]",0.322,1,0,https://www.nocutnews.co.kr/news/6504420?utm_source=naver&utm_medium=article&utm_campaign=20260418050052
2026-04-18,"이번 선거 최악의 발언, 이미 확정됐다[기자수첩]",0.0,0,0,https://www.nocutnews.co.kr/news/6504423?utm_source=naver&utm_medium=article&utm_campaign=20260418050054
2026-04-18,시민숙의 결과 '조기 감축' 우세…정부 NDC 조정되나[기후로운 경제생활...,0.0,0,0,https://www.nocutnews.co.kr/news/6504419?utm_source=naver&utm_medium=article&utm_campaign=20260418050053
2026-04-18,"""전쟁 났는데 코스피 날았다!""…K-제조업의 역습[경제적본능]",0.0,0,0,https://www.nocutnews.co.kr/news/6504406?utm_source=naver&utm_medium=article&utm_campaign=20260418050054
2026-04-18,"정부, 美 301조 압박에 ""정당하지 않아"" 반박…7월 '데드라인'",0.0,0,0,https://www.nocutnews.co.kr/news/6504316?utm_source=naver&utm_medium=article&utm_campaign=20260418050048
2026-04-18,"'종량제봉투' 괜찮나…""물건 사야 판매"" 배짱 영업도",0.0,0,0,https://www.nocutnews.co.kr/news/6504343?utm_source=naver&utm_medium=article&utm_campaign=20260418050050
2026-04-18,"""휴대전화에 내 사진 저장한 직장 상사…'맞팔'한 적도 없는데 찜찜"" 호...",0.0,0,0,https://www.news1.kr/society/general-society/6140098
2026-04-18,"""숨 쉬는 것만 공짜""…거지방·거지맵 켜는 '뉴 자린고비'",0.0,0,0,https://www.hankookilbo.com/news/article/A2026041008120001065?did=NA
2026-04-18,"트럼프 ""이번 주말 협상 재개할 듯…1~2일 안에 타결될 것""",0.0,0,0,https://www.nocutnews.co.kr/news/6504428?utm_source=naver&utm_medium=article&utm_campaign=20260418034146
2026-04-18,MBC ‘21세기 대군부인’ 아이유-변우석 첫 키스 엔딩 “진짜 속도위반...,0.0,0,0,http://enews.imbc.com/News/RetrieveNewsInfo/502049
2026-04-18,"‘미토스 쇼크’에도 입장 바꾼 백악관, 보안 강화해 일단 쓴다",0.0,0,0,https://www.joongang.co.kr/article/25421195
2026-04-18,WEF ‘영 글로벌 리더’에 한국인 리더 2인 선정,0.0,0,0,https://www.chosun.com/national/people/2026/04/18/ME5IAQVBIJFTXIWDEDG44TSMOY/?utm_source=naver&utm_medium=referral&utm_campaign=naver-news
2026-04-18,"[IT단신] 네이버 플레이스, 해외 장소 정보 대폭 확대 .... 카카오 자회...",0.0,0,0,http://www.worktoday.co.kr/news/articleView.html?idxno=83814
2026-04-18,외국인도 MZ도 빠졌다… “남들 다 하는 쇼핑 대신 북한산 타러 왔어요...,0.0,0,0,https://www.kmib.co.kr/article/view.asp?arcid=1776154635&code=14190000&cp=nv
2026-04-18,"유명 걸그룹 멤버 친오빠, 300만원에 만난 여성 BJ 성추행 혐의… 구속 ...",0.0,0,0,https://www.seoul.co.kr/news/society/2026/04/18/20260418500001?wlog_tag3=naver
2026-04-18,"""건겅한 일터 조성"" 임직원 건강 돌보는 건설사들",0.0,0,0,https://www.asiatime.co.kr/article/20260417500075
2026-04-18,인간의 기억은 왜곡된다 [한민오의 국제중재 프리즘],0.0,0,0,https://www.hankyung.com/article/202604178089i
2026-04-18,[주간사모펀드] 국민성장펀드 출자 본격화…PEF '옥석 가리기' 시작될까,0.322,1,0,https://news.tf.co.kr/read/economy/2314572.htm
2026-04-17,"李대통령, ""호르무즈 항행에 책임있는 역할 수행할 것""",0.0,0,0,https://www.nocutnews.co.kr/news/6504424?utm_source=naver&utm_medium=article&utm_campaign=20260417115744
2026-04-17,"걸그룹 멤버 오빠, BJ 추행 혐의로 '구속위기'…경찰, 구속영장 신청",0.0,0,0,https://www.sportschosun.com/entertainment/2026-04-17/202604170100119940007753
2026-04-17,김민석 국무총리 “마약은 청년 미래 갉아먹는 엄중한 사회문제”…관...,0.0,0,0,https://medicalworldnews.co.kr/news/view.php?idx=1510974160
2026-04-17,"이란 ""호르무즈 일시 개방""…트럼프 ""고맙지만 美봉쇄 지속""",0.0,0,0,https://www.nocutnews.co.kr/news/6504422?utm_source=naver&utm_medium=article&utm_campaign=20260417110844
2026-04-17,쌀 산업의 10년을 담다… 「라이스업 라이프업 쌀」 10주년 기념호 발간,0.0,0,0,https://cooknchefnews.com/news/view/1065596606038669
2026-04-17,"'36년 만 목소리 공개' 임성한 작가, 쿨한 면모 ""내 얼굴, 촌빨 날리게 ...",0.0,0,0,https://www.starnewskorea.com/broadcast-show/2026/04/17/2026041718544869629
2026-04-17,"추미애 만난 이기형, 이회수 연대 정하영…김포 민주 결선 총력전",0.0,0,0,https://www.nocutnews.co.kr/news/6504421?utm_source=naver&utm_medium=article&utm_campaign=20260417110044
2026-04-17,BJ 집 데려가…유명 걸그룹 멤버 오빠 ‘강제추행 혐의’ 구속 기로,0.0,0,0,https://www.joongang.co.kr/article/25421136
2026-04-17,"임성한 작가, 미방영 '결사곡' 충격 엔딩 밝혔다..""사고 서동마, 형처럼...",0.0,0,0,https://www.starnewskorea.com/broadcast-show/2026/04/17/2026041722344878663
2026-04-17,"“걸그룹 멤버 오빠, BJ 추행 혐의”…경찰, 구속영장 신청",0.0,0,0,https://www.mk.co.kr/article/12020469
2026-04-17,"경찰, 유명 걸그룹 멤버 오빠 'BJ 강제추행' 혐의로 구속영장",0.0,0,0,https://www.ikbc.co.kr/article/view/kbc202604170076
2026-04-17,'BJ 추행 혐의' 유명 걸그룹 멤버 가족에 영장 신청,0.0,0,0,http://www.edaily.co.kr/news/newspath.asp?newsid=06573126645417104
2026-04-17,'주먹구구 논란' 4.3추가진상조사…공식 사과 이뤄지나,0.0,0,0,https://www.nocutnews.co.kr/news/6504415?utm_source=naver&utm_medium=article&utm_campaign=20260417100944
2026-04-17,"박일하 동작구청장, '여론조사 왜곡·유포' 의혹… 선거법 위반 피고발",0.0,0,0,https://www.newscj.com/news/articleView.html?idxno=3394492
2026-04-17,AI가 바꾸는 노동환경…교회의 역할은?,0.0,0,0,https://www.nocutnews.co.kr/news/6504394?utm_source=naver&utm_medium=article&utm_campaign=20260417100044
2026-04-17,"예장 통합, ""외면된 아이들 '미인지 한인 자녀' 포용 나서야""",0.0,0,0,https://www.nocutnews.co.kr/news/6504353?utm_source=naver&utm_medium=article&utm_campaign=20260417100044
2026-04-17,"외교부, 디도스 공격 받았다…홈페이지 한때 접속 중단",0.0,0,0,https://www.nocutnews.co.kr/news/6504413?utm_source=naver&utm_medium=article&utm_campaign=20260417095644
2026-04-17,BJ 강제추행 혐의…유명 걸그룹 멤버 오빠 구속 기로,0.0,0,0,http://mbn.mk.co.kr/pages/news/newsView.php?category=mbn00009&news_seq_no=5188852
2026-04-17,"경찰, ‘BJ 성추행 혐의’ 유명 걸그룹 멤버 오빠 구속영장",0.0,0,0,https://www.sedaily.com/article/20034014?ref=naver
2026-04-17,"SK에코플랜트, 구성원·가족 심리상담 '에피케어' 운영",0.0,0,0,http://www.e2news.com/news/articleView.html?idxno=329634
2026-04-17,"“‘데이트권’ 사서 성추행”…유명 걸그룹 멤버 오빠, BJ 강제추행 혐...",0.0,0,0,https://biz.heraldcorp.com/article/10720033?ref=naver
2026-04-17,'BJ 강제추행 혐의' 유명 걸그룹 멤버 오빠 구속 기로,0.0,0,0,http://www.inews24.com/view/1961362
2026-04-17,"경찰, 'BJ 강제추행 혐의' 유명 걸그룹 멤버 오빠 구속영장",0.0,0,0,https://www.yna.co.kr/view/AKR20260417147000004?input=1195m
2026-04-17,"악뮤 이수현, 30kg 급증 후 정신과 진단→40kg 감량 도전 ""미래 없다 생...",0.0,0,0,https://www.sportschosun.com/entertainment/2026-04-17/202604170100119440007715
2026-04-17,[브리프] 삼성물산 LF 신세계인터 유니클로 에이피알 무신사 형지 블랙...,0.0,0,0,http://www.biztribune.co.kr/news/articleView.html?idxno=352604
2026-04-17,[브리프]현대백화점 롯데면세점 신세계면세점 쿠팡 G마켓 外,0.0,0,0,http://www.biztribune.co.kr/news/articleView.html?idxno=352597
2026-04-17,입찰만 두 번 결국은 같은 업체...'섬의 날' 비리 의혹 확산,0.0,0,0,https://www.ikbc.co.kr/article/view/kbc202604170066
2026-04-17,플레이오프 모드 KCC는 강했다…3연승 업셋으로 4강 PO 진출,0.0,0,0,https://www.nocutnews.co.kr/news/6504407?utm_source=naver&utm_medium=article&utm_campaign=20260417090444
2026-04-17,[핫게임] 메이플스토리M 'M4U' 이벤트 / 서든어택 바람의나라 컬래버 / ...,0.0,0,0,https://www.webeconomy.co.kr/news/articleView.html?idxno=2145737
2026-04-17,"'밤에도 빛나는 청산도'…달빛 아래 걷고, 새벽엔 은하수 찍는다",0.0,0,0,http://www.dtnews24.com/news/articleView.html?idxno=810657
2026-04-17,"'21세기 대군부인' 이안대군 변우석, 대비 공승연과 갈등...몇부작?",0.0,0,0,https://www.gukjenews.com/news/articleView.html?idxno=3560019
2026-04-17,충주 탄금호서 펼쳐지는 선율의 향연···시립우륵국악단 '국악버스킹...,0.0,0,0,http://www.enewstoday.co.kr/news/articleView.html?idxno=2420406
2026-04-17,"완도군, 밤까지 이어지는 청산도 여행…별빛·달빛 체험 프로그램 운영",0.0,0,0,https://www.sentv.co.kr/article/view/sentv202604170170
2026-04-17,'올림픽 3관왕 탈락' 女 양궁 국대 선발전 이변…컴파운드는 14세 강연서...,0.0,0,0,https://www.nocutnews.co.kr/news/6504405?utm_source=naver&utm_medium=article&utm_campaign=20260417080743
2026-04-17,"㈜위즈데이타, 현대백화점과 태권브이 50주년 국내 첫 특별전",0.0,0,0,https://www.nocutnews.co.kr/news/6504404?utm_source=naver&utm_medium=article&utm_campaign=20260417075743
2026-04-17,"박찬대, 유정복 직격…""공약 성과 미흡에 '용역시장' 평가도""",0.0,0,0,https://www.nocutnews.co.kr/news/6504402?utm_source=naver&utm_medium=article&utm_campaign=20260417075042
2026-04-17,"日자위대 대만해협 진입에 中 ""위험한 음모 드러내""",0.0,0,0,https://www.nocutnews.co.kr/news/6504401?utm_source=naver&utm_medium=article&utm_campaign=20260417093744
2026-04-17,"카카오엔터 베리즈, 삼성 라이온즈 한정판 MD 출시",0.0,0,0,https://zdnet.co.kr/view/?no=20260417192621
2026-04-17,"카카오 자회사 링키지랩, 장애인 고용 10년 백서 발간",0.0,0,0,https://www.webeconomy.co.kr/news/articleView.html?idxno=2144925
2026-04-17,'경찰의 별' 경무관 56명 전보…서울청 수사 지휘부 교체,0.0,0,0,https://www.nocutnews.co.kr/news/6504399?utm_source=naver&utm_medium=article&utm_campaign=20260417093745
2026-04-17,"손수조 ""검사 극단선택, '이재명 죄 지우기' 살인 국조” vs 손솔 ""새로운...",0.0,0,0,https://www.ikbc.co.kr/article/view/kbc202604170046
2026-04-17,"천하람 ""주호영·이진숙 무소속 출마 못할 것…대통령, 홍준표 기용 묘...",0.0,0,0,https://www.nocutnews.co.kr/news/6504398?utm_source=naver&utm_medium=article&utm_campaign=20260417093745
2026-04-17,"'우마무스메 프리티 더비', 신규 육성 우마무스메 2종 업데이트!",0.0,0,0,https://www.thisisgame.com/articles/420229
2026-04-17,"[K팝 위상] 스트레이 키즈, 세계 음반시장 '정점' 정조준",0.0,0,0,https://www.ilyoseoul.co.kr/news/articleView.html?idxno=515854
2026-04-17,"""앱마다 다르다"" 공영주차장 5부제 정보, 어떻게 확인하나",0.0,0,0,https://it.donga.com/108760/
2026-04-17,"김진경 경기도의회 의장, '경마장 시흥 유치' 승부수 띄웠다",0.0,0,0,https://www.nocutnews.co.kr/news/6504396?utm_source=naver&utm_medium=article&utm_campaign=20260417070842
2026-04-17,"검찰총장 대행 ""국정조사, 평검사 증인 철회하고 절제 요청""",0.0,0,0,https://www.nocutnews.co.kr/news/6504395?utm_source=naver&utm_medium=article&utm_campaign=20260417070742
2026-04-17,"소비는 부담없이, 혜택은 확실하게! 4월 동행 축제 [클릭K+]",0.0,0,0,https://www.ktv.go.kr/content/view?content_id=752706
2026-04-17,"‘계란 테러’ 아이유, 변우석과 스캔들→봉변 그 자체 (대군부인)",0.0,0,0,https://sports.donga.com/ent/article/all/20260417/133762905/1
2026-04-17,"팬 투표 서비스 기프트리, 6월 생일 투표 후보 공개… “홍대입구역 광...",0.0,0,0,https://www.wikitree.co.kr/articles/1132167
2026-04-17,여수산단 화학공장서 보수작업 중이던 60대 노동자 추락,0.0,0,0,https://www.nocutnews.co.kr/news/6504393?utm_source=naver&utm_medium=article&utm_campaign=20260417093744
2026-04-17,평창 대관령면 산불 1시간 20여분 만에 진화,0.0,0,0,https://www.nocutnews.co.kr/news/6504391?utm_source=naver&utm_medium=article&utm_campaign=20260417065142
2026-04-17,"양양군, 낙산해수욕장 일원 공영주차장 식별체계 도입",0.0,0,0,https://www.pressian.com/pages/articles/2026041718064717815?utm_source=naver&utm_medium=search
2026-04-17,'자문위원과 골프·술접대 등 유착 의혹' 군산해양경찰서장 대기발령,0.0,0,0,https://www.nocutnews.co.kr/news/6504388?utm_source=naver&utm_medium=article&utm_campaign=20260417063942
2026-04-17,인기 웹소설 원작의 무협판 재벌물[핫웹툰],0.0,0,0,https://www.sedaily.com/article/20033970?ref=naver
2026-04-17,[브리프] LGU+ 카카오 고려아연 코웨이 현대차 한국타이어 HD건설기계 外,0.0,0,0,http://www.biztribune.co.kr/news/articleView.html?idxno=352608
2026-04-17,어느 유치원 교사의 한탄[어텐션 뉴스],0.0,0,0,https://www.nocutnews.co.kr/news/6504363?utm_source=naver&utm_medium=article&utm_campaign=20260417063142
2026-04-17,[현장] 이커머스 뷰티 팝업 '봄 대전' 합류한 쿠팡… ‘메가뷰티쇼 버추...,0.0,0,0,https://www.socialvalue.kr/news/view/1065600310012896
2026-04-17,"행안부, 금융기관과 고유가 피해지원금 신속 지급 협약",0.0,0,0,http://www.whitepaper.co.kr/news/articleView.html?idxno=261224
2026-04-17,"검찰 출석 요구서에 QR코드·폰번호…""피싱입니다""",0.0,0,0,https://biz.sbs.co.kr/article_hub/20000305112?division=NAVER
2026-04-17,"[속보]구자현 검찰총장 대행 ""국조증인 검사 안타까운 소식…참담""",0.0,0,0,https://www.nocutnews.co.kr/news/6504386?utm_source=naver&utm_medium=article&utm_campaign=20260417061642
2026-04-17,"충주시립우륵국악단, ‘26 상반기 토요상설 국악버스킹 개최",0.0,0,0,http://www.breaknews.com/1201291
2026-04-17,"검찰 ""파두 경영진 카톡에 발주 중단 내용""…재판부는 증거능력 제동",0.0,0,0,https://www.thelec.kr/news/articleView.html?idxno=55270
2026-04-17,[부고]이재철(청주시의회 도시건설위원회 전문위원)씨 장모상,0.0,0,0,https://www.nocutnews.co.kr/news/6504385?utm_source=naver&utm_medium=article&utm_campaign=20260417061442
2026-04-17,광주 4개 선거구 광역의원 중대선거구제 도입…지방선거 판세 변수,0.0,0,0,https://www.nocutnews.co.kr/news/6504382?utm_source=naver&utm_medium=article&utm_campaign=20260417061442
2026-04-17,국민의힘 충북지사 공천 윤갑근 VS 김영환 재편…27일 확정,0.0,0,0,https://www.nocutnews.co.kr/news/6504379?utm_source=naver&utm_medium=article&utm_campaign=20260417061342
2026-04-17,"광주국세청, 개청 후 60년 함께 한 성실납세자에게 감사의 뜻 전달",0.0,0,0,https://www.nocutnews.co.kr/news/6504381?utm_source=naver&utm_medium=article&utm_campaign=20260417061342
2026-04-17,"남해화학 경영 우수, 농협 계열사 경영평가 2년 연속 1위",0.0,0,0,https://www.nocutnews.co.kr/news/6504377?utm_source=naver&utm_medium=article&utm_campaign=20260417061242
2026-04-19,12개월 최고 연 7.00%…카카오뱅크 '우리아이적금' [이주의 은행 적금금...,0.0,0,0,http://www.fntimes.com/html/view.php?ud=2026041717162276965e6e69892f_18
2026-04-19,24개월 최고 연 3.20%…부산은행 '더 특판 정기예금' [이주의 은행 예금...,0.0,0,0,http://www.fntimes.com/html/view.php?ud=2026041717023043285e6e69892f_18
2026-04-19,"""밥값 9만원인데..."" 동료 결혼식에 가족 4명 가서 축의금 10만원 [어떻게...",0.261,1,0,http://www.fnnews.com/news/202604180925495342
2026-04-19,[블록체人] 김상민 비단 대표 “디지털 생태계 구축해 수출 추진”,0.0,0,0,https://biz.chosun.com/stock/finance/2026/04/18/AGMRG53GOZFEFD6ISEQXZ56XXY/?utm_source=naver&utm_medium=original&utm_campaign=biz
2026-04-19,"""검색만으론 부족"" 네이버·카카오가 '발견'에 힘주는 이유",0.0,0,0,https://it.chosun.com/news/articleView.html?idxno=2023092160559
2026-04-19,배상하면 기소 못 한다?…'의료분쟁조정법' 3대 쟁점,0.0,0,0,https://www.nocutnews.co.kr/news/6504493?utm_source=naver&utm_medium=article&utm_campaign=20260419050106
2026-04-19,조국·한동훈의 험지론이 김부겸 사례와 다른 이유,0.0,0,0,https://www.nocutnews.co.kr/news/6504437?utm_source=naver&utm_medium=article&utm_campaign=20260419050105
2026-04-19,"""어려웠던 권리, 이제는 당연""…민변 공익변론 10년, 세상을 바꿨다",0.0,0,0,https://www.nocutnews.co.kr/news/6504500?utm_source=naver&utm_medium=article&utm_campaign=20260419050107
2026-04-19,"신혼 5년의 갈림길, 내 집 한 채 그리고 부모의 통장",0.0,0,0,https://www.nocutnews.co.kr/news/6504498?utm_source=naver&utm_medium=article&utm_campaign=20260419050106
2026-04-19,"""유산균 영양제 보다는 김치를 드세요"" 마케팅에 가려진 프로바이오틱스...",0.0,0,0,https://www.nocutnews.co.kr/news/6504447?utm_source=naver&utm_medium=article&utm_campaign=20260419050105
2026-04-19,"""AI, 해킹 주도권까지 쥔다""…'미토스 충격'에 정부 보안 비상",0.0,0,0,https://www.nocutnews.co.kr/news/6504324?utm_source=naver&utm_medium=article&utm_campaign=20260419050103
2026-04-19,"美대사 지명자 ""대만 유사시 韓이 주도해야""…한반도 정책 충돌?",0.0,0,0,https://www.nocutnews.co.kr/news/6504349?utm_source=naver&utm_medium=article&utm_campaign=20260419050104
2026-04-19,대통령 명예훼손 영장 줄기각…경찰 무리한 수사였나,0.0,0,0,https://www.nocutnews.co.kr/news/6504307?utm_source=naver&utm_medium=article&utm_campaign=20260419050059
2026-04-19,"충주 우륵국악단, 탄금호 토요 상설 '국악 버스킹'",0.0,0,0,https://www.ccdailynews.com/news/articleView.html?idxno=2411142
2026-04-19,"MBC ‘21세기 대군부인’ 변우석, 온몸 던져 아이유 구했다…피투성이 ...",0.0,0,0,http://enews.imbc.com/News/RetrieveNewsInfo/502119
2026-04-19,"27일부터 고유가 피해지원금 지급, 우리집 아이도 신청 되나요?",0.0,0,0,https://www.gukjenews.com/news/articleView.html?idxno=3560360
2026-04-18,[기자수첩] 안산의 다음 40년은 준비가 아니라 실행이다…ASV 경제자유구...,0.0,0,0,http://www.newstown.co.kr/news/articleView.html?idxno=700942
2026-04-18,"완도군, 밤에도 빛나는 청산도’ 걷기·포토 투어 운영",0.0,0,0,http://www.metroseoul.co.kr/article/20260417500202
2026-04-18,[패트롤] 경주시- 영천시- 청도군- 대구북구- 계명대- 영남대병원,0.0,0,0,https://www.ekn.kr/web/view.php?key=20260418028528106
2026-04-18,"""최대 60만 원 지급""…3차 민생지원금=고유가지원금? 정부, 27일 지급 앞...",0.0,0,0,https://www.topstarnews.net/news/articleView.html?idxno=16038379
2026-04-18,"[유통업계 이모저모] 롯데면세점 '3년 만에 인천공항점 재오픈', 현대백...",0.0,0,0,http://www.bizwnews.com/news/articleView.html?idxno=134208
2026-04-18,개인정보 유출 과징금 1580억…5년 새 100배 폭증 [국회 방청석],-0.408,0,1,https://www.mk.co.kr/article/12020066
2026-04-18,이란 혁명수비대 유조선에 발포…최고지도자는 해군 격려,0.0,0,0,https://www.nocutnews.co.kr/news/6504496?utm_source=naver&utm_medium=article&utm_campaign=20260418085855
2026-04-18,"""더 무서워""…류승범 하차하고 돌아온 배두나의 '가족계획2'",0.0,0,0,https://www.nocutnews.co.kr/news/6504495?utm_source=naver&utm_medium=article&utm_campaign=20260418083455
2026-04-18,부산 사상구 단독주택 화재…70대 남성 숨져,0.0,0,0,https://www.nocutnews.co.kr/news/6504492?utm_source=naver&utm_medium=article&utm_campaign=20260418081555
2026-04-18,완주 제상교회 담임목사에 김반석 위임…진실한 목회 다짐,0.0,0,0,https://www.nocutnews.co.kr/news/6504490?utm_source=naver&utm_medium=article&utm_campaign=20260418074655
2026-04-18,"""中 관광객 '성추행 피해' 주장 확산…부산 경찰 '사실관계 수사'""",0.0,0,0,https://www.nocutnews.co.kr/news/6504485?utm_source=naver&utm_medium=article&utm_campaign=20260418074655
2026-04-18,"전남TP, AI 얼라이언스 교류회 개최..'현장중심' 협력 모델 강화",0.0,0,0,https://kpenews.com/View.aspx?No=4046905
2026-04-18,'코지마 갤러리 스타필드 빌리지 운정점' 오픈...최대 67% 할인,0.0,0,0,https://www.slist.kr/news/articleView.html?idxno=732797
2026-04-18,"이란 군부 ""호르무즈 해협 통제 재개…美 해상봉쇄 유지 탓""",0.0,0,0,https://www.nocutnews.co.kr/news/6504486?utm_source=naver&utm_medium=article&utm_campaign=20260418074355
2026-04-18,민주당 제주지사 후보 위성곤 선출…경쟁 후보와 '원팀',0.0,0,0,https://www.nocutnews.co.kr/news/6504488?utm_source=naver&utm_medium=article&utm_campaign=20260418074455
2026-04-18,"라이즈, '21세기 대군부인' O.S.T 참여 ""시너지 극대화""",0.0,0,0,https://www.mydaily.co.kr/page/view/2026041819033704879
2026-04-18,삼성생명 ‘다이렉트’ 채널서 보험가입하면 포인트 혜택 이벤트,0.0,0,0,https://www.inthenews.co.kr/news/article.html?no=85736
2026-04-18,김감전 디스곡 → 빅나티 폭로 → 스윙스 반박... 대중들 반응은?,0.0,0,0,https://www.ggilbo.com/news/articleView.html?idxno=1153190
2026-04-18,"라이즈, 아이유-변우석 지원사격! 오늘(18일) MBC ‘21세기 대군부인’ ...",0.0,0,0,http://enews.imbc.com/News/RetrieveNewsInfo/502086
2026-04-18,"임성한 작가 36년 만 등장? 엄은향 전화 인터뷰 잡음…""전 관종""",0.0,0,0,https://www.nocutnews.co.kr/news/6504482?utm_source=naver&utm_medium=article&utm_campaign=20260418054753
2026-04-18,"이란 하늘길, 49일 만에 열렸다…美와 2차 담판 임박",0.0,0,0,https://www.nocutnews.co.kr/news/6504480?utm_source=naver&utm_medium=article&utm_campaign=20260418052253
2026-04-18,“유명 걸그룹 멤버 친오빠라더니…” BJ 추행 혐의로 현행범 체포된 3...,0.0,0,0,https://www.huffingtonpost.kr/article/256709
2026-04-18,"[인터뷰] ""원화 스테이블코인, 규제가 늦을수록 따라잡기 어렵다""…카이...",0.0,0,0,https://www.tokenpost.kr/news/insights/350636
2026-04-18,"'글로벌 대세' 라이즈, 데뷔 후 첫 OST 참여…아이유♥변우석 지원사격",0.0,0,0,https://www.xportsnews.com/article/2138432
2026-04-18,"전광훈, 보석 후 첫 광화문 집회…""대한민국 망했다""",0.0,0,0,https://www.nocutnews.co.kr/news/6504479?utm_source=naver&utm_medium=article&utm_campaign=20260418051153
2026-04-18,서울 코리아오픈 국제휠체어테니스대회…푸엔테·가미지·우드먼 단식 ...,0.0,0,0,https://www.ichannela.com/news/main/news_detailPage.do?publishId=000000524793
2026-04-18,"[속보] 장성군수 경선, 대리투표에 이어 '이중투표' 정황도",0.0,0,0,https://www.pinpointnews.co.kr/news/articleView.html?idxno=446620
2026-04-18,"""7-5 승부처 장악""…가미지 유이, 코리아오픈 휠체어테니스 2관왕",0.0,0,0,https://www.topstarnews.net/news/articleView.html?idxno=16038254
2026-04-18,"경주시, 온라인 플랫폼 이륜차 배달종사자 이륜차 안전운행 교육 실시",0.0,0,0,https://www.dkilbo.com/news/articleView.html?idxno=541522
2026-04-18,"메이저 11회 우승 일본 가미지, 코리아오픈 휠체어테니스 2관왕",0.0,0,0,https://www.yna.co.kr/view/AKR20260418044300007?input=1195m
2026-04-18,"천하람 ""홍준표 총리 기용은 묘수""…국힘 '보수 단일화' 선긋기",0.0,0,0,https://www.nocutnews.co.kr/news/6504476?utm_source=naver&utm_medium=article&utm_campaign=20260418040453
2026-04-18,"가평군, 5월 어린이들 위한 행사 '풍성'",0.0,0,0,http://www.edaily.co.kr/news/newspath.asp?newsid=02653526645417432
2026-04-18,"[김종석의 그라운드] 페이커 팬 푸엔테, 서울 코리아오픈 휠체어테니스...",0.0,0,0,https://www.tennis.co.kr/news/articleView.html?idxno=52448
2026-04-18,억울하다는 故 김창민 감독 가해자…일행과 상반된 주장,0.0,0,0,https://www.nocutnews.co.kr/news/6504474?utm_source=naver&utm_medium=article&utm_campaign=20260418032052
2026-04-18,'현행범'으로 잡힌 유명 걸그룹 멤버 친오빠…'BJ 성추행 혐의' 구속영장...,0.0,0,0,https://view.asiae.co.kr/article/2026041815091254822
2026-04-18,"‘21세기 대군부인’ 아이유-변우석, 고척 떴다?…야구장 키스 타임!",0.0,0,0,https://sports.khan.co.kr/article/202604181510003?pt=nv
2026-04-18,"""없어서 못 팔던 말차""…식품업계 '핵심 맛'으로 부상",0.0,0,0,https://daily.hankooki.com/news/articleView.html?idxno=1359373
2026-04-18,"민주당 광주시당, 청년 비례 광역의원 공모 착수",0.0,0,0,https://www.nocutnews.co.kr/news/6504470?utm_source=naver&utm_medium=article&utm_campaign=20260418025852
2026-04-18,대구 중구 '단톡방 의혹'에 침묵하는 시민단체… 선관위 조사 지연 속 '...,0.0,0,0,https://www.gokorea.kr/news/articleView.html?idxno=864013
2026-04-18,대구 중구청장 선 '단톡방 의혹' 제기에도… 경찰·선관위 조사는 제자...,0.0,0,0,https://www.gokorea.kr/news/articleView.html?idxno=864012
2026-04-18,"시내버스, 승합차·전신주 잇따라 들이받아…승객 14명 다쳐",0.0,0,0,https://www.nocutnews.co.kr/news/6504468?utm_source=naver&utm_medium=article&utm_campaign=20260418022652
2026-04-18,민주당 광주 광역의원 경선 방식 변경…'패자부활전' 성격 2차 경선 도입,0.0,0,0,https://www.nocutnews.co.kr/news/6504466?utm_source=naver&utm_medium=article&utm_campaign=20260418021752
2026-04-18,"걸그룹 멤버 친오빠, 'BJ 추행 혐의' 구속 면해…검찰 ""소명 부족""",0.0,0,0,https://www.sidae.com/article/2026041814082565622
2026-04-18,"‘21세기 대군부인’ 아이유·변우석, 달콤한 입맞춤..3회 최고 시청률...",0.0,0,0,http://www.breaknews.com/1201360
2026-04-18,"손솔 ""평택을, 우리 김재연 당대표 뛰고 있는데...조국 불쑥, 많이 당황...",0.0,0,0,https://www.ikbc.co.kr/article/view/kbc202604180016
2026-04-18,"윤상 아들, 아이유♥변우석 지원 사격 나섰다…라이즈, 데뷔 3년 만에 O...",0.0,0,0,https://www.tenasia.co.kr/article/2026041897064
2026-04-18,아이유-변우석 야구장 데이트 포착…키스타임까지? (MBC ‘21세기 대군부...,0.0,0,0,http://enews.imbc.com/News/RetrieveNewsInfo/502069
2026-04-18,"손수조 ""'김건희 사랑꾼' 尹, 사랑이 죄인가...남편 시선 외면, 구치소서...",0.0,0,0,https://www.ikbc.co.kr/article/view/kbc202604180014
2026-04-18,"檢, 'BJ 강제추행 혐의' 유명 걸그룹 멤버 오빠 구속영장 반려",0.0,0,0,http://www.edaily.co.kr/news/newspath.asp?newsid=02204166645417432
2026-04-18,"ASV 경자구역 본격화, 안산시 산업구조 전환 분수령",0.0,0,0,https://www.newscj.com/news/articleView.html?idxno=3394624
2026-04-18,"[기획5] 안산시, ASV 경자구역 첨단로봇 중심 미래산업도시 대 전환",0.0,0,0,https://www.tournews21.com/news/articleView.html?idxno=133912
2026-04-18,"李대통령 ""왜 오래 들고만 있으면 세금 깎나""…장특공제 정조준",0.0,0,0,https://www.nocutnews.co.kr/news/6504464?utm_source=naver&utm_medium=article&utm_campaign=20260418011551
2026-04-18,"""교구 공동체를 하나로 세우는 교구의 밤""…대흥교회 황정기 목사·강필...",0.0,0,0,https://www.nocutnews.co.kr/news/6504232?utm_source=naver&utm_medium=article&utm_campaign=20260418010551
2026-04-18,"""가장 큰 피해는 아이들"" 김동완, 이수지 유치원 교사 영상에 공감",0.0,0,0,https://www.nocutnews.co.kr/news/6504463?utm_source=naver&utm_medium=article&utm_campaign=20260418010452
2026-04-18,'룸살롱 접대·인플루언서 수사무마' 경찰 간부 직위해제,0.0,0,0,https://www.nocutnews.co.kr/news/6504462?utm_source=naver&utm_medium=article&utm_campaign=20260418010451
2026-04-18,"'또 냉온탕' 트럼프 ""이란, 22일까지 합의 없으면 다시 폭탄""",0.0,0,0,https://www.nocutnews.co.kr/news/6504461?utm_source=naver&utm_medium=article&utm_campaign=20260418010351
2026-04-18,"아직도 새마을장학금…전북도, 공통 자격기준 명문화",0.0,0,0,https://www.nocutnews.co.kr/news/6504459?utm_source=naver&utm_medium=article&utm_campaign=20260418010151
2026-04-18,구글맵 상륙에 ‘비상’…국내 지도 앱이 살아남는 법,0.0,0,0,https://www.mk.co.kr/article/12020155
2026-04-18,2030부터 노년층까지 너도나도 몰리더니…'5조 잭팟' [현장+],0.322,1,0,https://www.hankyung.com/article/202604178768g
2026-04-18,"유명 걸그룹 멤버 친오빠, 구속 피했다… “BJ 성추행 혐의 소명 부족”...",0.0,0,0,https://www.seoul.co.kr/news/society/2026/04/18/20260418500027?wlog_tag3=naver
2026-04-18,[D테일] 4월인데 낮 최고 30도… 봄옷 건너뛰고 ‘반소매’ 온다,0.0,0,0,https://www.ddaily.co.kr/page/view/2026041811272530996
2026-04-18,"김제시, 고유가 피해지원금 지급…최대 60만 원 차등 지원",0.0,0,0,http://www.jeonmin.co.kr/news/articleView.html?idxno=438200
2026-04-18,“휴대전화에 내 프로필 사진 저장한 직장 상사…‘맞팔’한 적 없는데...,0.0,0,0,https://biz.heraldcorp.com/article/10720127?ref=naver
2026-04-18,인플루언서 없이도?…'진심 마케팅'이 만든 K-뷰티 스타트업 [VC 요람],0.0,0,0,http://www.edaily.co.kr/news/newspath.asp?newsid=02187766645417432
2026-04-18,'오딘' 이어 '제우스'까지…하반기 MMORPG 경쟁 재점화,0.0,0,0,https://zdnet.co.kr/view/?no=20260417231533
2026-04-18,기업도 정부도 부랴부랴 총력대응…'미토스'가 뭐길래,0.0,0,0,https://www.newsway.co.kr/news/view?ud=2026041716513339093
2026-04-18,"네이버, 해외 장소 검색 더 쉬워진다…리뷰 별점도 5년만 부활",0.0,0,0,https://www.sedaily.com/article/20034042?ref=naver
2026-04-18,尹 비상계엄 규탄 남태령 투쟁 조명한다…영화 '남태령',0.0,0,0,https://www.nocutnews.co.kr/news/6504457?utm_source=naver&utm_medium=article&utm_campaign=20260418114751
2026-04-18,증시 심하게 출렁여도 '내 돈' 지키는 업종이 있다 [주末머니],0.0,0,0,https://view.asiae.co.kr/article/2026041615001539715
2026-04-18,"라이즈, 데뷔 후 첫 OST는 ‘21세기 대군부인’…오늘(18일) ‘Behind The ...",0.0,0,0,https://www.heraldmuse.com/article/10720122?ref=naver
2026-04-18,[패트롤]익산시-익산교육청-대한노인회-군산해경-원광대-원광보건고,0.0,0,0,https://www.ekn.kr/web/view.php?key=20260418020398025
2026-04-18,"'윤남기♥' 이다은, 녹내장 진단 후…""하루 두 번 안약 넣는 환자"" [RE:스...",0.0,0,0,https://www.tvreport.co.kr/breaking/article/1033861/
2026-04-18,"라이즈, ‘21세기 대군부인’ OST ‘Behind The Shine’ 오늘(18일) 발매",0.0,0,0,https://www.mk.co.kr/article/12020654
2026-04-18,"라이즈, 변우석x아이유 ‘21세기 대군부인’ OST 참여..18일 발매",0.0,0,0,http://www.osen.co.kr/article/G1112784251
2026-04-18,"""BJ 식사 데이트권 사놓고 신체접촉"" 유명 걸그룹 멤버 오빠 구속영장",0.0,0,0,http://www.fnnews.com/news/202604181019283877
2026-04-18,"성분에디터, '블루아가베 히알이온 수분 앰플' 공개…수분 케어 라인 확...",0.0,0,0,https://www.stardailynews.co.kr/news/articleView.html?idxno=532217
2026-04-18,핸드폰 저장공간 부족해서 답답했다면 '여기'를 눌러 보세요…이 간단한...,0.0,0,0,https://www.wikitree.co.kr/articles/1131478
2026-04-18,"전남도, 취약계층 3만7천여가구 안전한 겨울나기 지원",0.0,0,0,https://www.nocutnews.co.kr/news/6504334?utm_source=naver&utm_medium=article&utm_campaign=20260418105551
2026-04-18,"전남도, 건설현장 등 1683개소 '집중안전점검'",0.0,0,0,https://www.nocutnews.co.kr/news/6504333?utm_source=naver&utm_medium=article&utm_campaign=20260418105550
2026-04-18,국힘 서울시장 후보에 오세훈…與정원오와 본선 확정,0.0,0,0,https://www.nocutnews.co.kr/news/6504456?utm_source=naver&utm_medium=article&utm_campaign=20260418105450
2026-04-18,웹소설 하나로 웹툰·영상까지…디앤씨미디어 'IP 확장' 승부수,0.0,0,0,https://www.pinpointnews.co.kr/news/articleView.html?idxno=446531
2026-04-18,"경찰, 스토킹 관련 대응 본격화…'전자발찌 부착 신청 급증'",0.0,0,0,http://mbn.mk.co.kr/pages/news/newsView.php?category=mbn00009&news_seq_no=5188886
2026-04-18,'남양주 스토킹 살인' 이후 경찰의 전자발찌 신청 크게 늘었다,0.0,0,0,https://news.sbs.co.kr/news/endPage.do?news_id=N1008523104&plink=ORI&cooper=NAVER
2026-04-18,20대 여성 강제추행 피해 호소 후 사망…남성은 “혐의 부인한다” 주장,0.0,0,0,https://www.segye.com/newsView/20260418503427?OutUrl=naver
2026-04-21,"하정우 AI수석 ""AI학습 뉴스 활용한 수익으로 기금 만들면 어떨까?""",0.0,0,0,https://www.mediatoday.co.kr/news/articleView.html?idxno=333881
2026-04-21,애큐온 인수전 불참한 카카오뱅크… 중소형 캐피탈사 물색,0.0,0,0,https://biz.chosun.com/stock/market_trend/2026/04/21/LTWZME3L45A2XFV3WX7BILRVQI/?utm_source=naver&utm_medium=original&utm_campaign=biz
2026-04-21,"토스뱅크, 금투업 인가 지연… 연내 펀드 판매 빨간불",0.0,0,0,https://www.segye.com/newsView/20260420515590?OutUrl=naver
2026-04-21,"전면 금지보단 맞춤형 보호…로블록스·카톡, 청소년 관리 세분화",0.0,0,0,https://www.news1.kr/it-science/game-review/6138556
2026-04-21,'-15㎏' 홀쭉해진 말컹의 부활…울산의 선두 추격은 계속된다,0.0,0,0,https://www.nocutnews.co.kr/news/6505331?utm_source=naver&utm_medium=article&utm_campaign=20260421060024
2026-04-21,"교육부, '서아프리카 4개국 교육 전문가' 초청 직업기술교육",0.0,0,0,https://www.nocutnews.co.kr/news/6505226?utm_source=naver&utm_medium=article&utm_campaign=20260421060023
2026-04-21,"불붙는 선거 광고전… “네이버, 후보자 광고는 500만원·정당 광고는 5...",0.0,0,0,https://biz.chosun.com/it-science/ict/2026/04/21/U7LFOLN5GFGRNCIXPF4TBMZH4I/?utm_source=naver&utm_medium=original&utm_campaign=biz
2026-04-21,"중소제조·스타트업에 GPU 264장 공급…""AI 전환 지원""",0.0,0,0,https://www.nocutnews.co.kr/news/6505310?utm_source=naver&utm_medium=article&utm_campaign=20260421060024
2026-04-21,"개국가, 조제 소모품 수급 '버티기'…20~25% 인상 현실화",0.0,0,0,https://www.bosa.co.kr/news/articleView.html?idxno=3003373
2026-04-21,"[인터뷰] 양향자 “경기지사 선거, ‘윤어게인’이나 ‘개딸’들이 좌우...",0.0,0,0,https://www.womennews.co.kr/news/articleView.html?idxno=276522
2026-04-21,[박종면칼럼] 현직 유일 3연임 JB금융 김기홍의 경우,0.0,0,0,https://www.bloter.net/news/articleView.html?idxno=659993
2026-04-21,美 국방부는 막고 NSA는 쓴다…앤트로픽 '미토스' 혼선,0.0,0,0,https://www.news1.kr/it-science/security-hacking/6142176
2026-04-21,"숫자는 돌아섰지만...식품사 올 1분기 실적, 비용 변수는 여전",0.0,0,0,https://www.dnews.co.kr/uhtml/view.jsp?idxno=202604201054328910838
2026-04-21,"6·3지선 여파로 고유가 지원금 지연?…정부 ""차질 없어""",0.0,0,0,https://www.newsis.com/view/NISX20260420_0003598634
2026-04-21,"외부인 접촉 75%가 로펌…공정위, 로비 논란에 보고·징계 규정 강화",0.0,0,0,http://www.edaily.co.kr/news/newspath.asp?newsid=01692486645418416
2026-04-21,"'데뷔 한 달' 에스투잇 ""롱런하고 싶습니다!""[EN:터뷰]",0.0,0,0,https://www.nocutnews.co.kr/news/6505357?utm_source=naver&utm_medium=article&utm_campaign=20260421050523
2026-04-21,"1심 끝난 사건 절반 이상…""3대 특검, 파견 검사 줄여야""",0.0,0,0,https://www.nocutnews.co.kr/news/6505351?utm_source=naver&utm_medium=article&utm_campaign=20260421055124
2026-04-21,"에스투잇 ""뛰면서, 플랭크 하며, 투명의자 자세로 라이브 연습해요""[EN:...",0.0,0,0,https://www.nocutnews.co.kr/news/6505356?utm_source=naver&utm_medium=article&utm_campaign=20260421050031
2026-04-21,[목멱칼럼]성공한 경영자들의 '독특한 단어 정의',0.0,0,0,http://www.edaily.co.kr/news/newspath.asp?newsid=01620326645418416
2026-04-21,"이주환 ""주석수 선택해달라"" 문자 발송…연제, 김희정과 '총선 전쟁' 점...",0.0,0,0,https://www.nocutnews.co.kr/news/6505334?utm_source=naver&utm_medium=article&utm_campaign=20260421054523
2026-04-21,중수청에 인재 뺏길라…경찰 '변호사 심사승진' 당근책,0.0,0,0,https://www.nocutnews.co.kr/news/6505332?utm_source=naver&utm_medium=article&utm_campaign=20260421055223
2026-04-21,"""전쟁 멈추고 유가 하락해도…韓 건설업 충격은 지금부터""",-0.261,0,1,https://www.nocutnews.co.kr/news/6505087?utm_source=naver&utm_medium=article&utm_campaign=20260421050024
2026-04-21,"논란만 키운 장동혁…국힘서도 ""李 SNS 때리러 미국까지 갔나""",0.0,0,0,https://www.nocutnews.co.kr/news/6505346?utm_source=naver&utm_medium=article&utm_campaign=20260421054623
2026-04-21,"'노란봉투법' 이후 첫 노동자 사망…CU 사고, 李정부 노정 시험대",0.0,0,0,https://www.nocutnews.co.kr/news/6505349?utm_source=naver&utm_medium=article&utm_campaign=20260421055125
2026-04-21,고유가 불똥 보험업계로…車보험료 인하 압박에 업계 긴장,0.0,0,0,https://www.nocutnews.co.kr/news/6505265?utm_source=naver&utm_medium=article&utm_campaign=20260421055424
2026-04-21,"SK하이닉스, 1분기 실적 발표 임박…'40조 서프라이즈' 예상까지",0.0,0,0,https://www.nocutnews.co.kr/news/6505241?utm_source=naver&utm_medium=article&utm_campaign=20260421055425
2026-04-21,인간 신기록 깬 로봇…스마트폰 업체가 어떻게 만들었나[영상],0.0,0,0,https://www.nocutnews.co.kr/news/6505318?utm_source=naver&utm_medium=article&utm_campaign=20260421055323
2026-04-21,추미애 지역에 김용 거론…재판 변수에 민주당 깊은 고심,0.0,0,0,https://www.nocutnews.co.kr/news/6505273?utm_source=naver&utm_medium=article&utm_campaign=20260421055423
2026-04-21,해외 공용PC서 만든 한글파일?…대북송금 핵심증거 조작논란,0.0,0,0,https://www.nocutnews.co.kr/news/6505193?utm_source=naver&utm_medium=article&utm_campaign=20260421055424
2026-04-21,"대전시, 긴급차량 접근 정보 실시간 제공",0.0,0,0,https://www.cityfocus.co.kr/news/articleView.html?idxno=240
2026-04-21,"트럼프 ""휴전 종료 시점은 22일 저녁""…하루 또 연장했나",0.0,0,0,https://www.nocutnews.co.kr/news/6505358?utm_source=naver&utm_medium=article&utm_campaign=20260421055123
2026-04-21,"카카오모빌리티, 봉사·여행 결합 '기브셔틀' 3년차 참가자 모집",0.0,0,0,https://www.webeconomy.co.kr/news/articleView.html?idxno=2147712
2026-04-21,"hrtz.wav (하츠웨이브), 귀염뽀짝 포인트 안무→악기 퍼포먼스···‘NIN...",0.0,0,0,https://sports.khan.co.kr/article/202604210233003?pt=nv
2026-04-21,운전자들 꼭 알아야…이제 내비에 ‘이 정보’도 표시된다,0.0,0,0,https://www.wikitree.co.kr/articles/1132349
2026-04-21,영등포구 '청년 1인가구 급식 지원' 사업 확대 운영 개시,0.0,0,0,http://www.lawissue.co.kr/view.php?ud=202604200810297534edd30pn2gj_12
2026-04-21,[브리프]아모레퍼시픽 설화수 더페이스샵 유니클로 外,0.0,0,0,http://www.biztribune.co.kr/news/articleView.html?idxno=352683
2026-04-21,"“난 돈 버는 기계, 이혼만 해줘”…애원하는 ‘일타강사’ 남편 살해한...",0.0,0,0,https://www.sedaily.com/article/20034643?ref=naver
2026-04-21,"중동전쟁 2차 담판 급물살 타나…이란은 참석 검토, 트럼프는 밴스 급파",0.0,0,0,https://www.nocutnews.co.kr/news/6505354?utm_source=naver&utm_medium=article&utm_campaign=20260421121521
2026-04-21,"진주 화물연대 참사…정부 ""책임 묻겠다"" 장관도 밤늦게 현장행",0.0,0,0,https://www.nocutnews.co.kr/news/6505355?utm_source=naver&utm_medium=article&utm_campaign=20260421121921
2026-04-21,도로교통공단 '긴급 차량 접근 정보 안내 서비스' 운영,0.0,0,0,https://www.kado.net/news/articleView.html?idxno=2045869
2026-04-21,정부 'K-AI 시티' 선정 앞두고 스마트도시법 개정 추진,0.0,0,0,https://www.kado.net/news/articleView.html?idxno=2045888
2026-04-21,"""예산 1조원 시대 연 검증된 일꾼…'더 큰 홍천' 만들 것""",0.0,0,0,https://www.kado.net/news/articleView.html?idxno=2045863
2026-04-21,AI 스택 워즈(Stack Wars) - 수직적 지배력의 재편과 파편화된 기술 주권,0.0,0,0,http://www.ilemonde.com/news/articleView.html?idxno=22245
2026-04-21,"양산, 정부지원금 신청후 경남지원금도 신청을",0.0,0,0,https://www.ksilbo.co.kr/news/articleView.html?idxno=1054625
2026-04-21,"""직장 상사 폰에 내 SNS 사진이""… 단순 저장 처벌 가능할까",0.0,0,0,https://www.newsis.com/view/NISX20260420_0003597602
2026-04-20,"경주시, 고유가 지원 사칭 스미싱‧보이스피싱 주의 당부",0.0,0,0,https://www.sentv.co.kr/article/view/sentv202604190032
2026-04-20,"퓨라토스 코리아, ‘2026 벨코나잇’ 통해 벨코라데 신제품과 초콜릿 아...",0.0,0,0,https://sports.khan.co.kr/article/202604202306003?pt=nv
2026-04-20,[신문과 놀자!/디지털 세상과 정보]“독도는 우리땅” 망설임 없이 답할...,0.0,0,0,https://www.donga.com/news/Opinion/article/all/20260420/133776691/2
2026-04-20,"내비게이션이 알려주는 '긴급차량 접근'…한국도로교통공단, 전국 최초...",0.0,0,0,https://www.cstimes.com/news/articleView.html?idxno=702643
2026-04-20,"모디 ""韓 전담데스크 설치하겠다""…인도 진출기업 지원",0.0,0,0,https://www.nocutnews.co.kr/news/6505353?utm_source=naver&utm_medium=article&utm_campaign=20260420110520
2026-04-20,[AT 현장]고급 세단의 정수 ‘아우디 A6’ 귀환...E클래스·5시리즈 정조...,0.0,0,0,https://www.asiatime.co.kr/article/20260420500417
2026-04-20,"민주당 평택시장 후보 최원용 확정…""원팀으로 승리할 것""",0.0,0,0,https://www.nocutnews.co.kr/news/6505352?utm_source=naver&utm_medium=article&utm_campaign=20260420105520
2026-04-20,"[단독] 송치영 소공연 회장 “유기준, 선거 뒤 기소돼 봐야 소용없어…...",0.0,0,0,https://m.skyedaily.com/news_view.html?ID=302689
2026-04-20,"김포시장 민주 후보 '李파트너' 이기형 확정…""본선 경쟁력 극대화""",0.0,0,0,https://www.nocutnews.co.kr/news/6505350?utm_source=naver&utm_medium=article&utm_campaign=20260421054723
2026-04-20,"김건희 ""김혜경 수사미진 의문""…박성재 재판서 문자메시지 공개",0.0,0,0,https://www.nocutnews.co.kr/news/6505348?utm_source=naver&utm_medium=article&utm_campaign=20260420103220
2026-04-20,"중동전쟁 2차 담판 코앞인데…""이란은 내분, 레바논은 독자노선""",0.0,0,0,https://www.nocutnews.co.kr/news/6505347?utm_source=naver&utm_medium=article&utm_campaign=20260420101720
2026-04-20,"""공기저항 0.23·티맵 탑재""…아우디, '더 뉴 A6'로 한국시장 `정조준`",0.0,0,0,https://www.gpkorea.com/news/articleView.html?idxno=142038
2026-04-20,"디앤케이플래닝, 자체 가방 브랜드 '피아쁘' 재시동",0.0,0,0,http://www.apparelnews.co.kr/news/news_view/?idx=224775
2026-04-20,"예장 통합, ""마을과 교회를 잇는 새로운 상상력 필요""",0.0,0,0,https://www.nocutnews.co.kr/news/6505282?utm_source=naver&utm_medium=article&utm_campaign=20260420100019
2026-04-20,"한-인도, CEPA 개선 협상 재개…李 ""에너지·나프타 협력""",0.0,0,0,https://www.nocutnews.co.kr/news/6505345?utm_source=naver&utm_medium=article&utm_campaign=20260420095920
2026-04-20,"박종원 민주당 담양군수 후보 ""예산 1조 원 시대·AI 농업 중심지로 도약...",0.0,0,0,https://www.ikbc.co.kr/article/view/kbc202604200076
2026-04-20,"경남여심위, 당내경선 여론조사 ‘거짓응답 유도’ 4명 고발",0.0,0,0,https://www.kukinews.com/article/view/kuk202604200222
2026-04-20,"李대통령 ""호르무즈 자유로운 항행 위해 인도와 긴밀히 소통할 것""",0.0,0,0,https://www.nocutnews.co.kr/news/6505344?utm_source=naver&utm_medium=article&utm_campaign=20260420095219
2026-04-20,"설화수, 피부에 생기와 윤기를 더해주는 '윤조에센스미스트' 출시",0.0,0,0,https://www.geconomy.co.kr/news/article.html?no=319569
2026-04-20,"""약사끼리 만나자"" 경남약사회 '인연 조제' 프로젝트 가동",0.0,0,0,https://www.kpanews.co.kr/news/articleView.html?idxno=533357
2026-04-20,전북 무주에 한파주의보…오는 21일 낮부터 기온 회복,0.0,0,0,https://www.nocutnews.co.kr/news/6505343?utm_source=naver&utm_medium=article&utm_campaign=20260420094619
2026-04-20,"서울교육감 단일화 '파열음'...시민회의 ""류수노 단일화 불복은 합의 위...",0.0,0,0,https://www.thepublic.kr/news/articleView.html?idxno=301851
2026-04-20,경남 내비에 '소방차 접근' 전국 첫 실시간 알림,0.0,0,0,https://www.ulsanpress.net/news/articleView.html?idxno=573583
2026-04-20,고유가 피해지원금 신청 정보 국민비서앱 알림 서비스 실시,0.0,0,0,https://www.ulsanpress.net/news/articleView.html?idxno=573661
2026-04-20,"양산시, 27일 고유가피해지원금 1차 지급",0.0,0,0,https://www.ulsanpress.net/news/articleView.html?idxno=573587
2026-04-20,"일본, 후발 지진 주의 정보 발령…""일주일간 강진 가능성"" 경고",0.0,0,0,https://www.nocutnews.co.kr/news/6505341?utm_source=naver&utm_medium=article&utm_campaign=20260420093519
2026-04-20,"한경협 류진 회장 ""韓·印 경제 협력 우선 분야는 조선""",0.0,0,0,https://www.nocutnews.co.kr/news/6505230?utm_source=naver&utm_medium=article&utm_campaign=20260420101920
2026-04-20,[비즈투데이] 카카오모빌리티 '기브셔틀 2026' 전개,0.0,0,0,https://www.obsnews.co.kr/news/articleView.html?idxno=1521710
2026-04-20,'고수익 미끼' 수백억원 금 투자금 가로챈 50대 불구속 송치,0.0,0,0,https://www.nocutnews.co.kr/news/6505340?utm_source=naver&utm_medium=article&utm_campaign=20260420091819
2026-04-20,"포스코, 5.3조 투자해 '22년 숙원' 印 제철소 짓는다…年600만 톤 생산",0.0,0,0,https://www.nocutnews.co.kr/news/6505337?utm_source=naver&utm_medium=article&utm_campaign=20260420090819
2026-04-20,[자투리 뉴스] 고객 접점 넓히며 사업 다변화 잰걸음,0.0,0,0,https://www.seoultimes.news/news/article.html?no=2000095210
2026-04-20,동행축제로의 초대,0.0,0,0,http://www.cctimes.kr/news/articleView.html?idxno=902930
2026-04-20,"달서구, 착한가격업소 확대로 상권 활력 팍팍",0.0,0,0,https://www.ksmnews.co.kr/news/view.php?idx=601390
2026-04-20,"아우디, 신형 A6 선봬… ""한국은 핵심 전략 시장""",0.0,0,0,https://it.chosun.com/news/articleView.html?idxno=2023092160647
2026-04-20,"될너 아우디 회장 ""한국은 글로벌 벤치마크…아픔 딛고 신뢰 회복하겠다...",0.322,1,0,https://www.newsway.co.kr/news/view?ud=2026042017011194541
2026-04-20,"상주시보건소, 워크온 신규가입 이벤트 실시",0.0,0,0,https://www.ksmnews.co.kr/news/view.php?idx=601257
2026-04-20,"네이버, 印 최대 IT기업 타타 컨설팅 서비스와 업무협약",0.0,0,0,https://www.nocutnews.co.kr/news/6505255?utm_source=naver&utm_medium=article&utm_campaign=20260420091219
2026-04-20,"특검, '박정훈 구속영장 허위 기재' 군검사들에 실형 구형",0.0,0,0,https://www.nocutnews.co.kr/news/6505330?utm_source=naver&utm_medium=article&utm_campaign=20260420083019
2026-04-20,"검찰, '인플루언서 수사무마 의혹' 경찰관 구속영장 청구",0.0,0,0,https://www.nocutnews.co.kr/news/6505329?utm_source=naver&utm_medium=article&utm_campaign=20260420081619
2026-04-20,"경찰, 화물연대 조합원 사망 사건 '전담수사팀' 구성",0.0,0,0,https://www.nocutnews.co.kr/news/6505328?utm_source=naver&utm_medium=article&utm_campaign=20260420080119
2026-04-20,"디올뉴 일렉트릭 'C클래스', '베이비 벤츠' 명성 전기차로 잇다",0.322,1,0,https://www.nocutnews.co.kr/news/6505164?utm_source=naver&utm_medium=article&utm_campaign=20260420080018
2026-04-20,"경남선거여론조사심의위, 당내경선 거짓응답 유도한 4명 고발",0.0,0,0,https://www.gnnews.co.kr/news/articleView.html?idxno=635341
2026-04-20,아우디 코리아 사활 건 '더 뉴 A6' 출시… 게르놋 될너 본사 회장까지 방...,0.0,0,0,https://www.wikitree.co.kr/articles/1132530
2026-04-20,"블랙핑크 지수 측, '성추행 의혹' 친오빠와 선 긋기…""본인·회사와 무관...",0.0,0,0,https://www.nocutnews.co.kr/news/6505327?utm_source=naver&utm_medium=article&utm_campaign=20260420075118
2026-04-20,"李대통령, 간디 묘단에 꽃잎 뿌리며 ""온 세상 평화 가득하길""[노컷브이...",0.0,0,0,https://www.nocutnews.co.kr/news/6505326?utm_source=naver&utm_medium=article&utm_campaign=20260420074918
2026-04-20,[바코 인사이드] ‘리바운드’ 명지중 고영우에게 가장 중요한 것,0.0,0,0,https://basketkorea.com/news/newsview.php?ncode=1065609735817070
2026-04-20,"아우디 준대형 세단 'A6' 9세대 출시…""韓서 정상궤도 복귀""(종합)",0.0,0,0,https://www.news1.kr/industry/auto-industry/6142899
2026-04-20,"충남도, 고유가 피해지원금 신청 지원 '국민비서 알림 서비스' 20일 시행",0.0,0,0,https://www.gukjenews.com/news/articleView.html?idxno=3561789
2026-04-20,"'지각' 획정에 충북 선거판 '혼돈'…청주·제천·옥천 ""지각변동""",0.0,0,0,https://www.nocutnews.co.kr/news/6505325?utm_source=naver&utm_medium=article&utm_campaign=20260420073519
2026-04-20,"강대식 ""대구시장 후보 미결정에 결집 부족…기초 경선 후 원팀 돼야""",0.0,0,0,https://www.nocutnews.co.kr/news/6505323?utm_source=naver&utm_medium=article&utm_campaign=20260420073518
2026-04-20,GS건설·현대건설 일제히 현장 안전 시스템 강화 나서,0.0,0,0,https://www.nocutnews.co.kr/news/6505321?utm_source=naver&utm_medium=article&utm_campaign=20260420073418
2026-04-20,"이재용 회장, 인도 생산 삼성폰으로 李대통령·모디 총리와 '셀카'",0.0,0,0,https://www.nocutnews.co.kr/news/6505320?utm_source=naver&utm_medium=article&utm_campaign=20260420072518
2026-04-20,"'최대 실적에도 주가 역방향' 카카오, 100개 넘던 계열사 '군살' 빼고 AI...",0.625,2,1,https://www.newsquest.co.kr/news/articleView.html?idxno=264994
2026-04-20,"""결국 지상파서 월드컵 본다""…JTBC·KBS, 공동 중계 합의",0.0,0,0,https://www.nocutnews.co.kr/news/6505319?utm_source=naver&utm_medium=article&utm_campaign=20260420072018
2026-04-20,'가짜 정보 클릭 안돼요'…고유가 피해지원금 스미싱 경고등,0.0,0,0,https://www.joongboo.com/news/articleView.html?idxno=363723410
2026-04-21,[AI시대의 그늘-고객센터 ⑯] 상담원 연결 '산 넘어 산'...ARS·챗봇 게이...,0.0,0,0,http://www.consumernews.co.kr/news/articleView.html?idxno=752963
2026-04-21,"[기자 칼럼] 옹진군 짚라인 ""흑색선전인가, 책임 회피인가""",0.0,0,0,http://www.enewstoday.co.kr/news/articleView.html?idxno=2421113
2026-04-21,"코인원에 ‘러브콜’ 한국투자증권, ‘카뱅’과 삼각동맹 완성할까",0.0,0,0,https://news.dealsitetv.com/articles/168888
2026-04-21,"송미령 장관, 베트남 방문…농업협력 강화 및 K-푸드 수출 확대 모색",0.0,0,0,https://www.nocutnews.co.kr/news/6505393?utm_source=naver&utm_medium=article&utm_campaign=20260421081925
2026-04-21,"아우디 회장 “한국은 글로벌 벤치마크, 장기 투자 이어갈 것”",0.0,0,0,https://www.dnews.co.kr/uhtml/view.jsp?idxno=202604131057473470970
2026-04-21,부산 학장교차로 인근 8중 추돌사고…2명 경상,0.0,0,0,https://www.nocutnews.co.kr/news/6505392?utm_source=naver&utm_medium=article&utm_campaign=20260421081225
2026-04-21,[포토] ‘은평걷기ON’ 걷기 동아리 모집,0.0,0,0,http://www.edaily.co.kr/news/newspath.asp?newsid=02548566645418416
2026-04-21,"5월 황금연휴, 청주 문화도시주간 ‘봄소풍’에서 즐기세요",0.0,0,0,https://www.joongdo.co.kr/web/view.php?key=20260421010006286
2026-04-21,아우디 ‘효자’ 신형 ‘더 뉴 아우디 A6’ 등판했다,0.0,0,0,https://sports.khan.co.kr/article/202604210806013?pt=nv
2026-04-21,8년 만에 돌아오는 아우디 A6…연비 개선했다는데 가격은 얼마부터?,0.0,0,0,https://www.mk.co.kr/article/12022415
2026-04-21,"'클린스만 아들' 伊 2부 GK 조너선, 경추 골절로 시즌 아웃",0.0,0,0,https://www.nocutnews.co.kr/news/6505389?utm_source=naver&utm_medium=article&utm_campaign=20260421080225
2026-04-21,고유가지원금 27일부터 신청…기준·지급일은?,0.0,0,0,https://www.bntnews.co.kr/article/view/bnt202604210033
2026-04-21,"'삼성 스마트 홈 기술', 이케아 신제품 25종과 결합",0.0,0,0,https://www.nocutnews.co.kr/news/6505236?utm_source=naver&utm_medium=article&utm_campaign=20260421080024
2026-04-21,"신장식 ""유의동, 조국 평택 몰라? 본인은 3선하며 뭐했나?""[한판승부]",0.0,0,0,https://www.nocutnews.co.kr/news/6505338?utm_source=naver&utm_medium=article&utm_campaign=20260421080025
2026-04-21,"청주시, 5월 1~5일 문화도시주간 '봄소풍'…피크닉콘서트·어린이뮤지컬...",0.0,0,0,https://news.bbsi.co.kr/news/articleView.html?idxno=4079519
2026-04-21,"[지자체 이슈] 진천군, 벼 종자 발아율 저하 대응… 못자리 관리 현장 지...",0.0,0,0,http://www.queen.co.kr/news/articleView.html?idxno=455427
2026-04-21,거제정원산업박람회 24일 개막…정원으로 세대·문화 잇는다,0.0,0,0,https://www.nocutnews.co.kr/news/6505388?utm_source=naver&utm_medium=article&utm_campaign=20260421075624
2026-04-21,"웅진식품, 50주년 패키지 '카카오 라방'서 최대 54% 할인",0.0,0,0,https://www.slist.kr/news/articleView.html?idxno=733351
2026-04-21,"카카오페이, 증권 호조·AI 결제 생태계 기대-NH",0.682,2,0,http://www.edaily.co.kr/news/newspath.asp?newsid=02460006645418416
2026-04-21,[브리프] 롯데호텔 제주신라 에버랜드 제주항공 하나투어,0.0,0,0,http://www.biztribune.co.kr/news/articleView.html?idxno=352720
2026-04-21,전북 아침기온 영하권…황사 영향에 미세먼지는 '매우 나쁨',0.0,0,0,https://www.nocutnews.co.kr/news/6505384?utm_source=naver&utm_medium=article&utm_campaign=20260421074724
2026-04-21,"거가대교 통행료 장벽 허물기…서일준, 조세특례제한법 개정안 발의",0.0,0,0,https://www.nocutnews.co.kr/news/6505386?utm_source=naver&utm_medium=article&utm_campaign=20260421074725
2026-04-21,[브리프] 현대차 제네시스 르노코리아 한국타이어 넥센타이어 티맵모빌...,0.0,0,0,http://www.biztribune.co.kr/news/articleView.html?idxno=352719
2026-04-21,"""해수부 부산시대 대비"" 부산시, 6.7조 투입해 '해양허브' 굳힌다",0.0,0,0,https://www.nocutnews.co.kr/news/6505382?utm_source=naver&utm_medium=article&utm_campaign=20260421074024
2026-04-21,'韓 프리미어리거 전멸 위기' 황희찬과 울버햄프턴도 2부 강등,0.0,0,0,https://www.nocutnews.co.kr/news/6505380?utm_source=naver&utm_medium=article&utm_campaign=20260421073724
2026-04-21,"""백화점 지하에 카멜레온이?"" 센텀시티로 온 '도심 속 정글'",0.0,0,0,https://www.nocutnews.co.kr/news/6505379?utm_source=naver&utm_medium=article&utm_campaign=20260421073324
2026-04-21,"노영희 ""尹 변호사 윤갑근 결선 충격, 윤어게인 먹히다니""[한판승부]",0.0,0,0,https://www.nocutnews.co.kr/news/6505335?utm_source=naver&utm_medium=article&utm_campaign=20260421073024
2026-04-21,"'책무구조도' 시행 은행권, 운영체계 '각개전투'",0.0,0,0,https://weekly.hankooki.com/news/articleView.html?idxno=7160289
2026-04-21,정부 GPU 2차 사업 5파전...쿠팡 '재도전' 주목,0.0,0,0,https://www.digitaltoday.co.kr/news/articleView.html?idxno=658512
2026-04-21,[핀테크핫이슈] 자본시장 규제 강화…마이데이터 전면 확대,-0.322,0,1,https://www.digitaltoday.co.kr/news/articleView.html?idxno=658491
2026-04-21,[창간 19주년/AX코리아⑤] AI로 공공 서비스 UX 혁명 가능할까?,0.0,0,0,https://www.digitaltoday.co.kr/news/articleView.html?idxno=658654
2026-04-21,"SK브로드밴드, 전 직원 AI 교육…“퍼포머 400명 육성”",0.0,0,0,https://www.sedaily.com/article/20034922?ref=naver
2026-04-21,"두나무·네이버파이낸셜 IPO, 중복상장 막히자 해외로?",0.0,0,0,https://www.sisaon.co.kr/news/articleView.html?idxno=200422
2026-04-21,"""우울할 땐 밖으로"" 부산시, 공원에 마음 처방전 '햇볕충전소' 연다",0.0,0,0,https://www.nocutnews.co.kr/news/6505375?utm_source=naver&utm_medium=article&utm_campaign=20260421072924
2026-04-21,"""인공지능이 불러온 전력폭증"" 2026 부산국제원자력산업전 개막",0.0,0,0,https://www.nocutnews.co.kr/news/6505376?utm_source=naver&utm_medium=article&utm_campaign=20260421072824
2026-04-21,거제대 '산업전환 공동훈련센터' 유치…조선업 핵심 인력 양성,0.0,0,0,https://www.nocutnews.co.kr/news/6505372?utm_source=naver&utm_medium=article&utm_campaign=20260421072625
2026-04-21,"다카이치, 취임 후 첫 야스쿠니 예대제에 공물…참배는 피한듯",0.0,0,0,https://www.nocutnews.co.kr/news/6505369?utm_source=naver&utm_medium=article&utm_campaign=20260421072624
2026-04-21,"때늦은 한파에 황사까지…출근길 '쌀쌀', 낮엔 20도 안팎",0.0,0,0,https://www.nocutnews.co.kr/news/6505370?utm_source=naver&utm_medium=article&utm_campaign=20260421072224
2026-04-21,"[유통업계 이모저모] 롯데백화점 ''키즈 아트 스테이션(KiAS)' 첫 선', 동...",0.0,0,0,http://www.bizwnews.com/news/articleView.html?idxno=134364
2026-04-21,경남 농가 인구 30년 새 65% 급감…'스마트 기계화'로 농업 위기 돌파,0.261,1,0,https://www.nocutnews.co.kr/news/6505368?utm_source=naver&utm_medium=article&utm_campaign=20260421071524
2026-04-21,[돈돈돈] 적금금리 2% 시대… 최대 16.9% '청년미래적금' 가입해볼까,0.0,0,0,https://www.newscj.com/news/articleView.html?idxno=3395136
2026-04-21,"라면·즉석밥·과일까지…편의점업계, 대규모 할인행사 들어가는 이유는",0.0,0,0,https://www.mk.co.kr/article/12022403
2026-04-21,"서상민 카이아 의장 ""원화 스테이블코인, 더 늦으면 뒤집기 어렵다""",0.0,0,0,http://www.edaily.co.kr/news/newspath.asp?newsid=02374726645418416
2026-04-21,"韓-인도, CEPA협상 재개선언·산업협력委 설치 등 15건 MOU 채결",0.0,0,0,https://www.tfmedia.co.kr/news/article.html?no=203896
2026-04-21,'대학에서 정주까지'…경남도·13개 기관 뭉친 '미래차 앵커 모델' 가동,0.0,0,0,https://www.nocutnews.co.kr/news/6505366?utm_source=naver&utm_medium=article&utm_campaign=20260421070524
2026-04-21,[Invest]칼라일 코리아의 흔들리는 위상을 보여준 '체어맨'(Chairman) 배출,0.0,0,0,https://www.investchosun.com/site/data/html_dir/2026/04/20/2026042080158.html
2026-04-21,"차선 변경, 양보 운전도 ‘척척’… 상업 운행 들어간 강남 자율주행택...",0.0,0,0,https://weekly.donga.com/3/all/11/6192022/1
2026-04-21,"[더벨][e스포츠 산업 리포트] T1, 창사 이래 첫 '턴어라운드' 신사업 확...",0.462,1,0,https://www.thebell.co.kr/free/content/ArticleView.asp?key=202604171225297840102124
2026-04-21,"[더벨]카카오엔터, 2년 연속 매출 축소 '성장 제동'",0.322,1,0,https://www.thebell.co.kr/free/content/ArticleView.asp?key=202604171435039040109432
2026-04-21,"장성철 ""장동혁, '한동훈 지원' 진종오 당원권 정지할 수도""[한판승부]",0.0,0,0,https://www.nocutnews.co.kr/news/6505336?utm_source=naver&utm_medium=article&utm_campaign=20260421070025
2026-04-21,[단독]국감 불참 음주난동 판사들 고발했지만…불기소 왜?,0.0,0,0,https://www.nocutnews.co.kr/news/6505312?utm_source=naver&utm_medium=article&utm_campaign=20260421070024
2026-04-21,"""요즘 누가 TV 보나요""…생존 기로 놓인 홈쇼핑",0.0,0,0,https://news.bizwatch.co.kr/article/consumer/2026/04/20/0037
2026-04-21,웹툰에 뮤지컬까지...유한양행만의 특별한 100주년,0.0,0,0,https://isplus.com/article/view/isp202604200189
2026-04-21,"롯데호텔 월드, 라이언 10주년 기념 가정의달 프로모션",0.0,0,0,https://www.slist.kr/news/articleView.html?idxno=733317
2026-04-21,경남도·우주항공청 'K-스페이스' 도약 맞손…내년 국비 확보 총력,0.0,0,0,https://www.nocutnews.co.kr/news/6505364?utm_source=naver&utm_medium=article&utm_campaign=20260421065324
2026-04-21,"롯데호텔 월드, 라이언 탄생 10주년 기념 가정의 달 프로모션 선봬",0.0,0,0,http://www.beyondpost.co.kr/view.php?ud=202604210652367905d3244b4fed_30
2026-04-21,"애플 팀 쿡, 15년만에 CEO서 물러나…후임은 존 터너스",0.0,0,0,https://www.nocutnews.co.kr/news/6505362?utm_source=naver&utm_medium=article&utm_campaign=20260421065224
2026-04-21,"박완수·김경수, 장애인날 기념식 나란히…""당연한 일상 보장"" 한 목소리",0.0,0,0,https://www.nocutnews.co.kr/news/6505361?utm_source=naver&utm_medium=article&utm_campaign=20260421064624
2026-04-21,"트럼프 ""핵 합의, JCPOA보다 나을 것""…가이드라인 정했나",0.0,0,0,https://www.nocutnews.co.kr/news/6505359?utm_source=naver&utm_medium=article&utm_campaign=20260421063624
2026-04-22,재난지원금·소비쿠폰 이어 고유가까지…'국민 지원창구' 카드사의 딜레...,0.0,0,0,https://www.news1.kr/finance/general-finance/6144279
2026-04-22,[기자노트] 미토스발 AI 해킹 충격…절실한 자성의 목소리,0.0,0,0,https://www.sidae.com/article/2026042115563511895
2026-04-22,"서울시, ETAX 전자사서함 서비스 시행…고지서 열람·납부 '원스톱'",0.0,0,0,http://www.edaily.co.kr/news/newspath.asp?newsid=02079526645418744
2026-04-22,소방차 접근 땐 내비가 미리 알려준다,0.0,0,0,https://www.segye.com/newsView/20260421513959?OutUrl=naver
2026-04-22,"임성재, KPGA 투어에 뜬다…우리금융챔피언십 3회 우승 도전",0.0,0,0,https://www.nocutnews.co.kr/news/6506005?utm_source=naver&utm_medium=article&utm_campaign=20260422060039
2026-04-22,'유치원급식 현장소통단' 공동연수…'개선 과제' 논의,0.0,0,0,https://www.nocutnews.co.kr/news/6505862?utm_source=naver&utm_medium=article&utm_campaign=20260422060036
2026-04-22,'석탄석유' 28년만에 최대폭 상승…생산자물가 7개월째 올라,0.261,1,0,https://www.nocutnews.co.kr/news/6505883?utm_source=naver&utm_medium=article&utm_campaign=20260422060037
2026-04-22,"대구 맑은물 공급사업, 예타통과 4년 만에 타당성조사 착수",0.0,0,0,https://www.nocutnews.co.kr/news/6505942?utm_source=naver&utm_medium=article&utm_campaign=20260422060038
2026-04-22,싼타페 등 현대차 24만대 '안전띠 고정장치 설계 미흡' 리콜,0.0,0,0,https://www.nocutnews.co.kr/news/6505932?utm_source=naver&utm_medium=article&utm_campaign=20260422060038
2026-04-22,"'연간 20억 원 원유 대체' 51억 원 투입된 군위 수상 태양광, 가동 언제...",0.0,0,0,https://www.nocutnews.co.kr/news/6505856?utm_source=naver&utm_medium=article&utm_campaign=20260422060036
2026-04-22,고지서 열람·세금 납부 한번에…ETAX 전자사서함 서비스 시행,0.0,0,0,https://www.yna.co.kr/view/AKR20260421161100004?input=1195m
2026-04-22,"독이 된 중복상장… SK그룹·카카오·LG화학, 주가 반토막",-0.261,0,1,https://it.chosun.com/news/articleView.html?idxno=2023092160711
2026-04-22,"서울시, ETAX '전자사서함' 도입…고지서 확인부터 납부까지 한 번에",0.0,0,0,https://www.news1.kr/local/moi/6144274
2026-04-22,"""이란, 22일 2차 종전 협상 불참 확정""",0.0,0,0,https://www.nocutnews.co.kr/news/6506030?utm_source=naver&utm_medium=article&utm_campaign=20260422055335
2026-04-22,"트럼프 ""이란이 통일된 제안 내놓을 때까지 휴전 연장""",0.0,0,0,https://www.nocutnews.co.kr/news/6506029?utm_source=naver&utm_medium=article&utm_campaign=20260422055336
2026-04-22,고액 주담대 '출연료 부담' 떠안은 은행…금리 선제적 인하,0.0,0,0,https://www.news1.kr/finance/general-finance/6143994
2026-04-22,"""쉐프 협업·한정판으로 승부건다"" 버거업계, 이색 신메뉴 경쟁 '후끈'",0.0,0,0,https://www.newsis.com/view/NISX20260421_0003600182
2026-04-22,"이란 ""2차 종전 협상 참여 미정…미국 탓""",0.0,0,0,https://www.nocutnews.co.kr/news/6506028?utm_source=naver&utm_medium=article&utm_campaign=20260422055435
2026-04-22,미국·이란 '2차 협상' 불투명…휴전 만료 임박·긴장 고조,0.0,0,0,https://www.nocutnews.co.kr/news/6506027?utm_source=naver&utm_medium=article&utm_campaign=20260422055535
2026-04-22,"서울아레나 중심으로 ‘K-엔터타운, 창동’ 조성한다",0.0,0,0,https://www.seoul.co.kr/news/publicnews/local_govern/news_local/2026/04/22/20260422019004?wlog_tag3=naver
2026-04-22,부산해수청 건물 50살 넘기나…합동청사 표류에 '희망고문',0.0,0,0,https://www.nocutnews.co.kr/news/6505758?utm_source=naver&utm_medium=article&utm_campaign=20260422050036
2026-04-22,‘관계 중심 경영’ 성과 빛났다,0.0,0,0,https://www.nongmin.com/article/20260420500616
2026-04-22,4차 최고가 발표 앞두고…휘발윳값 인상·동결 '딜레마',0.0,0,0,https://www.nocutnews.co.kr/news/6505941?utm_source=naver&utm_medium=article&utm_campaign=20260422050039
2026-04-22,[단독]브로커 낀 '1만2천톤 폐기물 암매립'…검찰·환경부 합동수사로 ...,0.0,0,0,https://www.nocutnews.co.kr/news/6506022?utm_source=naver&utm_medium=article&utm_campaign=20260422050045
2026-04-22,"[칼럼]거인이 쏘아올린 공, 그 결말은?",0.0,0,0,https://www.nocutnews.co.kr/news/6505797?utm_source=naver&utm_medium=article&utm_campaign=20260422050038
2026-04-22,국힘 경기지사 우여곡절 끝 3파전…벌써부터 '회의론',0.0,0,0,https://www.nocutnews.co.kr/news/6506019?utm_source=naver&utm_medium=article&utm_campaign=20260422050044
2026-04-22,"[단독]故김수미 임금 체납 뮤지컬 '친정엄마' 제작사, 경매 절차 받아",0.0,0,0,https://www.nocutnews.co.kr/news/6506001?utm_source=naver&utm_medium=article&utm_campaign=20260422050040
2026-04-22,"김승일 모두의연구소 대표 ""채용 절벽 시대, 능동적 실행력 갖춰야""",0.0,0,0,https://www.ddaily.co.kr/page/view/2026042117453538785
2026-04-22,정청래의 딜레마…송영길 공천 3개 시나리오 무한 루프,0.0,0,0,https://www.nocutnews.co.kr/news/6506018?utm_source=naver&utm_medium=article&utm_campaign=20260422050042
2026-04-22,"[칼럼]숫자는 맞았고, 전쟁은 틀렸다",0.0,0,0,https://www.nocutnews.co.kr/news/6505923?utm_source=naver&utm_medium=article&utm_campaign=20260422050039
2026-04-22,"심사 떨어지자 ""도움 필요하죠?"" 이메일…'중진공 브로커' 여전",0.0,0,0,https://www.nocutnews.co.kr/news/6505977?utm_source=naver&utm_medium=article&utm_campaign=20260422050040
2026-04-22,의정부 반환 미군 공여지들 장기간 방치…대책 시급[영상],0.0,0,0,https://www.nocutnews.co.kr/news/6505698?utm_source=naver&utm_medium=article&utm_campaign=20260422050036
2026-04-22,"[단독]토스뱅크, 애플페이 출시날까지 잡고도 돌연 '보류'",0.0,0,0,https://www.nocutnews.co.kr/news/6506003?utm_source=naver&utm_medium=article&utm_campaign=20260422050041
2026-04-22,"CU 사태 속 화물노동자 '자영업자'로 규정한 노동부, 왜?[영상]",0.0,0,0,https://www.nocutnews.co.kr/news/6505917?utm_source=naver&utm_medium=article&utm_campaign=20260422050038
2026-04-22,"[단독]""내가 특보?""…'K뷰티' 약손명가, 선거철 尹조직 활동했나",0.0,0,0,https://www.nocutnews.co.kr/news/6506017?utm_source=naver&utm_medium=article&utm_campaign=20260422050041
2026-04-22,"미래에셋생명, AI 활용 ETF 변액펀드 수익률 60.5% 달성",0.0,0,0,https://www.nocutnews.co.kr/news/6505825?utm_source=naver&utm_medium=article&utm_campaign=20260422050037
2026-04-22,"[강성원의 현장톡(TALK)] 주광덕 남양주시장, 인구만 늘어난 '일자리 없...",0.0,0,0,http://www.fieldnews.kr/news/articleView.html?idxno=28073
2026-04-22,머니투데이 오프라인 헤드라인-22일,0.0,0,0,https://www.mt.co.kr/stock/2026/04/22/2026042122481232531
2026-04-22,美-이란 협상 촉각…원유 들였지만 고유가 쇼크 안 끝난다,0.0,0,0,https://www.nocutnews.co.kr/news/6505910?utm_source=naver&utm_medium=article&utm_campaign=20260422044535
2026-04-22,"10년 동안 아무도 몰랐다…동대문 건물 한 층, 들어가보니 ‘이것’ 우...",0.0,0,0,https://www.wikitree.co.kr/articles/1132567
2026-04-22,"주한미군사령관 ""한반도 배치 사드, 옮기지 않았다"" 확인",0.0,0,0,https://www.nocutnews.co.kr/news/6506026?utm_source=naver&utm_medium=article&utm_campaign=20260422055436
2026-04-22,은행권 ‘모임통장’ 大戰,0.0,0,0,https://www.chosun.com/economy/economy_general/2026/04/22/QS5EGSXQ2JFWFPKQSSFSO5JQEA/?utm_source=naver&utm_medium=referral&utm_campaign=naver-news
2026-04-22,[송세영 특파원의 여기는 베이징] 차이나 머니 파워… 美보다 中에 더 ...,-0.38,0,1,https://www.kmib.co.kr/article/view.asp?arcid=1776752461&code=11142200&cp=nv
2026-04-22,"강원 여심위, 여론조사서 거짓응답 권유·유도한 3명 고발",0.0,0,0,https://www.kado.net/news/articleView.html?idxno=2046140
2026-04-22,"""고유가 피해지원금 특수 잡아라"", 편의점 4사, 고객 선점경쟁 후끈",0.0,0,0,https://www.ksilbo.co.kr/news/articleView.html?idxno=1054698
2026-04-22,"[창간 26주년 특집] 인터넷은행 3사, 고객 5700만 시대...플랫폼·AI 경쟁...",0.0,0,0,https://www.wolyo.co.kr/news/articleView.html?idxno=310958
2026-04-22,'민생지원금 3차 지급일 확인' 온-오프라인 신청방법과 지급 방식,0.0,0,0,https://www.gukjenews.com/news/articleView.html?idxno=3562852
2026-04-21,"[사설]‘쿠팡 김범석 총수 지정’ 이달 결론… 차별도, 특혜도 없어야",0.0,0,0,https://www.donga.com/news/Opinion/article/all/20260421/133786112/2
2026-04-21,[브리프] 롯데호텔 한화호텔 신라스테이 놀유니버스 여기어때,0.0,0,0,http://www.biztribune.co.kr/news/articleView.html?idxno=352812
2026-04-21,"엔비디아의 '포스트 GPU' 네모트론과 네모클로, 소버린AI와 에이전트AI ...",0.0,0,0,https://www.thelec.kr/news/articleView.html?idxno=55440
2026-04-21,"에이전트·풀스택·피지컬AI…국내 IT 전선, AI 키워드 삼국지",0.0,0,0,https://www.pointdaily.co.kr/news/articleView.html?idxno=302176
2026-04-21,"대전시, 긴급차량 알림 서비스 시행... 실시간 위치 제공 최초 도입",0.0,0,0,https://www.ggilbo.com/news/articleView.html?idxno=1153630
2026-04-21,"국힘 부산시당, 광역 3곳·기초 4곳 후보 확정",0.0,0,0,https://www.nocutnews.co.kr/news/6506016?utm_source=naver&utm_medium=article&utm_campaign=20260421103432
2026-04-21,"청년단체, 민주당 통합특별시 청년비례 후보 사퇴 촉구",0.0,0,0,https://www.nocutnews.co.kr/news/6506010?utm_source=naver&utm_medium=article&utm_campaign=20260421102832
2026-04-21,"트럼프, '2차 협상' 앞두고 ""결국 훌륭한 합의를 하게 될 것""(종합)",0.0,0,0,https://www.nocutnews.co.kr/news/6506008?utm_source=naver&utm_medium=article&utm_campaign=20260421102032
2026-04-21,"트럼프, 이란과 2차 협상 낙관 ""훌륭한 합의할 것""",0.0,0,0,https://www.nocutnews.co.kr/news/6506006?utm_source=naver&utm_medium=article&utm_campaign=20260421101932
2026-04-21,"프로-스펙스, 장애인의 날 맞아 '장애인스포츠 페스티벌' 후원",0.0,0,0,https://www.nocutnews.co.kr/news/6506007?utm_source=naver&utm_medium=article&utm_campaign=20260421101932
2026-04-21,"계룡시, 27일부터 '고유가 피해지원금' 신청 접수",0.0,0,0,http://www.newstnt.com/news/articleView.html?idxno=607657
2026-04-21,"침례교, 통합돌봄·AI목회 혁신 나서…""믿음과 결단의 전환점 필요""",0.0,0,0,https://www.nocutnews.co.kr/news/6505926?utm_source=naver&utm_medium=article&utm_campaign=20260421100332
2026-04-21,"'AI 환각' 공교회 결정에 영향 미쳐…""AI 답변 출처 검증해야""",0.0,0,0,https://www.nocutnews.co.kr/news/6505956?utm_source=naver&utm_medium=article&utm_campaign=20260421100332
2026-04-21,"신한카드, '고유가 피해지원금' 고객 맞춤형 원스톱 서비스 제공",0.0,0,0,https://www.apnews.kr/news/articleView.html?idxno=3048062
2026-04-21,"[기획] 대출 막히자 '밖으로'…인뱅 3사, 해외·게이미피케이션 '투트랙...",0.322,1,0,https://www.startuptoday.co.kr/news/articleView.html?idxno=610606
2026-04-21,"탈락 위기 넘은 반전…전문학, 민주당 서구청장 후보 확정",0.0,0,0,https://www.goodmorningcc.com/news/articleView.html?idxno=445015
2026-04-21,"'연패는 없다' 서울, 첫 패배 후 분위기 반전…부천 3-0 완파",0.0,0,0,https://www.nocutnews.co.kr/news/6506004?utm_source=naver&utm_medium=article&utm_campaign=20260421094531
2026-04-21,[자투리 뉴스] 봄맞이 할인·지원 경쟁 확대…소비 접점 강화,0.0,0,0,https://www.seoultimes.news/news/article.html?no=2000095241
2026-04-21,“국민 메신저 확 바뀌었다” 10년 동안 쓰던 ‘이 기능’ 사라지고 새...,0.0,0,0,https://biz.heraldcorp.com/article/10722378?ref=naver
2026-04-21,"""돈 주면 사건 종료""…'억대 뇌물' 관세청 수사팀장 구속기소",-0.38,0,1,https://www.nocutnews.co.kr/news/6506002?utm_source=naver&utm_medium=article&utm_campaign=20260421094031
2026-04-21,통영시 '양식장 고수온 예측 서비스' 한다,0.0,0,0,http://www.gnmaeil.com/news/articleView.html?idxno=585122
2026-04-21,"정읍시, 27일부터 '고유가 피해지원금' 신청·지급",0.0,0,0,http://www.jeonmin.co.kr/news/articleView.html?idxno=438463
2026-04-21,"'원조 친노' 임병택, 수도권 광역단체장 후보들과 봉하마을행",0.0,0,0,https://www.nocutnews.co.kr/news/6506000?utm_source=naver&utm_medium=article&utm_campaign=20260421090731
2026-04-21,스포츠·문화 전문채널 STN방송·STN뉴스 영남본부 개국 행사 성료,0.322,1,0,https://www.stnsports.co.kr/news/articleView.html?idxno=315752
2026-04-21,"현장에 화물연대 2천명 넘게 집결…""BGF와 경찰 책임져라""[영상]",0.0,0,0,https://www.nocutnews.co.kr/news/6505997?utm_source=naver&utm_medium=article&utm_campaign=20260421090531
2026-04-21,뮤지컬 선율로 물든 울산 봄밤…최정원·에녹 명품 무대 선보여,0.0,0,0,https://www.nocutnews.co.kr/news/6505996?utm_source=naver&utm_medium=article&utm_campaign=20260421085931
2026-04-21,국내 50개 기업 인권실사 결과 발표… 사기업 현대건설·공기업 수력원...,0.0,0,0,https://news.koreanbar.or.kr/news/articleView.html?idxno=35487
2026-04-21,"경주시새마을회, '새마을의 날' 기념식 개최…공동체 회복 다짐",0.0,0,0,https://www.nocutnews.co.kr/news/6505994?utm_source=naver&utm_medium=article&utm_campaign=20260421085731
2026-04-21,"윤석열 ""명태균 연락 끊었었다"" 재판장 ""김건희와 연락한 건 몰랐나""",0.0,0,0,https://www.mediatoday.co.kr/news/articleView.html?idxno=333930
2026-04-21,‘내 주식은 언제 올라?’ 이 와중에 목표가 떨어지는 종목 ‘수두룩’...,0.0,1,1,https://biz.heraldcorp.com/article/10722185?ref=naver
2026-04-21,[브리프]오뚜기 풀무원 오리온 농심 빙그레 外,0.0,0,0,http://www.biztribune.co.kr/news/articleView.html?idxno=352788
2026-04-21,주택 화재로 70대 사망…'방화 용의자' 40대 사위도 숨져,0.0,0,0,https://www.nocutnews.co.kr/news/6505991?utm_source=naver&utm_medium=article&utm_campaign=20260421082531
2026-04-21,"정부, '고유가 피해지원금' 27일부터 신청 개시… 소득·지역별 차등 지...",0.0,0,0,https://www.discoverynews.kr/news/articleView.html?idxno=1089539
2026-04-21,"""한국교회, 극우 과잉 대표 불만이면서도 직접 비판은 외면""",0.0,0,0,https://www.nocutnews.co.kr/news/6505990?utm_source=naver&utm_medium=article&utm_campaign=20260421081731
2026-04-21,[증권가] 한국투자증권 키움증권 메리츠증권 NH투자증권 iM증권 유진투자...,0.0,0,0,http://www.biztribune.co.kr/news/articleView.html?idxno=352805
2026-04-21,"'와일스 부상' 키움, 지난해 함께했던 로젠버그 단기 대체로 재영입",0.0,0,0,https://www.nocutnews.co.kr/news/6505988?utm_source=naver&utm_medium=article&utm_campaign=20260421080931
2026-04-21,"예장통합 충북노회, 154회 정기노회 및 설립 80주년 기념예식 개최",0.0,0,0,https://www.nocutnews.co.kr/news/6505987?utm_source=naver&utm_medium=article&utm_campaign=20260421080631
2026-04-21,"추경호 ""내란 유죄, 벼락 확률보다↓…주호영·이진숙 정중히 모셔야""",0.0,0,0,https://www.nocutnews.co.kr/news/6505985?utm_source=naver&utm_medium=article&utm_campaign=20260421080330
2026-04-21,"강원도선거여론조사심의원회, 여론조사 거짓 응답 권유 등 3명 고발",0.0,0,0,https://www.kukinews.com/article/view/kuk202604210262
2026-04-21,"광주 찾은 우원식, ""전두환 반대 시위로 수감"" 회고…5·18 정신 헌법 수...",0.0,0,0,https://www.nocutnews.co.kr/news/6505983?utm_source=naver&utm_medium=article&utm_campaign=20260421075530
2026-04-21,"[금융 풍향계] 농협은행, 유휴공간을 놀이터로…지역 교육환경 개선",0.0,0,0,https://www.ekn.kr/web/view.php?key=20260421021108912
2026-04-21,"통영시, 5월부터 고수온 예측 서비스 본격 운영",0.0,0,0,https://www.gnnews.co.kr/news/articleView.html?idxno=635393
2026-04-21,"웅진식품, 창립 50주년 기념 카카오 라이브 방송 실시",0.0,0,0,http://www.lawissue.co.kr/view.php?ud=202604211926438674204ead0791_12
2026-04-21,"지방세 환급금, 페이머니로도 받는다‥공정시장가액비율 43~45% 유지",0.0,0,0,https://imnews.imbc.com/news/2026/society/article/6816971_36918.html
2026-04-21,"김경수·정원오, 경남-서울 상생협력 선언…'경남형 성수 프로젝트' 추...",0.0,0,0,https://www.nocutnews.co.kr/news/6505981?utm_source=naver&utm_medium=article&utm_campaign=20260421071930
2026-04-21,"신한은행-신한카드, 일본 여행 특화 SOL틀립앤J 체크카드 선보여 外",0.0,0,0,https://www.rcast.co.kr/news/articleView.html?idxno=30579
2026-04-21,"밀양시, '민생 경제' 중심 375억원 규모 긴급 추경안 편성",0.0,0,0,https://www.nocutnews.co.kr/news/6505982?utm_source=naver&utm_medium=article&utm_campaign=20260421071830
2026-04-21,"전북신보, ‘중동 위기대응 특례보증’으로 피해기업 지원 본격화",0.0,0,0,https://sjbnews.com/news/news.php?number=876885
2026-04-21,"카카오 VX, 아마추어 골퍼 대상 마스터즈 챔피언십 개최",0.0,0,0,https://www.g-enews.com/view.php?ud=202604211913343560622b34b6cc_1
2026-04-21,"민주 임실군수 경선 '돈봉투 의혹'…정청래, 개표 보류 지시",0.0,0,0,https://www.nocutnews.co.kr/news/6505980?utm_source=naver&utm_medium=article&utm_campaign=20260421070730
2026-04-21,"덴탈비서, 치과 전용 AI 콜센터 ‘콜비’ 출시… 환자관리 자동화",0.0,0,0,https://www.betanews.net/article/view/beta202604210057
2026-04-21,따로 사는 장모·사위 각각 숨진 채 발견,0.0,0,0,https://www.hani.co.kr/arti/area/yeongnam/1255256.html
2026-04-21,'노란봉투법' 열렸는데…노동자는 왜 또 죽었나[노컷브이],0.0,0,0,https://www.nocutnews.co.kr/news/6505978?utm_source=naver&utm_medium=article&utm_campaign=20260421065730
2026-04-23,"'불통·불신' 우범기 전주시장, 민주당 경선 탈락 '고배'…배경과 남겨...",0.0,0,0,http://www.jbsori.com/news/articleView.html?idxno=17212
2026-04-23,충청 기초단체장 현역 빠진 무주공산·3자 대결 관심,0.0,0,0,https://www.nocutnews.co.kr/news/6506701?utm_source=naver&utm_medium=article&utm_campaign=20260423060049
2026-04-23,소비재 파고든 캐릭터…유통업계 '콜라보 전쟁' 불붙었다,0.0,0,0,https://www.ddaily.co.kr/page/view/2026042215561751073
2026-04-23,“천편일률적 웹툰 지겨워요” 네이버·카카오 대신 SNS로 이동하는 웹...,0.0,0,0,https://www.chosun.com/economy/tech_it/2026/04/23/2KHPXYP6JBFLLNWXBI2SSQHPQM/?utm_source=naver&utm_medium=referral&utm_campaign=naver-news
2026-04-23,"“결국 AX가 답”…카카오게임즈, 전사적 AI 실무교육 추진",0.0,0,0,https://www.sedaily.com/article/20035787?ref=naver
2026-04-23,"""# 대신 카나나 검색""...카카오, 베타 테스트 시작[1일IT템]",0.0,0,0,http://www.fnnews.com/news/202604221715159964
2026-04-23,"""우리 애 다쳤으니 고소""…사라지는 수학여행･운동장, 당신의 생각은?...",0.0,0,0,https://www.nocutnews.co.kr/news/6506525?utm_source=naver&utm_medium=article&utm_campaign=20260423060048
2026-04-23,"강동·송파교육지원청, 지역병원과 협력해 복합 위기 학생 지원",0.0,0,0,https://www.nocutnews.co.kr/news/6506692?utm_source=naver&utm_medium=article&utm_campaign=20260423060049
2026-04-23,소비심리 1년 만에 '최악'…'현재경기판단' 계엄 후 최저치,0.0,0,0,https://www.nocutnews.co.kr/news/6506567?utm_source=naver&utm_medium=article&utm_campaign=20260423060048
2026-04-23,"""신고가요? 비자발적 장투, 인질이었습니다""…손절하고도 홀가분한 '네...",0.462,1,0,http://www.fnnews.com/news/202604221443559451
2026-04-23,"미래에셋생명, 부동산 플랫폼 앞세워 자산관리 경쟁력 강화",0.0,0,0,https://www.shinailbo.co.kr/news/articleView.html?idxno=5013050
2026-04-23,[출근길 브리핑-4월 22일] 코스피 첫 6400선 마감·2월 출생아 14% 증가·...,0.0,0,0,https://www.newsworks.co.kr/news/articleView.html?idxno=838667
2026-04-23,"이란전쟁·피지컬AI…불확실성 시대의 해법을 찾는 시간, '2026 키플랫폼...",0.0,0,0,https://www.mt.co.kr/industry/2026/04/23/2026041418055056782
2026-04-23,"증권사, MTS 고도화 경쟁 가속…전산장애는 여전히 '숙제'",0.0,0,0,https://www.newsis.com/view/NISX20260422_0003602312
2026-04-23,[단독]'버츄얼 아이돌'에 꽂힌 VC…'프듀 이해인 설립' 엔터사 70억 투자...,0.0,0,0,https://view.asiae.co.kr/article/2026042216141343381
2026-04-23,머스크의 '슈퍼앱' 엑스챗 韓 상륙...'국민 메신저' 카톡 아성 흔들까,0.0,0,0,http://www.edaily.co.kr/news/newspath.asp?newsid=01813846645419072
2026-04-23,"""트럼프, 조만간 추가 협상 가능성에 긍정적 반응 보였다""",0.0,0,0,https://www.nocutnews.co.kr/news/6506721?utm_source=naver&utm_medium=article&utm_campaign=20260423052647
2026-04-23,아동 성범죄자 변호한 사람은 정치를 해도 될까 [최훈민의 심연],0.0,0,0,https://www.imaeil.com/page/view/2026042304235752824
2026-04-23,"日 대규모 훈련 파병에…中, 항모·상륙함 출동 '맞불'",0.0,0,0,https://www.nocutnews.co.kr/news/6506674?utm_source=naver&utm_medium=article&utm_campaign=20260423050547
2026-04-23,피지컬 AI 속으로… ‘월드IT쇼’ 개막,0.0,0,0,https://www.seoul.co.kr/news/economy/IT/2026/04/23/20260423030005?wlog_tag3=naver
2026-04-23,코스피 6400도 뚫었다… 증권사 ‘빚투’ 제한 조치,0.0,0,0,https://www.seoul.co.kr/news/economy/securities/2026/04/23/20260423030003?wlog_tag3=naver
2026-04-23,"[단독] 검찰, AI로 카톡 분석해 영업비밀 누설 혐의 사건 기소",0.0,0,0,https://www.hani.co.kr/arti/society/society_general/1255463.html
2026-04-23,"[이코노 브리핑] 신한자산운용, 국내 첫 BDC펀드 출시 외",0.0,0,0,https://www.segye.com/newsView/20260422515566?OutUrl=naver
2026-04-23,"금호건설, '분상제' 적용 남양주 '왕숙 아테라' 5월 분양",0.0,0,0,https://www.ajunews.com/view/20260422083630012
2026-04-23,[단독]이웃간 '층간소음'은 어떻게 '스토킹' 사건으로 번졌나,0.0,0,0,https://www.nocutnews.co.kr/news/6506694?utm_source=naver&utm_medium=article&utm_campaign=20260423050052
2026-04-23,'조작기소' 특검 끝은 공소취소?…'항소취하' 전례와는 다른 무게,0.0,0,0,https://www.nocutnews.co.kr/news/6506693?utm_source=naver&utm_medium=article&utm_campaign=20260423050052
2026-04-23,"미국, 유례없는 안보 인질극…李대통령에 대한 결례까지",0.0,0,0,https://www.nocutnews.co.kr/news/6506687?utm_source=naver&utm_medium=article&utm_campaign=20260423050050
2026-04-23,"[단독]""故김수미 건강 악화로 '친정엄마' 중단 검토도"" vs ""그런 적 없다...",0.0,0,0,https://www.nocutnews.co.kr/news/6506656?utm_source=naver&utm_medium=article&utm_campaign=20260423050054
2026-04-23,"아리셀 대표, 15년→4년 감형…합의·로펌에 또 무너진 중처법",0.0,0,0,https://www.nocutnews.co.kr/news/6506659?utm_source=naver&utm_medium=article&utm_campaign=20260423050049
2026-04-23,"삼전노조 오늘 총집회 ""40조 성과급 없으면 반도체 타격""",0.0,0,0,https://www.nocutnews.co.kr/news/6506576?utm_source=naver&utm_medium=article&utm_campaign=20260423050053
2026-04-23,'장동혁 고립' 가속화…당대표 버리고 각자도생 국힘,0.0,0,0,https://www.nocutnews.co.kr/news/6506695?utm_source=naver&utm_medium=article&utm_campaign=20260423050053
2026-04-23,실거주자 장특공 폐지가 세금폭탄?[노컷체크],0.0,0,0,https://www.nocutnews.co.kr/news/6506671?utm_source=naver&utm_medium=article&utm_campaign=20260423050050
2026-04-23,美 압박에도 공정위가 쿠팡 '총수' 문제 정면 돌파하는 이유,0.261,1,0,https://www.nocutnews.co.kr/news/6506585?utm_source=naver&utm_medium=article&utm_campaign=20260423050048
2026-04-23,직고용 방침 밝혔지만 원·하청 노조 모두 '반발'…포스코 갈등 왜?,0.0,0,0,https://www.nocutnews.co.kr/news/6506650?utm_source=naver&utm_medium=article&utm_campaign=20260423050049
2026-04-23,'코스피 8천' 내다보는데…반도체 팔았던 외국인 복귀가 관건,0.0,0,0,https://www.nocutnews.co.kr/news/6506539?utm_source=naver&utm_medium=article&utm_campaign=20260423050048
2026-04-23,"""싼 GPU의 저주""… AI 전쟁 승패, '시간당 요금'이 아닌 '굿풋'이 가른다",0.0,0,0,https://www.g-enews.com/view.php?ud=20260422182340252fbbec65dfb_1
2026-04-23,"구찌, '아트 오브 실크' 새 스카프 공개",0.0,0,0,https://www.nocutnews.co.kr/news/6506717?utm_source=naver&utm_medium=article&utm_campaign=20260423060448
2026-04-23,현대차·기아 노조 '순익 30% 성과급 + α' 요구,0.0,0,0,https://www.nocutnews.co.kr/news/6506548?utm_source=naver&utm_medium=article&utm_campaign=20260423044547
2026-04-23,"주한미군사령관 ""전작권 전환 조건, 2029년 1분기가 목표""",0.0,0,0,https://www.nocutnews.co.kr/news/6506720?utm_source=naver&utm_medium=article&utm_campaign=20260423060548
2026-04-23,"로얄스트리머, ‘2026 월드IT쇼’서 독보적 세계관 ‘로얄유니버스’ 전...",0.0,0,0,https://sports.khan.co.kr/article/202604230439003?pt=nv
2026-04-23,스마트 반지-케어벨… AI로 ‘돌봄 빈틈’ 메운다,0.0,0,0,https://www.donga.com/news/Health/article/all/20260423/133794531/2
2026-04-23,판치는 ‘해외 우회 음란물’… 한국어 설명에 국내 간편결제 이용,0.0,0,0,https://www.donga.com/news/Society/article/all/20260423/133794747/2
2026-04-23,[출근길 포인트] '행동하는 AI' 월드IT쇼 개막…건보료 폭탄·환율 반등,0.322,1,0,https://www.pointdaily.co.kr/news/articleView.html?idxno=302420
2026-04-23,'카카오톡에서 AI가 먼저 말을 걸어 온다'...에이전틱 AI '카나나' 공개,0.0,0,0,https://www.aitimes.com/news/articleView.html?idxno=209618
2026-04-23,"배우자 30만원, 자녀 20만원…보험료 안 내도 연금 받는 법",0.0,0,0,https://www.joongang.co.kr/article/25422538
2026-04-23,광주시 '1인당 최대 60만원' 고유가 피해지원금 지급 체계 가동,0.0,0,0,https://www.pointdaily.co.kr/news/articleView.html?idxno=302448
2026-04-23,"대구시, 고유가 피해지원금 지급 4월 27일~5월 8일까지 기초생활수급자...",0.0,0,0,https://www.pressian.com/pages/articles/2026042301365425811?utm_source=naver&utm_medium=search
2026-04-23,'굽네 닭가슴살 만두' 누적 판매 1천만 팩 '돌파',0.261,1,0,https://www.nocutnews.co.kr/news/6506716?utm_source=naver&utm_medium=article&utm_campaign=20260423060347
2026-04-23,"기후캐스터 정주희, 그레이프랩 1호 앰배서더로… '소비가 자립으로' 구...",0.0,0,0,https://www.mhns.co.kr/news/articleView.html?idxno=745584
2026-04-23,"정주희 기후캐스터·그레이프랩, 지구의 날 맞아 '종이의 서재' 열다",0.0,0,0,https://www.ppss.kr/news/articleView.html?idxno=293858
2026-04-23,"티오더, 오프라인 교육 프로그램 ‘티오더 소상공인 AI 클래스’ 신설",0.0,0,0,https://sports.khan.co.kr/article/202604230023003?pt=nv
2026-04-23,코스피 하루 만에 최고치 경신… 증권사 ‘빚투’ 제동,0.0,0,0,https://www.kmib.co.kr/article/view.asp?arcid=1776847150&code=11151300&cp=nv
2026-04-23,"수원시, 체납액 234억 원 정리 나서… '올해 400억 징수 목표'",-0.462,0,1,https://www.thereport.co.kr/news/articleView.html?idxno=87040
2026-04-23,"[결혼과 이혼] ""치킨에 신발까지 우리가?""⋯시모 ""사줘"" 계속되자 부부...",0.0,0,0,http://www.inews24.com/view/1962096
2026-04-22,"李대통령 ""2030년 베트남 교역 1500억달러…철도차량 수출""[영상]",0.0,0,0,https://www.nocutnews.co.kr/news/6506713?utm_source=naver&utm_medium=article&utm_campaign=20260422114744
2026-04-22,"청남대, 충북의 보물이자 대한민국 대표 호수정원",0.0,0,0,https://www.nocutnews.co.kr/news/6506710?utm_source=naver&utm_medium=article&utm_campaign=20260422113144
2026-04-22,민주당 광주 광역의원 경선 결과 발표…19개 선거구 후보 확정,0.0,0,0,https://www.nocutnews.co.kr/news/6506711?utm_source=naver&utm_medium=article&utm_campaign=20260422113244
2026-04-22,"'당원 명부 유출 홍역' 민주 여수시장 경선, 김영규·서영학 결선행",0.0,0,0,https://www.nocutnews.co.kr/news/6506708?utm_source=naver&utm_medium=article&utm_campaign=20260422113044
2026-04-22,"민주당 무안군수 후보, 현직 김산 후보 선출(종합)",0.0,0,0,https://www.nocutnews.co.kr/news/6506705?utm_source=naver&utm_medium=article&utm_campaign=20260422112244
2026-04-22,"민주당 여수시장 결선 후보, 김영규·서영학 후보로 압축",0.0,0,0,https://www.nocutnews.co.kr/news/6506704?utm_source=naver&utm_medium=article&utm_campaign=20260422110944
2026-04-22,"아름다운동행, 교회 울타리 넘은 '감사·감동' 운동 20년 발자취",0.0,0,0,https://www.nocutnews.co.kr/news/6506698?utm_source=naver&utm_medium=article&utm_campaign=20260422110944
2026-04-22,"""운영효율 높이고, 분쟁 예방에도 도움"" 프랜차이즈 전자계약 활용 확대",0.0,0,0,http://www.seoulwire.com/news/articleView.html?idxno=718292
2026-04-22,"민주당 전남 무안군수 후보, 현직 김산 예비후보 선출",0.0,0,0,https://www.nocutnews.co.kr/news/6506702?utm_source=naver&utm_medium=article&utm_campaign=20260422110344
2026-04-22,"민주당 완도군수 최종 후보, 우홍섭 전 부군수 선출",0.0,0,0,https://www.nocutnews.co.kr/news/6506703?utm_source=naver&utm_medium=article&utm_campaign=20260422110244
2026-04-22,"서인영, 최초 고백 ""이혼 후 극단적 시도···총 두 번""('유퀴즈')[순간...",0.0,0,0,http://www.osen.co.kr/article/G1112787022
2026-04-22,"LG디스플레이, OLED 기술 고도화 위해 1.1조 투자 결정",0.0,0,0,https://www.nocutnews.co.kr/news/6506699?utm_source=naver&utm_medium=article&utm_campaign=20260422105444
2026-04-22,"""청년 농어업인 성공 정착 돕는다""… 한농대, '2026 아카데미' 개막",0.0,0,0,http://www.youngnong.co.kr/news/articleView.html?idxno=58995
2026-04-22,"카카오, 월드IT쇼에 '카나나' 전시...""일상 속 에이전틱 AI 체험""",0.0,0,0,https://www.getnews.co.kr/news/articleView.html?idxno=868414
2026-04-22,"[자투리 뉴스] 금융·산업, 서비스·사회공헌·마케팅 활동 풍성",0.0,0,0,https://www.seoultimes.news/news/article.html?no=2000095272
2026-04-22,"세기총, LA서 제14차 총회…전기현 장로 대표회장 연임",0.0,0,0,https://www.nocutnews.co.kr/news/6506568?utm_source=naver&utm_medium=article&utm_campaign=20260422100043
2026-04-22,"""김영찬 교체 타이밍을 더 일찍 가져갔으면…"" 유병훈 감독의 실수 인정",0.0,0,0,https://www.nocutnews.co.kr/news/6506691?utm_source=naver&utm_medium=article&utm_campaign=20260422095943
2026-04-22,고유가 피해지원금 27일부터 1차 신청,0.0,0,0,https://www.idaegu.co.kr/news/articleView.html?idxno=545958
2026-04-22,"한-베트남, 전력인프라·물산업·폐기물관리 협력 강화키로",0.0,0,0,https://www.nocutnews.co.kr/news/6506689?utm_source=naver&utm_medium=article&utm_campaign=20260422094643
2026-04-22,"與, 최민희 '특정후보 지지' 경고…최재성과 설전 맞물려",0.0,0,0,https://www.nocutnews.co.kr/news/6506688?utm_source=naver&utm_medium=article&utm_campaign=20260422093343
2026-04-22,"李대통령 ""한-베트남, 양적성과를 질적성과로 전환해야""[영상]",0.0,0,0,https://www.nocutnews.co.kr/news/6506685?utm_source=naver&utm_medium=article&utm_campaign=20260422105044
2026-04-22,"말컹의 높이는 막았는데, 허율도 높았다…울산, 안양과 1-1 무승부",0.0,0,0,https://www.nocutnews.co.kr/news/6506686?utm_source=naver&utm_medium=article&utm_campaign=20260422092843
2026-04-22,"구글, 기업용 AI 에이전트 플랫폼 출시…""아르테미스 2호도 사용""",0.0,0,0,https://news.sbs.co.kr/news/endPage.do?news_id=N1008528695&plink=ORI&cooper=NAVER
2026-04-22,전주서 승용차와 1톤 트럭 등 5중 추돌…4명 부상 이송,0.0,0,0,https://www.nocutnews.co.kr/news/6506684?utm_source=naver&utm_medium=article&utm_campaign=20260422092143
2026-04-22,월드IT쇼 개막…AI·로봇 융합 기술 선보여,0.0,0,0,http://www.yonhapnewstv.co.kr/MYH20260422211925k3k
2026-04-22,"중동발 리스크에 소상공인 '숨통'…전북, 200억 특례보증 시행",0.0,0,0,http://www.jeonmin.co.kr/news/articleView.html?idxno=438501
2026-04-22,구글클라우드가 그린 '제미나이 엔터프라이즈' 시대,0.0,0,0,https://zdnet.co.kr/view/?no=20260422112724
2026-04-22,"구글 CEO ""AI, 신규 코드 75% 생성""…'에이전틱 제미나이' 선언",0.0,0,0,http://www.edaily.co.kr/news/newspath.asp?newsid=06048326645418744
2026-04-22,"특검, '계엄 정당화 메시지' 관련 조태열 전 외교부장관 조사",0.0,0,0,https://www.nocutnews.co.kr/news/6506682?utm_source=naver&utm_medium=article&utm_campaign=20260422090143
2026-04-22,"AWS·구글, “2026년은 에이전틱 AI 원년”…한국서 ‘데이터 주권·보안...",0.0,0,0,http://www.edaily.co.kr/news/newspath.asp?newsid=06045046645418744
2026-04-22,불붙은 3기 신도시 분양…국평 7억 ‘내 집 마련 기회’,0.0,0,0,https://www.mk.co.kr/article/12019908
2026-04-22,구글 새 TPU 공개…격화되는 '추론 칩' 경쟁,0.0,0,0,https://www.mk.co.kr/article/12024439
2026-04-22,'수사무마 뇌물 의혹' 인플루언서 남편 구속…경찰관은 기각,0.0,0,0,https://www.nocutnews.co.kr/news/6506679?utm_source=naver&utm_medium=article&utm_campaign=20260422090043
2026-04-22,"구글 클라우드, Next 2026 개최…""기업 성장엔진 구축해야""",0.322,1,0,http://www.fnnews.com/news/202604221646545420
2026-04-22,"""탈(脫) 엔비디아 속도전""…구글, 8세대 TPU로 '가성비 80%' 승부수",0.0,0,0,https://www.newsis.com/view/NISX20260422_0003602201
2026-04-22,"구글, 기업용 AI에이전트 플랫폼 출시…""아르테미스 2호도 사용""",0.0,0,0,https://www.yna.co.kr/view/AKR20260422141400091?input=1195m
2026-04-22,"구글 클라우드, '에이전틱 엔터프라이즈' 시대 선언...기업 운영 패러다...",0.0,0,0,https://www.techm.kr/news/articleView.html?idxno=151246
2026-04-22,"구글 클라우드, 'TPU 8세대' 출격…엔터프라이즈 에이전트 플랫폼 발표",0.0,0,0,https://www.mt.co.kr/tech/2026/04/22/2026042215014093629
2026-04-22,[분석] 정렬도 못하면서 AI 쇼핑?··· 美 백악관 갈지자 행보 가관,0.0,0,0,https://www.womaneconomy.co.kr/news/articleView.html?idxno=252901
2026-04-22,"hrtz.wav (하츠웨이브), 콘텐츠 맛집",0.0,0,0,https://sports.khan.co.kr/article/202604222057003?pt=nv
2026-04-22,"[단독] ""김영환 선택해달라""‥ '밥퍼' 노인 모아 놓고 공무원이 선거운...",0.0,0,0,http://news.mbccb.co.kr/home/sub.php?menukey=61&mod=view&RECEIVE_DATE=20260422&SEQUENCE=0120
2026-04-22,오늘의 게임 업데이트…신규 에피소드·시즌 개편·한정 모드·신작 비주...,0.0,0,0,https://www.onews.tv/news/articleView.html?idxno=279078
2026-04-22,"괜히 정규 1위가 아니네…KB스타즈, 박지수 없이도 챔프전 먼저 1승",0.0,0,0,https://www.nocutnews.co.kr/news/6506680?utm_source=naver&utm_medium=article&utm_campaign=20260422085343
2026-04-22,"""비싼 범용 인증서 이젠 안녕""… 국세청, 850만 사업자 '간편인증 시대...",0.0,0,0,https://www.thepublic.kr/news/articleView.html?idxno=302197
2026-04-22,"""부천시 새내기 공무원들, 전화 한 통에 담긴 시민 불편 체감""",0.0,0,0,https://www.cnbnews.com/news/article.html?no=790614
2026-04-22,"대구, 27일부터 ‘고유가 피해지원금’ 1차 신청",0.0,0,0,https://www.ksmnews.co.kr/news/view.php?idx=601805
2026-04-24,"""한국 의료에 반했다""…외국인 환자 200만명 시대 '활짝'",0.0,0,0,https://www.nocutnews.co.kr/news/6507308?utm_source=naver&utm_medium=article&utm_campaign=20260424060027
2026-04-24,"""강서토박이"" VS ""개발 전문가"" 부산에서 가장 '젊은 표심' 어디로?",0.0,0,0,https://www.nocutnews.co.kr/news/6507437?utm_source=naver&utm_medium=article&utm_campaign=20260424060028
2026-04-24,AI·슈퍼앱 전쟁 격화…모바일뱅킹 앱 판 뒤집히나,0.0,0,0,https://magazine.hankyung.com/business/article/202604165507b
2026-04-24,K웹툰은 어떻게 ‘만화 제국’ 일본을 이길 수 있었나… 글로벌 스탠더...,0.0,0,0,https://isplus.com/article/view/isp202604230052
2026-04-24,[이용우의 공정경제] 공급망 쇼크가 앞당긴 뉴노멀 …AI와 지배구조의 ...,0.0,0,0,https://www.ajunews.com/view/20260421205505808
2026-04-24,천장 뚫는 코스피의 그림자…'34조 빚투·반도체 경고등',0.0,0,0,https://www.ziksir.com/news/articleView.html?idxno=131823
2026-04-24,"텐센트, 전 오픈AI 핵심 인력 영입 후 첫 AI 모델 ‘Hy3’ 공개… ‘슬림...",0.0,0,0,https://www.g-enews.com/view.php?ud=2026042320270541280c8c1c064d_1
2026-04-24,기본소득 지급과 경제 효과 정미영 정선군 경제과장 ｜#헬로이슈토크 #...,0.0,0,0,http://news.lghellovision.net/news/articleView.html?idxno=541179
2026-04-24,미군 3번째 항공모함 중동 인근 해역 진입…이란 압박 강화,0.0,0,0,https://www.nocutnews.co.kr/news/6507442?utm_source=naver&utm_medium=article&utm_campaign=20260424060028
2026-04-24,[칼럼]제국의 잔치판에 흥을 돋우라,0.0,0,0,https://www.nocutnews.co.kr/news/6507012?utm_source=naver&utm_medium=article&utm_campaign=20260424052527
2026-04-24,[마켓인] 블록체인 VC 해시드의 변신…AI·초기판 키운다,0.0,0,0,http://www.edaily.co.kr/news/newspath.asp?newsid=01754806645419400
2026-04-24,"李대통령 ""베트남 미래가 韓 미래…첨단산업 씨앗 뿌려야""",0.0,0,0,https://www.nocutnews.co.kr/news/6507441?utm_source=naver&utm_medium=article&utm_campaign=20260424055927
2026-04-24,"트럼프 ""시간은 이란 편이 아니다""…신속한 종전 모색 부인",0.0,0,0,https://www.nocutnews.co.kr/news/6507440?utm_source=naver&utm_medium=article&utm_campaign=20260424055827
2026-04-24,"'신예' 엠비오 ""코첼라에서 저희 실력 보여주고 싶어요""[EN:터뷰]",0.0,0,0,https://www.nocutnews.co.kr/news/6507439?utm_source=naver&utm_medium=article&utm_campaign=20260424050527
2026-04-24,자객공천 인물도 없다…국힘에 닥친 '한동훈 변수',0.0,0,0,https://www.nocutnews.co.kr/news/6507432?utm_source=naver&utm_medium=article&utm_campaign=20260424050031
2026-04-24,[단독]민주당 또 식비대납 의혹…이번엔 서울 강북구청장 후보,0.0,0,0,https://www.nocutnews.co.kr/news/6507427?utm_source=naver&utm_medium=article&utm_campaign=20260424050030
2026-04-24,"'거지맵'서 식당, '거지방'서 무지출 챌린지…오늘도 거지팅!",0.0,0,0,https://www.nocutnews.co.kr/news/6507375?utm_source=naver&utm_medium=article&utm_campaign=20260424050028
2026-04-24,"불티나게 팔린 韓메모리, 빅테크도 넘었지만…'이익분배' 부메랑",0.0,0,0,https://www.nocutnews.co.kr/news/6507404?utm_source=naver&utm_medium=article&utm_campaign=20260424050029
2026-04-24,"신인 그룹 엠비오, 고추장·도자기 축제 출연을 기다립니다[EN:터뷰]",0.0,0,0,https://www.nocutnews.co.kr/news/6507438?utm_source=naver&utm_medium=article&utm_campaign=20260424050032
2026-04-24,"[단독]사람 친 과속차량 무혐의, 블박 폐기한 경찰…진상 밝힌 檢",0.0,0,0,https://www.nocutnews.co.kr/news/6507419?utm_source=naver&utm_medium=article&utm_campaign=20260424050030
2026-04-24,"서울시민 48%, 행정수도 이전에 찬성…반대는 39%",0.0,0,0,https://www.nocutnews.co.kr/news/6507435?utm_source=naver&utm_medium=article&utm_campaign=20260424050031
2026-04-24,"매번 단절된 안산시 한계…이민근 ""강력한 연임 시장 절실""",0.0,0,0,https://www.nocutnews.co.kr/news/6507361?utm_source=naver&utm_medium=article&utm_campaign=20260424050027
2026-04-24,유가 하락에도 '최고가 동결'…소비·물가 딜레마에 갇힌 정부,-0.261,0,1,https://www.nocutnews.co.kr/news/6507409?utm_source=naver&utm_medium=article&utm_campaign=20260424050029
2026-04-24,"정원오 45.6%, 오세훈 35.4%…후보확정 이후 첫 여론조사",0.0,0,0,https://www.nocutnews.co.kr/news/6507433?utm_source=naver&utm_medium=article&utm_campaign=20260424050031
2026-04-24,"416조 ETF 시장, 이젠 레버리지도…중소형사는 '그림의 떡'",0.0,0,0,https://www.nocutnews.co.kr/news/6507350?utm_source=naver&utm_medium=article&utm_campaign=20260424050028
2026-04-24,"""생필품부터 옷·치킨까지 제품 캡처해 사달라는 시모…다 해줘야 하나...",0.0,0,0,https://www.news1.kr/society/general-society/6146634
2026-04-24,"카카오엔터, 카카오페이지 '인생만화' 이벤트…할인 프로모션",0.0,0,0,https://www.webeconomy.co.kr/news/articleView.html?idxno=2152233
2026-04-24,"박용택, WBC 오열 중계 해명…""메시지 3000개 이상 와"" [RE:TV]",0.322,1,0,https://www.news1.kr/entertain/broadcast-tv/6147237
2026-04-24,[핫게임] '아키에이지 워' 업데이트 / 카카오게임즈 AI 교육·CSR 확대 / ...,0.322,1,0,https://www.webeconomy.co.kr/news/articleView.html?idxno=2152230
2026-04-24,"톱배우 매니저, 연예계 폭로…""음주운전 뒤집어쓰고 대리처방까지""",0.0,0,0,http://www.fnnews.com/news/202604231920153904
2026-04-24,"과천시장 선거, 보수텃밭서 '격전지'로…3파전+주택이슈",0.0,0,0,https://www.nocutnews.co.kr/news/6507258?utm_source=naver&utm_medium=article&utm_campaign=20260424040027
2026-04-24,"카카오모빌리티, 자율주행 '레벨4' 비전 공개",0.0,0,0,https://www.webeconomy.co.kr/news/articleView.html?idxno=2151981
2026-04-24,"""고객 중심 혁신 결실"" 한국수자원공사, '고객만족도' 3년 연속 최고등...",0.0,0,0,https://www.cstimes.com/news/articleView.html?idxno=703158
2026-04-24,베일 벗은 이재명표 ‘청년미래적금’… 정부가 최대 12% 얹는다,0.0,0,0,https://www.kmib.co.kr/article/view.asp?arcid=1776934409&code=11151300&cp=nv
2026-04-24,"카카오모빌리티, 자율주행 레벨4 청사진 공개 ....""기술 내재화로 서비...",0.0,0,0,http://www.worktoday.co.kr/news/articleView.html?idxno=83994
2026-04-24,내용 뻔한 웹툰 대신 ‘인스타툰’ 봅니다,0.0,0,0,https://www.chosun.com/economy/tech_it/2026/04/24/PG5NWHQSLZBW7PNLNIRB3XRI5U/?utm_source=naver&utm_medium=referral&utm_campaign=naver-news
2026-04-24,"[기고] 민주주의의 숨은 배역들,여론조사 모니터링 요원을 아시나요?",-0.462,0,1,https://www.kado.net/news/articleView.html?idxno=2046581
2026-04-24,"정읍소방서, 소방기관 사칭 전화사기 각별 주의 당부",0.0,0,0,http://www.jeonmin.co.kr/news/articleView.html?idxno=438668
2026-04-24,"[재산공개] 김미곤 전 노인인력개발원장, 재산 17억6439만…전년 대비 3...",0.0,0,0,https://www.newspim.com/news/view/20260423001355
2026-04-23,"삼성SDS, 1분기 영업이익 783억…""2031년까지 10조 투자""",0.0,0,0,https://www.nocutnews.co.kr/news/6507434?utm_source=naver&utm_medium=article&utm_campaign=20260423114356
2026-04-23,"""정원과 정원 사이를 보라""…2026 서울 국제정원박람회를 즐기는 팁!",0.0,0,0,http://tbs.seoul.kr/news/newsView.do?typ_800=5&idx_800=3536286&seq_800=20529167
2026-04-23,"[단독]포스코, 사내하청 7천명 직고용 계획안 보니…""내년 10월 완료""",0.0,0,0,https://www.nocutnews.co.kr/news/6507431?utm_source=naver&utm_medium=article&utm_campaign=20260423111256
2026-04-23,충북CBS 북부권 운영이사회 신임 이사장에 무극교회 신현주 목사,0.0,0,0,https://www.nocutnews.co.kr/news/6507430?utm_source=naver&utm_medium=article&utm_campaign=20260423111056
2026-04-23,"구매하면 첫 달 요금 전액 코인으로? 웨이브, 프로모션 진행",0.0,0,0,https://www.nocutnews.co.kr/news/6507428?utm_source=naver&utm_medium=article&utm_campaign=20260423110156
2026-04-23,"[전재은 장보기] 농협·편의점 3사, 지원금 시기에 맞춰 대규모 할인 행...",0.0,0,0,http://www.weeklytoday.com/news/articleView.html?idxno=772669
2026-04-23,"카카오게임즈, 세브란스 재활병원 환아 대상 '찾아가는 프렌즈게임 랜드...",0.0,0,0,http://www.lawissue.co.kr/view.php?ud=2026042322494260499817d053b9_12
2026-04-23,"국힘 강기윤 창원시장 후보, 사전선거운동 의혹 선관위 조사",0.0,0,0,https://www.nocutnews.co.kr/news/6507422?utm_source=naver&utm_medium=article&utm_campaign=20260423104956
2026-04-23,"밀양시, '첨단 나노소재 상용화 허브 구축 사업' 공모 선정",0.0,0,0,https://www.nocutnews.co.kr/news/6507424?utm_source=naver&utm_medium=article&utm_campaign=20260423104856
2026-04-23,"창원시-경남농협, 농촌 왕진버스 첫 시행",0.0,0,0,https://www.nocutnews.co.kr/news/6507425?utm_source=naver&utm_medium=article&utm_campaign=20260423104856
2026-04-23,"'자유무역지역법' 개정안 국회 통과…""기업 분양 가능해져""",0.0,0,0,https://www.nocutnews.co.kr/news/6507423?utm_source=naver&utm_medium=article&utm_campaign=20260423104857
2026-04-23,"'50주년' 재료연구원, 소재기술 미래비전 선포",0.0,0,0,https://www.nocutnews.co.kr/news/6507426?utm_source=naver&utm_medium=article&utm_campaign=20260423104756
2026-04-23,"트럼프 ""호르무즈에 기뢰 설치하는 모든 선박에 격침 명령""",0.0,0,0,https://www.nocutnews.co.kr/news/6507421?utm_source=naver&utm_medium=article&utm_campaign=20260423104456
2026-04-23,"부산 북구, 고유가 지원금 안내 가동…'국민비서 구삐'로 확인",0.0,0,0,https://www.joongdo.co.kr/web/view.php?key=20260423010007355
2026-04-23,장동혁 거짓말 파문…美 '뒤통수' 인물은 차관 비서실장,0.0,0,0,https://www.nocutnews.co.kr/news/6507420?utm_source=naver&utm_medium=article&utm_campaign=20260423104103
2026-04-23,지지율 3배 넘게 벌어졌는데도…자중지란 빠진 국민의힘[박지환의 뉴스...,0.0,0,0,https://www.nocutnews.co.kr/news/6507418?utm_source=naver&utm_medium=article&utm_campaign=20260423103856
2026-04-23,"민생 법안 100여건 처리…우원식, 법안 처리 속도 지적",0.0,0,0,https://www.nocutnews.co.kr/news/6507417?utm_source=naver&utm_medium=article&utm_campaign=20260423103656
2026-04-23,"혼다코리아, 한국서 자동차 판매 사업 22년 만에 '철수'",0.0,0,0,https://www.nocutnews.co.kr/news/6507416?utm_source=naver&utm_medium=article&utm_campaign=20260423101556
2026-04-23,"한-베트남, 미래 공동 번영 모색…제조업 넘어 'NEXT'로",0.0,0,0,https://www.nocutnews.co.kr/news/6507280?utm_source=naver&utm_medium=article&utm_campaign=20260423100056
2026-04-23,"[속보]트럼프 ""호르무즈 기뢰 설치하는 모든 선박 겨냥 사격 명령""",0.0,0,0,https://www.nocutnews.co.kr/news/6507415?utm_source=naver&utm_medium=article&utm_campaign=20260423100056
2026-04-23,"""대신 음주운전 뒤집어 써"" …'1000만 배우' 매니저, 연예계 어두운 관행...",0.0,0,0,https://www.xportsnews.com/article/2140589
2026-04-23,"전남대 ""5·18 헌법에 담아야""…'민주주의 출발점 복원' 촉구",0.0,0,0,https://www.nocutnews.co.kr/news/6507413?utm_source=naver&utm_medium=article&utm_campaign=20260423094455
2026-04-23,"[금융 Pick] 은행권 '세무 플랫폼' 경쟁 본격화…민간 인증서, 국세청까...",0.0,0,0,https://www.lcnews.co.kr/news/articleView.html?idxno=201243
2026-04-23,무신사만 웃었다…뚜렷해진 ‘패션 플랫폼’ 1강 구도,0.322,1,0,https://www.ekn.kr/web/view.php?key=20260423026309073
2026-04-23,"금융 AX 가속화 외친 웹케시, 전략의 핵심은 ""오페리아 플랫폼""",0.0,0,0,https://it.donga.com/108789/
2026-04-23,“기댈 곳 없는 프리랜서…권익보호 도움 드려요”,0.0,0,0,https://www.khan.co.kr/article/202604232133005
2026-04-23,"[게임 Pick] 크래프톤, '딩컴' 닌텐도 스위치2 에디션 출시…컴투스 SWC ...",0.0,0,0,https://www.lcnews.co.kr/news/articleView.html?idxno=201241
2026-04-23,"이재도가 살아났다…상승세의 소노, 정규리그 1위 LG도 잡았다",0.261,1,0,https://www.nocutnews.co.kr/news/6507410?utm_source=naver&utm_medium=article&utm_campaign=20260423092155
2026-04-23,"천만배우, 대리처방→갑질·텐프로? 매니저 폭로 시끌 [DA이슈]",0.0,0,0,https://sports.donga.com/ent/article/all/20260423/133802785/1
2026-04-23,"""불탄 숲에 어린 참나무 1천 그루 심고 왔어요""",0.0,0,0,https://www.ohmynews.com/NWS_Web/View/at_pg.aspx?CNTN_CD=A0003227805&CMPT_CD=P0010&utm_source=naver&utm_medium=newsearch&utm_campaign=naver_news
2026-04-23,약수터/충북지사 지지 호소글 '물의' 별정직 공무원 사의 표명,0.0,0,0,http://www.dynews.co.kr/news/articleView.html?idxno=848040
2026-04-23,"경기복지재단, 1분기 불법사금융 피해 도민 380명 지원",0.0,0,0,https://www.ksmnews.co.kr/news/view.php?idx=602049
2026-04-23,"의성군, 27일부터 고유가 지원금 1차 신청",0.0,0,0,https://www.ksmnews.co.kr/news/view.php?idx=602048
2026-04-23,"대구 서구, ‘고유가 피해지원금’ 신속 지급에 집중",0.0,0,0,https://www.ksmnews.co.kr/news/view.php?idx=602073
2026-04-23,"대구서부경찰서, 다문화가정과 영화로 함께한 범죄예방교실",0.0,0,0,https://www.ksmnews.co.kr/news/view.php?idx=602112
2026-04-23,"대구 남구보건소, 건강더하기 지방빼기 ‘야간운동교실’ 운영",0.0,0,0,https://www.ksmnews.co.kr/news/view.php?idx=602166
2026-04-23,"세종 공동캠퍼스, 연간 8억 세금 부담 벗는다",0.0,0,0,https://www.nocutnews.co.kr/news/6507408?utm_source=naver&utm_medium=article&utm_campaign=20260423083855
2026-04-23,"한화 신설분할 테크·라이프 지주사, 오는 8월 재상장",0.0,0,0,https://www.nocutnews.co.kr/news/6507406?utm_source=naver&utm_medium=article&utm_campaign=20260423083755
2026-04-23,"대구시, 환경개선부담금 납부 편의·효율성 높인다",0.0,0,0,https://www.ksmnews.co.kr/news/view.php?idx=602171
2026-04-23,"靑 ""핵심 경제파트너 베트남과 인프라·에너지 협력 고도화""",0.0,0,0,https://www.nocutnews.co.kr/news/6507405?utm_source=naver&utm_medium=article&utm_campaign=20260423083555
2026-04-23,"충북도 별정직 지지운동 의혹 … 김영환 지사 ""감사 지시""",0.0,0,0,http://www.cctimes.kr/news/articleView.html?idxno=903676
2026-04-23,"톱스타 전직 매니저 ""대리처방, 나도 해준 적 있어…증거 有""",0.0,0,0,https://www.mhnse.com/news/articleView.html?idxno=532694
2026-04-23,"한국수자원공사, 고객만족도 3년 연속 최고등급 달성",0.0,0,0,https://www.ziksir.com/news/articleView.html?idxno=131885
2026-04-23,"금천구, 27일부터 고유가 피해지원금 지급",0.0,0,0,https://www.siminilbo.co.kr/news/newsview.php?ncode=1160286808504154
2026-04-23,"'게임으로 장애를 초월하다'…카카오게임즈, '찾아가는 프렌즈게임 랜드...",0.0,0,0,https://www.xportsnews.com/article/2140608
2026-04-23,[브리프] 유한킴벌리 교원 경동나비엔 롯데컬처웍스 웅진 外,0.0,0,0,http://www.biztribune.co.kr/news/articleView.html?idxno=352944
2026-04-23,"반도체 사업장 앞 삼전노조 4만명 '성과급' 요구…""싸움 중단 없다""",0.0,0,0,https://www.nocutnews.co.kr/news/6507403?utm_source=naver&utm_medium=article&utm_campaign=20260423081955
2026-04-23,다음주부터 고유가 피해지원금 1차 신청…“출생연도 끝자리 확인”,0.0,0,0,https://www.ichannela.com/news/main/news_detailPage.do?publishId=000000525713
2026-04-23,[브리프]빗썸 카카오페이 티머니,0.0,0,0,http://www.biztribune.co.kr/news/articleView.html?idxno=352954
2026-04-23,이상민 최후진술서 '억울함' 호소했지만…검찰 '엄벌' 15년 구형[노컷브...,0.0,0,0,https://www.nocutnews.co.kr/news/6507402?utm_source=naver&utm_medium=article&utm_campaign=20260423081454
2026-04-23,"한국수자원공사, 고객만족도 3년 연속 최고등급 달성..."" 고객 중심 서비...",0.0,0,0,http://www.lkp.news/news/articleView.html?idxno=79516
2026-04-23,"""연기 왜 저래?"" 논란 일더니…'시청률 대박' 반전의 비밀 [덕질경제학...",0.0,0,0,https://www.hankyung.com/article/2026042280277
2026-04-23,기술은 준비됐다. 문제는 소상공인의 실효성,0.0,0,0,https://kidd.co.kr/news/245793
2026-04-23,"사립유치원 교사 73% ""독감 걸려도 출근 강행""",0.0,0,0,https://www.gnnews.co.kr/news/articleView.html?idxno=635668
2026-04-23,충북 현역 단체장 전원 등판 완료…거센 도전 속 선거전 점화,0.0,0,0,https://www.nocutnews.co.kr/news/6507400?utm_source=naver&utm_medium=article&utm_campaign=20260423075254
2026-04-23,"""음주·과속부터 갑질·텐프로까지"" 천만 배우 누구길래 '경악'[스타이슈...",0.0,0,0,https://www.starnewskorea.com/star/2026/04/23/2026042319403652888
2026-04-23,"선관위 ""이진숙 무소속 출마, 탈당 시한 5월 13일…투표함 24시간 공개""",0.0,0,0,https://www.nocutnews.co.kr/news/6507398?utm_source=naver&utm_medium=article&utm_campaign=20260423074554
2026-04-23,"정근식, 서울교육감 진보 단일후보 확정…1차 투표서 과반득표",0.0,0,0,https://www.nocutnews.co.kr/news/6507396?utm_source=naver&utm_medium=article&utm_campaign=20260423081754
2026-04-23,"나상천 첫 장편 '어느 멋진 도망', 출간 하루 만에 베스트셀러 오른 비...",0.0,0,0,https://www.thedailypost.kr/news/articleView.html?idxno=113964
2026-04-23,"호르무즈 통행료 현실화? ""이란 중앙은행에 첫 예치""",0.0,0,0,https://www.nocutnews.co.kr/news/6507395?utm_source=naver&utm_medium=article&utm_campaign=20260423073554
2026-04-27,"힌유원, '4월 동행축제'서 다이어트 식품 소개...""영양과 맛의 조화""",0.0,0,0,https://www.ajunews.com/view/20260424144648820
2026-04-27,'학교 주변 공사현장' 학부모가 직접 점검…44개 사업지,0.0,0,0,https://www.nocutnews.co.kr/news/6507905?utm_source=naver&utm_medium=article&utm_campaign=20260427060102
2026-04-27,"윤호영 카카오뱅크 대표, 2670만 금융 플랫폼 키우고 이번엔 ‘AI 은행’...",0.0,0,0,https://magazine.hankyung.com/business/article/202604220139b
2026-04-27,"평판 1위 ‘당근’, 가고 싶은 곳 1위 ‘토스’...“워라밸보다 ‘성장...",0.322,1,0,https://www.chosun.com/economy/tech_it/2026/04/27/IIOVAK4HDRCDHMX4VZUXKPNNCI/?utm_source=naver&utm_medium=referral&utm_campaign=naver-news
2026-04-27,"쇼핑·광고 업은 네카오, 1Q 실적 청신호…'AI 수익화'는 아직",0.645,2,0,https://www.news1.kr/it-science/general-it/6148430
2026-04-27,27년 철벽 보안 뚫은 AI ‘미토스’…글로벌 방어망에 한국은 없다,0.0,0,0,https://news.kbs.co.kr/news/pc/view/view.do?ncd=8546140&ref=A
2026-04-27,"[BAVP] (1) 모두 모바일 퍼스트 외쳤지만…'진심' 신한 SOL뱅크, '말로만...",0.0,0,0,https://www.fortunekorea.co.kr/news/articleView.html?idxno=52297
2026-04-27,외과 이어 응급의학회도 '책임지도전문의협의회' 출범,0.0,0,0,https://www.dailymedi.com/news/news_view.php?wr_id=936001
2026-04-27,[김지욱 저작권썰.zip]㊴ 스윙스·빅나티 논란이 다시 꺼낸 음악 IP의 오...,0.0,0,0,https://isplus.com/article/view/isp202604260108
2026-04-27,정밀 의료 데이터 구축 속도내는 정부…표준화+보안 화두,0.0,0,0,https://www.medicaltimes.com/Main/News/NewsView.html?ID=1168441&ref=naverpc
2026-04-27,실적과 86세대가 재편한 금융 리더십…2026 파워금융인 30,0.0,0,0,https://magazine.hankyung.com/business/article/202604231859b
2026-04-27,정동영 논란 수습에도…정쟁으로 번진 한미관계,0.0,0,0,https://www.nocutnews.co.kr/news/6508261?utm_source=naver&utm_medium=article&utm_campaign=20260427050108
2026-04-27,김용·김용남도 부담…민주당 최대 난제 '평택을',0.0,0,0,https://www.nocutnews.co.kr/news/6508260?utm_source=naver&utm_medium=article&utm_campaign=20260427050106
2026-04-27,플랫폼 분쟁 폭증에…쿠팡행 공정위 퇴직자 늘었다[only 이데일리],0.0,0,0,http://www.edaily.co.kr/news/newspath.asp?newsid=01118486645420384
2026-04-27,"불붙은 '장특공' 논쟁…""조세 정의"" vs ""매물잠김, 임차인도 피해""",0.0,0,0,https://www.nocutnews.co.kr/news/6508215?utm_source=naver&utm_medium=article&utm_campaign=20260427050103
2026-04-27,"촉법소년 연령 13세로 낮추나…두 달 공론화, 이번 주 결론",0.0,0,0,https://www.nocutnews.co.kr/news/6508243?utm_source=naver&utm_medium=article&utm_campaign=20260427050105
2026-04-27,與의원 40명 대구 총집결…추경호 단일화 구도 막을까,0.0,0,0,https://www.nocutnews.co.kr/news/6508241?utm_source=naver&utm_medium=article&utm_campaign=20260427050106
2026-04-27,'체포방해·금품' 尹부부 항소심 이번주 선고…1심처럼 생중계,0.0,0,0,https://www.nocutnews.co.kr/news/6508262?utm_source=naver&utm_medium=article&utm_campaign=20260427050107
2026-04-27,5대 금융지주 성적 '증권'이 갈랐다…KB·신한·하나 신기록,0.0,0,0,https://www.nocutnews.co.kr/news/6508110?utm_source=naver&utm_medium=article&utm_campaign=20260427050102
2026-04-27,"[단독]경찰, '갑질 논란' 약손명가 전 대표 강요 혐의 檢 송치",0.0,0,0,https://www.nocutnews.co.kr/news/6508245?utm_source=naver&utm_medium=article&utm_campaign=20260427050104
2026-04-27,"'말말말'로 컴백한 자두 ""모든 사람 말에 휘둘리다가 기준 잃을 뻔했죠...",0.0,0,0,https://www.nocutnews.co.kr/news/6508093?utm_source=naver&utm_medium=article&utm_campaign=20260427050108
2026-04-27,"만찬장 총격 용의자 ""이란 요원이었다면, 아무도 몰랐을 것""",0.0,0,0,https://www.nocutnews.co.kr/news/6508265?utm_source=naver&utm_medium=article&utm_campaign=20260427044302
2026-04-27,“서울 미세먼지 줄이자”… 감시-알림 강화,0.0,0,0,https://www.donga.com/news/Society/article/all/20260427/133815532/2
2026-04-27,[사설] 공정위 과징금은 공정한가,-0.408,0,1,https://www.mt.co.kr/opinion/2026/04/27/2026042317294218930
2026-04-27,"[HOT 뉴스] 담양군, 27일부터 '담나귀, 대쪽이, 메티' 등 카카오톡 이모...",0.0,0,0,http://www.bizwnews.com/news/articleView.html?idxno=134715
2026-04-27,청소년 자산도 온라인서 통합 관리… AI가 카드 소비 리포트 제공,0.0,0,0,https://www.chosun.com/economy/money/2026/04/27/FPNWT72H7FHCJCITAFQJ6R3MMM/?utm_source=naver&utm_medium=referral&utm_campaign=naver-news
2026-04-27,"송언석 ""與 전재수·송영길은 출마, 野 권성동은 유죄? 이게 공정한가""",0.0,0,0,https://www.jibs.co.kr/news/articles/articlesDetail/60515?feed=na
2026-04-27,‘시스템ʼ 신한 vs ‘금리ʼ 우리…50조 서울시금고 향방은 [은행권 금...,0.0,0,0,http://www.fntimes.com/html/view.php?ud=202604252229351023dd55077bc2_18
2026-04-27,고유가 피해지원금 신청 기준·대상·사용처 안내,0.0,0,0,https://www.bntnews.co.kr/article/view/bnt202604250101
2026-04-27,"'리테일 후발주자' 메리츠증권, PIB·디지털 기반 공격적 확장 [증권사,...",0.0,0,0,http://www.fntimes.com/html/view.php?ud=202604252223488802dd55077bc2_18
2026-04-26,"이란 외무, 다시 파키스탄으로…미·이란 협상 불씨 살아나나",0.0,0,0,https://www.nocutnews.co.kr/news/6508264?utm_source=naver&utm_medium=article&utm_campaign=20260426114659
2026-04-26,"정성호 ""檢, 윤석열 정적제거 부역 비판…국민 분노 공감해야""",0.0,0,0,https://www.nocutnews.co.kr/news/6508263?utm_source=naver&utm_medium=article&utm_campaign=20260426112959
2026-04-26,"""동물학대는 살인의 전조"" [생명의 자리]",0.0,0,0,https://www.sisaon.co.kr/news/articleView.html?idxno=200590
2026-04-26,"민주당 화순군수 후보, 임지락 후보 선출",0.0,0,0,https://www.nocutnews.co.kr/news/6508256?utm_source=naver&utm_medium=article&utm_campaign=20260426110659
2026-04-26,6·3 지선 전남 22개 시장·군수 대진표 확정,0.0,0,0,https://www.nocutnews.co.kr/news/6508257?utm_source=naver&utm_medium=article&utm_campaign=20260426112359
2026-04-26,"세 번 총격 위기 넘긴 트럼프 ""행사 계속 진행하자 했다""…'건재 부각'",0.0,0,0,https://www.nocutnews.co.kr/news/6508255?utm_source=naver&utm_medium=article&utm_campaign=20260426100658
2026-04-26,"대구달서여성새로일하기센터, 'AI 융합 웹툰 작가 양성 과정' 본격 개강",0.0,0,0,https://www.ksmnews.co.kr/news/view.php?idx=602262
2026-04-26,"구미시, '고유가 피해지원금' 1차 신청·접수",0.0,0,0,https://www.ksmnews.co.kr/news/view.php?idx=602442
2026-04-26,'1인당 10만 원' 경남 생활지원금 “마침내 신청 시작”…328만 도민 '활...,0.0,0,0,https://www.wikitree.co.kr/articles/1133614
2026-04-26,"서부署, 다문화가정과 범죄예방교실",0.0,0,0,https://www.idaegu.co.kr/news/articleView.html?idxno=546272
2026-04-26,"수원특례시, '고유가 피해지원금 TF' 가동… 신청 혼잡 최소화 총력",0.0,0,0,https://www.thereport.co.kr/news/articleView.html?idxno=87162
2026-04-26,압각수 천년 역사…'청주 국가유산 야행' 관람객 10만명,0.0,0,0,https://www.nocutnews.co.kr/news/6508248?utm_source=naver&utm_medium=article&utm_campaign=20260426090058
2026-04-26,불법 유턴하다 보행자 치어 숨지게 한 70대 금고 2년,0.0,0,0,https://www.nocutnews.co.kr/news/6508253?utm_source=naver&utm_medium=article&utm_campaign=20260426085358
2026-04-26,'1시간59분30초' 마라톤 2시간의 벽이 무너졌다…사웨 세계신기록,0.0,0,0,https://www.nocutnews.co.kr/news/6508254?utm_source=naver&utm_medium=article&utm_campaign=20260426085358
2026-04-26,충북 전역 건조주의보…청주·단양 등 4곳서 산불 잇따라,0.0,0,0,https://www.nocutnews.co.kr/news/6508251?utm_source=naver&utm_medium=article&utm_campaign=20260426084358
2026-04-26,"수원시, 고유가 지원금 TF 가동…신청 지원 총력",0.0,0,0,http://www.enewstoday.co.kr/news/articleView.html?idxno=2423313
2026-04-26,청주원도심골목길축제 '봄:중앙극장' 3만명 발길,0.0,0,0,https://www.nocutnews.co.kr/news/6508249?utm_source=naver&utm_medium=article&utm_campaign=20260426081157
2026-04-26,"봉화군선관위, 여론조사 관련 제삼자 기부행위 혐의 고발",0.0,0,0,https://www.dkilbo.com/news/articleView.html?idxno=542471
2026-04-26,"청주 서문성결교회, 창립 97주년 기념 박명룡 담임목사 위임 및 원로, 명...",0.0,0,0,https://www.nocutnews.co.kr/news/6508239?utm_source=naver&utm_medium=article&utm_campaign=20260426075457
2026-04-26,"삼성전자 노조, '이재용 자택' 집회에…주주단체 '맞불' 예고",0.0,0,0,https://www.nocutnews.co.kr/news/6508244?utm_source=naver&utm_medium=article&utm_campaign=20260426074757
2026-04-26,"[미리보는 이데일리 신문]정의선 뚝심…아이오닉V, 中공략 재시동",0.261,1,0,http://www.edaily.co.kr/news/newspath.asp?newsid=03237366645420056
2026-04-26,고유가 피해지원금 신청 잊지마세요…27일부터 1차 지급,0.0,0,0,https://www.wikitree.co.kr/articles/1133600
2026-04-26,김부겸 대구시장 후보 선거사무소 개소…5천명 운집 성료,0.0,0,0,https://www.nocutnews.co.kr/news/6508237?utm_source=naver&utm_medium=article&utm_campaign=20260426071957
2026-04-26,"OECD ""韓 잠재성장률 하락"" 전망…구윤철 부총리 ""반드시 반등""",0.38,2,1,https://www.nocutnews.co.kr/news/6508235?utm_source=naver&utm_medium=article&utm_campaign=20260426071857
2026-04-26,"주요국 지도자들, 트럼프 참석 만찬장 총격 사건에 ""폭력 규탄""",0.0,0,0,https://www.nocutnews.co.kr/news/6508242?utm_source=naver&utm_medium=article&utm_campaign=20260426071757
2026-04-26,"“기초수급자 55만원, 지방은 60만원”…고유가 피해지원금 내일부터 접...",0.0,0,0,http://www.segyebiz.com/newsView/20260426509807?OutUrl=naver
2026-04-26,"법조계 ""대리등록은 업무방해죄"" 의견… 진보 경기도교육감 경선 '무효...",0.0,0,0,https://www.kihoilbo.co.kr/news/articleView.html?idxno=3020918
2026-04-26,"경찰, '수사 기록 유출' 백해룡 감찰 착수… ""마약 카르텔 비호"" 반발",0.0,0,0,https://www.hankookilbo.com/news/article/A2026042617550005344?did=NA
2026-04-26,'또 홈에서 4실점' 와르르 무너진 울산의 수비…서울은 독주 체제,0.0,0,0,https://www.nocutnews.co.kr/news/6508240?utm_source=naver&utm_medium=article&utm_campaign=20260426063357
2026-04-26,"송언석 ""전재수·송영길 무죄면 권성동 무죄…표적수사·조작기소""",0.0,0,0,https://www.imaeil.com/page/view/2026042615385170539
2026-04-26,송언석 “권성동 의원 무죄 판결 촉구⋯첫 단추부터 불공정 표적수사”,0.0,0,0,https://www.kwnews.co.kr/page/view/2026042650155700000
2026-04-26,작년보다 2만명 더 몰린 월드IT쇼,0.0,0,0,https://www.hankyung.com/article/2026042673611
2026-04-26,스마트 개미가 탐낼 실적 유망주는 '에너지·건설·AI',-0.165,1,1,https://www.hankyung.com/article/2026042673851
2026-04-26,"한화 김서현, 또 무너졌다…NC 대타 안중열에게 결승 투런포 허용",0.0,0,0,https://www.nocutnews.co.kr/news/6508234?utm_source=naver&utm_medium=article&utm_campaign=20260426060556
2026-04-26,이재명 정부 '담합과의 전쟁'…특수 맞은 로펌 공정거래팀,-0.38,0,1,https://www.hankyung.com/article/2026042674511
2026-04-26,'수사기록 유출' 백해룡 감찰 본격화…징계 요구 후폭풍,0.0,0,0,https://www.kado.net/news/articleView.html?idxno=2046880
2026-04-26,발 디딜 곳 없는 인천 다남로 버스정류장… 주민 안전 '경고등',0.0,0,0,https://www.joongboo.com/news/articleView.html?idxno=363723976
2026-04-26,수수료 없고 MTS도 간편…국내주식 거래 ‘메기’ 된 온라인證,0.0,0,0,https://www.sedaily.com/article/20037223?ref=naver
2026-04-26,순천소방서 '한평정원'으로 심리회복…소방관 마음근육 강화,0.0,0,0,https://www.nocutnews.co.kr/news/6508228?utm_source=naver&utm_medium=article&utm_campaign=20260426054556
2026-04-26,"김문수 국회의원, 교육·의료 3대 입법 성과…국회 본회의 통과",0.0,0,0,https://www.nocutnews.co.kr/news/6508225?utm_source=naver&utm_medium=article&utm_campaign=20260426054457
2026-04-26,"순천농협, 농관원과 함께 로컬푸드 출하농가 합동교육",0.0,0,0,https://www.nocutnews.co.kr/news/6508226?utm_source=naver&utm_medium=article&utm_campaign=20260426054457
2026-04-26,"신지 예비남편 문원 이혼 고백으로 일 끊겨…""물류창고·청소 다녔다""",0.0,0,0,https://www.nocutnews.co.kr/news/6508229?utm_source=naver&utm_medium=article&utm_campaign=20260426054956
2026-04-26,"'159㎞ 쾅!' 키움의 고졸 루키 '7억 팔' 박준현, 데뷔전 무실점 승리",0.0,0,0,https://www.nocutnews.co.kr/news/6508227?utm_source=naver&utm_medium=article&utm_campaign=20260426054156
2026-04-26,네카오 밀어낸 LS그룹 '톱10' 진입…HD현대·한화·두산도 질주,0.0,0,0,https://www.hankyung.com/article/2026042674421
2026-04-26,'삼전' 다음으로 많이 샀다…외국인 1조 베팅한 'K굴뚝주',0.0,0,0,https://www.hankyung.com/article/2026042675001
2026-04-26,'유령 메신저' 쓰며 수사망 따돌려 … 피해자 모임 갔더니 또 사기,0.0,0,0,https://www.mk.co.kr/article/12027698
2026-04-26,"개혁신당 천하람·정이한 ""아이들이 뛰어노는 학교 만들겠다""",0.0,0,0,https://www.nocutnews.co.kr/news/6508223?utm_source=naver&utm_medium=article&utm_campaign=20260426053256
2026-04-26,"상의, 지역 기업 인력난 해소 위해 아시아 엘리트 공학도 유치",0.0,0,0,https://www.nocutnews.co.kr/news/6508221?utm_source=naver&utm_medium=article&utm_campaign=20260426053156
2026-04-26,"李대통령, 백악관 만찬 총격사건에 ""민주주의 중대한 위협""",0.0,0,0,https://www.nocutnews.co.kr/news/6508224?utm_source=naver&utm_medium=article&utm_campaign=20260426053157
2026-04-26,"경총, 기업 89% ""시정기회 없이 수사하는 산업안전 감독 우려""",0.0,0,0,https://www.nocutnews.co.kr/news/6508220?utm_source=naver&utm_medium=article&utm_campaign=20260426052856
2026-04-26,"삼성, 2026년 상반기 삼성직무적성검사 실시…5년간 6만 명 채용",0.0,0,0,https://www.nocutnews.co.kr/news/6508219?utm_source=naver&utm_medium=article&utm_campaign=20260426052756
2026-04-26,"무협, 중동발 물류난 겪는 중소·중견기업에 해상·항공 총력 지원",0.0,0,0,https://www.nocutnews.co.kr/news/6508218?utm_source=naver&utm_medium=article&utm_campaign=20260426052656
2026-04-26,'무명' 최찬의 반란…임성재·이태훈·장유빈 등 제치고 첫 우승,0.0,0,0,https://www.nocutnews.co.kr/news/6508217?utm_source=naver&utm_medium=article&utm_campaign=20260426052356
2026-04-26,'봄은 이예원의 계절' 덕신EPC에서 통산 10승…3~5월에만 7승 수확,0.0,0,0,https://www.nocutnews.co.kr/news/6508216?utm_source=naver&utm_medium=article&utm_campaign=20260426052256
2026-04-26,"화물연대, 숨진 간부 정신계승 '총력투쟁 결의대회'",0.0,0,0,https://www.nocutnews.co.kr/news/6508212?utm_source=naver&utm_medium=article&utm_campaign=20260426051856
2026-04-26,"김영훈 장관 ""단기근로자 돈 더 주는 '공정수당' 도입""",0.0,0,0,https://www.nocutnews.co.kr/news/6508211?utm_source=naver&utm_medium=article&utm_campaign=20260426051756
2026-04-26,경북도 3개 대학 인공지능 교육 개발 지원사업 선정,0.0,0,0,https://www.nocutnews.co.kr/news/6508210?utm_source=naver&utm_medium=article&utm_campaign=20260426050656
2026-04-26,"전남도립미술관, 어린이날 특별 행사 '어린이 아트 데이'",0.0,0,0,https://www.nocutnews.co.kr/news/6508208?utm_source=naver&utm_medium=article&utm_campaign=20260426050556
2026-04-26,"송언석 ""전재수·송영길 무죄면 권성동도 무죄…특검 조작 기소""",0.0,0,0,https://www.sisajournal.com/news/articleView.html?idxno=370911
2026-04-26,"김광수 제주교육감 재선 출마 선언 ""중단없는 변화""",0.0,0,0,https://www.nocutnews.co.kr/news/6508207?utm_source=naver&utm_medium=article&utm_campaign=20260426045856
2026-04-26,"파루솔라연구소, 태양광 운영 성과 연구보고서 공개…추적식 최대 31% 발...",0.0,0,0,https://www.nocutnews.co.kr/news/6508203?utm_source=naver&utm_medium=article&utm_campaign=20260426045456
2026-04-26,"전담팀 가동·예비비 11억 원 투입... 중구, 27일부터 '고유가 피해지원...",0.0,0,0,https://www.cnbizm.com/news/articleView.html?idxno=301237
2026-04-26,고유가 피해지원금 27일 1차 지급 시작…첫 주는 출생연도 끝자리 요일...,0.0,0,0,https://www.sedaily.com/article/20037196?ref=naver
2026-04-26,"대전 동구, 생계급여 수급자에 '신고 안내 알림톡' 발송",0.0,0,0,https://www.joongdo.co.kr/web/view.php?key=20260426010007742
2026-04-26,"장관호 교육감 예비후보, 선대위 발대식 및 선거사무소 개소식",0.0,0,0,https://www.nocutnews.co.kr/news/6508200?utm_source=naver&utm_medium=article&utm_campaign=20260426044356
2026-04-26,"전남교육청-전남교사노조, 정책협의 47개 의제 합의",0.0,0,0,https://www.nocutnews.co.kr/news/6508201?utm_source=naver&utm_medium=article&utm_campaign=20260426044256
2026-04-26,"김미영 민주당 순천시의원 예비후보 ""생활의 작은 불편까지 바꾸겠다""",0.0,0,0,https://www.nocutnews.co.kr/news/6508199?utm_source=naver&utm_medium=article&utm_campaign=20260426043756
2026-04-26,"'박지수 없어도 압도적' KB스타즈, 3연승 통합 우승…MVP 허예은",0.0,0,0,https://www.nocutnews.co.kr/news/6508197?utm_source=naver&utm_medium=article&utm_campaign=20260426043056
2026-04-26,"대구시, 전국 최초 지반침하 전조증상 조사에 AI 활용",0.0,0,0,https://www.nocutnews.co.kr/news/6508196?utm_source=naver&utm_medium=article&utm_campaign=20260426042756
2026-04-26,자녀 훈육 문제로 다투다 그만…남편에 흉기 휘두른 아내 체포,0.0,0,0,https://www.nocutnews.co.kr/news/6508192?utm_source=naver&utm_medium=article&utm_campaign=20260426043857
2026-04-28,"금감원, 카카오톡으로 금융교육 실시",-0.408,0,1,http://www.edaily.co.kr/news/newspath.asp?newsid=02069686645420712
2026-04-28,"""이제 카톡으로 금융 공부하세요""…채널 개설 기념 이벤트",-0.408,0,1,https://www.asiatime.co.kr/article/20260427500371
2026-04-28,피해지원금 지급 시작…카드사 반사이익 기대 속 ‘실익은 제한’,0.0,0,0,https://www.kukinews.com/article/view/kuk202604270181
2026-04-28,원조 액상비타민의 반격…주춤하던 '오쏘몰' 2Q 연속 매출↑,0.0,0,0,https://www.dailypharm.com/user/news/337942?REFERER=NP
2026-04-28,[노트북 너머] 2349억의 찔러보기,-0.682,0,2,https://www.etoday.co.kr/news/view/2579432
2026-04-28,"""전쟁에도 매출·수주 늘고 재고 줄어""…4월 기업 체감경기 개선",0.38,1,0,https://www.nocutnews.co.kr/news/6508898?utm_source=naver&utm_medium=article&utm_campaign=20260428060016
2026-04-28,“요가 가요” “통기타 레슨 중”…딱 2초 일상 공유앱 ‘셋로그’ 화...,0.0,0,0,https://news.kbs.co.kr/news/pc/view/view.do?ncd=8547315&ref=A
2026-04-28,망원·뚝섬한강공원 가정의달·어린이날 프로그램 마련,0.0,0,0,https://www.nocutnews.co.kr/news/6508849?utm_source=naver&utm_medium=article&utm_campaign=20260428060015
2026-04-28,"[인터뷰] 임성수 그렙 대표 ""AI 역량 평가로 채용 판도 바꿀 것""",0.0,0,0,https://www.ddaily.co.kr/page/view/2026042717560184015
2026-04-28,"금감원, 카카오톡 채널 ‘FSS 금융교육센터’ 개설",-0.408,0,1,https://biz.chosun.com/stock/finance/2026/04/28/ZWK2J4XBBBFADEEBRV2AFMCVZE/?utm_source=naver&utm_medium=original&utm_campaign=biz
2026-04-28,"금감원, ‘FSS 금융교육센터’ 카카오톡 개설…친구 100명에 기프티콘 ...",-0.408,0,1,https://www.etoday.co.kr/news/view/2579614
2026-04-28,"금감원, 'FSS 금융교육센터' 카카오톡 채널 개설",-0.408,0,1,https://www.newsis.com/view/NISX20260427_0003608259
2026-04-28,"[오늘(28일)의 경제·산업 주요 일정·행사] '삼성SDI, 2026년 1분기 경영...",0.0,0,0,http://www.popcornnews.net/news/articleView.html?idxno=119475
2026-04-28,"“금융교육도 카카오톡으로”…금감원, ‘FSS 금융교육센터’ 카카오톡...",-0.408,0,1,https://www.dailian.co.kr/news/view/1638588/?sc=Naver
2026-04-28,카톡으로 금융교육 만난다…'FSS 금융교육센터' 채널 개설,0.0,0,0,https://www.news1.kr/finance/general-finance/6150368
2026-04-28,"[게시판] 금감원, 'FSS 금융교육센터' 카카오톡 채널 열어",-0.408,0,1,https://www.yna.co.kr/view/AKR20260427136200002?input=1195m
2026-04-28,[오늘의 주요일정]법조(4월28일 화요일),0.0,0,0,https://www.newsis.com/view/NISX20260427_0003608291
2026-04-28,"금융감독원, 'FSS 금융교육센터' 카카오톡 채널 개설",-0.408,0,1,https://www.insnews.co.kr/news/articleView.html?idxno=90486
2026-04-28,"[K팝, 왜 한국을 떠났나]노래만 팔던 시대는 끝났다…K팝, 4대 생존 전략...",0.0,0,0,https://view.asiae.co.kr/article/2026042414411746123
2026-04-28,"[2026 한국소비자만족지수 1위] 사춘기 피부 특화 홈케어 브랜드, 노일리",0.322,1,0,https://magazine.hankyung.com/business/article/202604244868b
2026-04-28,"""나는 못 하겠다"" 배다해, 100세 시할아버지 '장수 식단' 따라 하다 포기...",0.0,0,0,https://www.insight.co.kr/news/551844
2026-04-28,"카카오모빌 류긍선, '피지컬AI' 기업 변신 예약…자율주행·로봇 정조준",0.322,1,0,https://www.shinailbo.co.kr/news/articleView.html?idxno=5015525
2026-04-28,‘담나귀’ ‘대쪽이’ ‘메티’… 담양 새 관광 캐릭터 만나러 오세요,0.0,0,0,https://www.seoul.co.kr/news/publicnews/local_govern/enjoy_local/2026/04/28/20260428022001?wlog_tag3=naver
2026-04-28,K웹툰 손잡고… ‘月 방문 8600만’ 스페인어권 불법 사이트 막았다,0.0,0,0,https://www.seoul.co.kr/news/economy/IT/2026/04/28/20260428029002?wlog_tag3=naver
2026-04-28,“내 돈인데 못 꺼낸다”… 모임통장 ‘계주 리스크’,0.0,0,0,https://www.seoul.co.kr/news/economy/finance/2026/04/28/20260428029001?wlog_tag3=naver
2026-04-28,"롯데호텔앤리조트, 금빛 감성 담은 호텔급 프리미엄 디저트… ‘5성급 ...",0.0,0,0,https://www.seoul.co.kr/news/economy/2026/04/28/20260428017001?wlog_tag3=naver
2026-04-28,"[N2 포커스] 카카오, '카톡 중심 광고'로 네이버 검색광고에 도전장",0.0,0,0,https://www.news2day.co.kr/article/20260427500197
2026-04-28,[기고]인도·베트남과 함께 여는 '국가 대도약'의 길,0.0,0,0,https://www.nocutnews.co.kr/news/6508732?utm_source=naver&utm_medium=article&utm_campaign=20260428050016
2026-04-28,첫 확인 앞둔 '김건희 수사청탁'…종합특검 수사 영향 주목,0.0,0,0,https://www.nocutnews.co.kr/news/6509024?utm_source=naver&utm_medium=article&utm_campaign=20260428050019
2026-04-28,"원수는 외나무 다리서…조국, '저격수' 김용남과 재회",0.0,0,0,https://www.nocutnews.co.kr/news/6509022?utm_source=naver&utm_medium=article&utm_campaign=20260428050018
2026-04-28,"""여기까지 가능한가요?""…격오지 거주자 '가정간호' 사각지대",0.0,0,0,https://www.nocutnews.co.kr/news/6509010?utm_source=naver&utm_medium=article&utm_campaign=20260428050017
2026-04-28,"[기고]日자위대, 미군 대체 현실화?",0.0,0,0,https://www.nocutnews.co.kr/news/6508889?utm_source=naver&utm_medium=article&utm_campaign=20260428050019
2026-04-28,"하정우 등판, 부산북갑 1대2 싸움에 한동훈계 '위기감'",0.0,0,0,https://www.nocutnews.co.kr/news/6509017?utm_source=naver&utm_medium=article&utm_campaign=20260428050018
2026-04-28,"日 닛산 물들인 3번째 레드 오션…""'동반자' 동방신기, 돋보이는 롱런""...",0.0,0,0,https://www.nocutnews.co.kr/news/6509027?utm_source=naver&utm_medium=article&utm_campaign=20260428050020
2026-04-28,"우원식, 개헌 불씨 살리기 안간힘…국힘 이탈표 확보 '난망'",0.0,0,0,https://www.nocutnews.co.kr/news/6509016?utm_source=naver&utm_medium=article&utm_campaign=20260428050015
2026-04-28,바닥 드러나자 악취 '진동'…부산 동천 관로 공사에 시민 불편,0.0,0,0,https://www.nocutnews.co.kr/news/6508974?utm_source=naver&utm_medium=article&utm_campaign=20260428050014
2026-04-28,"[르포]한동훈 변수·하정우 기대·박민식 귀환…북갑 민심, 갈림길에 서...",0.0,0,0,https://www.nocutnews.co.kr/news/6508982?utm_source=naver&utm_medium=article&utm_campaign=20260428050017
2026-04-28,"""멈추면 잘린다""…작업중지권 확대에도 건설현장은 '막막'",0.0,0,0,https://www.nocutnews.co.kr/news/6508793?utm_source=naver&utm_medium=article&utm_campaign=20260428050016
2026-04-28,[오늘의 주요일정]금융·증권(4월28일 화요일),-0.408,0,1,https://www.newsis.com/view/NISX20260427_0003608264
2026-04-28,"동방신기·트와이스·에스파, 어떻게 동시에 日 3대 공연장 콘서트가 가...",0.0,0,0,https://www.newsis.com/view/NISX20260427_0003608133
2026-04-28,"[2026 한국소비자만족지수 1위] 세무사·소상공인 위한 핀테크 플랫폼, ...",0.0,0,0,https://magazine.hankyung.com/business/article/202604203155b
2026-04-28,"[글로벌 비즈 브리핑] 오픈AI, 직접 스마트폰까지 만드나?…""퀄컴·미디...",0.0,0,0,https://biz.sbs.co.kr/article_hub/20000307032?division=NAVER
2026-04-28,"[2026 한국소비자만족지수 1위] 라이브커머스 콘텐츠 제작, 925컴퍼니",0.322,1,0,https://magazine.hankyung.com/business/article/202604244866b
2026-04-28,충전 9분·제로백 2초·로보택시…더 매서워진 中 미래차 공습,0.0,0,0,https://www.nocutnews.co.kr/news/6508944?utm_source=naver&utm_medium=article&utm_campaign=20260428043014
2026-04-28,SNS에 금융 담는다…머스크 '엑스 머니' 곧 공개,0.0,0,0,https://biz.sbs.co.kr/article_hub/20000307027?division=NAVER
2026-04-28,"꽃구경도 식후경, 입맛 당긴 '中企 간편식'",0.0,0,0,https://www.mt.co.kr/policy/2026/04/28/2026042720054948071
2026-04-28,SNS에 금융 기능 담는 머스크…6% 금리 ‘엑스 머니’ 곧 공개,0.0,0,0,https://news.kbs.co.kr/news/pc/view/view.do?ncd=8547290&ref=A
2026-04-28,SNS에 금융 기능 담는 머스크...6% 금리 '엑스 머니' 곧 공개,0.0,0,0,https://www.ytn.co.kr/_ln/0104_202604280308296138
2026-04-28,SNS에 금융 기능 담는 머스크…6% 금리 '엑스 머니' 곧 공개,0.0,0,0,https://www.yna.co.kr/view/AKR20260428003200075?input=1195m
2026-04-28,[핫게임] 카카오게임즈 장애인 게임 보조기기 지원 / 리니지 클래식 오...,0.0,0,0,https://www.webeconomy.co.kr/news/articleView.html?idxno=2155353
2026-04-28,"“워라밸보다 성장 기회가 중요”… 당근, 플랫폼 재직자 평판 1위",0.322,1,0,https://www.chosun.com/economy/tech_it/2026/04/28/W7H3TT3QZBGMRLLGHXFNEAXOUA/?utm_source=naver&utm_medium=referral&utm_campaign=naver-news
2026-04-28,“이곳은 車 고의사고 다발구간 조심하세요”,0.0,0,0,https://www.donga.com/news/Economy/article/all/20260427/133821952/2
2026-04-28,"강원랜드, 단종문화제서 지역상생·건전게임문화 캠페인 전개",0.0,0,0,https://www.kwnews.co.kr/page/view/2026042750063800000
2026-04-28,"카카오엔터 ""스페인 불법 웹툰 사이트 추적해 폐쇄""",0.0,0,0,https://www.webeconomy.co.kr/news/articleView.html?idxno=2155190
2026-04-27,"천안시, 태안국제원예치유박람회에서 '천안 관광' 홍보부스 운영",0.0,0,0,http://www.ccnnews.co.kr/news/articleView.html?idxno=408680
2026-04-27,"키다리스튜디오, 불법 웹툰 플랫폼 해외 차단 성과",0.0,0,0,https://www.kdpress.co.kr/news/articleView.html?idxno=204723
2026-04-27,"특검, '건진법사' 전성배 항소심서 징역 8년 구형",0.0,0,0,https://www.nocutnews.co.kr/news/6509023?utm_source=naver&utm_medium=article&utm_campaign=20260427110811
2026-04-27,"GLN인터내셔널, 일본·베트남·라오스 해외 QR출금 서비스 채널 전면 확...",0.0,0,0,https://www.webeconomy.co.kr/news/articleView.html?idxno=2155268
2026-04-27,"달성군, 고유가 피해지원금 본격 지급",0.0,0,0,https://www.sentv.co.kr/article/view/sentv202604270185
2026-04-27,"창원시의회, 액화수소 매매협약 동의안 통과…정상화 방안 찾나",0.0,0,0,https://www.nocutnews.co.kr/news/6509021?utm_source=naver&utm_medium=article&utm_campaign=20260427110011
2026-04-27,청주 가덕면 농기계 제조 공장서 불…대응 1단계 발령,0.0,0,0,https://www.nocutnews.co.kr/news/6509015?utm_source=naver&utm_medium=article&utm_campaign=20260427105911
2026-04-27,"종합특검, 尹에 30일 첫 소환조사 통보…출석은 미정",0.0,0,0,https://www.nocutnews.co.kr/news/6509020?utm_source=naver&utm_medium=article&utm_campaign=20260427105711
2026-04-27,15년 전 하이닉스 주식 2만 원대에 산 여배우…수익률 계산해 보니,0.0,0,0,https://www.wikitree.co.kr/articles/1133841
2026-04-27,"실적은 '맑음', 주가는 '흐림'…네카오, AI 아닌 '구형 무기'로 호실적",0.583,1,0,https://www.pointdaily.co.kr/news/articleView.html?idxno=303018
2026-04-27,[업앤다운]게임주 강보합…썸에이지 상한가·조이시티↓,0.408,2,1,https://www.nspna.com/news/?mode=view&newsid=811137
2026-04-27,[Who Is ?] 한상우 카카오게임즈 대표이사,0.0,0,0,https://www.businesspost.co.kr/BP?command=article_view&num=436424
2026-04-27,"GLN 인터내셔널, 일본·베트남·라오스 '해외 QR출금 서비스' 채널 확대",0.0,0,0,https://www.siminilbo.co.kr/news/newsview.php?ncode=1160291911740880
2026-04-27,청주 남이면 폐기물처리시설서 불…20여 분 만에 주불 진화,0.0,0,0,https://www.nocutnews.co.kr/news/6509012?utm_source=naver&utm_medium=article&utm_campaign=20260427100810
2026-04-27,[현장] 글로벌 최고 수준 대한민국 AI 기술의 場 ‘2026 월드IT쇼’ 성황...,0.0,0,0,https://www.mediawatch.kr/news/article.html?no=259412
2026-04-27,"고법, 통일교 윤 전 본부장 '징역 1년 6개월' 선고…신천지 수사 관심",0.0,0,0,https://www.nocutnews.co.kr/news/6508976?utm_source=naver&utm_medium=article&utm_campaign=20260427100010
2026-04-27,"상미당홀딩스, 알바 대학생에 '행복한 장학금' 2억7천만원 전달",0.0,0,0,https://www.nocutnews.co.kr/news/6509009?utm_source=naver&utm_medium=article&utm_campaign=20260427095910
2026-04-27,"서울노동위 ""화물연대도 교섭 대상""…화물연대 ""논란 종지부""",0.0,0,0,https://www.nocutnews.co.kr/news/6509008?utm_source=naver&utm_medium=article&utm_campaign=20260427095911
2026-04-27,올해도 게임 즐거움 장애 여부 없이 누구나,0.0,0,0,https://wemakenews.co.kr/news/view.php?no=25159
2026-04-27,‘나혼랩’ e스포츠로 순풍에 돛 달았다,0.0,0,0,https://wemakenews.co.kr/news/view.php?no=25156
2026-04-27,"충남도, 대형 산불 복구 올해 마무리…'재해 대응형 산림' 전환",0.0,0,0,https://www.nocutnews.co.kr/news/6509007?utm_source=naver&utm_medium=article&utm_campaign=20260427095110
2026-04-27,"개보위 과징금, 상위 20건 중 절반이 10억 넘어",-0.408,0,1,https://zdnet.co.kr/view/?no=20260427171716
2026-04-27,"반클리프 아펠, 신세계백화점 강남점 리뉴얼 오픈",0.0,0,0,https://www.nocutnews.co.kr/news/6509005?utm_source=naver&utm_medium=article&utm_campaign=20260427094410
2026-04-27,"위기 속 수출길 확장…충남, 해외 바이어 상담회서 6900만 달러 MOU",0.0,0,0,https://www.nocutnews.co.kr/news/6509004?utm_source=naver&utm_medium=article&utm_campaign=20260427093710
2026-04-27,AI로 '토더기 김해 대모험' 게임 제작,0.0,0,0,http://www.gnmaeil.com/news/articleView.html?idxno=585486
2026-04-27,“기안84도 당했다” ‘월 400억씩’ 고혈 빨아간 ‘뉴토끼’...문체부 ...,0.322,1,0,https://www.sedaily.com/article/20037795?ref=naver
2026-04-27,[브리프] 국민은행 신한은행 농협은행 기업은행 신협 케이뱅크 카카오뱅...,0.0,0,0,http://www.biztribune.co.kr/news/articleView.html?idxno=353173
2026-04-27,"간호협회, '차세대 통합정보시스템' 공식 오픈",0.0,0,0,https://www.bosa.co.kr/news/articleView.html?idxno=3003761
2026-04-27,"김지철 충남교육감 ""교육가족의 정성과 헌신 또한 존중받아야 할 노동""",0.0,0,0,https://www.nocutnews.co.kr/news/6509001?utm_source=naver&utm_medium=article&utm_campaign=20260427090710
2026-04-27,'이게 다시 유행한다고?'…2030 女 열광한 '힙한 바지' 뭐길래,0.0,0,0,https://www.hankyung.com/article/202604270207g
2026-04-27,"압도적인 '봄' 소노, 챔피언 LG마저 삼켰다…창단 첫 챔프전 진출",0.0,0,0,https://www.nocutnews.co.kr/news/6508999?utm_source=naver&utm_medium=article&utm_campaign=20260427090410
2026-04-27,'고의 사고 다발 지역' 확대 지정…사고 유형도 안내,0.0,0,0,https://news.sbs.co.kr/news/endPage.do?news_id=N1008535213&plink=ORI&cooper=NAVER
2026-04-27,‘미토스 쇼크’…영화 속 ‘엔티티’ 등장인가,0.0,0,0,https://www.mk.co.kr/article/12026390
2026-04-27,"[금융가 산책] NH농협은행, '후계농 육성자금 무방문 대출' 도입",0.0,0,0,https://www.newsinside.kr/news/articleView.html?idxno=4628242
2026-04-27,"세무사회, 환급플랫폼 '덧셈' 공정위 신고…'반복적 거짓 광고 행위' 소...",0.0,0,0,https://www.sejungilbo.com/news/articleView.html?idxno=58201
2026-04-27,"NH투자증권, 연금 모바일 가이드 오픈",0.0,0,0,http://www.whitepaper.co.kr/news/articleView.html?idxno=261691
2026-04-27,"[K-스토리] ""기다림의 미학""…소영주 소장의 비상장주식 투자 철학",0.0,0,0,https://www.yna.co.kr/view/MYH20260427012000371?input=1197m
2026-04-27,"달성군, 고유가 피해지원금 지급 본격화",0.0,0,0,https://www.ksmnews.co.kr/news/view.php?idx=602592
2026-04-27,불법사이트 긴급차단 내달 첫 발동…‘제2 누누티비’ 뿌리 뽑는다,0.0,0,0,https://www.sedaily.com/article/20037768?ref=naver
2026-04-27,'예솔이'가 '소리꾼'으로 되기까지…이자람의 판소리 여정,0.0,0,0,https://www.nocutnews.co.kr/news/6508997?utm_source=naver&utm_medium=article&utm_campaign=20260427083910
2026-04-27,"[은행 & NOW] NH농협은행, 기보와 녹색분류체계 평가사업 업무협약 등",0.0,0,0,https://www.ebn.co.kr/news/articleView.html?idxno=1706764
2026-04-27,'고유가 지원금' 대상자 조회 방법은?... 기초생활수급자 신청 조건 관심,0.0,0,0,https://www.ggilbo.com/news/articleView.html?idxno=1155346
2026-04-27,"송재준 크릿벤처스 대표 ""K콘텐츠의 글로벌 장악"" 비결 전파",0.0,0,0,https://www.mt.co.kr/future/2026/04/27/2026042714465955047
2026-04-27,삼성·SK·현대차…‘역대급’ 채용 박람회,0.0,0,0,https://www.khan.co.kr/article/202604272026015
2026-04-27,“최대 60만원 지급”… 고유가 지원금 신청 첫날,0.0,0,0,https://m.skyedaily.com/news_view.html?ID=303155
2026-04-27,"경찰, '주사기 매점매석' 4개 업체 수사 착수",0.0,0,0,https://www.nocutnews.co.kr/news/6508995?utm_source=naver&utm_medium=article&utm_campaign=20260427080909
2026-04-29,자회사 IPO 문턱 높아진다…주주가치 회복 기대 속 자금조달 경고음 [중...,-0.261,0,1,https://www.etoday.co.kr/news/view/2579934
2026-04-29,"""쪼개기 상장 금지해야 코리아 디스카운트 해소된다"" [중복상장 금지, ...",0.0,0,0,https://www.etoday.co.kr/news/view/2579875
2026-04-29,"카카오, ‘민·관·학 협력 모델’로 AI 인재 양성 박차",0.0,0,0,https://www.sedaily.com/article/20038323?ref=naver
2026-04-29,"누가 잠 잘 자나, 올해도 한강에서 '잠퍼자기' 대회",0.0,0,0,https://www.nocutnews.co.kr/news/6509580?utm_source=naver&utm_medium=article&utm_campaign=20260429060038
2026-04-29,"중동발 공사비 쇼크…국토부, 공고 미루며 인상폭 긴급 반영",0.0,0,0,https://www.nocutnews.co.kr/news/6509433?utm_source=naver&utm_medium=article&utm_campaign=20260429060036
2026-04-29,"부실 요양기관 퇴출 시작…""1489곳 지정 효력 만료 조치""",0.0,0,0,https://www.nocutnews.co.kr/news/6509612?utm_source=naver&utm_medium=article&utm_campaign=20260429060039
2026-04-29,"""韓, 로보택시 대중화 위해 과감한 인프라·사업화 지원 필요""",0.0,0,0,https://view.asiae.co.kr/article/2026042817444895815
2026-04-29,"[기획] ""1020 잡아야 산다""…네이버, AI 전환 '사활'",0.0,0,0,http://www.newswatch.kr/news/articleView.html?idxno=79481
2026-04-29,쇼핑·광고로 번 돈 AI에 붓는다…'네·카' 1분기 축배 뒤 숨은 '에이전...,0.762,2,0,https://www.newsis.com/view/NISX20260421_0003600565
2026-04-29,문과출신도 AI 만든다…카카오모빌리티의 바텀업 AX,0.0,0,0,https://www.mt.co.kr/tech/2026/04/29/2026042707301848704
2026-04-29,"“AI 에이전트 사고 막는 기술 개발”… 티냅스, 45억 투자 유치",0.0,0,0,https://www.sedaily.com/article/20038261?ref=naver
2026-04-29,김건희 수사 6년 만에 '주가조작 공범' 첫 판단…형량 늘어난 이유는,0.0,0,0,https://www.nocutnews.co.kr/news/6509782?utm_source=naver&utm_medium=article&utm_campaign=20260429050526
2026-04-29,코스피 7000 근접하는데… 네카오는 ‘반토막’ 왜,0.261,1,0,https://www.seoul.co.kr/news/economy/securities/2026/04/29/20260429031004?wlog_tag3=naver
2026-04-29,[칼럼]국민의힘의 자해적 숭미주의,0.0,0,0,https://www.nocutnews.co.kr/news/6509698?utm_source=naver&utm_medium=article&utm_campaign=20260429050103
2026-04-29,"이재명표 '공정수당', 제2의 '인국공 사태' 피할 묘수 될까",0.0,0,0,https://www.nocutnews.co.kr/news/6509666?utm_source=naver&utm_medium=article&utm_campaign=20260429050049
2026-04-29,"센터장들, 코스피 '7천 이상' 본다…""기업 실적 못 따라잡아""",0.0,0,0,https://www.nocutnews.co.kr/news/6509778?utm_source=naver&utm_medium=article&utm_campaign=20260429050100
2026-04-29,김용 컷오프에 청와대도 안도의 한숨,0.0,0,0,https://www.nocutnews.co.kr/news/6509735?utm_source=naver&utm_medium=article&utm_campaign=20260429050051
2026-04-29,[기고] 40년 된 ‘동일인 제도’ 개선할 때 됐다,0.0,0,0,https://www.seoul.co.kr/news/editOpinion/opinion/contribution/2026/04/29/20260429025001?wlog_tag3=naver
2026-04-29,대통령은 中企 혁신 강조하는데…오히려 혁신의지 꺾는 킨텍스,0.0,0,0,https://www.nocutnews.co.kr/news/6509608?utm_source=naver&utm_medium=article&utm_campaign=20260429050048
2026-04-29,"속 타는 기업에 '검은 유혹'…""거마비 주면 기사 내려줄게""",0.0,0,0,https://www.nocutnews.co.kr/news/6509763?utm_source=naver&utm_medium=article&utm_campaign=20260429050052
2026-04-29,"이진숙, 다음무대 달성군이냐 수도권이냐…셈법 복잡",0.0,0,0,https://www.nocutnews.co.kr/news/6509766?utm_source=naver&utm_medium=article&utm_campaign=20260429050055
2026-04-29,"美, 입법 안 된 ‘망 사용료’ 또 때렸다… EU는 ‘공정기여’ 검토",0.0,0,0,https://www.seoul.co.kr/news/politics/diplomacy/2026/04/29/20260429002001?wlog_tag3=naver
2026-04-29,'찍힐까' 못 멈춘다…재해율 15% 낮춘 '스마트 멈춤'의 비결,0.0,0,0,https://www.nocutnews.co.kr/news/6509519?utm_source=naver&utm_medium=article&utm_campaign=20260429050047
2026-04-29,李대통령의 사람들 대거 6.3 선거 도전…성적표는?,0.0,0,0,https://www.nocutnews.co.kr/news/6509767?utm_source=naver&utm_medium=article&utm_campaign=20260429050058
2026-04-29,[오늘의 주요일정]국회(4월29일 수요일),0.0,0,0,https://www.newsis.com/view/NISX20260428_0003610350
2026-04-29,“모텔 잘 안 가고…” 2026년 불륜의 성지로 불리는 의외의 '장소',0.0,0,0,https://www.wikitree.co.kr/articles/1134034
2026-04-29,텔레그램 못 뚫는다는 건 옛말... 본고장 러시아에선 카톡 열풍,0.0,0,0,https://www.hankookilbo.com/news/article/A2026042815360000525?did=NA
2026-04-29,카카오페이 가맹점 쑥 늘어난 이유… 日 골든위크에 中 노동절 연휴,0.0,0,0,https://www.hankookilbo.com/news/article/A2026042613270000652?did=NA
2026-04-29,"여전히, 돈 한 푼 안 내면서… 속내는 '협상판 선점' 노림수",0.0,0,0,https://www.mt.co.kr/tech/2026/04/29/2026042820033259608
2026-04-29,"[사설]망 사용료, 팩트 기반 대응 필요",-0.38,0,1,https://www.mt.co.kr/opinion/2026/04/29/2026042813540898455
2026-04-29,‘서카포연고’ 기숙사 쥐었다…20대 창업가 낚는 99년생 VC,0.0,0,0,https://www.joongang.co.kr/article/25424213
2026-04-29,"‘배임혐의’ 김성수 前 카카오엔터 대표 항소심…검찰, 징역 10년 구형",0.0,0,0,https://biz.chosun.com/topics/law_firm/2026/04/29/VSDWHXNYJBG3LBEQ4XWMIBZCCM/?utm_source=naver&utm_medium=original&utm_campaign=biz
2026-04-29,경매 물건 분석부터 낙찰 후 매각까지… 전문가 밀착 코칭,0.0,0,0,https://www.chosun.com/economy/realty/2026/04/29/TO64RXG4WVEE7NPTY3WQQRXMHQ/?utm_source=naver&utm_medium=referral&utm_campaign=naver-news
2026-04-29,“유명 핀플루언서 사칭 불법 리딩방 주의를”,0.0,0,0,https://www.donga.com/news/Economy/article/all/20260428/133829801/2
2026-04-29,"이성과 광기, 이상과 현실의 경계에서 시대를 기록하다, 《스페인의 거...",0.0,0,0,http://www.ikoreanspirit.com/news/articleView.html?idxno=85032
2026-04-29,'서울 자율주행버스 A054 노선' 운행 시작...요금과 노선 확인,0.0,0,0,https://www.gukjenews.com/news/articleView.html?idxno=3568902
2026-04-29,'민생지원금 3차 지급 시작' 70% 대상 신청일은? 사용처 확인하세요,0.0,0,0,https://www.gukjenews.com/news/articleView.html?idxno=3568879
2026-04-29,"여긴 90%, 저긴 70%…할인으로 물드는 ‘동행축제’",0.0,0,0,https://www.joongang.co.kr/article/25424175
2026-04-29,"""나...지금 떨고 있니?"" 선거철 앞두고 네이버·다음 '긴장'",0.0,0,0,https://www.wolyo.co.kr/news/articleView.html?idxno=311459
2026-04-28,"‘김나영·마이큐 앰버서더’ 라로제, ‘울랄라 쏠레이 비치 클럽’ 팝...",0.0,0,0,https://sports.khan.co.kr/article/202604282354003?pt=nv
2026-04-28,"트럼프 ""이란, '붕괴상태'에 처해 있다고 방금 우리에게 통보""",0.0,0,0,https://www.nocutnews.co.kr/news/6509781?utm_source=naver&utm_medium=article&utm_campaign=20260428113623
2026-04-28,"토스뱅크, 포브스 '세계 최고 은행' 4년 연속 국내 1위",0.0,0,0,http://www.lawissue.co.kr/view.php?ud=2026042823304533069817d053b9_12
2026-04-28,'닥터 섬보이' 이재욱·신예은 '화기애애' 대본 리딩 공개… 원작 '존버...,0.0,0,0,https://www.newscj.com/news/articleView.html?idxno=3397167
2026-04-28,"전재수·박형준, 민간 간담회서 첫 조우…박형준 엑스포 정면돌파",0.261,1,0,https://www.nocutnews.co.kr/news/6509779?utm_source=naver&utm_medium=article&utm_campaign=20260428104223
2026-04-28,"UAE, 내달 1일 OPEC·OPEC+ 탈퇴 선언",0.0,0,0,https://www.nocutnews.co.kr/news/6509776?utm_source=naver&utm_medium=article&utm_campaign=20260428102522
2026-04-28,"5월 어린이날 연휴, 각 지역 국립박물관별 체험과 공연, 교육 결합한 참...",0.0,0,0,https://www.cnbizm.com/news/articleView.html?idxno=301552
2026-04-28,"""침체된 타선에 활력을"" 돌아온 김성윤, 사령탑 기대에 부응…삼성 7연...",0.0,0,0,https://www.nocutnews.co.kr/news/6509774?utm_source=naver&utm_medium=article&utm_campaign=20260428100322
2026-04-28,"프랑스 니치 향수 '오르메', 한국 시장 채널 확대",0.0,0,0,http://www.apparelnews.co.kr/news/news_view/?idx=224954
2026-04-28,"예장 통합, 여전도회전국연합회 100주년 기금 마련 선교 바자회",0.0,0,0,https://www.nocutnews.co.kr/news/6509721?utm_source=naver&utm_medium=article&utm_campaign=20260428100022
2026-04-28,"통합, 필리핀 '미인지 한인 자녀' 8명 국내 초청…감격의 부자 상봉도",0.0,0,0,https://www.nocutnews.co.kr/news/6509719?utm_source=naver&utm_medium=article&utm_campaign=20260428100023
2026-04-28,"민주당 전남도당, 전남도의원 비례대표 후보자 경선 결과 발표",0.0,0,0,https://www.nocutnews.co.kr/news/6509772?utm_source=naver&utm_medium=article&utm_campaign=20260428095622
2026-04-28,[브리프] 교원 CJ CGV 카카오엔터 네이버웹툰,0.0,0,0,http://www.biztribune.co.kr/news/articleView.html?idxno=353254
2026-04-28,"카카오 임팩트재단, 교육부·대교협과 AI 교육 협약",0.0,0,0,https://www.webeconomy.co.kr/news/articleView.html?idxno=2157088
2026-04-28,"전기 아끼면 지역상품권 보상… 경남도, '에너지 절감' 단독주택까지 확...",0.0,0,0,https://www.nocutnews.co.kr/news/6509771?utm_source=naver&utm_medium=article&utm_campaign=20260428094922
2026-04-28,"민주당 전북도당, 정섬길·장재희 전주시의원 경선 자격 '부적격'",0.0,0,0,https://www.nocutnews.co.kr/news/6509769?utm_source=naver&utm_medium=article&utm_campaign=20260428094923
2026-04-28,"네이버, 대화형AI로 검색 주도권 노린다",0.0,0,0,https://www.khan.co.kr/article/202604282142045
2026-04-28,"김보언 ""생활 바꾸는 정치로 변화 이끌 것""",0.0,0,0,https://www.ulsanpress.net/news/articleView.html?idxno=574209
2026-04-28,"[미리보는 이데일리 신문] 국제질서 무너진 무극화 시대, 각자도생 해야",0.0,0,0,http://www.edaily.co.kr/news/newspath.asp?newsid=06307446645420712
2026-04-28,"송민호 ‘재복무 의지’, 감형 노린 전략?…현직 변호사 “재복무는 당...",0.0,0,0,https://www.sportsseoul.com/news/read/1606133?ref=naver
2026-04-28,"""돌봄도 이제 이웃사촌이""…전국 첫 '이웃돌봄 우수마을' 공모",0.0,0,0,https://www.nocutnews.co.kr/news/6509765?utm_source=naver&utm_medium=article&utm_campaign=20260428092622
2026-04-28,"경남도, 30년 이상 지역 동행 '모범장수기업' 5곳 선정",0.0,0,0,https://www.nocutnews.co.kr/news/6509761?utm_source=naver&utm_medium=article&utm_campaign=20260428091822
2026-04-28,"경북여심위, 당내 경선 여론조사 관련 거짓 응답 유도 혐의 2명 고발",0.0,0,0,http://andongmbc.co.kr/adboard/NewsView82190
2026-04-28,"이동석 ""정체된 충주에 변화와 혁신가져올 젊은 시장 후보""",0.0,0,0,https://www.nocutnews.co.kr/news/6509760?utm_source=naver&utm_medium=article&utm_campaign=20260428091323
2026-04-28,경선 여론조사 거짓응답 유도 2명 고발,0.0,0,0,https://www.tbc.co.kr/news/view?pno=20260428140132AE09114&id=205960
2026-04-28,‘통일교서 1억원 수수’,0.0,0,0,https://www.khan.co.kr/article/202604282106015
2026-04-28,경주 폐비닐 재활용 공장 화재 3시간 만에 완진…공장 2동 반소,0.0,0,0,https://www.nocutnews.co.kr/news/6509758?utm_source=naver&utm_medium=article&utm_campaign=20260428085322
2026-04-28,"외국인 노동자에 에어건 분사…장기 파열 중상, 60대 대표 구속",0.0,0,0,https://www.nocutnews.co.kr/news/6509757?utm_source=naver&utm_medium=article&utm_campaign=20260428084422
2026-04-28,"금감원, 카카오톡 ‘FSS 금융교육센터’ 채널 개설",-0.408,0,1,https://www.ksmnews.co.kr/news/view.php?idx=602732
2026-04-28,"[단독] ""알바생이 주문자 정보 전송""…우려에도 ""유출 땐 책임 안 져""",0.0,0,0,https://news.jtbc.co.kr/article/NB12296207?influxDiv=NAVER
2026-04-28,"경북도선거여론조사심의위원회, 당내경선 여론조사 관련 거짓응답 유도...",0.0,0,0,https://www.ksmnews.co.kr/news/view.php?idx=602812
2026-04-28,"우크라, 러 항구도시 집중 타격…며칠째 화재·기름비",0.0,0,0,https://www.nocutnews.co.kr/news/6509755?utm_source=naver&utm_medium=article&utm_campaign=20260428083722
2026-04-28,"대구 남구보건소, 걷기챌린지 운영",0.0,0,0,https://www.ksmnews.co.kr/news/view.php?idx=602915
2026-04-28,"""한국만 망사용료?"" 미국 또다시 압박",0.0,0,0,https://www.bigtanews.co.kr/article/view/big202604280017
2026-04-28,"[Fashion & NOW] 구호, 배우 배두나와 23번째 '하트 포 아이' 캠페인 등",0.0,0,0,https://www.ebn.co.kr/news/articleView.html?idxno=1706984
2026-04-28,'배임 혐의' 김성수 전 카카오엔터 대표 2심서 징역 10년 구형,0.0,0,0,https://www.ebn.co.kr/news/articleView.html?idxno=1706983
2026-04-28,[ICT 종합] 네이버 AI 및 넥써쓰 소식 외,0.0,0,0,https://www.gamevu.co.kr/news/articleView.html?idxno=57540
2026-04-28,공시 확대에 결제 수수료 인하…선불 결제 플랫폼 수익 비중 높아,0.0,0,0,https://www.ngetnews.com/news/articleView.html?idxno=550070
2026-04-28,"프로-스펙스, '출근룩'도 잡았다…'테크 테일러드 시리즈'",0.0,0,0,https://www.nocutnews.co.kr/news/6509749?utm_source=naver&utm_medium=article&utm_campaign=20260428075321
2026-04-28,"대한치과의사협회 김민겸 회장 당선인 인수위, 조직개편안 확정 外",0.0,0,0,http://www.newsmp.com/news/articleView.html?idxno=252957
2026-04-28,민주당 광주 광역의원 '패자부활전' 임미란·임종국·박필순 승리,0.0,0,0,https://www.nocutnews.co.kr/news/6509747?utm_source=naver&utm_medium=article&utm_campaign=20260428074521
2026-04-28,"리가켐바이오, 김용주 대표 회장 승진…박세진 신임 대표 내정",0.0,0,0,https://www.nocutnews.co.kr/news/6509744?utm_source=naver&utm_medium=article&utm_campaign=20260428074221
2026-04-28,"추경호 ""민주화 운동, 본산은 국민의힘…총괄 선대위원장 주호영 바람""",0.0,0,0,https://www.nocutnews.co.kr/news/6509746?utm_source=naver&utm_medium=article&utm_campaign=20260428074121
2026-04-28,"카카오, 교육부·대교협과 손잡고 AI 교육 혁신 나선다",0.0,0,0,https://cwn.kr/article/1065588900897029
2026-04-28,이태원 참사 구조 도운 30대 남성 실종 9일째…경찰 수색 중,0.0,0,0,https://www.nocutnews.co.kr/news/6509743?utm_source=naver&utm_medium=article&utm_campaign=20260428074021
2026-04-28,"검찰, 김성수 카카오엔터 前대표 항소심서 징역 10년 구형",0.0,0,0,https://www.sedaily.com/article/20038270?ref=naver
2026-04-28,조국혁신당 명창환 여수시장 후보 시민펀드 1억 '완판',0.0,0,0,https://www.nocutnews.co.kr/news/6509742?utm_source=naver&utm_medium=article&utm_campaign=20260428073721
2026-04-28,"카카오 임팩트재단, 대학 AI 교육 혁신 앞장 ··· '교육부·대교협'과...",0.0,0,0,https://www.datanet.co.kr/news/articleView.html?idxno=211303
2026-04-28,충남도의회 '원포인트 임시회'…시·군의원 2명 증원 확정,0.0,0,0,https://www.nocutnews.co.kr/news/6509740?utm_source=naver&utm_medium=article&utm_campaign=20260428073521
2026-04-28,김해시 공식 캐릭터 '토더기' 게임 주인공 됐다,0.0,0,0,https://www.gnnews.co.kr/news/articleView.html?idxno=635927
2026-04-28,"김영진 ""이진숙, 보수 잔다르크?...트로이 목마, 보수 망하게 할 것, 대...",0.0,0,0,https://www.ikbc.co.kr/article/view/kbc202604280051
2026-04-28,"檢, '배임 혐의' 김성수 前카카오엔터 대표 2심 징역 10년 구형",0.0,0,0,https://www.newspim.com/news/view/20260428001340
2026-04-28,'제작사 고가 인수' 카카오엔터 전 대표 2심도 징역 10년 구형,0.0,0,0,https://www.ytn.co.kr/_ln/0103_202604281922226196
2026-04-28,"넥슨컴퓨터박물관, '넥슨뮤지엄'으로 새 단장…오프라인 거점",0.0,0,0,https://www.nocutnews.co.kr/news/6509738?utm_source=naver&utm_medium=article&utm_campaign=20260428071821
2026-04-28,"""그 집에 현금 많다"" 설계…진천 3인조 강도사건 공범 추적",0.0,0,0,https://www.nocutnews.co.kr/news/6509737?utm_source=naver&utm_medium=article&utm_campaign=20260428071721
2026-04-28,"대구광역시교육청, 영유아 발달지원·가족체험 확대…촘촘한 유아복지...",0.0,0,0,https://www.polinews.co.kr/news/articleView.html?idxno=729787
2026-04-28,카카오모빌리티 손잡을 스타트업 찾는다…'오픈웨이브' 모집,0.0,0,0,https://www.mt.co.kr/future/2026/04/28/2026042815504434427
2026-04-28,문경·영양 경선 여론조사서 거짓응답 유도 혐의 2명 고발,0.0,0,0,https://www.hidomin.com/news/articleView.html?idxno=703341
2026-04-28,"카카오, 교육부·대교협과 AI교육 혁신 위한 업무 협약 체결, '테크포임...",0.0,0,0,https://www.aitimes.kr/news/articleView.html?idxno=39801
2026-04-28,"카카오 임팩트재단, 교육부·대교협과 AI 교육 MOU 체결…'테크포임팩트...",0.0,0,0,http://www.lawissue.co.kr/view.php?ud=2026042819041361509817d053b9_12
2026-04-30,“등본 발급받고 계시나요?”…경고해준 주민센터가 피싱이었다,0.0,0,0,https://www.mk.co.kr/article/12031804
2026-04-30,글로벌 플랫폼 과세 딜레마...넷플릭스 승소로 더 커진 '세금 기준 충돌...,0.0,0,0,https://news.mtn.co.kr/news-detail/2026042915413030699
2026-04-30,“침수 위험 피하세요” 내비가 우회 안내,0.0,0,0,https://www.segye.com/newsView/20260429519202?OutUrl=naver
2026-04-30,"들어는 봤나, 최애 구단 로고 새겨진 마사지기! KBO, 바디프렌드와 헬스...",0.0,0,0,https://www.sportsseoul.com/news/read/1606468?ref=naver
2026-04-30,"""코스피 1% 빠졌는데 내 계좌는 –2%?""…레버리지 따라 탔다가 '식은땀'...",0.0,0,0,http://www.fnnews.com/news/202604291458159306
2026-04-30,"[단독] 네이버·카카오 빠졌다…중기부 첫 소상공인 AX 사업, 시작부터...",0.0,0,0,https://biz.chosun.com/industry/business-venture/2026/04/30/3X6ITERANBCIDG6CBXSQQ3ANQY/?utm_source=naver&utm_medium=original&utm_campaign=biz
2026-04-30,"줄어든 경기 수·커진 승격 가능성, 더 빨라진 K리그2 감독 경질 시계",0.0,0,0,https://www.nocutnews.co.kr/news/6510499?utm_source=naver&utm_medium=article&utm_campaign=20260430060041
2026-04-30,"""어른들이 비켜주니 안전이 열렸다""…부산형 통학로 정비사업 '눈길'",0.0,0,0,https://www.nocutnews.co.kr/news/6510372?utm_source=naver&utm_medium=article&utm_campaign=20260430060040
2026-04-30,서울 주택 인허가 75% 하락…전국 공급지표 위축,-0.261,0,1,https://www.nocutnews.co.kr/news/6510246?utm_source=naver&utm_medium=article&utm_campaign=20260430060039
2026-04-30,서울에서 가장 비싼 땅은 제곱미터 당 1억8840만원,0.0,0,0,https://www.nocutnews.co.kr/news/6510353?utm_source=naver&utm_medium=article&utm_campaign=20260430060039
2026-04-30,[오늘의 병원가] 4월 29일 한양대병원·국제성모병원外,0.0,0,0,https://www.monews.co.kr/news/articleView.html?idxno=410936
2026-04-30,"욕먹어도 계속 업데이트…카카오, 눈물겨운 돈 벌기",0.0,0,0,https://www.mt.co.kr/tech/2026/04/30/2026042914205316530
2026-04-30,"""세대별 미디어 소비·광고 전략 한눈에""…CJ메조미디어, '2026 타겟 리포...",0.0,0,0,https://www.youthdaily.co.kr/news/article.html?no=218459
2026-04-30,"[브랜드평판] 카카오페이, 전자결제 상장기업 4월 1위... 카페24, 다날 상...",0.0,0,0,https://www.enetnews.co.kr/news/articleView.html?idxno=49501
2026-04-30,"[브랜드평판] 네이버페이, 간편결제 4월 1위... 카카오페이, 삼성페이 뒤...",0.0,0,0,https://www.enetnews.co.kr/news/articleView.html?idxno=49503
2026-04-30,"서울, 폭우 때 지하차도 통제 실시간 알린다",0.0,0,0,https://www.seoul.co.kr/news/publicnews/local_govern/news_local/2026/04/30/20260430016002?wlog_tag3=naver
2026-04-30,"증시 ‘머니무브’에 예금고객 잡기 사활… 저축銀, 3.6%대 금리도 등장",0.0,0,0,https://www.g-enews.com/view.php?ud=202604291530014050a6e8311f64_1
2026-04-30,"""산재 예방, 많게는 20억 편익…안전은 '비용' 아닌 '투자'""",0.0,0,0,https://www.nocutnews.co.kr/news/6510446?utm_source=naver&utm_medium=article&utm_campaign=20260430050042
2026-04-30,"송언석 조기사퇴설까지…국힘, 선거 앞두고 폭탄 돌리기",0.0,0,0,https://www.nocutnews.co.kr/news/6510515?utm_source=naver&utm_medium=article&utm_campaign=20260430050044
2026-04-30,"""만년 조연 증권사, 은행 넘본다""…증시 호황이 바꾼 금융지주 판도",0.0,0,0,https://www.nocutnews.co.kr/news/6510513?utm_source=naver&utm_medium=article&utm_campaign=20260430050043
2026-04-30,에너지 아끼자더니…국회의원은 '차량2부제' 왜 안 지키나,0.0,0,0,https://www.nocutnews.co.kr/news/6510503?utm_source=naver&utm_medium=article&utm_campaign=20260430050043
2026-04-30,조국-김용남 단일화 어렵다는 3가지 이유,0.0,0,0,https://www.nocutnews.co.kr/news/6510517?utm_source=naver&utm_medium=article&utm_campaign=20260430050045
2026-04-30,韓 찾은 '알파고 아버지'…사흘간 숨 가쁜 행보 의미는?,0.0,0,0,https://www.nocutnews.co.kr/news/6510456?utm_source=naver&utm_medium=article&utm_campaign=20260430050042
2026-04-30,"체급 높이려는 이준석·한동훈, 각기 다른 이재명 활용법",0.0,0,0,https://www.nocutnews.co.kr/news/6510514?utm_source=naver&utm_medium=article&utm_campaign=20260430050044
2026-04-30,해운·조선 협의체 출범…해수부 기능 확대 '재점화',0.0,0,0,https://www.nocutnews.co.kr/news/6510352?utm_source=naver&utm_medium=article&utm_campaign=20260430050039
2026-04-30,'체포방해' 尹 징역 7년…유죄로 뒤집힌 '계엄 심의권 침해·허위공보',0.0,0,0,https://www.nocutnews.co.kr/news/6510519?utm_source=naver&utm_medium=article&utm_campaign=20260430050046
2026-04-30,"[칼럼]'쿠팡 총수' 만들기, 그 이후",0.0,0,0,https://www.nocutnews.co.kr/news/6510483?utm_source=naver&utm_medium=article&utm_campaign=20260430050047
2026-04-30,美中 정상회담 보름 앞인데…곳곳에 갈등 요소 '지뢰밭',0.0,0,0,https://www.nocutnews.co.kr/news/6510522?utm_source=naver&utm_medium=article&utm_campaign=20260430050046
2026-04-30,도쿄 국립경기장 입성한 트와이스…이토록 '견고한 지지'의 동력은[파고...,0.0,0,0,https://www.nocutnews.co.kr/news/6510528?utm_source=naver&utm_medium=article&utm_campaign=20260430050047
2026-04-30,"인터넷은행 3사, 실적 시즌 개막…수익성 '시험대'",0.0,0,0,https://www.sidae.com/article/2026042910270843506
2026-04-30,[단독]“非육사라 무시” “징계 운운 XX에 반항”… 계급장 없는 ‘軍...,0.0,0,0,https://www.donga.com/news/Society/article/all/20260430/133838519/2
2026-04-30,서울 지하차도 침수 통제땐 내비가 우회로 안내,0.0,0,0,https://www.donga.com/news/Society/article/all/20260430/133839041/2
2026-04-30,"알파고 10주년, 구글 ‘에이전틱AI’ 사활…韓 기업 “협력 돈 될까” 눈...",0.0,0,0,https://www.ddaily.co.kr/page/view/2026042916183914725
2026-04-30,선물함에 쌓아두기만 했다면...카카오톡 ‘이 기능’ 드디어 나온다,0.0,0,0,https://www.wikitree.co.kr/articles/1134127
2026-04-30,"""고객 명의로 등본 발급 시도 중""…KISA, 주민센터 사칭한 신종 피싱 주...",0.0,0,0,https://www.cstimes.com/news/articleView.html?idxno=703968
2026-04-30,"'오딘', 공격대 파티 시스템+보물 고블린 2종 추가…가정의 달 출석·미...",0.0,0,0,https://www.xportsnews.com/article/2143223
2026-04-30,"[4월 29일 병원계 이모저모④]국립암센터, 서울대, 한양대병원 등 소식",0.0,0,0,https://medicalworldnews.co.kr/news/view.php?idx=1510974392
2026-04-30,"[사설] 김범석 쿠팡 총수 지정,한미갈등 변수 안돼야",0.0,0,0,https://www.asiatoday.co.kr/kn/view.php?key=20260429010009554
2026-04-30,“카톡 삭제·폰 해지”…김창민 감독 사건 가해자 증거인멸 정황,0.0,0,0,https://www.joongang.co.kr/article/25424568
2026-04-30,"""거대 수사기구 닻 올린다""…중수청 개청준비단 가동",0.0,0,0,https://www.nocutnews.co.kr/news/6510512?utm_source=naver&utm_medium=article&utm_campaign=20260430120035
2026-04-30,“혹시 건물주가 덕후인가요?”…게임·애니성지 선언한 마리오아울렛,0.0,0,0,https://www.mk.co.kr/article/12031561
2026-04-30,외인·기관 '쌍끌이 매수'에 코스피 6690선 돌파…반도체·금융주 대거 ...,0.762,3,0,https://www.thefairnews.co.kr/news/articleView.html?idxno=75792
2026-04-29,"AI 엔터프라이즈 개발하는 오토메타, 105억 투자 유치 [투자ABC]",0.0,0,0,https://www.sedaily.com/article/20038848?ref=naver
2026-04-29,"“오송참사 다시 없게” 침수 지하차도 차단, 내비로 실시간 안내",0.0,0,0,https://www.seoul.co.kr/news/society/2026/04/29/20260429500280?wlog_tag3=naver
2026-04-29,"李대통령, 고유가 피해지원금 주유소 제한 해제 검토 지시",0.0,0,0,https://www.nocutnews.co.kr/news/6510518?utm_source=naver&utm_medium=article&utm_campaign=20260429112335
2026-04-29,‘아까운 농산물’로 완성하는 특별한 식탁… ‘테이스티 광장’ 참여자...,0.0,0,0,https://cooknchefnews.com/news/view/1065601917829420
2026-04-29,[송평인 칼럼]‘주권 AI’ 먹튀 하정우,0.0,0,0,https://www.donga.com/news/Opinion/article/all/20260429/133838555/2
2026-04-29,[칼럼] 여의도에서 목격한 두 개의 금융 프레임,0.0,0,0,https://www.tokenpost.kr/news/insights/354705
2026-04-29,[브리프]넥슨 넷마블 스마일게이트 엔씨 펄어비스 外,0.0,0,0,http://www.biztribune.co.kr/news/articleView.html?idxno=353335
2026-04-29,[브리프] 유한킴벌리 세라젬 에이스침대 시몬스 바디프랜드,0.0,0,0,http://www.biztribune.co.kr/news/articleView.html?idxno=353323
2026-04-29,[브리프] SKT LG유플러스 네이버 포스코DX 카카오 롯데이노베이트,0.0,0,0,http://www.biztribune.co.kr/news/articleView.html?idxno=353306
2026-04-29,[브리프] 업비트 카카오페이 티머니,0.0,0,0,http://www.biztribune.co.kr/news/articleView.html?idxno=353349
2026-04-29,"5월 가정의 달, 온 동네가 놀이터… 농식품부 '농촌관광 주간' 한 달로 ...",0.0,0,0,http://www.youngnong.co.kr/news/articleView.html?idxno=59179
2026-04-29,"벼랑 끝 선 과천시민들, ""신천지 때문에 다 죽습니다"" 1만 명 탄원",0.0,0,0,https://www.nocutnews.co.kr/news/6510510?utm_source=naver&utm_medium=article&utm_campaign=20260429100034
2026-04-29,[보험 뉴스브리핑] 삼성화재 DJSI 월드지수 2년 연속 편입,0.0,0,0,https://www.asiatime.co.kr/article/20260429500411
2026-04-29,뉴토끼 한방에 폐지시킨 장본인 정체…운영자 '박사장'은 누구?,0.0,0,0,https://www.wikitree.co.kr/articles/1133889
2026-04-29,"[현장] ""스테이블코인은 자율주행차처럼 쓰이게 될 것""…금융·투자 전...",0.0,0,0,https://www.tokenpost.kr/news/insights/354633
2026-04-29,[은행 이모저모] 농협은행·산업은행·카카오뱅크 등,0.0,0,0,http://www.bizwnews.com/news/articleView.html?idxno=135444
2026-04-29,"[유통레이더] GS25, 가정의 달 승부수…“AI 로봇까지 판다”",0.0,0,0,https://www.mydaily.co.kr/page/view/2026042921485793649
2026-04-29,"'필라테스 가맹 사기 의혹' 양정원, 7시간 피의자 조사 후 귀가",0.0,0,0,https://www.nocutnews.co.kr/news/6510508?utm_source=naver&utm_medium=article&utm_campaign=20260429094834
2026-04-29,[트렌드]연애도 효율 ‘로테이션 소개팅’,0.0,0,0,http://www.knnews.co.kr/news/articleView.php?idxno=1540662
2026-04-29,"정용진 직접 나선다…신세계그룹, 경영전략실 조직 개편",0.0,0,0,https://www.nocutnews.co.kr/news/6510507?utm_source=naver&utm_medium=article&utm_campaign=20260429092535
2026-04-29,"북구 온 하정우 ""고향 살려야죠""…한동훈·이준석 총출동에 구포시장 '...",0.0,0,0,https://www.nocutnews.co.kr/news/6510506?utm_source=naver&utm_medium=article&utm_campaign=20260429092534
2026-04-29,빚내서 주식하다 큰일 난 20대들...뚜껑 열어보니 '이 정도'나 심각하다,0.0,0,0,https://www.wikitree.co.kr/articles/1134318
2026-04-29,"""죽이려 했다"" 김창민 폭행 피의자 녹취 확보, ""카톡 삭제"" 증거인멸 정...",0.0,0,0,https://www.mydaily.co.kr/page/view/2026042921225813743
2026-04-29,"정동영, 해임건의 野에 ""숭미 지나쳐, 국익 대변해야""",0.0,0,0,https://www.nocutnews.co.kr/news/6510504?utm_source=naver&utm_medium=article&utm_campaign=20260429091934
2026-04-29,[현장+] 알파고 후 10년…구글 AI사령탑이 다시 서울 찾은 이유는,0.0,0,0,https://www.bloter.net/news/articleView.html?idxno=660863
2026-04-29,챗봇이 자살 방조 때 책임은?…AI 속도 못 따라잡는 ‘사회적 룰’,0.0,0,0,https://www.khan.co.kr/article/202604292114015
2026-04-29,집중호우로 인한 지하차도 통제정보 네비게이션으로 실시간 안내...서울...,0.0,0,0,https://www.cnbizm.com/news/articleView.html?idxno=301718
2026-04-29,[대한민국 100대 CEO] 정신아 카카오 대표 | 쇄신·소통으로 새 역사 쓴...,0.0,0,0,https://www.mk.co.kr/article/12031414
2026-04-29,"굽네치킨, 순살 치킨 듬뿍 올린 '순살 시카고 피자' 3종 출시",0.0,0,0,https://www.nocutnews.co.kr/news/6510502?utm_source=naver&utm_medium=article&utm_campaign=20260429085034
2026-04-29,[4월30일자] 비즈니스포스트 아침의 주요기사,0.537,1,0,https://www.businesspost.co.kr/BP?command=article_view&num=436864
2026-04-29,"대구서부경찰서, 서대구역과 손잡고 피싱범죄 예방 홍보 강화",0.0,0,0,https://www.ksmnews.co.kr/news/view.php?idx=603063
2026-04-29,청주테크노폴리스 (가칭)내곡4초 2030년 개교…석성초 대체이전,0.0,0,0,https://www.nocutnews.co.kr/news/6510501?utm_source=naver&utm_medium=article&utm_campaign=20260429083634
2026-04-29,"[단독] ""카톡 삭제, 휴대전화 해지""…김창민 가해자 '증거인멸 정황'",0.0,0,0,https://news.jtbc.co.kr/article/NB12296354?influxDiv=NAVER
2026-04-29,버즈빌 '다이내믹 트리오' 공개… 광고의 승부처는 클릭 이후다,0.0,0,0,https://www.econovill.com/news/articleView.html?idxno=739135
2026-04-29,"전남선관위, 공직선거법 위반 혐의 5명 고발",0.0,0,0,https://www.namdonews.com/news/articleView.html?idxno=909135
2026-04-29,사진 한 장으로 AI 실착…프리미엄 아우터도 입어보고 산다,0.0,0,0,http://www.4th.kr/news/articleView.html?idxno=2111149
2026-04-29,서울 도심의 '어린이날 축제 한마당'… 아이 취향별 맞춤 나들이 코스는...,0.0,0,0,https://www.ftimes.kr/news/articleView.html?idxno=37177
2026-04-29,"[현장] 세가 박물관부터 'FF7' 카페까지, MGM IP 유니버스",0.0,0,0,https://www.gamevu.co.kr/news/articleView.html?idxno=57586
2026-04-29,"서울 찾은 세가 우츠미 대표 ""한국은 오랜 인연 있는 나라"", 삼성전자 김...",0.0,0,0,https://gamefocus.co.kr/detail.php?number=175551
2026-04-29,"중앙대병원 장우진 교수, 관상동맥우회술 후 항혈소판제 병용요법 효과...",0.0,0,0,http://www.newsmp.com/news/articleView.html?idxno=252977
2026-04-29,한세대 '2026 잡페어 취업해듀오' 개최,0.0,0,0,https://www.kyosu.net/news/articleView.html?idxno=205196
2026-04-29,아이유♥변우석 프러포즈 이벤트…미공개 사진 대방출 (21세기 대군부인...,0.0,0,0,https://sports.donga.com/ent/article/all/20260429/133838031/1
2026-04-29,"세븐일레븐, 5월 즉석식품 할인 및 신메뉴 선보여",0.0,0,0,http://www.lawissue.co.kr/view.php?ud=202604291940298577204ead0791_12
2026-04-29,"“쇼핑으론 안 된다”…마리오아울렛 2.0, 도심 ‘글로벌 IP 체험몰’로...",0.0,0,0,https://www.socialvalue.kr/news/view/1065603143970693
2026-04-29,"최재훈 ""지선 녹록지 않아…달성 보궐, 후보 애정·준비에 성패 달려""",0.0,0,0,https://www.nocutnews.co.kr/news/6510498?utm_source=naver&utm_medium=article&utm_campaign=20260429073933
2026-04-29,"하정우 입당 ""어무이, 행님있는 내고향 부산""…곧장 선거전",0.0,0,0,https://www.nocutnews.co.kr/news/6510496?utm_source=naver&utm_medium=article&utm_campaign=20260429081333
2026-04-29,"상담 편의성과 실무 활용도 높이는 용산구, 2026 살핌수첩  제작",0.0,0,0,https://www.cnbizm.com/news/articleView.html?idxno=301702
2026-04-29,"'알파고' 넘사벽?…""AI, 여전히 바둑 같은 게임 못 만든다""",0.0,0,0,https://www.nocutnews.co.kr/news/6510491?utm_source=naver&utm_medium=article&utm_campaign=20260429073834
2026-04-29,"동아제약, 구강용해 파우더 '오쏘몰 이뮨 ODP' 출시",0.0,0,0,https://www.newscj.com/news/articleView.html?idxno=3397384
2026-04-29,"삼성생명 베테랑 센터 배혜윤, 코트 떠난다…김단비도 은퇴",0.0,0,0,https://www.nocutnews.co.kr/news/6510494?utm_source=naver&utm_medium=article&utm_campaign=20260429072633
2026-04-29,"'고유가 피해지원금', 가계부담 덜고 지역상권 활력주는 마중물",0.0,0,0,https://www.nocutnews.co.kr/news/6510493?utm_source=naver&utm_medium=article&utm_campaign=20260429072233
2026-04-29,"[포토] 금천구, 노동자 종합지원",0.0,0,0,http://www.edaily.co.kr/news/newspath.asp?newsid=06248406645421040
2026-04-29,[게임뉴스] 모어펀 스튜디오 및 네오위즈 소식 외,0.0,0,0,https://www.gamevu.co.kr/news/articleView.html?idxno=57563
2026-04-29,"""산재 인정됐지만 현장은 그대로""…반도체 노동환경 개선 촉구",0.0,0,0,https://www.nocutnews.co.kr/news/6510489?utm_source=naver&utm_medium=article&utm_campaign=20260429071633
2026-04-29,"앰배서더 서울 풀만, 카카오 모빌리티 로봇 도입...스마트 객실서비스",0.0,0,0,https://www.slist.kr/news/articleView.html?idxno=735752
2026-04-29,"""돈 보내라는 전화, 의심!"" 장애인 자립 돕는 보이스피싱 예방 교육",0.0,0,0,https://www.nocutnews.co.kr/news/6510488?utm_source=naver&utm_medium=article&utm_campaign=20260429071233
2026-04-29,"[업뎃 뉴] 라이온하트, '발할라 서바이벌' 기간 한정 '보물 던전' 오픈",0.0,0,0,http://www.worktoday.co.kr/news/articleView.html?idxno=84186
2026-04-29,"메종 글래드 제주, 반려견 동반 패키지 선봬...너티포비 선물",0.0,0,0,https://www.slist.kr/news/articleView.html?idxno=735750
2026-05-01,"카카오페이·하나증권, 청소년 불법도박 근절 캠페인 참여",0.0,0,0,https://www.lcnews.co.kr/news/articleView.html?idxno=201598
2026-05-01,5월 농촌으로 여행가면 숙박·체험 최대 30% 할인,0.0,0,0,https://www.segye.com/newsView/20260430516556?OutUrl=naver
2026-05-01,160조 자금 떠났다...韓 디지털자산 시장 경고등,0.0,0,0,http://www.edaily.co.kr/news/newspath.asp?newsid=02233686645444656
2026-05-01,"포천 한탄강 봄 가든페스타 개막, 내달 7일까지…야간 명소",0.0,0,0,https://www.nocutnews.co.kr/news/6511181?utm_source=naver&utm_medium=article&utm_campaign=20260501060051
2026-05-01,여행 중에 폭우 만나면…주변 침수지역 정보 내비로 실시간 확인,0.0,0,0,https://biz.heraldcorp.com/article/10729611?ref=naver
2026-05-01,"불법 사이트로 죽어가는 콘텐츠 업계 ""컨트롤타워 절실""",-0.38,0,1,https://it.chosun.com/news/articleView.html?idxno=2023092161280
2026-05-01,"아우디, 7년 만에 다시 꺼낸 'A6' 카드...한국 시장서 '브랜드 파워' 회...",0.0,0,0,https://www.ebn.co.kr/news/articleView.html?idxno=1707255
2026-05-01,'빅테크 호실적' S&P500·나스닥 사상 최고치…다우 1.6%↑,0.583,1,0,https://www.nocutnews.co.kr/news/6511224?utm_source=naver&utm_medium=article&utm_campaign=20260501054950
2026-05-01,지방선거 전반적 준비 상황은? 강원 선관위 홍보과 주무관 ｜#헬로이슈...,0.0,0,0,http://news.lghellovision.net/news/articleView.html?idxno=541883
2026-05-01,"민주당 제주도의원 비례대표 확정... 박지은 1위, 임다운, 정다운, 고석...",0.0,0,0,https://www.pressian.com/pages/articles/2026043022335466486?utm_source=naver&utm_medium=search
2026-05-01,차 몰고 나갔다간 갇힌다…오늘 대규모 집회 예고된 ‘이곳’ 피하세요,0.0,0,0,https://www.wikitree.co.kr/articles/1134473
2026-05-01,특검 추진 속 법무부가 띄운 독립기구…文정부 전례 살펴보니,0.0,0,0,https://www.nocutnews.co.kr/news/6511217?utm_source=naver&utm_medium=article&utm_campaign=20260501050053
2026-05-01,63년 만에 이름 되찾은 노동절…'멈출 권리'는 왜 멈춰 있나,0.0,0,0,https://www.nocutnews.co.kr/news/6511162?utm_source=naver&utm_medium=article&utm_campaign=20260501050057
2026-05-01,"[칼럼]아머리 쇼와 한예종, 뉴욕과 광주",0.0,0,0,https://www.nocutnews.co.kr/news/6511083?utm_source=naver&utm_medium=article&utm_campaign=20260501050056
2026-05-01,"남성 가사노동 35% 증가…참여 늘었지만, 성별 격차는 '여전'",0.0,0,0,https://www.nocutnews.co.kr/news/6511218?utm_source=naver&utm_medium=article&utm_campaign=20260501050053
2026-05-01,"""제미나이~ 우승자는 누구?""…평택시 'AI 대회' 포문 열었다",0.0,0,0,https://www.nocutnews.co.kr/news/6511192?utm_source=naver&utm_medium=article&utm_campaign=20260501050052
2026-05-01,"軍사관학교 통합반대 측, 국민청원 등 액션플랜 '착착'",0.0,0,0,https://www.nocutnews.co.kr/news/6511124?utm_source=naver&utm_medium=article&utm_campaign=20260501050052
2026-05-01,왜 선거철 명함은 안 사라질까…'인적 알고리즘'의 재발견,0.0,0,0,https://www.nocutnews.co.kr/news/6511021?utm_source=naver&utm_medium=article&utm_campaign=20260501050050
2026-05-01,'동전주 퇴출' 두 달 남았다…코스닥에 봄바람 불까,0.0,0,0,https://www.nocutnews.co.kr/news/6511179?utm_source=naver&utm_medium=article&utm_campaign=20260501050054
2026-05-01,"한동훈 ""李, 하정우 출마 지시했다면 불법""…판례 살펴보니",0.0,0,0,https://www.nocutnews.co.kr/news/6511219?utm_source=naver&utm_medium=article&utm_campaign=20260501050055
2026-05-01,석유 최고가격제 언제까지?…출구전략 '플랜'이 필요하다,0.0,0,0,https://www.nocutnews.co.kr/news/6511075?utm_source=naver&utm_medium=article&utm_campaign=20260501050051
2026-05-01,'늑구'는 모셔가고 '멧구'는 왜 포획…3년간 출몰 2배 증가,0.0,0,0,https://www.nocutnews.co.kr/news/6511207?utm_source=naver&utm_medium=article&utm_campaign=20260501050054
2026-05-01,[르포]평택을 젊은층은 진보?…조국변수·사이보수 교차[영상],0.0,0,0,https://www.nocutnews.co.kr/news/6511220?utm_source=naver&utm_medium=article&utm_campaign=20260501050057
2026-05-01,"외식업계, 취향 존중 '반반 메뉴'로 승부수",0.0,0,0,https://www.pinpointnews.co.kr/news/articleView.html?idxno=450038
2026-05-01,"업무 인계 없이 당일 '카톡 퇴사' 통보한 신입…""직장은 소모품일 뿐"" 잠...",0.0,0,0,https://www.news1.kr/society/general-society/6154297
2026-05-01,"김창민 감독 폭행 30대, 증거 인멸하려 카톡 삭제·휴대전화 해지했다",0.0,0,0,https://www.news1.kr/society/general-society/6154368
2026-05-01,"크로스픽쳐스, ‘인도 최초’ 韓 웹툰 원작으로 하는 OTT 시리즈 ‘러브...",0.0,0,0,https://sports.khan.co.kr/article/202605010448003?pt=nv
2026-05-01,"“AI로 판 바꾼다” 미래·키움·KB證, ‘육각형ʼ 테크수장 배치 [금융...",0.0,0,0,http://www.fntimes.com/html/view.php?ud=202605010410141940dd55077bc2_18
2026-05-01,초대 인천 영종구청장 누가될까…예측불허 '3파전' 시동,0.0,0,0,https://www.nocutnews.co.kr/news/6510956?utm_source=naver&utm_medium=article&utm_campaign=20260501040049
2026-05-01,"문성유 후보 ""제주의 운명은 도민의 선택에…""",0.0,0,0,https://www.jejumaeil.net/news/articleView.html?idxno=400476
2026-05-01,"[경제계 단신]신한銀, 유언신탁-자녀펀드 가입자 경품 이벤트 外",0.0,0,0,https://www.donga.com/news/Economy/article/all/20260430/133845237/2
2026-05-01,‘노동절’ 도심 곳곳 대규모 집회…“교통 정보 확인하세요”,0.0,0,0,https://news.kbs.co.kr/news/pc/view/view.do?ncd=8550801&ref=A
2026-05-01,"한국은행·대기업에도 ‘쏙쏙’… 100% 취업, 개교 100년 서울여상",-0.408,0,1,https://www.chosun.com/national/education/2026/05/01/JCZOMK6NTVHCZNS4C2I3XMWZDQ/?utm_source=naver&utm_medium=referral&utm_campaign=naver-news
2026-05-01,"멜론·웨이브, 플레이 패스로 OTT 음악 한번에 묶었다",0.0,0,0,http://www.technoa.co.kr/news/articleView.html?idxno=100878
2026-05-01,"[금주의 안성시] 안성시,고향사랑기부제5월 '오이데이 이벤트'추진 外",0.0,0,0,https://www.joongboo.com/news/articleView.html?idxno=363724297
2026-04-30,[핫게임] 아레스 1000일 독립 서버 '노바' / 오딘 보물 고블린 업데이트...,0.0,0,0,https://www.webeconomy.co.kr/news/articleView.html?idxno=2161068
2026-04-30,"다일공동체, 동대문구 상대로 최종 승소…""밥퍼 사역 이어간다""",0.0,0,0,https://www.nocutnews.co.kr/news/6511222?utm_source=naver&utm_medium=article&utm_campaign=20260430115547
2026-04-30,"러쉬코리아, 기브셔틀 첫 캠페인 참여",0.0,0,0,https://www.vegannews.co.kr/news/article.html?no=382411
2026-04-30,"구리시, 주·정차 위반 과태료 모바일 전자고지 서비스 시행",0.0,0,0,https://weeklytrade.co.kr/news/view.html?section=1&category=160&item=&no=99611
2026-04-30,"마리오아울렛, ‘스마일 키즈 위크’ 개최…‘MGM IP 유니버스’도 개관",0.0,0,0,https://www.etoday.co.kr/news/view/2581066
2026-04-30,"카카오게임즈, 1분기 영업손실 255억…""하반기 신작 효과""",0.0,0,0,https://www.webeconomy.co.kr/news/articleView.html?idxno=2160473
2026-04-30,"오세훈, 2호 공약 발표...""시민 마음 건강까지 돌보겠다""",0.0,0,0,https://www.pennmike.com/news/articleView.html?idxno=119745
2026-04-30,“입문 2년 만에 전국 최강… 셔틀콕 재미 아세요?”[양종구의 100세 시...,0.0,0,0,https://www.donga.com/news/Opinion/article/all/20260430/133844751/2
2026-04-30,서경대 ‘진로 키워드 경진대회’ 운영,0.0,0,0,https://www.naeil.com/news/read/587404?ref=naver
2026-04-30,"카카오게임즈, 2026년 1분기 매출 829억 원...전년 동기 33%↓, 영업 손실...",0.0,0,0,http://www.osen.co.kr/article/G1112792608
2026-04-30,[웹툰] 카카오엔터 '잊혀진 들판' 내달 5일 공개,0.0,0,0,https://www.webeconomy.co.kr/news/articleView.html?idxno=2160421
2026-04-30,"유럽중앙은행, 금리 동결…""물가 상방·경기 하방 리스크 커져""",0.0,0,0,https://www.nocutnews.co.kr/news/6511216?utm_source=naver&utm_medium=article&utm_campaign=20260430101746
2026-04-30,"""'폭언 논란' 김문훈 목사 엄중한 권징 우선 시행하라""",0.0,0,0,https://www.nocutnews.co.kr/news/6511158?utm_source=naver&utm_medium=article&utm_campaign=20260430100946
2026-04-30,면허취소·집행유예 중 또 음주운전…20대 남성 구속,0.0,0,0,https://www.nocutnews.co.kr/news/6511215?utm_source=naver&utm_medium=article&utm_campaign=20260430100849
2026-04-30,미국 1분기 성장률 2.0%로 회복…전망치에는 못 미쳐,0.322,1,0,https://www.nocutnews.co.kr/news/6511214?utm_source=naver&utm_medium=article&utm_campaign=20260430100648
2026-04-30,"[유통가] 쉐이크쉑, 배스킨라빈스, 파스쿠찌, 쿠팡, 농심, CJ프레시웨이",0.0,0,0,http://www.worktoday.co.kr/news/articleView.html?idxno=84237
2026-04-30,크리스챤 디올 뷰티가 제안하는 선물이 남는 방식,0.0,0,0,https://www.vogue.co.kr/2026/04/30/%ed%81%ac%eb%a6%ac%ec%8a%a4%ec%b1%a4-%eb%94%94%ec%98%ac-%eb%b7%b0%ed%8b%b0%ea%b0%80-%ec%a0%9c%ec%95%88%ed%95%98%eb%8a%94-%ec%84%a0%eb%ac%bc%ec%9d%b4-%eb%82%a8%eb%8a%94-%eb%b0%a9%ec%8b%9d/?utm_source=naver&utm_medium=partnership
2026-04-30,충북시민재단 리더스1004클럽 청소년을 위한 음악회,0.0,0,0,https://www.nocutnews.co.kr/news/6511213?utm_source=naver&utm_medium=article&utm_campaign=20260430100146
2026-04-30,"'선수 상대 젖은 수건 폭행 논란' 김승기 전 감독, 재심 기각",0.0,0,0,https://www.nocutnews.co.kr/news/6511211?utm_source=naver&utm_medium=article&utm_campaign=20260430094646
2026-04-30,"한세대학교, 지역 청년·재학생 위한 ‘2026 잡페어 취업해듀오’ 개최",0.0,0,0,https://www.geconomy.co.kr/news/article.html?no=320039
2026-04-30,"""백자에서 영감 얻은 '단지 우유', 진짜 도자기 됐다""… 빙그레, 브랜드...",0.0,0,0,https://www.newscj.com/news/articleView.html?idxno=3397695
2026-04-30,"인도 진출한 韓제작사, K 웹툰 드라마 '최초' 공개",0.0,0,0,http://www.fnnews.com/news/202604302101474962
2026-04-30,"국민의힘, 공주·부여·청양 보궐선거에 7명 공천 신청",0.0,0,0,https://www.nocutnews.co.kr/news/6511205?utm_source=naver&utm_medium=article&utm_campaign=20260430085946
2026-04-30,"경복대, 학생성공상담센터 중심 학생 심리지원 강화",0.0,0,0,https://www.joongang.co.kr/article/25424964
2026-04-30,"김광직 ""돈이 넘치는 단양, 예산 따오고 소득 높이는 군수""",0.0,0,0,https://www.nocutnews.co.kr/news/6511200?utm_source=naver&utm_medium=article&utm_campaign=20260430084546
2026-04-30,"광산구, 영산강 둔치 '치외법권' 건축물 강제 철거…""시민 품으로""",0.0,0,0,https://www.nocutnews.co.kr/news/6511201?utm_source=naver&utm_medium=article&utm_campaign=20260430084546
2026-04-30,"'가짜 단일후보' 내세운 세종 교육감 예비후보, 선관위에 덜미… 경찰 ...",0.0,0,0,http://www.ttlnews.com/news/articleView.html?idxno=3104466
2026-04-30,"LG에너지솔루션, BMW에 10조원 규모 배터리 공급",0.625,2,0,https://www.nocutnews.co.kr/news/6511198?utm_source=naver&utm_medium=article&utm_campaign=20260430083946
2026-04-30,"푸틴 '전승절 휴전' 언급에…젤렌스키 ""우리 제안은 장기 휴전""",0.0,0,0,https://www.nocutnews.co.kr/news/6511197?utm_source=naver&utm_medium=article&utm_campaign=20260430083846
2026-04-30,"“인공지능, 지역·필수·공공의료 인프라 균형 맞추는 도구 돼야”",0.0,0,0,https://www.hani.co.kr/arti/society/health/1256726.html
2026-04-30,"대검, '조작기소 특검법' 발의에 ""우려 있어"" 짧은 입장표명",0.0,0,0,https://www.nocutnews.co.kr/news/6511196?utm_source=naver&utm_medium=article&utm_campaign=20260430083646
2026-04-30,"""우린 쿠팡 못 이겨"" 과로사 아들 절규…母 ""억울함 밝힐게""",0.0,0,0,https://www.nocutnews.co.kr/news/6511195?utm_source=naver&utm_medium=article&utm_campaign=20260430082746
2026-04-30,범부처 R&D 성과 연계해 ‘딥페이크 피해 예방·대응’…민관 실무협의...,0.0,0,0,https://www.busan.com/view/busan/view.php?code=2026043013140121565
2026-04-30,[기획]2026여수세계섬박람회 순항…기반시설 공정률 82%,0.0,0,0,https://www.pinpointnews.co.kr/news/articleView.html?idxno=450071
2026-04-30,인도 최초 K-웹툰 원작 시리즈 '러브 올웨이즈' 촬영 완료...하반기 공개,0.0,0,0,http://www.interview365.com/news/articleView.html?idxno=111529
2026-04-30,해양 인명사고 10명 중 6명 ‘안전사고가 원인’,0.0,0,0,https://www.ksg.co.kr/news/main_newsView.jsp?pNum=147116
2026-04-30,[카카오] 카카오모빌리티 광고 플랫폼 전환 / 카카오맵 국중박 실내지도...,0.0,0,0,https://www.webeconomy.co.kr/news/articleView.html?idxno=2160317
2026-04-30,딥페이크 대응 R&D 민·관 실무협의체 발족...범정부 차원의 딥페이크 대...,0.0,0,0,https://www.aitimes.kr/news/articleView.html?idxno=39890
2026-04-30,"검찰, '국정감사 위증 혐의' 류희림 전 방심위원장 기소",0.0,0,0,https://www.nocutnews.co.kr/news/6511193?utm_source=naver&utm_medium=article&utm_campaign=20260430075449
2026-04-30,"[민주당 광주·전남 지방선거 결산-②]과열 경쟁에 고소·고발 난무…""신...",0.0,0,0,https://www.namdonews.com/news/articleView.html?idxno=909297
2026-04-30,"""클린수주 외치더니 여론조작?""…압구정5구역, 공정성 흔드는 '단톡방 ...",0.38,1,0,https://www.ppss.kr/news/articleView.html?idxno=294768
2026-04-30,"[증권 뉴스브리핑] 1분기 ABS 발행 11.4조/거래소, 초유의 '공시번복사태...",0.0,0,0,https://www.asiatime.co.kr/article/20260430500244
2026-04-30,"스노우플레이크, 'AI ·데이터 해커톤 2026' 성료",0.0,0,0,https://www.etnews.com/20260430000487
2026-04-30,"후쿠오카·오사카 항공권 할인, 진에어 5월 특가 시작",0.0,0,0,https://www.autodaily.co.kr/news/articleView.html?idxno=543730
2026-04-30,"오늘 또 꽉 찼다!…두산, '잠실 단일 시즌 9경기 매진 新'",0.0,0,0,https://www.nocutnews.co.kr/news/6511191?utm_source=naver&utm_medium=article&utm_campaign=20260430072745
2026-04-30,"민주당, 투표 결과...비례대표 1~13위 발표",0.0,0,0,http://www.jejunews.com/news/articleView.html?idxno=2225225
2026-04-30,대전 백화점서 여성에 흉기 휘두른 40대…현행범 체포,0.0,0,0,https://www.nocutnews.co.kr/news/6511190?utm_source=naver&utm_medium=article&utm_campaign=20260430072045
2026-04-30,"디올 뷰티, '미스디올 바비 에디션' 카톡 이모티콘 출시",0.0,0,0,https://www.slist.kr/news/articleView.html?idxno=736107
2026-04-30,"'영업익 53.7조' 삼성 반도체 ""완판""…최대실적에도 '파업 변수'에 시름",0.0,0,0,https://www.nocutnews.co.kr/news/6511188?utm_source=naver&utm_medium=article&utm_campaign=20260430081746
2026-04-30,"한진, ‘그립’과 맞손…라이브 커머스 ‘온에어 배송’ 도입·日 역직...",0.0,0,0,https://www.megaeconomy.co.kr/news/newsview.php?ncode=1065607066276583
2026-04-30,카카오엔터 대장주 ‘스타쉽’ 부각 [이슈&톡],0.0,0,0,http://www.tvdaily.co.kr/read.php3?aid=17775432421785250010
2026-04-30,"선거구 획정에 발묶인 민생 추경…김동연 ""민생 예산 볼모 안돼"" 강력 촉...",0.0,0,0,https://www.nocutnews.co.kr/news/6511187?utm_source=naver&utm_medium=article&utm_campaign=20260430071045
2026-04-30,'손자 사망' 강릉 급발진 의심 사고 항소심 '책임 공방',0.0,0,0,https://www.nocutnews.co.kr/news/6511186?utm_source=naver&utm_medium=article&utm_campaign=20260430070345
2026-04-30,한국쌀가공식품협회 새 수장에 구일회 대표 선출,0.0,0,0,https://www.nocutnews.co.kr/news/6511184?utm_source=naver&utm_medium=article&utm_campaign=20260430070245
2026-04-30,"AI 훈풍 올라탄 삼성전기, 분기 매출 첫 3조원 돌파",0.261,1,0,https://www.nocutnews.co.kr/news/6511183?utm_source=naver&utm_medium=article&utm_campaign=20260430070147
2026-04-30,[업앤다운]게임주 하락…한빛소프트↑·썸에이지↓,-0.537,0,2,https://www.nspna.com/news/?mode=view&newsid=811737
2026-04-30,"쉐이크쉑, '클래식 스테이크하우스' 3종 시즌한정 출시",0.0,0,0,https://www.slist.kr/news/articleView.html?idxno=736104
2026-04-30,"레드랩 MMO '롬' 출시 800일, 에피소드 5 사전예약 예고",0.0,0,0,https://www.gamemeca.com/mv.php?inflow=naver_s&gid=1774744
2026-04-30,"카카오모빌리티, 광고 콘퍼런스 성료…""통합 광고 플랫폼으로 진화""",0.0,0,0,https://www.news1.kr/it-science/general-it/6154754
2026-04-30,"정부, 호주와 에너지안보 공동성명…""LNG-경유 안정적 공급 유지""",0.0,0,0,https://www.nocutnews.co.kr/news/6511182?utm_source=naver&utm_medium=article&utm_campaign=20260430065645
2026-04-30,"파스쿠찌, '그라니따' 신제품 4종 출시...1+1 프로모션",0.0,0,0,https://www.slist.kr/news/articleView.html?idxno=736101
2026-04-30,"K-웹툰, 인도서 통할까…크로스픽쳐스 ‘러브올웨이즈’ 촬영 완료",0.322,1,0,https://isplus.com/article/view/isp202604300158
2026-04-30,"'알파고 父' 깜놀한 신진서의 직언 ""내게 AI 흔들 '수' 있다""",0.0,0,0,https://www.nocutnews.co.kr/news/6511180?utm_source=naver&utm_medium=article&utm_campaign=20260430064845
2026-04-30,"부모님께 건강한 수면 선물…가누다·까르마, 가정의 달 특별 기획전",0.0,0,0,http://www.k-health.com/news/articleView.html?idxno=92042
2026-04-30,본격 막 오른 충북지사 선거전…김영환 지사 조기 등판,0.0,0,0,https://www.nocutnews.co.kr/news/6511178?utm_source=naver&utm_medium=article&utm_campaign=20260430064045
2026-05-04,[박인하의 다정한 편지] 받지 않는 전화,0.0,0,0,https://www.kgnews.co.kr/news/article.html?no=894168
2026-05-04,"'덩치보다 내실' 대기업 지도 재편…5대 그룹, 이익 비중 70% 돌파",0.261,1,0,https://www.ebn.co.kr/news/articleView.html?idxno=1707353
2026-05-04,"""나의 신고가 도로 안전 지킨다""…국민참여단 모집",0.462,1,0,https://www.nocutnews.co.kr/news/6511013?utm_source=naver&utm_medium=article&utm_campaign=20260504060026
2026-05-04,"부산지법, 택시 콜 불법 매크로 제작자에 무죄 선고…플랫폼 업계 “면...",0.0,0,0,https://www.chosun.com/economy/tech_it/2026/05/04/R24YO3HJBZEENC3VBSBUHF4L4A/?utm_source=naver&utm_medium=referral&utm_campaign=naver-news
2026-05-04,"서울시교육청, 58개 등록 대안교육기관 전수 점검",0.0,0,0,https://www.nocutnews.co.kr/news/6511077?utm_source=naver&utm_medium=article&utm_campaign=20260504060026
2026-05-04,"""부동산에서 금융으로 머니무브, 금융사엔 기회""",0.0,0,0,http://www.edaily.co.kr/news/newspath.asp?newsid=01144726645445640
2026-05-04,"""뽀로로부터 핑구까지"" 어린이날 케이크 골라볼까",0.0,0,0,https://www.newsis.com/view/NISX20260503_0003615328
2026-05-04,[김지욱 저작권썰.zip] ㊵ 그 노래의 미래는 누구의 것인가,0.0,0,0,https://isplus.com/article/view/isp202605030071
2026-05-04,삼전노조 파업 앞두고 非반도체 노조원 탈퇴 잇따라…노노갈등 '심화',0.0,0,0,https://www.nocutnews.co.kr/news/6511683?utm_source=naver&utm_medium=article&utm_campaign=20260504055826
2026-05-04,"[데스크칼럼] ""이름만 바꾼다고 뭐가 달라지나""",0.0,0,0,https://www.kpanews.co.kr/news/articleView.html?idxno=534143
2026-05-04,"[속보] 트럼프 ""4일부터 호르무즈 갇힌 선박들 빠져나오게 노력""",0.0,0,0,https://imnews.imbc.com/news/2026/world/article/6819751_36925.html
2026-05-04,"[애들 장난이 돈된다, IP 리테일 부상] ② 마리오아울렛, 1관 통째로 ‘...",0.0,0,0,https://www.dnews.co.kr/uhtml/view.jsp?idxno=202604301440142870315
2026-05-04,세계유산 기반 '야간 콘텐츠' 강화…김해 가야문화축제 성료,0.0,0,0,https://www.nocutnews.co.kr/news/6511635?utm_source=naver&utm_medium=article&utm_campaign=20260504052026
2026-05-04,[칼럼]'바람 불어 좋은 날'이 예고한 것들,0.0,0,0,https://www.nocutnews.co.kr/news/6510838?utm_source=naver&utm_medium=article&utm_campaign=20260504052026
2026-05-04,"지선·재보궐, '이재명 vs 윤석열' 대리전 양상",0.0,0,0,https://www.nocutnews.co.kr/news/6511637?utm_source=naver&utm_medium=article&utm_campaign=20260504050026
2026-05-04,"'빨간 점퍼' 다시 입은 오세훈, 장동혁 초청 놓곤 고심",0.0,0,0,https://www.nocutnews.co.kr/news/6511653?utm_source=naver&utm_medium=article&utm_campaign=20260504050026
2026-05-04,中 안보리 의장국 되니…미중 외교전도 '격화',0.0,0,0,https://www.nocutnews.co.kr/news/6511664?utm_source=naver&utm_medium=article&utm_campaign=20260504050029
2026-05-04,"양도세 중과 재개 그 이상…부동산 세제, '보유 전략' 바뀌나",0.0,0,0,https://www.nocutnews.co.kr/news/6511652?utm_source=naver&utm_medium=article&utm_campaign=20260504050027
2026-05-04,"""오늘 소심함 따윈 없어""…노래는 기본, '댄스 천재' 새 길 개척한 원필...",0.0,0,0,https://www.nocutnews.co.kr/news/6511684?utm_source=naver&utm_medium=article&utm_campaign=20260504050029
2026-05-04,'내란 혐의' 한덕수 2심 이번주 선고…징역 23년 유지될까,0.0,0,0,https://www.nocutnews.co.kr/news/6511680?utm_source=naver&utm_medium=article&utm_campaign=20260504050028
2026-05-04,"李 ""갚지 않아도 무방""…금융개혁, 신용평가까지 전선 확대",0.0,0,0,https://www.nocutnews.co.kr/news/6511672?utm_source=naver&utm_medium=article&utm_campaign=20260504050028
2026-05-04,'김병기 의혹' 수사 지휘부 이어 실무진 교체…지방선거 넘기나,0.0,0,0,https://www.nocutnews.co.kr/news/6511649?utm_source=naver&utm_medium=article&utm_campaign=20260504050027
2026-05-04,"트럼프, 이란 종전 협상안 ""검토해 봤지만 수용 불가""",0.0,0,0,https://www.nocutnews.co.kr/news/6511686?utm_source=naver&utm_medium=article&utm_campaign=20260504044325
2026-05-04,"美, 이란 종전안에 대한 답변 파키스탄에 전달…이란 ""미국 답변 검토 ...",0.0,0,0,https://www.nocutnews.co.kr/news/6511685?utm_source=naver&utm_medium=article&utm_campaign=20260504042825
2026-05-04,[해외선교·성지순례 안전 기상도] 재외공관 사칭하는 보이스피싱 범죄...,0.0,0,0,https://www.kmib.co.kr/article/view.asp?arcid=1777790612&code=23111117&cp=nv
2026-05-04,"세종시, 종합·개인지방소득세 신고 기간 운영",0.0,0,0,https://www.newstnt.com/news/articleView.html?idxno=700939
2026-05-04,원주의료원 회진 사전 알림톡 서비스 시행,0.0,0,0,https://www.kwnews.co.kr/page/view/2026050250013000000
2026-05-04,CFD 잔액 사상 최대···대형주까지 번진 레버리지 자금,0.583,1,0,https://www.smartbizn.com/news/articleView.html?idxno=143030
2026-05-04,"강원여심위, 미실시 선거여론조사 결과 공표 당원 고발",0.0,0,0,https://www.kwnews.co.kr/page/view/2026050350105900000
2026-05-04,"""AI로 판 바꾼다"" 미래·키움·KB증권, '육각형' 테크수장 배치 [금융권...",0.0,0,0,http://www.fntimes.com/html/view.php?ud=202605030011126488dd55077bc2_18
2026-05-04,택배로 1000억 벌어 로봇에 900억 쏟는 이 회사,0.0,0,0,http://www.fntimes.com/html/view.php?ud=202605030102442818dd55077bc2_18
2026-05-04,"디지털 보험사, 가입 늘어도 적자… '플랫폼 성장' 한계",0.322,1,0,https://www.insnews.co.kr/news/articleView.html?idxno=90517
2026-05-03,"삼성家, '12조 원' 상속세 완납…'사상 최대 규모' 납부",0.583,1,0,https://www.nocutnews.co.kr/news/6511682?utm_source=naver&utm_medium=article&utm_campaign=20260503112522
2026-05-03,SNS에 임명장·진술조서 올린 종합특검 수사관…부적절 논란,0.0,0,0,https://www.nocutnews.co.kr/news/6511681?utm_source=naver&utm_medium=article&utm_campaign=20260503111222
2026-05-03,"이란 이슬람혁명수비대 ""미국 의사결정 여지 줄어""",0.0,0,0,https://www.nocutnews.co.kr/news/6511679?utm_source=naver&utm_medium=article&utm_campaign=20260503104722
2026-05-03,"LCC, 가정의 달 맞아 할인 경쟁…유류할증료 유예·항공권 특가 총출동",0.0,0,0,http://www.metroseoul.co.kr/article/20260503500082
2026-05-03,"UAE 탈퇴 여파? OPEC+ 7개국, 6월부터 원유 생산 늘린다",0.0,0,0,https://www.nocutnews.co.kr/news/6511677?utm_source=naver&utm_medium=article&utm_campaign=20260503103322
2026-05-03,"""중동전쟁 불확실성 대응, 역내 금융협력 강화""…구윤철, '아세안+3회의...",0.0,0,0,https://www.nocutnews.co.kr/news/6511675?utm_source=naver&utm_medium=article&utm_campaign=20260503102223
2026-05-03,한 달 전 이혼했는데…짐 정리하러 온 전처 살해 뒤 숨진 남성 (울산),0.0,0,0,https://www.wikitree.co.kr/articles/1134789
2026-05-03,두 사람의 인생 통해 바라본 4·3…기억의 폭풍 속으로,0.0,0,0,https://www.nocutnews.co.kr/news/6511671?utm_source=naver&utm_medium=article&utm_campaign=20260503094021
2026-05-03,"'마약왕 박왕열' 공급책 '청담사장' 구속…""증거인멸·도주 우려""",0.0,0,0,https://www.nocutnews.co.kr/news/6511669?utm_source=naver&utm_medium=article&utm_campaign=20260503094321
2026-05-03,"[미리보는 이데일리 신문]플라잉카 상용화 나선 中, 규제에 갇힌 韓",0.0,0,0,http://www.edaily.co.kr/news/newspath.asp?newsid=02801126645445312
2026-05-03,'차세대중형위성 2호' 발사 성공…해외 지상국과 첫 교신 완료,0.0,0,0,https://www.nocutnews.co.kr/news/6511666?utm_source=naver&utm_medium=article&utm_campaign=20260503082921
2026-05-03,"""중3 최대 40%, 교과서 이해 못 해"" 수능 강사의 경고",0.0,0,0,https://www.nocutnews.co.kr/news/6511665?utm_source=naver&utm_medium=article&utm_campaign=20260503082421
2026-05-03,대기업도 꽂힌 ‘제로금리 CB’…최근 6개월간 1.1조 조달 성공[시그널...,0.0,0,0,https://www.sedaily.com/article/20039705?ref=naver
2026-05-03,"지선 D-30, 충북 단체장 대진표 완성…현역 전원 본선 진출",0.0,0,0,https://www.nocutnews.co.kr/news/6511658?utm_source=naver&utm_medium=article&utm_campaign=20260503080621
2026-05-03,"순천 청암대학교, 학생 홍보대사 발대식 개최",0.0,0,0,https://www.nocutnews.co.kr/news/6511659?utm_source=naver&utm_medium=article&utm_campaign=20260503080522
2026-05-03,"손훈모 순천시장 후보, 코스트코 ""소상공·자영업 대책 먼저 마련돼야""",0.0,0,0,https://www.nocutnews.co.kr/news/6511660?utm_source=naver&utm_medium=article&utm_campaign=20260503080521
2026-05-03,진보 진영 단일화…전남·광주 통합교육감 후보 '5파전' 압축,0.0,0,0,https://www.nocutnews.co.kr/news/6511663?utm_source=naver&utm_medium=article&utm_campaign=20260503080521
2026-05-03,"박완수 ""거가대교 운영권 인수, 통행료 '반값 시대' 연다""",0.0,0,0,https://www.nocutnews.co.kr/news/6511662?utm_source=naver&utm_medium=article&utm_campaign=20260503080421
2026-05-03,'경남 지도' 띄운 김경수·박완수…'과감한 변화' VS '안정된 미래' 그렸...,0.0,0,0,https://www.nocutnews.co.kr/news/6511656?utm_source=naver&utm_medium=article&utm_campaign=20260503080421
2026-05-03,"정청래, 하정우와 구포시장 방문 ""열렬한 환영에 깜짝 놀라""[노컷브이]",0.0,0,0,https://www.nocutnews.co.kr/news/6511651?utm_source=naver&utm_medium=article&utm_campaign=20260503090021
2026-05-03,"현대제철 순천공장, 화재취약계층 안전 강화 소방물품 지원 전달식",0.0,0,0,https://www.nocutnews.co.kr/news/6511648?utm_source=naver&utm_medium=article&utm_campaign=20260503080222
2026-05-03,"전남광주통합특별시 민주진보교육감 단일 후보, '장관호' 합의",0.0,0,0,https://www.nocutnews.co.kr/news/6511645?utm_source=naver&utm_medium=article&utm_campaign=20260503080221
2026-05-03,"민주노총 전남·광주본부, 노동절 ""원청교섭 쟁취·노동기본권 보장"" 결...",0.0,0,0,https://www.nocutnews.co.kr/news/6511646?utm_source=naver&utm_medium=article&utm_campaign=20260503080221
2026-05-03,"[사설] 도 넘은 '선거대화방' 초대, 규제 고민해야 할 판",0.0,0,0,https://www.iusm.co.kr/news/articleView.html?idxno=1062393
2026-05-03,“독으로 작용하기도”… 마냥 좋은 것 아닌 ‘의외의’ 식품 7가지,0.0,0,0,https://health.chosun.com/site/data/html_dir/2026/04/30/2026043003901.html
2026-05-03,"[업뎃 뉴] 카카오게임즈, '오딘: 발할라 라이징'에 '보물 고블린' 몬스터...",0.0,0,0,http://www.worktoday.co.kr/news/articleView.html?idxno=84293
2026-05-03,편의성 앞세워 급성장… 금융사기 대응역량 과제로 [급증하는 피싱 사기...,0.322,1,0,http://www.fnnews.com/news/202605031854004537
2026-05-03,쉬운 통장개설에 범죄 표적된 인뱅… 사기계좌 6년새 11배 [급증하는 피...,0.0,0,0,http://www.fnnews.com/news/202605031853589321
2026-05-03,"내 청첩장이 1천 원에 팔린다, 왜?",0.0,0,0,https://www.ichannela.com/news/main/news_detailPage.do?publishId=000000527227
2026-05-03,"검색한 카카오톡 설치 페이지, 알고보니 피싱... “국가 배후 해킹 의심...",0.0,0,0,http://www.boannews.com/media/view.asp?idx=143468&kind=1
2026-05-03,"""韓 필수 동맹국"" 콕 찍은 빅테크 수장들… 1년새 7명 방문",0.0,0,0,http://www.fnnews.com/news/202605031834258884
2026-05-03,신계용 온라인 소통 플랫폼 가동…“시민과 함께 만드는 과천”,0.0,0,0,https://www.kyeonggi.com/article/20260503580321
2026-05-03,"[현장in] ""쿠팡 끄고 마트 카트 끌었다""… 황금연휴 롯데마트, 10만원 영...",0.0,0,0,https://www.newscj.com/news/articleView.html?idxno=3398113
2026-05-03,美 USTR 망사용료 저격…AI 시대 ‘망 공정기여’ 확산 제동,0.0,0,0,https://www.etoday.co.kr/news/view/2581092
2026-05-03,[로터리] 간편결제 넘어 포용적 혁신으로,0.0,0,0,https://www.sedaily.com/article/20039808?ref=naver
2026-05-03,"광주신세계, '가정의 달' 프로모션 마련",0.0,0,0,https://www.jnilbo.com/news/articleView.html?idxno=90000032981
2026-05-03,167개 정원 품은 서울숲... 개막 첫날만 30만 명 다녀갔다,0.0,0,0,https://www.hankookilbo.com/news/article/A2026050314260003547?did=NA
2026-05-03,"[이주의 유통포인트] 더본코리아, 푸드트럭 수익금 기부…CJ푸드빌 올리...",0.0,0,0,https://www.pointdaily.co.kr/news/articleView.html?idxno=303695
2026-05-03,내년 모바일 신분증 앱 12개로 늘어난다,0.0,0,0,https://www.sedaily.com/article/20039788?ref=naver
2026-05-03,"경남문화예술진흥원, 문화누리카드 5월 이벤트 진행",0.0,0,0,http://www.gndomin.com/news/articleView.html?idxno=474395
2026-05-03,"정은경 ""임신부 안전한 분만 방안 시급히 마련""",0.0,0,0,https://www.nocutnews.co.kr/news/6511642?utm_source=naver&utm_medium=article&utm_campaign=20260503055420
2026-05-03,"주우성 순천시의원 예비후보 개소식 성료, 슬로건 '검증된 젊은 일꾼'",0.0,0,0,https://www.nocutnews.co.kr/news/6511641?utm_source=naver&utm_medium=article&utm_campaign=20260503055320
2026-05-03,양산시 개별공시지가 1.66% 상승…최고가 ㎡당 370만원,0.261,1,0,https://www.nocutnews.co.kr/news/6511639?utm_source=naver&utm_medium=article&utm_campaign=20260503055219
2026-05-03,"세븐일레븐·GS25, 스포츠·애니메이션 IP 상품으로 '팬심' 공략",0.0,0,0,http://www.ftoday.co.kr/news/articleView.html?idxno=358425
2026-05-03,"‘슈퍼 황제주’ 효성重, SKT·아모레 ‘액분 공식’ 따를까",0.0,0,0,https://www.sedaily.com/article/20039781?ref=naver
2026-05-03,"“알고리즘에 지배 안돼”…청소년에 ‘SNS 셧다운’, 한국은 [팩플]",0.0,0,0,https://www.joongang.co.kr/article/25425391
2026-05-03,"카카오 'PlayMCP', 오픈소스 AI 에이전트 '오픈클로' 연동 지원...200여 개...",0.0,0,0,https://www.aitimes.kr/news/articleView.html?idxno=39897
2026-05-03,“금융플랫폼 확장성 입증한 카뱅…전통 은행과 기업가치 차별화” [스...,0.261,1,0,https://www.sedaily.com/article/20039760?ref=naver
2026-05-03,카카오뱅크 ‘AI·글로벌’ 쌍끌이로 가입자 3000만명 확보[스타즈 IR],0.0,0,0,https://www.sedaily.com/article/20039758?ref=naver
2026-05-03,갈수록 벌어지는 예대금리차에…은행은 웃고 차주는 울상,0.0,1,1,https://www.dt.co.kr/article/12060654?ref=naver
2026-05-03,"""AI로 검색부터 결제까지""…결제시장 관심받는 ‘AI 에이전트’",0.0,0,0,https://www.dt.co.kr/article/12060655?ref=naver
2026-05-03,"""나가면 또 초대""...지방선거 앞두고 정치단톡방 몸살",0.0,0,0,https://www.iusm.co.kr/news/articleView.html?idxno=1062376
2026-05-03,동영상 시장 커지는데…네이버·카카오만 '역주행',0.0,0,0,https://www.hankyung.com/article/2026050328331
2026-05-03,AI 영토확장 … 크롬·카톡 플랫폼에 장착,0.0,0,0,https://www.mk.co.kr/article/12034549
2026-05-03,제주 카지노 매출 크게 증가…2030 외국인 많이 찾아,0.0,0,0,https://www.nocutnews.co.kr/news/6511633?utm_source=naver&utm_medium=article&utm_campaign=20260503050819
2026-05-03,"구교환 ""'모자무싸' 대본 읽고 실제로 눈물 흘린 장면은…""",0.0,0,0,https://www.nocutnews.co.kr/news/6511634?utm_source=naver&utm_medium=article&utm_campaign=20260503050621
2026-05-03,"곡성몰, 지티팜 '유럽채소' 기획전 운영",0.0,0,0,https://www.jnilbo.com/news/articleView.html?idxno=90000032963
2026-05-03,폐업하며 12살 반려견 버리고 갔다?…의혹 커진 ‘맛집’ 해명,0.0,0,0,https://www.seoul.co.kr/news/society/accident/2026/05/03/20260503500078?wlog_tag3=naver
2026-05-03,국민연금 월 200만원 이상 수급자 12만명 육박(종합),0.0,0,0,https://www.nocutnews.co.kr/news/6511631?utm_source=naver&utm_medium=article&utm_campaign=20260503050119
2026-05-03,"구윤철 부총리, 한중일 재무장관 회의 주재…""중동 전쟁 속 협력 강화""",0.0,0,0,https://www.nocutnews.co.kr/news/6511630?utm_source=naver&utm_medium=article&utm_campaign=20260503050019
2026-05-03,[DD 주간브리핑] 쿠팡 6일 실적 발표… 매출 12조 돌파에도 '한 자릿수 ...,0.261,1,0,https://www.ddaily.co.kr/page/view/2026050301521283801
2026-05-03,[툰설툰설] 새로운 관계의 시작…'생각해볼게' vs '호롱포롱 동거일기',0.0,0,0,https://www.ddaily.co.kr/page/view/2026050312320711842
2026-05-03,문서 분석부터 제조 공정까지…상용화 앞둔 AI 기술에 뭉칫돈,0.0,0,0,https://www.mt.co.kr/future/2026/05/03/2026050315580471095
2026-05-03,"민주 지도부, 4일 부산서 현장최고위…""부울경 필승 결의""",0.0,0,0,https://www.nocutnews.co.kr/news/6511629?utm_source=naver&utm_medium=article&utm_campaign=20260503045419
2026-05-03,카카오 ‘외부 확장’ vs 네이버 ‘내부 통합’…AI 에이전트 경쟁 분수...,0.0,0,0,http://www.edaily.co.kr/news/newspath.asp?newsid=02512486645445312
2026-05-03,"[단독] “웹툰 캐릭터 무단 활용 방치”…카카오·리디, AI 채팅 1위 ‘제...",0.0,0,0,https://www.hani.co.kr/arti/economy/economy_general/1256962.html
2026-05-03,검색창 상단도 못 믿는다…'카카오톡 PC버전' 사칭 560건 적발,0.0,0,0,https://www.news1.kr/it-science/general-it/6155841
2026-05-06,"""한국 시장은 최우선 순위""…국내 입지 넓히는 '세계 최초' 크립토펀드",0.0,0,0,https://www.news1.kr/finance/blockchain-fintech/6156880
2026-05-06,대장주마다 떠나 보낸 코스닥…30년 만의 반전 승부수,0.0,0,0,https://magazine.hankyung.com/money/article/202604191347c
2026-05-06,"낙동강생물자원관 ""미활용 특허 무상이전 확대""",0.0,0,0,https://www.nocutnews.co.kr/news/6512249?utm_source=naver&utm_medium=article&utm_campaign=20260506060050
2026-05-06,"서울시교육청·서울경찰청, '청소년 사이버 도박 예방' 홍보",0.0,0,0,https://www.nocutnews.co.kr/news/6512111?utm_source=naver&utm_medium=article&utm_campaign=20260506060050
2026-05-06,"""이란, 호르무즈 통과 선박 '사전 허가제' 공식 도입""",0.0,0,0,https://www.nocutnews.co.kr/news/6512475?utm_source=naver&utm_medium=article&utm_campaign=20260506055950
2026-05-06,[오늘(6일)의 경제·산업 주요 일정·행사] '한국거래소 파생상품시장 ...,0.0,0,0,http://www.popcornnews.net/news/articleView.html?idxno=120007
2026-05-06,"[전인미답] '코스피 7000', 정치 지형에 어떤 변화 가져올까",0.0,0,0,https://www.lcnews.co.kr/news/articleView.html?idxno=201650
2026-05-06,"경주시, 폭염 대비 ‘영향예보 직접전달 서비스’ 참여자 모집",0.0,0,0,https://www.kbsm.net/news/view.php?idx=518389
2026-05-06,연대도 공공성도 놓친 삼성전자 노조…'그들만의 리그' 전락 위기,0.0,0,0,https://www.nocutnews.co.kr/news/6512445?utm_source=naver&utm_medium=article&utm_campaign=20260506050051
2026-05-06,"""지금도 소름 돋아, 실제 '기리고' 앱 봤지만…"" 강미나의 도전[왓더OTT...",0.0,0,0,https://www.nocutnews.co.kr/news/6512452?utm_source=naver&utm_medium=article&utm_campaign=20260506050052
2026-05-06,[단독]'청담동 주식부자' 주식·코인 전혀 없다…다 어디로?,0.0,0,0,https://www.nocutnews.co.kr/news/6512446?utm_source=naver&utm_medium=article&utm_campaign=20260506050052
2026-05-06,"독감에도 출근하다 숨진 유치원 교사, 직무상 재해 인정되나",0.0,0,0,https://news.sbs.co.kr/news/endPage.do?news_id=N1008547480&plink=ORI&cooper=NAVER
2026-05-06,[기고]이란 전쟁이 미·중 관계에 미친 영향과 한국의 대응,0.0,0,0,https://www.nocutnews.co.kr/news/6511964?utm_source=naver&utm_medium=article&utm_campaign=20260506050053
2026-05-06,"[칼럼]균형은 내부에서 찾고, 주권은 외부로부터 지켜내야",0.0,0,0,https://www.nocutnews.co.kr/news/6512377?utm_source=naver&utm_medium=article&utm_campaign=20260506050053
2026-05-06,"""우리가 아기 낳는 기계인가요?""…현실 배반 공약, 뿔난 청년들",0.0,0,0,https://www.nocutnews.co.kr/news/6512419?utm_source=naver&utm_medium=article&utm_campaign=20260506050054
2026-05-06,주한미군 '감축설'보다 더 걱정되는 일[기자수첩],0.0,0,0,https://www.nocutnews.co.kr/news/6512441?utm_source=naver&utm_medium=article&utm_campaign=20260506050050
2026-05-06,조희대 침묵 속 다가오는 대법관 2명 공석…靑-대법 교착 풀릴까,0.0,0,0,https://www.nocutnews.co.kr/news/6512469?utm_source=naver&utm_medium=article&utm_campaign=20260506050055
2026-05-06,도수치료 빼고 보험료 낮춘 5세대 실손…보험 손해율 경감 기회될까,0.0,0,0,https://www.nocutnews.co.kr/news/6512459?utm_source=naver&utm_medium=article&utm_campaign=20260506050055
2026-05-06,"김용남 '보수 전력' 파고드는 조국, 멀어지는 단일화",0.0,0,0,https://www.nocutnews.co.kr/news/6512438?utm_source=naver&utm_medium=article&utm_campaign=20260506050049
2026-05-06,“앱 끄고 성수동 오세요”…무신사가 노래방·리폼샵 만든 속내,0.0,0,0,https://www.joongang.co.kr/article/25425978
2026-05-06,美텍사스주 한인타운에서 총격 사건…2명 사망·3명 부상,0.0,0,0,https://www.nocutnews.co.kr/news/6512474?utm_source=naver&utm_medium=article&utm_campaign=20260506060052
2026-05-06,“주 4.5일제 안착땐 4년뒤 年노동시간 OECD 평균 진입”,0.0,0,0,https://www.donga.com/news/Society/article/all/20260506/133866361/2
2026-05-06,지자체 첫 아동 마음센터 ‘오픈런’ 인기,0.0,0,0,https://www.donga.com/news/Society/article/all/20260506/133865938/2
2026-05-06,[광진구] 뚝섬-구의공원에 야외 키즈카페 마련,0.0,0,0,https://www.donga.com/news/Society/article/all/20260505/133836015/2
2026-05-06,"""불길 안 잡히면 퇴선 가능성도 열어둬""…가슴 쓸어 내린 HMM 나무호",0.0,0,0,https://www.hankookilbo.com/news/article/A2026050514070005534?did=NA
2026-05-06,"[단독] '시신 없는 살인' 두물머리 사건… ""동생은 그에게서 벗어날 수...",0.0,0,0,https://www.hankookilbo.com/news/article/A2026050311400000221?did=NA
2026-05-06,"트럼프 ""韓화물선, 혼자 행동하다 박살…美작전 합류할 때""",0.0,0,0,https://www.nocutnews.co.kr/news/6512473?utm_source=naver&utm_medium=article&utm_campaign=20260506060051
2026-05-06,“초보자도 낙찰 성공” 전문가 밀착 코칭,0.0,0,0,https://www.chosun.com/economy/2026/05/06/D35J2PYZ55C4HE27JX3XWMCO3A/?utm_source=naver&utm_medium=referral&utm_campaign=naver-news
2026-05-06,[안혜리 논설위원이 간다]커피 한 잔 위한 여권번호…편리했고 무서웠다,0.0,0,0,https://www.joongang.co.kr/article/25425948
2026-05-06,인제채워드림카드 앱 리뉴얼 '접근성 향상',0.0,0,0,https://www.kado.net/news/articleView.html?idxno=2048410
2026-05-06,울산시장 선거 방검복 유세 공방,0.0,0,0,https://www.ksilbo.co.kr/news/articleView.html?idxno=1055902
2026-05-05,"순천시, 'K-생태' 중국 대형 크루즈 관광객 2200여 명 유치",0.0,0,0,https://www.nocutnews.co.kr/news/6512468?utm_source=naver&utm_medium=article&utm_campaign=20260505113946
2026-05-05,[기고] 온라인 악플 막으려면 ‘선플 달기’ 생활기록부 반영 복원해야,0.322,1,0,https://www.chosun.com/opinion/contribution/2026/05/05/3IAZBYK5ERA2VOTZX7N5FYRH34/?utm_source=naver&utm_medium=referral&utm_campaign=naver-news
2026-05-05,"다음세대 위기 가속화…기독청소년 10명 중 4명, ""교회 떠나고 싶다""",0.0,0,0,https://www.nocutnews.co.kr/news/6512466?utm_source=naver&utm_medium=article&utm_campaign=20260505112046
2026-05-05,"감리교, 청소년 캠프 교재 설명회 개최…'성령의 러닝크루'",0.0,0,0,https://www.nocutnews.co.kr/news/6512464?utm_source=naver&utm_medium=article&utm_campaign=20260505112046
2026-05-05,"여의도순복음교회, 어린이날 '하나님나라 놀이터'로 변신",0.0,0,0,https://www.nocutnews.co.kr/news/6512465?utm_source=naver&utm_medium=article&utm_campaign=20260505111946
2026-05-05,"'대인배 오하근', 손훈모 찾아가 포옹 '민주당 원팀 화룡점정'",0.0,0,0,https://www.nocutnews.co.kr/news/6512457?utm_source=naver&utm_medium=article&utm_campaign=20260505105146
2026-05-05,"美국방 ""韓, 호르무즈 구출작전 나서주길…피격 선박과 연락 중""",0.0,0,0,https://www.nocutnews.co.kr/news/6512455?utm_source=naver&utm_medium=article&utm_campaign=20260505101746
2026-05-05,"""부아앙"" 도심 질주한 무면허 10대…폭주족 일당 검거",0.0,0,0,https://www.nocutnews.co.kr/news/6512454?utm_source=naver&utm_medium=article&utm_campaign=20260505104846
2026-05-05,"""집 앞에 놀이공원이""…혜성교회의 어린이날 축제 '우리들세상'",0.0,0,0,https://www.nocutnews.co.kr/news/6512380?utm_source=naver&utm_medium=article&utm_campaign=20260505100045
2026-05-05,"[속보]美국방 ""韓 나서주길""…호르무즈 기여 촉구",0.0,0,0,https://www.nocutnews.co.kr/news/6512449?utm_source=naver&utm_medium=article&utm_campaign=20260505094045
2026-05-05,충청권 광역투어패스 출시,0.0,0,0,http://www.cctimes.kr/news/articleView.html?idxno=905118
2026-05-05,부모가 자녀에게 가장 많이 선물한 국내주식은? 삼성전자,0.0,0,0,http://www.inews24.com/view/1965739
2026-05-05,"어버이날 선물 현금 선호 뚜렷…부모 10명 중 9명 ""봉투가 좋다""",0.0,0,0,https://www.daejonilbo.com/news/articleView.html?idxno=2273235
2026-05-05,“어린이날 선물도 삼성전자 주식”,0.0,0,0,https://www.khan.co.kr/article/202605052105025
2026-05-05,“어버이날 선물 드렸다가 한 소리 들었네요”…부모님 89%가 원한 ‘이...,0.0,0,0,https://www.sedaily.com/article/20040475?ref=naver
2026-05-05,역대급 ‘불장’에 어린이·미성년자 주식 투자 급증,0.261,1,0,https://www.segye.com/newsView/20260505509211?OutUrl=naver
2026-05-05,익산 숙박업소서 40대 숨진 채 발견…경찰 수사 중,0.0,0,0,https://www.nocutnews.co.kr/news/6512444?utm_source=naver&utm_medium=article&utm_campaign=20260505092146
2026-05-05,미성년 자녀 주식 선물 1위 '삼성전자',0.0,0,0,https://www.obsnews.co.kr/news/articleView.html?idxno=1523362
2026-05-05,"창원시설공단, AI로 시민체감형 공공서비스 추진",0.0,0,0,https://www.nocutnews.co.kr/news/6512440?utm_source=naver&utm_medium=article&utm_campaign=20260505080844
2026-05-05,"밀양시 4개 기관, 관광·문화·체육·유통 분야 상생협력 '맞손'",0.0,0,0,https://www.nocutnews.co.kr/news/6512437?utm_source=naver&utm_medium=article&utm_campaign=20260505080745
2026-05-05,"창원대 교수회·고민정 의원 ""경남과학기술원 전환 법적근거 없어""",0.0,0,0,https://www.nocutnews.co.kr/news/6512439?utm_source=naver&utm_medium=article&utm_campaign=20260505080745
2026-05-05,"밀양시, '2026 우리동네 마을돌봄 지도' 제작…전면 개편",0.0,0,0,https://www.nocutnews.co.kr/news/6512436?utm_source=naver&utm_medium=article&utm_campaign=20260505080644
2026-05-05,"호르무즈 대치 속 이란 외무장관, 중국 방문",0.0,0,0,https://www.nocutnews.co.kr/news/6512442?utm_source=naver&utm_medium=article&utm_campaign=20260505080445
2026-05-05,창원시 청년일자리 기업홍보단 출범…청년눈높이 콘텐츠 제작,0.0,0,0,https://www.nocutnews.co.kr/news/6512435?utm_source=naver&utm_medium=article&utm_campaign=20260505080445
2026-05-05,"송순호 창원시장 후보, 김영호 국회교육위원장과 정책간담회 개최",0.0,0,0,https://www.nocutnews.co.kr/news/6512434?utm_source=naver&utm_medium=article&utm_campaign=20260505080345
2026-05-05,"[게임 브리핑] 위메이드커넥트, 서브컬처 신작 '메이크 드라마: MAD' 사전...",0.0,0,0,http://www.worktoday.co.kr/news/articleView.html?idxno=84341
2026-05-05,"경찰, 모스 탄 '이재명 소년원 수감설' 미국 발언 사건 각하",0.0,0,0,https://www.nocutnews.co.kr/news/6512433?utm_source=naver&utm_medium=article&utm_campaign=20260505092045
2026-05-05,"""선거 현수막에 생육기 가로수 싹뚝"" 부산환경운동연합, 부산시 규탄",0.0,0,0,https://www.nocutnews.co.kr/news/6512431?utm_source=naver&utm_medium=article&utm_campaign=20260505080144
2026-05-05,[민주당 광주·전남 지방선거 결산-③]'깜깜이'경선…민주당 신뢰도 추...,0.0,0,0,https://www.namdonews.com/news/articleView.html?idxno=909547
2026-05-05,식약처 사칭 '주사기 구매 제안서' 유포…유통업계 사기 주의보,0.0,0,0,https://www.ccdn.co.kr/news/articleView.html?idxno=1076605
2026-05-05,어버이날 선물도 결국 ‘현금’…10명 중 9명이 골랐다,0.0,0,0,https://www.segye.com/newsView/20260505510307?OutUrl=naver
2026-05-05,"인간 사용 언어수, 매년 하루 평균 338단어씩 사라진다",0.0,0,0,https://zdnet.co.kr/view/?no=20260505173508
2026-05-05,알면 돈 되는 금융꿀팁,0.0,0,0,https://www.yonhapmidas.com/news/articleView.html?idxno=10334
2026-05-05,"인뱅, IT 투자 온도차",0.0,0,0,https://www.sedaily.com/article/20040451?ref=naver
2026-05-05,①박민식 공천 ②친한 단속 ③특검 공세…보수결집 시도[박지환의 뉴스...,0.0,0,0,https://www.nocutnews.co.kr/news/6512432?utm_source=naver&utm_medium=article&utm_campaign=20260505061444
2026-05-05,네이버-두나무 합병…대주주 적격성 '암초',-0.682,0,2,https://www.hankyung.com/article/2026050568481
2026-05-05,"""내 축의금 왜 공개해요""…회사 단톡방 명단 공유에 직장인들 '당혹'",0.261,1,0,https://view.asiae.co.kr/article/2026050518022036070
2026-05-05,"부친 떠나보낸 강예원 ""마냥 슬프지 않게 해준 위로 감사""",0.0,0,0,https://www.nocutnews.co.kr/news/6512430?utm_source=naver&utm_medium=article&utm_campaign=20260505060243
2026-05-05,"울릉도 바가지, 이번엔 마른오징어?[어텐션 뉴스]",0.0,0,0,https://www.nocutnews.co.kr/news/6512409?utm_source=naver&utm_medium=article&utm_campaign=20260505114646
2026-05-05,"""부울경 생존법 찾는다"" 민주연구원, 종합격차 토론회 개최",0.0,0,0,https://www.nocutnews.co.kr/news/6512426?utm_source=naver&utm_medium=article&utm_campaign=20260505055643
2026-05-05,"국민의힘 부산시당, 지방선거 후보 192명 의결",0.0,0,0,https://www.nocutnews.co.kr/news/6512428?utm_source=naver&utm_medium=article&utm_campaign=20260505055443
2026-05-05,트럼프·젠슨 황에 버려진 '미토스' — 대리영업 '블랙스톤' 한국행?,0.0,0,0,https://www.womaneconomy.co.kr/news/articleView.html?idxno=253336
2026-05-05,"울산동부신협 직원, 보이스피싱 피해 예방 감사패 수상",0.0,0,0,https://www.ksilbo.co.kr/news/articleView.html?idxno=1055843
2026-05-05,“장난감 대신 주식”…어린이날 선물도 ‘투자 시대’,0.0,0,0,http://www.kwangju.co.kr/article.php?aid=1777971000798496005
2026-05-05,"경남도립미술관, '미술관 밖 미술관' 학교로 배달 시작",0.0,0,0,https://www.nocutnews.co.kr/news/6512424?utm_source=naver&utm_medium=article&utm_campaign=20260505054643
2026-05-05,삼성전자 주식 아이 선물로 최고,0.0,0,0,https://www.busan.com/view/busan/view.php?code=2026050517441167125
2026-05-05,"""장난감 대신 주식""…어린이날 '투자 선물' 확산",0.0,0,0,https://www.namdonews.com/news/articleView.html?idxno=909513
2026-05-05,"토스 4.76%, 카뱅은 7.06%…신용등급 같은데 ‘엉터리 가계대출 금리’",0.0,0,0,https://www.sedaily.com/article/20040405?ref=naver
2026-05-05,"경남도, '공공수요 AI 드론' 실증 사업 첫 추진…구매까지 '원스톱' 지원",0.0,0,0,https://www.nocutnews.co.kr/news/6512418?utm_source=naver&utm_medium=article&utm_campaign=20260505053044
2026-05-05,'제주 가봤으면' 말기암母 한달살이 기적 어떻게 이뤄졌나,0.0,0,0,https://www.nocutnews.co.kr/news/6512171?utm_source=naver&utm_medium=article&utm_campaign=20260505053043
2026-05-05,"김대중 전남교육감, 광주 흉기 사건 여고생 사망에 애도",0.0,0,0,https://www.nocutnews.co.kr/news/6512416?utm_source=naver&utm_medium=article&utm_campaign=20260505052944
2026-05-05,"대구시, 약령 한방문화축제 관련 차량통제…""안전관리 총력""",0.0,0,0,https://www.nocutnews.co.kr/news/6512413?utm_source=naver&utm_medium=article&utm_campaign=20260505052943
2026-05-05,"법원, 국힘 함안·거창군수 공천효력 정지 가처분 인용",0.0,0,0,https://www.nocutnews.co.kr/news/6512403?utm_source=naver&utm_medium=article&utm_campaign=20260505052843
2026-05-05,"고등어·갈치·오징어 '최대 반값'…해수부, 5월 수산물 특별 할인전 연...",0.0,0,0,https://www.getnews.co.kr/news/articleView.html?idxno=869373
2026-05-05,미성년 자녀 주식 선물 1위 삼성전자…56.3% 차지,0.0,0,0,https://news.tf.co.kr/read/economy/2319683.htm
2026-05-05,"[속보]종합특검, 한동훈 출국금지…'尹 수원지검 수사개입' 관련",0.0,0,0,https://www.nocutnews.co.kr/news/6512415?utm_source=naver&utm_medium=article&utm_campaign=20260505092145
2026-05-05,"경북 4개 지구, 농촌용수 개발사업 선정…1400여억 원 확보",0.0,0,0,https://www.nocutnews.co.kr/news/6512414?utm_source=naver&utm_medium=article&utm_campaign=20260505051843
2026-05-05,"진안군정소식지 통신원, 단양서 역량강화 워크숍",0.0,0,0,https://www.nocutnews.co.kr/news/6512398?utm_source=naver&utm_medium=article&utm_campaign=20260505051643
2026-05-05,아이들 웃음으로 물든 노송광장…전주 어린이날 '북적',0.0,0,0,https://www.nocutnews.co.kr/news/6512406?utm_source=naver&utm_medium=article&utm_campaign=20260505051443
2026-05-05,"""1000만원 아꼈다""…카페 사장님 순식간에 '주문앱' 만든 비결",0.0,0,0,https://www.hankyung.com/article/2026050568061
2026-05-05,두만강·압록강 넘어…만주와 한반도 '공존의 기록',0.0,0,0,https://www.nocutnews.co.kr/news/6512410?utm_source=naver&utm_medium=article&utm_campaign=20260505051043
2026-05-05,"두산에너빌리티, 두산가족문화제 개최…""가족 친화적인 기업문화""",0.0,0,0,https://www.nocutnews.co.kr/news/6512407?utm_source=naver&utm_medium=article&utm_campaign=20260505050943
2026-05-05,"경남교육청, 가칭 양산제2특수학교 설립 예정 부지 변경",0.0,0,0,https://www.nocutnews.co.kr/news/6512395?utm_source=naver&utm_medium=article&utm_campaign=20260505050844
2026-05-05,"대구시, 휴머노이드 인증센터·제조AI 밸류체인 구축…247억 원 확보",0.0,0,0,https://www.nocutnews.co.kr/news/6512394?utm_source=naver&utm_medium=article&utm_campaign=20260505050844
2026-05-05,中 폭죽공장 폭발사고로 사망자 26명…일대 쑥대밭,0.0,0,0,https://www.nocutnews.co.kr/news/6512404?utm_source=naver&utm_medium=article&utm_campaign=20260505050843
2026-05-05,"광주 여고생 살해 20대 ""극단 선택하려다 범행 결심"" 진술",0.0,0,0,https://www.nocutnews.co.kr/news/6512400?utm_source=naver&utm_medium=article&utm_campaign=20260505092146
2026-05-05,[부고]김귀남(대전 서구 언론홍보팀장)씨 시모상,0.0,0,0,https://www.nocutnews.co.kr/news/6512390?utm_source=naver&utm_medium=article&utm_campaign=20260505050343
2026-05-05,"'경고'로 끝나는 경선 불법, 민주당 허술함 자임",0.0,0,0,http://www.jeollailbo.com/news/articleView.html?idxno=799237
2026-05-05,"소비 늘어나는 가정의 달…금융업계, 다양한 이벤트·프로모션 봇물",0.0,0,0,https://www.sportschosun.com/life/2026-05-05/202605050100023060001502
2026-05-07,4월 외환보유액 4278억달러…美달러 약세에 42억달러↑,-0.322,0,1,https://www.nocutnews.co.kr/news/6513057?utm_source=naver&utm_medium=article&utm_campaign=20260507060101
2026-05-07,[기자의 눈] 약속만 남은 단속…'좀비 부동산'은 그대로,0.0,0,0,https://www.ajunews.com/view/20260505215624484
2026-05-07,올해 첫 3기 신도시 청약 시동…왕숙2·창릉·계양 어디 넣을까,0.0,0,0,https://www.etoday.co.kr/news/view/2581988
2026-05-07,좀비기업·동전주 내쫓고 연기금 등 ‘큰손’ 부른다,0.0,0,0,https://magazine.hankyung.com/money/article/202604204227c
2026-05-07,[목요세평] 상식이 법이 되기까지,0.0,0,0,https://www.cctoday.co.kr/news/articleView.html?idxno=2229658
2026-05-07,"[오늘(7일)의 경제·산업 주요 일정·행사] 'LG, 2026년 1분기 경영실적...",0.0,0,0,http://www.popcornnews.net/news/articleView.html?idxno=120314
2026-05-07,가계대출 막히자…인뱅 기업대출 72% 급증,0.0,0,0,https://www.kbanker.co.kr/news/articleView.html?idxno=224864
2026-05-07,[매치업] '고객 세분화' 집중하는 패션 플랫폼,0.0,0,0,https://www.shinailbo.co.kr/news/articleView.html?idxno=5018177
2026-05-07,"""카카오뱅크, 비은행 확장은 대주주(김범수 카카오 센터장) 불확실성 완...",0.0,0,0,https://www.newsquest.co.kr/news/articleView.html?idxno=265831
2026-05-07,"[제보#] ""내 저녁 메뉴 너희만 봐""…젠지 사로잡은 '2초 일상 공유' 앱",0.0,0,0,https://www.yna.co.kr/view/AKR20260506116000505?input=1195m
2026-05-07,"언제든 뺄 돈 여기 넣으세요, 순식간에 예적금 이자의 2배",0.0,0,0,https://www.chosun.com/economy/startup_story/2026/05/07/KNMSTA4ISJGM3IH7YTVNNSH3QU/?utm_source=naver&utm_medium=referral&utm_campaign=naver-news
2026-05-07,SM 1분기 매출-영업이익 동반 성장…태연·NCT 127·예성 3분기 정규 컴...,0.322,1,0,https://www.nocutnews.co.kr/news/6513141?utm_source=naver&utm_medium=article&utm_campaign=20260507050107
2026-05-07,'딜레마' 5차 최고가격 오늘 발표…기름값 올릴까 동결할까,0.0,0,0,https://www.nocutnews.co.kr/news/6513065?utm_source=naver&utm_medium=article&utm_campaign=20260507050105
2026-05-07,"[이코노 브리핑] 카뱅, 1분기 순이익 1873억 역대 최대 외",0.0,0,0,https://www.segye.com/newsView/20260506514946?OutUrl=naver
2026-05-07,"정진석, 국힘 공천 탈락시 무소속 출마 가능성",0.0,0,0,https://www.nocutnews.co.kr/news/6513174?utm_source=naver&utm_medium=article&utm_campaign=20260507050106
2026-05-07,北 헌법개정으로 정상국가 부각…영토 '모호성' 유지,0.0,0,0,https://www.nocutnews.co.kr/news/6513170?utm_source=naver&utm_medium=article&utm_campaign=20260507050102
2026-05-07,"아무도 믿지 않았다…코스피 2300→7400, 1년만의 기적",0.0,0,0,https://www.nocutnews.co.kr/news/6513081?utm_source=naver&utm_medium=article&utm_campaign=20260507050104
2026-05-07,"""취준하느라 후보가 누군지 몰라요""…'현생'에 밀려난 선거",0.0,0,0,https://www.nocutnews.co.kr/news/6513105?utm_source=naver&utm_medium=article&utm_campaign=20260507050101
2026-05-07,[단독]'진술 강요로 尹 탄핵' 고발된 박범계 등 與의원들 불송치,0.0,0,0,https://www.nocutnews.co.kr/news/6513176?utm_source=naver&utm_medium=article&utm_campaign=20260507050105
2026-05-07,징계 경고에도 친한계 결집?…체급 시험대 놓인 한동훈,0.0,0,0,https://www.nocutnews.co.kr/news/6513177?utm_source=naver&utm_medium=article&utm_campaign=20260507050106
2026-05-07,다른 게 필요 없다…어버이날 사랑받는 선물로 압도적인 1위 차지한 '이...,0.0,0,0,https://www.wikitree.co.kr/articles/1135035
2026-05-07,40대 원장에 “초등 시험 봐라”…약손명가 기괴한 매출 교육,0.0,0,0,https://www.joongang.co.kr/article/25426293
2026-05-07,“고민 됐지만 가입했어요”…개인정보 유출 논란에도 결혼정보회사 찾...,0.0,0,0,https://www.segye.com/newsView/20260506516686?OutUrl=naver
2026-05-07,세계 최초로 '24시간 뉴스' CNN 설립한 '테드 터너' 별세,0.0,0,0,https://www.nocutnews.co.kr/news/6513186?utm_source=naver&utm_medium=article&utm_campaign=20260507044801
2026-05-07,"'분기 최고실적' 찍은 카뱅, 중저신용대출 16조 공급",0.0,0,0,https://www.mt.co.kr/finance/2026/05/07/2026050620053662276
2026-05-07,길 안내만 하던 '지도앱'이 달라졌어요,0.0,0,0,https://www.mt.co.kr/tech/2026/05/07/2026050620090980632
2026-05-07,코스피 뛸 때 'AI 인프라' 날았다… 코리아써키트 '점프 1위',0.0,0,0,https://www.mt.co.kr/stock/2026/05/07/2026050620074329304
2026-05-07,업비트의 시간은 끝나가나…두나무가 서두르는 이유,0.0,0,0,https://magazine.hankyung.com/business/article/202604308529b
2026-05-07,"트럼프 ""방중 전에 이란과 합의 가능성…안되면 다시 폭격""",0.0,0,0,https://www.nocutnews.co.kr/news/6513185?utm_source=naver&utm_medium=article&utm_campaign=20260507033600
2026-05-07,“누가 얼마 냈는지 다 보였다”…회사 단톡방 축의금 공개에 의견 갈린...,0.0,0,0,https://www.wikitree.co.kr/articles/1135154
2026-05-07,"[핫게임] 카카오게임즈, 5월 가정의 달 이벤트 / SMiniz 로비 꾸미기·NC...",0.0,0,0,https://www.webeconomy.co.kr/news/articleView.html?idxno=2164479
2026-05-07,30만원대 국산 AI 안경… 상황따라 원하는 AI모델 골라서 사용,0.0,0,0,https://www.chosun.com/economy/tech_it/2026/05/07/MIJFCCG6V5H6JJZNJ2HJGWV5XM/?utm_source=naver&utm_medium=referral&utm_campaign=naver-news
2026-05-07,"카카오페이, 1분기 순이익 347억…전년비 141.5%↑",0.0,0,0,https://www.thelec.kr/news/articleView.html?idxno=56135
2026-05-07,"카카오뱅크, 1분기 순이익 1873억…전년비 36.3%↑",0.0,0,0,https://www.thelec.kr/news/articleView.html?idxno=56138
2026-05-07,"""동구 주전동 바다숲 이름은 울림""...현대차, 바다숲 지명 부여 캠페인",0.0,0,0,https://www.ksilbo.co.kr/news/articleView.html?idxno=1056039
2026-05-07,"'LG는 0개인데 두산은 8개' 잠실 더비 가른 '영점', 4사구에 자멸한 곰 ...",0.0,0,0,https://www.nocutnews.co.kr/news/6513178?utm_source=naver&utm_medium=article&utm_campaign=20260507120100
2026-05-06,"카카오페이, 1분기 매출 3,003억 영업이익 322억 역대 최대",0.322,1,0,http://www.technoa.co.kr/news/articleView.html?idxno=100884
2026-05-06,"카카오게임즈 ""가정의 달 꿀잼 드리겠습니다""",0.0,0,0,https://www.gametoc.co.kr/news/articleView.html?idxno=108309
2026-05-06,"한국관광공사·코레일·클룩, 6월 3일까지 철도 예매 프로모션",0.0,0,0,https://www.newscj.com/news/articleView.html?idxno=3398888
2026-05-06,"[ESG소식] 현대차·카카오맵, 바다숲 지명 부여 캠페인 전개 / 하나증권...",0.0,0,0,https://www.webeconomy.co.kr/news/articleView.html?idxno=2164293
2026-05-06,"카카오뱅크, 1분기 순익 36% 급증…스테이블코인 사업 참여 공식화",0.322,1,0,https://www.econovill.com/news/articleView.html?idxno=739501
2026-05-06,"카카오뱅크, 비이자수익 첫 3000억 돌파… 수익구조 다변화",0.537,2,0,https://www.ggilbo.com/news/articleView.html?idxno=1156221
2026-05-06,"카카오페이, 1분기 매출 3003억·영업이익 322억…""분기 최대 실적""",0.322,1,0,https://www.webeconomy.co.kr/news/articleView.html?idxno=2164253
2026-05-06,서울 종로구 시내버스 3대 추돌…승객 11명 부상,0.0,0,0,https://www.nocutnews.co.kr/news/6513175?utm_source=naver&utm_medium=article&utm_campaign=20260506104400
2026-05-06,"송순호 ""결혼·출산·보육 지원"" 창원형 저출생 대응정책 공약",0.0,0,0,https://www.nocutnews.co.kr/news/6513172?utm_source=naver&utm_medium=article&utm_campaign=20260506104100
2026-05-06,"[속보]이란 ""美 제안 검토 중…파키스탄에 입장 전달할 것""",0.0,0,0,https://www.nocutnews.co.kr/news/6513173?utm_source=naver&utm_medium=article&utm_campaign=20260506103400
2026-05-06,"카카오게임즈, 1분기 비용 축소에도 적자폭 2배 증가…하반기 신작 기대",0.0,0,0,https://sateconomy.co.kr/news/view/1065601875068979
2026-05-06,"'정보 유출' 쿠팡, 1분기 3500억 영업손실…4년3개월만 '최대'",0.0,0,0,https://www.nocutnews.co.kr/news/6513171?utm_source=naver&utm_medium=article&utm_campaign=20260506102300
2026-05-06,"창원시, 문화가 있는 산단 '수요 런치콘서트' 개최",0.0,0,0,https://www.nocutnews.co.kr/news/6513167?utm_source=naver&utm_medium=article&utm_campaign=20260506101259
2026-05-06,"경남농협, '제4회 본부장배 시니어 파크골프대회' 개최",0.0,0,0,https://www.nocutnews.co.kr/news/6513168?utm_source=naver&utm_medium=article&utm_campaign=20260506101200
2026-05-06,"선교적 문화목회 자리매김 '새참음악회' 인기…""점심 문화행사 참 좋아...",0.0,0,0,https://www.nocutnews.co.kr/news/6513091?utm_source=naver&utm_medium=article&utm_campaign=20260506100101
2026-05-06,'바이브 코딩'이 바꾼 교회 풍경들 ③전도 연습에 '신앙 인바디'까지,0.0,0,0,https://www.nocutnews.co.kr/news/6513136?utm_source=naver&utm_medium=article&utm_campaign=20260506100100
2026-05-06,"번영 끝 정체된 한인교회…""다음세대가 핵심""",0.0,0,0,https://www.nocutnews.co.kr/news/6513148?utm_source=naver&utm_medium=article&utm_campaign=20260506100059
2026-05-06,AI가 통신 오류를 '더 가볍게' 잡는다…차세대 복호 기술 개발,0.0,0,0,https://www.electimes.com/news/articleView.html?idxno=367717
2026-05-06,"현대차, 바다숲 지키는 '이름 없는 숲' 캠페인 전개",0.0,0,0,https://www.ulsanpress.net/news/articleView.html?idxno=574623
2026-05-06,"""AI 어렵지 않아요""…어르신 대상 챗GPT 교육",0.0,0,0,http://www.djtimes.co.kr/news/articleView.html?idxno=111814
2026-05-06,김참새 작가 손잡은 시시호시…롯데백화점 잠실점 팝업 운영,0.0,0,0,https://www.thepublic.kr/news/articleView.html?idxno=303525
2026-05-06,어버이날 선물 1위는 역시 '이것',0.0,0,0,https://www.ggilbo.com/news/articleView.html?idxno=1156430
2026-05-06,"현대차, 주전 해역 '울림 바다숲' 지명 등재",0.0,0,0,http://www.ujeil.com/news/articleView.html?idxno=385344
2026-05-06,현대차-해수부의 '이름 없는 숲' 캠페인,0.0,0,0,http://www.ujeil.com/news/articleView.html?idxno=385277
2026-05-06,"19전비, '스페이스챌린지 in 충주' 개최",0.0,0,0,https://www.ccreview.co.kr/news/articleView.html?idxno=347818
2026-05-06,"""미국·이란, '1쪽짜리' 합의안에 근접…핵 농축 중단 포함""",0.0,0,0,https://www.nocutnews.co.kr/news/6513164?utm_source=naver&utm_medium=article&utm_campaign=20260506090959
2026-05-06,"이재욱, 입대 12일 앞두고 ♥신예은과 투샷 공개…호랑이띠 동갑내기의...",0.0,0,0,https://www.tenasia.co.kr/article/2026050676444
2026-05-06,현대차 조성 '울림 바다숲' 카@,0.0,0,0,http://web.ubc.co.kr/wp/archives/127397
2026-05-06,"카카오페이, 1분기 순이익 347억…스테이블코인 발행·유통 전방위 참여",0.0,0,0,https://byline.network/?p=9004111222601683
2026-05-06,[미리보는 이데일리 신문]연대 아닌 각자도생…노조 공멸위기 자초,0.0,0,0,http://www.edaily.co.kr/news/newspath.asp?newsid=07301286645446296
2026-05-06,[5월7일자] 비즈니스포스트 아침의 주요기사,0.0,0,0,https://www.businesspost.co.kr/BP?command=article_view&num=437214
2026-05-06,"민경선, 정치자금법 위반 의혹 전면 부인…법적 대응",0.0,0,0,https://www.nocutnews.co.kr/news/6513162?utm_source=naver&utm_medium=article&utm_campaign=20260506083759
2026-05-06,"도성훈 인천 교육감 ""교육 혁신 꽃 피울 것""…3선 출사표",0.0,0,0,https://www.nocutnews.co.kr/news/6513161?utm_source=naver&utm_medium=article&utm_campaign=20260506083659
2026-05-06,"[금융 이모저모] KB금융, KB금융공익재단, KB국민은행, 하나은행, BNK부산...",0.0,0,0,http://www.worktoday.co.kr/news/articleView.html?idxno=84369
2026-05-06,"카카오모빌리티, 'AI 주니어랩' 6기 참가자 모집…중학생 대상 50명 확대",0.0,0,0,https://www.pinpointnews.co.kr/news/articleView.html?idxno=450867
2026-05-06,"[게임 이벤트] 카카오게임즈 라이브 게임 3종, 풍성한 가정의 달 이벤트...",0.0,0,0,http://www.worktoday.co.kr/news/articleView.html?idxno=84368
2026-05-06,"[금융실적] 카카오페이, 1분기 영업익 322억원…전년비 630.9% 증가",0.583,1,0,http://www.bizwnews.com/news/articleView.html?idxno=135879
2026-05-06,[비즈투데이] 현대차 '이름 없는 숲'…바다숲 보전,0.0,0,0,https://www.obsnews.co.kr/news/articleView.html?idxno=1523470
2026-05-06,"[게임 브리핑] 컴투스, 3분기 출시 앞둔 '제우스: 오만의 신' 티저 사이...",0.0,0,0,http://www.worktoday.co.kr/news/articleView.html?idxno=84367
2026-05-06,"특검, 조영탁 IMS모빌리티 대표에 징역 10년 구형",0.0,0,0,https://news.tf.co.kr/read/life/2320101.htm
2026-05-06,"카카오페이, 결제 딛고 금융으로 수익화…정체성 전환 확인",0.583,1,0,https://www.ngetnews.com/news/articleView.html?idxno=550172
2026-05-06,[업앤다운]은행주 하락…카카오뱅크↑·케이뱅크↓,0.0,1,1,https://www.nspna.com/news/?mode=view&newsid=812032
2026-05-06,"반려동물 등록정보, 공동소유자도 볼 수 있다",0.0,0,0,http://www.4th.kr/news/articleView.html?idxno=2111395
2026-05-06,[거버넌스 인사이트 3] 고혁준의 시니어 디지털 격차 해소의 핵심,0.0,0,0,https://www.gukjenews.com/news/articleView.html?idxno=3571279
2026-05-06,"이동원 ""대구 소아청소년 전공의 2명뿐…응급 중증 의료 체계 붕괴 우려...",0.0,0,0,https://www.nocutnews.co.kr/news/6513160?utm_source=naver&utm_medium=article&utm_campaign=20260506074558
2026-05-06,"[업뎃 뉴] 넷마블, '아스달 연대기: 세 개의 세력' 2주년 기념 신규 서버...",0.0,0,0,http://www.worktoday.co.kr/news/articleView.html?idxno=84365
2026-05-06,"선거 20여 일 앞 되돌린 선거구…충남도의회, '선거구 수정안' 의결",0.0,0,0,https://www.nocutnews.co.kr/news/6513158?utm_source=naver&utm_medium=article&utm_campaign=20260506073758
2026-05-06,"카카오페이, 분기 역대 최대 실적 … 결제·금융·AI '삼박자'",0.322,1,0,https://biz.newdaily.co.kr/site/data/html/2026/05/06/2026050600315.html
2026-05-06,"안성재, '와인 바꿔치기' 의혹 사과 ""깊이 사죄, 해당 소믈리에 업무 배...",0.0,0,0,https://www.nocutnews.co.kr/news/6513154?utm_source=naver&utm_medium=article&utm_campaign=20260506072758
2026-05-06,"카카오페이, 스테이블코인 유통·발행 동시 구축…증권 MAU 200만 목표(종...",0.0,0,0,https://www.newsway.co.kr/news/view?ud=2026050619082521580
2026-05-06,"특검, ‘집사 게이트’ IMS 대표 징역 10년 구형…내달 12일 선고",0.0,0,0,https://news.kbs.co.kr/news/pc/view/view.do?ncd=8554309&ref=A
2026-05-06,"[주간보안동향] 쿠팡·네이버 등 7개 오픈마켓, 개인정보 불공정 약관 시...",0.0,0,0,https://it.donga.com/108847/
2026-05-06,강신만 후보의 '단일후보 명칭 사용금지' 가처분 신청 기각,0.0,0,0,https://www.nocutnews.co.kr/news/6513150?utm_source=naver&utm_medium=article&utm_campaign=20260506071158
2026-05-06,"특검, 노상원 수첩 속 '연평도 수집소' 현장검증…""장기 감금 가능""",0.0,0,0,https://www.nocutnews.co.kr/news/6513151?utm_source=naver&utm_medium=article&utm_campaign=20260506070958
2026-05-06,'청주가 Green 페스티벌' 내일 개막,0.0,0,0,https://www.ccdn.co.kr/news/articleView.html?idxno=1076872
2026-05-06,"짜장면보다 짬뽕이 혈당에 유리? …양파, 대파가 어떤 역할을?",0.261,1,0,https://kormedi.com/?p=2813619
2026-05-06,"[단독] 업스테이지, 포털 '다음' 인수 초읽기…카카오 이사회 승인",0.0,0,0,https://www.etnews.com/20260506000461
2026-05-06,카뱅 순익 '역대 최대'…지방은행 제쳤다,0.762,2,0,https://www.hankyung.com/article/2026050696441
2026-05-06,"""3살 아들 돌침대에 내팽개쳐 사망""…20대 친부 구속기소",0.0,0,0,https://www.nocutnews.co.kr/news/6513149?utm_source=naver&utm_medium=article&utm_campaign=20260506070058
2026-05-06,장바구니 물가 부담 줄인다··· 5월 수산물 할인행사 개최,0.0,0,0,https://www.ktv.go.kr/content/view?content_id=753950
2026-05-06,"카카오페이, 1분기 연결 기준 매출 3003억원…영업이익 322억원 기록",0.583,1,0,https://www.lcnews.co.kr/news/articleView.html?idxno=201738
2026-05-06,"카뱅·케뱅, 중저신용대출 목표 넘겼지만…정부 압박 더 세진다",0.0,0,0,https://www.kukinews.com/article/view/kuk202605060189
2026-05-06,"전세사기 피해 인정, 누적 4만건 육박",0.0,0,0,https://www.sedaily.com/article/20040959?ref=naver
2026-05-06,"KAIST, 코엑스서 AI 기술설명회 개최…최신 AI 연구성과 공유",0.0,0,0,https://www.thedailypost.kr/news/articleView.html?idxno=114077
2026-05-08,[민병두의 나이이즘 (76)] 디지털 유산 정리사,0.0,0,0,https://www.news2day.co.kr/article/20260506500105
2026-05-08,‘국가AI컴퓨팅센터’ 6월 해남서 첫삽,0.0,0,0,https://www.segye.com/newsView/20260507514052?OutUrl=naver
2026-05-08,"동화약품, 웹예능 '네고왕'과 손잡고 B2C 접점 확대",0.0,0,0,https://www.yakup.com/news/index.html?mode=view&cat=12&nid=326913
2026-05-08,"""AI쇼핑 돈 된다""…네카오 1분기 '방긋'",0.762,2,0,https://www.news1.kr/it-science/general-it/6159608
2026-05-08,가습기살균제 국가배상 전환 앞두고…피해자 일각 반발 계속,0.0,0,0,https://www.nocutnews.co.kr/news/6513838?utm_source=naver&utm_medium=article&utm_campaign=20260508060014
2026-05-08,'의과대학 교육혁신' 우수사례 공모전 개최…6월 26일까지,0.0,0,0,https://www.nocutnews.co.kr/news/6513622?utm_source=naver&utm_medium=article&utm_campaign=20260508060014
2026-05-08,쪼그라드는 알뜰폰…통신비 인하 정책·저가요금제에 속앓이,0.0,0,0,https://www.ebn.co.kr/news/articleView.html?idxno=1707876
2026-05-08,"AI 외쳐… 네이버는 커머스, 카카오는 카톡",0.0,0,0,https://it.chosun.com/news/articleView.html?idxno=2023092161690
2026-05-08,통합 강원대 특성화 전략 강원대학교 정재연 총장 ｜#헬로이슈토크 #헬...,0.0,0,0,http://news.lghellovision.net/news/articleView.html?idxno=542290
2026-05-08,"트럼프 ""EU, 7월 4일까지 무역합의 불이행시 더 높은 관세""",-0.38,0,1,https://www.nocutnews.co.kr/news/6513886?utm_source=naver&utm_medium=article&utm_campaign=20260508060614
2026-05-08,"이란 매체 ""드론 격추, 미군 격퇴""…호르무즈 폭음",0.0,0,0,https://www.nocutnews.co.kr/news/6513885?utm_source=naver&utm_medium=article&utm_campaign=20260508053613
2026-05-08,"[브랜드평판] 삼성 이재용, CEO 5월 1위.... SK 최태원, 현대자동차 정의...",0.604,2,0,https://www.enetnews.co.kr/news/articleView.html?idxno=49751
2026-05-08,"""미안해서 5만원은 못 보내""…축의금 이어 부의금도 '선' 넘었다",0.0,0,0,http://www.fnnews.com/news/202605072041021859
2026-05-08,"[속보]이란 매체 ""미군이 유조선 공격, 미사일 반격에 후퇴""",0.0,0,0,https://www.nocutnews.co.kr/news/6513884?utm_source=naver&utm_medium=article&utm_campaign=20260508052613
2026-05-08,"""이란, 미국의 해상 봉쇄를 최소 3~4개월 버틸 여력 있어""",0.0,0,0,https://www.nocutnews.co.kr/news/6513883?utm_source=naver&utm_medium=article&utm_campaign=20260508060514
2026-05-08,총경 못 달면 퇴직…경찰 '고질병' 계급정년 숨통 트일까,0.0,0,0,https://www.nocutnews.co.kr/news/6513860?utm_source=naver&utm_medium=article&utm_campaign=20260508050513
2026-05-08,Y2K 감성 입는 Z세대… ‘7부 바지’가 돌아왔다,0.0,0,0,https://www.seoul.co.kr/news/economy/distribution/2026/05/08/20260508032001?wlog_tag3=naver
2026-05-08,서울시민이 뽑은 우리동네 맛집… 밀키트로 전국 식탁 오른다,0.0,0,0,https://www.seoul.co.kr/news/publicnews/local_govern/news_local/2026/05/08/20260508019008?wlog_tag3=naver
2026-05-08,[경제 단신] 한중경영자회의… 손경식 “협력 강화 중요” 외,0.0,0,0,https://www.segye.com/newsView/20260507515355?OutUrl=naver
2026-05-08,"한덕수 2심 징역 15년…""내란 가담"" 질타하면서도 감형 이유는",0.0,0,0,https://www.nocutnews.co.kr/news/6513876?utm_source=naver&utm_medium=article&utm_campaign=20260508050018
2026-05-08,'물가 급등'에 최고가격 또 동결…정유사 손실 보전 '막막',0.408,1,0,https://www.nocutnews.co.kr/news/6513873?utm_source=naver&utm_medium=article&utm_campaign=20260508050018
2026-05-08,설탕 990억 감경·쿠팡은 강경?…공정위 '리니언시 딜레마',0.0,0,0,https://www.nocutnews.co.kr/news/6513671?utm_source=naver&utm_medium=article&utm_campaign=20260508050014
2026-05-08,"부산시장에 도전한 30대…개혁신당 정이한 ""피습 딛고 끝까지 완주""[영...",0.0,0,0,https://www.nocutnews.co.kr/news/6513881?utm_source=naver&utm_medium=article&utm_campaign=20260508050019
2026-05-08,"계엄요건 강화한 개헌 반대, '윤어게인'의 연장선인가",0.0,0,0,https://www.nocutnews.co.kr/news/6513859?utm_source=naver&utm_medium=article&utm_campaign=20260508050017
2026-05-08,"""엄마가 이겼다"" 공순이 이야기[뉴스럽다]",0.0,0,0,https://www.nocutnews.co.kr/news/6513329?utm_source=naver&utm_medium=article&utm_campaign=20260508050015
2026-05-08,"한진, 경북 농가 물류비 경감 나서",0.0,0,0,https://www.nongmin.com/article/20260506500522
2026-05-08,"""오빠, 얼마 보냈어?"" 어버이날, 형제 단톡방에 먼저 뜬 말 [그래도 가족...",0.0,0,0,http://www.fnnews.com/news/202605072153000418
2026-05-08,李와 동행론 VS 연임 심판론…안양시장 선거에 쏠린 눈,0.0,0,0,https://www.nocutnews.co.kr/news/6513844?utm_source=naver&utm_medium=article&utm_campaign=20260508050016
2026-05-08,北 여자축구단 방남에 통일부는 조심스럽고 신중하고…,0.0,0,0,https://www.nocutnews.co.kr/news/6513854?utm_source=naver&utm_medium=article&utm_campaign=20260508050017
2026-05-08,"비상계엄 여파에도 ""軍 신뢰한다"" 69%…역대 최고치",0.0,0,0,https://www.nocutnews.co.kr/news/6513818?utm_source=naver&utm_medium=article&utm_campaign=20260508050015
2026-05-08,'잔인한 금융' 직격한 李대통령…난감한 금융권 속앓이만,0.0,0,0,https://www.nocutnews.co.kr/news/6513666?utm_source=naver&utm_medium=article&utm_campaign=20260508050014
2026-05-08,"""정치 얘기 꺼내면 싸움""…청년들 삼킨 침묵의 나선",0.0,0,0,https://www.nocutnews.co.kr/news/6513817?utm_source=naver&utm_medium=article&utm_campaign=20260508050016
2026-05-08,"보수결집 조짐에 놀란 민주당, '尹어게인'에 화력 집중",0.0,0,0,https://www.nocutnews.co.kr/news/6513828?utm_source=naver&utm_medium=article&utm_campaign=20260508050016
2026-05-08,"""그다음으로"" 나아가는 김하온 ""개인 앨범도 구상 중입니다""[EN:터뷰]",0.0,0,0,https://www.nocutnews.co.kr/news/6513809?utm_source=naver&utm_medium=article&utm_campaign=20260508050019
2026-05-08,“중신용자 대출 늘려라”... 금융지주 ‘효자’로 떠오른 캐피탈,0.322,1,0,https://www.etoday.co.kr/news/view/2582402
2026-05-08,"‘닥터 섬보이’ 이재욱, 섬마을 공중보건의사 ‘도지의’ 변신",0.0,0,0,https://sports.khan.co.kr/article/202605080446003?pt=nv
2026-05-08,“대구 택시기사 1만 명에 맞춤의료 제공”,0.0,0,0,https://www.donga.com/news/Society/article/all/20260507/133881310/2
2026-05-08,"'다음' 품는 업스테이지, 자체 LLM 묶어 'AI포털' 만든다",0.0,0,0,https://www.mt.co.kr/future/2026/05/08/2026050720082995612
2026-05-08,"""복잡할수록 더 잘 만들어진다""…나노입자의 역설 최초 규명",0.0,0,0,https://www.nocutnews.co.kr/news/6513714?utm_source=naver&utm_medium=article&utm_campaign=20260508030012
2026-05-08,[금융신상] 기업은행·카카오뱅크·우리카드 등,0.0,0,0,http://www.bizwnews.com/news/articleView.html?idxno=135980
2026-05-08,"라인게임즈, 유태웅 전 넵튠 대표 영입 ""내실 경영 강화""",0.583,1,0,https://www.thelec.kr/news/articleView.html?idxno=56215
2026-05-08,"카카오, 매출 2조원 육박… 역대 1분기 최대",0.0,0,0,https://www.chosun.com/economy/tech_it/2026/05/08/M45OLUEHWFGLTNKPYV2YDJK7NQ/?utm_source=naver&utm_medium=referral&utm_campaign=naver-news
2026-05-08,‘중저신용 대출’ 인터넷銀도 고신용자에 대출 쏠려,0.0,0,0,https://www.donga.com/news/Economy/article/all/20260507/133881537/2
2026-05-08,"카카오, 2026년 1분기 매출액 1조 9,421억 원, 영업이익 2,114억 원",0.0,0,0,https://sports.khan.co.kr/article/202605080026003?pt=nv
2026-05-08,"“은행, 중·저신용자 대출 확대해야”… 난감한 포용금융",0.0,0,0,https://www.kmib.co.kr/article/view.asp?arcid=1778146258&code=11151300&cp=nv
2026-05-08,"한국 소상공인 경영 노하우, 글로벌 표준 만든다",0.0,0,0,https://sports.khan.co.kr/article/202605080019003?pt=nv
2026-05-08,[사설] 또 가로막힌 빅테크 과세…조세회피 '구멍' 막아야,0.0,0,0,https://www.hankyung.com/article/2026050723971
2026-05-08,우상호·김진태 SNS 홍보 '열전'…맞대결 성사 기점 검색량 급증,0.0,0,0,https://www.kado.net/news/articleView.html?idxno=2048922
2026-05-08,"'덩치 키운' 인뱅, 다음 스텝 밟는다…인수합병·기업공개·플랫폼 강화",0.762,2,0,https://www.ziksir.com/news/articleView.html?idxno=133126
2026-05-08,5월 근로장려금 접수 돌입…324만 가구 대상·자동신청 대상 확대,0.0,0,0,https://www.cbci.co.kr/news/articleView.html?idxno=572969
2026-05-08,불법사금융 전면전 선언에도…광주 골목·SNS엔 '급전 광고' 활개,0.0,0,0,https://www.jnilbo.com/news/articleView.html?idxno=90000033408
2026-05-08,ESG 보고서 필수요소 된 심리복지…기업들 앞다퉈 “상담받으세요”,0.0,0,0,https://www.sedaily.com/article/20041523?ref=naver
2026-05-07,"NHN 컨소시엄, 복지부 AI '스마트홈' 주관사 선정…""재가 돌봄 표준 정립...",0.0,0,0,https://www.thedailypost.kr/news/articleView.html?idxno=114098
2026-05-07,"한국조폐공사, '2026 서울머니쇼'서 화폐 굿즈 열풍",0.0,0,0,http://www.ccnnews.co.kr/news/articleView.html?idxno=409409
2026-05-07,[횡설수설/김재영]오늘은 ‘어른이날’,0.0,0,0,https://www.donga.com/news/Opinion/article/all/20260507/133882415/2
2026-05-07,"이차영 ""괴산군의 미래 기반 다시 세우는 군수""",0.0,0,0,https://www.nocutnews.co.kr/news/6513878?utm_source=naver&utm_medium=article&utm_campaign=20260507111410
2026-05-07,"광주 여고생 살해범, 스토킹 신고도 당했었다…범행과 관련?",0.0,0,0,https://www.nocutnews.co.kr/news/6513875?utm_source=naver&utm_medium=article&utm_campaign=20260507110410
2026-05-07,"[단독] ‘김건희 봐주기’ 앞장 권익위 2인자, 윤석열 만나 사건 논의 정...",0.0,0,0,https://www.hani.co.kr/arti/politics/politics_general/1257677.html
2026-05-07,"크로노 오디세이, 전투 완성도와 성장 설계 재정비 중",0.322,1,0,https://www.gametoc.co.kr/news/articleView.html?idxno=108347
2026-05-07,"[공시] KBI메탈 '거래정지', 대한광통신·코리아써키트 '투자경고 예고...",-0.462,0,1,https://www.newstnt.com/news/articleView.html?idxno=701482
2026-05-07,"김관영 전북지사 '내란 동조' 무혐의…특검, 불기소 처분",0.0,0,0,https://www.nocutnews.co.kr/news/6513872?utm_source=naver&utm_medium=article&utm_campaign=20260507100910
2026-05-07,'바이브 코딩'이 바꾼 교회 풍경들 ④목회 데이터 학습과 활용,0.0,0,0,https://www.nocutnews.co.kr/news/6513760?utm_source=naver&utm_medium=article&utm_campaign=20260507100110
2026-05-07,'해외에서도 젊은 세대 공략하는 K-이단'…한인교회 비상,0.0,0,0,https://www.nocutnews.co.kr/news/6513839?utm_source=naver&utm_medium=article&utm_campaign=20260507100110
2026-05-07,"'식비 대납 의혹' 이원택 도지사 후보, 12시간 경찰 조사…혐의 부인",0.0,0,0,https://www.nocutnews.co.kr/news/6513869?utm_source=naver&utm_medium=article&utm_campaign=20260507095109
2026-05-07,"[지안의 문화이야기] 진안고원, 안국사와 논개",0.0,0,0,http://www.bulkwang.co.kr/news/articleView.html?idxno=40428
2026-05-07,좋은 변호사의 비밀,-0.38,0,1,http://www.gnmaeil.com/news/articleView.html?idxno=586173
2026-05-07,"KTL, 환경기술 분야 디지털전환으로 기업 산업 혁신 창출",0.0,0,0,http://www.gnmaeil.com/news/articleView.html?idxno=586167
2026-05-07,"'대북무인기 처벌법' 국회통과…""모든 초경량비행장치 적용""",0.0,0,0,https://www.nocutnews.co.kr/news/6513865?utm_source=naver&utm_medium=article&utm_campaign=20260507093009
2026-05-07,"태안 원예치유박람회서 ""엄마""·""아빠"" 부르면? ""꽃이 화답해요""",0.0,0,0,https://www.nocutnews.co.kr/news/6513863?utm_source=naver&utm_medium=article&utm_campaign=20260507092209
2026-05-07,'봄' KCC는 압도적…롱 4점? '판타스틱 4' 89점 합작으로 2연승,0.0,0,0,https://www.nocutnews.co.kr/news/6513864?utm_source=naver&utm_medium=article&utm_campaign=20260507092009
2026-05-07,‘PC 고치는 척’ 교직원 사진·영상 유출…음란 딥페이크 영상물 만든...,0.0,0,0,https://www.khan.co.kr/article/202605072120005
2026-05-07,"[금융가 산책] 케이뱅크, 최고 연 7.5% '마이키즈 적금' 출시",0.0,0,0,https://www.newsinside.kr/news/articleView.html?idxno=4654170
2026-05-07,"엔씨, '제2의 MMO 전성기' 불 붙였다...넷마블·카겜·컴투스·스마게 신...",0.0,0,0,http://www.ftoday.co.kr/news/articleView.html?idxno=358576
2026-05-07,"""사투리도 척척, 복잡한 절차도 쉽게""…충남, 'AI 주민자치' 향한다",0.0,0,0,https://www.nocutnews.co.kr/news/6513858?utm_source=naver&utm_medium=article&utm_campaign=20260507090909
2026-05-07,"31살 다음, AI 시대 맞아 '기사회생'",0.0,0,0,https://www.ajunews.com/view/20260507155056987
2026-05-07,"[업스테이지 다음 인수] 업스테이지, 다음 품에 안았다",0.0,0,0,https://www.ajunews.com/view/20260507141822760
2026-05-07,"프레인글로벌, Z세대 소통법 담은 '젠지 시그널 리포트' 발간…""읽씹과...",0.0,0,0,https://www.ngonews.kr/news/articleView.html?idxno=229516
2026-05-07,설인아. 꽃미남 아이돌 그룹 비주얼 센터인 줄…숏컷 치고 슈트 입었더...,0.0,0,0,https://www.tenasia.co.kr/article/2026050705814
2026-05-07,"[금융 트렌드] ""5월의 선물상자 지금 열어보아요"" KB국민카드, 가정의 달...",0.0,0,0,https://www.ibabynews.com/news/articleView.html?idxno=151122
2026-05-07,"[호텔 리조트 트렌드] 호텔 나루 서울 – 엠갤러리, 숙취해소 젤리 '고요...",0.0,0,0,https://www.ibabynews.com/news/articleView.html?idxno=151118
2026-05-07,"충남 16개 중소기업, 중기부 '지역 혁신 선도기업 R&D' 공모 선정",0.0,0,0,https://www.nocutnews.co.kr/news/6513856?utm_source=naver&utm_medium=article&utm_campaign=20260507085409
2026-05-07,"경기도, 소비재·자동차부품 해외 판로 지원...전통 식문화 사업도 운영",0.0,0,0,https://www.ajunews.com/view/20260507174800154
2026-05-07,"""폐 이식 두 차례 무산…마음 준비까지"" 유열, 눈물의 투병 회상",0.0,0,0,https://www.nocutnews.co.kr/news/6513853?utm_source=naver&utm_medium=article&utm_campaign=20260507084409
2026-05-07,6·3 지방선거 앞 충남 투·개표소 등 994곳 화재 안전 점검,0.0,0,0,https://www.nocutnews.co.kr/news/6513851?utm_source=naver&utm_medium=article&utm_campaign=20260507084109
2026-05-07,어버이날 최고 선물은 ‘현금’... 얼마를 준비하고 계십니까?,0.0,0,0,https://www.chosun.com/national/national_general/2026/05/07/3SU47Q3WQBGQ7IHUHEQHNVTSWU/?utm_source=naver&utm_medium=referral&utm_campaign=naver-news
2026-05-07,"'무주공산' 충남교육감 선거, 진보·보수 막판 '단일화' 성사될까",0.0,0,0,https://www.nocutnews.co.kr/news/6513850?utm_source=naver&utm_medium=article&utm_campaign=20260507083609
2026-05-07,'북극항로 시대' 울산항 탄소중립 허브 육성 전략 포럼 개최,0.0,0,0,https://www.nocutnews.co.kr/news/6513848?utm_source=naver&utm_medium=article&utm_campaign=20260507081909
2026-05-07,"멜론, ‘제18회 서울재즈페스티벌 2026’ 공식 스폰서 참여",0.0,0,0,https://sports.khan.co.kr/article/202605072015003?pt=nv
2026-05-07,김소영 CCTV 공개…의식 잃어가는 남성 뺨 두드리고 부축,0.0,0,0,https://www.nocutnews.co.kr/news/6513846?utm_source=naver&utm_medium=article&utm_campaign=20260507080909
2026-05-07,"[IT큐레이션] ""만화에서 영상까지"" 픽코마가 또 신기한 것 벌이네",0.0,0,0,https://www.econovill.com/news/articleView.html?idxno=739601
2026-05-07,"'올림픽 3관왕 빠진' 여자 양궁, 월드컵 2차대회 단체전 동메달",0.0,0,0,https://www.nocutnews.co.kr/news/6513845?utm_source=naver&utm_medium=article&utm_campaign=20260507075609
2026-05-07,"저고위→인구전략위 확대 개편…""인구정책 컨트롤타워 강화""",0.0,0,0,https://www.nocutnews.co.kr/news/6513843?utm_source=naver&utm_medium=article&utm_campaign=20260507075609
2026-05-07,"서병수 ""탈당해 한동훈 돕는게 떳떳…국힘을 위한 길""",0.0,0,0,https://www.nocutnews.co.kr/news/6513842?utm_source=naver&utm_medium=article&utm_campaign=20260507075609
2026-05-07,"삼립, 포켓몬 30주년 기념 '포켓몬빵' 출시",0.0,0,0,https://www.consumuch.com/news/articleView.html?idxno=77987
2026-05-07,"우성진 ""K2 후적지에 드론 공장 유치…공천 후폭풍, 봉합은 아직""",0.0,0,0,https://www.nocutnews.co.kr/news/6513841?utm_source=naver&utm_medium=article&utm_campaign=20260507074608
2026-05-07,“용돈박스에 트로트 굿즈까지”…어버이날 선물도 ‘취향 맞춤 시대’,0.0,0,0,https://www.kyeonggi.com/article/20260507580424
2026-05-07,"김진태, 또 공수처에 고발돼…'명태균 모의·기획 부도' 의혹",0.0,0,0,https://www.nocutnews.co.kr/news/6513835?utm_source=naver&utm_medium=article&utm_campaign=20260507073108
2026-05-07,"구글이 성장 돕는다…마케팅 자동화 '노티플라이', GFSA 선정",0.322,1,0,https://www.mt.co.kr/future/2026/05/07/2026050711294627625
2026-05-07,"[속보]업스테이지, 포털 ‘다음’ 인수 확정",0.0,0,0,https://www.munhwa.com/article/11587489?ref=naver
2026-05-07,"강임준 군산시장, 김영일 후보 '불법 지원' 의혹 피고발",0.0,0,0,https://www.nocutnews.co.kr/news/6513834?utm_source=naver&utm_medium=article&utm_campaign=20260507072408
2026-05-11,"울산시, 지방세 미환급금 정리…2만3천건·7억4천만원 대상",0.0,0,0,https://www.yna.co.kr/view/AKR20260510049600057?input=1195m
2026-05-11,“불법 막히면 결제 늘어난다” 중소 웹툰 플랫폼 기대감 들썩,0.0,0,0,https://biz.chosun.com/industry/business-venture/2026/05/11/55X6L22ICFFX5P7R6IBRK27SMI/?utm_source=naver&utm_medium=original&utm_campaign=biz
2026-05-11,‘2% 포털’ 다음 품은 업스테이지…AI 공론장 전략 통할까 [넥스트 포털...,0.0,0,0,https://www.kukinews.com/article/view/kuk202605080138
2026-05-11,"크래프톤, '배그' 의존도 심각…손상차손 7배 급증[더시그널]",0.0,0,0,http://www.hansbiz.co.kr/news/articleView.html?idxno=837373
2026-05-11,"이찬진 금감원장도 금감원 MZ노조에 ""감사"" 왜?",-0.408,0,1,https://www.nocutnews.co.kr/news/6514458?utm_source=naver&utm_medium=article&utm_campaign=20260511060052
2026-05-11,전문대 인공지능·디지털전환 이끌 24개 사업단 선정,0.0,0,0,https://www.nocutnews.co.kr/news/6514383?utm_source=naver&utm_medium=article&utm_campaign=20260511060051
2026-05-11,"'다음' 품은 업스테이지, AI 검색 돌파구 찾나…GPU·입지는 과제",0.261,1,0,https://www.news1.kr/it-science/internet-platform/6161095
2026-05-11,“같은 카카오택시인데 중국인은 더 비싸”… 위챗으로 호출하니 최대 ...,0.0,0,0,https://biz.chosun.com/it-science/ict/2026/05/11/FX2LIO7MUFDN5JBKAFQS4UTN7Y/?utm_source=naver&utm_medium=original&utm_campaign=biz
2026-05-11,디지털금융 혁신 공염불 '카카오금융'… 호실적에도 공매도만 쌓여,0.513,3,2,https://it.chosun.com/news/articleView.html?idxno=2023092161783
2026-05-11,"비즈니스 메시지 날개 단 카카오, 마이웨이 계속되나",0.322,1,0,https://www.sidae.com/article/2026050815575773530
2026-05-11,"""건보료 얼마면 받나""…정부, 고유가 지원금 지급 기준 오늘 발표",0.0,0,0,https://www.news1.kr/society/general-society/6161938
2026-05-11,"""연간 할인은 그대로, 결제는 매달""…iOS 26.5 이번 주 출격",0.0,0,0,https://www.newsis.com/view/NISX20260510_0003623355
2026-05-11,총량 관리에 가계대출 '빗장'…5대 은행 1분기 '마이너스',0.0,0,0,https://www.yna.co.kr/view/AKR20260509046600002?input=1195m
2026-05-11,[칼럼]민감해야 민주주의다,0.0,0,0,https://www.nocutnews.co.kr/news/6514493?utm_source=naver&utm_medium=article&utm_campaign=20260511055051
2026-05-11,[김지욱 저작권썰.zip]㊶ 제타(Zeta) : 돈 벌지 않는 팬심이 어떻게 플랫...,0.0,0,0,https://isplus.com/article/view/isp202605100078
2026-05-11,"2007년 대선의 기시감, 경기지사 선거가 닮아간다",0.0,0,0,https://www.nocutnews.co.kr/news/6514503?utm_source=naver&utm_medium=article&utm_campaign=20260511053551
2026-05-11,"강대권 “삼성전자 아직 싸다, TSMC보다 70% 저펑가”",0.0,0,0,https://www.chosun.com/economy/money/2026/05/11/MHNRWU3MP5BEDJ4DBX4THJF3RI/?utm_source=naver&utm_medium=referral&utm_campaign=naver-news
2026-05-11,“10만원이 대세”… 고물가가 쏘아올린 부의금 인플레,0.0,0,0,https://www.seoul.co.kr/news/society/2026/05/11/20260511010003?wlog_tag3=naver
2026-05-11,불장에 황제주 10개로 늘었다…다시 고개 든 ‘액면분할론’,0.0,0,0,https://www.etoday.co.kr/news/view/2582700
2026-05-11,"발달장애인 참정권 매번 제자리…""우리도 알고 투표하고 싶다""",0.0,0,0,https://www.nocutnews.co.kr/news/6514778?utm_source=naver&utm_medium=article&utm_campaign=20260511060651
2026-05-11,6·3 지방선거 19일 남겨놓고 '당선자' 수백명 나온다,0.0,0,0,https://www.nocutnews.co.kr/news/6514767?utm_source=naver&utm_medium=article&utm_campaign=20260511050056
2026-05-11,"""현장서도 세포 대사 읽어줘 웃음…"" 김재원의 '유미의 세포들3'[왓더OT...",0.0,0,0,https://www.nocutnews.co.kr/news/6514775?utm_source=naver&utm_medium=article&utm_campaign=20260511050057
2026-05-11,"미국엔 조선소, 캐나다엔 잠수함…K조선 안보시장 커진다",0.0,0,0,https://www.nocutnews.co.kr/news/6514763?utm_source=naver&utm_medium=article&utm_campaign=20260511050055
2026-05-11,"삼전 노사, 오늘부터 이틀간 막판 협상…'반도체 순항' 좌우한다",0.0,0,0,https://www.nocutnews.co.kr/news/6514745?utm_source=naver&utm_medium=article&utm_campaign=20260511050054
2026-05-11,서은숙 '여당 원팀' vs 김영욱 '성과론'…부산진구청장 삼세판 승부,0.0,0,0,https://www.nocutnews.co.kr/news/6514735?utm_source=naver&utm_medium=article&utm_campaign=20260511050056
2026-05-11,"'민원인과 성관계' 군수 파면되던 날, 유권자들 ""수치스럽다""",0.0,0,0,https://www.nocutnews.co.kr/news/6514527?utm_source=naver&utm_medium=article&utm_campaign=20260511050051
2026-05-11,예수 들어 계엄 '우회 옹호'한 크리스천 장동혁[기자수첩],0.0,0,0,https://www.nocutnews.co.kr/news/6514768?utm_source=naver&utm_medium=article&utm_campaign=20260511050057
2026-05-11,카트에 약 담는 시대…창고형 약국 '편의 혁신 vs 오남용 우려',0.0,0,0,https://www.nocutnews.co.kr/news/6514760?utm_source=naver&utm_medium=article&utm_campaign=20260511050055
2026-05-11,'단전·단수' 이상민 항소심 결론 임박…직권남용 뒤집힐까,0.0,0,0,https://www.nocutnews.co.kr/news/6514777?utm_source=naver&utm_medium=article&utm_campaign=20260511060251
2026-05-11,"[강성원의 현장톡(TALK)] 시작된 변화 끝까지 간다…주광덕 후보, 100만 ...",0.0,0,0,http://www.fieldnews.kr/news/articleView.html?idxno=28456
2026-05-11,"차 대신 자전거 타고, 잔반 안 남기는 '탄소업슈', 돈으로 돌려준다[일...",0.0,0,0,https://www.hankookilbo.com/news/article/A2026051015080001489?did=NA
2026-05-11,[출근길 포인트] 1년새 샌디스크 4040%·마이크론 770%·인텔 483%↑… 반...,0.0,0,0,https://www.pointdaily.co.kr/news/articleView.html?idxno=304309
2026-05-11,"인터넷은행, 서민 신용 개선 '디딤돌' 됐다",0.261,1,0,https://www.mt.co.kr/finance/2026/05/11/2026051019095078885
2026-05-11,"카카오 노사, ‘성과급 산정 방식’ 이견… 파업 기로",0.0,0,0,https://www.dt.co.kr/article/12061661?ref=naver
2026-05-11,"'선발 3명 빠졌는데' 붕괴된 한화 마운드, 'KBO 최초 기록' 육성선수가 ...",0.0,0,0,https://www.nocutnews.co.kr/news/6514774?utm_source=naver&utm_medium=article&utm_campaign=20260511121048
2026-05-11,[최창영의 청년문화 돌아보기] ‘카·페·인 우울증’과 편집된 삶의 과...,0.0,0,0,https://m.skyedaily.com/news_view.html?ID=303730
2026-05-11,'민생지원금 3차 지급일 D-7' 소득기준과 대상조회 방법 이렇게,0.0,0,0,https://www.gukjenews.com/news/articleView.html?idxno=3578038
2026-05-11,"[DQN] 키움·삼성·미래, 증권 플랫폼 경쟁 '先투자' 빅3",0.0,0,0,http://www.fntimes.com/html/view.php?ud=202605082215583241dd55077bc2_18
2026-05-11,"카카오, '선택과 집중' 가속…AI 드라이브 속 김범수 '사법리스크' 변수",0.0,0,0,https://news.tf.co.kr/read/economy/2320809.htm
2026-05-11,"""보험사기 잡고 위험 세분화"" 업계 AI 활용 본격화",0.0,0,0,https://www.insnews.co.kr/news/articleView.html?idxno=90607
2026-05-10,“돈 더 달라”…삼성전자에 이어 카카오도 노사 교섭 결렬,0.0,0,0,https://www.seoul.co.kr/news/economy/industry/2026/05/10/20260510500114?wlog_tag3=naver
2026-05-10,"카카오까지 번진 ""우리도 영업익 달라""...SK하이닉스發 삼성·현대차 도...",0.0,0,0,https://www.joongangenews.com/news/articleView.html?idxno=518146
2026-05-10,'고유가 피해지원금' 피싱 범죄 각별 주의,0.0,0,0,http://www.jeonmin.co.kr/news/articleView.html?idxno=439552
2026-05-10,"美 베선트 장관, 13일 韓 방문…트럼프 방중 전 한중일 순방",0.0,0,0,https://www.nocutnews.co.kr/news/6514773?utm_source=naver&utm_medium=article&utm_campaign=20260510111547
2026-05-10,"부산 사하구 LPG 화력발전소 화재, 6시간여 만에 초진",0.0,0,0,https://www.nocutnews.co.kr/news/6514772?utm_source=naver&utm_medium=article&utm_campaign=20260510110848
2026-05-10,웹툰 '비밀사이' '내일도 출근!' 원작자들의 최애 캐릭터는?,0.0,0,0,https://www.elle.co.kr/article/1901684
2026-05-10,"""요즘 누가 5만원 내요""…축의금·부의금 기본이 10만원?",0.0,0,0,http://weekly.chosun.com/news/articleView.html?idxno=51445
2026-05-10,"롯데웰푸드, 1분기 영업익 전년대비 118% 증가…""해외법인이 성장 견인...",0.322,1,0,http://www.biztribune.co.kr/news/articleView.html?idxno=353663
2026-05-10,삼성 이어 카카오도 성과급 진통…첫 파업 여부 촉각,0.0,0,0,http://www.edaily.co.kr/news/newspath.asp?newsid=03335766645447608
2026-05-10,"박균택 ""국힘, 5·18 헌법 명시 '화들짝'...'전두환·尹 내란 독재 DNA' 어...",0.0,0,0,https://www.ikbc.co.kr/article/view/kbc202605100047
2026-05-10,"""신라왕경 3D에 AI 접목""…경북도, 미래 디지털 문화정책 시동",0.0,0,0,https://www.gukjenews.com/news/articleView.html?idxno=3577733
2026-05-10,"강민혁, 단상집 개정증보판·밴드 활동 병행 근황",0.0,0,0,https://www.topstarnews.net/news/articleView.html?idxno=16056797
2026-05-10,"울산 울주군, 지방세 미환급금 2억원 일제 정리",0.0,0,0,https://www.ulsanpress.net/news/articleView.html?idxno=574844
2026-05-10,"민형배 '전남광주 대전환 선대위' 출범…""AI·미래산업 중심 도약""",0.0,0,0,https://www.nocutnews.co.kr/news/6514769?utm_source=naver&utm_medium=article&utm_campaign=20260510094147
2026-05-10,카카오도 ‘영업익 15% 성과급’ 요구…노사 교섭 결렬에 쟁의 수순,0.0,0,0,https://www.mydaily.co.kr/page/view/2026051021330860933
2026-05-10,카카오 노조도 들고 일어났다…“우리도 하닉처럼 줘” 성과급 갈등 대...,0.0,0,0,https://www.sedaily.com/article/20042282?ref=naver
2026-05-10,"카카오 노사, 성과급 이견에 교섭 결렬…노동위 조정 신청",0.0,0,0,https://www.khan.co.kr/article/202605102130001
2026-05-10,영덕 '만원택시' 한 달간 운영,0.0,0,0,https://www.idaegu.co.kr/news/articleView.html?idxno=547522
2026-05-10,카카오도 '영업이익 성과급' 이견에 노사 교섭 결렬... 노동위 조정 신...,0.0,0,0,https://www.hankookilbo.com/news/article/A2026051020500000320?did=NA
2026-05-10,심뇌혈관질환 예방관리 홍보주간 운영,0.0,0,0,http://www.gnmaeil.com/news/articleView.html?idxno=586264
2026-05-10,카카오 노사도 단체협약 협상 결렬…쟁의 수순 밟나,0.0,0,0,https://www.hankyung.com/article/2026051068257
2026-05-10,경남지사 정보 왜곡 고발·공약 신경전,0.0,0,0,http://www.gnmaeil.com/news/articleView.html?idxno=586178
2026-05-10,카카오 노사 교섭 결렬…지방노동위원회에 조정 신청,0.0,0,0,https://www.g-enews.com/view.php?ud=202605102100344346ed0c62d49_1
2026-05-10,카카오 노사 교섭 결렬…노동위 조정 신청,0.0,0,0,https://www.newsway.co.kr/news/view?ud=2026051020544191050
2026-05-10,"경복대, 재학생-유학생 심리지원 강화… 학생중심대학 실현",0.0,0,0,https://www.ekn.kr/web/view.php?key=20260510029223531
2026-05-10,"카카오 노사 교섭 결렬...""연봉·성과급 규모 이견""",0.0,0,0,https://www.ytn.co.kr/_ln/0102_202605102055430333
2026-05-10,"카카오 노사, 성과급 이견에 임금교섭 결렬…노동위 조정 돌입",0.0,0,0,https://www.newsis.com/view/NISX20260510_0003623470
2026-05-10,포항 효곡·대이 누비는 39세 청년 후보… 이진원 시의원 후보 “주민 체...,0.0,0,0,https://www.asiatime.co.kr/article/20260510500200
2026-05-10,카카오 노사 단체협약 교섭 결렬…경기지노위에 조정 신청,0.0,0,0,https://www.etoday.co.kr/news/view/2583065
2026-05-10,[미리보는 이데일리 신문]소년범 절반 정신질환인데…의사는 비상근 2명...,0.322,1,0,http://www.edaily.co.kr/news/newspath.asp?newsid=03296406645447608
2026-05-10,"카카오 노조, 노사 교섭 결렬에 지노위 조정 신청",0.0,0,0,https://www.ajunews.com/view/20260510202108158
2026-05-10,“닉스처럼 성과급 달라” 카카오 노사 교섭 결렬…쟁의 수순 밟나,0.0,0,0,https://biz.heraldcorp.com/article/10734677?ref=naver
2026-05-10,"장동혁, 美보수매체 기고문서 ""한미관계, 큰 위기"" 주장",0.0,0,0,https://www.nocutnews.co.kr/news/6514766?utm_source=naver&utm_medium=article&utm_campaign=20260510112848
2026-05-10,"""영업익 15% 성과급으로""…카카오도 노사 충돌",0.0,0,0,https://www.news1.kr/it-science/internet-platform/6162026
2026-05-10,"나무호, 비행체 2기가 선미 타격…정부 ""공격 주체 예단 불가""",0.0,0,0,https://www.nocutnews.co.kr/news/6514765?utm_source=naver&utm_medium=article&utm_campaign=20260510092347
2026-05-10,카카오 노사 교섭 결렬…쟁의 수순 밟나,0.0,0,0,https://www.yna.co.kr/view/AKR20260510045600017?input=1195m
2026-05-10,"'휴전 중' 이스라엘, 레바논 공격…어린이 4명 등 22명 사망",0.0,0,0,https://www.nocutnews.co.kr/news/6514744?utm_source=naver&utm_medium=article&utm_campaign=20260510080546
2026-05-10,"경기도, 고유가 지원금 1차 신청률 89.6%…56만명 접수",0.0,0,0,http://www.enewstoday.co.kr/news/articleView.html?idxno=2427779
2026-05-10,"'전재수 불기소' 검경 합수본 고발사건, 서울경찰청으로 이송",0.0,0,0,https://www.nocutnews.co.kr/news/6514743?utm_source=naver&utm_medium=article&utm_campaign=20260510080446
2026-05-10,"""힘센 사람보다 주민""…친한계 대신 '구포시장 사람들' 앞세운 한동훈 ...",0.0,0,0,https://www.nocutnews.co.kr/news/6514748?utm_source=naver&utm_medium=article&utm_campaign=20260510080346
2026-05-10,파키스탄서 북서부 차량폭탄 테러…경찰 15명 사망,0.0,0,0,https://www.nocutnews.co.kr/news/6514746?utm_source=naver&utm_medium=article&utm_campaign=20260510080247
2026-05-10,"테슬라, 지난달 국내 승용 전기차 시장 판매량 첫 1위",0.322,1,0,https://www.nocutnews.co.kr/news/6514747?utm_source=naver&utm_medium=article&utm_campaign=20260510080246
2026-05-10,"산업장관 ""대미투자 기본 원칙은 상업적 합리성…美측도 이해""",0.0,0,0,https://www.nocutnews.co.kr/news/6514757?utm_source=naver&utm_medium=article&utm_campaign=20260510080146
2026-05-10,부산 사하구 천연가스 발전소서 불…한때 대응 1단계,0.0,0,0,https://www.nocutnews.co.kr/news/6514751?utm_source=naver&utm_medium=article&utm_campaign=20260510080147
2026-05-10,"경기도, 고유가 피해지원금 1차 신청률 89.6% 기록",0.0,0,0,https://www.etnews.com/20260510000087
2026-05-10,"李대통령, '尹 사형 구형'에 활짝 웃었다?…가짜뉴스 제작 30대 검거",0.0,0,0,https://www.nocutnews.co.kr/news/6514740?utm_source=naver&utm_medium=article&utm_campaign=20260510092348
2026-05-10,광주 여고생 살해 피의자 '사이코패스' 검사 결과 11일 나온다,0.0,0,0,https://www.nocutnews.co.kr/news/6514737?utm_source=naver&utm_medium=article&utm_campaign=20260510075847
2026-05-10,이진숙 선거사무소 개소식…장동혁·추경호·이철우 등 지원사격,0.0,0,0,https://www.nocutnews.co.kr/news/6514734?utm_source=naver&utm_medium=article&utm_campaign=20260510075847
2026-05-10,살벌한 국힘의 '한동훈 고립'…하정우는 조용한 개소식[노컷브이],0.0,0,0,https://www.nocutnews.co.kr/news/6514764?utm_source=naver&utm_medium=article&utm_campaign=20260510075846
2026-05-10,"새에덴교회, 교계 최초 보훈 의식 계승 예배 드려",0.0,0,0,https://www.nocutnews.co.kr/news/6514739?utm_source=naver&utm_medium=article&utm_campaign=20260510075747
2026-05-10,"""시민 요구 공약으로"" 송순호 후보, '시민 뜻대로 선거대책위' 출범식",0.0,0,0,https://www.nocutnews.co.kr/news/6514761?utm_source=naver&utm_medium=article&utm_campaign=20260510075746
2026-05-10,"창원시, '가로수길 테이크아웃 푸드 페스타'&'숲:사이 마켓' 성료",0.0,0,0,https://www.nocutnews.co.kr/news/6514762?utm_source=naver&utm_medium=article&utm_campaign=20260510075646
2026-05-10,"이이경, ‘사생활 논란’ 6개월만 SNS 재개…“행복했다” 근황",0.0,0,0,https://www.mk.co.kr/article/12042802
2026-05-10,박형준 '단일화' 요구에도 박민식·한동훈 분열 격화…하정우 가세 3파...,0.0,0,0,https://www.nocutnews.co.kr/news/6514755?utm_source=naver&utm_medium=article&utm_campaign=20260510083746
2026-05-10,카카오 노조 “우리도 영업익 15% 성과급으로 달라”,0.0,0,0,https://biz.chosun.com/it-science/ict/2026/05/10/3GF2NLXOQJHIHGXCVIRHJEMELU/?utm_source=naver&utm_medium=original&utm_campaign=biz
2026-05-10,"""연 400억 날아갈 판"" 플랫폼 '비상'…택시 기사들은 '환호'",0.0,0,0,https://www.hankyung.com/article/2026051065761
2026-05-10,"넷플릭스 드라마 '원더풀스' ""우린 초능력자다! 박은빈·차은우·최대훈...",0.0,0,0,https://www.lecturernews.com/news/articleView.html?idxno=202083
2026-05-10,"외교부 ""미상 비행체가 나무호 선미 타격…잔해 등 추가 분석""",0.0,0,0,https://www.nocutnews.co.kr/news/6514756?utm_source=naver&utm_medium=article&utm_campaign=20260510084246
2026-05-10,"[속보]외교부 ""나무호 화재 원인은 외부 공격""",0.0,0,0,https://www.nocutnews.co.kr/news/6514752?utm_source=naver&utm_medium=article&utm_campaign=20260510070245
2026-05-10,역대급 불장 올라탄 은행…펀드 판매 90조·마통 40조 돌파(종합),0.261,1,0,http://www.edaily.co.kr/news/newspath.asp?newsid=03230806645447608
2026-05-12,"토스증권, 화려한 성장 뒤 전산 오류 ‘공동 1위’⋯IT투자액 대형사의...",0.322,1,0,https://www.etoday.co.kr/news/view/2583334
2026-05-12,메날두의 마지막 월드컵…'48개국 체제' 첫 출전만 4개국[월드컵 D-30],0.0,0,0,https://www.nocutnews.co.kr/news/6515453?utm_source=naver&utm_medium=article&utm_campaign=20260512060105
2026-05-12,'제2의 스페이스X' 찾는 증권가… 어디 투자했나 보니,0.0,0,0,https://it.chosun.com/news/articleView.html?idxno=2023092161860
2026-05-12,"서울교육청, 방과후·돌봄 강사 8천명 온라인 연수…역량 강화",0.0,0,0,https://www.nocutnews.co.kr/news/6515202?utm_source=naver&utm_medium=article&utm_campaign=20260512060104
2026-05-12,"AI광고 시장, 삼파전되나",0.0,0,0,https://it.chosun.com/news/articleView.html?idxno=2023092161859
2026-05-12,국민 70%에 고유가 지원금 지급…약국에 얼마나 유입될까?,0.0,0,0,https://www.dailypharm.com/user/news/338359?REFERER=NP
2026-05-12,"기후부, 올해의 우수환경도서 30종 선정",0.0,0,0,https://www.nocutnews.co.kr/news/6515438?utm_source=naver&utm_medium=article&utm_campaign=20260512060106
2026-05-12,"“다운라운드보다 공모가 더 낮다”… 매드업·FI, 상장 후 성장에 베팅",0.322,1,0,https://biz.chosun.com/stock/market_trend/2026/05/12/6AHBOILVLFGSRH32VE742BIAV4/?utm_source=naver&utm_medium=original&utm_campaign=biz
2026-05-12,50대 그룹 시총 5년새 187%↑…공정자산 규모 첫 추월,-0.261,0,1,https://www.newsis.com/view/NISX20260511_0003624935
2026-05-12,"50대 그룹 시총, 자산 첫 추월…5년 새 자산 1100조↑ 시총 3500조↑",0.261,1,0,https://www.news1.kr/industry/general-industry/6163118
2026-05-12,"높아진 신용점수, 커지는 혼란…'인플레' 왜 생겼나[신용잃은 신용점수...",0.0,0,0,https://www.news1.kr/finance/general-finance/6153779
2026-05-12,[6·3 지선] 후보 등록 14~15일·사전투표 29~30일...꼭 알아야 할 내용은,0.0,0,0,https://www.newspim.com/news/view/20260511001252
2026-05-12,"""우리도 하이닉스 수준으로""…산업계 흔드는 '성과급' 청구서",0.0,0,0,https://www.news1.kr/economy/trend/6163263
2026-05-12,"판교로 번진 성과급 갈등…440억 거부한 카카오 노조, 파업 긴장감",0.0,0,0,https://www.news1.kr/it-science/general-it/6163209
2026-05-12,[함영준의 마음PT] 조급함과 번아웃 시대의 가족 관계 회복법,0.0,0,0,https://www.chosun.com/medical/2026/05/12/CANV7V5EZBDLFGSYQIUGYANR6U/?utm_source=naver&utm_medium=referral&utm_campaign=naver-news
2026-05-12,"[라이프 트렌드&] 바다 아래 숲, 이름 얻고 지도에 오르다",0.0,0,0,https://www.joongang.co.kr/article/25427526
2026-05-12,"강대권 “현대차 이제 싸지 않다, 삼전 오른다고 ‘이 주식’ 샀다간 자...",0.0,0,0,https://www.chosun.com/economy/money/2026/05/12/TCBXVDJ3WVAFRL44I4KA3KRNZI/?utm_source=naver&utm_medium=referral&utm_campaign=naver-news
2026-05-12,한국도 '글래스윙' 올라탈까…앤트로픽과 AI 보안협력 시동,0.0,0,0,https://www.nocutnews.co.kr/news/6515388?utm_source=naver&utm_medium=article&utm_campaign=20260512055506
2026-05-12,"'부자 1번지' 의령 군수 흑역사…유권자들 ""우리시대는 끝""",0.0,0,0,https://www.nocutnews.co.kr/news/6515452?utm_source=naver&utm_medium=article&utm_campaign=20260512055505
2026-05-12,영유아 월령별 8회 무료 검진… 시기 놓치지 말고 내원해야[알아두면 쓸...,0.0,0,0,https://www.seoul.co.kr/news/life/health-news/2026/05/12/20260512018002?wlog_tag3=naver
2026-05-12,'연어 술 파티' 檢 수뇌부 결론은…특검 도입론 불 당길까,0.0,0,0,https://www.nocutnews.co.kr/news/6515462?utm_source=naver&utm_medium=article&utm_campaign=20260512055304
2026-05-12,"[경제 단신] 한미글로벌, 美 플랜트·에너지 시장 공략 외",0.0,0,0,https://www.segye.com/newsView/20260511514307?OutUrl=naver
2026-05-12,"[기고]G2의 베이징 '악수'…中, 대만문제 압박",0.0,0,0,https://www.nocutnews.co.kr/news/6515356?utm_source=naver&utm_medium=article&utm_campaign=20260512055507
2026-05-12,"""여러 나라 가능성""…靑 이란 배후설 신중모드 왜?",0.0,0,0,https://www.nocutnews.co.kr/news/6515459?utm_source=naver&utm_medium=article&utm_campaign=20260512055504
2026-05-12,"정원오는 관리, 오세훈은 흔들기…공수 뒤바뀐 서울 선거판",0.0,0,0,https://www.nocutnews.co.kr/news/6515451?utm_source=naver&utm_medium=article&utm_campaign=20260512055505
2026-05-12,'포모' 극대화에 '빚투' 뛰어드는 개미들…당국은 경고음,0.0,0,0,https://www.nocutnews.co.kr/news/6515450?utm_source=naver&utm_medium=article&utm_campaign=20260512055204
2026-05-12,[단독]'컷오프 불복' 가처분 70건 돌파…'정치의 사법화' 심화,0.261,1,0,https://www.nocutnews.co.kr/news/6515460?utm_source=naver&utm_medium=article&utm_campaign=20260512055205
2026-05-12,"'두 딸 입양' 정샘물, 둘째는 영재더니…""첫째 음악 재능에 눈물""",0.0,0,0,https://www.tenasia.co.kr/article/2026051192834
2026-05-12,가계대출 막히고 기업대출은 좁고⋯인터넷은행 성장판 제약 [진퇴양난 ...,0.322,1,0,https://www.etoday.co.kr/news/view/2583289
2026-05-12,중신용자 포용금융도 경쟁 격화…인뱅 ‘전용 무대’ 사라진다 [진퇴양...,0.0,0,0,https://www.etoday.co.kr/news/view/2582772
2026-05-12,"네카토, 고유가 지원금 신청 경쟁…편의성 넘어 고객 접점 확대",0.0,0,0,https://www.sidae.com/article/2026051115125158770
2026-05-12,"""4학년은 숙성돼, OO은 내 스타일""…경북대 학생회 단톡방 '성희롱' 시끌",0.0,0,0,https://www.news1.kr/society/general-society/6162957
2026-05-12,생산적 금융 강화하는 인뱅…“기업대출 빗장 풀어달라” [진퇴양난 인...,0.0,0,0,https://www.etoday.co.kr/news/view/2583319
2026-05-12,'깜짝 실적' 기록한 롯데웰푸드…다음 스텝은 '글로벌',0.583,2,0,https://www.econovill.com/news/articleView.html?idxno=739738
2026-05-12,"멜론 트랙제로, ‘5월의 아티스트’ 싱어송라이터 ‘DeVita(드비타)’ 선...",0.0,0,0,https://sports.khan.co.kr/article/202605120437003?pt=nv
2026-05-12,"트럼프, 유가 급등에 '유류세 면제' 만지작…효과는 '글쎄'",0.408,1,0,https://www.nocutnews.co.kr/news/6515468?utm_source=naver&utm_medium=article&utm_campaign=20260512055704
2026-05-12,"韓국방 ""한반도 방위 주도""…美국방 ""방위분담 의지 평가""",0.0,0,0,https://www.nocutnews.co.kr/news/6515467?utm_source=naver&utm_medium=article&utm_campaign=20260512055804
2026-05-12,트럼프 방중 대표단에 머스크·팀 쿡 등 포함…젠슨 황은 빠져,0.0,0,0,https://www.nocutnews.co.kr/news/6515466?utm_source=naver&utm_medium=article&utm_campaign=20260512055904
2026-05-12,"트럼프 ""이란과 휴전 유지되고 있지만 연명장치 의존 상태""",0.0,0,0,https://www.nocutnews.co.kr/news/6515465?utm_source=naver&utm_medium=article&utm_campaign=20260512060004
2026-05-12,"SATUR(세터) X 몬치치, 서울숲 오프라인 이벤트 성료",0.0,0,0,https://sports.khan.co.kr/article/202605120126003?pt=nv
2026-05-12,"대법, 중대재해법 양형기준 신설 착수…5년 내 재범 시 가중처벌",0.0,0,0,https://www.nocutnews.co.kr/news/6515463?utm_source=naver&utm_medium=article&utm_campaign=20260512055404
2026-05-12,"한국 국정원 ""북한, 지난해 가상자산 2조원 이상 탈취…역대 최대""",0.0,0,0,https://www.voakorea.com/a/south-korea-s-spy-agency-says-north-korea-stole-more-than-1-4-billion-in-crypto-last-year-highest-ever-20260511/8148832.html
2026-05-12,"삼성SDS 컨소시엄, ‘국가 AI컴퓨팅 센터’ 만든다",0.0,0,0,https://www.donga.com/news/Economy/article/all/20260511/133901304/2
2026-05-12,"[단신]카카오뱅크, ‘저금통 with 그리팅’ 출시",0.0,0,0,https://www.donga.com/news/Economy/article/all/20260511/133901170/2
2026-05-12,"카카오게임즈, 언어와 국적 초월한 소통의 장 마련하다",0.0,0,0,https://www.gametoc.co.kr/news/articleView.html?idxno=108432
2026-05-12,신파일러 포용 ‘8년째 공전’… “대출 연체시 면책 구조 뒷받침돼야”,0.0,0,0,https://www.kmib.co.kr/article/view.asp?arcid=1778490443&code=11151100&cp=nv
2026-05-12,[사설] 대기업 노조들 무절제 탐욕도 노동법으로 보호해야 하나,0.0,0,0,https://www.chosun.com/opinion/editorial/2026/05/12/K7A2MN3XVJBWFLRCHIEQCDLJCI/?utm_source=naver&utm_medium=referral&utm_campaign=naver-news
2026-05-12,주담대 고정금리 7% 육박…당장은 싼 변동금리로 쏠린다,0.0,0,0,https://www.joongang.co.kr/article/25427467
2026-05-12,더 세진 ‘총량 관리’…1분기 은행 가계대출 큰폭 감소,0.0,0,0,https://www.joongang.co.kr/article/25427465
2026-05-12,[TF초점] 커지는 K팝 멀티 레이블 체제…장르와 영역의 확장,0.0,0,0,https://news.tf.co.kr/read/entertain/2321500.htm
2026-05-12,"불법촬영물 돌려보고 “XX했네 ㅋㅋ” 비웃던 정준영, 재판장서 오열하...",0.0,0,0,https://www.sedaily.com/article/20042622?ref=naver
2026-05-12,외벌이 4인가구 고유가지원금…건보료 32만원 이하면 받는다,0.0,0,0,https://www.joongang.co.kr/article/25427431
2026-05-12,"근로장려금 신청 시작…""안내문 못 받아도 가능"" 대상·방법·주의사항...",0.0,0,0,https://www.cbci.co.kr/news/articleView.html?idxno=573718
2026-05-11,[업앤다운]게임주 상승…크래프톤↑·티쓰리↓,-0.067,1,1,https://www.nspna.com/news/?mode=view&newsid=812632
2026-05-11,"조혜주, 블랙 보디슈트 자태…느와르 도전 앞두고 근황",0.322,1,0,https://www.topstarnews.net/news/articleView.html?idxno=16057850
2026-05-11,"""충북CBS 복음의 소리 멈추지 않도록""…청주 서원경교회 '1004 선교 예배...",0.0,0,0,https://www.nocutnews.co.kr/news/6515458?utm_source=naver&utm_medium=article&utm_campaign=20260511105300
2026-05-11,"삼성전자 노사, 사후조정 첫날 '빈손 종료'…내일 재개",0.0,0,0,https://www.nocutnews.co.kr/news/6515455?utm_source=naver&utm_medium=article&utm_campaign=20260512055805
2026-05-11,"""경조사도 끊었다"" 요즘 5060이 조용히 인간관계를 정리하는 이유 1위",0.0,0,0,https://www.wikitree.co.kr/articles/1135977
2026-05-11,"한국도박문제예방치유원, 한국청소년복지시설협회와 업무협약(MOU) 체결",0.0,0,0,https://www.ngonews.kr/news/articleView.html?idxno=229667
2026-05-11,"2.5조원 규모 국가AI컴퓨팅센터, 삼성SDS 컨소시엄 최종 계약 완료",0.0,0,0,https://www.thelec.kr/news/articleView.html?idxno=56398
2026-05-11,국가 AI컴퓨팅센터 민간참여자로 '삼성SDS 컨소시엄' 확정,0.0,0,0,https://news.mtn.co.kr/news-detail/2026051116505976891
2026-05-11,"부의금, 이제 ‘10만원’이 기본?…사상 처음 5만원 비중 넘어서",0.0,0,0,https://www.segye.com/newsView/20260511511826?OutUrl=naver
2026-05-11,반도체서 車·IT까지…성과급 전쟁 전방위 확산,0.0,0,0,https://news.tvchosun.com/site/data/html_dir/2026/05/11/2026051190377.html
2026-05-11,5대 은행 가계대출 1분기 일제히 감소,0.0,0,0,https://www.idaegu.co.kr/news/articleView.html?idxno=547716
2026-05-11,‘미장에서 요즘 가장 뜨겁다’ 새 전략 발표 앞두고 난리…구글 관련주...,0.0,0,0,https://biz.heraldcorp.com/article/10735370?ref=naver
2026-05-11,[아주경제 오늘의 뉴스 종합][단독] 5대 은행 '자체 구제' 3.5배 늘렸다…...,0.583,1,0,https://www.ajunews.com/view/20260511211759637
2026-05-11,‘17만원→4만원’ 국민 메신저 처참한 추락…‘역대급 돈벌이’에도 날...,0.0,0,0,https://biz.heraldcorp.com/article/10735439?ref=naver
2026-05-11,"""삼전은 주가라도 올랐지""...노조 성과급 요구에 뿔난 카카오 주주들",0.583,1,0,https://www.ajunews.com/view/20260511144822240
2026-05-11,필리핀 두테르테 부통령 두 번째 탄핵안 하원서 가결,0.0,0,0,https://www.nocutnews.co.kr/news/6515449?utm_source=naver&utm_medium=article&utm_campaign=20260511092059
2026-05-11,"[게임 이모저모] 엔씨, '리니지M' 생방송 '스탠바이M: 아덴 사생대회' 진...",0.0,0,0,http://www.worktoday.co.kr/news/articleView.html?idxno=84497
2026-05-11,"충북보건과학대, AID 전환 중점 전문대 지원사업 선정",0.0,0,0,https://www.nocutnews.co.kr/news/6515448?utm_source=naver&utm_medium=article&utm_campaign=20260511091559
2026-05-11,與 대덕구청장 경선 '이중투표' 논란 일파만파,0.0,0,0,http://www.ccnnews.co.kr/news/articleView.html?idxno=409544
2026-05-11,"금감원 ""강제조사권 생기면 대통령 말한 주가조작 패가망신 가능""",-0.408,0,1,https://www.nocutnews.co.kr/news/6515446?utm_source=naver&utm_medium=article&utm_campaign=20260511091159
2026-05-11,"전재수 보좌진, 사무실 PC 초기화·저장장치는 망치로 부숴",0.0,0,0,https://www.busan.com/view/busan/view.php?code=2026051121003865746
2026-05-11,실손24 연계율 29% 그쳐…네이버·토스가 돌파구,0.261,1,0,https://www.kbanker.co.kr/news/articleView.html?idxno=224898
2026-05-11,“저 여학생 몸매 ㅇㅇㅇ”…경북대 학생회 단톡방 성희롱 논란,0.0,0,0,https://www.mk.co.kr/article/12043786
2026-05-11,[5월12일자] 비즈니스포스트 아침의 주요기사,0.0,0,0,https://www.businesspost.co.kr/BP?command=article_view&num=437554
2026-05-11,"청주시, 상수도 요금 전자고지 신청 6300가구 넘어",0.0,0,0,http://www.cctimes.kr/news/articleView.html?idxno=906150
2026-05-11,[단독]제주 해수욕장서 북한 인공기·김정은 사진 발견,0.0,0,0,https://www.nocutnews.co.kr/news/6515443?utm_source=naver&utm_medium=article&utm_campaign=20260511084359
2026-05-11,"울진군, 울진사랑카드 간편결제 서비스 확대",0.0,0,0,https://www.dkilbo.com/news/articleView.html?idxno=544271
2026-05-11,"카카오 노조 ""보상·노동환경 갈등 쌓였다""…20일 단체행동 예고",0.0,0,0,https://www.thepublic.kr/news/articleView.html?idxno=304021
2026-05-11,본죽&비빔밥 ‘열무돈불백비빔밥’ 재출시…여름 입맛 깨우는 제철 한 ...,0.0,0,0,https://cooknchefnews.com/news/view/1065573086231790
2026-05-11,"李대통령, 국회의장 경선이 낯선 당원에게 ""오해 마시라""",0.0,0,0,https://www.nocutnews.co.kr/news/6515440?utm_source=naver&utm_medium=article&utm_campaign=20260511083359
2026-05-11,"마틴 쇼트, 우울증 딸 가슴에 묻었다 ""정신 질환, 암처럼 치명적"" [할리...",0.0,0,0,https://www.tvreport.co.kr/world/article/1043345/
2026-05-11,"삼성SDS, 2.5조 규모 ‘국가 AI컴퓨팅센터’ 최종 사업자 확정",0.322,1,0,https://www.seoul.co.kr/news/economy/2026/05/11/20260511500278?wlog_tag3=naver
2026-05-11,"""장거리 콜 싹쓸이"" 배차 앱 조작...택시기사 30여 명 무더기 검거",0.0,0,0,https://www.ytn.co.kr/_ln/0103_202605112026307705
2026-05-11,"""기억은 어떻게 미래가 되는가""…제주4·3 디지털 아카이브 학술세미나...",0.0,0,0,https://www.newsjeju.net/news/articleView.html?idxno=420721
2026-05-11,"靑, 나무호에 달린 CCTV 왜 늦게 확인했을까[박지환의 뉴스톡]",0.0,0,0,https://www.nocutnews.co.kr/news/6515439?utm_source=naver&utm_medium=article&utm_campaign=20260511082459
2026-05-11,"울진군, 울진사랑카드 간편결제 확대",0.0,0,0,https://daily.hankooki.com/news/articleView.html?idxno=1365895
2026-05-11,"경북대 모 학부 학생회 단톡방 터졌다…성희롱 논란, 4명 사퇴",0.0,0,0,https://www.hankyung.com/article/2026051192567
2026-05-11,"게임산업정상화 캠페인위원회""인앱결제 수수료 구조 개선 절실""",0.0,0,0,https://www.ngonews.kr/news/articleView.html?idxno=229661
2026-05-11,"신용한 충북지사 후보 ""군림하는 행정, 낡은 과거 바꾸겠다""",0.0,0,0,https://www.nocutnews.co.kr/news/6515437?utm_source=naver&utm_medium=article&utm_campaign=20260511081259
2026-05-11,[기자의 눈] 삼전 이어 카카오도 파업가나? 대기업 성과 배분 요구 봇물,0.0,0,0,https://imnews.imbc.com/replay/2026/nwdesk/article/6821605_37004.html
2026-05-11,유리창/ 서여기인(書如其人),0.0,0,0,http://www.dynews.co.kr/news/articleView.html?idxno=849858
2026-05-11,"김향기, '로맨스의 절댓값' 앞두고 상큼 근황",0.0,0,0,https://www.topstarnews.net/news/articleView.html?idxno=16057619
2026-05-11,"피처링, W컨셉에 소셜데이터 분석 플랫폼 공급…""인플루언서 관리 일원...",0.0,0,0,https://www.mt.co.kr/future/2026/05/11/2026051109420759276
2026-05-11,"높이뛰기 우상혁, 아이치·나고야 AG 선발전 1위…첫 AG 금메달 도전",0.0,0,0,https://www.nocutnews.co.kr/news/6515435?utm_source=naver&utm_medium=article&utm_campaign=20260511075858
2026-05-11,카카오 노사도 성과급 갈등… 20일 단체행동 예고,0.0,0,0,https://www.hankookilbo.com/news/article/A2026051119510000459?did=NA
2026-05-11,"직장인들 상대적 박탈감에, 타사 노조도 ‘성과급’ 청구서",0.0,0,0,https://www.seoul.co.kr/news/economy/industry/2026/05/12/20260512030007?wlog_tag3=naver
2026-05-11,“고유가 지원금 나도 가능?”… 맞벌이 4인 가구 건보료 39만원 이하면...,0.0,0,0,https://www.seoul.co.kr/news/economy/2026/05/11/20260511500274?wlog_tag3=naver
2026-05-13,카카오페이 “초개인화·AI 결제로 시장 1위 도약”,0.0,0,0,https://www.segye.com/newsView/20260512515640?OutUrl=naver
2026-05-13,숫자는 채웠는데 왜?…인뱅 ‘체리피킹’ 정조준한 靑,0.0,0,0,https://www.kukinews.com/article/view/kuk202605120135
2026-05-13,“60년 만에 드레스 입고 속눈썹 붙여 기뻐”,0.0,0,0,https://bravo.etoday.co.kr/view/atc_view/19234
2026-05-13,"""가장 좋아하고 설레는 대회"" 승률 83.33% 이예원, 매치플레이 최초 2연...",0.0,0,0,https://www.nocutnews.co.kr/news/6516138?utm_source=naver&utm_medium=article&utm_campaign=20260513060017
2026-05-13,"'동래 푸르지오 에듀포레', 공사비 상승 우려 속 가성비 대단지로 주목",0.261,1,0,https://www.nocutnews.co.kr/news/6516139?utm_source=naver&utm_medium=article&utm_campaign=20260513060018
2026-05-13,합격하고도 못 들어간다…중동 전쟁이 바꾼 신입 승무원의 봄,0.0,0,0,https://www.sedaily.com/article/20043295?ref=naver
2026-05-13,연등회 행사 16~17일 서울 주요 도로 단계별 차량 통제,0.0,0,0,https://www.nocutnews.co.kr/news/6515976?utm_source=naver&utm_medium=article&utm_campaign=20260513060017
2026-05-13,"""사람보다 나은데?""⋯'캐릭터 마케팅'에 빠진 식품·외식업계",0.0,0,0,http://www.inews24.com/view/1967834
2026-05-13,"삼성전자 노사, 정부 중재 시도에도 '협상 결렬'…최대 파업 위기",0.0,0,0,https://www.nocutnews.co.kr/news/6516179?utm_source=naver&utm_medium=article&utm_campaign=20260513060018
2026-05-13,[비즈톡톡] 성과급 갈등에 멍드는 산업계… 중국·협력사 직원 “우리도...,0.0,0,0,https://biz.chosun.com/it-science/ict/2026/05/13/5DXBBZKKJBHUZEPVFWWTZZ44EA/?utm_source=naver&utm_medium=original&utm_campaign=biz
2026-05-13,"경찰청, 특별성과 포상금 1억7700만원 지급…부패·피싱 대응 포상",0.0,0,0,https://www.mt.co.kr/society/2026/05/13/2026051217573880600
2026-05-13,"美항소법원, '글로벌 10% 관세' 무효 판결 일시 효력 정지",-0.38,0,1,https://www.nocutnews.co.kr/news/6516178?utm_source=naver&utm_medium=article&utm_campaign=20260513051716
2026-05-13,'대한민국' 볼모 잡는 삼성 노조의 파업 겁박…누가 책임지나?,0.0,0,0,https://www.mt.co.kr/industry/2026/05/13/2026051219544223028
2026-05-13,"[6회 ESG어워드]카카오뱅크, 기술로 금융소외 줄였다",0.0,0,0,https://www.sidae.com/article/2026050915372527562
2026-05-13,한국 성장엔진 뒤흔드는 삼전 노조,0.322,1,0,https://www.seoul.co.kr/news/economy/2026/05/13/20260513001005?wlog_tag3=naver
2026-05-13,시중은행 마통 금리 5% 근접…‘빚투’ 수요에 금리 오름세 지속,0.0,0,0,https://www.kmib.co.kr/article/view.asp?arcid=0029810531&code=61141111&cp=nv
2026-05-13,[단독]20년 전 '처치곤란 유명인'은 잔반통 뒤지는 노숙인 됐다,0.0,0,0,https://www.nocutnews.co.kr/news/6516152?utm_source=naver&utm_medium=article&utm_campaign=20260513050020
2026-05-13,"""제발!""…효리수와 함께하고 싶은 차동협의 '두근대'는 시작[EN:터뷰]",0.0,0,0,https://www.nocutnews.co.kr/news/6516142?utm_source=naver&utm_medium=article&utm_campaign=20260513050023
2026-05-13,"""'위헌·위법 지시' 따르기로 선택""…이상민 2심 징역 9년 왜",0.0,0,0,https://www.nocutnews.co.kr/news/6516160?utm_source=naver&utm_medium=article&utm_campaign=20260513050020
2026-05-13,[단독] “실수로 ‘나가기’ 눌렀다가 15년 추억 날려”… 카톡 클라우...,0.0,0,0,https://www.chosun.com/economy/tech_it/2026/05/13/SZ3LFM5Q5NBDLCRVWAB6F2CNGY/?utm_source=naver&utm_medium=referral&utm_campaign=naver-news
2026-05-13,[칼럼]노동조합이 승리하는 그날,0.0,0,0,https://www.nocutnews.co.kr/news/6516163?utm_source=naver&utm_medium=article&utm_campaign=20260513050021
2026-05-13,"""초등 동창 통해 청탁해와""…집무실 CCTV 단 시장님",0.0,0,0,https://www.nocutnews.co.kr/news/6515962?utm_source=naver&utm_medium=article&utm_campaign=20260513050018
2026-05-13,"트럼프, 오늘 베이징 도착… 못 끝낸 '이란 전쟁'이 최대 변수",0.0,0,0,https://www.nocutnews.co.kr/news/6516117?utm_source=naver&utm_medium=article&utm_campaign=20260513050018
2026-05-13,독한 후유증 남긴 후보 경선…진흙탕 싸움에 갈라진 민심,0.0,0,0,https://www.nocutnews.co.kr/news/6516151?utm_source=naver&utm_medium=article&utm_campaign=20260513050022
2026-05-13,전국 격전지 '부산 북구'…'세밀한 AI행정' 정명희 vs '중단 없는 변화'...,0.0,0,0,https://www.nocutnews.co.kr/news/6516141?utm_source=naver&utm_medium=article&utm_campaign=20260513050019
2026-05-13,"경찰, '제2의 마약왕' 돈줄 죄는 가상자산 전담수사계 신설",0.0,0,0,https://www.nocutnews.co.kr/news/6516155?utm_source=naver&utm_medium=article&utm_campaign=20260513050019
2026-05-13,"큰 게 온다…스페이스X 상장 임박, '우주 ETF'에 쏠린 기대",0.0,0,0,https://www.nocutnews.co.kr/news/6515335?utm_source=naver&utm_medium=article&utm_campaign=20260513050017
2026-05-13,"""진짜 너무하네"" 산 꼭대기에 유기된 강아지, 지금 어디에…[뉴스럽다]",0.0,0,0,https://www.nocutnews.co.kr/news/6516014?utm_source=naver&utm_medium=article&utm_campaign=20260513050017
2026-05-13,"[르포]북갑 단일화 먹구름…""韓, 부산 우습나"" ""朴, 전엔 뭐했나""",0.0,0,0,https://www.nocutnews.co.kr/news/6516164?utm_source=naver&utm_medium=article&utm_campaign=20260513050021
2026-05-13,미국에 'No' 한 사우디…한국은 가능할까,0.0,0,0,https://www.nocutnews.co.kr/news/6516167?utm_source=naver&utm_medium=article&utm_campaign=20260513050022
2026-05-13,“웨어 아 유?” 묻자 “여기!”…영어 못해도 일주일 버틸 해외여행지,0.0,0,0,https://www.joongang.co.kr/article/25427872
2026-05-13,"[단독] “10분 상담에 10만원, 의견서는 100만원” 학폭도 컨설팅",0.0,0,0,https://www.joongang.co.kr/article/25427864
2026-05-13,"삼성전자 노조, 밤샘 막판 협상 끝 ""결렬 선언""…파업 초읽기",0.0,0,0,https://www.nocutnews.co.kr/news/6516177?utm_source=naver&utm_medium=article&utm_campaign=20260513043316
2026-05-13,"다영, 세명대 축제서 관객과 손잡은 밤…솔로퀸 존재감",0.0,0,0,https://www.topstarnews.net/news/articleView.html?idxno=16059019
2026-05-13,"“염증 줄인다” 의외로 몸에 좋다는 ‘이 간식’, 뭐지?",0.0,0,0,https://health.chosun.com/site/data/html_dir/2026/05/12/2026051203065.html
2026-05-13,"美소도시 시장, 中불법요원 활동 혐의에 사임…친중 콘텐츠 유포",0.0,0,0,https://www.yna.co.kr/view/AKR20260513003000075?input=1195m
2026-05-13,"""끝내 총파업"" 삼성 노조, 새벽 3시 협상 결렬 선언...'15% 성과급' 입장...",0.0,0,0,https://www.joongangenews.com/news/articleView.html?idxno=518802
2026-05-13,"[속보]삼성전자 노조, 중노위 조정안 거부…""사후조정 결렬""",0.0,0,0,https://www.nocutnews.co.kr/news/6516176?utm_source=naver&utm_medium=article&utm_campaign=20260513030915
2026-05-13,드러난 명품백 수수 무혐의 종결 처리의 비밀,0.0,0,0,https://www.newsclaim.co.kr/news/articleView.html?idxno=3063434
2026-05-13,엔씨도 뛰어들었다… 치열해진 ‘서브컬처 게임’ 대전,0.0,0,0,https://www.kmib.co.kr/article/view.asp?arcid=1778485919&code=11161100&cp=nv
2026-05-13,“우리도 영업이익 N% 달라”… 더 무거워지는 성과급 청구서,0.0,0,0,https://www.kmib.co.kr/article/view.asp?arcid=1778578244&code=11151400&cp=nv
2026-05-13,"美, 이란 전쟁 개시후 약 10주 동안 '43조원' 쏟아부었다",0.0,0,0,https://www.nocutnews.co.kr/news/6516175?utm_source=naver&utm_medium=article&utm_campaign=20260513021715
2026-05-13,6대 한류 콘텐츠 동향과 전망 담긴 ‘2025 한류백서’ 발간,0.0,0,0,https://sports.khan.co.kr/article/202605130141003?pt=nv
2026-05-13,삼성전자 노사 ‘밤샘 마라톤’…파업 기로 속 막판 접점 모색,0.0,0,0,https://www.seoul.co.kr/news/economy/industry/2026/05/13/20260513500003?wlog_tag3=naver
2026-05-13,빌런이 주연… ‘이태원 클라쓰’ 이전의 이야기,0.0,0,0,https://www.chosun.com/culture-life/culture_general/2026/05/13/BAEJTJLVPJEFNF6PXVCWIIRITQ/?utm_source=naver&utm_medium=referral&utm_campaign=naver-news
2026-05-13,"핀테크, 금융서 택배로 사업 확장… 은행들은 배달앱 진출",0.0,0,0,https://www.donga.com/news/Economy/article/all/20260512/133908713/2
2026-05-13,삼성전자 총파업 갈림길…막판까지 극한 대치,0.0,0,0,https://www.joongang.co.kr/article/25427836
2026-05-13,용인특례시 수지 '고기근린공원' 재정비…자연·역사 품은 도심공원으로,0.0,0,0,http://www.newstown.co.kr/news/articleView.html?idxno=703267
2026-05-13,지방세 체납안내 전자고지 전환 효과 톡톡,0.0,0,0,https://www.kwnews.co.kr/page/view/2026051250048600000
2026-05-13,"""끝내 총파업?"" 자정 넘긴 삼성전자 노사...25시간 마라톤 협상에도 '15%...",0.0,0,0,https://www.joongangenews.com/news/articleView.html?idxno=518797
2026-05-13,"근로장려금 신청 막바지?…""최대 330만 원 놓치면 기다려야"",대상 지급기...",0.0,0,0,https://www.cbci.co.kr/news/articleView.html?idxno=574052
2026-05-12,"AI 전환 앞둔 카카오, 성과급 갈등에 발목 잡히나",-0.462,0,1,https://www.pointdaily.co.kr/news/articleView.html?idxno=304497
2026-05-12,"카카오, 'AI 루키 캠프' 2기 모집…비수도권 청소년 AI 인재 양성",0.0,0,0,http://www.worktoday.co.kr/news/articleView.html?idxno=84540
2026-05-12,"""최대 10억"" 10만 이상 채널서 허위조작정보 반복하면 과징금",-0.408,0,1,https://www.mediatoday.co.kr/news/articleView.html?idxno=334391
2026-05-12,"""청년들이 본 일치와 연대…'에큐메니칼'을 다시 묻다""",0.0,0,0,https://www.nocutnews.co.kr/news/6516166?utm_source=naver&utm_medium=article&utm_campaign=20260512112214
2026-05-12,"경기도·수원시, 첨단산업 거점 조성 맞손…서수원 경제자유구역 투자유...",0.0,0,0,https://www.fntoday.co.kr/news/articleView.html?idxno=384237
2026-05-12,"대검, 박상용 검사 '정직' 징계 청구…""자백 요구·음식 제공""",0.0,0,0,https://www.nocutnews.co.kr/news/6516162?utm_source=naver&utm_medium=article&utm_campaign=20260512111213
2026-05-12,삼성전자·초기업노조 사후조정 대치 도합 23시간 넘겨… 마라톤 회의 ...,0.0,0,0,https://www.econovill.com/news/articleView.html?idxno=739902
2026-05-12,이란 전쟁 후 美인플레이션 가속화…4월 CPI 3.8% 상승,-0.067,1,1,https://www.nocutnews.co.kr/news/6516161?utm_source=naver&utm_medium=article&utm_campaign=20260512110313
2026-05-12,한류 콘텐츠 시장 '온도 차'...해외 '훈풍' VS 국내 '한파',0.067,1,1,http://www.interview365.com/news/articleView.html?idxno=111595
2026-05-12,"지지원, LATENCY 무대 사진 공개…기타리스트 보컬 존재감",0.0,0,0,https://www.topstarnews.net/news/articleView.html?idxno=16058868
2026-05-12,"[천자만필] 성과급 전쟁, 한국 기업의 미래를 흔든다",0.0,0,0,https://www.idaegu.co.kr/news/articleView.html?idxno=547880
2026-05-12,"[사설] 확산되는 성과급 갈등, 상생의 합리적 해법 찾아야",0.0,0,0,https://www.idaegu.co.kr/news/articleView.html?idxno=547881
2026-05-12,"김종훈 ""청년 유출 막고 삶이 풍요로운 울산 만들겠다""[영상]",0.0,0,0,https://www.nocutnews.co.kr/news/6516157?utm_source=naver&utm_medium=article&utm_campaign=20260512100913
2026-05-12,"브랜디드인더스트리, 외연 확장 드라이브",0.0,0,0,http://www.apparelnews.co.kr/news/news_view/?idx=225190
2026-05-12,"간호사 된 신예은, 그새 더 예뻐졌네…♥이재욱은 군대 간다더니 ""치유...",0.0,0,0,https://www.tenasia.co.kr/article/2026051298574
2026-05-12,"경기도, 수원시와 첨단산업 유망기업 유치 ‘맞손’",0.0,0,0,https://www.kmib.co.kr/article/view.asp?arcid=0029811169&code=61122013&cp=nv
2026-05-12,“키오스크 앞에서 마음 졸였는데…이제 남들에게 조작법 알려줘”[희망...,0.0,0,0,https://www.khan.co.kr/article/202605122132005
2026-05-12,"신한은행, 서울시 1·2금고 관리은행 모두 '수성'",0.0,0,0,https://www.nocutnews.co.kr/news/6516149?utm_source=naver&utm_medium=article&utm_campaign=20260512092213
2026-05-12,"박완수 ""소상공인종합지원센터 약속, 신기술 중소기업 적극 보호""",0.0,0,0,https://www.nocutnews.co.kr/news/6516148?utm_source=naver&utm_medium=article&utm_campaign=20260512091312
2026-05-12,"김상욱 ""울산시장 선거, 민주 도시 회복 위한 혁명돼야""[영상]",0.0,0,0,https://www.nocutnews.co.kr/news/6516146?utm_source=naver&utm_medium=article&utm_campaign=20260512094113
2026-05-12,"""230명 식자재 준비, 다른 예약도 거부했는데""…'단체 노쇼'에 울릉도 식...",0.0,0,0,https://www.imaeil.com/page/view/2026051221064630920
2026-05-12,비전 대신 비방…지방선거 고소·고발·흑색선전 난무,0.0,0,0,http://www.kwangju.co.kr/article.php?aid=1778587200798906006
2026-05-12,"김경수 ""코스피 7천 시대, 도민 지갑은 왜 비었나?""…산업대전환 선포",0.0,0,0,https://www.nocutnews.co.kr/news/6516144?utm_source=naver&utm_medium=article&utm_campaign=20260512085712
2026-05-12,"""유흥서 편의점으로""…골든블루, 달라진 위스키 시장에 사업 구조 바꾼...",0.0,0,0,http://www.ftoday.co.kr/news/articleView.html?idxno=358808
2026-05-12,AI 수익화 앞두고 엇갈린 노사 갈등…네이버 '안정' vs 카카오 '진통',0.0,0,0,http://www.ftoday.co.kr/news/articleView.html?idxno=358809
2026-05-12,[비트코인 서울 2026] AI와 블록체인의 결합…온체인 금융 미래 전략은,0.0,0,0,https://www.sedaily.com/article/20042284?ref=naver
2026-05-12,"李대통령, 美재무장관·中부총리 접견…미중정상회담 조율(종합)",0.0,0,0,https://www.nocutnews.co.kr/news/6516137?utm_source=naver&utm_medium=article&utm_campaign=20260512084812
2026-05-12,"박수현 후보 15일 '미디어데이'…""충남도민과 진실·성실·절실하게 소통...",0.0,0,0,http://www.cctimes.kr/news/articleView.html?idxno=906355
2026-05-12,"‘21세기 대군부인', 고증 논란에도 47개국 TOP10... ‘욕하면서 보는’...",0.0,0,0,https://www.mediawatch.kr/news/article.html?no=259578
2026-05-12,AI발 배분 문제·고용 불안… 산업계 흔드는 新노사충돌,0.0,0,0,https://www.kyeongin.com/article/1763474
2026-05-12,"경기도 특사경, 불법 미용행위 근절 위해 도내 전역 단속",0.0,0,0,http://www.globalepic.co.kr/view.php?ud=2026051210220956305f69d33b22_29
2026-05-12,"아산시, 고유가 피해지원금 지급률 90% 달성",0.0,0,0,http://www.globalepic.co.kr/view.php?ud=20260512202041143723fd0362e7_29
2026-05-12,산업 전반에 '성과급 논쟁'…해외 빅테크들은?,0.0,0,0,https://news.sbs.co.kr/news/endPage.do?news_id=N1008558138&plink=ORI&cooper=NAVER
2026-05-12,옛 장흥교도소 문화공간 재탄생…가족 체험 명소 인기,0.0,0,0,http://www.siminsori.com/news/articleView.html?idxno=319221
2026-05-12,"""까르띠에 받았나"" vs ""LCT 왜 안 파나""…전재수·박형준 첫 TV토론서 '난...",0.0,0,0,https://www.nocutnews.co.kr/news/6516130?utm_source=naver&utm_medium=article&utm_campaign=20260512081012
2026-05-12,"오중기 ""이철우 산불 때 대선 포기했어야…경북, 샤이민주 많을 것""",0.0,0,0,https://www.nocutnews.co.kr/news/6516131?utm_source=naver&utm_medium=article&utm_campaign=20260512081013
2026-05-12,"연중 대목인데 '텅텅'…""올해가 최악"" 사장님 비명 쏟아진 곳",0.0,0,0,https://www.hankyung.com/article/2026051217461
2026-05-12,"경기도, 선인장 산업 수출 경쟁력 강화 속도",0.0,0,0,https://www.agrinet.co.kr/news/articleView.html?idxno=404058
2026-05-12,카카오페이 “오프라인 월 사용자 1000만명 목표…결제 ‘톱4’ 되겠다...,0.0,0,0,https://www.ekn.kr/web/view.php?key=20260512020424210
2026-05-12,"중진공, 온라인 수출계약 대응지원 참여기업 모집",0.0,0,0,https://www.gnnews.co.kr/news/articleView.html?idxno=636746
2026-05-12,[장익경 기자가 만난 대한민국 3인의 변호사] 세상의 모든 사건 10편,0.0,0,0,http://www.ttlnews.com/news/articleView.html?idxno=3107349
2026-05-12,"김해시 ""누수 알림 집에서 편하게 서비스 받으세요""",0.0,0,0,https://www.gnnews.co.kr/news/articleView.html?idxno=636721
2026-05-12,여객기 참사 희생자 유해 재수습 잠정 중단,0.0,0,0,https://www.nocutnews.co.kr/news/6516127?utm_source=naver&utm_medium=article&utm_campaign=20260512074212
2026-05-12,카카오페이 “내년 오프라인 사용자 1000만명”… 오프라인 결제 톱4 도...,0.322,1,0,https://www.seoul.co.kr/news/economy/2026/05/12/20260512500271?wlog_tag3=naver
2026-05-12,"삼전노사 협상 진통…노조위원장 ""8시20분까지 조정안 없으면 결렬""",0.0,0,0,https://www.nocutnews.co.kr/news/6516126?utm_source=naver&utm_medium=article&utm_campaign=20260512073512
2026-05-12,"카카오페이 ""내년 오프라인 1000만 이용자 달성… 에이전틱AI도 대응""",0.0,0,0,https://www.hankookilbo.com/news/article/A2026051218050000780?did=NA
2026-05-12,"박완수의 성장, 김경수의 위기…경남 경제의 진짜 얼굴은?",0.322,1,0,https://www.nocutnews.co.kr/news/6516125?utm_source=naver&utm_medium=article&utm_campaign=20260512072911
2026-05-12,'당원 명부 유출 의혹' 임종명 전북도의원 후보…경찰 압수수색,0.0,0,0,https://www.nocutnews.co.kr/news/6516123?utm_source=naver&utm_medium=article&utm_campaign=20260512072211
2026-05-12,"대검, '술자리 회유 의혹' 박상용 검사 징계 청구",0.0,0,0,https://www.nocutnews.co.kr/news/6516121?utm_source=naver&utm_medium=article&utm_campaign=20260512071911
2026-05-14,(시론)노동권의 질주와 성과급 투쟁,0.0,0,0,http://www.newstomato.com/ReadNews.aspx?no=1300743&inflow=N
2026-05-14,“병원비 100만원 훌쩍”…커지는 펫보험 시장,0.0,0,0,https://www.kukinews.com/article/view/kuk202605130130
2026-05-14,"“마지막 확인만 누르세요”…AI 에이전트 시대, 선택권은 누구 손에",0.0,0,0,https://www.kukinews.com/article/view/kuk202605130186
2026-05-14,부실은행 인수 후 수십년 정상화 난항…동남아선 한해 수천억 적자늪,0.0,0,0,http://www.edaily.co.kr/news/newspath.asp?newsid=02030326645448920
2026-05-14,"농식품부, 중동 사태 속 식품 포장재 수급 문제 해소 적극 나서",0.0,0,0,https://www.nocutnews.co.kr/news/6516624?utm_source=naver&utm_medium=article&utm_campaign=20260514060030
2026-05-14,오중기 vs 이철우 '8년 만의 재격돌',0.0,0,0,https://www.nocutnews.co.kr/news/6516484?utm_source=naver&utm_medium=article&utm_campaign=20260514060031
2026-05-14,김부겸 vs 추경호 빅매치…보수 심장 뛸까 멈출까,0.0,0,0,https://www.nocutnews.co.kr/news/6516738?utm_source=naver&utm_medium=article&utm_campaign=20260514060032
2026-05-14,"""농촌이 쉼터라고요? 제겐 최고의 '사업 무대'입니다""[영상]",0.0,0,0,https://www.nocutnews.co.kr/news/6516694?utm_source=naver&utm_medium=article&utm_campaign=20260514060031
2026-05-14,항공사고 보험금 압류 막는다…피해자 보호 강화,0.0,0,0,https://www.nocutnews.co.kr/news/6516692?utm_source=naver&utm_medium=article&utm_campaign=20260514060030
2026-05-14,한은은 CBDC 고수하는데… 카드사 스테이블코인 목매는 이유,0.0,0,0,https://it.chosun.com/news/articleView.html?idxno=2023092162045
2026-05-14,"데이터와 AI의 결합, 제약 R&D의 새 시대",0.0,0,0,https://www.bosa.co.kr/news/articleView.html?idxno=3002529
2026-05-14,"카카오모빌리티 ""로봇 시대 핵심은 플랫폼""…'오케스트라형 관제' 띄운...",0.0,0,0,https://www.ebn.co.kr/news/articleView.html?idxno=1708591
2026-05-14,"2조 4000억 투입, 해남 솔라시도에 '국가 AI컴퓨팅센터' 세운다",0.0,0,0,https://news.mtn.co.kr/news-detail/2026051322522099817
2026-05-14,"[칼럼]삼성전자 노사, 생태계를 살려야",0.0,0,0,https://www.nocutnews.co.kr/news/6516451?utm_source=naver&utm_medium=article&utm_campaign=20260514053529
2026-05-14,"[더버터] 택시 부르고, 챗GPT에 질문하고…시니어의 하루가 달라졌다",0.0,0,0,https://www.joongang.co.kr/article/25428219
2026-05-14,[경제 단신] 롯데마트 ‘숨결통식빵’ 4주간 15만개 판매 외,0.0,0,0,https://www.segye.com/newsView/20260513515829?OutUrl=naver
2026-05-14,"서울시 ‘외로움 처방전’이 부른 변화…“은둔 청년, 문밖에 나서다”...",0.0,0,0,https://www.hani.co.kr/arti/hanihealth/healthlife/1258587.html
2026-05-14,"HD현대重 노조도 ""영업익 30% 달라""…‘성과급 공포’의 기업들 [삼성전...",0.0,0,0,https://www.etoday.co.kr/news/view/2584061
2026-05-14,노상원 수첩 퍼즐 맞추는 종합특검…'내란 살인예비' 입증할까,0.0,0,0,https://www.nocutnews.co.kr/news/6516837?utm_source=naver&utm_medium=article&utm_campaign=20260514050036
2026-05-14,"시니어케어 기업 케어링, 400억 투자 유치 [VC 브리핑]",0.0,0,0,https://www.hankyung.com/article/202605134045r
2026-05-14,예산심의·국민안전까지 AI 투입…보안·국산화 숙제 커졌다,0.0,0,0,https://www.nocutnews.co.kr/news/6516722?utm_source=naver&utm_medium=article&utm_campaign=20260514050031
2026-05-14,"미중 회담서 논의될 반도체, 삼전닉스에 득일까 실일까",0.0,0,0,https://www.nocutnews.co.kr/news/6516678?utm_source=naver&utm_medium=article&utm_campaign=20260514050030
2026-05-14,與 '반청 서남풍'에 전북 초비상…정청래호 공천 시험대,0.0,0,0,https://www.nocutnews.co.kr/news/6516839?utm_source=naver&utm_medium=article&utm_campaign=20260514050036
2026-05-14,영업익 12% 특별성과급 중재안에도… 노조 ‘13% 제도화’ 끝까지 고수,0.0,0,0,https://www.seoul.co.kr/news/economy/industry/2026/05/14/20260514002004?wlog_tag3=naver
2026-05-14,"[기고]다주택자 중과세 시행, 정책 신뢰의 출발",0.0,0,0,https://www.nocutnews.co.kr/news/6516468?utm_source=naver&utm_medium=article&utm_campaign=20260514050029
2026-05-14,"방성환 경기도의원 ""농촌도 미래산업""…AI·힐링 접목 승부수",0.0,0,0,https://www.nocutnews.co.kr/news/6516833?utm_source=naver&utm_medium=article&utm_campaign=20260514050035
2026-05-14,"'국민배당금'이 던진 질문…시장 찬물인가, 시대적 과제인가",0.0,0,0,https://www.nocutnews.co.kr/news/6516724?utm_source=naver&utm_medium=article&utm_campaign=20260514050032
2026-05-14,[단독]북항 내 정부합동청사 부지 25%가 오염토…비소 최대 14배,0.0,0,0,https://www.nocutnews.co.kr/news/6516611?utm_source=naver&utm_medium=article&utm_campaign=20260514050030
2026-05-14,미국도 '탈북자' 인정했는데…엄마는 '불체자'로 세상 등졌다,0.0,0,0,https://www.nocutnews.co.kr/news/6516832?utm_source=naver&utm_medium=article&utm_campaign=20260514050034
2026-05-14,'텃밭'에서 무소속 출마…'일당독점' 체제가 원인,0.0,0,0,https://www.nocutnews.co.kr/news/6516829?utm_source=naver&utm_medium=article&utm_campaign=20260514050034
2026-05-14,"[단독]""메모 남겨둘 거예요"" 비자 퇴짜…공포의 출입국사무소",0.0,0,0,https://www.nocutnews.co.kr/news/6516609?utm_source=naver&utm_medium=article&utm_campaign=20260514050035
2026-05-14,정원오 44.9% 오세훈 39.8%…오차범위 내 추격[CBS-KSOI],0.0,0,0,https://www.nocutnews.co.kr/news/6516840?utm_source=naver&utm_medium=article&utm_campaign=20260514050036
2026-05-14,김용범 띄운 '국민배당금'…필요논의인가 시기상조인가,0.0,0,0,https://www.nocutnews.co.kr/news/6516841?utm_source=naver&utm_medium=article&utm_campaign=20260514050037
2026-05-14,제9회 전국동시지방선거 후보자 특집 대담 김진태 강원특별자치도지사...,0.0,0,0,http://news.lghellovision.net/news/articleView.html?idxno=542687
2026-05-14,"케빈 워시 연준 의장 후보자, 인준 통과…연준 독립성 시험대",0.0,0,0,https://www.nocutnews.co.kr/news/6516844?utm_source=naver&utm_medium=article&utm_campaign=20260514055729
2026-05-14,"BTS 정국-기업인 명의 도용, 380억 턴 中총책 압송",0.0,0,0,https://www.donga.com/news/Society/article/all/20260514/133918292/2
2026-05-14,“어린이 행복은 모두의 책임… 사는 곳따라 미래 갈려선 안돼”,0.0,0,0,https://www.donga.com/news/Society/article/all/20260513/133913730/2
2026-05-14,"""NCT 위시 볼래"" 암표 전쟁으로 몸살 앓는 대학 축제",0.0,0,0,https://www.hankookilbo.com/news/article/A2026051214140004450?did=NA
2026-05-14,"삼성·현대·LG, 로봇 AI 데이터 스타트업에 403억 원 베팅",0.0,0,0,https://www.g-enews.com/view.php?ud=2026051322064384612bd56fbc3c_1
2026-05-14,"[지금, 대학가는] 한림대, 취업을 넘어 '지역에서의 일과 삶'을 묻다…2...",0.0,0,0,http://www.bizwnews.com/news/articleView.html?idxno=136504
2026-05-14,"[증권가 중계] 신한투자증권, 하나증권, 카카오페이증권",0.0,0,0,http://www.bizwnews.com/news/articleView.html?idxno=136435
2026-05-14,"최유진, 야구장 응원 속 케플러 활동 열기",0.0,0,0,https://www.topstarnews.net/news/articleView.html?idxno=16060000
2026-05-14,"소주연, 카페에서 고양이 사진 들고 환한 미소",0.0,0,0,https://www.topstarnews.net/news/articleView.html?idxno=16059996
2026-05-14,"[사설] 파업 위기 삼성전자, 성과급 봇물 재계… 미래를 담보 잡나",0.0,0,0,https://www.kmib.co.kr/article/view.asp?arcid=1778654795&code=11171111&cp=nv
2026-05-14,조선·차·IT 노조도 “영업이익의 N% 달라”,0.0,0,0,https://www.chosun.com/economy/industry-company/2026/05/14/HMM7LARTUFCLZE356FSK2WPHDE/?utm_source=naver&utm_medium=referral&utm_campaign=naver-news
2026-05-14,"삼바 20%, 현대차 30%, 카카오 13%… 성과급 요구 빗장 풀렸다",0.0,0,0,https://www.chosun.com/economy/industry-company/2026/05/14/U3B3UQWVWZECTPQXEN4N2QLPJI/?utm_source=naver&utm_medium=referral&utm_campaign=naver-news
2026-05-14,"“원화 스테이블코인, 입법 지체가 최대 리스크”",0.0,0,0,https://www.chosun.com/economy/tech_it/2026/05/14/7EC4QPWTKNDF7HB2ORHMXR3NSU/?utm_source=naver&utm_medium=referral&utm_campaign=naver-news
2026-05-14,"말만 하면 장보기·예약 척척… 구글, 안드로이드에 AI 비서 넣는다",0.0,0,0,https://www.kmib.co.kr/article/view.asp?arcid=1778658629&code=11151400&cp=nv
2026-05-14,[사설] 삼전 성과급 협상 결렬… 파업은 노사 공멸만 부를 뿐,0.0,0,0,https://www.segye.com/newsView/20260513515520?OutUrl=naver
2026-05-14,'고유가 피해지원금 3차 지급일 D-4' 1차 중복 가능? 대상조회 '이렇게',0.0,0,0,https://www.gukjenews.com/news/articleView.html?idxno=3581300
2026-05-14,"코스피 환호에 묻혔다, 코스닥의 탄식",0.0,0,0,https://www.joongang.co.kr/article/25428143
2026-05-14,이란전쟁 여파로 美4월 도매물가도 '껑충'…'인플레' 압박,0.0,0,0,https://www.nocutnews.co.kr/news/6516842?utm_source=naver&utm_medium=article&utm_campaign=20260514120026
2026-05-14,'AI디지털배움터'를 활용할 수 있다,0.0,0,0,http://www.gjdream.com/news/articleView.html?idxno=669397
2026-05-13,"'챔피언스리그 복귀' 캐릭 감독, 맨유 정식 사령탑 선임 유력",0.0,0,0,https://www.nocutnews.co.kr/news/6516838?utm_source=naver&utm_medium=article&utm_campaign=20260513112826
2026-05-13,[횡설수설/김창덕]‘재택근무는 권리 아니다’,0.0,0,0,https://www.donga.com/news/Opinion/article/all/20260513/133918335/2
2026-05-13,"삼성 노조 불씨에 ""우리도 달라""…카카오·현대차 덮친 성과급 전쟁",0.0,0,0,http://weekly.chosun.com/news/articleView.html?idxno=51540
2026-05-13,"한섬, 성수서 '나이키스킴스' 띄운다…MZ 겨냥 체험형 쇼케이스 강화",0.0,0,0,http://www.ktnews.com/news/articleView.html?idxno=145979
2026-05-13,"경찰, ‘中 알리페이로 542억건 정보 전송’ 카카오페이 수사 착수",-0.462,0,1,https://wemakenews.co.kr/news/view.php?no=25251
2026-05-13,로봇 산업 패러다임 전환…'제작'에서 '운영 관리'로 이동 중,0.0,0,0,https://www.pointdaily.co.kr/news/articleView.html?idxno=304725
2026-05-13,"민주 송순호 ""감사·인사제도 혁신…공무원 보복 없어야""",0.0,0,0,https://www.nocutnews.co.kr/news/6516834?utm_source=naver&utm_medium=article&utm_campaign=20260513105327
2026-05-13,"국립창원대 비대위, 박완수 캠프 항의 방문 ""과기원 전환 공약 철회""",0.0,0,0,https://www.nocutnews.co.kr/news/6516835?utm_source=naver&utm_medium=article&utm_campaign=20260513105327
2026-05-13,"창원 문화예술인, 민주 송순호 후보 지지 잇따라…""문화예술도시 회복""",0.0,0,0,https://www.nocutnews.co.kr/news/6516836?utm_source=naver&utm_medium=article&utm_campaign=20260513105326
2026-05-13,외국인 300만 고객 선점 경쟁 치열…카카오뱅크까지 가세,0.0,0,0,https://www.dongponews.net/news/articleView.html?idxno=58018
2026-05-13,'서로에게 엄지 척' 형제는 용감했다…KCC 우승 이끈 허웅·허훈,0.0,0,0,https://www.nocutnews.co.kr/news/6516831?utm_source=naver&utm_medium=article&utm_campaign=20260513100825
2026-05-13,"한국이주민선교연합회 ""이주민 선교 연결·기록·감동"" 비전 제시",0.0,0,0,https://www.nocutnews.co.kr/news/6516783?utm_source=naver&utm_medium=article&utm_campaign=20260513100626
2026-05-13,"""교회 주중 돌봄 모델 정책 사각지대 메울 수 있는 대안""",0.0,0,0,https://www.nocutnews.co.kr/news/6516796?utm_source=naver&utm_medium=article&utm_campaign=20260513100626
2026-05-13,"트럼프, 베이징 도착…14일 '이란·대만' 놓고 시진핑과 담판(종합)",0.0,0,0,https://www.nocutnews.co.kr/news/6516830?utm_source=naver&utm_medium=article&utm_campaign=20260513100526
2026-05-13,"여의도순복음교회, 576개 교회 개척…""마음의 병 치료하자""",0.0,0,0,https://www.nocutnews.co.kr/news/6516787?utm_source=naver&utm_medium=article&utm_campaign=20260513100526
2026-05-13,"시흥시, 체납관리 평가 '우수'…하위권에서 도내 5위까지 반등",0.322,1,0,http://www.newstown.co.kr/news/articleView.html?idxno=703417
2026-05-13,"""4045만명 개인정보 알리페이 전송""..경찰, 카카오페이 수사 착수",0.0,0,0,http://www.4th.kr/news/articleView.html?idxno=2111725
2026-05-13,"경찰, 고객정보 알리페이에 넘긴 카카오페이 수사 착수",0.0,0,0,http://www.edaily.co.kr/news/newspath.asp?newsid=07468566645448592
2026-05-13,"북한산 오른 뒤 실종된 50대 여성…경찰, 27일째 수색 중",0.0,0,0,https://www.nocutnews.co.kr/news/6516827?utm_source=naver&utm_medium=article&utm_campaign=20260513092726
2026-05-13,"맹정섭 ""이제 바꿔야"" VS 이동석 ""깨끗해야""…시종일관 설전",0.0,0,0,https://www.nocutnews.co.kr/news/6516818?utm_source=naver&utm_medium=article&utm_campaign=20260513092725
2026-05-13,"트럼프, 베이징 도착…내일 '이란·대만' 놓고 시진핑과 담판",0.0,0,0,https://www.nocutnews.co.kr/news/6516826?utm_source=naver&utm_medium=article&utm_campaign=20260513091725
2026-05-13,국가 AI컴퓨팅센터 사업 본궤도…삼성SDS 컨소시엄 확정,0.0,0,0,http://www.kwangju.co.kr/article.php?aid=1778673900798973277
2026-05-13,"[속보]트럼프, 中베이징 도착…2박3일 방문일정 시작",0.0,0,0,https://www.nocutnews.co.kr/news/6516824?utm_source=naver&utm_medium=article&utm_campaign=20260513085625
2026-05-13,"'0% 기적의 완성' 정규리그 6위? 슈퍼 팀 KCC, 2년 만의 정상 복귀",0.0,0,0,https://www.nocutnews.co.kr/news/6516825?utm_source=naver&utm_medium=article&utm_campaign=20260513085625
2026-05-13,"21일, 삼성전자 진짜 파업하나",0.0,0,0,https://www.khan.co.kr/article/202605132042005
2026-05-13,"경찰, '임직원 변호사비 대납 의혹' 농협중앙회 압수수색",0.0,0,0,https://www.nocutnews.co.kr/news/6516821?utm_source=naver&utm_medium=article&utm_campaign=20260513083125
2026-05-13,"KBS 이사회, 박장범 취소안 결국 부결…KBS 내홍 재점화",0.0,0,0,https://www.nocutnews.co.kr/news/6516819?utm_source=naver&utm_medium=article&utm_campaign=20260513082124
2026-05-13,"전남도, 국가 AI컴퓨팅센터 구축 부지 유치 확정…AI산업 대전환 발판 마...",0.0,0,0,https://www.newstnt.com/news/articleView.html?idxno=702342
2026-05-13,"장세용 ""박정희 논란, 짜깁기…시장 재출마 이유, 반도체 대기업 유치""",0.0,0,0,https://www.nocutnews.co.kr/news/6516814?utm_source=naver&utm_medium=article&utm_campaign=20260513080124
2026-05-13,포항·서산 고용위기 선제대응지역 지정 6개월 연장,0.0,0,0,https://www.nocutnews.co.kr/news/6516812?utm_source=naver&utm_medium=article&utm_campaign=20260513075924
2026-05-13,안전교육 없이 사무직 생산현장 투입…금호타이어 과태료 처분,0.0,0,0,https://www.nocutnews.co.kr/news/6516810?utm_source=naver&utm_medium=article&utm_campaign=20260513075024
2026-05-13,"가향공동체 전 구성원들 ""공동체 생활, 숨이 막혔다""",0.0,0,0,https://www.newsnjoy.or.kr/news/articleView.html?idxno=400482
2026-05-13,"기아, PV5로 일본 시장 도전…현지 맞춤형 라인업 적용",0.0,0,0,https://www.nocutnews.co.kr/news/6516807?utm_source=naver&utm_medium=article&utm_campaign=20260513073524
2026-05-13,"경찰, 손훈모 순천시장 후보 관련 압수수색…불법 정치자금 의혹 수사",0.0,0,0,https://www.nocutnews.co.kr/news/6516809?utm_source=naver&utm_medium=article&utm_campaign=20260513080224
2026-05-13,"경찰, 카카오페이 '개인정보 유출' 수사 착수",0.0,0,0,https://www.obsnews.co.kr/news/articleView.html?idxno=1524308
2026-05-13,밤샘 성과급 협상 결렬…삼성전자 파업 위기 최고조[박지환의 뉴스톡],0.0,0,0,https://www.nocutnews.co.kr/news/6516808?utm_source=naver&utm_medium=article&utm_campaign=20260513073324
2026-05-13,"성일종 ""'이재명이'는 안 되고, '윤석열이'는 되고?...피장파장, '국가원...",0.0,0,0,https://www.ikbc.co.kr/article/view/kbc202605130050
2026-05-13,"카카오모빌리티, 외감 회계법인 선정…美 증시 상장 가능성 검토",0.0,0,0,https://www.newsway.co.kr/news/view?ud=2026051319005118914
2026-05-13,"한화, 루마니아 방산전시회 참가…첨단 무인화 솔루션 선보여",0.0,0,0,https://www.nocutnews.co.kr/news/6516801?utm_source=naver&utm_medium=article&utm_campaign=20260513071624
2026-05-13,"경남상의협, 박완수 경남지사 후보 공약화 과제 전달",0.0,0,0,https://www.nocutnews.co.kr/news/6516803?utm_source=naver&utm_medium=article&utm_campaign=20260513071524
2026-05-13,"민주 송순호 ""어르신·어린이·청소년 시내버스 전면 무료화""",0.0,0,0,https://www.nocutnews.co.kr/news/6516802?utm_source=naver&utm_medium=article&utm_campaign=20260513071525
2026-05-13,"창원시, '공공디자인 컨설팅' 공모 최종 선정…국비 2억원 확보",0.0,0,0,https://www.nocutnews.co.kr/news/6516804?utm_source=naver&utm_medium=article&utm_campaign=20260513071524
2026-05-13,'장동혁 선대위' 첫 일정 충북…김문수·나경원·주진우 집결해 '총력지...,0.0,0,0,https://www.nocutnews.co.kr/news/6516800?utm_source=naver&utm_medium=article&utm_campaign=20260513071424
2026-05-13,아직도 우편함을 확인하세요? '내 손안의 고지서'가 답입니다,0.0,0,0,https://www.hidomin.com/news/articleView.html?idxno=705205
2026-05-13,"‘검찰 범죄’ 특검을 해야할 50가지 이유② 조작, 조작, 또 조작",0.0,0,0,https://newstapa.org/article/WmiyF
2026-05-13,HD현대重 노조 “30% 공유”… ‘성과급 청구서’ 봇물,0.0,0,0,https://www.segye.com/newsView/20260513515811?OutUrl=naver
2026-05-13,"[기획] '체리피킹' 인뱅 웃고, 포용금융 떠안은 지방은행만 울다",0.0,0,0,https://www.startuptoday.co.kr/news/articleView.html?idxno=800840
2026-05-15,"[금융 AI 전쟁②] 심사 초안은 AI가, 책임은 행원이…진화하는 은행 AX",0.0,0,0,https://www.ngetnews.com/news/articleView.html?idxno=550292
2026-05-15,"“아일릿, 뉴진스 아류”…민희진·빌리프랩, 오늘 ‘20억 손배소’ 변...",0.0,0,0,https://www.mk.co.kr/article/12047849
2026-05-15,"알리페이에 개인정보 유출… 경찰, 카카오페이 수사",-0.408,0,1,https://www.segye.com/newsView/20260514516339?OutUrl=naver
2026-05-15,이마트 와인·롯데마트 수박 할인전…먹거리 행사 경쟁,0.0,0,0,https://www.etoday.co.kr/news/view/2584665
2026-05-15,"공정위 철퇴에도 뻥튀기 광고 여전… ‘실적 악화’ 삼쩜삼, 종소세 마...",-0.462,0,1,https://biz.chosun.com/it-science/ict/2026/05/15/SBOU6ELW7NCPJAGKPPXACH3NR4/?utm_source=naver&utm_medium=original&utm_campaign=biz
2026-05-15,"“고환율에도 해외보다 싸다”…이마트, 상반기 최대 ‘와인장터’ 연...",0.0,0,0,https://www.viva100.com/article/20260514501081
2026-05-15,"이마트 와인이 해외보다 싼 이유, 바이어가 직접 유럽에 갔다",0.0,0,0,https://www.newscj.com/news/articleView.html?idxno=3400988
2026-05-15,현직 3선 출마 맞선 새 인물들…경북도교육감 3자 구도,0.0,0,0,https://www.nocutnews.co.kr/news/6517381?utm_source=naver&utm_medium=article&utm_campaign=20260515060043
2026-05-15,반도체가 4월 수출물가 끌어올렸다…28년 만에 최고치,0.261,1,0,https://www.nocutnews.co.kr/news/6517384?utm_source=naver&utm_medium=article&utm_campaign=20260515060044
2026-05-15,"“반도체만 간다고?” 코스피, ‘전방위 순환매’로 8000 돌파 시도 [코...",0.747,3,0,https://www.sedaily.com/article/20044218?ref=naver
2026-05-15,"""다음(Daum) 매각 후 대표도 퇴사""...끓는 카카오노조[1일IT템]",0.0,0,0,http://www.fnnews.com/news/202605141713235068
2026-05-15,"""전세계약서 쓰지 전에 상담부터 받으세요""",0.0,0,0,https://www.nocutnews.co.kr/news/6517168?utm_source=naver&utm_medium=article&utm_campaign=20260515060043
2026-05-15,쫓기던 서울살이 '로그아웃'…파도와 가족이 있는 로컬 '로그인'[영상],0.0,0,0,https://www.nocutnews.co.kr/news/6517523?utm_source=naver&utm_medium=article&utm_campaign=20260515060044
2026-05-15,대구교육감 3파전…첫 3선 교육감 나올까,0.0,0,0,https://www.nocutnews.co.kr/news/6517157?utm_source=naver&utm_medium=article&utm_campaign=20260515060042
2026-05-15,"‘모기’ 물리면 민원, ‘사탕’ 주면 SNS 저격…‘스승의 날’ 웃지 못...",0.0,0,0,https://www.khan.co.kr/article/202605150600041
2026-05-15,시총 10위권 진입한 LS그룹…전력 슈퍼사이클 올라탄 '양손잡이 경영',0.537,2,0,https://news.ifm.kr/news/articleView.html?idxno=471001
2026-05-15,"[FORTUNE KOREA 500] 2조 매출 넘은 비바리퍼블리카, 다음 과제는 '커머스...",0.0,0,0,https://www.fortunekorea.co.kr/news/articleView.html?idxno=52497
2026-05-15,"[시대리포트]쌍팔년도식 파업투쟁, 회사도 국민도 외면...노조도 변해야",0.0,0,0,https://www.sidae.com/article/2026051315012425924
2026-05-15,"이마트, 고환율에도 와인 파격가…최대 반값 '와인장터'",0.0,0,0,https://www.newsis.com/view/NISX20260514_0003630046
2026-05-15,"9900원 균일가·반값 할인…이마트, 상반기 최대 '와인장터'",0.0,0,0,https://view.asiae.co.kr/article/2026051417464481098
2026-05-15,"서울도 '초접전'…국힘, '정원오 폭행' 띄우기 총력전",0.0,0,0,https://www.nocutnews.co.kr/news/6517528?utm_source=naver&utm_medium=article&utm_campaign=20260515055642
2026-05-15,'알리페이에 고객정보 유출' 카카오페이 경찰 수사 쟁점은?,0.0,0,0,https://news.sbs.co.kr/news/endPage.do?news_id=N1008562661&plink=ORI&cooper=NAVER
2026-05-15,[칼럼]김용범은 '죄'가 없다,0.0,0,0,https://www.nocutnews.co.kr/news/6517505?utm_source=naver&utm_medium=article&utm_campaign=20260515052541
2026-05-15,"[사설] 봇물 터지는 성과급 요구, 금고 탈탈 털어먹고 말자는 것",0.0,0,0,https://www.seoul.co.kr/news/editOpinion/editorial/2026/05/15/20260515027006?wlog_tag3=naver
2026-05-15,월 50만원 3년 넣으면 2255만원… 청년미래적금 ‘연 19% 효과’,0.0,0,0,https://www.seoul.co.kr/news/economy/finance/2026/05/15/20260515030005?wlog_tag3=naver
2026-05-15,"변우석, 또 히트곡 만드나? '21세기 대군부인' OST '평행선' 오늘 발매",0.0,0,0,http://www.edaily.co.kr/news/newspath.asp?newsid=01761366645449248
2026-05-15,"전·현직 리턴매치 된 해운대 구청장…""멈춘 4년"" vs ""완성할 4년""",0.0,0,0,https://www.nocutnews.co.kr/news/6517456?utm_source=naver&utm_medium=article&utm_campaign=20260515050043
2026-05-15,밤샘 예산심의 줄인다는 AI '연.예.인'…환각·보안 문제 없나,0.0,0,0,https://www.nocutnews.co.kr/news/6517371?utm_source=naver&utm_medium=article&utm_campaign=20260515050049
2026-05-15,"[단독]'미담'도 고발한 소방동료들…욕설 피해 대원, 감찰에 일터가 공...",0.0,0,0,https://www.nocutnews.co.kr/news/6517503?utm_source=naver&utm_medium=article&utm_campaign=20260515050045
2026-05-15,"""땅만 파면 중금속"" 5년 동안 북항 일대 오염토 정화 명령 10건",0.0,0,0,https://www.nocutnews.co.kr/news/6517322?utm_source=naver&utm_medium=article&utm_campaign=20260515050043
2026-05-15,'파업 금지' 긴급조정권 여론몰이 속…삼성 노사 대화 재개되나,0.0,0,0,https://www.nocutnews.co.kr/news/6517391?utm_source=naver&utm_medium=article&utm_campaign=20260515050049
2026-05-15,"같은 학대, 다른 지원…20살 자립청년들 출발선 왜 제각각",0.0,0,0,https://www.nocutnews.co.kr/news/6517493?utm_source=naver&utm_medium=article&utm_campaign=20260515050044
2026-05-15,"4년전 역풍 불렀던 '전월세 대란', 수도권 선거판에 재소환",0.0,0,0,https://www.nocutnews.co.kr/news/6517406?utm_source=naver&utm_medium=article&utm_campaign=20260515050050
2026-05-15,대통령 연일 금융 때리는데…국세청 '본보기 조사'에 쏠린 눈,0.0,0,0,https://www.nocutnews.co.kr/news/6517515?utm_source=naver&utm_medium=article&utm_campaign=20260515050046
2026-05-15,팔당호 지키는 양평…정작 주민들은 '물 복지 사각지대'[영상],0.0,0,0,https://www.nocutnews.co.kr/news/6517005?utm_source=naver&utm_medium=article&utm_campaign=20260515050042
2026-05-15,[칼럼]집 못 사는 세입자의 한숨,0.0,0,0,https://www.nocutnews.co.kr/news/6517186?utm_source=naver&utm_medium=article&utm_campaign=20260515050047
2026-05-15,"[르포]외국인A ""운이 좋았다""…잇단 고성에 민원실은 얼어붙었다",0.0,0,0,https://www.nocutnews.co.kr/news/6517397?utm_source=naver&utm_medium=article&utm_campaign=20260515050045
2026-05-15,'진흙탕 싸움' 경선 후유증 없애려면…'유권자 참여' 확대해야,0.0,0,0,https://www.nocutnews.co.kr/news/6517509?utm_source=naver&utm_medium=article&utm_campaign=20260515050047
2026-05-15,출소 4년 만에 숨진 납북귀환어부…57년 만에 들린 재심 소식,0.0,0,0,https://www.nocutnews.co.kr/news/6517518?utm_source=naver&utm_medium=article&utm_campaign=20260515050046
2026-05-15,우리도 삼전처럼…들불처럼 번진 '영업이익 N% 성과급' 요구,0.0,0,0,https://www.nocutnews.co.kr/news/6517470?utm_source=naver&utm_medium=article&utm_campaign=20260515050044
2026-05-15,[후보등록] 후보별 이색소품 경쟁 펼쳐질까…선거운동 주의점은,0.0,0,0,https://www.yna.co.kr/view/AKR20260513133200001?input=1195m
2026-05-15,"'금리지표' 금융채 최고치 찍자, 4대은행 주담대 7% 위협",0.0,0,0,https://www.mt.co.kr/finance/2026/05/15/2026051419271071080
2026-05-15,매달 50만원 넣으면 2200만원 목돈이...'연 19%' 청년적금 나온다,0.0,0,0,https://www.mt.co.kr/finance/2026/05/15/2026051418351893703
2026-05-15,"'단일화'의 역사 인천 교육감 선거, 진보 분열 속 3파전 윤곽",0.0,0,0,https://www.nocutnews.co.kr/news/6517195?utm_source=naver&utm_medium=article&utm_campaign=20260515040041
2026-05-15,"美국무 ""대만정책 변함 없어…강제적 현상 변경 양국에 나빠""",0.0,0,0,https://www.nocutnews.co.kr/news/6517532?utm_source=naver&utm_medium=article&utm_campaign=20260515055742
2026-05-15,"머스크의 중국 ‘도박’ 성공할까… 테슬라, 자동차 너머 ‘AI 제국’으...",0.0,0,0,https://www.g-enews.com/view.php?ud=202605141441595298fbbec65dfb_1
2026-05-15,"크래프톤·넥슨 독주, 엔씨·펄어비스 반등…한국 게임업계 희비 교차",0.322,1,0,https://www.tokenpost.kr/news/game/359788
2026-05-15,"1800만원 넣고 2255만원 받는 적금 나온다...청년미래적금, 6월 출시",0.0,0,0,https://www.thescoop.co.kr/news/articleView.html?idxno=310199
2026-05-15,"시진핑 ""마가-中부흥 양립 가능""…트럼프 ""9월에 미국 초청""",0.0,0,0,https://www.nocutnews.co.kr/news/6517529?utm_source=naver&utm_medium=article&utm_campaign=20260515055742
2026-05-15,"경찰, 카카오페이 회원정보 유출 수사 착수",0.0,0,0,https://www.kmib.co.kr/article/view.asp?arcid=1778743475&code=11131412&cp=nv
2026-05-15,"[사설] 갈수록 태산 ‘N% 성과급’ 파업, 법적으로 정당한가",0.0,0,0,https://www.chosun.com/opinion/editorial/2026/05/15/XCTY62FRFRBBBF743UMMRVPQHM/?utm_source=naver&utm_medium=referral&utm_campaign=naver-news
2026-05-15,"LG생활건강, 비욘드 할인전…유튜브 연계 콘텐츠 커머스 강화",0.0,0,0,https://sateconomy.co.kr/news/view/1065580459662048
2026-05-15,베트남어·영어 못해도 돼…여긴 다낭이니까,0.0,0,0,https://www.joongang.co.kr/article/25428510
2026-05-15,[사설] 봇물 터진 'N% 성과급'… 경제 악영향 우려된다,0.0,0,0,https://www.asiatoday.co.kr/kn/view.php?key=20260514010003975
2026-05-15,"고용불안에 칼 빼든 카카오 노조, 사측에 분노…파업 가능성 ↑",0.0,0,0,https://news.tf.co.kr/read/economy/2322675.htm
2026-05-15,"궤변, 혼종어, 플러팅… 대중의 뇌리에 박제되다",0.0,0,0,https://sports.khan.co.kr/article/202605150000026?pt=nv
2026-05-15,"[사설] 현대차·HD현중도 “성과급 더”, K산업 치명타 우려된다",0.0,0,0,https://www.sedaily.com/article/20044302?ref=naver
2026-05-14,"코인원, 고정형 스테이킹 화면 개편…진행 상태 한눈에",0.0,0,0,https://www.thelec.kr/news/articleView.html?idxno=56630
2026-05-14,"오뚜기, 제주 소상공인 브랜드 전시 운영···""세화리 마을 이야기""",0.0,0,0,http://www.enewstoday.co.kr/news/articleView.html?idxno=2429254
2026-05-14,"중독 남편 ""결혼하자, 사랑해"" 채팅앱으로 외도…아내 ""왜 살아야 하나...",0.0,0,0,https://www.xportsnews.com/article/2149264
2026-05-14,"임신한 아내 두고 바람피운 남편...""부부관계 잘 못하니까""",0.0,0,0,https://www.mt.co.kr/entertainment/2026/05/14/2026051423023958839
2026-05-14,대전 교육 가족 한자리에…아름다운 음악회 성황,0.0,0,0,https://www.nocutnews.co.kr/news/6517520?utm_source=naver&utm_medium=article&utm_campaign=20260514105938
2026-05-14,"김정관 장관 ""삼성전자 파업땐 긴급조정권""…노사 타협 촉구",0.0,0,0,https://www.hankyung.com/article/2026051476571
2026-05-14,"카카오, AI 국민비서 음성 인식 기능 추가... ""공공시설 예약 한번에""",0.0,0,0,http://www.sisacast.kr/news/articleView.html?idxno=95920
2026-05-14,"트럼프 ""생산적 대화…시진핑 주석 부부 9월 24일 초청""",0.0,0,0,https://www.nocutnews.co.kr/news/6517517?utm_source=naver&utm_medium=article&utm_campaign=20260514103438
2026-05-14,"포털 다음 분사 주도한 양주일 대표, 인수 일주일 만에 퇴사한다",0.0,0,0,https://it.chosun.com/news/articleView.html?idxno=2023092162137
2026-05-14,"“AI가 공격도 한다”…금융권, ‘미토스형 위협’ 대응 본격화",0.0,0,0,https://www.dailian.co.kr/news/view/1644502/?sc=Naver
2026-05-14,"박재억 전 검사장, '마약·조직범죄' 전문 변호사로 새 출발",0.0,0,0,https://www.nocutnews.co.kr/news/6517516?utm_source=naver&utm_medium=article&utm_campaign=20260514102238
2026-05-14,"""김해 모산중 선생님들 감사합니다""",0.0,0,0,http://www.gnmaeil.com/news/articleView.html?idxno=586595
2026-05-14,"카카오뱅크-서울신보, 1250억 원 규모 지원 협약 外",0.0,0,0,https://www.rcast.co.kr/news/articleView.html?idxno=30778
2026-05-14,"[엄지용] 에이전틱 커머스, 카카오와 네이버의 서로 다른 접근법",0.0,0,0,http://www.apparelnews.co.kr/news/news_view/?idx=225237
2026-05-14,[美클래리티 법②] 통과냐 지연이냐…韓입법 논의 변수로,0.0,0,0,https://www.startuptoday.co.kr/news/articleView.html?idxno=800980
2026-05-14,"종합특검, 윤석열에 26일 피의자 소환 통보",0.0,0,0,https://www.nocutnews.co.kr/news/6517514?utm_source=naver&utm_medium=article&utm_campaign=20260514095538
2026-05-14,"우상호 후보, 강릉서 '역대급 원팀 선대위' 출범…본격 '세 결집' 나서",0.0,0,0,https://www.nocutnews.co.kr/news/6517513?utm_source=naver&utm_medium=article&utm_campaign=20260514095138
2026-05-14,18일부터 고유가 피해지원금 2차 지급,0.0,0,0,https://www.ulsanpress.net/news/articleView.html?idxno=575206
2026-05-14,"춘천시, 6월까지 체납액 집중 정리…314억 원 징수 총력",0.0,0,0,https://www.gukjenews.com/news/articleView.html?idxno=3582457
2026-05-14,"청년미래적금, 최대 연 19% 금리 효과",0.0,0,0,https://www.khan.co.kr/article/202605142131035
2026-05-14,포항 호출앱 '타보소' 카카오택시까지 확대,0.0,0,0,https://www.idaegu.co.kr/news/articleView.html?idxno=548134
2026-05-14,세운4구역 주민 '유산청이 재산권 침해',0.0,0,0,https://www.nocutnews.co.kr/news/6517507?utm_source=naver&utm_medium=article&utm_campaign=20260514092137
2026-05-14,시청률 13% 돌파…종영까지 단 2회 남은 '21세기 대군부인' 결말은 (+후속...,0.261,1,0,https://www.wikitree.co.kr/articles/1136469
2026-05-14,"산업장관 ""삼성전자 노조 파업시 긴급조정 불가피""…타협 촉구",0.0,0,0,https://www.nocutnews.co.kr/news/6517504?utm_source=naver&utm_medium=article&utm_campaign=20260514085337
2026-05-14,"市, 18일부터 고유가 지원금 2차 지급",0.0,0,0,http://www.ujeil.com/news/articleView.html?idxno=385795
2026-05-14,"경남의 5월, 세계의 화음으로 물들다…국제합창제 개막",0.0,0,0,https://www.nocutnews.co.kr/news/6517502?utm_source=naver&utm_medium=article&utm_campaign=20260514084438
2026-05-14,"경남소방, 18년 만에 전국 제패…소방기술경연대회 '우승'",0.0,0,0,https://www.nocutnews.co.kr/news/6517500?utm_source=naver&utm_medium=article&utm_campaign=20260514084437
2026-05-14,"카카오엔터프라이즈, 노조 쟁의권 확보…경기지노위 조정 중지",0.0,0,0,https://www.sedaily.com/article/20044312?ref=naver
2026-05-14,"포항 공공택시 호출 앱, 카카오 택시까지 확대",0.0,0,0,http://www.phmbc.co.kr/www/news/desk_news?idx=202221&mode=view
2026-05-14,"카카오엔터프라이즈 노조, 쟁의권 확보⋯20일 투쟁결의대회",0.0,0,0,https://www.etoday.co.kr/news/view/2584679
2026-05-14,"[공시] 제주반도체·피델릭스 '거래정지 예고', 모아데이타·에이치엠넥...",0.408,1,0,https://www.newstnt.com/news/articleView.html?idxno=702564
2026-05-14,"[단독] 윤창호법 1호 연예인, 또 음주운전…무면허 운전 후 술자리 포착...",0.0,0,0,https://news.jtbc.co.kr/article/NB12298339?influxDiv=NAVER
2026-05-14,후보 등록 첫날부터 불 붙은 선거전…충북지사 후보 거친 공방,0.0,0,0,https://www.nocutnews.co.kr/news/6517495?utm_source=naver&utm_medium=article&utm_campaign=20260514082437
2026-05-14,경남 고품격 '스테이바다' 거점…거제 계도·남해 문항마을 선정,0.0,0,0,https://www.nocutnews.co.kr/news/6517497?utm_source=naver&utm_medium=article&utm_campaign=20260514082437
2026-05-14,"카카오페이, 투자주의 종목 지정→주가 변동성 확대",0.0,0,0,https://www.topstarnews.net/news/articleView.html?idxno=16060692
2026-05-14,美발표엔 '대만' 빠졌고…中발표엔 '호르무즈' 비중 작았다[영상],0.0,0,0,https://www.nocutnews.co.kr/news/6517488?utm_source=naver&utm_medium=article&utm_campaign=20260514095038
2026-05-14,산청 자부심 '남명 조식 유물'…경남 유형문화유산 된다,0.0,0,0,https://www.nocutnews.co.kr/news/6517490?utm_source=naver&utm_medium=article&utm_campaign=20260514082037
2026-05-14,"충남신보, 대한법률구조공단과 협약…개인파산 법률구조 연계 강화",0.0,0,0,https://www.nocutnews.co.kr/news/6517492?utm_source=naver&utm_medium=article&utm_campaign=20260514082038
2026-05-14,"2분 발언·조례안 발의까지…충남도의회, 천안 신방초와 '청소년 의회교...",0.0,0,0,https://www.nocutnews.co.kr/news/6517487?utm_source=naver&utm_medium=article&utm_campaign=20260514081937
2026-05-14,"[EBN 오늘(14일) 이슈 종합] 대한전선, 해저케이블 포설선 추가 확보...해...",0.0,0,0,https://www.ebn.co.kr/news/articleView.html?idxno=1708861
2026-05-14,코스닥 1위까지 떠나나…코스닥의 상대적 우울,0.0,0,0,https://www.obsnews.co.kr/news/articleView.html?idxno=1524471
2026-05-14,"카카오엔터프라이즈, 경기지노위서 조정 중지…노조 쟁의권 확보",0.0,0,0,https://www.yna.co.kr/view/AKR20260514170100017?input=1195m
2026-05-14,"충남교육청, 제45회 스승의 날 기념 유공교원 표창장 수여",0.0,0,0,https://www.nocutnews.co.kr/news/6517485?utm_source=naver&utm_medium=article&utm_campaign=20260514080137
2026-05-18,"하나금융, 두나무에 1조 투자… 디지털자산 시장 전략 본격화",0.0,0,0,https://www.segye.com/newsView/20260517508579?OutUrl=naver
2026-05-18,"""사이가 좋은 것도 아닌데""...매일 셀카 30장 보내는 시아버지 [어떻게 ...",0.0,0,0,http://www.fnnews.com/news/202605180552236096
2026-05-18,"[윤나래의 세대읽기] 젊은이보다 젊다, 90대 현역",0.0,0,0,https://bravo.etoday.co.kr/view/atc_view/19230
2026-05-18,“AI 포털 외치더니 선장 떠난다”…업스테이지 품 안긴 ‘다음’의 속...,0.0,0,0,https://www.kukinews.com/article/view/kuk202605150149
2026-05-18,"울산 잡힌 날, 전북은 웃었다…3만 관중 환호 속에 '극장승'",0.0,0,0,https://www.nocutnews.co.kr/news/6518468?utm_source=naver&utm_medium=article&utm_campaign=20260518060022
2026-05-18,대구 기초단체장 선거 '무주공산' 대구 달서구·북구·서구·동구…여야...,0.0,0,0,https://www.nocutnews.co.kr/news/6517158?utm_source=naver&utm_medium=article&utm_campaign=20260518060021
2026-05-18,"""지방에서 살아볼래?""…청년과 지역 잇는 '베이스캠프'[영상]",0.0,0,0,https://www.nocutnews.co.kr/news/6518476?utm_source=naver&utm_medium=article&utm_campaign=20260518060022
2026-05-18,"'새출발' 제로베이스원 ""감사하게도 라이브 칭찬받아, 잘 가꿀 것""[EN:터...",0.0,0,0,https://www.nocutnews.co.kr/news/6518479?utm_source=naver&utm_medium=article&utm_campaign=20260518060023
2026-05-18,교육 현안이 왜 기초지자체장 공약에? 실현 가능성 있나,0.0,0,0,https://www.nocutnews.co.kr/news/6518014?utm_source=naver&utm_medium=article&utm_campaign=20260518060019
2026-05-18,대구 달성 보궐선거 박형룡vs 이진숙 격돌,0.0,0,0,https://www.nocutnews.co.kr/news/6518037?utm_source=naver&utm_medium=article&utm_campaign=20260518060021
2026-05-18,"고유가 지원금 2차, 오늘부터 신청…""국민 70%에 최대 25만원 지급""",0.0,0,0,https://www.news1.kr/local/moi/6168248
2026-05-18,"[N2 모닝 경제 브리핑-5월 18일] 美 증시, AI 차익실현에 일제히 하락…...",-0.261,0,1,https://www.news2day.co.kr/article/20260516500004
2026-05-18,바이오·IT 업계 번지는 노사 갈등…파업 확산하나,0.0,0,0,https://www.yna.co.kr/view/AKR20260515149200017?input=1195m
2026-05-18,[Interview] 박윤규 정보통신산업진흥원 원장 | “지난 1년은 AI 고속도로...,0.0,0,0,https://economychosun.com/site/data/html_dir/2026/05/09/2026050900015.html
2026-05-18,"'성과급 나누자' 카카오 노사, 오늘 지노위 조정…그룹사 파업 전운",0.0,0,0,https://www.news1.kr/it-science/internet-platform/6169262
2026-05-18,"'당국 염원' 거래소 지분 규제 앞두고…하나은행, 두나무 먼저 담았다",0.0,0,0,https://www.news1.kr/finance/blockchain-fintech/6168438
2026-05-18,두나무와 1조 동맹 맺은 하나금융…MZ·스테이블코인·플랫폼 ‘승부수...,0.0,0,0,https://www.seoul.co.kr/news/economy/finance/2026/05/18/20260518031003?wlog_tag3=naver
2026-05-18,"정부 ""긴급조정 불사"" 공개 압박…삼전 노사, 파국 피할까",0.0,0,0,https://www.nocutnews.co.kr/news/6518451?utm_source=naver&utm_medium=article&utm_campaign=20260518050020
2026-05-18,"""선생님보호법 만들어주세요"" 학생 국민청원까지 등장",0.0,0,0,https://www.nocutnews.co.kr/news/6518261?utm_source=naver&utm_medium=article&utm_campaign=20260518050018
2026-05-18,"쌍둥이 낳았더니 산후도우미 '웃돈'…""하루 5만원 더 내라""",0.0,0,0,https://www.nocutnews.co.kr/news/6518449?utm_source=naver&utm_medium=article&utm_campaign=20260518050020
2026-05-18,"장동혁 광주행 '진정성 시험대'…당내서도 ""5·18 모독""",0.0,0,0,https://www.nocutnews.co.kr/news/6518467?utm_source=naver&utm_medium=article&utm_campaign=20260518050021
2026-05-18,하나·두나무·네이버 코인연합에...‘이곳’ 주목,0.0,0,0,https://www.sedaily.com/article/20045036?ref=naver
2026-05-18,"[단독] 카카오모빌리티, 사모펀드에 경영권 넘어갈 수도",0.0,0,0,https://www.chosun.com/economy/tech_it/2026/05/18/BCGLDCJUE5D43D27N6YFXHBIDQ/?utm_source=naver&utm_medium=referral&utm_campaign=naver-news
2026-05-18,"[단독]합참 간부들 ""계엄 문제"" 보고…""김용현 노려보자 김명수 침묵""",0.0,0,0,https://www.nocutnews.co.kr/news/6518416?utm_source=naver&utm_medium=article&utm_campaign=20260518050019
2026-05-18,"""힘 있는 여당"" vs ""사상 토박이"" vs ""현역 구청장"" 사상구청장 3파전 격...",0.0,0,0,https://www.nocutnews.co.kr/news/6518472?utm_source=naver&utm_medium=article&utm_campaign=20260518050022
2026-05-18,[기고]시진핑 손보려다 손 내민 트럼프,0.0,0,0,https://www.nocutnews.co.kr/news/6518438?utm_source=naver&utm_medium=article&utm_campaign=20260518050019
2026-05-18,"""빌려준 집 팔라""…매물출회 정책, 집값 상승 부메랑되나?",0.261,1,0,https://www.nocutnews.co.kr/news/6518408?utm_source=naver&utm_medium=article&utm_campaign=20260518050018
2026-05-18,"정원오 폭행 당시 구청장 ""외박 요구? 오물 뿌리려던 사건""",0.0,0,0,https://www.nocutnews.co.kr/news/6518465?utm_source=naver&utm_medium=article&utm_campaign=20260518050021
2026-05-18,외인 '팔자' 막아냈는데…삼성전자 파업 사태에 떠는 개미들,0.0,0,0,https://www.nocutnews.co.kr/news/6518474?utm_source=naver&utm_medium=article&utm_campaign=20260518050022
2026-05-18,2차 고유가 피해 지원금 오늘부터…소득 하위 70%·최대 25만원,0.0,0,0,https://www.sidae.com/article/2026051715241171620
2026-05-18,이성파·이승훈 링글 공동대표 “AI 영어앱 홍수 속 ‘말할 수 있는 영어...,0.0,0,0,https://www.etoday.co.kr/news/view/2585023
2026-05-18,“중동 공주에게도 친근함 뽐내”…‘손털기’에 가려진 하정우 능력,0.0,0,0,https://www.joongang.co.kr/article/25429108
2026-05-18,반도체 이은 수출효자…'K-방산 4사' 3년치 일감 확보,0.0,0,0,https://www.nocutnews.co.kr/news/6518147?utm_source=naver&utm_medium=article&utm_campaign=20260518045017
2026-05-18,이재용 등판에 정부는 긴급조정 배수진…삼전 노사 손 잡을까,0.0,0,0,https://www.nocutnews.co.kr/news/6518430?utm_source=naver&utm_medium=article&utm_campaign=20260518044517
2026-05-18,與 “정청래 테러 모의” 수사의뢰… 친명-친청 지지층갈등 번져,0.0,0,0,https://www.donga.com/news/Politics/article/all/20260518/133940348/2
2026-05-18,[디지털 봄] 혹시나 했더니 역시나…시도때도 없는 휴대폰 ‘알림’ 멈...,0.0,0,0,https://www.nongmin.com/article/20260512500427
2026-05-18,[해외선교·성지순례 안전 기상도] 해외여행 시 의약품 소지 주의,0.0,0,0,https://www.kmib.co.kr/article/view.asp?arcid=1778993173&code=23111117&cp=nv
2026-05-18,"강민혁, 홍콩 무대 뒤 레더 자켓 근황",0.0,0,0,https://www.topstarnews.net/news/articleView.html?idxno=16063261
2026-05-18,은행-암호화폐 거래소 결합… 원화 스테이블코인 경쟁 시작,0.0,0,0,https://www.kmib.co.kr/article/view.asp?arcid=1779009764&code=11151100&cp=nv
2026-05-18,"고유가 피해지원금, 오늘(18일)부터 2차 지급…신청→대상(기준) 조회 방...",0.0,0,0,https://www.topstarnews.net/news/articleView.html?idxno=16063234
2026-05-18,"2차 고유가 지원금 신청 날짜, 대상자 확인 조회 방법은?",0.0,0,0,https://www.wikitree.co.kr/articles/1136948
2026-05-18,[가리사니] ‘상식적인’ 학부모가 되자,0.0,0,0,https://www.kmib.co.kr/article/view.asp?arcid=1778991661&code=11171425&cp=nv
2026-05-18,‘모바일 선물하기’ 10조… 패션-뷰티 ‘취향소비’로까지 몸집 키워,0.0,0,0,https://www.donga.com/news/Economy/article/all/20260517/133939082/2
2026-05-18,"네이버-카카오-토스페이 간편결제 금액, 작년 100조 첫 돌파",0.261,1,0,https://www.donga.com/news/Economy/article/all/20260517/133939078/2
2026-05-18,인제군 ‘2026 설악그란폰도’ 안전 개최 총력,0.0,0,0,https://www.kwnews.co.kr/page/view/2026051550057000000
2026-05-18,"[사설] 양대노총, 삼성전자 파업도 노동 권익 문제라고 보나",0.0,0,0,https://www.chosun.com/opinion/editorial/2026/05/18/2UIGGIQPPZARHI3SOV7IQKWT7Q/?utm_source=naver&utm_medium=referral&utm_campaign=naver-news
2026-05-18,고성 특색 답례품 고향사랑기부 증가 견인,0.0,0,0,https://www.kado.net/news/articleView.html?idxno=2050588
2026-05-18,2차 고유가 지원금 신청 대상·요일제·기준 안내,0.0,0,0,https://www.bntnews.co.kr/article/view/bnt202605170051
2026-05-18,"윤호영號 카카오뱅크, ‘AI이체·투자탭’ 플랫폼 경쟁력 강화 [금융권...",0.0,0,0,http://www.fntimes.com/html/view.php?ud=202605170157277320dd55077bc2_18
2026-05-18,오늘부터 ‘최대 25만원’ 2차 지원금…“마트 안 미용실·식당 돼요”,0.0,0,0,https://www.joongang.co.kr/article/25429070
2026-05-18,"""오늘부터 15만~25만원 지급""…2차 고유가 지원금 신청 시작",0.0,0,0,https://www.jnilbo.com/news/articleView.html?idxno=90000035633
2026-05-18,"'First to Next' 내세운 카카오페이… ""다음 세대 결제 준비""",0.0,0,0,https://www.insnews.co.kr/news/articleView.html?idxno=90787
2026-05-18,"[성년의 날 ①] 첫 자산관리, 정책상품으로 '금융 기반' 다진다",0.0,0,0,https://www.insnews.co.kr/news/articleView.html?idxno=90777
2026-05-17,"李대통령, 트럼프와 통화…미중 정상회담 결과 논의",0.0,0,0,https://www.nocutnews.co.kr/news/6518477?utm_source=naver&utm_medium=article&utm_campaign=20260518120515
2026-05-17,"[파워인터뷰] 이경희 대교협 사무총장 ""'각자도생'은 공멸… '공유·협력...",0.0,0,0,https://news.unn.net/news/articleView.html?idxno=592513
2026-05-17,"[속보] 청와대 ""한미정상, 미중회담·한반도평화·팩트시트 관련 대화""",0.0,0,0,https://imnews.imbc.com/news/2026/politics/article/6823178_36911.html
2026-05-17,[코인 다단계 2.0] ③ 노드를 샀더니 투자자가 됐다,0.0,0,0,https://www.tokenpost.kr/news/insights/360575
2026-05-17,'최대 25만원' 내일부터 지급되는 고유가 피해지원금... 나는 얼마?,0.0,0,0,https://www.ggilbo.com/news/articleView.html?idxno=1158172
2026-05-17,"[속보]李대통령, 트럼프와 통화…미중 정상회담 결과 논의",0.0,0,0,https://www.nocutnews.co.kr/news/6518470?utm_source=naver&utm_medium=article&utm_campaign=20260517112315
2026-05-17,"'긴급조정권' 언급에…삼전 노조 ""사측 태도 변화, 굴하지 않겠다""",0.0,0,0,https://www.nocutnews.co.kr/news/6518469?utm_source=naver&utm_medium=article&utm_campaign=20260517102814
2026-05-17,"3파전 충북교육감 선거…세결집, 공약경쟁 본격화",0.0,0,0,https://www.nocutnews.co.kr/news/6518466?utm_source=naver&utm_medium=article&utm_campaign=20260517101314
2026-05-17,"다영, '배틀그라운드' 협업 속 시크한 콜라보 비주얼",0.0,0,0,https://www.topstarnews.net/news/articleView.html?idxno=16063190
2026-05-17,"이란 매체 ""美, 종전안 양보없어…협상 교착 초래할 것""",0.0,0,0,https://www.nocutnews.co.kr/news/6518463?utm_source=naver&utm_medium=article&utm_campaign=20260517100014
2026-05-17,"""N% 성과급"" 삼성 노조가 던진 화두...""영업이익은 누가 만들었나""",0.0,0,0,https://www.ytn.co.kr/_ln/0102_202605172159114492
2026-05-17,[교육돋보기] 강북구 시민노동법률학교,0.0,0,0,https://www.wflower.info/news/article.html?no=12152
2026-05-17,[코인 다단계 2.0] ② “AI가 돈 벌어준다?” 자동매매·시그널 판매망의...,0.0,0,0,https://www.tokenpost.kr/news/insights/360568
2026-05-17,"美, 정상회담 후 중국이 준 것 모두 버리고 떠났다",0.0,0,0,https://www.nocutnews.co.kr/news/6518462?utm_source=naver&utm_medium=article&utm_campaign=20260517094014
2026-05-17,"北 여자축구단, 수원 가림천 친 훈련장 이동 '미소 보이기도'",0.0,0,0,https://www.nocutnews.co.kr/news/6518461?utm_source=naver&utm_medium=article&utm_campaign=20260517092814
2026-05-17,"UAE 바라카 원전, 드론 공격에 화재…한국인 등 인명피해 없어",0.0,0,0,https://www.nocutnews.co.kr/news/6518460?utm_source=naver&utm_medium=article&utm_campaign=20260517091213
2026-05-17,[AI야! 나랑 놀자!] AI 못 타면 뒤쳐진다…앞으로 10년이 대구 산업 골든...,0.0,0,0,https://www.idaegu.co.kr/news/articleView.html?idxno=548296
2026-05-17,"'류현진, 韓美 통산 200승' 멈췄다…불펜 난조로 다음 기약",0.0,0,0,https://www.nocutnews.co.kr/news/6518459?utm_source=naver&utm_medium=article&utm_campaign=20260517085713
2026-05-17,"[코인 다단계 2.0] ① 이름은 AI, 구조는 피라미드",0.0,0,0,https://www.tokenpost.kr/news/insights/360564
2026-05-17,남구청장 경선 여론조사 거짓응답 유도 지지자 고발,0.0,0,0,http://web.ubc.co.kr/wp/archives/127576
2026-05-17,"강미나, 조회수 140억 '나 혼자만 레벨업' 드라마 합류",0.0,0,0,https://www.ggilbo.com/news/articleView.html?idxno=1157902
2026-05-17,부산 내성지하차도 또 지반침하…통제 10시간 만에 통행 재개,0.0,0,0,https://www.nocutnews.co.kr/news/6518457?utm_source=naver&utm_medium=article&utm_campaign=20260517084213
2026-05-17,5·18민주광장 가득 메운 전야제…일상으로 온 '오월 정신',0.0,0,0,https://www.nocutnews.co.kr/news/6518454?utm_source=naver&utm_medium=article&utm_campaign=20260517084113
2026-05-17,전남 나주 주택 화재…70대 여성 병원 이송,0.0,0,0,https://www.nocutnews.co.kr/news/6518456?utm_source=naver&utm_medium=article&utm_campaign=20260517084114
2026-05-17,"""해동이냐 토더기냐""…김해시장 여야 후보 '캐릭터 대리전'",0.0,0,0,https://www.gnnews.co.kr/news/articleView.html?idxno=637046
2026-05-17,"박찬욱 감독, 佛 최고 문화예술공로훈장 받아…4번째 한국인",0.0,0,0,https://www.nocutnews.co.kr/news/6518453?utm_source=naver&utm_medium=article&utm_campaign=20260517091313
2026-05-17,"초유의 '성과급 사태', 민주당은 선거만 하나",-0.322,0,1,http://www.4th.kr/news/articleView.html?idxno=2111876
2026-05-17,[부고]고무성(CBS경인본부 차장)씨 조모상,0.0,0,0,https://www.nocutnews.co.kr/news/6518452?utm_source=naver&utm_medium=article&utm_campaign=20260517082813
2026-05-17,"하나금융, 두나무에 1조 투자… 디지털자산 금융동맹 구축",0.0,0,0,http://www.biztribune.co.kr/news/articleView.html?idxno=353900
2026-05-17,‘정청래 테러’ 모의 정황에 鄭 “참담”…뉴이재명 “조작 느낌”,0.0,0,0,https://www.donga.com/news/Politics/article/all/20260517/133937817/1
2026-05-17,"'폭싹 속았수다' 통편집 재소환 전한길 ""아이유는 되고 나는…""",0.0,0,0,https://www.nocutnews.co.kr/news/6518450?utm_source=naver&utm_medium=article&utm_campaign=20260517081513
2026-05-17,"김경수도, 박완수도 '롯백 마산점' 활용 공약…'따라하기 논란도'",0.0,0,0,https://www.nocutnews.co.kr/news/6518436?utm_source=naver&utm_medium=article&utm_campaign=20260517080413
2026-05-17,"손 맞잡은 이원택·안호영, 지방선거 승리 다짐",0.0,0,0,https://www.nocutnews.co.kr/news/6518448?utm_source=naver&utm_medium=article&utm_campaign=20260517080414
2026-05-17,"김부겸·추경호 선대위 발족…""지역주의 타파"" vs ""보수 심장 사수""",0.0,0,0,https://www.nocutnews.co.kr/news/6518446?utm_source=naver&utm_medium=article&utm_campaign=20260517080414
2026-05-17,"기도로 세운 10년…김제세계선교회, 캄보디아 선교사 파송",0.0,0,0,https://www.nocutnews.co.kr/news/6518444?utm_source=naver&utm_medium=article&utm_campaign=20260517080314
2026-05-17,'나무호 피격' 후 첫 한-이란 외교장관 통화…이란 측에 입장 요구,0.0,0,0,https://www.nocutnews.co.kr/news/6518439?utm_source=naver&utm_medium=article&utm_campaign=20260517080313
2026-05-17,'물 안 나온다'…관리사무소 직원에 욕설 40대 2심 무죄,0.0,0,0,https://www.nocutnews.co.kr/news/6518441?utm_source=naver&utm_medium=article&utm_campaign=20260517080314
2026-05-17,"임문영 민주당 광주 광산을 국회의원 후보 ""광산을, 대한민국 AI를 보려...",0.0,0,0,https://www.ikbc.co.kr/article/view/kbc202605170011
2026-05-17,고유가 피해지원금 2차 지급 시작...18일부터 전 국민 70% 대상 신청 접...,0.0,0,0,https://www.m-economynews.com/news/article.html?no=67246
2026-05-17,18일부터 2차 고유가 지원금 신청 접수,0.0,0,0,https://www.segye.com/newsView/20260517508777?OutUrl=naver
2026-05-17,카카오‘AI 국민비서 서비스’에 음성기능 추가,0.0,0,0,http://www.kookje.co.kr/news2011/asp/newsbody.asp?code=0200&key=20260518.22014004437
2026-05-17,"카카오모빌리티, 택시 서비스 노하우로 ‘로봇 플랫폼’시대 연다",0.0,0,0,http://www.kookje.co.kr/news2011/asp/newsbody.asp?code=0200&key=20260518.22014004439
2026-05-17,"""이젠 AI로 수익화""…빅테크, 테스트베드 한국으로 몰린다[조윤주의 테...",0.0,0,0,http://www.fnnews.com/news/202605171903530899
2026-05-17,[기획] 대화 문 간신히 열었지만… 성과급 제도화 허들 여전히 높다,0.0,0,0,https://www.dt.co.kr/article/12062864?ref=naver
2026-05-17,"충북신보·카카오뱅크, 소상공인 경영안정 '75억원 특별보증'",0.0,0,0,https://www.ccdn.co.kr/news/articleView.html?idxno=1078659
2026-05-17,[르포] 바다위 KT 무선망의 마법… 울릉도 뱃길서 AI 코딩도 척척,0.0,0,0,http://www.fnnews.com/news/202605171838243441
2026-05-17,경영상 판단까지 노동쟁의 대상으로…삼성전자 교섭 '판도라의 상자' 여...,0.0,0,0,https://www.hankyung.com/article/2026051719471
2026-05-19,하나·한투·미래까지… 가상자산 거래소-금융권 손잡는 이유,0.0,0,0,https://it.chosun.com/news/articleView.html?idxno=2023092162313
2026-05-19,코레일 철도안전평가서 C등급…탈선·사상사고 영향,-0.261,0,1,https://www.nocutnews.co.kr/news/6518937?utm_source=naver&utm_medium=article&utm_campaign=20260519060030
2026-05-19,"""현역 vs 여당""…'프리미엄' 대결 벌어지는 대구 기초단체장 선거",0.0,0,0,https://www.nocutnews.co.kr/news/6519066?utm_source=naver&utm_medium=article&utm_campaign=20260519060033
2026-05-19,"[단독]""조력자 동석 요청했는데""…세종경찰, 장애인 수사 인권규칙도 어...",0.0,0,0,https://www.nocutnews.co.kr/news/6519158?utm_source=naver&utm_medium=article&utm_campaign=20260519060033
2026-05-19,4인 각축전 구미시장 선거…전·현직 시장 재대결,0.0,0,0,https://www.nocutnews.co.kr/news/6518979?utm_source=naver&utm_medium=article&utm_campaign=20260519060032
2026-05-19,"한화포레나 제주에듀시티, 5번째 국제학교 착공에 더욱 높아진 관심",0.0,0,0,https://www.nocutnews.co.kr/news/6519064?utm_source=naver&utm_medium=article&utm_campaign=20260519060031
2026-05-19,"경산시장 선거 대진표 확정…여당 후보, 전·현직 시장 격돌",0.0,0,0,https://www.nocutnews.co.kr/news/6518655?utm_source=naver&utm_medium=article&utm_campaign=20260519060032
2026-05-19,"[발로 뛰는 건설사 CEO] 한화 건설부문 김우석, '내실 경영' 선택과 집중",0.0,0,0,https://www.shinailbo.co.kr/news/articleView.html?idxno=5021989
2026-05-19,[출근길 브리핑-5월 19일] 삼성전자 사후조정 '운명의 날'·법원 '삼성노...,0.0,0,0,https://www.newsworks.co.kr/news/articleView.html?idxno=841134
2026-05-19,"쌩얼, 천장, 국밥도 ""그냥 올린다""…인스타 천하 흔드는 '셋로그' 뭐길래",0.0,0,0,https://www.mt.co.kr/tech/2026/05/19/2026051815493941093
2026-05-19,"네이버, 실적은 '편안' 주가는 '불안'...지금 필요한 건 '미래 가치'",0.0,0,0,https://news.mtn.co.kr/news-detail/2026051815023875648
2026-05-19,증시 '머니무브'에…은행권 예금 금리 줄인상,0.0,0,0,http://www.yonhapnewstv.co.kr/news/MYH20260519054556OuD
2026-05-19,‘15% 성과급’ 도미노…삼성 노조 요구가 재계 기준선 됐다,0.0,0,0,https://www.sedaily.com/article/20045604?ref=naver
2026-05-19,하루 8시간 일하는 로봇 만든다…한국 휴머노이드 자립 도전,0.0,0,0,https://www.sedaily.com/article/20045602?ref=naver
2026-05-19,"메타, LS전선과 4조 계약…AI 전력시장 폭발",0.0,0,0,https://www.sedaily.com/article/20045600?ref=naver
2026-05-19,"우버, 네이버와 ‘8대2’ 손잡고 배민 인수戰 참전",0.0,0,0,https://www.sedaily.com/article/20045598?ref=naver
2026-05-19,대미투자 프로젝트 구체화…동맹에 '삐진' 트럼프 달랠까,0.0,0,0,https://www.nocutnews.co.kr/news/6519058?utm_source=naver&utm_medium=article&utm_campaign=20260519050530
2026-05-19,"증시로 ‘머니무브’ 현실화… 은행, 예금금리 잇단 인상 [경제 레이더...",0.0,0,0,https://www.segye.com/newsView/20260518514942?OutUrl=naver
2026-05-19,‘영업이익 N% 성과급’ 논란 확산… “성장 공유 새 분배시스템 필요”,0.322,1,0,https://www.seoul.co.kr/news/economy/industry/2026/05/19/20260519003003?wlog_tag3=naver
2026-05-19,정부 중금리대출 확대 압박하는데…저축은행 “플랫폼 수수료 부담 과도...,0.0,0,0,https://www.g-enews.com/view.php?ud=202605151703013409e30fcb1ba8_1
2026-05-19,서울시장 뽑는데 토론은 한 번?…득실에 밀린 알 권리,0.0,0,0,https://www.nocutnews.co.kr/news/6519140?utm_source=naver&utm_medium=article&utm_campaign=20260519050031
2026-05-19,"""박은빈·차은우 바다 장면? 웃을 때까지…"" '원더풀스' 감독 웃음[왓더...",0.0,0,0,https://www.nocutnews.co.kr/news/6519172?utm_source=naver&utm_medium=article&utm_campaign=20260519050035
2026-05-19,대구에서 만난 김부겸·추경호…달라진 민심 감지[노컷브이],0.0,0,0,https://www.nocutnews.co.kr/news/6519144?utm_source=naver&utm_medium=article&utm_campaign=20260519050032
2026-05-19,부장판사 6명이 사건 3건… 중앙지법 내란재판부 비효율 도마,0.0,0,0,https://www.nocutnews.co.kr/news/6519171?utm_source=naver&utm_medium=article&utm_campaign=20260519050034
2026-05-19,"[르포]""우리는 빨간당"" 외친 뒤 술상엔 김부겸 얘기가 오갔다",0.0,0,0,https://www.nocutnews.co.kr/news/6519159?utm_source=naver&utm_medium=article&utm_campaign=20260519050032
2026-05-19,트럼프 떠나자마자 푸틴 중국 방문…오늘부터 1박2일 일정,0.0,0,0,https://www.nocutnews.co.kr/news/6519106?utm_source=naver&utm_medium=article&utm_campaign=20260519050031
2026-05-19,"법원마저 '파업 시 산업 타격' 우려…삼전 노사, 오늘은 손 잡나",0.0,0,0,https://www.nocutnews.co.kr/news/6519169?utm_source=naver&utm_medium=article&utm_campaign=20260519050033
2026-05-19,"[기고]한국과 일본, 담대하게 마음의 문 열고 나아가야 할 때",0.0,0,0,https://www.nocutnews.co.kr/news/6518826?utm_source=naver&utm_medium=article&utm_campaign=20260519050030
2026-05-19,[목멱칼럼]그들의 시위는 사회적 공감을 얻고 있는가,0.067,1,1,http://www.edaily.co.kr/news/newspath.asp?newsid=01613766645450560
2026-05-19,"개미들 삼전 앞으로…파업 앞두고 주가 오른 삼전, 왜?",0.0,0,0,https://www.nocutnews.co.kr/news/6519071?utm_source=naver&utm_medium=article&utm_campaign=20260519050031
2026-05-19,"""난 중국말도 못하는 북한 사람""…난민도 안 되는 '유령'들",0.0,0,0,https://www.nocutnews.co.kr/news/6519147?utm_source=naver&utm_medium=article&utm_campaign=20260519050033
2026-05-19,"트럼프 ""내일 예정됐던 이란에 대한 공격, 일단 유예 지시""",0.0,0,0,https://www.nocutnews.co.kr/news/6519175?utm_source=naver&utm_medium=article&utm_campaign=20260519043129
2026-05-19,"트럼프, '이란 역제안'에 ""어떤 것도 받아들일 생각 없어""",0.0,0,0,https://www.nocutnews.co.kr/news/6519174?utm_source=naver&utm_medium=article&utm_campaign=20260519041829
2026-05-19,"전력 있는 지방으로 분산?…인력도, 고객도 '확보' 어렵다",0.0,0,0,https://www.mt.co.kr/tech/2026/05/19/2026051807080041925
2026-05-19,"""트럼프 지지율 37% '최저치'…64% '이란전 잘못된 결정'""",0.0,0,0,https://www.nocutnews.co.kr/news/6519173?utm_source=naver&utm_medium=article&utm_campaign=20260519034429
2026-05-19,"국힘 엄승용 후보 측, 민주 이영우 후보 선관위 고발… ""유권자 착시 유...",0.0,0,0,http://www.dtnews24.com/news/articleView.html?idxno=811693
2026-05-19,"은행권 예금 금리 인상 경쟁, 청년미래적금 변수 겹쳐 뜨거운 수신 전쟁...",-0.408,0,1,https://www.tokenpost.kr/news/economy/360922
2026-05-19,"다영, 초콜릿 톤 애슬레저 자태…탄탄한 복근 눈길",0.0,0,0,https://www.topstarnews.net/news/articleView.html?idxno=16064415
2026-05-19,“이 음식 끊고 6kg 빠져” 英 유명 방송인 다이어트 비결은?,0.0,0,0,https://health.chosun.com/site/data/html_dir/2026/05/18/2026051802481.html
2026-05-19,"트럼프 ""과거 인텔 보호했으면, 대만도 TSMC도 없었을 것""",0.0,0,0,https://www.nocutnews.co.kr/news/6519170?utm_source=naver&utm_medium=article&utm_campaign=20260519125928
2026-05-19,"옥주현, 연락 두절 이유 있었다…""카톡·사진·전화번호부 전부 날아가...",0.0,0,0,https://www.mydaily.co.kr/page/view/2026051823462887071
2026-05-19,[신종수 칼럼] 마르크스도 반대할 N% 성과급,0.0,0,0,https://www.kmib.co.kr/article/view.asp?arcid=1779083143&code=11171414&cp=nv
2026-05-19,"증시로 ‘머니 무브’… 은행들, 단기예금 금리 줄인상",0.0,0,0,https://www.chosun.com/economy/economy_general/2026/05/19/SLNTZ4LSQZADFM2J54FHASPZ7M/?utm_source=naver&utm_medium=referral&utm_campaign=naver-news
2026-05-19,모빌리티 ‘경영권 리스크’ 보도에 공시 내용조차 부인하는 카카오,0.0,0,0,https://www.chosun.com/economy/tech_it/2026/05/19/PDHZC57YS5E6BBFRXWJENQOLDM/?utm_source=naver&utm_medium=referral&utm_campaign=naver-news
2026-05-19,"카카오 노사, 조정 기일 연장…'첫 파업' 숨고르기",0.0,0,0,https://www.newsway.co.kr/news/view?ud=2026051816063818595
2026-05-19,"영월군, 농촌특화 여행상품 운영 등 ‘농촌 크리에이투어 지원’ 정책 ...",0.0,0,0,https://www.kwnews.co.kr/page/view/2026051850037700000
2026-05-19,"""증시로 다 빠질라"" 시중은행 예금 금리 줄인상...얼마나 올랐나?",0.0,0,0,https://www.gukjenews.com/news/articleView.html?idxno=3585755
2026-05-19,"""말 바꾼 통합"" 찌르고, ""부채 1위"" 역공…충남지사 후보 토론회서 격돌",0.0,0,0,https://www.nocutnews.co.kr/news/6519168?utm_source=naver&utm_medium=article&utm_campaign=20260519120528
2026-05-19,"'중복상장'·투자자 압박에 막힌 카카오모빌리티, 美 상장 카드 '만지작...",0.0,0,0,https://news.tf.co.kr/read/economy/2323869.htm
2026-05-19,"대출만으론 성장 한계…토스뱅크, 투자 플랫폼 승부수",0.322,1,0,https://news.tf.co.kr/read/economy/2323622.htm
2026-05-18,"카카오 노사, 조정 기일 연장⋯본사 첫 파업 위기 일단 모면",0.0,0,0,https://www.viva100.com/article/20260518501166
2026-05-18,"""조폐공사, 더는 제조공기업 아니다...ICT기업으로 '자리매김'""",0.0,0,0,https://daily.hankooki.com/news/articleView.html?idxno=1368417
2026-05-18,"카카오 노사, 조정 연장…본사 파업 위기 일단 넘겨",0.0,0,0,https://www.donga.com/news/It/article/all/20260518/133948107/2
2026-05-18,"모다모다, '에코바디스' 실버 기념 기획전→토코보·라로슈포제 팝업",0.0,0,0,https://www.slist.kr/news/articleView.html?idxno=739849
2026-05-18,"[자정 뉴스브리핑] 골드만삭스, XRP와 솔라나 관련 ETF 정리…비트코인...",0.0,0,0,https://www.tokenpost.kr/news/briefing/360883
2026-05-18,"""여수세계섬박람회 입장권 어디서 사나요""…조직위, 온라인·농협 판매...",0.0,0,0,https://www.getnews.co.kr/news/articleView.html?idxno=870429
2026-05-18,"""카카오 노사 조정 연장…창사 첫 파업 갈림길""",0.0,0,0,http://www.yonhapnewstv.co.kr/news/AKR20260518232036epv
2026-05-18,"'작심 폭로' MC몽 ""연예인 포함된 거액 도박단, 오히려 날 도박꾼으로 몰...",0.0,0,0,https://ilyo.co.kr/?ac=article_view&entry_id=510930
2026-05-18,농업을 새로운 기회로…밀양시 '2050 미래농업 프로젝트' 추진,0.0,0,0,https://www.nocutnews.co.kr/news/6519164?utm_source=naver&utm_medium=article&utm_campaign=20260518111227
2026-05-18,"카카오, 지노위 조정기일 연장…본사 파업 위기 일단 넘겼다(종합)",0.0,0,0,https://view.asiae.co.kr/article/2026051823124399132
2026-05-18,"창원시 공영자전거 누비자, 브레이크 위치 교체 완료",0.0,0,0,https://www.nocutnews.co.kr/news/6519163?utm_source=naver&utm_medium=article&utm_campaign=20260518111127
2026-05-18,"'꿀잼도시 창원' 송순호, 문화관광 프로젝트 공약",0.0,0,0,https://www.nocutnews.co.kr/news/6519162?utm_source=naver&utm_medium=article&utm_campaign=20260518111027
2026-05-18,"강기윤 후보 사전선거 의혹 난타전…""허위사실 유포"" vs ""선관위도 불복...",0.0,0,0,https://www.nocutnews.co.kr/news/6519165?utm_source=naver&utm_medium=article&utm_campaign=20260518110927
2026-05-18,CJ그룹 女직원 330여명 개인정보 유출… 내부 유출 가능성 조사,0.0,0,0,https://it.chosun.com/news/articleView.html?idxno=2023092162365
2026-05-18,카카오 노사 조정 연장…본사 첫 파업 불씨 여전,0.0,0,0,https://www.mk.co.kr/article/12051523
2026-05-18,카카오 노사 조정 연장... 파업 불씨는 남았다,0.0,0,0,https://www.hankookilbo.com/news/article/A2026051822490005500?did=NA
2026-05-18,"카카오, 노사 조정 연장…본사 파업 면했다",0.0,0,0,http://www.fnnews.com/news/202605182229101400
2026-05-18,"맹승지, 제주 바다 배경 수영장 휴가…여유 가득 근황",0.0,0,0,https://www.topstarnews.net/news/articleView.html?idxno=16064292
2026-05-18,읽씹은 좀 그렇고 말은 귀찮고... 카톡 리액션 114종으로 확대,0.0,0,0,https://www.ggilbo.com/news/articleView.html?idxno=1158352
2026-05-18,"한은 ""삼성 총파업시 경제성장률 최대 0.5%p↓"" 靑에 보고",0.322,1,0,https://www.nocutnews.co.kr/news/6519160?utm_source=naver&utm_medium=article&utm_campaign=20260518104827
2026-05-18,"카카오 노사, 노동위 조정 연장…본사 파업 위기 일단 넘겨",0.0,0,0,https://www.newsis.com/view/NISX20260518_0003634791
2026-05-18,"李대통령 ""5·18 '탱크데이' 이벤트, 상응하는 책임 주어져야""",0.0,0,0,https://www.nocutnews.co.kr/news/6519161?utm_source=naver&utm_medium=article&utm_campaign=20260518104026
2026-05-18,카카오 파업 불씨는 아직…계열사 협상 결렬 속 본사만 ‘숨통’,0.0,0,0,https://www.kukinews.com/article/view/kuk202605180232
2026-05-18,"MC몽 ""차가원과 불륜설은 조작…성매매 의혹 사진도 사실 아냐"" 재차 부...",0.0,0,0,https://www.news1.kr/entertain/celebrity-topic/6170669
2026-05-18,폐기 요구 쏟아진 '21세기 대군부인'…사과에도 여론 '싸늘',0.0,0,0,https://www.mt.co.kr/culture/2026/05/18/2026051821450057401
2026-05-18,침묵하지 않았던 젊은 목회자…고 김영수 목사 추모기도회,0.0,0,0,https://www.nocutnews.co.kr/news/6519132?utm_source=naver&utm_medium=article&utm_campaign=20260518103026
2026-05-18,"기하성, 오순절 100주년 대회 준비…""교회 담장 넘어 이웃사랑 실천 이...",0.0,0,0,https://www.nocutnews.co.kr/news/6519101?utm_source=naver&utm_medium=article&utm_campaign=20260518103027
2026-05-18,"카카오 노사, 조정 연장…사상 첫 본사 파업 위기 모면",0.0,0,0,https://www.sedaily.com/article/20045581?ref=naver
2026-05-18,카카오 본사 파업 위기 모면…계열사 4곳은 쟁의권 확보(종합2보),0.0,0,0,https://www.news1.kr/it-science/internet-platform/6170667
2026-05-18,"김경수·박완수 첫 토론회서 '난타전'…""정부와 엇박자"" vs ""정부 정책 실...",0.0,0,0,https://www.nocutnews.co.kr/news/6519153?utm_source=naver&utm_medium=article&utm_campaign=20260518102526
2026-05-18,"종합특검, '내란 선전' 이은우 전 KTV 원장 구속영장 청구",0.0,0,0,https://www.nocutnews.co.kr/news/6519156?utm_source=naver&utm_medium=article&utm_campaign=20260518102426
2026-05-18,"""이란, 새 종전안 미국에 전달…美, 원유수출 제재 해제 동의""",-0.462,0,1,https://www.nocutnews.co.kr/news/6519154?utm_source=naver&utm_medium=article&utm_campaign=20260518101926
2026-05-18,CJ 여성 직원 300여명 ‘사진·이름·연락처’ 텔레그램 무차별 유포,0.0,0,0,https://www.hani.co.kr/arti/economy/economy_general/1259294.html
2026-05-18,[속보] 카카오 지노위 조정 연장…사상 최초 본사 파업 위기 일단은 넘...,0.0,0,0,https://www.mk.co.kr/article/12051484
2026-05-18,"카카오, 지노위 조정서 조정기일 연장…합의 가능할까(종합)",0.0,0,0,https://www.yna.co.kr/view/AKR20260518153151017?input=1195m
2026-05-18,"[속보] 카카오 노사, 임금협상 조정기일 연장…“원만한 합의 위해 지속...",0.0,0,0,https://www.kukinews.com/article/view/kuk202605180231
2026-05-18,"[속보] 카카오 노사, 조정 연장…사상 첫 본사 파업 위기 모면",0.0,0,0,https://www.hankyung.com/article/2026051847197
2026-05-18,"하헌기 ""TK통합 앞에선 찬성·뒤에선 반대? 누군지 짐작""[이정주의 질문...",0.0,0,0,https://www.nocutnews.co.kr/news/6519151?utm_source=naver&utm_medium=article&utm_campaign=20260518101426
2026-05-18,"'공정거래·금융 전문' 윤병준 전 차장검사, 인피니티 합류",0.0,0,0,https://www.nocutnews.co.kr/news/6519146?utm_source=naver&utm_medium=article&utm_campaign=20260518101126
2026-05-18,"레노마골프, 공격적 마케팅으로 리뉴얼 효과 '업'",0.0,0,0,http://www.apparelnews.co.kr/news/news_view/?idx=225300
2026-05-18,"MC몽, 1시간 넘게 한풀이 해명...""내가 도박꾼? 바둑이 멤버는 따로 있어...",0.0,0,0,https://ent.sbs.co.kr/news/article.do?article_id=E10010316756&plink=ORI&cooper=NAVER
2026-05-18,"CJ그룹, '여성 임직원' 사진 등 정보… 텔레그램 유출",0.0,0,0,https://view.asiae.co.kr/article/2026051821494641183
2026-05-18,"李대통령도 ""5·18 모독 막장 장사"" 질타한 스벅 대표 결국 '해임'",0.0,0,0,https://www.nocutnews.co.kr/news/6519149?utm_source=naver&utm_medium=article&utm_campaign=20260518105727
2026-05-18,"""통항하려면 팔로우""…이란, '호르무즈 관리용' 엑스 계정 개설",0.0,0,0,https://www.nocutnews.co.kr/news/6519148?utm_source=naver&utm_medium=article&utm_campaign=20260518094426
2026-05-18,은행권 예금 금리 줄인상…'머니무브'에 고객 붙잡기 경쟁,0.0,0,0,http://mbnmoney.mbn.co.kr/news/view?news_no=MM1005838303
2026-05-18,고유가 피해지원금 2차 신청 시작…'카드·핀테크 편의성 경쟁' 치열,0.0,0,0,http://www.bizwnews.com/news/articleView.html?idxno=136807
2026-05-18,"카카오 계열사 2곳, 지노위 조정 결렬",0.0,0,0,https://www.ebn.co.kr/news/articleView.html?idxno=1709258
2026-05-18,[데일리안 오늘뉴스 종합] 삼성전자 노사 2차 조정 첫날 빈손 종료…중...,0.0,0,0,https://www.dailian.co.kr/news/view/1645773/?sc=Naver
2026-05-18,증시 호황에 예금금리 올리는 은행들…'청년미래적금' 출시 앞두고 수신...,0.0,0,0,https://www.econovill.com/news/articleView.html?idxno=740337
2026-05-20,[금융현미경]카드망 중심 질서 흔들…AI·스테이블코인이 바꾸는 결제 ...,0.0,0,0,https://view.asiae.co.kr/article/2026051910333794555
2026-05-20,"[소비자민원평가대상-인터넷전문은행] 토스뱅크, AI로 금융사고 차단하...",0.0,0,0,http://www.consumernews.co.kr/news/articleView.html?idxno=755936
2026-05-20,"SK하이닉스, 대기업 경영평가 2년연속 1위…카카오 톱10 진입",0.0,0,0,https://www.yna.co.kr/view/AKR20260519152200003?input=1195m
2026-05-20,M&A 시장 역대 최대 경신…PE가 풀어야 할 4대 과제 [베인의 위닝 전략],0.0,0,0,https://magazine.hankyung.com/business/article/202605118315b
2026-05-20,지방기업에 쌓인 편견 딛고… “1000만명 ‘사인’ 이끌어냈죠” [내 일...,0.0,0,0,https://www.segye.com/newsView/20260519515064?OutUrl=naver
2026-05-20,"카카오모빌·HD현대, 물류 자동화 ‘맞손’",0.0,0,0,https://www.segye.com/newsView/20260519515080?OutUrl=naver
2026-05-20,SK하이닉스 이어 카카오모빌리티도 ‘ADR 발행’?…K기업 ‘미국행’의...,0.0,0,0,https://www.kukinews.com/article/view/kuk202605190104
2026-05-20,"업비트·코인원·코빗까지…금융사, 가상자산 거래소에 눈독",0.0,0,0,https://www.kukinews.com/article/view/kuk202605190138
2026-05-20,금리 상승에 올해 1분기 국내은행 당기순이익 감소,0.261,1,0,https://www.nocutnews.co.kr/news/6519721?utm_source=naver&utm_medium=article&utm_campaign=20260520060044
2026-05-20,'장애인 학대 의혹' 부실 수사 세종경찰…감찰 가능성도,0.0,0,0,https://www.nocutnews.co.kr/news/6519742?utm_source=naver&utm_medium=article&utm_campaign=20260520060044
2026-05-20,"[네카오는 지금] ""선투자 vs 효율화""…AI 투자법, 엇갈렸다",0.0,0,0,https://www.ddaily.co.kr/page/view/2026051918020047985
2026-05-20,고속·시외·공항버스 노선 23개 신설 인가,0.0,0,0,https://www.nocutnews.co.kr/news/6519582?utm_source=naver&utm_medium=article&utm_campaign=20260520060043
2026-05-20,경북 문경시장 3자 대결…무소속 현역 시장 출마 보수 분열,0.0,0,0,https://www.nocutnews.co.kr/news/6519594?utm_source=naver&utm_medium=article&utm_campaign=20260520060043
2026-05-20,'8년 만 리턴매치' 안동시장 선거…'李 고향 공략' vs '보수 텃밭 수성',0.0,0,0,https://www.nocutnews.co.kr/news/6519265?utm_source=naver&utm_medium=article&utm_campaign=20260520060042
2026-05-20,"[허정수칼럼] 신한과 키움, 두 증권사의 생존법",0.322,1,0,https://www.bloter.net/news/articleView.html?idxno=662865
2026-05-20,더운 날씨 편안한 보행…젤리슈즈·샌들·플릿플랍 등 '여름 슈즈' 관심...,0.0,0,0,https://www.ebn.co.kr/news/articleView.html?idxno=1709351
2026-05-20,"카카오 그룹, 구조조정 불가피해졌다",-0.462,0,1,https://it.chosun.com/news/articleView.html?idxno=2023092162435
2026-05-20,"""캐시카우 사라졌다"" 카겜·데브·컴홀, 체질 개선 시급",0.0,0,0,https://it.chosun.com/news/articleView.html?idxno=2023092162348
2026-05-20,"머니무브에 던진 0.1%p 칩?…금융소비자 ""예금엔 인색, 대출엔 가혹""",0.0,0,0,https://www.ziksir.com/news/articleView.html?idxno=134335
2026-05-20,이스라엘 국가 숭배 신앙에 대한 경고…'기독교 시온주의',0.0,0,0,https://www.nocutnews.co.kr/news/6519823?utm_source=naver&utm_medium=article&utm_campaign=20260520055542
2026-05-20,"[샷!] ""생일에는 핸드폰을 끕니다""",0.0,0,0,https://www.yna.co.kr/view/AKR20260519090500011?input=1195m
2026-05-20,카카오 노사 협상 연장…일부 계열사 조정 결렬,0.0,0,0,https://www.yna.co.kr/view/AKR20260519145400017?input=1195m
2026-05-20,"경기남부청, '상품권 사채 사망 의혹' 수사 착수",0.0,0,0,http://www.yonhapnewstv.co.kr/news/MYH20260520053051hLT
2026-05-20,"카카오 노사, 27일 다시 '성과급 줄다리기'…노조는 오늘 결의대회",0.0,0,0,https://www.news1.kr/it-science/general-it/6171703
2026-05-20,'국힙' 역사에서 반드시 언급되어야 할 지누션 '더 레진',0.0,0,0,https://www.nocutnews.co.kr/news/6519827?utm_source=naver&utm_medium=article&utm_campaign=20260520060343
2026-05-20,공식 같은 사운드·오너 경영 한계·과작…30주년 YG의 과제[파고들기],0.0,0,0,https://www.nocutnews.co.kr/news/6519826?utm_source=naver&utm_medium=article&utm_campaign=20260520060342
2026-05-20,"[이코노 브리핑] 삼성證, 금융사 첫 유튜브 구독자 300만 외",0.0,0,0,https://www.segye.com/newsView/20260519515099?OutUrl=naver
2026-05-20,"오세훈 ""받들어총이 문제? 현충일 묵념은 왜 하나""",0.0,0,0,https://www.nocutnews.co.kr/news/6519804?utm_source=naver&utm_medium=article&utm_campaign=20260520050046
2026-05-20,현직 컷오프로 재편된 부산 남구청장 선거…박재범·김광명 격돌,0.0,0,0,https://www.nocutnews.co.kr/news/6519816?utm_source=naver&utm_medium=article&utm_campaign=20260520050044
2026-05-20,'가짜 위안부' 반복 게시에 고교 앞 아동학대까지…김병헌 공소장 보니,0.0,0,0,https://www.nocutnews.co.kr/news/6519817?utm_source=naver&utm_medium=article&utm_campaign=20260520050047
2026-05-20,"투표가 바꾼 풍경… 철쭉동산, 초안산 그리고 달라진 일상",0.0,0,0,https://www.nocutnews.co.kr/news/6519813?utm_source=naver&utm_medium=article&utm_campaign=20260520050043
2026-05-20,김경수 44.8% 박완수 43.5%…경남 초접전[CBS-KSOI],0.0,0,0,https://www.nocutnews.co.kr/news/6519805?utm_source=naver&utm_medium=article&utm_campaign=20260520050045
2026-05-20,[단독]법무부 '유령 탈북인' 연구용역도 맡겼지만…여전히 방치,0.0,0,0,https://www.nocutnews.co.kr/news/6519802?utm_source=naver&utm_medium=article&utm_campaign=20260520050046
2026-05-20,윤석열 개사과와 닮은 장동혁의 '5·18 배지'[기자수첩],0.0,0,0,https://www.nocutnews.co.kr/news/6519812?utm_source=naver&utm_medium=article&utm_campaign=20260520050045
2026-05-20,"[칼럼]뉴턴도 못피한 '포모', 대한민국에 '빚투'로 덮친다",0.0,0,0,https://www.nocutnews.co.kr/news/6519697?utm_source=naver&utm_medium=article&utm_campaign=20260520050042
2026-05-20,"삼전 노사, 파업 하루 앞둔 오늘 최종 담판…쟁점은 ""하나""",0.0,0,0,https://www.nocutnews.co.kr/news/6519824?utm_source=naver&utm_medium=article&utm_campaign=20260520050047
2026-05-20,흑인 음악 흡수·아티스트형 아이돌 제작…K팝 외연 넓힌 YG 30년[파고들...,0.0,0,0,https://www.nocutnews.co.kr/news/6519825?utm_source=naver&utm_medium=article&utm_campaign=20260520060342
2026-05-20,"투표, 미래를 위한 투자[新 광수생각]",0.0,0,0,http://www.edaily.co.kr/news/newspath.asp?newsid=01656406645450888
2026-05-20,롤러코스피에 가속 페달?…삼전·닉스 레버리지 ETF 경고음,0.0,0,0,https://www.nocutnews.co.kr/news/6519711?utm_source=naver&utm_medium=article&utm_campaign=20260520050043
2026-05-20,"수익률 1200% '서프라이즈' 재연배우 ""송도 본사 가서 큰절""…무슨 종목...",0.0,0,0,https://www.news1.kr/entertain/celebrity-topic/6171553
2026-05-20,"‘성과급 파업’ 뒤엔 노봉법…노조, 100조 손해 나도 책임 안져",0.0,0,0,https://www.joongang.co.kr/article/25429788
2026-05-20,"""트럼프 공격 보류했지만…美·이란 간 입장차에 변화 없어""",0.0,0,0,https://www.nocutnews.co.kr/news/6519828?utm_source=naver&utm_medium=article&utm_campaign=20260520045941
2026-05-20,“리스크 책임 없이 과실만 챙기는 노조… 상법상 주주 자본주의 시스템...,0.0,0,0,https://www.donga.com/news/Economy/article/all/20260520/133955880/2
2026-05-20,"'파업 D-1' 삼성전자 노사, 오전 10시 성과급 최후담판 나선다",0.0,0,0,https://magazine.hankyung.com/business/article/202605207474b
2026-05-20,삼성發 '영업이익 성과급' 후폭풍…재계 덮친 하투 공포,0.0,0,0,https://www.mt.co.kr/industry/2026/05/20/2026051911571729678
2026-05-20,"구글, 새 AI모델 제미나이3.5 공개…능동형 에이전트 개막",0.0,0,0,https://biz.sbs.co.kr/article_hub/20000311441?division=NAVER
2026-05-20,"카카오, 구글 ‘AI 워터마크’ 동맹 합류[구글 I/O]",0.0,0,0,https://www.mk.co.kr/article/12052700
2026-05-20,"구글, I/O서 ‘제미나이 3.5’ 공개…“속도 4배·가격 절반”",0.0,0,0,https://www.donga.com/news/Inter/article/all/20260520/133956044/1
2026-05-20,비디오·일정관리·업무 한번에…'슈퍼앱' 진화한 구글 제미나이[구글 ...,0.0,0,0,https://www.hankyung.com/article/202605207447i
2026-05-20,"구글, 4배 빠른 AI모델 제미나이3.5 공개…능동형 에이전트 개막",0.0,0,0,https://www.yna.co.kr/view/AKR20260520002600091?input=1195m
2026-05-20,"결론 못낸 삼성전자 노사, 20일 최종 담판...정부 ""더는 못 기다린다""(종...",0.0,0,0,http://www.fnnews.com/news/202605200152579383
2026-05-20,"고유가 피해지원금 2차 사용처 조회, 변경 방법은?",0.0,0,0,https://www.wikitree.co.kr/articles/1137371
2026-05-20,“50만원이 한 달 만에 1500만원으로”…30대 죽음 부른 사채업자 출국...,0.0,0,0,https://www.sedaily.com/article/20046053?ref=naver
2026-05-20,"美중부사령관 ""폭격당한 이란 학교, 군사 기지내에 있었다""",0.0,0,0,https://www.nocutnews.co.kr/news/6519821?utm_source=naver&utm_medium=article&utm_campaign=20260520015440
2026-05-20,"삼전 노사 협상 연장, 오전 10시 재개…중노위 ""의견 합치 많이 돼""(종합...",0.0,0,0,https://www.nocutnews.co.kr/news/6519820?utm_source=naver&utm_medium=article&utm_campaign=20260520013740
2026-05-20,"삼성전자 노사, 협상 정회…오늘 오전 10시부터 재개키로",0.0,0,0,https://www.nocutnews.co.kr/news/6519819?utm_source=naver&utm_medium=article&utm_campaign=20260520011439
2026-05-20,"카카오뱅크 앱서 가상자산 투자…코인원, 10종 코인 대상 '모으기' 개시",0.0,0,0,https://www.cstimes.com/news/articleView.html?idxno=706465
2026-05-20,"트럼프 ""이란에 며칠 정도 시간 주는 것…다시 공격할 수도""",0.0,0,0,https://www.nocutnews.co.kr/news/6519818?utm_source=naver&utm_medium=article&utm_campaign=20260520011039
2026-05-20,"[속보]삼성전자 노사, 협상 정회…오늘 오전 10시 재개키로",0.0,0,0,https://www.nocutnews.co.kr/news/6519808?utm_source=naver&utm_medium=article&utm_campaign=20260520125239
2026-05-20,"카뱅, 압류상황에도 최소 생계비 보호 통장 출시",0.0,0,0,https://www.donga.com/news/Economy/article/all/20260519/133953401/2
2026-05-20,"[사설] 성과급 갈등, 노란봉투법 타고 협력 업체 확산되면 더 큰 일",0.0,0,0,https://www.chosun.com/opinion/editorial/2026/05/20/4IKCUO567NEJ5OA3EXR2RZHFI4/?utm_source=naver&utm_medium=referral&utm_campaign=naver-news
2026-05-20,"""온라인 가짜뉴스 바로잡고 오월 진실 지킨다""",0.0,0,0,http://www.gjdream.com/news/articleView.html?idxno=669512
2026-05-20,"[Biz & Now] HD현대사이트솔루션, 물류 자동화 MOU",0.0,0,0,https://www.joongang.co.kr/article/25429734
2026-05-20,꺼지지 않은 파업 '불씨'…카카오 노사 갈등 표면 위로,0.0,0,0,https://news.tf.co.kr/read/economy/2324258.htm
2026-05-20,[머니 픽] 1500만 반려인 시대...커지는 펫보험 시장,0.0,0,0,https://www.wolyo.co.kr/news/articleView.html?idxno=312394
2026-05-20,"이수지 '극한직업' 영상에 터진 공감…유치원 교사 ""악성 민원, 이제는...",0.0,0,0,https://www.jnilbo.com/news/articleView.html?idxno=90000036087
2026-05-19,"[정우상 칼럼] ‘개미’가 된 ‘개딸’, 李 대통령은 감당할 수 있겠나",0.0,0,0,https://www.chosun.com/opinion/column/2026/05/19/4C2SGBWCCVFOZG723TEMPX7PZQ/?utm_source=naver&utm_medium=referral&utm_campaign=naver-news
2026-05-19,"특검, 尹 26일 불응하면 29일 재소환…尹측 ""망신주기"" 반발",0.0,0,0,https://www.nocutnews.co.kr/news/6519814?utm_source=naver&utm_medium=article&utm_campaign=20260519114439
2026-05-19,"""숫자에만 취해"" vs ""정책 베끼기""…전재수·박형준 3차 토론 '날 선 공...",0.0,0,0,https://www.nocutnews.co.kr/news/6519810?utm_source=naver&utm_medium=article&utm_campaign=20260519111339
2026-05-19,"금융권, 원화 스테이블코인 실험 완료...해외 송금 수수료 87% 절감",0.0,0,0,https://www.dongponews.net/news/articleView.html?idxno=58128
2026-05-19,"카카오모빌리티, HD현대사이트솔루션과 맞손… ""무인 물류·피지컬 AI 협...",0.0,0,0,http://digitalchosun.dizzo.com/site/data/html_dir/2026/05/19/2026051980188.html
2026-05-19,"대구FC, 카톡 이모티콘 5탄 출시",0.0,0,0,https://www.idaegu.co.kr/news/articleView.html?idxno=548665
2026-05-19,"부킹닷컴 “한국, 아시아 여행지 3위… 2028년 인바운드 3000만 목표에 기...",0.0,0,0,http://digitalchosun.dizzo.com/site/data/html_dir/2026/05/19/2026051980194.html
2026-05-19,"단조로워서 더 풍성한 예배, 국내 최초 시편교창송 봉헌…""순수한 찬양...",0.0,0,0,https://www.nocutnews.co.kr/news/6519719?utm_source=naver&utm_medium=article&utm_campaign=20260519100038
2026-05-19,"함께 살던 조부 살해한 20대 손녀…경찰, 구속영장 신청",0.0,0,0,https://www.nocutnews.co.kr/news/6519803?utm_source=naver&utm_medium=article&utm_campaign=20260519095238
2026-05-19,"[기획] 케이뱅크, 몸집 키웠지만…업비트 넘어설 '넥스트 비전' 시험대",0.0,0,0,https://www.startuptoday.co.kr/news/articleView.html?idxno=801412
2026-05-19,‘상품권 사채’ 30대 여성 죽음 부른 불법사금융…업자 출국금지,0.0,0,0,https://www.dt.co.kr/article/12063368?ref=naver
2026-05-19,"""삼성전자 노사 오후 10시까지 합의해라"" 정부 압박 고조",0.0,0,0,http://www.fnnews.com/news/202605192124451126
2026-05-19,"대덕노인종합복지관, 어르신 스마트폰 교육 통해 디지털 격차 해소",0.0,0,0,https://www.idaegu.co.kr/news/articleView.html?idxno=548614
2026-05-19,‘#스벅불매’ 행동 나선 시민들…여당선 “정용진이 책임져야”,0.0,0,0,https://www.khan.co.kr/article/202605192117025
2026-05-19,43세 GK 고든의 첫 월드컵…스코틀랜드 최종 명단 포함,0.0,0,0,https://www.nocutnews.co.kr/news/6519801?utm_source=naver&utm_medium=article&utm_campaign=20260519091337
2026-05-19,"러 ""우크라, 라트비아서 공격 준비""…우크라·라트비아 즉시 반박",0.0,0,0,https://www.nocutnews.co.kr/news/6519800?utm_source=naver&utm_medium=article&utm_campaign=20260519091237
2026-05-19,[뉴스더] 삼성 총파업 D-2…막판 협상 변수는?,0.0,0,0,https://news.tvchosun.com/site/data/html_dir/2026/05/19/2026051990338.html
2026-05-19,[산업 HOT 뉴스] 쿠팡플레이·HD현대사이트솔루션&카카오모빌리티·레고...,0.0,0,0,http://www.bizwnews.com/news/articleView.html?idxno=136946
2026-05-19,"“50만원 빚이 한 달 만에 1500만원”…경찰, 불법사금융업자 출국금지",0.0,0,0,https://www.sedaily.com/article/20046031?ref=naver
2026-05-19,"동국대 WISE, 경주·포항 수험생 위한 입시 컨설팅 '호응'",0.0,0,0,https://www.nocutnews.co.kr/news/6519798?utm_source=naver&utm_medium=article&utm_campaign=20260519084037
2026-05-19,"""사랑을 전해요""…월성본부, 가정의 달 맞아 취약계층 지원",0.0,0,0,https://www.nocutnews.co.kr/news/6519799?utm_source=naver&utm_medium=article&utm_campaign=20260519084038
2026-05-19,"경찰, '상품권 거래 가장' 불법사금융업자 출국금지",0.0,0,0,http://www.fnnews.com/news/202605192031318483
2026-05-19,"'상품권 사채' 썼다 사망…경찰, 불법사금융업자 출국금지",0.0,0,0,https://www.dailian.co.kr/news/view/1646281/?sc=Naver
2026-05-19,"장동혁, 경남서 김경수 저격 ""대통령도, 도지사 후보도 전과 4범""",0.0,0,0,https://www.nocutnews.co.kr/news/6519797?utm_source=naver&utm_medium=article&utm_campaign=20260519083437
2026-05-19,"'상품권 사채' 30대 죽음 불렀나…경찰, 사채업자 출국금지",0.0,0,0,https://www.nocutnews.co.kr/news/6519796?utm_source=naver&utm_medium=article&utm_campaign=20260519083438
2026-05-19,"김명식 ""혁신성장"" VS 이양섭 ""행정통합""…치열한 정책 대결",0.322,1,0,https://www.nocutnews.co.kr/news/6519795?utm_source=naver&utm_medium=article&utm_campaign=20260519083237
2026-05-19,"'대군부인' 유지원 작가, 늦은 사과 ""역사 맥락 세심히 살피지 못한 제...",0.0,0,0,http://www.joynews24.com/view/1969902
2026-05-19,착한주유소에 인센티브 확대…김정관 장관 현장간담회,0.0,0,0,https://www.energy-news.co.kr/news/articleView.html?idxno=225485
2026-05-19,"'21세기 대군부인' 역사왜곡 논란…방미통위, 지원금 회수 검토?",0.0,0,0,https://www.topstarnews.net/news/articleView.html?idxno=16065365
2026-05-19,"한일 원유·LNG 비상 스와프 추진…""상호공급으로 위기 공동 대응""",0.0,0,0,https://www.nocutnews.co.kr/news/6519792?utm_source=naver&utm_medium=article&utm_campaign=20260519081637
2026-05-19,'성과급 제도화' 두고 논란…산업계 파장 불가피,0.0,0,0,https://news.sbs.co.kr/news/endPage.do?news_id=N1008569749&plink=ORI&cooper=NAVER
2026-05-19,‘21세기 대군부인’ 작가 공식 사과…“즉위식 장면 제 불찰” [전문],0.0,0,0,https://www.sportsseoul.com/news/read/1610211?ref=naver
2026-05-19,"러시아 외무부 ""올해 북한 최선희 외무상 방문 이뤄지길 기대""",0.0,0,0,https://www.nocutnews.co.kr/news/6519790?utm_source=naver&utm_medium=article&utm_campaign=20260519080437
2026-05-19,"50만원이 1500만원으로…경찰, 상품권 사채업자 출국금지(종합)",0.0,0,0,https://www.newsis.com/view/NISX20260519_0003636519
2026-05-21,"[소비자민원평가대상-애슬레저룩] 젝시믹스, 본사 직영 '고객만족그룹'...",0.0,0,0,http://www.consumernews.co.kr/news/articleView.html?idxno=756036
2026-05-21,"SK하이닉스, 경영평가 2년 연속 1위",0.322,1,0,https://www.segye.com/newsView/20260520516435?OutUrl=naver
2026-05-21,[축제의 그늘]④ 자본시장의 역사가 보내는 경고… 잔치는 가장 화려할...,0.537,2,0,https://biz.chosun.com/stock/stock_general/2026/05/21/JIYZRGIUMNF7NNICHIYRDKHNJE/?utm_source=naver&utm_medium=original&utm_campaign=biz
2026-05-21,LG이노텍·카카오모빌리티 ‘자율주행 협업’,0.0,0,0,https://www.segye.com/newsView/20260520516436?OutUrl=naver
2026-05-21,몸값 최대 5조…업스테이지 IPO에 KT·카카오 '기대',0.0,0,0,https://www.ebn.co.kr/news/articleView.html?idxno=1709512
2026-05-21,3파전 영천시장 선거…경북 첫 무소속 3선 단체장 나올까,0.0,0,0,https://www.nocutnews.co.kr/news/6520329?utm_source=naver&utm_medium=article&utm_campaign=20260521060056
2026-05-21,'여 vs 야 vs 무' 3자 대결 경북 김천시장 선거…세 후보 모두 국힘 출신,0.0,0,0,https://www.nocutnews.co.kr/news/6520330?utm_source=naver&utm_medium=article&utm_campaign=20260521060055
2026-05-21,생산자물가 8개월째 상승…석탄·석유류 31.9%↑,0.261,1,0,https://www.nocutnews.co.kr/news/6520424?utm_source=naver&utm_medium=article&utm_campaign=20260521060057
2026-05-21,삼성 고개 넘었더니 카카오 늪…파업 가시권 속 27일 분수령,0.0,0,0,https://www.news1.kr/it-science/general-it/6173121
2026-05-21,카카오 진짜 파업하나...27일 분수령[1일IT템],0.0,0,0,http://www.fnnews.com/news/202605201720467371
2026-05-21,'반복 또 반복' 철도 장애…AI·빅데이터로 사전예방한다,0.0,0,0,https://www.nocutnews.co.kr/news/6520213?utm_source=naver&utm_medium=article&utm_campaign=20260521060055
2026-05-21,[단독]'씻을 때 때렸다' 표현에도…경찰은 왜 '증거없음' 종결했나,0.0,0,0,https://www.nocutnews.co.kr/news/6520511?utm_source=naver&utm_medium=article&utm_campaign=20260521060058
2026-05-21,"[UEM 중심 워크스페이스 전략 1편] MDM은 끝났다, UEM의 시대 - 그 정상에...",0.0,0,0,https://www.etnews.com/20260519000355
2026-05-21,"카톡 멈추나…카카오 파업 위기, AI·금융 신사업 '경고등'",0.0,0,0,https://www.newsis.com/view/NISX20260520_0003638193
2026-05-21,"[클릭 e종목]신사업에 해외진출까지…카뱅, 더 높은 밸류 가능하나",0.322,1,0,https://view.asiae.co.kr/article/2026052016054374973
2026-05-21,"“100년 뒤에도 행복한 마을, 정뱅이”···다큐멘터리 영화 ‘정뱅이...",0.0,0,0,https://sports.khan.co.kr/article/202605210547003?pt=nv
2026-05-21,"트럼프 ""중·러 정상회담은 좋은일…대만 총통과 통화할 것""",0.0,0,0,https://www.nocutnews.co.kr/news/6520530?utm_source=naver&utm_medium=article&utm_campaign=20260521054354
2026-05-21,"화순군, 6월부터 지방세 카톡 알림 도입",0.0,0,0,https://www.jnilbo.com/news/articleView.html?idxno=90000036304
2026-05-21,"[단독]""3종 의혹 세트냐"" 김용남, 가족법인으로 용인 SK 인근 땅 대거 매...",0.0,0,0,https://www.nocutnews.co.kr/news/6520509?utm_source=naver&utm_medium=article&utm_campaign=20260521053054
2026-05-21,"아산시, 일부 시내버스 노선 및 운행시간 조정",0.0,0,0,https://www.jeonmae.co.kr/news/articleView.html?idxno=1258363
2026-05-21,"LG이노텍·카카오모빌리티, 자율주행 솔루션 공동 개발",0.0,0,0,https://www.seoul.co.kr/news/economy/industry/2026/05/21/20260521029002?wlog_tag3=naver
2026-05-21,송파 “깜빡 놓친 지방세 돌려받으세요”,0.0,0,0,https://www.seoul.co.kr/news/publicnews/seoul_local/news_seoul/2026/05/21/20260521020001?wlog_tag3=naver
2026-05-21,'초호황 삼성 반도체' 최악 위기 일단 피했다…남은 과제는?,0.0,0,0,https://www.nocutnews.co.kr/news/6520529?utm_source=naver&utm_medium=article&utm_campaign=20260521050101
2026-05-21,"'5·18 탱크데이' 폄훼 동조 방관하는 국힘…""징계 불가""",0.0,0,0,https://www.nocutnews.co.kr/news/6520521?utm_source=naver&utm_medium=article&utm_campaign=20260521050101
2026-05-21,"[이코노 브리핑] 금양, 결국 상폐… 27일부터 정리매매 외",0.0,0,0,https://www.segye.com/newsView/20260520516467?OutUrl=naver
2026-05-21,삼성전자 파업 위기…李정부 '중재·대화'로 뚫었다,0.0,0,0,https://www.nocutnews.co.kr/news/6520520?utm_source=naver&utm_medium=article&utm_campaign=20260521050100
2026-05-21,삼성전자 사태에도 개미들은 줍줍…증권가는 '목표 상향',0.0,0,0,https://www.nocutnews.co.kr/news/6520508?utm_source=naver&utm_medium=article&utm_campaign=20260521050059
2026-05-21,물가·금리·환율 '3高' 쇼크…금리 인상 저울질하는 한은,-0.408,0,1,https://www.nocutnews.co.kr/news/6520423?utm_source=naver&utm_medium=article&utm_campaign=20260521050056
2026-05-21,가장 작은 지자체가 쏘아 올린 '돌봄 모델' 희망,0.0,0,0,https://www.nocutnews.co.kr/news/6520472?utm_source=naver&utm_medium=article&utm_campaign=20260521050058
2026-05-21,"[단독]합수본, 신천지 '당원가입 규모' 구체화…최소 6만명",0.0,0,0,https://www.nocutnews.co.kr/news/6520500?utm_source=naver&utm_medium=article&utm_campaign=20260521050058
2026-05-21,"카카오, 창사 첫 파업 가시화… SK하이닉스 하청도 ‘N% 청구서’",0.0,0,0,https://www.seoul.co.kr/news/economy/industry/2026/05/21/20260521004004?wlog_tag3=naver
2026-05-21,"[단독]조부 살해한 20대 명문대생…""청소 중 쓰러져"" 거짓말도",0.0,0,0,https://www.nocutnews.co.kr/news/6520488?utm_source=naver&utm_medium=article&utm_campaign=20260521050057
2026-05-21,국제유가 100달러 시대 장기화…6차 최고가격 또 동결되나,0.0,0,0,https://www.nocutnews.co.kr/news/6520434?utm_source=naver&utm_medium=article&utm_campaign=20260521050056
2026-05-21,'탈북 유령'들에게 '그림의 떡'을 권하는 법무부[기자수첩],0.0,0,0,https://www.nocutnews.co.kr/news/6520485?utm_source=naver&utm_medium=article&utm_campaign=20260521050057
2026-05-21,"해수부-부산시, 공공기관 이전 '말싸움'…박형준 측 ""고발 검토""",0.0,0,0,https://www.nocutnews.co.kr/news/6520364?utm_source=naver&utm_medium=article&utm_campaign=20260521050055
2026-05-21,거침없는 李 '메시지 정치'…기업 내부 문제에도 돌직구,0.0,0,0,https://www.nocutnews.co.kr/news/6520517?utm_source=naver&utm_medium=article&utm_campaign=20260521054554
2026-05-21,[칼럼]누구나 다른 사계(四季),0.0,0,0,https://www.nocutnews.co.kr/news/6520095?utm_source=naver&utm_medium=article&utm_campaign=20260521050054
2026-05-21,"""지방 발령으로 주말부부 되자 내 집에서 상간남과 뒹군 아내"" 남편 '절...",0.0,0,0,https://www.news1.kr/society/general-society/6172822
2026-05-21,제9회 전국동시지방선거 정광열 춘천시장 후보 ｜#헬로이슈토크 #헬로t...,0.322,1,0,http://news.lghellovision.net/news/articleView.html?idxno=543330
2026-05-21,"'반도체 순항' 삼성, 파업 암초 앞 겨우 방향 틀었다…노사, 잠정 합의",0.0,0,0,https://www.nocutnews.co.kr/news/6520528?utm_source=naver&utm_medium=article&utm_campaign=20260521045553
2026-05-21,상한 폐지·자사주 지급…삼성전자 '반도체 성과급 제도' 표준 되나,0.0,0,0,https://www.nocutnews.co.kr/news/6520525?utm_source=naver&utm_medium=article&utm_campaign=20260521044553
2026-05-21,"미셸 스틸 주한미국대사 후보자 ""美기업, 韓에서 차별 안돼""",0.0,0,0,https://www.nocutnews.co.kr/news/6520527?utm_source=naver&utm_medium=article&utm_campaign=20260521054654
2026-05-21,IT-조선-방산 등 번진 ‘N% 성과급’ 요구… “갈등 이제 시작” 우려,0.0,0,0,https://www.donga.com/news/Economy/article/all/20260521/133964628/2
2026-05-21,"LG이노텍·카카오모빌리티, 자율주행 솔루션 개발 맞손",0.0,0,0,https://www.mt.co.kr/industry/2026/05/21/2026052020040892178
2026-05-21,"""무전기 먹통인 바다 한복판서도 잘 터져요""[르포]",0.0,0,0,http://www.edaily.co.kr/news/newspath.asp?newsid=01436646645451216
2026-05-21,'탄소+쓰레기 Zero' 유세 열전…친환경 선거문화 확산할까,0.0,0,0,https://www.nocutnews.co.kr/news/6520313?utm_source=naver&utm_medium=article&utm_campaign=20260521040053
2026-05-21,"한화투자증권, 두나무 지분 6천억어치 추가 매입…디지털 금융 전략 가...",0.0,0,0,https://www.tokenpost.kr/news/blockchain/361847
2026-05-21,‘이것’만 줄였을 뿐인데 매출 껑충…식품업계 대박 터진 ‘저당 트렌...,0.0,0,0,https://www.sedaily.com/article/20046568?ref=naver
2026-05-21,"“금융·디지털자산 연계 미래혁신모델 구축” 하나금융, 두나무에 1조...",0.0,0,0,https://sports.donga.com/economy/article/all/20260521/133956159/1
2026-05-21,[사설]삼성전자 성과급 갈등이 몰고온 후폭풍,0.0,0,0,https://www.mt.co.kr/opinion/2026/05/21/2026052018123332060
2026-05-21,"[사설] 삼성전자 임금협상 극적 타결, 경제 도약 계기 삼기를",0.0,0,0,https://www.kmib.co.kr/article/view.asp?arcid=1779262287&code=11171111&cp=nv
2026-05-21,"LG이노텍, 카카오모빌리티와 손잡고 피지컬 AI 시장 공략 가속화",0.0,0,0,https://www.webeconomy.co.kr/news/articleView.html?idxno=2177768
2026-05-21,"김용빈, 먹방 프린스 도전…남승민과 구독자 경쟁 선언",-0.38,0,1,https://enter.etoday.co.kr/news/view/297587
2026-05-21,배민·카모 노리는 공룡 우버… “한국 잔혹사 끊나”,0.0,0,0,https://www.kmib.co.kr/article/view.asp?arcid=1779266038&code=11151400&cp=nv
2026-05-21,비바람 속 뜨거운 남북축구 응원 열기…'남북선수 모두가 우리',0.0,0,0,https://www.nocutnews.co.kr/news/6520519?utm_source=naver&utm_medium=article&utm_campaign=20260521124051
2026-05-21,“성과급도 쟁의 대상”…노란봉투법 회색지대 파고든 삼성노조,0.0,0,0,https://www.sedaily.com/article/20046580?ref=naver
2026-05-21,카카오모빌-LG이노텍 ‘자율주행’ 손잡는다,0.0,0,0,https://www.donga.com/news/Economy/article/all/20260520/133962890/2
2026-05-21,"24시간 일하고 속도는 4배… 구글, 제대로 ‘제미’ 붙었다",0.0,0,0,https://www.donga.com/news/Economy/article/all/20260520/133962888/2
2026-05-21,특별성과급 전액 자사주로 푼다…메모리 1인당 6억원 추산,0.0,0,0,https://www.joongang.co.kr/article/25430114
2026-05-21,"파업 직전 삼전 노사 극적 타결 이끈 김영훈 장관 ""대화가 K-저력""",0.0,0,0,https://www.nocutnews.co.kr/news/6520518?utm_source=naver&utm_medium=article&utm_campaign=20260521122751
2026-05-21,"‘센서’ LG이노텍·‘데이터’ 카카오모빌리티, 자율주행 맞손",0.0,0,0,https://www.kmib.co.kr/article/view.asp?arcid=1779258843&code=11151400&cp=nv
2026-05-21,[이슈story] 삼성전자 노사 잠정합의 이후…봉합된 갈등이 남긴 세 가지...,0.0,0,0,https://www.todayeconomic.com/news/article.html?no=30667
2026-05-21,"""찬반투표 가결"" 카카오 5개 계열사 법인 노조 파업 결의",0.0,0,0,https://www.gukjenews.com/news/articleView.html?idxno=3587847
2026-05-21,[취재수첩] K관광 흥행 가로막는 외국인 선불카드,0.0,0,0,https://www.hankyung.com/article/2026052096931
2026-05-21,[사설] 삼성전자가 드러낸 우리 경제 勞使 리스크,0.0,0,0,https://www.asiatoday.co.kr/kn/view.php?key=20260520010005995
2026-05-21,구글이 이루어줄지니,0.0,0,0,https://www.joongang.co.kr/article/25430094
2026-05-21,[함영주의 디지털자산 승부수上] 두나무에 1조 투자…네이버 빅딜까지 ...,0.0,0,0,https://news.tf.co.kr/read/economy/2324571.htm
2026-05-21,"경총, 삼성전자 노사 잠정 합의에 “최악 상황 피해…노동계 일반화 안...",0.0,0,0,https://www.seoul.co.kr/news/economy/industry/2026/05/20/20260520500278?wlog_tag3=naver
2026-05-21,"고유가 피해지원금 신청 막바지…""놓치면 최대 25만 원 차이"" 지급 기준...",0.0,0,0,https://www.cbci.co.kr/news/articleView.html?idxno=576035
2026-05-21,고유가 피해지원금 2차 접수… 카카오톡·네이버페이 활용 가능,0.0,0,0,https://www.ggilbo.com/news/articleView.html?idxno=1158674
2026-05-20,"한화투자증권, 두나무 지분 3.90% 추가 취득···3대 주주 등극",0.0,0,0,https://www.seoulfn.com/news/articleView.html?idxno=629302
2026-05-20,‘실적 연동 보상’ 요구 분출… 불황기 기업 체력 저하 우려,0.0,0,0,https://www.kmib.co.kr/article/view.asp?arcid=1779280767&code=11151400&cp=nv
2026-05-20,"한화투자증권, 두나무 지분 추가 취득...지분율 9.84%로 확대",0.0,0,0,https://www.digitaltoday.co.kr/news/articleView.html?idxno=667808
2026-05-20,[경제포커스] 나쁜 선례 남긴 삼성전자 노조,0.0,0,0,https://www.chosun.com/opinion/economic_focus/2026/05/20/SQWHNFHNIZEYRLA6WLGSZ6XAKY/?utm_source=naver&utm_medium=referral&utm_campaign=naver-news
2026-05-20,"""온오프라인 통합 멤버십부터 리뷰 AI까지""… 패션업계, 디지털 경쟁력...",0.0,0,0,https://www.meconomynews.com/news/articleView.html?idxno=131288
2026-05-20,"삼성전자 노사, 파업 겨우 피한 뒤 '맞손'…모두 ""국민께 죄송""",0.0,0,0,https://www.nocutnews.co.kr/news/6520516?utm_source=naver&utm_medium=article&utm_campaign=20260520114051
2026-05-20,"靑, 삼성 잠정합의에 ""국가·국민 위한 대승적 결단 감사""",0.0,0,0,https://www.nocutnews.co.kr/news/6520515?utm_source=naver&utm_medium=article&utm_campaign=20260520113751
2026-05-20,"총파업 한시간반 앞두고 노사 합의…삼성전자 ""심려 끼쳐 깊이 사죄""",0.0,0,0,https://www.nocutnews.co.kr/news/6520507?utm_source=naver&utm_medium=article&utm_campaign=20260520111251
2026-05-20,"'삼성발 성과급' 불똥 튀나…산업계, 파장에 '긴장'",0.0,0,0,http://www.yonhapnewstv.co.kr/news/MYH20260520231234Nrs
2026-05-20,"'가세연' 김세의, 26일 구속 기로…김수현 명예훼손·AI 음성 조작 혐의",0.0,0,0,https://www.tvreport.co.kr/breaking/article/1046532/
2026-05-20,"MC몽, '대군부인' 사과문 쓴 아이유 옹호 ""연예인들은 약자""",0.0,0,0,https://www.topstarnews.net/news/articleView.html?idxno=16066801
2026-05-20,"삼성전자 노조 ""총파업 유보…잠정합의안 찬반투표""",0.0,0,0,https://www.nocutnews.co.kr/news/6520506?utm_source=naver&utm_medium=article&utm_campaign=20260520105250
2026-05-20,"카카오, '2026 언플러그드데이' 참가자 모집",0.0,0,0,https://www.jejumaeil.net/news/articleView.html?idxno=401111
2026-05-20,[속보]삼성전자 노사 잠정합의안에 서명…파업 고비 넘겨,0.0,0,0,https://www.nocutnews.co.kr/news/6520505?utm_source=naver&utm_medium=article&utm_campaign=20260520104650
2026-05-20,"[금융 HOT 뉴스] 한화투자증권, 두나무 지분 확대…""차세대 금융 질서 만...",0.0,0,0,http://www.bizwnews.com/news/articleView.html?idxno=137076
2026-05-20,"[속보]삼성 노조 ""총파업 유보…임금협약 잠정합의안 찬반투표""",0.0,0,0,https://www.nocutnews.co.kr/news/6520503?utm_source=naver&utm_medium=article&utm_campaign=20260520103950
2026-05-20,"신한투자증권, 디지털서포터즈 운영으로 지점 고객 편의 강화 外",0.0,0,0,https://www.rcast.co.kr/news/articleView.html?idxno=30835
2026-05-20,"카카오, 구글 딥마인드와 AI 워터마킹 파트너십…아시아 최초",0.0,0,0,https://www.webeconomy.co.kr/news/articleView.html?idxno=2178593
2026-05-20,"파국 피했지만 … 李정부 '친노동 정책', 대기업 노조 '탐욕' 키웠다 [긴...",0.0,0,0,https://biz.newdaily.co.kr/site/data/html/2026/05/20/2026052000236.html
2026-05-20,"[단독]정교유착 논란 신천지, 6.3 지방선거 교육감 선거 개입 정황",0.0,0,0,https://www.nocutnews.co.kr/news/6520492?utm_source=naver&utm_medium=article&utm_campaign=20260520102750
2026-05-20,"박찬대 캠프, 선거법 위반으로 유정복 고발했다가 취하…""사실 아닌 것...",0.0,0,0,https://www.newspim.com/news/view/20260520001180
2026-05-20,"[단독]신경호 교육감 후보 측 ""신천지가 뭐가 문제냐""",0.0,0,0,https://www.nocutnews.co.kr/news/6520484?utm_source=naver&utm_medium=article&utm_campaign=20260520101550
2026-05-20,"MC몽, 불법 도박 의혹 해명하더니.. ""연예인이 약자"" 아이유 옹호",0.0,0,0,https://www.tvreport.co.kr/star/article/1046518/
2026-05-20,"금리 상승에도 은행주 약세, 외국인 수급 불안 영향",-0.067,1,1,https://www.tokenpost.kr/news/market/361690
2026-05-20,"NH농협은행, '100% 진심' 담은 신규 TV캠페인 공개 外",0.0,0,0,https://www.rcast.co.kr/news/articleView.html?idxno=30834
2026-05-20,메신저·검색·커머스까지 AI화…빅테크 플랫폼 전쟁 한국 상륙,0.0,0,0,https://www.pointdaily.co.kr/news/articleView.html?idxno=305524
2026-05-20,"[Digital & Now] 카카오, 구글 신스ID 도입…AI 콘텐츠 투명성 강화",0.0,0,0,https://www.ebn.co.kr/news/articleView.html?idxno=1709567
2026-05-20,"장동혁 ""삼전 노조가 선 넘는 동안 李대통령 뭘하고 있었나""",0.0,0,0,https://www.imaeil.com/page/view/2026052021014329767
2026-05-20,"""5·18 조롱 규탄""…광주 시민사회, 스타벅스·정용진 동시 압박",0.0,0,0,https://www.nocutnews.co.kr/news/6520499?utm_source=naver&utm_medium=article&utm_campaign=20260520093950
2026-05-20,"전북CBS·전주대·예수병원, CLUB JESUS 시즌1 성황",0.0,0,0,https://www.nocutnews.co.kr/news/6520497?utm_source=naver&utm_medium=article&utm_campaign=20260520094050
2026-05-22,미래에셋·하나금융 등 금융그룹들이 가상자산거래소 지분 매입 앞다퉈...,0.0,0,0,http://www.consumernews.co.kr/news/articleView.html?idxno=756210
2026-05-22,"카이아, 원화 코인 메인넷 노린다…""아시아 스테이블코인 허브 구축""",0.0,0,0,https://news.mtn.co.kr/news-detail/2026052115384934046
2026-05-22,'성과급' 노사 갈등 확산속…게임업계는 '파업 무풍지대'인 이유,0.0,0,0,https://www.news1.kr/it-science/game-review/6174448
2026-05-22,"박민식 ""보수 분열 원인 한동훈과 단일화 없다…하정우, 준비 덜돼"" 동시...",0.0,0,0,https://www.nocutnews.co.kr/news/6521256?utm_source=naver&utm_medium=article&utm_campaign=20260522060807
2026-05-22,"""소상공인 숨통 틔운다"" 인천시, 225억 원 규모 '특례보증' 지원",0.0,0,0,https://www.cstimes.com/news/articleView.html?idxno=706902
2026-05-22,"""책상에 탁!"" '탱크데이'로 들끓는 사회…영화로 본 5･18과 박종철[뉴스...",0.0,0,0,https://www.nocutnews.co.kr/news/6521095?utm_source=naver&utm_medium=article&utm_campaign=20260522060111
2026-05-22,"은행권 주담대 전략 엇갈려…금리 낮추는 곳, 대출 조이는 곳",0.0,0,0,https://www.kukinews.com/article/view/kuk202605210172
2026-05-22,'역사 선도교사단' 출범…역사 수업 지원 자료 개발에 참여,0.0,0,0,https://www.nocutnews.co.kr/news/6520992?utm_source=naver&utm_medium=article&utm_campaign=20260522060109
2026-05-22,반도체 호황·증시 활황…소비심리 한 달 만 '낙관' 전환,0.537,1,0,https://www.nocutnews.co.kr/news/6521059?utm_source=naver&utm_medium=article&utm_campaign=20260522060110
2026-05-22,'국민의힘 vs 무소속 후보 대결' 청도·성주·의성군수 선거,0.0,0,0,https://www.nocutnews.co.kr/news/6520253?utm_source=naver&utm_medium=article&utm_campaign=20260522060107
2026-05-22,외인 44조 ‘팔자’에도 오른 코스피…외국인 삼전 매수로 흐름 바뀔까,0.0,0,0,https://www.etoday.co.kr/news/view/2586896
2026-05-22,한반도 고산대 식물 195종 총정리…생태도감 발간,0.0,0,0,https://www.nocutnews.co.kr/news/6521023?utm_source=naver&utm_medium=article&utm_campaign=20260522060110
2026-05-22,"교육부-전문학회, '영유아기 사교육 인식 개선' 업무협약",0.0,0,0,https://www.nocutnews.co.kr/news/6520944?utm_source=naver&utm_medium=article&utm_campaign=20260522060108
2026-05-22,'방학 중 초등돌봄·교육 우수모델' 운영…17개 기초지자체 선정,0.0,0,0,https://www.nocutnews.co.kr/news/6520957?utm_source=naver&utm_medium=article&utm_campaign=20260522060109
2026-05-22,"'챗GPT 프로 2만9천원 대란', 다량 보유자 줄줄이 환불[1일 IT템]",0.0,0,0,http://www.fnnews.com/news/202605211740113656
2026-05-22,[삼성 노사합의] '정부 위기관리 역량' vs '도미노 파업 서막'…여야 프...,0.0,0,0,https://www.dailian.co.kr/news/view/1647294/?sc=Naver
2026-05-22,"하나금융, 업비트 운영사 두나무에 ‘1조 베팅’…글로벌 디지털 금융 ...",0.0,0,0,https://www.sportsseoul.com/news/read/1610581?ref=naver
2026-05-22,"""폭등은 됐고, 우상향 흉내라도 내라""…FOMO조차 사치라는 네카오 개미...",0.0,0,0,http://www.fnnews.com/news/202605211451470653
2026-05-22,"""4만8천명 몰렸던 그곳""…다시 청약시장 나온다 [집 나와라 뚝딱!]",0.322,1,0,http://www.fnnews.com/news/202605211509416954
2026-05-22,"[AI 클로즈업] AI 금융비서 현실화… 韓, 규제 발목",0.0,0,0,https://www.ddaily.co.kr/page/view/2026052116213145248
2026-05-22,"[장애인고용]① 네이버·카카오·신한·우리, 3년 연속 1% '미만'",0.0,0,0,http://www.hansbiz.co.kr/news/articleView.html?idxno=839866
2026-05-22,"글로벌 랜드마크로 성장한 마카오·헝칭, '멀티 데스티네이션' 선언",0.322,1,0,http://www.ttlnews.com/news/articleView.html?idxno=3110409
2026-05-22,무신사가 쏘아 올린 '패션'…'서울숲 상권'을 바꾸다,0.0,0,0,https://news.bizwatch.co.kr/article/consumer/2026/05/20/0030
2026-05-22,"은행권, 이탈 고객 막아라… 예금금리 줄줄이 올려",0.0,0,0,https://it.chosun.com/news/articleView.html?idxno=2023092162582
2026-05-22,하나銀 이어 한화證까지… 두나무 둘러싼 금융권 수싸움 치열,0.0,0,0,https://it.chosun.com/news/articleView.html?idxno=2023092162561
2026-05-22,70일 신생아 내던지고 때린 초등생…홈캠에 포착된 학대 영상 ‘충격’,0.0,0,0,https://biz.heraldcorp.com/article/10743176?ref=naver
2026-05-22,파업 임박 카카오…'카톡 먹통' 악몽 재현될까,0.0,0,0,https://www.news1.kr/it-science/general-it/6174263
2026-05-22,"""美, 이란전 도중 사드 200발 사용…韓·日 안보 불안 가중""",0.0,0,0,https://www.nocutnews.co.kr/news/6521264?utm_source=naver&utm_medium=article&utm_campaign=20260522054207
2026-05-22,"동서식품, 책·바둑·클래식 활발한 '사회공헌'",0.0,0,0,https://www.nocutnews.co.kr/news/6521254?utm_source=naver&utm_medium=article&utm_campaign=20260522053107
2026-05-22,은행도 증권사도 '두나무 베팅'…불붙은 가상자산 주도권 경쟁,0.0,0,0,https://www.news1.kr/finance/blockchain-fintech/6174363
2026-05-22,"""나 저거 다 맞음, 원장님 사랑해""...박나래 주사이모 '카톡 대화' 폭로",0.0,0,0,https://www.mt.co.kr/society/2026/05/22/2026052205111067832
2026-05-22,[사설] 삼전이 던진 파장 곳곳에… 지금부터 풀어야 할 숙제들,0.0,0,0,https://www.seoul.co.kr/news/editOpinion/editorial/2026/05/22/20260522027006?wlog_tag3=naver
2026-05-22,‘코스피 프리미엄’ 기대했지만…이전상장 16곳 중 10곳 주가 하락,0.0,1,1,https://www.edaily.co.kr/news/newspath.asp?newsid=01695766645451544
2026-05-22,"경찰 “김수현, 미성년 교제 허위… 故 김새론 음성·카톡 AI 조작”",0.0,0,0,https://www.seoul.co.kr/news/society/2026/05/22/20260522010009?wlog_tag3=naver
2026-05-22,"삼전 노사, 잠정합의 이뤘지만…노노갈등·주주반발 '여진' 지속",0.0,0,0,https://www.nocutnews.co.kr/news/6521258?utm_source=naver&utm_medium=article&utm_campaign=20260522050115
2026-05-22,"강남 무인택시 유료 전환, 요금은?",0.0,0,0,https://www.ilyosisa.co.kr/news/article.html?no=255896
2026-05-22,이재준 '수원 대전환' vs 안교재 '생활 안정'…수원 표심 어디로,0.0,0,0,https://www.nocutnews.co.kr/news/6521001?utm_source=naver&utm_medium=article&utm_campaign=20260522050108
2026-05-22,먹히지 않는 코스닥 육성책…대장주 코스피行 20년째 반복,0.0,0,0,https://www.edaily.co.kr/news/newspath.asp?newsid=01669526645451544
2026-05-22,5월 꽃시장 마지막 대목까지 한산…꽃 앞에서 깊어진 시름,0.0,0,0,https://www.nocutnews.co.kr/news/6521239?utm_source=naver&utm_medium=article&utm_campaign=20260522050109
2026-05-22,"""생태가 밥 먹여주냐""던 순천, 어떻게 정원도시가 됐나",0.0,0,0,https://www.nocutnews.co.kr/news/6520524?utm_source=naver&utm_medium=article&utm_campaign=20260522050107
2026-05-22,최고가격 또 동결에 4주로…장기화 대비한 숨고르기,0.0,0,0,https://www.nocutnews.co.kr/news/6521245?utm_source=naver&utm_medium=article&utm_campaign=20260522050110
2026-05-22,첫 구속영장 기각된 종합특검…'중복수사 논란'에 발목 잡히나,0.0,0,0,https://www.nocutnews.co.kr/news/6521246?utm_source=naver&utm_medium=article&utm_campaign=20260522050111
2026-05-22,"[단독]국방부, 평양 무인기 '날림 신속도입' 직접 감사",0.0,0,0,https://www.nocutnews.co.kr/news/6521250?utm_source=naver&utm_medium=article&utm_campaign=20260522050113
2026-05-22,왜 외국인은 11거래일 연속 코스피를 파나,0.0,0,0,https://www.nocutnews.co.kr/news/6521058?utm_source=naver&utm_medium=article&utm_campaign=20260522050108
2026-05-22,"""최대훈·배나라와 초능력 쓰며 장난쳤죠"" 임성재의 '원더풀스'[왓더OTT...",0.0,0,0,https://www.nocutnews.co.kr/news/6521251?utm_source=naver&utm_medium=article&utm_campaign=20260522050114
2026-05-22,N% 국민만 누리는 N% 성과급의 과제,0.0,0,0,https://www.seoul.co.kr/news/economy/2026/05/22/20260522001004?wlog_tag3=naver
2026-05-22,정원오 47.4% 오세훈 41.9%…5%P차 유지[CBS-KSOI],0.0,0,0,https://www.nocutnews.co.kr/news/6521242?utm_source=naver&utm_medium=article&utm_campaign=20260522050110
2026-05-22,"[사설]파국 면한 삼전 노사 협상, 갈 길 아직 멀다",0.0,0,0,https://www.edaily.co.kr/news/newspath.asp?newsid=01656406645451544
2026-05-22,성과 못내도 성과급 시대…공포의 ‘N% 청구서’ 덮친다,0.0,0,0,https://www.joongang.co.kr/article/25430459
2026-05-22,"9살 남아, 신생아 내던지고 '퍽퍽'…홈캠에 포착된 학대 순간",0.0,0,0,https://www.mt.co.kr/society/2026/05/22/2026052123224551328
2026-05-22,[기획] 한화證도 두나무로…금융권 '디지털자산 주도권' 전쟁 뜨겁다,0.0,0,0,https://www.startuptoday.co.kr/news/articleView.html?idxno=801663
2026-05-22,“故김새론 목소리 AI 조작… 김수현 교제설 허위 유포”,0.0,0,0,https://www.donga.com/news/Society/article/all/20260522/133972550/2
2026-05-22,"민주콩고서 에볼라 확산세…장례 규제하자 방화, 경고사격 대응",0.0,0,0,https://www.nocutnews.co.kr/news/6521263?utm_source=naver&utm_medium=article&utm_campaign=20260522043206
2026-05-22,"경총 “과도한 성과급 요구, 산업계로 확산돼선 안돼”",0.0,0,0,https://www.donga.com/news/Economy/article/all/20260522/133972498/2
2026-05-22,[단독] 파업 90분 남기고 극적 합의… 노동 장관이 밝힌 '삼전 최후 담판...,0.0,0,0,https://www.hankookilbo.com/news/article/A2026052118170002098?did=NA
2026-05-22,김수현 '미성년 교제설'은 가짜... 가세연 김세의 AI 조작에 구속영장 청...,0.0,0,0,https://www.ftimes.kr/news/articleView.html?idxno=37563
2026-05-22,"""이란 최고지도자, 농축우라늄 해외 반출 불허""",0.0,0,0,https://www.nocutnews.co.kr/news/6521257?utm_source=naver&utm_medium=article&utm_campaign=20260522040606
2026-05-22,인천 최대 격전지 제물포구…초대 구청장 후보들의 승부수,0.0,0,0,https://www.nocutnews.co.kr/news/6520890?utm_source=naver&utm_medium=article&utm_campaign=20260522040106
2026-05-22,“번 돈 N% 내놔라”…조선소·車 공장까지 덮친 성과급 전쟁,0.0,0,0,https://magazine.hankyung.com/business/article/202605210258b
2026-05-22,"美국무 ""이란, 호르무즈 통행료 추진시 외교적 합의 불가능""",0.0,0,0,https://www.nocutnews.co.kr/news/6521261?utm_source=naver&utm_medium=article&utm_campaign=20260522030005
2026-05-22,"마카오정부관광청, ‘2026 마카오 관광 세미나&트래블 마트’ 성료",0.0,0,0,https://sports.khan.co.kr/article/202605220257003?pt=nv
2026-05-22,"트럼프 ""이란의 고농축 우라늄, 미국이 확보해 폐기할 것""",0.0,0,0,https://www.nocutnews.co.kr/news/6521260?utm_source=naver&utm_medium=article&utm_campaign=20260522024005
2026-05-22,[오늘의 경제뉴스] 삼성전자 파국 피한 韓경제…고물가·금리·환율 변수...,0.537,1,0,https://www.newsverse.kr/news/articleView.html?idxno=10519
2026-05-22,"“집밥의 모든 순간” 테팔, 70주년 고객 감사제",0.0,0,0,https://sports.khan.co.kr/article/202605220158003?pt=nv
2026-05-22,"관중은 폭발, 순위는 요동…'400만 돌파 날' 삼성, 단독 1위",0.261,1,0,https://www.nocutnews.co.kr/news/6521259?utm_source=naver&utm_medium=article&utm_campaign=20260522015005
2026-05-22,"[사설] 파국 피한 삼성전자 노사, 많은 과제 남겼다",0.0,0,0,https://www.kmib.co.kr/article/view.asp?arcid=1779342035&code=11171111&cp=nv
2026-05-22,"[사설] 삼성이 만든 기준, 산업계는 이제 ‘성과급’과 싸워야 한다",0.0,0,0,https://www.dnews.co.kr/uhtml/view.jsp?idxno=202605211554142670680
2026-05-22,"자유기업원 ""삼성전자 노조 파업, 반도체 산업 생태계 전반 흔든다… 경...",0.0,0,0,http://www.worktoday.co.kr/news/articleView.html?idxno=84854
2026-05-22,성과급은 쟁의 대상 아닌데… 노조들은 파업 명분으로 삼아,0.0,0,0,https://www.chosun.com/national/labor/2026/05/22/6PTLYEALSJHFFMSZTT2363NPF4/?utm_source=naver&utm_medium=referral&utm_campaign=naver-news
2026-05-22,"'미성년 교제설 조작·허위 결론' 김수현…변호사 ""형사 책임 못 피할 것...",0.0,0,0,http://www.stoo.com/article.php?aid=106782158414
2026-05-22,[사설] ‘N% 성과급’ 확산 안 돼…파업 판 깔아준 노봉법 손질해야,0.0,0,0,https://www.joongang.co.kr/article/25430444
2026-05-22,"경찰 “김수현 미성년 교제설, AI 음성조작”",0.0,0,0,https://www.joongang.co.kr/article/25430437
2026-05-22,커피·카카오·올리브 가격인상…기후변화 탓?,0.408,1,0,https://www.danbinews.com/news/articleView.html?idxno=33079
2026-05-21,"[증권 뉴스브리핑] '국민참여성장펀드' 내일 출시…정부, 20% 손실 우선 ...",0.322,1,0,https://www.asiatime.co.kr/article/20260521500420
2026-05-21,독일서 유대인 테러 모의 적발…이란 혁명수비대가 배후,0.0,0,0,https://www.nocutnews.co.kr/news/6521253?utm_source=naver&utm_medium=article&utm_campaign=20260521114704
2026-05-21,[사설]‘영업이익 N% 성과급’에다 노노갈등 방치하면 망국병 될 것,0.0,0,0,https://www.donga.com/news/Opinion/article/all/20260521/133972003/2
2026-05-21,"가자 구호선단 승선 伊활동가들 ""이스라엘군, 눈 때리고 발길질""",0.0,0,0,https://www.nocutnews.co.kr/news/6521252?utm_source=naver&utm_medium=article&utm_campaign=20260521113303
2026-05-21,생후 70일 신생아 때리고 던졌다…집 놀러온 초등생 충격 행동,0.0,0,0,https://www.joongang.co.kr/article/25430376
2026-05-21,"[동아광장/박용]‘탕핑’ ‘핑퐁’ 13년, 로보택시도 중국에 내줄 판",0.0,0,0,https://www.donga.com/news/Opinion/article/all/20260521/133971995/2
2026-05-21,"이스라엘, 가자 구호선단 활동가 430여 명 모두 추방",0.0,0,0,https://www.nocutnews.co.kr/news/6521249?utm_source=naver&utm_medium=article&utm_campaign=20260521111603
2026-05-21,"시즌 돌아본 핸드볼 H리그, 관중수·SNS 지표 성장세",0.322,1,0,http://www.hansbiz.co.kr/news/articleView.html?idxno=840248
2026-05-21,"""김수현 미성년 교제 없었다""…경찰, 가세연 카톡·음성 조작 판단",0.0,0,0,http://weekly.chosun.com/news/articleView.html?idxno=51782
2026-05-21,'한국의 포켓몬 마스터가 될 거야'…'포켓몬 스포츠데이 2026' 24일 개막,0.0,0,0,https://www.xportsnews.com/article/2151927
2026-05-21,마카오 플로서 여행지 '중국 헝친'...마카오 연계 여행지로 주목,0.0,0,0,https://www.tournews21.com/news/articleView.html?idxno=135449
2026-05-21,"주광덕 국민의힘 남양주시장 후보, 합동출정식… ‘미래형 자족도시 청...",0.0,0,0,https://www.kyeongin.com/article/1764094
2026-05-21,김수현 측 “조작 증거로 허위 유포…형사책임 피하기 어려울 것”,0.0,0,0,https://www.mk.co.kr/article/12055019
2026-05-21,"[현장] 마카오, 멀티 데스티네이션·콘텐츠형 관광으로 한국 시장 겨냥",0.0,0,0,https://www.onews.tv/news/articleView.html?idxno=280552
2026-05-21,[시사천국] 코스피 8천시대…포모가 시장을 움직인다?,0.0,0,0,https://news.cpbc.co.kr/article/1173060?division=NAVER
2026-05-21,"마카오, '투어리즘 플러스' 앞세워 한국 공략…홍콩·헝친·광둥 잇는 여...",0.0,0,0,https://www.tournews21.com/news/articleView.html?idxno=135445
2026-05-21,"“김수현, 미성년자 교제 허위” 경찰, 가세연 김세의 구속영장 신청서...",0.0,0,0,https://www.munhwa.com/article/11590597?ref=naver
2026-05-21,[RE:기업] 두나무 1조6000억 주주 교체···카카오 빠지고 금융권 입성,0.0,0,0,http://www.hansbiz.co.kr/news/articleView.html?idxno=840242
2026-05-21,"한국인 55만 명 넘어선 마카오, 2026년 ‘멀티 데스티네이션 허브’로 도...",0.0,0,0,http://digitalchosun.dizzo.com/site/data/html_dir/2026/05/21/2026052180168.html
2026-05-21,"합수본, 신천지 당원가입 최소 6만명",0.0,0,0,https://www.nocutnews.co.kr/news/6521139?utm_source=naver&utm_medium=article&utm_campaign=20260521100402
2026-05-21,"이영훈 목사, 미국 독립 250주년 기념 강연…""한반도 평화 위해 기도해...",0.0,0,0,https://www.nocutnews.co.kr/news/6521082?utm_source=naver&utm_medium=article&utm_campaign=20260521100303
2026-05-21,"이스라엘, 가자行 한국인 2명 체포·추방…기독교계 ""공해상 선박 나포...",0.0,0,0,https://www.nocutnews.co.kr/news/6521127?utm_source=naver&utm_medium=article&utm_campaign=20260521100302
2026-05-21,제주지사 후보 위성곤 vs 문성유…미래산업 '격돌',0.0,0,0,https://www.nocutnews.co.kr/news/6521015?utm_source=naver&utm_medium=article&utm_campaign=20260521100102
2026-05-21,주광덕 후보 “시작도 완성도 시민과 함께…미래형 자족도시 남양주 완...,0.0,0,0,https://view.asiae.co.kr/article/2026052121571778272
2026-05-21,"법원, 前 KTV 원장 구속영장 기각…""내란선전 성립 여부에 다툼 여지""",0.0,0,0,https://www.nocutnews.co.kr/news/6521244?utm_source=naver&utm_medium=article&utm_campaign=20260521095302
2026-05-21,"""폭염 취약계층 지원"" 지시 하루만에…李대통령, 쪽방촌 방문",0.0,0,0,https://www.nocutnews.co.kr/news/6521243?utm_source=naver&utm_medium=article&utm_campaign=20260521094902
2026-05-21,"카카오페이 신한은행, 착오송금 처리 3.4배 단축",0.0,0,0,http://www.technoa.co.kr/news/articleView.html?idxno=100942
2026-05-25,"게임업계 상반기 '콘솔 대전' 종료, 하반기 'MMORPG·방치형' 생존경쟁 ...",0.0,0,0,https://www.businesspost.co.kr/BP?command=article_view&num=438455
2026-05-25,"YG플러스 하이브 재계약으로 실적 방어각, 양민석 '탈 YG' 전략 서두른다",0.0,0,0,https://www.businesspost.co.kr/BP?command=article_view&num=438349
2026-05-25,"광주시, 호우 취약시설 186곳 민관 합동 집중점검",0.0,0,0,https://www.nocutnews.co.kr/news/6521540?utm_source=naver&utm_medium=article&utm_campaign=20260525060048
2026-05-25,"'정책 실종, 고발 난무'…6·3 지방선거 전국이 네거티브 전쟁",0.0,0,0,https://www.nocutnews.co.kr/news/6522038?utm_source=naver&utm_medium=article&utm_campaign=20260525060048
2026-05-25,여주가 선물한 땅 더 시에나 벨루토 CC,0.0,0,0,https://bravo.etoday.co.kr/view/atc_view/19125
2026-05-25,설립 2달만에 30년 벤처도 러브콜…'오마카세식 AX 교육' 뭐길래,0.0,0,0,https://www.mt.co.kr/future/2026/05/25/2026050718510334701
2026-05-25,"美당국자 ""이란, 핵합의 이행해야 자산 동결 해제""",0.0,0,0,https://www.nocutnews.co.kr/news/6522119?utm_source=naver&utm_medium=article&utm_campaign=20260525054748
2026-05-25,“7년 1위 스타벅스 밀렸다”…카톡 선물하기 왕좌 오른 ‘배민상품권’,0.0,0,0,https://www.segye.com/newsView/20260525500909?OutUrl=naver
2026-05-25,카카오 노사 이번주 최대 고비…IT 업계 촉각,0.0,0,0,https://www.yna.co.kr/view/AKR20260523049000017?input=1195m
2026-05-25,"트럼프 ""이란 종전 합의 서두르지 마라…핵무기 확보 안돼""",0.0,0,0,https://www.nocutnews.co.kr/news/6522118?utm_source=naver&utm_medium=article&utm_campaign=20260525053248
2026-05-25,"정용진, 내일 직접 대국민 사과",0.0,0,0,https://www.seoul.co.kr/news/economy/industry/2026/05/25/20260525030003?wlog_tag3=naver
2026-05-25,"[단독]김건희, 뒤늦게 '바쉐론' 시계값 이체…선고에 영향 줄까",0.0,0,0,https://www.nocutnews.co.kr/news/6522116?utm_source=naver&utm_medium=article&utm_campaign=20260525050103
2026-05-25,北 내고향축구단이 南에 남긴 것…'두 국가 딜레마',0.0,0,0,https://www.nocutnews.co.kr/news/6522113?utm_source=naver&utm_medium=article&utm_campaign=20260525050101
2026-05-25,"민주도 국힘도 단일화 갈등…울산 선거, 막판까지 혼돈",0.0,0,0,https://www.nocutnews.co.kr/news/6522112?utm_source=naver&utm_medium=article&utm_campaign=20260525050102
2026-05-25,공약보다 알고리즘?…'숏폼 선거전'의 빛과 그림자,0.0,0,0,https://www.nocutnews.co.kr/news/6522042?utm_source=naver&utm_medium=article&utm_campaign=20260525050058
2026-05-25,"김관영 44.1%, 이원택 40%…與지지자 41% ""金 지지""[CBS-KSOI]",0.0,0,0,https://www.nocutnews.co.kr/news/6522105?utm_source=naver&utm_medium=article&utm_campaign=20260525050059
2026-05-25,'혐오와의 전쟁' 나선 李대통령…'일베 폐쇄' 이어질까,0.0,0,0,https://www.nocutnews.co.kr/news/6522111?utm_source=naver&utm_medium=article&utm_campaign=20260525050059
2026-05-25,靑이 낸 '포용금융 숙제' 풀려는 당국…추진단 28일 윤곽,0.0,0,0,https://www.nocutnews.co.kr/news/6521751?utm_source=naver&utm_medium=article&utm_campaign=20260525050048
2026-05-25,"83세 최고령 후보, 도전 멈추지 않는 이유",0.0,0,0,https://www.nocutnews.co.kr/news/6521842?utm_source=naver&utm_medium=article&utm_campaign=20260525050055
2026-05-25,불법 웹툰 첫 긴급차단에도…텔레그램 타고 부활한 '뉴토끼',0.0,0,0,https://www.nocutnews.co.kr/news/6521916?utm_source=naver&utm_medium=article&utm_campaign=20260525050057
2026-05-25,"""너 나랑 장난해?"" 학부모가 학생들 앞 폭언…아나운서 출신 강사 '사직...",0.0,0,0,https://www.news1.kr/society/general-society/6176406
2026-05-25,[증시 머니무브] 은행 예금금리 올려 고객잡기… 증권사는 발행어음 방...,0.0,0,0,https://www.g-enews.com/view.php?ud=202605221647569120e30fcb1ba8_1
2026-05-25,제9회 전국동시자방선거 구자열 원주시장 후보 ｜#헬로이슈토크 #헬로t...,0.0,0,0,http://news.lghellovision.net/news/articleView.html?idxno=543733
2026-05-25,[Special Interview]제17회 서울문화투데이 문화대상 수상자 이상용 작가...,0.0,0,0,http://www.sctoday.co.kr/news/articleView.html?idxno=47852
2026-05-25,"[단독]6개월 걸릴 범죄분석 15일만에 뚝딱, 사기범 잡은 ‘AI 검사’",0.0,0,0,https://www.donga.com/news/Society/article/all/20260524/133984449/2
2026-05-25,CJ 여직원 330명 가족사진까지 유출… 내부 소행 무게,0.0,0,0,https://www.donga.com/news/Society/article/all/20260524/133984446/2
2026-05-25,스벅 직원에 “똑같은 X” 폭언… 신세계 “의도 없다 해명해도 믿겠나...,0.0,0,0,https://www.chosun.com/economy/market_trend/2026/05/25/OBRVEUFG7VCXVEHME7YITSQKG4/?utm_source=naver&utm_medium=referral&utm_campaign=naver-news
2026-05-25,[사설] AI로 조작한 '사이버 레커' 콘텐츠 엄벌해야,0.0,0,0,https://www.hankyung.com/article/2026052463811
2026-05-25,스타벅스 불매운동 여파에…'카톡 선물하기' 순위 급락,-0.462,0,1,https://www.slist.kr/news/articleView.html?idxno=741062
2026-05-25,월 250만원까지 압류 방지…은행권 '생계비통장' 출시 경쟁,0.0,0,0,https://www.theguru.co.kr/news/article.html?no=102019
2026-05-25,'원화 스테이블코인' 제도화 앞두고 금융권 선점 경쟁 본격화,0.0,0,0,https://www.insnews.co.kr/news/articleView.html?idxno=90936
2026-05-24,"주광덕-양향자, 강변북로 지하화 등 5대 사업 '자족 성장축' 시동",0.322,1,0,http://www.newstown.co.kr/news/articleView.html?idxno=704445
2026-05-24,"""구속영장 청구는 김상욱 취재 방해 목적의 정치 탄압"" 김세의 씨 주장...",0.0,0,0,https://www.pennmike.com/news/articleView.html?idxno=120999
2026-05-24,"‘부동의 1위’ 결국 내줬다…스타벅스, 불매 여파로 ‘카톡 선물하기’...",0.0,0,0,https://www.munhwa.com/article/11591017?ref=naver
2026-05-24,카톡 선물 1위 내준 스타벅스… 불매 여파에 6위로 급락,-0.462,0,1,https://www.newscj.com/news/articleView.html?idxno=3403570
2026-05-24,"'5·18 탱크데이' 논란 정용진 회장, 서면 사과 일주일만에 26일 대국민...",0.0,0,0,https://www.pointdaily.co.kr/news/articleView.html?idxno=305936
2026-05-24,"주광덕·양향자, 남양주서 ‘원팀’ 선언…“5대 핵심사업 자족도시 대...",0.0,0,0,https://view.asiae.co.kr/article/2026052422025507788
2026-05-24,스타벅스 불매 논란 속⋯'카톡 선물하기' 1위 자리 내줘,0.0,0,0,http://www.inews24.com/view/1971104
2026-05-24,‘탱크데이 논란’ 정용진 입건…스벅 불매 운동 여기까지 번졌다,-0.462,0,1,https://www.joongang.co.kr/article/25430938
2026-05-24,금감원 규제 밖 ‘스벅 선불카드’…‘60% 써야 환불’ 규정 논란,-0.408,0,1,https://www.khan.co.kr/article/202605242134005
2026-05-24,[금융업계기상도]케이뱅크 ‘맑음’·NH농협은행 ‘구름조금’,0.0,0,0,https://www.nspna.com/news/?mode=view&newsid=814265
2026-05-24,[업앤다운]은행주 전체 상승…케이뱅크·우리금융↑,0.537,2,0,https://www.nspna.com/news/?mode=view&newsid=814277
2026-05-24,[업앤다운]게임주 상승…넥써쓰↑·모비릭스↓,0.775,3,0,https://www.nspna.com/news/?mode=view&newsid=814309
2026-05-24,'기프티콘 선물은 스벅' 공식 깨졌다…카톡 선물하기 순위 급락,-0.462,0,1,http://www.kookje.co.kr/news2011/asp/newsbody.asp?code=0200&key=20260524.99099006232
2026-05-24,"'김수현 명예훼손' 김세의 씨 구속 기로에 판사 출신 문유진 변호사, ""질...",0.0,0,0,https://www.pennmike.com/news/articleView.html?idxno=120994
2026-05-24,논란에 인기 하락?…스타벅스 카톡 선물하기 순위 보니 ‘깜짝’,-0.645,0,2,https://www.seoul.co.kr/news/society/2026/05/24/20260524500098?wlog_tag3=naver
2026-05-24,스타벅스 불매 여파에…카톡 선물하기 배민 밀리며 순위 급락↘,-0.462,0,1,http://www.kdfnews.com/news/articleView.html?idxno=183514
2026-05-24,수입 트럭 명가도 매서운 추격전…만트럭 “한국은 전초기지” 스카니...,0.0,0,0,https://www.khan.co.kr/article/202605242042005
2026-05-24,"정용진 대면 사과 나선다…""부적절한 마케팅 사과""",0.0,0,0,http://www.yonhapnewstv.co.kr/news/MYH20260524203045Wx1
2026-05-24,커터칼로 선거 벽보 훼손한 60대 여성 검거,0.0,0,0,https://www.nocutnews.co.kr/news/6522109?utm_source=naver&utm_medium=article&utm_campaign=20260524081942
2026-05-24,"“잘 나가던 스타벅스, 카톡 선물하기 추락”…‘5·18 탱크데이’ 논란...",0.0,0,0,https://www.kyeonggi.com/article/20260524580180
2026-05-24,"""이란, 동결자산 해제 없이는 美와 어떤 합의도 없어""",0.0,0,0,https://www.nocutnews.co.kr/news/6522108?utm_source=naver&utm_medium=article&utm_campaign=20260524081442
2026-05-24,"경찰, 5·18 허위사실 유포 계정 37개 내사",0.0,0,0,https://www.nocutnews.co.kr/news/6522107?utm_source=naver&utm_medium=article&utm_campaign=20260524081242
2026-05-24,스타벅스 '카톡 선물 1위' 내줬다…불매 여파에 6위로 급락,-0.462,0,1,https://www.hankyung.com/article/2026052465017
2026-05-24,'국민 기프티콘' 흔들렸다…카톡 선물하기 1위 자리 내준 스타벅스,0.0,0,0,https://www.daejonilbo.com/news/articleView.html?idxno=2277139
2026-05-24,정용진 26일 스타벅스 논란 직접 대국민 사과한다,0.0,0,0,https://www.businessplus.kr/news/articleView.html?idxno=112165
2026-05-24,"스타벅스, 불매 논란 속 ‘카톡 선물’ 1위 자리 7년만에 내줬다…새 왕...",0.0,0,0,https://www.mk.co.kr/article/12056705
2026-05-24,"[단독]'한동훈 지지' 자원봉사 쉼터, 유사 선거사무소 의혹 선관위 조사",0.0,0,0,https://www.nocutnews.co.kr/news/6522106?utm_source=naver&utm_medium=article&utm_campaign=20260524081042
2026-05-24,파키스탄 열차 폭탄테러로 29명 사망…102명 부상,0.0,0,0,https://www.nocutnews.co.kr/news/6522104?utm_source=naver&utm_medium=article&utm_campaign=20260524075642
2026-05-24,스타벅스 불매 여파에…카톡 선물하기 순위 급락,-0.462,0,1,https://www.yna.co.kr/view/AKR20260524045700017?input=1195m
2026-05-24,"경찰, 5·18 왜곡 가짜기사 유포 50대 검거",0.0,0,0,https://www.nocutnews.co.kr/news/6522102?utm_source=naver&utm_medium=article&utm_campaign=20260524075342
2026-05-24,"정동영, 내고향 '귀국'에 ""작은 신뢰 가능성 엿보는 좋은 선례""",0.0,0,0,https://www.nocutnews.co.kr/news/6522101?utm_source=naver&utm_medium=article&utm_campaign=20260524080242
2026-05-24,"[포커스] 산업계 뒤흔든 '성과급 폭풍'…""노동운동도 양극화""",0.0,0,0,https://news.tvchosun.com/site/data/html_dir/2026/05/24/2026052490171.html
2026-05-24,"[금융 HOT 뉴스] 인터넷은행 3사, 1분기 중저신용 대출 확대",0.0,0,0,http://www.bizwnews.com/news/articleView.html?idxno=137254
2026-05-24,"박찬대·유정복 인천시장 후보 선대위, 인천시선관위 역할 놓고 '공방'",0.0,0,0,https://news.tf.co.kr/read/national/2325850.htm
2026-05-24,"키노, 도심 야경 배경으로 여유로운 순간…솔로 행보 속 근황",0.0,0,0,https://www.topstarnews.net/news/articleView.html?idxno=16070275
2026-05-24,"스타벅스, 카카오 선물하기 1위 내줬다…'탱크데이' 논란 여파?",0.0,0,0,https://www.newsis.com/view/NISX20260524_0003642551
2026-05-24,"'나는 솔로' 31기 영숙 ""허위사실 유포 등에 법적 대응 검토""",0.0,0,0,https://www.nocutnews.co.kr/news/6522096?utm_source=naver&utm_medium=article&utm_campaign=20260524070542
2026-05-24,스벅 선불충전금 4200억 달하는데… 규제는 ‘사각’ [뉴스 투데이],0.0,0,0,https://www.segye.com/newsView/20260524506884?OutUrl=naver
2026-05-24,연쇄 논란에 휘청이는 스벅… 정용진 26일 직접 대국민 사과,0.0,0,0,https://www.kmib.co.kr/article/view.asp?arcid=1779613188&code=11151400&cp=nv
2026-05-24,“스타벅스 선불금 돌려달라” 커지는 논란…정용진 회장 직접 사과 나...,0.0,0,0,https://www.seoul.co.kr/news/economy/industry/2026/05/24/20260524500090?wlog_tag3=naver
2026-05-24,첫 방송까지 단 한 주→전작 시청률 '8.2%' 흥행 이어간다…시청자 기대...,0.0,0,0,https://www.tvreport.co.kr/breaking/article/1047516/
2026-05-24,"경북여심위, 울진군수 경선 여론조사 '거짓응답 유도' 혐의로 후보자 동...",0.0,0,0,https://www.dkilbo.com/news/articleView.html?idxno=545046
2026-05-24,고객 선불충전금 4275억 쌓인 ‘스벅’ 감독 사각지대,0.0,0,0,https://www.busan.com/view/busan/view.php?code=2026052418131693782
2026-05-24,[편집국에서] '별다방'과 '멸공커피',0.0,0,0,https://www.busan.com/view/busan/view.php?code=2026052418005787046
2026-05-24,'카톡 선물' 1위 뺏기고…충전금 환불 소송전,-0.38,0,1,https://www.hankyung.com/article/2026052464201
2026-05-24,"유튜버 한솔, 정민 PD와 공개연애 심경 뭉클…""고민 참 오래했다""",0.0,0,0,https://www.nocutnews.co.kr/news/6522095?utm_source=naver&utm_medium=article&utm_campaign=20260524060541
2026-05-24,[여적] 힙한 불교,0.0,0,0,https://www.khan.co.kr/article/202605241805001
2026-05-24,지인 사무실까지 찾아가 흉기로 살해한 40대 남성 구속,0.0,0,0,https://www.nocutnews.co.kr/news/6522098?utm_source=naver&utm_medium=article&utm_campaign=20260524070942
2026-05-24,[데일리안 오늘뉴스 종합] 李대통령 “일베 폐쇄 검토 필요해 보여…국...,0.0,0,0,https://www.dailian.co.kr/news/view/1648092/?sc=Naver
2026-05-24,대기업 아닌데 '1300억'…'월급쟁이'도 주가 대박 터졌다,0.0,0,0,https://www.hankyung.com/article/2026052463921
2026-05-24,"착수 후 폭발했는데 환호성…스페이스X 스타십, 실패했는데 왜?[노컷브...",0.0,0,0,https://www.nocutnews.co.kr/news/6522097?utm_source=naver&utm_medium=article&utm_campaign=20260524054141
2026-05-24,코스닥 선진화 역행하는 휴온스·휴온스랩 합병,0.0,0,0,https://www.hankyung.com/article/2026052463091
2026-05-24,AI 돈 쏟는 네이버…카톡 올인하는 카카오,0.0,0,0,https://www.hankyung.com/article/2026052463081
2026-05-24,"""더러버서 광주 안 가"" 논란 野송언석, 뒤늦게 인정하고 사과",0.0,0,0,https://www.nocutnews.co.kr/news/6522087?utm_source=naver&utm_medium=article&utm_campaign=20260524052241
2026-05-24,"김관영 측 ""대통령 이용 의도 없어 유감""…민주당 ""후보직 사퇴"" 촉구",0.0,0,0,https://www.nocutnews.co.kr/news/6522086?utm_source=naver&utm_medium=article&utm_campaign=20260524052041
2026-05-24,"여연희, 손종원 셰프 '열애설'에 ""아는 오빠"" 부인",0.0,0,0,https://www.nocutnews.co.kr/news/6522077?utm_source=naver&utm_medium=article&utm_campaign=20260524050641
2026-05-24,"1분기 호실적 네카오, 광고 사업 확 키운다",0.583,1,0,https://www.mk.co.kr/article/12056574
2026-05-24,"네이버 ‘올인’→배당주 턴한 정원오, 상장폐지 2번 피한 오세훈",0.067,1,1,https://shindonga.donga.com/3/all/13/6237766/1
2026-05-24,"은행권, 출산율 반등에 '아이 적금' 경쟁…미래고객 선점 나서",0.322,1,0,https://daily.hankooki.com/news/articleView.html?idxno=1370056
2026-05-24,"""인천시장 후보 뉴스 여론지수 위법 아냐""…선관위 판단에 박찬대 캠프...",0.0,0,0,https://www.incheonilbo.com/news/articleView.html?idxno=1323599
2026-05-24,"5년전 강다니엘 ‘디시’에 졌다…李 호통에도 ‘일베 폐쇄’ 미지수, ...",0.0,0,0,https://www.joongang.co.kr/article/25430906
2026-05-24,"거세지는 정부의 스벅 압박...공정위, 환불 약관 개정 검토",0.0,0,0,https://www.joongang.co.kr/article/25430904
2026-05-24,"김경수 후보 측, 박완수 후보 '삼촌·지인 찬스' 의혹 총공세",0.0,0,0,https://www.nocutnews.co.kr/news/6522076?utm_source=naver&utm_medium=article&utm_campaign=20260524044340
2026-05-24,"LS그룹, 주간 시총 증가율 대형 그룹 1위…가온전선 '메타 4조 수주'가 ...",0.38,1,0,https://www.pinpointnews.co.kr/news/articleView.html?idxno=455012
2026-05-24,청주 마사지 업소서 성매매 업주·여성 무더기 덜미,0.0,0,0,https://www.nocutnews.co.kr/news/6522074?utm_source=naver&utm_medium=article&utm_campaign=20260524043241
2026-05-24,美-이란 60일 휴전 합의 임박…호르무즈 개방 포함(종합),0.0,0,0,https://www.nocutnews.co.kr/news/6522071?utm_source=naver&utm_medium=article&utm_campaign=20260524041540
2026-05-24,“매장에 모르는 남자가…” CJ 여성직원 330명 정보유출 ‘일상이 공포...,0.0,0,0,https://www.hani.co.kr/arti/economy/economy_general/1260153.html
2026-05-24,"박수현 캠프, 장동혁 고발…與 ""용서할 수 없는 일""",0.0,0,0,https://www.nocutnews.co.kr/news/6522069?utm_source=naver&utm_medium=article&utm_campaign=20260524060241
2026-05-24,"“더는 못 참겠다, 완전히 망했다”…카카오 주가 17만원→4만원, 주주...",0.0,0,0,https://www.wikitree.co.kr/articles/1138100
2026-07-21,"게임업계 상반기 '콘솔 대전' 종료, 하반기 'MMORPG·방치형' 생존경쟁 ...",0.0,0,0,https://www.businesspost.co.kr/BP?command=article_view&num=438455
2026-07-21,"YG플러스 하이브 재계약으로 실적 방어각, 양민석 '탈 YG' 전략 서두른다",0.0,0,0,https://www.businesspost.co.kr/BP?command=article_view&num=438349
2026-07-21,"광주시, 호우 취약시설 186곳 민관 합동 집중점검",0.0,0,0,https://www.nocutnews.co.kr/news/6521540?utm_source=naver&utm_medium=article&utm_campaign=20260525060048
2026-07-21,"'정책 실종, 고발 난무'…6·3 지방선거 전국이 네거티브 전쟁",0.0,0,0,https://www.nocutnews.co.kr/news/6522038?utm_source=naver&utm_medium=article&utm_campaign=20260525060048
2026-07-21,여주가 선물한 땅 더 시에나 벨루토 CC,0.0,0,0,https://bravo.etoday.co.kr/view/atc_view/19125
2026-07-21,설립 2달만에 30년 벤처도 러브콜…'오마카세식 AX 교육' 뭐길래,0.0,0,0,https://www.mt.co.kr/future/2026/05/25/2026050718510334701
2026-07-21,"美당국자 ""이란, 핵합의 이행해야 자산 동결 해제""",0.0,0,0,https://www.nocutnews.co.kr/news/6522119?utm_source=naver&utm_medium=article&utm_campaign=20260525054748
2026-07-21,“7년 1위 스타벅스 밀렸다”…카톡 선물하기 왕좌 오른 ‘배민상품권’,0.0,0,0,https://www.segye.com/newsView/20260525500909?OutUrl=naver
2026-07-21,카카오 노사 이번주 최대 고비…IT 업계 촉각,0.0,0,0,https://www.yna.co.kr/view/AKR20260523049000017?input=1195m
2026-07-21,"트럼프 ""이란 종전 합의 서두르지 마라…핵무기 확보 안돼""",0.0,0,0,https://www.nocutnews.co.kr/news/6522118?utm_source=naver&utm_medium=article&utm_campaign=20260525053248
2026-07-21,"정용진, 내일 직접 대국민 사과",0.0,0,0,https://www.seoul.co.kr/news/economy/industry/2026/05/25/20260525030003?wlog_tag3=naver
2026-07-21,"[단독]김건희, 뒤늦게 '바쉐론' 시계값 이체…선고에 영향 줄까",0.0,0,0,https://www.nocutnews.co.kr/news/6522116?utm_source=naver&utm_medium=article&utm_campaign=20260525050103
2026-07-21,北 내고향축구단이 南에 남긴 것…'두 국가 딜레마',0.0,0,0,https://www.nocutnews.co.kr/news/6522113?utm_source=naver&utm_medium=article&utm_campaign=20260525050101
2026-07-21,"민주도 국힘도 단일화 갈등…울산 선거, 막판까지 혼돈",0.0,0,0,https://www.nocutnews.co.kr/news/6522112?utm_source=naver&utm_medium=article&utm_campaign=20260525050102
2026-07-21,공약보다 알고리즘?…'숏폼 선거전'의 빛과 그림자,0.0,0,0,https://www.nocutnews.co.kr/news/6522042?utm_source=naver&utm_medium=article&utm_campaign=20260525050058
2026-07-21,"김관영 44.1%, 이원택 40%…與지지자 41% ""金 지지""[CBS-KSOI]",0.0,0,0,https://www.nocutnews.co.kr/news/6522105?utm_source=naver&utm_medium=article&utm_campaign=20260525050059
2026-07-21,'혐오와의 전쟁' 나선 李대통령…'일베 폐쇄' 이어질까,0.0,0,0,https://www.nocutnews.co.kr/news/6522111?utm_source=naver&utm_medium=article&utm_campaign=20260525050059
2026-07-21,靑이 낸 '포용금융 숙제' 풀려는 당국…추진단 28일 윤곽,0.0,0,0,https://www.nocutnews.co.kr/news/6521751?utm_source=naver&utm_medium=article&utm_campaign=20260525050048
2026-07-21,"83세 최고령 후보, 도전 멈추지 않는 이유",0.0,0,0,https://www.nocutnews.co.kr/news/6521842?utm_source=naver&utm_medium=article&utm_campaign=20260525050055
2026-07-21,불법 웹툰 첫 긴급차단에도…텔레그램 타고 부활한 '뉴토끼',0.0,0,0,https://www.nocutnews.co.kr/news/6521916?utm_source=naver&utm_medium=article&utm_campaign=20260525050057
2026-07-21,"""너 나랑 장난해?"" 학부모가 학생들 앞 폭언…아나운서 출신 강사 '사직...",0.0,0,0,https://www.news1.kr/society/general-society/6176406
2026-07-21,[증시 머니무브] 은행 예금금리 올려 고객잡기… 증권사는 발행어음 방...,0.0,0,0,https://www.g-enews.com/view.php?ud=202605221647569120e30fcb1ba8_1
2026-07-21,제9회 전국동시자방선거 구자열 원주시장 후보 ｜#헬로이슈토크 #헬로t...,0.0,0,0,http://news.lghellovision.net/news/articleView.html?idxno=543733
2026-07-21,[Special Interview]제17회 서울문화투데이 문화대상 수상자 이상용 작가...,0.0,0,0,http://www.sctoday.co.kr/news/articleView.html?idxno=47852
2026-07-21,"[단독]6개월 걸릴 범죄분석 15일만에 뚝딱, 사기범 잡은 ‘AI 검사’",0.0,0,0,https://www.donga.com/news/Society/article/all/20260524/133984449/2
2026-07-21,CJ 여직원 330명 가족사진까지 유출… 내부 소행 무게,0.0,0,0,https://www.donga.com/news/Society/article/all/20260524/133984446/2
2026-07-21,스벅 직원에 “똑같은 X” 폭언… 신세계 “의도 없다 해명해도 믿겠나...,0.0,0,0,https://www.chosun.com/economy/market_trend/2026/05/25/OBRVEUFG7VCXVEHME7YITSQKG4/?utm_source=naver&utm_medium=referral&utm_campaign=naver-news
2026-07-21,[사설] AI로 조작한 '사이버 레커' 콘텐츠 엄벌해야,0.0,0,0,https://www.hankyung.com/article/2026052463811
2026-07-21,스타벅스 불매운동 여파에…'카톡 선물하기' 순위 급락,-0.462,0,1,https://www.slist.kr/news/articleView.html?idxno=741062
2026-07-21,월 250만원까지 압류 방지…은행권 '생계비통장' 출시 경쟁,0.0,0,0,https://www.theguru.co.kr/news/article.html?no=102019
2026-07-21,'원화 스테이블코인' 제도화 앞두고 금융권 선점 경쟁 본격화,0.0,0,0,https://www.insnews.co.kr/news/articleView.html?idxno=90936
