date,close,volume,inst_net_buy,foreign_net_buy,foreign_net_buy_norm,inst_net_buy_norm,foreign_ratio_feat,short_proxy_score,source,foreign_ratio,personal_net_buy,inst_net_value,foreign_net_value
2016-12-01,34100.0,749451.0,0.0,0.0,-0.0,0.0,,0.0,ohlcv_proxy,,,,
2016-12-02,33400.0,932763.0,0.0,0.0,-0.0,0.0,,0.0,ohlcv_proxy,,,,
2016-12-05,34800.0,827683.0,0.0,0.0,-0.0,0.0,,0.0,ohlcv_proxy,,,,
2016-12-06,34900.0,442595.0,0.0,0.0,-0.0,0.0,,0.0,ohlcv_proxy,,,,
2016-12-07,34800.0,456565.0,0.0,0.0,-0.0,0.0,,0.0,ohlcv_proxy,,,,
2016-12-08,35600.0,675789.0,0.0,0.0,0.0,0.0,,0.0,ohlcv_proxy,,,,
2016-12-09,36400.0,762544.0,0.0,0.0,0.0,0.0,,0.0,ohlcv_proxy,,,,
2016-12-12,37050.0,677993.0,0.0,0.0,0.0,0.0,,0.0,ohlcv_proxy,,,,
2016-12-13,36000.0,430253.0,0.0,0.0,0.0,0.0,,0.0,ohlcv_proxy,,,,
2016-12-14,35550.0,326736.0,0.0,0.0,0.0,0.0,,0.0,ohlcv_proxy,,,,
2016-12-15,35550.0,294079.0,0.0,0.0,0.0,0.0,0.019835,0.0,ohlcv_proxy,,,,
2016-12-16,35900.0,338946.0,0.0,0.0,0.0,0.0,0.024665,0.0,ohlcv_proxy,,,,
2016-12-19,35000.0,328479.0,0.0,0.0,-0.0,0.0,0.003686,0.0,ohlcv_proxy,,,,
2016-12-20,34800.0,414926.0,0.0,0.0,-0.0,0.0,0.007787,0.0,ohlcv_proxy,,,,
2016-12-21,34050.0,534943.0,0.0,0.0,-0.0,0.0,-0.001097,0.0,ohlcv_proxy,,,,
2016-12-22,35000.0,518874.0,0.0,0.0,-0.0,0.0,-0.001754,0.0,ohlcv_proxy,,,,
2016-12-23,35300.0,228060.0,0.0,0.0,0.0,0.0,-0.005612,0.0,ohlcv_proxy,,,,
2016-12-26,35000.0,222362.0,0.0,0.0,-0.0,0.0,-0.005926,0.0,ohlcv_proxy,,,,
2016-12-27,35050.0,256961.0,0.0,0.0,-0.0,0.0,-0.005303,0.0,ohlcv_proxy,,,,
2016-12-28,35600.0,234724.0,0.0,0.0,0.0,0.0,0.001077,0.0,ohlcv_proxy,,,,
2016-12-29,35850.0,143474.0,0.0,0.0,0.0,0.0,0.003041,0.0,ohlcv_proxy,,,,
2017-01-02,35400.0,169698.0,0.0,0.0,0.0,0.0,-0.002346,0.0,ohlcv_proxy,,,,
2017-01-03,34950.0,289959.0,0.0,0.0,-0.0,0.0,-0.004665,0.0,ohlcv_proxy,,,,
2017-01-04,35600.0,326835.0,0.0,0.0,0.0,0.0,-0.001822,0.0,ohlcv_proxy,,,,
2017-01-05,36000.0,356017.0,0.0,0.0,0.0,0.0,-0.00014,0.0,ohlcv_proxy,,,,
2017-01-06,36450.0,489562.0,0.0,0.0,0.0,0.0,0.005035,0.0,ohlcv_proxy,,,,
2017-01-09,36850.0,378344.0,0.0,0.0,0.0,0.0,0.012627,0.0,ohlcv_proxy,,,,
2017-01-10,37000.0,551778.0,0.0,0.0,0.0,0.1,0.024743,0.0,ohlcv_proxy,,,,
2017-01-11,36900.0,482966.0,0.0,0.0,0.0,0.1,0.028971,0.0,ohlcv_proxy,,,,
2017-01-12,36050.0,476870.0,0.0,0.0,0.0,0.1,0.027369,0.0,ohlcv_proxy,,,,
2017-01-13,36200.0,256722.0,0.0,0.0,0.0,0.1,0.026441,0.0,ohlcv_proxy,,,,
2017-01-16,36550.0,364354.0,0.0,0.0,0.0,0.1,0.02398,0.0,ohlcv_proxy,,,,
2017-01-17,36100.0,296441.0,0.0,0.0,0.0,0.1,0.017026,0.0,ohlcv_proxy,,,,
2017-01-18,35250.0,339913.0,0.0,0.0,-0.0,0.1,0.005902,0.0,ohlcv_proxy,,,,
2017-01-19,34900.0,302177.0,0.0,0.0,-0.0,0.1,-0.003167,0.0,ohlcv_proxy,,,,
2017-01-20,35650.0,297584.0,0.0,0.0,-0.0,0.1,-0.007427,0.0,ohlcv_proxy,,,,
2017-01-23,34650.0,374972.0,0.0,0.0,-0.0,0.1,-0.018147,0.0,ohlcv_proxy,,,,
2017-01-24,34400.0,243454.0,0.0,0.0,-0.0,0.0,-0.025644,0.0,ohlcv_proxy,,,,
2017-01-25,34700.0,329759.0,0.0,0.0,-0.0,0.0,-0.02824,0.0,ohlcv_proxy,,,,
2017-01-26,37450.0,1125650.0,0.0,0.0,0.0,0.1,-0.000871,0.0,ohlcv_proxy,,,,
2017-01-31,37000.0,286897.0,0.0,0.0,0.0,0.1,0.00268,0.0,ohlcv_proxy,,,,
2017-02-01,36750.0,303592.0,0.0,0.0,0.0,0.1,0.010668,0.0,ohlcv_proxy,,,,
2017-02-02,36200.0,560216.0,0.0,0.0,0.0,0.1,0.012786,0.0,ohlcv_proxy,,,,
2017-02-03,37250.0,379194.0,0.0,0.0,0.0,0.1,0.019772,0.0,ohlcv_proxy,,,,
2017-02-06,37650.0,361782.0,0.0,0.0,0.0,0.1,0.014118,0.0,ohlcv_proxy,,,,
2017-02-07,37900.0,280490.0,0.0,0.0,0.0,0.1,0.016415,0.0,ohlcv_proxy,,,,
2017-02-08,37500.0,324772.0,0.0,0.0,0.0,0.1,0.019172,0.0,ohlcv_proxy,,,,
2017-02-09,35850.0,614183.0,0.0,0.0,-0.0,0.0,0.017788,0.0,ohlcv_proxy,,,,
2017-02-10,36100.0,449485.0,0.0,0.0,-0.0,0.0,0.012327,0.0,ohlcv_proxy,,,,
2017-02-13,35500.0,382714.0,0.0,0.0,-0.0,-0.1,0.002179,0.0,ohlcv_proxy,,,,
2017-02-14,35900.0,385727.0,0.0,0.0,-0.0,-0.1,-0.005191,0.0,ohlcv_proxy,,,,
2017-02-15,36850.0,633872.0,0.0,0.0,0.0,0.0,-0.005816,0.0,ohlcv_proxy,,,,
2017-02-16,35400.0,1489517.0,0.0,0.0,-0.0,-0.1,-0.009436,0.1,ohlcv_proxy,,,,
2017-02-17,35650.0,272106.0,0.0,0.0,-0.0,-0.1,-0.01141,0.1,ohlcv_proxy,,,,
2017-02-20,35200.0,255590.0,0.0,0.0,-0.0,-0.1,-0.012178,0.1,ohlcv_proxy,,,,
2017-02-21,35250.0,302835.0,0.0,0.0,-0.0,-0.1,-0.013757,0.1,ohlcv_proxy,,,,
2017-02-22,35850.0,321454.0,0.0,0.0,-0.0,-0.1,-0.022232,0.1,ohlcv_proxy,,,,
2017-02-23,35650.0,314634.0,0.0,0.0,-0.0,0.0,-0.020535,0.1,ohlcv_proxy,,,,
2017-02-24,35300.0,384796.0,0.0,0.0,-0.0,0.0,-0.023066,0.1,ohlcv_proxy,,,,
2017-02-27,35900.0,273379.0,0.0,0.0,0.0,0.0,-0.015384,0.1,ohlcv_proxy,,,,
2017-02-28,36900.0,550678.0,0.0,0.0,0.0,0.0,-0.003498,0.1,ohlcv_proxy,,,,
2017-03-02,36300.0,584725.0,0.0,0.0,0.0,-0.1,-0.000355,0.1,ohlcv_proxy,,,,
2017-03-03,35950.0,327058.0,0.0,0.0,-0.0,0.0,0.001148,0.0,ohlcv_proxy,,,,
2017-03-06,36050.0,121508.0,0.0,0.0,0.0,0.0,0.007321,0.0,ohlcv_proxy,,,,
2017-03-07,36900.0,411346.0,0.0,0.0,0.0,0.0,0.012936,0.0,ohlcv_proxy,,,,
2017-03-08,36500.0,249673.0,0.0,0.0,0.0,0.0,0.010729,0.0,ohlcv_proxy,,,,
2017-03-09,36250.0,329282.0,0.0,0.0,0.0,0.0,0.012169,0.0,ohlcv_proxy,,,,
2017-03-10,36650.0,207350.0,0.0,0.0,0.0,0.0,0.015633,0.0,ohlcv_proxy,,,,
2017-03-13,36900.0,172560.0,0.0,0.0,0.0,0.0,0.017722,0.0,ohlcv_proxy,,,,
2017-03-14,37150.0,262164.0,0.0,0.0,0.0,0.0,0.016536,0.0,ohlcv_proxy,,,,
2017-03-15,37500.0,307607.0,0.0,0.0,0.0,0.0,0.021175,0.0,ohlcv_proxy,,,,
2017-03-16,38600.0,631488.0,0.0,0.0,0.0,0.1,0.039695,0.0,ohlcv_proxy,,,,
2017-03-17,40200.0,743734.0,0.0,0.0,0.0,0.2,0.049349,0.0,ohlcv_proxy,,,,
2017-03-20,39850.0,408966.0,0.0,0.0,0.0,0.2,0.052208,0.0,ohlcv_proxy,,,,
2017-03-21,38600.0,523740.0,0.0,0.0,0.0,0.2,0.050136,0.0,ohlcv_proxy,,,,
2017-03-22,38000.0,491760.0,0.0,0.0,0.0,0.2,0.046042,0.0,ohlcv_proxy,,,,
2017-03-23,38050.0,307058.0,0.0,0.0,0.0,0.2,0.043417,0.0,ohlcv_proxy,,,,
2017-03-24,37650.0,265593.0,0.0,0.0,0.0,0.2,0.025091,0.0,ohlcv_proxy,,,,
2017-03-27,36200.0,584304.0,0.0,0.0,-0.0,0.1,0.001596,0.0,ohlcv_proxy,,,,
2017-03-28,36350.0,385187.0,0.0,0.0,-0.0,0.1,-0.011473,0.0,ohlcv_proxy,,,,
2017-03-29,36850.0,327055.0,0.0,0.0,-0.0,0.1,-0.019316,0.0,ohlcv_proxy,,,,
2017-03-30,37100.0,206329.0,0.0,0.0,-0.0,0.0,-0.026394,0.0,ohlcv_proxy,,,,
2017-03-31,36700.0,136500.0,0.0,0.0,-0.0,-0.1,-0.032093,0.0,ohlcv_proxy,,,,
2017-04-03,36350.0,150914.0,0.0,0.0,-0.0,-0.1,-0.028534,0.0,ohlcv_proxy,,,,
2017-04-04,35800.0,227896.0,0.0,0.0,-0.0,-0.1,-0.03013,0.0,ohlcv_proxy,,,,
2017-04-05,36850.0,243073.0,0.0,0.0,-0.0,-0.1,-0.0311,0.0,ohlcv_proxy,,,,
2017-04-06,37250.0,253300.0,0.0,0.0,0.0,-0.1,-0.030809,0.0,ohlcv_proxy,,,,
2017-04-07,37450.0,180823.0,0.0,0.0,0.0,-0.1,-0.02798,0.0,ohlcv_proxy,,,,
2017-04-10,36850.0,198120.0,0.0,0.0,-0.0,0.0,-0.025934,0.0,ohlcv_proxy,,,,
2017-04-11,37700.0,261079.0,0.0,0.0,0.0,0.0,-0.015727,0.0,ohlcv_proxy,,,,
2017-04-12,37350.0,117825.0,0.0,0.0,0.0,0.0,-0.013115,0.0,ohlcv_proxy,,,,
2017-04-13,37450.0,157608.0,0.0,0.0,0.0,0.0,-0.009655,0.0,ohlcv_proxy,,,,
2017-04-14,36400.0,400994.0,0.0,0.0,-0.0,0.0,-0.008447,0.0,ohlcv_proxy,,,,
2017-04-17,36350.0,262434.0,0.0,0.0,-0.0,0.0,-0.005591,0.0,ohlcv_proxy,,,,
2017-04-18,36950.0,151914.0,0.0,0.0,-0.0,0.0,-0.006498,0.0,ohlcv_proxy,,,,
2017-04-19,36150.0,369193.0,0.0,0.0,-0.0,0.0,-0.008037,0.0,ohlcv_proxy,,,,
2017-04-20,37000.0,248176.0,0.0,0.0,0.0,0.0,-0.006778,0.0,ohlcv_proxy,,,,
2017-04-21,37450.0,272665.0,0.0,0.0,0.0,0.0,-0.000311,0.0,ohlcv_proxy,,,,
2017-04-24,37500.0,169558.0,0.0,0.0,0.0,0.0,0.002296,0.0,ohlcv_proxy,,,,
2017-04-25,38650.0,602873.0,0.0,0.0,0.0,0.1,0.012215,0.0,ohlcv_proxy,,,,
2017-04-26,39800.0,768510.0,0.0,0.0,0.0,0.2,0.030491,0.0,ohlcv_proxy,,,,
2017-04-27,38800.0,360444.0,0.0,0.0,0.0,0.2,0.033453,0.0,ohlcv_proxy,,,,
2017-04-28,39150.0,252908.0,0.0,0.0,0.0,0.2,0.036581,0.0,ohlcv_proxy,,,,
2017-05-02,38800.0,293842.0,0.0,0.0,0.0,0.2,0.036263,0.0,ohlcv_proxy,,,,
2017-05-04,38300.0,261294.0,0.0,0.0,0.0,0.2,0.034522,0.0,ohlcv_proxy,,,,
2017-05-08,38200.0,174533.0,0.0,0.0,0.0,0.2,0.020302,0.0,ohlcv_proxy,,,,
2017-05-10,39000.0,298223.0,0.0,0.0,0.0,0.2,0.019113,0.0,ohlcv_proxy,,,,
2017-05-11,38600.0,247604.0,0.0,0.0,0.0,0.2,0.015131,0.0,ohlcv_proxy,,,,
2017-05-12,38700.0,200080.0,0.0,0.0,0.0,0.2,0.01265,0.0,ohlcv_proxy,,,,
2017-05-15,38700.0,199060.0,0.0,0.0,0.0,0.1,0.013915,0.0,ohlcv_proxy,,,,
2017-05-16,38450.0,586623.0,0.0,0.0,0.0,-0.1,0.011897,0.0,ohlcv_proxy,,,,
2017-05-17,38800.0,289571.0,0.0,0.0,0.0,-0.1,0.009641,0.0,ohlcv_proxy,,,,
2017-05-18,36900.0,974183.0,0.0,0.0,-0.0,-0.2,-0.007563,0.1,ohlcv_proxy,,,,
2017-05-19,36850.0,271605.0,0.0,0.0,-0.0,-0.2,-0.013005,0.1,ohlcv_proxy,,,,
2017-05-22,36500.0,333106.0,0.0,0.0,-0.0,-0.2,-0.018029,0.1,ohlcv_proxy,,,,
2017-05-23,37200.0,472967.0,0.0,0.0,-0.0,-0.2,-0.02697,0.1,ohlcv_proxy,,,,
2017-05-24,37200.0,400858.0,0.0,0.0,-0.0,-0.2,-0.031508,0.1,ohlcv_proxy,,,,
2017-05-25,37600.0,383354.0,0.0,0.0,-0.0,-0.2,-0.027271,0.1,ohlcv_proxy,,,,
2017-05-26,37400.0,341307.0,0.0,0.0,-0.0,-0.2,-0.024485,0.1,ohlcv_proxy,,,,
2017-05-29,37150.0,445161.0,0.0,0.0,-0.0,-0.2,-0.019215,0.1,ohlcv_proxy,,,,
2017-05-30,36850.0,345240.0,0.0,0.0,-0.0,-0.1,-0.014275,0.1,ohlcv_proxy,,,,
2017-05-31,37300.0,3673293.0,0.0,0.0,-0.0,0.0,-0.007725,0.1,ohlcv_proxy,,,,
2017-06-01,36650.0,871744.0,0.0,0.0,-0.0,0.0,-0.008012,0.0,ohlcv_proxy,,,,
2017-06-02,36150.0,610343.0,0.0,0.0,-0.0,0.0,-0.008375,0.0,ohlcv_proxy,,,,
2017-06-05,36550.0,262309.0,0.0,0.0,-0.0,0.0,-0.008123,0.0,ohlcv_proxy,,,,
2017-06-07,36650.0,265152.0,0.0,0.0,-0.0,0.0,-0.007541,0.0,ohlcv_proxy,,,,
2017-06-08,36250.0,281308.0,0.0,0.0,-0.0,0.0,-0.0206,0.0,ohlcv_proxy,,,,
2017-06-09,35950.0,363880.0,0.0,0.0,-0.0,0.0,-0.024098,0.0,ohlcv_proxy,,,,
2017-06-12,36100.0,237668.0,0.0,0.0,-0.0,0.0,-0.022287,0.0,ohlcv_proxy,,,,
2017-06-13,36300.0,322762.0,0.0,0.0,-0.0,0.0,-0.022167,0.0,ohlcv_proxy,,,,
2017-06-14,37250.0,418983.0,0.0,0.0,0.0,0.0,-0.015238,0.0,ohlcv_proxy,,,,
2017-06-15,36300.0,240413.0,0.0,0.0,-0.0,-0.1,-0.01331,0.0,ohlcv_proxy,,,,
2017-06-16,35850.0,879136.0,0.0,0.0,-0.0,-0.1,-0.01556,0.0,ohlcv_proxy,,,,
2017-06-19,34650.0,619780.0,0.0,0.0,-0.0,-0.1,-0.023062,0.0,ohlcv_proxy,,,,
2017-06-20,35000.0,347374.0,0.0,0.0,-0.0,-0.1,-0.026679,0.0,ohlcv_proxy,,,,
2017-06-21,34650.0,292223.0,0.0,0.0,-0.0,-0.1,-0.03572,0.0,ohlcv_proxy,,,,
2017-06-22,35750.0,317490.0,0.0,0.0,-0.0,-0.1,-0.035651,0.0,ohlcv_proxy,,,,
2017-06-23,35200.0,197760.0,0.0,0.0,-0.0,-0.1,-0.042171,0.0,ohlcv_proxy,,,,
2017-06-26,35200.0,210216.0,0.0,0.0,-0.0,-0.1,-0.035805,0.0,ohlcv_proxy,,,,
2017-06-27,35750.0,151056.0,0.0,0.0,-0.0,-0.1,-0.031407,0.0,ohlcv_proxy,,,,
2017-06-28,35400.0,116009.0,0.0,0.0,-0.0,-0.1,-0.025251,0.0,ohlcv_proxy,,,,
2017-06-29,35700.0,176032.0,0.0,0.0,-0.0,-0.1,-0.013848,0.0,ohlcv_proxy,,,,
2017-06-30,35600.0,100954.0,0.0,0.0,-0.0,0.0,-0.008683,0.0,ohlcv_proxy,,,,
2017-07-03,36100.0,132440.0,0.0,0.0,0.0,0.0,-0.001999,0.0,ohlcv_proxy,,,,
2017-07-04,35900.0,185760.0,0.0,0.0,0.0,0.0,-1.6e-05,0.0,ohlcv_proxy,,,,
2017-07-05,35400.0,128279.0,0.0,0.0,-0.0,0.0,0.00119,0.0,ohlcv_proxy,,,,
2017-07-06,35300.0,176141.0,0.0,0.0,-0.0,0.0,-0.000422,0.0,ohlcv_proxy,,,,
2017-07-07,34750.0,272317.0,0.0,0.0,-0.0,0.0,-0.006219,0.0,ohlcv_proxy,,,,
2017-07-10,35200.0,69228.0,0.0,0.0,-0.0,0.0,-0.009086,0.0,ohlcv_proxy,,,,
2017-07-11,35900.0,139735.0,0.0,0.0,0.0,0.0,-0.009132,0.0,ohlcv_proxy,,,,
2017-07-12,35350.0,130764.0,0.0,0.0,-0.0,0.0,-0.005115,0.0,ohlcv_proxy,,,,
2017-07-13,35300.0,148906.0,0.0,0.0,-0.0,0.0,-0.00384,0.0,ohlcv_proxy,,,,
2017-07-14,35350.0,98433.0,0.0,0.0,-0.0,0.0,0.006011,0.0,ohlcv_proxy,,,,
2017-07-17,34850.0,143255.0,0.0,0.0,-0.0,0.0,0.000579,0.0,ohlcv_proxy,,,,
2017-07-18,34750.0,238415.0,0.0,0.0,-0.0,0.0,-0.007404,0.0,ohlcv_proxy,,,,
2017-07-19,34650.0,235023.0,0.0,0.0,-0.0,0.0,-0.012114,0.0,ohlcv_proxy,,,,
2017-07-20,34150.0,297717.0,0.0,0.0,-0.0,-0.1,-0.015998,0.0,ohlcv_proxy,,,,
2017-07-21,34600.0,183679.0,0.0,0.0,-0.0,-0.1,-0.017034,0.0,ohlcv_proxy,,,,
2017-07-24,34550.0,120865.0,0.0,0.0,-0.0,-0.1,-0.017455,0.0,ohlcv_proxy,,,,
2017-07-25,34450.0,138969.0,0.0,0.0,-0.0,-0.1,-0.017728,0.0,ohlcv_proxy,,,,
2017-07-26,35050.0,336935.0,0.0,0.0,-0.0,0.0,-0.013252,0.0,ohlcv_proxy,,,,
2017-07-27,34550.0,186634.0,0.0,0.0,-0.0,0.0,-0.007906,0.0,ohlcv_proxy,,,,
2017-07-28,34550.0,96595.0,0.0,0.0,-0.0,0.0,-0.006872,0.0,ohlcv_proxy,,,,
2017-07-31,35400.0,209910.0,0.0,0.0,0.0,0.0,-0.001591,0.0,ohlcv_proxy,,,,
2017-08-01,35800.0,340420.0,0.0,0.0,0.0,0.1,0.006577,0.0,ohlcv_proxy,,,,
2017-08-02,35600.0,355110.0,0.0,0.0,0.0,0.0,0.009979,0.0,ohlcv_proxy,,,,
2017-08-03,36400.0,506170.0,0.0,0.0,0.0,0.2,0.018299,0.0,ohlcv_proxy,,,,
2017-08-04,36750.0,313477.0,0.0,0.0,0.0,0.2,0.021007,0.0,ohlcv_proxy,,,,
2017-08-07,38050.0,522693.0,0.0,0.0,0.0,0.3,0.028569,0.0,ohlcv_proxy,,,,
2017-08-08,37900.0,160653.0,0.0,0.0,0.0,0.3,0.033948,0.0,ohlcv_proxy,,,,
2017-08-09,37900.0,317403.0,0.0,0.0,0.0,0.2,0.041541,0.0,ohlcv_proxy,,,,
2017-08-10,37900.0,196956.0,0.0,0.0,0.0,0.2,0.049446,0.0,ohlcv_proxy,,,,
2017-08-11,37300.0,282341.0,0.0,0.0,0.0,0.2,0.050433,0.0,ohlcv_proxy,,,,
2017-08-14,37050.0,108604.0,0.0,0.0,0.0,0.2,0.04375,0.0,ohlcv_proxy,,,,
2017-08-16,37350.0,249021.0,0.0,0.0,0.0,0.1,0.037452,0.0,ohlcv_proxy,,,,
2017-08-17,37100.0,127711.0,0.0,0.0,0.0,0.2,0.029951,0.0,ohlcv_proxy,,,,
2017-08-18,36300.0,132674.0,0.0,0.0,-0.0,0.1,0.018763,0.0,ohlcv_proxy,,,,
2017-08-21,36050.0,60862.0,0.0,0.0,-0.0,0.1,0.012144,0.0,ohlcv_proxy,,,,
2017-08-22,36950.0,108198.0,0.0,0.0,0.0,0.0,0.01005,0.0,ohlcv_proxy,,,,
2017-08-23,37150.0,96451.0,0.0,0.0,0.0,0.0,0.003572,0.0,ohlcv_proxy,,,,
2017-08-24,35600.0,408954.0,0.0,0.0,-0.0,-0.1,-0.014525,0.0,ohlcv_proxy,,,,
2017-08-25,35450.0,118241.0,0.0,0.0,-0.0,-0.1,-0.019495,0.0,ohlcv_proxy,,,,
2017-08-28,35750.0,128952.0,0.0,0.0,-0.0,-0.1,-0.021059,0.0,ohlcv_proxy,,,,
2017-08-29,35950.0,152963.0,0.0,0.0,-0.0,-0.1,-0.025208,0.0,ohlcv_proxy,,,,
2017-08-30,36150.0,128000.0,0.0,0.0,-0.0,-0.1,-0.02917,0.0,ohlcv_proxy,,,,
2017-08-31,38150.0,456786.0,0.0,0.0,0.0,0.0,-0.003381,0.0,ohlcv_proxy,,,,
2017-09-01,37400.0,162881.0,0.0,0.0,0.0,0.0,0.000807,0.0,ohlcv_proxy,,,,
2017-09-04,37200.0,97598.0,0.0,0.0,0.0,0.0,0.004973,0.0,ohlcv_proxy,,,,
2017-09-05,37250.0,78226.0,0.0,0.0,0.0,0.0,0.01448,0.0,ohlcv_proxy,,,,
2017-09-06,36600.0,72919.0,0.0,0.0,-0.0,0.0,0.019275,0.0,ohlcv_proxy,,,,
2017-09-07,36500.0,107422.0,0.0,0.0,-0.0,0.1,0.004544,0.0,ohlcv_proxy,,,,
2017-09-08,36550.0,126055.0,0.0,0.0,-0.0,0.1,-0.00017,0.0,ohlcv_proxy,,,,
2017-09-11,36000.0,77971.0,0.0,0.0,-0.0,0.1,-0.004298,0.0,ohlcv_proxy,,,,
2017-09-12,37200.0,130295.0,0.0,0.0,0.0,0.1,-0.003013,0.0,ohlcv_proxy,,,,
2017-09-13,35900.0,140374.0,0.0,0.0,-0.0,0.1,-0.005186,0.0,ohlcv_proxy,,,,
2017-09-14,36550.0,172530.0,0.0,0.0,-0.0,0.0,-0.004017,0.0,ohlcv_proxy,,,,
2017-09-15,36900.0,138310.0,0.0,0.0,0.0,0.0,-0.002719,0.0,ohlcv_proxy,,,,
2017-09-18,37050.0,124958.0,0.0,0.0,0.0,0.0,0.000572,0.0,ohlcv_proxy,,,,
2017-09-19,37050.0,77482.0,0.0,0.0,0.0,0.0,-0.001013,0.0,ohlcv_proxy,,,,
2017-09-20,37500.0,151440.0,0.0,0.0,0.0,0.0,0.007878,0.0,ohlcv_proxy,,,,
2017-09-21,37300.0,132051.0,0.0,0.0,0.0,0.0,0.00774,0.0,ohlcv_proxy,,,,
2017-09-22,36900.0,136081.0,0.0,0.0,0.0,0.0,0.006093,0.0,ohlcv_proxy,,,,
2017-09-25,36800.0,153769.0,0.0,0.0,-0.0,0.0,0.003071,0.0,ohlcv_proxy,,,,
2017-09-26,37150.0,149436.0,0.0,0.0,0.0,0.0,0.001695,0.0,ohlcv_proxy,,,,
2017-09-27,36550.0,142763.0,0.0,0.0,-0.0,0.0,-0.003964,0.0,ohlcv_proxy,,,,
2017-09-28,36600.0,144054.0,0.0,0.0,-0.0,0.0,-0.001584,0.0,ohlcv_proxy,,,,
2017-09-29,36550.0,72947.0,0.0,0.0,-0.0,0.0,-0.001648,0.0,ohlcv_proxy,,,,
2017-10-10,36400.0,356969.0,0.0,0.0,-0.0,-0.1,-0.003963,0.0,ohlcv_proxy,,,,
2017-10-11,36400.0,150257.0,0.0,0.0,-0.0,-0.1,-0.006591,0.0,ohlcv_proxy,,,,
2017-10-12,37400.0,173253.0,0.0,0.0,0.0,-0.1,-0.003257,0.0,ohlcv_proxy,,,,
2017-10-13,37000.0,186693.0,0.0,0.0,0.0,-0.1,-0.001816,0.0,ohlcv_proxy,,,,
2017-10-16,38200.0,179779.0,0.0,0.0,0.0,-0.1,0.002839,0.0,ohlcv_proxy,,,,
2017-10-17,37950.0,308158.0,0.0,0.0,0.0,-0.2,0.013183,0.0,ohlcv_proxy,,,,
2017-10-18,37300.0,105600.0,0.0,0.0,0.0,-0.2,0.017206,0.0,ohlcv_proxy,,,,
2017-10-19,37150.0,105936.0,0.0,0.0,0.0,-0.2,0.015411,0.0,ohlcv_proxy,,,,
2017-10-20,38200.0,122459.0,0.0,0.0,0.0,-0.2,0.019549,0.0,ohlcv_proxy,,,,
2017-10-23,37650.0,87819.0,0.0,0.0,0.0,-0.2,0.015905,0.0,ohlcv_proxy,,,,
2017-10-24,37500.0,156945.0,0.0,0.0,0.0,-0.1,0.010593,0.0,ohlcv_proxy,,,,
2017-10-25,36900.0,271407.0,0.0,0.0,-0.0,-0.2,0.005588,0.0,ohlcv_proxy,,,,
2017-10-26,37150.0,88251.0,0.0,0.0,-0.0,-0.2,0.00617,0.0,ohlcv_proxy,,,,
2017-10-27,36900.0,105800.0,0.0,0.0,-0.0,-0.2,0.000824,0.0,ohlcv_proxy,,,,
2017-10-30,36900.0,84268.0,0.0,0.0,-0.0,-0.2,-0.001752,0.0,ohlcv_proxy,,,,
2017-10-31,36250.0,184264.0,0.0,0.0,-0.0,-0.1,-0.008831,0.0,ohlcv_proxy,,,,
2017-11-01,35200.0,264817.0,0.0,0.0,-0.0,-0.2,-0.021462,0.0,ohlcv_proxy,,,,
2017-11-02,36000.0,169709.0,0.0,0.0,-0.0,-0.2,-0.024433,0.0,ohlcv_proxy,,,,
2017-11-03,36450.0,124268.0,0.0,0.0,-0.0,-0.2,-0.025623,0.0,ohlcv_proxy,,,,
2017-11-06,35950.0,79184.0,0.0,0.0,-0.0,-0.2,-0.027864,0.0,ohlcv_proxy,,,,
2017-11-07,36050.0,106096.0,0.0,0.0,-0.0,-0.2,-0.03048,0.0,ohlcv_proxy,,,,
2017-11-08,36150.0,72549.0,0.0,0.0,-0.0,-0.1,-0.021704,0.0,ohlcv_proxy,,,,
2017-11-09,36150.0,66358.0,0.0,0.0,-0.0,-0.1,-0.019094,0.0,ohlcv_proxy,,,,
2017-11-10,35850.0,190750.0,0.0,0.0,-0.0,-0.1,-0.022136,0.0,ohlcv_proxy,,,,
2017-11-13,35300.0,135728.0,0.0,0.0,-0.0,-0.1,-0.022159,0.0,ohlcv_proxy,,,,
2017-11-14,34350.0,346911.0,0.0,0.0,-0.0,-0.2,-0.029123,0.1,ohlcv_proxy,,,,
2017-11-15,33750.0,198238.0,0.0,0.0,-0.0,-0.1,-0.034058,0.1,ohlcv_proxy,,,,
2017-11-16,33800.0,318346.0,0.0,0.0,-0.0,0.0,-0.03657,0.1,ohlcv_proxy,,,,
2017-11-17,33450.0,282535.0,0.0,0.0,-0.0,-0.1,-0.040911,0.1,ohlcv_proxy,,,,
2017-11-20,33950.0,75174.0,0.0,0.0,-0.0,-0.1,-0.042556,0.1,ohlcv_proxy,,,,
2017-11-21,33950.0,76263.0,0.0,0.0,-0.0,-0.1,-0.043591,0.1,ohlcv_proxy,,,,
2017-11-22,33600.0,79032.0,0.0,0.0,-0.0,-0.1,-0.038982,0.1,ohlcv_proxy,,,,
2017-11-23,33750.0,77802.0,0.0,0.0,-0.0,-0.1,-0.037867,0.1,ohlcv_proxy,,,,
2017-11-24,34400.0,119556.0,0.0,0.0,-0.0,-0.1,-0.025742,0.1,ohlcv_proxy,,,,
2017-11-27,34150.0,100055.0,0.0,0.0,-0.0,-0.1,-0.022291,0.1,ohlcv_proxy,,,,
2017-11-28,34500.0,93746.0,0.0,0.0,-0.0,0.0,-0.016402,0.0,ohlcv_proxy,,,,
2017-11-29,35150.0,241292.0,0.0,0.0,0.0,0.1,-0.003004,0.0,ohlcv_proxy,,,,
2017-11-30,35550.0,249194.0,0.0,0.0,0.0,0.1,0.008046,0.0,ohlcv_proxy,,,,
2017-12-01,34550.0,218105.0,0.0,0.0,-0.0,0.2,0.009636,0.0,ohlcv_proxy,,,,
2017-12-04,35150.0,194841.0,0.0,0.0,0.0,0.2,0.013122,0.0,ohlcv_proxy,,,,
2017-12-05,36850.0,623531.0,0.0,0.0,0.0,0.3,0.025432,0.0,ohlcv_proxy,,,,
2017-12-06,35800.0,143348.0,0.0,0.0,0.0,0.3,0.028345,0.0,ohlcv_proxy,,,,
2017-12-07,34700.0,4784993.0,0.0,0.0,-0.0,0.2,0.004656,0.1,ohlcv_proxy,,,,
2017-12-08,34150.0,233676.0,0.0,0.0,-0.0,0.2,0.005361,0.1,ohlcv_proxy,,,,
2017-12-11,34150.0,187930.0,0.0,0.0,-0.0,0.2,0.005077,0.1,ohlcv_proxy,,,,
2017-12-12,34750.0,127346.0,0.0,0.0,-0.0,0.2,-0.001846,0.1,ohlcv_proxy,,,,
2017-12-13,34600.0,186012.0,0.0,0.0,-0.0,0.1,-0.003343,0.1,ohlcv_proxy,,,,
2017-12-14,34250.0,259819.0,0.0,0.0,-0.0,0.0,-0.013099,0.1,ohlcv_proxy,,,,
2017-12-15,34100.0,338765.0,0.0,0.0,-0.0,0.0,-0.014542,0.1,ohlcv_proxy,,,,
2017-12-18,34400.0,236443.0,0.0,0.0,-0.0,0.0,-0.013143,0.1,ohlcv_proxy,,,,
2017-12-19,34100.0,172674.0,0.0,0.0,-0.0,-0.1,-0.015222,0.1,ohlcv_proxy,,,,
2017-12-20,34900.0,187067.0,0.0,0.0,0.0,-0.1,-0.014231,0.1,ohlcv_proxy,,,,
2017-12-21,35550.0,262872.0,0.0,0.0,0.0,0.0,-0.006921,0.0,ohlcv_proxy,,,,
2017-12-22,35100.0,100040.0,0.0,0.0,0.0,0.0,-0.000591,0.0,ohlcv_proxy,,,,
2017-12-26,35500.0,99840.0,0.0,0.0,0.0,0.0,0.004863,0.0,ohlcv_proxy,,,,
2017-12-27,35400.0,152878.0,0.0,0.0,0.0,0.0,0.012253,0.0,ohlcv_proxy,,,,
2017-12-28,35800.0,152496.0,0.0,0.0,0.0,0.0,0.017655,0.0,ohlcv_proxy,,,,
2018-01-02,36100.0,280269.0,0.0,0.0,0.0,0.0,0.022736,0.0,ohlcv_proxy,,,,
2018-01-03,36250.0,250953.0,0.0,0.0,0.0,0.0,0.027425,0.0,ohlcv_proxy,,,,
2018-01-04,35500.0,219288.0,0.0,0.0,0.0,0.0,0.025822,0.0,ohlcv_proxy,,,,
2018-01-05,35750.0,304371.0,0.0,0.0,0.0,0.0,0.029851,0.0,ohlcv_proxy,,,,
2018-01-08,35200.0,330277.0,0.0,0.0,-0.0,0.0,0.025465,0.0,ohlcv_proxy,,,,
2018-01-09,34500.0,313487.0,0.0,0.0,-0.0,0.0,0.011453,0.0,ohlcv_proxy,,,,
2018-01-10,35350.0,263085.0,0.0,0.0,0.0,0.0,0.005043,0.0,ohlcv_proxy,,,,
2018-01-11,35750.0,210754.0,0.0,0.0,0.0,0.0,0.004018,0.0,ohlcv_proxy,,,,
2018-01-12,36350.0,359947.0,0.0,0.0,0.0,0.1,0.005711,0.0,ohlcv_proxy,,,,
2018-01-15,36050.0,244211.0,0.0,0.0,0.0,0.1,0.008445,0.0,ohlcv_proxy,,,,
2018-01-16,36100.0,181548.0,0.0,0.0,0.0,0.1,0.015662,0.0,ohlcv_proxy,,,,
2018-01-17,35200.0,227074.0,0.0,0.0,-0.0,0.1,0.012893,0.0,ohlcv_proxy,,,,
2018-01-18,35800.0,162491.0,0.0,0.0,0.0,0.1,0.011346,0.0,ohlcv_proxy,,,,
2018-01-19,35650.0,137660.0,0.0,0.0,0.0,0.1,0.004202,0.0,ohlcv_proxy,,,,
2018-01-22,35450.0,128178.0,0.0,0.0,-0.0,0.1,-0.000239,0.0,ohlcv_proxy,,,,
2018-01-23,35650.0,136952.0,0.0,0.0,0.0,0.1,-0.003332,0.0,ohlcv_proxy,,,,
2018-01-24,35050.0,243952.0,0.0,0.0,-0.0,0.1,-0.004219,0.0,ohlcv_proxy,,,,
2018-01-25,35750.0,203593.0,0.0,0.0,0.0,0.1,-0.004344,0.0,ohlcv_proxy,,,,
2018-01-26,36800.0,310233.0,0.0,0.0,0.0,0.0,0.00388,0.0,ohlcv_proxy,,,,
2018-01-29,36900.0,255706.0,0.0,0.0,0.0,0.0,0.009938,0.0,ohlcv_proxy,,,,
2018-01-30,36950.0,236111.0,0.0,0.0,0.0,0.0,0.014624,0.0,ohlcv_proxy,,,,
2018-01-31,37000.0,251199.0,0.0,0.0,0.0,0.0,0.024158,0.0,ohlcv_proxy,,,,
2018-02-01,36350.0,173446.0,0.0,0.0,0.0,0.0,0.026186,0.0,ohlcv_proxy,,,,
2018-02-02,36050.0,120810.0,0.0,0.0,0.0,0.0,0.023499,0.0,ohlcv_proxy,,,,
2018-02-05,35700.0,137782.0,0.0,0.0,-0.0,0.0,0.016592,0.0,ohlcv_proxy,,,,
2018-02-06,34800.0,185965.0,0.0,0.0,-0.0,0.0,0.001539,0.0,ohlcv_proxy,,,,
2018-02-07,34600.0,223362.0,0.0,0.0,-0.0,0.0,-0.016083,0.0,ohlcv_proxy,,,,
2018-02-08,36300.0,317016.0,0.0,0.0,0.0,0.0,-0.013629,0.0,ohlcv_proxy,,,,
2018-02-09,36650.0,173113.0,0.0,0.0,0.0,0.0,-0.010019,0.0,ohlcv_proxy,,,,
2018-02-12,36100.0,186741.0,0.0,0.0,0.0,0.0,-0.008085,0.0,ohlcv_proxy,,,,
2018-02-13,34700.0,368870.0,0.0,0.0,-0.0,-0.1,-0.009271,0.0,ohlcv_proxy,,,,
2018-02-14,35300.0,84725.0,0.0,0.0,-0.0,-0.1,-0.005278,0.0,ohlcv_proxy,,,,
2018-02-19,35150.0,104612.0,0.0,0.0,-0.0,-0.1,-0.012216,0.0,ohlcv_proxy,,,,
2018-02-20,35350.0,88576.0,0.0,0.0,-0.0,-0.1,-0.019329,0.0,ohlcv_proxy,,,,
2018-02-21,35500.0,92659.0,0.0,0.0,-0.0,-0.1,-0.024755,0.0,ohlcv_proxy,,,,
2018-02-22,35000.0,103185.0,0.0,0.0,-0.0,-0.1,-0.017669,0.0,ohlcv_proxy,,,,
2018-02-23,34650.0,105653.0,0.0,0.0,-0.0,-0.1,-0.022014,0.0,ohlcv_proxy,,,,
2018-02-26,34200.0,243427.0,0.0,0.0,-0.0,-0.1,-0.029202,0.0,ohlcv_proxy,,,,
2018-02-27,34500.0,189613.0,0.0,0.0,-0.0,-0.1,-0.028905,0.0,ohlcv_proxy,,,,
2018-02-28,34000.0,190889.0,0.0,0.0,-0.0,-0.1,-0.030811,0.0,ohlcv_proxy,,,,
2018-03-02,33200.0,408230.0,0.0,0.0,-0.0,-0.1,-0.035062,0.1,ohlcv_proxy,,,,
2018-03-05,31950.0,431000.0,0.0,0.0,-0.0,-0.2,-0.040154,0.2,ohlcv_proxy,,,,
2018-03-06,32150.0,176958.0,0.0,0.0,-0.0,-0.2,-0.043751,0.2,ohlcv_proxy,,,,
2018-03-07,31600.0,500580.0,0.0,0.0,-0.0,-0.3,-0.049899,0.2,ohlcv_proxy,,,,
2018-03-08,31950.0,143689.0,0.0,0.0,-0.0,-0.3,-0.053035,0.2,ohlcv_proxy,,,,
2018-03-09,31750.0,229339.0,0.0,0.0,-0.0,-0.3,-0.059077,0.2,ohlcv_proxy,,,,
2018-03-12,31900.0,310609.0,0.0,0.0,-0.0,-0.3,-0.054901,0.2,ohlcv_proxy,,,,
2018-03-13,32250.0,209966.0,0.0,0.0,-0.0,-0.3,-0.046811,0.2,ohlcv_proxy,,,,
2018-03-14,32750.0,194998.0,0.0,0.0,-0.0,-0.3,-0.034178,0.2,ohlcv_proxy,,,,
2018-03-15,32350.0,99376.0,0.0,0.0,-0.0,-0.3,-0.028588,0.2,ohlcv_proxy,,,,
2018-03-16,33050.0,169466.0,0.0,0.0,-0.0,-0.2,-0.016723,0.1,ohlcv_proxy,,,,
2018-03-19,33100.0,137521.0,0.0,0.0,-0.0,-0.1,-0.006098,0.0,ohlcv_proxy,,,,
2018-03-20,32850.0,216456.0,0.0,0.0,-0.0,-0.1,0.000383,0.0,ohlcv_proxy,,,,
2018-03-21,32150.0,198516.0,0.0,0.0,-0.0,0.0,-0.001538,0.0,ohlcv_proxy,,,,
2018-03-22,32300.0,125104.0,0.0,0.0,-0.0,0.0,7.6e-05,0.0,ohlcv_proxy,,,,
2018-03-23,31600.0,128192.0,0.0,0.0,-0.0,0.0,-0.004945,0.0,ohlcv_proxy,,,,
2018-03-26,31550.0,138999.0,0.0,0.0,-0.0,0.0,-0.010619,0.0,ohlcv_proxy,,,,
2018-03-27,32000.0,259313.0,0.0,0.0,-0.0,0.0,-0.01384,0.0,ohlcv_proxy,,,,
2018-03-28,31650.0,92299.0,0.0,0.0,-0.0,0.0,-0.013389,0.0,ohlcv_proxy,,,,
2018-03-29,31550.0,86496.0,0.0,0.0,-0.0,0.0,-0.014191,0.0,ohlcv_proxy,,,,
2018-03-30,31400.0,92216.0,0.0,0.0,-0.0,0.0,-0.011047,0.0,ohlcv_proxy,,,,
2018-04-02,31000.0,174917.0,0.0,0.0,-0.0,0.0,-0.014441,0.0,ohlcv_proxy,,,,
2018-04-03,30800.0,179271.0,0.0,0.0,-0.0,0.0,-0.024894,0.0,ohlcv_proxy,,,,
2018-04-04,30700.0,86963.0,0.0,0.0,-0.0,0.0,-0.029883,0.0,ohlcv_proxy,,,,
2018-04-05,30650.0,124261.0,0.0,0.0,-0.0,0.0,-0.032784,0.0,ohlcv_proxy,,,,
2018-04-06,31250.0,167044.0,0.0,0.0,-0.0,0.0,-0.031563,0.0,ohlcv_proxy,,,,
2018-04-09,31050.0,160079.0,0.0,0.0,-0.0,0.0,-0.029941,0.0,ohlcv_proxy,,,,
2018-04-10,32200.0,216968.0,0.0,0.0,0.0,0.0,-0.017433,0.0,ohlcv_proxy,,,,
2018-04-11,31050.0,195763.0,0.0,0.0,-0.0,0.0,-0.01402,0.0,ohlcv_proxy,,,,
2018-04-12,31250.0,187902.0,0.0,0.0,-0.0,0.0,-0.010102,0.0,ohlcv_proxy,,,,
2018-04-13,31250.0,97756.0,0.0,0.0,-0.0,0.0,-0.006958,0.0,ohlcv_proxy,,,,
2018-04-16,31400.0,74856.0,0.0,0.0,-0.0,0.0,-0.002336,0.0,ohlcv_proxy,,,,
2018-04-17,31200.0,108746.0,0.0,0.0,-0.0,0.0,-0.007765,0.0,ohlcv_proxy,,,,
2018-04-18,31300.0,146323.0,0.0,0.0,-0.0,0.0,-0.003696,0.0,ohlcv_proxy,,,,
2018-04-19,32050.0,292121.0,0.0,0.0,0.0,0.1,0.005705,0.0,ohlcv_proxy,,,,
2018-04-20,32300.0,115715.0,0.0,0.0,0.0,0.1,0.009838,0.0,ohlcv_proxy,,,,
2018-04-23,32200.0,127949.0,0.0,0.0,0.0,0.1,0.012326,0.0,ohlcv_proxy,,,,
2018-04-24,31700.0,76618.0,0.0,0.0,0.0,0.1,0.016197,0.0,ohlcv_proxy,,,,
2018-04-25,31300.0,154476.0,0.0,0.0,-0.0,0.1,0.016435,0.0,ohlcv_proxy,,,,
2018-04-26,31650.0,96610.0,0.0,0.0,-0.0,0.1,0.012814,0.0,ohlcv_proxy,,,,
2018-04-27,31550.0,141974.0,0.0,0.0,-0.0,0.1,0.007593,0.0,ohlcv_proxy,,,,
2018-04-30,32600.0,336738.0,0.0,0.0,0.0,0.2,0.012448,0.0,ohlcv_proxy,,,,
2018-05-02,32600.0,211585.0,0.0,0.0,0.0,0.2,0.013981,0.0,ohlcv_proxy,,,,
2018-05-03,32250.0,244469.0,0.0,0.0,0.0,0.2,0.016614,0.0,ohlcv_proxy,,,,
2018-05-04,31950.0,136066.0,0.0,0.0,0.0,0.1,0.015487,0.0,ohlcv_proxy,,,,
2018-05-08,31800.0,125332.0,0.0,0.0,-0.0,0.1,0.015887,0.0,ohlcv_proxy,,,,
2018-05-09,32050.0,151878.0,0.0,0.0,0.0,0.1,0.009581,0.0,ohlcv_proxy,,,,
2018-05-10,32050.0,303405.0,0.0,0.0,0.0,0.1,0.00554,0.0,ohlcv_proxy,,,,
2018-05-11,32550.0,242939.0,0.0,0.0,0.0,0.1,0.004873,0.0,ohlcv_proxy,,,,
2018-05-14,32400.0,373566.0,0.0,0.0,0.0,0.0,0.005541,0.0,ohlcv_proxy,,,,
2018-05-15,32700.0,148808.0,0.0,0.0,0.0,0.0,0.007184,0.0,ohlcv_proxy,,,,
2018-05-16,32500.0,119951.0,0.0,0.0,0.0,-0.1,0.007977,0.0,ohlcv_proxy,,,,
2018-05-17,32300.0,84341.0,0.0,0.0,0.0,-0.1,0.010037,0.0,ohlcv_proxy,,,,
2018-05-18,33200.0,205477.0,0.0,0.0,0.0,-0.1,0.011522,0.0,ohlcv_proxy,,,,
2018-05-21,33000.0,154989.0,0.0,0.0,0.0,-0.1,0.016171,0.0,ohlcv_proxy,,,,
2018-05-23,32500.0,155999.0,0.0,0.0,0.0,-0.1,0.014521,0.0,ohlcv_proxy,,,,
2018-05-24,33200.0,186025.0,0.0,0.0,0.0,-0.1,0.017359,0.0,ohlcv_proxy,,,,
2018-05-25,34100.0,736311.0,0.0,0.0,0.0,0.0,0.027277,0.0,ohlcv_proxy,,,,
2018-05-28,34600.0,238882.0,0.0,0.0,0.0,0.0,0.029158,0.0,ohlcv_proxy,,,,
2018-05-29,34200.0,195995.0,0.0,0.0,0.0,0.1,0.030572,0.0,ohlcv_proxy,,,,
2018-05-30,32950.0,236147.0,0.0,0.0,0.0,0.1,0.029054,0.0,ohlcv_proxy,,,,
2018-05-31,33900.0,326398.0,0.0,0.0,0.0,0.1,0.028387,0.0,ohlcv_proxy,,,,
2018-06-01,33950.0,194712.0,0.0,0.0,0.0,0.1,0.02424,0.0,ohlcv_proxy,,,,
2018-06-04,33800.0,188641.0,0.0,0.0,0.0,0.1,0.017011,0.0,ohlcv_proxy,,,,
2018-06-05,34600.0,165492.0,0.0,0.0,0.0,0.1,0.015716,0.0,ohlcv_proxy,,,,
2018-06-07,34300.0,213850.0,0.0,0.0,0.0,0.1,0.021518,0.0,ohlcv_proxy,,,,
2018-06-08,34000.0,167879.0,0.0,0.0,0.0,0.1,0.020939,0.0,ohlcv_proxy,,,,
2018-06-11,34200.0,171402.0,0.0,0.0,0.0,0.0,0.018768,0.0,ohlcv_proxy,,,,
2018-06-12,33950.0,414771.0,0.0,0.0,0.0,-0.1,0.015517,0.0,ohlcv_proxy,,,,
2018-06-14,32300.0,1291817.0,0.0,0.0,-0.0,-0.2,-0.010362,0.1,ohlcv_proxy,,,,
2018-06-15,31450.0,428787.0,0.0,0.0,-0.0,-0.2,-0.018254,0.1,ohlcv_proxy,,,,
2018-06-18,31150.0,212758.0,0.0,0.0,-0.0,-0.2,-0.023007,0.1,ohlcv_proxy,,,,
2018-06-19,30650.0,241112.0,0.0,0.0,-0.0,-0.2,-0.028958,0.1,ohlcv_proxy,,,,
2018-06-20,30650.0,263044.0,0.0,0.0,-0.0,-0.2,-0.039914,0.1,ohlcv_proxy,,,,
2018-06-21,31000.0,225546.0,0.0,0.0,-0.0,-0.2,-0.058243,0.1,ohlcv_proxy,,,,
2018-06-22,30950.0,174403.0,0.0,0.0,-0.0,-0.2,-0.062214,0.1,ohlcv_proxy,,,,
2018-06-25,32100.0,214899.0,0.0,0.0,-0.0,-0.2,-0.055615,0.1,ohlcv_proxy,,,,
2018-06-26,32250.0,157381.0,0.0,0.0,0.0,-0.2,-0.042148,0.1,ohlcv_proxy,,,,
2018-06-27,31100.0,203252.0,0.0,0.0,-0.0,-0.1,-0.033976,0.1,ohlcv_proxy,,,,
2018-06-28,31000.0,97308.0,0.0,0.0,-0.0,0.0,-0.029335,0.0,ohlcv_proxy,,,,
2018-06-29,32000.0,158785.0,0.0,0.0,-0.0,0.0,-0.021805,0.0,ohlcv_proxy,,,,
2018-07-02,31100.0,96678.0,0.0,0.0,-0.0,0.0,-0.024395,0.0,ohlcv_proxy,,,,
2018-07-03,31150.0,92413.0,0.0,0.0,-0.0,0.0,-0.028982,0.0,ohlcv_proxy,,,,
2018-07-04,31650.0,61416.0,0.0,0.0,-0.0,0.0,-0.023093,0.0,ohlcv_proxy,,,,
2018-07-05,30850.0,91341.0,0.0,0.0,-0.0,0.0,-0.020591,0.0,ohlcv_proxy,,,,
2018-07-06,31400.0,66346.0,0.0,0.0,-0.0,0.0,-0.024475,0.0,ohlcv_proxy,,,,
2018-07-09,31050.0,82549.0,0.0,0.0,-0.0,0.0,-0.022019,0.0,ohlcv_proxy,,,,
2018-07-10,30850.0,145658.0,0.0,0.0,-0.0,0.0,-0.021633,0.0,ohlcv_proxy,,,,
2018-07-11,30400.0,137114.0,0.0,0.0,-0.0,0.0,-0.021766,0.0,ohlcv_proxy,,,,
2018-07-12,30150.0,249215.0,0.0,0.0,-0.0,0.0,-0.017398,0.0,ohlcv_proxy,,,,
2018-07-13,30450.0,155462.0,0.0,0.0,-0.0,0.0,-0.018043,0.0,ohlcv_proxy,,,,
2018-07-16,30700.0,130601.0,0.0,0.0,-0.0,0.0,-0.018071,0.0,ohlcv_proxy,,,,
2018-07-17,30750.0,111114.0,0.0,0.0,-0.0,0.0,-0.019725,0.0,ohlcv_proxy,,,,
2018-07-18,30200.0,99602.0,0.0,0.0,-0.0,0.0,-0.020758,0.0,ohlcv_proxy,,,,
2018-07-19,30000.0,191943.0,0.0,0.0,-0.0,0.0,-0.01921,0.0,ohlcv_proxy,,,,
2018-07-20,30250.0,92155.0,0.0,0.0,-0.0,0.0,-0.01963,0.0,ohlcv_proxy,,,,
2018-07-23,30550.0,117800.0,0.0,0.0,-0.0,0.0,-0.017126,0.0,ohlcv_proxy,,,,
2018-07-24,30850.0,119070.0,0.0,0.0,0.0,0.0,-0.013497,0.0,ohlcv_proxy,,,,
2018-07-25,30850.0,133425.0,0.0,0.0,0.0,0.0,-0.008652,0.0,ohlcv_proxy,,,,
2018-07-26,31400.0,154403.0,0.0,0.0,0.0,0.0,0.002653,0.0,ohlcv_proxy,,,,
2018-07-27,32350.0,209403.0,0.0,0.0,0.0,0.1,0.017287,0.0,ohlcv_proxy,,,,
2018-07-30,33200.0,206635.0,0.0,0.0,0.0,0.2,0.030217,0.0,ohlcv_proxy,,,,
2018-07-31,33250.0,190188.0,0.0,0.0,0.0,0.2,0.038863,0.0,ohlcv_proxy,,,,
2018-08-01,33200.0,139879.0,0.0,0.0,0.0,0.2,0.047181,0.0,ohlcv_proxy,,,,
2018-08-02,32750.0,124209.0,0.0,0.0,0.0,0.2,0.052164,0.0,ohlcv_proxy,,,,
2018-08-03,33100.0,150078.0,0.0,0.0,0.0,0.2,0.05497,0.0,ohlcv_proxy,,,,
2018-08-06,33550.0,153500.0,0.0,0.0,0.0,0.2,0.05306,0.0,ohlcv_proxy,,,,
2018-08-07,33700.0,110275.0,0.0,0.0,0.0,0.2,0.05137,0.0,ohlcv_proxy,,,,
2018-08-08,33750.0,109959.0,0.0,0.0,0.0,0.2,0.04988,0.0,ohlcv_proxy,,,,
2018-08-09,34000.0,123508.0,0.0,0.0,0.0,0.2,0.049465,0.0,ohlcv_proxy,,,,
2018-08-10,33750.0,118588.0,0.0,0.0,0.0,0.1,0.048882,0.0,ohlcv_proxy,,,,
2018-08-13,33650.0,173045.0,0.0,0.0,0.0,0.0,0.044402,0.0,ohlcv_proxy,,,,
2018-08-14,34300.0,117000.0,0.0,0.0,0.0,0.0,0.043141,0.0,ohlcv_proxy,,,,
2018-08-16,34450.0,153636.0,0.0,0.0,0.0,0.0,0.041843,0.0,ohlcv_proxy,,,,
2018-08-17,34550.0,228688.0,0.0,0.0,0.0,0.1,0.036399,0.0,ohlcv_proxy,,,,
2018-08-20,34600.0,217752.0,0.0,0.0,0.0,0.1,0.035041,0.0,ohlcv_proxy,,,,
2018-08-21,34800.0,148103.0,0.0,0.0,0.0,0.1,0.035999,0.0,ohlcv_proxy,,,,
2018-08-22,34600.0,115006.0,0.0,0.0,0.0,0.1,0.032773,0.0,ohlcv_proxy,,,,
2018-08-23,35000.0,137195.0,0.0,0.0,0.0,0.1,0.029935,0.0,ohlcv_proxy,,,,
2018-08-24,34850.0,128801.0,0.0,0.0,0.0,0.1,0.026995,0.0,ohlcv_proxy,,,,
2018-08-27,34900.0,135639.0,0.0,0.0,0.0,0.1,0.024744,0.0,ohlcv_proxy,,,,
2018-08-28,35500.0,340394.0,0.0,0.0,0.0,0.2,0.026125,0.0,ohlcv_proxy,,,,
2018-08-29,34800.0,10684681.0,0.0,0.0,0.0,0.1,0.003972,0.0,ohlcv_proxy,,,,
2018-08-30,33650.0,639216.0,0.0,0.0,-0.0,0.1,0.003031,0.0,ohlcv_proxy,,,,
2018-08-31,35600.0,1625917.0,0.0,0.0,0.0,0.1,0.002655,0.0,ohlcv_proxy,,,,
2018-09-03,35650.0,1104675.0,0.0,0.0,0.0,0.1,0.002256,0.0,ohlcv_proxy,,,,
2018-09-04,34650.0,249294.0,0.0,0.0,0.0,0.1,0.001466,0.0,ohlcv_proxy,,,,
2018-09-05,35650.0,280723.0,0.0,0.0,0.0,0.1,0.010469,0.0,ohlcv_proxy,,,,
2018-09-06,35600.0,183898.0,0.0,0.0,0.0,0.1,0.019027,0.0,ohlcv_proxy,,,,
2018-09-07,36000.0,212134.0,0.0,0.0,0.0,0.1,0.01866,0.0,ohlcv_proxy,,,,
2018-09-10,36150.0,176632.0,0.0,0.0,0.0,0.1,0.018157,0.0,ohlcv_proxy,,,,
2018-09-11,36400.0,126352.0,0.0,0.0,0.0,0.0,0.027194,0.0,ohlcv_proxy,,,,
2018-09-12,36050.0,166320.0,0.0,0.0,0.0,0.1,0.029904,0.0,ohlcv_proxy,,,,
2018-09-13,36600.0,243498.0,0.0,0.0,0.0,0.1,0.035846,0.0,ohlcv_proxy,,,,
2018-09-14,36200.0,200659.0,0.0,0.0,0.0,0.0,0.036597,0.0,ohlcv_proxy,,,,
2018-09-17,36650.0,108514.0,0.0,0.0,0.0,0.0,0.038302,0.0,ohlcv_proxy,,,,
2018-09-18,36600.0,121911.0,0.0,0.0,0.0,0.0,0.038732,0.0,ohlcv_proxy,,,,
2018-09-19,36700.0,165148.0,0.0,0.0,0.0,0.0,0.041827,0.0,ohlcv_proxy,,,,
2018-09-20,37750.0,261306.0,0.0,0.0,0.0,0.0,0.050621,0.0,ohlcv_proxy,,,,
2018-09-21,38550.0,267379.0,0.0,0.0,0.0,0.0,0.066907,0.0,ohlcv_proxy,,,,
2018-09-27,40100.0,374354.0,0.0,0.0,0.0,0.0,0.08896,0.0,ohlcv_proxy,,,,
2018-09-28,40400.0,380463.0,0.0,0.0,0.0,0.0,0.104782,0.0,ohlcv_proxy,,,,
2018-10-01,40000.0,231237.0,0.0,0.0,0.0,0.0,0.085029,0.0,ohlcv_proxy,,,,
2018-10-02,39700.0,122644.0,0.0,0.0,0.0,0.0,0.084864,0.0,ohlcv_proxy,,,,
2018-10-04,39850.0,265908.0,0.0,0.0,0.0,0.0,0.076955,0.0,ohlcv_proxy,,,,
2018-10-05,40000.0,144807.0,0.0,0.0,0.0,0.0,0.062291,0.0,ohlcv_proxy,,,,
2018-10-08,39850.0,176205.0,0.0,0.0,0.0,0.0,0.050096,0.0,ohlcv_proxy,,,,
2018-10-10,38600.0,295444.0,0.0,0.0,0.0,0.0,0.034052,0.0,ohlcv_proxy,,,,
2018-10-11,38050.0,266818.0,0.0,0.0,0.0,0.0,0.021994,0.0,ohlcv_proxy,,,,
2018-10-12,37850.0,386213.0,0.0,0.0,-0.0,-0.1,0.006031,0.0,ohlcv_proxy,,,,
2018-10-15,38650.0,178372.0,0.0,0.0,0.0,-0.1,-0.000409,0.0,ohlcv_proxy,,,,
2018-10-16,38600.0,110811.0,0.0,0.0,0.0,-0.1,-0.006849,0.0,ohlcv_proxy,,,,
2018-10-17,38450.0,128285.0,0.0,0.0,0.0,-0.1,-0.011045,0.0,ohlcv_proxy,,,,
2018-10-18,38800.0,168876.0,0.0,0.0,0.0,-0.1,-0.010394,0.0,ohlcv_proxy,,,,
2018-10-19,38500.0,199019.0,0.0,0.0,0.0,-0.1,-0.005933,0.0,ohlcv_proxy,,,,
2018-10-22,38500.0,119387.0,0.0,0.0,0.0,-0.1,-0.007817,0.0,ohlcv_proxy,,,,
2018-10-23,37350.0,134700.0,0.0,0.0,-0.0,-0.1,-0.013986,0.0,ohlcv_proxy,,,,
2018-10-24,36200.0,362180.0,0.0,0.0,-0.0,-0.2,-0.031336,0.0,ohlcv_proxy,,,,
2018-10-25,35050.0,367986.0,0.0,0.0,-0.0,-0.3,-0.05022,0.0,ohlcv_proxy,,,,
2018-10-26,34900.0,303972.0,0.0,0.0,-0.0,-0.2,-0.062516,0.0,ohlcv_proxy,,,,
2018-10-29,34700.0,313510.0,0.0,0.0,-0.0,-0.2,-0.065154,0.0,ohlcv_proxy,,,,
2018-10-30,34750.0,316494.0,0.0,0.0,-0.0,-0.2,-0.062188,0.0,ohlcv_proxy,,,,
2018-10-31,35200.0,380828.0,0.0,0.0,-0.0,-0.1,-0.060243,0.0,ohlcv_proxy,,,,
2018-11-01,34850.0,358726.0,0.0,0.0,-0.0,-0.1,-0.055578,0.0,ohlcv_proxy,,,,
2018-11-02,35600.0,303031.0,0.0,0.0,-0.0,-0.1,-0.04607,0.0,ohlcv_proxy,,,,
2018-11-05,35350.0,213419.0,0.0,0.0,-0.0,-0.1,-0.039168,0.0,ohlcv_proxy,,,,
2018-11-06,36700.0,392349.0,0.0,0.0,0.0,-0.1,-0.024306,0.0,ohlcv_proxy,,,,
2018-11-07,35450.0,364468.0,0.0,0.0,-0.0,0.0,-0.017652,0.0,ohlcv_proxy,,,,
2018-11-08,36550.0,344507.0,0.0,0.0,0.0,0.1,-0.005576,0.0,ohlcv_proxy,,,,
2018-11-09,35750.0,161254.0,0.0,0.0,-0.0,0.1,-0.000307,0.0,ohlcv_proxy,,,,
2018-11-12,36250.0,190194.0,0.0,0.0,0.0,0.1,0.005542,0.0,ohlcv_proxy,,,,
2018-11-13,36200.0,159162.0,0.0,0.0,-0.0,0.1,0.002348,0.0,ohlcv_proxy,,,,
2018-11-14,36900.0,141946.0,0.0,0.0,0.0,0.0,0.012638,0.0,ohlcv_proxy,,,,
2018-11-15,37000.0,156194.0,0.0,0.0,0.0,0.0,0.015511,0.0,ohlcv_proxy,,,,
2018-11-16,37000.0,94208.0,0.0,0.0,0.0,0.0,0.023894,0.0,ohlcv_proxy,,,,
2018-11-19,36800.0,223876.0,0.0,0.0,0.0,0.0,0.028404,0.0,ohlcv_proxy,,,,
2018-11-20,36900.0,179486.0,0.0,0.0,0.0,0.0,0.032469,0.0,ohlcv_proxy,,,,
2018-11-21,36650.0,145294.0,0.0,0.0,0.0,0.0,0.031388,0.0,ohlcv_proxy,,,,
2018-11-22,36800.0,64304.0,0.0,0.0,0.0,0.0,0.028441,0.0,ohlcv_proxy,,,,
2018-11-23,36300.0,79439.0,0.0,0.0,-0.0,0.0,0.024131,0.0,ohlcv_proxy,,,,
2018-11-26,35300.0,572569.0,0.0,0.0,-0.0,-0.1,0.00149,0.1,ohlcv_proxy,,,,
2018-11-27,34650.0,293473.0,0.0,0.0,-0.0,-0.1,-0.011764,0.1,ohlcv_proxy,,,,
2018-11-28,35050.0,205818.0,0.0,0.0,-0.0,-0.1,-0.018178,0.1,ohlcv_proxy,,,,
2018-11-29,35450.0,252293.0,0.0,0.0,-0.0,-0.1,-0.020718,0.1,ohlcv_proxy,,,,
2018-11-30,32850.0,5744519.0,0.0,0.0,-0.0,-0.2,-0.026294,0.2,ohlcv_proxy,,,,
2018-12-03,33200.0,772028.0,0.0,0.0,-0.0,-0.2,-0.028486,0.2,ohlcv_proxy,,,,
2018-12-04,33500.0,880230.0,0.0,0.0,-0.0,-0.1,-0.024901,0.2,ohlcv_proxy,,,,
2018-12-05,33000.0,296994.0,0.0,0.0,-0.0,-0.1,-0.024323,0.2,ohlcv_proxy,,,,
2018-12-06,32400.0,227569.0,0.0,0.0,-0.0,-0.1,-0.023787,0.2,ohlcv_proxy,,,,
2018-12-07,32500.0,162364.0,0.0,0.0,-0.0,-0.1,-0.016092,0.2,ohlcv_proxy,,,,
2018-12-10,32050.0,230862.0,0.0,0.0,-0.0,0.0,-0.018503,0.1,ohlcv_proxy,,,,
2018-12-11,32300.0,286174.0,0.0,0.0,-0.0,0.0,-0.032236,0.1,ohlcv_proxy,,,,
2018-12-12,33050.0,453842.0,0.0,0.0,-0.0,0.0,-0.028121,0.1,ohlcv_proxy,,,,
2018-12-13,33300.0,1063209.0,0.0,0.0,-0.0,0.1,-0.014993,0.1,ohlcv_proxy,,,,
2018-12-14,32900.0,401173.0,0.0,0.0,-0.0,0.2,-0.012984,0.0,ohlcv_proxy,,,,
2018-12-17,32500.0,347909.0,0.0,0.0,-0.0,0.2,-0.009872,0.0,ohlcv_proxy,,,,
2018-12-18,33050.0,291857.0,0.0,0.0,-0.0,0.1,-0.005666,0.0,ohlcv_proxy,,,,
2018-12-19,32900.0,209985.0,0.0,0.0,-0.0,0.1,-0.004735,0.0,ohlcv_proxy,,,,
2018-12-20,32150.0,270195.0,0.0,0.0,-0.0,0.1,-0.013757,0.0,ohlcv_proxy,,,,
2018-12-21,32150.0,163286.0,0.0,0.0,-0.0,0.1,-0.016795,0.0,ohlcv_proxy,,,,
2018-12-24,32050.0,152842.0,0.0,0.0,-0.0,0.1,-0.015017,0.0,ohlcv_proxy,,,,
2018-12-26,31100.0,153429.0,0.0,0.0,-0.0,0.1,-0.025071,0.0,ohlcv_proxy,,,,
2018-12-27,30850.0,236931.0,0.0,0.0,-0.0,0.1,-0.03736,0.0,ohlcv_proxy,,,,
2018-12-28,31500.0,183625.0,0.0,0.0,-0.0,0.0,-0.040806,0.0,ohlcv_proxy,,,,
2019-01-02,30700.0,123805.0,0.0,0.0,-0.0,0.0,-0.046144,0.0,ohlcv_proxy,,,,
2019-01-03,30500.0,181488.0,0.0,0.0,-0.0,0.0,-0.051607,0.0,ohlcv_proxy,,,,
2019-01-04,30700.0,162639.0,0.0,0.0,-0.0,0.0,-0.048134,0.0,ohlcv_proxy,,,,
2019-01-07,31800.0,176630.0,0.0,0.0,-0.0,0.0,-0.040335,0.0,ohlcv_proxy,,,,
2019-01-08,31600.0,117123.0,0.0,0.0,-0.0,0.0,-0.040491,0.0,ohlcv_proxy,,,,
2019-01-09,32900.0,249939.0,0.0,0.0,0.0,0.0,-0.023491,0.0,ohlcv_proxy,,,,
2019-01-10,32950.0,461576.0,0.0,0.0,0.0,0.1,-0.003691,0.0,ohlcv_proxy,,,,
2019-01-11,32700.0,456790.0,0.0,0.0,0.0,0.0,0.004703,0.0,ohlcv_proxy,,,,
2019-01-14,32500.0,165887.0,0.0,0.0,0.0,0.0,0.008805,0.0,ohlcv_proxy,,,,
2019-01-15,33350.0,170102.0,0.0,0.0,0.0,0.0,0.018955,0.0,ohlcv_proxy,,,,
2019-01-16,33650.0,219080.0,0.0,0.0,0.0,0.0,0.022063,0.0,ohlcv_proxy,,,,
2019-01-17,33400.0,164215.0,0.0,0.0,0.0,0.0,0.023421,0.0,ohlcv_proxy,,,,
2019-01-18,33750.0,191919.0,0.0,0.0,0.0,0.0,0.032897,0.0,ohlcv_proxy,,,,
2019-01-21,33700.0,157494.0,0.0,0.0,0.0,0.0,0.038897,0.0,ohlcv_proxy,,,,
2019-01-22,33600.0,135306.0,0.0,0.0,0.0,0.0,0.038634,0.0,ohlcv_proxy,,,,
2019-01-23,33650.0,127834.0,0.0,0.0,0.0,0.0,0.036944,0.0,ohlcv_proxy,,,,
2019-01-24,33750.0,175238.0,0.0,0.0,0.0,-0.1,0.03694,0.0,ohlcv_proxy,,,,
2019-01-25,33000.0,165636.0,0.0,0.0,0.0,0.0,0.029521,0.0,ohlcv_proxy,,,,
2019-01-28,33200.0,153199.0,0.0,0.0,0.0,0.0,0.02237,0.0,ohlcv_proxy,,,,
2019-01-29,33000.0,173208.0,0.0,0.0,-0.0,0.0,0.016465,0.0,ohlcv_proxy,,,,
2019-01-30,33750.0,202464.0,0.0,0.0,0.0,0.0,0.014556,0.0,ohlcv_proxy,,,,
2019-01-31,33200.0,239921.0,0.0,0.0,0.0,0.0,0.007249,0.0,ohlcv_proxy,,,,
2019-02-01,33650.0,179125.0,0.0,0.0,0.0,0.0,0.007199,0.0,ohlcv_proxy,,,,
2019-02-07,33900.0,130629.0,0.0,0.0,0.0,0.0,0.007777,0.0,ohlcv_proxy,,,,
2019-02-08,33550.0,145910.0,0.0,0.0,0.0,0.0,0.009117,0.0,ohlcv_proxy,,,,
2019-02-11,33850.0,264538.0,0.0,0.0,0.0,0.0,0.008463,0.0,ohlcv_proxy,,,,
2019-02-12,34550.0,228671.0,0.0,0.0,0.0,0.0,0.014776,0.0,ohlcv_proxy,,,,
2019-02-13,31950.0,584110.0,0.0,0.0,-0.0,-0.1,-0.005773,0.1,ohlcv_proxy,,,,
2019-02-14,31000.0,558705.0,0.0,0.0,-0.0,-0.2,-0.01965,0.2,ohlcv_proxy,,,,
2019-02-15,30750.0,478318.0,0.0,0.0,-0.0,-0.3,-0.026089,0.2,ohlcv_proxy,,,,
2019-02-18,31500.0,698771.0,0.0,0.0,-0.0,-0.2,-0.029556,0.2,ohlcv_proxy,,,,
2019-02-19,31600.0,803173.0,0.0,0.0,-0.0,-0.1,-0.031574,0.2,ohlcv_proxy,,,,
2019-02-20,31450.0,450410.0,0.0,0.0,-0.0,-0.1,-0.031219,0.2,ohlcv_proxy,,,,
2019-02-21,31600.0,322432.0,0.0,0.0,-0.0,-0.1,-0.026058,0.2,ohlcv_proxy,,,,
2019-02-22,31500.0,511581.0,0.0,0.0,-0.0,-0.2,-0.019429,0.2,ohlcv_proxy,,,,
2019-02-25,31950.0,246604.0,0.0,0.0,-0.0,-0.2,-0.016654,0.2,ohlcv_proxy,,,,
2019-02-26,31900.0,236215.0,0.0,0.0,-0.0,-0.2,-0.014014,0.2,ohlcv_proxy,,,,
2019-02-27,31950.0,207052.0,0.0,0.0,-0.0,-0.1,-0.010231,0.1,ohlcv_proxy,,,,
2019-02-28,31900.0,311161.0,0.0,0.0,-0.0,0.0,-0.007291,0.0,ohlcv_proxy,,,,
2019-03-04,31300.0,368340.0,0.0,0.0,-0.0,0.1,-0.00618,0.0,ohlcv_proxy,,,,
2019-03-05,31650.0,161799.0,0.0,0.0,-0.0,0.0,-0.005963,0.0,ohlcv_proxy,,,,
2019-03-06,31400.0,152635.0,0.0,0.0,-0.0,-0.1,-0.006662,0.0,ohlcv_proxy,,,,
2019-03-07,31500.0,164170.0,0.0,0.0,-0.0,-0.1,-0.007354,0.0,ohlcv_proxy,,,,
2019-03-08,30650.0,230744.0,0.0,0.0,-0.0,-0.1,-0.01425,0.0,ohlcv_proxy,,,,
2019-03-11,31050.0,171311.0,0.0,0.0,-0.0,0.0,-0.014421,0.0,ohlcv_proxy,,,,
2019-03-12,31100.0,190183.0,0.0,0.0,-0.0,0.0,-0.014594,0.0,ohlcv_proxy,,,,
2019-03-13,30900.0,163292.0,0.0,0.0,-0.0,0.0,-0.013768,0.0,ohlcv_proxy,,,,
2019-03-14,31150.0,263892.0,0.0,0.0,-0.0,0.0,-0.013391,0.0,ohlcv_proxy,,,,
2019-03-15,31000.0,536406.0,0.0,0.0,-0.0,-0.1,-0.011275,0.0,ohlcv_proxy,,,,
2019-03-18,31050.0,185598.0,0.0,0.0,-0.0,-0.1,-0.012473,0.0,ohlcv_proxy,,,,
2019-03-19,31050.0,179955.0,0.0,0.0,-0.0,-0.1,-0.012076,0.0,ohlcv_proxy,,,,
2019-03-20,30600.0,204335.0,0.0,0.0,-0.0,-0.1,-0.011724,0.0,ohlcv_proxy,,,,
2019-03-21,30400.0,239386.0,0.0,0.0,-0.0,-0.1,-0.01438,0.0,ohlcv_proxy,,,,
2019-03-22,30600.0,209605.0,0.0,0.0,-0.0,-0.1,-0.017034,0.0,ohlcv_proxy,,,,
2019-03-25,30150.0,150293.0,0.0,0.0,-0.0,-0.1,-0.019801,0.0,ohlcv_proxy,,,,
2019-03-26,30350.0,150933.0,0.0,0.0,-0.0,-0.1,-0.021617,0.0,ohlcv_proxy,,,,
2019-03-27,30850.0,131545.0,0.0,0.0,-0.0,-0.1,-0.019253,0.0,ohlcv_proxy,,,,
2019-03-28,30900.0,226060.0,0.0,0.0,-0.0,-0.1,-0.013437,0.0,ohlcv_proxy,,,,
2019-03-29,30900.0,135247.0,0.0,0.0,-0.0,0.0,-0.009597,0.0,ohlcv_proxy,,,,
2019-04-01,31150.0,229331.0,0.0,0.0,0.0,0.0,-0.001891,0.0,ohlcv_proxy,,,,
2019-04-02,31150.0,194848.0,0.0,0.0,0.0,0.0,0.00339,0.0,ohlcv_proxy,,,,
2019-04-03,31250.0,139678.0,0.0,0.0,0.0,0.0,0.005517,0.0,ohlcv_proxy,,,,
2019-04-04,31400.0,145192.0,0.0,0.0,0.0,0.0,0.009027,0.0,ohlcv_proxy,,,,
2019-04-05,31350.0,146429.0,0.0,0.0,0.0,0.0,0.010401,0.0,ohlcv_proxy,,,,
2019-04-08,31150.0,168667.0,0.0,0.0,0.0,0.0,0.010495,0.0,ohlcv_proxy,,,,
2019-04-09,31400.0,142369.0,0.0,0.0,0.0,0.0,0.011989,0.0,ohlcv_proxy,,,,
2019-04-10,31200.0,92094.0,0.0,0.0,0.0,0.0,0.011643,0.0,ohlcv_proxy,,,,
2019-04-11,31150.0,144640.0,0.0,0.0,0.0,0.0,0.010172,0.0,ohlcv_proxy,,,,
2019-04-12,31650.0,185950.0,0.0,0.0,0.0,0.0,0.01186,0.0,ohlcv_proxy,,,,
2019-04-15,31900.0,145037.0,0.0,0.0,0.0,0.0,0.015833,0.0,ohlcv_proxy,,,,
2019-04-16,31500.0,99093.0,0.0,0.0,0.0,0.0,0.016097,0.0,ohlcv_proxy,,,,
2019-04-17,31300.0,112016.0,0.0,0.0,0.0,0.0,0.015136,0.0,ohlcv_proxy,,,,
2019-04-18,31200.0,115831.0,0.0,0.0,-0.0,0.0,0.014098,0.0,ohlcv_proxy,,,,
2019-04-19,31000.0,116852.0,0.0,0.0,-0.0,0.0,0.008529,0.0,ohlcv_proxy,,,,
2019-04-22,31600.0,144770.0,0.0,0.0,0.0,0.0,0.003811,0.0,ohlcv_proxy,,,,
2019-04-23,31900.0,183893.0,0.0,0.0,0.0,0.0,0.005248,0.0,ohlcv_proxy,,,,
2019-04-24,31550.0,228702.0,0.0,0.0,0.0,0.0,0.005597,0.0,ohlcv_proxy,,,,
2019-04-25,31450.0,170659.0,0.0,0.0,0.0,0.0,0.005328,0.0,ohlcv_proxy,,,,
2019-04-26,31200.0,139374.0,0.0,0.0,-0.0,0.0,0.005487,0.0,ohlcv_proxy,,,,
2019-04-29,31700.0,148894.0,0.0,0.0,0.0,0.0,0.00495,0.0,ohlcv_proxy,,,,
2019-04-30,31950.0,181396.0,0.0,0.0,0.0,0.0,0.003642,0.0,ohlcv_proxy,,,,
2019-05-02,33650.0,518629.0,0.0,0.0,0.0,0.1,0.021911,0.0,ohlcv_proxy,,,,
2019-05-03,33100.0,166766.0,0.0,0.0,0.0,0.1,0.026868,0.0,ohlcv_proxy,,,,
2019-05-07,32550.0,247411.0,0.0,0.0,0.0,0.1,0.02873,0.0,ohlcv_proxy,,,,
2019-05-08,33000.0,253367.0,0.0,0.0,0.0,0.1,0.029789,0.0,ohlcv_proxy,,,,
2019-05-09,31950.0,293669.0,0.0,0.0,0.0,0.0,0.02671,0.0,ohlcv_proxy,,,,
2019-05-10,32200.0,128400.0,0.0,0.0,0.0,0.0,0.012826,0.0,ohlcv_proxy,,,,
2019-05-13,32400.0,219652.0,0.0,0.0,0.0,0.0,0.007786,0.0,ohlcv_proxy,,,,
2019-05-14,32450.0,222981.0,0.0,0.0,0.0,0.0,0.005789,0.0,ohlcv_proxy,,,,
2019-05-15,32850.0,136824.0,0.0,0.0,0.0,0.0,0.001927,0.0,ohlcv_proxy,,,,
2019-05-16,32300.0,117007.0,0.0,0.0,0.0,0.0,0.005241,0.0,ohlcv_proxy,,,,
2019-05-17,31900.0,146935.0,0.0,0.0,-0.0,-0.1,0.003022,0.0,ohlcv_proxy,,,,
2019-05-20,31950.0,101389.0,0.0,0.0,-0.0,-0.1,0.000264,0.0,ohlcv_proxy,,,,
2019-05-21,31950.0,104787.0,0.0,0.0,-0.0,-0.1,-0.004114,0.0,ohlcv_proxy,,,,
2019-05-22,32150.0,110617.0,0.0,0.0,0.0,-0.1,-0.009822,0.0,ohlcv_proxy,,,,
2019-05-23,32000.0,137900.0,0.0,0.0,-0.0,0.0,-0.011959,0.0,ohlcv_proxy,,,,
2019-05-24,31500.0,152744.0,0.0,0.0,-0.0,0.0,-0.015542,0.0,ohlcv_proxy,,,,
2019-05-27,32650.0,302693.0,0.0,0.0,0.0,0.1,-0.008862,0.0,ohlcv_proxy,,,,
2019-05-28,33500.0,583056.0,0.0,0.0,0.0,0.2,0.004645,0.0,ohlcv_proxy,,,,
2019-05-29,33050.0,169129.0,0.0,0.0,0.0,0.2,0.005762,0.0,ohlcv_proxy,,,,
2019-05-30,34000.0,186190.0,0.0,0.0,0.0,0.2,0.010294,0.0,ohlcv_proxy,,,,
2019-05-31,33700.0,256823.0,0.0,0.0,0.0,0.2,0.020069,0.0,ohlcv_proxy,,,,
2019-06-03,34200.0,240869.0,0.0,0.0,0.0,0.2,0.026729,0.0,ohlcv_proxy,,,,
2019-06-04,33150.0,209499.0,0.0,0.0,0.0,0.2,0.025359,0.0,ohlcv_proxy,,,,
2019-06-05,32950.0,129559.0,0.0,0.0,0.0,0.2,0.025911,0.0,ohlcv_proxy,,,,
2019-06-07,33250.0,121907.0,0.0,0.0,0.0,0.2,0.019795,0.0,ohlcv_proxy,,,,
2019-06-10,34250.0,130780.0,0.0,0.0,0.0,0.2,0.019533,0.0,ohlcv_proxy,,,,
2019-06-11,33750.0,132280.0,0.0,0.0,0.0,0.1,0.012459,0.0,ohlcv_proxy,,,,
2019-06-12,34500.0,131942.0,0.0,0.0,0.0,0.0,0.019086,0.0,ohlcv_proxy,,,,
2019-06-13,34650.0,201221.0,0.0,0.0,0.0,0.0,0.028139,0.0,ohlcv_proxy,,,,
2019-06-14,34800.0,171675.0,0.0,0.0,0.0,0.0,0.033652,0.0,ohlcv_proxy,,,,
2019-06-17,34700.0,104177.0,0.0,0.0,0.0,0.0,0.032782,0.0,ohlcv_proxy,,,,
2019-06-18,35300.0,110485.0,0.0,0.0,0.0,0.0,0.037586,0.0,ohlcv_proxy,,,,
2019-06-19,35900.0,120713.0,0.0,0.0,0.0,0.0,0.041041,0.0,ohlcv_proxy,,,,
2019-06-20,36100.0,131973.0,0.0,0.0,0.0,0.0,0.047008,0.0,ohlcv_proxy,,,,
2019-06-21,36300.0,259231.0,0.0,0.0,0.0,0.0,0.053598,0.0,ohlcv_proxy,,,,
2019-06-24,36650.0,160798.0,0.0,0.0,0.0,0.0,0.056489,0.0,ohlcv_proxy,,,,
2019-06-25,36900.0,163664.0,0.0,0.0,0.0,0.0,0.056512,0.0,ohlcv_proxy,,,,
2019-06-26,37000.0,254109.0,0.0,0.0,0.0,0.1,0.052068,0.0,ohlcv_proxy,,,,
2019-06-27,36800.0,221787.0,0.0,0.0,0.0,0.1,0.048546,0.0,ohlcv_proxy,,,,
2019-06-28,36400.0,236699.0,0.0,0.0,0.0,0.1,0.04504,0.0,ohlcv_proxy,,,,
2019-07-01,36250.0,170656.0,0.0,0.0,0.0,0.1,0.038289,0.0,ohlcv_proxy,,,,
2019-07-02,36100.0,120764.0,0.0,0.0,0.0,0.1,0.032054,0.0,ohlcv_proxy,,,,
2019-07-03,36100.0,108505.0,0.0,0.0,0.0,0.1,0.021832,0.0,ohlcv_proxy,,,,
2019-07-04,36150.0,160765.0,0.0,0.0,0.0,0.1,0.01346,0.0,ohlcv_proxy,,,,
2019-07-05,36450.0,130894.0,0.0,0.0,0.0,0.1,0.00953,0.0,ohlcv_proxy,,,,
2019-07-08,35950.0,126254.0,0.0,0.0,0.0,0.1,0.005897,0.0,ohlcv_proxy,,,,
2019-07-09,35650.0,152557.0,0.0,0.0,0.0,0.1,0.000904,0.0,ohlcv_proxy,,,,
2019-07-10,35550.0,150521.0,0.0,0.0,-0.0,0.0,-0.003307,0.0,ohlcv_proxy,,,,
2019-07-11,35350.0,145150.0,0.0,0.0,-0.0,0.0,-0.009551,0.0,ohlcv_proxy,,,,
2019-07-12,36100.0,166121.0,0.0,0.0,0.0,0.0,-0.012738,0.0,ohlcv_proxy,,,,
2019-07-15,36050.0,88749.0,0.0,0.0,0.0,0.0,-0.013946,0.0,ohlcv_proxy,,,,
2019-07-16,35600.0,84646.0,0.0,0.0,-0.0,0.0,-0.01434,0.0,ohlcv_proxy,,,,
2019-07-17,36250.0,160260.0,0.0,0.0,0.0,0.0,-0.009976,0.0,ohlcv_proxy,,,,
2019-07-18,36050.0,120978.0,0.0,0.0,0.0,0.0,-0.00559,0.0,ohlcv_proxy,,,,
2019-07-19,35650.0,117756.0,0.0,0.0,-0.0,0.0,-0.007507,0.0,ohlcv_proxy,,,,
2019-07-22,35700.0,114380.0,0.0,0.0,-0.0,0.0,-0.008073,0.0,ohlcv_proxy,,,,
2019-07-23,35750.0,161496.0,0.0,0.0,0.0,0.0,-0.006289,0.0,ohlcv_proxy,,,,
2019-07-24,36600.0,271682.0,0.0,0.0,0.0,0.1,-0.000698,0.0,ohlcv_proxy,,,,
2019-07-25,36200.0,134208.0,0.0,0.0,0.0,0.1,0.001344,0.0,ohlcv_proxy,,,,
2019-07-26,35650.0,193973.0,0.0,0.0,-0.0,0.1,0.001826,0.0,ohlcv_proxy,,,,
2019-07-29,35900.0,123201.0,0.0,0.0,0.0,0.1,0.003049,0.0,ohlcv_proxy,,,,
2019-07-30,35250.0,193219.0,0.0,0.0,-0.0,0.1,0.001284,0.0,ohlcv_proxy,,,,
2019-07-31,35900.0,164662.0,0.0,0.0,0.0,0.1,-0.004822,0.0,ohlcv_proxy,,,,
2019-08-01,36050.0,133371.0,0.0,0.0,0.0,0.1,-0.005336,0.0,ohlcv_proxy,,,,
2019-08-02,35250.0,211505.0,0.0,0.0,-0.0,0.1,-0.0063,0.0,ohlcv_proxy,,,,
2019-08-05,35250.0,161244.0,0.0,0.0,-0.0,0.1,-0.008337,0.0,ohlcv_proxy,,,,
2019-08-06,33400.0,268381.0,0.0,0.0,-0.0,0.0,-0.018281,0.0,ohlcv_proxy,,,,
2019-08-07,34600.0,178042.0,0.0,0.0,-0.0,-0.1,-0.023266,0.0,ohlcv_proxy,,,,
2019-08-08,34150.0,218766.0,0.0,0.0,-0.0,-0.1,-0.029137,0.0,ohlcv_proxy,,,,
2019-08-09,35750.0,187141.0,0.0,0.0,0.0,-0.1,-0.026655,0.0,ohlcv_proxy,,,,
2019-08-12,35750.0,100528.0,0.0,0.0,0.0,-0.1,-0.026322,0.0,ohlcv_proxy,,,,
2019-08-13,35750.0,114392.0,0.0,0.0,0.0,-0.1,-0.010996,0.0,ohlcv_proxy,,,,
2019-08-14,35100.0,119343.0,0.0,0.0,-0.0,-0.1,-0.006251,0.0,ohlcv_proxy,,,,
2019-08-16,35450.0,134034.0,0.0,0.0,0.0,-0.1,0.005612,0.0,ohlcv_proxy,,,,
2019-08-19,35700.0,123800.0,0.0,0.0,0.0,-0.1,0.004706,0.0,ohlcv_proxy,,,,
2019-08-20,35800.0,139793.0,0.0,0.0,0.0,-0.1,0.005197,0.0,ohlcv_proxy,,,,
2019-08-21,36100.0,116172.0,0.0,0.0,0.0,0.0,0.00682,0.0,ohlcv_proxy,,,,
2019-08-22,35900.0,142951.0,0.0,0.0,0.0,0.0,0.013524,0.0,ohlcv_proxy,,,,
2019-08-23,35800.0,72402.0,0.0,0.0,0.0,0.0,0.016494,0.0,ohlcv_proxy,,,,
2019-08-26,35300.0,91187.0,0.0,0.0,-0.0,0.0,0.015594,0.0,ohlcv_proxy,,,,
2019-08-27,35300.0,181706.0,0.0,0.0,-0.0,0.0,0.01199,0.0,ohlcv_proxy,,,,
2019-08-28,35500.0,130916.0,0.0,0.0,-0.0,0.0,0.008386,0.0,ohlcv_proxy,,,,
2019-08-29,35650.0,96995.0,0.0,0.0,0.0,0.0,0.007036,0.0,ohlcv_proxy,,,,
2019-08-30,35850.0,135395.0,0.0,0.0,0.0,0.0,0.00852,0.0,ohlcv_proxy,,,,
2019-09-02,35700.0,47081.0,0.0,0.0,0.0,0.0,0.009717,0.0,ohlcv_proxy,,,,
2019-09-03,35900.0,119413.0,0.0,0.0,0.0,0.0,0.013615,0.0,ohlcv_proxy,,,,
2019-09-04,35900.0,116416.0,0.0,0.0,0.0,0.0,0.009978,0.0,ohlcv_proxy,,,,
2019-09-05,35900.0,93828.0,0.0,0.0,0.0,0.0,0.009064,0.0,ohlcv_proxy,,,,
2019-09-06,35450.0,51257.0,0.0,0.0,-0.0,0.0,0.004151,0.0,ohlcv_proxy,,,,
2019-09-09,35900.0,84160.0,0.0,0.0,0.0,0.0,0.004824,0.0,ohlcv_proxy,,,,
2019-09-10,36650.0,105673.0,0.0,0.0,0.0,0.0,0.008486,0.0,ohlcv_proxy,,,,
2019-09-11,36750.0,217300.0,0.0,0.0,0.0,0.1,0.014517,0.0,ohlcv_proxy,,,,
2019-09-16,37100.0,104109.0,0.0,0.0,0.0,0.1,0.017793,0.0,ohlcv_proxy,,,,
2019-09-17,36800.0,66892.0,0.0,0.0,0.0,0.1,0.019775,0.0,ohlcv_proxy,,,,
2019-09-18,35850.0,91427.0,0.0,0.0,-0.0,0.1,0.019003,0.0,ohlcv_proxy,,,,
2019-09-19,35350.0,78294.0,0.0,0.0,-0.0,0.1,0.014267,0.0,ohlcv_proxy,,,,
2019-09-20,35300.0,207290.0,0.0,0.0,-0.0,0.0,0.000789,0.0,ohlcv_proxy,,,,
2019-09-23,35550.0,91017.0,0.0,0.0,-0.0,0.0,-0.006954,0.0,ohlcv_proxy,,,,
2019-09-24,35350.0,135522.0,0.0,0.0,-0.0,0.0,-0.011514,0.0,ohlcv_proxy,,,,
2019-09-25,34750.0,105849.0,0.0,0.0,-0.0,0.0,-0.015696,0.0,ohlcv_proxy,,,,
2019-09-26,34450.0,116057.0,0.0,0.0,-0.0,0.0,-0.019195,0.0,ohlcv_proxy,,,,
2019-09-27,33900.0,110840.0,0.0,0.0,-0.0,-0.1,-0.025736,0.0,ohlcv_proxy,,,,
2019-09-30,35400.0,150175.0,0.0,0.0,-0.0,-0.1,-0.024231,0.0,ohlcv_proxy,,,,
2019-10-01,34900.0,98047.0,0.0,0.0,-0.0,-0.1,-0.026065,0.0,ohlcv_proxy,,,,
2019-10-02,34550.0,111726.0,0.0,0.0,-0.0,-0.1,-0.025607,0.0,ohlcv_proxy,,,,
2019-10-04,34050.0,85512.0,0.0,0.0,-0.0,-0.1,-0.024896,0.0,ohlcv_proxy,,,,
2019-10-07,33100.0,133216.0,0.0,0.0,-0.0,0.0,-0.026391,0.0,ohlcv_proxy,,,,
2019-10-08,32400.0,208428.0,0.0,0.0,-0.0,-0.1,-0.043962,0.0,ohlcv_proxy,,,,
2019-10-10,31850.0,239801.0,0.0,0.0,-0.0,-0.2,-0.055237,0.0,ohlcv_proxy,,,,
2019-10-11,31650.0,219632.0,0.0,0.0,-0.0,-0.3,-0.062065,0.0,ohlcv_proxy,,,,
2019-10-14,32450.0,233304.0,0.0,0.0,-0.0,-0.2,-0.058572,0.0,ohlcv_proxy,,,,
2019-10-15,32750.0,149054.0,0.0,0.0,-0.0,-0.2,-0.051846,0.0,ohlcv_proxy,,,,
2019-10-16,32450.0,154785.0,0.0,0.0,-0.0,-0.2,-0.046327,0.0,ohlcv_proxy,,,,
2019-10-17,33050.0,339943.0,0.0,0.0,-0.0,-0.1,-0.032068,0.0,ohlcv_proxy,,,,
2019-10-18,32800.0,137940.0,0.0,0.0,-0.0,-0.1,-0.022382,0.0,ohlcv_proxy,,,,
2019-10-21,32750.0,94378.0,0.0,0.0,-0.0,-0.1,-0.018009,0.0,ohlcv_proxy,,,,
2019-10-22,33150.0,99892.0,0.0,0.0,-0.0,-0.1,-0.012356,0.0,ohlcv_proxy,,,,
2019-10-23,32350.0,132514.0,0.0,0.0,-0.0,0.0,-0.009284,0.0,ohlcv_proxy,,,,
2019-10-24,32550.0,143678.0,0.0,0.0,-0.0,0.1,-0.010861,0.0,ohlcv_proxy,,,,
2019-10-25,32200.0,96319.0,0.0,0.0,-0.0,0.2,-0.011622,0.0,ohlcv_proxy,,,,
2019-10-28,32450.0,68404.0,0.0,0.0,-0.0,0.1,-0.010946,0.0,ohlcv_proxy,,,,
2019-10-29,32050.0,114084.0,0.0,0.0,-0.0,0.1,-0.015277,0.0,ohlcv_proxy,,,,
2019-10-30,31450.0,192738.0,0.0,0.0,-0.0,0.1,-0.017406,0.0,ohlcv_proxy,,,,
2019-10-31,31500.0,206385.0,0.0,0.0,-0.0,0.0,-0.021471,0.0,ohlcv_proxy,,,,
2019-11-01,31700.0,98903.0,0.0,0.0,-0.0,0.0,-0.020704,0.0,ohlcv_proxy,,,,
2019-11-04,31800.0,107750.0,0.0,0.0,-0.0,0.0,-0.02049,0.0,ohlcv_proxy,,,,
2019-11-05,32800.0,185026.0,0.0,0.0,0.0,0.0,-0.0138,0.0,ohlcv_proxy,,,,
2019-11-06,32050.0,130394.0,0.0,0.0,-0.0,0.0,-0.008876,0.0,ohlcv_proxy,,,,
2019-11-07,32150.0,69994.0,0.0,0.0,-0.0,0.0,-0.003914,0.0,ohlcv_proxy,,,,
2019-11-08,32850.0,120899.0,0.0,0.0,0.0,0.0,0.000275,0.0,ohlcv_proxy,,,,
2019-11-11,32550.0,115585.0,0.0,0.0,0.0,0.0,0.004291,0.0,ohlcv_proxy,,,,
2019-11-12,32700.0,77842.0,0.0,0.0,0.0,0.0,0.002443,0.0,ohlcv_proxy,,,,
2019-11-13,31800.0,112512.0,0.0,0.0,-0.0,0.0,0.002042,0.0,ohlcv_proxy,,,,
2019-11-14,32000.0,137310.0,0.0,0.0,-0.0,0.0,0.003538,0.0,ohlcv_proxy,,,,
2019-11-15,32800.0,142535.0,0.0,0.0,0.0,0.0,0.003698,0.0,ohlcv_proxy,,,,
2019-11-18,32350.0,108427.0,0.0,0.0,-0.0,0.0,0.00292,0.0,ohlcv_proxy,,,,
2019-11-19,32450.0,117059.0,0.0,0.0,0.0,0.0,0.003032,0.0,ohlcv_proxy,,,,
2019-11-20,32550.0,121227.0,0.0,0.0,0.0,0.0,0.007039,0.0,ohlcv_proxy,,,,
2019-11-21,31750.0,144553.0,0.0,0.0,-0.0,0.0,0.006576,0.0,ohlcv_proxy,,,,
2019-11-22,32450.0,94580.0,0.0,0.0,0.0,0.0,0.003429,0.0,ohlcv_proxy,,,,
2019-11-25,32450.0,101173.0,0.0,0.0,0.0,0.0,0.00383,0.0,ohlcv_proxy,,,,
2019-11-26,33000.0,181498.0,0.0,0.0,0.0,0.0,0.007133,0.0,ohlcv_proxy,,,,
2019-11-27,32600.0,88814.0,0.0,0.0,0.0,0.0,0.004893,0.0,ohlcv_proxy,,,,
2019-11-28,31850.0,87436.0,0.0,0.0,-0.0,0.0,0.005991,0.0,ohlcv_proxy,,,,
2019-11-29,31300.0,1402371.0,0.0,0.0,-0.0,-0.1,-0.011191,0.0,ohlcv_proxy,,,,
2019-12-02,31800.0,103647.0,0.0,0.0,-0.0,-0.1,-0.012293,0.0,ohlcv_proxy,,,,
2019-12-03,32350.0,149957.0,0.0,0.0,0.0,-0.1,-0.013897,0.0,ohlcv_proxy,,,,
2019-12-04,32150.0,180554.0,0.0,0.0,-0.0,-0.1,-0.013778,0.0,ohlcv_proxy,,,,
2019-12-05,32500.0,96398.0,0.0,0.0,0.0,-0.1,-0.013041,0.0,ohlcv_proxy,,,,
2019-12-06,32850.0,100865.0,0.0,0.0,0.0,-0.1,0.01082,0.0,ohlcv_proxy,,,,
2019-12-09,32700.0,63846.0,0.0,0.0,0.0,-0.1,0.015107,0.0,ohlcv_proxy,,,,
2019-12-10,32550.0,66393.0,0.0,0.0,0.0,-0.1,0.016533,0.0,ohlcv_proxy,,,,
2019-12-11,32900.0,87119.0,0.0,0.0,0.0,-0.1,0.022879,0.0,ohlcv_proxy,,,,
2019-12-12,33900.0,311831.0,0.0,0.0,0.0,0.0,0.037164,0.0,ohlcv_proxy,,,,
2019-12-13,34300.0,130899.0,0.0,0.0,0.0,0.1,0.043794,0.0,ohlcv_proxy,,,,
2019-12-16,33450.0,180275.0,0.0,0.0,0.0,0.1,0.043245,0.0,ohlcv_proxy,,,,
2019-12-17,33550.0,137060.0,0.0,0.0,0.0,0.1,0.044145,0.0,ohlcv_proxy,,,,
2019-12-18,33600.0,144467.0,0.0,0.0,0.0,0.1,0.044698,0.0,ohlcv_proxy,,,,
2019-12-19,34000.0,68398.0,0.0,0.0,0.0,0.1,0.04182,0.0,ohlcv_proxy,,,,
2019-12-20,35450.0,179380.0,0.0,0.0,0.0,0.1,0.047444,0.0,ohlcv_proxy,,,,
2019-12-23,35500.0,141110.0,0.0,0.0,0.0,0.1,0.05824,0.0,ohlcv_proxy,,,,
2019-12-24,35350.0,80050.0,0.0,0.0,0.0,0.1,0.066927,0.0,ohlcv_proxy,,,,
2019-12-26,35500.0,73022.0,0.0,0.0,0.0,0.1,0.077958,0.0,ohlcv_proxy,,,,
2019-12-27,35150.0,131877.0,0.0,0.0,0.0,0.0,0.078127,0.0,ohlcv_proxy,,,,
2019-12-30,34350.0,111027.0,0.0,0.0,0.0,0.0,0.042101,0.0,ohlcv_proxy,,,,
2020-01-02,33750.0,92442.0,0.0,0.0,-0.0,0.0,0.028823,0.0,ohlcv_proxy,,,,
2020-01-03,34250.0,126193.0,0.0,0.0,0.0,0.0,0.019272,0.0,ohlcv_proxy,,,,
2020-01-06,33550.0,92858.0,0.0,0.0,-0.0,0.0,0.007108,0.0,ohlcv_proxy,,,,
2020-01-07,33750.0,69340.0,0.0,0.0,-0.0,0.0,-0.0035,0.0,ohlcv_proxy,,,,
2020-01-08,32900.0,171951.0,0.0,0.0,-0.0,0.0,-0.01458,0.0,ohlcv_proxy,,,,
2020-01-09,33350.0,111171.0,0.0,0.0,-0.0,0.0,-0.016777,0.0,ohlcv_proxy,,,,
2020-01-10,33000.0,120289.0,0.0,0.0,-0.0,0.0,-0.024504,0.0,ohlcv_proxy,,,,
2020-01-13,33100.0,67191.0,0.0,0.0,-0.0,0.0,-0.027018,0.0,ohlcv_proxy,,,,
2020-01-14,33750.0,127229.0,0.0,0.0,0.0,0.0,-0.025458,0.0,ohlcv_proxy,,,,
2020-01-15,33950.0,97298.0,0.0,0.0,0.0,0.0,-0.017924,0.0,ohlcv_proxy,,,,
2020-01-16,33200.0,261906.0,0.0,0.0,-0.0,-0.1,-0.01889,0.1,ohlcv_proxy,,,,
2020-01-17,32650.0,128675.0,0.0,0.0,-0.0,-0.1,-0.019617,0.1,ohlcv_proxy,,,,
2020-01-20,32300.0,94723.0,0.0,0.0,-0.0,-0.1,-0.021693,0.1,ohlcv_proxy,,,,
2020-01-21,32150.0,95352.0,0.0,0.0,-0.0,-0.1,-0.02701,0.1,ohlcv_proxy,,,,
2020-01-22,31850.0,132939.0,0.0,0.0,-0.0,-0.1,-0.030252,0.1,ohlcv_proxy,,,,
2020-01-23,31550.0,350741.0,0.0,0.0,-0.0,-0.2,-0.038552,0.1,ohlcv_proxy,,,,
2020-01-28,30900.0,180871.0,0.0,0.0,-0.0,-0.2,-0.041939,0.1,ohlcv_proxy,,,,
2020-01-29,31000.0,198521.0,0.0,0.0,-0.0,-0.2,-0.041748,0.1,ohlcv_proxy,,,,
2020-01-30,30800.0,131610.0,0.0,0.0,-0.0,-0.2,-0.040305,0.1,ohlcv_proxy,,,,
2020-01-31,30800.0,127373.0,0.0,0.0,-0.0,-0.2,-0.04007,0.1,ohlcv_proxy,,,,
2020-02-03,30350.0,147248.0,0.0,0.0,-0.0,-0.1,-0.045963,0.0,ohlcv_proxy,,,,
2020-02-04,30050.0,200853.0,0.0,0.0,-0.0,-0.1,-0.045365,0.0,ohlcv_proxy,,,,
2020-02-05,30200.0,200004.0,0.0,0.0,-0.0,-0.1,-0.04652,0.0,ohlcv_proxy,,,,
2020-02-06,30600.0,108531.0,0.0,0.0,-0.0,-0.1,-0.045146,0.0,ohlcv_proxy,,,,
2020-02-07,30150.0,357152.0,0.0,0.0,-0.0,-0.2,-0.041884,0.0,ohlcv_proxy,,,,
2020-02-10,30250.0,251913.0,0.0,0.0,-0.0,-0.1,-0.037456,0.0,ohlcv_proxy,,,,
2020-02-11,30450.0,167543.0,0.0,0.0,-0.0,-0.1,-0.032178,0.0,ohlcv_proxy,,,,
2020-02-12,30850.0,174308.0,0.0,0.0,-0.0,-0.1,-0.026966,0.0,ohlcv_proxy,,,,
2020-02-13,30650.0,163839.0,0.0,0.0,-0.0,-0.1,-0.022744,0.0,ohlcv_proxy,,,,
2020-02-14,29950.0,178572.0,0.0,0.0,-0.0,-0.1,-0.018258,0.0,ohlcv_proxy,,,,
2020-02-17,30350.0,125151.0,0.0,0.0,-0.0,-0.1,-0.010947,0.0,ohlcv_proxy,,,,
2020-02-18,30100.0,178988.0,0.0,0.0,-0.0,-0.1,-0.010156,0.0,ohlcv_proxy,,,,
2020-02-19,30250.0,110978.0,0.0,0.0,-0.0,-0.1,-0.012508,0.0,ohlcv_proxy,,,,
2020-02-20,29050.0,277656.0,0.0,0.0,-0.0,-0.1,-0.022486,0.0,ohlcv_proxy,,,,
2020-02-21,28100.0,436864.0,0.0,0.0,-0.0,-0.1,-0.035265,0.1,ohlcv_proxy,,,,
2020-02-24,26950.0,259355.0,0.0,0.0,-0.0,-0.1,-0.043518,0.1,ohlcv_proxy,,,,
2020-02-25,27950.0,195578.0,0.0,0.0,-0.0,-0.1,-0.049367,0.1,ohlcv_proxy,,,,
2020-02-26,27800.0,196967.0,0.0,0.0,-0.0,-0.1,-0.051933,0.1,ohlcv_proxy,,,,
2020-02-27,28250.0,198038.0,0.0,0.0,-0.0,-0.1,-0.054955,0.1,ohlcv_proxy,,,,
2020-02-28,28400.0,313721.0,0.0,0.0,-0.0,-0.1,-0.049403,0.1,ohlcv_proxy,,,,
2020-03-02,28000.0,163484.0,0.0,0.0,-0.0,-0.1,-0.038261,0.1,ohlcv_proxy,,,,
2020-03-03,28100.0,149313.0,0.0,0.0,-0.0,-0.1,-0.034637,0.1,ohlcv_proxy,,,,
2020-03-04,28600.0,114917.0,0.0,0.0,-0.0,-0.1,-0.028037,0.1,ohlcv_proxy,,,,
2020-03-05,29300.0,138764.0,0.0,0.0,0.0,-0.1,-0.021196,0.1,ohlcv_proxy,,,,
2020-03-06,28450.0,165753.0,0.0,0.0,-0.0,0.0,-0.016316,0.0,ohlcv_proxy,,,,
2020-03-09,27500.0,110587.0,0.0,0.0,-0.0,0.0,-0.013511,0.0,ohlcv_proxy,,,,
2020-03-10,26850.0,207838.0,0.0,0.0,-0.0,0.0,-0.020602,0.0,ohlcv_proxy,,,,
2020-03-11,25350.0,320509.0,0.0,0.0,-0.0,-0.1,-0.042905,0.0,ohlcv_proxy,,,,
2020-03-12,24300.0,316449.0,0.0,0.0,-1e-06,-0.2,-0.067197,0.0,ohlcv_proxy,,,,
2020-03-13,21100.0,599321.0,0.0,0.0,-1e-06,-0.3,-0.113587,0.1,ohlcv_proxy,,,,
2020-03-16,21500.0,245238.0,0.0,0.0,-1e-06,-0.3,-0.122966,0.1,ohlcv_proxy,,,,
2020-03-17,19950.0,320999.0,0.0,0.0,-1e-06,-0.3,-0.142442,0.1,ohlcv_proxy,,,,
2020-03-18,17150.0,413009.0,0.0,0.0,-2e-06,-0.4,-0.18021,0.1,ohlcv_proxy,,,,
2020-03-19,13700.0,527847.0,0.0,0.0,-3e-06,-0.5,-0.2,0.1,ohlcv_proxy,,,,
2020-03-20,14700.0,566771.0,0.0,0.0,-2e-06,-0.4,-0.2,0.1,ohlcv_proxy,,,,
2020-03-23,14300.0,371810.0,0.0,0.0,-2e-06,-0.4,-0.2,0.1,ohlcv_proxy,,,,
2020-03-24,15450.0,264171.0,0.0,0.0,-2e-06,-0.4,-0.2,0.1,ohlcv_proxy,,,,
2020-03-25,17000.0,444939.0,0.0,0.0,-1e-06,-0.3,-0.2,0.1,ohlcv_proxy,,,,
2020-03-26,17350.0,481035.0,0.0,0.0,-1e-06,-0.1,-0.2,0.1,ohlcv_proxy,,,,
2020-03-27,18150.0,421583.0,0.0,0.0,-0.0,0.0,-0.158008,0.0,ohlcv_proxy,,,,
2020-03-30,17200.0,514919.0,0.0,0.0,-1e-06,-0.1,-0.112486,0.0,ohlcv_proxy,,,,
2020-03-31,17950.0,490408.0,0.0,0.0,-0.0,-0.1,-0.08062,0.0,ohlcv_proxy,,,,
2020-04-01,21000.0,1481838.0,0.0,0.0,0.0,0.1,-0.008246,0.0,ohlcv_proxy,,,,
2020-04-02,19850.0,1573164.0,0.0,0.0,0.0,0.1,0.017608,0.1,ohlcv_proxy,,,,
2020-04-03,20350.0,1705262.0,0.0,0.0,0.0,0.1,0.033273,0.1,ohlcv_proxy,,,,
2020-04-06,21400.0,662927.0,0.0,0.0,0.0,0.1,0.051885,0.1,ohlcv_proxy,,,,
2020-04-07,21550.0,775026.0,0.0,0.0,0.0,0.1,0.068843,0.1,ohlcv_proxy,,,,
2020-04-08,21000.0,574218.0,0.0,0.0,0.0,0.1,0.069848,0.1,ohlcv_proxy,,,,
2020-04-09,21100.0,578321.0,0.0,0.0,0.0,0.0,0.089659,0.1,ohlcv_proxy,,,,
2020-04-10,22600.0,3419128.0,0.0,0.0,1e-06,0.1,0.1096,0.1,ohlcv_proxy,,,,
2020-04-13,22200.0,804323.0,0.0,0.0,0.0,0.2,0.109087,0.1,ohlcv_proxy,,,,
2020-04-14,22250.0,1043555.0,0.0,0.0,0.0,0.2,0.105809,0.1,ohlcv_proxy,,,,
2020-04-16,21600.0,1066343.0,0.0,0.0,0.0,0.1,0.097426,0.1,ohlcv_proxy,,,,
2020-04-17,22450.0,811049.0,0.0,0.0,0.0,0.2,0.087592,0.0,ohlcv_proxy,,,,
2020-04-20,24900.0,2632247.0,0.0,0.0,1e-06,0.2,0.093242,0.0,ohlcv_proxy,,,,
2020-04-21,24450.0,1147474.0,0.0,0.0,1e-06,0.2,0.093463,0.0,ohlcv_proxy,,,,
2020-04-22,24450.0,636539.0,0.0,0.0,1e-06,0.2,0.099523,0.0,ohlcv_proxy,,,,
2020-04-23,24150.0,565780.0,0.0,0.0,0.0,0.2,0.111807,0.0,ohlcv_proxy,,,,
2020-04-24,22600.0,686023.0,0.0,0.0,0.0,0.2,0.108287,0.0,ohlcv_proxy,,,,
2020-04-27,22750.0,486871.0,0.0,0.0,0.0,0.1,0.076621,0.0,ohlcv_proxy,,,,
2020-04-28,22950.0,681138.0,0.0,0.0,0.0,0.1,0.050315,0.0,ohlcv_proxy,,,,
2020-04-29,23500.0,669451.0,0.0,0.0,0.0,0.1,0.035353,0.0,ohlcv_proxy,,,,
2020-05-04,22800.0,452558.0,0.0,0.0,0.0,0.1,0.019662,0.0,ohlcv_proxy,,,,
2020-05-06,23850.0,434022.0,0.0,0.0,0.0,0.1,0.019055,0.0,ohlcv_proxy,,,,
2020-05-07,23450.0,283623.0,0.0,0.0,0.0,0.0,0.013662,0.0,ohlcv_proxy,,,,
2020-05-08,23250.0,332363.0,0.0,0.0,0.0,0.0,0.015201,0.0,ohlcv_proxy,,,,
2020-05-11,24150.0,867351.0,0.0,0.0,0.0,0.0,0.020801,0.0,ohlcv_proxy,,,,
2020-05-12,23950.0,499837.0,0.0,0.0,0.0,0.0,0.026372,0.0,ohlcv_proxy,,,,
2020-05-13,23700.0,285659.0,0.0,0.0,0.0,0.0,0.022176,0.0,ohlcv_proxy,,,,
2020-05-14,23200.0,356174.0,0.0,0.0,0.0,0.0,0.012974,0.0,ohlcv_proxy,,,,
2020-05-15,22800.0,1584519.0,0.0,0.0,-0.0,-0.1,-0.003225,0.0,ohlcv_proxy,,,,
2020-05-18,23050.0,323590.0,0.0,0.0,0.0,-0.1,-0.01714,0.0,ohlcv_proxy,,,,
2020-05-19,24550.0,980151.0,0.0,0.0,0.0,-0.1,-0.014124,0.0,ohlcv_proxy,,,,
2020-05-20,24350.0,428702.0,0.0,0.0,0.0,-0.1,-0.014279,0.0,ohlcv_proxy,,,,
2020-05-21,24450.0,531411.0,0.0,0.0,0.0,-0.1,0.000761,0.0,ohlcv_proxy,,,,
2020-05-22,23100.0,523787.0,0.0,0.0,-0.0,-0.1,0.021588,0.0,ohlcv_proxy,,,,
2020-05-25,23100.0,268566.0,0.0,0.0,-0.0,-0.1,0.025349,0.0,ohlcv_proxy,,,,
2020-05-26,23100.0,451877.0,0.0,0.0,-0.0,-0.1,0.010009,0.0,ohlcv_proxy,,,,
2020-05-27,24000.0,702801.0,0.0,0.0,0.0,-0.1,0.005256,0.0,ohlcv_proxy,,,,
2020-05-28,23500.0,480255.0,0.0,0.0,0.0,-0.1,-0.004844,0.0,ohlcv_proxy,,,,
2020-05-29,23700.0,538697.0,0.0,0.0,0.0,0.0,-0.001203,0.0,ohlcv_proxy,,,,
2020-06-01,24350.0,1259604.0,0.0,0.0,0.0,0.1,0.008745,0.0,ohlcv_proxy,,,,
2020-06-02,25250.0,583395.0,0.0,0.0,0.0,0.1,0.01755,0.0,ohlcv_proxy,,,,
2020-06-03,26850.0,2476409.0,0.0,0.0,0.0,0.2,0.046022,0.0,ohlcv_proxy,,,,
2020-06-04,26900.0,927062.0,0.0,0.0,0.0,0.2,0.05428,0.0,ohlcv_proxy,,,,
2020-06-05,27050.0,425913.0,0.0,0.0,0.0,0.2,0.061809,0.0,ohlcv_proxy,,,,
2020-06-08,31850.0,6247437.0,0.0,0.0,1e-06,0.3,0.103409,0.0,ohlcv_proxy,,,,
2020-06-09,30000.0,1561116.0,0.0,0.0,1e-06,0.3,0.100886,0.0,ohlcv_proxy,,,,
2020-06-10,29800.0,1239680.0,0.0,0.0,1e-06,0.3,0.119527,0.0,ohlcv_proxy,,,,
2020-06-11,28650.0,848561.0,0.0,0.0,0.0,0.3,0.121167,0.0,ohlcv_proxy,,,,
2020-06-12,26800.0,886740.0,0.0,0.0,0.0,0.3,0.101865,0.0,ohlcv_proxy,,,,
2020-06-15,24650.0,817600.0,0.0,0.0,-0.0,0.2,0.021487,0.0,ohlcv_proxy,,,,
2020-06-16,29100.0,6663269.0,0.0,0.0,0.0,0.3,0.013531,0.0,ohlcv_proxy,,,,
2020-06-17,28850.0,3459815.0,0.0,0.0,0.0,0.1,0.00734,0.0,ohlcv_proxy,,,,
2020-06-18,27400.0,1011728.0,0.0,0.0,0.0,0.1,0.002653,0.0,ohlcv_proxy,,,,
2020-06-19,28200.0,1233164.0,0.0,0.0,0.0,0.1,0.002932,0.0,ohlcv_proxy,,,,
2020-06-22,27250.0,543364.0,0.0,0.0,0.0,0.0,0.008826,0.0,ohlcv_proxy,,,,
2020-06-23,27300.0,798192.0,0.0,0.0,0.0,0.0,-0.01055,0.0,ohlcv_proxy,,,,
2020-06-24,27300.0,525888.0,0.0,0.0,0.0,0.0,-0.03566,0.0,ohlcv_proxy,,,,
2020-06-25,25600.0,756942.0,0.0,0.0,-0.0,0.0,-0.047752,0.0,ohlcv_proxy,,,,
2020-06-26,25800.0,543988.0,0.0,0.0,-0.0,0.0,-0.070502,0.0,ohlcv_proxy,,,,
2020-06-29,25250.0,401779.0,0.0,0.0,-0.0,0.0,-0.084833,0.0,ohlcv_proxy,,,,
2020-06-30,26300.0,488509.0,0.0,0.0,-0.0,-0.1,-0.095747,0.0,ohlcv_proxy,,,,
2020-07-01,26000.0,384661.0,0.0,0.0,-0.0,0.0,-0.108782,0.0,ohlcv_proxy,,,,
2020-07-02,26300.0,218735.0,0.0,0.0,-0.0,0.0,-0.105927,0.0,ohlcv_proxy,,,,
2020-07-03,26000.0,218333.0,0.0,0.0,-0.0,0.0,-0.104553,0.0,ohlcv_proxy,,,,
2020-07-06,26650.0,543627.0,0.0,0.0,0.0,0.0,-0.065462,0.0,ohlcv_proxy,,,,
2020-07-07,26250.0,305161.0,0.0,0.0,-0.0,0.0,-0.060474,0.0,ohlcv_proxy,,,,
2020-07-08,26200.0,269483.0,0.0,0.0,-0.0,0.0,-0.054046,0.0,ohlcv_proxy,,,,
2020-07-09,25900.0,363523.0,0.0,0.0,-0.0,0.0,-0.054981,0.0,ohlcv_proxy,,,,
2020-07-10,25500.0,302045.0,0.0,0.0,-0.0,0.0,-0.05879,0.0,ohlcv_proxy,,,,
2020-07-13,26400.0,350321.0,0.0,0.0,0.0,0.0,-0.066499,0.0,ohlcv_proxy,,,,
2020-07-14,25650.0,396351.0,0.0,0.0,-0.0,0.0,-0.048201,0.0,ohlcv_proxy,,,,
2020-07-15,25600.0,461015.0,0.0,0.0,-0.0,0.0,-0.03025,0.0,ohlcv_proxy,,,,
2020-07-16,25450.0,247959.0,0.0,0.0,-0.0,0.0,-0.028626,0.0,ohlcv_proxy,,,,
2020-07-17,25550.0,182374.0,0.0,0.0,-0.0,0.0,-0.017593,0.0,ohlcv_proxy,,,,
2020-07-20,25600.0,259018.0,0.0,0.0,-0.0,0.0,-0.020796,0.0,ohlcv_proxy,,,,
2020-07-21,27600.0,4416478.0,0.0,0.0,0.0,0.1,0.02155,0.0,ohlcv_proxy,,,,
2020-07-22,26800.0,873604.0,0.0,0.0,0.0,0.1,0.024674,0.0,ohlcv_proxy,,,,
2020-07-23,27200.0,454366.0,0.0,0.0,0.0,0.1,0.023873,0.0,ohlcv_proxy,,,,
2020-07-24,27500.0,409969.0,0.0,0.0,0.0,0.1,0.023494,0.0,ohlcv_proxy,,,,
2020-07-27,28150.0,660916.0,0.0,0.0,0.0,0.1,0.023868,0.0,ohlcv_proxy,,,,
2020-07-28,27950.0,380374.0,0.0,0.0,0.0,0.1,0.018989,0.0,ohlcv_proxy,,,,
2020-07-29,28050.0,391334.0,0.0,0.0,0.0,0.1,0.029341,0.0,ohlcv_proxy,,,,
2020-07-30,28050.0,268806.0,0.0,0.0,0.0,0.1,0.03387,0.0,ohlcv_proxy,,,,
2020-07-31,26950.0,510595.0,0.0,0.0,0.0,0.1,0.027837,0.0,ohlcv_proxy,,,,
2020-08-03,26100.0,520450.0,0.0,0.0,-0.0,0.1,0.008804,0.0,ohlcv_proxy,,,,
2020-08-04,26650.0,400312.0,0.0,0.0,-0.0,0.0,-0.000422,0.0,ohlcv_proxy,,,,
2020-08-05,26800.0,272755.0,0.0,0.0,-0.0,0.0,-0.009571,0.0,ohlcv_proxy,,,,
2020-08-06,26700.0,353309.0,0.0,0.0,-0.0,0.0,-0.017117,0.0,ohlcv_proxy,,,,
2020-08-07,27150.0,1865915.0,0.0,0.0,0.0,0.1,-0.009784,0.0,ohlcv_proxy,,,,
2020-08-10,27300.0,326463.0,0.0,0.0,0.0,0.1,-0.004451,0.0,ohlcv_proxy,,,,
2020-08-11,28150.0,687981.0,0.0,0.0,0.0,0.1,0.001862,0.0,ohlcv_proxy,,,,
2020-08-12,29450.0,822247.0,0.0,0.0,0.0,0.1,0.012471,0.0,ohlcv_proxy,,,,
2020-08-13,28450.0,525244.0,0.0,0.0,0.0,0.1,0.016212,0.0,ohlcv_proxy,,,,
2020-08-14,29150.0,616998.0,0.0,0.0,0.0,0.1,0.039753,0.0,ohlcv_proxy,,,,
2020-08-18,27000.0,581899.0,0.0,0.0,-0.0,0.1,0.033427,0.0,ohlcv_proxy,,,,
2020-08-19,27850.0,529681.0,0.0,0.0,0.0,0.1,0.031917,0.0,ohlcv_proxy,,,,
2020-08-20,27950.0,652839.0,0.0,0.0,0.0,0.1,0.014627,0.0,ohlcv_proxy,,,,
2020-08-21,27550.0,282828.0,0.0,0.0,0.0,0.1,0.009383,0.0,ohlcv_proxy,,,,
2020-08-24,27050.0,307831.0,0.0,0.0,-0.0,0.0,-0.005789,0.0,ohlcv_proxy,,,,
2020-08-25,27800.0,323401.0,0.0,0.0,0.0,0.0,0.001933,0.0,ohlcv_proxy,,,,
2020-08-26,27200.0,322084.0,0.0,0.0,-0.0,0.0,-0.001726,0.0,ohlcv_proxy,,,,
2020-08-27,26350.0,433464.0,0.0,0.0,-0.0,0.0,-0.016052,0.0,ohlcv_proxy,,,,
2020-08-28,26450.0,415434.0,0.0,0.0,-0.0,0.0,-0.022161,0.0,ohlcv_proxy,,,,
2020-08-31,26300.0,425303.0,0.0,0.0,-0.0,0.0,-0.02712,0.0,ohlcv_proxy,,,,
2020-09-01,26650.0,347380.0,0.0,0.0,-0.0,0.0,-0.035568,0.0,ohlcv_proxy,,,,
2020-09-02,26950.0,317935.0,0.0,0.0,-0.0,0.0,-0.037671,0.0,ohlcv_proxy,,,,
2020-09-03,27600.0,750046.0,0.0,0.0,0.0,0.0,-0.024202,0.0,ohlcv_proxy,,,,
2020-09-04,26900.0,740718.0,0.0,0.0,-0.0,0.0,-0.021002,0.0,ohlcv_proxy,,,,
2020-09-07,28500.0,2332252.0,0.0,0.0,0.0,0.1,0.000891,0.0,ohlcv_proxy,,,,
2020-09-08,27750.0,500646.0,0.0,0.0,0.0,0.1,0.003339,0.0,ohlcv_proxy,,,,
2020-09-09,27100.0,416982.0,0.0,0.0,-0.0,0.1,0.004726,0.0,ohlcv_proxy,,,,
2020-09-10,27700.0,525434.0,0.0,0.0,0.0,0.1,0.010234,0.0,ohlcv_proxy,,,,
2020-09-11,27500.0,261787.0,0.0,0.0,0.0,0.1,0.017595,0.0,ohlcv_proxy,,,,
2020-09-14,27250.0,262836.0,0.0,0.0,-0.0,0.1,-0.000413,0.0,ohlcv_proxy,,,,
2020-09-15,27350.0,281241.0,0.0,0.0,0.0,0.1,-0.004771,0.0,ohlcv_proxy,,,,
2020-09-16,27150.0,190367.0,0.0,0.0,-0.0,0.1,-0.002042,0.0,ohlcv_proxy,,,,
2020-09-17,27450.0,389338.0,0.0,0.0,0.0,0.1,-0.004329,0.0,ohlcv_proxy,,,,
2020-09-18,27250.0,259410.0,0.0,0.0,-0.0,0.1,-0.005751,0.0,ohlcv_proxy,,,,
2020-09-21,27950.0,488386.0,0.0,0.0,0.0,0.0,0.000338,0.0,ohlcv_proxy,,,,
2020-09-22,27900.0,1818691.0,0.0,0.0,0.0,-0.1,0.006962,0.0,ohlcv_proxy,,,,
2020-09-23,27400.0,405204.0,0.0,0.0,-0.0,-0.1,0.006495,0.0,ohlcv_proxy,,,,
2020-09-24,25900.0,727008.0,0.0,0.0,-0.0,-0.1,-0.003447,0.0,ohlcv_proxy,,,,
2020-09-25,25950.0,282811.0,0.0,0.0,-0.0,-0.1,-0.007072,0.0,ohlcv_proxy,,,,
2020-09-28,26400.0,372995.0,0.0,0.0,-0.0,-0.1,-0.013948,0.0,ohlcv_proxy,,,,
2020-09-29,26900.0,283913.0,0.0,0.0,-0.0,-0.1,-0.039964,0.0,ohlcv_proxy,,,,
2020-10-05,28250.0,455091.0,0.0,0.0,0.0,-0.1,-0.034041,0.0,ohlcv_proxy,,,,
2020-10-06,28550.0,866294.0,0.0,0.0,0.0,-0.1,-0.001376,0.0,ohlcv_proxy,,,,
2020-10-07,29200.0,768397.0,0.0,0.0,0.0,-0.1,0.015549,0.0,ohlcv_proxy,,,,
2020-10-08,28950.0,394952.0,0.0,0.0,0.0,-0.1,0.032611,0.0,ohlcv_proxy,,,,
2020-10-12,28750.0,367422.0,0.0,0.0,0.0,0.0,0.038097,0.0,ohlcv_proxy,,,,
2020-10-13,28650.0,232015.0,0.0,0.0,0.0,0.0,0.039094,0.0,ohlcv_proxy,,,,
2020-10-14,27900.0,349547.0,0.0,0.0,0.0,0.0,0.037434,0.0,ohlcv_proxy,,,,
2020-10-15,27500.0,254691.0,0.0,0.0,-0.0,0.0,0.023034,0.0,ohlcv_proxy,,,,
2020-10-16,27350.0,304339.0,0.0,0.0,-0.0,0.0,0.010176,0.0,ohlcv_proxy,,,,
2020-10-19,29700.0,1637795.0,0.0,0.0,0.0,0.1,0.030715,0.0,ohlcv_proxy,,,,
2020-10-20,29350.0,577190.0,0.0,0.0,0.0,0.1,0.031239,0.0,ohlcv_proxy,,,,
2020-10-21,31350.0,1673174.0,0.0,0.0,0.0,0.2,0.048693,0.0,ohlcv_proxy,,,,
2020-10-22,32150.0,1329069.0,0.0,0.0,0.0,0.3,0.057102,0.0,ohlcv_proxy,,,,
2020-10-23,32150.0,482181.0,0.0,0.0,0.0,0.3,0.062111,0.0,ohlcv_proxy,,,,
2020-10-26,30900.0,728879.0,0.0,0.0,0.0,0.3,0.066078,0.0,ohlcv_proxy,,,,
2020-10-27,29150.0,845881.0,0.0,0.0,0.0,0.3,0.059672,0.0,ohlcv_proxy,,,,
2020-10-28,29400.0,484139.0,0.0,0.0,0.0,0.3,0.04273,0.0,ohlcv_proxy,,,,
2020-10-29,28350.0,546712.0,0.0,0.0,-0.0,0.3,0.008599,0.0,ohlcv_proxy,,,,
2020-10-30,28850.0,567076.0,0.0,0.0,-0.0,0.3,-0.011186,0.0,ohlcv_proxy,,,,
2020-11-02,31450.0,954289.0,0.0,0.0,0.0,0.2,-0.008539,0.0,ohlcv_proxy,,,,
2020-11-03,31500.0,515960.0,0.0,0.0,0.0,0.2,0.002675,0.0,ohlcv_proxy,,,,
2020-11-04,30050.0,864774.0,0.0,0.0,0.0,0.1,0.002397,0.0,ohlcv_proxy,,,,
2020-11-05,30300.0,601306.0,0.0,0.0,0.0,0.0,0.010567,0.0,ohlcv_proxy,,,,
2020-11-06,29500.0,478554.0,0.0,0.0,-0.0,0.0,0.014605,0.0,ohlcv_proxy,,,,
2020-11-09,30450.0,533085.0,0.0,0.0,0.0,0.0,0.003281,0.0,ohlcv_proxy,,,,
2020-11-10,32350.0,928826.0,0.0,0.0,0.0,0.0,0.010304,0.0,ohlcv_proxy,,,,
2020-11-11,31900.0,466886.0,0.0,0.0,0.0,0.0,0.019033,0.0,ohlcv_proxy,,,,
2020-11-12,32100.0,452235.0,0.0,0.0,0.0,0.0,0.026357,0.0,ohlcv_proxy,,,,
2020-11-13,32050.0,640429.0,0.0,0.0,0.0,0.0,0.03644,0.0,ohlcv_proxy,,,,
2020-11-16,32150.0,422619.0,0.0,0.0,0.0,0.0,0.040714,0.0,ohlcv_proxy,,,,
2020-11-17,31350.0,298053.0,0.0,0.0,0.0,0.0,0.032157,0.0,ohlcv_proxy,,,,
2020-11-18,31450.0,247453.0,0.0,0.0,0.0,0.0,0.032032,0.0,ohlcv_proxy,,,,
2020-11-19,31450.0,286025.0,0.0,0.0,0.0,0.0,0.032687,0.0,ohlcv_proxy,,,,
2020-11-20,32100.0,247939.0,0.0,0.0,0.0,0.0,0.031776,0.0,ohlcv_proxy,,,,
2020-11-23,33350.0,511467.0,0.0,0.0,0.0,0.0,0.041276,0.0,ohlcv_proxy,,,,
2020-11-24,32050.0,696509.0,0.0,0.0,0.0,0.0,0.036949,0.0,ohlcv_proxy,,,,
2020-11-25,31150.0,472178.0,0.0,0.0,-0.0,0.0,0.029732,0.0,ohlcv_proxy,,,,
2020-11-26,31400.0,308770.0,0.0,0.0,0.0,0.0,0.024259,0.0,ohlcv_proxy,,,,
2020-11-27,30900.0,350475.0,0.0,0.0,-0.0,0.0,0.014608,0.0,ohlcv_proxy,,,,
2020-11-30,30050.0,466510.0,0.0,0.0,-0.0,0.0,-0.005509,0.0,ohlcv_proxy,,,,
2020-12-01,30750.0,215622.0,0.0,0.0,-0.0,0.0,-0.016999,0.0,ohlcv_proxy,,,,
2020-12-02,30350.0,352110.0,0.0,0.0,-0.0,0.0,-0.025733,0.0,ohlcv_proxy,,,,
2020-12-03,30750.0,342541.0,0.0,0.0,-0.0,0.0,-0.030933,0.0,ohlcv_proxy,,,,
2020-12-04,29900.0,397179.0,0.0,0.0,-0.0,0.0,-0.03885,0.0,ohlcv_proxy,,,,
2020-12-07,29000.0,436307.0,0.0,0.0,-0.0,0.0,-0.045173,0.0,ohlcv_proxy,,,,
2020-12-08,29900.0,417654.0,0.0,0.0,-0.0,0.0,-0.043019,0.0,ohlcv_proxy,,,,
2020-12-09,29800.0,372896.0,0.0,0.0,-0.0,0.0,-0.042965,0.0,ohlcv_proxy,,,,
2020-12-10,30400.0,520866.0,0.0,0.0,-0.0,0.0,-0.040075,0.0,ohlcv_proxy,,,,
2020-12-11,31200.0,555352.0,0.0,0.0,0.0,0.0,-0.027613,0.0,ohlcv_proxy,,,,
2020-12-14,30350.0,344781.0,0.0,0.0,-0.0,0.0,-0.016425,0.0,ohlcv_proxy,,,,
2020-12-15,30350.0,419869.0,0.0,0.0,-0.0,0.0,-0.012212,0.0,ohlcv_proxy,,,,
2020-12-16,30000.0,355837.0,0.0,0.0,-0.0,0.0,-0.009192,0.0,ohlcv_proxy,,,,
2020-12-17,30250.0,350047.0,0.0,0.0,-0.0,0.0,-0.008207,0.0,ohlcv_proxy,,,,
2020-12-18,30250.0,303851.0,0.0,0.0,-0.0,0.0,-0.014798,0.0,ohlcv_proxy,,,,
2020-12-21,29800.0,210216.0,0.0,0.0,-0.0,0.0,-0.01107,0.0,ohlcv_proxy,,,,
2020-12-22,29250.0,200368.0,0.0,0.0,-0.0,0.0,-0.011273,0.0,ohlcv_proxy,,,,
2020-12-23,29550.0,199834.0,0.0,0.0,-0.0,0.0,-0.011204,0.0,ohlcv_proxy,,,,
2020-12-24,30000.0,255182.0,0.0,0.0,-0.0,0.0,-0.011993,0.0,ohlcv_proxy,,,,
2020-12-28,30150.0,339655.0,0.0,0.0,-0.0,0.0,-0.011289,0.0,ohlcv_proxy,,,,
2020-12-29,29450.0,372079.0,0.0,0.0,-0.0,0.0,-0.013474,0.0,ohlcv_proxy,,,,
2020-12-30,29650.0,270051.0,0.0,0.0,-0.0,0.0,-0.010492,0.0,ohlcv_proxy,,,,
2021-01-04,29400.0,284656.0,0.0,0.0,-0.0,0.0,-0.010457,0.0,ohlcv_proxy,,,,
2021-01-05,29800.0,309987.0,0.0,0.0,-0.0,0.0,-0.009933,0.0,ohlcv_proxy,,,,
2021-01-06,30500.0,605406.0,0.0,0.0,0.0,0.1,-0.00551,0.0,ohlcv_proxy,,,,
2021-01-07,32650.0,1956745.0,0.0,0.0,0.0,0.2,0.026785,0.0,ohlcv_proxy,,,,
2021-01-08,32500.0,659240.0,0.0,0.0,0.0,0.2,0.030898,0.0,ohlcv_proxy,,,,
2021-01-11,32600.0,683954.0,0.0,0.0,0.0,0.2,0.034546,0.0,ohlcv_proxy,,,,
2021-01-12,33100.0,784630.0,0.0,0.0,0.0,0.3,0.037933,0.0,ohlcv_proxy,,,,
2021-01-13,33200.0,477214.0,0.0,0.0,0.0,0.3,0.045289,0.0,ohlcv_proxy,,,,
2021-01-14,33350.0,598410.0,0.0,0.0,0.0,0.3,0.045544,0.0,ohlcv_proxy,,,,
2021-01-15,32450.0,496830.0,0.0,0.0,0.0,0.3,0.042761,0.0,ohlcv_proxy,,,,
2021-01-18,31700.0,396353.0,0.0,0.0,0.0,0.3,0.037754,0.0,ohlcv_proxy,,,,
2021-01-19,32000.0,366281.0,0.0,0.0,0.0,0.3,0.028849,0.0,ohlcv_proxy,,,,
2021-01-20,32350.0,478929.0,0.0,0.0,0.0,0.2,0.020949,0.0,ohlcv_proxy,,,,
2021-01-21,32050.0,325200.0,0.0,0.0,0.0,0.1,0.009225,0.0,ohlcv_proxy,,,,
2021-01-22,33200.0,625460.0,0.0,0.0,0.0,0.1,0.012372,0.0,ohlcv_proxy,,,,
2021-01-25,33000.0,375974.0,0.0,0.0,0.0,0.1,0.017012,0.0,ohlcv_proxy,,,,
2021-01-26,33200.0,326820.0,0.0,0.0,0.0,0.0,0.020434,0.0,ohlcv_proxy,,,,
2021-01-27,33900.0,1156189.0,0.0,0.0,0.0,0.1,0.029402,0.0,ohlcv_proxy,,,,
2021-01-28,32400.0,404774.0,0.0,0.0,0.0,0.1,0.026822,0.0,ohlcv_proxy,,,,
2021-01-29,30350.0,408877.0,0.0,0.0,-0.0,0.1,0.014029,0.0,ohlcv_proxy,,,,
2021-02-01,31100.0,219247.0,0.0,0.0,-0.0,0.1,0.007245,0.0,ohlcv_proxy,,,,
2021-02-02,31500.0,244743.0,0.0,0.0,-0.0,0.1,-5.6e-05,0.0,ohlcv_proxy,,,,
2021-02-03,32900.0,396771.0,0.0,0.0,0.0,0.1,-0.029609,0.0,ohlcv_proxy,,,,
2021-02-04,32800.0,355754.0,0.0,0.0,0.0,0.1,-0.027889,0.0,ohlcv_proxy,,,,
2021-02-05,32600.0,273384.0,0.0,0.0,0.0,0.1,-0.011605,0.0,ohlcv_proxy,,,,
2021-02-08,32150.0,541121.0,0.0,0.0,0.0,0.1,-0.007929,0.0,ohlcv_proxy,,,,
2021-02-09,34200.0,2053077.0,0.0,0.0,0.0,0.2,0.016586,0.0,ohlcv_proxy,,,,
2021-02-10,35100.0,754671.0,0.0,0.0,0.0,0.1,0.023309,0.0,ohlcv_proxy,,,,
2021-02-15,36200.0,695090.0,0.0,0.0,0.0,0.1,0.031601,0.0,ohlcv_proxy,,,,
2021-02-16,36500.0,425424.0,0.0,0.0,0.0,0.1,0.035875,0.0,ohlcv_proxy,,,,
2021-02-17,36400.0,391926.0,0.0,0.0,0.0,0.1,0.044631,0.0,ohlcv_proxy,,,,
2021-02-18,35050.0,348548.0,0.0,0.0,0.0,0.1,0.062358,0.0,ohlcv_proxy,,,,
2021-02-19,35600.0,253502.0,0.0,0.0,0.0,0.1,0.065739,0.0,ohlcv_proxy,,,,
2021-02-22,34450.0,393061.0,0.0,0.0,0.0,0.1,0.0513,0.0,ohlcv_proxy,,,,
2021-02-23,34950.0,274388.0,0.0,0.0,0.0,0.1,0.039258,0.0,ohlcv_proxy,,,,
2021-02-24,33300.0,344879.0,0.0,0.0,-0.0,0.1,0.018419,0.0,ohlcv_proxy,,,,
2021-02-25,34500.0,223141.0,0.0,0.0,0.0,0.0,0.013788,0.0,ohlcv_proxy,,,,
2021-02-26,32350.0,613639.0,0.0,0.0,-0.0,0.0,-0.008803,0.0,ohlcv_proxy,,,,
2021-03-02,33200.0,369678.0,0.0,0.0,-0.0,0.0,-0.017635,0.0,ohlcv_proxy,,,,
2021-03-03,33750.0,233580.0,0.0,0.0,0.0,0.0,-0.027675,0.0,ohlcv_proxy,,,,
2021-03-04,33600.0,353570.0,0.0,0.0,-0.0,0.0,-0.027357,0.0,ohlcv_proxy,,,,
2021-03-05,32950.0,262096.0,0.0,0.0,-0.0,0.0,-0.03404,0.0,ohlcv_proxy,,,,
2021-03-08,33700.0,315252.0,0.0,0.0,0.0,0.0,-0.023153,0.0,ohlcv_proxy,,,,
2021-03-09,33750.0,278895.0,0.0,0.0,0.0,0.0,-0.020756,0.0,ohlcv_proxy,,,,
2021-03-10,33550.0,225274.0,0.0,0.0,-0.0,0.0,-0.022602,0.0,ohlcv_proxy,,,,
2021-03-11,34250.0,500570.0,0.0,0.0,0.0,0.0,-0.019896,0.0,ohlcv_proxy,,,,
2021-03-12,35600.0,490662.0,0.0,0.0,0.0,0.0,-0.005775,0.0,ohlcv_proxy,,,,
2021-03-15,35850.0,384031.0,0.0,0.0,0.0,0.0,0.005904,0.0,ohlcv_proxy,,,,
2021-03-16,36450.0,316745.0,0.0,0.0,0.0,0.0,0.020496,0.0,ohlcv_proxy,,,,
2021-03-17,36000.0,264067.0,0.0,0.0,0.0,0.0,0.031134,0.0,ohlcv_proxy,,,,
2021-03-18,35700.0,405778.0,0.0,0.0,0.0,0.0,0.043295,0.0,ohlcv_proxy,,,,
2021-03-19,34850.0,385155.0,0.0,0.0,0.0,0.0,0.039222,0.0,ohlcv_proxy,,,,
2021-03-22,35600.0,514437.0,0.0,0.0,0.0,0.0,0.036142,0.0,ohlcv_proxy,,,,
2021-03-23,35900.0,327347.0,0.0,0.0,0.0,0.0,0.031511,0.0,ohlcv_proxy,,,,
2021-03-24,35900.0,273800.0,0.0,0.0,0.0,0.0,0.030062,0.0,ohlcv_proxy,,,,
2021-03-25,37000.0,353740.0,0.0,0.0,0.0,0.0,0.031665,0.0,ohlcv_proxy,,,,
2021-03-26,39550.0,801902.0,0.0,0.0,0.0,0.1,0.058784,0.0,ohlcv_proxy,,,,
2021-03-29,42100.0,1169886.0,0.0,0.0,0.0,0.2,0.08506,0.0,ohlcv_proxy,,,,
2021-03-30,40350.0,1174241.0,0.0,0.0,0.0,0.1,0.081719,0.1,ohlcv_proxy,,,,
2021-03-31,42100.0,629895.0,0.0,0.0,0.0,0.1,0.085232,0.1,ohlcv_proxy,,,,
2021-04-01,40500.0,722922.0,0.0,0.0,0.0,0.1,0.081724,0.1,ohlcv_proxy,,,,
2021-04-02,40450.0,486099.0,0.0,0.0,0.0,0.1,0.07998,0.1,ohlcv_proxy,,,,
2021-04-05,41550.0,549139.0,0.0,0.0,0.0,0.1,0.064419,0.1,ohlcv_proxy,,,,
2021-04-06,40800.0,516961.0,0.0,0.0,0.0,0.1,0.062992,0.1,ohlcv_proxy,,,,
2021-04-07,40900.0,283647.0,0.0,0.0,0.0,0.1,0.05141,0.1,ohlcv_proxy,,,,
2021-04-08,41200.0,346999.0,0.0,0.0,0.0,0.1,0.047618,0.1,ohlcv_proxy,,,,
2021-04-09,41850.0,241613.0,0.0,0.0,0.0,0.0,0.04751,0.1,ohlcv_proxy,,,,
2021-04-12,41150.0,253478.0,0.0,0.0,0.0,-0.1,0.039726,0.1,ohlcv_proxy,,,,
2021-04-13,41450.0,318017.0,0.0,0.0,0.0,0.0,0.040263,0.0,ohlcv_proxy,,,,
2021-04-14,41550.0,296192.0,0.0,0.0,0.0,0.0,0.039535,0.0,ohlcv_proxy,,,,
2021-04-15,42000.0,184197.0,0.0,0.0,0.0,0.0,0.037594,0.0,ohlcv_proxy,,,,
2021-04-16,41400.0,162994.0,0.0,0.0,0.0,0.0,0.029677,0.0,ohlcv_proxy,,,,
2021-04-19,40850.0,250314.0,0.0,0.0,0.0,0.0,0.021234,0.0,ohlcv_proxy,,,,
2021-04-20,42000.0,256907.0,0.0,0.0,0.0,0.0,0.019095,0.0,ohlcv_proxy,,,,
2021-04-21,42300.0,258273.0,0.0,0.0,0.0,0.0,0.018699,0.0,ohlcv_proxy,,,,
2021-04-22,43350.0,429503.0,0.0,0.0,0.0,0.0,0.023844,0.0,ohlcv_proxy,,,,
2021-04-23,44300.0,218406.0,0.0,0.0,0.0,0.0,0.028223,0.0,ohlcv_proxy,,,,
2021-04-26,46850.0,358220.0,0.0,0.0,0.0,0.0,0.055528,0.0,ohlcv_proxy,,,,
2021-04-27,49150.0,673960.0,0.0,0.0,0.0,0.1,0.082514,0.0,ohlcv_proxy,,,,
2021-04-28,47650.0,715821.0,0.0,0.0,0.0,0.0,0.090155,0.0,ohlcv_proxy,,,,
2021-04-29,46250.0,326544.0,0.0,0.0,0.0,0.0,0.09321,0.0,ohlcv_proxy,,,,
2021-04-30,45650.0,249944.0,0.0,0.0,0.0,0.0,0.088305,0.0,ohlcv_proxy,,,,
2021-05-03,45350.0,300402.0,0.0,0.0,0.0,0.0,0.077945,0.0,ohlcv_proxy,,,,
2021-05-04,46200.0,268966.0,0.0,0.0,0.0,0.0,0.05108,0.0,ohlcv_proxy,,,,
2021-05-06,51100.0,1599371.0,0.0,0.0,0.0,0.1,0.067378,0.0,ohlcv_proxy,,,,
2021-05-07,51400.0,546270.0,0.0,0.0,0.0,0.1,0.070043,0.0,ohlcv_proxy,,,,
2021-05-10,50000.0,635019.0,0.0,0.0,0.0,0.0,0.068489,0.0,ohlcv_proxy,,,,
2021-05-11,51600.0,658327.0,0.0,0.0,0.0,0.1,0.070505,0.0,ohlcv_proxy,,,,
2021-05-12,51100.0,329275.0,0.0,0.0,0.0,0.0,0.069968,0.0,ohlcv_proxy,,,,
2021-05-13,49300.0,527272.0,0.0,0.0,0.0,0.1,0.05555,0.0,ohlcv_proxy,,,,
2021-05-14,49300.0,185057.0,0.0,0.0,0.0,0.1,0.046459,0.0,ohlcv_proxy,,,,
2021-05-17,48000.0,312221.0,0.0,0.0,0.0,0.1,0.038827,0.0,ohlcv_proxy,,,,
2021-05-18,50000.0,290408.0,0.0,0.0,0.0,0.1,0.020771,0.0,ohlcv_proxy,,,,
2021-05-20,48550.0,285862.0,0.0,0.0,0.0,0.1,0.006706,0.0,ohlcv_proxy,,,,
2021-05-21,48400.0,304047.0,0.0,0.0,0.0,0.0,-0.00171,0.0,ohlcv_proxy,,,,
2021-05-24,48250.0,252069.0,0.0,0.0,0.0,0.0,-0.009951,0.0,ohlcv_proxy,,,,
2021-05-25,49850.0,228919.0,0.0,0.0,0.0,0.1,-0.005552,0.0,ohlcv_proxy,,,,
2021-05-26,51200.0,395813.0,0.0,0.0,0.0,0.0,-0.001143,0.0,ohlcv_proxy,,,,
2021-05-27,51800.0,572160.0,0.0,0.0,0.0,0.0,0.014023,0.0,ohlcv_proxy,,,,
2021-05-28,50600.0,279317.0,0.0,0.0,0.0,0.0,0.017705,0.0,ohlcv_proxy,,,,
2021-05-31,51300.0,283877.0,0.0,0.0,0.0,0.0,0.022867,0.0,ohlcv_proxy,,,,
2021-06-01,51200.0,204458.0,0.0,0.0,0.0,0.0,0.023188,0.0,ohlcv_proxy,,,,
2021-06-02,54800.0,1097343.0,0.0,0.0,0.0,0.1,0.040175,0.0,ohlcv_proxy,,,,
2021-06-03,52600.0,572505.0,0.0,0.0,0.0,0.1,0.03906,0.0,ohlcv_proxy,,,,
2021-06-04,52000.0,308833.0,0.0,0.0,0.0,0.1,0.041233,0.0,ohlcv_proxy,,,,
2021-06-07,51600.0,462426.0,0.0,0.0,0.0,0.1,0.039527,0.0,ohlcv_proxy,,,,
2021-06-08,51100.0,204168.0,0.0,0.0,0.0,0.1,0.037509,0.0,ohlcv_proxy,,,,
2021-06-09,50300.0,195218.0,0.0,0.0,0.0,0.1,0.012176,0.0,ohlcv_proxy,,,,
2021-06-10,48900.0,431888.0,0.0,0.0,-0.0,0.1,-0.006176,0.0,ohlcv_proxy,,,,
2021-06-11,49450.0,419229.0,0.0,0.0,-0.0,0.1,-0.017459,0.0,ohlcv_proxy,,,,
2021-06-14,49750.0,185728.0,0.0,0.0,-0.0,0.1,-0.027694,0.0,ohlcv_proxy,,,,
2021-06-15,49750.0,284077.0,0.0,0.0,-0.0,0.1,-0.032698,0.0,ohlcv_proxy,,,,
2021-06-16,48800.0,200490.0,0.0,0.0,-0.0,0.0,-0.03615,0.0,ohlcv_proxy,,,,
2021-06-17,47250.0,463481.0,0.0,0.0,-0.0,0.0,-0.043227,0.0,ohlcv_proxy,,,,
2021-06-18,46650.0,475571.0,0.0,0.0,-0.0,0.0,-0.055853,0.0,ohlcv_proxy,,,,
2021-06-21,45300.0,683055.0,0.0,0.0,-0.0,-0.1,-0.068878,0.0,ohlcv_proxy,,,,
2021-06-22,47050.0,609850.0,0.0,0.0,-0.0,-0.1,-0.070634,0.0,ohlcv_proxy,,,,
2021-06-23,46900.0,287915.0,0.0,0.0,-0.0,-0.1,-0.070452,0.0,ohlcv_proxy,,,,
2021-06-24,46850.0,293650.0,0.0,0.0,-0.0,-0.1,-0.067951,0.0,ohlcv_proxy,,,,
2021-06-25,47950.0,553176.0,0.0,0.0,-0.0,-0.1,-0.058986,0.0,ohlcv_proxy,,,,
2021-06-28,48150.0,175612.0,0.0,0.0,-0.0,-0.1,-0.044437,0.0,ohlcv_proxy,,,,
2021-06-29,47700.0,243093.0,0.0,0.0,-0.0,-0.1,-0.039049,0.0,ohlcv_proxy,,,,
2021-06-30,48000.0,153356.0,0.0,0.0,-0.0,-0.1,-0.018686,0.0,ohlcv_proxy,,,,
2021-07-01,47600.0,157696.0,0.0,0.0,-0.0,-0.1,-0.007579,0.0,ohlcv_proxy,,,,
2021-07-02,49450.0,333970.0,0.0,0.0,0.0,-0.1,0.00425,0.0,ohlcv_proxy,,,,
2021-07-05,48100.0,386405.0,0.0,0.0,-0.0,0.0,0.00826,0.0,ohlcv_proxy,,,,
2021-07-06,50600.0,529791.0,0.0,0.0,0.0,0.1,0.024144,0.0,ohlcv_proxy,,,,
2021-07-07,50200.0,293957.0,0.0,0.0,0.0,0.1,0.029446,0.0,ohlcv_proxy,,,,
2021-07-08,48450.0,315671.0,0.0,0.0,-0.0,0.1,0.029896,0.0,ohlcv_proxy,,,,
2021-07-09,48600.0,381368.0,0.0,0.0,-0.0,0.1,0.027514,0.0,ohlcv_proxy,,,,
2021-07-12,49600.0,197475.0,0.0,0.0,0.0,0.1,0.033832,0.0,ohlcv_proxy,,,,
2021-07-13,49000.0,209315.0,0.0,0.0,0.0,0.1,0.024844,0.0,ohlcv_proxy,,,,
2021-07-14,48700.0,123210.0,0.0,0.0,-0.0,0.1,0.018767,0.0,ohlcv_proxy,,,,
2021-07-15,48700.0,181700.0,0.0,0.0,-0.0,0.1,0.019088,0.0,ohlcv_proxy,,,,
2021-07-16,47700.0,199149.0,0.0,0.0,-0.0,0.1,0.014252,0.0,ohlcv_proxy,,,,
2021-07-19,46500.0,220855.0,0.0,0.0,-0.0,0.1,-0.006002,0.0,ohlcv_proxy,,,,
2021-07-20,45600.0,350343.0,0.0,0.0,-0.0,0.0,-0.025664,0.0,ohlcv_proxy,,,,
2021-07-21,46650.0,310194.0,0.0,0.0,-0.0,0.0,-0.030655,0.0,ohlcv_proxy,,,,
2021-07-22,47200.0,189339.0,0.0,0.0,-0.0,0.0,-0.03583,0.0,ohlcv_proxy,,,,
2021-07-23,47100.0,94937.0,0.0,0.0,-0.0,0.0,-0.039248,0.0,ohlcv_proxy,,,,
2021-07-26,46000.0,149950.0,0.0,0.0,-0.0,0.0,-0.039498,0.0,ohlcv_proxy,,,,
2021-07-27,46900.0,159910.0,0.0,0.0,-0.0,0.0,-0.031095,0.0,ohlcv_proxy,,,,
2021-07-28,45050.0,341617.0,0.0,0.0,-0.0,0.0,-0.039173,0.0,ohlcv_proxy,,,,
2021-07-29,44800.0,257091.0,0.0,0.0,-0.0,0.0,-0.047614,0.0,ohlcv_proxy,,,,
2021-07-30,46100.0,355241.0,0.0,0.0,-0.0,0.0,-0.042697,0.0,ohlcv_proxy,,,,
2021-08-02,44800.0,276885.0,0.0,0.0,-0.0,0.0,-0.043271,0.0,ohlcv_proxy,,,,
2021-08-03,44150.0,372329.0,0.0,0.0,-0.0,0.0,-0.040908,0.0,ohlcv_proxy,,,,
2021-08-04,44650.0,243646.0,0.0,0.0,-0.0,0.0,-0.036045,0.0,ohlcv_proxy,,,,
2021-08-05,44850.0,187283.0,0.0,0.0,-0.0,0.0,-0.031834,0.0,ohlcv_proxy,,,,
2021-08-06,44000.0,402592.0,0.0,0.0,-0.0,-0.1,-0.035539,0.0,ohlcv_proxy,,,,
2021-08-09,43500.0,254772.0,0.0,0.0,-0.0,-0.1,-0.034796,0.0,ohlcv_proxy,,,,
2021-08-10,43650.0,174932.0,0.0,0.0,-0.0,-0.1,-0.031673,0.0,ohlcv_proxy,,,,
2021-08-11,43950.0,496594.0,0.0,0.0,-0.0,0.0,-0.029882,0.0,ohlcv_proxy,,,,
2021-08-12,44750.0,418286.0,0.0,0.0,-0.0,0.1,-0.024463,0.0,ohlcv_proxy,,,,
2021-08-13,43250.0,399279.0,0.0,0.0,-0.0,0.1,-0.023412,0.0,ohlcv_proxy,,,,
2021-08-17,42000.0,287713.0,0.0,0.0,-0.0,0.1,-0.024461,0.0,ohlcv_proxy,,,,
2021-08-18,43050.0,249206.0,0.0,0.0,-0.0,0.1,-0.023445,0.0,ohlcv_proxy,,,,
2021-08-19,40700.0,421281.0,0.0,0.0,-0.0,0.1,-0.032483,0.0,ohlcv_proxy,,,,
2021-08-20,40100.0,255969.0,0.0,0.0,-0.0,0.1,-0.047674,0.0,ohlcv_proxy,,,,
2021-08-23,41100.0,285745.0,0.0,0.0,-0.0,0.2,-0.055465,0.0,ohlcv_proxy,,,,
2021-08-24,42300.0,336031.0,0.0,0.0,-0.0,0.2,-0.050596,0.0,ohlcv_proxy,,,,
2021-08-25,42950.0,223380.0,0.0,0.0,-0.0,0.2,-0.049221,0.0,ohlcv_proxy,,,,
2021-08-26,42000.0,222852.0,0.0,0.0,-0.0,0.1,-0.038806,0.0,ohlcv_proxy,,,,
2021-08-27,42200.0,165293.0,0.0,0.0,-0.0,0.0,-0.027553,0.0,ohlcv_proxy,,,,
2021-08-30,42550.0,103034.0,0.0,0.0,-0.0,0.0,-0.016103,0.0,ohlcv_proxy,,,,
2021-08-31,43350.0,297682.0,0.0,0.0,0.0,0.0,-0.007289,0.0,ohlcv_proxy,,,,
2021-09-01,42700.0,229845.0,0.0,0.0,-0.0,0.0,-0.006537,0.0,ohlcv_proxy,,,,
2021-09-02,42000.0,223934.0,0.0,0.0,-0.0,0.0,-0.003969,0.0,ohlcv_proxy,,,,
2021-09-03,42650.0,176406.0,0.0,0.0,-0.0,0.0,-0.000578,0.0,ohlcv_proxy,,,,
2021-09-06,42700.0,155819.0,0.0,0.0,-0.0,0.0,0.001984,0.0,ohlcv_proxy,,,,
2021-09-07,42850.0,150750.0,0.0,0.0,-0.0,0.0,-0.001368,0.0,ohlcv_proxy,,,,
2021-09-08,43100.0,199607.0,0.0,0.0,0.0,0.0,0.000953,0.0,ohlcv_proxy,,,,
2021-09-09,41350.0,536701.0,0.0,0.0,-0.0,-0.1,-0.003687,0.1,ohlcv_proxy,,,,
2021-09-10,41200.0,166936.0,0.0,0.0,-0.0,-0.1,-0.00295,0.1,ohlcv_proxy,,,,
2021-09-13,41600.0,150770.0,0.0,0.0,-0.0,-0.1,-0.003681,0.1,ohlcv_proxy,,,,
2021-09-14,42500.0,263402.0,0.0,0.0,-0.0,-0.1,-0.003935,0.1,ohlcv_proxy,,,,
2021-09-15,41750.0,114734.0,0.0,0.0,-0.0,-0.1,-0.007515,0.1,ohlcv_proxy,,,,
2021-09-16,41500.0,255128.0,0.0,0.0,-0.0,-0.1,-0.006653,0.1,ohlcv_proxy,,,,
2021-09-17,42300.0,297500.0,0.0,0.0,-0.0,-0.1,-0.004077,0.1,ohlcv_proxy,,,,
2021-09-23,41500.0,216926.0,0.0,0.0,-0.0,-0.1,-0.005922,0.1,ohlcv_proxy,,,,
2021-09-24,40450.0,354230.0,0.0,0.0,-0.0,-0.2,-0.015492,0.1,ohlcv_proxy,,,,
2021-09-27,40550.0,79024.0,0.0,0.0,-0.0,-0.2,-0.015902,0.1,ohlcv_proxy,,,,
2021-09-28,39500.0,231542.0,0.0,0.0,-0.0,-0.1,-0.022251,0.0,ohlcv_proxy,,,,
2021-09-29,39750.0,187060.0,0.0,0.0,-0.0,-0.1,-0.033924,0.0,ohlcv_proxy,,,,
2021-09-30,40050.0,303570.0,0.0,0.0,-0.0,-0.1,-0.037956,0.0,ohlcv_proxy,,,,
2021-10-01,38900.0,193091.0,0.0,0.0,-0.0,-0.1,-0.041418,0.0,ohlcv_proxy,,,,
2021-10-05,38100.0,203733.0,0.0,0.0,-0.0,-0.1,-0.044833,0.0,ohlcv_proxy,,,,
2021-10-06,38050.0,194884.0,0.0,0.0,-0.0,-0.1,-0.047167,0.0,ohlcv_proxy,,,,
2021-10-07,39900.0,241676.0,0.0,0.0,-0.0,-0.1,-0.042697,0.0,ohlcv_proxy,,,,
2021-10-08,38750.0,103071.0,0.0,0.0,-0.0,-0.1,-0.048376,0.0,ohlcv_proxy,,,,
2021-10-12,38600.0,174644.0,0.0,0.0,-0.0,0.0,-0.046205,0.0,ohlcv_proxy,,,,
2021-10-13,39350.0,98809.0,0.0,0.0,-0.0,0.0,-0.037082,0.0,ohlcv_proxy,,,,
2021-10-14,38950.0,196068.0,0.0,0.0,-0.0,0.0,-0.02715,0.0,ohlcv_proxy,,,,
2021-10-15,39550.0,172213.0,0.0,0.0,-0.0,0.0,-0.029157,0.0,ohlcv_proxy,,,,
2021-10-18,39150.0,148854.0,0.0,0.0,-0.0,0.0,-0.025481,0.0,ohlcv_proxy,,,,
2021-10-19,39250.0,89069.0,0.0,0.0,-0.0,0.0,-0.017466,0.0,ohlcv_proxy,,,,
2021-10-20,39000.0,129720.0,0.0,0.0,-0.0,0.0,-0.016791,0.0,ohlcv_proxy,,,,
2021-10-21,38800.0,114010.0,0.0,0.0,-0.0,0.0,-0.013141,0.0,ohlcv_proxy,,,,
2021-10-22,38100.0,109666.0,0.0,0.0,-0.0,0.0,-0.014253,0.0,ohlcv_proxy,,,,
2021-10-25,38750.0,104824.0,0.0,0.0,-0.0,0.0,-0.012971,0.0,ohlcv_proxy,,,,
2021-10-26,38200.0,224237.0,0.0,0.0,-0.0,0.0,-0.014345,0.0,ohlcv_proxy,,,,
2021-10-27,39800.0,271574.0,0.0,0.0,0.0,0.1,-0.006067,0.0,ohlcv_proxy,,,,
2021-10-28,38450.0,182450.0,0.0,0.0,-0.0,0.1,-0.00647,0.0,ohlcv_proxy,,,,
2021-10-29,38050.0,149824.0,0.0,0.0,-0.0,0.1,-0.005334,0.0,ohlcv_proxy,,,,
2021-11-01,38800.0,175509.0,0.0,0.0,-0.0,0.1,-0.00231,0.0,ohlcv_proxy,,,,
2021-11-02,41400.0,431040.0,0.0,0.0,0.0,0.2,0.016449,0.0,ohlcv_proxy,,,,
2021-11-03,39600.0,401974.0,0.0,0.0,0.0,0.1,0.012173,0.1,ohlcv_proxy,,,,
2021-11-04,40100.0,214317.0,0.0,0.0,0.0,0.1,0.015091,0.1,ohlcv_proxy,,,,
2021-11-05,39550.0,178433.0,0.0,0.0,0.0,0.1,0.019618,0.1,ohlcv_proxy,,,,
2021-11-08,40850.0,255156.0,0.0,0.0,0.0,0.1,0.023761,0.1,ohlcv_proxy,,,,
2021-11-09,44250.0,1316575.0,0.0,0.0,0.0,0.2,0.039167,0.1,ohlcv_proxy,,,,
2021-11-10,44900.0,594138.0,0.0,0.0,0.0,0.2,0.051996,0.1,ohlcv_proxy,,,,
2021-11-11,43050.0,454882.0,0.0,0.0,0.0,0.1,0.051103,0.1,ohlcv_proxy,,,,
2021-11-12,43950.0,249808.0,0.0,0.0,0.0,0.1,0.053751,0.1,ohlcv_proxy,,,,
2021-11-15,43600.0,221396.0,0.0,0.0,0.0,0.1,0.056286,0.1,ohlcv_proxy,,,,
2021-11-16,43300.0,204982.0,0.0,0.0,0.0,0.0,0.049265,0.1,ohlcv_proxy,,,,
2021-11-17,41200.0,331733.0,0.0,0.0,-0.0,0.1,0.024403,0.0,ohlcv_proxy,,,,
2021-11-18,39900.0,252685.0,0.0,0.0,-0.0,0.1,0.00933,0.0,ohlcv_proxy,,,,
2021-11-19,38800.0,311264.0,0.0,0.0,-0.0,0.1,-0.015804,0.0,ohlcv_proxy,,,,
2021-11-22,39150.0,237364.0,0.0,0.0,-0.0,0.1,-0.032928,0.0,ohlcv_proxy,,,,
2021-11-23,38650.0,185705.0,0.0,0.0,-0.0,0.0,-0.050406,0.0,ohlcv_proxy,,,,
2021-11-24,38100.0,156700.0,0.0,0.0,-0.0,-0.1,-0.066092,0.0,ohlcv_proxy,,,,
2021-11-25,39050.0,174243.0,0.0,0.0,-0.0,0.0,-0.071468,0.0,ohlcv_proxy,,,,
2021-11-26,37800.0,224088.0,0.0,0.0,-0.0,0.0,-0.075854,0.0,ohlcv_proxy,,,,
2021-11-29,36800.0,236807.0,0.0,0.0,-0.0,0.0,-0.087353,0.0,ohlcv_proxy,,,,
2021-11-30,36200.0,490165.0,0.0,0.0,-0.0,0.0,-0.097794,0.0,ohlcv_proxy,,,,
2021-12-01,36850.0,318082.0,0.0,0.0,-0.0,0.0,-0.099626,0.0,ohlcv_proxy,,,,
2021-12-02,39850.0,479969.0,0.0,0.0,0.0,0.0,-0.084447,0.0,ohlcv_proxy,,,,
2021-12-03,39450.0,201343.0,0.0,0.0,0.0,0.0,-0.079645,0.0,ohlcv_proxy,,,,
2021-12-06,39950.0,164976.0,0.0,0.0,0.0,0.0,-0.070515,0.0,ohlcv_proxy,,,,
2021-12-07,43000.0,557670.0,0.0,0.0,0.0,0.1,-0.006213,0.0,ohlcv_proxy,,,,
2021-12-08,43200.0,287147.0,0.0,0.0,0.0,0.1,0.030036,0.0,ohlcv_proxy,,,,
2021-12-09,43400.0,394324.0,0.0,0.0,0.0,0.1,0.053958,0.0,ohlcv_proxy,,,,
2021-12-10,41600.0,157949.0,0.0,0.0,0.0,0.1,0.064775,0.0,ohlcv_proxy,,,,
2021-12-13,41200.0,103152.0,0.0,0.0,0.0,0.1,0.07297,0.0,ohlcv_proxy,,,,
2021-12-14,41750.0,169370.0,0.0,0.0,0.0,0.1,0.068967,0.0,ohlcv_proxy,,,,
2021-12-15,40250.0,195319.0,0.0,0.0,-0.0,0.1,0.055357,0.0,ohlcv_proxy,,,,
2021-12-16,40050.0,244729.0,0.0,0.0,-0.0,0.1,0.025581,0.0,ohlcv_proxy,,,,
2021-12-17,41700.0,311537.0,0.0,0.0,0.0,0.1,0.024802,0.0,ohlcv_proxy,,,,
2021-12-20,39150.0,264241.0,0.0,0.0,-0.0,0.1,0.014206,0.0,ohlcv_proxy,,,,
2021-12-21,38950.0,179437.0,0.0,0.0,-0.0,0.0,0.003652,0.0,ohlcv_proxy,,,,
2021-12-22,39300.0,174874.0,0.0,0.0,-0.0,0.0,-0.000749,0.0,ohlcv_proxy,,,,
2021-12-23,39850.0,174303.0,0.0,0.0,-0.0,0.0,-0.00226,0.0,ohlcv_proxy,,,,
2021-12-24,40450.0,151399.0,0.0,0.0,0.0,0.0,-0.017221,0.0,ohlcv_proxy,,,,
2021-12-27,40500.0,133815.0,0.0,0.0,0.0,0.0,-0.014398,0.0,ohlcv_proxy,,,,
2021-12-28,41450.0,157070.0,0.0,0.0,0.0,0.0,-0.012712,0.0,ohlcv_proxy,,,,
2021-12-29,41150.0,128726.0,0.0,0.0,0.0,0.0,-0.010213,0.0,ohlcv_proxy,,,,
2021-12-30,40750.0,164154.0,0.0,0.0,0.0,0.0,-0.008034,0.0,ohlcv_proxy,,,,
2022-01-03,40600.0,120327.0,0.0,0.0,0.0,0.0,-0.008559,0.0,ohlcv_proxy,,,,
2022-01-04,41650.0,200844.0,0.0,0.0,0.0,0.0,-0.00382,0.0,ohlcv_proxy,,,,
2022-01-05,42700.0,420204.0,0.0,0.0,0.0,0.1,0.012299,0.0,ohlcv_proxy,,,,
2022-01-06,43100.0,369327.0,0.0,0.0,0.0,0.2,0.022524,0.0,ohlcv_proxy,,,,
2022-01-07,42750.0,188132.0,0.0,0.0,0.0,0.2,0.032396,0.0,ohlcv_proxy,,,,
2022-01-10,42600.0,187160.0,0.0,0.0,0.0,0.2,0.03559,0.0,ohlcv_proxy,,,,
2022-01-11,42100.0,148400.0,0.0,0.0,0.0,0.2,0.036963,0.0,ohlcv_proxy,,,,
2022-01-12,43250.0,117334.0,0.0,0.0,0.0,0.2,0.037861,0.0,ohlcv_proxy,,,,
2022-01-13,43050.0,133601.0,0.0,0.0,0.0,0.2,0.032783,0.0,ohlcv_proxy,,,,
2022-01-14,40700.0,271096.0,0.0,0.0,-0.0,0.2,0.016322,0.0,ohlcv_proxy,,,,
2022-01-17,40250.0,153018.0,0.0,0.0,-0.0,0.2,0.006956,0.0,ohlcv_proxy,,,,
2022-01-18,40550.0,177304.0,0.0,0.0,-0.0,0.2,-0.003259,0.0,ohlcv_proxy,,,,
2022-01-19,39650.0,154203.0,0.0,0.0,-0.0,0.1,-0.017467,0.0,ohlcv_proxy,,,,
2022-01-20,39550.0,193478.0,0.0,0.0,-0.0,0.0,-0.031235,0.0,ohlcv_proxy,,,,
2022-01-21,39550.0,111576.0,0.0,0.0,-0.0,0.0,-0.038051,0.0,ohlcv_proxy,,,,
2022-01-24,38550.0,156197.0,0.0,0.0,-0.0,0.0,-0.044204,0.0,ohlcv_proxy,,,,
2022-01-25,37900.0,168878.0,0.0,0.0,-0.0,0.0,-0.055335,0.0,ohlcv_proxy,,,,
2022-01-26,37850.0,123732.0,0.0,0.0,-0.0,0.0,-0.06033,0.0,ohlcv_proxy,,,,
2022-01-27,36150.0,227623.0,0.0,0.0,-0.0,0.0,-0.076523,0.0,ohlcv_proxy,,,,
2022-01-28,37050.0,209405.0,0.0,0.0,-0.0,0.0,-0.081538,0.0,ohlcv_proxy,,,,
2022-02-03,38150.0,192006.0,0.0,0.0,-0.0,0.0,-0.07969,0.0,ohlcv_proxy,,,,
2022-02-04,38500.0,122325.0,0.0,0.0,-0.0,0.0,-0.075572,0.0,ohlcv_proxy,,,,
2022-02-07,38350.0,190297.0,0.0,0.0,-0.0,0.0,-0.06354,0.0,ohlcv_proxy,,,,
2022-02-08,38850.0,206422.0,0.0,0.0,-0.0,0.0,-0.038029,0.0,ohlcv_proxy,,,,
2022-02-09,39900.0,200104.0,0.0,0.0,0.0,0.0,-0.018129,0.0,ohlcv_proxy,,,,
2022-02-10,41400.0,365470.0,0.0,0.0,0.0,0.1,0.006234,0.0,ohlcv_proxy,,,,
2022-02-11,40200.0,145950.0,0.0,0.0,0.0,0.1,0.013217,0.0,ohlcv_proxy,,,,
2022-02-14,38400.0,213377.0,0.0,0.0,-0.0,0.1,0.017267,0.0,ohlcv_proxy,,,,
2022-02-15,36900.0,212916.0,0.0,0.0,-0.0,0.1,0.014689,0.0,ohlcv_proxy,,,,
2022-02-16,37500.0,218281.0,0.0,0.0,-0.0,0.1,0.008645,0.0,ohlcv_proxy,,,,
2022-02-17,37550.0,216573.0,0.0,0.0,-0.0,0.1,-0.018076,0.0,ohlcv_proxy,,,,
2022-02-18,37550.0,165976.0,0.0,0.0,-0.0,0.1,-0.024573,0.0,ohlcv_proxy,,,,
2022-02-21,37650.0,81920.0,0.0,0.0,-0.0,0.1,-0.027812,0.0,ohlcv_proxy,,,,
2022-02-22,37500.0,155947.0,0.0,0.0,-0.0,0.1,-0.021553,0.0,ohlcv_proxy,,,,
2022-02-23,37850.0,104319.0,0.0,0.0,-0.0,0.1,-0.018793,0.0,ohlcv_proxy,,,,
2022-02-24,36600.0,225955.0,0.0,0.0,-0.0,0.0,-0.023555,0.0,ohlcv_proxy,,,,
2022-02-25,37100.0,139670.0,0.0,0.0,-0.0,0.0,-0.025415,0.0,ohlcv_proxy,,,,
2022-02-28,38150.0,206275.0,0.0,0.0,0.0,0.0,-0.020655,0.0,ohlcv_proxy,,,,
2022-03-02,38300.0,118999.0,0.0,0.0,0.0,0.0,-0.020959,0.0,ohlcv_proxy,,,,
2022-03-03,38350.0,152582.0,0.0,0.0,0.0,0.0,-0.019988,0.0,ohlcv_proxy,,,,
2022-03-04,38250.0,113004.0,0.0,0.0,0.0,0.0,-0.009455,0.0,ohlcv_proxy,,,,
2022-03-07,38050.0,140598.0,0.0,0.0,-0.0,0.0,-0.004284,0.0,ohlcv_proxy,,,,
2022-03-08,36500.0,193012.0,0.0,0.0,-0.0,0.0,-0.013242,0.0,ohlcv_proxy,,,,
2022-03-10,37200.0,197452.0,0.0,0.0,-0.0,0.0,-0.016619,0.0,ohlcv_proxy,,,,
2022-03-11,37000.0,157638.0,0.0,0.0,-0.0,0.0,-0.019579,0.0,ohlcv_proxy,,,,
2022-03-14,39200.0,359181.0,0.0,0.0,0.0,0.1,0.000985,0.0,ohlcv_proxy,,,,
2022-03-15,38050.0,224400.0,0.0,0.0,0.0,0.1,0.003567,0.0,ohlcv_proxy,,,,
2022-03-16,39200.0,157172.0,0.0,0.0,0.0,0.1,0.014344,0.0,ohlcv_proxy,,,,
2022-03-17,38500.0,291329.0,0.0,0.0,0.0,0.0,0.017527,0.0,ohlcv_proxy,,,,
2022-03-18,39000.0,226647.0,0.0,0.0,0.0,0.0,0.02233,0.0,ohlcv_proxy,,,,
2022-03-21,39200.0,199484.0,0.0,0.0,0.0,0.0,0.018291,0.0,ohlcv_proxy,,,,
2022-03-22,39600.0,182718.0,0.0,0.0,0.0,0.0,0.023329,0.0,ohlcv_proxy,,,,
2022-03-23,40400.0,145884.0,0.0,0.0,0.0,0.0,0.024979,0.0,ohlcv_proxy,,,,
2022-03-24,39950.0,163221.0,0.0,0.0,0.0,0.0,0.031396,0.0,ohlcv_proxy,,,,
2022-03-25,39850.0,112484.0,0.0,0.0,0.0,0.0,0.034943,0.0,ohlcv_proxy,,,,
2022-03-28,40000.0,162314.0,0.0,0.0,0.0,-0.1,0.035116,0.0,ohlcv_proxy,,,,
2022-03-29,39100.0,94744.0,0.0,0.0,0.0,-0.1,0.03257,0.0,ohlcv_proxy,,,,
2022-03-30,39000.0,167416.0,0.0,0.0,0.0,-0.1,0.023085,0.0,ohlcv_proxy,,,,
2022-03-31,38850.0,167080.0,0.0,0.0,-0.0,0.0,0.015865,0.0,ohlcv_proxy,,,,
2022-04-01,38700.0,163289.0,0.0,0.0,-0.0,0.0,0.009938,0.0,ohlcv_proxy,,,,
2022-04-04,39000.0,147180.0,0.0,0.0,0.0,0.0,0.00368,0.0,ohlcv_proxy,,,,
2022-04-05,38550.0,129540.0,0.0,0.0,-0.0,0.0,0.001009,0.0,ohlcv_proxy,,,,
2022-04-06,39750.0,308673.0,0.0,0.0,0.0,0.1,0.003125,0.0,ohlcv_proxy,,,,
2022-04-07,39700.0,257988.0,0.0,0.0,0.0,0.1,0.004492,0.0,ohlcv_proxy,,,,
2022-04-08,39850.0,146042.0,0.0,0.0,0.0,0.1,0.00612,0.0,ohlcv_proxy,,,,
2022-04-11,40200.0,149912.0,0.0,0.0,0.0,0.1,0.009571,0.0,ohlcv_proxy,,,,
2022-04-12,38850.0,155213.0,0.0,0.0,-0.0,0.1,0.008494,0.0,ohlcv_proxy,,,,
2022-04-13,39400.0,150522.0,0.0,0.0,0.0,0.1,0.006387,0.0,ohlcv_proxy,,,,
2022-04-14,40250.0,266881.0,0.0,0.0,0.0,0.2,0.007135,0.0,ohlcv_proxy,,,,
2022-04-15,43500.0,820303.0,0.0,0.0,0.0,0.3,0.035313,0.0,ohlcv_proxy,,,,
2022-04-18,42200.0,307496.0,0.0,0.0,0.0,0.3,0.035821,0.0,ohlcv_proxy,,,,
2022-04-19,42250.0,249920.0,0.0,0.0,0.0,0.3,0.039831,0.0,ohlcv_proxy,,,,
2022-04-20,41600.0,531240.0,0.0,0.0,0.0,0.1,0.037709,0.0,ohlcv_proxy,,,,
2022-04-21,41850.0,302044.0,0.0,0.0,0.0,0.1,0.039819,0.0,ohlcv_proxy,,,,
2022-04-22,42300.0,316049.0,0.0,0.0,0.0,0.1,0.024278,0.0,ohlcv_proxy,,,,
2022-04-25,40450.0,228868.0,0.0,0.0,-0.0,0.1,0.017828,0.0,ohlcv_proxy,,,,
2022-04-26,41100.0,231771.0,0.0,0.0,0.0,0.1,0.012671,0.0,ohlcv_proxy,,,,
2022-04-27,41500.0,229987.0,0.0,0.0,0.0,0.1,0.009859,0.0,ohlcv_proxy,,,,
2022-04-28,42250.0,358004.0,0.0,0.0,0.0,0.0,0.009206,0.0,ohlcv_proxy,,,,
2022-04-29,41550.0,185760.0,0.0,0.0,0.0,-0.1,0.002682,0.0,ohlcv_proxy,,,,
2022-05-02,41100.0,161462.0,0.0,0.0,0.0,-0.1,0.004908,0.0,ohlcv_proxy,,,,
2022-05-03,41200.0,180770.0,0.0,0.0,0.0,-0.1,0.004396,0.0,ohlcv_proxy,,,,
2022-05-04,41500.0,211503.0,0.0,0.0,0.0,0.0,0.002072,0.0,ohlcv_proxy,,,,
2022-05-06,41850.0,234315.0,0.0,0.0,0.0,0.0,-0.004515,0.0,ohlcv_proxy,,,,
2022-05-09,41300.0,216227.0,0.0,0.0,0.0,0.0,-0.006561,0.0,ohlcv_proxy,,,,
2022-05-10,40100.0,325707.0,0.0,0.0,-0.0,0.0,-0.013092,0.0,ohlcv_proxy,,,,
2022-05-11,40650.0,196776.0,0.0,0.0,-0.0,0.0,-0.016239,0.0,ohlcv_proxy,,,,
2022-05-12,39600.0,235741.0,0.0,0.0,-0.0,0.0,-0.024295,0.0,ohlcv_proxy,,,,
2022-05-13,40750.0,116080.0,0.0,0.0,-0.0,0.0,-0.031354,0.0,ohlcv_proxy,,,,
2022-05-16,41100.0,145486.0,0.0,0.0,0.0,0.0,-0.026203,0.0,ohlcv_proxy,,,,
2022-05-17,39450.0,412979.0,0.0,0.0,-0.0,-0.1,-0.027589,0.0,ohlcv_proxy,,,,
2022-05-18,37550.0,1238845.0,0.0,0.0,-0.0,-0.2,-0.045658,0.1,ohlcv_proxy,,,,
2022-05-19,36700.0,511254.0,0.0,0.0,-0.0,-0.3,-0.047982,0.1,ohlcv_proxy,,,,
2022-05-20,38600.0,412449.0,0.0,0.0,-0.0,-0.3,-0.044399,0.1,ohlcv_proxy,,,,
2022-05-23,38000.0,162771.0,0.0,0.0,-0.0,-0.3,-0.044201,0.1,ohlcv_proxy,,,,
2022-05-24,37450.0,158275.0,0.0,0.0,-0.0,-0.3,-0.049366,0.1,ohlcv_proxy,,,,
2022-05-25,37400.0,172447.0,0.0,0.0,-0.0,-0.3,-0.04639,0.1,ohlcv_proxy,,,,
2022-05-26,36600.0,403341.0,0.0,0.0,-0.0,-0.3,-0.038838,0.1,ohlcv_proxy,,,,
2022-05-27,37550.0,252758.0,0.0,0.0,-0.0,-0.3,-0.041991,0.1,ohlcv_proxy,,,,
2022-05-30,37500.0,1439527.0,0.0,0.0,-0.0,-0.4,-0.030796,0.1,ohlcv_proxy,,,,
2022-05-31,38000.0,338197.0,0.0,0.0,-0.0,-0.3,-0.026717,0.1,ohlcv_proxy,,,,
2022-06-02,37650.0,125960.0,0.0,0.0,-0.0,-0.2,-0.024311,0.0,ohlcv_proxy,,,,
2022-06-03,37600.0,280799.0,0.0,0.0,-0.0,-0.1,-0.017164,0.0,ohlcv_proxy,,,,
2022-06-07,37050.0,197817.0,0.0,0.0,-0.0,-0.1,-0.01443,0.0,ohlcv_proxy,,,,
2022-06-08,36350.0,263056.0,0.0,0.0,-0.0,-0.1,-0.01562,0.0,ohlcv_proxy,,,,
2022-06-09,36850.0,361630.0,0.0,0.0,-0.0,-0.1,-0.020394,0.0,ohlcv_proxy,,,,
2022-06-10,36050.0,353413.0,0.0,0.0,-0.0,-0.1,-0.024081,0.0,ohlcv_proxy,,,,
2022-06-13,34300.0,452867.0,0.0,0.0,-0.0,-0.1,-0.039573,0.0,ohlcv_proxy,,,,
2022-06-14,33400.0,309008.0,0.0,0.0,-0.0,-0.1,-0.049802,0.0,ohlcv_proxy,,,,
2022-06-15,32400.0,245430.0,0.0,0.0,-0.0,0.0,-0.059768,0.0,ohlcv_proxy,,,,
2022-06-16,31700.0,382115.0,0.0,0.0,-0.0,0.0,-0.08027,0.0,ohlcv_proxy,,,,
2022-06-17,31550.0,311445.0,0.0,0.0,-0.0,0.0,-0.094852,0.0,ohlcv_proxy,,,,
2022-06-20,30150.0,408124.0,0.0,0.0,-0.0,0.0,-0.114763,0.0,ohlcv_proxy,,,,
2022-06-21,30150.0,261691.0,0.0,0.0,-0.0,0.0,-0.121534,0.0,ohlcv_proxy,,,,
2022-06-22,29100.0,353588.0,0.0,0.0,-1e-06,0.0,-0.12922,0.0,ohlcv_proxy,,,,
2022-06-23,28450.0,391796.0,0.0,0.0,-1e-06,0.0,-0.140099,0.0,ohlcv_proxy,,,,
2022-06-24,28900.0,448954.0,0.0,0.0,-0.0,0.0,-0.144841,0.0,ohlcv_proxy,,,,
2022-06-27,29800.0,310001.0,0.0,0.0,-0.0,0.0,-0.140226,0.0,ohlcv_proxy,,,,
2022-06-28,30300.0,237371.0,0.0,0.0,-0.0,0.0,-0.133956,0.0,ohlcv_proxy,,,,
2022-06-29,29600.0,297797.0,0.0,0.0,-0.0,0.0,-0.103151,0.0,ohlcv_proxy,,,,
2022-06-30,28900.0,351261.0,0.0,0.0,-0.0,0.0,-0.085781,0.0,ohlcv_proxy,,,,
2022-07-01,29350.0,358207.0,0.0,0.0,-0.0,0.0,-0.074222,0.0,ohlcv_proxy,,,,
2022-07-04,28700.0,247834.0,0.0,0.0,-0.0,0.0,-0.06963,0.0,ohlcv_proxy,,,,
2022-07-05,29500.0,175191.0,0.0,0.0,-0.0,0.0,-0.0675,0.0,ohlcv_proxy,,,,
2022-07-06,28500.0,225385.0,0.0,0.0,-0.0,0.0,-0.064994,0.0,ohlcv_proxy,,,,
2022-07-07,28700.0,180889.0,0.0,0.0,-0.0,0.0,-0.053289,0.0,ohlcv_proxy,,,,
2022-07-08,29100.0,330452.0,0.0,0.0,-0.0,0.0,-0.043861,0.0,ohlcv_proxy,,,,
2022-07-11,29200.0,148259.0,0.0,0.0,-0.0,0.0,-0.030205,0.0,ohlcv_proxy,,,,
2022-07-12,28800.0,146676.0,0.0,0.0,-0.0,0.0,-0.027039,0.0,ohlcv_proxy,,,,
2022-07-13,28750.0,160911.0,0.0,0.0,-0.0,0.0,-0.02009,0.0,ohlcv_proxy,,,,
2022-07-14,29000.0,349719.0,0.0,0.0,-0.0,0.0,-0.012196,0.0,ohlcv_proxy,,,,
2022-07-15,28700.0,196968.0,0.0,0.0,-0.0,0.0,-0.010443,0.0,ohlcv_proxy,,,,
2022-07-18,29350.0,156447.0,0.0,0.0,-0.0,0.0,-0.007252,0.0,ohlcv_proxy,,,,
2022-07-19,29550.0,179803.0,0.0,0.0,-0.0,0.0,-0.001711,0.0,ohlcv_proxy,,,,
2022-07-20,29650.0,161779.0,0.0,0.0,-0.0,0.0,0.00246,0.0,ohlcv_proxy,,,,
2022-07-21,30700.0,263240.0,0.0,0.0,0.0,0.0,0.014295,0.0,ohlcv_proxy,,,,
2022-07-22,30150.0,229198.0,0.0,0.0,0.0,0.0,0.02197,0.0,ohlcv_proxy,,,,
2022-07-25,30300.0,127687.0,0.0,0.0,0.0,0.0,0.027074,0.0,ohlcv_proxy,,,,
2022-07-26,30750.0,158092.0,0.0,0.0,0.0,0.0,0.034453,0.0,ohlcv_proxy,,,,
2022-07-27,30700.0,200516.0,0.0,0.0,0.0,0.0,0.039275,0.0,ohlcv_proxy,,,,
2022-07-28,31650.0,484316.0,0.0,0.0,0.0,0.1,0.043358,0.0,ohlcv_proxy,,,,
2022-07-29,31100.0,1104390.0,0.0,0.0,0.0,0.0,0.037732,0.0,ohlcv_proxy,,,,
2022-08-01,31400.0,403035.0,0.0,0.0,0.0,0.0,0.03514,0.0,ohlcv_proxy,,,,
2022-08-02,31100.0,259252.0,0.0,0.0,0.0,0.0,0.033483,0.0,ohlcv_proxy,,,,
2022-08-03,31350.0,274621.0,0.0,0.0,0.0,0.0,0.030992,0.0,ohlcv_proxy,,,,
2022-08-04,30550.0,426803.0,0.0,0.0,0.0,0.0,0.022181,0.0,ohlcv_proxy,,,,
2022-08-05,31450.0,274536.0,0.0,0.0,0.0,0.0,0.019584,0.0,ohlcv_proxy,,,,
2022-08-08,31750.0,180317.0,0.0,0.0,0.0,0.0,0.017237,0.0,ohlcv_proxy,,,,
2022-08-09,32100.0,224116.0,0.0,0.0,0.0,0.0,0.019136,0.0,ohlcv_proxy,,,,
2022-08-10,32300.0,311340.0,0.0,0.0,0.0,0.0,0.021458,0.0,ohlcv_proxy,,,,
2022-08-11,32750.0,281439.0,0.0,0.0,0.0,-0.1,0.034073,0.0,ohlcv_proxy,,,,
2022-08-12,33150.0,336759.0,0.0,0.0,0.0,0.0,0.040417,0.0,ohlcv_proxy,,,,
2022-08-16,32750.0,274318.0,0.0,0.0,0.0,0.0,0.041138,0.0,ohlcv_proxy,,,,
2022-08-17,33100.0,226553.0,0.0,0.0,0.0,0.0,0.042302,0.0,ohlcv_proxy,,,,
2022-08-18,33200.0,235839.0,0.0,0.0,0.0,0.0,0.044454,0.0,ohlcv_proxy,,,,
2022-08-19,33400.0,203233.0,0.0,0.0,0.0,0.0,0.044986,0.0,ohlcv_proxy,,,,
2022-08-22,33500.0,253556.0,0.0,0.0,0.0,0.0,0.042948,0.0,ohlcv_proxy,,,,
2022-08-23,34450.0,491241.0,0.0,0.0,0.0,0.0,0.052043,0.0,ohlcv_proxy,,,,
2022-08-24,34800.0,281237.0,0.0,0.0,0.0,0.0,0.056719,0.0,ohlcv_proxy,,,,
2022-08-25,35100.0,227239.0,0.0,0.0,0.0,0.0,0.061389,0.0,ohlcv_proxy,,,,
2022-08-26,35350.0,232592.0,0.0,0.0,0.0,0.0,0.065059,0.0,ohlcv_proxy,,,,
2022-08-29,34600.0,152369.0,0.0,0.0,0.0,0.0,0.060377,0.0,ohlcv_proxy,,,,
2022-08-30,34950.0,171531.0,0.0,0.0,0.0,0.0,0.060304,0.0,ohlcv_proxy,,,,
2022-08-31,34700.0,220565.0,0.0,0.0,0.0,0.0,0.054716,0.0,ohlcv_proxy,,,,
2022-09-01,34000.0,243605.0,0.0,0.0,0.0,0.0,0.042658,0.0,ohlcv_proxy,,,,
2022-09-02,33600.0,174100.0,0.0,0.0,0.0,0.0,0.024441,0.0,ohlcv_proxy,,,,
2022-09-05,33500.0,139440.0,0.0,0.0,0.0,0.0,0.015987,0.0,ohlcv_proxy,,,,
2022-09-06,33450.0,97190.0,0.0,0.0,-0.0,0.0,0.007085,0.0,ohlcv_proxy,,,,
2022-09-07,32650.0,220161.0,0.0,0.0,-0.0,0.0,-0.009016,0.0,ohlcv_proxy,,,,
2022-09-08,32700.0,169970.0,0.0,0.0,-0.0,0.0,-0.020425,0.0,ohlcv_proxy,,,,
2022-09-13,33800.0,157126.0,0.0,0.0,0.0,0.0,-0.021451,0.0,ohlcv_proxy,,,,
2022-09-14,32350.0,188720.0,0.0,0.0,-0.0,0.0,-0.028222,0.0,ohlcv_proxy,,,,
2022-09-15,32750.0,193069.0,0.0,0.0,-0.0,0.0,-0.031452,0.0,ohlcv_proxy,,,,
2022-09-16,32400.0,212630.0,0.0,0.0,-0.0,0.0,-0.032191,0.0,ohlcv_proxy,,,,
2022-09-19,31250.0,137463.0,0.0,0.0,-0.0,0.0,-0.037358,0.0,ohlcv_proxy,,,,
2022-09-20,32300.0,159732.0,0.0,0.0,-0.0,0.0,-0.044113,0.0,ohlcv_proxy,,,,
2022-09-21,32000.0,202576.0,0.0,0.0,-0.0,0.0,-0.044376,0.0,ohlcv_proxy,,,,
2022-09-22,31850.0,180100.0,0.0,0.0,-0.0,0.0,-0.044689,0.0,ohlcv_proxy,,,,
2022-09-23,30700.0,178471.0,0.0,0.0,-0.0,0.0,-0.048998,0.0,ohlcv_proxy,,,,
2022-09-26,29000.0,236674.0,0.0,0.0,-0.0,0.0,-0.055875,0.0,ohlcv_proxy,,,,
2022-09-27,29450.0,258322.0,0.0,0.0,-0.0,0.0,-0.062218,0.0,ohlcv_proxy,,,,
2022-09-28,28200.0,224246.0,0.0,0.0,-0.0,0.0,-0.075914,0.0,ohlcv_proxy,,,,
2022-09-29,28750.0,269747.0,0.0,0.0,-0.0,0.0,-0.082748,0.0,ohlcv_proxy,,,,
2022-09-30,28500.0,247989.0,0.0,0.0,-0.0,0.0,-0.083076,0.0,ohlcv_proxy,,,,
2022-10-04,29600.0,247345.0,0.0,0.0,-0.0,0.0,-0.07104,0.0,ohlcv_proxy,,,,
2022-10-05,29200.0,216413.0,0.0,0.0,-0.0,0.0,-0.066625,0.0,ohlcv_proxy,,,,
2022-10-06,29300.0,180697.0,0.0,0.0,-0.0,0.0,-0.055293,0.0,ohlcv_proxy,,,,
2022-10-07,29500.0,211089.0,0.0,0.0,-0.0,0.0,-0.046127,0.0,ohlcv_proxy,,,,
2022-10-11,29450.0,214742.0,0.0,0.0,-0.0,0.0,-0.033794,0.0,ohlcv_proxy,,,,
2022-10-12,29350.0,184250.0,0.0,0.0,-0.0,0.0,-0.03113,0.0,ohlcv_proxy,,,,
2022-10-13,28950.0,230168.0,0.0,0.0,-0.0,0.0,-0.026436,0.0,ohlcv_proxy,,,,
2022-10-14,29800.0,175478.0,0.0,0.0,-0.0,0.0,-0.01983,0.0,ohlcv_proxy,,,,
2022-10-17,29800.0,201792.0,0.0,0.0,-0.0,0.0,-0.013351,0.0,ohlcv_proxy,,,,
2022-10-18,29950.0,226299.0,0.0,0.0,-0.0,0.0,-0.005489,0.0,ohlcv_proxy,,,,
2022-10-19,30600.0,319886.0,0.0,0.0,0.0,0.0,0.004796,0.0,ohlcv_proxy,,,,
2022-10-20,30900.0,429799.0,0.0,0.0,0.0,0.1,0.020335,0.0,ohlcv_proxy,,,,
2022-10-21,30250.0,191718.0,0.0,0.0,0.0,0.1,0.024907,0.0,ohlcv_proxy,,,,
2022-10-24,30800.0,141972.0,0.0,0.0,0.0,0.1,0.031268,0.0,ohlcv_proxy,,,,
2022-10-25,29550.0,213983.0,0.0,0.0,-0.0,0.1,0.030802,0.0,ohlcv_proxy,,,,
2022-10-26,29950.0,181994.0,0.0,0.0,-0.0,0.1,0.025383,0.0,ohlcv_proxy,,,,
2022-10-27,31850.0,237142.0,0.0,0.0,0.0,0.1,0.025402,0.0,ohlcv_proxy,,,,
2022-10-28,33250.0,320310.0,0.0,0.0,0.0,0.1,0.042769,0.0,ohlcv_proxy,,,,
2022-10-31,33500.0,367861.0,0.0,0.0,0.0,0.2,0.052649,0.0,ohlcv_proxy,,,,
2022-11-01,35200.0,452393.0,0.0,0.0,0.0,0.3,0.075272,0.0,ohlcv_proxy,,,,
2022-11-02,34550.0,238544.0,0.0,0.0,0.0,0.3,0.084979,0.0,ohlcv_proxy,,,,
2022-11-03,35100.0,288394.0,0.0,0.0,0.0,0.2,0.090165,0.0,ohlcv_proxy,,,,
2022-11-04,35250.0,217302.0,0.0,0.0,0.0,0.2,0.092924,0.0,ohlcv_proxy,,,,
2022-11-07,35400.0,224610.0,0.0,0.0,0.0,0.2,0.097313,0.0,ohlcv_proxy,,,,
2022-11-08,35500.0,269132.0,0.0,0.0,0.0,0.2,0.089017,0.0,ohlcv_proxy,,,,
2022-11-09,35800.0,240148.0,0.0,0.0,0.0,0.2,0.08747,0.0,ohlcv_proxy,,,,
2022-11-10,36000.0,283690.0,0.0,0.0,0.0,0.2,0.082353,0.0,ohlcv_proxy,,,,
2022-11-11,35750.0,275603.0,0.0,0.0,0.0,0.2,0.076922,0.0,ohlcv_proxy,,,,
2022-11-14,36650.0,257537.0,0.0,0.0,0.0,0.1,0.074513,0.0,ohlcv_proxy,,,,
2022-11-15,37950.0,396979.0,0.0,0.0,0.0,0.0,0.078379,0.0,ohlcv_proxy,,,,
2022-11-16,38000.0,217004.0,0.0,0.0,0.0,0.0,0.077231,0.0,ohlcv_proxy,,,,
2022-11-17,38500.0,319445.0,0.0,0.0,0.0,0.0,0.075999,0.0,ohlcv_proxy,,,,
2022-11-18,40400.0,611187.0,0.0,0.0,0.0,0.1,0.088929,0.0,ohlcv_proxy,,,,
2022-11-21,38850.0,397756.0,0.0,0.0,0.0,0.1,0.087315,0.0,ohlcv_proxy,,,,
2022-11-22,38850.0,291363.0,0.0,0.0,0.0,0.1,0.081979,0.0,ohlcv_proxy,,,,
2022-11-23,38250.0,266215.0,0.0,0.0,0.0,0.1,0.074016,0.0,ohlcv_proxy,,,,
2022-11-24,38050.0,164875.0,0.0,0.0,0.0,0.1,0.068058,0.0,ohlcv_proxy,,,,
2022-11-25,40700.0,296130.0,0.0,0.0,0.0,0.1,0.051877,0.0,ohlcv_proxy,,,,
2022-11-28,40400.0,193441.0,0.0,0.0,0.0,0.1,0.049951,0.0,ohlcv_proxy,,,,
2022-11-29,41350.0,468230.0,0.0,0.0,0.0,0.2,0.057329,0.0,ohlcv_proxy,,,,
2022-11-30,35550.0,8329233.0,0.0,0.0,-0.0,0.1,-0.01166,0.1,ohlcv_proxy,,,,
2022-12-01,36000.0,1070491.0,0.0,0.0,-0.0,0.1,-0.012553,0.1,ohlcv_proxy,,,,
2022-12-02,35450.0,724415.0,0.0,0.0,-0.0,0.0,-0.016289,0.1,ohlcv_proxy,,,,
2022-12-05,34250.0,1061660.0,0.0,0.0,-0.0,0.0,-0.018909,0.1,ohlcv_proxy,,,,
2022-12-06,35100.0,812929.0,0.0,0.0,-0.0,0.0,-0.024786,0.1,ohlcv_proxy,,,,
2022-12-07,34600.0,564821.0,0.0,0.0,-0.0,0.0,-0.03256,0.1,ohlcv_proxy,,,,
2022-12-08,34500.0,431290.0,0.0,0.0,-0.0,0.0,-0.040828,0.1,ohlcv_proxy,,,,
2022-12-09,35300.0,448941.0,0.0,0.0,-0.0,0.0,-0.042507,0.1,ohlcv_proxy,,,,
2022-12-12,35400.0,724506.0,0.0,0.0,-0.0,0.0,-0.03235,0.1,ohlcv_proxy,,,,
2022-12-13,35450.0,343704.0,0.0,0.0,-0.0,-0.1,-0.029993,0.1,ohlcv_proxy,,,,
2022-12-14,36300.0,408154.0,0.0,0.0,0.0,0.0,-0.020498,0.0,ohlcv_proxy,,,,
2022-12-15,36000.0,263073.0,0.0,0.0,0.0,0.0,-0.012422,0.0,ohlcv_proxy,,,,
2022-12-16,36150.0,340702.0,0.0,0.0,0.0,0.0,-0.003985,0.0,ohlcv_proxy,,,,
2022-12-19,36100.0,209731.0,0.0,0.0,0.0,0.0,0.003944,0.0,ohlcv_proxy,,,,
2022-12-20,36000.0,262397.0,0.0,0.0,0.0,0.0,0.008851,0.0,ohlcv_proxy,,,,
2022-12-21,36800.0,361938.0,0.0,0.0,0.0,0.0,0.012686,0.0,ohlcv_proxy,,,,
2022-12-22,35550.0,429697.0,0.0,0.0,-0.0,0.0,0.009349,0.0,ohlcv_proxy,,,,
2022-12-23,35600.0,186469.0,0.0,0.0,-0.0,0.0,0.009625,0.0,ohlcv_proxy,,,,
2022-12-26,35700.0,164712.0,0.0,0.0,-0.0,0.0,0.009709,0.0,ohlcv_proxy,,,,
2022-12-27,35900.0,219368.0,0.0,0.0,-0.0,0.0,0.013529,0.0,ohlcv_proxy,,,,
2022-12-28,36000.0,243253.0,0.0,0.0,0.0,0.0,0.008183,0.0,ohlcv_proxy,,,,
2022-12-29,34600.0,222390.0,0.0,0.0,-0.0,0.0,0.006088,0.0,ohlcv_proxy,,,,
2023-01-02,33150.0,284926.0,0.0,0.0,-0.0,0.0,-0.008752,0.0,ohlcv_proxy,,,,
2023-01-03,32600.0,241160.0,0.0,0.0,-0.0,0.0,-0.026559,0.0,ohlcv_proxy,,,,
2023-01-04,33100.0,154711.0,0.0,0.0,-0.0,0.0,-0.038989,0.0,ohlcv_proxy,,,,
2023-01-05,33050.0,281075.0,0.0,0.0,-0.0,0.0,-0.055909,0.0,ohlcv_proxy,,,,
2023-01-06,33200.0,224926.0,0.0,0.0,-0.0,0.0,-0.062748,0.0,ohlcv_proxy,,,,
2023-01-09,33650.0,299382.0,0.0,0.0,-0.0,0.0,-0.056862,0.0,ohlcv_proxy,,,,
2023-01-10,34200.0,303959.0,0.0,0.0,-0.0,0.0,-0.044319,0.0,ohlcv_proxy,,,,
2023-01-11,35150.0,248767.0,0.0,0.0,0.0,0.0,-0.033823,0.0,ohlcv_proxy,,,,
2023-01-12,35150.0,203788.0,0.0,0.0,0.0,0.0,-0.02023,0.0,ohlcv_proxy,,,,
2023-01-13,35900.0,307264.0,0.0,0.0,0.0,0.0,-0.004683,0.0,ohlcv_proxy,,,,
2023-01-16,35450.0,155918.0,0.0,0.0,0.0,0.0,0.007614,0.0,ohlcv_proxy,,,,
2023-01-17,35800.0,173453.0,0.0,0.0,0.0,0.0,0.018719,0.0,ohlcv_proxy,,,,
2023-01-18,35300.0,147068.0,0.0,0.0,0.0,0.0,0.021836,0.0,ohlcv_proxy,,,,
2023-01-19,34750.0,250684.0,0.0,0.0,-0.0,0.0,0.023066,0.0,ohlcv_proxy,,,,
2023-01-20,34750.0,113477.0,0.0,0.0,-0.0,0.0,0.018089,0.0,ohlcv_proxy,,,,
2023-01-25,34650.0,128761.0,0.0,0.0,-0.0,0.0,0.0154,0.0,ohlcv_proxy,,,,
2023-01-26,34950.0,221941.0,0.0,0.0,0.0,0.0,0.010927,0.0,ohlcv_proxy,,,,
2023-01-27,35600.0,186471.0,0.0,0.0,0.0,0.0,0.013939,0.0,ohlcv_proxy,,,,
2023-01-30,35600.0,177423.0,0.0,0.0,0.0,0.0,0.020932,0.0,ohlcv_proxy,,,,
2023-01-31,34750.0,248342.0,0.0,0.0,-0.0,0.0,0.018977,0.0,ohlcv_proxy,,,,
2023-02-01,34750.0,462978.0,0.0,0.0,-0.0,0.0,0.013312,0.0,ohlcv_proxy,,,,
2023-02-02,35100.0,236864.0,0.0,0.0,0.0,0.0,0.010194,0.0,ohlcv_proxy,,,,
2023-02-03,35250.0,242135.0,0.0,0.0,0.0,0.0,0.006659,0.0,ohlcv_proxy,,,,
2023-02-06,35500.0,248875.0,0.0,0.0,0.0,0.0,0.002818,0.0,ohlcv_proxy,,,,
2023-02-07,35450.0,184173.0,0.0,0.0,0.0,0.0,0.002801,0.0,ohlcv_proxy,,,,
2023-02-08,35950.0,203296.0,0.0,0.0,0.0,0.0,0.007673,0.0,ohlcv_proxy,,,,
2023-02-09,37000.0,1110529.0,0.0,0.0,0.0,0.1,0.020777,0.0,ohlcv_proxy,,,,
2023-02-10,37150.0,414843.0,0.0,0.0,0.0,0.2,0.02455,0.0,ohlcv_proxy,,,,
2023-02-13,37050.0,255193.0,0.0,0.0,0.0,0.2,0.027177,0.0,ohlcv_proxy,,,,
2023-02-14,37450.0,255659.0,0.0,0.0,0.0,0.2,0.030258,0.0,ohlcv_proxy,,,,
2023-02-15,36850.0,267618.0,0.0,0.0,0.0,0.2,0.030679,0.0,ohlcv_proxy,,,,
2023-02-16,37300.0,237544.0,0.0,0.0,0.0,0.2,0.031394,0.0,ohlcv_proxy,,,,
2023-02-17,39150.0,783293.0,0.0,0.0,0.0,0.3,0.043655,0.0,ohlcv_proxy,,,,
2023-02-20,38300.0,273361.0,0.0,0.0,0.0,0.3,0.044274,0.0,ohlcv_proxy,,,,
2023-02-21,38300.0,207705.0,0.0,0.0,0.0,0.3,0.045018,0.0,ohlcv_proxy,,,,
2023-02-22,38550.0,339152.0,0.0,0.0,0.0,0.3,0.048086,0.0,ohlcv_proxy,,,,
2023-02-23,38300.0,330349.0,0.0,0.0,0.0,0.2,0.047197,0.0,ohlcv_proxy,,,,
2023-02-24,38500.0,241994.0,0.0,0.0,0.0,0.1,0.036662,0.0,ohlcv_proxy,,,,
2023-02-27,38400.0,205593.0,0.0,0.0,0.0,0.1,0.034997,0.0,ohlcv_proxy,,,,
2023-02-28,37900.0,389689.0,0.0,0.0,0.0,0.1,0.028243,0.0,ohlcv_proxy,,,,
2023-03-02,39600.0,355997.0,0.0,0.0,0.0,0.1,0.026802,0.0,ohlcv_proxy,,,,
2023-03-03,39600.0,211898.0,0.0,0.0,0.0,0.1,0.028466,0.0,ohlcv_proxy,,,,
2023-03-06,39200.0,217773.0,0.0,0.0,0.0,0.0,0.027794,0.0,ohlcv_proxy,,,,
2023-03-07,39300.0,250615.0,0.0,0.0,0.0,0.0,0.027751,0.0,ohlcv_proxy,,,,
2023-03-08,41600.0,7204062.0,0.0,0.0,0.0,0.1,0.035712,0.0,ohlcv_proxy,,,,
2023-03-09,40600.0,823098.0,0.0,0.0,0.0,0.1,0.033277,0.0,ohlcv_proxy,,,,
2023-03-10,39550.0,694749.0,0.0,0.0,0.0,0.1,0.025366,0.0,ohlcv_proxy,,,,
2023-03-13,39550.0,459376.0,0.0,0.0,0.0,0.1,0.022739,0.0,ohlcv_proxy,,,,
2023-03-14,38100.0,292941.0,0.0,0.0,-0.0,0.1,0.021272,0.0,ohlcv_proxy,,,,
2023-03-15,39350.0,257838.0,0.0,0.0,0.0,0.1,-0.015594,0.0,ohlcv_proxy,,,,
2023-03-16,38650.0,840756.0,0.0,0.0,-0.0,0.1,-0.030614,0.0,ohlcv_proxy,,,,
2023-03-17,39800.0,279904.0,0.0,0.0,0.0,0.1,-0.033077,0.0,ohlcv_proxy,,,,
2023-03-20,39850.0,199678.0,0.0,0.0,0.0,0.1,-0.035577,0.0,ohlcv_proxy,,,,
2023-03-21,41350.0,344079.0,0.0,0.0,0.0,0.1,-0.023283,0.0,ohlcv_proxy,,,,
2023-03-22,40700.0,238598.0,0.0,0.0,0.0,0.0,-0.019922,0.0,ohlcv_proxy,,,,
2023-03-23,40050.0,199915.0,0.0,0.0,0.0,0.0,-0.002406,0.0,ohlcv_proxy,,,,
2023-03-24,40900.0,248401.0,0.0,0.0,0.0,0.0,0.002007,0.0,ohlcv_proxy,,,,
2023-03-27,40700.0,309861.0,0.0,0.0,0.0,0.0,0.004217,0.0,ohlcv_proxy,,,,
2023-03-28,42500.0,542139.0,0.0,0.0,0.0,0.0,0.013354,0.0,ohlcv_proxy,,,,
2023-03-29,42300.0,156835.0,0.0,0.0,0.0,0.0,0.015998,0.0,ohlcv_proxy,,,,
2023-03-30,42500.0,185302.0,0.0,0.0,0.0,0.0,0.02272,0.0,ohlcv_proxy,,,,
2023-03-31,43700.0,382812.0,0.0,0.0,0.0,0.0,0.035016,0.0,ohlcv_proxy,,,,
2023-04-03,43300.0,192643.0,0.0,0.0,0.0,0.0,0.045245,0.0,ohlcv_proxy,,,,
2023-04-04,44700.0,353651.0,0.0,0.0,0.0,0.0,0.058457,0.0,ohlcv_proxy,,,,
2023-04-05,43500.0,624877.0,0.0,0.0,0.0,-0.1,0.066346,0.0,ohlcv_proxy,,,,
2023-04-06,42550.0,341300.0,0.0,0.0,0.0,-0.1,0.061222,0.0,ohlcv_proxy,,,,
2023-04-07,41750.0,307260.0,0.0,0.0,0.0,-0.1,0.048312,0.0,ohlcv_proxy,,,,
2023-04-10,41950.0,160488.0,0.0,0.0,0.0,-0.1,0.041858,0.0,ohlcv_proxy,,,,
2023-04-11,42800.0,262206.0,0.0,0.0,0.0,-0.1,0.027547,0.0,ohlcv_proxy,,,,
2023-04-12,46150.0,611832.0,0.0,0.0,0.0,0.0,0.038175,0.0,ohlcv_proxy,,,,
2023-04-13,46100.0,366437.0,0.0,0.0,0.0,0.0,0.038807,0.0,ohlcv_proxy,,,,
2023-04-14,46700.0,341660.0,0.0,0.0,0.0,0.0,0.051863,0.0,ohlcv_proxy,,,,
2023-04-17,47450.0,294666.0,0.0,0.0,0.0,0.0,0.058915,0.0,ohlcv_proxy,,,,
2023-04-18,47500.0,262516.0,0.0,0.0,0.0,0.0,0.067175,0.0,ohlcv_proxy,,,,
2023-04-19,47700.0,209812.0,0.0,0.0,0.0,0.1,0.069247,0.0,ohlcv_proxy,,,,
2023-04-20,47050.0,275480.0,0.0,0.0,0.0,0.1,0.068693,0.0,ohlcv_proxy,,,,
2023-04-21,46600.0,204326.0,0.0,0.0,0.0,0.1,0.064708,0.0,ohlcv_proxy,,,,
2023-04-24,47500.0,228012.0,0.0,0.0,0.0,0.1,0.057699,0.0,ohlcv_proxy,,,,
2023-04-25,47350.0,308342.0,0.0,0.0,0.0,0.1,0.049275,0.0,ohlcv_proxy,,,,
2023-04-26,47300.0,248245.0,0.0,0.0,0.0,0.0,0.044104,0.0,ohlcv_proxy,,,,
2023-04-27,51200.0,1240681.0,0.0,0.0,0.0,0.1,0.067901,0.0,ohlcv_proxy,,,,
2023-04-28,51200.0,549607.0,0.0,0.0,0.0,0.1,0.06936,0.0,ohlcv_proxy,,,,
2023-05-02,50900.0,272175.0,0.0,0.0,0.0,0.1,0.070508,0.0,ohlcv_proxy,,,,
2023-05-03,51400.0,214009.0,0.0,0.0,0.0,0.1,0.074698,0.0,ohlcv_proxy,,,,
2023-05-04,52000.0,268068.0,0.0,0.0,0.0,0.1,0.072792,0.0,ohlcv_proxy,,,,
2023-05-08,51800.0,473180.0,0.0,0.0,0.0,0.1,0.065186,0.0,ohlcv_proxy,,,,
2023-05-09,51100.0,370143.0,0.0,0.0,0.0,0.1,0.056004,0.0,ohlcv_proxy,,,,
2023-05-10,50200.0,271729.0,0.0,0.0,0.0,0.1,0.049162,0.0,ohlcv_proxy,,,,
2023-05-11,51000.0,344724.0,0.0,0.0,0.0,0.1,0.040907,0.0,ohlcv_proxy,,,,
2023-05-12,49600.0,241535.0,0.0,0.0,0.0,0.1,0.027834,0.0,ohlcv_proxy,,,,
2023-05-15,51200.0,290092.0,0.0,0.0,0.0,0.0,0.01819,0.0,ohlcv_proxy,,,,
2023-05-16,51300.0,223284.0,0.0,0.0,0.0,0.0,0.0138,0.0,ohlcv_proxy,,,,
2023-05-17,50500.0,337850.0,0.0,0.0,0.0,0.0,0.012036,0.0,ohlcv_proxy,,,,
2023-05-18,52600.0,345132.0,0.0,0.0,0.0,0.0,0.015181,0.0,ohlcv_proxy,,,,
2023-05-19,52500.0,204856.0,0.0,0.0,0.0,0.0,0.021466,0.0,ohlcv_proxy,,,,
2023-05-22,53400.0,226764.0,0.0,0.0,0.0,0.0,0.024455,0.0,ohlcv_proxy,,,,
2023-05-23,54500.0,305711.0,0.0,0.0,0.0,0.0,0.031434,0.0,ohlcv_proxy,,,,
2023-05-24,54800.0,258614.0,0.0,0.0,0.0,0.0,0.044933,0.0,ohlcv_proxy,,,,
2023-05-25,55800.0,405096.0,0.0,0.0,0.0,0.0,0.053346,0.0,ohlcv_proxy,,,,
2023-05-26,54200.0,312070.0,0.0,0.0,0.0,0.0,0.052128,0.0,ohlcv_proxy,,,,
2023-05-30,53400.0,325071.0,0.0,0.0,0.0,0.0,0.046064,0.0,ohlcv_proxy,,,,
2023-05-31,53500.0,354469.0,0.0,0.0,0.0,0.0,0.038586,0.0,ohlcv_proxy,,,,
2023-06-01,54800.0,331575.0,0.0,0.0,0.0,0.0,0.035019,0.0,ohlcv_proxy,,,,
2023-06-02,56200.0,246144.0,0.0,0.0,0.0,0.0,0.029853,0.0,ohlcv_proxy,,,,
2023-06-05,60900.0,645049.0,0.0,0.0,0.0,0.1,0.055757,0.0,ohlcv_proxy,,,,
2023-06-07,60200.0,564779.0,0.0,0.0,0.0,0.0,0.068767,0.0,ohlcv_proxy,,,,
2023-06-08,60400.0,422827.0,0.0,0.0,0.0,0.0,0.079272,0.0,ohlcv_proxy,,,,
2023-06-09,62000.0,433125.0,0.0,0.0,0.0,0.0,0.087667,0.0,ohlcv_proxy,,,,
2023-06-12,61600.0,299486.0,0.0,0.0,0.0,0.0,0.088525,0.0,ohlcv_proxy,,,,
2023-06-13,61700.0,345580.0,0.0,0.0,0.0,0.0,0.081124,0.0,ohlcv_proxy,,,,
2023-06-14,62000.0,285188.0,0.0,0.0,0.0,0.0,0.079988,0.0,ohlcv_proxy,,,,
2023-06-15,60700.0,530586.0,0.0,0.0,0.0,0.0,0.071838,0.0,ohlcv_proxy,,,,
2023-06-16,60400.0,1689521.0,0.0,0.0,0.0,-0.1,0.04444,0.0,ohlcv_proxy,,,,
2023-06-19,60300.0,327228.0,0.0,0.0,0.0,-0.1,0.036776,0.0,ohlcv_proxy,,,,
2023-06-20,59900.0,325466.0,0.0,0.0,0.0,-0.2,0.030088,0.0,ohlcv_proxy,,,,
2023-06-21,55000.0,7464321.0,0.0,0.0,-0.0,-0.2,-0.010053,0.1,ohlcv_proxy,,,,
2023-06-22,56100.0,1103470.0,0.0,0.0,-0.0,-0.2,-0.014043,0.1,ohlcv_proxy,,,,
2023-06-23,57600.0,1235825.0,0.0,0.0,0.0,-0.2,-0.024216,0.1,ohlcv_proxy,,,,
2023-06-26,57600.0,723242.0,0.0,0.0,0.0,-0.2,-0.02529,0.1,ohlcv_proxy,,,,
2023-06-27,57700.0,428160.0,0.0,0.0,0.0,-0.2,-0.027196,0.1,ohlcv_proxy,,,,
2023-06-28,57400.0,573610.0,0.0,0.0,-0.0,-0.2,-0.002373,0.1,ohlcv_proxy,,,,
2023-06-29,57800.0,558902.0,0.0,0.0,0.0,-0.2,0.003705,0.1,ohlcv_proxy,,,,
2023-06-30,58700.0,711873.0,0.0,0.0,0.0,-0.1,0.006636,0.1,ohlcv_proxy,,,,
2023-07-03,58900.0,385790.0,0.0,0.0,0.0,-0.1,0.00973,0.1,ohlcv_proxy,,,,
2023-07-04,58800.0,412130.0,0.0,0.0,0.0,-0.1,0.014298,0.1,ohlcv_proxy,,,,
2023-07-05,59300.0,465516.0,0.0,0.0,0.0,0.0,0.021678,0.0,ohlcv_proxy,,,,
2023-07-06,58900.0,471404.0,0.0,0.0,0.0,0.0,0.026439,0.0,ohlcv_proxy,,,,
2023-07-07,59600.0,362678.0,0.0,0.0,0.0,0.0,0.030883,0.0,ohlcv_proxy,,,,
2023-07-10,61300.0,476298.0,0.0,0.0,0.0,0.0,0.03927,0.0,ohlcv_proxy,,,,
2023-07-11,62400.0,374461.0,0.0,0.0,0.0,0.0,0.050071,0.0,ohlcv_proxy,,,,
2023-07-12,63300.0,485647.0,0.0,0.0,0.0,0.0,0.064005,0.0,ohlcv_proxy,,,,
2023-07-13,61200.0,752090.0,0.0,0.0,0.0,0.0,0.070784,0.0,ohlcv_proxy,,,,
2023-07-14,61000.0,437274.0,0.0,0.0,0.0,0.0,0.077458,0.0,ohlcv_proxy,,,,
2023-07-17,60300.0,335569.0,0.0,0.0,0.0,0.0,0.075457,0.0,ohlcv_proxy,,,,
2023-07-18,59000.0,371591.0,0.0,0.0,-0.0,0.0,0.066411,0.0,ohlcv_proxy,,,,
2023-07-19,59400.0,401942.0,0.0,0.0,-0.0,0.0,0.023882,0.0,ohlcv_proxy,,,,
2023-07-20,59300.0,290719.0,0.0,0.0,-0.0,0.0,0.009778,0.0,ohlcv_proxy,,,,
2023-07-21,59400.0,180077.0,0.0,0.0,-0.0,0.0,-0.000287,0.0,ohlcv_proxy,,,,
2023-07-24,60000.0,227119.0,0.0,0.0,0.0,0.0,-0.004938,0.0,ohlcv_proxy,,,,
2023-07-25,65600.0,769723.0,0.0,0.0,0.0,0.1,0.028963,0.0,ohlcv_proxy,,,,
2023-07-26,60400.0,679087.0,0.0,0.0,0.0,0.1,0.025394,0.0,ohlcv_proxy,,,,
2023-07-27,56200.0,1027847.0,0.0,0.0,-0.0,0.0,0.000719,0.1,ohlcv_proxy,,,,
2023-07-28,56600.0,387357.0,0.0,0.0,-0.0,0.0,-0.005394,0.1,ohlcv_proxy,,,,
2023-07-31,58500.0,529458.0,0.0,0.0,-0.0,0.0,-0.008304,0.1,ohlcv_proxy,,,,
2023-08-01,56400.0,657100.0,0.0,0.0,-0.0,0.0,-0.039296,0.1,ohlcv_proxy,,,,
2023-08-02,56100.0,552584.0,0.0,0.0,-0.0,0.0,-0.050849,0.1,ohlcv_proxy,,,,
2023-08-03,54600.0,404570.0,0.0,0.0,-0.0,0.0,-0.050474,0.1,ohlcv_proxy,,,,
2023-08-04,54100.0,460923.0,0.0,0.0,-0.0,0.0,-0.053768,0.1,ohlcv_proxy,,,,
2023-08-07,55400.0,486871.0,0.0,0.0,-0.0,0.0,-0.059778,0.1,ohlcv_proxy,,,,
2023-08-08,57000.0,572192.0,0.0,0.0,-0.0,-0.1,-0.054116,0.1,ohlcv_proxy,,,,
2023-08-09,56500.0,318085.0,0.0,0.0,-0.0,-0.1,-0.049308,0.1,ohlcv_proxy,,,,
2023-08-10,55800.0,420354.0,0.0,0.0,-0.0,0.0,-0.040094,0.0,ohlcv_proxy,,,,
2023-08-11,55400.0,335283.0,0.0,0.0,-0.0,0.0,-0.03103,0.0,ohlcv_proxy,,,,
2023-08-14,55200.0,214660.0,0.0,0.0,-0.0,0.0,-0.027216,0.0,ohlcv_proxy,,,,
2023-08-16,53700.0,296075.0,0.0,0.0,-0.0,0.0,-0.037458,0.0,ohlcv_proxy,,,,
2023-08-17,53400.0,354239.0,0.0,0.0,-0.0,0.0,-0.04479,0.0,ohlcv_proxy,,,,
2023-08-18,53700.0,304507.0,0.0,0.0,-0.0,0.0,-0.050617,0.0,ohlcv_proxy,,,,
2023-08-21,54500.0,244526.0,0.0,0.0,-0.0,0.0,-0.05278,0.0,ohlcv_proxy,,,,
2023-08-22,55000.0,263173.0,0.0,0.0,-0.0,0.0,-0.05054,0.0,ohlcv_proxy,,,,
2023-08-23,54200.0,361950.0,0.0,0.0,-0.0,0.0,-0.033962,0.0,ohlcv_proxy,,,,
2023-08-24,54900.0,314650.0,0.0,0.0,-0.0,0.0,-0.02112,0.0,ohlcv_proxy,,,,
2023-08-25,51800.0,542186.0,0.0,0.0,-0.0,0.0,-0.027849,0.0,ohlcv_proxy,,,,
2023-08-28,53800.0,295034.0,0.0,0.0,-0.0,0.0,-0.027456,0.0,ohlcv_proxy,,,,
2023-08-29,54100.0,219732.0,0.0,0.0,-0.0,0.0,-0.025498,0.0,ohlcv_proxy,,,,
2023-08-30,53300.0,316866.0,0.0,0.0,-0.0,0.0,-0.025272,0.0,ohlcv_proxy,,,,
2023-08-31,53800.0,585599.0,0.0,0.0,-0.0,0.1,-0.024084,0.0,ohlcv_proxy,,,,
2023-09-01,53200.0,273386.0,0.0,0.0,-0.0,0.1,-0.014858,0.0,ohlcv_proxy,,,,
2023-09-04,53800.0,237384.0,0.0,0.0,-0.0,0.1,-0.014978,0.0,ohlcv_proxy,,,,
2023-09-05,54100.0,214981.0,0.0,0.0,-0.0,0.1,-0.013552,0.0,ohlcv_proxy,,,,
2023-09-06,53500.0,309762.0,0.0,0.0,-0.0,0.1,-0.007787,0.0,ohlcv_proxy,,,,
2023-09-07,52700.0,248884.0,0.0,0.0,-0.0,0.1,-0.009097,0.0,ohlcv_proxy,,,,
2023-09-08,52900.0,131034.0,0.0,0.0,-0.0,0.1,-0.006387,0.0,ohlcv_proxy,,,,
2023-09-11,53700.0,225744.0,0.0,0.0,-0.0,0.1,-0.005084,0.0,ohlcv_proxy,,,,
2023-09-12,53200.0,186597.0,0.0,0.0,-0.0,0.1,-0.006957,0.0,ohlcv_proxy,,,,
2023-09-13,54000.0,292188.0,0.0,0.0,0.0,0.1,-0.004796,0.0,ohlcv_proxy,,,,
2023-09-14,54300.0,234990.0,0.0,0.0,0.0,0.0,0.001148,0.0,ohlcv_proxy,,,,
2023-09-15,53900.0,450322.0,0.0,0.0,-0.0,-0.1,0.00334,0.0,ohlcv_proxy,,,,
2023-09-18,55200.0,451910.0,0.0,0.0,0.0,-0.1,0.009248,0.0,ohlcv_proxy,,,,
2023-09-19,55700.0,205418.0,0.0,0.0,0.0,-0.1,0.01464,0.0,ohlcv_proxy,,,,
2023-09-20,55700.0,227469.0,0.0,0.0,0.0,-0.1,0.018748,0.0,ohlcv_proxy,,,,
2023-09-21,54300.0,204776.0,0.0,0.0,-0.0,-0.1,0.019723,0.0,ohlcv_proxy,,,,
2023-09-22,55000.0,209962.0,0.0,0.0,0.0,-0.1,0.021688,0.0,ohlcv_proxy,,,,
2023-09-25,52500.0,316221.0,0.0,0.0,-0.0,-0.1,0.009494,0.0,ohlcv_proxy,,,,
2023-09-26,51400.0,310724.0,0.0,0.0,-0.0,-0.1,-0.005412,0.0,ohlcv_proxy,,,,
2023-09-27,51000.0,373782.0,0.0,0.0,-0.0,-0.1,-0.021432,0.0,ohlcv_proxy,,,,
2023-10-04,48050.0,618151.0,0.0,0.0,-0.0,-0.2,-0.042128,0.1,ohlcv_proxy,,,,
2023-10-05,48000.0,334267.0,0.0,0.0,-0.0,-0.1,-0.054342,0.1,ohlcv_proxy,,,,
2023-10-06,48200.0,223337.0,0.0,0.0,-0.0,-0.1,-0.062735,0.1,ohlcv_proxy,,,,
2023-10-10,49200.0,420490.0,0.0,0.0,-0.0,-0.1,-0.064188,0.1,ohlcv_proxy,,,,
2023-10-11,49700.0,843251.0,0.0,0.0,-0.0,0.0,-0.057939,0.1,ohlcv_proxy,,,,
2023-10-12,50000.0,297220.0,0.0,0.0,-0.0,0.0,-0.048265,0.1,ohlcv_proxy,,,,
2023-10-13,51000.0,502109.0,0.0,0.0,-0.0,0.0,-0.035871,0.1,ohlcv_proxy,,,,
2023-10-16,49500.0,275396.0,0.0,0.0,-0.0,0.0,-0.030754,0.1,ohlcv_proxy,,,,
2023-10-17,49950.0,781658.0,0.0,0.0,-0.0,0.1,-0.02456,0.1,ohlcv_proxy,,,,
2023-10-18,51000.0,287676.0,0.0,0.0,-0.0,0.1,-0.017292,0.1,ohlcv_proxy,,,,
2023-10-19,45000.0,1096625.0,0.0,0.0,-0.0,0.1,-0.038492,0.1,ohlcv_proxy,,,,
2023-10-20,44650.0,301542.0,0.0,0.0,-0.0,0.1,-0.048634,0.1,ohlcv_proxy,,,,
2023-10-23,44450.0,207830.0,0.0,0.0,-0.0,0.1,-0.049157,0.1,ohlcv_proxy,,,,
2023-10-24,45600.0,334443.0,0.0,0.0,-0.0,0.1,-0.068372,0.1,ohlcv_proxy,,,,
2023-10-25,44800.0,324154.0,0.0,0.0,-0.0,0.0,-0.078142,0.1,ohlcv_proxy,,,,
2023-10-26,43200.0,541477.0,0.0,0.0,-0.0,0.0,-0.080987,0.1,ohlcv_proxy,,,,
2023-10-27,42400.0,414070.0,0.0,0.0,-0.0,0.0,-0.082931,0.1,ohlcv_proxy,,,,
2023-10-30,39700.0,751304.0,0.0,0.0,-0.0,-0.1,-0.096224,0.1,ohlcv_proxy,,,,
2023-10-31,38750.0,565391.0,0.0,0.0,-0.0,-0.2,-0.110052,0.1,ohlcv_proxy,,,,
2023-11-01,38050.0,603918.0,0.0,0.0,-0.0,-0.2,-0.120055,0.1,ohlcv_proxy,,,,
2023-11-02,38400.0,351738.0,0.0,0.0,-0.0,-0.1,-0.130332,0.0,ohlcv_proxy,,,,
2023-11-03,39350.0,296515.0,0.0,0.0,-0.0,-0.1,-0.13576,0.0,ohlcv_proxy,,,,
2023-11-06,41550.0,422317.0,0.0,0.0,-0.0,-0.1,-0.126288,0.0,ohlcv_proxy,,,,
2023-11-07,40850.0,415241.0,0.0,0.0,-0.0,-0.1,-0.109158,0.0,ohlcv_proxy,,,,
2023-11-08,39850.0,361662.0,0.0,0.0,-0.0,-0.1,-0.082948,0.0,ohlcv_proxy,,,,
2023-11-09,40500.0,350059.0,0.0,0.0,-0.0,-0.1,-0.06685,0.0,ohlcv_proxy,,,,
2023-11-10,40350.0,218299.0,0.0,0.0,-0.0,-0.1,-0.051834,0.0,ohlcv_proxy,,,,
2023-11-13,39200.0,361644.0,0.0,0.0,-0.0,0.0,-0.056435,0.0,ohlcv_proxy,,,,
2023-11-14,40000.0,577766.0,0.0,0.0,-0.0,0.0,-0.042597,0.0,ohlcv_proxy,,,,
2023-11-15,40950.0,360069.0,0.0,0.0,-0.0,0.0,-0.029775,0.0,ohlcv_proxy,,,,
2023-11-16,42550.0,231097.0,0.0,0.0,0.0,0.0,-0.012783,0.0,ohlcv_proxy,,,,
2023-11-17,40900.0,275416.0,0.0,0.0,-0.0,0.0,-0.007341,0.0,ohlcv_proxy,,,,
2023-11-20,41800.0,227381.0,0.0,0.0,0.0,0.0,0.005513,0.0,ohlcv_proxy,,,,
2023-11-21,42050.0,134628.0,0.0,0.0,0.0,0.0,0.024135,0.0,ohlcv_proxy,,,,
2023-11-22,43250.0,295270.0,0.0,0.0,0.0,0.0,0.041233,0.0,ohlcv_proxy,,,,
2023-11-23,43950.0,546256.0,0.0,0.0,0.0,0.0,0.054789,0.0,ohlcv_proxy,,,,
2023-11-24,43600.0,221330.0,0.0,0.0,0.0,0.0,0.0672,0.0,ohlcv_proxy,,,,
2023-11-27,44450.0,244134.0,0.0,0.0,0.0,0.0,0.07199,0.0,ohlcv_proxy,,,,
2023-11-28,45100.0,364059.0,0.0,0.0,0.0,0.0,0.072473,0.0,ohlcv_proxy,,,,
2023-11-29,45250.0,419446.0,0.0,0.0,0.0,0.0,0.068437,0.0,ohlcv_proxy,,,,
2023-11-30,45600.0,599691.0,0.0,0.0,0.0,0.1,0.0679,0.0,ohlcv_proxy,,,,
2023-12-01,43600.0,201435.0,0.0,0.0,0.0,0.1,0.064115,0.0,ohlcv_proxy,,,,
2023-12-04,43450.0,174031.0,0.0,0.0,0.0,0.1,0.06034,0.0,ohlcv_proxy,,,,
2023-12-05,43300.0,189852.0,0.0,0.0,0.0,0.1,0.051732,0.0,ohlcv_proxy,,,,
2023-12-06,43100.0,202214.0,0.0,0.0,-0.0,0.1,0.038078,0.0,ohlcv_proxy,,,,
2023-12-07,42350.0,188689.0,0.0,0.0,-0.0,0.1,0.007648,0.0,ohlcv_proxy,,,,
2023-12-08,43000.0,231131.0,0.0,0.0,-0.0,0.1,0.002425,0.0,ohlcv_proxy,,,,
2023-12-11,43150.0,182526.0,0.0,0.0,0.0,0.1,-0.004266,0.0,ohlcv_proxy,,,,
2023-12-12,43300.0,239359.0,0.0,0.0,0.0,0.1,-0.011626,0.0,ohlcv_proxy,,,,
2023-12-13,42950.0,270782.0,0.0,0.0,-0.0,0.1,-0.015521,0.0,ohlcv_proxy,,,,
2023-12-14,44000.0,789492.0,0.0,0.0,0.0,0.1,-0.005084,0.0,ohlcv_proxy,,,,
2023-12-15,47300.0,749147.0,0.0,0.0,0.0,0.2,0.012859,0.0,ohlcv_proxy,,,,
2023-12-18,47100.0,270140.0,0.0,0.0,0.0,0.2,0.017137,0.0,ohlcv_proxy,,,,
2023-12-19,46300.0,172274.0,0.0,0.0,0.0,0.2,0.021345,0.0,ohlcv_proxy,,,,
2023-12-20,50200.0,566413.0,0.0,0.0,0.0,0.3,0.038598,0.0,ohlcv_proxy,,,,
2023-12-21,49750.0,198193.0,0.0,0.0,0.0,0.3,0.064866,0.0,ohlcv_proxy,,,,
2023-12-22,49350.0,179842.0,0.0,0.0,0.0,0.3,0.075456,0.0,ohlcv_proxy,,,,
2023-12-26,49750.0,118439.0,0.0,0.0,0.0,0.3,0.08313,0.0,ohlcv_proxy,,,,
2023-12-27,49750.0,143787.0,0.0,0.0,0.0,0.3,0.090674,0.0,ohlcv_proxy,,,,
2023-12-28,50400.0,224722.0,0.0,0.0,0.0,0.3,0.084185,0.0,ohlcv_proxy,,,,
2024-01-02,49500.0,204995.0,0.0,0.0,0.0,0.2,0.078862,0.0,ohlcv_proxy,,,,
2024-01-03,47000.0,259646.0,0.0,0.0,0.0,0.1,0.061146,0.0,ohlcv_proxy,,,,
2024-01-04,46000.0,283148.0,0.0,0.0,-0.0,0.1,0.041018,0.0,ohlcv_proxy,,,,
2024-01-05,45350.0,244733.0,0.0,0.0,-0.0,0.1,0.023332,0.0,ohlcv_proxy,,,,
2024-01-08,45000.0,196389.0,0.0,0.0,-0.0,0.0,0.00113,0.0,ohlcv_proxy,,,,
2024-01-09,45850.0,225430.0,0.0,0.0,-0.0,0.0,-0.01478,0.0,ohlcv_proxy,,,,
2024-01-10,46000.0,149018.0,0.0,0.0,-0.0,0.0,-0.022827,0.0,ohlcv_proxy,,,,
2024-01-11,46000.0,244460.0,0.0,0.0,-0.0,0.0,-0.024839,0.0,ohlcv_proxy,,,,
2024-01-12,46000.0,207695.0,0.0,0.0,-0.0,0.0,-0.024256,0.0,ohlcv_proxy,,,,
2024-01-15,45950.0,150603.0,0.0,0.0,-0.0,0.0,-0.023823,0.0,ohlcv_proxy,,,,
2024-01-16,45350.0,108854.0,0.0,0.0,-0.0,0.0,-0.03425,0.0,ohlcv_proxy,,,,
2024-01-17,43950.0,395731.0,0.0,0.0,-0.0,-0.1,-0.043738,0.0,ohlcv_proxy,,,,
2024-01-18,44500.0,377277.0,0.0,0.0,-0.0,0.0,-0.047246,0.0,ohlcv_proxy,,,,
2024-01-19,44950.0,160549.0,0.0,0.0,-0.0,0.0,-0.05033,0.0,ohlcv_proxy,,,,
2024-01-22,44850.0,128440.0,0.0,0.0,-0.0,0.0,-0.043318,0.0,ohlcv_proxy,,,,
2024-01-23,45800.0,199530.0,0.0,0.0,0.0,0.0,-0.0366,0.0,ohlcv_proxy,,,,
2024-01-24,45600.0,209278.0,0.0,0.0,-0.0,0.0,-0.023671,0.0,ohlcv_proxy,,,,
2024-01-25,46500.0,198378.0,0.0,0.0,0.0,0.0,-0.00986,0.0,ohlcv_proxy,,,,
2024-01-26,47000.0,247198.0,0.0,0.0,0.0,0.0,0.001524,0.0,ohlcv_proxy,,,,
2024-01-29,46750.0,217141.0,0.0,0.0,0.0,0.0,0.011806,0.0,ohlcv_proxy,,,,
2024-01-30,46800.0,173187.0,0.0,0.0,0.0,0.0,0.018701,0.0,ohlcv_proxy,,,,
2024-01-31,50900.0,547092.0,0.0,0.0,0.0,0.2,0.047226,0.0,ohlcv_proxy,,,,
2024-02-01,49300.0,422707.0,0.0,0.0,0.0,0.0,0.050944,0.0,ohlcv_proxy,,,,
2024-02-02,50800.0,368668.0,0.0,0.0,0.0,0.0,0.056928,0.0,ohlcv_proxy,,,,
2024-02-05,49950.0,252555.0,0.0,0.0,0.0,0.0,0.060305,0.0,ohlcv_proxy,,,,
2024-02-06,48900.0,249295.0,0.0,0.0,0.0,0.0,0.060291,0.0,ohlcv_proxy,,,,
2024-02-07,49550.0,271986.0,0.0,0.0,0.0,0.0,0.048888,0.0,ohlcv_proxy,,,,
2024-02-08,46300.0,528013.0,0.0,0.0,-0.0,-0.1,0.029288,0.0,ohlcv_proxy,,,,
2024-02-13,47200.0,210390.0,0.0,0.0,-0.0,-0.1,0.013231,0.0,ohlcv_proxy,,,,
2024-02-14,46900.0,132766.0,0.0,0.0,-0.0,-0.1,0.003051,0.0,ohlcv_proxy,,,,
2024-02-15,46550.0,131474.0,0.0,0.0,-0.0,-0.1,-0.005029,0.0,ohlcv_proxy,,,,
2024-02-16,48700.0,265586.0,0.0,0.0,0.0,-0.2,-0.015763,0.0,ohlcv_proxy,,,,
2024-02-19,48400.0,139976.0,0.0,0.0,0.0,-0.1,-0.0074,0.0,ohlcv_proxy,,,,
2024-02-20,47350.0,229946.0,0.0,0.0,-0.0,-0.1,-0.008183,0.0,ohlcv_proxy,,,,
2024-02-21,44500.0,649274.0,0.0,0.0,-0.0,-0.2,-0.030431,0.1,ohlcv_proxy,,,,
2024-02-22,45050.0,259374.0,0.0,0.0,-0.0,-0.2,-0.034207,0.1,ohlcv_proxy,,,,
2024-02-23,45400.0,178396.0,0.0,0.0,-0.0,-0.2,-0.046049,0.1,ohlcv_proxy,,,,
2024-02-26,46150.0,242853.0,0.0,0.0,-0.0,-0.1,-0.048939,0.1,ohlcv_proxy,,,,
2024-02-27,46350.0,205114.0,0.0,0.0,-0.0,-0.1,-0.052048,0.1,ohlcv_proxy,,,,
2024-02-28,47350.0,265383.0,0.0,0.0,0.0,-0.1,-0.033738,0.1,ohlcv_proxy,,,,
2024-02-29,46950.0,431403.0,0.0,0.0,0.0,-0.1,-0.023028,0.1,ohlcv_proxy,,,,
2024-03-04,47000.0,184292.0,0.0,0.0,0.0,-0.1,-0.011523,0.1,ohlcv_proxy,,,,
2024-03-05,47500.0,263164.0,0.0,0.0,0.0,-0.1,-0.003137,0.1,ohlcv_proxy,,,,
2024-03-06,48050.0,173093.0,0.0,0.0,0.0,-0.1,0.006738,0.1,ohlcv_proxy,,,,
2024-03-07,47750.0,160770.0,0.0,0.0,0.0,0.0,0.010367,0.0,ohlcv_proxy,,,,
2024-03-08,50300.0,362178.0,0.0,0.0,0.0,0.0,0.030445,0.0,ohlcv_proxy,,,,
2024-03-11,50000.0,295226.0,0.0,0.0,0.0,0.0,0.041986,0.0,ohlcv_proxy,,,,
2024-03-12,48650.0,209281.0,0.0,0.0,0.0,0.0,0.04446,0.0,ohlcv_proxy,,,,
2024-03-13,48650.0,210140.0,0.0,0.0,0.0,0.0,0.044491,0.0,ohlcv_proxy,,,,
2024-03-14,51600.0,428586.0,0.0,0.0,0.0,0.1,0.053634,0.0,ohlcv_proxy,,,,
2024-03-15,50800.0,269379.0,0.0,0.0,0.0,0.1,0.051358,0.0,ohlcv_proxy,,,,
2024-03-18,50800.0,107816.0,0.0,0.0,0.0,0.1,0.053249,0.0,ohlcv_proxy,,,,
2024-03-19,51300.0,258424.0,0.0,0.0,0.0,0.1,0.059746,0.0,ohlcv_proxy,,,,
2024-03-20,53200.0,311210.0,0.0,0.0,0.0,0.1,0.070658,0.0,ohlcv_proxy,,,,
2024-03-21,53200.0,272224.0,0.0,0.0,0.0,0.1,0.061897,0.0,ohlcv_proxy,,,,
2024-03-22,52400.0,225489.0,0.0,0.0,0.0,0.1,0.061439,0.0,ohlcv_proxy,,,,
2024-03-25,50700.0,357577.0,0.0,0.0,0.0,0.1,0.050412,0.0,ohlcv_proxy,,,,
2024-03-26,50500.0,400255.0,0.0,0.0,0.0,0.1,0.040169,0.0,ohlcv_proxy,,,,
2024-03-27,56100.0,804038.0,0.0,0.0,0.0,0.2,0.04925,0.0,ohlcv_proxy,,,,
2024-03-28,54000.0,352653.0,0.0,0.0,0.0,0.1,0.044858,0.0,ohlcv_proxy,,,,
2024-03-29,53300.0,154322.0,0.0,0.0,0.0,0.1,0.039367,0.0,ohlcv_proxy,,,,
2024-04-01,53800.0,178595.0,0.0,0.0,0.0,0.1,0.04589,0.0,ohlcv_proxy,,,,
2024-04-02,52500.0,184143.0,0.0,0.0,0.0,0.1,0.054605,0.0,ohlcv_proxy,,,,
2024-04-03,52700.0,203687.0,0.0,0.0,0.0,0.1,0.024876,0.0,ohlcv_proxy,,,,
2024-04-04,52300.0,203385.0,0.0,0.0,0.0,0.1,0.013218,0.0,ohlcv_proxy,,,,
2024-04-05,51500.0,165944.0,0.0,0.0,-0.0,0.1,0.005235,0.0,ohlcv_proxy,,,,
2024-04-08,51000.0,152749.0,0.0,0.0,-0.0,0.1,-0.006094,0.0,ohlcv_proxy,,,,
2024-04-09,53600.0,410671.0,0.0,0.0,0.0,0.1,-0.001175,0.0,ohlcv_proxy,,,,
2024-04-11,51200.0,388652.0,0.0,0.0,-0.0,0.0,-0.010077,0.0,ohlcv_proxy,,,,
2024-04-12,53500.0,311241.0,0.0,0.0,0.0,0.0,-0.007233,0.0,ohlcv_proxy,,,,
2024-04-15,53200.0,238444.0,0.0,0.0,0.0,0.0,-0.005049,0.0,ohlcv_proxy,,,,
2024-04-16,53200.0,259674.0,0.0,0.0,0.0,0.0,-0.00137,0.0,ohlcv_proxy,,,,
2024-04-17,50300.0,367585.0,0.0,0.0,-0.0,0.0,-0.014664,0.0,ohlcv_proxy,,,,
2024-04-18,51800.0,220097.0,0.0,0.0,-0.0,0.0,-0.009775,0.0,ohlcv_proxy,,,,
2024-04-19,51600.0,374535.0,0.0,0.0,-0.0,0.0,-0.016259,0.0,ohlcv_proxy,,,,
2024-04-22,53500.0,148372.0,0.0,0.0,0.0,0.0,-0.01792,0.0,ohlcv_proxy,,,,
2024-04-23,53600.0,222258.0,0.0,0.0,0.0,0.0,-0.020382,0.0,ohlcv_proxy,,,,
2024-04-24,55300.0,226386.0,0.0,0.0,0.0,0.0,-0.004105,0.0,ohlcv_proxy,,,,
2024-04-25,51300.0,365809.0,0.0,0.0,-0.0,0.0,0.002142,0.0,ohlcv_proxy,,,,
2024-04-26,52000.0,216976.0,0.0,0.0,-0.0,0.0,0.008713,0.0,ohlcv_proxy,,,,
2024-04-29,52900.0,211555.0,0.0,0.0,0.0,0.0,0.007478,0.0,ohlcv_proxy,,,,
2024-04-30,52200.0,307916.0,0.0,0.0,-0.0,0.0,0.003404,0.0,ohlcv_proxy,,,,
2024-05-02,52000.0,221800.0,0.0,0.0,-0.0,0.0,-0.006944,0.0,ohlcv_proxy,,,,
2024-05-03,51500.0,229221.0,0.0,0.0,-0.0,0.0,-0.003709,0.0,ohlcv_proxy,,,,
2024-05-07,52700.0,210006.0,0.0,0.0,0.0,0.0,-0.001621,0.0,ohlcv_proxy,,,,
2024-05-08,53100.0,173867.0,0.0,0.0,0.0,0.0,-0.002439,0.0,ohlcv_proxy,,,,
2024-05-09,53600.0,209869.0,0.0,0.0,0.0,0.0,0.001339,0.0,ohlcv_proxy,,,,
2024-05-10,54500.0,154576.0,0.0,0.0,0.0,0.0,0.010152,0.0,ohlcv_proxy,,,,
2024-05-13,56000.0,231006.0,0.0,0.0,0.0,0.0,0.025145,0.0,ohlcv_proxy,,,,
2024-05-14,56600.0,160212.0,0.0,0.0,0.0,0.0,0.037689,0.0,ohlcv_proxy,,,,
2024-05-16,59900.0,331522.0,0.0,0.0,0.0,0.0,0.06299,0.0,ohlcv_proxy,,,,
2024-05-17,56000.0,208090.0,0.0,0.0,0.0,0.0,0.069271,0.0,ohlcv_proxy,,,,
2024-05-20,56700.0,121690.0,0.0,0.0,0.0,0.0,0.068784,0.0,ohlcv_proxy,,,,
2024-05-21,57000.0,131403.0,0.0,0.0,0.0,0.0,0.070266,0.0,ohlcv_proxy,,,,
2024-05-22,58300.0,147479.0,0.0,0.0,0.0,0.0,0.068411,0.0,ohlcv_proxy,,,,
2024-05-23,57700.0,96685.0,0.0,0.0,0.0,0.0,0.048927,0.0,ohlcv_proxy,,,,
2024-05-24,59900.0,172321.0,0.0,0.0,0.0,0.0,0.063071,0.0,ohlcv_proxy,,,,
2024-05-27,61500.0,212892.0,0.0,0.0,0.0,0.0,0.078343,0.0,ohlcv_proxy,,,,
2024-05-28,58700.0,240754.0,0.0,0.0,0.0,0.0,0.070809,0.0,ohlcv_proxy,,,,
2024-05-29,57300.0,176788.0,0.0,0.0,0.0,0.0,0.061378,0.0,ohlcv_proxy,,,,
2024-05-30,56300.0,148222.0,0.0,0.0,-0.0,0.0,0.052665,0.0,ohlcv_proxy,,,,
2024-05-31,57700.0,385758.0,0.0,0.0,0.0,0.1,0.034357,0.0,ohlcv_proxy,,,,
2024-06-03,56600.0,183083.0,0.0,0.0,0.0,0.1,0.014242,0.0,ohlcv_proxy,,,,
2024-06-04,55500.0,221760.0,0.0,0.0,-0.0,0.1,-0.001505,0.0,ohlcv_proxy,,,,
2024-06-05,54300.0,224113.0,0.0,0.0,-0.0,0.1,-0.012648,0.0,ohlcv_proxy,,,,
2024-06-07,54400.0,207769.0,0.0,0.0,-0.0,0.1,-0.01889,0.0,ohlcv_proxy,,,,
2024-06-10,54600.0,104167.0,0.0,0.0,-0.0,0.1,-0.036125,0.0,ohlcv_proxy,,,,
2024-06-11,52800.0,168247.0,0.0,0.0,-0.0,0.1,-0.047243,0.0,ohlcv_proxy,,,,
2024-06-12,54400.0,158008.0,0.0,0.0,-0.0,0.1,-0.051473,0.0,ohlcv_proxy,,,,
2024-06-13,54100.0,251527.0,0.0,0.0,-0.0,0.1,-0.049491,0.0,ohlcv_proxy,,,,
2024-06-14,54000.0,194345.0,0.0,0.0,-0.0,0.1,-0.044142,0.0,ohlcv_proxy,,,,
2024-06-17,53300.0,127660.0,0.0,0.0,-0.0,0.0,-0.045679,0.0,ohlcv_proxy,,,,
2024-06-18,53300.0,125841.0,0.0,0.0,-0.0,0.0,-0.04155,0.0,ohlcv_proxy,,,,
2024-06-19,53000.0,304626.0,0.0,0.0,-0.0,-0.1,-0.042999,0.0,ohlcv_proxy,,,,
2024-06-20,53700.0,215935.0,0.0,0.0,-0.0,-0.1,-0.04132,0.0,ohlcv_proxy,,,,
2024-06-21,53600.0,209009.0,0.0,0.0,-0.0,-0.1,-0.039975,0.0,ohlcv_proxy,,,,
2024-06-24,52500.0,175115.0,0.0,0.0,-0.0,-0.1,-0.036958,0.0,ohlcv_proxy,,,,
2024-06-25,53300.0,129651.0,0.0,0.0,-0.0,-0.1,-0.029925,0.0,ohlcv_proxy,,,,
2024-06-26,53000.0,165454.0,0.0,0.0,-0.0,-0.1,-0.023645,0.0,ohlcv_proxy,,,,
2024-06-27,50800.0,319678.0,0.0,0.0,-0.0,-0.2,-0.03238,0.0,ohlcv_proxy,,,,
2024-06-28,51300.0,167871.0,0.0,0.0,-0.0,-0.2,-0.037294,0.0,ohlcv_proxy,,,,
2024-07-01,51400.0,253360.0,0.0,0.0,-0.0,-0.2,-0.031837,0.0,ohlcv_proxy,,,,
2024-07-02,50300.0,191999.0,0.0,0.0,-0.0,-0.2,-0.034496,0.0,ohlcv_proxy,,,,
2024-07-03,49650.0,157247.0,0.0,0.0,-0.0,-0.1,-0.03879,0.0,ohlcv_proxy,,,,
2024-07-04,50400.0,155249.0,0.0,0.0,-0.0,-0.1,-0.036773,0.0,ohlcv_proxy,,,,
2024-07-05,49600.0,230399.0,0.0,0.0,-0.0,-0.1,-0.038452,0.0,ohlcv_proxy,,,,
2024-07-08,49800.0,133433.0,0.0,0.0,-0.0,-0.1,-0.043231,0.0,ohlcv_proxy,,,,
2024-07-09,50600.0,239959.0,0.0,0.0,-0.0,-0.1,-0.039079,0.0,ohlcv_proxy,,,,
2024-07-10,51000.0,189207.0,0.0,0.0,-0.0,-0.1,-0.03146,0.0,ohlcv_proxy,,,,
2024-07-11,52000.0,252359.0,0.0,0.0,0.0,0.0,-0.0213,0.0,ohlcv_proxy,,,,
2024-07-12,54600.0,6789108.0,0.0,0.0,0.0,0.1,0.01219,0.0,ohlcv_proxy,,,,
2024-07-15,49000.0,2804557.0,0.0,0.0,-0.0,0.0,0.004809,0.1,ohlcv_proxy,,,,
2024-07-16,48050.0,1838600.0,0.0,0.0,-0.0,-0.1,0.002332,0.1,ohlcv_proxy,,,,
2024-07-17,48700.0,1297850.0,0.0,0.0,-0.0,0.0,0.001609,0.1,ohlcv_proxy,,,,
2024-07-18,49550.0,853361.0,0.0,0.0,-0.0,0.0,0.001465,0.1,ohlcv_proxy,,,,
2024-07-19,49250.0,470096.0,0.0,0.0,-0.0,0.0,-0.052869,0.1,ohlcv_proxy,,,,
2024-07-22,48850.0,455449.0,0.0,0.0,-0.0,0.0,-0.053629,0.1,ohlcv_proxy,,,,
2024-07-23,48400.0,884261.0,0.0,0.0,-0.0,0.0,-0.046166,0.1,ohlcv_proxy,,,,
2024-07-24,47050.0,669194.0,0.0,0.0,-0.0,0.0,-0.048756,0.1,ohlcv_proxy,,,,
2024-07-25,44150.0,1981380.0,0.0,0.0,-0.0,-0.1,-0.078711,0.1,ohlcv_proxy,,,,
2024-07-26,42500.0,835585.0,0.0,0.0,-0.0,-0.2,-0.091792,0.1,ohlcv_proxy,,,,
2024-07-29,41550.0,895883.0,0.0,0.0,-0.0,-0.1,-0.104281,0.0,ohlcv_proxy,,,,
2024-07-30,40500.0,456095.0,0.0,0.0,-0.0,0.0,-0.122628,0.0,ohlcv_proxy,,,,
2024-07-31,41200.0,628144.0,0.0,0.0,-0.0,-0.1,-0.134569,0.0,ohlcv_proxy,,,,
2024-08-01,41050.0,305752.0,0.0,0.0,-0.0,-0.1,-0.155065,0.0,ohlcv_proxy,,,,
2024-08-02,39650.0,412803.0,0.0,0.0,-0.0,-0.1,-0.163963,0.0,ohlcv_proxy,,,,
2024-08-05,34250.0,813194.0,0.0,0.0,-1e-06,-0.1,-0.2,0.0,ohlcv_proxy,,,,
2024-08-06,34950.0,586712.0,0.0,0.0,-1e-06,-0.1,-0.2,0.0,ohlcv_proxy,,,,
2024-08-07,36400.0,524237.0,0.0,0.0,-0.0,-0.1,-0.2,0.0,ohlcv_proxy,,,,
2024-08-08,36700.0,559896.0,0.0,0.0,-0.0,0.0,-0.2,0.0,ohlcv_proxy,,,,
2024-08-09,39050.0,499254.0,0.0,0.0,-0.0,0.0,-0.191435,0.0,ohlcv_proxy,,,,
2024-08-12,39150.0,325670.0,0.0,0.0,-0.0,0.0,-0.151588,0.0,ohlcv_proxy,,,,
2024-08-13,38050.0,448602.0,0.0,0.0,-0.0,0.0,-0.11987,0.0,ohlcv_proxy,,,,
2024-08-14,40100.0,538675.0,0.0,0.0,-0.0,0.0,-0.08575,0.0,ohlcv_proxy,,,,
2024-08-16,40700.0,596301.0,0.0,0.0,0.0,0.0,-0.050403,0.0,ohlcv_proxy,,,,
2024-08-19,39800.0,308969.0,0.0,0.0,-0.0,0.0,-0.039397,0.0,ohlcv_proxy,,,,
2024-08-20,39800.0,300995.0,0.0,0.0,-0.0,0.0,-0.029824,0.0,ohlcv_proxy,,,,
2024-08-21,40300.0,170579.0,0.0,0.0,-0.0,0.0,-0.005213,0.0,ohlcv_proxy,,,,
2024-08-22,39050.0,303447.0,0.0,0.0,-0.0,0.0,0.00093,0.0,ohlcv_proxy,,,,
2024-08-23,39350.0,285510.0,0.0,0.0,-0.0,0.0,0.011843,0.0,ohlcv_proxy,,,,
2024-08-26,41700.0,622930.0,0.0,0.0,0.0,0.0,0.034093,0.0,ohlcv_proxy,,,,
2024-08-27,43750.0,1072601.0,0.0,0.0,0.0,0.1,0.066098,0.0,ohlcv_proxy,,,,
2024-08-28,43500.0,629266.0,0.0,0.0,0.0,0.1,0.071532,0.0,ohlcv_proxy,,,,
2024-08-29,42050.0,2948285.0,0.0,0.0,0.0,0.0,0.058176,0.1,ohlcv_proxy,,,,
2024-08-30,39800.0,2564458.0,0.0,0.0,-0.0,-0.1,0.041599,0.2,ohlcv_proxy,,,,
2024-09-02,39900.0,1032358.0,0.0,0.0,-0.0,-0.1,0.035942,0.2,ohlcv_proxy,,,,
2024-09-03,41600.0,1226133.0,0.0,0.0,0.0,0.0,0.018268,0.2,ohlcv_proxy,,,,
2024-09-04,41700.0,970915.0,0.0,0.0,0.0,0.0,0.008614,0.2,ohlcv_proxy,,,,
2024-09-05,41350.0,718546.0,0.0,0.0,0.0,0.0,-0.005962,0.2,ohlcv_proxy,,,,
2024-09-06,41250.0,585215.0,0.0,0.0,0.0,0.0,0.003376,0.2,ohlcv_proxy,,,,
2024-09-09,41050.0,341514.0,0.0,0.0,0.0,0.0,0.009819,0.2,ohlcv_proxy,,,,
2024-09-10,40850.0,490195.0,0.0,0.0,-0.0,-0.1,0.00544,0.2,ohlcv_proxy,,,,
2024-09-11,40600.0,375238.0,0.0,0.0,-0.0,-0.1,-0.002484,0.2,ohlcv_proxy,,,,
2024-09-12,40850.0,534081.0,0.0,0.0,-0.0,0.0,-0.006408,0.1,ohlcv_proxy,,,,
2024-09-13,41350.0,334018.0,0.0,0.0,0.0,0.1,-0.007461,0.0,ohlcv_proxy,,,,
2024-09-19,41850.0,624957.0,0.0,0.0,0.0,0.1,-0.00318,0.0,ohlcv_proxy,,,,
2024-09-20,42550.0,896967.0,0.0,0.0,0.0,0.0,0.006811,0.0,ohlcv_proxy,,,,
2024-09-23,42000.0,294313.0,0.0,0.0,0.0,0.0,0.010756,0.0,ohlcv_proxy,,,,
2024-09-24,42350.0,588796.0,0.0,0.0,0.0,0.0,0.016243,0.0,ohlcv_proxy,,,,
2024-09-25,41150.0,656790.0,0.0,0.0,-0.0,0.0,0.012644,0.0,ohlcv_proxy,,,,
2024-09-26,42200.0,335027.0,0.0,0.0,0.0,0.0,0.013928,0.0,ohlcv_proxy,,,,
2024-09-27,41600.0,265112.0,0.0,0.0,0.0,0.0,0.011261,0.0,ohlcv_proxy,,,,
2024-09-30,40600.0,350092.0,0.0,0.0,-0.0,0.0,0.008416,0.0,ohlcv_proxy,,,,
2024-10-02,40100.0,360078.0,0.0,0.0,-0.0,0.0,0.001276,0.0,ohlcv_proxy,,,,
2024-10-04,40500.0,374350.0,0.0,0.0,-0.0,0.0,-0.008815,0.0,ohlcv_proxy,,,,
2024-10-07,40850.0,710284.0,0.0,0.0,-0.0,0.0,-0.01699,0.0,ohlcv_proxy,,,,
2024-10-08,39800.0,477866.0,0.0,0.0,-0.0,0.0,-0.021819,0.0,ohlcv_proxy,,,,
2024-10-10,40500.0,591424.0,0.0,0.0,-0.0,0.0,-0.019908,0.0,ohlcv_proxy,,,,
2024-10-11,40350.0,328837.0,0.0,0.0,-0.0,0.0,-0.01807,0.0,ohlcv_proxy,,,,
2024-10-14,40500.0,238709.0,0.0,0.0,-0.0,0.0,-0.017626,0.0,ohlcv_proxy,,,,
2024-10-15,40000.0,567018.0,0.0,0.0,-0.0,0.0,-0.022009,0.0,ohlcv_proxy,,,,
2024-10-16,39950.0,435866.0,0.0,0.0,-0.0,0.0,-0.020119,0.0,ohlcv_proxy,,,,
2024-10-17,40200.0,293232.0,0.0,0.0,-0.0,0.0,-0.022096,0.0,ohlcv_proxy,,,,
2024-10-18,43000.0,2337923.0,0.0,0.0,0.0,0.1,0.009098,0.0,ohlcv_proxy,,,,
2024-10-21,43550.0,1084347.0,0.0,0.0,0.0,0.2,0.015407,0.0,ohlcv_proxy,,,,
2024-10-22,40500.0,983009.0,0.0,0.0,-0.0,0.1,0.015741,0.0,ohlcv_proxy,,,,
2024-10-23,40850.0,360566.0,0.0,0.0,-0.0,0.1,0.020506,0.0,ohlcv_proxy,,,,
2024-10-24,39150.0,501279.0,0.0,0.0,-0.0,0.1,0.018815,0.0,ohlcv_proxy,,,,
2024-10-25,37800.0,444387.0,0.0,0.0,-0.0,0.1,-0.00506,0.0,ohlcv_proxy,,,,
2024-10-28,37850.0,353720.0,0.0,0.0,-0.0,0.1,-0.03859,0.0,ohlcv_proxy,,,,
2024-10-29,37600.0,659500.0,0.0,0.0,-0.0,0.1,-0.056897,0.0,ohlcv_proxy,,,,
2024-10-30,38450.0,343069.0,0.0,0.0,-0.0,0.1,-0.064105,0.0,ohlcv_proxy,,,,
2024-10-31,37500.0,270770.0,0.0,0.0,-0.0,0.1,-0.070541,0.0,ohlcv_proxy,,,,
2024-11-01,37900.0,209349.0,0.0,0.0,-0.0,0.0,-0.069482,0.0,ohlcv_proxy,,,,
2024-11-04,38250.0,182256.0,0.0,0.0,-0.0,-0.1,-0.067696,0.0,ohlcv_proxy,,,,
2024-11-05,37800.0,199943.0,0.0,0.0,-0.0,0.0,-0.062819,0.0,ohlcv_proxy,,,,
2024-11-06,40350.0,683314.0,0.0,0.0,0.0,0.0,-0.040152,0.0,ohlcv_proxy,,,,
2024-11-07,40100.0,549676.0,0.0,0.0,0.0,0.0,-0.025803,0.0,ohlcv_proxy,,,,
2024-11-08,39850.0,486607.0,0.0,0.0,0.0,0.0,-0.019295,0.0,ohlcv_proxy,,,,
2024-11-11,39800.0,264579.0,0.0,0.0,0.0,0.0,-0.015648,0.0,ohlcv_proxy,,,,
2024-11-12,38750.0,345315.0,0.0,0.0,-0.0,0.0,-0.014664,0.0,ohlcv_proxy,,,,
2024-11-13,37850.0,273908.0,0.0,0.0,-0.0,0.0,-0.024825,0.0,ohlcv_proxy,,,,
2024-11-14,37000.0,525287.0,0.0,0.0,-0.0,0.0,-0.042565,0.0,ohlcv_proxy,,,,
2024-11-15,37850.0,258590.0,0.0,0.0,-0.0,0.0,-0.035997,0.0,ohlcv_proxy,,,,
2024-11-18,38050.0,218981.0,0.0,0.0,-0.0,0.0,-0.028936,0.0,ohlcv_proxy,,,,
2024-11-19,38000.0,307823.0,0.0,0.0,-0.0,0.0,-0.027089,0.0,ohlcv_proxy,,,,
2024-11-20,37800.0,152197.0,0.0,0.0,-0.0,0.0,-0.024505,0.0,ohlcv_proxy,,,,
2024-11-21,36950.0,228379.0,0.0,0.0,-0.0,0.0,-0.018345,0.0,ohlcv_proxy,,,,
2024-11-22,37100.0,286072.0,0.0,0.0,-0.0,0.0,-0.022593,0.0,ohlcv_proxy,,,,
2024-11-25,38250.0,562877.0,0.0,0.0,-0.0,0.1,-0.018252,0.0,ohlcv_proxy,,,,
2024-11-26,39150.0,447853.0,0.0,0.0,0.0,0.1,-0.013021,0.0,ohlcv_proxy,,,,
2024-11-27,38900.0,264794.0,0.0,0.0,0.0,0.1,-0.009747,0.0,ohlcv_proxy,,,,
2024-11-28,38850.0,179808.0,0.0,0.0,0.0,0.1,-0.005078,0.0,ohlcv_proxy,,,,
2024-11-29,38800.0,360592.0,0.0,0.0,0.0,0.1,0.001412,0.0,ohlcv_proxy,,,,
2024-12-02,40100.0,341036.0,0.0,0.0,0.0,0.1,0.011271,0.0,ohlcv_proxy,,,,
2024-12-03,43350.0,844246.0,0.0,0.0,0.0,0.2,0.042555,0.0,ohlcv_proxy,,,,
2024-12-04,42150.0,585095.0,0.0,0.0,0.0,0.1,0.052792,0.0,ohlcv_proxy,,,,
2024-12-05,43400.0,975512.0,0.0,0.0,0.0,0.2,0.059857,0.0,ohlcv_proxy,,,,
2024-12-06,44100.0,819424.0,0.0,0.0,0.0,0.3,0.06796,0.0,ohlcv_proxy,,,,
2024-12-09,42500.0,776064.0,0.0,0.0,0.0,0.1,0.066037,0.0,ohlcv_proxy,,,,
2024-12-10,43200.0,1088802.0,0.0,0.0,0.0,0.2,0.055611,0.0,ohlcv_proxy,,,,
2024-12-11,43200.0,995336.0,0.0,0.0,0.0,0.2,0.051044,0.0,ohlcv_proxy,,,,
2024-12-12,44000.0,904168.0,0.0,0.0,0.0,0.3,0.042539,0.0,ohlcv_proxy,,,,
2024-12-13,42900.0,609246.0,0.0,0.0,0.0,0.3,0.033744,0.0,ohlcv_proxy,,,,
2024-12-16,41550.0,2393132.0,0.0,0.0,0.0,0.2,0.019687,0.1,ohlcv_proxy,,,,
2024-12-17,41750.0,1002195.0,0.0,0.0,0.0,0.1,0.011649,0.1,ohlcv_proxy,,,,
2024-12-18,44400.0,787812.0,0.0,0.0,0.0,0.2,0.010553,0.1,ohlcv_proxy,,,,
2024-12-19,46700.0,1670896.0,0.0,0.0,0.0,0.2,0.017782,0.1,ohlcv_proxy,,,,
2024-12-20,47200.0,1056644.0,0.0,0.0,0.0,0.1,0.023231,0.1,ohlcv_proxy,,,,
2024-12-23,46900.0,742557.0,0.0,0.0,0.0,0.2,0.050684,0.1,ohlcv_proxy,,,,
2024-12-24,46350.0,617917.0,0.0,0.0,0.0,0.1,0.065629,0.1,ohlcv_proxy,,,,
2024-12-26,45350.0,1058764.0,0.0,0.0,0.0,0.1,0.063386,0.1,ohlcv_proxy,,,,
2024-12-27,43600.0,713946.0,0.0,0.0,0.0,0.0,0.049306,0.1,ohlcv_proxy,,,,
2024-12-30,41900.0,708379.0,0.0,0.0,-0.0,0.0,0.023797,0.1,ohlcv_proxy,,,,
2025-01-02,42650.0,652126.0,0.0,0.0,-0.0,0.1,0.005186,0.0,ohlcv_proxy,,,,
2025-01-03,43400.0,551513.0,0.0,0.0,0.0,0.1,-0.006033,0.0,ohlcv_proxy,,,,
2025-01-06,43400.0,557384.0,0.0,0.0,0.0,0.1,-0.021076,0.0,ohlcv_proxy,,,,
2025-01-07,41600.0,853103.0,0.0,0.0,-0.0,0.0,-0.030407,0.0,ohlcv_proxy,,,,
2025-01-08,42000.0,614640.0,0.0,0.0,-0.0,0.0,-0.02796,0.0,ohlcv_proxy,,,,
2025-01-09,41200.0,520139.0,0.0,0.0,-0.0,0.0,-0.033228,0.0,ohlcv_proxy,,,,
2025-01-10,42100.0,410996.0,0.0,0.0,-0.0,0.0,-0.038471,0.0,ohlcv_proxy,,,,
2025-01-13,42300.0,664038.0,0.0,0.0,-0.0,0.0,-0.042276,0.0,ohlcv_proxy,,,,
2025-01-14,43250.0,452546.0,0.0,0.0,0.0,0.0,-0.034415,0.0,ohlcv_proxy,,,,
2025-01-15,44700.0,680151.0,0.0,0.0,0.0,0.0,-0.020645,0.0,ohlcv_proxy,,,,
2025-01-16,45100.0,342097.0,0.0,0.0,0.0,0.0,-0.014801,0.0,ohlcv_proxy,,,,
2025-01-17,44900.0,276601.0,0.0,0.0,0.0,0.0,-0.009982,0.0,ohlcv_proxy,,,,
2025-01-20,43950.0,198380.0,0.0,0.0,0.0,0.0,0.002418,0.0,ohlcv_proxy,,,,
2025-01-21,45500.0,655360.0,0.0,0.0,0.0,0.0,0.021546,0.0,ohlcv_proxy,,,,
2025-01-22,49500.0,1425936.0,0.0,0.0,0.0,0.1,0.065163,0.0,ohlcv_proxy,,,,
2025-01-23,49400.0,619230.0,0.0,0.0,0.0,0.1,0.077433,0.0,ohlcv_proxy,,,,
2025-01-24,52500.0,778621.0,0.0,0.0,0.0,0.1,0.094545,0.0,ohlcv_proxy,,,,
2025-01-31,48050.0,1060207.0,0.0,0.0,0.0,0.0,0.088614,0.0,ohlcv_proxy,,,,
2025-02-03,47700.0,599328.0,0.0,0.0,0.0,0.0,0.091092,0.0,ohlcv_proxy,,,,
2025-02-04,47850.0,553634.0,0.0,0.0,0.0,0.0,0.077809,0.0,ohlcv_proxy,,,,
2025-02-05,47100.0,405285.0,0.0,0.0,0.0,0.0,0.066602,0.0,ohlcv_proxy,,,,
2025-02-06,48750.0,500352.0,0.0,0.0,0.0,0.0,0.041154,0.0,ohlcv_proxy,,,,
2025-02-07,48050.0,301517.0,0.0,0.0,0.0,0.0,0.036432,0.0,ohlcv_proxy,,,,
2025-02-10,47150.0,417732.0,0.0,0.0,0.0,0.0,0.026137,0.0,ohlcv_proxy,,,,
2025-02-11,46600.0,598926.0,0.0,0.0,0.0,-0.1,0.013563,0.0,ohlcv_proxy,,,,
2025-02-12,46500.0,467134.0,0.0,0.0,0.0,-0.1,0.005507,0.0,ohlcv_proxy,,,,
2025-02-13,47900.0,1168193.0,0.0,0.0,0.0,0.0,-0.000113,0.0,ohlcv_proxy,,,,
2025-02-14,50000.0,790689.0,0.0,0.0,0.0,0.1,0.002138,0.0,ohlcv_proxy,,,,
2025-02-17,49500.0,458423.0,0.0,0.0,0.0,0.1,0.003586,0.0,ohlcv_proxy,,,,
2025-02-18,49950.0,367796.0,0.0,0.0,0.0,0.1,0.008617,0.0,ohlcv_proxy,,,,
2025-02-19,49100.0,516379.0,0.0,0.0,0.0,0.1,0.013755,0.0,ohlcv_proxy,,,,
2025-02-20,50400.0,355453.0,0.0,0.0,0.0,0.1,0.025927,0.0,ohlcv_proxy,,,,
2025-02-21,49600.0,234639.0,0.0,0.0,0.0,0.1,0.021577,0.0,ohlcv_proxy,,,,
2025-02-24,48750.0,330800.0,0.0,0.0,0.0,0.1,0.015334,0.0,ohlcv_proxy,,,,
2025-02-25,48750.0,186738.0,0.0,0.0,0.0,0.1,0.013544,0.0,ohlcv_proxy,,,,
2025-02-26,49000.0,235254.0,0.0,0.0,0.0,0.1,0.014982,0.0,ohlcv_proxy,,,,
2025-02-27,47850.0,325970.0,0.0,0.0,-0.0,0.0,0.008341,0.0,ohlcv_proxy,,,,
2025-02-28,47000.0,473571.0,0.0,0.0,-0.0,0.0,-0.00453,0.0,ohlcv_proxy,,,,
2025-03-04,45300.0,297079.0,0.0,0.0,-0.0,0.0,-0.017608,0.0,ohlcv_proxy,,,,
2025-03-05,47550.0,317774.0,0.0,0.0,-0.0,0.0,-0.02012,0.0,ohlcv_proxy,,,,
2025-03-06,48250.0,429197.0,0.0,0.0,0.0,0.0,-0.021009,0.0,ohlcv_proxy,,,,
2025-03-07,49150.0,291348.0,0.0,0.0,0.0,0.0,-0.016947,0.0,ohlcv_proxy,,,,
2025-03-10,50000.0,368443.0,0.0,0.0,0.0,0.0,-0.004601,0.0,ohlcv_proxy,,,,
2025-03-11,50300.0,251225.0,0.0,0.0,0.0,0.0,0.010238,0.0,ohlcv_proxy,,,,
2025-03-12,51300.0,470490.0,0.0,0.0,0.0,0.0,0.021661,0.0,ohlcv_proxy,,,,
2025-03-13,50400.0,380724.0,0.0,0.0,0.0,0.0,0.027781,0.0,ohlcv_proxy,,,,
2025-03-14,49550.0,219187.0,0.0,0.0,0.0,0.0,0.025909,0.0,ohlcv_proxy,,,,
2025-03-17,50500.0,157457.0,0.0,0.0,0.0,0.0,0.029678,0.0,ohlcv_proxy,,,,
2025-03-18,50100.0,156352.0,0.0,0.0,0.0,0.0,0.029665,0.0,ohlcv_proxy,,,,
2025-03-19,50900.0,233803.0,0.0,0.0,0.0,0.0,0.024489,0.0,ohlcv_proxy,,,,
2025-03-20,50000.0,145580.0,0.0,0.0,0.0,0.0,0.022252,0.0,ohlcv_proxy,,,,
2025-03-21,51700.0,359454.0,0.0,0.0,0.0,0.0,0.033667,0.0,ohlcv_proxy,,,,
2025-03-24,50700.0,135925.0,0.0,0.0,0.0,0.0,0.033954,0.0,ohlcv_proxy,,,,
2025-03-25,50400.0,105853.0,0.0,0.0,0.0,0.0,0.034379,0.0,ohlcv_proxy,,,,
2025-03-26,49300.0,243397.0,0.0,0.0,-0.0,0.0,0.025998,0.0,ohlcv_proxy,,,,
2025-03-27,50000.0,244912.0,0.0,0.0,0.0,0.0,0.024022,0.0,ohlcv_proxy,,,,
2025-03-28,51100.0,271672.0,0.0,0.0,0.0,0.0,0.015077,0.0,ohlcv_proxy,,,,
2025-03-31,50000.0,350990.0,0.0,0.0,0.0,0.0,0.007449,0.0,ohlcv_proxy,,,,
2025-04-01,48000.0,258478.0,0.0,0.0,-0.0,0.0,-0.004301,0.0,ohlcv_proxy,,,,
2025-04-02,47800.0,156801.0,0.0,0.0,-0.0,0.0,-0.009013,0.0,ohlcv_proxy,,,,
2025-04-03,48200.0,210778.0,0.0,0.0,-0.0,0.0,-0.016796,0.0,ohlcv_proxy,,,,
2025-04-04,46650.0,261941.0,0.0,0.0,-0.0,0.0,-0.033441,0.0,ohlcv_proxy,,,,
2025-04-07,43000.0,381381.0,0.0,0.0,-0.0,-0.1,-0.064716,0.0,ohlcv_proxy,,,,
2025-04-08,43500.0,230987.0,0.0,0.0,-0.0,-0.1,-0.07648,0.0,ohlcv_proxy,,,,
2025-04-09,41000.0,383183.0,0.0,0.0,-0.0,-0.2,-0.089231,0.0,ohlcv_proxy,,,,
2025-04-10,44000.0,301590.0,0.0,0.0,-0.0,-0.2,-0.092736,0.0,ohlcv_proxy,,,,
2025-04-11,43750.0,136961.0,0.0,0.0,-0.0,-0.2,-0.100745,0.0,ohlcv_proxy,,,,
2025-04-14,43250.0,202292.0,0.0,0.0,-0.0,-0.2,-0.095088,0.0,ohlcv_proxy,,,,
2025-04-15,44100.0,219425.0,0.0,0.0,-0.0,-0.2,-0.08843,0.0,ohlcv_proxy,,,,
2025-04-16,44300.0,241631.0,0.0,0.0,-0.0,-0.2,-0.06133,0.0,ohlcv_proxy,,,,
2025-04-17,44950.0,171453.0,0.0,0.0,-0.0,-0.2,-0.054738,0.0,ohlcv_proxy,,,,
2025-04-18,44800.0,108557.0,0.0,0.0,-0.0,-0.2,-0.042949,0.0,ohlcv_proxy,,,,
2025-04-21,44800.0,71446.0,0.0,0.0,-0.0,-0.1,-0.033398,0.0,ohlcv_proxy,,,,
2025-04-22,44800.0,151949.0,0.0,0.0,-0.0,-0.1,-0.026535,0.0,ohlcv_proxy,,,,
2025-04-23,45300.0,134031.0,0.0,0.0,-0.0,0.0,-0.016244,0.0,ohlcv_proxy,,,,
2025-04-24,45900.0,123621.0,0.0,0.0,0.0,0.0,-0.006768,0.0,ohlcv_proxy,,,,
2025-04-25,46350.0,177518.0,0.0,0.0,0.0,0.0,0.00877,0.0,ohlcv_proxy,,,,
2025-04-28,46050.0,96205.0,0.0,0.0,0.0,0.0,0.021209,0.0,ohlcv_proxy,,,,
2025-04-29,48600.0,238129.0,0.0,0.0,0.0,0.0,0.044862,0.0,ohlcv_proxy,,,,
2025-04-30,49000.0,197212.0,0.0,0.0,0.0,0.0,0.05987,0.0,ohlcv_proxy,,,,
2025-05-02,48300.0,124811.0,0.0,0.0,0.0,0.0,0.0695,0.0,ohlcv_proxy,,,,
2025-05-07,47950.0,204638.0,0.0,0.0,0.0,0.0,0.075947,0.0,ohlcv_proxy,,,,
2025-05-08,47850.0,268537.0,0.0,0.0,0.0,0.0,0.068857,0.0,ohlcv_proxy,,,,
2025-05-09,47350.0,187029.0,0.0,0.0,0.0,0.0,0.058289,0.0,ohlcv_proxy,,,,
2025-05-12,48050.0,166280.0,0.0,0.0,0.0,0.0,0.040116,0.0,ohlcv_proxy,,,,
2025-05-13,48400.0,201826.0,0.0,0.0,0.0,0.0,0.034095,0.0,ohlcv_proxy,,,,
2025-05-14,47950.0,232220.0,0.0,0.0,0.0,0.0,0.029512,0.0,ohlcv_proxy,,,,
2025-05-15,46400.0,256764.0,0.0,0.0,-0.0,0.0,0.018016,0.0,ohlcv_proxy,,,,
2025-05-16,46750.0,113357.0,0.0,0.0,-0.0,0.0,0.013246,0.0,ohlcv_proxy,,,,
2025-05-19,46650.0,200635.0,0.0,0.0,-0.0,0.0,0.004067,0.0,ohlcv_proxy,,,,
2025-05-20,48250.0,256616.0,0.0,0.0,0.0,0.0,0.000519,0.0,ohlcv_proxy,,,,
2025-05-21,48000.0,147230.0,0.0,0.0,0.0,0.0,-0.00281,0.0,ohlcv_proxy,,,,
2025-05-22,45750.0,211972.0,0.0,0.0,-0.0,0.0,-0.004206,0.0,ohlcv_proxy,,,,
2025-05-23,45600.0,169156.0,0.0,0.0,-0.0,0.0,-0.009332,0.0,ohlcv_proxy,,,,
2025-05-26,46450.0,131577.0,0.0,0.0,-0.0,0.0,-0.010431,0.0,ohlcv_proxy,,,,
2025-05-27,45800.0,147820.0,0.0,0.0,-0.0,0.0,-0.023497,0.0,ohlcv_proxy,,,,
2025-05-28,46300.0,196445.0,0.0,0.0,-0.0,0.0,-0.029447,0.0,ohlcv_proxy,,,,
2025-05-29,47200.0,182949.0,0.0,0.0,0.0,0.0,-0.023046,0.0,ohlcv_proxy,,,,
2025-05-30,47000.0,648830.0,0.0,0.0,0.0,-0.1,-0.011085,0.0,ohlcv_proxy,,,,
2025-06-02,47200.0,158816.0,0.0,0.0,0.0,-0.1,-0.007557,0.0,ohlcv_proxy,,,,
2025-06-04,47600.0,234515.0,0.0,0.0,0.0,-0.1,-0.002377,0.0,ohlcv_proxy,,,,
2025-06-05,47800.0,157061.0,0.0,0.0,0.0,-0.1,0.001994,0.0,ohlcv_proxy,,,,
2025-06-09,48000.0,245375.0,0.0,0.0,0.0,-0.1,0.004734,0.0,ohlcv_proxy,,,,
2025-06-10,52700.0,683288.0,0.0,0.0,0.0,0.0,0.04289,0.0,ohlcv_proxy,,,,
2025-06-11,51100.0,295260.0,0.0,0.0,0.0,0.0,0.048719,0.0,ohlcv_proxy,,,,
2025-06-12,50600.0,339170.0,0.0,0.0,0.0,0.0,0.053949,0.0,ohlcv_proxy,,,,
2025-06-13,50600.0,281659.0,0.0,0.0,0.0,0.0,0.055323,0.0,ohlcv_proxy,,,,
2025-06-16,51600.0,125569.0,0.0,0.0,0.0,0.0,0.061108,0.0,ohlcv_proxy,,,,
2025-06-17,51900.0,238552.0,0.0,0.0,0.0,0.1,0.045878,0.0,ohlcv_proxy,,,,
2025-06-18,52300.0,249153.0,0.0,0.0,0.0,0.1,0.045339,0.0,ohlcv_proxy,,,,
2025-06-19,51900.0,162396.0,0.0,0.0,0.0,0.1,0.048919,0.0,ohlcv_proxy,,,,
2025-06-20,52200.0,165614.0,0.0,0.0,0.0,0.1,0.054305,0.0,ohlcv_proxy,,,,
2025-06-23,58200.0,1757578.0,0.0,0.0,0.0,0.2,0.085592,0.0,ohlcv_proxy,,,,
2025-06-24,61800.0,3313944.0,0.0,0.0,0.0,0.2,0.07877,0.0,ohlcv_proxy,,,,
2025-06-25,60900.0,1570827.0,0.0,0.0,0.0,0.1,0.071258,0.0,ohlcv_proxy,,,,
2025-06-26,59700.0,674515.0,0.0,0.0,0.0,0.1,0.067309,0.0,ohlcv_proxy,,,,
2025-06-27,58800.0,398812.0,0.0,0.0,0.0,0.1,0.06437,0.0,ohlcv_proxy,,,,
2025-06-30,58200.0,624914.0,0.0,0.0,0.0,0.1,0.067201,0.0,ohlcv_proxy,,,,
2025-07-01,57800.0,571259.0,0.0,0.0,0.0,0.1,0.034531,0.0,ohlcv_proxy,,,,
2025-07-02,56800.0,415267.0,0.0,0.0,0.0,0.1,0.011721,0.0,ohlcv_proxy,,,,
2025-07-03,56300.0,296486.0,0.0,0.0,0.0,0.1,-0.002338,0.0,ohlcv_proxy,,,,
2025-07-04,54300.0,270738.0,0.0,0.0,-0.0,0.1,-0.013945,0.0,ohlcv_proxy,,,,
2025-07-07,54800.0,199241.0,0.0,0.0,0.0,0.0,-0.027705,0.0,ohlcv_proxy,,,,
2025-07-08,55000.0,204660.0,0.0,0.0,0.0,-0.1,-0.045172,0.0,ohlcv_proxy,,,,
2025-07-09,56600.0,340567.0,0.0,0.0,0.0,0.0,-0.049254,0.0,ohlcv_proxy,,,,
2025-07-10,56200.0,273003.0,0.0,0.0,0.0,0.0,-0.05259,0.0,ohlcv_proxy,,,,
2025-07-11,56600.0,264647.0,0.0,0.0,0.0,0.0,-0.046703,0.0,ohlcv_proxy,,,,
2025-07-14,57100.0,308389.0,0.0,0.0,0.0,0.0,-0.040121,0.0,ohlcv_proxy,,,,
2025-07-15,58100.0,334878.0,0.0,0.0,0.0,0.0,-0.032424,0.0,ohlcv_proxy,,,,
2025-07-16,56600.0,229650.0,0.0,0.0,0.0,0.0,-0.033424,0.0,ohlcv_proxy,,,,
2025-07-17,56100.0,141695.0,0.0,0.0,0.0,0.0,-0.033223,0.0,ohlcv_proxy,,,,
2025-07-18,56300.0,120823.0,0.0,0.0,0.0,0.0,-0.033846,0.0,ohlcv_proxy,,,,
2025-07-21,55900.0,147296.0,0.0,0.0,0.0,0.0,-0.03861,0.0,ohlcv_proxy,,,,
2025-07-22,54700.0,167249.0,0.0,0.0,-0.0,0.0,-0.0344,0.0,ohlcv_proxy,,,,
2025-07-23,57000.0,341815.0,0.0,0.0,0.0,0.0,-0.017117,0.0,ohlcv_proxy,,,,
2025-07-24,57000.0,372496.0,0.0,0.0,0.0,0.0,-0.007157,0.0,ohlcv_proxy,,,,
2025-07-25,55600.0,277128.0,0.0,0.0,-0.0,0.0,-0.006763,0.0,ohlcv_proxy,,,,
2025-07-28,53500.0,409659.0,0.0,0.0,-0.0,0.0,-0.012046,0.0,ohlcv_proxy,,,,
2025-07-29,55100.0,267874.0,0.0,0.0,-0.0,0.0,-0.007974,0.0,ohlcv_proxy,,,,
2025-07-30,55300.0,174183.0,0.0,0.0,-0.0,0.0,-0.012761,0.0,ohlcv_proxy,,,,
2025-07-31,55400.0,204789.0,0.0,0.0,-0.0,0.0,-0.020338,0.0,ohlcv_proxy,,,,
2025-08-01,53100.0,183508.0,0.0,0.0,-0.0,0.0,-0.027779,0.0,ohlcv_proxy,,,,
2025-08-04,55100.0,255141.0,0.0,0.0,-0.0,0.0,-0.018931,0.0,ohlcv_proxy,,,,
2025-08-05,56100.0,187596.0,0.0,0.0,0.0,0.0,-0.016729,0.0,ohlcv_proxy,,,,
2025-08-06,56300.0,217839.0,0.0,0.0,0.0,0.0,-0.012284,0.0,ohlcv_proxy,,,,
2025-08-07,56700.0,234779.0,0.0,0.0,0.0,0.0,-0.007535,0.0,ohlcv_proxy,,,,
2025-08-08,56800.0,192500.0,0.0,0.0,0.0,0.0,0.003842,0.0,ohlcv_proxy,,,,
2025-08-11,56700.0,205898.0,0.0,0.0,0.0,0.0,0.011187,0.0,ohlcv_proxy,,,,
2025-08-12,56100.0,195380.0,0.0,0.0,0.0,0.0,0.013925,0.0,ohlcv_proxy,,,,
2025-08-13,55900.0,274285.0,0.0,0.0,0.0,0.0,0.012547,0.0,ohlcv_proxy,,,,
2025-08-14,56300.0,205385.0,0.0,0.0,0.0,0.0,0.010775,0.0,ohlcv_proxy,,,,
2025-08-18,56300.0,275560.0,0.0,0.0,0.0,0.0,0.008911,0.0,ohlcv_proxy,,,,
2025-08-19,55300.0,218902.0,0.0,0.0,-0.0,0.0,0.004747,0.0,ohlcv_proxy,,,,
2025-08-20,54300.0,342744.0,0.0,0.0,-0.0,0.0,-0.002307,0.0,ohlcv_proxy,,,,
2025-08-21,54500.0,132105.0,0.0,0.0,-0.0,0.0,-0.003672,0.0,ohlcv_proxy,,,,
2025-08-22,54000.0,159180.0,0.0,0.0,-0.0,0.0,-0.007168,0.0,ohlcv_proxy,,,,
2025-08-25,57200.0,506384.0,0.0,0.0,0.0,0.1,-0.000237,0.0,ohlcv_proxy,,,,
2025-08-26,55500.0,196953.0,0.0,0.0,-0.0,0.1,-0.002849,0.0,ohlcv_proxy,,,,
2025-08-27,54600.0,127307.0,0.0,0.0,-0.0,0.1,0.002008,0.0,ohlcv_proxy,,,,
2025-08-28,54700.0,141905.0,0.0,0.0,-0.0,0.1,0.002539,0.0,ohlcv_proxy,,,,
2025-08-29,53400.0,236864.0,0.0,0.0,-0.0,0.1,0.000232,0.0,ohlcv_proxy,,,,
2025-09-01,52300.0,112981.0,0.0,0.0,-0.0,0.1,-0.026081,0.0,ohlcv_proxy,,,,
2025-09-02,52800.0,101753.0,0.0,0.0,-0.0,0.1,-0.035469,0.0,ohlcv_proxy,,,,
2025-09-03,52700.0,120336.0,0.0,0.0,-0.0,0.1,-0.039578,0.0,ohlcv_proxy,,,,
2025-09-04,52900.0,203188.0,0.0,0.0,-0.0,0.1,-0.043164,0.0,ohlcv_proxy,,,,
2025-09-05,53700.0,193169.0,0.0,0.0,-0.0,0.1,-0.039577,0.0,ohlcv_proxy,,,,
2025-09-08,54000.0,145099.0,0.0,0.0,-0.0,0.0,-0.032157,0.0,ohlcv_proxy,,,,
2025-09-09,54100.0,104138.0,0.0,0.0,-0.0,0.0,-0.027024,0.0,ohlcv_proxy,,,,
2025-09-10,54500.0,135900.0,0.0,0.0,0.0,0.0,-0.020292,0.0,ohlcv_proxy,,,,
2025-09-11,54000.0,215337.0,0.0,0.0,-0.0,0.0,-0.012898,0.0,ohlcv_proxy,,,,
2025-09-12,54200.0,174257.0,0.0,0.0,-0.0,0.0,-0.008744,0.0,ohlcv_proxy,,,,
2025-09-15,53400.0,205556.0,0.0,0.0,-0.0,0.0,-0.008209,0.0,ohlcv_proxy,,,,
2025-09-16,53700.0,243713.0,0.0,0.0,-0.0,0.0,-0.007984,0.0,ohlcv_proxy,,,,
2025-09-17,54200.0,231989.0,0.0,0.0,0.0,0.0,-0.008101,0.0,ohlcv_proxy,,,,
2025-09-18,54900.0,300352.0,0.0,0.0,0.0,0.1,-0.004356,0.0,ohlcv_proxy,,,,
2025-09-19,56200.0,347227.0,0.0,0.0,0.0,0.2,0.00225,0.0,ohlcv_proxy,,,,
2025-09-22,55700.0,188859.0,0.0,0.0,0.0,0.2,0.014238,0.0,ohlcv_proxy,,,,
2025-09-23,54500.0,322701.0,0.0,0.0,-0.0,0.1,0.017085,0.0,ohlcv_proxy,,,,
2025-09-24,55300.0,345574.0,0.0,0.0,0.0,0.2,0.018937,0.0,ohlcv_proxy,,,,
2025-09-25,54900.0,219525.0,0.0,0.0,0.0,0.2,0.019015,0.0,ohlcv_proxy,,,,
2025-09-26,54400.0,385825.0,0.0,0.0,-0.0,0.1,0.009601,0.0,ohlcv_proxy,,,,
2025-09-29,54900.0,143752.0,0.0,0.0,0.0,0.1,0.006299,0.0,ohlcv_proxy,,,,
2025-09-30,55500.0,291498.0,0.0,0.0,0.0,0.1,0.008314,0.0,ohlcv_proxy,,,,
2025-10-01,55300.0,129276.0,0.0,0.0,0.0,0.1,0.005949,0.0,ohlcv_proxy,,,,
2025-10-02,56000.0,260636.0,0.0,0.0,0.0,0.0,0.007409,0.0,ohlcv_proxy,,,,
2025-10-10,57100.0,440983.0,0.0,0.0,0.0,0.0,0.019209,0.0,ohlcv_proxy,,,,
2025-10-13,56300.0,365382.0,0.0,0.0,0.0,0.0,0.020023,0.0,ohlcv_proxy,,,,
2025-10-14,56100.0,267186.0,0.0,0.0,0.0,0.1,0.020936,0.0,ohlcv_proxy,,,,
2025-10-15,58000.0,450291.0,0.0,0.0,0.0,0.1,0.025268,0.0,ohlcv_proxy,,,,
2025-10-16,59200.0,363741.0,0.0,0.0,0.0,0.1,0.030065,0.0,ohlcv_proxy,,,,
2025-10-17,59300.0,404801.0,0.0,0.0,0.0,0.2,0.033449,0.0,ohlcv_proxy,,,,
2025-10-20,59300.0,237614.0,0.0,0.0,0.0,0.2,0.038848,0.0,ohlcv_proxy,,,,
2025-10-21,60000.0,409762.0,0.0,0.0,0.0,0.2,0.044332,0.0,ohlcv_proxy,,,,
2025-10-22,59600.0,454927.0,0.0,0.0,0.0,0.2,0.045556,0.0,ohlcv_proxy,,,,
2025-10-23,60900.0,429560.0,0.0,0.0,0.0,0.2,0.045408,0.0,ohlcv_proxy,,,,
2025-10-24,62300.0,300573.0,0.0,0.0,0.0,0.1,0.049189,0.0,ohlcv_proxy,,,,
2025-10-27,62800.0,249599.0,0.0,0.0,0.0,0.1,0.052607,0.0,ohlcv_proxy,,,,
2025-10-28,61200.0,276288.0,0.0,0.0,0.0,0.1,0.051451,0.0,ohlcv_proxy,,,,
2025-10-29,65900.0,606976.0,0.0,0.0,0.0,0.1,0.068964,0.0,ohlcv_proxy,,,,
2025-10-30,63100.0,568491.0,0.0,0.0,0.0,0.0,0.068691,0.0,ohlcv_proxy,,,,
2025-10-31,60300.0,642082.0,0.0,0.0,0.0,-0.1,0.050414,0.0,ohlcv_proxy,,,,
2025-11-03,61900.0,378729.0,0.0,0.0,0.0,-0.1,0.044619,0.0,ohlcv_proxy,,,,
2025-11-04,61200.0,219293.0,0.0,0.0,0.0,-0.1,0.04153,0.0,ohlcv_proxy,,,,
2025-11-05,59900.0,448152.0,0.0,0.0,-0.0,-0.1,0.016909,0.0,ohlcv_proxy,,,,
2025-11-06,60500.0,304863.0,0.0,0.0,0.0,-0.1,0.003799,0.0,ohlcv_proxy,,,,
2025-11-07,57500.0,301475.0,0.0,0.0,-0.0,-0.1,-0.004734,0.0,ohlcv_proxy,,,,
2025-11-10,58000.0,181070.0,0.0,0.0,-0.0,-0.1,-0.018906,0.0,ohlcv_proxy,,,,
2025-11-11,58600.0,207105.0,0.0,0.0,-0.0,-0.1,-0.027005,0.0,ohlcv_proxy,,,,
2025-11-12,58700.0,123930.0,0.0,0.0,-0.0,-0.2,-0.035204,0.0,ohlcv_proxy,,,,
2025-11-13,58600.0,260713.0,0.0,0.0,-0.0,-0.1,-0.044006,0.0,ohlcv_proxy,,,,
2025-11-14,57200.0,127110.0,0.0,0.0,-0.0,0.0,-0.042871,0.0,ohlcv_proxy,,,,
2025-11-17,56700.0,181800.0,0.0,0.0,-0.0,0.0,-0.046284,0.0,ohlcv_proxy,,,,
2025-11-18,55200.0,137267.0,0.0,0.0,-0.0,0.0,-0.055263,0.0,ohlcv_proxy,,,,
2025-11-19,55400.0,206388.0,0.0,0.0,-0.0,0.0,-0.064201,0.0,ohlcv_proxy,,,,
2025-11-20,56200.0,150991.0,0.0,0.0,-0.0,0.0,-0.073701,0.0,ohlcv_proxy,,,,
2025-11-21,54300.0,218966.0,0.0,0.0,-0.0,0.0,-0.078564,0.0,ohlcv_proxy,,,,
2025-11-24,57300.0,307783.0,0.0,0.0,-0.0,0.0,-0.069025,0.0,ohlcv_proxy,,,,
2025-11-25,55000.0,207572.0,0.0,0.0,-0.0,0.0,-0.066641,0.0,ohlcv_proxy,,,,
2025-11-26,57400.0,202171.0,0.0,0.0,0.0,0.0,-0.047892,0.0,ohlcv_proxy,,,,
2025-11-27,55900.0,136811.0,0.0,0.0,-0.0,0.0,-0.039401,0.0,ohlcv_proxy,,,,
2025-11-28,55200.0,215946.0,0.0,0.0,-0.0,0.0,-0.029146,0.0,ohlcv_proxy,,,,
2025-12-01,56700.0,247115.0,0.0,0.0,-0.0,0.0,-0.025837,0.0,ohlcv_proxy,,,,
2025-12-02,56500.0,157361.0,0.0,0.0,-0.0,0.0,-0.016781,0.0,ohlcv_proxy,,,,
2025-12-03,59300.0,497000.0,0.0,0.0,0.0,0.1,0.001294,0.0,ohlcv_proxy,,,,
2025-12-04,58900.0,213126.0,0.0,0.0,0.0,0.1,0.010842,0.0,ohlcv_proxy,,,,
2025-12-05,59800.0,189471.0,0.0,0.0,0.0,0.1,0.021753,0.0,ohlcv_proxy,,,,
2025-12-08,59200.0,212631.0,0.0,0.0,0.0,0.1,0.028716,0.0,ohlcv_proxy,,,,
2025-12-09,58800.0,168779.0,0.0,0.0,0.0,0.1,0.033695,0.0,ohlcv_proxy,,,,
2025-12-10,58900.0,177467.0,0.0,0.0,0.0,0.1,0.031498,0.0,ohlcv_proxy,,,,
2025-12-11,59500.0,354377.0,0.0,0.0,0.0,0.2,0.032523,0.0,ohlcv_proxy,,,,
2025-12-12,62300.0,456243.0,0.0,0.0,0.0,0.3,0.039959,0.0,ohlcv_proxy,,,,
2025-12-15,61500.0,300027.0,0.0,0.0,0.0,0.3,0.042172,0.0,ohlcv_proxy,,,,
2025-12-16,61300.0,203680.0,0.0,0.0,0.0,0.3,0.043418,0.0,ohlcv_proxy,,,,
2025-12-17,60500.0,202045.0,0.0,0.0,0.0,0.2,0.042639,0.0,ohlcv_proxy,,,,
2025-12-18,59000.0,119340.0,0.0,0.0,-0.0,0.2,0.045364,0.0,ohlcv_proxy,,,,
2025-12-19,59900.0,137821.0,0.0,0.0,0.0,0.2,0.030022,0.0,ohlcv_proxy,,,,
2025-12-22,59600.0,129327.0,0.0,0.0,0.0,0.2,0.019614,0.0,ohlcv_proxy,,,,
2025-12-23,58000.0,172396.0,0.0,0.0,-0.0,0.2,0.003714,0.0,ohlcv_proxy,,,,
2025-12-24,57800.0,105994.0,0.0,0.0,-0.0,0.2,-0.006977,0.0,ohlcv_proxy,,,,
2025-12-26,56500.0,129040.0,0.0,0.0,-0.0,0.1,-0.015402,0.0,ohlcv_proxy,,,,
2025-12-29,58000.0,93055.0,0.0,0.0,-0.0,0.0,-0.024905,0.0,ohlcv_proxy,,,,
2025-12-30,57700.0,129147.0,0.0,0.0,-0.0,0.0,-0.033253,0.0,ohlcv_proxy,,,,
2026-01-02,56800.0,131181.0,0.0,0.0,-0.0,0.0,-0.038686,0.0,ohlcv_proxy,,,,
2026-01-05,59000.0,216981.0,0.0,0.0,0.0,0.0,-0.031202,0.0,ohlcv_proxy,,,,
2026-01-06,60700.0,260221.0,0.0,0.0,0.0,0.0,-0.014298,0.0,ohlcv_proxy,,,,
2026-01-07,59700.0,277149.0,0.0,0.0,0.0,0.0,-0.009081,0.0,ohlcv_proxy,,,,
2026-01-08,57300.0,317550.0,0.0,0.0,-0.0,-0.1,-0.012056,0.0,ohlcv_proxy,,,,
2026-01-09,56700.0,311819.0,0.0,0.0,-0.0,-0.1,-0.013915,0.0,ohlcv_proxy,,,,
2026-01-12,62900.0,782923.0,0.0,0.0,0.0,0.0,0.004696,0.0,ohlcv_proxy,,,,
2026-01-13,61300.0,414091.0,0.0,0.0,0.0,-0.1,0.004758,0.0,ohlcv_proxy,,,,
2026-01-14,60300.0,318518.0,0.0,0.0,0.0,-0.1,0.009331,0.0,ohlcv_proxy,,,,
2026-01-15,62000.0,308240.0,0.0,0.0,0.0,-0.1,0.020287,0.0,ohlcv_proxy,,,,
2026-01-16,61900.0,253153.0,0.0,0.0,0.0,-0.1,0.032181,0.0,ohlcv_proxy,,,,
2026-01-19,61000.0,286055.0,0.0,0.0,0.0,-0.1,0.020702,0.0,ohlcv_proxy,,,,
2026-01-20,60900.0,277628.0,0.0,0.0,0.0,-0.1,0.018163,0.0,ohlcv_proxy,,,,
2026-01-21,59600.0,324467.0,0.0,0.0,-0.0,-0.1,0.015933,0.0,ohlcv_proxy,,,,
2026-01-22,60000.0,334297.0,0.0,0.0,0.0,0.0,0.008565,0.0,ohlcv_proxy,,,,
2026-01-23,61300.0,278331.0,0.0,0.0,0.0,0.0,0.004974,0.0,ohlcv_proxy,,,,
2026-01-26,61300.0,308373.0,0.0,0.0,0.0,-0.1,0.004388,0.0,ohlcv_proxy,,,,
2026-01-27,61100.0,242888.0,0.0,0.0,0.0,0.0,0.002869,0.0,ohlcv_proxy,,,,
2026-01-28,59700.0,354652.0,0.0,0.0,-0.0,0.0,0.003015,0.0,ohlcv_proxy,,,,
2026-01-29,60200.0,359272.0,0.0,0.0,0.0,0.0,0.002915,0.0,ohlcv_proxy,,,,
2026-01-30,58800.0,351648.0,0.0,0.0,-0.0,0.0,-0.005322,0.0,ohlcv_proxy,,,,
2026-02-02,57700.0,435867.0,0.0,0.0,-0.0,0.0,-0.016672,0.0,ohlcv_proxy,,,,
2026-02-03,64900.0,888357.0,0.0,0.0,0.0,0.1,0.005819,0.0,ohlcv_proxy,,,,
2026-02-04,64500.0,498282.0,0.0,0.0,0.0,0.1,0.015264,0.0,ohlcv_proxy,,,,
2026-02-05,61700.0,420925.0,0.0,0.0,0.0,0.1,0.015398,0.0,ohlcv_proxy,,,,
2026-02-06,59500.0,328939.0,0.0,0.0,-0.0,0.1,0.015562,0.0,ohlcv_proxy,,,,
2026-02-09,61200.0,279363.0,0.0,0.0,0.0,0.1,0.029896,0.0,ohlcv_proxy,,,,
2026-02-10,62200.0,311295.0,0.0,0.0,0.0,0.1,0.01256,0.0,ohlcv_proxy,,,,
2026-02-11,64900.0,550004.0,0.0,0.0,0.0,0.1,0.010418,0.0,ohlcv_proxy,,,,
2026-02-12,67000.0,671258.0,0.0,0.0,0.0,0.2,0.028805,0.0,ohlcv_proxy,,,,
2026-02-13,64700.0,365282.0,0.0,0.0,0.0,0.2,0.039553,0.0,ohlcv_proxy,,,,
2026-02-19,64300.0,610878.0,0.0,0.0,0.0,0.2,0.041026,0.0,ohlcv_proxy,,,,
2026-02-20,65500.0,411584.0,0.0,0.0,0.0,0.1,0.044271,0.0,ohlcv_proxy,,,,
2026-02-23,65400.0,590423.0,553.0,-108377.0,-0.1835582285920433,0.0009366166290947,-0.1267,0.0,,37.33,,,
2026-02-24,65400.0,556658.0,25510.0,-125138.0,-0.2248023023112934,0.045827060780587,-0.1282,0.0,,37.18,,,
2026-02-25,64800.0,556788.0,45904.0,-88500.0,-0.1589473911075669,0.0824443055525622,-0.1290999999999999,0.0,,37.09,,,
2026-02-26,64200.0,642489.0,-67694.0,33095.0,0.0515106095201629,-0.1053621151490531,-0.13,0.0,,37.0,,,
2026-02-27,65000.0,6375930.0,-41451.0,-130745.0,-0.0205060281402085,-0.006501169241193,-0.1314999999999999,0.0,,36.85,,,
2026-03-03,64900.0,796645.0,-25411.0,96674.0,0.1213514175071707,-0.0318975202254454,-0.1307,0.0,,36.93,,,
2026-03-04,53100.0,826949.0,-98505.0,103190.0,0.1247839951435941,-0.1191185913520664,-0.1301,0.224,,36.99,,,
2026-03-05,57200.0,718457.0,-36332.0,-17822.0,-0.0248059382816229,-0.0505694843254363,-0.131,0.0,,36.9,,,
2026-03-06,59400.0,443668.0,-46463.0,99149.0,0.2234756619814816,-0.1047247040579893,-0.1286,0.0,,37.14,,,
2026-03-09,56700.0,460817.0,-64160.0,80728.0,0.1751845092520458,-0.1392309745517201,-0.1278999999999999,0.355,,37.21,,,
2026-03-10,59700.0,398413.0,-37036.0,7019.0,0.0176173970226875,-0.0929588140949216,-0.1279999999999999,0.0,,37.2,,,
2026-03-11,60900.0,341194.0,-791.0,68702.0,0.2013575854206111,-0.0023183291617085,-0.1271999999999999,0.0,,37.28,,,
2026-03-12,60700.0,277496.0,-43934.0,20423.0,0.0735974572606452,-0.1583230028540952,-0.127,0.0,,37.3,,,
2026-03-13,60400.0,313065.0,-26567.0,-3707.0,-0.0118409914873907,-0.0848609713637743,-0.1268999999999999,0.0,,37.31,,,
2026-03-16,57700.0,489553.0,-130544.0,6786.0,0.0138616247883273,-0.2666595853768642,-0.1271,0.672,,37.29,,,
2026-03-17,59000.0,251398.0,-7126.0,53431.0,0.2125355014757476,-0.0283454920086874,-0.1264999999999999,0.0,,37.35,,,
2026-03-18,61000.0,197895.0,43131.0,3074.0,0.0155334899820611,0.2179489123019783,-0.1263,0.0,,37.37,,,
2026-03-19,61800.0,408573.0,-31367.0,111369.0,0.2725804201452372,-0.0767720823451378,-0.125,0.0,,37.5,,,
2026-03-20,63100.0,417794.0,-3162.0,61113.0,0.1462754371771734,-0.0075683231448991,-0.1245,0.0,,37.55,,,
2026-03-23,59600.0,409027.0,-61569.0,62230.0,0.1521415456681343,-0.1505255154305217,-0.1239999999999999,0.607,,37.6,,,
2026-03-24,60000.0,304827.0,2082.0,-14839.0,-0.0486800709910867,0.0068301036325522,-0.1243999999999999,0.0,,37.56,,,
2026-03-25,61700.0,361219.0,45702.0,-26811.0,-0.0742236704049344,0.1265215838590993,-0.1246999999999999,0.0,,37.53,,,
2026-03-26,60500.0,232985.0,-12350.0,26081.0,0.1119428289374852,-0.0530077043586496,-0.1243999999999999,0.338,,37.56,,,
2026-03-27,59600.0,208806.0,-884.0,-30822.0,-0.1476107008419298,-0.0042335948200722,-0.1247999999999999,0.344,,37.52,,,
2026-03-30,58200.0,212030.0,-4422.0,-11591.0,-0.0546667924350327,-0.0208555393104749,-0.1252,0.402,,37.48,,,
2026-03-31,56900.0,349757.0,-16931.0,188.0,0.0005375160468553,-0.0484078946239817,-0.1252,0.64,,37.48,,,
2026-04-01,62600.0,404808.0,77282.0,77957.0,0.1925777158554178,0.1909102586905397,-0.1240999999999999,0.0,,37.59,,,
2026-04-02,60000.0,320693.0,-28295.0,78202.0,0.2438531555100984,-0.0882308001733745,-0.1231,0.536,,37.69,,,
2026-04-03,60600.0,136470.0,-1204.0,-9313.0,-0.0682421044918297,-0.008822451820913,-0.1232,0.0,,37.68,,,
2026-04-06,60900.0,117481.0,9917.0,-10979.0,-0.0934534094874915,0.0844136498667869,-0.1234,0.0,,37.66,,,
2026-04-07,61800.0,229345.0,-18768.0,47186.0,0.2057424404281758,-0.0818330462839826,-0.1229,0.0,,37.71,,,
2026-04-08,66200.0,424317.0,42616.0,74392.0,0.1753217523691014,0.1004343450769118,-0.1221,0.0,,37.79,,,
2026-04-09,67400.0,568116.0,-41982.0,141206.0,0.2485513521886375,-0.073896880214604,-0.1204,0.0,,37.96,,,
2026-04-10,69500.0,406633.0,33430.0,41247.0,0.1014354467050141,0.0822117240853546,-0.1196999999999999,0.0,,38.03,,,
2026-04-13,68200.0,258088.0,-30345.0,17757.0,0.0688021140076253,-0.1175761755680233,-0.1195,0.342,,38.05,,,
2026-04-14,68800.0,226274.0,36695.0,-34479.0,-0.1523772063957856,0.1621706426721585,-0.1200999999999999,0.0,,37.99,,,
2026-04-15,68900.0,279025.0,48526.0,-59155.0,-0.2120060926440283,0.173912731834065,-0.1207999999999999,0.0,,37.92,,,
2026-04-16,70600.0,275411.0,36998.0,22427.0,0.0814310249045971,0.1343374084549999,-0.1204999999999999,0.0,,37.95,,,
2026-04-17,71400.0,262274.0,-6154.0,27528.0,0.1049589360744869,-0.0234640109198776,-0.1209,0.0,,37.91,,,
2026-04-20,71000.0,224293.0,31801.0,-2879.0,-0.0128358887704921,0.141783292389865,-0.1207999999999999,0.0,,37.92,,,
2026-04-21,71800.0,301658.0,1779.0,-12985.0,-0.0430454355594746,0.0058974069973281,-0.1209,0.0,,37.91,,,
2026-04-22,72900.0,438985.0,-18639.0,77688.0,0.1769718783101928,-0.0424593095436062,-0.12,0.0,,38.0,,,
2026-04-23,73800.0,359265.0,-34776.0,22082.0,0.0614643786619904,-0.0967976284915034,-0.1199,0.0,,38.01,,,
2026-04-24,76000.0,359957.0,92475.0,-83853.0,-0.2329528249207544,0.2569056859569337,-0.1207,0.0,,37.93,,,
2026-04-27,76500.0,321010.0,79198.0,-71463.0,-0.2226192330456995,0.2467150556057443,-0.1214999999999999,0.0,,37.85,,,
2026-04-28,76500.0,416394.0,-59001.0,-12478.0,-0.0299668102806476,-0.1416951252899897,-0.1217999999999999,0.0,,37.82,,,
2026-04-29,74500.0,505333.0,-34879.0,-56883.0,-0.1125653776816475,-0.069021813338927,-0.1225,0.644,,37.75,,,
2026-04-30,72000.0,441090.0,0.0,-34890.79860689781,-0.0791013140331855,0.0,-0.5,0.54,parquet_proxy,0.0,,,
2026-05-04,74000.0,247388.0,0.0,-88936.39687968456,-0.3595016608715239,0.0,-0.5,0.0,parquet_proxy,0.0,,,
2026-05-06,72600.0,283192.0,0.0,71409.39745019138,0.2521589502888195,0.0,-0.5,0.374,parquet_proxy,0.0,,,
2026-05-07,76700.0,451342.0,0.0,76856.01685901644,0.170283325857147,0.0,-0.5,0.0,parquet_proxy,0.0,,,
2026-05-08,74900.0,212418.0,0.0,74468.32705771571,0.3505744666540298,0.0,-0.5,0.324,parquet_proxy,0.0,,,
2026-05-11,73200.0,198828.0,0.0,56947.86212718064,0.2864177184661146,0.0,-0.5,0.357,parquet_proxy,0.0,,,
2026-05-12,71800.0,340653.0,0.0,-49692.43235046588,-0.1458740488135019,0.0,-0.5,0.573,parquet_proxy,0.0,,,
2026-05-13,70300.0,219157.0,0.0,50323.13406022785,0.2296213858568416,0.0,-0.5,0.385,parquet_proxy,0.0,,,
2026-05-14,71500.0,337176.0,0.0,97332.7682307114,0.2886705110408552,0.0,-0.5,0.0,parquet_proxy,0.0,,,
2026-05-15,69700.0,460501.0,0.0,-220791.57573498937,-0.4794594924549336,0.0,-0.5,0.74,parquet_proxy,0.0,,,
2026-05-18,67700.0,262956.0,0.0,49601.201540566355,0.1886292822394862,0.0,-0.5,0.406,parquet_proxy,0.0,,,
2026-05-19,67200.0,320320.0,0.0,-298.2774934223102,-0.0009311859809637,0.0,-0.5,0.0,parquet_proxy,0.0,,,
2026-05-20,64100.0,271852.0,0.0,48282.038921711865,0.1776041335789763,0.0,-0.5,0.411,parquet_proxy,0.0,,,
2026-05-21,67000.0,245276.0,0.0,0.0,-0.0,0.0,-0.068971,0.0,ohlcv_proxy,,,,
2026-05-22,68800.0,147585.0,0.0,0.0,-0.0,0.0,-0.076758,0.0,ohlcv_proxy,,,,
2026-05-26,68000.0,165153.0,0.0,0.0,-0.0,0.0,-0.074683,0.0,ohlcv_proxy,,,,
2026-05-27,68100.0,367360.0,0.0,0.0,-0.0,0.0,-0.064611,0.0,ohlcv_proxy,,,,
2026-05-28,66800.0,348207.0,0.0,0.0,-0.0,0.0,-0.049875,0.0,ohlcv_proxy,,,,
2026-05-29,64700.0,508879.0,0.0,0.0,-0.0,-0.1,-0.050416,0.0,ohlcv_proxy,,,,
2026-06-01,66000.0,433566.0,0.0,0.0,-0.0,-0.1,-0.046647,0.0,ohlcv_proxy,,,,
2026-06-02,65200.0,319039.0,0.0,0.0,-0.0,-0.1,-0.045858,0.0,ohlcv_proxy,,,,
2026-06-04,68400.0,376536.0,0.0,0.0,0.0,-0.1,-0.041602,0.0,ohlcv_proxy,,,,
2026-06-05,65800.0,249270.0,0.0,0.0,-0.0,-0.1,-0.039969,0.0,ohlcv_proxy,,,,
2026-06-08,61100.0,265960.0,0.0,0.0,-0.0,-0.1,-0.032621,0.0,ohlcv_proxy,,,,
2026-06-09,63400.0,274377.0,0.0,0.0,-0.0,-0.1,-0.034057,0.0,ohlcv_proxy,,,,
2026-06-10,63300.0,273098.0,0.0,0.0,-0.0,-0.1,-0.034226,0.0,ohlcv_proxy,,,,
2026-06-11,64400.0,515237.0,0.0,0.0,-0.0,0.0,-0.042168,0.0,ohlcv_proxy,,,,
2026-06-12,64700.0,388014.0,0.0,0.0,-0.0,0.0,-0.039969,0.0,ohlcv_proxy,,,,
2026-06-15,68300.0,224800.0,0.0,0.0,0.0,0.1,-0.02145,0.0,ohlcv_proxy,,,,
2026-06-16,69100.0,324341.0,0.0,0.0,0.0,0.1,-0.004127,0.0,ohlcv_proxy,,,,
2026-06-17,66000.0,240201.0,0.0,0.0,-0.0,0.1,0.003474,0.0,ohlcv_proxy,,,,
2026-06-18,65900.0,288635.0,0.0,0.0,-0.0,0.1,0.013008,0.0,ohlcv_proxy,,,,
2026-06-19,65300.0,469456.0,0.0,0.0,-0.0,0.1,0.013658,0.0,ohlcv_proxy,,,,
2026-06-22,64600.0,226268.0,0.0,0.0,-0.0,0.1,0.006821,0.0,ohlcv_proxy,,,,
2026-06-23,62500.0,273850.0,0.0,0.0,-0.0,0.1,-0.009906,0.0,ohlcv_proxy,,,,
2026-06-24,61700.0,372973.0,0.0,0.0,-0.0,0.1,-0.019461,0.0,ohlcv_proxy,,,,
2026-06-25,60100.0,333322.0,0.0,0.0,-0.0,0.0,-0.030243,0.0,ohlcv_proxy,,,,
2026-06-26,60100.0,256817.0,0.0,0.0,-0.0,0.0,-0.04544,0.0,ohlcv_proxy,,,,
2026-06-29,63000.0,253607.0,0.0,0.0,-0.0,0.0,-0.047752,0.0,ohlcv_proxy,,,,
2026-06-30,61700.0,314962.0,0.0,0.0,-0.0,0.0,-0.046233,0.0,ohlcv_proxy,,,,
2026-07-01,63700.0,203989.0,0.0,0.0,-0.0,0.0,-0.041344,0.0,ohlcv_proxy,,,,
2026-07-02,63600.0,173902.0,0.0,0.0,-0.0,0.0,-0.026161,0.0,ohlcv_proxy,,,,
2026-07-03,64400.0,212991.0,0.0,0.0,0.0,0.0,-0.011571,0.0,ohlcv_proxy,,,,
2026-07-06,65000.0,198405.0,0.0,0.0,0.0,0.0,-0.008413,0.0,ohlcv_proxy,,,,
2026-07-07,64800.0,225571.0,0.0,0.0,0.0,0.0,0.003861,0.0,ohlcv_proxy,,,,
2026-07-08,61400.0,243009.0,0.0,0.0,-0.0,0.0,-0.003591,0.0,ohlcv_proxy,,,,
2026-07-09,60100.0,299733.0,0.0,0.0,-0.0,0.0,-0.013944,0.0,ohlcv_proxy,,,,
2026-07-10,62900.0,123145.0,0.0,0.0,-0.0,0.0,-0.017203,0.0,ohlcv_proxy,,,,
2026-07-13,61600.0,142894.0,0.0,0.0,-0.0,0.0,-0.022664,0.0,ohlcv_proxy,,,,
2026-07-14,63200.0,269738.0,0.0,0.0,-0.0,0.0,-0.021418,0.0,ohlcv_proxy,,,,
2026-07-15,63100.0,173175.0,0.0,0.0,-0.0,0.0,-0.014306,0.0,ohlcv_proxy,,,,
2026-07-16,64300.0,226072.0,0.0,0.0,0.0,0.0,0.005977,0.0,ohlcv_proxy,,,,
2026-07-20,59800.0,104452.0,0.0,0.0,-0.0,0.0,0.005594,0.0,ohlcv_proxy,,,,
2026-07-21,60700.0,121959.0,0.0,0.0,-0.0,0.0,0.006573,0.0,ohlcv_proxy,,,,
2026-07-22,63700.0,147948.0,0.0,0.0,0.0,0.0,0.006334,0.0,ohlcv_proxy,,,,
2026-07-23,69300.0,237176.0,0.0,0.0,0.0,0.0,0.027622,0.0,ohlcv_proxy,,,,
